1	1	1	1	0.03		300	0	0	-5e-05	1.67697e-05	1.67697e-05	0	0	0	-0.636483	-5.24928e-17	-2.98464e-17	0	0	0	1.59121e-05	-4.91662	0	4.91663		300	0.117647	0	0	0	0	0	0	0.117647	0	-0.426642	-237.002	0	213.464	213.464	-2.13163e-14	12.4428	0	0	0	0	0	0	0	0	0	0	0	0	0	0	0	0	0	0	0	0	0	0	0	0	0	0	0	0	0	0	0	0	0	
1	1	1	2	0.06		300	0	0	-0.0001	3.35395e-05	3.35395e-05	0	0	0	-1.27297	-1.04986e-16	-5.96928e-17	0	0	0	6.36483e-05	-4.91657	0	4.91663		300	0.117647	0	0	0	0	0	0	0.117647	0	-0.426642	-237.002	0	213.464	213.464	-2.13163e-14	12.4428	0	0	0	0	0	0	0	0	0	0	0	0	0	0	0	0	0	0	0	0	0	0	0	0	0	0	0	0	0	0	0	0	0	
1	1	1	3	0.09		300	0	0	-0.00015	5.03092e-05	5.03092e-05	0	0	0	-1.90945	-2.63352e-16	-2.46382e-16	0	0	0	0.000143209	-4.91649	0	4.91663		300	0.117647	0	0	0	0	0	0	0.117647	0	-0.426642	-237.002	0	213.464	213.464	-2.13163e-14	12.4428	0	0	0	0	0	0	0	0	0	0	0	0	0	0	0	0	0	0	0	0	0	0	0	0	0	0	0	0	0	0	0	0	0	
1	1	1	4	0.12		300	0	0	-0.0002	6.70789e-05	6.70789e-05	0	0	0	-2.54593	-2.09971e-16	-1.19386e-16	0	0	0	0.000254593	-4.91638	0	4.91663		300	0.117647	0	0	0	0	0	0	0.117647	0	-0.426642	-237.002	0	213.464	213.464	-2.13163e-14	12.4428	0	0	0	0	0	0	0	0	0	0	0	0	0	0	0	0	0	0	0	0	0	0	0	0	0	0	0	0	0	0	0	0	0	
1	1	1	5	0.15		300	0	0	-0.00025	8.38487e-05	8.38487e-05	0	0	0	-3.18241	-3.78635e-16	-3.25456e-16	0	0	0	0.000397802	-4.91623	0	4.91663		300	0.117647	0	0	0	0	0	0	0.117647	0	-0.426642	-237.002	0	213.464	213.464	-2.13163e-14	12.4428	0	0	0	0	0	0	0	0	0	0	0	0	0	0	0	0	0	0	0	0	0	0	0	0	0	0	0	0	0	0	0	0	0	
1	1	1	6	0.18		300	0	0	-0.0003	0.000100618	0.000100618	0	0	0	-3.8189	-9.91388e-16	-9.75615e-16	0	0	0	0.000572834	-4.91606	0	4.91663		300	0.117647	0	0	0	0	0	0	0.117647	0	-0.426642	-237.002	0	213.464	213.464	-2.13163e-14	12.4428	0	0	0	0	0	0	0	0	0	0	0	0	0	0	0	0	0	0	0	0	0	0	0	0	0	0	0	0	0	0	0	0	0	
1	1	1	7	0.21		300	0	0	-0.00035	0.000117388	0.000117388	0	0	0	-4.45538	-1.04903e-15	-9.59641e-16	0	0	0	0.000779691	-4.91585	0	4.91663		300	0.117647	0	0	0	0	0	0	0.117647	0	-0.426642	-237.002	0	213.464	213.464	-2.13163e-14	12.4428	0	0	0	0	0	0	0	0	0	0	0	0	0	0	0	0	0	0	0	0	0	0	0	0	0	0	0	0	0	0	0	0	0	
1	1	1	8	0.24		300	0	0	-0.0004	0.000134158	0.000134158	0	0	0	-5.09186	-1.30812e-15	-1.12695e-15	0	0	0	0.00101837	-4.91561	0	4.91663		300	0.117647	0	0	0	0	0	0	0.117647	0	-0.426642	-237.002	0	213.464	213.464	-2.13163e-14	12.4428	0	0	0	0	0	0	0	0	0	0	0	0	0	0	0	0	0	0	0	0	0	0	0	0	0	0	0	0	0	0	0	0	0	
1	1	1	9	0.27		300	0	0	-0.00045	0.000150928	0.000150928	0	0	0	-5.72834	-1.47678e-15	-1.55506e-15	0	0	0	0.00128888	-4.91534	0	4.91663		300	0.117647	0	0	0	0	0	0	0.117647	0	-0.426642	-237.002	0	213.464	213.464	-2.13163e-14	12.4428	0	0	0	0	0	0	0	0	0	0	0	0	0	0	0	0	0	0	0	0	0	0	0	0	0	0	0	0	0	0	0	0	0	
1	1	1	10	0.3		300	0	0	-0.0005	0.000167697	0.000167697	0	0	0	-6.36483	-1.64545e-15	-1.53909e-15	0	0	0	0.00159121	-4.91504	0	4.91663		300	0.117647	0	0	0	0	0	0	0.117647	0	-0.426642	-237.002	0	213.464	213.464	-2.13163e-14	12.4428	0	0	0	0	0	0	0	0	0	0	0	0	0	0	0	0	0	0	0	0	0	0	0	0	0	0	0	0	0	0	0	0	0	
1	1	1	11	0.33		300	0	0	-0.00055	0.000184467	0.000184467	0	0	0	-7.00131	-2.70229e-15	-2.85538e-15	0	0	0	0.00192536	-4.91471	0	4.91663		300	0.117647	0	0	0	0	0	0	0.117647	0	-0.426642	-237.002	0	213.464	213.464	-2.13163e-14	12.4428	0	0	0	0	0	0	0	0	0	0	0	0	0	0	0	0	0	0	0	0	0	0	0	0	0	0	0	0	0	0	0	0	0	
1	1	1	12	0.36		300	0	0	-0.0006	0.000201237	0.000201237	0	0	0	-7.63779	-2.87095e-15	-2.83941e-15	0	0	0	0.00229134	-4.91434	0	4.91663		300	0.117647	0	0	0	0	0	0	0.117647	0	-0.426642	-237.002	0	213.464	213.464	-2.13163e-14	12.4428	0	0	0	0	0	0	0	0	0	0	0	0	0	0	0	0	0	0	0	0	0	0	0	0	0	0	0	0	0	0	0	0	0	
1	1	1	13	0.39		300	0	0	-0.00065	0.000218007	0.000218007	0	0	0	-8.27428	-2.81757e-15	-2.82343e-15	0	0	0	0.00268914	-4.91394	0	4.91663		300	0.117647	0	0	0	0	0	0	0.117647	0	-0.426642	-237.002	0	213.464	213.464	-2.13163e-14	12.4428	0	0	0	0	0	0	0	0	0	0	0	0	0	0	0	0	0	0	0	0	0	0	0	0	0	0	0	0	0	0	0	0	0	
1	1	1	14	0.42		300	0	0	-0.0007	0.000234776	0.000234776	0	0	0	-8.91076	-2.98624e-15	-2.80746e-15	0	0	0	0.00311877	-4.91351	0	4.91663		300	0.117647	0	0	0	0	0	0	0.117647	0	-0.426642	-237.002	0	213.464	213.464	-2.13163e-14	12.4428	0	0	0	0	0	0	0	0	0	0	0	0	0	0	0	0	0	0	0	0	0	0	0	0	0	0	0	0	0	0	0	0	0	
1	1	1	15	0.45		300	0	0	-0.00075	0.000251546	0.000251546	0	0	0	-9.54724	-4.04308e-15	-4.56784e-15	0	0	0	0.00358022	-4.91305	0	4.91663		300	0.117647	0	0	0	0	0	0	0.117647	0	-0.426642	-237.002	0	213.464	213.464	-2.13163e-14	12.4428	0	0	0	0	0	0	0	0	0	0	0	0	0	0	0	0	0	0	0	0	0	0	0	0	0	0	0	0	0	0	0	0	0	
1	1	1	16	0.48		300	0	0	-0.0008	0.000268316	0.000268316	0	0	0	-10.1837	-3.50442e-15	-3.14208e-15	0	0	0	0.00407349	-4.91256	0	4.91663		300	0.117647	0	0	0	0	0	0	0.117647	0	-0.426642	-237.002	0	213.464	213.464	-2.13163e-14	12.4428	0	0	0	0	0	0	0	0	0	0	0	0	0	0	0	0	0	0	0	0	0	0	0	0	0	0	0	0	0	0	0	0	0	
1	1	1	17	0.51		300	0	0	-0.00085	0.000285085	0.000285085	0	0	0	-10.8202	-3.85394e-15	-3.49267e-15	0	0	0	0.00459859	-4.91203	0	4.91663		300	0.117647	0	0	0	0	0	0	0.117647	0	-0.426642	-237.002	0	213.464	213.464	-2.13163e-14	12.4428	0	0	0	0	0	0	0	0	0	0	0	0	0	0	0	0	0	0	0	0	0	0	0	0	0	0	0	0	0	0	0	0	0	
1	1	1	18	0.54		300	0	0	-0.0009	0.000301855	0.000301855	0	0	0	-11.4567	-3.31528e-15	-2.95508e-15	0	0	0	0.00515551	-4.91148	0	4.91663		300	0.117647	0	0	0	0	0	0	0.117647	0	-0.426642	-237.002	0	213.464	213.464	-2.13163e-14	12.4428	0	0	0	0	0	0	0	0	0	0	0	0	0	0	0	0	0	0	0	0	0	0	0	0	0	0	0	0	0	0	0	0	0	
1	1	1	19	0.57		300	0	0	-0.00095	0.000318625	0.000318625	0	0	0	-12.0932	-2.33253e-15	-2.4175e-15	0	0	0	0.00574426	-4.91089	0	4.91663		300	0.117647	0	0	0	0	0	0	0.117647	0	-0.426642	-237.002	0	213.464	213.464	-2.13163e-14	12.4428	0	0	0	0	0	0	0	0	0	0	0	0	0	0	0	0	0	0	0	0	0	0	0	0	0	0	0	0	0	0	0	0	0	
1	1	1	20	0.6		300	0	0	-0.001	0.000335395	0.000335395	0	0	0	-12.7297	-1.75196e-17	-1.03555e-16	0	0	0	0.00636483	-4.91027	0	4.91663		300	0.117647	0	0	0	0	0	0	0.117647	0	-0.426642	-237.002	0	213.464	213.464	-2.13163e-14	12.4428	0	0	0	0	0	0	0	0	0	0	0	0	0	0	0	0	0	0	0	0	0	0	0	0	0	0	0	0	0	0	0	0	0	
1	1	1	21	0.63		300	0	0	-0.00105	0.000352164	0.000352164	0	0	0	-13.3661	5.21139e-16	4.34031e-16	0	0	0	0.00701722	-4.90961	0	4.91663		300	0.117647	0	0	0	0	0	0	0.117647	0	-0.426642	-237.002	0	213.464	213.464	-2.13163e-14	12.4428	0	0	0	0	0	0	0	0	0	0	0	0	0	0	0	0	0	0	0	0	0	0	0	0	0	0	0	0	0	0	0	0	0	
1	1	1	22	0.66		300	0	0	-0.0011	0.000368934	0.000368934	0	0	0	-14.0026	2.83615e-15	2.74797e-15	0	0	0	0.00770144	-4.90893	0	4.91663		300	0.117647	0	0	0	0	0	0	0.117647	0	-0.426642	-237.002	0	213.464	213.464	-2.13163e-14	12.4428	0	0	0	0	0	0	0	0	0	0	0	0	0	0	0	0	0	0	0	0	0	0	0	0	0	0	0	0	0	0	0	0	0	
1	1	1	23	0.69		300	0	0	-0.00115	0.000385704	0.000385704	0	0	0	-14.6391	3.37481e-15	3.28556e-15	0	0	0	0.00841748	-4.90821	0	4.91663		300	0.117647	0	0	0	0	0	0	0.117647	0	-0.426642	-237.002	0	213.464	213.464	-2.13163e-14	12.4428	0	0	0	0	0	0	0	0	0	0	0	0	0	0	0	0	0	0	0	0	0	0	0	0	0	0	0	0	0	0	0	0	0	
1	1	1	24	0.72		300	0	0	-0.0012	0.000402474	0.000402474	0	0	0	-15.2756	6.13392e-15	5.5995e-15	0	0	0	0.00916535	-4.90747	0	4.91663		300	0.117647	0	0	0	0	0	0	0.117647	0	-0.426642	-237.002	0	213.464	213.464	-2.13163e-14	12.4428	0	0	0	0	0	0	0	0	0	0	0	0	0	0	0	0	0	0	0	0	0	0	0	0	0	0	0	0	0	0	0	0	0	
1	1	1	25	0.75		300	0	0	-0.00125	0.000419243	0.000419243	0	0	0	-15.9121	6.67257e-15	6.13709e-15	0	0	0	0.00994504	-4.90669	0	4.91663		300	0.117647	0	0	0	0	0	0	0.117647	0	-0.426642	-237.002	0	213.464	213.464	-2.13163e-14	12.4428	0	0	0	0	0	0	0	0	0	0	0	0	0	0	0	0	0	0	0	0	0	0	0	0	0	0	0	0	0	0	0	0	0	
1	1	1	26	0.78		300	0	0	-0.0013	0.000436013	0.000436013	0	0	0	-16.5486	7.65532e-15	6.67467e-15	0	0	0	0.0107566	-4.90588	0	4.91663		300	0.117647	0	0	0	0	0	0	0.117647	0	-0.426642	-237.002	0	213.464	213.464	-2.13163e-14	12.4428	0	0	0	0	0	0	0	0	0	0	0	0	0	0	0	0	0	0	0	0	0	0	0	0	0	0	0	0	0	0	0	0	0	
1	1	1	27	0.81		300	0	0	-0.00135	0.000452783	0.000452783	0	0	0	-17.185	9.52625e-15	8.98862e-15	0	0	0	0.0115999	-4.90503	0	4.91663		300	0.117647	0	0	0	0	0	0	0.117647	0	-0.426642	-237.002	0	213.464	213.464	-2.13163e-14	12.4428	0	0	0	0	0	0	0	0	0	0	0	0	0	0	0	0	0	0	0	0	0	0	0	0	0	0	0	0	0	0	0	0	0	
1	1	1	28	0.84		300	0	0	-0.0014	0.000469553	0.000469553	0	0	0	-17.8215	1.0509e-14	9.5262e-15	0	0	0	0.0124751	-4.90416	0	4.91663		300	0.117647	0	0	0	0	0	0	0.117647	0	-0.426642	-237.002	0	213.464	213.464	-2.13163e-14	12.4428	0	0	0	0	0	0	0	0	0	0	0	0	0	0	0	0	0	0	0	0	0	0	0	0	0	0	0	0	0	0	0	0	0	
1	1	1	29	0.87		300	0	0	-0.00145	0.000486322	0.000486322	0	0	0	-18.458	1.23799e-14	1.18401e-14	0	0	0	0.013382	-4.90325	0	4.91663		300	0.117647	0	0	0	0	0	0	0.117647	0	-0.426642	-237.002	0	213.464	213.464	-2.13163e-14	12.4428	0	0	0	0	0	0	0	0	0	0	0	0	0	0	0	0	0	0	0	0	0	0	0	0	0	0	0	0	0	0	0	0	0	
1	1	1	30	0.9		300	0	0	-0.0015	0.000503092	0.000503092	0	0	0	-19.0945	1.1948e-14	1.13345e-14	0	0	0	0.0143209	-4.90231	0	4.91663		300	0.117647	0	0	0	0	0	0	0.117647	0	-0.426642	-237.002	0	213.464	213.464	-2.13163e-14	12.4428	0	0	0	0	0	0	0	0	0	0	0	0	0	0	0	0	0	0	0	0	0	0	0	0	0	0	0	0	0	0	0	0	0	
1	1	1	31	0.93		300	0	0	-0.00155	0.000519862	0.000519862	0	0	0	-19.731	1.3819e-14	1.36485e-14	0	0	0	0.0152915	-4.90134	0	4.91663		300	0.117647	0	0	0	0	0	0	0.117647	0	-0.426642	-237.002	0	213.464	213.464	-2.13163e-14	12.4428	0	0	0	0	0	0	0	0	0	0	0	0	0	0	0	0	0	0	0	0	0	0	0	0	0	0	0	0	0	0	0	0	0	
1	1	1	32	0.96		300	0	0	-0.0016	0.000536632	0.000536632	0	0	0	-20.3674	1.48017e-14	1.4186e-14	0	0	0	0.016294	-4.90034	0	4.91663		300	0.117647	0	0	0	0	0	0	0.117647	0	-0.426642	-237.002	0	213.464	213.464	-2.13163e-14	12.4428	0	0	0	0	0	0	0	0	0	0	0	0	0	0	0	0	0	0	0	0	0	0	0	0	0	0	0	0	0	0	0	0	0	
1	1	1	33	0.99		300	0	0	-0.00165	0.000553401	0.000553401	0	0	0	-21.0039	1.75608e-14	1.65e-14	0	0	0	0.0173282	-4.8993	0	4.91663		300	0.117647	0	0	0	0	0	0	0.117647	0	-0.426642	-237.002	0	213.464	213.464	-2.13163e-14	12.4428	0	0	0	0	0	0	0	0	0	0	0	0	0	0	0	0	0	0	0	0	0	0	0	0	0	0	0	0	0	0	0	0	0	
1	1	1	34	1.02		300	0	0	-0.0017	0.000570171	0.000570171	0	0	0	-21.6404	1.94317e-14	1.88139e-14	0	0	0	0.0183944	-4.89824	0	4.91663		300	0.117647	0	0	0	0	0	0	0.117647	0	-0.426642	-237.002	0	213.464	213.464	-2.13163e-14	12.4428	0	0	0	0	0	0	0	0	0	0	0	0	0	0	0	0	0	0	0	0	0	0	0	0	0	0	0	0	0	0	0	0	0	
1	1	1	35	1.05		300	0	0	-0.00175	0.000586941	0.000586941	0	0	0	-22.2769	1.86381e-14	1.75752e-14	0	0	0	0.0194923	-4.89714	0	4.91663		300	0.117647	0	0	0	0	0	0	0.117647	0	-0.426642	-237.002	0	213.464	213.464	-2.13163e-14	12.4428	0	0	0	0	0	0	0	0	0	0	0	0	0	0	0	0	0	0	0	0	0	0	0	0	0	0	0	0	0	0	0	0	0	
1	1	1	36	1.08		300	0	0	-0.0018	0.00060371	0.00060371	0	0	0	-22.9134	2.0509e-14	2.16655e-14	0	0	0	0.020622	-4.89601	0	4.91663		300	0.117647	0	0	0	0	0	0	0.117647	0	-0.426642	-237.002	0	213.464	213.464	-2.13163e-14	12.4428	0	0	0	0	0	0	0	0	0	0	0	0	0	0	0	0	0	0	0	0	0	0	0	0	0	0	0	0	0	0	0	0	0	
1	1	1	37	1.11		300	0	0	-0.00185	0.00062048	0.00062048	0	0	0	-23.5499	2.32681e-14	2.39794e-14	0	0	0	0.0217836	-4.89485	0	4.91663		300	0.117647	0	0	0	0	0	0	0.117647	0	-0.426642	-237.002	0	213.464	213.464	-2.13163e-14	12.4428	0	0	0	0	0	0	0	0	0	0	0	0	0	0	0	0	0	0	0	0	0	0	0	0	0	0	0	0	0	0	0	0	0	
1	1	1	38	1.14		300	0	0	-0.0019	0.00063725	0.00063725	0	0	0	-24.1863	2.60273e-14	2.62933e-14	0	0	0	0.022977	-4.89366	0	4.91663		300	0.117647	0	0	0	0	0	0	0.117647	0	-0.426642	-237.002	0	213.464	213.464	-2.13163e-14	12.4428	0	0	0	0	0	0	0	0	0	0	0	0	0	0	0	0	0	0	0	0	0	0	0	0	0	0	0	0	0	0	0	0	0	
1	1	1	39	1.17		300	0	0	-0.00195	0.00065402	0.00065402	0	0	0	-24.8228	2.43455e-14	2.50546e-14	0	0	0	0.0242023	-4.89243	0	4.91663		300	0.117647	0	0	0	0	0	0	0.117647	0	-0.426642	-237.002	0	213.464	213.464	-2.13163e-14	12.4428	0	0	0	0	0	0	0	0	0	0	0	0	0	0	0	0	0	0	0	0	0	0	0	0	0	0	0	0	0	0	0	0	0	
1	1	1	40	1.2		300	0	0	-0.002	0.000670789	0.000670789	0	0	0	-25.4593	2.35519e-14	2.38158e-14	0	0	0	0.0254593	-4.89117	0	4.91663		300	0.117647	0	0	0	0	0	0	0.117647	0	-0.426642	-237.002	0	213.464	213.464	-2.13163e-14	12.4428	0	0	0	0	0	0	0	0	0	0	0	0	0	0	0	0	0	0	0	0	0	0	0	0	0	0	0	0	0	0	0	0	0	
1	1	1	41	1.23		300	0	0	-0.00205	0.000687559	0.000687559	0	0	0	-26.0958	2.54228e-14	2.61297e-14	0	0	0	0.0267482	-4.88988	0	4.91663		300	0.117647	0	0	0	0	0	0	0.117647	0	-0.426642	-237.002	0	213.464	213.464	-2.13163e-14	12.4428	0	0	0	0	0	0	0	0	0	0	0	0	0	0	0	0	0	0	0	0	0	0	0	0	0	0	0	0	0	0	0	0	0	
1	1	1	42	1.26		300	0	0	-0.0021	0.000704329	0.000704329	0	0	0	-26.7323	2.46292e-14	2.4891e-14	0	0	0	0.0280689	-4.88856	0	4.91663		300	0.117647	0	0	0	0	0	0	0.117647	0	-0.426642	-237.002	0	213.464	213.464	-2.13163e-14	12.4428	0	0	0	0	0	0	0	0	0	0	0	0	0	0	0	0	0	0	0	0	0	0	0	0	0	0	0	0	0	0	0	0	0	
1	1	1	43	1.29		300	0	0	-0.00215	0.000721099	0.000721099	0	0	0	-27.3688	2.38356e-14	2.36522e-14	0	0	0	0.0294214	-4.88721	0	4.91663		300	0.117647	0	0	0	0	0	0	0.117647	0	-0.426642	-237.002	0	213.464	213.464	-2.13163e-14	12.4428	0	0	0	0	0	0	0	0	0	0	0	0	0	0	0	0	0	0	0	0	0	0	0	0	0	0	0	0	0	0	0	0	0	
1	1	1	44	1.32		300	0	0	-0.0022	0.000737868	0.000737868	0	0	0	-28.0052	2.21538e-14	2.24134e-14	0	0	0	0.0308058	-4.88583	0	4.91663		300	0.117647	0	0	0	0	0	0	0.117647	0	-0.426642	-237.002	0	213.464	213.464	-2.13163e-14	12.4428	0	0	0	0	0	0	0	0	0	0	0	0	0	0	0	0	0	0	0	0	0	0	0	0	0	0	0	0	0	0	0	0	0	
1	1	1	45	1.35		300	0	0	-0.00225	0.000754638	0.000754638	0	0	0	-28.6417	2.13602e-14	2.11747e-14	0	0	0	0.0322219	-4.88441	0	4.91663		300	0.117647	0	0	0	0	0	0	0.117647	0	-0.426642	-237.002	0	213.464	213.464	-2.13163e-14	12.4428	0	0	0	0	0	0	0	0	0	0	0	0	0	0	0	0	0	0	0	0	0	0	0	0	0	0	0	0	0	0	0	0	0	
1	1	1	46	1.38		300	0	0	-0.0023	0.000771408	0.000771408	0	0	0	-29.2782	1.96784e-14	1.99359e-14	0	0	0	0.0336699	-4.88296	0	4.91663		300	0.117647	0	0	0	0	0	0	0.117647	0	-0.426642	-237.002	0	213.464	213.464	-2.13163e-14	12.4428	0	0	0	0	0	0	0	0	0	0	0	0	0	0	0	0	0	0	0	0	0	0	0	0	0	0	0	0	0	0	0	0	0	
1	1	1	47	1.41		300	0	0	-0.00235	0.000788178	0.000788178	0	0	0	-29.9147	1.88848e-14	1.86971e-14	0	0	0	0.0351498	-4.88148	0	4.91663		300	0.117647	0	0	0	0	0	0	0.117647	0	-0.426642	-237.002	0	213.464	213.464	-2.13163e-14	12.4428	0	0	0	0	0	0	0	0	0	0	0	0	0	0	0	0	0	0	0	0	0	0	0	0	0	0	0	0	0	0	0	0	0	
1	1	1	48	1.44		300	0	0	-0.0024	0.000804947	0.000804947	0	0	0	-30.5512	2.16439e-14	2.10111e-14	0	0	0	0.0366614	-4.87997	0	4.91663		300	0.117647	0	0	0	0	0	0	0.117647	0	-0.426642	-237.002	0	213.464	213.464	-2.13163e-14	12.4428	0	0	0	0	0	0	0	0	0	0	0	0	0	0	0	0	0	0	0	0	0	0	0	0	0	0	0	0	0	0	0	0	0	
1	1	1	49	1.47		300	0	0	-0.00245	0.000821717	0.000821717	0	0	0	-31.1877	1.99621e-14	1.97723e-14	0	0	0	0.0382049	-4.87843	0	4.91663		300	0.117647	0	0	0	0	0	0	0.117647	0	-0.426642	-237.002	0	213.464	213.464	-2.13163e-14	12.4428	0	0	0	0	0	0	0	0	0	0	0	0	0	0	0	0	0	0	0	0	0	0	0	0	0	0	0	0	0	0	0	0	0	
1	1	1	50	1.5		300	0	0	-0.0025	0.000838487	0.000838487	0	0	0	-31.8241	1.82803e-14	1.85335e-14	0	0	0	0.0397802	-4.87685	0	4.91663		300	0.117647	0	0	0	0	0	0	0.117647	0	-0.426642	-237.002	0	213.464	213.464	-2.13163e-14	12.4428	0	0	0	0	0	0	0	0	0	0	0	0	0	0	0	0	0	0	0	0	0	0	0	0	0	0	0	0	0	0	0	0	0	
1	1	1	51	1.53		300	0	0	-0.00255	0.000855256	0.000855256	0	0	0	-32.4606	1.83749e-14	1.72947e-14	0	0	0	0.0413873	-4.87524	0	4.91663		300	0.117647	0	0	0	0	0	0	0.117647	0	-0.426642	-237.002	0	213.464	213.464	-2.13163e-14	12.4428	0	0	0	0	0	0	0	0	0	0	0	0	0	0	0	0	0	0	0	0	0	0	0	0	0	0	0	0	0	0	0	0	0	
1	1	1	52	1.56		300	0	0	-0.0026	0.000872026	0.000872026	0	0	0	-33.0971	1.66931e-14	1.6056e-14	0	0	0	0.0430262	-4.87361	0	4.91663		300	0.117647	0	0	0	0	0	0	0.117647	0	-0.426642	-237.002	0	213.464	213.464	-2.13163e-14	12.4428	0	0	0	0	0	0	0	0	0	0	0	0	0	0	0	0	0	0	0	0	0	0	0	0	0	0	0	0	0	0	0	0	0	
1	1	1	53	1.59		300	0	0	-0.00265	0.000888796	0.000888796	0	0	0	-33.7336	1.50113e-14	1.48172e-14	0	0	0	0.044697	-4.87194	0	4.91663		300	0.117647	0	0	0	0	0	0	0.117647	0	-0.426642	-237.002	0	213.464	213.464	-2.13163e-14	12.4428	0	0	0	0	0	0	0	0	0	0	0	0	0	0	0	0	0	0	0	0	0	0	0	0	0	0	0	0	0	0	0	0	0	
1	1	1	54	1.62		300	0	0	-0.0027	0.000905566	0.000905566	0	0	0	-34.3701	1.51059e-14	1.35784e-14	0	0	0	0.0463996	-4.87023	0	4.91663		300	0.117647	0	0	0	0	0	0	0.117647	0	-0.426642	-237.002	0	213.464	213.464	-2.13163e-14	12.4428	0	0	0	0	0	0	0	0	0	0	0	0	0	0	0	0	0	0	0	0	0	0	0	0	0	0	0	0	0	0	0	0	0	
1	1	1	55	1.65		300	0	0	-0.00275	0.000922335	0.000922335	0	0	0	-35.0066	1.69768e-14	1.58924e-14	0	0	0	0.048134	-4.8685	0	4.91663		300	0.117647	0	0	0	0	0	0	0.117647	0	-0.426642	-237.002	0	213.464	213.464	-2.13163e-14	12.4428	0	0	0	0	0	0	0	0	0	0	0	0	0	0	0	0	0	0	0	0	0	0	0	0	0	0	0	0	0	0	0	0	0	
1	1	1	56	1.68		300	0	0	-0.0028	0.000939105	0.000939105	0	0	0	-35.643	1.5295e-14	1.46536e-14	0	0	0	0.0499002	-4.86673	0	4.91663		300	0.117647	0	0	0	0	0	0	0.117647	0	-0.426642	-237.002	0	213.464	213.464	-2.13163e-14	12.4428	0	0	0	0	0	0	0	0	0	0	0	0	0	0	0	0	0	0	0	0	0	0	0	0	0	0	0	0	0	0	0	0	0	
1	1	1	57	1.71		300	0	0	-0.00285	0.000955875	0.000955875	0	0	0	-36.2795	1.53896e-14	1.34148e-14	0	0	0	0.0516983	-4.86493	0	4.91663		300	0.117647	0	0	0	0	0	0	0.117647	0	-0.426642	-237.002	0	213.464	213.464	-2.13163e-14	12.4428	0	0	0	0	0	0	0	0	0	0	0	0	0	0	0	0	0	0	0	0	0	0	0	0	0	0	0	0	0	0	0	0	0	
1	1	1	58	1.74		300	0	0	-0.0029	0.000972645	0.000972645	0	0	0	-36.916	1.37078e-14	1.21761e-14	0	0	0	0.0535282	-4.8631	0	4.91663		300	0.117647	0	0	0	0	0	0	0.117647	0	-0.426642	-237.002	0	213.464	213.464	-2.13163e-14	12.4428	0	0	0	0	0	0	0	0	0	0	0	0	0	0	0	0	0	0	0	0	0	0	0	0	0	0	0	0	0	0	0	0	0	
1	1	1	59	1.77		300	0	0	-0.00295	0.000989414	0.000989414	0	0	0	-37.5525	1.2026e-14	1.09373e-14	0	0	0	0.0553899	-4.86124	0	4.91663		300	0.117647	0	0	0	0	0	0	0.117647	0	-0.426642	-237.002	0	213.464	213.464	-2.13163e-14	12.4428	0	0	0	0	0	0	0	0	0	0	0	0	0	0	0	0	0	0	0	0	0	0	0	0	0	0	0	0	0	0	0	0	0	
1	1	1	60	1.8		300	0	0	-0.003	0.00100618	0.00100618	0	0	0	-38.189	1.03442e-14	9.69852e-15	0	0	0	0.0572834	-4.85935	0	4.91663		300	0.117647	0	0	0	0	0	0	0.117647	0	-0.426642	-237.002	0	213.464	213.464	-2.13163e-14	12.4428	0	0	0	0	0	0	0	0	0	0	0	0	0	0	0	0	0	0	0	0	0	0	0	0	0	0	0	0	0	0	0	0	0	
1	1	1	61	1.83		300	0	0	-0.00305	0.00102295	0.00102295	0	0	0	-38.8254	1.04388e-14	8.45975e-15	0	0	0	0.0592088	-4.85742	0	4.91663		300	0.117647	0	0	0	0	0	0	0.117647	0	-0.426642	-237.002	0	213.464	213.464	-2.13163e-14	12.4428	0	0	0	0	0	0	0	0	0	0	0	0	0	0	0	0	0	0	0	0	0	0	0	0	0	0	0	0	0	0	0	0	0	
1	1	1	62	1.86		300	0	0	-0.0031	0.00103972	0.00103972	0	0	0	-39.4619	1.23097e-14	1.07737e-14	0	0	0	0.061166	-4.85547	0	4.91663		300	0.117647	0	0	0	0	0	0	0.117647	0	-0.426642	-237.002	0	213.464	213.464	-2.13163e-14	12.4428	0	0	0	0	0	0	0	0	0	0	0	0	0	0	0	0	0	0	0	0	0	0	0	0	0	0	0	0	0	0	0	0	0	
1	1	1	63	1.89		300	0	0	-0.00315	0.00105649	0.00105649	0	0	0	-40.0984	1.06279e-14	9.53492e-15	0	0	0	0.063155	-4.85348	0	4.91663		300	0.117647	0	0	0	0	0	0	0.117647	0	-0.426642	-237.002	0	213.464	213.464	-2.13163e-14	12.4428	0	0	0	0	0	0	0	0	0	0	0	0	0	0	0	0	0	0	0	0	0	0	0	0	0	0	0	0	0	0	0	0	0	
1	1	1	64	1.92		300	0	0	-0.0032	0.00107326	0.00107326	0	0	0	-40.7349	1.07225e-14	1.18489e-14	0	0	0	0.0651758	-4.85146	0	4.91663		300	0.117647	0	0	0	0	0	0	0.117647	0	-0.426642	-237.002	0	213.464	213.464	-2.13163e-14	12.4428	0	0	0	0	0	0	0	0	0	0	0	0	0	0	0	0	0	0	0	0	0	0	0	0	0	0	0	0	0	0	0	0	0	
1	1	1	65	1.95		300	0	0	-0.00325	0.00109003	0.00109003	0	0	0	-41.3714	9.04069e-15	1.06101e-14	0	0	0	0.0672285	-4.8494	0	4.91663		300	0.117647	0	0	0	0	0	0	0.117647	0	-0.426642	-237.002	0	213.464	213.464	-2.13163e-14	12.4428	0	0	0	0	0	0	0	0	0	0	0	0	0	0	0	0	0	0	0	0	0	0	0	0	0	0	0	0	0	0	0	0	0	
1	1	1	66	1.98		300	0	0	-0.0033	0.0011068	0.0011068	0	0	0	-42.0079	1.09116e-14	1.2924e-14	0	0	0	0.069313	-4.84732	0	4.91663		300	0.117647	0	0	0	0	0	0	0.117647	0	-0.426642	-237.002	0	213.464	213.464	-2.13163e-14	12.4428	0	0	0	0	0	0	0	0	0	0	0	0	0	0	0	0	0	0	0	0	0	0	0	0	0	0	0	0	0	0	0	0	0	
1	1	1	67	2.01		300	0	0	-0.00335	0.00112357	0.00112357	0	0	0	-42.6443	1.10062e-14	1.16853e-14	0	0	0	0.0714293	-4.8452	0	4.91663		300	0.117647	0	0	0	0	0	0	0.117647	0	-0.426642	-237.002	0	213.464	213.464	-2.13163e-14	12.4428	0	0	0	0	0	0	0	0	0	0	0	0	0	0	0	0	0	0	0	0	0	0	0	0	0	0	0	0	0	0	0	0	0	
1	1	1	68	2.04		300	0	0	-0.0034	0.00114034	0.00114034	0	0	0	-43.2808	9.3244e-15	1.04465e-14	0	0	0	0.0735774	-4.84305	0	4.91663		300	0.117647	0	0	0	0	0	0	0.117647	0	-0.426642	-237.002	0	213.464	213.464	-2.13163e-14	12.4428	0	0	0	0	0	0	0	0	0	0	0	0	0	0	0	0	0	0	0	0	0	0	0	0	0	0	0	0	0	0	0	0	0	
1	1	1	69	2.07		300	0	0	-0.00345	0.00115711	0.00115711	0	0	0	-43.9173	7.64261e-15	9.20773e-15	0	0	0	0.0757574	-4.84087	0	4.91663		300	0.117647	0	0	0	0	0	0	0.117647	0	-0.426642	-237.002	0	213.464	213.464	-2.13163e-14	12.4428	0	0	0	0	0	0	0	0	0	0	0	0	0	0	0	0	0	0	0	0	0	0	0	0	0	0	0	0	0	0	0	0	0	
1	1	1	70	2.1		300	0	0	-0.0035	0.00117388	0.00117388	0	0	0	-44.5538	5.96082e-15	7.96896e-15	0	0	0	0.0779691	-4.83866	0	4.91663		300	0.117647	0	0	0	0	0	0	0.117647	0	-0.426642	-237.002	0	213.464	213.464	-2.13163e-14	12.4428	0	0	0	0	0	0	0	0	0	0	0	0	0	0	0	0	0	0	0	0	0	0	0	0	0	0	0	0	0	0	0	0	0	
1	1	1	71	2.13		300	0	0	-0.00355	0.00119065	0.00119065	0	0	0	-45.1903	6.05539e-15	6.73018e-15	0	0	0	0.0802127	-4.83642	0	4.91663		300	0.117647	0	0	0	0	0	0	0.117647	0	-0.426642	-237.002	0	213.464	213.464	-2.13163e-14	12.4428	0	0	0	0	0	0	0	0	0	0	0	0	0	0	0	0	0	0	0	0	0	0	0	0	0	0	0	0	0	0	0	0	0	
1	1	1	72	2.16		300	0	0	-0.0036	0.00120742	0.00120742	0	0	0	-45.8268	4.3736e-15	5.49141e-15	0	0	0	0.0824882	-4.83414	0	4.91663		300	0.117647	0	0	0	0	0	0	0.117647	0	-0.426642	-237.002	0	213.464	213.464	-2.13163e-14	12.4428	0	0	0	0	0	0	0	0	0	0	0	0	0	0	0	0	0	0	0	0	0	0	0	0	0	0	0	0	0	0	0	0	0	
1	1	1	73	2.19		300	0	0	-0.00365	0.00122419	0.00122419	0	0	0	-46.4632	2.69182e-15	4.25264e-15	0	0	0	0.0847954	-4.83184	0	4.91663		300	0.117647	0	0	0	0	0	0	0.117647	0	-0.426642	-237.002	0	213.464	213.464	-2.13163e-14	12.4428	0	0	0	0	0	0	0	0	0	0	0	0	0	0	0	0	0	0	0	0	0	0	0	0	0	0	0	0	0	0	0	0	0	
1	1	1	74	2.22		300	0	0	-0.0037	0.00124096	0.00124096	0	0	0	-47.0997	2.78638e-15	3.01387e-15	0	0	0	0.0871345	-4.8295	0	4.91663		300	0.117647	0	0	0	0	0	0	0.117647	0	-0.426642	-237.002	0	213.464	213.464	-2.13163e-14	12.4428	0	0	0	0	0	0	0	0	0	0	0	0	0	0	0	0	0	0	0	0	0	0	0	0	0	0	0	0	0	0	0	0	0	
1	1	1	75	2.25		300	0	0	-0.00375	0.00125773	0.00125773	0	0	0	-47.7362	1.1046e-15	1.7751e-15	0	0	0	0.0895054	-4.82713	0	4.91663		300	0.117647	0	0	0	0	0	0	0.117647	0	-0.426642	-237.002	0	213.464	213.464	-2.13163e-14	12.4428	0	0	0	0	0	0	0	0	0	0	0	0	0	0	0	0	0	0	0	0	0	0	0	0	0	0	0	0	0	0	0	0	0	
1	1	1	76	2.28		300	0	0	-0.0038	0.0012745	0.0012745	0	0	0	-48.3727	-5.77192e-16	5.36331e-16	0	0	0	0.0919081	-4.82472	0	4.91663		300	0.117647	0	0	0	0	0	0	0.117647	0	-0.426642	-237.002	0	213.464	213.464	-2.13163e-14	12.4428	0	0	0	0	0	0	0	0	0	0	0	0	0	0	0	0	0	0	0	0	0	0	0	0	0	0	0	0	0	0	0	0	0	
1	1	1	77	2.31		300	0	0	-0.00385	0.00129127	0.00129127	0	0	0	-49.0092	-4.82623e-16	-7.0244e-16	0	0	0	0.0943427	-4.82229	0	4.91663		300	0.117647	0	0	0	0	0	0	0.117647	0	-0.426642	-237.002	0	213.464	213.464	-2.13163e-14	12.4428	0	0	0	0	0	0	0	0	0	0	0	0	0	0	0	0	0	0	0	0	0	0	0	0	0	0	0	0	0	0	0	0	0	
1	1	1	78	2.34		300	0	0	-0.0039	0.00130804	0.00130804	0	0	0	-49.6457	-2.16441e-15	-1.94121e-15	0	0	0	0.096809	-4.81982	0	4.91663		300	0.117647	0	0	0	0	0	0	0.117647	0	-0.426642	-237.002	0	213.464	213.464	-2.13163e-14	12.4428	0	0	0	0	0	0	0	0	0	0	0	0	0	0	0	0	0	0	0	0	0	0	0	0	0	0	0	0	0	0	0	0	0	
1	1	1	79	2.37		300	0	0	-0.00395	0.00132481	0.00132481	0	0	0	-50.2821	-3.8462e-15	-3.17998e-15	0	0	0	0.0993072	-4.81732	0	4.91663		300	0.117647	0	0	0	0	0	0	0.117647	0	-0.426642	-237.002	0	213.464	213.464	-2.13163e-14	12.4428	0	0	0	0	0	0	0	0	0	0	0	0	0	0	0	0	0	0	0	0	0	0	0	0	0	0	0	0	0	0	0	0	0	
1	1	1	80	2.4		300	0	0	-0.004	0.00134158	0.00134158	0	0	0	-50.9186	3.3538e-15	2.68667e-15	0	0	0	0.101837	-4.81479	0	4.91663		300	0.117647	0	0	0	0	0	0	0.117647	0	-0.426642	-237.002	0	213.464	213.464	-2.13163e-14	12.4428	0	0	0	0	0	0	0	0	0	0	0	0	0	0	0	0	0	0	0	0	0	0	0	0	0	0	0	0	0	0	0	0	0	
1	1	1	81	2.43		300	0	0	-0.00405	0.00135835	0.00135835	0	0	0	-51.5551	8.77744e-15	8.55333e-15	0	0	0	0.104399	-4.81223	0	4.91663		300	0.117647	0	0	0	0	0	0	0.117647	0	-0.426642	-237.002	0	213.464	213.464	-2.13163e-14	12.4428	0	0	0	0	0	0	0	0	0	0	0	0	0	0	0	0	0	0	0	0	0	0	0	0	0	0	0	0	0	0	0	0	0	
1	1	1	82	2.46		300	0	0	-0.0041	0.00137512	0.00137512	0	0	0	-52.1916	7.09565e-15	7.31456e-15	0	0	0	0.106993	-4.80964	0	4.91663		300	0.117647	0	0	0	0	0	0	0.117647	0	-0.426642	-237.002	0	213.464	213.464	-2.13163e-14	12.4428	0	0	0	0	0	0	0	0	0	0	0	0	0	0	0	0	0	0	0	0	0	0	0	0	0	0	0	0	0	0	0	0	0	
1	1	1	83	2.49		300	0	0	-0.00415	0.00139189	0.00139189	0	0	0	-52.8281	1.25193e-14	1.31812e-14	0	0	0	0.109618	-4.80701	0	4.91663		300	0.117647	0	0	0	0	0	0	0.117647	0	-0.426642	-237.002	0	213.464	213.464	-2.13163e-14	12.4428	0	0	0	0	0	0	0	0	0	0	0	0	0	0	0	0	0	0	0	0	0	0	0	0	0	0	0	0	0	0	0	0	0	
1	1	1	84	2.52		300	0	0	-0.0042	0.00140866	0.00140866	0	0	0	-53.4646	1.97193e-14	1.90479e-14	0	0	0	0.112276	-4.80436	0	4.91663		300	0.117647	0	0	0	0	0	0	0.117647	0	-0.426642	-237.002	0	213.464	213.464	-2.13163e-14	12.4428	0	0	0	0	0	0	0	0	0	0	0	0	0	0	0	0	0	0	0	0	0	0	0	0	0	0	0	0	0	0	0	0	0	
1	1	1	85	2.55		300	0	0	-0.00425	0.00142543	0.00142543	0	0	0	-54.101	1.80375e-14	1.78091e-14	0	0	0	0.114965	-4.80167	0	4.91663		300	0.117647	0	0	0	0	0	0	0.117647	0	-0.426642	-237.002	0	213.464	213.464	-2.13163e-14	12.4428	0	0	0	0	0	0	0	0	0	0	0	0	0	0	0	0	0	0	0	0	0	0	0	0	0	0	0	0	0	0	0	0	0	
1	1	1	86	2.58		300	0	0	-0.0043	0.0014422	0.0014422	0	0	0	-54.7375	2.34611e-14	2.36758e-14	0	0	0	0.117686	-4.79895	0	4.91663		300	0.117647	0	0	0	0	0	0	0.117647	0	-0.426642	-237.002	0	213.464	213.464	-2.13163e-14	12.4428	0	0	0	0	0	0	0	0	0	0	0	0	0	0	0	0	0	0	0	0	0	0	0	0	0	0	0	0	0	0	0	0	0	
1	1	1	87	2.61		300	0	0	-0.00435	0.00145897	0.00145897	0	0	0	-55.374	3.06611e-14	2.95424e-14	0	0	0	0.120438	-4.79619	0	4.91663		300	0.117647	0	0	0	0	0	0	0.117647	0	-0.426642	-237.002	0	213.464	213.464	-2.13163e-14	12.4428	0	0	0	0	0	0	0	0	0	0	0	0	0	0	0	0	0	0	0	0	0	0	0	0	0	0	0	0	0	0	0	0	0	
1	1	1	88	2.64		300	0	0	-0.0044	0.00147574	0.00147574	0	0	0	-56.0105	2.89793e-14	2.83036e-14	0	0	0	0.123223	-4.79341	0	4.91663		300	0.117647	0	0	0	0	0	0	0.117647	0	-0.426642	-237.002	0	213.464	213.464	-2.13163e-14	12.4428	0	0	0	0	0	0	0	0	0	0	0	0	0	0	0	0	0	0	0	0	0	0	0	0	0	0	0	0	0	0	0	0	0	
1	1	1	89	2.67		300	0	0	-0.00445	0.00149251	0.00149251	0	0	0	-56.647	3.4403e-14	3.41703e-14	0	0	0	0.126039	-4.79059	0	4.91663		300	0.117647	0	0	0	0	0	0	0.117647	0	-0.426642	-237.002	0	213.464	213.464	-2.13163e-14	12.4428	0	0	0	0	0	0	0	0	0	0	0	0	0	0	0	0	0	0	0	0	0	0	0	0	0	0	0	0	0	0	0	0	0	
1	1	1	90	2.7		300	0	0	-0.0045	0.00150928	0.00150928	0	0	0	-57.2834	4.1603e-14	4.0037e-14	0	0	0	0.128888	-4.78774	0	4.91663		300	0.117647	0	0	0	0	0	0	0.117647	0	-0.426642	-237.002	0	213.464	213.464	-2.13163e-14	12.4428	0	0	0	0	0	0	0	0	0	0	0	0	0	0	0	0	0	0	0	0	0	0	0	0	0	0	0	0	0	0	0	0	0	
1	1	1	91	2.73		300	0	0	-0.00455	0.00152605	0.00152605	0	0	0	-57.9199	3.99212e-14	3.87982e-14	0	0	0	0.131768	-4.78486	0	4.91663		300	0.117647	0	0	0	0	0	0	0.117647	0	-0.426642	-237.002	0	213.464	213.464	-2.13163e-14	12.4428	0	0	0	0	0	0	0	0	0	0	0	0	0	0	0	0	0	0	0	0	0	0	0	0	0	0	0	0	0	0	0	0	0	
1	1	1	92	2.76		300	0	0	-0.0046	0.00154282	0.00154282	0	0	0	-58.5564	4.53448e-14	4.46648e-14	0	0	0	0.13468	-4.78195	0	4.91663		300	0.117647	0	0	0	0	0	0	0.117647	0	-0.426642	-237.002	0	213.464	213.464	-2.13163e-14	12.4428	0	0	0	0	0	0	0	0	0	0	0	0	0	0	0	0	0	0	0	0	0	0	0	0	0	0	0	0	0	0	0	0	0	
1	1	1	93	2.79		300	0	0	-0.00465	0.00155959	0.00155959	0	0	0	-59.1929	5.07685e-14	5.05315e-14	0	0	0	0.137623	-4.77901	0	4.91663		300	0.117647	0	0	0	0	0	0	0.117647	0	-0.426642	-237.002	0	213.464	213.464	-2.13163e-14	12.4428	0	0	0	0	0	0	0	0	0	0	0	0	0	0	0	0	0	0	0	0	0	0	0	0	0	0	0	0	0	0	0	0	0	
1	1	1	94	2.82		300	0	0	-0.0047	0.00157636	0.00157636	0	0	0	-59.8294	5.0863e-14	4.92927e-14	0	0	0	0.140599	-4.77603	0	4.91663		300	0.117647	0	0	0	0	0	0	0.117647	0	-0.426642	-237.002	0	213.464	213.464	-2.13163e-14	12.4428	0	0	0	0	0	0	0	0	0	0	0	0	0	0	0	0	0	0	0	0	0	0	0	0	0	0	0	0	0	0	0	0	0	
1	1	1	95	2.85		300	0	0	-0.00475	0.00159312	0.00159312	0	0	0	-60.4659	5.62867e-14	5.51594e-14	0	0	0	0.143606	-4.77303	0	4.91663		300	0.117647	0	0	0	0	0	0	0.117647	0	-0.426642	-237.002	0	213.464	213.464	-2.13163e-14	12.4428	0	0	0	0	0	0	0	0	0	0	0	0	0	0	0	0	0	0	0	0	0	0	0	0	0	0	0	0	0	0	0	0	0	
1	1	1	96	2.88		300	0	0	-0.0048	0.00160989	0.00160989	0	0	0	-61.1023	6.17103e-14	6.1026e-14	0	0	0	0.146646	-4.76999	0	4.91663		300	0.117647	0	0	0	0	0	0	0.117647	0	-0.426642	-237.002	0	213.464	213.464	-2.13163e-14	12.4428	0	0	0	0	0	0	0	0	0	0	0	0	0	0	0	0	0	0	0	0	0	0	0	0	0	0	0	0	0	0	0	0	0	
1	1	1	97	2.91		300	0	0	-0.00485	0.00162666	0.00162666	0	0	0	-61.7388	6.18049e-14	5.97873e-14	0	0	0	0.149717	-4.76692	0	4.91663		300	0.117647	0	0	0	0	0	0	0.117647	0	-0.426642	-237.002	0	213.464	213.464	-2.13163e-14	12.4428	0	0	0	0	0	0	0	0	0	0	0	0	0	0	0	0	0	0	0	0	0	0	0	0	0	0	0	0	0	0	0	0	0	
1	1	1	98	2.94		300	0	0	-0.0049	0.00164343	0.00164343	0	0	0	-62.3753	6.72285e-14	6.56539e-14	0	0	0	0.15282	-4.76381	0	4.91663		300	0.117647	0	0	0	0	0	0	0.117647	0	-0.426642	-237.002	0	213.464	213.464	-2.13163e-14	12.4428	0	0	0	0	0	0	0	0	0	0	0	0	0	0	0	0	0	0	0	0	0	0	0	0	0	0	0	0	0	0	0	0	0	
1	1	1	99	2.97		300	0	0	-0.00495	0.0016602	0.0016602	0	0	0	-63.0118	7.26522e-14	7.15206e-14	0	0	0	0.155954	-4.76068	0	4.91663		300	0.117647	0	0	0	0	0	0	0.117647	0	-0.426642	-237.002	0	213.464	213.464	-2.13163e-14	12.4428	0	0	0	0	0	0	0	0	0	0	0	0	0	0	0	0	0	0	0	0	0	0	0	0	0	0	0	0	0	0	0	0	0	
1	1	1	100	3		300	0	0	-0.005	0.00167697	0.00167697	0	0	0	-63.6483	7.27467e-14	7.38345e-14	0	0	0	0.159121	-4.75751	0	4.91663		300	0.117647	0	0	0	0	0	0	0.117647	0	-0.426642	-237.002	0	213.464	213.464	-2.13163e-14	12.4428	0	0	0	0	0	0	0	0	0	0	0	0	0	0	0	0	0	0	0	0	0	0	0	0	0	0	0	0	0	0	0	0	0	
1	1	1	101	3.03		300	0	0	-0.00505	0.00169374	0.00169374	0	0	0	-64.2848	7.6394e-14	7.97012e-14	0	0	0	0.162319	-4.75431	0	4.91663		300	0.117647	0	0	0	0	0	0	0.117647	0	-0.426642	-237.002	0	213.464	213.464	-2.13163e-14	12.4428	0	0	0	0	0	0	0	0	0	0	0	0	0	0	0	0	0	0	0	0	0	0	0	0	0	0	0	0	0	0	0	0	0	
1	1	1	102	3.06		300	0	0	-0.0051	0.00171051	0.00171051	0	0	0	-64.9212	8.3594e-14	8.55678e-14	0	0	0	0.165549	-4.75108	0	4.91663		300	0.117647	0	0	0	0	0	0	0.117647	0	-0.426642	-237.002	0	213.464	213.464	-2.13163e-14	12.4428	0	0	0	0	0	0	0	0	0	0	0	0	0	0	0	0	0	0	0	0	0	0	0	0	0	0	0	0	0	0	0	0	0	
1	1	1	103	3.09		300	0	0	-0.00515	0.00172728	0.00172728	0	0	0	-65.5577	8.36886e-14	8.43291e-14	0	0	0	0.168811	-4.74782	0	4.91663		300	0.117647	0	0	0	0	0	0	0.117647	0	-0.426642	-237.002	0	213.464	213.464	-2.13163e-14	12.4428	0	0	0	0	0	0	0	0	0	0	0	0	0	0	0	0	0	0	0	0	0	0	0	0	0	0	0	0	0	0	0	0	0	
1	1	1	104	3.12		300	0	0	-0.0052	0.00174405	0.00174405	0	0	0	-66.1942	8.73359e-14	9.01957e-14	0	0	0	0.172105	-4.74453	0	4.91663		300	0.117647	0	0	0	0	0	0	0.117647	0	-0.426642	-237.002	0	213.464	213.464	-2.13163e-14	12.4428	0	0	0	0	0	0	0	0	0	0	0	0	0	0	0	0	0	0	0	0	0	0	0	0	0	0	0	0	0	0	0	0	0	
1	1	1	105	3.15		300	0	0	-0.00525	0.00176082	0.00176082	0	0	0	-66.8307	9.45359e-14	9.60624e-14	0	0	0	0.175431	-4.7412	0	4.91663		300	0.117647	0	0	0	0	0	0	0.117647	0	-0.426642	-237.002	0	213.464	213.464	-2.13163e-14	12.4428	0	0	0	0	0	0	0	0	0	0	0	0	0	0	0	0	0	0	0	0	0	0	0	0	0	0	0	0	0	0	0	0	0	
1	1	1	106	3.18		300	0	0	-0.0053	0.00177759	0.00177759	0	0	0	-67.4672	9.46304e-14	9.48236e-14	0	0	0	0.178788	-4.73784	0	4.91663		300	0.117647	0	0	0	0	0	0	0.117647	0	-0.426642	-237.002	0	213.464	213.464	-2.13163e-14	12.4428	0	0	0	0	0	0	0	0	0	0	0	0	0	0	0	0	0	0	0	0	0	0	0	0	0	0	0	0	0	0	0	0	0	
1	1	1	107	3.21		300	0	0	-0.00535	0.00179436	0.00179436	0	0	0	-68.1037	9.82777e-14	1.0069e-13	0	0	0	0.182177	-4.73445	0	4.91663		300	0.117647	0	0	0	0	0	0	0.117647	0	-0.426642	-237.002	0	213.464	213.464	-2.13163e-14	12.4428	0	0	0	0	0	0	0	0	0	0	0	0	0	0	0	0	0	0	0	0	0	0	0	0	0	0	0	0	0	0	0	0	0	
1	1	1	108	3.24		300	0	0	-0.0054	0.00181113	0.00181113	0	0	0	-68.7401	1.05478e-13	1.06557e-13	0	0	0	0.185598	-4.73103	0	4.91663		300	0.117647	0	0	0	0	0	0	0.117647	0	-0.426642	-237.002	0	213.464	213.464	-2.13163e-14	12.4428	0	0	0	0	0	0	0	0	0	0	0	0	0	0	0	0	0	0	0	0	0	0	0	0	0	0	0	0	0	0	0	0	0	
1	1	1	109	3.27		300	0	0	-0.00545	0.0018279	0.0018279	0	0	0	-69.3766	1.05572e-13	1.05318e-13	0	0	0	0.189051	-4.72758	0	4.91663		300	0.117647	0	0	0	0	0	0	0.117647	0	-0.426642	-237.002	0	213.464	213.464	-2.13163e-14	12.4428	0	0	0	0	0	0	0	0	0	0	0	0	0	0	0	0	0	0	0	0	0	0	0	0	0	0	0	0	0	0	0	0	0	
1	1	1	110	3.3		300	0	0	-0.0055	0.00184467	0.00184467	0	0	0	-70.0131	1.0922e-13	1.11185e-13	0	0	0	0.192536	-4.7241	0	4.91663		300	0.117647	0	0	0	0	0	0	0.117647	0	-0.426642	-237.002	0	213.464	213.464	-2.13163e-14	12.4428	0	0	0	0	0	0	0	0	0	0	0	0	0	0	0	0	0	0	0	0	0	0	0	0	0	0	0	0	0	0	0	0	0	
1	1	1	111	3.33		300	0	0	-0.00555	0.00186144	0.00186144	0	0	0	-70.6496	1.1642e-13	1.17051e-13	0	0	0	0.196053	-4.72058	0	4.91663		300	0.117647	0	0	0	0	0	0	0.117647	0	-0.426642	-237.002	0	213.464	213.464	-2.13163e-14	12.4428	0	0	0	0	0	0	0	0	0	0	0	0	0	0	0	0	0	0	0	0	0	0	0	0	0	0	0	0	0	0	0	0	0	
1	1	1	112	3.36		300	0	0	-0.0056	0.00187822	0.00187822	0	0	0	-71.2844	2.83192e-08	2.83192e-08	0	0	0	0.199601	-4.72653	0	4.92613		300	0.118411	-1.27506e-07	4.98875e-08	4.98875e-08	0	0	0	0.118411	0	-0.426642	-237.002	0	213.464	213.464	-2.13163e-14	12.4428	0	0	0	0	0	0	0	0	0	0	0	0	0	0	0	0	0	0	0	0	0	0	0	0	0	0	0	0	0	0	0	0	0	
1	1	1	113	3.39		300	0	0	-0.00565	0.00189503	0.00189503	0	0	0	-71.9104	7.61086e-08	7.61086e-08	0	0	0	0.203181	-4.73682	0	4.94		300	0.119526	-9.5376e-07	3.73166e-07	3.73166e-07	0	0	0	0.119526	0	-0.426642	-237.002	0	213.464	213.464	-2.13163e-14	12.4428	0	0	0	0	0	0	0	0	0	0	0	0	0	0	0	0	0	0	0	0	0	0	0	0	0	0	0	0	0	0	0	0	0	
1	1	1	114	3.42		300	0	0	-0.0057	0.00191189	0.00191189	0	0	0	-72.5262	7.49495e-08	7.49495e-08	0	0	0	0.206792	-4.74712	0	4.95391		300	0.120645	-2.58014e-06	1.00951e-06	1.00951e-06	0	0	0	0.120645	0	-0.426642	-237.002	0	213.464	213.464	-2.13163e-14	12.4428	0	0	0	0	0	0	0	0	0	0	0	0	0	0	0	0	0	0	0	0	0	0	0	0	0	0	0	0	0	0	0	0	0	
1	1	1	115	3.45		300	0	0	-0.00575	0.0019288	0.0019288	0	0	0	-73.1319	2.59186e-08	2.59186e-08	0	0	0	0.210433	-4.75743	0	4.96786		300	0.121767	-4.99377e-06	1.95388e-06	1.95388e-06	0	0	0	0.121767	0	-0.426642	-237.002	0	213.464	213.464	-2.13163e-14	12.4428	0	0	0	0	0	0	0	0	0	0	0	0	0	0	0	0	0	0	0	0	0	0	0	0	0	0	0	0	0	0	0	0	0	
1	1	1	116	3.48		300	0	0	-0.0058	0.00194575	0.00194575	0	0	0	-73.7279	-6.95979e-08	-6.95979e-08	0	0	0	0.214105	-4.76774	0	4.98185		300	0.122891	-8.18102e-06	3.20095e-06	3.20095e-06	0	0	0	0.122891	0	-0.426642	-237.002	0	213.464	213.464	-2.13163e-14	12.4428	0	0	0	0	0	0	0	0	0	0	0	0	0	0	0	0	0	0	0	0	0	0	0	0	0	0	0	0	0	0	0	0	0	
1	1	1	117	3.51		300	0	0	-0.00585	0.00196274	0.00196274	0	0	0	-74.3141	-2.09975e-07	-2.09975e-07	0	0	0	0.217806	-4.77805	0	4.99586		300	0.124018	-1.21277e-05	4.74517e-06	4.74517e-06	0	0	0	0.124018	0	-0.426642	-237.002	0	213.464	213.464	-2.13163e-14	12.4428	0	0	0	0	0	0	0	0	0	0	0	0	0	0	0	0	0	0	0	0	0	0	0	0	0	0	0	0	0	0	0	0	0	
1	1	1	118	3.54		300	0	0	-0.0059	0.00197977	0.00197977	0	0	0	-74.8909	-3.93412e-07	-3.93412e-07	0	0	0	0.221536	-4.78835	0	5.00989		300	0.125146	-1.6819e-05	6.58077e-06	6.58077e-06	0	0	0	0.125146	0	-0.426642	-237.002	0	213.464	213.464	-2.13163e-14	12.4428	0	0	0	0	0	0	0	0	0	0	0	0	0	0	0	0	0	0	0	0	0	0	0	0	0	0	0	0	0	0	0	0	0	
1	1	1	119	3.57		300	0	0	-0.00595	0.00199684	0.00199684	0	0	0	-75.4583	-6.17981e-07	-6.17981e-07	0	0	0	0.225295	-4.79864	0	5.02394		300	0.126276	-2.22399e-05	8.70189e-06	8.70189e-06	0	0	0	0.126276	0	-0.426642	-237.002	0	213.464	213.464	-2.13163e-14	12.4428	0	0	0	0	0	0	0	0	0	0	0	0	0	0	0	0	0	0	0	0	0	0	0	0	0	0	0	0	0	0	0	0	0	
1	1	1	120	3.6		300	0	0	-0.006	0.00201395	0.00201395	0	0	0	-76.0167	-8.81677e-07	-8.81677e-07	0	0	0	0.229081	-4.80892	0	5.038		300	0.127406	-2.83753e-05	1.11025e-05	1.11025e-05	0	0	0	0.127406	0	-0.426642	-237.002	0	213.464	213.464	-2.13163e-14	12.4428	0	0	0	0	0	0	0	0	0	0	0	0	0	0	0	0	0	0	0	0	0	0	0	0	0	0	0	0	0	0	0	0	0	
1	1	1	121	3.63		300	0	0	-0.00605	0.00203111	0.00203111	0	0	0	-76.5662	-1.18245e-06	-1.18245e-06	0	0	0	0.232896	-4.81917	0	5.05207		300	0.128537	-3.52095e-05	1.37767e-05	1.37767e-05	0	0	0	0.128537	0	-0.426642	-237.002	0	213.464	213.464	-2.13163e-14	12.4428	0	0	0	0	0	0	0	0	0	0	0	0	0	0	0	0	0	0	0	0	0	0	0	0	0	0	0	0	0	0	0	0	0	
1	1	1	122	3.66		300	0	0	-0.0061	0.0020483	0.0020483	0	0	0	-77.107	-1.51824e-06	-1.51824e-06	0	0	0	0.236738	-4.8294	0	5.06614		300	0.129669	-4.27273e-05	1.67183e-05	1.67183e-05	0	0	0	0.129669	0	-0.426642	-237.002	0	213.464	213.464	-2.13163e-14	12.4428	0	0	0	0	0	0	0	0	0	0	0	0	0	0	0	0	0	0	0	0	0	0	0	0	0	0	0	0	0	0	0	0	0	
1	1	1	123	3.69		300	0	0	-0.00615	0.00206552	0.00206552	0	0	0	-77.6393	-1.88699e-06	-1.88699e-06	0	0	0	0.240607	-4.83961	0	5.08021		300	0.1308	-5.0913e-05	1.99213e-05	1.99213e-05	0	0	0	0.1308	0	-0.426642	-237.002	0	213.464	213.464	-2.13163e-14	12.4428	0	0	0	0	0	0	0	0	0	0	0	0	0	0	0	0	0	0	0	0	0	0	0	0	0	0	0	0	0	0	0	0	0	
1	1	1	124	3.72		300	0	0	-0.0062	0.00208279	0.00208279	0	0	0	-78.1632	-2.28669e-06	-2.28669e-06	0	0	0	0.244502	-4.84978	0	5.09428		300	0.131931	-5.97513e-05	2.33797e-05	2.33797e-05	0	0	0	0.131931	0	-0.426642	-237.002	0	213.464	213.464	-2.13163e-14	12.4428	0	0	0	0	0	0	0	0	0	0	0	0	0	0	0	0	0	0	0	0	0	0	0	0	0	0	0	0	0	0	0	0	0	
1	1	1	125	3.75		300	0	0	-0.00625	0.00210009	0.00210009	0	0	0	-78.6791	-2.71537e-06	-2.71537e-06	0	0	0	0.248423	-4.85992	0	5.10834		300	0.133062	-6.9227e-05	2.70875e-05	2.70875e-05	0	0	0	0.133062	0	-0.426642	-237.002	0	213.464	213.464	-2.13163e-14	12.4428	0	0	0	0	0	0	0	0	0	0	0	0	0	0	0	0	0	0	0	0	0	0	0	0	0	0	0	0	0	0	0	0	0	
1	1	1	126	3.78		300	0	0	-0.0063	0.00211742	0.00211742	0	0	0	-79.1871	-3.17112e-06	-3.17112e-06	0	0	0	0.252369	-4.87003	0	5.1224		300	0.134192	-7.93248e-05	3.10388e-05	3.10388e-05	0	0	0	0.134192	0	-0.426642	-237.002	0	213.464	213.464	-2.13163e-14	12.4428	0	0	0	0	0	0	0	0	0	0	0	0	0	0	0	0	0	0	0	0	0	0	0	0	0	0	0	0	0	0	0	0	0	
1	1	1	127	3.81		300	0	0	-0.00635	0.00213479	0.00213479	0	0	0	-79.6873	-3.6521e-06	-3.6521e-06	0	0	0	0.256341	-4.8801	0	5.13644		300	0.135321	-9.00299e-05	3.52278e-05	3.52278e-05	0	0	0	0.135321	0	-0.426642	-237.002	0	213.464	213.464	-2.13163e-14	12.4428	0	0	0	0	0	0	0	0	0	0	0	0	0	0	0	0	0	0	0	0	0	0	0	0	0	0	0	0	0	0	0	0	0	
1	1	1	128	3.84		300	0	0	-0.0064	0.00215219	0.00215219	0	0	0	-80.1799	-4.15654e-06	-4.15654e-06	0	0	0	0.260338	-4.89013	0	5.15047		300	0.136448	-0.000101328	3.96487e-05	3.96487e-05	0	0	0	0.136448	0	-0.426642	-237.002	0	213.464	213.464	-2.13163e-14	12.4428	0	0	0	0	0	0	0	0	0	0	0	0	0	0	0	0	0	0	0	0	0	0	0	0	0	0	0	0	0	0	0	0	0	
1	1	1	129	3.87		300	0	0	-0.00645	0.00216962	0.00216962	0	0	0	-80.6652	-4.68276e-06	-4.68276e-06	0	0	0	0.264359	-4.90012	0	5.16448		300	0.137575	-0.000113204	4.42958e-05	4.42958e-05	0	0	0	0.137575	0	-0.426642	-237.002	0	213.464	213.464	-2.13163e-14	12.4428	0	0	0	0	0	0	0	0	0	0	0	0	0	0	0	0	0	0	0	0	0	0	0	0	0	0	0	0	0	0	0	0	0	
1	1	1	130	3.9		300	0	0	-0.0065	0.00218709	0.00218709	0	0	0	-81.1434	-5.22916e-06	-5.22916e-06	0	0	0	0.268404	-4.91007	0	5.17848		300	0.1387	-0.000125643	4.91637e-05	4.91637e-05	0	0	0	0.1387	0	-0.426642	-237.002	0	213.464	213.464	-2.13163e-14	12.4428	0	0	0	0	0	0	0	0	0	0	0	0	0	0	0	0	0	0	0	0	0	0	0	0	0	0	0	0	0	0	0	0	0	
1	1	1	131	3.93		300	0	0	-0.00655	0.00220459	0.00220459	0	0	0	-81.6145	-5.79421e-06	-5.79421e-06	0	0	0	0.272473	-4.91998	0	5.19245		300	0.139823	-0.000138634	5.42469e-05	5.42469e-05	0	0	0	0.139823	0	-0.426642	-237.002	0	213.464	213.464	-2.13163e-14	12.4428	0	0	0	0	0	0	0	0	0	0	0	0	0	0	0	0	0	0	0	0	0	0	0	0	0	0	0	0	0	0	0	0	0	
1	1	1	132	3.96		300	0	0	-0.0066	0.00222211	0.00222211	0	0	0	-82.0788	-6.37647e-06	-6.37647e-06	0	0	0	0.276565	-4.92984	0	5.20641		300	0.140945	-0.00015216	5.95401e-05	5.95401e-05	0	0	0	0.140945	0	-0.426642	-237.002	0	213.464	213.464	-2.13163e-14	12.4428	0	0	0	0	0	0	0	0	0	0	0	0	0	0	0	0	0	0	0	0	0	0	0	0	0	0	0	0	0	0	0	0	0	
1	1	1	133	3.99		300	0	0	-0.00665	0.00223967	0.00223967	0	0	0	-82.5364	-6.97458e-06	-6.97458e-06	0	0	0	0.280681	-4.93966	0	5.22034		300	0.142065	-0.00016621	6.50381e-05	6.50381e-05	0	0	0	0.142065	0	-0.426642	-237.002	0	213.464	213.464	-2.13163e-14	12.4428	0	0	0	0	0	0	0	0	0	0	0	0	0	0	0	0	0	0	0	0	0	0	0	0	0	0	0	0	0	0	0	0	0	
1	1	1	134	4.02		300	0	0	-0.0067	0.00225725	0.00225725	0	0	0	-82.9875	-7.58728e-06	-7.58728e-06	0	0	0	0.284819	-4.94943	0	5.23425		300	0.143183	-0.000180771	7.07359e-05	7.07359e-05	0	0	0	0.143183	0	-0.426642	-237.002	0	213.464	213.464	-2.13163e-14	12.4428	0	0	0	0	0	0	0	0	0	0	0	0	0	0	0	0	0	0	0	0	0	0	0	0	0	0	0	0	0	0	0	0	0	
1	1	1	135	4.05		300	0	0	-0.00675	0.00227486	0.00227486	0	0	0	-83.4323	-8.21335e-06	-8.21335e-06	0	0	0	0.288979	-4.95915	0	5.24813		300	0.144299	-0.000195829	7.66286e-05	7.66286e-05	0	0	0	0.144299	0	-0.426642	-237.002	0	213.464	213.464	-2.13163e-14	12.4428	0	0	0	0	0	0	0	0	0	0	0	0	0	0	0	0	0	0	0	0	0	0	0	0	0	0	0	0	0	0	0	0	0	
1	1	1	136	4.08		300	0	0	-0.0068	0.0022925	0.0022925	0	0	0	-83.871	-8.85167e-06	-8.85167e-06	0	0	0	0.293162	-4.96883	0	5.26199		300	0.145412	-0.000211373	8.27113e-05	8.27113e-05	0	0	0	0.145412	0	-0.426642	-237.002	0	213.464	213.464	-2.13163e-14	12.4428	0	0	0	0	0	0	0	0	0	0	0	0	0	0	0	0	0	0	0	0	0	0	0	0	0	0	0	0	0	0	0	0	0	
1	1	1	137	4.11		300	0	0	-0.00685	0.00231017	0.00231017	0	0	0	-84.3035	-9.5012e-06	-9.5012e-06	0	0	0	0.297366	-4.97845	0	5.27582		300	0.146524	-0.000227391	8.89793e-05	8.89793e-05	0	0	0	0.146524	0	-0.426642	-237.002	0	213.464	213.464	-2.13163e-14	12.4428	0	0	0	0	0	0	0	0	0	0	0	0	0	0	0	0	0	0	0	0	0	0	0	0	0	0	0	0	0	0	0	0	0	
1	1	1	138	4.14		300	0	0	-0.0069	0.00232786	0.00232786	0	0	0	-84.7302	-1.01609e-05	-1.01609e-05	0	0	0	0.301592	-4.98803	0	5.28962		300	0.147633	-0.00024387	9.54281e-05	9.54281e-05	0	0	0	0.147633	0	-0.426642	-237.002	0	213.464	213.464	-2.13163e-14	12.4428	0	0	0	0	0	0	0	0	0	0	0	0	0	0	0	0	0	0	0	0	0	0	0	0	0	0	0	0	0	0	0	0	0	
1	1	1	139	4.17		300	0	0	-0.00695	0.00234558	0.00234558	0	0	0	-85.1512	-1.083e-05	-1.083e-05	0	0	0	0.305839	-4.99755	0	5.30339		300	0.14874	-0.0002608	0.000102053	0.000102053	0	0	0	0.14874	0	-0.426642	-237.002	0	213.464	213.464	-2.13163e-14	12.4428	0	0	0	0	0	0	0	0	0	0	0	0	0	0	0	0	0	0	0	0	0	0	0	0	0	0	0	0	0	0	0	0	0	
1	1	1	140	4.2		300	0	0	-0.007	0.00236332	0.00236332	0	0	0	-85.5666	-1.15074e-05	-1.15074e-05	0	0	0	0.310107	-5.00703	0	5.31714		300	0.149845	-0.00027817	0.000108851	0.000108851	0	0	0	0.149845	0	-0.426642	-237.002	0	213.464	213.464	-2.13163e-14	12.4428	0	0	0	0	0	0	0	0	0	0	0	0	0	0	0	0	0	0	0	0	0	0	0	0	0	0	0	0	0	0	0	0	0	
1	1	1	141	4.23		300	0	0	-0.00705	0.00238108	0.00238108	0	0	0	-85.9765	-1.21925e-05	-1.21925e-05	0	0	0	0.314396	-5.01646	0	5.33085		300	0.150947	-0.000295968	0.000115816	0.000115816	0	0	0	0.150947	0	-0.426642	-237.002	0	213.464	213.464	-2.13163e-14	12.4428	0	0	0	0	0	0	0	0	0	0	0	0	0	0	0	0	0	0	0	0	0	0	0	0	0	0	0	0	0	0	0	0	0	
1	1	1	142	4.26		300	0	0	-0.0071	0.00239887	0.00239887	0	0	0	-86.3811	-1.28845e-05	-1.28845e-05	0	0	0	0.318705	-5.02583	0	5.34454		300	0.152047	-0.000314185	0.000122945	0.000122945	0	0	0	0.152047	0	-0.426642	-237.002	0	213.464	213.464	-2.13163e-14	12.4428	0	0	0	0	0	0	0	0	0	0	0	0	0	0	0	0	0	0	0	0	0	0	0	0	0	0	0	0	0	0	0	0	0	
1	1	1	143	4.29		300	0	0	-0.00715	0.00241668	0.00241668	0	0	0	-86.7805	-1.35827e-05	-1.35827e-05	0	0	0	0.323034	-5.03515	0	5.35819		300	0.153144	-0.00033281	0.000130233	0.000130233	0	0	0	0.153144	0	-0.426642	-237.002	0	213.464	213.464	-2.13163e-14	12.4428	0	0	0	0	0	0	0	0	0	0	0	0	0	0	0	0	0	0	0	0	0	0	0	0	0	0	0	0	0	0	0	0	0	
1	1	1	144	4.32		300	0	0	-0.0072	0.00243452	0.00243452	0	0	0	-87.1748	-1.42864e-05	-1.42864e-05	0	0	0	0.327383	-5.04443	0	5.37181		300	0.154239	-0.000351835	0.000137678	0.000137678	0	0	0	0.154239	0	-0.426642	-237.002	0	213.464	213.464	-2.13163e-14	12.4428	0	0	0	0	0	0	0	0	0	0	0	0	0	0	0	0	0	0	0	0	0	0	0	0	0	0	0	0	0	0	0	0	0	
1	1	1	145	4.35		300	0	0	-0.00725	0.00245237	0.00245237	0	0	0	-87.5642	-1.42878e-05	-1.42878e-05	0	0	0	0.331751	-5.05365	0	5.3854		300	0.155331	-0.000371248	0.000145275	0.000145275	0	0	0	0.155331	0	-0.426642	-237.002	0	213.464	213.464	-2.13163e-14	12.4428	0	0	0	0	0	0	0	0	0	0	0	0	0	0	0	0	0	0	0	0	0	0	0	0	0	0	0	0	0	0	0	0	0	
1	1	1	146	4.38		300	0	0	-0.0073	0.00247025	0.00247025	0	0	0	-87.9487	-1.42892e-05	-1.42892e-05	0	0	0	0.336139	-5.06282	0	5.39896		300	0.15642	-0.000391041	0.000153021	0.000153021	0	0	0	0.15642	0	-0.426642	-237.002	0	213.464	213.464	-2.13163e-14	12.4428	0	0	0	0	0	0	0	0	0	0	0	0	0	0	0	0	0	0	0	0	0	0	0	0	0	0	0	0	0	0	0	0	0	
1	1	1	147	4.41		300	0	0	-0.00735	0.00248815	0.00248815	0	0	0	-88.3285	-1.42907e-05	-1.42907e-05	0	0	0	0.340546	-5.07194	0	5.41248		300	0.157507	-0.000411204	0.000160912	0.000160912	0	0	0	0.157507	0	-0.426642	-237.002	0	213.464	213.464	-2.13163e-14	12.4428	0	0	0	0	0	0	0	0	0	0	0	0	0	0	0	0	0	0	0	0	0	0	0	0	0	0	0	0	0	0	0	0	0	
1	1	1	148	4.44		300	0	0	-0.0074	0.00250606	0.00250606	0	0	0	-88.7037	-1.42922e-05	-1.42922e-05	0	0	0	0.344972	-5.081	0	5.42598		300	0.158591	-0.00043173	0.000168944	0.000168944	0	0	0	0.158591	0	-0.426642	-237.002	0	213.464	213.464	-2.13163e-14	12.4428	0	0	0	0	0	0	0	0	0	0	0	0	0	0	0	0	0	0	0	0	0	0	0	0	0	0	0	0	0	0	0	0	0	
1	1	1	149	4.47		300	0	0	-0.00745	0.002524	0.002524	0	0	0	-89.0744	-1.42937e-05	-1.42937e-05	0	0	0	0.349416	-5.09002	0	5.43944		300	0.159673	-0.00045261	0.000177115	0.000177115	0	0	0	0.159673	0	-0.426642	-237.002	0	213.464	213.464	-2.13163e-14	12.4428	0	0	0	0	0	0	0	0	0	0	0	0	0	0	0	0	0	0	0	0	0	0	0	0	0	0	0	0	0	0	0	0	0	
1	1	1	150	4.5		300	0	0	-0.0075	0.00254196	0.00254196	0	0	0	-89.4407	-1.42952e-05	-1.42952e-05	0	0	0	0.353879	-5.09899	0	5.45286		300	0.160752	-0.000473836	0.000185422	0.000185422	0	0	0	0.160752	0	-0.426642	-237.002	0	213.464	213.464	-2.13163e-14	12.4428	0	0	0	0	0	0	0	0	0	0	0	0	0	0	0	0	0	0	0	0	0	0	0	0	0	0	0	0	0	0	0	0	0	
1	1	1	151	4.53		300	0	0	-0.00755	0.00255994	0.00255994	0	0	0	-89.8027	-1.42968e-05	-1.42968e-05	0	0	0	0.35836	-5.1079	0	5.46626		300	0.161828	-0.000495398	0.00019386	0.00019386	0	0	0	0.161828	0	-0.426642	-237.002	0	213.464	213.464	-2.13163e-14	12.4428	0	0	0	0	0	0	0	0	0	0	0	0	0	0	0	0	0	0	0	0	0	0	0	0	0	0	0	0	0	0	0	0	0	
1	1	1	152	4.56		300	0	0	-0.0076	0.00257793	0.00257793	0	0	0	-90.1605	-1.42984e-05	-1.42984e-05	0	0	0	0.362859	-5.11676	0	5.47962		300	0.162902	-0.000517291	0.000202428	0.000202428	0	0	0	0.162902	0	-0.426642	-237.002	0	213.464	213.464	-2.13163e-14	12.4428	0	0	0	0	0	0	0	0	0	0	0	0	0	0	0	0	0	0	0	0	0	0	0	0	0	0	0	0	0	0	0	0	0	
1	1	1	153	4.59		300	0	0	-0.00765	0.00259594	0.00259594	0	0	0	-90.5141	-1.43e-05	-1.43e-05	0	0	0	0.367376	-5.12557	0	5.49295		300	0.163973	-0.000539506	0.000211122	0.000211122	0	0	0	0.163973	0	-0.426642	-237.002	0	213.464	213.464	-2.13163e-14	12.4428	0	0	0	0	0	0	0	0	0	0	0	0	0	0	0	0	0	0	0	0	0	0	0	0	0	0	0	0	0	0	0	0	0	
1	1	1	154	4.62		300	0	0	-0.0077	0.00261397	0.00261397	0	0	0	-90.8638	-1.43016e-05	-1.43016e-05	0	0	0	0.37191	-5.13433	0	5.50625		300	0.165041	-0.000562036	0.000219939	0.000219939	0	0	0	0.165041	0	-0.426642	-237.002	0	213.464	213.464	-2.13163e-14	12.4428	0	0	0	0	0	0	0	0	0	0	0	0	0	0	0	0	0	0	0	0	0	0	0	0	0	0	0	0	0	0	0	0	0	
1	1	1	155	4.65		300	0	0	-0.00775	0.00263202	0.00263202	0	0	0	-91.2096	-1.43032e-05	-1.43032e-05	0	0	0	0.376462	-5.14305	0	5.51951		300	0.166107	-0.000584874	0.000228876	0.000228876	0	0	0	0.166107	0	-0.426642	-237.002	0	213.464	213.464	-2.13163e-14	12.4428	0	0	0	0	0	0	0	0	0	0	0	0	0	0	0	0	0	0	0	0	0	0	0	0	0	0	0	0	0	0	0	0	0	
1	1	1	156	4.68		300	0	0	-0.0078	0.00265009	0.00265009	0	0	0	-91.5515	-1.43049e-05	-1.43049e-05	0	0	0	0.381031	-5.15171	0	5.53274		300	0.16717	-0.000608014	0.000237932	0.000237932	0	0	0	0.16717	0	-0.426642	-237.002	0	213.464	213.464	-2.13163e-14	12.4428	0	0	0	0	0	0	0	0	0	0	0	0	0	0	0	0	0	0	0	0	0	0	0	0	0	0	0	0	0	0	0	0	0	
1	1	1	157	4.71		300	0	0	-0.00785	0.00266817	0.00266817	0	0	0	-91.8897	-1.43066e-05	-1.43066e-05	0	0	0	0.385617	-5.16032	0	5.54593		300	0.16823	-0.000631448	0.000247103	0.000247103	0	0	0	0.16823	0	-0.426642	-237.002	0	213.464	213.464	-2.13163e-14	12.4428	0	0	0	0	0	0	0	0	0	0	0	0	0	0	0	0	0	0	0	0	0	0	0	0	0	0	0	0	0	0	0	0	0	
1	1	1	158	4.74		300	0	0	-0.0079	0.00268626	0.00268626	0	0	0	-92.2242	-1.43083e-05	-1.43083e-05	0	0	0	0.39022	-5.16888	0	5.5591		300	0.169288	-0.00065517	0.000256386	0.000256386	0	0	0	0.169288	0	-0.426642	-237.002	0	213.464	213.464	-2.13163e-14	12.4428	0	0	0	0	0	0	0	0	0	0	0	0	0	0	0	0	0	0	0	0	0	0	0	0	0	0	0	0	0	0	0	0	0	
1	1	1	159	4.77		300	0	0	-0.00795	0.00270438	0.00270438	0	0	0	-92.5551	-1.431e-05	-1.431e-05	0	0	0	0.39484	-5.17739	0	5.57223		300	0.170343	-0.000679174	0.00026578	0.00026578	0	0	0	0.170343	0	-0.426642	-237.002	0	213.464	213.464	-2.13163e-14	12.4428	0	0	0	0	0	0	0	0	0	0	0	0	0	0	0	0	0	0	0	0	0	0	0	0	0	0	0	0	0	0	0	0	0	
1	1	1	160	4.8		300	0	0	-0.008	0.0027225	0.0027225	0	0	0	-92.8825	-1.43117e-05	-1.43117e-05	0	0	0	0.399476	-5.18585	0	5.58533		300	0.171395	-0.000703453	0.000275282	0.000275282	0	0	0	0.171395	0	-0.426642	-237.002	0	213.464	213.464	-2.13163e-14	12.4428	0	0	0	0	0	0	0	0	0	0	0	0	0	0	0	0	0	0	0	0	0	0	0	0	0	0	0	0	0	0	0	0	0	
1	1	1	161	4.83		300	0	0	-0.00805	0.00274065	0.00274065	0	0	0	-93.2065	-1.43134e-05	-1.43134e-05	0	0	0	0.404128	-5.19427	0	5.59839		300	0.172445	-0.000728002	0.00028489	0.00028489	0	0	0	0.172445	0	-0.426642	-237.002	0	213.464	213.464	-2.13163e-14	12.4428	0	0	0	0	0	0	0	0	0	0	0	0	0	0	0	0	0	0	0	0	0	0	0	0	0	0	0	0	0	0	0	0	0	
1	1	1	162	4.86		300	0	0	-0.0081	0.00275881	0.00275881	0	0	0	-93.5271	-1.43152e-05	-1.43152e-05	0	0	0	0.408796	-5.20263	0	5.61143		300	0.173492	-0.000752816	0.0002946	0.0002946	0	0	0	0.173492	0	-0.426642	-237.002	0	213.464	213.464	-2.13163e-14	12.4428	0	0	0	0	0	0	0	0	0	0	0	0	0	0	0	0	0	0	0	0	0	0	0	0	0	0	0	0	0	0	0	0	0	
1	1	1	163	4.89		300	0	0	-0.00815	0.00277698	0.00277698	0	0	0	-93.8445	-1.43169e-05	-1.43169e-05	0	0	0	0.41348	-5.21095	0	5.62443		300	0.174537	-0.000777888	0.000304412	0.000304412	0	0	0	0.174537	0	-0.426642	-237.002	0	213.464	213.464	-2.13163e-14	12.4428	0	0	0	0	0	0	0	0	0	0	0	0	0	0	0	0	0	0	0	0	0	0	0	0	0	0	0	0	0	0	0	0	0	
1	1	1	164	4.92		300	0	0	-0.0082	0.00279517	0.00279517	0	0	0	-94.1586	-1.43187e-05	-1.43187e-05	0	0	0	0.418181	-5.21921	0	5.6374		300	0.175579	-0.000803213	0.000314323	0.000314323	0	0	0	0.175579	0	-0.426642	-237.002	0	213.464	213.464	-2.13163e-14	12.4428	0	0	0	0	0	0	0	0	0	0	0	0	0	0	0	0	0	0	0	0	0	0	0	0	0	0	0	0	0	0	0	0	0	
1	1	1	165	4.95		300	0	0	-0.00825	0.00281337	0.00281337	0	0	0	-94.4695	-1.43205e-05	-1.43205e-05	0	0	0	0.422896	-5.22744	0	5.65033		300	0.176618	-0.000828786	0.000324332	0.000324332	0	0	0	0.176618	0	-0.426642	-237.002	0	213.464	213.464	-2.13163e-14	12.4428	0	0	0	0	0	0	0	0	0	0	0	0	0	0	0	0	0	0	0	0	0	0	0	0	0	0	0	0	0	0	0	0	0	
1	1	1	166	4.98		300	0	0	-0.0083	0.00283158	0.00283158	0	0	0	-94.7774	-1.43223e-05	-1.43223e-05	0	0	0	0.427627	-5.23561	0	5.66324		300	0.177655	-0.000854602	0.000334435	0.000334435	0	0	0	0.177655	0	-0.426642	-237.002	0	213.464	213.464	-2.13163e-14	12.4428	0	0	0	0	0	0	0	0	0	0	0	0	0	0	0	0	0	0	0	0	0	0	0	0	0	0	0	0	0	0	0	0	0	
1	1	1	167	5.01		300	0	0	-0.00835	0.00284981	0.00284981	0	0	0	-95.0822	-1.43241e-05	-1.43241e-05	0	0	0	0.432374	-5.24373	0	5.67611		300	0.178689	-0.000880655	0.000344631	0.000344631	0	0	0	0.178689	0	-0.426642	-237.002	0	213.464	213.464	-2.13163e-14	12.4428	0	0	0	0	0	0	0	0	0	0	0	0	0	0	0	0	0	0	0	0	0	0	0	0	0	0	0	0	0	0	0	0	0	
1	1	1	168	5.04		300	0	0	-0.0084	0.00286805	0.00286805	0	0	0	-95.3841	-1.43259e-05	-1.43259e-05	0	0	0	0.437136	-5.25181	0	5.68895		300	0.179721	-0.000906942	0.000354918	0.000354918	0	0	0	0.179721	0	-0.426642	-237.002	0	213.464	213.464	-2.13163e-14	12.4428	0	0	0	0	0	0	0	0	0	0	0	0	0	0	0	0	0	0	0	0	0	0	0	0	0	0	0	0	0	0	0	0	0	
1	1	1	169	5.07		300	0	0	-0.00845	0.0028863	0.0028863	0	0	0	-95.683	-1.43277e-05	-1.43277e-05	0	0	0	0.441912	-5.25985	0	5.70176		300	0.18075	-0.000933456	0.000365295	0.000365295	0	0	0	0.18075	0	-0.426642	-237.002	0	213.464	213.464	-2.13163e-14	12.4428	0	0	0	0	0	0	0	0	0	0	0	0	0	0	0	0	0	0	0	0	0	0	0	0	0	0	0	0	0	0	0	0	0	
1	1	1	170	5.1		300	0	0	-0.0085	0.00290457	0.00290457	0	0	0	-95.9791	-1.43295e-05	-1.43295e-05	0	0	0	0.446704	-5.26783	0	5.71454		300	0.181776	-0.000960195	0.000375759	0.000375759	0	0	0	0.181776	0	-0.426642	-237.002	0	213.464	213.464	-2.13163e-14	12.4428	0	0	0	0	0	0	0	0	0	0	0	0	0	0	0	0	0	0	0	0	0	0	0	0	0	0	0	0	0	0	0	0	0	
1	1	1	171	5.13		300	0	0	-0.00855	0.00292285	0.00292285	0	0	0	-96.2725	-1.43313e-05	-1.43313e-05	0	0	0	0.45151	-5.27577	0	5.72728		300	0.1828	-0.000987152	0.000386309	0.000386309	0	0	0	0.1828	0	-0.426642	-237.002	0	213.464	213.464	-2.13163e-14	12.4428	0	0	0	0	0	0	0	0	0	0	0	0	0	0	0	0	0	0	0	0	0	0	0	0	0	0	0	0	0	0	0	0	0	
1	1	1	172	5.16		300	0	0	-0.0086	0.00294114	0.00294114	0	0	0	-96.563	-1.43331e-05	-1.43331e-05	0	0	0	0.456331	-5.28367	0	5.74		300	0.183822	-0.00101432	0.000396943	0.000396943	0	0	0	0.183822	0	-0.426642	-237.002	0	213.464	213.464	-2.13163e-14	12.4428	0	0	0	0	0	0	0	0	0	0	0	0	0	0	0	0	0	0	0	0	0	0	0	0	0	0	0	0	0	0	0	0	0	
1	1	1	173	5.19		300	0	0	-0.00865	0.00295944	0.00295944	0	0	0	-96.8509	-1.4335e-05	-1.4335e-05	0	0	0	0.461166	-5.29152	0	5.75269		300	0.184841	-0.00104171	0.00040766	0.00040766	0	0	0	0.184841	0	-0.426642	-237.002	0	213.464	213.464	-2.13163e-14	12.4428	0	0	0	0	0	0	0	0	0	0	0	0	0	0	0	0	0	0	0	0	0	0	0	0	0	0	0	0	0	0	0	0	0	
1	1	1	174	5.22		300	0	0	-0.0087	0.00297775	0.00297775	0	0	0	-97.1362	-1.43368e-05	-1.43368e-05	0	0	0	0.466016	-5.29933	0	5.76534		300	0.185857	-0.0010693	0.000418458	0.000418458	0	0	0	0.185857	0	-0.426642	-237.002	0	213.464	213.464	-2.13163e-14	12.4428	0	0	0	0	0	0	0	0	0	0	0	0	0	0	0	0	0	0	0	0	0	0	0	0	0	0	0	0	0	0	0	0	0	
1	1	1	175	5.25		300	0	0	-0.00875	0.00299608	0.00299608	0	0	0	-97.4189	-1.43386e-05	-1.43386e-05	0	0	0	0.47088	-5.30709	0	5.77797		300	0.186872	-0.00109709	0.000429335	0.000429335	0	0	0	0.186872	0	-0.426642	-237.002	0	213.464	213.464	-2.13163e-14	12.4428	0	0	0	0	0	0	0	0	0	0	0	0	0	0	0	0	0	0	0	0	0	0	0	0	0	0	0	0	0	0	0	0	0	
1	1	1	176	5.28		300	0	0	-0.0088	0.00301442	0.00301442	0	0	0	-97.6991	-1.43405e-05	-1.43405e-05	0	0	0	0.475758	-5.3148	0	5.79056		300	0.187883	-0.00112508	0.000440289	0.000440289	0	0	0	0.187883	0	-0.426642	-237.002	0	213.464	213.464	-2.13163e-14	12.4428	0	0	0	0	0	0	0	0	0	0	0	0	0	0	0	0	0	0	0	0	0	0	0	0	0	0	0	0	0	0	0	0	0	
1	1	1	177	5.31		300	0	0	-0.00885	0.00303276	0.00303276	0	0	0	-97.9767	-1.43423e-05	-1.43423e-05	0	0	0	0.48065	-5.32248	0	5.80313		300	0.188893	-0.00115327	0.00045132	0.00045132	0	0	0	0.188893	0	-0.426642	-237.002	0	213.464	213.464	-2.13163e-14	12.4428	0	0	0	0	0	0	0	0	0	0	0	0	0	0	0	0	0	0	0	0	0	0	0	0	0	0	0	0	0	0	0	0	0	
1	1	1	178	5.34		300	0	0	-0.0089	0.00305112	0.00305112	0	0	0	-98.252	-1.43442e-05	-1.43442e-05	0	0	0	0.485555	-5.33011	0	5.81566		300	0.1899	-0.00118165	0.000462426	0.000462426	0	0	0	0.1899	0	-0.426642	-237.002	0	213.464	213.464	-2.13163e-14	12.4428	0	0	0	0	0	0	0	0	0	0	0	0	0	0	0	0	0	0	0	0	0	0	0	0	0	0	0	0	0	0	0	0	0	
1	1	1	179	5.37		300	0	0	-0.00895	0.00306949	0.00306949	0	0	0	-98.5248	-1.4346e-05	-1.4346e-05	0	0	0	0.490475	-5.33769	0	5.82817		300	0.190904	-0.00121021	0.000473606	0.000473606	0	0	0	0.190904	0	-0.426642	-237.002	0	213.464	213.464	-2.13163e-14	12.4428	0	0	0	0	0	0	0	0	0	0	0	0	0	0	0	0	0	0	0	0	0	0	0	0	0	0	0	0	0	0	0	0	0	
1	1	1	180	5.4		300	0	0	-0.009	0.00308787	0.00308787	0	0	0	-98.7953	-1.43479e-05	-1.43479e-05	0	0	0	0.495408	-5.34524	0	5.84064		300	0.191907	-0.00123896	0.000484858	0.000484858	0	0	0	0.191907	0	-0.426642	-237.002	0	213.464	213.464	-2.13163e-14	12.4428	0	0	0	0	0	0	0	0	0	0	0	0	0	0	0	0	0	0	0	0	0	0	0	0	0	0	0	0	0	0	0	0	0	
1	1	1	181	5.43		300	0	0	-0.00905	0.00310626	0.00310626	0	0	0	-99.0635	-1.43497e-05	-1.43497e-05	0	0	0	0.500354	-5.35274	0	5.85309		300	0.192906	-0.00126789	0.00049618	0.00049618	0	0	0	0.192906	0	-0.426642	-237.002	0	213.464	213.464	-2.13163e-14	12.4428	0	0	0	0	0	0	0	0	0	0	0	0	0	0	0	0	0	0	0	0	0	0	0	0	0	0	0	0	0	0	0	0	0	
1	1	1	182	5.46		300	0	0	-0.0091	0.00312466	0.00312466	0	0	0	-99.3295	-1.50556e-05	-1.50556e-05	0	0	0	0.505314	-5.3602	0	5.86551		300	0.193904	-0.001297	0.000507572	0.000507572	0	0	0	0.193904	0	-0.426642	-237.002	0	213.464	213.464	-2.13163e-14	12.4428	0	0	0	0	0	0	0	0	0	0	0	0	0	0	0	0	0	0	0	0	0	0	0	0	0	0	0	0	0	0	0	0	0	
1	1	1	183	5.49		300	0	0	-0.00915	0.00314306	0.00314306	0	0	0	-99.5932	-1.57597e-05	-1.57597e-05	0	0	0	0.510287	-5.36761	0	5.8779		300	0.194899	-0.00132628	0.000519032	0.000519032	0	0	0	0.194899	0	-0.426642	-237.002	0	213.464	213.464	-2.13163e-14	12.4428	0	0	0	0	0	0	0	0	0	0	0	0	0	0	0	0	0	0	0	0	0	0	0	0	0	0	0	0	0	0	0	0	0	
1	1	1	184	5.52		300	0	0	-0.0092	0.00316148	0.00316148	0	0	0	-99.8547	-1.64619e-05	-1.64619e-05	0	0	0	0.515273	-5.37499	0	5.89026		300	0.195892	-0.00135574	0.00053056	0.00053056	0	0	0	0.195892	0	-0.426642	-237.002	0	213.464	213.464	-2.13163e-14	12.4428	0	0	0	0	0	0	0	0	0	0	0	0	0	0	0	0	0	0	0	0	0	0	0	0	0	0	0	0	0	0	0	0	0	
1	1	1	185	5.55		300	0	0	-0.00925	0.00317991	0.00317991	0	0	0	-100.114	-1.71623e-05	-1.71623e-05	0	0	0	0.520273	-5.38232	0	5.90259		300	0.196883	-0.00138536	0.000542153	0.000542153	0	0	0	0.196883	0	-0.426642	-237.002	0	213.464	213.464	-2.13163e-14	12.4428	0	0	0	0	0	0	0	0	0	0	0	0	0	0	0	0	0	0	0	0	0	0	0	0	0	0	0	0	0	0	0	0	0	
1	1	1	186	5.58		300	0	0	-0.0093	0.00319835	0.00319835	0	0	0	-100.371	-1.78607e-05	-1.78607e-05	0	0	0	0.525285	-5.38962	0	5.9149		300	0.197871	-0.00141515	0.000553811	0.000553811	0	0	0	0.197871	0	-0.426642	-237.002	0	213.464	213.464	-2.13163e-14	12.4428	0	0	0	0	0	0	0	0	0	0	0	0	0	0	0	0	0	0	0	0	0	0	0	0	0	0	0	0	0	0	0	0	0	
1	1	1	187	5.61		300	0	0	-0.00935	0.00321679	0.00321679	0	0	0	-100.627	-1.85573e-05	-1.85573e-05	0	0	0	0.53031	-5.39687	0	5.92718		300	0.198858	-0.0014451	0.000565532	0.000565532	0	0	0	0.198858	0	-0.426642	-237.002	0	213.464	213.464	-2.13163e-14	12.4428	0	0	0	0	0	0	0	0	0	0	0	0	0	0	0	0	0	0	0	0	0	0	0	0	0	0	0	0	0	0	0	0	0	
1	1	1	188	5.64		300	0	0	-0.0094	0.00323525	0.00323525	0	0	0	-100.88	-1.9252e-05	-1.9252e-05	0	0	0	0.535347	-5.40408	0	5.93943		300	0.199841	-0.00147521	0.000577316	0.000577316	0	0	0	0.199841	0	-0.426642	-237.002	0	213.464	213.464	-2.13163e-14	12.4428	0	0	0	0	0	0	0	0	0	0	0	0	0	0	0	0	0	0	0	0	0	0	0	0	0	0	0	0	0	0	0	0	0	
1	1	1	189	5.67		300	0	0	-0.00945	0.00325371	0.00325371	0	0	0	-101.131	-1.99448e-05	-1.99448e-05	0	0	0	0.540398	-5.41125	0	5.95165		300	0.200823	-0.00150548	0.000589162	0.000589162	0	0	0	0.200823	0	-0.426642	-237.002	0	213.464	213.464	-2.13163e-14	12.4428	0	0	0	0	0	0	0	0	0	0	0	0	0	0	0	0	0	0	0	0	0	0	0	0	0	0	0	0	0	0	0	0	0	
1	1	1	190	5.7		300	0	0	-0.0095	0.00327218	0.00327218	0	0	0	-101.38	-2.06356e-05	-2.06356e-05	0	0	0	0.54546	-5.41839	0	5.96385		300	0.201803	-0.0015359	0.000601067	0.000601067	0	0	0	0.201803	0	-0.426642	-237.002	0	213.464	213.464	-2.13163e-14	12.4428	0	0	0	0	0	0	0	0	0	0	0	0	0	0	0	0	0	0	0	0	0	0	0	0	0	0	0	0	0	0	0	0	0	
1	1	1	191	5.73		300	0	0	-0.00955	0.00329067	0.00329067	0	0	0	-101.628	-2.13246e-05	-2.13246e-05	0	0	0	0.550536	-5.42548	0	5.97601		300	0.20278	-0.00156647	0.000613032	0.000613032	0	0	0	0.20278	0	-0.426642	-237.002	0	213.464	213.464	-2.13163e-14	12.4428	0	0	0	0	0	0	0	0	0	0	0	0	0	0	0	0	0	0	0	0	0	0	0	0	0	0	0	0	0	0	0	0	0	
1	1	1	192	5.76		300	0	0	-0.0096	0.00330915	0.00330915	0	0	0	-101.873	-2.20117e-05	-2.20117e-05	0	0	0	0.555623	-5.43253	0	5.98816		300	0.203756	-0.00159719	0.000625055	0.000625055	0	0	0	0.203756	0	-0.426642	-237.002	0	213.464	213.464	-2.13163e-14	12.4428	0	0	0	0	0	0	0	0	0	0	0	0	0	0	0	0	0	0	0	0	0	0	0	0	0	0	0	0	0	0	0	0	0	
1	1	1	193	5.79		300	0	0	-0.00965	0.00332765	0.00332765	0	0	0	-102.117	-2.26969e-05	-2.26969e-05	0	0	0	0.560723	-5.43955	0	6.00027		300	0.204729	-0.00162806	0.000637136	0.000637136	0	0	0	0.204729	0	-0.426642	-237.002	0	213.464	213.464	-2.13163e-14	12.4428	0	0	0	0	0	0	0	0	0	0	0	0	0	0	0	0	0	0	0	0	0	0	0	0	0	0	0	0	0	0	0	0	0	
1	1	1	194	5.82		300	0	0	-0.0097	0.00334616	0.00334616	0	0	0	-102.358	-2.33801e-05	-2.33801e-05	0	0	0	0.565835	-5.44653	0	6.01236		300	0.2057	-0.00165907	0.000649273	0.000649273	0	0	0	0.2057	0	-0.426642	-237.002	0	213.464	213.464	-2.13163e-14	12.4428	0	0	0	0	0	0	0	0	0	0	0	0	0	0	0	0	0	0	0	0	0	0	0	0	0	0	0	0	0	0	0	0	0	
1	1	1	195	5.85		300	0	0	-0.00975	0.00336467	0.00336467	0	0	0	-102.598	-2.40615e-05	-2.40615e-05	0	0	0	0.570959	-5.45346	0	6.02442		300	0.206668	-0.00169022	0.000661465	0.000661465	0	0	0	0.206668	0	-0.426642	-237.002	0	213.464	213.464	-2.13163e-14	12.4428	0	0	0	0	0	0	0	0	0	0	0	0	0	0	0	0	0	0	0	0	0	0	0	0	0	0	0	0	0	0	0	0	0	
1	1	1	196	5.88		300	0	0	-0.0098	0.00338319	0.00338319	0	0	0	-102.836	-2.4741e-05	-2.4741e-05	0	0	0	0.576095	-5.46037	0	6.03646		300	0.207635	-0.00172151	0.000673712	0.000673712	0	0	0	0.207635	0	-0.426642	-237.002	0	213.464	213.464	-2.13163e-14	12.4428	0	0	0	0	0	0	0	0	0	0	0	0	0	0	0	0	0	0	0	0	0	0	0	0	0	0	0	0	0	0	0	0	0	
1	1	1	197	5.91		300	0	0	-0.00985	0.00340172	0.00340172	0	0	0	-103.073	-2.54186e-05	-2.54186e-05	0	0	0	0.581242	-5.46723	0	6.04847		300	0.2086	-0.00175294	0.000686012	0.000686012	0	0	0	0.2086	0	-0.426642	-237.002	0	213.464	213.464	-2.13163e-14	12.4428	0	0	0	0	0	0	0	0	0	0	0	0	0	0	0	0	0	0	0	0	0	0	0	0	0	0	0	0	0	0	0	0	0	
1	1	1	198	5.94		300	0	0	-0.0099	0.00342026	0.00342026	0	0	0	-103.307	-2.60943e-05	-2.60943e-05	0	0	0	0.586402	-5.47406	0	6.06046		300	0.209563	-0.00178451	0.000698365	0.000698365	0	0	0	0.209563	0	-0.426642	-237.002	0	213.464	213.464	-2.13163e-14	12.4428	0	0	0	0	0	0	0	0	0	0	0	0	0	0	0	0	0	0	0	0	0	0	0	0	0	0	0	0	0	0	0	0	0	
1	1	1	199	5.97		300	0	0	-0.00995	0.0034388	0.0034388	0	0	0	-103.54	-2.67682e-05	-2.67682e-05	0	0	0	0.591573	-5.48084	0	6.07242		300	0.210523	-0.0018162	0.00071077	0.00071077	0	0	0	0.210523	0	-0.426642	-237.002	0	213.464	213.464	-2.13163e-14	12.4428	0	0	0	0	0	0	0	0	0	0	0	0	0	0	0	0	0	0	0	0	0	0	0	0	0	0	0	0	0	0	0	0	0	
1	1	1	200	6		300	0	0	-0.01	0.00345735	0.00345735	0	0	0	-103.772	-2.74401e-05	-2.74401e-05	0	0	0	0.596756	-5.4876	0	6.08435		300	0.211482	-0.00184803	0.000723226	0.000723226	0	0	0	0.211482	0	-0.426642	-237.002	0	213.464	213.464	-2.13163e-14	12.4428	0	0	0	0	0	0	0	0	0	0	0	0	0	0	0	0	0	0	0	0	0	0	0	0	0	0	0	0	0	0	0	0	0	
1	1	1	201	6.03		300	0	0	-0.01005	0.00347591	0.00347591	0	0	0	-104.001	-2.81103e-05	-2.81103e-05	0	0	0	0.60195	-5.49431	0	6.09626		300	0.212439	-0.00187999	0.000735732	0.000735732	0	0	0	0.212439	0	-0.426642	-237.002	0	213.464	213.464	-2.13163e-14	12.4428	0	0	0	0	0	0	0	0	0	0	0	0	0	0	0	0	0	0	0	0	0	0	0	0	0	0	0	0	0	0	0	0	0	
1	1	1	202	6.06		300	0	0	-0.0101	0.00349448	0.00349448	0	0	0	-104.23	-2.87786e-05	-2.87786e-05	0	0	0	0.607156	-5.50099	0	6.10815		300	0.213393	-0.00191207	0.000748288	0.000748288	0	0	0	0.213393	0	-0.426642	-237.002	0	213.464	213.464	-2.13163e-14	12.4428	0	0	0	0	0	0	0	0	0	0	0	0	0	0	0	0	0	0	0	0	0	0	0	0	0	0	0	0	0	0	0	0	0	
1	1	1	203	6.09		300	0	0	-0.01015	0.00351305	0.00351305	0	0	0	-104.456	-2.9445e-05	-2.9445e-05	0	0	0	0.612373	-5.50764	0	6.12001		300	0.214346	-0.00194427	0.000760893	0.000760893	0	0	0	0.214346	0	-0.426642	-237.002	0	213.464	213.464	-2.13163e-14	12.4428	0	0	0	0	0	0	0	0	0	0	0	0	0	0	0	0	0	0	0	0	0	0	0	0	0	0	0	0	0	0	0	0	0	
1	1	1	204	6.12		300	0	0	-0.0102	0.00353163	0.00353163	0	0	0	-104.681	-3.01096e-05	-3.01096e-05	0	0	0	0.617601	-5.51425	0	6.13185		300	0.215296	-0.0019766	0.000773545	0.000773545	0	0	0	0.215296	0	-0.426642	-237.002	0	213.464	213.464	-2.13163e-14	12.4428	0	0	0	0	0	0	0	0	0	0	0	0	0	0	0	0	0	0	0	0	0	0	0	0	0	0	0	0	0	0	0	0	0	
1	1	1	205	6.15		300	0	0	-0.01025	0.00355021	0.00355021	0	0	0	-104.904	-3.07724e-05	-3.07724e-05	0	0	0	0.622841	-5.52082	0	6.14366		300	0.216245	-0.00200905	0.000786245	0.000786245	0	0	0	0.216245	0	-0.426642	-237.002	0	213.464	213.464	-2.13163e-14	12.4428	0	0	0	0	0	0	0	0	0	0	0	0	0	0	0	0	0	0	0	0	0	0	0	0	0	0	0	0	0	0	0	0	0	
1	1	1	206	6.18		300	0	0	-0.0103	0.00356881	0.00356881	0	0	0	-105.126	-3.14334e-05	-3.14334e-05	0	0	0	0.628092	-5.52736	0	6.15545		300	0.217192	-0.00204162	0.000798991	0.000798991	0	0	0	0.217192	0	-0.426642	-237.002	0	213.464	213.464	-2.13163e-14	12.4428	0	0	0	0	0	0	0	0	0	0	0	0	0	0	0	0	0	0	0	0	0	0	0	0	0	0	0	0	0	0	0	0	0	
1	1	1	207	6.21		300	0	0	-0.01035	0.00358741	0.00358741	0	0	0	-105.347	-3.20926e-05	-3.20926e-05	0	0	0	0.633354	-5.53386	0	6.16721		300	0.218137	-0.0020743	0.000811783	0.000811783	0	0	0	0.218137	0	-0.426642	-237.002	0	213.464	213.464	-2.13163e-14	12.4428	0	0	0	0	0	0	0	0	0	0	0	0	0	0	0	0	0	0	0	0	0	0	0	0	0	0	0	0	0	0	0	0	0	
1	1	1	208	6.24		300	0	0	-0.0104	0.00360601	0.00360601	0	0	0	-105.566	-3.27499e-05	-3.27499e-05	0	0	0	0.638626	-5.54033	0	6.17895		300	0.21908	-0.0021071	0.00082462	0.00082462	0	0	0	0.21908	0	-0.426642	-237.002	0	213.464	213.464	-2.13163e-14	12.4428	0	0	0	0	0	0	0	0	0	0	0	0	0	0	0	0	0	0	0	0	0	0	0	0	0	0	0	0	0	0	0	0	0	
1	1	1	209	6.27		300	0	0	-0.01045	0.00362462	0.00362462	0	0	0	-105.783	-3.34056e-05	-3.34056e-05	0	0	0	0.64391	-5.54676	0	6.19067		300	0.220021	-0.00214002	0.000837501	0.000837501	0	0	0	0.220021	0	-0.426642	-237.002	0	213.464	213.464	-2.13163e-14	12.4428	0	0	0	0	0	0	0	0	0	0	0	0	0	0	0	0	0	0	0	0	0	0	0	0	0	0	0	0	0	0	0	0	0	
1	1	1	210	6.3		300	0	0	-0.0105	0.00364324	0.00364324	0	0	0	-105.999	-3.40594e-05	-3.40594e-05	0	0	0	0.649205	-5.55316	0	6.20237		300	0.22096	-0.00217304	0.000850426	0.000850426	0	0	0	0.22096	0	-0.426642	-237.002	0	213.464	213.464	-2.13163e-14	12.4428	0	0	0	0	0	0	0	0	0	0	0	0	0	0	0	0	0	0	0	0	0	0	0	0	0	0	0	0	0	0	0	0	0	
1	1	1	211	6.33		300	0	0	-0.01055	0.00366187	0.00366187	0	0	0	-106.214	-3.47115e-05	-3.47115e-05	0	0	0	0.65451	-5.55953	0	6.21404		300	0.221898	-0.00220618	0.000863394	0.000863394	0	0	0	0.221898	0	-0.426642	-237.002	0	213.464	213.464	-2.13163e-14	12.4428	0	0	0	0	0	0	0	0	0	0	0	0	0	0	0	0	0	0	0	0	0	0	0	0	0	0	0	0	0	0	0	0	0	
1	1	1	212	6.36		300	0	0	-0.0106	0.0036805	0.0036805	0	0	0	-106.427	-3.53619e-05	-3.53619e-05	0	0	0	0.659826	-5.56586	0	6.22569		300	0.222833	-0.00223942	0.000876405	0.000876405	0	0	0	0.222833	0	-0.426642	-237.002	0	213.464	213.464	-2.13163e-14	12.4428	0	0	0	0	0	0	0	0	0	0	0	0	0	0	0	0	0	0	0	0	0	0	0	0	0	0	0	0	0	0	0	0	0	
1	1	1	213	6.39		300	0	0	-0.01065	0.00369913	0.00369913	0	0	0	-106.639	-3.60105e-05	-3.60105e-05	0	0	0	0.665153	-5.57216	0	6.23731		300	0.223767	-0.00227277	0.000889457	0.000889457	0	0	0	0.223767	0	-0.426642	-237.002	0	213.464	213.464	-2.13163e-14	12.4428	0	0	0	0	0	0	0	0	0	0	0	0	0	0	0	0	0	0	0	0	0	0	0	0	0	0	0	0	0	0	0	0	0	
1	1	1	214	6.42		300	0	0	-0.0107	0.00371778	0.00371778	0	0	0	-106.85	-3.66574e-05	-3.66574e-05	0	0	0	0.67049	-5.57842	0	6.24891		300	0.224699	-0.00230623	0.000902551	0.000902551	0	0	0	0.224699	0	-0.426642	-237.002	0	213.464	213.464	-2.13163e-14	12.4428	0	0	0	0	0	0	0	0	0	0	0	0	0	0	0	0	0	0	0	0	0	0	0	0	0	0	0	0	0	0	0	0	0	
1	1	1	215	6.45		300	0	0	-0.01075	0.00373642	0.00373642	0	0	0	-107.059	-3.73026e-05	-3.73026e-05	0	0	0	0.675838	-5.58466	0	6.2605		300	0.225629	-0.00233979	0.000915685	0.000915685	0	0	0	0.225629	0	-0.426642	-237.002	0	213.464	213.464	-2.13163e-14	12.4428	0	0	0	0	0	0	0	0	0	0	0	0	0	0	0	0	0	0	0	0	0	0	0	0	0	0	0	0	0	0	0	0	0	
1	1	1	216	6.48		300	0	0	-0.0108	0.00375508	0.00375508	0	0	0	-107.267	-3.79461e-05	-3.79461e-05	0	0	0	0.681196	-5.59086	0	6.27205		300	0.226557	-0.00237345	0.000928859	0.000928859	0	0	0	0.226557	0	-0.426642	-237.002	0	213.464	213.464	-2.13163e-14	12.4428	0	0	0	0	0	0	0	0	0	0	0	0	0	0	0	0	0	0	0	0	0	0	0	0	0	0	0	0	0	0	0	0	0	
1	1	1	217	6.51		300	0	0	-0.01085	0.00377374	0.00377374	0	0	0	-107.474	-3.85879e-05	-3.85879e-05	0	0	0	0.686564	-5.59703	0	6.28359		300	0.227483	-0.00240721	0.000942073	0.000942073	0	0	0	0.227483	0	-0.426642	-237.002	0	213.464	213.464	-2.13163e-14	12.4428	0	0	0	0	0	0	0	0	0	0	0	0	0	0	0	0	0	0	0	0	0	0	0	0	0	0	0	0	0	0	0	0	0	
1	1	1	218	6.54		300	0	0	-0.0109	0.0037924	0.0037924	0	0	0	-107.679	-3.92281e-05	-3.92281e-05	0	0	0	0.691943	-5.60316	0	6.29511		300	0.228408	-0.00244107	0.000955325	0.000955325	0	0	0	0.228408	0	-0.426642	-237.002	0	213.464	213.464	-2.13163e-14	12.4428	0	0	0	0	0	0	0	0	0	0	0	0	0	0	0	0	0	0	0	0	0	0	0	0	0	0	0	0	0	0	0	0	0	
1	1	1	219	6.57		300	0	0	-0.01095	0.00381107	0.00381107	0	0	0	-107.883	-3.98666e-05	-3.98666e-05	0	0	0	0.697332	-5.60927	0	6.3066		300	0.229331	-0.00247503	0.000968616	0.000968616	0	0	0	0.229331	0	-0.426642	-237.002	0	213.464	213.464	-2.13163e-14	12.4428	0	0	0	0	0	0	0	0	0	0	0	0	0	0	0	0	0	0	0	0	0	0	0	0	0	0	0	0	0	0	0	0	0	
1	1	1	220	6.6		300	0	0	-0.011	0.00382975	0.00382975	0	0	0	-108.086	-4.05034e-05	-4.05034e-05	0	0	0	0.702732	-5.61534	0	6.31807		300	0.230252	-0.00250909	0.000981945	0.000981945	0	0	0	0.230252	0	-0.426642	-237.002	0	213.464	213.464	-2.13163e-14	12.4428	0	0	0	0	0	0	0	0	0	0	0	0	0	0	0	0	0	0	0	0	0	0	0	0	0	0	0	0	0	0	0	0	0	
1	1	1	221	6.63		300	0	0	-0.01105	0.00384843	0.00384843	0	0	0	-108.288	-4.11386e-05	-4.11386e-05	0	0	0	0.708141	-5.62138	0	6.32952		300	0.231172	-0.00254324	0.000995311	0.000995311	0	0	0	0.231172	0	-0.426642	-237.002	0	213.464	213.464	-2.13163e-14	12.4428	0	0	0	0	0	0	0	0	0	0	0	0	0	0	0	0	0	0	0	0	0	0	0	0	0	0	0	0	0	0	0	0	0	
1	1	1	222	6.66		300	0	0	-0.0111	0.00386712	0.00386712	0	0	0	-108.489	-4.17722e-05	-4.17722e-05	0	0	0	0.71356	-5.62739	0	6.34095		300	0.23209	-0.00257749	0.00100871	0.00100871	0	0	0	0.23209	0	-0.426642	-237.002	0	213.464	213.464	-2.13163e-14	12.4428	0	0	0	0	0	0	0	0	0	0	0	0	0	0	0	0	0	0	0	0	0	0	0	0	0	0	0	0	0	0	0	0	0	
1	1	1	223	6.69		300	0	0	-0.01115	0.00388581	0.00388581	0	0	0	-108.688	-4.24042e-05	-4.24042e-05	0	0	0	0.71899	-5.63337	0	6.35236		300	0.233006	-0.00261183	0.00102215	0.00102215	0	0	0	0.233006	0	-0.426642	-237.002	0	213.464	213.464	-2.13163e-14	12.4428	0	0	0	0	0	0	0	0	0	0	0	0	0	0	0	0	0	0	0	0	0	0	0	0	0	0	0	0	0	0	0	0	0	
1	1	1	224	6.72		300	0	0	-0.0112	0.00390451	0.00390451	0	0	0	-108.886	-4.30346e-05	-4.30346e-05	0	0	0	0.724429	-5.63931	0	6.36374		300	0.23392	-0.00264626	0.00103563	0.00103563	0	0	0	0.23392	0	-0.426642	-237.002	0	213.464	213.464	-2.13163e-14	12.4428	0	0	0	0	0	0	0	0	0	0	0	0	0	0	0	0	0	0	0	0	0	0	0	0	0	0	0	0	0	0	0	0	0	
1	1	1	225	6.75		300	0	0	-0.01125	0.00392321	0.00392321	0	0	0	-109.083	-4.36634e-05	-4.36634e-05	0	0	0	0.729878	-5.64523	0	6.37511		300	0.234833	-0.00268078	0.00104914	0.00104914	0	0	0	0.234833	0	-0.426642	-237.002	0	213.464	213.464	-2.13163e-14	12.4428	0	0	0	0	0	0	0	0	0	0	0	0	0	0	0	0	0	0	0	0	0	0	0	0	0	0	0	0	0	0	0	0	0	
1	1	1	226	6.78		300	0	0	-0.0113	0.00394192	0.00394192	0	0	0	-109.279	-4.42906e-05	-4.42906e-05	0	0	0	0.735337	-5.65112	0	6.38646		300	0.235744	-0.00271539	0.00106268	0.00106268	0	0	0	0.235744	0	-0.426642	-237.002	0	213.464	213.464	-2.13163e-14	12.4428	0	0	0	0	0	0	0	0	0	0	0	0	0	0	0	0	0	0	0	0	0	0	0	0	0	0	0	0	0	0	0	0	0	
1	1	1	227	6.81		300	0	0	-0.01135	0.00396063	0.00396063	0	0	0	-109.474	-4.49163e-05	-4.49163e-05	0	0	0	0.740806	-5.65697	0	6.39778		300	0.236654	-0.00275008	0.00107626	0.00107626	0	0	0	0.236654	0	-0.426642	-237.002	0	213.464	213.464	-2.13163e-14	12.4428	0	0	0	0	0	0	0	0	0	0	0	0	0	0	0	0	0	0	0	0	0	0	0	0	0	0	0	0	0	0	0	0	0	
1	1	1	228	6.84		300	0	0	-0.0114	0.00397934	0.00397934	0	0	0	-109.668	-4.55404e-05	-4.55404e-05	0	0	0	0.746285	-5.6628	0	6.40909		300	0.237562	-0.00278487	0.00108988	0.00108988	0	0	0	0.237562	0	-0.426642	-237.002	0	213.464	213.464	-2.13163e-14	12.4428	0	0	0	0	0	0	0	0	0	0	0	0	0	0	0	0	0	0	0	0	0	0	0	0	0	0	0	0	0	0	0	0	0	
1	1	1	229	6.87		300	0	0	-0.01145	0.00399807	0.00399807	0	0	0	-109.86	-4.6163e-05	-4.6163e-05	0	0	0	0.751773	-5.6686	0	6.42037		300	0.238468	-0.00281974	0.00110352	0.00110352	0	0	0	0.238468	0	-0.426642	-237.002	0	213.464	213.464	-2.13163e-14	12.4428	0	0	0	0	0	0	0	0	0	0	0	0	0	0	0	0	0	0	0	0	0	0	0	0	0	0	0	0	0	0	0	0	0	
1	1	1	230	6.9		300	0	0	-0.0115	0.00401679	0.00401679	0	0	0	-110.052	-4.67841e-05	-4.67841e-05	0	0	0	0.757271	-5.67436	0	6.43163		300	0.239373	-0.00285469	0.0011172	0.0011172	0	0	0	0.239373	0	-0.426642	-237.002	0	213.464	213.464	-2.13163e-14	12.4428	0	0	0	0	0	0	0	0	0	0	0	0	0	0	0	0	0	0	0	0	0	0	0	0	0	0	0	0	0	0	0	0	0	
1	1	1	231	6.93		300	0	0	-0.01155	0.00403552	0.00403552	0	0	0	-110.242	-4.74036e-05	-4.74036e-05	0	0	0	0.762778	-5.6801	0	6.44288		300	0.240276	-0.00288973	0.00113091	0.00113091	0	0	0	0.240276	0	-0.426642	-237.002	0	213.464	213.464	-2.13163e-14	12.4428	0	0	0	0	0	0	0	0	0	0	0	0	0	0	0	0	0	0	0	0	0	0	0	0	0	0	0	0	0	0	0	0	0	
1	1	1	232	6.96		300	0	0	-0.0116	0.00405426	0.00405426	0	0	0	-110.432	-4.80217e-05	-4.80217e-05	0	0	0	0.768295	-5.68581	0	6.4541		300	0.241177	-0.00292485	0.00114466	0.00114466	0	0	0	0.241177	0	-0.426642	-237.002	0	213.464	213.464	-2.13163e-14	12.4428	0	0	0	0	0	0	0	0	0	0	0	0	0	0	0	0	0	0	0	0	0	0	0	0	0	0	0	0	0	0	0	0	0	
1	1	1	233	6.99		300	0	0	-0.01165	0.004073	0.004073	0	0	0	-110.62	-4.86383e-05	-4.86383e-05	0	0	0	0.773821	-5.69149	0	6.46531		300	0.242077	-0.00296004	0.00115844	0.00115844	0	0	0	0.242077	0	-0.426642	-237.002	0	213.464	213.464	-2.13163e-14	12.4428	0	0	0	0	0	0	0	0	0	0	0	0	0	0	0	0	0	0	0	0	0	0	0	0	0	0	0	0	0	0	0	0	0	
1	1	1	234	7.02		300	0	0	-0.0117	0.00409174	0.00409174	0	0	0	-110.808	-4.92534e-05	-4.92534e-05	0	0	0	0.779357	-5.69714	0	6.4765		300	0.242975	-0.00299532	0.00117224	0.00117224	0	0	0	0.242975	0	-0.426642	-237.002	0	213.464	213.464	-2.13163e-14	12.4428	0	0	0	0	0	0	0	0	0	0	0	0	0	0	0	0	0	0	0	0	0	0	0	0	0	0	0	0	0	0	0	0	0	
1	1	1	235	7.05		300	0	0	-0.01175	0.00411049	0.00411049	0	0	0	-110.994	-4.9867e-05	-4.9867e-05	0	0	0	0.784902	-5.70276	0	6.48766		300	0.243872	-0.00303068	0.00118608	0.00118608	0	0	0	0.243872	0	-0.426642	-237.002	0	213.464	213.464	-2.13163e-14	12.4428	0	0	0	0	0	0	0	0	0	0	0	0	0	0	0	0	0	0	0	0	0	0	0	0	0	0	0	0	0	0	0	0	0	
1	1	1	236	7.08		300	0	0	-0.0118	0.00412925	0.00412925	0	0	0	-111.179	-5.04791e-05	-5.04791e-05	0	0	0	0.790456	-5.70835	0	6.49881		300	0.244767	-0.00306612	0.00119995	0.00119995	0	0	0	0.244767	0	-0.426642	-237.002	0	213.464	213.464	-2.13163e-14	12.4428	0	0	0	0	0	0	0	0	0	0	0	0	0	0	0	0	0	0	0	0	0	0	0	0	0	0	0	0	0	0	0	0	0	
1	1	1	237	7.11		300	0	0	-0.01185	0.004148	0.004148	0	0	0	-111.364	-5.10899e-05	-5.10899e-05	0	0	0	0.79602	-5.71392	0	6.50994		300	0.245661	-0.00310163	0.00121385	0.00121385	0	0	0	0.245661	0	-0.426642	-237.002	0	213.464	213.464	-2.13163e-14	12.4428	0	0	0	0	0	0	0	0	0	0	0	0	0	0	0	0	0	0	0	0	0	0	0	0	0	0	0	0	0	0	0	0	0	
1	1	1	238	7.14		300	0	0	-0.0119	0.00416677	0.00416677	0	0	0	-111.547	-5.16992e-05	-5.16992e-05	0	0	0	0.801593	-5.71946	0	6.52105		300	0.246553	-0.00313722	0.00122778	0.00122778	0	0	0	0.246553	0	-0.426642	-237.002	0	213.464	213.464	-2.13163e-14	12.4428	0	0	0	0	0	0	0	0	0	0	0	0	0	0	0	0	0	0	0	0	0	0	0	0	0	0	0	0	0	0	0	0	0	
1	1	1	239	7.17		300	0	0	-0.01195	0.00418553	0.00418553	0	0	0	-111.73	-5.2307e-05	-5.2307e-05	0	0	0	0.807175	-5.72497	0	6.53214		300	0.247444	-0.00317289	0.00124174	0.00124174	0	0	0	0.247444	0	-0.426642	-237.002	0	213.464	213.464	-2.13163e-14	12.4428	0	0	0	0	0	0	0	0	0	0	0	0	0	0	0	0	0	0	0	0	0	0	0	0	0	0	0	0	0	0	0	0	0	
1	1	1	240	7.2		300	0	0	-0.012	0.0042043	0.0042043	0	0	0	-111.911	-5.29135e-05	-5.29135e-05	0	0	0	0.812766	-5.73045	0	6.54321		300	0.248333	-0.00320863	0.00125572	0.00125572	0	0	0	0.248333	0	-0.426642	-237.002	0	213.464	213.464	-2.13163e-14	12.4428	0	0	0	0	0	0	0	0	0	0	0	0	0	0	0	0	0	0	0	0	0	0	0	0	0	0	0	0	0	0	0	0	0	
1	1	1	241	7.23		300	0	0	-0.01205	0.00422308	0.00422308	0	0	0	-112.092	-5.35186e-05	-5.35186e-05	0	0	0	0.818366	-5.7359	0	6.55427		300	0.24922	-0.00324444	0.00126974	0.00126974	0	0	0	0.24922	0	-0.426642	-237.002	0	213.464	213.464	-2.13163e-14	12.4428	0	0	0	0	0	0	0	0	0	0	0	0	0	0	0	0	0	0	0	0	0	0	0	0	0	0	0	0	0	0	0	0	0	
1	1	1	242	7.26		300	0	0	-0.0121	0.00424185	0.00424185	0	0	0	-112.271	-5.41223e-05	-5.41223e-05	0	0	0	0.823975	-5.74133	0	6.5653		300	0.250107	-0.00328032	0.00128378	0.00128378	0	0	0	0.250107	0	-0.426642	-237.002	0	213.464	213.464	-2.13163e-14	12.4428	0	0	0	0	0	0	0	0	0	0	0	0	0	0	0	0	0	0	0	0	0	0	0	0	0	0	0	0	0	0	0	0	0	
1	1	1	243	7.29		300	0	0	-0.01215	0.00426064	0.00426064	0	0	0	-112.45	-5.47246e-05	-5.47246e-05	0	0	0	0.829593	-5.74673	0	6.57632		300	0.250991	-0.00331628	0.00129786	0.00129786	0	0	0	0.250991	0	-0.426642	-237.002	0	213.464	213.464	-2.13163e-14	12.4428	0	0	0	0	0	0	0	0	0	0	0	0	0	0	0	0	0	0	0	0	0	0	0	0	0	0	0	0	0	0	0	0	0	
1	1	1	244	7.32		300	0	0	-0.0122	0.00427942	0.00427942	0	0	0	-112.628	-5.53255e-05	-5.53255e-05	0	0	0	0.83522	-5.7521	0	6.58732		300	0.251874	-0.00335231	0.00131196	0.00131196	0	0	0	0.251874	0	-0.426642	-237.002	0	213.464	213.464	-2.13163e-14	12.4428	0	0	0	0	0	0	0	0	0	0	0	0	0	0	0	0	0	0	0	0	0	0	0	0	0	0	0	0	0	0	0	0	0	
1	1	1	245	7.35		300	0	0	-0.01225	0.00429821	0.00429821	0	0	0	-112.805	-5.59251e-05	-5.59251e-05	0	0	0	0.840856	-5.75744	0	6.5983		300	0.252756	-0.0033884	0.00132608	0.00132608	0	0	0	0.252756	0	-0.426642	-237.002	0	213.464	213.464	-2.13163e-14	12.4428	0	0	0	0	0	0	0	0	0	0	0	0	0	0	0	0	0	0	0	0	0	0	0	0	0	0	0	0	0	0	0	0	0	
1	1	1	246	7.38		300	0	0	-0.0123	0.00431701	0.00431701	0	0	0	-112.981	-5.65233e-05	-5.65233e-05	0	0	0	0.8465	-5.76276	0	6.60926		300	0.253637	-0.00342457	0.00134024	0.00134024	0	0	0	0.253637	0	-0.426642	-237.002	0	213.464	213.464	-2.13163e-14	12.4428	0	0	0	0	0	0	0	0	0	0	0	0	0	0	0	0	0	0	0	0	0	0	0	0	0	0	0	0	0	0	0	0	0	
1	1	1	247	7.41		300	0	0	-0.01235	0.00433581	0.00433581	0	0	0	-113.156	-5.71202e-05	-5.71202e-05	0	0	0	0.852154	-5.76805	0	6.62021		300	0.254516	-0.0034608	0.00135442	0.00135442	0	0	0	0.254516	0	-0.426642	-237.002	0	213.464	213.464	-2.13163e-14	12.4428	0	0	0	0	0	0	0	0	0	0	0	0	0	0	0	0	0	0	0	0	0	0	0	0	0	0	0	0	0	0	0	0	0	
1	1	1	248	7.44		300	0	0	-0.0124	0.00435461	0.00435461	0	0	0	-113.331	-5.77158e-05	-5.77158e-05	0	0	0	0.857816	-5.77332	0	6.63114		300	0.255393	-0.0034971	0.00136863	0.00136863	0	0	0	0.255393	0	-0.426642	-237.002	0	213.464	213.464	-2.13163e-14	12.4428	0	0	0	0	0	0	0	0	0	0	0	0	0	0	0	0	0	0	0	0	0	0	0	0	0	0	0	0	0	0	0	0	0	
1	1	1	249	7.47		300	0	0	-0.01245	0.00437341	0.00437341	0	0	0	-113.504	-5.831e-05	-5.831e-05	0	0	0	0.863487	-5.77856	0	6.64205		300	0.256269	-0.00353347	0.00138286	0.00138286	0	0	0	0.256269	0	-0.426642	-237.002	0	213.464	213.464	-2.13163e-14	12.4428	0	0	0	0	0	0	0	0	0	0	0	0	0	0	0	0	0	0	0	0	0	0	0	0	0	0	0	0	0	0	0	0	0	
1	1	1	250	7.5		300	0	0	-0.0125	0.00439222	0.00439222	0	0	0	-113.677	-5.8903e-05	-5.8903e-05	0	0	0	0.869166	-5.78377	0	6.65294		300	0.257144	-0.0035699	0.00139712	0.00139712	0	0	0	0.257144	0	-0.426642	-237.002	0	213.464	213.464	-2.13163e-14	12.4428	0	0	0	0	0	0	0	0	0	0	0	0	0	0	0	0	0	0	0	0	0	0	0	0	0	0	0	0	0	0	0	0	0	
1	1	1	251	7.53		300	0	0	-0.01255	0.00441104	0.00441104	0	0	0	-113.849	-5.94947e-05	-5.94947e-05	0	0	0	0.874854	-5.78896	0	6.66382		300	0.258017	-0.0036064	0.0014114	0.0014114	0	0	0	0.258017	0	-0.426642	-237.002	0	213.464	213.464	-2.13163e-14	12.4428	0	0	0	0	0	0	0	0	0	0	0	0	0	0	0	0	0	0	0	0	0	0	0	0	0	0	0	0	0	0	0	0	0	
1	1	1	252	7.56		300	0	0	-0.0126	0.00442985	0.00442985	0	0	0	-114.02	-6.0085e-05	-6.0085e-05	0	0	0	0.880551	-5.79412	0	6.67467		300	0.258889	-0.00364296	0.00142571	0.00142571	0	0	0	0.258889	0	-0.426642	-237.002	0	213.464	213.464	-2.13163e-14	12.4428	0	0	0	0	0	0	0	0	0	0	0	0	0	0	0	0	0	0	0	0	0	0	0	0	0	0	0	0	0	0	0	0	0	
1	1	1	253	7.59		300	0	0	-0.01265	0.00444867	0.00444867	0	0	0	-114.19	-6.06741e-05	-6.06741e-05	0	0	0	0.886256	-5.79926	0	6.68552		300	0.25976	-0.00367959	0.00144005	0.00144005	0	0	0	0.25976	0	-0.426642	-237.002	0	213.464	213.464	-2.13163e-14	12.4428	0	0	0	0	0	0	0	0	0	0	0	0	0	0	0	0	0	0	0	0	0	0	0	0	0	0	0	0	0	0	0	0	0	
1	1	1	254	7.62		300	0	0	-0.0127	0.0044675	0.0044675	0	0	0	-114.36	-6.1262e-05	-6.1262e-05	0	0	0	0.89197	-5.80437	0	6.69634		300	0.260629	-0.00371628	0.0014544	0.0014544	0	0	0	0.260629	0	-0.426642	-237.002	0	213.464	213.464	-2.13163e-14	12.4428	0	0	0	0	0	0	0	0	0	0	0	0	0	0	0	0	0	0	0	0	0	0	0	0	0	0	0	0	0	0	0	0	0	
1	1	1	255	7.65		300	0	0	-0.01275	0.00448632	0.00448632	0	0	0	-114.528	-6.18485e-05	-6.18485e-05	0	0	0	0.897692	-5.80946	0	6.70715		300	0.261497	-0.00375303	0.00146879	0.00146879	0	0	0	0.261497	0	-0.426642	-237.002	0	213.464	213.464	-2.13163e-14	12.4428	0	0	0	0	0	0	0	0	0	0	0	0	0	0	0	0	0	0	0	0	0	0	0	0	0	0	0	0	0	0	0	0	0	
1	1	1	256	7.68		300	0	0	-0.0128	0.00450515	0.00450515	0	0	0	-114.696	-6.24339e-05	-6.24339e-05	0	0	0	0.903423	-5.81452	0	6.71794		300	0.262363	-0.00378984	0.00148319	0.00148319	0	0	0	0.262363	0	-0.426642	-237.002	0	213.464	213.464	-2.13163e-14	12.4428	0	0	0	0	0	0	0	0	0	0	0	0	0	0	0	0	0	0	0	0	0	0	0	0	0	0	0	0	0	0	0	0	0	
1	1	1	257	7.71		300	0	0	-0.01285	0.00452399	0.00452399	0	0	0	-114.863	-6.3018e-05	-6.3018e-05	0	0	0	0.909162	-5.81955	0	6.72871		300	0.263228	-0.00382671	0.00149762	0.00149762	0	0	0	0.263228	0	-0.426642	-237.002	0	213.464	213.464	-2.13163e-14	12.4428	0	0	0	0	0	0	0	0	0	0	0	0	0	0	0	0	0	0	0	0	0	0	0	0	0	0	0	0	0	0	0	0	0	
1	1	1	258	7.74		300	0	0	-0.0129	0.00454282	0.00454282	0	0	0	-115.03	-6.36008e-05	-6.36008e-05	0	0	0	0.914909	-5.82456	0	6.73947		300	0.264092	-0.00386364	0.00151208	0.00151208	0	0	0	0.264092	0	-0.426642	-237.002	0	213.464	213.464	-2.13163e-14	12.4428	0	0	0	0	0	0	0	0	0	0	0	0	0	0	0	0	0	0	0	0	0	0	0	0	0	0	0	0	0	0	0	0	0	
1	1	1	259	7.77		300	0	0	-0.01295	0.00456166	0.00456166	0	0	0	-115.195	-6.41825e-05	-6.41825e-05	0	0	0	0.920665	-5.82955	0	6.75021		300	0.264955	-0.00390063	0.00152656	0.00152656	0	0	0	0.264955	0	-0.426642	-237.002	0	213.464	213.464	-2.13163e-14	12.4428	0	0	0	0	0	0	0	0	0	0	0	0	0	0	0	0	0	0	0	0	0	0	0	0	0	0	0	0	0	0	0	0	0	
1	1	1	260	7.8		300	0	0	-0.013	0.00458051	0.00458051	0	0	0	-115.36	-6.47629e-05	-6.47629e-05	0	0	0	0.926429	-5.83451	0	6.76094		300	0.265816	-0.00393768	0.00154106	0.00154106	0	0	0	0.265816	0	-0.426642	-237.002	0	213.464	213.464	-2.13163e-14	12.4428	0	0	0	0	0	0	0	0	0	0	0	0	0	0	0	0	0	0	0	0	0	0	0	0	0	0	0	0	0	0	0	0	0	
1	1	1	261	7.83		300	0	0	-0.01305	0.00459935	0.00459935	0	0	0	-115.524	-6.53421e-05	-6.53421e-05	0	0	0	0.932201	-5.83945	0	6.77165		300	0.266676	-0.00397479	0.00155558	0.00155558	0	0	0	0.266676	0	-0.426642	-237.002	0	213.464	213.464	-2.13163e-14	12.4428	0	0	0	0	0	0	0	0	0	0	0	0	0	0	0	0	0	0	0	0	0	0	0	0	0	0	0	0	0	0	0	0	0	
1	1	1	262	7.86		300	0	0	-0.0131	0.0046182	0.0046182	0	0	0	-115.688	-6.59202e-05	-6.59202e-05	0	0	0	0.937981	-5.84436	0	6.78234		300	0.267535	-0.00401195	0.00157012	0.00157012	0	0	0	0.267535	0	-0.426642	-237.002	0	213.464	213.464	-2.13163e-14	12.4428	0	0	0	0	0	0	0	0	0	0	0	0	0	0	0	0	0	0	0	0	0	0	0	0	0	0	0	0	0	0	0	0	0	
1	1	1	263	7.89		300	0	0	-0.01315	0.00463706	0.00463706	0	0	0	-115.85	-6.6497e-05	-6.6497e-05	0	0	0	0.94377	-5.84925	0	6.79302		300	0.268392	-0.00404918	0.00158469	0.00158469	0	0	0	0.268392	0	-0.426642	-237.002	0	213.464	213.464	-2.13163e-14	12.4428	0	0	0	0	0	0	0	0	0	0	0	0	0	0	0	0	0	0	0	0	0	0	0	0	0	0	0	0	0	0	0	0	0	
1	1	1	264	7.92		300	0	0	-0.0132	0.00465591	0.00465591	0	0	0	-116.012	-6.70727e-05	-6.70727e-05	0	0	0	0.949566	-5.85411	0	6.80368		300	0.269248	-0.00408645	0.00159928	0.00159928	0	0	0	0.269248	0	-0.426642	-237.002	0	213.464	213.464	-2.13163e-14	12.4428	0	0	0	0	0	0	0	0	0	0	0	0	0	0	0	0	0	0	0	0	0	0	0	0	0	0	0	0	0	0	0	0	0	
1	1	1	265	7.95		300	0	0	-0.01325	0.00467477	0.00467477	0	0	0	-116.174	-6.76472e-05	-6.76472e-05	0	0	0	0.955371	-5.85895	0	6.81432		300	0.270103	-0.00412379	0.00161389	0.00161389	0	0	0	0.270103	0	-0.426642	-237.002	0	213.464	213.464	-2.13163e-14	12.4428	0	0	0	0	0	0	0	0	0	0	0	0	0	0	0	0	0	0	0	0	0	0	0	0	0	0	0	0	0	0	0	0	0	
1	1	1	266	7.98		300	0	0	-0.0133	0.00469364	0.00469364	0	0	0	-116.334	-6.82205e-05	-6.82205e-05	0	0	0	0.961184	-5.86377	0	6.82495		300	0.270956	-0.00416117	0.00162852	0.00162852	0	0	0	0.270956	0	-0.426642	-237.002	0	213.464	213.464	-2.13163e-14	12.4428	0	0	0	0	0	0	0	0	0	0	0	0	0	0	0	0	0	0	0	0	0	0	0	0	0	0	0	0	0	0	0	0	0	
1	1	1	267	8.01		300	0	0	-0.01335	0.0047125	0.0047125	0	0	0	-116.494	-6.87927e-05	-6.87927e-05	0	0	0	0.967004	-5.86856	0	6.83557		300	0.271809	-0.00419862	0.00164318	0.00164318	0	0	0	0.271809	0	-0.426642	-237.002	0	213.464	213.464	-2.13163e-14	12.4428	0	0	0	0	0	0	0	0	0	0	0	0	0	0	0	0	0	0	0	0	0	0	0	0	0	0	0	0	0	0	0	0	0	
1	1	1	268	8.04		300	0	0	-0.0134	0.00473137	0.00473137	0	0	0	-116.653	-6.93637e-05	-6.93637e-05	0	0	0	0.972833	-5.87333	0	6.84617		300	0.27266	-0.00423611	0.00165785	0.00165785	0	0	0	0.27266	0	-0.426642	-237.002	0	213.464	213.464	-2.13163e-14	12.4428	0	0	0	0	0	0	0	0	0	0	0	0	0	0	0	0	0	0	0	0	0	0	0	0	0	0	0	0	0	0	0	0	0	
1	1	1	269	8.07		300	0	0	-0.01345	0.00475024	0.00475024	0	0	0	-116.812	-6.99337e-05	-6.99337e-05	0	0	0	0.97867	-5.87808	0	6.85675		300	0.273509	-0.00427366	0.00167255	0.00167255	0	0	0	0.273509	0	-0.426642	-237.002	0	213.464	213.464	-2.13163e-14	12.4428	0	0	0	0	0	0	0	0	0	0	0	0	0	0	0	0	0	0	0	0	0	0	0	0	0	0	0	0	0	0	0	0	0	
1	1	1	270	8.1		300	0	0	-0.0135	0.00476912	0.00476912	0	0	0	-116.97	-7.05024e-05	-7.05024e-05	0	0	0	0.984514	-5.8828	0	6.86732		300	0.274358	-0.00431126	0.00168726	0.00168726	0	0	0	0.274358	0	-0.426642	-237.002	0	213.464	213.464	-2.13163e-14	12.4428	0	0	0	0	0	0	0	0	0	0	0	0	0	0	0	0	0	0	0	0	0	0	0	0	0	0	0	0	0	0	0	0	0	
1	1	1	271	8.13		300	0	0	-0.01355	0.00478799	0.00478799	0	0	0	-117.127	-7.10701e-05	-7.10701e-05	0	0	0	0.990366	-5.88751	0	6.87787		300	0.275205	-0.00434891	0.001702	0.001702	0	0	0	0.275205	0	-0.426642	-237.002	0	213.464	213.464	-2.13163e-14	12.4428	0	0	0	0	0	0	0	0	0	0	0	0	0	0	0	0	0	0	0	0	0	0	0	0	0	0	0	0	0	0	0	0	0	
1	1	1	272	8.16		300	0	0	-0.0136	0.00480687	0.00480687	0	0	0	-117.283	-7.16366e-05	-7.16366e-05	0	0	0	0.996227	-5.89218	0	6.88841		300	0.276052	-0.00438662	0.00171676	0.00171676	0	0	0	0.276052	0	-0.426642	-237.002	0	213.464	213.464	-2.13163e-14	12.4428	0	0	0	0	0	0	0	0	0	0	0	0	0	0	0	0	0	0	0	0	0	0	0	0	0	0	0	0	0	0	0	0	0	
1	1	1	273	8.19		300	0	0	-0.01365	0.00482576	0.00482576	0	0	0	-117.439	-7.22021e-05	-7.22021e-05	0	0	0	1.00209	-5.89684	0	6.89893		300	0.276896	-0.00442437	0.00173153	0.00173153	0	0	0	0.276896	0	-0.426642	-237.002	0	213.464	213.464	-2.13163e-14	12.4428	0	0	0	0	0	0	0	0	0	0	0	0	0	0	0	0	0	0	0	0	0	0	0	0	0	0	0	0	0	0	0	0	0	
1	1	1	274	8.22		300	0	0	-0.0137	0.00484464	0.00484464	0	0	0	-117.594	-7.27664e-05	-7.27664e-05	0	0	0	1.00797	-5.90147	0	6.90944		300	0.27774	-0.00446218	0.00174633	0.00174633	0	0	0	0.27774	0	-0.426642	-237.002	0	213.464	213.464	-2.13163e-14	12.4428	0	0	0	0	0	0	0	0	0	0	0	0	0	0	0	0	0	0	0	0	0	0	0	0	0	0	0	0	0	0	0	0	0	
1	1	1	275	8.25		300	0	0	-0.01375	0.00486353	0.00486353	0	0	0	-117.749	-7.33297e-05	-7.33297e-05	0	0	0	1.01385	-5.90608	0	6.91993		300	0.278583	-0.00450003	0.00176115	0.00176115	0	0	0	0.278583	0	-0.426642	-237.002	0	213.464	213.464	-2.13163e-14	12.4428	0	0	0	0	0	0	0	0	0	0	0	0	0	0	0	0	0	0	0	0	0	0	0	0	0	0	0	0	0	0	0	0	0	
1	1	1	276	8.28		300	0	0	-0.0138	0.00488242	0.00488242	0	0	0	-117.903	-7.38918e-05	-7.38918e-05	0	0	0	1.01975	-5.91067	0	6.93041		300	0.279424	-0.00453794	0.00177598	0.00177598	0	0	0	0.279424	0	-0.426642	-237.002	0	213.464	213.464	-2.13163e-14	12.4428	0	0	0	0	0	0	0	0	0	0	0	0	0	0	0	0	0	0	0	0	0	0	0	0	0	0	0	0	0	0	0	0	0	
1	1	1	277	8.31		300	0	0	-0.01385	0.00490132	0.00490132	0	0	0	-118.056	-7.44529e-05	-7.44529e-05	0	0	0	1.02564	-5.91523	0	6.94088		300	0.280264	-0.00457589	0.00179083	0.00179083	0	0	0	0.280264	0	-0.426642	-237.002	0	213.464	213.464	-2.13163e-14	12.4428	0	0	0	0	0	0	0	0	0	0	0	0	0	0	0	0	0	0	0	0	0	0	0	0	0	0	0	0	0	0	0	0	0	
1	1	1	278	8.34		300	0	0	-0.0139	0.00492022	0.00492022	0	0	0	-118.209	-7.5013e-05	-7.5013e-05	0	0	0	1.03155	-5.91977	0	6.95132		300	0.281103	-0.00461389	0.00180571	0.00180571	0	0	0	0.281103	0	-0.426642	-237.002	0	213.464	213.464	-2.13163e-14	12.4428	0	0	0	0	0	0	0	0	0	0	0	0	0	0	0	0	0	0	0	0	0	0	0	0	0	0	0	0	0	0	0	0	0	
1	1	1	279	8.37		300	0	0	-0.01395	0.00493912	0.00493912	0	0	0	-118.361	-7.55719e-05	-7.55719e-05	0	0	0	1.03747	-5.92429	0	6.96176		300	0.281941	-0.00465194	0.0018206	0.0018206	0	0	0	0.281941	0	-0.426642	-237.002	0	213.464	213.464	-2.13163e-14	12.4428	0	0	0	0	0	0	0	0	0	0	0	0	0	0	0	0	0	0	0	0	0	0	0	0	0	0	0	0	0	0	0	0	0	
1	1	1	280	8.4		300	0	0	-0.014	0.00495802	0.00495802	0	0	0	-118.513	-7.61298e-05	-7.61298e-05	0	0	0	1.04339	-5.92879	0	6.97218		300	0.282778	-0.00469004	0.00183551	0.00183551	0	0	0	0.282778	0	-0.426642	-237.002	0	213.464	213.464	-2.13163e-14	12.4428	0	0	0	0	0	0	0	0	0	0	0	0	0	0	0	0	0	0	0	0	0	0	0	0	0	0	0	0	0	0	0	0	0	
1	1	1	281	8.43		300	0	0	-0.01405	0.00497692	0.00497692	0	0	0	-118.664	-7.66867e-05	-7.66867e-05	0	0	0	1.04932	-5.93327	0	6.98259		300	0.283613	-0.00472818	0.00185044	0.00185044	0	0	0	0.283613	0	-0.426642	-237.002	0	213.464	213.464	-2.13163e-14	12.4428	0	0	0	0	0	0	0	0	0	0	0	0	0	0	0	0	0	0	0	0	0	0	0	0	0	0	0	0	0	0	0	0	0	
1	1	1	282	8.46		300	0	0	-0.0141	0.00499583	0.00499583	0	0	0	-118.814	-7.72425e-05	-7.72425e-05	0	0	0	1.05525	-5.93772	0	6.99298		300	0.284448	-0.00476637	0.00186538	0.00186538	0	0	0	0.284448	0	-0.426642	-237.002	0	213.464	213.464	-2.13163e-14	12.4428	0	0	0	0	0	0	0	0	0	0	0	0	0	0	0	0	0	0	0	0	0	0	0	0	0	0	0	0	0	0	0	0	0	
1	1	1	283	8.49		300	0	0	-0.01415	0.00501474	0.00501474	0	0	0	-118.964	-7.77973e-05	-7.77973e-05	0	0	0	1.0612	-5.94216	0	7.00336		300	0.285281	-0.00480461	0.00188035	0.00188035	0	0	0	0.285281	0	-0.426642	-237.002	0	213.464	213.464	-2.13163e-14	12.4428	0	0	0	0	0	0	0	0	0	0	0	0	0	0	0	0	0	0	0	0	0	0	0	0	0	0	0	0	0	0	0	0	0	
1	1	1	284	8.52		300	0	0	-0.0142	0.00503365	0.00503365	0	0	0	-119.113	-7.8351e-05	-7.8351e-05	0	0	0	1.06715	-5.94657	0	7.01372		300	0.286113	-0.00484289	0.00189533	0.00189533	0	0	0	0.286113	0	-0.426642	-237.002	0	213.464	213.464	-2.13163e-14	12.4428	0	0	0	0	0	0	0	0	0	0	0	0	0	0	0	0	0	0	0	0	0	0	0	0	0	0	0	0	0	0	0	0	0	
1	1	1	285	8.55		300	0	0	-0.01425	0.00505257	0.00505257	0	0	0	-119.261	-7.89038e-05	-7.89038e-05	0	0	0	1.07311	-5.95096	0	7.02407		300	0.286944	-0.00488121	0.00191033	0.00191033	0	0	0	0.286944	0	-0.426642	-237.002	0	213.464	213.464	-2.13163e-14	12.4428	0	0	0	0	0	0	0	0	0	0	0	0	0	0	0	0	0	0	0	0	0	0	0	0	0	0	0	0	0	0	0	0	0	
1	1	1	286	8.58		300	0	0	-0.0143	0.00507149	0.00507149	0	0	0	-119.41	-7.94555e-05	-7.94555e-05	0	0	0	1.07908	-5.95533	0	7.0344		300	0.287774	-0.00491958	0.00192535	0.00192535	0	0	0	0.287774	0	-0.426642	-237.002	0	213.464	213.464	-2.13163e-14	12.4428	0	0	0	0	0	0	0	0	0	0	0	0	0	0	0	0	0	0	0	0	0	0	0	0	0	0	0	0	0	0	0	0	0	
1	1	1	287	8.61		300	0	0	-0.01435	0.00509041	0.00509041	0	0	0	-119.557	-8.00062e-05	-8.00062e-05	0	0	0	1.08505	-5.95968	0	7.04473		300	0.288603	-0.004958	0.00194038	0.00194038	0	0	0	0.288603	0	-0.426642	-237.002	0	213.464	213.464	-2.13163e-14	12.4428	0	0	0	0	0	0	0	0	0	0	0	0	0	0	0	0	0	0	0	0	0	0	0	0	0	0	0	0	0	0	0	0	0	
1	1	1	288	8.64		300	0	0	-0.0144	0.00510933	0.00510933	0	0	0	-119.704	-8.05559e-05	-8.05559e-05	0	0	0	1.09103	-5.964	0	7.05503		300	0.28943	-0.00499646	0.00195543	0.00195543	0	0	0	0.28943	0	-0.426642	-237.002	0	213.464	213.464	-2.13163e-14	12.4428	0	0	0	0	0	0	0	0	0	0	0	0	0	0	0	0	0	0	0	0	0	0	0	0	0	0	0	0	0	0	0	0	0	
1	1	1	289	8.67		300	0	0	-0.01445	0.00512825	0.00512825	0	0	0	-119.85	-8.11046e-05	-8.11046e-05	0	0	0	1.09702	-5.96831	0	7.06533		300	0.290257	-0.00503496	0.0019705	0.0019705	0	0	0	0.290257	0	-0.426642	-237.002	0	213.464	213.464	-2.13163e-14	12.4428	0	0	0	0	0	0	0	0	0	0	0	0	0	0	0	0	0	0	0	0	0	0	0	0	0	0	0	0	0	0	0	0	0	
1	1	1	290	8.7		300	0	0	-0.0145	0.00514718	0.00514718	0	0	0	-119.996	-8.16524e-05	-8.16524e-05	0	0	0	1.10302	-5.97259	0	7.07561		300	0.291083	-0.0050735	0.00198559	0.00198559	0	0	0	0.291083	0	-0.426642	-237.002	0	213.464	213.464	-2.13163e-14	12.4428	0	0	0	0	0	0	0	0	0	0	0	0	0	0	0	0	0	0	0	0	0	0	0	0	0	0	0	0	0	0	0	0	0	
1	1	1	291	8.73		300	0	0	-0.01455	0.00516611	0.00516611	0	0	0	-120.141	-8.21991e-05	-8.21991e-05	0	0	0	1.10902	-5.97686	0	7.08588		300	0.291907	-0.00511209	0.00200069	0.00200069	0	0	0	0.291907	0	-0.426642	-237.002	0	213.464	213.464	-2.13163e-14	12.4428	0	0	0	0	0	0	0	0	0	0	0	0	0	0	0	0	0	0	0	0	0	0	0	0	0	0	0	0	0	0	0	0	0	
1	1	1	292	8.76		300	0	0	-0.0146	0.00518504	0.00518504	0	0	0	-120.286	-8.27449e-05	-8.27449e-05	0	0	0	1.11503	-5.9811	0	7.09613		300	0.29273	-0.00515072	0.00201581	0.00201581	0	0	0	0.29273	0	-0.426642	-237.002	0	213.464	213.464	-2.13163e-14	12.4428	0	0	0	0	0	0	0	0	0	0	0	0	0	0	0	0	0	0	0	0	0	0	0	0	0	0	0	0	0	0	0	0	0	
1	1	1	293	8.79		300	0	0	-0.01465	0.00520398	0.00520398	0	0	0	-120.43	-8.32897e-05	-8.32897e-05	0	0	0	1.12105	-5.98532	0	7.10637		300	0.293553	-0.00518939	0.00203094	0.00203094	0	0	0	0.293553	0	-0.426642	-237.002	0	213.464	213.464	-2.13163e-14	12.4428	0	0	0	0	0	0	0	0	0	0	0	0	0	0	0	0	0	0	0	0	0	0	0	0	0	0	0	0	0	0	0	0	0	
1	1	1	294	8.82		300	0	0	-0.0147	0.00522291	0.00522291	0	0	0	-120.574	-8.38335e-05	-8.38335e-05	0	0	0	1.12707	-5.98953	0	7.1166		300	0.294374	-0.0052281	0.00204609	0.00204609	0	0	0	0.294374	0	-0.426642	-237.002	0	213.464	213.464	-2.13163e-14	12.4428	0	0	0	0	0	0	0	0	0	0	0	0	0	0	0	0	0	0	0	0	0	0	0	0	0	0	0	0	0	0	0	0	0	
1	1	1	295	8.85		300	0	0	-0.01475	0.00524185	0.00524185	0	0	0	-120.717	-8.43763e-05	-8.43763e-05	0	0	0	1.13311	-5.99371	0	7.12681		300	0.295194	-0.00526685	0.00206126	0.00206126	0	0	0	0.295194	0	-0.426642	-237.002	0	213.464	213.464	-2.13163e-14	12.4428	0	0	0	0	0	0	0	0	0	0	0	0	0	0	0	0	0	0	0	0	0	0	0	0	0	0	0	0	0	0	0	0	0	
1	1	1	296	8.88		300	0	0	-0.0148	0.00526079	0.00526079	0	0	0	-120.86	-8.49183e-05	-8.49183e-05	0	0	0	1.13915	-5.99787	0	7.13702		300	0.296013	-0.00530564	0.00207644	0.00207644	0	0	0	0.296013	0	-0.426642	-237.002	0	213.464	213.464	-2.13163e-14	12.4428	0	0	0	0	0	0	0	0	0	0	0	0	0	0	0	0	0	0	0	0	0	0	0	0	0	0	0	0	0	0	0	0	0	
1	1	1	297	8.91		300	0	0	-0.01485	0.00527974	0.00527974	0	0	0	-121.002	-8.54592e-05	-8.54592e-05	0	0	0	1.14519	-6.00201	0	7.1472		300	0.296831	-0.00534448	0.00209164	0.00209164	0	0	0	0.296831	0	-0.426642	-237.002	0	213.464	213.464	-2.13163e-14	12.4428	0	0	0	0	0	0	0	0	0	0	0	0	0	0	0	0	0	0	0	0	0	0	0	0	0	0	0	0	0	0	0	0	0	
1	1	1	298	8.94		300	0	0	-0.0149	0.00529868	0.00529868	0	0	0	-121.144	-8.59992e-05	-8.59992e-05	0	0	0	1.15125	-6.00613	0	7.15738		300	0.297648	-0.00538335	0.00210685	0.00210685	0	0	0	0.297648	0	-0.426642	-237.002	0	213.464	213.464	-2.13163e-14	12.4428	0	0	0	0	0	0	0	0	0	0	0	0	0	0	0	0	0	0	0	0	0	0	0	0	0	0	0	0	0	0	0	0	0	
1	1	1	299	8.97		300	0	0	-0.01495	0.00531763	0.00531763	0	0	0	-121.285	-8.65383e-05	-8.65383e-05	0	0	0	1.15731	-6.01024	0	7.16754		300	0.298464	-0.00542226	0.00212208	0.00212208	0	0	0	0.298464	0	-0.426642	-237.002	0	213.464	213.464	-2.13163e-14	12.4428	0	0	0	0	0	0	0	0	0	0	0	0	0	0	0	0	0	0	0	0	0	0	0	0	0	0	0	0	0	0	0	0	0	
1	1	1	300	9		300	0	0	-0.015	0.00533658	0.00533658	0	0	0	-121.426	-8.70765e-05	-8.70765e-05	0	0	0	1.16337	-6.01432	0	7.17769		300	0.299279	-0.00546121	0.00213732	0.00213732	0	0	0	0.299279	0	-0.426642	-237.002	0	213.464	213.464	-2.13163e-14	12.4428	0	0	0	0	0	0	0	0	0	0	0	0	0	0	0	0	0	0	0	0	0	0	0	0	0	0	0	0	0	0	0	0	0	
1	1	1	301	9.03		300	0	0	-0.01505	0.00535553	0.00535553	0	0	0	-121.566	-8.76137e-05	-8.76137e-05	0	0	0	1.16945	-6.01838	0	7.18783		300	0.300093	-0.0055002	0.00215258	0.00215258	0	0	0	0.300093	0	-0.426642	-237.002	0	213.464	213.464	-2.13163e-14	12.4428	0	0	0	0	0	0	0	0	0	0	0	0	0	0	0	0	0	0	0	0	0	0	0	0	0	0	0	0	0	0	0	0	0	
1	1	1	302	9.06		300	0	0	-0.0151	0.00537449	0.00537449	0	0	0	-121.705	-8.815e-05	-8.815e-05	0	0	0	1.17553	-6.02242	0	7.19795		300	0.300905	-0.00553923	0.00216786	0.00216786	0	0	0	0.300905	0	-0.426642	-237.002	0	213.464	213.464	-2.13163e-14	12.4428	0	0	0	0	0	0	0	0	0	0	0	0	0	0	0	0	0	0	0	0	0	0	0	0	0	0	0	0	0	0	0	0	0	
1	1	1	303	9.09		300	0	0	-0.01515	0.00539344	0.00539344	0	0	0	-121.845	-8.86854e-05	-8.86854e-05	0	0	0	1.18162	-6.02644	0	7.20806		300	0.301717	-0.00557829	0.00218315	0.00218315	0	0	0	0.301717	0	-0.426642	-237.002	0	213.464	213.464	-2.13163e-14	12.4428	0	0	0	0	0	0	0	0	0	0	0	0	0	0	0	0	0	0	0	0	0	0	0	0	0	0	0	0	0	0	0	0	0	
1	1	1	304	9.12		300	0	0	-0.0152	0.0054124	0.0054124	0	0	0	-121.983	-8.92199e-05	-8.92199e-05	0	0	0	1.18772	-6.03045	0	7.21816		300	0.302528	-0.00561739	0.00219845	0.00219845	0	0	0	0.302528	0	-0.426642	-237.002	0	213.464	213.464	-2.13163e-14	12.4428	0	0	0	0	0	0	0	0	0	0	0	0	0	0	0	0	0	0	0	0	0	0	0	0	0	0	0	0	0	0	0	0	0	
1	1	1	305	9.15		300	0	0	-0.01525	0.00543136	0.00543136	0	0	0	-122.122	-8.97534e-05	-8.97534e-05	0	0	0	1.19382	-6.03443	0	7.22825		300	0.303338	-0.00565653	0.00221377	0.00221377	0	0	0	0.303338	0	-0.426642	-237.002	0	213.464	213.464	-2.13163e-14	12.4428	0	0	0	0	0	0	0	0	0	0	0	0	0	0	0	0	0	0	0	0	0	0	0	0	0	0	0	0	0	0	0	0	0	
1	1	1	306	9.18		300	0	0	-0.0153	0.00545033	0.00545033	0	0	0	-122.259	-9.02861e-05	-9.02861e-05	0	0	0	1.19993	-6.03839	0	7.23832		300	0.304147	-0.00569571	0.0022291	0.0022291	0	0	0	0.304147	0	-0.426642	-237.002	0	213.464	213.464	-2.13163e-14	12.4428	0	0	0	0	0	0	0	0	0	0	0	0	0	0	0	0	0	0	0	0	0	0	0	0	0	0	0	0	0	0	0	0	0	
1	1	1	307	9.21		300	0	0	-0.01535	0.00546929	0.00546929	0	0	0	-122.397	-9.08179e-05	-9.08179e-05	0	0	0	1.20604	-6.04234	0	7.24838		300	0.304955	-0.00573492	0.00224445	0.00224445	0	0	0	0.304955	0	-0.426642	-237.002	0	213.464	213.464	-2.13163e-14	12.4428	0	0	0	0	0	0	0	0	0	0	0	0	0	0	0	0	0	0	0	0	0	0	0	0	0	0	0	0	0	0	0	0	0	
1	1	1	308	9.24		300	0	0	-0.0154	0.00548826	0.00548826	0	0	0	-122.534	-9.13488e-05	-9.13488e-05	0	0	0	1.21217	-6.04627	0	7.25843		300	0.305761	-0.00577417	0.00225981	0.00225981	0	0	0	0.305761	0	-0.426642	-237.002	0	213.464	213.464	-2.13163e-14	12.4428	0	0	0	0	0	0	0	0	0	0	0	0	0	0	0	0	0	0	0	0	0	0	0	0	0	0	0	0	0	0	0	0	0	
1	1	1	309	9.27		300	0	0	-0.01545	0.00550723	0.00550723	0	0	0	-122.67	-9.18788e-05	-9.18788e-05	0	0	0	1.2183	-6.05017	0	7.26847		300	0.306567	-0.00581346	0.00227518	0.00227518	0	0	0	0.306567	0	-0.426642	-237.002	0	213.464	213.464	-2.13163e-14	12.4428	0	0	0	0	0	0	0	0	0	0	0	0	0	0	0	0	0	0	0	0	0	0	0	0	0	0	0	0	0	0	0	0	0	
1	1	1	310	9.3		300	0	0	-0.0155	0.0055262	0.0055262	0	0	0	-122.806	-9.24079e-05	-9.24079e-05	0	0	0	1.22443	-6.05406	0	7.27849		300	0.307372	-0.00585278	0.00229057	0.00229057	0	0	0	0.307372	0	-0.426642	-237.002	0	213.464	213.464	-2.13163e-14	12.4428	0	0	0	0	0	0	0	0	0	0	0	0	0	0	0	0	0	0	0	0	0	0	0	0	0	0	0	0	0	0	0	0	0	
1	1	1	311	9.33		300	0	0	-0.01555	0.00554517	0.00554517	0	0	0	-122.941	-9.29362e-05	-9.29362e-05	0	0	0	1.23058	-6.05793	0	7.28851		300	0.308176	-0.00589213	0.00230598	0.00230598	0	0	0	0.308176	0	-0.426642	-237.002	0	213.464	213.464	-2.13163e-14	12.4428	0	0	0	0	0	0	0	0	0	0	0	0	0	0	0	0	0	0	0	0	0	0	0	0	0	0	0	0	0	0	0	0	0	
1	1	1	312	9.36		300	0	0	-0.0156	0.00556414	0.00556414	0	0	0	-123.076	-9.34635e-05	-9.34635e-05	0	0	0	1.23673	-6.06178	0	7.29851		300	0.308979	-0.00593152	0.00232139	0.00232139	0	0	0	0.308979	0	-0.426642	-237.002	0	213.464	213.464	-2.13163e-14	12.4428	0	0	0	0	0	0	0	0	0	0	0	0	0	0	0	0	0	0	0	0	0	0	0	0	0	0	0	0	0	0	0	0	0	
1	1	1	313	9.39		300	0	0	-0.01565	0.00558312	0.00558312	0	0	0	-123.211	-9.399e-05	-9.399e-05	0	0	0	1.24289	-6.06561	0	7.3085		300	0.309781	-0.00597095	0.00233682	0.00233682	0	0	0	0.309781	0	-0.426642	-237.002	0	213.464	213.464	-2.13163e-14	12.4428	0	0	0	0	0	0	0	0	0	0	0	0	0	0	0	0	0	0	0	0	0	0	0	0	0	0	0	0	0	0	0	0	0	
1	1	1	314	9.42		300	0	0	-0.0157	0.0056021	0.0056021	0	0	0	-123.345	-9.45157e-05	-9.45157e-05	0	0	0	1.24905	-6.06942	0	7.31847		300	0.310582	-0.00601041	0.00235226	0.00235226	0	0	0	0.310582	0	-0.426642	-237.002	0	213.464	213.464	-2.13163e-14	12.4428	0	0	0	0	0	0	0	0	0	0	0	0	0	0	0	0	0	0	0	0	0	0	0	0	0	0	0	0	0	0	0	0	0	
1	1	1	315	9.45		300	0	0	-0.01575	0.00562108	0.00562108	0	0	0	-123.479	-9.50405e-05	-9.50405e-05	0	0	0	1.25522	-6.07322	0	7.32844		300	0.311382	-0.0060499	0.00236772	0.00236772	0	0	0	0.311382	0	-0.426642	-237.002	0	213.464	213.464	-2.13163e-14	12.4428	0	0	0	0	0	0	0	0	0	0	0	0	0	0	0	0	0	0	0	0	0	0	0	0	0	0	0	0	0	0	0	0	0	
1	1	1	316	9.48		300	0	0	-0.0158	0.00564006	0.00564006	0	0	0	-123.612	-9.55644e-05	-9.55644e-05	0	0	0	1.2614	-6.07699	0	7.33839		300	0.312181	-0.00608942	0.00238319	0.00238319	0	0	0	0.312181	0	-0.426642	-237.002	0	213.464	213.464	-2.13163e-14	12.4428	0	0	0	0	0	0	0	0	0	0	0	0	0	0	0	0	0	0	0	0	0	0	0	0	0	0	0	0	0	0	0	0	0	
1	1	1	317	9.51		300	0	0	-0.01585	0.00565905	0.00565905	0	0	0	-123.745	-9.60875e-05	-9.60875e-05	0	0	0	1.26758	-6.08075	0	7.34833		300	0.312979	-0.00612898	0.00239867	0.00239867	0	0	0	0.312979	0	-0.426642	-237.002	0	213.464	213.464	-2.13163e-14	12.4428	0	0	0	0	0	0	0	0	0	0	0	0	0	0	0	0	0	0	0	0	0	0	0	0	0	0	0	0	0	0	0	0	0	
1	1	1	318	9.54		300	0	0	-0.0159	0.00567803	0.00567803	0	0	0	-123.878	-9.66098e-05	-9.66098e-05	0	0	0	1.27377	-6.08449	0	7.35826		300	0.313777	-0.00616858	0.00241417	0.00241417	0	0	0	0.313777	0	-0.426642	-237.002	0	213.464	213.464	-2.13163e-14	12.4428	0	0	0	0	0	0	0	0	0	0	0	0	0	0	0	0	0	0	0	0	0	0	0	0	0	0	0	0	0	0	0	0	0	
1	1	1	319	9.57		300	0	0	-0.01595	0.00569702	0.00569702	0	0	0	-124.01	-9.71312e-05	-9.71312e-05	0	0	0	1.27997	-6.08821	0	7.36818		300	0.314573	-0.0062082	0.00242968	0.00242968	0	0	0	0.314573	0	-0.426642	-237.002	0	213.464	213.464	-2.13163e-14	12.4428	0	0	0	0	0	0	0	0	0	0	0	0	0	0	0	0	0	0	0	0	0	0	0	0	0	0	0	0	0	0	0	0	0	
1	1	1	320	9.6		300	0	0	-0.016	0.00571601	0.00571601	0	0	0	-124.141	-9.76517e-05	-9.76517e-05	0	0	0	1.28617	-6.09191	0	7.37809		300	0.315368	-0.00624786	0.0024452	0.0024452	0	0	0	0.315368	0	-0.426642	-237.002	0	213.464	213.464	-2.13163e-14	12.4428	0	0	0	0	0	0	0	0	0	0	0	0	0	0	0	0	0	0	0	0	0	0	0	0	0	0	0	0	0	0	0	0	0	
1	1	1	321	9.63		300	0	0	-0.01605	0.005735	0.005735	0	0	0	-124.273	-9.81715e-05	-9.81715e-05	0	0	0	1.29238	-6.0956	0	7.38798		300	0.316163	-0.00628755	0.00246073	0.00246073	0	0	0	0.316163	0	-0.426642	-237.002	0	213.464	213.464	-2.13163e-14	12.4428	0	0	0	0	0	0	0	0	0	0	0	0	0	0	0	0	0	0	0	0	0	0	0	0	0	0	0	0	0	0	0	0	0	
1	1	1	322	9.66		300	0	0	-0.0161	0.005754	0.005754	0	0	0	-124.403	-9.86904e-05	-9.86904e-05	0	0	0	1.2986	-6.09927	0	7.39787		300	0.316956	-0.00632727	0.00247628	0.00247628	0	0	0	0.316956	0	-0.426642	-237.002	0	213.464	213.464	-2.13163e-14	12.4428	0	0	0	0	0	0	0	0	0	0	0	0	0	0	0	0	0	0	0	0	0	0	0	0	0	0	0	0	0	0	0	0	0	
1	1	1	323	9.69		300	0	0	-0.01615	0.00577299	0.00577299	0	0	0	-124.534	-9.92085e-05	-9.92085e-05	0	0	0	1.30482	-6.10292	0	7.40774		300	0.317749	-0.00636703	0.00249184	0.00249184	0	0	0	0.317749	0	-0.426642	-237.002	0	213.464	213.464	-2.13163e-14	12.4428	0	0	0	0	0	0	0	0	0	0	0	0	0	0	0	0	0	0	0	0	0	0	0	0	0	0	0	0	0	0	0	0	0	
1	1	1	324	9.72		300	0	0	-0.0162	0.00579199	0.00579199	0	0	0	-124.664	-9.97258e-05	-9.97258e-05	0	0	0	1.31105	-6.10655	0	7.4176		300	0.318541	-0.00640681	0.00250741	0.00250741	0	0	0	0.318541	0	-0.426642	-237.002	0	213.464	213.464	-2.13163e-14	12.4428	0	0	0	0	0	0	0	0	0	0	0	0	0	0	0	0	0	0	0	0	0	0	0	0	0	0	0	0	0	0	0	0	0	
1	1	1	325	9.75		300	0	0	-0.01625	0.00581099	0.00581099	0	0	0	-124.794	-0.000100242	-0.000100242	0	0	0	1.31729	-6.11016	0	7.42745		300	0.319331	-0.00644663	0.00252299	0.00252299	0	0	0	0.319331	0	-0.426642	-237.002	0	213.464	213.464	-2.13163e-14	12.4428	0	0	0	0	0	0	0	0	0	0	0	0	0	0	0	0	0	0	0	0	0	0	0	0	0	0	0	0	0	0	0	0	0	
1	1	1	326	9.78		300	0	0	-0.0163	0.00582999	0.00582999	0	0	0	-124.923	-0.000100758	-0.000100758	0	0	0	1.32353	-6.11375	0	7.43729		300	0.320121	-0.00648648	0.00253859	0.00253859	0	0	0	0.320121	0	-0.426642	-237.002	0	213.464	213.464	-2.13163e-14	12.4428	0	0	0	0	0	0	0	0	0	0	0	0	0	0	0	0	0	0	0	0	0	0	0	0	0	0	0	0	0	0	0	0	0	
1	1	1	327	9.81		300	0	0	-0.01635	0.00584899	0.00584899	0	0	0	-125.052	-0.000101273	-0.000101273	0	0	0	1.32978	-6.11733	0	7.44711		300	0.32091	-0.00652636	0.00255419	0.00255419	0	0	0	0.32091	0	-0.426642	-237.002	0	213.464	213.464	-2.13163e-14	12.4428	0	0	0	0	0	0	0	0	0	0	0	0	0	0	0	0	0	0	0	0	0	0	0	0	0	0	0	0	0	0	0	0	0	
1	1	1	328	9.84		300	0	0	-0.0164	0.00586799	0.00586799	0	0	0	-125.18	-0.000101787	-0.000101787	0	0	0	1.33604	-6.12089	0	7.45693		300	0.321698	-0.00656626	0.00256981	0.00256981	0	0	0	0.321698	0	-0.426642	-237.002	0	213.464	213.464	-2.13163e-14	12.4428	0	0	0	0	0	0	0	0	0	0	0	0	0	0	0	0	0	0	0	0	0	0	0	0	0	0	0	0	0	0	0	0	0	
1	1	1	329	9.87		300	0	0	-0.01645	0.005887	0.005887	0	0	0	-125.308	-0.0001023	-0.0001023	0	0	0	1.3423	-6.12444	0	7.46674		300	0.322486	-0.0066062	0.00258544	0.00258544	0	0	0	0.322486	0	-0.426642	-237.002	0	213.464	213.464	-2.13163e-14	12.4428	0	0	0	0	0	0	0	0	0	0	0	0	0	0	0	0	0	0	0	0	0	0	0	0	0	0	0	0	0	0	0	0	0	
1	1	1	330	9.9		300	0	0	-0.0165	0.005906	0.005906	0	0	0	-125.436	-0.000102813	-0.000102813	0	0	0	1.34857	-6.12796	0	7.47653		300	0.323272	-0.00664617	0.00260109	0.00260109	0	0	0	0.323272	0	-0.426642	-237.002	0	213.464	213.464	-2.13163e-14	12.4428	0	0	0	0	0	0	0	0	0	0	0	0	0	0	0	0	0	0	0	0	0	0	0	0	0	0	0	0	0	0	0	0	0	
1	1	1	331	9.93		300	0	0	-0.01655	0.00592501	0.00592501	0	0	0	-125.563	-0.000103324	-0.000103324	0	0	0	1.35484	-6.13147	0	7.48631		300	0.324057	-0.00668617	0.00261674	0.00261674	0	0	0	0.324057	0	-0.426642	-237.002	0	213.464	213.464	-2.13163e-14	12.4428	0	0	0	0	0	0	0	0	0	0	0	0	0	0	0	0	0	0	0	0	0	0	0	0	0	0	0	0	0	0	0	0	0	
1	1	1	332	9.96		300	0	0	-0.0166	0.00594402	0.00594402	0	0	0	-125.69	-0.000103835	-0.000103835	0	0	0	1.36112	-6.13496	0	7.49609		300	0.324842	-0.0067262	0.00263241	0.00263241	0	0	0	0.324842	0	-0.426642	-237.002	0	213.464	213.464	-2.13163e-14	12.4428	0	0	0	0	0	0	0	0	0	0	0	0	0	0	0	0	0	0	0	0	0	0	0	0	0	0	0	0	0	0	0	0	0	
1	1	1	333	9.99		300	0	0	-0.01665	0.00596304	0.00596304	0	0	0	-125.817	-0.000104345	-0.000104345	0	0	0	1.36741	-6.13843	0	7.50585		300	0.325626	-0.00676625	0.00264808	0.00264808	0	0	0	0.325626	0	-0.426642	-237.002	0	213.464	213.464	-2.13163e-14	12.4428	0	0	0	0	0	0	0	0	0	0	0	0	0	0	0	0	0	0	0	0	0	0	0	0	0	0	0	0	0	0	0	0	0	
1	1	1	334	10.02		300	0	0	-0.0167	0.00598205	0.00598205	0	0	0	-125.943	-0.000104855	-0.000104855	0	0	0	1.37371	-6.14189	0	7.5156		300	0.326408	-0.00680634	0.00266377	0.00266377	0	0	0	0.326408	0	-0.426642	-237.002	0	213.464	213.464	-2.13163e-14	12.4428	0	0	0	0	0	0	0	0	0	0	0	0	0	0	0	0	0	0	0	0	0	0	0	0	0	0	0	0	0	0	0	0	0	
1	1	1	335	10.05		300	0	0	-0.01675	0.00600106	0.00600106	0	0	0	-126.069	-0.000105363	-0.000105363	0	0	0	1.38001	-6.14533	0	7.52534		300	0.32719	-0.00684645	0.00267947	0.00267947	0	0	0	0.32719	0	-0.426642	-237.002	0	213.464	213.464	-2.13163e-14	12.4428	0	0	0	0	0	0	0	0	0	0	0	0	0	0	0	0	0	0	0	0	0	0	0	0	0	0	0	0	0	0	0	0	0	
1	1	1	336	10.08		300	0	0	-0.0168	0.00602008	0.00602008	0	0	0	-126.194	-0.000105871	-0.000105871	0	0	0	1.38631	-6.14875	0	7.53507		300	0.327972	-0.00688659	0.00269518	0.00269518	0	0	0	0.327972	0	-0.426642	-237.002	0	213.464	213.464	-2.13163e-14	12.4428	0	0	0	0	0	0	0	0	0	0	0	0	0	0	0	0	0	0	0	0	0	0	0	0	0	0	0	0	0	0	0	0	0	
1	1	1	337	10.11		300	0	0	-0.01685	0.0060391	0.0060391	0	0	0	-126.319	-0.000106378	-0.000106378	0	0	0	1.39263	-6.15216	0	7.54478		300	0.328752	-0.00692676	0.0027109	0.0027109	0	0	0	0.328752	0	-0.426642	-237.002	0	213.464	213.464	-2.13163e-14	12.4428	0	0	0	0	0	0	0	0	0	0	0	0	0	0	0	0	0	0	0	0	0	0	0	0	0	0	0	0	0	0	0	0	0	
1	1	1	338	10.14		300	0	0	-0.0169	0.00605812	0.00605812	0	0	0	-126.444	-0.000106884	-0.000106884	0	0	0	1.39895	-6.15555	0	7.55449		300	0.329531	-0.00696696	0.00272663	0.00272663	0	0	0	0.329531	0	-0.426642	-237.002	0	213.464	213.464	-2.13163e-14	12.4428	0	0	0	0	0	0	0	0	0	0	0	0	0	0	0	0	0	0	0	0	0	0	0	0	0	0	0	0	0	0	0	0	0	
1	1	1	339	10.17		300	0	0	-0.01695	0.00607714	0.00607714	0	0	0	-126.569	-0.00010739	-0.00010739	0	0	0	1.40527	-6.15892	0	7.56419		300	0.33031	-0.00700719	0.00274238	0.00274238	0	0	0	0.33031	0	-0.426642	-237.002	0	213.464	213.464	-2.13163e-14	12.4428	0	0	0	0	0	0	0	0	0	0	0	0	0	0	0	0	0	0	0	0	0	0	0	0	0	0	0	0	0	0	0	0	0	
1	1	1	340	10.2		300	0	0	-0.017	0.00609616	0.00609616	0	0	0	-126.693	-0.000107894	-0.000107894	0	0	0	1.4116	-6.16227	0	7.57388		300	0.331088	-0.00704744	0.00275813	0.00275813	0	0	0	0.331088	0	-0.426642	-237.002	0	213.464	213.464	-2.13163e-14	12.4428	0	0	0	0	0	0	0	0	0	0	0	0	0	0	0	0	0	0	0	0	0	0	0	0	0	0	0	0	0	0	0	0	0	
1	1	1	341	10.23		300	0	0	-0.01705	0.00611519	0.00611519	0	0	0	-126.816	-0.000108398	-0.000108398	0	0	0	1.41794	-6.16561	0	7.58355		300	0.331864	-0.00708772	0.0027739	0.0027739	0	0	0	0.331864	0	-0.426642	-237.002	0	213.464	213.464	-2.13163e-14	12.4428	0	0	0	0	0	0	0	0	0	0	0	0	0	0	0	0	0	0	0	0	0	0	0	0	0	0	0	0	0	0	0	0	0	
1	1	1	342	10.26		300	0	0	-0.0171	0.00613421	0.00613421	0	0	0	-126.94	-0.000108902	-0.000108902	0	0	0	1.42428	-6.16894	0	7.59322		300	0.33264	-0.00712803	0.00278967	0.00278967	0	0	0	0.33264	0	-0.426642	-237.002	0	213.464	213.464	-2.13163e-14	12.4428	0	0	0	0	0	0	0	0	0	0	0	0	0	0	0	0	0	0	0	0	0	0	0	0	0	0	0	0	0	0	0	0	0	
1	1	1	343	10.29		300	0	0	-0.01715	0.00615324	0.00615324	0	0	0	-127.063	-0.000109404	-0.000109404	0	0	0	1.43063	-6.17224	0	7.60288		300	0.333416	-0.00716837	0.00280546	0.00280546	0	0	0	0.333416	0	-0.426642	-237.002	0	213.464	213.464	-2.13163e-14	12.4428	0	0	0	0	0	0	0	0	0	0	0	0	0	0	0	0	0	0	0	0	0	0	0	0	0	0	0	0	0	0	0	0	0	
1	1	1	344	10.32		300	0	0	-0.0172	0.00617227	0.00617227	0	0	0	-127.186	-0.000109906	-0.000109906	0	0	0	1.43699	-6.17553	0	7.61252		300	0.33419	-0.00720873	0.00282125	0.00282125	0	0	0	0.33419	0	-0.426642	-237.002	0	213.464	213.464	-2.13163e-14	12.4428	0	0	0	0	0	0	0	0	0	0	0	0	0	0	0	0	0	0	0	0	0	0	0	0	0	0	0	0	0	0	0	0	0	
1	1	1	345	10.35		300	0	0	-0.01725	0.0061913	0.0061913	0	0	0	-127.308	-0.000110407	-0.000110407	0	0	0	1.44335	-6.1788	0	7.62216		300	0.334964	-0.00724911	0.00283706	0.00283706	0	0	0	0.334964	0	-0.426642	-237.002	0	213.464	213.464	-2.13163e-14	12.4428	0	0	0	0	0	0	0	0	0	0	0	0	0	0	0	0	0	0	0	0	0	0	0	0	0	0	0	0	0	0	0	0	0	
1	1	1	346	10.38		300	0	0	-0.0173	0.00621033	0.00621033	0	0	0	-127.43	-0.000110907	-0.000110907	0	0	0	1.44972	-6.18206	0	7.63178		300	0.335736	-0.00728953	0.00285288	0.00285288	0	0	0	0.335736	0	-0.426642	-237.002	0	213.464	213.464	-2.13163e-14	12.4428	0	0	0	0	0	0	0	0	0	0	0	0	0	0	0	0	0	0	0	0	0	0	0	0	0	0	0	0	0	0	0	0	0	
1	1	1	347	10.41		300	0	0	-0.01735	0.00622937	0.00622937	0	0	0	-127.552	-0.000111407	-0.000111407	0	0	0	1.4561	-6.1853	0	7.6414		300	0.336508	-0.00732997	0.0028687	0.0028687	0	0	0	0.336508	0	-0.426642	-237.002	0	213.464	213.464	-2.13163e-14	12.4428	0	0	0	0	0	0	0	0	0	0	0	0	0	0	0	0	0	0	0	0	0	0	0	0	0	0	0	0	0	0	0	0	0	
1	1	1	348	10.44		300	0	0	-0.0174	0.0062484	0.0062484	0	0	0	-127.673	-0.000111905	-0.000111905	0	0	0	1.46248	-6.18852	0	7.651		300	0.337279	-0.00737043	0.00288454	0.00288454	0	0	0	0.337279	0	-0.426642	-237.002	0	213.464	213.464	-2.13163e-14	12.4428	0	0	0	0	0	0	0	0	0	0	0	0	0	0	0	0	0	0	0	0	0	0	0	0	0	0	0	0	0	0	0	0	0	
1	1	1	349	10.47		300	0	0	-0.01745	0.00626744	0.00626744	0	0	0	-127.794	-0.000112404	-0.000112404	0	0	0	1.46886	-6.19173	0	7.66059		300	0.33805	-0.00741092	0.00290039	0.00290039	0	0	0	0.33805	0	-0.426642	-237.002	0	213.464	213.464	-2.13163e-14	12.4428	0	0	0	0	0	0	0	0	0	0	0	0	0	0	0	0	0	0	0	0	0	0	0	0	0	0	0	0	0	0	0	0	0	
1	1	1	350	10.5		300	0	0	-0.0175	0.00628648	0.00628648	0	0	0	-127.915	-0.000112901	-0.000112901	0	0	0	1.47526	-6.19492	0	7.67018		300	0.338819	-0.00745144	0.00291625	0.00291625	0	0	0	0.338819	0	-0.426642	-237.002	0	213.464	213.464	-2.13163e-14	12.4428	0	0	0	0	0	0	0	0	0	0	0	0	0	0	0	0	0	0	0	0	0	0	0	0	0	0	0	0	0	0	0	0	0	
1	1	1	351	10.53		300	0	0	-0.01755	0.00630551	0.00630551	0	0	0	-128.035	-0.000113398	-0.000113398	0	0	0	1.48165	-6.1981	0	7.67975		300	0.339588	-0.00749198	0.00293211	0.00293211	0	0	0	0.339588	0	-0.426642	-237.002	0	213.464	213.464	-2.13163e-14	12.4428	0	0	0	0	0	0	0	0	0	0	0	0	0	0	0	0	0	0	0	0	0	0	0	0	0	0	0	0	0	0	0	0	0	
1	1	1	352	10.56		300	0	0	-0.0176	0.00632455	0.00632455	0	0	0	-128.155	-0.000113893	-0.000113893	0	0	0	1.48806	-6.20126	0	7.68932		300	0.340356	-0.00753255	0.00294799	0.00294799	0	0	0	0.340356	0	-0.426642	-237.002	0	213.464	213.464	-2.13163e-14	12.4428	0	0	0	0	0	0	0	0	0	0	0	0	0	0	0	0	0	0	0	0	0	0	0	0	0	0	0	0	0	0	0	0	0	
1	1	1	353	10.59		300	0	0	-0.01765	0.0063436	0.0063436	0	0	0	-128.275	-0.000114389	-0.000114389	0	0	0	1.49447	-6.2044	0	7.69887		300	0.341123	-0.00757314	0.00296388	0.00296388	0	0	0	0.341123	0	-0.426642	-237.002	0	213.464	213.464	-2.13163e-14	12.4428	0	0	0	0	0	0	0	0	0	0	0	0	0	0	0	0	0	0	0	0	0	0	0	0	0	0	0	0	0	0	0	0	0	
1	1	1	354	10.62		300	0	0	-0.0177	0.00636264	0.00636264	0	0	0	-128.394	-0.000114883	-0.000114883	0	0	0	1.50089	-6.20753	0	7.70842		300	0.341889	-0.00761376	0.00297977	0.00297977	0	0	0	0.341889	0	-0.426642	-237.002	0	213.464	213.464	-2.13163e-14	12.4428	0	0	0	0	0	0	0	0	0	0	0	0	0	0	0	0	0	0	0	0	0	0	0	0	0	0	0	0	0	0	0	0	0	
1	1	1	355	10.65		300	0	0	-0.01775	0.00638168	0.00638168	0	0	0	-128.514	-0.000115377	-0.000115377	0	0	0	1.50731	-6.21064	0	7.71795		300	0.342655	-0.0076544	0.00299568	0.00299568	0	0	0	0.342655	0	-0.426642	-237.002	0	213.464	213.464	-2.13163e-14	12.4428	0	0	0	0	0	0	0	0	0	0	0	0	0	0	0	0	0	0	0	0	0	0	0	0	0	0	0	0	0	0	0	0	0	
1	1	1	356	10.68		300	0	0	-0.0178	0.00640073	0.00640073	0	0	0	-128.632	-0.00011587	-0.00011587	0	0	0	1.51374	-6.21374	0	7.72748		300	0.343419	-0.00769506	0.00301159	0.00301159	0	0	0	0.343419	0	-0.426642	-237.002	0	213.464	213.464	-2.13163e-14	12.4428	0	0	0	0	0	0	0	0	0	0	0	0	0	0	0	0	0	0	0	0	0	0	0	0	0	0	0	0	0	0	0	0	0	
1	1	1	357	10.71		300	0	0	-0.01785	0.00641978	0.00641978	0	0	0	-128.751	-0.000116362	-0.000116362	0	0	0	1.52017	-6.21682	0	7.73699		300	0.344183	-0.00773575	0.00302752	0.00302752	0	0	0	0.344183	0	-0.426642	-237.002	0	213.464	213.464	-2.13163e-14	12.4428	0	0	0	0	0	0	0	0	0	0	0	0	0	0	0	0	0	0	0	0	0	0	0	0	0	0	0	0	0	0	0	0	0	
1	1	1	358	10.74		300	0	0	-0.0179	0.00643883	0.00643883	0	0	0	-128.869	-0.000116854	-0.000116854	0	0	0	1.52661	-6.21989	0	7.7465		300	0.344946	-0.00777646	0.00304345	0.00304345	0	0	0	0.344946	0	-0.426642	-237.002	0	213.464	213.464	-2.13163e-14	12.4428	0	0	0	0	0	0	0	0	0	0	0	0	0	0	0	0	0	0	0	0	0	0	0	0	0	0	0	0	0	0	0	0	0	
1	1	1	359	10.77		300	0	0	-0.01795	0.00645788	0.00645788	0	0	0	-128.987	-0.000117345	-0.000117345	0	0	0	1.53306	-6.22294	0	7.756		300	0.345709	-0.0078172	0.00305939	0.00305939	0	0	0	0.345709	0	-0.426642	-237.002	0	213.464	213.464	-2.13163e-14	12.4428	0	0	0	0	0	0	0	0	0	0	0	0	0	0	0	0	0	0	0	0	0	0	0	0	0	0	0	0	0	0	0	0	0	
1	1	1	360	10.8		300	0	0	-0.018	0.00647693	0.00647693	0	0	0	-129.105	-0.000117835	-0.000117835	0	0	0	1.53951	-6.22597	0	7.76548		300	0.34647	-0.00785796	0.00307534	0.00307534	0	0	0	0.34647	0	-0.426642	-237.002	0	213.464	213.464	-2.13163e-14	12.4428	0	0	0	0	0	0	0	0	0	0	0	0	0	0	0	0	0	0	0	0	0	0	0	0	0	0	0	0	0	0	0	0	0	
1	1	1	361	10.83		300	0	0	-0.01805	0.00649598	0.00649598	0	0	0	-129.222	-0.000118325	-0.000118325	0	0	0	1.54597	-6.22899	0	7.77496		300	0.347231	-0.00789874	0.00309131	0.00309131	0	0	0	0.347231	0	-0.426642	-237.002	0	213.464	213.464	-2.13163e-14	12.4428	0	0	0	0	0	0	0	0	0	0	0	0	0	0	0	0	0	0	0	0	0	0	0	0	0	0	0	0	0	0	0	0	0	
1	1	1	362	10.86		300	0	0	-0.0181	0.00651503	0.00651503	0	0	0	-129.339	-0.000118814	-0.000118814	0	0	0	1.55243	-6.23199	0	7.78443		300	0.347991	-0.00793955	0.00310728	0.00310728	0	0	0	0.347991	0	-0.426642	-237.002	0	213.464	213.464	-2.13163e-14	12.4428	0	0	0	0	0	0	0	0	0	0	0	0	0	0	0	0	0	0	0	0	0	0	0	0	0	0	0	0	0	0	0	0	0	
1	1	1	363	10.89		300	0	0	-0.01815	0.00653409	0.00653409	0	0	0	-129.456	-0.000119302	-0.000119302	0	0	0	1.5589	-6.23498	0	7.79389		300	0.348751	-0.00798037	0.00312326	0.00312326	0	0	0	0.348751	0	-0.426642	-237.002	0	213.464	213.464	-2.13163e-14	12.4428	0	0	0	0	0	0	0	0	0	0	0	0	0	0	0	0	0	0	0	0	0	0	0	0	0	0	0	0	0	0	0	0	0	
1	1	1	364	10.92		300	0	0	-0.0182	0.00655315	0.00655315	0	0	0	-129.572	-0.00011979	-0.00011979	0	0	0	1.56538	-6.23796	0	7.80333		300	0.349509	-0.00802123	0.00313924	0.00313924	0	0	0	0.349509	0	-0.426642	-237.002	0	213.464	213.464	-2.13163e-14	12.4428	0	0	0	0	0	0	0	0	0	0	0	0	0	0	0	0	0	0	0	0	0	0	0	0	0	0	0	0	0	0	0	0	0	
1	1	1	365	10.95		300	0	0	-0.01825	0.0065722	0.0065722	0	0	0	-129.689	-0.000120277	-0.000120277	0	0	0	1.57186	-6.24091	0	7.81277		300	0.350267	-0.0080621	0.00315524	0.00315524	0	0	0	0.350267	0	-0.426642	-237.002	0	213.464	213.464	-2.13163e-14	12.4428	0	0	0	0	0	0	0	0	0	0	0	0	0	0	0	0	0	0	0	0	0	0	0	0	0	0	0	0	0	0	0	0	0	
1	1	1	366	10.98		300	0	0	-0.0183	0.00659126	0.00659126	0	0	0	-129.804	-0.000120763	-0.000120763	0	0	0	1.57835	-6.24386	0	7.8222		300	0.351024	-0.008103	0.00317125	0.00317125	0	0	0	0.351024	0	-0.426642	-237.002	0	213.464	213.464	-2.13163e-14	12.4428	0	0	0	0	0	0	0	0	0	0	0	0	0	0	0	0	0	0	0	0	0	0	0	0	0	0	0	0	0	0	0	0	0	
1	1	1	367	11.01		300	0	0	-0.01835	0.00661032	0.00661032	0	0	0	-129.92	-0.000121248	-0.000121248	0	0	0	1.58484	-6.24678	0	7.83162		300	0.35178	-0.00814392	0.00318726	0.00318726	0	0	0	0.35178	0	-0.426642	-237.002	0	213.464	213.464	-2.13163e-14	12.4428	0	0	0	0	0	0	0	0	0	0	0	0	0	0	0	0	0	0	0	0	0	0	0	0	0	0	0	0	0	0	0	0	0	
1	1	1	368	11.04		300	0	0	-0.0184	0.00662938	0.00662938	0	0	0	-130.035	-0.000121733	-0.000121733	0	0	0	1.59134	-6.2497	0	7.84104		300	0.352536	-0.00818486	0.00320328	0.00320328	0	0	0	0.352536	0	-0.426642	-237.002	0	213.464	213.464	-2.13163e-14	12.4428	0	0	0	0	0	0	0	0	0	0	0	0	0	0	0	0	0	0	0	0	0	0	0	0	0	0	0	0	0	0	0	0	0	
1	1	1	369	11.07		300	0	0	-0.01845	0.00664845	0.00664845	0	0	0	-130.15	-0.000122217	-0.000122217	0	0	0	1.59784	-6.25259	0	7.85044		300	0.353291	-0.00822582	0.00321932	0.00321932	0	0	0	0.353291	0	-0.426642	-237.002	0	213.464	213.464	-2.13163e-14	12.4428	0	0	0	0	0	0	0	0	0	0	0	0	0	0	0	0	0	0	0	0	0	0	0	0	0	0	0	0	0	0	0	0	0	
1	1	1	370	11.1		300	0	0	-0.0185	0.00666751	0.00666751	0	0	0	-130.265	-0.000122701	-0.000122701	0	0	0	1.60435	-6.25548	0	7.85983		300	0.354045	-0.00826681	0.00323536	0.00323536	0	0	0	0.354045	0	-0.426642	-237.002	0	213.464	213.464	-2.13163e-14	12.4428	0	0	0	0	0	0	0	0	0	0	0	0	0	0	0	0	0	0	0	0	0	0	0	0	0	0	0	0	0	0	0	0	0	
1	1	1	371	11.13		300	0	0	-0.01855	0.00668658	0.00668658	0	0	0	-130.38	-0.000123184	-0.000123184	0	0	0	1.61087	-6.25834	0	7.86922		300	0.354798	-0.00830781	0.0032514	0.0032514	0	0	0	0.354798	0	-0.426642	-237.002	0	213.464	213.464	-2.13163e-14	12.4428	0	0	0	0	0	0	0	0	0	0	0	0	0	0	0	0	0	0	0	0	0	0	0	0	0	0	0	0	0	0	0	0	0	
1	1	1	372	11.16		300	0	0	-0.0186	0.00670564	0.00670564	0	0	0	-130.494	-0.000123666	-0.000123666	0	0	0	1.61739	-6.2612	0	7.87859		300	0.355551	-0.00834884	0.00326746	0.00326746	0	0	0	0.355551	0	-0.426642	-237.002	0	213.464	213.464	-2.13163e-14	12.4428	0	0	0	0	0	0	0	0	0	0	0	0	0	0	0	0	0	0	0	0	0	0	0	0	0	0	0	0	0	0	0	0	0	
1	1	1	373	11.19		300	0	0	-0.01865	0.00672471	0.00672471	0	0	0	-130.608	-0.000124148	-0.000124148	0	0	0	1.62392	-6.26403	0	7.88796		300	0.356303	-0.00838989	0.00328353	0.00328353	0	0	0	0.356303	0	-0.426642	-237.002	0	213.464	213.464	-2.13163e-14	12.4428	0	0	0	0	0	0	0	0	0	0	0	0	0	0	0	0	0	0	0	0	0	0	0	0	0	0	0	0	0	0	0	0	0	
1	1	1	374	11.22		300	0	0	-0.0187	0.00674378	0.00674378	0	0	0	-130.721	-0.000124629	-0.000124629	0	0	0	1.63045	-6.26686	0	7.89731		300	0.357054	-0.00843096	0.0032996	0.0032996	0	0	0	0.357054	0	-0.426642	-237.002	0	213.464	213.464	-2.13163e-14	12.4428	0	0	0	0	0	0	0	0	0	0	0	0	0	0	0	0	0	0	0	0	0	0	0	0	0	0	0	0	0	0	0	0	0	
1	1	1	375	11.25		300	0	0	-0.01875	0.00676285	0.00676285	0	0	0	-130.835	-0.000125109	-0.000125109	0	0	0	1.63699	-6.26967	0	7.90666		300	0.357804	-0.00847205	0.00331568	0.00331568	0	0	0	0.357804	0	-0.426642	-237.002	0	213.464	213.464	-2.13163e-14	12.4428	0	0	0	0	0	0	0	0	0	0	0	0	0	0	0	0	0	0	0	0	0	0	0	0	0	0	0	0	0	0	0	0	0	
1	1	1	376	11.28		300	0	0	-0.0188	0.00678192	0.00678192	0	0	0	-130.948	-0.000125588	-0.000125588	0	0	0	1.64354	-6.27246	0	7.916		300	0.358554	-0.00851316	0.00333177	0.00333177	0	0	0	0.358554	0	-0.426642	-237.002	0	213.464	213.464	-2.13163e-14	12.4428	0	0	0	0	0	0	0	0	0	0	0	0	0	0	0	0	0	0	0	0	0	0	0	0	0	0	0	0	0	0	0	0	0	
1	1	1	377	11.31		300	0	0	-0.01885	0.00680099	0.00680099	0	0	0	-131.061	-0.000126067	-0.000126067	0	0	0	1.65009	-6.27524	0	7.92533		300	0.359303	-0.0085543	0.00334787	0.00334787	0	0	0	0.359303	0	-0.426642	-237.002	0	213.464	213.464	-2.13163e-14	12.4428	0	0	0	0	0	0	0	0	0	0	0	0	0	0	0	0	0	0	0	0	0	0	0	0	0	0	0	0	0	0	0	0	0	
1	1	1	378	11.34		300	0	0	-0.0189	0.00682006	0.00682006	0	0	0	-131.173	-0.000126546	-0.000126546	0	0	0	1.65664	-6.27801	0	7.93465		300	0.360051	-0.00859545	0.00336398	0.00336398	0	0	0	0.360051	0	-0.426642	-237.002	0	213.464	213.464	-2.13163e-14	12.4428	0	0	0	0	0	0	0	0	0	0	0	0	0	0	0	0	0	0	0	0	0	0	0	0	0	0	0	0	0	0	0	0	0	
1	1	1	379	11.37		300	0	0	-0.01895	0.00683914	0.00683914	0	0	0	-131.286	-0.000127023	-0.000127023	0	0	0	1.6632	-6.28076	0	7.94396		300	0.360799	-0.00863662	0.00338009	0.00338009	0	0	0	0.360799	0	-0.426642	-237.002	0	213.464	213.464	-2.13163e-14	12.4428	0	0	0	0	0	0	0	0	0	0	0	0	0	0	0	0	0	0	0	0	0	0	0	0	0	0	0	0	0	0	0	0	0	
1	1	1	380	11.4		300	0	0	-0.019	0.00685821	0.00685821	0	0	0	-131.398	-0.0001275	-0.0001275	0	0	0	1.66977	-6.28349	0	7.95326		300	0.361546	-0.00867782	0.00339621	0.00339621	0	0	0	0.361546	0	-0.426642	-237.002	0	213.464	213.464	-2.13163e-14	12.4428	0	0	0	0	0	0	0	0	0	0	0	0	0	0	0	0	0	0	0	0	0	0	0	0	0	0	0	0	0	0	0	0	0	
1	1	1	381	11.43		300	0	0	-0.01905	0.00687729	0.00687729	0	0	0	-131.51	-0.000127977	-0.000127977	0	0	0	1.67634	-6.28621	0	7.96256		300	0.362292	-0.00871903	0.00341234	0.00341234	0	0	0	0.362292	0	-0.426642	-237.002	0	213.464	213.464	-2.13163e-14	12.4428	0	0	0	0	0	0	0	0	0	0	0	0	0	0	0	0	0	0	0	0	0	0	0	0	0	0	0	0	0	0	0	0	0	
1	1	1	382	11.46		300	0	0	-0.0191	0.00689637	0.00689637	0	0	0	-131.621	-0.000128452	-0.000128452	0	0	0	1.68292	-6.28892	0	7.97184		300	0.363037	-0.00876027	0.00342848	0.00342848	0	0	0	0.363037	0	-0.426642	-237.002	0	213.464	213.464	-2.13163e-14	12.4428	0	0	0	0	0	0	0	0	0	0	0	0	0	0	0	0	0	0	0	0	0	0	0	0	0	0	0	0	0	0	0	0	0	
1	1	1	383	11.49		300	0	0	-0.01915	0.00691545	0.00691545	0	0	0	-131.733	-0.000128928	-0.000128928	0	0	0	1.68951	-6.29161	0	7.98112		300	0.363782	-0.00880152	0.00344463	0.00344463	0	0	0	0.363782	0	-0.426642	-237.002	0	213.464	213.464	-2.13163e-14	12.4428	0	0	0	0	0	0	0	0	0	0	0	0	0	0	0	0	0	0	0	0	0	0	0	0	0	0	0	0	0	0	0	0	0	
1	1	1	384	11.52		300	0	0	-0.0192	0.00693453	0.00693453	0	0	0	-131.844	-0.000129402	-0.000129402	0	0	0	1.6961	-6.29429	0	7.99039		300	0.364526	-0.00884279	0.00346078	0.00346078	0	0	0	0.364526	0	-0.426642	-237.002	0	213.464	213.464	-2.13163e-14	12.4428	0	0	0	0	0	0	0	0	0	0	0	0	0	0	0	0	0	0	0	0	0	0	0	0	0	0	0	0	0	0	0	0	0	
1	1	1	385	11.55		300	0	0	-0.01925	0.00695361	0.00695361	0	0	0	-131.955	-0.000129876	-0.000129876	0	0	0	1.70269	-6.29696	0	7.99965		300	0.36527	-0.00888409	0.00347694	0.00347694	0	0	0	0.36527	0	-0.426642	-237.002	0	213.464	213.464	-2.13163e-14	12.4428	0	0	0	0	0	0	0	0	0	0	0	0	0	0	0	0	0	0	0	0	0	0	0	0	0	0	0	0	0	0	0	0	0	
1	1	1	386	11.58		300	0	0	-0.0193	0.00697269	0.00697269	0	0	0	-132.065	-0.000130349	-0.000130349	0	0	0	1.70929	-6.29961	0	8.0089		300	0.366012	-0.0089254	0.00349311	0.00349311	0	0	0	0.366012	0	-0.426642	-237.002	0	213.464	213.464	-2.13163e-14	12.4428	0	0	0	0	0	0	0	0	0	0	0	0	0	0	0	0	0	0	0	0	0	0	0	0	0	0	0	0	0	0	0	0	0	
1	1	1	387	11.61		300	0	0	-0.01935	0.00699177	0.00699177	0	0	0	-132.176	-0.000130822	-0.000130822	0	0	0	1.7159	-6.30224	0	8.01814		300	0.366754	-0.00896673	0.00350929	0.00350929	0	0	0	0.366754	0	-0.426642	-237.002	0	213.464	213.464	-2.13163e-14	12.4428	0	0	0	0	0	0	0	0	0	0	0	0	0	0	0	0	0	0	0	0	0	0	0	0	0	0	0	0	0	0	0	0	0	
1	1	1	388	11.64		300	0	0	-0.0194	0.00701086	0.00701086	0	0	0	-132.286	-0.000131294	-0.000131294	0	0	0	1.72251	-6.30486	0	8.02737		300	0.367496	-0.00900808	0.00352547	0.00352547	0	0	0	0.367496	0	-0.426642	-237.002	0	213.464	213.464	-2.13163e-14	12.4428	0	0	0	0	0	0	0	0	0	0	0	0	0	0	0	0	0	0	0	0	0	0	0	0	0	0	0	0	0	0	0	0	0	
1	1	1	389	11.67		300	0	0	-0.01945	0.00702994	0.00702994	0	0	0	-132.395	-0.000131765	-0.000131765	0	0	0	1.72913	-6.30747	0	8.0366		300	0.368236	-0.00904945	0.00354166	0.00354166	0	0	0	0.368236	0	-0.426642	-237.002	0	213.464	213.464	-2.13163e-14	12.4428	0	0	0	0	0	0	0	0	0	0	0	0	0	0	0	0	0	0	0	0	0	0	0	0	0	0	0	0	0	0	0	0	0	
1	1	1	390	11.7		300	0	0	-0.0195	0.00704903	0.00704903	0	0	0	-132.505	-0.000132236	-0.000132236	0	0	0	1.73575	-6.31007	0	8.04582		300	0.368976	-0.00909084	0.00355786	0.00355786	0	0	0	0.368976	0	-0.426642	-237.002	0	213.464	213.464	-2.13163e-14	12.4428	0	0	0	0	0	0	0	0	0	0	0	0	0	0	0	0	0	0	0	0	0	0	0	0	0	0	0	0	0	0	0	0	0	
1	1	1	391	11.73		300	0	0	-0.01955	0.00706812	0.00706812	0	0	0	-132.614	-0.000132706	-0.000132706	0	0	0	1.74238	-6.31265	0	8.05502		300	0.369715	-0.00913225	0.00357406	0.00357406	0	0	0	0.369715	0	-0.426642	-237.002	0	213.464	213.464	-2.13163e-14	12.4428	0	0	0	0	0	0	0	0	0	0	0	0	0	0	0	0	0	0	0	0	0	0	0	0	0	0	0	0	0	0	0	0	0	
1	1	1	392	11.76		300	0	0	-0.0196	0.00708721	0.00708721	0	0	0	-132.724	-0.000133176	-0.000133176	0	0	0	1.74901	-6.31521	0	8.06422		300	0.370454	-0.00917367	0.00359028	0.00359028	0	0	0	0.370454	0	-0.426642	-237.002	0	213.464	213.464	-2.13163e-14	12.4428	0	0	0	0	0	0	0	0	0	0	0	0	0	0	0	0	0	0	0	0	0	0	0	0	0	0	0	0	0	0	0	0	0	
1	1	1	393	11.79		300	0	0	-0.01965	0.0071063	0.0071063	0	0	0	-132.833	-0.000133644	-0.000133644	0	0	0	1.75565	-6.31777	0	8.07341		300	0.371192	-0.00921512	0.0036065	0.0036065	0	0	0	0.371192	0	-0.426642	-237.002	0	213.464	213.464	-2.13163e-14	12.4428	0	0	0	0	0	0	0	0	0	0	0	0	0	0	0	0	0	0	0	0	0	0	0	0	0	0	0	0	0	0	0	0	0	
1	1	1	394	11.82		300	0	0	-0.0197	0.00712539	0.00712539	0	0	0	-132.941	-0.000134113	-0.000134113	0	0	0	1.76229	-6.3203	0	8.0826		300	0.371929	-0.00925658	0.00362272	0.00362272	0	0	0	0.371929	0	-0.426642	-237.002	0	213.464	213.464	-2.13163e-14	12.4428	0	0	0	0	0	0	0	0	0	0	0	0	0	0	0	0	0	0	0	0	0	0	0	0	0	0	0	0	0	0	0	0	0	
1	1	1	395	11.85		300	0	0	-0.01975	0.00714448	0.00714448	0	0	0	-133.05	-0.00013458	-0.00013458	0	0	0	1.76894	-6.32283	0	8.09177		300	0.372665	-0.00929806	0.00363896	0.00363896	0	0	0	0.372665	0	-0.426642	-237.002	0	213.464	213.464	-2.13163e-14	12.4428	0	0	0	0	0	0	0	0	0	0	0	0	0	0	0	0	0	0	0	0	0	0	0	0	0	0	0	0	0	0	0	0	0	
1	1	1	396	11.88		300	0	0	-0.0198	0.00716357	0.00716357	0	0	0	-133.158	-0.000135048	-0.000135048	0	0	0	1.7756	-6.32534	0	8.10094		300	0.373401	-0.00933956	0.0036552	0.0036552	0	0	0	0.373401	0	-0.426642	-237.002	0	213.464	213.464	-2.13163e-14	12.4428	0	0	0	0	0	0	0	0	0	0	0	0	0	0	0	0	0	0	0	0	0	0	0	0	0	0	0	0	0	0	0	0	0	
1	1	1	397	11.91		300	0	0	-0.01985	0.00718267	0.00718267	0	0	0	-133.266	-0.000135514	-0.000135514	0	0	0	1.78226	-6.32784	0	8.1101		300	0.374137	-0.00938108	0.00367145	0.00367145	0	0	0	0.374137	0	-0.426642	-237.002	0	213.464	213.464	-2.13163e-14	12.4428	0	0	0	0	0	0	0	0	0	0	0	0	0	0	0	0	0	0	0	0	0	0	0	0	0	0	0	0	0	0	0	0	0	
1	1	1	398	11.94		300	0	0	-0.0199	0.00720176	0.00720176	0	0	0	-133.374	-0.00013598	-0.00013598	0	0	0	1.78892	-6.33032	0	8.11925		300	0.374871	-0.00942261	0.0036877	0.0036877	0	0	0	0.374871	0	-0.426642	-237.002	0	213.464	213.464	-2.13163e-14	12.4428	0	0	0	0	0	0	0	0	0	0	0	0	0	0	0	0	0	0	0	0	0	0	0	0	0	0	0	0	0	0	0	0	0	
1	1	1	399	11.97		300	0	0	-0.01995	0.00722086	0.00722086	0	0	0	-133.481	-0.000136445	-0.000136445	0	0	0	1.7956	-6.33279	0	8.12839		300	0.375605	-0.00946417	0.00370397	0.00370397	0	0	0	0.375605	0	-0.426642	-237.002	0	213.464	213.464	-2.13163e-14	12.4428	0	0	0	0	0	0	0	0	0	0	0	0	0	0	0	0	0	0	0	0	0	0	0	0	0	0	0	0	0	0	0	0	0	
1	1	1	400	12		300	0	0	-0.02	0.00723995	0.00723995	0	0	0	-133.588	-0.00013691	-0.00013691	0	0	0	1.80227	-6.33525	0	8.13752		300	0.376338	-0.00950574	0.00372024	0.00372024	0	0	0	0.376338	0	-0.426642	-237.002	0	213.464	213.464	-2.13163e-14	12.4428	0	0	0	0	0	0	0	0	0	0	0	0	0	0	0	0	0	0	0	0	0	0	0	0	0	0	0	0	0	0	0	0	0	
1	1	1	401	12.03		300	0	0	-0.02005	0.00725905	0.00725905	0	0	0	-133.696	-0.000137374	-0.000137374	0	0	0	1.80895	-6.33769	0	8.14665		300	0.377071	-0.00954732	0.00373651	0.00373651	0	0	0	0.377071	0	-0.426642	-237.002	0	213.464	213.464	-2.13163e-14	12.4428	0	0	0	0	0	0	0	0	0	0	0	0	0	0	0	0	0	0	0	0	0	0	0	0	0	0	0	0	0	0	0	0	0	
1	1	1	402	12.06		300	0	0	-0.0201	0.00727815	0.00727815	0	0	0	-133.802	-0.000137838	-0.000137838	0	0	0	1.81564	-6.34012	0	8.15576		300	0.377803	-0.00958893	0.00375279	0.00375279	0	0	0	0.377803	0	-0.426642	-237.002	0	213.464	213.464	-2.13163e-14	12.4428	0	0	0	0	0	0	0	0	0	0	0	0	0	0	0	0	0	0	0	0	0	0	0	0	0	0	0	0	0	0	0	0	0	
1	1	1	403	12.09		300	0	0	-0.02015	0.00729725	0.00729725	0	0	0	-133.909	-0.0001383	-0.0001383	0	0	0	1.82234	-6.34254	0	8.16487		300	0.378534	-0.00963055	0.00376908	0.00376908	0	0	0	0.378534	0	-0.426642	-237.002	0	213.464	213.464	-2.13163e-14	12.4428	0	0	0	0	0	0	0	0	0	0	0	0	0	0	0	0	0	0	0	0	0	0	0	0	0	0	0	0	0	0	0	0	0	
1	1	1	404	12.12		300	0	0	-0.0202	0.00731635	0.00731635	0	0	0	-134.015	-0.000138763	-0.000138763	0	0	0	1.82903	-6.34494	0	8.17397		300	0.379265	-0.00967219	0.00378538	0.00378538	0	0	0	0.379265	0	-0.426642	-237.002	0	213.464	213.464	-2.13163e-14	12.4428	0	0	0	0	0	0	0	0	0	0	0	0	0	0	0	0	0	0	0	0	0	0	0	0	0	0	0	0	0	0	0	0	0	
1	1	1	405	12.15		300	0	0	-0.02025	0.00733545	0.00733545	0	0	0	-134.122	-0.000139225	-0.000139225	0	0	0	1.83574	-6.34733	0	8.18307		300	0.379995	-0.00971385	0.00380168	0.00380168	0	0	0	0.379995	0	-0.426642	-237.002	0	213.464	213.464	-2.13163e-14	12.4428	0	0	0	0	0	0	0	0	0	0	0	0	0	0	0	0	0	0	0	0	0	0	0	0	0	0	0	0	0	0	0	0	0	
1	1	1	406	12.18		300	0	0	-0.0203	0.00735455	0.00735455	0	0	0	-134.228	-0.000139686	-0.000139686	0	0	0	1.84245	-6.34971	0	8.19215		300	0.380724	-0.00975552	0.00381799	0.00381799	0	0	0	0.380724	0	-0.426642	-237.002	0	213.464	213.464	-2.13163e-14	12.4428	0	0	0	0	0	0	0	0	0	0	0	0	0	0	0	0	0	0	0	0	0	0	0	0	0	0	0	0	0	0	0	0	0	
1	1	1	407	12.21		300	0	0	-0.02035	0.00737366	0.00737366	0	0	0	-134.333	-0.000140146	-0.000140146	0	0	0	1.84916	-6.35207	0	8.20123		300	0.381453	-0.00979721	0.00383431	0.00383431	0	0	0	0.381453	0	-0.426642	-237.002	0	213.464	213.464	-2.13163e-14	12.4428	0	0	0	0	0	0	0	0	0	0	0	0	0	0	0	0	0	0	0	0	0	0	0	0	0	0	0	0	0	0	0	0	0	
1	1	1	408	12.24		300	0	0	-0.0204	0.00739276	0.00739276	0	0	0	-134.439	-0.000140606	-0.000140606	0	0	0	1.85588	-6.35442	0	8.2103		300	0.382181	-0.00983891	0.00385063	0.00385063	0	0	0	0.382181	0	-0.426642	-237.002	0	213.464	213.464	-2.13163e-14	12.4428	0	0	0	0	0	0	0	0	0	0	0	0	0	0	0	0	0	0	0	0	0	0	0	0	0	0	0	0	0	0	0	0	0	
1	1	1	409	12.27		300	0	0	-0.02045	0.00741186	0.00741186	0	0	0	-134.544	-0.000141066	-0.000141066	0	0	0	1.8626	-6.35676	0	8.21936		300	0.382908	-0.00988064	0.00386696	0.00386696	0	0	0	0.382908	0	-0.426642	-237.002	0	213.464	213.464	-2.13163e-14	12.4428	0	0	0	0	0	0	0	0	0	0	0	0	0	0	0	0	0	0	0	0	0	0	0	0	0	0	0	0	0	0	0	0	0	
1	1	1	410	12.3		300	0	0	-0.0205	0.00743097	0.00743097	0	0	0	-134.65	-0.000141525	-0.000141525	0	0	0	1.86933	-6.35908	0	8.22841		300	0.383635	-0.00992238	0.0038833	0.0038833	0	0	0	0.383635	0	-0.426642	-237.002	0	213.464	213.464	-2.13163e-14	12.4428	0	0	0	0	0	0	0	0	0	0	0	0	0	0	0	0	0	0	0	0	0	0	0	0	0	0	0	0	0	0	0	0	0	
1	1	1	411	12.33		300	0	0	-0.02055	0.00745008	0.00745008	0	0	0	-134.755	-0.000141983	-0.000141983	0	0	0	1.87607	-6.36139	0	8.23746		300	0.384361	-0.00996413	0.00389964	0.00389964	0	0	0	0.384361	0	-0.426642	-237.002	0	213.464	213.464	-2.13163e-14	12.4428	0	0	0	0	0	0	0	0	0	0	0	0	0	0	0	0	0	0	0	0	0	0	0	0	0	0	0	0	0	0	0	0	0	
1	1	1	412	12.36		300	0	0	-0.0206	0.00746919	0.00746919	0	0	0	-134.859	-0.00014244	-0.00014244	0	0	0	1.88281	-6.36369	0	8.24649		300	0.385087	-0.0100059	0.00391599	0.00391599	0	0	0	0.385087	0	-0.426642	-237.002	0	213.464	213.464	-2.13163e-14	12.4428	0	0	0	0	0	0	0	0	0	0	0	0	0	0	0	0	0	0	0	0	0	0	0	0	0	0	0	0	0	0	0	0	0	
1	1	1	413	12.39		300	0	0	-0.02065	0.00748829	0.00748829	0	0	0	-134.964	-0.000142898	-0.000142898	0	0	0	1.88955	-6.36597	0	8.25552		300	0.385811	-0.0100477	0.00393234	0.00393234	0	0	0	0.385811	0	-0.426642	-237.002	0	213.464	213.464	-2.13163e-14	12.4428	0	0	0	0	0	0	0	0	0	0	0	0	0	0	0	0	0	0	0	0	0	0	0	0	0	0	0	0	0	0	0	0	0	
1	1	1	414	12.42		300	0	0	-0.0207	0.0075074	0.0075074	0	0	0	-135.068	-0.000143354	-0.000143354	0	0	0	1.8963	-6.36824	0	8.26455		300	0.386536	-0.0100895	0.0039487	0.0039487	0	0	0	0.386536	0	-0.426642	-237.002	0	213.464	213.464	-2.13163e-14	12.4428	0	0	0	0	0	0	0	0	0	0	0	0	0	0	0	0	0	0	0	0	0	0	0	0	0	0	0	0	0	0	0	0	0	
1	1	1	415	12.45		300	0	0	-0.02075	0.00752651	0.00752651	0	0	0	-135.172	-0.00014381	-0.00014381	0	0	0	1.90306	-6.3705	0	8.27356		300	0.387259	-0.0101313	0.00396507	0.00396507	0	0	0	0.387259	0	-0.426642	-237.002	0	213.464	213.464	-2.13163e-14	12.4428	0	0	0	0	0	0	0	0	0	0	0	0	0	0	0	0	0	0	0	0	0	0	0	0	0	0	0	0	0	0	0	0	0	
1	1	1	416	12.48		300	0	0	-0.0208	0.00754563	0.00754563	0	0	0	-135.276	-0.000144266	-0.000144266	0	0	0	1.90982	-6.37275	0	8.28257		300	0.387982	-0.0101732	0.00398144	0.00398144	0	0	0	0.387982	0	-0.426642	-237.002	0	213.464	213.464	-2.13163e-14	12.4428	0	0	0	0	0	0	0	0	0	0	0	0	0	0	0	0	0	0	0	0	0	0	0	0	0	0	0	0	0	0	0	0	0	
1	1	1	417	12.51		300	0	0	-0.02085	0.00756474	0.00756474	0	0	0	-135.38	-0.00014472	-0.00014472	0	0	0	1.91659	-6.37498	0	8.29157		300	0.388705	-0.010215	0.00399782	0.00399782	0	0	0	0.388705	0	-0.426642	-237.002	0	213.464	213.464	-2.13163e-14	12.4428	0	0	0	0	0	0	0	0	0	0	0	0	0	0	0	0	0	0	0	0	0	0	0	0	0	0	0	0	0	0	0	0	0	
1	1	1	418	12.54		300	0	0	-0.0209	0.00758385	0.00758385	0	0	0	-135.483	-0.000145175	-0.000145175	0	0	0	1.92336	-6.3772	0	8.30056		300	0.389427	-0.0102569	0.00401421	0.00401421	0	0	0	0.389427	0	-0.426642	-237.002	0	213.464	213.464	-2.13163e-14	12.4428	0	0	0	0	0	0	0	0	0	0	0	0	0	0	0	0	0	0	0	0	0	0	0	0	0	0	0	0	0	0	0	0	0	
1	1	1	419	12.57		300	0	0	-0.02095	0.00760297	0.00760297	0	0	0	-135.587	-0.000145628	-0.000145628	0	0	0	1.93014	-6.3794	0	8.30954		300	0.390148	-0.0102988	0.0040306	0.0040306	0	0	0	0.390148	0	-0.426642	-237.002	0	213.464	213.464	-2.13163e-14	12.4428	0	0	0	0	0	0	0	0	0	0	0	0	0	0	0	0	0	0	0	0	0	0	0	0	0	0	0	0	0	0	0	0	0	
1	1	1	420	12.6		300	0	0	-0.021	0.00762208	0.00762208	0	0	0	-135.69	-0.000146082	-0.000146082	0	0	0	1.93692	-6.3816	0	8.31852		300	0.390868	-0.0103407	0.004047	0.004047	0	0	0	0.390868	0	-0.426642	-237.002	0	213.464	213.464	-2.13163e-14	12.4428	0	0	0	0	0	0	0	0	0	0	0	0	0	0	0	0	0	0	0	0	0	0	0	0	0	0	0	0	0	0	0	0	0	
1	1	1	421	12.63		300	0	0	-0.02105	0.0076412	0.0076412	0	0	0	-135.793	-0.000146534	-0.000146534	0	0	0	1.94371	-6.38378	0	8.32749		300	0.391588	-0.0103826	0.0040634	0.0040634	0	0	0	0.391588	0	-0.426642	-237.002	0	213.464	213.464	-2.13163e-14	12.4428	0	0	0	0	0	0	0	0	0	0	0	0	0	0	0	0	0	0	0	0	0	0	0	0	0	0	0	0	0	0	0	0	0	
1	1	1	422	12.66		300	0	0	-0.0211	0.00766031	0.00766031	0	0	0	-135.896	-0.000146986	-0.000146986	0	0	0	1.9505	-6.38595	0	8.33645		300	0.392308	-0.0104245	0.00407981	0.00407981	0	0	0	0.392308	0	-0.426642	-237.002	0	213.464	213.464	-2.13163e-14	12.4428	0	0	0	0	0	0	0	0	0	0	0	0	0	0	0	0	0	0	0	0	0	0	0	0	0	0	0	0	0	0	0	0	0	
1	1	1	423	12.69		300	0	0	-0.02115	0.00767943	0.00767943	0	0	0	-135.998	-0.000147438	-0.000147438	0	0	0	1.9573	-6.3881	0	8.3454		300	0.393027	-0.0104664	0.00409622	0.00409622	0	0	0	0.393027	0	-0.426642	-237.002	0	213.464	213.464	-2.13163e-14	12.4428	0	0	0	0	0	0	0	0	0	0	0	0	0	0	0	0	0	0	0	0	0	0	0	0	0	0	0	0	0	0	0	0	0	
1	1	1	424	12.72		300	0	0	-0.0212	0.00769855	0.00769855	0	0	0	-136.101	-0.000147889	-0.000147889	0	0	0	1.9641	-6.39025	0	8.35435		300	0.393745	-0.0105084	0.00411264	0.00411264	0	0	0	0.393745	0	-0.426642	-237.002	0	213.464	213.464	-2.13163e-14	12.4428	0	0	0	0	0	0	0	0	0	0	0	0	0	0	0	0	0	0	0	0	0	0	0	0	0	0	0	0	0	0	0	0	0	
1	1	1	425	12.75		300	0	0	-0.02125	0.00771767	0.00771767	0	0	0	-136.203	-0.000148339	-0.000148339	0	0	0	1.97091	-6.39238	0	8.36328		300	0.394462	-0.0105504	0.00412907	0.00412907	0	0	0	0.394462	0	-0.426642	-237.002	0	213.464	213.464	-2.13163e-14	12.4428	0	0	0	0	0	0	0	0	0	0	0	0	0	0	0	0	0	0	0	0	0	0	0	0	0	0	0	0	0	0	0	0	0	
1	1	1	426	12.78		300	0	0	-0.0213	0.00773679	0.00773679	0	0	0	-136.305	-0.000148789	-0.000148789	0	0	0	1.97772	-6.3945	0	8.37221		300	0.395179	-0.0105924	0.0041455	0.0041455	0	0	0	0.395179	0	-0.426642	-237.002	0	213.464	213.464	-2.13163e-14	12.4428	0	0	0	0	0	0	0	0	0	0	0	0	0	0	0	0	0	0	0	0	0	0	0	0	0	0	0	0	0	0	0	0	0	
1	1	1	427	12.81		300	0	0	-0.02135	0.00775591	0.00775591	0	0	0	-136.407	-0.000149238	-0.000149238	0	0	0	1.98454	-6.3966	0	8.38114		300	0.395896	-0.0106344	0.00416194	0.00416194	0	0	0	0.395896	0	-0.426642	-237.002	0	213.464	213.464	-2.13163e-14	12.4428	0	0	0	0	0	0	0	0	0	0	0	0	0	0	0	0	0	0	0	0	0	0	0	0	0	0	0	0	0	0	0	0	0	
1	1	1	428	12.84		300	0	0	-0.0214	0.00777503	0.00777503	0	0	0	-136.508	-0.000149687	-0.000149687	0	0	0	1.99136	-6.3987	0	8.39005		300	0.396611	-0.0106764	0.00417839	0.00417839	0	0	0	0.396611	0	-0.426642	-237.002	0	213.464	213.464	-2.13163e-14	12.4428	0	0	0	0	0	0	0	0	0	0	0	0	0	0	0	0	0	0	0	0	0	0	0	0	0	0	0	0	0	0	0	0	0	
1	1	1	429	12.87		300	0	0	-0.02145	0.00779415	0.00779415	0	0	0	-136.61	-0.000150135	-0.000150135	0	0	0	1.99819	-6.40078	0	8.39896		300	0.397326	-0.0107184	0.00419484	0.00419484	0	0	0	0.397326	0	-0.426642	-237.002	0	213.464	213.464	-2.13163e-14	12.4428	0	0	0	0	0	0	0	0	0	0	0	0	0	0	0	0	0	0	0	0	0	0	0	0	0	0	0	0	0	0	0	0	0	
1	1	1	430	12.9		300	0	0	-0.0215	0.00781328	0.00781328	0	0	0	-136.711	-0.000150583	-0.000150583	0	0	0	2.00502	-6.40284	0	8.40786		300	0.398041	-0.0107605	0.00421129	0.00421129	0	0	0	0.398041	0	-0.426642	-237.002	0	213.464	213.464	-2.13163e-14	12.4428	0	0	0	0	0	0	0	0	0	0	0	0	0	0	0	0	0	0	0	0	0	0	0	0	0	0	0	0	0	0	0	0	0	
1	1	1	431	12.93		300	0	0	-0.02155	0.0078324	0.0078324	0	0	0	-136.812	-0.00015103	-0.00015103	0	0	0	2.01186	-6.4049	0	8.41676		300	0.398755	-0.0108025	0.00422775	0.00422775	0	0	0	0.398755	0	-0.426642	-237.002	0	213.464	213.464	-2.13163e-14	12.4428	0	0	0	0	0	0	0	0	0	0	0	0	0	0	0	0	0	0	0	0	0	0	0	0	0	0	0	0	0	0	0	0	0	
1	1	1	432	12.96		300	0	0	-0.0216	0.00785152	0.00785152	0	0	0	-136.913	-0.000151477	-0.000151477	0	0	0	2.0187	-6.40694	0	8.42564		300	0.399468	-0.0108446	0.00424422	0.00424422	0	0	0	0.399468	0	-0.426642	-237.002	0	213.464	213.464	-2.13163e-14	12.4428	0	0	0	0	0	0	0	0	0	0	0	0	0	0	0	0	0	0	0	0	0	0	0	0	0	0	0	0	0	0	0	0	0	
1	1	1	433	12.99		300	0	0	-0.02165	0.00787065	0.00787065	0	0	0	-137.014	-0.000151923	-0.000151923	0	0	0	2.02555	-6.40897	0	8.43452		300	0.400181	-0.0108867	0.00426069	0.00426069	0	0	0	0.400181	0	-0.426642	-237.002	0	213.464	213.464	-2.13163e-14	12.4428	0	0	0	0	0	0	0	0	0	0	0	0	0	0	0	0	0	0	0	0	0	0	0	0	0	0	0	0	0	0	0	0	0	
1	1	1	434	13.02		300	0	0	-0.0217	0.00788978	0.00788978	0	0	0	-137.114	-0.000152368	-0.000152368	0	0	0	2.0324	-6.41099	0	8.4434		300	0.400893	-0.0109288	0.00427717	0.00427717	0	0	0	0.400893	0	-0.426642	-237.002	0	213.464	213.464	-2.13163e-14	12.4428	0	0	0	0	0	0	0	0	0	0	0	0	0	0	0	0	0	0	0	0	0	0	0	0	0	0	0	0	0	0	0	0	0	
1	1	1	435	13.05		300	0	0	-0.02175	0.0079089	0.0079089	0	0	0	-137.214	-0.000152813	-0.000152813	0	0	0	2.03926	-6.413	0	8.45226		300	0.401605	-0.0109709	0.00429365	0.00429365	0	0	0	0.401605	0	-0.426642	-237.002	0	213.464	213.464	-2.13163e-14	12.4428	0	0	0	0	0	0	0	0	0	0	0	0	0	0	0	0	0	0	0	0	0	0	0	0	0	0	0	0	0	0	0	0	0	
1	1	1	436	13.08		300	0	0	-0.0218	0.00792803	0.00792803	0	0	0	-137.315	-0.000153258	-0.000153258	0	0	0	2.04612	-6.41499	0	8.46112		300	0.402316	-0.011013	0.00431014	0.00431014	0	0	0	0.402316	0	-0.426642	-237.002	0	213.464	213.464	-2.13163e-14	12.4428	0	0	0	0	0	0	0	0	0	0	0	0	0	0	0	0	0	0	0	0	0	0	0	0	0	0	0	0	0	0	0	0	0	
1	1	1	437	13.11		300	0	0	-0.02185	0.00794716	0.00794716	0	0	0	-137.415	-0.000153702	-0.000153702	0	0	0	2.05299	-6.41698	0	8.46997		300	0.403027	-0.0110552	0.00432663	0.00432663	0	0	0	0.403027	0	-0.426642	-237.002	0	213.464	213.464	-2.13163e-14	12.4428	0	0	0	0	0	0	0	0	0	0	0	0	0	0	0	0	0	0	0	0	0	0	0	0	0	0	0	0	0	0	0	0	0	
1	1	1	438	13.14		300	0	0	-0.0219	0.00796629	0.00796629	0	0	0	-137.514	-0.000154145	-0.000154145	0	0	0	2.05987	-6.41895	0	8.47881		300	0.403737	-0.0110973	0.00434313	0.00434313	0	0	0	0.403737	0	-0.426642	-237.002	0	213.464	213.464	-2.13163e-14	12.4428	0	0	0	0	0	0	0	0	0	0	0	0	0	0	0	0	0	0	0	0	0	0	0	0	0	0	0	0	0	0	0	0	0	
1	1	1	439	13.17		300	0	0	-0.02195	0.00798542	0.00798542	0	0	0	-137.614	-0.000154588	-0.000154588	0	0	0	2.06674	-6.42091	0	8.48765		300	0.404446	-0.0111395	0.00435964	0.00435964	0	0	0	0.404446	0	-0.426642	-237.002	0	213.464	213.464	-2.13163e-14	12.4428	0	0	0	0	0	0	0	0	0	0	0	0	0	0	0	0	0	0	0	0	0	0	0	0	0	0	0	0	0	0	0	0	0	
1	1	1	440	13.2		300	0	0	-0.022	0.00800455	0.00800455	0	0	0	-137.714	-0.000155031	-0.000155031	0	0	0	2.07363	-6.42285	0	8.49648		300	0.405155	-0.0111817	0.00437615	0.00437615	0	0	0	0.405155	0	-0.426642	-237.002	0	213.464	213.464	-2.13163e-14	12.4428	0	0	0	0	0	0	0	0	0	0	0	0	0	0	0	0	0	0	0	0	0	0	0	0	0	0	0	0	0	0	0	0	0	
1	1	1	441	13.23		300	0	0	-0.02205	0.00802368	0.00802368	0	0	0	-137.813	-0.000155472	-0.000155472	0	0	0	2.08051	-6.42478	0	8.5053		300	0.405863	-0.0112239	0.00439266	0.00439266	0	0	0	0.405863	0	-0.426642	-237.002	0	213.464	213.464	-2.13163e-14	12.4428	0	0	0	0	0	0	0	0	0	0	0	0	0	0	0	0	0	0	0	0	0	0	0	0	0	0	0	0	0	0	0	0	0	
1	1	1	442	13.26		300	0	0	-0.0221	0.00804281	0.00804281	0	0	0	-137.912	-0.000155914	-0.000155914	0	0	0	2.08741	-6.42671	0	8.51411		300	0.406571	-0.0112661	0.00440918	0.00440918	0	0	0	0.406571	0	-0.426642	-237.002	0	213.464	213.464	-2.13163e-14	12.4428	0	0	0	0	0	0	0	0	0	0	0	0	0	0	0	0	0	0	0	0	0	0	0	0	0	0	0	0	0	0	0	0	0	
1	1	1	443	13.29		300	0	0	-0.02215	0.00806195	0.00806195	0	0	0	-138.011	-0.000156354	-0.000156354	0	0	0	2.09431	-6.42862	0	8.52292		300	0.407278	-0.0113083	0.00442571	0.00442571	0	0	0	0.407278	0	-0.426642	-237.002	0	213.464	213.464	-2.13163e-14	12.4428	0	0	0	0	0	0	0	0	0	0	0	0	0	0	0	0	0	0	0	0	0	0	0	0	0	0	0	0	0	0	0	0	0	
1	1	1	444	13.32		300	0	0	-0.0222	0.00808108	0.00808108	0	0	0	-138.11	-0.000156795	-0.000156795	0	0	0	2.10121	-6.43051	0	8.53172		300	0.407984	-0.0113506	0.00444224	0.00444224	0	0	0	0.407984	0	-0.426642	-237.002	0	213.464	213.464	-2.13163e-14	12.4428	0	0	0	0	0	0	0	0	0	0	0	0	0	0	0	0	0	0	0	0	0	0	0	0	0	0	0	0	0	0	0	0	0	
1	1	1	445	13.35		300	0	0	-0.02225	0.00810022	0.00810022	0	0	0	-138.208	-0.000157234	-0.000157234	0	0	0	2.10812	-6.4324	0	8.54052		300	0.40869	-0.0113928	0.00445877	0.00445877	0	0	0	0.40869	0	-0.426642	-237.002	0	213.464	213.464	-2.13163e-14	12.4428	0	0	0	0	0	0	0	0	0	0	0	0	0	0	0	0	0	0	0	0	0	0	0	0	0	0	0	0	0	0	0	0	0	
1	1	1	446	13.38		300	0	0	-0.0223	0.00811935	0.00811935	0	0	0	-138.307	-0.000157674	-0.000157674	0	0	0	2.11503	-6.43427	0	8.5493		300	0.409395	-0.0114351	0.00447532	0.00447532	0	0	0	0.409395	0	-0.426642	-237.002	0	213.464	213.464	-2.13163e-14	12.4428	0	0	0	0	0	0	0	0	0	0	0	0	0	0	0	0	0	0	0	0	0	0	0	0	0	0	0	0	0	0	0	0	0	
1	1	1	447	13.41		300	0	0	-0.02235	0.00813849	0.00813849	0	0	0	-138.405	-0.000158112	-0.000158112	0	0	0	2.12195	-6.43614	0	8.55808		300	0.4101	-0.0114773	0.00449186	0.00449186	0	0	0	0.4101	0	-0.426642	-237.002	0	213.464	213.464	-2.13163e-14	12.4428	0	0	0	0	0	0	0	0	0	0	0	0	0	0	0	0	0	0	0	0	0	0	0	0	0	0	0	0	0	0	0	0	0	
1	1	1	448	13.44		300	0	0	-0.0224	0.00815762	0.00815762	0	0	0	-138.503	-0.000158551	-0.000158551	0	0	0	2.12887	-6.43799	0	8.56686		300	0.410805	-0.0115196	0.00450841	0.00450841	0	0	0	0.410805	0	-0.426642	-237.002	0	213.464	213.464	-2.13163e-14	12.4428	0	0	0	0	0	0	0	0	0	0	0	0	0	0	0	0	0	0	0	0	0	0	0	0	0	0	0	0	0	0	0	0	0	
1	1	1	449	13.47		300	0	0	-0.02245	0.00817676	0.00817676	0	0	0	-138.601	-0.000158988	-0.000158988	0	0	0	2.1358	-6.43982	0	8.57562		300	0.411508	-0.0115619	0.00452497	0.00452497	0	0	0	0.411508	0	-0.426642	-237.002	0	213.464	213.464	-2.13163e-14	12.4428	0	0	0	0	0	0	0	0	0	0	0	0	0	0	0	0	0	0	0	0	0	0	0	0	0	0	0	0	0	0	0	0	0	
1	1	1	450	13.5		300	0	0	-0.0225	0.0081959	0.0081959	0	0	0	-138.699	-0.000159425	-0.000159425	0	0	0	2.14273	-6.44165	0	8.58438		300	0.412211	-0.0116042	0.00454153	0.00454153	0	0	0	0.412211	0	-0.426642	-237.002	0	213.464	213.464	-2.13163e-14	12.4428	0	0	0	0	0	0	0	0	0	0	0	0	0	0	0	0	0	0	0	0	0	0	0	0	0	0	0	0	0	0	0	0	0	
1	1	1	451	13.53		300	0	0	-0.02255	0.00821504	0.00821504	0	0	0	-138.797	-0.000159862	-0.000159862	0	0	0	2.14967	-6.44347	0	8.59313		300	0.412914	-0.0116466	0.00455809	0.00455809	0	0	0	0.412914	0	-0.426642	-237.002	0	213.464	213.464	-2.13163e-14	12.4428	0	0	0	0	0	0	0	0	0	0	0	0	0	0	0	0	0	0	0	0	0	0	0	0	0	0	0	0	0	0	0	0	0	
1	1	1	452	13.56		300	0	0	-0.0226	0.00823418	0.00823418	0	0	0	-138.894	-0.000160298	-0.000160298	0	0	0	2.15661	-6.44527	0	8.60188		300	0.413616	-0.0116889	0.00457466	0.00457466	0	0	0	0.413616	0	-0.426642	-237.002	0	213.464	213.464	-2.13163e-14	12.4428	0	0	0	0	0	0	0	0	0	0	0	0	0	0	0	0	0	0	0	0	0	0	0	0	0	0	0	0	0	0	0	0	0	
1	1	1	453	13.59		300	0	0	-0.02265	0.00825332	0.00825332	0	0	0	-138.992	-0.000160734	-0.000160734	0	0	0	2.16356	-6.44706	0	8.61062		300	0.414318	-0.0117313	0.00459124	0.00459124	0	0	0	0.414318	0	-0.426642	-237.002	0	213.464	213.464	-2.13163e-14	12.4428	0	0	0	0	0	0	0	0	0	0	0	0	0	0	0	0	0	0	0	0	0	0	0	0	0	0	0	0	0	0	0	0	0	
1	1	1	454	13.62		300	0	0	-0.0227	0.00827246	0.00827246	0	0	0	-139.089	-0.000161169	-0.000161169	0	0	0	2.17051	-6.44884	0	8.61935		300	0.415019	-0.0117736	0.00460782	0.00460782	0	0	0	0.415019	0	-0.426642	-237.002	0	213.464	213.464	-2.13163e-14	12.4428	0	0	0	0	0	0	0	0	0	0	0	0	0	0	0	0	0	0	0	0	0	0	0	0	0	0	0	0	0	0	0	0	0	
1	1	1	455	13.65		300	0	0	-0.02275	0.0082916	0.0082916	0	0	0	-139.186	-0.000161604	-0.000161604	0	0	0	2.17747	-6.45061	0	8.62807		300	0.415719	-0.011816	0.0046244	0.0046244	0	0	0	0.415719	0	-0.426642	-237.002	0	213.464	213.464	-2.13163e-14	12.4428	0	0	0	0	0	0	0	0	0	0	0	0	0	0	0	0	0	0	0	0	0	0	0	0	0	0	0	0	0	0	0	0	0	
1	1	1	456	13.68		300	0	0	-0.0228	0.00831074	0.00831074	0	0	0	-139.283	-0.000162038	-0.000162038	0	0	0	2.18443	-6.45236	0	8.63679		300	0.416419	-0.0118584	0.00464099	0.00464099	0	0	0	0.416419	0	-0.426642	-237.002	0	213.464	213.464	-2.13163e-14	12.4428	0	0	0	0	0	0	0	0	0	0	0	0	0	0	0	0	0	0	0	0	0	0	0	0	0	0	0	0	0	0	0	0	0	
1	1	1	457	13.71		300	0	0	-0.02285	0.00832989	0.00832989	0	0	0	-139.38	-0.000162471	-0.000162471	0	0	0	2.19139	-6.45411	0	8.6455		300	0.417118	-0.0119008	0.00465759	0.00465759	0	0	0	0.417118	0	-0.426642	-237.002	0	213.464	213.464	-2.13163e-14	12.4428	0	0	0	0	0	0	0	0	0	0	0	0	0	0	0	0	0	0	0	0	0	0	0	0	0	0	0	0	0	0	0	0	0	
1	1	1	458	13.74		300	0	0	-0.0229	0.00834903	0.00834903	0	0	0	-139.476	-0.000162904	-0.000162904	0	0	0	2.19837	-6.45584	0	8.65421		300	0.417817	-0.0119432	0.00467419	0.00467419	0	0	0	0.417817	0	-0.426642	-237.002	0	213.464	213.464	-2.13163e-14	12.4428	0	0	0	0	0	0	0	0	0	0	0	0	0	0	0	0	0	0	0	0	0	0	0	0	0	0	0	0	0	0	0	0	0	
1	1	1	459	13.77		300	0	0	-0.02295	0.00836817	0.00836817	0	0	0	-139.573	-0.000163337	-0.000163337	0	0	0	2.20534	-6.45756	0	8.66291		300	0.418515	-0.0119856	0.00469079	0.00469079	0	0	0	0.418515	0	-0.426642	-237.002	0	213.464	213.464	-2.13163e-14	12.4428	0	0	0	0	0	0	0	0	0	0	0	0	0	0	0	0	0	0	0	0	0	0	0	0	0	0	0	0	0	0	0	0	0	
1	1	1	460	13.8		300	0	0	-0.023	0.00838732	0.00838732	0	0	0	-139.669	-0.000163769	-0.000163769	0	0	0	2.21232	-6.45927	0	8.6716		300	0.419213	-0.0120281	0.0047074	0.0047074	0	0	0	0.419213	0	-0.426642	-237.002	0	213.464	213.464	-2.13163e-14	12.4428	0	0	0	0	0	0	0	0	0	0	0	0	0	0	0	0	0	0	0	0	0	0	0	0	0	0	0	0	0	0	0	0	0	
1	1	1	461	13.83		300	0	0	-0.02305	0.00840646	0.00840646	0	0	0	-139.765	-0.000164201	-0.000164201	0	0	0	2.21931	-6.46097	0	8.68028		300	0.41991	-0.0120705	0.00472401	0.00472401	0	0	0	0.41991	0	-0.426642	-237.002	0	213.464	213.464	-2.13163e-14	12.4428	0	0	0	0	0	0	0	0	0	0	0	0	0	0	0	0	0	0	0	0	0	0	0	0	0	0	0	0	0	0	0	0	0	
1	1	1	462	13.86		300	0	0	-0.0231	0.00842561	0.00842561	0	0	0	-139.861	-0.000164632	-0.000164632	0	0	0	2.2263	-6.46266	0	8.68896		300	0.420607	-0.012113	0.00474063	0.00474063	0	0	0	0.420607	0	-0.426642	-237.002	0	213.464	213.464	-2.13163e-14	12.4428	0	0	0	0	0	0	0	0	0	0	0	0	0	0	0	0	0	0	0	0	0	0	0	0	0	0	0	0	0	0	0	0	0	
1	1	1	463	13.89		300	0	0	-0.02315	0.00844476	0.00844476	0	0	0	-139.957	-0.000165062	-0.000165062	0	0	0	2.23329	-6.46434	0	8.69763		300	0.421303	-0.0121555	0.00475725	0.00475725	0	0	0	0.421303	0	-0.426642	-237.002	0	213.464	213.464	-2.13163e-14	12.4428	0	0	0	0	0	0	0	0	0	0	0	0	0	0	0	0	0	0	0	0	0	0	0	0	0	0	0	0	0	0	0	0	0	
1	1	1	464	13.92		300	0	0	-0.0232	0.00846391	0.00846391	0	0	0	-140.052	-0.000165493	-0.000165493	0	0	0	2.2403	-6.466	0	8.7063		300	0.421998	-0.0121979	0.00477388	0.00477388	0	0	0	0.421998	0	-0.426642	-237.002	0	213.464	213.464	-2.13163e-14	12.4428	0	0	0	0	0	0	0	0	0	0	0	0	0	0	0	0	0	0	0	0	0	0	0	0	0	0	0	0	0	0	0	0	0	
1	1	1	465	13.95		300	0	0	-0.02325	0.00848305	0.00848305	0	0	0	-140.148	-0.000165922	-0.000165922	0	0	0	2.2473	-6.46765	0	8.71495		300	0.422693	-0.0122404	0.00479051	0.00479051	0	0	0	0.422693	0	-0.426642	-237.002	0	213.464	213.464	-2.13163e-14	12.4428	0	0	0	0	0	0	0	0	0	0	0	0	0	0	0	0	0	0	0	0	0	0	0	0	0	0	0	0	0	0	0	0	0	
1	1	1	466	13.98		300	0	0	-0.0233	0.0085022	0.0085022	0	0	0	-140.243	-0.000166351	-0.000166351	0	0	0	2.25431	-6.4693	0	8.72361		300	0.423388	-0.0122829	0.00480715	0.00480715	0	0	0	0.423388	0	-0.426642	-237.002	0	213.464	213.464	-2.13163e-14	12.4428	0	0	0	0	0	0	0	0	0	0	0	0	0	0	0	0	0	0	0	0	0	0	0	0	0	0	0	0	0	0	0	0	0	
1	1	1	467	14.01		300	0	0	-0.02335	0.00852135	0.00852135	0	0	0	-140.339	-0.00016678	-0.00016678	0	0	0	2.26132	-6.47093	0	8.73225		300	0.424082	-0.0123255	0.00482379	0.00482379	0	0	0	0.424082	0	-0.426642	-237.002	0	213.464	213.464	-2.13163e-14	12.4428	0	0	0	0	0	0	0	0	0	0	0	0	0	0	0	0	0	0	0	0	0	0	0	0	0	0	0	0	0	0	0	0	0	
1	1	1	468	14.04		300	0	0	-0.0234	0.0085405	0.0085405	0	0	0	-140.434	-0.000167208	-0.000167208	0	0	0	2.26834	-6.47255	0	8.74089		300	0.424775	-0.012368	0.00484043	0.00484043	0	0	0	0.424775	0	-0.426642	-237.002	0	213.464	213.464	-2.13163e-14	12.4428	0	0	0	0	0	0	0	0	0	0	0	0	0	0	0	0	0	0	0	0	0	0	0	0	0	0	0	0	0	0	0	0	0	
1	1	1	469	14.07		300	0	0	-0.02345	0.00855965	0.00855965	0	0	0	-140.529	-0.000167636	-0.000167636	0	0	0	2.27537	-6.47415	0	8.74952		300	0.425468	-0.0124105	0.00485708	0.00485708	0	0	0	0.425468	0	-0.426642	-237.002	0	213.464	213.464	-2.13163e-14	12.4428	0	0	0	0	0	0	0	0	0	0	0	0	0	0	0	0	0	0	0	0	0	0	0	0	0	0	0	0	0	0	0	0	0	
1	1	1	470	14.1		300	0	0	-0.0235	0.0085788	0.0085788	0	0	0	-140.624	-0.000168063	-0.000168063	0	0	0	2.2824	-6.47575	0	8.75815		300	0.426161	-0.0124531	0.00487373	0.00487373	0	0	0	0.426161	0	-0.426642	-237.002	0	213.464	213.464	-2.13163e-14	12.4428	0	0	0	0	0	0	0	0	0	0	0	0	0	0	0	0	0	0	0	0	0	0	0	0	0	0	0	0	0	0	0	0	0	
1	1	1	471	14.13		300	0	0	-0.02355	0.00859796	0.00859796	0	0	0	-140.718	-0.00016849	-0.00016849	0	0	0	2.28943	-6.47734	0	8.76677		300	0.426853	-0.0124957	0.00489039	0.00489039	0	0	0	0.426853	0	-0.426642	-237.002	0	213.464	213.464	-2.13163e-14	12.4428	0	0	0	0	0	0	0	0	0	0	0	0	0	0	0	0	0	0	0	0	0	0	0	0	0	0	0	0	0	0	0	0	0	
1	1	1	472	14.16		300	0	0	-0.0236	0.00861711	0.00861711	0	0	0	-140.813	-0.000168916	-0.000168916	0	0	0	2.29647	-6.47891	0	8.77538		300	0.427544	-0.0125382	0.00490705	0.00490705	0	0	0	0.427544	0	-0.426642	-237.002	0	213.464	213.464	-2.13163e-14	12.4428	0	0	0	0	0	0	0	0	0	0	0	0	0	0	0	0	0	0	0	0	0	0	0	0	0	0	0	0	0	0	0	0	0	
1	1	1	473	14.19		300	0	0	-0.02365	0.00863626	0.00863626	0	0	0	-140.907	-0.000169342	-0.000169342	0	0	0	2.30351	-6.48047	0	8.78399		300	0.428235	-0.0125808	0.00492372	0.00492372	0	0	0	0.428235	0	-0.426642	-237.002	0	213.464	213.464	-2.13163e-14	12.4428	0	0	0	0	0	0	0	0	0	0	0	0	0	0	0	0	0	0	0	0	0	0	0	0	0	0	0	0	0	0	0	0	0	
1	1	1	474	14.22		300	0	0	-0.0237	0.00865542	0.00865542	0	0	0	-141.001	-0.000169767	-0.000169767	0	0	0	2.31056	-6.48203	0	8.79259		300	0.428925	-0.0126234	0.00494039	0.00494039	0	0	0	0.428925	0	-0.426642	-237.002	0	213.464	213.464	-2.13163e-14	12.4428	0	0	0	0	0	0	0	0	0	0	0	0	0	0	0	0	0	0	0	0	0	0	0	0	0	0	0	0	0	0	0	0	0	
1	1	1	475	14.25		300	0	0	-0.02375	0.00867457	0.00867457	0	0	0	-141.095	-0.000170192	-0.000170192	0	0	0	2.31761	-6.48357	0	8.80118		300	0.429615	-0.012666	0.00495707	0.00495707	0	0	0	0.429615	0	-0.426642	-237.002	0	213.464	213.464	-2.13163e-14	12.4428	0	0	0	0	0	0	0	0	0	0	0	0	0	0	0	0	0	0	0	0	0	0	0	0	0	0	0	0	0	0	0	0	0	
1	1	1	476	14.28		300	0	0	-0.0238	0.00869373	0.00869373	0	0	0	-141.189	-0.000170616	-0.000170616	0	0	0	2.32467	-6.4851	0	8.80977		300	0.430304	-0.0127086	0.00497375	0.00497375	0	0	0	0.430304	0	-0.426642	-237.002	0	213.464	213.464	-2.13163e-14	12.4428	0	0	0	0	0	0	0	0	0	0	0	0	0	0	0	0	0	0	0	0	0	0	0	0	0	0	0	0	0	0	0	0	0	
1	1	1	477	14.31		300	0	0	-0.02385	0.00871288	0.00871288	0	0	0	-141.283	-0.00017104	-0.00017104	0	0	0	2.33173	-6.48662	0	8.81835		300	0.430993	-0.0127513	0.00499043	0.00499043	0	0	0	0.430993	0	-0.426642	-237.002	0	213.464	213.464	-2.13163e-14	12.4428	0	0	0	0	0	0	0	0	0	0	0	0	0	0	0	0	0	0	0	0	0	0	0	0	0	0	0	0	0	0	0	0	0	
1	1	1	478	14.34		300	0	0	-0.0239	0.00873204	0.00873204	0	0	0	-141.377	-0.000171463	-0.000171463	0	0	0	2.3388	-6.48812	0	8.82692		300	0.431682	-0.0127939	0.00500712	0.00500712	0	0	0	0.431682	0	-0.426642	-237.002	0	213.464	213.464	-2.13163e-14	12.4428	0	0	0	0	0	0	0	0	0	0	0	0	0	0	0	0	0	0	0	0	0	0	0	0	0	0	0	0	0	0	0	0	0	
1	1	1	479	14.37		300	0	0	-0.02395	0.0087512	0.0087512	0	0	0	-141.471	-0.000171886	-0.000171886	0	0	0	2.34587	-6.48962	0	8.83549		300	0.432369	-0.0128365	0.00502381	0.00502381	0	0	0	0.432369	0	-0.426642	-237.002	0	213.464	213.464	-2.13163e-14	12.4428	0	0	0	0	0	0	0	0	0	0	0	0	0	0	0	0	0	0	0	0	0	0	0	0	0	0	0	0	0	0	0	0	0	
1	1	1	480	14.4		300	0	0	-0.024	0.00877035	0.00877035	0	0	0	-141.564	-0.000172308	-0.000172308	0	0	0	2.35294	-6.49111	0	8.84405		300	0.433057	-0.0128792	0.0050405	0.0050405	0	0	0	0.433057	0	-0.426642	-237.002	0	213.464	213.464	-2.13163e-14	12.4428	0	0	0	0	0	0	0	0	0	0	0	0	0	0	0	0	0	0	0	0	0	0	0	0	0	0	0	0	0	0	0	0	0	
1	1	1	481	14.43		300	0	0	-0.02405	0.00878951	0.00878951	0	0	0	-141.657	-0.00017273	-0.00017273	0	0	0	2.36002	-6.49258	0	8.85261		300	0.433743	-0.0129219	0.0050572	0.0050572	0	0	0	0.433743	0	-0.426642	-237.002	0	213.464	213.464	-2.13163e-14	12.4428	0	0	0	0	0	0	0	0	0	0	0	0	0	0	0	0	0	0	0	0	0	0	0	0	0	0	0	0	0	0	0	0	0	
1	1	1	482	14.46		300	0	0	-0.0241	0.00880867	0.00880867	0	0	0	-141.75	-0.000173152	-0.000173152	0	0	0	2.36711	-6.49405	0	8.86116		300	0.43443	-0.0129646	0.00507391	0.00507391	0	0	0	0.43443	0	-0.426642	-237.002	0	213.464	213.464	-2.13163e-14	12.4428	0	0	0	0	0	0	0	0	0	0	0	0	0	0	0	0	0	0	0	0	0	0	0	0	0	0	0	0	0	0	0	0	0	
1	1	1	483	14.49		300	0	0	-0.02415	0.00882783	0.00882783	0	0	0	-141.843	-0.000173573	-0.000173573	0	0	0	2.3742	-6.4955	0	8.8697		300	0.435116	-0.0130072	0.00509062	0.00509062	0	0	0	0.435116	0	-0.426642	-237.002	0	213.464	213.464	-2.13163e-14	12.4428	0	0	0	0	0	0	0	0	0	0	0	0	0	0	0	0	0	0	0	0	0	0	0	0	0	0	0	0	0	0	0	0	0	
1	1	1	484	14.52		300	0	0	-0.0242	0.00884699	0.00884699	0	0	0	-141.936	-0.000173993	-0.000173993	0	0	0	2.38129	-6.49694	0	8.87823		300	0.435801	-0.01305	0.00510733	0.00510733	0	0	0	0.435801	0	-0.426642	-237.002	0	213.464	213.464	-2.13163e-14	12.4428	0	0	0	0	0	0	0	0	0	0	0	0	0	0	0	0	0	0	0	0	0	0	0	0	0	0	0	0	0	0	0	0	0	
1	1	1	485	14.55		300	0	0	-0.02425	0.00886615	0.00886615	0	0	0	-142.029	-0.000174413	-0.000174413	0	0	0	2.38839	-6.49837	0	8.88677		300	0.436486	-0.0130927	0.00512404	0.00512404	0	0	0	0.436486	0	-0.426642	-237.002	0	213.464	213.464	-2.13163e-14	12.4428	0	0	0	0	0	0	0	0	0	0	0	0	0	0	0	0	0	0	0	0	0	0	0	0	0	0	0	0	0	0	0	0	0	
1	1	1	486	14.58		300	0	0	-0.0243	0.00888531	0.00888531	0	0	0	-142.122	-0.000174833	-0.000174833	0	0	0	2.3955	-6.49979	0	8.89529		300	0.43717	-0.0131354	0.00514076	0.00514076	0	0	0	0.43717	0	-0.426642	-237.002	0	213.464	213.464	-2.13163e-14	12.4428	0	0	0	0	0	0	0	0	0	0	0	0	0	0	0	0	0	0	0	0	0	0	0	0	0	0	0	0	0	0	0	0	0	
1	1	1	487	14.61		300	0	0	-0.02435	0.00890447	0.00890447	0	0	0	-142.214	-0.000175252	-0.000175252	0	0	0	2.40261	-6.5012	0	8.90381		300	0.437854	-0.0131781	0.00515749	0.00515749	0	0	0	0.437854	0	-0.426642	-237.002	0	213.464	213.464	-2.13163e-14	12.4428	0	0	0	0	0	0	0	0	0	0	0	0	0	0	0	0	0	0	0	0	0	0	0	0	0	0	0	0	0	0	0	0	0	
1	1	1	488	14.64		300	0	0	-0.0244	0.00892363	0.00892363	0	0	0	-142.307	-0.000175671	-0.000175671	0	0	0	2.40972	-6.5026	0	8.91232		300	0.438537	-0.0132209	0.00517421	0.00517421	0	0	0	0.438537	0	-0.426642	-237.002	0	213.464	213.464	-2.13163e-14	12.4428	0	0	0	0	0	0	0	0	0	0	0	0	0	0	0	0	0	0	0	0	0	0	0	0	0	0	0	0	0	0	0	0	0	
1	1	1	489	14.67		300	0	0	-0.02445	0.0089428	0.0089428	0	0	0	-142.399	-0.000176089	-0.000176089	0	0	0	2.41684	-6.50399	0	8.92083		300	0.43922	-0.0132636	0.00519095	0.00519095	0	0	0	0.43922	0	-0.426642	-237.002	0	213.464	213.464	-2.13163e-14	12.4428	0	0	0	0	0	0	0	0	0	0	0	0	0	0	0	0	0	0	0	0	0	0	0	0	0	0	0	0	0	0	0	0	0	
1	1	1	490	14.7		300	0	0	-0.0245	0.00896196	0.00896196	0	0	0	-142.491	-0.000176506	-0.000176506	0	0	0	2.42396	-6.50537	0	8.92932		300	0.439902	-0.0133064	0.00520768	0.00520768	0	0	0	0.439902	0	-0.426642	-237.002	0	213.464	213.464	-2.13163e-14	12.4428	0	0	0	0	0	0	0	0	0	0	0	0	0	0	0	0	0	0	0	0	0	0	0	0	0	0	0	0	0	0	0	0	0	
1	1	1	491	14.73		300	0	0	-0.02455	0.00898112	0.00898112	0	0	0	-142.583	-0.000176924	-0.000176924	0	0	0	2.43109	-6.50673	0	8.93782		300	0.440584	-0.0133491	0.00522442	0.00522442	0	0	0	0.440584	0	-0.426642	-237.002	0	213.464	213.464	-2.13163e-14	12.4428	0	0	0	0	0	0	0	0	0	0	0	0	0	0	0	0	0	0	0	0	0	0	0	0	0	0	0	0	0	0	0	0	0	
1	1	1	492	14.76		300	0	0	-0.0246	0.00900029	0.00900029	0	0	0	-142.675	-0.00017734	-0.00017734	0	0	0	2.43822	-6.50809	0	8.94631		300	0.441265	-0.0133919	0.00524116	0.00524116	0	0	0	0.441265	0	-0.426642	-237.002	0	213.464	213.464	-2.13163e-14	12.4428	0	0	0	0	0	0	0	0	0	0	0	0	0	0	0	0	0	0	0	0	0	0	0	0	0	0	0	0	0	0	0	0	0	
1	1	1	493	14.79		300	0	0	-0.02465	0.00901945	0.00901945	0	0	0	-142.767	-0.000177757	-0.000177757	0	0	0	2.44535	-6.50943	0	8.95479		300	0.441946	-0.0134347	0.00525791	0.00525791	0	0	0	0.441946	0	-0.426642	-237.002	0	213.464	213.464	-2.13163e-14	12.4428	0	0	0	0	0	0	0	0	0	0	0	0	0	0	0	0	0	0	0	0	0	0	0	0	0	0	0	0	0	0	0	0	0	
1	1	1	494	14.82		300	0	0	-0.0247	0.00903862	0.00903862	0	0	0	-142.858	-0.000178173	-0.000178173	0	0	0	2.45249	-6.51077	0	8.96326		300	0.442626	-0.0134775	0.00527466	0.00527466	0	0	0	0.442626	0	-0.426642	-237.002	0	213.464	213.464	-2.13163e-14	12.4428	0	0	0	0	0	0	0	0	0	0	0	0	0	0	0	0	0	0	0	0	0	0	0	0	0	0	0	0	0	0	0	0	0	
1	1	1	495	14.85		300	0	0	-0.02475	0.00905778	0.00905778	0	0	0	-142.95	-0.000178588	-0.000178588	0	0	0	2.45964	-6.51209	0	8.97173		300	0.443306	-0.0135203	0.00529142	0.00529142	0	0	0	0.443306	0	-0.426642	-237.002	0	213.464	213.464	-2.13163e-14	12.4428	0	0	0	0	0	0	0	0	0	0	0	0	0	0	0	0	0	0	0	0	0	0	0	0	0	0	0	0	0	0	0	0	0	
1	1	1	496	14.88		300	0	0	-0.0248	0.00907695	0.00907695	0	0	0	-143.041	-0.000179003	-0.000179003	0	0	0	2.46679	-6.51341	0	8.98019		300	0.443986	-0.0135631	0.00530817	0.00530817	0	0	0	0.443986	0	-0.426642	-237.002	0	213.464	213.464	-2.13163e-14	12.4428	0	0	0	0	0	0	0	0	0	0	0	0	0	0	0	0	0	0	0	0	0	0	0	0	0	0	0	0	0	0	0	0	0	
1	1	1	497	14.91		300	0	0	-0.02485	0.00909612	0.00909612	0	0	0	-143.133	-0.000179417	-0.000179417	0	0	0	2.47394	-6.51471	0	8.98865		300	0.444665	-0.013606	0.00532494	0.00532494	0	0	0	0.444665	0	-0.426642	-237.002	0	213.464	213.464	-2.13163e-14	12.4428	0	0	0	0	0	0	0	0	0	0	0	0	0	0	0	0	0	0	0	0	0	0	0	0	0	0	0	0	0	0	0	0	0	
1	1	1	498	14.94		300	0	0	-0.0249	0.00911528	0.00911528	0	0	0	-143.224	-0.000179831	-0.000179831	0	0	0	2.4811	-6.516	0	8.9971		300	0.445343	-0.0136488	0.0053417	0.0053417	0	0	0	0.445343	0	-0.426642	-237.002	0	213.464	213.464	-2.13163e-14	12.4428	0	0	0	0	0	0	0	0	0	0	0	0	0	0	0	0	0	0	0	0	0	0	0	0	0	0	0	0	0	0	0	0	0	
1	1	1	499	14.97		300	0	0	-0.02495	0.00913445	0.00913445	0	0	0	-143.315	-0.000180245	-0.000180245	0	0	0	2.48826	-6.51728	0	9.00555		300	0.446021	-0.0136917	0.00535847	0.00535847	0	0	0	0.446021	0	-0.426642	-237.002	0	213.464	213.464	-2.13163e-14	12.4428	0	0	0	0	0	0	0	0	0	0	0	0	0	0	0	0	0	0	0	0	0	0	0	0	0	0	0	0	0	0	0	0	0	
1	1	1	500	15		300	0	0	-0.025	0.00915362	0.00915362	0	0	0	-143.406	-0.000180658	-0.000180658	0	0	0	2.49543	-6.51855	0	9.01399		300	0.446698	-0.0137345	0.00537524	0.00537524	0	0	0	0.446698	0	-0.426642	-237.002	0	213.464	213.464	-2.13163e-14	12.4428	0	0	0	0	0	0	0	0	0	0	0	0	0	0	0	0	0	0	0	0	0	0	0	0	0	0	0	0	0	0	0	0	0	
1	1	1	501	15.03		300	0	0	-0.02505	0.00917279	0.00917279	0	0	0	-143.497	-0.000181071	-0.000181071	0	0	0	2.50261	-6.51982	0	9.02242		300	0.447375	-0.0137774	0.00539202	0.00539202	0	0	0	0.447375	0	-0.426642	-237.002	0	213.464	213.464	-2.13163e-14	12.4428	0	0	0	0	0	0	0	0	0	0	0	0	0	0	0	0	0	0	0	0	0	0	0	0	0	0	0	0	0	0	0	0	0	
1	1	1	502	15.06		300	0	0	-0.0251	0.00919196	0.00919196	0	0	0	-143.587	-0.000181483	-0.000181483	0	0	0	2.50978	-6.52107	0	9.03085		300	0.448052	-0.0138203	0.0054088	0.0054088	0	0	0	0.448052	0	-0.426642	-237.002	0	213.464	213.464	-2.13163e-14	12.4428	0	0	0	0	0	0	0	0	0	0	0	0	0	0	0	0	0	0	0	0	0	0	0	0	0	0	0	0	0	0	0	0	0	
1	1	1	503	15.09		300	0	0	-0.02515	0.00921113	0.00921113	0	0	0	-143.678	-0.000181895	-0.000181895	0	0	0	2.51696	-6.52231	0	9.03927		300	0.448728	-0.0138631	0.00542558	0.00542558	0	0	0	0.448728	0	-0.426642	-237.002	0	213.464	213.464	-2.13163e-14	12.4428	0	0	0	0	0	0	0	0	0	0	0	0	0	0	0	0	0	0	0	0	0	0	0	0	0	0	0	0	0	0	0	0	0	
1	1	1	504	15.12		300	0	0	-0.0252	0.0092303	0.0092303	0	0	0	-143.768	-0.000182306	-0.000182306	0	0	0	2.52415	-6.52353	0	9.04769		300	0.449403	-0.013906	0.00544237	0.00544237	0	0	0	0.449403	0	-0.426642	-237.002	0	213.464	213.464	-2.13163e-14	12.4428	0	0	0	0	0	0	0	0	0	0	0	0	0	0	0	0	0	0	0	0	0	0	0	0	0	0	0	0	0	0	0	0	0	
1	1	1	505	15.15		300	0	0	-0.02525	0.00924947	0.00924947	0	0	0	-143.859	-0.000182717	-0.000182717	0	0	0	2.53134	-6.52475	0	9.05609		300	0.450079	-0.0139489	0.00545916	0.00545916	0	0	0	0.450079	0	-0.426642	-237.002	0	213.464	213.464	-2.13163e-14	12.4428	0	0	0	0	0	0	0	0	0	0	0	0	0	0	0	0	0	0	0	0	0	0	0	0	0	0	0	0	0	0	0	0	0	
1	1	1	506	15.18		300	0	0	-0.0253	0.00926864	0.00926864	0	0	0	-143.949	-0.000183127	-0.000183127	0	0	0	2.53854	-6.52596	0	9.0645		300	0.450753	-0.0139919	0.00547596	0.00547596	0	0	0	0.450753	0	-0.426642	-237.002	0	213.464	213.464	-2.13163e-14	12.4428	0	0	0	0	0	0	0	0	0	0	0	0	0	0	0	0	0	0	0	0	0	0	0	0	0	0	0	0	0	0	0	0	0	
1	1	1	507	15.21		300	0	0	-0.02535	0.00928781	0.00928781	0	0	0	-144.039	-0.000183537	-0.000183537	0	0	0	2.54574	-6.52716	0	9.0729		300	0.451427	-0.0140348	0.00549275	0.00549275	0	0	0	0.451427	0	-0.426642	-237.002	0	213.464	213.464	-2.13163e-14	12.4428	0	0	0	0	0	0	0	0	0	0	0	0	0	0	0	0	0	0	0	0	0	0	0	0	0	0	0	0	0	0	0	0	0	
1	1	1	508	15.24		300	0	0	-0.0254	0.00930699	0.00930699	0	0	0	-144.129	-0.000183947	-0.000183947	0	0	0	2.55294	-6.52835	0	9.08129		300	0.452101	-0.0140777	0.00550956	0.00550956	0	0	0	0.452101	0	-0.426642	-237.002	0	213.464	213.464	-2.13163e-14	12.4428	0	0	0	0	0	0	0	0	0	0	0	0	0	0	0	0	0	0	0	0	0	0	0	0	0	0	0	0	0	0	0	0	0	
1	1	1	509	15.27		300	0	0	-0.02545	0.00932616	0.00932616	0	0	0	-144.219	-0.000184356	-0.000184356	0	0	0	2.56015	-6.52953	0	9.08967		300	0.452774	-0.0141206	0.00552636	0.00552636	0	0	0	0.452774	0	-0.426642	-237.002	0	213.464	213.464	-2.13163e-14	12.4428	0	0	0	0	0	0	0	0	0	0	0	0	0	0	0	0	0	0	0	0	0	0	0	0	0	0	0	0	0	0	0	0	0	
1	1	1	510	15.3		300	0	0	-0.0255	0.00934533	0.00934533	0	0	0	-144.309	-0.000184765	-0.000184765	0	0	0	2.56736	-6.53069	0	9.09806		300	0.453447	-0.0141636	0.00554317	0.00554317	0	0	0	0.453447	0	-0.426642	-237.002	0	213.464	213.464	-2.13163e-14	12.4428	0	0	0	0	0	0	0	0	0	0	0	0	0	0	0	0	0	0	0	0	0	0	0	0	0	0	0	0	0	0	0	0	0	
1	1	1	511	15.33		300	0	0	-0.02555	0.00936451	0.00936451	0	0	0	-144.398	-0.000185173	-0.000185173	0	0	0	2.57458	-6.53185	0	9.10643		300	0.454119	-0.0142066	0.00555998	0.00555998	0	0	0	0.454119	0	-0.426642	-237.002	0	213.464	213.464	-2.13163e-14	12.4428	0	0	0	0	0	0	0	0	0	0	0	0	0	0	0	0	0	0	0	0	0	0	0	0	0	0	0	0	0	0	0	0	0	
1	1	1	512	15.36		300	0	0	-0.0256	0.00938368	0.00938368	0	0	0	-144.488	-0.00018558	-0.00018558	0	0	0	2.5818	-6.533	0	9.1148		300	0.454791	-0.0142495	0.00557679	0.00557679	0	0	0	0.454791	0	-0.426642	-237.002	0	213.464	213.464	-2.13163e-14	12.4428	0	0	0	0	0	0	0	0	0	0	0	0	0	0	0	0	0	0	0	0	0	0	0	0	0	0	0	0	0	0	0	0	0	
1	1	1	513	15.39		300	0	0	-0.02565	0.00940286	0.00940286	0	0	0	-144.577	-0.000185988	-0.000185988	0	0	0	2.58903	-6.53413	0	9.12316		300	0.455462	-0.0142925	0.00559361	0.00559361	0	0	0	0.455462	0	-0.426642	-237.002	0	213.464	213.464	-2.13163e-14	12.4428	0	0	0	0	0	0	0	0	0	0	0	0	0	0	0	0	0	0	0	0	0	0	0	0	0	0	0	0	0	0	0	0	0	
1	1	1	514	15.42		300	0	0	-0.0257	0.00942203	0.00942203	0	0	0	-144.667	-0.000186395	-0.000186395	0	0	0	2.59626	-6.53526	0	9.13152		300	0.456133	-0.0143355	0.00561043	0.00561043	0	0	0	0.456133	0	-0.426642	-237.002	0	213.464	213.464	-2.13163e-14	12.4428	0	0	0	0	0	0	0	0	0	0	0	0	0	0	0	0	0	0	0	0	0	0	0	0	0	0	0	0	0	0	0	0	0	
1	1	1	515	15.45		300	0	0	-0.02575	0.00944121	0.00944121	0	0	0	-144.756	-0.000186801	-0.000186801	0	0	0	2.60349	-6.53638	0	9.13987		300	0.456804	-0.0143785	0.00562726	0.00562726	0	0	0	0.456804	0	-0.426642	-237.002	0	213.464	213.464	-2.13163e-14	12.4428	0	0	0	0	0	0	0	0	0	0	0	0	0	0	0	0	0	0	0	0	0	0	0	0	0	0	0	0	0	0	0	0	0	
1	1	1	516	15.48		300	0	0	-0.0258	0.00946038	0.00946038	0	0	0	-144.845	-0.000187207	-0.000187207	0	0	0	2.61073	-6.53748	0	9.14822		300	0.457474	-0.0144215	0.00564409	0.00564409	0	0	0	0.457474	0	-0.426642	-237.002	0	213.464	213.464	-2.13163e-14	12.4428	0	0	0	0	0	0	0	0	0	0	0	0	0	0	0	0	0	0	0	0	0	0	0	0	0	0	0	0	0	0	0	0	0	
1	1	1	517	15.51		300	0	0	-0.02585	0.00947956	0.00947956	0	0	0	-144.934	-0.000187613	-0.000187613	0	0	0	2.61798	-6.53858	0	9.15656		300	0.458143	-0.0144645	0.00566092	0.00566092	0	0	0	0.458143	0	-0.426642	-237.002	0	213.464	213.464	-2.13163e-14	12.4428	0	0	0	0	0	0	0	0	0	0	0	0	0	0	0	0	0	0	0	0	0	0	0	0	0	0	0	0	0	0	0	0	0	
1	1	1	518	15.54		300	0	0	-0.0259	0.00949874	0.00949874	0	0	0	-145.023	-0.000188018	-0.000188018	0	0	0	2.62523	-6.53966	0	9.16489		300	0.458812	-0.0145075	0.00567775	0.00567775	0	0	0	0.458812	0	-0.426642	-237.002	0	213.464	213.464	-2.13163e-14	12.4428	0	0	0	0	0	0	0	0	0	0	0	0	0	0	0	0	0	0	0	0	0	0	0	0	0	0	0	0	0	0	0	0	0	
1	1	1	519	15.57		300	0	0	-0.02595	0.00951791	0.00951791	0	0	0	-145.112	-0.000188422	-0.000188422	0	0	0	2.63248	-6.54074	0	9.17322		300	0.459481	-0.0145505	0.00569459	0.00569459	0	0	0	0.459481	0	-0.426642	-237.002	0	213.464	213.464	-2.13163e-14	12.4428	0	0	0	0	0	0	0	0	0	0	0	0	0	0	0	0	0	0	0	0	0	0	0	0	0	0	0	0	0	0	0	0	0	
1	1	1	520	15.6		300	0	0	-0.026	0.00953709	0.00953709	0	0	0	-145.2	-0.000188827	-0.000188827	0	0	0	2.63974	-6.5418	0	9.18154		300	0.460149	-0.0145935	0.00571143	0.00571143	0	0	0	0.460149	0	-0.426642	-237.002	0	213.464	213.464	-2.13163e-14	12.4428	0	0	0	0	0	0	0	0	0	0	0	0	0	0	0	0	0	0	0	0	0	0	0	0	0	0	0	0	0	0	0	0	0	
1	1	1	521	15.63		300	0	0	-0.02605	0.00955627	0.00955627	0	0	0	-145.289	-0.00018923	-0.00018923	0	0	0	2.647	-6.54286	0	9.18986		300	0.460816	-0.0146366	0.00572828	0.00572828	0	0	0	0.460816	0	-0.426642	-237.002	0	213.464	213.464	-2.13163e-14	12.4428	0	0	0	0	0	0	0	0	0	0	0	0	0	0	0	0	0	0	0	0	0	0	0	0	0	0	0	0	0	0	0	0	0	
1	1	1	522	15.66		300	0	0	-0.0261	0.00957545	0.00957545	0	0	0	-145.377	-0.000189634	-0.000189634	0	0	0	2.65427	-6.5439	0	9.19817		300	0.461484	-0.0146796	0.00574513	0.00574513	0	0	0	0.461484	0	-0.426642	-237.002	0	213.464	213.464	-2.13163e-14	12.4428	0	0	0	0	0	0	0	0	0	0	0	0	0	0	0	0	0	0	0	0	0	0	0	0	0	0	0	0	0	0	0	0	0	
1	1	1	523	15.69		300	0	0	-0.02615	0.00959463	0.00959463	0	0	0	-145.466	-0.000190037	-0.000190037	0	0	0	2.66154	-6.54494	0	9.20648		300	0.46215	-0.0147227	0.00576198	0.00576198	0	0	0	0.46215	0	-0.426642	-237.002	0	213.464	213.464	-2.13163e-14	12.4428	0	0	0	0	0	0	0	0	0	0	0	0	0	0	0	0	0	0	0	0	0	0	0	0	0	0	0	0	0	0	0	0	0	
1	1	1	524	15.72		300	0	0	-0.0262	0.00961381	0.00961381	0	0	0	-145.554	-0.000190439	-0.000190439	0	0	0	2.66881	-6.54596	0	9.21478		300	0.462817	-0.0147658	0.00577883	0.00577883	0	0	0	0.462817	0	-0.426642	-237.002	0	213.464	213.464	-2.13163e-14	12.4428	0	0	0	0	0	0	0	0	0	0	0	0	0	0	0	0	0	0	0	0	0	0	0	0	0	0	0	0	0	0	0	0	0	
1	1	1	525	15.75		300	0	0	-0.02625	0.00963299	0.00963299	0	0	0	-145.642	-0.000190841	-0.000190841	0	0	0	2.67609	-6.54698	0	9.22307		300	0.463483	-0.0148088	0.00579569	0.00579569	0	0	0	0.463483	0	-0.426642	-237.002	0	213.464	213.464	-2.13163e-14	12.4428	0	0	0	0	0	0	0	0	0	0	0	0	0	0	0	0	0	0	0	0	0	0	0	0	0	0	0	0	0	0	0	0	0	
1	1	1	526	15.78		300	0	0	-0.0263	0.00965217	0.00965217	0	0	0	-145.73	-0.000191243	-0.000191243	0	0	0	2.68338	-6.54798	0	9.23136		300	0.464148	-0.0148519	0.00581255	0.00581255	0	0	0	0.464148	0	-0.426642	-237.002	0	213.464	213.464	-2.13163e-14	12.4428	0	0	0	0	0	0	0	0	0	0	0	0	0	0	0	0	0	0	0	0	0	0	0	0	0	0	0	0	0	0	0	0	0	
1	1	1	527	15.81		300	0	0	-0.02635	0.00967135	0.00967135	0	0	0	-145.818	-0.000191644	-0.000191644	0	0	0	2.69067	-6.54898	0	9.23965		300	0.464813	-0.014895	0.00582941	0.00582941	0	0	0	0.464813	0	-0.426642	-237.002	0	213.464	213.464	-2.13163e-14	12.4428	0	0	0	0	0	0	0	0	0	0	0	0	0	0	0	0	0	0	0	0	0	0	0	0	0	0	0	0	0	0	0	0	0	
1	1	1	528	15.84		300	0	0	-0.0264	0.00969053	0.00969053	0	0	0	-145.906	-0.000192045	-0.000192045	0	0	0	2.69796	-6.54996	0	9.24792		300	0.465477	-0.0149381	0.00584628	0.00584628	0	0	0	0.465477	0	-0.426642	-237.002	0	213.464	213.464	-2.13163e-14	12.4428	0	0	0	0	0	0	0	0	0	0	0	0	0	0	0	0	0	0	0	0	0	0	0	0	0	0	0	0	0	0	0	0	0	
1	1	1	529	15.87		300	0	0	-0.02645	0.00970972	0.00970972	0	0	0	-145.994	-0.000192445	-0.000192445	0	0	0	2.70526	-6.55094	0	9.2562		300	0.466142	-0.0149812	0.00586315	0.00586315	0	0	0	0.466142	0	-0.426642	-237.002	0	213.464	213.464	-2.13163e-14	12.4428	0	0	0	0	0	0	0	0	0	0	0	0	0	0	0	0	0	0	0	0	0	0	0	0	0	0	0	0	0	0	0	0	0	
1	1	1	530	15.9		300	0	0	-0.0265	0.0097289	0.0097289	0	0	0	-146.082	-0.000192845	-0.000192845	0	0	0	2.71256	-6.5519	0	9.26446		300	0.466805	-0.0150243	0.00588002	0.00588002	0	0	0	0.466805	0	-0.426642	-237.002	0	213.464	213.464	-2.13163e-14	12.4428	0	0	0	0	0	0	0	0	0	0	0	0	0	0	0	0	0	0	0	0	0	0	0	0	0	0	0	0	0	0	0	0	0	
1	1	1	531	15.93		300	0	0	-0.02655	0.00974808	0.00974808	0	0	0	-146.169	-0.000193245	-0.000193245	0	0	0	2.71987	-6.55286	0	9.27273		300	0.467468	-0.0150674	0.0058969	0.0058969	0	0	0	0.467468	0	-0.426642	-237.002	0	213.464	213.464	-2.13163e-14	12.4428	0	0	0	0	0	0	0	0	0	0	0	0	0	0	0	0	0	0	0	0	0	0	0	0	0	0	0	0	0	0	0	0	0	
1	1	1	532	15.96		300	0	0	-0.0266	0.00976727	0.00976727	0	0	0	-146.257	-0.000193644	-0.000193644	0	0	0	2.72718	-6.55381	0	9.28098		300	0.468131	-0.0151106	0.00591377	0.00591377	0	0	0	0.468131	0	-0.426642	-237.002	0	213.464	213.464	-2.13163e-14	12.4428	0	0	0	0	0	0	0	0	0	0	0	0	0	0	0	0	0	0	0	0	0	0	0	0	0	0	0	0	0	0	0	0	0	
1	1	1	533	15.99		300	0	0	-0.02665	0.00978645	0.00978645	0	0	0	-146.344	-0.000194042	-0.000194042	0	0	0	2.73449	-6.55474	0	9.28923		300	0.468793	-0.0151537	0.00593066	0.00593066	0	0	0	0.468793	0	-0.426642	-237.002	0	213.464	213.464	-2.13163e-14	12.4428	0	0	0	0	0	0	0	0	0	0	0	0	0	0	0	0	0	0	0	0	0	0	0	0	0	0	0	0	0	0	0	0	0	
1	1	1	534	16.02		300	0	0	-0.0267	0.00980563	0.00980563	0	0	0	-146.431	-0.000194441	-0.000194441	0	0	0	2.74181	-6.55567	0	9.29748		300	0.469455	-0.0151968	0.00594754	0.00594754	0	0	0	0.469455	0	-0.426642	-237.002	0	213.464	213.464	-2.13163e-14	12.4428	0	0	0	0	0	0	0	0	0	0	0	0	0	0	0	0	0	0	0	0	0	0	0	0	0	0	0	0	0	0	0	0	0	
1	1	1	535	16.05		300	0	0	-0.02675	0.00982482	0.00982482	0	0	0	-146.519	-0.000194838	-0.000194838	0	0	0	2.74914	-6.55658	0	9.30572		300	0.470117	-0.01524	0.00596443	0.00596443	0	0	0	0.470117	0	-0.426642	-237.002	0	213.464	213.464	-2.13163e-14	12.4428	0	0	0	0	0	0	0	0	0	0	0	0	0	0	0	0	0	0	0	0	0	0	0	0	0	0	0	0	0	0	0	0	0	
1	1	1	536	16.08		300	0	0	-0.0268	0.009844	0.009844	0	0	0	-146.606	-0.000195236	-0.000195236	0	0	0	2.75646	-6.55749	0	9.31395		300	0.470778	-0.0152831	0.00598132	0.00598132	0	0	0	0.470778	0	-0.426642	-237.002	0	213.464	213.464	-2.13163e-14	12.4428	0	0	0	0	0	0	0	0	0	0	0	0	0	0	0	0	0	0	0	0	0	0	0	0	0	0	0	0	0	0	0	0	0	
1	1	1	537	16.11		300	0	0	-0.02685	0.00986319	0.00986319	0	0	0	-146.693	-0.000195633	-0.000195633	0	0	0	2.7638	-6.55839	0	9.32218		300	0.471438	-0.0153263	0.00599821	0.00599821	0	0	0	0.471438	0	-0.426642	-237.002	0	213.464	213.464	-2.13163e-14	12.4428	0	0	0	0	0	0	0	0	0	0	0	0	0	0	0	0	0	0	0	0	0	0	0	0	0	0	0	0	0	0	0	0	0	
1	1	1	538	16.14		300	0	0	-0.0269	0.00988238	0.00988238	0	0	0	-146.78	-0.000196029	-0.000196029	0	0	0	2.77113	-6.55927	0	9.3304		300	0.472098	-0.0153695	0.00601511	0.00601511	0	0	0	0.472098	0	-0.426642	-237.002	0	213.464	213.464	-2.13163e-14	12.4428	0	0	0	0	0	0	0	0	0	0	0	0	0	0	0	0	0	0	0	0	0	0	0	0	0	0	0	0	0	0	0	0	0	
1	1	1	539	16.17		300	0	0	-0.02695	0.00990156	0.00990156	0	0	0	-146.866	-0.000196425	-0.000196425	0	0	0	2.77847	-6.56015	0	9.33862		300	0.472758	-0.0154127	0.00603201	0.00603201	0	0	0	0.472758	0	-0.426642	-237.002	0	213.464	213.464	-2.13163e-14	12.4428	0	0	0	0	0	0	0	0	0	0	0	0	0	0	0	0	0	0	0	0	0	0	0	0	0	0	0	0	0	0	0	0	0	
1	1	1	540	16.2		300	0	0	-0.027	0.00992075	0.00992075	0	0	0	-146.953	-0.000196821	-0.000196821	0	0	0	2.78582	-6.56102	0	9.34683		300	0.473417	-0.0154559	0.00604891	0.00604891	0	0	0	0.473417	0	-0.426642	-237.002	0	213.464	213.464	-2.13163e-14	12.4428	0	0	0	0	0	0	0	0	0	0	0	0	0	0	0	0	0	0	0	0	0	0	0	0	0	0	0	0	0	0	0	0	0	
1	1	1	541	16.23		300	0	0	-0.02705	0.00993994	0.00993994	0	0	0	-147.04	-0.000197216	-0.000197216	0	0	0	2.79317	-6.56187	0	9.35504		300	0.474076	-0.015499	0.00606581	0.00606581	0	0	0	0.474076	0	-0.426642	-237.002	0	213.464	213.464	-2.13163e-14	12.4428	0	0	0	0	0	0	0	0	0	0	0	0	0	0	0	0	0	0	0	0	0	0	0	0	0	0	0	0	0	0	0	0	0	
1	1	1	542	16.26		300	0	0	-0.0271	0.00995912	0.00995912	0	0	0	-147.126	-0.000197611	-0.000197611	0	0	0	2.80052	-6.56272	0	9.36324		300	0.474735	-0.0155422	0.00608272	0.00608272	0	0	0	0.474735	0	-0.426642	-237.002	0	213.464	213.464	-2.13163e-14	12.4428	0	0	0	0	0	0	0	0	0	0	0	0	0	0	0	0	0	0	0	0	0	0	0	0	0	0	0	0	0	0	0	0	0	
1	1	1	543	16.29		300	0	0	-0.02715	0.00997831	0.00997831	0	0	0	-147.213	-0.000198006	-0.000198006	0	0	0	2.80788	-6.56356	0	9.37144		300	0.475393	-0.0155855	0.00609963	0.00609963	0	0	0	0.475393	0	-0.426642	-237.002	0	213.464	213.464	-2.13163e-14	12.4428	0	0	0	0	0	0	0	0	0	0	0	0	0	0	0	0	0	0	0	0	0	0	0	0	0	0	0	0	0	0	0	0	0	
1	1	1	544	16.32		300	0	0	-0.0272	0.0099975	0.0099975	0	0	0	-147.299	-0.0001984	-0.0001984	0	0	0	2.81524	-6.56439	0	9.37963		300	0.47605	-0.0156287	0.00611655	0.00611655	0	0	0	0.47605	0	-0.426642	-237.002	0	213.464	213.464	-2.13163e-14	12.4428	0	0	0	0	0	0	0	0	0	0	0	0	0	0	0	0	0	0	0	0	0	0	0	0	0	0	0	0	0	0	0	0	0	
1	1	1	545	16.35		300	0	0	-0.02725	0.0100167	0.0100167	0	0	0	-147.385	-0.000198793	-0.000198793	0	0	0	2.82261	-6.56521	0	9.38782		300	0.476707	-0.0156719	0.00613346	0.00613346	0	0	0	0.476707	0	-0.426642	-237.002	0	213.464	213.464	-2.13163e-14	12.4428	0	0	0	0	0	0	0	0	0	0	0	0	0	0	0	0	0	0	0	0	0	0	0	0	0	0	0	0	0	0	0	0	0	
1	1	1	546	16.38		300	0	0	-0.0273	0.0100359	0.0100359	0	0	0	-147.472	-0.000199186	-0.000199186	0	0	0	2.82998	-6.56601	0	9.396		300	0.477364	-0.0157151	0.00615038	0.00615038	0	0	0	0.477364	0	-0.426642	-237.002	0	213.464	213.464	-2.13163e-14	12.4428	0	0	0	0	0	0	0	0	0	0	0	0	0	0	0	0	0	0	0	0	0	0	0	0	0	0	0	0	0	0	0	0	0	
1	1	1	547	16.41		300	0	0	-0.02735	0.0100551	0.0100551	0	0	0	-147.558	-0.000199579	-0.000199579	0	0	0	2.83736	-6.56681	0	9.40417		300	0.47802	-0.0157584	0.0061673	0.0061673	0	0	0	0.47802	0	-0.426642	-237.002	0	213.464	213.464	-2.13163e-14	12.4428	0	0	0	0	0	0	0	0	0	0	0	0	0	0	0	0	0	0	0	0	0	0	0	0	0	0	0	0	0	0	0	0	0	
1	1	1	548	16.44		300	0	0	-0.0274	0.0100743	0.0100743	0	0	0	-147.644	-0.000199972	-0.000199972	0	0	0	2.84474	-6.5676	0	9.41234		300	0.478676	-0.0158016	0.00618423	0.00618423	0	0	0	0.478676	0	-0.426642	-237.002	0	213.464	213.464	-2.13163e-14	12.4428	0	0	0	0	0	0	0	0	0	0	0	0	0	0	0	0	0	0	0	0	0	0	0	0	0	0	0	0	0	0	0	0	0	
1	1	1	549	16.47		300	0	0	-0.02745	0.0100934	0.0100934	0	0	0	-147.73	-0.000200364	-0.000200364	0	0	0	2.85212	-6.56838	0	9.42051		300	0.479331	-0.0158449	0.00620115	0.00620115	0	0	0	0.479331	0	-0.426642	-237.002	0	213.464	213.464	-2.13163e-14	12.4428	0	0	0	0	0	0	0	0	0	0	0	0	0	0	0	0	0	0	0	0	0	0	0	0	0	0	0	0	0	0	0	0	0	
1	1	1	550	16.5		300	0	0	-0.0275	0.0101126	0.0101126	0	0	0	-147.815	-0.000200755	-0.000200755	0	0	0	2.85951	-6.56915	0	9.42867		300	0.479986	-0.0158881	0.00621808	0.00621808	0	0	0	0.479986	0	-0.426642	-237.002	0	213.464	213.464	-2.13163e-14	12.4428	0	0	0	0	0	0	0	0	0	0	0	0	0	0	0	0	0	0	0	0	0	0	0	0	0	0	0	0	0	0	0	0	0	
1	1	1	551	16.53		300	0	0	-0.02755	0.0101318	0.0101318	0	0	0	-147.901	-0.000201146	-0.000201146	0	0	0	2.8669	-6.56992	0	9.43682		300	0.480641	-0.0159314	0.00623502	0.00623502	0	0	0	0.480641	0	-0.426642	-237.002	0	213.464	213.464	-2.13163e-14	12.4428	0	0	0	0	0	0	0	0	0	0	0	0	0	0	0	0	0	0	0	0	0	0	0	0	0	0	0	0	0	0	0	0	0	
1	1	1	552	16.56		300	0	0	-0.0276	0.010151	0.010151	0	0	0	-147.987	-0.000201537	-0.000201537	0	0	0	2.8743	-6.57067	0	9.44497		300	0.481295	-0.0159747	0.00625195	0.00625195	0	0	0	0.481295	0	-0.426642	-237.002	0	213.464	213.464	-2.13163e-14	12.4428	0	0	0	0	0	0	0	0	0	0	0	0	0	0	0	0	0	0	0	0	0	0	0	0	0	0	0	0	0	0	0	0	0	
1	1	1	553	16.59		300	0	0	-0.02765	0.0101702	0.0101702	0	0	0	-148.072	-0.000201927	-0.000201927	0	0	0	2.8817	-6.57141	0	9.45311		300	0.481949	-0.0160179	0.00626889	0.00626889	0	0	0	0.481949	0	-0.426642	-237.002	0	213.464	213.464	-2.13163e-14	12.4428	0	0	0	0	0	0	0	0	0	0	0	0	0	0	0	0	0	0	0	0	0	0	0	0	0	0	0	0	0	0	0	0	0	
1	1	1	554	16.62		300	0	0	-0.0277	0.0101894	0.0101894	0	0	0	-148.158	-0.000202317	-0.000202317	0	0	0	2.88911	-6.57214	0	9.46125		300	0.482602	-0.0160612	0.00628583	0.00628583	0	0	0	0.482602	0	-0.426642	-237.002	0	213.464	213.464	-2.13163e-14	12.4428	0	0	0	0	0	0	0	0	0	0	0	0	0	0	0	0	0	0	0	0	0	0	0	0	0	0	0	0	0	0	0	0	0	
1	1	1	555	16.65		300	0	0	-0.02775	0.0102086	0.0102086	0	0	0	-148.243	-0.000202707	-0.000202707	0	0	0	2.89652	-6.57286	0	9.46938		300	0.483255	-0.0161045	0.00630277	0.00630277	0	0	0	0.483255	0	-0.426642	-237.002	0	213.464	213.464	-2.13163e-14	12.4428	0	0	0	0	0	0	0	0	0	0	0	0	0	0	0	0	0	0	0	0	0	0	0	0	0	0	0	0	0	0	0	0	0	
1	1	1	556	16.68		300	0	0	-0.0278	0.0102278	0.0102278	0	0	0	-148.328	-0.000203096	-0.000203096	0	0	0	2.90393	-6.57358	0	9.47751		300	0.483907	-0.0161478	0.00631972	0.00631972	0	0	0	0.483907	0	-0.426642	-237.002	0	213.464	213.464	-2.13163e-14	12.4428	0	0	0	0	0	0	0	0	0	0	0	0	0	0	0	0	0	0	0	0	0	0	0	0	0	0	0	0	0	0	0	0	0	
1	1	1	557	16.71		300	0	0	-0.02785	0.010247	0.010247	0	0	0	-148.414	-0.000203484	-0.000203484	0	0	0	2.91135	-6.57428	0	9.48563		300	0.484559	-0.0161911	0.00633667	0.00633667	0	0	0	0.484559	0	-0.426642	-237.002	0	213.464	213.464	-2.13163e-14	12.4428	0	0	0	0	0	0	0	0	0	0	0	0	0	0	0	0	0	0	0	0	0	0	0	0	0	0	0	0	0	0	0	0	0	
1	1	1	558	16.74		300	0	0	-0.0279	0.0102662	0.0102662	0	0	0	-148.499	-0.000203873	-0.000203873	0	0	0	2.91877	-6.57498	0	9.49375		300	0.485211	-0.0162344	0.00635362	0.00635362	0	0	0	0.485211	0	-0.426642	-237.002	0	213.464	213.464	-2.13163e-14	12.4428	0	0	0	0	0	0	0	0	0	0	0	0	0	0	0	0	0	0	0	0	0	0	0	0	0	0	0	0	0	0	0	0	0	
1	1	1	559	16.77		300	0	0	-0.02795	0.0102854	0.0102854	0	0	0	-148.584	-0.000204261	-0.000204261	0	0	0	2.9262	-6.57566	0	9.50186		300	0.485862	-0.0162778	0.00637057	0.00637057	0	0	0	0.485862	0	-0.426642	-237.002	0	213.464	213.464	-2.13163e-14	12.4428	0	0	0	0	0	0	0	0	0	0	0	0	0	0	0	0	0	0	0	0	0	0	0	0	0	0	0	0	0	0	0	0	0	
1	1	1	560	16.8		300	0	0	-0.028	0.0103046	0.0103046	0	0	0	-148.669	-0.000204648	-0.000204648	0	0	0	2.93363	-6.57634	0	9.50997		300	0.486513	-0.0163211	0.00638753	0.00638753	0	0	0	0.486513	0	-0.426642	-237.002	0	213.464	213.464	-2.13163e-14	12.4428	0	0	0	0	0	0	0	0	0	0	0	0	0	0	0	0	0	0	0	0	0	0	0	0	0	0	0	0	0	0	0	0	0	
1	1	1	561	16.83		300	0	0	-0.02805	0.0103238	0.0103238	0	0	0	-148.754	-0.000205035	-0.000205035	0	0	0	2.94107	-6.577	0	9.51807		300	0.487163	-0.0163644	0.00640449	0.00640449	0	0	0	0.487163	0	-0.426642	-237.002	0	213.464	213.464	-2.13163e-14	12.4428	0	0	0	0	0	0	0	0	0	0	0	0	0	0	0	0	0	0	0	0	0	0	0	0	0	0	0	0	0	0	0	0	0	
1	1	1	562	16.86		300	0	0	-0.0281	0.010343	0.010343	0	0	0	-148.838	-0.000205422	-0.000205422	0	0	0	2.94851	-6.57766	0	9.52617		300	0.487813	-0.0164077	0.00642145	0.00642145	0	0	0	0.487813	0	-0.426642	-237.002	0	213.464	213.464	-2.13163e-14	12.4428	0	0	0	0	0	0	0	0	0	0	0	0	0	0	0	0	0	0	0	0	0	0	0	0	0	0	0	0	0	0	0	0	0	
1	1	1	563	16.89		300	0	0	-0.02815	0.0103622	0.0103622	0	0	0	-148.923	-0.000205808	-0.000205808	0	0	0	2.95595	-6.57831	0	9.53426		300	0.488463	-0.0164511	0.00643841	0.00643841	0	0	0	0.488463	0	-0.426642	-237.002	0	213.464	213.464	-2.13163e-14	12.4428	0	0	0	0	0	0	0	0	0	0	0	0	0	0	0	0	0	0	0	0	0	0	0	0	0	0	0	0	0	0	0	0	0	
1	1	1	564	16.92		300	0	0	-0.0282	0.0103814	0.0103814	0	0	0	-149.008	-0.000206194	-0.000206194	0	0	0	2.9634	-6.57895	0	9.54235		300	0.489112	-0.0164944	0.00645538	0.00645538	0	0	0	0.489112	0	-0.426642	-237.002	0	213.464	213.464	-2.13163e-14	12.4428	0	0	0	0	0	0	0	0	0	0	0	0	0	0	0	0	0	0	0	0	0	0	0	0	0	0	0	0	0	0	0	0	0	
1	1	1	565	16.95		300	0	0	-0.02825	0.0104005	0.0104005	0	0	0	-149.092	-0.000206579	-0.000206579	0	0	0	2.97085	-6.57958	0	9.55043		300	0.489761	-0.0165378	0.00647234	0.00647234	0	0	0	0.489761	0	-0.426642	-237.002	0	213.464	213.464	-2.13163e-14	12.4428	0	0	0	0	0	0	0	0	0	0	0	0	0	0	0	0	0	0	0	0	0	0	0	0	0	0	0	0	0	0	0	0	0	
1	1	1	566	16.98		300	0	0	-0.0283	0.0104197	0.0104197	0	0	0	-149.177	-0.000206964	-0.000206964	0	0	0	2.97831	-6.5802	0	9.55851		300	0.490409	-0.0165812	0.00648932	0.00648932	0	0	0	0.490409	0	-0.426642	-237.002	0	213.464	213.464	-2.13163e-14	12.4428	0	0	0	0	0	0	0	0	0	0	0	0	0	0	0	0	0	0	0	0	0	0	0	0	0	0	0	0	0	0	0	0	0	
1	1	1	567	17.01		300	0	0	-0.02835	0.0104389	0.0104389	0	0	0	-149.261	-0.000207349	-0.000207349	0	0	0	2.98577	-6.58081	0	9.56658		300	0.491057	-0.0166245	0.00650629	0.00650629	0	0	0	0.491057	0	-0.426642	-237.002	0	213.464	213.464	-2.13163e-14	12.4428	0	0	0	0	0	0	0	0	0	0	0	0	0	0	0	0	0	0	0	0	0	0	0	0	0	0	0	0	0	0	0	0	0	
1	1	1	568	17.04		300	0	0	-0.0284	0.0104581	0.0104581	0	0	0	-149.346	-0.000207733	-0.000207733	0	0	0	2.99324	-6.58141	0	9.57464		300	0.491704	-0.0166679	0.00652326	0.00652326	0	0	0	0.491704	0	-0.426642	-237.002	0	213.464	213.464	-2.13163e-14	12.4428	0	0	0	0	0	0	0	0	0	0	0	0	0	0	0	0	0	0	0	0	0	0	0	0	0	0	0	0	0	0	0	0	0	
1	1	1	569	17.07		300	0	0	-0.02845	0.0104773	0.0104773	0	0	0	-149.43	-0.000208117	-0.000208117	0	0	0	3.00071	-6.582	0	9.5827		300	0.492351	-0.0167113	0.00654024	0.00654024	0	0	0	0.492351	0	-0.426642	-237.002	0	213.464	213.464	-2.13163e-14	12.4428	0	0	0	0	0	0	0	0	0	0	0	0	0	0	0	0	0	0	0	0	0	0	0	0	0	0	0	0	0	0	0	0	0	
1	1	1	570	17.1		300	0	0	-0.0285	0.0104965	0.0104965	0	0	0	-149.514	-0.000208501	-0.000208501	0	0	0	3.00818	-6.58258	0	9.59076		300	0.492998	-0.0167547	0.00655722	0.00655722	0	0	0	0.492998	0	-0.426642	-237.002	0	213.464	213.464	-2.13163e-14	12.4428	0	0	0	0	0	0	0	0	0	0	0	0	0	0	0	0	0	0	0	0	0	0	0	0	0	0	0	0	0	0	0	0	0	
1	1	1	571	17.13		300	0	0	-0.02855	0.0105157	0.0105157	0	0	0	-149.598	-0.000208884	-0.000208884	0	0	0	3.01566	-6.58316	0	9.59881		300	0.493644	-0.0167981	0.00657421	0.00657421	0	0	0	0.493644	0	-0.426642	-237.002	0	213.464	213.464	-2.13163e-14	12.4428	0	0	0	0	0	0	0	0	0	0	0	0	0	0	0	0	0	0	0	0	0	0	0	0	0	0	0	0	0	0	0	0	0	
1	1	1	572	17.16		300	0	0	-0.0286	0.0105349	0.0105349	0	0	0	-149.682	-0.000209266	-0.000209266	0	0	0	3.02314	-6.58372	0	9.60686		300	0.49429	-0.0168415	0.00659119	0.00659119	0	0	0	0.49429	0	-0.426642	-237.002	0	213.464	213.464	-2.13163e-14	12.4428	0	0	0	0	0	0	0	0	0	0	0	0	0	0	0	0	0	0	0	0	0	0	0	0	0	0	0	0	0	0	0	0	0	
1	1	1	573	17.19		300	0	0	-0.02865	0.0105541	0.0105541	0	0	0	-149.766	-0.000209649	-0.000209649	0	0	0	3.03063	-6.58427	0	9.6149		300	0.494936	-0.0168849	0.00660818	0.00660818	0	0	0	0.494936	0	-0.426642	-237.002	0	213.464	213.464	-2.13163e-14	12.4428	0	0	0	0	0	0	0	0	0	0	0	0	0	0	0	0	0	0	0	0	0	0	0	0	0	0	0	0	0	0	0	0	0	
1	1	1	574	17.22		300	0	0	-0.0287	0.0105733	0.0105733	0	0	0	-149.85	-0.000210031	-0.000210031	0	0	0	3.03812	-6.58482	0	9.62294		300	0.495581	-0.0169283	0.00662517	0.00662517	0	0	0	0.495581	0	-0.426642	-237.002	0	213.464	213.464	-2.13163e-14	12.4428	0	0	0	0	0	0	0	0	0	0	0	0	0	0	0	0	0	0	0	0	0	0	0	0	0	0	0	0	0	0	0	0	0	
1	1	1	575	17.25		300	0	0	-0.02875	0.0105925	0.0105925	0	0	0	-149.934	-0.000210412	-0.000210412	0	0	0	3.04561	-6.58536	0	9.63097		300	0.496225	-0.0169717	0.00664216	0.00664216	0	0	0	0.496225	0	-0.426642	-237.002	0	213.464	213.464	-2.13163e-14	12.4428	0	0	0	0	0	0	0	0	0	0	0	0	0	0	0	0	0	0	0	0	0	0	0	0	0	0	0	0	0	0	0	0	0	
1	1	1	576	17.28		300	0	0	-0.0288	0.0106117	0.0106117	0	0	0	-150.017	-0.000210793	-0.000210793	0	0	0	3.05311	-6.58588	0	9.63899		300	0.49687	-0.0170151	0.00665916	0.00665916	0	0	0	0.49687	0	-0.426642	-237.002	0	213.464	213.464	-2.13163e-14	12.4428	0	0	0	0	0	0	0	0	0	0	0	0	0	0	0	0	0	0	0	0	0	0	0	0	0	0	0	0	0	0	0	0	0	
1	1	1	577	17.31		300	0	0	-0.02885	0.0106309	0.0106309	0	0	0	-150.101	-0.000211174	-0.000211174	0	0	0	3.06061	-6.5864	0	9.64701		300	0.497514	-0.0170586	0.00667615	0.00667615	0	0	0	0.497514	0	-0.426642	-237.002	0	213.464	213.464	-2.13163e-14	12.4428	0	0	0	0	0	0	0	0	0	0	0	0	0	0	0	0	0	0	0	0	0	0	0	0	0	0	0	0	0	0	0	0	0	
1	1	1	578	17.34		300	0	0	-0.0289	0.0106501	0.0106501	0	0	0	-150.185	-0.000211554	-0.000211554	0	0	0	3.06812	-6.58691	0	9.65503		300	0.498157	-0.017102	0.00669315	0.00669315	0	0	0	0.498157	0	-0.426642	-237.002	0	213.464	213.464	-2.13163e-14	12.4428	0	0	0	0	0	0	0	0	0	0	0	0	0	0	0	0	0	0	0	0	0	0	0	0	0	0	0	0	0	0	0	0	0	
1	1	1	579	17.37		300	0	0	-0.02895	0.0106693	0.0106693	0	0	0	-150.268	-0.000211934	-0.000211934	0	0	0	3.07563	-6.58741	0	9.66304		300	0.4988	-0.0171454	0.00671015	0.00671015	0	0	0	0.4988	0	-0.426642	-237.002	0	213.464	213.464	-2.13163e-14	12.4428	0	0	0	0	0	0	0	0	0	0	0	0	0	0	0	0	0	0	0	0	0	0	0	0	0	0	0	0	0	0	0	0	0	
1	1	1	580	17.4		300	0	0	-0.029	0.0106885	0.0106885	0	0	0	-150.351	-0.000212314	-0.000212314	0	0	0	3.08315	-6.5879	0	9.67105		300	0.499443	-0.0171889	0.00672716	0.00672716	0	0	0	0.499443	0	-0.426642	-237.002	0	213.464	213.464	-2.13163e-14	12.4428	0	0	0	0	0	0	0	0	0	0	0	0	0	0	0	0	0	0	0	0	0	0	0	0	0	0	0	0	0	0	0	0	0	
1	1	1	581	17.43		300	0	0	-0.02905	0.0107077	0.0107077	0	0	0	-150.435	-0.000212693	-0.000212693	0	0	0	3.09067	-6.58838	0	9.67905		300	0.500085	-0.0172323	0.00674416	0.00674416	0	0	0	0.500085	0	-0.426642	-237.002	0	213.464	213.464	-2.13163e-14	12.4428	0	0	0	0	0	0	0	0	0	0	0	0	0	0	0	0	0	0	0	0	0	0	0	0	0	0	0	0	0	0	0	0	0	
1	1	1	582	17.46		300	0	0	-0.0291	0.0107269	0.0107269	0	0	0	-150.518	-0.000213072	-0.000213072	0	0	0	3.09819	-6.58886	0	9.68704		300	0.500727	-0.0172758	0.00676117	0.00676117	0	0	0	0.500727	0	-0.426642	-237.002	0	213.464	213.464	-2.13163e-14	12.4428	0	0	0	0	0	0	0	0	0	0	0	0	0	0	0	0	0	0	0	0	0	0	0	0	0	0	0	0	0	0	0	0	0	
1	1	1	583	17.49		300	0	0	-0.02915	0.0107461	0.0107461	0	0	0	-150.601	-0.00021345	-0.00021345	0	0	0	3.10572	-6.58932	0	9.69504		300	0.501368	-0.0173193	0.00677818	0.00677818	0	0	0	0.501368	0	-0.426642	-237.002	0	213.464	213.464	-2.13163e-14	12.4428	0	0	0	0	0	0	0	0	0	0	0	0	0	0	0	0	0	0	0	0	0	0	0	0	0	0	0	0	0	0	0	0	0	
1	1	1	584	17.52		300	0	0	-0.0292	0.0107653	0.0107653	0	0	0	-150.684	-0.000213828	-0.000213828	0	0	0	3.11325	-6.58977	0	9.70302		300	0.502009	-0.0173627	0.00679519	0.00679519	0	0	0	0.502009	0	-0.426642	-237.002	0	213.464	213.464	-2.13163e-14	12.4428	0	0	0	0	0	0	0	0	0	0	0	0	0	0	0	0	0	0	0	0	0	0	0	0	0	0	0	0	0	0	0	0	0	
1	1	1	585	17.55		300	0	0	-0.02925	0.0107845	0.0107845	0	0	0	-150.767	-0.000214205	-0.000214205	0	0	0	3.12079	-6.59022	0	9.711		300	0.50265	-0.0174062	0.00681221	0.00681221	0	0	0	0.50265	0	-0.426642	-237.002	0	213.464	213.464	-2.13163e-14	12.4428	0	0	0	0	0	0	0	0	0	0	0	0	0	0	0	0	0	0	0	0	0	0	0	0	0	0	0	0	0	0	0	0	0	
1	1	1	586	17.58		300	0	0	-0.0293	0.0108037	0.0108037	0	0	0	-150.85	-0.000214583	-0.000214583	0	0	0	3.12833	-6.59065	0	9.71898		300	0.50329	-0.0174497	0.00682922	0.00682922	0	0	0	0.50329	0	-0.426642	-237.002	0	213.464	213.464	-2.13163e-14	12.4428	0	0	0	0	0	0	0	0	0	0	0	0	0	0	0	0	0	0	0	0	0	0	0	0	0	0	0	0	0	0	0	0	0	
1	1	1	587	17.61		300	0	0	-0.02935	0.010823	0.010823	0	0	0	-150.933	-0.000214959	-0.000214959	0	0	0	3.13587	-6.59108	0	9.72695		300	0.50393	-0.0174932	0.00684624	0.00684624	0	0	0	0.50393	0	-0.426642	-237.002	0	213.464	213.464	-2.13163e-14	12.4428	0	0	0	0	0	0	0	0	0	0	0	0	0	0	0	0	0	0	0	0	0	0	0	0	0	0	0	0	0	0	0	0	0	
1	1	1	588	17.64		300	0	0	-0.0294	0.0108422	0.0108422	0	0	0	-151.016	-0.000215336	-0.000215336	0	0	0	3.14342	-6.5915	0	9.73492		300	0.50457	-0.0175367	0.00686326	0.00686326	0	0	0	0.50457	0	-0.426642	-237.002	0	213.464	213.464	-2.13163e-14	12.4428	0	0	0	0	0	0	0	0	0	0	0	0	0	0	0	0	0	0	0	0	0	0	0	0	0	0	0	0	0	0	0	0	0	
1	1	1	589	17.67		300	0	0	-0.02945	0.0108614	0.0108614	0	0	0	-151.099	-0.000215712	-0.000215712	0	0	0	3.15097	-6.59191	0	9.74288		300	0.505209	-0.0175802	0.00688029	0.00688029	0	0	0	0.505209	0	-0.426642	-237.002	0	213.464	213.464	-2.13163e-14	12.4428	0	0	0	0	0	0	0	0	0	0	0	0	0	0	0	0	0	0	0	0	0	0	0	0	0	0	0	0	0	0	0	0	0	
1	1	1	590	17.7		300	0	0	-0.0295	0.0108806	0.0108806	0	0	0	-151.182	-0.000216088	-0.000216088	0	0	0	3.15853	-6.59231	0	9.75084		300	0.505848	-0.0176237	0.00689731	0.00689731	0	0	0	0.505848	0	-0.426642	-237.002	0	213.464	213.464	-2.13163e-14	12.4428	0	0	0	0	0	0	0	0	0	0	0	0	0	0	0	0	0	0	0	0	0	0	0	0	0	0	0	0	0	0	0	0	0	
1	1	1	591	17.73		300	0	0	-0.02955	0.0108998	0.0108998	0	0	0	-151.264	-0.000216463	-0.000216463	0	0	0	3.16609	-6.5927	0	9.75879		300	0.506486	-0.0176672	0.00691434	0.00691434	0	0	0	0.506486	0	-0.426642	-237.002	0	213.464	213.464	-2.13163e-14	12.4428	0	0	0	0	0	0	0	0	0	0	0	0	0	0	0	0	0	0	0	0	0	0	0	0	0	0	0	0	0	0	0	0	0	
1	1	1	592	17.76		300	0	0	-0.0296	0.010919	0.010919	0	0	0	-151.347	-0.000216838	-0.000216838	0	0	0	3.17366	-6.59308	0	9.76674		300	0.507124	-0.0177107	0.00693137	0.00693137	0	0	0	0.507124	0	-0.426642	-237.002	0	213.464	213.464	-2.13163e-14	12.4428	0	0	0	0	0	0	0	0	0	0	0	0	0	0	0	0	0	0	0	0	0	0	0	0	0	0	0	0	0	0	0	0	0	
1	1	1	593	17.79		300	0	0	-0.02965	0.0109382	0.0109382	0	0	0	-151.429	-0.000217212	-0.000217212	0	0	0	3.18122	-6.59346	0	9.77468		300	0.507762	-0.0177542	0.0069484	0.0069484	0	0	0	0.507762	0	-0.426642	-237.002	0	213.464	213.464	-2.13163e-14	12.4428	0	0	0	0	0	0	0	0	0	0	0	0	0	0	0	0	0	0	0	0	0	0	0	0	0	0	0	0	0	0	0	0	0	
1	1	1	594	17.82		300	0	0	-0.0297	0.0109574	0.0109574	0	0	0	-151.512	-0.000217586	-0.000217586	0	0	0	3.1888	-6.59382	0	9.78262		300	0.508399	-0.0177977	0.00696544	0.00696544	0	0	0	0.508399	0	-0.426642	-237.002	0	213.464	213.464	-2.13163e-14	12.4428	0	0	0	0	0	0	0	0	0	0	0	0	0	0	0	0	0	0	0	0	0	0	0	0	0	0	0	0	0	0	0	0	0	
1	1	1	595	17.85		300	0	0	-0.02975	0.0109766	0.0109766	0	0	0	-151.594	-0.00021796	-0.00021796	0	0	0	3.19638	-6.59418	0	9.79055		300	0.509036	-0.0178413	0.00698247	0.00698247	0	0	0	0.509036	0	-0.426642	-237.002	0	213.464	213.464	-2.13163e-14	12.4428	0	0	0	0	0	0	0	0	0	0	0	0	0	0	0	0	0	0	0	0	0	0	0	0	0	0	0	0	0	0	0	0	0	
1	1	1	596	17.88		300	0	0	-0.0298	0.0109958	0.0109958	0	0	0	-151.676	-0.000218333	-0.000218333	0	0	0	3.20396	-6.59452	0	9.79848		300	0.509672	-0.0178848	0.00699951	0.00699951	0	0	0	0.509672	0	-0.426642	-237.002	0	213.464	213.464	-2.13163e-14	12.4428	0	0	0	0	0	0	0	0	0	0	0	0	0	0	0	0	0	0	0	0	0	0	0	0	0	0	0	0	0	0	0	0	0	
1	1	1	597	17.91		300	0	0	-0.02985	0.011015	0.011015	0	0	0	-151.759	-0.000218706	-0.000218706	0	0	0	3.21154	-6.59486	0	9.8064		300	0.510308	-0.0179283	0.00701655	0.00701655	0	0	0	0.510308	0	-0.426642	-237.002	0	213.464	213.464	-2.13163e-14	12.4428	0	0	0	0	0	0	0	0	0	0	0	0	0	0	0	0	0	0	0	0	0	0	0	0	0	0	0	0	0	0	0	0	0	
1	1	1	598	17.94		300	0	0	-0.0299	0.0110342	0.0110342	0	0	0	-151.841	-0.000219079	-0.000219079	0	0	0	3.21913	-6.59519	0	9.81432		300	0.510944	-0.0179719	0.00703359	0.00703359	0	0	0	0.510944	0	-0.426642	-237.002	0	213.464	213.464	-2.13163e-14	12.4428	0	0	0	0	0	0	0	0	0	0	0	0	0	0	0	0	0	0	0	0	0	0	0	0	0	0	0	0	0	0	0	0	0	
1	1	1	599	17.97		300	0	0	-0.02995	0.0110534	0.0110534	0	0	0	-151.923	-0.000219451	-0.000219451	0	0	0	3.22673	-6.59551	0	9.82224		300	0.511579	-0.0180154	0.00705064	0.00705064	0	0	0	0.511579	0	-0.426642	-237.002	0	213.464	213.464	-2.13163e-14	12.4428	0	0	0	0	0	0	0	0	0	0	0	0	0	0	0	0	0	0	0	0	0	0	0	0	0	0	0	0	0	0	0	0	0	
1	1	1	600	18		300	0	0	-0.03	0.0110726	0.0110726	0	0	0	-152.005	-0.000219823	-0.000219823	0	0	0	3.23433	-6.59582	0	9.83015		300	0.512214	-0.018059	0.00706768	0.00706768	0	0	0	0.512214	0	-0.426642	-237.002	0	213.464	213.464	-2.13163e-14	12.4428	0	0	0	0	0	0	0	0	0	0	0	0	0	0	0	0	0	0	0	0	0	0	0	0	0	0	0	0	0	0	0	0	0	
1	1	1	601	18.03		300	0	0	-0.03005	0.0110918	0.0110918	0	0	0	-152.087	-0.000220194	-0.000220194	0	0	0	3.24193	-6.59612	0	9.83805		300	0.512849	-0.0181026	0.00708473	0.00708473	0	0	0	0.512849	0	-0.426642	-237.002	0	213.464	213.464	-2.13163e-14	12.4428	0	0	0	0	0	0	0	0	0	0	0	0	0	0	0	0	0	0	0	0	0	0	0	0	0	0	0	0	0	0	0	0	0	
1	1	1	602	18.06		300	0	0	-0.0301	0.011111	0.011111	0	0	0	-152.169	-0.000220565	-0.000220565	0	0	0	3.24953	-6.59642	0	9.84595		300	0.513483	-0.0181461	0.00710178	0.00710178	0	0	0	0.513483	0	-0.426642	-237.002	0	213.464	213.464	-2.13163e-14	12.4428	0	0	0	0	0	0	0	0	0	0	0	0	0	0	0	0	0	0	0	0	0	0	0	0	0	0	0	0	0	0	0	0	0	
1	1	1	603	18.09		300	0	0	-0.03015	0.0111302	0.0111302	0	0	0	-152.251	-0.000220936	-0.000220936	0	0	0	3.25715	-6.5967	0	9.85385		300	0.514116	-0.0181897	0.00711883	0.00711883	0	0	0	0.514116	0	-0.426642	-237.002	0	213.464	213.464	-2.13163e-14	12.4428	0	0	0	0	0	0	0	0	0	0	0	0	0	0	0	0	0	0	0	0	0	0	0	0	0	0	0	0	0	0	0	0	0	
1	1	1	604	18.12		300	0	0	-0.0302	0.0111495	0.0111495	0	0	0	-152.333	-0.000221306	-0.000221306	0	0	0	3.26476	-6.59698	0	9.86174		300	0.51475	-0.0182333	0.00713588	0.00713588	0	0	0	0.51475	0	-0.426642	-237.002	0	213.464	213.464	-2.13163e-14	12.4428	0	0	0	0	0	0	0	0	0	0	0	0	0	0	0	0	0	0	0	0	0	0	0	0	0	0	0	0	0	0	0	0	0	
1	1	1	605	18.15		300	0	0	-0.03025	0.0111687	0.0111687	0	0	0	-152.414	-0.000221676	-0.000221676	0	0	0	3.27238	-6.59724	0	9.86962		300	0.515383	-0.0182768	0.00715294	0.00715294	0	0	0	0.515383	0	-0.426642	-237.002	0	213.464	213.464	-2.13163e-14	12.4428	0	0	0	0	0	0	0	0	0	0	0	0	0	0	0	0	0	0	0	0	0	0	0	0	0	0	0	0	0	0	0	0	0	
1	1	1	606	18.18		300	0	0	-0.0303	0.0111879	0.0111879	0	0	0	-152.496	-0.000222046	-0.000222046	0	0	0	3.28	-6.5975	0	9.8775		300	0.516015	-0.0183204	0.00717	0.00717	0	0	0	0.516015	0	-0.426642	-237.002	0	213.464	213.464	-2.13163e-14	12.4428	0	0	0	0	0	0	0	0	0	0	0	0	0	0	0	0	0	0	0	0	0	0	0	0	0	0	0	0	0	0	0	0	0	
1	1	1	607	18.21		300	0	0	-0.03035	0.0112071	0.0112071	0	0	0	-152.577	-0.000222415	-0.000222415	0	0	0	3.28763	-6.59775	0	9.88538		300	0.516648	-0.018364	0.00718706	0.00718706	0	0	0	0.516648	0	-0.426642	-237.002	0	213.464	213.464	-2.13163e-14	12.4428	0	0	0	0	0	0	0	0	0	0	0	0	0	0	0	0	0	0	0	0	0	0	0	0	0	0	0	0	0	0	0	0	0	
1	1	1	608	18.24		300	0	0	-0.0304	0.0112263	0.0112263	0	0	0	-152.659	-0.000222784	-0.000222784	0	0	0	3.29526	-6.59799	0	9.89325		300	0.51728	-0.0184076	0.00720412	0.00720412	0	0	0	0.51728	0	-0.426642	-237.002	0	213.464	213.464	-2.13163e-14	12.4428	0	0	0	0	0	0	0	0	0	0	0	0	0	0	0	0	0	0	0	0	0	0	0	0	0	0	0	0	0	0	0	0	0	
1	1	1	609	18.27		300	0	0	-0.03045	0.0112455	0.0112455	0	0	0	-152.74	-0.000223152	-0.000223152	0	0	0	3.30289	-6.59822	0	9.90112		300	0.517911	-0.0184512	0.00722118	0.00722118	0	0	0	0.517911	0	-0.426642	-237.002	0	213.464	213.464	-2.13163e-14	12.4428	0	0	0	0	0	0	0	0	0	0	0	0	0	0	0	0	0	0	0	0	0	0	0	0	0	0	0	0	0	0	0	0	0	
1	1	1	610	18.3		300	0	0	-0.0305	0.0112647	0.0112647	0	0	0	-152.822	-0.00022352	-0.00022352	0	0	0	3.31053	-6.59845	0	9.90898		300	0.518542	-0.0184948	0.00723825	0.00723825	0	0	0	0.518542	0	-0.426642	-237.002	0	213.464	213.464	-2.13163e-14	12.4428	0	0	0	0	0	0	0	0	0	0	0	0	0	0	0	0	0	0	0	0	0	0	0	0	0	0	0	0	0	0	0	0	0	
1	1	1	611	18.33		300	0	0	-0.03055	0.0112839	0.0112839	0	0	0	-152.903	-0.000223888	-0.000223888	0	0	0	3.31818	-6.59866	0	9.91684		300	0.519173	-0.0185384	0.00725531	0.00725531	0	0	0	0.519173	0	-0.426642	-237.002	0	213.464	213.464	-2.13163e-14	12.4428	0	0	0	0	0	0	0	0	0	0	0	0	0	0	0	0	0	0	0	0	0	0	0	0	0	0	0	0	0	0	0	0	0	
1	1	1	612	18.36		300	0	0	-0.0306	0.0113031	0.0113031	0	0	0	-152.985	-0.000224255	-0.000224255	0	0	0	3.32582	-6.59887	0	9.92469		300	0.519803	-0.018582	0.00727238	0.00727238	0	0	0	0.519803	0	-0.426642	-237.002	0	213.464	213.464	-2.13163e-14	12.4428	0	0	0	0	0	0	0	0	0	0	0	0	0	0	0	0	0	0	0	0	0	0	0	0	0	0	0	0	0	0	0	0	0	
1	1	1	613	18.39		300	0	0	-0.03065	0.0113223	0.0113223	0	0	0	-153.066	-0.000224622	-0.000224622	0	0	0	3.33347	-6.59907	0	9.93254		300	0.520433	-0.0186257	0.00728945	0.00728945	0	0	0	0.520433	0	-0.426642	-237.002	0	213.464	213.464	-2.13163e-14	12.4428	0	0	0	0	0	0	0	0	0	0	0	0	0	0	0	0	0	0	0	0	0	0	0	0	0	0	0	0	0	0	0	0	0	
1	1	1	614	18.42		300	0	0	-0.0307	0.0113416	0.0113416	0	0	0	-153.147	-0.000224989	-0.000224989	0	0	0	3.34113	-6.59925	0	9.94038		300	0.521063	-0.0186693	0.00730652	0.00730652	0	0	0	0.521063	0	-0.426642	-237.002	0	213.464	213.464	-2.13163e-14	12.4428	0	0	0	0	0	0	0	0	0	0	0	0	0	0	0	0	0	0	0	0	0	0	0	0	0	0	0	0	0	0	0	0	0	
1	1	1	615	18.45		300	0	0	-0.03075	0.0113608	0.0113608	0	0	0	-153.228	-0.000225355	-0.000225355	0	0	0	3.34879	-6.59943	0	9.94822		300	0.521692	-0.0187129	0.0073236	0.0073236	0	0	0	0.521692	0	-0.426642	-237.002	0	213.464	213.464	-2.13163e-14	12.4428	0	0	0	0	0	0	0	0	0	0	0	0	0	0	0	0	0	0	0	0	0	0	0	0	0	0	0	0	0	0	0	0	0	
1	1	1	616	18.48		300	0	0	-0.0308	0.01138	0.01138	0	0	0	-153.309	-0.000225721	-0.000225721	0	0	0	3.35645	-6.5996	0	9.95606		300	0.522321	-0.0187565	0.00734067	0.00734067	0	0	0	0.522321	0	-0.426642	-237.002	0	213.464	213.464	-2.13163e-14	12.4428	0	0	0	0	0	0	0	0	0	0	0	0	0	0	0	0	0	0	0	0	0	0	0	0	0	0	0	0	0	0	0	0	0	
1	1	1	617	18.51		300	0	0	-0.03085	0.0113992	0.0113992	0	0	0	-153.39	-0.000226086	-0.000226086	0	0	0	3.36412	-6.59977	0	9.96389		300	0.52295	-0.0188002	0.00735775	0.00735775	0	0	0	0.52295	0	-0.426642	-237.002	0	213.464	213.464	-2.13163e-14	12.4428	0	0	0	0	0	0	0	0	0	0	0	0	0	0	0	0	0	0	0	0	0	0	0	0	0	0	0	0	0	0	0	0	0	
1	1	1	618	18.54		300	0	0	-0.0309	0.0114184	0.0114184	0	0	0	-153.471	-0.000226451	-0.000226451	0	0	0	3.37179	-6.59992	0	9.97171		300	0.523578	-0.0188438	0.00737483	0.00737483	0	0	0	0.523578	0	-0.426642	-237.002	0	213.464	213.464	-2.13163e-14	12.4428	0	0	0	0	0	0	0	0	0	0	0	0	0	0	0	0	0	0	0	0	0	0	0	0	0	0	0	0	0	0	0	0	0	
1	1	1	619	18.57		300	0	0	-0.03095	0.0114376	0.0114376	0	0	0	-153.552	-0.000226816	-0.000226816	0	0	0	3.37947	-6.60007	0	9.97953		300	0.524205	-0.0188875	0.00739191	0.00739191	0	0	0	0.524205	0	-0.426642	-237.002	0	213.464	213.464	-2.13163e-14	12.4428	0	0	0	0	0	0	0	0	0	0	0	0	0	0	0	0	0	0	0	0	0	0	0	0	0	0	0	0	0	0	0	0	0	
1	1	1	620	18.6		300	0	0	-0.031	0.0114568	0.0114568	0	0	0	-153.633	-0.000227181	-0.000227181	0	0	0	3.38715	-6.6002	0	9.98735		300	0.524833	-0.0189311	0.007409	0.007409	0	0	0	0.524833	0	-0.426642	-237.002	0	213.464	213.464	-2.13163e-14	12.4428	0	0	0	0	0	0	0	0	0	0	0	0	0	0	0	0	0	0	0	0	0	0	0	0	0	0	0	0	0	0	0	0	0	
1	1	1	621	18.63		300	0	0	-0.03105	0.011476	0.011476	0	0	0	-153.714	-0.000227544	-0.000227544	0	0	0	3.39483	-6.60033	0	9.99516		300	0.52546	-0.0189748	0.00742608	0.00742608	0	0	0	0.52546	0	-0.426642	-237.002	0	213.464	213.464	-2.13163e-14	12.4428	0	0	0	0	0	0	0	0	0	0	0	0	0	0	0	0	0	0	0	0	0	0	0	0	0	0	0	0	0	0	0	0	0	
1	1	1	622	18.66		300	0	0	-0.0311	0.0114953	0.0114953	0	0	0	-153.794	-0.000227908	-0.000227908	0	0	0	3.40252	-6.60045	0	10.003		300	0.526087	-0.0190184	0.00744317	0.00744317	0	0	0	0.526087	0	-0.426642	-237.002	0	213.464	213.464	-2.13163e-14	12.4428	0	0	0	0	0	0	0	0	0	0	0	0	0	0	0	0	0	0	0	0	0	0	0	0	0	0	0	0	0	0	0	0	0	
1	1	1	623	18.69		300	0	0	-0.03115	0.0115145	0.0115145	0	0	0	-153.875	-0.000228271	-0.000228271	0	0	0	3.41021	-6.60056	0	10.0108		300	0.526713	-0.0190621	0.00746026	0.00746026	0	0	0	0.526713	0	-0.426642	-237.002	0	213.464	213.464	-2.13163e-14	12.4428	0	0	0	0	0	0	0	0	0	0	0	0	0	0	0	0	0	0	0	0	0	0	0	0	0	0	0	0	0	0	0	0	0	
1	1	1	624	18.72		300	0	0	-0.0312	0.0115337	0.0115337	0	0	0	-153.956	-0.000228634	-0.000228634	0	0	0	3.41791	-6.60066	0	10.0186		300	0.527339	-0.0191058	0.00747735	0.00747735	0	0	0	0.527339	0	-0.426642	-237.002	0	213.464	213.464	-2.13163e-14	12.4428	0	0	0	0	0	0	0	0	0	0	0	0	0	0	0	0	0	0	0	0	0	0	0	0	0	0	0	0	0	0	0	0	0	
1	1	1	625	18.75		300	0	0	-0.03125	0.0115529	0.0115529	0	0	0	-154.036	-0.000228997	-0.000228997	0	0	0	3.42561	-6.60076	0	10.0264		300	0.527964	-0.0191494	0.00749444	0.00749444	0	0	0	0.527964	0	-0.426642	-237.002	0	213.464	213.464	-2.13163e-14	12.4428	0	0	0	0	0	0	0	0	0	0	0	0	0	0	0	0	0	0	0	0	0	0	0	0	0	0	0	0	0	0	0	0	0	
1	1	1	626	18.78		300	0	0	-0.0313	0.0115721	0.0115721	0	0	0	-154.117	-0.000229359	-0.000229359	0	0	0	3.43331	-6.60084	0	10.0342		300	0.52859	-0.0191931	0.00751153	0.00751153	0	0	0	0.52859	0	-0.426642	-237.002	0	213.464	213.464	-2.13163e-14	12.4428	0	0	0	0	0	0	0	0	0	0	0	0	0	0	0	0	0	0	0	0	0	0	0	0	0	0	0	0	0	0	0	0	0	
1	1	1	627	18.81		300	0	0	-0.03135	0.0115913	0.0115913	0	0	0	-154.197	-0.000229721	-0.000229721	0	0	0	3.44102	-6.60092	0	10.0419		300	0.529214	-0.0192368	0.00752863	0.00752863	0	0	0	0.529214	0	-0.426642	-237.002	0	213.464	213.464	-2.13163e-14	12.4428	0	0	0	0	0	0	0	0	0	0	0	0	0	0	0	0	0	0	0	0	0	0	0	0	0	0	0	0	0	0	0	0	0	
1	1	1	628	18.84		300	0	0	-0.0314	0.0116105	0.0116105	0	0	0	-154.277	-0.000230082	-0.000230082	0	0	0	3.44873	-6.60099	0	10.0497		300	0.529839	-0.0192805	0.00754572	0.00754572	0	0	0	0.529839	0	-0.426642	-237.002	0	213.464	213.464	-2.13163e-14	12.4428	0	0	0	0	0	0	0	0	0	0	0	0	0	0	0	0	0	0	0	0	0	0	0	0	0	0	0	0	0	0	0	0	0	
1	1	1	629	18.87		300	0	0	-0.03145	0.0116298	0.0116298	0	0	0	-154.358	-0.000230443	-0.000230443	0	0	0	3.45644	-6.60105	0	10.0575		300	0.530463	-0.0193242	0.00756282	0.00756282	0	0	0	0.530463	0	-0.426642	-237.002	0	213.464	213.464	-2.13163e-14	12.4428	0	0	0	0	0	0	0	0	0	0	0	0	0	0	0	0	0	0	0	0	0	0	0	0	0	0	0	0	0	0	0	0	0	
1	1	1	630	18.9		300	0	0	-0.0315	0.011649	0.011649	0	0	0	-154.438	-0.000230804	-0.000230804	0	0	0	3.46416	-6.6011	0	10.0653		300	0.531087	-0.0193679	0.00757992	0.00757992	0	0	0	0.531087	0	-0.426642	-237.002	0	213.464	213.464	-2.13163e-14	12.4428	0	0	0	0	0	0	0	0	0	0	0	0	0	0	0	0	0	0	0	0	0	0	0	0	0	0	0	0	0	0	0	0	0	
1	1	1	631	18.93		300	0	0	-0.03155	0.0116682	0.0116682	0	0	0	-154.518	-0.000231164	-0.000231164	0	0	0	3.47189	-6.60114	0	10.073		300	0.53171	-0.0194116	0.00759702	0.00759702	0	0	0	0.53171	0	-0.426642	-237.002	0	213.464	213.464	-2.13163e-14	12.4428	0	0	0	0	0	0	0	0	0	0	0	0	0	0	0	0	0	0	0	0	0	0	0	0	0	0	0	0	0	0	0	0	0	
1	1	1	632	18.96		300	0	0	-0.0316	0.0116874	0.0116874	0	0	0	-154.598	-0.000231524	-0.000231524	0	0	0	3.47962	-6.60117	0	10.0808		300	0.532333	-0.0194553	0.00761412	0.00761412	0	0	0	0.532333	0	-0.426642	-237.002	0	213.464	213.464	-2.13163e-14	12.4428	0	0	0	0	0	0	0	0	0	0	0	0	0	0	0	0	0	0	0	0	0	0	0	0	0	0	0	0	0	0	0	0	0	
1	1	1	633	18.99		300	0	0	-0.03165	0.0117066	0.0117066	0	0	0	-154.679	-0.000231884	-0.000231884	0	0	0	3.48735	-6.6012	0	10.0885		300	0.532956	-0.019499	0.00763123	0.00763123	0	0	0	0.532956	0	-0.426642	-237.002	0	213.464	213.464	-2.13163e-14	12.4428	0	0	0	0	0	0	0	0	0	0	0	0	0	0	0	0	0	0	0	0	0	0	0	0	0	0	0	0	0	0	0	0	0	
1	1	1	634	19.02		300	0	0	-0.0317	0.0117258	0.0117258	0	0	0	-154.759	-0.000232243	-0.000232243	0	0	0	3.49508	-6.60122	0	10.0963		300	0.533578	-0.0195427	0.00764834	0.00764834	0	0	0	0.533578	0	-0.426642	-237.002	0	213.464	213.464	-2.13163e-14	12.4428	0	0	0	0	0	0	0	0	0	0	0	0	0	0	0	0	0	0	0	0	0	0	0	0	0	0	0	0	0	0	0	0	0	
1	1	1	635	19.05		300	0	0	-0.03175	0.011745	0.011745	0	0	0	-154.839	-0.000232602	-0.000232602	0	0	0	3.50282	-6.60122	0	10.104		300	0.5342	-0.0195864	0.00766544	0.00766544	0	0	0	0.5342	0	-0.426642	-237.002	0	213.464	213.464	-2.13163e-14	12.4428	0	0	0	0	0	0	0	0	0	0	0	0	0	0	0	0	0	0	0	0	0	0	0	0	0	0	0	0	0	0	0	0	0	
1	1	1	636	19.08		300	0	0	-0.0318	0.0117643	0.0117643	0	0	0	-154.919	-0.00023296	-0.00023296	0	0	0	3.51057	-6.60122	0	10.1118		300	0.534822	-0.0196301	0.00768255	0.00768255	0	0	0	0.534822	0	-0.426642	-237.002	0	213.464	213.464	-2.13163e-14	12.4428	0	0	0	0	0	0	0	0	0	0	0	0	0	0	0	0	0	0	0	0	0	0	0	0	0	0	0	0	0	0	0	0	0	
1	1	1	637	19.11		300	0	0	-0.03185	0.0117835	0.0117835	0	0	0	-154.999	-0.000233318	-0.000233318	0	0	0	3.51832	-6.60122	0	10.1195		300	0.535443	-0.0196738	0.00769966	0.00769966	0	0	0	0.535443	0	-0.426642	-237.002	0	213.464	213.464	-2.13163e-14	12.4428	0	0	0	0	0	0	0	0	0	0	0	0	0	0	0	0	0	0	0	0	0	0	0	0	0	0	0	0	0	0	0	0	0	
1	1	1	638	19.14		300	0	0	-0.0319	0.0118027	0.0118027	0	0	0	-155.078	-0.000233676	-0.000233676	0	0	0	3.52607	-6.6012	0	10.1273		300	0.536064	-0.0197176	0.00771678	0.00771678	0	0	0	0.536064	0	-0.426642	-237.002	0	213.464	213.464	-2.13163e-14	12.4428	0	0	0	0	0	0	0	0	0	0	0	0	0	0	0	0	0	0	0	0	0	0	0	0	0	0	0	0	0	0	0	0	0	
1	1	1	639	19.17		300	0	0	-0.03195	0.0118219	0.0118219	0	0	0	-155.158	-0.000234034	-0.000234034	0	0	0	3.53382	-6.60117	0	10.135		300	0.536685	-0.0197613	0.00773389	0.00773389	0	0	0	0.536685	0	-0.426642	-237.002	0	213.464	213.464	-2.13163e-14	12.4428	0	0	0	0	0	0	0	0	0	0	0	0	0	0	0	0	0	0	0	0	0	0	0	0	0	0	0	0	0	0	0	0	0	
1	1	1	640	19.2		300	0	0	-0.032	0.0118411	0.0118411	0	0	0	-155.238	-0.000234391	-0.000234391	0	0	0	3.54158	-6.60114	0	10.1427		300	0.537305	-0.019805	0.00775101	0.00775101	0	0	0	0.537305	0	-0.426642	-237.002	0	213.464	213.464	-2.13163e-14	12.4428	0	0	0	0	0	0	0	0	0	0	0	0	0	0	0	0	0	0	0	0	0	0	0	0	0	0	0	0	0	0	0	0	0	
1	1	1	641	19.23		300	0	0	-0.03205	0.0118603	0.0118603	0	0	0	-155.318	-0.000234747	-0.000234747	0	0	0	3.54935	-6.6011	0	10.1504		300	0.537925	-0.0198488	0.00776812	0.00776812	0	0	0	0.537925	0	-0.426642	-237.002	0	213.464	213.464	-2.13163e-14	12.4428	0	0	0	0	0	0	0	0	0	0	0	0	0	0	0	0	0	0	0	0	0	0	0	0	0	0	0	0	0	0	0	0	0	
1	1	1	642	19.26		300	0	0	-0.0321	0.0118796	0.0118796	0	0	0	-155.397	-0.000235104	-0.000235104	0	0	0	3.55712	-6.60105	0	10.1582		300	0.538544	-0.0198925	0.00778524	0.00778524	0	0	0	0.538544	0	-0.426642	-237.002	0	213.464	213.464	-2.13163e-14	12.4428	0	0	0	0	0	0	0	0	0	0	0	0	0	0	0	0	0	0	0	0	0	0	0	0	0	0	0	0	0	0	0	0	0	
1	1	1	643	19.29		300	0	0	-0.03215	0.0118988	0.0118988	0	0	0	-155.477	-0.00023546	-0.00023546	0	0	0	3.56489	-6.60099	0	10.1659		300	0.539163	-0.0199362	0.00780236	0.00780236	0	0	0	0.539163	0	-0.426642	-237.002	0	213.464	213.464	-2.13163e-14	12.4428	0	0	0	0	0	0	0	0	0	0	0	0	0	0	0	0	0	0	0	0	0	0	0	0	0	0	0	0	0	0	0	0	0	
1	1	1	644	19.32		300	0	0	-0.0322	0.011918	0.011918	0	0	0	-155.557	-0.000235815	-0.000235815	0	0	0	3.57266	-6.60092	0	10.1736		300	0.539782	-0.01998	0.00781948	0.00781948	0	0	0	0.539782	0	-0.426642	-237.002	0	213.464	213.464	-2.13163e-14	12.4428	0	0	0	0	0	0	0	0	0	0	0	0	0	0	0	0	0	0	0	0	0	0	0	0	0	0	0	0	0	0	0	0	0	
1	1	1	645	19.35		300	0	0	-0.03225	0.0119372	0.0119372	0	0	0	-155.636	-0.000236171	-0.000236171	0	0	0	3.58044	-6.60085	0	10.1813		300	0.540401	-0.0200238	0.00783661	0.00783661	0	0	0	0.540401	0	-0.426642	-237.002	0	213.464	213.464	-2.13163e-14	12.4428	0	0	0	0	0	0	0	0	0	0	0	0	0	0	0	0	0	0	0	0	0	0	0	0	0	0	0	0	0	0	0	0	0	
1	1	1	646	19.38		300	0	0	-0.0323	0.0119564	0.0119564	0	0	0	-155.716	-0.000236525	-0.000236525	0	0	0	3.58823	-6.60076	0	10.189		300	0.541019	-0.0200675	0.00785373	0.00785373	0	0	0	0.541019	0	-0.426642	-237.002	0	213.464	213.464	-2.13163e-14	12.4428	0	0	0	0	0	0	0	0	0	0	0	0	0	0	0	0	0	0	0	0	0	0	0	0	0	0	0	0	0	0	0	0	0	
1	1	1	647	19.41		300	0	0	-0.03235	0.0119757	0.0119757	0	0	0	-155.795	-0.00023688	-0.00023688	0	0	0	3.59601	-6.60067	0	10.1967		300	0.541636	-0.0201113	0.00787086	0.00787086	0	0	0	0.541636	0	-0.426642	-237.002	0	213.464	213.464	-2.13163e-14	12.4428	0	0	0	0	0	0	0	0	0	0	0	0	0	0	0	0	0	0	0	0	0	0	0	0	0	0	0	0	0	0	0	0	0	
1	1	1	648	19.44		300	0	0	-0.0324	0.0119949	0.0119949	0	0	0	-155.874	-0.000237234	-0.000237234	0	0	0	3.60381	-6.60057	0	10.2044		300	0.542254	-0.020155	0.00788798	0.00788798	0	0	0	0.542254	0	-0.426642	-237.002	0	213.464	213.464	-2.13163e-14	12.4428	0	0	0	0	0	0	0	0	0	0	0	0	0	0	0	0	0	0	0	0	0	0	0	0	0	0	0	0	0	0	0	0	0	
1	1	1	649	19.47		300	0	0	-0.03245	0.0120141	0.0120141	0	0	0	-155.954	-0.000237588	-0.000237588	0	0	0	3.6116	-6.60046	0	10.2121		300	0.542871	-0.0201988	0.00790511	0.00790511	0	0	0	0.542871	0	-0.426642	-237.002	0	213.464	213.464	-2.13163e-14	12.4428	0	0	0	0	0	0	0	0	0	0	0	0	0	0	0	0	0	0	0	0	0	0	0	0	0	0	0	0	0	0	0	0	0	
1	1	1	650	19.5		300	0	0	-0.0325	0.0120333	0.0120333	0	0	0	-156.033	-0.000237941	-0.000237941	0	0	0	3.6194	-6.60034	0	10.2197		300	0.543487	-0.0202426	0.00792224	0.00792224	0	0	0	0.543487	0	-0.426642	-237.002	0	213.464	213.464	-2.13163e-14	12.4428	0	0	0	0	0	0	0	0	0	0	0	0	0	0	0	0	0	0	0	0	0	0	0	0	0	0	0	0	0	0	0	0	0	
1	1	1	651	19.53		300	0	0	-0.03255	0.0120525	0.0120525	0	0	0	-156.112	-0.000238295	-0.000238295	0	0	0	3.62721	-6.60022	0	10.2274		300	0.544104	-0.0202863	0.00793937	0.00793937	0	0	0	0.544104	0	-0.426642	-237.002	0	213.464	213.464	-2.13163e-14	12.4428	0	0	0	0	0	0	0	0	0	0	0	0	0	0	0	0	0	0	0	0	0	0	0	0	0	0	0	0	0	0	0	0	0	
1	1	1	652	19.56		300	0	0	-0.0326	0.0120718	0.0120718	0	0	0	-156.191	-0.000238647	-0.000238647	0	0	0	3.63501	-6.60008	0	10.2351		300	0.54472	-0.0203301	0.00795651	0.00795651	0	0	0	0.54472	0	-0.426642	-237.002	0	213.464	213.464	-2.13163e-14	12.4428	0	0	0	0	0	0	0	0	0	0	0	0	0	0	0	0	0	0	0	0	0	0	0	0	0	0	0	0	0	0	0	0	0	
1	1	1	653	19.59		300	0	0	-0.03265	0.012091	0.012091	0	0	0	-156.271	-0.000239	-0.000239	0	0	0	3.64282	-6.59994	0	10.2428		300	0.545335	-0.0203739	0.00797364	0.00797364	0	0	0	0.545335	0	-0.426642	-237.002	0	213.464	213.464	-2.13163e-14	12.4428	0	0	0	0	0	0	0	0	0	0	0	0	0	0	0	0	0	0	0	0	0	0	0	0	0	0	0	0	0	0	0	0	0	
1	1	1	654	19.62		300	0	0	-0.0327	0.0121102	0.0121102	0	0	0	-156.35	-0.000239352	-0.000239352	0	0	0	3.65064	-6.59979	0	10.2504		300	0.545951	-0.0204177	0.00799078	0.00799078	0	0	0	0.545951	0	-0.426642	-237.002	0	213.464	213.464	-2.13163e-14	12.4428	0	0	0	0	0	0	0	0	0	0	0	0	0	0	0	0	0	0	0	0	0	0	0	0	0	0	0	0	0	0	0	0	0	
1	1	1	655	19.65		300	0	0	-0.03275	0.0121294	0.0121294	0	0	0	-156.429	-0.000239704	-0.000239704	0	0	0	3.65846	-6.59963	0	10.2581		300	0.546566	-0.0204615	0.00800791	0.00800791	0	0	0	0.546566	0	-0.426642	-237.002	0	213.464	213.464	-2.13163e-14	12.4428	0	0	0	0	0	0	0	0	0	0	0	0	0	0	0	0	0	0	0	0	0	0	0	0	0	0	0	0	0	0	0	0	0	
1	1	1	656	19.68		300	0	0	-0.0328	0.0121486	0.0121486	0	0	0	-156.508	-0.000240055	-0.000240055	0	0	0	3.66628	-6.59947	0	10.2657		300	0.54718	-0.0205053	0.00802505	0.00802505	0	0	0	0.54718	0	-0.426642	-237.002	0	213.464	213.464	-2.13163e-14	12.4428	0	0	0	0	0	0	0	0	0	0	0	0	0	0	0	0	0	0	0	0	0	0	0	0	0	0	0	0	0	0	0	0	0	
1	1	1	657	19.71		300	0	0	-0.03285	0.0121679	0.0121679	0	0	0	-156.587	-0.000240406	-0.000240406	0	0	0	3.67411	-6.59929	0	10.2734		300	0.547794	-0.0205491	0.00804219	0.00804219	0	0	0	0.547794	0	-0.426642	-237.002	0	213.464	213.464	-2.13163e-14	12.4428	0	0	0	0	0	0	0	0	0	0	0	0	0	0	0	0	0	0	0	0	0	0	0	0	0	0	0	0	0	0	0	0	0	
1	1	1	658	19.74		300	0	0	-0.0329	0.0121871	0.0121871	0	0	0	-156.666	-0.000240757	-0.000240757	0	0	0	3.68194	-6.59911	0	10.281		300	0.548408	-0.0205929	0.00805933	0.00805933	0	0	0	0.548408	0	-0.426642	-237.002	0	213.464	213.464	-2.13163e-14	12.4428	0	0	0	0	0	0	0	0	0	0	0	0	0	0	0	0	0	0	0	0	0	0	0	0	0	0	0	0	0	0	0	0	0	
1	1	1	659	19.77		300	0	0	-0.03295	0.0122063	0.0122063	0	0	0	-156.745	-0.000241107	-0.000241107	0	0	0	3.68978	-6.59892	0	10.2887		300	0.549022	-0.0206367	0.00807648	0.00807648	0	0	0	0.549022	0	-0.426642	-237.002	0	213.464	213.464	-2.13163e-14	12.4428	0	0	0	0	0	0	0	0	0	0	0	0	0	0	0	0	0	0	0	0	0	0	0	0	0	0	0	0	0	0	0	0	0	
1	1	1	660	19.8		300	0	0	-0.033	0.0122255	0.0122255	0	0	0	-156.823	-0.000241457	-0.000241457	0	0	0	3.69762	-6.59872	0	10.2963		300	0.549635	-0.0206805	0.00809362	0.00809362	0	0	0	0.549635	0	-0.426642	-237.002	0	213.464	213.464	-2.13163e-14	12.4428	0	0	0	0	0	0	0	0	0	0	0	0	0	0	0	0	0	0	0	0	0	0	0	0	0	0	0	0	0	0	0	0	0	
1	1	1	661	19.83		300	0	0	-0.03305	0.0122447	0.0122447	0	0	0	-156.902	-0.000241806	-0.000241806	0	0	0	3.70546	-6.59851	0	10.304		300	0.550248	-0.0207243	0.00811077	0.00811077	0	0	0	0.550248	0	-0.426642	-237.002	0	213.464	213.464	-2.13163e-14	12.4428	0	0	0	0	0	0	0	0	0	0	0	0	0	0	0	0	0	0	0	0	0	0	0	0	0	0	0	0	0	0	0	0	0	
1	1	1	662	19.86		300	0	0	-0.0331	0.012264	0.012264	0	0	0	-156.981	-0.000242156	-0.000242156	0	0	0	3.71331	-6.59829	0	10.3116		300	0.55086	-0.0207681	0.00812791	0.00812791	0	0	0	0.55086	0	-0.426642	-237.002	0	213.464	213.464	-2.13163e-14	12.4428	0	0	0	0	0	0	0	0	0	0	0	0	0	0	0	0	0	0	0	0	0	0	0	0	0	0	0	0	0	0	0	0	0	
1	1	1	663	19.89		300	0	0	-0.03315	0.0122832	0.0122832	0	0	0	-157.06	-0.000242505	-0.000242505	0	0	0	3.72116	-6.59807	0	10.3192		300	0.551473	-0.0208119	0.00814506	0.00814506	0	0	0	0.551473	0	-0.426642	-237.002	0	213.464	213.464	-2.13163e-14	12.4428	0	0	0	0	0	0	0	0	0	0	0	0	0	0	0	0	0	0	0	0	0	0	0	0	0	0	0	0	0	0	0	0	0	
1	1	1	664	19.92		300	0	0	-0.0332	0.0123024	0.0123024	0	0	0	-157.138	-0.000242853	-0.000242853	0	0	0	3.72901	-6.59783	0	10.3268		300	0.552084	-0.0208557	0.00816221	0.00816221	0	0	0	0.552084	0	-0.426642	-237.002	0	213.464	213.464	-2.13163e-14	12.4428	0	0	0	0	0	0	0	0	0	0	0	0	0	0	0	0	0	0	0	0	0	0	0	0	0	0	0	0	0	0	0	0	0	
1	1	1	665	19.95		300	0	0	-0.03325	0.0123216	0.0123216	0	0	0	-157.217	-0.000243201	-0.000243201	0	0	0	3.73687	-6.59759	0	10.3345		300	0.552696	-0.0208996	0.00817936	0.00817936	0	0	0	0.552696	0	-0.426642	-237.002	0	213.464	213.464	-2.13163e-14	12.4428	0	0	0	0	0	0	0	0	0	0	0	0	0	0	0	0	0	0	0	0	0	0	0	0	0	0	0	0	0	0	0	0	0	
1	1	1	666	19.98		300	0	0	-0.0333	0.0123408	0.0123408	0	0	0	-157.296	-0.000243549	-0.000243549	0	0	0	3.74473	-6.59734	0	10.3421		300	0.553307	-0.0209434	0.00819651	0.00819651	0	0	0	0.553307	0	-0.426642	-237.002	0	213.464	213.464	-2.13163e-14	12.4428	0	0	0	0	0	0	0	0	0	0	0	0	0	0	0	0	0	0	0	0	0	0	0	0	0	0	0	0	0	0	0	0	0	
1	1	1	667	20.01		300	0	0	-0.03335	0.0123601	0.0123601	0	0	0	-157.374	-0.000243897	-0.000243897	0	0	0	3.7526	-6.59709	0	10.3497		300	0.553918	-0.0209872	0.00821366	0.00821366	0	0	0	0.553918	0	-0.426642	-237.002	0	213.464	213.464	-2.13163e-14	12.4428	0	0	0	0	0	0	0	0	0	0	0	0	0	0	0	0	0	0	0	0	0	0	0	0	0	0	0	0	0	0	0	0	0	
1	1	1	668	20.04		300	0	0	-0.0334	0.0123793	0.0123793	0	0	0	-157.453	-0.000244244	-0.000244244	0	0	0	3.76047	-6.59682	0	10.3573		300	0.554528	-0.021031	0.00823082	0.00823082	0	0	0	0.554528	0	-0.426642	-237.002	0	213.464	213.464	-2.13163e-14	12.4428	0	0	0	0	0	0	0	0	0	0	0	0	0	0	0	0	0	0	0	0	0	0	0	0	0	0	0	0	0	0	0	0	0	
1	1	1	669	20.07		300	0	0	-0.03345	0.0123985	0.0123985	0	0	0	-157.531	-0.000244591	-0.000244591	0	0	0	3.76835	-6.59655	0	10.3649		300	0.555139	-0.0210749	0.00824797	0.00824797	0	0	0	0.555139	0	-0.426642	-237.002	0	213.464	213.464	-2.13163e-14	12.4428	0	0	0	0	0	0	0	0	0	0	0	0	0	0	0	0	0	0	0	0	0	0	0	0	0	0	0	0	0	0	0	0	0	
1	1	1	670	20.1		300	0	0	-0.0335	0.0124177	0.0124177	0	0	0	-157.61	-0.000244937	-0.000244937	0	0	0	3.77622	-6.59627	0	10.3725		300	0.555748	-0.0211187	0.00826513	0.00826513	0	0	0	0.555748	0	-0.426642	-237.002	0	213.464	213.464	-2.13163e-14	12.4428	0	0	0	0	0	0	0	0	0	0	0	0	0	0	0	0	0	0	0	0	0	0	0	0	0	0	0	0	0	0	0	0	0	
1	1	1	671	20.13		300	0	0	-0.03355	0.012437	0.012437	0	0	0	-157.688	-0.000245283	-0.000245283	0	0	0	3.78411	-6.59598	0	10.3801		300	0.556358	-0.0211626	0.00828229	0.00828229	0	0	0	0.556358	0	-0.426642	-237.002	0	213.464	213.464	-2.13163e-14	12.4428	0	0	0	0	0	0	0	0	0	0	0	0	0	0	0	0	0	0	0	0	0	0	0	0	0	0	0	0	0	0	0	0	0	
1	1	1	672	20.16		300	0	0	-0.0336	0.0124562	0.0124562	0	0	0	-157.766	-0.000245629	-0.000245629	0	0	0	3.79199	-6.59568	0	10.3877		300	0.556967	-0.0212064	0.00829945	0.00829945	0	0	0	0.556967	0	-0.426642	-237.002	0	213.464	213.464	-2.13163e-14	12.4428	0	0	0	0	0	0	0	0	0	0	0	0	0	0	0	0	0	0	0	0	0	0	0	0	0	0	0	0	0	0	0	0	0	
1	1	1	673	20.19		300	0	0	-0.03365	0.0124754	0.0124754	0	0	0	-157.845	-0.000245974	-0.000245974	0	0	0	3.79988	-6.59537	0	10.3953		300	0.557576	-0.0212503	0.00831661	0.00831661	0	0	0	0.557576	0	-0.426642	-237.002	0	213.464	213.464	-2.13163e-14	12.4428	0	0	0	0	0	0	0	0	0	0	0	0	0	0	0	0	0	0	0	0	0	0	0	0	0	0	0	0	0	0	0	0	0	
1	1	1	674	20.22		300	0	0	-0.0337	0.0124946	0.0124946	0	0	0	-157.923	-0.00024632	-0.00024632	0	0	0	3.80778	-6.59506	0	10.4028		300	0.558184	-0.0212941	0.00833377	0.00833377	0	0	0	0.558184	0	-0.426642	-237.002	0	213.464	213.464	-2.13163e-14	12.4428	0	0	0	0	0	0	0	0	0	0	0	0	0	0	0	0	0	0	0	0	0	0	0	0	0	0	0	0	0	0	0	0	0	
1	1	1	675	20.25		300	0	0	-0.03375	0.0125139	0.0125139	0	0	0	-158.001	-0.000246664	-0.000246664	0	0	0	3.81568	-6.59474	0	10.4104		300	0.558792	-0.021338	0.00835093	0.00835093	0	0	0	0.558792	0	-0.426642	-237.002	0	213.464	213.464	-2.13163e-14	12.4428	0	0	0	0	0	0	0	0	0	0	0	0	0	0	0	0	0	0	0	0	0	0	0	0	0	0	0	0	0	0	0	0	0	
1	1	1	676	20.28		300	0	0	-0.0338	0.0125331	0.0125331	0	0	0	-158.079	-0.000247009	-0.000247009	0	0	0	3.82358	-6.59441	0	10.418		300	0.5594	-0.0213818	0.00836809	0.00836809	0	0	0	0.5594	0	-0.426642	-237.002	0	213.464	213.464	-2.13163e-14	12.4428	0	0	0	0	0	0	0	0	0	0	0	0	0	0	0	0	0	0	0	0	0	0	0	0	0	0	0	0	0	0	0	0	0	
1	1	1	677	20.31		300	0	0	-0.03385	0.0125523	0.0125523	0	0	0	-158.158	-0.000247353	-0.000247353	0	0	0	3.83148	-6.59407	0	10.4256		300	0.560008	-0.0214257	0.00838526	0.00838526	0	0	0	0.560008	0	-0.426642	-237.002	0	213.464	213.464	-2.13163e-14	12.4428	0	0	0	0	0	0	0	0	0	0	0	0	0	0	0	0	0	0	0	0	0	0	0	0	0	0	0	0	0	0	0	0	0	
1	1	1	678	20.34		300	0	0	-0.0339	0.0125715	0.0125715	0	0	0	-158.236	-0.000247696	-0.000247696	0	0	0	3.83939	-6.59372	0	10.4331		300	0.560615	-0.0214695	0.00840242	0.00840242	0	0	0	0.560615	0	-0.426642	-237.002	0	213.464	213.464	-2.13163e-14	12.4428	0	0	0	0	0	0	0	0	0	0	0	0	0	0	0	0	0	0	0	0	0	0	0	0	0	0	0	0	0	0	0	0	0	
1	1	1	679	20.37		300	0	0	-0.03395	0.0125908	0.0125908	0	0	0	-158.314	-0.00024804	-0.00024804	0	0	0	3.84731	-6.59337	0	10.4407		300	0.561222	-0.0215134	0.00841959	0.00841959	0	0	0	0.561222	0	-0.426642	-237.002	0	213.464	213.464	-2.13163e-14	12.4428	0	0	0	0	0	0	0	0	0	0	0	0	0	0	0	0	0	0	0	0	0	0	0	0	0	0	0	0	0	0	0	0	0	
1	1	1	680	20.4		300	0	0	-0.034	0.01261	0.01261	0	0	0	-158.392	-0.000248383	-0.000248383	0	0	0	3.85522	-6.59301	0	10.4482		300	0.561828	-0.0215573	0.00843676	0.00843676	0	0	0	0.561828	0	-0.426642	-237.002	0	213.464	213.464	-2.13163e-14	12.4428	0	0	0	0	0	0	0	0	0	0	0	0	0	0	0	0	0	0	0	0	0	0	0	0	0	0	0	0	0	0	0	0	0	
1	1	1	681	20.43		300	0	0	-0.03405	0.0126292	0.0126292	0	0	0	-158.47	-0.000248725	-0.000248725	0	0	0	3.86315	-6.59264	0	10.4558		300	0.562434	-0.0216011	0.00845393	0.00845393	0	0	0	0.562434	0	-0.426642	-237.002	0	213.464	213.464	-2.13163e-14	12.4428	0	0	0	0	0	0	0	0	0	0	0	0	0	0	0	0	0	0	0	0	0	0	0	0	0	0	0	0	0	0	0	0	0	
1	1	1	682	20.46		300	0	0	-0.0341	0.0126484	0.0126484	0	0	0	-158.548	-0.000249068	-0.000249068	0	0	0	3.87107	-6.59226	0	10.4633		300	0.56304	-0.021645	0.0084711	0.0084711	0	0	0	0.56304	0	-0.426642	-237.002	0	213.464	213.464	-2.13163e-14	12.4428	0	0	0	0	0	0	0	0	0	0	0	0	0	0	0	0	0	0	0	0	0	0	0	0	0	0	0	0	0	0	0	0	0	
1	1	1	683	20.49		300	0	0	-0.03415	0.0126677	0.0126677	0	0	0	-158.626	-0.00024941	-0.00024941	0	0	0	3.879	-6.59187	0	10.4709		300	0.563645	-0.0216889	0.00848827	0.00848827	0	0	0	0.563645	0	-0.426642	-237.002	0	213.464	213.464	-2.13163e-14	12.4428	0	0	0	0	0	0	0	0	0	0	0	0	0	0	0	0	0	0	0	0	0	0	0	0	0	0	0	0	0	0	0	0	0	
1	1	1	684	20.52		300	0	0	-0.0342	0.0126869	0.0126869	0	0	0	-158.704	-0.000249751	-0.000249751	0	0	0	3.88693	-6.59148	0	10.4784		300	0.56425	-0.0217328	0.00850544	0.00850544	0	0	0	0.56425	0	-0.426642	-237.002	0	213.464	213.464	-2.13163e-14	12.4428	0	0	0	0	0	0	0	0	0	0	0	0	0	0	0	0	0	0	0	0	0	0	0	0	0	0	0	0	0	0	0	0	0	
1	1	1	685	20.55		300	0	0	-0.03425	0.0127061	0.0127061	0	0	0	-158.782	-0.000250093	-0.000250093	0	0	0	3.89487	-6.59107	0	10.4859		300	0.564855	-0.0217767	0.00852262	0.00852262	0	0	0	0.564855	0	-0.426642	-237.002	0	213.464	213.464	-2.13163e-14	12.4428	0	0	0	0	0	0	0	0	0	0	0	0	0	0	0	0	0	0	0	0	0	0	0	0	0	0	0	0	0	0	0	0	0	
1	1	1	686	20.58		300	0	0	-0.0343	0.0127253	0.0127253	0	0	0	-158.859	-0.000250434	-0.000250434	0	0	0	3.90281	-6.59066	0	10.4935		300	0.56546	-0.0218205	0.00853979	0.00853979	0	0	0	0.56546	0	-0.426642	-237.002	0	213.464	213.464	-2.13163e-14	12.4428	0	0	0	0	0	0	0	0	0	0	0	0	0	0	0	0	0	0	0	0	0	0	0	0	0	0	0	0	0	0	0	0	0	
1	1	1	687	20.61		300	0	0	-0.03435	0.0127446	0.0127446	0	0	0	-158.937	-0.000250774	-0.000250774	0	0	0	3.91076	-6.59024	0	10.501		300	0.566064	-0.0218644	0.00855697	0.00855697	0	0	0	0.566064	0	-0.426642	-237.002	0	213.464	213.464	-2.13163e-14	12.4428	0	0	0	0	0	0	0	0	0	0	0	0	0	0	0	0	0	0	0	0	0	0	0	0	0	0	0	0	0	0	0	0	0	
1	1	1	688	20.64		300	0	0	-0.0344	0.0127638	0.0127638	0	0	0	-159.015	-0.000251114	-0.000251114	0	0	0	3.91871	-6.58982	0	10.5085		300	0.566668	-0.0219083	0.00857414	0.00857414	0	0	0	0.566668	0	-0.426642	-237.002	0	213.464	213.464	-2.13163e-14	12.4428	0	0	0	0	0	0	0	0	0	0	0	0	0	0	0	0	0	0	0	0	0	0	0	0	0	0	0	0	0	0	0	0	0	
1	1	1	689	20.67		300	0	0	-0.03445	0.012783	0.012783	0	0	0	-159.093	-0.000251454	-0.000251454	0	0	0	3.92666	-6.58938	0	10.516		300	0.567271	-0.0219522	0.00859132	0.00859132	0	0	0	0.567271	0	-0.426642	-237.002	0	213.464	213.464	-2.13163e-14	12.4428	0	0	0	0	0	0	0	0	0	0	0	0	0	0	0	0	0	0	0	0	0	0	0	0	0	0	0	0	0	0	0	0	0	
1	1	1	690	20.7		300	0	0	-0.0345	0.0128022	0.0128022	0	0	0	-159.17	-0.000251794	-0.000251794	0	0	0	3.93462	-6.58894	0	10.5236		300	0.567874	-0.0219961	0.0086085	0.0086085	0	0	0	0.567874	0	-0.426642	-237.002	0	213.464	213.464	-2.13163e-14	12.4428	0	0	0	0	0	0	0	0	0	0	0	0	0	0	0	0	0	0	0	0	0	0	0	0	0	0	0	0	0	0	0	0	0	
1	1	1	691	20.73		300	0	0	-0.03455	0.0128215	0.0128215	0	0	0	-159.248	-0.000252133	-0.000252133	0	0	0	3.94258	-6.58849	0	10.5311		300	0.568477	-0.02204	0.00862568	0.00862568	0	0	0	0.568477	0	-0.426642	-237.002	0	213.464	213.464	-2.13163e-14	12.4428	0	0	0	0	0	0	0	0	0	0	0	0	0	0	0	0	0	0	0	0	0	0	0	0	0	0	0	0	0	0	0	0	0	
1	1	1	692	20.76		300	0	0	-0.0346	0.0128407	0.0128407	0	0	0	-159.326	-0.000252472	-0.000252472	0	0	0	3.95054	-6.58803	0	10.5386		300	0.56908	-0.0220839	0.00864286	0.00864286	0	0	0	0.56908	0	-0.426642	-237.002	0	213.464	213.464	-2.13163e-14	12.4428	0	0	0	0	0	0	0	0	0	0	0	0	0	0	0	0	0	0	0	0	0	0	0	0	0	0	0	0	0	0	0	0	0	
1	1	1	693	20.79		300	0	0	-0.03465	0.0128599	0.0128599	0	0	0	-159.403	-0.000252811	-0.000252811	0	0	0	3.95851	-6.58756	0	10.5461		300	0.569682	-0.0221278	0.00866004	0.00866004	0	0	0	0.569682	0	-0.426642	-237.002	0	213.464	213.464	-2.13163e-14	12.4428	0	0	0	0	0	0	0	0	0	0	0	0	0	0	0	0	0	0	0	0	0	0	0	0	0	0	0	0	0	0	0	0	0	
1	1	1	694	20.82		300	0	0	-0.0347	0.0128791	0.0128791	0	0	0	-159.481	-0.000253149	-0.000253149	0	0	0	3.96648	-6.58709	0	10.5536		300	0.570284	-0.0221717	0.00867723	0.00867723	0	0	0	0.570284	0	-0.426642	-237.002	0	213.464	213.464	-2.13163e-14	12.4428	0	0	0	0	0	0	0	0	0	0	0	0	0	0	0	0	0	0	0	0	0	0	0	0	0	0	0	0	0	0	0	0	0	
1	1	1	695	20.85		300	0	0	-0.03475	0.0128984	0.0128984	0	0	0	-159.558	-0.000253487	-0.000253487	0	0	0	3.97446	-6.58661	0	10.5611		300	0.570885	-0.0222156	0.00869441	0.00869441	0	0	0	0.570885	0	-0.426642	-237.002	0	213.464	213.464	-2.13163e-14	12.4428	0	0	0	0	0	0	0	0	0	0	0	0	0	0	0	0	0	0	0	0	0	0	0	0	0	0	0	0	0	0	0	0	0	
1	1	1	696	20.88		300	0	0	-0.0348	0.0129176	0.0129176	0	0	0	-159.636	-0.000253824	-0.000253824	0	0	0	3.98244	-6.58612	0	10.5686		300	0.571486	-0.0222595	0.0087116	0.0087116	0	0	0	0.571486	0	-0.426642	-237.002	0	213.464	213.464	-2.13163e-14	12.4428	0	0	0	0	0	0	0	0	0	0	0	0	0	0	0	0	0	0	0	0	0	0	0	0	0	0	0	0	0	0	0	0	0	
1	1	1	697	20.91		300	0	0	-0.03485	0.0129368	0.0129368	0	0	0	-159.713	-0.000254162	-0.000254162	0	0	0	3.99042	-6.58562	0	10.576		300	0.572087	-0.0223035	0.00872878	0.00872878	0	0	0	0.572087	0	-0.426642	-237.002	0	213.464	213.464	-2.13163e-14	12.4428	0	0	0	0	0	0	0	0	0	0	0	0	0	0	0	0	0	0	0	0	0	0	0	0	0	0	0	0	0	0	0	0	0	
1	1	1	698	20.94		300	0	0	-0.0349	0.012956	0.012956	0	0	0	-159.791	-0.000254498	-0.000254498	0	0	0	3.99841	-6.58511	0	10.5835		300	0.572688	-0.0223474	0.00874597	0.00874597	0	0	0	0.572688	0	-0.426642	-237.002	0	213.464	213.464	-2.13163e-14	12.4428	0	0	0	0	0	0	0	0	0	0	0	0	0	0	0	0	0	0	0	0	0	0	0	0	0	0	0	0	0	0	0	0	0	
1	1	1	699	20.97		300	0	0	-0.03495	0.0129753	0.0129753	0	0	0	-159.868	-0.000254835	-0.000254835	0	0	0	4.0064	-6.5846	0	10.591		300	0.573288	-0.0223913	0.00876316	0.00876316	0	0	0	0.573288	0	-0.426642	-237.002	0	213.464	213.464	-2.13163e-14	12.4428	0	0	0	0	0	0	0	0	0	0	0	0	0	0	0	0	0	0	0	0	0	0	0	0	0	0	0	0	0	0	0	0	0	
1	1	1	700	21		300	0	0	-0.035	0.0129945	0.0129945	0	0	0	-159.946	-0.000255171	-0.000255171	0	0	0	4.01439	-6.58408	0	10.5985		300	0.573888	-0.0224352	0.00878035	0.00878035	0	0	0	0.573888	0	-0.426642	-237.002	0	213.464	213.464	-2.13163e-14	12.4428	0	0	0	0	0	0	0	0	0	0	0	0	0	0	0	0	0	0	0	0	0	0	0	0	0	0	0	0	0	0	0	0	0	
1	1	1	701	21.03		300	0	0	-0.03505	0.0130137	0.0130137	0	0	0	-160.023	-0.000255507	-0.000255507	0	0	0	4.02239	-6.58355	0	10.6059		300	0.574487	-0.0224791	0.00879754	0.00879754	0	0	0	0.574487	0	-0.426642	-237.002	0	213.464	213.464	-2.13163e-14	12.4428	0	0	0	0	0	0	0	0	0	0	0	0	0	0	0	0	0	0	0	0	0	0	0	0	0	0	0	0	0	0	0	0	0	
1	1	1	702	21.06		300	0	0	-0.0351	0.013033	0.013033	0	0	0	-160.1	-0.000255843	-0.000255843	0	0	0	4.0304	-6.58301	0	10.6134		300	0.575087	-0.0225231	0.00881473	0.00881473	0	0	0	0.575087	0	-0.426642	-237.002	0	213.464	213.464	-2.13163e-14	12.4428	0	0	0	0	0	0	0	0	0	0	0	0	0	0	0	0	0	0	0	0	0	0	0	0	0	0	0	0	0	0	0	0	0	
1	1	1	703	21.09		300	0	0	-0.03515	0.0130522	0.0130522	0	0	0	-160.178	-0.000256178	-0.000256178	0	0	0	4.0384	-6.58246	0	10.6209		300	0.575686	-0.022567	0.00883192	0.00883192	0	0	0	0.575686	0	-0.426642	-237.002	0	213.464	213.464	-2.13163e-14	12.4428	0	0	0	0	0	0	0	0	0	0	0	0	0	0	0	0	0	0	0	0	0	0	0	0	0	0	0	0	0	0	0	0	0	
1	1	1	704	21.12		300	0	0	-0.0352	0.0130714	0.0130714	0	0	0	-160.255	-0.000256513	-0.000256513	0	0	0	4.04641	-6.58191	0	10.6283		300	0.576284	-0.0226109	0.00884911	0.00884911	0	0	0	0.576284	0	-0.426642	-237.002	0	213.464	213.464	-2.13163e-14	12.4428	0	0	0	0	0	0	0	0	0	0	0	0	0	0	0	0	0	0	0	0	0	0	0	0	0	0	0	0	0	0	0	0	0	
1	1	1	705	21.15		300	0	0	-0.03525	0.0130906	0.0130906	0	0	0	-160.332	-0.000256847	-0.000256847	0	0	0	4.05443	-6.58135	0	10.6358		300	0.576882	-0.0226548	0.0088663	0.0088663	0	0	0	0.576882	0	-0.426642	-237.002	0	213.464	213.464	-2.13163e-14	12.4428	0	0	0	0	0	0	0	0	0	0	0	0	0	0	0	0	0	0	0	0	0	0	0	0	0	0	0	0	0	0	0	0	0	
1	1	1	706	21.18		300	0	0	-0.0353	0.0131099	0.0131099	0	0	0	-160.409	-0.000257181	-0.000257181	0	0	0	4.06245	-6.58078	0	10.6432		300	0.57748	-0.0226988	0.0088835	0.0088835	0	0	0	0.57748	0	-0.426642	-237.002	0	213.464	213.464	-2.13163e-14	12.4428	0	0	0	0	0	0	0	0	0	0	0	0	0	0	0	0	0	0	0	0	0	0	0	0	0	0	0	0	0	0	0	0	0	
1	1	1	707	21.21		300	0	0	-0.03535	0.0131291	0.0131291	0	0	0	-160.486	-0.000257515	-0.000257515	0	0	0	4.07047	-6.5802	0	10.6507		300	0.578078	-0.0227427	0.00890069	0.00890069	0	0	0	0.578078	0	-0.426642	-237.002	0	213.464	213.464	-2.13163e-14	12.4428	0	0	0	0	0	0	0	0	0	0	0	0	0	0	0	0	0	0	0	0	0	0	0	0	0	0	0	0	0	0	0	0	0	
1	1	1	708	21.24		300	0	0	-0.0354	0.0131483	0.0131483	0	0	0	-160.564	-0.000257849	-0.000257849	0	0	0	4.0785	-6.57962	0	10.6581		300	0.578675	-0.0227867	0.00891789	0.00891789	0	0	0	0.578675	0	-0.426642	-237.002	0	213.464	213.464	-2.13163e-14	12.4428	0	0	0	0	0	0	0	0	0	0	0	0	0	0	0	0	0	0	0	0	0	0	0	0	0	0	0	0	0	0	0	0	0	
1	1	1	709	21.27		300	0	0	-0.03545	0.0131676	0.0131676	0	0	0	-160.641	-0.000258182	-0.000258182	0	0	0	4.08653	-6.57903	0	10.6656		300	0.579272	-0.0228306	0.00893509	0.00893509	0	0	0	0.579272	0	-0.426642	-237.002	0	213.464	213.464	-2.13163e-14	12.4428	0	0	0	0	0	0	0	0	0	0	0	0	0	0	0	0	0	0	0	0	0	0	0	0	0	0	0	0	0	0	0	0	0	
1	1	1	710	21.3		300	0	0	-0.0355	0.0131868	0.0131868	0	0	0	-160.718	-0.000258515	-0.000258515	0	0	0	4.09456	-6.57842	0	10.673		300	0.579869	-0.0228745	0.00895228	0.00895228	0	0	0	0.579869	0	-0.426642	-237.002	0	213.464	213.464	-2.13163e-14	12.4428	0	0	0	0	0	0	0	0	0	0	0	0	0	0	0	0	0	0	0	0	0	0	0	0	0	0	0	0	0	0	0	0	0	
1	1	1	711	21.33		300	0	0	-0.03555	0.013206	0.013206	0	0	0	-160.795	-0.000258847	-0.000258847	0	0	0	4.1026	-6.57782	0	10.6804		300	0.580465	-0.0229185	0.00896948	0.00896948	0	0	0	0.580465	0	-0.426642	-237.002	0	213.464	213.464	-2.13163e-14	12.4428	0	0	0	0	0	0	0	0	0	0	0	0	0	0	0	0	0	0	0	0	0	0	0	0	0	0	0	0	0	0	0	0	0	
1	1	1	712	21.36		300	0	0	-0.0356	0.0132252	0.0132252	0	0	0	-160.872	-0.000259179	-0.000259179	0	0	0	4.11064	-6.5772	0	10.6878		300	0.581061	-0.0229624	0.00898668	0.00898668	0	0	0	0.581061	0	-0.426642	-237.002	0	213.464	213.464	-2.13163e-14	12.4428	0	0	0	0	0	0	0	0	0	0	0	0	0	0	0	0	0	0	0	0	0	0	0	0	0	0	0	0	0	0	0	0	0	
1	1	1	713	21.39		300	0	0	-0.03565	0.0132445	0.0132445	0	0	0	-160.949	-0.000259511	-0.000259511	0	0	0	4.11869	-6.57658	0	10.6953		300	0.581657	-0.0230064	0.00900388	0.00900388	0	0	0	0.581657	0	-0.426642	-237.002	0	213.464	213.464	-2.13163e-14	12.4428	0	0	0	0	0	0	0	0	0	0	0	0	0	0	0	0	0	0	0	0	0	0	0	0	0	0	0	0	0	0	0	0	0	
1	1	1	714	21.42		300	0	0	-0.0357	0.0132637	0.0132637	0	0	0	-161.026	-0.000259843	-0.000259843	0	0	0	4.12673	-6.57594	0	10.7027		300	0.582252	-0.0230503	0.00902108	0.00902108	0	0	0	0.582252	0	-0.426642	-237.002	0	213.464	213.464	-2.13163e-14	12.4428	0	0	0	0	0	0	0	0	0	0	0	0	0	0	0	0	0	0	0	0	0	0	0	0	0	0	0	0	0	0	0	0	0	
1	1	1	715	21.45		300	0	0	-0.03575	0.0132829	0.0132829	0	0	0	-161.103	-0.000260174	-0.000260174	0	0	0	4.13479	-6.5753	0	10.7101		300	0.582848	-0.0230943	0.00903829	0.00903829	0	0	0	0.582848	0	-0.426642	-237.002	0	213.464	213.464	-2.13163e-14	12.4428	0	0	0	0	0	0	0	0	0	0	0	0	0	0	0	0	0	0	0	0	0	0	0	0	0	0	0	0	0	0	0	0	0	
1	1	1	716	21.48		300	0	0	-0.0358	0.0133022	0.0133022	0	0	0	-161.18	-0.000260505	-0.000260505	0	0	0	4.14284	-6.57466	0	10.7175		300	0.583442	-0.0231383	0.00905549	0.00905549	0	0	0	0.583442	0	-0.426642	-237.002	0	213.464	213.464	-2.13163e-14	12.4428	0	0	0	0	0	0	0	0	0	0	0	0	0	0	0	0	0	0	0	0	0	0	0	0	0	0	0	0	0	0	0	0	0	
1	1	1	717	21.51		300	0	0	-0.03585	0.0133214	0.0133214	0	0	0	-161.257	-0.000260835	-0.000260835	0	0	0	4.15091	-6.574	0	10.7249		300	0.584037	-0.0231822	0.00907269	0.00907269	0	0	0	0.584037	0	-0.426642	-237.002	0	213.464	213.464	-2.13163e-14	12.4428	0	0	0	0	0	0	0	0	0	0	0	0	0	0	0	0	0	0	0	0	0	0	0	0	0	0	0	0	0	0	0	0	0	
1	1	1	718	21.54		300	0	0	-0.0359	0.0133406	0.0133406	0	0	0	-161.334	-0.000261165	-0.000261165	0	0	0	4.15897	-6.57334	0	10.7323		300	0.584631	-0.0232262	0.0090899	0.0090899	0	0	0	0.584631	0	-0.426642	-237.002	0	213.464	213.464	-2.13163e-14	12.4428	0	0	0	0	0	0	0	0	0	0	0	0	0	0	0	0	0	0	0	0	0	0	0	0	0	0	0	0	0	0	0	0	0	
1	1	1	719	21.57		300	0	0	-0.03595	0.0133599	0.0133599	0	0	0	-161.41	-0.000261495	-0.000261495	0	0	0	4.16704	-6.57267	0	10.7397		300	0.585225	-0.0232701	0.0091071	0.0091071	0	0	0	0.585225	0	-0.426642	-237.002	0	213.464	213.464	-2.13163e-14	12.4428	0	0	0	0	0	0	0	0	0	0	0	0	0	0	0	0	0	0	0	0	0	0	0	0	0	0	0	0	0	0	0	0	0	
1	1	1	720	21.6		300	0	0	-0.036	0.0133791	0.0133791	0	0	0	-161.487	-0.000261825	-0.000261825	0	0	0	4.17511	-6.57199	0	10.7471		300	0.585818	-0.0233141	0.00912431	0.00912431	0	0	0	0.585818	0	-0.426642	-237.002	0	213.464	213.464	-2.13163e-14	12.4428	0	0	0	0	0	0	0	0	0	0	0	0	0	0	0	0	0	0	0	0	0	0	0	0	0	0	0	0	0	0	0	0	0	
1	1	1	721	21.63		300	0	0	-0.03605	0.0133983	0.0133983	0	0	0	-161.564	-0.000262154	-0.000262154	0	0	0	4.18319	-6.5713	0	10.7545		300	0.586411	-0.0233581	0.00914151	0.00914151	0	0	0	0.586411	0	-0.426642	-237.002	0	213.464	213.464	-2.13163e-14	12.4428	0	0	0	0	0	0	0	0	0	0	0	0	0	0	0	0	0	0	0	0	0	0	0	0	0	0	0	0	0	0	0	0	0	
1	1	1	722	21.66		300	0	0	-0.0361	0.0134175	0.0134175	0	0	0	-161.641	-0.000262483	-0.000262483	0	0	0	4.19127	-6.57061	0	10.7619		300	0.587004	-0.023402	0.00915872	0.00915872	0	0	0	0.587004	0	-0.426642	-237.002	0	213.464	213.464	-2.13163e-14	12.4428	0	0	0	0	0	0	0	0	0	0	0	0	0	0	0	0	0	0	0	0	0	0	0	0	0	0	0	0	0	0	0	0	0	
1	1	1	723	21.69		300	0	0	-0.03615	0.0134368	0.0134368	0	0	0	-161.718	-0.000262811	-0.000262811	0	0	0	4.19935	-6.56991	0	10.7693		300	0.587597	-0.023446	0.00917593	0.00917593	0	0	0	0.587597	0	-0.426642	-237.002	0	213.464	213.464	-2.13163e-14	12.4428	0	0	0	0	0	0	0	0	0	0	0	0	0	0	0	0	0	0	0	0	0	0	0	0	0	0	0	0	0	0	0	0	0	
1	1	1	724	21.72		300	0	0	-0.0362	0.013456	0.013456	0	0	0	-161.794	-0.000263139	-0.000263139	0	0	0	4.20744	-6.5692	0	10.7766		300	0.588189	-0.02349	0.00919314	0.00919314	0	0	0	0.588189	0	-0.426642	-237.002	0	213.464	213.464	-2.13163e-14	12.4428	0	0	0	0	0	0	0	0	0	0	0	0	0	0	0	0	0	0	0	0	0	0	0	0	0	0	0	0	0	0	0	0	0	
1	1	1	725	21.75		300	0	0	-0.03625	0.0134752	0.0134752	0	0	0	-161.871	-0.000263467	-0.000263467	0	0	0	4.21553	-6.56848	0	10.784		300	0.588781	-0.023534	0.00921035	0.00921035	0	0	0	0.588781	0	-0.426642	-237.002	0	213.464	213.464	-2.13163e-14	12.4428	0	0	0	0	0	0	0	0	0	0	0	0	0	0	0	0	0	0	0	0	0	0	0	0	0	0	0	0	0	0	0	0	0	
1	1	1	726	21.78		300	0	0	-0.0363	0.0134945	0.0134945	0	0	0	-161.948	-0.000263795	-0.000263795	0	0	0	4.22363	-6.56776	0	10.7914		300	0.589373	-0.0235779	0.00922756	0.00922756	0	0	0	0.589373	0	-0.426642	-237.002	0	213.464	213.464	-2.13163e-14	12.4428	0	0	0	0	0	0	0	0	0	0	0	0	0	0	0	0	0	0	0	0	0	0	0	0	0	0	0	0	0	0	0	0	0	
1	1	1	727	21.81		300	0	0	-0.03635	0.0135137	0.0135137	0	0	0	-162.024	-0.000264122	-0.000264122	0	0	0	4.23173	-6.56702	0	10.7987		300	0.589964	-0.0236219	0.00924477	0.00924477	0	0	0	0.589964	0	-0.426642	-237.002	0	213.464	213.464	-2.13163e-14	12.4428	0	0	0	0	0	0	0	0	0	0	0	0	0	0	0	0	0	0	0	0	0	0	0	0	0	0	0	0	0	0	0	0	0	
1	1	1	728	21.84		300	0	0	-0.0364	0.0135329	0.0135329	0	0	0	-162.101	-0.000264449	-0.000264449	0	0	0	4.23983	-6.56628	0	10.8061		300	0.590555	-0.0236659	0.00926198	0.00926198	0	0	0	0.590555	0	-0.426642	-237.002	0	213.464	213.464	-2.13163e-14	12.4428	0	0	0	0	0	0	0	0	0	0	0	0	0	0	0	0	0	0	0	0	0	0	0	0	0	0	0	0	0	0	0	0	0	
1	1	1	729	21.87		300	0	0	-0.03645	0.0135522	0.0135522	0	0	0	-162.178	-0.000264776	-0.000264776	0	0	0	4.24794	-6.56553	0	10.8135		300	0.591146	-0.0237099	0.00927919	0.00927919	0	0	0	0.591146	0	-0.426642	-237.002	0	213.464	213.464	-2.13163e-14	12.4428	0	0	0	0	0	0	0	0	0	0	0	0	0	0	0	0	0	0	0	0	0	0	0	0	0	0	0	0	0	0	0	0	0	
1	1	1	730	21.9		300	0	0	-0.0365	0.0135714	0.0135714	0	0	0	-162.254	-0.000265102	-0.000265102	0	0	0	4.25605	-6.56478	0	10.8208		300	0.591736	-0.0237539	0.00929641	0.00929641	0	0	0	0.591736	0	-0.426642	-237.002	0	213.464	213.464	-2.13163e-14	12.4428	0	0	0	0	0	0	0	0	0	0	0	0	0	0	0	0	0	0	0	0	0	0	0	0	0	0	0	0	0	0	0	0	0	
1	1	1	731	21.93		300	0	0	-0.03655	0.0135906	0.0135906	0	0	0	-162.331	-0.000265428	-0.000265428	0	0	0	4.26416	-6.56401	0	10.8282		300	0.592326	-0.0237978	0.00931362	0.00931362	0	0	0	0.592326	0	-0.426642	-237.002	0	213.464	213.464	-2.13163e-14	12.4428	0	0	0	0	0	0	0	0	0	0	0	0	0	0	0	0	0	0	0	0	0	0	0	0	0	0	0	0	0	0	0	0	0	
1	1	1	732	21.96		300	0	0	-0.0366	0.0136098	0.0136098	0	0	0	-162.407	-0.000265753	-0.000265753	0	0	0	4.27228	-6.56324	0	10.8355		300	0.592916	-0.0238418	0.00933084	0.00933084	0	0	0	0.592916	0	-0.426642	-237.002	0	213.464	213.464	-2.13163e-14	12.4428	0	0	0	0	0	0	0	0	0	0	0	0	0	0	0	0	0	0	0	0	0	0	0	0	0	0	0	0	0	0	0	0	0	
1	1	1	733	21.99		300	0	0	-0.03665	0.0136291	0.0136291	0	0	0	-162.484	-0.000266078	-0.000266078	0	0	0	4.2804	-6.56246	0	10.8429		300	0.593505	-0.0238858	0.00934805	0.00934805	0	0	0	0.593505	0	-0.426642	-237.002	0	213.464	213.464	-2.13163e-14	12.4428	0	0	0	0	0	0	0	0	0	0	0	0	0	0	0	0	0	0	0	0	0	0	0	0	0	0	0	0	0	0	0	0	0	
1	1	1	734	22.02		300	0	0	-0.0367	0.0136483	0.0136483	0	0	0	-162.56	-0.000266403	-0.000266403	0	0	0	4.28853	-6.56168	0	10.8502		300	0.594094	-0.0239298	0.00936527	0.00936527	0	0	0	0.594094	0	-0.426642	-237.002	0	213.464	213.464	-2.13163e-14	12.4428	0	0	0	0	0	0	0	0	0	0	0	0	0	0	0	0	0	0	0	0	0	0	0	0	0	0	0	0	0	0	0	0	0	
1	1	1	735	22.05		300	0	0	-0.03675	0.0136675	0.0136675	0	0	0	-162.637	-0.000266728	-0.000266728	0	0	0	4.29666	-6.56088	0	10.8575		300	0.594683	-0.0239738	0.00938248	0.00938248	0	0	0	0.594683	0	-0.426642	-237.002	0	213.464	213.464	-2.13163e-14	12.4428	0	0	0	0	0	0	0	0	0	0	0	0	0	0	0	0	0	0	0	0	0	0	0	0	0	0	0	0	0	0	0	0	0	
1	1	1	736	22.08		300	0	0	-0.0368	0.0136868	0.0136868	0	0	0	-162.713	-0.000267052	-0.000267052	0	0	0	4.30479	-6.56008	0	10.8649		300	0.595272	-0.0240178	0.0093997	0.0093997	0	0	0	0.595272	0	-0.426642	-237.002	0	213.464	213.464	-2.13163e-14	12.4428	0	0	0	0	0	0	0	0	0	0	0	0	0	0	0	0	0	0	0	0	0	0	0	0	0	0	0	0	0	0	0	0	0	
1	1	1	737	22.11		300	0	0	-0.03685	0.013706	0.013706	0	0	0	-162.79	-0.000267376	-0.000267376	0	0	0	4.31293	-6.55927	0	10.8722		300	0.59586	-0.0240618	0.00941692	0.00941692	0	0	0	0.59586	0	-0.426642	-237.002	0	213.464	213.464	-2.13163e-14	12.4428	0	0	0	0	0	0	0	0	0	0	0	0	0	0	0	0	0	0	0	0	0	0	0	0	0	0	0	0	0	0	0	0	0	
1	1	1	738	22.14		300	0	0	-0.0369	0.0137252	0.0137252	0	0	0	-162.866	-0.0002677	-0.0002677	0	0	0	4.32107	-6.55845	0	10.8795		300	0.596448	-0.0241058	0.00943414	0.00943414	0	0	0	0.596448	0	-0.426642	-237.002	0	213.464	213.464	-2.13163e-14	12.4428	0	0	0	0	0	0	0	0	0	0	0	0	0	0	0	0	0	0	0	0	0	0	0	0	0	0	0	0	0	0	0	0	0	
1	1	1	739	22.17		300	0	0	-0.03695	0.0137445	0.0137445	0	0	0	-162.942	-0.000268023	-0.000268023	0	0	0	4.32922	-6.55763	0	10.8868		300	0.597035	-0.0241498	0.00945136	0.00945136	0	0	0	0.597035	0	-0.426642	-237.002	0	213.464	213.464	-2.13163e-14	12.4428	0	0	0	0	0	0	0	0	0	0	0	0	0	0	0	0	0	0	0	0	0	0	0	0	0	0	0	0	0	0	0	0	0	
1	1	1	740	22.2		300	0	0	-0.037	0.0137637	0.0137637	0	0	0	-163.019	-0.000268346	-0.000268346	0	0	0	4.33736	-6.5568	0	10.8942		300	0.597623	-0.0241938	0.00946858	0.00946858	0	0	0	0.597623	0	-0.426642	-237.002	0	213.464	213.464	-2.13163e-14	12.4428	0	0	0	0	0	0	0	0	0	0	0	0	0	0	0	0	0	0	0	0	0	0	0	0	0	0	0	0	0	0	0	0	0	
1	1	1	741	22.23		300	0	0	-0.03705	0.0137829	0.0137829	0	0	0	-163.095	-0.000268669	-0.000268669	0	0	0	4.34552	-6.55596	0	10.9015		300	0.59821	-0.0242378	0.0094858	0.0094858	0	0	0	0.59821	0	-0.426642	-237.002	0	213.464	213.464	-2.13163e-14	12.4428	0	0	0	0	0	0	0	0	0	0	0	0	0	0	0	0	0	0	0	0	0	0	0	0	0	0	0	0	0	0	0	0	0	
1	1	1	742	22.26		300	0	0	-0.0371	0.0138022	0.0138022	0	0	0	-163.171	-0.000268991	-0.000268991	0	0	0	4.35367	-6.55511	0	10.9088		300	0.598796	-0.0242818	0.00950302	0.00950302	0	0	0	0.598796	0	-0.426642	-237.002	0	213.464	213.464	-2.13163e-14	12.4428	0	0	0	0	0	0	0	0	0	0	0	0	0	0	0	0	0	0	0	0	0	0	0	0	0	0	0	0	0	0	0	0	0	
1	1	1	743	22.29		300	0	0	-0.03715	0.0138214	0.0138214	0	0	0	-163.248	-0.000269313	-0.000269313	0	0	0	4.36183	-6.55425	0	10.9161		300	0.599383	-0.0243258	0.00952024	0.00952024	0	0	0	0.599383	0	-0.426642	-237.002	0	213.464	213.464	-2.13163e-14	12.4428	0	0	0	0	0	0	0	0	0	0	0	0	0	0	0	0	0	0	0	0	0	0	0	0	0	0	0	0	0	0	0	0	0	
1	1	1	744	22.32		300	0	0	-0.0372	0.0138406	0.0138406	0	0	0	-163.324	-0.000269634	-0.000269634	0	0	0	4.37	-6.55339	0	10.9234		300	0.599969	-0.0243698	0.00953746	0.00953746	0	0	0	0.599969	0	-0.426642	-237.002	0	213.464	213.464	-2.13163e-14	12.4428	0	0	0	0	0	0	0	0	0	0	0	0	0	0	0	0	0	0	0	0	0	0	0	0	0	0	0	0	0	0	0	0	0	
1	1	1	745	22.35		300	0	0	-0.03725	0.0138599	0.0138599	0	0	0	-163.4	-0.000269956	-0.000269956	0	0	0	4.37817	-6.55252	0	10.9307		300	0.600554	-0.0244138	0.00955468	0.00955468	0	0	0	0.600554	0	-0.426642	-237.002	0	213.464	213.464	-2.13163e-14	12.4428	0	0	0	0	0	0	0	0	0	0	0	0	0	0	0	0	0	0	0	0	0	0	0	0	0	0	0	0	0	0	0	0	0	
1	1	1	746	22.38		300	0	0	-0.0373	0.0138791	0.0138791	0	0	0	-163.477	-0.000270277	-0.000270277	0	0	0	4.38634	-6.55164	0	10.938		300	0.60114	-0.0244578	0.00957191	0.00957191	0	0	0	0.60114	0	-0.426642	-237.002	0	213.464	213.464	-2.13163e-14	12.4428	0	0	0	0	0	0	0	0	0	0	0	0	0	0	0	0	0	0	0	0	0	0	0	0	0	0	0	0	0	0	0	0	0	
1	1	1	747	22.41		300	0	0	-0.03735	0.0138983	0.0138983	0	0	0	-163.553	-0.000270597	-0.000270597	0	0	0	4.39451	-6.55075	0	10.9453		300	0.601725	-0.0245018	0.00958913	0.00958913	0	0	0	0.601725	0	-0.426642	-237.002	0	213.464	213.464	-2.13163e-14	12.4428	0	0	0	0	0	0	0	0	0	0	0	0	0	0	0	0	0	0	0	0	0	0	0	0	0	0	0	0	0	0	0	0	0	
1	1	1	748	22.44		300	0	0	-0.0374	0.0139176	0.0139176	0	0	0	-163.629	-0.000270918	-0.000270918	0	0	0	4.40269	-6.54986	0	10.9526		300	0.60231	-0.0245458	0.00960636	0.00960636	0	0	0	0.60231	0	-0.426642	-237.002	0	213.464	213.464	-2.13163e-14	12.4428	0	0	0	0	0	0	0	0	0	0	0	0	0	0	0	0	0	0	0	0	0	0	0	0	0	0	0	0	0	0	0	0	0	
1	1	1	749	22.47		300	0	0	-0.03745	0.0139368	0.0139368	0	0	0	-163.705	-0.000271238	-0.000271238	0	0	0	4.41088	-6.54896	0	10.9598		300	0.602894	-0.0245899	0.00962358	0.00962358	0	0	0	0.602894	0	-0.426642	-237.002	0	213.464	213.464	-2.13163e-14	12.4428	0	0	0	0	0	0	0	0	0	0	0	0	0	0	0	0	0	0	0	0	0	0	0	0	0	0	0	0	0	0	0	0	0	
1	1	1	750	22.5		300	0	0	-0.0375	0.013956	0.013956	0	0	0	-163.781	-0.000271557	-0.000271557	0	0	0	4.41906	-6.54805	0	10.9671		300	0.603478	-0.0246339	0.00964081	0.00964081	0	0	0	0.603478	0	-0.426642	-237.002	0	213.464	213.464	-2.13163e-14	12.4428	0	0	0	0	0	0	0	0	0	0	0	0	0	0	0	0	0	0	0	0	0	0	0	0	0	0	0	0	0	0	0	0	0	
1	1	1	751	22.53		300	0	0	-0.03755	0.0139753	0.0139753	0	0	0	-163.858	-0.000271877	-0.000271877	0	0	0	4.42726	-6.54713	0	10.9744		300	0.604062	-0.0246779	0.00965803	0.00965803	0	0	0	0.604062	0	-0.426642	-237.002	0	213.464	213.464	-2.13163e-14	12.4428	0	0	0	0	0	0	0	0	0	0	0	0	0	0	0	0	0	0	0	0	0	0	0	0	0	0	0	0	0	0	0	0	0	
1	1	1	752	22.56		300	0	0	-0.0376	0.0139945	0.0139945	0	0	0	-163.934	-0.000272196	-0.000272196	0	0	0	4.43545	-6.54621	0	10.9817		300	0.604646	-0.0247219	0.00967526	0.00967526	0	0	0	0.604646	0	-0.426642	-237.002	0	213.464	213.464	-2.13163e-14	12.4428	0	0	0	0	0	0	0	0	0	0	0	0	0	0	0	0	0	0	0	0	0	0	0	0	0	0	0	0	0	0	0	0	0	
1	1	1	753	22.59		300	0	0	-0.03765	0.0140137	0.0140137	0	0	0	-164.01	-0.000272515	-0.000272515	0	0	0	4.44365	-6.54528	0	10.9889		300	0.605229	-0.0247659	0.00969249	0.00969249	0	0	0	0.605229	0	-0.426642	-237.002	0	213.464	213.464	-2.13163e-14	12.4428	0	0	0	0	0	0	0	0	0	0	0	0	0	0	0	0	0	0	0	0	0	0	0	0	0	0	0	0	0	0	0	0	0	
1	1	1	754	22.62		300	0	0	-0.0377	0.014033	0.014033	0	0	0	-164.086	-0.000272833	-0.000272833	0	0	0	4.45185	-6.54434	0	10.9962		300	0.605812	-0.02481	0.00970971	0.00970971	0	0	0	0.605812	0	-0.426642	-237.002	0	213.464	213.464	-2.13163e-14	12.4428	0	0	0	0	0	0	0	0	0	0	0	0	0	0	0	0	0	0	0	0	0	0	0	0	0	0	0	0	0	0	0	0	0	
1	1	1	755	22.65		300	0	0	-0.03775	0.0140522	0.0140522	0	0	0	-164.162	-0.000273151	-0.000273151	0	0	0	4.46006	-6.54339	0	11.0034		300	0.606395	-0.024854	0.00972694	0.00972694	0	0	0	0.606395	0	-0.426642	-237.002	0	213.464	213.464	-2.13163e-14	12.4428	0	0	0	0	0	0	0	0	0	0	0	0	0	0	0	0	0	0	0	0	0	0	0	0	0	0	0	0	0	0	0	0	0	
1	1	1	756	22.68		300	0	0	-0.0378	0.0140714	0.0140714	0	0	0	-164.238	-0.000273469	-0.000273469	0	0	0	4.46827	-6.54244	0	11.0107		300	0.606977	-0.024898	0.00974417	0.00974417	0	0	0	0.606977	0	-0.426642	-237.002	0	213.464	213.464	-2.13163e-14	12.4428	0	0	0	0	0	0	0	0	0	0	0	0	0	0	0	0	0	0	0	0	0	0	0	0	0	0	0	0	0	0	0	0	0	
1	1	1	757	22.71		300	0	0	-0.03785	0.0140907	0.0140907	0	0	0	-164.314	-0.000273786	-0.000273786	0	0	0	4.47648	-6.54147	0	11.018		300	0.607559	-0.024942	0.0097614	0.0097614	0	0	0	0.607559	0	-0.426642	-237.002	0	213.464	213.464	-2.13163e-14	12.4428	0	0	0	0	0	0	0	0	0	0	0	0	0	0	0	0	0	0	0	0	0	0	0	0	0	0	0	0	0	0	0	0	0	
1	1	1	758	22.74		300	0	0	-0.0379	0.0141099	0.0141099	0	0	0	-164.39	-0.000274103	-0.000274103	0	0	0	4.4847	-6.5405	0	11.0252		300	0.608141	-0.024986	0.00977863	0.00977863	0	0	0	0.608141	0	-0.426642	-237.002	0	213.464	213.464	-2.13163e-14	12.4428	0	0	0	0	0	0	0	0	0	0	0	0	0	0	0	0	0	0	0	0	0	0	0	0	0	0	0	0	0	0	0	0	0	
1	1	1	759	22.77		300	0	0	-0.03795	0.0141291	0.0141291	0	0	0	-164.466	-0.00027442	-0.00027442	0	0	0	4.49292	-6.53953	0	11.0324		300	0.608723	-0.0250301	0.00979586	0.00979586	0	0	0	0.608723	0	-0.426642	-237.002	0	213.464	213.464	-2.13163e-14	12.4428	0	0	0	0	0	0	0	0	0	0	0	0	0	0	0	0	0	0	0	0	0	0	0	0	0	0	0	0	0	0	0	0	0	
1	1	1	760	22.8		300	0	0	-0.038	0.0141484	0.0141484	0	0	0	-164.542	-0.000274737	-0.000274737	0	0	0	4.50115	-6.53854	0	11.0397		300	0.609304	-0.0250741	0.00981309	0.00981309	0	0	0	0.609304	0	-0.426642	-237.002	0	213.464	213.464	-2.13163e-14	12.4428	0	0	0	0	0	0	0	0	0	0	0	0	0	0	0	0	0	0	0	0	0	0	0	0	0	0	0	0	0	0	0	0	0	
1	1	1	761	22.83		300	0	0	-0.03805	0.0141676	0.0141676	0	0	0	-164.618	-0.000275053	-0.000275053	0	0	0	4.50937	-6.53755	0	11.0469		300	0.609885	-0.0251181	0.00983032	0.00983032	0	0	0	0.609885	0	-0.426642	-237.002	0	213.464	213.464	-2.13163e-14	12.4428	0	0	0	0	0	0	0	0	0	0	0	0	0	0	0	0	0	0	0	0	0	0	0	0	0	0	0	0	0	0	0	0	0	
1	1	1	762	22.86		300	0	0	-0.0381	0.0141868	0.0141868	0	0	0	-164.694	-0.000275369	-0.000275369	0	0	0	4.51761	-6.53655	0	11.0542		300	0.610465	-0.0251622	0.00984755	0.00984755	0	0	0	0.610465	0	-0.426642	-237.002	0	213.464	213.464	-2.13163e-14	12.4428	0	0	0	0	0	0	0	0	0	0	0	0	0	0	0	0	0	0	0	0	0	0	0	0	0	0	0	0	0	0	0	0	0	
1	1	1	763	22.89		300	0	0	-0.03815	0.0142061	0.0142061	0	0	0	-164.77	-0.000275684	-0.000275684	0	0	0	4.52584	-6.53554	0	11.0614		300	0.611046	-0.0252062	0.00986478	0.00986478	0	0	0	0.611046	0	-0.426642	-237.002	0	213.464	213.464	-2.13163e-14	12.4428	0	0	0	0	0	0	0	0	0	0	0	0	0	0	0	0	0	0	0	0	0	0	0	0	0	0	0	0	0	0	0	0	0	
1	1	1	764	22.92		300	0	0	-0.0382	0.0142253	0.0142253	0	0	0	-164.846	-0.000275999	-0.000275999	0	0	0	4.53408	-6.53453	0	11.0686		300	0.611626	-0.0252502	0.00988201	0.00988201	0	0	0	0.611626	0	-0.426642	-237.002	0	213.464	213.464	-2.13163e-14	12.4428	0	0	0	0	0	0	0	0	0	0	0	0	0	0	0	0	0	0	0	0	0	0	0	0	0	0	0	0	0	0	0	0	0	
1	1	1	765	22.95		300	0	0	-0.03825	0.0142445	0.0142445	0	0	0	-164.922	-0.000276314	-0.000276314	0	0	0	4.54233	-6.53351	0	11.0758		300	0.612205	-0.0252943	0.00989925	0.00989925	0	0	0	0.612205	0	-0.426642	-237.002	0	213.464	213.464	-2.13163e-14	12.4428	0	0	0	0	0	0	0	0	0	0	0	0	0	0	0	0	0	0	0	0	0	0	0	0	0	0	0	0	0	0	0	0	0	
1	1	1	766	22.98		300	0	0	-0.0383	0.0142638	0.0142638	0	0	0	-164.998	-0.000276629	-0.000276629	0	0	0	4.55058	-6.53248	0	11.0831		300	0.612785	-0.0253383	0.00991648	0.00991648	0	0	0	0.612785	0	-0.426642	-237.002	0	213.464	213.464	-2.13163e-14	12.4428	0	0	0	0	0	0	0	0	0	0	0	0	0	0	0	0	0	0	0	0	0	0	0	0	0	0	0	0	0	0	0	0	0	
1	1	1	767	23.01		300	0	0	-0.03835	0.014283	0.014283	0	0	0	-165.074	-0.000276943	-0.000276943	0	0	0	4.55883	-6.53144	0	11.0903		300	0.613364	-0.0253823	0.00993371	0.00993371	0	0	0	0.613364	0	-0.426642	-237.002	0	213.464	213.464	-2.13163e-14	12.4428	0	0	0	0	0	0	0	0	0	0	0	0	0	0	0	0	0	0	0	0	0	0	0	0	0	0	0	0	0	0	0	0	0	
1	1	1	768	23.04		300	0	0	-0.0384	0.0143022	0.0143022	0	0	0	-165.15	-0.000277257	-0.000277257	0	0	0	4.56708	-6.53039	0	11.0975		300	0.613943	-0.0254264	0.00995095	0.00995095	0	0	0	0.613943	0	-0.426642	-237.002	0	213.464	213.464	-2.13163e-14	12.4428	0	0	0	0	0	0	0	0	0	0	0	0	0	0	0	0	0	0	0	0	0	0	0	0	0	0	0	0	0	0	0	0	0	
1	1	1	769	23.07		300	0	0	-0.03845	0.0143215	0.0143215	0	0	0	-165.226	-0.000277571	-0.000277571	0	0	0	4.57534	-6.52934	0	11.1047		300	0.614521	-0.0254704	0.00996818	0.00996818	0	0	0	0.614521	0	-0.426642	-237.002	0	213.464	213.464	-2.13163e-14	12.4428	0	0	0	0	0	0	0	0	0	0	0	0	0	0	0	0	0	0	0	0	0	0	0	0	0	0	0	0	0	0	0	0	0	
1	1	1	770	23.1		300	0	0	-0.0385	0.0143407	0.0143407	0	0	0	-165.302	-0.000277884	-0.000277884	0	0	0	4.58361	-6.52828	0	11.1119		300	0.615099	-0.0255144	0.00998541	0.00998541	0	0	0	0.615099	0	-0.426642	-237.002	0	213.464	213.464	-2.13163e-14	12.4428	0	0	0	0	0	0	0	0	0	0	0	0	0	0	0	0	0	0	0	0	0	0	0	0	0	0	0	0	0	0	0	0	0	
1	1	1	771	23.13		300	0	0	-0.03855	0.0143599	0.0143599	0	0	0	-165.378	-0.000278197	-0.000278197	0	0	0	4.59187	-6.52721	0	11.1191		300	0.615677	-0.0255585	0.0100026	0.0100026	0	0	0	0.615677	0	-0.426642	-237.002	0	213.464	213.464	-2.13163e-14	12.4428	0	0	0	0	0	0	0	0	0	0	0	0	0	0	0	0	0	0	0	0	0	0	0	0	0	0	0	0	0	0	0	0	0	
1	1	1	772	23.16		300	0	0	-0.0386	0.0143792	0.0143792	0	0	0	-165.454	-0.000278509	-0.000278509	0	0	0	4.60014	-6.52614	0	11.1263		300	0.616255	-0.0256025	0.0100199	0.0100199	0	0	0	0.616255	0	-0.426642	-237.002	0	213.464	213.464	-2.13163e-14	12.4428	0	0	0	0	0	0	0	0	0	0	0	0	0	0	0	0	0	0	0	0	0	0	0	0	0	0	0	0	0	0	0	0	0	
1	1	1	773	23.19		300	0	0	-0.03865	0.0143984	0.0143984	0	0	0	-165.53	-0.000278822	-0.000278822	0	0	0	4.60842	-6.52506	0	11.1335		300	0.616832	-0.0256466	0.0100371	0.0100371	0	0	0	0.616832	0	-0.426642	-237.002	0	213.464	213.464	-2.13163e-14	12.4428	0	0	0	0	0	0	0	0	0	0	0	0	0	0	0	0	0	0	0	0	0	0	0	0	0	0	0	0	0	0	0	0	0	
1	1	1	774	23.22		300	0	0	-0.0387	0.0144176	0.0144176	0	0	0	-165.605	-0.000279134	-0.000279134	0	0	0	4.6167	-6.52397	0	11.1407		300	0.617409	-0.0256906	0.0100544	0.0100544	0	0	0	0.617409	0	-0.426642	-237.002	0	213.464	213.464	-2.13163e-14	12.4428	0	0	0	0	0	0	0	0	0	0	0	0	0	0	0	0	0	0	0	0	0	0	0	0	0	0	0	0	0	0	0	0	0	
1	1	1	775	23.25		300	0	0	-0.03875	0.0144369	0.0144369	0	0	0	-165.681	-0.000279445	-0.000279445	0	0	0	4.62498	-6.52287	0	11.1478		300	0.617986	-0.0257346	0.0100716	0.0100716	0	0	0	0.617986	0	-0.426642	-237.002	0	213.464	213.464	-2.13163e-14	12.4428	0	0	0	0	0	0	0	0	0	0	0	0	0	0	0	0	0	0	0	0	0	0	0	0	0	0	0	0	0	0	0	0	0	
1	1	1	776	23.28		300	0	0	-0.0388	0.0144561	0.0144561	0	0	0	-165.757	-0.000279757	-0.000279757	0	0	0	4.63327	-6.52177	0	11.155		300	0.618562	-0.0257787	0.0100888	0.0100888	0	0	0	0.618562	0	-0.426642	-237.002	0	213.464	213.464	-2.13163e-14	12.4428	0	0	0	0	0	0	0	0	0	0	0	0	0	0	0	0	0	0	0	0	0	0	0	0	0	0	0	0	0	0	0	0	0	
1	1	1	777	23.31		300	0	0	-0.03885	0.0144753	0.0144753	0	0	0	-165.833	-0.000280068	-0.000280068	0	0	0	4.64156	-6.52065	0	11.1622		300	0.619138	-0.0258227	0.0101061	0.0101061	0	0	0	0.619138	0	-0.426642	-237.002	0	213.464	213.464	-2.13163e-14	12.4428	0	0	0	0	0	0	0	0	0	0	0	0	0	0	0	0	0	0	0	0	0	0	0	0	0	0	0	0	0	0	0	0	0	
1	1	1	778	23.34		300	0	0	-0.0389	0.0144946	0.0144946	0	0	0	-165.909	-0.000280378	-0.000280378	0	0	0	4.64985	-6.51953	0	11.1694		300	0.619714	-0.0258668	0.0101233	0.0101233	0	0	0	0.619714	0	-0.426642	-237.002	0	213.464	213.464	-2.13163e-14	12.4428	0	0	0	0	0	0	0	0	0	0	0	0	0	0	0	0	0	0	0	0	0	0	0	0	0	0	0	0	0	0	0	0	0	
1	1	1	779	23.37		300	0	0	-0.03895	0.0145138	0.0145138	0	0	0	-165.984	-0.000280689	-0.000280689	0	0	0	4.65815	-6.51841	0	11.1766		300	0.62029	-0.0259108	0.0101405	0.0101405	0	0	0	0.62029	0	-0.426642	-237.002	0	213.464	213.464	-2.13163e-14	12.4428	0	0	0	0	0	0	0	0	0	0	0	0	0	0	0	0	0	0	0	0	0	0	0	0	0	0	0	0	0	0	0	0	0	
1	1	1	780	23.4		300	0	0	-0.039	0.014533	0.014533	0	0	0	-166.06	-0.000280999	-0.000280999	0	0	0	4.66645	-6.51727	0	11.1837		300	0.620865	-0.0259549	0.0101578	0.0101578	0	0	0	0.620865	0	-0.426642	-237.002	0	213.464	213.464	-2.13163e-14	12.4428	0	0	0	0	0	0	0	0	0	0	0	0	0	0	0	0	0	0	0	0	0	0	0	0	0	0	0	0	0	0	0	0	0	
1	1	1	781	23.43		300	0	0	-0.03905	0.0145523	0.0145523	0	0	0	-166.136	-0.000281309	-0.000281309	0	0	0	4.67475	-6.51613	0	11.1909		300	0.62144	-0.0259989	0.010175	0.010175	0	0	0	0.62144	0	-0.426642	-237.002	0	213.464	213.464	-2.13163e-14	12.4428	0	0	0	0	0	0	0	0	0	0	0	0	0	0	0	0	0	0	0	0	0	0	0	0	0	0	0	0	0	0	0	0	0	
1	1	1	782	23.46		300	0	0	-0.0391	0.0145715	0.0145715	0	0	0	-166.212	-0.000281618	-0.000281618	0	0	0	4.68306	-6.51498	0	11.198		300	0.622015	-0.026043	0.0101923	0.0101923	0	0	0	0.622015	0	-0.426642	-237.002	0	213.464	213.464	-2.13163e-14	12.4428	0	0	0	0	0	0	0	0	0	0	0	0	0	0	0	0	0	0	0	0	0	0	0	0	0	0	0	0	0	0	0	0	0	
1	1	1	783	23.49		300	0	0	-0.03915	0.0145907	0.0145907	0	0	0	-166.288	-0.000281927	-0.000281927	0	0	0	4.69137	-6.51382	0	11.2052		300	0.622589	-0.026087	0.0102095	0.0102095	0	0	0	0.622589	0	-0.426642	-237.002	0	213.464	213.464	-2.13163e-14	12.4428	0	0	0	0	0	0	0	0	0	0	0	0	0	0	0	0	0	0	0	0	0	0	0	0	0	0	0	0	0	0	0	0	0	
1	1	1	784	23.52		300	0	0	-0.0392	0.01461	0.01461	0	0	0	-166.363	-0.000282236	-0.000282236	0	0	0	4.69969	-6.51266	0	11.2123		300	0.623163	-0.0261311	0.0102267	0.0102267	0	0	0	0.623163	0	-0.426642	-237.002	0	213.464	213.464	-2.13163e-14	12.4428	0	0	0	0	0	0	0	0	0	0	0	0	0	0	0	0	0	0	0	0	0	0	0	0	0	0	0	0	0	0	0	0	0	
1	1	1	785	23.55		300	0	0	-0.03925	0.0146292	0.0146292	0	0	0	-166.439	-0.000282545	-0.000282545	0	0	0	4.70801	-6.51149	0	11.2195		300	0.623737	-0.0261751	0.010244	0.010244	0	0	0	0.623737	0	-0.426642	-237.002	0	213.464	213.464	-2.13163e-14	12.4428	0	0	0	0	0	0	0	0	0	0	0	0	0	0	0	0	0	0	0	0	0	0	0	0	0	0	0	0	0	0	0	0	0	
1	1	1	786	23.58		300	0	0	-0.0393	0.0146484	0.0146484	0	0	0	-166.515	-0.000282853	-0.000282853	0	0	0	4.71633	-6.51031	0	11.2266		300	0.62431	-0.0262192	0.0102612	0.0102612	0	0	0	0.62431	0	-0.426642	-237.002	0	213.464	213.464	-2.13163e-14	12.4428	0	0	0	0	0	0	0	0	0	0	0	0	0	0	0	0	0	0	0	0	0	0	0	0	0	0	0	0	0	0	0	0	0	
1	1	1	787	23.61		300	0	0	-0.03935	0.0146677	0.0146677	0	0	0	-166.59	-0.000283161	-0.000283161	0	0	0	4.72466	-6.50912	0	11.2338		300	0.624883	-0.0262632	0.0102785	0.0102785	0	0	0	0.624883	0	-0.426642	-237.002	0	213.464	213.464	-2.13163e-14	12.4428	0	0	0	0	0	0	0	0	0	0	0	0	0	0	0	0	0	0	0	0	0	0	0	0	0	0	0	0	0	0	0	0	0	
1	1	1	788	23.64		300	0	0	-0.0394	0.0146869	0.0146869	0	0	0	-166.666	-0.000283468	-0.000283468	0	0	0	4.73299	-6.50793	0	11.2409		300	0.625456	-0.0263073	0.0102957	0.0102957	0	0	0	0.625456	0	-0.426642	-237.002	0	213.464	213.464	-2.13163e-14	12.4428	0	0	0	0	0	0	0	0	0	0	0	0	0	0	0	0	0	0	0	0	0	0	0	0	0	0	0	0	0	0	0	0	0	
1	1	1	789	23.67		300	0	0	-0.03945	0.0147061	0.0147061	0	0	0	-166.742	-0.000283775	-0.000283775	0	0	0	4.74133	-6.50672	0	11.2481		300	0.626029	-0.0263513	0.0103129	0.0103129	0	0	0	0.626029	0	-0.426642	-237.002	0	213.464	213.464	-2.13163e-14	12.4428	0	0	0	0	0	0	0	0	0	0	0	0	0	0	0	0	0	0	0	0	0	0	0	0	0	0	0	0	0	0	0	0	0	
1	1	1	790	23.7		300	0	0	-0.0395	0.0147254	0.0147254	0	0	0	-166.818	-0.000284082	-0.000284082	0	0	0	4.74967	-6.50551	0	11.2552		300	0.626601	-0.0263954	0.0103302	0.0103302	0	0	0	0.626601	0	-0.426642	-237.002	0	213.464	213.464	-2.13163e-14	12.4428	0	0	0	0	0	0	0	0	0	0	0	0	0	0	0	0	0	0	0	0	0	0	0	0	0	0	0	0	0	0	0	0	0	
1	1	1	791	23.73		300	0	0	-0.03955	0.0147446	0.0147446	0	0	0	-166.893	-0.000284389	-0.000284389	0	0	0	4.75801	-6.5043	0	11.2623		300	0.627173	-0.0264394	0.0103474	0.0103474	0	0	0	0.627173	0	-0.426642	-237.002	0	213.464	213.464	-2.13163e-14	12.4428	0	0	0	0	0	0	0	0	0	0	0	0	0	0	0	0	0	0	0	0	0	0	0	0	0	0	0	0	0	0	0	0	0	
1	1	1	792	23.76		300	0	0	-0.0396	0.0147639	0.0147639	0	0	0	-166.969	-0.000284695	-0.000284695	0	0	0	4.76636	-6.50307	0	11.2694		300	0.627745	-0.0264835	0.0103647	0.0103647	0	0	0	0.627745	0	-0.426642	-237.002	0	213.464	213.464	-2.13163e-14	12.4428	0	0	0	0	0	0	0	0	0	0	0	0	0	0	0	0	0	0	0	0	0	0	0	0	0	0	0	0	0	0	0	0	0	
1	1	1	793	23.79		300	0	0	-0.03965	0.0147831	0.0147831	0	0	0	-167.045	-0.000285001	-0.000285001	0	0	0	4.77471	-6.50184	0	11.2765		300	0.628316	-0.0265275	0.0103819	0.0103819	0	0	0	0.628316	0	-0.426642	-237.002	0	213.464	213.464	-2.13163e-14	12.4428	0	0	0	0	0	0	0	0	0	0	0	0	0	0	0	0	0	0	0	0	0	0	0	0	0	0	0	0	0	0	0	0	0	
1	1	1	794	23.82		300	0	0	-0.0397	0.0148023	0.0148023	0	0	0	-167.12	-0.000285307	-0.000285307	0	0	0	4.78306	-6.5006	0	11.2837		300	0.628887	-0.0265716	0.0103991	0.0103991	0	0	0	0.628887	0	-0.426642	-237.002	0	213.464	213.464	-2.13163e-14	12.4428	0	0	0	0	0	0	0	0	0	0	0	0	0	0	0	0	0	0	0	0	0	0	0	0	0	0	0	0	0	0	0	0	0	
1	1	1	795	23.85		300	0	0	-0.03975	0.0148216	0.0148216	0	0	0	-167.196	-0.000285612	-0.000285612	0	0	0	4.79142	-6.49936	0	11.2908		300	0.629458	-0.0266157	0.0104164	0.0104164	0	0	0	0.629458	0	-0.426642	-237.002	0	213.464	213.464	-2.13163e-14	12.4428	0	0	0	0	0	0	0	0	0	0	0	0	0	0	0	0	0	0	0	0	0	0	0	0	0	0	0	0	0	0	0	0	0	
1	1	1	796	23.88		300	0	0	-0.0398	0.0148408	0.0148408	0	0	0	-167.272	-0.000285917	-0.000285917	0	0	0	4.79978	-6.4981	0	11.2979		300	0.630029	-0.0266597	0.0104336	0.0104336	0	0	0	0.630029	0	-0.426642	-237.002	0	213.464	213.464	-2.13163e-14	12.4428	0	0	0	0	0	0	0	0	0	0	0	0	0	0	0	0	0	0	0	0	0	0	0	0	0	0	0	0	0	0	0	0	0	
1	1	1	797	23.91		300	0	0	-0.03985	0.01486	0.01486	0	0	0	-167.347	-0.000286222	-0.000286222	0	0	0	4.80815	-6.49684	0	11.305		300	0.630599	-0.0267038	0.0104509	0.0104509	0	0	0	0.630599	0	-0.426642	-237.002	0	213.464	213.464	-2.13163e-14	12.4428	0	0	0	0	0	0	0	0	0	0	0	0	0	0	0	0	0	0	0	0	0	0	0	0	0	0	0	0	0	0	0	0	0	
1	1	1	798	23.94		300	0	0	-0.0399	0.0148793	0.0148793	0	0	0	-167.423	-0.000286526	-0.000286526	0	0	0	4.81651	-6.49557	0	11.3121		300	0.631169	-0.0267478	0.0104681	0.0104681	0	0	0	0.631169	0	-0.426642	-237.002	0	213.464	213.464	-2.13163e-14	12.4428	0	0	0	0	0	0	0	0	0	0	0	0	0	0	0	0	0	0	0	0	0	0	0	0	0	0	0	0	0	0	0	0	0	
1	1	1	799	23.97		300	0	0	-0.03995	0.0148985	0.0148985	0	0	0	-167.498	-0.000286831	-0.000286831	0	0	0	4.82489	-6.4943	0	11.3192		300	0.631739	-0.0267919	0.0104853	0.0104853	0	0	0	0.631739	0	-0.426642	-237.002	0	213.464	213.464	-2.13163e-14	12.4428	0	0	0	0	0	0	0	0	0	0	0	0	0	0	0	0	0	0	0	0	0	0	0	0	0	0	0	0	0	0	0	0	0	
1	1	1	800	24		300	0	0	-0.04	0.0149177	0.0149177	0	0	0	-167.574	-0.000287134	-0.000287134	0	0	0	4.83326	-6.49302	0	11.3263		300	0.632308	-0.0268359	0.0105026	0.0105026	0	0	0	0.632308	0	-0.426642	-237.002	0	213.464	213.464	-2.13163e-14	12.4428	0	0	0	0	0	0	0	0	0	0	0	0	0	0	0	0	0	0	0	0	0	0	0	0	0	0	0	0	0	0	0	0	0	
1	1	1	801	24.03		300	0	0	-0.04005	0.014937	0.014937	0	0	0	-167.65	-0.000287438	-0.000287438	0	0	0	4.84165	-6.49173	0	11.3334		300	0.632877	-0.02688	0.0105198	0.0105198	0	0	0	0.632877	0	-0.426642	-237.002	0	213.464	213.464	-2.13163e-14	12.4428	0	0	0	0	0	0	0	0	0	0	0	0	0	0	0	0	0	0	0	0	0	0	0	0	0	0	0	0	0	0	0	0	0	
1	1	1	802	24.06		300	0	0	-0.0401	0.0149562	0.0149562	0	0	0	-167.725	-0.000287741	-0.000287741	0	0	0	4.85003	-6.49043	0	11.3405		300	0.633446	-0.0269241	0.0105371	0.0105371	0	0	0	0.633446	0	-0.426642	-237.002	0	213.464	213.464	-2.13163e-14	12.4428	0	0	0	0	0	0	0	0	0	0	0	0	0	0	0	0	0	0	0	0	0	0	0	0	0	0	0	0	0	0	0	0	0	
1	1	1	803	24.09		300	0	0	-0.04015	0.0149754	0.0149754	0	0	0	-167.801	-0.000288044	-0.000288044	0	0	0	4.85842	-6.48912	0	11.3475		300	0.634015	-0.0269681	0.0105543	0.0105543	0	0	0	0.634015	0	-0.426642	-237.002	0	213.464	213.464	-2.13163e-14	12.4428	0	0	0	0	0	0	0	0	0	0	0	0	0	0	0	0	0	0	0	0	0	0	0	0	0	0	0	0	0	0	0	0	0	
1	1	1	804	24.12		300	0	0	-0.0402	0.0149947	0.0149947	0	0	0	-167.877	-0.000288346	-0.000288346	0	0	0	4.86681	-6.48781	0	11.3546		300	0.634583	-0.0270122	0.0105716	0.0105716	0	0	0	0.634583	0	-0.426642	-237.002	0	213.464	213.464	-2.13163e-14	12.4428	0	0	0	0	0	0	0	0	0	0	0	0	0	0	0	0	0	0	0	0	0	0	0	0	0	0	0	0	0	0	0	0	0	
1	1	1	805	24.15		300	0	0	-0.04025	0.0150139	0.0150139	0	0	0	-167.952	-0.000288648	-0.000288648	0	0	0	4.87521	-6.48649	0	11.3617		300	0.635151	-0.0270562	0.0105888	0.0105888	0	0	0	0.635151	0	-0.426642	-237.002	0	213.464	213.464	-2.13163e-14	12.4428	0	0	0	0	0	0	0	0	0	0	0	0	0	0	0	0	0	0	0	0	0	0	0	0	0	0	0	0	0	0	0	0	0	
1	1	1	806	24.18		300	0	0	-0.0403	0.0150331	0.0150331	0	0	0	-168.028	-0.00028895	-0.00028895	0	0	0	4.8836	-6.48516	0	11.3688		300	0.635718	-0.0271003	0.010606	0.010606	0	0	0	0.635718	0	-0.426642	-237.002	0	213.464	213.464	-2.13163e-14	12.4428	0	0	0	0	0	0	0	0	0	0	0	0	0	0	0	0	0	0	0	0	0	0	0	0	0	0	0	0	0	0	0	0	0	
1	1	1	807	24.21		300	0	0	-0.04035	0.0150524	0.0150524	0	0	0	-168.103	-0.000289252	-0.000289252	0	0	0	4.89201	-6.48383	0	11.3758		300	0.636286	-0.0271444	0.0106233	0.0106233	0	0	0	0.636286	0	-0.426642	-237.002	0	213.464	213.464	-2.13163e-14	12.4428	0	0	0	0	0	0	0	0	0	0	0	0	0	0	0	0	0	0	0	0	0	0	0	0	0	0	0	0	0	0	0	0	0	
1	1	1	808	24.24		300	0	0	-0.0404	0.0150716	0.0150716	0	0	0	-168.179	-0.000289553	-0.000289553	0	0	0	4.90042	-6.48249	0	11.3829		300	0.636853	-0.0271884	0.0106405	0.0106405	0	0	0	0.636853	0	-0.426642	-237.002	0	213.464	213.464	-2.13163e-14	12.4428	0	0	0	0	0	0	0	0	0	0	0	0	0	0	0	0	0	0	0	0	0	0	0	0	0	0	0	0	0	0	0	0	0	
1	1	1	809	24.27		300	0	0	-0.04045	0.0150909	0.0150909	0	0	0	-168.255	-0.000289854	-0.000289854	0	0	0	4.90883	-6.48114	0	11.39		300	0.63742	-0.0272325	0.0106578	0.0106578	0	0	0	0.63742	0	-0.426642	-237.002	0	213.464	213.464	-2.13163e-14	12.4428	0	0	0	0	0	0	0	0	0	0	0	0	0	0	0	0	0	0	0	0	0	0	0	0	0	0	0	0	0	0	0	0	0	
1	1	1	810	24.3		300	0	0	-0.0405	0.0151101	0.0151101	0	0	0	-168.33	-0.000290155	-0.000290155	0	0	0	4.91724	-6.47978	0	11.397		300	0.637986	-0.0272765	0.010675	0.010675	0	0	0	0.637986	0	-0.426642	-237.002	0	213.464	213.464	-2.13163e-14	12.4428	0	0	0	0	0	0	0	0	0	0	0	0	0	0	0	0	0	0	0	0	0	0	0	0	0	0	0	0	0	0	0	0	0	
1	1	1	811	24.33		300	0	0	-0.04055	0.0151293	0.0151293	0	0	0	-168.406	-0.000290455	-0.000290455	0	0	0	4.92566	-6.47841	0	11.4041		300	0.638552	-0.0273206	0.0106923	0.0106923	0	0	0	0.638552	0	-0.426642	-237.002	0	213.464	213.464	-2.13163e-14	12.4428	0	0	0	0	0	0	0	0	0	0	0	0	0	0	0	0	0	0	0	0	0	0	0	0	0	0	0	0	0	0	0	0	0	
1	1	1	812	24.36		300	0	0	-0.0406	0.0151486	0.0151486	0	0	0	-168.481	-0.000290755	-0.000290755	0	0	0	4.93408	-6.47704	0	11.4111		300	0.639118	-0.0273647	0.0107095	0.0107095	0	0	0	0.639118	0	-0.426642	-237.002	0	213.464	213.464	-2.13163e-14	12.4428	0	0	0	0	0	0	0	0	0	0	0	0	0	0	0	0	0	0	0	0	0	0	0	0	0	0	0	0	0	0	0	0	0	
1	1	1	813	24.39		300	0	0	-0.04065	0.0151678	0.0151678	0	0	0	-168.557	-0.000291055	-0.000291055	0	0	0	4.94251	-6.47566	0	11.4182		300	0.639684	-0.0274087	0.0107268	0.0107268	0	0	0	0.639684	0	-0.426642	-237.002	0	213.464	213.464	-2.13163e-14	12.4428	0	0	0	0	0	0	0	0	0	0	0	0	0	0	0	0	0	0	0	0	0	0	0	0	0	0	0	0	0	0	0	0	0	
1	1	1	814	24.42		300	0	0	-0.0407	0.015187	0.015187	0	0	0	-168.633	-0.000291354	-0.000291354	0	0	0	4.95094	-6.47428	0	11.4252		300	0.640249	-0.0274528	0.010744	0.010744	0	0	0	0.640249	0	-0.426642	-237.002	0	213.464	213.464	-2.13163e-14	12.4428	0	0	0	0	0	0	0	0	0	0	0	0	0	0	0	0	0	0	0	0	0	0	0	0	0	0	0	0	0	0	0	0	0	
1	1	1	815	24.45		300	0	0	-0.04075	0.0152063	0.0152063	0	0	0	-168.708	-0.000291653	-0.000291653	0	0	0	4.95937	-6.47288	0	11.4323		300	0.640814	-0.0274969	0.0107612	0.0107612	0	0	0	0.640814	0	-0.426642	-237.002	0	213.464	213.464	-2.13163e-14	12.4428	0	0	0	0	0	0	0	0	0	0	0	0	0	0	0	0	0	0	0	0	0	0	0	0	0	0	0	0	0	0	0	0	0	
1	1	1	816	24.48		300	0	0	-0.0408	0.0152255	0.0152255	0	0	0	-168.784	-0.000291952	-0.000291952	0	0	0	4.96781	-6.47148	0	11.4393		300	0.641379	-0.0275409	0.0107785	0.0107785	0	0	0	0.641379	0	-0.426642	-237.002	0	213.464	213.464	-2.13163e-14	12.4428	0	0	0	0	0	0	0	0	0	0	0	0	0	0	0	0	0	0	0	0	0	0	0	0	0	0	0	0	0	0	0	0	0	
1	1	1	817	24.51		300	0	0	-0.04085	0.0152447	0.0152447	0	0	0	-168.859	-0.00029225	-0.00029225	0	0	0	4.97625	-6.47008	0	11.4463		300	0.641944	-0.027585	0.0107957	0.0107957	0	0	0	0.641944	0	-0.426642	-237.002	0	213.464	213.464	-2.13163e-14	12.4428	0	0	0	0	0	0	0	0	0	0	0	0	0	0	0	0	0	0	0	0	0	0	0	0	0	0	0	0	0	0	0	0	0	
1	1	1	818	24.54		300	0	0	-0.0409	0.015264	0.015264	0	0	0	-168.935	-0.000292549	-0.000292549	0	0	0	4.98469	-6.46866	0	11.4534		300	0.642508	-0.027629	0.010813	0.010813	0	0	0	0.642508	0	-0.426642	-237.002	0	213.464	213.464	-2.13163e-14	12.4428	0	0	0	0	0	0	0	0	0	0	0	0	0	0	0	0	0	0	0	0	0	0	0	0	0	0	0	0	0	0	0	0	0	
1	1	1	819	24.57		300	0	0	-0.04095	0.0152832	0.0152832	0	0	0	-169.01	-0.000292846	-0.000292846	0	0	0	4.99314	-6.46724	0	11.4604		300	0.643072	-0.0276731	0.0108302	0.0108302	0	0	0	0.643072	0	-0.426642	-237.002	0	213.464	213.464	-2.13163e-14	12.4428	0	0	0	0	0	0	0	0	0	0	0	0	0	0	0	0	0	0	0	0	0	0	0	0	0	0	0	0	0	0	0	0	0	
1	1	1	820	24.6		300	0	0	-0.041	0.0153024	0.0153024	0	0	0	-169.086	-0.000293144	-0.000293144	0	0	0	5.00159	-6.46581	0	11.4674		300	0.643636	-0.0277172	0.0108475	0.0108475	0	0	0	0.643636	0	-0.426642	-237.002	0	213.464	213.464	-2.13163e-14	12.4428	0	0	0	0	0	0	0	0	0	0	0	0	0	0	0	0	0	0	0	0	0	0	0	0	0	0	0	0	0	0	0	0	0	
1	1	1	821	24.63		300	0	0	-0.04105	0.0153217	0.0153217	0	0	0	-169.162	-0.000293441	-0.000293441	0	0	0	5.01005	-6.46437	0	11.4744		300	0.644199	-0.0277612	0.0108647	0.0108647	0	0	0	0.644199	0	-0.426642	-237.002	0	213.464	213.464	-2.13163e-14	12.4428	0	0	0	0	0	0	0	0	0	0	0	0	0	0	0	0	0	0	0	0	0	0	0	0	0	0	0	0	0	0	0	0	0	
1	1	1	822	24.66		300	0	0	-0.0411	0.0153409	0.0153409	0	0	0	-169.237	-0.000293738	-0.000293738	0	0	0	5.01851	-6.46292	0	11.4814		300	0.644762	-0.0278053	0.0108819	0.0108819	0	0	0	0.644762	0	-0.426642	-237.002	0	213.464	213.464	-2.13163e-14	12.4428	0	0	0	0	0	0	0	0	0	0	0	0	0	0	0	0	0	0	0	0	0	0	0	0	0	0	0	0	0	0	0	0	0	
1	1	1	823	24.69		300	0	0	-0.04115	0.0153601	0.0153601	0	0	0	-169.313	-0.000294035	-0.000294035	0	0	0	5.02697	-6.46147	0	11.4884		300	0.645325	-0.0278494	0.0108992	0.0108992	0	0	0	0.645325	0	-0.426642	-237.002	0	213.464	213.464	-2.13163e-14	12.4428	0	0	0	0	0	0	0	0	0	0	0	0	0	0	0	0	0	0	0	0	0	0	0	0	0	0	0	0	0	0	0	0	0	
1	1	1	824	24.72		300	0	0	-0.0412	0.0153794	0.0153794	0	0	0	-169.388	-0.000294331	-0.000294331	0	0	0	5.03544	-6.46001	0	11.4955		300	0.645887	-0.0278934	0.0109164	0.0109164	0	0	0	0.645887	0	-0.426642	-237.002	0	213.464	213.464	-2.13163e-14	12.4428	0	0	0	0	0	0	0	0	0	0	0	0	0	0	0	0	0	0	0	0	0	0	0	0	0	0	0	0	0	0	0	0	0	
1	1	1	825	24.75		300	0	0	-0.04125	0.0153986	0.0153986	0	0	0	-169.464	-0.000294627	-0.000294627	0	0	0	5.04391	-6.45855	0	11.5025		300	0.64645	-0.0279375	0.0109337	0.0109337	0	0	0	0.64645	0	-0.426642	-237.002	0	213.464	213.464	-2.13163e-14	12.4428	0	0	0	0	0	0	0	0	0	0	0	0	0	0	0	0	0	0	0	0	0	0	0	0	0	0	0	0	0	0	0	0	0	
1	1	1	826	24.78		300	0	0	-0.0413	0.0154179	0.0154179	0	0	0	-169.539	-0.000294923	-0.000294923	0	0	0	5.05239	-6.45707	0	11.5095		300	0.647012	-0.0279816	0.0109509	0.0109509	0	0	0	0.647012	0	-0.426642	-237.002	0	213.464	213.464	-2.13163e-14	12.4428	0	0	0	0	0	0	0	0	0	0	0	0	0	0	0	0	0	0	0	0	0	0	0	0	0	0	0	0	0	0	0	0	0	
1	1	1	827	24.81		300	0	0	-0.04135	0.0154371	0.0154371	0	0	0	-169.615	-0.000295218	-0.000295218	0	0	0	5.06087	-6.45559	0	11.5165		300	0.647573	-0.0280256	0.0109682	0.0109682	0	0	0	0.647573	0	-0.426642	-237.002	0	213.464	213.464	-2.13163e-14	12.4428	0	0	0	0	0	0	0	0	0	0	0	0	0	0	0	0	0	0	0	0	0	0	0	0	0	0	0	0	0	0	0	0	0	
1	1	1	828	24.84		300	0	0	-0.0414	0.0154563	0.0154563	0	0	0	-169.691	-0.000295513	-0.000295513	0	0	0	5.06935	-6.4541	0	11.5235		300	0.648135	-0.0280697	0.0109854	0.0109854	0	0	0	0.648135	0	-0.426642	-237.002	0	213.464	213.464	-2.13163e-14	12.4428	0	0	0	0	0	0	0	0	0	0	0	0	0	0	0	0	0	0	0	0	0	0	0	0	0	0	0	0	0	0	0	0	0	
1	1	1	829	24.87		300	0	0	-0.04145	0.0154756	0.0154756	0	0	0	-169.766	-0.000295808	-0.000295808	0	0	0	5.07784	-6.45261	0	11.5304		300	0.648696	-0.0281137	0.0110027	0.0110027	0	0	0	0.648696	0	-0.426642	-237.002	0	213.464	213.464	-2.13163e-14	12.4428	0	0	0	0	0	0	0	0	0	0	0	0	0	0	0	0	0	0	0	0	0	0	0	0	0	0	0	0	0	0	0	0	0	
1	1	1	830	24.9		300	0	0	-0.0415	0.0154948	0.0154948	0	0	0	-169.842	-0.000296102	-0.000296102	0	0	0	5.08633	-6.4511	0	11.5374		300	0.649257	-0.0281578	0.0110199	0.0110199	0	0	0	0.649257	0	-0.426642	-237.002	0	213.464	213.464	-2.13163e-14	12.4428	0	0	0	0	0	0	0	0	0	0	0	0	0	0	0	0	0	0	0	0	0	0	0	0	0	0	0	0	0	0	0	0	0	
1	1	1	831	24.93		300	0	0	-0.04155	0.015514	0.015514	0	0	0	-169.917	-0.000296396	-0.000296396	0	0	0	5.09482	-6.44959	0	11.5444		300	0.649817	-0.0282019	0.0110371	0.0110371	0	0	0	0.649817	0	-0.426642	-237.002	0	213.464	213.464	-2.13163e-14	12.4428	0	0	0	0	0	0	0	0	0	0	0	0	0	0	0	0	0	0	0	0	0	0	0	0	0	0	0	0	0	0	0	0	0	
1	1	1	832	24.96		300	0	0	-0.0416	0.0155333	0.0155333	0	0	0	-169.993	-0.00029669	-0.00029669	0	0	0	5.10332	-6.44807	0	11.5514		300	0.650377	-0.0282459	0.0110544	0.0110544	0	0	0	0.650377	0	-0.426642	-237.002	0	213.464	213.464	-2.13163e-14	12.4428	0	0	0	0	0	0	0	0	0	0	0	0	0	0	0	0	0	0	0	0	0	0	0	0	0	0	0	0	0	0	0	0	0	
1	1	1	833	24.99		300	0	0	-0.04165	0.0155525	0.0155525	0	0	0	-170.069	-0.000296983	-0.000296983	0	0	0	5.11182	-6.44655	0	11.5584		300	0.650937	-0.02829	0.0110716	0.0110716	0	0	0	0.650937	0	-0.426642	-237.002	0	213.464	213.464	-2.13163e-14	12.4428	0	0	0	0	0	0	0	0	0	0	0	0	0	0	0	0	0	0	0	0	0	0	0	0	0	0	0	0	0	0	0	0	0	
1	1	1	834	25.02		300	0	0	-0.0417	0.0155717	0.0155717	0	0	0	-170.144	-0.000297277	-0.000297277	0	0	0	5.12032	-6.44502	0	11.5653		300	0.651497	-0.028334	0.0110889	0.0110889	0	0	0	0.651497	0	-0.426642	-237.002	0	213.464	213.464	-2.13163e-14	12.4428	0	0	0	0	0	0	0	0	0	0	0	0	0	0	0	0	0	0	0	0	0	0	0	0	0	0	0	0	0	0	0	0	0	
1	1	1	835	25.05		300	0	0	-0.04175	0.015591	0.015591	0	0	0	-170.22	-0.000297569	-0.000297569	0	0	0	5.12883	-6.44348	0	11.5723		300	0.652056	-0.0283781	0.0111061	0.0111061	0	0	0	0.652056	0	-0.426642	-237.002	0	213.464	213.464	-2.13163e-14	12.4428	0	0	0	0	0	0	0	0	0	0	0	0	0	0	0	0	0	0	0	0	0	0	0	0	0	0	0	0	0	0	0	0	0	
1	1	1	836	25.08		300	0	0	-0.0418	0.0156102	0.0156102	0	0	0	-170.295	-0.000297862	-0.000297862	0	0	0	5.13735	-6.44193	0	11.5793		300	0.652616	-0.0284222	0.0111234	0.0111234	0	0	0	0.652616	0	-0.426642	-237.002	0	213.464	213.464	-2.13163e-14	12.4428	0	0	0	0	0	0	0	0	0	0	0	0	0	0	0	0	0	0	0	0	0	0	0	0	0	0	0	0	0	0	0	0	0	
1	1	1	837	25.11		300	0	0	-0.04185	0.0156294	0.0156294	0	0	0	-170.371	-0.000298154	-0.000298154	0	0	0	5.14586	-6.44038	0	11.5862		300	0.653174	-0.0284662	0.0111406	0.0111406	0	0	0	0.653174	0	-0.426642	-237.002	0	213.464	213.464	-2.13163e-14	12.4428	0	0	0	0	0	0	0	0	0	0	0	0	0	0	0	0	0	0	0	0	0	0	0	0	0	0	0	0	0	0	0	0	0	
1	1	1	838	25.14		300	0	0	-0.0419	0.0156487	0.0156487	0	0	0	-170.447	-0.000298446	-0.000298446	0	0	0	5.15438	-6.43881	0	11.5932		300	0.653733	-0.0285103	0.0111578	0.0111578	0	0	0	0.653733	0	-0.426642	-237.002	0	213.464	213.464	-2.13163e-14	12.4428	0	0	0	0	0	0	0	0	0	0	0	0	0	0	0	0	0	0	0	0	0	0	0	0	0	0	0	0	0	0	0	0	0	
1	1	1	839	25.17		300	0	0	-0.04195	0.0156679	0.0156679	0	0	0	-170.522	-0.000298738	-0.000298738	0	0	0	5.16291	-6.43725	0	11.6002		300	0.654291	-0.0285544	0.0111751	0.0111751	0	0	0	0.654291	0	-0.426642	-237.002	0	213.464	213.464	-2.13163e-14	12.4428	0	0	0	0	0	0	0	0	0	0	0	0	0	0	0	0	0	0	0	0	0	0	0	0	0	0	0	0	0	0	0	0	0	
1	1	1	840	25.2		300	0	0	-0.042	0.0156871	0.0156871	0	0	0	-170.598	-0.000299029	-0.000299029	0	0	0	5.17144	-6.43567	0	11.6071		300	0.654849	-0.0285984	0.0111923	0.0111923	0	0	0	0.654849	0	-0.426642	-237.002	0	213.464	213.464	-2.13163e-14	12.4428	0	0	0	0	0	0	0	0	0	0	0	0	0	0	0	0	0	0	0	0	0	0	0	0	0	0	0	0	0	0	0	0	0	
1	1	1	841	25.23		300	0	0	-0.04205	0.0157064	0.0157064	0	0	0	-170.673	-0.00029932	-0.00029932	0	0	0	5.17997	-6.43409	0	11.6141		300	0.655407	-0.0286425	0.0112096	0.0112096	0	0	0	0.655407	0	-0.426642	-237.002	0	213.464	213.464	-2.13163e-14	12.4428	0	0	0	0	0	0	0	0	0	0	0	0	0	0	0	0	0	0	0	0	0	0	0	0	0	0	0	0	0	0	0	0	0	
1	1	1	842	25.26		300	0	0	-0.0421	0.0157256	0.0157256	0	0	0	-170.749	-0.000299611	-0.000299611	0	0	0	5.1885	-6.4325	0	11.621		300	0.655964	-0.0286865	0.0112268	0.0112268	0	0	0	0.655964	0	-0.426642	-237.002	0	213.464	213.464	-2.13163e-14	12.4428	0	0	0	0	0	0	0	0	0	0	0	0	0	0	0	0	0	0	0	0	0	0	0	0	0	0	0	0	0	0	0	0	0	
1	1	1	843	25.29		300	0	0	-0.04215	0.0157448	0.0157448	0	0	0	-170.825	-0.000299901	-0.000299901	0	0	0	5.19704	-6.4309	0	11.6279		300	0.656522	-0.0287306	0.0112441	0.0112441	0	0	0	0.656522	0	-0.426642	-237.002	0	213.464	213.464	-2.13163e-14	12.4428	0	0	0	0	0	0	0	0	0	0	0	0	0	0	0	0	0	0	0	0	0	0	0	0	0	0	0	0	0	0	0	0	0	
1	1	1	844	25.32		300	0	0	-0.0422	0.0157641	0.0157641	0	0	0	-170.9	-0.000300191	-0.000300191	0	0	0	5.20559	-6.42929	0	11.6349		300	0.657079	-0.0287746	0.0112613	0.0112613	0	0	0	0.657079	0	-0.426642	-237.002	0	213.464	213.464	-2.13163e-14	12.4428	0	0	0	0	0	0	0	0	0	0	0	0	0	0	0	0	0	0	0	0	0	0	0	0	0	0	0	0	0	0	0	0	0	
1	1	1	845	25.35		300	0	0	-0.04225	0.0157833	0.0157833	0	0	0	-170.976	-0.000300481	-0.000300481	0	0	0	5.21413	-6.42768	0	11.6418		300	0.657635	-0.0288187	0.0112785	0.0112785	0	0	0	0.657635	0	-0.426642	-237.002	0	213.464	213.464	-2.13163e-14	12.4428	0	0	0	0	0	0	0	0	0	0	0	0	0	0	0	0	0	0	0	0	0	0	0	0	0	0	0	0	0	0	0	0	0	
1	1	1	846	25.38		300	0	0	-0.0423	0.0158026	0.0158026	0	0	0	-171.052	-0.00030077	-0.00030077	0	0	0	5.22268	-6.42606	0	11.6487		300	0.658191	-0.0288628	0.0112958	0.0112958	0	0	0	0.658191	0	-0.426642	-237.002	0	213.464	213.464	-2.13163e-14	12.4428	0	0	0	0	0	0	0	0	0	0	0	0	0	0	0	0	0	0	0	0	0	0	0	0	0	0	0	0	0	0	0	0	0	
1	1	1	847	25.41		300	0	0	-0.04235	0.0158218	0.0158218	0	0	0	-171.127	-0.00030106	-0.00030106	0	0	0	5.23124	-6.42443	0	11.6557		300	0.658748	-0.0289068	0.011313	0.011313	0	0	0	0.658748	0	-0.426642	-237.002	0	213.464	213.464	-2.13163e-14	12.4428	0	0	0	0	0	0	0	0	0	0	0	0	0	0	0	0	0	0	0	0	0	0	0	0	0	0	0	0	0	0	0	0	0	
1	1	1	848	25.44		300	0	0	-0.0424	0.015841	0.015841	0	0	0	-171.203	-0.000301348	-0.000301348	0	0	0	5.2398	-6.4228	0	11.6626		300	0.659303	-0.0289509	0.0113303	0.0113303	0	0	0	0.659303	0	-0.426642	-237.002	0	213.464	213.464	-2.13163e-14	12.4428	0	0	0	0	0	0	0	0	0	0	0	0	0	0	0	0	0	0	0	0	0	0	0	0	0	0	0	0	0	0	0	0	0	
1	1	1	849	25.47		300	0	0	-0.04245	0.0158603	0.0158603	0	0	0	-171.279	-0.000301637	-0.000301637	0	0	0	5.24836	-6.42116	0	11.6695		300	0.659859	-0.0289949	0.0113475	0.0113475	0	0	0	0.659859	0	-0.426642	-237.002	0	213.464	213.464	-2.13163e-14	12.4428	0	0	0	0	0	0	0	0	0	0	0	0	0	0	0	0	0	0	0	0	0	0	0	0	0	0	0	0	0	0	0	0	0	
1	1	1	850	25.5		300	0	0	-0.0425	0.0158795	0.0158795	0	0	0	-171.354	-0.000301925	-0.000301925	0	0	0	5.25692	-6.41951	0	11.6764		300	0.660414	-0.029039	0.0113648	0.0113648	0	0	0	0.660414	0	-0.426642	-237.002	0	213.464	213.464	-2.13163e-14	12.4428	0	0	0	0	0	0	0	0	0	0	0	0	0	0	0	0	0	0	0	0	0	0	0	0	0	0	0	0	0	0	0	0	0	
1	1	1	851	25.53		300	0	0	-0.04255	0.0158987	0.0158987	0	0	0	-171.43	-0.000302213	-0.000302213	0	0	0	5.26549	-6.41785	0	11.6833		300	0.660969	-0.029083	0.011382	0.011382	0	0	0	0.660969	0	-0.426642	-237.002	0	213.464	213.464	-2.13163e-14	12.4428	0	0	0	0	0	0	0	0	0	0	0	0	0	0	0	0	0	0	0	0	0	0	0	0	0	0	0	0	0	0	0	0	0	
1	1	1	852	25.56		300	0	0	-0.0426	0.015918	0.015918	0	0	0	-171.506	-0.000302501	-0.000302501	0	0	0	5.27407	-6.41619	0	11.6903		300	0.661524	-0.0291271	0.0113992	0.0113992	0	0	0	0.661524	0	-0.426642	-237.002	0	213.464	213.464	-2.13163e-14	12.4428	0	0	0	0	0	0	0	0	0	0	0	0	0	0	0	0	0	0	0	0	0	0	0	0	0	0	0	0	0	0	0	0	0	
1	1	1	853	25.59		300	0	0	-0.04265	0.0159372	0.0159372	0	0	0	-171.581	-0.000302788	-0.000302788	0	0	0	5.28264	-6.41452	0	11.6972		300	0.662078	-0.0291712	0.0114165	0.0114165	0	0	0	0.662078	0	-0.426642	-237.002	0	213.464	213.464	-2.13163e-14	12.4428	0	0	0	0	0	0	0	0	0	0	0	0	0	0	0	0	0	0	0	0	0	0	0	0	0	0	0	0	0	0	0	0	0	
1	1	1	854	25.62		300	0	0	-0.0427	0.0159564	0.0159564	0	0	0	-171.657	-0.000303075	-0.000303075	0	0	0	5.29122	-6.41284	0	11.7041		300	0.662632	-0.0292152	0.0114337	0.0114337	0	0	0	0.662632	0	-0.426642	-237.002	0	213.464	213.464	-2.13163e-14	12.4428	0	0	0	0	0	0	0	0	0	0	0	0	0	0	0	0	0	0	0	0	0	0	0	0	0	0	0	0	0	0	0	0	0	
1	1	1	855	25.65		300	0	0	-0.04275	0.0159757	0.0159757	0	0	0	-171.733	-0.000303362	-0.000303362	0	0	0	5.29981	-6.41116	0	11.711		300	0.663186	-0.0292593	0.011451	0.011451	0	0	0	0.663186	0	-0.426642	-237.002	0	213.464	213.464	-2.13163e-14	12.4428	0	0	0	0	0	0	0	0	0	0	0	0	0	0	0	0	0	0	0	0	0	0	0	0	0	0	0	0	0	0	0	0	0	
1	1	1	856	25.68		300	0	0	-0.0428	0.0159949	0.0159949	0	0	0	-171.808	-0.000303648	-0.000303648	0	0	0	5.3084	-6.40946	0	11.7179		300	0.663739	-0.0293033	0.0114682	0.0114682	0	0	0	0.663739	0	-0.426642	-237.002	0	213.464	213.464	-2.13163e-14	12.4428	0	0	0	0	0	0	0	0	0	0	0	0	0	0	0	0	0	0	0	0	0	0	0	0	0	0	0	0	0	0	0	0	0	
1	1	1	857	25.71		300	0	0	-0.04285	0.0160141	0.0160141	0	0	0	-171.884	-0.000303934	-0.000303934	0	0	0	5.31699	-6.40777	0	11.7248		300	0.664293	-0.0293474	0.0114854	0.0114854	0	0	0	0.664293	0	-0.426642	-237.002	0	213.464	213.464	-2.13163e-14	12.4428	0	0	0	0	0	0	0	0	0	0	0	0	0	0	0	0	0	0	0	0	0	0	0	0	0	0	0	0	0	0	0	0	0	
1	1	1	858	25.74		300	0	0	-0.0429	0.0160334	0.0160334	0	0	0	-171.96	-0.00030422	-0.00030422	0	0	0	5.32559	-6.40606	0	11.7316		300	0.664846	-0.0293914	0.0115027	0.0115027	0	0	0	0.664846	0	-0.426642	-237.002	0	213.464	213.464	-2.13163e-14	12.4428	0	0	0	0	0	0	0	0	0	0	0	0	0	0	0	0	0	0	0	0	0	0	0	0	0	0	0	0	0	0	0	0	0	
1	1	1	859	25.77		300	0	0	-0.04295	0.0160526	0.0160526	0	0	0	-172.036	-0.000304505	-0.000304505	0	0	0	5.33419	-6.40434	0	11.7385		300	0.665398	-0.0294355	0.0115199	0.0115199	0	0	0	0.665398	0	-0.426642	-237.002	0	213.464	213.464	-2.13163e-14	12.4428	0	0	0	0	0	0	0	0	0	0	0	0	0	0	0	0	0	0	0	0	0	0	0	0	0	0	0	0	0	0	0	0	0	
1	1	1	860	25.8		300	0	0	-0.043	0.0160718	0.0160718	0	0	0	-172.111	-0.000304791	-0.000304791	0	0	0	5.34279	-6.40262	0	11.7454		300	0.665951	-0.0294795	0.0115371	0.0115371	0	0	0	0.665951	0	-0.426642	-237.002	0	213.464	213.464	-2.13163e-14	12.4428	0	0	0	0	0	0	0	0	0	0	0	0	0	0	0	0	0	0	0	0	0	0	0	0	0	0	0	0	0	0	0	0	0	
1	1	1	861	25.83		300	0	0	-0.04305	0.0160911	0.0160911	0	0	0	-172.187	-0.000305075	-0.000305075	0	0	0	5.3514	-6.4009	0	11.7523		300	0.666503	-0.0295236	0.0115544	0.0115544	0	0	0	0.666503	0	-0.426642	-237.002	0	213.464	213.464	-2.13163e-14	12.4428	0	0	0	0	0	0	0	0	0	0	0	0	0	0	0	0	0	0	0	0	0	0	0	0	0	0	0	0	0	0	0	0	0	
1	1	1	862	25.86		300	0	0	-0.0431	0.0161103	0.0161103	0	0	0	-172.263	-0.00030536	-0.00030536	0	0	0	5.36001	-6.39916	0	11.7592		300	0.667055	-0.0295676	0.0115716	0.0115716	0	0	0	0.667055	0	-0.426642	-237.002	0	213.464	213.464	-2.13163e-14	12.4428	0	0	0	0	0	0	0	0	0	0	0	0	0	0	0	0	0	0	0	0	0	0	0	0	0	0	0	0	0	0	0	0	0	
1	1	1	863	25.89		300	0	0	-0.04315	0.0161295	0.0161295	0	0	0	-172.339	-0.000305644	-0.000305644	0	0	0	5.36862	-6.39742	0	11.766		300	0.667607	-0.0296117	0.0115889	0.0115889	0	0	0	0.667607	0	-0.426642	-237.002	0	213.464	213.464	-2.13163e-14	12.4428	0	0	0	0	0	0	0	0	0	0	0	0	0	0	0	0	0	0	0	0	0	0	0	0	0	0	0	0	0	0	0	0	0	
1	1	1	864	25.92		300	0	0	-0.0432	0.0161488	0.0161488	0	0	0	-172.414	-0.000305928	-0.000305928	0	0	0	5.37724	-6.39567	0	11.7729		300	0.668158	-0.0296557	0.0116061	0.0116061	0	0	0	0.668158	0	-0.426642	-237.002	0	213.464	213.464	-2.13163e-14	12.4428	0	0	0	0	0	0	0	0	0	0	0	0	0	0	0	0	0	0	0	0	0	0	0	0	0	0	0	0	0	0	0	0	0	
1	1	1	865	25.95		300	0	0	-0.04325	0.016168	0.016168	0	0	0	-172.49	-0.000306212	-0.000306212	0	0	0	5.38587	-6.39391	0	11.7798		300	0.668709	-0.0296997	0.0116233	0.0116233	0	0	0	0.668709	0	-0.426642	-237.002	0	213.464	213.464	-2.13163e-14	12.4428	0	0	0	0	0	0	0	0	0	0	0	0	0	0	0	0	0	0	0	0	0	0	0	0	0	0	0	0	0	0	0	0	0	
1	1	1	866	25.98		300	0	0	-0.0433	0.0161872	0.0161872	0	0	0	-172.566	-0.000306495	-0.000306495	0	0	0	5.39449	-6.39215	0	11.7866		300	0.66926	-0.0297438	0.0116406	0.0116406	0	0	0	0.66926	0	-0.426642	-237.002	0	213.464	213.464	-2.13163e-14	12.4428	0	0	0	0	0	0	0	0	0	0	0	0	0	0	0	0	0	0	0	0	0	0	0	0	0	0	0	0	0	0	0	0	0	
1	1	1	867	26.01		300	0	0	-0.04335	0.0162065	0.0162065	0	0	0	-172.642	-0.000306778	-0.000306778	0	0	0	5.40312	-6.39037	0	11.7935		300	0.66981	-0.0297878	0.0116578	0.0116578	0	0	0	0.66981	0	-0.426642	-237.002	0	213.464	213.464	-2.13163e-14	12.4428	0	0	0	0	0	0	0	0	0	0	0	0	0	0	0	0	0	0	0	0	0	0	0	0	0	0	0	0	0	0	0	0	0	
1	1	1	868	26.04		300	0	0	-0.0434	0.0162257	0.0162257	0	0	0	-172.718	-0.000307061	-0.000307061	0	0	0	5.41176	-6.38859	0	11.8004		300	0.67036	-0.0298319	0.011675	0.011675	0	0	0	0.67036	0	-0.426642	-237.002	0	213.464	213.464	-2.13163e-14	12.4428	0	0	0	0	0	0	0	0	0	0	0	0	0	0	0	0	0	0	0	0	0	0	0	0	0	0	0	0	0	0	0	0	0	
1	1	1	869	26.07		300	0	0	-0.04345	0.0162449	0.0162449	0	0	0	-172.794	-0.000307343	-0.000307343	0	0	0	5.42039	-6.38681	0	11.8072		300	0.67091	-0.0298759	0.0116923	0.0116923	0	0	0	0.67091	0	-0.426642	-237.002	0	213.464	213.464	-2.13163e-14	12.4428	0	0	0	0	0	0	0	0	0	0	0	0	0	0	0	0	0	0	0	0	0	0	0	0	0	0	0	0	0	0	0	0	0	
1	1	1	870	26.1		300	0	0	-0.0435	0.0162642	0.0162642	0	0	0	-172.869	-0.000307625	-0.000307625	0	0	0	5.42904	-6.38501	0	11.8141		300	0.67146	-0.02992	0.0117095	0.0117095	0	0	0	0.67146	0	-0.426642	-237.002	0	213.464	213.464	-2.13163e-14	12.4428	0	0	0	0	0	0	0	0	0	0	0	0	0	0	0	0	0	0	0	0	0	0	0	0	0	0	0	0	0	0	0	0	0	
1	1	1	871	26.13		300	0	0	-0.04355	0.0162834	0.0162834	0	0	0	-172.945	-0.000307907	-0.000307907	0	0	0	5.43768	-6.38321	0	11.8209		300	0.67201	-0.029964	0.0117268	0.0117268	0	0	0	0.67201	0	-0.426642	-237.002	0	213.464	213.464	-2.13163e-14	12.4428	0	0	0	0	0	0	0	0	0	0	0	0	0	0	0	0	0	0	0	0	0	0	0	0	0	0	0	0	0	0	0	0	0	
1	1	1	872	26.16		300	0	0	-0.0436	0.0163026	0.0163026	0	0	0	-173.021	-0.000308188	-0.000308188	0	0	0	5.44633	-6.38141	0	11.8277		300	0.672559	-0.030008	0.011744	0.011744	0	0	0	0.672559	0	-0.426642	-237.002	0	213.464	213.464	-2.13163e-14	12.4428	0	0	0	0	0	0	0	0	0	0	0	0	0	0	0	0	0	0	0	0	0	0	0	0	0	0	0	0	0	0	0	0	0	
1	1	1	873	26.19		300	0	0	-0.04365	0.0163219	0.0163219	0	0	0	-173.097	-0.00030847	-0.00030847	0	0	0	5.45498	-6.37959	0	11.8346		300	0.673108	-0.0300521	0.0117612	0.0117612	0	0	0	0.673108	0	-0.426642	-237.002	0	213.464	213.464	-2.13163e-14	12.4428	0	0	0	0	0	0	0	0	0	0	0	0	0	0	0	0	0	0	0	0	0	0	0	0	0	0	0	0	0	0	0	0	0	
1	1	1	874	26.22		300	0	0	-0.0437	0.0163411	0.0163411	0	0	0	-173.173	-0.00030875	-0.00030875	0	0	0	5.46364	-6.37777	0	11.8414		300	0.673656	-0.0300961	0.0117785	0.0117785	0	0	0	0.673656	0	-0.426642	-237.002	0	213.464	213.464	-2.13163e-14	12.4428	0	0	0	0	0	0	0	0	0	0	0	0	0	0	0	0	0	0	0	0	0	0	0	0	0	0	0	0	0	0	0	0	0	
1	1	1	875	26.25		300	0	0	-0.04375	0.0163604	0.0163604	0	0	0	-173.249	-0.000309031	-0.000309031	0	0	0	5.4723	-6.37594	0	11.8482		300	0.674204	-0.0301402	0.0117957	0.0117957	0	0	0	0.674204	0	-0.426642	-237.002	0	213.464	213.464	-2.13163e-14	12.4428	0	0	0	0	0	0	0	0	0	0	0	0	0	0	0	0	0	0	0	0	0	0	0	0	0	0	0	0	0	0	0	0	0	
1	1	1	876	26.28		300	0	0	-0.0438	0.0163796	0.0163796	0	0	0	-173.325	-0.000309311	-0.000309311	0	0	0	5.48096	-6.3741	0	11.8551		300	0.674752	-0.0301842	0.0118129	0.0118129	0	0	0	0.674752	0	-0.426642	-237.002	0	213.464	213.464	-2.13163e-14	12.4428	0	0	0	0	0	0	0	0	0	0	0	0	0	0	0	0	0	0	0	0	0	0	0	0	0	0	0	0	0	0	0	0	0	
1	1	1	877	26.31		300	0	0	-0.04385	0.0163988	0.0163988	0	0	0	-173.401	-0.000309591	-0.000309591	0	0	0	5.48963	-6.37226	0	11.8619		300	0.6753	-0.0302282	0.0118302	0.0118302	0	0	0	0.6753	0	-0.426642	-237.002	0	213.464	213.464	-2.13163e-14	12.4428	0	0	0	0	0	0	0	0	0	0	0	0	0	0	0	0	0	0	0	0	0	0	0	0	0	0	0	0	0	0	0	0	0	
1	1	1	878	26.34		300	0	0	-0.0439	0.0164181	0.0164181	0	0	0	-173.477	-0.000309871	-0.000309871	0	0	0	5.4983	-6.37041	0	11.8687		300	0.675848	-0.0302723	0.0118474	0.0118474	0	0	0	0.675848	0	-0.426642	-237.002	0	213.464	213.464	-2.13163e-14	12.4428	0	0	0	0	0	0	0	0	0	0	0	0	0	0	0	0	0	0	0	0	0	0	0	0	0	0	0	0	0	0	0	0	0	
1	1	1	879	26.37		300	0	0	-0.04395	0.0164373	0.0164373	0	0	0	-173.553	-0.00031015	-0.00031015	0	0	0	5.50698	-6.36855	0	11.8755		300	0.676395	-0.0303163	0.0118646	0.0118646	0	0	0	0.676395	0	-0.426642	-237.002	0	213.464	213.464	-2.13163e-14	12.4428	0	0	0	0	0	0	0	0	0	0	0	0	0	0	0	0	0	0	0	0	0	0	0	0	0	0	0	0	0	0	0	0	0	
1	1	1	880	26.4		300	0	0	-0.044	0.0164565	0.0164565	0	0	0	-173.629	-0.000310429	-0.000310429	0	0	0	5.51566	-6.36668	0	11.8823		300	0.676942	-0.0303603	0.0118819	0.0118819	0	0	0	0.676942	0	-0.426642	-237.002	0	213.464	213.464	-2.13163e-14	12.4428	0	0	0	0	0	0	0	0	0	0	0	0	0	0	0	0	0	0	0	0	0	0	0	0	0	0	0	0	0	0	0	0	0	
1	1	1	881	26.43		300	0	0	-0.04405	0.0164758	0.0164758	0	0	0	-173.705	-0.000310708	-0.000310708	0	0	0	5.52434	-6.36481	0	11.8892		300	0.677489	-0.0304044	0.0118991	0.0118991	0	0	0	0.677489	0	-0.426642	-237.002	0	213.464	213.464	-2.13163e-14	12.4428	0	0	0	0	0	0	0	0	0	0	0	0	0	0	0	0	0	0	0	0	0	0	0	0	0	0	0	0	0	0	0	0	0	
1	1	1	882	26.46		300	0	0	-0.0441	0.016495	0.016495	0	0	0	-173.781	-0.000310986	-0.000310986	0	0	0	5.53303	-6.36293	0	11.896		300	0.678035	-0.0304484	0.0119163	0.0119163	0	0	0	0.678035	0	-0.426642	-237.002	0	213.464	213.464	-2.13163e-14	12.4428	0	0	0	0	0	0	0	0	0	0	0	0	0	0	0	0	0	0	0	0	0	0	0	0	0	0	0	0	0	0	0	0	0	
1	1	1	883	26.49		300	0	0	-0.04415	0.0165142	0.0165142	0	0	0	-173.857	-0.000311264	-0.000311264	0	0	0	5.54172	-6.36104	0	11.9028		300	0.678581	-0.0304924	0.0119335	0.0119335	0	0	0	0.678581	0	-0.426642	-237.002	0	213.464	213.464	-2.13163e-14	12.4428	0	0	0	0	0	0	0	0	0	0	0	0	0	0	0	0	0	0	0	0	0	0	0	0	0	0	0	0	0	0	0	0	0	
1	1	1	884	26.52		300	0	0	-0.0442	0.0165335	0.0165335	0	0	0	-173.933	-0.000311542	-0.000311542	0	0	0	5.55042	-6.35915	0	11.9096		300	0.679127	-0.0305364	0.0119508	0.0119508	0	0	0	0.679127	0	-0.426642	-237.002	0	213.464	213.464	-2.13163e-14	12.4428	0	0	0	0	0	0	0	0	0	0	0	0	0	0	0	0	0	0	0	0	0	0	0	0	0	0	0	0	0	0	0	0	0	
1	1	1	885	26.55		300	0	0	-0.04425	0.0165527	0.0165527	0	0	0	-174.009	-0.00031182	-0.00031182	0	0	0	5.55911	-6.35725	0	11.9164		300	0.679672	-0.0305805	0.011968	0.011968	0	0	0	0.679672	0	-0.426642	-237.002	0	213.464	213.464	-2.13163e-14	12.4428	0	0	0	0	0	0	0	0	0	0	0	0	0	0	0	0	0	0	0	0	0	0	0	0	0	0	0	0	0	0	0	0	0	
1	1	1	886	26.58		300	0	0	-0.0443	0.0165719	0.0165719	0	0	0	-174.085	-0.000312097	-0.000312097	0	0	0	5.56782	-6.35534	0	11.9232		300	0.680218	-0.0306245	0.0119852	0.0119852	0	0	0	0.680218	0	-0.426642	-237.002	0	213.464	213.464	-2.13163e-14	12.4428	0	0	0	0	0	0	0	0	0	0	0	0	0	0	0	0	0	0	0	0	0	0	0	0	0	0	0	0	0	0	0	0	0	
1	1	1	887	26.61		300	0	0	-0.04435	0.0165912	0.0165912	0	0	0	-174.161	-0.000312374	-0.000312374	0	0	0	5.57652	-6.35342	0	11.9299		300	0.680763	-0.0306685	0.0120025	0.0120025	0	0	0	0.680763	0	-0.426642	-237.002	0	213.464	213.464	-2.13163e-14	12.4428	0	0	0	0	0	0	0	0	0	0	0	0	0	0	0	0	0	0	0	0	0	0	0	0	0	0	0	0	0	0	0	0	0	
1	1	1	888	26.64		300	0	0	-0.0444	0.0166104	0.0166104	0	0	0	-174.237	-0.00031265	-0.00031265	0	0	0	5.58523	-6.3515	0	11.9367		300	0.681308	-0.0307125	0.0120197	0.0120197	0	0	0	0.681308	0	-0.426642	-237.002	0	213.464	213.464	-2.13163e-14	12.4428	0	0	0	0	0	0	0	0	0	0	0	0	0	0	0	0	0	0	0	0	0	0	0	0	0	0	0	0	0	0	0	0	0	
1	1	1	889	26.67		300	0	0	-0.04445	0.0166296	0.0166296	0	0	0	-174.313	-0.000312926	-0.000312926	0	0	0	5.59395	-6.34957	0	11.9435		300	0.681852	-0.0307566	0.0120369	0.0120369	0	0	0	0.681852	0	-0.426642	-237.002	0	213.464	213.464	-2.13163e-14	12.4428	0	0	0	0	0	0	0	0	0	0	0	0	0	0	0	0	0	0	0	0	0	0	0	0	0	0	0	0	0	0	0	0	0	
1	1	1	890	26.7		300	0	0	-0.0445	0.0166488	0.0166488	0	0	0	-174.389	-0.000313202	-0.000313202	0	0	0	5.60266	-6.34763	0	11.9503		300	0.682396	-0.0308006	0.0120541	0.0120541	0	0	0	0.682396	0	-0.426642	-237.002	0	213.464	213.464	-2.13163e-14	12.4428	0	0	0	0	0	0	0	0	0	0	0	0	0	0	0	0	0	0	0	0	0	0	0	0	0	0	0	0	0	0	0	0	0	
1	1	1	891	26.73		300	0	0	-0.04455	0.0166681	0.0166681	0	0	0	-174.465	-0.000313478	-0.000313478	0	0	0	5.61139	-6.34569	0	11.9571		300	0.68294	-0.0308446	0.0120714	0.0120714	0	0	0	0.68294	0	-0.426642	-237.002	0	213.464	213.464	-2.13163e-14	12.4428	0	0	0	0	0	0	0	0	0	0	0	0	0	0	0	0	0	0	0	0	0	0	0	0	0	0	0	0	0	0	0	0	0	
1	1	1	892	26.76		300	0	0	-0.0446	0.0166873	0.0166873	0	0	0	-174.542	-0.000313753	-0.000313753	0	0	0	5.62011	-6.34374	0	11.9638		300	0.683484	-0.0308886	0.0120886	0.0120886	0	0	0	0.683484	0	-0.426642	-237.002	0	213.464	213.464	-2.13163e-14	12.4428	0	0	0	0	0	0	0	0	0	0	0	0	0	0	0	0	0	0	0	0	0	0	0	0	0	0	0	0	0	0	0	0	0	
1	1	1	893	26.79		300	0	0	-0.04465	0.0167065	0.0167065	0	0	0	-174.618	-0.000314028	-0.000314028	0	0	0	5.62884	-6.34178	0	11.9706		300	0.684027	-0.0309326	0.0121058	0.0121058	0	0	0	0.684027	0	-0.426642	-237.002	0	213.464	213.464	-2.13163e-14	12.4428	0	0	0	0	0	0	0	0	0	0	0	0	0	0	0	0	0	0	0	0	0	0	0	0	0	0	0	0	0	0	0	0	0	
1	1	1	894	26.82		300	0	0	-0.0447	0.0167258	0.0167258	0	0	0	-174.694	-0.000314303	-0.000314303	0	0	0	5.63757	-6.33981	0	11.9774		300	0.68457	-0.0309766	0.012123	0.012123	0	0	0	0.68457	0	-0.426642	-237.002	0	213.464	213.464	-2.13163e-14	12.4428	0	0	0	0	0	0	0	0	0	0	0	0	0	0	0	0	0	0	0	0	0	0	0	0	0	0	0	0	0	0	0	0	0	
1	1	1	895	26.85		300	0	0	-0.04475	0.016745	0.016745	0	0	0	-174.77	-0.000314578	-0.000314578	0	0	0	5.64631	-6.33784	0	11.9841		300	0.685113	-0.0310207	0.0121403	0.0121403	0	0	0	0.685113	0	-0.426642	-237.002	0	213.464	213.464	-2.13163e-14	12.4428	0	0	0	0	0	0	0	0	0	0	0	0	0	0	0	0	0	0	0	0	0	0	0	0	0	0	0	0	0	0	0	0	0	
1	1	1	896	26.88		300	0	0	-0.0448	0.0167642	0.0167642	0	0	0	-174.846	-0.000314852	-0.000314852	0	0	0	5.65505	-6.33586	0	11.9909		300	0.685656	-0.0310647	0.0121575	0.0121575	0	0	0	0.685656	0	-0.426642	-237.002	0	213.464	213.464	-2.13163e-14	12.4428	0	0	0	0	0	0	0	0	0	0	0	0	0	0	0	0	0	0	0	0	0	0	0	0	0	0	0	0	0	0	0	0	0	
1	1	1	897	26.91		300	0	0	-0.04485	0.0167835	0.0167835	0	0	0	-174.923	-0.000315125	-0.000315125	0	0	0	5.66379	-6.33387	0	11.9977		300	0.686198	-0.0311087	0.0121747	0.0121747	0	0	0	0.686198	0	-0.426642	-237.002	0	213.464	213.464	-2.13163e-14	12.4428	0	0	0	0	0	0	0	0	0	0	0	0	0	0	0	0	0	0	0	0	0	0	0	0	0	0	0	0	0	0	0	0	0	
1	1	1	898	26.94		300	0	0	-0.0449	0.0168027	0.0168027	0	0	0	-174.999	-0.000315399	-0.000315399	0	0	0	5.67254	-6.33187	0	12.0044		300	0.68674	-0.0311527	0.0121919	0.0121919	0	0	0	0.68674	0	-0.426642	-237.002	0	213.464	213.464	-2.13163e-14	12.4428	0	0	0	0	0	0	0	0	0	0	0	0	0	0	0	0	0	0	0	0	0	0	0	0	0	0	0	0	0	0	0	0	0	
1	1	1	899	26.97		300	0	0	-0.04495	0.0168219	0.0168219	0	0	0	-175.075	-0.000315672	-0.000315672	0	0	0	5.68129	-6.32987	0	12.0112		300	0.687282	-0.0311967	0.0122092	0.0122092	0	0	0	0.687282	0	-0.426642	-237.002	0	213.464	213.464	-2.13163e-14	12.4428	0	0	0	0	0	0	0	0	0	0	0	0	0	0	0	0	0	0	0	0	0	0	0	0	0	0	0	0	0	0	0	0	0	
1	1	1	900	27		300	0	0	-0.045	0.0168412	0.0168412	0	0	0	-175.151	-0.000315945	-0.000315945	0	0	0	5.69005	-6.32786	0	12.0179		300	0.687823	-0.0312407	0.0122264	0.0122264	0	0	0	0.687823	0	-0.426642	-237.002	0	213.464	213.464	-2.13163e-14	12.4428	0	0	0	0	0	0	0	0	0	0	0	0	0	0	0	0	0	0	0	0	0	0	0	0	0	0	0	0	0	0	0	0	0	
1	1	1	901	27.03		300	0	0	-0.04505	0.0168604	0.0168604	0	0	0	-175.228	-0.000316218	-0.000316218	0	0	0	5.69881	-6.32585	0	12.0247		300	0.688365	-0.0312847	0.0122436	0.0122436	0	0	0	0.688365	0	-0.426642	-237.002	0	213.464	213.464	-2.13163e-14	12.4428	0	0	0	0	0	0	0	0	0	0	0	0	0	0	0	0	0	0	0	0	0	0	0	0	0	0	0	0	0	0	0	0	0	
1	1	1	902	27.06		300	0	0	-0.0451	0.0168796	0.0168796	0	0	0	-175.304	-0.00031649	-0.00031649	0	0	0	5.70757	-6.32382	0	12.0314		300	0.688906	-0.0313287	0.0122608	0.0122608	0	0	0	0.688906	0	-0.426642	-237.002	0	213.464	213.464	-2.13163e-14	12.4428	0	0	0	0	0	0	0	0	0	0	0	0	0	0	0	0	0	0	0	0	0	0	0	0	0	0	0	0	0	0	0	0	0	
1	1	1	903	27.09		300	0	0	-0.04515	0.0168989	0.0168989	0	0	0	-175.38	-0.000316762	-0.000316762	0	0	0	5.71634	-6.32179	0	12.0381		300	0.689446	-0.0313727	0.012278	0.012278	0	0	0	0.689446	0	-0.426642	-237.002	0	213.464	213.464	-2.13163e-14	12.4428	0	0	0	0	0	0	0	0	0	0	0	0	0	0	0	0	0	0	0	0	0	0	0	0	0	0	0	0	0	0	0	0	0	
1	1	1	904	27.12		300	0	0	-0.0452	0.0169181	0.0169181	0	0	0	-175.457	-0.000317034	-0.000317034	0	0	0	5.72511	-6.31975	0	12.0449		300	0.689987	-0.0314167	0.0122953	0.0122953	0	0	0	0.689987	0	-0.426642	-237.002	0	213.464	213.464	-2.13163e-14	12.4428	0	0	0	0	0	0	0	0	0	0	0	0	0	0	0	0	0	0	0	0	0	0	0	0	0	0	0	0	0	0	0	0	0	
1	1	1	905	27.15		300	0	0	-0.04525	0.0169373	0.0169373	0	0	0	-175.533	-0.000317305	-0.000317305	0	0	0	5.73388	-6.31771	0	12.0516		300	0.690527	-0.0314607	0.0123125	0.0123125	0	0	0	0.690527	0	-0.426642	-237.002	0	213.464	213.464	-2.13163e-14	12.4428	0	0	0	0	0	0	0	0	0	0	0	0	0	0	0	0	0	0	0	0	0	0	0	0	0	0	0	0	0	0	0	0	0	
1	1	1	906	27.18		300	0	0	-0.0453	0.0169566	0.0169566	0	0	0	-175.61	-0.000317576	-0.000317576	0	0	0	5.74266	-6.31565	0	12.0583		300	0.691067	-0.0315047	0.0123297	0.0123297	0	0	0	0.691067	0	-0.426642	-237.002	0	213.464	213.464	-2.13163e-14	12.4428	0	0	0	0	0	0	0	0	0	0	0	0	0	0	0	0	0	0	0	0	0	0	0	0	0	0	0	0	0	0	0	0	0	
1	1	1	907	27.21		300	0	0	-0.04535	0.0169758	0.0169758	0	0	0	-175.686	-0.000317847	-0.000317847	0	0	0	5.75145	-6.31359	0	12.065		300	0.691606	-0.0315487	0.0123469	0.0123469	0	0	0	0.691606	0	-0.426642	-237.002	0	213.464	213.464	-2.13163e-14	12.4428	0	0	0	0	0	0	0	0	0	0	0	0	0	0	0	0	0	0	0	0	0	0	0	0	0	0	0	0	0	0	0	0	0	
1	1	1	908	27.24		300	0	0	-0.0454	0.016995	0.016995	0	0	0	-175.763	-0.000318117	-0.000318117	0	0	0	5.76023	-6.31153	0	12.0718		300	0.692146	-0.0315927	0.0123641	0.0123641	0	0	0	0.692146	0	-0.426642	-237.002	0	213.464	213.464	-2.13163e-14	12.4428	0	0	0	0	0	0	0	0	0	0	0	0	0	0	0	0	0	0	0	0	0	0	0	0	0	0	0	0	0	0	0	0	0	
1	1	1	909	27.27		300	0	0	-0.04545	0.0170143	0.0170143	0	0	0	-175.839	-0.000318387	-0.000318387	0	0	0	5.76902	-6.30945	0	12.0785		300	0.692685	-0.0316367	0.0123814	0.0123814	0	0	0	0.692685	0	-0.426642	-237.002	0	213.464	213.464	-2.13163e-14	12.4428	0	0	0	0	0	0	0	0	0	0	0	0	0	0	0	0	0	0	0	0	0	0	0	0	0	0	0	0	0	0	0	0	0	
1	1	1	910	27.3		300	0	0	-0.0455	0.0170335	0.0170335	0	0	0	-175.916	-0.000318657	-0.000318657	0	0	0	5.77782	-6.30737	0	12.0852		300	0.693223	-0.0316807	0.0123986	0.0123986	0	0	0	0.693223	0	-0.426642	-237.002	0	213.464	213.464	-2.13163e-14	12.4428	0	0	0	0	0	0	0	0	0	0	0	0	0	0	0	0	0	0	0	0	0	0	0	0	0	0	0	0	0	0	0	0	0	
1	1	1	911	27.33		300	0	0	-0.04555	0.0170527	0.0170527	0	0	0	-175.992	-0.000318927	-0.000318927	0	0	0	5.78661	-6.30528	0	12.0919		300	0.693762	-0.0317247	0.0124158	0.0124158	0	0	0	0.693762	0	-0.426642	-237.002	0	213.464	213.464	-2.13163e-14	12.4428	0	0	0	0	0	0	0	0	0	0	0	0	0	0	0	0	0	0	0	0	0	0	0	0	0	0	0	0	0	0	0	0	0	
1	1	1	912	27.36		300	0	0	-0.0456	0.0170719	0.0170719	0	0	0	-176.069	-0.000319196	-0.000319196	0	0	0	5.79541	-6.30319	0	12.0986		300	0.6943	-0.0317686	0.012433	0.012433	0	0	0	0.6943	0	-0.426642	-237.002	0	213.464	213.464	-2.13163e-14	12.4428	0	0	0	0	0	0	0	0	0	0	0	0	0	0	0	0	0	0	0	0	0	0	0	0	0	0	0	0	0	0	0	0	0	
1	1	1	913	27.39		300	0	0	-0.04565	0.0170912	0.0170912	0	0	0	-176.145	-0.000319465	-0.000319465	0	0	0	5.80422	-6.30109	0	12.1053		300	0.694838	-0.0318126	0.0124502	0.0124502	0	0	0	0.694838	0	-0.426642	-237.002	0	213.464	213.464	-2.13163e-14	12.4428	0	0	0	0	0	0	0	0	0	0	0	0	0	0	0	0	0	0	0	0	0	0	0	0	0	0	0	0	0	0	0	0	0	
1	1	1	914	27.42		300	0	0	-0.0457	0.0171104	0.0171104	0	0	0	-176.222	-0.000319733	-0.000319733	0	0	0	5.81303	-6.29898	0	12.112		300	0.695376	-0.0318566	0.0124674	0.0124674	0	0	0	0.695376	0	-0.426642	-237.002	0	213.464	213.464	-2.13163e-14	12.4428	0	0	0	0	0	0	0	0	0	0	0	0	0	0	0	0	0	0	0	0	0	0	0	0	0	0	0	0	0	0	0	0	0	
1	1	1	915	27.45		300	0	0	-0.04575	0.0171296	0.0171296	0	0	0	-176.298	-0.000320002	-0.000320002	0	0	0	5.82184	-6.29686	0	12.1187		300	0.695913	-0.0319006	0.0124846	0.0124846	0	0	0	0.695913	0	-0.426642	-237.002	0	213.464	213.464	-2.13163e-14	12.4428	0	0	0	0	0	0	0	0	0	0	0	0	0	0	0	0	0	0	0	0	0	0	0	0	0	0	0	0	0	0	0	0	0	
1	1	1	916	27.48		300	0	0	-0.0458	0.0171489	0.0171489	0	0	0	-176.375	-0.00032027	-0.00032027	0	0	0	5.83066	-6.29473	0	12.1254		300	0.696451	-0.0319446	0.0125018	0.0125018	0	0	0	0.696451	0	-0.426642	-237.002	0	213.464	213.464	-2.13163e-14	12.4428	0	0	0	0	0	0	0	0	0	0	0	0	0	0	0	0	0	0	0	0	0	0	0	0	0	0	0	0	0	0	0	0	0	
1	1	1	917	27.51		300	0	0	-0.04585	0.0171681	0.0171681	0	0	0	-176.452	-0.000320538	-0.000320538	0	0	0	5.83948	-6.2926	0	12.1321		300	0.696987	-0.0319886	0.0125191	0.0125191	0	0	0	0.696987	0	-0.426642	-237.002	0	213.464	213.464	-2.13163e-14	12.4428	0	0	0	0	0	0	0	0	0	0	0	0	0	0	0	0	0	0	0	0	0	0	0	0	0	0	0	0	0	0	0	0	0	
1	1	1	918	27.54		300	0	0	-0.0459	0.0171873	0.0171873	0	0	0	-176.528	-0.000320805	-0.000320805	0	0	0	5.8483	-6.29046	0	12.1388		300	0.697524	-0.0320325	0.0125363	0.0125363	0	0	0	0.697524	0	-0.426642	-237.002	0	213.464	213.464	-2.13163e-14	12.4428	0	0	0	0	0	0	0	0	0	0	0	0	0	0	0	0	0	0	0	0	0	0	0	0	0	0	0	0	0	0	0	0	0	
1	1	1	919	27.57		300	0	0	-0.04595	0.0172066	0.0172066	0	0	0	-176.605	-0.000321072	-0.000321072	0	0	0	5.85713	-6.28832	0	12.1454		300	0.69806	-0.0320765	0.0125535	0.0125535	0	0	0	0.69806	0	-0.426642	-237.002	0	213.464	213.464	-2.13163e-14	12.4428	0	0	0	0	0	0	0	0	0	0	0	0	0	0	0	0	0	0	0	0	0	0	0	0	0	0	0	0	0	0	0	0	0	
1	1	1	920	27.6		300	0	0	-0.046	0.0172258	0.0172258	0	0	0	-176.682	-0.000321339	-0.000321339	0	0	0	5.86596	-6.28616	0	12.1521		300	0.698596	-0.0321205	0.0125707	0.0125707	0	0	0	0.698596	0	-0.426642	-237.002	0	213.464	213.464	-2.13163e-14	12.4428	0	0	0	0	0	0	0	0	0	0	0	0	0	0	0	0	0	0	0	0	0	0	0	0	0	0	0	0	0	0	0	0	0	
1	1	1	921	27.63		300	0	0	-0.04605	0.017245	0.017245	0	0	0	-176.758	-0.000321605	-0.000321605	0	0	0	5.8748	-6.284	0	12.1588		300	0.699132	-0.0321645	0.0125879	0.0125879	0	0	0	0.699132	0	-0.426642	-237.002	0	213.464	213.464	-2.13163e-14	12.4428	0	0	0	0	0	0	0	0	0	0	0	0	0	0	0	0	0	0	0	0	0	0	0	0	0	0	0	0	0	0	0	0	0	
1	1	1	922	27.66		300	0	0	-0.0461	0.0172643	0.0172643	0	0	0	-176.835	-0.000321871	-0.000321871	0	0	0	5.88364	-6.28184	0	12.1655		300	0.699668	-0.0322084	0.0126051	0.0126051	0	0	0	0.699668	0	-0.426642	-237.002	0	213.464	213.464	-2.13163e-14	12.4428	0	0	0	0	0	0	0	0	0	0	0	0	0	0	0	0	0	0	0	0	0	0	0	0	0	0	0	0	0	0	0	0	0	
1	1	1	923	27.69		300	0	0	-0.04615	0.0172835	0.0172835	0	0	0	-176.912	-0.000322137	-0.000322137	0	0	0	5.89248	-6.27966	0	12.1721		300	0.700203	-0.0322524	0.0126223	0.0126223	0	0	0	0.700203	0	-0.426642	-237.002	0	213.464	213.464	-2.13163e-14	12.4428	0	0	0	0	0	0	0	0	0	0	0	0	0	0	0	0	0	0	0	0	0	0	0	0	0	0	0	0	0	0	0	0	0	
1	1	1	924	27.72		300	0	0	-0.0462	0.0173027	0.0173027	0	0	0	-176.989	-0.000322403	-0.000322403	0	0	0	5.90133	-6.27748	0	12.1788		300	0.700738	-0.0322964	0.0126395	0.0126395	0	0	0	0.700738	0	-0.426642	-237.002	0	213.464	213.464	-2.13163e-14	12.4428	0	0	0	0	0	0	0	0	0	0	0	0	0	0	0	0	0	0	0	0	0	0	0	0	0	0	0	0	0	0	0	0	0	
1	1	1	925	27.75		300	0	0	-0.04625	0.0173219	0.0173219	0	0	0	-177.066	-0.000322668	-0.000322668	0	0	0	5.91018	-6.27529	0	12.1855		300	0.701273	-0.0323403	0.0126567	0.0126567	0	0	0	0.701273	0	-0.426642	-237.002	0	213.464	213.464	-2.13163e-14	12.4428	0	0	0	0	0	0	0	0	0	0	0	0	0	0	0	0	0	0	0	0	0	0	0	0	0	0	0	0	0	0	0	0	0	
1	1	1	926	27.78		300	0	0	-0.0463	0.0173412	0.0173412	0	0	0	-177.143	-0.000322933	-0.000322933	0	0	0	5.91904	-6.27309	0	12.1921		300	0.701807	-0.0323843	0.0126739	0.0126739	0	0	0	0.701807	0	-0.426642	-237.002	0	213.464	213.464	-2.13163e-14	12.4428	0	0	0	0	0	0	0	0	0	0	0	0	0	0	0	0	0	0	0	0	0	0	0	0	0	0	0	0	0	0	0	0	0	
1	1	1	927	27.81		300	0	0	-0.04635	0.0173604	0.0173604	0	0	0	-177.219	-0.000323198	-0.000323198	0	0	0	5.9279	-6.27089	0	12.1988		300	0.702342	-0.0324282	0.0126911	0.0126911	0	0	0	0.702342	0	-0.426642	-237.002	0	213.464	213.464	-2.13163e-14	12.4428	0	0	0	0	0	0	0	0	0	0	0	0	0	0	0	0	0	0	0	0	0	0	0	0	0	0	0	0	0	0	0	0	0	
1	1	1	928	27.84		300	0	0	-0.0464	0.0173796	0.0173796	0	0	0	-177.296	-0.000323462	-0.000323462	0	0	0	5.93676	-6.26868	0	12.2054		300	0.702876	-0.0324722	0.0127083	0.0127083	0	0	0	0.702876	0	-0.426642	-237.002	0	213.464	213.464	-2.13163e-14	12.4428	0	0	0	0	0	0	0	0	0	0	0	0	0	0	0	0	0	0	0	0	0	0	0	0	0	0	0	0	0	0	0	0	0	
1	1	1	929	27.87		300	0	0	-0.04645	0.0173989	0.0173989	0	0	0	-177.373	-0.000323726	-0.000323726	0	0	0	5.94563	-6.26646	0	12.2121		300	0.703409	-0.0325162	0.0127255	0.0127255	0	0	0	0.703409	0	-0.426642	-237.002	0	213.464	213.464	-2.13163e-14	12.4428	0	0	0	0	0	0	0	0	0	0	0	0	0	0	0	0	0	0	0	0	0	0	0	0	0	0	0	0	0	0	0	0	0	
1	1	1	930	27.9		300	0	0	-0.0465	0.0174181	0.0174181	0	0	0	-177.45	-0.00032399	-0.00032399	0	0	0	5.9545	-6.26424	0	12.2187		300	0.703943	-0.0325601	0.0127427	0.0127427	0	0	0	0.703943	0	-0.426642	-237.002	0	213.464	213.464	-2.13163e-14	12.4428	0	0	0	0	0	0	0	0	0	0	0	0	0	0	0	0	0	0	0	0	0	0	0	0	0	0	0	0	0	0	0	0	0	
1	1	1	931	27.93		300	0	0	-0.04655	0.0174373	0.0174373	0	0	0	-177.527	-0.000324253	-0.000324253	0	0	0	5.96337	-6.262	0	12.2254		300	0.704476	-0.0326041	0.0127599	0.0127599	0	0	0	0.704476	0	-0.426642	-237.002	0	213.464	213.464	-2.13163e-14	12.4428	0	0	0	0	0	0	0	0	0	0	0	0	0	0	0	0	0	0	0	0	0	0	0	0	0	0	0	0	0	0	0	0	0	
1	1	1	932	27.96		300	0	0	-0.0466	0.0174565	0.0174565	0	0	0	-177.604	-0.000324516	-0.000324516	0	0	0	5.97225	-6.25976	0	12.232		300	0.705009	-0.032648	0.0127771	0.0127771	0	0	0	0.705009	0	-0.426642	-237.002	0	213.464	213.464	-2.13163e-14	12.4428	0	0	0	0	0	0	0	0	0	0	0	0	0	0	0	0	0	0	0	0	0	0	0	0	0	0	0	0	0	0	0	0	0	
1	1	1	933	27.99		300	0	0	-0.04665	0.0174758	0.0174758	0	0	0	-177.681	-0.000324779	-0.000324779	0	0	0	5.98113	-6.25752	0	12.2386		300	0.705541	-0.032692	0.0127943	0.0127943	0	0	0	0.705541	0	-0.426642	-237.002	0	213.464	213.464	-2.13163e-14	12.4428	0	0	0	0	0	0	0	0	0	0	0	0	0	0	0	0	0	0	0	0	0	0	0	0	0	0	0	0	0	0	0	0	0	
1	1	1	934	28.02		300	0	0	-0.0467	0.017495	0.017495	0	0	0	-177.758	-0.000325042	-0.000325042	0	0	0	5.99002	-6.25526	0	12.2453		300	0.706074	-0.0327359	0.0128115	0.0128115	0	0	0	0.706074	0	-0.426642	-237.002	0	213.464	213.464	-2.13163e-14	12.4428	0	0	0	0	0	0	0	0	0	0	0	0	0	0	0	0	0	0	0	0	0	0	0	0	0	0	0	0	0	0	0	0	0	
1	1	1	935	28.05		300	0	0	-0.04675	0.0175142	0.0175142	0	0	0	-177.835	-0.000325304	-0.000325304	0	0	0	5.99891	-6.253	0	12.2519		300	0.706606	-0.0327798	0.0128287	0.0128287	0	0	0	0.706606	0	-0.426642	-237.002	0	213.464	213.464	-2.13163e-14	12.4428	0	0	0	0	0	0	0	0	0	0	0	0	0	0	0	0	0	0	0	0	0	0	0	0	0	0	0	0	0	0	0	0	0	
1	1	1	936	28.08		300	0	0	-0.0468	0.0175335	0.0175335	0	0	0	-177.913	-0.000325566	-0.000325566	0	0	0	6.0078	-6.25073	0	12.2585		300	0.707137	-0.0328238	0.0128459	0.0128459	0	0	0	0.707137	0	-0.426642	-237.002	0	213.464	213.464	-2.13163e-14	12.4428	0	0	0	0	0	0	0	0	0	0	0	0	0	0	0	0	0	0	0	0	0	0	0	0	0	0	0	0	0	0	0	0	0	
1	1	1	937	28.11		300	0	0	-0.04685	0.0175527	0.0175527	0	0	0	-177.99	-0.000325827	-0.000325827	0	0	0	6.0167	-6.24846	0	12.2652		300	0.707669	-0.0328677	0.0128631	0.0128631	0	0	0	0.707669	0	-0.426642	-237.002	0	213.464	213.464	-2.13163e-14	12.4428	0	0	0	0	0	0	0	0	0	0	0	0	0	0	0	0	0	0	0	0	0	0	0	0	0	0	0	0	0	0	0	0	0	
1	1	1	938	28.14		300	0	0	-0.0469	0.0175719	0.0175719	0	0	0	-178.067	-0.000326089	-0.000326089	0	0	0	6.0256	-6.24618	0	12.2718		300	0.7082	-0.0329117	0.0128803	0.0128803	0	0	0	0.7082	0	-0.426642	-237.002	0	213.464	213.464	-2.13163e-14	12.4428	0	0	0	0	0	0	0	0	0	0	0	0	0	0	0	0	0	0	0	0	0	0	0	0	0	0	0	0	0	0	0	0	0	
1	1	1	939	28.17		300	0	0	-0.04695	0.0175911	0.0175911	0	0	0	-178.144	-0.000326349	-0.000326349	0	0	0	6.03451	-6.24389	0	12.2784		300	0.708731	-0.0329556	0.0128975	0.0128975	0	0	0	0.708731	0	-0.426642	-237.002	0	213.464	213.464	-2.13163e-14	12.4428	0	0	0	0	0	0	0	0	0	0	0	0	0	0	0	0	0	0	0	0	0	0	0	0	0	0	0	0	0	0	0	0	0	
1	1	1	940	28.2		300	0	0	-0.047	0.0176104	0.0176104	0	0	0	-178.221	-0.00032661	-0.00032661	0	0	0	6.04341	-6.24159	0	12.285		300	0.709262	-0.0329995	0.0129147	0.0129147	0	0	0	0.709262	0	-0.426642	-237.002	0	213.464	213.464	-2.13163e-14	12.4428	0	0	0	0	0	0	0	0	0	0	0	0	0	0	0	0	0	0	0	0	0	0	0	0	0	0	0	0	0	0	0	0	0	
1	1	1	941	28.23		300	0	0	-0.04705	0.0176296	0.0176296	0	0	0	-178.299	-0.000326871	-0.000326871	0	0	0	6.05233	-6.23929	0	12.2916		300	0.709792	-0.0330435	0.0129319	0.0129319	0	0	0	0.709792	0	-0.426642	-237.002	0	213.464	213.464	-2.13163e-14	12.4428	0	0	0	0	0	0	0	0	0	0	0	0	0	0	0	0	0	0	0	0	0	0	0	0	0	0	0	0	0	0	0	0	0	
1	1	1	942	28.26		300	0	0	-0.0471	0.0176488	0.0176488	0	0	0	-178.376	-0.000327131	-0.000327131	0	0	0	6.06124	-6.23697	0	12.2982		300	0.710323	-0.0330874	0.0129491	0.0129491	0	0	0	0.710323	0	-0.426642	-237.002	0	213.464	213.464	-2.13163e-14	12.4428	0	0	0	0	0	0	0	0	0	0	0	0	0	0	0	0	0	0	0	0	0	0	0	0	0	0	0	0	0	0	0	0	0	
1	1	1	943	28.29		300	0	0	-0.04715	0.0176681	0.0176681	0	0	0	-178.453	-0.00032739	-0.00032739	0	0	0	6.07017	-6.23466	0	12.3048		300	0.710853	-0.0331313	0.0129663	0.0129663	0	0	0	0.710853	0	-0.426642	-237.002	0	213.464	213.464	-2.13163e-14	12.4428	0	0	0	0	0	0	0	0	0	0	0	0	0	0	0	0	0	0	0	0	0	0	0	0	0	0	0	0	0	0	0	0	0	
1	1	1	944	28.32		300	0	0	-0.0472	0.0176873	0.0176873	0	0	0	-178.531	-0.00032765	-0.00032765	0	0	0	6.07909	-6.23233	0	12.3114		300	0.711382	-0.0331752	0.0129835	0.0129835	0	0	0	0.711382	0	-0.426642	-237.002	0	213.464	213.464	-2.13163e-14	12.4428	0	0	0	0	0	0	0	0	0	0	0	0	0	0	0	0	0	0	0	0	0	0	0	0	0	0	0	0	0	0	0	0	0	
1	1	1	945	28.35		300	0	0	-0.04725	0.0177065	0.0177065	0	0	0	-178.608	-0.000327909	-0.000327909	0	0	0	6.08802	-6.23	0	12.318		300	0.711912	-0.0332192	0.0130006	0.0130006	0	0	0	0.711912	0	-0.426642	-237.002	0	213.464	213.464	-2.13163e-14	12.4428	0	0	0	0	0	0	0	0	0	0	0	0	0	0	0	0	0	0	0	0	0	0	0	0	0	0	0	0	0	0	0	0	0	
1	1	1	946	28.38		300	0	0	-0.0473	0.0177257	0.0177257	0	0	0	-178.685	-0.000328168	-0.000328168	0	0	0	6.09695	-6.22766	0	12.3246		300	0.712441	-0.0332631	0.0130178	0.0130178	0	0	0	0.712441	0	-0.426642	-237.002	0	213.464	213.464	-2.13163e-14	12.4428	0	0	0	0	0	0	0	0	0	0	0	0	0	0	0	0	0	0	0	0	0	0	0	0	0	0	0	0	0	0	0	0	0	
1	1	1	947	28.41		300	0	0	-0.04735	0.017745	0.017745	0	0	0	-178.763	-0.000328426	-0.000328426	0	0	0	6.10589	-6.22531	0	12.3312		300	0.71297	-0.033307	0.013035	0.013035	0	0	0	0.71297	0	-0.426642	-237.002	0	213.464	213.464	-2.13163e-14	12.4428	0	0	0	0	0	0	0	0	0	0	0	0	0	0	0	0	0	0	0	0	0	0	0	0	0	0	0	0	0	0	0	0	0	
1	1	1	948	28.44		300	0	0	-0.0474	0.0177642	0.0177642	0	0	0	-178.84	-0.000328684	-0.000328684	0	0	0	6.11483	-6.22295	0	12.3378		300	0.713498	-0.0333509	0.0130522	0.0130522	0	0	0	0.713498	0	-0.426642	-237.002	0	213.464	213.464	-2.13163e-14	12.4428	0	0	0	0	0	0	0	0	0	0	0	0	0	0	0	0	0	0	0	0	0	0	0	0	0	0	0	0	0	0	0	0	0	
1	1	1	949	28.47		300	0	0	-0.04745	0.0177834	0.0177834	0	0	0	-178.918	-0.000328942	-0.000328942	0	0	0	6.12377	-6.22059	0	12.3444		300	0.714026	-0.0333948	0.0130694	0.0130694	0	0	0	0.714026	0	-0.426642	-237.002	0	213.464	213.464	-2.13163e-14	12.4428	0	0	0	0	0	0	0	0	0	0	0	0	0	0	0	0	0	0	0	0	0	0	0	0	0	0	0	0	0	0	0	0	0	
1	1	1	950	28.5		300	0	0	-0.0475	0.0178026	0.0178026	0	0	0	-178.995	-0.0003292	-0.0003292	0	0	0	6.13272	-6.21822	0	12.3509		300	0.714555	-0.0334387	0.0130866	0.0130866	0	0	0	0.714555	0	-0.426642	-237.002	0	213.464	213.464	-2.13163e-14	12.4428	0	0	0	0	0	0	0	0	0	0	0	0	0	0	0	0	0	0	0	0	0	0	0	0	0	0	0	0	0	0	0	0	0	
1	1	1	951	28.53		300	0	0	-0.04755	0.0178219	0.0178219	0	0	0	-179.073	-0.000329457	-0.000329457	0	0	0	6.14167	-6.21585	0	12.3575		300	0.715082	-0.0334826	0.0131038	0.0131038	0	0	0	0.715082	0	-0.426642	-237.002	0	213.464	213.464	-2.13163e-14	12.4428	0	0	0	0	0	0	0	0	0	0	0	0	0	0	0	0	0	0	0	0	0	0	0	0	0	0	0	0	0	0	0	0	0	
1	1	1	952	28.56		300	0	0	-0.0476	0.0178411	0.0178411	0	0	0	-179.151	-0.000329714	-0.000329714	0	0	0	6.15063	-6.21346	0	12.3641		300	0.71561	-0.0335265	0.0131209	0.0131209	0	0	0	0.71561	0	-0.426642	-237.002	0	213.464	213.464	-2.13163e-14	12.4428	0	0	0	0	0	0	0	0	0	0	0	0	0	0	0	0	0	0	0	0	0	0	0	0	0	0	0	0	0	0	0	0	0	
1	1	1	953	28.59		300	0	0	-0.04765	0.0178603	0.0178603	0	0	0	-179.228	-0.000329971	-0.000329971	0	0	0	6.15959	-6.21107	0	12.3707		300	0.716137	-0.0335704	0.0131381	0.0131381	0	0	0	0.716137	0	-0.426642	-237.002	0	213.464	213.464	-2.13163e-14	12.4428	0	0	0	0	0	0	0	0	0	0	0	0	0	0	0	0	0	0	0	0	0	0	0	0	0	0	0	0	0	0	0	0	0	
1	1	1	954	28.62		300	0	0	-0.0477	0.0178795	0.0178795	0	0	0	-179.306	-0.000330227	-0.000330227	0	0	0	6.16855	-6.20868	0	12.3772		300	0.716664	-0.0336143	0.0131553	0.0131553	0	0	0	0.716664	0	-0.426642	-237.002	0	213.464	213.464	-2.13163e-14	12.4428	0	0	0	0	0	0	0	0	0	0	0	0	0	0	0	0	0	0	0	0	0	0	0	0	0	0	0	0	0	0	0	0	0	
1	1	1	955	28.65		300	0	0	-0.04775	0.0178988	0.0178988	0	0	0	-179.384	-0.000330483	-0.000330483	0	0	0	6.17752	-6.20627	0	12.3838		300	0.717191	-0.0336582	0.0131725	0.0131725	0	0	0	0.717191	0	-0.426642	-237.002	0	213.464	213.464	-2.13163e-14	12.4428	0	0	0	0	0	0	0	0	0	0	0	0	0	0	0	0	0	0	0	0	0	0	0	0	0	0	0	0	0	0	0	0	0	
1	1	1	956	28.68		300	0	0	-0.0478	0.017918	0.017918	0	0	0	-179.461	-0.000330739	-0.000330739	0	0	0	6.18649	-6.20386	0	12.3903		300	0.717717	-0.0337021	0.0131897	0.0131897	0	0	0	0.717717	0	-0.426642	-237.002	0	213.464	213.464	-2.13163e-14	12.4428	0	0	0	0	0	0	0	0	0	0	0	0	0	0	0	0	0	0	0	0	0	0	0	0	0	0	0	0	0	0	0	0	0	
1	1	1	957	28.71		300	0	0	-0.04785	0.0179372	0.0179372	0	0	0	-179.539	-0.000330995	-0.000330995	0	0	0	6.19546	-6.20144	0	12.3969		300	0.718243	-0.033746	0.0132068	0.0132068	0	0	0	0.718243	0	-0.426642	-237.002	0	213.464	213.464	-2.13163e-14	12.4428	0	0	0	0	0	0	0	0	0	0	0	0	0	0	0	0	0	0	0	0	0	0	0	0	0	0	0	0	0	0	0	0	0	
1	1	1	958	28.74		300	0	0	-0.0479	0.0179564	0.0179564	0	0	0	-179.617	-0.00033125	-0.00033125	0	0	0	6.20444	-6.19901	0	12.4035		300	0.718769	-0.0337899	0.013224	0.013224	0	0	0	0.718769	0	-0.426642	-237.002	0	213.464	213.464	-2.13163e-14	12.4428	0	0	0	0	0	0	0	0	0	0	0	0	0	0	0	0	0	0	0	0	0	0	0	0	0	0	0	0	0	0	0	0	0	
1	1	1	959	28.77		300	0	0	-0.04795	0.0179757	0.0179757	0	0	0	-179.695	-0.000331505	-0.000331505	0	0	0	6.21342	-6.19658	0	12.41		300	0.719295	-0.0338338	0.0132412	0.0132412	0	0	0	0.719295	0	-0.426642	-237.002	0	213.464	213.464	-2.13163e-14	12.4428	0	0	0	0	0	0	0	0	0	0	0	0	0	0	0	0	0	0	0	0	0	0	0	0	0	0	0	0	0	0	0	0	0	
1	1	1	960	28.8		300	0	0	-0.048	0.0179949	0.0179949	0	0	0	-179.773	-0.000331759	-0.000331759	0	0	0	6.22241	-6.19414	0	12.4165		300	0.71982	-0.0338777	0.0132584	0.0132584	0	0	0	0.71982	0	-0.426642	-237.002	0	213.464	213.464	-2.13163e-14	12.4428	0	0	0	0	0	0	0	0	0	0	0	0	0	0	0	0	0	0	0	0	0	0	0	0	0	0	0	0	0	0	0	0	0	
1	1	1	961	28.83		300	0	0	-0.04805	0.0180141	0.0180141	0	0	0	-179.85	-0.000332013	-0.000332013	0	0	0	6.2314	-6.19169	0	12.4231		300	0.720346	-0.0339216	0.0132755	0.0132755	0	0	0	0.720346	0	-0.426642	-237.002	0	213.464	213.464	-2.13163e-14	12.4428	0	0	0	0	0	0	0	0	0	0	0	0	0	0	0	0	0	0	0	0	0	0	0	0	0	0	0	0	0	0	0	0	0	
1	1	1	962	28.86		300	0	0	-0.0481	0.0180333	0.0180333	0	0	0	-179.928	-0.000332267	-0.000332267	0	0	0	6.2404	-6.18923	0	12.4296		300	0.72087	-0.0339654	0.0132927	0.0132927	0	0	0	0.72087	0	-0.426642	-237.002	0	213.464	213.464	-2.13163e-14	12.4428	0	0	0	0	0	0	0	0	0	0	0	0	0	0	0	0	0	0	0	0	0	0	0	0	0	0	0	0	0	0	0	0	0	
1	1	1	963	28.89		300	0	0	-0.04815	0.0180526	0.0180526	0	0	0	-180.006	-0.000332521	-0.000332521	0	0	0	6.24939	-6.18677	0	12.4362		300	0.721395	-0.0340093	0.0133099	0.0133099	0	0	0	0.721395	0	-0.426642	-237.002	0	213.464	213.464	-2.13163e-14	12.4428	0	0	0	0	0	0	0	0	0	0	0	0	0	0	0	0	0	0	0	0	0	0	0	0	0	0	0	0	0	0	0	0	0	
1	1	1	964	28.92		300	0	0	-0.0482	0.0180718	0.0180718	0	0	0	-180.084	-0.000332774	-0.000332774	0	0	0	6.2584	-6.1843	0	12.4427		300	0.721919	-0.0340532	0.013327	0.013327	0	0	0	0.721919	0	-0.426642	-237.002	0	213.464	213.464	-2.13163e-14	12.4428	0	0	0	0	0	0	0	0	0	0	0	0	0	0	0	0	0	0	0	0	0	0	0	0	0	0	0	0	0	0	0	0	0	
1	1	1	965	28.95		300	0	0	-0.04825	0.018091	0.018091	0	0	0	-180.162	-0.000333027	-0.000333027	0	0	0	6.2674	-6.18182	0	12.4492		300	0.722443	-0.0340971	0.0133442	0.0133442	0	0	0	0.722443	0	-0.426642	-237.002	0	213.464	213.464	-2.13163e-14	12.4428	0	0	0	0	0	0	0	0	0	0	0	0	0	0	0	0	0	0	0	0	0	0	0	0	0	0	0	0	0	0	0	0	0	
1	1	1	966	28.98		300	0	0	-0.0483	0.0181102	0.0181102	0	0	0	-180.24	-0.00033328	-0.00033328	0	0	0	6.27641	-6.17934	0	12.4558		300	0.722967	-0.0341409	0.0133614	0.0133614	0	0	0	0.722967	0	-0.426642	-237.002	0	213.464	213.464	-2.13163e-14	12.4428	0	0	0	0	0	0	0	0	0	0	0	0	0	0	0	0	0	0	0	0	0	0	0	0	0	0	0	0	0	0	0	0	0	
1	1	1	967	29.01		300	0	0	-0.04835	0.0181295	0.0181295	0	0	0	-180.319	-0.000333532	-0.000333532	0	0	0	6.28543	-6.17685	0	12.4623		300	0.723491	-0.0341848	0.0133785	0.0133785	0	0	0	0.723491	0	-0.426642	-237.002	0	213.464	213.464	-2.13163e-14	12.4428	0	0	0	0	0	0	0	0	0	0	0	0	0	0	0	0	0	0	0	0	0	0	0	0	0	0	0	0	0	0	0	0	0	
1	1	1	968	29.04		300	0	0	-0.0484	0.0181487	0.0181487	0	0	0	-180.397	-0.000333784	-0.000333784	0	0	0	6.29444	-6.17435	0	12.4688		300	0.724014	-0.0342286	0.0133957	0.0133957	0	0	0	0.724014	0	-0.426642	-237.002	0	213.464	213.464	-2.13163e-14	12.4428	0	0	0	0	0	0	0	0	0	0	0	0	0	0	0	0	0	0	0	0	0	0	0	0	0	0	0	0	0	0	0	0	0	
1	1	1	969	29.07		300	0	0	-0.04845	0.0181679	0.0181679	0	0	0	-180.475	-0.000334036	-0.000334036	0	0	0	6.30347	-6.17184	0	12.4753		300	0.724537	-0.0342725	0.0134129	0.0134129	0	0	0	0.724537	0	-0.426642	-237.002	0	213.464	213.464	-2.13163e-14	12.4428	0	0	0	0	0	0	0	0	0	0	0	0	0	0	0	0	0	0	0	0	0	0	0	0	0	0	0	0	0	0	0	0	0	
1	1	1	970	29.1		300	0	0	-0.0485	0.0181871	0.0181871	0	0	0	-180.553	-0.000334287	-0.000334287	0	0	0	6.31249	-6.16933	0	12.4818		300	0.72506	-0.0343164	0.01343	0.01343	0	0	0	0.72506	0	-0.426642	-237.002	0	213.464	213.464	-2.13163e-14	12.4428	0	0	0	0	0	0	0	0	0	0	0	0	0	0	0	0	0	0	0	0	0	0	0	0	0	0	0	0	0	0	0	0	0	
1	1	1	971	29.13		300	0	0	-0.04855	0.0182064	0.0182064	0	0	0	-180.631	-0.000334539	-0.000334539	0	0	0	6.32152	-6.16681	0	12.4883		300	0.725582	-0.0343602	0.0134472	0.0134472	0	0	0	0.725582	0	-0.426642	-237.002	0	213.464	213.464	-2.13163e-14	12.4428	0	0	0	0	0	0	0	0	0	0	0	0	0	0	0	0	0	0	0	0	0	0	0	0	0	0	0	0	0	0	0	0	0	
1	1	1	972	29.16		300	0	0	-0.0486	0.0182256	0.0182256	0	0	0	-180.71	-0.000334789	-0.000334789	0	0	0	6.33055	-6.16428	0	12.4948		300	0.726104	-0.0344041	0.0134644	0.0134644	0	0	0	0.726104	0	-0.426642	-237.002	0	213.464	213.464	-2.13163e-14	12.4428	0	0	0	0	0	0	0	0	0	0	0	0	0	0	0	0	0	0	0	0	0	0	0	0	0	0	0	0	0	0	0	0	0	
1	1	1	973	29.19		300	0	0	-0.04865	0.0182448	0.0182448	0	0	0	-180.788	-0.00033504	-0.00033504	0	0	0	6.33959	-6.16175	0	12.5013		300	0.726626	-0.0344479	0.0134815	0.0134815	0	0	0	0.726626	0	-0.426642	-237.002	0	213.464	213.464	-2.13163e-14	12.4428	0	0	0	0	0	0	0	0	0	0	0	0	0	0	0	0	0	0	0	0	0	0	0	0	0	0	0	0	0	0	0	0	0	
1	1	1	974	29.22		300	0	0	-0.0487	0.018264	0.018264	0	0	0	-180.866	-0.00033529	-0.00033529	0	0	0	6.34863	-6.15921	0	12.5078		300	0.727148	-0.0344918	0.0134987	0.0134987	0	0	0	0.727148	0	-0.426642	-237.002	0	213.464	213.464	-2.13163e-14	12.4428	0	0	0	0	0	0	0	0	0	0	0	0	0	0	0	0	0	0	0	0	0	0	0	0	0	0	0	0	0	0	0	0	0	
1	1	1	975	29.25		300	0	0	-0.04875	0.0182833	0.0182833	0	0	0	-180.945	-0.00033554	-0.00033554	0	0	0	6.35768	-6.15666	0	12.5143		300	0.727669	-0.0345356	0.0135158	0.0135158	0	0	0	0.727669	0	-0.426642	-237.002	0	213.464	213.464	-2.13163e-14	12.4428	0	0	0	0	0	0	0	0	0	0	0	0	0	0	0	0	0	0	0	0	0	0	0	0	0	0	0	0	0	0	0	0	0	
1	1	1	976	29.28		300	0	0	-0.0488	0.0183025	0.0183025	0	0	0	-181.023	-0.00033579	-0.00033579	0	0	0	6.36673	-6.1541	0	12.5208		300	0.72819	-0.0345794	0.013533	0.013533	0	0	0	0.72819	0	-0.426642	-237.002	0	213.464	213.464	-2.13163e-14	12.4428	0	0	0	0	0	0	0	0	0	0	0	0	0	0	0	0	0	0	0	0	0	0	0	0	0	0	0	0	0	0	0	0	0	
1	1	1	977	29.31		300	0	0	-0.04885	0.0183217	0.0183217	0	0	0	-181.102	-0.000336039	-0.000336039	0	0	0	6.37578	-6.15154	0	12.5273		300	0.728711	-0.0346233	0.0135501	0.0135501	0	0	0	0.728711	0	-0.426642	-237.002	0	213.464	213.464	-2.13163e-14	12.4428	0	0	0	0	0	0	0	0	0	0	0	0	0	0	0	0	0	0	0	0	0	0	0	0	0	0	0	0	0	0	0	0	0	
1	1	1	978	29.34		300	0	0	-0.0489	0.0183409	0.0183409	0	0	0	-181.18	-0.000336288	-0.000336288	0	0	0	6.38484	-6.14896	0	12.5338		300	0.729232	-0.0346671	0.0135673	0.0135673	0	0	0	0.729232	0	-0.426642	-237.002	0	213.464	213.464	-2.13163e-14	12.4428	0	0	0	0	0	0	0	0	0	0	0	0	0	0	0	0	0	0	0	0	0	0	0	0	0	0	0	0	0	0	0	0	0	
1	1	1	979	29.37		300	0	0	-0.04895	0.0183601	0.0183601	0	0	0	-181.259	-0.000336537	-0.000336537	0	0	0	6.3939	-6.14639	0	12.5403		300	0.729752	-0.0347109	0.0135844	0.0135844	0	0	0	0.729752	0	-0.426642	-237.002	0	213.464	213.464	-2.13163e-14	12.4428	0	0	0	0	0	0	0	0	0	0	0	0	0	0	0	0	0	0	0	0	0	0	0	0	0	0	0	0	0	0	0	0	0	
1	1	1	980	29.4		300	0	0	-0.049	0.0183794	0.0183794	0	0	0	-181.337	-0.000336785	-0.000336785	0	0	0	6.40296	-6.1438	0	12.5468		300	0.730272	-0.0347548	0.0136016	0.0136016	0	0	0	0.730272	0	-0.426642	-237.002	0	213.464	213.464	-2.13163e-14	12.4428	0	0	0	0	0	0	0	0	0	0	0	0	0	0	0	0	0	0	0	0	0	0	0	0	0	0	0	0	0	0	0	0	0	
1	1	1	981	29.43		300	0	0	-0.04905	0.0183986	0.0183986	0	0	0	-181.416	-0.000337033	-0.000337033	0	0	0	6.41203	-6.14121	0	12.5532		300	0.730792	-0.0347986	0.0136187	0.0136187	0	0	0	0.730792	0	-0.426642	-237.002	0	213.464	213.464	-2.13163e-14	12.4428	0	0	0	0	0	0	0	0	0	0	0	0	0	0	0	0	0	0	0	0	0	0	0	0	0	0	0	0	0	0	0	0	0	
1	1	1	982	29.46		300	0	0	-0.0491	0.0184178	0.0184178	0	0	0	-181.495	-0.000337281	-0.000337281	0	0	0	6.42111	-6.13861	0	12.5597		300	0.731312	-0.0348424	0.0136359	0.0136359	0	0	0	0.731312	0	-0.426642	-237.002	0	213.464	213.464	-2.13163e-14	12.4428	0	0	0	0	0	0	0	0	0	0	0	0	0	0	0	0	0	0	0	0	0	0	0	0	0	0	0	0	0	0	0	0	0	
1	1	1	983	29.49		300	0	0	-0.04915	0.018437	0.018437	0	0	0	-181.573	-0.000337528	-0.000337528	0	0	0	6.43018	-6.136	0	12.5662		300	0.731831	-0.0348862	0.013653	0.013653	0	0	0	0.731831	0	-0.426642	-237.002	0	213.464	213.464	-2.13163e-14	12.4428	0	0	0	0	0	0	0	0	0	0	0	0	0	0	0	0	0	0	0	0	0	0	0	0	0	0	0	0	0	0	0	0	0	
1	1	1	984	29.52		300	0	0	-0.0492	0.0184562	0.0184562	0	0	0	-181.652	-0.000337775	-0.000337775	0	0	0	6.43926	-6.13339	0	12.5726		300	0.73235	-0.03493	0.0136702	0.0136702	0	0	0	0.73235	0	-0.426642	-237.002	0	213.464	213.464	-2.13163e-14	12.4428	0	0	0	0	0	0	0	0	0	0	0	0	0	0	0	0	0	0	0	0	0	0	0	0	0	0	0	0	0	0	0	0	0	
1	1	1	985	29.55		300	0	0	-0.04925	0.0184755	0.0184755	0	0	0	-181.731	-0.000338022	-0.000338022	0	0	0	6.44835	-6.13076	0	12.5791		300	0.732868	-0.0349738	0.0136873	0.0136873	0	0	0	0.732868	0	-0.426642	-237.002	0	213.464	213.464	-2.13163e-14	12.4428	0	0	0	0	0	0	0	0	0	0	0	0	0	0	0	0	0	0	0	0	0	0	0	0	0	0	0	0	0	0	0	0	0	
1	1	1	986	29.58		300	0	0	-0.0493	0.0184947	0.0184947	0	0	0	-181.81	-0.000338269	-0.000338269	0	0	0	6.45744	-6.12813	0	12.5856		300	0.733387	-0.0350177	0.0137045	0.0137045	0	0	0	0.733387	0	-0.426642	-237.002	0	213.464	213.464	-2.13163e-14	12.4428	0	0	0	0	0	0	0	0	0	0	0	0	0	0	0	0	0	0	0	0	0	0	0	0	0	0	0	0	0	0	0	0	0	
1	1	1	987	29.61		300	0	0	-0.04935	0.0185139	0.0185139	0	0	0	-181.888	-0.000338515	-0.000338515	0	0	0	6.46653	-6.1255	0	12.592		300	0.733905	-0.0350615	0.0137216	0.0137216	0	0	0	0.733905	0	-0.426642	-237.002	0	213.464	213.464	-2.13163e-14	12.4428	0	0	0	0	0	0	0	0	0	0	0	0	0	0	0	0	0	0	0	0	0	0	0	0	0	0	0	0	0	0	0	0	0	
1	1	1	988	29.64		300	0	0	-0.0494	0.0185331	0.0185331	0	0	0	-181.967	-0.000338761	-0.000338761	0	0	0	6.47562	-6.12285	0	12.5985		300	0.734423	-0.0351053	0.0137388	0.0137388	0	0	0	0.734423	0	-0.426642	-237.002	0	213.464	213.464	-2.13163e-14	12.4428	0	0	0	0	0	0	0	0	0	0	0	0	0	0	0	0	0	0	0	0	0	0	0	0	0	0	0	0	0	0	0	0	0	
1	1	1	989	29.67		300	0	0	-0.04945	0.0185524	0.0185524	0	0	0	-182.046	-0.000339006	-0.000339006	0	0	0	6.48473	-6.1202	0	12.6049		300	0.734941	-0.0351491	0.0137559	0.0137559	0	0	0	0.734941	0	-0.426642	-237.002	0	213.464	213.464	-2.13163e-14	12.4428	0	0	0	0	0	0	0	0	0	0	0	0	0	0	0	0	0	0	0	0	0	0	0	0	0	0	0	0	0	0	0	0	0	
1	1	1	990	29.7		300	0	0	-0.0495	0.0185716	0.0185716	0	0	0	-182.125	-0.000339252	-0.000339252	0	0	0	6.49383	-6.11754	0	12.6114		300	0.735458	-0.0351928	0.013773	0.013773	0	0	0	0.735458	0	-0.426642	-237.002	0	213.464	213.464	-2.13163e-14	12.4428	0	0	0	0	0	0	0	0	0	0	0	0	0	0	0	0	0	0	0	0	0	0	0	0	0	0	0	0	0	0	0	0	0	
1	1	1	991	29.73		300	0	0	-0.04955	0.0185908	0.0185908	0	0	0	-182.204	-0.000339497	-0.000339497	0	0	0	6.50294	-6.11488	0	12.6178		300	0.735975	-0.0352366	0.0137902	0.0137902	0	0	0	0.735975	0	-0.426642	-237.002	0	213.464	213.464	-2.13163e-14	12.4428	0	0	0	0	0	0	0	0	0	0	0	0	0	0	0	0	0	0	0	0	0	0	0	0	0	0	0	0	0	0	0	0	0	
1	1	1	992	29.76		300	0	0	-0.0496	0.01861	0.01861	0	0	0	-182.283	-0.000339741	-0.000339741	0	0	0	6.51205	-6.11221	0	12.6243		300	0.736492	-0.0352804	0.0138073	0.0138073	0	0	0	0.736492	0	-0.426642	-237.002	0	213.464	213.464	-2.13163e-14	12.4428	0	0	0	0	0	0	0	0	0	0	0	0	0	0	0	0	0	0	0	0	0	0	0	0	0	0	0	0	0	0	0	0	0	
1	1	1	993	29.79		300	0	0	-0.04965	0.0186292	0.0186292	0	0	0	-182.363	-0.000339986	-0.000339986	0	0	0	6.52117	-6.10953	0	12.6307		300	0.737009	-0.0353242	0.0138244	0.0138244	0	0	0	0.737009	0	-0.426642	-237.002	0	213.464	213.464	-2.13163e-14	12.4428	0	0	0	0	0	0	0	0	0	0	0	0	0	0	0	0	0	0	0	0	0	0	0	0	0	0	0	0	0	0	0	0	0	
1	1	1	994	29.82		300	0	0	-0.0497	0.0186485	0.0186485	0	0	0	-182.442	-0.00034023	-0.00034023	0	0	0	6.53029	-6.10684	0	12.6371		300	0.737525	-0.035368	0.0138416	0.0138416	0	0	0	0.737525	0	-0.426642	-237.002	0	213.464	213.464	-2.13163e-14	12.4428	0	0	0	0	0	0	0	0	0	0	0	0	0	0	0	0	0	0	0	0	0	0	0	0	0	0	0	0	0	0	0	0	0	
1	1	1	995	29.85		300	0	0	-0.04975	0.0186677	0.0186677	0	0	0	-182.521	-0.000340473	-0.000340473	0	0	0	6.53941	-6.10415	0	12.6436		300	0.738041	-0.0354118	0.0138587	0.0138587	0	0	0	0.738041	0	-0.426642	-237.002	0	213.464	213.464	-2.13163e-14	12.4428	0	0	0	0	0	0	0	0	0	0	0	0	0	0	0	0	0	0	0	0	0	0	0	0	0	0	0	0	0	0	0	0	0	
1	1	1	996	29.88		300	0	0	-0.0498	0.0186869	0.0186869	0	0	0	-182.6	-0.000340717	-0.000340717	0	0	0	6.54854	-6.10144	0	12.65		300	0.738557	-0.0354555	0.0138758	0.0138758	0	0	0	0.738557	0	-0.426642	-237.002	0	213.464	213.464	-2.13163e-14	12.4428	0	0	0	0	0	0	0	0	0	0	0	0	0	0	0	0	0	0	0	0	0	0	0	0	0	0	0	0	0	0	0	0	0	
1	1	1	997	29.91		300	0	0	-0.04985	0.0187061	0.0187061	0	0	0	-182.679	-0.00034096	-0.00034096	0	0	0	6.55767	-6.09873	0	12.6564		300	0.739072	-0.0354993	0.013893	0.013893	0	0	0	0.739072	0	-0.426642	-237.002	0	213.464	213.464	-2.13163e-14	12.4428	0	0	0	0	0	0	0	0	0	0	0	0	0	0	0	0	0	0	0	0	0	0	0	0	0	0	0	0	0	0	0	0	0	
1	1	1	998	29.94		300	0	0	-0.0499	0.0187253	0.0187253	0	0	0	-182.759	-0.000341203	-0.000341203	0	0	0	6.56681	-6.09602	0	12.6628		300	0.739588	-0.0355431	0.0139101	0.0139101	0	0	0	0.739588	0	-0.426642	-237.002	0	213.464	213.464	-2.13163e-14	12.4428	0	0	0	0	0	0	0	0	0	0	0	0	0	0	0	0	0	0	0	0	0	0	0	0	0	0	0	0	0	0	0	0	0	
1	1	1	999	29.97		300	0	0	-0.04995	0.0187445	0.0187445	0	0	0	-182.838	-0.000341445	-0.000341445	0	0	0	6.57595	-6.09329	0	12.6692		300	0.740103	-0.0355868	0.0139272	0.0139272	0	0	0	0.740103	0	-0.426642	-237.002	0	213.464	213.464	-2.13163e-14	12.4428	0	0	0	0	0	0	0	0	0	0	0	0	0	0	0	0	0	0	0	0	0	0	0	0	0	0	0	0	0	0	0	0	0	
1	1	1	1000	30		300	0	0	-0.05	0.0187638	0.0187638	0	0	0	-182.918	-0.000341687	-0.000341687	0	0	0	6.58509	-6.09056	0	12.6757		300	0.740617	-0.0356306	0.0139444	0.0139444	0	0	0	0.740617	0	-0.426642	-237.002	0	213.464	213.464	-2.13163e-14	12.4428	0	0	0	0	0	0	0	0	0	0	0	0	0	0	0	0	0	0	0	0	0	0	0	0	0	0	0	0	0	0	0	0	0	
