1	1	1	1	0.03		300	0	0	0	0	0	5e-05	0	0	0	0	0	0.277943	0	0	6.94858e-06	-4.91663	0	4.91663		300	0.117647	0	0	0	0	0	0	0.117647	0	-0.426642	-237.002	0	213.464	213.464	-2.13163e-14	12.4428	0	0	0	0	0	0	0	0	0	0	0	0	0	0	0	0	0	0	0	0	0	0	0	0	0	0	0	0	0	0	0	0	0	
1	1	1	2	0.06		300	0	0	0	0	0	0.0001	0	0	0	0	0	0.555886	0	0	2.77943e-05	-4.9166	0	4.91663		300	0.117647	0	0	0	0	0	0	0.117647	0	-0.426642	-237.002	0	213.464	213.464	-2.13163e-14	12.4428	0	0	0	0	0	0	0	0	0	0	0	0	0	0	0	0	0	0	0	0	0	0	0	0	0	0	0	0	0	0	0	0	0	
1	1	1	3	0.09		300	0	0	0	0	0	0.00015	0	0	0	0	0	0.833829	0	0	6.25372e-05	-4.91657	0	4.91663		300	0.117647	0	0	0	0	0	0	0.117647	0	-0.426642	-237.002	0	213.464	213.464	-2.13163e-14	12.4428	0	0	0	0	0	0	0	0	0	0	0	0	0	0	0	0	0	0	0	0	0	0	0	0	0	0	0	0	0	0	0	0	0	
1	1	1	4	0.12		300	0	0	0	0	0	0.0002	0	0	0	0	0	1.11177	0	0	0.000111177	-4.91652	0	4.91663		300	0.117647	0	0	0	0	0	0	0.117647	0	-0.426642	-237.002	0	213.464	213.464	-2.13163e-14	12.4428	0	0	0	0	0	0	0	0	0	0	0	0	0	0	0	0	0	0	0	0	0	0	0	0	0	0	0	0	0	0	0	0	0	
1	1	1	5	0.15		300	0	0	0	0	0	0.00025	0	0	0	0	0	1.38972	0	0	0.000173714	-4.91646	0	4.91663		300	0.117647	0	0	0	0	0	0	0.117647	0	-0.426642	-237.002	0	213.464	213.464	-2.13163e-14	12.4428	0	0	0	0	0	0	0	0	0	0	0	0	0	0	0	0	0	0	0	0	0	0	0	0	0	0	0	0	0	0	0	0	0	
1	1	1	6	0.18		300	0	0	0	0	0	0.0003	0	0	0	0	0	1.66766	0	0	0.000250149	-4.91638	0	4.91663		300	0.117647	0	0	0	0	0	0	0.117647	0	-0.426642	-237.002	0	213.464	213.464	-2.13163e-14	12.4428	0	0	0	0	0	0	0	0	0	0	0	0	0	0	0	0	0	0	0	0	0	0	0	0	0	0	0	0	0	0	0	0	0	
1	1	1	7	0.21		300	0	0	0	0	0	0.00035	0	0	0	0	0	1.9456	0	0	0.00034048	-4.91629	0	4.91663		300	0.117647	0	0	0	0	0	0	0.117647	0	-0.426642	-237.002	0	213.464	213.464	-2.13163e-14	12.4428	0	0	0	0	0	0	0	0	0	0	0	0	0	0	0	0	0	0	0	0	0	0	0	0	0	0	0	0	0	0	0	0	0	
1	1	1	8	0.24		300	0	0	0	0	0	0.0004	0	0	0	0	0	2.22354	0	0	0.000444709	-4.91619	0	4.91663		300	0.117647	0	0	0	0	0	0	0.117647	0	-0.426642	-237.002	0	213.464	213.464	-2.13163e-14	12.4428	0	0	0	0	0	0	0	0	0	0	0	0	0	0	0	0	0	0	0	0	0	0	0	0	0	0	0	0	0	0	0	0	0	
1	1	1	9	0.27		300	0	0	0	0	0	0.00045	0	0	0	0	0	2.50149	0	0	0.000562835	-4.91607	0	4.91663		300	0.117647	0	0	0	0	0	0	0.117647	0	-0.426642	-237.002	0	213.464	213.464	-2.13163e-14	12.4428	0	0	0	0	0	0	0	0	0	0	0	0	0	0	0	0	0	0	0	0	0	0	0	0	0	0	0	0	0	0	0	0	0	
1	1	1	10	0.3		300	0	0	0	0	0	0.0005	0	0	0	0	0	2.77943	0	0	0.000694858	-4.91594	0	4.91663		300	0.117647	0	0	0	0	0	0	0.117647	0	-0.426642	-237.002	0	213.464	213.464	-2.13163e-14	12.4428	0	0	0	0	0	0	0	0	0	0	0	0	0	0	0	0	0	0	0	0	0	0	0	0	0	0	0	0	0	0	0	0	0	
1	1	1	11	0.33		300	0	0	0	0	0	0.00055	0	0	0	0	0	3.05737	0	0	0.000840778	-4.91579	0	4.91663		300	0.117647	0	0	0	0	0	0	0.117647	0	-0.426642	-237.002	0	213.464	213.464	-2.13163e-14	12.4428	0	0	0	0	0	0	0	0	0	0	0	0	0	0	0	0	0	0	0	0	0	0	0	0	0	0	0	0	0	0	0	0	0	
1	1	1	12	0.36		300	0	0	0	0	0	0.0006	0	0	0	0	0	3.33532	0	0	0.00100059	-4.91563	0	4.91663		300	0.117647	0	0	0	0	0	0	0.117647	0	-0.426642	-237.002	0	213.464	213.464	-2.13163e-14	12.4428	0	0	0	0	0	0	0	0	0	0	0	0	0	0	0	0	0	0	0	0	0	0	0	0	0	0	0	0	0	0	0	0	0	
1	1	1	13	0.39		300	0	0	0	0	0	0.00065	0	0	0	0	0	3.61326	0	0	0.00117431	-4.91546	0	4.91663		300	0.117647	0	0	0	0	0	0	0.117647	0	-0.426642	-237.002	0	213.464	213.464	-2.13163e-14	12.4428	0	0	0	0	0	0	0	0	0	0	0	0	0	0	0	0	0	0	0	0	0	0	0	0	0	0	0	0	0	0	0	0	0	
1	1	1	14	0.42		300	0	0	0	0	0	0.0007	0	0	0	0	0	3.8912	0	0	0.00136192	-4.91527	0	4.91663		300	0.117647	0	0	0	0	0	0	0.117647	0	-0.426642	-237.002	0	213.464	213.464	-2.13163e-14	12.4428	0	0	0	0	0	0	0	0	0	0	0	0	0	0	0	0	0	0	0	0	0	0	0	0	0	0	0	0	0	0	0	0	0	
1	1	1	15	0.45		300	0	0	0	0	0	0.00075	0	0	0	0	0	4.16915	0	0	0.00156343	-4.91507	0	4.91663		300	0.117647	0	0	0	0	0	0	0.117647	0	-0.426642	-237.002	0	213.464	213.464	-2.13163e-14	12.4428	0	0	0	0	0	0	0	0	0	0	0	0	0	0	0	0	0	0	0	0	0	0	0	0	0	0	0	0	0	0	0	0	0	
1	1	1	16	0.48		300	0	0	0	0	0	0.0008	0	0	0	0	0	4.44709	0	0	0.00177884	-4.91485	0	4.91663		300	0.117647	0	0	0	0	0	0	0.117647	0	-0.426642	-237.002	0	213.464	213.464	-2.13163e-14	12.4428	0	0	0	0	0	0	0	0	0	0	0	0	0	0	0	0	0	0	0	0	0	0	0	0	0	0	0	0	0	0	0	0	0	
1	1	1	17	0.51		300	0	0	0	0	0	0.00085	0	0	0	0	0	4.72503	0	0	0.00200814	-4.91462	0	4.91663		300	0.117647	0	0	0	0	0	0	0.117647	0	-0.426642	-237.002	0	213.464	213.464	-2.13163e-14	12.4428	0	0	0	0	0	0	0	0	0	0	0	0	0	0	0	0	0	0	0	0	0	0	0	0	0	0	0	0	0	0	0	0	0	
1	1	1	18	0.54		300	0	0	0	0	0	0.0009	0	0	0	0	0	5.00297	0	0	0.00225134	-4.91438	0	4.91663		300	0.117647	0	0	0	0	0	0	0.117647	0	-0.426642	-237.002	0	213.464	213.464	-2.13163e-14	12.4428	0	0	0	0	0	0	0	0	0	0	0	0	0	0	0	0	0	0	0	0	0	0	0	0	0	0	0	0	0	0	0	0	0	
1	1	1	19	0.57		300	0	0	0	0	0	0.00095	0	0	0	0	0	5.28092	0	0	0.00250844	-4.91412	0	4.91663		300	0.117647	0	0	0	0	0	0	0.117647	0	-0.426642	-237.002	0	213.464	213.464	-2.13163e-14	12.4428	0	0	0	0	0	0	0	0	0	0	0	0	0	0	0	0	0	0	0	0	0	0	0	0	0	0	0	0	0	0	0	0	0	
1	1	1	20	0.6		300	0	0	0	0	0	0.001	0	0	0	0	0	5.55886	0	0	0.00277943	-4.91385	0	4.91663		300	0.117647	0	0	0	0	0	0	0.117647	0	-0.426642	-237.002	0	213.464	213.464	-2.13163e-14	12.4428	0	0	0	0	0	0	0	0	0	0	0	0	0	0	0	0	0	0	0	0	0	0	0	0	0	0	0	0	0	0	0	0	0	
1	1	1	21	0.63		300	0	0	0	0	0	0.00105	0	0	0	0	0	5.8368	0	0	0.00306432	-4.91357	0	4.91663		300	0.117647	0	0	0	0	0	0	0.117647	0	-0.426642	-237.002	0	213.464	213.464	-2.13163e-14	12.4428	0	0	0	0	0	0	0	0	0	0	0	0	0	0	0	0	0	0	0	0	0	0	0	0	0	0	0	0	0	0	0	0	0	
1	1	1	22	0.66		300	0	0	0	0	0	0.0011	0	0	0	0	0	6.11475	0	0	0.00336311	-4.91327	0	4.91663		300	0.117647	0	0	0	0	0	0	0.117647	0	-0.426642	-237.002	0	213.464	213.464	-2.13163e-14	12.4428	0	0	0	0	0	0	0	0	0	0	0	0	0	0	0	0	0	0	0	0	0	0	0	0	0	0	0	0	0	0	0	0	0	
1	1	1	23	0.69		300	0	0	0	0	0	0.00115	0	0	0	0	0	6.39269	0	0	0.0036758	-4.91296	0	4.91663		300	0.117647	0	0	0	0	0	0	0.117647	0	-0.426642	-237.002	0	213.464	213.464	-2.13163e-14	12.4428	0	0	0	0	0	0	0	0	0	0	0	0	0	0	0	0	0	0	0	0	0	0	0	0	0	0	0	0	0	0	0	0	0	
1	1	1	24	0.72		300	0	0	0	0	0	0.0012	0	0	0	0	0	6.67063	0	0	0.00400238	-4.91263	0	4.91663		300	0.117647	0	0	0	0	0	0	0.117647	0	-0.426642	-237.002	0	213.464	213.464	-2.13163e-14	12.4428	0	0	0	0	0	0	0	0	0	0	0	0	0	0	0	0	0	0	0	0	0	0	0	0	0	0	0	0	0	0	0	0	0	
1	1	1	25	0.75		300	0	0	0	0	0	0.00125	0	0	0	0	0	6.94858	0	0	0.00434286	-4.91229	0	4.91663		300	0.117647	0	0	0	0	0	0	0.117647	0	-0.426642	-237.002	0	213.464	213.464	-2.13163e-14	12.4428	0	0	0	0	0	0	0	0	0	0	0	0	0	0	0	0	0	0	0	0	0	0	0	0	0	0	0	0	0	0	0	0	0	
1	1	1	26	0.78		300	0	0	0	0	0	0.0013	0	0	0	0	0	7.22652	0	0	0.00469724	-4.91193	0	4.91663		300	0.117647	0	0	0	0	0	0	0.117647	0	-0.426642	-237.002	0	213.464	213.464	-2.13163e-14	12.4428	0	0	0	0	0	0	0	0	0	0	0	0	0	0	0	0	0	0	0	0	0	0	0	0	0	0	0	0	0	0	0	0	0	
1	1	1	27	0.81		300	0	0	0	0	0	0.00135	0	0	0	0	0	7.50446	0	0	0.00506551	-4.91157	0	4.91663		300	0.117647	0	0	0	0	0	0	0.117647	0	-0.426642	-237.002	0	213.464	213.464	-2.13163e-14	12.4428	0	0	0	0	0	0	0	0	0	0	0	0	0	0	0	0	0	0	0	0	0	0	0	0	0	0	0	0	0	0	0	0	0	
1	1	1	28	0.84		300	0	0	0	0	0	0.0014	0	0	0	0	0	7.78241	0	0	0.00544768	-4.91118	0	4.91663		300	0.117647	0	0	0	0	0	0	0.117647	0	-0.426642	-237.002	0	213.464	213.464	-2.13163e-14	12.4428	0	0	0	0	0	0	0	0	0	0	0	0	0	0	0	0	0	0	0	0	0	0	0	0	0	0	0	0	0	0	0	0	0	
1	1	1	29	0.87		300	0	0	0	0	0	0.00145	0	0	0	0	0	8.06035	0	0	0.00584375	-4.91079	0	4.91663		300	0.117647	0	0	0	0	0	0	0.117647	0	-0.426642	-237.002	0	213.464	213.464	-2.13163e-14	12.4428	0	0	0	0	0	0	0	0	0	0	0	0	0	0	0	0	0	0	0	0	0	0	0	0	0	0	0	0	0	0	0	0	0	
1	1	1	30	0.9		300	0	0	0	0	0	0.0015	0	0	0	0	0	8.33829	0	0	0.00625372	-4.91038	0	4.91663		300	0.117647	0	0	0	0	0	0	0.117647	0	-0.426642	-237.002	0	213.464	213.464	-2.13163e-14	12.4428	0	0	0	0	0	0	0	0	0	0	0	0	0	0	0	0	0	0	0	0	0	0	0	0	0	0	0	0	0	0	0	0	0	
1	1	1	31	0.93		300	0	0	0	0	0	0.00155	0	0	0	0	0	8.61623	0	0	0.00667758	-4.90995	0	4.91663		300	0.117647	0	0	0	0	0	0	0.117647	0	-0.426642	-237.002	0	213.464	213.464	-2.13163e-14	12.4428	0	0	0	0	0	0	0	0	0	0	0	0	0	0	0	0	0	0	0	0	0	0	0	0	0	0	0	0	0	0	0	0	0	
1	1	1	32	0.96		300	0	0	0	0	0	0.0016	0	0	0	0	0	8.89418	0	0	0.00711534	-4.90952	0	4.91663		300	0.117647	0	0	0	0	0	0	0.117647	0	-0.426642	-237.002	0	213.464	213.464	-2.13163e-14	12.4428	0	0	0	0	0	0	0	0	0	0	0	0	0	0	0	0	0	0	0	0	0	0	0	0	0	0	0	0	0	0	0	0	0	
1	1	1	33	0.99		300	0	0	0	0	0	0.00165	0	0	0	0	0	9.17212	0	0	0.007567	-4.90907	0	4.91663		300	0.117647	0	0	0	0	0	0	0.117647	0	-0.426642	-237.002	0	213.464	213.464	-2.13163e-14	12.4428	0	0	0	0	0	0	0	0	0	0	0	0	0	0	0	0	0	0	0	0	0	0	0	0	0	0	0	0	0	0	0	0	0	
1	1	1	34	1.02		300	0	0	0	0	0	0.0017	0	0	0	0	0	9.45006	0	0	0.00803255	-4.9086	0	4.91663		300	0.117647	0	0	0	0	0	0	0.117647	0	-0.426642	-237.002	0	213.464	213.464	-2.13163e-14	12.4428	0	0	0	0	0	0	0	0	0	0	0	0	0	0	0	0	0	0	0	0	0	0	0	0	0	0	0	0	0	0	0	0	0	
1	1	1	35	1.05		300	0	0	0	0	0	0.00175	0	0	0	0	0	9.72801	0	0	0.00851201	-4.90812	0	4.91663		300	0.117647	0	0	0	0	0	0	0.117647	0	-0.426642	-237.002	0	213.464	213.464	-2.13163e-14	12.4428	0	0	0	0	0	0	0	0	0	0	0	0	0	0	0	0	0	0	0	0	0	0	0	0	0	0	0	0	0	0	0	0	0	
1	1	1	36	1.08		300	0	0	0	0	0	0.0018	0	0	0	0	0	10.0059	0	0	0.00900535	-4.90763	0	4.91663		300	0.117647	0	0	0	0	0	0	0.117647	0	-0.426642	-237.002	0	213.464	213.464	-2.13163e-14	12.4428	0	0	0	0	0	0	0	0	0	0	0	0	0	0	0	0	0	0	0	0	0	0	0	0	0	0	0	0	0	0	0	0	0	
1	1	1	37	1.11		300	0	0	0	0	0	0.00185	0	0	0	0	0	10.2839	0	0	0.0095126	-4.90712	0	4.91663		300	0.117647	0	0	0	0	0	0	0.117647	0	-0.426642	-237.002	0	213.464	213.464	-2.13163e-14	12.4428	0	0	0	0	0	0	0	0	0	0	0	0	0	0	0	0	0	0	0	0	0	0	0	0	0	0	0	0	0	0	0	0	0	
1	1	1	38	1.14		300	0	0	0	0	0	0.0019	0	0	0	0	0	10.5618	0	0	0.0100337	-4.9066	0	4.91663		300	0.117647	0	0	0	0	0	0	0.117647	0	-0.426642	-237.002	0	213.464	213.464	-2.13163e-14	12.4428	0	0	0	0	0	0	0	0	0	0	0	0	0	0	0	0	0	0	0	0	0	0	0	0	0	0	0	0	0	0	0	0	0	
1	1	1	39	1.17		300	0	0	0	0	0	0.00195	0	0	0	0	0	10.8398	0	0	0.0105688	-4.90606	0	4.91663		300	0.117647	0	0	0	0	0	0	0.117647	0	-0.426642	-237.002	0	213.464	213.464	-2.13163e-14	12.4428	0	0	0	0	0	0	0	0	0	0	0	0	0	0	0	0	0	0	0	0	0	0	0	0	0	0	0	0	0	0	0	0	0	
1	1	1	40	1.2		300	0	0	0	0	0	0.002	0	0	0	0	0	11.1177	0	0	0.0111177	-4.90551	0	4.91663		300	0.117647	0	0	0	0	0	0	0.117647	0	-0.426642	-237.002	0	213.464	213.464	-2.13163e-14	12.4428	0	0	0	0	0	0	0	0	0	0	0	0	0	0	0	0	0	0	0	0	0	0	0	0	0	0	0	0	0	0	0	0	0	
1	1	1	41	1.23		300	0	0	0	0	0	0.00205	0	0	0	0	0	11.3957	0	0	0.0116806	-4.90495	0	4.91663		300	0.117647	0	0	0	0	0	0	0.117647	0	-0.426642	-237.002	0	213.464	213.464	-2.13163e-14	12.4428	0	0	0	0	0	0	0	0	0	0	0	0	0	0	0	0	0	0	0	0	0	0	0	0	0	0	0	0	0	0	0	0	0	
1	1	1	42	1.26		300	0	0	0	0	0	0.0021	0	0	0	0	0	11.6736	0	0	0.0122573	-4.90437	0	4.91663		300	0.117647	0	0	0	0	0	0	0.117647	0	-0.426642	-237.002	0	213.464	213.464	-2.13163e-14	12.4428	0	0	0	0	0	0	0	0	0	0	0	0	0	0	0	0	0	0	0	0	0	0	0	0	0	0	0	0	0	0	0	0	0	
1	1	1	43	1.29		300	0	0	0	0	0	0.00215	0	0	0	0	0	11.9516	0	0	0.0128479	-4.90378	0	4.91663		300	0.117647	0	0	0	0	0	0	0.117647	0	-0.426642	-237.002	0	213.464	213.464	-2.13163e-14	12.4428	0	0	0	0	0	0	0	0	0	0	0	0	0	0	0	0	0	0	0	0	0	0	0	0	0	0	0	0	0	0	0	0	0	
1	1	1	44	1.32		300	0	0	0	0	0	0.0022	0	0	0	0	0	12.2295	0	0	0.0134524	-4.90318	0	4.91663		300	0.117647	0	0	0	0	0	0	0.117647	0	-0.426642	-237.002	0	213.464	213.464	-2.13163e-14	12.4428	0	0	0	0	0	0	0	0	0	0	0	0	0	0	0	0	0	0	0	0	0	0	0	0	0	0	0	0	0	0	0	0	0	
1	1	1	45	1.35		300	0	0	0	0	0	0.00225	0	0	0	0	0	12.5074	0	0	0.0140709	-4.90256	0	4.91663		300	0.117647	0	0	0	0	0	0	0.117647	0	-0.426642	-237.002	0	213.464	213.464	-2.13163e-14	12.4428	0	0	0	0	0	0	0	0	0	0	0	0	0	0	0	0	0	0	0	0	0	0	0	0	0	0	0	0	0	0	0	0	0	
1	1	1	46	1.38		300	0	0	0	0	0	0.0023	0	0	0	0	0	12.7854	0	0	0.0147032	-4.90193	0	4.91663		300	0.117647	0	0	0	0	0	0	0.117647	0	-0.426642	-237.002	0	213.464	213.464	-2.13163e-14	12.4428	0	0	0	0	0	0	0	0	0	0	0	0	0	0	0	0	0	0	0	0	0	0	0	0	0	0	0	0	0	0	0	0	0	
1	1	1	47	1.41		300	0	0	0	0	0	0.00235	0	0	0	0	0	13.0633	0	0	0.0153494	-4.90128	0	4.91663		300	0.117647	0	0	0	0	0	0	0.117647	0	-0.426642	-237.002	0	213.464	213.464	-2.13163e-14	12.4428	0	0	0	0	0	0	0	0	0	0	0	0	0	0	0	0	0	0	0	0	0	0	0	0	0	0	0	0	0	0	0	0	0	
1	1	1	48	1.44		300	0	0	0	0	0	0.0024	0	0	0	0	0	13.3413	0	0	0.0160095	-4.90062	0	4.91663		300	0.117647	0	0	0	0	0	0	0.117647	0	-0.426642	-237.002	0	213.464	213.464	-2.13163e-14	12.4428	0	0	0	0	0	0	0	0	0	0	0	0	0	0	0	0	0	0	0	0	0	0	0	0	0	0	0	0	0	0	0	0	0	
1	1	1	49	1.47		300	0	0	0	0	0	0.00245	0	0	0	0	0	13.6192	0	0	0.0166835	-4.89995	0	4.91663		300	0.117647	0	0	0	0	0	0	0.117647	0	-0.426642	-237.002	0	213.464	213.464	-2.13163e-14	12.4428	0	0	0	0	0	0	0	0	0	0	0	0	0	0	0	0	0	0	0	0	0	0	0	0	0	0	0	0	0	0	0	0	0	
1	1	1	50	1.5		300	0	0	0	0	0	0.0025	0	0	0	0	0	13.8972	0	0	0.0173714	-4.89926	0	4.91663		300	0.117647	0	0	0	0	0	0	0.117647	0	-0.426642	-237.002	0	213.464	213.464	-2.13163e-14	12.4428	0	0	0	0	0	0	0	0	0	0	0	0	0	0	0	0	0	0	0	0	0	0	0	0	0	0	0	0	0	0	0	0	0	
1	1	1	51	1.53		300	0	0	0	0	0	0.00255	0	0	0	0	0	14.1751	0	0	0.0180732	-4.89856	0	4.91663		300	0.117647	0	0	0	0	0	0	0.117647	0	-0.426642	-237.002	0	213.464	213.464	-2.13163e-14	12.4428	0	0	0	0	0	0	0	0	0	0	0	0	0	0	0	0	0	0	0	0	0	0	0	0	0	0	0	0	0	0	0	0	0	
1	1	1	52	1.56		300	0	0	0	0	0	0.0026	0	0	0	0	0	14.453	0	0	0.0187889	-4.89784	0	4.91663		300	0.117647	0	0	0	0	0	0	0.117647	0	-0.426642	-237.002	0	213.464	213.464	-2.13163e-14	12.4428	0	0	0	0	0	0	0	0	0	0	0	0	0	0	0	0	0	0	0	0	0	0	0	0	0	0	0	0	0	0	0	0	0	
1	1	1	53	1.59		300	0	0	0	0	0	0.00265	0	0	0	0	0	14.731	0	0	0.0195185	-4.89711	0	4.91663		300	0.117647	0	0	0	0	0	0	0.117647	0	-0.426642	-237.002	0	213.464	213.464	-2.13163e-14	12.4428	0	0	0	0	0	0	0	0	0	0	0	0	0	0	0	0	0	0	0	0	0	0	0	0	0	0	0	0	0	0	0	0	0	
1	1	1	54	1.62		300	0	0	0	0	0	0.0027	0	0	0	0	0	15.0089	0	0	0.020262	-4.89637	0	4.91663		300	0.117647	0	0	0	0	0	0	0.117647	0	-0.426642	-237.002	0	213.464	213.464	-2.13163e-14	12.4428	0	0	0	0	0	0	0	0	0	0	0	0	0	0	0	0	0	0	0	0	0	0	0	0	0	0	0	0	0	0	0	0	0	
1	1	1	55	1.65		300	0	0	0	0	0	0.00275	0	0	0	0	0	15.2869	0	0	0.0210194	-4.89561	0	4.91663		300	0.117647	0	0	0	0	0	0	0.117647	0	-0.426642	-237.002	0	213.464	213.464	-2.13163e-14	12.4428	0	0	0	0	0	0	0	0	0	0	0	0	0	0	0	0	0	0	0	0	0	0	0	0	0	0	0	0	0	0	0	0	0	
1	1	1	56	1.68		300	0	0	0	0	0	0.0028	0	0	0	0	0	15.5648	0	0	0.0217907	-4.89484	0	4.91663		300	0.117647	0	0	0	0	0	0	0.117647	0	-0.426642	-237.002	0	213.464	213.464	-2.13163e-14	12.4428	0	0	0	0	0	0	0	0	0	0	0	0	0	0	0	0	0	0	0	0	0	0	0	0	0	0	0	0	0	0	0	0	0	
1	1	1	57	1.71		300	0	0	0	0	0	0.00285	0	0	0	0	0	15.8428	0	0	0.0225759	-4.89406	0	4.91663		300	0.117647	0	0	0	0	0	0	0.117647	0	-0.426642	-237.002	0	213.464	213.464	-2.13163e-14	12.4428	0	0	0	0	0	0	0	0	0	0	0	0	0	0	0	0	0	0	0	0	0	0	0	0	0	0	0	0	0	0	0	0	0	
1	1	1	58	1.74		300	0	0	0	0	0	0.0029	0	0	0	0	0	16.1207	0	0	0.023375	-4.89326	0	4.91663		300	0.117647	0	0	0	0	0	0	0.117647	0	-0.426642	-237.002	0	213.464	213.464	-2.13163e-14	12.4428	0	0	0	0	0	0	0	0	0	0	0	0	0	0	0	0	0	0	0	0	0	0	0	0	0	0	0	0	0	0	0	0	0	
1	1	1	59	1.77		300	0	0	0	0	0	0.00295	0	0	0	0	0	16.3986	0	0	0.024188	-4.89244	0	4.91663		300	0.117647	0	0	0	0	0	0	0.117647	0	-0.426642	-237.002	0	213.464	213.464	-2.13163e-14	12.4428	0	0	0	0	0	0	0	0	0	0	0	0	0	0	0	0	0	0	0	0	0	0	0	0	0	0	0	0	0	0	0	0	0	
1	1	1	60	1.8		300	0	0	0	0	0	0.003	0	0	0	0	0	16.6766	0	0	0.0250149	-4.89162	0	4.91663		300	0.117647	0	0	0	0	0	0	0.117647	0	-0.426642	-237.002	0	213.464	213.464	-2.13163e-14	12.4428	0	0	0	0	0	0	0	0	0	0	0	0	0	0	0	0	0	0	0	0	0	0	0	0	0	0	0	0	0	0	0	0	0	
1	1	1	61	1.83		300	0	0	0	0	0	0.00305	0	0	0	0	0	16.9545	0	0	0.0258557	-4.89078	0	4.91663		300	0.117647	0	0	0	0	0	0	0.117647	0	-0.426642	-237.002	0	213.464	213.464	-2.13163e-14	12.4428	0	0	0	0	0	0	0	0	0	0	0	0	0	0	0	0	0	0	0	0	0	0	0	0	0	0	0	0	0	0	0	0	0	
1	1	1	62	1.86		300	0	0	0	0	0	0.0031	0	0	0	0	0	17.2325	0	0	0.0267103	-4.88992	0	4.91663		300	0.117647	0	0	0	0	0	0	0.117647	0	-0.426642	-237.002	0	213.464	213.464	-2.13163e-14	12.4428	0	0	0	0	0	0	0	0	0	0	0	0	0	0	0	0	0	0	0	0	0	0	0	0	0	0	0	0	0	0	0	0	0	
1	1	1	63	1.89		300	0	0	0	0	0	0.00315	0	0	0	0	0	17.5104	0	0	0.0275789	-4.88905	0	4.91663		300	0.117647	0	0	0	0	0	0	0.117647	0	-0.426642	-237.002	0	213.464	213.464	-2.13163e-14	12.4428	0	0	0	0	0	0	0	0	0	0	0	0	0	0	0	0	0	0	0	0	0	0	0	0	0	0	0	0	0	0	0	0	0	
1	1	1	64	1.92		300	0	0	0	0	0	0.0032	0	0	0	0	0	17.7884	0	0	0.0284614	-4.88817	0	4.91663		300	0.117647	0	0	0	0	0	0	0.117647	0	-0.426642	-237.002	0	213.464	213.464	-2.13163e-14	12.4428	0	0	0	0	0	0	0	0	0	0	0	0	0	0	0	0	0	0	0	0	0	0	0	0	0	0	0	0	0	0	0	0	0	
1	1	1	65	1.95		300	0	0	0	0	0	0.00325	0	0	0	0	0	18.0663	0	0	0.0293577	-4.88727	0	4.91663		300	0.117647	0	0	0	0	0	0	0.117647	0	-0.426642	-237.002	0	213.464	213.464	-2.13163e-14	12.4428	0	0	0	0	0	0	0	0	0	0	0	0	0	0	0	0	0	0	0	0	0	0	0	0	0	0	0	0	0	0	0	0	0	
1	1	1	66	1.98		300	0	0	0	0	0	0.0033	0	0	0	0	0	18.3442	0	0	0.030268	-4.88636	0	4.91663		300	0.117647	0	0	0	0	0	0	0.117647	0	-0.426642	-237.002	0	213.464	213.464	-2.13163e-14	12.4428	0	0	0	0	0	0	0	0	0	0	0	0	0	0	0	0	0	0	0	0	0	0	0	0	0	0	0	0	0	0	0	0	0	
1	1	1	67	2.01		300	0	0	0	0	0	0.00335	0	0	0	0	0	18.6222	0	0	0.0311922	-4.88544	0	4.91663		300	0.117647	0	0	0	0	0	0	0.117647	0	-0.426642	-237.002	0	213.464	213.464	-2.13163e-14	12.4428	0	0	0	0	0	0	0	0	0	0	0	0	0	0	0	0	0	0	0	0	0	0	0	0	0	0	0	0	0	0	0	0	0	
1	1	1	68	2.04		300	0	0	0	0	0	0.0034	0	0	0	0	0	18.9001	0	0	0.0321302	-4.8845	0	4.91663		300	0.117647	0	0	0	0	0	0	0.117647	0	-0.426642	-237.002	0	213.464	213.464	-2.13163e-14	12.4428	0	0	0	0	0	0	0	0	0	0	0	0	0	0	0	0	0	0	0	0	0	0	0	0	0	0	0	0	0	0	0	0	0	
1	1	1	69	2.07		300	0	0	0	0	0	0.00345	0	0	0	0	0	19.1781	0	0	0.0330822	-4.88355	0	4.91663		300	0.117647	0	0	0	0	0	0	0.117647	0	-0.426642	-237.002	0	213.464	213.464	-2.13163e-14	12.4428	0	0	0	0	0	0	0	0	0	0	0	0	0	0	0	0	0	0	0	0	0	0	0	0	0	0	0	0	0	0	0	0	0	
1	1	1	70	2.1		300	0	0	0	0	0	0.0035	0	0	0	0	0	19.456	0	0	0.034048	-4.88258	0	4.91663		300	0.117647	0	0	0	0	0	0	0.117647	0	-0.426642	-237.002	0	213.464	213.464	-2.13163e-14	12.4428	0	0	0	0	0	0	0	0	0	0	0	0	0	0	0	0	0	0	0	0	0	0	0	0	0	0	0	0	0	0	0	0	0	
1	1	1	71	2.13		300	0	0	0	0	0	0.00355	0	0	0	0	0	19.734	0	0	0.0350278	-4.8816	0	4.91663		300	0.117647	0	0	0	0	0	0	0.117647	0	-0.426642	-237.002	0	213.464	213.464	-2.13163e-14	12.4428	0	0	0	0	0	0	0	0	0	0	0	0	0	0	0	0	0	0	0	0	0	0	0	0	0	0	0	0	0	0	0	0	0	
1	1	1	72	2.16		300	0	0	0	0	0	0.0036	0	0	0	0	0	20.0119	0	0	0.0360214	-4.88061	0	4.91663		300	0.117647	0	0	0	0	0	0	0.117647	0	-0.426642	-237.002	0	213.464	213.464	-2.13163e-14	12.4428	0	0	0	0	0	0	0	0	0	0	0	0	0	0	0	0	0	0	0	0	0	0	0	0	0	0	0	0	0	0	0	0	0	
1	1	1	73	2.19		300	0	0	0	0	0	0.00365	0	0	0	0	0	20.2898	0	0	0.037029	-4.8796	0	4.91663		300	0.117647	0	0	0	0	0	0	0.117647	0	-0.426642	-237.002	0	213.464	213.464	-2.13163e-14	12.4428	0	0	0	0	0	0	0	0	0	0	0	0	0	0	0	0	0	0	0	0	0	0	0	0	0	0	0	0	0	0	0	0	0	
1	1	1	74	2.22		300	0	0	0	0	0	0.0037	0	0	0	0	0	20.5678	0	0	0.0380504	-4.87858	0	4.91663		300	0.117647	0	0	0	0	0	0	0.117647	0	-0.426642	-237.002	0	213.464	213.464	-2.13163e-14	12.4428	0	0	0	0	0	0	0	0	0	0	0	0	0	0	0	0	0	0	0	0	0	0	0	0	0	0	0	0	0	0	0	0	0	
1	1	1	75	2.25		300	0	0	0	0	0	0.00375	0	0	0	0	0	20.8457	0	0	0.0390857	-4.87755	0	4.91663		300	0.117647	0	0	0	0	0	0	0.117647	0	-0.426642	-237.002	0	213.464	213.464	-2.13163e-14	12.4428	0	0	0	0	0	0	0	0	0	0	0	0	0	0	0	0	0	0	0	0	0	0	0	0	0	0	0	0	0	0	0	0	0	
1	1	1	76	2.28		300	0	0	0	0	0	0.0038	0	0	0	0	0	21.1237	0	0	0.040135	-4.8765	0	4.91663		300	0.117647	0	0	0	0	0	0	0.117647	0	-0.426642	-237.002	0	213.464	213.464	-2.13163e-14	12.4428	0	0	0	0	0	0	0	0	0	0	0	0	0	0	0	0	0	0	0	0	0	0	0	0	0	0	0	0	0	0	0	0	0	
1	1	1	77	2.31		300	0	0	0	0	0	0.00385	0	0	0	0	0	21.4016	0	0	0.0411981	-4.87543	0	4.91663		300	0.117647	0	0	0	0	0	0	0.117647	0	-0.426642	-237.002	0	213.464	213.464	-2.13163e-14	12.4428	0	0	0	0	0	0	0	0	0	0	0	0	0	0	0	0	0	0	0	0	0	0	0	0	0	0	0	0	0	0	0	0	0	
1	1	1	78	2.34		300	0	0	0	0	0	0.0039	0	0	0	0	0	21.6796	0	0	0.0422751	-4.87436	0	4.91663		300	0.117647	0	0	0	0	0	0	0.117647	0	-0.426642	-237.002	0	213.464	213.464	-2.13163e-14	12.4428	0	0	0	0	0	0	0	0	0	0	0	0	0	0	0	0	0	0	0	0	0	0	0	0	0	0	0	0	0	0	0	0	0	
1	1	1	79	2.37		300	0	0	0	0	0	0.00395	0	0	0	0	0	21.9575	0	0	0.0433661	-4.87327	0	4.91663		300	0.117647	0	0	0	0	0	0	0.117647	0	-0.426642	-237.002	0	213.464	213.464	-2.13163e-14	12.4428	0	0	0	0	0	0	0	0	0	0	0	0	0	0	0	0	0	0	0	0	0	0	0	0	0	0	0	0	0	0	0	0	0	
1	1	1	80	2.4		300	0	0	0	0	0	0.004	0	0	0	0	0	22.2354	0	0	0.0444709	-4.87216	0	4.91663		300	0.117647	0	0	0	0	0	0	0.117647	0	-0.426642	-237.002	0	213.464	213.464	-2.13163e-14	12.4428	0	0	0	0	0	0	0	0	0	0	0	0	0	0	0	0	0	0	0	0	0	0	0	0	0	0	0	0	0	0	0	0	0	
1	1	1	81	2.43		300	0	0	0	0	0	0.00405	0	0	0	0	0	22.5134	0	0	0.0455896	-4.87104	0	4.91663		300	0.117647	0	0	0	0	0	0	0.117647	0	-0.426642	-237.002	0	213.464	213.464	-2.13163e-14	12.4428	0	0	0	0	0	0	0	0	0	0	0	0	0	0	0	0	0	0	0	0	0	0	0	0	0	0	0	0	0	0	0	0	0	
1	1	1	82	2.46		300	0	0	0	0	0	0.0041	0	0	0	0	0	22.7913	0	0	0.0467222	-4.86991	0	4.91663		300	0.117647	0	0	0	0	0	0	0.117647	0	-0.426642	-237.002	0	213.464	213.464	-2.13163e-14	12.4428	0	0	0	0	0	0	0	0	0	0	0	0	0	0	0	0	0	0	0	0	0	0	0	0	0	0	0	0	0	0	0	0	0	
1	1	1	83	2.49		300	0	0	0	0	0	0.00415	0	0	0	0	0	23.0693	0	0	0.0478687	-4.86876	0	4.91663		300	0.117647	0	0	0	0	0	0	0.117647	0	-0.426642	-237.002	0	213.464	213.464	-2.13163e-14	12.4428	0	0	0	0	0	0	0	0	0	0	0	0	0	0	0	0	0	0	0	0	0	0	0	0	0	0	0	0	0	0	0	0	0	
1	1	1	84	2.52		300	0	0	0	0	0	0.0042	0	0	0	0	0	23.3472	0	0	0.0490292	-4.8676	0	4.91663		300	0.117647	0	0	0	0	0	0	0.117647	0	-0.426642	-237.002	0	213.464	213.464	-2.13163e-14	12.4428	0	0	0	0	0	0	0	0	0	0	0	0	0	0	0	0	0	0	0	0	0	0	0	0	0	0	0	0	0	0	0	0	0	
1	1	1	85	2.55		300	0	0	0	0	0	0.00425	0	0	0	0	0	23.6252	0	0	0.0502035	-4.86643	0	4.91663		300	0.117647	0	0	0	0	0	0	0.117647	0	-0.426642	-237.002	0	213.464	213.464	-2.13163e-14	12.4428	0	0	0	0	0	0	0	0	0	0	0	0	0	0	0	0	0	0	0	0	0	0	0	0	0	0	0	0	0	0	0	0	0	
1	1	1	86	2.58		300	0	0	0	0	0	0.0043	0	0	0	0	0	23.9031	0	0	0.0513917	-4.86524	0	4.91663		300	0.117647	0	0	0	0	0	0	0.117647	0	-0.426642	-237.002	0	213.464	213.464	-2.13163e-14	12.4428	0	0	0	0	0	0	0	0	0	0	0	0	0	0	0	0	0	0	0	0	0	0	0	0	0	0	0	0	0	0	0	0	0	
1	1	1	87	2.61		300	0	0	0	0	0	0.00435	0	0	0	0	0	24.181	0	0	0.0525938	-4.86404	0	4.91663		300	0.117647	0	0	0	0	0	0	0.117647	0	-0.426642	-237.002	0	213.464	213.464	-2.13163e-14	12.4428	0	0	0	0	0	0	0	0	0	0	0	0	0	0	0	0	0	0	0	0	0	0	0	0	0	0	0	0	0	0	0	0	0	
1	1	1	88	2.64		300	0	0	0	0	0	0.0044	0	0	0	0	0	24.459	0	0	0.0538098	-4.86282	0	4.91663		300	0.117647	0	0	0	0	0	0	0.117647	0	-0.426642	-237.002	0	213.464	213.464	-2.13163e-14	12.4428	0	0	0	0	0	0	0	0	0	0	0	0	0	0	0	0	0	0	0	0	0	0	0	0	0	0	0	0	0	0	0	0	0	
1	1	1	89	2.67		300	0	0	0	0	0	0.00445	0	0	0	0	0	24.7369	0	0	0.0550397	-4.86159	0	4.91663		300	0.117647	0	0	0	0	0	0	0.117647	0	-0.426642	-237.002	0	213.464	213.464	-2.13163e-14	12.4428	0	0	0	0	0	0	0	0	0	0	0	0	0	0	0	0	0	0	0	0	0	0	0	0	0	0	0	0	0	0	0	0	0	
1	1	1	90	2.7		300	0	0	0	0	0	0.0045	0	0	0	0	0	25.0149	0	0	0.0562835	-4.86035	0	4.91663		300	0.117647	0	0	0	0	0	0	0.117647	0	-0.426642	-237.002	0	213.464	213.464	-2.13163e-14	12.4428	0	0	0	0	0	0	0	0	0	0	0	0	0	0	0	0	0	0	0	0	0	0	0	0	0	0	0	0	0	0	0	0	0	
1	1	1	91	2.73		300	0	0	0	0	0	0.00455	0	0	0	0	0	25.2928	0	0	0.0575412	-4.85909	0	4.91663		300	0.117647	0	0	0	0	0	0	0.117647	0	-0.426642	-237.002	0	213.464	213.464	-2.13163e-14	12.4428	0	0	0	0	0	0	0	0	0	0	0	0	0	0	0	0	0	0	0	0	0	0	0	0	0	0	0	0	0	0	0	0	0	
1	1	1	92	2.76		300	0	0	0	0	0	0.0046	0	0	0	0	0	25.5708	0	0	0.0588127	-4.85782	0	4.91663		300	0.117647	0	0	0	0	0	0	0.117647	0	-0.426642	-237.002	0	213.464	213.464	-2.13163e-14	12.4428	0	0	0	0	0	0	0	0	0	0	0	0	0	0	0	0	0	0	0	0	0	0	0	0	0	0	0	0	0	0	0	0	0	
1	1	1	93	2.79		300	0	0	0	0	0	0.00465	0	0	0	0	0	25.8487	0	0	0.0600982	-4.85653	0	4.91663		300	0.117647	0	0	0	0	0	0	0.117647	0	-0.426642	-237.002	0	213.464	213.464	-2.13163e-14	12.4428	0	0	0	0	0	0	0	0	0	0	0	0	0	0	0	0	0	0	0	0	0	0	0	0	0	0	0	0	0	0	0	0	0	
1	1	1	94	2.82		300	0	0	0	0	0	0.0047	0	0	0	0	0	26.1266	0	0	0.0613976	-4.85523	0	4.91663		300	0.117647	0	0	0	0	0	0	0.117647	0	-0.426642	-237.002	0	213.464	213.464	-2.13163e-14	12.4428	0	0	0	0	0	0	0	0	0	0	0	0	0	0	0	0	0	0	0	0	0	0	0	0	0	0	0	0	0	0	0	0	0	
1	1	1	95	2.85		300	0	0	0	0	0	0.00475	0	0	0	0	0	26.4046	0	0	0.0627109	-4.85392	0	4.91663		300	0.117647	0	0	0	0	0	0	0.117647	0	-0.426642	-237.002	0	213.464	213.464	-2.13163e-14	12.4428	0	0	0	0	0	0	0	0	0	0	0	0	0	0	0	0	0	0	0	0	0	0	0	0	0	0	0	0	0	0	0	0	0	
1	1	1	96	2.88		300	0	0	0	0	0	0.0048	0	0	0	0	0	26.6825	0	0	0.0640381	-4.85259	0	4.91663		300	0.117647	0	0	0	0	0	0	0.117647	0	-0.426642	-237.002	0	213.464	213.464	-2.13163e-14	12.4428	0	0	0	0	0	0	0	0	0	0	0	0	0	0	0	0	0	0	0	0	0	0	0	0	0	0	0	0	0	0	0	0	0	
1	1	1	97	2.91		300	0	0	0	0	0	0.00485	0	0	0	0	0	26.9605	0	0	0.0653792	-4.85125	0	4.91663		300	0.117647	0	0	0	0	0	0	0.117647	0	-0.426642	-237.002	0	213.464	213.464	-2.13163e-14	12.4428	0	0	0	0	0	0	0	0	0	0	0	0	0	0	0	0	0	0	0	0	0	0	0	0	0	0	0	0	0	0	0	0	0	
1	1	1	98	2.94		300	0	0	0	0	0	0.0049	0	0	0	0	0	27.2384	0	0	0.0667341	-4.8499	0	4.91663		300	0.117647	0	0	0	0	0	0	0.117647	0	-0.426642	-237.002	0	213.464	213.464	-2.13163e-14	12.4428	0	0	0	0	0	0	0	0	0	0	0	0	0	0	0	0	0	0	0	0	0	0	0	0	0	0	0	0	0	0	0	0	0	
1	1	1	99	2.97		300	0	0	0	0	0	0.00495	0	0	0	0	0	27.5164	0	0	0.068103	-4.84853	0	4.91663		300	0.117647	0	0	0	0	0	0	0.117647	0	-0.426642	-237.002	0	213.464	213.464	-2.13163e-14	12.4428	0	0	0	0	0	0	0	0	0	0	0	0	0	0	0	0	0	0	0	0	0	0	0	0	0	0	0	0	0	0	0	0	0	
1	1	1	100	3		300	0	0	0	0	0	0.005	0	0	0	0	0	27.7943	0	0	0.0694858	-4.84715	0	4.91663		300	0.117647	0	0	0	0	0	0	0.117647	0	-0.426642	-237.002	0	213.464	213.464	-2.13163e-14	12.4428	0	0	0	0	0	0	0	0	0	0	0	0	0	0	0	0	0	0	0	0	0	0	0	0	0	0	0	0	0	0	0	0	0	
1	1	1	101	3.03		300	0	0	0	0	0	0.00505	0	0	0	0	0	28.0722	0	0	0.0708824	-4.84575	0	4.91663		300	0.117647	0	0	0	0	0	0	0.117647	0	-0.426642	-237.002	0	213.464	213.464	-2.13163e-14	12.4428	0	0	0	0	0	0	0	0	0	0	0	0	0	0	0	0	0	0	0	0	0	0	0	0	0	0	0	0	0	0	0	0	0	
1	1	1	102	3.06		300	0	0	0	0	0	0.0051	0	0	0	0	0	28.3502	0	0	0.072293	-4.84434	0	4.91663		300	0.117647	0	0	0	0	0	0	0.117647	0	-0.426642	-237.002	0	213.464	213.464	-2.13163e-14	12.4428	0	0	0	0	0	0	0	0	0	0	0	0	0	0	0	0	0	0	0	0	0	0	0	0	0	0	0	0	0	0	0	0	0	
1	1	1	103	3.09		300	0	0	0	0	0	0.00515	0	0	0	0	0	28.6281	0	0	0.0737174	-4.84291	0	4.91663		300	0.117647	0	0	0	0	0	0	0.117647	0	-0.426642	-237.002	0	213.464	213.464	-2.13163e-14	12.4428	0	0	0	0	0	0	0	0	0	0	0	0	0	0	0	0	0	0	0	0	0	0	0	0	0	0	0	0	0	0	0	0	0	
1	1	1	104	3.12		300	0	0	0	0	0	0.0052	0	0	0	0	0	28.9061	0	0	0.0751558	-4.84148	0	4.91663		300	0.117647	0	0	0	0	0	0	0.117647	0	-0.426642	-237.002	0	213.464	213.464	-2.13163e-14	12.4428	0	0	0	0	0	0	0	0	0	0	0	0	0	0	0	0	0	0	0	0	0	0	0	0	0	0	0	0	0	0	0	0	0	
1	1	1	105	3.15		300	0	0	0	0	0	0.00525	0	0	0	0	0	29.184	0	0	0.0766081	-4.84002	0	4.91663		300	0.117647	0	0	0	0	0	0	0.117647	0	-0.426642	-237.002	0	213.464	213.464	-2.13163e-14	12.4428	0	0	0	0	0	0	0	0	0	0	0	0	0	0	0	0	0	0	0	0	0	0	0	0	0	0	0	0	0	0	0	0	0	
1	1	1	106	3.18		300	0	0	0	0	0	0.0053	0	0	0	0	0	29.462	0	0	0.0780742	-4.83856	0	4.91663		300	0.117647	0	0	0	0	0	0	0.117647	0	-0.426642	-237.002	0	213.464	213.464	-2.13163e-14	12.4428	0	0	0	0	0	0	0	0	0	0	0	0	0	0	0	0	0	0	0	0	0	0	0	0	0	0	0	0	0	0	0	0	0	
1	1	1	107	3.21		300	0	0	0	0	0	0.00535	0	0	0	0	0	29.7399	0	0	0.0795542	-4.83708	0	4.91663		300	0.117647	0	0	0	0	0	0	0.117647	0	-0.426642	-237.002	0	213.464	213.464	-2.13163e-14	12.4428	0	0	0	0	0	0	0	0	0	0	0	0	0	0	0	0	0	0	0	0	0	0	0	0	0	0	0	0	0	0	0	0	0	
1	1	1	108	3.24		300	0	0	0	0	0	0.0054	0	0	0	0	0	30.0178	0	0	0.0810482	-4.83558	0	4.91663		300	0.117647	0	0	0	0	0	0	0.117647	0	-0.426642	-237.002	0	213.464	213.464	-2.13163e-14	12.4428	0	0	0	0	0	0	0	0	0	0	0	0	0	0	0	0	0	0	0	0	0	0	0	0	0	0	0	0	0	0	0	0	0	
1	1	1	109	3.27		300	0	0	0	0	0	0.00545	0	0	0	0	0	30.2958	0	0	0.082556	-4.83408	0	4.91663		300	0.117647	0	0	0	0	0	0	0.117647	0	-0.426642	-237.002	0	213.464	213.464	-2.13163e-14	12.4428	0	0	0	0	0	0	0	0	0	0	0	0	0	0	0	0	0	0	0	0	0	0	0	0	0	0	0	0	0	0	0	0	0	
1	1	1	110	3.3		300	0	0	0	0	0	0.0055	0	0	0	0	0	30.5737	0	0	0.0840778	-4.83255	0	4.91663		300	0.117647	0	0	0	0	0	0	0.117647	0	-0.426642	-237.002	0	213.464	213.464	-2.13163e-14	12.4428	0	0	0	0	0	0	0	0	0	0	0	0	0	0	0	0	0	0	0	0	0	0	0	0	0	0	0	0	0	0	0	0	0	
1	1	1	111	3.33		300	0	0	0	0	0	0.00555	0	0	0	0	0	30.8517	0	0	0.0856134	-4.83102	0	4.91663		300	0.117647	0	0	0	0	0	0	0.117647	0	-0.426642	-237.002	0	213.464	213.464	-2.13163e-14	12.4428	0	0	0	0	0	0	0	0	0	0	0	0	0	0	0	0	0	0	0	0	0	0	0	0	0	0	0	0	0	0	0	0	0	
1	1	1	112	3.36		300	0	0	0	0	0	0.0056	0	0	0	0	0	31.1296	0	0	0.0871629	-4.82947	0	4.91663		300	0.117647	0	0	0	0	0	0	0.117647	0	-0.426642	-237.002	0	213.464	213.464	-2.13163e-14	12.4428	0	0	0	0	0	0	0	0	0	0	0	0	0	0	0	0	0	0	0	0	0	0	0	0	0	0	0	0	0	0	0	0	0	
1	1	1	113	3.39		300	0	0	0	0	0	0.00565	0	0	0	0	0	31.4076	0	0	0.0887264	-4.82791	0	4.91663		300	0.117647	0	0	0	0	0	0	0.117647	0	-0.426642	-237.002	0	213.464	213.464	-2.13163e-14	12.4428	0	0	0	0	0	0	0	0	0	0	0	0	0	0	0	0	0	0	0	0	0	0	0	0	0	0	0	0	0	0	0	0	0	
1	1	1	114	3.42		300	0	0	0	0	0	0.0057	0	0	0	0	0	31.6855	0	0	0.0903037	-4.82633	0	4.91663		300	0.117647	0	0	0	0	0	0	0.117647	0	-0.426642	-237.002	0	213.464	213.464	-2.13163e-14	12.4428	0	0	0	0	0	0	0	0	0	0	0	0	0	0	0	0	0	0	0	0	0	0	0	0	0	0	0	0	0	0	0	0	0	
1	1	1	115	3.45		300	0	0	0	0	0	0.00575	0	0	0	0	0	31.9634	0	0	0.0918949	-4.82474	0	4.91663		300	0.117647	0	0	0	0	0	0	0.117647	0	-0.426642	-237.002	0	213.464	213.464	-2.13163e-14	12.4428	0	0	0	0	0	0	0	0	0	0	0	0	0	0	0	0	0	0	0	0	0	0	0	0	0	0	0	0	0	0	0	0	0	
1	1	1	116	3.48		300	0	0	0	0	0	0.0058	0	0	0	0	0	32.2414	0	0	0.0935	-4.82313	0	4.91663		300	0.117647	0	0	0	0	0	0	0.117647	0	-0.426642	-237.002	0	213.464	213.464	-2.13163e-14	12.4428	0	0	0	0	0	0	0	0	0	0	0	0	0	0	0	0	0	0	0	0	0	0	0	0	0	0	0	0	0	0	0	0	0	
1	1	1	117	3.51		300	0	0	0	0	0	0.00585	0	0	0	0	0	32.5193	0	0	0.0951191	-4.82151	0	4.91663		300	0.117647	0	0	0	0	0	0	0.117647	0	-0.426642	-237.002	0	213.464	213.464	-2.13163e-14	12.4428	0	0	0	0	0	0	0	0	0	0	0	0	0	0	0	0	0	0	0	0	0	0	0	0	0	0	0	0	0	0	0	0	0	
1	1	1	118	3.54		300	0	0	0	0	0	0.0059	0	0	0	0	0	32.7973	0	0	0.096752	-4.81988	0	4.91663		300	0.117647	0	0	0	0	0	0	0.117647	0	-0.426642	-237.002	0	213.464	213.464	-2.13163e-14	12.4428	0	0	0	0	0	0	0	0	0	0	0	0	0	0	0	0	0	0	0	0	0	0	0	0	0	0	0	0	0	0	0	0	0	
1	1	1	119	3.57		300	0	0	0	0	0	0.00595	0	0	0	0	0	33.0752	0	0	0.0983988	-4.81823	0	4.91663		300	0.117647	0	0	0	0	0	0	0.117647	0	-0.426642	-237.002	0	213.464	213.464	-2.13163e-14	12.4428	0	0	0	0	0	0	0	0	0	0	0	0	0	0	0	0	0	0	0	0	0	0	0	0	0	0	0	0	0	0	0	0	0	
1	1	1	120	3.6		300	0	0	0	0	0	0.006	0	0	0	0	0	33.3532	0	0	0.100059	-4.81657	0	4.91663		300	0.117647	0	0	0	0	0	0	0.117647	0	-0.426642	-237.002	0	213.464	213.464	-2.13163e-14	12.4428	0	0	0	0	0	0	0	0	0	0	0	0	0	0	0	0	0	0	0	0	0	0	0	0	0	0	0	0	0	0	0	0	0	
1	1	1	121	3.63		300	0	0	0	0	0	0.00605	0	0	0	0	0	33.6311	0	0	0.101734	-4.8149	0	4.91663		300	0.117647	0	0	0	0	0	0	0.117647	0	-0.426642	-237.002	0	213.464	213.464	-2.13163e-14	12.4428	0	0	0	0	0	0	0	0	0	0	0	0	0	0	0	0	0	0	0	0	0	0	0	0	0	0	0	0	0	0	0	0	0	
1	1	1	122	3.66		300	0	0	0	0	0	0.0061	0	0	0	0	0	33.9091	0	0	0.103423	-4.81321	0	4.91663		300	0.117647	0	0	0	0	0	0	0.117647	0	-0.426642	-237.002	0	213.464	213.464	-2.13163e-14	12.4428	0	0	0	0	0	0	0	0	0	0	0	0	0	0	0	0	0	0	0	0	0	0	0	0	0	0	0	0	0	0	0	0	0	
1	1	1	123	3.69		300	0	0	0	0	0	0.00615	0	0	0	0	0	34.187	0	0	0.105125	-4.81151	0	4.91663		300	0.117647	0	0	0	0	0	0	0.117647	0	-0.426642	-237.002	0	213.464	213.464	-2.13163e-14	12.4428	0	0	0	0	0	0	0	0	0	0	0	0	0	0	0	0	0	0	0	0	0	0	0	0	0	0	0	0	0	0	0	0	0	
1	1	1	124	3.72		300	0	0	0	0	0	0.0062	0	0	0	0	0	34.4649	0	0	0.106841	-4.80979	0	4.91663		300	0.117647	0	0	0	0	0	0	0.117647	0	-0.426642	-237.002	0	213.464	213.464	-2.13163e-14	12.4428	0	0	0	0	0	0	0	0	0	0	0	0	0	0	0	0	0	0	0	0	0	0	0	0	0	0	0	0	0	0	0	0	0	
1	1	1	125	3.75		300	0	0	0	0	0	0.00625	0	0	0	0	0	34.7429	0	0	0.108571	-4.80806	0	4.91663		300	0.117647	0	0	0	0	0	0	0.117647	0	-0.426642	-237.002	0	213.464	213.464	-2.13163e-14	12.4428	0	0	0	0	0	0	0	0	0	0	0	0	0	0	0	0	0	0	0	0	0	0	0	0	0	0	0	0	0	0	0	0	0	
1	1	1	126	3.78		300	0	0	0	0	0	0.0063	0	0	0	0	0	35.0208	0	0	0.110316	-4.80632	0	4.91663		300	0.117647	0	0	0	0	0	0	0.117647	0	-0.426642	-237.002	0	213.464	213.464	-2.13163e-14	12.4428	0	0	0	0	0	0	0	0	0	0	0	0	0	0	0	0	0	0	0	0	0	0	0	0	0	0	0	0	0	0	0	0	0	
1	1	1	127	3.81		300	0	0	0	0	0	0.00635	0	0	0	0	0	35.2988	0	0	0.112074	-4.80456	0	4.91663		300	0.117647	0	0	0	0	0	0	0.117647	0	-0.426642	-237.002	0	213.464	213.464	-2.13163e-14	12.4428	0	0	0	0	0	0	0	0	0	0	0	0	0	0	0	0	0	0	0	0	0	0	0	0	0	0	0	0	0	0	0	0	0	
1	1	1	128	3.84		300	0	0	0	0	0	0.0064	0	0	0	0	0	35.5767	0	0	0.113845	-4.80279	0	4.91663		300	0.117647	0	0	0	0	0	0	0.117647	0	-0.426642	-237.002	0	213.464	213.464	-2.13163e-14	12.4428	0	0	0	0	0	0	0	0	0	0	0	0	0	0	0	0	0	0	0	0	0	0	0	0	0	0	0	0	0	0	0	0	0	
1	1	1	129	3.87		300	0	0	0	0	0	0.00645	0	0	0	0	0	35.8547	0	0	0.115631	-4.801	0	4.91663		300	0.117647	0	0	0	0	0	0	0.117647	0	-0.426642	-237.002	0	213.464	213.464	-2.13163e-14	12.4428	0	0	0	0	0	0	0	0	0	0	0	0	0	0	0	0	0	0	0	0	0	0	0	0	0	0	0	0	0	0	0	0	0	
1	1	1	130	3.9		300	0	0	0	0	0	0.0065	0	0	0	0	0	36.1326	0	0	0.117431	-4.7992	0	4.91663		300	0.117647	0	0	0	0	0	0	0.117647	0	-0.426642	-237.002	0	213.464	213.464	-2.13163e-14	12.4428	0	0	0	0	0	0	0	0	0	0	0	0	0	0	0	0	0	0	0	0	0	0	0	0	0	0	0	0	0	0	0	0	0	
1	1	1	131	3.93		300	0	0	0	0	0	0.00655	0	0	0	0	0	36.4105	0	0	0.119245	-4.79739	0	4.91663		300	0.117647	0	0	0	0	0	0	0.117647	0	-0.426642	-237.002	0	213.464	213.464	-2.13163e-14	12.4428	0	0	0	0	0	0	0	0	0	0	0	0	0	0	0	0	0	0	0	0	0	0	0	0	0	0	0	0	0	0	0	0	0	
1	1	1	132	3.96		300	0	0	0	0	0	0.0066	0	0	0	0	0	36.6885	0	0	0.121072	-4.79556	0	4.91663		300	0.117647	0	0	0	0	0	0	0.117647	0	-0.426642	-237.002	0	213.464	213.464	-2.13163e-14	12.4428	0	0	0	0	0	0	0	0	0	0	0	0	0	0	0	0	0	0	0	0	0	0	0	0	0	0	0	0	0	0	0	0	0	
1	1	1	133	3.99		300	0	0	0	0	0	0.00665	0	0	0	0	0	36.9664	0	0	0.122913	-4.79372	0	4.91663		300	0.117647	0	0	0	0	0	0	0.117647	0	-0.426642	-237.002	0	213.464	213.464	-2.13163e-14	12.4428	0	0	0	0	0	0	0	0	0	0	0	0	0	0	0	0	0	0	0	0	0	0	0	0	0	0	0	0	0	0	0	0	0	
1	1	1	134	4.02		300	0	0	0	0	0	0.0067	0	0	0	0	0	37.2444	0	0	0.124769	-4.79186	0	4.91663		300	0.117647	0	0	0	0	0	0	0.117647	0	-0.426642	-237.002	0	213.464	213.464	-2.13163e-14	12.4428	0	0	0	0	0	0	0	0	0	0	0	0	0	0	0	0	0	0	0	0	0	0	0	0	0	0	0	0	0	0	0	0	0	
1	1	1	135	4.05		300	0	0	0	0	0	0.00675	0	0	0	0	0	37.5223	0	0	0.126638	-4.78999	0	4.91663		300	0.117647	0	0	0	0	0	0	0.117647	0	-0.426642	-237.002	0	213.464	213.464	-2.13163e-14	12.4428	0	0	0	0	0	0	0	0	0	0	0	0	0	0	0	0	0	0	0	0	0	0	0	0	0	0	0	0	0	0	0	0	0	
1	1	1	136	4.08		300	0	0	0	0	0	0.0068	0	0	0	0	0	37.8003	0	0	0.128521	-4.78811	0	4.91663		300	0.117647	0	0	0	0	0	0	0.117647	0	-0.426642	-237.002	0	213.464	213.464	-2.13163e-14	12.4428	0	0	0	0	0	0	0	0	0	0	0	0	0	0	0	0	0	0	0	0	0	0	0	0	0	0	0	0	0	0	0	0	0	
1	1	1	137	4.11		300	0	0	0	0	0	0.00685	0	0	0	0	0	38.0782	0	0	0.130418	-4.78621	0	4.91663		300	0.117647	0	0	0	0	0	0	0.117647	0	-0.426642	-237.002	0	213.464	213.464	-2.13163e-14	12.4428	0	0	0	0	0	0	0	0	0	0	0	0	0	0	0	0	0	0	0	0	0	0	0	0	0	0	0	0	0	0	0	0	0	
1	1	1	138	4.14		300	0	0	0	0	0	0.0069	0	0	0	0	0	38.3561	0	0	0.132329	-4.7843	0	4.91663		300	0.117647	0	0	0	0	0	0	0.117647	0	-0.426642	-237.002	0	213.464	213.464	-2.13163e-14	12.4428	0	0	0	0	0	0	0	0	0	0	0	0	0	0	0	0	0	0	0	0	0	0	0	0	0	0	0	0	0	0	0	0	0	
1	1	1	139	4.17		300	0	0	0	0	0	0.00695	0	0	0	0	0	38.6341	0	0	0.134253	-4.78238	0	4.91663		300	0.117647	0	0	0	0	0	0	0.117647	0	-0.426642	-237.002	0	213.464	213.464	-2.13163e-14	12.4428	0	0	0	0	0	0	0	0	0	0	0	0	0	0	0	0	0	0	0	0	0	0	0	0	0	0	0	0	0	0	0	0	0	
1	1	1	140	4.2		300	0	0	0	0	0	0.007	0	0	0	0	0	38.912	0	0	0.136192	-4.78044	0	4.91663		300	0.117647	0	0	0	0	0	0	0.117647	0	-0.426642	-237.002	0	213.464	213.464	-2.13163e-14	12.4428	0	0	0	0	0	0	0	0	0	0	0	0	0	0	0	0	0	0	0	0	0	0	0	0	0	0	0	0	0	0	0	0	0	
1	1	1	141	4.23		300	0	0	0	0	0	0.00705	0	0	0	0	0	39.19	0	0	0.138145	-4.77849	0	4.91663		300	0.117647	0	0	0	0	0	0	0.117647	0	-0.426642	-237.002	0	213.464	213.464	-2.13163e-14	12.4428	0	0	0	0	0	0	0	0	0	0	0	0	0	0	0	0	0	0	0	0	0	0	0	0	0	0	0	0	0	0	0	0	0	
1	1	1	142	4.26		300	0	0	0	0	0	0.0071	0	0	0	0	0	39.4679	0	0	0.140111	-4.77652	0	4.91663		300	0.117647	0	0	0	0	0	0	0.117647	0	-0.426642	-237.002	0	213.464	213.464	-2.13163e-14	12.4428	0	0	0	0	0	0	0	0	0	0	0	0	0	0	0	0	0	0	0	0	0	0	0	0	0	0	0	0	0	0	0	0	0	
1	1	1	143	4.29		300	0	0	0	0	0	0.00715	0	0	0	0	0	39.7459	0	0	0.142091	-4.77454	0	4.91663		300	0.117647	0	0	0	0	0	0	0.117647	0	-0.426642	-237.002	0	213.464	213.464	-2.13163e-14	12.4428	0	0	0	0	0	0	0	0	0	0	0	0	0	0	0	0	0	0	0	0	0	0	0	0	0	0	0	0	0	0	0	0	0	
1	1	1	144	4.32		300	0	0	0	0	0	0.0072	0	0	0	0	0	40.0238	0	0	0.144086	-4.77255	0	4.91663		300	0.117647	0	0	0	0	0	0	0.117647	0	-0.426642	-237.002	0	213.464	213.464	-2.13163e-14	12.4428	0	0	0	0	0	0	0	0	0	0	0	0	0	0	0	0	0	0	0	0	0	0	0	0	0	0	0	0	0	0	0	0	0	
1	1	1	145	4.35		300	0	0	0	0	0	0.00725	0	0	0	0	0	40.3017	0	0	0.146094	-4.77054	0	4.91663		300	0.117647	0	0	0	0	0	0	0.117647	0	-0.426642	-237.002	0	213.464	213.464	-2.13163e-14	12.4428	0	0	0	0	0	0	0	0	0	0	0	0	0	0	0	0	0	0	0	0	0	0	0	0	0	0	0	0	0	0	0	0	0	
1	1	1	146	4.38		300	0	0	0	0	0	0.0073	0	0	0	0	0	40.5797	0	0	0.148116	-4.76852	0	4.91663		300	0.117647	0	0	0	0	0	0	0.117647	0	-0.426642	-237.002	0	213.464	213.464	-2.13163e-14	12.4428	0	0	0	0	0	0	0	0	0	0	0	0	0	0	0	0	0	0	0	0	0	0	0	0	0	0	0	0	0	0	0	0	0	
1	1	1	147	4.41		300	0	0	0	0	0	0.00735	0	0	0	0	0	40.8576	0	0	0.150152	-4.76648	0	4.91663		300	0.117647	0	0	0	0	0	0	0.117647	0	-0.426642	-237.002	0	213.464	213.464	-2.13163e-14	12.4428	0	0	0	0	0	0	0	0	0	0	0	0	0	0	0	0	0	0	0	0	0	0	0	0	0	0	0	0	0	0	0	0	0	
1	1	1	148	4.44		300	0	0	1.44152e-09	1.44152e-09	-2.88304e-09	0.0074	0	0	-2.82919e-10	-2.82919e-10	5.65838e-10	41.1351	0	0	0.152202	-4.77031	0	4.92251		300	0.118119	1.44155e-09	1.44155e-09	-2.8831e-09	8.44891e-08	0	0	0.118119	0	-0.426642	-237.002	0	213.464	213.464	-2.13163e-14	12.4428	0	0	0	0	0	0	0	0	0	0	0	0	0	0	0	0	0	0	0	0	0	0	0	0	0	0	0	0	0	0	0	0	0	
1	1	1	149	4.47		300	0	0	8.7445e-09	8.7445e-09	-1.7489e-08	0.00745	0	0	-2.3656e-09	-2.3656e-09	4.7312e-09	41.4107	0	0	0.154265	-4.77534	0	4.9296		300	0.11869	8.74475e-09	8.74475e-09	-1.74895e-08	5.12506e-07	0	0	0.11869	0	-0.426642	-237.002	0	213.464	213.464	-2.13163e-14	12.4428	0	0	0	0	0	0	0	0	0	0	0	0	0	0	0	0	0	0	0	0	0	0	0	0	0	0	0	0	0	0	0	0	0	
1	1	1	150	4.5		300	0	0	2.2325e-08	2.2325e-08	-4.465e-08	0.0075	0	0	-6.26437e-09	-6.26437e-09	1.25287e-08	41.6842	0	0	0.156343	-4.7804	0	4.93674		300	0.119264	2.23256e-08	2.23256e-08	-4.46513e-08	1.30838e-06	0	0	0.119264	0	-0.426642	-237.002	0	213.464	213.464	-2.13163e-14	12.4428	0	0	0	0	0	0	0	0	0	0	0	0	0	0	0	0	0	0	0	0	0	0	0	0	0	0	0	0	0	0	0	0	0	
1	1	1	151	4.53		300	0	0	4.21811e-08	4.21811e-08	-8.43622e-08	0.00755	0	0	-1.19972e-08	-1.19972e-08	2.39943e-08	41.9557	0	0	0.158434	-4.78549	0	4.94392		300	0.119841	4.21823e-08	4.21823e-08	-8.43647e-08	2.47197e-06	0	0	0.119841	0	-0.426642	-237.002	0	213.464	213.464	-2.13163e-14	12.4428	0	0	0	0	0	0	0	0	0	0	0	0	0	0	0	0	0	0	0	0	0	0	0	0	0	0	0	0	0	0	0	0	0	
1	1	1	152	4.56		300	0	0	6.83062e-08	6.83062e-08	-1.36612e-07	0.0076	0	0	-1.95767e-08	-1.95767e-08	3.91534e-08	42.2251	0	0	0.160538	-4.7906	0	4.95114		300	0.120421	6.83083e-08	6.83083e-08	-1.36617e-07	4.00282e-06	0	0	0.120421	0	-0.426642	-237.002	0	213.464	213.464	-2.13163e-14	12.4428	0	0	0	0	0	0	0	0	0	0	0	0	0	0	0	0	0	0	0	0	0	0	0	0	0	0	0	0	0	0	0	0	0	
1	1	1	153	4.59		300	0	0	1.00689e-07	1.00689e-07	-2.01379e-07	0.00765	0	0	-2.9011e-08	-2.9011e-08	5.80221e-08	42.4925	0	0	0.162656	-4.79574	0	4.95839		300	0.121004	1.00692e-07	1.00692e-07	-2.01385e-07	5.90026e-06	0	0	0.121004	0	-0.426642	-237.002	0	213.464	213.464	-2.13163e-14	12.4428	0	0	0	0	0	0	0	0	0	0	0	0	0	0	0	0	0	0	0	0	0	0	0	0	0	0	0	0	0	0	0	0	0	
1	1	1	154	4.62		300	0	0	1.39316e-07	1.39316e-07	-2.78631e-07	0.0077	0	0	-4.03038e-08	-4.03038e-08	8.06075e-08	42.7578	0	0	0.164787	-4.8009	0	4.96568		300	0.12159	1.3932e-07	1.3932e-07	-2.78639e-07	8.16335e-06	0	0	0.12159	0	-0.426642	-237.002	0	213.464	213.464	-2.13163e-14	12.4428	0	0	0	0	0	0	0	0	0	0	0	0	0	0	0	0	0	0	0	0	0	0	0	0	0	0	0	0	0	0	0	0	0	
1	1	1	155	4.65		300	0	0	1.84165e-07	1.84165e-07	-3.68331e-07	0.00775	0	0	-5.34546e-08	-5.34546e-08	1.06909e-07	43.0212	0	0	0.166932	-4.80607	0	4.97301		300	0.122179	1.84171e-07	1.84171e-07	-3.68342e-07	1.07909e-05	0	0	0.122179	0	-0.426642	-237.002	0	213.464	213.464	-2.13163e-14	12.4428	0	0	0	0	0	0	0	0	0	0	0	0	0	0	0	0	0	0	0	0	0	0	0	0	0	0	0	0	0	0	0	0	0	
1	1	1	156	4.68		300	0	0	2.35217e-07	2.35217e-07	-4.70433e-07	0.0078	0	0	-6.84596e-08	-6.84596e-08	1.36919e-07	43.2825	0	0	0.169089	-4.81127	0	4.98036		300	0.12277	2.35224e-07	2.35224e-07	-4.70448e-07	1.37816e-05	0	0	0.12277	0	-0.426642	-237.002	0	213.464	213.464	-2.13163e-14	12.4428	0	0	0	0	0	0	0	0	0	0	0	0	0	0	0	0	0	0	0	0	0	0	0	0	0	0	0	0	0	0	0	0	0	
1	1	1	157	4.71		300	0	0	2.92443e-07	2.92443e-07	-5.84886e-07	0.00785	0	0	-8.53115e-08	-8.53115e-08	1.70623e-07	43.5418	0	0	0.17126	-4.81648	0	4.98774		300	0.123364	2.92452e-07	2.92452e-07	-5.84904e-07	1.71339e-05	0	0	0.123364	0	-0.426642	-237.002	0	213.464	213.464	-2.13163e-14	12.4428	0	0	0	0	0	0	0	0	0	0	0	0	0	0	0	0	0	0	0	0	0	0	0	0	0	0	0	0	0	0	0	0	0	
1	1	1	158	4.74		300	0	0	3.55815e-07	3.55815e-07	-7.11631e-07	0.0079	0	0	-1.04e-07	-1.04e-07	2.08e-07	43.7991	0	0	0.173444	-4.82171	0	4.99516		300	0.12396	3.55826e-07	3.55826e-07	-7.11653e-07	2.08459e-05	0	0	0.12396	0	-0.426642	-237.002	0	213.464	213.464	-2.13163e-14	12.4428	0	0	0	0	0	0	0	0	0	0	0	0	0	0	0	0	0	0	0	0	0	0	0	0	0	0	0	0	0	0	0	0	0	
1	1	1	159	4.77		300	0	0	4.25302e-07	4.25302e-07	-8.50604e-07	0.00795	0	0	-1.24513e-07	-1.24513e-07	2.49026e-07	44.0544	0	0	0.17564	-4.82696	0	5.0026		300	0.124558	4.25315e-07	4.25315e-07	-8.5063e-07	2.49159e-05	0	0	0.124558	0	-0.426642	-237.002	0	213.464	213.464	-2.13163e-14	12.4428	0	0	0	0	0	0	0	0	0	0	0	0	0	0	0	0	0	0	0	0	0	0	0	0	0	0	0	0	0	0	0	0	0	
1	1	1	160	4.8		300	0	0	5.00868e-07	5.00868e-07	-1.00174e-06	0.008	0	0	-1.46834e-07	-1.46834e-07	2.93668e-07	44.3078	0	0	0.177849	-4.83222	0	5.01007		300	0.125158	5.00883e-07	5.00883e-07	-1.00177e-06	2.93417e-05	0	0	0.125158	0	-0.426642	-237.002	0	213.464	213.464	-2.13163e-14	12.4428	0	0	0	0	0	0	0	0	0	0	0	0	0	0	0	0	0	0	0	0	0	0	0	0	0	0	0	0	0	0	0	0	0	
1	1	1	161	4.83		300	0	0	5.82476e-07	5.82476e-07	-1.16495e-06	0.00805	0	0	-1.70947e-07	-1.70947e-07	3.41894e-07	44.5592	0	0	0.180071	-4.83749	0	5.01756		300	0.125761	5.82494e-07	5.82494e-07	-1.16499e-06	3.41211e-05	0	0	0.125761	0	-0.426642	-237.002	0	213.464	213.464	-2.13163e-14	12.4428	0	0	0	0	0	0	0	0	0	0	0	0	0	0	0	0	0	0	0	0	0	0	0	0	0	0	0	0	0	0	0	0	0	
1	1	1	162	4.86		300	0	0	6.70087e-07	6.70087e-07	-1.34017e-06	0.0081	0	0	-1.96833e-07	-1.96833e-07	3.93665e-07	44.8086	0	0	0.182305	-4.84277	0	5.02508		300	0.126365	6.70107e-07	6.70107e-07	-1.34021e-06	3.92518e-05	0	0	0.126365	0	-0.426642	-237.002	0	213.464	213.464	-2.13163e-14	12.4428	0	0	0	0	0	0	0	0	0	0	0	0	0	0	0	0	0	0	0	0	0	0	0	0	0	0	0	0	0	0	0	0	0	
1	1	1	163	4.89		300	0	0	7.63659e-07	7.63659e-07	-1.52732e-06	0.00815	0	0	-2.2447e-07	-2.2447e-07	4.48939e-07	45.0561	0	0	0.184551	-4.84807	0	5.03262		300	0.126971	7.63683e-07	7.63683e-07	-1.52737e-06	4.47312e-05	0	0	0.126971	0	-0.426642	-237.002	0	213.464	213.464	-2.13163e-14	12.4428	0	0	0	0	0	0	0	0	0	0	0	0	0	0	0	0	0	0	0	0	0	0	0	0	0	0	0	0	0	0	0	0	0	
1	1	1	164	4.92		300	0	0	8.63149e-07	8.63149e-07	-1.7263e-06	0.0082	0	0	-2.53836e-07	-2.53836e-07	5.07673e-07	45.3016	0	0	0.18681	-4.85337	0	5.04018		300	0.127579	8.63176e-07	8.63176e-07	-1.72635e-06	5.0557e-05	0	0	0.127579	0	-0.426642	-237.002	0	213.464	213.464	-2.13163e-14	12.4428	0	0	0	0	0	0	0	0	0	0	0	0	0	0	0	0	0	0	0	0	0	0	0	0	0	0	0	0	0	0	0	0	0	
1	1	1	165	4.95		300	0	0	9.68512e-07	9.68512e-07	-1.93702e-06	0.00825	0	0	-2.84909e-07	-2.84909e-07	5.69819e-07	45.5453	0	0	0.189082	-4.85868	0	5.04777		300	0.128189	9.68542e-07	9.68542e-07	-1.93708e-06	5.67263e-05	0	0	0.128189	0	-0.426642	-237.002	0	213.464	213.464	-2.13163e-14	12.4428	0	0	0	0	0	0	0	0	0	0	0	0	0	0	0	0	0	0	0	0	0	0	0	0	0	0	0	0	0	0	0	0	0	
1	1	1	166	4.98		300	0	0	1.0797e-06	1.0797e-06	-2.1594e-06	0.0083	0	0	-3.17664e-07	-3.17664e-07	6.35328e-07	45.787	0	0	0.191365	-4.864	0	5.05537		300	0.1288	1.07973e-06	1.07973e-06	-2.15947e-06	6.32364e-05	0	0	0.1288	0	-0.426642	-237.002	0	213.464	213.464	-2.13163e-14	12.4428	0	0	0	0	0	0	0	0	0	0	0	0	0	0	0	0	0	0	0	0	0	0	0	0	0	0	0	0	0	0	0	0	0	
1	1	1	167	5.01		300	0	0	1.19667e-06	1.19667e-06	-2.39334e-06	0.00835	0	0	-3.52076e-07	-3.52076e-07	7.04151e-07	46.0269	0	0	0.19366	-4.86933	0	5.06299		300	0.129413	1.19671e-06	1.19671e-06	-2.39341e-06	7.00844e-05	0	0	0.129413	0	-0.426642	-237.002	0	213.464	213.464	-2.13163e-14	12.4428	0	0	0	0	0	0	0	0	0	0	0	0	0	0	0	0	0	0	0	0	0	0	0	0	0	0	0	0	0	0	0	0	0	
1	1	1	168	5.04		300	0	0	1.31937e-06	1.31937e-06	-2.63873e-06	0.0084	0	0	-3.88118e-07	-3.88118e-07	7.76236e-07	46.2649	0	0	0.195967	-4.87466	0	5.07063		300	0.130027	1.31941e-06	1.31941e-06	-2.63881e-06	7.72675e-05	0	0	0.130027	0	-0.426642	-237.002	0	213.464	213.464	-2.13163e-14	12.4428	0	0	0	0	0	0	0	0	0	0	0	0	0	0	0	0	0	0	0	0	0	0	0	0	0	0	0	0	0	0	0	0	0	
1	1	1	169	5.07		300	0	0	1.44774e-06	1.44774e-06	-2.89548e-06	0.00845	0	0	-4.25765e-07	-4.25765e-07	8.51529e-07	46.5011	0	0	0.198287	-4.88	0	5.07829		300	0.130642	1.44779e-06	1.44779e-06	-2.89557e-06	8.47827e-05	0	0	0.130642	0	-0.426642	-237.002	0	213.464	213.464	-2.13163e-14	12.4428	0	0	0	0	0	0	0	0	0	0	0	0	0	0	0	0	0	0	0	0	0	0	0	0	0	0	0	0	0	0	0	0	0	
1	1	1	170	5.1		300	0	0	1.58174e-06	1.58174e-06	-3.16349e-06	0.0085	0	0	-4.64989e-07	-4.64989e-07	9.29977e-07	46.7354	0	0	0.200618	-4.88534	0	5.08596		300	0.131259	1.58179e-06	1.58179e-06	-3.16358e-06	9.2627e-05	0	0	0.131259	0	-0.426642	-237.002	0	213.464	213.464	-2.13163e-14	12.4428	0	0	0	0	0	0	0	0	0	0	0	0	0	0	0	0	0	0	0	0	0	0	0	0	0	0	0	0	0	0	0	0	0	
1	1	1	171	5.13		300	0	0	1.72132e-06	1.72132e-06	-3.44264e-06	0.00855	0	0	-5.05763e-07	-5.05763e-07	1.01153e-06	46.9679	0	0	0.20296	-4.89069	0	5.09365		300	0.131877	1.72137e-06	1.72137e-06	-3.44275e-06	0.000100797	0	0	0.131877	0	-0.426642	-237.002	0	213.464	213.464	-2.13163e-14	12.4428	0	0	0	0	0	0	0	0	0	0	0	0	0	0	0	0	0	0	0	0	0	0	0	0	0	0	0	0	0	0	0	0	0	
1	1	1	172	5.16		300	0	0	1.86642e-06	1.86642e-06	-3.73284e-06	0.0086	0	0	-5.48059e-07	-5.48059e-07	1.09612e-06	47.1987	0	0	0.205314	-4.89603	0	5.10135		300	0.132496	1.86648e-06	1.86648e-06	-3.73295e-06	0.00010929	0	0	0.132496	0	-0.426642	-237.002	0	213.464	213.464	-2.13163e-14	12.4428	0	0	0	0	0	0	0	0	0	0	0	0	0	0	0	0	0	0	0	0	0	0	0	0	0	0	0	0	0	0	0	0	0	
1	1	1	173	5.19		300	0	0	2.01698e-06	2.01698e-06	-4.03397e-06	0.00865	0	0	-5.91851e-07	-5.91851e-07	1.1837e-06	47.4276	0	0	0.20768	-4.90138	0	5.10906		300	0.133116	2.01705e-06	2.01705e-06	-4.03409e-06	0.000118103	0	0	0.133116	0	-0.426642	-237.002	0	213.464	213.464	-2.13163e-14	12.4428	0	0	0	0	0	0	0	0	0	0	0	0	0	0	0	0	0	0	0	0	0	0	0	0	0	0	0	0	0	0	0	0	0	
1	1	1	174	5.22		300	0	0	2.17297e-06	2.17297e-06	-4.34593e-06	0.0087	0	0	-6.37109e-07	-6.37109e-07	1.27422e-06	47.6548	0	0	0.210057	-4.90673	0	5.11679		300	0.133737	2.17303e-06	2.17303e-06	-4.34607e-06	0.000127232	0	0	0.133737	0	-0.426642	-237.002	0	213.464	213.464	-2.13163e-14	12.4428	0	0	0	0	0	0	0	0	0	0	0	0	0	0	0	0	0	0	0	0	0	0	0	0	0	0	0	0	0	0	0	0	0	
1	1	1	175	5.25		300	0	0	2.33431e-06	2.33431e-06	-4.66861e-06	0.00875	0	0	-6.83808e-07	-6.83808e-07	1.36762e-06	47.8803	0	0	0.212445	-4.91209	0	5.12453		300	0.134359	2.33438e-06	2.33438e-06	-4.66875e-06	0.000136674	0	0	0.134359	0	-0.426642	-237.002	0	213.464	213.464	-2.13163e-14	12.4428	0	0	0	0	0	0	0	0	0	0	0	0	0	0	0	0	0	0	0	0	0	0	0	0	0	0	0	0	0	0	0	0	0	
1	1	1	176	5.28		300	0	0	2.50095e-06	2.50095e-06	-5.0019e-06	0.0088	0	0	-7.31918e-07	-7.31918e-07	1.46384e-06	48.104	0	0	0.214845	-4.91744	0	5.13228		300	0.134982	2.50103e-06	2.50103e-06	-5.00205e-06	0.000146427	0	0	0.134982	0	-0.426642	-237.002	0	213.464	213.464	-2.13163e-14	12.4428	0	0	0	0	0	0	0	0	0	0	0	0	0	0	0	0	0	0	0	0	0	0	0	0	0	0	0	0	0	0	0	0	0	
1	1	1	177	5.31		300	0	0	2.67284e-06	2.67284e-06	-5.34569e-06	0.00885	0	0	-7.81413e-07	-7.81413e-07	1.56283e-06	48.326	0	0	0.217256	-4.92279	0	5.14004		300	0.135606	2.67293e-06	2.67293e-06	-5.34585e-06	0.000156486	0	0	0.135606	0	-0.426642	-237.002	0	213.464	213.464	-2.13163e-14	12.4428	0	0	0	0	0	0	0	0	0	0	0	0	0	0	0	0	0	0	0	0	0	0	0	0	0	0	0	0	0	0	0	0	0	
1	1	1	178	5.34		300	0	0	2.84993e-06	2.84993e-06	-5.69986e-06	0.0089	0	0	-8.32266e-07	-8.32266e-07	1.66453e-06	48.5464	0	0	0.219678	-4.92813	0	5.14781		300	0.136231	2.85002e-06	2.85002e-06	-5.70003e-06	0.000166849	0	0	0.136231	0	-0.426642	-237.002	0	213.464	213.464	-2.13163e-14	12.4428	0	0	0	0	0	0	0	0	0	0	0	0	0	0	0	0	0	0	0	0	0	0	0	0	0	0	0	0	0	0	0	0	0	
1	1	1	179	5.37		300	0	0	3.03215e-06	3.03215e-06	-6.06431e-06	0.00895	0	0	-8.84448e-07	-8.84448e-07	1.7689e-06	48.765	0	0	0.22211	-4.93348	0	5.15559		300	0.136856	3.03225e-06	3.03225e-06	-6.06449e-06	0.000177512	0	0	0.136856	0	-0.426642	-237.002	0	213.464	213.464	-2.13163e-14	12.4428	0	0	0	0	0	0	0	0	0	0	0	0	0	0	0	0	0	0	0	0	0	0	0	0	0	0	0	0	0	0	0	0	0	
1	1	1	180	5.4		300	0	0	3.21946e-06	3.21946e-06	-6.43892e-06	0.009	0	0	-9.37934e-07	-9.37934e-07	1.87587e-06	48.9821	0	0	0.224554	-4.93883	0	5.16338		300	0.137482	3.21956e-06	3.21956e-06	-6.43912e-06	0.000188472	0	0	0.137482	0	-0.426642	-237.002	0	213.464	213.464	-2.13163e-14	12.4428	0	0	0	0	0	0	0	0	0	0	0	0	0	0	0	0	0	0	0	0	0	0	0	0	0	0	0	0	0	0	0	0	0	
1	1	1	181	5.43		300	0	0	3.41179e-06	3.41179e-06	-6.82359e-06	0.00905	0	0	-9.92698e-07	-9.92698e-07	1.9854e-06	49.1974	0	0	0.227008	-4.94417	0	5.17118		300	0.138109	3.4119e-06	3.4119e-06	-6.82379e-06	0.000199725	0	0	0.138109	0	-0.426642	-237.002	0	213.464	213.464	-2.13163e-14	12.4428	0	0	0	0	0	0	0	0	0	0	0	0	0	0	0	0	0	0	0	0	0	0	0	0	0	0	0	0	0	0	0	0	0	
1	1	1	182	5.46		300	0	0	3.6091e-06	3.6091e-06	-7.21819e-06	0.0091	0	0	-1.04871e-06	-1.04871e-06	2.09743e-06	49.4112	0	0	0.229474	-4.94951	0	5.17898		300	0.138736	3.60921e-06	3.60921e-06	-7.21841e-06	0.000211269	0	0	0.138736	0	-0.426642	-237.002	0	213.464	213.464	-2.13163e-14	12.4428	0	0	0	0	0	0	0	0	0	0	0	0	0	0	0	0	0	0	0	0	0	0	0	0	0	0	0	0	0	0	0	0	0	
1	1	1	183	5.49		300	0	0	3.81131e-06	3.81131e-06	-7.62263e-06	0.00915	0	0	-1.10595e-06	-1.10595e-06	2.21191e-06	49.6234	0	0	0.23195	-4.95484	0	5.18679		300	0.139364	3.81143e-06	3.81143e-06	-7.62286e-06	0.0002231	0	0	0.139364	0	-0.426642	-237.002	0	213.464	213.464	-2.13163e-14	12.4428	0	0	0	0	0	0	0	0	0	0	0	0	0	0	0	0	0	0	0	0	0	0	0	0	0	0	0	0	0	0	0	0	0	
1	1	1	184	5.52		300	0	0	4.01839e-06	4.01839e-06	-8.03678e-06	0.0092	0	0	-1.16439e-06	-1.16439e-06	2.32879e-06	49.834	0	0	0.234436	-4.96017	0	5.1946		300	0.139992	4.01851e-06	4.01851e-06	-8.03703e-06	0.000235215	0	0	0.139992	0	-0.426642	-237.002	0	213.464	213.464	-2.13163e-14	12.4428	0	0	0	0	0	0	0	0	0	0	0	0	0	0	0	0	0	0	0	0	0	0	0	0	0	0	0	0	0	0	0	0	0	
1	1	1	185	5.55		300	0	0	4.23027e-06	4.23027e-06	-8.46055e-06	0.00925	0	0	-1.22401e-06	-1.22401e-06	2.44802e-06	50.043	0	0	0.236933	-4.96549	0	5.20243		300	0.140621	4.2304e-06	4.2304e-06	-8.4608e-06	0.000247611	0	0	0.140621	0	-0.426642	-237.002	0	213.464	213.464	-2.13163e-14	12.4428	0	0	0	0	0	0	0	0	0	0	0	0	0	0	0	0	0	0	0	0	0	0	0	0	0	0	0	0	0	0	0	0	0	
1	1	1	186	5.58		300	0	0	4.4469e-06	4.4469e-06	-8.89381e-06	0.0093	0	0	-1.28478e-06	-1.28478e-06	2.56955e-06	50.2505	0	0	0.23944	-4.97081	0	5.21025		300	0.14125	4.44704e-06	4.44704e-06	-8.89408e-06	0.000260284	0	0	0.14125	0	-0.426642	-237.002	0	213.464	213.464	-2.13163e-14	12.4428	0	0	0	0	0	0	0	0	0	0	0	0	0	0	0	0	0	0	0	0	0	0	0	0	0	0	0	0	0	0	0	0	0	
1	1	1	187	5.61		300	0	0	4.66823e-06	4.66823e-06	-9.33646e-06	0.00935	0	0	-1.34667e-06	-1.34667e-06	2.69334e-06	50.4565	0	0	0.241958	-4.97613	0	5.21808		300	0.141879	4.66837e-06	4.66837e-06	-9.33674e-06	0.000273231	0	0	0.141879	0	-0.426642	-237.002	0	213.464	213.464	-2.13163e-14	12.4428	0	0	0	0	0	0	0	0	0	0	0	0	0	0	0	0	0	0	0	0	0	0	0	0	0	0	0	0	0	0	0	0	0	
1	1	1	188	5.64		300	0	0	4.8942e-06	4.8942e-06	-9.78839e-06	0.0094	0	0	-1.40967e-06	-1.40967e-06	2.81933e-06	50.661	0	0	0.244486	-4.98143	0	5.22592		300	0.142509	4.89434e-06	4.89434e-06	-9.78869e-06	0.000286449	0	0	0.142509	0	-0.426642	-237.002	0	213.464	213.464	-2.13163e-14	12.4428	0	0	0	0	0	0	0	0	0	0	0	0	0	0	0	0	0	0	0	0	0	0	0	0	0	0	0	0	0	0	0	0	0	
1	1	1	189	5.67		300	0	0	5.12475e-06	5.12475e-06	-1.02495e-05	0.00945	0	0	-1.47374e-06	-1.47374e-06	2.94749e-06	50.8639	0	0	0.247024	-4.98673	0	5.23376		300	0.143139	5.1249e-06	5.1249e-06	-1.02498e-05	0.000299935	0	0	0.143139	0	-0.426642	-237.002	0	213.464	213.464	-2.13163e-14	12.4428	0	0	0	0	0	0	0	0	0	0	0	0	0	0	0	0	0	0	0	0	0	0	0	0	0	0	0	0	0	0	0	0	0	
1	1	1	190	5.7		300	0	0	5.35983e-06	5.35983e-06	-1.07197e-05	0.0095	0	0	-1.53888e-06	-1.53888e-06	3.07776e-06	51.0654	0	0	0.249572	-4.99203	0	5.2416		300	0.143769	5.35999e-06	5.35999e-06	-1.072e-05	0.000313686	0	0	0.143769	0	-0.426642	-237.002	0	213.464	213.464	-2.13163e-14	12.4428	0	0	0	0	0	0	0	0	0	0	0	0	0	0	0	0	0	0	0	0	0	0	0	0	0	0	0	0	0	0	0	0	0	
1	1	1	191	5.73		300	0	0	5.59939e-06	5.59939e-06	-1.11988e-05	0.00955	0	0	-1.60505e-06	-1.60505e-06	3.2101e-06	51.2655	0	0	0.252131	-4.99732	0	5.24945		300	0.1444	5.59956e-06	5.59956e-06	-1.11991e-05	0.000327698	0	0	0.1444	0	-0.426642	-237.002	0	213.464	213.464	-2.13163e-14	12.4428	0	0	0	0	0	0	0	0	0	0	0	0	0	0	0	0	0	0	0	0	0	0	0	0	0	0	0	0	0	0	0	0	0	
1	1	1	192	5.76		300	0	0	5.84338e-06	5.84338e-06	-1.16868e-05	0.0096	0	0	-1.67223e-06	-1.67223e-06	3.34446e-06	51.4641	0	0	0.254699	-5.00259	0	5.25729		300	0.145031	5.84356e-06	5.84356e-06	-1.16871e-05	0.000341969	0	0	0.145031	0	-0.426642	-237.002	0	213.464	213.464	-2.13163e-14	12.4428	0	0	0	0	0	0	0	0	0	0	0	0	0	0	0	0	0	0	0	0	0	0	0	0	0	0	0	0	0	0	0	0	0	
1	1	1	193	5.79		300	0	0	6.09174e-06	6.09174e-06	-1.21835e-05	0.00965	0	0	-1.74041e-06	-1.74041e-06	3.48081e-06	51.6613	0	0	0.257277	-5.00787	0	5.26514		300	0.145661	6.09193e-06	6.09193e-06	-1.21839e-05	0.000356495	0	0	0.145661	0	-0.426642	-237.002	0	213.464	213.464	-2.13163e-14	12.4428	0	0	0	0	0	0	0	0	0	0	0	0	0	0	0	0	0	0	0	0	0	0	0	0	0	0	0	0	0	0	0	0	0	
1	1	1	194	5.82		300	0	0	6.34443e-06	6.34443e-06	-1.26889e-05	0.0097	0	0	-1.80955e-06	-1.80955e-06	3.61911e-06	51.8571	0	0	0.259865	-5.01313	0	5.27299		300	0.146292	6.34462e-06	6.34462e-06	-1.26892e-05	0.000371273	0	0	0.146292	0	-0.426642	-237.002	0	213.464	213.464	-2.13163e-14	12.4428	0	0	0	0	0	0	0	0	0	0	0	0	0	0	0	0	0	0	0	0	0	0	0	0	0	0	0	0	0	0	0	0	0	
1	1	1	195	5.85		300	0	0	6.60138e-06	6.60138e-06	-1.32028e-05	0.00975	0	0	-1.87965e-06	-1.87965e-06	3.7593e-06	52.0515	0	0	0.262463	-5.01838	0	5.28085		300	0.146924	6.60158e-06	6.60158e-06	-1.32032e-05	0.000386301	0	0	0.146924	0	-0.426642	-237.002	0	213.464	213.464	-2.13163e-14	12.4428	0	0	0	0	0	0	0	0	0	0	0	0	0	0	0	0	0	0	0	0	0	0	0	0	0	0	0	0	0	0	0	0	0	
1	1	1	196	5.88		300	0	0	6.86255e-06	6.86255e-06	-1.37251e-05	0.0098	0	0	-1.95068e-06	-1.95068e-06	3.90136e-06	52.2445	0	0	0.26507	-5.02363	0	5.2887		300	0.147555	6.86276e-06	6.86276e-06	-1.37255e-05	0.000401575	0	0	0.147555	0	-0.426642	-237.002	0	213.464	213.464	-2.13163e-14	12.4428	0	0	0	0	0	0	0	0	0	0	0	0	0	0	0	0	0	0	0	0	0	0	0	0	0	0	0	0	0	0	0	0	0	
1	1	1	197	5.91		300	0	0	7.12789e-06	7.12789e-06	-1.42558e-05	0.00985	0	0	-2.02262e-06	-2.02262e-06	4.04524e-06	52.4362	0	0	0.267687	-5.02887	0	5.29655		300	0.148186	7.1281e-06	7.1281e-06	-1.42562e-05	0.000417092	0	0	0.148186	0	-0.426642	-237.002	0	213.464	213.464	-2.13163e-14	12.4428	0	0	0	0	0	0	0	0	0	0	0	0	0	0	0	0	0	0	0	0	0	0	0	0	0	0	0	0	0	0	0	0	0	
1	1	1	198	5.94		300	0	0	7.39735e-06	7.39735e-06	-1.47947e-05	0.0099	0	0	-2.09545e-06	-2.09545e-06	4.19091e-06	52.6266	0	0	0.270314	-5.0341	0	5.30441		300	0.148817	7.39757e-06	7.39757e-06	-1.47951e-05	0.00043285	0	0	0.148817	0	-0.426642	-237.002	0	213.464	213.464	-2.13163e-14	12.4428	0	0	0	0	0	0	0	0	0	0	0	0	0	0	0	0	0	0	0	0	0	0	0	0	0	0	0	0	0	0	0	0	0	
1	1	1	199	5.97		300	0	0	7.67087e-06	7.67087e-06	-1.53417e-05	0.00995	0	0	-2.16916e-06	-2.16916e-06	4.33832e-06	52.8156	0	0	0.27295	-5.03931	0	5.31226		300	0.149449	7.6711e-06	7.6711e-06	-1.53422e-05	0.000448845	0	0	0.149449	0	-0.426642	-237.002	0	213.464	213.464	-2.13163e-14	12.4428	0	0	0	0	0	0	0	0	0	0	0	0	0	0	0	0	0	0	0	0	0	0	0	0	0	0	0	0	0	0	0	0	0	
1	1	1	200	6		300	0	0	7.94842e-06	7.94842e-06	-1.58968e-05	0.01	0	0	-2.24372e-06	-2.24372e-06	4.48745e-06	53.0033	0	0	0.275595	-5.04452	0	5.32012		300	0.15008	7.94865e-06	7.94865e-06	-1.58973e-05	0.000465075	0	0	0.15008	0	-0.426642	-237.002	0	213.464	213.464	-2.13163e-14	12.4428	0	0	0	0	0	0	0	0	0	0	0	0	0	0	0	0	0	0	0	0	0	0	0	0	0	0	0	0	0	0	0	0	0	
1	1	1	201	6.03		300	0	0	8.22994e-06	8.22994e-06	-1.64599e-05	0.01005	0	0	-2.31913e-06	-2.31913e-06	4.63825e-06	53.1898	0	0	0.27825	-5.04972	0	5.32797		300	0.150711	8.23018e-06	8.23018e-06	-1.64604e-05	0.000481536	0	0	0.150711	0	-0.426642	-237.002	0	213.464	213.464	-2.13163e-14	12.4428	0	0	0	0	0	0	0	0	0	0	0	0	0	0	0	0	0	0	0	0	0	0	0	0	0	0	0	0	0	0	0	0	0	
1	1	1	202	6.06		300	0	0	8.51537e-06	8.51537e-06	-1.70307e-05	0.0101	0	0	-2.39535e-06	-2.39535e-06	4.79069e-06	53.3749	0	0	0.280914	-5.05491	0	5.33583		300	0.151342	8.51563e-06	8.51563e-06	-1.70313e-05	0.000498227	0	0	0.151342	0	-0.426642	-237.002	0	213.464	213.464	-2.13163e-14	12.4428	0	0	0	0	0	0	0	0	0	0	0	0	0	0	0	0	0	0	0	0	0	0	0	0	0	0	0	0	0	0	0	0	0	
1	1	1	203	6.09		300	0	0	8.80469e-06	8.80469e-06	-1.76094e-05	0.01015	0	0	-2.47237e-06	-2.47237e-06	4.94474e-06	53.5588	0	0	0.283587	-5.06009	0	5.34368		300	0.151973	8.80495e-06	8.80495e-06	-1.76099e-05	0.000515144	0	0	0.151973	0	-0.426642	-237.002	0	213.464	213.464	-2.13163e-14	12.4428	0	0	0	0	0	0	0	0	0	0	0	0	0	0	0	0	0	0	0	0	0	0	0	0	0	0	0	0	0	0	0	0	0	
1	1	1	204	6.12		300	0	0	9.09783e-06	9.09783e-06	-1.81957e-05	0.0102	0	0	-2.55018e-06	-2.55018e-06	5.10037e-06	53.7415	0	0	0.28627	-5.06526	0	5.35153		300	0.152604	9.0981e-06	9.0981e-06	-1.81962e-05	0.000532284	0	0	0.152604	0	-0.426642	-237.002	0	213.464	213.464	-2.13163e-14	12.4428	0	0	0	0	0	0	0	0	0	0	0	0	0	0	0	0	0	0	0	0	0	0	0	0	0	0	0	0	0	0	0	0	0	
1	1	1	205	6.15		300	0	0	9.39476e-06	9.39476e-06	-1.87895e-05	0.01025	0	0	-2.62877e-06	-2.62877e-06	5.25753e-06	53.9229	0	0	0.288961	-5.07042	0	5.35938		300	0.153235	9.39504e-06	9.39504e-06	-1.87901e-05	0.000549645	0	0	0.153235	0	-0.426642	-237.002	0	213.464	213.464	-2.13163e-14	12.4428	0	0	0	0	0	0	0	0	0	0	0	0	0	0	0	0	0	0	0	0	0	0	0	0	0	0	0	0	0	0	0	0	0	
1	1	1	206	6.18		300	0	0	9.69542e-06	9.69542e-06	-1.93908e-05	0.0103	0	0	-2.70811e-06	-2.70811e-06	5.41621e-06	54.1031	0	0	0.291662	-5.07556	0	5.36722		300	0.153866	9.69571e-06	9.69571e-06	-1.93914e-05	0.000567224	0	0	0.153866	0	-0.426642	-237.002	0	213.464	213.464	-2.13163e-14	12.4428	0	0	0	0	0	0	0	0	0	0	0	0	0	0	0	0	0	0	0	0	0	0	0	0	0	0	0	0	0	0	0	0	0	
1	1	1	207	6.21		300	0	0	9.99978e-06	9.99978e-06	-1.99996e-05	0.01035	0	0	-2.78818e-06	-2.78818e-06	5.57637e-06	54.2822	0	0	0.294372	-5.0807	0	5.37507		300	0.154496	1.00001e-05	1.00001e-05	-2.00001e-05	0.000585019	0	0	0.154496	0	-0.426642	-237.002	0	213.464	213.464	-2.13163e-14	12.4428	0	0	0	0	0	0	0	0	0	0	0	0	0	0	0	0	0	0	0	0	0	0	0	0	0	0	0	0	0	0	0	0	0	
1	1	1	208	6.24		300	0	0	1.03078e-05	1.03078e-05	-2.06156e-05	0.0104	0	0	-2.86898e-06	-2.86898e-06	5.73797e-06	54.46	0	0	0.29709	-5.08582	0	5.38291		300	0.155127	1.03081e-05	1.03081e-05	-2.06162e-05	0.000603026	0	0	0.155127	0	-0.426642	-237.002	0	213.464	213.464	-2.13163e-14	12.4428	0	0	0	0	0	0	0	0	0	0	0	0	0	0	0	0	0	0	0	0	0	0	0	0	0	0	0	0	0	0	0	0	0	
1	1	1	209	6.27		300	0	0	1.06194e-05	1.06194e-05	-2.12388e-05	0.01045	0	0	-2.9505e-06	-2.9505e-06	5.90099e-06	54.6367	0	0	0.299818	-5.09094	0	5.39075		300	0.155757	1.06197e-05	1.06197e-05	-2.12394e-05	0.000621244	0	0	0.155757	0	-0.426642	-237.002	0	213.464	213.464	-2.13163e-14	12.4428	0	0	0	0	0	0	0	0	0	0	0	0	0	0	0	0	0	0	0	0	0	0	0	0	0	0	0	0	0	0	0	0	0	
1	1	1	210	6.3		300	0	0	1.09346e-05	1.09346e-05	-2.18691e-05	0.0105	0	0	-3.0327e-06	-3.0327e-06	6.06541e-06	54.8122	0	0	0.302554	-5.09604	0	5.39859		300	0.156387	1.09349e-05	1.09349e-05	-2.18697e-05	0.00063967	0	0	0.156387	0	-0.426642	-237.002	0	213.464	213.464	-2.13163e-14	12.4428	0	0	0	0	0	0	0	0	0	0	0	0	0	0	0	0	0	0	0	0	0	0	0	0	0	0	0	0	0	0	0	0	0	
1	1	1	211	6.33		300	0	0	1.12532e-05	1.12532e-05	-2.25065e-05	0.01055	0	0	-3.11559e-06	-3.11559e-06	6.23119e-06	54.9866	0	0	0.305299	-5.10113	0	5.40643		300	0.157016	1.12536e-05	1.12536e-05	-2.25071e-05	0.0006583	0	0	0.157016	0	-0.426642	-237.002	0	213.464	213.464	-2.13163e-14	12.4428	0	0	0	0	0	0	0	0	0	0	0	0	0	0	0	0	0	0	0	0	0	0	0	0	0	0	0	0	0	0	0	0	0	
1	1	1	212	6.36		300	0	0	1.15754e-05	1.15754e-05	-2.31508e-05	0.0106	0	0	-3.19915e-06	-3.19915e-06	6.3983e-06	55.1598	0	0	0.308053	-5.10621	0	5.41426		300	0.157646	1.15757e-05	1.15757e-05	-2.31515e-05	0.000677134	0	0	0.157646	0	-0.426642	-237.002	0	213.464	213.464	-2.13163e-14	12.4428	0	0	0	0	0	0	0	0	0	0	0	0	0	0	0	0	0	0	0	0	0	0	0	0	0	0	0	0	0	0	0	0	0	
1	1	1	213	6.39		300	0	0	1.1901e-05	1.1901e-05	-2.3802e-05	0.01065	0	0	-3.28336e-06	-3.28336e-06	6.56672e-06	55.332	0	0	0.310815	-5.11127	0	5.42209		300	0.158275	1.19013e-05	1.19013e-05	-2.38027e-05	0.000696168	0	0	0.158275	0	-0.426642	-237.002	0	213.464	213.464	-2.13163e-14	12.4428	0	0	0	0	0	0	0	0	0	0	0	0	0	0	0	0	0	0	0	0	0	0	0	0	0	0	0	0	0	0	0	0	0	
1	1	1	214	6.42		300	0	0	1.223e-05	1.223e-05	-2.44599e-05	0.0107	0	0	-3.36821e-06	-3.36821e-06	6.73643e-06	55.503	0	0	0.313586	-5.11633	0	5.42991		300	0.158904	1.22303e-05	1.22303e-05	-2.44606e-05	0.000715399	0	0	0.158904	0	-0.426642	-237.002	0	213.464	213.464	-2.13163e-14	12.4428	0	0	0	0	0	0	0	0	0	0	0	0	0	0	0	0	0	0	0	0	0	0	0	0	0	0	0	0	0	0	0	0	0	
1	1	1	215	6.45		300	0	0	1.25623e-05	1.25623e-05	-2.51246e-05	0.01075	0	0	-3.45369e-06	-3.45369e-06	6.90739e-06	55.673	0	0	0.316365	-5.12137	0	5.43774		300	0.159532	1.25627e-05	1.25627e-05	-2.51253e-05	0.000734827	0	0	0.159532	0	-0.426642	-237.002	0	213.464	213.464	-2.13163e-14	12.4428	0	0	0	0	0	0	0	0	0	0	0	0	0	0	0	0	0	0	0	0	0	0	0	0	0	0	0	0	0	0	0	0	0	
1	1	1	216	6.48		300	0	0	1.28979e-05	1.28979e-05	-2.57959e-05	0.0108	0	0	-3.53979e-06	-3.53979e-06	7.07958e-06	55.8418	0	0	0.319153	-5.1264	0	5.44555		300	0.160161	1.28983e-05	1.28983e-05	-2.57966e-05	0.000754447	0	0	0.160161	0	-0.426642	-237.002	0	213.464	213.464	-2.13163e-14	12.4428	0	0	0	0	0	0	0	0	0	0	0	0	0	0	0	0	0	0	0	0	0	0	0	0	0	0	0	0	0	0	0	0	0	
1	1	1	217	6.51		300	0	0	1.32369e-05	1.32369e-05	-2.64737e-05	0.01085	0	0	-3.62649e-06	-3.62649e-06	7.25299e-06	56.0096	0	0	0.321949	-5.13142	0	5.45337		300	0.160789	1.32372e-05	1.32372e-05	-2.64745e-05	0.000774258	0	0	0.160789	0	-0.426642	-237.002	0	213.464	213.464	-2.13163e-14	12.4428	0	0	0	0	0	0	0	0	0	0	0	0	0	0	0	0	0	0	0	0	0	0	0	0	0	0	0	0	0	0	0	0	0	
1	1	1	218	6.54		300	0	0	1.3579e-05	1.3579e-05	-2.7158e-05	0.0109	0	0	-3.71379e-06	-3.71379e-06	7.42757e-06	56.1764	0	0	0.324754	-5.13643	0	5.46118		300	0.161417	1.35794e-05	1.35794e-05	-2.71588e-05	0.000794258	0	0	0.161417	0	-0.426642	-237.002	0	213.464	213.464	-2.13163e-14	12.4428	0	0	0	0	0	0	0	0	0	0	0	0	0	0	0	0	0	0	0	0	0	0	0	0	0	0	0	0	0	0	0	0	0	
1	1	1	219	6.57		300	0	0	1.39244e-05	1.39244e-05	-2.78487e-05	0.01095	0	0	-3.80166e-06	-3.80166e-06	7.60332e-06	56.3421	0	0	0.327567	-5.14142	0	5.46899		300	0.162044	1.39247e-05	1.39247e-05	-2.78495e-05	0.000814445	0	0	0.162044	0	-0.426642	-237.002	0	213.464	213.464	-2.13163e-14	12.4428	0	0	0	0	0	0	0	0	0	0	0	0	0	0	0	0	0	0	0	0	0	0	0	0	0	0	0	0	0	0	0	0	0	
1	1	1	220	6.6		300	0	0	1.42728e-05	1.42728e-05	-2.85457e-05	0.011	0	0	-3.8901e-06	-3.8901e-06	7.7802e-06	56.5068	0	0	0.330388	-5.1464	0	5.47679		300	0.162671	1.42733e-05	1.42733e-05	-2.85465e-05	0.000834815	0	0	0.162671	0	-0.426642	-237.002	0	213.464	213.464	-2.13163e-14	12.4428	0	0	0	0	0	0	0	0	0	0	0	0	0	0	0	0	0	0	0	0	0	0	0	0	0	0	0	0	0	0	0	0	0	
1	1	1	221	6.63		300	0	0	1.46245e-05	1.46245e-05	-2.92489e-05	0.01105	0	0	-3.9791e-06	-3.9791e-06	7.9582e-06	56.6705	0	0	0.333218	-5.15137	0	5.48459		300	0.163298	1.46249e-05	1.46249e-05	-2.92498e-05	0.000855368	0	0	0.163298	0	-0.426642	-237.002	0	213.464	213.464	-2.13163e-14	12.4428	0	0	0	0	0	0	0	0	0	0	0	0	0	0	0	0	0	0	0	0	0	0	0	0	0	0	0	0	0	0	0	0	0	
1	1	1	222	6.66		300	0	0	1.49792e-05	1.49792e-05	-2.99583e-05	0.0111	0	0	-4.06865e-06	-4.06865e-06	8.1373e-06	56.8332	0	0	0.336055	-5.15633	0	5.49238		300	0.163924	1.49796e-05	1.49796e-05	-2.99592e-05	0.0008761	0	0	0.163924	0	-0.426642	-237.002	0	213.464	213.464	-2.13163e-14	12.4428	0	0	0	0	0	0	0	0	0	0	0	0	0	0	0	0	0	0	0	0	0	0	0	0	0	0	0	0	0	0	0	0	0	
1	1	1	223	6.69		300	0	0	1.53369e-05	1.53369e-05	-3.06738e-05	0.01115	0	0	-4.15873e-06	-4.15873e-06	8.31746e-06	56.9949	0	0	0.338901	-5.16127	0	5.50017		300	0.16455	1.53373e-05	1.53373e-05	-3.06747e-05	0.00089701	0	0	0.16455	0	-0.426642	-237.002	0	213.464	213.464	-2.13163e-14	12.4428	0	0	0	0	0	0	0	0	0	0	0	0	0	0	0	0	0	0	0	0	0	0	0	0	0	0	0	0	0	0	0	0	0	
1	1	1	224	6.72		300	0	0	1.56977e-05	1.56977e-05	-3.13953e-05	0.0112	0	0	-4.24934e-06	-4.24934e-06	8.49868e-06	57.1557	0	0	0.341755	-5.1662	0	5.50796		300	0.165176	1.56981e-05	1.56981e-05	-3.13962e-05	0.000918095	0	0	0.165176	0	-0.426642	-237.002	0	213.464	213.464	-2.13163e-14	12.4428	0	0	0	0	0	0	0	0	0	0	0	0	0	0	0	0	0	0	0	0	0	0	0	0	0	0	0	0	0	0	0	0	0	
1	1	1	225	6.75		300	0	0	1.60614e-05	1.60614e-05	-3.21228e-05	0.01125	0	0	-4.34047e-06	-4.34047e-06	8.68093e-06	57.3154	0	0	0.344616	-5.17112	0	5.51574		300	0.165801	1.60619e-05	1.60619e-05	-3.21237e-05	0.000939354	0	0	0.165801	0	-0.426642	-237.002	0	213.464	213.464	-2.13163e-14	12.4428	0	0	0	0	0	0	0	0	0	0	0	0	0	0	0	0	0	0	0	0	0	0	0	0	0	0	0	0	0	0	0	0	0	
1	1	1	226	6.78		300	0	0	1.64281e-05	1.64281e-05	-3.28561e-05	0.0113	0	0	-4.4321e-06	-4.4321e-06	8.86419e-06	57.4743	0	0	0.347486	-5.17602	0	5.52351		300	0.166426	1.64285e-05	1.64285e-05	-3.28571e-05	0.000960785	0	0	0.166426	0	-0.426642	-237.002	0	213.464	213.464	-2.13163e-14	12.4428	0	0	0	0	0	0	0	0	0	0	0	0	0	0	0	0	0	0	0	0	0	0	0	0	0	0	0	0	0	0	0	0	0	
1	1	1	227	6.81		300	0	0	1.67976e-05	1.67976e-05	-3.35953e-05	0.01135	0	0	-4.52422e-06	-4.52422e-06	9.04845e-06	57.6321	0	0	0.350364	-5.18092	0	5.53128		300	0.16705	1.67981e-05	1.67981e-05	-3.35962e-05	0.000982385	0	0	0.16705	0	-0.426642	-237.002	0	213.464	213.464	-2.13163e-14	12.4428	0	0	0	0	0	0	0	0	0	0	0	0	0	0	0	0	0	0	0	0	0	0	0	0	0	0	0	0	0	0	0	0	0	
1	1	1	228	6.84		300	0	0	1.71701e-05	1.71701e-05	-3.43402e-05	0.0114	0	0	-4.61684e-06	-4.61684e-06	9.23368e-06	57.7891	0	0	0.353249	-5.1858	0	5.53905		300	0.167674	1.71706e-05	1.71706e-05	-3.43411e-05	0.00100415	0	0	0.167674	0	-0.426642	-237.002	0	213.464	213.464	-2.13163e-14	12.4428	0	0	0	0	0	0	0	0	0	0	0	0	0	0	0	0	0	0	0	0	0	0	0	0	0	0	0	0	0	0	0	0	0	
1	1	1	229	6.87		300	0	0	1.75454e-05	1.75454e-05	-3.50907e-05	0.01145	0	0	-4.70993e-06	-4.70993e-06	9.41986e-06	57.9451	0	0	0.356143	-5.19066	0	5.54681		300	0.168298	1.75459e-05	1.75459e-05	-3.50917e-05	0.00102609	0	0	0.168298	0	-0.426642	-237.002	0	213.464	213.464	-2.13163e-14	12.4428	0	0	0	0	0	0	0	0	0	0	0	0	0	0	0	0	0	0	0	0	0	0	0	0	0	0	0	0	0	0	0	0	0	
1	1	1	230	6.9		300	0	0	1.79235e-05	1.79235e-05	-3.58469e-05	0.0115	0	0	-4.80349e-06	-4.80349e-06	9.60698e-06	58.1002	0	0	0.359044	-5.19552	0	5.55456		300	0.168921	1.7924e-05	1.7924e-05	-3.58479e-05	0.00104818	0	0	0.168921	0	-0.426642	-237.002	0	213.464	213.464	-2.13163e-14	12.4428	0	0	0	0	0	0	0	0	0	0	0	0	0	0	0	0	0	0	0	0	0	0	0	0	0	0	0	0	0	0	0	0	0	
1	1	1	231	6.93		300	0	0	1.83043e-05	1.83043e-05	-3.66087e-05	0.01155	0	0	-4.89751e-06	-4.89751e-06	9.79502e-06	58.2544	0	0	0.361953	-5.20036	0	5.56231		300	0.169543	1.83048e-05	1.83048e-05	-3.66097e-05	0.00107044	0	0	0.169543	0	-0.426642	-237.002	0	213.464	213.464	-2.13163e-14	12.4428	0	0	0	0	0	0	0	0	0	0	0	0	0	0	0	0	0	0	0	0	0	0	0	0	0	0	0	0	0	0	0	0	0	
1	1	1	232	6.96		300	0	0	1.86879e-05	1.86879e-05	-3.73759e-05	0.0116	0	0	-4.99198e-06	-4.99198e-06	9.98396e-06	58.4077	0	0	0.364869	-5.20518	0	5.57005		300	0.170166	1.86885e-05	1.86885e-05	-3.73769e-05	0.00109286	0	0	0.170166	0	-0.426642	-237.002	0	213.464	213.464	-2.13163e-14	12.4428	0	0	0	0	0	0	0	0	0	0	0	0	0	0	0	0	0	0	0	0	0	0	0	0	0	0	0	0	0	0	0	0	0	
1	1	1	233	6.99		300	0	0	1.90742e-05	1.90742e-05	-3.81485e-05	0.01165	0	0	-5.08689e-06	-5.08689e-06	1.01738e-05	58.5602	0	0	0.367793	-5.21	0	5.57779		300	0.170788	1.90748e-05	1.90748e-05	-3.81496e-05	0.00111544	0	0	0.170788	0	-0.426642	-237.002	0	213.464	213.464	-2.13163e-14	12.4428	0	0	0	0	0	0	0	0	0	0	0	0	0	0	0	0	0	0	0	0	0	0	0	0	0	0	0	0	0	0	0	0	0	
1	1	1	234	7.02		300	0	0	1.94632e-05	1.94632e-05	-3.89265e-05	0.0117	0	0	-5.18224e-06	-5.18224e-06	1.03645e-05	58.7118	0	0	0.370725	-5.2148	0	5.58553		300	0.171409	1.94638e-05	1.94638e-05	-3.89276e-05	0.00113817	0	0	0.171409	0	-0.426642	-237.002	0	213.464	213.464	-2.13163e-14	12.4428	0	0	0	0	0	0	0	0	0	0	0	0	0	0	0	0	0	0	0	0	0	0	0	0	0	0	0	0	0	0	0	0	0	
1	1	1	235	7.05		300	0	0	1.98549e-05	1.98549e-05	-3.97098e-05	0.01175	0	0	-5.27801e-06	-5.27801e-06	1.0556e-05	58.8625	0	0	0.373665	-5.21959	0	5.59325		300	0.17203	1.98554e-05	1.98554e-05	-3.97109e-05	0.00116106	0	0	0.17203	0	-0.426642	-237.002	0	213.464	213.464	-2.13163e-14	12.4428	0	0	0	0	0	0	0	0	0	0	0	0	0	0	0	0	0	0	0	0	0	0	0	0	0	0	0	0	0	0	0	0	0	
1	1	1	236	7.08		300	0	0	2.02491e-05	2.02491e-05	-4.04983e-05	0.0118	0	0	-5.3742e-06	-5.3742e-06	1.07484e-05	59.0123	0	0	0.376611	-5.22436	0	5.60098		300	0.172651	2.02497e-05	2.02497e-05	-4.04994e-05	0.0011841	0	0	0.172651	0	-0.426642	-237.002	0	213.464	213.464	-2.13163e-14	12.4428	0	0	0	0	0	0	0	0	0	0	0	0	0	0	0	0	0	0	0	0	0	0	0	0	0	0	0	0	0	0	0	0	0	
1	1	1	237	7.11		300	0	0	2.0646e-05	2.0646e-05	-4.1292e-05	0.01185	0	0	-5.4708e-06	-5.4708e-06	1.09416e-05	59.1614	0	0	0.379566	-5.22913	0	5.60869		300	0.173271	2.06466e-05	2.06466e-05	-4.12931e-05	0.00120729	0	0	0.173271	0	-0.426642	-237.002	0	213.464	213.464	-2.13163e-14	12.4428	0	0	0	0	0	0	0	0	0	0	0	0	0	0	0	0	0	0	0	0	0	0	0	0	0	0	0	0	0	0	0	0	0	
1	1	1	238	7.14		300	0	0	2.10454e-05	2.10454e-05	-4.20908e-05	0.0119	0	0	-5.56781e-06	-5.56781e-06	1.11356e-05	59.3096	0	0	0.382528	-5.23387	0	5.6164		300	0.17389	2.1046e-05	2.1046e-05	-4.20919e-05	0.00123063	0	0	0.17389	0	-0.426642	-237.002	0	213.464	213.464	-2.13163e-14	12.4428	0	0	0	0	0	0	0	0	0	0	0	0	0	0	0	0	0	0	0	0	0	0	0	0	0	0	0	0	0	0	0	0	0	
1	1	1	239	7.17		300	0	0	2.14473e-05	2.14473e-05	-4.28946e-05	0.01195	0	0	-5.6652e-06	-5.6652e-06	1.13304e-05	59.4569	0	0	0.385497	-5.23861	0	5.62411		300	0.174509	2.14479e-05	2.14479e-05	-4.28958e-05	0.00125411	0	0	0.174509	0	-0.426642	-237.002	0	213.464	213.464	-2.13163e-14	12.4428	0	0	0	0	0	0	0	0	0	0	0	0	0	0	0	0	0	0	0	0	0	0	0	0	0	0	0	0	0	0	0	0	0	
1	1	1	240	7.2		300	0	0	2.18518e-05	2.18518e-05	-4.37035e-05	0.012	0	0	-5.76299e-06	-5.76299e-06	1.1526e-05	59.6035	0	0	0.388473	-5.24333	0	5.6318		300	0.175128	2.18524e-05	2.18524e-05	-4.37047e-05	0.00127775	0	0	0.175128	0	-0.426642	-237.002	0	213.464	213.464	-2.13163e-14	12.4428	0	0	0	0	0	0	0	0	0	0	0	0	0	0	0	0	0	0	0	0	0	0	0	0	0	0	0	0	0	0	0	0	0	
1	1	1	241	7.23		300	0	0	2.22587e-05	2.22587e-05	-4.45173e-05	0.01205	0	0	-5.86116e-06	-5.86116e-06	1.17223e-05	59.7493	0	0	0.391457	-5.24804	0	5.6395		300	0.175746	2.22593e-05	2.22593e-05	-4.45186e-05	0.00130153	0	0	0.175746	0	-0.426642	-237.002	0	213.464	213.464	-2.13163e-14	12.4428	0	0	0	0	0	0	0	0	0	0	0	0	0	0	0	0	0	0	0	0	0	0	0	0	0	0	0	0	0	0	0	0	0	
1	1	1	242	7.26		300	0	0	2.2668e-05	2.2668e-05	-4.53361e-05	0.0121	0	0	-5.9597e-06	-5.9597e-06	1.19194e-05	59.8942	0	0	0.394448	-5.25274	0	5.64718		300	0.176364	2.26687e-05	2.26687e-05	-4.53373e-05	0.00132545	0	0	0.176364	0	-0.426642	-237.002	0	213.464	213.464	-2.13163e-14	12.4428	0	0	0	0	0	0	0	0	0	0	0	0	0	0	0	0	0	0	0	0	0	0	0	0	0	0	0	0	0	0	0	0	0	
1	1	1	243	7.29		300	0	0	2.30798e-05	2.30798e-05	-4.61596e-05	0.01215	0	0	-6.0586e-06	-6.0586e-06	1.21172e-05	60.0384	0	0	0.397447	-5.25742	0	5.65487		300	0.176981	2.30804e-05	2.30804e-05	-4.61609e-05	0.00134951	0	0	0.176981	0	-0.426642	-237.002	0	213.464	213.464	-2.13163e-14	12.4428	0	0	0	0	0	0	0	0	0	0	0	0	0	0	0	0	0	0	0	0	0	0	0	0	0	0	0	0	0	0	0	0	0	
1	1	1	244	7.32		300	0	0	2.3494e-05	2.3494e-05	-4.6988e-05	0.0122	0	0	-6.15787e-06	-6.15787e-06	1.23157e-05	60.1818	0	0	0.400452	-5.26209	0	5.66254		300	0.177598	2.34946e-05	2.34946e-05	-4.69893e-05	0.00137371	0	0	0.177598	0	-0.426642	-237.002	0	213.464	213.464	-2.13163e-14	12.4428	0	0	0	0	0	0	0	0	0	0	0	0	0	0	0	0	0	0	0	0	0	0	0	0	0	0	0	0	0	0	0	0	0	
1	1	1	245	7.35		300	0	0	2.39105e-05	2.39105e-05	-4.7821e-05	0.01225	0	0	-6.25748e-06	-6.25748e-06	1.2515e-05	60.3245	0	0	0.403465	-5.26674	0	5.67021		300	0.178214	2.39112e-05	2.39112e-05	-4.78223e-05	0.00139805	0	0	0.178214	0	-0.426642	-237.002	0	213.464	213.464	-2.13163e-14	12.4428	0	0	0	0	0	0	0	0	0	0	0	0	0	0	0	0	0	0	0	0	0	0	0	0	0	0	0	0	0	0	0	0	0	
1	1	1	246	7.38		300	0	0	2.43294e-05	2.43294e-05	-4.86588e-05	0.0123	0	0	-6.35745e-06	-6.35745e-06	1.27149e-05	60.4664	0	0	0.406484	-5.27139	0	5.67787		300	0.17883	2.43301e-05	2.43301e-05	-4.86601e-05	0.00142253	0	0	0.17883	0	-0.426642	-237.002	0	213.464	213.464	-2.13163e-14	12.4428	0	0	0	0	0	0	0	0	0	0	0	0	0	0	0	0	0	0	0	0	0	0	0	0	0	0	0	0	0	0	0	0	0	
1	1	1	247	7.41		300	0	0	2.47506e-05	2.47506e-05	-4.95012e-05	0.01235	0	0	-6.45775e-06	-6.45775e-06	1.29155e-05	60.6075	0	0	0.409511	-5.27602	0	5.68553		300	0.179445	2.47513e-05	2.47513e-05	-4.95025e-05	0.00144714	0	0	0.179445	0	-0.426642	-237.002	0	213.464	213.464	-2.13163e-14	12.4428	0	0	0	0	0	0	0	0	0	0	0	0	0	0	0	0	0	0	0	0	0	0	0	0	0	0	0	0	0	0	0	0	0	
1	1	1	248	7.44		300	0	0	2.51741e-05	2.51741e-05	-5.03481e-05	0.0124	0	0	-6.55839e-06	-6.55839e-06	1.31168e-05	60.7479	0	0	0.412545	-5.28063	0	5.69318		300	0.18006	2.51747e-05	2.51747e-05	-5.03495e-05	0.00147188	0	0	0.18006	0	-0.426642	-237.002	0	213.464	213.464	-2.13163e-14	12.4428	0	0	0	0	0	0	0	0	0	0	0	0	0	0	0	0	0	0	0	0	0	0	0	0	0	0	0	0	0	0	0	0	0	
1	1	1	249	7.47		300	0	0	2.55998e-05	2.55998e-05	-5.11996e-05	0.01245	0	0	-6.65936e-06	-6.65936e-06	1.33187e-05	60.8876	0	0	0.415586	-5.28524	0	5.70082		300	0.180674	2.56005e-05	2.56005e-05	-5.1201e-05	0.00149676	0	0	0.180674	0	-0.426642	-237.002	0	213.464	213.464	-2.13163e-14	12.4428	0	0	0	0	0	0	0	0	0	0	0	0	0	0	0	0	0	0	0	0	0	0	0	0	0	0	0	0	0	0	0	0	0	
1	1	1	250	7.5		300	0	0	2.60278e-05	2.60278e-05	-5.20556e-05	0.0125	0	0	-6.76065e-06	-6.76065e-06	1.35213e-05	61.0265	0	0	0.418634	-5.28983	0	5.70846		300	0.181288	2.60285e-05	2.60285e-05	-5.2057e-05	0.00152176	0	0	0.181288	0	-0.426642	-237.002	0	213.464	213.464	-2.13163e-14	12.4428	0	0	0	0	0	0	0	0	0	0	0	0	0	0	0	0	0	0	0	0	0	0	0	0	0	0	0	0	0	0	0	0	0	
1	1	1	251	7.53		300	0	0	2.6458e-05	2.6458e-05	-5.2916e-05	0.01255	0	0	-6.86225e-06	-6.86225e-06	1.37245e-05	61.1647	0	0	0.421689	-5.2944	0	5.71609		300	0.181901	2.64587e-05	2.64587e-05	-5.29174e-05	0.0015469	0	0	0.181901	0	-0.426642	-237.002	0	213.464	213.464	-2.13163e-14	12.4428	0	0	0	0	0	0	0	0	0	0	0	0	0	0	0	0	0	0	0	0	0	0	0	0	0	0	0	0	0	0	0	0	0	
1	1	1	252	7.56		300	0	0	2.68904e-05	2.68904e-05	-5.37807e-05	0.0126	0	0	-6.96417e-06	-6.96417e-06	1.39283e-05	61.3022	0	0	0.42475	-5.29897	0	5.72372		300	0.182513	2.68911e-05	2.68911e-05	-5.37822e-05	0.00157216	0	0	0.182513	0	-0.426642	-237.002	0	213.464	213.464	-2.13163e-14	12.4428	0	0	0	0	0	0	0	0	0	0	0	0	0	0	0	0	0	0	0	0	0	0	0	0	0	0	0	0	0	0	0	0	0	
1	1	1	253	7.59		300	0	0	2.73249e-05	2.73249e-05	-5.46498e-05	0.01265	0	0	-7.06639e-06	-7.06639e-06	1.41328e-05	61.439	0	0	0.427819	-5.30352	0	5.73133		300	0.183126	2.73257e-05	2.73257e-05	-5.46513e-05	0.00159755	0	0	0.183126	0	-0.426642	-237.002	0	213.464	213.464	-2.13163e-14	12.4428	0	0	0	0	0	0	0	0	0	0	0	0	0	0	0	0	0	0	0	0	0	0	0	0	0	0	0	0	0	0	0	0	0	
1	1	1	254	7.62		300	0	0	2.77616e-05	2.77616e-05	-5.55232e-05	0.0127	0	0	-7.1689e-06	-7.1689e-06	1.43378e-05	61.5751	0	0	0.430894	-5.30805	0	5.73895		300	0.183737	2.77624e-05	2.77624e-05	-5.55247e-05	0.00162307	0	0	0.183737	0	-0.426642	-237.002	0	213.464	213.464	-2.13163e-14	12.4428	0	0	0	0	0	0	0	0	0	0	0	0	0	0	0	0	0	0	0	0	0	0	0	0	0	0	0	0	0	0	0	0	0	
1	1	1	255	7.65		300	0	0	2.82004e-05	2.82004e-05	-5.64009e-05	0.01275	0	0	-7.27172e-06	-7.27172e-06	1.45434e-05	61.7105	0	0	0.433976	-5.31258	0	5.74655		300	0.184349	2.82012e-05	2.82012e-05	-5.64024e-05	0.00164871	0	0	0.184349	0	-0.426642	-237.002	0	213.464	213.464	-2.13163e-14	12.4428	0	0	0	0	0	0	0	0	0	0	0	0	0	0	0	0	0	0	0	0	0	0	0	0	0	0	0	0	0	0	0	0	0	
1	1	1	256	7.68		300	0	0	2.86414e-05	2.86414e-05	-5.72827e-05	0.0128	0	0	-7.37481e-06	-7.37481e-06	1.47496e-05	61.8453	0	0	0.437065	-5.31709	0	5.75415		300	0.184959	2.86421e-05	2.86421e-05	-5.72843e-05	0.00167447	0	0	0.184959	0	-0.426642	-237.002	0	213.464	213.464	-2.13163e-14	12.4428	0	0	0	0	0	0	0	0	0	0	0	0	0	0	0	0	0	0	0	0	0	0	0	0	0	0	0	0	0	0	0	0	0	
1	1	1	257	7.71		300	0	0	2.90844e-05	2.90844e-05	-5.81687e-05	0.01285	0	0	-7.4782e-06	-7.4782e-06	1.49564e-05	61.9793	0	0	0.440161	-5.32158	0	5.76175		300	0.185569	2.90851e-05	2.90851e-05	-5.81703e-05	0.00170035	0	0	0.185569	0	-0.426642	-237.002	0	213.464	213.464	-2.13163e-14	12.4428	0	0	0	0	0	0	0	0	0	0	0	0	0	0	0	0	0	0	0	0	0	0	0	0	0	0	0	0	0	0	0	0	0	
1	1	1	258	7.74		300	0	0	2.95294e-05	2.95294e-05	-5.90588e-05	0.0129	0	0	-7.58186e-06	-7.58186e-06	1.51637e-05	62.1127	0	0	0.443263	-5.32607	0	5.76933		300	0.186179	2.95302e-05	2.95302e-05	-5.90604e-05	0.00172636	0	0	0.186179	0	-0.426642	-237.002	0	213.464	213.464	-2.13163e-14	12.4428	0	0	0	0	0	0	0	0	0	0	0	0	0	0	0	0	0	0	0	0	0	0	0	0	0	0	0	0	0	0	0	0	0	
1	1	1	259	7.77		300	0	0	2.99765e-05	2.99765e-05	-5.9953e-05	0.01295	0	0	-7.68579e-06	-7.68579e-06	1.53716e-05	62.2455	0	0	0.446372	-5.33054	0	5.77691		300	0.186788	2.99773e-05	2.99773e-05	-5.99546e-05	0.00175248	0	0	0.186788	0	-0.426642	-237.002	0	213.464	213.464	-2.13163e-14	12.4428	0	0	0	0	0	0	0	0	0	0	0	0	0	0	0	0	0	0	0	0	0	0	0	0	0	0	0	0	0	0	0	0	0	
1	1	1	260	7.8		300	0	0	3.04256e-05	3.04256e-05	-6.08512e-05	0.013	0	0	-7.78999e-06	-7.78999e-06	1.558e-05	62.3776	0	0	0.449488	-5.335	0	5.78449		300	0.187397	3.04264e-05	3.04264e-05	-6.08528e-05	0.00177872	0	0	0.187397	0	-0.426642	-237.002	0	213.464	213.464	-2.13163e-14	12.4428	0	0	0	0	0	0	0	0	0	0	0	0	0	0	0	0	0	0	0	0	0	0	0	0	0	0	0	0	0	0	0	0	0	
1	1	1	261	7.83		300	0	0	3.08767e-05	3.08767e-05	-6.17534e-05	0.01305	0	0	-7.89445e-06	-7.89445e-06	1.57889e-05	62.509	0	0	0.45261	-5.33944	0	5.79205		300	0.188005	3.08775e-05	3.08775e-05	-6.1755e-05	0.00180507	0	0	0.188005	0	-0.426642	-237.002	0	213.464	213.464	-2.13163e-14	12.4428	0	0	0	0	0	0	0	0	0	0	0	0	0	0	0	0	0	0	0	0	0	0	0	0	0	0	0	0	0	0	0	0	0	
1	1	1	262	7.86		300	0	0	3.13297e-05	3.13297e-05	-6.26595e-05	0.0131	0	0	-7.99917e-06	-7.99917e-06	1.59983e-05	62.6398	0	0	0.455739	-5.34388	0	5.79961		300	0.188612	3.13306e-05	3.13306e-05	-6.26612e-05	0.00183154	0	0	0.188612	0	-0.426642	-237.002	0	213.464	213.464	-2.13163e-14	12.4428	0	0	0	0	0	0	0	0	0	0	0	0	0	0	0	0	0	0	0	0	0	0	0	0	0	0	0	0	0	0	0	0	0	
1	1	1	263	7.89		300	0	0	3.17848e-05	3.17848e-05	-6.35695e-05	0.01315	0	0	-8.10414e-06	-8.10414e-06	1.62083e-05	62.77	0	0	0.458874	-5.3483	0	5.80717		300	0.189219	3.17856e-05	3.17856e-05	-6.35712e-05	0.00185812	0	0	0.189219	0	-0.426642	-237.002	0	213.464	213.464	-2.13163e-14	12.4428	0	0	0	0	0	0	0	0	0	0	0	0	0	0	0	0	0	0	0	0	0	0	0	0	0	0	0	0	0	0	0	0	0	
1	1	1	264	7.92		300	0	0	3.22417e-05	3.22417e-05	-6.44834e-05	0.0132	0	0	-8.20936e-06	-8.20936e-06	1.64187e-05	62.8995	0	0	0.462016	-5.3527	0	5.81472		300	0.189826	3.22426e-05	3.22426e-05	-6.44851e-05	0.00188482	0	0	0.189826	0	-0.426642	-237.002	0	213.464	213.464	-2.13163e-14	12.4428	0	0	0	0	0	0	0	0	0	0	0	0	0	0	0	0	0	0	0	0	0	0	0	0	0	0	0	0	0	0	0	0	0	
1	1	1	265	7.95		300	0	0	3.27005e-05	3.27005e-05	-6.54011e-05	0.01325	0	0	-8.31483e-06	-8.31483e-06	1.66297e-05	63.0284	0	0	0.465164	-5.35709	0	5.82226		300	0.190432	3.27014e-05	3.27014e-05	-6.54028e-05	0.00191163	0	0	0.190432	0	-0.426642	-237.002	0	213.464	213.464	-2.13163e-14	12.4428	0	0	0	0	0	0	0	0	0	0	0	0	0	0	0	0	0	0	0	0	0	0	0	0	0	0	0	0	0	0	0	0	0	
1	1	1	266	7.98		300	0	0	3.31613e-05	3.31613e-05	-6.63226e-05	0.0133	0	0	-8.42053e-06	-8.42053e-06	1.68411e-05	63.1567	0	0	0.468318	-5.36147	0	5.82979		300	0.191037	3.31622e-05	3.31622e-05	-6.63243e-05	0.00193855	0	0	0.191037	0	-0.426642	-237.002	0	213.464	213.464	-2.13163e-14	12.4428	0	0	0	0	0	0	0	0	0	0	0	0	0	0	0	0	0	0	0	0	0	0	0	0	0	0	0	0	0	0	0	0	0	
1	1	1	267	8.01		300	0	0	3.36239e-05	3.36239e-05	-6.72478e-05	0.01335	0	0	-8.52647e-06	-8.52647e-06	1.70529e-05	63.2844	0	0	0.471479	-5.36584	0	5.83732		300	0.191642	3.36248e-05	3.36248e-05	-6.72496e-05	0.00196557	0	0	0.191642	0	-0.426642	-237.002	0	213.464	213.464	-2.13163e-14	12.4428	0	0	0	0	0	0	0	0	0	0	0	0	0	0	0	0	0	0	0	0	0	0	0	0	0	0	0	0	0	0	0	0	0	
1	1	1	268	8.04		300	0	0	3.40884e-05	3.40884e-05	-6.81767e-05	0.0134	0	0	-8.63265e-06	-8.63265e-06	1.72653e-05	63.4116	0	0	0.474647	-5.3702	0	5.84484		300	0.192246	3.40893e-05	3.40893e-05	-6.81785e-05	0.00199271	0	0	0.192246	0	-0.426642	-237.002	0	213.464	213.464	-2.13163e-14	12.4428	0	0	0	0	0	0	0	0	0	0	0	0	0	0	0	0	0	0	0	0	0	0	0	0	0	0	0	0	0	0	0	0	0	
1	1	1	269	8.07		300	0	0	3.45547e-05	3.45547e-05	-6.91093e-05	0.01345	0	0	-8.73904e-06	-8.73904e-06	1.74781e-05	63.5381	0	0	0.477821	-5.37454	0	5.85236		300	0.19285	3.45556e-05	3.45556e-05	-6.91112e-05	0.00201995	0	0	0.19285	0	-0.426642	-237.002	0	213.464	213.464	-2.13163e-14	12.4428	0	0	0	0	0	0	0	0	0	0	0	0	0	0	0	0	0	0	0	0	0	0	0	0	0	0	0	0	0	0	0	0	0	
1	1	1	270	8.1		300	0	0	3.50228e-05	3.50228e-05	-7.00456e-05	0.0135	0	0	-8.84566e-06	-8.84566e-06	1.76913e-05	63.664	0	0	0.481001	-5.37887	0	5.85987		300	0.193454	3.50237e-05	3.50237e-05	-7.00474e-05	0.0020473	0	0	0.193454	0	-0.426642	-237.002	0	213.464	213.464	-2.13163e-14	12.4428	0	0	0	0	0	0	0	0	0	0	0	0	0	0	0	0	0	0	0	0	0	0	0	0	0	0	0	0	0	0	0	0	0	
1	1	1	271	8.13		300	0	0	3.54927e-05	3.54927e-05	-7.09854e-05	0.01355	0	0	-8.9525e-06	-8.9525e-06	1.7905e-05	63.7893	0	0	0.484187	-5.38318	0	5.86737		300	0.194056	3.54936e-05	3.54936e-05	-7.09872e-05	0.00207475	0	0	0.194056	0	-0.426642	-237.002	0	213.464	213.464	-2.13163e-14	12.4428	0	0	0	0	0	0	0	0	0	0	0	0	0	0	0	0	0	0	0	0	0	0	0	0	0	0	0	0	0	0	0	0	0	
1	1	1	272	8.16		300	0	0	3.59644e-05	3.59644e-05	-7.19287e-05	0.0136	0	0	-9.05955e-06	-9.05955e-06	1.81191e-05	63.9141	0	0	0.48738	-5.38749	0	5.87486		300	0.194659	3.59653e-05	3.59653e-05	-7.19306e-05	0.00210231	0	0	0.194659	0	-0.426642	-237.002	0	213.464	213.464	-2.13163e-14	12.4428	0	0	0	0	0	0	0	0	0	0	0	0	0	0	0	0	0	0	0	0	0	0	0	0	0	0	0	0	0	0	0	0	0	
1	1	1	273	8.19		300	0	0	3.64378e-05	3.64378e-05	-7.28756e-05	0.01365	0	0	-9.16682e-06	-9.16682e-06	1.83336e-05	64.0383	0	0	0.490578	-5.39178	0	5.88235		300	0.19526	3.64388e-05	3.64388e-05	-7.28776e-05	0.00212996	0	0	0.19526	0	-0.426642	-237.002	0	213.464	213.464	-2.13163e-14	12.4428	0	0	0	0	0	0	0	0	0	0	0	0	0	0	0	0	0	0	0	0	0	0	0	0	0	0	0	0	0	0	0	0	0	
1	1	1	274	8.22		300	0	0	3.6913e-05	3.6913e-05	-7.3826e-05	0.0137	0	0	-9.27428e-06	-9.27428e-06	1.85486e-05	64.1619	0	0	0.493783	-5.39605	0	5.88984		300	0.195862	3.6914e-05	3.6914e-05	-7.3828e-05	0.00215772	0	0	0.195862	0	-0.426642	-237.002	0	213.464	213.464	-2.13163e-14	12.4428	0	0	0	0	0	0	0	0	0	0	0	0	0	0	0	0	0	0	0	0	0	0	0	0	0	0	0	0	0	0	0	0	0	
1	1	1	275	8.25		300	0	0	3.73899e-05	3.73899e-05	-7.47799e-05	0.01375	0	0	-9.38196e-06	-9.38196e-06	1.87639e-05	64.285	0	0	0.496995	-5.40032	0	5.89731		300	0.196462	3.73909e-05	3.73909e-05	-7.47818e-05	0.00218559	0	0	0.196462	0	-0.426642	-237.002	0	213.464	213.464	-2.13163e-14	12.4428	0	0	0	0	0	0	0	0	0	0	0	0	0	0	0	0	0	0	0	0	0	0	0	0	0	0	0	0	0	0	0	0	0	
1	1	1	276	8.28		300	0	0	3.78686e-05	3.78686e-05	-7.57371e-05	0.0138	0	0	-9.48983e-06	-9.48983e-06	1.89797e-05	64.4075	0	0	0.500212	-5.40457	0	5.90478		300	0.197062	3.78696e-05	3.78696e-05	-7.57391e-05	0.00221355	0	0	0.197062	0	-0.426642	-237.002	0	213.464	213.464	-2.13163e-14	12.4428	0	0	0	0	0	0	0	0	0	0	0	0	0	0	0	0	0	0	0	0	0	0	0	0	0	0	0	0	0	0	0	0	0	
1	1	1	277	8.31		300	0	0	3.83489e-05	3.83489e-05	-7.66978e-05	0.01385	0	0	-9.59789e-06	-9.59789e-06	1.91958e-05	64.5294	0	0	0.503435	-5.40881	0	5.91224		300	0.197662	3.83499e-05	3.83499e-05	-7.66998e-05	0.00224161	0	0	0.197662	0	-0.426642	-237.002	0	213.464	213.464	-2.13163e-14	12.4428	0	0	0	0	0	0	0	0	0	0	0	0	0	0	0	0	0	0	0	0	0	0	0	0	0	0	0	0	0	0	0	0	0	
1	1	1	278	8.34		300	0	0	3.88309e-05	3.88309e-05	-7.76618e-05	0.0139	0	0	-9.70615e-06	-9.70615e-06	1.94123e-05	64.6509	0	0	0.506665	-5.41304	0	5.9197		300	0.198261	3.88319e-05	3.88319e-05	-7.76638e-05	0.00226976	0	0	0.198261	0	-0.426642	-237.002	0	213.464	213.464	-2.13163e-14	12.4428	0	0	0	0	0	0	0	0	0	0	0	0	0	0	0	0	0	0	0	0	0	0	0	0	0	0	0	0	0	0	0	0	0	
1	1	1	279	8.37		300	0	0	3.93145e-05	3.93145e-05	-7.86291e-05	0.01395	0	0	-9.81459e-06	-9.81459e-06	1.96292e-05	64.7717	0	0	0.5099	-5.41725	0	5.92715		300	0.19886	3.93156e-05	3.93156e-05	-7.86311e-05	0.00229802	0	0	0.19886	0	-0.426642	-237.002	0	213.464	213.464	-2.13163e-14	12.4428	0	0	0	0	0	0	0	0	0	0	0	0	0	0	0	0	0	0	0	0	0	0	0	0	0	0	0	0	0	0	0	0	0	
1	1	1	280	8.4		300	0	0	3.97998e-05	3.97998e-05	-7.95997e-05	0.014	0	0	-9.92322e-06	-9.92322e-06	1.98464e-05	64.8921	0	0	0.513142	-5.42145	0	5.93459		300	0.199458	3.98009e-05	3.98009e-05	-7.96017e-05	0.00232637	0	0	0.199458	0	-0.426642	-237.002	0	213.464	213.464	-2.13163e-14	12.4428	0	0	0	0	0	0	0	0	0	0	0	0	0	0	0	0	0	0	0	0	0	0	0	0	0	0	0	0	0	0	0	0	0	
1	1	1	281	8.43		300	0	0	4.02868e-05	4.02868e-05	-8.05735e-05	0.01405	0	0	-1.0032e-05	-1.0032e-05	2.00641e-05	65.0119	0	0	0.51639	-5.42564	0	5.94203		300	0.200055	4.02878e-05	4.02878e-05	-8.05756e-05	0.00235481	0	0	0.200055	0	-0.426642	-237.002	0	213.464	213.464	-2.13163e-14	12.4428	0	0	0	0	0	0	0	0	0	0	0	0	0	0	0	0	0	0	0	0	0	0	0	0	0	0	0	0	0	0	0	0	0	
1	1	1	282	8.46		300	0	0	4.07753e-05	4.07753e-05	-8.15506e-05	0.0141	0	0	-1.0141e-05	-1.0141e-05	2.0282e-05	65.1312	0	0	0.519643	-5.42982	0	5.94946		300	0.200652	4.07764e-05	4.07764e-05	-8.15527e-05	0.00238335	0	0	0.200652	0	-0.426642	-237.002	0	213.464	213.464	-2.13163e-14	12.4428	0	0	0	0	0	0	0	0	0	0	0	0	0	0	0	0	0	0	0	0	0	0	0	0	0	0	0	0	0	0	0	0	0	
1	1	1	283	8.49		300	0	0	4.12654e-05	4.12654e-05	-8.25309e-05	0.01415	0	0	-1.02502e-05	-1.02502e-05	2.05004e-05	65.25	0	0	0.522903	-5.43398	0	5.95688		300	0.201249	4.12665e-05	4.12665e-05	-8.2533e-05	0.00241199	0	0	0.201249	0	-0.426642	-237.002	0	213.464	213.464	-2.13163e-14	12.4428	0	0	0	0	0	0	0	0	0	0	0	0	0	0	0	0	0	0	0	0	0	0	0	0	0	0	0	0	0	0	0	0	0	
1	1	1	284	8.52		300	0	0	4.17571e-05	4.17571e-05	-8.35143e-05	0.0142	0	0	-1.03595e-05	-1.03595e-05	2.0719e-05	65.3683	0	0	0.526168	-5.43813	0	5.9643		300	0.201845	4.17582e-05	4.17582e-05	-8.35165e-05	0.00244071	0	0	0.201845	0	-0.426642	-237.002	0	213.464	213.464	-2.13163e-14	12.4428	0	0	0	0	0	0	0	0	0	0	0	0	0	0	0	0	0	0	0	0	0	0	0	0	0	0	0	0	0	0	0	0	0	
1	1	1	285	8.55		300	0	0	4.22504e-05	4.22504e-05	-8.45008e-05	0.01425	0	0	-1.0469e-05	-1.0469e-05	2.0938e-05	65.486	0	0	0.529439	-5.44227	0	5.97171		300	0.20244	4.22515e-05	4.22515e-05	-8.4503e-05	0.00246953	0	0	0.20244	0	-0.426642	-237.002	0	213.464	213.464	-2.13163e-14	12.4428	0	0	0	0	0	0	0	0	0	0	0	0	0	0	0	0	0	0	0	0	0	0	0	0	0	0	0	0	0	0	0	0	0	
1	1	1	286	8.58		300	0	0	4.27453e-05	4.27453e-05	-8.54905e-05	0.0143	0	0	-1.05787e-05	-1.05787e-05	2.11574e-05	65.6033	0	0	0.532717	-5.4464	0	5.97912		300	0.203035	4.27464e-05	4.27464e-05	-8.54927e-05	0.00249843	0	0	0.203035	0	-0.426642	-237.002	0	213.464	213.464	-2.13163e-14	12.4428	0	0	0	0	0	0	0	0	0	0	0	0	0	0	0	0	0	0	0	0	0	0	0	0	0	0	0	0	0	0	0	0	0	
1	1	1	287	8.61		300	0	0	4.32416e-05	4.32416e-05	-8.64832e-05	0.01435	0	0	-1.06885e-05	-1.06885e-05	2.1377e-05	65.72	0	0	0.536	-5.45051	0	5.98651		300	0.203629	4.32427e-05	4.32427e-05	-8.64855e-05	0.00252743	0	0	0.203629	0	-0.426642	-237.002	0	213.464	213.464	-2.13163e-14	12.4428	0	0	0	0	0	0	0	0	0	0	0	0	0	0	0	0	0	0	0	0	0	0	0	0	0	0	0	0	0	0	0	0	0	
1	1	1	288	8.64		300	0	0	4.37395e-05	4.37395e-05	-8.7479e-05	0.0144	0	0	-1.07985e-05	-1.07985e-05	2.1597e-05	65.8363	0	0	0.539289	-5.45462	0	5.9939		300	0.204223	4.37406e-05	4.37406e-05	-8.74813e-05	0.00255651	0	0	0.204223	0	-0.426642	-237.002	0	213.464	213.464	-2.13163e-14	12.4428	0	0	0	0	0	0	0	0	0	0	0	0	0	0	0	0	0	0	0	0	0	0	0	0	0	0	0	0	0	0	0	0	0	
1	1	1	289	8.67		300	0	0	4.42389e-05	4.42389e-05	-8.84778e-05	0.01445	0	0	-1.09086e-05	-1.09086e-05	2.18172e-05	65.9521	0	0	0.542583	-5.45871	0	6.00129		300	0.204817	4.424e-05	4.424e-05	-8.84801e-05	0.00258568	0	0	0.204817	0	-0.426642	-237.002	0	213.464	213.464	-2.13163e-14	12.4428	0	0	0	0	0	0	0	0	0	0	0	0	0	0	0	0	0	0	0	0	0	0	0	0	0	0	0	0	0	0	0	0	0	
1	1	1	290	8.7		300	0	0	4.47398e-05	4.47398e-05	-8.94796e-05	0.0145	0	0	-1.10189e-05	-1.10189e-05	2.20378e-05	66.0674	0	0	0.545884	-5.46278	0	6.00867		300	0.205409	4.47409e-05	4.47409e-05	-8.94819e-05	0.00261494	0	0	0.205409	0	-0.426642	-237.002	0	213.464	213.464	-2.13163e-14	12.4428	0	0	0	0	0	0	0	0	0	0	0	0	0	0	0	0	0	0	0	0	0	0	0	0	0	0	0	0	0	0	0	0	0	
1	1	1	291	8.73		300	0	0	4.52422e-05	4.52422e-05	-9.04843e-05	0.01455	0	0	-1.11294e-05	-1.11294e-05	2.22587e-05	66.1822	0	0	0.54919	-5.46685	0	6.01604		300	0.206002	4.52433e-05	4.52433e-05	-9.04867e-05	0.00264429	0	0	0.206002	0	-0.426642	-237.002	0	213.464	213.464	-2.13163e-14	12.4428	0	0	0	0	0	0	0	0	0	0	0	0	0	0	0	0	0	0	0	0	0	0	0	0	0	0	0	0	0	0	0	0	0	
1	1	1	292	8.76		300	0	0	4.5746e-05	4.5746e-05	-9.1492e-05	0.0146	0	0	-1.12399e-05	-1.12399e-05	2.24799e-05	66.2965	0	0	0.552502	-5.4709	0	6.0234		300	0.206593	4.57472e-05	4.57472e-05	-9.14943e-05	0.00267372	0	0	0.206593	0	-0.426642	-237.002	0	213.464	213.464	-2.13163e-14	12.4428	0	0	0	0	0	0	0	0	0	0	0	0	0	0	0	0	0	0	0	0	0	0	0	0	0	0	0	0	0	0	0	0	0	
1	1	1	293	8.79		300	0	0	4.62513e-05	4.62513e-05	-9.25026e-05	0.01465	0	0	-1.13507e-05	-1.13507e-05	2.27013e-05	66.4104	0	0	0.55582	-5.47494	0	6.03076		300	0.207185	4.62525e-05	4.62525e-05	-9.25049e-05	0.00270324	0	0	0.207185	0	-0.426642	-237.002	0	213.464	213.464	-2.13163e-14	12.4428	0	0	0	0	0	0	0	0	0	0	0	0	0	0	0	0	0	0	0	0	0	0	0	0	0	0	0	0	0	0	0	0	0	
1	1	1	294	8.82		300	0	0	4.6758e-05	4.6758e-05	-9.3516e-05	0.0147	0	0	-1.14615e-05	-1.14615e-05	2.29231e-05	66.5238	0	0	0.559143	-5.47897	0	6.03811		300	0.207775	4.67592e-05	4.67592e-05	-9.35184e-05	0.00273284	0	0	0.207775	0	-0.426642	-237.002	0	213.464	213.464	-2.13163e-14	12.4428	0	0	0	0	0	0	0	0	0	0	0	0	0	0	0	0	0	0	0	0	0	0	0	0	0	0	0	0	0	0	0	0	0	
1	1	1	295	8.85		300	0	0	4.72662e-05	4.72662e-05	-9.45323e-05	0.01475	0	0	-1.15725e-05	-1.15725e-05	2.31451e-05	66.6367	0	0	0.562472	-5.48299	0	6.04546		300	0.208366	4.72674e-05	4.72674e-05	-9.45347e-05	0.00276252	0	0	0.208366	0	-0.426642	-237.002	0	213.464	213.464	-2.13163e-14	12.4428	0	0	0	0	0	0	0	0	0	0	0	0	0	0	0	0	0	0	0	0	0	0	0	0	0	0	0	0	0	0	0	0	0	
1	1	1	296	8.88		300	0	0	4.77757e-05	4.77757e-05	-9.55514e-05	0.0148	0	0	-1.16837e-05	-1.16837e-05	2.33674e-05	66.7492	0	0	0.565807	-5.48699	0	6.0528		300	0.208955	4.77769e-05	4.77769e-05	-9.55539e-05	0.00279229	0	0	0.208955	0	-0.426642	-237.002	0	213.464	213.464	-2.13163e-14	12.4428	0	0	0	0	0	0	0	0	0	0	0	0	0	0	0	0	0	0	0	0	0	0	0	0	0	0	0	0	0	0	0	0	0	
1	1	1	297	8.91		300	0	0	4.82867e-05	4.82867e-05	-9.65734e-05	0.01485	0	0	-1.1795e-05	-1.1795e-05	2.35899e-05	66.8612	0	0	0.569147	-5.49099	0	6.06013		300	0.209544	4.82879e-05	4.82879e-05	-9.65758e-05	0.00282213	0	0	0.209544	0	-0.426642	-237.002	0	213.464	213.464	-2.13163e-14	12.4428	0	0	0	0	0	0	0	0	0	0	0	0	0	0	0	0	0	0	0	0	0	0	0	0	0	0	0	0	0	0	0	0	0	
1	1	1	298	8.94		300	0	0	4.8799e-05	4.8799e-05	-9.75981e-05	0.0149	0	0	-1.19064e-05	-1.19064e-05	2.38127e-05	66.9728	0	0	0.572493	-5.49497	0	6.06746		300	0.210133	4.88003e-05	4.88003e-05	-9.76006e-05	0.00285206	0	0	0.210133	0	-0.426642	-237.002	0	213.464	213.464	-2.13163e-14	12.4428	0	0	0	0	0	0	0	0	0	0	0	0	0	0	0	0	0	0	0	0	0	0	0	0	0	0	0	0	0	0	0	0	0	
1	1	1	299	8.97		300	0	0	4.93127e-05	4.93127e-05	-9.86255e-05	0.01495	0	0	-1.20179e-05	-1.20179e-05	2.40358e-05	67.0839	0	0	0.575844	-5.49894	0	6.07478		300	0.210721	4.9314e-05	4.9314e-05	-9.8628e-05	0.00288207	0	0	0.210721	0	-0.426642	-237.002	0	213.464	213.464	-2.13163e-14	12.4428	0	0	0	0	0	0	0	0	0	0	0	0	0	0	0	0	0	0	0	0	0	0	0	0	0	0	0	0	0	0	0	0	0	
1	1	1	300	9		300	0	0	4.98278e-05	4.98278e-05	-9.96557e-05	0.015	0	0	-1.21296e-05	-1.21296e-05	2.42591e-05	67.1946	0	0	0.579201	-5.50289	0	6.08209		300	0.211309	4.98291e-05	4.98291e-05	-9.96582e-05	0.00291216	0	0	0.211309	0	-0.426642	-237.002	0	213.464	213.464	-2.13163e-14	12.4428	0	0	0	0	0	0	0	0	0	0	0	0	0	0	0	0	0	0	0	0	0	0	0	0	0	0	0	0	0	0	0	0	0	
1	1	1	301	9.03		300	0	0	5.03443e-05	5.03443e-05	-0.000100689	0.01505	0	0	-1.22413e-05	-1.22413e-05	2.44827e-05	67.3049	0	0	0.582564	-5.50684	0	6.0894		300	0.211896	5.03455e-05	5.03455e-05	-0.000100691	0.00294232	0	0	0.211896	0	-0.426642	-237.002	0	213.464	213.464	-2.13163e-14	12.4428	0	0	0	0	0	0	0	0	0	0	0	0	0	0	0	0	0	0	0	0	0	0	0	0	0	0	0	0	0	0	0	0	0	
1	1	1	302	9.06		300	0	0	5.0862e-05	5.0862e-05	-0.000101724	0.0151	0	0	-1.23532e-05	-1.23532e-05	2.47065e-05	67.4147	0	0	0.585932	-5.51077	0	6.0967		300	0.212483	5.08633e-05	5.08633e-05	-0.000101727	0.00297257	0	0	0.212483	0	-0.426642	-237.002	0	213.464	213.464	-2.13163e-14	12.4428	0	0	0	0	0	0	0	0	0	0	0	0	0	0	0	0	0	0	0	0	0	0	0	0	0	0	0	0	0	0	0	0	0	
1	1	1	303	9.09		300	0	0	5.13811e-05	5.13811e-05	-0.000102762	0.01515	0	0	-1.24653e-05	-1.24653e-05	2.49305e-05	67.5241	0	0	0.589305	-5.51469	0	6.104		300	0.213069	5.13824e-05	5.13824e-05	-0.000102765	0.00300289	0	0	0.213069	0	-0.426642	-237.002	0	213.464	213.464	-2.13163e-14	12.4428	0	0	0	0	0	0	0	0	0	0	0	0	0	0	0	0	0	0	0	0	0	0	0	0	0	0	0	0	0	0	0	0	0	
1	1	1	304	9.12		300	0	0	5.19015e-05	5.19015e-05	-0.000103803	0.0152	0	0	-1.25774e-05	-1.25774e-05	2.51548e-05	67.6331	0	0	0.592684	-5.5186	0	6.11129		300	0.213654	5.19029e-05	5.19029e-05	-0.000103806	0.00303329	0	0	0.213654	0	-0.426642	-237.002	0	213.464	213.464	-2.13163e-14	12.4428	0	0	0	0	0	0	0	0	0	0	0	0	0	0	0	0	0	0	0	0	0	0	0	0	0	0	0	0	0	0	0	0	0	
1	1	1	305	9.15		300	0	0	5.24232e-05	5.24232e-05	-0.000104846	0.01525	0	0	-1.26896e-05	-1.26896e-05	2.53792e-05	67.7416	0	0	0.596069	-5.5225	0	6.11857		300	0.214239	5.24246e-05	5.24246e-05	-0.000104849	0.00306376	0	0	0.214239	0	-0.426642	-237.002	0	213.464	213.464	-2.13163e-14	12.4428	0	0	0	0	0	0	0	0	0	0	0	0	0	0	0	0	0	0	0	0	0	0	0	0	0	0	0	0	0	0	0	0	0	
1	1	1	306	9.18		300	0	0	5.29463e-05	5.29463e-05	-0.000105893	0.0153	0	0	-1.2802e-05	-1.2802e-05	2.5604e-05	67.8497	0	0	0.599458	-5.52639	0	6.12584		300	0.214824	5.29476e-05	5.29476e-05	-0.000105895	0.00309431	0	0	0.214824	0	-0.426642	-237.002	0	213.464	213.464	-2.13163e-14	12.4428	0	0	0	0	0	0	0	0	0	0	0	0	0	0	0	0	0	0	0	0	0	0	0	0	0	0	0	0	0	0	0	0	0	
1	1	1	307	9.21		300	0	0	5.34705e-05	5.34705e-05	-0.000106941	0.01535	0	0	-1.29144e-05	-1.29144e-05	2.58289e-05	67.9574	0	0	0.602853	-5.53026	0	6.13311		300	0.215408	5.34719e-05	5.34719e-05	-0.000106944	0.00312494	0	0	0.215408	0	-0.426642	-237.002	0	213.464	213.464	-2.13163e-14	12.4428	0	0	0	0	0	0	0	0	0	0	0	0	0	0	0	0	0	0	0	0	0	0	0	0	0	0	0	0	0	0	0	0	0	
1	1	1	308	9.24		300	0	0	5.39961e-05	5.39961e-05	-0.000107992	0.0154	0	0	-1.3027e-05	-1.3027e-05	2.6054e-05	68.0647	0	0	0.606254	-5.53412	0	6.14038		300	0.215992	5.39974e-05	5.39974e-05	-0.000107995	0.00315563	0	0	0.215992	0	-0.426642	-237.002	0	213.464	213.464	-2.13163e-14	12.4428	0	0	0	0	0	0	0	0	0	0	0	0	0	0	0	0	0	0	0	0	0	0	0	0	0	0	0	0	0	0	0	0	0	
1	1	1	309	9.27		300	0	0	5.45229e-05	5.45229e-05	-0.000109046	0.01545	0	0	-1.31397e-05	-1.31397e-05	2.62793e-05	68.1716	0	0	0.60966	-5.53797	0	6.14763		300	0.216575	5.45243e-05	5.45243e-05	-0.000109049	0.00318641	0	0	0.216575	0	-0.426642	-237.002	0	213.464	213.464	-2.13163e-14	12.4428	0	0	0	0	0	0	0	0	0	0	0	0	0	0	0	0	0	0	0	0	0	0	0	0	0	0	0	0	0	0	0	0	0	
1	1	1	310	9.3		300	0	0	5.50509e-05	5.50509e-05	-0.000110102	0.0155	0	0	-1.32524e-05	-1.32524e-05	2.65049e-05	68.2781	0	0	0.613071	-5.54181	0	6.15489		300	0.217157	5.50523e-05	5.50523e-05	-0.000110105	0.00321725	0	0	0.217157	0	-0.426642	-237.002	0	213.464	213.464	-2.13163e-14	12.4428	0	0	0	0	0	0	0	0	0	0	0	0	0	0	0	0	0	0	0	0	0	0	0	0	0	0	0	0	0	0	0	0	0	
1	1	1	311	9.33		300	0	0	5.55802e-05	5.55802e-05	-0.00011116	0.01555	0	0	-1.33653e-05	-1.33653e-05	2.67306e-05	68.3842	0	0	0.616488	-5.54564	0	6.16213		300	0.217739	5.55816e-05	5.55816e-05	-0.000111163	0.00324817	0	0	0.217739	0	-0.426642	-237.002	0	213.464	213.464	-2.13163e-14	12.4428	0	0	0	0	0	0	0	0	0	0	0	0	0	0	0	0	0	0	0	0	0	0	0	0	0	0	0	0	0	0	0	0	0	
1	1	1	312	9.36		300	0	0	5.61107e-05	5.61107e-05	-0.000112221	0.0156	0	0	-1.34783e-05	-1.34783e-05	2.69565e-05	68.4899	0	0	0.61991	-5.54946	0	6.16937		300	0.218321	5.61121e-05	5.61121e-05	-0.000112224	0.00327915	0	0	0.218321	0	-0.426642	-237.002	0	213.464	213.464	-2.13163e-14	12.4428	0	0	0	0	0	0	0	0	0	0	0	0	0	0	0	0	0	0	0	0	0	0	0	0	0	0	0	0	0	0	0	0	0	
1	1	1	313	9.39		300	0	0	5.66424e-05	5.66424e-05	-0.000113285	0.01565	0	0	-1.35913e-05	-1.35913e-05	2.71827e-05	68.5952	0	0	0.623337	-5.55326	0	6.1766		300	0.218902	5.66439e-05	5.66439e-05	-0.000113288	0.00331021	0	0	0.218902	0	-0.426642	-237.002	0	213.464	213.464	-2.13163e-14	12.4428	0	0	0	0	0	0	0	0	0	0	0	0	0	0	0	0	0	0	0	0	0	0	0	0	0	0	0	0	0	0	0	0	0	
1	1	1	314	9.42		300	0	0	5.71754e-05	5.71754e-05	-0.000114351	0.0157	0	0	-1.37045e-05	-1.37045e-05	2.7409e-05	68.7001	0	0	0.626769	-5.55706	0	6.18383		300	0.219483	5.71768e-05	5.71768e-05	-0.000114354	0.00334134	0	0	0.219483	0	-0.426642	-237.002	0	213.464	213.464	-2.13163e-14	12.4428	0	0	0	0	0	0	0	0	0	0	0	0	0	0	0	0	0	0	0	0	0	0	0	0	0	0	0	0	0	0	0	0	0	
1	1	1	315	9.45		300	0	0	5.77095e-05	5.77095e-05	-0.000115419	0.01575	0	0	-1.38177e-05	-1.38177e-05	2.76355e-05	68.8046	0	0	0.630207	-5.56084	0	6.19105		300	0.220063	5.77109e-05	5.77109e-05	-0.000115422	0.00337254	0	0	0.220063	0	-0.426642	-237.002	0	213.464	213.464	-2.13163e-14	12.4428	0	0	0	0	0	0	0	0	0	0	0	0	0	0	0	0	0	0	0	0	0	0	0	0	0	0	0	0	0	0	0	0	0	
1	1	1	316	9.48		300	0	0	5.82448e-05	5.82448e-05	-0.00011649	0.0158	0	0	-1.39311e-05	-1.39311e-05	2.78621e-05	68.9087	0	0	0.63365	-5.56461	0	6.19826		300	0.220642	5.82463e-05	5.82463e-05	-0.000116493	0.00340381	0	0	0.220642	0	-0.426642	-237.002	0	213.464	213.464	-2.13163e-14	12.4428	0	0	0	0	0	0	0	0	0	0	0	0	0	0	0	0	0	0	0	0	0	0	0	0	0	0	0	0	0	0	0	0	0	
1	1	1	317	9.51		300	0	0	5.87813e-05	5.87813e-05	-0.000117563	0.01585	0	0	-1.40445e-05	-1.40445e-05	2.80889e-05	69.0125	0	0	0.637098	-5.56837	0	6.20547		300	0.221221	5.87827e-05	5.87827e-05	-0.000117565	0.00343514	0	0	0.221221	0	-0.426642	-237.002	0	213.464	213.464	-2.13163e-14	12.4428	0	0	0	0	0	0	0	0	0	0	0	0	0	0	0	0	0	0	0	0	0	0	0	0	0	0	0	0	0	0	0	0	0	
1	1	1	318	9.54		300	0	0	5.93189e-05	5.93189e-05	-0.000118638	0.0159	0	0	-1.4158e-05	-1.4158e-05	2.83159e-05	69.1158	0	0	0.640551	-5.57212	0	6.21267		300	0.2218	5.93204e-05	5.93204e-05	-0.000118641	0.00346655	0	0	0.2218	0	-0.426642	-237.002	0	213.464	213.464	-2.13163e-14	12.4428	0	0	0	0	0	0	0	0	0	0	0	0	0	0	0	0	0	0	0	0	0	0	0	0	0	0	0	0	0	0	0	0	0	
1	1	1	319	9.57		300	0	0	5.98577e-05	5.98577e-05	-0.000119715	0.01595	0	0	-1.42716e-05	-1.42716e-05	2.85431e-05	69.2188	0	0	0.644009	-5.57586	0	6.21986		300	0.222378	5.98592e-05	5.98592e-05	-0.000119718	0.00349802	0	0	0.222378	0	-0.426642	-237.002	0	213.464	213.464	-2.13163e-14	12.4428	0	0	0	0	0	0	0	0	0	0	0	0	0	0	0	0	0	0	0	0	0	0	0	0	0	0	0	0	0	0	0	0	0	
1	1	1	320	9.6		300	0	0	6.03976e-05	6.03976e-05	-0.000120795	0.016	0	0	-1.43852e-05	-1.43852e-05	2.87704e-05	69.3215	0	0	0.647473	-5.57958	0	6.22705		300	0.222956	6.03991e-05	6.03991e-05	-0.000120798	0.00352955	0	0	0.222956	0	-0.426642	-237.002	0	213.464	213.464	-2.13163e-14	12.4428	0	0	0	0	0	0	0	0	0	0	0	0	0	0	0	0	0	0	0	0	0	0	0	0	0	0	0	0	0	0	0	0	0	
1	1	1	321	9.63		300	0	0	6.09387e-05	6.09387e-05	-0.000121877	0.01605	0	0	-1.4499e-05	-1.4499e-05	2.89979e-05	69.4237	0	0	0.650941	-5.5833	0	6.23424		300	0.223533	6.09402e-05	6.09402e-05	-0.00012188	0.00356116	0	0	0.223533	0	-0.426642	-237.002	0	213.464	213.464	-2.13163e-14	12.4428	0	0	0	0	0	0	0	0	0	0	0	0	0	0	0	0	0	0	0	0	0	0	0	0	0	0	0	0	0	0	0	0	0	
1	1	1	322	9.66		300	0	0	6.14809e-05	6.14809e-05	-0.000122962	0.0161	0	0	-1.46128e-05	-1.46128e-05	2.92256e-05	69.5256	0	0	0.654415	-5.587	0	6.24141		300	0.224109	6.14824e-05	6.14824e-05	-0.000122965	0.00359283	0	0	0.224109	0	-0.426642	-237.002	0	213.464	213.464	-2.13163e-14	12.4428	0	0	0	0	0	0	0	0	0	0	0	0	0	0	0	0	0	0	0	0	0	0	0	0	0	0	0	0	0	0	0	0	0	
1	1	1	323	9.69		300	0	0	6.20242e-05	6.20242e-05	-0.000124048	0.01615	0	0	-1.47267e-05	-1.47267e-05	2.94534e-05	69.6272	0	0	0.657894	-5.59069	0	6.24859		300	0.224685	6.20257e-05	6.20257e-05	-0.000124051	0.00362456	0	0	0.224685	0	-0.426642	-237.002	0	213.464	213.464	-2.13163e-14	12.4428	0	0	0	0	0	0	0	0	0	0	0	0	0	0	0	0	0	0	0	0	0	0	0	0	0	0	0	0	0	0	0	0	0	
1	1	1	324	9.72		300	0	0	6.25686e-05	6.25686e-05	-0.000125137	0.0162	0	0	-1.48406e-05	-1.48406e-05	2.96813e-05	69.7284	0	0	0.661378	-5.59437	0	6.25575		300	0.225261	6.25702e-05	6.25702e-05	-0.00012514	0.00365636	0	0	0.225261	0	-0.426642	-237.002	0	213.464	213.464	-2.13163e-14	12.4428	0	0	0	0	0	0	0	0	0	0	0	0	0	0	0	0	0	0	0	0	0	0	0	0	0	0	0	0	0	0	0	0	0	
1	1	1	325	9.75		300	0	0	6.31141e-05	6.31141e-05	-0.000126228	0.01625	0	0	-1.49547e-05	-1.49547e-05	2.99094e-05	69.8292	0	0	0.664867	-5.59804	0	6.26291		300	0.225836	6.31157e-05	6.31157e-05	-0.000126231	0.00368822	0	0	0.225836	0	-0.426642	-237.002	0	213.464	213.464	-2.13163e-14	12.4428	0	0	0	0	0	0	0	0	0	0	0	0	0	0	0	0	0	0	0	0	0	0	0	0	0	0	0	0	0	0	0	0	0	
1	1	1	326	9.78		300	0	0	6.36607e-05	6.36607e-05	-0.000127321	0.0163	0	0	-1.50688e-05	-1.50688e-05	3.01376e-05	69.9296	0	0	0.668361	-5.6017	0	6.27006		300	0.226411	6.36623e-05	6.36623e-05	-0.000127325	0.00372015	0	0	0.226411	0	-0.426642	-237.002	0	213.464	213.464	-2.13163e-14	12.4428	0	0	0	0	0	0	0	0	0	0	0	0	0	0	0	0	0	0	0	0	0	0	0	0	0	0	0	0	0	0	0	0	0	
1	1	1	327	9.81		300	0	0	6.42084e-05	6.42084e-05	-0.000128417	0.01635	0	0	-1.5183e-05	-1.5183e-05	3.03659e-05	70.0298	0	0	0.67186	-5.60535	0	6.27721		300	0.226985	6.421e-05	6.421e-05	-0.00012842	0.00375214	0	0	0.226985	0	-0.426642	-237.002	0	213.464	213.464	-2.13163e-14	12.4428	0	0	0	0	0	0	0	0	0	0	0	0	0	0	0	0	0	0	0	0	0	0	0	0	0	0	0	0	0	0	0	0	0	
1	1	1	328	9.84		300	0	0	6.47571e-05	6.47571e-05	-0.000129514	0.0164	0	0	-1.52972e-05	-1.52972e-05	3.05944e-05	70.1295	0	0	0.675364	-5.60899	0	6.28435		300	0.227559	6.47587e-05	6.47587e-05	-0.000129517	0.00378419	0	0	0.227559	0	-0.426642	-237.002	0	213.464	213.464	-2.13163e-14	12.4428	0	0	0	0	0	0	0	0	0	0	0	0	0	0	0	0	0	0	0	0	0	0	0	0	0	0	0	0	0	0	0	0	0	
1	1	1	329	9.87		300	0	0	6.53069e-05	6.53069e-05	-0.000130614	0.01645	0	0	-1.54115e-05	-1.54115e-05	3.0823e-05	70.229	0	0	0.678873	-5.61261	0	6.29149		300	0.228132	6.53085e-05	6.53085e-05	-0.000130617	0.0038163	0	0	0.228132	0	-0.426642	-237.002	0	213.464	213.464	-2.13163e-14	12.4428	0	0	0	0	0	0	0	0	0	0	0	0	0	0	0	0	0	0	0	0	0	0	0	0	0	0	0	0	0	0	0	0	0	
1	1	1	330	9.9		300	0	0	6.58578e-05	6.58578e-05	-0.000131716	0.0165	0	0	-1.55259e-05	-1.55259e-05	3.10518e-05	70.3281	0	0	0.682387	-5.61623	0	6.29861		300	0.228705	6.58594e-05	6.58594e-05	-0.000131719	0.00384848	0	0	0.228705	0	-0.426642	-237.002	0	213.464	213.464	-2.13163e-14	12.4428	0	0	0	0	0	0	0	0	0	0	0	0	0	0	0	0	0	0	0	0	0	0	0	0	0	0	0	0	0	0	0	0	0	
1	1	1	331	9.93		300	0	0	6.64097e-05	6.64097e-05	-0.000132819	0.01655	0	0	-1.56403e-05	-1.56403e-05	3.12806e-05	70.4268	0	0	0.685905	-5.61983	0	6.30574		300	0.229277	6.64113e-05	6.64113e-05	-0.000132823	0.00388071	0	0	0.229277	0	-0.426642	-237.002	0	213.464	213.464	-2.13163e-14	12.4428	0	0	0	0	0	0	0	0	0	0	0	0	0	0	0	0	0	0	0	0	0	0	0	0	0	0	0	0	0	0	0	0	0	
1	1	1	332	9.96		300	0	0	6.69626e-05	6.69626e-05	-0.000133925	0.0166	0	0	-1.57548e-05	-1.57548e-05	3.15096e-05	70.5252	0	0	0.689429	-5.62343	0	6.31286		300	0.229849	6.69642e-05	6.69642e-05	-0.000133928	0.00391301	0	0	0.229849	0	-0.426642	-237.002	0	213.464	213.464	-2.13163e-14	12.4428	0	0	0	0	0	0	0	0	0	0	0	0	0	0	0	0	0	0	0	0	0	0	0	0	0	0	0	0	0	0	0	0	0	
1	1	1	333	9.99		300	0	0	6.75166e-05	6.75166e-05	-0.000135033	0.01665	0	0	-1.58694e-05	-1.58694e-05	3.17387e-05	70.6233	0	0	0.692958	-5.62701	0	6.31997		300	0.23042	6.75182e-05	6.75182e-05	-0.000135036	0.00394536	0	0	0.23042	0	-0.426642	-237.002	0	213.464	213.464	-2.13163e-14	12.4428	0	0	0	0	0	0	0	0	0	0	0	0	0	0	0	0	0	0	0	0	0	0	0	0	0	0	0	0	0	0	0	0	0	
1	1	1	334	10.02		300	0	0	6.80715e-05	6.80715e-05	-0.000136143	0.0167	0	0	-1.5984e-05	-1.5984e-05	3.19679e-05	70.721	0	0	0.696491	-5.63058	0	6.32707		300	0.230991	6.80732e-05	6.80732e-05	-0.000136146	0.00397778	0	0	0.230991	0	-0.426642	-237.002	0	213.464	213.464	-2.13163e-14	12.4428	0	0	0	0	0	0	0	0	0	0	0	0	0	0	0	0	0	0	0	0	0	0	0	0	0	0	0	0	0	0	0	0	0	
1	1	1	335	10.05		300	0	0	6.86275e-05	6.86275e-05	-0.000137255	0.01675	0	0	-1.60986e-05	-1.60986e-05	3.21973e-05	70.8185	0	0	0.70003	-5.63414	0	6.33417		300	0.231562	6.86292e-05	6.86292e-05	-0.000137258	0.00401025	0	0	0.231562	0	-0.426642	-237.002	0	213.464	213.464	-2.13163e-14	12.4428	0	0	0	0	0	0	0	0	0	0	0	0	0	0	0	0	0	0	0	0	0	0	0	0	0	0	0	0	0	0	0	0	0	
1	1	1	336	10.08		300	0	0	6.91845e-05	6.91845e-05	-0.000138369	0.0168	0	0	-1.62133e-05	-1.62133e-05	3.24267e-05	70.9156	0	0	0.703573	-5.63769	0	6.34127		300	0.232132	6.91862e-05	6.91862e-05	-0.000138372	0.00404279	0	0	0.232132	0	-0.426642	-237.002	0	213.464	213.464	-2.13163e-14	12.4428	0	0	0	0	0	0	0	0	0	0	0	0	0	0	0	0	0	0	0	0	0	0	0	0	0	0	0	0	0	0	0	0	0	
1	1	1	337	10.11		300	0	0	6.97425e-05	6.97425e-05	-0.000139485	0.01685	0	0	-1.63281e-05	-1.63281e-05	3.26562e-05	71.0123	0	0	0.707122	-5.64123	0	6.34835		300	0.232701	6.97442e-05	6.97442e-05	-0.000139488	0.00407538	0	0	0.232701	0	-0.426642	-237.002	0	213.464	213.464	-2.13163e-14	12.4428	0	0	0	0	0	0	0	0	0	0	0	0	0	0	0	0	0	0	0	0	0	0	0	0	0	0	0	0	0	0	0	0	0	
1	1	1	338	10.14		300	0	0	7.03015e-05	7.03015e-05	-0.000140603	0.0169	0	0	-1.64429e-05	-1.64429e-05	3.28858e-05	71.1088	0	0	0.710675	-5.64476	0	6.35544		300	0.23327	7.03032e-05	7.03032e-05	-0.000140606	0.00410803	0	0	0.23327	0	-0.426642	-237.002	0	213.464	213.464	-2.13163e-14	12.4428	0	0	0	0	0	0	0	0	0	0	0	0	0	0	0	0	0	0	0	0	0	0	0	0	0	0	0	0	0	0	0	0	0	
1	1	1	339	10.17		300	0	0	7.08614e-05	7.08614e-05	-0.000141723	0.01695	0	0	-1.65578e-05	-1.65578e-05	3.31156e-05	71.2049	0	0	0.714232	-5.64828	0	6.36251		300	0.233839	7.08632e-05	7.08632e-05	-0.000141726	0.00414073	0	0	0.233839	0	-0.426642	-237.002	0	213.464	213.464	-2.13163e-14	12.4428	0	0	0	0	0	0	0	0	0	0	0	0	0	0	0	0	0	0	0	0	0	0	0	0	0	0	0	0	0	0	0	0	0	
1	1	1	340	10.2		300	0	0	7.14223e-05	7.14223e-05	-0.000142845	0.017	0	0	-1.66727e-05	-1.66727e-05	3.33454e-05	71.3008	0	0	0.717795	-5.65179	0	6.36958		300	0.234407	7.14241e-05	7.14241e-05	-0.000142848	0.0041735	0	0	0.234407	0	-0.426642	-237.002	0	213.464	213.464	-2.13163e-14	12.4428	0	0	0	0	0	0	0	0	0	0	0	0	0	0	0	0	0	0	0	0	0	0	0	0	0	0	0	0	0	0	0	0	0	
1	1	1	341	10.23		300	0	0	7.19842e-05	7.19842e-05	-0.000143968	0.01705	0	0	-1.67877e-05	-1.67877e-05	3.35753e-05	71.3963	0	0	0.721362	-5.65529	0	6.37665		300	0.234974	7.1986e-05	7.1986e-05	-0.000143972	0.00420631	0	0	0.234974	0	-0.426642	-237.002	0	213.464	213.464	-2.13163e-14	12.4428	0	0	0	0	0	0	0	0	0	0	0	0	0	0	0	0	0	0	0	0	0	0	0	0	0	0	0	0	0	0	0	0	0	
1	1	1	342	10.26		300	0	0	7.25471e-05	7.25471e-05	-0.000145094	0.0171	0	0	-1.69027e-05	-1.69027e-05	3.38053e-05	71.4915	0	0	0.724935	-5.65877	0	6.38371		300	0.235541	7.25488e-05	7.25488e-05	-0.000145098	0.00423919	0	0	0.235541	0	-0.426642	-237.002	0	213.464	213.464	-2.13163e-14	12.4428	0	0	0	0	0	0	0	0	0	0	0	0	0	0	0	0	0	0	0	0	0	0	0	0	0	0	0	0	0	0	0	0	0	
1	1	1	343	10.29		300	0	0	7.31109e-05	7.31109e-05	-0.000146222	0.01715	0	0	-1.70177e-05	-1.70177e-05	3.40354e-05	71.5864	0	0	0.728512	-5.66225	0	6.39076		300	0.236108	7.31127e-05	7.31127e-05	-0.000146225	0.00427212	0	0	0.236108	0	-0.426642	-237.002	0	213.464	213.464	-2.13163e-14	12.4428	0	0	0	0	0	0	0	0	0	0	0	0	0	0	0	0	0	0	0	0	0	0	0	0	0	0	0	0	0	0	0	0	0	
1	1	1	344	10.32		300	0	0	7.36756e-05	7.36756e-05	-0.000147351	0.0172	0	0	-1.71328e-05	-1.71328e-05	3.42656e-05	71.6809	0	0	0.732093	-5.66572	0	6.39781		300	0.236674	7.36774e-05	7.36774e-05	-0.000147355	0.0043051	0	0	0.236674	0	-0.426642	-237.002	0	213.464	213.464	-2.13163e-14	12.4428	0	0	0	0	0	0	0	0	0	0	0	0	0	0	0	0	0	0	0	0	0	0	0	0	0	0	0	0	0	0	0	0	0	
1	1	1	345	10.35		300	0	0	7.42413e-05	7.42413e-05	-0.000148483	0.01725	0	0	-1.72479e-05	-1.72479e-05	3.44958e-05	71.7752	0	0	0.73568	-5.66917	0	6.40485		300	0.23724	7.42431e-05	7.42431e-05	-0.000148486	0.00433814	0	0	0.23724	0	-0.426642	-237.002	0	213.464	213.464	-2.13163e-14	12.4428	0	0	0	0	0	0	0	0	0	0	0	0	0	0	0	0	0	0	0	0	0	0	0	0	0	0	0	0	0	0	0	0	0	
1	1	1	346	10.38		300	0	0	7.48079e-05	7.48079e-05	-0.000149616	0.0173	0	0	-1.73631e-05	-1.73631e-05	3.47262e-05	71.8692	0	0	0.739271	-5.67262	0	6.41189		300	0.237805	7.48097e-05	7.48097e-05	-0.000149619	0.00437124	0	0	0.237805	0	-0.426642	-237.002	0	213.464	213.464	-2.13163e-14	12.4428	0	0	0	0	0	0	0	0	0	0	0	0	0	0	0	0	0	0	0	0	0	0	0	0	0	0	0	0	0	0	0	0	0	
1	1	1	347	10.41		300	0	0	7.53754e-05	7.53754e-05	-0.000150751	0.01735	0	0	-1.74783e-05	-1.74783e-05	3.49566e-05	71.9629	0	0	0.742867	-5.67605	0	6.41892		300	0.23837	7.53772e-05	7.53772e-05	-0.000150754	0.00440438	0	0	0.23837	0	-0.426642	-237.002	0	213.464	213.464	-2.13163e-14	12.4428	0	0	0	0	0	0	0	0	0	0	0	0	0	0	0	0	0	0	0	0	0	0	0	0	0	0	0	0	0	0	0	0	0	
1	1	1	348	10.44		300	0	0	7.59438e-05	7.59438e-05	-0.000151888	0.0174	0	0	-1.75935e-05	-1.75935e-05	3.51871e-05	72.0563	0	0	0.746467	-5.67948	0	6.42594		300	0.238935	7.59456e-05	7.59456e-05	-0.000151891	0.00443758	0	0	0.238935	0	-0.426642	-237.002	0	213.464	213.464	-2.13163e-14	12.4428	0	0	0	0	0	0	0	0	0	0	0	0	0	0	0	0	0	0	0	0	0	0	0	0	0	0	0	0	0	0	0	0	0	
1	1	1	349	10.47		300	0	0	7.65131e-05	7.65131e-05	-0.000153026	0.01745	0	0	-1.77088e-05	-1.77088e-05	3.54176e-05	72.1494	0	0	0.750072	-5.68289	0	6.43296		300	0.239499	7.6515e-05	7.6515e-05	-0.00015303	0.00447084	0	0	0.239499	0	-0.426642	-237.002	0	213.464	213.464	-2.13163e-14	12.4428	0	0	0	0	0	0	0	0	0	0	0	0	0	0	0	0	0	0	0	0	0	0	0	0	0	0	0	0	0	0	0	0	0	
1	1	1	350	10.5		300	0	0	7.70833e-05	7.70833e-05	-0.000154167	0.0175	0	0	-1.78241e-05	-1.78241e-05	3.56482e-05	72.2422	0	0	0.753682	-5.6863	0	6.43998		300	0.240062	7.70852e-05	7.70852e-05	-0.00015417	0.00450414	0	0	0.240062	0	-0.426642	-237.002	0	213.464	213.464	-2.13163e-14	12.4428	0	0	0	0	0	0	0	0	0	0	0	0	0	0	0	0	0	0	0	0	0	0	0	0	0	0	0	0	0	0	0	0	0	
1	1	1	351	10.53		300	0	0	7.76545e-05	7.76545e-05	-0.000155309	0.01755	0	0	-1.79395e-05	-1.79395e-05	3.58789e-05	72.3347	0	0	0.757296	-5.68969	0	6.44699		300	0.240625	7.76563e-05	7.76563e-05	-0.000155313	0.0045375	0	0	0.240625	0	-0.426642	-237.002	0	213.464	213.464	-2.13163e-14	12.4428	0	0	0	0	0	0	0	0	0	0	0	0	0	0	0	0	0	0	0	0	0	0	0	0	0	0	0	0	0	0	0	0	0	
1	1	1	352	10.56		300	0	0	7.82265e-05	7.82265e-05	-0.000156453	0.0176	0	0	-1.80548e-05	-1.80548e-05	3.61097e-05	72.4269	0	0	0.760915	-5.69307	0	6.45399		300	0.241188	7.82284e-05	7.82284e-05	-0.000156457	0.00457091	0	0	0.241188	0	-0.426642	-237.002	0	213.464	213.464	-2.13163e-14	12.4428	0	0	0	0	0	0	0	0	0	0	0	0	0	0	0	0	0	0	0	0	0	0	0	0	0	0	0	0	0	0	0	0	0	
1	1	1	353	10.59		300	0	0	7.87994e-05	7.87994e-05	-0.000157599	0.01765	0	0	-1.81702e-05	-1.81702e-05	3.63405e-05	72.5189	0	0	0.764539	-5.69645	0	6.46099		300	0.24175	7.88013e-05	7.88013e-05	-0.000157603	0.00460437	0	0	0.24175	0	-0.426642	-237.002	0	213.464	213.464	-2.13163e-14	12.4428	0	0	0	0	0	0	0	0	0	0	0	0	0	0	0	0	0	0	0	0	0	0	0	0	0	0	0	0	0	0	0	0	0	
1	1	1	354	10.62		300	0	0	7.93731e-05	7.93731e-05	-0.000158746	0.0177	0	0	-1.82857e-05	-1.82857e-05	3.65714e-05	72.6105	0	0	0.768167	-5.69981	0	6.46798		300	0.242311	7.9375e-05	7.9375e-05	-0.00015875	0.00463788	0	0	0.242311	0	-0.426642	-237.002	0	213.464	213.464	-2.13163e-14	12.4428	0	0	0	0	0	0	0	0	0	0	0	0	0	0	0	0	0	0	0	0	0	0	0	0	0	0	0	0	0	0	0	0	0	
1	1	1	355	10.65		300	0	0	7.99477e-05	7.99477e-05	-0.000159895	0.01775	0	0	-1.84011e-05	-1.84011e-05	3.68023e-05	72.7019	0	0	0.7718	-5.70316	0	6.47496		300	0.242873	7.99497e-05	7.99497e-05	-0.000159899	0.00467144	0	0	0.242873	0	-0.426642	-237.002	0	213.464	213.464	-2.13163e-14	12.4428	0	0	0	0	0	0	0	0	0	0	0	0	0	0	0	0	0	0	0	0	0	0	0	0	0	0	0	0	0	0	0	0	0	
1	1	1	356	10.68		300	0	0	8.05232e-05	8.05232e-05	-0.000161046	0.0178	0	0	-1.85166e-05	-1.85166e-05	3.70333e-05	72.793	0	0	0.775438	-5.70651	0	6.48194		300	0.243434	8.05252e-05	8.05252e-05	-0.00016105	0.00470505	0	0	0.243434	0	-0.426642	-237.002	0	213.464	213.464	-2.13163e-14	12.4428	0	0	0	0	0	0	0	0	0	0	0	0	0	0	0	0	0	0	0	0	0	0	0	0	0	0	0	0	0	0	0	0	0	
1	1	1	357	10.71		300	0	0	8.10995e-05	8.10995e-05	-0.000162199	0.01785	0	0	-1.86321e-05	-1.86321e-05	3.72643e-05	72.8838	0	0	0.779079	-5.70984	0	6.48892		300	0.243994	8.11015e-05	8.11015e-05	-0.000162203	0.00473872	0	0	0.243994	0	-0.426642	-237.002	0	213.464	213.464	-2.13163e-14	12.4428	0	0	0	0	0	0	0	0	0	0	0	0	0	0	0	0	0	0	0	0	0	0	0	0	0	0	0	0	0	0	0	0	0	
1	1	1	358	10.74		300	0	0	8.16767e-05	8.16767e-05	-0.000163353	0.0179	0	0	-1.87477e-05	-1.87477e-05	3.74954e-05	72.9744	0	0	0.782726	-5.71316	0	6.49589		300	0.244554	8.16787e-05	8.16787e-05	-0.000163357	0.00477243	0	0	0.244554	0	-0.426642	-237.002	0	213.464	213.464	-2.13163e-14	12.4428	0	0	0	0	0	0	0	0	0	0	0	0	0	0	0	0	0	0	0	0	0	0	0	0	0	0	0	0	0	0	0	0	0	
1	1	1	359	10.77		300	0	0	8.22547e-05	8.22547e-05	-0.000164509	0.01795	0	0	-1.88633e-05	-1.88633e-05	3.77265e-05	73.0646	0	0	0.786377	-5.71648	0	6.50285		300	0.245113	8.22567e-05	8.22567e-05	-0.000164513	0.00480619	0	0	0.245113	0	-0.426642	-237.002	0	213.464	213.464	-2.13163e-14	12.4428	0	0	0	0	0	0	0	0	0	0	0	0	0	0	0	0	0	0	0	0	0	0	0	0	0	0	0	0	0	0	0	0	0	
1	1	1	360	10.8		300	0	0	8.28336e-05	8.28336e-05	-0.000165667	0.018	0	0	-1.89788e-05	-1.89788e-05	3.79577e-05	73.1546	0	0	0.790032	-5.71978	0	6.50981		300	0.245672	8.28356e-05	8.28356e-05	-0.000165671	0.00484	0	0	0.245672	0	-0.426642	-237.002	0	213.464	213.464	-2.13163e-14	12.4428	0	0	0	0	0	0	0	0	0	0	0	0	0	0	0	0	0	0	0	0	0	0	0	0	0	0	0	0	0	0	0	0	0	
1	1	1	361	10.83		300	0	0	8.34133e-05	8.34133e-05	-0.000166827	0.01805	0	0	-1.90944e-05	-1.90944e-05	3.81889e-05	73.2444	0	0	0.793692	-5.72307	0	6.51676		300	0.246231	8.34153e-05	8.34153e-05	-0.000166831	0.00487385	0	0	0.246231	0	-0.426642	-237.002	0	213.464	213.464	-2.13163e-14	12.4428	0	0	0	0	0	0	0	0	0	0	0	0	0	0	0	0	0	0	0	0	0	0	0	0	0	0	0	0	0	0	0	0	0	
1	1	1	362	10.86		300	0	0	8.39938e-05	8.39938e-05	-0.000167988	0.0181	0	0	-1.92101e-05	-1.92101e-05	3.84201e-05	73.3338	0	0	0.797357	-5.72636	0	6.52371		300	0.246789	8.39958e-05	8.39958e-05	-0.000167992	0.00490776	0	0	0.246789	0	-0.426642	-237.002	0	213.464	213.464	-2.13163e-14	12.4428	0	0	0	0	0	0	0	0	0	0	0	0	0	0	0	0	0	0	0	0	0	0	0	0	0	0	0	0	0	0	0	0	0	
1	1	1	363	10.89		300	0	0	8.45751e-05	8.45751e-05	-0.00016915	0.01815	0	0	-1.93257e-05	-1.93257e-05	3.86514e-05	73.423	0	0	0.801026	-5.72963	0	6.53065		300	0.247347	8.45771e-05	8.45771e-05	-0.000169154	0.00494171	0	0	0.247347	0	-0.426642	-237.002	0	213.464	213.464	-2.13163e-14	12.4428	0	0	0	0	0	0	0	0	0	0	0	0	0	0	0	0	0	0	0	0	0	0	0	0	0	0	0	0	0	0	0	0	0	
1	1	1	364	10.92		300	0	0	8.51572e-05	8.51572e-05	-0.000170314	0.0182	0	0	-1.94414e-05	-1.94414e-05	3.88828e-05	73.512	0	0	0.804699	-5.73289	0	6.53759		300	0.247904	8.51592e-05	8.51592e-05	-0.000170318	0.00497571	0	0	0.247904	0	-0.426642	-237.002	0	213.464	213.464	-2.13163e-14	12.4428	0	0	0	0	0	0	0	0	0	0	0	0	0	0	0	0	0	0	0	0	0	0	0	0	0	0	0	0	0	0	0	0	0	
1	1	1	365	10.95		300	0	0	8.57401e-05	8.57401e-05	-0.00017148	0.01825	0	0	-1.95571e-05	-1.95571e-05	3.91141e-05	73.6007	0	0	0.808377	-5.73615	0	6.54452		300	0.248461	8.57422e-05	8.57422e-05	-0.000171484	0.00500976	0	0	0.248461	0	-0.426642	-237.002	0	213.464	213.464	-2.13163e-14	12.4428	0	0	0	0	0	0	0	0	0	0	0	0	0	0	0	0	0	0	0	0	0	0	0	0	0	0	0	0	0	0	0	0	0	
1	1	1	366	10.98		300	0	0	8.63239e-05	8.63239e-05	-0.000172648	0.0183	0	0	-1.96728e-05	-1.96728e-05	3.93455e-05	73.6891	0	0	0.812059	-5.73939	0	6.55145		300	0.249018	8.63259e-05	8.63259e-05	-0.000172652	0.00504385	0	0	0.249018	0	-0.426642	-237.002	0	213.464	213.464	-2.13163e-14	12.4428	0	0	0	0	0	0	0	0	0	0	0	0	0	0	0	0	0	0	0	0	0	0	0	0	0	0	0	0	0	0	0	0	0	
1	1	1	367	11.01		300	0	0	8.69084e-05	8.69084e-05	-0.000173817	0.01835	0	0	-1.97885e-05	-1.97885e-05	3.95769e-05	73.7773	0	0	0.815746	-5.74262	0	6.55837		300	0.249574	8.69104e-05	8.69104e-05	-0.000173821	0.00507799	0	0	0.249574	0	-0.426642	-237.002	0	213.464	213.464	-2.13163e-14	12.4428	0	0	0	0	0	0	0	0	0	0	0	0	0	0	0	0	0	0	0	0	0	0	0	0	0	0	0	0	0	0	0	0	0	
1	1	1	368	11.04		300	0	0	8.74937e-05	8.74937e-05	-0.000174987	0.0184	0	0	-1.99042e-05	-1.99042e-05	3.98084e-05	73.8652	0	0	0.819437	-5.74585	0	6.56529		300	0.250129	8.74958e-05	8.74958e-05	-0.000174992	0.00511218	0	0	0.250129	0	-0.426642	-237.002	0	213.464	213.464	-2.13163e-14	12.4428	0	0	0	0	0	0	0	0	0	0	0	0	0	0	0	0	0	0	0	0	0	0	0	0	0	0	0	0	0	0	0	0	0	
1	1	1	369	11.07		300	0	0	8.80798e-05	8.80798e-05	-0.00017616	0.01845	0	0	-2.00199e-05	-2.00199e-05	4.00399e-05	73.9528	0	0	0.823132	-5.74906	0	6.5722		300	0.250684	8.80819e-05	8.80819e-05	-0.000176164	0.00514641	0	0	0.250684	0	-0.426642	-237.002	0	213.464	213.464	-2.13163e-14	12.4428	0	0	0	0	0	0	0	0	0	0	0	0	0	0	0	0	0	0	0	0	0	0	0	0	0	0	0	0	0	0	0	0	0	
1	1	1	370	11.1		300	0	0	8.86666e-05	8.86666e-05	-0.000177333	0.0185	0	0	-2.01357e-05	-2.01357e-05	4.02714e-05	74.0402	0	0	0.826832	-5.75227	0	6.5791		300	0.251239	8.86687e-05	8.86687e-05	-0.000177337	0.00518068	0	0	0.251239	0	-0.426642	-237.002	0	213.464	213.464	-2.13163e-14	12.4428	0	0	0	0	0	0	0	0	0	0	0	0	0	0	0	0	0	0	0	0	0	0	0	0	0	0	0	0	0	0	0	0	0	
1	1	1	371	11.13		300	0	0	8.92542e-05	8.92542e-05	-0.000178508	0.01855	0	0	-2.02514e-05	-2.02514e-05	4.05029e-05	74.1274	0	0	0.830536	-5.75547	0	6.586		300	0.251793	8.92564e-05	8.92564e-05	-0.000178513	0.00521501	0	0	0.251793	0	-0.426642	-237.002	0	213.464	213.464	-2.13163e-14	12.4428	0	0	0	0	0	0	0	0	0	0	0	0	0	0	0	0	0	0	0	0	0	0	0	0	0	0	0	0	0	0	0	0	0	
1	1	1	372	11.16		300	0	0	8.98426e-05	8.98426e-05	-0.000179685	0.0186	0	0	-2.03672e-05	-2.03672e-05	4.07344e-05	74.2143	0	0	0.834245	-5.75865	0	6.5929		300	0.252347	8.98448e-05	8.98448e-05	-0.00017969	0.00524937	0	0	0.252347	0	-0.426642	-237.002	0	213.464	213.464	-2.13163e-14	12.4428	0	0	0	0	0	0	0	0	0	0	0	0	0	0	0	0	0	0	0	0	0	0	0	0	0	0	0	0	0	0	0	0	0	
1	1	1	373	11.19		300	0	0	9.04318e-05	9.04318e-05	-0.000180864	0.01865	0	0	-2.0483e-05	-2.0483e-05	4.0966e-05	74.3009	0	0	0.837958	-5.76183	0	6.59979		300	0.252901	9.04339e-05	9.04339e-05	-0.000180868	0.00528378	0	0	0.252901	0	-0.426642	-237.002	0	213.464	213.464	-2.13163e-14	12.4428	0	0	0	0	0	0	0	0	0	0	0	0	0	0	0	0	0	0	0	0	0	0	0	0	0	0	0	0	0	0	0	0	0	
1	1	1	374	11.22		300	0	0	9.10217e-05	9.10217e-05	-0.000182043	0.0187	0	0	-2.05988e-05	-2.05988e-05	4.11976e-05	74.3874	0	0	0.841675	-5.76499	0	6.60667		300	0.253454	9.10238e-05	9.10238e-05	-0.000182048	0.00531824	0	0	0.253454	0	-0.426642	-237.002	0	213.464	213.464	-2.13163e-14	12.4428	0	0	0	0	0	0	0	0	0	0	0	0	0	0	0	0	0	0	0	0	0	0	0	0	0	0	0	0	0	0	0	0	0	
1	1	1	375	11.25		300	0	0	9.16123e-05	9.16123e-05	-0.000183225	0.01875	0	0	-2.07146e-05	-2.07146e-05	4.14292e-05	74.4735	0	0	0.845396	-5.76815	0	6.61355		300	0.254006	9.16145e-05	9.16145e-05	-0.000183229	0.00535273	0	0	0.254006	0	-0.426642	-237.002	0	213.464	213.464	-2.13163e-14	12.4428	0	0	0	0	0	0	0	0	0	0	0	0	0	0	0	0	0	0	0	0	0	0	0	0	0	0	0	0	0	0	0	0	0	
1	1	1	376	11.28		300	0	0	9.22037e-05	9.22037e-05	-0.000184407	0.0188	0	0	-2.08304e-05	-2.08304e-05	4.16608e-05	74.5595	0	0	0.849122	-5.7713	0	6.62042		300	0.254559	9.22059e-05	9.22059e-05	-0.000184412	0.00538727	0	0	0.254559	0	-0.426642	-237.002	0	213.464	213.464	-2.13163e-14	12.4428	0	0	0	0	0	0	0	0	0	0	0	0	0	0	0	0	0	0	0	0	0	0	0	0	0	0	0	0	0	0	0	0	0	
1	1	1	377	11.31		300	0	0	9.27959e-05	9.27959e-05	-0.000185592	0.01885	0	0	-2.09462e-05	-2.09462e-05	4.18924e-05	74.6452	0	0	0.852852	-5.77444	0	6.62729		300	0.25511	9.27981e-05	9.27981e-05	-0.000185596	0.00542186	0	0	0.25511	0	-0.426642	-237.002	0	213.464	213.464	-2.13163e-14	12.4428	0	0	0	0	0	0	0	0	0	0	0	0	0	0	0	0	0	0	0	0	0	0	0	0	0	0	0	0	0	0	0	0	0	
1	1	1	378	11.34		300	0	0	9.33887e-05	9.33887e-05	-0.000186777	0.0189	0	0	-2.1062e-05	-2.1062e-05	4.2124e-05	74.7306	0	0	0.856587	-5.77757	0	6.63415		300	0.255662	9.33909e-05	9.33909e-05	-0.000186782	0.00545649	0	0	0.255662	0	-0.426642	-237.002	0	213.464	213.464	-2.13163e-14	12.4428	0	0	0	0	0	0	0	0	0	0	0	0	0	0	0	0	0	0	0	0	0	0	0	0	0	0	0	0	0	0	0	0	0	
1	1	1	379	11.37		300	0	0	9.39823e-05	9.39823e-05	-0.000187965	0.01895	0	0	-2.11778e-05	-2.11778e-05	4.23556e-05	74.8158	0	0	0.860325	-5.78069	0	6.64101		300	0.256213	9.39845e-05	9.39845e-05	-0.000187969	0.00549116	0	0	0.256213	0	-0.426642	-237.002	0	213.464	213.464	-2.13163e-14	12.4428	0	0	0	0	0	0	0	0	0	0	0	0	0	0	0	0	0	0	0	0	0	0	0	0	0	0	0	0	0	0	0	0	0	
1	1	1	380	11.4		300	0	0	9.45766e-05	9.45766e-05	-0.000189153	0.019	0	0	-2.12936e-05	-2.12936e-05	4.25873e-05	74.9008	0	0	0.864068	-5.7838	0	6.64786		300	0.256763	9.45789e-05	9.45789e-05	-0.000189158	0.00552587	0	0	0.256763	0	-0.426642	-237.002	0	213.464	213.464	-2.13163e-14	12.4428	0	0	0	0	0	0	0	0	0	0	0	0	0	0	0	0	0	0	0	0	0	0	0	0	0	0	0	0	0	0	0	0	0	
1	1	1	381	11.43		300	0	0	9.51717e-05	9.51717e-05	-0.000190343	0.01905	0	0	-2.14095e-05	-2.14095e-05	4.28189e-05	74.9856	0	0	0.867816	-5.7869	0	6.65471		300	0.257313	9.51739e-05	9.51739e-05	-0.000190348	0.00556062	0	0	0.257313	0	-0.426642	-237.002	0	213.464	213.464	-2.13163e-14	12.4428	0	0	0	0	0	0	0	0	0	0	0	0	0	0	0	0	0	0	0	0	0	0	0	0	0	0	0	0	0	0	0	0	0	
1	1	1	382	11.46		300	0	0	9.57674e-05	9.57674e-05	-0.000191535	0.0191	0	0	-2.15253e-05	-2.15253e-05	4.30506e-05	75.0701	0	0	0.871567	-5.78999	0	6.66156		300	0.257863	9.57697e-05	9.57697e-05	-0.000191539	0.00559542	0	0	0.257863	0	-0.426642	-237.002	0	213.464	213.464	-2.13163e-14	12.4428	0	0	0	0	0	0	0	0	0	0	0	0	0	0	0	0	0	0	0	0	0	0	0	0	0	0	0	0	0	0	0	0	0	
1	1	1	383	11.49		300	0	0	9.63639e-05	9.63639e-05	-0.000192728	0.01915	0	0	-2.16411e-05	-2.16411e-05	4.32822e-05	75.1544	0	0	0.875323	-5.79307	0	6.66839		300	0.258412	9.63661e-05	9.63661e-05	-0.000192732	0.00563025	0	0	0.258412	0	-0.426642	-237.002	0	213.464	213.464	-2.13163e-14	12.4428	0	0	0	0	0	0	0	0	0	0	0	0	0	0	0	0	0	0	0	0	0	0	0	0	0	0	0	0	0	0	0	0	0	
1	1	1	384	11.52		300	0	0	9.6961e-05	9.6961e-05	-0.000193922	0.0192	0	0	-2.17569e-05	-2.17569e-05	4.35139e-05	75.2385	0	0	0.879082	-5.79614	0	6.67523		300	0.258961	9.69633e-05	9.69633e-05	-0.000193927	0.00566513	0	0	0.258961	0	-0.426642	-237.002	0	213.464	213.464	-2.13163e-14	12.4428	0	0	0	0	0	0	0	0	0	0	0	0	0	0	0	0	0	0	0	0	0	0	0	0	0	0	0	0	0	0	0	0	0	
1	1	1	385	11.55		300	0	0	9.75589e-05	9.75589e-05	-0.000195118	0.01925	0	0	-2.18728e-05	-2.18728e-05	4.37455e-05	75.3223	0	0	0.882846	-5.79921	0	6.68205		300	0.25951	9.75612e-05	9.75612e-05	-0.000195122	0.00570005	0	0	0.25951	0	-0.426642	-237.002	0	213.464	213.464	-2.13163e-14	12.4428	0	0	0	0	0	0	0	0	0	0	0	0	0	0	0	0	0	0	0	0	0	0	0	0	0	0	0	0	0	0	0	0	0	
1	1	1	386	11.58		300	0	0	9.81574e-05	9.81574e-05	-0.000196315	0.0193	0	0	-2.19886e-05	-2.19886e-05	4.39771e-05	75.4059	0	0	0.886615	-5.80226	0	6.68888		300	0.260058	9.81597e-05	9.81597e-05	-0.000196319	0.00573501	0	0	0.260058	0	-0.426642	-237.002	0	213.464	213.464	-2.13163e-14	12.4428	0	0	0	0	0	0	0	0	0	0	0	0	0	0	0	0	0	0	0	0	0	0	0	0	0	0	0	0	0	0	0	0	0	
1	1	1	387	11.61		300	0	0	9.87566e-05	9.87566e-05	-0.000197513	0.01935	0	0	-2.21044e-05	-2.21044e-05	4.42088e-05	75.4893	0	0	0.890387	-5.80531	0	6.69569		300	0.260606	9.8759e-05	9.8759e-05	-0.000197518	0.00577001	0	0	0.260606	0	-0.426642	-237.002	0	213.464	213.464	-2.13163e-14	12.4428	0	0	0	0	0	0	0	0	0	0	0	0	0	0	0	0	0	0	0	0	0	0	0	0	0	0	0	0	0	0	0	0	0	
1	1	1	388	11.64		300	0	0	9.93565e-05	9.93565e-05	-0.000198713	0.0194	0	0	-2.22202e-05	-2.22202e-05	4.44404e-05	75.5725	0	0	0.894164	-5.80834	0	6.70251		300	0.261153	9.93589e-05	9.93589e-05	-0.000198718	0.00580504	0	0	0.261153	0	-0.426642	-237.002	0	213.464	213.464	-2.13163e-14	12.4428	0	0	0	0	0	0	0	0	0	0	0	0	0	0	0	0	0	0	0	0	0	0	0	0	0	0	0	0	0	0	0	0	0	
1	1	1	389	11.67		300	0	0	9.99571e-05	9.99571e-05	-0.000199914	0.01945	0	0	-2.2336e-05	-2.2336e-05	4.4672e-05	75.6554	0	0	0.897944	-5.81137	0	6.70931		300	0.2617	9.99595e-05	9.99595e-05	-0.000199919	0.00584012	0	0	0.2617	0	-0.426642	-237.002	0	213.464	213.464	-2.13163e-14	12.4428	0	0	0	0	0	0	0	0	0	0	0	0	0	0	0	0	0	0	0	0	0	0	0	0	0	0	0	0	0	0	0	0	0	
1	1	1	390	11.7		300	0	0	0.000100558	0.000100558	-0.000201117	0.0195	0	0	-2.24518e-05	-2.24518e-05	4.49036e-05	75.7381	0	0	0.901729	-5.81439	0	6.71612		300	0.262246	0.000100561	0.000100561	-0.000201122	0.00587524	0	0	0.262246	0	-0.426642	-237.002	0	213.464	213.464	-2.13163e-14	12.4428	0	0	0	0	0	0	0	0	0	0	0	0	0	0	0	0	0	0	0	0	0	0	0	0	0	0	0	0	0	0	0	0	0	
1	1	1	391	11.73		300	0	0	0.00010116	0.00010116	-0.000202321	0.01955	0	0	-2.25676e-05	-2.25676e-05	4.51352e-05	75.8207	0	0	0.905518	-5.8174	0	6.72291		300	0.262792	0.000101163	0.000101163	-0.000202325	0.0059104	0	0	0.262792	0	-0.426642	-237.002	0	213.464	213.464	-2.13163e-14	12.4428	0	0	0	0	0	0	0	0	0	0	0	0	0	0	0	0	0	0	0	0	0	0	0	0	0	0	0	0	0	0	0	0	0	
1	1	1	392	11.76		300	0	0	0.000101763	0.000101763	-0.000203526	0.0196	0	0	-2.26834e-05	-2.26834e-05	4.53668e-05	75.9029	0	0	0.909311	-5.82039	0	6.72971		300	0.263338	0.000101765	0.000101765	-0.000203531	0.00594559	0	0	0.263338	0	-0.426642	-237.002	0	213.464	213.464	-2.13163e-14	12.4428	0	0	0	0	0	0	0	0	0	0	0	0	0	0	0	0	0	0	0	0	0	0	0	0	0	0	0	0	0	0	0	0	0	
1	1	1	393	11.79		300	0	0	0.000102366	0.000102366	-0.000204732	0.01965	0	0	-2.27992e-05	-2.27992e-05	4.55984e-05	75.985	0	0	0.913108	-5.82339	0	6.73649		300	0.263883	0.000102369	0.000102369	-0.000204737	0.00598083	0	0	0.263883	0	-0.426642	-237.002	0	213.464	213.464	-2.13163e-14	12.4428	0	0	0	0	0	0	0	0	0	0	0	0	0	0	0	0	0	0	0	0	0	0	0	0	0	0	0	0	0	0	0	0	0	
1	1	1	394	11.82		300	0	0	0.00010297	0.00010297	-0.00020594	0.0197	0	0	-2.2915e-05	-2.2915e-05	4.58299e-05	76.0669	0	0	0.91691	-5.82637	0	6.74328		300	0.264428	0.000102973	0.000102973	-0.000205945	0.0060161	0	0	0.264428	0	-0.426642	-237.002	0	213.464	213.464	-2.13163e-14	12.4428	0	0	0	0	0	0	0	0	0	0	0	0	0	0	0	0	0	0	0	0	0	0	0	0	0	0	0	0	0	0	0	0	0	
1	1	1	395	11.85		300	0	0	0.000103575	0.000103575	-0.000207149	0.01975	0	0	-2.30307e-05	-2.30307e-05	4.60615e-05	76.1486	0	0	0.920715	-5.82934	0	6.75005		300	0.264973	0.000103577	0.000103577	-0.000207154	0.00605141	0	0	0.264973	0	-0.426642	-237.002	0	213.464	213.464	-2.13163e-14	12.4428	0	0	0	0	0	0	0	0	0	0	0	0	0	0	0	0	0	0	0	0	0	0	0	0	0	0	0	0	0	0	0	0	0	
1	1	1	396	11.88		300	0	0	0.00010418	0.00010418	-0.00020836	0.0198	0	0	-2.31465e-05	-2.31465e-05	4.6293e-05	76.23	0	0	0.924524	-5.8323	0	6.75683		300	0.265517	0.000104182	0.000104182	-0.000208365	0.00608676	0	0	0.265517	0	-0.426642	-237.002	0	213.464	213.464	-2.13163e-14	12.4428	0	0	0	0	0	0	0	0	0	0	0	0	0	0	0	0	0	0	0	0	0	0	0	0	0	0	0	0	0	0	0	0	0	
1	1	1	397	11.91		300	0	0	0.000104786	0.000104786	-0.000209572	0.01985	0	0	-2.32622e-05	-2.32622e-05	4.65245e-05	76.3112	0	0	0.928338	-5.83526	0	6.76359		300	0.266061	0.000104788	0.000104788	-0.000209576	0.00612215	0	0	0.266061	0	-0.426642	-237.002	0	213.464	213.464	-2.13163e-14	12.4428	0	0	0	0	0	0	0	0	0	0	0	0	0	0	0	0	0	0	0	0	0	0	0	0	0	0	0	0	0	0	0	0	0	
1	1	1	398	11.94		300	0	0	0.000105392	0.000105392	-0.000210785	0.0199	0	0	-2.3378e-05	-2.3378e-05	4.67559e-05	76.3923	0	0	0.932156	-5.8382	0	6.77036		300	0.266604	0.000105395	0.000105395	-0.000210789	0.00615757	0	0	0.266604	0	-0.426642	-237.002	0	213.464	213.464	-2.13163e-14	12.4428	0	0	0	0	0	0	0	0	0	0	0	0	0	0	0	0	0	0	0	0	0	0	0	0	0	0	0	0	0	0	0	0	0	
1	1	1	399	11.97		300	0	0	0.000105999	0.000105999	-0.000211999	0.01995	0	0	-2.34937e-05	-2.34937e-05	4.69874e-05	76.4731	0	0	0.935977	-5.84114	0	6.77712		300	0.267147	0.000106002	0.000106002	-0.000212004	0.00619303	0	0	0.267147	0	-0.426642	-237.002	0	213.464	213.464	-2.13163e-14	12.4428	0	0	0	0	0	0	0	0	0	0	0	0	0	0	0	0	0	0	0	0	0	0	0	0	0	0	0	0	0	0	0	0	0	
1	1	1	400	12		300	0	0	0.000106607	0.000106607	-0.000213214	0.02	0	0	-2.36094e-05	-2.36094e-05	4.72188e-05	76.5537	0	0	0.939803	-5.84407	0	6.78387		300	0.267689	0.00010661	0.00010661	-0.000213219	0.00622853	0	0	0.267689	0	-0.426642	-237.002	0	213.464	213.464	-2.13163e-14	12.4428	0	0	0	0	0	0	0	0	0	0	0	0	0	0	0	0	0	0	0	0	0	0	0	0	0	0	0	0	0	0	0	0	0	
1	1	1	401	12.03		300	0	0	0.000107216	0.000107216	-0.000214431	0.02005	0	0	-2.37251e-05	-2.37251e-05	4.74502e-05	76.6341	0	0	0.943633	-5.84699	0	6.79062		300	0.268231	0.000107218	0.000107218	-0.000214436	0.00626406	0	0	0.268231	0	-0.426642	-237.002	0	213.464	213.464	-2.13163e-14	12.4428	0	0	0	0	0	0	0	0	0	0	0	0	0	0	0	0	0	0	0	0	0	0	0	0	0	0	0	0	0	0	0	0	0	
1	1	1	402	12.06		300	0	0	0.000107825	0.000107825	-0.000215649	0.0201	0	0	-2.38408e-05	-2.38408e-05	4.76816e-05	76.7143	0	0	0.947466	-5.8499	0	6.79736		300	0.268773	0.000107827	0.000107827	-0.000215654	0.00629963	0	0	0.268773	0	-0.426642	-237.002	0	213.464	213.464	-2.13163e-14	12.4428	0	0	0	0	0	0	0	0	0	0	0	0	0	0	0	0	0	0	0	0	0	0	0	0	0	0	0	0	0	0	0	0	0	
1	1	1	403	12.09		300	0	0	0.000108434	0.000108434	-0.000216868	0.02015	0	0	-2.39565e-05	-2.39565e-05	4.7913e-05	76.7943	0	0	0.951304	-5.8528	0	6.8041		300	0.269315	0.000108437	0.000108437	-0.000216873	0.00633524	0	0	0.269315	0	-0.426642	-237.002	0	213.464	213.464	-2.13163e-14	12.4428	0	0	0	0	0	0	0	0	0	0	0	0	0	0	0	0	0	0	0	0	0	0	0	0	0	0	0	0	0	0	0	0	0	
1	1	1	404	12.12		300	0	0	0.000109044	0.000109044	-0.000218089	0.0202	0	0	-2.40721e-05	-2.40721e-05	4.81443e-05	76.8742	0	0	0.955146	-5.85569	0	6.81084		300	0.269856	0.000109047	0.000109047	-0.000218094	0.00637088	0	0	0.269856	0	-0.426642	-237.002	0	213.464	213.464	-2.13163e-14	12.4428	0	0	0	0	0	0	0	0	0	0	0	0	0	0	0	0	0	0	0	0	0	0	0	0	0	0	0	0	0	0	0	0	0	
1	1	1	405	12.15		300	0	0	0.000109655	0.000109655	-0.000219311	0.02025	0	0	-2.41878e-05	-2.41878e-05	4.83756e-05	76.9538	0	0	0.958991	-5.85857	0	6.81757		300	0.270396	0.000109658	0.000109658	-0.000219316	0.00640656	0	0	0.270396	0	-0.426642	-237.002	0	213.464	213.464	-2.13163e-14	12.4428	0	0	0	0	0	0	0	0	0	0	0	0	0	0	0	0	0	0	0	0	0	0	0	0	0	0	0	0	0	0	0	0	0	
1	1	1	406	12.18		300	0	0	0.000110267	0.000110267	-0.000220534	0.0203	0	0	-2.43034e-05	-2.43034e-05	4.86068e-05	77.0332	0	0	0.962841	-5.86145	0	6.82429		300	0.270936	0.000110269	0.000110269	-0.000220539	0.00644227	0	0	0.270936	0	-0.426642	-237.002	0	213.464	213.464	-2.13163e-14	12.4428	0	0	0	0	0	0	0	0	0	0	0	0	0	0	0	0	0	0	0	0	0	0	0	0	0	0	0	0	0	0	0	0	0	
1	1	1	407	12.21		300	0	0	0.000110879	0.000110879	-0.000221758	0.02035	0	0	-2.4419e-05	-2.4419e-05	4.8838e-05	77.1124	0	0	0.966695	-5.86432	0	6.83101		300	0.271476	0.000110881	0.000110881	-0.000221763	0.00647802	0	0	0.271476	0	-0.426642	-237.002	0	213.464	213.464	-2.13163e-14	12.4428	0	0	0	0	0	0	0	0	0	0	0	0	0	0	0	0	0	0	0	0	0	0	0	0	0	0	0	0	0	0	0	0	0	
1	1	1	408	12.24		300	0	0	0.000111492	0.000111492	-0.000222983	0.0204	0	0	-2.45346e-05	-2.45346e-05	4.90692e-05	77.1914	0	0	0.970552	-5.86717	0	6.83773		300	0.272016	0.000111494	0.000111494	-0.000222988	0.0065138	0	0	0.272016	0	-0.426642	-237.002	0	213.464	213.464	-2.13163e-14	12.4428	0	0	0	0	0	0	0	0	0	0	0	0	0	0	0	0	0	0	0	0	0	0	0	0	0	0	0	0	0	0	0	0	0	
1	1	1	409	12.27		300	0	0	0.000112105	0.000112105	-0.00022421	0.02045	0	0	-2.46502e-05	-2.46502e-05	4.93004e-05	77.2703	0	0	0.974414	-5.87002	0	6.84444		300	0.272555	0.000112107	0.000112107	-0.000224215	0.00654962	0	0	0.272555	0	-0.426642	-237.002	0	213.464	213.464	-2.13163e-14	12.4428	0	0	0	0	0	0	0	0	0	0	0	0	0	0	0	0	0	0	0	0	0	0	0	0	0	0	0	0	0	0	0	0	0	
1	1	1	410	12.3		300	0	0	0.000112719	0.000112719	-0.000225437	0.0205	0	0	-2.47658e-05	-2.47658e-05	4.95315e-05	77.3489	0	0	0.978279	-5.87286	0	6.85114		300	0.273094	0.000112721	0.000112721	-0.000225442	0.00658547	0	0	0.273094	0	-0.426642	-237.002	0	213.464	213.464	-2.13163e-14	12.4428	0	0	0	0	0	0	0	0	0	0	0	0	0	0	0	0	0	0	0	0	0	0	0	0	0	0	0	0	0	0	0	0	0	
1	1	1	411	12.33		300	0	0	0.000113333	0.000113333	-0.000226666	0.02055	0	0	-2.48813e-05	-2.48813e-05	4.97626e-05	77.4274	0	0	0.982149	-5.87569	0	6.85784		300	0.273632	0.000113336	0.000113336	-0.000226671	0.00662136	0	0	0.273632	0	-0.426642	-237.002	0	213.464	213.464	-2.13163e-14	12.4428	0	0	0	0	0	0	0	0	0	0	0	0	0	0	0	0	0	0	0	0	0	0	0	0	0	0	0	0	0	0	0	0	0	
1	1	1	412	12.36		300	0	0	0.000113948	0.000113948	-0.000227896	0.0206	0	0	-2.49968e-05	-2.49968e-05	4.99936e-05	77.5056	0	0	0.986022	-5.87852	0	6.86454		300	0.27417	0.000113951	0.000113951	-0.000227901	0.00665728	0	0	0.27417	0	-0.426642	-237.002	0	213.464	213.464	-2.13163e-14	12.4428	0	0	0	0	0	0	0	0	0	0	0	0	0	0	0	0	0	0	0	0	0	0	0	0	0	0	0	0	0	0	0	0	0	
1	1	1	413	12.39		300	0	0	0.000114564	0.000114564	-0.000229127	0.02065	0	0	-2.51123e-05	-2.51123e-05	5.02246e-05	77.5837	0	0	0.989899	-5.88133	0	6.87123		300	0.274707	0.000114566	0.000114566	-0.000229133	0.00669324	0	0	0.274707	0	-0.426642	-237.002	0	213.464	213.464	-2.13163e-14	12.4428	0	0	0	0	0	0	0	0	0	0	0	0	0	0	0	0	0	0	0	0	0	0	0	0	0	0	0	0	0	0	0	0	0	
1	1	1	414	12.42		300	0	0	0.00011518	0.00011518	-0.00023036	0.0207	0	0	-2.52278e-05	-2.52278e-05	5.04556e-05	77.6616	0	0	0.99378	-5.88414	0	6.87792		300	0.275245	0.000115183	0.000115183	-0.000230365	0.00672923	0	0	0.275245	0	-0.426642	-237.002	0	213.464	213.464	-2.13163e-14	12.4428	0	0	0	0	0	0	0	0	0	0	0	0	0	0	0	0	0	0	0	0	0	0	0	0	0	0	0	0	0	0	0	0	0	
1	1	1	415	12.45		300	0	0	0.000115797	0.000115797	-0.000231593	0.02075	0	0	-2.53433e-05	-2.53433e-05	5.06865e-05	77.7393	0	0	0.997665	-5.88694	0	6.8846		300	0.275781	0.000115799	0.000115799	-0.000231599	0.00676525	0	0	0.275781	0	-0.426642	-237.002	0	213.464	213.464	-2.13163e-14	12.4428	0	0	0	0	0	0	0	0	0	0	0	0	0	0	0	0	0	0	0	0	0	0	0	0	0	0	0	0	0	0	0	0	0	
1	1	1	416	12.48		300	0	0	0.000116414	0.000116414	-0.000232828	0.0208	0	0	-2.54587e-05	-2.54587e-05	5.09174e-05	77.8168	0	0	1.00155	-5.88972	0	6.89128		300	0.276318	0.000116417	0.000116417	-0.000232833	0.0068013	0	0	0.276318	0	-0.426642	-237.002	0	213.464	213.464	-2.13163e-14	12.4428	0	0	0	0	0	0	0	0	0	0	0	0	0	0	0	0	0	0	0	0	0	0	0	0	0	0	0	0	0	0	0	0	0	
1	1	1	417	12.51		300	0	0	0.000117032	0.000117032	-0.000234064	0.02085	0	0	-2.55741e-05	-2.55741e-05	5.11482e-05	77.8941	0	0	1.00545	-5.89251	0	6.89795		300	0.276854	0.000117035	0.000117035	-0.000234069	0.00683739	0	0	0.276854	0	-0.426642	-237.002	0	213.464	213.464	-2.13163e-14	12.4428	0	0	0	0	0	0	0	0	0	0	0	0	0	0	0	0	0	0	0	0	0	0	0	0	0	0	0	0	0	0	0	0	0	
1	1	1	418	12.54		300	0	0	0.00011765	0.00011765	-0.000235301	0.0209	0	0	-2.56895e-05	-2.56895e-05	5.1379e-05	77.9713	0	0	1.00934	-5.89528	0	6.90462		300	0.27739	0.000117653	0.000117653	-0.000235306	0.00687351	0	0	0.27739	0	-0.426642	-237.002	0	213.464	213.464	-2.13163e-14	12.4428	0	0	0	0	0	0	0	0	0	0	0	0	0	0	0	0	0	0	0	0	0	0	0	0	0	0	0	0	0	0	0	0	0	
1	1	1	419	12.57		300	0	0	0.000118269	0.000118269	-0.000236539	0.02095	0	0	-2.58049e-05	-2.58049e-05	5.16097e-05	78.0482	0	0	1.01324	-5.89804	0	6.91129		300	0.277925	0.000118272	0.000118272	-0.000236544	0.00690967	0	0	0.277925	0	-0.426642	-237.002	0	213.464	213.464	-2.13163e-14	12.4428	0	0	0	0	0	0	0	0	0	0	0	0	0	0	0	0	0	0	0	0	0	0	0	0	0	0	0	0	0	0	0	0	0	
1	1	1	420	12.6		300	0	0	0.000118889	0.000118889	-0.000237778	0.021	0	0	-2.59202e-05	-2.59202e-05	5.18404e-05	78.125	0	0	1.01715	-5.9008	0	6.91795		300	0.27846	0.000118892	0.000118892	-0.000237783	0.00694585	0	0	0.27846	0	-0.426642	-237.002	0	213.464	213.464	-2.13163e-14	12.4428	0	0	0	0	0	0	0	0	0	0	0	0	0	0	0	0	0	0	0	0	0	0	0	0	0	0	0	0	0	0	0	0	0	
1	1	1	421	12.63		300	0	0	0.000119509	0.000119509	-0.000239018	0.02105	0	0	-2.60355e-05	-2.60355e-05	5.20711e-05	78.2016	0	0	1.02106	-5.90354	0	6.9246		300	0.278995	0.000119512	0.000119512	-0.000239023	0.00698207	0	0	0.278995	0	-0.426642	-237.002	0	213.464	213.464	-2.13163e-14	12.4428	0	0	0	0	0	0	0	0	0	0	0	0	0	0	0	0	0	0	0	0	0	0	0	0	0	0	0	0	0	0	0	0	0	
1	1	1	422	12.66		300	0	0	0.00012013	0.00012013	-0.000240259	0.0211	0	0	-2.61508e-05	-2.61508e-05	5.23017e-05	78.2781	0	0	1.02497	-5.90628	0	6.93125		300	0.279529	0.000120132	0.000120132	-0.000240265	0.00701832	0	0	0.279529	0	-0.426642	-237.002	0	213.464	213.464	-2.13163e-14	12.4428	0	0	0	0	0	0	0	0	0	0	0	0	0	0	0	0	0	0	0	0	0	0	0	0	0	0	0	0	0	0	0	0	0	
1	1	1	423	12.69		300	0	0	0.000120751	0.000120751	-0.000241502	0.02115	0	0	-2.62661e-05	-2.62661e-05	5.25322e-05	78.3543	0	0	1.02888	-5.90901	0	6.9379		300	0.280063	0.000120754	0.000120754	-0.000241507	0.00705461	0	0	0.280063	0	-0.426642	-237.002	0	213.464	213.464	-2.13163e-14	12.4428	0	0	0	0	0	0	0	0	0	0	0	0	0	0	0	0	0	0	0	0	0	0	0	0	0	0	0	0	0	0	0	0	0	
1	1	1	424	12.72		300	0	0	0.000121373	0.000121373	-0.000242745	0.0212	0	0	-2.63813e-05	-2.63813e-05	5.27627e-05	78.4304	0	0	1.0328	-5.91173	0	6.94454		300	0.280596	0.000121375	0.000121375	-0.000242751	0.00709092	0	0	0.280596	0	-0.426642	-237.002	0	213.464	213.464	-2.13163e-14	12.4428	0	0	0	0	0	0	0	0	0	0	0	0	0	0	0	0	0	0	0	0	0	0	0	0	0	0	0	0	0	0	0	0	0	
1	1	1	425	12.75		300	0	0	0.000121995	0.000121995	-0.00024399	0.02125	0	0	-2.64966e-05	-2.64966e-05	5.29931e-05	78.5063	0	0	1.03673	-5.91445	0	6.95118		300	0.28113	0.000121998	0.000121998	-0.000243995	0.00712727	0	0	0.28113	0	-0.426642	-237.002	0	213.464	213.464	-2.13163e-14	12.4428	0	0	0	0	0	0	0	0	0	0	0	0	0	0	0	0	0	0	0	0	0	0	0	0	0	0	0	0	0	0	0	0	0	
1	1	1	426	12.78		300	0	0	0.000122618	0.000122618	-0.000245235	0.0213	0	0	-2.66118e-05	-2.66118e-05	5.32235e-05	78.582	0	0	1.04065	-5.91715	0	6.95781		300	0.281662	0.00012262	0.00012262	-0.000245241	0.00716364	0	0	0.281662	0	-0.426642	-237.002	0	213.464	213.464	-2.13163e-14	12.4428	0	0	0	0	0	0	0	0	0	0	0	0	0	0	0	0	0	0	0	0	0	0	0	0	0	0	0	0	0	0	0	0	0	
1	1	1	427	12.81		300	0	0	0.000123241	0.000123241	-0.000246482	0.02135	0	0	-2.67269e-05	-2.67269e-05	5.34538e-05	78.6576	0	0	1.04459	-5.91985	0	6.96444		300	0.282195	0.000123244	0.000123244	-0.000246488	0.00720005	0	0	0.282195	0	-0.426642	-237.002	0	213.464	213.464	-2.13163e-14	12.4428	0	0	0	0	0	0	0	0	0	0	0	0	0	0	0	0	0	0	0	0	0	0	0	0	0	0	0	0	0	0	0	0	0	
1	1	1	428	12.84		300	0	0	0.000123865	0.000123865	-0.00024773	0.0214	0	0	-2.68421e-05	-2.68421e-05	5.36841e-05	78.733	0	0	1.04852	-5.92254	0	6.97106		300	0.282727	0.000123868	0.000123868	-0.000247735	0.00723649	0	0	0.282727	0	-0.426642	-237.002	0	213.464	213.464	-2.13163e-14	12.4428	0	0	0	0	0	0	0	0	0	0	0	0	0	0	0	0	0	0	0	0	0	0	0	0	0	0	0	0	0	0	0	0	0	
1	1	1	429	12.87		300	0	0	0.000124489	0.000124489	-0.000248979	0.02145	0	0	-2.69572e-05	-2.69572e-05	5.39143e-05	78.8082	0	0	1.05246	-5.92522	0	6.97768		300	0.283259	0.000124492	0.000124492	-0.000248984	0.00727296	0	0	0.283259	0	-0.426642	-237.002	0	213.464	213.464	-2.13163e-14	12.4428	0	0	0	0	0	0	0	0	0	0	0	0	0	0	0	0	0	0	0	0	0	0	0	0	0	0	0	0	0	0	0	0	0	
1	1	1	430	12.9		300	0	0	0.000125114	0.000125114	-0.000250228	0.0215	0	0	-2.70723e-05	-2.70723e-05	5.41445e-05	78.8832	0	0	1.0564	-5.92789	0	6.98429		300	0.28379	0.000125117	0.000125117	-0.000250234	0.00730946	0	0	0.28379	0	-0.426642	-237.002	0	213.464	213.464	-2.13163e-14	12.4428	0	0	0	0	0	0	0	0	0	0	0	0	0	0	0	0	0	0	0	0	0	0	0	0	0	0	0	0	0	0	0	0	0	
1	1	1	431	12.93		300	0	0	0.00012574	0.00012574	-0.000251479	0.02155	0	0	-2.71873e-05	-2.71873e-05	5.43746e-05	78.9581	0	0	1.06035	-5.93056	0	6.9909		300	0.284321	0.000125742	0.000125742	-0.000251485	0.00734599	0	0	0.284321	0	-0.426642	-237.002	0	213.464	213.464	-2.13163e-14	12.4428	0	0	0	0	0	0	0	0	0	0	0	0	0	0	0	0	0	0	0	0	0	0	0	0	0	0	0	0	0	0	0	0	0	
1	1	1	432	12.96		300	0	0	0.000126366	0.000126366	-0.000252731	0.0216	0	0	-2.73023e-05	-2.73023e-05	5.46047e-05	79.0328	0	0	1.0643	-5.93321	0	6.99751		300	0.284852	0.000126368	0.000126368	-0.000252737	0.00738255	0	0	0.284852	0	-0.426642	-237.002	0	213.464	213.464	-2.13163e-14	12.4428	0	0	0	0	0	0	0	0	0	0	0	0	0	0	0	0	0	0	0	0	0	0	0	0	0	0	0	0	0	0	0	0	0	
1	1	1	433	12.99		300	0	0	0.000126992	0.000126992	-0.000253984	0.02165	0	0	-2.74173e-05	-2.74173e-05	5.48346e-05	79.1074	0	0	1.06825	-5.93586	0	7.00411		300	0.285382	0.000126995	0.000126995	-0.00025399	0.00741914	0	0	0.285382	0	-0.426642	-237.002	0	213.464	213.464	-2.13163e-14	12.4428	0	0	0	0	0	0	0	0	0	0	0	0	0	0	0	0	0	0	0	0	0	0	0	0	0	0	0	0	0	0	0	0	0	
1	1	1	434	13.02		300	0	0	0.000127619	0.000127619	-0.000255238	0.0217	0	0	-2.75323e-05	-2.75323e-05	5.50646e-05	79.1818	0	0	1.07221	-5.9385	0	7.01071		300	0.285912	0.000127622	0.000127622	-0.000255244	0.00745576	0	0	0.285912	0	-0.426642	-237.002	0	213.464	213.464	-2.13163e-14	12.4428	0	0	0	0	0	0	0	0	0	0	0	0	0	0	0	0	0	0	0	0	0	0	0	0	0	0	0	0	0	0	0	0	0	
1	1	1	435	13.05		300	0	0	0.000128247	0.000128247	-0.000256493	0.02175	0	0	-2.76472e-05	-2.76472e-05	5.52944e-05	79.256	0	0	1.07617	-5.94113	0	7.0173		300	0.286442	0.000128249	0.000128249	-0.000256499	0.00749241	0	0	0.286442	0	-0.426642	-237.002	0	213.464	213.464	-2.13163e-14	12.4428	0	0	0	0	0	0	0	0	0	0	0	0	0	0	0	0	0	0	0	0	0	0	0	0	0	0	0	0	0	0	0	0	0	
1	1	1	436	13.08		300	0	0	0.000128875	0.000128875	-0.000257749	0.0218	0	0	-2.77621e-05	-2.77621e-05	5.55242e-05	79.33	0	0	1.08013	-5.94376	0	7.02389		300	0.286971	0.000128877	0.000128877	-0.000257755	0.00752909	0	0	0.286971	0	-0.426642	-237.002	0	213.464	213.464	-2.13163e-14	12.4428	0	0	0	0	0	0	0	0	0	0	0	0	0	0	0	0	0	0	0	0	0	0	0	0	0	0	0	0	0	0	0	0	0	
1	1	1	437	13.11		300	0	0	0.000129503	0.000129503	-0.000259006	0.02185	0	0	-2.7877e-05	-2.7877e-05	5.5754e-05	79.4039	0	0	1.0841	-5.94637	0	7.03047		300	0.2875	0.000129506	0.000129506	-0.000259012	0.00756579	0	0	0.2875	0	-0.426642	-237.002	0	213.464	213.464	-2.13163e-14	12.4428	0	0	0	0	0	0	0	0	0	0	0	0	0	0	0	0	0	0	0	0	0	0	0	0	0	0	0	0	0	0	0	0	0	
1	1	1	438	13.14		300	0	0	0.000130132	0.000130132	-0.000260264	0.0219	0	0	-2.79918e-05	-2.79918e-05	5.59836e-05	79.4776	0	0	1.08807	-5.94898	0	7.03705		300	0.288028	0.000130135	0.000130135	-0.00026027	0.00760253	0	0	0.288028	0	-0.426642	-237.002	0	213.464	213.464	-2.13163e-14	12.4428	0	0	0	0	0	0	0	0	0	0	0	0	0	0	0	0	0	0	0	0	0	0	0	0	0	0	0	0	0	0	0	0	0	
1	1	1	439	13.17		300	0	0	0.000130761	0.000130761	-0.000261523	0.02195	0	0	-2.81066e-05	-2.81066e-05	5.62132e-05	79.5512	0	0	1.09205	-5.95158	0	7.04363		300	0.288557	0.000130764	0.000130764	-0.000261529	0.0076393	0	0	0.288557	0	-0.426642	-237.002	0	213.464	213.464	-2.13163e-14	12.4428	0	0	0	0	0	0	0	0	0	0	0	0	0	0	0	0	0	0	0	0	0	0	0	0	0	0	0	0	0	0	0	0	0	
1	1	1	440	13.2		300	0	0	0.000131391	0.000131391	-0.000262783	0.022	0	0	-2.82214e-05	-2.82214e-05	5.64428e-05	79.6246	0	0	1.09603	-5.95417	0	7.0502		300	0.289085	0.000131394	0.000131394	-0.000262789	0.00767609	0	0	0.289085	0	-0.426642	-237.002	0	213.464	213.464	-2.13163e-14	12.4428	0	0	0	0	0	0	0	0	0	0	0	0	0	0	0	0	0	0	0	0	0	0	0	0	0	0	0	0	0	0	0	0	0	
1	1	1	441	13.23		300	0	0	0.000132022	0.000132022	-0.000264044	0.02205	0	0	-2.83361e-05	-2.83361e-05	5.66723e-05	79.6979	0	0	1.10001	-5.95675	0	7.05677		300	0.289612	0.000132025	0.000132025	-0.00026405	0.00771292	0	0	0.289612	0	-0.426642	-237.002	0	213.464	213.464	-2.13163e-14	12.4428	0	0	0	0	0	0	0	0	0	0	0	0	0	0	0	0	0	0	0	0	0	0	0	0	0	0	0	0	0	0	0	0	0	
1	1	1	442	13.26		300	0	0	0.000132653	0.000132653	-0.000265306	0.0221	0	0	-2.84508e-05	-2.84508e-05	5.69017e-05	79.7709	0	0	1.104	-5.95933	0	7.06333		300	0.290139	0.000132656	0.000132656	-0.000265312	0.00774977	0	0	0.290139	0	-0.426642	-237.002	0	213.464	213.464	-2.13163e-14	12.4428	0	0	0	0	0	0	0	0	0	0	0	0	0	0	0	0	0	0	0	0	0	0	0	0	0	0	0	0	0	0	0	0	0	
1	1	1	443	13.29		300	0	0	0.000133284	0.000133284	-0.000266569	0.02215	0	0	-2.85655e-05	-2.85655e-05	5.7131e-05	79.8439	0	0	1.10799	-5.9619	0	7.06989		300	0.290666	0.000133287	0.000133287	-0.000266575	0.00778665	0	0	0.290666	0	-0.426642	-237.002	0	213.464	213.464	-2.13163e-14	12.4428	0	0	0	0	0	0	0	0	0	0	0	0	0	0	0	0	0	0	0	0	0	0	0	0	0	0	0	0	0	0	0	0	0	
1	1	1	444	13.32		300	0	0	0.000133916	0.000133916	-0.000267832	0.0222	0	0	-2.86801e-05	-2.86801e-05	5.73603e-05	79.9167	0	0	1.11198	-5.96446	0	7.07644		300	0.291193	0.000133919	0.000133919	-0.000267838	0.00782355	0	0	0.291193	0	-0.426642	-237.002	0	213.464	213.464	-2.13163e-14	12.4428	0	0	0	0	0	0	0	0	0	0	0	0	0	0	0	0	0	0	0	0	0	0	0	0	0	0	0	0	0	0	0	0	0	
1	1	1	445	13.35		300	0	0	0.000134549	0.000134549	-0.000269097	0.02225	0	0	-2.87947e-05	-2.87947e-05	5.75895e-05	79.9893	0	0	1.11598	-5.96701	0	7.08299		300	0.291719	0.000134552	0.000134552	-0.000269103	0.00786049	0	0	0.291719	0	-0.426642	-237.002	0	213.464	213.464	-2.13163e-14	12.4428	0	0	0	0	0	0	0	0	0	0	0	0	0	0	0	0	0	0	0	0	0	0	0	0	0	0	0	0	0	0	0	0	0	
1	1	1	446	13.38		300	0	0	0.000135181	0.000135181	-0.000270363	0.0223	0	0	-2.89093e-05	-2.89093e-05	5.78186e-05	80.0618	0	0	1.11998	-5.96955	0	7.08954		300	0.292245	0.000135184	0.000135184	-0.000270369	0.00789745	0	0	0.292245	0	-0.426642	-237.002	0	213.464	213.464	-2.13163e-14	12.4428	0	0	0	0	0	0	0	0	0	0	0	0	0	0	0	0	0	0	0	0	0	0	0	0	0	0	0	0	0	0	0	0	0	
1	1	1	447	13.41		300	0	0	0.000135815	0.000135815	-0.000271629	0.02235	0	0	-2.90238e-05	-2.90238e-05	5.80477e-05	80.1341	0	0	1.12399	-5.97209	0	7.09608		300	0.29277	0.000135818	0.000135818	-0.000271636	0.00793444	0	0	0.29277	0	-0.426642	-237.002	0	213.464	213.464	-2.13163e-14	12.4428	0	0	0	0	0	0	0	0	0	0	0	0	0	0	0	0	0	0	0	0	0	0	0	0	0	0	0	0	0	0	0	0	0	
1	1	1	448	13.44		300	0	0	0.000136449	0.000136449	-0.000272897	0.0224	0	0	-2.91383e-05	-2.91383e-05	5.82767e-05	80.2062	0	0	1.128	-5.97462	0	7.10261		300	0.293295	0.000136452	0.000136452	-0.000272903	0.00797146	0	0	0.293295	0	-0.426642	-237.002	0	213.464	213.464	-2.13163e-14	12.4428	0	0	0	0	0	0	0	0	0	0	0	0	0	0	0	0	0	0	0	0	0	0	0	0	0	0	0	0	0	0	0	0	0	
1	1	1	449	13.47		300	0	0	0.000137083	0.000137083	-0.000274166	0.02245	0	0	-2.92528e-05	-2.92528e-05	5.85056e-05	80.2782	0	0	1.13201	-5.97714	0	7.10915		300	0.29382	0.000137086	0.000137086	-0.000274172	0.00800851	0	0	0.29382	0	-0.426642	-237.002	0	213.464	213.464	-2.13163e-14	12.4428	0	0	0	0	0	0	0	0	0	0	0	0	0	0	0	0	0	0	0	0	0	0	0	0	0	0	0	0	0	0	0	0	0	
1	1	1	450	13.5		300	0	0	0.000137718	0.000137718	-0.000275435	0.0225	0	0	-2.93672e-05	-2.93672e-05	5.87344e-05	80.3501	0	0	1.13602	-5.97965	0	7.11568		300	0.294344	0.000137721	0.000137721	-0.000275441	0.00804558	0	0	0.294344	0	-0.426642	-237.002	0	213.464	213.464	-2.13163e-14	12.4428	0	0	0	0	0	0	0	0	0	0	0	0	0	0	0	0	0	0	0	0	0	0	0	0	0	0	0	0	0	0	0	0	0	
1	1	1	451	13.53		300	0	0	0.000138353	0.000138353	-0.000276705	0.02255	0	0	-2.94816e-05	-2.94816e-05	5.89632e-05	80.4218	0	0	1.14004	-5.98216	0	7.1222		300	0.294869	0.000138356	0.000138356	-0.000276712	0.00808268	0	0	0.294869	0	-0.426642	-237.002	0	213.464	213.464	-2.13163e-14	12.4428	0	0	0	0	0	0	0	0	0	0	0	0	0	0	0	0	0	0	0	0	0	0	0	0	0	0	0	0	0	0	0	0	0	
1	1	1	452	13.56		300	0	0	0.000138988	0.000138988	-0.000277977	0.0226	0	0	-2.95959e-05	-2.95959e-05	5.91919e-05	80.4934	0	0	1.14407	-5.98466	0	7.12872		300	0.295392	0.000138991	0.000138991	-0.000277983	0.00811981	0	0	0.295392	0	-0.426642	-237.002	0	213.464	213.464	-2.13163e-14	12.4428	0	0	0	0	0	0	0	0	0	0	0	0	0	0	0	0	0	0	0	0	0	0	0	0	0	0	0	0	0	0	0	0	0	
1	1	1	453	13.59		300	0	0	0.000139624	0.000139624	-0.000279249	0.02265	0	0	-2.97103e-05	-2.97103e-05	5.94205e-05	80.5648	0	0	1.14809	-5.98714	0	7.13524		300	0.295916	0.000139628	0.000139628	-0.000279255	0.00815696	0	0	0.295916	0	-0.426642	-237.002	0	213.464	213.464	-2.13163e-14	12.4428	0	0	0	0	0	0	0	0	0	0	0	0	0	0	0	0	0	0	0	0	0	0	0	0	0	0	0	0	0	0	0	0	0	
1	1	1	454	13.62		300	0	0	0.000140261	0.000140261	-0.000280522	0.0227	0	0	-2.98245e-05	-2.98245e-05	5.96491e-05	80.6361	0	0	1.15212	-5.98963	0	7.14175		300	0.296439	0.000140264	0.000140264	-0.000280528	0.00819414	0	0	0.296439	0	-0.426642	-237.002	0	213.464	213.464	-2.13163e-14	12.4428	0	0	0	0	0	0	0	0	0	0	0	0	0	0	0	0	0	0	0	0	0	0	0	0	0	0	0	0	0	0	0	0	0	
1	1	1	455	13.65		300	0	0	0.000140898	0.000140898	-0.000281796	0.02275	0	0	-2.99388e-05	-2.99388e-05	5.98775e-05	80.7072	0	0	1.15616	-5.9921	0	7.14826		300	0.296962	0.000140901	0.000140901	-0.000281802	0.00823134	0	0	0.296962	0	-0.426642	-237.002	0	213.464	213.464	-2.13163e-14	12.4428	0	0	0	0	0	0	0	0	0	0	0	0	0	0	0	0	0	0	0	0	0	0	0	0	0	0	0	0	0	0	0	0	0	
1	1	1	456	13.68		300	0	0	0.000141535	0.000141535	-0.000283071	0.0228	0	0	-3.0053e-05	-3.0053e-05	6.01059e-05	80.7782	0	0	1.16019	-5.99457	0	7.15476		300	0.297484	0.000141539	0.000141539	-0.000283077	0.00826858	0	0	0.297484	0	-0.426642	-237.002	0	213.464	213.464	-2.13163e-14	12.4428	0	0	0	0	0	0	0	0	0	0	0	0	0	0	0	0	0	0	0	0	0	0	0	0	0	0	0	0	0	0	0	0	0	
1	1	1	457	13.71		300	0	0	0.000142173	0.000142173	-0.000284347	0.02285	0	0	-3.01671e-05	-3.01671e-05	6.03342e-05	80.849	0	0	1.16423	-5.99703	0	7.16126		300	0.298006	0.000142176	0.000142176	-0.000284353	0.00830583	0	0	0.298006	0	-0.426642	-237.002	0	213.464	213.464	-2.13163e-14	12.4428	0	0	0	0	0	0	0	0	0	0	0	0	0	0	0	0	0	0	0	0	0	0	0	0	0	0	0	0	0	0	0	0	0	
1	1	1	458	13.74		300	0	0	0.000142812	0.000142812	-0.000285623	0.0229	0	0	-3.02812e-05	-3.02812e-05	6.05625e-05	80.9197	0	0	1.16828	-5.99948	0	7.16776		300	0.298528	0.000142815	0.000142815	-0.00028563	0.00834312	0	0	0.298528	0	-0.426642	-237.002	0	213.464	213.464	-2.13163e-14	12.4428	0	0	0	0	0	0	0	0	0	0	0	0	0	0	0	0	0	0	0	0	0	0	0	0	0	0	0	0	0	0	0	0	0	
1	1	1	459	13.77		300	0	0	0.00014345	0.00014345	-0.000286901	0.02295	0	0	-3.03953e-05	-3.03953e-05	6.07906e-05	80.9902	0	0	1.17233	-6.00192	0	7.17425		300	0.29905	0.000143454	0.000143454	-0.000286907	0.00838043	0	0	0.29905	0	-0.426642	-237.002	0	213.464	213.464	-2.13163e-14	12.4428	0	0	0	0	0	0	0	0	0	0	0	0	0	0	0	0	0	0	0	0	0	0	0	0	0	0	0	0	0	0	0	0	0	
1	1	1	460	13.8		300	0	0	0.00014409	0.00014409	-0.000288179	0.023	0	0	-3.05093e-05	-3.05093e-05	6.10187e-05	81.0606	0	0	1.17638	-6.00436	0	7.18073		300	0.299571	0.000144093	0.000144093	-0.000288186	0.00841776	0	0	0.299571	0	-0.426642	-237.002	0	213.464	213.464	-2.13163e-14	12.4428	0	0	0	0	0	0	0	0	0	0	0	0	0	0	0	0	0	0	0	0	0	0	0	0	0	0	0	0	0	0	0	0	0	
1	1	1	461	13.83		300	0	0	0.000144729	0.000144729	-0.000289459	0.02305	0	0	-3.06233e-05	-3.06233e-05	6.12467e-05	81.1309	0	0	1.18043	-6.00679	0	7.18722		300	0.300091	0.000144732	0.000144732	-0.000289465	0.00845512	0	0	0.300091	0	-0.426642	-237.002	0	213.464	213.464	-2.13163e-14	12.4428	0	0	0	0	0	0	0	0	0	0	0	0	0	0	0	0	0	0	0	0	0	0	0	0	0	0	0	0	0	0	0	0	0	
1	1	1	462	13.86		300	0	0	0.000145369	0.000145369	-0.000290739	0.0231	0	0	-3.07373e-05	-3.07373e-05	6.14746e-05	81.201	0	0	1.18449	-6.00921	0	7.1937		300	0.300612	0.000145373	0.000145373	-0.000290745	0.00849251	0	0	0.300612	0	-0.426642	-237.002	0	213.464	213.464	-2.13163e-14	12.4428	0	0	0	0	0	0	0	0	0	0	0	0	0	0	0	0	0	0	0	0	0	0	0	0	0	0	0	0	0	0	0	0	0	
1	1	1	463	13.89		300	0	0	0.00014601	0.00014601	-0.00029202	0.02315	0	0	-3.08512e-05	-3.08512e-05	6.17024e-05	81.271	0	0	1.18855	-6.01162	0	7.20017		300	0.301132	0.000146013	0.000146013	-0.000292026	0.00852992	0	0	0.301132	0	-0.426642	-237.002	0	213.464	213.464	-2.13163e-14	12.4428	0	0	0	0	0	0	0	0	0	0	0	0	0	0	0	0	0	0	0	0	0	0	0	0	0	0	0	0	0	0	0	0	0	
1	1	1	464	13.92		300	0	0	0.000146651	0.000146651	-0.000293302	0.0232	0	0	-3.09651e-05	-3.09651e-05	6.19302e-05	81.3408	0	0	1.19262	-6.01403	0	7.20664		300	0.301652	0.000146654	0.000146654	-0.000293308	0.00856735	0	0	0.301652	0	-0.426642	-237.002	0	213.464	213.464	-2.13163e-14	12.4428	0	0	0	0	0	0	0	0	0	0	0	0	0	0	0	0	0	0	0	0	0	0	0	0	0	0	0	0	0	0	0	0	0	
1	1	1	465	13.95		300	0	0	0.000147292	0.000147292	-0.000294584	0.02325	0	0	-3.10789e-05	-3.10789e-05	6.21578e-05	81.4105	0	0	1.19669	-6.01642	0	7.21311		300	0.302171	0.000147295	0.000147295	-0.000294591	0.00860482	0	0	0.302171	0	-0.426642	-237.002	0	213.464	213.464	-2.13163e-14	12.4428	0	0	0	0	0	0	0	0	0	0	0	0	0	0	0	0	0	0	0	0	0	0	0	0	0	0	0	0	0	0	0	0	0	
1	1	1	466	13.98		300	0	0	0.000147934	0.000147934	-0.000295868	0.0233	0	0	-3.11927e-05	-3.11927e-05	6.23854e-05	81.4801	0	0	1.20076	-6.01882	0	7.21957		300	0.302691	0.000147937	0.000147937	-0.000295874	0.0086423	0	0	0.302691	0	-0.426642	-237.002	0	213.464	213.464	-2.13163e-14	12.4428	0	0	0	0	0	0	0	0	0	0	0	0	0	0	0	0	0	0	0	0	0	0	0	0	0	0	0	0	0	0	0	0	0	
1	1	1	467	14.01		300	0	0	0.000148576	0.000148576	-0.000297152	0.02335	0	0	-3.13065e-05	-3.13065e-05	6.26129e-05	81.5495	0	0	1.20483	-6.0212	0	7.22603		300	0.30321	0.000148579	0.000148579	-0.000297159	0.00867981	0	0	0.30321	0	-0.426642	-237.002	0	213.464	213.464	-2.13163e-14	12.4428	0	0	0	0	0	0	0	0	0	0	0	0	0	0	0	0	0	0	0	0	0	0	0	0	0	0	0	0	0	0	0	0	0	
1	1	1	468	14.04		300	0	0	0.000149219	0.000149219	-0.000298438	0.0234	0	0	-3.14202e-05	-3.14202e-05	6.28403e-05	81.6188	0	0	1.20891	-6.02358	0	7.23249		300	0.303728	0.000149222	0.000149222	-0.000298444	0.00871735	0	0	0.303728	0	-0.426642	-237.002	0	213.464	213.464	-2.13163e-14	12.4428	0	0	0	0	0	0	0	0	0	0	0	0	0	0	0	0	0	0	0	0	0	0	0	0	0	0	0	0	0	0	0	0	0	
1	1	1	469	14.07		300	0	0	0.000149862	0.000149862	-0.000299724	0.02345	0	0	-3.15338e-05	-3.15338e-05	6.30676e-05	81.688	0	0	1.213	-6.02594	0	7.23894		300	0.304246	0.000149865	0.000149865	-0.00029973	0.0087549	0	0	0.304246	0	-0.426642	-237.002	0	213.464	213.464	-2.13163e-14	12.4428	0	0	0	0	0	0	0	0	0	0	0	0	0	0	0	0	0	0	0	0	0	0	0	0	0	0	0	0	0	0	0	0	0	
1	1	1	470	14.1		300	0	0	0.000150505	0.000150505	-0.000301011	0.0235	0	0	-3.16474e-05	-3.16474e-05	6.32949e-05	81.757	0	0	1.21708	-6.0283	0	7.24539		300	0.304764	0.000150509	0.000150509	-0.000301017	0.00879249	0	0	0.304764	0	-0.426642	-237.002	0	213.464	213.464	-2.13163e-14	12.4428	0	0	0	0	0	0	0	0	0	0	0	0	0	0	0	0	0	0	0	0	0	0	0	0	0	0	0	0	0	0	0	0	0	
1	1	1	471	14.13		300	0	0	0.000151149	0.000151149	-0.000302298	0.02355	0	0	-3.1761e-05	-3.1761e-05	6.3522e-05	81.8259	0	0	1.22117	-6.03066	0	7.25183		300	0.305282	0.000151152	0.000151152	-0.000302305	0.00883009	0	0	0.305282	0	-0.426642	-237.002	0	213.464	213.464	-2.13163e-14	12.4428	0	0	0	0	0	0	0	0	0	0	0	0	0	0	0	0	0	0	0	0	0	0	0	0	0	0	0	0	0	0	0	0	0	
1	1	1	472	14.16		300	0	0	0.000151793	0.000151793	-0.000303587	0.0236	0	0	-3.18745e-05	-3.18745e-05	6.37491e-05	81.8947	0	0	1.22526	-6.033	0	7.25827		300	0.305799	0.000151797	0.000151797	-0.000303593	0.00886772	0	0	0.305799	0	-0.426642	-237.002	0	213.464	213.464	-2.13163e-14	12.4428	0	0	0	0	0	0	0	0	0	0	0	0	0	0	0	0	0	0	0	0	0	0	0	0	0	0	0	0	0	0	0	0	0	
1	1	1	473	14.19		300	0	0	0.000152438	0.000152438	-0.000304876	0.02365	0	0	-3.1988e-05	-3.1988e-05	6.39761e-05	81.9633	0	0	1.22936	-6.03534	0	7.2647		300	0.306316	0.000152441	0.000152441	-0.000304883	0.00890538	0	0	0.306316	0	-0.426642	-237.002	0	213.464	213.464	-2.13163e-14	12.4428	0	0	0	0	0	0	0	0	0	0	0	0	0	0	0	0	0	0	0	0	0	0	0	0	0	0	0	0	0	0	0	0	0	
1	1	1	474	14.22		300	0	0	0.000153083	0.000153083	-0.000306166	0.0237	0	0	-3.21015e-05	-3.21015e-05	6.4203e-05	82.0318	0	0	1.23346	-6.03767	0	7.27114		300	0.306833	0.000153087	0.000153087	-0.000306173	0.00894306	0	0	0.306833	0	-0.426642	-237.002	0	213.464	213.464	-2.13163e-14	12.4428	0	0	0	0	0	0	0	0	0	0	0	0	0	0	0	0	0	0	0	0	0	0	0	0	0	0	0	0	0	0	0	0	0	
1	1	1	475	14.25		300	0	0	0.000153729	0.000153729	-0.000307457	0.02375	0	0	-3.22149e-05	-3.22149e-05	6.44298e-05	82.1002	0	0	1.23756	-6.04	0	7.27756		300	0.307349	0.000153732	0.000153732	-0.000307464	0.00898076	0	0	0.307349	0	-0.426642	-237.002	0	213.464	213.464	-2.13163e-14	12.4428	0	0	0	0	0	0	0	0	0	0	0	0	0	0	0	0	0	0	0	0	0	0	0	0	0	0	0	0	0	0	0	0	0	
1	1	1	476	14.28		300	0	0	0.000154375	0.000154375	-0.000308749	0.0238	0	0	-3.23282e-05	-3.23282e-05	6.46565e-05	82.1684	0	0	1.24167	-6.04232	0	7.28399		300	0.307865	0.000154378	0.000154378	-0.000308756	0.00901848	0	0	0.307865	0	-0.426642	-237.002	0	213.464	213.464	-2.13163e-14	12.4428	0	0	0	0	0	0	0	0	0	0	0	0	0	0	0	0	0	0	0	0	0	0	0	0	0	0	0	0	0	0	0	0	0	
1	1	1	477	14.31		300	0	0	0.000155021	0.000155021	-0.000310042	0.02385	0	0	-3.24416e-05	-3.24416e-05	6.48831e-05	82.2365	0	0	1.24578	-6.04463	0	7.29041		300	0.308381	0.000155024	0.000155024	-0.000310048	0.00905623	0	0	0.308381	0	-0.426642	-237.002	0	213.464	213.464	-2.13163e-14	12.4428	0	0	0	0	0	0	0	0	0	0	0	0	0	0	0	0	0	0	0	0	0	0	0	0	0	0	0	0	0	0	0	0	0	
1	1	1	478	14.34		300	0	0	0.000155667	0.000155667	-0.000311335	0.0239	0	0	-3.25548e-05	-3.25548e-05	6.51096e-05	82.3045	0	0	1.24989	-6.04693	0	7.29682		300	0.308896	0.000155671	0.000155671	-0.000311342	0.009094	0	0	0.308896	0	-0.426642	-237.002	0	213.464	213.464	-2.13163e-14	12.4428	0	0	0	0	0	0	0	0	0	0	0	0	0	0	0	0	0	0	0	0	0	0	0	0	0	0	0	0	0	0	0	0	0	
1	1	1	479	14.37		300	0	0	0.000156315	0.000156315	-0.000312629	0.02395	0	0	-3.2668e-05	-3.2668e-05	6.53361e-05	82.3723	0	0	1.25401	-6.04922	0	7.30323		300	0.309411	0.000156318	0.000156318	-0.000312636	0.0091318	0	0	0.309411	0	-0.426642	-237.002	0	213.464	213.464	-2.13163e-14	12.4428	0	0	0	0	0	0	0	0	0	0	0	0	0	0	0	0	0	0	0	0	0	0	0	0	0	0	0	0	0	0	0	0	0	
1	1	1	480	14.4		300	0	0	0.000156962	0.000156962	-0.000313924	0.024	0	0	-3.27812e-05	-3.27812e-05	6.55624e-05	82.44	0	0	1.25813	-6.05151	0	7.30964		300	0.309926	0.000156965	0.000156965	-0.000313931	0.00916962	0	0	0.309926	0	-0.426642	-237.002	0	213.464	213.464	-2.13163e-14	12.4428	0	0	0	0	0	0	0	0	0	0	0	0	0	0	0	0	0	0	0	0	0	0	0	0	0	0	0	0	0	0	0	0	0	
1	1	1	481	14.43		300	0	0	0.00015761	0.00015761	-0.00031522	0.02405	0	0	-3.28943e-05	-3.28943e-05	6.57887e-05	82.5076	0	0	1.26226	-6.05379	0	7.31605		300	0.31044	0.000157613	0.000157613	-0.000315227	0.00920746	0	0	0.31044	0	-0.426642	-237.002	0	213.464	213.464	-2.13163e-14	12.4428	0	0	0	0	0	0	0	0	0	0	0	0	0	0	0	0	0	0	0	0	0	0	0	0	0	0	0	0	0	0	0	0	0	
1	1	1	482	14.46		300	0	0	0.000158258	0.000158258	-0.000316516	0.0241	0	0	-3.30074e-05	-3.30074e-05	6.60149e-05	82.5751	0	0	1.26638	-6.05606	0	7.32245		300	0.310955	0.000158262	0.000158262	-0.000316523	0.00924532	0	0	0.310955	0	-0.426642	-237.002	0	213.464	213.464	-2.13163e-14	12.4428	0	0	0	0	0	0	0	0	0	0	0	0	0	0	0	0	0	0	0	0	0	0	0	0	0	0	0	0	0	0	0	0	0	
1	1	1	483	14.49		300	0	0	0.000158907	0.000158907	-0.000317813	0.02415	0	0	-3.31205e-05	-3.31205e-05	6.62409e-05	82.6424	0	0	1.27051	-6.05833	0	7.32884		300	0.311468	0.00015891	0.00015891	-0.00031782	0.0092832	0	0	0.311468	0	-0.426642	-237.002	0	213.464	213.464	-2.13163e-14	12.4428	0	0	0	0	0	0	0	0	0	0	0	0	0	0	0	0	0	0	0	0	0	0	0	0	0	0	0	0	0	0	0	0	0	
1	1	1	484	14.52		300	0	0	0.000159556	0.000159556	-0.000319111	0.0242	0	0	-3.32335e-05	-3.32335e-05	6.64669e-05	82.7097	0	0	1.27465	-6.06059	0	7.33524		300	0.311982	0.000159559	0.000159559	-0.000319118	0.00932111	0	0	0.311982	0	-0.426642	-237.002	0	213.464	213.464	-2.13163e-14	12.4428	0	0	0	0	0	0	0	0	0	0	0	0	0	0	0	0	0	0	0	0	0	0	0	0	0	0	0	0	0	0	0	0	0	
1	1	1	485	14.55		300	0	0	0.000160205	0.000160205	-0.00032041	0.02425	0	0	-3.33464e-05	-3.33464e-05	6.66928e-05	82.7768	0	0	1.27878	-6.06284	0	7.34162		300	0.312495	0.000160209	0.000160209	-0.000320417	0.00935904	0	0	0.312495	0	-0.426642	-237.002	0	213.464	213.464	-2.13163e-14	12.4428	0	0	0	0	0	0	0	0	0	0	0	0	0	0	0	0	0	0	0	0	0	0	0	0	0	0	0	0	0	0	0	0	0	
1	1	1	486	14.58		300	0	0	0.000160855	0.000160855	-0.00032171	0.0243	0	0	-3.34593e-05	-3.34593e-05	6.69186e-05	82.8437	0	0	1.28292	-6.06509	0	7.34801		300	0.313008	0.000160858	0.000160858	-0.000321717	0.00939699	0	0	0.313008	0	-0.426642	-237.002	0	213.464	213.464	-2.13163e-14	12.4428	0	0	0	0	0	0	0	0	0	0	0	0	0	0	0	0	0	0	0	0	0	0	0	0	0	0	0	0	0	0	0	0	0	
1	1	1	487	14.61		300	0	0	0.000161505	0.000161505	-0.00032301	0.02435	0	0	-3.35721e-05	-3.35721e-05	6.71443e-05	82.9106	0	0	1.28707	-6.06732	0	7.35439		300	0.313521	0.000161509	0.000161509	-0.000323017	0.00943497	0	0	0.313521	0	-0.426642	-237.002	0	213.464	213.464	-2.13163e-14	12.4428	0	0	0	0	0	0	0	0	0	0	0	0	0	0	0	0	0	0	0	0	0	0	0	0	0	0	0	0	0	0	0	0	0	
1	1	1	488	14.64		300	0	0	0.000162156	0.000162156	-0.000324311	0.0244	0	0	-3.3685e-05	-3.3685e-05	6.73699e-05	82.9773	0	0	1.29122	-6.06955	0	7.36077		300	0.314033	0.000162159	0.000162159	-0.000324318	0.00947297	0	0	0.314033	0	-0.426642	-237.002	0	213.464	213.464	-2.13163e-14	12.4428	0	0	0	0	0	0	0	0	0	0	0	0	0	0	0	0	0	0	0	0	0	0	0	0	0	0	0	0	0	0	0	0	0	
1	1	1	489	14.67		300	0	0	0.000162806	0.000162806	-0.000325613	0.02445	0	0	-3.37977e-05	-3.37977e-05	6.75954e-05	83.0439	0	0	1.29537	-6.07178	0	7.36714		300	0.314545	0.00016281	0.00016281	-0.00032562	0.00951098	0	0	0.314545	0	-0.426642	-237.002	0	213.464	213.464	-2.13163e-14	12.4428	0	0	0	0	0	0	0	0	0	0	0	0	0	0	0	0	0	0	0	0	0	0	0	0	0	0	0	0	0	0	0	0	0	
1	1	1	490	14.7		300	0	0	0.000163458	0.000163458	-0.000326915	0.0245	0	0	-3.39104e-05	-3.39104e-05	6.78208e-05	83.1104	0	0	1.29952	-6.07399	0	7.37351		300	0.315057	0.000163461	0.000163461	-0.000326923	0.00954902	0	0	0.315057	0	-0.426642	-237.002	0	213.464	213.464	-2.13163e-14	12.4428	0	0	0	0	0	0	0	0	0	0	0	0	0	0	0	0	0	0	0	0	0	0	0	0	0	0	0	0	0	0	0	0	0	
1	1	1	491	14.73		300	0	0	0.000164109	0.000164109	-0.000328219	0.02455	0	0	-3.40231e-05	-3.40231e-05	6.80461e-05	83.1768	0	0	1.30368	-6.0762	0	7.37988		300	0.315568	0.000164113	0.000164113	-0.000328226	0.00958708	0	0	0.315568	0	-0.426642	-237.002	0	213.464	213.464	-2.13163e-14	12.4428	0	0	0	0	0	0	0	0	0	0	0	0	0	0	0	0	0	0	0	0	0	0	0	0	0	0	0	0	0	0	0	0	0	
1	1	1	492	14.76		300	0	0	0.000164761	0.000164761	-0.000329523	0.0246	0	0	-3.41357e-05	-3.41357e-05	6.82714e-05	83.243	0	0	1.30784	-6.0784	0	7.38624		300	0.316079	0.000164765	0.000164765	-0.00032953	0.00962517	0	0	0.316079	0	-0.426642	-237.002	0	213.464	213.464	-2.13163e-14	12.4428	0	0	0	0	0	0	0	0	0	0	0	0	0	0	0	0	0	0	0	0	0	0	0	0	0	0	0	0	0	0	0	0	0	
1	1	1	493	14.79		300	0	0	0.000165414	0.000165414	-0.000330827	0.02465	0	0	-3.42482e-05	-3.42482e-05	6.84965e-05	83.3091	0	0	1.312	-6.0806	0	7.3926		300	0.31659	0.000165417	0.000165417	-0.000330835	0.00966327	0	0	0.31659	0	-0.426642	-237.002	0	213.464	213.464	-2.13163e-14	12.4428	0	0	0	0	0	0	0	0	0	0	0	0	0	0	0	0	0	0	0	0	0	0	0	0	0	0	0	0	0	0	0	0	0	
1	1	1	494	14.82		300	0	0	0.000166066	0.000166066	-0.000332133	0.0247	0	0	-3.43608e-05	-3.43608e-05	6.87215e-05	83.3752	0	0	1.31617	-6.08279	0	7.39895		300	0.3171	0.00016607	0.00016607	-0.00033214	0.0097014	0	0	0.3171	0	-0.426642	-237.002	0	213.464	213.464	-2.13163e-14	12.4428	0	0	0	0	0	0	0	0	0	0	0	0	0	0	0	0	0	0	0	0	0	0	0	0	0	0	0	0	0	0	0	0	0	
1	1	1	495	14.85		300	0	0	0.00016672	0.00016672	-0.000333439	0.02475	0	0	-3.44732e-05	-3.44732e-05	6.89464e-05	83.441	0	0	1.32034	-6.08497	0	7.40531		300	0.317611	0.000166723	0.000166723	-0.000333446	0.00973954	0	0	0.317611	0	-0.426642	-237.002	0	213.464	213.464	-2.13163e-14	12.4428	0	0	0	0	0	0	0	0	0	0	0	0	0	0	0	0	0	0	0	0	0	0	0	0	0	0	0	0	0	0	0	0	0	
1	1	1	496	14.88		300	0	0	0.000167373	0.000167373	-0.000334746	0.0248	0	0	-3.45856e-05	-3.45856e-05	6.91713e-05	83.5068	0	0	1.32451	-6.08714	0	7.41165		300	0.318121	0.000167377	0.000167377	-0.000334753	0.00977771	0	0	0.318121	0	-0.426642	-237.002	0	213.464	213.464	-2.13163e-14	12.4428	0	0	0	0	0	0	0	0	0	0	0	0	0	0	0	0	0	0	0	0	0	0	0	0	0	0	0	0	0	0	0	0	0	
1	1	1	497	14.91		300	0	0	0.000168027	0.000168027	-0.000336054	0.02485	0	0	-3.4698e-05	-3.4698e-05	6.9396e-05	83.5725	0	0	1.32869	-6.08931	0	7.418		300	0.31863	0.00016803	0.00016803	-0.000336061	0.0098159	0	0	0.31863	0	-0.426642	-237.002	0	213.464	213.464	-2.13163e-14	12.4428	0	0	0	0	0	0	0	0	0	0	0	0	0	0	0	0	0	0	0	0	0	0	0	0	0	0	0	0	0	0	0	0	0	
1	1	1	498	14.94		300	0	0	0.000168681	0.000168681	-0.000337362	0.0249	0	0	-3.48103e-05	-3.48103e-05	6.96206e-05	83.638	0	0	1.33287	-6.09147	0	7.42434		300	0.319139	0.000168685	0.000168685	-0.000337369	0.00985411	0	0	0.319139	0	-0.426642	-237.002	0	213.464	213.464	-2.13163e-14	12.4428	0	0	0	0	0	0	0	0	0	0	0	0	0	0	0	0	0	0	0	0	0	0	0	0	0	0	0	0	0	0	0	0	0	
1	1	1	499	14.97		300	0	0	0.000169335	0.000169335	-0.000338671	0.02495	0	0	-3.49226e-05	-3.49226e-05	6.98452e-05	83.7035	0	0	1.33705	-6.09362	0	7.43067		300	0.319648	0.000169339	0.000169339	-0.000338678	0.00989234	0	0	0.319648	0	-0.426642	-237.002	0	213.464	213.464	-2.13163e-14	12.4428	0	0	0	0	0	0	0	0	0	0	0	0	0	0	0	0	0	0	0	0	0	0	0	0	0	0	0	0	0	0	0	0	0	
1	1	1	500	15		300	0	0	0.00016999	0.00016999	-0.000339981	0.025	0	0	-3.50348e-05	-3.50348e-05	7.00696e-05	83.7688	0	0	1.34124	-6.09577	0	7.43701		300	0.320157	0.000169994	0.000169994	-0.000339988	0.00993059	0	0	0.320157	0	-0.426642	-237.002	0	213.464	213.464	-2.13163e-14	12.4428	0	0	0	0	0	0	0	0	0	0	0	0	0	0	0	0	0	0	0	0	0	0	0	0	0	0	0	0	0	0	0	0	0	
1	1	1	501	15.03		300	0	0	0.000170645	0.000170645	-0.000341291	0.02505	0	0	-3.5147e-05	-3.5147e-05	7.02939e-05	83.834	0	0	1.34543	-6.09791	0	7.44334		300	0.320666	0.000170649	0.000170649	-0.000341298	0.00996886	0	0	0.320666	0	-0.426642	-237.002	0	213.464	213.464	-2.13163e-14	12.4428	0	0	0	0	0	0	0	0	0	0	0	0	0	0	0	0	0	0	0	0	0	0	0	0	0	0	0	0	0	0	0	0	0	
1	1	1	502	15.06		300	0	0	0.000171301	0.000171301	-0.000342602	0.0251	0	0	-3.52591e-05	-3.52591e-05	7.05182e-05	83.8991	0	0	1.34962	-6.10004	0	7.44966		300	0.321174	0.000171305	0.000171305	-0.00034261	0.0100071	0	0	0.321174	0	-0.426642	-237.002	0	213.464	213.464	-2.13163e-14	12.4428	0	0	0	0	0	0	0	0	0	0	0	0	0	0	0	0	0	0	0	0	0	0	0	0	0	0	0	0	0	0	0	0	0	
1	1	1	503	15.09		300	0	0	0.000171957	0.000171957	-0.000343914	0.02515	0	0	-3.53711e-05	-3.53711e-05	7.07423e-05	83.964	0	0	1.35382	-6.10216	0	7.45598		300	0.321682	0.000171961	0.000171961	-0.000343921	0.0100455	0	0	0.321682	0	-0.426642	-237.002	0	213.464	213.464	-2.13163e-14	12.4428	0	0	0	0	0	0	0	0	0	0	0	0	0	0	0	0	0	0	0	0	0	0	0	0	0	0	0	0	0	0	0	0	0	
1	1	1	504	15.12		300	0	0	0.000172613	0.000172613	-0.000345226	0.0252	0	0	-3.54832e-05	-3.54832e-05	7.09663e-05	84.0289	0	0	1.35802	-6.10428	0	7.4623		300	0.322189	0.000172617	0.000172617	-0.000345234	0.0100838	0	0	0.322189	0	-0.426642	-237.002	0	213.464	213.464	-2.13163e-14	12.4428	0	0	0	0	0	0	0	0	0	0	0	0	0	0	0	0	0	0	0	0	0	0	0	0	0	0	0	0	0	0	0	0	0	
1	1	1	505	15.15		300	0	0	0.00017327	0.00017327	-0.00034654	0.02525	0	0	-3.55951e-05	-3.55951e-05	7.11903e-05	84.0936	0	0	1.36222	-6.10639	0	7.46862		300	0.322696	0.000173274	0.000173274	-0.000346547	0.0101221	0	0	0.322696	0	-0.426642	-237.002	0	213.464	213.464	-2.13163e-14	12.4428	0	0	0	0	0	0	0	0	0	0	0	0	0	0	0	0	0	0	0	0	0	0	0	0	0	0	0	0	0	0	0	0	0	
1	1	1	506	15.18		300	0	0	0.000173927	0.000173927	-0.000347853	0.0253	0	0	-3.5707e-05	-3.5707e-05	7.14141e-05	84.1583	0	0	1.36643	-6.1085	0	7.47493		300	0.323203	0.00017393	0.00017393	-0.000347861	0.0101605	0	0	0.323203	0	-0.426642	-237.002	0	213.464	213.464	-2.13163e-14	12.4428	0	0	0	0	0	0	0	0	0	0	0	0	0	0	0	0	0	0	0	0	0	0	0	0	0	0	0	0	0	0	0	0	0	
1	1	1	507	15.21		300	0	0	0.000174584	0.000174584	-0.000349168	0.02535	0	0	-3.58189e-05	-3.58189e-05	7.16378e-05	84.2228	0	0	1.37064	-6.1106	0	7.48123		300	0.32371	0.000174588	0.000174588	-0.000349176	0.0101989	0	0	0.32371	0	-0.426642	-237.002	0	213.464	213.464	-2.13163e-14	12.4428	0	0	0	0	0	0	0	0	0	0	0	0	0	0	0	0	0	0	0	0	0	0	0	0	0	0	0	0	0	0	0	0	0	
1	1	1	508	15.24		300	0	0	0.000175242	0.000175242	-0.000350483	0.0254	0	0	-3.59307e-05	-3.59307e-05	7.18614e-05	84.2872	0	0	1.37485	-6.11269	0	7.48754		300	0.324216	0.000175245	0.000175245	-0.000350491	0.0102373	0	0	0.324216	0	-0.426642	-237.002	0	213.464	213.464	-2.13163e-14	12.4428	0	0	0	0	0	0	0	0	0	0	0	0	0	0	0	0	0	0	0	0	0	0	0	0	0	0	0	0	0	0	0	0	0	
1	1	1	509	15.27		300	0	0	0.0001759	0.0001759	-0.000351799	0.02545	0	0	-3.60425e-05	-3.60425e-05	7.20849e-05	84.3515	0	0	1.37907	-6.11477	0	7.49384		300	0.324722	0.000175903	0.000175903	-0.000351807	0.0102757	0	0	0.324722	0	-0.426642	-237.002	0	213.464	213.464	-2.13163e-14	12.4428	0	0	0	0	0	0	0	0	0	0	0	0	0	0	0	0	0	0	0	0	0	0	0	0	0	0	0	0	0	0	0	0	0	
1	1	1	510	15.3		300	0	0	0.000176558	0.000176558	-0.000353116	0.0255	0	0	-3.61542e-05	-3.61542e-05	7.23084e-05	84.4158	0	0	1.38329	-6.11685	0	7.50014		300	0.325228	0.000176562	0.000176562	-0.000353123	0.0103142	0	0	0.325228	0	-0.426642	-237.002	0	213.464	213.464	-2.13163e-14	12.4428	0	0	0	0	0	0	0	0	0	0	0	0	0	0	0	0	0	0	0	0	0	0	0	0	0	0	0	0	0	0	0	0	0	
1	1	1	511	15.33		300	0	0	0.000177216	0.000177216	-0.000354433	0.02555	0	0	-3.62658e-05	-3.62658e-05	7.25317e-05	84.4798	0	0	1.38751	-6.11892	0	7.50643		300	0.325734	0.00017722	0.00017722	-0.000354441	0.0103527	0	0	0.325734	0	-0.426642	-237.002	0	213.464	213.464	-2.13163e-14	12.4428	0	0	0	0	0	0	0	0	0	0	0	0	0	0	0	0	0	0	0	0	0	0	0	0	0	0	0	0	0	0	0	0	0	
1	1	1	512	15.36		300	0	0	0.000177875	0.000177875	-0.000355751	0.0256	0	0	-3.63774e-05	-3.63774e-05	7.27549e-05	84.5438	0	0	1.39173	-6.12098	0	7.51272		300	0.326239	0.000177879	0.000177879	-0.000355758	0.0103912	0	0	0.326239	0	-0.426642	-237.002	0	213.464	213.464	-2.13163e-14	12.4428	0	0	0	0	0	0	0	0	0	0	0	0	0	0	0	0	0	0	0	0	0	0	0	0	0	0	0	0	0	0	0	0	0	
1	1	1	513	15.39		300	0	0	0.000178535	0.000178535	-0.000357069	0.02565	0	0	-3.6489e-05	-3.6489e-05	7.2978e-05	84.6077	0	0	1.39596	-6.12304	0	7.519		300	0.326744	0.000178539	0.000178539	-0.000357077	0.0104297	0	0	0.326744	0	-0.426642	-237.002	0	213.464	213.464	-2.13163e-14	12.4428	0	0	0	0	0	0	0	0	0	0	0	0	0	0	0	0	0	0	0	0	0	0	0	0	0	0	0	0	0	0	0	0	0	
1	1	1	514	15.42		300	0	0	0.000179194	0.000179194	-0.000358389	0.0257	0	0	-3.66005e-05	-3.66005e-05	7.3201e-05	84.6715	0	0	1.4002	-6.12509	0	7.52529		300	0.327249	0.000179198	0.000179198	-0.000358396	0.0104682	0	0	0.327249	0	-0.426642	-237.002	0	213.464	213.464	-2.13163e-14	12.4428	0	0	0	0	0	0	0	0	0	0	0	0	0	0	0	0	0	0	0	0	0	0	0	0	0	0	0	0	0	0	0	0	0	
1	1	1	515	15.45		300	0	0	0.000179854	0.000179854	-0.000359708	0.02575	0	0	-3.67119e-05	-3.67119e-05	7.34239e-05	84.7352	0	0	1.40443	-6.12713	0	7.53157		300	0.327753	0.000179858	0.000179858	-0.000359716	0.0105067	0	0	0.327753	0	-0.426642	-237.002	0	213.464	213.464	-2.13163e-14	12.4428	0	0	0	0	0	0	0	0	0	0	0	0	0	0	0	0	0	0	0	0	0	0	0	0	0	0	0	0	0	0	0	0	0	
1	1	1	516	15.48		300	0	0	0.000180514	0.000180514	-0.000361029	0.0258	0	0	-3.68233e-05	-3.68233e-05	7.36466e-05	84.7987	0	0	1.40867	-6.12917	0	7.53784		300	0.328257	0.000180518	0.000180518	-0.000361037	0.0105453	0	0	0.328257	0	-0.426642	-237.002	0	213.464	213.464	-2.13163e-14	12.4428	0	0	0	0	0	0	0	0	0	0	0	0	0	0	0	0	0	0	0	0	0	0	0	0	0	0	0	0	0	0	0	0	0	
1	1	1	517	15.51		300	0	0	0.000181175	0.000181175	-0.00036235	0.02585	0	0	-3.69347e-05	-3.69347e-05	7.38693e-05	84.8622	0	0	1.41291	-6.1312	0	7.54411		300	0.328761	0.000181179	0.000181179	-0.000362358	0.0105839	0	0	0.328761	0	-0.426642	-237.002	0	213.464	213.464	-2.13163e-14	12.4428	0	0	0	0	0	0	0	0	0	0	0	0	0	0	0	0	0	0	0	0	0	0	0	0	0	0	0	0	0	0	0	0	0	
1	1	1	518	15.54		300	0	0	0.000181836	0.000181836	-0.000363672	0.0259	0	0	-3.70459e-05	-3.70459e-05	7.40919e-05	84.9255	0	0	1.41715	-6.13323	0	7.55038		300	0.329264	0.00018184	0.00018184	-0.00036368	0.0106225	0	0	0.329264	0	-0.426642	-237.002	0	213.464	213.464	-2.13163e-14	12.4428	0	0	0	0	0	0	0	0	0	0	0	0	0	0	0	0	0	0	0	0	0	0	0	0	0	0	0	0	0	0	0	0	0	
1	1	1	519	15.57		300	0	0	0.000182497	0.000182497	-0.000364994	0.02595	0	0	-3.71572e-05	-3.71572e-05	7.43144e-05	84.9888	0	0	1.4214	-6.13524	0	7.55665		300	0.329768	0.000182501	0.000182501	-0.000365002	0.0106611	0	0	0.329768	0	-0.426642	-237.002	0	213.464	213.464	-2.13163e-14	12.4428	0	0	0	0	0	0	0	0	0	0	0	0	0	0	0	0	0	0	0	0	0	0	0	0	0	0	0	0	0	0	0	0	0	
1	1	1	520	15.6		300	0	0	0.000183159	0.000183159	-0.000366317	0.026	0	0	-3.72684e-05	-3.72684e-05	7.45367e-05	85.0519	0	0	1.42565	-6.13725	0	7.56291		300	0.330271	0.000183163	0.000183163	-0.000366325	0.0106998	0	0	0.330271	0	-0.426642	-237.002	0	213.464	213.464	-2.13163e-14	12.4428	0	0	0	0	0	0	0	0	0	0	0	0	0	0	0	0	0	0	0	0	0	0	0	0	0	0	0	0	0	0	0	0	0	
1	1	1	521	15.63		300	0	0	0.000183821	0.000183821	-0.000367641	0.02605	0	0	-3.73795e-05	-3.73795e-05	7.4759e-05	85.115	0	0	1.42991	-6.13926	0	7.56916		300	0.330773	0.000183824	0.000183824	-0.000367649	0.0107384	0	0	0.330773	0	-0.426642	-237.002	0	213.464	213.464	-2.13163e-14	12.4428	0	0	0	0	0	0	0	0	0	0	0	0	0	0	0	0	0	0	0	0	0	0	0	0	0	0	0	0	0	0	0	0	0	
1	1	1	522	15.66		300	0	0	0.000184483	0.000184483	-0.000368965	0.0261	0	0	-3.74906e-05	-3.74906e-05	7.49811e-05	85.1779	0	0	1.43417	-6.14125	0	7.57542		300	0.331276	0.000184487	0.000184487	-0.000368973	0.0107771	0	0	0.331276	0	-0.426642	-237.002	0	213.464	213.464	-2.13163e-14	12.4428	0	0	0	0	0	0	0	0	0	0	0	0	0	0	0	0	0	0	0	0	0	0	0	0	0	0	0	0	0	0	0	0	0	
1	1	1	523	15.69		300	0	0	0.000185145	0.000185145	-0.00037029	0.02615	0	0	-3.76016e-05	-3.76016e-05	7.52032e-05	85.2408	0	0	1.43843	-6.14324	0	7.58167		300	0.331778	0.000185149	0.000185149	-0.000370298	0.0108158	0	0	0.331778	0	-0.426642	-237.002	0	213.464	213.464	-2.13163e-14	12.4428	0	0	0	0	0	0	0	0	0	0	0	0	0	0	0	0	0	0	0	0	0	0	0	0	0	0	0	0	0	0	0	0	0	
1	1	1	524	15.72		300	0	0	0.000185808	0.000185808	-0.000371616	0.0262	0	0	-3.77125e-05	-3.77125e-05	7.54251e-05	85.3035	0	0	1.44269	-6.14523	0	7.58792		300	0.33228	0.000185812	0.000185812	-0.000371624	0.0108545	0	0	0.33228	0	-0.426642	-237.002	0	213.464	213.464	-2.13163e-14	12.4428	0	0	0	0	0	0	0	0	0	0	0	0	0	0	0	0	0	0	0	0	0	0	0	0	0	0	0	0	0	0	0	0	0	
1	1	1	525	15.75		300	0	0	0.000186471	0.000186471	-0.000372942	0.02625	0	0	-3.78235e-05	-3.78235e-05	7.56469e-05	85.3661	0	0	1.44696	-6.1472	0	7.59416		300	0.332781	0.000186475	0.000186475	-0.00037295	0.0108932	0	0	0.332781	0	-0.426642	-237.002	0	213.464	213.464	-2.13163e-14	12.4428	0	0	0	0	0	0	0	0	0	0	0	0	0	0	0	0	0	0	0	0	0	0	0	0	0	0	0	0	0	0	0	0	0	
1	1	1	526	15.78		300	0	0	0.000187134	0.000187134	-0.000374269	0.0263	0	0	-3.79343e-05	-3.79343e-05	7.58686e-05	85.4287	0	0	1.45123	-6.14918	0	7.6004		300	0.333283	0.000187138	0.000187138	-0.000374277	0.010932	0	0	0.333283	0	-0.426642	-237.002	0	213.464	213.464	-2.13163e-14	12.4428	0	0	0	0	0	0	0	0	0	0	0	0	0	0	0	0	0	0	0	0	0	0	0	0	0	0	0	0	0	0	0	0	0	
1	1	1	527	15.81		300	0	0	0.000187798	0.000187798	-0.000375596	0.02635	0	0	-3.80451e-05	-3.80451e-05	7.60902e-05	85.4911	0	0	1.4555	-6.15114	0	7.60664		300	0.333784	0.000187802	0.000187802	-0.000375604	0.0109708	0	0	0.333784	0	-0.426642	-237.002	0	213.464	213.464	-2.13163e-14	12.4428	0	0	0	0	0	0	0	0	0	0	0	0	0	0	0	0	0	0	0	0	0	0	0	0	0	0	0	0	0	0	0	0	0	
1	1	1	528	15.84		300	0	0	0.000188462	0.000188462	-0.000376924	0.0264	0	0	-3.81559e-05	-3.81559e-05	7.63117e-05	85.5534	0	0	1.45978	-6.1531	0	7.61287		300	0.334284	0.000188466	0.000188466	-0.000376932	0.0110095	0	0	0.334284	0	-0.426642	-237.002	0	213.464	213.464	-2.13163e-14	12.4428	0	0	0	0	0	0	0	0	0	0	0	0	0	0	0	0	0	0	0	0	0	0	0	0	0	0	0	0	0	0	0	0	0	
1	1	1	529	15.87		300	0	0	0.000189126	0.000189126	-0.000378253	0.02645	0	0	-3.82666e-05	-3.82666e-05	7.65331e-05	85.6157	0	0	1.46405	-6.15505	0	7.6191		300	0.334785	0.00018913	0.00018913	-0.000378261	0.0110483	0	0	0.334785	0	-0.426642	-237.002	0	213.464	213.464	-2.13163e-14	12.4428	0	0	0	0	0	0	0	0	0	0	0	0	0	0	0	0	0	0	0	0	0	0	0	0	0	0	0	0	0	0	0	0	0	
1	1	1	530	15.9		300	0	0	0.000189791	0.000189791	-0.000379582	0.0265	0	0	-3.83772e-05	-3.83772e-05	7.67544e-05	85.6778	0	0	1.46834	-6.15699	0	7.62533		300	0.335285	0.000189795	0.000189795	-0.00037959	0.0110872	0	0	0.335285	0	-0.426642	-237.002	0	213.464	213.464	-2.13163e-14	12.4428	0	0	0	0	0	0	0	0	0	0	0	0	0	0	0	0	0	0	0	0	0	0	0	0	0	0	0	0	0	0	0	0	0	
1	1	1	531	15.93		300	0	0	0.000190456	0.000190456	-0.000380912	0.02655	0	0	-3.84878e-05	-3.84878e-05	7.69756e-05	85.7399	0	0	1.47262	-6.15893	0	7.63155		300	0.335785	0.00019046	0.00019046	-0.00038092	0.011126	0	0	0.335785	0	-0.426642	-237.002	0	213.464	213.464	-2.13163e-14	12.4428	0	0	0	0	0	0	0	0	0	0	0	0	0	0	0	0	0	0	0	0	0	0	0	0	0	0	0	0	0	0	0	0	0	
1	1	1	532	15.96		300	0	0	0.000191121	0.000191121	-0.000382242	0.0266	0	0	-3.85983e-05	-3.85983e-05	7.71966e-05	85.8018	0	0	1.47691	-6.16086	0	7.63777		300	0.336285	0.000191125	0.000191125	-0.00038225	0.0111649	0	0	0.336285	0	-0.426642	-237.002	0	213.464	213.464	-2.13163e-14	12.4428	0	0	0	0	0	0	0	0	0	0	0	0	0	0	0	0	0	0	0	0	0	0	0	0	0	0	0	0	0	0	0	0	0	
1	1	1	533	15.99		300	0	0	0.000191787	0.000191787	-0.000383573	0.02665	0	0	-3.87088e-05	-3.87088e-05	7.74176e-05	85.8637	0	0	1.4812	-6.16279	0	7.64399		300	0.336784	0.000191791	0.000191791	-0.000383582	0.0112037	0	0	0.336784	0	-0.426642	-237.002	0	213.464	213.464	-2.13163e-14	12.4428	0	0	0	0	0	0	0	0	0	0	0	0	0	0	0	0	0	0	0	0	0	0	0	0	0	0	0	0	0	0	0	0	0	
1	1	1	534	16.02		300	0	0	0.000192453	0.000192453	-0.000384905	0.0267	0	0	-3.88192e-05	-3.88192e-05	7.76384e-05	85.9254	0	0	1.4855	-6.16471	0	7.6502		300	0.337283	0.000192457	0.000192457	-0.000384913	0.0112426	0	0	0.337283	0	-0.426642	-237.002	0	213.464	213.464	-2.13163e-14	12.4428	0	0	0	0	0	0	0	0	0	0	0	0	0	0	0	0	0	0	0	0	0	0	0	0	0	0	0	0	0	0	0	0	0	
1	1	1	535	16.05		300	0	0	0.000193119	0.000193119	-0.000386237	0.02675	0	0	-3.89296e-05	-3.89296e-05	7.78591e-05	85.9871	0	0	1.48979	-6.16662	0	7.65641		300	0.337782	0.000193123	0.000193123	-0.000386245	0.0112815	0	0	0.337782	0	-0.426642	-237.002	0	213.464	213.464	-2.13163e-14	12.4428	0	0	0	0	0	0	0	0	0	0	0	0	0	0	0	0	0	0	0	0	0	0	0	0	0	0	0	0	0	0	0	0	0	
1	1	1	536	16.08		300	0	0	0.000193785	0.000193785	-0.00038757	0.0268	0	0	-3.90399e-05	-3.90399e-05	7.80797e-05	86.0486	0	0	1.4941	-6.16852	0	7.66262		300	0.33828	0.000193789	0.000193789	-0.000387578	0.0113205	0	0	0.33828	0	-0.426642	-237.002	0	213.464	213.464	-2.13163e-14	12.4428	0	0	0	0	0	0	0	0	0	0	0	0	0	0	0	0	0	0	0	0	0	0	0	0	0	0	0	0	0	0	0	0	0	
1	1	1	537	16.11		300	0	0	0.000194452	0.000194452	-0.000388903	0.02685	0	0	-3.91501e-05	-3.91501e-05	7.83002e-05	86.1101	0	0	1.4984	-6.17042	0	7.66882		300	0.338779	0.000194456	0.000194456	-0.000388912	0.0113594	0	0	0.338779	0	-0.426642	-237.002	0	213.464	213.464	-2.13163e-14	12.4428	0	0	0	0	0	0	0	0	0	0	0	0	0	0	0	0	0	0	0	0	0	0	0	0	0	0	0	0	0	0	0	0	0	
1	1	1	538	16.14		300	0	0	0.000195119	0.000195119	-0.000390237	0.0269	0	0	-3.92603e-05	-3.92603e-05	7.85206e-05	86.1715	0	0	1.50271	-6.17231	0	7.67502		300	0.339277	0.000195123	0.000195123	-0.000390246	0.0113984	0	0	0.339277	0	-0.426642	-237.002	0	213.464	213.464	-2.13163e-14	12.4428	0	0	0	0	0	0	0	0	0	0	0	0	0	0	0	0	0	0	0	0	0	0	0	0	0	0	0	0	0	0	0	0	0	
1	1	1	539	16.17		300	0	0	0.000195786	0.000195786	-0.000391572	0.02695	0	0	-3.93705e-05	-3.93705e-05	7.87409e-05	86.2328	0	0	1.50702	-6.1742	0	7.68122		300	0.339774	0.00019579	0.00019579	-0.00039158	0.0114373	0	0	0.339774	0	-0.426642	-237.002	0	213.464	213.464	-2.13163e-14	12.4428	0	0	0	0	0	0	0	0	0	0	0	0	0	0	0	0	0	0	0	0	0	0	0	0	0	0	0	0	0	0	0	0	0	
1	1	1	540	16.2		300	0	0	0.000196454	0.000196454	-0.000392907	0.027	0	0	-3.94805e-05	-3.94805e-05	7.89611e-05	86.2939	0	0	1.51133	-6.17608	0	7.68741		300	0.340272	0.000196458	0.000196458	-0.000392915	0.0114763	0	0	0.340272	0	-0.426642	-237.002	0	213.464	213.464	-2.13163e-14	12.4428	0	0	0	0	0	0	0	0	0	0	0	0	0	0	0	0	0	0	0	0	0	0	0	0	0	0	0	0	0	0	0	0	0	
1	1	1	541	16.23		300	0	0	0.000197121	0.000197121	-0.000394243	0.02705	0	0	-3.95906e-05	-3.95906e-05	7.91811e-05	86.355	0	0	1.51565	-6.17795	0	7.6936		300	0.340769	0.000197126	0.000197126	-0.000394251	0.0115153	0	0	0.340769	0	-0.426642	-237.002	0	213.464	213.464	-2.13163e-14	12.4428	0	0	0	0	0	0	0	0	0	0	0	0	0	0	0	0	0	0	0	0	0	0	0	0	0	0	0	0	0	0	0	0	0	
1	1	1	542	16.26		300	0	0	0.000197789	0.000197789	-0.000395579	0.0271	0	0	-3.97005e-05	-3.97005e-05	7.94011e-05	86.416	0	0	1.51997	-6.17982	0	7.69979		300	0.341266	0.000197794	0.000197794	-0.000395587	0.0115544	0	0	0.341266	0	-0.426642	-237.002	0	213.464	213.464	-2.13163e-14	12.4428	0	0	0	0	0	0	0	0	0	0	0	0	0	0	0	0	0	0	0	0	0	0	0	0	0	0	0	0	0	0	0	0	0	
1	1	1	543	16.29		300	0	0	0.000198458	0.000198458	-0.000396916	0.02715	0	0	-3.98105e-05	-3.98105e-05	7.96209e-05	86.4769	0	0	1.52429	-6.18168	0	7.70597		300	0.341763	0.000198462	0.000198462	-0.000396924	0.0115934	0	0	0.341763	0	-0.426642	-237.002	0	213.464	213.464	-2.13163e-14	12.4428	0	0	0	0	0	0	0	0	0	0	0	0	0	0	0	0	0	0	0	0	0	0	0	0	0	0	0	0	0	0	0	0	0	
1	1	1	544	16.32		300	0	0	0.000199127	0.000199127	-0.000398253	0.0272	0	0	-3.99203e-05	-3.99203e-05	7.98406e-05	86.5378	0	0	1.52861	-6.18354	0	7.71215		300	0.342259	0.000199131	0.000199131	-0.000398262	0.0116325	0	0	0.342259	0	-0.426642	-237.002	0	213.464	213.464	-2.13163e-14	12.4428	0	0	0	0	0	0	0	0	0	0	0	0	0	0	0	0	0	0	0	0	0	0	0	0	0	0	0	0	0	0	0	0	0	
1	1	1	545	16.35		300	0	0	0.000199796	0.000199796	-0.000399591	0.02725	0	0	-4.00301e-05	-4.00301e-05	8.00602e-05	86.5985	0	0	1.53294	-6.18539	0	7.71833		300	0.342755	0.0001998	0.0001998	-0.000399599	0.0116715	0	0	0.342755	0	-0.426642	-237.002	0	213.464	213.464	-2.13163e-14	12.4428	0	0	0	0	0	0	0	0	0	0	0	0	0	0	0	0	0	0	0	0	0	0	0	0	0	0	0	0	0	0	0	0	0	
1	1	1	546	16.38		300	0	0	0.000200465	0.000200465	-0.00040093	0.0273	0	0	-4.01399e-05	-4.01399e-05	8.02797e-05	86.6591	0	0	1.53727	-6.18723	0	7.7245		300	0.343251	0.000200469	0.000200469	-0.000400938	0.0117106	0	0	0.343251	0	-0.426642	-237.002	0	213.464	213.464	-2.13163e-14	12.4428	0	0	0	0	0	0	0	0	0	0	0	0	0	0	0	0	0	0	0	0	0	0	0	0	0	0	0	0	0	0	0	0	0	
1	1	1	547	16.41		300	0	0	0.000201134	0.000201134	-0.000402269	0.02735	0	0	-4.02496e-05	-4.02496e-05	8.04991e-05	86.7197	0	0	1.54161	-6.18906	0	7.73067		300	0.343747	0.000201139	0.000201139	-0.000402277	0.0117497	0	0	0.343747	0	-0.426642	-237.002	0	213.464	213.464	-2.13163e-14	12.4428	0	0	0	0	0	0	0	0	0	0	0	0	0	0	0	0	0	0	0	0	0	0	0	0	0	0	0	0	0	0	0	0	0	
1	1	1	548	16.44		300	0	0	0.000201804	0.000201804	-0.000403608	0.0274	0	0	-4.03592e-05	-4.03592e-05	8.07184e-05	86.7801	0	0	1.54594	-6.19089	0	7.73684		300	0.344242	0.000201808	0.000201808	-0.000403617	0.0117889	0	0	0.344242	0	-0.426642	-237.002	0	213.464	213.464	-2.13163e-14	12.4428	0	0	0	0	0	0	0	0	0	0	0	0	0	0	0	0	0	0	0	0	0	0	0	0	0	0	0	0	0	0	0	0	0	
1	1	1	549	16.47		300	0	0	0.000202474	0.000202474	-0.000404948	0.02745	0	0	-4.04688e-05	-4.04688e-05	8.09375e-05	86.8405	0	0	1.55029	-6.19272	0	7.743		300	0.344737	0.000202478	0.000202478	-0.000404957	0.011828	0	0	0.344737	0	-0.426642	-237.002	0	213.464	213.464	-2.13163e-14	12.4428	0	0	0	0	0	0	0	0	0	0	0	0	0	0	0	0	0	0	0	0	0	0	0	0	0	0	0	0	0	0	0	0	0	
1	1	1	550	16.5		300	0	0	0.000203145	0.000203145	-0.000406289	0.0275	0	0	-4.05783e-05	-4.05783e-05	8.11566e-05	86.9007	0	0	1.55463	-6.19453	0	7.74916		300	0.345232	0.000203149	0.000203149	-0.000406298	0.0118672	0	0	0.345232	0	-0.426642	-237.002	0	213.464	213.464	-2.13163e-14	12.4428	0	0	0	0	0	0	0	0	0	0	0	0	0	0	0	0	0	0	0	0	0	0	0	0	0	0	0	0	0	0	0	0	0	
1	1	1	551	16.53		300	0	0	0.000203815	0.000203815	-0.00040763	0.02755	0	0	-4.06877e-05	-4.06877e-05	8.13755e-05	86.9609	0	0	1.55898	-6.19634	0	7.75532		300	0.345727	0.000203819	0.000203819	-0.000407639	0.0119063	0	0	0.345727	0	-0.426642	-237.002	0	213.464	213.464	-2.13163e-14	12.4428	0	0	0	0	0	0	0	0	0	0	0	0	0	0	0	0	0	0	0	0	0	0	0	0	0	0	0	0	0	0	0	0	0	
1	1	1	552	16.56		300	0	0	0.000204486	0.000204486	-0.000408972	0.0276	0	0	-4.07971e-05	-4.07971e-05	8.15943e-05	87.021	0	0	1.56333	-6.19815	0	7.76147		300	0.346221	0.00020449	0.00020449	-0.000408981	0.0119455	0	0	0.346221	0	-0.426642	-237.002	0	213.464	213.464	-2.13163e-14	12.4428	0	0	0	0	0	0	0	0	0	0	0	0	0	0	0	0	0	0	0	0	0	0	0	0	0	0	0	0	0	0	0	0	0	
1	1	1	553	16.59		300	0	0	0.000205157	0.000205157	-0.000410315	0.02765	0	0	-4.09065e-05	-4.09065e-05	8.1813e-05	87.081	0	0	1.56768	-6.19994	0	7.76762		300	0.346715	0.000205162	0.000205162	-0.000410323	0.0119847	0	0	0.346715	0	-0.426642	-237.002	0	213.464	213.464	-2.13163e-14	12.4428	0	0	0	0	0	0	0	0	0	0	0	0	0	0	0	0	0	0	0	0	0	0	0	0	0	0	0	0	0	0	0	0	0	
1	1	1	554	16.62		300	0	0	0.000205829	0.000205829	-0.000411657	0.0277	0	0	-4.10158e-05	-4.10158e-05	8.20316e-05	87.141	0	0	1.57203	-6.20174	0	7.77377		300	0.347209	0.000205833	0.000205833	-0.000411666	0.012024	0	0	0.347209	0	-0.426642	-237.002	0	213.464	213.464	-2.13163e-14	12.4428	0	0	0	0	0	0	0	0	0	0	0	0	0	0	0	0	0	0	0	0	0	0	0	0	0	0	0	0	0	0	0	0	0	
1	1	1	555	16.65		300	0	0	0.0002065	0.0002065	-0.000413001	0.02775	0	0	-4.1125e-05	-4.1125e-05	8.225e-05	87.2008	0	0	1.57639	-6.20352	0	7.77991		300	0.347702	0.000206505	0.000206505	-0.000413009	0.0120632	0	0	0.347702	0	-0.426642	-237.002	0	213.464	213.464	-2.13163e-14	12.4428	0	0	0	0	0	0	0	0	0	0	0	0	0	0	0	0	0	0	0	0	0	0	0	0	0	0	0	0	0	0	0	0	0	
1	1	1	556	16.68		300	0	0	0.000207172	0.000207172	-0.000414345	0.0278	0	0	-4.12342e-05	-4.12342e-05	8.24684e-05	87.2605	0	0	1.58075	-6.2053	0	7.78605		300	0.348196	0.000207177	0.000207177	-0.000414353	0.0121024	0	0	0.348196	0	-0.426642	-237.002	0	213.464	213.464	-2.13163e-14	12.4428	0	0	0	0	0	0	0	0	0	0	0	0	0	0	0	0	0	0	0	0	0	0	0	0	0	0	0	0	0	0	0	0	0	
1	1	1	557	16.71		300	0	0	0.000207845	0.000207845	-0.000415689	0.02785	0	0	-4.13433e-05	-4.13433e-05	8.26866e-05	87.3202	0	0	1.58512	-6.20707	0	7.79219		300	0.348689	0.000207849	0.000207849	-0.000415698	0.0121417	0	0	0.348689	0	-0.426642	-237.002	0	213.464	213.464	-2.13163e-14	12.4428	0	0	0	0	0	0	0	0	0	0	0	0	0	0	0	0	0	0	0	0	0	0	0	0	0	0	0	0	0	0	0	0	0	
1	1	1	558	16.74		300	0	0	0.000208517	0.000208517	-0.000417034	0.0279	0	0	-4.14524e-05	-4.14524e-05	8.29047e-05	87.3798	0	0	1.58949	-6.20884	0	7.79833		300	0.349182	0.000208521	0.000208521	-0.000417043	0.012181	0	0	0.349182	0	-0.426642	-237.002	0	213.464	213.464	-2.13163e-14	12.4428	0	0	0	0	0	0	0	0	0	0	0	0	0	0	0	0	0	0	0	0	0	0	0	0	0	0	0	0	0	0	0	0	0	
1	1	1	559	16.77		300	0	0	0.00020919	0.00020919	-0.00041838	0.02795	0	0	-4.15614e-05	-4.15614e-05	8.31227e-05	87.4393	0	0	1.59386	-6.2106	0	7.80446		300	0.349674	0.000209194	0.000209194	-0.000418388	0.0122203	0	0	0.349674	0	-0.426642	-237.002	0	213.464	213.464	-2.13163e-14	12.4428	0	0	0	0	0	0	0	0	0	0	0	0	0	0	0	0	0	0	0	0	0	0	0	0	0	0	0	0	0	0	0	0	0	
1	1	1	560	16.8		300	0	0	0.000209863	0.000209863	-0.000419726	0.028	0	0	-4.16703e-05	-4.16703e-05	8.33406e-05	87.4987	0	0	1.59823	-6.21236	0	7.81059		300	0.350166	0.000209867	0.000209867	-0.000419735	0.0122596	0	0	0.350166	0	-0.426642	-237.002	0	213.464	213.464	-2.13163e-14	12.4428	0	0	0	0	0	0	0	0	0	0	0	0	0	0	0	0	0	0	0	0	0	0	0	0	0	0	0	0	0	0	0	0	0	
1	1	1	561	16.83		300	0	0	0.000210536	0.000210536	-0.000421072	0.02805	0	0	-4.17792e-05	-4.17792e-05	8.35584e-05	87.558	0	0	1.60261	-6.2141	0	7.81671		300	0.350658	0.000210541	0.000210541	-0.000421081	0.0122989	0	0	0.350658	0	-0.426642	-237.002	0	213.464	213.464	-2.13163e-14	12.4428	0	0	0	0	0	0	0	0	0	0	0	0	0	0	0	0	0	0	0	0	0	0	0	0	0	0	0	0	0	0	0	0	0	
1	1	1	562	16.86		300	0	0	0.00021121	0.00021121	-0.000422419	0.0281	0	0	-4.1888e-05	-4.1888e-05	8.3776e-05	87.6172	0	0	1.60698	-6.21585	0	7.82283		300	0.35115	0.000211214	0.000211214	-0.000422428	0.0123383	0	0	0.35115	0	-0.426642	-237.002	0	213.464	213.464	-2.13163e-14	12.4428	0	0	0	0	0	0	0	0	0	0	0	0	0	0	0	0	0	0	0	0	0	0	0	0	0	0	0	0	0	0	0	0	0	
1	1	1	563	16.89		300	0	0	0.000211884	0.000211884	-0.000423767	0.02815	0	0	-4.19968e-05	-4.19968e-05	8.39935e-05	87.6764	0	0	1.61137	-6.21758	0	7.82895		300	0.351642	0.000211888	0.000211888	-0.000423776	0.0123776	0	0	0.351642	0	-0.426642	-237.002	0	213.464	213.464	-2.13163e-14	12.4428	0	0	0	0	0	0	0	0	0	0	0	0	0	0	0	0	0	0	0	0	0	0	0	0	0	0	0	0	0	0	0	0	0	
1	1	1	564	16.92		300	0	0	0.000212558	0.000212558	-0.000425115	0.0282	0	0	-4.21055e-05	-4.21055e-05	8.4211e-05	87.7355	0	0	1.61575	-6.21931	0	7.83507		300	0.352133	0.000212562	0.000212562	-0.000425124	0.012417	0	0	0.352133	0	-0.426642	-237.002	0	213.464	213.464	-2.13163e-14	12.4428	0	0	0	0	0	0	0	0	0	0	0	0	0	0	0	0	0	0	0	0	0	0	0	0	0	0	0	0	0	0	0	0	0	
1	1	1	565	16.95		300	0	0	0.000213232	0.000213232	-0.000426464	0.02825	0	0	-4.22141e-05	-4.22141e-05	8.44283e-05	87.7944	0	0	1.62014	-6.22104	0	7.84118		300	0.352624	0.000213236	0.000213236	-0.000426473	0.0124564	0	0	0.352624	0	-0.426642	-237.002	0	213.464	213.464	-2.13163e-14	12.4428	0	0	0	0	0	0	0	0	0	0	0	0	0	0	0	0	0	0	0	0	0	0	0	0	0	0	0	0	0	0	0	0	0	
1	1	1	566	16.98		300	0	0	0.000213906	0.000213906	-0.000427813	0.0283	0	0	-4.23227e-05	-4.23227e-05	8.46455e-05	87.8534	0	0	1.62453	-6.22276	0	7.84729		300	0.353114	0.000213911	0.000213911	-0.000427822	0.0124958	0	0	0.353114	0	-0.426642	-237.002	0	213.464	213.464	-2.13163e-14	12.4428	0	0	0	0	0	0	0	0	0	0	0	0	0	0	0	0	0	0	0	0	0	0	0	0	0	0	0	0	0	0	0	0	0	
1	1	1	567	17.01		300	0	0	0.000214581	0.000214581	-0.000429163	0.02835	0	0	-4.24313e-05	-4.24313e-05	8.48625e-05	87.9122	0	0	1.62893	-6.22447	0	7.85339		300	0.353605	0.000214586	0.000214586	-0.000429171	0.0125352	0	0	0.353605	0	-0.426642	-237.002	0	213.464	213.464	-2.13163e-14	12.4428	0	0	0	0	0	0	0	0	0	0	0	0	0	0	0	0	0	0	0	0	0	0	0	0	0	0	0	0	0	0	0	0	0	
1	1	1	568	17.04		300	0	0	0.000215256	0.000215256	-0.000430513	0.0284	0	0	-4.25397e-05	-4.25397e-05	8.50795e-05	87.9709	0	0	1.63332	-6.22617	0	7.8595		300	0.354095	0.000215261	0.000215261	-0.000430522	0.0125747	0	0	0.354095	0	-0.426642	-237.002	0	213.464	213.464	-2.13163e-14	12.4428	0	0	0	0	0	0	0	0	0	0	0	0	0	0	0	0	0	0	0	0	0	0	0	0	0	0	0	0	0	0	0	0	0	
1	1	1	569	17.07		300	0	0	0.000215932	0.000215932	-0.000431863	0.02845	0	0	-4.26482e-05	-4.26482e-05	8.52963e-05	88.0296	0	0	1.63772	-6.22787	0	7.8656		300	0.354585	0.000215936	0.000215936	-0.000431872	0.0126141	0	0	0.354585	0	-0.426642	-237.002	0	213.464	213.464	-2.13163e-14	12.4428	0	0	0	0	0	0	0	0	0	0	0	0	0	0	0	0	0	0	0	0	0	0	0	0	0	0	0	0	0	0	0	0	0	
1	1	1	570	17.1		300	0	0	0.000216607	0.000216607	-0.000433214	0.0285	0	0	-4.27565e-05	-4.27565e-05	8.5513e-05	88.0881	0	0	1.64213	-6.22957	0	7.87169		300	0.355075	0.000216612	0.000216612	-0.000433223	0.0126536	0	0	0.355075	0	-0.426642	-237.002	0	213.464	213.464	-2.13163e-14	12.4428	0	0	0	0	0	0	0	0	0	0	0	0	0	0	0	0	0	0	0	0	0	0	0	0	0	0	0	0	0	0	0	0	0	
1	1	1	571	17.13		300	0	0	0.000217283	0.000217283	-0.000434566	0.02855	0	0	-4.28648e-05	-4.28648e-05	8.57296e-05	88.1466	0	0	1.64653	-6.23125	0	7.87779		300	0.355564	0.000217288	0.000217288	-0.000434575	0.012693	0	0	0.355564	0	-0.426642	-237.002	0	213.464	213.464	-2.13163e-14	12.4428	0	0	0	0	0	0	0	0	0	0	0	0	0	0	0	0	0	0	0	0	0	0	0	0	0	0	0	0	0	0	0	0	0	
1	1	1	572	17.16		300	0	0	0.000217959	0.000217959	-0.000435918	0.0286	0	0	-4.2973e-05	-4.2973e-05	8.59461e-05	88.2051	0	0	1.65094	-6.23294	0	7.88388		300	0.356054	0.000217964	0.000217964	-0.000435927	0.0127325	0	0	0.356054	0	-0.426642	-237.002	0	213.464	213.464	-2.13163e-14	12.4428	0	0	0	0	0	0	0	0	0	0	0	0	0	0	0	0	0	0	0	0	0	0	0	0	0	0	0	0	0	0	0	0	0	
1	1	1	573	17.19		300	0	0	0.000218635	0.000218635	-0.000437271	0.02865	0	0	-4.30812e-05	-4.30812e-05	8.61625e-05	88.2634	0	0	1.65535	-6.23461	0	7.88996		300	0.356543	0.00021864	0.00021864	-0.00043728	0.012772	0	0	0.356543	0	-0.426642	-237.002	0	213.464	213.464	-2.13163e-14	12.4428	0	0	0	0	0	0	0	0	0	0	0	0	0	0	0	0	0	0	0	0	0	0	0	0	0	0	0	0	0	0	0	0	0	
1	1	1	574	17.22		300	0	0	0.000219312	0.000219312	-0.000438624	0.0287	0	0	-4.31893e-05	-4.31893e-05	8.63787e-05	88.3217	0	0	1.65977	-6.23628	0	7.89605		300	0.357031	0.000219316	0.000219316	-0.000438633	0.0128116	0	0	0.357031	0	-0.426642	-237.002	0	213.464	213.464	-2.13163e-14	12.4428	0	0	0	0	0	0	0	0	0	0	0	0	0	0	0	0	0	0	0	0	0	0	0	0	0	0	0	0	0	0	0	0	0	
1	1	1	575	17.25		300	0	0	0.000219989	0.000219989	-0.000439977	0.02875	0	0	-4.32974e-05	-4.32974e-05	8.65948e-05	88.3798	0	0	1.66418	-6.23794	0	7.90213		300	0.35752	0.000219993	0.000219993	-0.000439987	0.0128511	0	0	0.35752	0	-0.426642	-237.002	0	213.464	213.464	-2.13163e-14	12.4428	0	0	0	0	0	0	0	0	0	0	0	0	0	0	0	0	0	0	0	0	0	0	0	0	0	0	0	0	0	0	0	0	0	
1	1	1	576	17.28		300	0	0	0.000220666	0.000220666	-0.000441332	0.0288	0	0	-4.34054e-05	-4.34054e-05	8.68108e-05	88.4379	0	0	1.66861	-6.2396	0	7.90821		300	0.358008	0.00022067	0.00022067	-0.000441341	0.0128906	0	0	0.358008	0	-0.426642	-237.002	0	213.464	213.464	-2.13163e-14	12.4428	0	0	0	0	0	0	0	0	0	0	0	0	0	0	0	0	0	0	0	0	0	0	0	0	0	0	0	0	0	0	0	0	0	
1	1	1	577	17.31		300	0	0	0.000221343	0.000221343	-0.000442686	0.02885	0	0	-4.35134e-05	-4.35134e-05	8.70267e-05	88.4959	0	0	1.67303	-6.24125	0	7.91428		300	0.358496	0.000221348	0.000221348	-0.000442695	0.0129302	0	0	0.358496	0	-0.426642	-237.002	0	213.464	213.464	-2.13163e-14	12.4428	0	0	0	0	0	0	0	0	0	0	0	0	0	0	0	0	0	0	0	0	0	0	0	0	0	0	0	0	0	0	0	0	0	
1	1	1	578	17.34		300	0	0	0.000222021	0.000222021	-0.000444041	0.0289	0	0	-4.36212e-05	-4.36212e-05	8.72425e-05	88.5539	0	0	1.67745	-6.2429	0	7.92035		300	0.358984	0.000222025	0.000222025	-0.00044405	0.0129698	0	0	0.358984	0	-0.426642	-237.002	0	213.464	213.464	-2.13163e-14	12.4428	0	0	0	0	0	0	0	0	0	0	0	0	0	0	0	0	0	0	0	0	0	0	0	0	0	0	0	0	0	0	0	0	0	
1	1	1	579	17.37		300	0	0	0.000222698	0.000222698	-0.000445397	0.02895	0	0	-4.37291e-05	-4.37291e-05	8.74581e-05	88.6118	0	0	1.68188	-6.24454	0	7.92642		300	0.359471	0.000222703	0.000222703	-0.000445406	0.0130094	0	0	0.359471	0	-0.426642	-237.002	0	213.464	213.464	-2.13163e-14	12.4428	0	0	0	0	0	0	0	0	0	0	0	0	0	0	0	0	0	0	0	0	0	0	0	0	0	0	0	0	0	0	0	0	0	
1	1	1	580	17.4		300	0	0	0.000223376	0.000223376	-0.000446753	0.029	0	0	-4.38368e-05	-4.38368e-05	8.76737e-05	88.6695	0	0	1.68632	-6.24617	0	7.93249		300	0.359959	0.000223381	0.000223381	-0.000446762	0.013049	0	0	0.359959	0	-0.426642	-237.002	0	213.464	213.464	-2.13163e-14	12.4428	0	0	0	0	0	0	0	0	0	0	0	0	0	0	0	0	0	0	0	0	0	0	0	0	0	0	0	0	0	0	0	0	0	
1	1	1	581	17.43		300	0	0	0.000224055	0.000224055	-0.000448109	0.02905	0	0	-4.39445e-05	-4.39445e-05	8.78891e-05	88.7272	0	0	1.69075	-6.2478	0	7.93855		300	0.360446	0.000224059	0.000224059	-0.000448118	0.0130886	0	0	0.360446	0	-0.426642	-237.002	0	213.464	213.464	-2.13163e-14	12.4428	0	0	0	0	0	0	0	0	0	0	0	0	0	0	0	0	0	0	0	0	0	0	0	0	0	0	0	0	0	0	0	0	0	
1	1	1	582	17.46		300	0	0	0.000224733	0.000224733	-0.000449466	0.0291	0	0	-4.40522e-05	-4.40522e-05	8.81044e-05	88.7849	0	0	1.69519	-6.24942	0	7.94461		300	0.360932	0.000224738	0.000224738	-0.000449475	0.0131282	0	0	0.360932	0	-0.426642	-237.002	0	213.464	213.464	-2.13163e-14	12.4428	0	0	0	0	0	0	0	0	0	0	0	0	0	0	0	0	0	0	0	0	0	0	0	0	0	0	0	0	0	0	0	0	0	
1	1	1	583	17.49		300	0	0	0.000225412	0.000225412	-0.000450823	0.02915	0	0	-4.41598e-05	-4.41598e-05	8.83195e-05	88.8424	0	0	1.69963	-6.25104	0	7.95067		300	0.361419	0.000225416	0.000225416	-0.000450833	0.0131679	0	0	0.361419	0	-0.426642	-237.002	0	213.464	213.464	-2.13163e-14	12.4428	0	0	0	0	0	0	0	0	0	0	0	0	0	0	0	0	0	0	0	0	0	0	0	0	0	0	0	0	0	0	0	0	0	
1	1	1	584	17.52		300	0	0	0.000226091	0.000226091	-0.000452181	0.0292	0	0	-4.42673e-05	-4.42673e-05	8.85346e-05	88.8999	0	0	1.70407	-6.25265	0	7.95672		300	0.361905	0.000226095	0.000226095	-0.000452191	0.0132075	0	0	0.361905	0	-0.426642	-237.002	0	213.464	213.464	-2.13163e-14	12.4428	0	0	0	0	0	0	0	0	0	0	0	0	0	0	0	0	0	0	0	0	0	0	0	0	0	0	0	0	0	0	0	0	0	
1	1	1	585	17.55		300	0	0	0.00022677	0.00022677	-0.00045354	0.02925	0	0	-4.43748e-05	-4.43748e-05	8.87495e-05	88.9573	0	0	1.70852	-6.25425	0	7.96277		300	0.362391	0.000226774	0.000226774	-0.000453549	0.0132472	0	0	0.362391	0	-0.426642	-237.002	0	213.464	213.464	-2.13163e-14	12.4428	0	0	0	0	0	0	0	0	0	0	0	0	0	0	0	0	0	0	0	0	0	0	0	0	0	0	0	0	0	0	0	0	0	
1	1	1	586	17.58		300	0	0	0.000227449	0.000227449	-0.000454898	0.0293	0	0	-4.44822e-05	-4.44822e-05	8.89643e-05	89.0146	0	0	1.71297	-6.25585	0	7.96882		300	0.362877	0.000227454	0.000227454	-0.000454908	0.0132869	0	0	0.362877	0	-0.426642	-237.002	0	213.464	213.464	-2.13163e-14	12.4428	0	0	0	0	0	0	0	0	0	0	0	0	0	0	0	0	0	0	0	0	0	0	0	0	0	0	0	0	0	0	0	0	0	
1	1	1	587	17.61		300	0	0	0.000228129	0.000228129	-0.000456258	0.02935	0	0	-4.45895e-05	-4.45895e-05	8.9179e-05	89.0719	0	0	1.71742	-6.25744	0	7.97487		300	0.363362	0.000228134	0.000228134	-0.000456267	0.0133266	0	0	0.363362	0	-0.426642	-237.002	0	213.464	213.464	-2.13163e-14	12.4428	0	0	0	0	0	0	0	0	0	0	0	0	0	0	0	0	0	0	0	0	0	0	0	0	0	0	0	0	0	0	0	0	0	
1	1	1	588	17.64		300	0	0	0.000228809	0.000228809	-0.000457617	0.0294	0	0	-4.46968e-05	-4.46968e-05	8.93936e-05	89.1291	0	0	1.72188	-6.25903	0	7.98091		300	0.363848	0.000228813	0.000228813	-0.000457627	0.0133663	0	0	0.363848	0	-0.426642	-237.002	0	213.464	213.464	-2.13163e-14	12.4428	0	0	0	0	0	0	0	0	0	0	0	0	0	0	0	0	0	0	0	0	0	0	0	0	0	0	0	0	0	0	0	0	0	
1	1	1	589	17.67		300	0	0	0.000229489	0.000229489	-0.000458978	0.02945	0	0	-4.4804e-05	-4.4804e-05	8.96081e-05	89.1862	0	0	1.72633	-6.26061	0	7.98695		300	0.364333	0.000229494	0.000229494	-0.000458987	0.013406	0	0	0.364333	0	-0.426642	-237.002	0	213.464	213.464	-2.13163e-14	12.4428	0	0	0	0	0	0	0	0	0	0	0	0	0	0	0	0	0	0	0	0	0	0	0	0	0	0	0	0	0	0	0	0	0	
1	1	1	590	17.7		300	0	0	0.000230169	0.000230169	-0.000460338	0.0295	0	0	-4.49112e-05	-4.49112e-05	8.98224e-05	89.2432	0	0	1.73079	-6.26219	0	7.99298		300	0.364818	0.000230174	0.000230174	-0.000460348	0.0134458	0	0	0.364818	0	-0.426642	-237.002	0	213.464	213.464	-2.13163e-14	12.4428	0	0	0	0	0	0	0	0	0	0	0	0	0	0	0	0	0	0	0	0	0	0	0	0	0	0	0	0	0	0	0	0	0	
1	1	1	591	17.73		300	0	0	0.00023085	0.00023085	-0.000461699	0.02955	0	0	-4.50183e-05	-4.50183e-05	9.00366e-05	89.3002	0	0	1.73526	-6.26376	0	7.99901		300	0.365302	0.000230854	0.000230854	-0.000461709	0.0134855	0	0	0.365302	0	-0.426642	-237.002	0	213.464	213.464	-2.13163e-14	12.4428	0	0	0	0	0	0	0	0	0	0	0	0	0	0	0	0	0	0	0	0	0	0	0	0	0	0	0	0	0	0	0	0	0	
1	1	1	592	17.76		300	0	0	0.00023153	0.00023153	-0.000463061	0.0296	0	0	-4.51253e-05	-4.51253e-05	9.02507e-05	89.3571	0	0	1.73972	-6.26532	0	8.00504		300	0.365787	0.000231535	0.000231535	-0.00046307	0.0135253	0	0	0.365787	0	-0.426642	-237.002	0	213.464	213.464	-2.13163e-14	12.4428	0	0	0	0	0	0	0	0	0	0	0	0	0	0	0	0	0	0	0	0	0	0	0	0	0	0	0	0	0	0	0	0	0	
1	1	1	593	17.79		300	0	0	0.000232211	0.000232211	-0.000464423	0.02965	0	0	-4.52323e-05	-4.52323e-05	9.04647e-05	89.4139	0	0	1.74419	-6.26688	0	8.01107		300	0.366271	0.000232216	0.000232216	-0.000464432	0.0135651	0	0	0.366271	0	-0.426642	-237.002	0	213.464	213.464	-2.13163e-14	12.4428	0	0	0	0	0	0	0	0	0	0	0	0	0	0	0	0	0	0	0	0	0	0	0	0	0	0	0	0	0	0	0	0	0	
1	1	1	594	17.82		300	0	0	0.000232893	0.000232893	-0.000465785	0.0297	0	0	-4.53393e-05	-4.53393e-05	9.06785e-05	89.4706	0	0	1.74867	-6.26843	0	8.0171		300	0.366755	0.000232897	0.000232897	-0.000465795	0.0136049	0	0	0.366755	0	-0.426642	-237.002	0	213.464	213.464	-2.13163e-14	12.4428	0	0	0	0	0	0	0	0	0	0	0	0	0	0	0	0	0	0	0	0	0	0	0	0	0	0	0	0	0	0	0	0	0	
1	1	1	595	17.85		300	0	0	0.000233574	0.000233574	-0.000467148	0.02975	0	0	-4.54461e-05	-4.54461e-05	9.08923e-05	89.5273	0	0	1.75314	-6.26998	0	8.02312		300	0.367238	0.000233579	0.000233579	-0.000467158	0.0136447	0	0	0.367238	0	-0.426642	-237.002	0	213.464	213.464	-2.13163e-14	12.4428	0	0	0	0	0	0	0	0	0	0	0	0	0	0	0	0	0	0	0	0	0	0	0	0	0	0	0	0	0	0	0	0	0	
1	1	1	596	17.88		300	0	0	0.000234256	0.000234256	-0.000468511	0.0298	0	0	-4.55529e-05	-4.55529e-05	9.11059e-05	89.5839	0	0	1.75762	-6.27152	0	8.02913		300	0.367722	0.000234261	0.000234261	-0.000468521	0.0136845	0	0	0.367722	0	-0.426642	-237.002	0	213.464	213.464	-2.13163e-14	12.4428	0	0	0	0	0	0	0	0	0	0	0	0	0	0	0	0	0	0	0	0	0	0	0	0	0	0	0	0	0	0	0	0	0	
1	1	1	597	17.91		300	0	0	0.000234938	0.000234938	-0.000469875	0.02985	0	0	-4.56597e-05	-4.56597e-05	9.13193e-05	89.6404	0	0	1.7621	-6.27305	0	8.03515		300	0.368205	0.000234942	0.000234942	-0.000469885	0.0137243	0	0	0.368205	0	-0.426642	-237.002	0	213.464	213.464	-2.13163e-14	12.4428	0	0	0	0	0	0	0	0	0	0	0	0	0	0	0	0	0	0	0	0	0	0	0	0	0	0	0	0	0	0	0	0	0	
1	1	1	598	17.94		300	0	0	0.00023562	0.00023562	-0.000471239	0.0299	0	0	-4.57664e-05	-4.57664e-05	9.15327e-05	89.6968	0	0	1.76658	-6.27458	0	8.04116		300	0.368688	0.000235625	0.000235625	-0.000471249	0.0137642	0	0	0.368688	0	-0.426642	-237.002	0	213.464	213.464	-2.13163e-14	12.4428	0	0	0	0	0	0	0	0	0	0	0	0	0	0	0	0	0	0	0	0	0	0	0	0	0	0	0	0	0	0	0	0	0	
1	1	1	599	17.97		300	0	0	0.000236302	0.000236302	-0.000472604	0.02995	0	0	-4.5873e-05	-4.5873e-05	9.1746e-05	89.7532	0	0	1.77107	-6.2761	0	8.04717		300	0.36917	0.000236307	0.000236307	-0.000472614	0.013804	0	0	0.36917	0	-0.426642	-237.002	0	213.464	213.464	-2.13163e-14	12.4428	0	0	0	0	0	0	0	0	0	0	0	0	0	0	0	0	0	0	0	0	0	0	0	0	0	0	0	0	0	0	0	0	0	
1	1	1	600	18		300	0	0	0.000236985	0.000236985	-0.000473969	0.03	0	0	-4.59795e-05	-4.59795e-05	9.19591e-05	89.8095	0	0	1.77556	-6.27762	0	8.05318		300	0.369653	0.000236989	0.000236989	-0.000473979	0.0138439	0	0	0.369653	0	-0.426642	-237.002	0	213.464	213.464	-2.13163e-14	12.4428	0	0	0	0	0	0	0	0	0	0	0	0	0	0	0	0	0	0	0	0	0	0	0	0	0	0	0	0	0	0	0	0	0	
1	1	1	601	18.03		300	0	0	0.000237667	0.000237667	-0.000475335	0.03005	0	0	-4.6086e-05	-4.6086e-05	9.21721e-05	89.8658	0	0	1.78005	-6.27913	0	8.05918		300	0.370135	0.000237672	0.000237672	-0.000475344	0.0138838	0	0	0.370135	0	-0.426642	-237.002	0	213.464	213.464	-2.13163e-14	12.4428	0	0	0	0	0	0	0	0	0	0	0	0	0	0	0	0	0	0	0	0	0	0	0	0	0	0	0	0	0	0	0	0	0	
1	1	1	602	18.06		300	0	0	0.00023835	0.00023835	-0.000476701	0.0301	0	0	-4.61925e-05	-4.61925e-05	9.2385e-05	89.9219	0	0	1.78454	-6.28064	0	8.06518		300	0.370617	0.000238355	0.000238355	-0.00047671	0.0139237	0	0	0.370617	0	-0.426642	-237.002	0	213.464	213.464	-2.13163e-14	12.4428	0	0	0	0	0	0	0	0	0	0	0	0	0	0	0	0	0	0	0	0	0	0	0	0	0	0	0	0	0	0	0	0	0	
1	1	1	603	18.09		300	0	0	0.000239033	0.000239033	-0.000478067	0.03015	0	0	-4.62989e-05	-4.62989e-05	9.25977e-05	89.978	0	0	1.78904	-6.28214	0	8.07118		300	0.371099	0.000239038	0.000239038	-0.000478077	0.0139636	0	0	0.371099	0	-0.426642	-237.002	0	213.464	213.464	-2.13163e-14	12.4428	0	0	0	0	0	0	0	0	0	0	0	0	0	0	0	0	0	0	0	0	0	0	0	0	0	0	0	0	0	0	0	0	0	
1	1	1	604	18.12		300	0	0	0.000239717	0.000239717	-0.000479434	0.0302	0	0	-4.64052e-05	-4.64052e-05	9.28104e-05	90.0341	0	0	1.79354	-6.28363	0	8.07717		300	0.37158	0.000239722	0.000239722	-0.000479443	0.0140035	0	0	0.37158	0	-0.426642	-237.002	0	213.464	213.464	-2.13163e-14	12.4428	0	0	0	0	0	0	0	0	0	0	0	0	0	0	0	0	0	0	0	0	0	0	0	0	0	0	0	0	0	0	0	0	0	
1	1	1	605	18.15		300	0	0	0.0002404	0.0002404	-0.000480801	0.03025	0	0	-4.65114e-05	-4.65114e-05	9.30229e-05	90.09	0	0	1.79805	-6.28512	0	8.08316		300	0.372062	0.000240405	0.000240405	-0.000480811	0.0140434	0	0	0.372062	0	-0.426642	-237.002	0	213.464	213.464	-2.13163e-14	12.4428	0	0	0	0	0	0	0	0	0	0	0	0	0	0	0	0	0	0	0	0	0	0	0	0	0	0	0	0	0	0	0	0	0	
1	1	1	606	18.18		300	0	0	0.000241084	0.000241084	-0.000482169	0.0303	0	0	-4.66176e-05	-4.66176e-05	9.32353e-05	90.1459	0	0	1.80255	-6.2866	0	8.08915		300	0.372543	0.000241089	0.000241089	-0.000482178	0.0140834	0	0	0.372543	0	-0.426642	-237.002	0	213.464	213.464	-2.13163e-14	12.4428	0	0	0	0	0	0	0	0	0	0	0	0	0	0	0	0	0	0	0	0	0	0	0	0	0	0	0	0	0	0	0	0	0	
1	1	1	607	18.21		300	0	0	0.000241768	0.000241768	-0.000483537	0.03035	0	0	-4.67238e-05	-4.67238e-05	9.34475e-05	90.2017	0	0	1.80706	-6.28808	0	8.09514		300	0.373024	0.000241773	0.000241773	-0.000483546	0.0141233	0	0	0.373024	0	-0.426642	-237.002	0	213.464	213.464	-2.13163e-14	12.4428	0	0	0	0	0	0	0	0	0	0	0	0	0	0	0	0	0	0	0	0	0	0	0	0	0	0	0	0	0	0	0	0	0	
1	1	1	608	18.24		300	0	0	0.000242453	0.000242453	-0.000484905	0.0304	0	0	-4.68298e-05	-4.68298e-05	9.36597e-05	90.2575	0	0	1.81157	-6.28955	0	8.10112		300	0.373504	0.000242457	0.000242457	-0.000484915	0.0141633	0	0	0.373504	0	-0.426642	-237.002	0	213.464	213.464	-2.13163e-14	12.4428	0	0	0	0	0	0	0	0	0	0	0	0	0	0	0	0	0	0	0	0	0	0	0	0	0	0	0	0	0	0	0	0	0	
1	1	1	609	18.27		300	0	0	0.000243137	0.000243137	-0.000486274	0.03045	0	0	-4.69359e-05	-4.69359e-05	9.38717e-05	90.3132	0	0	1.81609	-6.29102	0	8.1071		300	0.373985	0.000243142	0.000243142	-0.000486284	0.0142033	0	0	0.373985	0	-0.426642	-237.002	0	213.464	213.464	-2.13163e-14	12.4428	0	0	0	0	0	0	0	0	0	0	0	0	0	0	0	0	0	0	0	0	0	0	0	0	0	0	0	0	0	0	0	0	0	
1	1	1	610	18.3		300	0	0	0.000243822	0.000243822	-0.000487643	0.0305	0	0	-4.70418e-05	-4.70418e-05	9.40836e-05	90.3688	0	0	1.8206	-6.29248	0	8.11308		300	0.374465	0.000243827	0.000243827	-0.000487653	0.0142433	0	0	0.374465	0	-0.426642	-237.002	0	213.464	213.464	-2.13163e-14	12.4428	0	0	0	0	0	0	0	0	0	0	0	0	0	0	0	0	0	0	0	0	0	0	0	0	0	0	0	0	0	0	0	0	0	
1	1	1	611	18.33		300	0	0	0.000244506	0.000244506	-0.000489013	0.03055	0	0	-4.71477e-05	-4.71477e-05	9.42954e-05	90.4243	0	0	1.82512	-6.29393	0	8.11905		300	0.374945	0.000244511	0.000244511	-0.000489023	0.0142833	0	0	0.374945	0	-0.426642	-237.002	0	213.464	213.464	-2.13163e-14	12.4428	0	0	0	0	0	0	0	0	0	0	0	0	0	0	0	0	0	0	0	0	0	0	0	0	0	0	0	0	0	0	0	0	0	
1	1	1	612	18.36		300	0	0	0.000245192	0.000245192	-0.000490383	0.0306	0	0	-4.72535e-05	-4.72535e-05	9.45071e-05	90.4798	0	0	1.82965	-6.29538	0	8.12503		300	0.375424	0.000245197	0.000245197	-0.000490393	0.0143233	0	0	0.375424	0	-0.426642	-237.002	0	213.464	213.464	-2.13163e-14	12.4428	0	0	0	0	0	0	0	0	0	0	0	0	0	0	0	0	0	0	0	0	0	0	0	0	0	0	0	0	0	0	0	0	0	
1	1	1	613	18.39		300	0	0	0.000245877	0.000245877	-0.000491754	0.03065	0	0	-4.73593e-05	-4.73593e-05	9.47186e-05	90.5352	0	0	1.83417	-6.29682	0	8.13099		300	0.375904	0.000245882	0.000245882	-0.000491764	0.0143633	0	0	0.375904	0	-0.426642	-237.002	0	213.464	213.464	-2.13163e-14	12.4428	0	0	0	0	0	0	0	0	0	0	0	0	0	0	0	0	0	0	0	0	0	0	0	0	0	0	0	0	0	0	0	0	0	
1	1	1	614	18.42		300	0	0	0.000246562	0.000246562	-0.000493125	0.0307	0	0	-4.7465e-05	-4.7465e-05	9.493e-05	90.5906	0	0	1.8387	-6.29826	0	8.13696		300	0.376383	0.000246567	0.000246567	-0.000493135	0.0144034	0	0	0.376383	0	-0.426642	-237.002	0	213.464	213.464	-2.13163e-14	12.4428	0	0	0	0	0	0	0	0	0	0	0	0	0	0	0	0	0	0	0	0	0	0	0	0	0	0	0	0	0	0	0	0	0	
1	1	1	615	18.45		300	0	0	0.000247248	0.000247248	-0.000494496	0.03075	0	0	-4.75707e-05	-4.75707e-05	9.51413e-05	90.6459	0	0	1.84323	-6.29969	0	8.14292		300	0.376862	0.000247253	0.000247253	-0.000494506	0.0144434	0	0	0.376862	0	-0.426642	-237.002	0	213.464	213.464	-2.13163e-14	12.4428	0	0	0	0	0	0	0	0	0	0	0	0	0	0	0	0	0	0	0	0	0	0	0	0	0	0	0	0	0	0	0	0	0	
1	1	1	616	18.48		300	0	0	0.000247934	0.000247934	-0.000495868	0.0308	0	0	-4.76763e-05	-4.76763e-05	9.53525e-05	90.7011	0	0	1.84776	-6.30112	0	8.14888		300	0.377341	0.000247939	0.000247939	-0.000495878	0.0144835	0	0	0.377341	0	-0.426642	-237.002	0	213.464	213.464	-2.13163e-14	12.4428	0	0	0	0	0	0	0	0	0	0	0	0	0	0	0	0	0	0	0	0	0	0	0	0	0	0	0	0	0	0	0	0	0	
1	1	1	617	18.51		300	0	0	0.00024862	0.00024862	-0.00049724	0.03085	0	0	-4.77818e-05	-4.77818e-05	9.55635e-05	90.7562	0	0	1.8523	-6.30254	0	8.15484		300	0.377819	0.000248625	0.000248625	-0.00049725	0.0145236	0	0	0.377819	0	-0.426642	-237.002	0	213.464	213.464	-2.13163e-14	12.4428	0	0	0	0	0	0	0	0	0	0	0	0	0	0	0	0	0	0	0	0	0	0	0	0	0	0	0	0	0	0	0	0	0	
1	1	1	618	18.54		300	0	0	0.000249306	0.000249306	-0.000498612	0.0309	0	0	-4.78872e-05	-4.78872e-05	9.57745e-05	90.8113	0	0	1.85684	-6.30396	0	8.1608		300	0.378298	0.000249311	0.000249311	-0.000498622	0.0145637	0	0	0.378298	0	-0.426642	-237.002	0	213.464	213.464	-2.13163e-14	12.4428	0	0	0	0	0	0	0	0	0	0	0	0	0	0	0	0	0	0	0	0	0	0	0	0	0	0	0	0	0	0	0	0	0	
1	1	1	619	18.57		300	0	0	0.000249993	0.000249993	-0.000499985	0.03095	0	0	-4.79926e-05	-4.79926e-05	9.59853e-05	90.8663	0	0	1.86138	-6.30537	0	8.16675		300	0.378776	0.000249998	0.000249998	-0.000499995	0.0146038	0	0	0.378776	0	-0.426642	-237.002	0	213.464	213.464	-2.13163e-14	12.4428	0	0	0	0	0	0	0	0	0	0	0	0	0	0	0	0	0	0	0	0	0	0	0	0	0	0	0	0	0	0	0	0	0	
1	1	1	620	18.6		300	0	0	0.000250679	0.000250679	-0.000501359	0.031	0	0	-4.8098e-05	-4.8098e-05	9.6196e-05	90.9213	0	0	1.86593	-6.30677	0	8.1727		300	0.379254	0.000250684	0.000250684	-0.000501369	0.0146439	0	0	0.379254	0	-0.426642	-237.002	0	213.464	213.464	-2.13163e-14	12.4428	0	0	0	0	0	0	0	0	0	0	0	0	0	0	0	0	0	0	0	0	0	0	0	0	0	0	0	0	0	0	0	0	0	
1	1	1	621	18.63		300	0	0	0.000251366	0.000251366	-0.000502732	0.03105	0	0	-4.82033e-05	-4.82033e-05	9.64065e-05	90.9762	0	0	1.87047	-6.30817	0	8.17864		300	0.379731	0.000251371	0.000251371	-0.000502743	0.014684	0	0	0.379731	0	-0.426642	-237.002	0	213.464	213.464	-2.13163e-14	12.4428	0	0	0	0	0	0	0	0	0	0	0	0	0	0	0	0	0	0	0	0	0	0	0	0	0	0	0	0	0	0	0	0	0	
1	1	1	622	18.66		300	0	0	0.000252053	0.000252053	-0.000504107	0.0311	0	0	-4.83085e-05	-4.83085e-05	9.66169e-05	91.031	0	0	1.87502	-6.30956	0	8.18459		300	0.380209	0.000252058	0.000252058	-0.000504117	0.0147242	0	0	0.380209	0	-0.426642	-237.002	0	213.464	213.464	-2.13163e-14	12.4428	0	0	0	0	0	0	0	0	0	0	0	0	0	0	0	0	0	0	0	0	0	0	0	0	0	0	0	0	0	0	0	0	0	
1	1	1	623	18.69		300	0	0	0.000252741	0.000252741	-0.000505481	0.03115	0	0	-4.84136e-05	-4.84136e-05	9.68273e-05	91.0858	0	0	1.87958	-6.31095	0	8.19053		300	0.380686	0.000252746	0.000252746	-0.000505491	0.0147643	0	0	0.380686	0	-0.426642	-237.002	0	213.464	213.464	-2.13163e-14	12.4428	0	0	0	0	0	0	0	0	0	0	0	0	0	0	0	0	0	0	0	0	0	0	0	0	0	0	0	0	0	0	0	0	0	
1	1	1	624	18.72		300	0	0	0.000253428	0.000253428	-0.000506856	0.0312	0	0	-4.85187e-05	-4.85187e-05	9.70374e-05	91.1405	0	0	1.88413	-6.31233	0	8.19647		300	0.381163	0.000253433	0.000253433	-0.000506866	0.0148045	0	0	0.381163	0	-0.426642	-237.002	0	213.464	213.464	-2.13163e-14	12.4428	0	0	0	0	0	0	0	0	0	0	0	0	0	0	0	0	0	0	0	0	0	0	0	0	0	0	0	0	0	0	0	0	0	
1	1	1	625	18.75		300	0	0	0.000254116	0.000254116	-0.000508231	0.03125	0	0	-4.86238e-05	-4.86238e-05	9.72475e-05	91.1951	0	0	1.88869	-6.31371	0	8.2024		300	0.38164	0.000254121	0.000254121	-0.000508242	0.0148446	0	0	0.38164	0	-0.426642	-237.002	0	213.464	213.464	-2.13163e-14	12.4428	0	0	0	0	0	0	0	0	0	0	0	0	0	0	0	0	0	0	0	0	0	0	0	0	0	0	0	0	0	0	0	0	0	
1	1	1	626	18.78		300	0	0	0.000254804	0.000254804	-0.000509607	0.0313	0	0	-4.87287e-05	-4.87287e-05	9.74575e-05	91.2497	0	0	1.89325	-6.31508	0	8.20833		300	0.382116	0.000254809	0.000254809	-0.000509617	0.0148848	0	0	0.382116	0	-0.426642	-237.002	0	213.464	213.464	-2.13163e-14	12.4428	0	0	0	0	0	0	0	0	0	0	0	0	0	0	0	0	0	0	0	0	0	0	0	0	0	0	0	0	0	0	0	0	0	
1	1	1	627	18.81		300	0	0	0.000255492	0.000255492	-0.000510983	0.03135	0	0	-4.88336e-05	-4.88336e-05	9.76673e-05	91.3042	0	0	1.89782	-6.31645	0	8.21426		300	0.382592	0.000255497	0.000255497	-0.000510993	0.014925	0	0	0.382592	0	-0.426642	-237.002	0	213.464	213.464	-2.13163e-14	12.4428	0	0	0	0	0	0	0	0	0	0	0	0	0	0	0	0	0	0	0	0	0	0	0	0	0	0	0	0	0	0	0	0	0	
1	1	1	628	18.84		300	0	0	0.00025618	0.00025618	-0.00051236	0.0314	0	0	-4.89385e-05	-4.89385e-05	9.7877e-05	91.3587	0	0	1.90238	-6.31781	0	8.22019		300	0.383068	0.000256185	0.000256185	-0.00051237	0.0149652	0	0	0.383068	0	-0.426642	-237.002	0	213.464	213.464	-2.13163e-14	12.4428	0	0	0	0	0	0	0	0	0	0	0	0	0	0	0	0	0	0	0	0	0	0	0	0	0	0	0	0	0	0	0	0	0	
1	1	1	629	18.87		300	0	0	0.000256868	0.000256868	-0.000513737	0.03145	0	0	-4.90433e-05	-4.90433e-05	9.80865e-05	91.413	0	0	1.90695	-6.31916	0	8.22611		300	0.383544	0.000256873	0.000256873	-0.000513747	0.0150054	0	0	0.383544	0	-0.426642	-237.002	0	213.464	213.464	-2.13163e-14	12.4428	0	0	0	0	0	0	0	0	0	0	0	0	0	0	0	0	0	0	0	0	0	0	0	0	0	0	0	0	0	0	0	0	0	
1	1	1	630	18.9		300	0	0	0.000257557	0.000257557	-0.000515114	0.0315	0	0	-4.9148e-05	-4.9148e-05	9.8296e-05	91.4674	0	0	1.91152	-6.32051	0	8.23203		300	0.38402	0.000257562	0.000257562	-0.000515124	0.0150457	0	0	0.38402	0	-0.426642	-237.002	0	213.464	213.464	-2.13163e-14	12.4428	0	0	0	0	0	0	0	0	0	0	0	0	0	0	0	0	0	0	0	0	0	0	0	0	0	0	0	0	0	0	0	0	0	
1	1	1	631	18.93		300	0	0	0.000258246	0.000258246	-0.000516491	0.03155	0	0	-4.92527e-05	-4.92527e-05	9.85053e-05	91.5216	0	0	1.9161	-6.32186	0	8.23795		300	0.384495	0.000258251	0.000258251	-0.000516502	0.0150859	0	0	0.384495	0	-0.426642	-237.002	0	213.464	213.464	-2.13163e-14	12.4428	0	0	0	0	0	0	0	0	0	0	0	0	0	0	0	0	0	0	0	0	0	0	0	0	0	0	0	0	0	0	0	0	0	
1	1	1	632	18.96		300	0	0	0.000258935	0.000258935	-0.000517869	0.0316	0	0	-4.93573e-05	-4.93573e-05	9.87145e-05	91.5758	0	0	1.92068	-6.32319	0	8.24387		300	0.384971	0.00025894	0.00025894	-0.00051788	0.0151262	0	0	0.384971	0	-0.426642	-237.002	0	213.464	213.464	-2.13163e-14	12.4428	0	0	0	0	0	0	0	0	0	0	0	0	0	0	0	0	0	0	0	0	0	0	0	0	0	0	0	0	0	0	0	0	0	
1	1	1	633	18.99		300	0	0	0.000259624	0.000259624	-0.000519248	0.03165	0	0	-4.94618e-05	-4.94618e-05	9.89236e-05	91.63	0	0	1.92526	-6.32453	0	8.24978		300	0.385446	0.000259629	0.000259629	-0.000519258	0.0151664	0	0	0.385446	0	-0.426642	-237.002	0	213.464	213.464	-2.13163e-14	12.4428	0	0	0	0	0	0	0	0	0	0	0	0	0	0	0	0	0	0	0	0	0	0	0	0	0	0	0	0	0	0	0	0	0	
1	1	1	634	19.02		300	0	0	0.000260313	0.000260313	-0.000520627	0.0317	0	0	-4.95663e-05	-4.95663e-05	9.91325e-05	91.684	0	0	1.92984	-6.32585	0	8.25569		300	0.38592	0.000260318	0.000260318	-0.000520637	0.0152067	0	0	0.38592	0	-0.426642	-237.002	0	213.464	213.464	-2.13163e-14	12.4428	0	0	0	0	0	0	0	0	0	0	0	0	0	0	0	0	0	0	0	0	0	0	0	0	0	0	0	0	0	0	0	0	0	
1	1	1	635	19.05		300	0	0	0.000261003	0.000261003	-0.000522006	0.03175	0	0	-4.96707e-05	-4.96707e-05	9.93414e-05	91.7381	0	0	1.93442	-6.32718	0	8.2616		300	0.386395	0.000261008	0.000261008	-0.000522016	0.015247	0	0	0.386395	0	-0.426642	-237.002	0	213.464	213.464	-2.13163e-14	12.4428	0	0	0	0	0	0	0	0	0	0	0	0	0	0	0	0	0	0	0	0	0	0	0	0	0	0	0	0	0	0	0	0	0	
1	1	1	636	19.08		300	0	0	0.000261693	0.000261693	-0.000523385	0.0318	0	0	-4.9775e-05	-4.9775e-05	9.95501e-05	91.792	0	0	1.93901	-6.32849	0	8.2675		300	0.386869	0.000261698	0.000261698	-0.000523396	0.0152873	0	0	0.386869	0	-0.426642	-237.002	0	213.464	213.464	-2.13163e-14	12.4428	0	0	0	0	0	0	0	0	0	0	0	0	0	0	0	0	0	0	0	0	0	0	0	0	0	0	0	0	0	0	0	0	0	
1	1	1	637	19.11		300	0	0	0.000262383	0.000262383	-0.000524765	0.03185	0	0	-4.98793e-05	-4.98793e-05	9.97587e-05	91.8459	0	0	1.9436	-6.3298	0	8.27341		300	0.387343	0.000262388	0.000262388	-0.000524776	0.0153276	0	0	0.387343	0	-0.426642	-237.002	0	213.464	213.464	-2.13163e-14	12.4428	0	0	0	0	0	0	0	0	0	0	0	0	0	0	0	0	0	0	0	0	0	0	0	0	0	0	0	0	0	0	0	0	0	
1	1	1	638	19.14		300	0	0	0.000263073	0.000263073	-0.000526145	0.0319	0	0	-4.99836e-05	-4.99836e-05	9.99671e-05	91.8998	0	0	1.9482	-6.33111	0	8.27931		300	0.387817	0.000263078	0.000263078	-0.000526156	0.0153679	0	0	0.387817	0	-0.426642	-237.002	0	213.464	213.464	-2.13163e-14	12.4428	0	0	0	0	0	0	0	0	0	0	0	0	0	0	0	0	0	0	0	0	0	0	0	0	0	0	0	0	0	0	0	0	0	
1	1	1	639	19.17		300	0	0	0.000263763	0.000263763	-0.000527526	0.03195	0	0	-5.00877e-05	-5.00877e-05	0.000100175	91.9535	0	0	1.95279	-6.33241	0	8.2852		300	0.388291	0.000263768	0.000263768	-0.000527536	0.0154082	0	0	0.388291	0	-0.426642	-237.002	0	213.464	213.464	-2.13163e-14	12.4428	0	0	0	0	0	0	0	0	0	0	0	0	0	0	0	0	0	0	0	0	0	0	0	0	0	0	0	0	0	0	0	0	0	
1	1	1	640	19.2		300	0	0	0.000264453	0.000264453	-0.000528907	0.032	0	0	-5.01918e-05	-5.01918e-05	0.000100384	92.0072	0	0	1.95739	-6.33371	0	8.2911		300	0.388764	0.000264459	0.000264459	-0.000528917	0.0154485	0	0	0.388764	0	-0.426642	-237.002	0	213.464	213.464	-2.13163e-14	12.4428	0	0	0	0	0	0	0	0	0	0	0	0	0	0	0	0	0	0	0	0	0	0	0	0	0	0	0	0	0	0	0	0	0	
1	1	1	641	19.23		300	0	0	0.000265144	0.000265144	-0.000530288	0.03205	0	0	-5.02959e-05	-5.02959e-05	0.000100592	92.0609	0	0	1.96199	-6.33499	0	8.29699		300	0.389237	0.000265149	0.000265149	-0.000530299	0.0154889	0	0	0.389237	0	-0.426642	-237.002	0	213.464	213.464	-2.13163e-14	12.4428	0	0	0	0	0	0	0	0	0	0	0	0	0	0	0	0	0	0	0	0	0	0	0	0	0	0	0	0	0	0	0	0	0	
1	1	1	642	19.26		300	0	0	0.000265835	0.000265835	-0.00053167	0.0321	0	0	-5.03998e-05	-5.03998e-05	0.0001008	92.1145	0	0	1.9666	-6.33628	0	8.30288		300	0.38971	0.00026584	0.00026584	-0.00053168	0.0155292	0	0	0.38971	0	-0.426642	-237.002	0	213.464	213.464	-2.13163e-14	12.4428	0	0	0	0	0	0	0	0	0	0	0	0	0	0	0	0	0	0	0	0	0	0	0	0	0	0	0	0	0	0	0	0	0	
1	1	1	643	19.29		300	0	0	0.000266526	0.000266526	-0.000533052	0.03215	0	0	-5.05038e-05	-5.05038e-05	0.000101008	92.168	0	0	1.97121	-6.33756	0	8.30876		300	0.390183	0.000266531	0.000266531	-0.000533062	0.0155696	0	0	0.390183	0	-0.426642	-237.002	0	213.464	213.464	-2.13163e-14	12.4428	0	0	0	0	0	0	0	0	0	0	0	0	0	0	0	0	0	0	0	0	0	0	0	0	0	0	0	0	0	0	0	0	0	
1	1	1	644	19.32		300	0	0	0.000267217	0.000267217	-0.000534434	0.0322	0	0	-5.06076e-05	-5.06076e-05	0.000101215	92.2215	0	0	1.97581	-6.33883	0	8.31465		300	0.390656	0.000267222	0.000267222	-0.000534445	0.01561	0	0	0.390656	0	-0.426642	-237.002	0	213.464	213.464	-2.13163e-14	12.4428	0	0	0	0	0	0	0	0	0	0	0	0	0	0	0	0	0	0	0	0	0	0	0	0	0	0	0	0	0	0	0	0	0	
1	1	1	645	19.35		300	0	0	0.000267909	0.000267909	-0.000535817	0.03225	0	0	-5.07114e-05	-5.07114e-05	0.000101423	92.275	0	0	1.98043	-6.3401	0	8.32053		300	0.391128	0.000267914	0.000267914	-0.000535828	0.0156504	0	0	0.391128	0	-0.426642	-237.002	0	213.464	213.464	-2.13163e-14	12.4428	0	0	0	0	0	0	0	0	0	0	0	0	0	0	0	0	0	0	0	0	0	0	0	0	0	0	0	0	0	0	0	0	0	
1	1	1	646	19.38		300	0	0	0.0002686	0.0002686	-0.0005372	0.0323	0	0	-5.08152e-05	-5.08152e-05	0.00010163	92.3283	0	0	1.98504	-6.34136	0	8.3264		300	0.3916	0.000268605	0.000268605	-0.000537211	0.0156908	0	0	0.3916	0	-0.426642	-237.002	0	213.464	213.464	-2.13163e-14	12.4428	0	0	0	0	0	0	0	0	0	0	0	0	0	0	0	0	0	0	0	0	0	0	0	0	0	0	0	0	0	0	0	0	0	
1	1	1	647	19.41		300	0	0	0.000269292	0.000269292	-0.000538584	0.03235	0	0	-5.09188e-05	-5.09188e-05	0.000101838	92.3816	0	0	1.98966	-6.34262	0	8.33228		300	0.392072	0.000269297	0.000269297	-0.000538594	0.0157312	0	0	0.392072	0	-0.426642	-237.002	0	213.464	213.464	-2.13163e-14	12.4428	0	0	0	0	0	0	0	0	0	0	0	0	0	0	0	0	0	0	0	0	0	0	0	0	0	0	0	0	0	0	0	0	0	
1	1	1	648	19.44		300	0	0	0.000269984	0.000269984	-0.000539967	0.0324	0	0	-5.10224e-05	-5.10224e-05	0.000102045	92.4349	0	0	1.99428	-6.34387	0	8.33815		300	0.392544	0.000269989	0.000269989	-0.000539978	0.0157716	0	0	0.392544	0	-0.426642	-237.002	0	213.464	213.464	-2.13163e-14	12.4428	0	0	0	0	0	0	0	0	0	0	0	0	0	0	0	0	0	0	0	0	0	0	0	0	0	0	0	0	0	0	0	0	0	
1	1	1	649	19.47		300	0	0	0.000270676	0.000270676	-0.000541352	0.03245	0	0	-5.1126e-05	-5.1126e-05	0.000102252	92.4881	0	0	1.9989	-6.34512	0	8.34402		300	0.393016	0.000270681	0.000270681	-0.000541362	0.015812	0	0	0.393016	0	-0.426642	-237.002	0	213.464	213.464	-2.13163e-14	12.4428	0	0	0	0	0	0	0	0	0	0	0	0	0	0	0	0	0	0	0	0	0	0	0	0	0	0	0	0	0	0	0	0	0	
1	1	1	650	19.5		300	0	0	0.000271368	0.000271368	-0.000542736	0.0325	0	0	-5.12295e-05	-5.12295e-05	0.000102459	92.5412	0	0	2.00353	-6.34636	0	8.34989		300	0.393487	0.000271373	0.000271373	-0.000542747	0.0158525	0	0	0.393487	0	-0.426642	-237.002	0	213.464	213.464	-2.13163e-14	12.4428	0	0	0	0	0	0	0	0	0	0	0	0	0	0	0	0	0	0	0	0	0	0	0	0	0	0	0	0	0	0	0	0	0	
1	1	1	651	19.53		300	0	0	0.00027206	0.00027206	-0.000544121	0.03255	0	0	-5.13329e-05	-5.13329e-05	0.000102666	92.5943	0	0	2.00816	-6.3476	0	8.35575		300	0.393958	0.000272066	0.000272066	-0.000544132	0.0158929	0	0	0.393958	0	-0.426642	-237.002	0	213.464	213.464	-2.13163e-14	12.4428	0	0	0	0	0	0	0	0	0	0	0	0	0	0	0	0	0	0	0	0	0	0	0	0	0	0	0	0	0	0	0	0	0	
1	1	1	652	19.56		300	0	0	0.000272753	0.000272753	-0.000545506	0.0326	0	0	-5.14362e-05	-5.14362e-05	0.000102872	92.6473	0	0	2.01279	-6.34883	0	8.36162		300	0.394429	0.000272758	0.000272758	-0.000545517	0.0159334	0	0	0.394429	0	-0.426642	-237.002	0	213.464	213.464	-2.13163e-14	12.4428	0	0	0	0	0	0	0	0	0	0	0	0	0	0	0	0	0	0	0	0	0	0	0	0	0	0	0	0	0	0	0	0	0	
1	1	1	653	19.59		300	0	0	0.000273446	0.000273446	-0.000546892	0.03265	0	0	-5.15395e-05	-5.15395e-05	0.000103079	92.7003	0	0	2.01742	-6.35005	0	8.36748		300	0.394899	0.000273451	0.000273451	-0.000546903	0.0159739	0	0	0.394899	0	-0.426642	-237.002	0	213.464	213.464	-2.13163e-14	12.4428	0	0	0	0	0	0	0	0	0	0	0	0	0	0	0	0	0	0	0	0	0	0	0	0	0	0	0	0	0	0	0	0	0	
1	1	1	654	19.62		300	0	0	0.000274139	0.000274139	-0.000548278	0.0327	0	0	-5.16428e-05	-5.16428e-05	0.000103286	92.7532	0	0	2.02206	-6.35127	0	8.37333		300	0.39537	0.000274144	0.000274144	-0.000548288	0.0160144	0	0	0.39537	0	-0.426642	-237.002	0	213.464	213.464	-2.13163e-14	12.4428	0	0	0	0	0	0	0	0	0	0	0	0	0	0	0	0	0	0	0	0	0	0	0	0	0	0	0	0	0	0	0	0	0	
1	1	1	655	19.65		300	0	0	0.000274832	0.000274832	-0.000549664	0.03275	0	0	-5.17459e-05	-5.17459e-05	0.000103492	92.8061	0	0	2.0267	-6.35249	0	8.37919		300	0.39584	0.000274837	0.000274837	-0.000549675	0.0160548	0	0	0.39584	0	-0.426642	-237.002	0	213.464	213.464	-2.13163e-14	12.4428	0	0	0	0	0	0	0	0	0	0	0	0	0	0	0	0	0	0	0	0	0	0	0	0	0	0	0	0	0	0	0	0	0	
1	1	1	656	19.68		300	0	0	0.000275525	0.000275525	-0.00055105	0.0328	0	0	-5.18491e-05	-5.18491e-05	0.000103698	92.8589	0	0	2.03134	-6.3537	0	8.38504		300	0.39631	0.000275531	0.000275531	-0.000551061	0.0160953	0	0	0.39631	0	-0.426642	-237.002	0	213.464	213.464	-2.13163e-14	12.4428	0	0	0	0	0	0	0	0	0	0	0	0	0	0	0	0	0	0	0	0	0	0	0	0	0	0	0	0	0	0	0	0	0	
1	1	1	657	19.71		300	0	0	0.000276219	0.000276219	-0.000552437	0.03285	0	0	-5.19521e-05	-5.19521e-05	0.000103904	92.9116	0	0	2.03598	-6.3549	0	8.39089		300	0.39678	0.000276224	0.000276224	-0.000552448	0.0161359	0	0	0.39678	0	-0.426642	-237.002	0	213.464	213.464	-2.13163e-14	12.4428	0	0	0	0	0	0	0	0	0	0	0	0	0	0	0	0	0	0	0	0	0	0	0	0	0	0	0	0	0	0	0	0	0	
1	1	1	658	19.74		300	0	0	0.000276912	0.000276912	-0.000553825	0.0329	0	0	-5.20551e-05	-5.20551e-05	0.00010411	92.9643	0	0	2.04063	-6.3561	0	8.39673		300	0.39725	0.000276918	0.000276918	-0.000553836	0.0161764	0	0	0.39725	0	-0.426642	-237.002	0	213.464	213.464	-2.13163e-14	12.4428	0	0	0	0	0	0	0	0	0	0	0	0	0	0	0	0	0	0	0	0	0	0	0	0	0	0	0	0	0	0	0	0	0	
1	1	1	659	19.77		300	0	0	0.000277606	0.000277606	-0.000555212	0.03295	0	0	-5.2158e-05	-5.2158e-05	0.000104316	93.0169	0	0	2.04528	-6.3573	0	8.40258		300	0.397719	0.000277612	0.000277612	-0.000555223	0.0162169	0	0	0.397719	0	-0.426642	-237.002	0	213.464	213.464	-2.13163e-14	12.4428	0	0	0	0	0	0	0	0	0	0	0	0	0	0	0	0	0	0	0	0	0	0	0	0	0	0	0	0	0	0	0	0	0	
1	1	1	660	19.8		300	0	0	0.0002783	0.0002783	-0.0005566	0.033	0	0	-5.22609e-05	-5.22609e-05	0.000104522	93.0695	0	0	2.04993	-6.35849	0	8.40842		300	0.398188	0.000278306	0.000278306	-0.000556611	0.0162574	0	0	0.398188	0	-0.426642	-237.002	0	213.464	213.464	-2.13163e-14	12.4428	0	0	0	0	0	0	0	0	0	0	0	0	0	0	0	0	0	0	0	0	0	0	0	0	0	0	0	0	0	0	0	0	0	
1	1	1	661	19.83		300	0	0	0.000278994	0.000278994	-0.000557988	0.03305	0	0	-5.23637e-05	-5.23637e-05	0.000104727	93.122	0	0	2.05459	-6.35967	0	8.41426		300	0.398657	0.000279	0.000279	-0.000557999	0.016298	0	0	0.398657	0	-0.426642	-237.002	0	213.464	213.464	-2.13163e-14	12.4428	0	0	0	0	0	0	0	0	0	0	0	0	0	0	0	0	0	0	0	0	0	0	0	0	0	0	0	0	0	0	0	0	0	
1	1	1	662	19.86		300	0	0	0.000279689	0.000279689	-0.000559377	0.0331	0	0	-5.24664e-05	-5.24664e-05	0.000104933	93.1745	0	0	2.05924	-6.36085	0	8.42009		300	0.399126	0.000279694	0.000279694	-0.000559388	0.0163386	0	0	0.399126	0	-0.426642	-237.002	0	213.464	213.464	-2.13163e-14	12.4428	0	0	0	0	0	0	0	0	0	0	0	0	0	0	0	0	0	0	0	0	0	0	0	0	0	0	0	0	0	0	0	0	0	
1	1	1	663	19.89		300	0	0	0.000280383	0.000280383	-0.000560766	0.03315	0	0	-5.25691e-05	-5.25691e-05	0.000105138	93.2269	0	0	2.0639	-6.36202	0	8.42593		300	0.399594	0.000280388	0.000280388	-0.000560777	0.0163791	0	0	0.399594	0	-0.426642	-237.002	0	213.464	213.464	-2.13163e-14	12.4428	0	0	0	0	0	0	0	0	0	0	0	0	0	0	0	0	0	0	0	0	0	0	0	0	0	0	0	0	0	0	0	0	0	
1	1	1	664	19.92		300	0	0	0.000281078	0.000281078	-0.000562155	0.0332	0	0	-5.26717e-05	-5.26717e-05	0.000105343	93.2793	0	0	2.06857	-6.36319	0	8.43176		300	0.400063	0.000281083	0.000281083	-0.000562166	0.0164197	0	0	0.400063	0	-0.426642	-237.002	0	213.464	213.464	-2.13163e-14	12.4428	0	0	0	0	0	0	0	0	0	0	0	0	0	0	0	0	0	0	0	0	0	0	0	0	0	0	0	0	0	0	0	0	0	
1	1	1	665	19.95		300	0	0	0.000281772	0.000281772	-0.000563545	0.03325	0	0	-5.27742e-05	-5.27742e-05	0.000105548	93.3316	0	0	2.07323	-6.36435	0	8.43759		300	0.400531	0.000281778	0.000281778	-0.000563556	0.0164603	0	0	0.400531	0	-0.426642	-237.002	0	213.464	213.464	-2.13163e-14	12.4428	0	0	0	0	0	0	0	0	0	0	0	0	0	0	0	0	0	0	0	0	0	0	0	0	0	0	0	0	0	0	0	0	0	
1	1	1	666	19.98		300	0	0	0.000282467	0.000282467	-0.000564935	0.0333	0	0	-5.28767e-05	-5.28767e-05	0.000105753	93.3839	0	0	2.0779	-6.36551	0	8.44341		300	0.400999	0.000282473	0.000282473	-0.000564946	0.0165009	0	0	0.400999	0	-0.426642	-237.002	0	213.464	213.464	-2.13163e-14	12.4428	0	0	0	0	0	0	0	0	0	0	0	0	0	0	0	0	0	0	0	0	0	0	0	0	0	0	0	0	0	0	0	0	0	
1	1	1	667	20.01		300	0	0	0.000283162	0.000283162	-0.000566325	0.03335	0	0	-5.29791e-05	-5.29791e-05	0.000105958	93.4361	0	0	2.08257	-6.36666	0	8.44923		300	0.401467	0.000283168	0.000283168	-0.000566336	0.0165415	0	0	0.401467	0	-0.426642	-237.002	0	213.464	213.464	-2.13163e-14	12.4428	0	0	0	0	0	0	0	0	0	0	0	0	0	0	0	0	0	0	0	0	0	0	0	0	0	0	0	0	0	0	0	0	0	
1	1	1	668	20.04		300	0	0	0.000283858	0.000283858	-0.000567715	0.0334	0	0	-5.30815e-05	-5.30815e-05	0.000106163	93.4882	0	0	2.08724	-6.36781	0	8.45505		300	0.401934	0.000283863	0.000283863	-0.000567727	0.0165821	0	0	0.401934	0	-0.426642	-237.002	0	213.464	213.464	-2.13163e-14	12.4428	0	0	0	0	0	0	0	0	0	0	0	0	0	0	0	0	0	0	0	0	0	0	0	0	0	0	0	0	0	0	0	0	0	
1	1	1	669	20.07		300	0	0	0.000284553	0.000284553	-0.000569106	0.03345	0	0	-5.31838e-05	-5.31838e-05	0.000106368	93.5403	0	0	2.09192	-6.36895	0	8.46087		300	0.402402	0.000284559	0.000284559	-0.000569118	0.0166228	0	0	0.402402	0	-0.426642	-237.002	0	213.464	213.464	-2.13163e-14	12.4428	0	0	0	0	0	0	0	0	0	0	0	0	0	0	0	0	0	0	0	0	0	0	0	0	0	0	0	0	0	0	0	0	0	
1	1	1	670	20.1		300	0	0	0.000285249	0.000285249	-0.000570498	0.0335	0	0	-5.3286e-05	-5.3286e-05	0.000106572	93.5924	0	0	2.0966	-6.37009	0	8.46669		300	0.402869	0.000285254	0.000285254	-0.000570509	0.0166634	0	0	0.402869	0	-0.426642	-237.002	0	213.464	213.464	-2.13163e-14	12.4428	0	0	0	0	0	0	0	0	0	0	0	0	0	0	0	0	0	0	0	0	0	0	0	0	0	0	0	0	0	0	0	0	0	
1	1	1	671	20.13		300	0	0	0.000285945	0.000285945	-0.000571889	0.03355	0	0	-5.33882e-05	-5.33882e-05	0.000106776	93.6444	0	0	2.10128	-6.37122	0	8.4725		300	0.403336	0.00028595	0.00028595	-0.0005719	0.016704	0	0	0.403336	0	-0.426642	-237.002	0	213.464	213.464	-2.13163e-14	12.4428	0	0	0	0	0	0	0	0	0	0	0	0	0	0	0	0	0	0	0	0	0	0	0	0	0	0	0	0	0	0	0	0	0	
1	1	1	672	20.16		300	0	0	0.00028664	0.00028664	-0.000573281	0.0336	0	0	-5.34903e-05	-5.34903e-05	0.000106981	93.6963	0	0	2.10596	-6.37235	0	8.47831		300	0.403802	0.000286646	0.000286646	-0.000573292	0.0167447	0	0	0.403802	0	-0.426642	-237.002	0	213.464	213.464	-2.13163e-14	12.4428	0	0	0	0	0	0	0	0	0	0	0	0	0	0	0	0	0	0	0	0	0	0	0	0	0	0	0	0	0	0	0	0	0	
1	1	1	673	20.19		300	0	0	0.000287337	0.000287337	-0.000574673	0.03365	0	0	-5.35924e-05	-5.35924e-05	0.000107185	93.7482	0	0	2.11065	-6.37347	0	8.48412		300	0.404269	0.000287342	0.000287342	-0.000574684	0.0167854	0	0	0.404269	0	-0.426642	-237.002	0	213.464	213.464	-2.13163e-14	12.4428	0	0	0	0	0	0	0	0	0	0	0	0	0	0	0	0	0	0	0	0	0	0	0	0	0	0	0	0	0	0	0	0	0	
1	1	1	674	20.22		300	0	0	0.000288033	0.000288033	-0.000576066	0.0337	0	0	-5.36944e-05	-5.36944e-05	0.000107389	93.8	0	0	2.11534	-6.37459	0	8.48992		300	0.404735	0.000288038	0.000288038	-0.000576077	0.016826	0	0	0.404735	0	-0.426642	-237.002	0	213.464	213.464	-2.13163e-14	12.4428	0	0	0	0	0	0	0	0	0	0	0	0	0	0	0	0	0	0	0	0	0	0	0	0	0	0	0	0	0	0	0	0	0	
1	1	1	675	20.25		300	0	0	0.000288729	0.000288729	-0.000577458	0.03375	0	0	-5.37963e-05	-5.37963e-05	0.000107593	93.8518	0	0	2.12003	-6.3757	0	8.49573		300	0.405201	0.000288735	0.000288735	-0.00057747	0.0168667	0	0	0.405201	0	-0.426642	-237.002	0	213.464	213.464	-2.13163e-14	12.4428	0	0	0	0	0	0	0	0	0	0	0	0	0	0	0	0	0	0	0	0	0	0	0	0	0	0	0	0	0	0	0	0	0	
1	1	1	676	20.28		300	0	0	0.000289426	0.000289426	-0.000578851	0.0338	0	0	-5.38981e-05	-5.38981e-05	0.000107796	93.9036	0	0	2.12472	-6.3768	0	8.50153		300	0.405667	0.000289431	0.000289431	-0.000578863	0.0169074	0	0	0.405667	0	-0.426642	-237.002	0	213.464	213.464	-2.13163e-14	12.4428	0	0	0	0	0	0	0	0	0	0	0	0	0	0	0	0	0	0	0	0	0	0	0	0	0	0	0	0	0	0	0	0	0	
1	1	1	677	20.31		300	0	0	0.000290122	0.000290122	-0.000580245	0.03385	0	0	-5.39999e-05	-5.39999e-05	0.000108	93.9553	0	0	2.12942	-6.37791	0	8.50732		300	0.406133	0.000290128	0.000290128	-0.000580256	0.0169481	0	0	0.406133	0	-0.426642	-237.002	0	213.464	213.464	-2.13163e-14	12.4428	0	0	0	0	0	0	0	0	0	0	0	0	0	0	0	0	0	0	0	0	0	0	0	0	0	0	0	0	0	0	0	0	0	
1	1	1	678	20.34		300	0	0	0.000290819	0.000290819	-0.000581639	0.0339	0	0	-5.41017e-05	-5.41017e-05	0.000108203	94.0069	0	0	2.13412	-6.379	0	8.51312		300	0.406598	0.000290825	0.000290825	-0.00058165	0.0169888	0	0	0.406598	0	-0.426642	-237.002	0	213.464	213.464	-2.13163e-14	12.4428	0	0	0	0	0	0	0	0	0	0	0	0	0	0	0	0	0	0	0	0	0	0	0	0	0	0	0	0	0	0	0	0	0	
1	1	1	679	20.37		300	0	0	0.000291516	0.000291516	-0.000583033	0.03395	0	0	-5.42034e-05	-5.42034e-05	0.000108407	94.0585	0	0	2.13882	-6.38009	0	8.51891		300	0.407064	0.000291522	0.000291522	-0.000583044	0.0170295	0	0	0.407064	0	-0.426642	-237.002	0	213.464	213.464	-2.13163e-14	12.4428	0	0	0	0	0	0	0	0	0	0	0	0	0	0	0	0	0	0	0	0	0	0	0	0	0	0	0	0	0	0	0	0	0	
1	1	1	680	20.4		300	0	0	0.000292213	0.000292213	-0.000584427	0.034	0	0	-5.4305e-05	-5.4305e-05	0.00010861	94.11	0	0	2.14352	-6.38118	0	8.5247		300	0.407529	0.000292219	0.000292219	-0.000584438	0.0170703	0	0	0.407529	0	-0.426642	-237.002	0	213.464	213.464	-2.13163e-14	12.4428	0	0	0	0	0	0	0	0	0	0	0	0	0	0	0	0	0	0	0	0	0	0	0	0	0	0	0	0	0	0	0	0	0	
1	1	1	681	20.43		300	0	0	0.000292911	0.000292911	-0.000585822	0.03405	0	0	-5.44065e-05	-5.44065e-05	0.000108813	94.1615	0	0	2.14823	-6.38226	0	8.53049		300	0.407993	0.000292916	0.000292916	-0.000585833	0.017111	0	0	0.407993	0	-0.426642	-237.002	0	213.464	213.464	-2.13163e-14	12.4428	0	0	0	0	0	0	0	0	0	0	0	0	0	0	0	0	0	0	0	0	0	0	0	0	0	0	0	0	0	0	0	0	0	
1	1	1	682	20.46		300	0	0	0.000293608	0.000293608	-0.000587216	0.0341	0	0	-5.4508e-05	-5.4508e-05	0.000109016	94.2129	0	0	2.15294	-6.38333	0	8.53627		300	0.408458	0.000293614	0.000293614	-0.000587228	0.0171518	0	0	0.408458	0	-0.426642	-237.002	0	213.464	213.464	-2.13163e-14	12.4428	0	0	0	0	0	0	0	0	0	0	0	0	0	0	0	0	0	0	0	0	0	0	0	0	0	0	0	0	0	0	0	0	0	
1	1	1	683	20.49		300	0	0	0.000294306	0.000294306	-0.000588612	0.03415	0	0	-5.46094e-05	-5.46094e-05	0.000109219	94.2643	0	0	2.15765	-6.3844	0	8.54206		300	0.408923	0.000294312	0.000294312	-0.000588623	0.0171925	0	0	0.408923	0	-0.426642	-237.002	0	213.464	213.464	-2.13163e-14	12.4428	0	0	0	0	0	0	0	0	0	0	0	0	0	0	0	0	0	0	0	0	0	0	0	0	0	0	0	0	0	0	0	0	0	
1	1	1	684	20.52		300	0	0	0.000295004	0.000295004	-0.000590007	0.0342	0	0	-5.47108e-05	-5.47108e-05	0.000109422	94.3157	0	0	2.16237	-6.38547	0	8.54784		300	0.409387	0.000295009	0.000295009	-0.000590019	0.0172333	0	0	0.409387	0	-0.426642	-237.002	0	213.464	213.464	-2.13163e-14	12.4428	0	0	0	0	0	0	0	0	0	0	0	0	0	0	0	0	0	0	0	0	0	0	0	0	0	0	0	0	0	0	0	0	0	
1	1	1	685	20.55		300	0	0	0.000295702	0.000295702	-0.000591403	0.03425	0	0	-5.48121e-05	-5.48121e-05	0.000109624	94.3669	0	0	2.16708	-6.38653	0	8.55361		300	0.409851	0.000295707	0.000295707	-0.000591415	0.017274	0	0	0.409851	0	-0.426642	-237.002	0	213.464	213.464	-2.13163e-14	12.4428	0	0	0	0	0	0	0	0	0	0	0	0	0	0	0	0	0	0	0	0	0	0	0	0	0	0	0	0	0	0	0	0	0	
1	1	1	686	20.58		300	0	0	0.0002964	0.0002964	-0.000592799	0.0343	0	0	-5.49133e-05	-5.49133e-05	0.000109827	94.4182	0	0	2.1718	-6.38759	0	8.55939		300	0.410315	0.000296405	0.000296405	-0.000592811	0.0173148	0	0	0.410315	0	-0.426642	-237.002	0	213.464	213.464	-2.13163e-14	12.4428	0	0	0	0	0	0	0	0	0	0	0	0	0	0	0	0	0	0	0	0	0	0	0	0	0	0	0	0	0	0	0	0	0	
1	1	1	687	20.61		300	0	0	0.000297098	0.000297098	-0.000594196	0.03435	0	0	-5.50145e-05	-5.50145e-05	0.000110029	94.4694	0	0	2.17653	-6.38864	0	8.56516		300	0.410779	0.000297104	0.000297104	-0.000594207	0.0173556	0	0	0.410779	0	-0.426642	-237.002	0	213.464	213.464	-2.13163e-14	12.4428	0	0	0	0	0	0	0	0	0	0	0	0	0	0	0	0	0	0	0	0	0	0	0	0	0	0	0	0	0	0	0	0	0	
1	1	1	688	20.64		300	0	0	0.000297796	0.000297796	-0.000595592	0.0344	0	0	-5.51156e-05	-5.51156e-05	0.000110231	94.5205	0	0	2.18125	-6.38968	0	8.57093		300	0.411242	0.000297802	0.000297802	-0.000595604	0.0173964	0	0	0.411242	0	-0.426642	-237.002	0	213.464	213.464	-2.13163e-14	12.4428	0	0	0	0	0	0	0	0	0	0	0	0	0	0	0	0	0	0	0	0	0	0	0	0	0	0	0	0	0	0	0	0	0	
1	1	1	689	20.67		300	0	0	0.000298495	0.000298495	-0.00059699	0.03445	0	0	-5.52167e-05	-5.52167e-05	0.000110433	94.5716	0	0	2.18598	-6.39072	0	8.5767		300	0.411705	0.000298501	0.000298501	-0.000597001	0.0174372	0	0	0.411705	0	-0.426642	-237.002	0	213.464	213.464	-2.13163e-14	12.4428	0	0	0	0	0	0	0	0	0	0	0	0	0	0	0	0	0	0	0	0	0	0	0	0	0	0	0	0	0	0	0	0	0	
1	1	1	690	20.7		300	0	0	0.000299193	0.000299193	-0.000598387	0.0345	0	0	-5.53176e-05	-5.53176e-05	0.000110635	94.6227	0	0	2.19071	-6.39176	0	8.58246		300	0.412168	0.000299199	0.000299199	-0.000598398	0.017478	0	0	0.412168	0	-0.426642	-237.002	0	213.464	213.464	-2.13163e-14	12.4428	0	0	0	0	0	0	0	0	0	0	0	0	0	0	0	0	0	0	0	0	0	0	0	0	0	0	0	0	0	0	0	0	0	
1	1	1	691	20.73		300	0	0	0.000299892	0.000299892	-0.000599785	0.03455	0	0	-5.54186e-05	-5.54186e-05	0.000110837	94.6737	0	0	2.19544	-6.39279	0	8.58823		300	0.412631	0.000299898	0.000299898	-0.000599796	0.0175189	0	0	0.412631	0	-0.426642	-237.002	0	213.464	213.464	-2.13163e-14	12.4428	0	0	0	0	0	0	0	0	0	0	0	0	0	0	0	0	0	0	0	0	0	0	0	0	0	0	0	0	0	0	0	0	0	
1	1	1	692	20.76		300	0	0	0.000300591	0.000300591	-0.000601182	0.0346	0	0	-5.55194e-05	-5.55194e-05	0.000111039	94.7246	0	0	2.20017	-6.39381	0	8.59399		300	0.413094	0.000300597	0.000300597	-0.000601194	0.0175597	0	0	0.413094	0	-0.426642	-237.002	0	213.464	213.464	-2.13163e-14	12.4428	0	0	0	0	0	0	0	0	0	0	0	0	0	0	0	0	0	0	0	0	0	0	0	0	0	0	0	0	0	0	0	0	0	
1	1	1	693	20.79		300	0	0	0.00030129	0.00030129	-0.000602581	0.03465	0	0	-5.56202e-05	-5.56202e-05	0.00011124	94.7755	0	0	2.20491	-6.39483	0	8.59975		300	0.413556	0.000301296	0.000301296	-0.000602592	0.0176006	0	0	0.413556	0	-0.426642	-237.002	0	213.464	213.464	-2.13163e-14	12.4428	0	0	0	0	0	0	0	0	0	0	0	0	0	0	0	0	0	0	0	0	0	0	0	0	0	0	0	0	0	0	0	0	0	
1	1	1	694	20.82		300	0	0	0.00030199	0.00030199	-0.000603979	0.0347	0	0	-5.5721e-05	-5.5721e-05	0.000111442	94.8264	0	0	2.20965	-6.39585	0	8.6055		300	0.414019	0.000301995	0.000301995	-0.000603991	0.0176414	0	0	0.414019	0	-0.426642	-237.002	0	213.464	213.464	-2.13163e-14	12.4428	0	0	0	0	0	0	0	0	0	0	0	0	0	0	0	0	0	0	0	0	0	0	0	0	0	0	0	0	0	0	0	0	0	
1	1	1	695	20.85		300	0	0	0.000302689	0.000302689	-0.000605378	0.03475	0	0	-5.58216e-05	-5.58216e-05	0.000111643	94.8772	0	0	2.21439	-6.39686	0	8.61125		300	0.414481	0.000302695	0.000302695	-0.00060539	0.0176823	0	0	0.414481	0	-0.426642	-237.002	0	213.464	213.464	-2.13163e-14	12.4428	0	0	0	0	0	0	0	0	0	0	0	0	0	0	0	0	0	0	0	0	0	0	0	0	0	0	0	0	0	0	0	0	0	
1	1	1	696	20.88		300	0	0	0.000303389	0.000303389	-0.000606777	0.0348	0	0	-5.59222e-05	-5.59222e-05	0.000111844	94.9279	0	0	2.21914	-6.39786	0	8.617		300	0.414943	0.000303394	0.000303394	-0.000606789	0.0177231	0	0	0.414943	0	-0.426642	-237.002	0	213.464	213.464	-2.13163e-14	12.4428	0	0	0	0	0	0	0	0	0	0	0	0	0	0	0	0	0	0	0	0	0	0	0	0	0	0	0	0	0	0	0	0	0	
1	1	1	697	20.91		300	0	0	0.000304088	0.000304088	-0.000608176	0.03485	0	0	-5.60228e-05	-5.60228e-05	0.000112046	94.9786	0	0	2.22389	-6.39886	0	8.62275		300	0.415404	0.000304094	0.000304094	-0.000608188	0.017764	0	0	0.415404	0	-0.426642	-237.002	0	213.464	213.464	-2.13163e-14	12.4428	0	0	0	0	0	0	0	0	0	0	0	0	0	0	0	0	0	0	0	0	0	0	0	0	0	0	0	0	0	0	0	0	0	
1	1	1	698	20.94		300	0	0	0.000304788	0.000304788	-0.000609576	0.0349	0	0	-5.61233e-05	-5.61233e-05	0.000112247	95.0293	0	0	2.22864	-6.39986	0	8.6285		300	0.415866	0.000304794	0.000304794	-0.000609588	0.0178049	0	0	0.415866	0	-0.426642	-237.002	0	213.464	213.464	-2.13163e-14	12.4428	0	0	0	0	0	0	0	0	0	0	0	0	0	0	0	0	0	0	0	0	0	0	0	0	0	0	0	0	0	0	0	0	0	
1	1	1	699	20.97		300	0	0	0.000305488	0.000305488	-0.000610976	0.03495	0	0	-5.62237e-05	-5.62237e-05	0.000112447	95.0799	0	0	2.23339	-6.40085	0	8.63424		300	0.416327	0.000305494	0.000305494	-0.000610988	0.0178458	0	0	0.416327	0	-0.426642	-237.002	0	213.464	213.464	-2.13163e-14	12.4428	0	0	0	0	0	0	0	0	0	0	0	0	0	0	0	0	0	0	0	0	0	0	0	0	0	0	0	0	0	0	0	0	0	
1	1	1	700	21		300	0	0	0.000306188	0.000306188	-0.000612376	0.035	0	0	-5.63241e-05	-5.63241e-05	0.000112648	95.1305	0	0	2.23815	-6.40184	0	8.63998		300	0.416788	0.000306194	0.000306194	-0.000612388	0.0178867	0	0	0.416788	0	-0.426642	-237.002	0	213.464	213.464	-2.13163e-14	12.4428	0	0	0	0	0	0	0	0	0	0	0	0	0	0	0	0	0	0	0	0	0	0	0	0	0	0	0	0	0	0	0	0	0	
1	1	1	701	21.03		300	0	0	0.000306888	0.000306888	-0.000613777	0.03505	0	0	-5.64244e-05	-5.64244e-05	0.000112849	95.181	0	0	2.2429	-6.40282	0	8.64572		300	0.417249	0.000306894	0.000306894	-0.000613789	0.0179276	0	0	0.417249	0	-0.426642	-237.002	0	213.464	213.464	-2.13163e-14	12.4428	0	0	0	0	0	0	0	0	0	0	0	0	0	0	0	0	0	0	0	0	0	0	0	0	0	0	0	0	0	0	0	0	0	
1	1	1	702	21.06		300	0	0	0.000307589	0.000307589	-0.000615178	0.0351	0	0	-5.65246e-05	-5.65246e-05	0.000113049	95.2315	0	0	2.24766	-6.40379	0	8.65146		300	0.41771	0.000307595	0.000307595	-0.000615189	0.0179685	0	0	0.41771	0	-0.426642	-237.002	0	213.464	213.464	-2.13163e-14	12.4428	0	0	0	0	0	0	0	0	0	0	0	0	0	0	0	0	0	0	0	0	0	0	0	0	0	0	0	0	0	0	0	0	0	
1	1	1	703	21.09		300	0	0	0.000308289	0.000308289	-0.000616579	0.03515	0	0	-5.66248e-05	-5.66248e-05	0.00011325	95.282	0	0	2.25243	-6.40476	0	8.65719		300	0.418171	0.000308295	0.000308295	-0.00061659	0.0180094	0	0	0.418171	0	-0.426642	-237.002	0	213.464	213.464	-2.13163e-14	12.4428	0	0	0	0	0	0	0	0	0	0	0	0	0	0	0	0	0	0	0	0	0	0	0	0	0	0	0	0	0	0	0	0	0	
1	1	1	704	21.12		300	0	0	0.00030899	0.00030899	-0.00061798	0.0352	0	0	-5.67249e-05	-5.67249e-05	0.00011345	95.3323	0	0	2.25719	-6.40573	0	8.66292		300	0.418631	0.000308996	0.000308996	-0.000617992	0.0180504	0	0	0.418631	0	-0.426642	-237.002	0	213.464	213.464	-2.13163e-14	12.4428	0	0	0	0	0	0	0	0	0	0	0	0	0	0	0	0	0	0	0	0	0	0	0	0	0	0	0	0	0	0	0	0	0	
1	1	1	705	21.15		300	0	0	0.000309691	0.000309691	-0.000619382	0.03525	0	0	-5.68249e-05	-5.68249e-05	0.00011365	95.3827	0	0	2.26196	-6.40669	0	8.66865		300	0.419091	0.000309697	0.000309697	-0.000619394	0.0180913	0	0	0.419091	0	-0.426642	-237.002	0	213.464	213.464	-2.13163e-14	12.4428	0	0	0	0	0	0	0	0	0	0	0	0	0	0	0	0	0	0	0	0	0	0	0	0	0	0	0	0	0	0	0	0	0	
1	1	1	706	21.18		300	0	0	0.000310392	0.000310392	-0.000620783	0.0353	0	0	-5.69249e-05	-5.69249e-05	0.00011385	95.433	0	0	2.26673	-6.40764	0	8.67437		300	0.419551	0.000310398	0.000310398	-0.000620795	0.0181323	0	0	0.419551	0	-0.426642	-237.002	0	213.464	213.464	-2.13163e-14	12.4428	0	0	0	0	0	0	0	0	0	0	0	0	0	0	0	0	0	0	0	0	0	0	0	0	0	0	0	0	0	0	0	0	0	
1	1	1	707	21.21		300	0	0	0.000311093	0.000311093	-0.000622186	0.03535	0	0	-5.70248e-05	-5.70248e-05	0.00011405	95.4833	0	0	2.2715	-6.4086	0	8.6801		300	0.420011	0.000311099	0.000311099	-0.000622198	0.0181732	0	0	0.420011	0	-0.426642	-237.002	0	213.464	213.464	-2.13163e-14	12.4428	0	0	0	0	0	0	0	0	0	0	0	0	0	0	0	0	0	0	0	0	0	0	0	0	0	0	0	0	0	0	0	0	0	
1	1	1	708	21.24		300	0	0	0.000311794	0.000311794	-0.000623588	0.0354	0	0	-5.71247e-05	-5.71247e-05	0.000114249	95.5335	0	0	2.27628	-6.40954	0	8.68582		300	0.42047	0.0003118	0.0003118	-0.0006236	0.0182142	0	0	0.42047	0	-0.426642	-237.002	0	213.464	213.464	-2.13163e-14	12.4428	0	0	0	0	0	0	0	0	0	0	0	0	0	0	0	0	0	0	0	0	0	0	0	0	0	0	0	0	0	0	0	0	0	
1	1	1	709	21.27		300	0	0	0.000312495	0.000312495	-0.000624991	0.03545	0	0	-5.72245e-05	-5.72245e-05	0.000114449	95.5836	0	0	2.28106	-6.41048	0	8.69154		300	0.42093	0.000312501	0.000312501	-0.000625003	0.0182552	0	0	0.42093	0	-0.426642	-237.002	0	213.464	213.464	-2.13163e-14	12.4428	0	0	0	0	0	0	0	0	0	0	0	0	0	0	0	0	0	0	0	0	0	0	0	0	0	0	0	0	0	0	0	0	0	
1	1	1	710	21.3		300	0	0	0.000313197	0.000313197	-0.000626394	0.0355	0	0	-5.73242e-05	-5.73242e-05	0.000114648	95.6338	0	0	2.28584	-6.41142	0	8.69726		300	0.421389	0.000313203	0.000313203	-0.000626406	0.0182962	0	0	0.421389	0	-0.426642	-237.002	0	213.464	213.464	-2.13163e-14	12.4428	0	0	0	0	0	0	0	0	0	0	0	0	0	0	0	0	0	0	0	0	0	0	0	0	0	0	0	0	0	0	0	0	0	
1	1	1	711	21.33		300	0	0	0.000313899	0.000313899	-0.000627797	0.03555	0	0	-5.74239e-05	-5.74239e-05	0.000114848	95.6838	0	0	2.29062	-6.41235	0	8.70297		300	0.421848	0.000313905	0.000313905	-0.000627809	0.0183372	0	0	0.421848	0	-0.426642	-237.002	0	213.464	213.464	-2.13163e-14	12.4428	0	0	0	0	0	0	0	0	0	0	0	0	0	0	0	0	0	0	0	0	0	0	0	0	0	0	0	0	0	0	0	0	0	
1	1	1	712	21.36		300	0	0	0.0003146	0.0003146	-0.000629201	0.0356	0	0	-5.75235e-05	-5.75235e-05	0.000115047	95.7339	0	0	2.29541	-6.41328	0	8.70868		300	0.422307	0.000314606	0.000314606	-0.000629213	0.0183781	0	0	0.422307	0	-0.426642	-237.002	0	213.464	213.464	-2.13163e-14	12.4428	0	0	0	0	0	0	0	0	0	0	0	0	0	0	0	0	0	0	0	0	0	0	0	0	0	0	0	0	0	0	0	0	0	
1	1	1	713	21.39		300	0	0	0.000315302	0.000315302	-0.000630604	0.03565	0	0	-5.76231e-05	-5.76231e-05	0.000115246	95.7839	0	0	2.30019	-6.4142	0	8.71439		300	0.422765	0.000315308	0.000315308	-0.000630616	0.0184192	0	0	0.422765	0	-0.426642	-237.002	0	213.464	213.464	-2.13163e-14	12.4428	0	0	0	0	0	0	0	0	0	0	0	0	0	0	0	0	0	0	0	0	0	0	0	0	0	0	0	0	0	0	0	0	0	
1	1	1	714	21.42		300	0	0	0.000316004	0.000316004	-0.000632008	0.0357	0	0	-5.77225e-05	-5.77225e-05	0.000115445	95.8338	0	0	2.30498	-6.41511	0	8.7201		300	0.423224	0.00031601	0.00031601	-0.000632021	0.0184602	0	0	0.423224	0	-0.426642	-237.002	0	213.464	213.464	-2.13163e-14	12.4428	0	0	0	0	0	0	0	0	0	0	0	0	0	0	0	0	0	0	0	0	0	0	0	0	0	0	0	0	0	0	0	0	0	
1	1	1	715	21.45		300	0	0	0.000316706	0.000316706	-0.000633413	0.03575	0	0	-5.7822e-05	-5.7822e-05	0.000115644	95.8837	0	0	2.30978	-6.41603	0	8.7258		300	0.423682	0.000316712	0.000316712	-0.000633425	0.0185012	0	0	0.423682	0	-0.426642	-237.002	0	213.464	213.464	-2.13163e-14	12.4428	0	0	0	0	0	0	0	0	0	0	0	0	0	0	0	0	0	0	0	0	0	0	0	0	0	0	0	0	0	0	0	0	0	
1	1	1	716	21.48		300	0	0	0.000317409	0.000317409	-0.000634817	0.0358	0	0	-5.79213e-05	-5.79213e-05	0.000115843	95.9336	0	0	2.31457	-6.41693	0	8.73151		300	0.42414	0.000317415	0.000317415	-0.00063483	0.0185422	0	0	0.42414	0	-0.426642	-237.002	0	213.464	213.464	-2.13163e-14	12.4428	0	0	0	0	0	0	0	0	0	0	0	0	0	0	0	0	0	0	0	0	0	0	0	0	0	0	0	0	0	0	0	0	0	
1	1	1	717	21.51		300	0	0	0.000318111	0.000318111	-0.000636222	0.03585	0	0	-5.80206e-05	-5.80206e-05	0.000116041	95.9834	0	0	2.31937	-6.41784	0	8.73721		300	0.424598	0.000318117	0.000318117	-0.000636234	0.0185833	0	0	0.424598	0	-0.426642	-237.002	0	213.464	213.464	-2.13163e-14	12.4428	0	0	0	0	0	0	0	0	0	0	0	0	0	0	0	0	0	0	0	0	0	0	0	0	0	0	0	0	0	0	0	0	0	
1	1	1	718	21.54		300	0	0	0.000318814	0.000318814	-0.000637627	0.0359	0	0	-5.81199e-05	-5.81199e-05	0.00011624	96.0332	0	0	2.32417	-6.41873	0	8.7429		300	0.425056	0.00031882	0.00031882	-0.00063764	0.0186243	0	0	0.425056	0	-0.426642	-237.002	0	213.464	213.464	-2.13163e-14	12.4428	0	0	0	0	0	0	0	0	0	0	0	0	0	0	0	0	0	0	0	0	0	0	0	0	0	0	0	0	0	0	0	0	0	
1	1	1	719	21.57		300	0	0	0.000319516	0.000319516	-0.000639033	0.03595	0	0	-5.8219e-05	-5.8219e-05	0.000116438	96.0829	0	0	2.32897	-6.41963	0	8.7486		300	0.425513	0.000319522	0.000319522	-0.000639045	0.0186654	0	0	0.425513	0	-0.426642	-237.002	0	213.464	213.464	-2.13163e-14	12.4428	0	0	0	0	0	0	0	0	0	0	0	0	0	0	0	0	0	0	0	0	0	0	0	0	0	0	0	0	0	0	0	0	0	
1	1	1	720	21.6		300	0	0	0.000320219	0.000320219	-0.000640438	0.036	0	0	-5.83181e-05	-5.83181e-05	0.000116636	96.1326	0	0	2.33378	-6.42051	0	8.75429		300	0.42597	0.000320225	0.000320225	-0.000640451	0.0187064	0	0	0.42597	0	-0.426642	-237.002	0	213.464	213.464	-2.13163e-14	12.4428	0	0	0	0	0	0	0	0	0	0	0	0	0	0	0	0	0	0	0	0	0	0	0	0	0	0	0	0	0	0	0	0	0	
1	1	1	721	21.63		300	0	0	0.000320922	0.000320922	-0.000641844	0.03605	0	0	-5.84172e-05	-5.84172e-05	0.000116834	96.1822	0	0	2.33859	-6.4214	0	8.75998		300	0.426427	0.000320928	0.000320928	-0.000641857	0.0187475	0	0	0.426427	0	-0.426642	-237.002	0	213.464	213.464	-2.13163e-14	12.4428	0	0	0	0	0	0	0	0	0	0	0	0	0	0	0	0	0	0	0	0	0	0	0	0	0	0	0	0	0	0	0	0	0	
1	1	1	722	21.66		300	0	0	0.000321625	0.000321625	-0.000643251	0.0361	0	0	-5.85162e-05	-5.85162e-05	0.000117032	96.2318	0	0	2.3434	-6.42227	0	8.76567		300	0.426884	0.000321631	0.000321631	-0.000643263	0.0187886	0	0	0.426884	0	-0.426642	-237.002	0	213.464	213.464	-2.13163e-14	12.4428	0	0	0	0	0	0	0	0	0	0	0	0	0	0	0	0	0	0	0	0	0	0	0	0	0	0	0	0	0	0	0	0	0	
1	1	1	723	21.69		300	0	0	0.000322328	0.000322328	-0.000644657	0.03615	0	0	-5.86151e-05	-5.86151e-05	0.00011723	96.2814	0	0	2.34821	-6.42315	0	8.77136		300	0.427341	0.000322335	0.000322335	-0.000644669	0.0188297	0	0	0.427341	0	-0.426642	-237.002	0	213.464	213.464	-2.13163e-14	12.4428	0	0	0	0	0	0	0	0	0	0	0	0	0	0	0	0	0	0	0	0	0	0	0	0	0	0	0	0	0	0	0	0	0	
1	1	1	724	21.72		300	0	0	0.000323032	0.000323032	-0.000646064	0.0362	0	0	-5.8714e-05	-5.8714e-05	0.000117428	96.3309	0	0	2.35302	-6.42402	0	8.77704		300	0.427798	0.000323038	0.000323038	-0.000646076	0.0188707	0	0	0.427798	0	-0.426642	-237.002	0	213.464	213.464	-2.13163e-14	12.4428	0	0	0	0	0	0	0	0	0	0	0	0	0	0	0	0	0	0	0	0	0	0	0	0	0	0	0	0	0	0	0	0	0	
1	1	1	725	21.75		300	0	0	0.000323735	0.000323735	-0.000647471	0.03625	0	0	-5.88128e-05	-5.88128e-05	0.000117626	96.3804	0	0	2.35784	-6.42488	0	8.78272		300	0.428254	0.000323741	0.000323741	-0.000647483	0.0189118	0	0	0.428254	0	-0.426642	-237.002	0	213.464	213.464	-2.13163e-14	12.4428	0	0	0	0	0	0	0	0	0	0	0	0	0	0	0	0	0	0	0	0	0	0	0	0	0	0	0	0	0	0	0	0	0	
1	1	1	726	21.78		300	0	0	0.000324439	0.000324439	-0.000648878	0.0363	0	0	-5.89115e-05	-5.89115e-05	0.000117823	96.4298	0	0	2.36266	-6.42574	0	8.7884		300	0.42871	0.000324445	0.000324445	-0.00064889	0.018953	0	0	0.42871	0	-0.426642	-237.002	0	213.464	213.464	-2.13163e-14	12.4428	0	0	0	0	0	0	0	0	0	0	0	0	0	0	0	0	0	0	0	0	0	0	0	0	0	0	0	0	0	0	0	0	0	
1	1	1	727	21.81		300	0	0	0.000325143	0.000325143	-0.000650285	0.03635	0	0	-5.90102e-05	-5.90102e-05	0.00011802	96.4792	0	0	2.36749	-6.42659	0	8.79408		300	0.429166	0.000325149	0.000325149	-0.000650298	0.0189941	0	0	0.429166	0	-0.426642	-237.002	0	213.464	213.464	-2.13163e-14	12.4428	0	0	0	0	0	0	0	0	0	0	0	0	0	0	0	0	0	0	0	0	0	0	0	0	0	0	0	0	0	0	0	0	0	
1	1	1	728	21.84		300	0	0	0.000325846	0.000325846	-0.000651693	0.0364	0	0	-5.91088e-05	-5.91088e-05	0.000118218	96.5286	0	0	2.37231	-6.42744	0	8.79975		300	0.429622	0.000325853	0.000325853	-0.000651705	0.0190352	0	0	0.429622	0	-0.426642	-237.002	0	213.464	213.464	-2.13163e-14	12.4428	0	0	0	0	0	0	0	0	0	0	0	0	0	0	0	0	0	0	0	0	0	0	0	0	0	0	0	0	0	0	0	0	0	
1	1	1	729	21.87		300	0	0	0.00032655	0.00032655	-0.000653101	0.03645	0	0	-5.92073e-05	-5.92073e-05	0.000118415	96.5779	0	0	2.37714	-6.42828	0	8.80542		300	0.430078	0.000326557	0.000326557	-0.000653113	0.0190763	0	0	0.430078	0	-0.426642	-237.002	0	213.464	213.464	-2.13163e-14	12.4428	0	0	0	0	0	0	0	0	0	0	0	0	0	0	0	0	0	0	0	0	0	0	0	0	0	0	0	0	0	0	0	0	0	
1	1	1	730	21.9		300	0	0	0.000327255	0.000327255	-0.000654509	0.0365	0	0	-5.93058e-05	-5.93058e-05	0.000118612	96.6272	0	0	2.38197	-6.42912	0	8.81109		300	0.430533	0.000327261	0.000327261	-0.000654521	0.0191175	0	0	0.430533	0	-0.426642	-237.002	0	213.464	213.464	-2.13163e-14	12.4428	0	0	0	0	0	0	0	0	0	0	0	0	0	0	0	0	0	0	0	0	0	0	0	0	0	0	0	0	0	0	0	0	0	
1	1	1	731	21.93		300	0	0	0.000327959	0.000327959	-0.000655917	0.03655	0	0	-5.94042e-05	-5.94042e-05	0.000118808	96.6764	0	0	2.3868	-6.42996	0	8.81676		300	0.430988	0.000327965	0.000327965	-0.00065593	0.0191586	0	0	0.430988	0	-0.426642	-237.002	0	213.464	213.464	-2.13163e-14	12.4428	0	0	0	0	0	0	0	0	0	0	0	0	0	0	0	0	0	0	0	0	0	0	0	0	0	0	0	0	0	0	0	0	0	
1	1	1	732	21.96		300	0	0	0.000328663	0.000328663	-0.000657326	0.0366	0	0	-5.95026e-05	-5.95026e-05	0.000119005	96.7256	0	0	2.39164	-6.43079	0	8.82243		300	0.431443	0.000328669	0.000328669	-0.000657339	0.0191997	0	0	0.431443	0	-0.426642	-237.002	0	213.464	213.464	-2.13163e-14	12.4428	0	0	0	0	0	0	0	0	0	0	0	0	0	0	0	0	0	0	0	0	0	0	0	0	0	0	0	0	0	0	0	0	0	
1	1	1	733	21.99		300	0	0	0.000329368	0.000329368	-0.000658735	0.03665	0	0	-5.96009e-05	-5.96009e-05	0.000119202	96.7747	0	0	2.39647	-6.43161	0	8.82809		300	0.431898	0.000329374	0.000329374	-0.000658748	0.0192409	0	0	0.431898	0	-0.426642	-237.002	0	213.464	213.464	-2.13163e-14	12.4428	0	0	0	0	0	0	0	0	0	0	0	0	0	0	0	0	0	0	0	0	0	0	0	0	0	0	0	0	0	0	0	0	0	
1	1	1	734	22.02		300	0	0	0.000330072	0.000330072	-0.000660144	0.0367	0	0	-5.96991e-05	-5.96991e-05	0.000119398	96.8239	0	0	2.40131	-6.43244	0	8.83375		300	0.432353	0.000330078	0.000330078	-0.000660157	0.0192821	0	0	0.432353	0	-0.426642	-237.002	0	213.464	213.464	-2.13163e-14	12.4428	0	0	0	0	0	0	0	0	0	0	0	0	0	0	0	0	0	0	0	0	0	0	0	0	0	0	0	0	0	0	0	0	0	
1	1	1	735	22.05		300	0	0	0.000330777	0.000330777	-0.000661554	0.03675	0	0	-5.97973e-05	-5.97973e-05	0.000119595	96.8729	0	0	2.40616	-6.43325	0	8.83941		300	0.432807	0.000330783	0.000330783	-0.000661566	0.0193232	0	0	0.432807	0	-0.426642	-237.002	0	213.464	213.464	-2.13163e-14	12.4428	0	0	0	0	0	0	0	0	0	0	0	0	0	0	0	0	0	0	0	0	0	0	0	0	0	0	0	0	0	0	0	0	0	
1	1	1	736	22.08		300	0	0	0.000331482	0.000331482	-0.000662963	0.0368	0	0	-5.98954e-05	-5.98954e-05	0.000119791	96.922	0	0	2.411	-6.43406	0	8.84506		300	0.433262	0.000331488	0.000331488	-0.000662976	0.0193644	0	0	0.433262	0	-0.426642	-237.002	0	213.464	213.464	-2.13163e-14	12.4428	0	0	0	0	0	0	0	0	0	0	0	0	0	0	0	0	0	0	0	0	0	0	0	0	0	0	0	0	0	0	0	0	0	
1	1	1	737	22.11		300	0	0	0.000332187	0.000332187	-0.000664373	0.03685	0	0	-5.99935e-05	-5.99935e-05	0.000119987	96.9709	0	0	2.41585	-6.43487	0	8.85072		300	0.433716	0.000332193	0.000332193	-0.000664386	0.0194056	0	0	0.433716	0	-0.426642	-237.002	0	213.464	213.464	-2.13163e-14	12.4428	0	0	0	0	0	0	0	0	0	0	0	0	0	0	0	0	0	0	0	0	0	0	0	0	0	0	0	0	0	0	0	0	0	
1	1	1	738	22.14		300	0	0	0.000332892	0.000332892	-0.000665783	0.0369	0	0	-6.00914e-05	-6.00914e-05	0.000120183	97.0199	0	0	2.4207	-6.43567	0	8.85637		300	0.43417	0.000332898	0.000332898	-0.000665796	0.0194468	0	0	0.43417	0	-0.426642	-237.002	0	213.464	213.464	-2.13163e-14	12.4428	0	0	0	0	0	0	0	0	0	0	0	0	0	0	0	0	0	0	0	0	0	0	0	0	0	0	0	0	0	0	0	0	0	
1	1	1	739	22.17		300	0	0	0.000333597	0.000333597	-0.000667194	0.03695	0	0	-6.01894e-05	-6.01894e-05	0.000120379	97.0688	0	0	2.42555	-6.43647	0	8.86202		300	0.434623	0.000333603	0.000333603	-0.000667206	0.019488	0	0	0.434623	0	-0.426642	-237.002	0	213.464	213.464	-2.13163e-14	12.4428	0	0	0	0	0	0	0	0	0	0	0	0	0	0	0	0	0	0	0	0	0	0	0	0	0	0	0	0	0	0	0	0	0	
1	1	1	740	22.2		300	0	0	0.000334302	0.000334302	-0.000668605	0.037	0	0	-6.02872e-05	-6.02872e-05	0.000120574	97.1177	0	0	2.43041	-6.43726	0	8.86766		300	0.435077	0.000334309	0.000334309	-0.000668617	0.0195292	0	0	0.435077	0	-0.426642	-237.002	0	213.464	213.464	-2.13163e-14	12.4428	0	0	0	0	0	0	0	0	0	0	0	0	0	0	0	0	0	0	0	0	0	0	0	0	0	0	0	0	0	0	0	0	0	
1	1	1	741	22.23		300	0	0	0.000335008	0.000335008	-0.000670015	0.03705	0	0	-6.0385e-05	-6.0385e-05	0.00012077	97.1665	0	0	2.43526	-6.43805	0	8.87331		300	0.43553	0.000335014	0.000335014	-0.000670028	0.0195704	0	0	0.43553	0	-0.426642	-237.002	0	213.464	213.464	-2.13163e-14	12.4428	0	0	0	0	0	0	0	0	0	0	0	0	0	0	0	0	0	0	0	0	0	0	0	0	0	0	0	0	0	0	0	0	0	
1	1	1	742	22.26		300	0	0	0.000335713	0.000335713	-0.000671427	0.0371	0	0	-6.04828e-05	-6.04828e-05	0.000120966	97.2153	0	0	2.44012	-6.43883	0	8.87895		300	0.435983	0.00033572	0.00033572	-0.000671439	0.0196116	0	0	0.435983	0	-0.426642	-237.002	0	213.464	213.464	-2.13163e-14	12.4428	0	0	0	0	0	0	0	0	0	0	0	0	0	0	0	0	0	0	0	0	0	0	0	0	0	0	0	0	0	0	0	0	0	
1	1	1	743	22.29		300	0	0	0.000336419	0.000336419	-0.000672838	0.03715	0	0	-6.05804e-05	-6.05804e-05	0.000121161	97.2641	0	0	2.44498	-6.43961	0	8.88459		300	0.436437	0.000336425	0.000336425	-0.000672851	0.0196529	0	0	0.436437	0	-0.426642	-237.002	0	213.464	213.464	-2.13163e-14	12.4428	0	0	0	0	0	0	0	0	0	0	0	0	0	0	0	0	0	0	0	0	0	0	0	0	0	0	0	0	0	0	0	0	0	
1	1	1	744	22.32		300	0	0	0.000337125	0.000337125	-0.000674249	0.0372	0	0	-6.06781e-05	-6.06781e-05	0.000121356	97.3128	0	0	2.44985	-6.44038	0	8.89023		300	0.436889	0.000337131	0.000337131	-0.000674262	0.0196941	0	0	0.436889	0	-0.426642	-237.002	0	213.464	213.464	-2.13163e-14	12.4428	0	0	0	0	0	0	0	0	0	0	0	0	0	0	0	0	0	0	0	0	0	0	0	0	0	0	0	0	0	0	0	0	0	
1	1	1	745	22.35		300	0	0	0.000337831	0.000337831	-0.000675661	0.03725	0	0	-6.07756e-05	-6.07756e-05	0.000121551	97.3615	0	0	2.45471	-6.44115	0	8.89586		300	0.437342	0.000337837	0.000337837	-0.000675674	0.0197354	0	0	0.437342	0	-0.426642	-237.002	0	213.464	213.464	-2.13163e-14	12.4428	0	0	0	0	0	0	0	0	0	0	0	0	0	0	0	0	0	0	0	0	0	0	0	0	0	0	0	0	0	0	0	0	0	
1	1	1	746	22.38		300	0	0	0.000338537	0.000338537	-0.000677073	0.0373	0	0	-6.08731e-05	-6.08731e-05	0.000121746	97.4101	0	0	2.45958	-6.44191	0	8.9015		300	0.437795	0.000338543	0.000338543	-0.000677086	0.0197766	0	0	0.437795	0	-0.426642	-237.002	0	213.464	213.464	-2.13163e-14	12.4428	0	0	0	0	0	0	0	0	0	0	0	0	0	0	0	0	0	0	0	0	0	0	0	0	0	0	0	0	0	0	0	0	0	
1	1	1	747	22.41		300	0	0	0.000339243	0.000339243	-0.000678486	0.03735	0	0	-6.09705e-05	-6.09705e-05	0.000121941	97.4587	0	0	2.46446	-6.44267	0	8.90713		300	0.438247	0.000339249	0.000339249	-0.000678498	0.0198179	0	0	0.438247	0	-0.426642	-237.002	0	213.464	213.464	-2.13163e-14	12.4428	0	0	0	0	0	0	0	0	0	0	0	0	0	0	0	0	0	0	0	0	0	0	0	0	0	0	0	0	0	0	0	0	0	
1	1	1	748	22.44		300	0	0	0.000339949	0.000339949	-0.000679898	0.0374	0	0	-6.10679e-05	-6.10679e-05	0.000122136	97.5073	0	0	2.46933	-6.44343	0	8.91276		300	0.438699	0.000339955	0.000339955	-0.000679911	0.0198591	0	0	0.438699	0	-0.426642	-237.002	0	213.464	213.464	-2.13163e-14	12.4428	0	0	0	0	0	0	0	0	0	0	0	0	0	0	0	0	0	0	0	0	0	0	0	0	0	0	0	0	0	0	0	0	0	
1	1	1	749	22.47		300	0	0	0.000340655	0.000340655	-0.000681311	0.03745	0	0	-6.11652e-05	-6.11652e-05	0.00012233	97.5558	0	0	2.47421	-6.44418	0	8.91838		300	0.439151	0.000340662	0.000340662	-0.000681324	0.0199004	0	0	0.439151	0	-0.426642	-237.002	0	213.464	213.464	-2.13163e-14	12.4428	0	0	0	0	0	0	0	0	0	0	0	0	0	0	0	0	0	0	0	0	0	0	0	0	0	0	0	0	0	0	0	0	0	
1	1	1	750	22.5		300	0	0	0.000341362	0.000341362	-0.000682724	0.0375	0	0	-6.12624e-05	-6.12624e-05	0.000122525	97.6043	0	0	2.47909	-6.44492	0	8.92401		300	0.439603	0.000341368	0.000341368	-0.000682737	0.0199417	0	0	0.439603	0	-0.426642	-237.002	0	213.464	213.464	-2.13163e-14	12.4428	0	0	0	0	0	0	0	0	0	0	0	0	0	0	0	0	0	0	0	0	0	0	0	0	0	0	0	0	0	0	0	0	0	
1	1	1	751	22.53		300	0	0	0.000342069	0.000342069	-0.000684137	0.03755	0	0	-6.13596e-05	-6.13596e-05	0.000122719	97.6527	0	0	2.48397	-6.44566	0	8.92963		300	0.440054	0.000342075	0.000342075	-0.00068415	0.019983	0	0	0.440054	0	-0.426642	-237.002	0	213.464	213.464	-2.13163e-14	12.4428	0	0	0	0	0	0	0	0	0	0	0	0	0	0	0	0	0	0	0	0	0	0	0	0	0	0	0	0	0	0	0	0	0	
1	1	1	752	22.56		300	0	0	0.000342775	0.000342775	-0.000685551	0.0376	0	0	-6.14567e-05	-6.14567e-05	0.000122913	97.7012	0	0	2.48885	-6.4464	0	8.93525		300	0.440506	0.000342782	0.000342782	-0.000685563	0.0200242	0	0	0.440506	0	-0.426642	-237.002	0	213.464	213.464	-2.13163e-14	12.4428	0	0	0	0	0	0	0	0	0	0	0	0	0	0	0	0	0	0	0	0	0	0	0	0	0	0	0	0	0	0	0	0	0	
1	1	1	753	22.59		300	0	0	0.000343482	0.000343482	-0.000686964	0.03765	0	0	-6.15538e-05	-6.15538e-05	0.000123108	97.7495	0	0	2.49374	-6.44713	0	8.94087		300	0.440957	0.000343489	0.000343489	-0.000686977	0.0200655	0	0	0.440957	0	-0.426642	-237.002	0	213.464	213.464	-2.13163e-14	12.4428	0	0	0	0	0	0	0	0	0	0	0	0	0	0	0	0	0	0	0	0	0	0	0	0	0	0	0	0	0	0	0	0	0	
1	1	1	754	22.62		300	0	0	0.000344189	0.000344189	-0.000688378	0.0377	0	0	-6.16508e-05	-6.16508e-05	0.000123302	97.7979	0	0	2.49863	-6.44786	0	8.94648		300	0.441408	0.000344196	0.000344196	-0.000688391	0.0201069	0	0	0.441408	0	-0.426642	-237.002	0	213.464	213.464	-2.13163e-14	12.4428	0	0	0	0	0	0	0	0	0	0	0	0	0	0	0	0	0	0	0	0	0	0	0	0	0	0	0	0	0	0	0	0	0	
1	1	1	755	22.65		300	0	0	0.000344896	0.000344896	-0.000689792	0.03775	0	0	-6.17477e-05	-6.17477e-05	0.000123495	97.8462	0	0	2.50352	-6.44858	0	8.95209		300	0.441859	0.000344903	0.000344903	-0.000689805	0.0201482	0	0	0.441859	0	-0.426642	-237.002	0	213.464	213.464	-2.13163e-14	12.4428	0	0	0	0	0	0	0	0	0	0	0	0	0	0	0	0	0	0	0	0	0	0	0	0	0	0	0	0	0	0	0	0	0	
1	1	1	756	22.68		300	0	0	0.000345603	0.000345603	-0.000691207	0.0378	0	0	-6.18446e-05	-6.18446e-05	0.000123689	97.8944	0	0	2.50841	-6.44929	0	8.95771		300	0.442309	0.00034561	0.00034561	-0.00069122	0.0201895	0	0	0.442309	0	-0.426642	-237.002	0	213.464	213.464	-2.13163e-14	12.4428	0	0	0	0	0	0	0	0	0	0	0	0	0	0	0	0	0	0	0	0	0	0	0	0	0	0	0	0	0	0	0	0	0	
1	1	1	757	22.71		300	0	0	0.000346311	0.000346311	-0.000692621	0.03785	0	0	-6.19414e-05	-6.19414e-05	0.000123883	97.9427	0	0	2.51331	-6.45001	0	8.96331		300	0.44276	0.000346317	0.000346317	-0.000692634	0.0202308	0	0	0.44276	0	-0.426642	-237.002	0	213.464	213.464	-2.13163e-14	12.4428	0	0	0	0	0	0	0	0	0	0	0	0	0	0	0	0	0	0	0	0	0	0	0	0	0	0	0	0	0	0	0	0	0	
1	1	1	758	22.74		300	0	0	0.000347018	0.000347018	-0.000694036	0.0379	0	0	-6.20381e-05	-6.20381e-05	0.000124076	97.9909	0	0	2.5182	-6.45072	0	8.96892		300	0.44321	0.000347025	0.000347025	-0.000694049	0.0202721	0	0	0.44321	0	-0.426642	-237.002	0	213.464	213.464	-2.13163e-14	12.4428	0	0	0	0	0	0	0	0	0	0	0	0	0	0	0	0	0	0	0	0	0	0	0	0	0	0	0	0	0	0	0	0	0	
1	1	1	759	22.77		300	0	0	0.000347726	0.000347726	-0.000695451	0.03795	0	0	-6.21348e-05	-6.21348e-05	0.00012427	98.039	0	0	2.52311	-6.45142	0	8.97452		300	0.44366	0.000347732	0.000347732	-0.000695464	0.0203135	0	0	0.44366	0	-0.426642	-237.002	0	213.464	213.464	-2.13163e-14	12.4428	0	0	0	0	0	0	0	0	0	0	0	0	0	0	0	0	0	0	0	0	0	0	0	0	0	0	0	0	0	0	0	0	0	
1	1	1	760	22.8		300	0	0	0.000348433	0.000348433	-0.000696866	0.038	0	0	-6.22314e-05	-6.22314e-05	0.000124463	98.0871	0	0	2.52801	-6.45212	0	8.98013		300	0.44411	0.00034844	0.00034844	-0.000696879	0.0203548	0	0	0.44411	0	-0.426642	-237.002	0	213.464	213.464	-2.13163e-14	12.4428	0	0	0	0	0	0	0	0	0	0	0	0	0	0	0	0	0	0	0	0	0	0	0	0	0	0	0	0	0	0	0	0	0	
1	1	1	761	22.83		300	0	0	0.000349141	0.000349141	-0.000698282	0.03805	0	0	-6.2328e-05	-6.2328e-05	0.000124656	98.1352	0	0	2.53291	-6.45281	0	8.98573		300	0.44456	0.000349147	0.000349147	-0.000698295	0.0203962	0	0	0.44456	0	-0.426642	-237.002	0	213.464	213.464	-2.13163e-14	12.4428	0	0	0	0	0	0	0	0	0	0	0	0	0	0	0	0	0	0	0	0	0	0	0	0	0	0	0	0	0	0	0	0	0	
1	1	1	762	22.86		300	0	0	0.000349849	0.000349849	-0.000699697	0.0381	0	0	-6.24244e-05	-6.24244e-05	0.000124849	98.1833	0	0	2.53782	-6.4535	0	8.99132		300	0.44501	0.000349855	0.000349855	-0.000699711	0.0204375	0	0	0.44501	0	-0.426642	-237.002	0	213.464	213.464	-2.13163e-14	12.4428	0	0	0	0	0	0	0	0	0	0	0	0	0	0	0	0	0	0	0	0	0	0	0	0	0	0	0	0	0	0	0	0	0	
1	1	1	763	22.89		300	0	0	0.000350557	0.000350557	-0.000701113	0.03815	0	0	-6.25209e-05	-6.25209e-05	0.000125042	98.2313	0	0	2.54273	-6.45419	0	8.99692		300	0.445459	0.000350563	0.000350563	-0.000701126	0.0204789	0	0	0.445459	0	-0.426642	-237.002	0	213.464	213.464	-2.13163e-14	12.4428	0	0	0	0	0	0	0	0	0	0	0	0	0	0	0	0	0	0	0	0	0	0	0	0	0	0	0	0	0	0	0	0	0	
1	1	1	764	22.92		300	0	0	0.000351265	0.000351265	-0.000702529	0.0382	0	0	-6.26172e-05	-6.26172e-05	0.000125234	98.2793	0	0	2.54765	-6.45487	0	9.00251		300	0.445908	0.000351271	0.000351271	-0.000702543	0.0205203	0	0	0.445908	0	-0.426642	-237.002	0	213.464	213.464	-2.13163e-14	12.4428	0	0	0	0	0	0	0	0	0	0	0	0	0	0	0	0	0	0	0	0	0	0	0	0	0	0	0	0	0	0	0	0	0	
1	1	1	765	22.95		300	0	0	0.000351973	0.000351973	-0.000703946	0.03825	0	0	-6.27136e-05	-6.27136e-05	0.000125427	98.3272	0	0	2.55256	-6.45554	0	9.0081		300	0.446358	0.000351979	0.000351979	-0.000703959	0.0205616	0	0	0.446358	0	-0.426642	-237.002	0	213.464	213.464	-2.13163e-14	12.4428	0	0	0	0	0	0	0	0	0	0	0	0	0	0	0	0	0	0	0	0	0	0	0	0	0	0	0	0	0	0	0	0	0	
1	1	1	766	22.98		300	0	0	0.000352681	0.000352681	-0.000705362	0.0383	0	0	-6.28098e-05	-6.28098e-05	0.00012562	98.3751	0	0	2.55748	-6.45621	0	9.01369		300	0.446806	0.000352688	0.000352688	-0.000705376	0.020603	0	0	0.446806	0	-0.426642	-237.002	0	213.464	213.464	-2.13163e-14	12.4428	0	0	0	0	0	0	0	0	0	0	0	0	0	0	0	0	0	0	0	0	0	0	0	0	0	0	0	0	0	0	0	0	0	
1	1	1	767	23.01		300	0	0	0.00035339	0.00035339	-0.000706779	0.03835	0	0	-6.2906e-05	-6.2906e-05	0.000125812	98.423	0	0	2.5624	-6.45688	0	9.01928		300	0.447255	0.000353396	0.000353396	-0.000706792	0.0206444	0	0	0.447255	0	-0.426642	-237.002	0	213.464	213.464	-2.13163e-14	12.4428	0	0	0	0	0	0	0	0	0	0	0	0	0	0	0	0	0	0	0	0	0	0	0	0	0	0	0	0	0	0	0	0	0	
1	1	1	768	23.04		300	0	0	0.000354098	0.000354098	-0.000708196	0.0384	0	0	-6.30021e-05	-6.30021e-05	0.000126004	98.4708	0	0	2.56732	-6.45754	0	9.02486		300	0.447704	0.000354105	0.000354105	-0.000708209	0.0206858	0	0	0.447704	0	-0.426642	-237.002	0	213.464	213.464	-2.13163e-14	12.4428	0	0	0	0	0	0	0	0	0	0	0	0	0	0	0	0	0	0	0	0	0	0	0	0	0	0	0	0	0	0	0	0	0	
1	1	1	769	23.07		300	0	0	0.000354807	0.000354807	-0.000709613	0.03845	0	0	-6.30982e-05	-6.30982e-05	0.000126196	98.5186	0	0	2.57225	-6.4582	0	9.03044		300	0.448152	0.000354813	0.000354813	-0.000709627	0.0207272	0	0	0.448152	0	-0.426642	-237.002	0	213.464	213.464	-2.13163e-14	12.4428	0	0	0	0	0	0	0	0	0	0	0	0	0	0	0	0	0	0	0	0	0	0	0	0	0	0	0	0	0	0	0	0	0	
1	1	1	770	23.1		300	0	0	0.000355515	0.000355515	-0.000711031	0.0385	0	0	-6.31942e-05	-6.31942e-05	0.000126388	98.5664	0	0	2.57717	-6.45885	0	9.03602		300	0.4486	0.000355522	0.000355522	-0.000711044	0.0207686	0	0	0.4486	0	-0.426642	-237.002	0	213.464	213.464	-2.13163e-14	12.4428	0	0	0	0	0	0	0	0	0	0	0	0	0	0	0	0	0	0	0	0	0	0	0	0	0	0	0	0	0	0	0	0	0	
1	1	1	771	23.13		300	0	0	0.000356224	0.000356224	-0.000712448	0.03855	0	0	-6.32901e-05	-6.32901e-05	0.00012658	98.6141	0	0	2.5821	-6.4595	0	9.0416		300	0.449048	0.000356231	0.000356231	-0.000712462	0.02081	0	0	0.449048	0	-0.426642	-237.002	0	213.464	213.464	-2.13163e-14	12.4428	0	0	0	0	0	0	0	0	0	0	0	0	0	0	0	0	0	0	0	0	0	0	0	0	0	0	0	0	0	0	0	0	0	
1	1	1	772	23.16		300	0	0	0.000356933	0.000356933	-0.000713866	0.0386	0	0	-6.3386e-05	-6.3386e-05	0.000126772	98.6618	0	0	2.58703	-6.46014	0	9.04718		300	0.449496	0.00035694	0.00035694	-0.000713879	0.0208514	0	0	0.449496	0	-0.426642	-237.002	0	213.464	213.464	-2.13163e-14	12.4428	0	0	0	0	0	0	0	0	0	0	0	0	0	0	0	0	0	0	0	0	0	0	0	0	0	0	0	0	0	0	0	0	0	
1	1	1	773	23.19		300	0	0	0.000357642	0.000357642	-0.000715284	0.03865	0	0	-6.34818e-05	-6.34818e-05	0.000126964	98.7095	0	0	2.59197	-6.46078	0	9.05275		300	0.449944	0.000357649	0.000357649	-0.000715297	0.0208929	0	0	0.449944	0	-0.426642	-237.002	0	213.464	213.464	-2.13163e-14	12.4428	0	0	0	0	0	0	0	0	0	0	0	0	0	0	0	0	0	0	0	0	0	0	0	0	0	0	0	0	0	0	0	0	0	
1	1	1	774	23.22		300	0	0	0.000358351	0.000358351	-0.000716702	0.0387	0	0	-6.35775e-05	-6.35775e-05	0.000127155	98.7571	0	0	2.5969	-6.46142	0	9.05832		300	0.450391	0.000358358	0.000358358	-0.000716716	0.0209343	0	0	0.450391	0	-0.426642	-237.002	0	213.464	213.464	-2.13163e-14	12.4428	0	0	0	0	0	0	0	0	0	0	0	0	0	0	0	0	0	0	0	0	0	0	0	0	0	0	0	0	0	0	0	0	0	
1	1	1	775	23.25		300	0	0	0.00035906	0.00035906	-0.000718121	0.03875	0	0	-6.36732e-05	-6.36732e-05	0.000127346	98.8047	0	0	2.60184	-6.46205	0	9.06389		300	0.450839	0.000359067	0.000359067	-0.000718134	0.0209757	0	0	0.450839	0	-0.426642	-237.002	0	213.464	213.464	-2.13163e-14	12.4428	0	0	0	0	0	0	0	0	0	0	0	0	0	0	0	0	0	0	0	0	0	0	0	0	0	0	0	0	0	0	0	0	0	
1	1	1	776	23.28		300	0	0	0.00035977	0.00035977	-0.00071954	0.0388	0	0	-6.37688e-05	-6.37688e-05	0.000127538	98.8523	0	0	2.60679	-6.46267	0	9.06946		300	0.451286	0.000359776	0.000359776	-0.000719553	0.0210172	0	0	0.451286	0	-0.426642	-237.002	0	213.464	213.464	-2.13163e-14	12.4428	0	0	0	0	0	0	0	0	0	0	0	0	0	0	0	0	0	0	0	0	0	0	0	0	0	0	0	0	0	0	0	0	0	
1	1	1	777	23.31		300	0	0	0.000360479	0.000360479	-0.000720958	0.03885	0	0	-6.38644e-05	-6.38644e-05	0.000127729	98.8998	0	0	2.61173	-6.4633	0	9.07502		300	0.451733	0.000360486	0.000360486	-0.000720972	0.0210586	0	0	0.451733	0	-0.426642	-237.002	0	213.464	213.464	-2.13163e-14	12.4428	0	0	0	0	0	0	0	0	0	0	0	0	0	0	0	0	0	0	0	0	0	0	0	0	0	0	0	0	0	0	0	0	0	
1	1	1	778	23.34		300	0	0	0.000361189	0.000361189	-0.000722377	0.0389	0	0	-6.39599e-05	-6.39599e-05	0.00012792	98.9473	0	0	2.61668	-6.46391	0	9.08059		300	0.45218	0.000361195	0.000361195	-0.000722391	0.0211001	0	0	0.45218	0	-0.426642	-237.002	0	213.464	213.464	-2.13163e-14	12.4428	0	0	0	0	0	0	0	0	0	0	0	0	0	0	0	0	0	0	0	0	0	0	0	0	0	0	0	0	0	0	0	0	0	
1	1	1	779	23.37		300	0	0	0.000361898	0.000361898	-0.000723797	0.03895	0	0	-6.40554e-05	-6.40554e-05	0.000128111	98.9948	0	0	2.62162	-6.46452	0	9.08615		300	0.452626	0.000361905	0.000361905	-0.00072381	0.0211415	0	0	0.452626	0	-0.426642	-237.002	0	213.464	213.464	-2.13163e-14	12.4428	0	0	0	0	0	0	0	0	0	0	0	0	0	0	0	0	0	0	0	0	0	0	0	0	0	0	0	0	0	0	0	0	0	
1	1	1	780	23.4		300	0	0	0.000362608	0.000362608	-0.000725216	0.039	0	0	-6.41507e-05	-6.41507e-05	0.000128301	99.0422	0	0	2.62657	-6.46513	0	9.09171		300	0.453073	0.000362615	0.000362615	-0.00072523	0.021183	0	0	0.453073	0	-0.426642	-237.002	0	213.464	213.464	-2.13163e-14	12.4428	0	0	0	0	0	0	0	0	0	0	0	0	0	0	0	0	0	0	0	0	0	0	0	0	0	0	0	0	0	0	0	0	0	
1	1	1	781	23.43		300	0	0	0.000363318	0.000363318	-0.000726636	0.03905	0	0	-6.42461e-05	-6.42461e-05	0.000128492	99.0896	0	0	2.63153	-6.46573	0	9.09726		300	0.453519	0.000363325	0.000363325	-0.000726649	0.0212245	0	0	0.453519	0	-0.426642	-237.002	0	213.464	213.464	-2.13163e-14	12.4428	0	0	0	0	0	0	0	0	0	0	0	0	0	0	0	0	0	0	0	0	0	0	0	0	0	0	0	0	0	0	0	0	0	
1	1	1	782	23.46		300	0	0	0.000364028	0.000364028	-0.000728056	0.0391	0	0	-6.43413e-05	-6.43413e-05	0.000128683	99.1369	0	0	2.63648	-6.46633	0	9.10282		300	0.453965	0.000364035	0.000364035	-0.000728069	0.021266	0	0	0.453965	0	-0.426642	-237.002	0	213.464	213.464	-2.13163e-14	12.4428	0	0	0	0	0	0	0	0	0	0	0	0	0	0	0	0	0	0	0	0	0	0	0	0	0	0	0	0	0	0	0	0	0	
1	1	1	783	23.49		300	0	0	0.000364738	0.000364738	-0.000729476	0.03915	0	0	-6.44365e-05	-6.44365e-05	0.000128873	99.1843	0	0	2.64144	-6.46693	0	9.10837		300	0.454411	0.000364745	0.000364745	-0.000729489	0.0213074	0	0	0.454411	0	-0.426642	-237.002	0	213.464	213.464	-2.13163e-14	12.4428	0	0	0	0	0	0	0	0	0	0	0	0	0	0	0	0	0	0	0	0	0	0	0	0	0	0	0	0	0	0	0	0	0	
1	1	1	784	23.52		300	0	0	0.000365448	0.000365448	-0.000730896	0.0392	0	0	-6.45316e-05	-6.45316e-05	0.000129063	99.2316	0	0	2.6464	-6.46752	0	9.11392		300	0.454857	0.000365455	0.000365455	-0.00073091	0.0213489	0	0	0.454857	0	-0.426642	-237.002	0	213.464	213.464	-2.13163e-14	12.4428	0	0	0	0	0	0	0	0	0	0	0	0	0	0	0	0	0	0	0	0	0	0	0	0	0	0	0	0	0	0	0	0	0	
1	1	1	785	23.55		300	0	0	0.000366158	0.000366158	-0.000732317	0.03925	0	0	-6.46267e-05	-6.46267e-05	0.000129253	99.2788	0	0	2.65136	-6.4681	0	9.11947		300	0.455303	0.000366165	0.000366165	-0.00073233	0.0213904	0	0	0.455303	0	-0.426642	-237.002	0	213.464	213.464	-2.13163e-14	12.4428	0	0	0	0	0	0	0	0	0	0	0	0	0	0	0	0	0	0	0	0	0	0	0	0	0	0	0	0	0	0	0	0	0	
1	1	1	786	23.58		300	0	0	0.000366869	0.000366869	-0.000733737	0.0393	0	0	-6.47217e-05	-6.47217e-05	0.000129443	99.3261	0	0	2.65633	-6.46868	0	9.12501		300	0.455748	0.000366875	0.000366875	-0.000733751	0.0214319	0	0	0.455748	0	-0.426642	-237.002	0	213.464	213.464	-2.13163e-14	12.4428	0	0	0	0	0	0	0	0	0	0	0	0	0	0	0	0	0	0	0	0	0	0	0	0	0	0	0	0	0	0	0	0	0	
1	1	1	787	23.61		300	0	0	0.000367579	0.000367579	-0.000735158	0.03935	0	0	-6.48167e-05	-6.48167e-05	0.000129633	99.3733	0	0	2.6613	-6.46926	0	9.13055		300	0.456193	0.000367586	0.000367586	-0.000735172	0.0214735	0	0	0.456193	0	-0.426642	-237.002	0	213.464	213.464	-2.13163e-14	12.4428	0	0	0	0	0	0	0	0	0	0	0	0	0	0	0	0	0	0	0	0	0	0	0	0	0	0	0	0	0	0	0	0	0	
1	1	1	788	23.64		300	0	0	0.00036829	0.00036829	-0.000736579	0.0394	0	0	-6.49115e-05	-6.49115e-05	0.000129823	99.4204	0	0	2.66627	-6.46983	0	9.1361		300	0.456638	0.000368296	0.000368296	-0.000736593	0.021515	0	0	0.456638	0	-0.426642	-237.002	0	213.464	213.464	-2.13163e-14	12.4428	0	0	0	0	0	0	0	0	0	0	0	0	0	0	0	0	0	0	0	0	0	0	0	0	0	0	0	0	0	0	0	0	0	
1	1	1	789	23.67		300	0	0	0.000369	0.000369	-0.000738001	0.03945	0	0	-6.50064e-05	-6.50064e-05	0.000130013	99.4676	0	0	2.67124	-6.4704	0	9.14164		300	0.457083	0.000369007	0.000369007	-0.000738014	0.0215565	0	0	0.457083	0	-0.426642	-237.002	0	213.464	213.464	-2.13163e-14	12.4428	0	0	0	0	0	0	0	0	0	0	0	0	0	0	0	0	0	0	0	0	0	0	0	0	0	0	0	0	0	0	0	0	0	
1	1	1	790	23.7		300	0	0	0.000369711	0.000369711	-0.000739422	0.0395	0	0	-6.51011e-05	-6.51011e-05	0.000130202	99.5147	0	0	2.67621	-6.47096	0	9.14717		300	0.457528	0.000369718	0.000369718	-0.000739436	0.021598	0	0	0.457528	0	-0.426642	-237.002	0	213.464	213.464	-2.13163e-14	12.4428	0	0	0	0	0	0	0	0	0	0	0	0	0	0	0	0	0	0	0	0	0	0	0	0	0	0	0	0	0	0	0	0	0	
1	1	1	791	23.73		300	0	0	0.000370422	0.000370422	-0.000740844	0.03955	0	0	-6.51958e-05	-6.51958e-05	0.000130392	99.5617	0	0	2.68119	-6.47152	0	9.15271		300	0.457973	0.000370429	0.000370429	-0.000740857	0.0216395	0	0	0.457973	0	-0.426642	-237.002	0	213.464	213.464	-2.13163e-14	12.4428	0	0	0	0	0	0	0	0	0	0	0	0	0	0	0	0	0	0	0	0	0	0	0	0	0	0	0	0	0	0	0	0	0	
1	1	1	792	23.76		300	0	0	0.000371133	0.000371133	-0.000742266	0.0396	0	0	-6.52905e-05	-6.52905e-05	0.000130581	99.6088	0	0	2.68617	-6.47207	0	9.15824		300	0.458417	0.00037114	0.00037114	-0.000742279	0.0216811	0	0	0.458417	0	-0.426642	-237.002	0	213.464	213.464	-2.13163e-14	12.4428	0	0	0	0	0	0	0	0	0	0	0	0	0	0	0	0	0	0	0	0	0	0	0	0	0	0	0	0	0	0	0	0	0	
1	1	1	793	23.79		300	0	0	0.000371844	0.000371844	-0.000743688	0.03965	0	0	-6.5385e-05	-6.5385e-05	0.00013077	99.6558	0	0	2.69115	-6.47262	0	9.16377		300	0.458861	0.000371851	0.000371851	-0.000743701	0.0217226	0	0	0.458861	0	-0.426642	-237.002	0	213.464	213.464	-2.13163e-14	12.4428	0	0	0	0	0	0	0	0	0	0	0	0	0	0	0	0	0	0	0	0	0	0	0	0	0	0	0	0	0	0	0	0	0	
1	1	1	794	23.82		300	0	0	0.000372555	0.000372555	-0.00074511	0.0397	0	0	-6.54796e-05	-6.54796e-05	0.000130959	99.7027	0	0	2.69614	-6.47316	0	9.1693		300	0.459305	0.000372562	0.000372562	-0.000745124	0.0217642	0	0	0.459305	0	-0.426642	-237.002	0	213.464	213.464	-2.13163e-14	12.4428	0	0	0	0	0	0	0	0	0	0	0	0	0	0	0	0	0	0	0	0	0	0	0	0	0	0	0	0	0	0	0	0	0	
1	1	1	795	23.85		300	0	0	0.000373266	0.000373266	-0.000746532	0.03975	0	0	-6.5574e-05	-6.5574e-05	0.000131148	99.7497	0	0	2.70112	-6.4737	0	9.17483		300	0.459749	0.000373273	0.000373273	-0.000746546	0.0218057	0	0	0.459749	0	-0.426642	-237.002	0	213.464	213.464	-2.13163e-14	12.4428	0	0	0	0	0	0	0	0	0	0	0	0	0	0	0	0	0	0	0	0	0	0	0	0	0	0	0	0	0	0	0	0	0	
1	1	1	796	23.88		300	0	0	0.000373977	0.000373977	-0.000747955	0.0398	0	0	-6.56684e-05	-6.56684e-05	0.000131337	99.7966	0	0	2.70611	-6.47424	0	9.18035		300	0.460193	0.000373984	0.000373984	-0.000747969	0.0218473	0	0	0.460193	0	-0.426642	-237.002	0	213.464	213.464	-2.13163e-14	12.4428	0	0	0	0	0	0	0	0	0	0	0	0	0	0	0	0	0	0	0	0	0	0	0	0	0	0	0	0	0	0	0	0	0	
1	1	1	797	23.91		300	0	0	0.000374689	0.000374689	-0.000749378	0.03985	0	0	-6.57627e-05	-6.57627e-05	0.000131525	99.8435	0	0	2.7111	-6.47477	0	9.18587		300	0.460637	0.000374696	0.000374696	-0.000749392	0.0218889	0	0	0.460637	0	-0.426642	-237.002	0	213.464	213.464	-2.13163e-14	12.4428	0	0	0	0	0	0	0	0	0	0	0	0	0	0	0	0	0	0	0	0	0	0	0	0	0	0	0	0	0	0	0	0	0	
1	1	1	798	23.94		300	0	0	0.0003754	0.0003754	-0.000750801	0.0399	0	0	-6.5857e-05	-6.5857e-05	0.000131714	99.8903	0	0	2.71609	-6.4753	0	9.19139		300	0.46108	0.000375407	0.000375407	-0.000750815	0.0219304	0	0	0.46108	0	-0.426642	-237.002	0	213.464	213.464	-2.13163e-14	12.4428	0	0	0	0	0	0	0	0	0	0	0	0	0	0	0	0	0	0	0	0	0	0	0	0	0	0	0	0	0	0	0	0	0	
1	1	1	799	23.97		300	0	0	0.000376112	0.000376112	-0.000752224	0.03995	0	0	-6.59512e-05	-6.59512e-05	0.000131902	99.9371	0	0	2.72109	-6.47582	0	9.19691		300	0.461523	0.000376119	0.000376119	-0.000752238	0.021972	0	0	0.461523	0	-0.426642	-237.002	0	213.464	213.464	-2.13163e-14	12.4428	0	0	0	0	0	0	0	0	0	0	0	0	0	0	0	0	0	0	0	0	0	0	0	0	0	0	0	0	0	0	0	0	0	
1	1	1	800	24		300	0	0	0.000376824	0.000376824	-0.000753647	0.04	0	0	-6.60453e-05	-6.60453e-05	0.000132091	99.9839	0	0	2.72609	-6.47634	0	9.20243		300	0.461966	0.000376831	0.000376831	-0.000753661	0.0220136	0	0	0.461966	0	-0.426642	-237.002	0	213.464	213.464	-2.13163e-14	12.4428	0	0	0	0	0	0	0	0	0	0	0	0	0	0	0	0	0	0	0	0	0	0	0	0	0	0	0	0	0	0	0	0	0	
1	1	1	801	24.03		300	0	0	0.000377535	0.000377535	-0.000755071	0.04005	0	0	-6.61394e-05	-6.61394e-05	0.000132279	100.031	0	0	2.73109	-6.47685	0	9.20794		300	0.462409	0.000377542	0.000377542	-0.000755085	0.0220552	0	0	0.462409	0	-0.426642	-237.002	0	213.464	213.464	-2.13163e-14	12.4428	0	0	0	0	0	0	0	0	0	0	0	0	0	0	0	0	0	0	0	0	0	0	0	0	0	0	0	0	0	0	0	0	0	
1	1	1	802	24.06		300	0	0	0.000378247	0.000378247	-0.000756495	0.0401	0	0	-6.62335e-05	-6.62335e-05	0.000132467	100.077	0	0	2.73609	-6.47736	0	9.21345		300	0.462852	0.000378254	0.000378254	-0.000756509	0.0220968	0	0	0.462852	0	-0.426642	-237.002	0	213.464	213.464	-2.13163e-14	12.4428	0	0	0	0	0	0	0	0	0	0	0	0	0	0	0	0	0	0	0	0	0	0	0	0	0	0	0	0	0	0	0	0	0	
1	1	1	803	24.09		300	0	0	0.000378959	0.000378959	-0.000757919	0.04015	0	0	-6.63274e-05	-6.63274e-05	0.000132655	100.124	0	0	2.7411	-6.47787	0	9.21896		300	0.463295	0.000378966	0.000378966	-0.000757933	0.0221384	0	0	0.463295	0	-0.426642	-237.002	0	213.464	213.464	-2.13163e-14	12.4428	0	0	0	0	0	0	0	0	0	0	0	0	0	0	0	0	0	0	0	0	0	0	0	0	0	0	0	0	0	0	0	0	0	
1	1	1	804	24.12		300	0	0	0.000379671	0.000379671	-0.000759343	0.0402	0	0	-6.64213e-05	-6.64213e-05	0.000132843	100.171	0	0	2.7461	-6.47837	0	9.22447		300	0.463737	0.000379678	0.000379678	-0.000759357	0.02218	0	0	0.463737	0	-0.426642	-237.002	0	213.464	213.464	-2.13163e-14	12.4428	0	0	0	0	0	0	0	0	0	0	0	0	0	0	0	0	0	0	0	0	0	0	0	0	0	0	0	0	0	0	0	0	0	
1	1	1	805	24.15		300	0	0	0.000380384	0.000380384	-0.000760767	0.04025	0	0	-6.65152e-05	-6.65152e-05	0.00013303	100.217	0	0	2.75111	-6.47886	0	9.22998		300	0.464179	0.000380391	0.000380391	-0.000760781	0.0222216	0	0	0.464179	0	-0.426642	-237.002	0	213.464	213.464	-2.13163e-14	12.4428	0	0	0	0	0	0	0	0	0	0	0	0	0	0	0	0	0	0	0	0	0	0	0	0	0	0	0	0	0	0	0	0	0	
1	1	1	806	24.18		300	0	0	0.000381096	0.000381096	-0.000762192	0.0403	0	0	-6.66089e-05	-6.66089e-05	0.000133218	100.264	0	0	2.75613	-6.47935	0	9.23548		300	0.464621	0.000381103	0.000381103	-0.000762206	0.0222632	0	0	0.464621	0	-0.426642	-237.002	0	213.464	213.464	-2.13163e-14	12.4428	0	0	0	0	0	0	0	0	0	0	0	0	0	0	0	0	0	0	0	0	0	0	0	0	0	0	0	0	0	0	0	0	0	
1	1	1	807	24.21		300	0	0	0.000381808	0.000381808	-0.000763616	0.04035	0	0	-6.67026e-05	-6.67026e-05	0.000133405	100.311	0	0	2.76114	-6.47984	0	9.24098		300	0.465063	0.000381815	0.000381815	-0.00076363	0.0223048	0	0	0.465063	0	-0.426642	-237.002	0	213.464	213.464	-2.13163e-14	12.4428	0	0	0	0	0	0	0	0	0	0	0	0	0	0	0	0	0	0	0	0	0	0	0	0	0	0	0	0	0	0	0	0	0	
1	1	1	808	24.24		300	0	0	0.000382521	0.000382521	-0.000765041	0.0404	0	0	-6.67963e-05	-6.67963e-05	0.000133593	100.357	0	0	2.76616	-6.48032	0	9.24648		300	0.465505	0.000382528	0.000382528	-0.000765055	0.0223465	0	0	0.465505	0	-0.426642	-237.002	0	213.464	213.464	-2.13163e-14	12.4428	0	0	0	0	0	0	0	0	0	0	0	0	0	0	0	0	0	0	0	0	0	0	0	0	0	0	0	0	0	0	0	0	0	
1	1	1	809	24.27		300	0	0	0.000383233	0.000383233	-0.000766466	0.04045	0	0	-6.68899e-05	-6.68899e-05	0.00013378	100.404	0	0	2.77118	-6.4808	0	9.25198		300	0.465946	0.00038324	0.00038324	-0.00076648	0.0223881	0	0	0.465946	0	-0.426642	-237.002	0	213.464	213.464	-2.13163e-14	12.4428	0	0	0	0	0	0	0	0	0	0	0	0	0	0	0	0	0	0	0	0	0	0	0	0	0	0	0	0	0	0	0	0	0	
1	1	1	810	24.3		300	0	0	0.000383946	0.000383946	-0.000767891	0.0405	0	0	-6.69834e-05	-6.69834e-05	0.000133967	100.45	0	0	2.7762	-6.48128	0	9.25747		300	0.466388	0.000383953	0.000383953	-0.000767905	0.0224297	0	0	0.466388	0	-0.426642	-237.002	0	213.464	213.464	-2.13163e-14	12.4428	0	0	0	0	0	0	0	0	0	0	0	0	0	0	0	0	0	0	0	0	0	0	0	0	0	0	0	0	0	0	0	0	0	
1	1	1	811	24.33		300	0	0	0.000384658	0.000384658	-0.000769317	0.04055	0	0	-6.70769e-05	-6.70769e-05	0.000134154	100.497	0	0	2.78122	-6.48175	0	9.26297		300	0.466829	0.000384665	0.000384665	-0.000769331	0.0224714	0	0	0.466829	0	-0.426642	-237.002	0	213.464	213.464	-2.13163e-14	12.4428	0	0	0	0	0	0	0	0	0	0	0	0	0	0	0	0	0	0	0	0	0	0	0	0	0	0	0	0	0	0	0	0	0	
1	1	1	812	24.36		300	0	0	0.000385371	0.000385371	-0.000770742	0.0406	0	0	-6.71703e-05	-6.71703e-05	0.000134341	100.543	0	0	2.78625	-6.48221	0	9.26846		300	0.46727	0.000385378	0.000385378	-0.000770756	0.022513	0	0	0.46727	0	-0.426642	-237.002	0	213.464	213.464	-2.13163e-14	12.4428	0	0	0	0	0	0	0	0	0	0	0	0	0	0	0	0	0	0	0	0	0	0	0	0	0	0	0	0	0	0	0	0	0	
1	1	1	813	24.39		300	0	0	0.000386084	0.000386084	-0.000772168	0.04065	0	0	-6.72637e-05	-6.72637e-05	0.000134527	100.589	0	0	2.79128	-6.48267	0	9.27395		300	0.467711	0.000386091	0.000386091	-0.000772182	0.0225547	0	0	0.467711	0	-0.426642	-237.002	0	213.464	213.464	-2.13163e-14	12.4428	0	0	0	0	0	0	0	0	0	0	0	0	0	0	0	0	0	0	0	0	0	0	0	0	0	0	0	0	0	0	0	0	0	
1	1	1	814	24.42		300	0	0	0.000386797	0.000386797	-0.000773594	0.0407	0	0	-6.73569e-05	-6.73569e-05	0.000134714	100.636	0	0	2.79631	-6.48313	0	9.27943		300	0.468152	0.000386804	0.000386804	-0.000773608	0.0225963	0	0	0.468152	0	-0.426642	-237.002	0	213.464	213.464	-2.13163e-14	12.4428	0	0	0	0	0	0	0	0	0	0	0	0	0	0	0	0	0	0	0	0	0	0	0	0	0	0	0	0	0	0	0	0	0	
1	1	1	815	24.45		300	0	0	0.00038751	0.00038751	-0.00077502	0.04075	0	0	-6.74502e-05	-6.74502e-05	0.0001349	100.682	0	0	2.80134	-6.48358	0	9.28492		300	0.468592	0.000387517	0.000387517	-0.000775034	0.022638	0	0	0.468592	0	-0.426642	-237.002	0	213.464	213.464	-2.13163e-14	12.4428	0	0	0	0	0	0	0	0	0	0	0	0	0	0	0	0	0	0	0	0	0	0	0	0	0	0	0	0	0	0	0	0	0	
1	1	1	816	24.48		300	0	0	0.000388223	0.000388223	-0.000776446	0.0408	0	0	-6.75433e-05	-6.75433e-05	0.000135087	100.728	0	0	2.80637	-6.48403	0	9.2904		300	0.469033	0.00038823	0.00038823	-0.000776461	0.0226797	0	0	0.469033	0	-0.426642	-237.002	0	213.464	213.464	-2.13163e-14	12.4428	0	0	0	0	0	0	0	0	0	0	0	0	0	0	0	0	0	0	0	0	0	0	0	0	0	0	0	0	0	0	0	0	0	
1	1	1	817	24.51		300	0	0	0.000388936	0.000388936	-0.000777873	0.04085	0	0	-6.76364e-05	-6.76364e-05	0.000135273	100.775	0	0	2.81141	-6.48447	0	9.29588		300	0.469473	0.000388944	0.000388944	-0.000777887	0.0227213	0	0	0.469473	0	-0.426642	-237.002	0	213.464	213.464	-2.13163e-14	12.4428	0	0	0	0	0	0	0	0	0	0	0	0	0	0	0	0	0	0	0	0	0	0	0	0	0	0	0	0	0	0	0	0	0	
1	1	1	818	24.54		300	0	0	0.00038965	0.00038965	-0.000779299	0.0409	0	0	-6.77295e-05	-6.77295e-05	0.000135459	100.821	0	0	2.81645	-6.48491	0	9.30136		300	0.469913	0.000389657	0.000389657	-0.000779314	0.022763	0	0	0.469913	0	-0.426642	-237.002	0	213.464	213.464	-2.13163e-14	12.4428	0	0	0	0	0	0	0	0	0	0	0	0	0	0	0	0	0	0	0	0	0	0	0	0	0	0	0	0	0	0	0	0	0	
1	1	1	819	24.57		300	0	0	0.000390363	0.000390363	-0.000780726	0.04095	0	0	-6.78225e-05	-6.78225e-05	0.000135645	100.867	0	0	2.82149	-6.48535	0	9.30684		300	0.470353	0.00039037	0.00039037	-0.000780741	0.0228047	0	0	0.470353	0	-0.426642	-237.002	0	213.464	213.464	-2.13163e-14	12.4428	0	0	0	0	0	0	0	0	0	0	0	0	0	0	0	0	0	0	0	0	0	0	0	0	0	0	0	0	0	0	0	0	0	
1	1	1	820	24.6		300	0	0	0.000391077	0.000391077	-0.000782153	0.041	0	0	-6.79154e-05	-6.79154e-05	0.000135831	100.913	0	0	2.82654	-6.48578	0	9.31231		300	0.470793	0.000391084	0.000391084	-0.000782167	0.0228464	0	0	0.470793	0	-0.426642	-237.002	0	213.464	213.464	-2.13163e-14	12.4428	0	0	0	0	0	0	0	0	0	0	0	0	0	0	0	0	0	0	0	0	0	0	0	0	0	0	0	0	0	0	0	0	0	
1	1	1	821	24.63		300	0	0	0.00039179	0.00039179	-0.00078358	0.04105	0	0	-6.80082e-05	-6.80082e-05	0.000136016	100.96	0	0	2.83159	-6.4862	0	9.31779		300	0.471232	0.000391797	0.000391797	-0.000783595	0.0228881	0	0	0.471232	0	-0.426642	-237.002	0	213.464	213.464	-2.13163e-14	12.4428	0	0	0	0	0	0	0	0	0	0	0	0	0	0	0	0	0	0	0	0	0	0	0	0	0	0	0	0	0	0	0	0	0	
1	1	1	822	24.66		300	0	0	0.000392504	0.000392504	-0.000785008	0.0411	0	0	-6.8101e-05	-6.8101e-05	0.000136202	101.006	0	0	2.83663	-6.48662	0	9.32326		300	0.471672	0.000392511	0.000392511	-0.000785022	0.0229298	0	0	0.471672	0	-0.426642	-237.002	0	213.464	213.464	-2.13163e-14	12.4428	0	0	0	0	0	0	0	0	0	0	0	0	0	0	0	0	0	0	0	0	0	0	0	0	0	0	0	0	0	0	0	0	0	
1	1	1	823	24.69		300	0	0	0.000393218	0.000393218	-0.000786435	0.04115	0	0	-6.81938e-05	-6.81938e-05	0.000136388	101.052	0	0	2.84169	-6.48704	0	9.32873		300	0.472111	0.000393225	0.000393225	-0.00078645	0.0229715	0	0	0.472111	0	-0.426642	-237.002	0	213.464	213.464	-2.13163e-14	12.4428	0	0	0	0	0	0	0	0	0	0	0	0	0	0	0	0	0	0	0	0	0	0	0	0	0	0	0	0	0	0	0	0	0	
1	1	1	824	24.72		300	0	0	0.000393931	0.000393931	-0.000787863	0.0412	0	0	-6.82864e-05	-6.82864e-05	0.000136573	101.098	0	0	2.84674	-6.48745	0	9.33419		300	0.47255	0.000393939	0.000393939	-0.000787877	0.0230132	0	0	0.47255	0	-0.426642	-237.002	0	213.464	213.464	-2.13163e-14	12.4428	0	0	0	0	0	0	0	0	0	0	0	0	0	0	0	0	0	0	0	0	0	0	0	0	0	0	0	0	0	0	0	0	0	
1	1	1	825	24.75		300	0	0	0.000394645	0.000394645	-0.000789291	0.04125	0	0	-6.8379e-05	-6.8379e-05	0.000136758	101.144	0	0	2.8518	-6.48786	0	9.33966		300	0.472989	0.000394653	0.000394653	-0.000789305	0.0230549	0	0	0.472989	0	-0.426642	-237.002	0	213.464	213.464	-2.13163e-14	12.4428	0	0	0	0	0	0	0	0	0	0	0	0	0	0	0	0	0	0	0	0	0	0	0	0	0	0	0	0	0	0	0	0	0	
1	1	1	826	24.78		300	0	0	0.000395359	0.000395359	-0.000790719	0.0413	0	0	-6.84716e-05	-6.84716e-05	0.000136943	101.19	0	0	2.85685	-6.48827	0	9.34512		300	0.473428	0.000395367	0.000395367	-0.000790733	0.0230966	0	0	0.473428	0	-0.426642	-237.002	0	213.464	213.464	-2.13163e-14	12.4428	0	0	0	0	0	0	0	0	0	0	0	0	0	0	0	0	0	0	0	0	0	0	0	0	0	0	0	0	0	0	0	0	0	
1	1	1	827	24.81		300	0	0	0.000396073	0.000396073	-0.000792147	0.04135	0	0	-6.85641e-05	-6.85641e-05	0.000137128	101.236	0	0	2.86191	-6.48867	0	9.35058		300	0.473867	0.000396081	0.000396081	-0.000792161	0.0231383	0	0	0.473867	0	-0.426642	-237.002	0	213.464	213.464	-2.13163e-14	12.4428	0	0	0	0	0	0	0	0	0	0	0	0	0	0	0	0	0	0	0	0	0	0	0	0	0	0	0	0	0	0	0	0	0	
1	1	1	828	24.84		300	0	0	0.000396788	0.000396788	-0.000793575	0.0414	0	0	-6.86565e-05	-6.86565e-05	0.000137313	101.282	0	0	2.86698	-6.48906	0	9.35604		300	0.474305	0.000396795	0.000396795	-0.00079359	0.0231801	0	0	0.474305	0	-0.426642	-237.002	0	213.464	213.464	-2.13163e-14	12.4428	0	0	0	0	0	0	0	0	0	0	0	0	0	0	0	0	0	0	0	0	0	0	0	0	0	0	0	0	0	0	0	0	0	
1	1	1	829	24.87		300	0	0	0.000397502	0.000397502	-0.000795004	0.04145	0	0	-6.87489e-05	-6.87489e-05	0.000137498	101.328	0	0	2.87204	-6.48945	0	9.3615		300	0.474743	0.000397509	0.000397509	-0.000795018	0.0232218	0	0	0.474743	0	-0.426642	-237.002	0	213.464	213.464	-2.13163e-14	12.4428	0	0	0	0	0	0	0	0	0	0	0	0	0	0	0	0	0	0	0	0	0	0	0	0	0	0	0	0	0	0	0	0	0	
1	1	1	830	24.9		300	0	0	0.000398216	0.000398216	-0.000796432	0.0415	0	0	-6.88412e-05	-6.88412e-05	0.000137682	101.374	0	0	2.87711	-6.48984	0	9.36695		300	0.475182	0.000398223	0.000398223	-0.000796447	0.0232635	0	0	0.475182	0	-0.426642	-237.002	0	213.464	213.464	-2.13163e-14	12.4428	0	0	0	0	0	0	0	0	0	0	0	0	0	0	0	0	0	0	0	0	0	0	0	0	0	0	0	0	0	0	0	0	0	
1	1	1	831	24.93		300	0	0	0.000398931	0.000398931	-0.000797861	0.04155	0	0	-6.89335e-05	-6.89335e-05	0.000137867	101.42	0	0	2.88218	-6.49022	0	9.3724		300	0.475619	0.000398938	0.000398938	-0.000797876	0.0233053	0	0	0.475619	0	-0.426642	-237.002	0	213.464	213.464	-2.13163e-14	12.4428	0	0	0	0	0	0	0	0	0	0	0	0	0	0	0	0	0	0	0	0	0	0	0	0	0	0	0	0	0	0	0	0	0	
1	1	1	832	24.96		300	0	0	0.000399645	0.000399645	-0.00079929	0.0416	0	0	-6.90256e-05	-6.90256e-05	0.000138051	101.466	0	0	2.88725	-6.4906	0	9.37786		300	0.476057	0.000399652	0.000399652	-0.000799305	0.023347	0	0	0.476057	0	-0.426642	-237.002	0	213.464	213.464	-2.13163e-14	12.4428	0	0	0	0	0	0	0	0	0	0	0	0	0	0	0	0	0	0	0	0	0	0	0	0	0	0	0	0	0	0	0	0	0	
1	1	1	833	24.99		300	0	0	0.00040036	0.00040036	-0.000800719	0.04165	0	0	-6.91178e-05	-6.91178e-05	0.000138236	101.512	0	0	2.89233	-6.49098	0	9.3833		300	0.476495	0.000400367	0.000400367	-0.000800734	0.0233888	0	0	0.476495	0	-0.426642	-237.002	0	213.464	213.464	-2.13163e-14	12.4428	0	0	0	0	0	0	0	0	0	0	0	0	0	0	0	0	0	0	0	0	0	0	0	0	0	0	0	0	0	0	0	0	0	
1	1	1	834	25.02		300	0	0	0.000401074	0.000401074	-0.000802149	0.0417	0	0	-6.92098e-05	-6.92098e-05	0.00013842	101.557	0	0	2.8974	-6.49135	0	9.38875		300	0.476932	0.000401082	0.000401082	-0.000802163	0.0234305	0	0	0.476932	0	-0.426642	-237.002	0	213.464	213.464	-2.13163e-14	12.4428	0	0	0	0	0	0	0	0	0	0	0	0	0	0	0	0	0	0	0	0	0	0	0	0	0	0	0	0	0	0	0	0	0	
1	1	1	835	25.05		300	0	0	0.000401789	0.000401789	-0.000803578	0.04175	0	0	-6.93018e-05	-6.93018e-05	0.000138604	101.603	0	0	2.90248	-6.49171	0	9.3942		300	0.47737	0.000401796	0.000401796	-0.000803593	0.0234723	0	0	0.47737	0	-0.426642	-237.002	0	213.464	213.464	-2.13163e-14	12.4428	0	0	0	0	0	0	0	0	0	0	0	0	0	0	0	0	0	0	0	0	0	0	0	0	0	0	0	0	0	0	0	0	0	
1	1	1	836	25.08		300	0	0	0.000402504	0.000402504	-0.000805008	0.0418	0	0	-6.93938e-05	-6.93938e-05	0.000138788	101.649	0	0	2.90756	-6.49207	0	9.39964		300	0.477807	0.000402511	0.000402511	-0.000805022	0.0235141	0	0	0.477807	0	-0.426642	-237.002	0	213.464	213.464	-2.13163e-14	12.4428	0	0	0	0	0	0	0	0	0	0	0	0	0	0	0	0	0	0	0	0	0	0	0	0	0	0	0	0	0	0	0	0	0	
1	1	1	837	25.11		300	0	0	0.000403219	0.000403219	-0.000806438	0.04185	0	0	-6.94857e-05	-6.94857e-05	0.000138971	101.695	0	0	2.91265	-6.49243	0	9.40508		300	0.478244	0.000403226	0.000403226	-0.000806452	0.0235558	0	0	0.478244	0	-0.426642	-237.002	0	213.464	213.464	-2.13163e-14	12.4428	0	0	0	0	0	0	0	0	0	0	0	0	0	0	0	0	0	0	0	0	0	0	0	0	0	0	0	0	0	0	0	0	0	
1	1	1	838	25.14		300	0	0	0.000403934	0.000403934	-0.000807867	0.0419	0	0	-6.95775e-05	-6.95775e-05	0.000139155	101.74	0	0	2.91773	-6.49278	0	9.41052		300	0.478681	0.000403941	0.000403941	-0.000807882	0.0235976	0	0	0.478681	0	-0.426642	-237.002	0	213.464	213.464	-2.13163e-14	12.4428	0	0	0	0	0	0	0	0	0	0	0	0	0	0	0	0	0	0	0	0	0	0	0	0	0	0	0	0	0	0	0	0	0	
1	1	1	839	25.17		300	0	0	0.000404649	0.000404649	-0.000809298	0.04195	0	0	-6.96692e-05	-6.96692e-05	0.000139338	101.786	0	0	2.92282	-6.49313	0	9.41595		300	0.479117	0.000404656	0.000404656	-0.000809312	0.0236394	0	0	0.479117	0	-0.426642	-237.002	0	213.464	213.464	-2.13163e-14	12.4428	0	0	0	0	0	0	0	0	0	0	0	0	0	0	0	0	0	0	0	0	0	0	0	0	0	0	0	0	0	0	0	0	0	
1	1	1	840	25.2		300	0	0	0.000405364	0.000405364	-0.000810728	0.042	0	0	-6.97609e-05	-6.97609e-05	0.000139522	101.832	0	0	2.92791	-6.49348	0	9.42139		300	0.479554	0.000405371	0.000405371	-0.000810743	0.0236812	0	0	0.479554	0	-0.426642	-237.002	0	213.464	213.464	-2.13163e-14	12.4428	0	0	0	0	0	0	0	0	0	0	0	0	0	0	0	0	0	0	0	0	0	0	0	0	0	0	0	0	0	0	0	0	0	
1	1	1	841	25.23		300	0	0	0.000406079	0.000406079	-0.000812158	0.04205	0	0	-6.98526e-05	-6.98526e-05	0.000139705	101.877	0	0	2.933	-6.49382	0	9.42682		300	0.47999	0.000406086	0.000406086	-0.000812173	0.023723	0	0	0.47999	0	-0.426642	-237.002	0	213.464	213.464	-2.13163e-14	12.4428	0	0	0	0	0	0	0	0	0	0	0	0	0	0	0	0	0	0	0	0	0	0	0	0	0	0	0	0	0	0	0	0	0	
1	1	1	842	25.26		300	0	0	0.000406794	0.000406794	-0.000813589	0.0421	0	0	-6.99442e-05	-6.99442e-05	0.000139888	101.923	0	0	2.9381	-6.49415	0	9.43225		300	0.480427	0.000406802	0.000406802	-0.000813604	0.0237648	0	0	0.480427	0	-0.426642	-237.002	0	213.464	213.464	-2.13163e-14	12.4428	0	0	0	0	0	0	0	0	0	0	0	0	0	0	0	0	0	0	0	0	0	0	0	0	0	0	0	0	0	0	0	0	0	
1	1	1	843	25.29		300	0	0	0.00040751	0.00040751	-0.00081502	0.04215	0	0	-7.00357e-05	-7.00357e-05	0.000140071	101.969	0	0	2.9432	-6.49448	0	9.43768		300	0.480863	0.000407517	0.000407517	-0.000815034	0.0238066	0	0	0.480863	0	-0.426642	-237.002	0	213.464	213.464	-2.13163e-14	12.4428	0	0	0	0	0	0	0	0	0	0	0	0	0	0	0	0	0	0	0	0	0	0	0	0	0	0	0	0	0	0	0	0	0	
1	1	1	844	25.32		300	0	0	0.000408225	0.000408225	-0.000816451	0.0422	0	0	-7.01271e-05	-7.01271e-05	0.000140254	102.014	0	0	2.9483	-6.49481	0	9.44311		300	0.481299	0.000408233	0.000408233	-0.000816465	0.0238484	0	0	0.481299	0	-0.426642	-237.002	0	213.464	213.464	-2.13163e-14	12.4428	0	0	0	0	0	0	0	0	0	0	0	0	0	0	0	0	0	0	0	0	0	0	0	0	0	0	0	0	0	0	0	0	0	
1	1	1	845	25.35		300	0	0	0.000408941	0.000408941	-0.000817882	0.04225	0	0	-7.02185e-05	-7.02185e-05	0.000140437	102.06	0	0	2.9534	-6.49513	0	9.44853		300	0.481734	0.000408948	0.000408948	-0.000817896	0.0238902	0	0	0.481734	0	-0.426642	-237.002	0	213.464	213.464	-2.13163e-14	12.4428	0	0	0	0	0	0	0	0	0	0	0	0	0	0	0	0	0	0	0	0	0	0	0	0	0	0	0	0	0	0	0	0	0	
1	1	1	846	25.38		300	0	0	0.000409656	0.000409656	-0.000819313	0.0423	0	0	-7.03099e-05	-7.03099e-05	0.00014062	102.105	0	0	2.9585	-6.49545	0	9.45396		300	0.48217	0.000409664	0.000409664	-0.000819328	0.023932	0	0	0.48217	0	-0.426642	-237.002	0	213.464	213.464	-2.13163e-14	12.4428	0	0	0	0	0	0	0	0	0	0	0	0	0	0	0	0	0	0	0	0	0	0	0	0	0	0	0	0	0	0	0	0	0	
1	1	1	847	25.41		300	0	0	0.000410372	0.000410372	-0.000820744	0.04235	0	0	-7.04011e-05	-7.04011e-05	0.000140802	102.151	0	0	2.96361	-6.49577	0	9.45938		300	0.482605	0.000410379	0.000410379	-0.000820759	0.0239738	0	0	0.482605	0	-0.426642	-237.002	0	213.464	213.464	-2.13163e-14	12.4428	0	0	0	0	0	0	0	0	0	0	0	0	0	0	0	0	0	0	0	0	0	0	0	0	0	0	0	0	0	0	0	0	0	
1	1	1	848	25.44		300	0	0	0.000411088	0.000411088	-0.000822176	0.0424	0	0	-7.04924e-05	-7.04924e-05	0.000140985	102.196	0	0	2.96872	-6.49608	0	9.4648		300	0.483041	0.000411095	0.000411095	-0.000822191	0.0240156	0	0	0.483041	0	-0.426642	-237.002	0	213.464	213.464	-2.13163e-14	12.4428	0	0	0	0	0	0	0	0	0	0	0	0	0	0	0	0	0	0	0	0	0	0	0	0	0	0	0	0	0	0	0	0	0	
1	1	1	849	25.47		300	0	0	0.000411804	0.000411804	-0.000823607	0.04245	0	0	-7.05835e-05	-7.05835e-05	0.000141167	102.241	0	0	2.97383	-6.49638	0	9.47021		300	0.483476	0.000411811	0.000411811	-0.000823622	0.0240575	0	0	0.483476	0	-0.426642	-237.002	0	213.464	213.464	-2.13163e-14	12.4428	0	0	0	0	0	0	0	0	0	0	0	0	0	0	0	0	0	0	0	0	0	0	0	0	0	0	0	0	0	0	0	0	0	
1	1	1	850	25.5		300	0	0	0.00041252	0.00041252	-0.000825039	0.0425	0	0	-7.06746e-05	-7.06746e-05	0.000141349	102.287	0	0	2.97894	-6.49669	0	9.47563		300	0.483911	0.000412527	0.000412527	-0.000825054	0.0240993	0	0	0.483911	0	-0.426642	-237.002	0	213.464	213.464	-2.13163e-14	12.4428	0	0	0	0	0	0	0	0	0	0	0	0	0	0	0	0	0	0	0	0	0	0	0	0	0	0	0	0	0	0	0	0	0	
1	1	1	851	25.53		300	0	0	0.000413236	0.000413236	-0.000826471	0.04255	0	0	-7.07656e-05	-7.07656e-05	0.000141531	102.332	0	0	2.98406	-6.49698	0	9.48104		300	0.484345	0.000413243	0.000413243	-0.000826486	0.0241411	0	0	0.484345	0	-0.426642	-237.002	0	213.464	213.464	-2.13163e-14	12.4428	0	0	0	0	0	0	0	0	0	0	0	0	0	0	0	0	0	0	0	0	0	0	0	0	0	0	0	0	0	0	0	0	0	
1	1	1	852	25.56		300	0	0	0.000413952	0.000413952	-0.000827903	0.0426	0	0	-7.08566e-05	-7.08566e-05	0.000141713	102.378	0	0	2.98917	-6.49728	0	9.48645		300	0.48478	0.000413959	0.000413959	-0.000827918	0.024183	0	0	0.48478	0	-0.426642	-237.002	0	213.464	213.464	-2.13163e-14	12.4428	0	0	0	0	0	0	0	0	0	0	0	0	0	0	0	0	0	0	0	0	0	0	0	0	0	0	0	0	0	0	0	0	0	
1	1	1	853	25.59		300	0	0	0.000414668	0.000414668	-0.000829336	0.04265	0	0	-7.09475e-05	-7.09475e-05	0.000141895	102.423	0	0	2.99429	-6.49757	0	9.49186		300	0.485214	0.000414675	0.000414675	-0.00082935	0.0242248	0	0	0.485214	0	-0.426642	-237.002	0	213.464	213.464	-2.13163e-14	12.4428	0	0	0	0	0	0	0	0	0	0	0	0	0	0	0	0	0	0	0	0	0	0	0	0	0	0	0	0	0	0	0	0	0	
1	1	1	854	25.62		300	0	0	0.000415384	0.000415384	-0.000830768	0.0427	0	0	-7.10384e-05	-7.10384e-05	0.000142077	102.468	0	0	2.99942	-6.49785	0	9.49727		300	0.485649	0.000415391	0.000415391	-0.000830783	0.0242667	0	0	0.485649	0	-0.426642	-237.002	0	213.464	213.464	-2.13163e-14	12.4428	0	0	0	0	0	0	0	0	0	0	0	0	0	0	0	0	0	0	0	0	0	0	0	0	0	0	0	0	0	0	0	0	0	
1	1	1	855	25.65		300	0	0	0.0004161	0.0004161	-0.000832201	0.04275	0	0	-7.11292e-05	-7.11292e-05	0.000142258	102.514	0	0	3.00454	-6.49813	0	9.50267		300	0.486083	0.000416108	0.000416108	-0.000832216	0.0243085	0	0	0.486083	0	-0.426642	-237.002	0	213.464	213.464	-2.13163e-14	12.4428	0	0	0	0	0	0	0	0	0	0	0	0	0	0	0	0	0	0	0	0	0	0	0	0	0	0	0	0	0	0	0	0	0	
1	1	1	856	25.68		300	0	0	0.000416817	0.000416817	-0.000833633	0.0428	0	0	-7.12199e-05	-7.12199e-05	0.00014244	102.559	0	0	3.00967	-6.49841	0	9.50808		300	0.486517	0.000416824	0.000416824	-0.000833648	0.0243504	0	0	0.486517	0	-0.426642	-237.002	0	213.464	213.464	-2.13163e-14	12.4428	0	0	0	0	0	0	0	0	0	0	0	0	0	0	0	0	0	0	0	0	0	0	0	0	0	0	0	0	0	0	0	0	0	
1	1	1	857	25.71		300	0	0	0.000417533	0.000417533	-0.000835066	0.04285	0	0	-7.13106e-05	-7.13106e-05	0.000142621	102.604	0	0	3.0148	-6.49868	0	9.51348		300	0.486951	0.000417541	0.000417541	-0.000835081	0.0243923	0	0	0.486951	0	-0.426642	-237.002	0	213.464	213.464	-2.13163e-14	12.4428	0	0	0	0	0	0	0	0	0	0	0	0	0	0	0	0	0	0	0	0	0	0	0	0	0	0	0	0	0	0	0	0	0	
1	1	1	858	25.74		300	0	0	0.00041825	0.00041825	-0.000836499	0.0429	0	0	-7.14012e-05	-7.14012e-05	0.000142802	102.649	0	0	3.01993	-6.49895	0	9.51888		300	0.487385	0.000418257	0.000418257	-0.000836514	0.0244341	0	0	0.487385	0	-0.426642	-237.002	0	213.464	213.464	-2.13163e-14	12.4428	0	0	0	0	0	0	0	0	0	0	0	0	0	0	0	0	0	0	0	0	0	0	0	0	0	0	0	0	0	0	0	0	0	
1	1	1	859	25.77		300	0	0	0.000418966	0.000418966	-0.000837932	0.04295	0	0	-7.14917e-05	-7.14917e-05	0.000142983	102.694	0	0	3.02506	-6.49921	0	9.52427		300	0.487818	0.000418974	0.000418974	-0.000837947	0.024476	0	0	0.487818	0	-0.426642	-237.002	0	213.464	213.464	-2.13163e-14	12.4428	0	0	0	0	0	0	0	0	0	0	0	0	0	0	0	0	0	0	0	0	0	0	0	0	0	0	0	0	0	0	0	0	0	
1	1	1	860	25.8		300	0	0	0.000419683	0.000419683	-0.000839366	0.043	0	0	-7.15822e-05	-7.15822e-05	0.000143164	102.74	0	0	3.0302	-6.49947	0	9.52967		300	0.488251	0.00041969	0.00041969	-0.000839381	0.0245179	0	0	0.488251	0	-0.426642	-237.002	0	213.464	213.464	-2.13163e-14	12.4428	0	0	0	0	0	0	0	0	0	0	0	0	0	0	0	0	0	0	0	0	0	0	0	0	0	0	0	0	0	0	0	0	0	
1	1	1	861	25.83		300	0	0	0.0004204	0.0004204	-0.000840799	0.04305	0	0	-7.16726e-05	-7.16726e-05	0.000143345	102.785	0	0	3.03534	-6.49973	0	9.53506		300	0.488685	0.000420407	0.000420407	-0.000840814	0.0245598	0	0	0.488685	0	-0.426642	-237.002	0	213.464	213.464	-2.13163e-14	12.4428	0	0	0	0	0	0	0	0	0	0	0	0	0	0	0	0	0	0	0	0	0	0	0	0	0	0	0	0	0	0	0	0	0	
1	1	1	862	25.86		300	0	0	0.000421116	0.000421116	-0.000842233	0.0431	0	0	-7.1763e-05	-7.1763e-05	0.000143526	102.83	0	0	3.04048	-6.49998	0	9.54045		300	0.489118	0.000421124	0.000421124	-0.000842248	0.0246016	0	0	0.489118	0	-0.426642	-237.002	0	213.464	213.464	-2.13163e-14	12.4428	0	0	0	0	0	0	0	0	0	0	0	0	0	0	0	0	0	0	0	0	0	0	0	0	0	0	0	0	0	0	0	0	0	
1	1	1	863	25.89		300	0	0	0.000421833	0.000421833	-0.000843666	0.04315	0	0	-7.18533e-05	-7.18533e-05	0.000143707	102.875	0	0	3.04562	-6.50023	0	9.54584		300	0.489551	0.000421841	0.000421841	-0.000843682	0.0246435	0	0	0.489551	0	-0.426642	-237.002	0	213.464	213.464	-2.13163e-14	12.4428	0	0	0	0	0	0	0	0	0	0	0	0	0	0	0	0	0	0	0	0	0	0	0	0	0	0	0	0	0	0	0	0	0	
1	1	1	864	25.92		300	0	0	0.00042255	0.00042255	-0.0008451	0.0432	0	0	-7.19436e-05	-7.19436e-05	0.000143887	102.92	0	0	3.05076	-6.50047	0	9.55123		300	0.489983	0.000422558	0.000422558	-0.000845115	0.0246854	0	0	0.489983	0	-0.426642	-237.002	0	213.464	213.464	-2.13163e-14	12.4428	0	0	0	0	0	0	0	0	0	0	0	0	0	0	0	0	0	0	0	0	0	0	0	0	0	0	0	0	0	0	0	0	0	
1	1	1	865	25.95		300	0	0	0.000423267	0.000423267	-0.000846534	0.04325	0	0	-7.20337e-05	-7.20337e-05	0.000144067	102.965	0	0	3.05591	-6.50071	0	9.55662		300	0.490416	0.000423275	0.000423275	-0.000846549	0.0247273	0	0	0.490416	0	-0.426642	-237.002	0	213.464	213.464	-2.13163e-14	12.4428	0	0	0	0	0	0	0	0	0	0	0	0	0	0	0	0	0	0	0	0	0	0	0	0	0	0	0	0	0	0	0	0	0	
1	1	1	866	25.98		300	0	0	0.000423984	0.000423984	-0.000847969	0.0433	0	0	-7.21239e-05	-7.21239e-05	0.000144248	103.01	0	0	3.06106	-6.50094	0	9.562		300	0.490848	0.000423992	0.000423992	-0.000847984	0.0247692	0	0	0.490848	0	-0.426642	-237.002	0	213.464	213.464	-2.13163e-14	12.4428	0	0	0	0	0	0	0	0	0	0	0	0	0	0	0	0	0	0	0	0	0	0	0	0	0	0	0	0	0	0	0	0	0	
1	1	1	867	26.01		300	0	0	0.000424701	0.000424701	-0.000849403	0.04335	0	0	-7.22139e-05	-7.22139e-05	0.000144428	103.055	0	0	3.06621	-6.50117	0	9.56738		300	0.491281	0.000424709	0.000424709	-0.000849418	0.0248111	0	0	0.491281	0	-0.426642	-237.002	0	213.464	213.464	-2.13163e-14	12.4428	0	0	0	0	0	0	0	0	0	0	0	0	0	0	0	0	0	0	0	0	0	0	0	0	0	0	0	0	0	0	0	0	0	
1	1	1	868	26.04		300	0	0	0.000425419	0.000425419	-0.000850837	0.0434	0	0	-7.23039e-05	-7.23039e-05	0.000144608	103.1	0	0	3.07137	-6.5014	0	9.57276		300	0.491713	0.000425426	0.000425426	-0.000850852	0.024853	0	0	0.491713	0	-0.426642	-237.002	0	213.464	213.464	-2.13163e-14	12.4428	0	0	0	0	0	0	0	0	0	0	0	0	0	0	0	0	0	0	0	0	0	0	0	0	0	0	0	0	0	0	0	0	0	
1	1	1	869	26.07		300	0	0	0.000426136	0.000426136	-0.000852272	0.04345	0	0	-7.23939e-05	-7.23939e-05	0.000144788	103.145	0	0	3.07652	-6.50162	0	9.57814		300	0.492145	0.000426144	0.000426144	-0.000852287	0.0248949	0	0	0.492145	0	-0.426642	-237.002	0	213.464	213.464	-2.13163e-14	12.4428	0	0	0	0	0	0	0	0	0	0	0	0	0	0	0	0	0	0	0	0	0	0	0	0	0	0	0	0	0	0	0	0	0	
1	1	1	870	26.1		300	0	0	0.000426853	0.000426853	-0.000853707	0.0435	0	0	-7.24838e-05	-7.24838e-05	0.000144968	103.19	0	0	3.08168	-6.50184	0	9.58352		300	0.492577	0.000426861	0.000426861	-0.000853722	0.0249369	0	0	0.492577	0	-0.426642	-237.002	0	213.464	213.464	-2.13163e-14	12.4428	0	0	0	0	0	0	0	0	0	0	0	0	0	0	0	0	0	0	0	0	0	0	0	0	0	0	0	0	0	0	0	0	0	
1	1	1	871	26.13		300	0	0	0.000427571	0.000427571	-0.000855141	0.04355	0	0	-7.25736e-05	-7.25736e-05	0.000145147	103.235	0	0	3.08684	-6.50205	0	9.58889		300	0.493008	0.000427578	0.000427578	-0.000855157	0.0249788	0	0	0.493008	0	-0.426642	-237.002	0	213.464	213.464	-2.13163e-14	12.4428	0	0	0	0	0	0	0	0	0	0	0	0	0	0	0	0	0	0	0	0	0	0	0	0	0	0	0	0	0	0	0	0	0	
1	1	1	872	26.16		300	0	0	0.000428288	0.000428288	-0.000856576	0.0436	0	0	-7.26634e-05	-7.26634e-05	0.000145327	103.28	0	0	3.092	-6.50226	0	9.59427		300	0.49344	0.000428296	0.000428296	-0.000856592	0.0250207	0	0	0.49344	0	-0.426642	-237.002	0	213.464	213.464	-2.13163e-14	12.4428	0	0	0	0	0	0	0	0	0	0	0	0	0	0	0	0	0	0	0	0	0	0	0	0	0	0	0	0	0	0	0	0	0	
1	1	1	873	26.19		300	0	0	0.000429006	0.000429006	-0.000858012	0.04365	0	0	-7.27531e-05	-7.27531e-05	0.000145506	103.325	0	0	3.09717	-6.50247	0	9.59964		300	0.493871	0.000429013	0.000429013	-0.000858027	0.0250626	0	0	0.493871	0	-0.426642	-237.002	0	213.464	213.464	-2.13163e-14	12.4428	0	0	0	0	0	0	0	0	0	0	0	0	0	0	0	0	0	0	0	0	0	0	0	0	0	0	0	0	0	0	0	0	0	
1	1	1	874	26.22		300	0	0	0.000429723	0.000429723	-0.000859447	0.0437	0	0	-7.28427e-05	-7.28427e-05	0.000145685	103.369	0	0	3.10234	-6.50267	0	9.605		300	0.494303	0.000429731	0.000429731	-0.000859462	0.0251046	0	0	0.494303	0	-0.426642	-237.002	0	213.464	213.464	-2.13163e-14	12.4428	0	0	0	0	0	0	0	0	0	0	0	0	0	0	0	0	0	0	0	0	0	0	0	0	0	0	0	0	0	0	0	0	0	
1	1	1	875	26.25		300	0	0	0.000430441	0.000430441	-0.000860882	0.04375	0	0	-7.29323e-05	-7.29323e-05	0.000145865	103.414	0	0	3.10751	-6.50286	0	9.61037		300	0.494734	0.000430449	0.000430449	-0.000860898	0.0251465	0	0	0.494734	0	-0.426642	-237.002	0	213.464	213.464	-2.13163e-14	12.4428	0	0	0	0	0	0	0	0	0	0	0	0	0	0	0	0	0	0	0	0	0	0	0	0	0	0	0	0	0	0	0	0	0	
1	1	1	876	26.28		300	0	0	0.000431159	0.000431159	-0.000862318	0.0438	0	0	-7.30218e-05	-7.30218e-05	0.000146044	103.459	0	0	3.11268	-6.50306	0	9.61574		300	0.495165	0.000431167	0.000431167	-0.000862333	0.0251885	0	0	0.495165	0	-0.426642	-237.002	0	213.464	213.464	-2.13163e-14	12.4428	0	0	0	0	0	0	0	0	0	0	0	0	0	0	0	0	0	0	0	0	0	0	0	0	0	0	0	0	0	0	0	0	0	
1	1	1	877	26.31		300	0	0	0.000431877	0.000431877	-0.000863754	0.04385	0	0	-7.31113e-05	-7.31113e-05	0.000146223	103.504	0	0	3.11785	-6.50325	0	9.6211		300	0.495595	0.000431884	0.000431884	-0.000863769	0.0252304	0	0	0.495595	0	-0.426642	-237.002	0	213.464	213.464	-2.13163e-14	12.4428	0	0	0	0	0	0	0	0	0	0	0	0	0	0	0	0	0	0	0	0	0	0	0	0	0	0	0	0	0	0	0	0	0	
1	1	1	878	26.34		300	0	0	0.000432595	0.000432595	-0.000865189	0.0439	0	0	-7.32007e-05	-7.32007e-05	0.000146401	103.549	0	0	3.12303	-6.50343	0	9.62646		300	0.496026	0.000432602	0.000432602	-0.000865205	0.0252723	0	0	0.496026	0	-0.426642	-237.002	0	213.464	213.464	-2.13163e-14	12.4428	0	0	0	0	0	0	0	0	0	0	0	0	0	0	0	0	0	0	0	0	0	0	0	0	0	0	0	0	0	0	0	0	0	
1	1	1	879	26.37		300	0	0	0.000433313	0.000433313	-0.000866625	0.04395	0	0	-7.329e-05	-7.329e-05	0.00014658	103.593	0	0	3.12821	-6.50361	0	9.63182		300	0.496456	0.00043332	0.00043332	-0.000866641	0.0253143	0	0	0.496456	0	-0.426642	-237.002	0	213.464	213.464	-2.13163e-14	12.4428	0	0	0	0	0	0	0	0	0	0	0	0	0	0	0	0	0	0	0	0	0	0	0	0	0	0	0	0	0	0	0	0	0	
1	1	1	880	26.4		300	0	0	0.000434031	0.000434031	-0.000868061	0.044	0	0	-7.33793e-05	-7.33793e-05	0.000146759	103.638	0	0	3.13339	-6.50379	0	9.63718		300	0.496887	0.000434038	0.000434038	-0.000868077	0.0253563	0	0	0.496887	0	-0.426642	-237.002	0	213.464	213.464	-2.13163e-14	12.4428	0	0	0	0	0	0	0	0	0	0	0	0	0	0	0	0	0	0	0	0	0	0	0	0	0	0	0	0	0	0	0	0	0	
1	1	1	881	26.43		300	0	0	0.000434749	0.000434749	-0.000869498	0.04405	0	0	-7.34685e-05	-7.34685e-05	0.000146937	103.683	0	0	3.13857	-6.50396	0	9.64253		300	0.497317	0.000434757	0.000434757	-0.000869513	0.0253982	0	0	0.497317	0	-0.426642	-237.002	0	213.464	213.464	-2.13163e-14	12.4428	0	0	0	0	0	0	0	0	0	0	0	0	0	0	0	0	0	0	0	0	0	0	0	0	0	0	0	0	0	0	0	0	0	
1	1	1	882	26.46		300	0	0	0.000435467	0.000435467	-0.000870934	0.0441	0	0	-7.35577e-05	-7.35577e-05	0.000147115	103.727	0	0	3.14376	-6.50413	0	9.64788		300	0.497747	0.000435475	0.000435475	-0.000870949	0.0254402	0	0	0.497747	0	-0.426642	-237.002	0	213.464	213.464	-2.13163e-14	12.4428	0	0	0	0	0	0	0	0	0	0	0	0	0	0	0	0	0	0	0	0	0	0	0	0	0	0	0	0	0	0	0	0	0	
1	1	1	883	26.49		300	0	0	0.000436185	0.000436185	-0.00087237	0.04415	0	0	-7.36468e-05	-7.36468e-05	0.000147294	103.772	0	0	3.14894	-6.50429	0	9.65324		300	0.498177	0.000436193	0.000436193	-0.000872386	0.0254822	0	0	0.498177	0	-0.426642	-237.002	0	213.464	213.464	-2.13163e-14	12.4428	0	0	0	0	0	0	0	0	0	0	0	0	0	0	0	0	0	0	0	0	0	0	0	0	0	0	0	0	0	0	0	0	0	
1	1	1	884	26.52		300	0	0	0.000436904	0.000436904	-0.000873807	0.0442	0	0	-7.37359e-05	-7.37359e-05	0.000147472	103.817	0	0	3.15413	-6.50445	0	9.65859		300	0.498606	0.000436911	0.000436911	-0.000873823	0.0255241	0	0	0.498606	0	-0.426642	-237.002	0	213.464	213.464	-2.13163e-14	12.4428	0	0	0	0	0	0	0	0	0	0	0	0	0	0	0	0	0	0	0	0	0	0	0	0	0	0	0	0	0	0	0	0	0	
1	1	1	885	26.55		300	0	0	0.000437622	0.000437622	-0.000875244	0.04425	0	0	-7.38248e-05	-7.38248e-05	0.00014765	103.861	0	0	3.15933	-6.50461	0	9.66393		300	0.499036	0.00043763	0.00043763	-0.000875259	0.0255661	0	0	0.499036	0	-0.426642	-237.002	0	213.464	213.464	-2.13163e-14	12.4428	0	0	0	0	0	0	0	0	0	0	0	0	0	0	0	0	0	0	0	0	0	0	0	0	0	0	0	0	0	0	0	0	0	
1	1	1	886	26.58		300	0	0	0.00043834	0.00043834	-0.000876681	0.0443	0	0	-7.39138e-05	-7.39138e-05	0.000147828	103.906	0	0	3.16452	-6.50476	0	9.66928		300	0.499465	0.000438348	0.000438348	-0.000876696	0.0256081	0	0	0.499465	0	-0.426642	-237.002	0	213.464	213.464	-2.13163e-14	12.4428	0	0	0	0	0	0	0	0	0	0	0	0	0	0	0	0	0	0	0	0	0	0	0	0	0	0	0	0	0	0	0	0	0	
1	1	1	887	26.61		300	0	0	0.000439059	0.000439059	-0.000878118	0.04435	0	0	-7.40026e-05	-7.40026e-05	0.000148005	103.95	0	0	3.16972	-6.50491	0	9.67462		300	0.499895	0.000439067	0.000439067	-0.000878133	0.0256501	0	0	0.499895	0	-0.426642	-237.002	0	213.464	213.464	-2.13163e-14	12.4428	0	0	0	0	0	0	0	0	0	0	0	0	0	0	0	0	0	0	0	0	0	0	0	0	0	0	0	0	0	0	0	0	0	
1	1	1	888	26.64		300	0	0	0.000439777	0.000439777	-0.000879555	0.0444	0	0	-7.40914e-05	-7.40914e-05	0.000148183	103.995	0	0	3.17491	-6.50505	0	9.67997		300	0.500324	0.000439785	0.000439785	-0.00087957	0.0256921	0	0	0.500324	0	-0.426642	-237.002	0	213.464	213.464	-2.13163e-14	12.4428	0	0	0	0	0	0	0	0	0	0	0	0	0	0	0	0	0	0	0	0	0	0	0	0	0	0	0	0	0	0	0	0	0	
1	1	1	889	26.67		300	0	0	0.000440496	0.000440496	-0.000880992	0.04445	0	0	-7.41802e-05	-7.41802e-05	0.00014836	104.039	0	0	3.18012	-6.50519	0	9.68531		300	0.500753	0.000440504	0.000440504	-0.000881008	0.0257341	0	0	0.500753	0	-0.426642	-237.002	0	213.464	213.464	-2.13163e-14	12.4428	0	0	0	0	0	0	0	0	0	0	0	0	0	0	0	0	0	0	0	0	0	0	0	0	0	0	0	0	0	0	0	0	0	
1	1	1	890	26.7		300	0	0	0.000441215	0.000441215	-0.000882429	0.0445	0	0	-7.42689e-05	-7.42689e-05	0.000148538	104.084	0	0	3.18532	-6.50533	0	9.69064		300	0.501181	0.000441223	0.000441223	-0.000882445	0.025776	0	0	0.501181	0	-0.426642	-237.002	0	213.464	213.464	-2.13163e-14	12.4428	0	0	0	0	0	0	0	0	0	0	0	0	0	0	0	0	0	0	0	0	0	0	0	0	0	0	0	0	0	0	0	0	0	
1	1	1	891	26.73		300	0	0	0.000441933	0.000441933	-0.000883867	0.04455	0	0	-7.43575e-05	-7.43575e-05	0.000148715	104.128	0	0	3.19052	-6.50546	0	9.69598		300	0.50161	0.000441941	0.000441941	-0.000883883	0.025818	0	0	0.50161	0	-0.426642	-237.002	0	213.464	213.464	-2.13163e-14	12.4428	0	0	0	0	0	0	0	0	0	0	0	0	0	0	0	0	0	0	0	0	0	0	0	0	0	0	0	0	0	0	0	0	0	
1	1	1	892	26.76		300	0	0	0.000442652	0.000442652	-0.000885305	0.0446	0	0	-7.44461e-05	-7.44461e-05	0.000148892	104.173	0	0	3.19573	-6.50558	0	9.70132		300	0.502038	0.00044266	0.00044266	-0.00088532	0.0258601	0	0	0.502038	0	-0.426642	-237.002	0	213.464	213.464	-2.13163e-14	12.4428	0	0	0	0	0	0	0	0	0	0	0	0	0	0	0	0	0	0	0	0	0	0	0	0	0	0	0	0	0	0	0	0	0	
1	1	1	893	26.79		300	0	0	0.000443371	0.000443371	-0.000886742	0.04465	0	0	-7.45346e-05	-7.45346e-05	0.000149069	104.217	0	0	3.20094	-6.50571	0	9.70665		300	0.502467	0.000443379	0.000443379	-0.000886758	0.0259021	0	0	0.502467	0	-0.426642	-237.002	0	213.464	213.464	-2.13163e-14	12.4428	0	0	0	0	0	0	0	0	0	0	0	0	0	0	0	0	0	0	0	0	0	0	0	0	0	0	0	0	0	0	0	0	0	
1	1	1	894	26.82		300	0	0	0.00044409	0.00044409	-0.00088818	0.0447	0	0	-7.4623e-05	-7.4623e-05	0.000149246	104.262	0	0	3.20615	-6.50583	0	9.71198		300	0.502895	0.000444098	0.000444098	-0.000888196	0.0259441	0	0	0.502895	0	-0.426642	-237.002	0	213.464	213.464	-2.13163e-14	12.4428	0	0	0	0	0	0	0	0	0	0	0	0	0	0	0	0	0	0	0	0	0	0	0	0	0	0	0	0	0	0	0	0	0	
1	1	1	895	26.85		300	0	0	0.000444809	0.000444809	-0.000889618	0.04475	0	0	-7.47114e-05	-7.47114e-05	0.000149423	104.306	0	0	3.21137	-6.50594	0	9.71731		300	0.503323	0.000444817	0.000444817	-0.000889634	0.0259861	0	0	0.503323	0	-0.426642	-237.002	0	213.464	213.464	-2.13163e-14	12.4428	0	0	0	0	0	0	0	0	0	0	0	0	0	0	0	0	0	0	0	0	0	0	0	0	0	0	0	0	0	0	0	0	0	
1	1	1	896	26.88		300	0	0	0.000445528	0.000445528	-0.000891056	0.0448	0	0	-7.47997e-05	-7.47997e-05	0.000149599	104.35	0	0	3.21658	-6.50605	0	9.72264		300	0.503751	0.000445536	0.000445536	-0.000891072	0.0260281	0	0	0.503751	0	-0.426642	-237.002	0	213.464	213.464	-2.13163e-14	12.4428	0	0	0	0	0	0	0	0	0	0	0	0	0	0	0	0	0	0	0	0	0	0	0	0	0	0	0	0	0	0	0	0	0	
1	1	1	897	26.91		300	0	0	0.000446247	0.000446247	-0.000892495	0.04485	0	0	-7.4888e-05	-7.4888e-05	0.000149776	104.395	0	0	3.2218	-6.50616	0	9.72796		300	0.504179	0.000446255	0.000446255	-0.00089251	0.0260701	0	0	0.504179	0	-0.426642	-237.002	0	213.464	213.464	-2.13163e-14	12.4428	0	0	0	0	0	0	0	0	0	0	0	0	0	0	0	0	0	0	0	0	0	0	0	0	0	0	0	0	0	0	0	0	0	
1	1	1	898	26.94		300	0	0	0.000446966	0.000446966	-0.000893933	0.0449	0	0	-7.49762e-05	-7.49762e-05	0.000149952	104.439	0	0	3.22702	-6.50626	0	9.73328		300	0.504606	0.000446974	0.000446974	-0.000893949	0.0261121	0	0	0.504606	0	-0.426642	-237.002	0	213.464	213.464	-2.13163e-14	12.4428	0	0	0	0	0	0	0	0	0	0	0	0	0	0	0	0	0	0	0	0	0	0	0	0	0	0	0	0	0	0	0	0	0	
1	1	1	899	26.97		300	0	0	0.000447686	0.000447686	-0.000895371	0.04495	0	0	-7.50644e-05	-7.50644e-05	0.000150129	104.483	0	0	3.23225	-6.50636	0	9.73861		300	0.505034	0.000447694	0.000447694	-0.000895387	0.0261542	0	0	0.505034	0	-0.426642	-237.002	0	213.464	213.464	-2.13163e-14	12.4428	0	0	0	0	0	0	0	0	0	0	0	0	0	0	0	0	0	0	0	0	0	0	0	0	0	0	0	0	0	0	0	0	0	
1	1	1	900	27		300	0	0	0.000448405	0.000448405	-0.00089681	0.045	0	0	-7.51525e-05	-7.51525e-05	0.000150305	104.528	0	0	3.23747	-6.50645	0	9.74393		300	0.505461	0.000448413	0.000448413	-0.000896826	0.0261962	0	0	0.505461	0	-0.426642	-237.002	0	213.464	213.464	-2.13163e-14	12.4428	0	0	0	0	0	0	0	0	0	0	0	0	0	0	0	0	0	0	0	0	0	0	0	0	0	0	0	0	0	0	0	0	0	
1	1	1	901	27.03		300	0	0	0.000449124	0.000449124	-0.000898249	0.04505	0	0	-7.52405e-05	-7.52405e-05	0.000150481	104.572	0	0	3.2427	-6.50655	0	9.74924		300	0.505888	0.000449132	0.000449132	-0.000898265	0.0262382	0	0	0.505888	0	-0.426642	-237.002	0	213.464	213.464	-2.13163e-14	12.4428	0	0	0	0	0	0	0	0	0	0	0	0	0	0	0	0	0	0	0	0	0	0	0	0	0	0	0	0	0	0	0	0	0	
1	1	1	902	27.06		300	0	0	0.000449844	0.000449844	-0.000899688	0.0451	0	0	-7.53284e-05	-7.53284e-05	0.000150657	104.616	0	0	3.24793	-6.50663	0	9.75456		300	0.506315	0.000449852	0.000449852	-0.000899704	0.0262803	0	0	0.506315	0	-0.426642	-237.002	0	213.464	213.464	-2.13163e-14	12.4428	0	0	0	0	0	0	0	0	0	0	0	0	0	0	0	0	0	0	0	0	0	0	0	0	0	0	0	0	0	0	0	0	0	
1	1	1	903	27.09		300	0	0	0.000450563	0.000450563	-0.000901127	0.04515	0	0	-7.54164e-05	-7.54164e-05	0.000150833	104.66	0	0	3.25316	-6.50671	0	9.75987		300	0.506742	0.000450571	0.000450571	-0.000901143	0.0263223	0	0	0.506742	0	-0.426642	-237.002	0	213.464	213.464	-2.13163e-14	12.4428	0	0	0	0	0	0	0	0	0	0	0	0	0	0	0	0	0	0	0	0	0	0	0	0	0	0	0	0	0	0	0	0	0	
1	1	1	904	27.12		300	0	0	0.000451283	0.000451283	-0.000902566	0.0452	0	0	-7.55042e-05	-7.55042e-05	0.000151008	104.705	0	0	3.25839	-6.50679	0	9.76519		300	0.507169	0.000451291	0.000451291	-0.000902582	0.0263644	0	0	0.507169	0	-0.426642	-237.002	0	213.464	213.464	-2.13163e-14	12.4428	0	0	0	0	0	0	0	0	0	0	0	0	0	0	0	0	0	0	0	0	0	0	0	0	0	0	0	0	0	0	0	0	0	
1	1	1	905	27.15		300	0	0	0.000452002	0.000452002	-0.000904005	0.04525	0	0	-7.5592e-05	-7.5592e-05	0.000151184	104.749	0	0	3.26363	-6.50687	0	9.7705		300	0.507595	0.00045201	0.00045201	-0.000904021	0.0264064	0	0	0.507595	0	-0.426642	-237.002	0	213.464	213.464	-2.13163e-14	12.4428	0	0	0	0	0	0	0	0	0	0	0	0	0	0	0	0	0	0	0	0	0	0	0	0	0	0	0	0	0	0	0	0	0	
1	1	1	906	27.18		300	0	0	0.000452722	0.000452722	-0.000905444	0.0453	0	0	-7.56797e-05	-7.56797e-05	0.000151359	104.793	0	0	3.26887	-6.50694	0	9.77581		300	0.508022	0.00045273	0.00045273	-0.00090546	0.0264485	0	0	0.508022	0	-0.426642	-237.002	0	213.464	213.464	-2.13163e-14	12.4428	0	0	0	0	0	0	0	0	0	0	0	0	0	0	0	0	0	0	0	0	0	0	0	0	0	0	0	0	0	0	0	0	0	
1	1	1	907	27.21		300	0	0	0.000453442	0.000453442	-0.000906884	0.04535	0	0	-7.57674e-05	-7.57674e-05	0.000151535	104.837	0	0	3.27411	-6.507	0	9.78111		300	0.508448	0.00045345	0.00045345	-0.0009069	0.0264905	0	0	0.508448	0	-0.426642	-237.002	0	213.464	213.464	-2.13163e-14	12.4428	0	0	0	0	0	0	0	0	0	0	0	0	0	0	0	0	0	0	0	0	0	0	0	0	0	0	0	0	0	0	0	0	0	
1	1	1	908	27.24		300	0	0	0.000454162	0.000454162	-0.000908323	0.0454	0	0	-7.5855e-05	-7.5855e-05	0.00015171	104.881	0	0	3.27935	-6.50706	0	9.78642		300	0.508874	0.00045417	0.00045417	-0.000908339	0.0265326	0	0	0.508874	0	-0.426642	-237.002	0	213.464	213.464	-2.13163e-14	12.4428	0	0	0	0	0	0	0	0	0	0	0	0	0	0	0	0	0	0	0	0	0	0	0	0	0	0	0	0	0	0	0	0	0	
1	1	1	909	27.27		300	0	0	0.000454882	0.000454882	-0.000909763	0.04545	0	0	-7.59426e-05	-7.59426e-05	0.000151885	104.925	0	0	3.2846	-6.50712	0	9.79172		300	0.5093	0.000454889	0.000454889	-0.000909779	0.0265747	0	0	0.5093	0	-0.426642	-237.002	0	213.464	213.464	-2.13163e-14	12.4428	0	0	0	0	0	0	0	0	0	0	0	0	0	0	0	0	0	0	0	0	0	0	0	0	0	0	0	0	0	0	0	0	0	
1	1	1	910	27.3		300	0	0	0.000455601	0.000455601	-0.000911203	0.0455	0	0	-7.60301e-05	-7.60301e-05	0.00015206	104.969	0	0	3.28985	-6.50718	0	9.79702		300	0.509726	0.000455609	0.000455609	-0.000911219	0.0266167	0	0	0.509726	0	-0.426642	-237.002	0	213.464	213.464	-2.13163e-14	12.4428	0	0	0	0	0	0	0	0	0	0	0	0	0	0	0	0	0	0	0	0	0	0	0	0	0	0	0	0	0	0	0	0	0	
1	1	1	911	27.33		300	0	0	0.000456321	0.000456321	-0.000912643	0.04555	0	0	-7.61175e-05	-7.61175e-05	0.000152235	105.014	0	0	3.2951	-6.50723	0	9.80232		300	0.510152	0.000456329	0.000456329	-0.000912659	0.0266588	0	0	0.510152	0	-0.426642	-237.002	0	213.464	213.464	-2.13163e-14	12.4428	0	0	0	0	0	0	0	0	0	0	0	0	0	0	0	0	0	0	0	0	0	0	0	0	0	0	0	0	0	0	0	0	0	
1	1	1	912	27.36		300	0	0	0.000457041	0.000457041	-0.000914083	0.0456	0	0	-7.62049e-05	-7.62049e-05	0.00015241	105.058	0	0	3.30035	-6.50727	0	9.80762		300	0.510577	0.000457049	0.000457049	-0.000914099	0.0267009	0	0	0.510577	0	-0.426642	-237.002	0	213.464	213.464	-2.13163e-14	12.4428	0	0	0	0	0	0	0	0	0	0	0	0	0	0	0	0	0	0	0	0	0	0	0	0	0	0	0	0	0	0	0	0	0	
1	1	1	913	27.39		300	0	0	0.000457761	0.000457761	-0.000915523	0.04565	0	0	-7.62922e-05	-7.62922e-05	0.000152584	105.102	0	0	3.3056	-6.50731	0	9.81292		300	0.511002	0.000457769	0.000457769	-0.000915539	0.026743	0	0	0.511002	0	-0.426642	-237.002	0	213.464	213.464	-2.13163e-14	12.4428	0	0	0	0	0	0	0	0	0	0	0	0	0	0	0	0	0	0	0	0	0	0	0	0	0	0	0	0	0	0	0	0	0	
1	1	1	914	27.42		300	0	0	0.000458482	0.000458482	-0.000916963	0.0457	0	0	-7.63794e-05	-7.63794e-05	0.000152759	105.146	0	0	3.31086	-6.50735	0	9.81821		300	0.511428	0.00045849	0.00045849	-0.000916979	0.026785	0	0	0.511428	0	-0.426642	-237.002	0	213.464	213.464	-2.13163e-14	12.4428	0	0	0	0	0	0	0	0	0	0	0	0	0	0	0	0	0	0	0	0	0	0	0	0	0	0	0	0	0	0	0	0	0	
1	1	1	915	27.45		300	0	0	0.000459202	0.000459202	-0.000918404	0.04575	0	0	-7.64666e-05	-7.64666e-05	0.000152933	105.19	0	0	3.31612	-6.50739	0	9.8235		300	0.511853	0.00045921	0.00045921	-0.00091842	0.0268271	0	0	0.511853	0	-0.426642	-237.002	0	213.464	213.464	-2.13163e-14	12.4428	0	0	0	0	0	0	0	0	0	0	0	0	0	0	0	0	0	0	0	0	0	0	0	0	0	0	0	0	0	0	0	0	0	
1	1	1	916	27.48		300	0	0	0.000459922	0.000459922	-0.000919844	0.0458	0	0	-7.65538e-05	-7.65538e-05	0.000153108	105.234	0	0	3.32138	-6.50742	0	9.82879		300	0.512278	0.00045993	0.00045993	-0.00091986	0.0268692	0	0	0.512278	0	-0.426642	-237.002	0	213.464	213.464	-2.13163e-14	12.4428	0	0	0	0	0	0	0	0	0	0	0	0	0	0	0	0	0	0	0	0	0	0	0	0	0	0	0	0	0	0	0	0	0	
1	1	1	917	27.51		300	0	0	0.000460642	0.000460642	-0.000921285	0.04585	0	0	-7.66409e-05	-7.66409e-05	0.000153282	105.278	0	0	3.32664	-6.50744	0	9.83408		300	0.512702	0.00046065	0.00046065	-0.000921301	0.0269113	0	0	0.512702	0	-0.426642	-237.002	0	213.464	213.464	-2.13163e-14	12.4428	0	0	0	0	0	0	0	0	0	0	0	0	0	0	0	0	0	0	0	0	0	0	0	0	0	0	0	0	0	0	0	0	0	
1	1	1	918	27.54		300	0	0	0.000461363	0.000461363	-0.000922725	0.0459	0	0	-7.67279e-05	-7.67279e-05	0.000153456	105.322	0	0	3.3319	-6.50746	0	9.83937		300	0.513127	0.000461371	0.000461371	-0.000922741	0.0269534	0	0	0.513127	0	-0.426642	-237.002	0	213.464	213.464	-2.13163e-14	12.4428	0	0	0	0	0	0	0	0	0	0	0	0	0	0	0	0	0	0	0	0	0	0	0	0	0	0	0	0	0	0	0	0	0	
1	1	1	919	27.57		300	0	0	0.000462083	0.000462083	-0.000924166	0.04595	0	0	-7.68148e-05	-7.68148e-05	0.00015363	105.365	0	0	3.33717	-6.50748	0	9.84465		300	0.513552	0.000462091	0.000462091	-0.000924182	0.0269955	0	0	0.513552	0	-0.426642	-237.002	0	213.464	213.464	-2.13163e-14	12.4428	0	0	0	0	0	0	0	0	0	0	0	0	0	0	0	0	0	0	0	0	0	0	0	0	0	0	0	0	0	0	0	0	0	
1	1	1	920	27.6		300	0	0	0.000462804	0.000462804	-0.000925607	0.046	0	0	-7.69017e-05	-7.69017e-05	0.000153803	105.409	0	0	3.34244	-6.50749	0	9.84994		300	0.513976	0.000462812	0.000462812	-0.000925623	0.0270376	0	0	0.513976	0	-0.426642	-237.002	0	213.464	213.464	-2.13163e-14	12.4428	0	0	0	0	0	0	0	0	0	0	0	0	0	0	0	0	0	0	0	0	0	0	0	0	0	0	0	0	0	0	0	0	0	
1	1	1	921	27.63		300	0	0	0.000463524	0.000463524	-0.000927048	0.04605	0	0	-7.69886e-05	-7.69886e-05	0.000153977	105.453	0	0	3.34771	-6.5075	0	9.85522		300	0.5144	0.000463532	0.000463532	-0.000927064	0.0270797	0	0	0.5144	0	-0.426642	-237.002	0	213.464	213.464	-2.13163e-14	12.4428	0	0	0	0	0	0	0	0	0	0	0	0	0	0	0	0	0	0	0	0	0	0	0	0	0	0	0	0	0	0	0	0	0	
1	1	1	922	27.66		300	0	0	0.000464245	0.000464245	-0.000928489	0.0461	0	0	-7.70754e-05	-7.70754e-05	0.000154151	105.497	0	0	3.35299	-6.50751	0	9.8605		300	0.514824	0.000464253	0.000464253	-0.000928505	0.0271218	0	0	0.514824	0	-0.426642	-237.002	0	213.464	213.464	-2.13163e-14	12.4428	0	0	0	0	0	0	0	0	0	0	0	0	0	0	0	0	0	0	0	0	0	0	0	0	0	0	0	0	0	0	0	0	0	
1	1	1	923	27.69		300	0	0	0.000464965	0.000464965	-0.000929931	0.04615	0	0	-7.71621e-05	-7.71621e-05	0.000154324	105.541	0	0	3.35826	-6.50751	0	9.86577		300	0.515248	0.000464973	0.000464973	-0.000929947	0.0271639	0	0	0.515248	0	-0.426642	-237.002	0	213.464	213.464	-2.13163e-14	12.4428	0	0	0	0	0	0	0	0	0	0	0	0	0	0	0	0	0	0	0	0	0	0	0	0	0	0	0	0	0	0	0	0	0	
1	1	1	924	27.72		300	0	0	0.000465686	0.000465686	-0.000931372	0.0462	0	0	-7.72488e-05	-7.72488e-05	0.000154498	105.585	0	0	3.36354	-6.50751	0	9.87105		300	0.515672	0.000465694	0.000465694	-0.000931388	0.027206	0	0	0.515672	0	-0.426642	-237.002	0	213.464	213.464	-2.13163e-14	12.4428	0	0	0	0	0	0	0	0	0	0	0	0	0	0	0	0	0	0	0	0	0	0	0	0	0	0	0	0	0	0	0	0	0	
1	1	1	925	27.75		300	0	0	0.000466407	0.000466407	-0.000932813	0.04625	0	0	-7.73354e-05	-7.73354e-05	0.000154671	105.629	0	0	3.36882	-6.5075	0	9.87632		300	0.516096	0.000466415	0.000466415	-0.00093283	0.0272481	0	0	0.516096	0	-0.426642	-237.002	0	213.464	213.464	-2.13163e-14	12.4428	0	0	0	0	0	0	0	0	0	0	0	0	0	0	0	0	0	0	0	0	0	0	0	0	0	0	0	0	0	0	0	0	0	
1	1	1	926	27.78		300	0	0	0.000467128	0.000467128	-0.000934255	0.0463	0	0	-7.74219e-05	-7.74219e-05	0.000154844	105.672	0	0	3.3741	-6.50749	0	9.8816		300	0.516519	0.000467136	0.000467136	-0.000934271	0.0272903	0	0	0.516519	0	-0.426642	-237.002	0	213.464	213.464	-2.13163e-14	12.4428	0	0	0	0	0	0	0	0	0	0	0	0	0	0	0	0	0	0	0	0	0	0	0	0	0	0	0	0	0	0	0	0	0	
1	1	1	927	27.81		300	0	0	0.000467848	0.000467848	-0.000935697	0.04635	0	0	-7.75084e-05	-7.75084e-05	0.000155017	105.716	0	0	3.37939	-6.50748	0	9.88687		300	0.516942	0.000467856	0.000467856	-0.000935713	0.0273324	0	0	0.516942	0	-0.426642	-237.002	0	213.464	213.464	-2.13163e-14	12.4428	0	0	0	0	0	0	0	0	0	0	0	0	0	0	0	0	0	0	0	0	0	0	0	0	0	0	0	0	0	0	0	0	0	
1	1	1	928	27.84		300	0	0	0.000468569	0.000468569	-0.000937138	0.0464	0	0	-7.75948e-05	-7.75948e-05	0.00015519	105.76	0	0	3.38467	-6.50746	0	9.89214		300	0.517366	0.000468577	0.000468577	-0.000937155	0.0273745	0	0	0.517366	0	-0.426642	-237.002	0	213.464	213.464	-2.13163e-14	12.4428	0	0	0	0	0	0	0	0	0	0	0	0	0	0	0	0	0	0	0	0	0	0	0	0	0	0	0	0	0	0	0	0	0	
1	1	1	929	27.87		300	0	0	0.00046929	0.00046929	-0.00093858	0.04645	0	0	-7.76812e-05	-7.76812e-05	0.000155362	105.804	0	0	3.38996	-6.50744	0	9.8974		300	0.517789	0.000469298	0.000469298	-0.000938597	0.0274166	0	0	0.517789	0	-0.426642	-237.002	0	213.464	213.464	-2.13163e-14	12.4428	0	0	0	0	0	0	0	0	0	0	0	0	0	0	0	0	0	0	0	0	0	0	0	0	0	0	0	0	0	0	0	0	0	
1	1	1	930	27.9		300	0	0	0.000470011	0.000470011	-0.000940022	0.0465	0	0	-7.77675e-05	-7.77675e-05	0.000155535	105.847	0	0	3.39525	-6.50741	0	9.90267		300	0.518211	0.000470019	0.000470019	-0.000940039	0.0274588	0	0	0.518211	0	-0.426642	-237.002	0	213.464	213.464	-2.13163e-14	12.4428	0	0	0	0	0	0	0	0	0	0	0	0	0	0	0	0	0	0	0	0	0	0	0	0	0	0	0	0	0	0	0	0	0	
1	1	1	931	27.93		300	0	0	0.000470732	0.000470732	-0.000941465	0.04655	0	0	-7.78537e-05	-7.78537e-05	0.000155707	105.891	0	0	3.40055	-6.50738	0	9.90793		300	0.518634	0.00047074	0.00047074	-0.000941481	0.0275009	0	0	0.518634	0	-0.426642	-237.002	0	213.464	213.464	-2.13163e-14	12.4428	0	0	0	0	0	0	0	0	0	0	0	0	0	0	0	0	0	0	0	0	0	0	0	0	0	0	0	0	0	0	0	0	0	
1	1	1	932	27.96		300	0	0	0.000471453	0.000471453	-0.000942907	0.0466	0	0	-7.79399e-05	-7.79399e-05	0.00015588	105.935	0	0	3.40584	-6.50735	0	9.91319		300	0.519057	0.000471462	0.000471462	-0.000942923	0.0275431	0	0	0.519057	0	-0.426642	-237.002	0	213.464	213.464	-2.13163e-14	12.4428	0	0	0	0	0	0	0	0	0	0	0	0	0	0	0	0	0	0	0	0	0	0	0	0	0	0	0	0	0	0	0	0	0	
1	1	1	933	27.99		300	0	0	0.000472175	0.000472175	-0.000944349	0.04665	0	0	-7.80261e-05	-7.80261e-05	0.000156052	105.979	0	0	3.41114	-6.50731	0	9.91845		300	0.519479	0.000472183	0.000472183	-0.000944365	0.0275852	0	0	0.519479	0	-0.426642	-237.002	0	213.464	213.464	-2.13163e-14	12.4428	0	0	0	0	0	0	0	0	0	0	0	0	0	0	0	0	0	0	0	0	0	0	0	0	0	0	0	0	0	0	0	0	0	
1	1	1	934	28.02		300	0	0	0.000472896	0.000472896	-0.000945791	0.0467	0	0	-7.81121e-05	-7.81121e-05	0.000156224	106.022	0	0	3.41644	-6.50727	0	9.92371		300	0.519902	0.000472904	0.000472904	-0.000945808	0.0276273	0	0	0.519902	0	-0.426642	-237.002	0	213.464	213.464	-2.13163e-14	12.4428	0	0	0	0	0	0	0	0	0	0	0	0	0	0	0	0	0	0	0	0	0	0	0	0	0	0	0	0	0	0	0	0	0	
1	1	1	935	28.05		300	0	0	0.000473617	0.000473617	-0.000947234	0.04675	0	0	-7.81982e-05	-7.81982e-05	0.000156396	106.066	0	0	3.42174	-6.50722	0	9.92897		300	0.520324	0.000473625	0.000473625	-0.00094725	0.0276695	0	0	0.520324	0	-0.426642	-237.002	0	213.464	213.464	-2.13163e-14	12.4428	0	0	0	0	0	0	0	0	0	0	0	0	0	0	0	0	0	0	0	0	0	0	0	0	0	0	0	0	0	0	0	0	0	
1	1	1	936	28.08		300	0	0	0.000474338	0.000474338	-0.000948677	0.0468	0	0	-7.82841e-05	-7.82841e-05	0.000156568	106.11	0	0	3.42705	-6.50717	0	9.93422		300	0.520746	0.000474347	0.000474347	-0.000948693	0.0277116	0	0	0.520746	0	-0.426642	-237.002	0	213.464	213.464	-2.13163e-14	12.4428	0	0	0	0	0	0	0	0	0	0	0	0	0	0	0	0	0	0	0	0	0	0	0	0	0	0	0	0	0	0	0	0	0	
1	1	1	937	28.11		300	0	0	0.00047506	0.00047506	-0.000950119	0.04685	0	0	-7.837e-05	-7.837e-05	0.00015674	106.153	0	0	3.43235	-6.50712	0	9.93947		300	0.521168	0.000475068	0.000475068	-0.000950136	0.0277538	0	0	0.521168	0	-0.426642	-237.002	0	213.464	213.464	-2.13163e-14	12.4428	0	0	0	0	0	0	0	0	0	0	0	0	0	0	0	0	0	0	0	0	0	0	0	0	0	0	0	0	0	0	0	0	0	
1	1	1	938	28.14		300	0	0	0.000475781	0.000475781	-0.000951562	0.0469	0	0	-7.84559e-05	-7.84559e-05	0.000156912	106.197	0	0	3.43766	-6.50706	0	9.94472		300	0.521589	0.000475789	0.000475789	-0.000951579	0.027796	0	0	0.521589	0	-0.426642	-237.002	0	213.464	213.464	-2.13163e-14	12.4428	0	0	0	0	0	0	0	0	0	0	0	0	0	0	0	0	0	0	0	0	0	0	0	0	0	0	0	0	0	0	0	0	0	
1	1	1	939	28.17		300	0	0	0.000476503	0.000476503	-0.000953005	0.04695	0	0	-7.85416e-05	-7.85416e-05	0.000157083	106.24	0	0	3.44297	-6.507	0	9.94997		300	0.522011	0.000476511	0.000476511	-0.000953022	0.0278381	0	0	0.522011	0	-0.426642	-237.002	0	213.464	213.464	-2.13163e-14	12.4428	0	0	0	0	0	0	0	0	0	0	0	0	0	0	0	0	0	0	0	0	0	0	0	0	0	0	0	0	0	0	0	0	0	
1	1	1	940	28.2		300	0	0	0.000477224	0.000477224	-0.000954448	0.047	0	0	-7.86274e-05	-7.86274e-05	0.000157255	106.284	0	0	3.44829	-6.50693	0	9.95522		300	0.522433	0.000477232	0.000477232	-0.000954465	0.0278803	0	0	0.522433	0	-0.426642	-237.002	0	213.464	213.464	-2.13163e-14	12.4428	0	0	0	0	0	0	0	0	0	0	0	0	0	0	0	0	0	0	0	0	0	0	0	0	0	0	0	0	0	0	0	0	0	
1	1	1	941	28.23		300	0	0	0.000477946	0.000477946	-0.000955891	0.04705	0	0	-7.8713e-05	-7.8713e-05	0.000157426	106.327	0	0	3.4536	-6.50686	0	9.96046		300	0.522854	0.000477954	0.000477954	-0.000955908	0.0279224	0	0	0.522854	0	-0.426642	-237.002	0	213.464	213.464	-2.13163e-14	12.4428	0	0	0	0	0	0	0	0	0	0	0	0	0	0	0	0	0	0	0	0	0	0	0	0	0	0	0	0	0	0	0	0	0	
1	1	1	942	28.26		300	0	0	0.000478667	0.000478667	-0.000957334	0.0471	0	0	-7.87986e-05	-7.87986e-05	0.000157597	106.371	0	0	3.45892	-6.50679	0	9.96571		300	0.523275	0.000478676	0.000478676	-0.000957351	0.0279646	0	0	0.523275	0	-0.426642	-237.002	0	213.464	213.464	-2.13163e-14	12.4428	0	0	0	0	0	0	0	0	0	0	0	0	0	0	0	0	0	0	0	0	0	0	0	0	0	0	0	0	0	0	0	0	0	
1	1	1	943	28.29		300	0	0	0.000479389	0.000479389	-0.000958778	0.04715	0	0	-7.88842e-05	-7.88842e-05	0.000157768	106.414	0	0	3.46424	-6.50671	0	9.97095		300	0.523696	0.000479397	0.000479397	-0.000958794	0.0280068	0	0	0.523696	0	-0.426642	-237.002	0	213.464	213.464	-2.13163e-14	12.4428	0	0	0	0	0	0	0	0	0	0	0	0	0	0	0	0	0	0	0	0	0	0	0	0	0	0	0	0	0	0	0	0	0	
1	1	1	944	28.32		300	0	0	0.000480111	0.000480111	-0.000960221	0.0472	0	0	-7.89697e-05	-7.89697e-05	0.000157939	106.458	0	0	3.46956	-6.50663	0	9.97619		300	0.524117	0.000480119	0.000480119	-0.000960238	0.028049	0	0	0.524117	0	-0.426642	-237.002	0	213.464	213.464	-2.13163e-14	12.4428	0	0	0	0	0	0	0	0	0	0	0	0	0	0	0	0	0	0	0	0	0	0	0	0	0	0	0	0	0	0	0	0	0	
1	1	1	945	28.35		300	0	0	0.000480832	0.000480832	-0.000961665	0.04725	0	0	-7.90551e-05	-7.90551e-05	0.00015811	106.501	0	0	3.47489	-6.50654	0	9.98143		300	0.524538	0.000480841	0.000480841	-0.000961681	0.0280911	0	0	0.524538	0	-0.426642	-237.002	0	213.464	213.464	-2.13163e-14	12.4428	0	0	0	0	0	0	0	0	0	0	0	0	0	0	0	0	0	0	0	0	0	0	0	0	0	0	0	0	0	0	0	0	0	
1	1	1	946	28.38		300	0	0	0.000481554	0.000481554	-0.000963108	0.0473	0	0	-7.91404e-05	-7.91404e-05	0.000158281	106.545	0	0	3.48021	-6.50645	0	9.98667		300	0.524958	0.000481562	0.000481562	-0.000963125	0.0281333	0	0	0.524958	0	-0.426642	-237.002	0	213.464	213.464	-2.13163e-14	12.4428	0	0	0	0	0	0	0	0	0	0	0	0	0	0	0	0	0	0	0	0	0	0	0	0	0	0	0	0	0	0	0	0	0	
1	1	1	947	28.41		300	0	0	0.000482276	0.000482276	-0.000964552	0.04735	0	0	-7.92258e-05	-7.92258e-05	0.000158452	106.588	0	0	3.48554	-6.50636	0	9.9919		300	0.525379	0.000482284	0.000482284	-0.000964569	0.0281755	0	0	0.525379	0	-0.426642	-237.002	0	213.464	213.464	-2.13163e-14	12.4428	0	0	0	0	0	0	0	0	0	0	0	0	0	0	0	0	0	0	0	0	0	0	0	0	0	0	0	0	0	0	0	0	0	
1	1	1	948	28.44		300	0	0	0.000482998	0.000482998	-0.000965996	0.0474	0	0	-7.9311e-05	-7.9311e-05	0.000158622	106.632	0	0	3.49087	-6.50626	0	9.99713		300	0.525799	0.000483006	0.000483006	-0.000966013	0.0282177	0	0	0.525799	0	-0.426642	-237.002	0	213.464	213.464	-2.13163e-14	12.4428	0	0	0	0	0	0	0	0	0	0	0	0	0	0	0	0	0	0	0	0	0	0	0	0	0	0	0	0	0	0	0	0	0	
1	1	1	949	28.47		300	0	0	0.00048372	0.00048372	-0.00096744	0.04745	0	0	-7.93962e-05	-7.93962e-05	0.000158792	106.675	0	0	3.4962	-6.50616	0	10.0024		300	0.526219	0.000483728	0.000483728	-0.000967456	0.0282599	0	0	0.526219	0	-0.426642	-237.002	0	213.464	213.464	-2.13163e-14	12.4428	0	0	0	0	0	0	0	0	0	0	0	0	0	0	0	0	0	0	0	0	0	0	0	0	0	0	0	0	0	0	0	0	0	
1	1	1	950	28.5		300	0	0	0.000484442	0.000484442	-0.000968884	0.0475	0	0	-7.94813e-05	-7.94813e-05	0.000158963	106.719	0	0	3.50154	-6.50606	0	10.0076		300	0.526639	0.00048445	0.00048445	-0.0009689	0.0283021	0	0	0.526639	0	-0.426642	-237.002	0	213.464	213.464	-2.13163e-14	12.4428	0	0	0	0	0	0	0	0	0	0	0	0	0	0	0	0	0	0	0	0	0	0	0	0	0	0	0	0	0	0	0	0	0	
1	1	1	951	28.53		300	0	0	0.000485164	0.000485164	-0.000970328	0.04755	0	0	-7.95664e-05	-7.95664e-05	0.000159133	106.762	0	0	3.50688	-6.50595	0	10.0128		300	0.527059	0.000485172	0.000485172	-0.000970345	0.0283443	0	0	0.527059	0	-0.426642	-237.002	0	213.464	213.464	-2.13163e-14	12.4428	0	0	0	0	0	0	0	0	0	0	0	0	0	0	0	0	0	0	0	0	0	0	0	0	0	0	0	0	0	0	0	0	0	
1	1	1	952	28.56		300	0	0	0.000485886	0.000485886	-0.000971772	0.0476	0	0	-7.96514e-05	-7.96514e-05	0.000159303	106.805	0	0	3.51221	-6.50583	0	10.018		300	0.527479	0.000485894	0.000485894	-0.000971789	0.0283865	0	0	0.527479	0	-0.426642	-237.002	0	213.464	213.464	-2.13163e-14	12.4428	0	0	0	0	0	0	0	0	0	0	0	0	0	0	0	0	0	0	0	0	0	0	0	0	0	0	0	0	0	0	0	0	0	
1	1	1	953	28.59		300	0	0	0.000486608	0.000486608	-0.000973216	0.04765	0	0	-7.97364e-05	-7.97364e-05	0.000159473	106.849	0	0	3.51756	-6.50572	0	10.0233		300	0.527899	0.000486617	0.000486617	-0.000973233	0.0284287	0	0	0.527899	0	-0.426642	-237.002	0	213.464	213.464	-2.13163e-14	12.4428	0	0	0	0	0	0	0	0	0	0	0	0	0	0	0	0	0	0	0	0	0	0	0	0	0	0	0	0	0	0	0	0	0	
1	1	1	954	28.62		300	0	0	0.00048733	0.00048733	-0.000974661	0.0477	0	0	-7.98213e-05	-7.98213e-05	0.000159643	106.892	0	0	3.5229	-6.50559	0	10.0285		300	0.528318	0.000487339	0.000487339	-0.000974677	0.0284709	0	0	0.528318	0	-0.426642	-237.002	0	213.464	213.464	-2.13163e-14	12.4428	0	0	0	0	0	0	0	0	0	0	0	0	0	0	0	0	0	0	0	0	0	0	0	0	0	0	0	0	0	0	0	0	0	
1	1	1	955	28.65		300	0	0	0.000488053	0.000488053	-0.000976105	0.04775	0	0	-7.99061e-05	-7.99061e-05	0.000159812	106.935	0	0	3.52824	-6.50547	0	10.0337		300	0.528737	0.000488061	0.000488061	-0.000976122	0.0285131	0	0	0.528737	0	-0.426642	-237.002	0	213.464	213.464	-2.13163e-14	12.4428	0	0	0	0	0	0	0	0	0	0	0	0	0	0	0	0	0	0	0	0	0	0	0	0	0	0	0	0	0	0	0	0	0	
1	1	1	956	28.68		300	0	0	0.000488775	0.000488775	-0.00097755	0.0478	0	0	-7.99909e-05	-7.99909e-05	0.000159982	106.979	0	0	3.53359	-6.50534	0	10.0389		300	0.529157	0.000488783	0.000488783	-0.000977567	0.0285553	0	0	0.529157	0	-0.426642	-237.002	0	213.464	213.464	-2.13163e-14	12.4428	0	0	0	0	0	0	0	0	0	0	0	0	0	0	0	0	0	0	0	0	0	0	0	0	0	0	0	0	0	0	0	0	0	
1	1	1	957	28.71		300	0	0	0.000489497	0.000489497	-0.000978994	0.04785	0	0	-8.00756e-05	-8.00756e-05	0.000160151	107.022	0	0	3.53894	-6.50521	0	10.0442		300	0.529576	0.000489506	0.000489506	-0.000979011	0.0285975	0	0	0.529576	0	-0.426642	-237.002	0	213.464	213.464	-2.13163e-14	12.4428	0	0	0	0	0	0	0	0	0	0	0	0	0	0	0	0	0	0	0	0	0	0	0	0	0	0	0	0	0	0	0	0	0	
1	1	1	958	28.74		300	0	0	0.00049022	0.00049022	-0.000980439	0.0479	0	0	-8.01603e-05	-8.01603e-05	0.000160321	107.065	0	0	3.5443	-6.50507	0	10.0494		300	0.529995	0.000490228	0.000490228	-0.000980456	0.0286397	0	0	0.529995	0	-0.426642	-237.002	0	213.464	213.464	-2.13163e-14	12.4428	0	0	0	0	0	0	0	0	0	0	0	0	0	0	0	0	0	0	0	0	0	0	0	0	0	0	0	0	0	0	0	0	0	
1	1	1	959	28.77		300	0	0	0.000490942	0.000490942	-0.000981884	0.04795	0	0	-8.02449e-05	-8.02449e-05	0.00016049	107.109	0	0	3.54965	-6.50493	0	10.0546		300	0.530413	0.00049095	0.00049095	-0.000981901	0.0286819	0	0	0.530413	0	-0.426642	-237.002	0	213.464	213.464	-2.13163e-14	12.4428	0	0	0	0	0	0	0	0	0	0	0	0	0	0	0	0	0	0	0	0	0	0	0	0	0	0	0	0	0	0	0	0	0	
1	1	1	960	28.8		300	0	0	0.000491664	0.000491664	-0.000983329	0.048	0	0	-8.03295e-05	-8.03295e-05	0.000160659	107.152	0	0	3.55501	-6.50479	0	10.0598		300	0.530832	0.000491673	0.000491673	-0.000983346	0.0287241	0	0	0.530832	0	-0.426642	-237.002	0	213.464	213.464	-2.13163e-14	12.4428	0	0	0	0	0	0	0	0	0	0	0	0	0	0	0	0	0	0	0	0	0	0	0	0	0	0	0	0	0	0	0	0	0	
1	1	1	961	28.83		300	0	0	0.000492387	0.000492387	-0.000984774	0.04805	0	0	-8.04139e-05	-8.04139e-05	0.000160828	107.195	0	0	3.56036	-6.50464	0	10.065		300	0.531251	0.000492395	0.000492395	-0.000984791	0.0287664	0	0	0.531251	0	-0.426642	-237.002	0	213.464	213.464	-2.13163e-14	12.4428	0	0	0	0	0	0	0	0	0	0	0	0	0	0	0	0	0	0	0	0	0	0	0	0	0	0	0	0	0	0	0	0	0	
1	1	1	962	28.86		300	0	0	0.00049311	0.00049311	-0.000986219	0.0481	0	0	-8.04984e-05	-8.04984e-05	0.000160997	107.238	0	0	3.56573	-6.50449	0	10.0702		300	0.531669	0.000493118	0.000493118	-0.000986236	0.0288086	0	0	0.531669	0	-0.426642	-237.002	0	213.464	213.464	-2.13163e-14	12.4428	0	0	0	0	0	0	0	0	0	0	0	0	0	0	0	0	0	0	0	0	0	0	0	0	0	0	0	0	0	0	0	0	0	
1	1	1	963	28.89		300	0	0	0.000493832	0.000493832	-0.000987664	0.04815	0	0	-8.05827e-05	-8.05827e-05	0.000161165	107.281	0	0	3.57109	-6.50433	0	10.0754		300	0.532087	0.000493841	0.000493841	-0.000987681	0.0288508	0	0	0.532087	0	-0.426642	-237.002	0	213.464	213.464	-2.13163e-14	12.4428	0	0	0	0	0	0	0	0	0	0	0	0	0	0	0	0	0	0	0	0	0	0	0	0	0	0	0	0	0	0	0	0	0	
1	1	1	964	28.92		300	0	0	0.000494555	0.000494555	-0.000989109	0.0482	0	0	-8.06671e-05	-8.06671e-05	0.000161334	107.325	0	0	3.57645	-6.50417	0	10.0806		300	0.532505	0.000494563	0.000494563	-0.000989126	0.028893	0	0	0.532505	0	-0.426642	-237.002	0	213.464	213.464	-2.13163e-14	12.4428	0	0	0	0	0	0	0	0	0	0	0	0	0	0	0	0	0	0	0	0	0	0	0	0	0	0	0	0	0	0	0	0	0	
1	1	1	965	28.95		300	0	0	0.000495277	0.000495277	-0.000990555	0.04825	0	0	-8.07513e-05	-8.07513e-05	0.000161503	107.368	0	0	3.58182	-6.50401	0	10.0858		300	0.532923	0.000495286	0.000495286	-0.000990572	0.0289353	0	0	0.532923	0	-0.426642	-237.002	0	213.464	213.464	-2.13163e-14	12.4428	0	0	0	0	0	0	0	0	0	0	0	0	0	0	0	0	0	0	0	0	0	0	0	0	0	0	0	0	0	0	0	0	0	
1	1	1	966	28.98		300	0	0	0.000496	0.000496	-0.000992	0.0483	0	0	-8.08355e-05	-8.08355e-05	0.000161671	107.411	0	0	3.58719	-6.50384	0	10.091		300	0.533341	0.000496009	0.000496009	-0.000992017	0.0289775	0	0	0.533341	0	-0.426642	-237.002	0	213.464	213.464	-2.13163e-14	12.4428	0	0	0	0	0	0	0	0	0	0	0	0	0	0	0	0	0	0	0	0	0	0	0	0	0	0	0	0	0	0	0	0	0	
1	1	1	967	29.01		300	0	0	0.000496723	0.000496723	-0.000993446	0.04835	0	0	-8.09197e-05	-8.09197e-05	0.000161839	107.454	0	0	3.59256	-6.50367	0	10.0962		300	0.533759	0.000496731	0.000496731	-0.000993463	0.0290198	0	0	0.533759	0	-0.426642	-237.002	0	213.464	213.464	-2.13163e-14	12.4428	0	0	0	0	0	0	0	0	0	0	0	0	0	0	0	0	0	0	0	0	0	0	0	0	0	0	0	0	0	0	0	0	0	
1	1	1	968	29.04		300	0	0	0.000497446	0.000497446	-0.000994891	0.0484	0	0	-8.10037e-05	-8.10037e-05	0.000162007	107.497	0	0	3.59794	-6.50349	0	10.1014		300	0.534176	0.000497454	0.000497454	-0.000994908	0.029062	0	0	0.534176	0	-0.426642	-237.002	0	213.464	213.464	-2.13163e-14	12.4428	0	0	0	0	0	0	0	0	0	0	0	0	0	0	0	0	0	0	0	0	0	0	0	0	0	0	0	0	0	0	0	0	0	
1	1	1	969	29.07		300	0	0	0.000498169	0.000498169	-0.000996337	0.04845	0	0	-8.10878e-05	-8.10878e-05	0.000162176	107.54	0	0	3.60331	-6.50331	0	10.1066		300	0.534593	0.000498177	0.000498177	-0.000996354	0.0291042	0	0	0.534593	0	-0.426642	-237.002	0	213.464	213.464	-2.13163e-14	12.4428	0	0	0	0	0	0	0	0	0	0	0	0	0	0	0	0	0	0	0	0	0	0	0	0	0	0	0	0	0	0	0	0	0	
1	1	1	970	29.1		300	0	0	0.000498891	0.000498891	-0.000997783	0.0485	0	0	-8.11717e-05	-8.11717e-05	0.000162343	107.584	0	0	3.60869	-6.50313	0	10.1118		300	0.535011	0.0004989	0.0004989	-0.0009978	0.0291465	0	0	0.535011	0	-0.426642	-237.002	0	213.464	213.464	-2.13163e-14	12.4428	0	0	0	0	0	0	0	0	0	0	0	0	0	0	0	0	0	0	0	0	0	0	0	0	0	0	0	0	0	0	0	0	0	
1	1	1	971	29.13		300	0	0	0.000499614	0.000499614	-0.000999229	0.04855	0	0	-8.12556e-05	-8.12556e-05	0.000162511	107.627	0	0	3.61407	-6.50294	0	10.117		300	0.535428	0.000499623	0.000499623	-0.000999246	0.0291887	0	0	0.535428	0	-0.426642	-237.002	0	213.464	213.464	-2.13163e-14	12.4428	0	0	0	0	0	0	0	0	0	0	0	0	0	0	0	0	0	0	0	0	0	0	0	0	0	0	0	0	0	0	0	0	0	
1	1	1	972	29.16		300	0	0	0.000500337	0.000500337	-0.00100067	0.0486	0	0	-8.13395e-05	-8.13395e-05	0.000162679	107.67	0	0	3.61945	-6.50275	0	10.1222		300	0.535845	0.000500346	0.000500346	-0.00100069	0.029231	0	0	0.535845	0	-0.426642	-237.002	0	213.464	213.464	-2.13163e-14	12.4428	0	0	0	0	0	0	0	0	0	0	0	0	0	0	0	0	0	0	0	0	0	0	0	0	0	0	0	0	0	0	0	0	0	
1	1	1	973	29.19		300	0	0	0.00050106	0.00050106	-0.00100212	0.04865	0	0	-8.14233e-05	-8.14233e-05	0.000162847	107.713	0	0	3.62484	-6.50255	0	10.1274		300	0.536262	0.000501069	0.000501069	-0.00100214	0.0292732	0	0	0.536262	0	-0.426642	-237.002	0	213.464	213.464	-2.13163e-14	12.4428	0	0	0	0	0	0	0	0	0	0	0	0	0	0	0	0	0	0	0	0	0	0	0	0	0	0	0	0	0	0	0	0	0	
1	1	1	974	29.22		300	0	0	0.000501783	0.000501783	-0.00100357	0.0487	0	0	-8.1507e-05	-8.1507e-05	0.000163014	107.756	0	0	3.63022	-6.50235	0	10.1326		300	0.536678	0.000501792	0.000501792	-0.00100358	0.0293155	0	0	0.536678	0	-0.426642	-237.002	0	213.464	213.464	-2.13163e-14	12.4428	0	0	0	0	0	0	0	0	0	0	0	0	0	0	0	0	0	0	0	0	0	0	0	0	0	0	0	0	0	0	0	0	0	
1	1	1	975	29.25		300	0	0	0.000502507	0.000502507	-0.00100501	0.04875	0	0	-8.15907e-05	-8.15907e-05	0.000163181	107.799	0	0	3.63561	-6.50215	0	10.1378		300	0.537095	0.000502515	0.000502515	-0.00100503	0.0293577	0	0	0.537095	0	-0.426642	-237.002	0	213.464	213.464	-2.13163e-14	12.4428	0	0	0	0	0	0	0	0	0	0	0	0	0	0	0	0	0	0	0	0	0	0	0	0	0	0	0	0	0	0	0	0	0	
1	1	1	976	29.28		300	0	0	0.00050323	0.00050323	-0.00100646	0.0488	0	0	-8.16743e-05	-8.16743e-05	0.000163349	107.842	0	0	3.641	-6.50194	0	10.1429		300	0.537511	0.000503238	0.000503238	-0.00100648	0.0294	0	0	0.537511	0	-0.426642	-237.002	0	213.464	213.464	-2.13163e-14	12.4428	0	0	0	0	0	0	0	0	0	0	0	0	0	0	0	0	0	0	0	0	0	0	0	0	0	0	0	0	0	0	0	0	0	
1	1	1	977	29.31		300	0	0	0.000503953	0.000503953	-0.00100791	0.04885	0	0	-8.17579e-05	-8.17579e-05	0.000163516	107.885	0	0	3.6464	-6.50173	0	10.1481		300	0.537927	0.000503962	0.000503962	-0.00100792	0.0294423	0	0	0.537927	0	-0.426642	-237.002	0	213.464	213.464	-2.13163e-14	12.4428	0	0	0	0	0	0	0	0	0	0	0	0	0	0	0	0	0	0	0	0	0	0	0	0	0	0	0	0	0	0	0	0	0	
1	1	1	978	29.34		300	0	0	0.000504676	0.000504676	-0.00100935	0.0489	0	0	-8.18414e-05	-8.18414e-05	0.000163683	107.928	0	0	3.65179	-6.50152	0	10.1533		300	0.538344	0.000504685	0.000504685	-0.00100937	0.0294845	0	0	0.538344	0	-0.426642	-237.002	0	213.464	213.464	-2.13163e-14	12.4428	0	0	0	0	0	0	0	0	0	0	0	0	0	0	0	0	0	0	0	0	0	0	0	0	0	0	0	0	0	0	0	0	0	
1	1	1	979	29.37		300	0	0	0.000505399	0.000505399	-0.0010108	0.04895	0	0	-8.19248e-05	-8.19248e-05	0.00016385	107.971	0	0	3.65719	-6.5013	0	10.1585		300	0.53876	0.000505408	0.000505408	-0.00101082	0.0295268	0	0	0.53876	0	-0.426642	-237.002	0	213.464	213.464	-2.13163e-14	12.4428	0	0	0	0	0	0	0	0	0	0	0	0	0	0	0	0	0	0	0	0	0	0	0	0	0	0	0	0	0	0	0	0	0	
1	1	1	980	29.4		300	0	0	0.000506123	0.000506123	-0.00101225	0.049	0	0	-8.20082e-05	-8.20082e-05	0.000164016	108.014	0	0	3.66259	-6.50108	0	10.1637		300	0.539175	0.000506131	0.000506131	-0.00101226	0.0295691	0	0	0.539175	0	-0.426642	-237.002	0	213.464	213.464	-2.13163e-14	12.4428	0	0	0	0	0	0	0	0	0	0	0	0	0	0	0	0	0	0	0	0	0	0	0	0	0	0	0	0	0	0	0	0	0	
1	1	1	981	29.43		300	0	0	0.000506846	0.000506846	-0.00101369	0.04905	0	0	-8.20915e-05	-8.20915e-05	0.000164183	108.057	0	0	3.66799	-6.50085	0	10.1688		300	0.539591	0.000506855	0.000506855	-0.00101371	0.0296113	0	0	0.539591	0	-0.426642	-237.002	0	213.464	213.464	-2.13163e-14	12.4428	0	0	0	0	0	0	0	0	0	0	0	0	0	0	0	0	0	0	0	0	0	0	0	0	0	0	0	0	0	0	0	0	0	
1	1	1	982	29.46		300	0	0	0.000507569	0.000507569	-0.00101514	0.0491	0	0	-8.21748e-05	-8.21748e-05	0.00016435	108.1	0	0	3.67339	-6.50062	0	10.174		300	0.540007	0.000507578	0.000507578	-0.00101516	0.0296536	0	0	0.540007	0	-0.426642	-237.002	0	213.464	213.464	-2.13163e-14	12.4428	0	0	0	0	0	0	0	0	0	0	0	0	0	0	0	0	0	0	0	0	0	0	0	0	0	0	0	0	0	0	0	0	0	
1	1	1	983	29.49		300	0	0	0.000508293	0.000508293	-0.00101659	0.04915	0	0	-8.2258e-05	-8.2258e-05	0.000164516	108.143	0	0	3.6788	-6.50039	0	10.1792		300	0.540422	0.000508302	0.000508302	-0.0010166	0.0296959	0	0	0.540422	0	-0.426642	-237.002	0	213.464	213.464	-2.13163e-14	12.4428	0	0	0	0	0	0	0	0	0	0	0	0	0	0	0	0	0	0	0	0	0	0	0	0	0	0	0	0	0	0	0	0	0	
1	1	1	984	29.52		300	0	0	0.000509016	0.000509016	-0.00101803	0.0492	0	0	-8.23411e-05	-8.23411e-05	0.000164682	108.186	0	0	3.68421	-6.50015	0	10.1844		300	0.540837	0.000509025	0.000509025	-0.00101805	0.0297382	0	0	0.540837	0	-0.426642	-237.002	0	213.464	213.464	-2.13163e-14	12.4428	0	0	0	0	0	0	0	0	0	0	0	0	0	0	0	0	0	0	0	0	0	0	0	0	0	0	0	0	0	0	0	0	0	
1	1	1	985	29.55		300	0	0	0.00050974	0.00050974	-0.00101948	0.04925	0	0	-8.24242e-05	-8.24242e-05	0.000164848	108.228	0	0	3.68962	-6.49991	0	10.1895		300	0.541253	0.000509749	0.000509749	-0.0010195	0.0297805	0	0	0.541253	0	-0.426642	-237.002	0	213.464	213.464	-2.13163e-14	12.4428	0	0	0	0	0	0	0	0	0	0	0	0	0	0	0	0	0	0	0	0	0	0	0	0	0	0	0	0	0	0	0	0	0	
1	1	1	986	29.58		300	0	0	0.000510463	0.000510463	-0.00102093	0.0493	0	0	-8.25073e-05	-8.25073e-05	0.000165015	108.271	0	0	3.69503	-6.49966	0	10.1947		300	0.541668	0.000510472	0.000510472	-0.00102094	0.0298227	0	0	0.541668	0	-0.426642	-237.002	0	213.464	213.464	-2.13163e-14	12.4428	0	0	0	0	0	0	0	0	0	0	0	0	0	0	0	0	0	0	0	0	0	0	0	0	0	0	0	0	0	0	0	0	0	
1	1	1	987	29.61		300	0	0	0.000511187	0.000511187	-0.00102237	0.04935	0	0	-8.25902e-05	-8.25902e-05	0.00016518	108.314	0	0	3.70045	-6.49941	0	10.1999		300	0.542083	0.000511196	0.000511196	-0.00102239	0.029865	0	0	0.542083	0	-0.426642	-237.002	0	213.464	213.464	-2.13163e-14	12.4428	0	0	0	0	0	0	0	0	0	0	0	0	0	0	0	0	0	0	0	0	0	0	0	0	0	0	0	0	0	0	0	0	0	
1	1	1	988	29.64		300	0	0	0.000511911	0.000511911	-0.00102382	0.0494	0	0	-8.26732e-05	-8.26732e-05	0.000165346	108.357	0	0	3.70586	-6.49916	0	10.205		300	0.542497	0.000511919	0.000511919	-0.00102384	0.0299073	0	0	0.542497	0	-0.426642	-237.002	0	213.464	213.464	-2.13163e-14	12.4428	0	0	0	0	0	0	0	0	0	0	0	0	0	0	0	0	0	0	0	0	0	0	0	0	0	0	0	0	0	0	0	0	0	
1	1	1	989	29.67		300	0	0	0.000512634	0.000512634	-0.00102527	0.04945	0	0	-8.2756e-05	-8.2756e-05	0.000165512	108.4	0	0	3.71128	-6.4989	0	10.2102		300	0.542912	0.000512643	0.000512643	-0.00102529	0.0299496	0	0	0.542912	0	-0.426642	-237.002	0	213.464	213.464	-2.13163e-14	12.4428	0	0	0	0	0	0	0	0	0	0	0	0	0	0	0	0	0	0	0	0	0	0	0	0	0	0	0	0	0	0	0	0	0	
1	1	1	990	29.7		300	0	0	0.000513358	0.000513358	-0.00102672	0.0495	0	0	-8.28388e-05	-8.28388e-05	0.000165678	108.443	0	0	3.7167	-6.49864	0	10.2153		300	0.543326	0.000513367	0.000513367	-0.00102673	0.0299919	0	0	0.543326	0	-0.426642	-237.002	0	213.464	213.464	-2.13163e-14	12.4428	0	0	0	0	0	0	0	0	0	0	0	0	0	0	0	0	0	0	0	0	0	0	0	0	0	0	0	0	0	0	0	0	0	
1	1	1	991	29.73		300	0	0	0.000514082	0.000514082	-0.00102816	0.04955	0	0	-8.29216e-05	-8.29216e-05	0.000165843	108.486	0	0	3.72213	-6.49838	0	10.2205		300	0.543741	0.00051409	0.00051409	-0.00102818	0.0300342	0	0	0.543741	0	-0.426642	-237.002	0	213.464	213.464	-2.13163e-14	12.4428	0	0	0	0	0	0	0	0	0	0	0	0	0	0	0	0	0	0	0	0	0	0	0	0	0	0	0	0	0	0	0	0	0	
1	1	1	992	29.76		300	0	0	0.000514806	0.000514806	-0.00102961	0.0496	0	0	-8.30043e-05	-8.30043e-05	0.000166009	108.528	0	0	3.72755	-6.49811	0	10.2257		300	0.544155	0.000514814	0.000514814	-0.00102963	0.0300765	0	0	0.544155	0	-0.426642	-237.002	0	213.464	213.464	-2.13163e-14	12.4428	0	0	0	0	0	0	0	0	0	0	0	0	0	0	0	0	0	0	0	0	0	0	0	0	0	0	0	0	0	0	0	0	0	
1	1	1	993	29.79		300	0	0	0.000515529	0.000515529	-0.00103106	0.04965	0	0	-8.30869e-05	-8.30869e-05	0.000166174	108.571	0	0	3.73298	-6.49784	0	10.2308		300	0.544569	0.000515538	0.000515538	-0.00103108	0.0301188	0	0	0.544569	0	-0.426642	-237.002	0	213.464	213.464	-2.13163e-14	12.4428	0	0	0	0	0	0	0	0	0	0	0	0	0	0	0	0	0	0	0	0	0	0	0	0	0	0	0	0	0	0	0	0	0	
1	1	1	994	29.82		300	0	0	0.000516253	0.000516253	-0.00103251	0.0497	0	0	-8.31695e-05	-8.31695e-05	0.000166339	108.614	0	0	3.73841	-6.49756	0	10.236		300	0.544983	0.000516262	0.000516262	-0.00103252	0.0301611	0	0	0.544983	0	-0.426642	-237.002	0	213.464	213.464	-2.13163e-14	12.4428	0	0	0	0	0	0	0	0	0	0	0	0	0	0	0	0	0	0	0	0	0	0	0	0	0	0	0	0	0	0	0	0	0	
1	1	1	995	29.85		300	0	0	0.000516977	0.000516977	-0.00103395	0.04975	0	0	-8.3252e-05	-8.3252e-05	0.000166504	108.657	0	0	3.74384	-6.49728	0	10.2411		300	0.545397	0.000516986	0.000516986	-0.00103397	0.0302034	0	0	0.545397	0	-0.426642	-237.002	0	213.464	213.464	-2.13163e-14	12.4428	0	0	0	0	0	0	0	0	0	0	0	0	0	0	0	0	0	0	0	0	0	0	0	0	0	0	0	0	0	0	0	0	0	
1	1	1	996	29.88		300	0	0	0.000517701	0.000517701	-0.0010354	0.0498	0	0	-8.33344e-05	-8.33344e-05	0.000166669	108.7	0	0	3.74927	-6.497	0	10.2463		300	0.54581	0.00051771	0.00051771	-0.00103542	0.0302457	0	0	0.54581	0	-0.426642	-237.002	0	213.464	213.464	-2.13163e-14	12.4428	0	0	0	0	0	0	0	0	0	0	0	0	0	0	0	0	0	0	0	0	0	0	0	0	0	0	0	0	0	0	0	0	0	
1	1	1	997	29.91		300	0	0	0.000518425	0.000518425	-0.00103685	0.04985	0	0	-8.34168e-05	-8.34168e-05	0.000166834	108.742	0	0	3.75471	-6.49671	0	10.2514		300	0.546224	0.000518434	0.000518434	-0.00103687	0.030288	0	0	0.546224	0	-0.426642	-237.002	0	213.464	213.464	-2.13163e-14	12.4428	0	0	0	0	0	0	0	0	0	0	0	0	0	0	0	0	0	0	0	0	0	0	0	0	0	0	0	0	0	0	0	0	0	
1	1	1	998	29.94		300	0	0	0.000519149	0.000519149	-0.0010383	0.0499	0	0	-8.34992e-05	-8.34992e-05	0.000166998	108.785	0	0	3.76015	-6.49642	0	10.2566		300	0.546637	0.000519158	0.000519158	-0.00103832	0.0303303	0	0	0.546637	0	-0.426642	-237.002	0	213.464	213.464	-2.13163e-14	12.4428	0	0	0	0	0	0	0	0	0	0	0	0	0	0	0	0	0	0	0	0	0	0	0	0	0	0	0	0	0	0	0	0	0	
1	1	1	999	29.97		300	0	0	0.000519873	0.000519873	-0.00103975	0.04995	0	0	-8.35815e-05	-8.35815e-05	0.000167163	108.828	0	0	3.76559	-6.49612	0	10.2617		300	0.547051	0.000519882	0.000519882	-0.00103976	0.0303726	0	0	0.547051	0	-0.426642	-237.002	0	213.464	213.464	-2.13163e-14	12.4428	0	0	0	0	0	0	0	0	0	0	0	0	0	0	0	0	0	0	0	0	0	0	0	0	0	0	0	0	0	0	0	0	0	
1	1	1	1000	30		300	0	0	0.000520597	0.000520597	-0.00104119	0.05	0	0	-8.36637e-05	-8.36637e-05	0.000167327	108.871	0	0	3.77103	-6.49582	0	10.2669		300	0.547464	0.000520606	0.000520606	-0.00104121	0.030415	0	0	0.547464	0	-0.426642	-237.002	0	213.464	213.464	-2.13163e-14	12.4428	0	0	0	0	0	0	0	0	0	0	0	0	0	0	0	0	0	0	0	0	0	0	0	0	0	0	0	0	0	0	0	0	0	
