1	1	1	1	0.03		300	0	0	-5e-05	-5e-05	5.04652e-05	0	0	0	-0.957685	-0.957685	5.38249e-17	0	0	0	4.78843e-05	-4.91658	0	4.91663		300	0.117647	0	0	0	0	0	0	0.117647	0	-0.426642	-237.002	0	213.464	213.464	-2.13163e-14	12.4428	0	0	0	0	0	0	0	0	0	0	0	0	0	0	0	0	0	0	0	0	0	0	0	0	0	0	0	0	0	0	0	0	0	
1	1	1	2	0.06		300	0	0	-0.0001	-0.0001	0.00010093	0	0	0	-1.91537	-1.91537	1.0765e-16	0	0	0	0.000191537	-4.91644	0	4.91663		300	0.117647	0	0	0	0	0	0	0.117647	0	-0.426642	-237.002	0	213.464	213.464	-2.13163e-14	12.4428	0	0	0	0	0	0	0	0	0	0	0	0	0	0	0	0	0	0	0	0	0	0	0	0	0	0	0	0	0	0	0	0	0	
1	1	1	3	0.09		300	0	0	-0.00015	-0.00015	0.000151396	0	0	0	-2.87306	-2.87306	1.80855e-16	0	0	0	0.000430958	-4.9162	0	4.91663		300	0.117647	0	0	0	0	0	0	0.117647	0	-0.426642	-237.002	0	213.464	213.464	-2.13163e-14	12.4428	0	0	0	0	0	0	0	0	0	0	0	0	0	0	0	0	0	0	0	0	0	0	0	0	0	0	0	0	0	0	0	0	0	
1	1	1	4	0.12		300	0	0	-0.0002	-0.0002	0.000201861	0	0	0	-3.83074	-3.83074	2.153e-16	0	0	0	0.000766148	-4.91587	0	4.91663		300	0.117647	0	0	0	0	0	0	0.117647	0	-0.426642	-237.002	0	213.464	213.464	-2.13163e-14	12.4428	0	0	0	0	0	0	0	0	0	0	0	0	0	0	0	0	0	0	0	0	0	0	0	0	0	0	0	0	0	0	0	0	0	
1	1	1	5	0.15		300	0	0	-0.00025	-0.00025	0.000252326	0	0	0	-4.78843	-4.78843	3.27266e-16	0	0	0	0.00119711	-4.91543	0	4.91663		300	0.117647	0	0	0	0	0	0	0.117647	0	-0.426642	-237.002	0	213.464	213.464	-2.13163e-14	12.4428	0	0	0	0	0	0	0	0	0	0	0	0	0	0	0	0	0	0	0	0	0	0	0	0	0	0	0	0	0	0	0	0	0	
1	1	1	6	0.18		300	0	0	-0.0003	-0.0003	0.000302791	0	0	0	-5.74611	-5.74611	3.61711e-16	0	0	0	0.00172383	-4.91491	0	4.91663		300	0.117647	0	0	0	0	0	0	0.117647	0	-0.426642	-237.002	0	213.464	213.464	-2.13163e-14	12.4428	0	0	0	0	0	0	0	0	0	0	0	0	0	0	0	0	0	0	0	0	0	0	0	0	0	0	0	0	0	0	0	0	0	
1	1	1	7	0.21		300	0	0	-0.00035	-0.00035	0.000353257	0	0	0	-6.7038	-6.7038	-4.92023e-16	0	0	0	0.00234633	-4.91429	0	4.91663		300	0.117647	0	0	0	0	0	0	0.117647	0	-0.426642	-237.002	0	213.464	213.464	-2.13163e-14	12.4428	0	0	0	0	0	0	0	0	0	0	0	0	0	0	0	0	0	0	0	0	0	0	0	0	0	0	0	0	0	0	0	0	0	
1	1	1	8	0.24		300	0	0	-0.0004	-0.0004	0.000403722	0	0	0	-7.66148	-7.66148	-1.34576e-15	0	0	0	0.00306459	-4.91357	0	4.91663		300	0.117647	0	0	0	0	0	0	0.117647	0	-0.426642	-237.002	0	213.464	213.464	-2.13163e-14	12.4428	0	0	0	0	0	0	0	0	0	0	0	0	0	0	0	0	0	0	0	0	0	0	0	0	0	0	0	0	0	0	0	0	0	
1	1	1	9	0.27		300	0	0	-0.00045	-0.00045	0.000454187	0	0	0	-8.61917	-8.61917	-2.19949e-15	0	0	0	0.00387863	-4.91275	0	4.91663		300	0.117647	0	0	0	0	0	0	0.117647	0	-0.426642	-237.002	0	213.464	213.464	-2.13163e-14	12.4428	0	0	0	0	0	0	0	0	0	0	0	0	0	0	0	0	0	0	0	0	0	0	0	0	0	0	0	0	0	0	0	0	0	
1	1	1	10	0.3		300	0	0	-0.0005	-0.0005	0.000504652	0	0	0	-9.57685	-9.57685	-1.12182e-15	0	0	0	0.00478843	-4.91184	0	4.91663		300	0.117647	0	0	0	0	0	0	0.117647	0	-0.426642	-237.002	0	213.464	213.464	-2.13163e-14	12.4428	0	0	0	0	0	0	0	0	0	0	0	0	0	0	0	0	0	0	0	0	0	0	0	0	0	0	0	0	0	0	0	0	0	
1	1	1	11	0.33		300	0	0	-0.00055	-0.00055	0.000555118	0	0	0	-10.5345	-10.5345	-4.41563e-17	0	0	0	0.005794	-4.91084	0	4.91663		300	0.117647	0	0	0	0	0	0	0.117647	0	-0.426642	-237.002	0	213.464	213.464	-2.13163e-14	12.4428	0	0	0	0	0	0	0	0	0	0	0	0	0	0	0	0	0	0	0	0	0	0	0	0	0	0	0	0	0	0	0	0	0	
1	1	1	12	0.36		300	0	0	-0.0006	-0.0006	0.000605583	0	0	0	-11.4922	-11.4922	-7.42846e-16	0	0	0	0.00689533	-4.90974	0	4.91663		300	0.117647	0	0	0	0	0	0	0.117647	0	-0.426642	-237.002	0	213.464	213.464	-2.13163e-14	12.4428	0	0	0	0	0	0	0	0	0	0	0	0	0	0	0	0	0	0	0	0	0	0	0	0	0	0	0	0	0	0	0	0	0	
1	1	1	13	0.39		300	0	0	-0.00065	-0.00065	0.000656048	0	0	0	-12.4499	-12.4499	3.34822e-16	0	0	0	0.00809244	-4.90854	0	4.91663		300	0.117647	0	0	0	0	0	0	0.117647	0	-0.426642	-237.002	0	213.464	213.464	-2.13163e-14	12.4428	0	0	0	0	0	0	0	0	0	0	0	0	0	0	0	0	0	0	0	0	0	0	0	0	0	0	0	0	0	0	0	0	0	
1	1	1	14	0.42		300	0	0	-0.0007	-0.0007	0.000706513	0	0	0	-13.4076	-13.4076	1.41249e-15	0	0	0	0.00938532	-4.90725	0	4.91663		300	0.117647	0	0	0	0	0	0	0.117647	0	-0.426642	-237.002	0	213.464	213.464	-2.13163e-14	12.4428	0	0	0	0	0	0	0	0	0	0	0	0	0	0	0	0	0	0	0	0	0	0	0	0	0	0	0	0	0	0	0	0	0	
1	1	1	15	0.45		300	0	0	-0.00075	-0.00075	0.000756979	0	0	0	-14.3653	-14.3653	7.138e-16	0	0	0	0.010774	-4.90586	0	4.91663		300	0.117647	0	0	0	0	0	0	0.117647	0	-0.426642	-237.002	0	213.464	213.464	-2.13163e-14	12.4428	0	0	0	0	0	0	0	0	0	0	0	0	0	0	0	0	0	0	0	0	0	0	0	0	0	0	0	0	0	0	0	0	0	
1	1	1	16	0.48		300	0	0	-0.0008	-0.0008	0.000807444	0	0	0	-15.323	-15.323	1.79147e-15	0	0	0	0.0122584	-4.90437	0	4.91663		300	0.117647	0	0	0	0	0	0	0.117647	0	-0.426642	-237.002	0	213.464	213.464	-2.13163e-14	12.4428	0	0	0	0	0	0	0	0	0	0	0	0	0	0	0	0	0	0	0	0	0	0	0	0	0	0	0	0	0	0	0	0	0	
1	1	1	17	0.51		300	0	0	-0.00085	-0.00085	0.000857909	0	0	0	-16.2807	-16.2807	2.86914e-15	0	0	0	0.0138386	-4.90279	0	4.91663		300	0.117647	0	0	0	0	0	0	0.117647	0	-0.426642	-237.002	0	213.464	213.464	-2.13163e-14	12.4428	0	0	0	0	0	0	0	0	0	0	0	0	0	0	0	0	0	0	0	0	0	0	0	0	0	0	0	0	0	0	0	0	0	
1	1	1	18	0.54		300	0	0	-0.0009	-0.0009	0.000908374	0	0	0	-17.2383	-17.2383	3.9468e-15	0	0	0	0.0155145	-4.90112	0	4.91663		300	0.117647	0	0	0	0	0	0	0.117647	0	-0.426642	-237.002	0	213.464	213.464	-2.13163e-14	12.4428	0	0	0	0	0	0	0	0	0	0	0	0	0	0	0	0	0	0	0	0	0	0	0	0	0	0	0	0	0	0	0	0	0	
1	1	1	19	0.57		300	0	0	-0.00095	-0.00095	0.00095884	0	0	0	-18.196	-18.196	5.02447e-15	0	0	0	0.0172862	-4.89935	0	4.91663		300	0.117647	0	0	0	0	0	0	0.117647	0	-0.426642	-237.002	0	213.464	213.464	-2.13163e-14	12.4428	0	0	0	0	0	0	0	0	0	0	0	0	0	0	0	0	0	0	0	0	0	0	0	0	0	0	0	0	0	0	0	0	0	
1	1	1	20	0.6		300	0	0	-0.001	-0.001	0.0010093	0	0	0	-19.1537	-19.1537	6.10214e-15	0	0	0	0.0191537	-4.89748	0	4.91663		300	0.117647	0	0	0	0	0	0	0.117647	0	-0.426642	-237.002	0	213.464	213.464	-2.13163e-14	12.4428	0	0	0	0	0	0	0	0	0	0	0	0	0	0	0	0	0	0	0	0	0	0	0	0	0	0	0	0	0	0	0	0	0	
1	1	1	21	0.63		300	0	0	-0.00105	-0.00105	0.00105977	0	0	0	-20.1114	-20.1114	8.64607e-15	0	0	0	0.021117	-4.89552	0	4.91663		300	0.117647	0	0	0	0	0	0	0.117647	0	-0.426642	-237.002	0	213.464	213.464	-2.13163e-14	12.4428	0	0	0	0	0	0	0	0	0	0	0	0	0	0	0	0	0	0	0	0	0	0	0	0	0	0	0	0	0	0	0	0	0	
1	1	1	22	0.66		300	0	0	-0.0011	-0.0011	0.00111024	0	0	0	-21.0691	-21.0691	7.63729e-15	0	0	0	0.023176	-4.89346	0	4.91663		300	0.117647	0	0	0	0	0	0	0.117647	0	-0.426642	-237.002	0	213.464	213.464	-2.13163e-14	12.4428	0	0	0	0	0	0	0	0	0	0	0	0	0	0	0	0	0	0	0	0	0	0	0	0	0	0	0	0	0	0	0	0	0	
1	1	1	23	0.69		300	0	0	-0.00115	-0.00115	0.0011607	0	0	0	-22.0268	-22.0268	6.62852e-15	0	0	0	0.0253308	-4.8913	0	4.91663		300	0.117647	0	0	0	0	0	0	0.117647	0	-0.426642	-237.002	0	213.464	213.464	-2.13163e-14	12.4428	0	0	0	0	0	0	0	0	0	0	0	0	0	0	0	0	0	0	0	0	0	0	0	0	0	0	0	0	0	0	0	0	0	
1	1	1	24	0.72		300	0	0	-0.0012	-0.0012	0.00121117	0	0	0	-22.9844	-22.9844	9.17245e-15	0	0	0	0.0275813	-4.88905	0	4.91663		300	0.117647	0	0	0	0	0	0	0.117647	0	-0.426642	-237.002	0	213.464	213.464	-2.13163e-14	12.4428	0	0	0	0	0	0	0	0	0	0	0	0	0	0	0	0	0	0	0	0	0	0	0	0	0	0	0	0	0	0	0	0	0	
1	1	1	25	0.75		300	0	0	-0.00125	-0.00125	0.00126163	0	0	0	-23.9421	-23.9421	8.16367e-15	0	0	0	0.0299277	-4.8867	0	4.91663		300	0.117647	0	0	0	0	0	0	0.117647	0	-0.426642	-237.002	0	213.464	213.464	-2.13163e-14	12.4428	0	0	0	0	0	0	0	0	0	0	0	0	0	0	0	0	0	0	0	0	0	0	0	0	0	0	0	0	0	0	0	0	0	
1	1	1	26	0.78		300	0	0	-0.0013	-0.0013	0.0013121	0	0	0	-24.8998	-24.8998	1.07076e-14	0	0	0	0.0323698	-4.88426	0	4.91663		300	0.117647	0	0	0	0	0	0	0.117647	0	-0.426642	-237.002	0	213.464	213.464	-2.13163e-14	12.4428	0	0	0	0	0	0	0	0	0	0	0	0	0	0	0	0	0	0	0	0	0	0	0	0	0	0	0	0	0	0	0	0	0	
1	1	1	27	0.81		300	0	0	-0.00135	-0.00135	0.00136256	0	0	0	-25.8575	-25.8575	9.69883e-15	0	0	0	0.0349076	-4.88172	0	4.91663		300	0.117647	0	0	0	0	0	0	0.117647	0	-0.426642	-237.002	0	213.464	213.464	-2.13163e-14	12.4428	0	0	0	0	0	0	0	0	0	0	0	0	0	0	0	0	0	0	0	0	0	0	0	0	0	0	0	0	0	0	0	0	0	
1	1	1	28	0.84		300	0	0	-0.0014	-0.0014	0.00141303	0	0	0	-26.8152	-26.8152	8.69005e-15	0	0	0	0.0375413	-4.87909	0	4.91663		300	0.117647	0	0	0	0	0	0	0.117647	0	-0.426642	-237.002	0	213.464	213.464	-2.13163e-14	12.4428	0	0	0	0	0	0	0	0	0	0	0	0	0	0	0	0	0	0	0	0	0	0	0	0	0	0	0	0	0	0	0	0	0	
1	1	1	29	0.87		300	0	0	-0.00145	-0.00145	0.00146349	0	0	0	-27.7729	-27.7729	1.1234e-14	0	0	0	0.0402707	-4.87636	0	4.91663		300	0.117647	0	0	0	0	0	0	0.117647	0	-0.426642	-237.002	0	213.464	213.464	-2.13163e-14	12.4428	0	0	0	0	0	0	0	0	0	0	0	0	0	0	0	0	0	0	0	0	0	0	0	0	0	0	0	0	0	0	0	0	0	
1	1	1	30	0.9		300	0	0	-0.0015	-0.0015	0.00151396	0	0	0	-28.7306	-28.7306	1.02252e-14	0	0	0	0.0430958	-4.87354	0	4.91663		300	0.117647	0	0	0	0	0	0	0.117647	0	-0.426642	-237.002	0	213.464	213.464	-2.13163e-14	12.4428	0	0	0	0	0	0	0	0	0	0	0	0	0	0	0	0	0	0	0	0	0	0	0	0	0	0	0	0	0	0	0	0	0	
1	1	1	31	0.93		300	0	0	-0.00155	-0.00155	0.00156442	0	0	0	-29.6882	-29.6882	1.27691e-14	0	0	0	0.0460168	-4.87062	0	4.91663		300	0.117647	0	0	0	0	0	0	0.117647	0	-0.426642	-237.002	0	213.464	213.464	-2.13163e-14	12.4428	0	0	0	0	0	0	0	0	0	0	0	0	0	0	0	0	0	0	0	0	0	0	0	0	0	0	0	0	0	0	0	0	0	
1	1	1	32	0.96		300	0	0	-0.0016	-0.0016	0.00161489	0	0	0	-30.6459	-30.6459	1.17604e-14	0	0	0	0.0490335	-4.8676	0	4.91663		300	0.117647	0	0	0	0	0	0	0.117647	0	-0.426642	-237.002	0	213.464	213.464	-2.13163e-14	12.4428	0	0	0	0	0	0	0	0	0	0	0	0	0	0	0	0	0	0	0	0	0	0	0	0	0	0	0	0	0	0	0	0	0	
1	1	1	33	0.99		300	0	0	-0.00165	-0.00165	0.00166535	0	0	0	-31.6036	-31.6036	1.7857e-14	0	0	0	0.052146	-4.86449	0	4.91663		300	0.117647	0	0	0	0	0	0	0.117647	0	-0.426642	-237.002	0	213.464	213.464	-2.13163e-14	12.4428	0	0	0	0	0	0	0	0	0	0	0	0	0	0	0	0	0	0	0	0	0	0	0	0	0	0	0	0	0	0	0	0	0	
1	1	1	34	1.02		300	0	0	-0.0017	-0.0017	0.00171582	0	0	0	-32.5613	-32.5613	1.32955e-14	0	0	0	0.0553542	-4.86128	0	4.91663		300	0.117647	0	0	0	0	0	0	0.117647	0	-0.426642	-237.002	0	213.464	213.464	-2.13163e-14	12.4428	0	0	0	0	0	0	0	0	0	0	0	0	0	0	0	0	0	0	0	0	0	0	0	0	0	0	0	0	0	0	0	0	0	
1	1	1	35	1.05		300	0	0	-0.00175	-0.00175	0.00176628	0	0	0	-33.519	-33.519	1.58395e-14	0	0	0	0.0586582	-4.85797	0	4.91663		300	0.117647	0	0	0	0	0	0	0.117647	0	-0.426642	-237.002	0	213.464	213.464	-2.13163e-14	12.4428	0	0	0	0	0	0	0	0	0	0	0	0	0	0	0	0	0	0	0	0	0	0	0	0	0	0	0	0	0	0	0	0	0	
1	1	1	36	1.08		300	0	0	-0.0018	-0.0018	0.00181675	0	0	0	-34.4767	-34.4767	1.83834e-14	0	0	0	0.062058	-4.85457	0	4.91663		300	0.117647	0	0	0	0	0	0	0.117647	0	-0.426642	-237.002	0	213.464	213.464	-2.13163e-14	12.4428	0	0	0	0	0	0	0	0	0	0	0	0	0	0	0	0	0	0	0	0	0	0	0	0	0	0	0	0	0	0	0	0	0	
1	1	1	37	1.11		300	0	0	-0.00185	-0.00185	0.00186721	0	0	0	-35.4344	-35.4344	1.38219e-14	0	0	0	0.0655536	-4.85108	0	4.91663		300	0.117647	0	0	0	0	0	0	0.117647	0	-0.426642	-237.002	0	213.464	213.464	-2.13163e-14	12.4428	0	0	0	0	0	0	0	0	0	0	0	0	0	0	0	0	0	0	0	0	0	0	0	0	0	0	0	0	0	0	0	0	0	
1	1	1	38	1.14		300	0	0	-0.0019	-0.0019	0.00191768	0	0	0	-36.392	-36.392	1.63658e-14	0	0	0	0.0691449	-4.84749	0	4.91663		300	0.117647	0	0	0	0	0	0	0.117647	0	-0.426642	-237.002	0	213.464	213.464	-2.13163e-14	12.4428	0	0	0	0	0	0	0	0	0	0	0	0	0	0	0	0	0	0	0	0	0	0	0	0	0	0	0	0	0	0	0	0	0	
1	1	1	39	1.17		300	0	0	-0.00195	-0.00195	0.00196814	0	0	0	-37.3497	-37.3497	2.30827e-14	0	0	0	0.072832	-4.8438	0	4.91663		300	0.117647	0	0	0	0	0	0	0.117647	0	-0.426642	-237.002	0	213.464	213.464	-2.13163e-14	12.4428	0	0	0	0	0	0	0	0	0	0	0	0	0	0	0	0	0	0	0	0	0	0	0	0	0	0	0	0	0	0	0	0	0	
1	1	1	40	1.2		300	0	0	-0.002	-0.002	0.00201861	0	0	0	-38.3074	-38.3074	2.26941e-14	0	0	0	0.0766148	-4.84002	0	4.91663		300	0.117647	0	0	0	0	0	0	0.117647	0	-0.426642	-237.002	0	213.464	213.464	-2.13163e-14	12.4428	0	0	0	0	0	0	0	0	0	0	0	0	0	0	0	0	0	0	0	0	0	0	0	0	0	0	0	0	0	0	0	0	0	
1	1	1	41	1.23		300	0	0	-0.00205	-0.00205	0.00206908	0	0	0	-39.2651	-39.2651	2.23055e-14	0	0	0	0.0804935	-4.83614	0	4.91663		300	0.117647	0	0	0	0	0	0	0.117647	0	-0.426642	-237.002	0	213.464	213.464	-2.13163e-14	12.4428	0	0	0	0	0	0	0	0	0	0	0	0	0	0	0	0	0	0	0	0	0	0	0	0	0	0	0	0	0	0	0	0	0	
1	1	1	42	1.26		300	0	0	-0.0021	-0.0021	0.00211954	0	0	0	-40.2228	-40.2228	2.19169e-14	0	0	0	0.0844678	-4.83216	0	4.91663		300	0.117647	0	0	0	0	0	0	0.117647	0	-0.426642	-237.002	0	213.464	213.464	-2.13163e-14	12.4428	0	0	0	0	0	0	0	0	0	0	0	0	0	0	0	0	0	0	0	0	0	0	0	0	0	0	0	0	0	0	0	0	0	
1	1	1	43	1.29		300	0	0	-0.00215	-0.00215	0.00217001	0	0	0	-41.1805	-41.1805	2.15283e-14	0	0	0	0.088538	-4.82809	0	4.91663		300	0.117647	0	0	0	0	0	0	0.117647	0	-0.426642	-237.002	0	213.464	213.464	-2.13163e-14	12.4428	0	0	0	0	0	0	0	0	0	0	0	0	0	0	0	0	0	0	0	0	0	0	0	0	0	0	0	0	0	0	0	0	0	
1	1	1	44	1.32		300	0	0	-0.0022	-0.0022	0.00222047	0	0	0	-42.1382	-42.1382	2.11397e-14	0	0	0	0.0927039	-4.82393	0	4.91663		300	0.117647	0	0	0	0	0	0	0.117647	0	-0.426642	-237.002	0	213.464	213.464	-2.13163e-14	12.4428	0	0	0	0	0	0	0	0	0	0	0	0	0	0	0	0	0	0	0	0	0	0	0	0	0	0	0	0	0	0	0	0	0	
1	1	1	45	1.35		300	0	0	-0.00225	-0.00225	0.00227094	0	0	0	-43.0958	-43.0958	2.07511e-14	0	0	0	0.0969656	-4.81967	0	4.91663		300	0.117647	0	0	0	0	0	0	0.117647	0	-0.426642	-237.002	0	213.464	213.464	-2.13163e-14	12.4428	0	0	0	0	0	0	0	0	0	0	0	0	0	0	0	0	0	0	0	0	0	0	0	0	0	0	0	0	0	0	0	0	0	
1	1	1	46	1.38		300	0	0	-0.0023	-0.0023	0.0023214	0	0	0	-44.0535	-44.0535	2.74679e-14	0	0	0	0.101323	-4.81531	0	4.91663		300	0.117647	0	0	0	0	0	0	0.117647	0	-0.426642	-237.002	0	213.464	213.464	-2.13163e-14	12.4428	0	0	0	0	0	0	0	0	0	0	0	0	0	0	0	0	0	0	0	0	0	0	0	0	0	0	0	0	0	0	0	0	0	
1	1	1	47	1.41		300	0	0	-0.00235	-0.00235	0.00237187	0	0	0	-45.0112	-45.0112	2.70793e-14	0	0	0	0.105776	-4.81086	0	4.91663		300	0.117647	0	0	0	0	0	0	0.117647	0	-0.426642	-237.002	0	213.464	213.464	-2.13163e-14	12.4428	0	0	0	0	0	0	0	0	0	0	0	0	0	0	0	0	0	0	0	0	0	0	0	0	0	0	0	0	0	0	0	0	0	
1	1	1	48	1.44		300	0	0	-0.0024	-0.0024	0.00242233	0	0	0	-45.9689	-45.9689	2.66907e-14	0	0	0	0.110325	-4.80631	0	4.91663		300	0.117647	0	0	0	0	0	0	0.117647	0	-0.426642	-237.002	0	213.464	213.464	-2.13163e-14	12.4428	0	0	0	0	0	0	0	0	0	0	0	0	0	0	0	0	0	0	0	0	0	0	0	0	0	0	0	0	0	0	0	0	0	
1	1	1	49	1.47		300	0	0	-0.00245	-0.00245	0.0024728	0	0	0	-46.9266	-46.9266	2.63021e-14	0	0	0	0.11497	-4.80166	0	4.91663		300	0.117647	0	0	0	0	0	0	0.117647	0	-0.426642	-237.002	0	213.464	213.464	-2.13163e-14	12.4428	0	0	0	0	0	0	0	0	0	0	0	0	0	0	0	0	0	0	0	0	0	0	0	0	0	0	0	0	0	0	0	0	0	
1	1	1	50	1.5		300	0	0	-0.0025	-0.0025	0.00252326	0	0	0	-47.8843	-47.8843	2.59135e-14	0	0	0	0.119711	-4.79692	0	4.91663		300	0.117647	0	0	0	0	0	0	0.117647	0	-0.426642	-237.002	0	213.464	213.464	-2.13163e-14	12.4428	0	0	0	0	0	0	0	0	0	0	0	0	0	0	0	0	0	0	0	0	0	0	0	0	0	0	0	0	0	0	0	0	0	
1	1	1	51	1.53		300	0	0	-0.00255	-0.00255	0.00257373	0	0	0	-48.842	-48.842	2.55249e-14	0	0	0	0.124547	-4.79209	0	4.91663		300	0.117647	0	0	0	0	0	0	0.117647	0	-0.426642	-237.002	0	213.464	213.464	-2.13163e-14	12.4428	0	0	0	0	0	0	0	0	0	0	0	0	0	0	0	0	0	0	0	0	0	0	0	0	0	0	0	0	0	0	0	0	0	
1	1	1	52	1.56		300	0	0	-0.0026	-0.0026	0.00262419	0	0	0	-49.7996	-49.7996	2.51363e-14	0	0	0	0.129479	-4.78715	0	4.91663		300	0.117647	0	0	0	0	0	0	0.117647	0	-0.426642	-237.002	0	213.464	213.464	-2.13163e-14	12.4428	0	0	0	0	0	0	0	0	0	0	0	0	0	0	0	0	0	0	0	0	0	0	0	0	0	0	0	0	0	0	0	0	0	
1	1	1	53	1.59		300	0	0	-0.00265	-0.00265	0.00267466	0	0	0	-50.7573	-50.7573	2.47477e-14	0	0	0	0.134507	-4.78213	0	4.91663		300	0.117647	0	0	0	0	0	0	0.117647	0	-0.426642	-237.002	0	213.464	213.464	-2.13163e-14	12.4428	0	0	0	0	0	0	0	0	0	0	0	0	0	0	0	0	0	0	0	0	0	0	0	0	0	0	0	0	0	0	0	0	0	
1	1	1	54	1.62		300	0	0	-0.0027	-0.0027	0.00272512	0	0	0	-51.715	-51.715	2.43591e-14	0	0	0	0.139631	-4.777	0	4.91663		300	0.117647	0	0	0	0	0	0	0.117647	0	-0.426642	-237.002	0	213.464	213.464	-2.13163e-14	12.4428	0	0	0	0	0	0	0	0	0	0	0	0	0	0	0	0	0	0	0	0	0	0	0	0	0	0	0	0	0	0	0	0	0	
1	1	1	55	1.65		300	0	0	-0.00275	-0.00275	0.00277559	0	0	0	-52.6727	-52.6727	3.10759e-14	0	0	0	0.14485	-4.77178	0	4.91663		300	0.117647	0	0	0	0	0	0	0.117647	0	-0.426642	-237.002	0	213.464	213.464	-2.13163e-14	12.4428	0	0	0	0	0	0	0	0	0	0	0	0	0	0	0	0	0	0	0	0	0	0	0	0	0	0	0	0	0	0	0	0	0	
1	1	1	56	1.68		300	0	0	-0.0028	-0.0028	0.00282605	0	0	0	-53.6304	-53.6304	3.06873e-14	0	0	0	0.150165	-4.76647	0	4.91663		300	0.117647	0	0	0	0	0	0	0.117647	0	-0.426642	-237.002	0	213.464	213.464	-2.13163e-14	12.4428	0	0	0	0	0	0	0	0	0	0	0	0	0	0	0	0	0	0	0	0	0	0	0	0	0	0	0	0	0	0	0	0	0	
1	1	1	57	1.71		300	0	0	-0.00285	-0.00285	0.00287652	0	0	0	-54.5881	-54.5881	3.02987e-14	0	0	0	0.155576	-4.76106	0	4.91663		300	0.117647	0	0	0	0	0	0	0.117647	0	-0.426642	-237.002	0	213.464	213.464	-2.13163e-14	12.4428	0	0	0	0	0	0	0	0	0	0	0	0	0	0	0	0	0	0	0	0	0	0	0	0	0	0	0	0	0	0	0	0	0	
1	1	1	58	1.74		300	0	0	-0.0029	-0.0029	0.00292698	0	0	0	-55.5457	-55.5457	2.99101e-14	0	0	0	0.161083	-4.75555	0	4.91663		300	0.117647	0	0	0	0	0	0	0.117647	0	-0.426642	-237.002	0	213.464	213.464	-2.13163e-14	12.4428	0	0	0	0	0	0	0	0	0	0	0	0	0	0	0	0	0	0	0	0	0	0	0	0	0	0	0	0	0	0	0	0	0	
1	1	1	59	1.77		300	0	0	-0.00295	-0.00295	0.00297745	0	0	0	-56.5034	-56.5034	2.95215e-14	0	0	0	0.166685	-4.74995	0	4.91663		300	0.117647	0	0	0	0	0	0	0.117647	0	-0.426642	-237.002	0	213.464	213.464	-2.13163e-14	12.4428	0	0	0	0	0	0	0	0	0	0	0	0	0	0	0	0	0	0	0	0	0	0	0	0	0	0	0	0	0	0	0	0	0	
1	1	1	60	1.8		300	0	0	-0.003	-0.003	0.00302791	0	0	0	-57.4611	-57.4611	2.91329e-14	0	0	0	0.172383	-4.74425	0	4.91663		300	0.117647	0	0	0	0	0	0	0.117647	0	-0.426642	-237.002	0	213.464	213.464	-2.13163e-14	12.4428	0	0	0	0	0	0	0	0	0	0	0	0	0	0	0	0	0	0	0	0	0	0	0	0	0	0	0	0	0	0	0	0	0	
1	1	1	61	1.83		300	0	0	-0.00305	-0.00305	0.00307838	0	0	0	-58.4188	-58.4188	2.87443e-14	0	0	0	0.178177	-4.73845	0	4.91663		300	0.117647	0	0	0	0	0	0	0.117647	0	-0.426642	-237.002	0	213.464	213.464	-2.13163e-14	12.4428	0	0	0	0	0	0	0	0	0	0	0	0	0	0	0	0	0	0	0	0	0	0	0	0	0	0	0	0	0	0	0	0	0	
1	1	1	62	1.86		300	0	0	-0.0031	-0.0031	0.00312885	0	0	0	-59.3765	-59.3765	3.54611e-14	0	0	0	0.184067	-4.73256	0	4.91663		300	0.117647	0	0	0	0	0	0	0.117647	0	-0.426642	-237.002	0	213.464	213.464	-2.13163e-14	12.4428	0	0	0	0	0	0	0	0	0	0	0	0	0	0	0	0	0	0	0	0	0	0	0	0	0	0	0	0	0	0	0	0	0	
1	1	1	63	1.89		300	0	0	-0.00315	-0.00315	0.00317931	0	0	0	-60.3342	-60.3342	3.50725e-14	0	0	0	0.190053	-4.72658	0	4.91663		300	0.117647	0	0	0	0	0	0	0.117647	0	-0.426642	-237.002	0	213.464	213.464	-2.13163e-14	12.4428	0	0	0	0	0	0	0	0	0	0	0	0	0	0	0	0	0	0	0	0	0	0	0	0	0	0	0	0	0	0	0	0	0	
1	1	1	64	1.92		300	0	0	-0.0032	-0.0032	0.00322978	0	0	0	-61.2919	-61.2919	3.46839e-14	0	0	0	0.196134	-4.7205	0	4.91663		300	0.117647	0	0	0	0	0	0	0.117647	0	-0.426642	-237.002	0	213.464	213.464	-2.13163e-14	12.4428	0	0	0	0	0	0	0	0	0	0	0	0	0	0	0	0	0	0	0	0	0	0	0	0	0	0	0	0	0	0	0	0	0	
1	1	1	65	1.95		300	0	0	-0.00325	-0.00325	0.00328024	0	0	0	-62.2495	-62.2495	3.42953e-14	0	0	0	0.202311	-4.71432	0	4.91663		300	0.117647	0	0	0	0	0	0	0.117647	0	-0.426642	-237.002	0	213.464	213.464	-2.13163e-14	12.4428	0	0	0	0	0	0	0	0	0	0	0	0	0	0	0	0	0	0	0	0	0	0	0	0	0	0	0	0	0	0	0	0	0	
1	1	1	66	1.98		300	0	0	-0.0033	-0.0033	0.00333071	0	0	0	-63.2072	-63.2072	3.39067e-14	0	0	0	0.208584	-4.70805	0	4.91663		300	0.117647	0	0	0	0	0	0	0.117647	0	-0.426642	-237.002	0	213.464	213.464	-2.13163e-14	12.4428	0	0	0	0	0	0	0	0	0	0	0	0	0	0	0	0	0	0	0	0	0	0	0	0	0	0	0	0	0	0	0	0	0	
1	1	1	67	2.01		300	0	0	-0.00335	-0.00335	0.00338117	0	0	0	-64.1649	-64.1649	3.35181e-14	0	0	0	0.214952	-4.70168	0	4.91663		300	0.117647	0	0	0	0	0	0	0.117647	0	-0.426642	-237.002	0	213.464	213.464	-2.13163e-14	12.4428	0	0	0	0	0	0	0	0	0	0	0	0	0	0	0	0	0	0	0	0	0	0	0	0	0	0	0	0	0	0	0	0	0	
1	1	1	68	2.04		300	0	0	-0.0034	-0.0034	0.00343164	0	0	0	-65.1226	-65.1226	3.31295e-14	0	0	0	0.221417	-4.69522	0	4.91663		300	0.117647	0	0	0	0	0	0	0.117647	0	-0.426642	-237.002	0	213.464	213.464	-2.13163e-14	12.4428	0	0	0	0	0	0	0	0	0	0	0	0	0	0	0	0	0	0	0	0	0	0	0	0	0	0	0	0	0	0	0	0	0	
1	1	1	69	2.07		300	0	0	-0.00345	-0.00345	0.0034821	0	0	0	-66.0803	-66.0803	3.27409e-14	0	0	0	0.227977	-4.68866	0	4.91663		300	0.117647	0	0	0	0	0	0	0.117647	0	-0.426642	-237.002	0	213.464	213.464	-2.13163e-14	12.4428	0	0	0	0	0	0	0	0	0	0	0	0	0	0	0	0	0	0	0	0	0	0	0	0	0	0	0	0	0	0	0	0	0	
1	1	1	70	2.1		300	0	0	-0.0035	-0.0035	0.00353257	0	0	0	-67.038	-67.038	3.23523e-14	0	0	0	0.234633	-4.682	0	4.91663		300	0.117647	0	0	0	0	0	0	0.117647	0	-0.426642	-237.002	0	213.464	213.464	-2.13163e-14	12.4428	0	0	0	0	0	0	0	0	0	0	0	0	0	0	0	0	0	0	0	0	0	0	0	0	0	0	0	0	0	0	0	0	0	
1	1	1	71	2.13		300	0	0	-0.00355	-0.00355	0.00358303	0	0	0	-67.9957	-67.9957	3.19638e-14	0	0	0	0.241385	-4.67525	0	4.91663		300	0.117647	0	0	0	0	0	0	0.117647	0	-0.426642	-237.002	0	213.464	213.464	-2.13163e-14	12.4428	0	0	0	0	0	0	0	0	0	0	0	0	0	0	0	0	0	0	0	0	0	0	0	0	0	0	0	0	0	0	0	0	0	
1	1	1	72	2.16		300	0	0	-0.0036	-0.0036	0.0036335	0	0	0	-68.9533	-68.9533	4.5786e-14	0	0	0	0.248232	-4.6684	0	4.91663		300	0.117647	0	0	0	0	0	0	0.117647	0	-0.426642	-237.002	0	213.464	213.464	-2.13163e-14	12.4428	0	0	0	0	0	0	0	0	0	0	0	0	0	0	0	0	0	0	0	0	0	0	0	0	0	0	0	0	0	0	0	0	0	
1	1	1	73	2.19		300	0	0	-0.00365	-0.00365	0.00368396	0	0	0	-69.911	-69.911	4.53974e-14	0	0	0	0.255175	-4.66146	0	4.91663		300	0.117647	0	0	0	0	0	0	0.117647	0	-0.426642	-237.002	0	213.464	213.464	-2.13163e-14	12.4428	0	0	0	0	0	0	0	0	0	0	0	0	0	0	0	0	0	0	0	0	0	0	0	0	0	0	0	0	0	0	0	0	0	
1	1	1	74	2.22		300	0	0	-0.0037	-0.0037	0.00373443	0	0	0	-70.8687	-70.8687	-9.80914e-07	0	0	0	0.262214	-4.65493	0	4.91714		300	0.117688	-1.84589e-10	-1.84589e-10	2.37279e-10	0	0	0	0.117688	0	-0.426642	-237.002	0	213.464	213.464	-2.13163e-14	12.4428	0	0	0	0	0	0	0	0	0	0	0	0	0	0	0	0	0	0	0	0	0	0	0	0	0	0	0	0	0	0	0	0	0	
1	1	1	75	2.25		300	0	0	-0.00375	-0.00375	0.00378501	0	0	0	-71.8182	-71.8182	-9.82927e-07	0	0	0	0.269349	-4.67175	0	4.9411		300	0.119615	-4.28325e-07	-4.28325e-07	5.50597e-07	0	0	0	0.119615	0	-0.426642	-237.002	0	213.464	213.464	-2.13163e-14	12.4428	0	0	0	0	0	0	0	0	0	0	0	0	0	0	0	0	0	0	0	0	0	0	0	0	0	0	0	0	0	0	0	0	0	
1	1	1	76	2.28		300	0	0	-0.0038	-0.0038	0.00383593	0	0	0	-72.7445	-72.7445	-9.83676e-07	0	0	0	0.276577	-4.68864	0	4.96522		300	0.121556	-2.06525e-06	-2.06525e-06	2.65489e-06	0	0	0	0.121556	0	-0.426642	-237.002	0	213.464	213.464	-2.13163e-14	12.4428	0	0	0	0	0	0	0	0	0	0	0	0	0	0	0	0	0	0	0	0	0	0	0	0	0	0	0	0	0	0	0	0	0	
1	1	1	77	2.31		300	0	0	-0.00385	-0.00385	0.00388717	0	0	0	-73.6482	-73.6482	-4.94487e-07	0	0	0	0.283896	-4.70558	0	4.98947		300	0.123507	-4.88543e-06	-4.88543e-06	6.28041e-06	0	0	0	0.123507	0	-0.426642	-237.002	0	213.464	213.464	-2.13163e-14	12.4428	0	0	0	0	0	0	0	0	0	0	0	0	0	0	0	0	0	0	0	0	0	0	0	0	0	0	0	0	0	0	0	0	0	
1	1	1	78	2.34		300	0	0	-0.0039	-0.0039	0.00393874	0	0	0	-74.5297	-74.5297	-7.59032e-07	0	0	0	0.291305	-4.72253	0	5.01384		300	0.125467	-8.86027e-06	-8.86027e-06	1.13905e-05	0	0	0	0.125467	0	-0.426642	-237.002	0	213.464	213.464	-2.13163e-14	12.4428	0	0	0	0	0	0	0	0	0	0	0	0	0	0	0	0	0	0	0	0	0	0	0	0	0	0	0	0	0	0	0	0	0	
1	1	1	79	2.37		300	0	0	-0.00395	-0.00395	0.00399061	0	0	0	-75.3898	-75.3898	-1.73881e-06	0	0	0	0.298801	-4.73949	0	5.03829		300	0.127434	-1.39589e-05	-1.39589e-05	1.79457e-05	0	0	0	0.127434	0	-0.426642	-237.002	0	213.464	213.464	-2.13163e-14	12.4428	0	0	0	0	0	0	0	0	0	0	0	0	0	0	0	0	0	0	0	0	0	0	0	0	0	0	0	0	0	0	0	0	0	
1	1	1	80	2.4		300	0	0	-0.004	-0.004	0.00404279	0	0	0	-76.2289	-76.2289	-1.74004e-06	0	0	0	0.306382	-4.75642	0	5.06281		300	0.129406	-2.0149e-05	-2.0149e-05	2.59043e-05	0	0	0	0.129406	0	-0.426642	-237.002	0	213.464	213.464	-2.13163e-14	12.4428	0	0	0	0	0	0	0	0	0	0	0	0	0	0	0	0	0	0	0	0	0	0	0	0	0	0	0	0	0	0	0	0	0	
1	1	1	81	2.43		300	0	0	-0.00405	-0.00405	0.00409526	0	0	0	-77.0478	-77.0478	-1.74238e-06	0	0	0	0.314046	-4.77332	0	5.08737		300	0.131382	-2.73972e-05	-2.73972e-05	3.52236e-05	0	0	0	0.131382	0	-0.426642	-237.002	0	213.464	213.464	-2.13163e-14	12.4428	0	0	0	0	0	0	0	0	0	0	0	0	0	0	0	0	0	0	0	0	0	0	0	0	0	0	0	0	0	0	0	0	0	
1	1	1	82	2.46		300	0	0	-0.0041	-0.0041	0.00414801	0	0	0	-77.847	-77.847	-1.74607e-06	0	0	0	0.321791	-4.79017	0	5.11196		300	0.133359	-3.56694e-05	-3.56694e-05	4.586e-05	0	0	0	0.133359	0	-0.426642	-237.002	0	213.464	213.464	-2.13163e-14	12.4428	0	0	0	0	0	0	0	0	0	0	0	0	0	0	0	0	0	0	0	0	0	0	0	0	0	0	0	0	0	0	0	0	0	
1	1	1	83	2.49		300	0	0	-0.00415	-0.00415	0.00420104	0	0	0	-78.6273	-78.6273	-1.75129e-06	0	0	0	0.329614	-4.80695	0	5.13657		300	0.135338	-4.49318e-05	-4.49318e-05	5.77697e-05	0	0	0	0.135338	0	-0.426642	-237.002	0	213.464	213.464	-2.13163e-14	12.4428	0	0	0	0	0	0	0	0	0	0	0	0	0	0	0	0	0	0	0	0	0	0	0	0	0	0	0	0	0	0	0	0	0	
1	1	1	84	2.52		300	0	0	-0.0042	-0.0042	0.00425433	0	0	0	-79.3892	-79.3892	-1.75814e-06	0	0	0	0.337515	-4.82366	0	5.16117		300	0.137317	-5.51502e-05	-5.51502e-05	7.09093e-05	0	0	0	0.137317	0	-0.426642	-237.002	0	213.464	213.464	-2.13163e-14	12.4428	0	0	0	0	0	0	0	0	0	0	0	0	0	0	0	0	0	0	0	0	0	0	0	0	0	0	0	0	0	0	0	0	0	
1	1	1	85	2.55		300	0	0	-0.00425	-0.00425	0.00430787	0	0	0	-80.1335	-80.1335	-1.76671e-06	0	0	0	0.345491	-4.84028	0	5.18577		300	0.139294	-6.62914e-05	-6.62914e-05	8.52357e-05	0	0	0	0.139294	0	-0.426642	-237.002	0	213.464	213.464	-2.13163e-14	12.4428	0	0	0	0	0	0	0	0	0	0	0	0	0	0	0	0	0	0	0	0	0	0	0	0	0	0	0	0	0	0	0	0	0	
1	1	1	86	2.58		300	0	0	-0.0043	-0.0043	0.00436167	0	0	0	-80.8608	-80.8608	-1.77701e-06	0	0	0	0.353541	-4.85681	0	5.21035		300	0.14127	-7.83225e-05	-7.83225e-05	0.000100707	0	0	0	0.14127	0	-0.426642	-237.002	0	213.464	213.464	-2.13163e-14	12.4428	0	0	0	0	0	0	0	0	0	0	0	0	0	0	0	0	0	0	0	0	0	0	0	0	0	0	0	0	0	0	0	0	0	
1	1	1	87	2.61		300	0	0	-0.00435	-0.00435	0.0044157	0	0	0	-81.5716	-81.5716	-1.78903e-06	0	0	0	0.361663	-4.87323	0	5.2349		300	0.143244	-9.12113e-05	-9.12113e-05	0.000117281	0	0	0	0.143244	0	-0.426642	-237.002	0	213.464	213.464	-2.13163e-14	12.4428	0	0	0	0	0	0	0	0	0	0	0	0	0	0	0	0	0	0	0	0	0	0	0	0	0	0	0	0	0	0	0	0	0	
1	1	1	88	2.64		300	0	0	-0.0044	-0.0044	0.00446996	0	0	0	-82.2666	-82.2666	-1.80276e-06	0	0	0	0.369855	-4.88955	0	5.25941		300	0.145214	-0.000104927	-0.000104927	0.000134919	0	0	0	0.145214	0	-0.426642	-237.002	0	213.464	213.464	-2.13163e-14	12.4428	0	0	0	0	0	0	0	0	0	0	0	0	0	0	0	0	0	0	0	0	0	0	0	0	0	0	0	0	0	0	0	0	0	
1	1	1	89	2.67		300	0	0	-0.00445	-0.00445	0.00452444	0	0	0	-82.9463	-82.9463	-1.81813e-06	0	0	0	0.378115	-4.90576	0	5.28387		300	0.147181	-0.000119438	-0.000119438	0.000153581	0	0	0	0.147181	0	-0.426642	-237.002	0	213.464	213.464	-2.13163e-14	12.4428	0	0	0	0	0	0	0	0	0	0	0	0	0	0	0	0	0	0	0	0	0	0	0	0	0	0	0	0	0	0	0	0	0	
1	1	1	90	2.7		300	0	0	-0.0045	-0.0045	0.00457913	0	0	0	-83.6114	-83.6114	-1.8351e-06	0	0	0	0.386443	-4.92184	0	5.30828		300	0.149143	-0.000134717	-0.000134717	0.00017323	0	0	0	0.149143	0	-0.426642	-237.002	0	213.464	213.464	-2.13163e-14	12.4428	0	0	0	0	0	0	0	0	0	0	0	0	0	0	0	0	0	0	0	0	0	0	0	0	0	0	0	0	0	0	0	0	0	
1	1	1	91	2.73		300	0	0	-0.00455	-0.00455	0.00463403	0	0	0	-84.2622	-84.2622	-1.85358e-06	0	0	0	0.394837	-4.93781	0	5.33264		300	0.151101	-0.000150734	-0.000150734	0.00019383	0	0	0	0.151101	0	-0.426642	-237.002	0	213.464	213.464	-2.13163e-14	12.4428	0	0	0	0	0	0	0	0	0	0	0	0	0	0	0	0	0	0	0	0	0	0	0	0	0	0	0	0	0	0	0	0	0	
1	1	1	92	2.76		300	0	0	-0.0046	-0.0046	0.00468913	0	0	0	-84.8995	-84.8995	-1.8735e-06	0	0	0	0.403295	-4.95365	0	5.35694		300	0.153054	-0.000167463	-0.000167463	0.000215344	0	0	0	0.153054	0	-0.426642	-237.002	0	213.464	213.464	-2.13163e-14	12.4428	0	0	0	0	0	0	0	0	0	0	0	0	0	0	0	0	0	0	0	0	0	0	0	0	0	0	0	0	0	0	0	0	0	
1	1	1	93	2.79		300	0	0	-0.00465	-0.00465	0.00474441	0	0	0	-85.5236	-85.5236	-1.89478e-06	0	0	0	0.411816	-4.96936	0	5.38117		300	0.155001	-0.000184878	-0.000184878	0.000237741	0	0	0	0.155001	0	-0.426642	-237.002	0	213.464	213.464	-2.13163e-14	12.4428	0	0	0	0	0	0	0	0	0	0	0	0	0	0	0	0	0	0	0	0	0	0	0	0	0	0	0	0	0	0	0	0	0	
1	1	1	94	2.82		300	0	0	-0.0047	-0.0047	0.00479988	0	0	0	-86.1351	-86.1351	-1.91733e-06	0	0	0	0.420399	-4.98494	0	5.40534		300	0.156943	-0.000202952	-0.000202952	0.000260988	0	0	0	0.156943	0	-0.426642	-237.002	0	213.464	213.464	-2.13163e-14	12.4428	0	0	0	0	0	0	0	0	0	0	0	0	0	0	0	0	0	0	0	0	0	0	0	0	0	0	0	0	0	0	0	0	0	
1	1	1	95	2.85		300	0	0	-0.00475	-0.00475	0.00485553	0	0	0	-86.7344	-86.7344	-1.94107e-06	0	0	0	0.429043	-5.00039	0	5.42943		300	0.158879	-0.000221663	-0.000221663	0.000285053	0	0	0	0.158879	0	-0.426642	-237.002	0	213.464	213.464	-2.13163e-14	12.4428	0	0	0	0	0	0	0	0	0	0	0	0	0	0	0	0	0	0	0	0	0	0	0	0	0	0	0	0	0	0	0	0	0	
1	1	1	96	2.88		300	0	0	-0.0048	-0.0048	0.00491134	0	0	0	-87.322	-87.322	-1.96592e-06	0	0	0	0.437745	-5.01571	0	5.45346		300	0.160809	-0.000240987	-0.000240987	0.000309907	0	0	0	0.160809	0	-0.426642	-237.002	0	213.464	213.464	-2.13163e-14	12.4428	0	0	0	0	0	0	0	0	0	0	0	0	0	0	0	0	0	0	0	0	0	0	0	0	0	0	0	0	0	0	0	0	0	
1	1	1	97	2.91		300	0	0	-0.00485	-0.00485	0.00496732	0	0	0	-87.8982	-87.8982	-1.9918e-06	0	0	0	0.446506	-5.0309	0	5.4774		300	0.162734	-0.000260903	-0.000260903	0.000335522	0	0	0	0.162734	0	-0.426642	-237.002	0	213.464	213.464	-2.13163e-14	12.4428	0	0	0	0	0	0	0	0	0	0	0	0	0	0	0	0	0	0	0	0	0	0	0	0	0	0	0	0	0	0	0	0	0	
1	1	1	98	2.94		300	0	0	-0.0049	-0.0049	0.00502346	0	0	0	-88.4635	-88.4635	-2.01863e-06	0	0	0	0.455324	-5.04595	0	5.50127		300	0.164651	-0.000281388	-0.000281388	0.00036187	0	0	0	0.164651	0	-0.426642	-237.002	0	213.464	213.464	-2.13163e-14	12.4428	0	0	0	0	0	0	0	0	0	0	0	0	0	0	0	0	0	0	0	0	0	0	0	0	0	0	0	0	0	0	0	0	0	
1	1	1	99	2.97		300	0	0	-0.00495	-0.00495	0.00507975	0	0	0	-89.0183	-89.0183	-2.04634e-06	0	0	0	0.464199	-5.06086	0	5.52506		300	0.166563	-0.000302423	-0.000302423	0.000388926	0	0	0	0.166563	0	-0.426642	-237.002	0	213.464	213.464	-2.13163e-14	12.4428	0	0	0	0	0	0	0	0	0	0	0	0	0	0	0	0	0	0	0	0	0	0	0	0	0	0	0	0	0	0	0	0	0	
1	1	1	100	3		300	0	0	-0.005	-0.005	0.00513619	0	0	0	-89.563	-89.563	-2.07486e-06	0	0	0	0.473128	-5.07564	0	5.54877		300	0.168467	-0.000323989	-0.000323989	0.000416664	0	0	0	0.168467	0	-0.426642	-237.002	0	213.464	213.464	-2.13163e-14	12.4428	0	0	0	0	0	0	0	0	0	0	0	0	0	0	0	0	0	0	0	0	0	0	0	0	0	0	0	0	0	0	0	0	0	
1	1	1	101	3.03		300	0	0	-0.00505	-0.00505	0.00519276	0	0	0	-90.0978	-90.0978	-2.10412e-06	0	0	0	0.482111	-5.09029	0	5.5724		300	0.170366	-0.000346066	-0.000346066	0.000445061	0	0	0	0.170366	0	-0.426642	-237.002	0	213.464	213.464	-2.13163e-14	12.4428	0	0	0	0	0	0	0	0	0	0	0	0	0	0	0	0	0	0	0	0	0	0	0	0	0	0	0	0	0	0	0	0	0	
1	1	1	102	3.06		300	0	0	-0.0051	-0.0051	0.00524948	0	0	0	-90.6231	-90.6231	-2.13407e-06	0	0	0	0.491147	-5.1048	0	5.59595		300	0.172257	-0.000368638	-0.000368638	0.000474094	0	0	0	0.172257	0	-0.426642	-237.002	0	213.464	213.464	-2.13163e-14	12.4428	0	0	0	0	0	0	0	0	0	0	0	0	0	0	0	0	0	0	0	0	0	0	0	0	0	0	0	0	0	0	0	0	0	
1	1	1	103	3.09		300	0	0	-0.00515	-0.00515	0.00530633	0	0	0	-91.1393	-91.1393	-2.16464e-06	0	0	0	0.500235	-5.11918	0	5.61941		300	0.174142	-0.000391686	-0.000391686	0.000503741	0	0	0	0.174142	0	-0.426642	-237.002	0	213.464	213.464	-2.13163e-14	12.4428	0	0	0	0	0	0	0	0	0	0	0	0	0	0	0	0	0	0	0	0	0	0	0	0	0	0	0	0	0	0	0	0	0	
1	1	1	104	3.12		300	0	0	-0.0052	-0.0052	0.00536331	0	0	0	-91.6467	-91.6467	-2.19577e-06	0	0	0	0.509374	-5.13342	0	5.6428		300	0.176021	-0.000415197	-0.000415197	0.000533982	0	0	0	0.176021	0	-0.426642	-237.002	0	213.464	213.464	-2.13163e-14	12.4428	0	0	0	0	0	0	0	0	0	0	0	0	0	0	0	0	0	0	0	0	0	0	0	0	0	0	0	0	0	0	0	0	0	
1	1	1	105	3.15		300	0	0	-0.00525	-0.00525	0.00542041	0	0	0	-92.1456	-92.1456	-2.22743e-06	0	0	0	0.518564	-5.14753	0	5.6661		300	0.177892	-0.000439152	-0.000439152	0.000564796	0	0	0	0.177892	0	-0.426642	-237.002	0	213.464	213.464	-2.13163e-14	12.4428	0	0	0	0	0	0	0	0	0	0	0	0	0	0	0	0	0	0	0	0	0	0	0	0	0	0	0	0	0	0	0	0	0	
1	1	1	106	3.18		300	0	0	-0.0053	-0.0053	0.00547763	0	0	0	-92.6362	-92.6362	-2.25956e-06	0	0	0	0.527803	-5.16151	0	5.68932		300	0.179757	-0.000463539	-0.000463539	0.000596165	0	0	0	0.179757	0	-0.426642	-237.002	0	213.464	213.464	-2.13163e-14	12.4428	0	0	0	0	0	0	0	0	0	0	0	0	0	0	0	0	0	0	0	0	0	0	0	0	0	0	0	0	0	0	0	0	0	
1	1	1	107	3.21		300	0	0	-0.00535	-0.00535	0.00553496	0	0	0	-93.1188	-93.1188	-2.29211e-06	0	0	0	0.537091	-5.17536	0	5.71245		300	0.181616	-0.000488342	-0.000488342	0.000628069	0	0	0	0.181616	0	-0.426642	-237.002	0	213.464	213.464	-2.13163e-14	12.4428	0	0	0	0	0	0	0	0	0	0	0	0	0	0	0	0	0	0	0	0	0	0	0	0	0	0	0	0	0	0	0	0	0	
1	1	1	108	3.24		300	0	0	-0.0054	-0.0054	0.00559241	0	0	0	-93.5937	-93.5937	-2.32505e-06	0	0	0	0.546426	-5.18908	0	5.7355		300	0.183467	-0.000513549	-0.000513549	0.000660493	0	0	0	0.183467	0	-0.426642	-237.002	0	213.464	213.464	-2.13163e-14	12.4428	0	0	0	0	0	0	0	0	0	0	0	0	0	0	0	0	0	0	0	0	0	0	0	0	0	0	0	0	0	0	0	0	0	
1	1	1	109	3.27		300	0	0	-0.00545	-0.00545	0.00564997	0	0	0	-94.0611	-94.0611	-2.35834e-06	0	0	0	0.555809	-5.20267	0	5.75848		300	0.185312	-0.000539145	-0.000539145	0.000693419	0	0	0	0.185312	0	-0.426642	-237.002	0	213.464	213.464	-2.13163e-14	12.4428	0	0	0	0	0	0	0	0	0	0	0	0	0	0	0	0	0	0	0	0	0	0	0	0	0	0	0	0	0	0	0	0	0	
1	1	1	110	3.3		300	0	0	-0.0055	-0.0055	0.00570763	0	0	0	-94.5212	-94.5212	-2.39194e-06	0	0	0	0.565238	-5.21613	0	5.78136		300	0.18715	-0.00056512	-0.00056512	0.000726831	0	0	0	0.18715	0	-0.426642	-237.002	0	213.464	213.464	-2.13163e-14	12.4428	0	0	0	0	0	0	0	0	0	0	0	0	0	0	0	0	0	0	0	0	0	0	0	0	0	0	0	0	0	0	0	0	0	
1	1	1	111	3.33		300	0	0	-0.00555	-0.00555	0.00576539	0	0	0	-94.9744	-94.9744	-2.42582e-06	0	0	0	0.574713	-5.22946	0	5.80417		300	0.188982	-0.00059146	-0.00059146	0.000760714	0	0	0	0.188982	0	-0.426642	-237.002	0	213.464	213.464	-2.13163e-14	12.4428	0	0	0	0	0	0	0	0	0	0	0	0	0	0	0	0	0	0	0	0	0	0	0	0	0	0	0	0	0	0	0	0	0	
1	1	1	112	3.36		300	0	0	-0.0056	-0.0056	0.00582325	0	0	0	-95.4208	-95.4208	-2.45996e-06	0	0	0	0.584233	-5.24267	0	5.8269		300	0.190807	-0.000618155	-0.000618155	0.000795054	0	0	0	0.190807	0	-0.426642	-237.002	0	213.464	213.464	-2.13163e-14	12.4428	0	0	0	0	0	0	0	0	0	0	0	0	0	0	0	0	0	0	0	0	0	0	0	0	0	0	0	0	0	0	0	0	0	
1	1	1	113	3.39		300	0	0	-0.00565	-0.00565	0.00588121	0	0	0	-95.8606	-95.8606	-2.49431e-06	0	0	0	0.593797	-5.25575	0	5.84954		300	0.192626	-0.000645194	-0.000645194	0.000829835	0	0	0	0.192626	0	-0.426642	-237.002	0	213.464	213.464	-2.13163e-14	12.4428	0	0	0	0	0	0	0	0	0	0	0	0	0	0	0	0	0	0	0	0	0	0	0	0	0	0	0	0	0	0	0	0	0	
1	1	1	114	3.42		300	0	0	-0.0057	-0.0057	0.00593926	0	0	0	-96.294	-96.294	-2.52887e-06	0	0	0	0.603404	-5.26871	0	5.87211		300	0.194438	-0.000672566	-0.000672566	0.000865046	0	0	0	0.194438	0	-0.426642	-237.002	0	213.464	213.464	-2.13163e-14	12.4428	0	0	0	0	0	0	0	0	0	0	0	0	0	0	0	0	0	0	0	0	0	0	0	0	0	0	0	0	0	0	0	0	0	
1	1	1	115	3.45		300	0	0	-0.00575	-0.00575	0.0059974	0	0	0	-96.7212	-96.7212	-2.5636e-06	0	0	0	0.613055	-5.28154	0	5.8946		300	0.196243	-0.000700261	-0.000700261	0.000900672	0	0	0	0.196243	0	-0.426642	-237.002	0	213.464	213.464	-2.13163e-14	12.4428	0	0	0	0	0	0	0	0	0	0	0	0	0	0	0	0	0	0	0	0	0	0	0	0	0	0	0	0	0	0	0	0	0	
1	1	1	116	3.48		300	0	0	-0.0058	-0.0058	0.00605563	0	0	0	-97.1424	-97.1424	-2.59848e-06	0	0	0	0.622748	-5.29426	0	5.917		300	0.198043	-0.000728269	-0.000728269	0.000936702	0	0	0	0.198043	0	-0.426642	-237.002	0	213.464	213.464	-2.13163e-14	12.4428	0	0	0	0	0	0	0	0	0	0	0	0	0	0	0	0	0	0	0	0	0	0	0	0	0	0	0	0	0	0	0	0	0	
1	1	1	117	3.51		300	0	0	-0.00585	-0.00585	0.00611394	0	0	0	-97.5578	-97.5578	-2.6335e-06	0	0	0	0.632483	-5.30685	0	5.93933		300	0.199835	-0.000756582	-0.000756582	0.000973124	0	0	0	0.199835	0	-0.426642	-237.002	0	213.464	213.464	-2.13163e-14	12.4428	0	0	0	0	0	0	0	0	0	0	0	0	0	0	0	0	0	0	0	0	0	0	0	0	0	0	0	0	0	0	0	0	0	
1	1	1	118	3.54		300	0	0	-0.0059	-0.0059	0.00617233	0	0	0	-97.9676	-97.9676	-2.66863e-06	0	0	0	0.64226	-5.31933	0	5.96159		300	0.201622	-0.00078519	-0.00078519	0.00100993	0	0	0	0.201622	0	-0.426642	-237.002	0	213.464	213.464	-2.13163e-14	12.4428	0	0	0	0	0	0	0	0	0	0	0	0	0	0	0	0	0	0	0	0	0	0	0	0	0	0	0	0	0	0	0	0	0	
1	1	1	119	3.57		300	0	0	-0.00595	-0.00595	0.0062308	0	0	0	-98.3718	-98.3718	-2.70385e-06	0	0	0	0.652077	-5.33168	0	5.98376		300	0.203403	-0.000814086	-0.000814086	0.0010471	0	0	0	0.203403	0	-0.426642	-237.002	0	213.464	213.464	-2.13163e-14	12.4428	0	0	0	0	0	0	0	0	0	0	0	0	0	0	0	0	0	0	0	0	0	0	0	0	0	0	0	0	0	0	0	0	0	
1	1	1	120	3.6		300	0	0	-0.006	-0.006	0.00628935	0	0	0	-98.7707	-98.7707	-2.73916e-06	0	0	0	0.661934	-5.34392	0	6.00586		300	0.205177	-0.00084326	-0.00084326	0.00108463	0	0	0	0.205177	0	-0.426642	-237.002	0	213.464	213.464	-2.13163e-14	12.4428	0	0	0	0	0	0	0	0	0	0	0	0	0	0	0	0	0	0	0	0	0	0	0	0	0	0	0	0	0	0	0	0	0	
1	1	1	121	3.63		300	0	0	-0.00605	-0.00605	0.00634798	0	0	0	-99.1644	-99.1644	-2.77454e-06	0	0	0	0.67183	-5.35605	0	6.02788		300	0.206945	-0.000872705	-0.000872705	0.00112251	0	0	0	0.206945	0	-0.426642	-237.002	0	213.464	213.464	-2.13163e-14	12.4428	0	0	0	0	0	0	0	0	0	0	0	0	0	0	0	0	0	0	0	0	0	0	0	0	0	0	0	0	0	0	0	0	0	
1	1	1	122	3.66		300	0	0	-0.0061	-0.0061	0.00640667	0	0	0	-99.553	-99.553	-2.80997e-06	0	0	0	0.681766	-5.36806	0	6.04983		300	0.208707	-0.000902414	-0.000902414	0.00116072	0	0	0	0.208707	0	-0.426642	-237.002	0	213.464	213.464	-2.13163e-14	12.4428	0	0	0	0	0	0	0	0	0	0	0	0	0	0	0	0	0	0	0	0	0	0	0	0	0	0	0	0	0	0	0	0	0	
1	1	1	123	3.69		300	0	0	-0.00615	-0.00615	0.00646544	0	0	0	-99.9368	-99.9368	-2.84543e-06	0	0	0	0.691741	-5.37996	0	6.0717		300	0.210463	-0.000932379	-0.000932379	0.00119927	0	0	0	0.210463	0	-0.426642	-237.002	0	213.464	213.464	-2.13163e-14	12.4428	0	0	0	0	0	0	0	0	0	0	0	0	0	0	0	0	0	0	0	0	0	0	0	0	0	0	0	0	0	0	0	0	0	
1	1	1	124	3.72		300	0	0	-0.0062	-0.0062	0.00652428	0	0	0	-100.316	-100.316	-2.88093e-06	0	0	0	0.701753	-5.39175	0	6.0935		300	0.212214	-0.000962593	-0.000962593	0.00123814	0	0	0	0.212214	0	-0.426642	-237.002	0	213.464	213.464	-2.13163e-14	12.4428	0	0	0	0	0	0	0	0	0	0	0	0	0	0	0	0	0	0	0	0	0	0	0	0	0	0	0	0	0	0	0	0	0	
1	1	1	125	3.75		300	0	0	-0.00625	-0.00625	0.00658319	0	0	0	-100.69	-100.69	-2.91645e-06	0	0	0	0.711804	-5.40343	0	6.11523		300	0.213958	-0.00099305	-0.00099305	0.00127732	0	0	0	0.213958	0	-0.426642	-237.002	0	213.464	213.464	-2.13163e-14	12.4428	0	0	0	0	0	0	0	0	0	0	0	0	0	0	0	0	0	0	0	0	0	0	0	0	0	0	0	0	0	0	0	0	0	
1	1	1	126	3.78		300	0	0	-0.0063	-0.0063	0.00664216	0	0	0	-101.06	-101.06	-2.95198e-06	0	0	0	0.721891	-5.415	0	6.13689		300	0.215697	-0.00102374	-0.00102374	0.00131681	0	0	0	0.215697	0	-0.426642	-237.002	0	213.464	213.464	-2.13163e-14	12.4428	0	0	0	0	0	0	0	0	0	0	0	0	0	0	0	0	0	0	0	0	0	0	0	0	0	0	0	0	0	0	0	0	0	
1	1	1	127	3.81		300	0	0	-0.00635	-0.00635	0.00670119	0	0	0	-101.425	-101.425	-2.98751e-06	0	0	0	0.732015	-5.42646	0	6.15847		300	0.217429	-0.00105467	-0.00105467	0.00135659	0	0	0	0.217429	0	-0.426642	-237.002	0	213.464	213.464	-2.13163e-14	12.4428	0	0	0	0	0	0	0	0	0	0	0	0	0	0	0	0	0	0	0	0	0	0	0	0	0	0	0	0	0	0	0	0	0	
1	1	1	128	3.84		300	0	0	-0.0064	-0.0064	0.00676029	0	0	0	-101.786	-101.786	-3.02303e-06	0	0	0	0.742176	-5.43781	0	6.17999		300	0.219157	-0.00108581	-0.00108581	0.00139666	0	0	0	0.219157	0	-0.426642	-237.002	0	213.464	213.464	-2.13163e-14	12.4428	0	0	0	0	0	0	0	0	0	0	0	0	0	0	0	0	0	0	0	0	0	0	0	0	0	0	0	0	0	0	0	0	0	
1	1	1	129	3.87		300	0	0	-0.00645	-0.00645	0.00681945	0	0	0	-102.143	-102.143	-3.05853e-06	0	0	0	0.752373	-5.44906	0	6.20144		300	0.220878	-0.00111718	-0.00111718	0.001437	0	0	0	0.220878	0	-0.426642	-237.002	0	213.464	213.464	-2.13163e-14	12.4428	0	0	0	0	0	0	0	0	0	0	0	0	0	0	0	0	0	0	0	0	0	0	0	0	0	0	0	0	0	0	0	0	0	
1	1	1	130	3.9		300	0	0	-0.0065	-0.0065	0.00687867	0	0	0	-102.496	-102.496	-3.09402e-06	0	0	0	0.762605	-5.46021	0	6.22281		300	0.222594	-0.00114876	-0.00114876	0.00147763	0	0	0	0.222594	0	-0.426642	-237.002	0	213.464	213.464	-2.13163e-14	12.4428	0	0	0	0	0	0	0	0	0	0	0	0	0	0	0	0	0	0	0	0	0	0	0	0	0	0	0	0	0	0	0	0	0	
1	1	1	131	3.93		300	0	0	-0.00655	-0.00655	0.00693794	0	0	0	-102.845	-102.845	-3.12947e-06	0	0	0	0.772872	-5.47125	0	6.24412		300	0.224305	-0.00118054	-0.00118054	0.00151852	0	0	0	0.224305	0	-0.426642	-237.002	0	213.464	213.464	-2.13163e-14	12.4428	0	0	0	0	0	0	0	0	0	0	0	0	0	0	0	0	0	0	0	0	0	0	0	0	0	0	0	0	0	0	0	0	0	
1	1	1	132	3.96		300	0	0	-0.0066	-0.0066	0.00699727	0	0	0	-103.19	-103.19	-3.16489e-06	0	0	0	0.783173	-5.48219	0	6.26536		300	0.22601	-0.00121253	-0.00121253	0.00155967	0	0	0	0.22601	0	-0.426642	-237.002	0	213.464	213.464	-2.13163e-14	12.4428	0	0	0	0	0	0	0	0	0	0	0	0	0	0	0	0	0	0	0	0	0	0	0	0	0	0	0	0	0	0	0	0	0	
1	1	1	133	3.99		300	0	0	-0.00665	-0.00665	0.00705666	0	0	0	-103.531	-103.531	-3.20027e-06	0	0	0	0.793509	-5.49303	0	6.28654		300	0.227709	-0.00124471	-0.00124471	0.00160107	0	0	0	0.227709	0	-0.426642	-237.002	0	213.464	213.464	-2.13163e-14	12.4428	0	0	0	0	0	0	0	0	0	0	0	0	0	0	0	0	0	0	0	0	0	0	0	0	0	0	0	0	0	0	0	0	0	
1	1	1	134	4.02		300	0	0	-0.0067	-0.0067	0.00711609	0	0	0	-103.869	-103.869	-3.23561e-06	0	0	0	0.803879	-5.50377	0	6.30764		300	0.229404	-0.00127709	-0.00127709	0.00164272	0	0	0	0.229404	0	-0.426642	-237.002	0	213.464	213.464	-2.13163e-14	12.4428	0	0	0	0	0	0	0	0	0	0	0	0	0	0	0	0	0	0	0	0	0	0	0	0	0	0	0	0	0	0	0	0	0	
1	1	1	135	4.05		300	0	0	-0.00675	-0.00675	0.00717559	0	0	0	-104.203	-104.203	-3.2709e-06	0	0	0	0.814283	-5.51441	0	6.32869		300	0.231093	-0.00130965	-0.00130965	0.00168461	0	0	0	0.231093	0	-0.426642	-237.002	0	213.464	213.464	-2.13163e-14	12.4428	0	0	0	0	0	0	0	0	0	0	0	0	0	0	0	0	0	0	0	0	0	0	0	0	0	0	0	0	0	0	0	0	0	
1	1	1	136	4.08		300	0	0	-0.0068	-0.0068	0.00723513	0	0	0	-104.533	-104.533	-3.30613e-06	0	0	0	0.82472	-5.52495	0	6.34967		300	0.232777	-0.0013424	-0.0013424	0.00172674	0	0	0	0.232777	0	-0.426642	-237.002	0	213.464	213.464	-2.13163e-14	12.4428	0	0	0	0	0	0	0	0	0	0	0	0	0	0	0	0	0	0	0	0	0	0	0	0	0	0	0	0	0	0	0	0	0	
1	1	1	137	4.11		300	0	0	-0.00685	-0.00685	0.00729472	0	0	0	-104.86	-104.86	-3.34131e-06	0	0	0	0.83519	-5.53539	0	6.37058		300	0.234455	-0.00137532	-0.00137532	0.0017691	0	0	0	0.234455	0	-0.426642	-237.002	0	213.464	213.464	-2.13163e-14	12.4428	0	0	0	0	0	0	0	0	0	0	0	0	0	0	0	0	0	0	0	0	0	0	0	0	0	0	0	0	0	0	0	0	0	
1	1	1	138	4.14		300	0	0	-0.0069	-0.0069	0.00735436	0	0	0	-105.184	-105.184	-3.37642e-06	0	0	0	0.845692	-5.54574	0	6.39143		300	0.236129	-0.00140842	-0.00140842	0.00181168	0	0	0	0.236129	0	-0.426642	-237.002	0	213.464	213.464	-2.13163e-14	12.4428	0	0	0	0	0	0	0	0	0	0	0	0	0	0	0	0	0	0	0	0	0	0	0	0	0	0	0	0	0	0	0	0	0	
1	1	1	139	4.17		300	0	0	-0.00695	-0.00695	0.00741404	0	0	0	-105.504	-105.504	-3.41147e-06	0	0	0	0.856226	-5.556	0	6.41222		300	0.237798	-0.00144169	-0.00144169	0.00185448	0	0	0	0.237798	0	-0.426642	-237.002	0	213.464	213.464	-2.13163e-14	12.4428	0	0	0	0	0	0	0	0	0	0	0	0	0	0	0	0	0	0	0	0	0	0	0	0	0	0	0	0	0	0	0	0	0	
1	1	1	140	4.2		300	0	0	-0.007	-0.007	0.00747378	0	0	0	-105.822	-105.822	-3.44645e-06	0	0	0	0.866792	-5.56616	0	6.43295		300	0.239461	-0.00147513	-0.00147513	0.0018975	0	0	0	0.239461	0	-0.426642	-237.002	0	213.464	213.464	-2.13163e-14	12.4428	0	0	0	0	0	0	0	0	0	0	0	0	0	0	0	0	0	0	0	0	0	0	0	0	0	0	0	0	0	0	0	0	0	
1	1	1	141	4.23		300	0	0	-0.00705	-0.00705	0.00753356	0	0	0	-106.136	-106.136	-3.48137e-06	0	0	0	0.87739	-5.57623	0	6.45362		300	0.24112	-0.00150873	-0.00150873	0.00194073	0	0	0	0.24112	0	-0.426642	-237.002	0	213.464	213.464	-2.13163e-14	12.4428	0	0	0	0	0	0	0	0	0	0	0	0	0	0	0	0	0	0	0	0	0	0	0	0	0	0	0	0	0	0	0	0	0	
1	1	1	142	4.26		300	0	0	-0.0071	-0.0071	0.00759338	0	0	0	-106.447	-106.447	-3.51621e-06	0	0	0	0.888019	-5.58621	0	6.47422		300	0.242774	-0.00154249	-0.00154249	0.00198416	0	0	0	0.242774	0	-0.426642	-237.002	0	213.464	213.464	-2.13163e-14	12.4428	0	0	0	0	0	0	0	0	0	0	0	0	0	0	0	0	0	0	0	0	0	0	0	0	0	0	0	0	0	0	0	0	0	
1	1	1	143	4.29		300	0	0	-0.00715	-0.00715	0.00765325	0	0	0	-106.755	-106.755	-3.55097e-06	0	0	0	0.89868	-5.59609	0	6.49477		300	0.244423	-0.00157641	-0.00157641	0.00202779	0	0	0	0.244423	0	-0.426642	-237.002	0	213.464	213.464	-2.13163e-14	12.4428	0	0	0	0	0	0	0	0	0	0	0	0	0	0	0	0	0	0	0	0	0	0	0	0	0	0	0	0	0	0	0	0	0	
1	1	1	144	4.32		300	0	0	-0.0072	-0.0072	0.00771315	0	0	0	-107.06	-107.06	-3.58566e-06	0	0	0	0.90937	-5.60589	0	6.51526		300	0.246067	-0.00161047	-0.00161047	0.00207162	0	0	0	0.246067	0	-0.426642	-237.002	0	213.464	213.464	-2.13163e-14	12.4428	0	0	0	0	0	0	0	0	0	0	0	0	0	0	0	0	0	0	0	0	0	0	0	0	0	0	0	0	0	0	0	0	0	
1	1	1	145	4.35		300	0	0	-0.00725	-0.00725	0.0077731	0	0	0	-107.363	-107.363	-3.62027e-06	0	0	0	0.920091	-5.6156	0	6.53569		300	0.247707	-0.00164469	-0.00164469	0.00211563	0	0	0	0.247707	0	-0.426642	-237.002	0	213.464	213.464	-2.13163e-14	12.4428	0	0	0	0	0	0	0	0	0	0	0	0	0	0	0	0	0	0	0	0	0	0	0	0	0	0	0	0	0	0	0	0	0	
1	1	1	146	4.38		300	0	0	-0.0073	-0.0073	0.00783309	0	0	0	-107.662	-107.662	-3.6548e-06	0	0	0	0.930843	-5.62522	0	6.55606		300	0.249342	-0.00167905	-0.00167905	0.00215984	0	0	0	0.249342	0	-0.426642	-237.002	0	213.464	213.464	-2.13163e-14	12.4428	0	0	0	0	0	0	0	0	0	0	0	0	0	0	0	0	0	0	0	0	0	0	0	0	0	0	0	0	0	0	0	0	0	
1	1	1	147	4.41		300	0	0	-0.00735	-0.00735	0.00789312	0	0	0	-107.959	-107.959	-3.68925e-06	0	0	0	0.941624	-5.63475	0	6.57637		300	0.250972	-0.00171355	-0.00171355	0.00220423	0	0	0	0.250972	0	-0.426642	-237.002	0	213.464	213.464	-2.13163e-14	12.4428	0	0	0	0	0	0	0	0	0	0	0	0	0	0	0	0	0	0	0	0	0	0	0	0	0	0	0	0	0	0	0	0	0	
1	1	1	148	4.44		300	0	0	-0.0074	-0.0074	0.00795319	0	0	0	-108.253	-108.253	-3.72361e-06	0	0	0	0.952434	-5.6442	0	6.59663		300	0.252598	-0.0017482	-0.0017482	0.0022488	0	0	0	0.252598	0	-0.426642	-237.002	0	213.464	213.464	-2.13163e-14	12.4428	0	0	0	0	0	0	0	0	0	0	0	0	0	0	0	0	0	0	0	0	0	0	0	0	0	0	0	0	0	0	0	0	0	
1	1	1	149	4.47		300	0	0	-0.00745	-0.00745	0.0080133	0	0	0	-108.545	-108.545	-3.75789e-06	0	0	0	0.963274	-5.65356	0	6.61683		300	0.254219	-0.00178297	-0.00178297	0.00229354	0	0	0	0.254219	0	-0.426642	-237.002	0	213.464	213.464	-2.13163e-14	12.4428	0	0	0	0	0	0	0	0	0	0	0	0	0	0	0	0	0	0	0	0	0	0	0	0	0	0	0	0	0	0	0	0	0	
1	1	1	150	4.5		300	0	0	-0.0075	-0.0075	0.00807344	0	0	0	-108.834	-108.834	-3.79208e-06	0	0	0	0.974143	-5.66283	0	6.63698		300	0.255835	-0.00181789	-0.00181789	0.00233845	0	0	0	0.255835	0	-0.426642	-237.002	0	213.464	213.464	-2.13163e-14	12.4428	0	0	0	0	0	0	0	0	0	0	0	0	0	0	0	0	0	0	0	0	0	0	0	0	0	0	0	0	0	0	0	0	0	
1	1	1	151	4.53		300	0	0	-0.00755	-0.00755	0.00813362	0	0	0	-109.12	-109.12	-3.82618e-06	0	0	0	0.985041	-5.67203	0	6.65707		300	0.257448	-0.00185293	-0.00185293	0.00238354	0	0	0	0.257448	0	-0.426642	-237.002	0	213.464	213.464	-2.13163e-14	12.4428	0	0	0	0	0	0	0	0	0	0	0	0	0	0	0	0	0	0	0	0	0	0	0	0	0	0	0	0	0	0	0	0	0	
1	1	1	152	4.56		300	0	0	-0.0076	-0.0076	0.00819383	0	0	0	-109.404	-109.404	-3.8602e-06	0	0	0	0.995967	-5.68114	0	6.67711		300	0.259056	-0.0018881	-0.0018881	0.00242879	0	0	0	0.259056	0	-0.426642	-237.002	0	213.464	213.464	-2.13163e-14	12.4428	0	0	0	0	0	0	0	0	0	0	0	0	0	0	0	0	0	0	0	0	0	0	0	0	0	0	0	0	0	0	0	0	0	
1	1	1	153	4.59		300	0	0	-0.00765	-0.00765	0.00825408	0	0	0	-109.686	-109.686	-3.89412e-06	0	0	0	1.00692	-5.69017	0	6.69709		300	0.260659	-0.0019234	-0.0019234	0.0024742	0	0	0	0.260659	0	-0.426642	-237.002	0	213.464	213.464	-2.13163e-14	12.4428	0	0	0	0	0	0	0	0	0	0	0	0	0	0	0	0	0	0	0	0	0	0	0	0	0	0	0	0	0	0	0	0	0	
1	1	1	154	4.62		300	0	0	-0.0077	-0.0077	0.00831437	0	0	0	-109.965	-109.965	-3.92796e-06	0	0	0	1.0179	-5.69912	0	6.71702		300	0.262259	-0.00195882	-0.00195882	0.00251977	0	0	0	0.262259	0	-0.426642	-237.002	0	213.464	213.464	-2.13163e-14	12.4428	0	0	0	0	0	0	0	0	0	0	0	0	0	0	0	0	0	0	0	0	0	0	0	0	0	0	0	0	0	0	0	0	0	
1	1	1	155	4.65		300	0	0	-0.00775	-0.00775	0.00837468	0	0	0	-110.242	-110.242	-3.96171e-06	0	0	0	1.02891	-5.70798	0	6.7369		300	0.263854	-0.00199436	-0.00199436	0.00256549	0	0	0	0.263854	0	-0.426642	-237.002	0	213.464	213.464	-2.13163e-14	12.4428	0	0	0	0	0	0	0	0	0	0	0	0	0	0	0	0	0	0	0	0	0	0	0	0	0	0	0	0	0	0	0	0	0	
1	1	1	156	4.68		300	0	0	-0.0078	-0.0078	0.00843503	0	0	0	-110.516	-110.516	-3.99536e-06	0	0	0	1.03995	-5.71677	0	6.75672		300	0.265445	-0.00203002	-0.00203002	0.00261136	0	0	0	0.265445	0	-0.426642	-237.002	0	213.464	213.464	-2.13163e-14	12.4428	0	0	0	0	0	0	0	0	0	0	0	0	0	0	0	0	0	0	0	0	0	0	0	0	0	0	0	0	0	0	0	0	0	
1	1	1	157	4.71		300	0	0	-0.00785	-0.00785	0.00849541	0	0	0	-110.789	-110.789	-4.02893e-06	0	0	0	1.05102	-5.72548	0	6.7765		300	0.267031	-0.0020658	-0.0020658	0.00265739	0	0	0	0.267031	0	-0.426642	-237.002	0	213.464	213.464	-2.13163e-14	12.4428	0	0	0	0	0	0	0	0	0	0	0	0	0	0	0	0	0	0	0	0	0	0	0	0	0	0	0	0	0	0	0	0	0	
1	1	1	158	4.74		300	0	0	-0.0079	-0.0079	0.00855583	0	0	0	-111.059	-111.059	-4.0624e-06	0	0	0	1.06211	-5.73411	0	6.79622		300	0.268614	-0.00210169	-0.00210169	0.00270356	0	0	0	0.268614	0	-0.426642	-237.002	0	213.464	213.464	-2.13163e-14	12.4428	0	0	0	0	0	0	0	0	0	0	0	0	0	0	0	0	0	0	0	0	0	0	0	0	0	0	0	0	0	0	0	0	0	
1	1	1	159	4.77		300	0	0	-0.00795	-0.00795	0.00861627	0	0	0	-111.327	-111.327	-4.09577e-06	0	0	0	1.07323	-5.74266	0	6.81589		300	0.270193	-0.00213768	-0.00213768	0.00274987	0	0	0	0.270193	0	-0.426642	-237.002	0	213.464	213.464	-2.13163e-14	12.4428	0	0	0	0	0	0	0	0	0	0	0	0	0	0	0	0	0	0	0	0	0	0	0	0	0	0	0	0	0	0	0	0	0	
1	1	1	160	4.8		300	0	0	-0.008	-0.008	0.00867675	0	0	0	-111.593	-111.593	-4.12906e-06	0	0	0	1.08438	-5.75114	0	6.83551		300	0.271767	-0.00217379	-0.00217379	0.00279633	0	0	0	0.271767	0	-0.426642	-237.002	0	213.464	213.464	-2.13163e-14	12.4428	0	0	0	0	0	0	0	0	0	0	0	0	0	0	0	0	0	0	0	0	0	0	0	0	0	0	0	0	0	0	0	0	0	
1	1	1	161	4.83		300	0	0	-0.00805	-0.00805	0.00873725	0	0	0	-111.857	-111.857	-4.16225e-06	0	0	0	1.09555	-5.75954	0	6.85509		300	0.273338	-0.00221001	-0.00221001	0.00284292	0	0	0	0.273338	0	-0.426642	-237.002	0	213.464	213.464	-2.13163e-14	12.4428	0	0	0	0	0	0	0	0	0	0	0	0	0	0	0	0	0	0	0	0	0	0	0	0	0	0	0	0	0	0	0	0	0	
1	1	1	162	4.86		300	0	0	-0.0081	-0.0081	0.00879778	0	0	0	-112.119	-112.119	-4.19535e-06	0	0	0	1.10675	-5.76786	0	6.87461		300	0.274904	-0.00224633	-0.00224633	0.00288965	0	0	0	0.274904	0	-0.426642	-237.002	0	213.464	213.464	-2.13163e-14	12.4428	0	0	0	0	0	0	0	0	0	0	0	0	0	0	0	0	0	0	0	0	0	0	0	0	0	0	0	0	0	0	0	0	0	
1	1	1	163	4.89		300	0	0	-0.00815	-0.00815	0.00885835	0	0	0	-112.379	-112.379	-4.22835e-06	0	0	0	1.11797	-5.77611	0	6.89409		300	0.276467	-0.00228276	-0.00228276	0.00293651	0	0	0	0.276467	0	-0.426642	-237.002	0	213.464	213.464	-2.13163e-14	12.4428	0	0	0	0	0	0	0	0	0	0	0	0	0	0	0	0	0	0	0	0	0	0	0	0	0	0	0	0	0	0	0	0	0	
1	1	1	164	4.92		300	0	0	-0.0082	-0.0082	0.00891894	0	0	0	-112.638	-112.638	-4.26126e-06	0	0	0	1.12922	-5.78429	0	6.91351		300	0.278026	-0.00231928	-0.00231928	0.0029835	0	0	0	0.278026	0	-0.426642	-237.002	0	213.464	213.464	-2.13163e-14	12.4428	0	0	0	0	0	0	0	0	0	0	0	0	0	0	0	0	0	0	0	0	0	0	0	0	0	0	0	0	0	0	0	0	0	
1	1	1	165	4.95		300	0	0	-0.00825	-0.00825	0.00897956	0	0	0	-112.894	-112.894	-4.29408e-06	0	0	0	1.1405	-5.79239	0	6.93289		300	0.279581	-0.00235591	-0.00235591	0.00303062	0	0	0	0.279581	0	-0.426642	-237.002	0	213.464	213.464	-2.13163e-14	12.4428	0	0	0	0	0	0	0	0	0	0	0	0	0	0	0	0	0	0	0	0	0	0	0	0	0	0	0	0	0	0	0	0	0	
1	1	1	166	4.98		300	0	0	-0.0083	-0.0083	0.0090402	0	0	0	-113.148	-113.148	-4.3268e-06	0	0	0	1.1518	-5.80043	0	6.95223		300	0.281132	-0.00239263	-0.00239263	0.00307786	0	0	0	0.281132	0	-0.426642	-237.002	0	213.464	213.464	-2.13163e-14	12.4428	0	0	0	0	0	0	0	0	0	0	0	0	0	0	0	0	0	0	0	0	0	0	0	0	0	0	0	0	0	0	0	0	0	
1	1	1	167	5.01		300	0	0	-0.00835	-0.00835	0.00910087	0	0	0	-113.401	-113.401	-4.35943e-06	0	0	0	1.16313	-5.80838	0	6.97151		300	0.28268	-0.00242945	-0.00242945	0.00312523	0	0	0	0.28268	0	-0.426642	-237.002	0	213.464	213.464	-2.13163e-14	12.4428	0	0	0	0	0	0	0	0	0	0	0	0	0	0	0	0	0	0	0	0	0	0	0	0	0	0	0	0	0	0	0	0	0	
1	1	1	168	5.04		300	0	0	-0.0084	-0.0084	0.00916157	0	0	0	-113.651	-113.651	-4.39196e-06	0	0	0	1.17448	-5.81627	0	6.99075		300	0.284223	-0.00246636	-0.00246636	0.00317271	0	0	0	0.284223	0	-0.426642	-237.002	0	213.464	213.464	-2.13163e-14	12.4428	0	0	0	0	0	0	0	0	0	0	0	0	0	0	0	0	0	0	0	0	0	0	0	0	0	0	0	0	0	0	0	0	0	
1	1	1	169	5.07		300	0	0	-0.00845	-0.00845	0.00922229	0	0	0	-113.9	-113.9	-4.4244e-06	0	0	0	1.18586	-5.82409	0	7.00995		300	0.285764	-0.00250336	-0.00250336	0.00322032	0	0	0	0.285764	0	-0.426642	-237.002	0	213.464	213.464	-2.13163e-14	12.4428	0	0	0	0	0	0	0	0	0	0	0	0	0	0	0	0	0	0	0	0	0	0	0	0	0	0	0	0	0	0	0	0	0	
1	1	1	170	5.1		300	0	0	-0.0085	-0.0085	0.00928304	0	0	0	-114.147	-114.147	-4.45675e-06	0	0	0	1.19726	-5.83184	0	7.0291		300	0.2873	-0.00254046	-0.00254046	0.00326804	0	0	0	0.2873	0	-0.426642	-237.002	0	213.464	213.464	-2.13163e-14	12.4428	0	0	0	0	0	0	0	0	0	0	0	0	0	0	0	0	0	0	0	0	0	0	0	0	0	0	0	0	0	0	0	0	0	
1	1	1	171	5.13		300	0	0	-0.00855	-0.00855	0.00934381	0	0	0	-114.393	-114.393	-4.489e-06	0	0	0	1.20869	-5.83951	0	7.0482		300	0.288833	-0.00257764	-0.00257764	0.00331588	0	0	0	0.288833	0	-0.426642	-237.002	0	213.464	213.464	-2.13163e-14	12.4428	0	0	0	0	0	0	0	0	0	0	0	0	0	0	0	0	0	0	0	0	0	0	0	0	0	0	0	0	0	0	0	0	0	
1	1	1	172	5.16		300	0	0	-0.0086	-0.0086	0.00940461	0	0	0	-114.637	-114.637	-4.52116e-06	0	0	0	1.22014	-5.84712	0	7.06726		300	0.290362	-0.00261491	-0.00261491	0.00336383	0	0	0	0.290362	0	-0.426642	-237.002	0	213.464	213.464	-2.13163e-14	12.4428	0	0	0	0	0	0	0	0	0	0	0	0	0	0	0	0	0	0	0	0	0	0	0	0	0	0	0	0	0	0	0	0	0	
1	1	1	173	5.19		300	0	0	-0.00865	-0.00865	0.00946543	0	0	0	-114.879	-114.879	-4.55322e-06	0	0	0	1.23162	-5.85466	0	7.08628		300	0.291888	-0.00265227	-0.00265227	0.00341189	0	0	0	0.291888	0	-0.426642	-237.002	0	213.464	213.464	-2.13163e-14	12.4428	0	0	0	0	0	0	0	0	0	0	0	0	0	0	0	0	0	0	0	0	0	0	0	0	0	0	0	0	0	0	0	0	0	
1	1	1	174	5.22		300	0	0	-0.0087	-0.0087	0.00952628	0	0	0	-115.119	-115.119	-4.58519e-06	0	0	0	1.24312	-5.86213	0	7.10525		300	0.29341	-0.00268971	-0.00268971	0.00346006	0	0	0	0.29341	0	-0.426642	-237.002	0	213.464	213.464	-2.13163e-14	12.4428	0	0	0	0	0	0	0	0	0	0	0	0	0	0	0	0	0	0	0	0	0	0	0	0	0	0	0	0	0	0	0	0	0	
1	1	1	175	5.25		300	0	0	-0.00875	-0.00875	0.00958714	0	0	0	-115.358	-115.358	-4.61707e-06	0	0	0	1.25464	-5.86954	0	7.12418		300	0.294929	-0.00272724	-0.00272724	0.00350834	0	0	0	0.294929	0	-0.426642	-237.002	0	213.464	213.464	-2.13163e-14	12.4428	0	0	0	0	0	0	0	0	0	0	0	0	0	0	0	0	0	0	0	0	0	0	0	0	0	0	0	0	0	0	0	0	0	
1	1	1	176	5.28		300	0	0	-0.0088	-0.0088	0.00964803	0	0	0	-115.596	-115.596	-4.64886e-06	0	0	0	1.26619	-5.87688	0	7.14306		300	0.296444	-0.00276485	-0.00276485	0.00355672	0	0	0	0.296444	0	-0.426642	-237.002	0	213.464	213.464	-2.13163e-14	12.4428	0	0	0	0	0	0	0	0	0	0	0	0	0	0	0	0	0	0	0	0	0	0	0	0	0	0	0	0	0	0	0	0	0	
1	1	1	177	5.31		300	0	0	-0.00885	-0.00885	0.00970895	0	0	0	-115.831	-115.831	-4.68055e-06	0	0	0	1.27776	-5.88415	0	7.16191		300	0.297956	-0.00280253	-0.00280253	0.00360521	0	0	0	0.297956	0	-0.426642	-237.002	0	213.464	213.464	-2.13163e-14	12.4428	0	0	0	0	0	0	0	0	0	0	0	0	0	0	0	0	0	0	0	0	0	0	0	0	0	0	0	0	0	0	0	0	0	
1	1	1	178	5.34		300	0	0	-0.0089	-0.0089	0.00976988	0	0	0	-116.066	-116.066	-4.71214e-06	0	0	0	1.28935	-5.89136	0	7.18071		300	0.299464	-0.0028403	-0.0028403	0.0036538	0	0	0	0.299464	0	-0.426642	-237.002	0	213.464	213.464	-2.13163e-14	12.4428	0	0	0	0	0	0	0	0	0	0	0	0	0	0	0	0	0	0	0	0	0	0	0	0	0	0	0	0	0	0	0	0	0	
1	1	1	179	5.37		300	0	0	-0.00895	-0.00895	0.00983084	0	0	0	-116.299	-116.299	-4.74365e-06	0	0	0	1.30097	-5.8985	0	7.19947		300	0.30097	-0.00287814	-0.00287814	0.00370248	0	0	0	0.30097	0	-0.426642	-237.002	0	213.464	213.464	-2.13163e-14	12.4428	0	0	0	0	0	0	0	0	0	0	0	0	0	0	0	0	0	0	0	0	0	0	0	0	0	0	0	0	0	0	0	0	0	
1	1	1	180	5.4		300	0	0	-0.009	-0.009	0.00989181	0	0	0	-116.53	-116.53	-4.77506e-06	0	0	0	1.31261	-5.90558	0	7.21819		300	0.302471	-0.00291606	-0.00291606	0.00375127	0	0	0	0.302471	0	-0.426642	-237.002	0	213.464	213.464	-2.13163e-14	12.4428	0	0	0	0	0	0	0	0	0	0	0	0	0	0	0	0	0	0	0	0	0	0	0	0	0	0	0	0	0	0	0	0	0	
1	1	1	181	5.43		300	0	0	-0.00905	-0.00905	0.00995281	0	0	0	-116.76	-116.76	-4.80638e-06	0	0	0	1.32428	-5.91259	0	7.23687		300	0.30397	-0.00295406	-0.00295406	0.00380015	0	0	0	0.30397	0	-0.426642	-237.002	0	213.464	213.464	-2.13163e-14	12.4428	0	0	0	0	0	0	0	0	0	0	0	0	0	0	0	0	0	0	0	0	0	0	0	0	0	0	0	0	0	0	0	0	0	
1	1	1	182	5.46		300	0	0	-0.0091	-0.0091	0.0100138	0	0	0	-116.988	-116.988	-4.83761e-06	0	0	0	1.33596	-5.91954	0	7.2555		300	0.305465	-0.00299213	-0.00299213	0.00384913	0	0	0	0.305465	0	-0.426642	-237.002	0	213.464	213.464	-2.13163e-14	12.4428	0	0	0	0	0	0	0	0	0	0	0	0	0	0	0	0	0	0	0	0	0	0	0	0	0	0	0	0	0	0	0	0	0	
1	1	1	183	5.49		300	0	0	-0.00915	-0.00915	0.0100749	0	0	0	-117.216	-117.216	-4.86875e-06	0	0	0	1.34767	-5.92643	0	7.2741		300	0.306957	-0.00303027	-0.00303027	0.0038982	0	0	0	0.306957	0	-0.426642	-237.002	0	213.464	213.464	-2.13163e-14	12.4428	0	0	0	0	0	0	0	0	0	0	0	0	0	0	0	0	0	0	0	0	0	0	0	0	0	0	0	0	0	0	0	0	0	
1	1	1	184	5.52		300	0	0	-0.0092	-0.0092	0.0101359	0	0	0	-117.441	-117.441	-4.8998e-06	0	0	0	1.35941	-5.93325	0	7.29266		300	0.308446	-0.00306848	-0.00306848	0.00394736	0	0	0	0.308446	0	-0.426642	-237.002	0	213.464	213.464	-2.13163e-14	12.4428	0	0	0	0	0	0	0	0	0	0	0	0	0	0	0	0	0	0	0	0	0	0	0	0	0	0	0	0	0	0	0	0	0	
1	1	1	185	5.55		300	0	0	-0.00925	-0.00925	0.010197	0	0	0	-117.666	-117.666	-4.93075e-06	0	0	0	1.37116	-5.94001	0	7.31118		300	0.309932	-0.00310677	-0.00310677	0.00399661	0	0	0	0.309932	0	-0.426642	-237.002	0	213.464	213.464	-2.13163e-14	12.4428	0	0	0	0	0	0	0	0	0	0	0	0	0	0	0	0	0	0	0	0	0	0	0	0	0	0	0	0	0	0	0	0	0	
1	1	1	186	5.58		300	0	0	-0.0093	-0.0093	0.0102581	0	0	0	-117.889	-117.889	-4.96162e-06	0	0	0	1.38294	-5.94671	0	7.32966		300	0.311414	-0.00314512	-0.00314512	0.00404595	0	0	0	0.311414	0	-0.426642	-237.002	0	213.464	213.464	-2.13163e-14	12.4428	0	0	0	0	0	0	0	0	0	0	0	0	0	0	0	0	0	0	0	0	0	0	0	0	0	0	0	0	0	0	0	0	0	
1	1	1	187	5.61		300	0	0	-0.00935	-0.00935	0.0103192	0	0	0	-118.111	-118.111	-4.99239e-06	0	0	0	1.39474	-5.95335	0	7.34809		300	0.312893	-0.00318354	-0.00318354	0.00409538	0	0	0	0.312893	0	-0.426642	-237.002	0	213.464	213.464	-2.13163e-14	12.4428	0	0	0	0	0	0	0	0	0	0	0	0	0	0	0	0	0	0	0	0	0	0	0	0	0	0	0	0	0	0	0	0	0	
1	1	1	188	5.64		300	0	0	-0.0094	-0.0094	0.0103804	0	0	0	-118.331	-118.331	-5.02308e-06	0	0	0	1.40656	-5.95993	0	7.3665		300	0.31437	-0.00322203	-0.00322203	0.0041449	0	0	0	0.31437	0	-0.426642	-237.002	0	213.464	213.464	-2.13163e-14	12.4428	0	0	0	0	0	0	0	0	0	0	0	0	0	0	0	0	0	0	0	0	0	0	0	0	0	0	0	0	0	0	0	0	0	
1	1	1	189	5.67		300	0	0	-0.00945	-0.00945	0.0104415	0	0	0	-118.55	-118.55	-5.05367e-06	0	0	0	1.41841	-5.96645	0	7.38486		300	0.315843	-0.00326059	-0.00326059	0.0041945	0	0	0	0.315843	0	-0.426642	-237.002	0	213.464	213.464	-2.13163e-14	12.4428	0	0	0	0	0	0	0	0	0	0	0	0	0	0	0	0	0	0	0	0	0	0	0	0	0	0	0	0	0	0	0	0	0	
1	1	1	190	5.7		300	0	0	-0.0095	-0.0095	0.0105027	0	0	0	-118.768	-118.768	-5.08418e-06	0	0	0	1.43027	-5.97291	0	7.40318		300	0.317313	-0.00329921	-0.00329921	0.00424418	0	0	0	0.317313	0	-0.426642	-237.002	0	213.464	213.464	-2.13163e-14	12.4428	0	0	0	0	0	0	0	0	0	0	0	0	0	0	0	0	0	0	0	0	0	0	0	0	0	0	0	0	0	0	0	0	0	
1	1	1	191	5.73		300	0	0	-0.00955	-0.00955	0.0105639	0	0	0	-118.985	-118.985	-5.11459e-06	0	0	0	1.44216	-5.97931	0	7.42147		300	0.31878	-0.00333789	-0.00333789	0.00429395	0	0	0	0.31878	0	-0.426642	-237.002	0	213.464	213.464	-2.13163e-14	12.4428	0	0	0	0	0	0	0	0	0	0	0	0	0	0	0	0	0	0	0	0	0	0	0	0	0	0	0	0	0	0	0	0	0	
1	1	1	192	5.76		300	0	0	-0.0096	-0.0096	0.0106251	0	0	0	-119.2	-119.2	-5.14492e-06	0	0	0	1.45407	-5.98565	0	7.43972		300	0.320244	-0.00337664	-0.00337664	0.0043438	0	0	0	0.320244	0	-0.426642	-237.002	0	213.464	213.464	-2.13163e-14	12.4428	0	0	0	0	0	0	0	0	0	0	0	0	0	0	0	0	0	0	0	0	0	0	0	0	0	0	0	0	0	0	0	0	0	
1	1	1	193	5.79		300	0	0	-0.00965	-0.00965	0.0106863	0	0	0	-119.415	-119.415	-5.17516e-06	0	0	0	1.466	-5.99194	0	7.45794		300	0.321705	-0.00341544	-0.00341544	0.00439373	0	0	0	0.321705	0	-0.426642	-237.002	0	213.464	213.464	-2.13163e-14	12.4428	0	0	0	0	0	0	0	0	0	0	0	0	0	0	0	0	0	0	0	0	0	0	0	0	0	0	0	0	0	0	0	0	0	
1	1	1	194	5.82		300	0	0	-0.0097	-0.0097	0.0107475	0	0	0	-119.628	-119.628	-5.20531e-06	0	0	0	1.47795	-5.99816	0	7.47611		300	0.323164	-0.00345431	-0.00345431	0.00444373	0	0	0	0.323164	0	-0.426642	-237.002	0	213.464	213.464	-2.13163e-14	12.4428	0	0	0	0	0	0	0	0	0	0	0	0	0	0	0	0	0	0	0	0	0	0	0	0	0	0	0	0	0	0	0	0	0	
1	1	1	195	5.85		300	0	0	-0.00975	-0.00975	0.0108088	0	0	0	-119.84	-119.84	-5.23537e-06	0	0	0	1.48993	-6.00433	0	7.49425		300	0.324619	-0.00349325	-0.00349325	0.00449382	0	0	0	0.324619	0	-0.426642	-237.002	0	213.464	213.464	-2.13163e-14	12.4428	0	0	0	0	0	0	0	0	0	0	0	0	0	0	0	0	0	0	0	0	0	0	0	0	0	0	0	0	0	0	0	0	0	
1	1	1	196	5.88		300	0	0	-0.0098	-0.0098	0.0108701	0	0	0	-120.051	-120.051	-5.26535e-06	0	0	0	1.50192	-6.01044	0	7.51236		300	0.326071	-0.00353223	-0.00353223	0.00454398	0	0	0	0.326071	0	-0.426642	-237.002	0	213.464	213.464	-2.13163e-14	12.4428	0	0	0	0	0	0	0	0	0	0	0	0	0	0	0	0	0	0	0	0	0	0	0	0	0	0	0	0	0	0	0	0	0	
1	1	1	197	5.91		300	0	0	-0.00985	-0.00985	0.0109314	0	0	0	-120.261	-120.261	-5.29524e-06	0	0	0	1.51394	-6.01649	0	7.53043		300	0.327521	-0.00357128	-0.00357128	0.00459421	0	0	0	0.327521	0	-0.426642	-237.002	0	213.464	213.464	-2.13163e-14	12.4428	0	0	0	0	0	0	0	0	0	0	0	0	0	0	0	0	0	0	0	0	0	0	0	0	0	0	0	0	0	0	0	0	0	
1	1	1	198	5.94		300	0	0	-0.0099	-0.0099	0.0109927	0	0	0	-120.469	-120.469	-5.32504e-06	0	0	0	1.52597	-6.02249	0	7.54846		300	0.328967	-0.00361039	-0.00361039	0.00464452	0	0	0	0.328967	0	-0.426642	-237.002	0	213.464	213.464	-2.13163e-14	12.4428	0	0	0	0	0	0	0	0	0	0	0	0	0	0	0	0	0	0	0	0	0	0	0	0	0	0	0	0	0	0	0	0	0	
1	1	1	199	5.97		300	0	0	-0.00995	-0.00995	0.011054	0	0	0	-120.677	-120.677	-5.35475e-06	0	0	0	1.53803	-6.02843	0	7.56646		300	0.330411	-0.00364955	-0.00364955	0.00469491	0	0	0	0.330411	0	-0.426642	-237.002	0	213.464	213.464	-2.13163e-14	12.4428	0	0	0	0	0	0	0	0	0	0	0	0	0	0	0	0	0	0	0	0	0	0	0	0	0	0	0	0	0	0	0	0	0	
1	1	1	200	6		300	0	0	-0.01	-0.01	0.0111153	0	0	0	-120.883	-120.883	-5.38438e-06	0	0	0	1.55011	-6.03431	0	7.58442		300	0.331852	-0.00368877	-0.00368877	0.00474536	0	0	0	0.331852	0	-0.426642	-237.002	0	213.464	213.464	-2.13163e-14	12.4428	0	0	0	0	0	0	0	0	0	0	0	0	0	0	0	0	0	0	0	0	0	0	0	0	0	0	0	0	0	0	0	0	0	
1	1	1	201	6.03		300	0	0	-0.01005	-0.01005	0.0111767	0	0	0	-121.089	-121.089	-5.41393e-06	0	0	0	1.56221	-6.04014	0	7.60235		300	0.33329	-0.00372804	-0.00372804	0.00479589	0	0	0	0.33329	0	-0.426642	-237.002	0	213.464	213.464	-2.13163e-14	12.4428	0	0	0	0	0	0	0	0	0	0	0	0	0	0	0	0	0	0	0	0	0	0	0	0	0	0	0	0	0	0	0	0	0	
1	1	1	202	6.06		300	0	0	-0.0101	-0.0101	0.011238	0	0	0	-121.293	-121.293	-5.44338e-06	0	0	0	1.57433	-6.04592	0	7.62024		300	0.334726	-0.00376737	-0.00376737	0.00484648	0	0	0	0.334726	0	-0.426642	-237.002	0	213.464	213.464	-2.13163e-14	12.4428	0	0	0	0	0	0	0	0	0	0	0	0	0	0	0	0	0	0	0	0	0	0	0	0	0	0	0	0	0	0	0	0	0	
1	1	1	203	6.09		300	0	0	-0.01015	-0.01015	0.0112994	0	0	0	-121.497	-121.497	-5.47276e-06	0	0	0	1.58647	-6.05164	0	7.6381		300	0.336159	-0.00380675	-0.00380675	0.00489715	0	0	0	0.336159	0	-0.426642	-237.002	0	213.464	213.464	-2.13163e-14	12.4428	0	0	0	0	0	0	0	0	0	0	0	0	0	0	0	0	0	0	0	0	0	0	0	0	0	0	0	0	0	0	0	0	0	
1	1	1	204	6.12		300	0	0	-0.0102	-0.0102	0.0113608	0	0	0	-121.699	-121.699	-5.50205e-06	0	0	0	1.59862	-6.05731	0	7.65593		300	0.337589	-0.00384619	-0.00384619	0.00494788	0	0	0	0.337589	0	-0.426642	-237.002	0	213.464	213.464	-2.13163e-14	12.4428	0	0	0	0	0	0	0	0	0	0	0	0	0	0	0	0	0	0	0	0	0	0	0	0	0	0	0	0	0	0	0	0	0	
1	1	1	205	6.15		300	0	0	-0.01025	-0.01025	0.0114222	0	0	0	-121.9	-121.9	-5.53125e-06	0	0	0	1.6108	-6.06292	0	7.67372		300	0.339016	-0.00388567	-0.00388567	0.00499868	0	0	0	0.339016	0	-0.426642	-237.002	0	213.464	213.464	-2.13163e-14	12.4428	0	0	0	0	0	0	0	0	0	0	0	0	0	0	0	0	0	0	0	0	0	0	0	0	0	0	0	0	0	0	0	0	0	
1	1	1	206	6.18		300	0	0	-0.0103	-0.0103	0.0114837	0	0	0	-122.101	-122.101	-5.56037e-06	0	0	0	1.623	-6.06848	0	7.69148		300	0.340441	-0.00392521	-0.00392521	0.00504955	0	0	0	0.340441	0	-0.426642	-237.002	0	213.464	213.464	-2.13163e-14	12.4428	0	0	0	0	0	0	0	0	0	0	0	0	0	0	0	0	0	0	0	0	0	0	0	0	0	0	0	0	0	0	0	0	0	
1	1	1	207	6.21		300	0	0	-0.01035	-0.01035	0.0115451	0	0	0	-122.3	-122.3	-5.58941e-06	0	0	0	1.63523	-6.07398	0	7.70921		300	0.341863	-0.0039648	-0.0039648	0.00510048	0	0	0	0.341863	0	-0.426642	-237.002	0	213.464	213.464	-2.13163e-14	12.4428	0	0	0	0	0	0	0	0	0	0	0	0	0	0	0	0	0	0	0	0	0	0	0	0	0	0	0	0	0	0	0	0	0	
1	1	1	208	6.24		300	0	0	-0.0104	-0.0104	0.0116065	0	0	0	-122.499	-122.499	-5.61836e-06	0	0	0	1.64746	-6.07944	0	7.7269		300	0.343282	-0.00400444	-0.00400444	0.00515147	0	0	0	0.343282	0	-0.426642	-237.002	0	213.464	213.464	-2.13163e-14	12.4428	0	0	0	0	0	0	0	0	0	0	0	0	0	0	0	0	0	0	0	0	0	0	0	0	0	0	0	0	0	0	0	0	0	
1	1	1	209	6.27		300	0	0	-0.01045	-0.01045	0.011668	0	0	0	-122.696	-122.696	-5.64724e-06	0	0	0	1.65972	-6.08484	0	7.74456		300	0.344699	-0.00404412	-0.00404412	0.00520253	0	0	0	0.344699	0	-0.426642	-237.002	0	213.464	213.464	-2.13163e-14	12.4428	0	0	0	0	0	0	0	0	0	0	0	0	0	0	0	0	0	0	0	0	0	0	0	0	0	0	0	0	0	0	0	0	0	
1	1	1	210	6.3		300	0	0	-0.0105	-0.0105	0.0117295	0	0	0	-122.893	-122.893	-5.67602e-06	0	0	0	1.672	-6.09019	0	7.76219		300	0.346113	-0.00408386	-0.00408386	0.00525365	0	0	0	0.346113	0	-0.426642	-237.002	0	213.464	213.464	-2.13163e-14	12.4428	0	0	0	0	0	0	0	0	0	0	0	0	0	0	0	0	0	0	0	0	0	0	0	0	0	0	0	0	0	0	0	0	0	
1	1	1	211	6.33		300	0	0	-0.01055	-0.01055	0.011791	0	0	0	-123.089	-123.089	-5.70473e-06	0	0	0	1.6843	-6.09549	0	7.77979		300	0.347524	-0.00412364	-0.00412364	0.00530483	0	0	0	0.347524	0	-0.426642	-237.002	0	213.464	213.464	-2.13163e-14	12.4428	0	0	0	0	0	0	0	0	0	0	0	0	0	0	0	0	0	0	0	0	0	0	0	0	0	0	0	0	0	0	0	0	0	
1	1	1	212	6.36		300	0	0	-0.0106	-0.0106	0.0118525	0	0	0	-123.283	-123.283	-5.73336e-06	0	0	0	1.69662	-6.10073	0	7.79735		300	0.348933	-0.00416347	-0.00416347	0.00535607	0	0	0	0.348933	0	-0.426642	-237.002	0	213.464	213.464	-2.13163e-14	12.4428	0	0	0	0	0	0	0	0	0	0	0	0	0	0	0	0	0	0	0	0	0	0	0	0	0	0	0	0	0	0	0	0	0	
1	1	1	213	6.39		300	0	0	-0.01065	-0.01065	0.011914	0	0	0	-123.477	-123.477	-5.7619e-06	0	0	0	1.70896	-6.10593	0	7.81489		300	0.35034	-0.00420335	-0.00420335	0.00540738	0	0	0	0.35034	0	-0.426642	-237.002	0	213.464	213.464	-2.13163e-14	12.4428	0	0	0	0	0	0	0	0	0	0	0	0	0	0	0	0	0	0	0	0	0	0	0	0	0	0	0	0	0	0	0	0	0	
1	1	1	214	6.42		300	0	0	-0.0107	-0.0107	0.0119755	0	0	0	-123.67	-123.67	-5.79036e-06	0	0	0	1.72132	-6.11107	0	7.83239		300	0.351744	-0.00424327	-0.00424327	0.00545874	0	0	0	0.351744	0	-0.426642	-237.002	0	213.464	213.464	-2.13163e-14	12.4428	0	0	0	0	0	0	0	0	0	0	0	0	0	0	0	0	0	0	0	0	0	0	0	0	0	0	0	0	0	0	0	0	0	
1	1	1	215	6.45		300	0	0	-0.01075	-0.01075	0.0120371	0	0	0	-123.862	-123.862	-5.81875e-06	0	0	0	1.73369	-6.11616	0	7.84986		300	0.353145	-0.00428324	-0.00428324	0.00551016	0	0	0	0.353145	0	-0.426642	-237.002	0	213.464	213.464	-2.13163e-14	12.4428	0	0	0	0	0	0	0	0	0	0	0	0	0	0	0	0	0	0	0	0	0	0	0	0	0	0	0	0	0	0	0	0	0	
1	1	1	216	6.48		300	0	0	-0.0108	-0.0108	0.0120986	0	0	0	-124.054	-124.054	-5.84705e-06	0	0	0	1.74609	-6.12121	0	7.8673		300	0.354544	-0.00432326	-0.00432326	0.00556163	0	0	0	0.354544	0	-0.426642	-237.002	0	213.464	213.464	-2.13163e-14	12.4428	0	0	0	0	0	0	0	0	0	0	0	0	0	0	0	0	0	0	0	0	0	0	0	0	0	0	0	0	0	0	0	0	0	
1	1	1	217	6.51		300	0	0	-0.01085	-0.01085	0.0121602	0	0	0	-124.244	-124.244	-5.87527e-06	0	0	0	1.7585	-6.1262	0	7.88471		300	0.35594	-0.00436331	-0.00436331	0.00561317	0	0	0	0.35594	0	-0.426642	-237.002	0	213.464	213.464	-2.13163e-14	12.4428	0	0	0	0	0	0	0	0	0	0	0	0	0	0	0	0	0	0	0	0	0	0	0	0	0	0	0	0	0	0	0	0	0	
1	1	1	218	6.54		300	0	0	-0.0109	-0.0109	0.0122218	0	0	0	-124.434	-124.434	-5.90341e-06	0	0	0	1.77094	-6.13115	0	7.90208		300	0.357334	-0.00440342	-0.00440342	0.00566476	0	0	0	0.357334	0	-0.426642	-237.002	0	213.464	213.464	-2.13163e-14	12.4428	0	0	0	0	0	0	0	0	0	0	0	0	0	0	0	0	0	0	0	0	0	0	0	0	0	0	0	0	0	0	0	0	0	
1	1	1	219	6.57		300	0	0	-0.01095	-0.01095	0.0122834	0	0	0	-124.622	-124.622	-5.93147e-06	0	0	0	1.78339	-6.13604	0	7.91943		300	0.358726	-0.00444356	-0.00444356	0.0057164	0	0	0	0.358726	0	-0.426642	-237.002	0	213.464	213.464	-2.13163e-14	12.4428	0	0	0	0	0	0	0	0	0	0	0	0	0	0	0	0	0	0	0	0	0	0	0	0	0	0	0	0	0	0	0	0	0	
1	1	1	220	6.6		300	0	0	-0.011	-0.011	0.012345	0	0	0	-124.81	-124.81	-5.95946e-06	0	0	0	1.79586	-6.14089	0	7.93675		300	0.360115	-0.00448375	-0.00448375	0.0057681	0	0	0	0.360115	0	-0.426642	-237.002	0	213.464	213.464	-2.13163e-14	12.4428	0	0	0	0	0	0	0	0	0	0	0	0	0	0	0	0	0	0	0	0	0	0	0	0	0	0	0	0	0	0	0	0	0	
1	1	1	221	6.63		300	0	0	-0.01105	-0.01105	0.0124066	0	0	0	-124.998	-124.998	-5.98736e-06	0	0	0	1.80835	-6.14569	0	7.95404		300	0.361502	-0.00452397	-0.00452397	0.00581986	0	0	0	0.361502	0	-0.426642	-237.002	0	213.464	213.464	-2.13163e-14	12.4428	0	0	0	0	0	0	0	0	0	0	0	0	0	0	0	0	0	0	0	0	0	0	0	0	0	0	0	0	0	0	0	0	0	
1	1	1	222	6.66		300	0	0	-0.0111	-0.0111	0.0124682	0	0	0	-125.184	-125.184	-6.01519e-06	0	0	0	1.82086	-6.15043	0	7.9713		300	0.362886	-0.00456424	-0.00456424	0.00587166	0	0	0	0.362886	0	-0.426642	-237.002	0	213.464	213.464	-2.13163e-14	12.4428	0	0	0	0	0	0	0	0	0	0	0	0	0	0	0	0	0	0	0	0	0	0	0	0	0	0	0	0	0	0	0	0	0	
1	1	1	223	6.69		300	0	0	-0.01115	-0.01115	0.0125299	0	0	0	-125.37	-125.37	-6.04294e-06	0	0	0	1.83339	-6.15514	0	7.98853		300	0.364268	-0.00460455	-0.00460455	0.00592352	0	0	0	0.364268	0	-0.426642	-237.002	0	213.464	213.464	-2.13163e-14	12.4428	0	0	0	0	0	0	0	0	0	0	0	0	0	0	0	0	0	0	0	0	0	0	0	0	0	0	0	0	0	0	0	0	0	
1	1	1	224	6.72		300	0	0	-0.0112	-0.0112	0.0125915	0	0	0	-125.554	-125.554	-6.07061e-06	0	0	0	1.84594	-6.15979	0	8.00572		300	0.365648	-0.0046449	-0.0046449	0.00597543	0	0	0	0.365648	0	-0.426642	-237.002	0	213.464	213.464	-2.13163e-14	12.4428	0	0	0	0	0	0	0	0	0	0	0	0	0	0	0	0	0	0	0	0	0	0	0	0	0	0	0	0	0	0	0	0	0	
1	1	1	225	6.75		300	0	0	-0.01125	-0.01125	0.0126532	0	0	0	-125.738	-125.738	-6.0982e-06	0	0	0	1.8585	-6.16439	0	8.0229		300	0.367025	-0.00468529	-0.00468529	0.00602739	0	0	0	0.367025	0	-0.426642	-237.002	0	213.464	213.464	-2.13163e-14	12.4428	0	0	0	0	0	0	0	0	0	0	0	0	0	0	0	0	0	0	0	0	0	0	0	0	0	0	0	0	0	0	0	0	0	
1	1	1	226	6.78		300	0	0	-0.0113	-0.0113	0.0127149	0	0	0	-125.922	-125.922	-6.12572e-06	0	0	0	1.87108	-6.16895	0	8.04004		300	0.3684	-0.00472572	-0.00472572	0.00607941	0	0	0	0.3684	0	-0.426642	-237.002	0	213.464	213.464	-2.13163e-14	12.4428	0	0	0	0	0	0	0	0	0	0	0	0	0	0	0	0	0	0	0	0	0	0	0	0	0	0	0	0	0	0	0	0	0	
1	1	1	227	6.81		300	0	0	-0.01135	-0.01135	0.0127765	0	0	0	-126.104	-126.104	-6.15316e-06	0	0	0	1.88369	-6.17346	0	8.05715		300	0.369773	-0.00476619	-0.00476619	0.00613147	0	0	0	0.369773	0	-0.426642	-237.002	0	213.464	213.464	-2.13163e-14	12.4428	0	0	0	0	0	0	0	0	0	0	0	0	0	0	0	0	0	0	0	0	0	0	0	0	0	0	0	0	0	0	0	0	0	
1	1	1	228	6.84		300	0	0	-0.0114	-0.0114	0.0128382	0	0	0	-126.286	-126.286	-6.18052e-06	0	0	0	1.8963	-6.17793	0	8.07423		300	0.371143	-0.0048067	-0.0048067	0.00618358	0	0	0	0.371143	0	-0.426642	-237.002	0	213.464	213.464	-2.13163e-14	12.4428	0	0	0	0	0	0	0	0	0	0	0	0	0	0	0	0	0	0	0	0	0	0	0	0	0	0	0	0	0	0	0	0	0	
1	1	1	229	6.87		300	0	0	-0.01145	-0.01145	0.0128999	0	0	0	-126.467	-126.467	-6.20781e-06	0	0	0	1.90894	-6.18235	0	8.09129		300	0.372511	-0.00484724	-0.00484724	0.00623574	0	0	0	0.372511	0	-0.426642	-237.002	0	213.464	213.464	-2.13163e-14	12.4428	0	0	0	0	0	0	0	0	0	0	0	0	0	0	0	0	0	0	0	0	0	0	0	0	0	0	0	0	0	0	0	0	0	
1	1	1	230	6.9		300	0	0	-0.0115	-0.0115	0.0129617	0	0	0	-126.648	-126.648	-6.23502e-06	0	0	0	1.9216	-6.18672	0	8.10832		300	0.373877	-0.00488782	-0.00488782	0.00628795	0	0	0	0.373877	0	-0.426642	-237.002	0	213.464	213.464	-2.13163e-14	12.4428	0	0	0	0	0	0	0	0	0	0	0	0	0	0	0	0	0	0	0	0	0	0	0	0	0	0	0	0	0	0	0	0	0	
1	1	1	231	6.93		300	0	0	-0.01155	-0.01155	0.0130234	0	0	0	-126.827	-126.827	-6.26216e-06	0	0	0	1.93427	-6.19104	0	8.12532		300	0.37524	-0.00492844	-0.00492844	0.0063402	0	0	0	0.37524	0	-0.426642	-237.002	0	213.464	213.464	-2.13163e-14	12.4428	0	0	0	0	0	0	0	0	0	0	0	0	0	0	0	0	0	0	0	0	0	0	0	0	0	0	0	0	0	0	0	0	0	
1	1	1	232	6.96		300	0	0	-0.0116	-0.0116	0.0130851	0	0	0	-127.006	-127.006	-6.28922e-06	0	0	0	1.94696	-6.19533	0	8.14229		300	0.376602	-0.00496909	-0.00496909	0.0063925	0	0	0	0.376602	0	-0.426642	-237.002	0	213.464	213.464	-2.13163e-14	12.4428	0	0	0	0	0	0	0	0	0	0	0	0	0	0	0	0	0	0	0	0	0	0	0	0	0	0	0	0	0	0	0	0	0	
1	1	1	233	6.99		300	0	0	-0.01165	-0.01165	0.0131469	0	0	0	-127.185	-127.185	-6.31621e-06	0	0	0	1.95967	-6.19956	0	8.15923		300	0.377961	-0.00500978	-0.00500978	0.00644485	0	0	0	0.377961	0	-0.426642	-237.002	0	213.464	213.464	-2.13163e-14	12.4428	0	0	0	0	0	0	0	0	0	0	0	0	0	0	0	0	0	0	0	0	0	0	0	0	0	0	0	0	0	0	0	0	0	
1	1	1	234	7.02		300	0	0	-0.0117	-0.0117	0.0132086	0	0	0	-127.362	-127.362	-6.34312e-06	0	0	0	1.9724	-6.20375	0	8.17615		300	0.379318	-0.00505051	-0.00505051	0.00649724	0	0	0	0.379318	0	-0.426642	-237.002	0	213.464	213.464	-2.13163e-14	12.4428	0	0	0	0	0	0	0	0	0	0	0	0	0	0	0	0	0	0	0	0	0	0	0	0	0	0	0	0	0	0	0	0	0	
1	1	1	235	7.05		300	0	0	-0.01175	-0.01175	0.0132704	0	0	0	-127.539	-127.539	-6.36996e-06	0	0	0	1.98515	-6.20789	0	8.19304		300	0.380672	-0.00509127	-0.00509127	0.00654968	0	0	0	0.380672	0	-0.426642	-237.002	0	213.464	213.464	-2.13163e-14	12.4428	0	0	0	0	0	0	0	0	0	0	0	0	0	0	0	0	0	0	0	0	0	0	0	0	0	0	0	0	0	0	0	0	0	
1	1	1	236	7.08		300	0	0	-0.0118	-0.0118	0.0133321	0	0	0	-127.716	-127.716	-6.39673e-06	0	0	0	1.99791	-6.21199	0	8.2099		300	0.382025	-0.00513206	-0.00513206	0.00660216	0	0	0	0.382025	0	-0.426642	-237.002	0	213.464	213.464	-2.13163e-14	12.4428	0	0	0	0	0	0	0	0	0	0	0	0	0	0	0	0	0	0	0	0	0	0	0	0	0	0	0	0	0	0	0	0	0	
1	1	1	237	7.11		300	0	0	-0.01185	-0.01185	0.0133939	0	0	0	-127.891	-127.891	-6.42342e-06	0	0	0	2.01069	-6.21605	0	8.22674		300	0.383375	-0.00517289	-0.00517289	0.00665469	0	0	0	0.383375	0	-0.426642	-237.002	0	213.464	213.464	-2.13163e-14	12.4428	0	0	0	0	0	0	0	0	0	0	0	0	0	0	0	0	0	0	0	0	0	0	0	0	0	0	0	0	0	0	0	0	0	
1	1	1	238	7.14		300	0	0	-0.0119	-0.0119	0.0134557	0	0	0	-128.066	-128.066	-6.45004e-06	0	0	0	2.02349	-6.22006	0	8.24355		300	0.384724	-0.00521375	-0.00521375	0.00670726	0	0	0	0.384724	0	-0.426642	-237.002	0	213.464	213.464	-2.13163e-14	12.4428	0	0	0	0	0	0	0	0	0	0	0	0	0	0	0	0	0	0	0	0	0	0	0	0	0	0	0	0	0	0	0	0	0	
1	1	1	239	7.17		300	0	0	-0.01195	-0.01195	0.0135175	0	0	0	-128.241	-128.241	-6.47659e-06	0	0	0	2.0363	-6.22403	0	8.26033		300	0.38607	-0.00525465	-0.00525465	0.00675987	0	0	0	0.38607	0	-0.426642	-237.002	0	213.464	213.464	-2.13163e-14	12.4428	0	0	0	0	0	0	0	0	0	0	0	0	0	0	0	0	0	0	0	0	0	0	0	0	0	0	0	0	0	0	0	0	0	
1	1	1	240	7.2		300	0	0	-0.012	-0.012	0.0135793	0	0	0	-128.415	-128.415	-6.50306e-06	0	0	0	2.04913	-6.22795	0	8.27709		300	0.387414	-0.00529558	-0.00529558	0.00681253	0	0	0	0.387414	0	-0.426642	-237.002	0	213.464	213.464	-2.13163e-14	12.4428	0	0	0	0	0	0	0	0	0	0	0	0	0	0	0	0	0	0	0	0	0	0	0	0	0	0	0	0	0	0	0	0	0	
1	1	1	241	7.23		300	0	0	-0.01205	-0.01205	0.0136411	0	0	0	-128.588	-128.588	-6.52946e-06	0	0	0	2.06198	-6.23183	0	8.29382		300	0.388755	-0.00533654	-0.00533654	0.00686522	0	0	0	0.388755	0	-0.426642	-237.002	0	213.464	213.464	-2.13163e-14	12.4428	0	0	0	0	0	0	0	0	0	0	0	0	0	0	0	0	0	0	0	0	0	0	0	0	0	0	0	0	0	0	0	0	0	
1	1	1	242	7.26		300	0	0	-0.0121	-0.0121	0.013703	0	0	0	-128.76	-128.76	-6.55579e-06	0	0	0	2.07485	-6.23567	0	8.31052		300	0.390095	-0.00537753	-0.00537753	0.00691796	0	0	0	0.390095	0	-0.426642	-237.002	0	213.464	213.464	-2.13163e-14	12.4428	0	0	0	0	0	0	0	0	0	0	0	0	0	0	0	0	0	0	0	0	0	0	0	0	0	0	0	0	0	0	0	0	0	
1	1	1	243	7.29		300	0	0	-0.01215	-0.01215	0.0137648	0	0	0	-128.932	-128.932	-6.58205e-06	0	0	0	2.08774	-6.23946	0	8.3272		300	0.391433	-0.00541856	-0.00541856	0.00697074	0	0	0	0.391433	0	-0.426642	-237.002	0	213.464	213.464	-2.13163e-14	12.4428	0	0	0	0	0	0	0	0	0	0	0	0	0	0	0	0	0	0	0	0	0	0	0	0	0	0	0	0	0	0	0	0	0	
1	1	1	244	7.32		300	0	0	-0.0122	-0.0122	0.0138267	0	0	0	-129.103	-129.103	-6.60823e-06	0	0	0	2.10064	-6.24321	0	8.34385		300	0.392769	-0.00545962	-0.00545962	0.00702356	0	0	0	0.392769	0	-0.426642	-237.002	0	213.464	213.464	-2.13163e-14	12.4428	0	0	0	0	0	0	0	0	0	0	0	0	0	0	0	0	0	0	0	0	0	0	0	0	0	0	0	0	0	0	0	0	0	
1	1	1	245	7.35		300	0	0	-0.01225	-0.01225	0.0138885	0	0	0	-129.274	-129.274	-6.63435e-06	0	0	0	2.11356	-6.24692	0	8.36047		300	0.394102	-0.0055007	-0.0055007	0.00707642	0	0	0	0.394102	0	-0.426642	-237.002	0	213.464	213.464	-2.13163e-14	12.4428	0	0	0	0	0	0	0	0	0	0	0	0	0	0	0	0	0	0	0	0	0	0	0	0	0	0	0	0	0	0	0	0	0	
1	1	1	246	7.38		300	0	0	-0.0123	-0.0123	0.0139504	0	0	0	-129.444	-129.444	-6.66039e-06	0	0	0	2.12649	-6.25058	0	8.37708		300	0.395434	-0.00554182	-0.00554182	0.00712931	0	0	0	0.395434	0	-0.426642	-237.002	0	213.464	213.464	-2.13163e-14	12.4428	0	0	0	0	0	0	0	0	0	0	0	0	0	0	0	0	0	0	0	0	0	0	0	0	0	0	0	0	0	0	0	0	0	
1	1	1	247	7.41		300	0	0	-0.01235	-0.01235	0.0140122	0	0	0	-129.614	-129.614	-6.68637e-06	0	0	0	2.13945	-6.2542	0	8.39365		300	0.396763	-0.00558297	-0.00558297	0.00718225	0	0	0	0.396763	0	-0.426642	-237.002	0	213.464	213.464	-2.13163e-14	12.4428	0	0	0	0	0	0	0	0	0	0	0	0	0	0	0	0	0	0	0	0	0	0	0	0	0	0	0	0	0	0	0	0	0	
1	1	1	248	7.44		300	0	0	-0.0124	-0.0124	0.0140741	0	0	0	-129.783	-129.783	-6.71227e-06	0	0	0	2.15242	-6.25778	0	8.4102		300	0.398091	-0.00562415	-0.00562415	0.00723523	0	0	0	0.398091	0	-0.426642	-237.002	0	213.464	213.464	-2.13163e-14	12.4428	0	0	0	0	0	0	0	0	0	0	0	0	0	0	0	0	0	0	0	0	0	0	0	0	0	0	0	0	0	0	0	0	0	
1	1	1	249	7.47		300	0	0	-0.01245	-0.01245	0.014136	0	0	0	-129.951	-129.951	-6.73811e-06	0	0	0	2.1654	-6.26132	0	8.42673		300	0.399416	-0.00566536	-0.00566536	0.00728824	0	0	0	0.399416	0	-0.426642	-237.002	0	213.464	213.464	-2.13163e-14	12.4428	0	0	0	0	0	0	0	0	0	0	0	0	0	0	0	0	0	0	0	0	0	0	0	0	0	0	0	0	0	0	0	0	0	
1	1	1	250	7.5		300	0	0	-0.0125	-0.0125	0.0141979	0	0	0	-130.119	-130.119	-6.76387e-06	0	0	0	2.17841	-6.26482	0	8.44323		300	0.400739	-0.00570659	-0.00570659	0.00734129	0	0	0	0.400739	0	-0.426642	-237.002	0	213.464	213.464	-2.13163e-14	12.4428	0	0	0	0	0	0	0	0	0	0	0	0	0	0	0	0	0	0	0	0	0	0	0	0	0	0	0	0	0	0	0	0	0	
1	1	1	251	7.53		300	0	0	-0.01255	-0.01255	0.0142598	0	0	0	-130.286	-130.286	-6.78957e-06	0	0	0	2.19143	-6.26828	0	8.4597		300	0.402061	-0.00574786	-0.00574786	0.00739438	0	0	0	0.402061	0	-0.426642	-237.002	0	213.464	213.464	-2.13163e-14	12.4428	0	0	0	0	0	0	0	0	0	0	0	0	0	0	0	0	0	0	0	0	0	0	0	0	0	0	0	0	0	0	0	0	0	
1	1	1	252	7.56		300	0	0	-0.0126	-0.0126	0.0143217	0	0	0	-130.453	-130.453	-6.81519e-06	0	0	0	2.20446	-6.27169	0	8.47615		300	0.40338	-0.00578915	-0.00578915	0.0074475	0	0	0	0.40338	0	-0.426642	-237.002	0	213.464	213.464	-2.13163e-14	12.4428	0	0	0	0	0	0	0	0	0	0	0	0	0	0	0	0	0	0	0	0	0	0	0	0	0	0	0	0	0	0	0	0	0	
1	1	1	253	7.59		300	0	0	-0.01265	-0.01265	0.0143836	0	0	0	-130.619	-130.619	-6.84075e-06	0	0	0	2.21752	-6.27506	0	8.49258		300	0.404698	-0.00583048	-0.00583048	0.00750066	0	0	0	0.404698	0	-0.426642	-237.002	0	213.464	213.464	-2.13163e-14	12.4428	0	0	0	0	0	0	0	0	0	0	0	0	0	0	0	0	0	0	0	0	0	0	0	0	0	0	0	0	0	0	0	0	0	
1	1	1	254	7.62		300	0	0	-0.0127	-0.0127	0.0144456	0	0	0	-130.785	-130.785	-6.86624e-06	0	0	0	2.23059	-6.27839	0	8.50898		300	0.406013	-0.00587183	-0.00587183	0.00755386	0	0	0	0.406013	0	-0.426642	-237.002	0	213.464	213.464	-2.13163e-14	12.4428	0	0	0	0	0	0	0	0	0	0	0	0	0	0	0	0	0	0	0	0	0	0	0	0	0	0	0	0	0	0	0	0	0	
1	1	1	255	7.65		300	0	0	-0.01275	-0.01275	0.0145075	0	0	0	-130.95	-130.95	-6.89166e-06	0	0	0	2.24367	-6.28169	0	8.52536		300	0.407327	-0.0059132	-0.0059132	0.00760709	0	0	0	0.407327	0	-0.426642	-237.002	0	213.464	213.464	-2.13163e-14	12.4428	0	0	0	0	0	0	0	0	0	0	0	0	0	0	0	0	0	0	0	0	0	0	0	0	0	0	0	0	0	0	0	0	0	
1	1	1	256	7.68		300	0	0	-0.0128	-0.0128	0.0145694	0	0	0	-131.115	-131.115	-6.91701e-06	0	0	0	2.25678	-6.28494	0	8.54171		300	0.408639	-0.00595461	-0.00595461	0.00766036	0	0	0	0.408639	0	-0.426642	-237.002	0	213.464	213.464	-2.13163e-14	12.4428	0	0	0	0	0	0	0	0	0	0	0	0	0	0	0	0	0	0	0	0	0	0	0	0	0	0	0	0	0	0	0	0	0	
1	1	1	257	7.71		300	0	0	-0.01285	-0.01285	0.0146314	0	0	0	-131.279	-131.279	-6.9423e-06	0	0	0	2.2699	-6.28815	0	8.55804		300	0.409948	-0.00599604	-0.00599604	0.00771366	0	0	0	0.409948	0	-0.426642	-237.002	0	213.464	213.464	-2.13163e-14	12.4428	0	0	0	0	0	0	0	0	0	0	0	0	0	0	0	0	0	0	0	0	0	0	0	0	0	0	0	0	0	0	0	0	0	
1	1	1	258	7.74		300	0	0	-0.0129	-0.0129	0.0146934	0	0	0	-131.442	-131.442	-6.96752e-06	0	0	0	2.28303	-6.29132	0	8.57435		300	0.411256	-0.0060375	-0.0060375	0.00776699	0	0	0	0.411256	0	-0.426642	-237.002	0	213.464	213.464	-2.13163e-14	12.4428	0	0	0	0	0	0	0	0	0	0	0	0	0	0	0	0	0	0	0	0	0	0	0	0	0	0	0	0	0	0	0	0	0	
1	1	1	259	7.77		300	0	0	-0.01295	-0.01295	0.0147553	0	0	0	-131.605	-131.605	-6.99267e-06	0	0	0	2.29619	-6.29445	0	8.59063		300	0.412562	-0.00607898	-0.00607898	0.00782036	0	0	0	0.412562	0	-0.426642	-237.002	0	213.464	213.464	-2.13163e-14	12.4428	0	0	0	0	0	0	0	0	0	0	0	0	0	0	0	0	0	0	0	0	0	0	0	0	0	0	0	0	0	0	0	0	0	
1	1	1	260	7.8		300	0	0	-0.013	-0.013	0.0148173	0	0	0	-131.768	-131.768	-7.01775e-06	0	0	0	2.30935	-6.29754	0	8.60689		300	0.413866	-0.0061205	-0.0061205	0.00787377	0	0	0	0.413866	0	-0.426642	-237.002	0	213.464	213.464	-2.13163e-14	12.4428	0	0	0	0	0	0	0	0	0	0	0	0	0	0	0	0	0	0	0	0	0	0	0	0	0	0	0	0	0	0	0	0	0	
1	1	1	261	7.83		300	0	0	-0.01305	-0.01305	0.0148793	0	0	0	-131.93	-131.93	-7.04277e-06	0	0	0	2.32254	-6.30059	0	8.62313		300	0.415168	-0.00616203	-0.00616203	0.0079272	0	0	0	0.415168	0	-0.426642	-237.002	0	213.464	213.464	-2.13163e-14	12.4428	0	0	0	0	0	0	0	0	0	0	0	0	0	0	0	0	0	0	0	0	0	0	0	0	0	0	0	0	0	0	0	0	0	
1	1	1	262	7.86		300	0	0	-0.0131	-0.0131	0.0149412	0	0	0	-132.092	-132.092	-7.06772e-06	0	0	0	2.33574	-6.3036	0	8.63934		300	0.416469	-0.00620359	-0.00620359	0.00798067	0	0	0	0.416469	0	-0.426642	-237.002	0	213.464	213.464	-2.13163e-14	12.4428	0	0	0	0	0	0	0	0	0	0	0	0	0	0	0	0	0	0	0	0	0	0	0	0	0	0	0	0	0	0	0	0	0	
1	1	1	263	7.89		300	0	0	-0.01315	-0.01315	0.0150032	0	0	0	-132.253	-132.253	-7.09261e-06	0	0	0	2.34896	-6.30657	0	8.65553		300	0.417767	-0.00624518	-0.00624518	0.00803417	0	0	0	0.417767	0	-0.426642	-237.002	0	213.464	213.464	-2.13163e-14	12.4428	0	0	0	0	0	0	0	0	0	0	0	0	0	0	0	0	0	0	0	0	0	0	0	0	0	0	0	0	0	0	0	0	0	
1	1	1	264	7.92		300	0	0	-0.0132	-0.0132	0.0150652	0	0	0	-132.414	-132.414	-7.11743e-06	0	0	0	2.36219	-6.3095	0	8.67169		300	0.419064	-0.00628679	-0.00628679	0.0080877	0	0	0	0.419064	0	-0.426642	-237.002	0	213.464	213.464	-2.13163e-14	12.4428	0	0	0	0	0	0	0	0	0	0	0	0	0	0	0	0	0	0	0	0	0	0	0	0	0	0	0	0	0	0	0	0	0	
1	1	1	265	7.95		300	0	0	-0.01325	-0.01325	0.0151272	0	0	0	-132.574	-132.574	-7.14218e-06	0	0	0	2.37544	-6.3124	0	8.68784		300	0.420358	-0.00632843	-0.00632843	0.00814127	0	0	0	0.420358	0	-0.426642	-237.002	0	213.464	213.464	-2.13163e-14	12.4428	0	0	0	0	0	0	0	0	0	0	0	0	0	0	0	0	0	0	0	0	0	0	0	0	0	0	0	0	0	0	0	0	0	
1	1	1	266	7.98		300	0	0	-0.0133	-0.0133	0.0151893	0	0	0	-132.733	-132.733	-7.16687e-06	0	0	0	2.38871	-6.31525	0	8.70396		300	0.421651	-0.00637009	-0.00637009	0.00819486	0	0	0	0.421651	0	-0.426642	-237.002	0	213.464	213.464	-2.13163e-14	12.4428	0	0	0	0	0	0	0	0	0	0	0	0	0	0	0	0	0	0	0	0	0	0	0	0	0	0	0	0	0	0	0	0	0	
1	1	1	267	8.01		300	0	0	-0.01335	-0.01335	0.0152513	0	0	0	-132.893	-132.893	-7.19149e-06	0	0	0	2.40199	-6.31807	0	8.72006		300	0.422942	-0.00641177	-0.00641177	0.00824849	0	0	0	0.422942	0	-0.426642	-237.002	0	213.464	213.464	-2.13163e-14	12.4428	0	0	0	0	0	0	0	0	0	0	0	0	0	0	0	0	0	0	0	0	0	0	0	0	0	0	0	0	0	0	0	0	0	
1	1	1	268	8.04		300	0	0	-0.0134	-0.0134	0.0153133	0	0	0	-133.052	-133.052	-7.21605e-06	0	0	0	2.41528	-6.32085	0	8.73613		300	0.424232	-0.00645348	-0.00645348	0.00830215	0	0	0	0.424232	0	-0.426642	-237.002	0	213.464	213.464	-2.13163e-14	12.4428	0	0	0	0	0	0	0	0	0	0	0	0	0	0	0	0	0	0	0	0	0	0	0	0	0	0	0	0	0	0	0	0	0	
1	1	1	269	8.07		300	0	0	-0.01345	-0.01345	0.0153753	0	0	0	-133.21	-133.21	-7.24054e-06	0	0	0	2.4286	-6.32359	0	8.75218		300	0.425519	-0.00649521	-0.00649521	0.00835583	0	0	0	0.425519	0	-0.426642	-237.002	0	213.464	213.464	-2.13163e-14	12.4428	0	0	0	0	0	0	0	0	0	0	0	0	0	0	0	0	0	0	0	0	0	0	0	0	0	0	0	0	0	0	0	0	0	
1	1	1	270	8.1		300	0	0	-0.0135	-0.0135	0.0154374	0	0	0	-133.368	-133.368	-7.26497e-06	0	0	0	2.44193	-6.32629	0	8.76821		300	0.426805	-0.00653697	-0.00653697	0.00840955	0	0	0	0.426805	0	-0.426642	-237.002	0	213.464	213.464	-2.13163e-14	12.4428	0	0	0	0	0	0	0	0	0	0	0	0	0	0	0	0	0	0	0	0	0	0	0	0	0	0	0	0	0	0	0	0	0	
1	1	1	271	8.13		300	0	0	-0.01355	-0.01355	0.0154994	0	0	0	-133.525	-133.525	-7.28934e-06	0	0	0	2.45527	-6.32895	0	8.78422		300	0.428089	-0.00657875	-0.00657875	0.0084633	0	0	0	0.428089	0	-0.426642	-237.002	0	213.464	213.464	-2.13163e-14	12.4428	0	0	0	0	0	0	0	0	0	0	0	0	0	0	0	0	0	0	0	0	0	0	0	0	0	0	0	0	0	0	0	0	0	
1	1	1	272	8.16		300	0	0	-0.0136	-0.0136	0.0155615	0	0	0	-133.682	-133.682	-7.31364e-06	0	0	0	2.46863	-6.33158	0	8.80021		300	0.429371	-0.00662055	-0.00662055	0.00851707	0	0	0	0.429371	0	-0.426642	-237.002	0	213.464	213.464	-2.13163e-14	12.4428	0	0	0	0	0	0	0	0	0	0	0	0	0	0	0	0	0	0	0	0	0	0	0	0	0	0	0	0	0	0	0	0	0	
1	1	1	273	8.19		300	0	0	-0.01365	-0.01365	0.0156235	0	0	0	-133.839	-133.839	-7.33788e-06	0	0	0	2.48201	-6.33417	0	8.81617		300	0.430651	-0.00666237	-0.00666237	0.00857088	0	0	0	0.430651	0	-0.426642	-237.002	0	213.464	213.464	-2.13163e-14	12.4428	0	0	0	0	0	0	0	0	0	0	0	0	0	0	0	0	0	0	0	0	0	0	0	0	0	0	0	0	0	0	0	0	0	
1	1	1	274	8.22		300	0	0	-0.0137	-0.0137	0.0156856	0	0	0	-133.995	-133.995	-7.36205e-06	0	0	0	2.4954	-6.33672	0	8.83212		300	0.43193	-0.00670422	-0.00670422	0.00862471	0	0	0	0.43193	0	-0.426642	-237.002	0	213.464	213.464	-2.13163e-14	12.4428	0	0	0	0	0	0	0	0	0	0	0	0	0	0	0	0	0	0	0	0	0	0	0	0	0	0	0	0	0	0	0	0	0	
1	1	1	275	8.25		300	0	0	-0.01375	-0.01375	0.0157477	0	0	0	-134.151	-134.151	-7.38617e-06	0	0	0	2.50881	-6.33923	0	8.84804		300	0.433207	-0.00674608	-0.00674608	0.00867857	0	0	0	0.433207	0	-0.426642	-237.002	0	213.464	213.464	-2.13163e-14	12.4428	0	0	0	0	0	0	0	0	0	0	0	0	0	0	0	0	0	0	0	0	0	0	0	0	0	0	0	0	0	0	0	0	0	
1	1	1	276	8.28		300	0	0	-0.0138	-0.0138	0.0158097	0	0	0	-134.306	-134.306	-7.41021e-06	0	0	0	2.52223	-6.34171	0	8.86393		300	0.434482	-0.00678797	-0.00678797	0.00873246	0	0	0	0.434482	0	-0.426642	-237.002	0	213.464	213.464	-2.13163e-14	12.4428	0	0	0	0	0	0	0	0	0	0	0	0	0	0	0	0	0	0	0	0	0	0	0	0	0	0	0	0	0	0	0	0	0	
1	1	1	277	8.31		300	0	0	-0.01385	-0.01385	0.0158718	0	0	0	-134.461	-134.461	-7.4342e-06	0	0	0	2.53567	-6.34414	0	8.87981		300	0.435755	-0.00682988	-0.00682988	0.00878637	0	0	0	0.435755	0	-0.426642	-237.002	0	213.464	213.464	-2.13163e-14	12.4428	0	0	0	0	0	0	0	0	0	0	0	0	0	0	0	0	0	0	0	0	0	0	0	0	0	0	0	0	0	0	0	0	0	
1	1	1	278	8.34		300	0	0	-0.0139	-0.0139	0.0159339	0	0	0	-134.616	-134.616	-7.45812e-06	0	0	0	2.54912	-6.34655	0	8.89567		300	0.437027	-0.00687181	-0.00687181	0.00884032	0	0	0	0.437027	0	-0.426642	-237.002	0	213.464	213.464	-2.13163e-14	12.4428	0	0	0	0	0	0	0	0	0	0	0	0	0	0	0	0	0	0	0	0	0	0	0	0	0	0	0	0	0	0	0	0	0	
1	1	1	279	8.37		300	0	0	-0.01395	-0.01395	0.015996	0	0	0	-134.77	-134.77	-7.48199e-06	0	0	0	2.56259	-6.34891	0	8.9115		300	0.438297	-0.00691377	-0.00691377	0.00889429	0	0	0	0.438297	0	-0.426642	-237.002	0	213.464	213.464	-2.13163e-14	12.4428	0	0	0	0	0	0	0	0	0	0	0	0	0	0	0	0	0	0	0	0	0	0	0	0	0	0	0	0	0	0	0	0	0	
1	1	1	280	8.4		300	0	0	-0.014	-0.014	0.0160581	0	0	0	-134.924	-134.924	-7.50578e-06	0	0	0	2.57608	-6.35124	0	8.92732		300	0.439565	-0.00695574	-0.00695574	0.00894828	0	0	0	0.439565	0	-0.426642	-237.002	0	213.464	213.464	-2.13163e-14	12.4428	0	0	0	0	0	0	0	0	0	0	0	0	0	0	0	0	0	0	0	0	0	0	0	0	0	0	0	0	0	0	0	0	0	
1	1	1	281	8.43		300	0	0	-0.01405	-0.01405	0.0161202	0	0	0	-135.077	-135.077	-7.52952e-06	0	0	0	2.58958	-6.35353	0	8.94311		300	0.440832	-0.00699773	-0.00699773	0.00900231	0	0	0	0.440832	0	-0.426642	-237.002	0	213.464	213.464	-2.13163e-14	12.4428	0	0	0	0	0	0	0	0	0	0	0	0	0	0	0	0	0	0	0	0	0	0	0	0	0	0	0	0	0	0	0	0	0	
1	1	1	282	8.46		300	0	0	-0.0141	-0.0141	0.0161823	0	0	0	-135.23	-135.23	-7.5532e-06	0	0	0	2.60309	-6.35579	0	8.95888		300	0.442096	-0.00703975	-0.00703975	0.00905636	0	0	0	0.442096	0	-0.426642	-237.002	0	213.464	213.464	-2.13163e-14	12.4428	0	0	0	0	0	0	0	0	0	0	0	0	0	0	0	0	0	0	0	0	0	0	0	0	0	0	0	0	0	0	0	0	0	
1	1	1	283	8.49		300	0	0	-0.01415	-0.01415	0.0162444	0	0	0	-135.383	-135.383	-7.57681e-06	0	0	0	2.61662	-6.35801	0	8.97463		300	0.44336	-0.00708178	-0.00708178	0.00911043	0	0	0	0.44336	0	-0.426642	-237.002	0	213.464	213.464	-2.13163e-14	12.4428	0	0	0	0	0	0	0	0	0	0	0	0	0	0	0	0	0	0	0	0	0	0	0	0	0	0	0	0	0	0	0	0	0	
1	1	1	284	8.52		300	0	0	-0.0142	-0.0142	0.0163065	0	0	0	-135.535	-135.535	-7.60037e-06	0	0	0	2.63017	-6.36019	0	8.99036		300	0.444621	-0.00712383	-0.00712383	0.00916453	0	0	0	0.444621	0	-0.426642	-237.002	0	213.464	213.464	-2.13163e-14	12.4428	0	0	0	0	0	0	0	0	0	0	0	0	0	0	0	0	0	0	0	0	0	0	0	0	0	0	0	0	0	0	0	0	0	
1	1	1	285	8.55		300	0	0	-0.01425	-0.01425	0.0163687	0	0	0	-135.687	-135.687	-7.62386e-06	0	0	0	2.64373	-6.36234	0	9.00607		300	0.445881	-0.00716591	-0.00716591	0.00921866	0	0	0	0.445881	0	-0.426642	-237.002	0	213.464	213.464	-2.13163e-14	12.4428	0	0	0	0	0	0	0	0	0	0	0	0	0	0	0	0	0	0	0	0	0	0	0	0	0	0	0	0	0	0	0	0	0	
1	1	1	286	8.58		300	0	0	-0.0143	-0.0143	0.0164308	0	0	0	-135.838	-135.838	-7.64729e-06	0	0	0	2.6573	-6.36445	0	9.02176		300	0.447139	-0.007208	-0.007208	0.00927281	0	0	0	0.447139	0	-0.426642	-237.002	0	213.464	213.464	-2.13163e-14	12.4428	0	0	0	0	0	0	0	0	0	0	0	0	0	0	0	0	0	0	0	0	0	0	0	0	0	0	0	0	0	0	0	0	0	
1	1	1	287	8.61		300	0	0	-0.01435	-0.01435	0.0164929	0	0	0	-135.989	-135.989	-7.67066e-06	0	0	0	2.6709	-6.36653	0	9.03742		300	0.448396	-0.00725011	-0.00725011	0.00932699	0	0	0	0.448396	0	-0.426642	-237.002	0	213.464	213.464	-2.13163e-14	12.4428	0	0	0	0	0	0	0	0	0	0	0	0	0	0	0	0	0	0	0	0	0	0	0	0	0	0	0	0	0	0	0	0	0	
1	1	1	288	8.64		300	0	0	-0.0144	-0.0144	0.0165551	0	0	0	-136.14	-136.14	-7.69398e-06	0	0	0	2.6845	-6.36857	0	9.05307		300	0.449651	-0.00729224	-0.00729224	0.00938119	0	0	0	0.449651	0	-0.426642	-237.002	0	213.464	213.464	-2.13163e-14	12.4428	0	0	0	0	0	0	0	0	0	0	0	0	0	0	0	0	0	0	0	0	0	0	0	0	0	0	0	0	0	0	0	0	0	
1	1	1	289	8.67		300	0	0	-0.01445	-0.01445	0.0166172	0	0	0	-136.29	-136.29	-7.71723e-06	0	0	0	2.69812	-6.37057	0	9.0687		300	0.450904	-0.0073344	-0.0073344	0.00943541	0	0	0	0.450904	0	-0.426642	-237.002	0	213.464	213.464	-2.13163e-14	12.4428	0	0	0	0	0	0	0	0	0	0	0	0	0	0	0	0	0	0	0	0	0	0	0	0	0	0	0	0	0	0	0	0	0	
1	1	1	290	8.7		300	0	0	-0.0145	-0.0145	0.0166794	0	0	0	-136.44	-136.44	-7.74042e-06	0	0	0	2.71176	-6.37254	0	9.0843		300	0.452155	-0.00737656	-0.00737656	0.00948966	0	0	0	0.452155	0	-0.426642	-237.002	0	213.464	213.464	-2.13163e-14	12.4428	0	0	0	0	0	0	0	0	0	0	0	0	0	0	0	0	0	0	0	0	0	0	0	0	0	0	0	0	0	0	0	0	0	
1	1	1	291	8.73		300	0	0	-0.01455	-0.01455	0.0167415	0	0	0	-136.59	-136.59	-7.76355e-06	0	0	0	2.72541	-6.37448	0	9.09989		300	0.453406	-0.00741875	-0.00741875	0.00954393	0	0	0	0.453406	0	-0.426642	-237.002	0	213.464	213.464	-2.13163e-14	12.4428	0	0	0	0	0	0	0	0	0	0	0	0	0	0	0	0	0	0	0	0	0	0	0	0	0	0	0	0	0	0	0	0	0	
1	1	1	292	8.76		300	0	0	-0.0146	-0.0146	0.0168037	0	0	0	-136.739	-136.739	-7.78662e-06	0	0	0	2.73908	-6.37638	0	9.11546		300	0.454654	-0.00746096	-0.00746096	0.00959823	0	0	0	0.454654	0	-0.426642	-237.002	0	213.464	213.464	-2.13163e-14	12.4428	0	0	0	0	0	0	0	0	0	0	0	0	0	0	0	0	0	0	0	0	0	0	0	0	0	0	0	0	0	0	0	0	0	
1	1	1	293	8.79		300	0	0	-0.01465	-0.01465	0.0168659	0	0	0	-136.888	-136.888	-7.80964e-06	0	0	0	2.75276	-6.37824	0	9.131		300	0.455901	-0.00750318	-0.00750318	0.00965255	0	0	0	0.455901	0	-0.426642	-237.002	0	213.464	213.464	-2.13163e-14	12.4428	0	0	0	0	0	0	0	0	0	0	0	0	0	0	0	0	0	0	0	0	0	0	0	0	0	0	0	0	0	0	0	0	0	
1	1	1	294	8.82		300	0	0	-0.0147	-0.0147	0.016928	0	0	0	-137.037	-137.037	-7.83259e-06	0	0	0	2.76646	-6.38007	0	9.14653		300	0.457146	-0.00754542	-0.00754542	0.00970689	0	0	0	0.457146	0	-0.426642	-237.002	0	213.464	213.464	-2.13163e-14	12.4428	0	0	0	0	0	0	0	0	0	0	0	0	0	0	0	0	0	0	0	0	0	0	0	0	0	0	0	0	0	0	0	0	0	
1	1	1	295	8.85		300	0	0	-0.01475	-0.01475	0.0169902	0	0	0	-137.185	-137.185	-7.85549e-06	0	0	0	2.78017	-6.38187	0	9.16203		300	0.458389	-0.00758768	-0.00758768	0.00976125	0	0	0	0.458389	0	-0.426642	-237.002	0	213.464	213.464	-2.13163e-14	12.4428	0	0	0	0	0	0	0	0	0	0	0	0	0	0	0	0	0	0	0	0	0	0	0	0	0	0	0	0	0	0	0	0	0	
1	1	1	296	8.88		300	0	0	-0.0148	-0.0148	0.0170524	0	0	0	-137.333	-137.333	-7.87832e-06	0	0	0	2.79389	-6.38363	0	9.17752		300	0.459632	-0.00762996	-0.00762996	0.00981564	0	0	0	0.459632	0	-0.426642	-237.002	0	213.464	213.464	-2.13163e-14	12.4428	0	0	0	0	0	0	0	0	0	0	0	0	0	0	0	0	0	0	0	0	0	0	0	0	0	0	0	0	0	0	0	0	0	
1	1	1	297	8.91		300	0	0	-0.01485	-0.01485	0.0171146	0	0	0	-137.481	-137.481	-7.9011e-06	0	0	0	2.80763	-6.38535	0	9.19299		300	0.460872	-0.00767225	-0.00767225	0.00987005	0	0	0	0.460872	0	-0.426642	-237.002	0	213.464	213.464	-2.13163e-14	12.4428	0	0	0	0	0	0	0	0	0	0	0	0	0	0	0	0	0	0	0	0	0	0	0	0	0	0	0	0	0	0	0	0	0	
1	1	1	298	8.94		300	0	0	-0.0149	-0.0149	0.0171768	0	0	0	-137.628	-137.628	-7.92382e-06	0	0	0	2.82139	-6.38705	0	9.20844		300	0.462111	-0.00771456	-0.00771456	0.00992448	0	0	0	0.462111	0	-0.426642	-237.002	0	213.464	213.464	-2.13163e-14	12.4428	0	0	0	0	0	0	0	0	0	0	0	0	0	0	0	0	0	0	0	0	0	0	0	0	0	0	0	0	0	0	0	0	0	
1	1	1	299	8.97		300	0	0	-0.01495	-0.01495	0.017239	0	0	0	-137.775	-137.775	-7.94648e-06	0	0	0	2.83516	-6.38871	0	9.22386		300	0.463348	-0.00775689	-0.00775689	0.00997893	0	0	0	0.463348	0	-0.426642	-237.002	0	213.464	213.464	-2.13163e-14	12.4428	0	0	0	0	0	0	0	0	0	0	0	0	0	0	0	0	0	0	0	0	0	0	0	0	0	0	0	0	0	0	0	0	0	
1	1	1	300	9		300	0	0	-0.015	-0.015	0.0173012	0	0	0	-137.921	-137.921	-7.96909e-06	0	0	0	2.84894	-6.39033	0	9.23927		300	0.464584	-0.00779923	-0.00779923	0.0100334	0	0	0	0.464584	0	-0.426642	-237.002	0	213.464	213.464	-2.13163e-14	12.4428	0	0	0	0	0	0	0	0	0	0	0	0	0	0	0	0	0	0	0	0	0	0	0	0	0	0	0	0	0	0	0	0	0	
1	1	1	301	9.03		300	0	0	-0.01505	-0.01505	0.0173634	0	0	0	-138.068	-138.068	-7.99164e-06	0	0	0	2.86274	-6.39192	0	9.25466		300	0.465818	-0.00784159	-0.00784159	0.0100879	0	0	0	0.465818	0	-0.426642	-237.002	0	213.464	213.464	-2.13163e-14	12.4428	0	0	0	0	0	0	0	0	0	0	0	0	0	0	0	0	0	0	0	0	0	0	0	0	0	0	0	0	0	0	0	0	0	
1	1	1	302	9.06		300	0	0	-0.0151	-0.0151	0.0174256	0	0	0	-138.214	-138.214	-8.01413e-06	0	0	0	2.87656	-6.39348	0	9.27003		300	0.467051	-0.00788397	-0.00788397	0.0101424	0	0	0	0.467051	0	-0.426642	-237.002	0	213.464	213.464	-2.13163e-14	12.4428	0	0	0	0	0	0	0	0	0	0	0	0	0	0	0	0	0	0	0	0	0	0	0	0	0	0	0	0	0	0	0	0	0	
1	1	1	303	9.09		300	0	0	-0.01515	-0.01515	0.0174878	0	0	0	-138.359	-138.359	-8.03656e-06	0	0	0	2.89039	-6.395	0	9.28538		300	0.468282	-0.00792636	-0.00792636	0.010197	0	0	0	0.468282	0	-0.426642	-237.002	0	213.464	213.464	-2.13163e-14	12.4428	0	0	0	0	0	0	0	0	0	0	0	0	0	0	0	0	0	0	0	0	0	0	0	0	0	0	0	0	0	0	0	0	0	
1	1	1	304	9.12		300	0	0	-0.0152	-0.0152	0.01755	0	0	0	-138.505	-138.505	-8.05893e-06	0	0	0	2.90423	-6.39649	0	9.30072		300	0.469512	-0.00796877	-0.00796877	0.0102515	0	0	0	0.469512	0	-0.426642	-237.002	0	213.464	213.464	-2.13163e-14	12.4428	0	0	0	0	0	0	0	0	0	0	0	0	0	0	0	0	0	0	0	0	0	0	0	0	0	0	0	0	0	0	0	0	0	
1	1	1	305	9.15		300	0	0	-0.01525	-0.01525	0.0176122	0	0	0	-138.65	-138.65	-8.08125e-06	0	0	0	2.91809	-6.39794	0	9.31603		300	0.47074	-0.0080112	-0.0080112	0.0103061	0	0	0	0.47074	0	-0.426642	-237.002	0	213.464	213.464	-2.13163e-14	12.4428	0	0	0	0	0	0	0	0	0	0	0	0	0	0	0	0	0	0	0	0	0	0	0	0	0	0	0	0	0	0	0	0	0	
1	1	1	306	9.18		300	0	0	-0.0153	-0.0153	0.0176745	0	0	0	-138.795	-138.795	-8.10351e-06	0	0	0	2.93196	-6.39936	0	9.33132		300	0.471966	-0.00805364	-0.00805364	0.0103607	0	0	0	0.471966	0	-0.426642	-237.002	0	213.464	213.464	-2.13163e-14	12.4428	0	0	0	0	0	0	0	0	0	0	0	0	0	0	0	0	0	0	0	0	0	0	0	0	0	0	0	0	0	0	0	0	0	
1	1	1	307	9.21		300	0	0	-0.01535	-0.01535	0.0177367	0	0	0	-138.939	-138.939	-8.12572e-06	0	0	0	2.94585	-6.40075	0	9.3466		300	0.473191	-0.00809609	-0.00809609	0.0104153	0	0	0	0.473191	0	-0.426642	-237.002	0	213.464	213.464	-2.13163e-14	12.4428	0	0	0	0	0	0	0	0	0	0	0	0	0	0	0	0	0	0	0	0	0	0	0	0	0	0	0	0	0	0	0	0	0	
1	1	1	308	9.24		300	0	0	-0.0154	-0.0154	0.0177989	0	0	0	-139.083	-139.083	-8.14787e-06	0	0	0	2.95975	-6.40211	0	9.36185		300	0.474415	-0.00813856	-0.00813856	0.0104699	0	0	0	0.474415	0	-0.426642	-237.002	0	213.464	213.464	-2.13163e-14	12.4428	0	0	0	0	0	0	0	0	0	0	0	0	0	0	0	0	0	0	0	0	0	0	0	0	0	0	0	0	0	0	0	0	0	
1	1	1	309	9.27		300	0	0	-0.01545	-0.01545	0.0178612	0	0	0	-139.227	-139.227	-8.16996e-06	0	0	0	2.97366	-6.40343	0	9.37709		300	0.475637	-0.00818105	-0.00818105	0.0105246	0	0	0	0.475637	0	-0.426642	-237.002	0	213.464	213.464	-2.13163e-14	12.4428	0	0	0	0	0	0	0	0	0	0	0	0	0	0	0	0	0	0	0	0	0	0	0	0	0	0	0	0	0	0	0	0	0	
1	1	1	310	9.3		300	0	0	-0.0155	-0.0155	0.0179234	0	0	0	-139.371	-139.371	-8.192e-06	0	0	0	2.98759	-6.40472	0	9.39231		300	0.476857	-0.00822355	-0.00822355	0.0105793	0	0	0	0.476857	0	-0.426642	-237.002	0	213.464	213.464	-2.13163e-14	12.4428	0	0	0	0	0	0	0	0	0	0	0	0	0	0	0	0	0	0	0	0	0	0	0	0	0	0	0	0	0	0	0	0	0	
1	1	1	311	9.33		300	0	0	-0.01555	-0.01555	0.0179857	0	0	0	-139.514	-139.514	-8.21398e-06	0	0	0	3.00154	-6.40598	0	9.40751		300	0.478076	-0.00826607	-0.00826607	0.010634	0	0	0	0.478076	0	-0.426642	-237.002	0	213.464	213.464	-2.13163e-14	12.4428	0	0	0	0	0	0	0	0	0	0	0	0	0	0	0	0	0	0	0	0	0	0	0	0	0	0	0	0	0	0	0	0	0	
1	1	1	312	9.36		300	0	0	-0.0156	-0.0156	0.0180479	0	0	0	-139.657	-139.657	-8.2359e-06	0	0	0	3.0155	-6.4072	0	9.4227		300	0.479294	-0.0083086	-0.0083086	0.0106887	0	0	0	0.479294	0	-0.426642	-237.002	0	213.464	213.464	-2.13163e-14	12.4428	0	0	0	0	0	0	0	0	0	0	0	0	0	0	0	0	0	0	0	0	0	0	0	0	0	0	0	0	0	0	0	0	0	
1	1	1	313	9.39		300	0	0	-0.01565	-0.01565	0.0181102	0	0	0	-139.8	-139.8	-8.25777e-06	0	0	0	3.02947	-6.40839	0	9.43786		300	0.48051	-0.00835114	-0.00835114	0.0107434	0	0	0	0.48051	0	-0.426642	-237.002	0	213.464	213.464	-2.13163e-14	12.4428	0	0	0	0	0	0	0	0	0	0	0	0	0	0	0	0	0	0	0	0	0	0	0	0	0	0	0	0	0	0	0	0	0	
1	1	1	314	9.42		300	0	0	-0.0157	-0.0157	0.0181724	0	0	0	-139.943	-139.943	-8.27959e-06	0	0	0	3.04346	-6.40955	0	9.45301		300	0.481725	-0.0083937	-0.0083937	0.0107982	0	0	0	0.481725	0	-0.426642	-237.002	0	213.464	213.464	-2.13163e-14	12.4428	0	0	0	0	0	0	0	0	0	0	0	0	0	0	0	0	0	0	0	0	0	0	0	0	0	0	0	0	0	0	0	0	0	
1	1	1	315	9.45		300	0	0	-0.01575	-0.01575	0.0182347	0	0	0	-140.085	-140.085	-8.30135e-06	0	0	0	3.05746	-6.41068	0	9.46813		300	0.482938	-0.00843628	-0.00843628	0.0108529	0	0	0	0.482938	0	-0.426642	-237.002	0	213.464	213.464	-2.13163e-14	12.4428	0	0	0	0	0	0	0	0	0	0	0	0	0	0	0	0	0	0	0	0	0	0	0	0	0	0	0	0	0	0	0	0	0	
1	1	1	316	9.48		300	0	0	-0.0158	-0.0158	0.018297	0	0	0	-140.227	-140.227	-8.32305e-06	0	0	0	3.07147	-6.41177	0	9.48324		300	0.48415	-0.00847887	-0.00847887	0.0109077	0	0	0	0.48415	0	-0.426642	-237.002	0	213.464	213.464	-2.13163e-14	12.4428	0	0	0	0	0	0	0	0	0	0	0	0	0	0	0	0	0	0	0	0	0	0	0	0	0	0	0	0	0	0	0	0	0	
1	1	1	317	9.51		300	0	0	-0.01585	-0.01585	0.0183592	0	0	0	-140.369	-140.369	-8.3447e-06	0	0	0	3.0855	-6.41283	0	9.49833		300	0.48536	-0.00852147	-0.00852147	0.0109625	0	0	0	0.48536	0	-0.426642	-237.002	0	213.464	213.464	-2.13163e-14	12.4428	0	0	0	0	0	0	0	0	0	0	0	0	0	0	0	0	0	0	0	0	0	0	0	0	0	0	0	0	0	0	0	0	0	
1	1	1	318	9.54		300	0	0	-0.0159	-0.0159	0.0184215	0	0	0	-140.51	-140.51	-8.3663e-06	0	0	0	3.09955	-6.41386	0	9.51341		300	0.486569	-0.00856408	-0.00856408	0.0110173	0	0	0	0.486569	0	-0.426642	-237.002	0	213.464	213.464	-2.13163e-14	12.4428	0	0	0	0	0	0	0	0	0	0	0	0	0	0	0	0	0	0	0	0	0	0	0	0	0	0	0	0	0	0	0	0	0	
1	1	1	319	9.57		300	0	0	-0.01595	-0.01595	0.0184838	0	0	0	-140.651	-140.651	-8.38784e-06	0	0	0	3.1136	-6.41486	0	9.52846		300	0.487776	-0.00860671	-0.00860671	0.0110722	0	0	0	0.487776	0	-0.426642	-237.002	0	213.464	213.464	-2.13163e-14	12.4428	0	0	0	0	0	0	0	0	0	0	0	0	0	0	0	0	0	0	0	0	0	0	0	0	0	0	0	0	0	0	0	0	0	
1	1	1	320	9.6		300	0	0	-0.016	-0.016	0.0185461	0	0	0	-140.792	-140.792	-8.40933e-06	0	0	0	3.12768	-6.41582	0	9.5435		300	0.488982	-0.00864935	-0.00864935	0.011127	0	0	0	0.488982	0	-0.426642	-237.002	0	213.464	213.464	-2.13163e-14	12.4428	0	0	0	0	0	0	0	0	0	0	0	0	0	0	0	0	0	0	0	0	0	0	0	0	0	0	0	0	0	0	0	0	0	
1	1	1	321	9.63		300	0	0	-0.01605	-0.01605	0.0186084	0	0	0	-140.933	-140.933	-8.43076e-06	0	0	0	3.14176	-6.41676	0	9.55852		300	0.490187	-0.00869201	-0.00869201	0.0111819	0	0	0	0.490187	0	-0.426642	-237.002	0	213.464	213.464	-2.13163e-14	12.4428	0	0	0	0	0	0	0	0	0	0	0	0	0	0	0	0	0	0	0	0	0	0	0	0	0	0	0	0	0	0	0	0	0	
1	1	1	322	9.66		300	0	0	-0.0161	-0.0161	0.0186707	0	0	0	-141.073	-141.073	-8.45214e-06	0	0	0	3.15586	-6.41766	0	9.57352		300	0.49139	-0.00873468	-0.00873468	0.0112368	0	0	0	0.49139	0	-0.426642	-237.002	0	213.464	213.464	-2.13163e-14	12.4428	0	0	0	0	0	0	0	0	0	0	0	0	0	0	0	0	0	0	0	0	0	0	0	0	0	0	0	0	0	0	0	0	0	
1	1	1	323	9.69		300	0	0	-0.01615	-0.01615	0.018733	0	0	0	-141.213	-141.213	-8.47346e-06	0	0	0	3.16998	-6.41853	0	9.58851		300	0.492591	-0.00877736	-0.00877736	0.0112917	0	0	0	0.492591	0	-0.426642	-237.002	0	213.464	213.464	-2.13163e-14	12.4428	0	0	0	0	0	0	0	0	0	0	0	0	0	0	0	0	0	0	0	0	0	0	0	0	0	0	0	0	0	0	0	0	0	
1	1	1	324	9.72		300	0	0	-0.0162	-0.0162	0.0187953	0	0	0	-141.353	-141.353	-8.49474e-06	0	0	0	3.18411	-6.41937	0	9.60347		300	0.493792	-0.00882006	-0.00882006	0.0113466	0	0	0	0.493792	0	-0.426642	-237.002	0	213.464	213.464	-2.13163e-14	12.4428	0	0	0	0	0	0	0	0	0	0	0	0	0	0	0	0	0	0	0	0	0	0	0	0	0	0	0	0	0	0	0	0	0	
1	1	1	325	9.75		300	0	0	-0.01625	-0.01625	0.0188576	0	0	0	-141.493	-141.493	-8.51595e-06	0	0	0	3.19825	-6.42017	0	9.61842		300	0.494991	-0.00886276	-0.00886276	0.0114016	0	0	0	0.494991	0	-0.426642	-237.002	0	213.464	213.464	-2.13163e-14	12.4428	0	0	0	0	0	0	0	0	0	0	0	0	0	0	0	0	0	0	0	0	0	0	0	0	0	0	0	0	0	0	0	0	0	
1	1	1	326	9.78		300	0	0	-0.0163	-0.0163	0.0189199	0	0	0	-141.632	-141.632	-8.53712e-06	0	0	0	3.2124	-6.42095	0	9.63335		300	0.496188	-0.00890548	-0.00890548	0.0114565	0	0	0	0.496188	0	-0.426642	-237.002	0	213.464	213.464	-2.13163e-14	12.4428	0	0	0	0	0	0	0	0	0	0	0	0	0	0	0	0	0	0	0	0	0	0	0	0	0	0	0	0	0	0	0	0	0	
1	1	1	327	9.81		300	0	0	-0.01635	-0.01635	0.0189822	0	0	0	-141.772	-141.772	-8.55823e-06	0	0	0	3.22657	-6.42169	0	9.64827		300	0.497384	-0.00894822	-0.00894822	0.0115115	0	0	0	0.497384	0	-0.426642	-237.002	0	213.464	213.464	-2.13163e-14	12.4428	0	0	0	0	0	0	0	0	0	0	0	0	0	0	0	0	0	0	0	0	0	0	0	0	0	0	0	0	0	0	0	0	0	
1	1	1	328	9.84		300	0	0	-0.0164	-0.0164	0.0190445	0	0	0	-141.911	-141.911	-8.57929e-06	0	0	0	3.24076	-6.42241	0	9.66317		300	0.498579	-0.00899096	-0.00899096	0.0115665	0	0	0	0.498579	0	-0.426642	-237.002	0	213.464	213.464	-2.13163e-14	12.4428	0	0	0	0	0	0	0	0	0	0	0	0	0	0	0	0	0	0	0	0	0	0	0	0	0	0	0	0	0	0	0	0	0	
1	1	1	329	9.87		300	0	0	-0.01645	-0.01645	0.0191068	0	0	0	-142.049	-142.049	-8.6003e-06	0	0	0	3.25496	-6.42309	0	9.67805		300	0.499772	-0.00903372	-0.00903372	0.0116215	0	0	0	0.499772	0	-0.426642	-237.002	0	213.464	213.464	-2.13163e-14	12.4428	0	0	0	0	0	0	0	0	0	0	0	0	0	0	0	0	0	0	0	0	0	0	0	0	0	0	0	0	0	0	0	0	0	
1	1	1	330	9.9		300	0	0	-0.0165	-0.0165	0.0191691	0	0	0	-142.188	-142.188	-8.62125e-06	0	0	0	3.26917	-6.42374	0	9.69291		300	0.500964	-0.00907649	-0.00907649	0.0116765	0	0	0	0.500964	0	-0.426642	-237.002	0	213.464	213.464	-2.13163e-14	12.4428	0	0	0	0	0	0	0	0	0	0	0	0	0	0	0	0	0	0	0	0	0	0	0	0	0	0	0	0	0	0	0	0	0	
1	1	1	331	9.93		300	0	0	-0.01655	-0.01655	0.0192314	0	0	0	-142.326	-142.326	-8.64215e-06	0	0	0	3.28339	-6.42436	0	9.70775		300	0.502155	-0.00911927	-0.00911927	0.0117316	0	0	0	0.502155	0	-0.426642	-237.002	0	213.464	213.464	-2.13163e-14	12.4428	0	0	0	0	0	0	0	0	0	0	0	0	0	0	0	0	0	0	0	0	0	0	0	0	0	0	0	0	0	0	0	0	0	
1	1	1	332	9.96		300	0	0	-0.0166	-0.0166	0.0192938	0	0	0	-142.464	-142.464	-8.663e-06	0	0	0	3.29763	-6.42495	0	9.72258		300	0.503344	-0.00916206	-0.00916206	0.0117866	0	0	0	0.503344	0	-0.426642	-237.002	0	213.464	213.464	-2.13163e-14	12.4428	0	0	0	0	0	0	0	0	0	0	0	0	0	0	0	0	0	0	0	0	0	0	0	0	0	0	0	0	0	0	0	0	0	
1	1	1	333	9.99		300	0	0	-0.01665	-0.01665	0.0193561	0	0	0	-142.602	-142.602	-8.6838e-06	0	0	0	3.31189	-6.42551	0	9.73739		300	0.504532	-0.00920487	-0.00920487	0.0118417	0	0	0	0.504532	0	-0.426642	-237.002	0	213.464	213.464	-2.13163e-14	12.4428	0	0	0	0	0	0	0	0	0	0	0	0	0	0	0	0	0	0	0	0	0	0	0	0	0	0	0	0	0	0	0	0	0	
1	1	1	334	10.02		300	0	0	-0.0167	-0.0167	0.0194184	0	0	0	-142.74	-142.74	-8.70454e-06	0	0	0	3.32615	-6.42603	0	9.75219		300	0.505718	-0.00924768	-0.00924768	0.0118967	0	0	0	0.505718	0	-0.426642	-237.002	0	213.464	213.464	-2.13163e-14	12.4428	0	0	0	0	0	0	0	0	0	0	0	0	0	0	0	0	0	0	0	0	0	0	0	0	0	0	0	0	0	0	0	0	0	
1	1	1	335	10.05		300	0	0	-0.01675	-0.01675	0.0194807	0	0	0	-142.877	-142.877	-8.72523e-06	0	0	0	3.34043	-6.42653	0	9.76697		300	0.506903	-0.00929051	-0.00929051	0.0119518	0	0	0	0.506903	0	-0.426642	-237.002	0	213.464	213.464	-2.13163e-14	12.4428	0	0	0	0	0	0	0	0	0	0	0	0	0	0	0	0	0	0	0	0	0	0	0	0	0	0	0	0	0	0	0	0	0	
1	1	1	336	10.08		300	0	0	-0.0168	-0.0168	0.0195431	0	0	0	-143.014	-143.014	-8.74587e-06	0	0	0	3.35473	-6.427	0	9.78173		300	0.508087	-0.00933335	-0.00933335	0.012007	0	0	0	0.508087	0	-0.426642	-237.002	0	213.464	213.464	-2.13163e-14	12.4428	0	0	0	0	0	0	0	0	0	0	0	0	0	0	0	0	0	0	0	0	0	0	0	0	0	0	0	0	0	0	0	0	0	
1	1	1	337	10.11		300	0	0	-0.01685	-0.01685	0.0196054	0	0	0	-143.151	-143.151	-8.76646e-06	0	0	0	3.36904	-6.42743	0	9.79647		300	0.509269	-0.0093762	-0.0093762	0.0120621	0	0	0	0.509269	0	-0.426642	-237.002	0	213.464	213.464	-2.13163e-14	12.4428	0	0	0	0	0	0	0	0	0	0	0	0	0	0	0	0	0	0	0	0	0	0	0	0	0	0	0	0	0	0	0	0	0	
1	1	1	338	10.14		300	0	0	-0.0169	-0.0169	0.0196678	0	0	0	-143.288	-143.288	-8.787e-06	0	0	0	3.38336	-6.42784	0	9.8112		300	0.51045	-0.00941906	-0.00941906	0.0121172	0	0	0	0.51045	0	-0.426642	-237.002	0	213.464	213.464	-2.13163e-14	12.4428	0	0	0	0	0	0	0	0	0	0	0	0	0	0	0	0	0	0	0	0	0	0	0	0	0	0	0	0	0	0	0	0	0	
1	1	1	339	10.17		300	0	0	-0.01695	-0.01695	0.0197301	0	0	0	-143.424	-143.424	-8.80749e-06	0	0	0	3.39769	-6.42821	0	9.82591		300	0.51163	-0.00946193	-0.00946193	0.0121724	0	0	0	0.51163	0	-0.426642	-237.002	0	213.464	213.464	-2.13163e-14	12.4428	0	0	0	0	0	0	0	0	0	0	0	0	0	0	0	0	0	0	0	0	0	0	0	0	0	0	0	0	0	0	0	0	0	
1	1	1	340	10.2		300	0	0	-0.017	-0.017	0.0197925	0	0	0	-143.561	-143.561	-8.82792e-06	0	0	0	3.41204	-6.42856	0	9.8406		300	0.512808	-0.00950481	-0.00950481	0.0122275	0	0	0	0.512808	0	-0.426642	-237.002	0	213.464	213.464	-2.13163e-14	12.4428	0	0	0	0	0	0	0	0	0	0	0	0	0	0	0	0	0	0	0	0	0	0	0	0	0	0	0	0	0	0	0	0	0	
1	1	1	341	10.23		300	0	0	-0.01705	-0.01705	0.0198548	0	0	0	-143.697	-143.697	-8.84831e-06	0	0	0	3.42641	-6.42887	0	9.85528		300	0.513985	-0.0095477	-0.0095477	0.0122827	0	0	0	0.513985	0	-0.426642	-237.002	0	213.464	213.464	-2.13163e-14	12.4428	0	0	0	0	0	0	0	0	0	0	0	0	0	0	0	0	0	0	0	0	0	0	0	0	0	0	0	0	0	0	0	0	0	
1	1	1	342	10.26		300	0	0	-0.0171	-0.0171	0.0199172	0	0	0	-143.833	-143.833	-8.86864e-06	0	0	0	3.44078	-6.42916	0	9.86994		300	0.515161	-0.00959061	-0.00959061	0.0123379	0	0	0	0.515161	0	-0.426642	-237.002	0	213.464	213.464	-2.13163e-14	12.4428	0	0	0	0	0	0	0	0	0	0	0	0	0	0	0	0	0	0	0	0	0	0	0	0	0	0	0	0	0	0	0	0	0	
1	1	1	343	10.29		300	0	0	-0.01715	-0.01715	0.0199795	0	0	0	-143.968	-143.968	-8.88892e-06	0	0	0	3.45517	-6.42941	0	9.88458		300	0.516335	-0.00963352	-0.00963352	0.0123931	0	0	0	0.516335	0	-0.426642	-237.002	0	213.464	213.464	-2.13163e-14	12.4428	0	0	0	0	0	0	0	0	0	0	0	0	0	0	0	0	0	0	0	0	0	0	0	0	0	0	0	0	0	0	0	0	0	
1	1	1	344	10.32		300	0	0	-0.0172	-0.0172	0.0200419	0	0	0	-144.104	-144.104	-8.90916e-06	0	0	0	3.46958	-6.42963	0	9.89921		300	0.517509	-0.00967644	-0.00967644	0.0124483	0	0	0	0.517509	0	-0.426642	-237.002	0	213.464	213.464	-2.13163e-14	12.4428	0	0	0	0	0	0	0	0	0	0	0	0	0	0	0	0	0	0	0	0	0	0	0	0	0	0	0	0	0	0	0	0	0	
1	1	1	345	10.35		300	0	0	-0.01725	-0.01725	0.0201042	0	0	0	-144.239	-144.239	-8.92934e-06	0	0	0	3.48399	-6.42983	0	9.91382		300	0.51868	-0.00971938	-0.00971938	0.0125036	0	0	0	0.51868	0	-0.426642	-237.002	0	213.464	213.464	-2.13163e-14	12.4428	0	0	0	0	0	0	0	0	0	0	0	0	0	0	0	0	0	0	0	0	0	0	0	0	0	0	0	0	0	0	0	0	0	
1	1	1	346	10.38		300	0	0	-0.0173	-0.0173	0.0201666	0	0	0	-144.374	-144.374	-8.94947e-06	0	0	0	3.49842	-6.42999	0	9.92842		300	0.519851	-0.00976232	-0.00976232	0.0125588	0	0	0	0.519851	0	-0.426642	-237.002	0	213.464	213.464	-2.13163e-14	12.4428	0	0	0	0	0	0	0	0	0	0	0	0	0	0	0	0	0	0	0	0	0	0	0	0	0	0	0	0	0	0	0	0	0	
1	1	1	347	10.41		300	0	0	-0.01735	-0.01735	0.020229	0	0	0	-144.509	-144.509	-8.96955e-06	0	0	0	3.51287	-6.43013	0	9.943		300	0.52102	-0.00980528	-0.00980528	0.0126141	0	0	0	0.52102	0	-0.426642	-237.002	0	213.464	213.464	-2.13163e-14	12.4428	0	0	0	0	0	0	0	0	0	0	0	0	0	0	0	0	0	0	0	0	0	0	0	0	0	0	0	0	0	0	0	0	0	
1	1	1	348	10.44		300	0	0	-0.0174	-0.0174	0.0202914	0	0	0	-144.644	-144.644	-8.98958e-06	0	0	0	3.52733	-6.43023	0	9.95756		300	0.522188	-0.00984824	-0.00984824	0.0126693	0	0	0	0.522188	0	-0.426642	-237.002	0	213.464	213.464	-2.13163e-14	12.4428	0	0	0	0	0	0	0	0	0	0	0	0	0	0	0	0	0	0	0	0	0	0	0	0	0	0	0	0	0	0	0	0	0	
1	1	1	349	10.47		300	0	0	-0.01745	-0.01745	0.0203537	0	0	0	-144.779	-144.779	-9.00956e-06	0	0	0	3.5418	-6.43031	0	9.97211		300	0.523354	-0.00989121	-0.00989121	0.0127246	0	0	0	0.523354	0	-0.426642	-237.002	0	213.464	213.464	-2.13163e-14	12.4428	0	0	0	0	0	0	0	0	0	0	0	0	0	0	0	0	0	0	0	0	0	0	0	0	0	0	0	0	0	0	0	0	0	
1	1	1	350	10.5		300	0	0	-0.0175	-0.0175	0.0204161	0	0	0	-144.913	-144.913	-9.0295e-06	0	0	0	3.55628	-6.43036	0	9.98664		300	0.52452	-0.0099342	-0.0099342	0.0127799	0	0	0	0.52452	0	-0.426642	-237.002	0	213.464	213.464	-2.13163e-14	12.4428	0	0	0	0	0	0	0	0	0	0	0	0	0	0	0	0	0	0	0	0	0	0	0	0	0	0	0	0	0	0	0	0	0	
1	1	1	351	10.53		300	0	0	-0.01755	-0.01755	0.0204785	0	0	0	-145.047	-145.047	-9.04938e-06	0	0	0	3.57078	-6.43037	0	10.0012		300	0.525684	-0.00997719	-0.00997719	0.0128352	0	0	0	0.525684	0	-0.426642	-237.002	0	213.464	213.464	-2.13163e-14	12.4428	0	0	0	0	0	0	0	0	0	0	0	0	0	0	0	0	0	0	0	0	0	0	0	0	0	0	0	0	0	0	0	0	0	
1	1	1	352	10.56		300	0	0	-0.0176	-0.0176	0.0205409	0	0	0	-145.181	-145.181	-9.06921e-06	0	0	0	3.58529	-6.43036	0	10.0157		300	0.526846	-0.0100202	-0.0100202	0.0128905	0	0	0	0.526846	0	-0.426642	-237.002	0	213.464	213.464	-2.13163e-14	12.4428	0	0	0	0	0	0	0	0	0	0	0	0	0	0	0	0	0	0	0	0	0	0	0	0	0	0	0	0	0	0	0	0	0	
1	1	1	353	10.59		300	0	0	-0.01765	-0.01765	0.0206032	0	0	0	-145.315	-145.315	-9.08899e-06	0	0	0	3.59982	-6.43032	0	10.0301		300	0.528008	-0.0100632	-0.0100632	0.0129459	0	0	0	0.528008	0	-0.426642	-237.002	0	213.464	213.464	-2.13163e-14	12.4428	0	0	0	0	0	0	0	0	0	0	0	0	0	0	0	0	0	0	0	0	0	0	0	0	0	0	0	0	0	0	0	0	0	
1	1	1	354	10.62		300	0	0	-0.0177	-0.0177	0.0206656	0	0	0	-145.449	-145.449	-9.10873e-06	0	0	0	3.61436	-6.43025	0	10.0446		300	0.529168	-0.0101062	-0.0101062	0.0130012	0	0	0	0.529168	0	-0.426642	-237.002	0	213.464	213.464	-2.13163e-14	12.4428	0	0	0	0	0	0	0	0	0	0	0	0	0	0	0	0	0	0	0	0	0	0	0	0	0	0	0	0	0	0	0	0	0	
1	1	1	355	10.65		300	0	0	-0.01775	-0.01775	0.020728	0	0	0	-145.582	-145.582	-9.12841e-06	0	0	0	3.62891	-6.43015	0	10.0591		300	0.530327	-0.0101493	-0.0101493	0.0130566	0	0	0	0.530327	0	-0.426642	-237.002	0	213.464	213.464	-2.13163e-14	12.4428	0	0	0	0	0	0	0	0	0	0	0	0	0	0	0	0	0	0	0	0	0	0	0	0	0	0	0	0	0	0	0	0	0	
1	1	1	356	10.68		300	0	0	-0.0178	-0.0178	0.0207904	0	0	0	-145.716	-145.716	-9.14805e-06	0	0	0	3.64347	-6.43002	0	10.0735		300	0.531485	-0.0101923	-0.0101923	0.0131119	0	0	0	0.531485	0	-0.426642	-237.002	0	213.464	213.464	-2.13163e-14	12.4428	0	0	0	0	0	0	0	0	0	0	0	0	0	0	0	0	0	0	0	0	0	0	0	0	0	0	0	0	0	0	0	0	0	
1	1	1	357	10.71		300	0	0	-0.01785	-0.01785	0.0208528	0	0	0	-145.849	-145.849	-9.16764e-06	0	0	0	3.65805	-6.42986	0	10.0879		300	0.532641	-0.0102353	-0.0102353	0.0131673	0	0	0	0.532641	0	-0.426642	-237.002	0	213.464	213.464	-2.13163e-14	12.4428	0	0	0	0	0	0	0	0	0	0	0	0	0	0	0	0	0	0	0	0	0	0	0	0	0	0	0	0	0	0	0	0	0	
1	1	1	358	10.74		300	0	0	-0.0179	-0.0179	0.0209152	0	0	0	-145.982	-145.982	-9.18717e-06	0	0	0	3.67264	-6.42967	0	10.1023		300	0.533796	-0.0102784	-0.0102784	0.0132227	0	0	0	0.533796	0	-0.426642	-237.002	0	213.464	213.464	-2.13163e-14	12.4428	0	0	0	0	0	0	0	0	0	0	0	0	0	0	0	0	0	0	0	0	0	0	0	0	0	0	0	0	0	0	0	0	0	
1	1	1	359	10.77		300	0	0	-0.01795	-0.01795	0.0209776	0	0	0	-146.115	-146.115	-9.20666e-06	0	0	0	3.68725	-6.42945	0	10.1167		300	0.53495	-0.0103215	-0.0103215	0.0132781	0	0	0	0.53495	0	-0.426642	-237.002	0	213.464	213.464	-2.13163e-14	12.4428	0	0	0	0	0	0	0	0	0	0	0	0	0	0	0	0	0	0	0	0	0	0	0	0	0	0	0	0	0	0	0	0	0	
1	1	1	360	10.8		300	0	0	-0.018	-0.018	0.02104	0	0	0	-146.248	-146.248	-9.2261e-06	0	0	0	3.70186	-6.42921	0	10.1311		300	0.536102	-0.0103645	-0.0103645	0.0133335	0	0	0	0.536102	0	-0.426642	-237.002	0	213.464	213.464	-2.13163e-14	12.4428	0	0	0	0	0	0	0	0	0	0	0	0	0	0	0	0	0	0	0	0	0	0	0	0	0	0	0	0	0	0	0	0	0	
1	1	1	361	10.83		300	0	0	-0.01805	-0.01805	0.0211024	0	0	0	-146.38	-146.38	-9.2455e-06	0	0	0	3.7165	-6.42894	0	10.1454		300	0.537254	-0.0104076	-0.0104076	0.0133889	0	0	0	0.537254	0	-0.426642	-237.002	0	213.464	213.464	-2.13163e-14	12.4428	0	0	0	0	0	0	0	0	0	0	0	0	0	0	0	0	0	0	0	0	0	0	0	0	0	0	0	0	0	0	0	0	0	
1	1	1	362	10.86		300	0	0	-0.0181	-0.0181	0.0211648	0	0	0	-146.512	-146.512	-9.26484e-06	0	0	0	3.73114	-6.42863	0	10.1598		300	0.538404	-0.0104507	-0.0104507	0.0134443	0	0	0	0.538404	0	-0.426642	-237.002	0	213.464	213.464	-2.13163e-14	12.4428	0	0	0	0	0	0	0	0	0	0	0	0	0	0	0	0	0	0	0	0	0	0	0	0	0	0	0	0	0	0	0	0	0	
1	1	1	363	10.89		300	0	0	-0.01815	-0.01815	0.0212272	0	0	0	-146.645	-146.645	-9.28414e-06	0	0	0	3.7458	-6.4283	0	10.1741		300	0.539553	-0.0104938	-0.0104938	0.0134998	0	0	0	0.539553	0	-0.426642	-237.002	0	213.464	213.464	-2.13163e-14	12.4428	0	0	0	0	0	0	0	0	0	0	0	0	0	0	0	0	0	0	0	0	0	0	0	0	0	0	0	0	0	0	0	0	0	
1	1	1	364	10.92		300	0	0	-0.0182	-0.0182	0.0212896	0	0	0	-146.777	-146.777	-9.30339e-06	0	0	0	3.76047	-6.42794	0	10.1884		300	0.5407	-0.0105369	-0.0105369	0.0135552	0	0	0	0.5407	0	-0.426642	-237.002	0	213.464	213.464	-2.13163e-14	12.4428	0	0	0	0	0	0	0	0	0	0	0	0	0	0	0	0	0	0	0	0	0	0	0	0	0	0	0	0	0	0	0	0	0	
1	1	1	365	10.95		300	0	0	-0.01825	-0.01825	0.021352	0	0	0	-146.909	-146.909	-9.32259e-06	0	0	0	3.77515	-6.42755	0	10.2027		300	0.541847	-0.01058	-0.01058	0.0136107	0	0	0	0.541847	0	-0.426642	-237.002	0	213.464	213.464	-2.13163e-14	12.4428	0	0	0	0	0	0	0	0	0	0	0	0	0	0	0	0	0	0	0	0	0	0	0	0	0	0	0	0	0	0	0	0	0	
1	1	1	366	10.98		300	0	0	-0.0183	-0.0183	0.0214145	0	0	0	-147.04	-147.04	-9.34174e-06	0	0	0	3.78985	-6.42714	0	10.217		300	0.542992	-0.0106231	-0.0106231	0.0136662	0	0	0	0.542992	0	-0.426642	-237.002	0	213.464	213.464	-2.13163e-14	12.4428	0	0	0	0	0	0	0	0	0	0	0	0	0	0	0	0	0	0	0	0	0	0	0	0	0	0	0	0	0	0	0	0	0	
1	1	1	367	11.01		300	0	0	-0.01835	-0.01835	0.0214769	0	0	0	-147.172	-147.172	-9.36084e-06	0	0	0	3.80456	-6.42669	0	10.2313		300	0.544136	-0.0106663	-0.0106663	0.0137217	0	0	0	0.544136	0	-0.426642	-237.002	0	213.464	213.464	-2.13163e-14	12.4428	0	0	0	0	0	0	0	0	0	0	0	0	0	0	0	0	0	0	0	0	0	0	0	0	0	0	0	0	0	0	0	0	0	
1	1	1	368	11.04		300	0	0	-0.0184	-0.0184	0.0215393	0	0	0	-147.303	-147.303	-9.3799e-06	0	0	0	3.81929	-6.42622	0	10.2455		300	0.545279	-0.0107094	-0.0107094	0.0137771	0	0	0	0.545279	0	-0.426642	-237.002	0	213.464	213.464	-2.13163e-14	12.4428	0	0	0	0	0	0	0	0	0	0	0	0	0	0	0	0	0	0	0	0	0	0	0	0	0	0	0	0	0	0	0	0	0	
1	1	1	369	11.07		300	0	0	-0.01845	-0.01845	0.0216017	0	0	0	-147.435	-147.435	-9.39891e-06	0	0	0	3.83402	-6.42571	0	10.2597		300	0.54642	-0.0107526	-0.0107526	0.0138326	0	0	0	0.54642	0	-0.426642	-237.002	0	213.464	213.464	-2.13163e-14	12.4428	0	0	0	0	0	0	0	0	0	0	0	0	0	0	0	0	0	0	0	0	0	0	0	0	0	0	0	0	0	0	0	0	0	
1	1	1	370	11.1		300	0	0	-0.0185	-0.0185	0.0216641	0	0	0	-147.566	-147.566	-9.41787e-06	0	0	0	3.84877	-6.42518	0	10.274		300	0.547561	-0.0107957	-0.0107957	0.0138882	0	0	0	0.547561	0	-0.426642	-237.002	0	213.464	213.464	-2.13163e-14	12.4428	0	0	0	0	0	0	0	0	0	0	0	0	0	0	0	0	0	0	0	0	0	0	0	0	0	0	0	0	0	0	0	0	0	
1	1	1	371	11.13		300	0	0	-0.01855	-0.01855	0.0217266	0	0	0	-147.697	-147.697	-9.43679e-06	0	0	0	3.86354	-6.42462	0	10.2882		300	0.5487	-0.0108389	-0.0108389	0.0139437	0	0	0	0.5487	0	-0.426642	-237.002	0	213.464	213.464	-2.13163e-14	12.4428	0	0	0	0	0	0	0	0	0	0	0	0	0	0	0	0	0	0	0	0	0	0	0	0	0	0	0	0	0	0	0	0	0	
1	1	1	372	11.16		300	0	0	-0.0186	-0.0186	0.021789	0	0	0	-147.828	-147.828	-9.45566e-06	0	0	0	3.87831	-6.42404	0	10.3023		300	0.549838	-0.010882	-0.010882	0.0139992	0	0	0	0.549838	0	-0.426642	-237.002	0	213.464	213.464	-2.13163e-14	12.4428	0	0	0	0	0	0	0	0	0	0	0	0	0	0	0	0	0	0	0	0	0	0	0	0	0	0	0	0	0	0	0	0	0	
1	1	1	373	11.19		300	0	0	-0.01865	-0.01865	0.0218514	0	0	0	-147.958	-147.958	-9.47448e-06	0	0	0	3.8931	-6.42342	0	10.3165		300	0.550974	-0.0109252	-0.0109252	0.0140547	0	0	0	0.550974	0	-0.426642	-237.002	0	213.464	213.464	-2.13163e-14	12.4428	0	0	0	0	0	0	0	0	0	0	0	0	0	0	0	0	0	0	0	0	0	0	0	0	0	0	0	0	0	0	0	0	0	
1	1	1	374	11.22		300	0	0	-0.0187	-0.0187	0.0219138	0	0	0	-148.089	-148.089	-9.49326e-06	0	0	0	3.9079	-6.42278	0	10.3307		300	0.55211	-0.0109684	-0.0109684	0.0141103	0	0	0	0.55211	0	-0.426642	-237.002	0	213.464	213.464	-2.13163e-14	12.4428	0	0	0	0	0	0	0	0	0	0	0	0	0	0	0	0	0	0	0	0	0	0	0	0	0	0	0	0	0	0	0	0	0	
1	1	1	375	11.25		300	0	0	-0.01875	-0.01875	0.0219763	0	0	0	-148.22	-148.22	-9.51198e-06	0	0	0	3.92272	-6.42211	0	10.3448		300	0.553244	-0.0110116	-0.0110116	0.0141659	0	0	0	0.553244	0	-0.426642	-237.002	0	213.464	213.464	-2.13163e-14	12.4428	0	0	0	0	0	0	0	0	0	0	0	0	0	0	0	0	0	0	0	0	0	0	0	0	0	0	0	0	0	0	0	0	0	
1	1	1	376	11.28		300	0	0	-0.0188	-0.0188	0.0220387	0	0	0	-148.35	-148.35	-9.53066e-06	0	0	0	3.93755	-6.42141	0	10.359		300	0.554377	-0.0110548	-0.0110548	0.0142214	0	0	0	0.554377	0	-0.426642	-237.002	0	213.464	213.464	-2.13163e-14	12.4428	0	0	0	0	0	0	0	0	0	0	0	0	0	0	0	0	0	0	0	0	0	0	0	0	0	0	0	0	0	0	0	0	0	
1	1	1	377	11.31		300	0	0	-0.01885	-0.01885	0.0221012	0	0	0	-148.48	-148.48	-9.5493e-06	0	0	0	3.95239	-6.42068	0	10.3731		300	0.555509	-0.011098	-0.011098	0.014277	0	0	0	0.555509	0	-0.426642	-237.002	0	213.464	213.464	-2.13163e-14	12.4428	0	0	0	0	0	0	0	0	0	0	0	0	0	0	0	0	0	0	0	0	0	0	0	0	0	0	0	0	0	0	0	0	0	
1	1	1	378	11.34		300	0	0	-0.0189	-0.0189	0.0221636	0	0	0	-148.61	-148.61	-9.56789e-06	0	0	0	3.96724	-6.41993	0	10.3872		300	0.55664	-0.0111412	-0.0111412	0.0143326	0	0	0	0.55664	0	-0.426642	-237.002	0	213.464	213.464	-2.13163e-14	12.4428	0	0	0	0	0	0	0	0	0	0	0	0	0	0	0	0	0	0	0	0	0	0	0	0	0	0	0	0	0	0	0	0	0	
1	1	1	379	11.37		300	0	0	-0.01895	-0.01895	0.022226	0	0	0	-148.74	-148.74	-9.58643e-06	0	0	0	3.98211	-6.41915	0	10.4013		300	0.557769	-0.0111844	-0.0111844	0.0143882	0	0	0	0.557769	0	-0.426642	-237.002	0	213.464	213.464	-2.13163e-14	12.4428	0	0	0	0	0	0	0	0	0	0	0	0	0	0	0	0	0	0	0	0	0	0	0	0	0	0	0	0	0	0	0	0	0	
1	1	1	380	11.4		300	0	0	-0.019	-0.019	0.0222885	0	0	0	-148.87	-148.87	-9.60492e-06	0	0	0	3.99699	-6.41834	0	10.4153		300	0.558898	-0.0112276	-0.0112276	0.0144438	0	0	0	0.558898	0	-0.426642	-237.002	0	213.464	213.464	-2.13163e-14	12.4428	0	0	0	0	0	0	0	0	0	0	0	0	0	0	0	0	0	0	0	0	0	0	0	0	0	0	0	0	0	0	0	0	0	
1	1	1	381	11.43		300	0	0	-0.01905	-0.01905	0.0223509	0	0	0	-149	-149	-9.62337e-06	0	0	0	4.01188	-6.4175	0	10.4294		300	0.560025	-0.0112708	-0.0112708	0.0144994	0	0	0	0.560025	0	-0.426642	-237.002	0	213.464	213.464	-2.13163e-14	12.4428	0	0	0	0	0	0	0	0	0	0	0	0	0	0	0	0	0	0	0	0	0	0	0	0	0	0	0	0	0	0	0	0	0	
1	1	1	382	11.46		300	0	0	-0.0191	-0.0191	0.0224134	0	0	0	-149.129	-149.129	-9.64178e-06	0	0	0	4.02679	-6.41664	0	10.4434		300	0.561151	-0.0113141	-0.0113141	0.014555	0	0	0	0.561151	0	-0.426642	-237.002	0	213.464	213.464	-2.13163e-14	12.4428	0	0	0	0	0	0	0	0	0	0	0	0	0	0	0	0	0	0	0	0	0	0	0	0	0	0	0	0	0	0	0	0	0	
1	1	1	383	11.49		300	0	0	-0.01915	-0.01915	0.0224758	0	0	0	-149.259	-149.259	-9.66014e-06	0	0	0	4.04171	-6.41574	0	10.4575		300	0.562276	-0.0113573	-0.0113573	0.0146106	0	0	0	0.562276	0	-0.426642	-237.002	0	213.464	213.464	-2.13163e-14	12.4428	0	0	0	0	0	0	0	0	0	0	0	0	0	0	0	0	0	0	0	0	0	0	0	0	0	0	0	0	0	0	0	0	0	
1	1	1	384	11.52		300	0	0	-0.0192	-0.0192	0.0225383	0	0	0	-149.388	-149.388	-9.67845e-06	0	0	0	4.05664	-6.41482	0	10.4715		300	0.563399	-0.0114006	-0.0114006	0.0146663	0	0	0	0.563399	0	-0.426642	-237.002	0	213.464	213.464	-2.13163e-14	12.4428	0	0	0	0	0	0	0	0	0	0	0	0	0	0	0	0	0	0	0	0	0	0	0	0	0	0	0	0	0	0	0	0	0	
1	1	1	385	11.55		300	0	0	-0.01925	-0.01925	0.0226007	0	0	0	-149.517	-149.517	-9.69671e-06	0	0	0	4.07159	-6.41387	0	10.4855		300	0.564522	-0.0114438	-0.0114438	0.0147219	0	0	0	0.564522	0	-0.426642	-237.002	0	213.464	213.464	-2.13163e-14	12.4428	0	0	0	0	0	0	0	0	0	0	0	0	0	0	0	0	0	0	0	0	0	0	0	0	0	0	0	0	0	0	0	0	0	
1	1	1	386	11.58		300	0	0	-0.0193	-0.0193	0.0226632	0	0	0	-149.646	-149.646	-9.71493e-06	0	0	0	4.08655	-6.4129	0	10.4994		300	0.565643	-0.0114871	-0.0114871	0.0147775	0	0	0	0.565643	0	-0.426642	-237.002	0	213.464	213.464	-2.13163e-14	12.4428	0	0	0	0	0	0	0	0	0	0	0	0	0	0	0	0	0	0	0	0	0	0	0	0	0	0	0	0	0	0	0	0	0	
1	1	1	387	11.61		300	0	0	-0.01935	-0.01935	0.0227256	0	0	0	-149.775	-149.775	-9.73311e-06	0	0	0	4.10152	-6.4119	0	10.5134		300	0.566763	-0.0115303	-0.0115303	0.0148332	0	0	0	0.566763	0	-0.426642	-237.002	0	213.464	213.464	-2.13163e-14	12.4428	0	0	0	0	0	0	0	0	0	0	0	0	0	0	0	0	0	0	0	0	0	0	0	0	0	0	0	0	0	0	0	0	0	
1	1	1	388	11.64		300	0	0	-0.0194	-0.0194	0.0227881	0	0	0	-149.904	-149.904	-9.75124e-06	0	0	0	4.1165	-6.41087	0	10.5274		300	0.567882	-0.0115736	-0.0115736	0.0148889	0	0	0	0.567882	0	-0.426642	-237.002	0	213.464	213.464	-2.13163e-14	12.4428	0	0	0	0	0	0	0	0	0	0	0	0	0	0	0	0	0	0	0	0	0	0	0	0	0	0	0	0	0	0	0	0	0	
1	1	1	389	11.67		300	0	0	-0.01945	-0.01945	0.0228505	0	0	0	-150.033	-150.033	-9.76932e-06	0	0	0	4.1315	-6.40981	0	10.5413		300	0.569	-0.0116169	-0.0116169	0.0149445	0	0	0	0.569	0	-0.426642	-237.002	0	213.464	213.464	-2.13163e-14	12.4428	0	0	0	0	0	0	0	0	0	0	0	0	0	0	0	0	0	0	0	0	0	0	0	0	0	0	0	0	0	0	0	0	0	
1	1	1	390	11.7		300	0	0	-0.0195	-0.0195	0.022913	0	0	0	-150.162	-150.162	-9.78736e-06	0	0	0	4.14651	-6.40873	0	10.5552		300	0.570117	-0.0116602	-0.0116602	0.0150002	0	0	0	0.570117	0	-0.426642	-237.002	0	213.464	213.464	-2.13163e-14	12.4428	0	0	0	0	0	0	0	0	0	0	0	0	0	0	0	0	0	0	0	0	0	0	0	0	0	0	0	0	0	0	0	0	0	
1	1	1	391	11.73		300	0	0	-0.01955	-0.01955	0.0229754	0	0	0	-150.29	-150.29	-9.80536e-06	0	0	0	4.16153	-6.40762	0	10.5691		300	0.571232	-0.0117035	-0.0117035	0.0150559	0	0	0	0.571232	0	-0.426642	-237.002	0	213.464	213.464	-2.13163e-14	12.4428	0	0	0	0	0	0	0	0	0	0	0	0	0	0	0	0	0	0	0	0	0	0	0	0	0	0	0	0	0	0	0	0	0	
1	1	1	392	11.76		300	0	0	-0.0196	-0.0196	0.0230379	0	0	0	-150.419	-150.419	-9.82331e-06	0	0	0	4.17657	-6.40648	0	10.583		300	0.572347	-0.0117468	-0.0117468	0.0151116	0	0	0	0.572347	0	-0.426642	-237.002	0	213.464	213.464	-2.13163e-14	12.4428	0	0	0	0	0	0	0	0	0	0	0	0	0	0	0	0	0	0	0	0	0	0	0	0	0	0	0	0	0	0	0	0	0	
1	1	1	393	11.79		300	0	0	-0.01965	-0.01965	0.0231004	0	0	0	-150.547	-150.547	-9.84121e-06	0	0	0	4.19161	-6.40531	0	10.5969		300	0.57346	-0.0117901	-0.0117901	0.0151673	0	0	0	0.57346	0	-0.426642	-237.002	0	213.464	213.464	-2.13163e-14	12.4428	0	0	0	0	0	0	0	0	0	0	0	0	0	0	0	0	0	0	0	0	0	0	0	0	0	0	0	0	0	0	0	0	0	
1	1	1	394	11.82		300	0	0	-0.0197	-0.0197	0.0231628	0	0	0	-150.675	-150.675	-9.85907e-06	0	0	0	4.20668	-6.40412	0	10.6108		300	0.574572	-0.0118334	-0.0118334	0.015223	0	0	0	0.574572	0	-0.426642	-237.002	0	213.464	213.464	-2.13163e-14	12.4428	0	0	0	0	0	0	0	0	0	0	0	0	0	0	0	0	0	0	0	0	0	0	0	0	0	0	0	0	0	0	0	0	0	
1	1	1	395	11.85		300	0	0	-0.01975	-0.01975	0.0232253	0	0	0	-150.803	-150.803	-9.87689e-06	0	0	0	4.22175	-6.4029	0	10.6246		300	0.575683	-0.0118767	-0.0118767	0.0152787	0	0	0	0.575683	0	-0.426642	-237.002	0	213.464	213.464	-2.13163e-14	12.4428	0	0	0	0	0	0	0	0	0	0	0	0	0	0	0	0	0	0	0	0	0	0	0	0	0	0	0	0	0	0	0	0	0	
1	1	1	396	11.88		300	0	0	-0.0198	-0.0198	0.0232878	0	0	0	-150.932	-150.932	-9.89466e-06	0	0	0	4.23684	-6.40165	0	10.6385		300	0.576793	-0.01192	-0.01192	0.0153344	0	0	0	0.576793	0	-0.426642	-237.002	0	213.464	213.464	-2.13163e-14	12.4428	0	0	0	0	0	0	0	0	0	0	0	0	0	0	0	0	0	0	0	0	0	0	0	0	0	0	0	0	0	0	0	0	0	
1	1	1	397	11.91		300	0	0	-0.01985	-0.01985	0.0233502	0	0	0	-151.059	-151.059	-9.91238e-06	0	0	0	4.25194	-6.40038	0	10.6523		300	0.577902	-0.0119633	-0.0119633	0.0153901	0	0	0	0.577902	0	-0.426642	-237.002	0	213.464	213.464	-2.13163e-14	12.4428	0	0	0	0	0	0	0	0	0	0	0	0	0	0	0	0	0	0	0	0	0	0	0	0	0	0	0	0	0	0	0	0	0	
1	1	1	398	11.94		300	0	0	-0.0199	-0.0199	0.0234127	0	0	0	-151.187	-151.187	-9.93006e-06	0	0	0	4.26705	-6.39908	0	10.6661		300	0.57901	-0.0120066	-0.0120066	0.0154459	0	0	0	0.57901	0	-0.426642	-237.002	0	213.464	213.464	-2.13163e-14	12.4428	0	0	0	0	0	0	0	0	0	0	0	0	0	0	0	0	0	0	0	0	0	0	0	0	0	0	0	0	0	0	0	0	0	
1	1	1	399	11.97		300	0	0	-0.01995	-0.01995	0.0234752	0	0	0	-151.315	-151.315	-9.9477e-06	0	0	0	4.28217	-6.39775	0	10.6799		300	0.580116	-0.01205	-0.01205	0.0155016	0	0	0	0.580116	0	-0.426642	-237.002	0	213.464	213.464	-2.13163e-14	12.4428	0	0	0	0	0	0	0	0	0	0	0	0	0	0	0	0	0	0	0	0	0	0	0	0	0	0	0	0	0	0	0	0	0	
1	1	1	400	12		300	0	0	-0.02	-0.02	0.0235376	0	0	0	-151.443	-151.443	-9.96529e-06	0	0	0	4.29731	-6.3964	0	10.6937		300	0.581221	-0.0120933	-0.0120933	0.0155574	0	0	0	0.581221	0	-0.426642	-237.002	0	213.464	213.464	-2.13163e-14	12.4428	0	0	0	0	0	0	0	0	0	0	0	0	0	0	0	0	0	0	0	0	0	0	0	0	0	0	0	0	0	0	0	0	0	
1	1	1	401	12.03		300	0	0	-0.02005	-0.02005	0.0236001	0	0	0	-151.57	-151.57	-9.98284e-06	0	0	0	4.31246	-6.39502	0	10.7075		300	0.582326	-0.0121366	-0.0121366	0.0156131	0	0	0	0.582326	0	-0.426642	-237.002	0	213.464	213.464	-2.13163e-14	12.4428	0	0	0	0	0	0	0	0	0	0	0	0	0	0	0	0	0	0	0	0	0	0	0	0	0	0	0	0	0	0	0	0	0	
1	1	1	402	12.06		300	0	0	-0.0201	-0.0201	0.0236626	0	0	0	-151.698	-151.698	-1.00003e-05	0	0	0	4.32762	-6.39361	0	10.7212		300	0.583429	-0.01218	-0.01218	0.0156689	0	0	0	0.583429	0	-0.426642	-237.002	0	213.464	213.464	-2.13163e-14	12.4428	0	0	0	0	0	0	0	0	0	0	0	0	0	0	0	0	0	0	0	0	0	0	0	0	0	0	0	0	0	0	0	0	0	
1	1	1	403	12.09		300	0	0	-0.02015	-0.02015	0.0237251	0	0	0	-151.825	-151.825	-1.00178e-05	0	0	0	4.3428	-6.39218	0	10.735		300	0.584531	-0.0122233	-0.0122233	0.0157246	0	0	0	0.584531	0	-0.426642	-237.002	0	213.464	213.464	-2.13163e-14	12.4428	0	0	0	0	0	0	0	0	0	0	0	0	0	0	0	0	0	0	0	0	0	0	0	0	0	0	0	0	0	0	0	0	0	
1	1	1	404	12.12		300	0	0	-0.0202	-0.0202	0.0237875	0	0	0	-151.953	-151.953	-1.00352e-05	0	0	0	4.35799	-6.39072	0	10.7487		300	0.585632	-0.0122667	-0.0122667	0.0157804	0	0	0	0.585632	0	-0.426642	-237.002	0	213.464	213.464	-2.13163e-14	12.4428	0	0	0	0	0	0	0	0	0	0	0	0	0	0	0	0	0	0	0	0	0	0	0	0	0	0	0	0	0	0	0	0	0	
1	1	1	405	12.15		300	0	0	-0.02025	-0.02025	0.02385	0	0	0	-152.08	-152.08	-1.00526e-05	0	0	0	4.37319	-6.38923	0	10.7624		300	0.586731	-0.01231	-0.01231	0.0158362	0	0	0	0.586731	0	-0.426642	-237.002	0	213.464	213.464	-2.13163e-14	12.4428	0	0	0	0	0	0	0	0	0	0	0	0	0	0	0	0	0	0	0	0	0	0	0	0	0	0	0	0	0	0	0	0	0	
1	1	1	406	12.18		300	0	0	-0.0203	-0.0203	0.0239125	0	0	0	-152.207	-152.207	-1.00699e-05	0	0	0	4.38841	-6.38772	0	10.7761		300	0.58783	-0.0123534	-0.0123534	0.015892	0	0	0	0.58783	0	-0.426642	-237.002	0	213.464	213.464	-2.13163e-14	12.4428	0	0	0	0	0	0	0	0	0	0	0	0	0	0	0	0	0	0	0	0	0	0	0	0	0	0	0	0	0	0	0	0	0	
1	1	1	407	12.21		300	0	0	-0.02035	-0.02035	0.023975	0	0	0	-152.334	-152.334	-1.00872e-05	0	0	0	4.40363	-6.38618	0	10.7898		300	0.588928	-0.0123968	-0.0123968	0.0159477	0	0	0	0.588928	0	-0.426642	-237.002	0	213.464	213.464	-2.13163e-14	12.4428	0	0	0	0	0	0	0	0	0	0	0	0	0	0	0	0	0	0	0	0	0	0	0	0	0	0	0	0	0	0	0	0	0	
1	1	1	408	12.24		300	0	0	-0.0204	-0.0204	0.0240375	0	0	0	-152.461	-152.461	-1.01045e-05	0	0	0	4.41887	-6.38461	0	10.8035		300	0.590024	-0.0124401	-0.0124401	0.0160035	0	0	0	0.590024	0	-0.426642	-237.002	0	213.464	213.464	-2.13163e-14	12.4428	0	0	0	0	0	0	0	0	0	0	0	0	0	0	0	0	0	0	0	0	0	0	0	0	0	0	0	0	0	0	0	0	0	
1	1	1	409	12.27		300	0	0	-0.02045	-0.02045	0.0240999	0	0	0	-152.588	-152.588	-1.01216e-05	0	0	0	4.43413	-6.38302	0	10.8171		300	0.59112	-0.0124835	-0.0124835	0.0160593	0	0	0	0.59112	0	-0.426642	-237.002	0	213.464	213.464	-2.13163e-14	12.4428	0	0	0	0	0	0	0	0	0	0	0	0	0	0	0	0	0	0	0	0	0	0	0	0	0	0	0	0	0	0	0	0	0	
1	1	1	410	12.3		300	0	0	-0.0205	-0.0205	0.0241624	0	0	0	-152.715	-152.715	-1.01388e-05	0	0	0	4.44939	-6.3814	0	10.8308		300	0.592214	-0.0125269	-0.0125269	0.0161151	0	0	0	0.592214	0	-0.426642	-237.002	0	213.464	213.464	-2.13163e-14	12.4428	0	0	0	0	0	0	0	0	0	0	0	0	0	0	0	0	0	0	0	0	0	0	0	0	0	0	0	0	0	0	0	0	0	
1	1	1	411	12.33		300	0	0	-0.02055	-0.02055	0.0242249	0	0	0	-152.842	-152.842	-1.01559e-05	0	0	0	4.46467	-6.37975	0	10.8444		300	0.593307	-0.0125703	-0.0125703	0.0161709	0	0	0	0.593307	0	-0.426642	-237.002	0	213.464	213.464	-2.13163e-14	12.4428	0	0	0	0	0	0	0	0	0	0	0	0	0	0	0	0	0	0	0	0	0	0	0	0	0	0	0	0	0	0	0	0	0	
1	1	1	412	12.36		300	0	0	-0.0206	-0.0206	0.0242874	0	0	0	-152.968	-152.968	-1.0173e-05	0	0	0	4.47996	-6.37808	0	10.858		300	0.594399	-0.0126136	-0.0126136	0.0162267	0	0	0	0.594399	0	-0.426642	-237.002	0	213.464	213.464	-2.13163e-14	12.4428	0	0	0	0	0	0	0	0	0	0	0	0	0	0	0	0	0	0	0	0	0	0	0	0	0	0	0	0	0	0	0	0	0	
1	1	1	413	12.39		300	0	0	-0.02065	-0.02065	0.0243499	0	0	0	-153.095	-153.095	-1.019e-05	0	0	0	4.49526	-6.37638	0	10.8716		300	0.59549	-0.012657	-0.012657	0.0162826	0	0	0	0.59549	0	-0.426642	-237.002	0	213.464	213.464	-2.13163e-14	12.4428	0	0	0	0	0	0	0	0	0	0	0	0	0	0	0	0	0	0	0	0	0	0	0	0	0	0	0	0	0	0	0	0	0	
1	1	1	414	12.42		300	0	0	-0.0207	-0.0207	0.0244124	0	0	0	-153.221	-153.221	-1.0207e-05	0	0	0	4.51058	-6.37466	0	10.8852		300	0.59658	-0.0127004	-0.0127004	0.0163384	0	0	0	0.59658	0	-0.426642	-237.002	0	213.464	213.464	-2.13163e-14	12.4428	0	0	0	0	0	0	0	0	0	0	0	0	0	0	0	0	0	0	0	0	0	0	0	0	0	0	0	0	0	0	0	0	0	
1	1	1	415	12.45		300	0	0	-0.02075	-0.02075	0.0244749	0	0	0	-153.348	-153.348	-1.02239e-05	0	0	0	4.52591	-6.37291	0	10.8988		300	0.597669	-0.0127438	-0.0127438	0.0163942	0	0	0	0.597669	0	-0.426642	-237.002	0	213.464	213.464	-2.13163e-14	12.4428	0	0	0	0	0	0	0	0	0	0	0	0	0	0	0	0	0	0	0	0	0	0	0	0	0	0	0	0	0	0	0	0	0	
1	1	1	416	12.48		300	0	0	-0.0208	-0.0208	0.0245374	0	0	0	-153.474	-153.474	-1.02408e-05	0	0	0	4.54125	-6.37113	0	10.9124		300	0.598757	-0.0127872	-0.0127872	0.01645	0	0	0	0.598757	0	-0.426642	-237.002	0	213.464	213.464	-2.13163e-14	12.4428	0	0	0	0	0	0	0	0	0	0	0	0	0	0	0	0	0	0	0	0	0	0	0	0	0	0	0	0	0	0	0	0	0	
1	1	1	417	12.51		300	0	0	-0.02085	-0.02085	0.0245998	0	0	0	-153.601	-153.601	-1.02577e-05	0	0	0	4.5566	-6.36933	0	10.9259		300	0.599843	-0.0128306	-0.0128306	0.0165059	0	0	0	0.599843	0	-0.426642	-237.002	0	213.464	213.464	-2.13163e-14	12.4428	0	0	0	0	0	0	0	0	0	0	0	0	0	0	0	0	0	0	0	0	0	0	0	0	0	0	0	0	0	0	0	0	0	
1	1	1	418	12.54		300	0	0	-0.0209	-0.0209	0.0246623	0	0	0	-153.727	-153.727	-1.02745e-05	0	0	0	4.57197	-6.3675	0	10.9395		300	0.600929	-0.012874	-0.012874	0.0165617	0	0	0	0.600929	0	-0.426642	-237.002	0	213.464	213.464	-2.13163e-14	12.4428	0	0	0	0	0	0	0	0	0	0	0	0	0	0	0	0	0	0	0	0	0	0	0	0	0	0	0	0	0	0	0	0	0	
1	1	1	419	12.57		300	0	0	-0.02095	-0.02095	0.0247248	0	0	0	-153.853	-153.853	-1.02913e-05	0	0	0	4.58735	-6.36564	0	10.953		300	0.602013	-0.0129174	-0.0129174	0.0166175	0	0	0	0.602013	0	-0.426642	-237.002	0	213.464	213.464	-2.13163e-14	12.4428	0	0	0	0	0	0	0	0	0	0	0	0	0	0	0	0	0	0	0	0	0	0	0	0	0	0	0	0	0	0	0	0	0	
1	1	1	420	12.6		300	0	0	-0.021	-0.021	0.0247873	0	0	0	-153.979	-153.979	-1.0308e-05	0	0	0	4.60274	-6.36376	0	10.9665		300	0.603097	-0.0129609	-0.0129609	0.0166734	0	0	0	0.603097	0	-0.426642	-237.002	0	213.464	213.464	-2.13163e-14	12.4428	0	0	0	0	0	0	0	0	0	0	0	0	0	0	0	0	0	0	0	0	0	0	0	0	0	0	0	0	0	0	0	0	0	
1	1	1	421	12.63		300	0	0	-0.02105	-0.02105	0.0248498	0	0	0	-154.105	-154.105	-1.03247e-05	0	0	0	4.61814	-6.36186	0	10.98		300	0.604179	-0.0130043	-0.0130043	0.0167292	0	0	0	0.604179	0	-0.426642	-237.002	0	213.464	213.464	-2.13163e-14	12.4428	0	0	0	0	0	0	0	0	0	0	0	0	0	0	0	0	0	0	0	0	0	0	0	0	0	0	0	0	0	0	0	0	0	
1	1	1	422	12.66		300	0	0	-0.0211	-0.0211	0.0249123	0	0	0	-154.231	-154.231	-1.03413e-05	0	0	0	4.63356	-6.35992	0	10.9935		300	0.60526	-0.0130477	-0.0130477	0.0167851	0	0	0	0.60526	0	-0.426642	-237.002	0	213.464	213.464	-2.13163e-14	12.4428	0	0	0	0	0	0	0	0	0	0	0	0	0	0	0	0	0	0	0	0	0	0	0	0	0	0	0	0	0	0	0	0	0	
1	1	1	423	12.69		300	0	0	-0.02115	-0.02115	0.0249748	0	0	0	-154.357	-154.357	-1.03579e-05	0	0	0	4.64899	-6.35796	0	11.007		300	0.606341	-0.0130911	-0.0130911	0.0168409	0	0	0	0.606341	0	-0.426642	-237.002	0	213.464	213.464	-2.13163e-14	12.4428	0	0	0	0	0	0	0	0	0	0	0	0	0	0	0	0	0	0	0	0	0	0	0	0	0	0	0	0	0	0	0	0	0	
1	1	1	424	12.72		300	0	0	-0.0212	-0.0212	0.0250373	0	0	0	-154.483	-154.483	-1.03745e-05	0	0	0	4.66443	-6.35598	0	11.0204		300	0.60742	-0.0131345	-0.0131345	0.0168968	0	0	0	0.60742	0	-0.426642	-237.002	0	213.464	213.464	-2.13163e-14	12.4428	0	0	0	0	0	0	0	0	0	0	0	0	0	0	0	0	0	0	0	0	0	0	0	0	0	0	0	0	0	0	0	0	0	
1	1	1	425	12.75		300	0	0	-0.02125	-0.02125	0.0250998	0	0	0	-154.609	-154.609	-1.0391e-05	0	0	0	4.67989	-6.35397	0	11.0339		300	0.608498	-0.013178	-0.013178	0.0169527	0	0	0	0.608498	0	-0.426642	-237.002	0	213.464	213.464	-2.13163e-14	12.4428	0	0	0	0	0	0	0	0	0	0	0	0	0	0	0	0	0	0	0	0	0	0	0	0	0	0	0	0	0	0	0	0	0	
1	1	1	426	12.78		300	0	0	-0.0213	-0.0213	0.0251623	0	0	0	-154.735	-154.735	-1.04075e-05	0	0	0	4.69535	-6.35193	0	11.0473		300	0.609575	-0.0132214	-0.0132214	0.0170085	0	0	0	0.609575	0	-0.426642	-237.002	0	213.464	213.464	-2.13163e-14	12.4428	0	0	0	0	0	0	0	0	0	0	0	0	0	0	0	0	0	0	0	0	0	0	0	0	0	0	0	0	0	0	0	0	0	
1	1	1	427	12.81		300	0	0	-0.02135	-0.02135	0.0252248	0	0	0	-154.861	-154.861	-1.04239e-05	0	0	0	4.71083	-6.34987	0	11.0607		300	0.610651	-0.0132648	-0.0132648	0.0170644	0	0	0	0.610651	0	-0.426642	-237.002	0	213.464	213.464	-2.13163e-14	12.4428	0	0	0	0	0	0	0	0	0	0	0	0	0	0	0	0	0	0	0	0	0	0	0	0	0	0	0	0	0	0	0	0	0	
1	1	1	428	12.84		300	0	0	-0.0214	-0.0214	0.0252873	0	0	0	-154.986	-154.986	-1.04403e-05	0	0	0	4.72632	-6.34778	0	11.0741		300	0.611726	-0.0133083	-0.0133083	0.0171203	0	0	0	0.611726	0	-0.426642	-237.002	0	213.464	213.464	-2.13163e-14	12.4428	0	0	0	0	0	0	0	0	0	0	0	0	0	0	0	0	0	0	0	0	0	0	0	0	0	0	0	0	0	0	0	0	0	
1	1	1	429	12.87		300	0	0	-0.02145	-0.02145	0.0253498	0	0	0	-155.112	-155.112	-1.04566e-05	0	0	0	4.74183	-6.34567	0	11.0875		300	0.612799	-0.0133517	-0.0133517	0.0171762	0	0	0	0.612799	0	-0.426642	-237.002	0	213.464	213.464	-2.13163e-14	12.4428	0	0	0	0	0	0	0	0	0	0	0	0	0	0	0	0	0	0	0	0	0	0	0	0	0	0	0	0	0	0	0	0	0	
1	1	1	430	12.9		300	0	0	-0.0215	-0.0215	0.0254123	0	0	0	-155.238	-155.238	-1.04729e-05	0	0	0	4.75735	-6.34353	0	11.1009		300	0.613872	-0.0133952	-0.0133952	0.0172321	0	0	0	0.613872	0	-0.426642	-237.002	0	213.464	213.464	-2.13163e-14	12.4428	0	0	0	0	0	0	0	0	0	0	0	0	0	0	0	0	0	0	0	0	0	0	0	0	0	0	0	0	0	0	0	0	0	
1	1	1	431	12.93		300	0	0	-0.02155	-0.02155	0.0254748	0	0	0	-155.363	-155.363	-1.04892e-05	0	0	0	4.77288	-6.34136	0	11.1142		300	0.614944	-0.0134386	-0.0134386	0.0172879	0	0	0	0.614944	0	-0.426642	-237.002	0	213.464	213.464	-2.13163e-14	12.4428	0	0	0	0	0	0	0	0	0	0	0	0	0	0	0	0	0	0	0	0	0	0	0	0	0	0	0	0	0	0	0	0	0	
1	1	1	432	12.96		300	0	0	-0.0216	-0.0216	0.0255373	0	0	0	-155.489	-155.489	-1.05054e-05	0	0	0	4.78842	-6.33917	0	11.1276		300	0.616015	-0.0134821	-0.0134821	0.0173438	0	0	0	0.616015	0	-0.426642	-237.002	0	213.464	213.464	-2.13163e-14	12.4428	0	0	0	0	0	0	0	0	0	0	0	0	0	0	0	0	0	0	0	0	0	0	0	0	0	0	0	0	0	0	0	0	0	
1	1	1	433	12.99		300	0	0	-0.02165	-0.02165	0.0255998	0	0	0	-155.614	-155.614	-1.05216e-05	0	0	0	4.80397	-6.33696	0	11.1409		300	0.617084	-0.0135255	-0.0135255	0.0173997	0	0	0	0.617084	0	-0.426642	-237.002	0	213.464	213.464	-2.13163e-14	12.4428	0	0	0	0	0	0	0	0	0	0	0	0	0	0	0	0	0	0	0	0	0	0	0	0	0	0	0	0	0	0	0	0	0	
1	1	1	434	13.02		300	0	0	-0.0217	-0.0217	0.0256623	0	0	0	-155.74	-155.74	-1.05377e-05	0	0	0	4.81954	-6.33471	0	11.1543		300	0.618153	-0.013569	-0.013569	0.0174556	0	0	0	0.618153	0	-0.426642	-237.002	0	213.464	213.464	-2.13163e-14	12.4428	0	0	0	0	0	0	0	0	0	0	0	0	0	0	0	0	0	0	0	0	0	0	0	0	0	0	0	0	0	0	0	0	0	
1	1	1	435	13.05		300	0	0	-0.02175	-0.02175	0.0257248	0	0	0	-155.865	-155.865	-1.05538e-05	0	0	0	4.83512	-6.33245	0	11.1676		300	0.61922	-0.0136124	-0.0136124	0.0175115	0	0	0	0.61922	0	-0.426642	-237.002	0	213.464	213.464	-2.13163e-14	12.4428	0	0	0	0	0	0	0	0	0	0	0	0	0	0	0	0	0	0	0	0	0	0	0	0	0	0	0	0	0	0	0	0	0	
1	1	1	436	13.08		300	0	0	-0.0218	-0.0218	0.0257873	0	0	0	-155.99	-155.99	-1.05699e-05	0	0	0	4.85072	-6.33015	0	11.1809		300	0.620287	-0.0136559	-0.0136559	0.0175674	0	0	0	0.620287	0	-0.426642	-237.002	0	213.464	213.464	-2.13163e-14	12.4428	0	0	0	0	0	0	0	0	0	0	0	0	0	0	0	0	0	0	0	0	0	0	0	0	0	0	0	0	0	0	0	0	0	
1	1	1	437	13.11		300	0	0	-0.02185	-0.02185	0.0258498	0	0	0	-156.116	-156.116	-1.05859e-05	0	0	0	4.86632	-6.32783	0	11.1942		300	0.621352	-0.0136993	-0.0136993	0.0176233	0	0	0	0.621352	0	-0.426642	-237.002	0	213.464	213.464	-2.13163e-14	12.4428	0	0	0	0	0	0	0	0	0	0	0	0	0	0	0	0	0	0	0	0	0	0	0	0	0	0	0	0	0	0	0	0	0	
1	1	1	438	13.14		300	0	0	-0.0219	-0.0219	0.0259123	0	0	0	-156.241	-156.241	-1.06019e-05	0	0	0	4.88194	-6.32549	0	11.2074		300	0.622417	-0.0137428	-0.0137428	0.0176792	0	0	0	0.622417	0	-0.426642	-237.002	0	213.464	213.464	-2.13163e-14	12.4428	0	0	0	0	0	0	0	0	0	0	0	0	0	0	0	0	0	0	0	0	0	0	0	0	0	0	0	0	0	0	0	0	0	
1	1	1	439	13.17		300	0	0	-0.02195	-0.02195	0.0259748	0	0	0	-156.366	-156.366	-1.06178e-05	0	0	0	4.89757	-6.32312	0	11.2207		300	0.62348	-0.0137862	-0.0137862	0.0177351	0	0	0	0.62348	0	-0.426642	-237.002	0	213.464	213.464	-2.13163e-14	12.4428	0	0	0	0	0	0	0	0	0	0	0	0	0	0	0	0	0	0	0	0	0	0	0	0	0	0	0	0	0	0	0	0	0	
1	1	1	440	13.2		300	0	0	-0.022	-0.022	0.0260374	0	0	0	-156.491	-156.491	-1.06337e-05	0	0	0	4.91321	-6.32073	0	11.2339		300	0.624542	-0.0138297	-0.0138297	0.017791	0	0	0	0.624542	0	-0.426642	-237.002	0	213.464	213.464	-2.13163e-14	12.4428	0	0	0	0	0	0	0	0	0	0	0	0	0	0	0	0	0	0	0	0	0	0	0	0	0	0	0	0	0	0	0	0	0	
1	1	1	441	13.23		300	0	0	-0.02205	-0.02205	0.0260999	0	0	0	-156.617	-156.617	-1.06495e-05	0	0	0	4.92887	-6.3183	0	11.2472		300	0.625604	-0.0138732	-0.0138732	0.0178469	0	0	0	0.625604	0	-0.426642	-237.002	0	213.464	213.464	-2.13163e-14	12.4428	0	0	0	0	0	0	0	0	0	0	0	0	0	0	0	0	0	0	0	0	0	0	0	0	0	0	0	0	0	0	0	0	0	
1	1	1	442	13.26		300	0	0	-0.0221	-0.0221	0.0261624	0	0	0	-156.742	-156.742	-1.06653e-05	0	0	0	4.94454	-6.31586	0	11.2604		300	0.626664	-0.0139166	-0.0139166	0.0179029	0	0	0	0.626664	0	-0.426642	-237.002	0	213.464	213.464	-2.13163e-14	12.4428	0	0	0	0	0	0	0	0	0	0	0	0	0	0	0	0	0	0	0	0	0	0	0	0	0	0	0	0	0	0	0	0	0	
1	1	1	443	13.29		300	0	0	-0.02215	-0.02215	0.0262249	0	0	0	-156.867	-156.867	-1.06811e-05	0	0	0	4.96022	-6.31339	0	11.2736		300	0.627723	-0.0139601	-0.0139601	0.0179588	0	0	0	0.627723	0	-0.426642	-237.002	0	213.464	213.464	-2.13163e-14	12.4428	0	0	0	0	0	0	0	0	0	0	0	0	0	0	0	0	0	0	0	0	0	0	0	0	0	0	0	0	0	0	0	0	0	
1	1	1	444	13.32		300	0	0	-0.0222	-0.0222	0.0262874	0	0	0	-156.992	-156.992	-1.06968e-05	0	0	0	4.97591	-6.31089	0	11.2868		300	0.628782	-0.0140036	-0.0140036	0.0180147	0	0	0	0.628782	0	-0.426642	-237.002	0	213.464	213.464	-2.13163e-14	12.4428	0	0	0	0	0	0	0	0	0	0	0	0	0	0	0	0	0	0	0	0	0	0	0	0	0	0	0	0	0	0	0	0	0	
1	1	1	445	13.35		300	0	0	-0.02225	-0.02225	0.0263499	0	0	0	-157.117	-157.117	-1.07125e-05	0	0	0	4.99161	-6.30837	0	11.3		300	0.629839	-0.014047	-0.014047	0.0180706	0	0	0	0.629839	0	-0.426642	-237.002	0	213.464	213.464	-2.13163e-14	12.4428	0	0	0	0	0	0	0	0	0	0	0	0	0	0	0	0	0	0	0	0	0	0	0	0	0	0	0	0	0	0	0	0	0	
1	1	1	446	13.38		300	0	0	-0.0223	-0.0223	0.0264124	0	0	0	-157.242	-157.242	-1.07282e-05	0	0	0	5.00733	-6.30582	0	11.3132		300	0.630895	-0.0140905	-0.0140905	0.0181265	0	0	0	0.630895	0	-0.426642	-237.002	0	213.464	213.464	-2.13163e-14	12.4428	0	0	0	0	0	0	0	0	0	0	0	0	0	0	0	0	0	0	0	0	0	0	0	0	0	0	0	0	0	0	0	0	0	
1	1	1	447	13.41		300	0	0	-0.02235	-0.02235	0.0264749	0	0	0	-157.367	-157.367	-1.07438e-05	0	0	0	5.02306	-6.30325	0	11.3263		300	0.63195	-0.014134	-0.014134	0.0181825	0	0	0	0.63195	0	-0.426642	-237.002	0	213.464	213.464	-2.13163e-14	12.4428	0	0	0	0	0	0	0	0	0	0	0	0	0	0	0	0	0	0	0	0	0	0	0	0	0	0	0	0	0	0	0	0	0	
1	1	1	448	13.44		300	0	0	-0.0224	-0.0224	0.0265374	0	0	0	-157.492	-157.492	-1.07593e-05	0	0	0	5.03881	-6.30065	0	11.3395		300	0.633004	-0.0141775	-0.0141775	0.0182384	0	0	0	0.633004	0	-0.426642	-237.002	0	213.464	213.464	-2.13163e-14	12.4428	0	0	0	0	0	0	0	0	0	0	0	0	0	0	0	0	0	0	0	0	0	0	0	0	0	0	0	0	0	0	0	0	0	
1	1	1	449	13.47		300	0	0	-0.02245	-0.02245	0.0265999	0	0	0	-157.617	-157.617	-1.07748e-05	0	0	0	5.05456	-6.29803	0	11.3526		300	0.634057	-0.0142209	-0.0142209	0.0182943	0	0	0	0.634057	0	-0.426642	-237.002	0	213.464	213.464	-2.13163e-14	12.4428	0	0	0	0	0	0	0	0	0	0	0	0	0	0	0	0	0	0	0	0	0	0	0	0	0	0	0	0	0	0	0	0	0	
1	1	1	450	13.5		300	0	0	-0.0225	-0.0225	0.0266624	0	0	0	-157.742	-157.742	-1.07903e-05	0	0	0	5.07033	-6.29538	0	11.3657		300	0.635109	-0.0142644	-0.0142644	0.0183502	0	0	0	0.635109	0	-0.426642	-237.002	0	213.464	213.464	-2.13163e-14	12.4428	0	0	0	0	0	0	0	0	0	0	0	0	0	0	0	0	0	0	0	0	0	0	0	0	0	0	0	0	0	0	0	0	0	
1	1	1	451	13.53		300	0	0	-0.02255	-0.02255	0.026725	0	0	0	-157.867	-157.867	-1.08058e-05	0	0	0	5.08611	-6.29271	0	11.3788		300	0.63616	-0.0143079	-0.0143079	0.0184062	0	0	0	0.63616	0	-0.426642	-237.002	0	213.464	213.464	-2.13163e-14	12.4428	0	0	0	0	0	0	0	0	0	0	0	0	0	0	0	0	0	0	0	0	0	0	0	0	0	0	0	0	0	0	0	0	0	
1	1	1	452	13.56		300	0	0	-0.0226	-0.0226	0.0267875	0	0	0	-157.992	-157.992	-1.08212e-05	0	0	0	5.1019	-6.29001	0	11.3919		300	0.63721	-0.0143514	-0.0143514	0.0184621	0	0	0	0.63721	0	-0.426642	-237.002	0	213.464	213.464	-2.13163e-14	12.4428	0	0	0	0	0	0	0	0	0	0	0	0	0	0	0	0	0	0	0	0	0	0	0	0	0	0	0	0	0	0	0	0	0	
1	1	1	453	13.59		300	0	0	-0.02265	-0.02265	0.02685	0	0	0	-158.117	-158.117	-1.08365e-05	0	0	0	5.11771	-6.28728	0	11.405		300	0.638259	-0.0143949	-0.0143949	0.018518	0	0	0	0.638259	0	-0.426642	-237.002	0	213.464	213.464	-2.13163e-14	12.4428	0	0	0	0	0	0	0	0	0	0	0	0	0	0	0	0	0	0	0	0	0	0	0	0	0	0	0	0	0	0	0	0	0	
1	1	1	454	13.62		300	0	0	-0.0227	-0.0227	0.0269125	0	0	0	-158.242	-158.242	-1.08519e-05	0	0	0	5.13353	-6.28454	0	11.4181		300	0.639307	-0.0144383	-0.0144383	0.0185739	0	0	0	0.639307	0	-0.426642	-237.002	0	213.464	213.464	-2.13163e-14	12.4428	0	0	0	0	0	0	0	0	0	0	0	0	0	0	0	0	0	0	0	0	0	0	0	0	0	0	0	0	0	0	0	0	0	
1	1	1	455	13.65		300	0	0	-0.02275	-0.02275	0.026975	0	0	0	-158.366	-158.366	-1.08671e-05	0	0	0	5.14936	-6.28176	0	11.4311		300	0.640354	-0.0144818	-0.0144818	0.0186299	0	0	0	0.640354	0	-0.426642	-237.002	0	213.464	213.464	-2.13163e-14	12.4428	0	0	0	0	0	0	0	0	0	0	0	0	0	0	0	0	0	0	0	0	0	0	0	0	0	0	0	0	0	0	0	0	0	
1	1	1	456	13.68		300	0	0	-0.0228	-0.0228	0.0270375	0	0	0	-158.491	-158.491	-1.08824e-05	0	0	0	5.1652	-6.27896	0	11.4442		300	0.6414	-0.0145253	-0.0145253	0.0186858	0	0	0	0.6414	0	-0.426642	-237.002	0	213.464	213.464	-2.13163e-14	12.4428	0	0	0	0	0	0	0	0	0	0	0	0	0	0	0	0	0	0	0	0	0	0	0	0	0	0	0	0	0	0	0	0	0	
1	1	1	457	13.71		300	0	0	-0.02285	-0.02285	0.0271	0	0	0	-158.616	-158.616	-1.08976e-05	0	0	0	5.18105	-6.27614	0	11.4572		300	0.642445	-0.0145688	-0.0145688	0.0187417	0	0	0	0.642445	0	-0.426642	-237.002	0	213.464	213.464	-2.13163e-14	12.4428	0	0	0	0	0	0	0	0	0	0	0	0	0	0	0	0	0	0	0	0	0	0	0	0	0	0	0	0	0	0	0	0	0	
1	1	1	458	13.74		300	0	0	-0.0229	-0.0229	0.0271625	0	0	0	-158.741	-158.741	-1.09127e-05	0	0	0	5.19692	-6.27329	0	11.4702		300	0.643489	-0.0146123	-0.0146123	0.0187977	0	0	0	0.643489	0	-0.426642	-237.002	0	213.464	213.464	-2.13163e-14	12.4428	0	0	0	0	0	0	0	0	0	0	0	0	0	0	0	0	0	0	0	0	0	0	0	0	0	0	0	0	0	0	0	0	0	
1	1	1	459	13.77		300	0	0	-0.02295	-0.02295	0.027225	0	0	0	-158.866	-158.866	-1.09279e-05	0	0	0	5.2128	-6.27042	0	11.4832		300	0.644532	-0.0146557	-0.0146557	0.0188536	0	0	0	0.644532	0	-0.426642	-237.002	0	213.464	213.464	-2.13163e-14	12.4428	0	0	0	0	0	0	0	0	0	0	0	0	0	0	0	0	0	0	0	0	0	0	0	0	0	0	0	0	0	0	0	0	0	
1	1	1	460	13.8		300	0	0	-0.023	-0.023	0.0272876	0	0	0	-158.99	-158.99	-1.09429e-05	0	0	0	5.2287	-6.26752	0	11.4962		300	0.645574	-0.0146992	-0.0146992	0.0189096	0	0	0	0.645574	0	-0.426642	-237.002	0	213.464	213.464	-2.13163e-14	12.4428	0	0	0	0	0	0	0	0	0	0	0	0	0	0	0	0	0	0	0	0	0	0	0	0	0	0	0	0	0	0	0	0	0	
1	1	1	461	13.83		300	0	0	-0.02305	-0.02305	0.0273501	0	0	0	-159.115	-159.115	-1.0958e-05	0	0	0	5.2446	-6.26459	0	11.5092		300	0.646615	-0.0147427	-0.0147427	0.0189655	0	0	0	0.646615	0	-0.426642	-237.002	0	213.464	213.464	-2.13163e-14	12.4428	0	0	0	0	0	0	0	0	0	0	0	0	0	0	0	0	0	0	0	0	0	0	0	0	0	0	0	0	0	0	0	0	0	
1	1	1	462	13.86		300	0	0	-0.0231	-0.0231	0.0274126	0	0	0	-159.24	-159.24	-1.0973e-05	0	0	0	5.26052	-6.26164	0	11.5222		300	0.647655	-0.0147862	-0.0147862	0.0190214	0	0	0	0.647655	0	-0.426642	-237.002	0	213.464	213.464	-2.13163e-14	12.4428	0	0	0	0	0	0	0	0	0	0	0	0	0	0	0	0	0	0	0	0	0	0	0	0	0	0	0	0	0	0	0	0	0	
1	1	1	463	13.89		300	0	0	-0.02315	-0.02315	0.0274751	0	0	0	-159.365	-159.365	-1.09879e-05	0	0	0	5.27645	-6.25867	0	11.5351		300	0.648694	-0.0148297	-0.0148297	0.0190774	0	0	0	0.648694	0	-0.426642	-237.002	0	213.464	213.464	-2.13163e-14	12.4428	0	0	0	0	0	0	0	0	0	0	0	0	0	0	0	0	0	0	0	0	0	0	0	0	0	0	0	0	0	0	0	0	0	
1	1	1	464	13.92		300	0	0	-0.0232	-0.0232	0.0275376	0	0	0	-159.49	-159.49	-1.10029e-05	0	0	0	5.29239	-6.25567	0	11.5481		300	0.649732	-0.0148732	-0.0148732	0.0191333	0	0	0	0.649732	0	-0.426642	-237.002	0	213.464	213.464	-2.13163e-14	12.4428	0	0	0	0	0	0	0	0	0	0	0	0	0	0	0	0	0	0	0	0	0	0	0	0	0	0	0	0	0	0	0	0	0	
1	1	1	465	13.95		300	0	0	-0.02325	-0.02325	0.0276001	0	0	0	-159.614	-159.614	-1.10177e-05	0	0	0	5.30835	-6.25265	0	11.561		300	0.650769	-0.0149167	-0.0149167	0.0191892	0	0	0	0.650769	0	-0.426642	-237.002	0	213.464	213.464	-2.13163e-14	12.4428	0	0	0	0	0	0	0	0	0	0	0	0	0	0	0	0	0	0	0	0	0	0	0	0	0	0	0	0	0	0	0	0	0	
1	1	1	466	13.98		300	0	0	-0.0233	-0.0233	0.0276626	0	0	0	-159.739	-159.739	-1.10326e-05	0	0	0	5.32431	-6.2496	0	11.5739		300	0.651805	-0.0149601	-0.0149601	0.0192452	0	0	0	0.651805	0	-0.426642	-237.002	0	213.464	213.464	-2.13163e-14	12.4428	0	0	0	0	0	0	0	0	0	0	0	0	0	0	0	0	0	0	0	0	0	0	0	0	0	0	0	0	0	0	0	0	0	
1	1	1	467	14.01		300	0	0	-0.02335	-0.02335	0.0277251	0	0	0	-159.864	-159.864	-1.10474e-05	0	0	0	5.34029	-6.24652	0	11.5868		300	0.65284	-0.0150036	-0.0150036	0.0193011	0	0	0	0.65284	0	-0.426642	-237.002	0	213.464	213.464	-2.13163e-14	12.4428	0	0	0	0	0	0	0	0	0	0	0	0	0	0	0	0	0	0	0	0	0	0	0	0	0	0	0	0	0	0	0	0	0	
1	1	1	468	14.04		300	0	0	-0.0234	-0.0234	0.0277877	0	0	0	-159.989	-159.989	-1.10621e-05	0	0	0	5.35629	-6.24342	0	11.5997		300	0.653874	-0.0150471	-0.0150471	0.019357	0	0	0	0.653874	0	-0.426642	-237.002	0	213.464	213.464	-2.13163e-14	12.4428	0	0	0	0	0	0	0	0	0	0	0	0	0	0	0	0	0	0	0	0	0	0	0	0	0	0	0	0	0	0	0	0	0	
1	1	1	469	14.07		300	0	0	-0.02345	-0.02345	0.0278502	0	0	0	-160.114	-160.114	-1.10769e-05	0	0	0	5.37229	-6.2403	0	11.6126		300	0.654907	-0.0150906	-0.0150906	0.019413	0	0	0	0.654907	0	-0.426642	-237.002	0	213.464	213.464	-2.13163e-14	12.4428	0	0	0	0	0	0	0	0	0	0	0	0	0	0	0	0	0	0	0	0	0	0	0	0	0	0	0	0	0	0	0	0	0	
1	1	1	470	14.1		300	0	0	-0.0235	-0.0235	0.0279127	0	0	0	-160.238	-160.238	-1.10915e-05	0	0	0	5.38831	-6.23715	0	11.6255		300	0.655939	-0.0151341	-0.0151341	0.0194689	0	0	0	0.655939	0	-0.426642	-237.002	0	213.464	213.464	-2.13163e-14	12.4428	0	0	0	0	0	0	0	0	0	0	0	0	0	0	0	0	0	0	0	0	0	0	0	0	0	0	0	0	0	0	0	0	0	
1	1	1	471	14.13		300	0	0	-0.02355	-0.02355	0.0279752	0	0	0	-160.363	-160.363	-1.11062e-05	0	0	0	5.40434	-6.23398	0	11.6383		300	0.65697	-0.0151776	-0.0151776	0.0195248	0	0	0	0.65697	0	-0.426642	-237.002	0	213.464	213.464	-2.13163e-14	12.4428	0	0	0	0	0	0	0	0	0	0	0	0	0	0	0	0	0	0	0	0	0	0	0	0	0	0	0	0	0	0	0	0	0	
1	1	1	472	14.16		300	0	0	-0.0236	-0.0236	0.0280377	0	0	0	-160.488	-160.488	-1.11208e-05	0	0	0	5.42038	-6.23078	0	11.6512		300	0.658	-0.015221	-0.015221	0.0195808	0	0	0	0.658	0	-0.426642	-237.002	0	213.464	213.464	-2.13163e-14	12.4428	0	0	0	0	0	0	0	0	0	0	0	0	0	0	0	0	0	0	0	0	0	0	0	0	0	0	0	0	0	0	0	0	0	
1	1	1	473	14.19		300	0	0	-0.02365	-0.02365	0.0281002	0	0	0	-160.613	-160.613	-1.11354e-05	0	0	0	5.43644	-6.22756	0	11.664		300	0.659029	-0.0152645	-0.0152645	0.0196367	0	0	0	0.659029	0	-0.426642	-237.002	0	213.464	213.464	-2.13163e-14	12.4428	0	0	0	0	0	0	0	0	0	0	0	0	0	0	0	0	0	0	0	0	0	0	0	0	0	0	0	0	0	0	0	0	0	
1	1	1	474	14.22		300	0	0	-0.0237	-0.0237	0.0281627	0	0	0	-160.738	-160.738	-1.11499e-05	0	0	0	5.4525	-6.22431	0	11.6768		300	0.660057	-0.015308	-0.015308	0.0196926	0	0	0	0.660057	0	-0.426642	-237.002	0	213.464	213.464	-2.13163e-14	12.4428	0	0	0	0	0	0	0	0	0	0	0	0	0	0	0	0	0	0	0	0	0	0	0	0	0	0	0	0	0	0	0	0	0	
1	1	1	475	14.25		300	0	0	-0.02375	-0.02375	0.0282252	0	0	0	-160.863	-160.863	-1.11644e-05	0	0	0	5.46858	-6.22104	0	11.6896		300	0.661084	-0.0153515	-0.0153515	0.0197486	0	0	0	0.661084	0	-0.426642	-237.002	0	213.464	213.464	-2.13163e-14	12.4428	0	0	0	0	0	0	0	0	0	0	0	0	0	0	0	0	0	0	0	0	0	0	0	0	0	0	0	0	0	0	0	0	0	
1	1	1	476	14.28		300	0	0	-0.0238	-0.0238	0.0282877	0	0	0	-160.987	-160.987	-1.11788e-05	0	0	0	5.48468	-6.21774	0	11.7024		300	0.66211	-0.015395	-0.015395	0.0198045	0	0	0	0.66211	0	-0.426642	-237.002	0	213.464	213.464	-2.13163e-14	12.4428	0	0	0	0	0	0	0	0	0	0	0	0	0	0	0	0	0	0	0	0	0	0	0	0	0	0	0	0	0	0	0	0	0	
1	1	1	477	14.31		300	0	0	-0.02385	-0.02385	0.0283503	0	0	0	-161.112	-161.112	-1.11932e-05	0	0	0	5.50078	-6.21442	0	11.7152		300	0.663135	-0.0154385	-0.0154385	0.0198604	0	0	0	0.663135	0	-0.426642	-237.002	0	213.464	213.464	-2.13163e-14	12.4428	0	0	0	0	0	0	0	0	0	0	0	0	0	0	0	0	0	0	0	0	0	0	0	0	0	0	0	0	0	0	0	0	0	
1	1	1	478	14.34		300	0	0	-0.0239	-0.0239	0.0284128	0	0	0	-161.237	-161.237	-1.12076e-05	0	0	0	5.5169	-6.21107	0	11.728		300	0.664159	-0.0154819	-0.0154819	0.0199164	0	0	0	0.664159	0	-0.426642	-237.002	0	213.464	213.464	-2.13163e-14	12.4428	0	0	0	0	0	0	0	0	0	0	0	0	0	0	0	0	0	0	0	0	0	0	0	0	0	0	0	0	0	0	0	0	0	
1	1	1	479	14.37		300	0	0	-0.02395	-0.02395	0.0284753	0	0	0	-161.362	-161.362	-1.12219e-05	0	0	0	5.53303	-6.2077	0	11.7407		300	0.665182	-0.0155254	-0.0155254	0.0199723	0	0	0	0.665182	0	-0.426642	-237.002	0	213.464	213.464	-2.13163e-14	12.4428	0	0	0	0	0	0	0	0	0	0	0	0	0	0	0	0	0	0	0	0	0	0	0	0	0	0	0	0	0	0	0	0	0	
1	1	1	480	14.4		300	0	0	-0.024	-0.024	0.0285378	0	0	0	-161.487	-161.487	-1.12362e-05	0	0	0	5.54917	-6.20431	0	11.7535		300	0.666204	-0.0155689	-0.0155689	0.0200282	0	0	0	0.666204	0	-0.426642	-237.002	0	213.464	213.464	-2.13163e-14	12.4428	0	0	0	0	0	0	0	0	0	0	0	0	0	0	0	0	0	0	0	0	0	0	0	0	0	0	0	0	0	0	0	0	0	
1	1	1	481	14.43		300	0	0	-0.02405	-0.02405	0.0286003	0	0	0	-161.612	-161.612	-1.12505e-05	0	0	0	5.56533	-6.20088	0	11.7662		300	0.667225	-0.0156124	-0.0156124	0.0200842	0	0	0	0.667225	0	-0.426642	-237.002	0	213.464	213.464	-2.13163e-14	12.4428	0	0	0	0	0	0	0	0	0	0	0	0	0	0	0	0	0	0	0	0	0	0	0	0	0	0	0	0	0	0	0	0	0	
1	1	1	482	14.46		300	0	0	-0.0241	-0.0241	0.0286628	0	0	0	-161.737	-161.737	-1.12647e-05	0	0	0	5.58149	-6.19744	0	11.7789		300	0.668245	-0.0156558	-0.0156558	0.0201401	0	0	0	0.668245	0	-0.426642	-237.002	0	213.464	213.464	-2.13163e-14	12.4428	0	0	0	0	0	0	0	0	0	0	0	0	0	0	0	0	0	0	0	0	0	0	0	0	0	0	0	0	0	0	0	0	0	
1	1	1	483	14.49		300	0	0	-0.02415	-0.02415	0.0287253	0	0	0	-161.862	-161.862	-1.12789e-05	0	0	0	5.59767	-6.19397	0	11.7916		300	0.669265	-0.0156993	-0.0156993	0.020196	0	0	0	0.669265	0	-0.426642	-237.002	0	213.464	213.464	-2.13163e-14	12.4428	0	0	0	0	0	0	0	0	0	0	0	0	0	0	0	0	0	0	0	0	0	0	0	0	0	0	0	0	0	0	0	0	0	
1	1	1	484	14.52		300	0	0	-0.0242	-0.0242	0.0287878	0	0	0	-161.987	-161.987	-1.1293e-05	0	0	0	5.61387	-6.19047	0	11.8043		300	0.670283	-0.0157428	-0.0157428	0.0202519	0	0	0	0.670283	0	-0.426642	-237.002	0	213.464	213.464	-2.13163e-14	12.4428	0	0	0	0	0	0	0	0	0	0	0	0	0	0	0	0	0	0	0	0	0	0	0	0	0	0	0	0	0	0	0	0	0	
1	1	1	485	14.55		300	0	0	-0.02425	-0.02425	0.0288503	0	0	0	-162.112	-162.112	-1.13071e-05	0	0	0	5.63007	-6.18695	0	11.817		300	0.6713	-0.0157863	-0.0157863	0.0203078	0	0	0	0.6713	0	-0.426642	-237.002	0	213.464	213.464	-2.13163e-14	12.4428	0	0	0	0	0	0	0	0	0	0	0	0	0	0	0	0	0	0	0	0	0	0	0	0	0	0	0	0	0	0	0	0	0	
1	1	1	486	14.58		300	0	0	-0.0243	-0.0243	0.0289128	0	0	0	-162.237	-162.237	-1.13212e-05	0	0	0	5.64629	-6.18341	0	11.8297		300	0.672316	-0.0158297	-0.0158297	0.0203638	0	0	0	0.672316	0	-0.426642	-237.002	0	213.464	213.464	-2.13163e-14	12.4428	0	0	0	0	0	0	0	0	0	0	0	0	0	0	0	0	0	0	0	0	0	0	0	0	0	0	0	0	0	0	0	0	0	
1	1	1	487	14.61		300	0	0	-0.02435	-0.02435	0.0289753	0	0	0	-162.362	-162.362	-1.13352e-05	0	0	0	5.66252	-6.17984	0	11.8424		300	0.673332	-0.0158732	-0.0158732	0.0204197	0	0	0	0.673332	0	-0.426642	-237.002	0	213.464	213.464	-2.13163e-14	12.4428	0	0	0	0	0	0	0	0	0	0	0	0	0	0	0	0	0	0	0	0	0	0	0	0	0	0	0	0	0	0	0	0	0	
1	1	1	488	14.64		300	0	0	-0.0244	-0.0244	0.0290378	0	0	0	-162.487	-162.487	-1.13492e-05	0	0	0	5.67876	-6.17625	0	11.855		300	0.674346	-0.0159167	-0.0159167	0.0204756	0	0	0	0.674346	0	-0.426642	-237.002	0	213.464	213.464	-2.13163e-14	12.4428	0	0	0	0	0	0	0	0	0	0	0	0	0	0	0	0	0	0	0	0	0	0	0	0	0	0	0	0	0	0	0	0	0	
1	1	1	489	14.67		300	0	0	-0.02445	-0.02445	0.0291004	0	0	0	-162.612	-162.612	-1.13631e-05	0	0	0	5.69502	-6.17263	0	11.8676		300	0.675359	-0.0159601	-0.0159601	0.0205315	0	0	0	0.675359	0	-0.426642	-237.002	0	213.464	213.464	-2.13163e-14	12.4428	0	0	0	0	0	0	0	0	0	0	0	0	0	0	0	0	0	0	0	0	0	0	0	0	0	0	0	0	0	0	0	0	0	
1	1	1	490	14.7		300	0	0	-0.0245	-0.0245	0.0291629	0	0	0	-162.738	-162.738	-1.1377e-05	0	0	0	5.71128	-6.16899	0	11.8803		300	0.676372	-0.0160036	-0.0160036	0.0205874	0	0	0	0.676372	0	-0.426642	-237.002	0	213.464	213.464	-2.13163e-14	12.4428	0	0	0	0	0	0	0	0	0	0	0	0	0	0	0	0	0	0	0	0	0	0	0	0	0	0	0	0	0	0	0	0	0	
1	1	1	491	14.73		300	0	0	-0.02455	-0.02455	0.0292254	0	0	0	-162.863	-162.863	-1.13909e-05	0	0	0	5.72756	-6.16532	0	11.8929		300	0.677383	-0.0160471	-0.0160471	0.0206433	0	0	0	0.677383	0	-0.426642	-237.002	0	213.464	213.464	-2.13163e-14	12.4428	0	0	0	0	0	0	0	0	0	0	0	0	0	0	0	0	0	0	0	0	0	0	0	0	0	0	0	0	0	0	0	0	0	
1	1	1	492	14.76		300	0	0	-0.0246	-0.0246	0.0292879	0	0	0	-162.988	-162.988	-1.14047e-05	0	0	0	5.74386	-6.16163	0	11.9055		300	0.678393	-0.0160905	-0.0160905	0.0206992	0	0	0	0.678393	0	-0.426642	-237.002	0	213.464	213.464	-2.13163e-14	12.4428	0	0	0	0	0	0	0	0	0	0	0	0	0	0	0	0	0	0	0	0	0	0	0	0	0	0	0	0	0	0	0	0	0	
1	1	1	493	14.79		300	0	0	-0.02465	-0.02465	0.0293504	0	0	0	-163.113	-163.113	-1.14185e-05	0	0	0	5.76016	-6.15791	0	11.9181		300	0.679403	-0.016134	-0.016134	0.0207551	0	0	0	0.679403	0	-0.426642	-237.002	0	213.464	213.464	-2.13163e-14	12.4428	0	0	0	0	0	0	0	0	0	0	0	0	0	0	0	0	0	0	0	0	0	0	0	0	0	0	0	0	0	0	0	0	0	
1	1	1	494	14.82		300	0	0	-0.0247	-0.0247	0.0294129	0	0	0	-163.239	-163.239	-1.14323e-05	0	0	0	5.77648	-6.15417	0	11.9306		300	0.680411	-0.0161774	-0.0161774	0.020811	0	0	0	0.680411	0	-0.426642	-237.002	0	213.464	213.464	-2.13163e-14	12.4428	0	0	0	0	0	0	0	0	0	0	0	0	0	0	0	0	0	0	0	0	0	0	0	0	0	0	0	0	0	0	0	0	0	
1	1	1	495	14.85		300	0	0	-0.02475	-0.02475	0.0294754	0	0	0	-163.364	-163.364	-1.1446e-05	0	0	0	5.79281	-6.1504	0	11.9432		300	0.681419	-0.0162209	-0.0162209	0.0208669	0	0	0	0.681419	0	-0.426642	-237.002	0	213.464	213.464	-2.13163e-14	12.4428	0	0	0	0	0	0	0	0	0	0	0	0	0	0	0	0	0	0	0	0	0	0	0	0	0	0	0	0	0	0	0	0	0	
1	1	1	496	14.88		300	0	0	-0.0248	-0.0248	0.0295379	0	0	0	-163.489	-163.489	-1.14596e-05	0	0	0	5.80915	-6.14661	0	11.9558		300	0.682425	-0.0162643	-0.0162643	0.0209228	0	0	0	0.682425	0	-0.426642	-237.002	0	213.464	213.464	-2.13163e-14	12.4428	0	0	0	0	0	0	0	0	0	0	0	0	0	0	0	0	0	0	0	0	0	0	0	0	0	0	0	0	0	0	0	0	0	
1	1	1	497	14.91		300	0	0	-0.02485	-0.02485	0.0296004	0	0	0	-163.615	-163.615	-1.14733e-05	0	0	0	5.82551	-6.1428	0	11.9683		300	0.683431	-0.0163078	-0.0163078	0.0209787	0	0	0	0.683431	0	-0.426642	-237.002	0	213.464	213.464	-2.13163e-14	12.4428	0	0	0	0	0	0	0	0	0	0	0	0	0	0	0	0	0	0	0	0	0	0	0	0	0	0	0	0	0	0	0	0	0	
1	1	1	498	14.94		300	0	0	-0.0249	-0.0249	0.0296629	0	0	0	-163.74	-163.74	-1.14869e-05	0	0	0	5.84188	-6.13896	0	11.9808		300	0.684436	-0.0163512	-0.0163512	0.0210346	0	0	0	0.684436	0	-0.426642	-237.002	0	213.464	213.464	-2.13163e-14	12.4428	0	0	0	0	0	0	0	0	0	0	0	0	0	0	0	0	0	0	0	0	0	0	0	0	0	0	0	0	0	0	0	0	0	
1	1	1	499	14.97		300	0	0	-0.02495	-0.02495	0.0297254	0	0	0	-163.866	-163.866	-1.15004e-05	0	0	0	5.85826	-6.1351	0	11.9934		300	0.685439	-0.0163947	-0.0163947	0.0210905	0	0	0	0.685439	0	-0.426642	-237.002	0	213.464	213.464	-2.13163e-14	12.4428	0	0	0	0	0	0	0	0	0	0	0	0	0	0	0	0	0	0	0	0	0	0	0	0	0	0	0	0	0	0	0	0	0	
1	1	1	500	15		300	0	0	-0.025	-0.025	0.0297879	0	0	0	-163.992	-163.992	-1.1514e-05	0	0	0	5.87465	-6.13121	0	12.0059		300	0.686442	-0.0164381	-0.0164381	0.0211464	0	0	0	0.686442	0	-0.426642	-237.002	0	213.464	213.464	-2.13163e-14	12.4428	0	0	0	0	0	0	0	0	0	0	0	0	0	0	0	0	0	0	0	0	0	0	0	0	0	0	0	0	0	0	0	0	0	
1	1	1	501	15.03		300	0	0	-0.02505	-0.02505	0.0298504	0	0	0	-164.117	-164.117	-1.15274e-05	0	0	0	5.89105	-6.12729	0	12.0183		300	0.687444	-0.0164816	-0.0164816	0.0212022	0	0	0	0.687444	0	-0.426642	-237.002	0	213.464	213.464	-2.13163e-14	12.4428	0	0	0	0	0	0	0	0	0	0	0	0	0	0	0	0	0	0	0	0	0	0	0	0	0	0	0	0	0	0	0	0	0	
1	1	1	502	15.06		300	0	0	-0.0251	-0.0251	0.0299129	0	0	0	-164.243	-164.243	-1.15409e-05	0	0	0	5.90747	-6.12336	0	12.0308		300	0.688445	-0.016525	-0.016525	0.0212581	0	0	0	0.688445	0	-0.426642	-237.002	0	213.464	213.464	-2.13163e-14	12.4428	0	0	0	0	0	0	0	0	0	0	0	0	0	0	0	0	0	0	0	0	0	0	0	0	0	0	0	0	0	0	0	0	0	
1	1	1	503	15.09		300	0	0	-0.02515	-0.02515	0.0299754	0	0	0	-164.369	-164.369	-1.15543e-05	0	0	0	5.9239	-6.11939	0	12.0433		300	0.689444	-0.0165684	-0.0165684	0.021314	0	0	0	0.689444	0	-0.426642	-237.002	0	213.464	213.464	-2.13163e-14	12.4428	0	0	0	0	0	0	0	0	0	0	0	0	0	0	0	0	0	0	0	0	0	0	0	0	0	0	0	0	0	0	0	0	0	
1	1	1	504	15.12		300	0	0	-0.0252	-0.0252	0.0300379	0	0	0	-164.494	-164.494	-1.15677e-05	0	0	0	5.94035	-6.11541	0	12.0558		300	0.690443	-0.0166119	-0.0166119	0.0213698	0	0	0	0.690443	0	-0.426642	-237.002	0	213.464	213.464	-2.13163e-14	12.4428	0	0	0	0	0	0	0	0	0	0	0	0	0	0	0	0	0	0	0	0	0	0	0	0	0	0	0	0	0	0	0	0	0	
1	1	1	505	15.15		300	0	0	-0.02525	-0.02525	0.0301004	0	0	0	-164.62	-164.62	-1.1581e-05	0	0	0	5.9568	-6.1114	0	12.0682		300	0.691441	-0.0166553	-0.0166553	0.0214257	0	0	0	0.691441	0	-0.426642	-237.002	0	213.464	213.464	-2.13163e-14	12.4428	0	0	0	0	0	0	0	0	0	0	0	0	0	0	0	0	0	0	0	0	0	0	0	0	0	0	0	0	0	0	0	0	0	
1	1	1	506	15.18		300	0	0	-0.0253	-0.0253	0.0301629	0	0	0	-164.746	-164.746	-1.15943e-05	0	0	0	5.97327	-6.10736	0	12.0806		300	0.692438	-0.0166987	-0.0166987	0.0214816	0	0	0	0.692438	0	-0.426642	-237.002	0	213.464	213.464	-2.13163e-14	12.4428	0	0	0	0	0	0	0	0	0	0	0	0	0	0	0	0	0	0	0	0	0	0	0	0	0	0	0	0	0	0	0	0	0	
1	1	1	507	15.21		300	0	0	-0.02535	-0.02535	0.0302254	0	0	0	-164.872	-164.872	-1.16075e-05	0	0	0	5.98975	-6.1033	0	12.0931		300	0.693434	-0.0167422	-0.0167422	0.0215374	0	0	0	0.693434	0	-0.426642	-237.002	0	213.464	213.464	-2.13163e-14	12.4428	0	0	0	0	0	0	0	0	0	0	0	0	0	0	0	0	0	0	0	0	0	0	0	0	0	0	0	0	0	0	0	0	0	
1	1	1	508	15.24		300	0	0	-0.0254	-0.0254	0.0302879	0	0	0	-164.998	-164.998	-1.16208e-05	0	0	0	6.00624	-6.09922	0	12.1055		300	0.694429	-0.0167856	-0.0167856	0.0215933	0	0	0	0.694429	0	-0.426642	-237.002	0	213.464	213.464	-2.13163e-14	12.4428	0	0	0	0	0	0	0	0	0	0	0	0	0	0	0	0	0	0	0	0	0	0	0	0	0	0	0	0	0	0	0	0	0	
1	1	1	509	15.27		300	0	0	-0.02545	-0.02545	0.0303503	0	0	0	-165.124	-165.124	-1.16339e-05	0	0	0	6.02275	-6.09511	0	12.1179		300	0.695423	-0.016829	-0.016829	0.0216491	0	0	0	0.695423	0	-0.426642	-237.002	0	213.464	213.464	-2.13163e-14	12.4428	0	0	0	0	0	0	0	0	0	0	0	0	0	0	0	0	0	0	0	0	0	0	0	0	0	0	0	0	0	0	0	0	0	
1	1	1	510	15.3		300	0	0	-0.0255	-0.0255	0.0304128	0	0	0	-165.25	-165.25	-1.16471e-05	0	0	0	6.03927	-6.09097	0	12.1302		300	0.696416	-0.0168724	-0.0168724	0.021705	0	0	0	0.696416	0	-0.426642	-237.002	0	213.464	213.464	-2.13163e-14	12.4428	0	0	0	0	0	0	0	0	0	0	0	0	0	0	0	0	0	0	0	0	0	0	0	0	0	0	0	0	0	0	0	0	0	
1	1	1	511	15.33		300	0	0	-0.02555	-0.02555	0.0304753	0	0	0	-165.376	-165.376	-1.16602e-05	0	0	0	6.0558	-6.08681	0	12.1426		300	0.697408	-0.0169158	-0.0169158	0.0217608	0	0	0	0.697408	0	-0.426642	-237.002	0	213.464	213.464	-2.13163e-14	12.4428	0	0	0	0	0	0	0	0	0	0	0	0	0	0	0	0	0	0	0	0	0	0	0	0	0	0	0	0	0	0	0	0	0	
1	1	1	512	15.36		300	0	0	-0.0256	-0.0256	0.0305378	0	0	0	-165.502	-165.502	-1.16733e-05	0	0	0	6.07234	-6.08263	0	12.155		300	0.6984	-0.0169592	-0.0169592	0.0218167	0	0	0	0.6984	0	-0.426642	-237.002	0	213.464	213.464	-2.13163e-14	12.4428	0	0	0	0	0	0	0	0	0	0	0	0	0	0	0	0	0	0	0	0	0	0	0	0	0	0	0	0	0	0	0	0	0	
1	1	1	513	15.39		300	0	0	-0.02565	-0.02565	0.0306003	0	0	0	-165.629	-165.629	-1.16863e-05	0	0	0	6.0889	-6.07842	0	12.1673		300	0.69939	-0.0170027	-0.0170027	0.0218725	0	0	0	0.69939	0	-0.426642	-237.002	0	213.464	213.464	-2.13163e-14	12.4428	0	0	0	0	0	0	0	0	0	0	0	0	0	0	0	0	0	0	0	0	0	0	0	0	0	0	0	0	0	0	0	0	0	
1	1	1	514	15.42		300	0	0	-0.0257	-0.0257	0.0306628	0	0	0	-165.755	-165.755	-1.16993e-05	0	0	0	6.10547	-6.07419	0	12.1797		300	0.700379	-0.0170461	-0.0170461	0.0219283	0	0	0	0.700379	0	-0.426642	-237.002	0	213.464	213.464	-2.13163e-14	12.4428	0	0	0	0	0	0	0	0	0	0	0	0	0	0	0	0	0	0	0	0	0	0	0	0	0	0	0	0	0	0	0	0	0	
1	1	1	515	15.45		300	0	0	-0.02575	-0.02575	0.0307253	0	0	0	-165.881	-165.881	-1.17122e-05	0	0	0	6.12205	-6.06993	0	12.192		300	0.701368	-0.0170895	-0.0170895	0.0219842	0	0	0	0.701368	0	-0.426642	-237.002	0	213.464	213.464	-2.13163e-14	12.4428	0	0	0	0	0	0	0	0	0	0	0	0	0	0	0	0	0	0	0	0	0	0	0	0	0	0	0	0	0	0	0	0	0	
1	1	1	516	15.48		300	0	0	-0.0258	-0.0258	0.0307878	0	0	0	-166.008	-166.008	-1.17251e-05	0	0	0	6.13865	-6.06565	0	12.2043		300	0.702355	-0.0171329	-0.0171329	0.02204	0	0	0	0.702355	0	-0.426642	-237.002	0	213.464	213.464	-2.13163e-14	12.4428	0	0	0	0	0	0	0	0	0	0	0	0	0	0	0	0	0	0	0	0	0	0	0	0	0	0	0	0	0	0	0	0	0	
1	1	1	517	15.51		300	0	0	-0.02585	-0.02585	0.0308503	0	0	0	-166.134	-166.134	-1.1738e-05	0	0	0	6.15525	-6.06135	0	12.2166		300	0.703341	-0.0171762	-0.0171762	0.0220958	0	0	0	0.703341	0	-0.426642	-237.002	0	213.464	213.464	-2.13163e-14	12.4428	0	0	0	0	0	0	0	0	0	0	0	0	0	0	0	0	0	0	0	0	0	0	0	0	0	0	0	0	0	0	0	0	0	
1	1	1	518	15.54		300	0	0	-0.0259	-0.0259	0.0309127	0	0	0	-166.261	-166.261	-1.17509e-05	0	0	0	6.17187	-6.05702	0	12.2289		300	0.704327	-0.0172196	-0.0172196	0.0221516	0	0	0	0.704327	0	-0.426642	-237.002	0	213.464	213.464	-2.13163e-14	12.4428	0	0	0	0	0	0	0	0	0	0	0	0	0	0	0	0	0	0	0	0	0	0	0	0	0	0	0	0	0	0	0	0	0	
1	1	1	519	15.57		300	0	0	-0.02595	-0.02595	0.0309752	0	0	0	-166.388	-166.388	-1.17637e-05	0	0	0	6.18851	-6.05266	0	12.2412		300	0.705311	-0.017263	-0.017263	0.0222074	0	0	0	0.705311	0	-0.426642	-237.002	0	213.464	213.464	-2.13163e-14	12.4428	0	0	0	0	0	0	0	0	0	0	0	0	0	0	0	0	0	0	0	0	0	0	0	0	0	0	0	0	0	0	0	0	0	
1	1	1	520	15.6		300	0	0	-0.026	-0.026	0.0310377	0	0	0	-166.515	-166.515	-1.17764e-05	0	0	0	6.20515	-6.04828	0	12.2534		300	0.706295	-0.0173064	-0.0173064	0.0222632	0	0	0	0.706295	0	-0.426642	-237.002	0	213.464	213.464	-2.13163e-14	12.4428	0	0	0	0	0	0	0	0	0	0	0	0	0	0	0	0	0	0	0	0	0	0	0	0	0	0	0	0	0	0	0	0	0	
1	1	1	521	15.63		300	0	0	-0.02605	-0.02605	0.0311002	0	0	0	-166.641	-166.641	-1.17892e-05	0	0	0	6.22181	-6.04388	0	12.2657		300	0.707278	-0.0173498	-0.0173498	0.022319	0	0	0	0.707278	0	-0.426642	-237.002	0	213.464	213.464	-2.13163e-14	12.4428	0	0	0	0	0	0	0	0	0	0	0	0	0	0	0	0	0	0	0	0	0	0	0	0	0	0	0	0	0	0	0	0	0	
1	1	1	522	15.66		300	0	0	-0.0261	-0.0261	0.0311627	0	0	0	-166.768	-166.768	-1.18019e-05	0	0	0	6.23848	-6.03945	0	12.2779		300	0.708259	-0.0173932	-0.0173932	0.0223748	0	0	0	0.708259	0	-0.426642	-237.002	0	213.464	213.464	-2.13163e-14	12.4428	0	0	0	0	0	0	0	0	0	0	0	0	0	0	0	0	0	0	0	0	0	0	0	0	0	0	0	0	0	0	0	0	0	
1	1	1	523	15.69		300	0	0	-0.02615	-0.02615	0.0312251	0	0	0	-166.895	-166.895	-1.18145e-05	0	0	0	6.25516	-6.035	0	12.2902		300	0.70924	-0.0174365	-0.0174365	0.0224306	0	0	0	0.70924	0	-0.426642	-237.002	0	213.464	213.464	-2.13163e-14	12.4428	0	0	0	0	0	0	0	0	0	0	0	0	0	0	0	0	0	0	0	0	0	0	0	0	0	0	0	0	0	0	0	0	0	
1	1	1	524	15.72		300	0	0	-0.0262	-0.0262	0.0312876	0	0	0	-167.022	-167.022	-1.18271e-05	0	0	0	6.27186	-6.03052	0	12.3024		300	0.71022	-0.0174799	-0.0174799	0.0224864	0	0	0	0.71022	0	-0.426642	-237.002	0	213.464	213.464	-2.13163e-14	12.4428	0	0	0	0	0	0	0	0	0	0	0	0	0	0	0	0	0	0	0	0	0	0	0	0	0	0	0	0	0	0	0	0	0	
1	1	1	525	15.75		300	0	0	-0.02625	-0.02625	0.0313501	0	0	0	-167.149	-167.149	-1.18397e-05	0	0	0	6.28857	-6.02602	0	12.3146		300	0.711199	-0.0175233	-0.0175233	0.0225422	0	0	0	0.711199	0	-0.426642	-237.002	0	213.464	213.464	-2.13163e-14	12.4428	0	0	0	0	0	0	0	0	0	0	0	0	0	0	0	0	0	0	0	0	0	0	0	0	0	0	0	0	0	0	0	0	0	
1	1	1	526	15.78		300	0	0	-0.0263	-0.0263	0.0314126	0	0	0	-167.277	-167.277	-1.18522e-05	0	0	0	6.30529	-6.02149	0	12.3268		300	0.712177	-0.0175666	-0.0175666	0.0225979	0	0	0	0.712177	0	-0.426642	-237.002	0	213.464	213.464	-2.13163e-14	12.4428	0	0	0	0	0	0	0	0	0	0	0	0	0	0	0	0	0	0	0	0	0	0	0	0	0	0	0	0	0	0	0	0	0	
1	1	1	527	15.81		300	0	0	-0.02635	-0.02635	0.031475	0	0	0	-167.404	-167.404	-1.18647e-05	0	0	0	6.32202	-6.01694	0	12.339		300	0.713153	-0.01761	-0.01761	0.0226537	0	0	0	0.713153	0	-0.426642	-237.002	0	213.464	213.464	-2.13163e-14	12.4428	0	0	0	0	0	0	0	0	0	0	0	0	0	0	0	0	0	0	0	0	0	0	0	0	0	0	0	0	0	0	0	0	0	
1	1	1	528	15.84		300	0	0	-0.0264	-0.0264	0.0315375	0	0	0	-167.531	-167.531	-1.18772e-05	0	0	0	6.33877	-6.01237	0	12.3511		300	0.714129	-0.0176533	-0.0176533	0.0227095	0	0	0	0.714129	0	-0.426642	-237.002	0	213.464	213.464	-2.13163e-14	12.4428	0	0	0	0	0	0	0	0	0	0	0	0	0	0	0	0	0	0	0	0	0	0	0	0	0	0	0	0	0	0	0	0	0	
1	1	1	529	15.87		300	0	0	-0.02645	-0.02645	0.0316	0	0	0	-167.659	-167.659	-1.18896e-05	0	0	0	6.35553	-6.00777	0	12.3633		300	0.715105	-0.0176967	-0.0176967	0.0227652	0	0	0	0.715105	0	-0.426642	-237.002	0	213.464	213.464	-2.13163e-14	12.4428	0	0	0	0	0	0	0	0	0	0	0	0	0	0	0	0	0	0	0	0	0	0	0	0	0	0	0	0	0	0	0	0	0	
1	1	1	530	15.9		300	0	0	-0.0265	-0.0265	0.0316625	0	0	0	-167.786	-167.786	-1.1902e-05	0	0	0	6.3723	-6.00314	0	12.3754		300	0.716079	-0.01774	-0.01774	0.022821	0	0	0	0.716079	0	-0.426642	-237.002	0	213.464	213.464	-2.13163e-14	12.4428	0	0	0	0	0	0	0	0	0	0	0	0	0	0	0	0	0	0	0	0	0	0	0	0	0	0	0	0	0	0	0	0	0	
1	1	1	531	15.93		300	0	0	-0.02655	-0.02655	0.0317249	0	0	0	-167.914	-167.914	-1.19144e-05	0	0	0	6.38909	-5.99849	0	12.3876		300	0.717052	-0.0177833	-0.0177833	0.0228767	0	0	0	0.717052	0	-0.426642	-237.002	0	213.464	213.464	-2.13163e-14	12.4428	0	0	0	0	0	0	0	0	0	0	0	0	0	0	0	0	0	0	0	0	0	0	0	0	0	0	0	0	0	0	0	0	0	
1	1	1	532	15.96		300	0	0	-0.0266	-0.0266	0.0317874	0	0	0	-168.042	-168.042	-1.19267e-05	0	0	0	6.40588	-5.99382	0	12.3997		300	0.718024	-0.0178267	-0.0178267	0.0229324	0	0	0	0.718024	0	-0.426642	-237.002	0	213.464	213.464	-2.13163e-14	12.4428	0	0	0	0	0	0	0	0	0	0	0	0	0	0	0	0	0	0	0	0	0	0	0	0	0	0	0	0	0	0	0	0	0	
1	1	1	533	15.99		300	0	0	-0.02665	-0.02665	0.0318499	0	0	0	-168.17	-168.17	-1.1939e-05	0	0	0	6.42269	-5.98912	0	12.4118		300	0.718995	-0.01787	-0.01787	0.0229882	0	0	0	0.718995	0	-0.426642	-237.002	0	213.464	213.464	-2.13163e-14	12.4428	0	0	0	0	0	0	0	0	0	0	0	0	0	0	0	0	0	0	0	0	0	0	0	0	0	0	0	0	0	0	0	0	0	
1	1	1	534	16.02		300	0	0	-0.0267	-0.0267	0.0319123	0	0	0	-168.297	-168.297	-1.19512e-05	0	0	0	6.43952	-5.9844	0	12.4239		300	0.719966	-0.0179133	-0.0179133	0.0230439	0	0	0	0.719966	0	-0.426642	-237.002	0	213.464	213.464	-2.13163e-14	12.4428	0	0	0	0	0	0	0	0	0	0	0	0	0	0	0	0	0	0	0	0	0	0	0	0	0	0	0	0	0	0	0	0	0	
1	1	1	535	16.05		300	0	0	-0.02675	-0.02675	0.0319748	0	0	0	-168.425	-168.425	-1.19634e-05	0	0	0	6.45635	-5.97965	0	12.436		300	0.720935	-0.0179566	-0.0179566	0.0230996	0	0	0	0.720935	0	-0.426642	-237.002	0	213.464	213.464	-2.13163e-14	12.4428	0	0	0	0	0	0	0	0	0	0	0	0	0	0	0	0	0	0	0	0	0	0	0	0	0	0	0	0	0	0	0	0	0	
1	1	1	536	16.08		300	0	0	-0.0268	-0.0268	0.0320373	0	0	0	-168.554	-168.554	-1.19756e-05	0	0	0	6.4732	-5.97488	0	12.4481		300	0.721903	-0.0179999	-0.0179999	0.0231553	0	0	0	0.721903	0	-0.426642	-237.002	0	213.464	213.464	-2.13163e-14	12.4428	0	0	0	0	0	0	0	0	0	0	0	0	0	0	0	0	0	0	0	0	0	0	0	0	0	0	0	0	0	0	0	0	0	
1	1	1	537	16.11		300	0	0	-0.02685	-0.02685	0.0320997	0	0	0	-168.682	-168.682	-1.19877e-05	0	0	0	6.49006	-5.97008	0	12.4601		300	0.722871	-0.0180433	-0.0180433	0.023211	0	0	0	0.722871	0	-0.426642	-237.002	0	213.464	213.464	-2.13163e-14	12.4428	0	0	0	0	0	0	0	0	0	0	0	0	0	0	0	0	0	0	0	0	0	0	0	0	0	0	0	0	0	0	0	0	0	
1	1	1	538	16.14		300	0	0	-0.0269	-0.0269	0.0321622	0	0	0	-168.81	-168.81	-1.19998e-05	0	0	0	6.50694	-5.96526	0	12.4722		300	0.723837	-0.0180866	-0.0180866	0.0232667	0	0	0	0.723837	0	-0.426642	-237.002	0	213.464	213.464	-2.13163e-14	12.4428	0	0	0	0	0	0	0	0	0	0	0	0	0	0	0	0	0	0	0	0	0	0	0	0	0	0	0	0	0	0	0	0	0	
1	1	1	539	16.17		300	0	0	-0.02695	-0.02695	0.0322246	0	0	0	-168.938	-168.938	-1.20119e-05	0	0	0	6.52383	-5.96041	0	12.4842		300	0.724803	-0.0181299	-0.0181299	0.0233224	0	0	0	0.724803	0	-0.426642	-237.002	0	213.464	213.464	-2.13163e-14	12.4428	0	0	0	0	0	0	0	0	0	0	0	0	0	0	0	0	0	0	0	0	0	0	0	0	0	0	0	0	0	0	0	0	0	
1	1	1	540	16.2		300	0	0	-0.027	-0.027	0.0322871	0	0	0	-169.067	-169.067	-1.20239e-05	0	0	0	6.54073	-5.95554	0	12.4963		300	0.725767	-0.0181731	-0.0181731	0.0233781	0	0	0	0.725767	0	-0.426642	-237.002	0	213.464	213.464	-2.13163e-14	12.4428	0	0	0	0	0	0	0	0	0	0	0	0	0	0	0	0	0	0	0	0	0	0	0	0	0	0	0	0	0	0	0	0	0	
1	1	1	541	16.23		300	0	0	-0.02705	-0.02705	0.0323495	0	0	0	-169.196	-169.196	-1.20359e-05	0	0	0	6.55764	-5.95065	0	12.5083		300	0.726731	-0.0182164	-0.0182164	0.0234338	0	0	0	0.726731	0	-0.426642	-237.002	0	213.464	213.464	-2.13163e-14	12.4428	0	0	0	0	0	0	0	0	0	0	0	0	0	0	0	0	0	0	0	0	0	0	0	0	0	0	0	0	0	0	0	0	0	
1	1	1	542	16.26		300	0	0	-0.0271	-0.0271	0.032412	0	0	0	-169.324	-169.324	-1.20478e-05	0	0	0	6.57457	-5.94573	0	12.5203		300	0.727694	-0.0182597	-0.0182597	0.0234895	0	0	0	0.727694	0	-0.426642	-237.002	0	213.464	213.464	-2.13163e-14	12.4428	0	0	0	0	0	0	0	0	0	0	0	0	0	0	0	0	0	0	0	0	0	0	0	0	0	0	0	0	0	0	0	0	0	
1	1	1	543	16.29		300	0	0	-0.02715	-0.02715	0.0324744	0	0	0	-169.453	-169.453	-1.20597e-05	0	0	0	6.5915	-5.94078	0	12.5323		300	0.728656	-0.018303	-0.018303	0.0235451	0	0	0	0.728656	0	-0.426642	-237.002	0	213.464	213.464	-2.13163e-14	12.4428	0	0	0	0	0	0	0	0	0	0	0	0	0	0	0	0	0	0	0	0	0	0	0	0	0	0	0	0	0	0	0	0	0	
1	1	1	544	16.32		300	0	0	-0.0272	-0.0272	0.0325369	0	0	0	-169.582	-169.582	-1.20716e-05	0	0	0	6.60846	-5.93581	0	12.5443		300	0.729617	-0.0183463	-0.0183463	0.0236008	0	0	0	0.729617	0	-0.426642	-237.002	0	213.464	213.464	-2.13163e-14	12.4428	0	0	0	0	0	0	0	0	0	0	0	0	0	0	0	0	0	0	0	0	0	0	0	0	0	0	0	0	0	0	0	0	0	
1	1	1	545	16.35		300	0	0	-0.02725	-0.02725	0.0325993	0	0	0	-169.711	-169.711	-1.20834e-05	0	0	0	6.62542	-5.93082	0	12.5562		300	0.730576	-0.0183895	-0.0183895	0.0236564	0	0	0	0.730576	0	-0.426642	-237.002	0	213.464	213.464	-2.13163e-14	12.4428	0	0	0	0	0	0	0	0	0	0	0	0	0	0	0	0	0	0	0	0	0	0	0	0	0	0	0	0	0	0	0	0	0	
1	1	1	546	16.38		300	0	0	-0.0273	-0.0273	0.0326618	0	0	0	-169.84	-169.84	-1.20952e-05	0	0	0	6.6424	-5.9258	0	12.5682		300	0.731535	-0.0184328	-0.0184328	0.0237121	0	0	0	0.731535	0	-0.426642	-237.002	0	213.464	213.464	-2.13163e-14	12.4428	0	0	0	0	0	0	0	0	0	0	0	0	0	0	0	0	0	0	0	0	0	0	0	0	0	0	0	0	0	0	0	0	0	
1	1	1	547	16.41		300	0	0	-0.02735	-0.02735	0.0327242	0	0	0	-169.969	-169.969	-1.2107e-05	0	0	0	6.65939	-5.92076	0	12.5801		300	0.732493	-0.018476	-0.018476	0.0237677	0	0	0	0.732493	0	-0.426642	-237.002	0	213.464	213.464	-2.13163e-14	12.4428	0	0	0	0	0	0	0	0	0	0	0	0	0	0	0	0	0	0	0	0	0	0	0	0	0	0	0	0	0	0	0	0	0	
1	1	1	548	16.44		300	0	0	-0.0274	-0.0274	0.0327867	0	0	0	-170.099	-170.099	-1.21187e-05	0	0	0	6.67639	-5.91569	0	12.5921		300	0.73345	-0.0185193	-0.0185193	0.0238233	0	0	0	0.73345	0	-0.426642	-237.002	0	213.464	213.464	-2.13163e-14	12.4428	0	0	0	0	0	0	0	0	0	0	0	0	0	0	0	0	0	0	0	0	0	0	0	0	0	0	0	0	0	0	0	0	0	
1	1	1	549	16.47		300	0	0	-0.02745	-0.02745	0.0328491	0	0	0	-170.228	-170.228	-1.21304e-05	0	0	0	6.69341	-5.91059	0	12.604		300	0.734407	-0.0185625	-0.0185625	0.0238789	0	0	0	0.734407	0	-0.426642	-237.002	0	213.464	213.464	-2.13163e-14	12.4428	0	0	0	0	0	0	0	0	0	0	0	0	0	0	0	0	0	0	0	0	0	0	0	0	0	0	0	0	0	0	0	0	0	
1	1	1	550	16.5		300	0	0	-0.0275	-0.0275	0.0329116	0	0	0	-170.358	-170.358	-1.21421e-05	0	0	0	6.71044	-5.90548	0	12.6159		300	0.735362	-0.0186058	-0.0186058	0.0239346	0	0	0	0.735362	0	-0.426642	-237.002	0	213.464	213.464	-2.13163e-14	12.4428	0	0	0	0	0	0	0	0	0	0	0	0	0	0	0	0	0	0	0	0	0	0	0	0	0	0	0	0	0	0	0	0	0	
1	1	1	551	16.53		300	0	0	-0.02755	-0.02755	0.032974	0	0	0	-170.487	-170.487	-1.21537e-05	0	0	0	6.72748	-5.90033	0	12.6278		300	0.736316	-0.018649	-0.018649	0.0239902	0	0	0	0.736316	0	-0.426642	-237.002	0	213.464	213.464	-2.13163e-14	12.4428	0	0	0	0	0	0	0	0	0	0	0	0	0	0	0	0	0	0	0	0	0	0	0	0	0	0	0	0	0	0	0	0	0	
1	1	1	552	16.56		300	0	0	-0.0276	-0.0276	0.0330364	0	0	0	-170.617	-170.617	-1.21652e-05	0	0	0	6.74454	-5.89517	0	12.6397		300	0.737269	-0.0186922	-0.0186922	0.0240458	0	0	0	0.737269	0	-0.426642	-237.002	0	213.464	213.464	-2.13163e-14	12.4428	0	0	0	0	0	0	0	0	0	0	0	0	0	0	0	0	0	0	0	0	0	0	0	0	0	0	0	0	0	0	0	0	0	
1	1	1	553	16.59		300	0	0	-0.02765	-0.02765	0.0330989	0	0	0	-170.747	-170.747	-1.21768e-05	0	0	0	6.7616	-5.88998	0	12.6516		300	0.738222	-0.0187354	-0.0187354	0.0241013	0	0	0	0.738222	0	-0.426642	-237.002	0	213.464	213.464	-2.13163e-14	12.4428	0	0	0	0	0	0	0	0	0	0	0	0	0	0	0	0	0	0	0	0	0	0	0	0	0	0	0	0	0	0	0	0	0	
1	1	1	554	16.62		300	0	0	-0.0277	-0.0277	0.0331613	0	0	0	-170.877	-170.877	-1.21883e-05	0	0	0	6.77868	-5.88476	0	12.6634		300	0.739173	-0.0187786	-0.0187786	0.0241569	0	0	0	0.739173	0	-0.426642	-237.002	0	213.464	213.464	-2.13163e-14	12.4428	0	0	0	0	0	0	0	0	0	0	0	0	0	0	0	0	0	0	0	0	0	0	0	0	0	0	0	0	0	0	0	0	0	
1	1	1	555	16.65		300	0	0	-0.02775	-0.02775	0.0332237	0	0	0	-171.007	-171.007	-1.21997e-05	0	0	0	6.79578	-5.87952	0	12.6753		300	0.740123	-0.0188218	-0.0188218	0.0242125	0	0	0	0.740123	0	-0.426642	-237.002	0	213.464	213.464	-2.13163e-14	12.4428	0	0	0	0	0	0	0	0	0	0	0	0	0	0	0	0	0	0	0	0	0	0	0	0	0	0	0	0	0	0	0	0	0	
1	1	1	556	16.68		300	0	0	-0.0278	-0.0278	0.0332862	0	0	0	-171.138	-171.138	-1.22112e-05	0	0	0	6.81289	-5.87425	0	12.6871		300	0.741073	-0.018865	-0.018865	0.0242681	0	0	0	0.741073	0	-0.426642	-237.002	0	213.464	213.464	-2.13163e-14	12.4428	0	0	0	0	0	0	0	0	0	0	0	0	0	0	0	0	0	0	0	0	0	0	0	0	0	0	0	0	0	0	0	0	0	
1	1	1	557	16.71		300	0	0	-0.02785	-0.02785	0.0333486	0	0	0	-171.268	-171.268	-1.22226e-05	0	0	0	6.83001	-5.86896	0	12.699		300	0.742021	-0.0189082	-0.0189082	0.0243236	0	0	0	0.742021	0	-0.426642	-237.002	0	213.464	213.464	-2.13163e-14	12.4428	0	0	0	0	0	0	0	0	0	0	0	0	0	0	0	0	0	0	0	0	0	0	0	0	0	0	0	0	0	0	0	0	0	
1	1	1	558	16.74		300	0	0	-0.0279	-0.0279	0.033411	0	0	0	-171.399	-171.399	-1.22339e-05	0	0	0	6.84714	-5.86364	0	12.7108		300	0.742969	-0.0189514	-0.0189514	0.0243792	0	0	0	0.742969	0	-0.426642	-237.002	0	213.464	213.464	-2.13163e-14	12.4428	0	0	0	0	0	0	0	0	0	0	0	0	0	0	0	0	0	0	0	0	0	0	0	0	0	0	0	0	0	0	0	0	0	
1	1	1	559	16.77		300	0	0	-0.02795	-0.02795	0.0334734	0	0	0	-171.529	-171.529	-1.22452e-05	0	0	0	6.86429	-5.8583	0	12.7226		300	0.743916	-0.0189946	-0.0189946	0.0244347	0	0	0	0.743916	0	-0.426642	-237.002	0	213.464	213.464	-2.13163e-14	12.4428	0	0	0	0	0	0	0	0	0	0	0	0	0	0	0	0	0	0	0	0	0	0	0	0	0	0	0	0	0	0	0	0	0	
1	1	1	560	16.8		300	0	0	-0.028	-0.028	0.0335359	0	0	0	-171.66	-171.66	-1.22565e-05	0	0	0	6.88145	-5.85294	0	12.7344		300	0.744861	-0.0190378	-0.0190378	0.0244902	0	0	0	0.744861	0	-0.426642	-237.002	0	213.464	213.464	-2.13163e-14	12.4428	0	0	0	0	0	0	0	0	0	0	0	0	0	0	0	0	0	0	0	0	0	0	0	0	0	0	0	0	0	0	0	0	0	
1	1	1	561	16.83		300	0	0	-0.02805	-0.02805	0.0335983	0	0	0	-171.791	-171.791	-1.22678e-05	0	0	0	6.89862	-5.84755	0	12.7462		300	0.745806	-0.0190809	-0.0190809	0.0245457	0	0	0	0.745806	0	-0.426642	-237.002	0	213.464	213.464	-2.13163e-14	12.4428	0	0	0	0	0	0	0	0	0	0	0	0	0	0	0	0	0	0	0	0	0	0	0	0	0	0	0	0	0	0	0	0	0	
1	1	1	562	16.86		300	0	0	-0.0281	-0.0281	0.0336607	0	0	0	-171.922	-171.922	-1.2279e-05	0	0	0	6.9158	-5.84213	0	12.7579		300	0.74675	-0.0191241	-0.0191241	0.0246013	0	0	0	0.74675	0	-0.426642	-237.002	0	213.464	213.464	-2.13163e-14	12.4428	0	0	0	0	0	0	0	0	0	0	0	0	0	0	0	0	0	0	0	0	0	0	0	0	0	0	0	0	0	0	0	0	0	
1	1	1	563	16.89		300	0	0	-0.02815	-0.02815	0.0337231	0	0	0	-172.054	-172.054	-1.22901e-05	0	0	0	6.933	-5.83669	0	12.7697		300	0.747693	-0.0191672	-0.0191672	0.0246568	0	0	0	0.747693	0	-0.426642	-237.002	0	213.464	213.464	-2.13163e-14	12.4428	0	0	0	0	0	0	0	0	0	0	0	0	0	0	0	0	0	0	0	0	0	0	0	0	0	0	0	0	0	0	0	0	0	
1	1	1	564	16.92		300	0	0	-0.0282	-0.0282	0.0337855	0	0	0	-172.185	-172.185	-1.23013e-05	0	0	0	6.95021	-5.83122	0	12.7814		300	0.748635	-0.0192104	-0.0192104	0.0247122	0	0	0	0.748635	0	-0.426642	-237.002	0	213.464	213.464	-2.13163e-14	12.4428	0	0	0	0	0	0	0	0	0	0	0	0	0	0	0	0	0	0	0	0	0	0	0	0	0	0	0	0	0	0	0	0	0	
1	1	1	565	16.95		300	0	0	-0.02825	-0.02825	0.0338479	0	0	0	-172.316	-172.316	-1.23124e-05	0	0	0	6.96744	-5.82573	0	12.7932		300	0.749576	-0.0192535	-0.0192535	0.0247677	0	0	0	0.749576	0	-0.426642	-237.002	0	213.464	213.464	-2.13163e-14	12.4428	0	0	0	0	0	0	0	0	0	0	0	0	0	0	0	0	0	0	0	0	0	0	0	0	0	0	0	0	0	0	0	0	0	
1	1	1	566	16.98		300	0	0	-0.0283	-0.0283	0.0339104	0	0	0	-172.448	-172.448	-1.23234e-05	0	0	0	6.98468	-5.82022	0	12.8049		300	0.750516	-0.0192966	-0.0192966	0.0248232	0	0	0	0.750516	0	-0.426642	-237.002	0	213.464	213.464	-2.13163e-14	12.4428	0	0	0	0	0	0	0	0	0	0	0	0	0	0	0	0	0	0	0	0	0	0	0	0	0	0	0	0	0	0	0	0	0	
1	1	1	567	17.01		300	0	0	-0.02835	-0.02835	0.0339728	0	0	0	-172.58	-172.58	-1.23344e-05	0	0	0	7.00193	-5.81468	0	12.8166		300	0.751455	-0.0193397	-0.0193397	0.0248787	0	0	0	0.751455	0	-0.426642	-237.002	0	213.464	213.464	-2.13163e-14	12.4428	0	0	0	0	0	0	0	0	0	0	0	0	0	0	0	0	0	0	0	0	0	0	0	0	0	0	0	0	0	0	0	0	0	
1	1	1	568	17.04		300	0	0	-0.0284	-0.0284	0.0340352	0	0	0	-172.712	-172.712	-1.23454e-05	0	0	0	7.01919	-5.80911	0	12.8283		300	0.752393	-0.0193829	-0.0193829	0.0249341	0	0	0	0.752393	0	-0.426642	-237.002	0	213.464	213.464	-2.13163e-14	12.4428	0	0	0	0	0	0	0	0	0	0	0	0	0	0	0	0	0	0	0	0	0	0	0	0	0	0	0	0	0	0	0	0	0	
1	1	1	569	17.07		300	0	0	-0.02845	-0.02845	0.0340976	0	0	0	-172.844	-172.844	-1.23564e-05	0	0	0	7.03647	-5.80352	0	12.84		300	0.75333	-0.019426	-0.019426	0.0249896	0	0	0	0.75333	0	-0.426642	-237.002	0	213.464	213.464	-2.13163e-14	12.4428	0	0	0	0	0	0	0	0	0	0	0	0	0	0	0	0	0	0	0	0	0	0	0	0	0	0	0	0	0	0	0	0	0	
1	1	1	570	17.1		300	0	0	-0.0285	-0.0285	0.03416	0	0	0	-172.976	-172.976	-1.23673e-05	0	0	0	7.05376	-5.79791	0	12.8517		300	0.754266	-0.0194691	-0.0194691	0.025045	0	0	0	0.754266	0	-0.426642	-237.002	0	213.464	213.464	-2.13163e-14	12.4428	0	0	0	0	0	0	0	0	0	0	0	0	0	0	0	0	0	0	0	0	0	0	0	0	0	0	0	0	0	0	0	0	0	
1	1	1	571	17.13		300	0	0	-0.02855	-0.02855	0.0342224	0	0	0	-173.108	-173.108	-1.23782e-05	0	0	0	7.07107	-5.79227	0	12.8633		300	0.755202	-0.0195121	-0.0195121	0.0251004	0	0	0	0.755202	0	-0.426642	-237.002	0	213.464	213.464	-2.13163e-14	12.4428	0	0	0	0	0	0	0	0	0	0	0	0	0	0	0	0	0	0	0	0	0	0	0	0	0	0	0	0	0	0	0	0	0	
1	1	1	572	17.16		300	0	0	-0.0286	-0.0286	0.0342848	0	0	0	-173.241	-173.241	-1.2389e-05	0	0	0	7.08838	-5.7866	0	12.875		300	0.756136	-0.0195552	-0.0195552	0.0251558	0	0	0	0.756136	0	-0.426642	-237.002	0	213.464	213.464	-2.13163e-14	12.4428	0	0	0	0	0	0	0	0	0	0	0	0	0	0	0	0	0	0	0	0	0	0	0	0	0	0	0	0	0	0	0	0	0	
1	1	1	573	17.19		300	0	0	-0.02865	-0.02865	0.0343472	0	0	0	-173.374	-173.374	-1.23998e-05	0	0	0	7.10571	-5.78091	0	12.8866		300	0.757069	-0.0195983	-0.0195983	0.0252112	0	0	0	0.757069	0	-0.426642	-237.002	0	213.464	213.464	-2.13163e-14	12.4428	0	0	0	0	0	0	0	0	0	0	0	0	0	0	0	0	0	0	0	0	0	0	0	0	0	0	0	0	0	0	0	0	0	
1	1	1	574	17.22		300	0	0	-0.0287	-0.0287	0.0344096	0	0	0	-173.506	-173.506	-1.24106e-05	0	0	0	7.12306	-5.77519	0	12.8983		300	0.758002	-0.0196414	-0.0196414	0.0252666	0	0	0	0.758002	0	-0.426642	-237.002	0	213.464	213.464	-2.13163e-14	12.4428	0	0	0	0	0	0	0	0	0	0	0	0	0	0	0	0	0	0	0	0	0	0	0	0	0	0	0	0	0	0	0	0	0	
1	1	1	575	17.25		300	0	0	-0.02875	-0.02875	0.0344719	0	0	0	-173.639	-173.639	-1.24213e-05	0	0	0	7.14042	-5.76945	0	12.9099		300	0.758933	-0.0196844	-0.0196844	0.025322	0	0	0	0.758933	0	-0.426642	-237.002	0	213.464	213.464	-2.13163e-14	12.4428	0	0	0	0	0	0	0	0	0	0	0	0	0	0	0	0	0	0	0	0	0	0	0	0	0	0	0	0	0	0	0	0	0	
1	1	1	576	17.28		300	0	0	-0.0288	-0.0288	0.0345343	0	0	0	-173.773	-173.773	-1.2432e-05	0	0	0	7.15779	-5.76369	0	12.9215		300	0.759864	-0.0197275	-0.0197275	0.0253774	0	0	0	0.759864	0	-0.426642	-237.002	0	213.464	213.464	-2.13163e-14	12.4428	0	0	0	0	0	0	0	0	0	0	0	0	0	0	0	0	0	0	0	0	0	0	0	0	0	0	0	0	0	0	0	0	0	
1	1	1	577	17.31		300	0	0	-0.02885	-0.02885	0.0345967	0	0	0	-173.906	-173.906	-1.24426e-05	0	0	0	7.17517	-5.75789	0	12.9331		300	0.760793	-0.0197705	-0.0197705	0.0254327	0	0	0	0.760793	0	-0.426642	-237.002	0	213.464	213.464	-2.13163e-14	12.4428	0	0	0	0	0	0	0	0	0	0	0	0	0	0	0	0	0	0	0	0	0	0	0	0	0	0	0	0	0	0	0	0	0	
1	1	1	578	17.34		300	0	0	-0.0289	-0.0289	0.0346591	0	0	0	-174.039	-174.039	-1.24533e-05	0	0	0	7.19257	-5.75208	0	12.9446		300	0.761722	-0.0198135	-0.0198135	0.0254881	0	0	0	0.761722	0	-0.426642	-237.002	0	213.464	213.464	-2.13163e-14	12.4428	0	0	0	0	0	0	0	0	0	0	0	0	0	0	0	0	0	0	0	0	0	0	0	0	0	0	0	0	0	0	0	0	0	
1	1	1	579	17.37		300	0	0	-0.02895	-0.02895	0.0347215	0	0	0	-174.173	-174.173	-1.24638e-05	0	0	0	7.20998	-5.74624	0	12.9562		300	0.76265	-0.0198566	-0.0198566	0.0255434	0	0	0	0.76265	0	-0.426642	-237.002	0	213.464	213.464	-2.13163e-14	12.4428	0	0	0	0	0	0	0	0	0	0	0	0	0	0	0	0	0	0	0	0	0	0	0	0	0	0	0	0	0	0	0	0	0	
1	1	1	580	17.4		300	0	0	-0.029	-0.029	0.0347839	0	0	0	-174.307	-174.307	-1.24744e-05	0	0	0	7.2274	-5.74037	0	12.9678		300	0.763576	-0.0198996	-0.0198996	0.0255988	0	0	0	0.763576	0	-0.426642	-237.002	0	213.464	213.464	-2.13163e-14	12.4428	0	0	0	0	0	0	0	0	0	0	0	0	0	0	0	0	0	0	0	0	0	0	0	0	0	0	0	0	0	0	0	0	0	
1	1	1	581	17.43		300	0	0	-0.02905	-0.02905	0.0348462	0	0	0	-174.441	-174.441	-1.24849e-05	0	0	0	7.24484	-5.73448	0	12.9793		300	0.764502	-0.0199426	-0.0199426	0.0256541	0	0	0	0.764502	0	-0.426642	-237.002	0	213.464	213.464	-2.13163e-14	12.4428	0	0	0	0	0	0	0	0	0	0	0	0	0	0	0	0	0	0	0	0	0	0	0	0	0	0	0	0	0	0	0	0	0	
1	1	1	582	17.46		300	0	0	-0.0291	-0.0291	0.0349086	0	0	0	-174.575	-174.575	-1.24954e-05	0	0	0	7.26229	-5.72856	0	12.9908		300	0.765427	-0.0199856	-0.0199856	0.0257094	0	0	0	0.765427	0	-0.426642	-237.002	0	213.464	213.464	-2.13163e-14	12.4428	0	0	0	0	0	0	0	0	0	0	0	0	0	0	0	0	0	0	0	0	0	0	0	0	0	0	0	0	0	0	0	0	0	
1	1	1	583	17.49		300	0	0	-0.02915	-0.02915	0.034971	0	0	0	-174.709	-174.709	-1.25058e-05	0	0	0	7.27975	-5.72261	0	13.0024		300	0.766351	-0.0200286	-0.0200286	0.0257647	0	0	0	0.766351	0	-0.426642	-237.002	0	213.464	213.464	-2.13163e-14	12.4428	0	0	0	0	0	0	0	0	0	0	0	0	0	0	0	0	0	0	0	0	0	0	0	0	0	0	0	0	0	0	0	0	0	
1	1	1	584	17.52		300	0	0	-0.0292	-0.0292	0.0350333	0	0	0	-174.844	-174.844	-1.25162e-05	0	0	0	7.29723	-5.71665	0	13.0139		300	0.767274	-0.0200715	-0.0200715	0.02582	0	0	0	0.767274	0	-0.426642	-237.002	0	213.464	213.464	-2.13163e-14	12.4428	0	0	0	0	0	0	0	0	0	0	0	0	0	0	0	0	0	0	0	0	0	0	0	0	0	0	0	0	0	0	0	0	0	
1	1	1	585	17.55		300	0	0	-0.02925	-0.02925	0.0350957	0	0	0	-174.978	-174.978	-1.25265e-05	0	0	0	7.31472	-5.71065	0	13.0254		300	0.768196	-0.0201145	-0.0201145	0.0258752	0	0	0	0.768196	0	-0.426642	-237.002	0	213.464	213.464	-2.13163e-14	12.4428	0	0	0	0	0	0	0	0	0	0	0	0	0	0	0	0	0	0	0	0	0	0	0	0	0	0	0	0	0	0	0	0	0	
1	1	1	586	17.58		300	0	0	-0.0293	-0.0293	0.0351581	0	0	0	-175.113	-175.113	-1.25369e-05	0	0	0	7.33223	-5.70463	0	13.0369		300	0.769117	-0.0201575	-0.0201575	0.0259305	0	0	0	0.769117	0	-0.426642	-237.002	0	213.464	213.464	-2.13163e-14	12.4428	0	0	0	0	0	0	0	0	0	0	0	0	0	0	0	0	0	0	0	0	0	0	0	0	0	0	0	0	0	0	0	0	0	
1	1	1	587	17.61		300	0	0	-0.02935	-0.02935	0.0352204	0	0	0	-175.248	-175.248	-1.25472e-05	0	0	0	7.34975	-5.69859	0	13.0483		300	0.770037	-0.0202004	-0.0202004	0.0259857	0	0	0	0.770037	0	-0.426642	-237.002	0	213.464	213.464	-2.13163e-14	12.4428	0	0	0	0	0	0	0	0	0	0	0	0	0	0	0	0	0	0	0	0	0	0	0	0	0	0	0	0	0	0	0	0	0	
1	1	1	588	17.64		300	0	0	-0.0294	-0.0294	0.0352828	0	0	0	-175.383	-175.383	-1.25574e-05	0	0	0	7.36728	-5.69252	0	13.0598		300	0.770956	-0.0202434	-0.0202434	0.026041	0	0	0	0.770956	0	-0.426642	-237.002	0	213.464	213.464	-2.13163e-14	12.4428	0	0	0	0	0	0	0	0	0	0	0	0	0	0	0	0	0	0	0	0	0	0	0	0	0	0	0	0	0	0	0	0	0	
1	1	1	589	17.67		300	0	0	-0.02945	-0.02945	0.0353451	0	0	0	-175.519	-175.519	-1.25676e-05	0	0	0	7.38482	-5.68642	0	13.0712		300	0.771874	-0.0202863	-0.0202863	0.0260962	0	0	0	0.771874	0	-0.426642	-237.002	0	213.464	213.464	-2.13163e-14	12.4428	0	0	0	0	0	0	0	0	0	0	0	0	0	0	0	0	0	0	0	0	0	0	0	0	0	0	0	0	0	0	0	0	0	
1	1	1	590	17.7		300	0	0	-0.0295	-0.0295	0.0354075	0	0	0	-175.654	-175.654	-1.25778e-05	0	0	0	7.40238	-5.6803	0	13.0827		300	0.772791	-0.0203292	-0.0203292	0.0261514	0	0	0	0.772791	0	-0.426642	-237.002	0	213.464	213.464	-2.13163e-14	12.4428	0	0	0	0	0	0	0	0	0	0	0	0	0	0	0	0	0	0	0	0	0	0	0	0	0	0	0	0	0	0	0	0	0	
1	1	1	591	17.73		300	0	0	-0.02955	-0.02955	0.0354699	0	0	0	-175.79	-175.79	-1.25879e-05	0	0	0	7.41995	-5.67415	0	13.0941		300	0.773707	-0.0203721	-0.0203721	0.0262066	0	0	0	0.773707	0	-0.426642	-237.002	0	213.464	213.464	-2.13163e-14	12.4428	0	0	0	0	0	0	0	0	0	0	0	0	0	0	0	0	0	0	0	0	0	0	0	0	0	0	0	0	0	0	0	0	0	
1	1	1	592	17.76		300	0	0	-0.0296	-0.0296	0.0355322	0	0	0	-175.926	-175.926	-1.2598e-05	0	0	0	7.43754	-5.66798	0	13.1055		300	0.774622	-0.020415	-0.020415	0.0262618	0	0	0	0.774622	0	-0.426642	-237.002	0	213.464	213.464	-2.13163e-14	12.4428	0	0	0	0	0	0	0	0	0	0	0	0	0	0	0	0	0	0	0	0	0	0	0	0	0	0	0	0	0	0	0	0	0	
1	1	1	593	17.79		300	0	0	-0.02965	-0.02965	0.0355945	0	0	0	-176.062	-176.062	-1.26081e-05	0	0	0	7.45514	-5.66178	0	13.1169		300	0.775537	-0.0204579	-0.0204579	0.0263169	0	0	0	0.775537	0	-0.426642	-237.002	0	213.464	213.464	-2.13163e-14	12.4428	0	0	0	0	0	0	0	0	0	0	0	0	0	0	0	0	0	0	0	0	0	0	0	0	0	0	0	0	0	0	0	0	0	
1	1	1	594	17.82		300	0	0	-0.0297	-0.0297	0.0356569	0	0	0	-176.198	-176.198	-1.26181e-05	0	0	0	7.47275	-5.65556	0	13.1283		300	0.77645	-0.0205008	-0.0205008	0.0263721	0	0	0	0.77645	0	-0.426642	-237.002	0	213.464	213.464	-2.13163e-14	12.4428	0	0	0	0	0	0	0	0	0	0	0	0	0	0	0	0	0	0	0	0	0	0	0	0	0	0	0	0	0	0	0	0	0	
1	1	1	595	17.85		300	0	0	-0.02975	-0.02975	0.0357192	0	0	0	-176.335	-176.335	-1.26281e-05	0	0	0	7.49038	-5.64931	0	13.1397		300	0.777362	-0.0205437	-0.0205437	0.0264273	0	0	0	0.777362	0	-0.426642	-237.002	0	213.464	213.464	-2.13163e-14	12.4428	0	0	0	0	0	0	0	0	0	0	0	0	0	0	0	0	0	0	0	0	0	0	0	0	0	0	0	0	0	0	0	0	0	
1	1	1	596	17.88		300	0	0	-0.0298	-0.0298	0.0357816	0	0	0	-176.472	-176.472	-1.26381e-05	0	0	0	7.50802	-5.64303	0	13.1511		300	0.778274	-0.0205866	-0.0205866	0.0264824	0	0	0	0.778274	0	-0.426642	-237.002	0	213.464	213.464	-2.13163e-14	12.4428	0	0	0	0	0	0	0	0	0	0	0	0	0	0	0	0	0	0	0	0	0	0	0	0	0	0	0	0	0	0	0	0	0	
1	1	1	597	17.91		300	0	0	-0.02985	-0.02985	0.0358439	0	0	0	-176.608	-176.608	-1.2648e-05	0	0	0	7.52567	-5.63673	0	13.1624		300	0.779184	-0.0206294	-0.0206294	0.0265375	0	0	0	0.779184	0	-0.426642	-237.002	0	213.464	213.464	-2.13163e-14	12.4428	0	0	0	0	0	0	0	0	0	0	0	0	0	0	0	0	0	0	0	0	0	0	0	0	0	0	0	0	0	0	0	0	0	
1	1	1	598	17.94		300	0	0	-0.0299	-0.0299	0.0359062	0	0	0	-176.746	-176.746	-1.26579e-05	0	0	0	7.54334	-5.63041	0	13.1737		300	0.780093	-0.0206723	-0.0206723	0.0265926	0	0	0	0.780093	0	-0.426642	-237.002	0	213.464	213.464	-2.13163e-14	12.4428	0	0	0	0	0	0	0	0	0	0	0	0	0	0	0	0	0	0	0	0	0	0	0	0	0	0	0	0	0	0	0	0	0	
1	1	1	599	17.97		300	0	0	-0.02995	-0.02995	0.0359685	0	0	0	-176.883	-176.883	-1.26677e-05	0	0	0	7.56102	-5.62405	0	13.1851		300	0.781002	-0.0207151	-0.0207151	0.0266477	0	0	0	0.781002	0	-0.426642	-237.002	0	213.464	213.464	-2.13163e-14	12.4428	0	0	0	0	0	0	0	0	0	0	0	0	0	0	0	0	0	0	0	0	0	0	0	0	0	0	0	0	0	0	0	0	0	
1	1	1	600	18		300	0	0	-0.03	-0.03	0.0360309	0	0	0	-177.02	-177.02	-1.26775e-05	0	0	0	7.57872	-5.61768	0	13.1964		300	0.781909	-0.0207579	-0.0207579	0.0267028	0	0	0	0.781909	0	-0.426642	-237.002	0	213.464	213.464	-2.13163e-14	12.4428	0	0	0	0	0	0	0	0	0	0	0	0	0	0	0	0	0	0	0	0	0	0	0	0	0	0	0	0	0	0	0	0	0	
1	1	1	601	18.03		300	0	0	-0.03005	-0.03005	0.0360932	0	0	0	-177.158	-177.158	-1.26873e-05	0	0	0	7.59643	-5.61127	0	13.2077		300	0.782816	-0.0208007	-0.0208007	0.0267578	0	0	0	0.782816	0	-0.426642	-237.002	0	213.464	213.464	-2.13163e-14	12.4428	0	0	0	0	0	0	0	0	0	0	0	0	0	0	0	0	0	0	0	0	0	0	0	0	0	0	0	0	0	0	0	0	0	
1	1	1	602	18.06		300	0	0	-0.0301	-0.0301	0.0361555	0	0	0	-177.296	-177.296	-1.2697e-05	0	0	0	7.61415	-5.60484	0	13.219		300	0.783721	-0.0208435	-0.0208435	0.0268129	0	0	0	0.783721	0	-0.426642	-237.002	0	213.464	213.464	-2.13163e-14	12.4428	0	0	0	0	0	0	0	0	0	0	0	0	0	0	0	0	0	0	0	0	0	0	0	0	0	0	0	0	0	0	0	0	0	
1	1	1	603	18.09		300	0	0	-0.03015	-0.03015	0.0362178	0	0	0	-177.434	-177.434	-1.27067e-05	0	0	0	7.63189	-5.59839	0	13.2303		300	0.784626	-0.0208863	-0.0208863	0.0268679	0	0	0	0.784626	0	-0.426642	-237.002	0	213.464	213.464	-2.13163e-14	12.4428	0	0	0	0	0	0	0	0	0	0	0	0	0	0	0	0	0	0	0	0	0	0	0	0	0	0	0	0	0	0	0	0	0	
1	1	1	604	18.12		300	0	0	-0.0302	-0.0302	0.0362801	0	0	0	-177.572	-177.572	-1.27164e-05	0	0	0	7.64964	-5.5919	0	13.2415		300	0.78553	-0.0209291	-0.0209291	0.026923	0	0	0	0.78553	0	-0.426642	-237.002	0	213.464	213.464	-2.13163e-14	12.4428	0	0	0	0	0	0	0	0	0	0	0	0	0	0	0	0	0	0	0	0	0	0	0	0	0	0	0	0	0	0	0	0	0	
1	1	1	605	18.15		300	0	0	-0.03025	-0.03025	0.0363424	0	0	0	-177.711	-177.711	-1.2726e-05	0	0	0	7.6674	-5.5854	0	13.2528		300	0.786432	-0.0209719	-0.0209719	0.026978	0	0	0	0.786432	0	-0.426642	-237.002	0	213.464	213.464	-2.13163e-14	12.4428	0	0	0	0	0	0	0	0	0	0	0	0	0	0	0	0	0	0	0	0	0	0	0	0	0	0	0	0	0	0	0	0	0	
1	1	1	606	18.18		300	0	0	-0.0303	-0.0303	0.0364048	0	0	0	-177.85	-177.85	-1.27356e-05	0	0	0	7.68518	-5.57886	0	13.264		300	0.787334	-0.0210146	-0.0210146	0.027033	0	0	0	0.787334	0	-0.426642	-237.002	0	213.464	213.464	-2.13163e-14	12.4428	0	0	0	0	0	0	0	0	0	0	0	0	0	0	0	0	0	0	0	0	0	0	0	0	0	0	0	0	0	0	0	0	0	
1	1	1	607	18.21		300	0	0	-0.03035	-0.03035	0.0364671	0	0	0	-177.989	-177.989	-1.27451e-05	0	0	0	7.70297	-5.5723	0	13.2753		300	0.788234	-0.0210574	-0.0210574	0.0270879	0	0	0	0.788234	0	-0.426642	-237.002	0	213.464	213.464	-2.13163e-14	12.4428	0	0	0	0	0	0	0	0	0	0	0	0	0	0	0	0	0	0	0	0	0	0	0	0	0	0	0	0	0	0	0	0	0	
1	1	1	608	18.24		300	0	0	-0.0304	-0.0304	0.0365294	0	0	0	-178.128	-178.128	-1.27546e-05	0	0	0	7.72078	-5.56572	0	13.2865		300	0.789134	-0.0211001	-0.0211001	0.0271429	0	0	0	0.789134	0	-0.426642	-237.002	0	213.464	213.464	-2.13163e-14	12.4428	0	0	0	0	0	0	0	0	0	0	0	0	0	0	0	0	0	0	0	0	0	0	0	0	0	0	0	0	0	0	0	0	0	
1	1	1	609	18.27		300	0	0	-0.03045	-0.03045	0.0365916	0	0	0	-178.267	-178.267	-1.27641e-05	0	0	0	7.7386	-5.5591	0	13.2977		300	0.790033	-0.0211428	-0.0211428	0.0271979	0	0	0	0.790033	0	-0.426642	-237.002	0	213.464	213.464	-2.13163e-14	12.4428	0	0	0	0	0	0	0	0	0	0	0	0	0	0	0	0	0	0	0	0	0	0	0	0	0	0	0	0	0	0	0	0	0	
1	1	1	610	18.3		300	0	0	-0.0305	-0.0305	0.0366539	0	0	0	-178.407	-178.407	-1.27735e-05	0	0	0	7.75643	-5.55247	0	13.3089		300	0.790931	-0.0211855	-0.0211855	0.0272528	0	0	0	0.790931	0	-0.426642	-237.002	0	213.464	213.464	-2.13163e-14	12.4428	0	0	0	0	0	0	0	0	0	0	0	0	0	0	0	0	0	0	0	0	0	0	0	0	0	0	0	0	0	0	0	0	0	
1	1	1	611	18.33		300	0	0	-0.03055	-0.03055	0.0367162	0	0	0	-178.547	-178.547	-1.27829e-05	0	0	0	7.77428	-5.5458	0	13.3201		300	0.791827	-0.0212282	-0.0212282	0.0273077	0	0	0	0.791827	0	-0.426642	-237.002	0	213.464	213.464	-2.13163e-14	12.4428	0	0	0	0	0	0	0	0	0	0	0	0	0	0	0	0	0	0	0	0	0	0	0	0	0	0	0	0	0	0	0	0	0	
1	1	1	612	18.36		300	0	0	-0.0306	-0.0306	0.0367785	0	0	0	-178.687	-178.687	-1.27923e-05	0	0	0	7.79214	-5.53911	0	13.3312		300	0.792723	-0.0212709	-0.0212709	0.0273626	0	0	0	0.792723	0	-0.426642	-237.002	0	213.464	213.464	-2.13163e-14	12.4428	0	0	0	0	0	0	0	0	0	0	0	0	0	0	0	0	0	0	0	0	0	0	0	0	0	0	0	0	0	0	0	0	0	
1	1	1	613	18.39		300	0	0	-0.03065	-0.03065	0.0368408	0	0	0	-178.827	-178.827	-1.28016e-05	0	0	0	7.81001	-5.53239	0	13.3424		300	0.793618	-0.0213136	-0.0213136	0.0274175	0	0	0	0.793618	0	-0.426642	-237.002	0	213.464	213.464	-2.13163e-14	12.4428	0	0	0	0	0	0	0	0	0	0	0	0	0	0	0	0	0	0	0	0	0	0	0	0	0	0	0	0	0	0	0	0	0	
1	1	1	614	18.42		300	0	0	-0.0307	-0.0307	0.0369031	0	0	0	-178.968	-178.968	-1.28109e-05	0	0	0	7.8279	-5.52565	0	13.3536		300	0.794512	-0.0213562	-0.0213562	0.0274724	0	0	0	0.794512	0	-0.426642	-237.002	0	213.464	213.464	-2.13163e-14	12.4428	0	0	0	0	0	0	0	0	0	0	0	0	0	0	0	0	0	0	0	0	0	0	0	0	0	0	0	0	0	0	0	0	0	
1	1	1	615	18.45		300	0	0	-0.03075	-0.03075	0.0369654	0	0	0	-179.109	-179.109	-1.28201e-05	0	0	0	7.84581	-5.51888	0	13.3647		300	0.795404	-0.0213989	-0.0213989	0.0275272	0	0	0	0.795404	0	-0.426642	-237.002	0	213.464	213.464	-2.13163e-14	12.4428	0	0	0	0	0	0	0	0	0	0	0	0	0	0	0	0	0	0	0	0	0	0	0	0	0	0	0	0	0	0	0	0	0	
1	1	1	616	18.48		300	0	0	-0.0308	-0.0308	0.0370276	0	0	0	-179.25	-179.25	-1.28294e-05	0	0	0	7.86373	-5.51208	0	13.3758		300	0.796296	-0.0214415	-0.0214415	0.0275821	0	0	0	0.796296	0	-0.426642	-237.002	0	213.464	213.464	-2.13163e-14	12.4428	0	0	0	0	0	0	0	0	0	0	0	0	0	0	0	0	0	0	0	0	0	0	0	0	0	0	0	0	0	0	0	0	0	
1	1	1	617	18.51		300	0	0	-0.03085	-0.03085	0.0370899	0	0	0	-179.391	-179.391	-1.28385e-05	0	0	0	7.88166	-5.50526	0	13.3869		300	0.797187	-0.0214841	-0.0214841	0.0276369	0	0	0	0.797187	0	-0.426642	-237.002	0	213.464	213.464	-2.13163e-14	12.4428	0	0	0	0	0	0	0	0	0	0	0	0	0	0	0	0	0	0	0	0	0	0	0	0	0	0	0	0	0	0	0	0	0	
1	1	1	618	18.54		300	0	0	-0.0309	-0.0309	0.0371522	0	0	0	-179.532	-179.532	-1.28477e-05	0	0	0	7.8996	-5.49841	0	13.398		300	0.798077	-0.0215268	-0.0215268	0.0276917	0	0	0	0.798077	0	-0.426642	-237.002	0	213.464	213.464	-2.13163e-14	12.4428	0	0	0	0	0	0	0	0	0	0	0	0	0	0	0	0	0	0	0	0	0	0	0	0	0	0	0	0	0	0	0	0	0	
1	1	1	619	18.57		300	0	0	-0.03095	-0.03095	0.0372144	0	0	0	-179.674	-179.674	-1.28568e-05	0	0	0	7.91756	-5.49154	0	13.4091		300	0.798966	-0.0215693	-0.0215693	0.0277465	0	0	0	0.798966	0	-0.426642	-237.002	0	213.464	213.464	-2.13163e-14	12.4428	0	0	0	0	0	0	0	0	0	0	0	0	0	0	0	0	0	0	0	0	0	0	0	0	0	0	0	0	0	0	0	0	0	
1	1	1	620	18.6		300	0	0	-0.031	-0.031	0.0372767	0	0	0	-179.816	-179.816	-1.28658e-05	0	0	0	7.93554	-5.48463	0	13.4202		300	0.799854	-0.0216119	-0.0216119	0.0278013	0	0	0	0.799854	0	-0.426642	-237.002	0	213.464	213.464	-2.13163e-14	12.4428	0	0	0	0	0	0	0	0	0	0	0	0	0	0	0	0	0	0	0	0	0	0	0	0	0	0	0	0	0	0	0	0	0	
1	1	1	621	18.63		300	0	0	-0.03105	-0.03105	0.0373389	0	0	0	-179.959	-179.959	-1.28749e-05	0	0	0	7.95353	-5.47771	0	13.4312		300	0.800741	-0.0216545	-0.0216545	0.027856	0	0	0	0.800741	0	-0.426642	-237.002	0	213.464	213.464	-2.13163e-14	12.4428	0	0	0	0	0	0	0	0	0	0	0	0	0	0	0	0	0	0	0	0	0	0	0	0	0	0	0	0	0	0	0	0	0	
1	1	1	622	18.66		300	0	0	-0.0311	-0.0311	0.0374012	0	0	0	-180.101	-180.101	-1.28839e-05	0	0	0	7.97153	-5.47075	0	13.4423		300	0.801626	-0.0216971	-0.0216971	0.0279108	0	0	0	0.801626	0	-0.426642	-237.002	0	213.464	213.464	-2.13163e-14	12.4428	0	0	0	0	0	0	0	0	0	0	0	0	0	0	0	0	0	0	0	0	0	0	0	0	0	0	0	0	0	0	0	0	0	
1	1	1	623	18.69		300	0	0	-0.03115	-0.03115	0.0374634	0	0	0	-180.244	-180.244	-1.28928e-05	0	0	0	7.98955	-5.46377	0	13.4533		300	0.802511	-0.0217396	-0.0217396	0.0279655	0	0	0	0.802511	0	-0.426642	-237.002	0	213.464	213.464	-2.13163e-14	12.4428	0	0	0	0	0	0	0	0	0	0	0	0	0	0	0	0	0	0	0	0	0	0	0	0	0	0	0	0	0	0	0	0	0	
1	1	1	624	18.72		300	0	0	-0.0312	-0.0312	0.0375257	0	0	0	-180.387	-180.387	-1.29017e-05	0	0	0	8.00758	-5.45676	0	13.4643		300	0.803395	-0.0217821	-0.0217821	0.0280202	0	0	0	0.803395	0	-0.426642	-237.002	0	213.464	213.464	-2.13163e-14	12.4428	0	0	0	0	0	0	0	0	0	0	0	0	0	0	0	0	0	0	0	0	0	0	0	0	0	0	0	0	0	0	0	0	0	
1	1	1	625	18.75		300	0	0	-0.03125	-0.03125	0.0375879	0	0	0	-180.53	-180.53	-1.29106e-05	0	0	0	8.02563	-5.44972	0	13.4753		300	0.804278	-0.0218247	-0.0218247	0.0280749	0	0	0	0.804278	0	-0.426642	-237.002	0	213.464	213.464	-2.13163e-14	12.4428	0	0	0	0	0	0	0	0	0	0	0	0	0	0	0	0	0	0	0	0	0	0	0	0	0	0	0	0	0	0	0	0	0	
1	1	1	626	18.78		300	0	0	-0.0313	-0.0313	0.0376501	0	0	0	-180.674	-180.674	-1.29194e-05	0	0	0	8.04369	-5.44266	0	13.4863		300	0.80516	-0.0218672	-0.0218672	0.0281295	0	0	0	0.80516	0	-0.426642	-237.002	0	213.464	213.464	-2.13163e-14	12.4428	0	0	0	0	0	0	0	0	0	0	0	0	0	0	0	0	0	0	0	0	0	0	0	0	0	0	0	0	0	0	0	0	0	
1	1	1	627	18.81		300	0	0	-0.03135	-0.03135	0.0377124	0	0	0	-180.818	-180.818	-1.29282e-05	0	0	0	8.06176	-5.43557	0	13.4973		300	0.806041	-0.0219097	-0.0219097	0.0281842	0	0	0	0.806041	0	-0.426642	-237.002	0	213.464	213.464	-2.13163e-14	12.4428	0	0	0	0	0	0	0	0	0	0	0	0	0	0	0	0	0	0	0	0	0	0	0	0	0	0	0	0	0	0	0	0	0	
1	1	1	628	18.84		300	0	0	-0.0314	-0.0314	0.0377746	0	0	0	-180.962	-180.962	-1.2937e-05	0	0	0	8.07985	-5.42845	0	13.5083		300	0.806921	-0.0219521	-0.0219521	0.0282388	0	0	0	0.806921	0	-0.426642	-237.002	0	213.464	213.464	-2.13163e-14	12.4428	0	0	0	0	0	0	0	0	0	0	0	0	0	0	0	0	0	0	0	0	0	0	0	0	0	0	0	0	0	0	0	0	0	
1	1	1	629	18.87		300	0	0	-0.03145	-0.03145	0.0378368	0	0	0	-181.106	-181.106	-1.29457e-05	0	0	0	8.09795	-5.42131	0	13.5193		300	0.8078	-0.0219946	-0.0219946	0.0282935	0	0	0	0.8078	0	-0.426642	-237.002	0	213.464	213.464	-2.13163e-14	12.4428	0	0	0	0	0	0	0	0	0	0	0	0	0	0	0	0	0	0	0	0	0	0	0	0	0	0	0	0	0	0	0	0	0	
1	1	1	630	18.9		300	0	0	-0.0315	-0.0315	0.0378991	0	0	0	-181.251	-181.251	-1.29544e-05	0	0	0	8.11607	-5.41414	0	13.5302		300	0.808677	-0.0220371	-0.0220371	0.0283481	0	0	0	0.808677	0	-0.426642	-237.002	0	213.464	213.464	-2.13163e-14	12.4428	0	0	0	0	0	0	0	0	0	0	0	0	0	0	0	0	0	0	0	0	0	0	0	0	0	0	0	0	0	0	0	0	0	
1	1	1	631	18.93		300	0	0	-0.03155	-0.03155	0.0379613	0	0	0	-181.395	-181.395	-1.29631e-05	0	0	0	8.1342	-5.40694	0	13.5411		300	0.809554	-0.0220795	-0.0220795	0.0284026	0	0	0	0.809554	0	-0.426642	-237.002	0	213.464	213.464	-2.13163e-14	12.4428	0	0	0	0	0	0	0	0	0	0	0	0	0	0	0	0	0	0	0	0	0	0	0	0	0	0	0	0	0	0	0	0	0	
1	1	1	632	18.96		300	0	0	-0.0316	-0.0316	0.0380235	0	0	0	-181.541	-181.541	-1.29717e-05	0	0	0	8.15235	-5.39972	0	13.5521		300	0.81043	-0.0221219	-0.0221219	0.0284572	0	0	0	0.81043	0	-0.426642	-237.002	0	213.464	213.464	-2.13163e-14	12.4428	0	0	0	0	0	0	0	0	0	0	0	0	0	0	0	0	0	0	0	0	0	0	0	0	0	0	0	0	0	0	0	0	0	
1	1	1	633	18.99		300	0	0	-0.03165	-0.03165	0.0380857	0	0	0	-181.686	-181.686	-1.29803e-05	0	0	0	8.17051	-5.39247	0	13.563		300	0.811305	-0.0221643	-0.0221643	0.0285117	0	0	0	0.811305	0	-0.426642	-237.002	0	213.464	213.464	-2.13163e-14	12.4428	0	0	0	0	0	0	0	0	0	0	0	0	0	0	0	0	0	0	0	0	0	0	0	0	0	0	0	0	0	0	0	0	0	
1	1	1	634	19.02		300	0	0	-0.0317	-0.0317	0.0381479	0	0	0	-181.832	-181.832	-1.29888e-05	0	0	0	8.18869	-5.38519	0	13.5739		300	0.812179	-0.0222067	-0.0222067	0.0285663	0	0	0	0.812179	0	-0.426642	-237.002	0	213.464	213.464	-2.13163e-14	12.4428	0	0	0	0	0	0	0	0	0	0	0	0	0	0	0	0	0	0	0	0	0	0	0	0	0	0	0	0	0	0	0	0	0	
1	1	1	635	19.05		300	0	0	-0.03175	-0.03175	0.0382101	0	0	0	-181.978	-181.978	-1.29973e-05	0	0	0	8.20688	-5.37788	0	13.5848		300	0.813052	-0.0222491	-0.0222491	0.0286208	0	0	0	0.813052	0	-0.426642	-237.002	0	213.464	213.464	-2.13163e-14	12.4428	0	0	0	0	0	0	0	0	0	0	0	0	0	0	0	0	0	0	0	0	0	0	0	0	0	0	0	0	0	0	0	0	0	
1	1	1	636	19.08		300	0	0	-0.0318	-0.0318	0.0382723	0	0	0	-182.124	-182.124	-1.30058e-05	0	0	0	8.22508	-5.37055	0	13.5956		300	0.813923	-0.0222914	-0.0222914	0.0286753	0	0	0	0.813923	0	-0.426642	-237.002	0	213.464	213.464	-2.13163e-14	12.4428	0	0	0	0	0	0	0	0	0	0	0	0	0	0	0	0	0	0	0	0	0	0	0	0	0	0	0	0	0	0	0	0	0	
1	1	1	637	19.11		300	0	0	-0.03185	-0.03185	0.0383345	0	0	0	-182.271	-182.271	-1.30142e-05	0	0	0	8.2433	-5.36319	0	13.6065		300	0.814794	-0.0223338	-0.0223338	0.0287297	0	0	0	0.814794	0	-0.426642	-237.002	0	213.464	213.464	-2.13163e-14	12.4428	0	0	0	0	0	0	0	0	0	0	0	0	0	0	0	0	0	0	0	0	0	0	0	0	0	0	0	0	0	0	0	0	0	
1	1	1	638	19.14		300	0	0	-0.0319	-0.0319	0.0383967	0	0	0	-182.418	-182.418	-1.30226e-05	0	0	0	8.26154	-5.3558	0	13.6173		300	0.815664	-0.0223761	-0.0223761	0.0287842	0	0	0	0.815664	0	-0.426642	-237.002	0	213.464	213.464	-2.13163e-14	12.4428	0	0	0	0	0	0	0	0	0	0	0	0	0	0	0	0	0	0	0	0	0	0	0	0	0	0	0	0	0	0	0	0	0	
1	1	1	639	19.17		300	0	0	-0.03195	-0.03195	0.0384588	0	0	0	-182.565	-182.565	-1.30309e-05	0	0	0	8.27979	-5.34838	0	13.6282		300	0.816532	-0.0224184	-0.0224184	0.0288386	0	0	0	0.816532	0	-0.426642	-237.002	0	213.464	213.464	-2.13163e-14	12.4428	0	0	0	0	0	0	0	0	0	0	0	0	0	0	0	0	0	0	0	0	0	0	0	0	0	0	0	0	0	0	0	0	0	
1	1	1	640	19.2		300	0	0	-0.032	-0.032	0.038521	0	0	0	-182.712	-182.712	-1.30392e-05	0	0	0	8.29805	-5.34094	0	13.639		300	0.8174	-0.0224607	-0.0224607	0.028893	0	0	0	0.8174	0	-0.426642	-237.002	0	213.464	213.464	-2.13163e-14	12.4428	0	0	0	0	0	0	0	0	0	0	0	0	0	0	0	0	0	0	0	0	0	0	0	0	0	0	0	0	0	0	0	0	0	
1	1	1	641	19.23		300	0	0	-0.03205	-0.03205	0.0385832	0	0	0	-182.86	-182.86	-1.30475e-05	0	0	0	8.31633	-5.33347	0	13.6498		300	0.818267	-0.022503	-0.022503	0.0289474	0	0	0	0.818267	0	-0.426642	-237.002	0	213.464	213.464	-2.13163e-14	12.4428	0	0	0	0	0	0	0	0	0	0	0	0	0	0	0	0	0	0	0	0	0	0	0	0	0	0	0	0	0	0	0	0	0	
1	1	1	642	19.26		300	0	0	-0.0321	-0.0321	0.0386454	0	0	0	-183.008	-183.008	-1.30557e-05	0	0	0	8.33462	-5.32597	0	13.6606		300	0.819132	-0.0225453	-0.0225453	0.0290017	0	0	0	0.819132	0	-0.426642	-237.002	0	213.464	213.464	-2.13163e-14	12.4428	0	0	0	0	0	0	0	0	0	0	0	0	0	0	0	0	0	0	0	0	0	0	0	0	0	0	0	0	0	0	0	0	0	
1	1	1	643	19.29		300	0	0	-0.03215	-0.03215	0.0387075	0	0	0	-183.157	-183.157	-1.30639e-05	0	0	0	8.35293	-5.31845	0	13.6714		300	0.819997	-0.0225875	-0.0225875	0.0290561	0	0	0	0.819997	0	-0.426642	-237.002	0	213.464	213.464	-2.13163e-14	12.4428	0	0	0	0	0	0	0	0	0	0	0	0	0	0	0	0	0	0	0	0	0	0	0	0	0	0	0	0	0	0	0	0	0	
1	1	1	644	19.32		300	0	0	-0.0322	-0.0322	0.0387697	0	0	0	-183.305	-183.305	-1.30721e-05	0	0	0	8.37125	-5.31089	0	13.6821		300	0.820861	-0.0226298	-0.0226298	0.0291104	0	0	0	0.820861	0	-0.426642	-237.002	0	213.464	213.464	-2.13163e-14	12.4428	0	0	0	0	0	0	0	0	0	0	0	0	0	0	0	0	0	0	0	0	0	0	0	0	0	0	0	0	0	0	0	0	0	
1	1	1	645	19.35		300	0	0	-0.03225	-0.03225	0.0388318	0	0	0	-183.454	-183.454	-1.30802e-05	0	0	0	8.38959	-5.30331	0	13.6929		300	0.821723	-0.022672	-0.022672	0.0291647	0	0	0	0.821723	0	-0.426642	-237.002	0	213.464	213.464	-2.13163e-14	12.4428	0	0	0	0	0	0	0	0	0	0	0	0	0	0	0	0	0	0	0	0	0	0	0	0	0	0	0	0	0	0	0	0	0	
1	1	1	646	19.38		300	0	0	-0.0323	-0.0323	0.038894	0	0	0	-183.604	-183.604	-1.30883e-05	0	0	0	8.40794	-5.2957	0	13.7036		300	0.822585	-0.0227142	-0.0227142	0.029219	0	0	0	0.822585	0	-0.426642	-237.002	0	213.464	213.464	-2.13163e-14	12.4428	0	0	0	0	0	0	0	0	0	0	0	0	0	0	0	0	0	0	0	0	0	0	0	0	0	0	0	0	0	0	0	0	0	
1	1	1	647	19.41		300	0	0	-0.03235	-0.03235	0.0389561	0	0	0	-183.753	-183.753	-1.30964e-05	0	0	0	8.42631	-5.28806	0	13.7144		300	0.823445	-0.0227564	-0.0227564	0.0292733	0	0	0	0.823445	0	-0.426642	-237.002	0	213.464	213.464	-2.13163e-14	12.4428	0	0	0	0	0	0	0	0	0	0	0	0	0	0	0	0	0	0	0	0	0	0	0	0	0	0	0	0	0	0	0	0	0	
1	1	1	648	19.44		300	0	0	-0.0324	-0.0324	0.0390183	0	0	0	-183.903	-183.903	-1.31044e-05	0	0	0	8.44469	-5.2804	0	13.7251		300	0.824304	-0.0227986	-0.0227986	0.0293275	0	0	0	0.824304	0	-0.426642	-237.002	0	213.464	213.464	-2.13163e-14	12.4428	0	0	0	0	0	0	0	0	0	0	0	0	0	0	0	0	0	0	0	0	0	0	0	0	0	0	0	0	0	0	0	0	0	
1	1	1	649	19.47		300	0	0	-0.03245	-0.03245	0.0390804	0	0	0	-184.054	-184.054	-1.31123e-05	0	0	0	8.46309	-5.2727	0	13.7358		300	0.825163	-0.0228407	-0.0228407	0.0293817	0	0	0	0.825163	0	-0.426642	-237.002	0	213.464	213.464	-2.13163e-14	12.4428	0	0	0	0	0	0	0	0	0	0	0	0	0	0	0	0	0	0	0	0	0	0	0	0	0	0	0	0	0	0	0	0	0	
1	1	1	650	19.5		300	0	0	-0.0325	-0.0325	0.0391426	0	0	0	-184.204	-184.204	-1.31203e-05	0	0	0	8.4815	-5.26498	0	13.7465		300	0.82602	-0.0228828	-0.0228828	0.0294359	0	0	0	0.82602	0	-0.426642	-237.002	0	213.464	213.464	-2.13163e-14	12.4428	0	0	0	0	0	0	0	0	0	0	0	0	0	0	0	0	0	0	0	0	0	0	0	0	0	0	0	0	0	0	0	0	0	
1	1	1	651	19.53		300	0	0	-0.03255	-0.03255	0.0392047	0	0	0	-184.355	-184.355	-1.31282e-05	0	0	0	8.49993	-5.25723	0	13.7572		300	0.826876	-0.022925	-0.022925	0.0294901	0	0	0	0.826876	0	-0.426642	-237.002	0	213.464	213.464	-2.13163e-14	12.4428	0	0	0	0	0	0	0	0	0	0	0	0	0	0	0	0	0	0	0	0	0	0	0	0	0	0	0	0	0	0	0	0	0	
1	1	1	652	19.56		300	0	0	-0.0326	-0.0326	0.0392668	0	0	0	-184.507	-184.507	-1.3136e-05	0	0	0	8.51838	-5.24946	0	13.7678		300	0.827732	-0.0229671	-0.0229671	0.0295442	0	0	0	0.827732	0	-0.426642	-237.002	0	213.464	213.464	-2.13163e-14	12.4428	0	0	0	0	0	0	0	0	0	0	0	0	0	0	0	0	0	0	0	0	0	0	0	0	0	0	0	0	0	0	0	0	0	
1	1	1	653	19.59		300	0	0	-0.03265	-0.03265	0.0393289	0	0	0	-184.658	-184.658	-1.31438e-05	0	0	0	8.53683	-5.24165	0	13.7785		300	0.828586	-0.0230091	-0.0230091	0.0295984	0	0	0	0.828586	0	-0.426642	-237.002	0	213.464	213.464	-2.13163e-14	12.4428	0	0	0	0	0	0	0	0	0	0	0	0	0	0	0	0	0	0	0	0	0	0	0	0	0	0	0	0	0	0	0	0	0	
1	1	1	654	19.62		300	0	0	-0.0327	-0.0327	0.039391	0	0	0	-184.81	-184.81	-1.31516e-05	0	0	0	8.55531	-5.23381	0	13.7891		300	0.829439	-0.0230512	-0.0230512	0.0296525	0	0	0	0.829439	0	-0.426642	-237.002	0	213.464	213.464	-2.13163e-14	12.4428	0	0	0	0	0	0	0	0	0	0	0	0	0	0	0	0	0	0	0	0	0	0	0	0	0	0	0	0	0	0	0	0	0	
1	1	1	655	19.65		300	0	0	-0.03275	-0.03275	0.0394531	0	0	0	-184.962	-184.962	-1.31593e-05	0	0	0	8.5738	-5.22595	0	13.7997		300	0.830291	-0.0230933	-0.0230933	0.0297065	0	0	0	0.830291	0	-0.426642	-237.002	0	213.464	213.464	-2.13163e-14	12.4428	0	0	0	0	0	0	0	0	0	0	0	0	0	0	0	0	0	0	0	0	0	0	0	0	0	0	0	0	0	0	0	0	0	
1	1	1	656	19.68		300	0	0	-0.0328	-0.0328	0.0395152	0	0	0	-185.115	-185.115	-1.3167e-05	0	0	0	8.5923	-5.21806	0	13.8104		300	0.831142	-0.0231353	-0.0231353	0.0297606	0	0	0	0.831142	0	-0.426642	-237.002	0	213.464	213.464	-2.13163e-14	12.4428	0	0	0	0	0	0	0	0	0	0	0	0	0	0	0	0	0	0	0	0	0	0	0	0	0	0	0	0	0	0	0	0	0	
1	1	1	657	19.71		300	0	0	-0.03285	-0.03285	0.0395773	0	0	0	-185.268	-185.268	-1.31747e-05	0	0	0	8.61082	-5.21014	0	13.821		300	0.831992	-0.0231773	-0.0231773	0.0298146	0	0	0	0.831992	0	-0.426642	-237.002	0	213.464	213.464	-2.13163e-14	12.4428	0	0	0	0	0	0	0	0	0	0	0	0	0	0	0	0	0	0	0	0	0	0	0	0	0	0	0	0	0	0	0	0	0	
1	1	1	658	19.74		300	0	0	-0.0329	-0.0329	0.0396394	0	0	0	-185.422	-185.422	-1.31823e-05	0	0	0	8.62935	-5.20219	0	13.8315		300	0.832841	-0.0232193	-0.0232193	0.0298686	0	0	0	0.832841	0	-0.426642	-237.002	0	213.464	213.464	-2.13163e-14	12.4428	0	0	0	0	0	0	0	0	0	0	0	0	0	0	0	0	0	0	0	0	0	0	0	0	0	0	0	0	0	0	0	0	0	
1	1	1	659	19.77		300	0	0	-0.03295	-0.03295	0.0397015	0	0	0	-185.575	-185.575	-1.31899e-05	0	0	0	8.6479	-5.19421	0	13.8421		300	0.833688	-0.0232613	-0.0232613	0.0299226	0	0	0	0.833688	0	-0.426642	-237.002	0	213.464	213.464	-2.13163e-14	12.4428	0	0	0	0	0	0	0	0	0	0	0	0	0	0	0	0	0	0	0	0	0	0	0	0	0	0	0	0	0	0	0	0	0	
1	1	1	660	19.8		300	0	0	-0.033	-0.033	0.0397636	0	0	0	-185.729	-185.729	-1.31975e-05	0	0	0	8.66647	-5.18621	0	13.8527		300	0.834535	-0.0233032	-0.0233032	0.0299766	0	0	0	0.834535	0	-0.426642	-237.002	0	213.464	213.464	-2.13163e-14	12.4428	0	0	0	0	0	0	0	0	0	0	0	0	0	0	0	0	0	0	0	0	0	0	0	0	0	0	0	0	0	0	0	0	0	
1	1	1	661	19.83		300	0	0	-0.03305	-0.03305	0.0398257	0	0	0	-185.884	-185.884	-1.3205e-05	0	0	0	8.68505	-5.17817	0	13.8632		300	0.835381	-0.0233452	-0.0233452	0.0300305	0	0	0	0.835381	0	-0.426642	-237.002	0	213.464	213.464	-2.13163e-14	12.4428	0	0	0	0	0	0	0	0	0	0	0	0	0	0	0	0	0	0	0	0	0	0	0	0	0	0	0	0	0	0	0	0	0	
1	1	1	662	19.86		300	0	0	-0.0331	-0.0331	0.0398878	0	0	0	-186.039	-186.039	-1.32124e-05	0	0	0	8.70365	-5.17011	0	13.8738		300	0.836225	-0.0233871	-0.0233871	0.0300844	0	0	0	0.836225	0	-0.426642	-237.002	0	213.464	213.464	-2.13163e-14	12.4428	0	0	0	0	0	0	0	0	0	0	0	0	0	0	0	0	0	0	0	0	0	0	0	0	0	0	0	0	0	0	0	0	0	
1	1	1	663	19.89		300	0	0	-0.03315	-0.03315	0.0399498	0	0	0	-186.194	-186.194	-1.32199e-05	0	0	0	8.72226	-5.16202	0	13.8843		300	0.837069	-0.023429	-0.023429	0.0301383	0	0	0	0.837069	0	-0.426642	-237.002	0	213.464	213.464	-2.13163e-14	12.4428	0	0	0	0	0	0	0	0	0	0	0	0	0	0	0	0	0	0	0	0	0	0	0	0	0	0	0	0	0	0	0	0	0	
1	1	1	664	19.92		300	0	0	-0.0332	-0.0332	0.0400119	0	0	0	-186.349	-186.349	-1.32273e-05	0	0	0	8.74088	-5.1539	0	13.8948		300	0.837911	-0.0234708	-0.0234708	0.0301922	0	0	0	0.837911	0	-0.426642	-237.002	0	213.464	213.464	-2.13163e-14	12.4428	0	0	0	0	0	0	0	0	0	0	0	0	0	0	0	0	0	0	0	0	0	0	0	0	0	0	0	0	0	0	0	0	0	
1	1	1	665	19.95		300	0	0	-0.03325	-0.03325	0.0400739	0	0	0	-186.505	-186.505	-1.32346e-05	0	0	0	8.75953	-5.14575	0	13.9053		300	0.838753	-0.0235127	-0.0235127	0.030246	0	0	0	0.838753	0	-0.426642	-237.002	0	213.464	213.464	-2.13163e-14	12.4428	0	0	0	0	0	0	0	0	0	0	0	0	0	0	0	0	0	0	0	0	0	0	0	0	0	0	0	0	0	0	0	0	0	
1	1	1	666	19.98		300	0	0	-0.0333	-0.0333	0.040136	0	0	0	-186.662	-186.662	-1.32419e-05	0	0	0	8.77819	-5.13757	0	13.9158		300	0.839593	-0.0235545	-0.0235545	0.0302998	0	0	0	0.839593	0	-0.426642	-237.002	0	213.464	213.464	-2.13163e-14	12.4428	0	0	0	0	0	0	0	0	0	0	0	0	0	0	0	0	0	0	0	0	0	0	0	0	0	0	0	0	0	0	0	0	0	
1	1	1	667	20.01		300	0	0	-0.03335	-0.03335	0.040198	0	0	0	-186.818	-186.818	-1.32492e-05	0	0	0	8.79686	-5.12936	0	13.9262		300	0.840432	-0.0235964	-0.0235964	0.0303536	0	0	0	0.840432	0	-0.426642	-237.002	0	213.464	213.464	-2.13163e-14	12.4428	0	0	0	0	0	0	0	0	0	0	0	0	0	0	0	0	0	0	0	0	0	0	0	0	0	0	0	0	0	0	0	0	0	
1	1	1	668	20.04		300	0	0	-0.0334	-0.0334	0.0402601	0	0	0	-186.975	-186.975	-1.32564e-05	0	0	0	8.81555	-5.12112	0	13.9367		300	0.84127	-0.0236382	-0.0236382	0.0304074	0	0	0	0.84127	0	-0.426642	-237.002	0	213.464	213.464	-2.13163e-14	12.4428	0	0	0	0	0	0	0	0	0	0	0	0	0	0	0	0	0	0	0	0	0	0	0	0	0	0	0	0	0	0	0	0	0	
1	1	1	669	20.07		300	0	0	-0.03345	-0.03345	0.0403221	0	0	0	-187.133	-187.133	-1.32636e-05	0	0	0	8.83425	-5.11285	0	13.9471		300	0.842107	-0.0236799	-0.0236799	0.0304611	0	0	0	0.842107	0	-0.426642	-237.002	0	213.464	213.464	-2.13163e-14	12.4428	0	0	0	0	0	0	0	0	0	0	0	0	0	0	0	0	0	0	0	0	0	0	0	0	0	0	0	0	0	0	0	0	0	
1	1	1	670	20.1		300	0	0	-0.0335	-0.0335	0.0403841	0	0	0	-187.291	-187.291	-1.32708e-05	0	0	0	8.85298	-5.10455	0	13.9575		300	0.842943	-0.0237217	-0.0237217	0.0305148	0	0	0	0.842943	0	-0.426642	-237.002	0	213.464	213.464	-2.13163e-14	12.4428	0	0	0	0	0	0	0	0	0	0	0	0	0	0	0	0	0	0	0	0	0	0	0	0	0	0	0	0	0	0	0	0	0	
1	1	1	671	20.13		300	0	0	-0.03355	-0.03355	0.0404461	0	0	0	-187.449	-187.449	-1.32779e-05	0	0	0	8.87171	-5.09623	0	13.9679		300	0.843778	-0.0237634	-0.0237634	0.0305685	0	0	0	0.843778	0	-0.426642	-237.002	0	213.464	213.464	-2.13163e-14	12.4428	0	0	0	0	0	0	0	0	0	0	0	0	0	0	0	0	0	0	0	0	0	0	0	0	0	0	0	0	0	0	0	0	0	
1	1	1	672	20.16		300	0	0	-0.0336	-0.0336	0.0405082	0	0	0	-187.608	-187.608	-1.3285e-05	0	0	0	8.89047	-5.08787	0	13.9783		300	0.844611	-0.0238051	-0.0238051	0.0306222	0	0	0	0.844611	0	-0.426642	-237.002	0	213.464	213.464	-2.13163e-14	12.4428	0	0	0	0	0	0	0	0	0	0	0	0	0	0	0	0	0	0	0	0	0	0	0	0	0	0	0	0	0	0	0	0	0	
1	1	1	673	20.19		300	0	0	-0.03365	-0.03365	0.0405702	0	0	0	-187.767	-187.767	-1.3292e-05	0	0	0	8.90923	-5.07948	0	13.9887		300	0.845444	-0.0238468	-0.0238468	0.0306758	0	0	0	0.845444	0	-0.426642	-237.002	0	213.464	213.464	-2.13163e-14	12.4428	0	0	0	0	0	0	0	0	0	0	0	0	0	0	0	0	0	0	0	0	0	0	0	0	0	0	0	0	0	0	0	0	0	
1	1	1	674	20.22		300	0	0	-0.0337	-0.0337	0.0406322	0	0	0	-187.926	-187.926	-1.3299e-05	0	0	0	8.92802	-5.07107	0	13.9991		300	0.846275	-0.0238885	-0.0238885	0.0307294	0	0	0	0.846275	0	-0.426642	-237.002	0	213.464	213.464	-2.13163e-14	12.4428	0	0	0	0	0	0	0	0	0	0	0	0	0	0	0	0	0	0	0	0	0	0	0	0	0	0	0	0	0	0	0	0	0	
1	1	1	675	20.25		300	0	0	-0.03375	-0.03375	0.0406942	0	0	0	-188.086	-188.086	-1.3306e-05	0	0	0	8.94682	-5.06262	0	14.0094		300	0.847106	-0.0239302	-0.0239302	0.030783	0	0	0	0.847106	0	-0.426642	-237.002	0	213.464	213.464	-2.13163e-14	12.4428	0	0	0	0	0	0	0	0	0	0	0	0	0	0	0	0	0	0	0	0	0	0	0	0	0	0	0	0	0	0	0	0	0	
1	1	1	676	20.28		300	0	0	-0.0338	-0.0338	0.0407562	0	0	0	-188.247	-188.247	-1.33129e-05	0	0	0	8.96564	-5.05415	0	14.0198		300	0.847935	-0.0239718	-0.0239718	0.0308365	0	0	0	0.847935	0	-0.426642	-237.002	0	213.464	213.464	-2.13163e-14	12.4428	0	0	0	0	0	0	0	0	0	0	0	0	0	0	0	0	0	0	0	0	0	0	0	0	0	0	0	0	0	0	0	0	0	
1	1	1	677	20.31		300	0	0	-0.03385	-0.03385	0.0408181	0	0	0	-188.407	-188.407	-1.33198e-05	0	0	0	8.98447	-5.04564	0	14.0301		300	0.848763	-0.0240134	-0.0240134	0.03089	0	0	0	0.848763	0	-0.426642	-237.002	0	213.464	213.464	-2.13163e-14	12.4428	0	0	0	0	0	0	0	0	0	0	0	0	0	0	0	0	0	0	0	0	0	0	0	0	0	0	0	0	0	0	0	0	0	
1	1	1	678	20.34		300	0	0	-0.0339	-0.0339	0.0408801	0	0	0	-188.569	-188.569	-1.33266e-05	0	0	0	9.00332	-5.03711	0	14.0404		300	0.84959	-0.024055	-0.024055	0.0309435	0	0	0	0.84959	0	-0.426642	-237.002	0	213.464	213.464	-2.13163e-14	12.4428	0	0	0	0	0	0	0	0	0	0	0	0	0	0	0	0	0	0	0	0	0	0	0	0	0	0	0	0	0	0	0	0	0	
1	1	1	679	20.37		300	0	0	-0.03395	-0.03395	0.0409421	0	0	0	-188.73	-188.73	-1.33334e-05	0	0	0	9.02218	-5.02854	0	14.0507		300	0.850416	-0.0240965	-0.0240965	0.030997	0	0	0	0.850416	0	-0.426642	-237.002	0	213.464	213.464	-2.13163e-14	12.4428	0	0	0	0	0	0	0	0	0	0	0	0	0	0	0	0	0	0	0	0	0	0	0	0	0	0	0	0	0	0	0	0	0	
1	1	1	680	20.4		300	0	0	-0.034	-0.034	0.0410041	0	0	0	-188.892	-188.892	-1.33402e-05	0	0	0	9.04106	-5.01995	0	14.061		300	0.851241	-0.0241381	-0.0241381	0.0310504	0	0	0	0.851241	0	-0.426642	-237.002	0	213.464	213.464	-2.13163e-14	12.4428	0	0	0	0	0	0	0	0	0	0	0	0	0	0	0	0	0	0	0	0	0	0	0	0	0	0	0	0	0	0	0	0	0	
1	1	1	681	20.43		300	0	0	-0.03405	-0.03405	0.041066	0	0	0	-189.055	-189.055	-1.33469e-05	0	0	0	9.05996	-5.01132	0	14.0713		300	0.852064	-0.0241796	-0.0241796	0.0311038	0	0	0	0.852064	0	-0.426642	-237.002	0	213.464	213.464	-2.13163e-14	12.4428	0	0	0	0	0	0	0	0	0	0	0	0	0	0	0	0	0	0	0	0	0	0	0	0	0	0	0	0	0	0	0	0	0	
1	1	1	682	20.46		300	0	0	-0.0341	-0.0341	0.041128	0	0	0	-189.218	-189.218	-1.33536e-05	0	0	0	9.07887	-5.00266	0	14.0815		300	0.852887	-0.0242211	-0.0242211	0.0311572	0	0	0	0.852887	0	-0.426642	-237.002	0	213.464	213.464	-2.13163e-14	12.4428	0	0	0	0	0	0	0	0	0	0	0	0	0	0	0	0	0	0	0	0	0	0	0	0	0	0	0	0	0	0	0	0	0	
1	1	1	683	20.49		300	0	0	-0.03415	-0.03415	0.0411899	0	0	0	-189.381	-189.381	-1.33603e-05	0	0	0	9.0978	-4.99398	0	14.0918		300	0.853708	-0.0242626	-0.0242626	0.0312105	0	0	0	0.853708	0	-0.426642	-237.002	0	213.464	213.464	-2.13163e-14	12.4428	0	0	0	0	0	0	0	0	0	0	0	0	0	0	0	0	0	0	0	0	0	0	0	0	0	0	0	0	0	0	0	0	0	
1	1	1	684	20.52		300	0	0	-0.0342	-0.0342	0.0412519	0	0	0	-189.545	-189.545	-1.33669e-05	0	0	0	9.11675	-4.98526	0	14.102		300	0.854528	-0.024304	-0.024304	0.0312638	0	0	0	0.854528	0	-0.426642	-237.002	0	213.464	213.464	-2.13163e-14	12.4428	0	0	0	0	0	0	0	0	0	0	0	0	0	0	0	0	0	0	0	0	0	0	0	0	0	0	0	0	0	0	0	0	0	
1	1	1	685	20.55		300	0	0	-0.03425	-0.03425	0.0413138	0	0	0	-189.709	-189.709	-1.33734e-05	0	0	0	9.13571	-4.97651	0	14.1122		300	0.855347	-0.0243454	-0.0243454	0.0313171	0	0	0	0.855347	0	-0.426642	-237.002	0	213.464	213.464	-2.13163e-14	12.4428	0	0	0	0	0	0	0	0	0	0	0	0	0	0	0	0	0	0	0	0	0	0	0	0	0	0	0	0	0	0	0	0	0	
1	1	1	686	20.58		300	0	0	-0.0343	-0.0343	0.0413757	0	0	0	-189.874	-189.874	-1.33799e-05	0	0	0	9.15469	-4.96773	0	14.1224		300	0.856165	-0.0243868	-0.0243868	0.0313703	0	0	0	0.856165	0	-0.426642	-237.002	0	213.464	213.464	-2.13163e-14	12.4428	0	0	0	0	0	0	0	0	0	0	0	0	0	0	0	0	0	0	0	0	0	0	0	0	0	0	0	0	0	0	0	0	0	
1	1	1	687	20.61		300	0	0	-0.03435	-0.03435	0.0414376	0	0	0	-190.039	-190.039	-1.33864e-05	0	0	0	9.17369	-4.95892	0	14.1326		300	0.856982	-0.0244282	-0.0244282	0.0314235	0	0	0	0.856982	0	-0.426642	-237.002	0	213.464	213.464	-2.13163e-14	12.4428	0	0	0	0	0	0	0	0	0	0	0	0	0	0	0	0	0	0	0	0	0	0	0	0	0	0	0	0	0	0	0	0	0	
1	1	1	688	20.64		300	0	0	-0.0344	-0.0344	0.0414996	0	0	0	-190.205	-190.205	-1.33929e-05	0	0	0	9.1927	-4.95008	0	14.1428		300	0.857797	-0.0244696	-0.0244696	0.0314767	0	0	0	0.857797	0	-0.426642	-237.002	0	213.464	213.464	-2.13163e-14	12.4428	0	0	0	0	0	0	0	0	0	0	0	0	0	0	0	0	0	0	0	0	0	0	0	0	0	0	0	0	0	0	0	0	0	
1	1	1	689	20.67		300	0	0	-0.03445	-0.03445	0.0415615	0	0	0	-190.371	-190.371	-1.33993e-05	0	0	0	9.21173	-4.94121	0	14.1529		300	0.858612	-0.0245109	-0.0245109	0.0315299	0	0	0	0.858612	0	-0.426642	-237.002	0	213.464	213.464	-2.13163e-14	12.4428	0	0	0	0	0	0	0	0	0	0	0	0	0	0	0	0	0	0	0	0	0	0	0	0	0	0	0	0	0	0	0	0	0	
1	1	1	690	20.7		300	0	0	-0.0345	-0.0345	0.0416234	0	0	0	-190.537	-190.537	-1.34056e-05	0	0	0	9.23077	-4.9323	0	14.1631		300	0.859425	-0.0245522	-0.0245522	0.031583	0	0	0	0.859425	0	-0.426642	-237.002	0	213.464	213.464	-2.13163e-14	12.4428	0	0	0	0	0	0	0	0	0	0	0	0	0	0	0	0	0	0	0	0	0	0	0	0	0	0	0	0	0	0	0	0	0	
1	1	1	691	20.73		300	0	0	-0.03455	-0.03455	0.0416853	0	0	0	-190.704	-190.704	-1.3412e-05	0	0	0	9.24984	-4.92337	0	14.1732		300	0.860237	-0.0245935	-0.0245935	0.0316361	0	0	0	0.860237	0	-0.426642	-237.002	0	213.464	213.464	-2.13163e-14	12.4428	0	0	0	0	0	0	0	0	0	0	0	0	0	0	0	0	0	0	0	0	0	0	0	0	0	0	0	0	0	0	0	0	0	
1	1	1	692	20.76		300	0	0	-0.0346	-0.0346	0.0417471	0	0	0	-190.872	-190.872	-1.34182e-05	0	0	0	9.26892	-4.9144	0	14.1833		300	0.861048	-0.0246347	-0.0246347	0.0316891	0	0	0	0.861048	0	-0.426642	-237.002	0	213.464	213.464	-2.13163e-14	12.4428	0	0	0	0	0	0	0	0	0	0	0	0	0	0	0	0	0	0	0	0	0	0	0	0	0	0	0	0	0	0	0	0	0	
1	1	1	693	20.79		300	0	0	-0.03465	-0.03465	0.041809	0	0	0	-191.04	-191.04	-1.34245e-05	0	0	0	9.28801	-4.9054	0	14.1934		300	0.861858	-0.0246759	-0.0246759	0.0317422	0	0	0	0.861858	0	-0.426642	-237.002	0	213.464	213.464	-2.13163e-14	12.4428	0	0	0	0	0	0	0	0	0	0	0	0	0	0	0	0	0	0	0	0	0	0	0	0	0	0	0	0	0	0	0	0	0	
1	1	1	694	20.82		300	0	0	-0.0347	-0.0347	0.0418709	0	0	0	-191.209	-191.209	-1.34307e-05	0	0	0	9.30712	-4.89638	0	14.2035		300	0.862666	-0.0247171	-0.0247171	0.0317951	0	0	0	0.862666	0	-0.426642	-237.002	0	213.464	213.464	-2.13163e-14	12.4428	0	0	0	0	0	0	0	0	0	0	0	0	0	0	0	0	0	0	0	0	0	0	0	0	0	0	0	0	0	0	0	0	0	
1	1	1	695	20.85		300	0	0	-0.03475	-0.03475	0.0419328	0	0	0	-191.378	-191.378	-1.34368e-05	0	0	0	9.32625	-4.88732	0	14.2136		300	0.863474	-0.0247583	-0.0247583	0.0318481	0	0	0	0.863474	0	-0.426642	-237.002	0	213.464	213.464	-2.13163e-14	12.4428	0	0	0	0	0	0	0	0	0	0	0	0	0	0	0	0	0	0	0	0	0	0	0	0	0	0	0	0	0	0	0	0	0	
1	1	1	696	20.88		300	0	0	-0.0348	-0.0348	0.0419946	0	0	0	-191.547	-191.547	-1.3443e-05	0	0	0	9.3454	-4.87822	0	14.2236		300	0.86428	-0.0247995	-0.0247995	0.031901	0	0	0	0.86428	0	-0.426642	-237.002	0	213.464	213.464	-2.13163e-14	12.4428	0	0	0	0	0	0	0	0	0	0	0	0	0	0	0	0	0	0	0	0	0	0	0	0	0	0	0	0	0	0	0	0	0	
1	1	1	697	20.91		300	0	0	-0.03485	-0.03485	0.0420565	0	0	0	-191.717	-191.717	-1.3449e-05	0	0	0	9.36456	-4.8691	0	14.2337		300	0.865085	-0.0248406	-0.0248406	0.0319539	0	0	0	0.865085	0	-0.426642	-237.002	0	213.464	213.464	-2.13163e-14	12.4428	0	0	0	0	0	0	0	0	0	0	0	0	0	0	0	0	0	0	0	0	0	0	0	0	0	0	0	0	0	0	0	0	0	
1	1	1	698	20.94		300	0	0	-0.0349	-0.0349	0.0421183	0	0	0	-191.888	-191.888	-1.34551e-05	0	0	0	9.38374	-4.85994	0	14.2437		300	0.865889	-0.0248817	-0.0248817	0.0320068	0	0	0	0.865889	0	-0.426642	-237.002	0	213.464	213.464	-2.13163e-14	12.4428	0	0	0	0	0	0	0	0	0	0	0	0	0	0	0	0	0	0	0	0	0	0	0	0	0	0	0	0	0	0	0	0	0	
1	1	1	699	20.97		300	0	0	-0.03495	-0.03495	0.0421801	0	0	0	-192.059	-192.059	-1.34611e-05	0	0	0	9.40294	-4.85075	0	14.2537		300	0.866691	-0.0249227	-0.0249227	0.0320596	0	0	0	0.866691	0	-0.426642	-237.002	0	213.464	213.464	-2.13163e-14	12.4428	0	0	0	0	0	0	0	0	0	0	0	0	0	0	0	0	0	0	0	0	0	0	0	0	0	0	0	0	0	0	0	0	0	
1	1	1	700	21		300	0	0	-0.035	-0.035	0.042242	0	0	0	-192.231	-192.231	-1.3467e-05	0	0	0	9.42215	-4.84153	0	14.2637		300	0.867493	-0.0249638	-0.0249638	0.0321124	0	0	0	0.867493	0	-0.426642	-237.002	0	213.464	213.464	-2.13163e-14	12.4428	0	0	0	0	0	0	0	0	0	0	0	0	0	0	0	0	0	0	0	0	0	0	0	0	0	0	0	0	0	0	0	0	0	
1	1	1	701	21.03		300	0	0	-0.03505	-0.03505	0.0423038	0	0	0	-192.403	-192.403	-1.3473e-05	0	0	0	9.44139	-4.83228	0	14.2737		300	0.868293	-0.0250048	-0.0250048	0.0321651	0	0	0	0.868293	0	-0.426642	-237.002	0	213.464	213.464	-2.13163e-14	12.4428	0	0	0	0	0	0	0	0	0	0	0	0	0	0	0	0	0	0	0	0	0	0	0	0	0	0	0	0	0	0	0	0	0	
1	1	1	702	21.06		300	0	0	-0.0351	-0.0351	0.0423656	0	0	0	-192.576	-192.576	-1.34788e-05	0	0	0	9.46064	-4.823	0	14.2836		300	0.869092	-0.0250458	-0.0250458	0.0322178	0	0	0	0.869092	0	-0.426642	-237.002	0	213.464	213.464	-2.13163e-14	12.4428	0	0	0	0	0	0	0	0	0	0	0	0	0	0	0	0	0	0	0	0	0	0	0	0	0	0	0	0	0	0	0	0	0	
1	1	1	703	21.09		300	0	0	-0.03515	-0.03515	0.0424274	0	0	0	-192.749	-192.749	-1.34847e-05	0	0	0	9.4799	-4.81368	0	14.2936		300	0.86989	-0.0250867	-0.0250867	0.0322705	0	0	0	0.86989	0	-0.426642	-237.002	0	213.464	213.464	-2.13163e-14	12.4428	0	0	0	0	0	0	0	0	0	0	0	0	0	0	0	0	0	0	0	0	0	0	0	0	0	0	0	0	0	0	0	0	0	
1	1	1	704	21.12		300	0	0	-0.0352	-0.0352	0.0424892	0	0	0	-192.923	-192.923	-1.34905e-05	0	0	0	9.49919	-4.80433	0	14.3035		300	0.870686	-0.0251276	-0.0251276	0.0323231	0	0	0	0.870686	0	-0.426642	-237.002	0	213.464	213.464	-2.13163e-14	12.4428	0	0	0	0	0	0	0	0	0	0	0	0	0	0	0	0	0	0	0	0	0	0	0	0	0	0	0	0	0	0	0	0	0	
1	1	1	705	21.15		300	0	0	-0.03525	-0.03525	0.042551	0	0	0	-193.097	-193.097	-1.34962e-05	0	0	0	9.51849	-4.79495	0	14.3134		300	0.871481	-0.0251685	-0.0251685	0.0323757	0	0	0	0.871481	0	-0.426642	-237.002	0	213.464	213.464	-2.13163e-14	12.4428	0	0	0	0	0	0	0	0	0	0	0	0	0	0	0	0	0	0	0	0	0	0	0	0	0	0	0	0	0	0	0	0	0	
1	1	1	706	21.18		300	0	0	-0.0353	-0.0353	0.0426128	0	0	0	-193.272	-193.272	-1.35019e-05	0	0	0	9.5378	-4.78553	0	14.3233		300	0.872275	-0.0252094	-0.0252094	0.0324283	0	0	0	0.872275	0	-0.426642	-237.002	0	213.464	213.464	-2.13163e-14	12.4428	0	0	0	0	0	0	0	0	0	0	0	0	0	0	0	0	0	0	0	0	0	0	0	0	0	0	0	0	0	0	0	0	0	
1	1	1	707	21.21		300	0	0	-0.03535	-0.03535	0.0426745	0	0	0	-193.448	-193.448	-1.35076e-05	0	0	0	9.55714	-4.77608	0	14.3332		300	0.873068	-0.0252503	-0.0252503	0.0324808	0	0	0	0.873068	0	-0.426642	-237.002	0	213.464	213.464	-2.13163e-14	12.4428	0	0	0	0	0	0	0	0	0	0	0	0	0	0	0	0	0	0	0	0	0	0	0	0	0	0	0	0	0	0	0	0	0	
1	1	1	708	21.24		300	0	0	-0.0354	-0.0354	0.0427363	0	0	0	-193.624	-193.624	-1.35132e-05	0	0	0	9.57649	-4.7666	0	14.3431		300	0.87386	-0.0252911	-0.0252911	0.0325333	0	0	0	0.87386	0	-0.426642	-237.002	0	213.464	213.464	-2.13163e-14	12.4428	0	0	0	0	0	0	0	0	0	0	0	0	0	0	0	0	0	0	0	0	0	0	0	0	0	0	0	0	0	0	0	0	0	
1	1	1	709	21.27		300	0	0	-0.03545	-0.03545	0.042798	0	0	0	-193.8	-193.8	-1.35188e-05	0	0	0	9.59587	-4.75709	0	14.353		300	0.87465	-0.0253318	-0.0253318	0.0325857	0	0	0	0.87465	0	-0.426642	-237.002	0	213.464	213.464	-2.13163e-14	12.4428	0	0	0	0	0	0	0	0	0	0	0	0	0	0	0	0	0	0	0	0	0	0	0	0	0	0	0	0	0	0	0	0	0	
1	1	1	710	21.3		300	0	0	-0.0355	-0.0355	0.0428598	0	0	0	-193.978	-193.978	-1.35243e-05	0	0	0	9.61525	-4.74754	0	14.3628		300	0.875439	-0.0253726	-0.0253726	0.0326381	0	0	0	0.875439	0	-0.426642	-237.002	0	213.464	213.464	-2.13163e-14	12.4428	0	0	0	0	0	0	0	0	0	0	0	0	0	0	0	0	0	0	0	0	0	0	0	0	0	0	0	0	0	0	0	0	0	
1	1	1	711	21.33		300	0	0	-0.03555	-0.03555	0.0429215	0	0	0	-194.155	-194.155	-1.35298e-05	0	0	0	9.63466	-4.73796	0	14.3726		300	0.876227	-0.0254133	-0.0254133	0.0326905	0	0	0	0.876227	0	-0.426642	-237.002	0	213.464	213.464	-2.13163e-14	12.4428	0	0	0	0	0	0	0	0	0	0	0	0	0	0	0	0	0	0	0	0	0	0	0	0	0	0	0	0	0	0	0	0	0	
1	1	1	712	21.36		300	0	0	-0.0356	-0.0356	0.0429833	0	0	0	-194.334	-194.334	-1.35353e-05	0	0	0	9.65409	-4.72834	0	14.3824		300	0.877014	-0.025454	-0.025454	0.0327428	0	0	0	0.877014	0	-0.426642	-237.002	0	213.464	213.464	-2.13163e-14	12.4428	0	0	0	0	0	0	0	0	0	0	0	0	0	0	0	0	0	0	0	0	0	0	0	0	0	0	0	0	0	0	0	0	0	
1	1	1	713	21.39		300	0	0	-0.03565	-0.03565	0.043045	0	0	0	-194.513	-194.513	-1.35407e-05	0	0	0	9.67353	-4.71869	0	14.3922		300	0.877799	-0.0254946	-0.0254946	0.0327951	0	0	0	0.877799	0	-0.426642	-237.002	0	213.464	213.464	-2.13163e-14	12.4428	0	0	0	0	0	0	0	0	0	0	0	0	0	0	0	0	0	0	0	0	0	0	0	0	0	0	0	0	0	0	0	0	0	
1	1	1	714	21.42		300	0	0	-0.0357	-0.0357	0.0431067	0	0	0	-194.692	-194.692	-1.35461e-05	0	0	0	9.69299	-4.70901	0	14.402		300	0.878583	-0.0255353	-0.0255353	0.0328474	0	0	0	0.878583	0	-0.426642	-237.002	0	213.464	213.464	-2.13163e-14	12.4428	0	0	0	0	0	0	0	0	0	0	0	0	0	0	0	0	0	0	0	0	0	0	0	0	0	0	0	0	0	0	0	0	0	
1	1	1	715	21.45		300	0	0	-0.03575	-0.03575	0.0431684	0	0	0	-194.872	-194.872	-1.35514e-05	0	0	0	9.71247	-4.69929	0	14.4118		300	0.879366	-0.0255759	-0.0255759	0.0328996	0	0	0	0.879366	0	-0.426642	-237.002	0	213.464	213.464	-2.13163e-14	12.4428	0	0	0	0	0	0	0	0	0	0	0	0	0	0	0	0	0	0	0	0	0	0	0	0	0	0	0	0	0	0	0	0	0	
1	1	1	716	21.48		300	0	0	-0.0358	-0.0358	0.0432301	0	0	0	-195.053	-195.053	-1.35567e-05	0	0	0	9.73196	-4.68954	0	14.4215		300	0.880147	-0.0256164	-0.0256164	0.0329517	0	0	0	0.880147	0	-0.426642	-237.002	0	213.464	213.464	-2.13163e-14	12.4428	0	0	0	0	0	0	0	0	0	0	0	0	0	0	0	0	0	0	0	0	0	0	0	0	0	0	0	0	0	0	0	0	0	
1	1	1	717	21.51		300	0	0	-0.03585	-0.03585	0.0432918	0	0	0	-195.235	-195.235	-1.35619e-05	0	0	0	9.75148	-4.67976	0	14.4312		300	0.880927	-0.0256569	-0.0256569	0.0330039	0	0	0	0.880927	0	-0.426642	-237.002	0	213.464	213.464	-2.13163e-14	12.4428	0	0	0	0	0	0	0	0	0	0	0	0	0	0	0	0	0	0	0	0	0	0	0	0	0	0	0	0	0	0	0	0	0	
1	1	1	718	21.54		300	0	0	-0.0359	-0.0359	0.0433534	0	0	0	-195.417	-195.417	-1.35672e-05	0	0	0	9.77101	-4.66994	0	14.4409		300	0.881706	-0.0256974	-0.0256974	0.0330559	0	0	0	0.881706	0	-0.426642	-237.002	0	213.464	213.464	-2.13163e-14	12.4428	0	0	0	0	0	0	0	0	0	0	0	0	0	0	0	0	0	0	0	0	0	0	0	0	0	0	0	0	0	0	0	0	0	
1	1	1	719	21.57		300	0	0	-0.03595	-0.03595	0.0434151	0	0	0	-195.599	-195.599	-1.35723e-05	0	0	0	9.79056	-4.66009	0	14.4506		300	0.882484	-0.0257379	-0.0257379	0.033108	0	0	0	0.882484	0	-0.426642	-237.002	0	213.464	213.464	-2.13163e-14	12.4428	0	0	0	0	0	0	0	0	0	0	0	0	0	0	0	0	0	0	0	0	0	0	0	0	0	0	0	0	0	0	0	0	0	
1	1	1	720	21.6		300	0	0	-0.036	-0.036	0.0434768	0	0	0	-195.783	-195.783	-1.35774e-05	0	0	0	9.81013	-4.6502	0	14.4603		300	0.88326	-0.0257783	-0.0257783	0.03316	0	0	0	0.88326	0	-0.426642	-237.002	0	213.464	213.464	-2.13163e-14	12.4428	0	0	0	0	0	0	0	0	0	0	0	0	0	0	0	0	0	0	0	0	0	0	0	0	0	0	0	0	0	0	0	0	0	
1	1	1	721	21.63		300	0	0	-0.03605	-0.03605	0.0435384	0	0	0	-195.967	-195.967	-1.35825e-05	0	0	0	9.82972	-4.64028	0	14.47		300	0.884035	-0.0258187	-0.0258187	0.0332119	0	0	0	0.884035	0	-0.426642	-237.002	0	213.464	213.464	-2.13163e-14	12.4428	0	0	0	0	0	0	0	0	0	0	0	0	0	0	0	0	0	0	0	0	0	0	0	0	0	0	0	0	0	0	0	0	0	
1	1	1	722	21.66		300	0	0	-0.0361	-0.0361	0.0436	0	0	0	-196.151	-196.151	-1.35875e-05	0	0	0	9.84932	-4.63032	0	14.4796		300	0.884809	-0.0258591	-0.0258591	0.0332638	0	0	0	0.884809	0	-0.426642	-237.002	0	213.464	213.464	-2.13163e-14	12.4428	0	0	0	0	0	0	0	0	0	0	0	0	0	0	0	0	0	0	0	0	0	0	0	0	0	0	0	0	0	0	0	0	0	
1	1	1	723	21.69		300	0	0	-0.03615	-0.03615	0.0436617	0	0	0	-196.337	-196.337	-1.35925e-05	0	0	0	9.86895	-4.62033	0	14.4893		300	0.885581	-0.0258994	-0.0258994	0.0333157	0	0	0	0.885581	0	-0.426642	-237.002	0	213.464	213.464	-2.13163e-14	12.4428	0	0	0	0	0	0	0	0	0	0	0	0	0	0	0	0	0	0	0	0	0	0	0	0	0	0	0	0	0	0	0	0	0	
1	1	1	724	21.72		300	0	0	-0.0362	-0.0362	0.0437233	0	0	0	-196.523	-196.523	-1.35975e-05	0	0	0	9.88859	-4.6103	0	14.4989		300	0.886352	-0.0259397	-0.0259397	0.0333675	0	0	0	0.886352	0	-0.426642	-237.002	0	213.464	213.464	-2.13163e-14	12.4428	0	0	0	0	0	0	0	0	0	0	0	0	0	0	0	0	0	0	0	0	0	0	0	0	0	0	0	0	0	0	0	0	0	
1	1	1	725	21.75		300	0	0	-0.03625	-0.03625	0.0437849	0	0	0	-196.709	-196.709	-1.36024e-05	0	0	0	9.90825	-4.60024	0	14.5085		300	0.887122	-0.02598	-0.02598	0.0334193	0	0	0	0.887122	0	-0.426642	-237.002	0	213.464	213.464	-2.13163e-14	12.4428	0	0	0	0	0	0	0	0	0	0	0	0	0	0	0	0	0	0	0	0	0	0	0	0	0	0	0	0	0	0	0	0	0	
1	1	1	726	21.78		300	0	0	-0.0363	-0.0363	0.0438465	0	0	0	-196.897	-196.897	-1.36073e-05	0	0	0	9.92793	-4.59014	0	14.5181		300	0.88789	-0.0260202	-0.0260202	0.033471	0	0	0	0.88789	0	-0.426642	-237.002	0	213.464	213.464	-2.13163e-14	12.4428	0	0	0	0	0	0	0	0	0	0	0	0	0	0	0	0	0	0	0	0	0	0	0	0	0	0	0	0	0	0	0	0	0	
1	1	1	727	21.81		300	0	0	-0.03635	-0.03635	0.0439081	0	0	0	-197.085	-197.085	-1.36121e-05	0	0	0	9.94763	-4.58	0	14.5276		300	0.888657	-0.0260604	-0.0260604	0.0335227	0	0	0	0.888657	0	-0.426642	-237.002	0	213.464	213.464	-2.13163e-14	12.4428	0	0	0	0	0	0	0	0	0	0	0	0	0	0	0	0	0	0	0	0	0	0	0	0	0	0	0	0	0	0	0	0	0	
1	1	1	728	21.84		300	0	0	-0.0364	-0.0364	0.0439697	0	0	0	-197.273	-197.273	-1.36169e-05	0	0	0	9.96735	-4.56983	0	14.5372		300	0.889423	-0.0261005	-0.0261005	0.0335743	0	0	0	0.889423	0	-0.426642	-237.002	0	213.464	213.464	-2.13163e-14	12.4428	0	0	0	0	0	0	0	0	0	0	0	0	0	0	0	0	0	0	0	0	0	0	0	0	0	0	0	0	0	0	0	0	0	
1	1	1	729	21.87		300	0	0	-0.03645	-0.03645	0.0440312	0	0	0	-197.463	-197.463	-1.36216e-05	0	0	0	9.98709	-4.55963	0	14.5467		300	0.890187	-0.0261406	-0.0261406	0.0336259	0	0	0	0.890187	0	-0.426642	-237.002	0	213.464	213.464	-2.13163e-14	12.4428	0	0	0	0	0	0	0	0	0	0	0	0	0	0	0	0	0	0	0	0	0	0	0	0	0	0	0	0	0	0	0	0	0	
1	1	1	730	21.9		300	0	0	-0.0365	-0.0365	0.0440928	0	0	0	-197.653	-197.653	-1.36263e-05	0	0	0	10.0068	-4.54939	0	14.5562		300	0.89095	-0.0261807	-0.0261807	0.0336775	0	0	0	0.89095	0	-0.426642	-237.002	0	213.464	213.464	-2.13163e-14	12.4428	0	0	0	0	0	0	0	0	0	0	0	0	0	0	0	0	0	0	0	0	0	0	0	0	0	0	0	0	0	0	0	0	0	
1	1	1	731	21.93		300	0	0	-0.03655	-0.03655	0.0441543	0	0	0	-197.844	-197.844	-1.36309e-05	0	0	0	10.0266	-4.53911	0	14.5657		300	0.891711	-0.0262207	-0.0262207	0.033729	0	0	0	0.891711	0	-0.426642	-237.002	0	213.464	213.464	-2.13163e-14	12.4428	0	0	0	0	0	0	0	0	0	0	0	0	0	0	0	0	0	0	0	0	0	0	0	0	0	0	0	0	0	0	0	0	0	
1	1	1	732	21.96		300	0	0	-0.0366	-0.0366	0.0442159	0	0	0	-198.035	-198.035	-1.36355e-05	0	0	0	10.0464	-4.5288	0	14.5752		300	0.892472	-0.0262607	-0.0262607	0.0337804	0	0	0	0.892472	0	-0.426642	-237.002	0	213.464	213.464	-2.13163e-14	12.4428	0	0	0	0	0	0	0	0	0	0	0	0	0	0	0	0	0	0	0	0	0	0	0	0	0	0	0	0	0	0	0	0	0	
1	1	1	733	21.99		300	0	0	-0.03665	-0.03665	0.0442774	0	0	0	-198.228	-198.228	-1.36401e-05	0	0	0	10.0662	-4.51845	0	14.5847		300	0.89323	-0.0263007	-0.0263007	0.0338318	0	0	0	0.89323	0	-0.426642	-237.002	0	213.464	213.464	-2.13163e-14	12.4428	0	0	0	0	0	0	0	0	0	0	0	0	0	0	0	0	0	0	0	0	0	0	0	0	0	0	0	0	0	0	0	0	0	
1	1	1	734	22.02		300	0	0	-0.0367	-0.0367	0.0443389	0	0	0	-198.421	-198.421	-1.36446e-05	0	0	0	10.0861	-4.50806	0	14.5941		300	0.893988	-0.0263406	-0.0263406	0.0338831	0	0	0	0.893988	0	-0.426642	-237.002	0	213.464	213.464	-2.13163e-14	12.4428	0	0	0	0	0	0	0	0	0	0	0	0	0	0	0	0	0	0	0	0	0	0	0	0	0	0	0	0	0	0	0	0	0	
1	1	1	735	22.05		300	0	0	-0.03675	-0.03675	0.0444004	0	0	0	-198.615	-198.615	-1.36491e-05	0	0	0	10.1059	-4.49764	0	14.6035		300	0.894744	-0.0263805	-0.0263805	0.0339344	0	0	0	0.894744	0	-0.426642	-237.002	0	213.464	213.464	-2.13163e-14	12.4428	0	0	0	0	0	0	0	0	0	0	0	0	0	0	0	0	0	0	0	0	0	0	0	0	0	0	0	0	0	0	0	0	0	
1	1	1	736	22.08		300	0	0	-0.0368	-0.0368	0.0444619	0	0	0	-198.809	-198.809	-1.36535e-05	0	0	0	10.1258	-4.48718	0	14.613		300	0.895498	-0.0264203	-0.0264203	0.0339857	0	0	0	0.895498	0	-0.426642	-237.002	0	213.464	213.464	-2.13163e-14	12.4428	0	0	0	0	0	0	0	0	0	0	0	0	0	0	0	0	0	0	0	0	0	0	0	0	0	0	0	0	0	0	0	0	0	
1	1	1	737	22.11		300	0	0	-0.03685	-0.03685	0.0445234	0	0	0	-199.005	-199.005	-1.36579e-05	0	0	0	10.1457	-4.47668	0	14.6223		300	0.896251	-0.0264601	-0.0264601	0.0340369	0	0	0	0.896251	0	-0.426642	-237.002	0	213.464	213.464	-2.13163e-14	12.4428	0	0	0	0	0	0	0	0	0	0	0	0	0	0	0	0	0	0	0	0	0	0	0	0	0	0	0	0	0	0	0	0	0	
1	1	1	738	22.14		300	0	0	-0.0369	-0.0369	0.0445849	0	0	0	-199.201	-199.201	-1.36622e-05	0	0	0	10.1656	-4.46614	0	14.6317		300	0.897003	-0.0264999	-0.0264999	0.034088	0	0	0	0.897003	0	-0.426642	-237.002	0	213.464	213.464	-2.13163e-14	12.4428	0	0	0	0	0	0	0	0	0	0	0	0	0	0	0	0	0	0	0	0	0	0	0	0	0	0	0	0	0	0	0	0	0	
1	1	1	739	22.17		300	0	0	-0.03695	-0.03695	0.0446463	0	0	0	-199.398	-199.398	-1.36665e-05	0	0	0	10.1855	-4.45557	0	14.6411		300	0.897754	-0.0265396	-0.0265396	0.0341391	0	0	0	0.897754	0	-0.426642	-237.002	0	213.464	213.464	-2.13163e-14	12.4428	0	0	0	0	0	0	0	0	0	0	0	0	0	0	0	0	0	0	0	0	0	0	0	0	0	0	0	0	0	0	0	0	0	
1	1	1	740	22.2		300	0	0	-0.037	-0.037	0.0447078	0	0	0	-199.595	-199.595	-1.36708e-05	0	0	0	10.2055	-4.44496	0	14.6504		300	0.898502	-0.0265793	-0.0265793	0.0341901	0	0	0	0.898502	0	-0.426642	-237.002	0	213.464	213.464	-2.13163e-14	12.4428	0	0	0	0	0	0	0	0	0	0	0	0	0	0	0	0	0	0	0	0	0	0	0	0	0	0	0	0	0	0	0	0	0	
1	1	1	741	22.23		300	0	0	-0.03705	-0.03705	0.0447692	0	0	0	-199.794	-199.794	-1.3675e-05	0	0	0	10.2254	-4.43431	0	14.6597		300	0.89925	-0.0266189	-0.0266189	0.0342411	0	0	0	0.89925	0	-0.426642	-237.002	0	213.464	213.464	-2.13163e-14	12.4428	0	0	0	0	0	0	0	0	0	0	0	0	0	0	0	0	0	0	0	0	0	0	0	0	0	0	0	0	0	0	0	0	0	
1	1	1	742	22.26		300	0	0	-0.0371	-0.0371	0.0448306	0	0	0	-199.993	-199.993	-1.36791e-05	0	0	0	10.2454	-4.42363	0	14.669		300	0.899996	-0.0266585	-0.0266585	0.034292	0	0	0	0.899996	0	-0.426642	-237.002	0	213.464	213.464	-2.13163e-14	12.4428	0	0	0	0	0	0	0	0	0	0	0	0	0	0	0	0	0	0	0	0	0	0	0	0	0	0	0	0	0	0	0	0	0	
1	1	1	743	22.29		300	0	0	-0.03715	-0.03715	0.0448921	0	0	0	-200.193	-200.193	-1.36833e-05	0	0	0	10.2654	-4.41291	0	14.6783		300	0.90074	-0.0266981	-0.0266981	0.0343429	0	0	0	0.90074	0	-0.426642	-237.002	0	213.464	213.464	-2.13163e-14	12.4428	0	0	0	0	0	0	0	0	0	0	0	0	0	0	0	0	0	0	0	0	0	0	0	0	0	0	0	0	0	0	0	0	0	
1	1	1	744	22.32		300	0	0	-0.0372	-0.0372	0.0449535	0	0	0	-200.394	-200.394	-1.36873e-05	0	0	0	10.2855	-4.40214	0	14.6876		300	0.901483	-0.0267376	-0.0267376	0.0343937	0	0	0	0.901483	0	-0.426642	-237.002	0	213.464	213.464	-2.13163e-14	12.4428	0	0	0	0	0	0	0	0	0	0	0	0	0	0	0	0	0	0	0	0	0	0	0	0	0	0	0	0	0	0	0	0	0	
1	1	1	745	22.35		300	0	0	-0.03725	-0.03725	0.0450148	0	0	0	-200.596	-200.596	-1.36914e-05	0	0	0	10.3055	-4.39134	0	14.6968		300	0.902225	-0.0267771	-0.0267771	0.0344445	0	0	0	0.902225	0	-0.426642	-237.002	0	213.464	213.464	-2.13163e-14	12.4428	0	0	0	0	0	0	0	0	0	0	0	0	0	0	0	0	0	0	0	0	0	0	0	0	0	0	0	0	0	0	0	0	0	
1	1	1	746	22.38		300	0	0	-0.0373	-0.0373	0.0450762	0	0	0	-200.798	-200.798	-1.36953e-05	0	0	0	10.3256	-4.3805	0	14.7061		300	0.902965	-0.0268165	-0.0268165	0.0344952	0	0	0	0.902965	0	-0.426642	-237.002	0	213.464	213.464	-2.13163e-14	12.4428	0	0	0	0	0	0	0	0	0	0	0	0	0	0	0	0	0	0	0	0	0	0	0	0	0	0	0	0	0	0	0	0	0	
1	1	1	747	22.41		300	0	0	-0.03735	-0.03735	0.0451376	0	0	0	-201.002	-201.002	-1.36993e-05	0	0	0	10.3457	-4.36963	0	14.7153		300	0.903704	-0.0268559	-0.0268559	0.0345458	0	0	0	0.903704	0	-0.426642	-237.002	0	213.464	213.464	-2.13163e-14	12.4428	0	0	0	0	0	0	0	0	0	0	0	0	0	0	0	0	0	0	0	0	0	0	0	0	0	0	0	0	0	0	0	0	0	
1	1	1	748	22.44		300	0	0	-0.0374	-0.0374	0.0451989	0	0	0	-201.206	-201.206	-1.37032e-05	0	0	0	10.3658	-4.35871	0	14.7245		300	0.904441	-0.0268952	-0.0268952	0.0345964	0	0	0	0.904441	0	-0.426642	-237.002	0	213.464	213.464	-2.13163e-14	12.4428	0	0	0	0	0	0	0	0	0	0	0	0	0	0	0	0	0	0	0	0	0	0	0	0	0	0	0	0	0	0	0	0	0	
1	1	1	749	22.47		300	0	0	-0.03745	-0.03745	0.0452603	0	0	0	-201.411	-201.411	-1.3707e-05	0	0	0	10.3859	-4.34775	0	14.7337		300	0.905177	-0.0269345	-0.0269345	0.0346469	0	0	0	0.905177	0	-0.426642	-237.002	0	213.464	213.464	-2.13163e-14	12.4428	0	0	0	0	0	0	0	0	0	0	0	0	0	0	0	0	0	0	0	0	0	0	0	0	0	0	0	0	0	0	0	0	0	
1	1	1	750	22.5		300	0	0	-0.0375	-0.0375	0.0453216	0	0	0	-201.617	-201.617	-1.37108e-05	0	0	0	10.4061	-4.33676	0	14.7428		300	0.905911	-0.0269737	-0.0269737	0.0346974	0	0	0	0.905911	0	-0.426642	-237.002	0	213.464	213.464	-2.13163e-14	12.4428	0	0	0	0	0	0	0	0	0	0	0	0	0	0	0	0	0	0	0	0	0	0	0	0	0	0	0	0	0	0	0	0	0	
1	1	1	751	22.53		300	0	0	-0.03755	-0.03755	0.0453829	0	0	0	-201.824	-201.824	-1.37146e-05	0	0	0	10.4262	-4.32572	0	14.752		300	0.906643	-0.0270129	-0.0270129	0.0347478	0	0	0	0.906643	0	-0.426642	-237.002	0	213.464	213.464	-2.13163e-14	12.4428	0	0	0	0	0	0	0	0	0	0	0	0	0	0	0	0	0	0	0	0	0	0	0	0	0	0	0	0	0	0	0	0	0	
1	1	1	752	22.56		300	0	0	-0.0376	-0.0376	0.0454442	0	0	0	-202.032	-202.032	-1.37183e-05	0	0	0	10.4464	-4.31465	0	14.7611		300	0.907374	-0.0270521	-0.0270521	0.0347981	0	0	0	0.907374	0	-0.426642	-237.002	0	213.464	213.464	-2.13163e-14	12.4428	0	0	0	0	0	0	0	0	0	0	0	0	0	0	0	0	0	0	0	0	0	0	0	0	0	0	0	0	0	0	0	0	0	
1	1	1	753	22.59		300	0	0	-0.03765	-0.03765	0.0455055	0	0	0	-202.241	-202.241	-1.3722e-05	0	0	0	10.4666	-4.30353	0	14.7702		300	0.908104	-0.0270912	-0.0270912	0.0348484	0	0	0	0.908104	0	-0.426642	-237.002	0	213.464	213.464	-2.13163e-14	12.4428	0	0	0	0	0	0	0	0	0	0	0	0	0	0	0	0	0	0	0	0	0	0	0	0	0	0	0	0	0	0	0	0	0	
1	1	1	754	22.62		300	0	0	-0.0377	-0.0377	0.0455668	0	0	0	-202.45	-202.45	-1.37256e-05	0	0	0	10.4869	-4.29238	0	14.7792		300	0.908832	-0.0271302	-0.0271302	0.0348986	0	0	0	0.908832	0	-0.426642	-237.002	0	213.464	213.464	-2.13163e-14	12.4428	0	0	0	0	0	0	0	0	0	0	0	0	0	0	0	0	0	0	0	0	0	0	0	0	0	0	0	0	0	0	0	0	0	
1	1	1	755	22.65		300	0	0	-0.03775	-0.03775	0.045628	0	0	0	-202.661	-202.661	-1.37292e-05	0	0	0	10.5071	-4.28118	0	14.7883		300	0.909558	-0.0271692	-0.0271692	0.0349488	0	0	0	0.909558	0	-0.426642	-237.002	0	213.464	213.464	-2.13163e-14	12.4428	0	0	0	0	0	0	0	0	0	0	0	0	0	0	0	0	0	0	0	0	0	0	0	0	0	0	0	0	0	0	0	0	0	
1	1	1	756	22.68		300	0	0	-0.0378	-0.0378	0.0456893	0	0	0	-202.873	-202.873	-1.37327e-05	0	0	0	10.5274	-4.26995	0	14.7974		300	0.910283	-0.0272082	-0.0272082	0.0349989	0	0	0	0.910283	0	-0.426642	-237.002	0	213.464	213.464	-2.13163e-14	12.4428	0	0	0	0	0	0	0	0	0	0	0	0	0	0	0	0	0	0	0	0	0	0	0	0	0	0	0	0	0	0	0	0	0	
1	1	1	757	22.71		300	0	0	-0.03785	-0.03785	0.0457505	0	0	0	-203.085	-203.085	-1.37362e-05	0	0	0	10.5477	-4.25867	0	14.8064		300	0.911006	-0.0272471	-0.0272471	0.0350489	0	0	0	0.911006	0	-0.426642	-237.002	0	213.464	213.464	-2.13163e-14	12.4428	0	0	0	0	0	0	0	0	0	0	0	0	0	0	0	0	0	0	0	0	0	0	0	0	0	0	0	0	0	0	0	0	0	
1	1	1	758	22.74		300	0	0	-0.0379	-0.0379	0.0458117	0	0	0	-203.299	-203.299	-1.37396e-05	0	0	0	10.568	-4.24735	0	14.8154		300	0.911728	-0.0272859	-0.0272859	0.0350989	0	0	0	0.911728	0	-0.426642	-237.002	0	213.464	213.464	-2.13163e-14	12.4428	0	0	0	0	0	0	0	0	0	0	0	0	0	0	0	0	0	0	0	0	0	0	0	0	0	0	0	0	0	0	0	0	0	
1	1	1	759	22.77		300	0	0	-0.03795	-0.03795	0.0458729	0	0	0	-203.513	-203.513	-1.3743e-05	0	0	0	10.5884	-4.23599	0	14.8244		300	0.912448	-0.0273247	-0.0273247	0.0351488	0	0	0	0.912448	0	-0.426642	-237.002	0	213.464	213.464	-2.13163e-14	12.4428	0	0	0	0	0	0	0	0	0	0	0	0	0	0	0	0	0	0	0	0	0	0	0	0	0	0	0	0	0	0	0	0	0	
1	1	1	760	22.8		300	0	0	-0.038	-0.038	0.0459341	0	0	0	-203.728	-203.728	-1.37463e-05	0	0	0	10.6087	-4.22459	0	14.8333		300	0.913167	-0.0273635	-0.0273635	0.0351987	0	0	0	0.913167	0	-0.426642	-237.002	0	213.464	213.464	-2.13163e-14	12.4428	0	0	0	0	0	0	0	0	0	0	0	0	0	0	0	0	0	0	0	0	0	0	0	0	0	0	0	0	0	0	0	0	0	
1	1	1	761	22.83		300	0	0	-0.03805	-0.03805	0.0459953	0	0	0	-203.945	-203.945	-1.37496e-05	0	0	0	10.6291	-4.21315	0	14.8423		300	0.913884	-0.0274022	-0.0274022	0.0352484	0	0	0	0.913884	0	-0.426642	-237.002	0	213.464	213.464	-2.13163e-14	12.4428	0	0	0	0	0	0	0	0	0	0	0	0	0	0	0	0	0	0	0	0	0	0	0	0	0	0	0	0	0	0	0	0	0	
1	1	1	762	22.86		300	0	0	-0.0381	-0.0381	0.0460565	0	0	0	-204.162	-204.162	-1.37529e-05	0	0	0	10.6495	-4.20166	0	14.8512		300	0.914599	-0.0274408	-0.0274408	0.0352981	0	0	0	0.914599	0	-0.426642	-237.002	0	213.464	213.464	-2.13163e-14	12.4428	0	0	0	0	0	0	0	0	0	0	0	0	0	0	0	0	0	0	0	0	0	0	0	0	0	0	0	0	0	0	0	0	0	
1	1	1	763	22.89		300	0	0	-0.03815	-0.03815	0.0461176	0	0	0	-204.381	-204.381	-1.37561e-05	0	0	0	10.6699	-4.19014	0	14.8601		300	0.915312	-0.0274794	-0.0274794	0.0353478	0	0	0	0.915312	0	-0.426642	-237.002	0	213.464	213.464	-2.13163e-14	12.4428	0	0	0	0	0	0	0	0	0	0	0	0	0	0	0	0	0	0	0	0	0	0	0	0	0	0	0	0	0	0	0	0	0	
1	1	1	764	22.92		300	0	0	-0.0382	-0.0382	0.0461787	0	0	0	-204.6	-204.6	-1.37593e-05	0	0	0	10.6904	-4.17857	0	14.869		300	0.916024	-0.027518	-0.027518	0.0353973	0	0	0	0.916024	0	-0.426642	-237.002	0	213.464	213.464	-2.13163e-14	12.4428	0	0	0	0	0	0	0	0	0	0	0	0	0	0	0	0	0	0	0	0	0	0	0	0	0	0	0	0	0	0	0	0	0	
1	1	1	765	22.95		300	0	0	-0.03825	-0.03825	0.0462399	0	0	0	-204.821	-204.821	-1.37624e-05	0	0	0	10.7109	-4.16696	0	14.8778		300	0.916735	-0.0275565	-0.0275565	0.0354468	0	0	0	0.916735	0	-0.426642	-237.002	0	213.464	213.464	-2.13163e-14	12.4428	0	0	0	0	0	0	0	0	0	0	0	0	0	0	0	0	0	0	0	0	0	0	0	0	0	0	0	0	0	0	0	0	0	
1	1	1	766	22.98		300	0	0	-0.0383	-0.0383	0.046301	0	0	0	-205.042	-205.042	-1.37654e-05	0	0	0	10.7314	-4.1553	0	14.8867		300	0.917443	-0.0275949	-0.0275949	0.0354963	0	0	0	0.917443	0	-0.426642	-237.002	0	213.464	213.464	-2.13163e-14	12.4428	0	0	0	0	0	0	0	0	0	0	0	0	0	0	0	0	0	0	0	0	0	0	0	0	0	0	0	0	0	0	0	0	0	
1	1	1	767	23.01		300	0	0	-0.03835	-0.03835	0.0463621	0	0	0	-205.265	-205.265	-1.47543e-05	0	0	0	10.7519	-4.1436	0	14.8955		300	0.91815	-0.0276333	-0.0276333	0.0355456	0	0	0	0.91815	0	-0.426642	-237.002	0	213.464	213.464	-2.13163e-14	12.4428	0	0	0	0	0	0	0	0	0	0	0	0	0	0	0	0	0	0	0	0	0	0	0	0	0	0	0	0	0	0	0	0	0	
1	1	1	768	23.04		300	0	0	-0.0384	-0.0384	0.0464231	0	0	0	-205.489	-205.489	-1.57303e-05	0	0	0	10.7724	-4.13186	0	14.9043		300	0.918856	-0.0276716	-0.0276716	0.0355949	0	0	0	0.918856	0	-0.426642	-237.002	0	213.464	213.464	-2.13163e-14	12.4428	0	0	0	0	0	0	0	0	0	0	0	0	0	0	0	0	0	0	0	0	0	0	0	0	0	0	0	0	0	0	0	0	0	
1	1	1	769	23.07		300	0	0	-0.03845	-0.03845	0.0464842	0	0	0	-205.713	-205.713	-1.66934e-05	0	0	0	10.793	-4.12008	0	14.913		300	0.919559	-0.0277099	-0.0277099	0.0356441	0	0	0	0.919559	0	-0.426642	-237.002	0	213.464	213.464	-2.13163e-14	12.4428	0	0	0	0	0	0	0	0	0	0	0	0	0	0	0	0	0	0	0	0	0	0	0	0	0	0	0	0	0	0	0	0	0	
1	1	1	770	23.1		300	0	0	-0.0385	-0.0385	0.0465452	0	0	0	-205.939	-205.939	-1.76436e-05	0	0	0	10.8135	-4.10825	0	14.9218		300	0.920261	-0.0277481	-0.0277481	0.0356932	0	0	0	0.920261	0	-0.426642	-237.002	0	213.464	213.464	-2.13163e-14	12.4428	0	0	0	0	0	0	0	0	0	0	0	0	0	0	0	0	0	0	0	0	0	0	0	0	0	0	0	0	0	0	0	0	0	
1	1	1	771	23.13		300	0	0	-0.03855	-0.03855	0.0466062	0	0	0	-206.166	-206.166	-1.85807e-05	0	0	0	10.8342	-4.09638	0	14.9305		300	0.920961	-0.0277862	-0.0277862	0.0357423	0	0	0	0.920961	0	-0.426642	-237.002	0	213.464	213.464	-2.13163e-14	12.4428	0	0	0	0	0	0	0	0	0	0	0	0	0	0	0	0	0	0	0	0	0	0	0	0	0	0	0	0	0	0	0	0	0	
1	1	1	772	23.16		300	0	0	-0.0386	-0.0386	0.0466672	0	0	0	-206.395	-206.395	-1.95048e-05	0	0	0	10.8548	-4.08446	0	14.9392		300	0.92166	-0.0278243	-0.0278243	0.0357913	0	0	0	0.92166	0	-0.426642	-237.002	0	213.464	213.464	-2.13163e-14	12.4428	0	0	0	0	0	0	0	0	0	0	0	0	0	0	0	0	0	0	0	0	0	0	0	0	0	0	0	0	0	0	0	0	0	
1	1	1	773	23.19		300	0	0	-0.03865	-0.03865	0.0467282	0	0	0	-206.624	-206.624	-2.04156e-05	0	0	0	10.8754	-4.0725	0	14.9479		300	0.922356	-0.0278623	-0.0278623	0.0358402	0	0	0	0.922356	0	-0.426642	-237.002	0	213.464	213.464	-2.13163e-14	12.4428	0	0	0	0	0	0	0	0	0	0	0	0	0	0	0	0	0	0	0	0	0	0	0	0	0	0	0	0	0	0	0	0	0	
1	1	1	774	23.22		300	0	0	-0.0387	-0.0387	0.0467892	0	0	0	-206.854	-206.854	-2.13131e-05	0	0	0	10.8961	-4.06049	0	14.9566		300	0.923051	-0.0279003	-0.0279003	0.035889	0	0	0	0.923051	0	-0.426642	-237.002	0	213.464	213.464	-2.13163e-14	12.4428	0	0	0	0	0	0	0	0	0	0	0	0	0	0	0	0	0	0	0	0	0	0	0	0	0	0	0	0	0	0	0	0	0	
1	1	1	775	23.25		300	0	0	-0.03875	-0.03875	0.0468502	0	0	0	-207.086	-207.086	-2.21973e-05	0	0	0	10.9168	-4.04844	0	14.9652		300	0.923744	-0.0279382	-0.0279382	0.0359378	0	0	0	0.923744	0	-0.426642	-237.002	0	213.464	213.464	-2.13163e-14	12.4428	0	0	0	0	0	0	0	0	0	0	0	0	0	0	0	0	0	0	0	0	0	0	0	0	0	0	0	0	0	0	0	0	0	
1	1	1	776	23.28		300	0	0	-0.0388	-0.0388	0.0469111	0	0	0	-207.319	-207.319	-2.3068e-05	0	0	0	10.9375	-4.03635	0	14.9739		300	0.924436	-0.027976	-0.027976	0.0359864	0	0	0	0.924436	0	-0.426642	-237.002	0	213.464	213.464	-2.13163e-14	12.4428	0	0	0	0	0	0	0	0	0	0	0	0	0	0	0	0	0	0	0	0	0	0	0	0	0	0	0	0	0	0	0	0	0	
1	1	1	777	23.31		300	0	0	-0.03885	-0.03885	0.046972	0	0	0	-207.553	-207.553	-2.39252e-05	0	0	0	10.9583	-4.0242	0	14.9825		300	0.925125	-0.0280138	-0.0280138	0.036035	0	0	0	0.925125	0	-0.426642	-237.002	0	213.464	213.464	-2.13163e-14	12.4428	0	0	0	0	0	0	0	0	0	0	0	0	0	0	0	0	0	0	0	0	0	0	0	0	0	0	0	0	0	0	0	0	0	
1	1	1	778	23.34		300	0	0	-0.0389	-0.0389	0.0470329	0	0	0	-207.788	-207.788	-2.47688e-05	0	0	0	10.979	-4.01202	0	14.9911		300	0.925813	-0.0280515	-0.0280515	0.0360835	0	0	0	0.925813	0	-0.426642	-237.002	0	213.464	213.464	-2.13163e-14	12.4428	0	0	0	0	0	0	0	0	0	0	0	0	0	0	0	0	0	0	0	0	0	0	0	0	0	0	0	0	0	0	0	0	0	
1	1	1	779	23.37		300	0	0	-0.03895	-0.03895	0.0470938	0	0	0	-208.025	-208.025	-2.55987e-05	0	0	0	10.9998	-3.99978	0	14.9996		300	0.926499	-0.0280892	-0.0280892	0.036132	0	0	0	0.926499	0	-0.426642	-237.002	0	213.464	213.464	-2.13163e-14	12.4428	0	0	0	0	0	0	0	0	0	0	0	0	0	0	0	0	0	0	0	0	0	0	0	0	0	0	0	0	0	0	0	0	0	
1	1	1	780	23.4		300	0	0	-0.039	-0.039	0.0471547	0	0	0	-208.262	-208.262	-2.64149e-05	0	0	0	11.0206	-3.9875	0	15.0081		300	0.927183	-0.0281268	-0.0281268	0.0361803	0	0	0	0.927183	0	-0.426642	-237.002	0	213.464	213.464	-2.13163e-14	12.4428	0	0	0	0	0	0	0	0	0	0	0	0	0	0	0	0	0	0	0	0	0	0	0	0	0	0	0	0	0	0	0	0	0	
1	1	1	781	23.43		300	0	0	-0.03905	-0.03905	0.0472155	0	0	0	-208.501	-208.501	-2.72172e-05	0	0	0	11.0415	-3.97517	0	15.0167		300	0.927866	-0.0281643	-0.0281643	0.0362286	0	0	0	0.927866	0	-0.426642	-237.002	0	213.464	213.464	-2.13163e-14	12.4428	0	0	0	0	0	0	0	0	0	0	0	0	0	0	0	0	0	0	0	0	0	0	0	0	0	0	0	0	0	0	0	0	0	
1	1	1	782	23.46		300	0	0	-0.0391	-0.0391	0.0472764	0	0	0	-208.741	-208.741	-2.80055e-05	0	0	0	11.0623	-3.9628	0	15.0251		300	0.928546	-0.0282018	-0.0282018	0.0362767	0	0	0	0.928546	0	-0.426642	-237.002	0	213.464	213.464	-2.13163e-14	12.4428	0	0	0	0	0	0	0	0	0	0	0	0	0	0	0	0	0	0	0	0	0	0	0	0	0	0	0	0	0	0	0	0	0	
1	1	1	783	23.49		300	0	0	-0.03915	-0.03915	0.0473372	0	0	0	-208.983	-208.983	-2.87798e-05	0	0	0	11.0832	-3.95038	0	15.0336		300	0.929225	-0.0282392	-0.0282392	0.0363248	0	0	0	0.929225	0	-0.426642	-237.002	0	213.464	213.464	-2.13163e-14	12.4428	0	0	0	0	0	0	0	0	0	0	0	0	0	0	0	0	0	0	0	0	0	0	0	0	0	0	0	0	0	0	0	0	0	
1	1	1	784	23.52		300	0	0	-0.0392	-0.0392	0.047398	0	0	0	-209.226	-209.226	-2.95401e-05	0	0	0	11.1041	-3.93791	0	15.042		300	0.929901	-0.0282765	-0.0282765	0.0363728	0	0	0	0.929901	0	-0.426642	-237.002	0	213.464	213.464	-2.13163e-14	12.4428	0	0	0	0	0	0	0	0	0	0	0	0	0	0	0	0	0	0	0	0	0	0	0	0	0	0	0	0	0	0	0	0	0	
1	1	1	785	23.55		300	0	0	-0.03925	-0.03925	0.0474587	0	0	0	-209.47	-209.47	-3.02861e-05	0	0	0	11.1251	-3.92539	0	15.0505		300	0.930576	-0.0283137	-0.0283137	0.0364207	0	0	0	0.930576	0	-0.426642	-237.002	0	213.464	213.464	-2.13163e-14	12.4428	0	0	0	0	0	0	0	0	0	0	0	0	0	0	0	0	0	0	0	0	0	0	0	0	0	0	0	0	0	0	0	0	0	
1	1	1	786	23.58		300	0	0	-0.0393	-0.0393	0.0475195	0	0	0	-209.715	-209.715	-3.10178e-05	0	0	0	11.146	-3.91282	0	15.0589		300	0.931249	-0.0283509	-0.0283509	0.0364685	0	0	0	0.931249	0	-0.426642	-237.002	0	213.464	213.464	-2.13163e-14	12.4428	0	0	0	0	0	0	0	0	0	0	0	0	0	0	0	0	0	0	0	0	0	0	0	0	0	0	0	0	0	0	0	0	0	
1	1	1	787	23.61		300	0	0	-0.03935	-0.03935	0.0475802	0	0	0	-209.962	-209.962	-3.17352e-05	0	0	0	11.167	-3.90021	0	15.0672		300	0.93192	-0.028388	-0.028388	0.0365163	0	0	0	0.93192	0	-0.426642	-237.002	0	213.464	213.464	-2.13163e-14	12.4428	0	0	0	0	0	0	0	0	0	0	0	0	0	0	0	0	0	0	0	0	0	0	0	0	0	0	0	0	0	0	0	0	0	
1	1	1	788	23.64		300	0	0	-0.0394	-0.0394	0.0476409	0	0	0	-210.211	-210.211	-3.24381e-05	0	0	0	11.188	-3.88754	0	15.0756		300	0.932589	-0.0284251	-0.0284251	0.0365639	0	0	0	0.932589	0	-0.426642	-237.002	0	213.464	213.464	-2.13163e-14	12.4428	0	0	0	0	0	0	0	0	0	0	0	0	0	0	0	0	0	0	0	0	0	0	0	0	0	0	0	0	0	0	0	0	0	
1	1	1	789	23.67		300	0	0	-0.03945	-0.03945	0.0477016	0	0	0	-210.46	-210.46	-3.31265e-05	0	0	0	11.2091	-3.87483	0	15.0839		300	0.933256	-0.028462	-0.028462	0.0366114	0	0	0	0.933256	0	-0.426642	-237.002	0	213.464	213.464	-2.13163e-14	12.4428	0	0	0	0	0	0	0	0	0	0	0	0	0	0	0	0	0	0	0	0	0	0	0	0	0	0	0	0	0	0	0	0	0	
1	1	1	790	23.7		300	0	0	-0.0395	-0.0395	0.0477623	0	0	0	-210.711	-210.711	-3.38003e-05	0	0	0	11.2301	-3.86207	0	15.0922		300	0.933921	-0.0284989	-0.0284989	0.0366589	0	0	0	0.933921	0	-0.426642	-237.002	0	213.464	213.464	-2.13163e-14	12.4428	0	0	0	0	0	0	0	0	0	0	0	0	0	0	0	0	0	0	0	0	0	0	0	0	0	0	0	0	0	0	0	0	0	
1	1	1	791	23.73		300	0	0	-0.03955	-0.03955	0.047823	0	0	0	-210.964	-210.964	-3.44593e-05	0	0	0	11.2512	-3.84926	0	15.1005		300	0.934584	-0.0285358	-0.0285358	0.0367062	0	0	0	0.934584	0	-0.426642	-237.002	0	213.464	213.464	-2.13163e-14	12.4428	0	0	0	0	0	0	0	0	0	0	0	0	0	0	0	0	0	0	0	0	0	0	0	0	0	0	0	0	0	0	0	0	0	
1	1	1	792	23.76		300	0	0	-0.0396	-0.0396	0.0478836	0	0	0	-211.218	-211.218	-3.51035e-05	0	0	0	11.2723	-3.83639	0	15.1087		300	0.935245	-0.0285725	-0.0285725	0.0367535	0	0	0	0.935245	0	-0.426642	-237.002	0	213.464	213.464	-2.13163e-14	12.4428	0	0	0	0	0	0	0	0	0	0	0	0	0	0	0	0	0	0	0	0	0	0	0	0	0	0	0	0	0	0	0	0	0	
1	1	1	793	23.79		300	0	0	-0.03965	-0.03965	0.0479442	0	0	0	-211.473	-211.473	-3.57329e-05	0	0	0	11.2934	-3.82348	0	15.1169		300	0.935904	-0.0286092	-0.0286092	0.0368006	0	0	0	0.935904	0	-0.426642	-237.002	0	213.464	213.464	-2.13163e-14	12.4428	0	0	0	0	0	0	0	0	0	0	0	0	0	0	0	0	0	0	0	0	0	0	0	0	0	0	0	0	0	0	0	0	0	
1	1	1	794	23.82		300	0	0	-0.0397	-0.0397	0.0480048	0	0	0	-211.73	-211.73	-3.63472e-05	0	0	0	11.3146	-3.81052	0	15.1251		300	0.936561	-0.0286458	-0.0286458	0.0368477	0	0	0	0.936561	0	-0.426642	-237.002	0	213.464	213.464	-2.13163e-14	12.4428	0	0	0	0	0	0	0	0	0	0	0	0	0	0	0	0	0	0	0	0	0	0	0	0	0	0	0	0	0	0	0	0	0	
1	1	1	795	23.85		300	0	0	-0.03975	-0.03975	0.0480654	0	0	0	-211.988	-211.988	-3.69465e-05	0	0	0	11.3358	-3.7975	0	15.1333		300	0.937216	-0.0286823	-0.0286823	0.0368947	0	0	0	0.937216	0	-0.426642	-237.002	0	213.464	213.464	-2.13163e-14	12.4428	0	0	0	0	0	0	0	0	0	0	0	0	0	0	0	0	0	0	0	0	0	0	0	0	0	0	0	0	0	0	0	0	0	
1	1	1	796	23.88		300	0	0	-0.0398	-0.0398	0.0481259	0	0	0	-212.248	-212.248	-3.75306e-05	0	0	0	11.357	-3.78443	0	15.1414		300	0.937869	-0.0287187	-0.0287187	0.0369415	0	0	0	0.937869	0	-0.426642	-237.002	0	213.464	213.464	-2.13163e-14	12.4428	0	0	0	0	0	0	0	0	0	0	0	0	0	0	0	0	0	0	0	0	0	0	0	0	0	0	0	0	0	0	0	0	0	
1	1	1	797	23.91		300	0	0	-0.03985	-0.03985	0.0481864	0	0	0	-212.509	-212.509	-3.80995e-05	0	0	0	11.3782	-3.77132	0	15.1496		300	0.93852	-0.0287551	-0.0287551	0.0369883	0	0	0	0.93852	0	-0.426642	-237.002	0	213.464	213.464	-2.13163e-14	12.4428	0	0	0	0	0	0	0	0	0	0	0	0	0	0	0	0	0	0	0	0	0	0	0	0	0	0	0	0	0	0	0	0	0	
1	1	1	798	23.94		300	0	0	-0.0399	-0.0399	0.0482469	0	0	0	-212.772	-212.772	-3.8653e-05	0	0	0	11.3995	-3.75814	0	15.1576		300	0.939169	-0.0287913	-0.0287913	0.0370349	0	0	0	0.939169	0	-0.426642	-237.002	0	213.464	213.464	-2.13163e-14	12.4428	0	0	0	0	0	0	0	0	0	0	0	0	0	0	0	0	0	0	0	0	0	0	0	0	0	0	0	0	0	0	0	0	0	
1	1	1	799	23.97		300	0	0	-0.03995	-0.03995	0.0483074	0	0	0	-213.037	-213.037	-3.91911e-05	0	0	0	11.4208	-3.74492	0	15.1657		300	0.939816	-0.0288275	-0.0288275	0.0370815	0	0	0	0.939816	0	-0.426642	-237.002	0	213.464	213.464	-2.13163e-14	12.4428	0	0	0	0	0	0	0	0	0	0	0	0	0	0	0	0	0	0	0	0	0	0	0	0	0	0	0	0	0	0	0	0	0	
1	1	1	800	24		300	0	0	-0.04	-0.04	0.0483679	0	0	0	-213.303	-213.303	-3.97137e-05	0	0	0	11.4421	-3.73164	0	15.1738		300	0.94046	-0.0288636	-0.0288636	0.0371279	0	0	0	0.94046	0	-0.426642	-237.002	0	213.464	213.464	-2.13163e-14	12.4428	0	0	0	0	0	0	0	0	0	0	0	0	0	0	0	0	0	0	0	0	0	0	0	0	0	0	0	0	0	0	0	0	0	
1	1	1	801	24.03		300	0	0	-0.04005	-0.04005	0.0484283	0	0	0	-213.571	-213.571	-4.02206e-05	0	0	0	11.4635	-3.71831	0	15.1818		300	0.941102	-0.0288997	-0.0288997	0.0371742	0	0	0	0.941102	0	-0.426642	-237.002	0	213.464	213.464	-2.13163e-14	12.4428	0	0	0	0	0	0	0	0	0	0	0	0	0	0	0	0	0	0	0	0	0	0	0	0	0	0	0	0	0	0	0	0	0	
1	1	1	802	24.06		300	0	0	-0.0401	-0.0401	0.0484887	0	0	0	-213.84	-213.84	-4.07119e-05	0	0	0	11.4848	-3.70493	0	15.1898		300	0.941743	-0.0289356	-0.0289356	0.0372204	0	0	0	0.941743	0	-0.426642	-237.002	0	213.464	213.464	-2.13163e-14	12.4428	0	0	0	0	0	0	0	0	0	0	0	0	0	0	0	0	0	0	0	0	0	0	0	0	0	0	0	0	0	0	0	0	0	
1	1	1	803	24.09		300	0	0	-0.04015	-0.04015	0.0485491	0	0	0	-214.111	-214.111	-4.11873e-05	0	0	0	11.5062	-3.69149	0	15.1977		300	0.942381	-0.0289714	-0.0289714	0.0372665	0	0	0	0.942381	0	-0.426642	-237.002	0	213.464	213.464	-2.13163e-14	12.4428	0	0	0	0	0	0	0	0	0	0	0	0	0	0	0	0	0	0	0	0	0	0	0	0	0	0	0	0	0	0	0	0	0	
1	1	1	804	24.12		300	0	0	-0.0402	-0.0402	0.0486095	0	0	0	-214.384	-214.384	-4.16469e-05	0	0	0	11.5276	-3.678	0	15.2056		300	0.943016	-0.0290072	-0.0290072	0.0373125	0	0	0	0.943016	0	-0.426642	-237.002	0	213.464	213.464	-2.13163e-14	12.4428	0	0	0	0	0	0	0	0	0	0	0	0	0	0	0	0	0	0	0	0	0	0	0	0	0	0	0	0	0	0	0	0	0	
1	1	1	805	24.15		300	0	0	-0.04025	-0.04025	0.0486698	0	0	0	-214.658	-214.658	-4.20906e-05	0	0	0	11.5491	-3.66445	0	15.2135		300	0.94365	-0.0290429	-0.0290429	0.0373584	0	0	0	0.94365	0	-0.426642	-237.002	0	213.464	213.464	-2.13163e-14	12.4428	0	0	0	0	0	0	0	0	0	0	0	0	0	0	0	0	0	0	0	0	0	0	0	0	0	0	0	0	0	0	0	0	0	
1	1	1	806	24.18		300	0	0	-0.0403	-0.0403	0.0487301	0	0	0	-214.934	-214.934	-4.25181e-05	0	0	0	11.5706	-3.65085	0	15.2214		300	0.944281	-0.0290785	-0.0290785	0.0374041	0	0	0	0.944281	0	-0.426642	-237.002	0	213.464	213.464	-2.13163e-14	12.4428	0	0	0	0	0	0	0	0	0	0	0	0	0	0	0	0	0	0	0	0	0	0	0	0	0	0	0	0	0	0	0	0	0	
1	1	1	807	24.21		300	0	0	-0.04035	-0.04035	0.0487904	0	0	0	-215.212	-215.212	-4.29296e-05	0	0	0	11.5921	-3.63719	0	15.2293		300	0.94491	-0.0291139	-0.0291139	0.0374498	0	0	0	0.94491	0	-0.426642	-237.002	0	213.464	213.464	-2.13163e-14	12.4428	0	0	0	0	0	0	0	0	0	0	0	0	0	0	0	0	0	0	0	0	0	0	0	0	0	0	0	0	0	0	0	0	0	
1	1	1	808	24.24		300	0	0	-0.0404	-0.0404	0.0488507	0	0	0	-215.492	-215.492	-4.33248e-05	0	0	0	11.6136	-3.62347	0	15.2371		300	0.945537	-0.0291493	-0.0291493	0.0374953	0	0	0	0.945537	0	-0.426642	-237.002	0	213.464	213.464	-2.13163e-14	12.4428	0	0	0	0	0	0	0	0	0	0	0	0	0	0	0	0	0	0	0	0	0	0	0	0	0	0	0	0	0	0	0	0	0	
1	1	1	809	24.27		300	0	0	-0.04045	-0.04045	0.0489109	0	0	0	-215.773	-215.773	-4.37036e-05	0	0	0	11.6352	-3.6097	0	15.2449		300	0.946162	-0.0291846	-0.0291846	0.0375407	0	0	0	0.946162	0	-0.426642	-237.002	0	213.464	213.464	-2.13163e-14	12.4428	0	0	0	0	0	0	0	0	0	0	0	0	0	0	0	0	0	0	0	0	0	0	0	0	0	0	0	0	0	0	0	0	0	
1	1	1	810	24.3		300	0	0	-0.0405	-0.0405	0.0489711	0	0	0	-216.057	-216.057	-4.40661e-05	0	0	0	11.6568	-3.59587	0	15.2526		300	0.946784	-0.0292199	-0.0292199	0.037586	0	0	0	0.946784	0	-0.426642	-237.002	0	213.464	213.464	-2.13163e-14	12.4428	0	0	0	0	0	0	0	0	0	0	0	0	0	0	0	0	0	0	0	0	0	0	0	0	0	0	0	0	0	0	0	0	0	
1	1	1	811	24.33		300	0	0	-0.04055	-0.04055	0.0490313	0	0	0	-216.342	-216.342	-4.44121e-05	0	0	0	11.6784	-3.58198	0	15.2604		300	0.947404	-0.029255	-0.029255	0.0376311	0	0	0	0.947404	0	-0.426642	-237.002	0	213.464	213.464	-2.13163e-14	12.4428	0	0	0	0	0	0	0	0	0	0	0	0	0	0	0	0	0	0	0	0	0	0	0	0	0	0	0	0	0	0	0	0	0	
1	1	1	812	24.36		300	0	0	-0.0406	-0.0406	0.0490914	0	0	0	-216.629	-216.629	-4.47415e-05	0	0	0	11.7	-3.56804	0	15.2681		300	0.948021	-0.02929	-0.02929	0.0376762	0	0	0	0.948021	0	-0.426642	-237.002	0	213.464	213.464	-2.13163e-14	12.4428	0	0	0	0	0	0	0	0	0	0	0	0	0	0	0	0	0	0	0	0	0	0	0	0	0	0	0	0	0	0	0	0	0	
1	1	1	813	24.39		300	0	0	-0.04065	-0.04065	0.0491516	0	0	0	-216.918	-216.918	-4.50543e-05	0	0	0	11.7217	-3.55403	0	15.2758		300	0.948636	-0.0293249	-0.0293249	0.0377211	0	0	0	0.948636	0	-0.426642	-237.002	0	213.464	213.464	-2.13163e-14	12.4428	0	0	0	0	0	0	0	0	0	0	0	0	0	0	0	0	0	0	0	0	0	0	0	0	0	0	0	0	0	0	0	0	0	
1	1	1	814	24.42		300	0	0	-0.0407	-0.0407	0.0492116	0	0	0	-217.208	-217.208	-4.53503e-05	0	0	0	11.7434	-3.53997	0	15.2834		300	0.949249	-0.0293597	-0.0293597	0.0377659	0	0	0	0.949249	0	-0.426642	-237.002	0	213.464	213.464	-2.13163e-14	12.4428	0	0	0	0	0	0	0	0	0	0	0	0	0	0	0	0	0	0	0	0	0	0	0	0	0	0	0	0	0	0	0	0	0	
1	1	1	815	24.45		300	0	0	-0.04075	-0.04075	0.0492717	0	0	0	-217.501	-217.501	-4.56295e-05	0	0	0	11.7652	-3.52585	0	15.291		300	0.949859	-0.0293944	-0.0293944	0.0378105	0	0	0	0.949859	0	-0.426642	-237.002	0	213.464	213.464	-2.13163e-14	12.4428	0	0	0	0	0	0	0	0	0	0	0	0	0	0	0	0	0	0	0	0	0	0	0	0	0	0	0	0	0	0	0	0	0	
1	1	1	816	24.48		300	0	0	-0.0408	-0.0408	0.0493318	0	0	0	-217.796	-217.796	-4.58918e-05	0	0	0	11.7869	-3.51167	0	15.2986		300	0.950467	-0.029429	-0.029429	0.037855	0	0	0	0.950467	0	-0.426642	-237.002	0	213.464	213.464	-2.13163e-14	12.4428	0	0	0	0	0	0	0	0	0	0	0	0	0	0	0	0	0	0	0	0	0	0	0	0	0	0	0	0	0	0	0	0	0	
1	1	1	817	24.51		300	0	0	-0.04085	-0.04085	0.0493918	0	0	0	-218.093	-218.093	-4.61371e-05	0	0	0	11.8087	-3.49742	0	15.3061		300	0.951072	-0.0294636	-0.0294636	0.0378994	0	0	0	0.951072	0	-0.426642	-237.002	0	213.464	213.464	-2.13163e-14	12.4428	0	0	0	0	0	0	0	0	0	0	0	0	0	0	0	0	0	0	0	0	0	0	0	0	0	0	0	0	0	0	0	0	0	
1	1	1	818	24.54		300	0	0	-0.0409	-0.0409	0.0494518	0	0	0	-218.391	-218.391	-4.63654e-05	0	0	0	11.8305	-3.48312	0	15.3137		300	0.951675	-0.029498	-0.029498	0.0379436	0	0	0	0.951675	0	-0.426642	-237.002	0	213.464	213.464	-2.13163e-14	12.4428	0	0	0	0	0	0	0	0	0	0	0	0	0	0	0	0	0	0	0	0	0	0	0	0	0	0	0	0	0	0	0	0	0	
1	1	1	819	24.57		300	0	0	-0.04095	-0.04095	0.0495117	0	0	0	-218.692	-218.692	-4.65765e-05	0	0	0	11.8524	-3.46876	0	15.3212		300	0.952275	-0.0295323	-0.0295323	0.0379877	0	0	0	0.952275	0	-0.426642	-237.002	0	213.464	213.464	-2.13163e-14	12.4428	0	0	0	0	0	0	0	0	0	0	0	0	0	0	0	0	0	0	0	0	0	0	0	0	0	0	0	0	0	0	0	0	0	
1	1	1	820	24.6		300	0	0	-0.041	-0.041	0.0495716	0	0	0	-218.995	-218.995	-4.67705e-05	0	0	0	11.8743	-3.45433	0	15.3286		300	0.952873	-0.0295664	-0.0295664	0.0380317	0	0	0	0.952873	0	-0.426642	-237.002	0	213.464	213.464	-2.13163e-14	12.4428	0	0	0	0	0	0	0	0	0	0	0	0	0	0	0	0	0	0	0	0	0	0	0	0	0	0	0	0	0	0	0	0	0	
1	1	1	821	24.63		300	0	0	-0.04105	-0.04105	0.0496315	0	0	0	-219.3	-219.3	-4.69471e-05	0	0	0	11.8962	-3.43984	0	15.336		300	0.953468	-0.0296005	-0.0296005	0.0380755	0	0	0	0.953468	0	-0.426642	-237.002	0	213.464	213.464	-2.13163e-14	12.4428	0	0	0	0	0	0	0	0	0	0	0	0	0	0	0	0	0	0	0	0	0	0	0	0	0	0	0	0	0	0	0	0	0	
1	1	1	822	24.66		300	0	0	-0.0411	-0.0411	0.0496914	0	0	0	-219.607	-219.607	-4.71064e-05	0	0	0	11.9181	-3.42529	0	15.3434		300	0.954061	-0.0296345	-0.0296345	0.0381192	0	0	0	0.954061	0	-0.426642	-237.002	0	213.464	213.464	-2.13163e-14	12.4428	0	0	0	0	0	0	0	0	0	0	0	0	0	0	0	0	0	0	0	0	0	0	0	0	0	0	0	0	0	0	0	0	0	
1	1	1	823	24.69		300	0	0	-0.04115	-0.04115	0.0497512	0	0	0	-219.917	-219.917	-4.72483e-05	0	0	0	11.9401	-3.41068	0	15.3508		300	0.954651	-0.0296683	-0.0296683	0.0381627	0	0	0	0.954651	0	-0.426642	-237.002	0	213.464	213.464	-2.13163e-14	12.4428	0	0	0	0	0	0	0	0	0	0	0	0	0	0	0	0	0	0	0	0	0	0	0	0	0	0	0	0	0	0	0	0	0	
1	1	1	824	24.72		300	0	0	-0.0412	-0.0412	0.049811	0	0	0	-220.228	-220.228	-4.73727e-05	0	0	0	11.9621	-3.396	0	15.3581		300	0.955238	-0.0297021	-0.0297021	0.0382061	0	0	0	0.955238	0	-0.426642	-237.002	0	213.464	213.464	-2.13163e-14	12.4428	0	0	0	0	0	0	0	0	0	0	0	0	0	0	0	0	0	0	0	0	0	0	0	0	0	0	0	0	0	0	0	0	0	
1	1	1	825	24.75		300	0	0	-0.04125	-0.04125	0.0498708	0	0	0	-220.542	-220.542	-4.74796e-05	0	0	0	11.9842	-3.38126	0	15.3654		300	0.955823	-0.0297357	-0.0297357	0.0382493	0	0	0	0.955823	0	-0.426642	-237.002	0	213.464	213.464	-2.13163e-14	12.4428	0	0	0	0	0	0	0	0	0	0	0	0	0	0	0	0	0	0	0	0	0	0	0	0	0	0	0	0	0	0	0	0	0	
1	1	1	826	24.78		300	0	0	-0.0413	-0.0413	0.0499305	0	0	0	-220.858	-220.858	-4.75689e-05	0	0	0	12.0062	-3.36645	0	15.3727		300	0.956405	-0.0297692	-0.0297692	0.0382924	0	0	0	0.956405	0	-0.426642	-237.002	0	213.464	213.464	-2.13163e-14	12.4428	0	0	0	0	0	0	0	0	0	0	0	0	0	0	0	0	0	0	0	0	0	0	0	0	0	0	0	0	0	0	0	0	0	
1	1	1	827	24.81		300	0	0	-0.04135	-0.04135	0.0499902	0	0	0	-221.176	-221.176	-4.76405e-05	0	0	0	12.0283	-3.35158	0	15.3799		300	0.956984	-0.0298026	-0.0298026	0.0383353	0	0	0	0.956984	0	-0.426642	-237.002	0	213.464	213.464	-2.13163e-14	12.4428	0	0	0	0	0	0	0	0	0	0	0	0	0	0	0	0	0	0	0	0	0	0	0	0	0	0	0	0	0	0	0	0	0	
1	1	1	828	24.84		300	0	0	-0.0414	-0.0414	0.0500499	0	0	0	-221.497	-221.497	-4.76944e-05	0	0	0	12.0505	-3.33664	0	15.3871		300	0.957561	-0.0298358	-0.0298358	0.0383781	0	0	0	0.957561	0	-0.426642	-237.002	0	213.464	213.464	-2.13163e-14	12.4428	0	0	0	0	0	0	0	0	0	0	0	0	0	0	0	0	0	0	0	0	0	0	0	0	0	0	0	0	0	0	0	0	0	
1	1	1	829	24.87		300	0	0	-0.04145	-0.04145	0.0501095	0	0	0	-221.82	-221.82	-4.77305e-05	0	0	0	12.0726	-3.32163	0	15.3943		300	0.958135	-0.029869	-0.029869	0.0384207	0	0	0	0.958135	0	-0.426642	-237.002	0	213.464	213.464	-2.13163e-14	12.4428	0	0	0	0	0	0	0	0	0	0	0	0	0	0	0	0	0	0	0	0	0	0	0	0	0	0	0	0	0	0	0	0	0	
1	1	1	830	24.9		300	0	0	-0.0415	-0.0415	0.0501691	0	0	0	-222.145	-222.145	-4.77488e-05	0	0	0	12.0948	-3.30656	0	15.4014		300	0.958706	-0.029902	-0.029902	0.0384631	0	0	0	0.958706	0	-0.426642	-237.002	0	213.464	213.464	-2.13163e-14	12.4428	0	0	0	0	0	0	0	0	0	0	0	0	0	0	0	0	0	0	0	0	0	0	0	0	0	0	0	0	0	0	0	0	0	
1	1	1	831	24.93		300	0	0	-0.04155	-0.04155	0.0502287	0	0	0	-222.473	-222.473	-4.7945e-05	0	0	0	12.1171	-3.29142	0	15.4085		300	0.959274	-0.0299348	-0.0299348	0.0385054	0	0	0	0.959274	0	-0.426642	-237.002	0	213.464	213.464	-2.13163e-14	12.4428	0	0	0	0	0	0	0	0	0	0	0	0	0	0	0	0	0	0	0	0	0	0	0	0	0	0	0	0	0	0	0	0	0	
1	1	1	832	24.96		300	0	0	-0.0416	-0.0416	0.0502882	0	0	0	-222.804	-222.804	-4.79276e-05	0	0	0	12.1393	-3.27621	0	15.4155		300	0.959839	-0.0299676	-0.0299676	0.0385476	0	0	0	0.959839	0	-0.426642	-237.002	0	213.464	213.464	-2.13163e-14	12.4428	0	0	0	0	0	0	0	0	0	0	0	0	0	0	0	0	0	0	0	0	0	0	0	0	0	0	0	0	0	0	0	0	0	
1	1	1	833	24.99		300	0	0	-0.04165	-0.04165	0.0503477	0	0	0	-223.136	-223.136	-4.78923e-05	0	0	0	12.1616	-3.26094	0	15.4226		300	0.960402	-0.0300002	-0.0300002	0.0385895	0	0	0	0.960402	0	-0.426642	-237.002	0	213.464	213.464	-2.13163e-14	12.4428	0	0	0	0	0	0	0	0	0	0	0	0	0	0	0	0	0	0	0	0	0	0	0	0	0	0	0	0	0	0	0	0	0	
1	1	1	834	25.02		300	0	0	-0.0417	-0.0417	0.0504071	0	0	0	-223.472	-223.472	-4.7839e-05	0	0	0	12.184	-3.24559	0	15.4295		300	0.960961	-0.0300327	-0.0300327	0.0386313	0	0	0	0.960961	0	-0.426642	-237.002	0	213.464	213.464	-2.13163e-14	12.4428	0	0	0	0	0	0	0	0	0	0	0	0	0	0	0	0	0	0	0	0	0	0	0	0	0	0	0	0	0	0	0	0	0	
1	1	1	835	25.05		300	0	0	-0.04175	-0.04175	0.0504665	0	0	0	-223.81	-223.81	-4.77677e-05	0	0	0	12.2063	-3.23017	0	15.4365		300	0.961518	-0.0300651	-0.0300651	0.0386729	0	0	0	0.961518	0	-0.426642	-237.002	0	213.464	213.464	-2.13163e-14	12.4428	0	0	0	0	0	0	0	0	0	0	0	0	0	0	0	0	0	0	0	0	0	0	0	0	0	0	0	0	0	0	0	0	0	
1	1	1	836	25.08		300	0	0	-0.0418	-0.0418	0.0505259	0	0	0	-224.15	-224.15	-4.76784e-05	0	0	0	12.2287	-3.21468	0	15.4434		300	0.962072	-0.0300973	-0.0300973	0.0387143	0	0	0	0.962072	0	-0.426642	-237.002	0	213.464	213.464	-2.13163e-14	12.4428	0	0	0	0	0	0	0	0	0	0	0	0	0	0	0	0	0	0	0	0	0	0	0	0	0	0	0	0	0	0	0	0	0	
1	1	1	837	25.11		300	0	0	-0.04185	-0.04185	0.0505853	0	0	0	-224.493	-224.493	-4.75711e-05	0	0	0	12.2512	-3.19912	0	15.4503		300	0.962622	-0.0301294	-0.0301294	0.0387556	0	0	0	0.962622	0	-0.426642	-237.002	0	213.464	213.464	-2.13163e-14	12.4428	0	0	0	0	0	0	0	0	0	0	0	0	0	0	0	0	0	0	0	0	0	0	0	0	0	0	0	0	0	0	0	0	0	
1	1	1	838	25.14		300	0	0	-0.0419	-0.0419	0.0506446	0	0	0	-224.839	-224.839	-4.74457e-05	0	0	0	12.2736	-3.18349	0	15.4571		300	0.96317	-0.0301613	-0.0301613	0.0387967	0	0	0	0.96317	0	-0.426642	-237.002	0	213.464	213.464	-2.13163e-14	12.4428	0	0	0	0	0	0	0	0	0	0	0	0	0	0	0	0	0	0	0	0	0	0	0	0	0	0	0	0	0	0	0	0	0	
1	1	1	839	25.17		300	0	0	-0.04195	-0.04195	0.0507038	0	0	0	-225.188	-225.188	-4.73024e-05	0	0	0	12.2961	-3.16779	0	15.4639		300	0.963715	-0.0301931	-0.0301931	0.0388376	0	0	0	0.963715	0	-0.426642	-237.002	0	213.464	213.464	-2.13163e-14	12.4428	0	0	0	0	0	0	0	0	0	0	0	0	0	0	0	0	0	0	0	0	0	0	0	0	0	0	0	0	0	0	0	0	0	
1	1	1	840	25.2		300	0	0	-0.042	-0.042	0.0507631	0	0	0	-225.539	-225.539	-4.71409e-05	0	0	0	12.3187	-3.15201	0	15.4707		300	0.964256	-0.0302248	-0.0302248	0.0388783	0	0	0	0.964256	0	-0.426642	-237.002	0	213.464	213.464	-2.13163e-14	12.4428	0	0	0	0	0	0	0	0	0	0	0	0	0	0	0	0	0	0	0	0	0	0	0	0	0	0	0	0	0	0	0	0	0	
1	1	1	841	25.23		300	0	0	-0.04205	-0.04205	0.0508222	0	0	0	-225.893	-225.893	-4.69615e-05	0	0	0	12.3412	-3.13616	0	15.4774		300	0.964795	-0.0302563	-0.0302563	0.0389188	0	0	0	0.964795	0	-0.426642	-237.002	0	213.464	213.464	-2.13163e-14	12.4428	0	0	0	0	0	0	0	0	0	0	0	0	0	0	0	0	0	0	0	0	0	0	0	0	0	0	0	0	0	0	0	0	0	
1	1	1	842	25.26		300	0	0	-0.0421	-0.0421	0.0508814	0	0	0	-226.25	-226.25	-4.67641e-05	0	0	0	12.3638	-3.12023	0	15.4841		300	0.96533	-0.0302877	-0.0302877	0.0389591	0	0	0	0.96533	0	-0.426642	-237.002	0	213.464	213.464	-2.13163e-14	12.4428	0	0	0	0	0	0	0	0	0	0	0	0	0	0	0	0	0	0	0	0	0	0	0	0	0	0	0	0	0	0	0	0	0	
1	1	1	843	25.29		300	0	0	-0.04215	-0.04215	0.0509405	0	0	0	-226.61	-226.61	-4.65486e-05	0	0	0	12.3865	-3.10423	0	15.4907		300	0.965862	-0.0303189	-0.0303189	0.0389993	0	0	0	0.965862	0	-0.426642	-237.002	0	213.464	213.464	-2.13163e-14	12.4428	0	0	0	0	0	0	0	0	0	0	0	0	0	0	0	0	0	0	0	0	0	0	0	0	0	0	0	0	0	0	0	0	0	
1	1	1	844	25.32		300	0	0	-0.0422	-0.0422	0.0509995	0	0	0	-226.973	-226.973	-4.63152e-05	0	0	0	12.4092	-3.08816	0	15.4973		300	0.966391	-0.0303499	-0.0303499	0.0390392	0	0	0	0.966391	0	-0.426642	-237.002	0	213.464	213.464	-2.13163e-14	12.4428	0	0	0	0	0	0	0	0	0	0	0	0	0	0	0	0	0	0	0	0	0	0	0	0	0	0	0	0	0	0	0	0	0	
1	1	1	845	25.35		300	0	0	-0.04225	-0.04225	0.0510585	0	0	0	-227.338	-227.338	-4.60639e-05	0	0	0	12.4319	-3.072	0	15.5039		300	0.966916	-0.0303808	-0.0303808	0.039079	0	0	0	0.966916	0	-0.426642	-237.002	0	213.464	213.464	-2.13163e-14	12.4428	0	0	0	0	0	0	0	0	0	0	0	0	0	0	0	0	0	0	0	0	0	0	0	0	0	0	0	0	0	0	0	0	0	
1	1	1	846	25.38		300	0	0	-0.0423	-0.0423	0.0511175	0	0	0	-227.707	-227.707	-4.57947e-05	0	0	0	12.4546	-3.05577	0	15.5104		300	0.967439	-0.0304116	-0.0304116	0.0391185	0	0	0	0.967439	0	-0.426642	-237.002	0	213.464	213.464	-2.13163e-14	12.4428	0	0	0	0	0	0	0	0	0	0	0	0	0	0	0	0	0	0	0	0	0	0	0	0	0	0	0	0	0	0	0	0	0	
1	1	1	847	25.41		300	0	0	-0.04235	-0.04235	0.0511764	0	0	0	-228.079	-228.079	-4.55077e-05	0	0	0	12.4774	-3.03946	0	15.5169		300	0.967958	-0.0304422	-0.0304422	0.0391578	0	0	0	0.967958	0	-0.426642	-237.002	0	213.464	213.464	-2.13163e-14	12.4428	0	0	0	0	0	0	0	0	0	0	0	0	0	0	0	0	0	0	0	0	0	0	0	0	0	0	0	0	0	0	0	0	0	
1	1	1	848	25.44		300	0	0	-0.0424	-0.0424	0.0512353	0	0	0	-228.454	-228.454	-4.5203e-05	0	0	0	12.5002	-3.02307	0	15.5233		300	0.968474	-0.0304726	-0.0304726	0.039197	0	0	0	0.968474	0	-0.426642	-237.002	0	213.464	213.464	-2.13163e-14	12.4428	0	0	0	0	0	0	0	0	0	0	0	0	0	0	0	0	0	0	0	0	0	0	0	0	0	0	0	0	0	0	0	0	0	
1	1	1	849	25.47		300	0	0	-0.04245	-0.04245	0.0512942	0	0	0	-228.831	-228.831	-4.48805e-05	0	0	0	12.5231	-3.0066	0	15.5297		300	0.968986	-0.0305029	-0.0305029	0.0392359	0	0	0	0.968986	0	-0.426642	-237.002	0	213.464	213.464	-2.13163e-14	12.4428	0	0	0	0	0	0	0	0	0	0	0	0	0	0	0	0	0	0	0	0	0	0	0	0	0	0	0	0	0	0	0	0	0	
1	1	1	850	25.5		300	0	0	-0.0425	-0.0425	0.051353	0	0	0	-229.213	-229.213	-4.45405e-05	0	0	0	12.546	-2.99005	0	15.5361		300	0.969495	-0.030533	-0.030533	0.0392746	0	0	0	0.969495	0	-0.426642	-237.002	0	213.464	213.464	-2.13163e-14	12.4428	0	0	0	0	0	0	0	0	0	0	0	0	0	0	0	0	0	0	0	0	0	0	0	0	0	0	0	0	0	0	0	0	0	
1	1	1	851	25.53		300	0	0	-0.04255	-0.04255	0.0514117	0	0	0	-229.597	-229.597	-4.41829e-05	0	0	0	12.5689	-2.97342	0	15.5424		300	0.97	-0.0305629	-0.0305629	0.0393131	0	0	0	0.97	0	-0.426642	-237.002	0	213.464	213.464	-2.13163e-14	12.4428	0	0	0	0	0	0	0	0	0	0	0	0	0	0	0	0	0	0	0	0	0	0	0	0	0	0	0	0	0	0	0	0	0	
1	1	1	852	25.56		300	0	0	-0.0426	-0.0426	0.0514704	0	0	0	-229.985	-229.985	-4.38079e-05	0	0	0	12.5919	-2.95671	0	15.5486		300	0.970502	-0.0305927	-0.0305927	0.0393514	0	0	0	0.970502	0	-0.426642	-237.002	0	213.464	213.464	-2.13163e-14	12.4428	0	0	0	0	0	0	0	0	0	0	0	0	0	0	0	0	0	0	0	0	0	0	0	0	0	0	0	0	0	0	0	0	0	
1	1	1	853	25.59		300	0	0	-0.04265	-0.04265	0.051529	0	0	0	-230.376	-230.376	-4.34157e-05	0	0	0	12.6149	-2.93992	0	15.5549		300	0.971001	-0.0306223	-0.0306223	0.0393894	0	0	0	0.971001	0	-0.426642	-237.002	0	213.464	213.464	-2.13163e-14	12.4428	0	0	0	0	0	0	0	0	0	0	0	0	0	0	0	0	0	0	0	0	0	0	0	0	0	0	0	0	0	0	0	0	0	
1	1	1	854	25.62		300	0	0	-0.0427	-0.0427	0.0515876	0	0	0	-230.77	-230.77	-4.30062e-05	0	0	0	12.638	-2.92304	0	15.561		300	0.971496	-0.0306517	-0.0306517	0.0394272	0	0	0	0.971496	0	-0.426642	-237.002	0	213.464	213.464	-2.13163e-14	12.4428	0	0	0	0	0	0	0	0	0	0	0	0	0	0	0	0	0	0	0	0	0	0	0	0	0	0	0	0	0	0	0	0	0	
1	1	1	855	25.65		300	0	0	-0.04275	-0.04275	0.0516462	0	0	0	-231.168	-231.168	-4.25797e-05	0	0	0	12.6611	-2.90608	0	15.5672		300	0.971987	-0.0306809	-0.0306809	0.0394648	0	0	0	0.971987	0	-0.426642	-237.002	0	213.464	213.464	-2.13163e-14	12.4428	0	0	0	0	0	0	0	0	0	0	0	0	0	0	0	0	0	0	0	0	0	0	0	0	0	0	0	0	0	0	0	0	0	
1	1	1	856	25.68		300	0	0	-0.0428	-0.0428	0.0517047	0	0	0	-231.569	-231.569	-4.21364e-05	0	0	0	12.6842	-2.88903	0	15.5733		300	0.972475	-0.03071	-0.03071	0.0395022	0	0	0	0.972475	0	-0.426642	-237.002	0	213.464	213.464	-2.13163e-14	12.4428	0	0	0	0	0	0	0	0	0	0	0	0	0	0	0	0	0	0	0	0	0	0	0	0	0	0	0	0	0	0	0	0	0	
1	1	1	857	25.71		300	0	0	-0.04285	-0.04285	0.0517631	0	0	0	-231.973	-231.973	-4.16763e-05	0	0	0	12.7074	-2.8719	0	15.5793		300	0.972959	-0.0307389	-0.0307389	0.0395393	0	0	0	0.972959	0	-0.426642	-237.002	0	213.464	213.464	-2.13163e-14	12.4428	0	0	0	0	0	0	0	0	0	0	0	0	0	0	0	0	0	0	0	0	0	0	0	0	0	0	0	0	0	0	0	0	0	
1	1	1	858	25.74		300	0	0	-0.0429	-0.0429	0.0518215	0	0	0	-232.382	-232.382	-4.11997e-05	0	0	0	12.7306	-2.85468	0	15.5853		300	0.973439	-0.0307675	-0.0307675	0.0395762	0	0	0	0.973439	0	-0.426642	-237.002	0	213.464	213.464	-2.13163e-14	12.4428	0	0	0	0	0	0	0	0	0	0	0	0	0	0	0	0	0	0	0	0	0	0	0	0	0	0	0	0	0	0	0	0	0	
1	1	1	859	25.77		300	0	0	-0.04295	-0.04295	0.0518799	0	0	0	-232.793	-232.793	-4.07067e-05	0	0	0	12.7539	-2.83737	0	15.5913		300	0.973915	-0.030796	-0.030796	0.0396128	0	0	0	0.973915	0	-0.426642	-237.002	0	213.464	213.464	-2.13163e-14	12.4428	0	0	0	0	0	0	0	0	0	0	0	0	0	0	0	0	0	0	0	0	0	0	0	0	0	0	0	0	0	0	0	0	0	
1	1	1	860	25.8		300	0	0	-0.043	-0.043	0.0519382	0	0	0	-233.209	-233.209	-4.01976e-05	0	0	0	12.7772	-2.81998	0	15.5972		300	0.974388	-0.0308243	-0.0308243	0.0396492	0	0	0	0.974388	0	-0.426642	-237.002	0	213.464	213.464	-2.13163e-14	12.4428	0	0	0	0	0	0	0	0	0	0	0	0	0	0	0	0	0	0	0	0	0	0	0	0	0	0	0	0	0	0	0	0	0	
1	1	1	861	25.83		300	0	0	-0.04305	-0.04305	0.0519964	0	0	0	-233.628	-233.628	-3.96725e-05	0	0	0	12.8005	-2.80249	0	15.603		300	0.974857	-0.0308525	-0.0308525	0.0396854	0	0	0	0.974857	0	-0.426642	-237.002	0	213.464	213.464	-2.13163e-14	12.4428	0	0	0	0	0	0	0	0	0	0	0	0	0	0	0	0	0	0	0	0	0	0	0	0	0	0	0	0	0	0	0	0	0	
1	1	1	862	25.86		300	0	0	-0.0431	-0.0431	0.0520546	0	0	0	-234.051	-234.051	-3.91318e-05	0	0	0	12.8239	-2.78492	0	15.6088		300	0.975322	-0.0308804	-0.0308804	0.0397213	0	0	0	0.975322	0	-0.426642	-237.002	0	213.464	213.464	-2.13163e-14	12.4428	0	0	0	0	0	0	0	0	0	0	0	0	0	0	0	0	0	0	0	0	0	0	0	0	0	0	0	0	0	0	0	0	0	
1	1	1	863	25.89		300	0	0	-0.04315	-0.04315	0.0521127	0	0	0	-234.478	-234.478	-3.85755e-05	0	0	0	12.8473	-2.76725	0	15.6146		300	0.975784	-0.0309081	-0.0309081	0.0397569	0	0	0	0.975784	0	-0.426642	-237.002	0	213.464	213.464	-2.13163e-14	12.4428	0	0	0	0	0	0	0	0	0	0	0	0	0	0	0	0	0	0	0	0	0	0	0	0	0	0	0	0	0	0	0	0	0	
1	1	1	864	25.92		300	0	0	-0.0432	-0.0432	0.0521708	0	0	0	-234.908	-234.908	-3.80041e-05	0	0	0	12.8708	-2.7495	0	15.6203		300	0.976241	-0.0309356	-0.0309356	0.0397923	0	0	0	0.976241	0	-0.426642	-237.002	0	213.464	213.464	-2.13163e-14	12.4428	0	0	0	0	0	0	0	0	0	0	0	0	0	0	0	0	0	0	0	0	0	0	0	0	0	0	0	0	0	0	0	0	0	
1	1	1	865	25.95		300	0	0	-0.04325	-0.04325	0.0522288	0	0	0	-235.343	-235.343	-3.74178e-05	0	0	0	12.8943	-2.73165	0	15.626		300	0.976694	-0.0309629	-0.0309629	0.0398274	0	0	0	0.976694	0	-0.426642	-237.002	0	213.464	213.464	-2.13163e-14	12.4428	0	0	0	0	0	0	0	0	0	0	0	0	0	0	0	0	0	0	0	0	0	0	0	0	0	0	0	0	0	0	0	0	0	
1	1	1	866	25.98		300	0	0	-0.0433	-0.0433	0.0522868	0	0	0	-235.782	-235.782	-3.68168e-05	0	0	0	12.9179	-2.7137	0	15.6316		300	0.977144	-0.03099	-0.03099	0.0398623	0	0	0	0.977144	0	-0.426642	-237.002	0	213.464	213.464	-2.13163e-14	12.4428	0	0	0	0	0	0	0	0	0	0	0	0	0	0	0	0	0	0	0	0	0	0	0	0	0	0	0	0	0	0	0	0	0	
1	1	1	867	26.01		300	0	0	-0.04335	-0.04335	0.0523447	0	0	0	-236.224	-236.224	-3.62015e-05	0	0	0	12.9415	-2.69567	0	15.6371		300	0.977589	-0.0310169	-0.0310169	0.0398969	0	0	0	0.977589	0	-0.426642	-237.002	0	213.464	213.464	-2.13163e-14	12.4428	0	0	0	0	0	0	0	0	0	0	0	0	0	0	0	0	0	0	0	0	0	0	0	0	0	0	0	0	0	0	0	0	0	
1	1	1	868	26.04		300	0	0	-0.0434	-0.0434	0.0524025	0	0	0	-236.671	-236.671	-3.55723e-05	0	0	0	12.9651	-2.67753	0	15.6427		300	0.97803	-0.0310436	-0.0310436	0.0399312	0	0	0	0.97803	0	-0.426642	-237.002	0	213.464	213.464	-2.13163e-14	12.4428	0	0	0	0	0	0	0	0	0	0	0	0	0	0	0	0	0	0	0	0	0	0	0	0	0	0	0	0	0	0	0	0	0	
1	1	1	869	26.07		300	0	0	-0.04345	-0.04345	0.0524603	0	0	0	-237.121	-237.121	-3.49294e-05	0	0	0	12.9888	-2.65931	0	15.6481		300	0.978467	-0.0310701	-0.0310701	0.0399652	0	0	0	0.978467	0	-0.426642	-237.002	0	213.464	213.464	-2.13163e-14	12.4428	0	0	0	0	0	0	0	0	0	0	0	0	0	0	0	0	0	0	0	0	0	0	0	0	0	0	0	0	0	0	0	0	0	
1	1	1	870	26.1		300	0	0	-0.0435	-0.0435	0.052518	0	0	0	-237.576	-237.576	-3.42733e-05	0	0	0	13.0126	-2.64098	0	15.6535		300	0.9789	-0.0310963	-0.0310963	0.039999	0	0	0	0.9789	0	-0.426642	-237.002	0	213.464	213.464	-2.13163e-14	12.4428	0	0	0	0	0	0	0	0	0	0	0	0	0	0	0	0	0	0	0	0	0	0	0	0	0	0	0	0	0	0	0	0	0	
1	1	1	871	26.13		300	0	0	-0.04355	-0.04355	0.0525757	0	0	0	-238.036	-238.036	-3.36043e-05	0	0	0	13.0363	-2.62256	0	15.6589		300	0.979329	-0.0311224	-0.0311224	0.0400324	0	0	0	0.979329	0	-0.426642	-237.002	0	213.464	213.464	-2.13163e-14	12.4428	0	0	0	0	0	0	0	0	0	0	0	0	0	0	0	0	0	0	0	0	0	0	0	0	0	0	0	0	0	0	0	0	0	
1	1	1	872	26.16		300	0	0	-0.0436	-0.0436	0.0526333	0	0	0	-238.499	-238.499	-3.29228e-05	0	0	0	13.0602	-2.60403	0	15.6642		300	0.979753	-0.0311482	-0.0311482	0.0400656	0	0	0	0.979753	0	-0.426642	-237.002	0	213.464	213.464	-2.13163e-14	12.4428	0	0	0	0	0	0	0	0	0	0	0	0	0	0	0	0	0	0	0	0	0	0	0	0	0	0	0	0	0	0	0	0	0	
1	1	1	873	26.19		300	0	0	-0.04365	-0.04365	0.0526908	0	0	0	-238.967	-238.967	-3.22293e-05	0	0	0	13.084	-2.58541	0	15.6694		300	0.980173	-0.0311737	-0.0311737	0.0400985	0	0	0	0.980173	0	-0.426642	-237.002	0	213.464	213.464	-2.13163e-14	12.4428	0	0	0	0	0	0	0	0	0	0	0	0	0	0	0	0	0	0	0	0	0	0	0	0	0	0	0	0	0	0	0	0	0	
1	1	1	874	26.22		300	0	0	-0.0437	-0.0437	0.0527483	0	0	0	-239.439	-239.439	-3.15241e-05	0	0	0	13.108	-2.56669	0	15.6746		300	0.980589	-0.0311991	-0.0311991	0.0401311	0	0	0	0.980589	0	-0.426642	-237.002	0	213.464	213.464	-2.13163e-14	12.4428	0	0	0	0	0	0	0	0	0	0	0	0	0	0	0	0	0	0	0	0	0	0	0	0	0	0	0	0	0	0	0	0	0	
1	1	1	875	26.25		300	0	0	-0.04375	-0.04375	0.0528057	0	0	0	-239.916	-239.916	-3.08078e-05	0	0	0	13.1319	-2.54786	0	15.6798		300	0.981	-0.0312242	-0.0312242	0.0401634	0	0	0	0.981	0	-0.426642	-237.002	0	213.464	213.464	-2.13163e-14	12.4428	0	0	0	0	0	0	0	0	0	0	0	0	0	0	0	0	0	0	0	0	0	0	0	0	0	0	0	0	0	0	0	0	0	
1	1	1	876	26.28		300	0	0	-0.0438	-0.0438	0.0528631	0	0	0	-240.397	-240.397	-3.00809e-05	0	0	0	13.1559	-2.52894	0	15.6849		300	0.981407	-0.0312491	-0.0312491	0.0401954	0	0	0	0.981407	0	-0.426642	-237.002	0	213.464	213.464	-2.13163e-14	12.4428	0	0	0	0	0	0	0	0	0	0	0	0	0	0	0	0	0	0	0	0	0	0	0	0	0	0	0	0	0	0	0	0	0	
1	1	1	877	26.31		300	0	0	-0.04385	-0.04385	0.0529203	0	0	0	-240.883	-240.883	-2.93437e-05	0	0	0	13.18	-2.50991	0	15.6899		300	0.98181	-0.0312737	-0.0312737	0.040227	0	0	0	0.98181	0	-0.426642	-237.002	0	213.464	213.464	-2.13163e-14	12.4428	0	0	0	0	0	0	0	0	0	0	0	0	0	0	0	0	0	0	0	0	0	0	0	0	0	0	0	0	0	0	0	0	0	
1	1	1	878	26.34		300	0	0	-0.0439	-0.0439	0.0529776	0	0	0	-241.373	-241.373	-2.85969e-05	0	0	0	13.2041	-2.49077	0	15.6949		300	0.982208	-0.0312981	-0.0312981	0.0402584	0	0	0	0.982208	0	-0.426642	-237.002	0	213.464	213.464	-2.13163e-14	12.4428	0	0	0	0	0	0	0	0	0	0	0	0	0	0	0	0	0	0	0	0	0	0	0	0	0	0	0	0	0	0	0	0	0	
1	1	1	879	26.37		300	0	0	-0.04395	-0.04395	0.0530347	0	0	0	-241.868	-241.868	-2.7841e-05	0	0	0	13.2283	-2.47153	0	15.6998		300	0.982602	-0.0313223	-0.0313223	0.0402895	0	0	0	0.982602	0	-0.426642	-237.002	0	213.464	213.464	-2.13163e-14	12.4428	0	0	0	0	0	0	0	0	0	0	0	0	0	0	0	0	0	0	0	0	0	0	0	0	0	0	0	0	0	0	0	0	0	
1	1	1	880	26.4		300	0	0	-0.044	-0.044	0.0530918	0	0	0	-242.368	-242.368	-2.70765e-05	0	0	0	13.2525	-2.45218	0	15.7047		300	0.982991	-0.0313462	-0.0313462	0.0403202	0	0	0	0.982991	0	-0.426642	-237.002	0	213.464	213.464	-2.13163e-14	12.4428	0	0	0	0	0	0	0	0	0	0	0	0	0	0	0	0	0	0	0	0	0	0	0	0	0	0	0	0	0	0	0	0	0	
1	1	1	881	26.43		300	0	0	-0.04405	-0.04405	0.0531488	0	0	0	-242.872	-242.872	-2.6304e-05	0	0	0	13.2767	-2.43273	0	15.7095		300	0.983375	-0.0313698	-0.0313698	0.0403506	0	0	0	0.983375	0	-0.426642	-237.002	0	213.464	213.464	-2.13163e-14	12.4428	0	0	0	0	0	0	0	0	0	0	0	0	0	0	0	0	0	0	0	0	0	0	0	0	0	0	0	0	0	0	0	0	0	
1	1	1	882	26.46		300	0	0	-0.0441	-0.0441	0.0532057	0	0	0	-243.382	-243.382	-2.55241e-05	0	0	0	13.3011	-2.41317	0	15.7142		300	0.983755	-0.0313932	-0.0313932	0.0403807	0	0	0	0.983755	0	-0.426642	-237.002	0	213.464	213.464	-2.13163e-14	12.4428	0	0	0	0	0	0	0	0	0	0	0	0	0	0	0	0	0	0	0	0	0	0	0	0	0	0	0	0	0	0	0	0	0	
1	1	1	883	26.49		300	0	0	-0.04415	-0.04415	0.0532626	0	0	0	-243.896	-243.896	-2.47374e-05	0	0	0	13.3254	-2.3935	0	15.7189		300	0.98413	-0.0314164	-0.0314164	0.0404105	0	0	0	0.98413	0	-0.426642	-237.002	0	213.464	213.464	-2.13163e-14	12.4428	0	0	0	0	0	0	0	0	0	0	0	0	0	0	0	0	0	0	0	0	0	0	0	0	0	0	0	0	0	0	0	0	0	
1	1	1	884	26.52		300	0	0	-0.0442	-0.0442	0.0533194	0	0	0	-244.415	-244.415	-2.39446e-05	0	0	0	13.3498	-2.37371	0	15.7236		300	0.984501	-0.0314393	-0.0314393	0.0404399	0	0	0	0.984501	0	-0.426642	-237.002	0	213.464	213.464	-2.13163e-14	12.4428	0	0	0	0	0	0	0	0	0	0	0	0	0	0	0	0	0	0	0	0	0	0	0	0	0	0	0	0	0	0	0	0	0	
1	1	1	885	26.55		300	0	0	-0.04425	-0.04425	0.0533761	0	0	0	-244.94	-244.94	-2.31462e-05	0	0	0	13.3743	-2.35382	0	15.7281		300	0.984866	-0.0314619	-0.0314619	0.040469	0	0	0	0.984866	0	-0.426642	-237.002	0	213.464	213.464	-2.13163e-14	12.4428	0	0	0	0	0	0	0	0	0	0	0	0	0	0	0	0	0	0	0	0	0	0	0	0	0	0	0	0	0	0	0	0	0	
1	1	1	886	26.58		300	0	0	-0.0443	-0.0443	0.0534327	0	0	0	-245.469	-245.469	-2.23429e-05	0	0	0	13.3988	-2.33382	0	15.7326		300	0.985227	-0.0314843	-0.0314843	0.0404977	0	0	0	0.985227	0	-0.426642	-237.002	0	213.464	213.464	-2.13163e-14	12.4428	0	0	0	0	0	0	0	0	0	0	0	0	0	0	0	0	0	0	0	0	0	0	0	0	0	0	0	0	0	0	0	0	0	
1	1	1	887	26.61		300	0	0	-0.04435	-0.04435	0.0534893	0	0	0	-246.004	-246.004	-2.15355e-05	0	0	0	13.4234	-2.3137	0	15.7371		300	0.985584	-0.0315064	-0.0315064	0.0405262	0	0	0	0.985584	0	-0.426642	-237.002	0	213.464	213.464	-2.13163e-14	12.4428	0	0	0	0	0	0	0	0	0	0	0	0	0	0	0	0	0	0	0	0	0	0	0	0	0	0	0	0	0	0	0	0	0	
1	1	1	888	26.64		300	0	0	-0.0444	-0.0444	0.0535458	0	0	0	-246.543	-246.543	-2.07246e-05	0	0	0	13.448	-2.29347	0	15.7415		300	0.985935	-0.0315282	-0.0315282	0.0405542	0	0	0	0.985935	0	-0.426642	-237.002	0	213.464	213.464	-2.13163e-14	12.4428	0	0	0	0	0	0	0	0	0	0	0	0	0	0	0	0	0	0	0	0	0	0	0	0	0	0	0	0	0	0	0	0	0	
1	1	1	889	26.67		300	0	0	-0.04445	-0.04445	0.0536022	0	0	0	-247.088	-247.088	-1.99108e-05	0	0	0	13.4727	-2.27313	0	15.7458		300	0.986281	-0.0315497	-0.0315497	0.0405819	0	0	0	0.986281	0	-0.426642	-237.002	0	213.464	213.464	-2.13163e-14	12.4428	0	0	0	0	0	0	0	0	0	0	0	0	0	0	0	0	0	0	0	0	0	0	0	0	0	0	0	0	0	0	0	0	0	
1	1	1	890	26.7		300	0	0	-0.0445	-0.0445	0.0536586	0	0	0	-247.638	-247.638	-1.9095e-05	0	0	0	13.4974	-2.25267	0	15.7501		300	0.986623	-0.031571	-0.031571	0.0406093	0	0	0	0.986623	0	-0.426642	-237.002	0	213.464	213.464	-2.13163e-14	12.4428	0	0	0	0	0	0	0	0	0	0	0	0	0	0	0	0	0	0	0	0	0	0	0	0	0	0	0	0	0	0	0	0	0	
1	1	1	891	26.73		300	0	0	-0.04455	-0.04455	0.0537149	0	0	0	-248.193	-248.193	-1.82779e-05	0	0	0	13.5222	-2.23209	0	15.7543		300	0.98696	-0.031592	-0.031592	0.0406363	0	0	0	0.98696	0	-0.426642	-237.002	0	213.464	213.464	-2.13163e-14	12.4428	0	0	0	0	0	0	0	0	0	0	0	0	0	0	0	0	0	0	0	0	0	0	0	0	0	0	0	0	0	0	0	0	0	
1	1	1	892	26.76		300	0	0	-0.0446	-0.0446	0.053771	0	0	0	-248.754	-248.754	-1.74601e-05	0	0	0	13.5471	-2.2114	0	15.7585		300	0.987291	-0.0316127	-0.0316127	0.0406629	0	0	0	0.987291	0	-0.426642	-237.002	0	213.464	213.464	-2.13163e-14	12.4428	0	0	0	0	0	0	0	0	0	0	0	0	0	0	0	0	0	0	0	0	0	0	0	0	0	0	0	0	0	0	0	0	0	
1	1	1	893	26.79		300	0	0	-0.04465	-0.04465	0.0538272	0	0	0	-249.32	-249.32	-1.66425e-05	0	0	0	13.572	-2.19058	0	15.7626		300	0.987618	-0.0316332	-0.0316332	0.0406892	0	0	0	0.987618	0	-0.426642	-237.002	0	213.464	213.464	-2.13163e-14	12.4428	0	0	0	0	0	0	0	0	0	0	0	0	0	0	0	0	0	0	0	0	0	0	0	0	0	0	0	0	0	0	0	0	0	
1	1	1	894	26.82		300	0	0	-0.0447	-0.0447	0.0538832	0	0	0	-249.892	-249.892	-1.58257e-05	0	0	0	13.5969	-2.16965	0	15.7666		300	0.98794	-0.0316533	-0.0316533	0.0407151	0	0	0	0.98794	0	-0.426642	-237.002	0	213.464	213.464	-2.13163e-14	12.4428	0	0	0	0	0	0	0	0	0	0	0	0	0	0	0	0	0	0	0	0	0	0	0	0	0	0	0	0	0	0	0	0	0	
1	1	1	895	26.85		300	0	0	-0.04475	-0.04475	0.0539392	0	0	0	-250.469	-250.469	-1.50106e-05	0	0	0	13.622	-2.1486	0	15.7706		300	0.988256	-0.0316732	-0.0316732	0.0407407	0	0	0	0.988256	0	-0.426642	-237.002	0	213.464	213.464	-2.13163e-14	12.4428	0	0	0	0	0	0	0	0	0	0	0	0	0	0	0	0	0	0	0	0	0	0	0	0	0	0	0	0	0	0	0	0	0	
1	1	1	896	26.88		300	0	0	-0.0448	-0.0448	0.053995	0	0	0	-251.052	-251.052	-1.41979e-05	0	0	0	13.647	-2.12743	0	15.7745		300	0.988568	-0.0316928	-0.0316928	0.0407659	0	0	0	0.988568	0	-0.426642	-237.002	0	213.464	213.464	-2.13163e-14	12.4428	0	0	0	0	0	0	0	0	0	0	0	0	0	0	0	0	0	0	0	0	0	0	0	0	0	0	0	0	0	0	0	0	0	
1	1	1	897	26.91		300	0	0	-0.04485	-0.04485	0.0540508	0	0	0	-251.64	-251.64	-1.33884e-05	0	0	0	13.6722	-2.10614	0	15.7783		300	0.988875	-0.0317121	-0.0317121	0.0407907	0	0	0	0.988875	0	-0.426642	-237.002	0	213.464	213.464	-2.13163e-14	12.4428	0	0	0	0	0	0	0	0	0	0	0	0	0	0	0	0	0	0	0	0	0	0	0	0	0	0	0	0	0	0	0	0	0	
1	1	1	898	26.94		300	0	0	-0.0449	-0.0449	0.0541065	0	0	0	-252.233	-252.233	-1.25828e-05	0	0	0	13.6974	-2.08472	0	15.7821		300	0.989176	-0.0317311	-0.0317311	0.0408151	0	0	0	0.989176	0	-0.426642	-237.002	0	213.464	213.464	-2.13163e-14	12.4428	0	0	0	0	0	0	0	0	0	0	0	0	0	0	0	0	0	0	0	0	0	0	0	0	0	0	0	0	0	0	0	0	0	
1	1	1	899	26.97		300	0	0	-0.04495	-0.04495	0.0541622	0	0	0	-252.833	-252.833	-1.17819e-05	0	0	0	13.7226	-2.06319	0	15.7858		300	0.989473	-0.0317498	-0.0317498	0.0408392	0	0	0	0.989473	0	-0.426642	-237.002	0	213.464	213.464	-2.13163e-14	12.4428	0	0	0	0	0	0	0	0	0	0	0	0	0	0	0	0	0	0	0	0	0	0	0	0	0	0	0	0	0	0	0	0	0	
1	1	1	900	27		300	0	0	-0.045	-0.045	0.0542177	0	0	0	-253.438	-253.438	-1.09864e-05	0	0	0	13.7479	-2.04153	0	15.7895		300	0.989764	-0.0317682	-0.0317682	0.0408628	0	0	0	0.989764	0	-0.426642	-237.002	0	213.464	213.464	-2.13163e-14	12.4428	0	0	0	0	0	0	0	0	0	0	0	0	0	0	0	0	0	0	0	0	0	0	0	0	0	0	0	0	0	0	0	0	0	
1	1	1	901	27.03		300	0	0	-0.04505	-0.04505	0.0542732	0	0	0	-254.049	-254.049	-1.01972e-05	0	0	0	13.7733	-2.01974	0	15.7931		300	0.99005	-0.0317863	-0.0317863	0.0408861	0	0	0	0.99005	0	-0.426642	-237.002	0	213.464	213.464	-2.13163e-14	12.4428	0	0	0	0	0	0	0	0	0	0	0	0	0	0	0	0	0	0	0	0	0	0	0	0	0	0	0	0	0	0	0	0	0	
1	1	1	902	27.06		300	0	0	-0.0451	-0.0451	0.0543286	0	0	0	-254.665	-254.665	-9.41492e-06	0	0	0	13.7987	-1.99783	0	15.7966		300	0.990331	-0.0318041	-0.0318041	0.040909	0	0	0	0.990331	0	-0.426642	-237.002	0	213.464	213.464	-2.13163e-14	12.4428	0	0	0	0	0	0	0	0	0	0	0	0	0	0	0	0	0	0	0	0	0	0	0	0	0	0	0	0	0	0	0	0	0	
1	1	1	903	27.09		300	0	0	-0.04515	-0.04515	0.0543839	0	0	0	-255.287	-255.287	-8.64034e-06	0	0	0	13.8242	-1.97579	0	15.8		300	0.990607	-0.0318216	-0.0318216	0.0409315	0	0	0	0.990607	0	-0.426642	-237.002	0	213.464	213.464	-2.13163e-14	12.4428	0	0	0	0	0	0	0	0	0	0	0	0	0	0	0	0	0	0	0	0	0	0	0	0	0	0	0	0	0	0	0	0	0	
1	1	1	904	27.12		300	0	0	-0.0452	-0.0452	0.0544391	0	0	0	-255.915	-255.915	-7.87417e-06	0	0	0	13.8498	-1.95363	0	15.8034		300	0.990878	-0.0318389	-0.0318389	0.0409537	0	0	0	0.990878	0	-0.426642	-237.002	0	213.464	213.464	-2.13163e-14	12.4428	0	0	0	0	0	0	0	0	0	0	0	0	0	0	0	0	0	0	0	0	0	0	0	0	0	0	0	0	0	0	0	0	0	
1	1	1	905	27.15		300	0	0	-0.04525	-0.04525	0.0544943	0	0	0	-256.549	-256.549	-7.11713e-06	0	0	0	13.8754	-1.93134	0	15.8068		300	0.991143	-0.0318558	-0.0318558	0.0409754	0	0	0	0.991143	0	-0.426642	-237.002	0	213.464	213.464	-2.13163e-14	12.4428	0	0	0	0	0	0	0	0	0	0	0	0	0	0	0	0	0	0	0	0	0	0	0	0	0	0	0	0	0	0	0	0	0	
1	1	1	906	27.18		300	0	0	-0.0453	-0.0453	0.0545493	0	0	0	-257.189	-257.189	-6.36989e-06	0	0	0	13.9011	-1.90892	0	15.81		300	0.991404	-0.0318724	-0.0318724	0.0409967	0	0	0	0.991404	0	-0.426642	-237.002	0	213.464	213.464	-2.13163e-14	12.4428	0	0	0	0	0	0	0	0	0	0	0	0	0	0	0	0	0	0	0	0	0	0	0	0	0	0	0	0	0	0	0	0	0	
1	1	1	907	27.21		300	0	0	-0.04535	-0.04535	0.0546043	0	0	0	-257.834	-257.834	-5.63313e-06	0	0	0	13.9269	-1.88638	0	15.8132		300	0.991659	-0.0318887	-0.0318887	0.0410177	0	0	0	0.991659	0	-0.426642	-237.002	0	213.464	213.464	-2.13163e-14	12.4428	0	0	0	0	0	0	0	0	0	0	0	0	0	0	0	0	0	0	0	0	0	0	0	0	0	0	0	0	0	0	0	0	0	
1	1	1	908	27.24		300	0	0	-0.0454	-0.0454	0.0546592	0	0	0	-258.486	-258.486	-4.90749e-06	0	0	0	13.9527	-1.8637	0	15.8164		300	0.991909	-0.0319047	-0.0319047	0.0410383	0	0	0	0.991909	0	-0.426642	-237.002	0	213.464	213.464	-2.13163e-14	12.4428	0	0	0	0	0	0	0	0	0	0	0	0	0	0	0	0	0	0	0	0	0	0	0	0	0	0	0	0	0	0	0	0	0	
1	1	1	909	27.27		300	0	0	-0.04545	-0.04545	0.054714	0	0	0	-259.143	-259.143	-4.1936e-06	0	0	0	13.9786	-1.8409	0	15.8195		300	0.992154	-0.0319204	-0.0319204	0.0410584	0	0	0	0.992154	0	-0.426642	-237.002	0	213.464	213.464	-2.13163e-14	12.4428	0	0	0	0	0	0	0	0	0	0	0	0	0	0	0	0	0	0	0	0	0	0	0	0	0	0	0	0	0	0	0	0	0	
1	1	1	910	27.3		300	0	0	-0.0455	-0.0455	0.0547687	0	0	0	-259.806	-259.806	-3.49206e-06	0	0	0	14.0045	-1.81797	0	15.8225		300	0.992394	-0.0319357	-0.0319357	0.0410782	0	0	0	0.992394	0	-0.426642	-237.002	0	213.464	213.464	-2.13163e-14	12.4428	0	0	0	0	0	0	0	0	0	0	0	0	0	0	0	0	0	0	0	0	0	0	0	0	0	0	0	0	0	0	0	0	0	
1	1	1	911	27.33		300	0	0	-0.04555	-0.04555	0.0548233	0	0	0	-260.475	-260.475	-2.80343e-06	0	0	0	14.0305	-1.7949	0	15.8254		300	0.992628	-0.0319508	-0.0319508	0.0410976	0	0	0	0.992628	0	-0.426642	-237.002	0	213.464	213.464	-2.13163e-14	12.4428	0	0	0	0	0	0	0	0	0	0	0	0	0	0	0	0	0	0	0	0	0	0	0	0	0	0	0	0	0	0	0	0	0	
1	1	1	912	27.36		300	0	0	-0.0456	-0.0456	0.0548779	0	0	0	-261.15	-261.15	-2.12824e-06	0	0	0	14.0566	-1.77171	0	15.8283		300	0.992858	-0.0319656	-0.0319656	0.0411166	0	0	0	0.992858	0	-0.426642	-237.002	0	213.464	213.464	-2.13163e-14	12.4428	0	0	0	0	0	0	0	0	0	0	0	0	0	0	0	0	0	0	0	0	0	0	0	0	0	0	0	0	0	0	0	0	0	
1	1	1	913	27.39		300	0	0	-0.04565	-0.04565	0.0549323	0	0	0	-261.83	-261.83	-1.46701e-06	0	0	0	14.0828	-1.74839	0	15.8311		300	0.993082	-0.0319801	-0.0319801	0.0411352	0	0	0	0.993082	0	-0.426642	-237.002	0	213.464	213.464	-2.13163e-14	12.4428	0	0	0	0	0	0	0	0	0	0	0	0	0	0	0	0	0	0	0	0	0	0	0	0	0	0	0	0	0	0	0	0	0	
1	1	1	914	27.42		300	0	0	-0.0457	-0.0457	0.0549867	0	0	0	-262.517	-262.517	-8.20203e-07	0	0	0	14.109	-1.72493	0	15.8339		300	0.993302	-0.0319942	-0.0319942	0.0411534	0	0	0	0.993302	0	-0.426642	-237.002	0	213.464	213.464	-2.13163e-14	12.4428	0	0	0	0	0	0	0	0	0	0	0	0	0	0	0	0	0	0	0	0	0	0	0	0	0	0	0	0	0	0	0	0	0	
1	1	1	915	27.45		300	0	0	-0.04575	-0.04575	0.055041	0	0	0	-263.209	-263.209	-1.88251e-07	0	0	0	14.1353	-1.70134	0	15.8366		300	0.993516	-0.0320081	-0.0320081	0.0411712	0	0	0	0.993516	0	-0.426642	-237.002	0	213.464	213.464	-2.13163e-14	12.4428	0	0	0	0	0	0	0	0	0	0	0	0	0	0	0	0	0	0	0	0	0	0	0	0	0	0	0	0	0	0	0	0	0	
1	1	1	916	27.48		300	0	0	-0.0458	-0.0458	0.0550952	0	0	0	-263.907	-263.907	4.28447e-07	0	0	0	14.1616	-1.67762	0	15.8392		300	0.993725	-0.0320216	-0.0320216	0.0411886	0	0	0	0.993725	0	-0.426642	-237.002	0	213.464	213.464	-2.13163e-14	12.4428	0	0	0	0	0	0	0	0	0	0	0	0	0	0	0	0	0	0	0	0	0	0	0	0	0	0	0	0	0	0	0	0	0	
1	1	1	917	27.51		300	0	0	-0.04585	-0.04585	0.0551493	0	0	0	-264.611	-264.611	1.02954e-06	0	0	0	14.188	-1.65377	0	15.8418		300	0.99393	-0.0320349	-0.0320349	0.0412056	0	0	0	0.99393	0	-0.426642	-237.002	0	213.464	213.464	-2.13163e-14	12.4428	0	0	0	0	0	0	0	0	0	0	0	0	0	0	0	0	0	0	0	0	0	0	0	0	0	0	0	0	0	0	0	0	0	
1	1	1	918	27.54		300	0	0	-0.0459	-0.0459	0.0552034	0	0	0	-265.321	-265.321	1.6147e-06	0	0	0	14.2145	-1.62979	0	15.8443		300	0.994129	-0.0320478	-0.0320478	0.0412223	0	0	0	0.994129	0	-0.426642	-237.002	0	213.464	213.464	-2.13163e-14	12.4428	0	0	0	0	0	0	0	0	0	0	0	0	0	0	0	0	0	0	0	0	0	0	0	0	0	0	0	0	0	0	0	0	0	
1	1	1	919	27.57		300	0	0	-0.04595	-0.04595	0.0552573	0	0	0	-266.036	-266.036	2.18365e-06	0	0	0	14.2411	-1.60567	0	15.8468		300	0.994324	-0.0320604	-0.0320604	0.0412385	0	0	0	0.994324	0	-0.426642	-237.002	0	213.464	213.464	-2.13163e-14	12.4428	0	0	0	0	0	0	0	0	0	0	0	0	0	0	0	0	0	0	0	0	0	0	0	0	0	0	0	0	0	0	0	0	0	
1	1	1	920	27.6		300	0	0	-0.046	-0.046	0.0553112	0	0	0	-266.758	-266.758	2.73617e-06	0	0	0	14.2677	-1.58142	0	15.8492		300	0.994513	-0.0320728	-0.0320728	0.0412544	0	0	0	0.994513	0	-0.426642	-237.002	0	213.464	213.464	-2.13163e-14	12.4428	0	0	0	0	0	0	0	0	0	0	0	0	0	0	0	0	0	0	0	0	0	0	0	0	0	0	0	0	0	0	0	0	0	
1	1	1	921	27.63		300	0	0	-0.04605	-0.04605	0.055365	0	0	0	-267.485	-267.485	3.27206e-06	0	0	0	14.2945	-1.55704	0	15.8515		300	0.994698	-0.0320848	-0.0320848	0.0412699	0	0	0	0.994698	0	-0.426642	-237.002	0	213.464	213.464	-2.13163e-14	12.4428	0	0	0	0	0	0	0	0	0	0	0	0	0	0	0	0	0	0	0	0	0	0	0	0	0	0	0	0	0	0	0	0	0	
1	1	1	922	27.66		300	0	0	-0.0461	-0.0461	0.0554187	0	0	0	-268.217	-268.217	3.79117e-06	0	0	0	14.3212	-1.53253	0	15.8538		300	0.994878	-0.0320966	-0.0320966	0.041285	0	0	0	0.994878	0	-0.426642	-237.002	0	213.464	213.464	-2.13163e-14	12.4428	0	0	0	0	0	0	0	0	0	0	0	0	0	0	0	0	0	0	0	0	0	0	0	0	0	0	0	0	0	0	0	0	0	
1	1	1	923	27.69		300	0	0	-0.04615	-0.04615	0.0554723	0	0	0	-268.955	-268.955	4.29338e-06	0	0	0	14.3481	-1.50788	0	15.856		300	0.995053	-0.032108	-0.032108	0.0412997	0	0	0	0.995053	0	-0.426642	-237.002	0	213.464	213.464	-2.13163e-14	12.4428	0	0	0	0	0	0	0	0	0	0	0	0	0	0	0	0	0	0	0	0	0	0	0	0	0	0	0	0	0	0	0	0	0	
1	1	1	924	27.72		300	0	0	-0.0462	-0.0462	0.0555259	0	0	0	-269.699	-269.699	4.77865e-06	0	0	0	14.375	-1.48311	0	15.8581		300	0.995223	-0.0321192	-0.0321192	0.0413141	0	0	0	0.995223	0	-0.426642	-237.002	0	213.464	213.464	-2.13163e-14	12.4428	0	0	0	0	0	0	0	0	0	0	0	0	0	0	0	0	0	0	0	0	0	0	0	0	0	0	0	0	0	0	0	0	0	
1	1	1	925	27.75		300	0	0	-0.04625	-0.04625	0.0555794	0	0	0	-270.449	-270.449	5.24693e-06	0	0	0	14.402	-1.4582	0	15.8602		300	0.995389	-0.0321301	-0.0321301	0.0413281	0	0	0	0.995389	0	-0.426642	-237.002	0	213.464	213.464	-2.13163e-14	12.4428	0	0	0	0	0	0	0	0	0	0	0	0	0	0	0	0	0	0	0	0	0	0	0	0	0	0	0	0	0	0	0	0	0	
1	1	1	926	27.78		300	0	0	-0.0463	-0.0463	0.0556328	0	0	0	-271.204	-271.204	5.69826e-06	0	0	0	14.4291	-1.43315	0	15.8623		300	0.99555	-0.0321407	-0.0321407	0.0413417	0	0	0	0.99555	0	-0.426642	-237.002	0	213.464	213.464	-2.13163e-14	12.4428	0	0	0	0	0	0	0	0	0	0	0	0	0	0	0	0	0	0	0	0	0	0	0	0	0	0	0	0	0	0	0	0	0	
1	1	1	927	27.81		300	0	0	-0.04635	-0.04635	0.0556861	0	0	0	-271.964	-271.964	6.13268e-06	0	0	0	14.4563	-1.40798	0	15.8643		300	0.995707	-0.032151	-0.032151	0.0413549	0	0	0	0.995707	0	-0.426642	-237.002	0	213.464	213.464	-2.13163e-14	12.4428	0	0	0	0	0	0	0	0	0	0	0	0	0	0	0	0	0	0	0	0	0	0	0	0	0	0	0	0	0	0	0	0	0	
1	1	1	928	27.84		300	0	0	-0.0464	-0.0464	0.0557393	0	0	0	-272.73	-272.73	6.5503e-06	0	0	0	14.4835	-1.38267	0	15.8662		300	0.995859	-0.032161	-0.032161	0.0413678	0	0	0	0.995859	0	-0.426642	-237.002	0	213.464	213.464	-2.13163e-14	12.4428	0	0	0	0	0	0	0	0	0	0	0	0	0	0	0	0	0	0	0	0	0	0	0	0	0	0	0	0	0	0	0	0	0	
1	1	1	929	27.87		300	0	0	-0.04645	-0.04645	0.0557925	0	0	0	-273.5	-273.5	6.95125e-06	0	0	0	14.5108	-1.35723	0	15.8681		300	0.996006	-0.0321708	-0.0321708	0.0413803	0	0	0	0.996006	0	-0.426642	-237.002	0	213.464	213.464	-2.13163e-14	12.4428	0	0	0	0	0	0	0	0	0	0	0	0	0	0	0	0	0	0	0	0	0	0	0	0	0	0	0	0	0	0	0	0	0	
1	1	1	930	27.9		300	0	0	-0.0465	-0.0465	0.0558455	0	0	0	-274.277	-274.277	7.33569e-06	0	0	0	14.5382	-1.33166	0	15.8699		300	0.99615	-0.0321802	-0.0321802	0.0413925	0	0	0	0.99615	0	-0.426642	-237.002	0	213.464	213.464	-2.13163e-14	12.4428	0	0	0	0	0	0	0	0	0	0	0	0	0	0	0	0	0	0	0	0	0	0	0	0	0	0	0	0	0	0	0	0	0	
1	1	1	931	27.93		300	0	0	-0.04655	-0.04655	0.0558986	0	0	0	-275.058	-275.058	7.70384e-06	0	0	0	14.5657	-1.30596	0	15.8716		300	0.996289	-0.0321894	-0.0321894	0.0414044	0	0	0	0.996289	0	-0.426642	-237.002	0	213.464	213.464	-2.13163e-14	12.4428	0	0	0	0	0	0	0	0	0	0	0	0	0	0	0	0	0	0	0	0	0	0	0	0	0	0	0	0	0	0	0	0	0	
1	1	1	932	27.96		300	0	0	-0.0466	-0.0466	0.0559515	0	0	0	-275.845	-275.845	8.05593e-06	0	0	0	14.5932	-1.28013	0	15.8734		300	0.996423	-0.0321984	-0.0321984	0.0414158	0	0	0	0.996423	0	-0.426642	-237.002	0	213.464	213.464	-2.13163e-14	12.4428	0	0	0	0	0	0	0	0	0	0	0	0	0	0	0	0	0	0	0	0	0	0	0	0	0	0	0	0	0	0	0	0	0	
1	1	1	933	27.99		300	0	0	-0.04665	-0.04665	0.0560043	0	0	0	-276.636	-276.636	8.39222e-06	0	0	0	14.6209	-1.25416	0	15.875		300	0.996554	-0.032207	-0.032207	0.041427	0	0	0	0.996554	0	-0.426642	-237.002	0	213.464	213.464	-2.13163e-14	12.4428	0	0	0	0	0	0	0	0	0	0	0	0	0	0	0	0	0	0	0	0	0	0	0	0	0	0	0	0	0	0	0	0	0	
1	1	1	934	28.02		300	0	0	-0.0467	-0.0467	0.0560571	0	0	0	-277.433	-277.433	8.71303e-06	0	0	0	14.6486	-1.22807	0	15.8766		300	0.99668	-0.0322155	-0.0322155	0.0414378	0	0	0	0.99668	0	-0.426642	-237.002	0	213.464	213.464	-2.13163e-14	12.4428	0	0	0	0	0	0	0	0	0	0	0	0	0	0	0	0	0	0	0	0	0	0	0	0	0	0	0	0	0	0	0	0	0	
1	1	1	935	28.05		300	0	0	-0.04675	-0.04675	0.0561099	0	0	0	-278.234	-278.234	9.01866e-06	0	0	0	14.6763	-1.20185	0	15.8782		300	0.996803	-0.0322236	-0.0322236	0.0414483	0	0	0	0.996803	0	-0.426642	-237.002	0	213.464	213.464	-2.13163e-14	12.4428	0	0	0	0	0	0	0	0	0	0	0	0	0	0	0	0	0	0	0	0	0	0	0	0	0	0	0	0	0	0	0	0	0	
1	1	1	936	28.08		300	0	0	-0.0468	-0.0468	0.0561625	0	0	0	-279.04	-279.04	9.30947e-06	0	0	0	14.7042	-1.17549	0	15.8797		300	0.996921	-0.0322315	-0.0322315	0.0414585	0	0	0	0.996921	0	-0.426642	-237.002	0	213.464	213.464	-2.13163e-14	12.4428	0	0	0	0	0	0	0	0	0	0	0	0	0	0	0	0	0	0	0	0	0	0	0	0	0	0	0	0	0	0	0	0	0	
1	1	1	937	28.11		300	0	0	-0.04685	-0.04685	0.0562151	0	0	0	-279.851	-279.851	9.58583e-06	0	0	0	14.7321	-1.14901	0	15.8812		300	0.997036	-0.0322392	-0.0322392	0.0414683	0	0	0	0.997036	0	-0.426642	-237.002	0	213.464	213.464	-2.13163e-14	12.4428	0	0	0	0	0	0	0	0	0	0	0	0	0	0	0	0	0	0	0	0	0	0	0	0	0	0	0	0	0	0	0	0	0	
1	1	1	938	28.14		300	0	0	-0.0469	-0.0469	0.0562676	0	0	0	-280.667	-280.667	9.84811e-06	0	0	0	14.7602	-1.1224	0	15.8826		300	0.997147	-0.0322466	-0.0322466	0.0414779	0	0	0	0.997147	0	-0.426642	-237.002	0	213.464	213.464	-2.13163e-14	12.4428	0	0	0	0	0	0	0	0	0	0	0	0	0	0	0	0	0	0	0	0	0	0	0	0	0	0	0	0	0	0	0	0	0	
1	1	1	939	28.17		300	0	0	-0.04695	-0.04695	0.05632	0	0	0	-281.487	-281.487	1.00967e-05	0	0	0	14.7883	-1.09567	0	15.8839		300	0.997254	-0.0322538	-0.0322538	0.0414871	0	0	0	0.997254	0	-0.426642	-237.002	0	213.464	213.464	-2.13163e-14	12.4428	0	0	0	0	0	0	0	0	0	0	0	0	0	0	0	0	0	0	0	0	0	0	0	0	0	0	0	0	0	0	0	0	0	
1	1	1	940	28.2		300	0	0	-0.047	-0.047	0.0563724	0	0	0	-282.312	-282.312	1.03321e-05	0	0	0	14.8165	-1.0688	0	15.8853		300	0.997357	-0.0322607	-0.0322607	0.041496	0	0	0	0.997357	0	-0.426642	-237.002	0	213.464	213.464	-2.13163e-14	12.4428	0	0	0	0	0	0	0	0	0	0	0	0	0	0	0	0	0	0	0	0	0	0	0	0	0	0	0	0	0	0	0	0	0	
1	1	1	941	28.23		300	0	0	-0.04705	-0.04705	0.0564248	0	0	0	-283.141	-283.141	1.05547e-05	0	0	0	14.8447	-1.04181	0	15.8866		300	0.997457	-0.0322674	-0.0322674	0.0415047	0	0	0	0.997457	0	-0.426642	-237.002	0	213.464	213.464	-2.13163e-14	12.4428	0	0	0	0	0	0	0	0	0	0	0	0	0	0	0	0	0	0	0	0	0	0	0	0	0	0	0	0	0	0	0	0	0	
1	1	1	942	28.26		300	0	0	-0.0471	-0.0471	0.056477	0	0	0	-283.974	-283.974	1.07649e-05	0	0	0	14.8731	-1.01469	0	15.8878		300	0.997554	-0.0322739	-0.0322739	0.041513	0	0	0	0.997554	0	-0.426642	-237.002	0	213.464	213.464	-2.13163e-14	12.4428	0	0	0	0	0	0	0	0	0	0	0	0	0	0	0	0	0	0	0	0	0	0	0	0	0	0	0	0	0	0	0	0	0	
1	1	1	943	28.29		300	0	0	-0.04715	-0.04715	0.0565292	0	0	0	-284.811	-284.811	1.09631e-05	0	0	0	14.9015	-0.98745	0	15.889		300	0.997647	-0.0322802	-0.0322802	0.0415211	0	0	0	0.997647	0	-0.426642	-237.002	0	213.464	213.464	-2.13163e-14	12.4428	0	0	0	0	0	0	0	0	0	0	0	0	0	0	0	0	0	0	0	0	0	0	0	0	0	0	0	0	0	0	0	0	0	
1	1	1	944	28.32		300	0	0	-0.0472	-0.0472	0.0565814	0	0	0	-285.653	-285.653	1.11499e-05	0	0	0	14.9301	-0.960082	0	15.8901		300	0.997737	-0.0322863	-0.0322863	0.0415289	0	0	0	0.997737	0	-0.426642	-237.002	0	213.464	213.464	-2.13163e-14	12.4428	0	0	0	0	0	0	0	0	0	0	0	0	0	0	0	0	0	0	0	0	0	0	0	0	0	0	0	0	0	0	0	0	0	
1	1	1	945	28.35		300	0	0	-0.04725	-0.04725	0.0566334	0	0	0	-286.498	-286.498	1.13257e-05	0	0	0	14.9587	-0.93259	0	15.8913		300	0.997823	-0.0322921	-0.0322921	0.0415364	0	0	0	0.997823	0	-0.426642	-237.002	0	213.464	213.464	-2.13163e-14	12.4428	0	0	0	0	0	0	0	0	0	0	0	0	0	0	0	0	0	0	0	0	0	0	0	0	0	0	0	0	0	0	0	0	0	
1	1	1	946	28.38		300	0	0	-0.0473	-0.0473	0.0566855	0	0	0	-287.348	-287.348	1.14909e-05	0	0	0	14.9874	-0.904974	0	15.8923		300	0.997907	-0.0322978	-0.0322978	0.0415437	0	0	0	0.997907	0	-0.426642	-237.002	0	213.464	213.464	-2.13163e-14	12.4428	0	0	0	0	0	0	0	0	0	0	0	0	0	0	0	0	0	0	0	0	0	0	0	0	0	0	0	0	0	0	0	0	0	
1	1	1	947	28.41		300	0	0	-0.04735	-0.04735	0.0567374	0	0	0	-288.201	-288.201	1.1646e-05	0	0	0	15.0161	-0.877235	0	15.8934		300	0.997987	-0.0323032	-0.0323032	0.0415507	0	0	0	0.997987	0	-0.426642	-237.002	0	213.464	213.464	-2.13163e-14	12.4428	0	0	0	0	0	0	0	0	0	0	0	0	0	0	0	0	0	0	0	0	0	0	0	0	0	0	0	0	0	0	0	0	0	
1	1	1	948	28.44		300	0	0	-0.0474	-0.0474	0.0567894	0	0	0	-289.058	-289.058	1.17915e-05	0	0	0	15.045	-0.849374	0	15.8944		300	0.998065	-0.0323085	-0.0323085	0.0415574	0	0	0	0.998065	0	-0.426642	-237.002	0	213.464	213.464	-2.13163e-14	12.4428	0	0	0	0	0	0	0	0	0	0	0	0	0	0	0	0	0	0	0	0	0	0	0	0	0	0	0	0	0	0	0	0	0	
1	1	1	949	28.47		300	0	0	-0.04745	-0.04745	0.0568412	0	0	0	-289.919	-289.919	1.19277e-05	0	0	0	15.074	-0.82139	0	15.8953		300	0.998139	-0.0323136	-0.0323136	0.0415639	0	0	0	0.998139	0	-0.426642	-237.002	0	213.464	213.464	-2.13163e-14	12.4428	0	0	0	0	0	0	0	0	0	0	0	0	0	0	0	0	0	0	0	0	0	0	0	0	0	0	0	0	0	0	0	0	0	
1	1	1	950	28.5		300	0	0	-0.0475	-0.0475	0.056893	0	0	0	-290.783	-290.783	1.20552e-05	0	0	0	15.103	-0.793286	0	15.8963		300	0.998211	-0.0323184	-0.0323184	0.0415702	0	0	0	0.998211	0	-0.426642	-237.002	0	213.464	213.464	-2.13163e-14	12.4428	0	0	0	0	0	0	0	0	0	0	0	0	0	0	0	0	0	0	0	0	0	0	0	0	0	0	0	0	0	0	0	0	0	
1	1	1	951	28.53		300	0	0	-0.04755	-0.04755	0.0569448	0	0	0	-291.651	-291.651	1.21744e-05	0	0	0	15.1321	-0.765061	0	15.8972		300	0.99828	-0.0323232	-0.0323232	0.0415763	0	0	0	0.99828	0	-0.426642	-237.002	0	213.464	213.464	-2.13163e-14	12.4428	0	0	0	0	0	0	0	0	0	0	0	0	0	0	0	0	0	0	0	0	0	0	0	0	0	0	0	0	0	0	0	0	0	
1	1	1	952	28.56		300	0	0	-0.0476	-0.0476	0.0569917	0	0	0	-291.977	-291.977	1.28645e-05	0	0	0	15.1613	-0.754444	0	15.9157		300	0.998305	-0.0323561	-0.0323561	0.041606	0	0	0	0.99902	0.000715214	-0.426642	-237.002	0	213.464	213.464	-2.13163e-14	12.4428	0	0	0	0	0	0	0	0	0	0	0	0	0	0	0	0	0	0	0	0	0	0	0	0	0	0	0	0	0	0	0	0	0	
1	1	1	953	28.59		300	0	0	-0.04765	-0.04765	0.0570369	0	0	0	-292.102	-292.102	1.21952e-05	0	0	0	15.1905	-0.750354	0	15.9408		300	0.998314	-0.0323996	-0.0323996	0.0416446	0	0	0	1.00001	0.00169424	-0.426642	-237.002	0	213.464	213.464	-2.13163e-14	12.4428	0	0	0	0	0	0	0	0	0	0	0	0	0	0	0	0	0	0	0	0	0	0	0	0	0	0	0	0	0	0	0	0	0	
1	1	1	954	28.62		300	0	0	-0.0477	-0.0477	0.057082	0	0	0	-292.228	-292.228	1.15128e-05	0	0	0	15.2197	-0.746257	0	15.966		300	0.998324	-0.032443	-0.032443	0.0416831	0	0	0	1.001	0.0026734	-0.426642	-237.002	0	213.464	213.464	-2.13163e-14	12.4428	0	0	0	0	0	0	0	0	0	0	0	0	0	0	0	0	0	0	0	0	0	0	0	0	0	0	0	0	0	0	0	0	0	
1	1	1	955	28.65		300	0	0	-0.04775	-0.04775	0.0571271	0	0	0	-292.354	-292.354	1.08169e-05	0	0	0	15.2489	-0.742154	0	15.9911		300	0.998334	-0.0324864	-0.0324864	0.0417215	0	0	0	1.00199	0.00365269	-0.426642	-237.002	0	213.464	213.464	-2.13163e-14	12.4428	0	0	0	0	0	0	0	0	0	0	0	0	0	0	0	0	0	0	0	0	0	0	0	0	0	0	0	0	0	0	0	0	0	
1	1	1	956	28.68		300	0	0	-0.0478	-0.0478	0.0571722	0	0	0	-292.481	-292.481	1.01074e-05	0	0	0	15.2782	-0.738045	0	16.0162		300	0.998343	-0.0325298	-0.0325298	0.04176	0	0	0	1.00298	0.00463211	-0.426642	-237.002	0	213.464	213.464	-2.13163e-14	12.4428	0	0	0	0	0	0	0	0	0	0	0	0	0	0	0	0	0	0	0	0	0	0	0	0	0	0	0	0	0	0	0	0	0	
1	1	1	957	28.71		300	0	0	-0.04785	-0.04785	0.0572173	0	0	0	-292.607	-292.607	9.38381e-06	0	0	0	15.3074	-0.733929	0	16.0414		300	0.998352	-0.0325732	-0.0325732	0.0417984	0	0	0	1.00396	0.00561166	-0.426642	-237.002	0	213.464	213.464	-2.13163e-14	12.4428	0	0	0	0	0	0	0	0	0	0	0	0	0	0	0	0	0	0	0	0	0	0	0	0	0	0	0	0	0	0	0	0	0	
1	1	1	958	28.74		300	0	0	-0.0479	-0.0479	0.0572623	0	0	0	-292.734	-292.734	8.64584e-06	0	0	0	15.3367	-0.729806	0	16.0665		300	0.998362	-0.0326166	-0.0326166	0.0418367	0	0	0	1.00495	0.00659133	-0.426642	-237.002	0	213.464	213.464	-2.13163e-14	12.4428	0	0	0	0	0	0	0	0	0	0	0	0	0	0	0	0	0	0	0	0	0	0	0	0	0	0	0	0	0	0	0	0	0	
1	1	1	959	28.77		300	0	0	-0.04795	-0.04795	0.0573074	0	0	0	-292.861	-292.861	7.89313e-06	0	0	0	15.366	-0.725676	0	16.0917		300	0.998371	-0.03266	-0.03266	0.0418751	0	0	0	1.00594	0.00757113	-0.426642	-237.002	0	213.464	213.464	-2.13163e-14	12.4428	0	0	0	0	0	0	0	0	0	0	0	0	0	0	0	0	0	0	0	0	0	0	0	0	0	0	0	0	0	0	0	0	0	
1	1	1	960	28.8		300	0	0	-0.048	-0.048	0.0573524	0	0	0	-292.988	-292.988	7.12535e-06	0	0	0	15.3953	-0.72154	0	16.1168		300	0.99838	-0.0327033	-0.0327033	0.0419134	0	0	0	1.00693	0.00855104	-0.426642	-237.002	0	213.464	213.464	-2.13163e-14	12.4428	0	0	0	0	0	0	0	0	0	0	0	0	0	0	0	0	0	0	0	0	0	0	0	0	0	0	0	0	0	0	0	0	0	
1	1	1	961	28.83		300	0	0	-0.04805	-0.04805	0.0573973	0	0	0	-293.115	-293.115	6.34211e-06	0	0	0	15.4246	-0.717397	0	16.142		300	0.99839	-0.0327467	-0.0327467	0.0419516	0	0	0	1.00792	0.00953108	-0.426642	-237.002	0	213.464	213.464	-2.13163e-14	12.4428	0	0	0	0	0	0	0	0	0	0	0	0	0	0	0	0	0	0	0	0	0	0	0	0	0	0	0	0	0	0	0	0	0	
1	1	1	962	28.86		300	0	0	-0.0481	-0.0481	0.0574423	0	0	0	-293.242	-293.242	5.54305e-06	0	0	0	15.4539	-0.713247	0	16.1671		300	0.998399	-0.0327901	-0.0327901	0.0419899	0	0	0	1.00891	0.0105112	-0.426642	-237.002	0	213.464	213.464	-2.13163e-14	12.4428	0	0	0	0	0	0	0	0	0	0	0	0	0	0	0	0	0	0	0	0	0	0	0	0	0	0	0	0	0	0	0	0	0	
1	1	1	963	28.89		300	0	0	-0.04815	-0.04815	0.0574872	0	0	0	-293.37	-293.37	4.72778e-06	0	0	0	15.4832	-0.70909	0	16.1923		300	0.998408	-0.0328334	-0.0328334	0.0420281	0	0	0	1.0099	0.0114915	-0.426642	-237.002	0	213.464	213.464	-2.13163e-14	12.4428	0	0	0	0	0	0	0	0	0	0	0	0	0	0	0	0	0	0	0	0	0	0	0	0	0	0	0	0	0	0	0	0	0	
1	1	1	964	28.92		300	0	0	-0.0482	-0.0482	0.0575321	0	0	0	-293.498	-293.498	3.89591e-06	0	0	0	15.5126	-0.704927	0	16.2175		300	0.998417	-0.0328767	-0.0328767	0.0420662	0	0	0	1.01089	0.0124719	-0.426642	-237.002	0	213.464	213.464	-2.13163e-14	12.4428	0	0	0	0	0	0	0	0	0	0	0	0	0	0	0	0	0	0	0	0	0	0	0	0	0	0	0	0	0	0	0	0	0	
1	1	1	965	28.95		300	0	0	-0.04825	-0.04825	0.057577	0	0	0	-293.626	-293.626	3.04704e-06	0	0	0	15.5419	-0.700756	0	16.2427		300	0.998426	-0.03292	-0.03292	0.0421043	0	0	0	1.01188	0.0134523	-0.426642	-237.002	0	213.464	213.464	-2.13163e-14	12.4428	0	0	0	0	0	0	0	0	0	0	0	0	0	0	0	0	0	0	0	0	0	0	0	0	0	0	0	0	0	0	0	0	0	
1	1	1	966	28.98		300	0	0	-0.0483	-0.0483	0.0576218	0	0	0	-293.754	-293.754	2.18074e-06	0	0	0	15.5713	-0.696578	0	16.2679		300	0.998435	-0.0329633	-0.0329633	0.0421424	0	0	0	1.01287	0.0144329	-0.426642	-237.002	0	213.464	213.464	-2.13163e-14	12.4428	0	0	0	0	0	0	0	0	0	0	0	0	0	0	0	0	0	0	0	0	0	0	0	0	0	0	0	0	0	0	0	0	0	
1	1	1	967	29.01		300	0	0	-0.04835	-0.04835	0.0576666	0	0	0	-293.882	-293.882	1.29659e-06	0	0	0	15.6007	-0.692394	0	16.2931		300	0.998444	-0.0330066	-0.0330066	0.0421805	0	0	0	1.01386	0.0154136	-0.426642	-237.002	0	213.464	213.464	-2.13163e-14	12.4428	0	0	0	0	0	0	0	0	0	0	0	0	0	0	0	0	0	0	0	0	0	0	0	0	0	0	0	0	0	0	0	0	0	
1	1	1	968	29.04		300	0	0	-0.0484	-0.0484	0.0577114	0	0	0	-294.011	-294.011	3.94148e-07	0	0	0	15.6301	-0.688202	0	16.3183		300	0.998453	-0.0330499	-0.0330499	0.0422185	0	0	0	1.01485	0.0163944	-0.426642	-237.002	0	213.464	213.464	-2.13163e-14	12.4428	0	0	0	0	0	0	0	0	0	0	0	0	0	0	0	0	0	0	0	0	0	0	0	0	0	0	0	0	0	0	0	0	0	
1	1	1	969	29.07		300	0	0	-0.04845	-0.04845	0.0577562	0	0	0	-294.14	-294.14	-5.27028e-07	0	0	0	15.6595	-0.684003	0	16.3435		300	0.998462	-0.0330932	-0.0330932	0.0422565	0	0	0	1.01584	0.0173753	-0.426642	-237.002	0	213.464	213.464	-2.13163e-14	12.4428	0	0	0	0	0	0	0	0	0	0	0	0	0	0	0	0	0	0	0	0	0	0	0	0	0	0	0	0	0	0	0	0	0	
1	1	1	970	29.1		300	0	0	-0.0485	-0.0485	0.057801	0	0	0	-294.269	-294.269	-1.46741e-06	0	0	0	15.6889	-0.679796	0	16.3687		300	0.998471	-0.0331364	-0.0331364	0.0422945	0	0	0	1.01683	0.0183563	-0.426642	-237.002	0	213.464	213.464	-2.13163e-14	12.4428	0	0	0	0	0	0	0	0	0	0	0	0	0	0	0	0	0	0	0	0	0	0	0	0	0	0	0	0	0	0	0	0	0	
1	1	1	971	29.13		300	0	0	-0.04855	-0.04855	0.0578457	0	0	0	-294.398	-294.398	-2.42746e-06	0	0	0	15.7183	-0.675583	0	16.3939		300	0.99848	-0.0331797	-0.0331797	0.0423324	0	0	0	1.01782	0.0193374	-0.426642	-237.002	0	213.464	213.464	-2.13163e-14	12.4428	0	0	0	0	0	0	0	0	0	0	0	0	0	0	0	0	0	0	0	0	0	0	0	0	0	0	0	0	0	0	0	0	0	
1	1	1	972	29.16		300	0	0	-0.0486	-0.0486	0.0578904	0	0	0	-294.528	-294.528	-3.40768e-06	0	0	0	15.7478	-0.671362	0	16.4191		300	0.998488	-0.0332229	-0.0332229	0.0423703	0	0	0	1.01881	0.0203186	-0.426642	-237.002	0	213.464	213.464	-2.13163e-14	12.4428	0	0	0	0	0	0	0	0	0	0	0	0	0	0	0	0	0	0	0	0	0	0	0	0	0	0	0	0	0	0	0	0	0	
1	1	1	973	29.19		300	0	0	-0.04865	-0.04865	0.0579351	0	0	0	-294.657	-294.657	-3.43032e-06	0	0	0	15.7772	-0.667133	0	16.4444		300	0.998497	-0.0332662	-0.0332662	0.0424081	0	0	0	1.0198	0.0212999	-0.426642	-237.002	0	213.464	213.464	-2.13163e-14	12.4428	0	0	0	0	0	0	0	0	0	0	0	0	0	0	0	0	0	0	0	0	0	0	0	0	0	0	0	0	0	0	0	0	0	
1	1	1	974	29.22		300	0	0	-0.0487	-0.0487	0.0579797	0	0	0	-294.787	-294.787	-3.45355e-06	0	0	0	15.8067	-0.662897	0	16.4696		300	0.998506	-0.0333094	-0.0333094	0.0424459	0	0	0	1.02079	0.0222812	-0.426642	-237.002	0	213.464	213.464	-2.13163e-14	12.4428	0	0	0	0	0	0	0	0	0	0	0	0	0	0	0	0	0	0	0	0	0	0	0	0	0	0	0	0	0	0	0	0	0	
1	1	1	975	29.25		300	0	0	-0.04875	-0.04875	0.0580244	0	0	0	-294.918	-294.918	-3.4774e-06	0	0	0	15.8362	-0.658654	0	16.4949		300	0.998514	-0.0333526	-0.0333526	0.0424837	0	0	0	1.02178	0.0232627	-0.426642	-237.002	0	213.464	213.464	-2.13163e-14	12.4428	0	0	0	0	0	0	0	0	0	0	0	0	0	0	0	0	0	0	0	0	0	0	0	0	0	0	0	0	0	0	0	0	0	
1	1	1	976	29.28		300	0	0	-0.0488	-0.0488	0.058069	0	0	0	-295.048	-295.048	-3.50187e-06	0	0	0	15.8657	-0.654403	0	16.5201		300	0.998523	-0.0333958	-0.0333958	0.0425214	0	0	0	1.02277	0.0242442	-0.426642	-237.002	0	213.464	213.464	-2.13163e-14	12.4428	0	0	0	0	0	0	0	0	0	0	0	0	0	0	0	0	0	0	0	0	0	0	0	0	0	0	0	0	0	0	0	0	0	
1	1	1	977	29.31		300	0	0	-0.04885	-0.04885	0.0581136	0	0	0	-295.179	-295.179	-3.52699e-06	0	0	0	15.8952	-0.650144	0	16.5454		300	0.998532	-0.033439	-0.033439	0.0425592	0	0	0	1.02376	0.0252258	-0.426642	-237.002	0	213.464	213.464	-2.13163e-14	12.4428	0	0	0	0	0	0	0	0	0	0	0	0	0	0	0	0	0	0	0	0	0	0	0	0	0	0	0	0	0	0	0	0	0	
1	1	1	978	29.34		300	0	0	-0.0489	-0.0489	0.0581582	0	0	0	-295.309	-295.309	-3.55278e-06	0	0	0	15.9247	-0.645878	0	16.5706		300	0.99854	-0.0334821	-0.0334821	0.0425968	0	0	0	1.02475	0.0262075	-0.426642	-237.002	0	213.464	213.464	-2.13163e-14	12.4428	0	0	0	0	0	0	0	0	0	0	0	0	0	0	0	0	0	0	0	0	0	0	0	0	0	0	0	0	0	0	0	0	0	
1	1	1	979	29.37		300	0	0	-0.04895	-0.04895	0.0582027	0	0	0	-295.44	-295.44	-3.57925e-06	0	0	0	15.9543	-0.641604	0	16.5959		300	0.998549	-0.0335253	-0.0335253	0.0426345	0	0	0	1.02574	0.0271893	-0.426642	-237.002	0	213.464	213.464	-2.13163e-14	12.4428	0	0	0	0	0	0	0	0	0	0	0	0	0	0	0	0	0	0	0	0	0	0	0	0	0	0	0	0	0	0	0	0	0	
1	1	1	980	29.4		300	0	0	-0.049	-0.049	0.0582472	0	0	0	-295.572	-295.572	-3.60644e-06	0	0	0	15.9838	-0.637322	0	16.6211		300	0.998557	-0.0335684	-0.0335684	0.0426721	0	0	0	1.02673	0.0281711	-0.426642	-237.002	0	213.464	213.464	-2.13163e-14	12.4428	0	0	0	0	0	0	0	0	0	0	0	0	0	0	0	0	0	0	0	0	0	0	0	0	0	0	0	0	0	0	0	0	0	
1	1	1	981	29.43		300	0	0	-0.04905	-0.04905	0.0582917	0	0	0	-295.703	-295.703	-3.63435e-06	0	0	0	16.0134	-0.633032	0	16.6464		300	0.998565	-0.0336116	-0.0336116	0.0427096	0	0	0	1.02772	0.029153	-0.426642	-237.002	0	213.464	213.464	-2.13163e-14	12.4428	0	0	0	0	0	0	0	0	0	0	0	0	0	0	0	0	0	0	0	0	0	0	0	0	0	0	0	0	0	0	0	0	0	
1	1	1	982	29.46		300	0	0	-0.0491	-0.0491	0.0583362	0	0	0	-295.835	-295.835	-3.66301e-06	0	0	0	16.043	-0.628734	0	16.6717		300	0.998574	-0.0336547	-0.0336547	0.0427472	0	0	0	1.02871	0.030135	-0.426642	-237.002	0	213.464	213.464	-2.13163e-14	12.4428	0	0	0	0	0	0	0	0	0	0	0	0	0	0	0	0	0	0	0	0	0	0	0	0	0	0	0	0	0	0	0	0	0	
1	1	1	983	29.49		300	0	0	-0.04915	-0.04915	0.0583806	0	0	0	-295.967	-295.967	-3.69246e-06	0	0	0	16.0726	-0.624428	0	16.697		300	0.998582	-0.0336978	-0.0336978	0.0427847	0	0	0	1.0297	0.031117	-0.426642	-237.002	0	213.464	213.464	-2.13163e-14	12.4428	0	0	0	0	0	0	0	0	0	0	0	0	0	0	0	0	0	0	0	0	0	0	0	0	0	0	0	0	0	0	0	0	0	
1	1	1	984	29.52		300	0	0	-0.0492	-0.0492	0.0584251	0	0	0	-296.099	-296.099	-3.7227e-06	0	0	0	16.1022	-0.620114	0	16.7223		300	0.99859	-0.0337409	-0.0337409	0.0428221	0	0	0	1.03069	0.0320991	-0.426642	-237.002	0	213.464	213.464	-2.13163e-14	12.4428	0	0	0	0	0	0	0	0	0	0	0	0	0	0	0	0	0	0	0	0	0	0	0	0	0	0	0	0	0	0	0	0	0	
1	1	1	985	29.55		300	0	0	-0.04925	-0.04925	0.0584695	0	0	0	-296.231	-296.231	-3.75376e-06	0	0	0	16.1318	-0.615793	0	16.7476		300	0.998599	-0.033784	-0.033784	0.0428595	0	0	0	1.03168	0.0330813	-0.426642	-237.002	0	213.464	213.464	-2.13163e-14	12.4428	0	0	0	0	0	0	0	0	0	0	0	0	0	0	0	0	0	0	0	0	0	0	0	0	0	0	0	0	0	0	0	0	0	
1	1	1	986	29.58		300	0	0	-0.0493	-0.0493	0.0585138	0	0	0	-296.364	-296.364	-3.78567e-06	0	0	0	16.1614	-0.611462	0	16.7729		300	0.998607	-0.0338271	-0.0338271	0.0428969	0	0	0	1.03267	0.0340635	-0.426642	-237.002	0	213.464	213.464	-2.13163e-14	12.4428	0	0	0	0	0	0	0	0	0	0	0	0	0	0	0	0	0	0	0	0	0	0	0	0	0	0	0	0	0	0	0	0	0	
1	1	1	987	29.61		300	0	0	-0.04935	-0.04935	0.0585582	0	0	0	-296.497	-296.497	-3.81846e-06	0	0	0	16.191	-0.607124	0	16.7982		300	0.998615	-0.0338701	-0.0338701	0.0429343	0	0	0	1.03366	0.0350458	-0.426642	-237.002	0	213.464	213.464	-2.13163e-14	12.4428	0	0	0	0	0	0	0	0	0	0	0	0	0	0	0	0	0	0	0	0	0	0	0	0	0	0	0	0	0	0	0	0	0	
1	1	1	988	29.64		300	0	0	-0.0494	-0.0494	0.0586025	0	0	0	-296.63	-296.63	-3.85216e-06	0	0	0	16.2207	-0.602777	0	16.8235		300	0.998623	-0.0339132	-0.0339132	0.0429716	0	0	0	1.03465	0.0360281	-0.426642	-237.002	0	213.464	213.464	-2.13163e-14	12.4428	0	0	0	0	0	0	0	0	0	0	0	0	0	0	0	0	0	0	0	0	0	0	0	0	0	0	0	0	0	0	0	0	0	
1	1	1	989	29.67		300	0	0	-0.04945	-0.04945	0.0586468	0	0	0	-296.763	-296.763	-3.88678e-06	0	0	0	16.2504	-0.598422	0	16.8488		300	0.998631	-0.0339562	-0.0339562	0.0430089	0	0	0	1.03564	0.0370105	-0.426642	-237.002	0	213.464	213.464	-2.13163e-14	12.4428	0	0	0	0	0	0	0	0	0	0	0	0	0	0	0	0	0	0	0	0	0	0	0	0	0	0	0	0	0	0	0	0	0	
1	1	1	990	29.7		300	0	0	-0.0495	-0.0495	0.0586911	0	0	0	-296.897	-296.897	-3.92236e-06	0	0	0	16.2801	-0.594059	0	16.8741		300	0.998639	-0.0339992	-0.0339992	0.0430461	0	0	0	1.03663	0.0379929	-0.426642	-237.002	0	213.464	213.464	-2.13163e-14	12.4428	0	0	0	0	0	0	0	0	0	0	0	0	0	0	0	0	0	0	0	0	0	0	0	0	0	0	0	0	0	0	0	0	0	
1	1	1	991	29.73		300	0	0	-0.04955	-0.04955	0.0587354	0	0	0	-297.031	-297.031	-3.95894e-06	0	0	0	16.3097	-0.589686	0	16.8994		300	0.998647	-0.0340423	-0.0340423	0.0430834	0	0	0	1.03762	0.0389753	-0.426642	-237.002	0	213.464	213.464	-2.13163e-14	12.4428	0	0	0	0	0	0	0	0	0	0	0	0	0	0	0	0	0	0	0	0	0	0	0	0	0	0	0	0	0	0	0	0	0	
1	1	1	992	29.76		300	0	0	-0.0496	-0.0496	0.0587796	0	0	0	-297.165	-297.165	-3.99653e-06	0	0	0	16.3395	-0.585306	0	16.9248		300	0.998655	-0.0340853	-0.0340853	0.0431205	0	0	0	1.03861	0.0399578	-0.426642	-237.002	0	213.464	213.464	-2.13163e-14	12.4428	0	0	0	0	0	0	0	0	0	0	0	0	0	0	0	0	0	0	0	0	0	0	0	0	0	0	0	0	0	0	0	0	0	
1	1	1	993	29.79		300	0	0	-0.04965	-0.04965	0.0588239	0	0	0	-297.299	-297.299	-4.03518e-06	0	0	0	16.3692	-0.580916	0	16.9501		300	0.998663	-0.0341282	-0.0341282	0.0431577	0	0	0	1.0396	0.0409403	-0.426642	-237.002	0	213.464	213.464	-2.13163e-14	12.4428	0	0	0	0	0	0	0	0	0	0	0	0	0	0	0	0	0	0	0	0	0	0	0	0	0	0	0	0	0	0	0	0	0	
1	1	1	994	29.82		300	0	0	-0.0497	-0.0497	0.0588681	0	0	0	-297.434	-297.434	-4.07492e-06	0	0	0	16.3989	-0.576518	0	16.9754		300	0.998671	-0.0341712	-0.0341712	0.0431948	0	0	0	1.04059	0.0419229	-0.426642	-237.002	0	213.464	213.464	-2.13163e-14	12.4428	0	0	0	0	0	0	0	0	0	0	0	0	0	0	0	0	0	0	0	0	0	0	0	0	0	0	0	0	0	0	0	0	0	
1	1	1	995	29.85		300	0	0	-0.04975	-0.04975	0.0589122	0	0	0	-297.569	-297.569	-4.11577e-06	0	0	0	16.4287	-0.572112	0	17.0008		300	0.998679	-0.0342142	-0.0342142	0.0432318	0	0	0	1.04158	0.0429055	-0.426642	-237.002	0	213.464	213.464	-2.13163e-14	12.4428	0	0	0	0	0	0	0	0	0	0	0	0	0	0	0	0	0	0	0	0	0	0	0	0	0	0	0	0	0	0	0	0	0	
1	1	1	996	29.88		300	0	0	-0.0498	-0.0498	0.0589564	0	0	0	-297.704	-297.704	-4.15779e-06	0	0	0	16.4584	-0.567696	0	17.0261		300	0.998687	-0.0342571	-0.0342571	0.0432689	0	0	0	1.04257	0.0438881	-0.426642	-237.002	0	213.464	213.464	-2.13163e-14	12.4428	0	0	0	0	0	0	0	0	0	0	0	0	0	0	0	0	0	0	0	0	0	0	0	0	0	0	0	0	0	0	0	0	0	
1	1	1	997	29.91		300	0	0	-0.04985	-0.04985	0.0590005	0	0	0	-297.839	-297.839	-4.20099e-06	0	0	0	16.4882	-0.563271	0	17.0515		300	0.998694	-0.0343001	-0.0343001	0.0433059	0	0	0	1.04357	0.0448708	-0.426642	-237.002	0	213.464	213.464	-2.13163e-14	12.4428	0	0	0	0	0	0	0	0	0	0	0	0	0	0	0	0	0	0	0	0	0	0	0	0	0	0	0	0	0	0	0	0	0	
1	1	1	998	29.94		300	0	0	-0.0499	-0.0499	0.0590446	0	0	0	-297.975	-297.975	-4.24543e-06	0	0	0	16.518	-0.558838	0	17.0768		300	0.998702	-0.034343	-0.034343	0.0433428	0	0	0	1.04456	0.0458534	-0.426642	-237.002	0	213.464	213.464	-2.13163e-14	12.4428	0	0	0	0	0	0	0	0	0	0	0	0	0	0	0	0	0	0	0	0	0	0	0	0	0	0	0	0	0	0	0	0	0	
1	1	1	999	29.97		300	0	0	-0.04995	-0.04995	0.0590887	0	0	0	-298.11	-298.11	-4.29114e-06	0	0	0	16.5478	-0.554395	0	17.1022		300	0.99871	-0.0343859	-0.0343859	0.0433798	0	0	0	1.04555	0.0468361	-0.426642	-237.002	0	213.464	213.464	-2.13163e-14	12.4428	0	0	0	0	0	0	0	0	0	0	0	0	0	0	0	0	0	0	0	0	0	0	0	0	0	0	0	0	0	0	0	0	0	
1	1	1	1000	30		300	0	0	-0.05	-0.05	0.0591328	0	0	0	-298.247	-298.247	-4.33816e-06	0	0	0	16.5776	-0.549943	0	17.1276		300	0.998717	-0.0344288	-0.0344288	0.0434166	0	0	0	1.04654	0.0478188	-0.426642	-237.002	0	213.464	213.464	-2.13163e-14	12.4428	0	0	0	0	0	0	0	0	0	0	0	0	0	0	0	0	0	0	0	0	0	0	0	0	0	0	0	0	0	0	0	0	0	
