1	1	1	1	0.03		300	0	0	5e-05	5e-05	-5.04652e-05	0	0	0	0.957685	0.957685	-5.38249e-17	0	0	0	4.78843e-05	-4.91658	0	4.91663		300	0.117647	0	0	0	0	0	0	0.117647	0	-0.426642	-237.002	0	213.464	213.464	-2.13163e-14	12.4428	0	0	0	0	0	0	0	0	0	0	0	0	0	0	0	0	0	0	0	0	0	0	0	0	0	0	0	0	0	0	0	0	0	
1	1	1	2	0.06		300	0	0	0.0001	0.0001	-0.00010093	0	0	0	1.91537	1.91537	-1.0765e-16	0	0	0	0.000191537	-4.91644	0	4.91663		300	0.117647	0	0	0	0	0	0	0.117647	0	-0.426642	-237.002	0	213.464	213.464	-2.13163e-14	12.4428	0	0	0	0	0	0	0	0	0	0	0	0	0	0	0	0	0	0	0	0	0	0	0	0	0	0	0	0	0	0	0	0	0	
1	1	1	3	0.09		300	0	0	0.00015	0.00015	-0.000151396	0	0	0	2.87306	2.87306	-1.80855e-16	0	0	0	0.000430958	-4.9162	0	4.91663		300	0.117647	0	0	0	0	0	0	0.117647	0	-0.426642	-237.002	0	213.464	213.464	-2.13163e-14	12.4428	0	0	0	0	0	0	0	0	0	0	0	0	0	0	0	0	0	0	0	0	0	0	0	0	0	0	0	0	0	0	0	0	0	
1	1	1	4	0.12		300	0	0	0.0002	0.0002	-0.000201861	0	0	0	3.83074	3.83074	-2.153e-16	0	0	0	0.000766148	-4.91587	0	4.91663		300	0.117647	0	0	0	0	0	0	0.117647	0	-0.426642	-237.002	0	213.464	213.464	-2.13163e-14	12.4428	0	0	0	0	0	0	0	0	0	0	0	0	0	0	0	0	0	0	0	0	0	0	0	0	0	0	0	0	0	0	0	0	0	
1	1	1	5	0.15		300	0	0	0.00025	0.00025	-0.000252326	0	0	0	4.78843	4.78843	-3.27266e-16	0	0	0	0.00119711	-4.91543	0	4.91663		300	0.117647	0	0	0	0	0	0	0.117647	0	-0.426642	-237.002	0	213.464	213.464	-2.13163e-14	12.4428	0	0	0	0	0	0	0	0	0	0	0	0	0	0	0	0	0	0	0	0	0	0	0	0	0	0	0	0	0	0	0	0	0	
1	1	1	6	0.18		300	0	0	0.0003	0.0003	-0.000302791	0	0	0	5.74611	5.74611	-3.61711e-16	0	0	0	0.00172383	-4.91491	0	4.91663		300	0.117647	0	0	0	0	0	0	0.117647	0	-0.426642	-237.002	0	213.464	213.464	-2.13163e-14	12.4428	0	0	0	0	0	0	0	0	0	0	0	0	0	0	0	0	0	0	0	0	0	0	0	0	0	0	0	0	0	0	0	0	0	
1	1	1	7	0.21		300	0	0	0.00035	0.00035	-0.000353257	0	0	0	6.7038	6.7038	4.92023e-16	0	0	0	0.00234633	-4.91429	0	4.91663		300	0.117647	0	0	0	0	0	0	0.117647	0	-0.426642	-237.002	0	213.464	213.464	-2.13163e-14	12.4428	0	0	0	0	0	0	0	0	0	0	0	0	0	0	0	0	0	0	0	0	0	0	0	0	0	0	0	0	0	0	0	0	0	
1	1	1	8	0.24		300	0	0	0.0004	0.0004	-0.000403722	0	0	0	7.66148	7.66148	1.34576e-15	0	0	0	0.00306459	-4.91357	0	4.91663		300	0.117647	0	0	0	0	0	0	0.117647	0	-0.426642	-237.002	0	213.464	213.464	-2.13163e-14	12.4428	0	0	0	0	0	0	0	0	0	0	0	0	0	0	0	0	0	0	0	0	0	0	0	0	0	0	0	0	0	0	0	0	0	
1	1	1	9	0.27		300	0	0	0.00045	0.00045	-0.000454187	0	0	0	8.61917	8.61917	2.19949e-15	0	0	0	0.00387863	-4.91275	0	4.91663		300	0.117647	0	0	0	0	0	0	0.117647	0	-0.426642	-237.002	0	213.464	213.464	-2.13163e-14	12.4428	0	0	0	0	0	0	0	0	0	0	0	0	0	0	0	0	0	0	0	0	0	0	0	0	0	0	0	0	0	0	0	0	0	
1	1	1	10	0.3		300	0	0	0.0005	0.0005	-0.000504652	0	0	0	9.57685	9.57685	1.12182e-15	0	0	0	0.00478843	-4.91184	0	4.91663		300	0.117647	0	0	0	0	0	0	0.117647	0	-0.426642	-237.002	0	213.464	213.464	-2.13163e-14	12.4428	0	0	0	0	0	0	0	0	0	0	0	0	0	0	0	0	0	0	0	0	0	0	0	0	0	0	0	0	0	0	0	0	0	
1	1	1	11	0.33		300	0	0	0.00055	0.00055	-0.000555118	0	0	0	10.5345	10.5345	4.41563e-17	0	0	0	0.005794	-4.91084	0	4.91663		300	0.117647	0	0	0	0	0	0	0.117647	0	-0.426642	-237.002	0	213.464	213.464	-2.13163e-14	12.4428	0	0	0	0	0	0	0	0	0	0	0	0	0	0	0	0	0	0	0	0	0	0	0	0	0	0	0	0	0	0	0	0	0	
1	1	1	12	0.36		300	0	0	0.0006	0.0006	-0.000605583	0	0	0	11.4922	11.4922	7.42846e-16	0	0	0	0.00689533	-4.90974	0	4.91663		300	0.117647	0	0	0	0	0	0	0.117647	0	-0.426642	-237.002	0	213.464	213.464	-2.13163e-14	12.4428	0	0	0	0	0	0	0	0	0	0	0	0	0	0	0	0	0	0	0	0	0	0	0	0	0	0	0	0	0	0	0	0	0	
1	1	1	13	0.39		300	0	0	0.00065	0.00065	-0.000656048	0	0	0	12.4499	12.4499	-3.34822e-16	0	0	0	0.00809244	-4.90854	0	4.91663		300	0.117647	0	0	0	0	0	0	0.117647	0	-0.426642	-237.002	0	213.464	213.464	-2.13163e-14	12.4428	0	0	0	0	0	0	0	0	0	0	0	0	0	0	0	0	0	0	0	0	0	0	0	0	0	0	0	0	0	0	0	0	0	
1	1	1	14	0.42		300	0	0	0.0007	0.0007	-0.000706513	0	0	0	13.4076	13.4076	-1.41249e-15	0	0	0	0.00938532	-4.90725	0	4.91663		300	0.117647	0	0	0	0	0	0	0.117647	0	-0.426642	-237.002	0	213.464	213.464	-2.13163e-14	12.4428	0	0	0	0	0	0	0	0	0	0	0	0	0	0	0	0	0	0	0	0	0	0	0	0	0	0	0	0	0	0	0	0	0	
1	1	1	15	0.45		300	0	0	0.00075	0.00075	-0.000756979	0	0	0	14.3653	14.3653	-7.138e-16	0	0	0	0.010774	-4.90586	0	4.91663		300	0.117647	0	0	0	0	0	0	0.117647	0	-0.426642	-237.002	0	213.464	213.464	-2.13163e-14	12.4428	0	0	0	0	0	0	0	0	0	0	0	0	0	0	0	0	0	0	0	0	0	0	0	0	0	0	0	0	0	0	0	0	0	
1	1	1	16	0.48		300	0	0	0.0008	0.0008	-0.000807444	0	0	0	15.323	15.323	-1.79147e-15	0	0	0	0.0122584	-4.90437	0	4.91663		300	0.117647	0	0	0	0	0	0	0.117647	0	-0.426642	-237.002	0	213.464	213.464	-2.13163e-14	12.4428	0	0	0	0	0	0	0	0	0	0	0	0	0	0	0	0	0	0	0	0	0	0	0	0	0	0	0	0	0	0	0	0	0	
1	1	1	17	0.51		300	0	0	0.00085	0.00085	-0.000857909	0	0	0	16.2807	16.2807	-2.86914e-15	0	0	0	0.0138386	-4.90279	0	4.91663		300	0.117647	0	0	0	0	0	0	0.117647	0	-0.426642	-237.002	0	213.464	213.464	-2.13163e-14	12.4428	0	0	0	0	0	0	0	0	0	0	0	0	0	0	0	0	0	0	0	0	0	0	0	0	0	0	0	0	0	0	0	0	0	
1	1	1	18	0.54		300	0	0	0.0009	0.0009	-0.000908374	0	0	0	17.2383	17.2383	-3.9468e-15	0	0	0	0.0155145	-4.90112	0	4.91663		300	0.117647	0	0	0	0	0	0	0.117647	0	-0.426642	-237.002	0	213.464	213.464	-2.13163e-14	12.4428	0	0	0	0	0	0	0	0	0	0	0	0	0	0	0	0	0	0	0	0	0	0	0	0	0	0	0	0	0	0	0	0	0	
1	1	1	19	0.57		300	0	0	0.00095	0.00095	-0.00095884	0	0	0	18.196	18.196	-5.02447e-15	0	0	0	0.0172862	-4.89935	0	4.91663		300	0.117647	0	0	0	0	0	0	0.117647	0	-0.426642	-237.002	0	213.464	213.464	-2.13163e-14	12.4428	0	0	0	0	0	0	0	0	0	0	0	0	0	0	0	0	0	0	0	0	0	0	0	0	0	0	0	0	0	0	0	0	0	
1	1	1	20	0.6		300	0	0	0.001	0.001	-0.0010093	0	0	0	19.1537	19.1537	-6.10214e-15	0	0	0	0.0191537	-4.89748	0	4.91663		300	0.117647	0	0	0	0	0	0	0.117647	0	-0.426642	-237.002	0	213.464	213.464	-2.13163e-14	12.4428	0	0	0	0	0	0	0	0	0	0	0	0	0	0	0	0	0	0	0	0	0	0	0	0	0	0	0	0	0	0	0	0	0	
1	1	1	21	0.63		300	0	0	0.00105	0.00105	-0.00105977	0	0	0	20.1114	20.1114	-8.64607e-15	0	0	0	0.021117	-4.89552	0	4.91663		300	0.117647	0	0	0	0	0	0	0.117647	0	-0.426642	-237.002	0	213.464	213.464	-2.13163e-14	12.4428	0	0	0	0	0	0	0	0	0	0	0	0	0	0	0	0	0	0	0	0	0	0	0	0	0	0	0	0	0	0	0	0	0	
1	1	1	22	0.66		300	0	0	0.0011	0.0011	-0.00111024	0	0	0	21.0691	21.0691	-7.63729e-15	0	0	0	0.023176	-4.89346	0	4.91663		300	0.117647	0	0	0	0	0	0	0.117647	0	-0.426642	-237.002	0	213.464	213.464	-2.13163e-14	12.4428	0	0	0	0	0	0	0	0	0	0	0	0	0	0	0	0	0	0	0	0	0	0	0	0	0	0	0	0	0	0	0	0	0	
1	1	1	23	0.69		300	0	0	0.00115	0.00115	-0.0011607	0	0	0	22.0268	22.0268	-6.62852e-15	0	0	0	0.0253308	-4.8913	0	4.91663		300	0.117647	0	0	0	0	0	0	0.117647	0	-0.426642	-237.002	0	213.464	213.464	-2.13163e-14	12.4428	0	0	0	0	0	0	0	0	0	0	0	0	0	0	0	0	0	0	0	0	0	0	0	0	0	0	0	0	0	0	0	0	0	
1	1	1	24	0.72		300	0	0	0.0012	0.0012	-0.00121117	0	0	0	22.9844	22.9844	-9.17245e-15	0	0	0	0.0275813	-4.88905	0	4.91663		300	0.117647	0	0	0	0	0	0	0.117647	0	-0.426642	-237.002	0	213.464	213.464	-2.13163e-14	12.4428	0	0	0	0	0	0	0	0	0	0	0	0	0	0	0	0	0	0	0	0	0	0	0	0	0	0	0	0	0	0	0	0	0	
1	1	1	25	0.75		300	0	0	0.00125	0.00125	-0.00126163	0	0	0	23.9421	23.9421	-8.16367e-15	0	0	0	0.0299277	-4.8867	0	4.91663		300	0.117647	0	0	0	0	0	0	0.117647	0	-0.426642	-237.002	0	213.464	213.464	-2.13163e-14	12.4428	0	0	0	0	0	0	0	0	0	0	0	0	0	0	0	0	0	0	0	0	0	0	0	0	0	0	0	0	0	0	0	0	0	
1	1	1	26	0.78		300	0	0	0.0013	0.0013	-0.0013121	0	0	0	24.8998	24.8998	-1.07076e-14	0	0	0	0.0323698	-4.88426	0	4.91663		300	0.117647	0	0	0	0	0	0	0.117647	0	-0.426642	-237.002	0	213.464	213.464	-2.13163e-14	12.4428	0	0	0	0	0	0	0	0	0	0	0	0	0	0	0	0	0	0	0	0	0	0	0	0	0	0	0	0	0	0	0	0	0	
1	1	1	27	0.81		300	0	0	0.00135	0.00135	-0.00136256	0	0	0	25.8575	25.8575	-9.69883e-15	0	0	0	0.0349076	-4.88172	0	4.91663		300	0.117647	0	0	0	0	0	0	0.117647	0	-0.426642	-237.002	0	213.464	213.464	-2.13163e-14	12.4428	0	0	0	0	0	0	0	0	0	0	0	0	0	0	0	0	0	0	0	0	0	0	0	0	0	0	0	0	0	0	0	0	0	
1	1	1	28	0.84		300	0	0	0.0014	0.0014	-0.00141303	0	0	0	26.8152	26.8152	-8.69005e-15	0	0	0	0.0375413	-4.87909	0	4.91663		300	0.117647	0	0	0	0	0	0	0.117647	0	-0.426642	-237.002	0	213.464	213.464	-2.13163e-14	12.4428	0	0	0	0	0	0	0	0	0	0	0	0	0	0	0	0	0	0	0	0	0	0	0	0	0	0	0	0	0	0	0	0	0	
1	1	1	29	0.87		300	0	0	0.00145	0.00145	-0.00146349	0	0	0	27.7729	27.7729	-1.1234e-14	0	0	0	0.0402707	-4.87636	0	4.91663		300	0.117647	0	0	0	0	0	0	0.117647	0	-0.426642	-237.002	0	213.464	213.464	-2.13163e-14	12.4428	0	0	0	0	0	0	0	0	0	0	0	0	0	0	0	0	0	0	0	0	0	0	0	0	0	0	0	0	0	0	0	0	0	
1	1	1	30	0.9		300	0	0	0.0015	0.0015	-0.00151396	0	0	0	28.7306	28.7306	-1.02252e-14	0	0	0	0.0430958	-4.87354	0	4.91663		300	0.117647	0	0	0	0	0	0	0.117647	0	-0.426642	-237.002	0	213.464	213.464	-2.13163e-14	12.4428	0	0	0	0	0	0	0	0	0	0	0	0	0	0	0	0	0	0	0	0	0	0	0	0	0	0	0	0	0	0	0	0	0	
1	1	1	31	0.93		300	0	0	0.00155	0.00155	-0.00156442	0	0	0	29.6882	29.6882	-1.27691e-14	0	0	0	0.0460168	-4.87062	0	4.91663		300	0.117647	0	0	0	0	0	0	0.117647	0	-0.426642	-237.002	0	213.464	213.464	-2.13163e-14	12.4428	0	0	0	0	0	0	0	0	0	0	0	0	0	0	0	0	0	0	0	0	0	0	0	0	0	0	0	0	0	0	0	0	0	
1	1	1	32	0.96		300	0	0	0.0016	0.0016	-0.00161489	0	0	0	30.6459	30.6459	-1.17604e-14	0	0	0	0.0490335	-4.8676	0	4.91663		300	0.117647	0	0	0	0	0	0	0.117647	0	-0.426642	-237.002	0	213.464	213.464	-2.13163e-14	12.4428	0	0	0	0	0	0	0	0	0	0	0	0	0	0	0	0	0	0	0	0	0	0	0	0	0	0	0	0	0	0	0	0	0	
1	1	1	33	0.99		300	0	0	0.00165	0.00165	-0.00166535	0	0	0	31.6036	31.6036	-1.7857e-14	0	0	0	0.052146	-4.86449	0	4.91663		300	0.117647	0	0	0	0	0	0	0.117647	0	-0.426642	-237.002	0	213.464	213.464	-2.13163e-14	12.4428	0	0	0	0	0	0	0	0	0	0	0	0	0	0	0	0	0	0	0	0	0	0	0	0	0	0	0	0	0	0	0	0	0	
1	1	1	34	1.02		300	0	0	0.0017	0.0017	-0.00171582	0	0	0	32.5613	32.5613	-1.32955e-14	0	0	0	0.0553542	-4.86128	0	4.91663		300	0.117647	0	0	0	0	0	0	0.117647	0	-0.426642	-237.002	0	213.464	213.464	-2.13163e-14	12.4428	0	0	0	0	0	0	0	0	0	0	0	0	0	0	0	0	0	0	0	0	0	0	0	0	0	0	0	0	0	0	0	0	0	
1	1	1	35	1.05		300	0	0	0.00175	0.00175	-0.00176628	0	0	0	33.519	33.519	-1.58395e-14	0	0	0	0.0586582	-4.85797	0	4.91663		300	0.117647	0	0	0	0	0	0	0.117647	0	-0.426642	-237.002	0	213.464	213.464	-2.13163e-14	12.4428	0	0	0	0	0	0	0	0	0	0	0	0	0	0	0	0	0	0	0	0	0	0	0	0	0	0	0	0	0	0	0	0	0	
1	1	1	36	1.08		300	0	0	0.0018	0.0018	-0.00181675	0	0	0	34.4767	34.4767	-1.83834e-14	0	0	0	0.062058	-4.85457	0	4.91663		300	0.117647	0	0	0	0	0	0	0.117647	0	-0.426642	-237.002	0	213.464	213.464	-2.13163e-14	12.4428	0	0	0	0	0	0	0	0	0	0	0	0	0	0	0	0	0	0	0	0	0	0	0	0	0	0	0	0	0	0	0	0	0	
1	1	1	37	1.11		300	0	0	0.00185	0.00185	-0.00186721	0	0	0	35.4344	35.4344	-1.38219e-14	0	0	0	0.0655536	-4.85108	0	4.91663		300	0.117647	0	0	0	0	0	0	0.117647	0	-0.426642	-237.002	0	213.464	213.464	-2.13163e-14	12.4428	0	0	0	0	0	0	0	0	0	0	0	0	0	0	0	0	0	0	0	0	0	0	0	0	0	0	0	0	0	0	0	0	0	
1	1	1	38	1.14		300	0	0	0.0019	0.0019	-0.00191768	0	0	0	36.392	36.392	-1.63658e-14	0	0	0	0.0691449	-4.84749	0	4.91663		300	0.117647	0	0	0	0	0	0	0.117647	0	-0.426642	-237.002	0	213.464	213.464	-2.13163e-14	12.4428	0	0	0	0	0	0	0	0	0	0	0	0	0	0	0	0	0	0	0	0	0	0	0	0	0	0	0	0	0	0	0	0	0	
1	1	1	39	1.17		300	0	0	0.00195	0.00195	-0.00196814	0	0	0	37.3497	37.3497	-2.30827e-14	0	0	0	0.072832	-4.8438	0	4.91663		300	0.117647	0	0	0	0	0	0	0.117647	0	-0.426642	-237.002	0	213.464	213.464	-2.13163e-14	12.4428	0	0	0	0	0	0	0	0	0	0	0	0	0	0	0	0	0	0	0	0	0	0	0	0	0	0	0	0	0	0	0	0	0	
1	1	1	40	1.2		300	0	0	0.002	0.002	-0.00201861	0	0	0	38.3074	38.3074	-2.26941e-14	0	0	0	0.0766148	-4.84002	0	4.91663		300	0.117647	0	0	0	0	0	0	0.117647	0	-0.426642	-237.002	0	213.464	213.464	-2.13163e-14	12.4428	0	0	0	0	0	0	0	0	0	0	0	0	0	0	0	0	0	0	0	0	0	0	0	0	0	0	0	0	0	0	0	0	0	
1	1	1	41	1.23		300	0	0	0.00205	0.00205	-0.00206908	0	0	0	39.2651	39.2651	-2.23055e-14	0	0	0	0.0804935	-4.83614	0	4.91663		300	0.117647	0	0	0	0	0	0	0.117647	0	-0.426642	-237.002	0	213.464	213.464	-2.13163e-14	12.4428	0	0	0	0	0	0	0	0	0	0	0	0	0	0	0	0	0	0	0	0	0	0	0	0	0	0	0	0	0	0	0	0	0	
1	1	1	42	1.26		300	0	0	0.0021	0.0021	-0.00211954	0	0	0	40.2228	40.2228	-2.19169e-14	0	0	0	0.0844678	-4.83216	0	4.91663		300	0.117647	0	0	0	0	0	0	0.117647	0	-0.426642	-237.002	0	213.464	213.464	-2.13163e-14	12.4428	0	0	0	0	0	0	0	0	0	0	0	0	0	0	0	0	0	0	0	0	0	0	0	0	0	0	0	0	0	0	0	0	0	
1	1	1	43	1.29		300	0	0	0.00215	0.00215	-0.00217001	0	0	0	41.1805	41.1805	-2.15283e-14	0	0	0	0.088538	-4.82809	0	4.91663		300	0.117647	0	0	0	0	0	0	0.117647	0	-0.426642	-237.002	0	213.464	213.464	-2.13163e-14	12.4428	0	0	0	0	0	0	0	0	0	0	0	0	0	0	0	0	0	0	0	0	0	0	0	0	0	0	0	0	0	0	0	0	0	
1	1	1	44	1.32		300	0	0	0.0022	0.0022	-0.00222047	0	0	0	42.1382	42.1382	-2.11397e-14	0	0	0	0.0927039	-4.82393	0	4.91663		300	0.117647	0	0	0	0	0	0	0.117647	0	-0.426642	-237.002	0	213.464	213.464	-2.13163e-14	12.4428	0	0	0	0	0	0	0	0	0	0	0	0	0	0	0	0	0	0	0	0	0	0	0	0	0	0	0	0	0	0	0	0	0	
1	1	1	45	1.35		300	0	0	0.00225	0.00225	-0.00227094	0	0	0	43.0958	43.0958	-2.07511e-14	0	0	0	0.0969656	-4.81967	0	4.91663		300	0.117647	0	0	0	0	0	0	0.117647	0	-0.426642	-237.002	0	213.464	213.464	-2.13163e-14	12.4428	0	0	0	0	0	0	0	0	0	0	0	0	0	0	0	0	0	0	0	0	0	0	0	0	0	0	0	0	0	0	0	0	0	
1	1	1	46	1.38		300	0	0	0.0023	0.0023	-0.0023214	0	0	0	44.0535	44.0535	-2.74679e-14	0	0	0	0.101323	-4.81531	0	4.91663		300	0.117647	0	0	0	0	0	0	0.117647	0	-0.426642	-237.002	0	213.464	213.464	-2.13163e-14	12.4428	0	0	0	0	0	0	0	0	0	0	0	0	0	0	0	0	0	0	0	0	0	0	0	0	0	0	0	0	0	0	0	0	0	
1	1	1	47	1.41		300	0	0	0.00235	0.00235	-0.00237187	0	0	0	45.0112	45.0112	-2.70793e-14	0	0	0	0.105776	-4.81086	0	4.91663		300	0.117647	0	0	0	0	0	0	0.117647	0	-0.426642	-237.002	0	213.464	213.464	-2.13163e-14	12.4428	0	0	0	0	0	0	0	0	0	0	0	0	0	0	0	0	0	0	0	0	0	0	0	0	0	0	0	0	0	0	0	0	0	
1	1	1	48	1.44		300	0	0	0.0024	0.0024	-0.00242233	0	0	0	45.9689	45.9689	-2.66907e-14	0	0	0	0.110325	-4.80631	0	4.91663		300	0.117647	0	0	0	0	0	0	0.117647	0	-0.426642	-237.002	0	213.464	213.464	-2.13163e-14	12.4428	0	0	0	0	0	0	0	0	0	0	0	0	0	0	0	0	0	0	0	0	0	0	0	0	0	0	0	0	0	0	0	0	0	
1	1	1	49	1.47		300	0	0	0.00245	0.00245	-0.0024728	0	0	0	46.9266	46.9266	-2.63021e-14	0	0	0	0.11497	-4.80166	0	4.91663		300	0.117647	0	0	0	0	0	0	0.117647	0	-0.426642	-237.002	0	213.464	213.464	-2.13163e-14	12.4428	0	0	0	0	0	0	0	0	0	0	0	0	0	0	0	0	0	0	0	0	0	0	0	0	0	0	0	0	0	0	0	0	0	
1	1	1	50	1.5		300	0	0	0.0025	0.0025	-0.00252326	0	0	0	47.8843	47.8843	-2.59135e-14	0	0	0	0.119711	-4.79692	0	4.91663		300	0.117647	0	0	0	0	0	0	0.117647	0	-0.426642	-237.002	0	213.464	213.464	-2.13163e-14	12.4428	0	0	0	0	0	0	0	0	0	0	0	0	0	0	0	0	0	0	0	0	0	0	0	0	0	0	0	0	0	0	0	0	0	
1	1	1	51	1.53		300	0	0	0.00255	0.00255	-0.00257373	0	0	0	48.842	48.842	-2.55249e-14	0	0	0	0.124547	-4.79209	0	4.91663		300	0.117647	0	0	0	0	0	0	0.117647	0	-0.426642	-237.002	0	213.464	213.464	-2.13163e-14	12.4428	0	0	0	0	0	0	0	0	0	0	0	0	0	0	0	0	0	0	0	0	0	0	0	0	0	0	0	0	0	0	0	0	0	
1	1	1	52	1.56		300	0	0	0.0026	0.0026	-0.00262419	0	0	0	49.7996	49.7996	-2.51363e-14	0	0	0	0.129479	-4.78715	0	4.91663		300	0.117647	0	0	0	0	0	0	0.117647	0	-0.426642	-237.002	0	213.464	213.464	-2.13163e-14	12.4428	0	0	0	0	0	0	0	0	0	0	0	0	0	0	0	0	0	0	0	0	0	0	0	0	0	0	0	0	0	0	0	0	0	
1	1	1	53	1.59		300	0	0	0.00265	0.00265	-0.00267466	0	0	0	50.7573	50.7573	-2.47477e-14	0	0	0	0.134507	-4.78213	0	4.91663		300	0.117647	0	0	0	0	0	0	0.117647	0	-0.426642	-237.002	0	213.464	213.464	-2.13163e-14	12.4428	0	0	0	0	0	0	0	0	0	0	0	0	0	0	0	0	0	0	0	0	0	0	0	0	0	0	0	0	0	0	0	0	0	
1	1	1	54	1.62		300	0	0	0.0027	0.0027	-0.00272512	0	0	0	51.715	51.715	-2.43591e-14	0	0	0	0.139631	-4.777	0	4.91663		300	0.117647	0	0	0	0	0	0	0.117647	0	-0.426642	-237.002	0	213.464	213.464	-2.13163e-14	12.4428	0	0	0	0	0	0	0	0	0	0	0	0	0	0	0	0	0	0	0	0	0	0	0	0	0	0	0	0	0	0	0	0	0	
1	1	1	55	1.65		300	0	0	0.00275	0.00275	-0.00277559	0	0	0	52.6727	52.6727	-3.10759e-14	0	0	0	0.14485	-4.77178	0	4.91663		300	0.117647	0	0	0	0	0	0	0.117647	0	-0.426642	-237.002	0	213.464	213.464	-2.13163e-14	12.4428	0	0	0	0	0	0	0	0	0	0	0	0	0	0	0	0	0	0	0	0	0	0	0	0	0	0	0	0	0	0	0	0	0	
1	1	1	56	1.68		300	0	0	0.0028	0.0028	-0.00282605	0	0	0	53.6304	53.6304	-3.06873e-14	0	0	0	0.150165	-4.76647	0	4.91663		300	0.117647	0	0	0	0	0	0	0.117647	0	-0.426642	-237.002	0	213.464	213.464	-2.13163e-14	12.4428	0	0	0	0	0	0	0	0	0	0	0	0	0	0	0	0	0	0	0	0	0	0	0	0	0	0	0	0	0	0	0	0	0	
1	1	1	57	1.71		300	0	0	0.00285	0.00285	-0.00287652	0	0	0	54.5881	54.5881	-3.02987e-14	0	0	0	0.155576	-4.76106	0	4.91663		300	0.117647	0	0	0	0	0	0	0.117647	0	-0.426642	-237.002	0	213.464	213.464	-2.13163e-14	12.4428	0	0	0	0	0	0	0	0	0	0	0	0	0	0	0	0	0	0	0	0	0	0	0	0	0	0	0	0	0	0	0	0	0	
1	1	1	58	1.74		300	0	0	0.0029	0.0029	-0.00292698	0	0	0	55.5457	55.5457	-2.99101e-14	0	0	0	0.161083	-4.75555	0	4.91663		300	0.117647	0	0	0	0	0	0	0.117647	0	-0.426642	-237.002	0	213.464	213.464	-2.13163e-14	12.4428	0	0	0	0	0	0	0	0	0	0	0	0	0	0	0	0	0	0	0	0	0	0	0	0	0	0	0	0	0	0	0	0	0	
1	1	1	59	1.77		300	0	0	0.00295	0.00295	-0.00297745	0	0	0	56.5034	56.5034	-2.95215e-14	0	0	0	0.166685	-4.74995	0	4.91663		300	0.117647	0	0	0	0	0	0	0.117647	0	-0.426642	-237.002	0	213.464	213.464	-2.13163e-14	12.4428	0	0	0	0	0	0	0	0	0	0	0	0	0	0	0	0	0	0	0	0	0	0	0	0	0	0	0	0	0	0	0	0	0	
1	1	1	60	1.8		300	0	0	0.003	0.003	-0.00302791	0	0	0	57.4611	57.4611	-2.91329e-14	0	0	0	0.172383	-4.74425	0	4.91663		300	0.117647	0	0	0	0	0	0	0.117647	0	-0.426642	-237.002	0	213.464	213.464	-2.13163e-14	12.4428	0	0	0	0	0	0	0	0	0	0	0	0	0	0	0	0	0	0	0	0	0	0	0	0	0	0	0	0	0	0	0	0	0	
1	1	1	61	1.83		300	0	0	0.00305	0.00305	-0.00307838	0	0	0	58.4188	58.4188	-2.87443e-14	0	0	0	0.178177	-4.73845	0	4.91663		300	0.117647	0	0	0	0	0	0	0.117647	0	-0.426642	-237.002	0	213.464	213.464	-2.13163e-14	12.4428	0	0	0	0	0	0	0	0	0	0	0	0	0	0	0	0	0	0	0	0	0	0	0	0	0	0	0	0	0	0	0	0	0	
1	1	1	62	1.86		300	0	0	0.0031	0.0031	-0.00312885	0	0	0	59.3765	59.3765	-3.54611e-14	0	0	0	0.184067	-4.73256	0	4.91663		300	0.117647	0	0	0	0	0	0	0.117647	0	-0.426642	-237.002	0	213.464	213.464	-2.13163e-14	12.4428	0	0	0	0	0	0	0	0	0	0	0	0	0	0	0	0	0	0	0	0	0	0	0	0	0	0	0	0	0	0	0	0	0	
1	1	1	63	1.89		300	0	0	0.00315	0.00315	-0.00317931	0	0	0	60.3342	60.3342	-3.50725e-14	0	0	0	0.190053	-4.72658	0	4.91663		300	0.117647	0	0	0	0	0	0	0.117647	0	-0.426642	-237.002	0	213.464	213.464	-2.13163e-14	12.4428	0	0	0	0	0	0	0	0	0	0	0	0	0	0	0	0	0	0	0	0	0	0	0	0	0	0	0	0	0	0	0	0	0	
1	1	1	64	1.92		300	0	0	0.0032	0.0032	-0.00322978	0	0	0	61.2919	61.2919	-3.46839e-14	0	0	0	0.196134	-4.7205	0	4.91663		300	0.117647	0	0	0	0	0	0	0.117647	0	-0.426642	-237.002	0	213.464	213.464	-2.13163e-14	12.4428	0	0	0	0	0	0	0	0	0	0	0	0	0	0	0	0	0	0	0	0	0	0	0	0	0	0	0	0	0	0	0	0	0	
1	1	1	65	1.95		300	0	0	0.00325	0.00325	-0.00328024	0	0	0	62.2495	62.2495	-3.42953e-14	0	0	0	0.202311	-4.71432	0	4.91663		300	0.117647	0	0	0	0	0	0	0.117647	0	-0.426642	-237.002	0	213.464	213.464	-2.13163e-14	12.4428	0	0	0	0	0	0	0	0	0	0	0	0	0	0	0	0	0	0	0	0	0	0	0	0	0	0	0	0	0	0	0	0	0	
1	1	1	66	1.98		300	0	0	0.0033	0.0033	-0.00333071	0	0	0	63.2072	63.2072	-3.39067e-14	0	0	0	0.208584	-4.70805	0	4.91663		300	0.117647	0	0	0	0	0	0	0.117647	0	-0.426642	-237.002	0	213.464	213.464	-2.13163e-14	12.4428	0	0	0	0	0	0	0	0	0	0	0	0	0	0	0	0	0	0	0	0	0	0	0	0	0	0	0	0	0	0	0	0	0	
1	1	1	67	2.01		300	0	0	0.00335	0.00335	-0.00338117	0	0	0	64.1649	64.1649	-3.35181e-14	0	0	0	0.214952	-4.70168	0	4.91663		300	0.117647	0	0	0	0	0	0	0.117647	0	-0.426642	-237.002	0	213.464	213.464	-2.13163e-14	12.4428	0	0	0	0	0	0	0	0	0	0	0	0	0	0	0	0	0	0	0	0	0	0	0	0	0	0	0	0	0	0	0	0	0	
1	1	1	68	2.04		300	0	0	0.0034	0.0034	-0.00343164	0	0	0	65.1226	65.1226	-3.31295e-14	0	0	0	0.221417	-4.69522	0	4.91663		300	0.117647	0	0	0	0	0	0	0.117647	0	-0.426642	-237.002	0	213.464	213.464	-2.13163e-14	12.4428	0	0	0	0	0	0	0	0	0	0	0	0	0	0	0	0	0	0	0	0	0	0	0	0	0	0	0	0	0	0	0	0	0	
1	1	1	69	2.07		300	0	0	0.00345	0.00345	-0.0034821	0	0	0	66.0803	66.0803	-3.27409e-14	0	0	0	0.227977	-4.68866	0	4.91663		300	0.117647	0	0	0	0	0	0	0.117647	0	-0.426642	-237.002	0	213.464	213.464	-2.13163e-14	12.4428	0	0	0	0	0	0	0	0	0	0	0	0	0	0	0	0	0	0	0	0	0	0	0	0	0	0	0	0	0	0	0	0	0	
1	1	1	70	2.1		300	0	0	0.0035	0.0035	-0.00353257	0	0	0	67.038	67.038	-3.23523e-14	0	0	0	0.234633	-4.682	0	4.91663		300	0.117647	0	0	0	0	0	0	0.117647	0	-0.426642	-237.002	0	213.464	213.464	-2.13163e-14	12.4428	0	0	0	0	0	0	0	0	0	0	0	0	0	0	0	0	0	0	0	0	0	0	0	0	0	0	0	0	0	0	0	0	0	
1	1	1	71	2.13		300	0	0	0.00355	0.00355	-0.00358303	0	0	0	67.9957	67.9957	-3.19638e-14	0	0	0	0.241385	-4.67525	0	4.91663		300	0.117647	0	0	0	0	0	0	0.117647	0	-0.426642	-237.002	0	213.464	213.464	-2.13163e-14	12.4428	0	0	0	0	0	0	0	0	0	0	0	0	0	0	0	0	0	0	0	0	0	0	0	0	0	0	0	0	0	0	0	0	0	
1	1	1	72	2.16		300	0	0	0.0036	0.0036	-0.0036335	0	0	0	68.9533	68.9533	-4.5786e-14	0	0	0	0.248232	-4.6684	0	4.91663		300	0.117647	0	0	0	0	0	0	0.117647	0	-0.426642	-237.002	0	213.464	213.464	-2.13163e-14	12.4428	0	0	0	0	0	0	0	0	0	0	0	0	0	0	0	0	0	0	0	0	0	0	0	0	0	0	0	0	0	0	0	0	0	
1	1	1	73	2.19		300	0	0	0.00365	0.00365	-0.00368396	0	0	0	69.911	69.911	-4.53974e-14	0	0	0	0.255175	-4.66146	0	4.91663		300	0.117647	0	0	0	0	0	0	0.117647	0	-0.426642	-237.002	0	213.464	213.464	-2.13163e-14	12.4428	0	0	0	0	0	0	0	0	0	0	0	0	0	0	0	0	0	0	0	0	0	0	0	0	0	0	0	0	0	0	0	0	0	
1	1	1	74	2.22		300	0	0	0.0037	0.0037	-0.00373443	0	0	0	70.8687	70.8687	9.06485e-07	0	0	0	0.262214	-4.65491	0	4.91712		300	0.117686	1.70583e-10	1.70583e-10	-2.19275e-10	0	0	0	0.117686	0	-0.426642	-237.002	0	213.464	213.464	-2.13163e-14	12.4428	0	0	0	0	0	0	0	0	0	0	0	0	0	0	0	0	0	0	0	0	0	0	0	0	0	0	0	0	0	0	0	0	0	
1	1	1	75	2.25		300	0	0	0.00375	0.00375	-0.003785	0	0	0	71.8188	71.8188	9.08086e-07	0	0	0	0.269349	-4.67081	0	4.94016		300	0.11954	3.96273e-07	3.96273e-07	-5.09394e-07	0	0	0	0.11954	0	-0.426642	-237.002	0	213.464	213.464	-2.13163e-14	12.4428	0	0	0	0	0	0	0	0	0	0	0	0	0	0	0	0	0	0	0	0	0	0	0	0	0	0	0	0	0	0	0	0	0	
1	1	1	76	2.28		300	0	0	0.0038	0.0038	-0.00383589	0	0	0	72.7475	72.7475	9.087e-07	0	0	0	0.276577	-4.68681	0	4.96339		300	0.121409	1.91269e-06	1.91269e-06	-2.45877e-06	0	0	0	0.121409	0	-0.426642	-237.002	0	213.464	213.464	-2.13163e-14	12.4428	0	0	0	0	0	0	0	0	0	0	0	0	0	0	0	0	0	0	0	0	0	0	0	0	0	0	0	0	0	0	0	0	0	
1	1	1	77	2.31		300	0	0	0.00385	0.00385	-0.00388708	0	0	0	73.655	73.655	4.59124e-07	0	0	0	0.283897	-4.70288	0	4.98678		300	0.123291	4.53085e-06	4.53085e-06	-5.82455e-06	0	0	0	0.123291	0	-0.426642	-237.002	0	213.464	213.464	-2.13163e-14	12.4428	0	0	0	0	0	0	0	0	0	0	0	0	0	0	0	0	0	0	0	0	0	0	0	0	0	0	0	0	0	0	0	0	0	
1	1	1	78	2.34		300	0	0	0.0039	0.0039	-0.00393856	0	0	0	74.5418	74.5418	6.53642e-07	0	0	0	0.291307	-4.719	0	5.01031		300	0.125183	8.22904e-06	8.22904e-06	-1.0579e-05	0	0	0	0.125183	0	-0.426642	-237.002	0	213.464	213.464	-2.13163e-14	12.4428	0	0	0	0	0	0	0	0	0	0	0	0	0	0	0	0	0	0	0	0	0	0	0	0	0	0	0	0	0	0	0	0	0	
1	1	1	79	2.37		300	0	0	0.00395	0.00395	-0.00399034	0	0	0	75.4085	75.4085	1.46696e-06	0	0	0	0.298804	-4.73515	0	5.03395		300	0.127085	1.29831e-05	1.29831e-05	-1.6691e-05	0	0	0	0.127085	0	-0.426642	-237.002	0	213.464	213.464	-2.13163e-14	12.4428	0	0	0	0	0	0	0	0	0	0	0	0	0	0	0	0	0	0	0	0	0	0	0	0	0	0	0	0	0	0	0	0	0	
1	1	1	80	2.4		300	0	0	0.004	0.004	-0.00404241	0	0	0	76.2554	76.2554	1.4679e-06	0	0	0	0.306388	-4.75131	0	5.05769		300	0.128995	1.87671e-05	1.87671e-05	-2.41275e-05	0	0	0	0.128995	0	-0.426642	-237.002	0	213.464	213.464	-2.13163e-14	12.4428	0	0	0	0	0	0	0	0	0	0	0	0	0	0	0	0	0	0	0	0	0	0	0	0	0	0	0	0	0	0	0	0	0	
1	1	1	81	2.43		300	0	0	0.00405	0.00405	-0.00409475	0	0	0	77.0831	77.0831	1.46973e-06	0	0	0	0.314055	-4.76745	0	5.08151		300	0.13091	2.55538e-05	2.55538e-05	-3.28532e-05	0	0	0	0.13091	0	-0.426642	-237.002	0	213.464	213.464	-2.13163e-14	12.4428	0	0	0	0	0	0	0	0	0	0	0	0	0	0	0	0	0	0	0	0	0	0	0	0	0	0	0	0	0	0	0	0	0	
1	1	1	82	2.46		300	0	0	0.0041	0.0041	-0.00414736	0	0	0	77.8921	77.8921	1.47267e-06	0	0	0	0.321803	-4.78358	0	5.10538		300	0.13283	3.33148e-05	3.33148e-05	-4.28321e-05	0	0	0	0.13283	0	-0.426642	-237.002	0	213.464	213.464	-2.13163e-14	12.4428	0	0	0	0	0	0	0	0	0	0	0	0	0	0	0	0	0	0	0	0	0	0	0	0	0	0	0	0	0	0	0	0	0	
1	1	1	83	2.49		300	0	0	0.00415	0.00415	-0.00420023	0	0	0	78.683	78.683	1.47687e-06	0	0	0	0.329632	-4.79967	0	5.1293		300	0.134753	4.20215e-05	4.20215e-05	-5.40273e-05	0	0	0	0.134753	0	-0.426642	-237.002	0	213.464	213.464	-2.13163e-14	12.4428	0	0	0	0	0	0	0	0	0	0	0	0	0	0	0	0	0	0	0	0	0	0	0	0	0	0	0	0	0	0	0	0	0	
1	1	1	84	2.52		300	0	0	0.0042	0.0042	-0.00425336	0	0	0	79.4564	79.4564	1.48245e-06	0	0	0	0.337539	-4.81571	0	5.15325		300	0.136679	5.16451e-05	5.16451e-05	-6.64016e-05	0	0	0	0.136679	0	-0.426642	-237.002	0	213.464	213.464	-2.13163e-14	12.4428	0	0	0	0	0	0	0	0	0	0	0	0	0	0	0	0	0	0	0	0	0	0	0	0	0	0	0	0	0	0	0	0	0	
1	1	1	85	2.55		300	0	0	0.00425	0.00425	-0.00430673	0	0	0	80.2127	80.2127	1.48948e-06	0	0	0	0.345522	-4.83169	0	5.17721		300	0.138606	6.21564e-05	6.21564e-05	-7.99178e-05	0	0	0	0.138606	0	-0.426642	-237.002	0	213.464	213.464	-2.13163e-14	12.4428	0	0	0	0	0	0	0	0	0	0	0	0	0	0	0	0	0	0	0	0	0	0	0	0	0	0	0	0	0	0	0	0	0	
1	1	1	86	2.58		300	0	0	0.0043	0.0043	-0.00436034	0	0	0	80.9526	80.9526	1.498e-06	0	0	0	0.353581	-4.8476	0	5.20118		300	0.140533	7.3527e-05	7.3527e-05	-9.45392e-05	0	0	0	0.140533	0	-0.426642	-237.002	0	213.464	213.464	-2.13163e-14	12.4428	0	0	0	0	0	0	0	0	0	0	0	0	0	0	0	0	0	0	0	0	0	0	0	0	0	0	0	0	0	0	0	0	0	
1	1	1	87	2.61		300	0	0	0.00435	0.00435	-0.00441418	0	0	0	81.6766	81.6766	1.50802e-06	0	0	0	0.361712	-4.86344	0	5.22515		300	0.14246	8.57284e-05	8.57284e-05	-0.000110229	0	0	0	0.14246	0	-0.426642	-237.002	0	213.464	213.464	-2.13163e-14	12.4428	0	0	0	0	0	0	0	0	0	0	0	0	0	0	0	0	0	0	0	0	0	0	0	0	0	0	0	0	0	0	0	0	0	
1	1	1	88	2.64		300	0	0	0.0044	0.0044	-0.00446824	0	0	0	82.3852	82.3852	1.51954e-06	0	0	0	0.369915	-4.87919	0	5.2491		300	0.144386	9.87331e-05	9.87331e-05	-0.000126953	0	0	0	0.144386	0	-0.426642	-237.002	0	213.464	213.464	-2.13163e-14	12.4428	0	0	0	0	0	0	0	0	0	0	0	0	0	0	0	0	0	0	0	0	0	0	0	0	0	0	0	0	0	0	0	0	0	
1	1	1	89	2.67		300	0	0	0.00445	0.00445	-0.00452252	0	0	0	83.0789	83.0789	1.53253e-06	0	0	0	0.378188	-4.89485	0	5.27304		300	0.14631	0.000112514	0.000112514	-0.000144675	0	0	0	0.14631	0	-0.426642	-237.002	0	213.464	213.464	-2.13163e-14	12.4428	0	0	0	0	0	0	0	0	0	0	0	0	0	0	0	0	0	0	0	0	0	0	0	0	0	0	0	0	0	0	0	0	0	
1	1	1	90	2.7		300	0	0	0.0045	0.0045	-0.00457701	0	0	0	83.7583	83.7583	1.54695e-06	0	0	0	0.38653	-4.91042	0	5.29695		300	0.148232	0.000127044	0.000127044	-0.000163361	0	0	0	0.148232	0	-0.426642	-237.002	0	213.464	213.464	-2.13163e-14	12.4428	0	0	0	0	0	0	0	0	0	0	0	0	0	0	0	0	0	0	0	0	0	0	0	0	0	0	0	0	0	0	0	0	0	
1	1	1	91	2.73		300	0	0	0.00455	0.00455	-0.00463169	0	0	0	84.4238	84.4238	1.56275e-06	0	0	0	0.394939	-4.92589	0	5.32083		300	0.150151	0.000142298	0.000142298	-0.000182979	0	0	0	0.150151	0	-0.426642	-237.002	0	213.464	213.464	-2.13163e-14	12.4428	0	0	0	0	0	0	0	0	0	0	0	0	0	0	0	0	0	0	0	0	0	0	0	0	0	0	0	0	0	0	0	0	0	
1	1	1	92	2.76		300	0	0	0.0046	0.0046	-0.00468657	0	0	0	85.0759	85.0759	1.57986e-06	0	0	0	0.403414	-4.94125	0	5.34466		300	0.152067	0.000158252	0.000158252	-0.000203496	0	0	0	0.152067	0	-0.426642	-237.002	0	213.464	213.464	-2.13163e-14	12.4428	0	0	0	0	0	0	0	0	0	0	0	0	0	0	0	0	0	0	0	0	0	0	0	0	0	0	0	0	0	0	0	0	0	
1	1	1	93	2.79		300	0	0	0.00465	0.00465	-0.00474164	0	0	0	85.7151	85.7151	1.59822e-06	0	0	0	0.411954	-4.9565	0	5.36846		300	0.153979	0.000174881	0.000174881	-0.000224881	0	0	0	0.153979	0	-0.426642	-237.002	0	213.464	213.464	-2.13163e-14	12.4428	0	0	0	0	0	0	0	0	0	0	0	0	0	0	0	0	0	0	0	0	0	0	0	0	0	0	0	0	0	0	0	0	0	
1	1	1	94	2.82		300	0	0	0.0047	0.0047	-0.00479689	0	0	0	86.3418	86.3418	1.61777e-06	0	0	0	0.420557	-4.97165	0	5.3922		300	0.155887	0.000192161	0.000192161	-0.000247106	0	0	0	0.155887	0	-0.426642	-237.002	0	213.464	213.464	-2.13163e-14	12.4428	0	0	0	0	0	0	0	0	0	0	0	0	0	0	0	0	0	0	0	0	0	0	0	0	0	0	0	0	0	0	0	0	0	
1	1	1	95	2.85		300	0	0	0.00475	0.00475	-0.00485231	0	0	0	86.9565	86.9565	1.63845e-06	0	0	0	0.429222	-4.98668	0	5.4159		300	0.157792	0.000210071	0.000210071	-0.00027014	0	0	0	0.157792	0	-0.426642	-237.002	0	213.464	213.464	-2.13163e-14	12.4428	0	0	0	0	0	0	0	0	0	0	0	0	0	0	0	0	0	0	0	0	0	0	0	0	0	0	0	0	0	0	0	0	0	
1	1	1	96	2.88		300	0	0	0.0048	0.0048	-0.0049079	0	0	0	87.5595	87.5595	1.66017e-06	0	0	0	0.437948	-5.00159	0	5.43954		300	0.159691	0.000228589	0.000228589	-0.000293957	0	0	0	0.159691	0	-0.426642	-237.002	0	213.464	213.464	-2.13163e-14	12.4428	0	0	0	0	0	0	0	0	0	0	0	0	0	0	0	0	0	0	0	0	0	0	0	0	0	0	0	0	0	0	0	0	0	
1	1	1	97	2.91		300	0	0	0.00485	0.00485	-0.00496366	0	0	0	88.1512	88.1512	1.68287e-06	0	0	0	0.446733	-5.01639	0	5.46312		300	0.161586	0.000247694	0.000247694	-0.000318529	0	0	0	0.161586	0	-0.426642	-237.002	0	213.464	213.464	-2.13163e-14	12.4428	0	0	0	0	0	0	0	0	0	0	0	0	0	0	0	0	0	0	0	0	0	0	0	0	0	0	0	0	0	0	0	0	0	
1	1	1	98	2.94		300	0	0	0.0049	0.0049	-0.00501957	0	0	0	88.7321	88.7321	1.70649e-06	0	0	0	0.455577	-5.03107	0	5.48665		300	0.163476	0.000267367	0.000267367	-0.000343832	0	0	0	0.163476	0	-0.426642	-237.002	0	213.464	213.464	-2.13163e-14	12.4428	0	0	0	0	0	0	0	0	0	0	0	0	0	0	0	0	0	0	0	0	0	0	0	0	0	0	0	0	0	0	0	0	0	
1	1	1	99	2.97		300	0	0	0.00495	0.00495	-0.00507563	0	0	0	89.3025	89.3025	1.73097e-06	0	0	0	0.464479	-5.04563	0	5.51011		300	0.165362	0.000287588	0.000287588	-0.000369839	0	0	0	0.165362	0	-0.426642	-237.002	0	213.464	213.464	-2.13163e-14	12.4428	0	0	0	0	0	0	0	0	0	0	0	0	0	0	0	0	0	0	0	0	0	0	0	0	0	0	0	0	0	0	0	0	0	
1	1	1	100	3		300	0	0	0.005	0.005	-0.00513185	0	0	0	89.8627	89.8627	1.75624e-06	0	0	0	0.473437	-5.06007	0	5.5335		300	0.167241	0.000308338	0.000308338	-0.000396529	0	0	0	0.167241	0	-0.426642	-237.002	0	213.464	213.464	-2.13163e-14	12.4428	0	0	0	0	0	0	0	0	0	0	0	0	0	0	0	0	0	0	0	0	0	0	0	0	0	0	0	0	0	0	0	0	0	
1	1	1	101	3.03		300	0	0	0.00505	0.00505	-0.0051882	0	0	0	90.4131	90.4131	1.78224e-06	0	0	0	0.482451	-5.07438	0	5.55684		300	0.169116	0.000329601	0.000329601	-0.000423877	0	0	0	0.169116	0	-0.426642	-237.002	0	213.464	213.464	-2.13163e-14	12.4428	0	0	0	0	0	0	0	0	0	0	0	0	0	0	0	0	0	0	0	0	0	0	0	0	0	0	0	0	0	0	0	0	0	
1	1	1	102	3.06		300	0	0	0.0051	0.0051	-0.00524469	0	0	0	90.9541	90.9541	1.80892e-06	0	0	0	0.491519	-5.08858	0	5.5801		300	0.170985	0.000351359	0.000351359	-0.000451863	0	0	0	0.170985	0	-0.426642	-237.002	0	213.464	213.464	-2.13163e-14	12.4428	0	0	0	0	0	0	0	0	0	0	0	0	0	0	0	0	0	0	0	0	0	0	0	0	0	0	0	0	0	0	0	0	0	
1	1	1	103	3.09		300	0	0	0.00515	0.00515	-0.00530131	0	0	0	91.4858	91.4858	1.83622e-06	0	0	0	0.500641	-5.10266	0	5.6033		300	0.172848	0.000373596	0.000373596	-0.000480465	0	0	0	0.172848	0	-0.426642	-237.002	0	213.464	213.464	-2.13163e-14	12.4428	0	0	0	0	0	0	0	0	0	0	0	0	0	0	0	0	0	0	0	0	0	0	0	0	0	0	0	0	0	0	0	0	0	
1	1	1	104	3.12		300	0	0	0.0052	0.0052	-0.00535806	0	0	0	92.0087	92.0087	1.8641e-06	0	0	0	0.509816	-5.11661	0	5.62642		300	0.174706	0.000396296	0.000396296	-0.000509663	0	0	0	0.174706	0	-0.426642	-237.002	0	213.464	213.464	-2.13163e-14	12.4428	0	0	0	0	0	0	0	0	0	0	0	0	0	0	0	0	0	0	0	0	0	0	0	0	0	0	0	0	0	0	0	0	0	
1	1	1	105	3.15		300	0	0	0.00525	0.00525	-0.00541494	0	0	0	92.523	92.523	1.8925e-06	0	0	0	0.519043	-5.13044	0	5.64948		300	0.176559	0.000419445	0.000419445	-0.000539438	0	0	0	0.176559	0	-0.426642	-237.002	0	213.464	213.464	-2.13163e-14	12.4428	0	0	0	0	0	0	0	0	0	0	0	0	0	0	0	0	0	0	0	0	0	0	0	0	0	0	0	0	0	0	0	0	0	
1	1	1	106	3.18		300	0	0	0.0053	0.0053	-0.00547194	0	0	0	93.029	93.029	1.92139e-06	0	0	0	0.52832	-5.14415	0	5.67247		300	0.178405	0.000443028	0.000443028	-0.000569772	0	0	0	0.178405	0	-0.426642	-237.002	0	213.464	213.464	-2.13163e-14	12.4428	0	0	0	0	0	0	0	0	0	0	0	0	0	0	0	0	0	0	0	0	0	0	0	0	0	0	0	0	0	0	0	0	0	
1	1	1	107	3.21		300	0	0	0.00535	0.00535	-0.00552905	0	0	0	93.527	93.527	1.95072e-06	0	0	0	0.537648	-5.15774	0	5.69539		300	0.180246	0.000467031	0.000467031	-0.000600647	0	0	0	0.180246	0	-0.426642	-237.002	0	213.464	213.464	-2.13163e-14	12.4428	0	0	0	0	0	0	0	0	0	0	0	0	0	0	0	0	0	0	0	0	0	0	0	0	0	0	0	0	0	0	0	0	0	
1	1	1	108	3.24		300	0	0	0.0054	0.0054	-0.00558628	0	0	0	94.0171	94.0171	1.98045e-06	0	0	0	0.547025	-5.17121	0	5.71823		300	0.182081	0.000491441	0.000491441	-0.000632046	0	0	0	0.182081	0	-0.426642	-237.002	0	213.464	213.464	-2.13163e-14	12.4428	0	0	0	0	0	0	0	0	0	0	0	0	0	0	0	0	0	0	0	0	0	0	0	0	0	0	0	0	0	0	0	0	0	
1	1	1	109	3.27		300	0	0	0.00545	0.00545	-0.00564361	0	0	0	94.4997	94.4997	2.01056e-06	0	0	0	0.556451	-5.18455	0	5.74101		300	0.18391	0.000516246	0.000516246	-0.000663952	0	0	0	0.18391	0	-0.426642	-237.002	0	213.464	213.464	-2.13163e-14	12.4428	0	0	0	0	0	0	0	0	0	0	0	0	0	0	0	0	0	0	0	0	0	0	0	0	0	0	0	0	0	0	0	0	0	
1	1	1	110	3.3		300	0	0	0.0055	0.0055	-0.00570106	0	0	0	94.9749	94.9749	2.04099e-06	0	0	0	0.565925	-5.19778	0	5.76371		300	0.185734	0.000541433	0.000541433	-0.000696351	0	0	0	0.185734	0	-0.426642	-237.002	0	213.464	213.464	-2.13163e-14	12.4428	0	0	0	0	0	0	0	0	0	0	0	0	0	0	0	0	0	0	0	0	0	0	0	0	0	0	0	0	0	0	0	0	0	
1	1	1	111	3.33		300	0	0	0.00555	0.00555	-0.0057586	0	0	0	95.4431	95.4431	2.07173e-06	0	0	0	0.575446	-5.21089	0	5.78634		300	0.187551	0.000566991	0.000566991	-0.000729227	0	0	0	0.187551	0	-0.426642	-237.002	0	213.464	213.464	-2.13163e-14	12.4428	0	0	0	0	0	0	0	0	0	0	0	0	0	0	0	0	0	0	0	0	0	0	0	0	0	0	0	0	0	0	0	0	0	
1	1	1	112	3.36		300	0	0	0.0056	0.0056	-0.00581625	0	0	0	95.9044	95.9044	2.10275e-06	0	0	0	0.585013	-5.22389	0	5.8089		300	0.189363	0.000592908	0.000592908	-0.000762565	0	0	0	0.189363	0	-0.426642	-237.002	0	213.464	213.464	-2.13163e-14	12.4428	0	0	0	0	0	0	0	0	0	0	0	0	0	0	0	0	0	0	0	0	0	0	0	0	0	0	0	0	0	0	0	0	0	
1	1	1	113	3.39		300	0	0	0.00565	0.00565	-0.00587399	0	0	0	96.359	96.359	2.13401e-06	0	0	0	0.594626	-5.23676	0	5.83139		300	0.191169	0.000619175	0.000619175	-0.000796353	0	0	0	0.191169	0	-0.426642	-237.002	0	213.464	213.464	-2.13163e-14	12.4428	0	0	0	0	0	0	0	0	0	0	0	0	0	0	0	0	0	0	0	0	0	0	0	0	0	0	0	0	0	0	0	0	0	
1	1	1	114	3.42		300	0	0	0.0057	0.0057	-0.00593183	0	0	0	96.8071	96.8071	2.16549e-06	0	0	0	0.604285	-5.24952	0	5.8538		300	0.192969	0.000645779	0.000645779	-0.000830575	0	0	0	0.192969	0	-0.426642	-237.002	0	213.464	213.464	-2.13163e-14	12.4428	0	0	0	0	0	0	0	0	0	0	0	0	0	0	0	0	0	0	0	0	0	0	0	0	0	0	0	0	0	0	0	0	0	
1	1	1	115	3.45		300	0	0	0.00575	0.00575	-0.00598975	0	0	0	97.2489	97.2489	2.19717e-06	0	0	0	0.613987	-5.26216	0	5.87615		300	0.194764	0.000672713	0.000672713	-0.000865221	0	0	0	0.194764	0	-0.426642	-237.002	0	213.464	213.464	-2.13163e-14	12.4428	0	0	0	0	0	0	0	0	0	0	0	0	0	0	0	0	0	0	0	0	0	0	0	0	0	0	0	0	0	0	0	0	0	
1	1	1	116	3.48		300	0	0	0.0058	0.0058	-0.00604777	0	0	0	97.6846	97.6846	2.22903e-06	0	0	0	0.623734	-5.27469	0	5.89843		300	0.196553	0.000699965	0.000699965	-0.000900278	0	0	0	0.196553	0	-0.426642	-237.002	0	213.464	213.464	-2.13163e-14	12.4428	0	0	0	0	0	0	0	0	0	0	0	0	0	0	0	0	0	0	0	0	0	0	0	0	0	0	0	0	0	0	0	0	0	
1	1	1	117	3.51		300	0	0	0.00585	0.00585	-0.00610587	0	0	0	98.1143	98.1143	2.26105e-06	0	0	0	0.633524	-5.28711	0	5.92063		300	0.198336	0.000727527	0.000727527	-0.000935733	0	0	0	0.198336	0	-0.426642	-237.002	0	213.464	213.464	-2.13163e-14	12.4428	0	0	0	0	0	0	0	0	0	0	0	0	0	0	0	0	0	0	0	0	0	0	0	0	0	0	0	0	0	0	0	0	0	
1	1	1	118	3.54		300	0	0	0.0059	0.0059	-0.00616405	0	0	0	98.5383	98.5383	2.2932e-06	0	0	0	0.643357	-5.29941	0	5.94277		300	0.200113	0.000755391	0.000755391	-0.000971576	0	0	0	0.200113	0	-0.426642	-237.002	0	213.464	213.464	-2.13163e-14	12.4428	0	0	0	0	0	0	0	0	0	0	0	0	0	0	0	0	0	0	0	0	0	0	0	0	0	0	0	0	0	0	0	0	0	
1	1	1	119	3.57		300	0	0	0.00595	0.00595	-0.00622232	0	0	0	98.9567	98.9567	2.32548e-06	0	0	0	0.653231	-5.3116	0	5.96483		300	0.201885	0.000783547	0.000783547	-0.0010078	0	0	0	0.201885	0	-0.426642	-237.002	0	213.464	213.464	-2.13163e-14	12.4428	0	0	0	0	0	0	0	0	0	0	0	0	0	0	0	0	0	0	0	0	0	0	0	0	0	0	0	0	0	0	0	0	0	
1	1	1	120	3.6		300	0	0	0.006	0.006	-0.00628067	0	0	0	99.3697	99.3697	2.35786e-06	0	0	0	0.663148	-5.32368	0	5.98683		300	0.203652	0.000811988	0.000811988	-0.00104438	0	0	0	0.203652	0	-0.426642	-237.002	0	213.464	213.464	-2.13163e-14	12.4428	0	0	0	0	0	0	0	0	0	0	0	0	0	0	0	0	0	0	0	0	0	0	0	0	0	0	0	0	0	0	0	0	0	
1	1	1	121	3.63		300	0	0	0.00605	0.00605	-0.00633909	0	0	0	99.7773	99.7773	2.39033e-06	0	0	0	0.673105	-5.33565	0	6.00876		300	0.205412	0.000840705	0.000840705	-0.00108132	0	0	0	0.205412	0	-0.426642	-237.002	0	213.464	213.464	-2.13163e-14	12.4428	0	0	0	0	0	0	0	0	0	0	0	0	0	0	0	0	0	0	0	0	0	0	0	0	0	0	0	0	0	0	0	0	0	
1	1	1	122	3.66		300	0	0	0.0061	0.0061	-0.00639759	0	0	0	100.18	100.18	2.42288e-06	0	0	0	0.683103	-5.34751	0	6.03062		300	0.207167	0.000869692	0.000869692	-0.00111861	0	0	0	0.207167	0	-0.426642	-237.002	0	213.464	213.464	-2.13163e-14	12.4428	0	0	0	0	0	0	0	0	0	0	0	0	0	0	0	0	0	0	0	0	0	0	0	0	0	0	0	0	0	0	0	0	0	
1	1	1	123	3.69		300	0	0	0.00615	0.00615	-0.00645616	0	0	0	100.577	100.577	2.45549e-06	0	0	0	0.693141	-5.35927	0	6.05241		300	0.208917	0.000898941	0.000898941	-0.00115624	0	0	0	0.208917	0	-0.426642	-237.002	0	213.464	213.464	-2.13163e-14	12.4428	0	0	0	0	0	0	0	0	0	0	0	0	0	0	0	0	0	0	0	0	0	0	0	0	0	0	0	0	0	0	0	0	0	
1	1	1	124	3.72		300	0	0	0.0062	0.0062	-0.0065148	0	0	0	100.97	100.97	2.48816e-06	0	0	0	0.703218	-5.37091	0	6.07413		300	0.210661	0.000928445	0.000928445	-0.00119419	0	0	0	0.210661	0	-0.426642	-237.002	0	213.464	213.464	-2.13163e-14	12.4428	0	0	0	0	0	0	0	0	0	0	0	0	0	0	0	0	0	0	0	0	0	0	0	0	0	0	0	0	0	0	0	0	0	
1	1	1	125	3.75		300	0	0	0.00625	0.00625	-0.00657351	0	0	0	101.358	101.358	2.52087e-06	0	0	0	0.713335	-5.38245	0	6.09579		300	0.2124	0.000958197	0.000958197	-0.00123246	0	0	0	0.2124	0	-0.426642	-237.002	0	213.464	213.464	-2.13163e-14	12.4428	0	0	0	0	0	0	0	0	0	0	0	0	0	0	0	0	0	0	0	0	0	0	0	0	0	0	0	0	0	0	0	0	0	
1	1	1	126	3.78		300	0	0	0.0063	0.0063	-0.00663228	0	0	0	101.741	101.741	2.55361e-06	0	0	0	0.723489	-5.39389	0	6.11738		300	0.214134	0.00098819	0.00098819	-0.00127105	0	0	0	0.214134	0	-0.426642	-237.002	0	213.464	213.464	-2.13163e-14	12.4428	0	0	0	0	0	0	0	0	0	0	0	0	0	0	0	0	0	0	0	0	0	0	0	0	0	0	0	0	0	0	0	0	0	
1	1	1	127	3.81		300	0	0	0.00635	0.00635	-0.00669113	0	0	0	102.12	102.12	2.58637e-06	0	0	0	0.733682	-5.40522	0	6.13891		300	0.215862	0.00101842	0.00101842	-0.00130994	0	0	0	0.215862	0	-0.426642	-237.002	0	213.464	213.464	-2.13163e-14	12.4428	0	0	0	0	0	0	0	0	0	0	0	0	0	0	0	0	0	0	0	0	0	0	0	0	0	0	0	0	0	0	0	0	0	
1	1	1	128	3.84		300	0	0	0.0064	0.0064	-0.00675003	0	0	0	102.494	102.494	2.61914e-06	0	0	0	0.743913	-5.41645	0	6.16037		300	0.217585	0.00104888	0.00104888	-0.00134912	0	0	0	0.217585	0	-0.426642	-237.002	0	213.464	213.464	-2.13163e-14	12.4428	0	0	0	0	0	0	0	0	0	0	0	0	0	0	0	0	0	0	0	0	0	0	0	0	0	0	0	0	0	0	0	0	0	
1	1	1	129	3.87		300	0	0	0.00645	0.00645	-0.006809	0	0	0	102.864	102.864	2.65192e-06	0	0	0	0.754181	-5.42758	0	6.18176		300	0.219303	0.00107956	0.00107956	-0.00138859	0	0	0	0.219303	0	-0.426642	-237.002	0	213.464	213.464	-2.13163e-14	12.4428	0	0	0	0	0	0	0	0	0	0	0	0	0	0	0	0	0	0	0	0	0	0	0	0	0	0	0	0	0	0	0	0	0	
1	1	1	130	3.9		300	0	0	0.0065	0.0065	-0.00686803	0	0	0	103.23	103.23	2.6847e-06	0	0	0	0.764486	-5.43861	0	6.2031		300	0.221015	0.00111046	0.00111046	-0.00142834	0	0	0	0.221015	0	-0.426642	-237.002	0	213.464	213.464	-2.13163e-14	12.4428	0	0	0	0	0	0	0	0	0	0	0	0	0	0	0	0	0	0	0	0	0	0	0	0	0	0	0	0	0	0	0	0	0	
1	1	1	131	3.93		300	0	0	0.00655	0.00655	-0.00692712	0	0	0	103.591	103.591	2.71747e-06	0	0	0	0.774827	-5.44954	0	6.22436		300	0.222723	0.00114158	0.00114158	-0.00146837	0	0	0	0.222723	0	-0.426642	-237.002	0	213.464	213.464	-2.13163e-14	12.4428	0	0	0	0	0	0	0	0	0	0	0	0	0	0	0	0	0	0	0	0	0	0	0	0	0	0	0	0	0	0	0	0	0	
1	1	1	132	3.96		300	0	0	0.0066	0.0066	-0.00698626	0	0	0	103.949	103.949	2.75023e-06	0	0	0	0.785204	-5.46037	0	6.24557		300	0.224425	0.0011729	0.0011729	-0.00150866	0	0	0	0.224425	0	-0.426642	-237.002	0	213.464	213.464	-2.13163e-14	12.4428	0	0	0	0	0	0	0	0	0	0	0	0	0	0	0	0	0	0	0	0	0	0	0	0	0	0	0	0	0	0	0	0	0	
1	1	1	133	3.99		300	0	0	0.00665	0.00665	-0.00704546	0	0	0	104.303	104.303	2.78296e-06	0	0	0	0.795616	-5.4711	0	6.26671		300	0.226122	0.00120442	0.00120442	-0.00154921	0	0	0	0.226122	0	-0.426642	-237.002	0	213.464	213.464	-2.13163e-14	12.4428	0	0	0	0	0	0	0	0	0	0	0	0	0	0	0	0	0	0	0	0	0	0	0	0	0	0	0	0	0	0	0	0	0	
1	1	1	134	4.02		300	0	0	0.0067	0.0067	-0.00710472	0	0	0	104.653	104.653	2.81567e-06	0	0	0	0.806064	-5.48173	0	6.2878		300	0.227815	0.00123614	0.00123614	-0.00159002	0	0	0	0.227815	0	-0.426642	-237.002	0	213.464	213.464	-2.13163e-14	12.4428	0	0	0	0	0	0	0	0	0	0	0	0	0	0	0	0	0	0	0	0	0	0	0	0	0	0	0	0	0	0	0	0	0	
1	1	1	135	4.05		300	0	0	0.00675	0.00675	-0.00716403	0	0	0	105	105	2.84835e-06	0	0	0	0.816547	-5.49227	0	6.30882		300	0.229502	0.00126805	0.00126805	-0.00163107	0	0	0	0.229502	0	-0.426642	-237.002	0	213.464	213.464	-2.13163e-14	12.4428	0	0	0	0	0	0	0	0	0	0	0	0	0	0	0	0	0	0	0	0	0	0	0	0	0	0	0	0	0	0	0	0	0	
1	1	1	136	4.08		300	0	0	0.0068	0.0068	-0.00722339	0	0	0	105.342	105.342	2.88099e-06	0	0	0	0.827064	-5.50271	0	6.32978		300	0.231185	0.00130016	0.00130016	-0.00167237	0	0	0	0.231185	0	-0.426642	-237.002	0	213.464	213.464	-2.13163e-14	12.4428	0	0	0	0	0	0	0	0	0	0	0	0	0	0	0	0	0	0	0	0	0	0	0	0	0	0	0	0	0	0	0	0	0	
1	1	1	137	4.11		300	0	0	0.00685	0.00685	-0.0072828	0	0	0	105.682	105.682	2.91359e-06	0	0	0	0.837615	-5.51306	0	6.35068		300	0.232863	0.00133244	0.00133244	-0.0017139	0	0	0	0.232863	0	-0.426642	-237.002	0	213.464	213.464	-2.13163e-14	12.4428	0	0	0	0	0	0	0	0	0	0	0	0	0	0	0	0	0	0	0	0	0	0	0	0	0	0	0	0	0	0	0	0	0	
1	1	1	138	4.14		300	0	0	0.0069	0.0069	-0.00734227	0	0	0	106.018	106.018	2.94615e-06	0	0	0	0.8482	-5.52332	0	6.37152		300	0.234536	0.00136491	0.00136491	-0.00175567	0	0	0	0.234536	0	-0.426642	-237.002	0	213.464	213.464	-2.13163e-14	12.4428	0	0	0	0	0	0	0	0	0	0	0	0	0	0	0	0	0	0	0	0	0	0	0	0	0	0	0	0	0	0	0	0	0	
1	1	1	139	4.17		300	0	0	0.00695	0.00695	-0.00740178	0	0	0	106.35	106.35	2.97866e-06	0	0	0	0.858818	-5.53349	0	6.3923		300	0.236204	0.00139755	0.00139755	-0.00179766	0	0	0	0.236204	0	-0.426642	-237.002	0	213.464	213.464	-2.13163e-14	12.4428	0	0	0	0	0	0	0	0	0	0	0	0	0	0	0	0	0	0	0	0	0	0	0	0	0	0	0	0	0	0	0	0	0	
1	1	1	140	4.2		300	0	0	0.007	0.007	-0.00746134	0	0	0	106.679	106.679	3.01112e-06	0	0	0	0.86947	-5.54356	0	6.41303		300	0.237867	0.00143036	0.00143036	-0.00183987	0	0	0	0.237867	0	-0.426642	-237.002	0	213.464	213.464	-2.13163e-14	12.4428	0	0	0	0	0	0	0	0	0	0	0	0	0	0	0	0	0	0	0	0	0	0	0	0	0	0	0	0	0	0	0	0	0	
1	1	1	141	4.23		300	0	0	0.00705	0.00705	-0.00752094	0	0	0	107.005	107.005	3.04353e-06	0	0	0	0.880154	-5.55354	0	6.4337		300	0.239526	0.00146334	0.00146334	-0.0018823	0	0	0	0.239526	0	-0.426642	-237.002	0	213.464	213.464	-2.13163e-14	12.4428	0	0	0	0	0	0	0	0	0	0	0	0	0	0	0	0	0	0	0	0	0	0	0	0	0	0	0	0	0	0	0	0	0	
1	1	1	142	4.26		300	0	0	0.0071	0.0071	-0.00758059	0	0	0	107.328	107.328	3.07587e-06	0	0	0	0.890871	-5.56343	0	6.45431		300	0.241181	0.00149649	0.00149649	-0.00192494	0	0	0	0.241181	0	-0.426642	-237.002	0	213.464	213.464	-2.13163e-14	12.4428	0	0	0	0	0	0	0	0	0	0	0	0	0	0	0	0	0	0	0	0	0	0	0	0	0	0	0	0	0	0	0	0	0	
1	1	1	143	4.29		300	0	0	0.00715	0.00715	-0.00764029	0	0	0	107.648	107.648	3.10816e-06	0	0	0	0.90162	-5.57324	0	6.47486		300	0.24283	0.00152979	0.00152979	-0.00196778	0	0	0	0.24283	0	-0.426642	-237.002	0	213.464	213.464	-2.13163e-14	12.4428	0	0	0	0	0	0	0	0	0	0	0	0	0	0	0	0	0	0	0	0	0	0	0	0	0	0	0	0	0	0	0	0	0	
1	1	1	144	4.32		300	0	0	0.0072	0.0072	-0.00770003	0	0	0	107.965	107.965	3.14039e-06	0	0	0	0.9124	-5.58296	0	6.49536		300	0.244475	0.00156325	0.00156325	-0.00201083	0	0	0	0.244475	0	-0.426642	-237.002	0	213.464	213.464	-2.13163e-14	12.4428	0	0	0	0	0	0	0	0	0	0	0	0	0	0	0	0	0	0	0	0	0	0	0	0	0	0	0	0	0	0	0	0	0	
1	1	1	145	4.35		300	0	0	0.00725	0.00725	-0.00775981	0	0	0	108.278	108.278	3.17255e-06	0	0	0	0.923212	-5.59259	0	6.5158		300	0.246116	0.00159687	0.00159687	-0.00205408	0	0	0	0.246116	0	-0.426642	-237.002	0	213.464	213.464	-2.13163e-14	12.4428	0	0	0	0	0	0	0	0	0	0	0	0	0	0	0	0	0	0	0	0	0	0	0	0	0	0	0	0	0	0	0	0	0	
1	1	1	146	4.38		300	0	0	0.0073	0.0073	-0.00781963	0	0	0	108.589	108.589	3.20465e-06	0	0	0	0.934056	-5.60213	0	6.53618		300	0.247753	0.00163063	0.00163063	-0.00209751	0	0	0	0.247753	0	-0.426642	-237.002	0	213.464	213.464	-2.13163e-14	12.4428	0	0	0	0	0	0	0	0	0	0	0	0	0	0	0	0	0	0	0	0	0	0	0	0	0	0	0	0	0	0	0	0	0	
1	1	1	147	4.41		300	0	0	0.00735	0.00735	-0.0078795	0	0	0	108.898	108.898	3.23667e-06	0	0	0	0.94493	-5.61159	0	6.55652		300	0.249384	0.00166454	0.00166454	-0.00214114	0	0	0	0.249384	0	-0.426642	-237.002	0	213.464	213.464	-2.13163e-14	12.4428	0	0	0	0	0	0	0	0	0	0	0	0	0	0	0	0	0	0	0	0	0	0	0	0	0	0	0	0	0	0	0	0	0	
1	1	1	148	4.44		300	0	0	0.0074	0.0074	-0.0079394	0	0	0	109.203	109.203	3.26863e-06	0	0	0	0.955835	-5.62096	0	6.5768		300	0.251012	0.0016986	0.0016986	-0.00218495	0	0	0	0.251012	0	-0.426642	-237.002	0	213.464	213.464	-2.13163e-14	12.4428	0	0	0	0	0	0	0	0	0	0	0	0	0	0	0	0	0	0	0	0	0	0	0	0	0	0	0	0	0	0	0	0	0	
1	1	1	149	4.47		300	0	0	0.00745	0.00745	-0.00799935	0	0	0	109.506	109.506	3.30052e-06	0	0	0	0.966771	-5.63025	0	6.59702		300	0.252635	0.0017328	0.0017328	-0.00222894	0	0	0	0.252635	0	-0.426642	-237.002	0	213.464	213.464	-2.13163e-14	12.4428	0	0	0	0	0	0	0	0	0	0	0	0	0	0	0	0	0	0	0	0	0	0	0	0	0	0	0	0	0	0	0	0	0	
1	1	1	150	4.5		300	0	0	0.0075	0.0075	-0.00805933	0	0	0	109.806	109.806	3.33233e-06	0	0	0	0.977736	-5.63946	0	6.61719		300	0.254254	0.00176713	0.00176713	-0.00227311	0	0	0	0.254254	0	-0.426642	-237.002	0	213.464	213.464	-2.13163e-14	12.4428	0	0	0	0	0	0	0	0	0	0	0	0	0	0	0	0	0	0	0	0	0	0	0	0	0	0	0	0	0	0	0	0	0	
1	1	1	151	4.53		300	0	0	0.00755	0.00755	-0.00811935	0	0	0	110.103	110.103	3.36406e-06	0	0	0	0.988732	-5.64858	0	6.63731		300	0.255869	0.0018016	0.0018016	-0.00231746	0	0	0	0.255869	0	-0.426642	-237.002	0	213.464	213.464	-2.13163e-14	12.4428	0	0	0	0	0	0	0	0	0	0	0	0	0	0	0	0	0	0	0	0	0	0	0	0	0	0	0	0	0	0	0	0	0	
1	1	1	152	4.56		300	0	0	0.0076	0.0076	-0.0081794	0	0	0	110.398	110.398	3.39573e-06	0	0	0	0.999757	-5.65763	0	6.65738		300	0.25748	0.0018362	0.0018362	-0.00236197	0	0	0	0.25748	0	-0.426642	-237.002	0	213.464	213.464	-2.13163e-14	12.4428	0	0	0	0	0	0	0	0	0	0	0	0	0	0	0	0	0	0	0	0	0	0	0	0	0	0	0	0	0	0	0	0	0	
1	1	1	153	4.59		300	0	0	0.00765	0.00765	-0.00823949	0	0	0	110.691	110.691	3.42731e-06	0	0	0	1.01081	-5.66659	0	6.6774		300	0.259086	0.00187093	0.00187093	-0.00240665	0	0	0	0.259086	0	-0.426642	-237.002	0	213.464	213.464	-2.13163e-14	12.4428	0	0	0	0	0	0	0	0	0	0	0	0	0	0	0	0	0	0	0	0	0	0	0	0	0	0	0	0	0	0	0	0	0	
1	1	1	154	4.62		300	0	0	0.0077	0.0077	-0.00829962	0	0	0	110.981	110.981	3.45882e-06	0	0	0	1.02189	-5.67547	0	6.69737		300	0.260689	0.00190579	0.00190579	-0.0024515	0	0	0	0.260689	0	-0.426642	-237.002	0	213.464	213.464	-2.13163e-14	12.4428	0	0	0	0	0	0	0	0	0	0	0	0	0	0	0	0	0	0	0	0	0	0	0	0	0	0	0	0	0	0	0	0	0	
1	1	1	155	4.65		300	0	0	0.00775	0.00775	-0.00835978	0	0	0	111.268	111.268	3.49025e-06	0	0	0	1.03301	-5.68428	0	6.71728		300	0.262287	0.00194077	0.00194077	-0.0024965	0	0	0	0.262287	0	-0.426642	-237.002	0	213.464	213.464	-2.13163e-14	12.4428	0	0	0	0	0	0	0	0	0	0	0	0	0	0	0	0	0	0	0	0	0	0	0	0	0	0	0	0	0	0	0	0	0	
1	1	1	156	4.68		300	0	0	0.0078	0.0078	-0.00841998	0	0	0	111.554	111.554	3.52159e-06	0	0	0	1.04415	-5.693	0	6.73715		300	0.263882	0.00197588	0.00197588	-0.00254166	0	0	0	0.263882	0	-0.426642	-237.002	0	213.464	213.464	-2.13163e-14	12.4428	0	0	0	0	0	0	0	0	0	0	0	0	0	0	0	0	0	0	0	0	0	0	0	0	0	0	0	0	0	0	0	0	0	
1	1	1	157	4.71		300	0	0	0.00785	0.00785	-0.00848021	0	0	0	111.837	111.837	3.55286e-06	0	0	0	1.05532	-5.70165	0	6.75697		300	0.265472	0.0020111	0.0020111	-0.00258698	0	0	0	0.265472	0	-0.426642	-237.002	0	213.464	213.464	-2.13163e-14	12.4428	0	0	0	0	0	0	0	0	0	0	0	0	0	0	0	0	0	0	0	0	0	0	0	0	0	0	0	0	0	0	0	0	0	
1	1	1	158	4.74		300	0	0	0.0079	0.0079	-0.00854047	0	0	0	112.117	112.117	3.58405e-06	0	0	0	1.06652	-5.71022	0	6.77674		300	0.267058	0.00204645	0.00204645	-0.00263245	0	0	0	0.267058	0	-0.426642	-237.002	0	213.464	213.464	-2.13163e-14	12.4428	0	0	0	0	0	0	0	0	0	0	0	0	0	0	0	0	0	0	0	0	0	0	0	0	0	0	0	0	0	0	0	0	0	
1	1	1	159	4.77		300	0	0	0.00795	0.00795	-0.00860076	0	0	0	112.396	112.396	3.61515e-06	0	0	0	1.07774	-5.71871	0	6.79646		300	0.268641	0.0020819	0.0020819	-0.00267806	0	0	0	0.268641	0	-0.426642	-237.002	0	213.464	213.464	-2.13163e-14	12.4428	0	0	0	0	0	0	0	0	0	0	0	0	0	0	0	0	0	0	0	0	0	0	0	0	0	0	0	0	0	0	0	0	0	
1	1	1	160	4.8		300	0	0	0.008	0.008	-0.00866109	0	0	0	112.672	112.672	3.64618e-06	0	0	0	1.08899	-5.72713	0	6.81613		300	0.27022	0.00211747	0.00211747	-0.00272382	0	0	0	0.27022	0	-0.426642	-237.002	0	213.464	213.464	-2.13163e-14	12.4428	0	0	0	0	0	0	0	0	0	0	0	0	0	0	0	0	0	0	0	0	0	0	0	0	0	0	0	0	0	0	0	0	0	
1	1	1	161	4.83		300	0	0	0.00805	0.00805	-0.00872144	0	0	0	112.946	112.946	3.67712e-06	0	0	0	1.10028	-5.73548	0	6.83575		300	0.271794	0.00215315	0.00215315	-0.00276972	0	0	0	0.271794	0	-0.426642	-237.002	0	213.464	213.464	-2.13163e-14	12.4428	0	0	0	0	0	0	0	0	0	0	0	0	0	0	0	0	0	0	0	0	0	0	0	0	0	0	0	0	0	0	0	0	0	
1	1	1	162	4.86		300	0	0	0.0081	0.0081	-0.00878183	0	0	0	113.219	113.219	3.70797e-06	0	0	0	1.11158	-5.74375	0	6.85533		300	0.273365	0.00218894	0.00218894	-0.00281577	0	0	0	0.273365	0	-0.426642	-237.002	0	213.464	213.464	-2.13163e-14	12.4428	0	0	0	0	0	0	0	0	0	0	0	0	0	0	0	0	0	0	0	0	0	0	0	0	0	0	0	0	0	0	0	0	0	
1	1	1	163	4.89		300	0	0	0.00815	0.00815	-0.00884224	0	0	0	113.489	113.489	3.73875e-06	0	0	0	1.12292	-5.75194	0	6.87486		300	0.274933	0.00222484	0.00222484	-0.00286195	0	0	0	0.274933	0	-0.426642	-237.002	0	213.464	213.464	-2.13163e-14	12.4428	0	0	0	0	0	0	0	0	0	0	0	0	0	0	0	0	0	0	0	0	0	0	0	0	0	0	0	0	0	0	0	0	0	
1	1	1	164	4.92		300	0	0	0.0082	0.0082	-0.00890268	0	0	0	113.757	113.757	3.76943e-06	0	0	0	1.13428	-5.76006	0	6.89434		300	0.276496	0.00226084	0.00226084	-0.00290826	0	0	0	0.276496	0	-0.426642	-237.002	0	213.464	213.464	-2.13163e-14	12.4428	0	0	0	0	0	0	0	0	0	0	0	0	0	0	0	0	0	0	0	0	0	0	0	0	0	0	0	0	0	0	0	0	0	
1	1	1	165	4.95		300	0	0	0.00825	0.00825	-0.00896316	0	0	0	114.023	114.023	3.80004e-06	0	0	0	1.14567	-5.76811	0	6.91378		300	0.278056	0.00229694	0.00229694	-0.00295471	0	0	0	0.278056	0	-0.426642	-237.002	0	213.464	213.464	-2.13163e-14	12.4428	0	0	0	0	0	0	0	0	0	0	0	0	0	0	0	0	0	0	0	0	0	0	0	0	0	0	0	0	0	0	0	0	0	
1	1	1	166	4.98		300	0	0	0.0083	0.0083	-0.00902366	0	0	0	114.287	114.287	3.83056e-06	0	0	0	1.15709	-5.77609	0	6.93318		300	0.279612	0.00233315	0.00233315	-0.00300128	0	0	0	0.279612	0	-0.426642	-237.002	0	213.464	213.464	-2.13163e-14	12.4428	0	0	0	0	0	0	0	0	0	0	0	0	0	0	0	0	0	0	0	0	0	0	0	0	0	0	0	0	0	0	0	0	0	
1	1	1	167	5.01		300	0	0	0.00835	0.00835	-0.00908419	0	0	0	114.55	114.55	3.86099e-06	0	0	0	1.16853	-5.784	0	6.95252		300	0.281165	0.00236945	0.00236945	-0.00304799	0	0	0	0.281165	0	-0.426642	-237.002	0	213.464	213.464	-2.13163e-14	12.4428	0	0	0	0	0	0	0	0	0	0	0	0	0	0	0	0	0	0	0	0	0	0	0	0	0	0	0	0	0	0	0	0	0	
1	1	1	168	5.04		300	0	0	0.0084	0.0084	-0.00914474	0	0	0	114.81	114.81	3.89135e-06	0	0	0	1.18	-5.79183	0	6.97183		300	0.282714	0.00240585	0.00240585	-0.00309482	0	0	0	0.282714	0	-0.426642	-237.002	0	213.464	213.464	-2.13163e-14	12.4428	0	0	0	0	0	0	0	0	0	0	0	0	0	0	0	0	0	0	0	0	0	0	0	0	0	0	0	0	0	0	0	0	0	
1	1	1	169	5.07		300	0	0	0.00845	0.00845	-0.00920532	0	0	0	115.069	115.069	3.92161e-06	0	0	0	1.19149	-5.7996	0	6.99109		300	0.28426	0.00244235	0.00244235	-0.00314177	0	0	0	0.28426	0	-0.426642	-237.002	0	213.464	213.464	-2.13163e-14	12.4428	0	0	0	0	0	0	0	0	0	0	0	0	0	0	0	0	0	0	0	0	0	0	0	0	0	0	0	0	0	0	0	0	0	
1	1	1	170	5.1		300	0	0	0.0085	0.0085	-0.00926593	0	0	0	115.326	115.326	3.95179e-06	0	0	0	1.20301	-5.80729	0	7.0103		300	0.285802	0.00247894	0.00247894	-0.00318884	0	0	0	0.285802	0	-0.426642	-237.002	0	213.464	213.464	-2.13163e-14	12.4428	0	0	0	0	0	0	0	0	0	0	0	0	0	0	0	0	0	0	0	0	0	0	0	0	0	0	0	0	0	0	0	0	0	
1	1	1	171	5.13		300	0	0	0.00855	0.00855	-0.00932656	0	0	0	115.581	115.581	3.98189e-06	0	0	0	1.21455	-5.81492	0	7.02948		300	0.28734	0.00251562	0.00251562	-0.00323603	0	0	0	0.28734	0	-0.426642	-237.002	0	213.464	213.464	-2.13163e-14	12.4428	0	0	0	0	0	0	0	0	0	0	0	0	0	0	0	0	0	0	0	0	0	0	0	0	0	0	0	0	0	0	0	0	0	
1	1	1	172	5.16		300	0	0	0.0086	0.0086	-0.00938722	0	0	0	115.834	115.834	4.0119e-06	0	0	0	1.22613	-5.82248	0	7.04861		300	0.288875	0.00255239	0.00255239	-0.00328334	0	0	0	0.288875	0	-0.426642	-237.002	0	213.464	213.464	-2.13163e-14	12.4428	0	0	0	0	0	0	0	0	0	0	0	0	0	0	0	0	0	0	0	0	0	0	0	0	0	0	0	0	0	0	0	0	0	
1	1	1	173	5.19		300	0	0	0.00865	0.00865	-0.0094479	0	0	0	116.086	116.086	4.04182e-06	0	0	0	1.23772	-5.82997	0	7.06769		300	0.290407	0.00258926	0.00258926	-0.00333077	0	0	0	0.290407	0	-0.426642	-237.002	0	213.464	213.464	-2.13163e-14	12.4428	0	0	0	0	0	0	0	0	0	0	0	0	0	0	0	0	0	0	0	0	0	0	0	0	0	0	0	0	0	0	0	0	0	
1	1	1	174	5.22		300	0	0	0.0087	0.0087	-0.00950861	0	0	0	116.336	116.336	4.07166e-06	0	0	0	1.24934	-5.83739	0	7.08674		300	0.291935	0.00262621	0.00262621	-0.0033783	0	0	0	0.291935	0	-0.426642	-237.002	0	213.464	213.464	-2.13163e-14	12.4428	0	0	0	0	0	0	0	0	0	0	0	0	0	0	0	0	0	0	0	0	0	0	0	0	0	0	0	0	0	0	0	0	0	
1	1	1	175	5.25		300	0	0	0.00875	0.00875	-0.00956934	0	0	0	116.584	116.584	4.10142e-06	0	0	0	1.26099	-5.84475	0	7.10574		300	0.29346	0.00266324	0.00266324	-0.00342595	0	0	0	0.29346	0	-0.426642	-237.002	0	213.464	213.464	-2.13163e-14	12.4428	0	0	0	0	0	0	0	0	0	0	0	0	0	0	0	0	0	0	0	0	0	0	0	0	0	0	0	0	0	0	0	0	0	
1	1	1	176	5.28		300	0	0	0.0088	0.0088	-0.0096301	0	0	0	116.831	116.831	4.13109e-06	0	0	0	1.27266	-5.85204	0	7.1247		300	0.294981	0.00270036	0.00270036	-0.0034737	0	0	0	0.294981	0	-0.426642	-237.002	0	213.464	213.464	-2.13163e-14	12.4428	0	0	0	0	0	0	0	0	0	0	0	0	0	0	0	0	0	0	0	0	0	0	0	0	0	0	0	0	0	0	0	0	0	
1	1	1	177	5.31		300	0	0	0.00885	0.00885	-0.00969087	0	0	0	117.076	117.076	4.16067e-06	0	0	0	1.28435	-5.85927	0	7.14362		300	0.296499	0.00273757	0.00273757	-0.00352156	0	0	0	0.296499	0	-0.426642	-237.002	0	213.464	213.464	-2.13163e-14	12.4428	0	0	0	0	0	0	0	0	0	0	0	0	0	0	0	0	0	0	0	0	0	0	0	0	0	0	0	0	0	0	0	0	0	
1	1	1	178	5.34		300	0	0	0.0089	0.0089	-0.00975167	0	0	0	117.319	117.319	4.19017e-06	0	0	0	1.29607	-5.86643	0	7.1625		300	0.298014	0.00277485	0.00277485	-0.00356953	0	0	0	0.298014	0	-0.426642	-237.002	0	213.464	213.464	-2.13163e-14	12.4428	0	0	0	0	0	0	0	0	0	0	0	0	0	0	0	0	0	0	0	0	0	0	0	0	0	0	0	0	0	0	0	0	0	
1	1	1	179	5.37		300	0	0	0.00895	0.00895	-0.0098125	0	0	0	117.561	117.561	4.21959e-06	0	0	0	1.30782	-5.87352	0	7.18134		300	0.299526	0.00281222	0.00281222	-0.0036176	0	0	0	0.299526	0	-0.426642	-237.002	0	213.464	213.464	-2.13163e-14	12.4428	0	0	0	0	0	0	0	0	0	0	0	0	0	0	0	0	0	0	0	0	0	0	0	0	0	0	0	0	0	0	0	0	0	
1	1	1	180	5.4		300	0	0	0.009	0.009	-0.00987334	0	0	0	117.802	117.802	4.24892e-06	0	0	0	1.31959	-5.88055	0	7.20014		300	0.301034	0.00284966	0.00284966	-0.00366578	0	0	0	0.301034	0	-0.426642	-237.002	0	213.464	213.464	-2.13163e-14	12.4428	0	0	0	0	0	0	0	0	0	0	0	0	0	0	0	0	0	0	0	0	0	0	0	0	0	0	0	0	0	0	0	0	0	
1	1	1	181	5.43		300	0	0	0.00905	0.00905	-0.00993421	0	0	0	118.041	118.041	4.27816e-06	0	0	0	1.33138	-5.88752	0	7.2189		300	0.302539	0.00288719	0.00288719	-0.00371405	0	0	0	0.302539	0	-0.426642	-237.002	0	213.464	213.464	-2.13163e-14	12.4428	0	0	0	0	0	0	0	0	0	0	0	0	0	0	0	0	0	0	0	0	0	0	0	0	0	0	0	0	0	0	0	0	0	
1	1	1	182	5.46		300	0	0	0.0091	0.0091	-0.00999509	0	0	0	118.278	118.278	4.30732e-06	0	0	0	1.34319	-5.89442	0	7.23762		300	0.304041	0.00292479	0.00292479	-0.00376242	0	0	0	0.304041	0	-0.426642	-237.002	0	213.464	213.464	-2.13163e-14	12.4428	0	0	0	0	0	0	0	0	0	0	0	0	0	0	0	0	0	0	0	0	0	0	0	0	0	0	0	0	0	0	0	0	0	
1	1	1	183	5.49		300	0	0	0.00915	0.00915	-0.010056	0	0	0	118.514	118.514	4.3364e-06	0	0	0	1.35503	-5.90127	0	7.2563		300	0.30554	0.00296246	0.00296246	-0.00381089	0	0	0	0.30554	0	-0.426642	-237.002	0	213.464	213.464	-2.13163e-14	12.4428	0	0	0	0	0	0	0	0	0	0	0	0	0	0	0	0	0	0	0	0	0	0	0	0	0	0	0	0	0	0	0	0	0	
1	1	1	184	5.52		300	0	0	0.0092	0.0092	-0.0101169	0	0	0	118.749	118.749	4.36539e-06	0	0	0	1.3669	-5.90804	0	7.27494		300	0.307036	0.00300021	0.00300021	-0.00385945	0	0	0	0.307036	0	-0.426642	-237.002	0	213.464	213.464	-2.13163e-14	12.4428	0	0	0	0	0	0	0	0	0	0	0	0	0	0	0	0	0	0	0	0	0	0	0	0	0	0	0	0	0	0	0	0	0	
1	1	1	185	5.55		300	0	0	0.00925	0.00925	-0.0101779	0	0	0	118.982	118.982	4.3943e-06	0	0	0	1.37878	-5.91476	0	7.29355		300	0.308529	0.00303803	0.00303803	-0.00390811	0	0	0	0.308529	0	-0.426642	-237.002	0	213.464	213.464	-2.13163e-14	12.4428	0	0	0	0	0	0	0	0	0	0	0	0	0	0	0	0	0	0	0	0	0	0	0	0	0	0	0	0	0	0	0	0	0	
1	1	1	186	5.58		300	0	0	0.0093	0.0093	-0.0102388	0	0	0	119.214	119.214	4.42313e-06	0	0	0	1.39069	-5.92142	0	7.31211		300	0.310018	0.00307593	0.00307593	-0.00395686	0	0	0	0.310018	0	-0.426642	-237.002	0	213.464	213.464	-2.13163e-14	12.4428	0	0	0	0	0	0	0	0	0	0	0	0	0	0	0	0	0	0	0	0	0	0	0	0	0	0	0	0	0	0	0	0	0	
1	1	1	187	5.61		300	0	0	0.00935	0.00935	-0.0102998	0	0	0	119.445	119.445	4.45187e-06	0	0	0	1.40263	-5.92801	0	7.33064		300	0.311505	0.00311389	0.00311389	-0.0040057	0	0	0	0.311505	0	-0.426642	-237.002	0	213.464	213.464	-2.13163e-14	12.4428	0	0	0	0	0	0	0	0	0	0	0	0	0	0	0	0	0	0	0	0	0	0	0	0	0	0	0	0	0	0	0	0	0	
1	1	1	188	5.64		300	0	0	0.0094	0.0094	-0.0103608	0	0	0	119.674	119.674	4.48053e-06	0	0	0	1.41458	-5.93455	0	7.34913		300	0.312988	0.00315193	0.00315193	-0.00405463	0	0	0	0.312988	0	-0.426642	-237.002	0	213.464	213.464	-2.13163e-14	12.4428	0	0	0	0	0	0	0	0	0	0	0	0	0	0	0	0	0	0	0	0	0	0	0	0	0	0	0	0	0	0	0	0	0	
1	1	1	189	5.67		300	0	0	0.00945	0.00945	-0.0104219	0	0	0	119.902	119.902	4.50911e-06	0	0	0	1.42656	-5.94102	0	7.36758		300	0.314469	0.00319003	0.00319003	-0.00410365	0	0	0	0.314469	0	-0.426642	-237.002	0	213.464	213.464	-2.13163e-14	12.4428	0	0	0	0	0	0	0	0	0	0	0	0	0	0	0	0	0	0	0	0	0	0	0	0	0	0	0	0	0	0	0	0	0	
1	1	1	190	5.7		300	0	0	0.0095	0.0095	-0.0104829	0	0	0	120.128	120.128	4.5376e-06	0	0	0	1.43856	-5.94744	0	7.386		300	0.315946	0.0032282	0.0032282	-0.00415276	0	0	0	0.315946	0	-0.426642	-237.002	0	213.464	213.464	-2.13163e-14	12.4428	0	0	0	0	0	0	0	0	0	0	0	0	0	0	0	0	0	0	0	0	0	0	0	0	0	0	0	0	0	0	0	0	0	
1	1	1	191	5.73		300	0	0	0.00955	0.00955	-0.010544	0	0	0	120.354	120.354	4.56601e-06	0	0	0	1.45059	-5.95379	0	7.40438		300	0.317421	0.00326643	0.00326643	-0.00420195	0	0	0	0.317421	0	-0.426642	-237.002	0	213.464	213.464	-2.13163e-14	12.4428	0	0	0	0	0	0	0	0	0	0	0	0	0	0	0	0	0	0	0	0	0	0	0	0	0	0	0	0	0	0	0	0	0	
1	1	1	192	5.76		300	0	0	0.0096	0.0096	-0.0106051	0	0	0	120.578	120.578	4.59434e-06	0	0	0	1.46263	-5.96009	0	7.42272		300	0.318893	0.00330474	0.00330474	-0.00425122	0	0	0	0.318893	0	-0.426642	-237.002	0	213.464	213.464	-2.13163e-14	12.4428	0	0	0	0	0	0	0	0	0	0	0	0	0	0	0	0	0	0	0	0	0	0	0	0	0	0	0	0	0	0	0	0	0	
1	1	1	193	5.79		300	0	0	0.00965	0.00965	-0.0106662	0	0	0	120.8	120.8	4.62259e-06	0	0	0	1.4747	-5.96633	0	7.44103		300	0.320362	0.0033431	0.0033431	-0.00430058	0	0	0	0.320362	0	-0.426642	-237.002	0	213.464	213.464	-2.13163e-14	12.4428	0	0	0	0	0	0	0	0	0	0	0	0	0	0	0	0	0	0	0	0	0	0	0	0	0	0	0	0	0	0	0	0	0	
1	1	1	194	5.82		300	0	0	0.0097	0.0097	-0.0107273	0	0	0	121.022	121.022	4.65075e-06	0	0	0	1.48679	-5.97251	0	7.4593		300	0.321828	0.00338153	0.00338153	-0.00435002	0	0	0	0.321828	0	-0.426642	-237.002	0	213.464	213.464	-2.13163e-14	12.4428	0	0	0	0	0	0	0	0	0	0	0	0	0	0	0	0	0	0	0	0	0	0	0	0	0	0	0	0	0	0	0	0	0	
1	1	1	195	5.85		300	0	0	0.00975	0.00975	-0.0107884	0	0	0	121.243	121.243	4.67884e-06	0	0	0	1.49891	-5.97863	0	7.47754		300	0.323291	0.00342002	0.00342002	-0.00439954	0	0	0	0.323291	0	-0.426642	-237.002	0	213.464	213.464	-2.13163e-14	12.4428	0	0	0	0	0	0	0	0	0	0	0	0	0	0	0	0	0	0	0	0	0	0	0	0	0	0	0	0	0	0	0	0	0	
1	1	1	196	5.88		300	0	0	0.0098	0.0098	-0.0108496	0	0	0	121.462	121.462	4.70684e-06	0	0	0	1.51104	-5.98469	0	7.49574		300	0.324751	0.00345858	0.00345858	-0.00444914	0	0	0	0.324751	0	-0.426642	-237.002	0	213.464	213.464	-2.13163e-14	12.4428	0	0	0	0	0	0	0	0	0	0	0	0	0	0	0	0	0	0	0	0	0	0	0	0	0	0	0	0	0	0	0	0	0	
1	1	1	197	5.91		300	0	0	0.00985	0.00985	-0.0109107	0	0	0	121.68	121.68	4.73476e-06	0	0	0	1.5232	-5.9907	0	7.5139		300	0.326208	0.00349719	0.00349719	-0.00449881	0	0	0	0.326208	0	-0.426642	-237.002	0	213.464	213.464	-2.13163e-14	12.4428	0	0	0	0	0	0	0	0	0	0	0	0	0	0	0	0	0	0	0	0	0	0	0	0	0	0	0	0	0	0	0	0	0	
1	1	1	198	5.94		300	0	0	0.0099	0.0099	-0.0109719	0	0	0	121.897	121.897	4.7626e-06	0	0	0	1.53538	-5.99666	0	7.53203		300	0.327663	0.00353587	0.00353587	-0.00454857	0	0	0	0.327663	0	-0.426642	-237.002	0	213.464	213.464	-2.13163e-14	12.4428	0	0	0	0	0	0	0	0	0	0	0	0	0	0	0	0	0	0	0	0	0	0	0	0	0	0	0	0	0	0	0	0	0	
1	1	1	199	5.97		300	0	0	0.00995	0.00995	-0.0110331	0	0	0	122.113	122.113	4.79036e-06	0	0	0	1.54758	-6.00255	0	7.55013		300	0.329115	0.0035746	0.0035746	-0.00459839	0	0	0	0.329115	0	-0.426642	-237.002	0	213.464	213.464	-2.13163e-14	12.4428	0	0	0	0	0	0	0	0	0	0	0	0	0	0	0	0	0	0	0	0	0	0	0	0	0	0	0	0	0	0	0	0	0	
1	1	1	200	6		300	0	0	0.01	0.01	-0.0110943	0	0	0	122.327	122.327	4.81804e-06	0	0	0	1.5598	-6.00839	0	7.56819		300	0.330564	0.00361339	0.00361339	-0.0046483	0	0	0	0.330564	0	-0.426642	-237.002	0	213.464	213.464	-2.13163e-14	12.4428	0	0	0	0	0	0	0	0	0	0	0	0	0	0	0	0	0	0	0	0	0	0	0	0	0	0	0	0	0	0	0	0	0	
1	1	1	201	6.03		300	0	0	0.01005	0.01005	-0.0111556	0	0	0	122.541	122.541	4.84564e-06	0	0	0	1.57204	-6.01418	0	7.58622		300	0.332011	0.00365224	0.00365224	-0.00469828	0	0	0	0.332011	0	-0.426642	-237.002	0	213.464	213.464	-2.13163e-14	12.4428	0	0	0	0	0	0	0	0	0	0	0	0	0	0	0	0	0	0	0	0	0	0	0	0	0	0	0	0	0	0	0	0	0	
1	1	1	202	6.06		300	0	0	0.0101	0.0101	-0.0112168	0	0	0	122.753	122.753	4.87317e-06	0	0	0	1.58431	-6.01991	0	7.60422		300	0.333454	0.00369114	0.00369114	-0.00474833	0	0	0	0.333454	0	-0.426642	-237.002	0	213.464	213.464	-2.13163e-14	12.4428	0	0	0	0	0	0	0	0	0	0	0	0	0	0	0	0	0	0	0	0	0	0	0	0	0	0	0	0	0	0	0	0	0	
1	1	1	203	6.09		300	0	0	0.01015	0.01015	-0.0112781	0	0	0	122.965	122.965	4.90061e-06	0	0	0	1.59659	-6.02559	0	7.62218		300	0.334895	0.0037301	0.0037301	-0.00479845	0	0	0	0.334895	0	-0.426642	-237.002	0	213.464	213.464	-2.13163e-14	12.4428	0	0	0	0	0	0	0	0	0	0	0	0	0	0	0	0	0	0	0	0	0	0	0	0	0	0	0	0	0	0	0	0	0	
1	1	1	204	6.12		300	0	0	0.0102	0.0102	-0.0113394	0	0	0	123.175	123.175	4.92797e-06	0	0	0	1.6089	-6.03121	0	7.64011		300	0.336334	0.00376912	0.00376912	-0.00484864	0	0	0	0.336334	0	-0.426642	-237.002	0	213.464	213.464	-2.13163e-14	12.4428	0	0	0	0	0	0	0	0	0	0	0	0	0	0	0	0	0	0	0	0	0	0	0	0	0	0	0	0	0	0	0	0	0	
1	1	1	205	6.15		300	0	0	0.01025	0.01025	-0.0114007	0	0	0	123.385	123.385	4.95526e-06	0	0	0	1.62123	-6.03678	0	7.658		300	0.337769	0.00380819	0.00380819	-0.0048989	0	0	0	0.337769	0	-0.426642	-237.002	0	213.464	213.464	-2.13163e-14	12.4428	0	0	0	0	0	0	0	0	0	0	0	0	0	0	0	0	0	0	0	0	0	0	0	0	0	0	0	0	0	0	0	0	0	
1	1	1	206	6.18		300	0	0	0.0103	0.0103	-0.011462	0	0	0	123.593	123.593	4.98246e-06	0	0	0	1.63358	-6.04229	0	7.67587		300	0.339203	0.00384731	0.00384731	-0.00494923	0	0	0	0.339203	0	-0.426642	-237.002	0	213.464	213.464	-2.13163e-14	12.4428	0	0	0	0	0	0	0	0	0	0	0	0	0	0	0	0	0	0	0	0	0	0	0	0	0	0	0	0	0	0	0	0	0	
1	1	1	207	6.21		300	0	0	0.01035	0.01035	-0.0115233	0	0	0	123.8	123.8	5.00959e-06	0	0	0	1.64595	-6.04775	0	7.6937		300	0.340633	0.00388648	0.00388648	-0.00499963	0	0	0	0.340633	0	-0.426642	-237.002	0	213.464	213.464	-2.13163e-14	12.4428	0	0	0	0	0	0	0	0	0	0	0	0	0	0	0	0	0	0	0	0	0	0	0	0	0	0	0	0	0	0	0	0	0	
1	1	1	208	6.24		300	0	0	0.0104	0.0104	-0.0115846	0	0	0	124.007	124.007	5.03664e-06	0	0	0	1.65834	-6.05316	0	7.7115		300	0.342061	0.00392571	0.00392571	-0.00505009	0	0	0	0.342061	0	-0.426642	-237.002	0	213.464	213.464	-2.13163e-14	12.4428	0	0	0	0	0	0	0	0	0	0	0	0	0	0	0	0	0	0	0	0	0	0	0	0	0	0	0	0	0	0	0	0	0	
1	1	1	209	6.27		300	0	0	0.01045	0.01045	-0.011646	0	0	0	124.212	124.212	5.06362e-06	0	0	0	1.67075	-6.05852	0	7.72926		300	0.343486	0.00396498	0.00396498	-0.00510062	0	0	0	0.343486	0	-0.426642	-237.002	0	213.464	213.464	-2.13163e-14	12.4428	0	0	0	0	0	0	0	0	0	0	0	0	0	0	0	0	0	0	0	0	0	0	0	0	0	0	0	0	0	0	0	0	0	
1	1	1	210	6.3		300	0	0	0.0105	0.0105	-0.0117073	0	0	0	124.416	124.416	5.09051e-06	0	0	0	1.68318	-6.06382	0	7.747		300	0.344909	0.00400431	0.00400431	-0.00515121	0	0	0	0.344909	0	-0.426642	-237.002	0	213.464	213.464	-2.13163e-14	12.4428	0	0	0	0	0	0	0	0	0	0	0	0	0	0	0	0	0	0	0	0	0	0	0	0	0	0	0	0	0	0	0	0	0	
1	1	1	211	6.33		300	0	0	0.01055	0.01055	-0.0117687	0	0	0	124.62	124.62	5.11733e-06	0	0	0	1.69563	-6.06907	0	7.7647		300	0.346329	0.00404369	0.00404369	-0.00520187	0	0	0	0.346329	0	-0.426642	-237.002	0	213.464	213.464	-2.13163e-14	12.4428	0	0	0	0	0	0	0	0	0	0	0	0	0	0	0	0	0	0	0	0	0	0	0	0	0	0	0	0	0	0	0	0	0	
1	1	1	212	6.36		300	0	0	0.0106	0.0106	-0.0118301	0	0	0	124.822	124.822	5.14407e-06	0	0	0	1.7081	-6.07427	0	7.78238		300	0.347747	0.00408312	0.00408312	-0.00525259	0	0	0	0.347747	0	-0.426642	-237.002	0	213.464	213.464	-2.13163e-14	12.4428	0	0	0	0	0	0	0	0	0	0	0	0	0	0	0	0	0	0	0	0	0	0	0	0	0	0	0	0	0	0	0	0	0	
1	1	1	213	6.39		300	0	0	0.01065	0.01065	-0.0118915	0	0	0	125.024	125.024	5.17074e-06	0	0	0	1.7206	-6.07942	0	7.80002		300	0.349163	0.00412259	0.00412259	-0.00530338	0	0	0	0.349163	0	-0.426642	-237.002	0	213.464	213.464	-2.13163e-14	12.4428	0	0	0	0	0	0	0	0	0	0	0	0	0	0	0	0	0	0	0	0	0	0	0	0	0	0	0	0	0	0	0	0	0	
1	1	1	214	6.42		300	0	0	0.0107	0.0107	-0.0119529	0	0	0	125.225	125.225	5.19733e-06	0	0	0	1.73311	-6.08452	0	7.81763		300	0.350575	0.00416211	0.00416211	-0.00535422	0	0	0	0.350575	0	-0.426642	-237.002	0	213.464	213.464	-2.13163e-14	12.4428	0	0	0	0	0	0	0	0	0	0	0	0	0	0	0	0	0	0	0	0	0	0	0	0	0	0	0	0	0	0	0	0	0	
1	1	1	215	6.45		300	0	0	0.01075	0.01075	-0.0120144	0	0	0	125.425	125.425	5.22385e-06	0	0	0	1.74564	-6.08957	0	7.83521		300	0.351986	0.00420168	0.00420168	-0.00540513	0	0	0	0.351986	0	-0.426642	-237.002	0	213.464	213.464	-2.13163e-14	12.4428	0	0	0	0	0	0	0	0	0	0	0	0	0	0	0	0	0	0	0	0	0	0	0	0	0	0	0	0	0	0	0	0	0	
1	1	1	216	6.48		300	0	0	0.0108	0.0108	-0.0120758	0	0	0	125.623	125.623	5.25029e-06	0	0	0	1.75819	-6.09456	0	7.85276		300	0.353394	0.0042413	0.0042413	-0.00545609	0	0	0	0.353394	0	-0.426642	-237.002	0	213.464	213.464	-2.13163e-14	12.4428	0	0	0	0	0	0	0	0	0	0	0	0	0	0	0	0	0	0	0	0	0	0	0	0	0	0	0	0	0	0	0	0	0	
1	1	1	217	6.51		300	0	0	0.01085	0.01085	-0.0121373	0	0	0	125.822	125.822	5.27665e-06	0	0	0	1.77077	-6.09951	0	7.87028		300	0.354799	0.00428096	0.00428096	-0.00550711	0	0	0	0.354799	0	-0.426642	-237.002	0	213.464	213.464	-2.13163e-14	12.4428	0	0	0	0	0	0	0	0	0	0	0	0	0	0	0	0	0	0	0	0	0	0	0	0	0	0	0	0	0	0	0	0	0	
1	1	1	218	6.54		300	0	0	0.0109	0.0109	-0.0121988	0	0	0	126.019	126.019	5.30294e-06	0	0	0	1.78336	-6.10441	0	7.88777		300	0.356202	0.00432066	0.00432066	-0.00555819	0	0	0	0.356202	0	-0.426642	-237.002	0	213.464	213.464	-2.13163e-14	12.4428	0	0	0	0	0	0	0	0	0	0	0	0	0	0	0	0	0	0	0	0	0	0	0	0	0	0	0	0	0	0	0	0	0	
1	1	1	219	6.57		300	0	0	0.01095	0.01095	-0.0122602	0	0	0	126.215	126.215	5.32916e-06	0	0	0	1.79597	-6.10926	0	7.90523		300	0.357603	0.00436041	0.00436041	-0.00560933	0	0	0	0.357603	0	-0.426642	-237.002	0	213.464	213.464	-2.13163e-14	12.4428	0	0	0	0	0	0	0	0	0	0	0	0	0	0	0	0	0	0	0	0	0	0	0	0	0	0	0	0	0	0	0	0	0	
1	1	1	220	6.6		300	0	0	0.011	0.011	-0.0123217	0	0	0	126.41	126.41	5.3553e-06	0	0	0	1.8086	-6.11406	0	7.92266		300	0.359001	0.00440021	0.00440021	-0.00566053	0	0	0	0.359001	0	-0.426642	-237.002	0	213.464	213.464	-2.13163e-14	12.4428	0	0	0	0	0	0	0	0	0	0	0	0	0	0	0	0	0	0	0	0	0	0	0	0	0	0	0	0	0	0	0	0	0	
1	1	1	221	6.63		300	0	0	0.01105	0.01105	-0.0123832	0	0	0	126.605	126.605	5.38137e-06	0	0	0	1.82125	-6.1188	0	7.94006		300	0.360397	0.00444005	0.00444005	-0.00571178	0	0	0	0.360397	0	-0.426642	-237.002	0	213.464	213.464	-2.13163e-14	12.4428	0	0	0	0	0	0	0	0	0	0	0	0	0	0	0	0	0	0	0	0	0	0	0	0	0	0	0	0	0	0	0	0	0	
1	1	1	222	6.66		300	0	0	0.0111	0.0111	-0.0124448	0	0	0	126.799	126.799	5.40737e-06	0	0	0	1.83392	-6.12351	0	7.95743		300	0.36179	0.00447993	0.00447993	-0.00576309	0	0	0	0.36179	0	-0.426642	-237.002	0	213.464	213.464	-2.13163e-14	12.4428	0	0	0	0	0	0	0	0	0	0	0	0	0	0	0	0	0	0	0	0	0	0	0	0	0	0	0	0	0	0	0	0	0	
1	1	1	223	6.69		300	0	0	0.01115	0.01115	-0.0125063	0	0	0	126.992	126.992	5.43329e-06	0	0	0	1.84661	-6.12816	0	7.97477		300	0.363182	0.00451985	0.00451985	-0.00581445	0	0	0	0.363182	0	-0.426642	-237.002	0	213.464	213.464	-2.13163e-14	12.4428	0	0	0	0	0	0	0	0	0	0	0	0	0	0	0	0	0	0	0	0	0	0	0	0	0	0	0	0	0	0	0	0	0	
1	1	1	224	6.72		300	0	0	0.0112	0.0112	-0.0125678	0	0	0	127.184	127.184	5.45914e-06	0	0	0	1.85932	-6.13276	0	7.99208		300	0.364571	0.00455982	0.00455982	-0.00586586	0	0	0	0.364571	0	-0.426642	-237.002	0	213.464	213.464	-2.13163e-14	12.4428	0	0	0	0	0	0	0	0	0	0	0	0	0	0	0	0	0	0	0	0	0	0	0	0	0	0	0	0	0	0	0	0	0	
1	1	1	225	6.75		300	0	0	0.01125	0.01125	-0.0126294	0	0	0	127.376	127.376	5.48491e-06	0	0	0	1.87205	-6.13732	0	8.00937		300	0.365957	0.00459982	0.00459982	-0.00591733	0	0	0	0.365957	0	-0.426642	-237.002	0	213.464	213.464	-2.13163e-14	12.4428	0	0	0	0	0	0	0	0	0	0	0	0	0	0	0	0	0	0	0	0	0	0	0	0	0	0	0	0	0	0	0	0	0	
1	1	1	226	6.78		300	0	0	0.0113	0.0113	-0.0126909	0	0	0	127.566	127.566	5.51061e-06	0	0	0	1.8848	-6.14183	0	8.02663		300	0.367342	0.00463987	0.00463987	-0.00596885	0	0	0	0.367342	0	-0.426642	-237.002	0	213.464	213.464	-2.13163e-14	12.4428	0	0	0	0	0	0	0	0	0	0	0	0	0	0	0	0	0	0	0	0	0	0	0	0	0	0	0	0	0	0	0	0	0	
1	1	1	227	6.81		300	0	0	0.01135	0.01135	-0.0127525	0	0	0	127.756	127.756	5.53625e-06	0	0	0	1.89756	-6.14629	0	8.04385		300	0.368724	0.00467996	0.00467996	-0.00602042	0	0	0	0.368724	0	-0.426642	-237.002	0	213.464	213.464	-2.13163e-14	12.4428	0	0	0	0	0	0	0	0	0	0	0	0	0	0	0	0	0	0	0	0	0	0	0	0	0	0	0	0	0	0	0	0	0	
1	1	1	228	6.84		300	0	0	0.0114	0.0114	-0.0128141	0	0	0	127.945	127.945	5.56181e-06	0	0	0	1.91035	-6.15071	0	8.06106		300	0.370103	0.00472008	0.00472008	-0.00607204	0	0	0	0.370103	0	-0.426642	-237.002	0	213.464	213.464	-2.13163e-14	12.4428	0	0	0	0	0	0	0	0	0	0	0	0	0	0	0	0	0	0	0	0	0	0	0	0	0	0	0	0	0	0	0	0	0	
1	1	1	229	6.87		300	0	0	0.01145	0.01145	-0.0128757	0	0	0	128.134	128.134	5.58729e-06	0	0	0	1.92315	-6.15508	0	8.07823		300	0.371481	0.00476025	0.00476025	-0.00612371	0	0	0	0.371481	0	-0.426642	-237.002	0	213.464	213.464	-2.13163e-14	12.4428	0	0	0	0	0	0	0	0	0	0	0	0	0	0	0	0	0	0	0	0	0	0	0	0	0	0	0	0	0	0	0	0	0	
1	1	1	230	6.9		300	0	0	0.0115	0.0115	-0.0129373	0	0	0	128.321	128.321	5.61271e-06	0	0	0	1.93597	-6.1594	0	8.09537		300	0.372856	0.00480045	0.00480045	-0.00617543	0	0	0	0.372856	0	-0.426642	-237.002	0	213.464	213.464	-2.13163e-14	12.4428	0	0	0	0	0	0	0	0	0	0	0	0	0	0	0	0	0	0	0	0	0	0	0	0	0	0	0	0	0	0	0	0	0	
1	1	1	231	6.93		300	0	0	0.01155	0.01155	-0.0129989	0	0	0	128.508	128.508	5.63806e-06	0	0	0	1.94882	-6.16367	0	8.11249		300	0.374229	0.0048407	0.0048407	-0.0062272	0	0	0	0.374229	0	-0.426642	-237.002	0	213.464	213.464	-2.13163e-14	12.4428	0	0	0	0	0	0	0	0	0	0	0	0	0	0	0	0	0	0	0	0	0	0	0	0	0	0	0	0	0	0	0	0	0	
1	1	1	232	6.96		300	0	0	0.0116	0.0116	-0.0130606	0	0	0	128.694	128.694	5.66333e-06	0	0	0	1.96168	-6.1679	0	8.12958		300	0.3756	0.00488098	0.00488098	-0.00627902	0	0	0	0.3756	0	-0.426642	-237.002	0	213.464	213.464	-2.13163e-14	12.4428	0	0	0	0	0	0	0	0	0	0	0	0	0	0	0	0	0	0	0	0	0	0	0	0	0	0	0	0	0	0	0	0	0	
1	1	1	233	6.99		300	0	0	0.01165	0.01165	-0.0131222	0	0	0	128.88	128.88	5.68854e-06	0	0	0	1.97455	-6.17209	0	8.14664		300	0.376969	0.00492129	0.00492129	-0.00633089	0	0	0	0.376969	0	-0.426642	-237.002	0	213.464	213.464	-2.13163e-14	12.4428	0	0	0	0	0	0	0	0	0	0	0	0	0	0	0	0	0	0	0	0	0	0	0	0	0	0	0	0	0	0	0	0	0	
1	1	1	234	7.02		300	0	0	0.0117	0.0117	-0.0131839	0	0	0	129.064	129.064	5.71368e-06	0	0	0	1.98745	-6.17623	0	8.16368		300	0.378336	0.00496165	0.00496165	-0.0063828	0	0	0	0.378336	0	-0.426642	-237.002	0	213.464	213.464	-2.13163e-14	12.4428	0	0	0	0	0	0	0	0	0	0	0	0	0	0	0	0	0	0	0	0	0	0	0	0	0	0	0	0	0	0	0	0	0	
1	1	1	235	7.05		300	0	0	0.01175	0.01175	-0.0132455	0	0	0	129.249	129.249	5.73874e-06	0	0	0	2.00037	-6.18032	0	8.18069		300	0.3797	0.00500204	0.00500204	-0.00643476	0	0	0	0.3797	0	-0.426642	-237.002	0	213.464	213.464	-2.13163e-14	12.4428	0	0	0	0	0	0	0	0	0	0	0	0	0	0	0	0	0	0	0	0	0	0	0	0	0	0	0	0	0	0	0	0	0	
1	1	1	236	7.08		300	0	0	0.0118	0.0118	-0.0133072	0	0	0	129.432	129.432	5.76374e-06	0	0	0	2.0133	-6.18437	0	8.19767		300	0.381062	0.00504246	0.00504246	-0.00648677	0	0	0	0.381062	0	-0.426642	-237.002	0	213.464	213.464	-2.13163e-14	12.4428	0	0	0	0	0	0	0	0	0	0	0	0	0	0	0	0	0	0	0	0	0	0	0	0	0	0	0	0	0	0	0	0	0	
1	1	1	237	7.11		300	0	0	0.01185	0.01185	-0.0133689	0	0	0	129.615	129.615	5.78866e-06	0	0	0	2.02625	-6.18837	0	8.21462		300	0.382422	0.00508292	0.00508292	-0.00653882	0	0	0	0.382422	0	-0.426642	-237.002	0	213.464	213.464	-2.13163e-14	12.4428	0	0	0	0	0	0	0	0	0	0	0	0	0	0	0	0	0	0	0	0	0	0	0	0	0	0	0	0	0	0	0	0	0	
1	1	1	238	7.14		300	0	0	0.0119	0.0119	-0.0134306	0	0	0	129.797	129.797	5.81352e-06	0	0	0	2.03922	-6.19233	0	8.23155		300	0.38378	0.00512342	0.00512342	-0.00659092	0	0	0	0.38378	0	-0.426642	-237.002	0	213.464	213.464	-2.13163e-14	12.4428	0	0	0	0	0	0	0	0	0	0	0	0	0	0	0	0	0	0	0	0	0	0	0	0	0	0	0	0	0	0	0	0	0	
1	1	1	239	7.17		300	0	0	0.01195	0.01195	-0.0134923	0	0	0	129.978	129.978	5.83831e-06	0	0	0	2.05221	-6.19624	0	8.24846		300	0.385136	0.00516395	0.00516395	-0.00664306	0	0	0	0.385136	0	-0.426642	-237.002	0	213.464	213.464	-2.13163e-14	12.4428	0	0	0	0	0	0	0	0	0	0	0	0	0	0	0	0	0	0	0	0	0	0	0	0	0	0	0	0	0	0	0	0	0	
1	1	1	240	7.2		300	0	0	0.012	0.012	-0.013554	0	0	0	130.159	130.159	5.86303e-06	0	0	0	2.06522	-6.20011	0	8.26533		300	0.38649	0.00520452	0.00520452	-0.00669525	0	0	0	0.38649	0	-0.426642	-237.002	0	213.464	213.464	-2.13163e-14	12.4428	0	0	0	0	0	0	0	0	0	0	0	0	0	0	0	0	0	0	0	0	0	0	0	0	0	0	0	0	0	0	0	0	0	
1	1	1	241	7.23		300	0	0	0.01205	0.01205	-0.0136157	0	0	0	130.339	130.339	5.88769e-06	0	0	0	2.07824	-6.20394	0	8.28218		300	0.387842	0.00524512	0.00524512	-0.00674748	0	0	0	0.387842	0	-0.426642	-237.002	0	213.464	213.464	-2.13163e-14	12.4428	0	0	0	0	0	0	0	0	0	0	0	0	0	0	0	0	0	0	0	0	0	0	0	0	0	0	0	0	0	0	0	0	0	
1	1	1	242	7.26		300	0	0	0.0121	0.0121	-0.0136774	0	0	0	130.518	130.518	5.91227e-06	0	0	0	2.09129	-6.20772	0	8.29901		300	0.389192	0.00528575	0.00528575	-0.00679975	0	0	0	0.389192	0	-0.426642	-237.002	0	213.464	213.464	-2.13163e-14	12.4428	0	0	0	0	0	0	0	0	0	0	0	0	0	0	0	0	0	0	0	0	0	0	0	0	0	0	0	0	0	0	0	0	0	
1	1	1	243	7.29		300	0	0	0.01215	0.01215	-0.0137391	0	0	0	130.697	130.697	5.93679e-06	0	0	0	2.10435	-6.21146	0	8.31581		300	0.390539	0.00532641	0.00532641	-0.00685206	0	0	0	0.390539	0	-0.426642	-237.002	0	213.464	213.464	-2.13163e-14	12.4428	0	0	0	0	0	0	0	0	0	0	0	0	0	0	0	0	0	0	0	0	0	0	0	0	0	0	0	0	0	0	0	0	0	
1	1	1	244	7.32		300	0	0	0.0122	0.0122	-0.0138009	0	0	0	130.875	130.875	5.96124e-06	0	0	0	2.11743	-6.21516	0	8.33258		300	0.391885	0.00536711	0.00536711	-0.00690442	0	0	0	0.391885	0	-0.426642	-237.002	0	213.464	213.464	-2.13163e-14	12.4428	0	0	0	0	0	0	0	0	0	0	0	0	0	0	0	0	0	0	0	0	0	0	0	0	0	0	0	0	0	0	0	0	0	
1	1	1	245	7.35		300	0	0	0.01225	0.01225	-0.0138626	0	0	0	131.053	131.053	5.98562e-06	0	0	0	2.13052	-6.21881	0	8.34933		300	0.393228	0.00540784	0.00540784	-0.00695682	0	0	0	0.393228	0	-0.426642	-237.002	0	213.464	213.464	-2.13163e-14	12.4428	0	0	0	0	0	0	0	0	0	0	0	0	0	0	0	0	0	0	0	0	0	0	0	0	0	0	0	0	0	0	0	0	0	
1	1	1	246	7.38		300	0	0	0.0123	0.0123	-0.0139244	0	0	0	131.23	131.23	6.00994e-06	0	0	0	2.14364	-6.22242	0	8.36605		300	0.39457	0.0054486	0.0054486	-0.00700926	0	0	0	0.39457	0	-0.426642	-237.002	0	213.464	213.464	-2.13163e-14	12.4428	0	0	0	0	0	0	0	0	0	0	0	0	0	0	0	0	0	0	0	0	0	0	0	0	0	0	0	0	0	0	0	0	0	
1	1	1	247	7.41		300	0	0	0.01235	0.01235	-0.0139862	0	0	0	131.406	131.406	6.03419e-06	0	0	0	2.15677	-6.22598	0	8.38275		300	0.395909	0.00548939	0.00548939	-0.00706173	0	0	0	0.395909	0	-0.426642	-237.002	0	213.464	213.464	-2.13163e-14	12.4428	0	0	0	0	0	0	0	0	0	0	0	0	0	0	0	0	0	0	0	0	0	0	0	0	0	0	0	0	0	0	0	0	0	
1	1	1	248	7.44		300	0	0	0.0124	0.0124	-0.014048	0	0	0	131.582	131.582	6.05837e-06	0	0	0	2.16992	-6.22951	0	8.39943		300	0.397247	0.00553022	0.00553022	-0.00711425	0	0	0	0.397247	0	-0.426642	-237.002	0	213.464	213.464	-2.13163e-14	12.4428	0	0	0	0	0	0	0	0	0	0	0	0	0	0	0	0	0	0	0	0	0	0	0	0	0	0	0	0	0	0	0	0	0	
1	1	1	249	7.47		300	0	0	0.01245	0.01245	-0.0141097	0	0	0	131.757	131.757	6.08249e-06	0	0	0	2.18308	-6.23299	0	8.41607		300	0.398582	0.00557107	0.00557107	-0.00716681	0	0	0	0.398582	0	-0.426642	-237.002	0	213.464	213.464	-2.13163e-14	12.4428	0	0	0	0	0	0	0	0	0	0	0	0	0	0	0	0	0	0	0	0	0	0	0	0	0	0	0	0	0	0	0	0	0	
1	1	1	250	7.5		300	0	0	0.0125	0.0125	-0.0141715	0	0	0	131.932	131.932	6.10654e-06	0	0	0	2.19627	-6.23643	0	8.4327		300	0.399916	0.00561196	0.00561196	-0.00721941	0	0	0	0.399916	0	-0.426642	-237.002	0	213.464	213.464	-2.13163e-14	12.4428	0	0	0	0	0	0	0	0	0	0	0	0	0	0	0	0	0	0	0	0	0	0	0	0	0	0	0	0	0	0	0	0	0	
1	1	1	251	7.53		300	0	0	0.01255	0.01255	-0.0142333	0	0	0	132.106	132.106	6.13053e-06	0	0	0	2.20947	-6.23983	0	8.4493		300	0.401247	0.00565287	0.00565287	-0.00727204	0	0	0	0.401247	0	-0.426642	-237.002	0	213.464	213.464	-2.13163e-14	12.4428	0	0	0	0	0	0	0	0	0	0	0	0	0	0	0	0	0	0	0	0	0	0	0	0	0	0	0	0	0	0	0	0	0	
1	1	1	252	7.56		300	0	0	0.0126	0.0126	-0.0142952	0	0	0	132.279	132.279	6.15445e-06	0	0	0	2.22269	-6.24318	0	8.46587		300	0.402577	0.00569382	0.00569382	-0.00732471	0	0	0	0.402577	0	-0.426642	-237.002	0	213.464	213.464	-2.13163e-14	12.4428	0	0	0	0	0	0	0	0	0	0	0	0	0	0	0	0	0	0	0	0	0	0	0	0	0	0	0	0	0	0	0	0	0	
1	1	1	253	7.59		300	0	0	0.01265	0.01265	-0.014357	0	0	0	132.452	132.452	6.17831e-06	0	0	0	2.23593	-6.2465	0	8.48243		300	0.403904	0.00573479	0.00573479	-0.00737743	0	0	0	0.403904	0	-0.426642	-237.002	0	213.464	213.464	-2.13163e-14	12.4428	0	0	0	0	0	0	0	0	0	0	0	0	0	0	0	0	0	0	0	0	0	0	0	0	0	0	0	0	0	0	0	0	0	
1	1	1	254	7.62		300	0	0	0.0127	0.0127	-0.0144188	0	0	0	132.624	132.624	6.2021e-06	0	0	0	2.24918	-6.24977	0	8.49895		300	0.40523	0.00577579	0.00577579	-0.00743017	0	0	0	0.40523	0	-0.426642	-237.002	0	213.464	213.464	-2.13163e-14	12.4428	0	0	0	0	0	0	0	0	0	0	0	0	0	0	0	0	0	0	0	0	0	0	0	0	0	0	0	0	0	0	0	0	0	
1	1	1	255	7.65		300	0	0	0.01275	0.01275	-0.0144806	0	0	0	132.796	132.796	6.22583e-06	0	0	0	2.26245	-6.253	0	8.51546		300	0.406554	0.00581682	0.00581682	-0.00748296	0	0	0	0.406554	0	-0.426642	-237.002	0	213.464	213.464	-2.13163e-14	12.4428	0	0	0	0	0	0	0	0	0	0	0	0	0	0	0	0	0	0	0	0	0	0	0	0	0	0	0	0	0	0	0	0	0	
1	1	1	256	7.68		300	0	0	0.0128	0.0128	-0.0145425	0	0	0	132.967	132.967	6.24949e-06	0	0	0	2.27574	-6.2562	0	8.53194		300	0.407876	0.00585788	0.00585788	-0.00753578	0	0	0	0.407876	0	-0.426642	-237.002	0	213.464	213.464	-2.13163e-14	12.4428	0	0	0	0	0	0	0	0	0	0	0	0	0	0	0	0	0	0	0	0	0	0	0	0	0	0	0	0	0	0	0	0	0	
1	1	1	257	7.71		300	0	0	0.01285	0.01285	-0.0146043	0	0	0	133.138	133.138	6.27309e-06	0	0	0	2.28905	-6.25935	0	8.54839		300	0.409196	0.00589897	0.00589897	-0.00758863	0	0	0	0.409196	0	-0.426642	-237.002	0	213.464	213.464	-2.13163e-14	12.4428	0	0	0	0	0	0	0	0	0	0	0	0	0	0	0	0	0	0	0	0	0	0	0	0	0	0	0	0	0	0	0	0	0	
1	1	1	258	7.74		300	0	0	0.0129	0.0129	-0.0146662	0	0	0	133.308	133.308	6.29662e-06	0	0	0	2.30237	-6.26246	0	8.56482		300	0.410514	0.00594008	0.00594008	-0.00764153	0	0	0	0.410514	0	-0.426642	-237.002	0	213.464	213.464	-2.13163e-14	12.4428	0	0	0	0	0	0	0	0	0	0	0	0	0	0	0	0	0	0	0	0	0	0	0	0	0	0	0	0	0	0	0	0	0	
1	1	1	259	7.77		300	0	0	0.01295	0.01295	-0.0147281	0	0	0	133.478	133.478	6.3201e-06	0	0	0	2.31571	-6.26553	0	8.58123		300	0.41183	0.00598122	0.00598122	-0.00769445	0	0	0	0.41183	0	-0.426642	-237.002	0	213.464	213.464	-2.13163e-14	12.4428	0	0	0	0	0	0	0	0	0	0	0	0	0	0	0	0	0	0	0	0	0	0	0	0	0	0	0	0	0	0	0	0	0	
1	1	1	260	7.8		300	0	0	0.013	0.013	-0.0147899	0	0	0	133.647	133.647	6.3435e-06	0	0	0	2.32906	-6.26856	0	8.59762		300	0.413144	0.00602239	0.00602239	-0.00774741	0	0	0	0.413144	0	-0.426642	-237.002	0	213.464	213.464	-2.13163e-14	12.4428	0	0	0	0	0	0	0	0	0	0	0	0	0	0	0	0	0	0	0	0	0	0	0	0	0	0	0	0	0	0	0	0	0	
1	1	1	261	7.83		300	0	0	0.01305	0.01305	-0.0148518	0	0	0	133.816	133.816	6.36685e-06	0	0	0	2.34244	-6.27155	0	8.61398		300	0.414457	0.00606359	0.00606359	-0.00780041	0	0	0	0.414457	0	-0.426642	-237.002	0	213.464	213.464	-2.13163e-14	12.4428	0	0	0	0	0	0	0	0	0	0	0	0	0	0	0	0	0	0	0	0	0	0	0	0	0	0	0	0	0	0	0	0	0	
1	1	1	262	7.86		300	0	0	0.0131	0.0131	-0.0149137	0	0	0	133.984	133.984	6.39013e-06	0	0	0	2.35583	-6.27449	0	8.63032		300	0.415768	0.00610481	0.00610481	-0.00785344	0	0	0	0.415768	0	-0.426642	-237.002	0	213.464	213.464	-2.13163e-14	12.4428	0	0	0	0	0	0	0	0	0	0	0	0	0	0	0	0	0	0	0	0	0	0	0	0	0	0	0	0	0	0	0	0	0	
1	1	1	263	7.89		300	0	0	0.01315	0.01315	-0.0149756	0	0	0	134.151	134.151	6.41335e-06	0	0	0	2.36923	-6.2774	0	8.64664		300	0.417076	0.00614606	0.00614606	-0.0079065	0	0	0	0.417076	0	-0.426642	-237.002	0	213.464	213.464	-2.13163e-14	12.4428	0	0	0	0	0	0	0	0	0	0	0	0	0	0	0	0	0	0	0	0	0	0	0	0	0	0	0	0	0	0	0	0	0	
1	1	1	264	7.92		300	0	0	0.0132	0.0132	-0.0150375	0	0	0	134.319	134.319	6.43651e-06	0	0	0	2.38266	-6.28027	0	8.66293		300	0.418383	0.00618733	0.00618733	-0.0079596	0	0	0	0.418383	0	-0.426642	-237.002	0	213.464	213.464	-2.13163e-14	12.4428	0	0	0	0	0	0	0	0	0	0	0	0	0	0	0	0	0	0	0	0	0	0	0	0	0	0	0	0	0	0	0	0	0	
1	1	1	265	7.95		300	0	0	0.01325	0.01325	-0.0150994	0	0	0	134.485	134.485	6.45961e-06	0	0	0	2.3961	-6.28311	0	8.6792		300	0.419688	0.00622863	0.00622863	-0.00801273	0	0	0	0.419688	0	-0.426642	-237.002	0	213.464	213.464	-2.13163e-14	12.4428	0	0	0	0	0	0	0	0	0	0	0	0	0	0	0	0	0	0	0	0	0	0	0	0	0	0	0	0	0	0	0	0	0	
1	1	1	266	7.98		300	0	0	0.0133	0.0133	-0.0151614	0	0	0	134.651	134.651	6.48264e-06	0	0	0	2.40955	-6.2859	0	8.69545		300	0.420992	0.00626995	0.00626995	-0.00806589	0	0	0	0.420992	0	-0.426642	-237.002	0	213.464	213.464	-2.13163e-14	12.4428	0	0	0	0	0	0	0	0	0	0	0	0	0	0	0	0	0	0	0	0	0	0	0	0	0	0	0	0	0	0	0	0	0	
1	1	1	267	8.01		300	0	0	0.01335	0.01335	-0.0152233	0	0	0	134.817	134.817	6.50561e-06	0	0	0	2.42303	-6.28865	0	8.71168		300	0.422293	0.0063113	0.0063113	-0.00811908	0	0	0	0.422293	0	-0.426642	-237.002	0	213.464	213.464	-2.13163e-14	12.4428	0	0	0	0	0	0	0	0	0	0	0	0	0	0	0	0	0	0	0	0	0	0	0	0	0	0	0	0	0	0	0	0	0	
1	1	1	268	8.04		300	0	0	0.0134	0.0134	-0.0152852	0	0	0	134.982	134.982	6.52853e-06	0	0	0	2.43652	-6.29136	0	8.72788		300	0.423593	0.00635267	0.00635267	-0.00817231	0	0	0	0.423593	0	-0.426642	-237.002	0	213.464	213.464	-2.13163e-14	12.4428	0	0	0	0	0	0	0	0	0	0	0	0	0	0	0	0	0	0	0	0	0	0	0	0	0	0	0	0	0	0	0	0	0	
1	1	1	269	8.07		300	0	0	0.01345	0.01345	-0.0153471	0	0	0	135.147	135.147	6.55138e-06	0	0	0	2.45002	-6.29404	0	8.74406		300	0.424891	0.00639407	0.00639407	-0.00822556	0	0	0	0.424891	0	-0.426642	-237.002	0	213.464	213.464	-2.13163e-14	12.4428	0	0	0	0	0	0	0	0	0	0	0	0	0	0	0	0	0	0	0	0	0	0	0	0	0	0	0	0	0	0	0	0	0	
1	1	1	270	8.1		300	0	0	0.0135	0.0135	-0.0154091	0	0	0	135.312	135.312	6.57416e-06	0	0	0	2.46355	-6.29667	0	8.76022		300	0.426187	0.00643549	0.00643549	-0.00827885	0	0	0	0.426187	0	-0.426642	-237.002	0	213.464	213.464	-2.13163e-14	12.4428	0	0	0	0	0	0	0	0	0	0	0	0	0	0	0	0	0	0	0	0	0	0	0	0	0	0	0	0	0	0	0	0	0	
1	1	1	271	8.13		300	0	0	0.01355	0.01355	-0.015471	0	0	0	135.475	135.475	6.59689e-06	0	0	0	2.47709	-6.29927	0	8.77636		300	0.427481	0.00647694	0.00647694	-0.00833217	0	0	0	0.427481	0	-0.426642	-237.002	0	213.464	213.464	-2.13163e-14	12.4428	0	0	0	0	0	0	0	0	0	0	0	0	0	0	0	0	0	0	0	0	0	0	0	0	0	0	0	0	0	0	0	0	0	
1	1	1	272	8.16		300	0	0	0.0136	0.0136	-0.015533	0	0	0	135.639	135.639	6.61956e-06	0	0	0	2.49064	-6.30183	0	8.79247		300	0.428774	0.00651841	0.00651841	-0.00838551	0	0	0	0.428774	0	-0.426642	-237.002	0	213.464	213.464	-2.13163e-14	12.4428	0	0	0	0	0	0	0	0	0	0	0	0	0	0	0	0	0	0	0	0	0	0	0	0	0	0	0	0	0	0	0	0	0	
1	1	1	273	8.19		300	0	0	0.01365	0.01365	-0.015595	0	0	0	135.802	135.802	6.64217e-06	0	0	0	2.50421	-6.30435	0	8.80857		300	0.430065	0.0065599	0.0065599	-0.00843889	0	0	0	0.430065	0	-0.426642	-237.002	0	213.464	213.464	-2.13163e-14	12.4428	0	0	0	0	0	0	0	0	0	0	0	0	0	0	0	0	0	0	0	0	0	0	0	0	0	0	0	0	0	0	0	0	0	
1	1	1	274	8.22		300	0	0	0.0137	0.0137	-0.0156569	0	0	0	135.964	135.964	6.66472e-06	0	0	0	2.5178	-6.30684	0	8.82464		300	0.431354	0.00660141	0.00660141	-0.0084923	0	0	0	0.431354	0	-0.426642	-237.002	0	213.464	213.464	-2.13163e-14	12.4428	0	0	0	0	0	0	0	0	0	0	0	0	0	0	0	0	0	0	0	0	0	0	0	0	0	0	0	0	0	0	0	0	0	
1	1	1	275	8.25		300	0	0	0.01375	0.01375	-0.0157189	0	0	0	136.126	136.126	6.6872e-06	0	0	0	2.53141	-6.30928	0	8.84069		300	0.432641	0.00664295	0.00664295	-0.00854573	0	0	0	0.432641	0	-0.426642	-237.002	0	213.464	213.464	-2.13163e-14	12.4428	0	0	0	0	0	0	0	0	0	0	0	0	0	0	0	0	0	0	0	0	0	0	0	0	0	0	0	0	0	0	0	0	0	
1	1	1	276	8.28		300	0	0	0.0138	0.0138	-0.0157809	0	0	0	136.288	136.288	6.70963e-06	0	0	0	2.54503	-6.31169	0	8.85672		300	0.433927	0.00668451	0.00668451	-0.0085992	0	0	0	0.433927	0	-0.426642	-237.002	0	213.464	213.464	-2.13163e-14	12.4428	0	0	0	0	0	0	0	0	0	0	0	0	0	0	0	0	0	0	0	0	0	0	0	0	0	0	0	0	0	0	0	0	0	
1	1	1	277	8.31		300	0	0	0.01385	0.01385	-0.0158429	0	0	0	136.449	136.449	6.732e-06	0	0	0	2.55866	-6.31406	0	8.87272		300	0.435211	0.00672609	0.00672609	-0.00865269	0	0	0	0.435211	0	-0.426642	-237.002	0	213.464	213.464	-2.13163e-14	12.4428	0	0	0	0	0	0	0	0	0	0	0	0	0	0	0	0	0	0	0	0	0	0	0	0	0	0	0	0	0	0	0	0	0	
1	1	1	278	8.34		300	0	0	0.0139	0.0139	-0.0159049	0	0	0	136.61	136.61	6.75431e-06	0	0	0	2.57232	-6.31639	0	8.88871		300	0.436493	0.0067677	0.0067677	-0.00870621	0	0	0	0.436493	0	-0.426642	-237.002	0	213.464	213.464	-2.13163e-14	12.4428	0	0	0	0	0	0	0	0	0	0	0	0	0	0	0	0	0	0	0	0	0	0	0	0	0	0	0	0	0	0	0	0	0	
1	1	1	279	8.37		300	0	0	0.01395	0.01395	-0.0159669	0	0	0	136.77	136.77	6.77656e-06	0	0	0	2.58599	-6.31869	0	8.90468		300	0.437774	0.00680933	0.00680933	-0.00875976	0	0	0	0.437774	0	-0.426642	-237.002	0	213.464	213.464	-2.13163e-14	12.4428	0	0	0	0	0	0	0	0	0	0	0	0	0	0	0	0	0	0	0	0	0	0	0	0	0	0	0	0	0	0	0	0	0	
1	1	1	280	8.4		300	0	0	0.014	0.014	-0.0160289	0	0	0	136.93	136.93	6.79875e-06	0	0	0	2.59967	-6.32095	0	8.92062		300	0.439053	0.00685097	0.00685097	-0.00881334	0	0	0	0.439053	0	-0.426642	-237.002	0	213.464	213.464	-2.13163e-14	12.4428	0	0	0	0	0	0	0	0	0	0	0	0	0	0	0	0	0	0	0	0	0	0	0	0	0	0	0	0	0	0	0	0	0	
1	1	1	281	8.43		300	0	0	0.01405	0.01405	-0.0160909	0	0	0	137.09	137.09	6.82089e-06	0	0	0	2.61337	-6.32317	0	8.93654		300	0.44033	0.00689264	0.00689264	-0.00886695	0	0	0	0.44033	0	-0.426642	-237.002	0	213.464	213.464	-2.13163e-14	12.4428	0	0	0	0	0	0	0	0	0	0	0	0	0	0	0	0	0	0	0	0	0	0	0	0	0	0	0	0	0	0	0	0	0	
1	1	1	282	8.46		300	0	0	0.0141	0.0141	-0.0161529	0	0	0	137.249	137.249	6.84296e-06	0	0	0	2.62709	-6.32535	0	8.95244		300	0.441605	0.00693433	0.00693433	-0.00892058	0	0	0	0.441605	0	-0.426642	-237.002	0	213.464	213.464	-2.13163e-14	12.4428	0	0	0	0	0	0	0	0	0	0	0	0	0	0	0	0	0	0	0	0	0	0	0	0	0	0	0	0	0	0	0	0	0	
1	1	1	283	8.49		300	0	0	0.01415	0.01415	-0.0162149	0	0	0	137.408	137.408	6.86498e-06	0	0	0	2.64082	-6.3275	0	8.96832		300	0.442879	0.00697604	0.00697604	-0.00897424	0	0	0	0.442879	0	-0.426642	-237.002	0	213.464	213.464	-2.13163e-14	12.4428	0	0	0	0	0	0	0	0	0	0	0	0	0	0	0	0	0	0	0	0	0	0	0	0	0	0	0	0	0	0	0	0	0	
1	1	1	284	8.52		300	0	0	0.0142	0.0142	-0.016277	0	0	0	137.566	137.566	6.88694e-06	0	0	0	2.65457	-6.32961	0	8.98419		300	0.444151	0.00701777	0.00701777	-0.00902792	0	0	0	0.444151	0	-0.426642	-237.002	0	213.464	213.464	-2.13163e-14	12.4428	0	0	0	0	0	0	0	0	0	0	0	0	0	0	0	0	0	0	0	0	0	0	0	0	0	0	0	0	0	0	0	0	0	
1	1	1	285	8.55		300	0	0	0.01425	0.01425	-0.016339	0	0	0	137.724	137.724	6.90884e-06	0	0	0	2.66833	-6.33169	0	9.00003		300	0.445422	0.00705953	0.00705953	-0.00908163	0	0	0	0.445422	0	-0.426642	-237.002	0	213.464	213.464	-2.13163e-14	12.4428	0	0	0	0	0	0	0	0	0	0	0	0	0	0	0	0	0	0	0	0	0	0	0	0	0	0	0	0	0	0	0	0	0	
1	1	1	286	8.58		300	0	0	0.0143	0.0143	-0.0164011	0	0	0	137.882	137.882	6.93068e-06	0	0	0	2.68212	-6.33373	0	9.01584		300	0.446691	0.0071013	0.0071013	-0.00913537	0	0	0	0.446691	0	-0.426642	-237.002	0	213.464	213.464	-2.13163e-14	12.4428	0	0	0	0	0	0	0	0	0	0	0	0	0	0	0	0	0	0	0	0	0	0	0	0	0	0	0	0	0	0	0	0	0	
1	1	1	287	8.61		300	0	0	0.01435	0.01435	-0.0164631	0	0	0	138.039	138.039	6.95247e-06	0	0	0	2.69591	-6.33573	0	9.03164		300	0.447958	0.00714309	0.00714309	-0.00918913	0	0	0	0.447958	0	-0.426642	-237.002	0	213.464	213.464	-2.13163e-14	12.4428	0	0	0	0	0	0	0	0	0	0	0	0	0	0	0	0	0	0	0	0	0	0	0	0	0	0	0	0	0	0	0	0	0	
1	1	1	288	8.64		300	0	0	0.0144	0.0144	-0.0165252	0	0	0	138.196	138.196	6.9742e-06	0	0	0	2.70972	-6.3377	0	9.04742		300	0.449223	0.0071849	0.0071849	-0.00924292	0	0	0	0.449223	0	-0.426642	-237.002	0	213.464	213.464	-2.13163e-14	12.4428	0	0	0	0	0	0	0	0	0	0	0	0	0	0	0	0	0	0	0	0	0	0	0	0	0	0	0	0	0	0	0	0	0	
1	1	1	289	8.67		300	0	0	0.01445	0.01445	-0.0165872	0	0	0	138.352	138.352	6.99587e-06	0	0	0	2.72355	-6.33963	0	9.06318		300	0.450487	0.00722673	0.00722673	-0.00929673	0	0	0	0.450487	0	-0.426642	-237.002	0	213.464	213.464	-2.13163e-14	12.4428	0	0	0	0	0	0	0	0	0	0	0	0	0	0	0	0	0	0	0	0	0	0	0	0	0	0	0	0	0	0	0	0	0	
1	1	1	290	8.7		300	0	0	0.0145	0.0145	-0.0166493	0	0	0	138.508	138.508	7.01748e-06	0	0	0	2.73739	-6.34153	0	9.07892		300	0.45175	0.00726858	0.00726858	-0.00935057	0	0	0	0.45175	0	-0.426642	-237.002	0	213.464	213.464	-2.13163e-14	12.4428	0	0	0	0	0	0	0	0	0	0	0	0	0	0	0	0	0	0	0	0	0	0	0	0	0	0	0	0	0	0	0	0	0	
1	1	1	291	8.73		300	0	0	0.01455	0.01455	-0.0167113	0	0	0	138.664	138.664	7.03904e-06	0	0	0	2.75125	-6.34339	0	9.09464		300	0.45301	0.00731045	0.00731045	-0.00940443	0	0	0	0.45301	0	-0.426642	-237.002	0	213.464	213.464	-2.13163e-14	12.4428	0	0	0	0	0	0	0	0	0	0	0	0	0	0	0	0	0	0	0	0	0	0	0	0	0	0	0	0	0	0	0	0	0	
1	1	1	292	8.76		300	0	0	0.0146	0.0146	-0.0167734	0	0	0	138.82	138.82	7.06054e-06	0	0	0	2.76513	-6.34521	0	9.11034		300	0.45427	0.00735234	0.00735234	-0.00945832	0	0	0	0.45427	0	-0.426642	-237.002	0	213.464	213.464	-2.13163e-14	12.4428	0	0	0	0	0	0	0	0	0	0	0	0	0	0	0	0	0	0	0	0	0	0	0	0	0	0	0	0	0	0	0	0	0	
1	1	1	293	8.79		300	0	0	0.01465	0.01465	-0.0168355	0	0	0	138.975	138.975	7.08199e-06	0	0	0	2.77902	-6.347	0	9.12601		300	0.455527	0.00739425	0.00739425	-0.00951223	0	0	0	0.455527	0	-0.426642	-237.002	0	213.464	213.464	-2.13163e-14	12.4428	0	0	0	0	0	0	0	0	0	0	0	0	0	0	0	0	0	0	0	0	0	0	0	0	0	0	0	0	0	0	0	0	0	
1	1	1	294	8.82		300	0	0	0.0147	0.0147	-0.0168976	0	0	0	139.129	139.129	7.10338e-06	0	0	0	2.79292	-6.34875	0	9.14167		300	0.456783	0.00743617	0.00743617	-0.00956616	0	0	0	0.456783	0	-0.426642	-237.002	0	213.464	213.464	-2.13163e-14	12.4428	0	0	0	0	0	0	0	0	0	0	0	0	0	0	0	0	0	0	0	0	0	0	0	0	0	0	0	0	0	0	0	0	0	
1	1	1	295	8.85		300	0	0	0.01475	0.01475	-0.0169597	0	0	0	139.284	139.284	7.12472e-06	0	0	0	2.80684	-6.35047	0	9.15731		300	0.458037	0.00747811	0.00747811	-0.00962012	0	0	0	0.458037	0	-0.426642	-237.002	0	213.464	213.464	-2.13163e-14	12.4428	0	0	0	0	0	0	0	0	0	0	0	0	0	0	0	0	0	0	0	0	0	0	0	0	0	0	0	0	0	0	0	0	0	
1	1	1	296	8.88		300	0	0	0.0148	0.0148	-0.0170218	0	0	0	139.438	139.438	7.14599e-06	0	0	0	2.82078	-6.35215	0	9.17293		300	0.45929	0.00752008	0.00752008	-0.0096741	0	0	0	0.45929	0	-0.426642	-237.002	0	213.464	213.464	-2.13163e-14	12.4428	0	0	0	0	0	0	0	0	0	0	0	0	0	0	0	0	0	0	0	0	0	0	0	0	0	0	0	0	0	0	0	0	0	
1	1	1	297	8.91		300	0	0	0.01485	0.01485	-0.0170839	0	0	0	139.591	139.591	7.16722e-06	0	0	0	2.83473	-6.3538	0	9.18853		300	0.460541	0.00756205	0.00756205	-0.0097281	0	0	0	0.460541	0	-0.426642	-237.002	0	213.464	213.464	-2.13163e-14	12.4428	0	0	0	0	0	0	0	0	0	0	0	0	0	0	0	0	0	0	0	0	0	0	0	0	0	0	0	0	0	0	0	0	0	
1	1	1	298	8.94		300	0	0	0.0149	0.0149	-0.017146	0	0	0	139.744	139.744	7.18838e-06	0	0	0	2.8487	-6.35541	0	9.20411		300	0.461791	0.00760405	0.00760405	-0.00978213	0	0	0	0.461791	0	-0.426642	-237.002	0	213.464	213.464	-2.13163e-14	12.4428	0	0	0	0	0	0	0	0	0	0	0	0	0	0	0	0	0	0	0	0	0	0	0	0	0	0	0	0	0	0	0	0	0	
1	1	1	299	8.97		300	0	0	0.01495	0.01495	-0.0172081	0	0	0	139.897	139.897	7.2095e-06	0	0	0	2.86268	-6.35699	0	9.21967		300	0.463039	0.00764607	0.00764607	-0.00983618	0	0	0	0.463039	0	-0.426642	-237.002	0	213.464	213.464	-2.13163e-14	12.4428	0	0	0	0	0	0	0	0	0	0	0	0	0	0	0	0	0	0	0	0	0	0	0	0	0	0	0	0	0	0	0	0	0	
1	1	1	300	9		300	0	0	0.015	0.015	-0.0172702	0	0	0	140.05	140.05	7.23056e-06	0	0	0	2.87668	-6.35854	0	9.23521		300	0.464286	0.0076881	0.0076881	-0.00989025	0	0	0	0.464286	0	-0.426642	-237.002	0	213.464	213.464	-2.13163e-14	12.4428	0	0	0	0	0	0	0	0	0	0	0	0	0	0	0	0	0	0	0	0	0	0	0	0	0	0	0	0	0	0	0	0	0	
1	1	1	301	9.03		300	0	0	0.01505	0.01505	-0.0173323	0	0	0	140.202	140.202	7.25156e-06	0	0	0	2.89069	-6.36005	0	9.25074		300	0.465531	0.00773015	0.00773015	-0.00994434	0	0	0	0.465531	0	-0.426642	-237.002	0	213.464	213.464	-2.13163e-14	12.4428	0	0	0	0	0	0	0	0	0	0	0	0	0	0	0	0	0	0	0	0	0	0	0	0	0	0	0	0	0	0	0	0	0	
1	1	1	302	9.06		300	0	0	0.0151	0.0151	-0.0173944	0	0	0	140.354	140.354	7.27251e-06	0	0	0	2.90472	-6.36152	0	9.26624		300	0.466774	0.00777221	0.00777221	-0.00999846	0	0	0	0.466774	0	-0.426642	-237.002	0	213.464	213.464	-2.13163e-14	12.4428	0	0	0	0	0	0	0	0	0	0	0	0	0	0	0	0	0	0	0	0	0	0	0	0	0	0	0	0	0	0	0	0	0	
1	1	1	303	9.09		300	0	0	0.01515	0.01515	-0.0174566	0	0	0	140.506	140.506	7.2934e-06	0	0	0	2.91876	-6.36297	0	9.28172		300	0.468016	0.00781429	0.00781429	-0.0100526	0	0	0	0.468016	0	-0.426642	-237.002	0	213.464	213.464	-2.13163e-14	12.4428	0	0	0	0	0	0	0	0	0	0	0	0	0	0	0	0	0	0	0	0	0	0	0	0	0	0	0	0	0	0	0	0	0	
1	1	1	304	9.12		300	0	0	0.0152	0.0152	-0.0175187	0	0	0	140.657	140.657	7.31424e-06	0	0	0	2.93282	-6.36437	0	9.29719		300	0.469257	0.00785639	0.00785639	-0.0101067	0	0	0	0.469257	0	-0.426642	-237.002	0	213.464	213.464	-2.13163e-14	12.4428	0	0	0	0	0	0	0	0	0	0	0	0	0	0	0	0	0	0	0	0	0	0	0	0	0	0	0	0	0	0	0	0	0	
1	1	1	305	9.15		300	0	0	0.01525	0.01525	-0.0175808	0	0	0	140.808	140.808	7.33503e-06	0	0	0	2.94689	-6.36575	0	9.31264		300	0.470495	0.00789851	0.00789851	-0.0101609	0	0	0	0.470495	0	-0.426642	-237.002	0	213.464	213.464	-2.13163e-14	12.4428	0	0	0	0	0	0	0	0	0	0	0	0	0	0	0	0	0	0	0	0	0	0	0	0	0	0	0	0	0	0	0	0	0	
1	1	1	306	9.18		300	0	0	0.0153	0.0153	-0.017643	0	0	0	140.959	140.959	7.35576e-06	0	0	0	2.96098	-6.36708	0	9.32806		300	0.471733	0.00794064	0.00794064	-0.0102151	0	0	0	0.471733	0	-0.426642	-237.002	0	213.464	213.464	-2.13163e-14	12.4428	0	0	0	0	0	0	0	0	0	0	0	0	0	0	0	0	0	0	0	0	0	0	0	0	0	0	0	0	0	0	0	0	0	
1	1	1	307	9.21		300	0	0	0.01535	0.01535	-0.0177051	0	0	0	141.109	141.109	7.37644e-06	0	0	0	2.97508	-6.36839	0	9.34347		300	0.472969	0.00798279	0.00798279	-0.0102693	0	0	0	0.472969	0	-0.426642	-237.002	0	213.464	213.464	-2.13163e-14	12.4428	0	0	0	0	0	0	0	0	0	0	0	0	0	0	0	0	0	0	0	0	0	0	0	0	0	0	0	0	0	0	0	0	0	
1	1	1	308	9.24		300	0	0	0.0154	0.0154	-0.0177673	0	0	0	141.26	141.26	7.39706e-06	0	0	0	2.9892	-6.36966	0	9.35886		300	0.474203	0.00802495	0.00802495	-0.0103236	0	0	0	0.474203	0	-0.426642	-237.002	0	213.464	213.464	-2.13163e-14	12.4428	0	0	0	0	0	0	0	0	0	0	0	0	0	0	0	0	0	0	0	0	0	0	0	0	0	0	0	0	0	0	0	0	0	
1	1	1	309	9.27		300	0	0	0.01545	0.01545	-0.0178294	0	0	0	141.409	141.409	7.41764e-06	0	0	0	3.00333	-6.3709	0	9.37423		300	0.475436	0.00806713	0.00806713	-0.0103778	0	0	0	0.475436	0	-0.426642	-237.002	0	213.464	213.464	-2.13163e-14	12.4428	0	0	0	0	0	0	0	0	0	0	0	0	0	0	0	0	0	0	0	0	0	0	0	0	0	0	0	0	0	0	0	0	0	
1	1	1	310	9.3		300	0	0	0.0155	0.0155	-0.0178916	0	0	0	141.559	141.559	7.43815e-06	0	0	0	3.01748	-6.37211	0	9.38959		300	0.476667	0.00810932	0.00810932	-0.0104321	0	0	0	0.476667	0	-0.426642	-237.002	0	213.464	213.464	-2.13163e-14	12.4428	0	0	0	0	0	0	0	0	0	0	0	0	0	0	0	0	0	0	0	0	0	0	0	0	0	0	0	0	0	0	0	0	0	
1	1	1	311	9.33		300	0	0	0.01555	0.01555	-0.0179537	0	0	0	141.708	141.708	7.45862e-06	0	0	0	3.03165	-6.37328	0	9.40492		300	0.477897	0.00815153	0.00815153	-0.0104864	0	0	0	0.477897	0	-0.426642	-237.002	0	213.464	213.464	-2.13163e-14	12.4428	0	0	0	0	0	0	0	0	0	0	0	0	0	0	0	0	0	0	0	0	0	0	0	0	0	0	0	0	0	0	0	0	0	
1	1	1	312	9.36		300	0	0	0.0156	0.0156	-0.0180159	0	0	0	141.857	141.857	7.47903e-06	0	0	0	3.04582	-6.37441	0	9.42024		300	0.479126	0.00819376	0.00819376	-0.0105407	0	0	0	0.479126	0	-0.426642	-237.002	0	213.464	213.464	-2.13163e-14	12.4428	0	0	0	0	0	0	0	0	0	0	0	0	0	0	0	0	0	0	0	0	0	0	0	0	0	0	0	0	0	0	0	0	0	
1	1	1	313	9.39		300	0	0	0.01565	0.01565	-0.0180781	0	0	0	142.006	142.006	7.49939e-06	0	0	0	3.06002	-6.37552	0	9.43554		300	0.480353	0.008236	0.008236	-0.0105951	0	0	0	0.480353	0	-0.426642	-237.002	0	213.464	213.464	-2.13163e-14	12.4428	0	0	0	0	0	0	0	0	0	0	0	0	0	0	0	0	0	0	0	0	0	0	0	0	0	0	0	0	0	0	0	0	0	
1	1	1	314	9.42		300	0	0	0.0157	0.0157	-0.0181402	0	0	0	142.154	142.154	7.5197e-06	0	0	0	3.07423	-6.37659	0	9.45082		300	0.481578	0.00827825	0.00827825	-0.0106494	0	0	0	0.481578	0	-0.426642	-237.002	0	213.464	213.464	-2.13163e-14	12.4428	0	0	0	0	0	0	0	0	0	0	0	0	0	0	0	0	0	0	0	0	0	0	0	0	0	0	0	0	0	0	0	0	0	
1	1	1	315	9.45		300	0	0	0.01575	0.01575	-0.0182024	0	0	0	142.302	142.302	7.53995e-06	0	0	0	3.08845	-6.37763	0	9.46608		300	0.482803	0.00832052	0.00832052	-0.0107038	0	0	0	0.482803	0	-0.426642	-237.002	0	213.464	213.464	-2.13163e-14	12.4428	0	0	0	0	0	0	0	0	0	0	0	0	0	0	0	0	0	0	0	0	0	0	0	0	0	0	0	0	0	0	0	0	0	
1	1	1	316	9.48		300	0	0	0.0158	0.0158	-0.0182646	0	0	0	142.45	142.45	7.56016e-06	0	0	0	3.10269	-6.37864	0	9.48132		300	0.484025	0.0083628	0.0083628	-0.0107582	0	0	0	0.484025	0	-0.426642	-237.002	0	213.464	213.464	-2.13163e-14	12.4428	0	0	0	0	0	0	0	0	0	0	0	0	0	0	0	0	0	0	0	0	0	0	0	0	0	0	0	0	0	0	0	0	0	
1	1	1	317	9.51		300	0	0	0.01585	0.01585	-0.0183268	0	0	0	142.597	142.597	7.58031e-06	0	0	0	3.11694	-6.37961	0	9.49655		300	0.485246	0.0084051	0.0084051	-0.0108126	0	0	0	0.485246	0	-0.426642	-237.002	0	213.464	213.464	-2.13163e-14	12.4428	0	0	0	0	0	0	0	0	0	0	0	0	0	0	0	0	0	0	0	0	0	0	0	0	0	0	0	0	0	0	0	0	0	
1	1	1	318	9.54		300	0	0	0.0159	0.0159	-0.018389	0	0	0	142.745	142.745	7.60041e-06	0	0	0	3.13121	-6.38055	0	9.51176		300	0.486466	0.00844741	0.00844741	-0.0108671	0	0	0	0.486466	0	-0.426642	-237.002	0	213.464	213.464	-2.13163e-14	12.4428	0	0	0	0	0	0	0	0	0	0	0	0	0	0	0	0	0	0	0	0	0	0	0	0	0	0	0	0	0	0	0	0	0	
1	1	1	319	9.57		300	0	0	0.01595	0.01595	-0.0184512	0	0	0	142.892	142.892	7.62045e-06	0	0	0	3.14549	-6.38146	0	9.52695		300	0.487684	0.00848974	0.00848974	-0.0109215	0	0	0	0.487684	0	-0.426642	-237.002	0	213.464	213.464	-2.13163e-14	12.4428	0	0	0	0	0	0	0	0	0	0	0	0	0	0	0	0	0	0	0	0	0	0	0	0	0	0	0	0	0	0	0	0	0	
1	1	1	320	9.6		300	0	0	0.016	0.016	-0.0185134	0	0	0	143.038	143.038	7.64045e-06	0	0	0	3.15978	-6.38233	0	9.54212		300	0.488901	0.00853208	0.00853208	-0.010976	0	0	0	0.488901	0	-0.426642	-237.002	0	213.464	213.464	-2.13163e-14	12.4428	0	0	0	0	0	0	0	0	0	0	0	0	0	0	0	0	0	0	0	0	0	0	0	0	0	0	0	0	0	0	0	0	0	
1	1	1	321	9.63		300	0	0	0.01605	0.01605	-0.0185756	0	0	0	143.185	143.185	7.66039e-06	0	0	0	3.17409	-6.38318	0	9.55727		300	0.490117	0.00857443	0.00857443	-0.0110305	0	0	0	0.490117	0	-0.426642	-237.002	0	213.464	213.464	-2.13163e-14	12.4428	0	0	0	0	0	0	0	0	0	0	0	0	0	0	0	0	0	0	0	0	0	0	0	0	0	0	0	0	0	0	0	0	0	
1	1	1	322	9.66		300	0	0	0.0161	0.0161	-0.0186378	0	0	0	143.331	143.331	7.68029e-06	0	0	0	3.18842	-6.38399	0	9.57241		300	0.491331	0.0086168	0.0086168	-0.011085	0	0	0	0.491331	0	-0.426642	-237.002	0	213.464	213.464	-2.13163e-14	12.4428	0	0	0	0	0	0	0	0	0	0	0	0	0	0	0	0	0	0	0	0	0	0	0	0	0	0	0	0	0	0	0	0	0	
1	1	1	323	9.69		300	0	0	0.01615	0.01615	-0.0187	0	0	0	143.477	143.477	7.70013e-06	0	0	0	3.20276	-6.38477	0	9.58753		300	0.492543	0.00865918	0.00865918	-0.0111395	0	0	0	0.492543	0	-0.426642	-237.002	0	213.464	213.464	-2.13163e-14	12.4428	0	0	0	0	0	0	0	0	0	0	0	0	0	0	0	0	0	0	0	0	0	0	0	0	0	0	0	0	0	0	0	0	0	
1	1	1	324	9.72		300	0	0	0.0162	0.0162	-0.0187622	0	0	0	143.623	143.623	7.71992e-06	0	0	0	3.21712	-6.38551	0	9.60263		300	0.493755	0.00870157	0.00870157	-0.011194	0	0	0	0.493755	0	-0.426642	-237.002	0	213.464	213.464	-2.13163e-14	12.4428	0	0	0	0	0	0	0	0	0	0	0	0	0	0	0	0	0	0	0	0	0	0	0	0	0	0	0	0	0	0	0	0	0	
1	1	1	325	9.75		300	0	0	0.01625	0.01625	-0.0188244	0	0	0	143.768	143.768	7.73966e-06	0	0	0	3.23149	-6.38623	0	9.61771		300	0.494964	0.00874398	0.00874398	-0.0112486	0	0	0	0.494964	0	-0.426642	-237.002	0	213.464	213.464	-2.13163e-14	12.4428	0	0	0	0	0	0	0	0	0	0	0	0	0	0	0	0	0	0	0	0	0	0	0	0	0	0	0	0	0	0	0	0	0	
1	1	1	326	9.78		300	0	0	0.0163	0.0163	-0.0188866	0	0	0	143.913	143.913	7.75935e-06	0	0	0	3.24587	-6.38691	0	9.63278		300	0.496173	0.0087864	0.0087864	-0.0113031	0	0	0	0.496173	0	-0.426642	-237.002	0	213.464	213.464	-2.13163e-14	12.4428	0	0	0	0	0	0	0	0	0	0	0	0	0	0	0	0	0	0	0	0	0	0	0	0	0	0	0	0	0	0	0	0	0	
1	1	1	327	9.81		300	0	0	0.01635	0.01635	-0.0189489	0	0	0	144.058	144.058	7.77899e-06	0	0	0	3.26027	-6.38756	0	9.64783		300	0.49738	0.00882883	0.00882883	-0.0113577	0	0	0	0.49738	0	-0.426642	-237.002	0	213.464	213.464	-2.13163e-14	12.4428	0	0	0	0	0	0	0	0	0	0	0	0	0	0	0	0	0	0	0	0	0	0	0	0	0	0	0	0	0	0	0	0	0	
1	1	1	328	9.84		300	0	0	0.0164	0.0164	-0.0190111	0	0	0	144.203	144.203	7.79858e-06	0	0	0	3.27468	-6.38818	0	9.66286		300	0.498585	0.00887128	0.00887128	-0.0114123	0	0	0	0.498585	0	-0.426642	-237.002	0	213.464	213.464	-2.13163e-14	12.4428	0	0	0	0	0	0	0	0	0	0	0	0	0	0	0	0	0	0	0	0	0	0	0	0	0	0	0	0	0	0	0	0	0	
1	1	1	329	9.87		300	0	0	0.01645	0.01645	-0.0190733	0	0	0	144.347	144.347	7.81812e-06	0	0	0	3.28911	-6.38877	0	9.67788		300	0.49979	0.00891374	0.00891374	-0.0114669	0	0	0	0.49979	0	-0.426642	-237.002	0	213.464	213.464	-2.13163e-14	12.4428	0	0	0	0	0	0	0	0	0	0	0	0	0	0	0	0	0	0	0	0	0	0	0	0	0	0	0	0	0	0	0	0	0	
1	1	1	330	9.9		300	0	0	0.0165	0.0165	-0.0191356	0	0	0	144.492	144.492	7.8376e-06	0	0	0	3.30355	-6.38932	0	9.69287		300	0.500992	0.00895621	0.00895621	-0.0115216	0	0	0	0.500992	0	-0.426642	-237.002	0	213.464	213.464	-2.13163e-14	12.4428	0	0	0	0	0	0	0	0	0	0	0	0	0	0	0	0	0	0	0	0	0	0	0	0	0	0	0	0	0	0	0	0	0	
1	1	1	331	9.93		300	0	0	0.01655	0.01655	-0.0191978	0	0	0	144.636	144.636	7.85704e-06	0	0	0	3.31801	-6.38985	0	9.70785		300	0.502194	0.00899869	0.00899869	-0.0115762	0	0	0	0.502194	0	-0.426642	-237.002	0	213.464	213.464	-2.13163e-14	12.4428	0	0	0	0	0	0	0	0	0	0	0	0	0	0	0	0	0	0	0	0	0	0	0	0	0	0	0	0	0	0	0	0	0	
1	1	1	332	9.96		300	0	0	0.0166	0.0166	-0.01926	0	0	0	144.779	144.779	7.87643e-06	0	0	0	3.33248	-6.39034	0	9.72282		300	0.503394	0.00904118	0.00904118	-0.0116309	0	0	0	0.503394	0	-0.426642	-237.002	0	213.464	213.464	-2.13163e-14	12.4428	0	0	0	0	0	0	0	0	0	0	0	0	0	0	0	0	0	0	0	0	0	0	0	0	0	0	0	0	0	0	0	0	0	
1	1	1	333	9.99		300	0	0	0.01665	0.01665	-0.0193223	0	0	0	144.923	144.923	7.89577e-06	0	0	0	3.34696	-6.3908	0	9.73776		300	0.504593	0.00908369	0.00908369	-0.0116856	0	0	0	0.504593	0	-0.426642	-237.002	0	213.464	213.464	-2.13163e-14	12.4428	0	0	0	0	0	0	0	0	0	0	0	0	0	0	0	0	0	0	0	0	0	0	0	0	0	0	0	0	0	0	0	0	0	
1	1	1	334	10.02		300	0	0	0.0167	0.0167	-0.0193845	0	0	0	145.066	145.066	7.91506e-06	0	0	0	3.36146	-6.39123	0	9.75269		300	0.50579	0.00912621	0.00912621	-0.0117403	0	0	0	0.50579	0	-0.426642	-237.002	0	213.464	213.464	-2.13163e-14	12.4428	0	0	0	0	0	0	0	0	0	0	0	0	0	0	0	0	0	0	0	0	0	0	0	0	0	0	0	0	0	0	0	0	0	
1	1	1	335	10.05		300	0	0	0.01675	0.01675	-0.0194468	0	0	0	145.209	145.209	7.9343e-06	0	0	0	3.37598	-6.39163	0	9.7676		300	0.506986	0.00916874	0.00916874	-0.011795	0	0	0	0.506986	0	-0.426642	-237.002	0	213.464	213.464	-2.13163e-14	12.4428	0	0	0	0	0	0	0	0	0	0	0	0	0	0	0	0	0	0	0	0	0	0	0	0	0	0	0	0	0	0	0	0	0	
1	1	1	336	10.08		300	0	0	0.0168	0.0168	-0.019509	0	0	0	145.352	145.352	7.95349e-06	0	0	0	3.3905	-6.392	0	9.7825		300	0.508181	0.00921128	0.00921128	-0.0118497	0	0	0	0.508181	0	-0.426642	-237.002	0	213.464	213.464	-2.13163e-14	12.4428	0	0	0	0	0	0	0	0	0	0	0	0	0	0	0	0	0	0	0	0	0	0	0	0	0	0	0	0	0	0	0	0	0	
1	1	1	337	10.11		300	0	0	0.01685	0.01685	-0.0195713	0	0	0	145.495	145.495	7.97263e-06	0	0	0	3.40505	-6.39233	0	9.79738		300	0.509374	0.00925384	0.00925384	-0.0119044	0	0	0	0.509374	0	-0.426642	-237.002	0	213.464	213.464	-2.13163e-14	12.4428	0	0	0	0	0	0	0	0	0	0	0	0	0	0	0	0	0	0	0	0	0	0	0	0	0	0	0	0	0	0	0	0	0	
1	1	1	338	10.14		300	0	0	0.0169	0.0169	-0.0196335	0	0	0	145.637	145.637	7.99173e-06	0	0	0	3.4196	-6.39264	0	9.81224		300	0.510566	0.0092964	0.0092964	-0.0119592	0	0	0	0.510566	0	-0.426642	-237.002	0	213.464	213.464	-2.13163e-14	12.4428	0	0	0	0	0	0	0	0	0	0	0	0	0	0	0	0	0	0	0	0	0	0	0	0	0	0	0	0	0	0	0	0	0	
1	1	1	339	10.17		300	0	0	0.01695	0.01695	-0.0196958	0	0	0	145.779	145.779	8.01077e-06	0	0	0	3.43417	-6.39291	0	9.82709		300	0.511757	0.00933898	0.00933898	-0.012014	0	0	0	0.511757	0	-0.426642	-237.002	0	213.464	213.464	-2.13163e-14	12.4428	0	0	0	0	0	0	0	0	0	0	0	0	0	0	0	0	0	0	0	0	0	0	0	0	0	0	0	0	0	0	0	0	0	
1	1	1	340	10.2		300	0	0	0.017	0.017	-0.0197581	0	0	0	145.921	145.921	8.02976e-06	0	0	0	3.44876	-6.39316	0	9.84192		300	0.512946	0.00938156	0.00938156	-0.0120688	0	0	0	0.512946	0	-0.426642	-237.002	0	213.464	213.464	-2.13163e-14	12.4428	0	0	0	0	0	0	0	0	0	0	0	0	0	0	0	0	0	0	0	0	0	0	0	0	0	0	0	0	0	0	0	0	0	
1	1	1	341	10.23		300	0	0	0.01705	0.01705	-0.0198203	0	0	0	146.063	146.063	8.04871e-06	0	0	0	3.46336	-6.39337	0	9.85673		300	0.514134	0.00942416	0.00942416	-0.0121236	0	0	0	0.514134	0	-0.426642	-237.002	0	213.464	213.464	-2.13163e-14	12.4428	0	0	0	0	0	0	0	0	0	0	0	0	0	0	0	0	0	0	0	0	0	0	0	0	0	0	0	0	0	0	0	0	0	
1	1	1	342	10.26		300	0	0	0.0171	0.0171	-0.0198826	0	0	0	146.205	146.205	8.06761e-06	0	0	0	3.47797	-6.39355	0	9.87152		300	0.515321	0.00946677	0.00946677	-0.0121784	0	0	0	0.515321	0	-0.426642	-237.002	0	213.464	213.464	-2.13163e-14	12.4428	0	0	0	0	0	0	0	0	0	0	0	0	0	0	0	0	0	0	0	0	0	0	0	0	0	0	0	0	0	0	0	0	0	
1	1	1	343	10.29		300	0	0	0.01715	0.01715	-0.0199449	0	0	0	146.346	146.346	8.08646e-06	0	0	0	3.4926	-6.3937	0	9.8863		300	0.516506	0.00950939	0.00950939	-0.0122332	0	0	0	0.516506	0	-0.426642	-237.002	0	213.464	213.464	-2.13163e-14	12.4428	0	0	0	0	0	0	0	0	0	0	0	0	0	0	0	0	0	0	0	0	0	0	0	0	0	0	0	0	0	0	0	0	0	
1	1	1	344	10.32		300	0	0	0.0172	0.0172	-0.0200072	0	0	0	146.487	146.487	8.10526e-06	0	0	0	3.50724	-6.39383	0	9.90107		300	0.51769	0.00955202	0.00955202	-0.012288	0	0	0	0.51769	0	-0.426642	-237.002	0	213.464	213.464	-2.13163e-14	12.4428	0	0	0	0	0	0	0	0	0	0	0	0	0	0	0	0	0	0	0	0	0	0	0	0	0	0	0	0	0	0	0	0	0	
1	1	1	345	10.35		300	0	0	0.01725	0.01725	-0.0200695	0	0	0	146.628	146.628	8.12402e-06	0	0	0	3.5219	-6.39392	0	9.91581		300	0.518873	0.00959466	0.00959466	-0.0123429	0	0	0	0.518873	0	-0.426642	-237.002	0	213.464	213.464	-2.13163e-14	12.4428	0	0	0	0	0	0	0	0	0	0	0	0	0	0	0	0	0	0	0	0	0	0	0	0	0	0	0	0	0	0	0	0	0	
1	1	1	346	10.38		300	0	0	0.0173	0.0173	-0.0201317	0	0	0	146.769	146.769	8.14272e-06	0	0	0	3.53657	-6.39398	0	9.93054		300	0.520054	0.00963731	0.00963731	-0.0123977	0	0	0	0.520054	0	-0.426642	-237.002	0	213.464	213.464	-2.13163e-14	12.4428	0	0	0	0	0	0	0	0	0	0	0	0	0	0	0	0	0	0	0	0	0	0	0	0	0	0	0	0	0	0	0	0	0	
1	1	1	347	10.41		300	0	0	0.01735	0.01735	-0.020194	0	0	0	146.909	146.909	8.16138e-06	0	0	0	3.55125	-6.39401	0	9.94526		300	0.521235	0.00967997	0.00967997	-0.0124526	0	0	0	0.521235	0	-0.426642	-237.002	0	213.464	213.464	-2.13163e-14	12.4428	0	0	0	0	0	0	0	0	0	0	0	0	0	0	0	0	0	0	0	0	0	0	0	0	0	0	0	0	0	0	0	0	0	
1	1	1	348	10.44		300	0	0	0.0174	0.0174	-0.0202563	0	0	0	147.05	147.05	8.17999e-06	0	0	0	3.56595	-6.39401	0	9.95996		300	0.522413	0.00972264	0.00972264	-0.0125075	0	0	0	0.522413	0	-0.426642	-237.002	0	213.464	213.464	-2.13163e-14	12.4428	0	0	0	0	0	0	0	0	0	0	0	0	0	0	0	0	0	0	0	0	0	0	0	0	0	0	0	0	0	0	0	0	0	
1	1	1	349	10.47		300	0	0	0.01745	0.01745	-0.0203186	0	0	0	147.19	147.19	8.19855e-06	0	0	0	3.58066	-6.39398	0	9.97464		300	0.523591	0.00976532	0.00976532	-0.0125624	0	0	0	0.523591	0	-0.426642	-237.002	0	213.464	213.464	-2.13163e-14	12.4428	0	0	0	0	0	0	0	0	0	0	0	0	0	0	0	0	0	0	0	0	0	0	0	0	0	0	0	0	0	0	0	0	0	
1	1	1	350	10.5		300	0	0	0.0175	0.0175	-0.0203809	0	0	0	147.33	147.33	8.21707e-06	0	0	0	3.59539	-6.39392	0	9.9893		300	0.524767	0.00980801	0.00980801	-0.0126173	0	0	0	0.524767	0	-0.426642	-237.002	0	213.464	213.464	-2.13163e-14	12.4428	0	0	0	0	0	0	0	0	0	0	0	0	0	0	0	0	0	0	0	0	0	0	0	0	0	0	0	0	0	0	0	0	0	
1	1	1	351	10.53		300	0	0	0.01755	0.01755	-0.0204432	0	0	0	147.47	147.47	8.23554e-06	0	0	0	3.61013	-6.39383	0	10.004		300	0.525942	0.00985071	0.00985071	-0.0126723	0	0	0	0.525942	0	-0.426642	-237.002	0	213.464	213.464	-2.13163e-14	12.4428	0	0	0	0	0	0	0	0	0	0	0	0	0	0	0	0	0	0	0	0	0	0	0	0	0	0	0	0	0	0	0	0	0	
1	1	1	352	10.56		300	0	0	0.0176	0.0176	-0.0205055	0	0	0	147.609	147.609	8.25396e-06	0	0	0	3.62488	-6.39371	0	10.0186		300	0.527116	0.00989342	0.00989342	-0.0127272	0	0	0	0.527116	0	-0.426642	-237.002	0	213.464	213.464	-2.13163e-14	12.4428	0	0	0	0	0	0	0	0	0	0	0	0	0	0	0	0	0	0	0	0	0	0	0	0	0	0	0	0	0	0	0	0	0	
1	1	1	353	10.59		300	0	0	0.01765	0.01765	-0.0205678	0	0	0	147.749	147.749	8.27233e-06	0	0	0	3.63965	-6.39356	0	10.0332		300	0.528288	0.00993614	0.00993614	-0.0127822	0	0	0	0.528288	0	-0.426642	-237.002	0	213.464	213.464	-2.13163e-14	12.4428	0	0	0	0	0	0	0	0	0	0	0	0	0	0	0	0	0	0	0	0	0	0	0	0	0	0	0	0	0	0	0	0	0	
1	1	1	354	10.62		300	0	0	0.0177	0.0177	-0.0206301	0	0	0	147.888	147.888	8.29066e-06	0	0	0	3.65443	-6.39338	0	10.0478		300	0.529459	0.00997887	0.00997887	-0.0128371	0	0	0	0.529459	0	-0.426642	-237.002	0	213.464	213.464	-2.13163e-14	12.4428	0	0	0	0	0	0	0	0	0	0	0	0	0	0	0	0	0	0	0	0	0	0	0	0	0	0	0	0	0	0	0	0	0	
1	1	1	355	10.65		300	0	0	0.01775	0.01775	-0.0206924	0	0	0	148.027	148.027	8.30894e-06	0	0	0	3.66923	-6.39317	0	10.0624		300	0.530629	0.0100216	0.0100216	-0.0128921	0	0	0	0.530629	0	-0.426642	-237.002	0	213.464	213.464	-2.13163e-14	12.4428	0	0	0	0	0	0	0	0	0	0	0	0	0	0	0	0	0	0	0	0	0	0	0	0	0	0	0	0	0	0	0	0	0	
1	1	1	356	10.68		300	0	0	0.0178	0.0178	-0.0207547	0	0	0	148.166	148.166	8.32717e-06	0	0	0	3.68404	-6.39293	0	10.077		300	0.531798	0.0100644	0.0100644	-0.0129471	0	0	0	0.531798	0	-0.426642	-237.002	0	213.464	213.464	-2.13163e-14	12.4428	0	0	0	0	0	0	0	0	0	0	0	0	0	0	0	0	0	0	0	0	0	0	0	0	0	0	0	0	0	0	0	0	0	
1	1	1	357	10.71		300	0	0	0.01785	0.01785	-0.020817	0	0	0	148.305	148.305	8.34536e-06	0	0	0	3.69886	-6.39266	0	10.0915		300	0.532965	0.0101071	0.0101071	-0.0130021	0	0	0	0.532965	0	-0.426642	-237.002	0	213.464	213.464	-2.13163e-14	12.4428	0	0	0	0	0	0	0	0	0	0	0	0	0	0	0	0	0	0	0	0	0	0	0	0	0	0	0	0	0	0	0	0	0	
1	1	1	358	10.74		300	0	0	0.0179	0.0179	-0.0208793	0	0	0	148.444	148.444	8.3635e-06	0	0	0	3.7137	-6.39236	0	10.1061		300	0.534131	0.0101499	0.0101499	-0.0130571	0	0	0	0.534131	0	-0.426642	-237.002	0	213.464	213.464	-2.13163e-14	12.4428	0	0	0	0	0	0	0	0	0	0	0	0	0	0	0	0	0	0	0	0	0	0	0	0	0	0	0	0	0	0	0	0	0	
1	1	1	359	10.77		300	0	0	0.01795	0.01795	-0.0209417	0	0	0	148.582	148.582	8.3816e-06	0	0	0	3.72855	-6.39203	0	10.1206		300	0.535296	0.0101927	0.0101927	-0.0131121	0	0	0	0.535296	0	-0.426642	-237.002	0	213.464	213.464	-2.13163e-14	12.4428	0	0	0	0	0	0	0	0	0	0	0	0	0	0	0	0	0	0	0	0	0	0	0	0	0	0	0	0	0	0	0	0	0	
1	1	1	360	10.8		300	0	0	0.018	0.018	-0.021004	0	0	0	148.72	148.72	8.39964e-06	0	0	0	3.74341	-6.39168	0	10.1351		300	0.536459	0.0102354	0.0102354	-0.0131672	0	0	0	0.536459	0	-0.426642	-237.002	0	213.464	213.464	-2.13163e-14	12.4428	0	0	0	0	0	0	0	0	0	0	0	0	0	0	0	0	0	0	0	0	0	0	0	0	0	0	0	0	0	0	0	0	0	
1	1	1	361	10.83		300	0	0	0.01805	0.01805	-0.0210663	0	0	0	148.858	148.858	8.41765e-06	0	0	0	3.75829	-6.39129	0	10.1496		300	0.537622	0.0102782	0.0102782	-0.0132222	0	0	0	0.537622	0	-0.426642	-237.002	0	213.464	213.464	-2.13163e-14	12.4428	0	0	0	0	0	0	0	0	0	0	0	0	0	0	0	0	0	0	0	0	0	0	0	0	0	0	0	0	0	0	0	0	0	
1	1	1	362	10.86		300	0	0	0.0181	0.0181	-0.0211286	0	0	0	148.996	148.996	8.4356e-06	0	0	0	3.77318	-6.39087	0	10.1641		300	0.538783	0.010321	0.010321	-0.0132773	0	0	0	0.538783	0	-0.426642	-237.002	0	213.464	213.464	-2.13163e-14	12.4428	0	0	0	0	0	0	0	0	0	0	0	0	0	0	0	0	0	0	0	0	0	0	0	0	0	0	0	0	0	0	0	0	0	
1	1	1	363	10.89		300	0	0	0.01815	0.01815	-0.021191	0	0	0	149.134	149.134	8.45351e-06	0	0	0	3.78809	-6.39043	0	10.1785		300	0.539943	0.0103638	0.0103638	-0.0133323	0	0	0	0.539943	0	-0.426642	-237.002	0	213.464	213.464	-2.13163e-14	12.4428	0	0	0	0	0	0	0	0	0	0	0	0	0	0	0	0	0	0	0	0	0	0	0	0	0	0	0	0	0	0	0	0	0	
1	1	1	364	10.92		300	0	0	0.0182	0.0182	-0.0212533	0	0	0	149.271	149.271	8.47138e-06	0	0	0	3.80301	-6.38995	0	10.193		300	0.541101	0.0104067	0.0104067	-0.0133874	0	0	0	0.541101	0	-0.426642	-237.002	0	213.464	213.464	-2.13163e-14	12.4428	0	0	0	0	0	0	0	0	0	0	0	0	0	0	0	0	0	0	0	0	0	0	0	0	0	0	0	0	0	0	0	0	0	
1	1	1	365	10.95		300	0	0	0.01825	0.01825	-0.0213156	0	0	0	149.409	149.409	8.4892e-06	0	0	0	3.81795	-6.38945	0	10.2074		300	0.542259	0.0104495	0.0104495	-0.0134425	0	0	0	0.542259	0	-0.426642	-237.002	0	213.464	213.464	-2.13163e-14	12.4428	0	0	0	0	0	0	0	0	0	0	0	0	0	0	0	0	0	0	0	0	0	0	0	0	0	0	0	0	0	0	0	0	0	
1	1	1	366	10.98		300	0	0	0.0183	0.0183	-0.021378	0	0	0	149.546	149.546	8.50697e-06	0	0	0	3.83289	-6.38892	0	10.2218		300	0.543415	0.0104923	0.0104923	-0.0134976	0	0	0	0.543415	0	-0.426642	-237.002	0	213.464	213.464	-2.13163e-14	12.4428	0	0	0	0	0	0	0	0	0	0	0	0	0	0	0	0	0	0	0	0	0	0	0	0	0	0	0	0	0	0	0	0	0	
1	1	1	367	11.01		300	0	0	0.01835	0.01835	-0.0214403	0	0	0	149.683	149.683	8.5247e-06	0	0	0	3.84785	-6.38836	0	10.2362		300	0.54457	0.0105352	0.0105352	-0.0135527	0	0	0	0.54457	0	-0.426642	-237.002	0	213.464	213.464	-2.13163e-14	12.4428	0	0	0	0	0	0	0	0	0	0	0	0	0	0	0	0	0	0	0	0	0	0	0	0	0	0	0	0	0	0	0	0	0	
1	1	1	368	11.04		300	0	0	0.0184	0.0184	-0.0215026	0	0	0	149.82	149.82	8.54238e-06	0	0	0	3.86283	-6.38777	0	10.2506		300	0.545723	0.010578	0.010578	-0.0136078	0	0	0	0.545723	0	-0.426642	-237.002	0	213.464	213.464	-2.13163e-14	12.4428	0	0	0	0	0	0	0	0	0	0	0	0	0	0	0	0	0	0	0	0	0	0	0	0	0	0	0	0	0	0	0	0	0	
1	1	1	369	11.07		300	0	0	0.01845	0.01845	-0.021565	0	0	0	149.957	149.957	8.56002e-06	0	0	0	3.87782	-6.38715	0	10.265		300	0.546876	0.0106209	0.0106209	-0.013663	0	0	0	0.546876	0	-0.426642	-237.002	0	213.464	213.464	-2.13163e-14	12.4428	0	0	0	0	0	0	0	0	0	0	0	0	0	0	0	0	0	0	0	0	0	0	0	0	0	0	0	0	0	0	0	0	0	
1	1	1	370	11.1		300	0	0	0.0185	0.0185	-0.0216273	0	0	0	150.094	150.094	8.57761e-06	0	0	0	3.89282	-6.3865	0	10.2793		300	0.548027	0.0106637	0.0106637	-0.0137181	0	0	0	0.548027	0	-0.426642	-237.002	0	213.464	213.464	-2.13163e-14	12.4428	0	0	0	0	0	0	0	0	0	0	0	0	0	0	0	0	0	0	0	0	0	0	0	0	0	0	0	0	0	0	0	0	0	
1	1	1	371	11.13		300	0	0	0.01855	0.01855	-0.0216897	0	0	0	150.23	150.23	8.59516e-06	0	0	0	3.90784	-6.38582	0	10.2937		300	0.549177	0.0107066	0.0107066	-0.0137733	0	0	0	0.549177	0	-0.426642	-237.002	0	213.464	213.464	-2.13163e-14	12.4428	0	0	0	0	0	0	0	0	0	0	0	0	0	0	0	0	0	0	0	0	0	0	0	0	0	0	0	0	0	0	0	0	0	
1	1	1	372	11.16		300	0	0	0.0186	0.0186	-0.021752	0	0	0	150.367	150.367	8.61266e-06	0	0	0	3.92287	-6.38512	0	10.308		300	0.550326	0.0107495	0.0107495	-0.0138284	0	0	0	0.550326	0	-0.426642	-237.002	0	213.464	213.464	-2.13163e-14	12.4428	0	0	0	0	0	0	0	0	0	0	0	0	0	0	0	0	0	0	0	0	0	0	0	0	0	0	0	0	0	0	0	0	0	
1	1	1	373	11.19		300	0	0	0.01865	0.01865	-0.0218143	0	0	0	150.503	150.503	8.63012e-06	0	0	0	3.93791	-6.38438	0	10.3223		300	0.551473	0.0107924	0.0107924	-0.0138836	0	0	0	0.551473	0	-0.426642	-237.002	0	213.464	213.464	-2.13163e-14	12.4428	0	0	0	0	0	0	0	0	0	0	0	0	0	0	0	0	0	0	0	0	0	0	0	0	0	0	0	0	0	0	0	0	0	
1	1	1	374	11.22		300	0	0	0.0187	0.0187	-0.0218767	0	0	0	150.639	150.639	8.64753e-06	0	0	0	3.95297	-6.38362	0	10.3366		300	0.55262	0.0108353	0.0108353	-0.0139388	0	0	0	0.55262	0	-0.426642	-237.002	0	213.464	213.464	-2.13163e-14	12.4428	0	0	0	0	0	0	0	0	0	0	0	0	0	0	0	0	0	0	0	0	0	0	0	0	0	0	0	0	0	0	0	0	0	
1	1	1	375	11.25		300	0	0	0.01875	0.01875	-0.021939	0	0	0	150.775	150.775	8.6649e-06	0	0	0	3.96804	-6.38283	0	10.3509		300	0.553765	0.0108782	0.0108782	-0.013994	0	0	0	0.553765	0	-0.426642	-237.002	0	213.464	213.464	-2.13163e-14	12.4428	0	0	0	0	0	0	0	0	0	0	0	0	0	0	0	0	0	0	0	0	0	0	0	0	0	0	0	0	0	0	0	0	0	
1	1	1	376	11.28		300	0	0	0.0188	0.0188	-0.0220014	0	0	0	150.911	150.911	8.68223e-06	0	0	0	3.98312	-6.38201	0	10.3651		300	0.554909	0.0109211	0.0109211	-0.0140492	0	0	0	0.554909	0	-0.426642	-237.002	0	213.464	213.464	-2.13163e-14	12.4428	0	0	0	0	0	0	0	0	0	0	0	0	0	0	0	0	0	0	0	0	0	0	0	0	0	0	0	0	0	0	0	0	0	
1	1	1	377	11.31		300	0	0	0.01885	0.01885	-0.0220638	0	0	0	151.047	151.047	8.69951e-06	0	0	0	3.99822	-6.38116	0	10.3794		300	0.556052	0.010964	0.010964	-0.0141044	0	0	0	0.556052	0	-0.426642	-237.002	0	213.464	213.464	-2.13163e-14	12.4428	0	0	0	0	0	0	0	0	0	0	0	0	0	0	0	0	0	0	0	0	0	0	0	0	0	0	0	0	0	0	0	0	0	
1	1	1	378	11.34		300	0	0	0.0189	0.0189	-0.0221261	0	0	0	151.182	151.182	8.71674e-06	0	0	0	4.01333	-6.38028	0	10.3936		300	0.557194	0.0110069	0.0110069	-0.0141596	0	0	0	0.557194	0	-0.426642	-237.002	0	213.464	213.464	-2.13163e-14	12.4428	0	0	0	0	0	0	0	0	0	0	0	0	0	0	0	0	0	0	0	0	0	0	0	0	0	0	0	0	0	0	0	0	0	
1	1	1	379	11.37		300	0	0	0.01895	0.01895	-0.0221885	0	0	0	151.318	151.318	8.73393e-06	0	0	0	4.02846	-6.37938	0	10.4078		300	0.558334	0.0110498	0.0110498	-0.0142148	0	0	0	0.558334	0	-0.426642	-237.002	0	213.464	213.464	-2.13163e-14	12.4428	0	0	0	0	0	0	0	0	0	0	0	0	0	0	0	0	0	0	0	0	0	0	0	0	0	0	0	0	0	0	0	0	0	
1	1	1	380	11.4		300	0	0	0.019	0.019	-0.0222508	0	0	0	151.453	151.453	8.75108e-06	0	0	0	4.0436	-6.37844	0	10.422		300	0.559473	0.0110928	0.0110928	-0.01427	0	0	0	0.559473	0	-0.426642	-237.002	0	213.464	213.464	-2.13163e-14	12.4428	0	0	0	0	0	0	0	0	0	0	0	0	0	0	0	0	0	0	0	0	0	0	0	0	0	0	0	0	0	0	0	0	0	
1	1	1	381	11.43		300	0	0	0.01905	0.01905	-0.0223132	0	0	0	151.588	151.588	8.76818e-06	0	0	0	4.05875	-6.37748	0	10.4362		300	0.560611	0.0111357	0.0111357	-0.0143253	0	0	0	0.560611	0	-0.426642	-237.002	0	213.464	213.464	-2.13163e-14	12.4428	0	0	0	0	0	0	0	0	0	0	0	0	0	0	0	0	0	0	0	0	0	0	0	0	0	0	0	0	0	0	0	0	0	
1	1	1	382	11.46		300	0	0	0.0191	0.0191	-0.0223756	0	0	0	151.723	151.723	8.78524e-06	0	0	0	4.07391	-6.37649	0	10.4504		300	0.561748	0.0111787	0.0111787	-0.0143805	0	0	0	0.561748	0	-0.426642	-237.002	0	213.464	213.464	-2.13163e-14	12.4428	0	0	0	0	0	0	0	0	0	0	0	0	0	0	0	0	0	0	0	0	0	0	0	0	0	0	0	0	0	0	0	0	0	
1	1	1	383	11.49		300	0	0	0.01915	0.01915	-0.0224379	0	0	0	151.858	151.858	8.80226e-06	0	0	0	4.08909	-6.37547	0	10.4646		300	0.562884	0.0112216	0.0112216	-0.0144358	0	0	0	0.562884	0	-0.426642	-237.002	0	213.464	213.464	-2.13163e-14	12.4428	0	0	0	0	0	0	0	0	0	0	0	0	0	0	0	0	0	0	0	0	0	0	0	0	0	0	0	0	0	0	0	0	0	
1	1	1	384	11.52		300	0	0	0.0192	0.0192	-0.0225003	0	0	0	151.993	151.993	8.81923e-06	0	0	0	4.10428	-6.37443	0	10.4787		300	0.564018	0.0112646	0.0112646	-0.014491	0	0	0	0.564018	0	-0.426642	-237.002	0	213.464	213.464	-2.13163e-14	12.4428	0	0	0	0	0	0	0	0	0	0	0	0	0	0	0	0	0	0	0	0	0	0	0	0	0	0	0	0	0	0	0	0	0	
1	1	1	385	11.55		300	0	0	0.01925	0.01925	-0.0225627	0	0	0	152.128	152.128	8.83616e-06	0	0	0	4.11949	-6.37335	0	10.4928		300	0.565152	0.0113075	0.0113075	-0.0145463	0	0	0	0.565152	0	-0.426642	-237.002	0	213.464	213.464	-2.13163e-14	12.4428	0	0	0	0	0	0	0	0	0	0	0	0	0	0	0	0	0	0	0	0	0	0	0	0	0	0	0	0	0	0	0	0	0	
1	1	1	386	11.58		300	0	0	0.0193	0.0193	-0.022625	0	0	0	152.262	152.262	8.85304e-06	0	0	0	4.13471	-6.37225	0	10.507		300	0.566284	0.0113505	0.0113505	-0.0146016	0	0	0	0.566284	0	-0.426642	-237.002	0	213.464	213.464	-2.13163e-14	12.4428	0	0	0	0	0	0	0	0	0	0	0	0	0	0	0	0	0	0	0	0	0	0	0	0	0	0	0	0	0	0	0	0	0	
1	1	1	387	11.61		300	0	0	0.01935	0.01935	-0.0226874	0	0	0	152.397	152.397	8.86989e-06	0	0	0	4.14994	-6.37112	0	10.5211		300	0.567415	0.0113935	0.0113935	-0.0146569	0	0	0	0.567415	0	-0.426642	-237.002	0	213.464	213.464	-2.13163e-14	12.4428	0	0	0	0	0	0	0	0	0	0	0	0	0	0	0	0	0	0	0	0	0	0	0	0	0	0	0	0	0	0	0	0	0	
1	1	1	388	11.64		300	0	0	0.0194	0.0194	-0.0227498	0	0	0	152.531	152.531	8.88668e-06	0	0	0	4.16519	-6.36996	0	10.5352		300	0.568545	0.0114365	0.0114365	-0.0147122	0	0	0	0.568545	0	-0.426642	-237.002	0	213.464	213.464	-2.13163e-14	12.4428	0	0	0	0	0	0	0	0	0	0	0	0	0	0	0	0	0	0	0	0	0	0	0	0	0	0	0	0	0	0	0	0	0	
1	1	1	389	11.67		300	0	0	0.01945	0.01945	-0.0228122	0	0	0	152.665	152.665	8.90344e-06	0	0	0	4.18045	-6.36878	0	10.5492		300	0.569674	0.0114795	0.0114795	-0.0147675	0	0	0	0.569674	0	-0.426642	-237.002	0	213.464	213.464	-2.13163e-14	12.4428	0	0	0	0	0	0	0	0	0	0	0	0	0	0	0	0	0	0	0	0	0	0	0	0	0	0	0	0	0	0	0	0	0	
1	1	1	390	11.7		300	0	0	0.0195	0.0195	-0.0228745	0	0	0	152.799	152.799	8.92015e-06	0	0	0	4.19572	-6.36756	0	10.5633		300	0.570801	0.0115225	0.0115225	-0.0148228	0	0	0	0.570801	0	-0.426642	-237.002	0	213.464	213.464	-2.13163e-14	12.4428	0	0	0	0	0	0	0	0	0	0	0	0	0	0	0	0	0	0	0	0	0	0	0	0	0	0	0	0	0	0	0	0	0	
1	1	1	391	11.73		300	0	0	0.01955	0.01955	-0.0229369	0	0	0	152.933	152.933	8.93682e-06	0	0	0	4.21101	-6.36632	0	10.5773		300	0.571928	0.0115655	0.0115655	-0.0148781	0	0	0	0.571928	0	-0.426642	-237.002	0	213.464	213.464	-2.13163e-14	12.4428	0	0	0	0	0	0	0	0	0	0	0	0	0	0	0	0	0	0	0	0	0	0	0	0	0	0	0	0	0	0	0	0	0	
1	1	1	392	11.76		300	0	0	0.0196	0.0196	-0.0229993	0	0	0	153.067	153.067	8.95345e-06	0	0	0	4.22631	-6.36505	0	10.5914		300	0.573053	0.0116085	0.0116085	-0.0149334	0	0	0	0.573053	0	-0.426642	-237.002	0	213.464	213.464	-2.13163e-14	12.4428	0	0	0	0	0	0	0	0	0	0	0	0	0	0	0	0	0	0	0	0	0	0	0	0	0	0	0	0	0	0	0	0	0	
1	1	1	393	11.79		300	0	0	0.01965	0.01965	-0.0230617	0	0	0	153.201	153.201	8.97003e-06	0	0	0	4.24162	-6.36375	0	10.6054		300	0.574177	0.0116515	0.0116515	-0.0149887	0	0	0	0.574177	0	-0.426642	-237.002	0	213.464	213.464	-2.13163e-14	12.4428	0	0	0	0	0	0	0	0	0	0	0	0	0	0	0	0	0	0	0	0	0	0	0	0	0	0	0	0	0	0	0	0	0	
1	1	1	394	11.82		300	0	0	0.0197	0.0197	-0.0231241	0	0	0	153.335	153.335	8.98657e-06	0	0	0	4.25695	-6.36243	0	10.6194		300	0.5753	0.0116945	0.0116945	-0.0150441	0	0	0	0.5753	0	-0.426642	-237.002	0	213.464	213.464	-2.13163e-14	12.4428	0	0	0	0	0	0	0	0	0	0	0	0	0	0	0	0	0	0	0	0	0	0	0	0	0	0	0	0	0	0	0	0	0	
1	1	1	395	11.85		300	0	0	0.01975	0.01975	-0.0231865	0	0	0	153.469	153.469	9.00307e-06	0	0	0	4.27229	-6.36108	0	10.6334		300	0.576422	0.0117375	0.0117375	-0.0150994	0	0	0	0.576422	0	-0.426642	-237.002	0	213.464	213.464	-2.13163e-14	12.4428	0	0	0	0	0	0	0	0	0	0	0	0	0	0	0	0	0	0	0	0	0	0	0	0	0	0	0	0	0	0	0	0	0	
1	1	1	396	11.88		300	0	0	0.0198	0.0198	-0.0232488	0	0	0	153.602	153.602	9.01952e-06	0	0	0	4.28764	-6.3597	0	10.6473		300	0.577543	0.0117806	0.0117806	-0.0151548	0	0	0	0.577543	0	-0.426642	-237.002	0	213.464	213.464	-2.13163e-14	12.4428	0	0	0	0	0	0	0	0	0	0	0	0	0	0	0	0	0	0	0	0	0	0	0	0	0	0	0	0	0	0	0	0	0	
1	1	1	397	11.91		300	0	0	0.01985	0.01985	-0.0233112	0	0	0	153.736	153.736	9.03594e-06	0	0	0	4.30301	-6.35829	0	10.6613		300	0.578662	0.0118236	0.0118236	-0.0152101	0	0	0	0.578662	0	-0.426642	-237.002	0	213.464	213.464	-2.13163e-14	12.4428	0	0	0	0	0	0	0	0	0	0	0	0	0	0	0	0	0	0	0	0	0	0	0	0	0	0	0	0	0	0	0	0	0	
1	1	1	398	11.94		300	0	0	0.0199	0.0199	-0.0233736	0	0	0	153.869	153.869	9.05231e-06	0	0	0	4.31839	-6.35686	0	10.6752		300	0.579781	0.0118666	0.0118666	-0.0152655	0	0	0	0.579781	0	-0.426642	-237.002	0	213.464	213.464	-2.13163e-14	12.4428	0	0	0	0	0	0	0	0	0	0	0	0	0	0	0	0	0	0	0	0	0	0	0	0	0	0	0	0	0	0	0	0	0	
1	1	1	399	11.97		300	0	0	0.01995	0.01995	-0.023436	0	0	0	154.002	154.002	9.06864e-06	0	0	0	4.33378	-6.35539	0	10.6892		300	0.580898	0.0119097	0.0119097	-0.0153209	0	0	0	0.580898	0	-0.426642	-237.002	0	213.464	213.464	-2.13163e-14	12.4428	0	0	0	0	0	0	0	0	0	0	0	0	0	0	0	0	0	0	0	0	0	0	0	0	0	0	0	0	0	0	0	0	0	
1	1	1	400	12		300	0	0	0.02	0.02	-0.0234984	0	0	0	154.135	154.135	9.08492e-06	0	0	0	4.34919	-6.3539	0	10.7031		300	0.582014	0.0119527	0.0119527	-0.0153762	0	0	0	0.582014	0	-0.426642	-237.002	0	213.464	213.464	-2.13163e-14	12.4428	0	0	0	0	0	0	0	0	0	0	0	0	0	0	0	0	0	0	0	0	0	0	0	0	0	0	0	0	0	0	0	0	0	
1	1	1	401	12.03		300	0	0	0.02005	0.02005	-0.0235608	0	0	0	154.268	154.268	9.10117e-06	0	0	0	4.36461	-6.35239	0	10.717		300	0.583129	0.0119958	0.0119958	-0.0154316	0	0	0	0.583129	0	-0.426642	-237.002	0	213.464	213.464	-2.13163e-14	12.4428	0	0	0	0	0	0	0	0	0	0	0	0	0	0	0	0	0	0	0	0	0	0	0	0	0	0	0	0	0	0	0	0	0	
1	1	1	402	12.06		300	0	0	0.0201	0.0201	-0.0236232	0	0	0	154.401	154.401	9.11737e-06	0	0	0	4.38004	-6.35084	0	10.7309		300	0.584243	0.0120388	0.0120388	-0.015487	0	0	0	0.584243	0	-0.426642	-237.002	0	213.464	213.464	-2.13163e-14	12.4428	0	0	0	0	0	0	0	0	0	0	0	0	0	0	0	0	0	0	0	0	0	0	0	0	0	0	0	0	0	0	0	0	0	
1	1	1	403	12.09		300	0	0	0.02015	0.02015	-0.0236856	0	0	0	154.534	154.534	9.13353e-06	0	0	0	4.39549	-6.34927	0	10.7448		300	0.585356	0.0120819	0.0120819	-0.0155424	0	0	0	0.585356	0	-0.426642	-237.002	0	213.464	213.464	-2.13163e-14	12.4428	0	0	0	0	0	0	0	0	0	0	0	0	0	0	0	0	0	0	0	0	0	0	0	0	0	0	0	0	0	0	0	0	0	
1	1	1	404	12.12		300	0	0	0.0202	0.0202	-0.023748	0	0	0	154.667	154.667	9.14965e-06	0	0	0	4.41095	-6.34767	0	10.7586		300	0.586467	0.012125	0.012125	-0.0155978	0	0	0	0.586467	0	-0.426642	-237.002	0	213.464	213.464	-2.13163e-14	12.4428	0	0	0	0	0	0	0	0	0	0	0	0	0	0	0	0	0	0	0	0	0	0	0	0	0	0	0	0	0	0	0	0	0	
1	1	1	405	12.15		300	0	0	0.02025	0.02025	-0.0238104	0	0	0	154.8	154.8	9.16572e-06	0	0	0	4.42642	-6.34605	0	10.7725		300	0.587578	0.012168	0.012168	-0.0156532	0	0	0	0.587578	0	-0.426642	-237.002	0	213.464	213.464	-2.13163e-14	12.4428	0	0	0	0	0	0	0	0	0	0	0	0	0	0	0	0	0	0	0	0	0	0	0	0	0	0	0	0	0	0	0	0	0	
1	1	1	406	12.18		300	0	0	0.0203	0.0203	-0.0238728	0	0	0	154.932	154.932	9.18176e-06	0	0	0	4.44191	-6.34439	0	10.7863		300	0.588687	0.0122111	0.0122111	-0.0157086	0	0	0	0.588687	0	-0.426642	-237.002	0	213.464	213.464	-2.13163e-14	12.4428	0	0	0	0	0	0	0	0	0	0	0	0	0	0	0	0	0	0	0	0	0	0	0	0	0	0	0	0	0	0	0	0	0	
1	1	1	407	12.21		300	0	0	0.02035	0.02035	-0.0239352	0	0	0	155.065	155.065	9.19775e-06	0	0	0	4.45741	-6.34271	0	10.8001		300	0.589796	0.0122542	0.0122542	-0.015764	0	0	0	0.589796	0	-0.426642	-237.002	0	213.464	213.464	-2.13163e-14	12.4428	0	0	0	0	0	0	0	0	0	0	0	0	0	0	0	0	0	0	0	0	0	0	0	0	0	0	0	0	0	0	0	0	0	
1	1	1	408	12.24		300	0	0	0.0204	0.0204	-0.0239976	0	0	0	155.197	155.197	9.2137e-06	0	0	0	4.47292	-6.34101	0	10.8139		300	0.590903	0.0122973	0.0122973	-0.0158195	0	0	0	0.590903	0	-0.426642	-237.002	0	213.464	213.464	-2.13163e-14	12.4428	0	0	0	0	0	0	0	0	0	0	0	0	0	0	0	0	0	0	0	0	0	0	0	0	0	0	0	0	0	0	0	0	0	
1	1	1	409	12.27		300	0	0	0.02045	0.02045	-0.02406	0	0	0	155.33	155.33	9.22961e-06	0	0	0	4.48845	-6.33927	0	10.8277		300	0.592009	0.0123404	0.0123404	-0.0158749	0	0	0	0.592009	0	-0.426642	-237.002	0	213.464	213.464	-2.13163e-14	12.4428	0	0	0	0	0	0	0	0	0	0	0	0	0	0	0	0	0	0	0	0	0	0	0	0	0	0	0	0	0	0	0	0	0	
1	1	1	410	12.3		300	0	0	0.0205	0.0205	-0.0241224	0	0	0	155.462	155.462	9.24548e-06	0	0	0	4.50399	-6.33751	0	10.8415		300	0.593114	0.0123835	0.0123835	-0.0159303	0	0	0	0.593114	0	-0.426642	-237.002	0	213.464	213.464	-2.13163e-14	12.4428	0	0	0	0	0	0	0	0	0	0	0	0	0	0	0	0	0	0	0	0	0	0	0	0	0	0	0	0	0	0	0	0	0	
1	1	1	411	12.33		300	0	0	0.02055	0.02055	-0.0241848	0	0	0	155.594	155.594	9.26131e-06	0	0	0	4.51954	-6.33572	0	10.8553		300	0.594218	0.0124266	0.0124266	-0.0159858	0	0	0	0.594218	0	-0.426642	-237.002	0	213.464	213.464	-2.13163e-14	12.4428	0	0	0	0	0	0	0	0	0	0	0	0	0	0	0	0	0	0	0	0	0	0	0	0	0	0	0	0	0	0	0	0	0	
1	1	1	412	12.36		300	0	0	0.0206	0.0206	-0.0242472	0	0	0	155.726	155.726	9.27709e-06	0	0	0	4.53511	-6.33391	0	10.869		300	0.595321	0.0124697	0.0124697	-0.0160412	0	0	0	0.595321	0	-0.426642	-237.002	0	213.464	213.464	-2.13163e-14	12.4428	0	0	0	0	0	0	0	0	0	0	0	0	0	0	0	0	0	0	0	0	0	0	0	0	0	0	0	0	0	0	0	0	0	
1	1	1	413	12.39		300	0	0	0.02065	0.02065	-0.0243096	0	0	0	155.858	155.858	9.29284e-06	0	0	0	4.55069	-6.33207	0	10.8828		300	0.596423	0.0125128	0.0125128	-0.0160967	0	0	0	0.596423	0	-0.426642	-237.002	0	213.464	213.464	-2.13163e-14	12.4428	0	0	0	0	0	0	0	0	0	0	0	0	0	0	0	0	0	0	0	0	0	0	0	0	0	0	0	0	0	0	0	0	0	
1	1	1	414	12.42		300	0	0	0.0207	0.0207	-0.024372	0	0	0	155.99	155.99	9.30854e-06	0	0	0	4.56628	-6.3302	0	10.8965		300	0.597523	0.0125559	0.0125559	-0.0161521	0	0	0	0.597523	0	-0.426642	-237.002	0	213.464	213.464	-2.13163e-14	12.4428	0	0	0	0	0	0	0	0	0	0	0	0	0	0	0	0	0	0	0	0	0	0	0	0	0	0	0	0	0	0	0	0	0	
1	1	1	415	12.45		300	0	0	0.02075	0.02075	-0.0244344	0	0	0	156.122	156.122	9.3242e-06	0	0	0	4.58189	-6.3283	0	10.9102		300	0.598623	0.012599	0.012599	-0.0162076	0	0	0	0.598623	0	-0.426642	-237.002	0	213.464	213.464	-2.13163e-14	12.4428	0	0	0	0	0	0	0	0	0	0	0	0	0	0	0	0	0	0	0	0	0	0	0	0	0	0	0	0	0	0	0	0	0	
1	1	1	416	12.48		300	0	0	0.0208	0.0208	-0.0244968	0	0	0	156.254	156.254	9.33982e-06	0	0	0	4.5975	-6.32638	0	10.9239		300	0.599721	0.0126421	0.0126421	-0.016263	0	0	0	0.599721	0	-0.426642	-237.002	0	213.464	213.464	-2.13163e-14	12.4428	0	0	0	0	0	0	0	0	0	0	0	0	0	0	0	0	0	0	0	0	0	0	0	0	0	0	0	0	0	0	0	0	0	
1	1	1	417	12.51		300	0	0	0.02085	0.02085	-0.0245593	0	0	0	156.386	156.386	9.35541e-06	0	0	0	4.61314	-6.32443	0	10.9376		300	0.600819	0.0126852	0.0126852	-0.0163185	0	0	0	0.600819	0	-0.426642	-237.002	0	213.464	213.464	-2.13163e-14	12.4428	0	0	0	0	0	0	0	0	0	0	0	0	0	0	0	0	0	0	0	0	0	0	0	0	0	0	0	0	0	0	0	0	0	
1	1	1	418	12.54		300	0	0	0.0209	0.0209	-0.0246217	0	0	0	156.518	156.518	9.37095e-06	0	0	0	4.62878	-6.32245	0	10.9512		300	0.601915	0.0127283	0.0127283	-0.016374	0	0	0	0.601915	0	-0.426642	-237.002	0	213.464	213.464	-2.13163e-14	12.4428	0	0	0	0	0	0	0	0	0	0	0	0	0	0	0	0	0	0	0	0	0	0	0	0	0	0	0	0	0	0	0	0	0	
1	1	1	419	12.57		300	0	0	0.02095	0.02095	-0.0246841	0	0	0	156.649	156.649	9.38645e-06	0	0	0	4.64444	-6.32045	0	10.9649		300	0.60301	0.0127715	0.0127715	-0.0164294	0	0	0	0.60301	0	-0.426642	-237.002	0	213.464	213.464	-2.13163e-14	12.4428	0	0	0	0	0	0	0	0	0	0	0	0	0	0	0	0	0	0	0	0	0	0	0	0	0	0	0	0	0	0	0	0	0	
1	1	1	420	12.6		300	0	0	0.021	0.021	-0.0247465	0	0	0	156.781	156.781	9.4019e-06	0	0	0	4.66011	-6.31842	0	10.9785		300	0.604104	0.0128146	0.0128146	-0.0164849	0	0	0	0.604104	0	-0.426642	-237.002	0	213.464	213.464	-2.13163e-14	12.4428	0	0	0	0	0	0	0	0	0	0	0	0	0	0	0	0	0	0	0	0	0	0	0	0	0	0	0	0	0	0	0	0	0	
1	1	1	421	12.63		300	0	0	0.02105	0.02105	-0.0248089	0	0	0	156.912	156.912	9.41732e-06	0	0	0	4.6758	-6.31637	0	10.9922		300	0.605197	0.0128577	0.0128577	-0.0165404	0	0	0	0.605197	0	-0.426642	-237.002	0	213.464	213.464	-2.13163e-14	12.4428	0	0	0	0	0	0	0	0	0	0	0	0	0	0	0	0	0	0	0	0	0	0	0	0	0	0	0	0	0	0	0	0	0	
1	1	1	422	12.66		300	0	0	0.0211	0.0211	-0.0248713	0	0	0	157.044	157.044	9.4327e-06	0	0	0	4.69149	-6.31428	0	11.0058		300	0.606289	0.0129009	0.0129009	-0.0165959	0	0	0	0.606289	0	-0.426642	-237.002	0	213.464	213.464	-2.13163e-14	12.4428	0	0	0	0	0	0	0	0	0	0	0	0	0	0	0	0	0	0	0	0	0	0	0	0	0	0	0	0	0	0	0	0	0	
1	1	1	423	12.69		300	0	0	0.02115	0.02115	-0.0249337	0	0	0	157.175	157.175	9.44804e-06	0	0	0	4.70721	-6.31217	0	11.0194		300	0.60738	0.012944	0.012944	-0.0166514	0	0	0	0.60738	0	-0.426642	-237.002	0	213.464	213.464	-2.13163e-14	12.4428	0	0	0	0	0	0	0	0	0	0	0	0	0	0	0	0	0	0	0	0	0	0	0	0	0	0	0	0	0	0	0	0	0	
1	1	1	424	12.72		300	0	0	0.0212	0.0212	-0.0249962	0	0	0	157.307	157.307	9.46333e-06	0	0	0	4.72293	-6.31004	0	11.033		300	0.60847	0.0129871	0.0129871	-0.0167069	0	0	0	0.60847	0	-0.426642	-237.002	0	213.464	213.464	-2.13163e-14	12.4428	0	0	0	0	0	0	0	0	0	0	0	0	0	0	0	0	0	0	0	0	0	0	0	0	0	0	0	0	0	0	0	0	0	
1	1	1	425	12.75		300	0	0	0.02125	0.02125	-0.0250586	0	0	0	157.438	157.438	9.47859e-06	0	0	0	4.73867	-6.30788	0	11.0465		300	0.609558	0.0130303	0.0130303	-0.0167624	0	0	0	0.609558	0	-0.426642	-237.002	0	213.464	213.464	-2.13163e-14	12.4428	0	0	0	0	0	0	0	0	0	0	0	0	0	0	0	0	0	0	0	0	0	0	0	0	0	0	0	0	0	0	0	0	0	
1	1	1	426	12.78		300	0	0	0.0213	0.0213	-0.025121	0	0	0	157.569	157.569	9.49381e-06	0	0	0	4.75442	-6.30569	0	11.0601		300	0.610646	0.0130734	0.0130734	-0.0168179	0	0	0	0.610646	0	-0.426642	-237.002	0	213.464	213.464	-2.13163e-14	12.4428	0	0	0	0	0	0	0	0	0	0	0	0	0	0	0	0	0	0	0	0	0	0	0	0	0	0	0	0	0	0	0	0	0	
1	1	1	427	12.81		300	0	0	0.02135	0.02135	-0.0251834	0	0	0	157.701	157.701	9.50898e-06	0	0	0	4.77018	-6.30347	0	11.0737		300	0.611733	0.0131166	0.0131166	-0.0168734	0	0	0	0.611733	0	-0.426642	-237.002	0	213.464	213.464	-2.13163e-14	12.4428	0	0	0	0	0	0	0	0	0	0	0	0	0	0	0	0	0	0	0	0	0	0	0	0	0	0	0	0	0	0	0	0	0	
1	1	1	428	12.84		300	0	0	0.0214	0.0214	-0.0252458	0	0	0	157.832	157.832	9.52412e-06	0	0	0	4.78596	-6.30123	0	11.0872		300	0.612818	0.0131597	0.0131597	-0.0169289	0	0	0	0.612818	0	-0.426642	-237.002	0	213.464	213.464	-2.13163e-14	12.4428	0	0	0	0	0	0	0	0	0	0	0	0	0	0	0	0	0	0	0	0	0	0	0	0	0	0	0	0	0	0	0	0	0	
1	1	1	429	12.87		300	0	0	0.02145	0.02145	-0.0253082	0	0	0	157.963	157.963	9.53922e-06	0	0	0	4.80175	-6.29896	0	11.1007		300	0.613902	0.0132029	0.0132029	-0.0169844	0	0	0	0.613902	0	-0.426642	-237.002	0	213.464	213.464	-2.13163e-14	12.4428	0	0	0	0	0	0	0	0	0	0	0	0	0	0	0	0	0	0	0	0	0	0	0	0	0	0	0	0	0	0	0	0	0	
1	1	1	430	12.9		300	0	0	0.0215	0.0215	-0.0253707	0	0	0	158.094	158.094	9.55427e-06	0	0	0	4.81755	-6.29667	0	11.1142		300	0.614986	0.013246	0.013246	-0.0170399	0	0	0	0.614986	0	-0.426642	-237.002	0	213.464	213.464	-2.13163e-14	12.4428	0	0	0	0	0	0	0	0	0	0	0	0	0	0	0	0	0	0	0	0	0	0	0	0	0	0	0	0	0	0	0	0	0	
1	1	1	431	12.93		300	0	0	0.02155	0.02155	-0.0254331	0	0	0	158.225	158.225	9.56929e-06	0	0	0	4.83337	-6.29435	0	11.1277		300	0.616068	0.0132892	0.0132892	-0.0170954	0	0	0	0.616068	0	-0.426642	-237.002	0	213.464	213.464	-2.13163e-14	12.4428	0	0	0	0	0	0	0	0	0	0	0	0	0	0	0	0	0	0	0	0	0	0	0	0	0	0	0	0	0	0	0	0	0	
1	1	1	432	12.96		300	0	0	0.0216	0.0216	-0.0254955	0	0	0	158.356	158.356	9.58427e-06	0	0	0	4.84919	-6.292	0	11.1412		300	0.617149	0.0133324	0.0133324	-0.0171509	0	0	0	0.617149	0	-0.426642	-237.002	0	213.464	213.464	-2.13163e-14	12.4428	0	0	0	0	0	0	0	0	0	0	0	0	0	0	0	0	0	0	0	0	0	0	0	0	0	0	0	0	0	0	0	0	0	
1	1	1	433	12.99		300	0	0	0.02165	0.02165	-0.0255579	0	0	0	158.487	158.487	9.5992e-06	0	0	0	4.86504	-6.28963	0	11.1547		300	0.61823	0.0133755	0.0133755	-0.0172065	0	0	0	0.61823	0	-0.426642	-237.002	0	213.464	213.464	-2.13163e-14	12.4428	0	0	0	0	0	0	0	0	0	0	0	0	0	0	0	0	0	0	0	0	0	0	0	0	0	0	0	0	0	0	0	0	0	
1	1	1	434	13.02		300	0	0	0.0217	0.0217	-0.0256204	0	0	0	158.618	158.618	9.6141e-06	0	0	0	4.88089	-6.28723	0	11.1681		300	0.619309	0.0134187	0.0134187	-0.017262	0	0	0	0.619309	0	-0.426642	-237.002	0	213.464	213.464	-2.13163e-14	12.4428	0	0	0	0	0	0	0	0	0	0	0	0	0	0	0	0	0	0	0	0	0	0	0	0	0	0	0	0	0	0	0	0	0	
1	1	1	435	13.05		300	0	0	0.02175	0.02175	-0.0256828	0	0	0	158.749	158.749	9.62896e-06	0	0	0	4.89676	-6.2848	0	11.1816		300	0.620387	0.0134619	0.0134619	-0.0173175	0	0	0	0.620387	0	-0.426642	-237.002	0	213.464	213.464	-2.13163e-14	12.4428	0	0	0	0	0	0	0	0	0	0	0	0	0	0	0	0	0	0	0	0	0	0	0	0	0	0	0	0	0	0	0	0	0	
1	1	1	436	13.08		300	0	0	0.0218	0.0218	-0.0257452	0	0	0	158.88	158.88	9.64378e-06	0	0	0	4.91264	-6.28235	0	11.195		300	0.621464	0.013505	0.013505	-0.017373	0	0	0	0.621464	0	-0.426642	-237.002	0	213.464	213.464	-2.13163e-14	12.4428	0	0	0	0	0	0	0	0	0	0	0	0	0	0	0	0	0	0	0	0	0	0	0	0	0	0	0	0	0	0	0	0	0	
1	1	1	437	13.11		300	0	0	0.02185	0.02185	-0.0258076	0	0	0	159.01	159.01	9.65856e-06	0	0	0	4.92854	-6.27987	0	11.2084		300	0.62254	0.0135482	0.0135482	-0.0174286	0	0	0	0.62254	0	-0.426642	-237.002	0	213.464	213.464	-2.13163e-14	12.4428	0	0	0	0	0	0	0	0	0	0	0	0	0	0	0	0	0	0	0	0	0	0	0	0	0	0	0	0	0	0	0	0	0	
1	1	1	438	13.14		300	0	0	0.0219	0.0219	-0.0258701	0	0	0	159.141	159.141	9.6733e-06	0	0	0	4.94444	-6.27737	0	11.2218		300	0.623615	0.0135914	0.0135914	-0.0174841	0	0	0	0.623615	0	-0.426642	-237.002	0	213.464	213.464	-2.13163e-14	12.4428	0	0	0	0	0	0	0	0	0	0	0	0	0	0	0	0	0	0	0	0	0	0	0	0	0	0	0	0	0	0	0	0	0	
1	1	1	439	13.17		300	0	0	0.02195	0.02195	-0.0259325	0	0	0	159.272	159.272	9.688e-06	0	0	0	4.96036	-6.27484	0	11.2352		300	0.624689	0.0136345	0.0136345	-0.0175397	0	0	0	0.624689	0	-0.426642	-237.002	0	213.464	213.464	-2.13163e-14	12.4428	0	0	0	0	0	0	0	0	0	0	0	0	0	0	0	0	0	0	0	0	0	0	0	0	0	0	0	0	0	0	0	0	0	
1	1	1	440	13.2		300	0	0	0.022	0.022	-0.0259949	0	0	0	159.403	159.403	9.70266e-06	0	0	0	4.9763	-6.27228	0	11.2486		300	0.625761	0.0136777	0.0136777	-0.0175952	0	0	0	0.625761	0	-0.426642	-237.002	0	213.464	213.464	-2.13163e-14	12.4428	0	0	0	0	0	0	0	0	0	0	0	0	0	0	0	0	0	0	0	0	0	0	0	0	0	0	0	0	0	0	0	0	0	
1	1	1	441	13.23		300	0	0	0.02205	0.02205	-0.0260573	0	0	0	159.533	159.533	9.71728e-06	0	0	0	4.99224	-6.2697	0	11.2619		300	0.626833	0.0137209	0.0137209	-0.0176507	0	0	0	0.626833	0	-0.426642	-237.002	0	213.464	213.464	-2.13163e-14	12.4428	0	0	0	0	0	0	0	0	0	0	0	0	0	0	0	0	0	0	0	0	0	0	0	0	0	0	0	0	0	0	0	0	0	
1	1	1	442	13.26		300	0	0	0.0221	0.0221	-0.0261198	0	0	0	159.664	159.664	9.73186e-06	0	0	0	5.0082	-6.26709	0	11.2753		300	0.627904	0.0137641	0.0137641	-0.0177063	0	0	0	0.627904	0	-0.426642	-237.002	0	213.464	213.464	-2.13163e-14	12.4428	0	0	0	0	0	0	0	0	0	0	0	0	0	0	0	0	0	0	0	0	0	0	0	0	0	0	0	0	0	0	0	0	0	
1	1	1	443	13.29		300	0	0	0.02215	0.02215	-0.0261822	0	0	0	159.795	159.795	9.7464e-06	0	0	0	5.02418	-6.26445	0	11.2886		300	0.628974	0.0138073	0.0138073	-0.0177618	0	0	0	0.628974	0	-0.426642	-237.002	0	213.464	213.464	-2.13163e-14	12.4428	0	0	0	0	0	0	0	0	0	0	0	0	0	0	0	0	0	0	0	0	0	0	0	0	0	0	0	0	0	0	0	0	0	
1	1	1	444	13.32		300	0	0	0.0222	0.0222	-0.0262446	0	0	0	159.925	159.925	9.76091e-06	0	0	0	5.04016	-6.26179	0	11.302		300	0.630042	0.0138504	0.0138504	-0.0178174	0	0	0	0.630042	0	-0.426642	-237.002	0	213.464	213.464	-2.13163e-14	12.4428	0	0	0	0	0	0	0	0	0	0	0	0	0	0	0	0	0	0	0	0	0	0	0	0	0	0	0	0	0	0	0	0	0	
1	1	1	445	13.35		300	0	0	0.02225	0.02225	-0.026307	0	0	0	160.056	160.056	9.77537e-06	0	0	0	5.05616	-6.25911	0	11.3153		300	0.63111	0.0138936	0.0138936	-0.0178729	0	0	0	0.63111	0	-0.426642	-237.002	0	213.464	213.464	-2.13163e-14	12.4428	0	0	0	0	0	0	0	0	0	0	0	0	0	0	0	0	0	0	0	0	0	0	0	0	0	0	0	0	0	0	0	0	0	
1	1	1	446	13.38		300	0	0	0.0223	0.0223	-0.0263695	0	0	0	160.186	160.186	9.7898e-06	0	0	0	5.07217	-6.25639	0	11.3286		300	0.632177	0.0139368	0.0139368	-0.0179285	0	0	0	0.632177	0	-0.426642	-237.002	0	213.464	213.464	-2.13163e-14	12.4428	0	0	0	0	0	0	0	0	0	0	0	0	0	0	0	0	0	0	0	0	0	0	0	0	0	0	0	0	0	0	0	0	0	
1	1	1	447	13.41		300	0	0	0.02235	0.02235	-0.0264319	0	0	0	160.317	160.317	9.80419e-06	0	0	0	5.0882	-6.25366	0	11.3419		300	0.633242	0.01398	0.01398	-0.017984	0	0	0	0.633242	0	-0.426642	-237.002	0	213.464	213.464	-2.13163e-14	12.4428	0	0	0	0	0	0	0	0	0	0	0	0	0	0	0	0	0	0	0	0	0	0	0	0	0	0	0	0	0	0	0	0	0	
1	1	1	448	13.44		300	0	0	0.0224	0.0224	-0.0264943	0	0	0	160.447	160.447	9.81853e-06	0	0	0	5.10424	-6.25089	0	11.3551		300	0.634307	0.0140232	0.0140232	-0.0180396	0	0	0	0.634307	0	-0.426642	-237.002	0	213.464	213.464	-2.13163e-14	12.4428	0	0	0	0	0	0	0	0	0	0	0	0	0	0	0	0	0	0	0	0	0	0	0	0	0	0	0	0	0	0	0	0	0	
1	1	1	449	13.47		300	0	0	0.02245	0.02245	-0.0265568	0	0	0	160.578	160.578	9.83284e-06	0	0	0	5.12029	-6.2481	0	11.3684		300	0.63537	0.0140664	0.0140664	-0.0180951	0	0	0	0.63537	0	-0.426642	-237.002	0	213.464	213.464	-2.13163e-14	12.4428	0	0	0	0	0	0	0	0	0	0	0	0	0	0	0	0	0	0	0	0	0	0	0	0	0	0	0	0	0	0	0	0	0	
1	1	1	450	13.5		300	0	0	0.0225	0.0225	-0.0266192	0	0	0	160.708	160.708	9.84712e-06	0	0	0	5.13635	-6.24529	0	11.3816		300	0.636433	0.0141096	0.0141096	-0.0181507	0	0	0	0.636433	0	-0.426642	-237.002	0	213.464	213.464	-2.13163e-14	12.4428	0	0	0	0	0	0	0	0	0	0	0	0	0	0	0	0	0	0	0	0	0	0	0	0	0	0	0	0	0	0	0	0	0	
1	1	1	451	13.53		300	0	0	0.02255	0.02255	-0.0266816	0	0	0	160.839	160.839	9.86135e-06	0	0	0	5.15243	-6.24244	0	11.3949		300	0.637494	0.0141527	0.0141527	-0.0182062	0	0	0	0.637494	0	-0.426642	-237.002	0	213.464	213.464	-2.13163e-14	12.4428	0	0	0	0	0	0	0	0	0	0	0	0	0	0	0	0	0	0	0	0	0	0	0	0	0	0	0	0	0	0	0	0	0	
1	1	1	452	13.56		300	0	0	0.0226	0.0226	-0.0267441	0	0	0	160.969	160.969	9.87554e-06	0	0	0	5.16852	-6.23957	0	11.4081		300	0.638555	0.0141959	0.0141959	-0.0182618	0	0	0	0.638555	0	-0.426642	-237.002	0	213.464	213.464	-2.13163e-14	12.4428	0	0	0	0	0	0	0	0	0	0	0	0	0	0	0	0	0	0	0	0	0	0	0	0	0	0	0	0	0	0	0	0	0	
1	1	1	453	13.59		300	0	0	0.02265	0.02265	-0.0268065	0	0	0	161.099	161.099	9.8897e-06	0	0	0	5.18462	-6.23668	0	11.4213		300	0.639614	0.0142391	0.0142391	-0.0183173	0	0	0	0.639614	0	-0.426642	-237.002	0	213.464	213.464	-2.13163e-14	12.4428	0	0	0	0	0	0	0	0	0	0	0	0	0	0	0	0	0	0	0	0	0	0	0	0	0	0	0	0	0	0	0	0	0	
1	1	1	454	13.62		300	0	0	0.0227	0.0227	-0.0268689	0	0	0	161.23	161.23	9.90381e-06	0	0	0	5.20074	-6.23376	0	11.4345		300	0.640672	0.0142823	0.0142823	-0.0183729	0	0	0	0.640672	0	-0.426642	-237.002	0	213.464	213.464	-2.13163e-14	12.4428	0	0	0	0	0	0	0	0	0	0	0	0	0	0	0	0	0	0	0	0	0	0	0	0	0	0	0	0	0	0	0	0	0	
1	1	1	455	13.65		300	0	0	0.02275	0.02275	-0.0269313	0	0	0	161.36	161.36	9.91789e-06	0	0	0	5.21687	-6.23082	0	11.4477		300	0.64173	0.0143255	0.0143255	-0.0184285	0	0	0	0.64173	0	-0.426642	-237.002	0	213.464	213.464	-2.13163e-14	12.4428	0	0	0	0	0	0	0	0	0	0	0	0	0	0	0	0	0	0	0	0	0	0	0	0	0	0	0	0	0	0	0	0	0	
1	1	1	456	13.68		300	0	0	0.0228	0.0228	-0.0269938	0	0	0	161.491	161.491	9.93193e-06	0	0	0	5.23301	-6.22784	0	11.4609		300	0.642786	0.0143687	0.0143687	-0.018484	0	0	0	0.642786	0	-0.426642	-237.002	0	213.464	213.464	-2.13163e-14	12.4428	0	0	0	0	0	0	0	0	0	0	0	0	0	0	0	0	0	0	0	0	0	0	0	0	0	0	0	0	0	0	0	0	0	
1	1	1	457	13.71		300	0	0	0.02285	0.02285	-0.0270562	0	0	0	161.621	161.621	9.94593e-06	0	0	0	5.24917	-6.22485	0	11.474		300	0.643841	0.0144119	0.0144119	-0.0185396	0	0	0	0.643841	0	-0.426642	-237.002	0	213.464	213.464	-2.13163e-14	12.4428	0	0	0	0	0	0	0	0	0	0	0	0	0	0	0	0	0	0	0	0	0	0	0	0	0	0	0	0	0	0	0	0	0	
1	1	1	458	13.74		300	0	0	0.0229	0.0229	-0.0271186	0	0	0	161.751	161.751	9.9599e-06	0	0	0	5.26534	-6.22182	0	11.4872		300	0.644896	0.0144551	0.0144551	-0.0185951	0	0	0	0.644896	0	-0.426642	-237.002	0	213.464	213.464	-2.13163e-14	12.4428	0	0	0	0	0	0	0	0	0	0	0	0	0	0	0	0	0	0	0	0	0	0	0	0	0	0	0	0	0	0	0	0	0	
1	1	1	459	13.77		300	0	0	0.02295	0.02295	-0.0271811	0	0	0	161.882	161.882	9.97382e-06	0	0	0	5.28152	-6.21878	0	11.5003		300	0.645949	0.0144983	0.0144983	-0.0186507	0	0	0	0.645949	0	-0.426642	-237.002	0	213.464	213.464	-2.13163e-14	12.4428	0	0	0	0	0	0	0	0	0	0	0	0	0	0	0	0	0	0	0	0	0	0	0	0	0	0	0	0	0	0	0	0	0	
1	1	1	460	13.8		300	0	0	0.023	0.023	-0.0272435	0	0	0	162.012	162.012	9.98771e-06	0	0	0	5.29771	-6.2157	0	11.5134		300	0.647001	0.0145415	0.0145415	-0.0187063	0	0	0	0.647001	0	-0.426642	-237.002	0	213.464	213.464	-2.13163e-14	12.4428	0	0	0	0	0	0	0	0	0	0	0	0	0	0	0	0	0	0	0	0	0	0	0	0	0	0	0	0	0	0	0	0	0	
1	1	1	461	13.83		300	0	0	0.02305	0.02305	-0.0273059	0	0	0	162.142	162.142	1.00016e-05	0	0	0	5.31392	-6.2126	0	11.5265		300	0.648052	0.0145847	0.0145847	-0.0187618	0	0	0	0.648052	0	-0.426642	-237.002	0	213.464	213.464	-2.13163e-14	12.4428	0	0	0	0	0	0	0	0	0	0	0	0	0	0	0	0	0	0	0	0	0	0	0	0	0	0	0	0	0	0	0	0	0	
1	1	1	462	13.86		300	0	0	0.0231	0.0231	-0.0273684	0	0	0	162.273	162.273	1.00154e-05	0	0	0	5.33014	-6.20948	0	11.5396		300	0.649102	0.0146279	0.0146279	-0.0188174	0	0	0	0.649102	0	-0.426642	-237.002	0	213.464	213.464	-2.13163e-14	12.4428	0	0	0	0	0	0	0	0	0	0	0	0	0	0	0	0	0	0	0	0	0	0	0	0	0	0	0	0	0	0	0	0	0	
1	1	1	463	13.89		300	0	0	0.02315	0.02315	-0.0274308	0	0	0	162.403	162.403	1.00291e-05	0	0	0	5.34638	-6.20633	0	11.5527		300	0.650152	0.0146711	0.0146711	-0.018873	0	0	0	0.650152	0	-0.426642	-237.002	0	213.464	213.464	-2.13163e-14	12.4428	0	0	0	0	0	0	0	0	0	0	0	0	0	0	0	0	0	0	0	0	0	0	0	0	0	0	0	0	0	0	0	0	0	
1	1	1	464	13.92		300	0	0	0.0232	0.0232	-0.0274932	0	0	0	162.534	162.534	1.00429e-05	0	0	0	5.36262	-6.20315	0	11.5658		300	0.6512	0.0147143	0.0147143	-0.0189285	0	0	0	0.6512	0	-0.426642	-237.002	0	213.464	213.464	-2.13163e-14	12.4428	0	0	0	0	0	0	0	0	0	0	0	0	0	0	0	0	0	0	0	0	0	0	0	0	0	0	0	0	0	0	0	0	0	
1	1	1	465	13.95		300	0	0	0.02325	0.02325	-0.0275557	0	0	0	162.664	162.664	1.00566e-05	0	0	0	5.37888	-6.19995	0	11.5788		300	0.652247	0.0147574	0.0147574	-0.0189841	0	0	0	0.652247	0	-0.426642	-237.002	0	213.464	213.464	-2.13163e-14	12.4428	0	0	0	0	0	0	0	0	0	0	0	0	0	0	0	0	0	0	0	0	0	0	0	0	0	0	0	0	0	0	0	0	0	
1	1	1	466	13.98		300	0	0	0.0233	0.0233	-0.0276181	0	0	0	162.794	162.794	1.00702e-05	0	0	0	5.39516	-6.19672	0	11.5919		300	0.653293	0.0148006	0.0148006	-0.0190396	0	0	0	0.653293	0	-0.426642	-237.002	0	213.464	213.464	-2.13163e-14	12.4428	0	0	0	0	0	0	0	0	0	0	0	0	0	0	0	0	0	0	0	0	0	0	0	0	0	0	0	0	0	0	0	0	0	
1	1	1	467	14.01		300	0	0	0.02335	0.02335	-0.0276805	0	0	0	162.925	162.925	1.00839e-05	0	0	0	5.41144	-6.19346	0	11.6049		300	0.654338	0.0148438	0.0148438	-0.0190952	0	0	0	0.654338	0	-0.426642	-237.002	0	213.464	213.464	-2.13163e-14	12.4428	0	0	0	0	0	0	0	0	0	0	0	0	0	0	0	0	0	0	0	0	0	0	0	0	0	0	0	0	0	0	0	0	0	
1	1	1	468	14.04		300	0	0	0.0234	0.0234	-0.0277429	0	0	0	163.055	163.055	1.00974e-05	0	0	0	5.42774	-6.19019	0	11.6179		300	0.655383	0.014887	0.014887	-0.0191508	0	0	0	0.655383	0	-0.426642	-237.002	0	213.464	213.464	-2.13163e-14	12.4428	0	0	0	0	0	0	0	0	0	0	0	0	0	0	0	0	0	0	0	0	0	0	0	0	0	0	0	0	0	0	0	0	0	
1	1	1	469	14.07		300	0	0	0.02345	0.02345	-0.0278054	0	0	0	163.185	163.185	1.0111e-05	0	0	0	5.44405	-6.18688	0	11.6309		300	0.656426	0.0149302	0.0149302	-0.0192063	0	0	0	0.656426	0	-0.426642	-237.002	0	213.464	213.464	-2.13163e-14	12.4428	0	0	0	0	0	0	0	0	0	0	0	0	0	0	0	0	0	0	0	0	0	0	0	0	0	0	0	0	0	0	0	0	0	
1	1	1	470	14.1		300	0	0	0.0235	0.0235	-0.0278678	0	0	0	163.316	163.316	1.01245e-05	0	0	0	5.46038	-6.18355	0	11.6439		300	0.657468	0.0149734	0.0149734	-0.0192619	0	0	0	0.657468	0	-0.426642	-237.002	0	213.464	213.464	-2.13163e-14	12.4428	0	0	0	0	0	0	0	0	0	0	0	0	0	0	0	0	0	0	0	0	0	0	0	0	0	0	0	0	0	0	0	0	0	
1	1	1	471	14.13		300	0	0	0.02355	0.02355	-0.0279302	0	0	0	163.446	163.446	1.0138e-05	0	0	0	5.47672	-6.18019	0	11.6569		300	0.658509	0.0150166	0.0150166	-0.0193174	0	0	0	0.658509	0	-0.426642	-237.002	0	213.464	213.464	-2.13163e-14	12.4428	0	0	0	0	0	0	0	0	0	0	0	0	0	0	0	0	0	0	0	0	0	0	0	0	0	0	0	0	0	0	0	0	0	
1	1	1	472	14.16		300	0	0	0.0236	0.0236	-0.0279927	0	0	0	163.577	163.577	1.01514e-05	0	0	0	5.49307	-6.17681	0	11.6699		300	0.659549	0.0150598	0.0150598	-0.019373	0	0	0	0.659549	0	-0.426642	-237.002	0	213.464	213.464	-2.13163e-14	12.4428	0	0	0	0	0	0	0	0	0	0	0	0	0	0	0	0	0	0	0	0	0	0	0	0	0	0	0	0	0	0	0	0	0	
1	1	1	473	14.19		300	0	0	0.02365	0.02365	-0.0280551	0	0	0	163.707	163.707	1.01648e-05	0	0	0	5.50943	-6.17341	0	11.6828		300	0.660588	0.015103	0.015103	-0.0194285	0	0	0	0.660588	0	-0.426642	-237.002	0	213.464	213.464	-2.13163e-14	12.4428	0	0	0	0	0	0	0	0	0	0	0	0	0	0	0	0	0	0	0	0	0	0	0	0	0	0	0	0	0	0	0	0	0	
1	1	1	474	14.22		300	0	0	0.0237	0.0237	-0.0281175	0	0	0	163.838	163.838	1.01782e-05	0	0	0	5.52581	-6.16997	0	11.6958		300	0.661626	0.0151462	0.0151462	-0.0194841	0	0	0	0.661626	0	-0.426642	-237.002	0	213.464	213.464	-2.13163e-14	12.4428	0	0	0	0	0	0	0	0	0	0	0	0	0	0	0	0	0	0	0	0	0	0	0	0	0	0	0	0	0	0	0	0	0	
1	1	1	475	14.25		300	0	0	0.02375	0.02375	-0.0281799	0	0	0	163.968	163.968	1.01915e-05	0	0	0	5.5422	-6.16652	0	11.7087		300	0.662664	0.0151894	0.0151894	-0.0195397	0	0	0	0.662664	0	-0.426642	-237.002	0	213.464	213.464	-2.13163e-14	12.4428	0	0	0	0	0	0	0	0	0	0	0	0	0	0	0	0	0	0	0	0	0	0	0	0	0	0	0	0	0	0	0	0	0	
1	1	1	476	14.28		300	0	0	0.0238	0.0238	-0.0282424	0	0	0	164.098	164.098	1.02048e-05	0	0	0	5.5586	-6.16303	0	11.7216		300	0.6637	0.0152325	0.0152325	-0.0195952	0	0	0	0.6637	0	-0.426642	-237.002	0	213.464	213.464	-2.13163e-14	12.4428	0	0	0	0	0	0	0	0	0	0	0	0	0	0	0	0	0	0	0	0	0	0	0	0	0	0	0	0	0	0	0	0	0	
1	1	1	477	14.31		300	0	0	0.02385	0.02385	-0.0283048	0	0	0	164.229	164.229	1.0218e-05	0	0	0	5.57502	-6.15952	0	11.7345		300	0.664735	0.0152757	0.0152757	-0.0196508	0	0	0	0.664735	0	-0.426642	-237.002	0	213.464	213.464	-2.13163e-14	12.4428	0	0	0	0	0	0	0	0	0	0	0	0	0	0	0	0	0	0	0	0	0	0	0	0	0	0	0	0	0	0	0	0	0	
1	1	1	478	14.34		300	0	0	0.0239	0.0239	-0.0283672	0	0	0	164.36	164.36	1.02312e-05	0	0	0	5.59145	-6.15599	0	11.7474		300	0.665769	0.0153189	0.0153189	-0.0197063	0	0	0	0.665769	0	-0.426642	-237.002	0	213.464	213.464	-2.13163e-14	12.4428	0	0	0	0	0	0	0	0	0	0	0	0	0	0	0	0	0	0	0	0	0	0	0	0	0	0	0	0	0	0	0	0	0	
1	1	1	479	14.37		300	0	0	0.02395	0.02395	-0.0284297	0	0	0	164.49	164.49	1.02444e-05	0	0	0	5.60789	-6.15243	0	11.7603		300	0.666802	0.0153621	0.0153621	-0.0197619	0	0	0	0.666802	0	-0.426642	-237.002	0	213.464	213.464	-2.13163e-14	12.4428	0	0	0	0	0	0	0	0	0	0	0	0	0	0	0	0	0	0	0	0	0	0	0	0	0	0	0	0	0	0	0	0	0	
1	1	1	480	14.4		300	0	0	0.024	0.024	-0.0284921	0	0	0	164.621	164.621	1.02575e-05	0	0	0	5.62435	-6.14884	0	11.7732		300	0.667834	0.0154053	0.0154053	-0.0198174	0	0	0	0.667834	0	-0.426642	-237.002	0	213.464	213.464	-2.13163e-14	12.4428	0	0	0	0	0	0	0	0	0	0	0	0	0	0	0	0	0	0	0	0	0	0	0	0	0	0	0	0	0	0	0	0	0	
1	1	1	481	14.43		300	0	0	0.02405	0.02405	-0.0285545	0	0	0	164.751	164.751	1.02706e-05	0	0	0	5.64081	-6.14523	0	11.786		300	0.668866	0.0154485	0.0154485	-0.0198729	0	0	0	0.668866	0	-0.426642	-237.002	0	213.464	213.464	-2.13163e-14	12.4428	0	0	0	0	0	0	0	0	0	0	0	0	0	0	0	0	0	0	0	0	0	0	0	0	0	0	0	0	0	0	0	0	0	
1	1	1	482	14.46		300	0	0	0.0241	0.0241	-0.0286169	0	0	0	164.882	164.882	1.02837e-05	0	0	0	5.6573	-6.1416	0	11.7989		300	0.669896	0.0154916	0.0154916	-0.0199285	0	0	0	0.669896	0	-0.426642	-237.002	0	213.464	213.464	-2.13163e-14	12.4428	0	0	0	0	0	0	0	0	0	0	0	0	0	0	0	0	0	0	0	0	0	0	0	0	0	0	0	0	0	0	0	0	0	
1	1	1	483	14.49		300	0	0	0.02415	0.02415	-0.0286794	0	0	0	165.013	165.013	1.02967e-05	0	0	0	5.67379	-6.13794	0	11.8117		300	0.670925	0.0155348	0.0155348	-0.019984	0	0	0	0.670925	0	-0.426642	-237.002	0	213.464	213.464	-2.13163e-14	12.4428	0	0	0	0	0	0	0	0	0	0	0	0	0	0	0	0	0	0	0	0	0	0	0	0	0	0	0	0	0	0	0	0	0	
1	1	1	484	14.52		300	0	0	0.0242	0.0242	-0.0287418	0	0	0	165.143	165.143	1.03097e-05	0	0	0	5.6903	-6.13425	0	11.8245		300	0.671953	0.015578	0.015578	-0.0200396	0	0	0	0.671953	0	-0.426642	-237.002	0	213.464	213.464	-2.13163e-14	12.4428	0	0	0	0	0	0	0	0	0	0	0	0	0	0	0	0	0	0	0	0	0	0	0	0	0	0	0	0	0	0	0	0	0	
1	1	1	485	14.55		300	0	0	0.02425	0.02425	-0.0288042	0	0	0	165.274	165.274	1.03226e-05	0	0	0	5.70682	-6.13054	0	11.8374		300	0.67298	0.0156212	0.0156212	-0.0200951	0	0	0	0.67298	0	-0.426642	-237.002	0	213.464	213.464	-2.13163e-14	12.4428	0	0	0	0	0	0	0	0	0	0	0	0	0	0	0	0	0	0	0	0	0	0	0	0	0	0	0	0	0	0	0	0	0	
1	1	1	486	14.58		300	0	0	0.0243	0.0243	-0.0288666	0	0	0	165.405	165.405	1.03355e-05	0	0	0	5.72335	-6.1268	0	11.8502		300	0.674007	0.0156643	0.0156643	-0.0201506	0	0	0	0.674007	0	-0.426642	-237.002	0	213.464	213.464	-2.13163e-14	12.4428	0	0	0	0	0	0	0	0	0	0	0	0	0	0	0	0	0	0	0	0	0	0	0	0	0	0	0	0	0	0	0	0	0	
1	1	1	487	14.61		300	0	0	0.02435	0.02435	-0.0289291	0	0	0	165.536	165.536	1.03484e-05	0	0	0	5.7399	-6.12304	0	11.8629		300	0.675032	0.0157075	0.0157075	-0.0202062	0	0	0	0.675032	0	-0.426642	-237.002	0	213.464	213.464	-2.13163e-14	12.4428	0	0	0	0	0	0	0	0	0	0	0	0	0	0	0	0	0	0	0	0	0	0	0	0	0	0	0	0	0	0	0	0	0	
1	1	1	488	14.64		300	0	0	0.0244	0.0244	-0.0289915	0	0	0	165.666	165.666	1.03613e-05	0	0	0	5.75646	-6.11925	0	11.8757		300	0.676056	0.0157507	0.0157507	-0.0202617	0	0	0	0.676056	0	-0.426642	-237.002	0	213.464	213.464	-2.13163e-14	12.4428	0	0	0	0	0	0	0	0	0	0	0	0	0	0	0	0	0	0	0	0	0	0	0	0	0	0	0	0	0	0	0	0	0	
1	1	1	489	14.67		300	0	0	0.02445	0.02445	-0.0290539	0	0	0	165.797	165.797	1.03741e-05	0	0	0	5.77303	-6.11543	0	11.8885		300	0.677079	0.0157939	0.0157939	-0.0203172	0	0	0	0.677079	0	-0.426642	-237.002	0	213.464	213.464	-2.13163e-14	12.4428	0	0	0	0	0	0	0	0	0	0	0	0	0	0	0	0	0	0	0	0	0	0	0	0	0	0	0	0	0	0	0	0	0	
1	1	1	490	14.7		300	0	0	0.0245	0.0245	-0.0291163	0	0	0	165.928	165.928	1.03868e-05	0	0	0	5.78962	-6.11159	0	11.9012		300	0.678102	0.015837	0.015837	-0.0203727	0	0	0	0.678102	0	-0.426642	-237.002	0	213.464	213.464	-2.13163e-14	12.4428	0	0	0	0	0	0	0	0	0	0	0	0	0	0	0	0	0	0	0	0	0	0	0	0	0	0	0	0	0	0	0	0	0	
1	1	1	491	14.73		300	0	0	0.02455	0.02455	-0.0291788	0	0	0	166.059	166.059	1.03995e-05	0	0	0	5.80622	-6.10773	0	11.9139		300	0.679123	0.0158802	0.0158802	-0.0204283	0	0	0	0.679123	0	-0.426642	-237.002	0	213.464	213.464	-2.13163e-14	12.4428	0	0	0	0	0	0	0	0	0	0	0	0	0	0	0	0	0	0	0	0	0	0	0	0	0	0	0	0	0	0	0	0	0	
1	1	1	492	14.76		300	0	0	0.0246	0.0246	-0.0292412	0	0	0	166.19	166.19	1.04122e-05	0	0	0	5.82283	-6.10384	0	11.9267		300	0.680143	0.0159234	0.0159234	-0.0204838	0	0	0	0.680143	0	-0.426642	-237.002	0	213.464	213.464	-2.13163e-14	12.4428	0	0	0	0	0	0	0	0	0	0	0	0	0	0	0	0	0	0	0	0	0	0	0	0	0	0	0	0	0	0	0	0	0	
1	1	1	493	14.79		300	0	0	0.02465	0.02465	-0.0293036	0	0	0	166.321	166.321	1.04249e-05	0	0	0	5.83946	-6.09992	0	11.9394		300	0.681163	0.0159665	0.0159665	-0.0205393	0	0	0	0.681163	0	-0.426642	-237.002	0	213.464	213.464	-2.13163e-14	12.4428	0	0	0	0	0	0	0	0	0	0	0	0	0	0	0	0	0	0	0	0	0	0	0	0	0	0	0	0	0	0	0	0	0	
1	1	1	494	14.82		300	0	0	0.0247	0.0247	-0.029366	0	0	0	166.452	166.452	1.04375e-05	0	0	0	5.8561	-6.09598	0	11.9521		300	0.682181	0.0160097	0.0160097	-0.0205948	0	0	0	0.682181	0	-0.426642	-237.002	0	213.464	213.464	-2.13163e-14	12.4428	0	0	0	0	0	0	0	0	0	0	0	0	0	0	0	0	0	0	0	0	0	0	0	0	0	0	0	0	0	0	0	0	0	
1	1	1	495	14.85		300	0	0	0.02475	0.02475	-0.0294284	0	0	0	166.583	166.583	1.04501e-05	0	0	0	5.87275	-6.09202	0	11.9648		300	0.683198	0.0160528	0.0160528	-0.0206503	0	0	0	0.683198	0	-0.426642	-237.002	0	213.464	213.464	-2.13163e-14	12.4428	0	0	0	0	0	0	0	0	0	0	0	0	0	0	0	0	0	0	0	0	0	0	0	0	0	0	0	0	0	0	0	0	0	
1	1	1	496	14.88		300	0	0	0.0248	0.0248	-0.0294908	0	0	0	166.714	166.714	1.04626e-05	0	0	0	5.88941	-6.08803	0	11.9774		300	0.684215	0.016096	0.016096	-0.0207058	0	0	0	0.684215	0	-0.426642	-237.002	0	213.464	213.464	-2.13163e-14	12.4428	0	0	0	0	0	0	0	0	0	0	0	0	0	0	0	0	0	0	0	0	0	0	0	0	0	0	0	0	0	0	0	0	0	
1	1	1	497	14.91		300	0	0	0.02485	0.02485	-0.0295533	0	0	0	166.846	166.846	1.04751e-05	0	0	0	5.90609	-6.08401	0	11.9901		300	0.68523	0.0161391	0.0161391	-0.0207613	0	0	0	0.68523	0	-0.426642	-237.002	0	213.464	213.464	-2.13163e-14	12.4428	0	0	0	0	0	0	0	0	0	0	0	0	0	0	0	0	0	0	0	0	0	0	0	0	0	0	0	0	0	0	0	0	0	
1	1	1	498	14.94		300	0	0	0.0249	0.0249	-0.0296157	0	0	0	166.977	166.977	1.04876e-05	0	0	0	5.92278	-6.07997	0	12.0027		300	0.686245	0.0161823	0.0161823	-0.0208168	0	0	0	0.686245	0	-0.426642	-237.002	0	213.464	213.464	-2.13163e-14	12.4428	0	0	0	0	0	0	0	0	0	0	0	0	0	0	0	0	0	0	0	0	0	0	0	0	0	0	0	0	0	0	0	0	0	
1	1	1	499	14.97		300	0	0	0.02495	0.02495	-0.0296781	0	0	0	167.108	167.108	1.05e-05	0	0	0	5.93949	-6.0759	0	12.0154		300	0.687258	0.0162254	0.0162254	-0.0208723	0	0	0	0.687258	0	-0.426642	-237.002	0	213.464	213.464	-2.13163e-14	12.4428	0	0	0	0	0	0	0	0	0	0	0	0	0	0	0	0	0	0	0	0	0	0	0	0	0	0	0	0	0	0	0	0	0	
1	1	1	500	15		300	0	0	0.025	0.025	-0.0297405	0	0	0	167.239	167.239	1.05124e-05	0	0	0	5.9562	-6.07181	0	12.028		300	0.68827	0.0162686	0.0162686	-0.0209278	0	0	0	0.68827	0	-0.426642	-237.002	0	213.464	213.464	-2.13163e-14	12.4428	0	0	0	0	0	0	0	0	0	0	0	0	0	0	0	0	0	0	0	0	0	0	0	0	0	0	0	0	0	0	0	0	0	
1	1	1	501	15.03		300	0	0	0.02505	0.02505	-0.0298029	0	0	0	167.371	167.371	1.05248e-05	0	0	0	5.97293	-6.06769	0	12.0406		300	0.689282	0.0163117	0.0163117	-0.0209833	0	0	0	0.689282	0	-0.426642	-237.002	0	213.464	213.464	-2.13163e-14	12.4428	0	0	0	0	0	0	0	0	0	0	0	0	0	0	0	0	0	0	0	0	0	0	0	0	0	0	0	0	0	0	0	0	0	
1	1	1	502	15.06		300	0	0	0.0251	0.0251	-0.0298653	0	0	0	167.502	167.502	1.05371e-05	0	0	0	5.98968	-6.06355	0	12.0532		300	0.690292	0.0163548	0.0163548	-0.0210388	0	0	0	0.690292	0	-0.426642	-237.002	0	213.464	213.464	-2.13163e-14	12.4428	0	0	0	0	0	0	0	0	0	0	0	0	0	0	0	0	0	0	0	0	0	0	0	0	0	0	0	0	0	0	0	0	0	
1	1	1	503	15.09		300	0	0	0.02515	0.02515	-0.0299278	0	0	0	167.634	167.634	1.05494e-05	0	0	0	6.00643	-6.05938	0	12.0658		300	0.691302	0.016398	0.016398	-0.0210943	0	0	0	0.691302	0	-0.426642	-237.002	0	213.464	213.464	-2.13163e-14	12.4428	0	0	0	0	0	0	0	0	0	0	0	0	0	0	0	0	0	0	0	0	0	0	0	0	0	0	0	0	0	0	0	0	0	
1	1	1	504	15.12		300	0	0	0.0252	0.0252	-0.0299902	0	0	0	167.765	167.765	1.05617e-05	0	0	0	6.0232	-6.05518	0	12.0784		300	0.692311	0.0164411	0.0164411	-0.0211498	0	0	0	0.692311	0	-0.426642	-237.002	0	213.464	213.464	-2.13163e-14	12.4428	0	0	0	0	0	0	0	0	0	0	0	0	0	0	0	0	0	0	0	0	0	0	0	0	0	0	0	0	0	0	0	0	0	
1	1	1	505	15.15		300	0	0	0.02525	0.02525	-0.0300526	0	0	0	167.897	167.897	1.05739e-05	0	0	0	6.03999	-6.05096	0	12.091		300	0.693318	0.0164842	0.0164842	-0.0212052	0	0	0	0.693318	0	-0.426642	-237.002	0	213.464	213.464	-2.13163e-14	12.4428	0	0	0	0	0	0	0	0	0	0	0	0	0	0	0	0	0	0	0	0	0	0	0	0	0	0	0	0	0	0	0	0	0	
1	1	1	506	15.18		300	0	0	0.0253	0.0253	-0.030115	0	0	0	168.029	168.029	1.05861e-05	0	0	0	6.05678	-6.04672	0	12.1035		300	0.694325	0.0165274	0.0165274	-0.0212607	0	0	0	0.694325	0	-0.426642	-237.002	0	213.464	213.464	-2.13163e-14	12.4428	0	0	0	0	0	0	0	0	0	0	0	0	0	0	0	0	0	0	0	0	0	0	0	0	0	0	0	0	0	0	0	0	0	
1	1	1	507	15.21		300	0	0	0.02535	0.02535	-0.0301774	0	0	0	168.16	168.16	1.05982e-05	0	0	0	6.07359	-6.04245	0	12.116		300	0.69533	0.0165705	0.0165705	-0.0213162	0	0	0	0.69533	0	-0.426642	-237.002	0	213.464	213.464	-2.13163e-14	12.4428	0	0	0	0	0	0	0	0	0	0	0	0	0	0	0	0	0	0	0	0	0	0	0	0	0	0	0	0	0	0	0	0	0	
1	1	1	508	15.24		300	0	0	0.0254	0.0254	-0.0302398	0	0	0	168.292	168.292	1.06103e-05	0	0	0	6.09042	-6.03815	0	12.1286		300	0.696335	0.0166136	0.0166136	-0.0213716	0	0	0	0.696335	0	-0.426642	-237.002	0	213.464	213.464	-2.13163e-14	12.4428	0	0	0	0	0	0	0	0	0	0	0	0	0	0	0	0	0	0	0	0	0	0	0	0	0	0	0	0	0	0	0	0	0	
1	1	1	509	15.27		300	0	0	0.02545	0.02545	-0.0303022	0	0	0	168.424	168.424	1.06224e-05	0	0	0	6.10725	-6.03383	0	12.1411		300	0.697339	0.0166567	0.0166567	-0.0214271	0	0	0	0.697339	0	-0.426642	-237.002	0	213.464	213.464	-2.13163e-14	12.4428	0	0	0	0	0	0	0	0	0	0	0	0	0	0	0	0	0	0	0	0	0	0	0	0	0	0	0	0	0	0	0	0	0	
1	1	1	510	15.3		300	0	0	0.0255	0.0255	-0.0303646	0	0	0	168.556	168.556	1.06344e-05	0	0	0	6.1241	-6.02949	0	12.1536		300	0.698342	0.0166998	0.0166998	-0.0214825	0	0	0	0.698342	0	-0.426642	-237.002	0	213.464	213.464	-2.13163e-14	12.4428	0	0	0	0	0	0	0	0	0	0	0	0	0	0	0	0	0	0	0	0	0	0	0	0	0	0	0	0	0	0	0	0	0	
1	1	1	511	15.33		300	0	0	0.02555	0.02555	-0.030427	0	0	0	168.688	168.688	1.06464e-05	0	0	0	6.14096	-6.02512	0	12.1661		300	0.699343	0.0167429	0.0167429	-0.021538	0	0	0	0.699343	0	-0.426642	-237.002	0	213.464	213.464	-2.13163e-14	12.4428	0	0	0	0	0	0	0	0	0	0	0	0	0	0	0	0	0	0	0	0	0	0	0	0	0	0	0	0	0	0	0	0	0	
1	1	1	512	15.36		300	0	0	0.0256	0.0256	-0.0304894	0	0	0	168.82	168.82	1.06584e-05	0	0	0	6.15784	-6.02072	0	12.1786		300	0.700344	0.016786	0.016786	-0.0215934	0	0	0	0.700344	0	-0.426642	-237.002	0	213.464	213.464	-2.13163e-14	12.4428	0	0	0	0	0	0	0	0	0	0	0	0	0	0	0	0	0	0	0	0	0	0	0	0	0	0	0	0	0	0	0	0	0	
1	1	1	513	15.39		300	0	0	0.02565	0.02565	-0.0305518	0	0	0	168.952	168.952	1.06703e-05	0	0	0	6.17473	-6.0163	0	12.191		300	0.701344	0.0168291	0.0168291	-0.0216489	0	0	0	0.701344	0	-0.426642	-237.002	0	213.464	213.464	-2.13163e-14	12.4428	0	0	0	0	0	0	0	0	0	0	0	0	0	0	0	0	0	0	0	0	0	0	0	0	0	0	0	0	0	0	0	0	0	
1	1	1	514	15.42		300	0	0	0.0257	0.0257	-0.0306142	0	0	0	169.085	169.085	1.06822e-05	0	0	0	6.19163	-6.01185	0	12.2035		300	0.702343	0.0168722	0.0168722	-0.0217043	0	0	0	0.702343	0	-0.426642	-237.002	0	213.464	213.464	-2.13163e-14	12.4428	0	0	0	0	0	0	0	0	0	0	0	0	0	0	0	0	0	0	0	0	0	0	0	0	0	0	0	0	0	0	0	0	0	
1	1	1	515	15.45		300	0	0	0.02575	0.02575	-0.0306766	0	0	0	169.217	169.217	1.0694e-05	0	0	0	6.20854	-6.00738	0	12.2159		300	0.703341	0.0169153	0.0169153	-0.0217597	0	0	0	0.703341	0	-0.426642	-237.002	0	213.464	213.464	-2.13163e-14	12.4428	0	0	0	0	0	0	0	0	0	0	0	0	0	0	0	0	0	0	0	0	0	0	0	0	0	0	0	0	0	0	0	0	0	
1	1	1	516	15.48		300	0	0	0.0258	0.0258	-0.030739	0	0	0	169.349	169.349	1.07059e-05	0	0	0	6.22547	-6.00288	0	12.2284		300	0.704338	0.0169584	0.0169584	-0.0218152	0	0	0	0.704338	0	-0.426642	-237.002	0	213.464	213.464	-2.13163e-14	12.4428	0	0	0	0	0	0	0	0	0	0	0	0	0	0	0	0	0	0	0	0	0	0	0	0	0	0	0	0	0	0	0	0	0	
1	1	1	517	15.51		300	0	0	0.02585	0.02585	-0.0308014	0	0	0	169.482	169.482	1.07176e-05	0	0	0	6.24241	-5.99836	0	12.2408		300	0.705333	0.0170015	0.0170015	-0.0218706	0	0	0	0.705333	0	-0.426642	-237.002	0	213.464	213.464	-2.13163e-14	12.4428	0	0	0	0	0	0	0	0	0	0	0	0	0	0	0	0	0	0	0	0	0	0	0	0	0	0	0	0	0	0	0	0	0	
1	1	1	518	15.54		300	0	0	0.0259	0.0259	-0.0308638	0	0	0	169.614	169.614	1.07294e-05	0	0	0	6.25937	-5.99381	0	12.2532		300	0.706328	0.0170446	0.0170446	-0.021926	0	0	0	0.706328	0	-0.426642	-237.002	0	213.464	213.464	-2.13163e-14	12.4428	0	0	0	0	0	0	0	0	0	0	0	0	0	0	0	0	0	0	0	0	0	0	0	0	0	0	0	0	0	0	0	0	0	
1	1	1	519	15.57		300	0	0	0.02595	0.02595	-0.0309262	0	0	0	169.747	169.747	1.07411e-05	0	0	0	6.27634	-5.98924	0	12.2656		300	0.707322	0.0170876	0.0170876	-0.0219814	0	0	0	0.707322	0	-0.426642	-237.002	0	213.464	213.464	-2.13163e-14	12.4428	0	0	0	0	0	0	0	0	0	0	0	0	0	0	0	0	0	0	0	0	0	0	0	0	0	0	0	0	0	0	0	0	0	
1	1	1	520	15.6		300	0	0	0.026	0.026	-0.0309886	0	0	0	169.88	169.88	1.07528e-05	0	0	0	6.29332	-5.98464	0	12.278		300	0.708315	0.0171307	0.0171307	-0.0220368	0	0	0	0.708315	0	-0.426642	-237.002	0	213.464	213.464	-2.13163e-14	12.4428	0	0	0	0	0	0	0	0	0	0	0	0	0	0	0	0	0	0	0	0	0	0	0	0	0	0	0	0	0	0	0	0	0	
1	1	1	521	15.63		300	0	0	0.02605	0.02605	-0.031051	0	0	0	170.012	170.012	1.07644e-05	0	0	0	6.31031	-5.98001	0	12.2903		300	0.709308	0.0171738	0.0171738	-0.0220922	0	0	0	0.709308	0	-0.426642	-237.002	0	213.464	213.464	-2.13163e-14	12.4428	0	0	0	0	0	0	0	0	0	0	0	0	0	0	0	0	0	0	0	0	0	0	0	0	0	0	0	0	0	0	0	0	0	
1	1	1	522	15.66		300	0	0	0.0261	0.0261	-0.0311134	0	0	0	170.145	170.145	1.0776e-05	0	0	0	6.32732	-5.97536	0	12.3027		300	0.710299	0.0172168	0.0172168	-0.0221476	0	0	0	0.710299	0	-0.426642	-237.002	0	213.464	213.464	-2.13163e-14	12.4428	0	0	0	0	0	0	0	0	0	0	0	0	0	0	0	0	0	0	0	0	0	0	0	0	0	0	0	0	0	0	0	0	0	
1	1	1	523	15.69		300	0	0	0.02615	0.02615	-0.0311758	0	0	0	170.278	170.278	1.07876e-05	0	0	0	6.34434	-5.97069	0	12.315		300	0.711289	0.0172599	0.0172599	-0.022203	0	0	0	0.711289	0	-0.426642	-237.002	0	213.464	213.464	-2.13163e-14	12.4428	0	0	0	0	0	0	0	0	0	0	0	0	0	0	0	0	0	0	0	0	0	0	0	0	0	0	0	0	0	0	0	0	0	
1	1	1	524	15.72		300	0	0	0.0262	0.0262	-0.0312382	0	0	0	170.411	170.411	1.07991e-05	0	0	0	6.36138	-5.96599	0	12.3274		300	0.712278	0.017303	0.017303	-0.0222584	0	0	0	0.712278	0	-0.426642	-237.002	0	213.464	213.464	-2.13163e-14	12.4428	0	0	0	0	0	0	0	0	0	0	0	0	0	0	0	0	0	0	0	0	0	0	0	0	0	0	0	0	0	0	0	0	0	
1	1	1	525	15.75		300	0	0	0.02625	0.02625	-0.0313006	0	0	0	170.544	170.544	1.08106e-05	0	0	0	6.37842	-5.96126	0	12.3397		300	0.713266	0.017346	0.017346	-0.0223137	0	0	0	0.713266	0	-0.426642	-237.002	0	213.464	213.464	-2.13163e-14	12.4428	0	0	0	0	0	0	0	0	0	0	0	0	0	0	0	0	0	0	0	0	0	0	0	0	0	0	0	0	0	0	0	0	0	
1	1	1	526	15.78		300	0	0	0.0263	0.0263	-0.031363	0	0	0	170.678	170.678	1.08221e-05	0	0	0	6.39548	-5.95651	0	12.352		300	0.714253	0.0173891	0.0173891	-0.0223691	0	0	0	0.714253	0	-0.426642	-237.002	0	213.464	213.464	-2.13163e-14	12.4428	0	0	0	0	0	0	0	0	0	0	0	0	0	0	0	0	0	0	0	0	0	0	0	0	0	0	0	0	0	0	0	0	0	
1	1	1	527	15.81		300	0	0	0.02635	0.02635	-0.0314253	0	0	0	170.811	170.811	1.08335e-05	0	0	0	6.41256	-5.95173	0	12.3643		300	0.71524	0.0174321	0.0174321	-0.0224245	0	0	0	0.71524	0	-0.426642	-237.002	0	213.464	213.464	-2.13163e-14	12.4428	0	0	0	0	0	0	0	0	0	0	0	0	0	0	0	0	0	0	0	0	0	0	0	0	0	0	0	0	0	0	0	0	0	
1	1	1	528	15.84		300	0	0	0.0264	0.0264	-0.0314877	0	0	0	170.944	170.944	1.08449e-05	0	0	0	6.42965	-5.94693	0	12.3766		300	0.716225	0.0174751	0.0174751	-0.0224798	0	0	0	0.716225	0	-0.426642	-237.002	0	213.464	213.464	-2.13163e-14	12.4428	0	0	0	0	0	0	0	0	0	0	0	0	0	0	0	0	0	0	0	0	0	0	0	0	0	0	0	0	0	0	0	0	0	
1	1	1	529	15.87		300	0	0	0.02645	0.02645	-0.0315501	0	0	0	171.078	171.078	1.08562e-05	0	0	0	6.44675	-5.94211	0	12.3889		300	0.717209	0.0175182	0.0175182	-0.0225352	0	0	0	0.717209	0	-0.426642	-237.002	0	213.464	213.464	-2.13163e-14	12.4428	0	0	0	0	0	0	0	0	0	0	0	0	0	0	0	0	0	0	0	0	0	0	0	0	0	0	0	0	0	0	0	0	0	
1	1	1	530	15.9		300	0	0	0.0265	0.0265	-0.0316125	0	0	0	171.211	171.211	1.08675e-05	0	0	0	6.46386	-5.93725	0	12.4011		300	0.718193	0.0175612	0.0175612	-0.0225905	0	0	0	0.718193	0	-0.426642	-237.002	0	213.464	213.464	-2.13163e-14	12.4428	0	0	0	0	0	0	0	0	0	0	0	0	0	0	0	0	0	0	0	0	0	0	0	0	0	0	0	0	0	0	0	0	0	
1	1	1	531	15.93		300	0	0	0.02655	0.02655	-0.0316749	0	0	0	171.345	171.345	1.08788e-05	0	0	0	6.48099	-5.93237	0	12.4134		300	0.719175	0.0176042	0.0176042	-0.0226458	0	0	0	0.719175	0	-0.426642	-237.002	0	213.464	213.464	-2.13163e-14	12.4428	0	0	0	0	0	0	0	0	0	0	0	0	0	0	0	0	0	0	0	0	0	0	0	0	0	0	0	0	0	0	0	0	0	
1	1	1	532	15.96		300	0	0	0.0266	0.0266	-0.0317373	0	0	0	171.479	171.479	1.08901e-05	0	0	0	6.49813	-5.92747	0	12.4256		300	0.720156	0.0176472	0.0176472	-0.0227012	0	0	0	0.720156	0	-0.426642	-237.002	0	213.464	213.464	-2.13163e-14	12.4428	0	0	0	0	0	0	0	0	0	0	0	0	0	0	0	0	0	0	0	0	0	0	0	0	0	0	0	0	0	0	0	0	0	
1	1	1	533	15.99		300	0	0	0.02665	0.02665	-0.0317996	0	0	0	171.613	171.613	1.09013e-05	0	0	0	6.51529	-5.92254	0	12.4378		300	0.721137	0.0176902	0.0176902	-0.0227565	0	0	0	0.721137	0	-0.426642	-237.002	0	213.464	213.464	-2.13163e-14	12.4428	0	0	0	0	0	0	0	0	0	0	0	0	0	0	0	0	0	0	0	0	0	0	0	0	0	0	0	0	0	0	0	0	0	
1	1	1	534	16.02		300	0	0	0.0267	0.0267	-0.031862	0	0	0	171.747	171.747	1.09125e-05	0	0	0	6.53245	-5.91759	0	12.45		300	0.722116	0.0177332	0.0177332	-0.0228118	0	0	0	0.722116	0	-0.426642	-237.002	0	213.464	213.464	-2.13163e-14	12.4428	0	0	0	0	0	0	0	0	0	0	0	0	0	0	0	0	0	0	0	0	0	0	0	0	0	0	0	0	0	0	0	0	0	
1	1	1	535	16.05		300	0	0	0.02675	0.02675	-0.0319244	0	0	0	171.881	171.881	1.09236e-05	0	0	0	6.54964	-5.91261	0	12.4622		300	0.723095	0.0177762	0.0177762	-0.0228671	0	0	0	0.723095	0	-0.426642	-237.002	0	213.464	213.464	-2.13163e-14	12.4428	0	0	0	0	0	0	0	0	0	0	0	0	0	0	0	0	0	0	0	0	0	0	0	0	0	0	0	0	0	0	0	0	0	
1	1	1	536	16.08		300	0	0	0.0268	0.0268	-0.0319868	0	0	0	172.015	172.015	1.09347e-05	0	0	0	6.56683	-5.9076	0	12.4744		300	0.724072	0.0178192	0.0178192	-0.0229224	0	0	0	0.724072	0	-0.426642	-237.002	0	213.464	213.464	-2.13163e-14	12.4428	0	0	0	0	0	0	0	0	0	0	0	0	0	0	0	0	0	0	0	0	0	0	0	0	0	0	0	0	0	0	0	0	0	
1	1	1	537	16.11		300	0	0	0.02685	0.02685	-0.0320491	0	0	0	172.149	172.149	1.09458e-05	0	0	0	6.58404	-5.90257	0	12.4866		300	0.725049	0.0178622	0.0178622	-0.0229777	0	0	0	0.725049	0	-0.426642	-237.002	0	213.464	213.464	-2.13163e-14	12.4428	0	0	0	0	0	0	0	0	0	0	0	0	0	0	0	0	0	0	0	0	0	0	0	0	0	0	0	0	0	0	0	0	0	
1	1	1	538	16.14		300	0	0	0.0269	0.0269	-0.0321115	0	0	0	172.284	172.284	1.09568e-05	0	0	0	6.60126	-5.89752	0	12.4988		300	0.726025	0.0179052	0.0179052	-0.023033	0	0	0	0.726025	0	-0.426642	-237.002	0	213.464	213.464	-2.13163e-14	12.4428	0	0	0	0	0	0	0	0	0	0	0	0	0	0	0	0	0	0	0	0	0	0	0	0	0	0	0	0	0	0	0	0	0	
1	1	1	539	16.17		300	0	0	0.02695	0.02695	-0.0321739	0	0	0	172.418	172.418	1.09678e-05	0	0	0	6.6185	-5.89243	0	12.5109		300	0.726999	0.0179482	0.0179482	-0.0230883	0	0	0	0.726999	0	-0.426642	-237.002	0	213.464	213.464	-2.13163e-14	12.4428	0	0	0	0	0	0	0	0	0	0	0	0	0	0	0	0	0	0	0	0	0	0	0	0	0	0	0	0	0	0	0	0	0	
1	1	1	540	16.2		300	0	0	0.027	0.027	-0.0322362	0	0	0	172.553	172.553	1.09787e-05	0	0	0	6.63574	-5.88733	0	12.5231		300	0.727973	0.0179911	0.0179911	-0.0231436	0	0	0	0.727973	0	-0.426642	-237.002	0	213.464	213.464	-2.13163e-14	12.4428	0	0	0	0	0	0	0	0	0	0	0	0	0	0	0	0	0	0	0	0	0	0	0	0	0	0	0	0	0	0	0	0	0	
1	1	1	541	16.23		300	0	0	0.02705	0.02705	-0.0322986	0	0	0	172.688	172.688	1.09897e-05	0	0	0	6.65301	-5.88219	0	12.5352		300	0.728946	0.0180341	0.0180341	-0.0231988	0	0	0	0.728946	0	-0.426642	-237.002	0	213.464	213.464	-2.13163e-14	12.4428	0	0	0	0	0	0	0	0	0	0	0	0	0	0	0	0	0	0	0	0	0	0	0	0	0	0	0	0	0	0	0	0	0	
1	1	1	542	16.26		300	0	0	0.0271	0.0271	-0.032361	0	0	0	172.822	172.822	1.10006e-05	0	0	0	6.67028	-5.87704	0	12.5473		300	0.729918	0.0180771	0.0180771	-0.0232541	0	0	0	0.729918	0	-0.426642	-237.002	0	213.464	213.464	-2.13163e-14	12.4428	0	0	0	0	0	0	0	0	0	0	0	0	0	0	0	0	0	0	0	0	0	0	0	0	0	0	0	0	0	0	0	0	0	
1	1	1	543	16.29		300	0	0	0.02715	0.02715	-0.0324233	0	0	0	172.957	172.957	1.10114e-05	0	0	0	6.68757	-5.87185	0	12.5594		300	0.730888	0.01812	0.01812	-0.0233093	0	0	0	0.730888	0	-0.426642	-237.002	0	213.464	213.464	-2.13163e-14	12.4428	0	0	0	0	0	0	0	0	0	0	0	0	0	0	0	0	0	0	0	0	0	0	0	0	0	0	0	0	0	0	0	0	0	
1	1	1	544	16.32		300	0	0	0.0272	0.0272	-0.0324857	0	0	0	173.093	173.093	1.10222e-05	0	0	0	6.70487	-5.86664	0	12.5715		300	0.731858	0.018163	0.018163	-0.0233646	0	0	0	0.731858	0	-0.426642	-237.002	0	213.464	213.464	-2.13163e-14	12.4428	0	0	0	0	0	0	0	0	0	0	0	0	0	0	0	0	0	0	0	0	0	0	0	0	0	0	0	0	0	0	0	0	0	
1	1	1	545	16.35		300	0	0	0.02725	0.02725	-0.032548	0	0	0	173.228	173.228	1.1033e-05	0	0	0	6.72219	-5.86141	0	12.5836		300	0.732827	0.0182059	0.0182059	-0.0234198	0	0	0	0.732827	0	-0.426642	-237.002	0	213.464	213.464	-2.13163e-14	12.4428	0	0	0	0	0	0	0	0	0	0	0	0	0	0	0	0	0	0	0	0	0	0	0	0	0	0	0	0	0	0	0	0	0	
1	1	1	546	16.38		300	0	0	0.0273	0.0273	-0.0326104	0	0	0	173.363	173.363	1.10438e-05	0	0	0	6.73952	-5.85615	0	12.5957		300	0.733795	0.0182488	0.0182488	-0.023475	0	0	0	0.733795	0	-0.426642	-237.002	0	213.464	213.464	-2.13163e-14	12.4428	0	0	0	0	0	0	0	0	0	0	0	0	0	0	0	0	0	0	0	0	0	0	0	0	0	0	0	0	0	0	0	0	0	
1	1	1	547	16.41		300	0	0	0.02735	0.02735	-0.0326728	0	0	0	173.499	173.499	1.10545e-05	0	0	0	6.75686	-5.85086	0	12.6077		300	0.734762	0.0182918	0.0182918	-0.0235302	0	0	0	0.734762	0	-0.426642	-237.002	0	213.464	213.464	-2.13163e-14	12.4428	0	0	0	0	0	0	0	0	0	0	0	0	0	0	0	0	0	0	0	0	0	0	0	0	0	0	0	0	0	0	0	0	0	
1	1	1	548	16.44		300	0	0	0.0274	0.0274	-0.0327351	0	0	0	173.634	173.634	1.10652e-05	0	0	0	6.77422	-5.84555	0	12.6198		300	0.735728	0.0183347	0.0183347	-0.0235854	0	0	0	0.735728	0	-0.426642	-237.002	0	213.464	213.464	-2.13163e-14	12.4428	0	0	0	0	0	0	0	0	0	0	0	0	0	0	0	0	0	0	0	0	0	0	0	0	0	0	0	0	0	0	0	0	0	
1	1	1	549	16.47		300	0	0	0.02745	0.02745	-0.0327975	0	0	0	173.77	173.77	1.10758e-05	0	0	0	6.79159	-5.84021	0	12.6318		300	0.736693	0.0183776	0.0183776	-0.0236406	0	0	0	0.736693	0	-0.426642	-237.002	0	213.464	213.464	-2.13163e-14	12.4428	0	0	0	0	0	0	0	0	0	0	0	0	0	0	0	0	0	0	0	0	0	0	0	0	0	0	0	0	0	0	0	0	0	
1	1	1	550	16.5		300	0	0	0.0275	0.0275	-0.0328598	0	0	0	173.906	173.906	1.10864e-05	0	0	0	6.80897	-5.83485	0	12.6438		300	0.737657	0.0184205	0.0184205	-0.0236958	0	0	0	0.737657	0	-0.426642	-237.002	0	213.464	213.464	-2.13163e-14	12.4428	0	0	0	0	0	0	0	0	0	0	0	0	0	0	0	0	0	0	0	0	0	0	0	0	0	0	0	0	0	0	0	0	0	
1	1	1	551	16.53		300	0	0	0.02755	0.02755	-0.0329221	0	0	0	174.042	174.042	1.1097e-05	0	0	0	6.82637	-5.82946	0	12.6558		300	0.73862	0.0184634	0.0184634	-0.023751	0	0	0	0.73862	0	-0.426642	-237.002	0	213.464	213.464	-2.13163e-14	12.4428	0	0	0	0	0	0	0	0	0	0	0	0	0	0	0	0	0	0	0	0	0	0	0	0	0	0	0	0	0	0	0	0	0	
1	1	1	552	16.56		300	0	0	0.0276	0.0276	-0.0329845	0	0	0	174.178	174.178	1.11075e-05	0	0	0	6.84378	-5.82405	0	12.6678		300	0.739582	0.0185063	0.0185063	-0.0238062	0	0	0	0.739582	0	-0.426642	-237.002	0	213.464	213.464	-2.13163e-14	12.4428	0	0	0	0	0	0	0	0	0	0	0	0	0	0	0	0	0	0	0	0	0	0	0	0	0	0	0	0	0	0	0	0	0	
1	1	1	553	16.59		300	0	0	0.02765	0.02765	-0.0330468	0	0	0	174.314	174.314	1.1118e-05	0	0	0	6.86121	-5.81861	0	12.6798		300	0.740543	0.0185492	0.0185492	-0.0238614	0	0	0	0.740543	0	-0.426642	-237.002	0	213.464	213.464	-2.13163e-14	12.4428	0	0	0	0	0	0	0	0	0	0	0	0	0	0	0	0	0	0	0	0	0	0	0	0	0	0	0	0	0	0	0	0	0	
1	1	1	554	16.62		300	0	0	0.0277	0.0277	-0.0331092	0	0	0	174.45	174.45	1.11285e-05	0	0	0	6.87864	-5.81314	0	12.6918		300	0.741503	0.0185921	0.0185921	-0.0239165	0	0	0	0.741503	0	-0.426642	-237.002	0	213.464	213.464	-2.13163e-14	12.4428	0	0	0	0	0	0	0	0	0	0	0	0	0	0	0	0	0	0	0	0	0	0	0	0	0	0	0	0	0	0	0	0	0	
1	1	1	555	16.65		300	0	0	0.02775	0.02775	-0.0331715	0	0	0	174.587	174.587	1.11389e-05	0	0	0	6.8961	-5.80765	0	12.7037		300	0.742463	0.018635	0.018635	-0.0239717	0	0	0	0.742463	0	-0.426642	-237.002	0	213.464	213.464	-2.13163e-14	12.4428	0	0	0	0	0	0	0	0	0	0	0	0	0	0	0	0	0	0	0	0	0	0	0	0	0	0	0	0	0	0	0	0	0	
1	1	1	556	16.68		300	0	0	0.0278	0.0278	-0.0332339	0	0	0	174.724	174.724	1.11493e-05	0	0	0	6.91356	-5.80213	0	12.7157		300	0.743421	0.0186778	0.0186778	-0.0240268	0	0	0	0.743421	0	-0.426642	-237.002	0	213.464	213.464	-2.13163e-14	12.4428	0	0	0	0	0	0	0	0	0	0	0	0	0	0	0	0	0	0	0	0	0	0	0	0	0	0	0	0	0	0	0	0	0	
1	1	1	557	16.71		300	0	0	0.02785	0.02785	-0.0332962	0	0	0	174.86	174.86	1.11596e-05	0	0	0	6.93104	-5.79659	0	12.7276		300	0.744378	0.0187207	0.0187207	-0.0240819	0	0	0	0.744378	0	-0.426642	-237.002	0	213.464	213.464	-2.13163e-14	12.4428	0	0	0	0	0	0	0	0	0	0	0	0	0	0	0	0	0	0	0	0	0	0	0	0	0	0	0	0	0	0	0	0	0	
1	1	1	558	16.74		300	0	0	0.0279	0.0279	-0.0333585	0	0	0	174.997	174.997	1.117e-05	0	0	0	6.94853	-5.79102	0	12.7396		300	0.745335	0.0187635	0.0187635	-0.024137	0	0	0	0.745335	0	-0.426642	-237.002	0	213.464	213.464	-2.13163e-14	12.4428	0	0	0	0	0	0	0	0	0	0	0	0	0	0	0	0	0	0	0	0	0	0	0	0	0	0	0	0	0	0	0	0	0	
1	1	1	559	16.77		300	0	0	0.02795	0.02795	-0.0334209	0	0	0	175.134	175.134	1.11803e-05	0	0	0	6.96604	-5.78543	0	12.7515		300	0.74629	0.0188064	0.0188064	-0.0241921	0	0	0	0.74629	0	-0.426642	-237.002	0	213.464	213.464	-2.13163e-14	12.4428	0	0	0	0	0	0	0	0	0	0	0	0	0	0	0	0	0	0	0	0	0	0	0	0	0	0	0	0	0	0	0	0	0	
1	1	1	560	16.8		300	0	0	0.028	0.028	-0.0334832	0	0	0	175.271	175.271	1.11905e-05	0	0	0	6.98356	-5.77981	0	12.7634		300	0.747244	0.0188492	0.0188492	-0.0242472	0	0	0	0.747244	0	-0.426642	-237.002	0	213.464	213.464	-2.13163e-14	12.4428	0	0	0	0	0	0	0	0	0	0	0	0	0	0	0	0	0	0	0	0	0	0	0	0	0	0	0	0	0	0	0	0	0	
1	1	1	561	16.83		300	0	0	0.02805	0.02805	-0.0335455	0	0	0	175.409	175.409	1.12007e-05	0	0	0	7.00109	-5.77416	0	12.7753		300	0.748198	0.018892	0.018892	-0.0243023	0	0	0	0.748198	0	-0.426642	-237.002	0	213.464	213.464	-2.13163e-14	12.4428	0	0	0	0	0	0	0	0	0	0	0	0	0	0	0	0	0	0	0	0	0	0	0	0	0	0	0	0	0	0	0	0	0	
1	1	1	562	16.86		300	0	0	0.0281	0.0281	-0.0336078	0	0	0	175.546	175.546	1.12109e-05	0	0	0	7.01864	-5.76849	0	12.7871		300	0.74915	0.0189349	0.0189349	-0.0243574	0	0	0	0.74915	0	-0.426642	-237.002	0	213.464	213.464	-2.13163e-14	12.4428	0	0	0	0	0	0	0	0	0	0	0	0	0	0	0	0	0	0	0	0	0	0	0	0	0	0	0	0	0	0	0	0	0	
1	1	1	563	16.89		300	0	0	0.02815	0.02815	-0.0336702	0	0	0	175.684	175.684	1.1221e-05	0	0	0	7.0362	-5.76279	0	12.799		300	0.750102	0.0189777	0.0189777	-0.0244125	0	0	0	0.750102	0	-0.426642	-237.002	0	213.464	213.464	-2.13163e-14	12.4428	0	0	0	0	0	0	0	0	0	0	0	0	0	0	0	0	0	0	0	0	0	0	0	0	0	0	0	0	0	0	0	0	0	
1	1	1	564	16.92		300	0	0	0.0282	0.0282	-0.0337325	0	0	0	175.822	175.822	1.12312e-05	0	0	0	7.05378	-5.75707	0	12.8108		300	0.751052	0.0190205	0.0190205	-0.0244675	0	0	0	0.751052	0	-0.426642	-237.002	0	213.464	213.464	-2.13163e-14	12.4428	0	0	0	0	0	0	0	0	0	0	0	0	0	0	0	0	0	0	0	0	0	0	0	0	0	0	0	0	0	0	0	0	0	
1	1	1	565	16.95		300	0	0	0.02825	0.02825	-0.0337948	0	0	0	175.96	175.96	1.12412e-05	0	0	0	7.07137	-5.75132	0	12.8227		300	0.752002	0.0190633	0.0190633	-0.0245226	0	0	0	0.752002	0	-0.426642	-237.002	0	213.464	213.464	-2.13163e-14	12.4428	0	0	0	0	0	0	0	0	0	0	0	0	0	0	0	0	0	0	0	0	0	0	0	0	0	0	0	0	0	0	0	0	0	
1	1	1	566	16.98		300	0	0	0.0283	0.0283	-0.0338571	0	0	0	176.098	176.098	1.12513e-05	0	0	0	7.08897	-5.74554	0	12.8345		300	0.75295	0.0191061	0.0191061	-0.0245776	0	0	0	0.75295	0	-0.426642	-237.002	0	213.464	213.464	-2.13163e-14	12.4428	0	0	0	0	0	0	0	0	0	0	0	0	0	0	0	0	0	0	0	0	0	0	0	0	0	0	0	0	0	0	0	0	0	
1	1	1	567	17.01		300	0	0	0.02835	0.02835	-0.0339194	0	0	0	176.236	176.236	1.12613e-05	0	0	0	7.10659	-5.73974	0	12.8463		300	0.753898	0.0191489	0.0191489	-0.0246327	0	0	0	0.753898	0	-0.426642	-237.002	0	213.464	213.464	-2.13163e-14	12.4428	0	0	0	0	0	0	0	0	0	0	0	0	0	0	0	0	0	0	0	0	0	0	0	0	0	0	0	0	0	0	0	0	0	
1	1	1	568	17.04		300	0	0	0.0284	0.0284	-0.0339817	0	0	0	176.375	176.375	1.12712e-05	0	0	0	7.12422	-5.73392	0	12.8581		300	0.754844	0.0191916	0.0191916	-0.0246877	0	0	0	0.754844	0	-0.426642	-237.002	0	213.464	213.464	-2.13163e-14	12.4428	0	0	0	0	0	0	0	0	0	0	0	0	0	0	0	0	0	0	0	0	0	0	0	0	0	0	0	0	0	0	0	0	0	
1	1	1	569	17.07		300	0	0	0.02845	0.02845	-0.034044	0	0	0	176.513	176.513	1.12812e-05	0	0	0	7.14186	-5.72806	0	12.8699		300	0.75579	0.0192344	0.0192344	-0.0247427	0	0	0	0.75579	0	-0.426642	-237.002	0	213.464	213.464	-2.13163e-14	12.4428	0	0	0	0	0	0	0	0	0	0	0	0	0	0	0	0	0	0	0	0	0	0	0	0	0	0	0	0	0	0	0	0	0	
1	1	1	570	17.1		300	0	0	0.0285	0.0285	-0.0341063	0	0	0	176.652	176.652	1.12911e-05	0	0	0	7.15952	-5.72218	0	12.8817		300	0.756735	0.0192771	0.0192771	-0.0247977	0	0	0	0.756735	0	-0.426642	-237.002	0	213.464	213.464	-2.13163e-14	12.4428	0	0	0	0	0	0	0	0	0	0	0	0	0	0	0	0	0	0	0	0	0	0	0	0	0	0	0	0	0	0	0	0	0	
1	1	1	571	17.13		300	0	0	0.02855	0.02855	-0.0341686	0	0	0	176.791	176.791	1.13009e-05	0	0	0	7.17719	-5.71628	0	12.8935		300	0.757678	0.0193199	0.0193199	-0.0248527	0	0	0	0.757678	0	-0.426642	-237.002	0	213.464	213.464	-2.13163e-14	12.4428	0	0	0	0	0	0	0	0	0	0	0	0	0	0	0	0	0	0	0	0	0	0	0	0	0	0	0	0	0	0	0	0	0	
1	1	1	572	17.16		300	0	0	0.0286	0.0286	-0.0342309	0	0	0	176.93	176.93	1.13108e-05	0	0	0	7.19488	-5.71035	0	12.9052		300	0.758621	0.0193626	0.0193626	-0.0249076	0	0	0	0.758621	0	-0.426642	-237.002	0	213.464	213.464	-2.13163e-14	12.4428	0	0	0	0	0	0	0	0	0	0	0	0	0	0	0	0	0	0	0	0	0	0	0	0	0	0	0	0	0	0	0	0	0	
1	1	1	573	17.19		300	0	0	0.02865	0.02865	-0.0342932	0	0	0	177.069	177.069	1.13206e-05	0	0	0	7.21258	-5.70439	0	12.917		300	0.759563	0.0194054	0.0194054	-0.0249626	0	0	0	0.759563	0	-0.426642	-237.002	0	213.464	213.464	-2.13163e-14	12.4428	0	0	0	0	0	0	0	0	0	0	0	0	0	0	0	0	0	0	0	0	0	0	0	0	0	0	0	0	0	0	0	0	0	
1	1	1	574	17.22		300	0	0	0.0287	0.0287	-0.0343555	0	0	0	177.209	177.209	1.13303e-05	0	0	0	7.23029	-5.69841	0	12.9287		300	0.760503	0.0194481	0.0194481	-0.0250175	0	0	0	0.760503	0	-0.426642	-237.002	0	213.464	213.464	-2.13163e-14	12.4428	0	0	0	0	0	0	0	0	0	0	0	0	0	0	0	0	0	0	0	0	0	0	0	0	0	0	0	0	0	0	0	0	0	
1	1	1	575	17.25		300	0	0	0.02875	0.02875	-0.0344178	0	0	0	177.348	177.348	1.134e-05	0	0	0	7.24802	-5.6924	0	12.9404		300	0.761443	0.0194908	0.0194908	-0.0250725	0	0	0	0.761443	0	-0.426642	-237.002	0	213.464	213.464	-2.13163e-14	12.4428	0	0	0	0	0	0	0	0	0	0	0	0	0	0	0	0	0	0	0	0	0	0	0	0	0	0	0	0	0	0	0	0	0	
1	1	1	576	17.28		300	0	0	0.0288	0.0288	-0.0344801	0	0	0	177.488	177.488	1.13497e-05	0	0	0	7.26576	-5.68636	0	12.9521		300	0.762382	0.0195335	0.0195335	-0.0251274	0	0	0	0.762382	0	-0.426642	-237.002	0	213.464	213.464	-2.13163e-14	12.4428	0	0	0	0	0	0	0	0	0	0	0	0	0	0	0	0	0	0	0	0	0	0	0	0	0	0	0	0	0	0	0	0	0	
1	1	1	577	17.31		300	0	0	0.02885	0.02885	-0.0345424	0	0	0	177.628	177.628	1.13594e-05	0	0	0	7.28352	-5.6803	0	12.9638		300	0.76332	0.0195762	0.0195762	-0.0251823	0	0	0	0.76332	0	-0.426642	-237.002	0	213.464	213.464	-2.13163e-14	12.4428	0	0	0	0	0	0	0	0	0	0	0	0	0	0	0	0	0	0	0	0	0	0	0	0	0	0	0	0	0	0	0	0	0	
1	1	1	578	17.34		300	0	0	0.0289	0.0289	-0.0346047	0	0	0	177.768	177.768	1.1369e-05	0	0	0	7.30129	-5.67421	0	12.9755		300	0.764257	0.0196189	0.0196189	-0.0252372	0	0	0	0.764257	0	-0.426642	-237.002	0	213.464	213.464	-2.13163e-14	12.4428	0	0	0	0	0	0	0	0	0	0	0	0	0	0	0	0	0	0	0	0	0	0	0	0	0	0	0	0	0	0	0	0	0	
1	1	1	579	17.37		300	0	0	0.02895	0.02895	-0.034667	0	0	0	177.908	177.908	1.13786e-05	0	0	0	7.31907	-5.6681	0	12.9872		300	0.765192	0.0196615	0.0196615	-0.0252921	0	0	0	0.765192	0	-0.426642	-237.002	0	213.464	213.464	-2.13163e-14	12.4428	0	0	0	0	0	0	0	0	0	0	0	0	0	0	0	0	0	0	0	0	0	0	0	0	0	0	0	0	0	0	0	0	0	
1	1	1	580	17.4		300	0	0	0.029	0.029	-0.0347293	0	0	0	178.049	178.049	1.13881e-05	0	0	0	7.33687	-5.66196	0	12.9988		300	0.766127	0.0197042	0.0197042	-0.025347	0	0	0	0.766127	0	-0.426642	-237.002	0	213.464	213.464	-2.13163e-14	12.4428	0	0	0	0	0	0	0	0	0	0	0	0	0	0	0	0	0	0	0	0	0	0	0	0	0	0	0	0	0	0	0	0	0	
1	1	1	581	17.43		300	0	0	0.02905	0.02905	-0.0347915	0	0	0	178.189	178.189	1.13976e-05	0	0	0	7.35468	-5.65579	0	13.0105		300	0.767061	0.0197469	0.0197469	-0.0254018	0	0	0	0.767061	0	-0.426642	-237.002	0	213.464	213.464	-2.13163e-14	12.4428	0	0	0	0	0	0	0	0	0	0	0	0	0	0	0	0	0	0	0	0	0	0	0	0	0	0	0	0	0	0	0	0	0	
1	1	1	582	17.46		300	0	0	0.0291	0.0291	-0.0348538	0	0	0	178.33	178.33	1.14071e-05	0	0	0	7.37251	-5.6496	0	13.0221		300	0.767994	0.0197895	0.0197895	-0.0254567	0	0	0	0.767994	0	-0.426642	-237.002	0	213.464	213.464	-2.13163e-14	12.4428	0	0	0	0	0	0	0	0	0	0	0	0	0	0	0	0	0	0	0	0	0	0	0	0	0	0	0	0	0	0	0	0	0	
1	1	1	583	17.49		300	0	0	0.02915	0.02915	-0.0349161	0	0	0	178.471	178.471	1.14166e-05	0	0	0	7.39035	-5.64338	0	13.0337		300	0.768926	0.0198322	0.0198322	-0.0255115	0	0	0	0.768926	0	-0.426642	-237.002	0	213.464	213.464	-2.13163e-14	12.4428	0	0	0	0	0	0	0	0	0	0	0	0	0	0	0	0	0	0	0	0	0	0	0	0	0	0	0	0	0	0	0	0	0	
1	1	1	584	17.52		300	0	0	0.0292	0.0292	-0.0349784	0	0	0	178.613	178.613	1.1426e-05	0	0	0	7.4082	-5.63713	0	13.0453		300	0.769857	0.0198748	0.0198748	-0.0255664	0	0	0	0.769857	0	-0.426642	-237.002	0	213.464	213.464	-2.13163e-14	12.4428	0	0	0	0	0	0	0	0	0	0	0	0	0	0	0	0	0	0	0	0	0	0	0	0	0	0	0	0	0	0	0	0	0	
1	1	1	585	17.55		300	0	0	0.02925	0.02925	-0.0350406	0	0	0	178.754	178.754	1.14353e-05	0	0	0	7.42607	-5.63086	0	13.0569		300	0.770787	0.0199174	0.0199174	-0.0256212	0	0	0	0.770787	0	-0.426642	-237.002	0	213.464	213.464	-2.13163e-14	12.4428	0	0	0	0	0	0	0	0	0	0	0	0	0	0	0	0	0	0	0	0	0	0	0	0	0	0	0	0	0	0	0	0	0	
1	1	1	586	17.58		300	0	0	0.0293	0.0293	-0.0351029	0	0	0	178.896	178.896	1.14447e-05	0	0	0	7.44395	-5.62456	0	13.0685		300	0.771716	0.01996	0.01996	-0.025676	0	0	0	0.771716	0	-0.426642	-237.002	0	213.464	213.464	-2.13163e-14	12.4428	0	0	0	0	0	0	0	0	0	0	0	0	0	0	0	0	0	0	0	0	0	0	0	0	0	0	0	0	0	0	0	0	0	
1	1	1	587	17.61		300	0	0	0.02935	0.02935	-0.0351652	0	0	0	179.037	179.037	1.1454e-05	0	0	0	7.46185	-5.61824	0	13.0801		300	0.772644	0.0200026	0.0200026	-0.0257308	0	0	0	0.772644	0	-0.426642	-237.002	0	213.464	213.464	-2.13163e-14	12.4428	0	0	0	0	0	0	0	0	0	0	0	0	0	0	0	0	0	0	0	0	0	0	0	0	0	0	0	0	0	0	0	0	0	
1	1	1	588	17.64		300	0	0	0.0294	0.0294	-0.0352274	0	0	0	179.179	179.179	1.14632e-05	0	0	0	7.47976	-5.61188	0	13.0916		300	0.773571	0.0200452	0.0200452	-0.0257855	0	0	0	0.773571	0	-0.426642	-237.002	0	213.464	213.464	-2.13163e-14	12.4428	0	0	0	0	0	0	0	0	0	0	0	0	0	0	0	0	0	0	0	0	0	0	0	0	0	0	0	0	0	0	0	0	0	
1	1	1	589	17.67		300	0	0	0.02945	0.02945	-0.0352897	0	0	0	179.322	179.322	1.14725e-05	0	0	0	7.49768	-5.60551	0	13.1032		300	0.774497	0.0200878	0.0200878	-0.0258403	0	0	0	0.774497	0	-0.426642	-237.002	0	213.464	213.464	-2.13163e-14	12.4428	0	0	0	0	0	0	0	0	0	0	0	0	0	0	0	0	0	0	0	0	0	0	0	0	0	0	0	0	0	0	0	0	0	
1	1	1	590	17.7		300	0	0	0.0295	0.0295	-0.0353519	0	0	0	179.464	179.464	1.14817e-05	0	0	0	7.51562	-5.5991	0	13.1147		300	0.775422	0.0201303	0.0201303	-0.0258951	0	0	0	0.775422	0	-0.426642	-237.002	0	213.464	213.464	-2.13163e-14	12.4428	0	0	0	0	0	0	0	0	0	0	0	0	0	0	0	0	0	0	0	0	0	0	0	0	0	0	0	0	0	0	0	0	0	
1	1	1	591	17.73		300	0	0	0.02955	0.02955	-0.0354142	0	0	0	179.607	179.607	1.14908e-05	0	0	0	7.53358	-5.59267	0	13.1262		300	0.776346	0.0201729	0.0201729	-0.0259498	0	0	0	0.776346	0	-0.426642	-237.002	0	213.464	213.464	-2.13163e-14	12.4428	0	0	0	0	0	0	0	0	0	0	0	0	0	0	0	0	0	0	0	0	0	0	0	0	0	0	0	0	0	0	0	0	0	
1	1	1	592	17.76		300	0	0	0.0296	0.0296	-0.0354764	0	0	0	179.749	179.749	1.14999e-05	0	0	0	7.55155	-5.58621	0	13.1378		300	0.777269	0.0202154	0.0202154	-0.0260045	0	0	0	0.777269	0	-0.426642	-237.002	0	213.464	213.464	-2.13163e-14	12.4428	0	0	0	0	0	0	0	0	0	0	0	0	0	0	0	0	0	0	0	0	0	0	0	0	0	0	0	0	0	0	0	0	0	
1	1	1	593	17.79		300	0	0	0.02965	0.02965	-0.0355387	0	0	0	179.892	179.892	1.1509e-05	0	0	0	7.56953	-5.57973	0	13.1493		300	0.778191	0.020258	0.020258	-0.0260592	0	0	0	0.778191	0	-0.426642	-237.002	0	213.464	213.464	-2.13163e-14	12.4428	0	0	0	0	0	0	0	0	0	0	0	0	0	0	0	0	0	0	0	0	0	0	0	0	0	0	0	0	0	0	0	0	0	
1	1	1	594	17.82		300	0	0	0.0297	0.0297	-0.0356009	0	0	0	180.036	180.036	1.15181e-05	0	0	0	7.58752	-5.57322	0	13.1607		300	0.779112	0.0203005	0.0203005	-0.0261139	0	0	0	0.779112	0	-0.426642	-237.002	0	213.464	213.464	-2.13163e-14	12.4428	0	0	0	0	0	0	0	0	0	0	0	0	0	0	0	0	0	0	0	0	0	0	0	0	0	0	0	0	0	0	0	0	0	
1	1	1	595	17.85		300	0	0	0.02975	0.02975	-0.0356631	0	0	0	180.179	180.179	1.15271e-05	0	0	0	7.60553	-5.56668	0	13.1722		300	0.780032	0.020343	0.020343	-0.0261686	0	0	0	0.780032	0	-0.426642	-237.002	0	213.464	213.464	-2.13163e-14	12.4428	0	0	0	0	0	0	0	0	0	0	0	0	0	0	0	0	0	0	0	0	0	0	0	0	0	0	0	0	0	0	0	0	0	
1	1	1	596	17.88		300	0	0	0.0298	0.0298	-0.0357254	0	0	0	180.323	180.323	1.15361e-05	0	0	0	7.62356	-5.56011	0	13.1837		300	0.780952	0.0203855	0.0203855	-0.0262233	0	0	0	0.780952	0	-0.426642	-237.002	0	213.464	213.464	-2.13163e-14	12.4428	0	0	0	0	0	0	0	0	0	0	0	0	0	0	0	0	0	0	0	0	0	0	0	0	0	0	0	0	0	0	0	0	0	
1	1	1	597	17.91		300	0	0	0.02985	0.02985	-0.0357876	0	0	0	180.467	180.467	1.1545e-05	0	0	0	7.6416	-5.55352	0	13.1951		300	0.78187	0.020428	0.020428	-0.0262779	0	0	0	0.78187	0	-0.426642	-237.002	0	213.464	213.464	-2.13163e-14	12.4428	0	0	0	0	0	0	0	0	0	0	0	0	0	0	0	0	0	0	0	0	0	0	0	0	0	0	0	0	0	0	0	0	0	
1	1	1	598	17.94		300	0	0	0.0299	0.0299	-0.0358498	0	0	0	180.611	180.611	1.15539e-05	0	0	0	7.65965	-5.5469	0	13.2066		300	0.782787	0.0204705	0.0204705	-0.0263325	0	0	0	0.782787	0	-0.426642	-237.002	0	213.464	213.464	-2.13163e-14	12.4428	0	0	0	0	0	0	0	0	0	0	0	0	0	0	0	0	0	0	0	0	0	0	0	0	0	0	0	0	0	0	0	0	0	
1	1	1	599	17.97		300	0	0	0.02995	0.02995	-0.0359121	0	0	0	180.755	180.755	1.15628e-05	0	0	0	7.67772	-5.54026	0	13.218		300	0.783703	0.0205129	0.0205129	-0.0263872	0	0	0	0.783703	0	-0.426642	-237.002	0	213.464	213.464	-2.13163e-14	12.4428	0	0	0	0	0	0	0	0	0	0	0	0	0	0	0	0	0	0	0	0	0	0	0	0	0	0	0	0	0	0	0	0	0	
1	1	1	600	18		300	0	0	0.03	0.03	-0.0359743	0	0	0	180.9	180.9	1.15716e-05	0	0	0	7.6958	-5.53359	0	13.2294		300	0.784618	0.0205554	0.0205554	-0.0264418	0	0	0	0.784618	0	-0.426642	-237.002	0	213.464	213.464	-2.13163e-14	12.4428	0	0	0	0	0	0	0	0	0	0	0	0	0	0	0	0	0	0	0	0	0	0	0	0	0	0	0	0	0	0	0	0	0	
1	1	1	601	18.03		300	0	0	0.03005	0.03005	-0.0360365	0	0	0	181.044	181.044	1.15804e-05	0	0	0	7.7139	-5.52689	0	13.2408		300	0.785532	0.0205978	0.0205978	-0.0264964	0	0	0	0.785532	0	-0.426642	-237.002	0	213.464	213.464	-2.13163e-14	12.4428	0	0	0	0	0	0	0	0	0	0	0	0	0	0	0	0	0	0	0	0	0	0	0	0	0	0	0	0	0	0	0	0	0	
1	1	1	602	18.06		300	0	0	0.0301	0.0301	-0.0360987	0	0	0	181.189	181.189	1.15892e-05	0	0	0	7.73201	-5.52016	0	13.2522		300	0.786445	0.0206402	0.0206402	-0.0265509	0	0	0	0.786445	0	-0.426642	-237.002	0	213.464	213.464	-2.13163e-14	12.4428	0	0	0	0	0	0	0	0	0	0	0	0	0	0	0	0	0	0	0	0	0	0	0	0	0	0	0	0	0	0	0	0	0	
1	1	1	603	18.09		300	0	0	0.03015	0.03015	-0.0361609	0	0	0	181.335	181.335	1.15979e-05	0	0	0	7.75014	-5.51341	0	13.2635		300	0.787357	0.0206827	0.0206827	-0.0266055	0	0	0	0.787357	0	-0.426642	-237.002	0	213.464	213.464	-2.13163e-14	12.4428	0	0	0	0	0	0	0	0	0	0	0	0	0	0	0	0	0	0	0	0	0	0	0	0	0	0	0	0	0	0	0	0	0	
1	1	1	604	18.12		300	0	0	0.0302	0.0302	-0.0362231	0	0	0	181.48	181.48	1.16066e-05	0	0	0	7.76828	-5.50663	0	13.2749		300	0.788268	0.0207251	0.0207251	-0.02666	0	0	0	0.788268	0	-0.426642	-237.002	0	213.464	213.464	-2.13163e-14	12.4428	0	0	0	0	0	0	0	0	0	0	0	0	0	0	0	0	0	0	0	0	0	0	0	0	0	0	0	0	0	0	0	0	0	
1	1	1	605	18.15		300	0	0	0.03025	0.03025	-0.0362853	0	0	0	181.626	181.626	1.16153e-05	0	0	0	7.78643	-5.49982	0	13.2863		300	0.789178	0.0207675	0.0207675	-0.0267146	0	0	0	0.789178	0	-0.426642	-237.002	0	213.464	213.464	-2.13163e-14	12.4428	0	0	0	0	0	0	0	0	0	0	0	0	0	0	0	0	0	0	0	0	0	0	0	0	0	0	0	0	0	0	0	0	0	
1	1	1	606	18.18		300	0	0	0.0303	0.0303	-0.0363475	0	0	0	181.772	181.772	1.16239e-05	0	0	0	7.8046	-5.49299	0	13.2976		300	0.790088	0.0208098	0.0208098	-0.0267691	0	0	0	0.790088	0	-0.426642	-237.002	0	213.464	213.464	-2.13163e-14	12.4428	0	0	0	0	0	0	0	0	0	0	0	0	0	0	0	0	0	0	0	0	0	0	0	0	0	0	0	0	0	0	0	0	0	
1	1	1	607	18.21		300	0	0	0.03035	0.03035	-0.0364097	0	0	0	181.918	181.918	1.16325e-05	0	0	0	7.82279	-5.48613	0	13.3089		300	0.790996	0.0208522	0.0208522	-0.0268236	0	0	0	0.790996	0	-0.426642	-237.002	0	213.464	213.464	-2.13163e-14	12.4428	0	0	0	0	0	0	0	0	0	0	0	0	0	0	0	0	0	0	0	0	0	0	0	0	0	0	0	0	0	0	0	0	0	
1	1	1	608	18.24		300	0	0	0.0304	0.0304	-0.0364719	0	0	0	182.064	182.064	1.16411e-05	0	0	0	7.84099	-5.47924	0	13.3202		300	0.791903	0.0208946	0.0208946	-0.026878	0	0	0	0.791903	0	-0.426642	-237.002	0	213.464	213.464	-2.13163e-14	12.4428	0	0	0	0	0	0	0	0	0	0	0	0	0	0	0	0	0	0	0	0	0	0	0	0	0	0	0	0	0	0	0	0	0	
1	1	1	609	18.27		300	0	0	0.03045	0.03045	-0.0365341	0	0	0	182.211	182.211	1.16496e-05	0	0	0	7.8592	-5.47232	0	13.3315		300	0.792809	0.0209369	0.0209369	-0.0269325	0	0	0	0.792809	0	-0.426642	-237.002	0	213.464	213.464	-2.13163e-14	12.4428	0	0	0	0	0	0	0	0	0	0	0	0	0	0	0	0	0	0	0	0	0	0	0	0	0	0	0	0	0	0	0	0	0	
1	1	1	610	18.3		300	0	0	0.0305	0.0305	-0.0365963	0	0	0	182.358	182.358	1.16581e-05	0	0	0	7.87743	-5.46538	0	13.3428		300	0.793714	0.0209792	0.0209792	-0.026987	0	0	0	0.793714	0	-0.426642	-237.002	0	213.464	213.464	-2.13163e-14	12.4428	0	0	0	0	0	0	0	0	0	0	0	0	0	0	0	0	0	0	0	0	0	0	0	0	0	0	0	0	0	0	0	0	0	
1	1	1	611	18.33		300	0	0	0.03055	0.03055	-0.0366585	0	0	0	182.505	182.505	1.16665e-05	0	0	0	7.89567	-5.45841	0	13.3541		300	0.794618	0.0210216	0.0210216	-0.0270414	0	0	0	0.794618	0	-0.426642	-237.002	0	213.464	213.464	-2.13163e-14	12.4428	0	0	0	0	0	0	0	0	0	0	0	0	0	0	0	0	0	0	0	0	0	0	0	0	0	0	0	0	0	0	0	0	0	
1	1	1	612	18.36		300	0	0	0.0306	0.0306	-0.0367207	0	0	0	182.652	182.652	1.16749e-05	0	0	0	7.91393	-5.45141	0	13.3653		300	0.795521	0.0210639	0.0210639	-0.0270958	0	0	0	0.795521	0	-0.426642	-237.002	0	213.464	213.464	-2.13163e-14	12.4428	0	0	0	0	0	0	0	0	0	0	0	0	0	0	0	0	0	0	0	0	0	0	0	0	0	0	0	0	0	0	0	0	0	
1	1	1	613	18.39		300	0	0	0.03065	0.03065	-0.0367828	0	0	0	182.8	182.8	1.16833e-05	0	0	0	7.9322	-5.44438	0	13.3766		300	0.796423	0.0211062	0.0211062	-0.0271502	0	0	0	0.796423	0	-0.426642	-237.002	0	213.464	213.464	-2.13163e-14	12.4428	0	0	0	0	0	0	0	0	0	0	0	0	0	0	0	0	0	0	0	0	0	0	0	0	0	0	0	0	0	0	0	0	0	
1	1	1	614	18.42		300	0	0	0.0307	0.0307	-0.036845	0	0	0	182.948	182.948	1.16917e-05	0	0	0	7.95049	-5.43733	0	13.3878		300	0.797324	0.0211484	0.0211484	-0.0272046	0	0	0	0.797324	0	-0.426642	-237.002	0	213.464	213.464	-2.13163e-14	12.4428	0	0	0	0	0	0	0	0	0	0	0	0	0	0	0	0	0	0	0	0	0	0	0	0	0	0	0	0	0	0	0	0	0	
1	1	1	615	18.45		300	0	0	0.03075	0.03075	-0.0369072	0	0	0	183.096	183.096	1.17e-05	0	0	0	7.96879	-5.43025	0	13.399		300	0.798224	0.0211907	0.0211907	-0.0272589	0	0	0	0.798224	0	-0.426642	-237.002	0	213.464	213.464	-2.13163e-14	12.4428	0	0	0	0	0	0	0	0	0	0	0	0	0	0	0	0	0	0	0	0	0	0	0	0	0	0	0	0	0	0	0	0	0	
1	1	1	616	18.48		300	0	0	0.0308	0.0308	-0.0369693	0	0	0	183.244	183.244	1.17082e-05	0	0	0	7.98711	-5.42314	0	13.4103		300	0.799123	0.021233	0.021233	-0.0273133	0	0	0	0.799123	0	-0.426642	-237.002	0	213.464	213.464	-2.13163e-14	12.4428	0	0	0	0	0	0	0	0	0	0	0	0	0	0	0	0	0	0	0	0	0	0	0	0	0	0	0	0	0	0	0	0	0	
1	1	1	617	18.51		300	0	0	0.03085	0.03085	-0.0370315	0	0	0	183.393	183.393	1.17165e-05	0	0	0	8.00544	-5.41601	0	13.4215		300	0.800021	0.0212752	0.0212752	-0.0273676	0	0	0	0.800021	0	-0.426642	-237.002	0	213.464	213.464	-2.13163e-14	12.4428	0	0	0	0	0	0	0	0	0	0	0	0	0	0	0	0	0	0	0	0	0	0	0	0	0	0	0	0	0	0	0	0	0	
1	1	1	618	18.54		300	0	0	0.0309	0.0309	-0.0370937	0	0	0	183.542	183.542	1.17247e-05	0	0	0	8.02379	-5.40884	0	13.4326		300	0.800918	0.0213174	0.0213174	-0.0274219	0	0	0	0.800918	0	-0.426642	-237.002	0	213.464	213.464	-2.13163e-14	12.4428	0	0	0	0	0	0	0	0	0	0	0	0	0	0	0	0	0	0	0	0	0	0	0	0	0	0	0	0	0	0	0	0	0	
1	1	1	619	18.57		300	0	0	0.03095	0.03095	-0.0371558	0	0	0	183.691	183.691	1.17328e-05	0	0	0	8.04215	-5.40165	0	13.4438		300	0.801813	0.0213596	0.0213596	-0.0274762	0	0	0	0.801813	0	-0.426642	-237.002	0	213.464	213.464	-2.13163e-14	12.4428	0	0	0	0	0	0	0	0	0	0	0	0	0	0	0	0	0	0	0	0	0	0	0	0	0	0	0	0	0	0	0	0	0	
1	1	1	620	18.6		300	0	0	0.031	0.031	-0.037218	0	0	0	183.841	183.841	1.1741e-05	0	0	0	8.06053	-5.39444	0	13.455		300	0.802708	0.0214018	0.0214018	-0.0275305	0	0	0	0.802708	0	-0.426642	-237.002	0	213.464	213.464	-2.13163e-14	12.4428	0	0	0	0	0	0	0	0	0	0	0	0	0	0	0	0	0	0	0	0	0	0	0	0	0	0	0	0	0	0	0	0	0	
1	1	1	621	18.63		300	0	0	0.03105	0.03105	-0.0372801	0	0	0	183.99	183.99	1.17491e-05	0	0	0	8.07892	-5.38719	0	13.4661		300	0.803602	0.021444	0.021444	-0.0275847	0	0	0	0.803602	0	-0.426642	-237.002	0	213.464	213.464	-2.13163e-14	12.4428	0	0	0	0	0	0	0	0	0	0	0	0	0	0	0	0	0	0	0	0	0	0	0	0	0	0	0	0	0	0	0	0	0	
1	1	1	622	18.66		300	0	0	0.0311	0.0311	-0.0373422	0	0	0	184.141	184.141	1.17571e-05	0	0	0	8.09733	-5.37992	0	13.4772		300	0.804495	0.0214862	0.0214862	-0.027639	0	0	0	0.804495	0	-0.426642	-237.002	0	213.464	213.464	-2.13163e-14	12.4428	0	0	0	0	0	0	0	0	0	0	0	0	0	0	0	0	0	0	0	0	0	0	0	0	0	0	0	0	0	0	0	0	0	
1	1	1	623	18.69		300	0	0	0.03115	0.03115	-0.0374044	0	0	0	184.291	184.291	1.17651e-05	0	0	0	8.11575	-5.37261	0	13.4884		300	0.805387	0.0215283	0.0215283	-0.0276932	0	0	0	0.805387	0	-0.426642	-237.002	0	213.464	213.464	-2.13163e-14	12.4428	0	0	0	0	0	0	0	0	0	0	0	0	0	0	0	0	0	0	0	0	0	0	0	0	0	0	0	0	0	0	0	0	0	
1	1	1	624	18.72		300	0	0	0.0312	0.0312	-0.0374665	0	0	0	184.441	184.441	1.17731e-05	0	0	0	8.13418	-5.36528	0	13.4995		300	0.806277	0.0215705	0.0215705	-0.0277474	0	0	0	0.806277	0	-0.426642	-237.002	0	213.464	213.464	-2.13163e-14	12.4428	0	0	0	0	0	0	0	0	0	0	0	0	0	0	0	0	0	0	0	0	0	0	0	0	0	0	0	0	0	0	0	0	0	
1	1	1	625	18.75		300	0	0	0.03125	0.03125	-0.0375286	0	0	0	184.592	184.592	1.17811e-05	0	0	0	8.15264	-5.35793	0	13.5106		300	0.807167	0.0216126	0.0216126	-0.0278016	0	0	0	0.807167	0	-0.426642	-237.002	0	213.464	213.464	-2.13163e-14	12.4428	0	0	0	0	0	0	0	0	0	0	0	0	0	0	0	0	0	0	0	0	0	0	0	0	0	0	0	0	0	0	0	0	0	
1	1	1	626	18.78		300	0	0	0.0313	0.0313	-0.0375908	0	0	0	184.743	184.743	1.1789e-05	0	0	0	8.1711	-5.35054	0	13.5216		300	0.808056	0.0216547	0.0216547	-0.0278557	0	0	0	0.808056	0	-0.426642	-237.002	0	213.464	213.464	-2.13163e-14	12.4428	0	0	0	0	0	0	0	0	0	0	0	0	0	0	0	0	0	0	0	0	0	0	0	0	0	0	0	0	0	0	0	0	0	
1	1	1	627	18.81		300	0	0	0.03135	0.03135	-0.0376529	0	0	0	184.895	184.895	1.17969e-05	0	0	0	8.18958	-5.34313	0	13.5327		300	0.808943	0.0216968	0.0216968	-0.0279098	0	0	0	0.808943	0	-0.426642	-237.002	0	213.464	213.464	-2.13163e-14	12.4428	0	0	0	0	0	0	0	0	0	0	0	0	0	0	0	0	0	0	0	0	0	0	0	0	0	0	0	0	0	0	0	0	0	
1	1	1	628	18.84		300	0	0	0.0314	0.0314	-0.037715	0	0	0	185.047	185.047	1.18047e-05	0	0	0	8.20808	-5.33568	0	13.5438		300	0.80983	0.0217389	0.0217389	-0.027964	0	0	0	0.80983	0	-0.426642	-237.002	0	213.464	213.464	-2.13163e-14	12.4428	0	0	0	0	0	0	0	0	0	0	0	0	0	0	0	0	0	0	0	0	0	0	0	0	0	0	0	0	0	0	0	0	0	
1	1	1	629	18.87		300	0	0	0.03145	0.03145	-0.0377771	0	0	0	185.199	185.199	1.18125e-05	0	0	0	8.22659	-5.32821	0	13.5548		300	0.810716	0.0217809	0.0217809	-0.0280181	0	0	0	0.810716	0	-0.426642	-237.002	0	213.464	213.464	-2.13163e-14	12.4428	0	0	0	0	0	0	0	0	0	0	0	0	0	0	0	0	0	0	0	0	0	0	0	0	0	0	0	0	0	0	0	0	0	
1	1	1	630	18.9		300	0	0	0.0315	0.0315	-0.0378392	0	0	0	185.351	185.351	1.18203e-05	0	0	0	8.24512	-5.32072	0	13.5658		300	0.8116	0.021823	0.021823	-0.0280721	0	0	0	0.8116	0	-0.426642	-237.002	0	213.464	213.464	-2.13163e-14	12.4428	0	0	0	0	0	0	0	0	0	0	0	0	0	0	0	0	0	0	0	0	0	0	0	0	0	0	0	0	0	0	0	0	0	
1	1	1	631	18.93		300	0	0	0.03155	0.03155	-0.0379013	0	0	0	185.504	185.504	1.1828e-05	0	0	0	8.26366	-5.31319	0	13.5769		300	0.812483	0.021865	0.021865	-0.0281262	0	0	0	0.812483	0	-0.426642	-237.002	0	213.464	213.464	-2.13163e-14	12.4428	0	0	0	0	0	0	0	0	0	0	0	0	0	0	0	0	0	0	0	0	0	0	0	0	0	0	0	0	0	0	0	0	0	
1	1	1	632	18.96		300	0	0	0.0316	0.0316	-0.0379634	0	0	0	185.657	185.657	1.18357e-05	0	0	0	8.28222	-5.30563	0	13.5879		300	0.813366	0.021907	0.021907	-0.0281802	0	0	0	0.813366	0	-0.426642	-237.002	0	213.464	213.464	-2.13163e-14	12.4428	0	0	0	0	0	0	0	0	0	0	0	0	0	0	0	0	0	0	0	0	0	0	0	0	0	0	0	0	0	0	0	0	0	
1	1	1	633	18.99		300	0	0	0.03165	0.03165	-0.0380255	0	0	0	185.81	185.81	1.18434e-05	0	0	0	8.3008	-5.29805	0	13.5988		300	0.814247	0.021949	0.021949	-0.0282343	0	0	0	0.814247	0	-0.426642	-237.002	0	213.464	213.464	-2.13163e-14	12.4428	0	0	0	0	0	0	0	0	0	0	0	0	0	0	0	0	0	0	0	0	0	0	0	0	0	0	0	0	0	0	0	0	0	
1	1	1	634	19.02		300	0	0	0.0317	0.0317	-0.0380876	0	0	0	185.963	185.963	1.1851e-05	0	0	0	8.31938	-5.29044	0	13.6098		300	0.815128	0.021991	0.021991	-0.0282883	0	0	0	0.815128	0	-0.426642	-237.002	0	213.464	213.464	-2.13163e-14	12.4428	0	0	0	0	0	0	0	0	0	0	0	0	0	0	0	0	0	0	0	0	0	0	0	0	0	0	0	0	0	0	0	0	0	
1	1	1	635	19.05		300	0	0	0.03175	0.03175	-0.0381497	0	0	0	186.117	186.117	1.18586e-05	0	0	0	8.33799	-5.2828	0	13.6208		300	0.816007	0.022033	0.022033	-0.0283422	0	0	0	0.816007	0	-0.426642	-237.002	0	213.464	213.464	-2.13163e-14	12.4428	0	0	0	0	0	0	0	0	0	0	0	0	0	0	0	0	0	0	0	0	0	0	0	0	0	0	0	0	0	0	0	0	0	
1	1	1	636	19.08		300	0	0	0.0318	0.0318	-0.0382118	0	0	0	186.271	186.271	1.18661e-05	0	0	0	8.35661	-5.27513	0	13.6317		300	0.816885	0.0220749	0.0220749	-0.0283962	0	0	0	0.816885	0	-0.426642	-237.002	0	213.464	213.464	-2.13163e-14	12.4428	0	0	0	0	0	0	0	0	0	0	0	0	0	0	0	0	0	0	0	0	0	0	0	0	0	0	0	0	0	0	0	0	0	
1	1	1	637	19.11		300	0	0	0.03185	0.03185	-0.0382739	0	0	0	186.426	186.426	1.18736e-05	0	0	0	8.37524	-5.26743	0	13.6427		300	0.817762	0.0221168	0.0221168	-0.0284501	0	0	0	0.817762	0	-0.426642	-237.002	0	213.464	213.464	-2.13163e-14	12.4428	0	0	0	0	0	0	0	0	0	0	0	0	0	0	0	0	0	0	0	0	0	0	0	0	0	0	0	0	0	0	0	0	0	
1	1	1	638	19.14		300	0	0	0.0319	0.0319	-0.0383359	0	0	0	186.581	186.581	1.18811e-05	0	0	0	8.39389	-5.2597	0	13.6536		300	0.818638	0.0221588	0.0221588	-0.028504	0	0	0	0.818638	0	-0.426642	-237.002	0	213.464	213.464	-2.13163e-14	12.4428	0	0	0	0	0	0	0	0	0	0	0	0	0	0	0	0	0	0	0	0	0	0	0	0	0	0	0	0	0	0	0	0	0	
1	1	1	639	19.17		300	0	0	0.03195	0.03195	-0.038398	0	0	0	186.736	186.736	1.18886e-05	0	0	0	8.41256	-5.25195	0	13.6645		300	0.819513	0.0222007	0.0222007	-0.0285579	0	0	0	0.819513	0	-0.426642	-237.002	0	213.464	213.464	-2.13163e-14	12.4428	0	0	0	0	0	0	0	0	0	0	0	0	0	0	0	0	0	0	0	0	0	0	0	0	0	0	0	0	0	0	0	0	0	
1	1	1	640	19.2		300	0	0	0.032	0.032	-0.03846	0	0	0	186.891	186.891	1.1896e-05	0	0	0	8.43124	-5.24417	0	13.6754		300	0.820387	0.0222425	0.0222425	-0.0286118	0	0	0	0.820387	0	-0.426642	-237.002	0	213.464	213.464	-2.13163e-14	12.4428	0	0	0	0	0	0	0	0	0	0	0	0	0	0	0	0	0	0	0	0	0	0	0	0	0	0	0	0	0	0	0	0	0	
1	1	1	641	19.23		300	0	0	0.03205	0.03205	-0.0385221	0	0	0	187.047	187.047	1.19033e-05	0	0	0	8.44994	-5.23635	0	13.6863		300	0.82126	0.0222844	0.0222844	-0.0286656	0	0	0	0.82126	0	-0.426642	-237.002	0	213.464	213.464	-2.13163e-14	12.4428	0	0	0	0	0	0	0	0	0	0	0	0	0	0	0	0	0	0	0	0	0	0	0	0	0	0	0	0	0	0	0	0	0	
1	1	1	642	19.26		300	0	0	0.0321	0.0321	-0.0385842	0	0	0	187.203	187.203	1.19107e-05	0	0	0	8.46865	-5.22851	0	13.6972		300	0.822132	0.0223263	0.0223263	-0.0287195	0	0	0	0.822132	0	-0.426642	-237.002	0	213.464	213.464	-2.13163e-14	12.4428	0	0	0	0	0	0	0	0	0	0	0	0	0	0	0	0	0	0	0	0	0	0	0	0	0	0	0	0	0	0	0	0	0	
1	1	1	643	19.29		300	0	0	0.03215	0.03215	-0.0386462	0	0	0	187.36	187.36	1.1918e-05	0	0	0	8.48738	-5.22064	0	13.708		300	0.823003	0.0223681	0.0223681	-0.0287733	0	0	0	0.823003	0	-0.426642	-237.002	0	213.464	213.464	-2.13163e-14	12.4428	0	0	0	0	0	0	0	0	0	0	0	0	0	0	0	0	0	0	0	0	0	0	0	0	0	0	0	0	0	0	0	0	0	
1	1	1	644	19.32		300	0	0	0.0322	0.0322	-0.0387082	0	0	0	187.517	187.517	1.19252e-05	0	0	0	8.50612	-5.21274	0	13.7189		300	0.823872	0.0224099	0.0224099	-0.0288271	0	0	0	0.823872	0	-0.426642	-237.002	0	213.464	213.464	-2.13163e-14	12.4428	0	0	0	0	0	0	0	0	0	0	0	0	0	0	0	0	0	0	0	0	0	0	0	0	0	0	0	0	0	0	0	0	0	
1	1	1	645	19.35		300	0	0	0.03225	0.03225	-0.0387703	0	0	0	187.674	187.674	1.19325e-05	0	0	0	8.52488	-5.20481	0	13.7297		300	0.824741	0.0224517	0.0224517	-0.0288808	0	0	0	0.824741	0	-0.426642	-237.002	0	213.464	213.464	-2.13163e-14	12.4428	0	0	0	0	0	0	0	0	0	0	0	0	0	0	0	0	0	0	0	0	0	0	0	0	0	0	0	0	0	0	0	0	0	
1	1	1	646	19.38		300	0	0	0.0323	0.0323	-0.0388323	0	0	0	187.831	187.831	1.19396e-05	0	0	0	8.54366	-5.19685	0	13.7405		300	0.825608	0.0224935	0.0224935	-0.0289345	0	0	0	0.825608	0	-0.426642	-237.002	0	213.464	213.464	-2.13163e-14	12.4428	0	0	0	0	0	0	0	0	0	0	0	0	0	0	0	0	0	0	0	0	0	0	0	0	0	0	0	0	0	0	0	0	0	
1	1	1	647	19.41		300	0	0	0.03235	0.03235	-0.0388943	0	0	0	187.989	187.989	1.19468e-05	0	0	0	8.56245	-5.18887	0	13.7513		300	0.826475	0.0225352	0.0225352	-0.0289883	0	0	0	0.826475	0	-0.426642	-237.002	0	213.464	213.464	-2.13163e-14	12.4428	0	0	0	0	0	0	0	0	0	0	0	0	0	0	0	0	0	0	0	0	0	0	0	0	0	0	0	0	0	0	0	0	0	
1	1	1	648	19.44		300	0	0	0.0324	0.0324	-0.0389564	0	0	0	188.147	188.147	1.19539e-05	0	0	0	8.58125	-5.18085	0	13.7621		300	0.82734	0.022577	0.022577	-0.0290419	0	0	0	0.82734	0	-0.426642	-237.002	0	213.464	213.464	-2.13163e-14	12.4428	0	0	0	0	0	0	0	0	0	0	0	0	0	0	0	0	0	0	0	0	0	0	0	0	0	0	0	0	0	0	0	0	0	
1	1	1	649	19.47		300	0	0	0.03245	0.03245	-0.0390184	0	0	0	188.306	188.306	1.1961e-05	0	0	0	8.60008	-5.1728	0	13.7729		300	0.828204	0.0226187	0.0226187	-0.0290956	0	0	0	0.828204	0	-0.426642	-237.002	0	213.464	213.464	-2.13163e-14	12.4428	0	0	0	0	0	0	0	0	0	0	0	0	0	0	0	0	0	0	0	0	0	0	0	0	0	0	0	0	0	0	0	0	0	
1	1	1	650	19.5		300	0	0	0.0325	0.0325	-0.0390804	0	0	0	188.465	188.465	1.1968e-05	0	0	0	8.61891	-5.16473	0	13.7836		300	0.829067	0.0226604	0.0226604	-0.0291492	0	0	0	0.829067	0	-0.426642	-237.002	0	213.464	213.464	-2.13163e-14	12.4428	0	0	0	0	0	0	0	0	0	0	0	0	0	0	0	0	0	0	0	0	0	0	0	0	0	0	0	0	0	0	0	0	0	
1	1	1	651	19.53		300	0	0	0.03255	0.03255	-0.0391424	0	0	0	188.624	188.624	1.1975e-05	0	0	0	8.63777	-5.15662	0	13.7944		300	0.82993	0.0227021	0.0227021	-0.0292028	0	0	0	0.82993	0	-0.426642	-237.002	0	213.464	213.464	-2.13163e-14	12.4428	0	0	0	0	0	0	0	0	0	0	0	0	0	0	0	0	0	0	0	0	0	0	0	0	0	0	0	0	0	0	0	0	0	
1	1	1	652	19.56		300	0	0	0.0326	0.0326	-0.0392044	0	0	0	188.784	188.784	1.1982e-05	0	0	0	8.65664	-5.14849	0	13.8051		300	0.830791	0.0227437	0.0227437	-0.0292564	0	0	0	0.830791	0	-0.426642	-237.002	0	213.464	213.464	-2.13163e-14	12.4428	0	0	0	0	0	0	0	0	0	0	0	0	0	0	0	0	0	0	0	0	0	0	0	0	0	0	0	0	0	0	0	0	0	
1	1	1	653	19.59		300	0	0	0.03265	0.03265	-0.0392664	0	0	0	188.944	188.944	1.19889e-05	0	0	0	8.67553	-5.14032	0	13.8159		300	0.83165	0.0227854	0.0227854	-0.02931	0	0	0	0.83165	0	-0.426642	-237.002	0	213.464	213.464	-2.13163e-14	12.4428	0	0	0	0	0	0	0	0	0	0	0	0	0	0	0	0	0	0	0	0	0	0	0	0	0	0	0	0	0	0	0	0	0	
1	1	1	654	19.62		300	0	0	0.0327	0.0327	-0.0393284	0	0	0	189.104	189.104	1.19958e-05	0	0	0	8.69443	-5.13213	0	13.8266		300	0.832509	0.022827	0.022827	-0.0293635	0	0	0	0.832509	0	-0.426642	-237.002	0	213.464	213.464	-2.13163e-14	12.4428	0	0	0	0	0	0	0	0	0	0	0	0	0	0	0	0	0	0	0	0	0	0	0	0	0	0	0	0	0	0	0	0	0	
1	1	1	655	19.65		300	0	0	0.03275	0.03275	-0.0393904	0	0	0	189.265	189.265	1.20027e-05	0	0	0	8.71335	-5.12391	0	13.8373		300	0.833367	0.0228686	0.0228686	-0.0294171	0	0	0	0.833367	0	-0.426642	-237.002	0	213.464	213.464	-2.13163e-14	12.4428	0	0	0	0	0	0	0	0	0	0	0	0	0	0	0	0	0	0	0	0	0	0	0	0	0	0	0	0	0	0	0	0	0	
1	1	1	656	19.68		300	0	0	0.0328	0.0328	-0.0394523	0	0	0	189.426	189.426	1.20095e-05	0	0	0	8.73228	-5.11565	0	13.8479		300	0.834223	0.0229102	0.0229102	-0.0294705	0	0	0	0.834223	0	-0.426642	-237.002	0	213.464	213.464	-2.13163e-14	12.4428	0	0	0	0	0	0	0	0	0	0	0	0	0	0	0	0	0	0	0	0	0	0	0	0	0	0	0	0	0	0	0	0	0	
1	1	1	657	19.71		300	0	0	0.03285	0.03285	-0.0395143	0	0	0	189.588	189.588	1.20163e-05	0	0	0	8.75123	-5.10737	0	13.8586		300	0.835079	0.0229518	0.0229518	-0.029524	0	0	0	0.835079	0	-0.426642	-237.002	0	213.464	213.464	-2.13163e-14	12.4428	0	0	0	0	0	0	0	0	0	0	0	0	0	0	0	0	0	0	0	0	0	0	0	0	0	0	0	0	0	0	0	0	0	
1	1	1	658	19.74		300	0	0	0.0329	0.0329	-0.0395763	0	0	0	189.749	189.749	1.20231e-05	0	0	0	8.7702	-5.09906	0	13.8693		300	0.835933	0.0229933	0.0229933	-0.0295774	0	0	0	0.835933	0	-0.426642	-237.002	0	213.464	213.464	-2.13163e-14	12.4428	0	0	0	0	0	0	0	0	0	0	0	0	0	0	0	0	0	0	0	0	0	0	0	0	0	0	0	0	0	0	0	0	0	
1	1	1	659	19.77		300	0	0	0.03295	0.03295	-0.0396383	0	0	0	189.912	189.912	1.20298e-05	0	0	0	8.78918	-5.09071	0	13.8799		300	0.836787	0.0230349	0.0230349	-0.0296308	0	0	0	0.836787	0	-0.426642	-237.002	0	213.464	213.464	-2.13163e-14	12.4428	0	0	0	0	0	0	0	0	0	0	0	0	0	0	0	0	0	0	0	0	0	0	0	0	0	0	0	0	0	0	0	0	0	
1	1	1	660	19.8		300	0	0	0.033	0.033	-0.0397002	0	0	0	190.074	190.074	1.20364e-05	0	0	0	8.80818	-5.08234	0	13.8905		300	0.837639	0.0230764	0.0230764	-0.0296842	0	0	0	0.837639	0	-0.426642	-237.002	0	213.464	213.464	-2.13163e-14	12.4428	0	0	0	0	0	0	0	0	0	0	0	0	0	0	0	0	0	0	0	0	0	0	0	0	0	0	0	0	0	0	0	0	0	
1	1	1	661	19.83		300	0	0	0.03305	0.03305	-0.0397622	0	0	0	190.238	190.238	1.20431e-05	0	0	0	8.8272	-5.07394	0	13.9011		300	0.83849	0.0231178	0.0231178	-0.0297376	0	0	0	0.83849	0	-0.426642	-237.002	0	213.464	213.464	-2.13163e-14	12.4428	0	0	0	0	0	0	0	0	0	0	0	0	0	0	0	0	0	0	0	0	0	0	0	0	0	0	0	0	0	0	0	0	0	
1	1	1	662	19.86		300	0	0	0.0331	0.0331	-0.0398241	0	0	0	190.401	190.401	1.20497e-05	0	0	0	8.84623	-5.0655	0	13.9117		300	0.83934	0.0231593	0.0231593	-0.0297909	0	0	0	0.83934	0	-0.426642	-237.002	0	213.464	213.464	-2.13163e-14	12.4428	0	0	0	0	0	0	0	0	0	0	0	0	0	0	0	0	0	0	0	0	0	0	0	0	0	0	0	0	0	0	0	0	0	
1	1	1	663	19.89		300	0	0	0.03315	0.03315	-0.039886	0	0	0	190.565	190.565	1.20562e-05	0	0	0	8.86528	-5.05704	0	13.9223		300	0.840188	0.0232008	0.0232008	-0.0298442	0	0	0	0.840188	0	-0.426642	-237.002	0	213.464	213.464	-2.13163e-14	12.4428	0	0	0	0	0	0	0	0	0	0	0	0	0	0	0	0	0	0	0	0	0	0	0	0	0	0	0	0	0	0	0	0	0	
1	1	1	664	19.92		300	0	0	0.0332	0.0332	-0.039948	0	0	0	190.729	190.729	1.20628e-05	0	0	0	8.88434	-5.04854	0	13.9329		300	0.841036	0.0232422	0.0232422	-0.0298975	0	0	0	0.841036	0	-0.426642	-237.002	0	213.464	213.464	-2.13163e-14	12.4428	0	0	0	0	0	0	0	0	0	0	0	0	0	0	0	0	0	0	0	0	0	0	0	0	0	0	0	0	0	0	0	0	0	
1	1	1	665	19.95		300	0	0	0.03325	0.03325	-0.0400099	0	0	0	190.894	190.894	1.20692e-05	0	0	0	8.90342	-5.04002	0	13.9434		300	0.841882	0.0232836	0.0232836	-0.0299507	0	0	0	0.841882	0	-0.426642	-237.002	0	213.464	213.464	-2.13163e-14	12.4428	0	0	0	0	0	0	0	0	0	0	0	0	0	0	0	0	0	0	0	0	0	0	0	0	0	0	0	0	0	0	0	0	0	
1	1	1	666	19.98		300	0	0	0.0333	0.0333	-0.0400718	0	0	0	191.059	191.059	1.20757e-05	0	0	0	8.92252	-5.03146	0	13.954		300	0.842728	0.023325	0.023325	-0.030004	0	0	0	0.842728	0	-0.426642	-237.002	0	213.464	213.464	-2.13163e-14	12.4428	0	0	0	0	0	0	0	0	0	0	0	0	0	0	0	0	0	0	0	0	0	0	0	0	0	0	0	0	0	0	0	0	0	
1	1	1	667	20.01		300	0	0	0.03335	0.03335	-0.0401337	0	0	0	191.225	191.225	1.20821e-05	0	0	0	8.94163	-5.02287	0	13.9645		300	0.843572	0.0233663	0.0233663	-0.0300572	0	0	0	0.843572	0	-0.426642	-237.002	0	213.464	213.464	-2.13163e-14	12.4428	0	0	0	0	0	0	0	0	0	0	0	0	0	0	0	0	0	0	0	0	0	0	0	0	0	0	0	0	0	0	0	0	0	
1	1	1	668	20.04		300	0	0	0.0334	0.0334	-0.0401956	0	0	0	191.391	191.391	1.20885e-05	0	0	0	8.96077	-5.01425	0	13.975		300	0.844415	0.0234076	0.0234076	-0.0301103	0	0	0	0.844415	0	-0.426642	-237.002	0	213.464	213.464	-2.13163e-14	12.4428	0	0	0	0	0	0	0	0	0	0	0	0	0	0	0	0	0	0	0	0	0	0	0	0	0	0	0	0	0	0	0	0	0	
1	1	1	669	20.07		300	0	0	0.03345	0.03345	-0.0402576	0	0	0	191.557	191.557	1.20948e-05	0	0	0	8.97991	-5.00561	0	13.9855		300	0.845257	0.023449	0.023449	-0.0301634	0	0	0	0.845257	0	-0.426642	-237.002	0	213.464	213.464	-2.13163e-14	12.4428	0	0	0	0	0	0	0	0	0	0	0	0	0	0	0	0	0	0	0	0	0	0	0	0	0	0	0	0	0	0	0	0	0	
1	1	1	670	20.1		300	0	0	0.0335	0.0335	-0.0403194	0	0	0	191.724	191.724	1.21011e-05	0	0	0	8.99908	-4.99693	0	13.996		300	0.846098	0.0234902	0.0234902	-0.0302166	0	0	0	0.846098	0	-0.426642	-237.002	0	213.464	213.464	-2.13163e-14	12.4428	0	0	0	0	0	0	0	0	0	0	0	0	0	0	0	0	0	0	0	0	0	0	0	0	0	0	0	0	0	0	0	0	0	
1	1	1	671	20.13		300	0	0	0.03355	0.03355	-0.0403813	0	0	0	191.891	191.891	1.21074e-05	0	0	0	9.01826	-4.98822	0	14.0065		300	0.846938	0.0235315	0.0235315	-0.0302696	0	0	0	0.846938	0	-0.426642	-237.002	0	213.464	213.464	-2.13163e-14	12.4428	0	0	0	0	0	0	0	0	0	0	0	0	0	0	0	0	0	0	0	0	0	0	0	0	0	0	0	0	0	0	0	0	0	
1	1	1	672	20.16		300	0	0	0.0336	0.0336	-0.0404432	0	0	0	192.059	192.059	1.21136e-05	0	0	0	9.03746	-4.97947	0	14.0169		300	0.847776	0.0235728	0.0235728	-0.0303227	0	0	0	0.847776	0	-0.426642	-237.002	0	213.464	213.464	-2.13163e-14	12.4428	0	0	0	0	0	0	0	0	0	0	0	0	0	0	0	0	0	0	0	0	0	0	0	0	0	0	0	0	0	0	0	0	0	
1	1	1	673	20.19		300	0	0	0.03365	0.03365	-0.0405051	0	0	0	192.227	192.227	1.21198e-05	0	0	0	9.05667	-4.9707	0	14.0274		300	0.848613	0.023614	0.023614	-0.0303757	0	0	0	0.848613	0	-0.426642	-237.002	0	213.464	213.464	-2.13163e-14	12.4428	0	0	0	0	0	0	0	0	0	0	0	0	0	0	0	0	0	0	0	0	0	0	0	0	0	0	0	0	0	0	0	0	0	
1	1	1	674	20.22		300	0	0	0.0337	0.0337	-0.040567	0	0	0	192.396	192.396	1.2126e-05	0	0	0	9.0759	-4.9619	0	14.0378		300	0.84945	0.0236552	0.0236552	-0.0304287	0	0	0	0.84945	0	-0.426642	-237.002	0	213.464	213.464	-2.13163e-14	12.4428	0	0	0	0	0	0	0	0	0	0	0	0	0	0	0	0	0	0	0	0	0	0	0	0	0	0	0	0	0	0	0	0	0	
1	1	1	675	20.25		300	0	0	0.03375	0.03375	-0.0406288	0	0	0	192.565	192.565	1.21321e-05	0	0	0	9.09515	-4.95306	0	14.0482		300	0.850285	0.0236963	0.0236963	-0.0304816	0	0	0	0.850285	0	-0.426642	-237.002	0	213.464	213.464	-2.13163e-14	12.4428	0	0	0	0	0	0	0	0	0	0	0	0	0	0	0	0	0	0	0	0	0	0	0	0	0	0	0	0	0	0	0	0	0	
1	1	1	676	20.28		300	0	0	0.0338	0.0338	-0.0406907	0	0	0	192.734	192.734	1.21381e-05	0	0	0	9.11441	-4.94419	0	14.0586		300	0.851119	0.0237375	0.0237375	-0.0305345	0	0	0	0.851119	0	-0.426642	-237.002	0	213.464	213.464	-2.13163e-14	12.4428	0	0	0	0	0	0	0	0	0	0	0	0	0	0	0	0	0	0	0	0	0	0	0	0	0	0	0	0	0	0	0	0	0	
1	1	1	677	20.31		300	0	0	0.03385	0.03385	-0.0407525	0	0	0	192.904	192.904	1.21442e-05	0	0	0	9.1337	-4.93529	0	14.069		300	0.851951	0.0237786	0.0237786	-0.0305874	0	0	0	0.851951	0	-0.426642	-237.002	0	213.464	213.464	-2.13163e-14	12.4428	0	0	0	0	0	0	0	0	0	0	0	0	0	0	0	0	0	0	0	0	0	0	0	0	0	0	0	0	0	0	0	0	0	
1	1	1	678	20.34		300	0	0	0.0339	0.0339	-0.0408144	0	0	0	193.075	193.075	1.21502e-05	0	0	0	9.15299	-4.92636	0	14.0794		300	0.852783	0.0238197	0.0238197	-0.0306403	0	0	0	0.852783	0	-0.426642	-237.002	0	213.464	213.464	-2.13163e-14	12.4428	0	0	0	0	0	0	0	0	0	0	0	0	0	0	0	0	0	0	0	0	0	0	0	0	0	0	0	0	0	0	0	0	0	
1	1	1	679	20.37		300	0	0	0.03395	0.03395	-0.0408762	0	0	0	193.246	193.246	1.21561e-05	0	0	0	9.17231	-4.9174	0	14.0897		300	0.853613	0.0238608	0.0238608	-0.0306931	0	0	0	0.853613	0	-0.426642	-237.002	0	213.464	213.464	-2.13163e-14	12.4428	0	0	0	0	0	0	0	0	0	0	0	0	0	0	0	0	0	0	0	0	0	0	0	0	0	0	0	0	0	0	0	0	0	
1	1	1	680	20.4		300	0	0	0.034	0.034	-0.040938	0	0	0	193.417	193.417	1.21621e-05	0	0	0	9.19164	-4.90841	0	14.1001		300	0.854442	0.0239018	0.0239018	-0.0307459	0	0	0	0.854442	0	-0.426642	-237.002	0	213.464	213.464	-2.13163e-14	12.4428	0	0	0	0	0	0	0	0	0	0	0	0	0	0	0	0	0	0	0	0	0	0	0	0	0	0	0	0	0	0	0	0	0	
1	1	1	681	20.43		300	0	0	0.03405	0.03405	-0.0409999	0	0	0	193.589	193.589	1.21679e-05	0	0	0	9.21099	-4.89938	0	14.1104		300	0.85527	0.0239429	0.0239429	-0.0307987	0	0	0	0.85527	0	-0.426642	-237.002	0	213.464	213.464	-2.13163e-14	12.4428	0	0	0	0	0	0	0	0	0	0	0	0	0	0	0	0	0	0	0	0	0	0	0	0	0	0	0	0	0	0	0	0	0	
1	1	1	682	20.46		300	0	0	0.0341	0.0341	-0.0410617	0	0	0	193.761	193.761	1.21738e-05	0	0	0	9.23036	-4.89032	0	14.1207		300	0.856097	0.0239839	0.0239839	-0.0308514	0	0	0	0.856097	0	-0.426642	-237.002	0	213.464	213.464	-2.13163e-14	12.4428	0	0	0	0	0	0	0	0	0	0	0	0	0	0	0	0	0	0	0	0	0	0	0	0	0	0	0	0	0	0	0	0	0	
1	1	1	683	20.49		300	0	0	0.03415	0.03415	-0.0411235	0	0	0	193.934	193.934	1.21796e-05	0	0	0	9.24975	-4.88123	0	14.131		300	0.856923	0.0240248	0.0240248	-0.0309041	0	0	0	0.856923	0	-0.426642	-237.002	0	213.464	213.464	-2.13163e-14	12.4428	0	0	0	0	0	0	0	0	0	0	0	0	0	0	0	0	0	0	0	0	0	0	0	0	0	0	0	0	0	0	0	0	0	
1	1	1	684	20.52		300	0	0	0.0342	0.0342	-0.0411853	0	0	0	194.108	194.108	1.21854e-05	0	0	0	9.26915	-4.87211	0	14.1413		300	0.857747	0.0240658	0.0240658	-0.0309568	0	0	0	0.857747	0	-0.426642	-237.002	0	213.464	213.464	-2.13163e-14	12.4428	0	0	0	0	0	0	0	0	0	0	0	0	0	0	0	0	0	0	0	0	0	0	0	0	0	0	0	0	0	0	0	0	0	
1	1	1	685	20.55		300	0	0	0.03425	0.03425	-0.0412471	0	0	0	194.281	194.281	1.21911e-05	0	0	0	9.28857	-4.86296	0	14.1515		300	0.85857	0.0241067	0.0241067	-0.0310094	0	0	0	0.85857	0	-0.426642	-237.002	0	213.464	213.464	-2.13163e-14	12.4428	0	0	0	0	0	0	0	0	0	0	0	0	0	0	0	0	0	0	0	0	0	0	0	0	0	0	0	0	0	0	0	0	0	
1	1	1	686	20.58		300	0	0	0.0343	0.0343	-0.0413089	0	0	0	194.456	194.456	1.21968e-05	0	0	0	9.308	-4.85377	0	14.1618		300	0.859392	0.0241476	0.0241476	-0.031062	0	0	0	0.859392	0	-0.426642	-237.002	0	213.464	213.464	-2.13163e-14	12.4428	0	0	0	0	0	0	0	0	0	0	0	0	0	0	0	0	0	0	0	0	0	0	0	0	0	0	0	0	0	0	0	0	0	
1	1	1	687	20.61		300	0	0	0.03435	0.03435	-0.0413707	0	0	0	194.631	194.631	1.22025e-05	0	0	0	9.32746	-4.84455	0	14.172		300	0.860213	0.0241885	0.0241885	-0.0311146	0	0	0	0.860213	0	-0.426642	-237.002	0	213.464	213.464	-2.13163e-14	12.4428	0	0	0	0	0	0	0	0	0	0	0	0	0	0	0	0	0	0	0	0	0	0	0	0	0	0	0	0	0	0	0	0	0	
1	1	1	688	20.64		300	0	0	0.0344	0.0344	-0.0414324	0	0	0	194.806	194.806	1.22081e-05	0	0	0	9.34693	-4.8353	0	14.1822		300	0.861032	0.0242293	0.0242293	-0.0311671	0	0	0	0.861032	0	-0.426642	-237.002	0	213.464	213.464	-2.13163e-14	12.4428	0	0	0	0	0	0	0	0	0	0	0	0	0	0	0	0	0	0	0	0	0	0	0	0	0	0	0	0	0	0	0	0	0	
1	1	1	689	20.67		300	0	0	0.03445	0.03445	-0.0414942	0	0	0	194.982	194.982	1.22136e-05	0	0	0	9.36642	-4.82601	0	14.1924		300	0.861851	0.0242701	0.0242701	-0.0312196	0	0	0	0.861851	0	-0.426642	-237.002	0	213.464	213.464	-2.13163e-14	12.4428	0	0	0	0	0	0	0	0	0	0	0	0	0	0	0	0	0	0	0	0	0	0	0	0	0	0	0	0	0	0	0	0	0	
1	1	1	690	20.7		300	0	0	0.0345	0.0345	-0.041556	0	0	0	195.158	195.158	1.22192e-05	0	0	0	9.38593	-4.81669	0	14.2026		300	0.862668	0.0243109	0.0243109	-0.0312721	0	0	0	0.862668	0	-0.426642	-237.002	0	213.464	213.464	-2.13163e-14	12.4428	0	0	0	0	0	0	0	0	0	0	0	0	0	0	0	0	0	0	0	0	0	0	0	0	0	0	0	0	0	0	0	0	0	
1	1	1	691	20.73		300	0	0	0.03455	0.03455	-0.0416177	0	0	0	195.335	195.335	1.22247e-05	0	0	0	9.40545	-4.80734	0	14.2128		300	0.863484	0.0243517	0.0243517	-0.0313245	0	0	0	0.863484	0	-0.426642	-237.002	0	213.464	213.464	-2.13163e-14	12.4428	0	0	0	0	0	0	0	0	0	0	0	0	0	0	0	0	0	0	0	0	0	0	0	0	0	0	0	0	0	0	0	0	0	
1	1	1	692	20.76		300	0	0	0.0346	0.0346	-0.0416794	0	0	0	195.513	195.513	1.22302e-05	0	0	0	9.42499	-4.79796	0	14.223		300	0.864298	0.0243924	0.0243924	-0.0313769	0	0	0	0.864298	0	-0.426642	-237.002	0	213.464	213.464	-2.13163e-14	12.4428	0	0	0	0	0	0	0	0	0	0	0	0	0	0	0	0	0	0	0	0	0	0	0	0	0	0	0	0	0	0	0	0	0	
1	1	1	693	20.79		300	0	0	0.03465	0.03465	-0.0417412	0	0	0	195.691	195.691	1.22356e-05	0	0	0	9.44455	-4.78854	0	14.2331		300	0.865112	0.0244331	0.0244331	-0.0314292	0	0	0	0.865112	0	-0.426642	-237.002	0	213.464	213.464	-2.13163e-14	12.4428	0	0	0	0	0	0	0	0	0	0	0	0	0	0	0	0	0	0	0	0	0	0	0	0	0	0	0	0	0	0	0	0	0	
1	1	1	694	20.82		300	0	0	0.0347	0.0347	-0.0418029	0	0	0	195.869	195.869	1.2241e-05	0	0	0	9.46413	-4.77909	0	14.2432		300	0.865924	0.0244738	0.0244738	-0.0314816	0	0	0	0.865924	0	-0.426642	-237.002	0	213.464	213.464	-2.13163e-14	12.4428	0	0	0	0	0	0	0	0	0	0	0	0	0	0	0	0	0	0	0	0	0	0	0	0	0	0	0	0	0	0	0	0	0	
1	1	1	695	20.85		300	0	0	0.03475	0.03475	-0.0418646	0	0	0	196.048	196.048	1.22463e-05	0	0	0	9.48373	-4.76961	0	14.2533		300	0.866735	0.0245145	0.0245145	-0.0315338	0	0	0	0.866735	0	-0.426642	-237.002	0	213.464	213.464	-2.13163e-14	12.4428	0	0	0	0	0	0	0	0	0	0	0	0	0	0	0	0	0	0	0	0	0	0	0	0	0	0	0	0	0	0	0	0	0	
1	1	1	696	20.88		300	0	0	0.0348	0.0348	-0.0419263	0	0	0	196.228	196.228	1.22516e-05	0	0	0	9.50334	-4.76009	0	14.2634		300	0.867544	0.0245551	0.0245551	-0.0315861	0	0	0	0.867544	0	-0.426642	-237.002	0	213.464	213.464	-2.13163e-14	12.4428	0	0	0	0	0	0	0	0	0	0	0	0	0	0	0	0	0	0	0	0	0	0	0	0	0	0	0	0	0	0	0	0	0	
1	1	1	697	20.91		300	0	0	0.03485	0.03485	-0.041988	0	0	0	196.408	196.408	1.22569e-05	0	0	0	9.52297	-4.75054	0	14.2735		300	0.868353	0.0245957	0.0245957	-0.0316383	0	0	0	0.868353	0	-0.426642	-237.002	0	213.464	213.464	-2.13163e-14	12.4428	0	0	0	0	0	0	0	0	0	0	0	0	0	0	0	0	0	0	0	0	0	0	0	0	0	0	0	0	0	0	0	0	0	
1	1	1	698	20.94		300	0	0	0.0349	0.0349	-0.0420497	0	0	0	196.589	196.589	1.22621e-05	0	0	0	9.54262	-4.74095	0	14.2836		300	0.86916	0.0246362	0.0246362	-0.0316905	0	0	0	0.86916	0	-0.426642	-237.002	0	213.464	213.464	-2.13163e-14	12.4428	0	0	0	0	0	0	0	0	0	0	0	0	0	0	0	0	0	0	0	0	0	0	0	0	0	0	0	0	0	0	0	0	0	
1	1	1	699	20.97		300	0	0	0.03495	0.03495	-0.0421114	0	0	0	196.771	196.771	1.22673e-05	0	0	0	9.56229	-4.73134	0	14.2936		300	0.869966	0.0246768	0.0246768	-0.0317426	0	0	0	0.869966	0	-0.426642	-237.002	0	213.464	213.464	-2.13163e-14	12.4428	0	0	0	0	0	0	0	0	0	0	0	0	0	0	0	0	0	0	0	0	0	0	0	0	0	0	0	0	0	0	0	0	0	
1	1	1	700	21		300	0	0	0.035	0.035	-0.0421731	0	0	0	196.952	196.952	1.22725e-05	0	0	0	9.58198	-4.72168	0	14.3037		300	0.870771	0.0247173	0.0247173	-0.0317947	0	0	0	0.870771	0	-0.426642	-237.002	0	213.464	213.464	-2.13163e-14	12.4428	0	0	0	0	0	0	0	0	0	0	0	0	0	0	0	0	0	0	0	0	0	0	0	0	0	0	0	0	0	0	0	0	0	
1	1	1	701	21.03		300	0	0	0.03505	0.03505	-0.0422348	0	0	0	197.135	197.135	1.22776e-05	0	0	0	9.60168	-4.712	0	14.3137		300	0.871574	0.0247577	0.0247577	-0.0318467	0	0	0	0.871574	0	-0.426642	-237.002	0	213.464	213.464	-2.13163e-14	12.4428	0	0	0	0	0	0	0	0	0	0	0	0	0	0	0	0	0	0	0	0	0	0	0	0	0	0	0	0	0	0	0	0	0	
1	1	1	702	21.06		300	0	0	0.0351	0.0351	-0.0422964	0	0	0	197.318	197.318	1.22826e-05	0	0	0	9.62141	-4.70227	0	14.3237		300	0.872376	0.0247982	0.0247982	-0.0318987	0	0	0	0.872376	0	-0.426642	-237.002	0	213.464	213.464	-2.13163e-14	12.4428	0	0	0	0	0	0	0	0	0	0	0	0	0	0	0	0	0	0	0	0	0	0	0	0	0	0	0	0	0	0	0	0	0	
1	1	1	703	21.09		300	0	0	0.03515	0.03515	-0.0423581	0	0	0	197.502	197.502	1.22877e-05	0	0	0	9.64115	-4.69252	0	14.3337		300	0.873177	0.0248386	0.0248386	-0.0319507	0	0	0	0.873177	0	-0.426642	-237.002	0	213.464	213.464	-2.13163e-14	12.4428	0	0	0	0	0	0	0	0	0	0	0	0	0	0	0	0	0	0	0	0	0	0	0	0	0	0	0	0	0	0	0	0	0	
1	1	1	704	21.12		300	0	0	0.0352	0.0352	-0.0424197	0	0	0	197.686	197.686	1.22927e-05	0	0	0	9.66091	-4.68273	0	14.3436		300	0.873976	0.024879	0.024879	-0.0320026	0	0	0	0.873976	0	-0.426642	-237.002	0	213.464	213.464	-2.13163e-14	12.4428	0	0	0	0	0	0	0	0	0	0	0	0	0	0	0	0	0	0	0	0	0	0	0	0	0	0	0	0	0	0	0	0	0	
1	1	1	705	21.15		300	0	0	0.03525	0.03525	-0.0424813	0	0	0	197.871	197.871	1.22976e-05	0	0	0	9.68068	-4.67291	0	14.3536		300	0.874775	0.0249193	0.0249193	-0.0320545	0	0	0	0.874775	0	-0.426642	-237.002	0	213.464	213.464	-2.13163e-14	12.4428	0	0	0	0	0	0	0	0	0	0	0	0	0	0	0	0	0	0	0	0	0	0	0	0	0	0	0	0	0	0	0	0	0	
1	1	1	706	21.18		300	0	0	0.0353	0.0353	-0.042543	0	0	0	198.057	198.057	1.23025e-05	0	0	0	9.70048	-4.66305	0	14.3635		300	0.875571	0.0249596	0.0249596	-0.0321064	0	0	0	0.875571	0	-0.426642	-237.002	0	213.464	213.464	-2.13163e-14	12.4428	0	0	0	0	0	0	0	0	0	0	0	0	0	0	0	0	0	0	0	0	0	0	0	0	0	0	0	0	0	0	0	0	0	
1	1	1	707	21.21		300	0	0	0.03535	0.03535	-0.0426046	0	0	0	198.243	198.243	1.23074e-05	0	0	0	9.72029	-4.65315	0	14.3734		300	0.876367	0.0249999	0.0249999	-0.0321582	0	0	0	0.876367	0	-0.426642	-237.002	0	213.464	213.464	-2.13163e-14	12.4428	0	0	0	0	0	0	0	0	0	0	0	0	0	0	0	0	0	0	0	0	0	0	0	0	0	0	0	0	0	0	0	0	0	
1	1	1	708	21.24		300	0	0	0.0354	0.0354	-0.0426662	0	0	0	198.43	198.43	1.23122e-05	0	0	0	9.74013	-4.64322	0	14.3834		300	0.877161	0.0250402	0.0250402	-0.0322099	0	0	0	0.877161	0	-0.426642	-237.002	0	213.464	213.464	-2.13163e-14	12.4428	0	0	0	0	0	0	0	0	0	0	0	0	0	0	0	0	0	0	0	0	0	0	0	0	0	0	0	0	0	0	0	0	0	
1	1	1	709	21.27		300	0	0	0.03545	0.03545	-0.0427278	0	0	0	198.617	198.617	1.2317e-05	0	0	0	9.75998	-4.63326	0	14.3932		300	0.877954	0.0250804	0.0250804	-0.0322617	0	0	0	0.877954	0	-0.426642	-237.002	0	213.464	213.464	-2.13163e-14	12.4428	0	0	0	0	0	0	0	0	0	0	0	0	0	0	0	0	0	0	0	0	0	0	0	0	0	0	0	0	0	0	0	0	0	
1	1	1	710	21.3		300	0	0	0.0355	0.0355	-0.0427894	0	0	0	198.805	198.805	1.23218e-05	0	0	0	9.77985	-4.62326	0	14.4031		300	0.878746	0.0251205	0.0251205	-0.0323133	0	0	0	0.878746	0	-0.426642	-237.002	0	213.464	213.464	-2.13163e-14	12.4428	0	0	0	0	0	0	0	0	0	0	0	0	0	0	0	0	0	0	0	0	0	0	0	0	0	0	0	0	0	0	0	0	0	
1	1	1	711	21.33		300	0	0	0.03555	0.03555	-0.0428509	0	0	0	198.994	198.994	1.23265e-05	0	0	0	9.79974	-4.61323	0	14.413		300	0.879536	0.0251607	0.0251607	-0.032365	0	0	0	0.879536	0	-0.426642	-237.002	0	213.464	213.464	-2.13163e-14	12.4428	0	0	0	0	0	0	0	0	0	0	0	0	0	0	0	0	0	0	0	0	0	0	0	0	0	0	0	0	0	0	0	0	0	
1	1	1	712	21.36		300	0	0	0.0356	0.0356	-0.0429125	0	0	0	199.183	199.183	1.23312e-05	0	0	0	9.81965	-4.60315	0	14.4228		300	0.880325	0.0252008	0.0252008	-0.0324166	0	0	0	0.880325	0	-0.426642	-237.002	0	213.464	213.464	-2.13163e-14	12.4428	0	0	0	0	0	0	0	0	0	0	0	0	0	0	0	0	0	0	0	0	0	0	0	0	0	0	0	0	0	0	0	0	0	
1	1	1	713	21.39		300	0	0	0.03565	0.03565	-0.0429741	0	0	0	199.373	199.373	1.23358e-05	0	0	0	9.83958	-4.59305	0	14.4326		300	0.881113	0.0252409	0.0252409	-0.0324681	0	0	0	0.881113	0	-0.426642	-237.002	0	213.464	213.464	-2.13163e-14	12.4428	0	0	0	0	0	0	0	0	0	0	0	0	0	0	0	0	0	0	0	0	0	0	0	0	0	0	0	0	0	0	0	0	0	
1	1	1	714	21.42		300	0	0	0.0357	0.0357	-0.0430356	0	0	0	199.564	199.564	1.23404e-05	0	0	0	9.85953	-4.58291	0	14.4424		300	0.881899	0.0252809	0.0252809	-0.0325196	0	0	0	0.881899	0	-0.426642	-237.002	0	213.464	213.464	-2.13163e-14	12.4428	0	0	0	0	0	0	0	0	0	0	0	0	0	0	0	0	0	0	0	0	0	0	0	0	0	0	0	0	0	0	0	0	0	
1	1	1	715	21.45		300	0	0	0.03575	0.03575	-0.0430972	0	0	0	199.755	199.755	1.2345e-05	0	0	0	9.87949	-4.57273	0	14.4522		300	0.882684	0.025321	0.025321	-0.0325711	0	0	0	0.882684	0	-0.426642	-237.002	0	213.464	213.464	-2.13163e-14	12.4428	0	0	0	0	0	0	0	0	0	0	0	0	0	0	0	0	0	0	0	0	0	0	0	0	0	0	0	0	0	0	0	0	0	
1	1	1	716	21.48		300	0	0	0.0358	0.0358	-0.0431587	0	0	0	199.947	199.947	1.23495e-05	0	0	0	9.89948	-4.56252	0	14.462		300	0.883468	0.0253609	0.0253609	-0.0326225	0	0	0	0.883468	0	-0.426642	-237.002	0	213.464	213.464	-2.13163e-14	12.4428	0	0	0	0	0	0	0	0	0	0	0	0	0	0	0	0	0	0	0	0	0	0	0	0	0	0	0	0	0	0	0	0	0	
1	1	1	717	21.51		300	0	0	0.03585	0.03585	-0.0432202	0	0	0	200.14	200.14	1.2354e-05	0	0	0	9.91948	-4.55227	0	14.4717		300	0.88425	0.0254009	0.0254009	-0.0326739	0	0	0	0.88425	0	-0.426642	-237.002	0	213.464	213.464	-2.13163e-14	12.4428	0	0	0	0	0	0	0	0	0	0	0	0	0	0	0	0	0	0	0	0	0	0	0	0	0	0	0	0	0	0	0	0	0	
1	1	1	718	21.54		300	0	0	0.0359	0.0359	-0.0432817	0	0	0	200.333	200.333	1.23584e-05	0	0	0	9.9395	-4.54198	0	14.4815		300	0.885031	0.0254408	0.0254408	-0.0327252	0	0	0	0.885031	0	-0.426642	-237.002	0	213.464	213.464	-2.13163e-14	12.4428	0	0	0	0	0	0	0	0	0	0	0	0	0	0	0	0	0	0	0	0	0	0	0	0	0	0	0	0	0	0	0	0	0	
1	1	1	719	21.57		300	0	0	0.03595	0.03595	-0.0433432	0	0	0	200.527	200.527	1.23628e-05	0	0	0	9.95955	-4.53166	0	14.4912		300	0.88581	0.0254806	0.0254806	-0.0327765	0	0	0	0.88581	0	-0.426642	-237.002	0	213.464	213.464	-2.13163e-14	12.4428	0	0	0	0	0	0	0	0	0	0	0	0	0	0	0	0	0	0	0	0	0	0	0	0	0	0	0	0	0	0	0	0	0	
1	1	1	720	21.6		300	0	0	0.036	0.036	-0.0434047	0	0	0	200.722	200.722	1.23671e-05	0	0	0	9.97961	-4.5213	0	14.5009		300	0.886589	0.0255205	0.0255205	-0.0328277	0	0	0	0.886589	0	-0.426642	-237.002	0	213.464	213.464	-2.13163e-14	12.4428	0	0	0	0	0	0	0	0	0	0	0	0	0	0	0	0	0	0	0	0	0	0	0	0	0	0	0	0	0	0	0	0	0	
1	1	1	721	21.63		300	0	0	0.03605	0.03605	-0.0434662	0	0	0	200.917	200.917	1.23714e-05	0	0	0	9.99969	-4.5109	0	14.5106		300	0.887365	0.0255603	0.0255603	-0.0328789	0	0	0	0.887365	0	-0.426642	-237.002	0	213.464	213.464	-2.13163e-14	12.4428	0	0	0	0	0	0	0	0	0	0	0	0	0	0	0	0	0	0	0	0	0	0	0	0	0	0	0	0	0	0	0	0	0	
1	1	1	722	21.66		300	0	0	0.0361	0.0361	-0.0435277	0	0	0	201.114	201.114	1.23757e-05	0	0	0	10.0198	-4.50047	0	14.5203		300	0.888141	0.0256	0.0256	-0.03293	0	0	0	0.888141	0	-0.426642	-237.002	0	213.464	213.464	-2.13163e-14	12.4428	0	0	0	0	0	0	0	0	0	0	0	0	0	0	0	0	0	0	0	0	0	0	0	0	0	0	0	0	0	0	0	0	0	
1	1	1	723	21.69		300	0	0	0.03615	0.03615	-0.0435891	0	0	0	201.31	201.31	1.23799e-05	0	0	0	10.0399	-4.49	0	14.5299		300	0.888915	0.0256397	0.0256397	-0.0329811	0	0	0	0.888915	0	-0.426642	-237.002	0	213.464	213.464	-2.13163e-14	12.4428	0	0	0	0	0	0	0	0	0	0	0	0	0	0	0	0	0	0	0	0	0	0	0	0	0	0	0	0	0	0	0	0	0	
1	1	1	724	21.72		300	0	0	0.0362	0.0362	-0.0436506	0	0	0	201.508	201.508	1.23841e-05	0	0	0	10.0601	-4.47949	0	14.5395		300	0.889687	0.0256794	0.0256794	-0.0330321	0	0	0	0.889687	0	-0.426642	-237.002	0	213.464	213.464	-2.13163e-14	12.4428	0	0	0	0	0	0	0	0	0	0	0	0	0	0	0	0	0	0	0	0	0	0	0	0	0	0	0	0	0	0	0	0	0	
1	1	1	725	21.75		300	0	0	0.03625	0.03625	-0.043712	0	0	0	201.707	201.707	1.23883e-05	0	0	0	10.0802	-4.46895	0	14.5492		300	0.890458	0.0257191	0.0257191	-0.0330831	0	0	0	0.890458	0	-0.426642	-237.002	0	213.464	213.464	-2.13163e-14	12.4428	0	0	0	0	0	0	0	0	0	0	0	0	0	0	0	0	0	0	0	0	0	0	0	0	0	0	0	0	0	0	0	0	0	
1	1	1	726	21.78		300	0	0	0.0363	0.0363	-0.0437734	0	0	0	201.906	201.906	1.23924e-05	0	0	0	10.1004	-4.45836	0	14.5588		300	0.891228	0.0257587	0.0257587	-0.033134	0	0	0	0.891228	0	-0.426642	-237.002	0	213.464	213.464	-2.13163e-14	12.4428	0	0	0	0	0	0	0	0	0	0	0	0	0	0	0	0	0	0	0	0	0	0	0	0	0	0	0	0	0	0	0	0	0	
1	1	1	727	21.81		300	0	0	0.03635	0.03635	-0.0438349	0	0	0	202.106	202.106	1.23965e-05	0	0	0	10.1206	-4.44774	0	14.5683		300	0.891996	0.0257982	0.0257982	-0.0331849	0	0	0	0.891996	0	-0.426642	-237.002	0	213.464	213.464	-2.13163e-14	12.4428	0	0	0	0	0	0	0	0	0	0	0	0	0	0	0	0	0	0	0	0	0	0	0	0	0	0	0	0	0	0	0	0	0	
1	1	1	728	21.84		300	0	0	0.0364	0.0364	-0.0438963	0	0	0	202.306	202.306	1.24005e-05	0	0	0	10.1408	-4.43709	0	14.5779		300	0.892763	0.0258377	0.0258377	-0.0332357	0	0	0	0.892763	0	-0.426642	-237.002	0	213.464	213.464	-2.13163e-14	12.4428	0	0	0	0	0	0	0	0	0	0	0	0	0	0	0	0	0	0	0	0	0	0	0	0	0	0	0	0	0	0	0	0	0	
1	1	1	729	21.87		300	0	0	0.03645	0.03645	-0.0439577	0	0	0	202.508	202.508	1.24045e-05	0	0	0	10.1611	-4.42639	0	14.5874		300	0.893528	0.0258772	0.0258772	-0.0332865	0	0	0	0.893528	0	-0.426642	-237.002	0	213.464	213.464	-2.13163e-14	12.4428	0	0	0	0	0	0	0	0	0	0	0	0	0	0	0	0	0	0	0	0	0	0	0	0	0	0	0	0	0	0	0	0	0	
1	1	1	730	21.9		300	0	0	0.0365	0.0365	-0.044019	0	0	0	202.71	202.71	1.24084e-05	0	0	0	10.1813	-4.41566	0	14.597		300	0.894292	0.0259167	0.0259167	-0.0333372	0	0	0	0.894292	0	-0.426642	-237.002	0	213.464	213.464	-2.13163e-14	12.4428	0	0	0	0	0	0	0	0	0	0	0	0	0	0	0	0	0	0	0	0	0	0	0	0	0	0	0	0	0	0	0	0	0	
1	1	1	731	21.93		300	0	0	0.03655	0.03655	-0.0440804	0	0	0	202.913	202.913	1.24123e-05	0	0	0	10.2016	-4.40488	0	14.6065		300	0.895055	0.0259561	0.0259561	-0.0333879	0	0	0	0.895055	0	-0.426642	-237.002	0	213.464	213.464	-2.13163e-14	12.4428	0	0	0	0	0	0	0	0	0	0	0	0	0	0	0	0	0	0	0	0	0	0	0	0	0	0	0	0	0	0	0	0	0	
1	1	1	732	21.96		300	0	0	0.0366	0.0366	-0.0441418	0	0	0	203.117	203.117	1.24162e-05	0	0	0	10.2219	-4.39407	0	14.616		300	0.895816	0.0259954	0.0259954	-0.0334385	0	0	0	0.895816	0	-0.426642	-237.002	0	213.464	213.464	-2.13163e-14	12.4428	0	0	0	0	0	0	0	0	0	0	0	0	0	0	0	0	0	0	0	0	0	0	0	0	0	0	0	0	0	0	0	0	0	
1	1	1	733	21.99		300	0	0	0.03665	0.03665	-0.0442031	0	0	0	203.321	203.321	1.242e-05	0	0	0	10.2422	-4.38322	0	14.6254		300	0.896575	0.0260347	0.0260347	-0.0334891	0	0	0	0.896575	0	-0.426642	-237.002	0	213.464	213.464	-2.13163e-14	12.4428	0	0	0	0	0	0	0	0	0	0	0	0	0	0	0	0	0	0	0	0	0	0	0	0	0	0	0	0	0	0	0	0	0	
1	1	1	734	22.02		300	0	0	0.0367	0.0367	-0.0442644	0	0	0	203.527	203.527	1.24238e-05	0	0	0	10.2626	-4.37233	0	14.6349		300	0.897334	0.026074	0.026074	-0.0335396	0	0	0	0.897334	0	-0.426642	-237.002	0	213.464	213.464	-2.13163e-14	12.4428	0	0	0	0	0	0	0	0	0	0	0	0	0	0	0	0	0	0	0	0	0	0	0	0	0	0	0	0	0	0	0	0	0	
1	1	1	735	22.05		300	0	0	0.03675	0.03675	-0.0443258	0	0	0	203.733	203.733	1.24275e-05	0	0	0	10.2829	-4.3614	0	14.6443		300	0.89809	0.0261133	0.0261133	-0.03359	0	0	0	0.89809	0	-0.426642	-237.002	0	213.464	213.464	-2.13163e-14	12.4428	0	0	0	0	0	0	0	0	0	0	0	0	0	0	0	0	0	0	0	0	0	0	0	0	0	0	0	0	0	0	0	0	0	
1	1	1	736	22.08		300	0	0	0.0368	0.0368	-0.0443871	0	0	0	203.94	203.94	1.24312e-05	0	0	0	10.3033	-4.35044	0	14.6537		300	0.898845	0.0261524	0.0261524	-0.0336404	0	0	0	0.898845	0	-0.426642	-237.002	0	213.464	213.464	-2.13163e-14	12.4428	0	0	0	0	0	0	0	0	0	0	0	0	0	0	0	0	0	0	0	0	0	0	0	0	0	0	0	0	0	0	0	0	0	
1	1	1	737	22.11		300	0	0	0.03685	0.03685	-0.0444484	0	0	0	204.148	204.148	1.24348e-05	0	0	0	10.3237	-4.33943	0	14.6631		300	0.899599	0.0261916	0.0261916	-0.0336908	0	0	0	0.899599	0	-0.426642	-237.002	0	213.464	213.464	-2.13163e-14	12.4428	0	0	0	0	0	0	0	0	0	0	0	0	0	0	0	0	0	0	0	0	0	0	0	0	0	0	0	0	0	0	0	0	0	
1	1	1	738	22.14		300	0	0	0.0369	0.0369	-0.0445097	0	0	0	204.357	204.357	1.24385e-05	0	0	0	10.3441	-4.32838	0	14.6725		300	0.900351	0.0262307	0.0262307	-0.0337411	0	0	0	0.900351	0	-0.426642	-237.002	0	213.464	213.464	-2.13163e-14	12.4428	0	0	0	0	0	0	0	0	0	0	0	0	0	0	0	0	0	0	0	0	0	0	0	0	0	0	0	0	0	0	0	0	0	
1	1	1	739	22.17		300	0	0	0.03695	0.03695	-0.0445709	0	0	0	204.567	204.567	1.2442e-05	0	0	0	10.3646	-4.3173	0	14.6819		300	0.901101	0.0262697	0.0262697	-0.0337913	0	0	0	0.901101	0	-0.426642	-237.002	0	213.464	213.464	-2.13163e-14	12.4428	0	0	0	0	0	0	0	0	0	0	0	0	0	0	0	0	0	0	0	0	0	0	0	0	0	0	0	0	0	0	0	0	0	
1	1	1	740	22.2		300	0	0	0.037	0.037	-0.0446322	0	0	0	204.777	204.777	1.24456e-05	0	0	0	10.3851	-4.30617	0	14.6912		300	0.90185	0.0263087	0.0263087	-0.0338415	0	0	0	0.90185	0	-0.426642	-237.002	0	213.464	213.464	-2.13163e-14	12.4428	0	0	0	0	0	0	0	0	0	0	0	0	0	0	0	0	0	0	0	0	0	0	0	0	0	0	0	0	0	0	0	0	0	
1	1	1	741	22.23		300	0	0	0.03705	0.03705	-0.0446934	0	0	0	204.989	204.989	1.2449e-05	0	0	0	10.4055	-4.295	0	14.7005		300	0.902598	0.0263477	0.0263477	-0.0338916	0	0	0	0.902598	0	-0.426642	-237.002	0	213.464	213.464	-2.13163e-14	12.4428	0	0	0	0	0	0	0	0	0	0	0	0	0	0	0	0	0	0	0	0	0	0	0	0	0	0	0	0	0	0	0	0	0	
1	1	1	742	22.26		300	0	0	0.0371	0.0371	-0.0447547	0	0	0	205.201	205.201	1.24525e-05	0	0	0	10.4261	-4.2838	0	14.7099		300	0.903344	0.0263866	0.0263866	-0.0339416	0	0	0	0.903344	0	-0.426642	-237.002	0	213.464	213.464	-2.13163e-14	12.4428	0	0	0	0	0	0	0	0	0	0	0	0	0	0	0	0	0	0	0	0	0	0	0	0	0	0	0	0	0	0	0	0	0	
1	1	1	743	22.29		300	0	0	0.03715	0.03715	-0.0448159	0	0	0	205.414	205.414	1.24559e-05	0	0	0	10.4466	-4.27255	0	14.7191		300	0.904088	0.0264255	0.0264255	-0.0339916	0	0	0	0.904088	0	-0.426642	-237.002	0	213.464	213.464	-2.13163e-14	12.4428	0	0	0	0	0	0	0	0	0	0	0	0	0	0	0	0	0	0	0	0	0	0	0	0	0	0	0	0	0	0	0	0	0	
1	1	1	744	22.32		300	0	0	0.0372	0.0372	-0.0448771	0	0	0	205.628	205.628	1.24592e-05	0	0	0	10.4671	-4.26126	0	14.7284		300	0.904831	0.0264643	0.0264643	-0.0340415	0	0	0	0.904831	0	-0.426642	-237.002	0	213.464	213.464	-2.13163e-14	12.4428	0	0	0	0	0	0	0	0	0	0	0	0	0	0	0	0	0	0	0	0	0	0	0	0	0	0	0	0	0	0	0	0	0	
1	1	1	745	22.35		300	0	0	0.03725	0.03725	-0.0449383	0	0	0	205.843	205.843	1.24626e-05	0	0	0	10.4877	-4.24993	0	14.7376		300	0.905572	0.0265031	0.0265031	-0.0340914	0	0	0	0.905572	0	-0.426642	-237.002	0	213.464	213.464	-2.13163e-14	12.4428	0	0	0	0	0	0	0	0	0	0	0	0	0	0	0	0	0	0	0	0	0	0	0	0	0	0	0	0	0	0	0	0	0	
1	1	1	746	22.38		300	0	0	0.0373	0.0373	-0.0449995	0	0	0	206.059	206.059	1.24658e-05	0	0	0	10.5083	-4.23856	0	14.7469		300	0.906312	0.0265418	0.0265418	-0.0341412	0	0	0	0.906312	0	-0.426642	-237.002	0	213.464	213.464	-2.13163e-14	12.4428	0	0	0	0	0	0	0	0	0	0	0	0	0	0	0	0	0	0	0	0	0	0	0	0	0	0	0	0	0	0	0	0	0	
1	1	1	747	22.41		300	0	0	0.03735	0.03735	-0.0450607	0	0	0	206.276	206.276	1.24691e-05	0	0	0	10.5289	-4.22715	0	14.7561		300	0.90705	0.0265805	0.0265805	-0.0341909	0	0	0	0.90705	0	-0.426642	-237.002	0	213.464	213.464	-2.13163e-14	12.4428	0	0	0	0	0	0	0	0	0	0	0	0	0	0	0	0	0	0	0	0	0	0	0	0	0	0	0	0	0	0	0	0	0	
1	1	1	748	22.44		300	0	0	0.0374	0.0374	-0.0451218	0	0	0	206.494	206.494	1.24722e-05	0	0	0	10.5496	-4.21569	0	14.7653		300	0.907787	0.0266191	0.0266191	-0.0342406	0	0	0	0.907787	0	-0.426642	-237.002	0	213.464	213.464	-2.13163e-14	12.4428	0	0	0	0	0	0	0	0	0	0	0	0	0	0	0	0	0	0	0	0	0	0	0	0	0	0	0	0	0	0	0	0	0	
1	1	1	749	22.47		300	0	0	0.03745	0.03745	-0.045183	0	0	0	206.713	206.713	1.24754e-05	0	0	0	10.5702	-4.2042	0	14.7744		300	0.908522	0.0266577	0.0266577	-0.0342902	0	0	0	0.908522	0	-0.426642	-237.002	0	213.464	213.464	-2.13163e-14	12.4428	0	0	0	0	0	0	0	0	0	0	0	0	0	0	0	0	0	0	0	0	0	0	0	0	0	0	0	0	0	0	0	0	0	
1	1	1	750	22.5		300	0	0	0.0375	0.0375	-0.0452441	0	0	0	206.932	206.932	1.24785e-05	0	0	0	10.5909	-4.19266	0	14.7836		300	0.909255	0.0266962	0.0266962	-0.0343398	0	0	0	0.909255	0	-0.426642	-237.002	0	213.464	213.464	-2.13163e-14	12.4428	0	0	0	0	0	0	0	0	0	0	0	0	0	0	0	0	0	0	0	0	0	0	0	0	0	0	0	0	0	0	0	0	0	
1	1	1	751	22.53		300	0	0	0.03755	0.03755	-0.0453052	0	0	0	207.153	207.153	1.24815e-05	0	0	0	10.6116	-4.18108	0	14.7927		300	0.909987	0.0267347	0.0267347	-0.0343893	0	0	0	0.909987	0	-0.426642	-237.002	0	213.464	213.464	-2.13163e-14	12.4428	0	0	0	0	0	0	0	0	0	0	0	0	0	0	0	0	0	0	0	0	0	0	0	0	0	0	0	0	0	0	0	0	0	
1	1	1	752	22.56		300	0	0	0.0376	0.0376	-0.0453663	0	0	0	207.375	207.375	1.34784e-05	0	0	0	10.6323	-4.16946	0	14.8018		300	0.910717	0.0267731	0.0267731	-0.0344387	0	0	0	0.910717	0	-0.426642	-237.002	0	213.464	213.464	-2.13163e-14	12.4428	0	0	0	0	0	0	0	0	0	0	0	0	0	0	0	0	0	0	0	0	0	0	0	0	0	0	0	0	0	0	0	0	0	
1	1	1	753	22.59		300	0	0	0.03765	0.03765	-0.0454274	0	0	0	207.598	207.598	1.44635e-05	0	0	0	10.6531	-4.15779	0	14.8109		300	0.911445	0.0268115	0.0268115	-0.034488	0	0	0	0.911445	0	-0.426642	-237.002	0	213.464	213.464	-2.13163e-14	12.4428	0	0	0	0	0	0	0	0	0	0	0	0	0	0	0	0	0	0	0	0	0	0	0	0	0	0	0	0	0	0	0	0	0	
1	1	1	754	22.62		300	0	0	0.0377	0.0377	-0.0454885	0	0	0	207.821	207.821	1.54367e-05	0	0	0	10.6739	-4.14608	0	14.8199		300	0.912172	0.0268498	0.0268498	-0.0345373	0	0	0	0.912172	0	-0.426642	-237.002	0	213.464	213.464	-2.13163e-14	12.4428	0	0	0	0	0	0	0	0	0	0	0	0	0	0	0	0	0	0	0	0	0	0	0	0	0	0	0	0	0	0	0	0	0	
1	1	1	755	22.65		300	0	0	0.03775	0.03775	-0.0455495	0	0	0	208.046	208.046	1.63981e-05	0	0	0	10.6946	-4.13433	0	14.829		300	0.912897	0.0268881	0.0268881	-0.0345865	0	0	0	0.912897	0	-0.426642	-237.002	0	213.464	213.464	-2.13163e-14	12.4428	0	0	0	0	0	0	0	0	0	0	0	0	0	0	0	0	0	0	0	0	0	0	0	0	0	0	0	0	0	0	0	0	0	
1	1	1	756	22.68		300	0	0	0.0378	0.0378	-0.0456106	0	0	0	208.272	208.272	1.73475e-05	0	0	0	10.7155	-4.12254	0	14.838		300	0.91362	0.0269263	0.0269263	-0.0346357	0	0	0	0.91362	0	-0.426642	-237.002	0	213.464	213.464	-2.13163e-14	12.4428	0	0	0	0	0	0	0	0	0	0	0	0	0	0	0	0	0	0	0	0	0	0	0	0	0	0	0	0	0	0	0	0	0	
1	1	1	757	22.71		300	0	0	0.03785	0.03785	-0.0456716	0	0	0	208.499	208.499	1.82849e-05	0	0	0	10.7363	-4.1107	0	14.847		300	0.914342	0.0269644	0.0269644	-0.0346847	0	0	0	0.914342	0	-0.426642	-237.002	0	213.464	213.464	-2.13163e-14	12.4428	0	0	0	0	0	0	0	0	0	0	0	0	0	0	0	0	0	0	0	0	0	0	0	0	0	0	0	0	0	0	0	0	0	
1	1	1	758	22.74		300	0	0	0.0379	0.0379	-0.0457326	0	0	0	208.727	208.727	1.92102e-05	0	0	0	10.7572	-4.09882	0	14.856		300	0.915062	0.0270025	0.0270025	-0.0347337	0	0	0	0.915062	0	-0.426642	-237.002	0	213.464	213.464	-2.13163e-14	12.4428	0	0	0	0	0	0	0	0	0	0	0	0	0	0	0	0	0	0	0	0	0	0	0	0	0	0	0	0	0	0	0	0	0	
1	1	1	759	22.77		300	0	0	0.03795	0.03795	-0.0457936	0	0	0	208.956	208.956	2.01233e-05	0	0	0	10.778	-4.08689	0	14.8649		300	0.91578	0.0270406	0.0270406	-0.0347827	0	0	0	0.91578	0	-0.426642	-237.002	0	213.464	213.464	-2.13163e-14	12.4428	0	0	0	0	0	0	0	0	0	0	0	0	0	0	0	0	0	0	0	0	0	0	0	0	0	0	0	0	0	0	0	0	0	
1	1	1	760	22.8		300	0	0	0.038	0.038	-0.0458546	0	0	0	209.186	209.186	2.10242e-05	0	0	0	10.799	-4.07492	0	14.8739		300	0.916497	0.0270786	0.0270786	-0.0348315	0	0	0	0.916497	0	-0.426642	-237.002	0	213.464	213.464	-2.13163e-14	12.4428	0	0	0	0	0	0	0	0	0	0	0	0	0	0	0	0	0	0	0	0	0	0	0	0	0	0	0	0	0	0	0	0	0	
1	1	1	761	22.83		300	0	0	0.03805	0.03805	-0.0459155	0	0	0	209.417	209.417	2.19128e-05	0	0	0	10.8199	-4.06291	0	14.8828		300	0.917211	0.0271165	0.0271165	-0.0348803	0	0	0	0.917211	0	-0.426642	-237.002	0	213.464	213.464	-2.13163e-14	12.4428	0	0	0	0	0	0	0	0	0	0	0	0	0	0	0	0	0	0	0	0	0	0	0	0	0	0	0	0	0	0	0	0	0	
1	1	1	762	22.86		300	0	0	0.0381	0.0381	-0.0459765	0	0	0	209.649	209.649	2.2789e-05	0	0	0	10.8408	-4.05085	0	14.8917		300	0.917925	0.0271544	0.0271544	-0.034929	0	0	0	0.917925	0	-0.426642	-237.002	0	213.464	213.464	-2.13163e-14	12.4428	0	0	0	0	0	0	0	0	0	0	0	0	0	0	0	0	0	0	0	0	0	0	0	0	0	0	0	0	0	0	0	0	0	
1	1	1	763	22.89		300	0	0	0.03815	0.03815	-0.0460374	0	0	0	209.883	209.883	2.36528e-05	0	0	0	10.8618	-4.03874	0	14.9006		300	0.918636	0.0271922	0.0271922	-0.0349776	0	0	0	0.918636	0	-0.426642	-237.002	0	213.464	213.464	-2.13163e-14	12.4428	0	0	0	0	0	0	0	0	0	0	0	0	0	0	0	0	0	0	0	0	0	0	0	0	0	0	0	0	0	0	0	0	0	
1	1	1	764	22.92		300	0	0	0.0382	0.0382	-0.0460983	0	0	0	210.117	210.117	2.45041e-05	0	0	0	10.8828	-4.02659	0	14.9094		300	0.919345	0.0272299	0.0272299	-0.0350262	0	0	0	0.919345	0	-0.426642	-237.002	0	213.464	213.464	-2.13163e-14	12.4428	0	0	0	0	0	0	0	0	0	0	0	0	0	0	0	0	0	0	0	0	0	0	0	0	0	0	0	0	0	0	0	0	0	
1	1	1	765	22.95		300	0	0	0.03825	0.03825	-0.0461592	0	0	0	210.353	210.353	2.53428e-05	0	0	0	10.9038	-4.01439	0	14.9182		300	0.920053	0.0272676	0.0272676	-0.0350747	0	0	0	0.920053	0	-0.426642	-237.002	0	213.464	213.464	-2.13163e-14	12.4428	0	0	0	0	0	0	0	0	0	0	0	0	0	0	0	0	0	0	0	0	0	0	0	0	0	0	0	0	0	0	0	0	0	
1	1	1	766	22.98		300	0	0	0.0383	0.0383	-0.0462201	0	0	0	210.59	210.59	2.61689e-05	0	0	0	10.9249	-4.00215	0	14.927		300	0.920759	0.0273053	0.0273053	-0.0351231	0	0	0	0.920759	0	-0.426642	-237.002	0	213.464	213.464	-2.13163e-14	12.4428	0	0	0	0	0	0	0	0	0	0	0	0	0	0	0	0	0	0	0	0	0	0	0	0	0	0	0	0	0	0	0	0	0	
1	1	1	767	23.01		300	0	0	0.03835	0.03835	-0.0462809	0	0	0	210.828	210.828	2.69822e-05	0	0	0	10.946	-3.98986	0	14.9358		300	0.921464	0.0273428	0.0273428	-0.0351714	0	0	0	0.921464	0	-0.426642	-237.002	0	213.464	213.464	-2.13163e-14	12.4428	0	0	0	0	0	0	0	0	0	0	0	0	0	0	0	0	0	0	0	0	0	0	0	0	0	0	0	0	0	0	0	0	0	
1	1	1	768	23.04		300	0	0	0.0384	0.0384	-0.0463418	0	0	0	211.067	211.067	2.77828e-05	0	0	0	10.9671	-3.97753	0	14.9446		300	0.922166	0.0273804	0.0273804	-0.0352196	0	0	0	0.922166	0	-0.426642	-237.002	0	213.464	213.464	-2.13163e-14	12.4428	0	0	0	0	0	0	0	0	0	0	0	0	0	0	0	0	0	0	0	0	0	0	0	0	0	0	0	0	0	0	0	0	0	
1	1	1	769	23.07		300	0	0	0.03845	0.03845	-0.0464026	0	0	0	211.307	211.307	2.85705e-05	0	0	0	10.9882	-3.96515	0	14.9533		300	0.922867	0.0274178	0.0274178	-0.0352678	0	0	0	0.922867	0	-0.426642	-237.002	0	213.464	213.464	-2.13163e-14	12.4428	0	0	0	0	0	0	0	0	0	0	0	0	0	0	0	0	0	0	0	0	0	0	0	0	0	0	0	0	0	0	0	0	0	
1	1	1	770	23.1		300	0	0	0.0385	0.0385	-0.0464634	0	0	0	211.549	211.549	2.93452e-05	0	0	0	11.0093	-3.95272	0	14.962		300	0.923565	0.0274552	0.0274552	-0.0353158	0	0	0	0.923565	0	-0.426642	-237.002	0	213.464	213.464	-2.13163e-14	12.4428	0	0	0	0	0	0	0	0	0	0	0	0	0	0	0	0	0	0	0	0	0	0	0	0	0	0	0	0	0	0	0	0	0	
1	1	1	771	23.13		300	0	0	0.03855	0.03855	-0.0465242	0	0	0	211.792	211.792	3.01069e-05	0	0	0	11.0305	-3.94024	0	14.9707		300	0.924262	0.0274925	0.0274925	-0.0353638	0	0	0	0.924262	0	-0.426642	-237.002	0	213.464	213.464	-2.13163e-14	12.4428	0	0	0	0	0	0	0	0	0	0	0	0	0	0	0	0	0	0	0	0	0	0	0	0	0	0	0	0	0	0	0	0	0	
1	1	1	772	23.16		300	0	0	0.0386	0.0386	-0.046585	0	0	0	212.036	212.036	3.08556e-05	0	0	0	11.0517	-3.92772	0	14.9794		300	0.924957	0.0275298	0.0275298	-0.0354118	0	0	0	0.924957	0	-0.426642	-237.002	0	213.464	213.464	-2.13163e-14	12.4428	0	0	0	0	0	0	0	0	0	0	0	0	0	0	0	0	0	0	0	0	0	0	0	0	0	0	0	0	0	0	0	0	0	
1	1	1	773	23.19		300	0	0	0.03865	0.03865	-0.0466458	0	0	0	212.281	212.281	3.15911e-05	0	0	0	11.0729	-3.91515	0	14.988		300	0.92565	0.027567	0.027567	-0.0354596	0	0	0	0.92565	0	-0.426642	-237.002	0	213.464	213.464	-2.13163e-14	12.4428	0	0	0	0	0	0	0	0	0	0	0	0	0	0	0	0	0	0	0	0	0	0	0	0	0	0	0	0	0	0	0	0	0	
1	1	1	774	23.22		300	0	0	0.0387	0.0387	-0.0467065	0	0	0	212.528	212.528	3.23133e-05	0	0	0	11.0941	-3.90253	0	14.9967		300	0.926342	0.0276041	0.0276041	-0.0355073	0	0	0	0.926342	0	-0.426642	-237.002	0	213.464	213.464	-2.13163e-14	12.4428	0	0	0	0	0	0	0	0	0	0	0	0	0	0	0	0	0	0	0	0	0	0	0	0	0	0	0	0	0	0	0	0	0	
1	1	1	775	23.25		300	0	0	0.03875	0.03875	-0.0467672	0	0	0	212.776	212.776	3.30223e-05	0	0	0	11.1154	-3.88986	0	15.0053		300	0.927031	0.0276411	0.0276411	-0.035555	0	0	0	0.927031	0	-0.426642	-237.002	0	213.464	213.464	-2.13163e-14	12.4428	0	0	0	0	0	0	0	0	0	0	0	0	0	0	0	0	0	0	0	0	0	0	0	0	0	0	0	0	0	0	0	0	0	
1	1	1	776	23.28		300	0	0	0.0388	0.0388	-0.0468279	0	0	0	213.025	213.025	3.37179e-05	0	0	0	11.1367	-3.87715	0	15.0138		300	0.927719	0.0276781	0.0276781	-0.0356025	0	0	0	0.927719	0	-0.426642	-237.002	0	213.464	213.464	-2.13163e-14	12.4428	0	0	0	0	0	0	0	0	0	0	0	0	0	0	0	0	0	0	0	0	0	0	0	0	0	0	0	0	0	0	0	0	0	
1	1	1	777	23.31		300	0	0	0.03885	0.03885	-0.0468886	0	0	0	213.276	213.276	3.44e-05	0	0	0	11.158	-3.86438	0	15.0224		300	0.928404	0.027715	0.027715	-0.03565	0	0	0	0.928404	0	-0.426642	-237.002	0	213.464	213.464	-2.13163e-14	12.4428	0	0	0	0	0	0	0	0	0	0	0	0	0	0	0	0	0	0	0	0	0	0	0	0	0	0	0	0	0	0	0	0	0	
1	1	1	778	23.34		300	0	0	0.0389	0.0389	-0.0469492	0	0	0	213.528	213.528	3.50686e-05	0	0	0	11.1793	-3.85157	0	15.0309		300	0.929088	0.0277519	0.0277519	-0.0356974	0	0	0	0.929088	0	-0.426642	-237.002	0	213.464	213.464	-2.13163e-14	12.4428	0	0	0	0	0	0	0	0	0	0	0	0	0	0	0	0	0	0	0	0	0	0	0	0	0	0	0	0	0	0	0	0	0	
1	1	1	779	23.37		300	0	0	0.03895	0.03895	-0.0470099	0	0	0	213.781	213.781	3.57235e-05	0	0	0	11.2007	-3.8387	0	15.0394		300	0.929769	0.0277887	0.0277887	-0.0357447	0	0	0	0.929769	0	-0.426642	-237.002	0	213.464	213.464	-2.13163e-14	12.4428	0	0	0	0	0	0	0	0	0	0	0	0	0	0	0	0	0	0	0	0	0	0	0	0	0	0	0	0	0	0	0	0	0	
1	1	1	780	23.4		300	0	0	0.039	0.039	-0.0470705	0	0	0	214.036	214.036	3.63648e-05	0	0	0	11.2221	-3.82579	0	15.0479		300	0.930449	0.0278254	0.0278254	-0.0357919	0	0	0	0.930449	0	-0.426642	-237.002	0	213.464	213.464	-2.13163e-14	12.4428	0	0	0	0	0	0	0	0	0	0	0	0	0	0	0	0	0	0	0	0	0	0	0	0	0	0	0	0	0	0	0	0	0	
1	1	1	781	23.43		300	0	0	0.03905	0.03905	-0.0471311	0	0	0	214.292	214.292	3.69923e-05	0	0	0	11.2435	-3.81282	0	15.0563		300	0.931127	0.027862	0.027862	-0.035839	0	0	0	0.931127	0	-0.426642	-237.002	0	213.464	213.464	-2.13163e-14	12.4428	0	0	0	0	0	0	0	0	0	0	0	0	0	0	0	0	0	0	0	0	0	0	0	0	0	0	0	0	0	0	0	0	0	
1	1	1	782	23.46		300	0	0	0.0391	0.0391	-0.0471917	0	0	0	214.549	214.549	3.7606e-05	0	0	0	11.265	-3.79981	0	15.0648		300	0.931802	0.0278986	0.0278986	-0.035886	0	0	0	0.931802	0	-0.426642	-237.002	0	213.464	213.464	-2.13163e-14	12.4428	0	0	0	0	0	0	0	0	0	0	0	0	0	0	0	0	0	0	0	0	0	0	0	0	0	0	0	0	0	0	0	0	0	
1	1	1	783	23.49		300	0	0	0.03915	0.03915	-0.0472523	0	0	0	214.808	214.808	3.82057e-05	0	0	0	11.2864	-3.78674	0	15.0732		300	0.932476	0.027935	0.027935	-0.0359329	0	0	0	0.932476	0	-0.426642	-237.002	0	213.464	213.464	-2.13163e-14	12.4428	0	0	0	0	0	0	0	0	0	0	0	0	0	0	0	0	0	0	0	0	0	0	0	0	0	0	0	0	0	0	0	0	0	
1	1	1	784	23.52		300	0	0	0.0392	0.0392	-0.0473128	0	0	0	215.068	215.068	3.87915e-05	0	0	0	11.3079	-3.77363	0	15.0815		300	0.933148	0.0279714	0.0279714	-0.0359798	0	0	0	0.933148	0	-0.426642	-237.002	0	213.464	213.464	-2.13163e-14	12.4428	0	0	0	0	0	0	0	0	0	0	0	0	0	0	0	0	0	0	0	0	0	0	0	0	0	0	0	0	0	0	0	0	0	
1	1	1	785	23.55		300	0	0	0.03925	0.03925	-0.0473733	0	0	0	215.33	215.33	3.93632e-05	0	0	0	11.3294	-3.76046	0	15.0899		300	0.933817	0.0280078	0.0280078	-0.0360265	0	0	0	0.933817	0	-0.426642	-237.002	0	213.464	213.464	-2.13163e-14	12.4428	0	0	0	0	0	0	0	0	0	0	0	0	0	0	0	0	0	0	0	0	0	0	0	0	0	0	0	0	0	0	0	0	0	
1	1	1	786	23.58		300	0	0	0.0393	0.0393	-0.0474338	0	0	0	215.593	215.593	3.99208e-05	0	0	0	11.351	-3.74724	0	15.0982		300	0.934485	0.028044	0.028044	-0.0360731	0	0	0	0.934485	0	-0.426642	-237.002	0	213.464	213.464	-2.13163e-14	12.4428	0	0	0	0	0	0	0	0	0	0	0	0	0	0	0	0	0	0	0	0	0	0	0	0	0	0	0	0	0	0	0	0	0	
1	1	1	787	23.61		300	0	0	0.03935	0.03935	-0.0474943	0	0	0	215.858	215.858	4.04641e-05	0	0	0	11.3726	-3.73397	0	15.1065		300	0.93515	0.0280802	0.0280802	-0.0361196	0	0	0	0.93515	0	-0.426642	-237.002	0	213.464	213.464	-2.13163e-14	12.4428	0	0	0	0	0	0	0	0	0	0	0	0	0	0	0	0	0	0	0	0	0	0	0	0	0	0	0	0	0	0	0	0	0	
1	1	1	788	23.64		300	0	0	0.0394	0.0394	-0.0475547	0	0	0	216.125	216.125	4.09931e-05	0	0	0	11.3942	-3.72064	0	15.1148		300	0.935813	0.0281163	0.0281163	-0.0361661	0	0	0	0.935813	0	-0.426642	-237.002	0	213.464	213.464	-2.13163e-14	12.4428	0	0	0	0	0	0	0	0	0	0	0	0	0	0	0	0	0	0	0	0	0	0	0	0	0	0	0	0	0	0	0	0	0	
1	1	1	789	23.67		300	0	0	0.03945	0.03945	-0.0476152	0	0	0	216.392	216.392	4.15077e-05	0	0	0	11.4158	-3.70726	0	15.123		300	0.936475	0.0281523	0.0281523	-0.0362124	0	0	0	0.936475	0	-0.426642	-237.002	0	213.464	213.464	-2.13163e-14	12.4428	0	0	0	0	0	0	0	0	0	0	0	0	0	0	0	0	0	0	0	0	0	0	0	0	0	0	0	0	0	0	0	0	0	
1	1	1	790	23.7		300	0	0	0.0395	0.0395	-0.0476756	0	0	0	216.662	216.662	4.20079e-05	0	0	0	11.4374	-3.69383	0	15.1313		300	0.937134	0.0281883	0.0281883	-0.0362586	0	0	0	0.937134	0	-0.426642	-237.002	0	213.464	213.464	-2.13163e-14	12.4428	0	0	0	0	0	0	0	0	0	0	0	0	0	0	0	0	0	0	0	0	0	0	0	0	0	0	0	0	0	0	0	0	0	
1	1	1	791	23.73		300	0	0	0.03955	0.03955	-0.047736	0	0	0	216.933	216.933	4.24936e-05	0	0	0	11.4591	-3.68034	0	15.1395		300	0.937791	0.0282241	0.0282241	-0.0363047	0	0	0	0.937791	0	-0.426642	-237.002	0	213.464	213.464	-2.13163e-14	12.4428	0	0	0	0	0	0	0	0	0	0	0	0	0	0	0	0	0	0	0	0	0	0	0	0	0	0	0	0	0	0	0	0	0	
1	1	1	792	23.76		300	0	0	0.0396	0.0396	-0.0477963	0	0	0	217.205	217.205	4.29646e-05	0	0	0	11.4808	-3.6668	0	15.1476		300	0.938446	0.0282599	0.0282599	-0.0363507	0	0	0	0.938446	0	-0.426642	-237.002	0	213.464	213.464	-2.13163e-14	12.4428	0	0	0	0	0	0	0	0	0	0	0	0	0	0	0	0	0	0	0	0	0	0	0	0	0	0	0	0	0	0	0	0	0	
1	1	1	793	23.79		300	0	0	0.03965	0.03965	-0.0478567	0	0	0	217.479	217.479	4.34209e-05	0	0	0	11.5026	-3.65321	0	15.1558		300	0.939098	0.0282956	0.0282956	-0.0363966	0	0	0	0.939098	0	-0.426642	-237.002	0	213.464	213.464	-2.13163e-14	12.4428	0	0	0	0	0	0	0	0	0	0	0	0	0	0	0	0	0	0	0	0	0	0	0	0	0	0	0	0	0	0	0	0	0	
1	1	1	794	23.82		300	0	0	0.0397	0.0397	-0.047917	0	0	0	217.755	217.755	4.38625e-05	0	0	0	11.5243	-3.63956	0	15.1639		300	0.939749	0.0283312	0.0283312	-0.0364424	0	0	0	0.939749	0	-0.426642	-237.002	0	213.464	213.464	-2.13163e-14	12.4428	0	0	0	0	0	0	0	0	0	0	0	0	0	0	0	0	0	0	0	0	0	0	0	0	0	0	0	0	0	0	0	0	0	
1	1	1	795	23.85		300	0	0	0.03975	0.03975	-0.0479773	0	0	0	218.032	218.032	4.42893e-05	0	0	0	11.5461	-3.62586	0	15.172		300	0.940397	0.0283667	0.0283667	-0.0364881	0	0	0	0.940397	0	-0.426642	-237.002	0	213.464	213.464	-2.13163e-14	12.4428	0	0	0	0	0	0	0	0	0	0	0	0	0	0	0	0	0	0	0	0	0	0	0	0	0	0	0	0	0	0	0	0	0	
1	1	1	796	23.88		300	0	0	0.0398	0.0398	-0.0480375	0	0	0	218.311	218.311	4.47011e-05	0	0	0	11.5679	-3.6121	0	15.18		300	0.941043	0.0284021	0.0284021	-0.0365336	0	0	0	0.941043	0	-0.426642	-237.002	0	213.464	213.464	-2.13163e-14	12.4428	0	0	0	0	0	0	0	0	0	0	0	0	0	0	0	0	0	0	0	0	0	0	0	0	0	0	0	0	0	0	0	0	0	
1	1	1	797	23.91		300	0	0	0.03985	0.03985	-0.0480978	0	0	0	218.592	218.592	4.5098e-05	0	0	0	11.5898	-3.59828	0	15.188		300	0.941687	0.0284375	0.0284375	-0.0365791	0	0	0	0.941687	0	-0.426642	-237.002	0	213.464	213.464	-2.13163e-14	12.4428	0	0	0	0	0	0	0	0	0	0	0	0	0	0	0	0	0	0	0	0	0	0	0	0	0	0	0	0	0	0	0	0	0	
1	1	1	798	23.94		300	0	0	0.0399	0.0399	-0.048158	0	0	0	218.875	218.875	4.54797e-05	0	0	0	11.6116	-3.58441	0	15.196		300	0.942328	0.0284727	0.0284727	-0.0366244	0	0	0	0.942328	0	-0.426642	-237.002	0	213.464	213.464	-2.13163e-14	12.4428	0	0	0	0	0	0	0	0	0	0	0	0	0	0	0	0	0	0	0	0	0	0	0	0	0	0	0	0	0	0	0	0	0	
1	1	1	799	23.97		300	0	0	0.03995	0.03995	-0.0482182	0	0	0	219.159	219.159	4.58464e-05	0	0	0	11.6335	-3.57048	0	15.204		300	0.942967	0.0285079	0.0285079	-0.0366696	0	0	0	0.942967	0	-0.426642	-237.002	0	213.464	213.464	-2.13163e-14	12.4428	0	0	0	0	0	0	0	0	0	0	0	0	0	0	0	0	0	0	0	0	0	0	0	0	0	0	0	0	0	0	0	0	0	
1	1	1	800	24		300	0	0	0.04	0.04	-0.0482784	0	0	0	219.445	219.445	4.61978e-05	0	0	0	11.6555	-3.5565	0	15.212		300	0.943604	0.028543	0.028543	-0.0367147	0	0	0	0.943604	0	-0.426642	-237.002	0	213.464	213.464	-2.13163e-14	12.4428	0	0	0	0	0	0	0	0	0	0	0	0	0	0	0	0	0	0	0	0	0	0	0	0	0	0	0	0	0	0	0	0	0	
1	1	1	801	24.03		300	0	0	0.04005	0.04005	-0.0483385	0	0	0	219.733	219.733	4.6534e-05	0	0	0	11.6774	-3.54245	0	15.2199		300	0.944239	0.0285779	0.0285779	-0.0367597	0	0	0	0.944239	0	-0.426642	-237.002	0	213.464	213.464	-2.13163e-14	12.4428	0	0	0	0	0	0	0	0	0	0	0	0	0	0	0	0	0	0	0	0	0	0	0	0	0	0	0	0	0	0	0	0	0	
1	1	1	802	24.06		300	0	0	0.0401	0.0401	-0.0483986	0	0	0	220.022	220.022	4.68548e-05	0	0	0	11.6994	-3.52835	0	15.2278		300	0.944871	0.0286128	0.0286128	-0.0368045	0	0	0	0.944871	0	-0.426642	-237.002	0	213.464	213.464	-2.13163e-14	12.4428	0	0	0	0	0	0	0	0	0	0	0	0	0	0	0	0	0	0	0	0	0	0	0	0	0	0	0	0	0	0	0	0	0	
1	1	1	803	24.09		300	0	0	0.04015	0.04015	-0.0484587	0	0	0	220.314	220.314	4.71601e-05	0	0	0	11.7214	-3.51419	0	15.2356		300	0.945501	0.0286476	0.0286476	-0.0368493	0	0	0	0.945501	0	-0.426642	-237.002	0	213.464	213.464	-2.13163e-14	12.4428	0	0	0	0	0	0	0	0	0	0	0	0	0	0	0	0	0	0	0	0	0	0	0	0	0	0	0	0	0	0	0	0	0	
1	1	1	804	24.12		300	0	0	0.0402	0.0402	-0.0485188	0	0	0	220.607	220.607	4.745e-05	0	0	0	11.7435	-3.49997	0	15.2434		300	0.946128	0.0286823	0.0286823	-0.0368939	0	0	0	0.946128	0	-0.426642	-237.002	0	213.464	213.464	-2.13163e-14	12.4428	0	0	0	0	0	0	0	0	0	0	0	0	0	0	0	0	0	0	0	0	0	0	0	0	0	0	0	0	0	0	0	0	0	
1	1	1	805	24.15		300	0	0	0.04025	0.04025	-0.0485788	0	0	0	220.902	220.902	4.77243e-05	0	0	0	11.7656	-3.48569	0	15.2512		300	0.946753	0.0287169	0.0287169	-0.0369384	0	0	0	0.946753	0	-0.426642	-237.002	0	213.464	213.464	-2.13163e-14	12.4428	0	0	0	0	0	0	0	0	0	0	0	0	0	0	0	0	0	0	0	0	0	0	0	0	0	0	0	0	0	0	0	0	0	
1	1	1	806	24.18		300	0	0	0.0403	0.0403	-0.0486388	0	0	0	221.199	221.199	4.7983e-05	0	0	0	11.7877	-3.47135	0	15.259		300	0.947376	0.0287514	0.0287514	-0.0369827	0	0	0	0.947376	0	-0.426642	-237.002	0	213.464	213.464	-2.13163e-14	12.4428	0	0	0	0	0	0	0	0	0	0	0	0	0	0	0	0	0	0	0	0	0	0	0	0	0	0	0	0	0	0	0	0	0	
1	1	1	807	24.21		300	0	0	0.04035	0.04035	-0.0486988	0	0	0	221.498	221.498	4.8226e-05	0	0	0	11.8098	-3.45695	0	15.2667		300	0.947996	0.0287858	0.0287858	-0.0370269	0	0	0	0.947996	0	-0.426642	-237.002	0	213.464	213.464	-2.13163e-14	12.4428	0	0	0	0	0	0	0	0	0	0	0	0	0	0	0	0	0	0	0	0	0	0	0	0	0	0	0	0	0	0	0	0	0	
1	1	1	808	24.24		300	0	0	0.0404	0.0404	-0.0487587	0	0	0	221.799	221.799	4.84532e-05	0	0	0	11.832	-3.44249	0	15.2745		300	0.948613	0.02882	0.02882	-0.037071	0	0	0	0.948613	0	-0.426642	-237.002	0	213.464	213.464	-2.13163e-14	12.4428	0	0	0	0	0	0	0	0	0	0	0	0	0	0	0	0	0	0	0	0	0	0	0	0	0	0	0	0	0	0	0	0	0	
1	1	1	809	24.27		300	0	0	0.04045	0.04045	-0.0488187	0	0	0	222.102	222.102	4.86646e-05	0	0	0	11.8542	-3.42797	0	15.2821		300	0.949229	0.0288542	0.0288542	-0.037115	0	0	0	0.949229	0	-0.426642	-237.002	0	213.464	213.464	-2.13163e-14	12.4428	0	0	0	0	0	0	0	0	0	0	0	0	0	0	0	0	0	0	0	0	0	0	0	0	0	0	0	0	0	0	0	0	0	
1	1	1	810	24.3		300	0	0	0.0405	0.0405	-0.0488786	0	0	0	222.407	222.407	4.88601e-05	0	0	0	11.8764	-3.41339	0	15.2898		300	0.949841	0.0288883	0.0288883	-0.0371588	0	0	0	0.949841	0	-0.426642	-237.002	0	213.464	213.464	-2.13163e-14	12.4428	0	0	0	0	0	0	0	0	0	0	0	0	0	0	0	0	0	0	0	0	0	0	0	0	0	0	0	0	0	0	0	0	0	
1	1	1	811	24.33		300	0	0	0.04055	0.04055	-0.0489384	0	0	0	222.714	222.714	4.90396e-05	0	0	0	11.8986	-3.39875	0	15.2974		300	0.950451	0.0289223	0.0289223	-0.0372025	0	0	0	0.950451	0	-0.426642	-237.002	0	213.464	213.464	-2.13163e-14	12.4428	0	0	0	0	0	0	0	0	0	0	0	0	0	0	0	0	0	0	0	0	0	0	0	0	0	0	0	0	0	0	0	0	0	
1	1	1	812	24.36		300	0	0	0.0406	0.0406	-0.0489983	0	0	0	223.023	223.023	4.92032e-05	0	0	0	11.9209	-3.38404	0	15.305		300	0.951059	0.0289561	0.0289561	-0.0372461	0	0	0	0.951059	0	-0.426642	-237.002	0	213.464	213.464	-2.13163e-14	12.4428	0	0	0	0	0	0	0	0	0	0	0	0	0	0	0	0	0	0	0	0	0	0	0	0	0	0	0	0	0	0	0	0	0	
1	1	1	813	24.39		300	0	0	0.04065	0.04065	-0.0490581	0	0	0	223.334	223.334	4.93507e-05	0	0	0	11.9432	-3.36927	0	15.3125		300	0.951664	0.0289899	0.0289899	-0.0372895	0	0	0	0.951664	0	-0.426642	-237.002	0	213.464	213.464	-2.13163e-14	12.4428	0	0	0	0	0	0	0	0	0	0	0	0	0	0	0	0	0	0	0	0	0	0	0	0	0	0	0	0	0	0	0	0	0	
1	1	1	814	24.42		300	0	0	0.0407	0.0407	-0.0491178	0	0	0	223.647	223.647	4.9482e-05	0	0	0	11.9656	-3.35444	0	15.32		300	0.952266	0.0290235	0.0290235	-0.0373327	0	0	0	0.952266	0	-0.426642	-237.002	0	213.464	213.464	-2.13163e-14	12.4428	0	0	0	0	0	0	0	0	0	0	0	0	0	0	0	0	0	0	0	0	0	0	0	0	0	0	0	0	0	0	0	0	0	
1	1	1	815	24.45		300	0	0	0.04075	0.04075	-0.0491776	0	0	0	223.963	223.963	4.95972e-05	0	0	0	11.988	-3.33954	0	15.3275		300	0.952866	0.0290571	0.0290571	-0.0373759	0	0	0	0.952866	0	-0.426642	-237.002	0	213.464	213.464	-2.13163e-14	12.4428	0	0	0	0	0	0	0	0	0	0	0	0	0	0	0	0	0	0	0	0	0	0	0	0	0	0	0	0	0	0	0	0	0	
1	1	1	816	24.48		300	0	0	0.0408	0.0408	-0.0492373	0	0	0	224.28	224.28	4.96962e-05	0	0	0	12.0104	-3.32457	0	15.335		300	0.953463	0.0290905	0.0290905	-0.0374188	0	0	0	0.953463	0	-0.426642	-237.002	0	213.464	213.464	-2.13163e-14	12.4428	0	0	0	0	0	0	0	0	0	0	0	0	0	0	0	0	0	0	0	0	0	0	0	0	0	0	0	0	0	0	0	0	0	
1	1	1	817	24.51		300	0	0	0.04085	0.04085	-0.049297	0	0	0	224.6	224.6	4.97789e-05	0	0	0	12.0328	-3.30955	0	15.3424		300	0.954057	0.0291238	0.0291238	-0.0374617	0	0	0	0.954057	0	-0.426642	-237.002	0	213.464	213.464	-2.13163e-14	12.4428	0	0	0	0	0	0	0	0	0	0	0	0	0	0	0	0	0	0	0	0	0	0	0	0	0	0	0	0	0	0	0	0	0	
1	1	1	818	24.54		300	0	0	0.0409	0.0409	-0.0493566	0	0	0	224.922	224.922	4.98453e-05	0	0	0	12.0553	-3.29445	0	15.3498		300	0.954649	0.029157	0.029157	-0.0375043	0	0	0	0.954649	0	-0.426642	-237.002	0	213.464	213.464	-2.13163e-14	12.4428	0	0	0	0	0	0	0	0	0	0	0	0	0	0	0	0	0	0	0	0	0	0	0	0	0	0	0	0	0	0	0	0	0	
1	1	1	819	24.57		300	0	0	0.04095	0.04095	-0.0494162	0	0	0	225.246	225.246	4.98953e-05	0	0	0	12.0778	-3.27929	0	15.3571		300	0.955238	0.0291901	0.0291901	-0.0375469	0	0	0	0.955238	0	-0.426642	-237.002	0	213.464	213.464	-2.13163e-14	12.4428	0	0	0	0	0	0	0	0	0	0	0	0	0	0	0	0	0	0	0	0	0	0	0	0	0	0	0	0	0	0	0	0	0	
1	1	1	820	24.6		300	0	0	0.041	0.041	-0.0494758	0	0	0	225.573	225.573	4.9929e-05	0	0	0	12.1004	-3.26406	0	15.3644		300	0.955824	0.029223	0.029223	-0.0375892	0	0	0	0.955824	0	-0.426642	-237.002	0	213.464	213.464	-2.13163e-14	12.4428	0	0	0	0	0	0	0	0	0	0	0	0	0	0	0	0	0	0	0	0	0	0	0	0	0	0	0	0	0	0	0	0	0	
1	1	1	821	24.63		300	0	0	0.04105	0.04105	-0.0495353	0	0	0	225.902	225.902	4.99462e-05	0	0	0	12.1229	-3.24877	0	15.3717		300	0.956408	0.0292558	0.0292558	-0.0376315	0	0	0	0.956408	0	-0.426642	-237.002	0	213.464	213.464	-2.13163e-14	12.4428	0	0	0	0	0	0	0	0	0	0	0	0	0	0	0	0	0	0	0	0	0	0	0	0	0	0	0	0	0	0	0	0	0	
1	1	1	822	24.66		300	0	0	0.0411	0.0411	-0.0495949	0	0	0	226.233	226.233	5.02712e-05	0	0	0	12.1455	-3.23341	0	15.3789		300	0.956988	0.0292885	0.0292885	-0.0376735	0	0	0	0.956988	0	-0.426642	-237.002	0	213.464	213.464	-2.13163e-14	12.4428	0	0	0	0	0	0	0	0	0	0	0	0	0	0	0	0	0	0	0	0	0	0	0	0	0	0	0	0	0	0	0	0	0	
1	1	1	823	24.69		300	0	0	0.04115	0.04115	-0.0496543	0	0	0	226.567	226.567	5.02555e-05	0	0	0	12.1682	-3.21798	0	15.3861		300	0.957566	0.0293211	0.0293211	-0.0377154	0	0	0	0.957566	0	-0.426642	-237.002	0	213.464	213.464	-2.13163e-14	12.4428	0	0	0	0	0	0	0	0	0	0	0	0	0	0	0	0	0	0	0	0	0	0	0	0	0	0	0	0	0	0	0	0	0	
1	1	1	824	24.72		300	0	0	0.0412	0.0412	-0.0497138	0	0	0	226.903	226.903	5.02233e-05	0	0	0	12.1908	-3.20248	0	15.3933		300	0.958141	0.0293536	0.0293536	-0.0377571	0	0	0	0.958141	0	-0.426642	-237.002	0	213.464	213.464	-2.13163e-14	12.4428	0	0	0	0	0	0	0	0	0	0	0	0	0	0	0	0	0	0	0	0	0	0	0	0	0	0	0	0	0	0	0	0	0	
1	1	1	825	24.75		300	0	0	0.04125	0.04125	-0.0497732	0	0	0	227.241	227.241	5.01745e-05	0	0	0	12.2136	-3.18691	0	15.4005		300	0.958713	0.0293859	0.0293859	-0.0377987	0	0	0	0.958713	0	-0.426642	-237.002	0	213.464	213.464	-2.13163e-14	12.4428	0	0	0	0	0	0	0	0	0	0	0	0	0	0	0	0	0	0	0	0	0	0	0	0	0	0	0	0	0	0	0	0	0	
1	1	1	826	24.78		300	0	0	0.0413	0.0413	-0.0498326	0	0	0	227.582	227.582	5.01092e-05	0	0	0	12.2363	-3.17127	0	15.4076		300	0.959282	0.0294181	0.0294181	-0.0378401	0	0	0	0.959282	0	-0.426642	-237.002	0	213.464	213.464	-2.13163e-14	12.4428	0	0	0	0	0	0	0	0	0	0	0	0	0	0	0	0	0	0	0	0	0	0	0	0	0	0	0	0	0	0	0	0	0	
1	1	1	827	24.81		300	0	0	0.04135	0.04135	-0.0498919	0	0	0	227.926	227.926	5.00273e-05	0	0	0	12.2591	-3.15556	0	15.4146		300	0.959848	0.0294502	0.0294502	-0.0378813	0	0	0	0.959848	0	-0.426642	-237.002	0	213.464	213.464	-2.13163e-14	12.4428	0	0	0	0	0	0	0	0	0	0	0	0	0	0	0	0	0	0	0	0	0	0	0	0	0	0	0	0	0	0	0	0	0	
1	1	1	828	24.84		300	0	0	0.0414	0.0414	-0.0499512	0	0	0	228.272	228.272	4.99289e-05	0	0	0	12.2819	-3.13977	0	15.4217		300	0.960412	0.0294821	0.0294821	-0.0379224	0	0	0	0.960412	0	-0.426642	-237.002	0	213.464	213.464	-2.13163e-14	12.4428	0	0	0	0	0	0	0	0	0	0	0	0	0	0	0	0	0	0	0	0	0	0	0	0	0	0	0	0	0	0	0	0	0	
1	1	1	829	24.87		300	0	0	0.04145	0.04145	-0.0500105	0	0	0	228.62	228.62	4.98138e-05	0	0	0	12.3047	-3.12392	0	15.4286		300	0.960972	0.0295139	0.0295139	-0.0379633	0	0	0	0.960972	0	-0.426642	-237.002	0	213.464	213.464	-2.13163e-14	12.4428	0	0	0	0	0	0	0	0	0	0	0	0	0	0	0	0	0	0	0	0	0	0	0	0	0	0	0	0	0	0	0	0	0	
1	1	1	830	24.9		300	0	0	0.0415	0.0415	-0.0500697	0	0	0	228.972	228.972	4.96822e-05	0	0	0	12.3276	-3.10799	0	15.4356		300	0.961529	0.0295456	0.0295456	-0.038004	0	0	0	0.961529	0	-0.426642	-237.002	0	213.464	213.464	-2.13163e-14	12.4428	0	0	0	0	0	0	0	0	0	0	0	0	0	0	0	0	0	0	0	0	0	0	0	0	0	0	0	0	0	0	0	0	0	
1	1	1	831	24.93		300	0	0	0.04155	0.04155	-0.0501289	0	0	0	229.326	229.326	4.95341e-05	0	0	0	12.3505	-3.09199	0	15.4425		300	0.962083	0.0295771	0.0295771	-0.0380445	0	0	0	0.962083	0	-0.426642	-237.002	0	213.464	213.464	-2.13163e-14	12.4428	0	0	0	0	0	0	0	0	0	0	0	0	0	0	0	0	0	0	0	0	0	0	0	0	0	0	0	0	0	0	0	0	0	
1	1	1	832	24.96		300	0	0	0.0416	0.0416	-0.050188	0	0	0	229.682	229.682	4.93694e-05	0	0	0	12.3735	-3.07592	0	15.4494		300	0.962634	0.0296085	0.0296085	-0.0380849	0	0	0	0.962634	0	-0.426642	-237.002	0	213.464	213.464	-2.13163e-14	12.4428	0	0	0	0	0	0	0	0	0	0	0	0	0	0	0	0	0	0	0	0	0	0	0	0	0	0	0	0	0	0	0	0	0	
1	1	1	833	24.99		300	0	0	0.04165	0.04165	-0.0502471	0	0	0	230.042	230.042	4.91881e-05	0	0	0	12.3965	-3.05977	0	15.4562		300	0.963182	0.0296397	0.0296397	-0.0381251	0	0	0	0.963182	0	-0.426642	-237.002	0	213.464	213.464	-2.13163e-14	12.4428	0	0	0	0	0	0	0	0	0	0	0	0	0	0	0	0	0	0	0	0	0	0	0	0	0	0	0	0	0	0	0	0	0	
1	1	1	834	25.02		300	0	0	0.0417	0.0417	-0.0503062	0	0	0	230.404	230.404	4.89904e-05	0	0	0	12.4195	-3.04355	0	15.463		300	0.963727	0.0296708	0.0296708	-0.038165	0	0	0	0.963727	0	-0.426642	-237.002	0	213.464	213.464	-2.13163e-14	12.4428	0	0	0	0	0	0	0	0	0	0	0	0	0	0	0	0	0	0	0	0	0	0	0	0	0	0	0	0	0	0	0	0	0	
1	1	1	835	25.05		300	0	0	0.04175	0.04175	-0.0503652	0	0	0	230.769	230.769	4.87762e-05	0	0	0	12.4425	-3.02725	0	15.4698		300	0.964268	0.0297017	0.0297017	-0.0382048	0	0	0	0.964268	0	-0.426642	-237.002	0	213.464	213.464	-2.13163e-14	12.4428	0	0	0	0	0	0	0	0	0	0	0	0	0	0	0	0	0	0	0	0	0	0	0	0	0	0	0	0	0	0	0	0	0	
1	1	1	836	25.08		300	0	0	0.0418	0.0418	-0.0504242	0	0	0	231.137	231.137	4.85455e-05	0	0	0	12.4656	-3.01087	0	15.4765		300	0.964807	0.0297325	0.0297325	-0.0382444	0	0	0	0.964807	0	-0.426642	-237.002	0	213.464	213.464	-2.13163e-14	12.4428	0	0	0	0	0	0	0	0	0	0	0	0	0	0	0	0	0	0	0	0	0	0	0	0	0	0	0	0	0	0	0	0	0	
1	1	1	837	25.11		300	0	0	0.04185	0.04185	-0.0504831	0	0	0	231.507	231.507	4.82985e-05	0	0	0	12.4888	-2.99442	0	15.4832		300	0.965342	0.0297632	0.0297632	-0.0382838	0	0	0	0.965342	0	-0.426642	-237.002	0	213.464	213.464	-2.13163e-14	12.4428	0	0	0	0	0	0	0	0	0	0	0	0	0	0	0	0	0	0	0	0	0	0	0	0	0	0	0	0	0	0	0	0	0	
1	1	1	838	25.14		300	0	0	0.0419	0.0419	-0.050542	0	0	0	231.881	231.881	4.80351e-05	0	0	0	12.5119	-2.97789	0	15.4898		300	0.965874	0.0297937	0.0297937	-0.038323	0	0	0	0.965874	0	-0.426642	-237.002	0	213.464	213.464	-2.13163e-14	12.4428	0	0	0	0	0	0	0	0	0	0	0	0	0	0	0	0	0	0	0	0	0	0	0	0	0	0	0	0	0	0	0	0	0	
1	1	1	839	25.17		300	0	0	0.04195	0.04195	-0.0506009	0	0	0	232.258	232.258	4.77555e-05	0	0	0	12.5351	-2.96128	0	15.4964		300	0.966402	0.029824	0.029824	-0.0383621	0	0	0	0.966402	0	-0.426642	-237.002	0	213.464	213.464	-2.13163e-14	12.4428	0	0	0	0	0	0	0	0	0	0	0	0	0	0	0	0	0	0	0	0	0	0	0	0	0	0	0	0	0	0	0	0	0	
1	1	1	840	25.2		300	0	0	0.042	0.042	-0.0506597	0	0	0	232.637	232.637	4.74596e-05	0	0	0	12.5584	-2.94459	0	15.503		300	0.966927	0.0298542	0.0298542	-0.0384009	0	0	0	0.966927	0	-0.426642	-237.002	0	213.464	213.464	-2.13163e-14	12.4428	0	0	0	0	0	0	0	0	0	0	0	0	0	0	0	0	0	0	0	0	0	0	0	0	0	0	0	0	0	0	0	0	0	
1	1	1	841	25.23		300	0	0	0.04205	0.04205	-0.0507185	0	0	0	233.02	233.02	4.71476e-05	0	0	0	12.5817	-2.92782	0	15.5095		300	0.967449	0.0298842	0.0298842	-0.0384395	0	0	0	0.967449	0	-0.426642	-237.002	0	213.464	213.464	-2.13163e-14	12.4428	0	0	0	0	0	0	0	0	0	0	0	0	0	0	0	0	0	0	0	0	0	0	0	0	0	0	0	0	0	0	0	0	0	
1	1	1	842	25.26		300	0	0	0.0421	0.0421	-0.0507772	0	0	0	233.406	233.406	4.68196e-05	0	0	0	12.605	-2.91097	0	15.516		300	0.967968	0.0299141	0.0299141	-0.0384779	0	0	0	0.967968	0	-0.426642	-237.002	0	213.464	213.464	-2.13163e-14	12.4428	0	0	0	0	0	0	0	0	0	0	0	0	0	0	0	0	0	0	0	0	0	0	0	0	0	0	0	0	0	0	0	0	0	
1	1	1	843	25.29		300	0	0	0.04215	0.04215	-0.0508359	0	0	0	233.795	233.795	4.64756e-05	0	0	0	12.6283	-2.89404	0	15.5224		300	0.968483	0.0299438	0.0299438	-0.038516	0	0	0	0.968483	0	-0.426642	-237.002	0	213.464	213.464	-2.13163e-14	12.4428	0	0	0	0	0	0	0	0	0	0	0	0	0	0	0	0	0	0	0	0	0	0	0	0	0	0	0	0	0	0	0	0	0	
1	1	1	844	25.32		300	0	0	0.0422	0.0422	-0.0508945	0	0	0	234.187	234.187	4.61157e-05	0	0	0	12.6517	-2.87702	0	15.5288		300	0.968994	0.0299733	0.0299733	-0.038554	0	0	0	0.968994	0	-0.426642	-237.002	0	213.464	213.464	-2.13163e-14	12.4428	0	0	0	0	0	0	0	0	0	0	0	0	0	0	0	0	0	0	0	0	0	0	0	0	0	0	0	0	0	0	0	0	0	
1	1	1	845	25.35		300	0	0	0.04225	0.04225	-0.0509531	0	0	0	234.582	234.582	4.57401e-05	0	0	0	12.6752	-2.85993	0	15.5351		300	0.969502	0.0300027	0.0300027	-0.0385918	0	0	0	0.969502	0	-0.426642	-237.002	0	213.464	213.464	-2.13163e-14	12.4428	0	0	0	0	0	0	0	0	0	0	0	0	0	0	0	0	0	0	0	0	0	0	0	0	0	0	0	0	0	0	0	0	0	
1	1	1	846	25.38		300	0	0	0.0423	0.0423	-0.0510116	0	0	0	234.981	234.981	4.53489e-05	0	0	0	12.6987	-2.84275	0	15.5414		300	0.970007	0.0300318	0.0300318	-0.0386293	0	0	0	0.970007	0	-0.426642	-237.002	0	213.464	213.464	-2.13163e-14	12.4428	0	0	0	0	0	0	0	0	0	0	0	0	0	0	0	0	0	0	0	0	0	0	0	0	0	0	0	0	0	0	0	0	0	
1	1	1	847	25.41		300	0	0	0.04235	0.04235	-0.0510701	0	0	0	235.383	235.383	4.49423e-05	0	0	0	12.7222	-2.82548	0	15.5477		300	0.970508	0.0300609	0.0300609	-0.0386666	0	0	0	0.970508	0	-0.426642	-237.002	0	213.464	213.464	-2.13163e-14	12.4428	0	0	0	0	0	0	0	0	0	0	0	0	0	0	0	0	0	0	0	0	0	0	0	0	0	0	0	0	0	0	0	0	0	
1	1	1	848	25.44		300	0	0	0.0424	0.0424	-0.0511285	0	0	0	235.788	235.788	4.45203e-05	0	0	0	12.7457	-2.80813	0	15.5539		300	0.971005	0.0300897	0.0300897	-0.0387037	0	0	0	0.971005	0	-0.426642	-237.002	0	213.464	213.464	-2.13163e-14	12.4428	0	0	0	0	0	0	0	0	0	0	0	0	0	0	0	0	0	0	0	0	0	0	0	0	0	0	0	0	0	0	0	0	0	
1	1	1	849	25.47		300	0	0	0.04245	0.04245	-0.0511869	0	0	0	236.197	236.197	4.40831e-05	0	0	0	12.7693	-2.7907	0	15.56		300	0.971498	0.0301184	0.0301184	-0.0387406	0	0	0	0.971498	0	-0.426642	-237.002	0	213.464	213.464	-2.13163e-14	12.4428	0	0	0	0	0	0	0	0	0	0	0	0	0	0	0	0	0	0	0	0	0	0	0	0	0	0	0	0	0	0	0	0	0	
1	1	1	850	25.5		300	0	0	0.0425	0.0425	-0.0512453	0	0	0	236.609	236.609	4.36309e-05	0	0	0	12.793	-2.77317	0	15.5662		300	0.971988	0.0301469	0.0301469	-0.0387772	0	0	0	0.971988	0	-0.426642	-237.002	0	213.464	213.464	-2.13163e-14	12.4428	0	0	0	0	0	0	0	0	0	0	0	0	0	0	0	0	0	0	0	0	0	0	0	0	0	0	0	0	0	0	0	0	0	
1	1	1	851	25.53		300	0	0	0.04255	0.04255	-0.0513036	0	0	0	237.024	237.024	4.31638e-05	0	0	0	12.8167	-2.75556	0	15.5722		300	0.972475	0.0301752	0.0301752	-0.0388136	0	0	0	0.972475	0	-0.426642	-237.002	0	213.464	213.464	-2.13163e-14	12.4428	0	0	0	0	0	0	0	0	0	0	0	0	0	0	0	0	0	0	0	0	0	0	0	0	0	0	0	0	0	0	0	0	0	
1	1	1	852	25.56		300	0	0	0.0426	0.0426	-0.0513618	0	0	0	237.443	237.443	4.26821e-05	0	0	0	12.8404	-2.73786	0	15.5782		300	0.972957	0.0302033	0.0302033	-0.0388497	0	0	0	0.972957	0	-0.426642	-237.002	0	213.464	213.464	-2.13163e-14	12.4428	0	0	0	0	0	0	0	0	0	0	0	0	0	0	0	0	0	0	0	0	0	0	0	0	0	0	0	0	0	0	0	0	0	
1	1	1	853	25.59		300	0	0	0.04265	0.04265	-0.05142	0	0	0	237.866	237.866	4.2186e-05	0	0	0	12.8642	-2.72008	0	15.5842		300	0.973436	0.0302312	0.0302312	-0.0388856	0	0	0	0.973436	0	-0.426642	-237.002	0	213.464	213.464	-2.13163e-14	12.4428	0	0	0	0	0	0	0	0	0	0	0	0	0	0	0	0	0	0	0	0	0	0	0	0	0	0	0	0	0	0	0	0	0	
1	1	1	854	25.62		300	0	0	0.0427	0.0427	-0.0514781	0	0	0	238.292	238.292	4.16756e-05	0	0	0	12.888	-2.7022	0	15.5902		300	0.973911	0.0302589	0.0302589	-0.0389213	0	0	0	0.973911	0	-0.426642	-237.002	0	213.464	213.464	-2.13163e-14	12.4428	0	0	0	0	0	0	0	0	0	0	0	0	0	0	0	0	0	0	0	0	0	0	0	0	0	0	0	0	0	0	0	0	0	
1	1	1	855	25.65		300	0	0	0.04275	0.04275	-0.0515362	0	0	0	238.722	238.722	4.11512e-05	0	0	0	12.9118	-2.68423	0	15.596		300	0.974382	0.0302865	0.0302865	-0.0389567	0	0	0	0.974382	0	-0.426642	-237.002	0	213.464	213.464	-2.13163e-14	12.4428	0	0	0	0	0	0	0	0	0	0	0	0	0	0	0	0	0	0	0	0	0	0	0	0	0	0	0	0	0	0	0	0	0	
1	1	1	856	25.68		300	0	0	0.0428	0.0428	-0.0515942	0	0	0	239.156	239.156	4.06131e-05	0	0	0	12.9357	-2.66617	0	15.6019		300	0.974849	0.0303138	0.0303138	-0.0389919	0	0	0	0.974849	0	-0.426642	-237.002	0	213.464	213.464	-2.13163e-14	12.4428	0	0	0	0	0	0	0	0	0	0	0	0	0	0	0	0	0	0	0	0	0	0	0	0	0	0	0	0	0	0	0	0	0	
1	1	1	857	25.71		300	0	0	0.04285	0.04285	-0.0516522	0	0	0	239.594	239.594	4.00614e-05	0	0	0	12.9596	-2.64802	0	15.6077		300	0.975312	0.030341	0.030341	-0.0390268	0	0	0	0.975312	0	-0.426642	-237.002	0	213.464	213.464	-2.13163e-14	12.4428	0	0	0	0	0	0	0	0	0	0	0	0	0	0	0	0	0	0	0	0	0	0	0	0	0	0	0	0	0	0	0	0	0	
1	1	1	858	25.74		300	0	0	0.0429	0.0429	-0.0517101	0	0	0	240.035	240.035	3.94966e-05	0	0	0	12.9836	-2.62977	0	15.6134		300	0.975771	0.030368	0.030368	-0.0390615	0	0	0	0.975771	0	-0.426642	-237.002	0	213.464	213.464	-2.13163e-14	12.4428	0	0	0	0	0	0	0	0	0	0	0	0	0	0	0	0	0	0	0	0	0	0	0	0	0	0	0	0	0	0	0	0	0	
1	1	1	859	25.77		300	0	0	0.04295	0.04295	-0.051768	0	0	0	240.48	240.48	3.89187e-05	0	0	0	13.0076	-2.61143	0	15.6191		300	0.976226	0.0303947	0.0303947	-0.0390959	0	0	0	0.976226	0	-0.426642	-237.002	0	213.464	213.464	-2.13163e-14	12.4428	0	0	0	0	0	0	0	0	0	0	0	0	0	0	0	0	0	0	0	0	0	0	0	0	0	0	0	0	0	0	0	0	0	
1	1	1	860	25.8		300	0	0	0.043	0.043	-0.0518258	0	0	0	240.93	240.93	3.83282e-05	0	0	0	13.0317	-2.593	0	15.6247		300	0.976678	0.0304213	0.0304213	-0.03913	0	0	0	0.976678	0	-0.426642	-237.002	0	213.464	213.464	-2.13163e-14	12.4428	0	0	0	0	0	0	0	0	0	0	0	0	0	0	0	0	0	0	0	0	0	0	0	0	0	0	0	0	0	0	0	0	0	
1	1	1	861	25.83		300	0	0	0.04305	0.04305	-0.0518836	0	0	0	241.383	241.383	3.77254e-05	0	0	0	13.0558	-2.57446	0	15.6303		300	0.977125	0.0304476	0.0304476	-0.0391639	0	0	0	0.977125	0	-0.426642	-237.002	0	213.464	213.464	-2.13163e-14	12.4428	0	0	0	0	0	0	0	0	0	0	0	0	0	0	0	0	0	0	0	0	0	0	0	0	0	0	0	0	0	0	0	0	0	
1	1	1	862	25.86		300	0	0	0.0431	0.0431	-0.0519412	0	0	0	241.84	241.84	3.71105e-05	0	0	0	13.08	-2.55584	0	15.6358		300	0.977568	0.0304737	0.0304737	-0.0391975	0	0	0	0.977568	0	-0.426642	-237.002	0	213.464	213.464	-2.13163e-14	12.4428	0	0	0	0	0	0	0	0	0	0	0	0	0	0	0	0	0	0	0	0	0	0	0	0	0	0	0	0	0	0	0	0	0	
1	1	1	863	25.89		300	0	0	0.04315	0.04315	-0.0519989	0	0	0	242.301	242.301	3.6484e-05	0	0	0	13.1042	-2.53711	0	15.6413		300	0.978006	0.0304996	0.0304996	-0.0392308	0	0	0	0.978006	0	-0.426642	-237.002	0	213.464	213.464	-2.13163e-14	12.4428	0	0	0	0	0	0	0	0	0	0	0	0	0	0	0	0	0	0	0	0	0	0	0	0	0	0	0	0	0	0	0	0	0	
1	1	1	864	25.92		300	0	0	0.0432	0.0432	-0.0520564	0	0	0	242.767	242.767	3.58462e-05	0	0	0	13.1285	-2.51829	0	15.6467		300	0.978441	0.0305253	0.0305253	-0.0392639	0	0	0	0.978441	0	-0.426642	-237.002	0	213.464	213.464	-2.13163e-14	12.4428	0	0	0	0	0	0	0	0	0	0	0	0	0	0	0	0	0	0	0	0	0	0	0	0	0	0	0	0	0	0	0	0	0	
1	1	1	865	25.95		300	0	0	0.04325	0.04325	-0.052114	0	0	0	243.236	243.236	3.51974e-05	0	0	0	13.1528	-2.49937	0	15.6521		300	0.978871	0.0305508	0.0305508	-0.0392966	0	0	0	0.978871	0	-0.426642	-237.002	0	213.464	213.464	-2.13163e-14	12.4428	0	0	0	0	0	0	0	0	0	0	0	0	0	0	0	0	0	0	0	0	0	0	0	0	0	0	0	0	0	0	0	0	0	
1	1	1	866	25.98		300	0	0	0.0433	0.0433	-0.0521714	0	0	0	243.71	243.71	3.45381e-05	0	0	0	13.1771	-2.48034	0	15.6574		300	0.979298	0.0305761	0.0305761	-0.0393291	0	0	0	0.979298	0	-0.426642	-237.002	0	213.464	213.464	-2.13163e-14	12.4428	0	0	0	0	0	0	0	0	0	0	0	0	0	0	0	0	0	0	0	0	0	0	0	0	0	0	0	0	0	0	0	0	0	
1	1	1	867	26.01		300	0	0	0.04335	0.04335	-0.0522288	0	0	0	244.188	244.188	3.38687e-05	0	0	0	13.2015	-2.46122	0	15.6627		300	0.979719	0.0306011	0.0306011	-0.0393613	0	0	0	0.979719	0	-0.426642	-237.002	0	213.464	213.464	-2.13163e-14	12.4428	0	0	0	0	0	0	0	0	0	0	0	0	0	0	0	0	0	0	0	0	0	0	0	0	0	0	0	0	0	0	0	0	0	
1	1	1	868	26.04		300	0	0	0.0434	0.0434	-0.0522861	0	0	0	244.671	244.671	3.31895e-05	0	0	0	13.2259	-2.44199	0	15.6679		300	0.980137	0.0306259	0.0306259	-0.0393932	0	0	0	0.980137	0	-0.426642	-237.002	0	213.464	213.464	-2.13163e-14	12.4428	0	0	0	0	0	0	0	0	0	0	0	0	0	0	0	0	0	0	0	0	0	0	0	0	0	0	0	0	0	0	0	0	0	
1	1	1	869	26.07		300	0	0	0.04345	0.04345	-0.0523434	0	0	0	245.157	245.157	3.2501e-05	0	0	0	13.2504	-2.42266	0	15.6731		300	0.98055	0.0306505	0.0306505	-0.0394248	0	0	0	0.98055	0	-0.426642	-237.002	0	213.464	213.464	-2.13163e-14	12.4428	0	0	0	0	0	0	0	0	0	0	0	0	0	0	0	0	0	0	0	0	0	0	0	0	0	0	0	0	0	0	0	0	0	
1	1	1	870	26.1		300	0	0	0.0435	0.0435	-0.0524006	0	0	0	245.649	245.649	3.18037e-05	0	0	0	13.275	-2.40323	0	15.6782		300	0.980958	0.0306749	0.0306749	-0.0394561	0	0	0	0.980958	0	-0.426642	-237.002	0	213.464	213.464	-2.13163e-14	12.4428	0	0	0	0	0	0	0	0	0	0	0	0	0	0	0	0	0	0	0	0	0	0	0	0	0	0	0	0	0	0	0	0	0	
1	1	1	871	26.13		300	0	0	0.04355	0.04355	-0.0524577	0	0	0	246.144	246.144	3.10981e-05	0	0	0	13.2996	-2.38369	0	15.6833		300	0.981363	0.030699	0.030699	-0.0394871	0	0	0	0.981363	0	-0.426642	-237.002	0	213.464	213.464	-2.13163e-14	12.4428	0	0	0	0	0	0	0	0	0	0	0	0	0	0	0	0	0	0	0	0	0	0	0	0	0	0	0	0	0	0	0	0	0	
1	1	1	872	26.16		300	0	0	0.0436	0.0436	-0.0525148	0	0	0	246.645	246.645	3.03846e-05	0	0	0	13.3242	-2.36405	0	15.6883		300	0.981762	0.0307229	0.0307229	-0.0395178	0	0	0	0.981762	0	-0.426642	-237.002	0	213.464	213.464	-2.13163e-14	12.4428	0	0	0	0	0	0	0	0	0	0	0	0	0	0	0	0	0	0	0	0	0	0	0	0	0	0	0	0	0	0	0	0	0	
1	1	1	873	26.19		300	0	0	0.04365	0.04365	-0.0525718	0	0	0	247.149	247.149	2.96637e-05	0	0	0	13.3489	-2.3443	0	15.6932		300	0.982158	0.0307465	0.0307465	-0.0395482	0	0	0	0.982158	0	-0.426642	-237.002	0	213.464	213.464	-2.13163e-14	12.4428	0	0	0	0	0	0	0	0	0	0	0	0	0	0	0	0	0	0	0	0	0	0	0	0	0	0	0	0	0	0	0	0	0	
1	1	1	874	26.22		300	0	0	0.0437	0.0437	-0.0526287	0	0	0	247.659	247.659	2.8936e-05	0	0	0	13.3736	-2.32445	0	15.6981		300	0.982548	0.0307699	0.0307699	-0.0395783	0	0	0	0.982548	0	-0.426642	-237.002	0	213.464	213.464	-2.13163e-14	12.4428	0	0	0	0	0	0	0	0	0	0	0	0	0	0	0	0	0	0	0	0	0	0	0	0	0	0	0	0	0	0	0	0	0	
1	1	1	875	26.25		300	0	0	0.04375	0.04375	-0.0526856	0	0	0	248.173	248.173	2.82019e-05	0	0	0	13.3984	-2.30448	0	15.7029		300	0.982934	0.0307931	0.0307931	-0.0396081	0	0	0	0.982934	0	-0.426642	-237.002	0	213.464	213.464	-2.13163e-14	12.4428	0	0	0	0	0	0	0	0	0	0	0	0	0	0	0	0	0	0	0	0	0	0	0	0	0	0	0	0	0	0	0	0	0	
1	1	1	876	26.28		300	0	0	0.0438	0.0438	-0.0527424	0	0	0	248.692	248.692	2.7462e-05	0	0	0	13.4233	-2.28441	0	15.7077		300	0.983316	0.030816	0.030816	-0.0396376	0	0	0	0.983316	0	-0.426642	-237.002	0	213.464	213.464	-2.13163e-14	12.4428	0	0	0	0	0	0	0	0	0	0	0	0	0	0	0	0	0	0	0	0	0	0	0	0	0	0	0	0	0	0	0	0	0	
1	1	1	877	26.31		300	0	0	0.04385	0.04385	-0.0527991	0	0	0	249.216	249.216	2.6717e-05	0	0	0	13.4482	-2.26423	0	15.7124		300	0.983693	0.0308386	0.0308386	-0.0396667	0	0	0	0.983693	0	-0.426642	-237.002	0	213.464	213.464	-2.13163e-14	12.4428	0	0	0	0	0	0	0	0	0	0	0	0	0	0	0	0	0	0	0	0	0	0	0	0	0	0	0	0	0	0	0	0	0	
1	1	1	878	26.34		300	0	0	0.0439	0.0439	-0.0528558	0	0	0	249.744	249.744	2.59672e-05	0	0	0	13.4731	-2.24393	0	15.717		300	0.984065	0.0308611	0.0308611	-0.0396955	0	0	0	0.984065	0	-0.426642	-237.002	0	213.464	213.464	-2.13163e-14	12.4428	0	0	0	0	0	0	0	0	0	0	0	0	0	0	0	0	0	0	0	0	0	0	0	0	0	0	0	0	0	0	0	0	0	
1	1	1	879	26.37		300	0	0	0.04395	0.04395	-0.0529124	0	0	0	250.278	250.278	2.52134e-05	0	0	0	13.4981	-2.22353	0	15.7216		300	0.984432	0.0308832	0.0308832	-0.039724	0	0	0	0.984432	0	-0.426642	-237.002	0	213.464	213.464	-2.13163e-14	12.4428	0	0	0	0	0	0	0	0	0	0	0	0	0	0	0	0	0	0	0	0	0	0	0	0	0	0	0	0	0	0	0	0	0	
1	1	1	880	26.4		300	0	0	0.044	0.044	-0.0529689	0	0	0	250.816	250.816	2.44562e-05	0	0	0	13.5232	-2.20301	0	15.7262		300	0.984795	0.0309051	0.0309051	-0.0397521	0	0	0	0.984795	0	-0.426642	-237.002	0	213.464	213.464	-2.13163e-14	12.4428	0	0	0	0	0	0	0	0	0	0	0	0	0	0	0	0	0	0	0	0	0	0	0	0	0	0	0	0	0	0	0	0	0	
1	1	1	881	26.43		300	0	0	0.04405	0.04405	-0.0530253	0	0	0	251.359	251.359	2.3696e-05	0	0	0	13.5483	-2.18238	0	15.7307		300	0.985152	0.0309267	0.0309267	-0.0397799	0	0	0	0.985152	0	-0.426642	-237.002	0	213.464	213.464	-2.13163e-14	12.4428	0	0	0	0	0	0	0	0	0	0	0	0	0	0	0	0	0	0	0	0	0	0	0	0	0	0	0	0	0	0	0	0	0	
1	1	1	882	26.46		300	0	0	0.0441	0.0441	-0.0530817	0	0	0	251.908	251.908	2.29337e-05	0	0	0	13.5734	-2.16163	0	15.7351		300	0.985505	0.0309481	0.0309481	-0.0398074	0	0	0	0.985505	0	-0.426642	-237.002	0	213.464	213.464	-2.13163e-14	12.4428	0	0	0	0	0	0	0	0	0	0	0	0	0	0	0	0	0	0	0	0	0	0	0	0	0	0	0	0	0	0	0	0	0	
1	1	1	883	26.49		300	0	0	0.04415	0.04415	-0.053138	0	0	0	252.461	252.461	2.21697e-05	0	0	0	13.5987	-2.14077	0	15.7394		300	0.985854	0.0309692	0.0309692	-0.0398346	0	0	0	0.985854	0	-0.426642	-237.002	0	213.464	213.464	-2.13163e-14	12.4428	0	0	0	0	0	0	0	0	0	0	0	0	0	0	0	0	0	0	0	0	0	0	0	0	0	0	0	0	0	0	0	0	0	
1	1	1	884	26.52		300	0	0	0.0442	0.0442	-0.0531942	0	0	0	253.019	253.019	2.14048e-05	0	0	0	13.6239	-2.11979	0	15.7437		300	0.986197	0.0309901	0.0309901	-0.0398614	0	0	0	0.986197	0	-0.426642	-237.002	0	213.464	213.464	-2.13163e-14	12.4428	0	0	0	0	0	0	0	0	0	0	0	0	0	0	0	0	0	0	0	0	0	0	0	0	0	0	0	0	0	0	0	0	0	
1	1	1	885	26.55		300	0	0	0.04425	0.04425	-0.0532504	0	0	0	253.583	253.583	2.06395e-05	0	0	0	13.6493	-2.0987	0	15.748		300	0.986536	0.0310106	0.0310106	-0.0398878	0	0	0	0.986536	0	-0.426642	-237.002	0	213.464	213.464	-2.13163e-14	12.4428	0	0	0	0	0	0	0	0	0	0	0	0	0	0	0	0	0	0	0	0	0	0	0	0	0	0	0	0	0	0	0	0	0	
1	1	1	886	26.58		300	0	0	0.0443	0.0443	-0.0533065	0	0	0	254.152	254.152	1.98745e-05	0	0	0	13.6746	-2.07749	0	15.7521		300	0.986869	0.0310309	0.0310309	-0.0399139	0	0	0	0.986869	0	-0.426642	-237.002	0	213.464	213.464	-2.13163e-14	12.4428	0	0	0	0	0	0	0	0	0	0	0	0	0	0	0	0	0	0	0	0	0	0	0	0	0	0	0	0	0	0	0	0	0	
1	1	1	887	26.61		300	0	0	0.04435	0.04435	-0.0533625	0	0	0	254.726	254.726	1.91106e-05	0	0	0	13.7001	-2.05616	0	15.7562		300	0.987198	0.031051	0.031051	-0.0399397	0	0	0	0.987198	0	-0.426642	-237.002	0	213.464	213.464	-2.13163e-14	12.4428	0	0	0	0	0	0	0	0	0	0	0	0	0	0	0	0	0	0	0	0	0	0	0	0	0	0	0	0	0	0	0	0	0	
1	1	1	888	26.64		300	0	0	0.0444	0.0444	-0.0534184	0	0	0	255.305	255.305	1.83483e-05	0	0	0	13.7256	-2.03471	0	15.7603		300	0.987521	0.0310707	0.0310707	-0.0399651	0	0	0	0.987521	0	-0.426642	-237.002	0	213.464	213.464	-2.13163e-14	12.4428	0	0	0	0	0	0	0	0	0	0	0	0	0	0	0	0	0	0	0	0	0	0	0	0	0	0	0	0	0	0	0	0	0	
1	1	1	889	26.67		300	0	0	0.04445	0.04445	-0.0534742	0	0	0	255.89	255.89	1.75882e-05	0	0	0	13.7512	-2.01314	0	15.7643		300	0.98784	0.0310902	0.0310902	-0.0399901	0	0	0	0.98784	0	-0.426642	-237.002	0	213.464	213.464	-2.13163e-14	12.4428	0	0	0	0	0	0	0	0	0	0	0	0	0	0	0	0	0	0	0	0	0	0	0	0	0	0	0	0	0	0	0	0	0	
1	1	1	890	26.7		300	0	0	0.0445	0.0445	-0.05353	0	0	0	256.48	256.48	1.68312e-05	0	0	0	13.7768	-1.99145	0	15.7682		300	0.988154	0.0311094	0.0311094	-0.0400148	0	0	0	0.988154	0	-0.426642	-237.002	0	213.464	213.464	-2.13163e-14	12.4428	0	0	0	0	0	0	0	0	0	0	0	0	0	0	0	0	0	0	0	0	0	0	0	0	0	0	0	0	0	0	0	0	0	
1	1	1	891	26.73		300	0	0	0.04455	0.04455	-0.0535857	0	0	0	257.075	257.075	1.60778e-05	0	0	0	13.8024	-1.96964	0	15.7721		300	0.988462	0.0311283	0.0311283	-0.0400391	0	0	0	0.988462	0	-0.426642	-237.002	0	213.464	213.464	-2.13163e-14	12.4428	0	0	0	0	0	0	0	0	0	0	0	0	0	0	0	0	0	0	0	0	0	0	0	0	0	0	0	0	0	0	0	0	0	
1	1	1	892	26.76		300	0	0	0.0446	0.0446	-0.0536413	0	0	0	257.676	257.676	1.53287e-05	0	0	0	13.8282	-1.94771	0	15.7759		300	0.988766	0.0311469	0.0311469	-0.0400631	0	0	0	0.988766	0	-0.426642	-237.002	0	213.464	213.464	-2.13163e-14	12.4428	0	0	0	0	0	0	0	0	0	0	0	0	0	0	0	0	0	0	0	0	0	0	0	0	0	0	0	0	0	0	0	0	0	
1	1	1	893	26.79		300	0	0	0.04465	0.04465	-0.0536968	0	0	0	258.282	258.282	1.45845e-05	0	0	0	13.854	-1.92565	0	15.7796		300	0.989065	0.0311653	0.0311653	-0.0400867	0	0	0	0.989065	0	-0.426642	-237.002	0	213.464	213.464	-2.13163e-14	12.4428	0	0	0	0	0	0	0	0	0	0	0	0	0	0	0	0	0	0	0	0	0	0	0	0	0	0	0	0	0	0	0	0	0	
1	1	1	894	26.82		300	0	0	0.0447	0.0447	-0.0537523	0	0	0	258.894	258.894	1.3846e-05	0	0	0	13.8798	-1.90348	0	15.7833		300	0.989358	0.0311834	0.0311834	-0.0401099	0	0	0	0.989358	0	-0.426642	-237.002	0	213.464	213.464	-2.13163e-14	12.4428	0	0	0	0	0	0	0	0	0	0	0	0	0	0	0	0	0	0	0	0	0	0	0	0	0	0	0	0	0	0	0	0	0	
1	1	1	895	26.85		300	0	0	0.04475	0.04475	-0.0538077	0	0	0	259.511	259.511	1.31137e-05	0	0	0	13.9058	-1.88117	0	15.7869		300	0.989647	0.0312012	0.0312012	-0.0401328	0	0	0	0.989647	0	-0.426642	-237.002	0	213.464	213.464	-2.13163e-14	12.4428	0	0	0	0	0	0	0	0	0	0	0	0	0	0	0	0	0	0	0	0	0	0	0	0	0	0	0	0	0	0	0	0	0	
1	1	1	896	26.88		300	0	0	0.0448	0.0448	-0.053863	0	0	0	260.133	260.133	1.23883e-05	0	0	0	13.9317	-1.85874	0	15.7905		300	0.98993	0.0312186	0.0312186	-0.0401553	0	0	0	0.98993	0	-0.426642	-237.002	0	213.464	213.464	-2.13163e-14	12.4428	0	0	0	0	0	0	0	0	0	0	0	0	0	0	0	0	0	0	0	0	0	0	0	0	0	0	0	0	0	0	0	0	0	
1	1	1	897	26.91		300	0	0	0.04485	0.04485	-0.0539182	0	0	0	260.761	260.761	1.16704e-05	0	0	0	13.9578	-1.83619	0	15.794		300	0.990209	0.0312358	0.0312358	-0.0401774	0	0	0	0.990209	0	-0.426642	-237.002	0	213.464	213.464	-2.13163e-14	12.4428	0	0	0	0	0	0	0	0	0	0	0	0	0	0	0	0	0	0	0	0	0	0	0	0	0	0	0	0	0	0	0	0	0	
1	1	1	898	26.94		300	0	0	0.0449	0.0449	-0.0539733	0	0	0	261.395	261.395	1.09606e-05	0	0	0	13.9839	-1.81351	0	15.7974		300	0.990482	0.0312528	0.0312528	-0.0401991	0	0	0	0.990482	0	-0.426642	-237.002	0	213.464	213.464	-2.13163e-14	12.4428	0	0	0	0	0	0	0	0	0	0	0	0	0	0	0	0	0	0	0	0	0	0	0	0	0	0	0	0	0	0	0	0	0	
1	1	1	899	26.97		300	0	0	0.04495	0.04495	-0.0540284	0	0	0	262.034	262.034	1.02596e-05	0	0	0	14.0101	-1.79071	0	15.8008		300	0.99075	0.0312694	0.0312694	-0.0402205	0	0	0	0.99075	0	-0.426642	-237.002	0	213.464	213.464	-2.13163e-14	12.4428	0	0	0	0	0	0	0	0	0	0	0	0	0	0	0	0	0	0	0	0	0	0	0	0	0	0	0	0	0	0	0	0	0	
1	1	1	900	27		300	0	0	0.045	0.045	-0.0540834	0	0	0	262.679	262.679	9.5679e-06	0	0	0	14.0363	-1.76777	0	15.8041		300	0.991013	0.0312857	0.0312857	-0.0402415	0	0	0	0.991013	0	-0.426642	-237.002	0	213.464	213.464	-2.13163e-14	12.4428	0	0	0	0	0	0	0	0	0	0	0	0	0	0	0	0	0	0	0	0	0	0	0	0	0	0	0	0	0	0	0	0	0	
1	1	1	901	27.03		300	0	0	0.04505	0.04505	-0.0541383	0	0	0	263.33	263.33	8.88605e-06	0	0	0	14.0626	-1.74471	0	15.8073		300	0.991271	0.0313018	0.0313018	-0.0402621	0	0	0	0.991271	0	-0.426642	-237.002	0	213.464	213.464	-2.13163e-14	12.4428	0	0	0	0	0	0	0	0	0	0	0	0	0	0	0	0	0	0	0	0	0	0	0	0	0	0	0	0	0	0	0	0	0	
1	1	1	902	27.06		300	0	0	0.0451	0.0451	-0.0541931	0	0	0	263.986	263.986	8.21463e-06	0	0	0	14.089	-1.72152	0	15.8105		300	0.991524	0.0313175	0.0313175	-0.0402824	0	0	0	0.991524	0	-0.426642	-237.002	0	213.464	213.464	-2.13163e-14	12.4428	0	0	0	0	0	0	0	0	0	0	0	0	0	0	0	0	0	0	0	0	0	0	0	0	0	0	0	0	0	0	0	0	0	
1	1	1	903	27.09		300	0	0	0.04515	0.04515	-0.0542478	0	0	0	264.648	264.648	7.55414e-06	0	0	0	14.1154	-1.69821	0	15.8136		300	0.991772	0.031333	0.031333	-0.0403022	0	0	0	0.991772	0	-0.426642	-237.002	0	213.464	213.464	-2.13163e-14	12.4428	0	0	0	0	0	0	0	0	0	0	0	0	0	0	0	0	0	0	0	0	0	0	0	0	0	0	0	0	0	0	0	0	0	
1	1	1	904	27.12		300	0	0	0.0452	0.0452	-0.0543025	0	0	0	265.315	265.315	6.90509e-06	0	0	0	14.1419	-1.67476	0	15.8167		300	0.992015	0.0313481	0.0313481	-0.0403217	0	0	0	0.992015	0	-0.426642	-237.002	0	213.464	213.464	-2.13163e-14	12.4428	0	0	0	0	0	0	0	0	0	0	0	0	0	0	0	0	0	0	0	0	0	0	0	0	0	0	0	0	0	0	0	0	0	
1	1	1	905	27.15		300	0	0	0.04525	0.04525	-0.0543571	0	0	0	265.988	265.988	6.26795e-06	0	0	0	14.1685	-1.65118	0	15.8197		300	0.992253	0.031363	0.031363	-0.0403408	0	0	0	0.992253	0	-0.426642	-237.002	0	213.464	213.464	-2.13163e-14	12.4428	0	0	0	0	0	0	0	0	0	0	0	0	0	0	0	0	0	0	0	0	0	0	0	0	0	0	0	0	0	0	0	0	0	
1	1	1	906	27.18		300	0	0	0.0453	0.0453	-0.0544116	0	0	0	266.666	266.666	5.64317e-06	0	0	0	14.1951	-1.62748	0	15.8226		300	0.992486	0.0313776	0.0313776	-0.0403596	0	0	0	0.992486	0	-0.426642	-237.002	0	213.464	213.464	-2.13163e-14	12.4428	0	0	0	0	0	0	0	0	0	0	0	0	0	0	0	0	0	0	0	0	0	0	0	0	0	0	0	0	0	0	0	0	0	
1	1	1	907	27.21		300	0	0	0.04535	0.04535	-0.054466	0	0	0	267.35	267.35	5.03117e-06	0	0	0	14.2218	-1.60364	0	15.8254		300	0.992714	0.0313918	0.0313918	-0.0403779	0	0	0	0.992714	0	-0.426642	-237.002	0	213.464	213.464	-2.13163e-14	12.4428	0	0	0	0	0	0	0	0	0	0	0	0	0	0	0	0	0	0	0	0	0	0	0	0	0	0	0	0	0	0	0	0	0	
1	1	1	908	27.24		300	0	0	0.0454	0.0454	-0.0545203	0	0	0	268.04	268.04	4.43233e-06	0	0	0	14.2486	-1.57968	0	15.8282		300	0.992937	0.0314058	0.0314058	-0.0403959	0	0	0	0.992937	0	-0.426642	-237.002	0	213.464	213.464	-2.13163e-14	12.4428	0	0	0	0	0	0	0	0	0	0	0	0	0	0	0	0	0	0	0	0	0	0	0	0	0	0	0	0	0	0	0	0	0	
1	1	1	909	27.27		300	0	0	0.04545	0.04545	-0.0545745	0	0	0	268.735	268.735	3.84702e-06	0	0	0	14.2754	-1.55558	0	15.831		300	0.993154	0.0314195	0.0314195	-0.0404135	0	0	0	0.993154	0	-0.426642	-237.002	0	213.464	213.464	-2.13163e-14	12.4428	0	0	0	0	0	0	0	0	0	0	0	0	0	0	0	0	0	0	0	0	0	0	0	0	0	0	0	0	0	0	0	0	0	
1	1	1	910	27.3		300	0	0	0.0455	0.0455	-0.0546287	0	0	0	269.436	269.436	3.27555e-06	0	0	0	14.3023	-1.53135	0	15.8337		300	0.993367	0.0314329	0.0314329	-0.0404308	0	0	0	0.993367	0	-0.426642	-237.002	0	213.464	213.464	-2.13163e-14	12.4428	0	0	0	0	0	0	0	0	0	0	0	0	0	0	0	0	0	0	0	0	0	0	0	0	0	0	0	0	0	0	0	0	0	
1	1	1	911	27.33		300	0	0	0.04555	0.04555	-0.0546828	0	0	0	270.143	270.143	2.71823e-06	0	0	0	14.3293	-1.50699	0	15.8363		300	0.993575	0.0314461	0.0314461	-0.0404476	0	0	0	0.993575	0	-0.426642	-237.002	0	213.464	213.464	-2.13163e-14	12.4428	0	0	0	0	0	0	0	0	0	0	0	0	0	0	0	0	0	0	0	0	0	0	0	0	0	0	0	0	0	0	0	0	0	
1	1	1	912	27.36		300	0	0	0.0456	0.0456	-0.0547368	0	0	0	270.855	270.855	2.17531e-06	0	0	0	14.3563	-1.4825	0	15.8388		300	0.993779	0.0314589	0.0314589	-0.0404641	0	0	0	0.993779	0	-0.426642	-237.002	0	213.464	213.464	-2.13163e-14	12.4428	0	0	0	0	0	0	0	0	0	0	0	0	0	0	0	0	0	0	0	0	0	0	0	0	0	0	0	0	0	0	0	0	0	
1	1	1	913	27.39		300	0	0	0.04565	0.04565	-0.0547907	0	0	0	271.572	271.572	1.64702e-06	0	0	0	14.3835	-1.45788	0	15.8413		300	0.993977	0.0314714	0.0314714	-0.0404802	0	0	0	0.993977	0	-0.426642	-237.002	0	213.464	213.464	-2.13163e-14	12.4428	0	0	0	0	0	0	0	0	0	0	0	0	0	0	0	0	0	0	0	0	0	0	0	0	0	0	0	0	0	0	0	0	0	
1	1	1	914	27.42		300	0	0	0.0457	0.0457	-0.0548446	0	0	0	272.295	272.295	1.13356e-06	0	0	0	14.4107	-1.43313	0	15.8438		300	0.994171	0.0314837	0.0314837	-0.040496	0	0	0	0.994171	0	-0.426642	-237.002	0	213.464	213.464	-2.13163e-14	12.4428	0	0	0	0	0	0	0	0	0	0	0	0	0	0	0	0	0	0	0	0	0	0	0	0	0	0	0	0	0	0	0	0	0	
1	1	1	915	27.45		300	0	0	0.04575	0.04575	-0.0548984	0	0	0	273.024	273.024	6.35067e-07	0	0	0	14.4379	-1.40824	0	15.8462		300	0.994359	0.0314957	0.0314957	-0.0405114	0	0	0	0.994359	0	-0.426642	-237.002	0	213.464	213.464	-2.13163e-14	12.4428	0	0	0	0	0	0	0	0	0	0	0	0	0	0	0	0	0	0	0	0	0	0	0	0	0	0	0	0	0	0	0	0	0	
1	1	1	916	27.48		300	0	0	0.0458	0.0458	-0.0549521	0	0	0	273.757	273.757	1.51674e-07	0	0	0	14.4653	-1.38322	0	15.8485		300	0.994543	0.0315073	0.0315073	-0.0405264	0	0	0	0.994543	0	-0.426642	-237.002	0	213.464	213.464	-2.13163e-14	12.4428	0	0	0	0	0	0	0	0	0	0	0	0	0	0	0	0	0	0	0	0	0	0	0	0	0	0	0	0	0	0	0	0	0	
1	1	1	917	27.51		300	0	0	0.04585	0.04585	-0.0550057	0	0	0	274.497	274.497	-3.16535e-07	0	0	0	14.4927	-1.35808	0	15.8508		300	0.994723	0.0315187	0.0315187	-0.0405411	0	0	0	0.994723	0	-0.426642	-237.002	0	213.464	213.464	-2.13163e-14	12.4428	0	0	0	0	0	0	0	0	0	0	0	0	0	0	0	0	0	0	0	0	0	0	0	0	0	0	0	0	0	0	0	0	0	
1	1	1	918	27.54		300	0	0	0.0459	0.0459	-0.0550592	0	0	0	275.241	275.241	-7.69509e-07	0	0	0	14.5202	-1.3328	0	15.853		300	0.994897	0.0315299	0.0315299	-0.0405554	0	0	0	0.994897	0	-0.426642	-237.002	0	213.464	213.464	-2.13163e-14	12.4428	0	0	0	0	0	0	0	0	0	0	0	0	0	0	0	0	0	0	0	0	0	0	0	0	0	0	0	0	0	0	0	0	0	
1	1	1	919	27.57		300	0	0	0.04595	0.04595	-0.0551127	0	0	0	275.991	275.991	-1.20723e-06	0	0	0	14.5477	-1.30738	0	15.8551		300	0.995068	0.0315407	0.0315407	-0.0405693	0	0	0	0.995068	0	-0.426642	-237.002	0	213.464	213.464	-2.13163e-14	12.4428	0	0	0	0	0	0	0	0	0	0	0	0	0	0	0	0	0	0	0	0	0	0	0	0	0	0	0	0	0	0	0	0	0	
1	1	1	920	27.6		300	0	0	0.046	0.046	-0.0551661	0	0	0	276.746	276.746	-1.62972e-06	0	0	0	14.5754	-1.28184	0	15.8572		300	0.995233	0.0315513	0.0315513	-0.0405829	0	0	0	0.995233	0	-0.426642	-237.002	0	213.464	213.464	-2.13163e-14	12.4428	0	0	0	0	0	0	0	0	0	0	0	0	0	0	0	0	0	0	0	0	0	0	0	0	0	0	0	0	0	0	0	0	0	
1	1	1	921	27.63		300	0	0	0.04605	0.04605	-0.0552194	0	0	0	277.506	277.506	-2.03703e-06	0	0	0	14.6031	-1.25617	0	15.8592		300	0.995394	0.0315616	0.0315616	-0.0405962	0	0	0	0.995394	0	-0.426642	-237.002	0	213.464	213.464	-2.13163e-14	12.4428	0	0	0	0	0	0	0	0	0	0	0	0	0	0	0	0	0	0	0	0	0	0	0	0	0	0	0	0	0	0	0	0	0	
1	1	1	922	27.66		300	0	0	0.0461	0.0461	-0.0552726	0	0	0	278.272	278.272	-2.42924e-06	0	0	0	14.6309	-1.23036	0	15.8612		300	0.995551	0.0315716	0.0315716	-0.0406091	0	0	0	0.995551	0	-0.426642	-237.002	0	213.464	213.464	-2.13163e-14	12.4428	0	0	0	0	0	0	0	0	0	0	0	0	0	0	0	0	0	0	0	0	0	0	0	0	0	0	0	0	0	0	0	0	0	
1	1	1	923	27.69		300	0	0	0.04615	0.04615	-0.0553258	0	0	0	279.042	279.042	-2.80646e-06	0	0	0	14.6587	-1.20442	0	15.8632		300	0.995703	0.0315814	0.0315814	-0.0406216	0	0	0	0.995703	0	-0.426642	-237.002	0	213.464	213.464	-2.13163e-14	12.4428	0	0	0	0	0	0	0	0	0	0	0	0	0	0	0	0	0	0	0	0	0	0	0	0	0	0	0	0	0	0	0	0	0	
1	1	1	924	27.72		300	0	0	0.0462	0.0462	-0.0553789	0	0	0	279.818	279.818	-3.16884e-06	0	0	0	14.6867	-1.17836	0	15.865		300	0.995851	0.0315909	0.0315909	-0.0406339	0	0	0	0.995851	0	-0.426642	-237.002	0	213.464	213.464	-2.13163e-14	12.4428	0	0	0	0	0	0	0	0	0	0	0	0	0	0	0	0	0	0	0	0	0	0	0	0	0	0	0	0	0	0	0	0	0	
1	1	1	925	27.75		300	0	0	0.04625	0.04625	-0.0554319	0	0	0	280.598	280.598	-3.51656e-06	0	0	0	14.7147	-1.15216	0	15.8669		300	0.995995	0.0316002	0.0316002	-0.0406458	0	0	0	0.995995	0	-0.426642	-237.002	0	213.464	213.464	-2.13163e-14	12.4428	0	0	0	0	0	0	0	0	0	0	0	0	0	0	0	0	0	0	0	0	0	0	0	0	0	0	0	0	0	0	0	0	0	
1	1	1	926	27.78		300	0	0	0.0463	0.0463	-0.0554848	0	0	0	281.384	281.384	-3.8498e-06	0	0	0	14.7428	-1.12583	0	15.8686		300	0.996135	0.0316092	0.0316092	-0.0406573	0	0	0	0.996135	0	-0.426642	-237.002	0	213.464	213.464	-2.13163e-14	12.4428	0	0	0	0	0	0	0	0	0	0	0	0	0	0	0	0	0	0	0	0	0	0	0	0	0	0	0	0	0	0	0	0	0	
1	1	1	927	27.81		300	0	0	0.04635	0.04635	-0.0555377	0	0	0	282.174	282.174	-4.16881e-06	0	0	0	14.771	-1.09937	0	15.8703		300	0.99627	0.0316179	0.0316179	-0.0406685	0	0	0	0.99627	0	-0.426642	-237.002	0	213.464	213.464	-2.13163e-14	12.4428	0	0	0	0	0	0	0	0	0	0	0	0	0	0	0	0	0	0	0	0	0	0	0	0	0	0	0	0	0	0	0	0	0	
1	1	1	928	27.84		300	0	0	0.0464	0.0464	-0.0555905	0	0	0	282.969	282.969	-4.47382e-06	0	0	0	14.7992	-1.07279	0	15.872		300	0.996401	0.0316264	0.0316264	-0.0406795	0	0	0	0.996401	0	-0.426642	-237.002	0	213.464	213.464	-2.13163e-14	12.4428	0	0	0	0	0	0	0	0	0	0	0	0	0	0	0	0	0	0	0	0	0	0	0	0	0	0	0	0	0	0	0	0	0	
1	1	1	929	27.87		300	0	0	0.04645	0.04645	-0.0556433	0	0	0	283.769	283.769	-4.7651e-06	0	0	0	14.8276	-1.04607	0	15.8736		300	0.996529	0.0316346	0.0316346	-0.0406901	0	0	0	0.996529	0	-0.426642	-237.002	0	213.464	213.464	-2.13163e-14	12.4428	0	0	0	0	0	0	0	0	0	0	0	0	0	0	0	0	0	0	0	0	0	0	0	0	0	0	0	0	0	0	0	0	0	
1	1	1	930	27.9		300	0	0	0.0465	0.0465	-0.055696	0	0	0	284.573	284.573	-5.04297e-06	0	0	0	14.856	-1.01922	0	15.8752		300	0.996652	0.0316426	0.0316426	-0.0407003	0	0	0	0.996652	0	-0.426642	-237.002	0	213.464	213.464	-2.13163e-14	12.4428	0	0	0	0	0	0	0	0	0	0	0	0	0	0	0	0	0	0	0	0	0	0	0	0	0	0	0	0	0	0	0	0	0	
1	1	1	931	27.93		300	0	0	0.04655	0.04655	-0.0557486	0	0	0	285.382	285.382	-5.30771e-06	0	0	0	14.8845	-0.992251	0	15.8767		300	0.996772	0.0316504	0.0316504	-0.0407103	0	0	0	0.996772	0	-0.426642	-237.002	0	213.464	213.464	-2.13163e-14	12.4428	0	0	0	0	0	0	0	0	0	0	0	0	0	0	0	0	0	0	0	0	0	0	0	0	0	0	0	0	0	0	0	0	0	
1	1	1	932	27.96		300	0	0	0.0466	0.0466	-0.0558011	0	0	0	286.196	286.196	-5.55966e-06	0	0	0	14.9131	-0.96515	0	15.8782		300	0.996888	0.0316579	0.0316579	-0.04072	0	0	0	0.996888	0	-0.426642	-237.002	0	213.464	213.464	-2.13163e-14	12.4428	0	0	0	0	0	0	0	0	0	0	0	0	0	0	0	0	0	0	0	0	0	0	0	0	0	0	0	0	0	0	0	0	0	
1	1	1	933	27.99		300	0	0	0.04665	0.04665	-0.0558536	0	0	0	287.014	287.014	-5.79916e-06	0	0	0	14.9417	-0.937921	0	15.8796		300	0.997	0.0316652	0.0316652	-0.0407294	0	0	0	0.997	0	-0.426642	-237.002	0	213.464	213.464	-2.13163e-14	12.4428	0	0	0	0	0	0	0	0	0	0	0	0	0	0	0	0	0	0	0	0	0	0	0	0	0	0	0	0	0	0	0	0	0	
1	1	1	934	28.02		300	0	0	0.0467	0.0467	-0.055906	0	0	0	287.836	287.836	-6.02657e-06	0	0	0	14.9705	-0.910566	0	15.881		300	0.997109	0.0316723	0.0316723	-0.0407385	0	0	0	0.997109	0	-0.426642	-237.002	0	213.464	213.464	-2.13163e-14	12.4428	0	0	0	0	0	0	0	0	0	0	0	0	0	0	0	0	0	0	0	0	0	0	0	0	0	0	0	0	0	0	0	0	0	
1	1	1	935	28.05		300	0	0	0.04675	0.04675	-0.0559584	0	0	0	288.662	288.662	-6.24225e-06	0	0	0	14.9993	-0.883084	0	15.8824		300	0.997214	0.0316792	0.0316792	-0.0407473	0	0	0	0.997214	0	-0.426642	-237.002	0	213.464	213.464	-2.13163e-14	12.4428	0	0	0	0	0	0	0	0	0	0	0	0	0	0	0	0	0	0	0	0	0	0	0	0	0	0	0	0	0	0	0	0	0	
1	1	1	936	28.08		300	0	0	0.0468	0.0468	-0.0560107	0	0	0	289.493	289.493	-6.44657e-06	0	0	0	15.0282	-0.855476	0	15.8837		300	0.997315	0.0316858	0.0316858	-0.0407558	0	0	0	0.997315	0	-0.426642	-237.002	0	213.464	213.464	-2.13163e-14	12.4428	0	0	0	0	0	0	0	0	0	0	0	0	0	0	0	0	0	0	0	0	0	0	0	0	0	0	0	0	0	0	0	0	0	
1	1	1	937	28.11		300	0	0	0.04685	0.04685	-0.0560629	0	0	0	290.328	290.328	-6.63993e-06	0	0	0	15.0572	-0.827743	0	15.8849		300	0.997413	0.0316922	0.0316922	-0.0407641	0	0	0	0.997413	0	-0.426642	-237.002	0	213.464	213.464	-2.13163e-14	12.4428	0	0	0	0	0	0	0	0	0	0	0	0	0	0	0	0	0	0	0	0	0	0	0	0	0	0	0	0	0	0	0	0	0	
1	1	1	938	28.14		300	0	0	0.0469	0.0469	-0.0561151	0	0	0	291.166	291.166	-6.82269e-06	0	0	0	15.0863	-0.799885	0	15.8861		300	0.997508	0.0316984	0.0316984	-0.0407721	0	0	0	0.997508	0	-0.426642	-237.002	0	213.464	213.464	-2.13163e-14	12.4428	0	0	0	0	0	0	0	0	0	0	0	0	0	0	0	0	0	0	0	0	0	0	0	0	0	0	0	0	0	0	0	0	0	
1	1	1	939	28.17		300	0	0	0.04695	0.04695	-0.0561672	0	0	0	292.009	292.009	-6.99526e-06	0	0	0	15.1154	-0.771904	0	15.8873		300	0.9976	0.0317045	0.0317045	-0.0407798	0	0	0	0.9976	0	-0.426642	-237.002	0	213.464	213.464	-2.13163e-14	12.4428	0	0	0	0	0	0	0	0	0	0	0	0	0	0	0	0	0	0	0	0	0	0	0	0	0	0	0	0	0	0	0	0	0	
1	1	1	940	28.2		300	0	0	0.047	0.047	-0.0562193	0	0	0	292.855	292.855	-7.15803e-06	0	0	0	15.1447	-0.743798	0	15.8885		300	0.997688	0.0317103	0.0317103	-0.0407873	0	0	0	0.997688	0	-0.426642	-237.002	0	213.464	213.464	-2.13163e-14	12.4428	0	0	0	0	0	0	0	0	0	0	0	0	0	0	0	0	0	0	0	0	0	0	0	0	0	0	0	0	0	0	0	0	0	
1	1	1	941	28.23		300	0	0	0.04705	0.04705	-0.0562713	0	0	0	293.705	293.705	-7.31139e-06	0	0	0	15.174	-0.715569	0	15.8896		300	0.997774	0.0317159	0.0317159	-0.0407945	0	0	0	0.997774	0	-0.426642	-237.002	0	213.464	213.464	-2.13163e-14	12.4428	0	0	0	0	0	0	0	0	0	0	0	0	0	0	0	0	0	0	0	0	0	0	0	0	0	0	0	0	0	0	0	0	0	
1	1	1	942	28.26		300	0	0	0.0471	0.0471	-0.0563233	0	0	0	294.559	294.559	-7.45572e-06	0	0	0	15.2034	-0.687218	0	15.8906		300	0.997856	0.0317213	0.0317213	-0.0408015	0	0	0	0.997856	0	-0.426642	-237.002	0	213.464	213.464	-2.13163e-14	12.4428	0	0	0	0	0	0	0	0	0	0	0	0	0	0	0	0	0	0	0	0	0	0	0	0	0	0	0	0	0	0	0	0	0	
1	1	1	943	28.29		300	0	0	0.04715	0.04715	-0.0563752	0	0	0	295.416	295.416	-7.59143e-06	0	0	0	15.2329	-0.658745	0	15.8916		300	0.997936	0.0317266	0.0317266	-0.0408082	0	0	0	0.997936	0	-0.426642	-237.002	0	213.464	213.464	-2.13163e-14	12.4428	0	0	0	0	0	0	0	0	0	0	0	0	0	0	0	0	0	0	0	0	0	0	0	0	0	0	0	0	0	0	0	0	0	
1	1	1	944	28.32		300	0	0	0.0472	0.0472	-0.056427	0	0	0	296.277	296.277	-7.71889e-06	0	0	0	15.2625	-0.630151	0	15.8926		300	0.998012	0.0317316	0.0317316	-0.0408147	0	0	0	0.998012	0	-0.426642	-237.002	0	213.464	213.464	-2.13163e-14	12.4428	0	0	0	0	0	0	0	0	0	0	0	0	0	0	0	0	0	0	0	0	0	0	0	0	0	0	0	0	0	0	0	0	0	
1	1	1	945	28.35		300	0	0	0.04725	0.04725	-0.0564789	0	0	0	297.141	297.141	-7.83848e-06	0	0	0	15.2922	-0.601436	0	15.8936		300	0.998086	0.0317365	0.0317365	-0.040821	0	0	0	0.998086	0	-0.426642	-237.002	0	213.464	213.464	-2.13163e-14	12.4428	0	0	0	0	0	0	0	0	0	0	0	0	0	0	0	0	0	0	0	0	0	0	0	0	0	0	0	0	0	0	0	0	0	
1	1	1	946	28.38		300	0	0	0.0473	0.0473	-0.0565306	0	0	0	298.008	298.008	-7.95058e-06	0	0	0	15.3219	-0.572601	0	15.8945		300	0.998157	0.0317412	0.0317412	-0.0408271	0	0	0	0.998157	0	-0.426642	-237.002	0	213.464	213.464	-2.13163e-14	12.4428	0	0	0	0	0	0	0	0	0	0	0	0	0	0	0	0	0	0	0	0	0	0	0	0	0	0	0	0	0	0	0	0	0	
1	1	1	947	28.41		300	0	0	0.04735	0.04735	-0.0565823	0	0	0	298.879	298.879	-8.05555e-06	0	0	0	15.3518	-0.543647	0	15.8954		300	0.998226	0.0317458	0.0317458	-0.0408329	0	0	0	0.998226	0	-0.426642	-237.002	0	213.464	213.464	-2.13163e-14	12.4428	0	0	0	0	0	0	0	0	0	0	0	0	0	0	0	0	0	0	0	0	0	0	0	0	0	0	0	0	0	0	0	0	0	
1	1	1	948	28.44		300	0	0	0.0474	0.0474	-0.056634	0	0	0	299.753	299.753	-8.15376e-06	0	0	0	15.3817	-0.514574	0	15.8963		300	0.998292	0.0317502	0.0317502	-0.0408386	0	0	0	0.998292	0	-0.426642	-237.002	0	213.464	213.464	-2.13163e-14	12.4428	0	0	0	0	0	0	0	0	0	0	0	0	0	0	0	0	0	0	0	0	0	0	0	0	0	0	0	0	0	0	0	0	0	
1	1	1	949	28.47		300	0	0	0.04745	0.04745	-0.0566857	0	0	0	300.629	300.629	-8.24555e-06	0	0	0	15.4117	-0.485383	0	15.8971		300	0.998355	0.0317544	0.0317544	-0.040844	0	0	0	0.998355	0	-0.426642	-237.002	0	213.464	213.464	-2.13163e-14	12.4428	0	0	0	0	0	0	0	0	0	0	0	0	0	0	0	0	0	0	0	0	0	0	0	0	0	0	0	0	0	0	0	0	0	
1	1	1	950	28.5		300	0	0	0.0475	0.0475	-0.0567329	0	0	0	301.02	301.02	-8.81647e-06	0	0	0	15.4418	-0.472359	0	15.9142		300	0.998383	0.031784	0.031784	-0.0408707	0	0	0	0.999037	0.000654407	-0.426642	-237.002	0	213.464	213.464	-2.13163e-14	12.4428	0	0	0	0	0	0	0	0	0	0	0	0	0	0	0	0	0	0	0	0	0	0	0	0	0	0	0	0	0	0	0	0	0	
1	1	1	951	28.53		300	0	0	0.04755	0.04755	-0.056778	0	0	0	301.156	301.156	-8.1639e-06	0	0	0	15.4719	-0.467831	0	15.9397		300	0.998392	0.0318269	0.0318269	-0.0409085	0	0	0	1.00004	0.00165081	-0.426642	-237.002	0	213.464	213.464	-2.13163e-14	12.4428	0	0	0	0	0	0	0	0	0	0	0	0	0	0	0	0	0	0	0	0	0	0	0	0	0	0	0	0	0	0	0	0	0	
1	1	1	952	28.56		300	0	0	0.0476	0.0476	-0.056823	0	0	0	301.292	301.292	-7.49766e-06	0	0	0	15.502	-0.463295	0	15.9653		300	0.998402	0.0318698	0.0318698	-0.0409464	0	0	0	1.00105	0.00264732	-0.426642	-237.002	0	213.464	213.464	-2.13163e-14	12.4428	0	0	0	0	0	0	0	0	0	0	0	0	0	0	0	0	0	0	0	0	0	0	0	0	0	0	0	0	0	0	0	0	0	
1	1	1	953	28.59		300	0	0	0.04765	0.04765	-0.0568679	0	0	0	301.429	301.429	-6.81742e-06	0	0	0	15.5322	-0.458751	0	15.9909		300	0.998411	0.0319126	0.0319126	-0.0409841	0	0	0	1.00205	0.00364393	-0.426642	-237.002	0	213.464	213.464	-2.13163e-14	12.4428	0	0	0	0	0	0	0	0	0	0	0	0	0	0	0	0	0	0	0	0	0	0	0	0	0	0	0	0	0	0	0	0	0	
1	1	1	954	28.62		300	0	0	0.0477	0.0477	-0.0569129	0	0	0	301.565	301.565	-6.12282e-06	0	0	0	15.5623	-0.454199	0	16.0165		300	0.99842	0.0319555	0.0319555	-0.0410219	0	0	0	1.00306	0.00464065	-0.426642	-237.002	0	213.464	213.464	-2.13163e-14	12.4428	0	0	0	0	0	0	0	0	0	0	0	0	0	0	0	0	0	0	0	0	0	0	0	0	0	0	0	0	0	0	0	0	0	
1	1	1	955	28.65		300	0	0	0.04775	0.04775	-0.0569578	0	0	0	301.702	301.702	-5.4135e-06	0	0	0	15.5925	-0.44964	0	16.0421		300	0.99843	0.0319984	0.0319984	-0.0410596	0	0	0	1.00407	0.00563746	-0.426642	-237.002	0	213.464	213.464	-2.13163e-14	12.4428	0	0	0	0	0	0	0	0	0	0	0	0	0	0	0	0	0	0	0	0	0	0	0	0	0	0	0	0	0	0	0	0	0	
1	1	1	956	28.68		300	0	0	0.0478	0.0478	-0.0570027	0	0	0	301.839	301.839	-4.6891e-06	0	0	0	15.6227	-0.445072	0	16.0677		300	0.998439	0.0320412	0.0320412	-0.0410973	0	0	0	1.00507	0.00663437	-0.426642	-237.002	0	213.464	213.464	-2.13163e-14	12.4428	0	0	0	0	0	0	0	0	0	0	0	0	0	0	0	0	0	0	0	0	0	0	0	0	0	0	0	0	0	0	0	0	0	
1	1	1	957	28.71		300	0	0	0.04785	0.04785	-0.0570476	0	0	0	301.976	301.976	-3.94922e-06	0	0	0	15.6528	-0.440496	0	16.0933		300	0.998448	0.0320841	0.0320841	-0.0411349	0	0	0	1.00608	0.00763137	-0.426642	-237.002	0	213.464	213.464	-2.13163e-14	12.4428	0	0	0	0	0	0	0	0	0	0	0	0	0	0	0	0	0	0	0	0	0	0	0	0	0	0	0	0	0	0	0	0	0	
1	1	1	958	28.74		300	0	0	0.0479	0.0479	-0.0570924	0	0	0	302.114	302.114	-3.19348e-06	0	0	0	15.683	-0.435912	0	16.119		300	0.998457	0.0321269	0.0321269	-0.0411725	0	0	0	1.00709	0.00862846	-0.426642	-237.002	0	213.464	213.464	-2.13163e-14	12.4428	0	0	0	0	0	0	0	0	0	0	0	0	0	0	0	0	0	0	0	0	0	0	0	0	0	0	0	0	0	0	0	0	0	
1	1	1	959	28.77		300	0	0	0.04795	0.04795	-0.0571373	0	0	0	302.251	302.251	-2.42148e-06	0	0	0	15.7133	-0.43132	0	16.1446		300	0.998466	0.0321697	0.0321697	-0.0412101	0	0	0	1.00809	0.00962564	-0.426642	-237.002	0	213.464	213.464	-2.13163e-14	12.4428	0	0	0	0	0	0	0	0	0	0	0	0	0	0	0	0	0	0	0	0	0	0	0	0	0	0	0	0	0	0	0	0	0	
1	1	1	960	28.8		300	0	0	0.048	0.048	-0.0571821	0	0	0	302.389	302.389	-1.6328e-06	0	0	0	15.7435	-0.426719	0	16.1702		300	0.998475	0.0322125	0.0322125	-0.0412476	0	0	0	1.0091	0.0106229	-0.426642	-237.002	0	213.464	213.464	-2.13163e-14	12.4428	0	0	0	0	0	0	0	0	0	0	0	0	0	0	0	0	0	0	0	0	0	0	0	0	0	0	0	0	0	0	0	0	0	
1	1	1	961	28.83		300	0	0	0.04805	0.04805	-0.0572268	0	0	0	302.528	302.528	-8.27024e-07	0	0	0	15.7737	-0.42211	0	16.1959		300	0.998484	0.0322553	0.0322553	-0.0412851	0	0	0	1.0101	0.0116202	-0.426642	-237.002	0	213.464	213.464	-2.13163e-14	12.4428	0	0	0	0	0	0	0	0	0	0	0	0	0	0	0	0	0	0	0	0	0	0	0	0	0	0	0	0	0	0	0	0	0	
1	1	1	962	28.86		300	0	0	0.0481	0.0481	-0.0572716	0	0	0	302.666	302.666	-3.70407e-09	0	0	0	15.804	-0.417492	0	16.2215		300	0.998493	0.032298	0.032298	-0.0413226	0	0	0	1.01111	0.0126177	-0.426642	-237.002	0	213.464	213.464	-2.13163e-14	12.4428	0	0	0	0	0	0	0	0	0	0	0	0	0	0	0	0	0	0	0	0	0	0	0	0	0	0	0	0	0	0	0	0	0	
1	1	1	963	28.89		300	0	0	0.04815	0.04815	-0.0573163	0	0	0	302.805	302.805	8.37604e-07	0	0	0	15.8343	-0.412866	0	16.2471		300	0.998502	0.0323408	0.0323408	-0.04136	0	0	0	1.01212	0.0136152	-0.426642	-237.002	0	213.464	213.464	-2.13163e-14	12.4428	0	0	0	0	0	0	0	0	0	0	0	0	0	0	0	0	0	0	0	0	0	0	0	0	0	0	0	0	0	0	0	0	0	
1	1	1	964	28.92		300	0	0	0.0482	0.0482	-0.057361	0	0	0	302.943	302.943	1.69736e-06	0	0	0	15.8646	-0.408232	0	16.2728		300	0.998511	0.0323836	0.0323836	-0.0413974	0	0	0	1.01312	0.0146127	-0.426642	-237.002	0	213.464	213.464	-2.13163e-14	12.4428	0	0	0	0	0	0	0	0	0	0	0	0	0	0	0	0	0	0	0	0	0	0	0	0	0	0	0	0	0	0	0	0	0	
1	1	1	965	28.95		300	0	0	0.04825	0.04825	-0.0574057	0	0	0	303.083	303.083	2.57604e-06	0	0	0	15.8949	-0.403589	0	16.2985		300	0.99852	0.0324263	0.0324263	-0.0414348	0	0	0	1.01413	0.0156104	-0.426642	-237.002	0	213.464	213.464	-2.13163e-14	12.4428	0	0	0	0	0	0	0	0	0	0	0	0	0	0	0	0	0	0	0	0	0	0	0	0	0	0	0	0	0	0	0	0	0	
1	1	1	966	28.98		300	0	0	0.0483	0.0483	-0.0574504	0	0	0	303.222	303.222	3.47414e-06	0	0	0	15.9252	-0.398937	0	16.3241		300	0.998528	0.032469	0.032469	-0.0414721	0	0	0	1.01514	0.0166081	-0.426642	-237.002	0	213.464	213.464	-2.13163e-14	12.4428	0	0	0	0	0	0	0	0	0	0	0	0	0	0	0	0	0	0	0	0	0	0	0	0	0	0	0	0	0	0	0	0	0	
1	1	1	967	29.01		300	0	0	0.04835	0.04835	-0.057495	0	0	0	303.362	303.362	4.39214e-06	0	0	0	15.9555	-0.394276	0	16.3498		300	0.998537	0.0325117	0.0325117	-0.0415094	0	0	0	1.01614	0.0176059	-0.426642	-237.002	0	213.464	213.464	-2.13163e-14	12.4428	0	0	0	0	0	0	0	0	0	0	0	0	0	0	0	0	0	0	0	0	0	0	0	0	0	0	0	0	0	0	0	0	0	
1	1	1	968	29.04		300	0	0	0.0484	0.0484	-0.0575396	0	0	0	303.501	303.501	5.33058e-06	0	0	0	15.9859	-0.389606	0	16.3755		300	0.998546	0.0325544	0.0325544	-0.0415466	0	0	0	1.01715	0.0186037	-0.426642	-237.002	0	213.464	213.464	-2.13163e-14	12.4428	0	0	0	0	0	0	0	0	0	0	0	0	0	0	0	0	0	0	0	0	0	0	0	0	0	0	0	0	0	0	0	0	0	
1	1	1	969	29.07		300	0	0	0.04845	0.04845	-0.0575842	0	0	0	303.642	303.642	6.28998e-06	0	0	0	16.0162	-0.384928	0	16.4011		300	0.998554	0.0325971	0.0325971	-0.0415838	0	0	0	1.01816	0.0196016	-0.426642	-237.002	0	213.464	213.464	-2.13163e-14	12.4428	0	0	0	0	0	0	0	0	0	0	0	0	0	0	0	0	0	0	0	0	0	0	0	0	0	0	0	0	0	0	0	0	0	
1	1	1	970	29.1		300	0	0	0.0485	0.0485	-0.0576288	0	0	0	303.782	303.782	7.27088e-06	0	0	0	16.0466	-0.38024	0	16.4268		300	0.998563	0.0326398	0.0326398	-0.041621	0	0	0	1.01916	0.0205996	-0.426642	-237.002	0	213.464	213.464	-2.13163e-14	12.4428	0	0	0	0	0	0	0	0	0	0	0	0	0	0	0	0	0	0	0	0	0	0	0	0	0	0	0	0	0	0	0	0	0	
1	1	1	971	29.13		300	0	0	0.04855	0.04855	-0.0576733	0	0	0	303.922	303.922	7.29338e-06	0	0	0	16.077	-0.375544	0	16.4525		300	0.998572	0.0326824	0.0326824	-0.0416581	0	0	0	1.02017	0.0215976	-0.426642	-237.002	0	213.464	213.464	-2.13163e-14	12.4428	0	0	0	0	0	0	0	0	0	0	0	0	0	0	0	0	0	0	0	0	0	0	0	0	0	0	0	0	0	0	0	0	0	
1	1	1	972	29.16		300	0	0	0.0486	0.0486	-0.0577179	0	0	0	304.063	304.063	7.31651e-06	0	0	0	16.1074	-0.370838	0	16.4782		300	0.99858	0.0327251	0.0327251	-0.0416952	0	0	0	1.02118	0.0225957	-0.426642	-237.002	0	213.464	213.464	-2.13163e-14	12.4428	0	0	0	0	0	0	0	0	0	0	0	0	0	0	0	0	0	0	0	0	0	0	0	0	0	0	0	0	0	0	0	0	0	
1	1	1	973	29.19		300	0	0	0.04865	0.04865	-0.0577624	0	0	0	304.204	304.204	7.34028e-06	0	0	0	16.1378	-0.366123	0	16.5039		300	0.998589	0.0327677	0.0327677	-0.0417323	0	0	0	1.02218	0.0235938	-0.426642	-237.002	0	213.464	213.464	-2.13163e-14	12.4428	0	0	0	0	0	0	0	0	0	0	0	0	0	0	0	0	0	0	0	0	0	0	0	0	0	0	0	0	0	0	0	0	0	
1	1	1	974	29.22		300	0	0	0.0487	0.0487	-0.0578068	0	0	0	304.346	304.346	7.36472e-06	0	0	0	16.1682	-0.361399	0	16.5296		300	0.998597	0.0328103	0.0328103	-0.0417693	0	0	0	1.02319	0.0245919	-0.426642	-237.002	0	213.464	213.464	-2.13163e-14	12.4428	0	0	0	0	0	0	0	0	0	0	0	0	0	0	0	0	0	0	0	0	0	0	0	0	0	0	0	0	0	0	0	0	0	
1	1	1	975	29.25		300	0	0	0.04875	0.04875	-0.0578513	0	0	0	304.487	304.487	7.38985e-06	0	0	0	16.1986	-0.356666	0	16.5553		300	0.998605	0.032853	0.032853	-0.0418063	0	0	0	1.0242	0.0255901	-0.426642	-237.002	0	213.464	213.464	-2.13163e-14	12.4428	0	0	0	0	0	0	0	0	0	0	0	0	0	0	0	0	0	0	0	0	0	0	0	0	0	0	0	0	0	0	0	0	0	
1	1	1	976	29.28		300	0	0	0.0488	0.0488	-0.0578957	0	0	0	304.629	304.629	7.4157e-06	0	0	0	16.2291	-0.351923	0	16.581		300	0.998614	0.0328955	0.0328955	-0.0418433	0	0	0	1.0252	0.0265884	-0.426642	-237.002	0	213.464	213.464	-2.13163e-14	12.4428	0	0	0	0	0	0	0	0	0	0	0	0	0	0	0	0	0	0	0	0	0	0	0	0	0	0	0	0	0	0	0	0	0	
1	1	1	977	29.31		300	0	0	0.04885	0.04885	-0.0579401	0	0	0	304.771	304.771	7.44227e-06	0	0	0	16.2596	-0.347171	0	16.6067		300	0.998622	0.0329381	0.0329381	-0.0418802	0	0	0	1.02621	0.0275867	-0.426642	-237.002	0	213.464	213.464	-2.13163e-14	12.4428	0	0	0	0	0	0	0	0	0	0	0	0	0	0	0	0	0	0	0	0	0	0	0	0	0	0	0	0	0	0	0	0	0	
1	1	1	978	29.34		300	0	0	0.0489	0.0489	-0.0579845	0	0	0	304.914	304.914	7.46961e-06	0	0	0	16.2901	-0.342409	0	16.6325		300	0.99863	0.0329807	0.0329807	-0.0419171	0	0	0	1.02722	0.028585	-0.426642	-237.002	0	213.464	213.464	-2.13163e-14	12.4428	0	0	0	0	0	0	0	0	0	0	0	0	0	0	0	0	0	0	0	0	0	0	0	0	0	0	0	0	0	0	0	0	0	
1	1	1	979	29.37		300	0	0	0.04895	0.04895	-0.0580289	0	0	0	305.057	305.057	7.49773e-06	0	0	0	16.3206	-0.337637	0	16.6582		300	0.998639	0.0330232	0.0330232	-0.0419539	0	0	0	1.02822	0.0295833	-0.426642	-237.002	0	213.464	213.464	-2.13163e-14	12.4428	0	0	0	0	0	0	0	0	0	0	0	0	0	0	0	0	0	0	0	0	0	0	0	0	0	0	0	0	0	0	0	0	0	
1	1	1	980	29.4		300	0	0	0.049	0.049	-0.0580732	0	0	0	305.199	305.199	7.52666e-06	0	0	0	16.3511	-0.332856	0	16.6839		300	0.998647	0.0330658	0.0330658	-0.0419907	0	0	0	1.02923	0.0305816	-0.426642	-237.002	0	213.464	213.464	-2.13163e-14	12.4428	0	0	0	0	0	0	0	0	0	0	0	0	0	0	0	0	0	0	0	0	0	0	0	0	0	0	0	0	0	0	0	0	0	
1	1	1	981	29.43		300	0	0	0.04905	0.04905	-0.0581175	0	0	0	305.343	305.343	7.55642e-06	0	0	0	16.3816	-0.328065	0	16.7097		300	0.998655	0.0331083	0.0331083	-0.0420275	0	0	0	1.03024	0.03158	-0.426642	-237.002	0	213.464	213.464	-2.13163e-14	12.4428	0	0	0	0	0	0	0	0	0	0	0	0	0	0	0	0	0	0	0	0	0	0	0	0	0	0	0	0	0	0	0	0	0	
1	1	1	982	29.46		300	0	0	0.0491	0.0491	-0.0581618	0	0	0	305.486	305.486	7.58704e-06	0	0	0	16.4121	-0.323264	0	16.7354		300	0.998663	0.0331508	0.0331508	-0.0420642	0	0	0	1.03124	0.0325784	-0.426642	-237.002	0	213.464	213.464	-2.13163e-14	12.4428	0	0	0	0	0	0	0	0	0	0	0	0	0	0	0	0	0	0	0	0	0	0	0	0	0	0	0	0	0	0	0	0	0	
1	1	1	983	29.49		300	0	0	0.04915	0.04915	-0.0582061	0	0	0	305.63	305.63	7.61855e-06	0	0	0	16.4427	-0.318453	0	16.7611		300	0.998671	0.0331933	0.0331933	-0.0421009	0	0	0	1.03225	0.0335768	-0.426642	-237.002	0	213.464	213.464	-2.13163e-14	12.4428	0	0	0	0	0	0	0	0	0	0	0	0	0	0	0	0	0	0	0	0	0	0	0	0	0	0	0	0	0	0	0	0	0	
1	1	1	984	29.52		300	0	0	0.0492	0.0492	-0.0582503	0	0	0	305.774	305.774	7.65098e-06	0	0	0	16.4733	-0.313632	0	16.7869		300	0.998679	0.0332358	0.0332358	-0.0421375	0	0	0	1.03325	0.0345753	-0.426642	-237.002	0	213.464	213.464	-2.13163e-14	12.4428	0	0	0	0	0	0	0	0	0	0	0	0	0	0	0	0	0	0	0	0	0	0	0	0	0	0	0	0	0	0	0	0	0	
1	1	1	985	29.55		300	0	0	0.04925	0.04925	-0.0582945	0	0	0	305.918	305.918	7.68436e-06	0	0	0	16.5038	-0.308801	0	16.8126		300	0.998687	0.0332782	0.0332782	-0.0421742	0	0	0	1.03426	0.0355737	-0.426642	-237.002	0	213.464	213.464	-2.13163e-14	12.4428	0	0	0	0	0	0	0	0	0	0	0	0	0	0	0	0	0	0	0	0	0	0	0	0	0	0	0	0	0	0	0	0	0	
1	1	1	986	29.58		300	0	0	0.0493	0.0493	-0.0583387	0	0	0	306.063	306.063	7.71872e-06	0	0	0	16.5344	-0.30396	0	16.8384		300	0.998695	0.0333207	0.0333207	-0.0422107	0	0	0	1.03527	0.0365721	-0.426642	-237.002	0	213.464	213.464	-2.13163e-14	12.4428	0	0	0	0	0	0	0	0	0	0	0	0	0	0	0	0	0	0	0	0	0	0	0	0	0	0	0	0	0	0	0	0	0	
1	1	1	987	29.61		300	0	0	0.04935	0.04935	-0.0583829	0	0	0	306.208	306.208	7.75408e-06	0	0	0	16.5651	-0.299109	0	16.8642		300	0.998703	0.0333631	0.0333631	-0.0422473	0	0	0	1.03627	0.0375706	-0.426642	-237.002	0	213.464	213.464	-2.13163e-14	12.4428	0	0	0	0	0	0	0	0	0	0	0	0	0	0	0	0	0	0	0	0	0	0	0	0	0	0	0	0	0	0	0	0	0	
1	1	1	988	29.64		300	0	0	0.0494	0.0494	-0.058427	0	0	0	306.353	306.353	7.79049e-06	0	0	0	16.5957	-0.294247	0	16.8899		300	0.998711	0.0334056	0.0334056	-0.0422838	0	0	0	1.03728	0.038569	-0.426642	-237.002	0	213.464	213.464	-2.13163e-14	12.4428	0	0	0	0	0	0	0	0	0	0	0	0	0	0	0	0	0	0	0	0	0	0	0	0	0	0	0	0	0	0	0	0	0	
1	1	1	989	29.67		300	0	0	0.04945	0.04945	-0.0584712	0	0	0	306.498	306.498	7.82798e-06	0	0	0	16.6263	-0.289375	0	16.9157		300	0.998719	0.033448	0.033448	-0.0423202	0	0	0	1.03829	0.0395675	-0.426642	-237.002	0	213.464	213.464	-2.13163e-14	12.4428	0	0	0	0	0	0	0	0	0	0	0	0	0	0	0	0	0	0	0	0	0	0	0	0	0	0	0	0	0	0	0	0	0	
1	1	1	990	29.7		300	0	0	0.0495	0.0495	-0.0585153	0	0	0	306.644	306.644	7.86658e-06	0	0	0	16.657	-0.284492	0	16.9415		300	0.998727	0.0334904	0.0334904	-0.0423567	0	0	0	1.03929	0.0405659	-0.426642	-237.002	0	213.464	213.464	-2.13163e-14	12.4428	0	0	0	0	0	0	0	0	0	0	0	0	0	0	0	0	0	0	0	0	0	0	0	0	0	0	0	0	0	0	0	0	0	
1	1	1	991	29.73		300	0	0	0.04955	0.04955	-0.0585594	0	0	0	306.79	306.79	7.90633e-06	0	0	0	16.6877	-0.279598	0	16.9673		300	0.998734	0.0335327	0.0335327	-0.0423931	0	0	0	1.0403	0.0415643	-0.426642	-237.002	0	213.464	213.464	-2.13163e-14	12.4428	0	0	0	0	0	0	0	0	0	0	0	0	0	0	0	0	0	0	0	0	0	0	0	0	0	0	0	0	0	0	0	0	0	
1	1	1	992	29.76		300	0	0	0.0496	0.0496	-0.0586034	0	0	0	306.936	306.936	7.94728e-06	0	0	0	16.7183	-0.274694	0	16.993		300	0.998742	0.0335751	0.0335751	-0.0424294	0	0	0	1.0413	0.0425627	-0.426642	-237.002	0	213.464	213.464	-2.13163e-14	12.4428	0	0	0	0	0	0	0	0	0	0	0	0	0	0	0	0	0	0	0	0	0	0	0	0	0	0	0	0	0	0	0	0	0	
1	1	1	993	29.79		300	0	0	0.04965	0.04965	-0.0586475	0	0	0	307.083	307.083	7.98945e-06	0	0	0	16.749	-0.269779	0	17.0188		300	0.99875	0.0336174	0.0336174	-0.0424657	0	0	0	1.04231	0.0435611	-0.426642	-237.002	0	213.464	213.464	-2.13163e-14	12.4428	0	0	0	0	0	0	0	0	0	0	0	0	0	0	0	0	0	0	0	0	0	0	0	0	0	0	0	0	0	0	0	0	0	
1	1	1	994	29.82		300	0	0	0.0497	0.0497	-0.0586915	0	0	0	307.23	307.23	8.03289e-06	0	0	0	16.7798	-0.264854	0	17.0446		300	0.998757	0.0336598	0.0336598	-0.042502	0	0	0	1.04332	0.0445594	-0.426642	-237.002	0	213.464	213.464	-2.13163e-14	12.4428	0	0	0	0	0	0	0	0	0	0	0	0	0	0	0	0	0	0	0	0	0	0	0	0	0	0	0	0	0	0	0	0	0	
1	1	1	995	29.85		300	0	0	0.04975	0.04975	-0.0587355	0	0	0	307.377	307.377	8.07764e-06	0	0	0	16.8105	-0.259917	0	17.0704		300	0.998765	0.0337021	0.0337021	-0.0425382	0	0	0	1.04432	0.0455578	-0.426642	-237.002	0	213.464	213.464	-2.13163e-14	12.4428	0	0	0	0	0	0	0	0	0	0	0	0	0	0	0	0	0	0	0	0	0	0	0	0	0	0	0	0	0	0	0	0	0	
1	1	1	996	29.88		300	0	0	0.0498	0.0498	-0.0587794	0	0	0	307.525	307.525	8.12374e-06	0	0	0	16.8412	-0.254969	0	17.0962		300	0.998773	0.0337444	0.0337444	-0.0425744	0	0	0	1.04533	0.046556	-0.426642	-237.002	0	213.464	213.464	-2.13163e-14	12.4428	0	0	0	0	0	0	0	0	0	0	0	0	0	0	0	0	0	0	0	0	0	0	0	0	0	0	0	0	0	0	0	0	0	
1	1	1	997	29.91		300	0	0	0.04985	0.04985	-0.0588234	0	0	0	307.672	307.672	8.17125e-06	0	0	0	16.872	-0.25001	0	17.122		300	0.99878	0.0337867	0.0337867	-0.0426106	0	0	0	1.04633	0.0475543	-0.426642	-237.002	0	213.464	213.464	-2.13163e-14	12.4428	0	0	0	0	0	0	0	0	0	0	0	0	0	0	0	0	0	0	0	0	0	0	0	0	0	0	0	0	0	0	0	0	0	
1	1	1	998	29.94		300	0	0	0.0499	0.0499	-0.0588673	0	0	0	307.82	307.82	8.2202e-06	0	0	0	16.9028	-0.24504	0	17.1478		300	0.998788	0.0338289	0.0338289	-0.0426467	0	0	0	1.04734	0.0485525	-0.426642	-237.002	0	213.464	213.464	-2.13163e-14	12.4428	0	0	0	0	0	0	0	0	0	0	0	0	0	0	0	0	0	0	0	0	0	0	0	0	0	0	0	0	0	0	0	0	0	
1	1	1	999	29.97		300	0	0	0.04995	0.04995	-0.0589112	0	0	0	307.969	307.969	8.27066e-06	0	0	0	16.9336	-0.240059	0	17.1736		300	0.998795	0.0338712	0.0338712	-0.0426828	0	0	0	1.04835	0.0495507	-0.426642	-237.002	0	213.464	213.464	-2.13163e-14	12.4428	0	0	0	0	0	0	0	0	0	0	0	0	0	0	0	0	0	0	0	0	0	0	0	0	0	0	0	0	0	0	0	0	0	
1	1	1	1000	30		300	0	0	0.05	0.05	-0.0589551	0	0	0	308.118	308.118	8.32266e-06	0	0	0	16.9644	-0.235066	0	17.1994		300	0.998802	0.0339134	0.0339134	-0.0427188	0	0	0	1.04935	0.0505488	-0.426642	-237.002	0	213.464	213.464	-2.13163e-14	12.4428	0	0	0	0	0	0	0	0	0	0	0	0	0	0	0	0	0	0	0	0	0	0	0	0	0	0	0	0	0	0	0	0	0	
