1	1	1	1	0.03		300	0	0	5e-05	-5e-05	6.77626e-21	0	0	0	0.476625	-0.476625	1.33415e-17	0	0	0	2.38313e-05	-4.91661	0	4.91663		300	0.117647	0	0	0	0	0	0	0.117647	0	-0.426642	-237.002	0	213.464	213.464	-2.13163e-14	12.4428	0	0	0	0	0	0	0	0	0	0	0	0	0	0	0	0	0	0	0	0	0	0	0	0	0	0	0	0	0	0	0	0	0	
1	1	1	2	0.06		300	0	0	0.0001	-0.0001	1.35525e-20	0	0	0	0.95325	-0.95325	2.6683e-17	0	0	0	9.5325e-05	-4.91654	0	4.91663		300	0.117647	0	0	0	0	0	0	0.117647	0	-0.426642	-237.002	0	213.464	213.464	-2.13163e-14	12.4428	0	0	0	0	0	0	0	0	0	0	0	0	0	0	0	0	0	0	0	0	0	0	0	0	0	0	0	0	0	0	0	0	0	
1	1	1	3	0.09		300	0	0	0.00015	-0.00015	2.03288e-20	0	0	0	1.42988	-1.42988	1.96261e-16	0	0	0	0.000214481	-4.91642	0	4.91663		300	0.117647	0	0	0	0	0	0	0.117647	0	-0.426642	-237.002	0	213.464	213.464	-2.13163e-14	12.4428	0	0	0	0	0	0	0	0	0	0	0	0	0	0	0	0	0	0	0	0	0	0	0	0	0	0	0	0	0	0	0	0	0	
1	1	1	4	0.12		300	0	0	0.0002	-0.0002	2.71051e-20	0	0	0	1.9065	-1.9065	5.3366e-17	0	0	0	0.0003813	-4.91625	0	4.91663		300	0.117647	0	0	0	0	0	0	0.117647	0	-0.426642	-237.002	0	213.464	213.464	-2.13163e-14	12.4428	0	0	0	0	0	0	0	0	0	0	0	0	0	0	0	0	0	0	0	0	0	0	0	0	0	0	0	0	0	0	0	0	0	
1	1	1	5	0.15		300	0	0	0.00025	-0.00025	3.38813e-20	0	0	0	2.38313	-2.38313	1.32516e-16	0	0	0	0.000595781	-4.91604	0	4.91663		300	0.117647	0	0	0	0	0	0	0.117647	0	-0.426642	-237.002	0	213.464	213.464	-2.13163e-14	12.4428	0	0	0	0	0	0	0	0	0	0	0	0	0	0	0	0	0	0	0	0	0	0	0	0	0	0	0	0	0	0	0	0	0	
1	1	1	6	0.18		300	0	0	0.0003	-0.0003	4.06576e-20	0	0	0	2.85975	-2.85975	3.92522e-16	0	0	0	0.000857925	-4.91577	0	4.91663		300	0.117647	0	0	0	0	0	0	0.117647	0	-0.426642	-237.002	0	213.464	213.464	-2.13163e-14	12.4428	0	0	0	0	0	0	0	0	0	0	0	0	0	0	0	0	0	0	0	0	0	0	0	0	0	0	0	0	0	0	0	0	0	
1	1	1	7	0.21		300	0	0	0.00035	-0.00035	4.74338e-20	0	0	0	3.33638	-3.33638	2.08439e-16	0	0	0	0.00116773	-4.91546	0	4.91663		300	0.117647	0	0	0	0	0	0	0.117647	0	-0.426642	-237.002	0	213.464	213.464	-2.13163e-14	12.4428	0	0	0	0	0	0	0	0	0	0	0	0	0	0	0	0	0	0	0	0	0	0	0	0	0	0	0	0	0	0	0	0	0	
1	1	1	8	0.24		300	0	0	0.0004	-0.0004	5.42101e-20	0	0	0	3.813	-3.813	4.68445e-16	0	0	0	0.0015252	-4.91511	0	4.91663		300	0.117647	0	0	0	0	0	0	0.117647	0	-0.426642	-237.002	0	213.464	213.464	-2.13163e-14	12.4428	0	0	0	0	0	0	0	0	0	0	0	0	0	0	0	0	0	0	0	0	0	0	0	0	0	0	0	0	0	0	0	0	0	
1	1	1	9	0.27		300	0	0	0.00045	-0.00045	6.09864e-20	0	0	0	4.28963	-4.28963	2.84362e-16	0	0	0	0.00193033	-4.9147	0	4.91663		300	0.117647	0	0	0	0	0	0	0.117647	0	-0.426642	-237.002	0	213.464	213.464	-2.13163e-14	12.4428	0	0	0	0	0	0	0	0	0	0	0	0	0	0	0	0	0	0	0	0	0	0	0	0	0	0	0	0	0	0	0	0	0	
1	1	1	10	0.3		300	0	0	0.0005	-0.0005	6.77626e-20	0	0	0	4.76625	-4.76625	1.00279e-16	0	0	0	0.00238313	-4.91425	0	4.91663		300	0.117647	0	0	0	0	0	0	0.117647	0	-0.426642	-237.002	0	213.464	213.464	-2.13163e-14	12.4428	0	0	0	0	0	0	0	0	0	0	0	0	0	0	0	0	0	0	0	0	0	0	0	0	0	0	0	0	0	0	0	0	0	
1	1	1	11	0.33		300	0	0	0.00055	-0.00055	7.45389e-20	0	0	0	5.24288	-5.24288	8.04375e-16	0	0	0	0.00288358	-4.91375	0	4.91663		300	0.117647	0	0	0	0	0	0	0.117647	0	-0.426642	-237.002	0	213.464	213.464	-2.13163e-14	12.4428	0	0	0	0	0	0	0	0	0	0	0	0	0	0	0	0	0	0	0	0	0	0	0	0	0	0	0	0	0	0	0	0	0	
1	1	1	12	0.36		300	0	0	0.0006	-0.0006	8.13152e-20	0	0	0	5.7195	-5.7195	6.20292e-16	0	0	0	0.0034317	-4.9132	0	4.91663		300	0.117647	0	0	0	0	0	0	0.117647	0	-0.426642	-237.002	0	213.464	213.464	-2.13163e-14	12.4428	0	0	0	0	0	0	0	0	0	0	0	0	0	0	0	0	0	0	0	0	0	0	0	0	0	0	0	0	0	0	0	0	0	
1	1	1	13	0.39		300	0	0	0.00065	-0.00065	8.80914e-20	0	0	0	6.19613	-6.19613	4.36209e-16	0	0	0	0.00402748	-4.9126	0	4.91663		300	0.117647	0	0	0	0	0	0	0.117647	0	-0.426642	-237.002	0	213.464	213.464	-2.13163e-14	12.4428	0	0	0	0	0	0	0	0	0	0	0	0	0	0	0	0	0	0	0	0	0	0	0	0	0	0	0	0	0	0	0	0	0	
1	1	1	14	0.42		300	0	0	0.0007	-0.0007	9.48677e-20	0	0	0	6.67275	-6.67275	2.52126e-16	0	0	0	0.00467093	-4.91196	0	4.91663		300	0.117647	0	0	0	0	0	0	0.117647	0	-0.426642	-237.002	0	213.464	213.464	-2.13163e-14	12.4428	0	0	0	0	0	0	0	0	0	0	0	0	0	0	0	0	0	0	0	0	0	0	0	0	0	0	0	0	0	0	0	0	0	
1	1	1	15	0.45		300	0	0	0.00075	-0.00075	1.01644e-19	0	0	0	7.14938	-7.14938	9.56221e-16	0	0	0	0.00536203	-4.91127	0	4.91663		300	0.117647	0	0	0	0	0	0	0.117647	0	-0.426642	-237.002	0	213.464	213.464	-2.13163e-14	12.4428	0	0	0	0	0	0	0	0	0	0	0	0	0	0	0	0	0	0	0	0	0	0	0	0	0	0	0	0	0	0	0	0	0	
1	1	1	16	0.48		300	0	0	0.0008	-0.0008	1.0842e-19	0	0	0	7.626	-7.626	7.72139e-16	0	0	0	0.0061008	-4.91053	0	4.91663		300	0.117647	0	0	0	0	0	0	0.117647	0	-0.426642	-237.002	0	213.464	213.464	-2.13163e-14	12.4428	0	0	0	0	0	0	0	0	0	0	0	0	0	0	0	0	0	0	0	0	0	0	0	0	0	0	0	0	0	0	0	0	0	
1	1	1	17	0.51		300	0	0	0.00085	-0.00085	1.15196e-19	0	0	0	8.10263	-8.10263	1.47623e-15	0	0	0	0.00688723	-4.90974	0	4.91663		300	0.117647	0	0	0	0	0	0	0.117647	0	-0.426642	-237.002	0	213.464	213.464	-2.13163e-14	12.4428	0	0	0	0	0	0	0	0	0	0	0	0	0	0	0	0	0	0	0	0	0	0	0	0	0	0	0	0	0	0	0	0	0	
1	1	1	18	0.54		300	0	0	0.0009	-0.0009	1.21973e-19	0	0	0	8.57925	-8.57925	1.29215e-15	0	0	0	0.00772133	-4.90891	0	4.91663		300	0.117647	0	0	0	0	0	0	0.117647	0	-0.426642	-237.002	0	213.464	213.464	-2.13163e-14	12.4428	0	0	0	0	0	0	0	0	0	0	0	0	0	0	0	0	0	0	0	0	0	0	0	0	0	0	0	0	0	0	0	0	0	
1	1	1	19	0.57		300	0	0	0.00095	-0.00095	1.28749e-19	0	0	0	9.05588	-9.05588	1.10807e-15	0	0	0	0.00860308	-4.90803	0	4.91663		300	0.117647	0	0	0	0	0	0	0.117647	0	-0.426642	-237.002	0	213.464	213.464	-2.13163e-14	12.4428	0	0	0	0	0	0	0	0	0	0	0	0	0	0	0	0	0	0	0	0	0	0	0	0	0	0	0	0	0	0	0	0	0	
1	1	1	20	0.6		300	0	0	0.001	-0.001	1.35525e-19	0	0	0	9.5325	-9.5325	2.00559e-16	0	0	0	0.0095325	-4.9071	0	4.91663		300	0.117647	0	0	0	0	0	0	0.117647	0	-0.426642	-237.002	0	213.464	213.464	-2.13163e-14	12.4428	0	0	0	0	0	0	0	0	0	0	0	0	0	0	0	0	0	0	0	0	0	0	0	0	0	0	0	0	0	0	0	0	0	
1	1	1	21	0.63		300	0	0	0.00105	-0.00105	1.42302e-19	0	0	0	10.0091	-10.0091	1.06941e-15	0	0	0	0.0105096	-4.90612	0	4.91663		300	0.117647	0	0	0	0	0	0	0.117647	0	-0.426642	-237.002	0	213.464	213.464	-2.13163e-14	12.4428	0	0	0	0	0	0	0	0	0	0	0	0	0	0	0	0	0	0	0	0	0	0	0	0	0	0	0	0	0	0	0	0	0	
1	1	1	22	0.66		300	0	0	0.0011	-0.0011	1.49078e-19	0	0	0	10.4858	-10.4858	1.61897e-16	0	0	0	0.0115343	-4.9051	0	4.91663		300	0.117647	0	0	0	0	0	0	0.117647	0	-0.426642	-237.002	0	213.464	213.464	-2.13163e-14	12.4428	0	0	0	0	0	0	0	0	0	0	0	0	0	0	0	0	0	0	0	0	0	0	0	0	0	0	0	0	0	0	0	0	0	
1	1	1	23	0.69		300	0	0	0.00115	-0.00115	1.55854e-19	0	0	0	10.9624	-10.9624	1.03074e-15	0	0	0	0.0126067	-4.90403	0	4.91663		300	0.117647	0	0	0	0	0	0	0.117647	0	-0.426642	-237.002	0	213.464	213.464	-2.13163e-14	12.4428	0	0	0	0	0	0	0	0	0	0	0	0	0	0	0	0	0	0	0	0	0	0	0	0	0	0	0	0	0	0	0	0	0	
1	1	1	24	0.72		300	0	0	0.0012	-0.0012	1.6263e-19	0	0	0	11.439	-11.439	1.23235e-16	0	0	0	0.0137268	-4.90291	0	4.91663		300	0.117647	0	0	0	0	0	0	0.117647	0	-0.426642	-237.002	0	213.464	213.464	-2.13163e-14	12.4428	0	0	0	0	0	0	0	0	0	0	0	0	0	0	0	0	0	0	0	0	0	0	0	0	0	0	0	0	0	0	0	0	0	
1	1	1	25	0.75		300	0	0	0.00125	-0.00125	1.69407e-19	0	0	0	11.9156	-11.9156	9.92082e-16	0	0	0	0.0148945	-4.90174	0	4.91663		300	0.117647	0	0	0	0	0	0	0.117647	0	-0.426642	-237.002	0	213.464	213.464	-2.13163e-14	12.4428	0	0	0	0	0	0	0	0	0	0	0	0	0	0	0	0	0	0	0	0	0	0	0	0	0	0	0	0	0	0	0	0	0	
1	1	1	26	0.78		300	0	0	0.0013	-0.0013	1.76183e-19	0	0	0	12.3923	-12.3923	1.86093e-15	0	0	0	0.0161099	-4.90052	0	4.91663		300	0.117647	0	0	0	0	0	0	0.117647	0	-0.426642	-237.002	0	213.464	213.464	-2.13163e-14	12.4428	0	0	0	0	0	0	0	0	0	0	0	0	0	0	0	0	0	0	0	0	0	0	0	0	0	0	0	0	0	0	0	0	0	
1	1	1	27	0.81		300	0	0	0.00135	-0.00135	1.82959e-19	0	0	0	12.8689	-12.8689	9.5342e-16	0	0	0	0.017373	-4.89926	0	4.91663		300	0.117647	0	0	0	0	0	0	0.117647	0	-0.426642	-237.002	0	213.464	213.464	-2.13163e-14	12.4428	0	0	0	0	0	0	0	0	0	0	0	0	0	0	0	0	0	0	0	0	0	0	0	0	0	0	0	0	0	0	0	0	0	
1	1	1	28	0.84		300	0	0	0.0014	-0.0014	1.89735e-19	0	0	0	13.3455	-13.3455	1.82227e-15	0	0	0	0.0186837	-4.89795	0	4.91663		300	0.117647	0	0	0	0	0	0	0.117647	0	-0.426642	-237.002	0	213.464	213.464	-2.13163e-14	12.4428	0	0	0	0	0	0	0	0	0	0	0	0	0	0	0	0	0	0	0	0	0	0	0	0	0	0	0	0	0	0	0	0	0	
1	1	1	29	0.87		300	0	0	0.00145	-0.00145	1.96512e-19	0	0	0	13.8221	-13.8221	9.14758e-16	0	0	0	0.0200421	-4.89659	0	4.91663		300	0.117647	0	0	0	0	0	0	0.117647	0	-0.426642	-237.002	0	213.464	213.464	-2.13163e-14	12.4428	0	0	0	0	0	0	0	0	0	0	0	0	0	0	0	0	0	0	0	0	0	0	0	0	0	0	0	0	0	0	0	0	0	
1	1	1	30	0.9		300	0	0	0.0015	-0.0015	2.03288e-19	0	0	0	14.2988	-14.2988	1.78361e-15	0	0	0	0.0214481	-4.89518	0	4.91663		300	0.117647	0	0	0	0	0	0	0.117647	0	-0.426642	-237.002	0	213.464	213.464	-2.13163e-14	12.4428	0	0	0	0	0	0	0	0	0	0	0	0	0	0	0	0	0	0	0	0	0	0	0	0	0	0	0	0	0	0	0	0	0	
1	1	1	31	0.93		300	0	0	0.00155	-0.00155	2.10064e-19	0	0	0	14.7754	-14.7754	8.76096e-16	0	0	0	0.0229018	-4.89373	0	4.91663		300	0.117647	0	0	0	0	0	0	0.117647	0	-0.426642	-237.002	0	213.464	213.464	-2.13163e-14	12.4428	0	0	0	0	0	0	0	0	0	0	0	0	0	0	0	0	0	0	0	0	0	0	0	0	0	0	0	0	0	0	0	0	0	
1	1	1	32	0.96		300	0	0	0.0016	-0.0016	2.1684e-19	0	0	0	15.252	-15.252	1.74494e-15	0	0	0	0.0244032	-4.89223	0	4.91663		300	0.117647	0	0	0	0	0	0	0.117647	0	-0.426642	-237.002	0	213.464	213.464	-2.13163e-14	12.4428	0	0	0	0	0	0	0	0	0	0	0	0	0	0	0	0	0	0	0	0	0	0	0	0	0	0	0	0	0	0	0	0	0	
1	1	1	33	0.99		300	0	0	0.00165	-0.00165	2.23617e-19	0	0	0	15.7286	-15.7286	8.37434e-16	0	0	0	0.0259522	-4.89068	0	4.91663		300	0.117647	0	0	0	0	0	0	0.117647	0	-0.426642	-237.002	0	213.464	213.464	-2.13163e-14	12.4428	0	0	0	0	0	0	0	0	0	0	0	0	0	0	0	0	0	0	0	0	0	0	0	0	0	0	0	0	0	0	0	0	0	
1	1	1	34	1.02		300	0	0	0.0017	-0.0017	2.30393e-19	0	0	0	16.2053	-16.2053	-7.0075e-17	0	0	0	0.0275489	-4.88908	0	4.91663		300	0.117647	0	0	0	0	0	0	0.117647	0	-0.426642	-237.002	0	213.464	213.464	-2.13163e-14	12.4428	0	0	0	0	0	0	0	0	0	0	0	0	0	0	0	0	0	0	0	0	0	0	0	0	0	0	0	0	0	0	0	0	0	
1	1	1	35	1.05		300	0	0	0.00175	-0.00175	2.37169e-19	0	0	0	16.6819	-16.6819	2.57513e-15	0	0	0	0.0291933	-4.88744	0	4.91663		300	0.117647	0	0	0	0	0	0	0.117647	0	-0.426642	-237.002	0	213.464	213.464	-2.13163e-14	12.4428	0	0	0	0	0	0	0	0	0	0	0	0	0	0	0	0	0	0	0	0	0	0	0	0	0	0	0	0	0	0	0	0	0	
1	1	1	36	1.08		300	0	0	0.0018	-0.0018	2.43945e-19	0	0	0	17.1585	-17.1585	1.66762e-15	0	0	0	0.0308853	-4.88575	0	4.91663		300	0.117647	0	0	0	0	0	0	0.117647	0	-0.426642	-237.002	0	213.464	213.464	-2.13163e-14	12.4428	0	0	0	0	0	0	0	0	0	0	0	0	0	0	0	0	0	0	0	0	0	0	0	0	0	0	0	0	0	0	0	0	0	
1	1	1	37	1.11		300	0	0	0.00185	-0.00185	2.50722e-19	0	0	0	17.6351	-17.6351	7.60111e-16	0	0	0	0.032625	-4.88401	0	4.91663		300	0.117647	0	0	0	0	0	0	0.117647	0	-0.426642	-237.002	0	213.464	213.464	-2.13163e-14	12.4428	0	0	0	0	0	0	0	0	0	0	0	0	0	0	0	0	0	0	0	0	0	0	0	0	0	0	0	0	0	0	0	0	0	
1	1	1	38	1.14		300	0	0	0.0019	-0.0019	2.57498e-19	0	0	0	18.1118	-18.1118	-1.47399e-16	0	0	0	0.0344123	-4.88222	0	4.91663		300	0.117647	0	0	0	0	0	0	0.117647	0	-0.426642	-237.002	0	213.464	213.464	-2.13163e-14	12.4428	0	0	0	0	0	0	0	0	0	0	0	0	0	0	0	0	0	0	0	0	0	0	0	0	0	0	0	0	0	0	0	0	0	
1	1	1	39	1.17		300	0	0	0.00195	-0.00195	2.64274e-19	0	0	0	18.5884	-18.5884	2.49781e-15	0	0	0	0.0362473	-4.88038	0	4.91663		300	0.117647	0	0	0	0	0	0	0.117647	0	-0.426642	-237.002	0	213.464	213.464	-2.13163e-14	12.4428	0	0	0	0	0	0	0	0	0	0	0	0	0	0	0	0	0	0	0	0	0	0	0	0	0	0	0	0	0	0	0	0	0	
1	1	1	40	1.2		300	0	0	0.002	-0.002	2.71051e-19	0	0	0	19.065	-19.065	3.03715e-15	0	0	0	0.03813	-4.8785	0	4.91663		300	0.117647	0	0	0	0	0	0	0.117647	0	-0.426642	-237.002	0	213.464	213.464	-2.13163e-14	12.4428	0	0	0	0	0	0	0	0	0	0	0	0	0	0	0	0	0	0	0	0	0	0	0	0	0	0	0	0	0	0	0	0	0	
1	1	1	41	1.23		300	0	0	0.00205	-0.00205	2.77827e-19	0	0	0	19.5416	-19.5416	2.37787e-17	0	0	0	0.0400603	-4.87657	0	4.91663		300	0.117647	0	0	0	0	0	0	0.117647	0	-0.426642	-237.002	0	213.464	213.464	-2.13163e-14	12.4428	0	0	0	0	0	0	0	0	0	0	0	0	0	0	0	0	0	0	0	0	0	0	0	0	0	0	0	0	0	0	0	0	0	
1	1	1	42	1.26		300	0	0	0.0021	-0.0021	2.84603e-19	0	0	0	20.0183	-20.0183	5.63122e-16	0	0	0	0.0420383	-4.87459	0	4.91663		300	0.117647	0	0	0	0	0	0	0.117647	0	-0.426642	-237.002	0	213.464	213.464	-2.13163e-14	12.4428	0	0	0	0	0	0	0	0	0	0	0	0	0	0	0	0	0	0	0	0	0	0	0	0	0	0	0	0	0	0	0	0	0	
1	1	1	43	1.29		300	0	0	0.00215	-0.00215	2.91379e-19	0	0	0	20.4949	-20.4949	1.10247e-15	0	0	0	0.044064	-4.87257	0	4.91663		300	0.117647	0	0	0	0	0	0	0.117647	0	-0.426642	-237.002	0	213.464	213.464	-2.13163e-14	12.4428	0	0	0	0	0	0	0	0	0	0	0	0	0	0	0	0	0	0	0	0	0	0	0	0	0	0	0	0	0	0	0	0	0	
1	1	1	44	1.32		300	0	0	0.0022	-0.0022	2.98156e-19	0	0	0	20.9715	-20.9715	1.64181e-15	0	0	0	0.0461373	-4.87049	0	4.91663		300	0.117647	0	0	0	0	0	0	0.117647	0	-0.426642	-237.002	0	213.464	213.464	-2.13163e-14	12.4428	0	0	0	0	0	0	0	0	0	0	0	0	0	0	0	0	0	0	0	0	0	0	0	0	0	0	0	0	0	0	0	0	0	
1	1	1	45	1.35		300	0	0	0.00225	-0.00225	3.04932e-19	0	0	0	21.4481	-21.4481	2.18115e-15	0	0	0	0.0482583	-4.86837	0	4.91663		300	0.117647	0	0	0	0	0	0	0.117647	0	-0.426642	-237.002	0	213.464	213.464	-2.13163e-14	12.4428	0	0	0	0	0	0	0	0	0	0	0	0	0	0	0	0	0	0	0	0	0	0	0	0	0	0	0	0	0	0	0	0	0	
1	1	1	46	1.38		300	0	0	0.0023	-0.0023	3.11708e-19	0	0	0	21.9248	-21.9248	2.7205e-15	0	0	0	0.0504269	-4.86621	0	4.91663		300	0.117647	0	0	0	0	0	0	0.117647	0	-0.426642	-237.002	0	213.464	213.464	-2.13163e-14	12.4428	0	0	0	0	0	0	0	0	0	0	0	0	0	0	0	0	0	0	0	0	0	0	0	0	0	0	0	0	0	0	0	0	0	
1	1	1	47	1.41		300	0	0	0.00235	-0.00235	3.18484e-19	0	0	0	22.4014	-22.4014	3.25984e-15	0	0	0	0.0526433	-4.86399	0	4.91663		300	0.117647	0	0	0	0	0	0	0.117647	0	-0.426642	-237.002	0	213.464	213.464	-2.13163e-14	12.4428	0	0	0	0	0	0	0	0	0	0	0	0	0	0	0	0	0	0	0	0	0	0	0	0	0	0	0	0	0	0	0	0	0	
1	1	1	48	1.44		300	0	0	0.0024	-0.0024	3.25261e-19	0	0	0	22.878	-22.878	2.4647e-16	0	0	0	0.0549072	-4.86172	0	4.91663		300	0.117647	0	0	0	0	0	0	0.117647	0	-0.426642	-237.002	0	213.464	213.464	-2.13163e-14	12.4428	0	0	0	0	0	0	0	0	0	0	0	0	0	0	0	0	0	0	0	0	0	0	0	0	0	0	0	0	0	0	0	0	0	
1	1	1	49	1.47		300	0	0	0.00245	-0.00245	3.32037e-19	0	0	0	23.3546	-23.3546	7.85813e-16	0	0	0	0.0572189	-4.85941	0	4.91663		300	0.117647	0	0	0	0	0	0	0.117647	0	-0.426642	-237.002	0	213.464	213.464	-2.13163e-14	12.4428	0	0	0	0	0	0	0	0	0	0	0	0	0	0	0	0	0	0	0	0	0	0	0	0	0	0	0	0	0	0	0	0	0	
1	1	1	50	1.5		300	0	0	0.0025	-0.0025	3.38813e-19	0	0	0	23.8313	-23.8313	1.32516e-15	0	0	0	0.0595781	-4.85705	0	4.91663		300	0.117647	0	0	0	0	0	0	0.117647	0	-0.426642	-237.002	0	213.464	213.464	-2.13163e-14	12.4428	0	0	0	0	0	0	0	0	0	0	0	0	0	0	0	0	0	0	0	0	0	0	0	0	0	0	0	0	0	0	0	0	0	
1	1	1	51	1.53		300	0	0	0.00255	-0.00255	3.45589e-19	0	0	0	24.3079	-24.3079	1.8645e-15	0	0	0	0.0619851	-4.85465	0	4.91663		300	0.117647	0	0	0	0	0	0	0.117647	0	-0.426642	-237.002	0	213.464	213.464	-2.13163e-14	12.4428	0	0	0	0	0	0	0	0	0	0	0	0	0	0	0	0	0	0	0	0	0	0	0	0	0	0	0	0	0	0	0	0	0	
1	1	1	52	1.56		300	0	0	0.0026	-0.0026	3.52366e-19	0	0	0	24.7845	-24.7845	2.40384e-15	0	0	0	0.0644397	-4.85219	0	4.91663		300	0.117647	0	0	0	0	0	0	0.117647	0	-0.426642	-237.002	0	213.464	213.464	-2.13163e-14	12.4428	0	0	0	0	0	0	0	0	0	0	0	0	0	0	0	0	0	0	0	0	0	0	0	0	0	0	0	0	0	0	0	0	0	
1	1	1	53	1.59		300	0	0	0.00265	-0.00265	3.59142e-19	0	0	0	25.2611	-25.2611	2.94319e-15	0	0	0	0.066942	-4.84969	0	4.91663		300	0.117647	0	0	0	0	0	0	0.117647	0	-0.426642	-237.002	0	213.464	213.464	-2.13163e-14	12.4428	0	0	0	0	0	0	0	0	0	0	0	0	0	0	0	0	0	0	0	0	0	0	0	0	0	0	0	0	0	0	0	0	0	
1	1	1	54	1.62		300	0	0	0.0027	-0.0027	3.65918e-19	0	0	0	25.7378	-25.7378	3.48253e-15	0	0	0	0.069492	-4.84714	0	4.91663		300	0.117647	0	0	0	0	0	0	0.117647	0	-0.426642	-237.002	0	213.464	213.464	-2.13163e-14	12.4428	0	0	0	0	0	0	0	0	0	0	0	0	0	0	0	0	0	0	0	0	0	0	0	0	0	0	0	0	0	0	0	0	0	
1	1	1	55	1.65		300	0	0	0.00275	-0.00275	3.72694e-19	0	0	0	26.2144	-26.2144	4.69161e-16	0	0	0	0.0720896	-4.84454	0	4.91663		300	0.117647	0	0	0	0	0	0	0.117647	0	-0.426642	-237.002	0	213.464	213.464	-2.13163e-14	12.4428	0	0	0	0	0	0	0	0	0	0	0	0	0	0	0	0	0	0	0	0	0	0	0	0	0	0	0	0	0	0	0	0	0	
1	1	1	56	1.68		300	0	0	0.0028	-0.0028	3.79471e-19	0	0	0	26.691	-26.691	1.0085e-15	0	0	0	0.0747348	-4.8419	0	4.91663		300	0.117647	0	0	0	0	0	0	0.117647	0	-0.426642	-237.002	0	213.464	213.464	-2.13163e-14	12.4428	0	0	0	0	0	0	0	0	0	0	0	0	0	0	0	0	0	0	0	0	0	0	0	0	0	0	0	0	0	0	0	0	0	
1	1	1	57	1.71		300	0	0	0.00285	-0.00285	3.86247e-19	0	0	0	27.1676	-27.1676	1.54785e-15	0	0	0	0.0774278	-4.8392	0	4.91663		300	0.117647	0	0	0	0	0	0	0.117647	0	-0.426642	-237.002	0	213.464	213.464	-2.13163e-14	12.4428	0	0	0	0	0	0	0	0	0	0	0	0	0	0	0	0	0	0	0	0	0	0	0	0	0	0	0	0	0	0	0	0	0	
1	1	1	58	1.74		300	0	0	0.0029	-0.0029	3.93023e-19	0	0	0	27.6443	-27.6443	2.08719e-15	0	0	0	0.0801684	-4.83646	0	4.91663		300	0.117647	0	0	0	0	0	0	0.117647	0	-0.426642	-237.002	0	213.464	213.464	-2.13163e-14	12.4428	0	0	0	0	0	0	0	0	0	0	0	0	0	0	0	0	0	0	0	0	0	0	0	0	0	0	0	0	0	0	0	0	0	
1	1	1	59	1.77		300	0	0	0.00295	-0.00295	3.998e-19	0	0	0	28.1209	-28.1209	2.62653e-15	0	0	0	0.0829566	-4.83368	0	4.91663		300	0.117647	0	0	0	0	0	0	0.117647	0	-0.426642	-237.002	0	213.464	213.464	-2.13163e-14	12.4428	0	0	0	0	0	0	0	0	0	0	0	0	0	0	0	0	0	0	0	0	0	0	0	0	0	0	0	0	0	0	0	0	0	
1	1	1	60	1.8		300	0	0	0.003	-0.003	4.06576e-19	0	0	0	28.5975	-28.5975	3.16588e-15	0	0	0	0.0857925	-4.83084	0	4.91663		300	0.117647	0	0	0	0	0	0	0.117647	0	-0.426642	-237.002	0	213.464	213.464	-2.13163e-14	12.4428	0	0	0	0	0	0	0	0	0	0	0	0	0	0	0	0	0	0	0	0	0	0	0	0	0	0	0	0	0	0	0	0	0	
1	1	1	61	1.83		300	0	0	0.00305	-0.00305	4.13352e-19	0	0	0	29.0741	-29.0741	3.70522e-15	0	0	0	0.0886761	-4.82796	0	4.91663		300	0.117647	0	0	0	0	0	0	0.117647	0	-0.426642	-237.002	0	213.464	213.464	-2.13163e-14	12.4428	0	0	0	0	0	0	0	0	0	0	0	0	0	0	0	0	0	0	0	0	0	0	0	0	0	0	0	0	0	0	0	0	0	
1	1	1	62	1.86		300	0	0	0.0031	-0.0031	4.20128e-19	0	0	0	29.5508	-29.5508	6.91851e-16	0	0	0	0.0916074	-4.82502	0	4.91663		300	0.117647	0	0	0	0	0	0	0.117647	0	-0.426642	-237.002	0	213.464	213.464	-2.13163e-14	12.4428	0	0	0	0	0	0	0	0	0	0	0	0	0	0	0	0	0	0	0	0	0	0	0	0	0	0	0	0	0	0	0	0	0	
1	1	1	63	1.89		300	0	0	0.00315	-0.00315	4.26905e-19	0	0	0	30.0274	-30.0274	1.23119e-15	0	0	0	0.0945863	-4.82205	0	4.91663		300	0.117647	0	0	0	0	0	0	0.117647	0	-0.426642	-237.002	0	213.464	213.464	-2.13163e-14	12.4428	0	0	0	0	0	0	0	0	0	0	0	0	0	0	0	0	0	0	0	0	0	0	0	0	0	0	0	0	0	0	0	0	0	
1	1	1	64	1.92		300	0	0	0.0032	-0.0032	4.33681e-19	0	0	0	30.504	-30.504	1.77054e-15	0	0	0	0.0976128	-4.81902	0	4.91663		300	0.117647	0	0	0	0	0	0	0.117647	0	-0.426642	-237.002	0	213.464	213.464	-2.13163e-14	12.4428	0	0	0	0	0	0	0	0	0	0	0	0	0	0	0	0	0	0	0	0	0	0	0	0	0	0	0	0	0	0	0	0	0	
1	1	1	65	1.95		300	0	0	0.00325	-0.00325	4.40457e-19	0	0	0	30.9806	-30.9806	2.30988e-15	0	0	0	0.100687	-4.81595	0	4.91663		300	0.117647	0	0	0	0	0	0	0.117647	0	-0.426642	-237.002	0	213.464	213.464	-2.13163e-14	12.4428	0	0	0	0	0	0	0	0	0	0	0	0	0	0	0	0	0	0	0	0	0	0	0	0	0	0	0	0	0	0	0	0	0	
1	1	1	66	1.98		300	0	0	0.0033	-0.0033	4.47233e-19	0	0	0	31.4573	-31.4573	-7.03488e-16	0	0	0	0.103809	-4.81282	0	4.91663		300	0.117647	0	0	0	0	0	0	0.117647	0	-0.426642	-237.002	0	213.464	213.464	-2.13163e-14	12.4428	0	0	0	0	0	0	0	0	0	0	0	0	0	0	0	0	0	0	0	0	0	0	0	0	0	0	0	0	0	0	0	0	0	
1	1	1	67	2.01		300	0	0	0.00335	-0.00335	4.5401e-19	0	0	0	31.9339	-31.9339	-1.64145e-16	0	0	0	0.106979	-4.80965	0	4.91663		300	0.117647	0	0	0	0	0	0	0.117647	0	-0.426642	-237.002	0	213.464	213.464	-2.13163e-14	12.4428	0	0	0	0	0	0	0	0	0	0	0	0	0	0	0	0	0	0	0	0	0	0	0	0	0	0	0	0	0	0	0	0	0	
1	1	1	68	2.04		300	0	0	0.0034	-0.0034	4.60786e-19	0	0	0	32.4105	-32.4105	3.75199e-16	0	0	0	0.110196	-4.80644	0	4.91663		300	0.117647	0	0	0	0	0	0	0.117647	0	-0.426642	-237.002	0	213.464	213.464	-2.13163e-14	12.4428	0	0	0	0	0	0	0	0	0	0	0	0	0	0	0	0	0	0	0	0	0	0	0	0	0	0	0	0	0	0	0	0	0	
1	1	1	69	2.07		300	0	0	0.00345	-0.00345	4.67562e-19	0	0	0	32.8871	-32.8871	9.14542e-16	0	0	0	0.113461	-4.80317	0	4.91663		300	0.117647	0	0	0	0	0	0	0.117647	0	-0.426642	-237.002	0	213.464	213.464	-2.13163e-14	12.4428	0	0	0	0	0	0	0	0	0	0	0	0	0	0	0	0	0	0	0	0	0	0	0	0	0	0	0	0	0	0	0	0	0	
1	1	1	70	2.1		300	0	0	0.0035	-0.0035	4.74338e-19	0	0	0	33.3638	-33.3638	1.45389e-15	0	0	0	0.116773	-4.79986	0	4.91663		300	0.117647	0	0	0	0	0	0	0.117647	0	-0.426642	-237.002	0	213.464	213.464	-2.13163e-14	12.4428	0	0	0	0	0	0	0	0	0	0	0	0	0	0	0	0	0	0	0	0	0	0	0	0	0	0	0	0	0	0	0	0	0	
1	1	1	71	2.13		300	0	0	0.00355	-0.00355	4.81115e-19	0	0	0	33.8404	-33.8404	1.99323e-15	0	0	0	0.120133	-4.7965	0	4.91663		300	0.117647	0	0	0	0	0	0	0.117647	0	-0.426642	-237.002	0	213.464	213.464	-2.13163e-14	12.4428	0	0	0	0	0	0	0	0	0	0	0	0	0	0	0	0	0	0	0	0	0	0	0	0	0	0	0	0	0	0	0	0	0	
1	1	1	72	2.16		300	0	0	0.0036	-0.0036	4.87891e-19	0	0	0	34.317	-34.317	2.53257e-15	0	0	0	0.123541	-4.79309	0	4.91663		300	0.117647	0	0	0	0	0	0	0.117647	0	-0.426642	-237.002	0	213.464	213.464	-2.13163e-14	12.4428	0	0	0	0	0	0	0	0	0	0	0	0	0	0	0	0	0	0	0	0	0	0	0	0	0	0	0	0	0	0	0	0	0	
1	1	1	73	2.19		300	0	0	0.00365	-0.00365	4.94667e-19	0	0	0	34.7936	-34.7936	3.07192e-15	0	0	0	0.126997	-4.78964	0	4.91663		300	0.117647	0	0	0	0	0	0	0.117647	0	-0.426642	-237.002	0	213.464	213.464	-2.13163e-14	12.4428	0	0	0	0	0	0	0	0	0	0	0	0	0	0	0	0	0	0	0	0	0	0	0	0	0	0	0	0	0	0	0	0	0	
1	1	1	74	2.22		300	0	0	0.0037	-0.0037	5.01444e-19	0	0	0	35.2703	-35.2703	3.61126e-15	0	0	0	0.1305	-4.78613	0	4.91663		300	0.117647	0	0	0	0	0	0	0.117647	0	-0.426642	-237.002	0	213.464	213.464	-2.13163e-14	12.4428	0	0	0	0	0	0	0	0	0	0	0	0	0	0	0	0	0	0	0	0	0	0	0	0	0	0	0	0	0	0	0	0	0	
1	1	1	75	2.25		300	0	0	0.00375	-0.00375	5.0822e-19	0	0	0	35.7469	-35.7469	4.1506e-15	0	0	0	0.134051	-4.78258	0	4.91663		300	0.117647	0	0	0	0	0	0	0.117647	0	-0.426642	-237.002	0	213.464	213.464	-2.13163e-14	12.4428	0	0	0	0	0	0	0	0	0	0	0	0	0	0	0	0	0	0	0	0	0	0	0	0	0	0	0	0	0	0	0	0	0	
1	1	1	76	2.28		300	0	0	0.0038	-0.0038	5.14996e-19	0	0	0	36.2235	-36.2235	4.68995e-15	0	0	0	0.137649	-4.77898	0	4.91663		300	0.117647	0	0	0	0	0	0	0.117647	0	-0.426642	-237.002	0	213.464	213.464	-2.13163e-14	12.4428	0	0	0	0	0	0	0	0	0	0	0	0	0	0	0	0	0	0	0	0	0	0	0	0	0	0	0	0	0	0	0	0	0	
1	1	1	77	2.31		300	0	0	0.00385	-0.00385	5.21772e-19	0	0	0	36.7001	-36.7001	5.22929e-15	0	0	0	0.141296	-4.77534	0	4.91663		300	0.117647	0	0	0	0	0	0	0.117647	0	-0.426642	-237.002	0	213.464	213.464	-2.13163e-14	12.4428	0	0	0	0	0	0	0	0	0	0	0	0	0	0	0	0	0	0	0	0	0	0	0	0	0	0	0	0	0	0	0	0	0	
1	1	1	78	2.34		300	0	0	0.0039	-0.0039	5.28549e-19	0	0	0	37.1768	-37.1768	5.76863e-15	0	0	0	0.144989	-4.77164	0	4.91663		300	0.117647	0	0	0	0	0	0	0.117647	0	-0.426642	-237.002	0	213.464	213.464	-2.13163e-14	12.4428	0	0	0	0	0	0	0	0	0	0	0	0	0	0	0	0	0	0	0	0	0	0	0	0	0	0	0	0	0	0	0	0	0	
1	1	1	79	2.37		300	0	0	0.00395	-0.00395	5.35325e-19	0	0	0	37.6534	-37.6534	6.30798e-15	0	0	0	0.148731	-4.7679	0	4.91663		300	0.117647	0	0	0	0	0	0	0.117647	0	-0.426642	-237.002	0	213.464	213.464	-2.13163e-14	12.4428	0	0	0	0	0	0	0	0	0	0	0	0	0	0	0	0	0	0	0	0	0	0	0	0	0	0	0	0	0	0	0	0	0	
1	1	1	80	2.4		300	0	0	0.004	-0.004	5.42101e-19	0	0	0	38.13	-38.13	3.95362e-15	0	0	0	0.15252	-4.76411	0	4.91663		300	0.117647	0	0	0	0	0	0	0.117647	0	-0.426642	-237.002	0	213.464	213.464	-2.13163e-14	12.4428	0	0	0	0	0	0	0	0	0	0	0	0	0	0	0	0	0	0	0	0	0	0	0	0	0	0	0	0	0	0	0	0	0	
1	1	1	81	2.43		300	0	0	0.00405	-0.00405	5.48877e-19	0	0	0	38.6066	-38.6066	1.59925e-15	0	0	0	0.156357	-4.76028	0	4.91663		300	0.117647	0	0	0	0	0	0	0.117647	0	-0.426642	-237.002	0	213.464	213.464	-2.13163e-14	12.4428	0	0	0	0	0	0	0	0	0	0	0	0	0	0	0	0	0	0	0	0	0	0	0	0	0	0	0	0	0	0	0	0	0	
1	1	1	82	2.46		300	0	0	0.0041	-0.0041	5.55654e-19	0	0	0	39.0833	-39.0833	6.35032e-15	0	0	0	0.160241	-4.75639	0	4.91663		300	0.117647	0	0	0	0	0	0	0.117647	0	-0.426642	-237.002	0	213.464	213.464	-2.13163e-14	12.4428	0	0	0	0	0	0	0	0	0	0	0	0	0	0	0	0	0	0	0	0	0	0	0	0	0	0	0	0	0	0	0	0	0	
1	1	1	83	2.49		300	0	0	0.00415	-0.00415	5.6243e-19	0	0	0	39.5599	-39.5599	3.99596e-15	0	0	0	0.164174	-4.75246	0	4.91663		300	0.117647	0	0	0	0	0	0	0.117647	0	-0.426642	-237.002	0	213.464	213.464	-2.13163e-14	12.4428	0	0	0	0	0	0	0	0	0	0	0	0	0	0	0	0	0	0	0	0	0	0	0	0	0	0	0	0	0	0	0	0	0	
1	1	1	84	2.52		300	0	0	0.0042	-0.0042	5.69206e-19	0	0	0	40.0365	-40.0365	1.64159e-15	0	0	0	0.168153	-4.74848	0	4.91663		300	0.117647	0	0	0	0	0	0	0.117647	0	-0.426642	-237.002	0	213.464	213.464	-2.13163e-14	12.4428	0	0	0	0	0	0	0	0	0	0	0	0	0	0	0	0	0	0	0	0	0	0	0	0	0	0	0	0	0	0	0	0	0	
1	1	1	85	2.55		300	0	0	0.00425	-0.00425	5.75982e-19	0	0	0	40.5131	-40.5131	6.39266e-15	0	0	0	0.172181	-4.74445	0	4.91663		300	0.117647	0	0	0	0	0	0	0.117647	0	-0.426642	-237.002	0	213.464	213.464	-2.13163e-14	12.4428	0	0	0	0	0	0	0	0	0	0	0	0	0	0	0	0	0	0	0	0	0	0	0	0	0	0	0	0	0	0	0	0	0	
1	1	1	86	2.58		300	0	0	0.0043	-0.0043	-4.13051e-10	0	0	0	40.9896	-40.9897	1.69252e-11	0	0	0	0.176256	-4.74353	0	4.91979		300	0.1179	1.26353e-08	-1.18014e-08	-8.33862e-10	0	0	0	0.1179	0	-0.426642	-237.002	0	213.464	213.464	-2.13163e-14	12.4428	0	0	0	0	0	0	0	0	0	0	0	0	0	0	0	0	0	0	0	0	0	0	0	0	0	0	0	0	0	0	0	0	0	
1	1	1	87	2.61		300	0	0	0.00435	-0.00435	-2.01202e-08	0	0	0	41.4603	-41.4611	2.47979e-08	0	0	0	0.180379	-4.75706	0	4.93744		300	0.11932	6.15479e-07	-5.74862e-07	-4.06191e-08	0	0	0	0.11932	0	-0.426642	-237.002	0	213.464	213.464	-2.13163e-14	12.4428	0	0	0	0	0	0	0	0	0	0	0	0	0	0	0	0	0	0	0	0	0	0	0	0	0	0	0	0	0	0	0	0	0	
1	1	1	88	2.64		300	0	0	0.0044	-0.0044	-7.79476e-08	0	0	0	41.9195	-41.9225	9.72387e-08	0	0	0	0.184548	-4.77058	0	4.95513		300	0.120743	2.38427e-06	-2.22694e-06	-1.57348e-07	0	0	0	0.120743	0	-0.426642	-237.002	0	213.464	213.464	-2.13163e-14	12.4428	0	0	0	0	0	0	0	0	0	0	0	0	0	0	0	0	0	0	0	0	0	0	0	0	0	0	0	0	0	0	0	0	0	
1	1	1	89	2.67		300	0	0	0.00445	-0.00445	-1.72892e-07	0	0	0	42.3676	-42.3742	2.15241e-07	0	0	0	0.188762	-4.78409	0	4.97285		300	0.122169	5.28824e-06	-4.93936e-06	-3.48962e-07	0	0	0	0.122169	0	-0.426642	-237.002	0	213.464	213.464	-2.13163e-14	12.4428	0	0	0	0	0	0	0	0	0	0	0	0	0	0	0	0	0	0	0	0	0	0	0	0	0	0	0	0	0	0	0	0	0	
1	1	1	90	2.7		300	0	0	0.0045	-0.0045	-3.03902e-07	0	0	0	42.8047	-42.8165	3.76323e-07	0	0	0	0.193021	-4.79757	0	4.99059		300	0.123595	9.29535e-06	-8.68232e-06	-6.1329e-07	0	0	0	0.123595	0	-0.426642	-237.002	0	213.464	213.464	-2.13163e-14	12.4428	0	0	0	0	0	0	0	0	0	0	0	0	0	0	0	0	0	0	0	0	0	0	0	0	0	0	0	0	0	0	0	0	0	
1	1	1	91	2.73		300	0	0	0.00455	-0.00455	-4.69895e-07	0	0	0	43.2313	-43.2495	5.77766e-07	0	0	0	0.197324	-4.81101	0	5.00834		300	0.125022	1.43728e-05	-1.34253e-05	-9.48089e-07	0	0	0	0.125022	0	-0.426642	-237.002	0	213.464	213.464	-2.13163e-14	12.4428	0	0	0	0	0	0	0	0	0	0	0	0	0	0	0	0	0	0	0	0	0	0	0	0	0	0	0	0	0	0	0	0	0	
1	1	1	92	2.76		300	0	0	0.0046	-0.0046	-6.69775e-07	0	0	0	43.6477	-43.6736	8.1673e-07	0	0	0	0.201669	-4.82441	0	5.02607		300	0.126449	2.04875e-05	-1.91375e-05	-1.35107e-06	0	0	0	0.126449	0	-0.426642	-237.002	0	213.464	213.464	-2.13163e-14	12.4428	0	0	0	0	0	0	0	0	0	0	0	0	0	0	0	0	0	0	0	0	0	0	0	0	0	0	0	0	0	0	0	0	0	
1	1	1	93	2.79		300	0	0	0.00465	-0.00465	-9.02436e-07	0	0	0	44.0542	-44.0891	1.09034e-06	0	0	0	0.206055	-4.83775	0	5.0438		300	0.127874	2.76061e-05	-2.57881e-05	-1.81993e-06	0	0	0	0.127874	0	-0.426642	-237.002	0	213.464	213.464	-2.13163e-14	12.4428	0	0	0	0	0	0	0	0	0	0	0	0	0	0	0	0	0	0	0	0	0	0	0	0	0	0	0	0	0	0	0	0	0	
1	1	1	94	2.82		300	0	0	0.0047	-0.0047	-1.16678e-06	0	0	0	44.4512	-44.4962	1.39576e-06	0	0	0	0.210483	-4.85102	0	5.06151		300	0.129298	3.56957e-05	-3.33466e-05	-2.35235e-06	0	0	0	0.129298	0	-0.426642	-237.002	0	213.464	213.464	-2.13163e-14	12.4428	0	0	0	0	0	0	0	0	0	0	0	0	0	0	0	0	0	0	0	0	0	0	0	0	0	0	0	0	0	0	0	0	0	
1	1	1	95	2.85		300	0	0	0.00475	-0.00475	-1.46172e-06	0	0	0	44.8389	-44.8952	1.73023e-06	0	0	0	0.21495	-4.86424	0	5.07919		300	0.13072	4.47239e-05	-4.17828e-05	-2.94606e-06	0	0	0	0.13072	0	-0.426642	-237.002	0	213.464	213.464	-2.13163e-14	12.4428	0	0	0	0	0	0	0	0	0	0	0	0	0	0	0	0	0	0	0	0	0	0	0	0	0	0	0	0	0	0	0	0	0	
1	1	1	96	2.88		300	0	0	0.0048	-0.0048	-1.78619e-06	0	0	0	45.2177	-45.2865	2.09112e-06	0	0	0	0.219456	-4.87738	0	5.09683		300	0.132138	5.46587e-05	-5.10671e-05	-3.5988e-06	0	0	0	0.132138	0	-0.426642	-237.002	0	213.464	213.464	-2.13163e-14	12.4428	0	0	0	0	0	0	0	0	0	0	0	0	0	0	0	0	0	0	0	0	0	0	0	0	0	0	0	0	0	0	0	0	0	
1	1	1	97	2.91		300	0	0	0.00485	-0.00485	-2.13913e-06	0	0	0	45.5879	-45.6702	2.47592e-06	0	0	0	0.224	-4.89044	0	5.11444		300	0.133554	6.54689e-05	-6.11707e-05	-4.30836e-06	0	0	0	0.133554	0	-0.426642	-237.002	0	213.464	213.464	-2.13163e-14	12.4428	0	0	0	0	0	0	0	0	0	0	0	0	0	0	0	0	0	0	0	0	0	0	0	0	0	0	0	0	0	0	0	0	0	
1	1	1	98	2.94		300	0	0	0.0049	-0.0049	-2.51954e-06	0	0	0	45.9497	-46.0466	2.88229e-06	0	0	0	0.228581	-4.90342	0	5.13201		300	0.134966	7.71243e-05	-7.20656e-05	-5.07258e-06	0	0	0	0.134966	0	-0.426642	-237.002	0	213.464	213.464	-2.13163e-14	12.4428	0	0	0	0	0	0	0	0	0	0	0	0	0	0	0	0	0	0	0	0	0	0	0	0	0	0	0	0	0	0	0	0	0	
1	1	1	99	2.97		300	0	0	0.00495	-0.00495	-2.92641e-06	0	0	0	46.3036	-46.416	3.30803e-06	0	0	0	0.233199	-4.91633	0	5.14953		300	0.136375	8.95953e-05	-8.37244e-05	-5.88935e-06	0	0	0	0.136375	0	-0.426642	-237.002	0	213.464	213.464	-2.13163e-14	12.4428	0	0	0	0	0	0	0	0	0	0	0	0	0	0	0	0	0	0	0	0	0	0	0	0	0	0	0	0	0	0	0	0	0	
1	1	1	100	3		300	0	0	0.005	-0.005	-3.35878e-06	0	0	0	46.6497	-46.7786	3.75113e-06	0	0	0	0.237853	-4.92914	0	5.167		300	0.137779	0.000102853	-9.61208e-05	-6.75662e-06	0	0	0	0.137779	0	-0.426642	-237.002	0	213.464	213.464	-2.13163e-14	12.4428	0	0	0	0	0	0	0	0	0	0	0	0	0	0	0	0	0	0	0	0	0	0	0	0	0	0	0	0	0	0	0	0	0	
1	1	1	101	3.03		300	0	0	0.00505	-0.00505	-3.81572e-06	0	0	0	46.9883	-47.1347	4.2097e-06	0	0	0	0.242542	-4.94187	0	5.18441		300	0.13918	0.000116871	-0.000109229	-7.67242e-06	0	0	0	0.13918	0	-0.426642	-237.002	0	213.464	213.464	-2.13163e-14	12.4428	0	0	0	0	0	0	0	0	0	0	0	0	0	0	0	0	0	0	0	0	0	0	0	0	0	0	0	0	0	0	0	0	0	
1	1	1	102	3.06		300	0	0	0.0051	-0.0051	-4.29633e-06	0	0	0	47.3197	-47.4844	4.68204e-06	0	0	0	0.247265	-4.95451	0	5.20178		300	0.140575	0.000131622	-0.000123026	-8.63484e-06	0	0	0	0.140575	0	-0.426642	-237.002	0	213.464	213.464	-2.13163e-14	12.4428	0	0	0	0	0	0	0	0	0	0	0	0	0	0	0	0	0	0	0	0	0	0	0	0	0	0	0	0	0	0	0	0	0	
1	1	1	103	3.09		300	0	0	0.00515	-0.00515	-4.79975e-06	0	0	0	47.6442	-47.828	5.16658e-06	0	0	0	0.252022	-4.96707	0	5.21909		300	0.141967	0.000147081	-0.000137486	-9.64201e-06	0	0	0	0.141967	0	-0.426642	-237.002	0	213.464	213.464	-2.13163e-14	12.4428	0	0	0	0	0	0	0	0	0	0	0	0	0	0	0	0	0	0	0	0	0	0	0	0	0	0	0	0	0	0	0	0	0	
1	1	1	104	3.12		300	0	0	0.0052	-0.0052	-5.32513e-06	0	0	0	47.9619	-48.1656	5.66189e-06	0	0	0	0.256812	-4.97953	0	5.23634		300	0.143353	0.000163222	-0.000152587	-1.06922e-05	0	0	0	0.143353	0	-0.426642	-237.002	0	213.464	213.464	-2.13163e-14	12.4428	0	0	0	0	0	0	0	0	0	0	0	0	0	0	0	0	0	0	0	0	0	0	0	0	0	0	0	0	0	0	0	0	0	
1	1	1	105	3.15		300	0	0	0.00525	-0.00525	-5.87168e-06	0	0	0	48.2732	-48.4976	6.16665e-06	0	0	0	0.261634	-4.99189	0	5.25353		300	0.144735	0.000180023	-0.000168308	-1.17836e-05	0	0	0	0.144735	0	-0.426642	-237.002	0	213.464	213.464	-2.13163e-14	12.4428	0	0	0	0	0	0	0	0	0	0	0	0	0	0	0	0	0	0	0	0	0	0	0	0	0	0	0	0	0	0	0	0	0	
1	1	1	106	3.18		300	0	0	0.0053	-0.0053	-6.43862e-06	0	0	0	48.5783	-48.824	6.6797e-06	0	0	0	0.266488	-5.00417	0	5.27066		300	0.146112	0.00019746	-0.000184628	-1.29146e-05	0	0	0	0.146112	0	-0.426642	-237.002	0	213.464	213.464	-2.13163e-14	12.4428	0	0	0	0	0	0	0	0	0	0	0	0	0	0	0	0	0	0	0	0	0	0	0	0	0	0	0	0	0	0	0	0	0	
1	1	1	107	3.21		300	0	0	0.00535	-0.00535	-7.02521e-06	0	0	0	48.8772	-49.1451	7.19996e-06	0	0	0	0.271374	-5.01635	0	5.28773		300	0.147484	0.000215512	-0.000201526	-1.40837e-05	0	0	0	0.147484	0	-0.426642	-237.002	0	213.464	213.464	-2.13163e-14	12.4428	0	0	0	0	0	0	0	0	0	0	0	0	0	0	0	0	0	0	0	0	0	0	0	0	0	0	0	0	0	0	0	0	0	
1	1	1	108	3.24		300	0	0	0.0054	-0.0054	-7.63074e-06	0	0	0	49.1704	-49.4611	7.72646e-06	0	0	0	0.27629	-5.02844	0	5.30473		300	0.14885	0.000234158	-0.000218983	-1.52893e-05	0	0	0	0.14885	0	-0.426642	-237.002	0	213.464	213.464	-2.13163e-14	12.4428	0	0	0	0	0	0	0	0	0	0	0	0	0	0	0	0	0	0	0	0	0	0	0	0	0	0	0	0	0	0	0	0	0	
1	1	1	109	3.27		300	0	0	0.00545	-0.00545	-8.25453e-06	0	0	0	49.4579	-49.772	8.25834e-06	0	0	0	0.281237	-5.04044	0	5.32168		300	0.150212	0.000253378	-0.000236981	-1.65299e-05	0	0	0	0.150212	0	-0.426642	-237.002	0	213.464	213.464	-2.13163e-14	12.4428	0	0	0	0	0	0	0	0	0	0	0	0	0	0	0	0	0	0	0	0	0	0	0	0	0	0	0	0	0	0	0	0	0	
1	1	1	110	3.3		300	0	0	0.0055	-0.0055	-8.89592e-06	0	0	0	49.74	-50.0781	8.7948e-06	0	0	0	0.286213	-5.05235	0	5.33856		300	0.151569	0.000273153	-0.000255502	-1.78041e-05	0	0	0	0.151569	0	-0.426642	-237.002	0	213.464	213.464	-2.13163e-14	12.4428	0	0	0	0	0	0	0	0	0	0	0	0	0	0	0	0	0	0	0	0	0	0	0	0	0	0	0	0	0	0	0	0	0	
1	1	1	111	3.33		300	0	0	0.00555	-0.00555	-9.55428e-06	0	0	0	50.0169	-50.3795	9.33514e-06	0	0	0	0.291218	-5.06416	0	5.35538		300	0.15292	0.000293464	-0.000274529	-1.91106e-05	0	0	0	0.15292	0	-0.426642	-237.002	0	213.464	213.464	-2.13163e-14	12.4428	0	0	0	0	0	0	0	0	0	0	0	0	0	0	0	0	0	0	0	0	0	0	0	0	0	0	0	0	0	0	0	0	0	
1	1	1	112	3.36		300	0	0	0.0056	-0.0056	-1.0229e-05	0	0	0	50.2886	-50.6764	9.87873e-06	0	0	0	0.296253	-5.07588	0	5.37213		300	0.154267	0.000314294	-0.000294045	-2.04482e-05	0	0	0	0.154267	0	-0.426642	-237.002	0	213.464	213.464	-2.13163e-14	12.4428	0	0	0	0	0	0	0	0	0	0	0	0	0	0	0	0	0	0	0	0	0	0	0	0	0	0	0	0	0	0	0	0	0	
1	1	1	113	3.39		300	0	0	0.00565	-0.00565	-1.09195e-05	0	0	0	50.5554	-50.969	1.0425e-05	0	0	0	0.301315	-5.08751	0	5.38882		300	0.155608	0.000335626	-0.000314036	-2.18155e-05	0	0	0	0.155608	0	-0.426642	-237.002	0	213.464	213.464	-2.13163e-14	12.4428	0	0	0	0	0	0	0	0	0	0	0	0	0	0	0	0	0	0	0	0	0	0	0	0	0	0	0	0	0	0	0	0	0	
1	1	1	114	3.42		300	0	0	0.0057	-0.0057	-1.16253e-05	0	0	0	50.8175	-51.2572	1.09734e-05	0	0	0	0.306405	-5.09905	0	5.40545		300	0.156944	0.000357443	-0.000334486	-2.32114e-05	0	0	0	0.156944	0	-0.426642	-237.002	0	213.464	213.464	-2.13163e-14	12.4428	0	0	0	0	0	0	0	0	0	0	0	0	0	0	0	0	0	0	0	0	0	0	0	0	0	0	0	0	0	0	0	0	0	
1	1	1	115	3.45		300	0	0	0.00575	-0.00575	-1.23458e-05	0	0	0	51.075	-51.5414	1.15235e-05	0	0	0	0.311522	-5.11049	0	5.42201		300	0.158275	0.000379731	-0.000355381	-2.46347e-05	0	0	0	0.158275	0	-0.426642	-237.002	0	213.464	213.464	-2.13163e-14	12.4428	0	0	0	0	0	0	0	0	0	0	0	0	0	0	0	0	0	0	0	0	0	0	0	0	0	0	0	0	0	0	0	0	0	
1	1	1	116	3.48		300	0	0	0.0058	-0.0058	-1.30804e-05	0	0	0	51.328	-51.8215	1.2075e-05	0	0	0	0.316666	-5.12185	0	5.43852		300	0.159601	0.000402474	-0.000376707	-2.60843e-05	0	0	0	0.159601	0	-0.426642	-237.002	0	213.464	213.464	-2.13163e-14	12.4428	0	0	0	0	0	0	0	0	0	0	0	0	0	0	0	0	0	0	0	0	0	0	0	0	0	0	0	0	0	0	0	0	0	
1	1	1	117	3.51		300	0	0	0.00585	-0.00585	-1.38288e-05	0	0	0	51.5767	-52.0978	1.26273e-05	0	0	0	0.321837	-5.13312	0	5.45495		300	0.160922	0.000425657	-0.000398451	-2.75593e-05	0	0	0	0.160922	0	-0.426642	-237.002	0	213.464	213.464	-2.13163e-14	12.4428	0	0	0	0	0	0	0	0	0	0	0	0	0	0	0	0	0	0	0	0	0	0	0	0	0	0	0	0	0	0	0	0	0	
1	1	1	118	3.54		300	0	0	0.0059	-0.0059	-1.45904e-05	0	0	0	51.8212	-52.3703	1.31803e-05	0	0	0	0.327033	-5.1443	0	5.47133		300	0.162238	0.000449268	-0.0004206	-2.90586e-05	0	0	0	0.162238	0	-0.426642	-237.002	0	213.464	213.464	-2.13163e-14	12.4428	0	0	0	0	0	0	0	0	0	0	0	0	0	0	0	0	0	0	0	0	0	0	0	0	0	0	0	0	0	0	0	0	0	
1	1	1	119	3.57		300	0	0	0.00595	-0.00595	-1.53649e-05	0	0	0	52.0617	-52.6392	1.37336e-05	0	0	0	0.332256	-5.15539	0	5.48765		300	0.163549	0.000473294	-0.000443143	-3.05812e-05	0	0	0	0.163549	0	-0.426642	-237.002	0	213.464	213.464	-2.13163e-14	12.4428	0	0	0	0	0	0	0	0	0	0	0	0	0	0	0	0	0	0	0	0	0	0	0	0	0	0	0	0	0	0	0	0	0	
1	1	1	120	3.6		300	0	0	0.006	-0.006	-1.61516e-05	0	0	0	52.2982	-52.9045	1.42869e-05	0	0	0	0.337503	-5.1664	0	5.5039		300	0.164854	0.000497721	-0.000466068	-3.21262e-05	0	0	0	0.164854	0	-0.426642	-237.002	0	213.464	213.464	-2.13163e-14	12.4428	0	0	0	0	0	0	0	0	0	0	0	0	0	0	0	0	0	0	0	0	0	0	0	0	0	0	0	0	0	0	0	0	0	
1	1	1	121	3.63		300	0	0	0.00605	-0.00605	-1.69504e-05	0	0	0	52.531	-53.1664	1.48401e-05	0	0	0	0.342776	-5.17731	0	5.52009		300	0.166155	0.000522537	-0.000489363	-3.36927e-05	0	0	0	0.166155	0	-0.426642	-237.002	0	213.464	213.464	-2.13163e-14	12.4428	0	0	0	0	0	0	0	0	0	0	0	0	0	0	0	0	0	0	0	0	0	0	0	0	0	0	0	0	0	0	0	0	0	
1	1	1	122	3.66		300	0	0	0.0061	-0.0061	-1.77607e-05	0	0	0	52.76	-53.4249	1.53929e-05	0	0	0	0.348073	-5.18815	0	5.53622		300	0.167451	0.000547732	-0.000513018	-3.52799e-05	0	0	0	0.167451	0	-0.426642	-237.002	0	213.464	213.464	-2.13163e-14	12.4428	0	0	0	0	0	0	0	0	0	0	0	0	0	0	0	0	0	0	0	0	0	0	0	0	0	0	0	0	0	0	0	0	0	
1	1	1	123	3.69		300	0	0	0.00615	-0.00615	-1.85821e-05	0	0	0	52.9855	-53.6802	1.59451e-05	0	0	0	0.353394	-5.1989	0	5.55229		300	0.168742	0.000573293	-0.000537023	-3.6887e-05	0	0	0	0.168742	0	-0.426642	-237.002	0	213.464	213.464	-2.13163e-14	12.4428	0	0	0	0	0	0	0	0	0	0	0	0	0	0	0	0	0	0	0	0	0	0	0	0	0	0	0	0	0	0	0	0	0	
1	1	1	124	3.72		300	0	0	0.0062	-0.0062	-1.94144e-05	0	0	0	53.2075	-53.9323	1.64966e-05	0	0	0	0.358739	-5.20957	0	5.56831		300	0.170029	0.000599211	-0.000561368	-3.85132e-05	0	0	0	0.170029	0	-0.426642	-237.002	0	213.464	213.464	-2.13163e-14	12.4428	0	0	0	0	0	0	0	0	0	0	0	0	0	0	0	0	0	0	0	0	0	0	0	0	0	0	0	0	0	0	0	0	0	
1	1	1	125	3.75		300	0	0	0.00625	-0.00625	-2.02572e-05	0	0	0	53.4261	-54.1814	1.70473e-05	0	0	0	0.364108	-5.22015	0	5.58426		300	0.17131	0.000625475	-0.000586042	-4.01577e-05	0	0	0	0.17131	0	-0.426642	-237.002	0	213.464	213.464	-2.13163e-14	12.4428	0	0	0	0	0	0	0	0	0	0	0	0	0	0	0	0	0	0	0	0	0	0	0	0	0	0	0	0	0	0	0	0	0	
1	1	1	126	3.78		300	0	0	0.0063	-0.0063	-2.111e-05	0	0	0	53.6415	-54.4274	1.7597e-05	0	0	0	0.3695	-5.23065	0	5.60015		300	0.172587	0.000652075	-0.000611039	-4.18198e-05	0	0	0	0.172587	0	-0.426642	-237.002	0	213.464	213.464	-2.13163e-14	12.4428	0	0	0	0	0	0	0	0	0	0	0	0	0	0	0	0	0	0	0	0	0	0	0	0	0	0	0	0	0	0	0	0	0	
1	1	1	127	3.81		300	0	0	0.00635	-0.00635	-2.19727e-05	0	0	0	53.8536	-54.6706	1.81457e-05	0	0	0	0.374915	-5.24108	0	5.61599		300	0.17386	0.000679001	-0.000636347	-4.34989e-05	0	0	0	0.17386	0	-0.426642	-237.002	0	213.464	213.464	-2.13163e-14	12.4428	0	0	0	0	0	0	0	0	0	0	0	0	0	0	0	0	0	0	0	0	0	0	0	0	0	0	0	0	0	0	0	0	0	
1	1	1	128	3.84		300	0	0	0.0064	-0.0064	-2.28448e-05	0	0	0	54.0627	-54.9109	1.86931e-05	0	0	0	0.380352	-5.25142	0	5.63177		300	0.175127	0.000706245	-0.00066196	-4.51942e-05	0	0	0	0.175127	0	-0.426642	-237.002	0	213.464	213.464	-2.13163e-14	12.4428	0	0	0	0	0	0	0	0	0	0	0	0	0	0	0	0	0	0	0	0	0	0	0	0	0	0	0	0	0	0	0	0	0	
1	1	1	129	3.87		300	0	0	0.00645	-0.00645	-2.37262e-05	0	0	0	54.2688	-55.1485	1.92393e-05	0	0	0	0.385812	-5.26168	0	5.64749		300	0.17639	0.000733798	-0.000687869	-4.69051e-05	0	0	0	0.17639	0	-0.426642	-237.002	0	213.464	213.464	-2.13163e-14	12.4428	0	0	0	0	0	0	0	0	0	0	0	0	0	0	0	0	0	0	0	0	0	0	0	0	0	0	0	0	0	0	0	0	0	
1	1	1	130	3.9		300	0	0	0.0065	-0.0065	-2.46164e-05	0	0	0	54.4719	-55.3833	1.97842e-05	0	0	0	0.391294	-5.27187	0	5.66316		300	0.177649	0.000761651	-0.000714066	-4.86311e-05	0	0	0	0.177649	0	-0.426642	-237.002	0	213.464	213.464	-2.13163e-14	12.4428	0	0	0	0	0	0	0	0	0	0	0	0	0	0	0	0	0	0	0	0	0	0	0	0	0	0	0	0	0	0	0	0	0	
1	1	1	131	3.93		300	0	0	0.00655	-0.00655	-2.55153e-05	0	0	0	54.6722	-55.6156	2.03277e-05	0	0	0	0.396797	-5.28197	0	5.67877		300	0.178903	0.000789796	-0.000740544	-5.03715e-05	0	0	0	0.178903	0	-0.426642	-237.002	0	213.464	213.464	-2.13163e-14	12.4428	0	0	0	0	0	0	0	0	0	0	0	0	0	0	0	0	0	0	0	0	0	0	0	0	0	0	0	0	0	0	0	0	0	
1	1	1	132	3.96		300	0	0	0.0066	-0.0066	-2.64225e-05	0	0	0	54.8698	-55.8453	2.08698e-05	0	0	0	0.402322	-5.29201	0	5.69433		300	0.180153	0.000818226	-0.000767296	-5.21257e-05	0	0	0	0.180153	0	-0.426642	-237.002	0	213.464	213.464	-2.13163e-14	12.4428	0	0	0	0	0	0	0	0	0	0	0	0	0	0	0	0	0	0	0	0	0	0	0	0	0	0	0	0	0	0	0	0	0	
1	1	1	133	3.99		300	0	0	0.00665	-0.00665	-2.73378e-05	0	0	0	55.0646	-56.0725	2.14103e-05	0	0	0	0.407869	-5.30196	0	5.70983		300	0.181398	0.000846933	-0.000794314	-5.38933e-05	0	0	0	0.181398	0	-0.426642	-237.002	0	213.464	213.464	-2.13163e-14	12.4428	0	0	0	0	0	0	0	0	0	0	0	0	0	0	0	0	0	0	0	0	0	0	0	0	0	0	0	0	0	0	0	0	0	
1	1	1	134	4.02		300	0	0	0.0067	-0.0067	-2.8261e-05	0	0	0	55.2569	-56.2972	2.19494e-05	0	0	0	0.413436	-5.31184	0	5.72528		300	0.182639	0.000875909	-0.000821592	-5.56736e-05	0	0	0	0.182639	0	-0.426642	-237.002	0	213.464	213.464	-2.13163e-14	12.4428	0	0	0	0	0	0	0	0	0	0	0	0	0	0	0	0	0	0	0	0	0	0	0	0	0	0	0	0	0	0	0	0	0	
1	1	1	135	4.05		300	0	0	0.00675	-0.00675	-2.91918e-05	0	0	0	55.4466	-56.5196	2.2487e-05	0	0	0	0.419024	-5.32165	0	5.74068		300	0.183876	0.000905148	-0.000849123	-5.74663e-05	0	0	0	0.183876	0	-0.426642	-237.002	0	213.464	213.464	-2.13163e-14	12.4428	0	0	0	0	0	0	0	0	0	0	0	0	0	0	0	0	0	0	0	0	0	0	0	0	0	0	0	0	0	0	0	0	0	
1	1	1	136	4.08		300	0	0	0.0068	-0.0068	-3.013e-05	0	0	0	55.6338	-56.7397	2.30229e-05	0	0	0	0.424632	-5.33139	0	5.75602		300	0.185108	0.000934643	-0.000876901	-5.92707e-05	0	0	0	0.185108	0	-0.426642	-237.002	0	213.464	213.464	-2.13163e-14	12.4428	0	0	0	0	0	0	0	0	0	0	0	0	0	0	0	0	0	0	0	0	0	0	0	0	0	0	0	0	0	0	0	0	0	
1	1	1	137	4.11		300	0	0	0.00685	-0.00685	-3.10754e-05	0	0	0	55.8186	-56.9575	2.35573e-05	0	0	0	0.430261	-5.34105	0	5.77131		300	0.186336	0.000964388	-0.000904921	-6.10865e-05	0	0	0	0.186336	0	-0.426642	-237.002	0	213.464	213.464	-2.13163e-14	12.4428	0	0	0	0	0	0	0	0	0	0	0	0	0	0	0	0	0	0	0	0	0	0	0	0	0	0	0	0	0	0	0	0	0	
1	1	1	138	4.14		300	0	0	0.0069	-0.0069	-3.20277e-05	0	0	0	56.001	-57.1732	2.40901e-05	0	0	0	0.43591	-5.35064	0	5.78655		300	0.18756	0.000994375	-0.000933176	-6.29132e-05	0	0	0	0.18756	0	-0.426642	-237.002	0	213.464	213.464	-2.13163e-14	12.4428	0	0	0	0	0	0	0	0	0	0	0	0	0	0	0	0	0	0	0	0	0	0	0	0	0	0	0	0	0	0	0	0	0	
1	1	1	139	4.17		300	0	0	0.00695	-0.00695	-3.29868e-05	0	0	0	56.1811	-57.3866	2.46213e-05	0	0	0	0.441578	-5.36017	0	5.80174		300	0.188781	0.0010246	-0.000961661	-6.47503e-05	0	0	0	0.188781	0	-0.426642	-237.002	0	213.464	213.464	-2.13163e-14	12.4428	0	0	0	0	0	0	0	0	0	0	0	0	0	0	0	0	0	0	0	0	0	0	0	0	0	0	0	0	0	0	0	0	0	
1	1	1	140	4.2		300	0	0	0.007	-0.007	-3.39524e-05	0	0	0	56.359	-57.598	2.51509e-05	0	0	0	0.447267	-5.36962	0	5.81688		300	0.189997	0.00105506	-0.000990371	-6.65975e-05	0	0	0	0.189997	0	-0.426642	-237.002	0	213.464	213.464	-2.13163e-14	12.4428	0	0	0	0	0	0	0	0	0	0	0	0	0	0	0	0	0	0	0	0	0	0	0	0	0	0	0	0	0	0	0	0	0	
1	1	1	141	4.23		300	0	0	0.00705	-0.00705	-3.49244e-05	0	0	0	56.5347	-57.8073	2.56789e-05	0	0	0	0.452974	-5.379	0	5.83198		300	0.191209	0.00108574	-0.0010193	-6.84544e-05	0	0	0	0.191209	0	-0.426642	-237.002	0	213.464	213.464	-2.13163e-14	12.4428	0	0	0	0	0	0	0	0	0	0	0	0	0	0	0	0	0	0	0	0	0	0	0	0	0	0	0	0	0	0	0	0	0	
1	1	1	142	4.26		300	0	0	0.0071	-0.0071	-3.59026e-05	0	0	0	56.7083	-58.0146	2.62053e-05	0	0	0	0.458701	-5.38832	0	5.84702		300	0.192417	0.00111664	-0.00104844	-7.03205e-05	0	0	0	0.192417	0	-0.426642	-237.002	0	213.464	213.464	-2.13163e-14	12.4428	0	0	0	0	0	0	0	0	0	0	0	0	0	0	0	0	0	0	0	0	0	0	0	0	0	0	0	0	0	0	0	0	0	
1	1	1	143	4.29		300	0	0	0.00715	-0.00715	-3.68868e-05	0	0	0	56.8798	-58.2199	2.673e-05	0	0	0	0.464446	-5.39757	0	5.86201		300	0.193621	0.00114776	-0.00107779	-7.21954e-05	0	0	0	0.193621	0	-0.426642	-237.002	0	213.464	213.464	-2.13163e-14	12.4428	0	0	0	0	0	0	0	0	0	0	0	0	0	0	0	0	0	0	0	0	0	0	0	0	0	0	0	0	0	0	0	0	0	
1	1	1	144	4.32		300	0	0	0.0072	-0.0072	-3.78768e-05	0	0	0	57.0493	-58.4233	2.72532e-05	0	0	0	0.470211	-5.40675	0	5.87696		300	0.194822	0.00117909	-0.00110735	-7.4079e-05	0	0	0	0.194822	0	-0.426642	-237.002	0	213.464	213.464	-2.13163e-14	12.4428	0	0	0	0	0	0	0	0	0	0	0	0	0	0	0	0	0	0	0	0	0	0	0	0	0	0	0	0	0	0	0	0	0	
1	1	1	145	4.35		300	0	0	0.00725	-0.00725	-3.88725e-05	0	0	0	57.2168	-58.6248	2.77747e-05	0	0	0	0.475993	-5.41587	0	5.89186		300	0.196018	0.00121062	-0.00113711	-7.59707e-05	0	0	0	0.196018	0	-0.426642	-237.002	0	213.464	213.464	-2.13163e-14	12.4428	0	0	0	0	0	0	0	0	0	0	0	0	0	0	0	0	0	0	0	0	0	0	0	0	0	0	0	0	0	0	0	0	0	
1	1	1	146	4.38		300	0	0	0.0073	-0.0073	-3.98737e-05	0	0	0	57.3824	-58.8244	2.82947e-05	0	0	0	0.481795	-5.42492	0	5.90671		300	0.197211	0.00124235	-0.00116706	-7.78702e-05	0	0	0	0.197211	0	-0.426642	-237.002	0	213.464	213.464	-2.13163e-14	12.4428	0	0	0	0	0	0	0	0	0	0	0	0	0	0	0	0	0	0	0	0	0	0	0	0	0	0	0	0	0	0	0	0	0	
1	1	1	147	4.41		300	0	0	0.00735	-0.00735	-4.08802e-05	0	0	0	57.5461	-59.0223	2.88131e-05	0	0	0	0.487614	-5.4339	0	5.92152		300	0.1984	0.00127428	-0.0011972	-7.97773e-05	0	0	0	0.1984	0	-0.426642	-237.002	0	213.464	213.464	-2.13163e-14	12.4428	0	0	0	0	0	0	0	0	0	0	0	0	0	0	0	0	0	0	0	0	0	0	0	0	0	0	0	0	0	0	0	0	0	
1	1	1	148	4.44		300	0	0	0.0074	-0.0074	-4.18919e-05	0	0	0	57.7079	-59.2184	2.93299e-05	0	0	0	0.493451	-5.44283	0	5.93628		300	0.199586	0.0013064	-0.00122753	-8.16916e-05	0	0	0	0.199586	0	-0.426642	-237.002	0	213.464	213.464	-2.13163e-14	12.4428	0	0	0	0	0	0	0	0	0	0	0	0	0	0	0	0	0	0	0	0	0	0	0	0	0	0	0	0	0	0	0	0	0	
1	1	1	149	4.47		300	0	0	0.00745	-0.00745	-4.29087e-05	0	0	0	57.868	-59.4128	2.98451e-05	0	0	0	0.499307	-5.45169	0	5.951		300	0.200768	0.0013387	-0.00125805	-8.36128e-05	0	0	0	0.200768	0	-0.426642	-237.002	0	213.464	213.464	-2.13163e-14	12.4428	0	0	0	0	0	0	0	0	0	0	0	0	0	0	0	0	0	0	0	0	0	0	0	0	0	0	0	0	0	0	0	0	0	
1	1	1	150	4.5		300	0	0	0.0075	-0.0075	-4.39305e-05	0	0	0	58.0263	-59.6055	3.03588e-05	0	0	0	0.505179	-5.46049	0	5.96567		300	0.201946	0.00137119	-0.00128874	-8.55407e-05	0	0	0	0.201946	0	-0.426642	-237.002	0	213.464	213.464	-2.13163e-14	12.4428	0	0	0	0	0	0	0	0	0	0	0	0	0	0	0	0	0	0	0	0	0	0	0	0	0	0	0	0	0	0	0	0	0	
1	1	1	151	4.53		300	0	0	0.00755	-0.00755	-4.4957e-05	0	0	0	58.1828	-59.7965	3.0871e-05	0	0	0	0.51107	-5.46923	0	5.9803		300	0.203121	0.00140386	-0.00131961	-8.74749e-05	0	0	0	0.203121	0	-0.426642	-237.002	0	213.464	213.464	-2.13163e-14	12.4428	0	0	0	0	0	0	0	0	0	0	0	0	0	0	0	0	0	0	0	0	0	0	0	0	0	0	0	0	0	0	0	0	0	
1	1	1	152	4.56		300	0	0	0.0076	-0.0076	-4.59881e-05	0	0	0	58.3377	-59.9859	3.13816e-05	0	0	0	0.516977	-5.4779	0	5.99488		300	0.204292	0.0014367	-0.00135065	-8.94152e-05	0	0	0	0.204292	0	-0.426642	-237.002	0	213.464	213.464	-2.13163e-14	12.4428	0	0	0	0	0	0	0	0	0	0	0	0	0	0	0	0	0	0	0	0	0	0	0	0	0	0	0	0	0	0	0	0	0	
1	1	1	153	4.59		300	0	0	0.00765	-0.00765	-4.70238e-05	0	0	0	58.491	-60.1737	3.18908e-05	0	0	0	0.522902	-5.48652	0	6.00942		300	0.20546	0.00146972	-0.00138186	-9.13613e-05	0	0	0	0.20546	0	-0.426642	-237.002	0	213.464	213.464	-2.13163e-14	12.4428	0	0	0	0	0	0	0	0	0	0	0	0	0	0	0	0	0	0	0	0	0	0	0	0	0	0	0	0	0	0	0	0	0	
1	1	1	154	4.62		300	0	0	0.0077	-0.0077	-4.80639e-05	0	0	0	58.6426	-60.3599	3.23985e-05	0	0	0	0.528844	-5.49508	0	6.02392		300	0.206624	0.0015029	-0.00141324	-9.3313e-05	0	0	0	0.206624	0	-0.426642	-237.002	0	213.464	213.464	-2.13163e-14	12.4428	0	0	0	0	0	0	0	0	0	0	0	0	0	0	0	0	0	0	0	0	0	0	0	0	0	0	0	0	0	0	0	0	0	
1	1	1	155	4.65		300	0	0	0.00775	-0.00775	-4.91083e-05	0	0	0	58.7927	-60.5446	3.29047e-05	0	0	0	0.534802	-5.50358	0	6.03838		300	0.207785	0.00153624	-0.00144477	-9.527e-05	0	0	0	0.207785	0	-0.426642	-237.002	0	213.464	213.464	-2.13163e-14	12.4428	0	0	0	0	0	0	0	0	0	0	0	0	0	0	0	0	0	0	0	0	0	0	0	0	0	0	0	0	0	0	0	0	0	
1	1	1	156	4.68		300	0	0	0.0078	-0.0078	-5.01568e-05	0	0	0	58.9412	-60.7278	3.34094e-05	0	0	0	0.540777	-5.51202	0	6.0528		300	0.208943	0.00156975	-0.00147647	-9.72321e-05	0	0	0	0.208943	0	-0.426642	-237.002	0	213.464	213.464	-2.13163e-14	12.4428	0	0	0	0	0	0	0	0	0	0	0	0	0	0	0	0	0	0	0	0	0	0	0	0	0	0	0	0	0	0	0	0	0	
1	1	1	157	4.71		300	0	0	0.00785	-0.00785	-5.12095e-05	0	0	0	59.0882	-60.9095	3.39127e-05	0	0	0	0.546769	-5.5204	0	6.06717		300	0.210097	0.00160341	-0.00150832	-9.91991e-05	0	0	0	0.210097	0	-0.426642	-237.002	0	213.464	213.464	-2.13163e-14	12.4428	0	0	0	0	0	0	0	0	0	0	0	0	0	0	0	0	0	0	0	0	0	0	0	0	0	0	0	0	0	0	0	0	0	
1	1	1	158	4.74		300	0	0	0.0079	-0.0079	-5.2266e-05	0	0	0	59.2338	-61.0898	3.44147e-05	0	0	0	0.552777	-5.52873	0	6.08151		300	0.211249	0.00163722	-0.00154032	-0.000101171	0	0	0	0.211249	0	-0.426642	-237.002	0	213.464	213.464	-2.13163e-14	12.4428	0	0	0	0	0	0	0	0	0	0	0	0	0	0	0	0	0	0	0	0	0	0	0	0	0	0	0	0	0	0	0	0	0	
1	1	1	159	4.77		300	0	0	0.00795	-0.00795	-5.33264e-05	0	0	0	59.3779	-61.2687	3.49152e-05	0	0	0	0.558801	-5.537	0	6.0958		300	0.212396	0.00167119	-0.00157247	-0.000103147	0	0	0	0.212396	0	-0.426642	-237.002	0	213.464	213.464	-2.13163e-14	12.4428	0	0	0	0	0	0	0	0	0	0	0	0	0	0	0	0	0	0	0	0	0	0	0	0	0	0	0	0	0	0	0	0	0	
1	1	1	160	4.8		300	0	0	0.008	-0.008	-5.43906e-05	0	0	0	59.5206	-61.4462	3.54143e-05	0	0	0	0.564842	-5.54522	0	6.11006		300	0.213541	0.0017053	-0.00160477	-0.000105127	0	0	0	0.213541	0	-0.426642	-237.002	0	213.464	213.464	-2.13163e-14	12.4428	0	0	0	0	0	0	0	0	0	0	0	0	0	0	0	0	0	0	0	0	0	0	0	0	0	0	0	0	0	0	0	0	0	
1	1	1	161	4.83		300	0	0	0.00805	-0.00805	-5.54584e-05	0	0	0	59.6619	-61.6223	3.5912e-05	0	0	0	0.570898	-5.55337	0	6.12427		300	0.214683	0.00173956	-0.00163721	-0.000107112	0	0	0	0.214683	0	-0.426642	-237.002	0	213.464	213.464	-2.13163e-14	12.4428	0	0	0	0	0	0	0	0	0	0	0	0	0	0	0	0	0	0	0	0	0	0	0	0	0	0	0	0	0	0	0	0	0	
1	1	1	162	4.86		300	0	0	0.0081	-0.0081	-5.65298e-05	0	0	0	59.8019	-61.797	3.64084e-05	0	0	0	0.57697	-5.56148	0	6.13845		300	0.215821	0.00177396	-0.0016698	-0.0001091	0	0	0	0.215821	0	-0.426642	-237.002	0	213.464	213.464	-2.13163e-14	12.4428	0	0	0	0	0	0	0	0	0	0	0	0	0	0	0	0	0	0	0	0	0	0	0	0	0	0	0	0	0	0	0	0	0	
1	1	1	163	4.89		300	0	0	0.00815	-0.00815	-5.76046e-05	0	0	0	59.9405	-61.9705	3.69035e-05	0	0	0	0.583058	-5.56953	0	6.15259		300	0.216957	0.0018085	-0.00170252	-0.000111092	0	0	0	0.216957	0	-0.426642	-237.002	0	213.464	213.464	-2.13163e-14	12.4428	0	0	0	0	0	0	0	0	0	0	0	0	0	0	0	0	0	0	0	0	0	0	0	0	0	0	0	0	0	0	0	0	0	
1	1	1	164	4.92		300	0	0	0.0082	-0.0082	-5.86828e-05	0	0	0	60.0779	-62.1426	3.73973e-05	0	0	0	0.589161	-5.57753	0	6.16669		300	0.218089	0.00184318	-0.00173537	-0.000113087	0	0	0	0.218089	0	-0.426642	-237.002	0	213.464	213.464	-2.13163e-14	12.4428	0	0	0	0	0	0	0	0	0	0	0	0	0	0	0	0	0	0	0	0	0	0	0	0	0	0	0	0	0	0	0	0	0	
1	1	1	165	4.95		300	0	0	0.00825	-0.00825	-5.97643e-05	0	0	0	60.2139	-62.3135	3.78897e-05	0	0	0	0.59528	-5.58547	0	6.18075		300	0.219218	0.00187798	-0.00176837	-0.000115086	0	0	0	0.219218	0	-0.426642	-237.002	0	213.464	213.464	-2.13163e-14	12.4428	0	0	0	0	0	0	0	0	0	0	0	0	0	0	0	0	0	0	0	0	0	0	0	0	0	0	0	0	0	0	0	0	0	
1	1	1	166	4.98		300	0	0	0.0083	-0.0083	-6.0849e-05	0	0	0	60.3488	-62.4832	3.83809e-05	0	0	0	0.601414	-5.59337	0	6.19478		300	0.220344	0.00191292	-0.00180149	-0.000117088	0	0	0	0.220344	0	-0.426642	-237.002	0	213.464	213.464	-2.13163e-14	12.4428	0	0	0	0	0	0	0	0	0	0	0	0	0	0	0	0	0	0	0	0	0	0	0	0	0	0	0	0	0	0	0	0	0	
1	1	1	167	5.01		300	0	0	0.00835	-0.00835	-6.19368e-05	0	0	0	60.4824	-62.6516	3.88708e-05	0	0	0	0.607563	-5.60121	0	6.20877		300	0.221468	0.00194799	-0.00183474	-0.000119092	0	0	0	0.221468	0	-0.426642	-237.002	0	213.464	213.464	-2.13163e-14	12.4428	0	0	0	0	0	0	0	0	0	0	0	0	0	0	0	0	0	0	0	0	0	0	0	0	0	0	0	0	0	0	0	0	0	
1	1	1	168	5.04		300	0	0	0.0084	-0.0084	-6.30277e-05	0	0	0	60.6148	-62.8188	3.93595e-05	0	0	0	0.613727	-5.609	0	6.22272		300	0.222588	0.00198318	-0.00186811	-0.0001211	0	0	0	0.222588	0	-0.426642	-237.002	0	213.464	213.464	-2.13163e-14	12.4428	0	0	0	0	0	0	0	0	0	0	0	0	0	0	0	0	0	0	0	0	0	0	0	0	0	0	0	0	0	0	0	0	0	
1	1	1	169	5.07		300	0	0	0.00845	-0.00845	-6.41215e-05	0	0	0	60.746	-62.9848	3.98469e-05	0	0	0	0.619906	-5.61674	0	6.23664		300	0.223706	0.0020185	-0.00190161	-0.00012311	0	0	0	0.223706	0	-0.426642	-237.002	0	213.464	213.464	-2.13163e-14	12.4428	0	0	0	0	0	0	0	0	0	0	0	0	0	0	0	0	0	0	0	0	0	0	0	0	0	0	0	0	0	0	0	0	0	
1	1	1	170	5.1		300	0	0	0.0085	-0.0085	-6.52182e-05	0	0	0	60.8761	-63.1496	4.03332e-05	0	0	0	0.6261	-5.62442	0	6.25052		300	0.22482	0.00205394	-0.00193524	-0.000125123	0	0	0	0.22482	0	-0.426642	-237.002	0	213.464	213.464	-2.13163e-14	12.4428	0	0	0	0	0	0	0	0	0	0	0	0	0	0	0	0	0	0	0	0	0	0	0	0	0	0	0	0	0	0	0	0	0	
1	1	1	171	5.13		300	0	0	0.00855	-0.00855	-6.63177e-05	0	0	0	61.005	-63.3133	4.08182e-05	0	0	0	0.632309	-5.63206	0	6.26437		300	0.225932	0.0020895	-0.00196898	-0.000127139	0	0	0	0.225932	0	-0.426642	-237.002	0	213.464	213.464	-2.13163e-14	12.4428	0	0	0	0	0	0	0	0	0	0	0	0	0	0	0	0	0	0	0	0	0	0	0	0	0	0	0	0	0	0	0	0	0	
1	1	1	172	5.16		300	0	0	0.0086	-0.0086	-6.742e-05	0	0	0	61.1329	-63.4759	4.1302e-05	0	0	0	0.638532	-5.63965	0	6.27818		300	0.227041	0.00212517	-0.00200284	-0.000129156	0	0	0	0.227041	0	-0.426642	-237.002	0	213.464	213.464	-2.13163e-14	12.4428	0	0	0	0	0	0	0	0	0	0	0	0	0	0	0	0	0	0	0	0	0	0	0	0	0	0	0	0	0	0	0	0	0	
1	1	1	173	5.19		300	0	0	0.00865	-0.00865	-6.85249e-05	0	0	0	61.2596	-63.6374	4.17847e-05	0	0	0	0.644769	-5.64719	0	6.29196		300	0.228148	0.00216096	-0.00203682	-0.000131176	0	0	0	0.228148	0	-0.426642	-237.002	0	213.464	213.464	-2.13163e-14	12.4428	0	0	0	0	0	0	0	0	0	0	0	0	0	0	0	0	0	0	0	0	0	0	0	0	0	0	0	0	0	0	0	0	0	
1	1	1	174	5.22		300	0	0	0.0087	-0.0087	-6.96325e-05	0	0	0	61.3853	-63.7978	4.22663e-05	0	0	0	0.651021	-5.65468	0	6.30571		300	0.229251	0.00219686	-0.00207091	-0.000133197	0	0	0	0.229251	0	-0.426642	-237.002	0	213.464	213.464	-2.13163e-14	12.4428	0	0	0	0	0	0	0	0	0	0	0	0	0	0	0	0	0	0	0	0	0	0	0	0	0	0	0	0	0	0	0	0	0	
1	1	1	175	5.25		300	0	0	0.00875	-0.00875	-7.07426e-05	0	0	0	61.51	-63.9571	4.27467e-05	0	0	0	0.657288	-5.66213	0	6.31942		300	0.230352	0.00223287	-0.00210511	-0.000135221	0	0	0	0.230352	0	-0.426642	-237.002	0	213.464	213.464	-2.13163e-14	12.4428	0	0	0	0	0	0	0	0	0	0	0	0	0	0	0	0	0	0	0	0	0	0	0	0	0	0	0	0	0	0	0	0	0	
1	1	1	176	5.28		300	0	0	0.0088	-0.0088	-7.18551e-05	0	0	0	61.6336	-64.1153	4.32259e-05	0	0	0	0.663568	-5.66953	0	6.33309		300	0.23145	0.00226899	-0.00213942	-0.000137246	0	0	0	0.23145	0	-0.426642	-237.002	0	213.464	213.464	-2.13163e-14	12.4428	0	0	0	0	0	0	0	0	0	0	0	0	0	0	0	0	0	0	0	0	0	0	0	0	0	0	0	0	0	0	0	0	0	
1	1	1	177	5.31		300	0	0	0.00885	-0.00885	-7.29702e-05	0	0	0	61.7562	-64.2725	4.37041e-05	0	0	0	0.669863	-5.67687	0	6.34674		300	0.232546	0.00230522	-0.00217384	-0.000139273	0	0	0	0.232546	0	-0.426642	-237.002	0	213.464	213.464	-2.13163e-14	12.4428	0	0	0	0	0	0	0	0	0	0	0	0	0	0	0	0	0	0	0	0	0	0	0	0	0	0	0	0	0	0	0	0	0	
1	1	1	178	5.34		300	0	0	0.0089	-0.0089	-7.40875e-05	0	0	0	61.8778	-64.4287	4.41812e-05	0	0	0	0.676171	-5.68418	0	6.36035		300	0.233639	0.00234155	-0.00220836	-0.000141301	0	0	0	0.233639	0	-0.426642	-237.002	0	213.464	213.464	-2.13163e-14	12.4428	0	0	0	0	0	0	0	0	0	0	0	0	0	0	0	0	0	0	0	0	0	0	0	0	0	0	0	0	0	0	0	0	0	
1	1	1	179	5.37		300	0	0	0.00895	-0.00895	-7.52072e-05	0	0	0	61.9984	-64.5839	4.46572e-05	0	0	0	0.682493	-5.69143	0	6.37393		300	0.234729	0.00237798	-0.002243	-0.000143331	0	0	0	0.234729	0	-0.426642	-237.002	0	213.464	213.464	-2.13163e-14	12.4428	0	0	0	0	0	0	0	0	0	0	0	0	0	0	0	0	0	0	0	0	0	0	0	0	0	0	0	0	0	0	0	0	0	
1	1	1	180	5.4		300	0	0	0.009	-0.009	-7.63291e-05	0	0	0	62.1181	-64.7381	4.51321e-05	0	0	0	0.688829	-5.69865	0	6.38748		300	0.235817	0.00241452	-0.00227773	-0.000145362	0	0	0	0.235817	0	-0.426642	-237.002	0	213.464	213.464	-2.13163e-14	12.4428	0	0	0	0	0	0	0	0	0	0	0	0	0	0	0	0	0	0	0	0	0	0	0	0	0	0	0	0	0	0	0	0	0	
1	1	1	181	5.43		300	0	0	0.00905	-0.00905	-7.74532e-05	0	0	0	62.2369	-64.8913	4.5606e-05	0	0	0	0.695179	-5.70581	0	6.40099		300	0.236902	0.00245115	-0.00231256	-0.000147394	0	0	0	0.236902	0	-0.426642	-237.002	0	213.464	213.464	-2.13163e-14	12.4428	0	0	0	0	0	0	0	0	0	0	0	0	0	0	0	0	0	0	0	0	0	0	0	0	0	0	0	0	0	0	0	0	0	
1	1	1	182	5.46		300	0	0	0.0091	-0.0091	-7.85794e-05	0	0	0	62.3547	-65.0435	4.60788e-05	0	0	0	0.701542	-5.71293	0	6.41447		300	0.237985	0.00248788	-0.0023475	-0.000149428	0	0	0	0.237985	0	-0.426642	-237.002	0	213.464	213.464	-2.13163e-14	12.4428	0	0	0	0	0	0	0	0	0	0	0	0	0	0	0	0	0	0	0	0	0	0	0	0	0	0	0	0	0	0	0	0	0	
1	1	1	183	5.49		300	0	0	0.00915	-0.00915	-7.97078e-05	0	0	0	62.4716	-65.1949	4.65506e-05	0	0	0	0.707918	-5.72001	0	6.42793		300	0.239065	0.00252471	-0.00238253	-0.000151462	0	0	0	0.239065	0	-0.426642	-237.002	0	213.464	213.464	-2.13163e-14	12.4428	0	0	0	0	0	0	0	0	0	0	0	0	0	0	0	0	0	0	0	0	0	0	0	0	0	0	0	0	0	0	0	0	0	
1	1	1	184	5.52		300	0	0	0.0092	-0.0092	-8.08381e-05	0	0	0	62.5877	-65.3452	4.70214e-05	0	0	0	0.714308	-5.72704	0	6.44135		300	0.240142	0.00256164	-0.00241766	-0.000153497	0	0	0	0.240142	0	-0.426642	-237.002	0	213.464	213.464	-2.13163e-14	12.4428	0	0	0	0	0	0	0	0	0	0	0	0	0	0	0	0	0	0	0	0	0	0	0	0	0	0	0	0	0	0	0	0	0	
1	1	1	185	5.55		300	0	0	0.00925	-0.00925	-8.19705e-05	0	0	0	62.7028	-65.4947	4.74912e-05	0	0	0	0.720712	-5.73403	0	6.45474		300	0.241218	0.00259865	-0.00245289	-0.000155533	0	0	0	0.241218	0	-0.426642	-237.002	0	213.464	213.464	-2.13163e-14	12.4428	0	0	0	0	0	0	0	0	0	0	0	0	0	0	0	0	0	0	0	0	0	0	0	0	0	0	0	0	0	0	0	0	0	
1	1	1	186	5.58		300	0	0	0.0093	-0.0093	-8.31048e-05	0	0	0	62.8171	-65.6432	4.796e-05	0	0	0	0.727128	-5.74098	0	6.4681		300	0.24229	0.00263576	-0.00248821	-0.00015757	0	0	0	0.24229	0	-0.426642	-237.002	0	213.464	213.464	-2.13163e-14	12.4428	0	0	0	0	0	0	0	0	0	0	0	0	0	0	0	0	0	0	0	0	0	0	0	0	0	0	0	0	0	0	0	0	0	
1	1	1	187	5.61		300	0	0	0.00935	-0.00935	-8.4241e-05	0	0	0	62.9306	-65.7909	4.84279e-05	0	0	0	0.733558	-5.74788	0	6.48144		300	0.243361	0.00267296	-0.00252362	-0.000159607	0	0	0	0.243361	0	-0.426642	-237.002	0	213.464	213.464	-2.13163e-14	12.4428	0	0	0	0	0	0	0	0	0	0	0	0	0	0	0	0	0	0	0	0	0	0	0	0	0	0	0	0	0	0	0	0	0	
1	1	1	188	5.64		300	0	0	0.0094	-0.0094	-8.5379e-05	0	0	0	63.0432	-65.9377	4.88948e-05	0	0	0	0.74	-5.75474	0	6.49474		300	0.244429	0.00271024	-0.00255912	-0.000161645	0	0	0	0.244429	0	-0.426642	-237.002	0	213.464	213.464	-2.13163e-14	12.4428	0	0	0	0	0	0	0	0	0	0	0	0	0	0	0	0	0	0	0	0	0	0	0	0	0	0	0	0	0	0	0	0	0	
1	1	1	189	5.67		300	0	0	0.00945	-0.00945	-8.65188e-05	0	0	0	63.155	-66.0836	4.93607e-05	0	0	0	0.746456	-5.76156	0	6.50801		300	0.245494	0.00274761	-0.00259471	-0.000163684	0	0	0	0.245494	0	-0.426642	-237.002	0	213.464	213.464	-2.13163e-14	12.4428	0	0	0	0	0	0	0	0	0	0	0	0	0	0	0	0	0	0	0	0	0	0	0	0	0	0	0	0	0	0	0	0	0	
1	1	1	190	5.7		300	0	0	0.0095	-0.0095	-8.76604e-05	0	0	0	63.266	-66.2286	4.98257e-05	0	0	0	0.752924	-5.76833	0	6.52125		300	0.246558	0.00278507	-0.00263039	-0.000165722	0	0	0	0.246558	0	-0.426642	-237.002	0	213.464	213.464	-2.13163e-14	12.4428	0	0	0	0	0	0	0	0	0	0	0	0	0	0	0	0	0	0	0	0	0	0	0	0	0	0	0	0	0	0	0	0	0	
1	1	1	191	5.73		300	0	0	0.00955	-0.00955	-8.88037e-05	0	0	0	63.3762	-66.3729	5.02897e-05	0	0	0	0.759405	-5.77506	0	6.53447		300	0.247619	0.00282261	-0.00266616	-0.000167761	0	0	0	0.247619	0	-0.426642	-237.002	0	213.464	213.464	-2.13163e-14	12.4428	0	0	0	0	0	0	0	0	0	0	0	0	0	0	0	0	0	0	0	0	0	0	0	0	0	0	0	0	0	0	0	0	0	
1	1	1	192	5.76		300	0	0	0.0096	-0.0096	-8.99487e-05	0	0	0	63.4857	-66.5162	5.07529e-05	0	0	0	0.765899	-5.78176	0	6.54766		300	0.248677	0.00286024	-0.00270201	-0.000169801	0	0	0	0.248677	0	-0.426642	-237.002	0	213.464	213.464	-2.13163e-14	12.4428	0	0	0	0	0	0	0	0	0	0	0	0	0	0	0	0	0	0	0	0	0	0	0	0	0	0	0	0	0	0	0	0	0	
1	1	1	193	5.79		300	0	0	0.00965	-0.00965	-9.10953e-05	0	0	0	63.5944	-66.6588	5.12151e-05	0	0	0	0.772405	-5.78841	0	6.56082		300	0.249734	0.00289794	-0.00273795	-0.00017184	0	0	0	0.249734	0	-0.426642	-237.002	0	213.464	213.464	-2.13163e-14	12.4428	0	0	0	0	0	0	0	0	0	0	0	0	0	0	0	0	0	0	0	0	0	0	0	0	0	0	0	0	0	0	0	0	0	
1	1	1	194	5.82		300	0	0	0.0097	-0.0097	-9.22435e-05	0	0	0	63.7023	-66.8006	5.16764e-05	0	0	0	0.778924	-5.79502	0	6.57395		300	0.250788	0.00293573	-0.00277397	-0.00017388	0	0	0	0.250788	0	-0.426642	-237.002	0	213.464	213.464	-2.13163e-14	12.4428	0	0	0	0	0	0	0	0	0	0	0	0	0	0	0	0	0	0	0	0	0	0	0	0	0	0	0	0	0	0	0	0	0	
1	1	1	195	5.85		300	0	0	0.00975	-0.00975	-9.33933e-05	0	0	0	63.8095	-66.9415	5.21369e-05	0	0	0	0.785456	-5.80159	0	6.58705		300	0.25184	0.00297359	-0.00281007	-0.00017592	0	0	0	0.25184	0	-0.426642	-237.002	0	213.464	213.464	-2.13163e-14	12.4428	0	0	0	0	0	0	0	0	0	0	0	0	0	0	0	0	0	0	0	0	0	0	0	0	0	0	0	0	0	0	0	0	0	
1	1	1	196	5.88		300	0	0	0.0098	-0.0098	-9.45446e-05	0	0	0	63.9159	-67.0817	5.25964e-05	0	0	0	0.791999	-5.80812	0	6.60012		300	0.25289	0.00301154	-0.00284625	-0.000177959	0	0	0	0.25289	0	-0.426642	-237.002	0	213.464	213.464	-2.13163e-14	12.4428	0	0	0	0	0	0	0	0	0	0	0	0	0	0	0	0	0	0	0	0	0	0	0	0	0	0	0	0	0	0	0	0	0	
1	1	1	197	5.91		300	0	0	0.00985	-0.00985	-9.56973e-05	0	0	0	64.0217	-67.2211	5.30551e-05	0	0	0	0.798555	-5.81462	0	6.61317		300	0.253937	0.00304956	-0.00288251	-0.000179999	0	0	0	0.253937	0	-0.426642	-237.002	0	213.464	213.464	-2.13163e-14	12.4428	0	0	0	0	0	0	0	0	0	0	0	0	0	0	0	0	0	0	0	0	0	0	0	0	0	0	0	0	0	0	0	0	0	
1	1	1	198	5.94		300	0	0	0.0099	-0.0099	-9.68516e-05	0	0	0	64.1267	-67.3598	5.3513e-05	0	0	0	0.805124	-5.82107	0	6.62619		300	0.254983	0.00308765	-0.00291886	-0.000182038	0	0	0	0.254983	0	-0.426642	-237.002	0	213.464	213.464	-2.13163e-14	12.4428	0	0	0	0	0	0	0	0	0	0	0	0	0	0	0	0	0	0	0	0	0	0	0	0	0	0	0	0	0	0	0	0	0	
1	1	1	199	5.97		300	0	0	0.00995	-0.00995	-9.80072e-05	0	0	0	64.2311	-67.4977	5.397e-05	0	0	0	0.811704	-5.82748	0	6.63919		300	0.256026	0.00312582	-0.00295527	-0.000184077	0	0	0	0.256026	0	-0.426642	-237.002	0	213.464	213.464	-2.13163e-14	12.4428	0	0	0	0	0	0	0	0	0	0	0	0	0	0	0	0	0	0	0	0	0	0	0	0	0	0	0	0	0	0	0	0	0	
1	1	1	200	6		300	0	0	0.01	-0.01	-9.91642e-05	0	0	0	64.3348	-67.6348	5.44261e-05	0	0	0	0.818296	-5.83386	0	6.65216		300	0.257067	0.00316406	-0.00299177	-0.000186116	0	0	0	0.257067	0	-0.426642	-237.002	0	213.464	213.464	-2.13163e-14	12.4428	0	0	0	0	0	0	0	0	0	0	0	0	0	0	0	0	0	0	0	0	0	0	0	0	0	0	0	0	0	0	0	0	0	
1	1	1	201	6.03		300	0	0	0.01005	-0.01005	-0.000100323	0	0	0	64.4378	-67.7712	5.48815e-05	0	0	0	0.824901	-5.8402	0	6.6651		300	0.258106	0.00320238	-0.00302834	-0.000188155	0	0	0	0.258106	0	-0.426642	-237.002	0	213.464	213.464	-2.13163e-14	12.4428	0	0	0	0	0	0	0	0	0	0	0	0	0	0	0	0	0	0	0	0	0	0	0	0	0	0	0	0	0	0	0	0	0	
1	1	1	202	6.06		300	0	0	0.0101	-0.0101	-0.000101482	0	0	0	64.5401	-67.9069	5.5336e-05	0	0	0	0.831517	-5.8465	0	6.67801		300	0.259143	0.00324076	-0.00306498	-0.000190193	0	0	0	0.259143	0	-0.426642	-237.002	0	213.464	213.464	-2.13163e-14	12.4428	0	0	0	0	0	0	0	0	0	0	0	0	0	0	0	0	0	0	0	0	0	0	0	0	0	0	0	0	0	0	0	0	0	
1	1	1	203	6.09		300	0	0	0.01015	-0.01015	-0.000102643	0	0	0	64.6418	-68.0419	5.57897e-05	0	0	0	0.838145	-5.85276	0	6.6909		300	0.260178	0.00327922	-0.0031017	-0.00019223	0	0	0	0.260178	0	-0.426642	-237.002	0	213.464	213.464	-2.13163e-14	12.4428	0	0	0	0	0	0	0	0	0	0	0	0	0	0	0	0	0	0	0	0	0	0	0	0	0	0	0	0	0	0	0	0	0	
1	1	1	204	6.12		300	0	0	0.0102	-0.0102	-0.000103805	0	0	0	64.7429	-68.1761	5.62426e-05	0	0	0	0.844786	-5.85898	0	6.70377		300	0.261211	0.00331774	-0.00313849	-0.000194268	0	0	0	0.261211	0	-0.426642	-237.002	0	213.464	213.464	-2.13163e-14	12.4428	0	0	0	0	0	0	0	0	0	0	0	0	0	0	0	0	0	0	0	0	0	0	0	0	0	0	0	0	0	0	0	0	0	
1	1	1	205	6.15		300	0	0	0.01025	-0.01025	-0.000104969	0	0	0	64.8433	-68.3097	5.66946e-05	0	0	0	0.851437	-5.86517	0	6.71661		300	0.262241	0.00335633	-0.00317535	-0.000196304	0	0	0	0.262241	0	-0.426642	-237.002	0	213.464	213.464	-2.13163e-14	12.4428	0	0	0	0	0	0	0	0	0	0	0	0	0	0	0	0	0	0	0	0	0	0	0	0	0	0	0	0	0	0	0	0	0	
1	1	1	206	6.18		300	0	0	0.0103	-0.0103	-0.000106134	0	0	0	64.9431	-68.4426	5.71459e-05	0	0	0	0.858101	-5.87132	0	6.72942		300	0.26327	0.00339499	-0.00321228	-0.00019834	0	0	0	0.26327	0	-0.426642	-237.002	0	213.464	213.464	-2.13163e-14	12.4428	0	0	0	0	0	0	0	0	0	0	0	0	0	0	0	0	0	0	0	0	0	0	0	0	0	0	0	0	0	0	0	0	0	
1	1	1	207	6.21		300	0	0	0.01035	-0.01035	-0.000107299	0	0	0	65.0423	-68.5748	5.75965e-05	0	0	0	0.864776	-5.87744	0	6.74221		300	0.264297	0.00343372	-0.00324928	-0.000200376	0	0	0	0.264297	0	-0.426642	-237.002	0	213.464	213.464	-2.13163e-14	12.4428	0	0	0	0	0	0	0	0	0	0	0	0	0	0	0	0	0	0	0	0	0	0	0	0	0	0	0	0	0	0	0	0	0	
1	1	1	208	6.24		300	0	0	0.0104	-0.0104	-0.000108466	0	0	0	65.1409	-68.7063	5.80462e-05	0	0	0	0.871463	-5.88351	0	6.75498		300	0.265321	0.00347251	-0.00328635	-0.000202411	0	0	0	0.265321	0	-0.426642	-237.002	0	213.464	213.464	-2.13163e-14	12.4428	0	0	0	0	0	0	0	0	0	0	0	0	0	0	0	0	0	0	0	0	0	0	0	0	0	0	0	0	0	0	0	0	0	
1	1	1	209	6.27		300	0	0	0.01045	-0.01045	-0.000109634	0	0	0	65.2389	-68.8372	5.84952e-05	0	0	0	0.878161	-5.88956	0	6.76772		300	0.266344	0.00351136	-0.00332349	-0.000204445	0	0	0	0.266344	0	-0.426642	-237.002	0	213.464	213.464	-2.13163e-14	12.4428	0	0	0	0	0	0	0	0	0	0	0	0	0	0	0	0	0	0	0	0	0	0	0	0	0	0	0	0	0	0	0	0	0	
1	1	1	210	6.3		300	0	0	0.0105	-0.0105	-0.000110803	0	0	0	65.3363	-68.9674	5.89434e-05	0	0	0	0.88487	-5.89556	0	6.78043		300	0.267365	0.00355028	-0.0033607	-0.000206478	0	0	0	0.267365	0	-0.426642	-237.002	0	213.464	213.464	-2.13163e-14	12.4428	0	0	0	0	0	0	0	0	0	0	0	0	0	0	0	0	0	0	0	0	0	0	0	0	0	0	0	0	0	0	0	0	0	
1	1	1	211	6.33		300	0	0	0.01055	-0.01055	-0.000111974	0	0	0	65.4332	-69.097	5.93909e-05	0	0	0	0.891591	-5.90153	0	6.79312		300	0.268384	0.00358925	-0.00339797	-0.000208511	0	0	0	0.268384	0	-0.426642	-237.002	0	213.464	213.464	-2.13163e-14	12.4428	0	0	0	0	0	0	0	0	0	0	0	0	0	0	0	0	0	0	0	0	0	0	0	0	0	0	0	0	0	0	0	0	0	
1	1	1	212	6.36		300	0	0	0.0106	-0.0106	-0.000113145	0	0	0	65.5294	-69.2259	5.98377e-05	0	0	0	0.898323	-5.90747	0	6.80579		300	0.269401	0.00362829	-0.0034353	-0.000210542	0	0	0	0.269401	0	-0.426642	-237.002	0	213.464	213.464	-2.13163e-14	12.4428	0	0	0	0	0	0	0	0	0	0	0	0	0	0	0	0	0	0	0	0	0	0	0	0	0	0	0	0	0	0	0	0	0	
1	1	1	213	6.39		300	0	0	0.01065	-0.01065	-0.000114317	0	0	0	65.6251	-69.3542	6.02837e-05	0	0	0	0.905066	-5.91337	0	6.81843		300	0.270416	0.0036674	-0.0034727	-0.000212573	0	0	0	0.270416	0	-0.426642	-237.002	0	213.464	213.464	-2.13163e-14	12.4428	0	0	0	0	0	0	0	0	0	0	0	0	0	0	0	0	0	0	0	0	0	0	0	0	0	0	0	0	0	0	0	0	0	
1	1	1	214	6.42		300	0	0	0.0107	-0.0107	-0.00011549	0	0	0	65.7203	-69.4819	6.07289e-05	0	0	0	0.911821	-5.91923	0	6.83106		300	0.271429	0.00370656	-0.00351016	-0.000214603	0	0	0	0.271429	0	-0.426642	-237.002	0	213.464	213.464	-2.13163e-14	12.4428	0	0	0	0	0	0	0	0	0	0	0	0	0	0	0	0	0	0	0	0	0	0	0	0	0	0	0	0	0	0	0	0	0	
1	1	1	215	6.45		300	0	0	0.01075	-0.01075	-0.000116665	0	0	0	65.8149	-69.6089	6.11735e-05	0	0	0	0.918587	-5.92507	0	6.84365		300	0.27244	0.00374577	-0.00354769	-0.000216632	0	0	0	0.27244	0	-0.426642	-237.002	0	213.464	213.464	-2.13163e-14	12.4428	0	0	0	0	0	0	0	0	0	0	0	0	0	0	0	0	0	0	0	0	0	0	0	0	0	0	0	0	0	0	0	0	0	
1	1	1	216	6.48		300	0	0	0.0108	-0.0108	-0.00011784	0	0	0	65.909	-69.7354	6.16173e-05	0	0	0	0.925363	-5.93086	0	6.85623		300	0.27345	0.00378505	-0.00358528	-0.00021866	0	0	0	0.27345	0	-0.426642	-237.002	0	213.464	213.464	-2.13163e-14	12.4428	0	0	0	0	0	0	0	0	0	0	0	0	0	0	0	0	0	0	0	0	0	0	0	0	0	0	0	0	0	0	0	0	0	
1	1	1	217	6.51		300	0	0	0.01085	-0.01085	-0.000119016	0	0	0	66.0026	-69.8612	6.20604e-05	0	0	0	0.932151	-5.93663	0	6.86878		300	0.274457	0.00382439	-0.00362293	-0.000220687	0	0	0	0.274457	0	-0.426642	-237.002	0	213.464	213.464	-2.13163e-14	12.4428	0	0	0	0	0	0	0	0	0	0	0	0	0	0	0	0	0	0	0	0	0	0	0	0	0	0	0	0	0	0	0	0	0	
1	1	1	218	6.54		300	0	0	0.0109	-0.0109	-0.000120193	0	0	0	66.0956	-69.9865	6.25029e-05	0	0	0	0.93895	-5.94236	0	6.88131		300	0.275463	0.00386378	-0.00366063	-0.000222713	0	0	0	0.275463	0	-0.426642	-237.002	0	213.464	213.464	-2.13163e-14	12.4428	0	0	0	0	0	0	0	0	0	0	0	0	0	0	0	0	0	0	0	0	0	0	0	0	0	0	0	0	0	0	0	0	0	
1	1	1	219	6.57		300	0	0	0.01095	-0.01095	-0.000121371	0	0	0	66.1881	-70.1112	6.29446e-05	0	0	0	0.945759	-5.94805	0	6.89381		300	0.276467	0.00390322	-0.0036984	-0.000224737	0	0	0	0.276467	0	-0.426642	-237.002	0	213.464	213.464	-2.13163e-14	12.4428	0	0	0	0	0	0	0	0	0	0	0	0	0	0	0	0	0	0	0	0	0	0	0	0	0	0	0	0	0	0	0	0	0	
1	1	1	220	6.6		300	0	0	0.011	-0.011	-0.000122549	0	0	0	66.2802	-70.2352	6.33856e-05	0	0	0	0.95258	-5.95372	0	6.9063		300	0.277469	0.00394273	-0.00373623	-0.000226761	0	0	0	0.277469	0	-0.426642	-237.002	0	213.464	213.464	-2.13163e-14	12.4428	0	0	0	0	0	0	0	0	0	0	0	0	0	0	0	0	0	0	0	0	0	0	0	0	0	0	0	0	0	0	0	0	0	
1	1	1	221	6.63		300	0	0	0.01105	-0.01105	-0.000123729	0	0	0	66.3717	-70.3588	6.3826e-05	0	0	0	0.959411	-5.95935	0	6.91876		300	0.27847	0.00398228	-0.00377412	-0.000228784	0	0	0	0.27847	0	-0.426642	-237.002	0	213.464	213.464	-2.13163e-14	12.4428	0	0	0	0	0	0	0	0	0	0	0	0	0	0	0	0	0	0	0	0	0	0	0	0	0	0	0	0	0	0	0	0	0	
1	1	1	222	6.66		300	0	0	0.0111	-0.0111	-0.000124909	0	0	0	66.4627	-70.4817	6.42656e-05	0	0	0	0.966253	-5.96494	0	6.9312		300	0.279468	0.00402189	-0.00381206	-0.000230805	0	0	0	0.279468	0	-0.426642	-237.002	0	213.464	213.464	-2.13163e-14	12.4428	0	0	0	0	0	0	0	0	0	0	0	0	0	0	0	0	0	0	0	0	0	0	0	0	0	0	0	0	0	0	0	0	0	
1	1	1	223	6.69		300	0	0	0.01115	-0.01115	-0.00012609	0	0	0	66.5533	-70.6041	6.47046e-05	0	0	0	0.973105	-5.97051	0	6.94361		300	0.280465	0.00406155	-0.00385006	-0.000232825	0	0	0	0.280465	0	-0.426642	-237.002	0	213.464	213.464	-2.13163e-14	12.4428	0	0	0	0	0	0	0	0	0	0	0	0	0	0	0	0	0	0	0	0	0	0	0	0	0	0	0	0	0	0	0	0	0	
1	1	1	224	6.72		300	0	0	0.0112	-0.0112	-0.000127272	0	0	0	66.6433	-70.7259	6.5143e-05	0	0	0	0.979968	-5.97604	0	6.95601		300	0.28146	0.00410127	-0.00388811	-0.000234844	0	0	0	0.28146	0	-0.426642	-237.002	0	213.464	213.464	-2.13163e-14	12.4428	0	0	0	0	0	0	0	0	0	0	0	0	0	0	0	0	0	0	0	0	0	0	0	0	0	0	0	0	0	0	0	0	0	
1	1	1	225	6.75		300	0	0	0.01125	-0.01125	-0.000128455	0	0	0	66.7329	-70.8472	6.55806e-05	0	0	0	0.986842	-5.98154	0	6.96838		300	0.282453	0.00414103	-0.00392623	-0.000236861	0	0	0	0.282453	0	-0.426642	-237.002	0	213.464	213.464	-2.13163e-14	12.4428	0	0	0	0	0	0	0	0	0	0	0	0	0	0	0	0	0	0	0	0	0	0	0	0	0	0	0	0	0	0	0	0	0	
1	1	1	226	6.78		300	0	0	0.0113	-0.0113	-0.000129638	0	0	0	66.8221	-70.968	6.60176e-05	0	0	0	0.993726	-5.98701	0	6.98074		300	0.283445	0.00418085	-0.00396439	-0.000238878	0	0	0	0.283445	0	-0.426642	-237.002	0	213.464	213.464	-2.13163e-14	12.4428	0	0	0	0	0	0	0	0	0	0	0	0	0	0	0	0	0	0	0	0	0	0	0	0	0	0	0	0	0	0	0	0	0	
1	1	1	227	6.81		300	0	0	0.01135	-0.01135	-0.000130822	0	0	0	66.9107	-71.0882	6.6454e-05	0	0	0	1.00062	-5.99245	0	6.99307		300	0.284435	0.00422072	-0.00400261	-0.000240893	0	0	0	0.284435	0	-0.426642	-237.002	0	213.464	213.464	-2.13163e-14	12.4428	0	0	0	0	0	0	0	0	0	0	0	0	0	0	0	0	0	0	0	0	0	0	0	0	0	0	0	0	0	0	0	0	0	
1	1	1	228	6.84		300	0	0	0.0114	-0.0114	-0.000132007	0	0	0	66.999	-71.2079	6.68897e-05	0	0	0	1.00753	-5.99785	0	7.00538		300	0.285423	0.00426063	-0.00404089	-0.000242906	0	0	0	0.285423	0	-0.426642	-237.002	0	213.464	213.464	-2.13163e-14	12.4428	0	0	0	0	0	0	0	0	0	0	0	0	0	0	0	0	0	0	0	0	0	0	0	0	0	0	0	0	0	0	0	0	0	
1	1	1	229	6.87		300	0	0	0.01145	-0.01145	-0.000133193	0	0	0	67.0867	-71.327	6.73248e-05	0	0	0	1.01444	-6.00323	0	7.01767		300	0.28641	0.0043006	-0.00407921	-0.000244919	0	0	0	0.28641	0	-0.426642	-237.002	0	213.464	213.464	-2.13163e-14	12.4428	0	0	0	0	0	0	0	0	0	0	0	0	0	0	0	0	0	0	0	0	0	0	0	0	0	0	0	0	0	0	0	0	0	
1	1	1	230	6.9		300	0	0	0.0115	-0.0115	-0.000134379	0	0	0	67.1741	-71.4457	6.77592e-05	0	0	0	1.02137	-6.00857	0	7.02994		300	0.287395	0.00434061	-0.00411759	-0.00024693	0	0	0	0.287395	0	-0.426642	-237.002	0	213.464	213.464	-2.13163e-14	12.4428	0	0	0	0	0	0	0	0	0	0	0	0	0	0	0	0	0	0	0	0	0	0	0	0	0	0	0	0	0	0	0	0	0	
1	1	1	231	6.93		300	0	0	0.01155	-0.01155	-0.000135566	0	0	0	67.261	-71.5638	6.8193e-05	0	0	0	1.0283	-6.01388	0	7.04219		300	0.288378	0.00438067	-0.00415602	-0.000248939	0	0	0	0.288378	0	-0.426642	-237.002	0	213.464	213.464	-2.13163e-14	12.4428	0	0	0	0	0	0	0	0	0	0	0	0	0	0	0	0	0	0	0	0	0	0	0	0	0	0	0	0	0	0	0	0	0	
1	1	1	232	6.96		300	0	0	0.0116	-0.0116	-0.000136753	0	0	0	67.3474	-71.6814	6.86261e-05	0	0	0	1.03525	-6.01917	0	7.05442		300	0.289359	0.00442078	-0.00419451	-0.000250947	0	0	0	0.289359	0	-0.426642	-237.002	0	213.464	213.464	-2.13163e-14	12.4428	0	0	0	0	0	0	0	0	0	0	0	0	0	0	0	0	0	0	0	0	0	0	0	0	0	0	0	0	0	0	0	0	0	
1	1	1	233	6.99		300	0	0	0.01165	-0.01165	-0.000137941	0	0	0	67.4335	-71.7985	6.90587e-05	0	0	0	1.04221	-6.02442	0	7.06662		300	0.290339	0.00446093	-0.00423304	-0.000252954	0	0	0	0.290339	0	-0.426642	-237.002	0	213.464	213.464	-2.13163e-14	12.4428	0	0	0	0	0	0	0	0	0	0	0	0	0	0	0	0	0	0	0	0	0	0	0	0	0	0	0	0	0	0	0	0	0	
1	1	1	234	7.02		300	0	0	0.0117	-0.0117	-0.00013913	0	0	0	67.5191	-71.9151	6.94906e-05	0	0	0	1.04917	-6.02964	0	7.07881		300	0.291318	0.00450114	-0.00427162	-0.000254959	0	0	0	0.291318	0	-0.426642	-237.002	0	213.464	213.464	-2.13163e-14	12.4428	0	0	0	0	0	0	0	0	0	0	0	0	0	0	0	0	0	0	0	0	0	0	0	0	0	0	0	0	0	0	0	0	0	
1	1	1	235	7.05		300	0	0	0.01175	-0.01175	-0.000140319	0	0	0	67.6044	-72.0313	6.99219e-05	0	0	0	1.05615	-6.03483	0	7.09098		300	0.292294	0.00454138	-0.00431025	-0.000256963	0	0	0	0.292294	0	-0.426642	-237.002	0	213.464	213.464	-2.13163e-14	12.4428	0	0	0	0	0	0	0	0	0	0	0	0	0	0	0	0	0	0	0	0	0	0	0	0	0	0	0	0	0	0	0	0	0	
1	1	1	236	7.08		300	0	0	0.0118	-0.0118	-0.000141509	0	0	0	67.6892	-72.1469	7.03526e-05	0	0	0	1.06314	-6.03999	0	7.10313		300	0.29327	0.00458167	-0.00434893	-0.000258965	0	0	0	0.29327	0	-0.426642	-237.002	0	213.464	213.464	-2.13163e-14	12.4428	0	0	0	0	0	0	0	0	0	0	0	0	0	0	0	0	0	0	0	0	0	0	0	0	0	0	0	0	0	0	0	0	0	
1	1	1	237	7.11		300	0	0	0.01185	-0.01185	-0.000142699	0	0	0	67.7736	-72.2621	7.07827e-05	0	0	0	1.07013	-6.04512	0	7.11525		300	0.294243	0.00462201	-0.00438766	-0.000260966	0	0	0	0.294243	0	-0.426642	-237.002	0	213.464	213.464	-2.13163e-14	12.4428	0	0	0	0	0	0	0	0	0	0	0	0	0	0	0	0	0	0	0	0	0	0	0	0	0	0	0	0	0	0	0	0	0	
1	1	1	238	7.14		300	0	0	0.0119	-0.0119	-0.00014389	0	0	0	67.8576	-72.3768	7.12122e-05	0	0	0	1.07714	-6.05022	0	7.12736		300	0.295215	0.00466238	-0.00442644	-0.000262965	0	0	0	0.295215	0	-0.426642	-237.002	0	213.464	213.464	-2.13163e-14	12.4428	0	0	0	0	0	0	0	0	0	0	0	0	0	0	0	0	0	0	0	0	0	0	0	0	0	0	0	0	0	0	0	0	0	
1	1	1	239	7.17		300	0	0	0.01195	-0.01195	-0.000145082	0	0	0	67.9412	-72.491	7.16411e-05	0	0	0	1.08416	-6.0553	0	7.13945		300	0.296186	0.00470281	-0.00446526	-0.000264962	0	0	0	0.296186	0	-0.426642	-237.002	0	213.464	213.464	-2.13163e-14	12.4428	0	0	0	0	0	0	0	0	0	0	0	0	0	0	0	0	0	0	0	0	0	0	0	0	0	0	0	0	0	0	0	0	0	
1	1	1	240	7.2		300	0	0	0.012	-0.012	-0.000146274	0	0	0	68.0245	-72.6047	7.20694e-05	0	0	0	1.09118	-6.06034	0	7.15152		300	0.297154	0.00474327	-0.00450413	-0.000266958	0	0	0	0.297154	0	-0.426642	-237.002	0	213.464	213.464	-2.13163e-14	12.4428	0	0	0	0	0	0	0	0	0	0	0	0	0	0	0	0	0	0	0	0	0	0	0	0	0	0	0	0	0	0	0	0	0	
1	1	1	241	7.23		300	0	0	0.01205	-0.01205	-0.000147466	0	0	0	68.1073	-72.718	7.24971e-05	0	0	0	1.09822	-6.06535	0	7.16357		300	0.298122	0.00478378	-0.00454305	-0.000268953	0	0	0	0.298122	0	-0.426642	-237.002	0	213.464	213.464	-2.13163e-14	12.4428	0	0	0	0	0	0	0	0	0	0	0	0	0	0	0	0	0	0	0	0	0	0	0	0	0	0	0	0	0	0	0	0	0	
1	1	1	242	7.26		300	0	0	0.0121	-0.0121	-0.000148659	0	0	0	68.1898	-72.8309	7.29242e-05	0	0	0	1.10527	-6.07034	0	7.17561		300	0.299088	0.00482432	-0.00458201	-0.000270945	0	0	0	0.299088	0	-0.426642	-237.002	0	213.464	213.464	-2.13163e-14	12.4428	0	0	0	0	0	0	0	0	0	0	0	0	0	0	0	0	0	0	0	0	0	0	0	0	0	0	0	0	0	0	0	0	0	
1	1	1	243	7.29		300	0	0	0.01215	-0.01215	-0.000149853	0	0	0	68.2719	-72.9432	7.33508e-05	0	0	0	1.11232	-6.0753	0	7.18762		300	0.300052	0.00486491	-0.00462102	-0.000272937	0	0	0	0.300052	0	-0.426642	-237.002	0	213.464	213.464	-2.13163e-14	12.4428	0	0	0	0	0	0	0	0	0	0	0	0	0	0	0	0	0	0	0	0	0	0	0	0	0	0	0	0	0	0	0	0	0	
1	1	1	244	7.32		300	0	0	0.0122	-0.0122	-0.000151047	0	0	0	68.3537	-73.0552	7.37767e-05	0	0	0	1.11939	-6.08022	0	7.19961		300	0.301015	0.00490554	-0.00466007	-0.000274926	0	0	0	0.301015	0	-0.426642	-237.002	0	213.464	213.464	-2.13163e-14	12.4428	0	0	0	0	0	0	0	0	0	0	0	0	0	0	0	0	0	0	0	0	0	0	0	0	0	0	0	0	0	0	0	0	0	
1	1	1	245	7.35		300	0	0	0.01225	-0.01225	-0.000152241	0	0	0	68.435	-73.1667	7.42021e-05	0	0	0	1.12646	-6.08513	0	7.21159		300	0.301976	0.00494621	-0.00469917	-0.000276914	0	0	0	0.301976	0	-0.426642	-237.002	0	213.464	213.464	-2.13163e-14	12.4428	0	0	0	0	0	0	0	0	0	0	0	0	0	0	0	0	0	0	0	0	0	0	0	0	0	0	0	0	0	0	0	0	0	
1	1	1	246	7.38		300	0	0	0.0123	-0.0123	-0.000153436	0	0	0	68.5161	-73.2777	7.46269e-05	0	0	0	1.13355	-6.09	0	7.22354		300	0.302936	0.00498692	-0.00473831	-0.0002789	0	0	0	0.302936	0	-0.426642	-237.002	0	213.464	213.464	-2.13163e-14	12.4428	0	0	0	0	0	0	0	0	0	0	0	0	0	0	0	0	0	0	0	0	0	0	0	0	0	0	0	0	0	0	0	0	0	
1	1	1	247	7.41		300	0	0	0.01235	-0.01235	-0.000154631	0	0	0	68.5967	-73.3884	7.50512e-05	0	0	0	1.14064	-6.09484	0	7.23548		300	0.303894	0.00502767	-0.0047775	-0.000280885	0	0	0	0.303894	0	-0.426642	-237.002	0	213.464	213.464	-2.13163e-14	12.4428	0	0	0	0	0	0	0	0	0	0	0	0	0	0	0	0	0	0	0	0	0	0	0	0	0	0	0	0	0	0	0	0	0	
1	1	1	248	7.44		300	0	0	0.0124	-0.0124	-0.000155827	0	0	0	68.677	-73.4986	7.54749e-05	0	0	0	1.14775	-6.09966	0	7.2474		300	0.304851	0.00506845	-0.00481672	-0.000282868	0	0	0	0.304851	0	-0.426642	-237.002	0	213.464	213.464	-2.13163e-14	12.4428	0	0	0	0	0	0	0	0	0	0	0	0	0	0	0	0	0	0	0	0	0	0	0	0	0	0	0	0	0	0	0	0	0	
1	1	1	249	7.47		300	0	0	0.01245	-0.01245	-0.000157023	0	0	0	68.757	-73.6083	7.5898e-05	0	0	0	1.15486	-6.10445	0	7.25931		300	0.305806	0.00510928	-0.00485599	-0.000284849	0	0	0	0.305806	0	-0.426642	-237.002	0	213.464	213.464	-2.13163e-14	12.4428	0	0	0	0	0	0	0	0	0	0	0	0	0	0	0	0	0	0	0	0	0	0	0	0	0	0	0	0	0	0	0	0	0	
1	1	1	250	7.5		300	0	0	0.0125	-0.0125	-0.00015822	0	0	0	68.8366	-73.7177	7.63206e-05	0	0	0	1.16198	-6.10921	0	7.27119		300	0.30676	0.00515014	-0.0048953	-0.000286829	0	0	0	0.30676	0	-0.426642	-237.002	0	213.464	213.464	-2.13163e-14	12.4428	0	0	0	0	0	0	0	0	0	0	0	0	0	0	0	0	0	0	0	0	0	0	0	0	0	0	0	0	0	0	0	0	0	
1	1	1	251	7.53		300	0	0	0.01255	-0.01255	-0.000159417	0	0	0	68.9159	-73.8266	7.67426e-05	0	0	0	1.16912	-6.11394	0	7.28306		300	0.307713	0.00519104	-0.00493466	-0.000288806	0	0	0	0.307713	0	-0.426642	-237.002	0	213.464	213.464	-2.13163e-14	12.4428	0	0	0	0	0	0	0	0	0	0	0	0	0	0	0	0	0	0	0	0	0	0	0	0	0	0	0	0	0	0	0	0	0	
1	1	1	252	7.56		300	0	0	0.0126	-0.0126	-0.000160614	0	0	0	68.9949	-73.9351	7.7164e-05	0	0	0	1.17626	-6.11865	0	7.29491		300	0.308664	0.00523198	-0.00497405	-0.000290782	0	0	0	0.308664	0	-0.426642	-237.002	0	213.464	213.464	-2.13163e-14	12.4428	0	0	0	0	0	0	0	0	0	0	0	0	0	0	0	0	0	0	0	0	0	0	0	0	0	0	0	0	0	0	0	0	0	
1	1	1	253	7.59		300	0	0	0.01265	-0.01265	-0.000161812	0	0	0	69.0735	-74.0432	7.7585e-05	0	0	0	1.18341	-6.12333	0	7.30674		300	0.309614	0.00527296	-0.00501349	-0.000292757	0	0	0	0.309614	0	-0.426642	-237.002	0	213.464	213.464	-2.13163e-14	12.4428	0	0	0	0	0	0	0	0	0	0	0	0	0	0	0	0	0	0	0	0	0	0	0	0	0	0	0	0	0	0	0	0	0	
1	1	1	254	7.62		300	0	0	0.0127	-0.0127	-0.00016301	0	0	0	69.1519	-74.1509	7.80053e-05	0	0	0	1.19057	-6.12798	0	7.31855		300	0.310562	0.00531397	-0.00505296	-0.000294729	0	0	0	0.310562	0	-0.426642	-237.002	0	213.464	213.464	-2.13163e-14	12.4428	0	0	0	0	0	0	0	0	0	0	0	0	0	0	0	0	0	0	0	0	0	0	0	0	0	0	0	0	0	0	0	0	0	
1	1	1	255	7.65		300	0	0	0.01275	-0.01275	-0.000164208	0	0	0	69.2298	-74.2583	7.84252e-05	0	0	0	1.19774	-6.13261	0	7.33035		300	0.311509	0.00535501	-0.00509248	-0.0002967	0	0	0	0.311509	0	-0.426642	-237.002	0	213.464	213.464	-2.13163e-14	12.4428	0	0	0	0	0	0	0	0	0	0	0	0	0	0	0	0	0	0	0	0	0	0	0	0	0	0	0	0	0	0	0	0	0	
1	1	1	256	7.68		300	0	0	0.0128	-0.0128	-0.000165407	0	0	0	69.3075	-74.3652	7.88445e-05	0	0	0	1.20492	-6.13721	0	7.34213		300	0.312454	0.00539609	-0.00513203	-0.000298669	0	0	0	0.312454	0	-0.426642	-237.002	0	213.464	213.464	-2.13163e-14	12.4428	0	0	0	0	0	0	0	0	0	0	0	0	0	0	0	0	0	0	0	0	0	0	0	0	0	0	0	0	0	0	0	0	0	
1	1	1	257	7.71		300	0	0	0.01285	-0.01285	-0.000166606	0	0	0	69.3849	-74.4717	7.92632e-05	0	0	0	1.21211	-6.14178	0	7.35389		300	0.313398	0.00543721	-0.00517163	-0.000300637	0	0	0	0.313398	0	-0.426642	-237.002	0	213.464	213.464	-2.13163e-14	12.4428	0	0	0	0	0	0	0	0	0	0	0	0	0	0	0	0	0	0	0	0	0	0	0	0	0	0	0	0	0	0	0	0	0	
1	1	1	258	7.74		300	0	0	0.0129	-0.0129	-0.000167805	0	0	0	69.4619	-74.5778	7.96814e-05	0	0	0	1.2193	-6.14633	0	7.36563		300	0.314341	0.00547836	-0.00521126	-0.000302602	0	0	0	0.314341	0	-0.426642	-237.002	0	213.464	213.464	-2.13163e-14	12.4428	0	0	0	0	0	0	0	0	0	0	0	0	0	0	0	0	0	0	0	0	0	0	0	0	0	0	0	0	0	0	0	0	0	
1	1	1	259	7.77		300	0	0	0.01295	-0.01295	-0.000169005	0	0	0	69.5387	-74.6835	8.00991e-05	0	0	0	1.22651	-6.15085	0	7.37736		300	0.315282	0.00551955	-0.00525093	-0.000304566	0	0	0	0.315282	0	-0.426642	-237.002	0	213.464	213.464	-2.13163e-14	12.4428	0	0	0	0	0	0	0	0	0	0	0	0	0	0	0	0	0	0	0	0	0	0	0	0	0	0	0	0	0	0	0	0	0	
1	1	1	260	7.8		300	0	0	0.013	-0.013	-0.000170205	0	0	0	69.6151	-74.7889	8.05163e-05	0	0	0	1.23373	-6.15535	0	7.38907		300	0.316222	0.00556077	-0.00529064	-0.000306528	0	0	0	0.316222	0	-0.426642	-237.002	0	213.464	213.464	-2.13163e-14	12.4428	0	0	0	0	0	0	0	0	0	0	0	0	0	0	0	0	0	0	0	0	0	0	0	0	0	0	0	0	0	0	0	0	0	
1	1	1	261	7.83		300	0	0	0.01305	-0.01305	-0.000171405	0	0	0	69.6912	-74.8939	8.09329e-05	0	0	0	1.24095	-6.15982	0	7.40077		300	0.317161	0.00560202	-0.00533039	-0.000308488	0	0	0	0.317161	0	-0.426642	-237.002	0	213.464	213.464	-2.13163e-14	12.4428	0	0	0	0	0	0	0	0	0	0	0	0	0	0	0	0	0	0	0	0	0	0	0	0	0	0	0	0	0	0	0	0	0	
1	1	1	262	7.86		300	0	0	0.0131	-0.0131	-0.000172605	0	0	0	69.7671	-74.9985	8.1349e-05	0	0	0	1.24818	-6.16426	0	7.41244		300	0.318098	0.0056433	-0.00537017	-0.000310446	0	0	0	0.318098	0	-0.426642	-237.002	0	213.464	213.464	-2.13163e-14	12.4428	0	0	0	0	0	0	0	0	0	0	0	0	0	0	0	0	0	0	0	0	0	0	0	0	0	0	0	0	0	0	0	0	0	
1	1	1	263	7.89		300	0	0	0.01315	-0.01315	-0.000173806	0	0	0	69.8426	-75.1027	8.17646e-05	0	0	0	1.25543	-6.16868	0	7.4241		300	0.319034	0.00568462	-0.00540999	-0.000312403	0	0	0	0.319034	0	-0.426642	-237.002	0	213.464	213.464	-2.13163e-14	12.4428	0	0	0	0	0	0	0	0	0	0	0	0	0	0	0	0	0	0	0	0	0	0	0	0	0	0	0	0	0	0	0	0	0	
1	1	1	264	7.92		300	0	0	0.0132	-0.0132	-0.000175007	0	0	0	69.9179	-75.2066	8.21797e-05	0	0	0	1.26268	-6.17307	0	7.43575		300	0.319969	0.00572597	-0.00544985	-0.000314358	0	0	0	0.319969	0	-0.426642	-237.002	0	213.464	213.464	-2.13163e-14	12.4428	0	0	0	0	0	0	0	0	0	0	0	0	0	0	0	0	0	0	0	0	0	0	0	0	0	0	0	0	0	0	0	0	0	
1	1	1	265	7.95		300	0	0	0.01325	-0.01325	-0.000176209	0	0	0	69.9929	-75.3101	8.25943e-05	0	0	0	1.26994	-6.17744	0	7.44738		300	0.320902	0.00576736	-0.00548974	-0.00031631	0	0	0	0.320902	0	-0.426642	-237.002	0	213.464	213.464	-2.13163e-14	12.4428	0	0	0	0	0	0	0	0	0	0	0	0	0	0	0	0	0	0	0	0	0	0	0	0	0	0	0	0	0	0	0	0	0	
1	1	1	266	7.98		300	0	0	0.0133	-0.0133	-0.00017741	0	0	0	70.0676	-75.4132	8.30083e-05	0	0	0	1.27721	-6.18178	0	7.45899		300	0.321834	0.00580877	-0.00552967	-0.000318261	0	0	0	0.321834	0	-0.426642	-237.002	0	213.464	213.464	-2.13163e-14	12.4428	0	0	0	0	0	0	0	0	0	0	0	0	0	0	0	0	0	0	0	0	0	0	0	0	0	0	0	0	0	0	0	0	0	
1	1	1	267	8.01		300	0	0	0.01335	-0.01335	-0.000178612	0	0	0	70.142	-75.516	8.34219e-05	0	0	0	1.28449	-6.1861	0	7.47058		300	0.322765	0.00585022	-0.00556964	-0.000320211	0	0	0	0.322765	0	-0.426642	-237.002	0	213.464	213.464	-2.13163e-14	12.4428	0	0	0	0	0	0	0	0	0	0	0	0	0	0	0	0	0	0	0	0	0	0	0	0	0	0	0	0	0	0	0	0	0	
1	1	1	268	8.04		300	0	0	0.0134	-0.0134	-0.000179814	0	0	0	70.2161	-75.6185	8.38349e-05	0	0	0	1.29177	-6.19039	0	7.48216		300	0.323695	0.00589169	-0.00560964	-0.000322158	0	0	0	0.323695	0	-0.426642	-237.002	0	213.464	213.464	-2.13163e-14	12.4428	0	0	0	0	0	0	0	0	0	0	0	0	0	0	0	0	0	0	0	0	0	0	0	0	0	0	0	0	0	0	0	0	0	
1	1	1	269	8.07		300	0	0	0.01345	-0.01345	-0.000181016	0	0	0	70.29	-75.7205	8.42474e-05	0	0	0	1.29907	-6.19466	0	7.49373		300	0.324623	0.0059332	-0.00564967	-0.000324104	0	0	0	0.324623	0	-0.426642	-237.002	0	213.464	213.464	-2.13163e-14	12.4428	0	0	0	0	0	0	0	0	0	0	0	0	0	0	0	0	0	0	0	0	0	0	0	0	0	0	0	0	0	0	0	0	0	
1	1	1	270	8.1		300	0	0	0.0135	-0.0135	-0.000182219	0	0	0	70.3636	-75.8223	8.46595e-05	0	0	0	1.30638	-6.1989	0	7.50528		300	0.32555	0.00597474	-0.00568974	-0.000326047	0	0	0	0.32555	0	-0.426642	-237.002	0	213.464	213.464	-2.13163e-14	12.4428	0	0	0	0	0	0	0	0	0	0	0	0	0	0	0	0	0	0	0	0	0	0	0	0	0	0	0	0	0	0	0	0	0	
1	1	1	271	8.13		300	0	0	0.01355	-0.01355	-0.000183422	0	0	0	70.4369	-75.9236	8.5071e-05	0	0	0	1.31369	-6.20312	0	7.51681		300	0.326475	0.00601631	-0.00572985	-0.000327989	0	0	0	0.326475	0	-0.426642	-237.002	0	213.464	213.464	-2.13163e-14	12.4428	0	0	0	0	0	0	0	0	0	0	0	0	0	0	0	0	0	0	0	0	0	0	0	0	0	0	0	0	0	0	0	0	0	
1	1	1	272	8.16		300	0	0	0.0136	-0.0136	-0.000184625	0	0	0	70.51	-76.0247	8.5482e-05	0	0	0	1.32101	-6.20731	0	7.52832		300	0.3274	0.0060579	-0.00576998	-0.000329929	0	0	0	0.3274	0	-0.426642	-237.002	0	213.464	213.464	-2.13163e-14	12.4428	0	0	0	0	0	0	0	0	0	0	0	0	0	0	0	0	0	0	0	0	0	0	0	0	0	0	0	0	0	0	0	0	0	
1	1	1	273	8.19		300	0	0	0.01365	-0.01365	-0.000185828	0	0	0	70.5828	-76.1254	8.58926e-05	0	0	0	1.32834	-6.21148	0	7.53983		300	0.328323	0.00609953	-0.00581015	-0.000331867	0	0	0	0.328323	0	-0.426642	-237.002	0	213.464	213.464	-2.13163e-14	12.4428	0	0	0	0	0	0	0	0	0	0	0	0	0	0	0	0	0	0	0	0	0	0	0	0	0	0	0	0	0	0	0	0	0	
1	1	1	274	8.22		300	0	0	0.0137	-0.0137	-0.000187031	0	0	0	70.6554	-76.2258	8.63026e-05	0	0	0	1.33568	-6.21563	0	7.55131		300	0.329245	0.00614119	-0.00585036	-0.000333804	0	0	0	0.329245	0	-0.426642	-237.002	0	213.464	213.464	-2.13163e-14	12.4428	0	0	0	0	0	0	0	0	0	0	0	0	0	0	0	0	0	0	0	0	0	0	0	0	0	0	0	0	0	0	0	0	0	
1	1	1	275	8.25		300	0	0	0.01375	-0.01375	-0.000188235	0	0	0	70.7277	-76.3258	8.67122e-05	0	0	0	1.34303	-6.21975	0	7.56278		300	0.330165	0.00618287	-0.0058906	-0.000335738	0	0	0	0.330165	0	-0.426642	-237.002	0	213.464	213.464	-2.13163e-14	12.4428	0	0	0	0	0	0	0	0	0	0	0	0	0	0	0	0	0	0	0	0	0	0	0	0	0	0	0	0	0	0	0	0	0	
1	1	1	276	8.28		300	0	0	0.0138	-0.0138	-0.000189438	0	0	0	70.7997	-76.4255	8.71213e-05	0	0	0	1.35039	-6.22385	0	7.57424		300	0.331085	0.00622459	-0.00593086	-0.00033767	0	0	0	0.331085	0	-0.426642	-237.002	0	213.464	213.464	-2.13163e-14	12.4428	0	0	0	0	0	0	0	0	0	0	0	0	0	0	0	0	0	0	0	0	0	0	0	0	0	0	0	0	0	0	0	0	0	
1	1	1	277	8.31		300	0	0	0.01385	-0.01385	-0.000190642	0	0	0	70.8715	-76.5249	8.75298e-05	0	0	0	1.35775	-6.22792	0	7.58568		300	0.332003	0.00626633	-0.00597117	-0.000339601	0	0	0	0.332003	0	-0.426642	-237.002	0	213.464	213.464	-2.13163e-14	12.4428	0	0	0	0	0	0	0	0	0	0	0	0	0	0	0	0	0	0	0	0	0	0	0	0	0	0	0	0	0	0	0	0	0	
1	1	1	278	8.34		300	0	0	0.0139	-0.0139	-0.000191846	0	0	0	70.9431	-76.6239	8.79379e-05	0	0	0	1.36513	-6.23197	0	7.5971		300	0.33292	0.0063081	-0.0060115	-0.00034153	0	0	0	0.33292	0	-0.426642	-237.002	0	213.464	213.464	-2.13163e-14	12.4428	0	0	0	0	0	0	0	0	0	0	0	0	0	0	0	0	0	0	0	0	0	0	0	0	0	0	0	0	0	0	0	0	0	
1	1	1	279	8.37		300	0	0	0.01395	-0.01395	-0.00019305	0	0	0	71.0144	-76.7227	8.83455e-05	0	0	0	1.37251	-6.236	0	7.60851		300	0.333836	0.0063499	-0.00605187	-0.000343457	0	0	0	0.333836	0	-0.426642	-237.002	0	213.464	213.464	-2.13163e-14	12.4428	0	0	0	0	0	0	0	0	0	0	0	0	0	0	0	0	0	0	0	0	0	0	0	0	0	0	0	0	0	0	0	0	0	
1	1	1	280	8.4		300	0	0	0.014	-0.014	-0.000194255	0	0	0	71.0854	-76.8211	8.87527e-05	0	0	0	1.3799	-6.24	0	7.6199		300	0.33475	0.00639172	-0.00609226	-0.000345382	0	0	0	0.33475	0	-0.426642	-237.002	0	213.464	213.464	-2.13163e-14	12.4428	0	0	0	0	0	0	0	0	0	0	0	0	0	0	0	0	0	0	0	0	0	0	0	0	0	0	0	0	0	0	0	0	0	
1	1	1	281	8.43		300	0	0	0.01405	-0.01405	-0.000195459	0	0	0	71.1562	-76.9192	8.91593e-05	0	0	0	1.3873	-6.24398	0	7.63128		300	0.335664	0.00643357	-0.00613269	-0.000347305	0	0	0	0.335664	0	-0.426642	-237.002	0	213.464	213.464	-2.13163e-14	12.4428	0	0	0	0	0	0	0	0	0	0	0	0	0	0	0	0	0	0	0	0	0	0	0	0	0	0	0	0	0	0	0	0	0	
1	1	1	282	8.46		300	0	0	0.0141	-0.0141	-0.000196664	0	0	0	71.2268	-77.017	8.95655e-05	0	0	0	1.39471	-6.24794	0	7.64265		300	0.336576	0.00647545	-0.00617315	-0.000349226	0	0	0	0.336576	0	-0.426642	-237.002	0	213.464	213.464	-2.13163e-14	12.4428	0	0	0	0	0	0	0	0	0	0	0	0	0	0	0	0	0	0	0	0	0	0	0	0	0	0	0	0	0	0	0	0	0	
1	1	1	283	8.49		300	0	0	0.01415	-0.01415	-0.000197869	0	0	0	71.2972	-77.1144	8.99712e-05	0	0	0	1.40212	-6.25187	0	7.654		300	0.337487	0.00651736	-0.00621364	-0.000351146	0	0	0	0.337487	0	-0.426642	-237.002	0	213.464	213.464	-2.13163e-14	12.4428	0	0	0	0	0	0	0	0	0	0	0	0	0	0	0	0	0	0	0	0	0	0	0	0	0	0	0	0	0	0	0	0	0	
1	1	1	284	8.52		300	0	0	0.0142	-0.0142	-0.000199074	0	0	0	71.3673	-77.2116	9.03764e-05	0	0	0	1.40955	-6.25578	0	7.66533		300	0.338397	0.00655929	-0.00625416	-0.000353063	0	0	0	0.338397	0	-0.426642	-237.002	0	213.464	213.464	-2.13163e-14	12.4428	0	0	0	0	0	0	0	0	0	0	0	0	0	0	0	0	0	0	0	0	0	0	0	0	0	0	0	0	0	0	0	0	0	
1	1	1	285	8.55		300	0	0	0.01425	-0.01425	-0.000200279	0	0	0	71.4372	-77.3084	9.07812e-05	0	0	0	1.41698	-6.25967	0	7.67666		300	0.339306	0.00660124	-0.00629471	-0.000354979	0	0	0	0.339306	0	-0.426642	-237.002	0	213.464	213.464	-2.13163e-14	12.4428	0	0	0	0	0	0	0	0	0	0	0	0	0	0	0	0	0	0	0	0	0	0	0	0	0	0	0	0	0	0	0	0	0	
1	1	1	286	8.58		300	0	0	0.0143	-0.0143	-0.000201484	0	0	0	71.5069	-77.405	9.11855e-05	0	0	0	1.42442	-6.26354	0	7.68796		300	0.340213	0.00664323	-0.00633529	-0.000356893	0	0	0	0.340213	0	-0.426642	-237.002	0	213.464	213.464	-2.13163e-14	12.4428	0	0	0	0	0	0	0	0	0	0	0	0	0	0	0	0	0	0	0	0	0	0	0	0	0	0	0	0	0	0	0	0	0	
1	1	1	287	8.61		300	0	0	0.01435	-0.01435	-0.000202689	0	0	0	71.5763	-77.5013	9.15893e-05	0	0	0	1.43187	-6.26738	0	7.69925		300	0.341119	0.00668524	-0.00637589	-0.000358804	0	0	0	0.341119	0	-0.426642	-237.002	0	213.464	213.464	-2.13163e-14	12.4428	0	0	0	0	0	0	0	0	0	0	0	0	0	0	0	0	0	0	0	0	0	0	0	0	0	0	0	0	0	0	0	0	0	
1	1	1	288	8.64		300	0	0	0.0144	-0.0144	-0.000203895	0	0	0	71.6455	-77.5972	9.19926e-05	0	0	0	1.43933	-6.2712	0	7.71053		300	0.342025	0.00672727	-0.00641653	-0.000360714	0	0	0	0.342025	0	-0.426642	-237.002	0	213.464	213.464	-2.13163e-14	12.4428	0	0	0	0	0	0	0	0	0	0	0	0	0	0	0	0	0	0	0	0	0	0	0	0	0	0	0	0	0	0	0	0	0	
1	1	1	289	8.67		300	0	0	0.01445	-0.01445	-0.0002051	0	0	0	71.7145	-77.6929	9.23955e-05	0	0	0	1.4468	-6.275	0	7.7218		300	0.342929	0.00676933	-0.0064572	-0.000362622	0	0	0	0.342929	0	-0.426642	-237.002	0	213.464	213.464	-2.13163e-14	12.4428	0	0	0	0	0	0	0	0	0	0	0	0	0	0	0	0	0	0	0	0	0	0	0	0	0	0	0	0	0	0	0	0	0	
1	1	1	290	8.7		300	0	0	0.0145	-0.0145	-0.000206306	0	0	0	71.7833	-77.7883	9.27979e-05	0	0	0	1.45427	-6.27877	0	7.73305		300	0.343832	0.00681141	-0.0064979	-0.000364529	0	0	0	0.343832	0	-0.426642	-237.002	0	213.464	213.464	-2.13163e-14	12.4428	0	0	0	0	0	0	0	0	0	0	0	0	0	0	0	0	0	0	0	0	0	0	0	0	0	0	0	0	0	0	0	0	0	
1	1	1	291	8.73		300	0	0	0.01455	-0.01455	-0.000207512	0	0	0	71.8519	-77.8833	9.31999e-05	0	0	0	1.46176	-6.28253	0	7.74428		300	0.344733	0.00685352	-0.00653862	-0.000366433	0	0	0	0.344733	0	-0.426642	-237.002	0	213.464	213.464	-2.13163e-14	12.4428	0	0	0	0	0	0	0	0	0	0	0	0	0	0	0	0	0	0	0	0	0	0	0	0	0	0	0	0	0	0	0	0	0	
1	1	1	292	8.76		300	0	0	0.0146	-0.0146	-0.000208718	0	0	0	71.9202	-77.9781	9.36014e-05	0	0	0	1.46925	-6.28626	0	7.7555		300	0.345634	0.00689565	-0.00657937	-0.000368335	0	0	0	0.345634	0	-0.426642	-237.002	0	213.464	213.464	-2.13163e-14	12.4428	0	0	0	0	0	0	0	0	0	0	0	0	0	0	0	0	0	0	0	0	0	0	0	0	0	0	0	0	0	0	0	0	0	
1	1	1	293	8.79		300	0	0	0.01465	-0.01465	-0.000209924	0	0	0	71.9884	-78.0726	9.40024e-05	0	0	0	1.47674	-6.28997	0	7.76671		300	0.346534	0.00693781	-0.00662015	-0.000370236	0	0	0	0.346534	0	-0.426642	-237.002	0	213.464	213.464	-2.13163e-14	12.4428	0	0	0	0	0	0	0	0	0	0	0	0	0	0	0	0	0	0	0	0	0	0	0	0	0	0	0	0	0	0	0	0	0	
1	1	1	294	8.82		300	0	0	0.0147	-0.0147	-0.00021113	0	0	0	72.0563	-78.1669	9.4403e-05	0	0	0	1.48425	-6.29365	0	7.77791		300	0.347432	0.00697999	-0.00666096	-0.000372134	0	0	0	0.347432	0	-0.426642	-237.002	0	213.464	213.464	-2.13163e-14	12.4428	0	0	0	0	0	0	0	0	0	0	0	0	0	0	0	0	0	0	0	0	0	0	0	0	0	0	0	0	0	0	0	0	0	
1	1	1	295	8.85		300	0	0	0.01475	-0.01475	-0.000212336	0	0	0	72.1241	-78.2608	9.48032e-05	0	0	0	1.49177	-6.29732	0	7.78909		300	0.34833	0.0070222	-0.0067018	-0.000374031	0	0	0	0.34833	0	-0.426642	-237.002	0	213.464	213.464	-2.13163e-14	12.4428	0	0	0	0	0	0	0	0	0	0	0	0	0	0	0	0	0	0	0	0	0	0	0	0	0	0	0	0	0	0	0	0	0	
1	1	1	296	8.88		300	0	0	0.0148	-0.0148	-0.000213542	0	0	0	72.1916	-78.3545	9.52029e-05	0	0	0	1.49929	-6.30096	0	7.80025		300	0.349226	0.00706442	-0.00674266	-0.000375926	0	0	0	0.349226	0	-0.426642	-237.002	0	213.464	213.464	-2.13163e-14	12.4428	0	0	0	0	0	0	0	0	0	0	0	0	0	0	0	0	0	0	0	0	0	0	0	0	0	0	0	0	0	0	0	0	0	
1	1	1	297	8.91		300	0	0	0.01485	-0.01485	-0.000214748	0	0	0	72.2589	-78.4479	9.56021e-05	0	0	0	1.50682	-6.30458	0	7.81141		300	0.350121	0.00710667	-0.00678355	-0.000377819	0	0	0	0.350121	0	-0.426642	-237.002	0	213.464	213.464	-2.13163e-14	12.4428	0	0	0	0	0	0	0	0	0	0	0	0	0	0	0	0	0	0	0	0	0	0	0	0	0	0	0	0	0	0	0	0	0	
1	1	1	298	8.94		300	0	0	0.0149	-0.0149	-0.000215954	0	0	0	72.326	-78.541	9.60009e-05	0	0	0	1.51436	-6.30818	0	7.82254		300	0.351015	0.00714895	-0.00682446	-0.00037971	0	0	0	0.351015	0	-0.426642	-237.002	0	213.464	213.464	-2.13163e-14	12.4428	0	0	0	0	0	0	0	0	0	0	0	0	0	0	0	0	0	0	0	0	0	0	0	0	0	0	0	0	0	0	0	0	0	
1	1	1	299	8.97		300	0	0	0.01495	-0.01495	-0.000217161	0	0	0	72.393	-78.6338	9.63992e-05	0	0	0	1.52191	-6.31176	0	7.83367		300	0.351908	0.00719124	-0.00686541	-0.000381599	0	0	0	0.351908	0	-0.426642	-237.002	0	213.464	213.464	-2.13163e-14	12.4428	0	0	0	0	0	0	0	0	0	0	0	0	0	0	0	0	0	0	0	0	0	0	0	0	0	0	0	0	0	0	0	0	0	
1	1	1	300	9		300	0	0	0.015	-0.015	-0.000218367	0	0	0	72.4597	-78.7264	9.67971e-05	0	0	0	1.52946	-6.31532	0	7.84478		300	0.3528	0.00723356	-0.00690638	-0.000383487	0	0	0	0.3528	0	-0.426642	-237.002	0	213.464	213.464	-2.13163e-14	12.4428	0	0	0	0	0	0	0	0	0	0	0	0	0	0	0	0	0	0	0	0	0	0	0	0	0	0	0	0	0	0	0	0	0	
1	1	1	301	9.03		300	0	0	0.01505	-0.01505	-0.000219574	0	0	0	72.5262	-78.8187	9.71945e-05	0	0	0	1.53703	-6.31886	0	7.85588		300	0.353691	0.0072759	-0.00694737	-0.000385372	0	0	0	0.353691	0	-0.426642	-237.002	0	213.464	213.464	-2.13163e-14	12.4428	0	0	0	0	0	0	0	0	0	0	0	0	0	0	0	0	0	0	0	0	0	0	0	0	0	0	0	0	0	0	0	0	0	
1	1	1	302	9.06		300	0	0	0.0151	-0.0151	-0.00022078	0	0	0	72.5926	-78.9107	9.75915e-05	0	0	0	1.5446	-6.32237	0	7.86697		300	0.354581	0.00731827	-0.00698839	-0.000387256	0	0	0	0.354581	0	-0.426642	-237.002	0	213.464	213.464	-2.13163e-14	12.4428	0	0	0	0	0	0	0	0	0	0	0	0	0	0	0	0	0	0	0	0	0	0	0	0	0	0	0	0	0	0	0	0	0	
1	1	1	303	9.09		300	0	0	0.01515	-0.01515	-0.000221987	0	0	0	72.6587	-79.0025	9.79881e-05	0	0	0	1.55218	-6.32586	0	7.87804		300	0.355469	0.00736065	-0.00702944	-0.000389137	0	0	0	0.355469	0	-0.426642	-237.002	0	213.464	213.464	-2.13163e-14	12.4428	0	0	0	0	0	0	0	0	0	0	0	0	0	0	0	0	0	0	0	0	0	0	0	0	0	0	0	0	0	0	0	0	0	
1	1	1	304	9.12		300	0	0	0.0152	-0.0152	-0.000223193	0	0	0	72.7247	-79.094	9.83842e-05	0	0	0	1.55976	-6.32934	0	7.8891		300	0.356357	0.00740306	-0.00707051	-0.000391017	0	0	0	0.356357	0	-0.426642	-237.002	0	213.464	213.464	-2.13163e-14	12.4428	0	0	0	0	0	0	0	0	0	0	0	0	0	0	0	0	0	0	0	0	0	0	0	0	0	0	0	0	0	0	0	0	0	
1	1	1	305	9.15		300	0	0	0.01525	-0.01525	-0.0002244	0	0	0	72.7905	-79.1853	9.87799e-05	0	0	0	1.56736	-6.33279	0	7.90015		300	0.357244	0.00744548	-0.00711161	-0.000392895	0	0	0	0.357244	0	-0.426642	-237.002	0	213.464	213.464	-2.13163e-14	12.4428	0	0	0	0	0	0	0	0	0	0	0	0	0	0	0	0	0	0	0	0	0	0	0	0	0	0	0	0	0	0	0	0	0	
1	1	1	306	9.18		300	0	0	0.0153	-0.0153	-0.000225607	0	0	0	72.8561	-79.2763	9.91751e-05	0	0	0	1.57496	-6.33622	0	7.91118		300	0.358129	0.00748793	-0.00715273	-0.000394771	0	0	0	0.358129	0	-0.426642	-237.002	0	213.464	213.464	-2.13163e-14	12.4428	0	0	0	0	0	0	0	0	0	0	0	0	0	0	0	0	0	0	0	0	0	0	0	0	0	0	0	0	0	0	0	0	0	
1	1	1	307	9.21		300	0	0	0.01535	-0.01535	-0.000226814	0	0	0	72.9215	-79.367	9.95699e-05	0	0	0	1.58257	-6.33963	0	7.9222		300	0.359014	0.0075304	-0.00719388	-0.000396645	0	0	0	0.359014	0	-0.426642	-237.002	0	213.464	213.464	-2.13163e-14	12.4428	0	0	0	0	0	0	0	0	0	0	0	0	0	0	0	0	0	0	0	0	0	0	0	0	0	0	0	0	0	0	0	0	0	
1	1	1	308	9.24		300	0	0	0.0154	-0.0154	-0.00022802	0	0	0	72.9867	-79.4575	9.99643e-05	0	0	0	1.59019	-6.34302	0	7.93321		300	0.359897	0.0075729	-0.00723505	-0.000398518	0	0	0	0.359897	0	-0.426642	-237.002	0	213.464	213.464	-2.13163e-14	12.4428	0	0	0	0	0	0	0	0	0	0	0	0	0	0	0	0	0	0	0	0	0	0	0	0	0	0	0	0	0	0	0	0	0	
1	1	1	309	9.27		300	0	0	0.01545	-0.01545	-0.000229227	0	0	0	73.0518	-79.5478	0.000100358	0	0	0	1.59782	-6.34639	0	7.94421		300	0.36078	0.00761541	-0.00727625	-0.000400388	0	0	0	0.36078	0	-0.426642	-237.002	0	213.464	213.464	-2.13163e-14	12.4428	0	0	0	0	0	0	0	0	0	0	0	0	0	0	0	0	0	0	0	0	0	0	0	0	0	0	0	0	0	0	0	0	0	
1	1	1	310	9.3		300	0	0	0.0155	-0.0155	-0.000230434	0	0	0	73.1167	-79.6378	0.000100752	0	0	0	1.60545	-6.34974	0	7.95519		300	0.361661	0.00765794	-0.00731747	-0.000402257	0	0	0	0.361661	0	-0.426642	-237.002	0	213.464	213.464	-2.13163e-14	12.4428	0	0	0	0	0	0	0	0	0	0	0	0	0	0	0	0	0	0	0	0	0	0	0	0	0	0	0	0	0	0	0	0	0	
1	1	1	311	9.33		300	0	0	0.01555	-0.01555	-0.000231641	0	0	0	73.1814	-79.7275	0.000101145	0	0	0	1.61309	-6.35307	0	7.96616		300	0.362542	0.00770049	-0.00735872	-0.000404123	0	0	0	0.362542	0	-0.426642	-237.002	0	213.464	213.464	-2.13163e-14	12.4428	0	0	0	0	0	0	0	0	0	0	0	0	0	0	0	0	0	0	0	0	0	0	0	0	0	0	0	0	0	0	0	0	0	
1	1	1	312	9.36		300	0	0	0.0156	-0.0156	-0.000232848	0	0	0	73.2459	-79.817	0.000101537	0	0	0	1.62074	-6.35637	0	7.97711		300	0.363421	0.00774306	-0.00739999	-0.000405988	0	0	0	0.363421	0	-0.426642	-237.002	0	213.464	213.464	-2.13163e-14	12.4428	0	0	0	0	0	0	0	0	0	0	0	0	0	0	0	0	0	0	0	0	0	0	0	0	0	0	0	0	0	0	0	0	0	
1	1	1	313	9.39		300	0	0	0.01565	-0.01565	-0.000234055	0	0	0	73.3103	-79.9063	0.00010193	0	0	0	1.6284	-6.35966	0	7.98806		300	0.364299	0.00778566	-0.00744128	-0.000407851	0	0	0	0.364299	0	-0.426642	-237.002	0	213.464	213.464	-2.13163e-14	12.4428	0	0	0	0	0	0	0	0	0	0	0	0	0	0	0	0	0	0	0	0	0	0	0	0	0	0	0	0	0	0	0	0	0	
1	1	1	314	9.42		300	0	0	0.0157	-0.0157	-0.000235261	0	0	0	73.3744	-79.9953	0.000102321	0	0	0	1.63606	-6.36293	0	7.99899		300	0.365177	0.00782827	-0.00748259	-0.000409712	0	0	0	0.365177	0	-0.426642	-237.002	0	213.464	213.464	-2.13163e-14	12.4428	0	0	0	0	0	0	0	0	0	0	0	0	0	0	0	0	0	0	0	0	0	0	0	0	0	0	0	0	0	0	0	0	0	
1	1	1	315	9.45		300	0	0	0.01575	-0.01575	-0.000236468	0	0	0	73.4385	-80.0841	0.000102713	0	0	0	1.64374	-6.36618	0	8.00991		300	0.366053	0.0078709	-0.00752393	-0.000411572	0	0	0	0.366053	0	-0.426642	-237.002	0	213.464	213.464	-2.13163e-14	12.4428	0	0	0	0	0	0	0	0	0	0	0	0	0	0	0	0	0	0	0	0	0	0	0	0	0	0	0	0	0	0	0	0	0	
1	1	1	316	9.48		300	0	0	0.0158	-0.0158	-0.000237675	0	0	0	73.5023	-80.1726	0.000103104	0	0	0	1.65142	-6.3694	0	8.02082		300	0.366929	0.00791355	-0.0075653	-0.000413429	0	0	0	0.366929	0	-0.426642	-237.002	0	213.464	213.464	-2.13163e-14	12.4428	0	0	0	0	0	0	0	0	0	0	0	0	0	0	0	0	0	0	0	0	0	0	0	0	0	0	0	0	0	0	0	0	0	
1	1	1	317	9.51		300	0	0	0.01585	-0.01585	-0.000238882	0	0	0	73.566	-80.2609	0.000103494	0	0	0	1.6591	-6.37261	0	8.03171		300	0.367803	0.00795622	-0.00760668	-0.000415285	0	0	0	0.367803	0	-0.426642	-237.002	0	213.464	213.464	-2.13163e-14	12.4428	0	0	0	0	0	0	0	0	0	0	0	0	0	0	0	0	0	0	0	0	0	0	0	0	0	0	0	0	0	0	0	0	0	
1	1	1	318	9.54		300	0	0	0.0159	-0.0159	-0.000240089	0	0	0	73.6295	-80.349	0.000103884	0	0	0	1.6668	-6.3758	0	8.0426		300	0.368677	0.00799891	-0.00764809	-0.000417139	0	0	0	0.368677	0	-0.426642	-237.002	0	213.464	213.464	-2.13163e-14	12.4428	0	0	0	0	0	0	0	0	0	0	0	0	0	0	0	0	0	0	0	0	0	0	0	0	0	0	0	0	0	0	0	0	0	
1	1	1	319	9.57		300	0	0	0.01595	-0.01595	-0.000241296	0	0	0	73.6929	-80.4368	0.000104274	0	0	0	1.6745	-6.37897	0	8.05347		300	0.369549	0.00804162	-0.00768952	-0.00041899	0	0	0	0.369549	0	-0.426642	-237.002	0	213.464	213.464	-2.13163e-14	12.4428	0	0	0	0	0	0	0	0	0	0	0	0	0	0	0	0	0	0	0	0	0	0	0	0	0	0	0	0	0	0	0	0	0	
1	1	1	320	9.6		300	0	0	0.016	-0.016	-0.000242503	0	0	0	73.7561	-80.5244	0.000104663	0	0	0	1.68221	-6.38211	0	8.06433		300	0.370421	0.00808435	-0.00773097	-0.000420841	0	0	0	0.370421	0	-0.426642	-237.002	0	213.464	213.464	-2.13163e-14	12.4428	0	0	0	0	0	0	0	0	0	0	0	0	0	0	0	0	0	0	0	0	0	0	0	0	0	0	0	0	0	0	0	0	0	
1	1	1	321	9.63		300	0	0	0.01605	-0.01605	-0.00024371	0	0	0	73.8191	-80.6118	0.000105052	0	0	0	1.68993	-6.38524	0	8.07517		300	0.371291	0.00812709	-0.00777245	-0.000422689	0	0	0	0.371291	0	-0.426642	-237.002	0	213.464	213.464	-2.13163e-14	12.4428	0	0	0	0	0	0	0	0	0	0	0	0	0	0	0	0	0	0	0	0	0	0	0	0	0	0	0	0	0	0	0	0	0	
1	1	1	322	9.66		300	0	0	0.0161	-0.0161	-0.000244917	0	0	0	73.882	-80.699	0.00010544	0	0	0	1.69765	-6.38835	0	8.08601		300	0.372161	0.00816986	-0.00781394	-0.000424535	0	0	0	0.372161	0	-0.426642	-237.002	0	213.464	213.464	-2.13163e-14	12.4428	0	0	0	0	0	0	0	0	0	0	0	0	0	0	0	0	0	0	0	0	0	0	0	0	0	0	0	0	0	0	0	0	0	
1	1	1	323	9.69		300	0	0	0.01615	-0.01615	-0.000246124	0	0	0	73.9447	-80.7859	0.000105828	0	0	0	1.70539	-6.39144	0	8.09683		300	0.373029	0.00821264	-0.00785546	-0.00042638	0	0	0	0.373029	0	-0.426642	-237.002	0	213.464	213.464	-2.13163e-14	12.4428	0	0	0	0	0	0	0	0	0	0	0	0	0	0	0	0	0	0	0	0	0	0	0	0	0	0	0	0	0	0	0	0	0	
1	1	1	324	9.72		300	0	0	0.0162	-0.0162	-0.00024733	0	0	0	74.0073	-80.8726	0.000106216	0	0	0	1.71313	-6.39451	0	8.10764		300	0.373897	0.00825544	-0.007897	-0.000428222	0	0	0	0.373897	0	-0.426642	-237.002	0	213.464	213.464	-2.13163e-14	12.4428	0	0	0	0	0	0	0	0	0	0	0	0	0	0	0	0	0	0	0	0	0	0	0	0	0	0	0	0	0	0	0	0	0	
1	1	1	325	9.75		300	0	0	0.01625	-0.01625	-0.000248537	0	0	0	74.0697	-80.9591	0.000106603	0	0	0	1.72088	-6.39756	0	8.11844		300	0.374764	0.00829826	-0.00793856	-0.000430063	0	0	0	0.374764	0	-0.426642	-237.002	0	213.464	213.464	-2.13163e-14	12.4428	0	0	0	0	0	0	0	0	0	0	0	0	0	0	0	0	0	0	0	0	0	0	0	0	0	0	0	0	0	0	0	0	0	
1	1	1	326	9.78		300	0	0	0.0163	-0.0163	-0.000249744	0	0	0	74.132	-81.0453	0.00010699	0	0	0	1.72863	-6.4006	0	8.12923		300	0.37563	0.00834109	-0.00798015	-0.000431903	0	0	0	0.37563	0	-0.426642	-237.002	0	213.464	213.464	-2.13163e-14	12.4428	0	0	0	0	0	0	0	0	0	0	0	0	0	0	0	0	0	0	0	0	0	0	0	0	0	0	0	0	0	0	0	0	0	
1	1	1	327	9.81		300	0	0	0.01635	-0.01635	-0.000250951	0	0	0	74.1941	-81.1314	0.000107376	0	0	0	1.73639	-6.40361	0	8.14		300	0.376494	0.00838395	-0.00802175	-0.00043374	0	0	0	0.376494	0	-0.426642	-237.002	0	213.464	213.464	-2.13163e-14	12.4428	0	0	0	0	0	0	0	0	0	0	0	0	0	0	0	0	0	0	0	0	0	0	0	0	0	0	0	0	0	0	0	0	0	
1	1	1	328	9.84		300	0	0	0.0164	-0.0164	-0.000252158	0	0	0	74.2561	-81.2172	0.000107762	0	0	0	1.74416	-6.4066	0	8.15077		300	0.377358	0.00842682	-0.00806338	-0.000435575	0	0	0	0.377358	0	-0.426642	-237.002	0	213.464	213.464	-2.13163e-14	12.4428	0	0	0	0	0	0	0	0	0	0	0	0	0	0	0	0	0	0	0	0	0	0	0	0	0	0	0	0	0	0	0	0	0	
1	1	1	329	9.87		300	0	0	0.01645	-0.01645	-0.000253364	0	0	0	74.3179	-81.3028	0.000108147	0	0	0	1.75194	-6.40958	0	8.16152		300	0.378221	0.00846971	-0.00810502	-0.000437409	0	0	0	0.378221	0	-0.426642	-237.002	0	213.464	213.464	-2.13163e-14	12.4428	0	0	0	0	0	0	0	0	0	0	0	0	0	0	0	0	0	0	0	0	0	0	0	0	0	0	0	0	0	0	0	0	0	
1	1	1	330	9.9		300	0	0	0.0165	-0.0165	-0.000254571	0	0	0	74.3795	-81.3882	0.000108532	0	0	0	1.75972	-6.41253	0	8.17226		300	0.379083	0.00851261	-0.00814669	-0.000439241	0	0	0	0.379083	0	-0.426642	-237.002	0	213.464	213.464	-2.13163e-14	12.4428	0	0	0	0	0	0	0	0	0	0	0	0	0	0	0	0	0	0	0	0	0	0	0	0	0	0	0	0	0	0	0	0	0	
1	1	1	331	9.93		300	0	0	0.01655	-0.01655	-0.000255778	0	0	0	74.4411	-81.4734	0.000108917	0	0	0	1.76752	-6.41547	0	8.18299		300	0.379944	0.00855554	-0.00818838	-0.000441071	0	0	0	0.379944	0	-0.426642	-237.002	0	213.464	213.464	-2.13163e-14	12.4428	0	0	0	0	0	0	0	0	0	0	0	0	0	0	0	0	0	0	0	0	0	0	0	0	0	0	0	0	0	0	0	0	0	
1	1	1	332	9.96		300	0	0	0.0166	-0.0166	-0.000256984	0	0	0	74.5024	-81.5584	0.000109301	0	0	0	1.77532	-6.41839	0	8.1937		300	0.380805	0.00859847	-0.00823008	-0.000442899	0	0	0	0.380805	0	-0.426642	-237.002	0	213.464	213.464	-2.13163e-14	12.4428	0	0	0	0	0	0	0	0	0	0	0	0	0	0	0	0	0	0	0	0	0	0	0	0	0	0	0	0	0	0	0	0	0	
1	1	1	333	9.99		300	0	0	0.01665	-0.01665	-0.000258191	0	0	0	74.5637	-81.6431	0.000109685	0	0	0	1.78312	-6.42129	0	8.20441		300	0.381664	0.00864143	-0.00827181	-0.000444726	0	0	0	0.381664	0	-0.426642	-237.002	0	213.464	213.464	-2.13163e-14	12.4428	0	0	0	0	0	0	0	0	0	0	0	0	0	0	0	0	0	0	0	0	0	0	0	0	0	0	0	0	0	0	0	0	0	
1	1	1	334	10.02		300	0	0	0.0167	-0.0167	-0.000259397	0	0	0	74.6248	-81.7277	0.000110069	0	0	0	1.79094	-6.42417	0	8.2151		300	0.382522	0.0086844	-0.00831356	-0.00044655	0	0	0	0.382522	0	-0.426642	-237.002	0	213.464	213.464	-2.13163e-14	12.4428	0	0	0	0	0	0	0	0	0	0	0	0	0	0	0	0	0	0	0	0	0	0	0	0	0	0	0	0	0	0	0	0	0	
1	1	1	335	10.05		300	0	0	0.01675	-0.01675	-0.000260604	0	0	0	74.6857	-81.8121	0.000110452	0	0	0	1.79876	-6.42703	0	8.22579		300	0.38338	0.00872739	-0.00835533	-0.000448373	0	0	0	0.38338	0	-0.426642	-237.002	0	213.464	213.464	-2.13163e-14	12.4428	0	0	0	0	0	0	0	0	0	0	0	0	0	0	0	0	0	0	0	0	0	0	0	0	0	0	0	0	0	0	0	0	0	
1	1	1	336	10.08		300	0	0	0.0168	-0.0168	-0.00026181	0	0	0	74.7466	-81.8962	0.000110834	0	0	0	1.80659	-6.42987	0	8.23646		300	0.384236	0.0087704	-0.00839711	-0.000450194	0	0	0	0.384236	0	-0.426642	-237.002	0	213.464	213.464	-2.13163e-14	12.4428	0	0	0	0	0	0	0	0	0	0	0	0	0	0	0	0	0	0	0	0	0	0	0	0	0	0	0	0	0	0	0	0	0	
1	1	1	337	10.11		300	0	0	0.01685	-0.01685	-0.000263017	0	0	0	74.8072	-81.9801	0.000111217	0	0	0	1.81442	-6.4327	0	8.24712		300	0.385092	0.00881342	-0.00843892	-0.000452014	0	0	0	0.385092	0	-0.426642	-237.002	0	213.464	213.464	-2.13163e-14	12.4428	0	0	0	0	0	0	0	0	0	0	0	0	0	0	0	0	0	0	0	0	0	0	0	0	0	0	0	0	0	0	0	0	0	
1	1	1	338	10.14		300	0	0	0.0169	-0.0169	-0.000264223	0	0	0	74.8678	-82.0639	0.000111598	0	0	0	1.82227	-6.43551	0	8.25777		300	0.385946	0.00885646	-0.00848075	-0.000453831	0	0	0	0.385946	0	-0.426642	-237.002	0	213.464	213.464	-2.13163e-14	12.4428	0	0	0	0	0	0	0	0	0	0	0	0	0	0	0	0	0	0	0	0	0	0	0	0	0	0	0	0	0	0	0	0	0	
1	1	1	339	10.17		300	0	0	0.01695	-0.01695	-0.00026543	0	0	0	74.9282	-82.1474	0.00011198	0	0	0	1.83012	-6.43829	0	8.26841		300	0.3868	0.00889951	-0.00852259	-0.000455647	0	0	0	0.3868	0	-0.426642	-237.002	0	213.464	213.464	-2.13163e-14	12.4428	0	0	0	0	0	0	0	0	0	0	0	0	0	0	0	0	0	0	0	0	0	0	0	0	0	0	0	0	0	0	0	0	0	
1	1	1	340	10.2		300	0	0	0.017	-0.017	-0.000266636	0	0	0	74.9885	-82.2308	0.000112361	0	0	0	1.83797	-6.44106	0	8.27904		300	0.387653	0.00894258	-0.00856446	-0.000457461	0	0	0	0.387653	0	-0.426642	-237.002	0	213.464	213.464	-2.13163e-14	12.4428	0	0	0	0	0	0	0	0	0	0	0	0	0	0	0	0	0	0	0	0	0	0	0	0	0	0	0	0	0	0	0	0	0	
1	1	1	341	10.23		300	0	0	0.01705	-0.01705	-0.000267842	0	0	0	75.0486	-82.3139	0.000112742	0	0	0	1.84584	-6.44382	0	8.28965		300	0.388505	0.00898566	-0.00860634	-0.000459273	0	0	0	0.388505	0	-0.426642	-237.002	0	213.464	213.464	-2.13163e-14	12.4428	0	0	0	0	0	0	0	0	0	0	0	0	0	0	0	0	0	0	0	0	0	0	0	0	0	0	0	0	0	0	0	0	0	
1	1	1	342	10.26		300	0	0	0.0171	-0.0171	-0.000269048	0	0	0	75.1086	-82.3969	0.000113122	0	0	0	1.85371	-6.44655	0	8.30026		300	0.389357	0.00902876	-0.00864824	-0.000461084	0	0	0	0.389357	0	-0.426642	-237.002	0	213.464	213.464	-2.13163e-14	12.4428	0	0	0	0	0	0	0	0	0	0	0	0	0	0	0	0	0	0	0	0	0	0	0	0	0	0	0	0	0	0	0	0	0	
1	1	1	343	10.29		300	0	0	0.01715	-0.01715	-0.000270254	0	0	0	75.1685	-82.4796	0.000113502	0	0	0	1.86159	-6.44927	0	8.31085		300	0.390207	0.00907188	-0.00869016	-0.000462893	0	0	0	0.390207	0	-0.426642	-237.002	0	213.464	213.464	-2.13163e-14	12.4428	0	0	0	0	0	0	0	0	0	0	0	0	0	0	0	0	0	0	0	0	0	0	0	0	0	0	0	0	0	0	0	0	0	
1	1	1	344	10.32		300	0	0	0.0172	-0.0172	-0.00027146	0	0	0	75.2283	-82.5622	0.000113881	0	0	0	1.86947	-6.45196	0	8.32144		300	0.391056	0.00911501	-0.0087321	-0.0004647	0	0	0	0.391056	0	-0.426642	-237.002	0	213.464	213.464	-2.13163e-14	12.4428	0	0	0	0	0	0	0	0	0	0	0	0	0	0	0	0	0	0	0	0	0	0	0	0	0	0	0	0	0	0	0	0	0	
1	1	1	345	10.35		300	0	0	0.01725	-0.01725	-0.000272666	0	0	0	75.2879	-82.6446	0.00011426	0	0	0	1.87737	-6.45464	0	8.33201		300	0.391905	0.00915815	-0.00877406	-0.000466505	0	0	0	0.391905	0	-0.426642	-237.002	0	213.464	213.464	-2.13163e-14	12.4428	0	0	0	0	0	0	0	0	0	0	0	0	0	0	0	0	0	0	0	0	0	0	0	0	0	0	0	0	0	0	0	0	0	
1	1	1	346	10.38		300	0	0	0.0173	-0.0173	-0.000273872	0	0	0	75.3474	-82.7267	0.000114639	0	0	0	1.88527	-6.45731	0	8.34257		300	0.392753	0.00920131	-0.00881604	-0.000468308	0	0	0	0.392753	0	-0.426642	-237.002	0	213.464	213.464	-2.13163e-14	12.4428	0	0	0	0	0	0	0	0	0	0	0	0	0	0	0	0	0	0	0	0	0	0	0	0	0	0	0	0	0	0	0	0	0	
1	1	1	347	10.41		300	0	0	0.01735	-0.01735	-0.000275078	0	0	0	75.4068	-82.8087	0.000115017	0	0	0	1.89317	-6.45995	0	8.35313		300	0.393599	0.00924449	-0.00885803	-0.00047011	0	0	0	0.393599	0	-0.426642	-237.002	0	213.464	213.464	-2.13163e-14	12.4428	0	0	0	0	0	0	0	0	0	0	0	0	0	0	0	0	0	0	0	0	0	0	0	0	0	0	0	0	0	0	0	0	0	
1	1	1	348	10.44		300	0	0	0.0174	-0.0174	-0.000276284	0	0	0	75.466	-82.8905	0.000115395	0	0	0	1.90109	-6.46258	0	8.36367		300	0.394445	0.00928768	-0.00890004	-0.00047191	0	0	0	0.394445	0	-0.426642	-237.002	0	213.464	213.464	-2.13163e-14	12.4428	0	0	0	0	0	0	0	0	0	0	0	0	0	0	0	0	0	0	0	0	0	0	0	0	0	0	0	0	0	0	0	0	0	
1	1	1	349	10.47		300	0	0	0.01745	-0.01745	-0.00027749	0	0	0	75.5252	-82.9722	0.000115772	0	0	0	1.90901	-6.46519	0	8.3742		300	0.395291	0.00933088	-0.00894207	-0.000473709	0	0	0	0.395291	0	-0.426642	-237.002	0	213.464	213.464	-2.13163e-14	12.4428	0	0	0	0	0	0	0	0	0	0	0	0	0	0	0	0	0	0	0	0	0	0	0	0	0	0	0	0	0	0	0	0	0	
1	1	1	350	10.5		300	0	0	0.0175	-0.0175	-0.000278696	0	0	0	75.5842	-83.0536	0.000116149	0	0	0	1.91694	-6.46778	0	8.38472		300	0.396135	0.0093741	-0.00898412	-0.000475505	0	0	0	0.396135	0	-0.426642	-237.002	0	213.464	213.464	-2.13163e-14	12.4428	0	0	0	0	0	0	0	0	0	0	0	0	0	0	0	0	0	0	0	0	0	0	0	0	0	0	0	0	0	0	0	0	0	
1	1	1	351	10.53		300	0	0	0.01755	-0.01755	-0.000279901	0	0	0	75.6431	-83.1349	0.000116526	0	0	0	1.92487	-6.47035	0	8.39523		300	0.396978	0.00941733	-0.00902619	-0.0004773	0	0	0	0.396978	0	-0.426642	-237.002	0	213.464	213.464	-2.13163e-14	12.4428	0	0	0	0	0	0	0	0	0	0	0	0	0	0	0	0	0	0	0	0	0	0	0	0	0	0	0	0	0	0	0	0	0	
1	1	1	352	10.56		300	0	0	0.0176	-0.0176	-0.000281107	0	0	0	75.7018	-83.2159	0.000116902	0	0	0	1.93282	-6.47291	0	8.40572		300	0.397821	0.00946058	-0.00906827	-0.000479093	0	0	0	0.397821	0	-0.426642	-237.002	0	213.464	213.464	-2.13163e-14	12.4428	0	0	0	0	0	0	0	0	0	0	0	0	0	0	0	0	0	0	0	0	0	0	0	0	0	0	0	0	0	0	0	0	0	
1	1	1	353	10.59		300	0	0	0.01765	-0.01765	-0.000282312	0	0	0	75.7605	-83.2968	0.000117278	0	0	0	1.94077	-6.47545	0	8.41621		300	0.398663	0.00950384	-0.00911037	-0.000480885	0	0	0	0.398663	0	-0.426642	-237.002	0	213.464	213.464	-2.13163e-14	12.4428	0	0	0	0	0	0	0	0	0	0	0	0	0	0	0	0	0	0	0	0	0	0	0	0	0	0	0	0	0	0	0	0	0	
1	1	1	354	10.62		300	0	0	0.0177	-0.0177	-0.000283518	0	0	0	75.819	-83.3775	0.000117654	0	0	0	1.94872	-6.47797	0	8.42669		300	0.399504	0.00954712	-0.00915249	-0.000482674	0	0	0	0.399504	0	-0.426642	-237.002	0	213.464	213.464	-2.13163e-14	12.4428	0	0	0	0	0	0	0	0	0	0	0	0	0	0	0	0	0	0	0	0	0	0	0	0	0	0	0	0	0	0	0	0	0	
1	1	1	355	10.65		300	0	0	0.01775	-0.01775	-0.000284723	0	0	0	75.8774	-83.458	0.000118029	0	0	0	1.95669	-6.48047	0	8.43716		300	0.400344	0.00959041	-0.00919462	-0.000484463	0	0	0	0.400344	0	-0.426642	-237.002	0	213.464	213.464	-2.13163e-14	12.4428	0	0	0	0	0	0	0	0	0	0	0	0	0	0	0	0	0	0	0	0	0	0	0	0	0	0	0	0	0	0	0	0	0	
1	1	1	356	10.68		300	0	0	0.0178	-0.0178	-0.000285928	0	0	0	75.9357	-83.5384	0.000118403	0	0	0	1.96466	-6.48296	0	8.44761		300	0.401183	0.00963371	-0.00923678	-0.000486249	0	0	0	0.401183	0	-0.426642	-237.002	0	213.464	213.464	-2.13163e-14	12.4428	0	0	0	0	0	0	0	0	0	0	0	0	0	0	0	0	0	0	0	0	0	0	0	0	0	0	0	0	0	0	0	0	0	
1	1	1	357	10.71		300	0	0	0.01785	-0.01785	-0.000287133	0	0	0	75.9939	-83.6186	0.000118778	0	0	0	1.97263	-6.48543	0	8.45806		300	0.402021	0.00967703	-0.00927895	-0.000488034	0	0	0	0.402021	0	-0.426642	-237.002	0	213.464	213.464	-2.13163e-14	12.4428	0	0	0	0	0	0	0	0	0	0	0	0	0	0	0	0	0	0	0	0	0	0	0	0	0	0	0	0	0	0	0	0	0	
1	1	1	358	10.74		300	0	0	0.0179	-0.0179	-0.000288339	0	0	0	76.052	-83.6986	0.000119152	0	0	0	1.98062	-6.48788	0	8.4685		300	0.402859	0.00972036	-0.00932113	-0.000489817	0	0	0	0.402859	0	-0.426642	-237.002	0	213.464	213.464	-2.13163e-14	12.4428	0	0	0	0	0	0	0	0	0	0	0	0	0	0	0	0	0	0	0	0	0	0	0	0	0	0	0	0	0	0	0	0	0	
1	1	1	359	10.77		300	0	0	0.01795	-0.01795	-0.000289544	0	0	0	76.1099	-83.7784	0.000119525	0	0	0	1.98861	-6.49032	0	8.47892		300	0.403696	0.0097637	-0.00936333	-0.000491598	0	0	0	0.403696	0	-0.426642	-237.002	0	213.464	213.464	-2.13163e-14	12.4428	0	0	0	0	0	0	0	0	0	0	0	0	0	0	0	0	0	0	0	0	0	0	0	0	0	0	0	0	0	0	0	0	0	
1	1	1	360	10.8		300	0	0	0.018	-0.018	-0.000290749	0	0	0	76.1678	-83.8581	0.000119898	0	0	0	1.99661	-6.49273	0	8.48934		300	0.404532	0.00980706	-0.00940555	-0.000493377	0	0	0	0.404532	0	-0.426642	-237.002	0	213.464	213.464	-2.13163e-14	12.4428	0	0	0	0	0	0	0	0	0	0	0	0	0	0	0	0	0	0	0	0	0	0	0	0	0	0	0	0	0	0	0	0	0	
1	1	1	361	10.83		300	0	0	0.01805	-0.01805	-0.000291953	0	0	0	76.2255	-83.9375	0.000120271	0	0	0	2.00461	-6.49514	0	8.49975		300	0.405367	0.00985043	-0.00944779	-0.000495155	0	0	0	0.405367	0	-0.426642	-237.002	0	213.464	213.464	-2.13163e-14	12.4428	0	0	0	0	0	0	0	0	0	0	0	0	0	0	0	0	0	0	0	0	0	0	0	0	0	0	0	0	0	0	0	0	0	
1	1	1	362	10.86		300	0	0	0.0181	-0.0181	-0.000293158	0	0	0	76.2831	-84.0169	0.000120644	0	0	0	2.01262	-6.49752	0	8.51014		300	0.406201	0.00989381	-0.00949004	-0.000496932	0	0	0	0.406201	0	-0.426642	-237.002	0	213.464	213.464	-2.13163e-14	12.4428	0	0	0	0	0	0	0	0	0	0	0	0	0	0	0	0	0	0	0	0	0	0	0	0	0	0	0	0	0	0	0	0	0	
1	1	1	363	10.89		300	0	0	0.01815	-0.01815	-0.000294363	0	0	0	76.3407	-84.096	0.000121016	0	0	0	2.02064	-6.49989	0	8.52053		300	0.407035	0.00993721	-0.0095323	-0.000498706	0	0	0	0.407035	0	-0.426642	-237.002	0	213.464	213.464	-2.13163e-14	12.4428	0	0	0	0	0	0	0	0	0	0	0	0	0	0	0	0	0	0	0	0	0	0	0	0	0	0	0	0	0	0	0	0	0	
1	1	1	364	10.92		300	0	0	0.0182	-0.0182	-0.000295568	0	0	0	76.3981	-84.175	0.000121387	0	0	0	2.02867	-6.50224	0	8.5309		300	0.407867	0.00998062	-0.00957459	-0.000500479	0	0	0	0.407867	0	-0.426642	-237.002	0	213.464	213.464	-2.13163e-14	12.4428	0	0	0	0	0	0	0	0	0	0	0	0	0	0	0	0	0	0	0	0	0	0	0	0	0	0	0	0	0	0	0	0	0	
1	1	1	365	10.95		300	0	0	0.01825	-0.01825	-0.000296772	0	0	0	76.4554	-84.2538	0.000121759	0	0	0	2.0367	-6.50457	0	8.54127		300	0.408699	0.010024	-0.00961689	-0.00050225	0	0	0	0.408699	0	-0.426642	-237.002	0	213.464	213.464	-2.13163e-14	12.4428	0	0	0	0	0	0	0	0	0	0	0	0	0	0	0	0	0	0	0	0	0	0	0	0	0	0	0	0	0	0	0	0	0	
1	1	1	366	10.98		300	0	0	0.0183	-0.0183	-0.000297976	0	0	0	76.5126	-84.3324	0.00012213	0	0	0	2.04474	-6.50689	0	8.55162		300	0.40953	0.0100675	-0.0096592	-0.00050402	0	0	0	0.40953	0	-0.426642	-237.002	0	213.464	213.464	-2.13163e-14	12.4428	0	0	0	0	0	0	0	0	0	0	0	0	0	0	0	0	0	0	0	0	0	0	0	0	0	0	0	0	0	0	0	0	0	
1	1	1	367	11.01		300	0	0	0.01835	-0.01835	-0.000299181	0	0	0	76.5697	-84.4109	0.0001225	0	0	0	2.05278	-6.50919	0	8.56197		300	0.410361	0.0101109	-0.00970153	-0.000505788	0	0	0	0.410361	0	-0.426642	-237.002	0	213.464	213.464	-2.13163e-14	12.4428	0	0	0	0	0	0	0	0	0	0	0	0	0	0	0	0	0	0	0	0	0	0	0	0	0	0	0	0	0	0	0	0	0	
1	1	1	368	11.04		300	0	0	0.0184	-0.0184	-0.000300385	0	0	0	76.6266	-84.4892	0.00012287	0	0	0	2.06083	-6.51147	0	8.57231		300	0.41119	0.0101544	-0.00974388	-0.000507554	0	0	0	0.41119	0	-0.426642	-237.002	0	213.464	213.464	-2.13163e-14	12.4428	0	0	0	0	0	0	0	0	0	0	0	0	0	0	0	0	0	0	0	0	0	0	0	0	0	0	0	0	0	0	0	0	0	
1	1	1	369	11.07		300	0	0	0.01845	-0.01845	-0.000301589	0	0	0	76.6835	-84.5674	0.00012324	0	0	0	2.06889	-6.51374	0	8.58263		300	0.412019	0.0101979	-0.00978624	-0.000509319	0	0	0	0.412019	0	-0.426642	-237.002	0	213.464	213.464	-2.13163e-14	12.4428	0	0	0	0	0	0	0	0	0	0	0	0	0	0	0	0	0	0	0	0	0	0	0	0	0	0	0	0	0	0	0	0	0	
1	1	1	370	11.1		300	0	0	0.0185	-0.0185	-0.000302793	0	0	0	76.7403	-84.6454	0.000123609	0	0	0	2.07696	-6.51599	0	8.59295		300	0.412847	0.0102413	-0.00982862	-0.000511082	0	0	0	0.412847	0	-0.426642	-237.002	0	213.464	213.464	-2.13163e-14	12.4428	0	0	0	0	0	0	0	0	0	0	0	0	0	0	0	0	0	0	0	0	0	0	0	0	0	0	0	0	0	0	0	0	0	
1	1	1	371	11.13		300	0	0	0.01855	-0.01855	-0.000303997	0	0	0	76.797	-84.7232	0.000123978	0	0	0	2.08503	-6.51822	0	8.60326		300	0.413674	0.0102848	-0.00987101	-0.000512844	0	0	0	0.413674	0	-0.426642	-237.002	0	213.464	213.464	-2.13163e-14	12.4428	0	0	0	0	0	0	0	0	0	0	0	0	0	0	0	0	0	0	0	0	0	0	0	0	0	0	0	0	0	0	0	0	0	
1	1	1	372	11.16		300	0	0	0.0186	-0.0186	-0.000305201	0	0	0	76.8536	-84.8009	0.000124347	0	0	0	2.09311	-6.52044	0	8.61355		300	0.414501	0.0103283	-0.00991342	-0.000514603	0	0	0	0.414501	0	-0.426642	-237.002	0	213.464	213.464	-2.13163e-14	12.4428	0	0	0	0	0	0	0	0	0	0	0	0	0	0	0	0	0	0	0	0	0	0	0	0	0	0	0	0	0	0	0	0	0	
1	1	1	373	11.19		300	0	0	0.01865	-0.01865	-0.000306405	0	0	0	76.91	-84.8784	0.000124715	0	0	0	2.1012	-6.52264	0	8.62384		300	0.415326	0.0103719	-0.00995584	-0.000516362	0	0	0	0.415326	0	-0.426642	-237.002	0	213.464	213.464	-2.13163e-14	12.4428	0	0	0	0	0	0	0	0	0	0	0	0	0	0	0	0	0	0	0	0	0	0	0	0	0	0	0	0	0	0	0	0	0	
1	1	1	374	11.22		300	0	0	0.0187	-0.0187	-0.000307609	0	0	0	76.9664	-84.9558	0.000125083	0	0	0	2.10929	-6.52483	0	8.63412		300	0.416151	0.0104154	-0.00999827	-0.000518118	0	0	0	0.416151	0	-0.426642	-237.002	0	213.464	213.464	-2.13163e-14	12.4428	0	0	0	0	0	0	0	0	0	0	0	0	0	0	0	0	0	0	0	0	0	0	0	0	0	0	0	0	0	0	0	0	0	
1	1	1	375	11.25		300	0	0	0.01875	-0.01875	-0.000308812	0	0	0	77.0227	-85.033	0.00012545	0	0	0	2.11739	-6.527	0	8.64439		300	0.416975	0.0104589	-0.0100407	-0.000519873	0	0	0	0.416975	0	-0.426642	-237.002	0	213.464	213.464	-2.13163e-14	12.4428	0	0	0	0	0	0	0	0	0	0	0	0	0	0	0	0	0	0	0	0	0	0	0	0	0	0	0	0	0	0	0	0	0	
1	1	1	376	11.28		300	0	0	0.0188	-0.0188	-0.000310016	0	0	0	77.0789	-85.11	0.000125818	0	0	0	2.1255	-6.52915	0	8.65465		300	0.417798	0.0105025	-0.0100832	-0.000521627	0	0	0	0.417798	0	-0.426642	-237.002	0	213.464	213.464	-2.13163e-14	12.4428	0	0	0	0	0	0	0	0	0	0	0	0	0	0	0	0	0	0	0	0	0	0	0	0	0	0	0	0	0	0	0	0	0	
1	1	1	377	11.31		300	0	0	0.01885	-0.01885	-0.000311219	0	0	0	77.135	-85.1869	0.000126184	0	0	0	2.13361	-6.53129	0	8.6649		300	0.418621	0.0105461	-0.0101257	-0.000523378	0	0	0	0.418621	0	-0.426642	-237.002	0	213.464	213.464	-2.13163e-14	12.4428	0	0	0	0	0	0	0	0	0	0	0	0	0	0	0	0	0	0	0	0	0	0	0	0	0	0	0	0	0	0	0	0	0	
1	1	1	378	11.34		300	0	0	0.0189	-0.0189	-0.000312423	0	0	0	77.191	-85.2637	0.000126551	0	0	0	2.14173	-6.53341	0	8.67514		300	0.419443	0.0105896	-0.0101682	-0.000525129	0	0	0	0.419443	0	-0.426642	-237.002	0	213.464	213.464	-2.13163e-14	12.4428	0	0	0	0	0	0	0	0	0	0	0	0	0	0	0	0	0	0	0	0	0	0	0	0	0	0	0	0	0	0	0	0	0	
1	1	1	379	11.37		300	0	0	0.01895	-0.01895	-0.000313626	0	0	0	77.2469	-85.3403	0.000126917	0	0	0	2.14985	-6.53551	0	8.68537		300	0.420264	0.0106332	-0.0102107	-0.000526877	0	0	0	0.420264	0	-0.426642	-237.002	0	213.464	213.464	-2.13163e-14	12.4428	0	0	0	0	0	0	0	0	0	0	0	0	0	0	0	0	0	0	0	0	0	0	0	0	0	0	0	0	0	0	0	0	0	
1	1	1	380	11.4		300	0	0	0.019	-0.019	-0.000314829	0	0	0	77.3027	-85.4167	0.000127282	0	0	0	2.15799	-6.5376	0	8.69559		300	0.421084	0.0106768	-0.0102532	-0.000528624	0	0	0	0.421084	0	-0.426642	-237.002	0	213.464	213.464	-2.13163e-14	12.4428	0	0	0	0	0	0	0	0	0	0	0	0	0	0	0	0	0	0	0	0	0	0	0	0	0	0	0	0	0	0	0	0	0	
1	1	1	381	11.43		300	0	0	0.01905	-0.01905	-0.000316032	0	0	0	77.3584	-85.493	0.000127648	0	0	0	2.16613	-6.53967	0	8.7058		300	0.421904	0.0107205	-0.0102957	-0.00053037	0	0	0	0.421904	0	-0.426642	-237.002	0	213.464	213.464	-2.13163e-14	12.4428	0	0	0	0	0	0	0	0	0	0	0	0	0	0	0	0	0	0	0	0	0	0	0	0	0	0	0	0	0	0	0	0	0	
1	1	1	382	11.46		300	0	0	0.0191	-0.0191	-0.000317235	0	0	0	77.414	-85.5692	0.000128012	0	0	0	2.17427	-6.54173	0	8.716		300	0.422722	0.0107641	-0.0103383	-0.000532114	0	0	0	0.422722	0	-0.426642	-237.002	0	213.464	213.464	-2.13163e-14	12.4428	0	0	0	0	0	0	0	0	0	0	0	0	0	0	0	0	0	0	0	0	0	0	0	0	0	0	0	0	0	0	0	0	0	
1	1	1	383	11.49		300	0	0	0.01915	-0.01915	-0.000318438	0	0	0	77.4695	-85.6452	0.000128377	0	0	0	2.18242	-6.54377	0	8.72619		300	0.42354	0.0108077	-0.0103809	-0.000533856	0	0	0	0.42354	0	-0.426642	-237.002	0	213.464	213.464	-2.13163e-14	12.4428	0	0	0	0	0	0	0	0	0	0	0	0	0	0	0	0	0	0	0	0	0	0	0	0	0	0	0	0	0	0	0	0	0	
1	1	1	384	11.52		300	0	0	0.0192	-0.0192	-0.000319641	0	0	0	77.525	-85.721	0.000128741	0	0	0	2.19058	-6.54579	0	8.73638		300	0.424358	0.0108514	-0.0104234	-0.000535597	0	0	0	0.424358	0	-0.426642	-237.002	0	213.464	213.464	-2.13163e-14	12.4428	0	0	0	0	0	0	0	0	0	0	0	0	0	0	0	0	0	0	0	0	0	0	0	0	0	0	0	0	0	0	0	0	0	
1	1	1	385	11.55		300	0	0	0.01925	-0.01925	-0.000320843	0	0	0	77.5803	-85.7967	0.000129105	0	0	0	2.19875	-6.5478	0	8.74655		300	0.425174	0.010895	-0.010466	-0.000537336	0	0	0	0.425174	0	-0.426642	-237.002	0	213.464	213.464	-2.13163e-14	12.4428	0	0	0	0	0	0	0	0	0	0	0	0	0	0	0	0	0	0	0	0	0	0	0	0	0	0	0	0	0	0	0	0	0	
1	1	1	386	11.58		300	0	0	0.0193	-0.0193	-0.000322046	0	0	0	77.6356	-85.8723	0.000129468	0	0	0	2.20692	-6.54979	0	8.75672		300	0.42599	0.0109387	-0.0105086	-0.000539073	0	0	0	0.42599	0	-0.426642	-237.002	0	213.464	213.464	-2.13163e-14	12.4428	0	0	0	0	0	0	0	0	0	0	0	0	0	0	0	0	0	0	0	0	0	0	0	0	0	0	0	0	0	0	0	0	0	
1	1	1	387	11.61		300	0	0	0.01935	-0.01935	-0.000323248	0	0	0	77.6907	-85.9477	0.000129831	0	0	0	2.2151	-6.55177	0	8.76687		300	0.426805	0.0109824	-0.0105513	-0.00054081	0	0	0	0.426805	0	-0.426642	-237.002	0	213.464	213.464	-2.13163e-14	12.4428	0	0	0	0	0	0	0	0	0	0	0	0	0	0	0	0	0	0	0	0	0	0	0	0	0	0	0	0	0	0	0	0	0	
1	1	1	388	11.64		300	0	0	0.0194	-0.0194	-0.00032445	0	0	0	77.7458	-86.023	0.000130194	0	0	0	2.22329	-6.55373	0	8.77702		300	0.427619	0.0110261	-0.0105939	-0.000542544	0	0	0	0.427619	0	-0.426642	-237.002	0	213.464	213.464	-2.13163e-14	12.4428	0	0	0	0	0	0	0	0	0	0	0	0	0	0	0	0	0	0	0	0	0	0	0	0	0	0	0	0	0	0	0	0	0	
1	1	1	389	11.67		300	0	0	0.01945	-0.01945	-0.000325653	0	0	0	77.8008	-86.0981	0.000130556	0	0	0	2.23148	-6.55568	0	8.78716		300	0.428433	0.0110698	-0.0106366	-0.000544277	0	0	0	0.428433	0	-0.426642	-237.002	0	213.464	213.464	-2.13163e-14	12.4428	0	0	0	0	0	0	0	0	0	0	0	0	0	0	0	0	0	0	0	0	0	0	0	0	0	0	0	0	0	0	0	0	0	
1	1	1	390	11.7		300	0	0	0.0195	-0.0195	-0.000326855	0	0	0	77.8557	-86.1731	0.000130918	0	0	0	2.23968	-6.55761	0	8.79728		300	0.429246	0.0111135	-0.0106792	-0.000546008	0	0	0	0.429246	0	-0.426642	-237.002	0	213.464	213.464	-2.13163e-14	12.4428	0	0	0	0	0	0	0	0	0	0	0	0	0	0	0	0	0	0	0	0	0	0	0	0	0	0	0	0	0	0	0	0	0	
1	1	1	391	11.73		300	0	0	0.01955	-0.01955	-0.000328057	0	0	0	77.9105	-86.248	0.00013128	0	0	0	2.24788	-6.55952	0	8.8074		300	0.430058	0.0111572	-0.0107219	-0.000547738	0	0	0	0.430058	0	-0.426642	-237.002	0	213.464	213.464	-2.13163e-14	12.4428	0	0	0	0	0	0	0	0	0	0	0	0	0	0	0	0	0	0	0	0	0	0	0	0	0	0	0	0	0	0	0	0	0	
1	1	1	392	11.76		300	0	0	0.0196	-0.0196	-0.000329259	0	0	0	77.9653	-86.3227	0.000131641	0	0	0	2.25609	-6.56142	0	8.81751		300	0.430869	0.0112009	-0.0107646	-0.000549467	0	0	0	0.430869	0	-0.426642	-237.002	0	213.464	213.464	-2.13163e-14	12.4428	0	0	0	0	0	0	0	0	0	0	0	0	0	0	0	0	0	0	0	0	0	0	0	0	0	0	0	0	0	0	0	0	0	
1	1	1	393	11.79		300	0	0	0.01965	-0.01965	-0.00033046	0	0	0	78.0199	-86.3973	0.000132002	0	0	0	2.26431	-6.56331	0	8.82762		300	0.43168	0.0112447	-0.0108073	-0.000551194	0	0	0	0.43168	0	-0.426642	-237.002	0	213.464	213.464	-2.13163e-14	12.4428	0	0	0	0	0	0	0	0	0	0	0	0	0	0	0	0	0	0	0	0	0	0	0	0	0	0	0	0	0	0	0	0	0	
1	1	1	394	11.82		300	0	0	0.0197	-0.0197	-0.000331662	0	0	0	78.0745	-86.4717	0.000132362	0	0	0	2.27253	-6.56518	0	8.83771		300	0.43249	0.0112884	-0.01085	-0.000552919	0	0	0	0.43249	0	-0.426642	-237.002	0	213.464	213.464	-2.13163e-14	12.4428	0	0	0	0	0	0	0	0	0	0	0	0	0	0	0	0	0	0	0	0	0	0	0	0	0	0	0	0	0	0	0	0	0	
1	1	1	395	11.85		300	0	0	0.01975	-0.01975	-0.000332864	0	0	0	78.129	-86.546	0.000132723	0	0	0	2.28076	-6.56703	0	8.84779		300	0.433299	0.0113322	-0.0108927	-0.000554643	0	0	0	0.433299	0	-0.426642	-237.002	0	213.464	213.464	-2.13163e-14	12.4428	0	0	0	0	0	0	0	0	0	0	0	0	0	0	0	0	0	0	0	0	0	0	0	0	0	0	0	0	0	0	0	0	0	
1	1	1	396	11.88		300	0	0	0.0198	-0.0198	-0.000334065	0	0	0	78.1834	-86.6202	0.000133082	0	0	0	2.289	-6.56887	0	8.85787		300	0.434108	0.0113759	-0.0109355	-0.000556365	0	0	0	0.434108	0	-0.426642	-237.002	0	213.464	213.464	-2.13163e-14	12.4428	0	0	0	0	0	0	0	0	0	0	0	0	0	0	0	0	0	0	0	0	0	0	0	0	0	0	0	0	0	0	0	0	0	
1	1	1	397	11.91		300	0	0	0.01985	-0.01985	-0.000335266	0	0	0	78.2377	-86.6942	0.000133442	0	0	0	2.29724	-6.57069	0	8.86793		300	0.434916	0.0114197	-0.0109782	-0.000558086	0	0	0	0.434916	0	-0.426642	-237.002	0	213.464	213.464	-2.13163e-14	12.4428	0	0	0	0	0	0	0	0	0	0	0	0	0	0	0	0	0	0	0	0	0	0	0	0	0	0	0	0	0	0	0	0	0	
1	1	1	398	11.94		300	0	0	0.0199	-0.0199	-0.000336468	0	0	0	78.2919	-86.7681	0.000133801	0	0	0	2.30549	-6.5725	0	8.87799		300	0.435723	0.0114635	-0.011021	-0.000559805	0	0	0	0.435723	0	-0.426642	-237.002	0	213.464	213.464	-2.13163e-14	12.4428	0	0	0	0	0	0	0	0	0	0	0	0	0	0	0	0	0	0	0	0	0	0	0	0	0	0	0	0	0	0	0	0	0	
1	1	1	399	11.97		300	0	0	0.01995	-0.01995	-0.000337669	0	0	0	78.3461	-86.8419	0.000134159	0	0	0	2.31375	-6.57429	0	8.88804		300	0.436529	0.0115073	-0.0110638	-0.000561523	0	0	0	0.436529	0	-0.426642	-237.002	0	213.464	213.464	-2.13163e-14	12.4428	0	0	0	0	0	0	0	0	0	0	0	0	0	0	0	0	0	0	0	0	0	0	0	0	0	0	0	0	0	0	0	0	0	
1	1	1	400	12		300	0	0	0.02	-0.02	-0.00033887	0	0	0	78.4002	-86.9156	0.000134518	0	0	0	2.32201	-6.57607	0	8.89808		300	0.437335	0.0115511	-0.0111065	-0.00056324	0	0	0	0.437335	0	-0.426642	-237.002	0	213.464	213.464	-2.13163e-14	12.4428	0	0	0	0	0	0	0	0	0	0	0	0	0	0	0	0	0	0	0	0	0	0	0	0	0	0	0	0	0	0	0	0	0	
1	1	1	401	12.03		300	0	0	0.02005	-0.02005	-0.000340071	0	0	0	78.4542	-86.9891	0.000134876	0	0	0	2.33028	-6.57783	0	8.90811		300	0.43814	0.011595	-0.0111493	-0.000564955	0	0	0	0.43814	0	-0.426642	-237.002	0	213.464	213.464	-2.13163e-14	12.4428	0	0	0	0	0	0	0	0	0	0	0	0	0	0	0	0	0	0	0	0	0	0	0	0	0	0	0	0	0	0	0	0	0	
1	1	1	402	12.06		300	0	0	0.0201	-0.0201	-0.000341271	0	0	0	78.5081	-87.0624	0.000135233	0	0	0	2.33856	-6.57957	0	8.91813		300	0.438944	0.0116388	-0.0111922	-0.000566668	0	0	0	0.438944	0	-0.426642	-237.002	0	213.464	213.464	-2.13163e-14	12.4428	0	0	0	0	0	0	0	0	0	0	0	0	0	0	0	0	0	0	0	0	0	0	0	0	0	0	0	0	0	0	0	0	0	
1	1	1	403	12.09		300	0	0	0.02015	-0.02015	-0.000342472	0	0	0	78.5619	-87.1357	0.00013559	0	0	0	2.34684	-6.58131	0	8.92814		300	0.439748	0.0116826	-0.011235	-0.00056838	0	0	0	0.439748	0	-0.426642	-237.002	0	213.464	213.464	-2.13163e-14	12.4428	0	0	0	0	0	0	0	0	0	0	0	0	0	0	0	0	0	0	0	0	0	0	0	0	0	0	0	0	0	0	0	0	0	
1	1	1	404	12.12		300	0	0	0.0202	-0.0202	-0.000343672	0	0	0	78.6157	-87.2088	0.000135947	0	0	0	2.35513	-6.58302	0	8.93815		300	0.440551	0.0117265	-0.0112778	-0.00057009	0	0	0	0.440551	0	-0.426642	-237.002	0	213.464	213.464	-2.13163e-14	12.4428	0	0	0	0	0	0	0	0	0	0	0	0	0	0	0	0	0	0	0	0	0	0	0	0	0	0	0	0	0	0	0	0	0	
1	1	1	405	12.15		300	0	0	0.02025	-0.02025	-0.000344873	0	0	0	78.6694	-87.2818	0.000136304	0	0	0	2.36342	-6.58472	0	8.94815		300	0.441353	0.0117703	-0.0113207	-0.000571799	0	0	0	0.441353	0	-0.426642	-237.002	0	213.464	213.464	-2.13163e-14	12.4428	0	0	0	0	0	0	0	0	0	0	0	0	0	0	0	0	0	0	0	0	0	0	0	0	0	0	0	0	0	0	0	0	0	
1	1	1	406	12.18		300	0	0	0.0203	-0.0203	-0.000346073	0	0	0	78.723	-87.3547	0.00013666	0	0	0	2.37172	-6.58641	0	8.95813		300	0.442155	0.0118142	-0.0113635	-0.000573507	0	0	0	0.442155	0	-0.426642	-237.002	0	213.464	213.464	-2.13163e-14	12.4428	0	0	0	0	0	0	0	0	0	0	0	0	0	0	0	0	0	0	0	0	0	0	0	0	0	0	0	0	0	0	0	0	0	
1	1	1	407	12.21		300	0	0	0.02035	-0.02035	-0.000347273	0	0	0	78.7765	-87.4274	0.000137016	0	0	0	2.38003	-6.58808	0	8.96811		300	0.442956	0.0118581	-0.0114064	-0.000575213	0	0	0	0.442956	0	-0.426642	-237.002	0	213.464	213.464	-2.13163e-14	12.4428	0	0	0	0	0	0	0	0	0	0	0	0	0	0	0	0	0	0	0	0	0	0	0	0	0	0	0	0	0	0	0	0	0	
1	1	1	408	12.24		300	0	0	0.0204	-0.0204	-0.000348474	0	0	0	78.83	-87.5	0.000137371	0	0	0	2.38834	-6.58974	0	8.97808		300	0.443756	0.011902	-0.0114493	-0.000576918	0	0	0	0.443756	0	-0.426642	-237.002	0	213.464	213.464	-2.13163e-14	12.4428	0	0	0	0	0	0	0	0	0	0	0	0	0	0	0	0	0	0	0	0	0	0	0	0	0	0	0	0	0	0	0	0	0	
1	1	1	409	12.27		300	0	0	0.02045	-0.02045	-0.000349673	0	0	0	78.8834	-87.5725	0.000137726	0	0	0	2.39666	-6.59138	0	8.98804		300	0.444555	0.0119459	-0.0114922	-0.000578621	0	0	0	0.444555	0	-0.426642	-237.002	0	213.464	213.464	-2.13163e-14	12.4428	0	0	0	0	0	0	0	0	0	0	0	0	0	0	0	0	0	0	0	0	0	0	0	0	0	0	0	0	0	0	0	0	0	
1	1	1	410	12.3		300	0	0	0.0205	-0.0205	-0.000350873	0	0	0	78.9367	-87.6449	0.000138081	0	0	0	2.40499	-6.59301	0	8.998		300	0.445354	0.0119898	-0.0115351	-0.000580323	0	0	0	0.445354	0	-0.426642	-237.002	0	213.464	213.464	-2.13163e-14	12.4428	0	0	0	0	0	0	0	0	0	0	0	0	0	0	0	0	0	0	0	0	0	0	0	0	0	0	0	0	0	0	0	0	0	
1	1	1	411	12.33		300	0	0	0.02055	-0.02055	-0.000352073	0	0	0	78.99	-87.7171	0.000138436	0	0	0	2.41332	-6.59462	0	9.00794		300	0.446152	0.0120337	-0.011578	-0.000582023	0	0	0	0.446152	0	-0.426642	-237.002	0	213.464	213.464	-2.13163e-14	12.4428	0	0	0	0	0	0	0	0	0	0	0	0	0	0	0	0	0	0	0	0	0	0	0	0	0	0	0	0	0	0	0	0	0	
1	1	1	412	12.36		300	0	0	0.0206	-0.0206	-0.000353273	0	0	0	79.0432	-87.7893	0.00013879	0	0	0	2.42166	-6.59622	0	9.01788		300	0.44695	0.0120776	-0.011621	-0.000583722	0	0	0	0.44695	0	-0.426642	-237.002	0	213.464	213.464	-2.13163e-14	12.4428	0	0	0	0	0	0	0	0	0	0	0	0	0	0	0	0	0	0	0	0	0	0	0	0	0	0	0	0	0	0	0	0	0	
1	1	1	413	12.39		300	0	0	0.02065	-0.02065	-0.000354472	0	0	0	79.0963	-87.8613	0.000139143	0	0	0	2.43	-6.5978	0	9.02781		300	0.447746	0.0121215	-0.0116639	-0.000585419	0	0	0	0.447746	0	-0.426642	-237.002	0	213.464	213.464	-2.13163e-14	12.4428	0	0	0	0	0	0	0	0	0	0	0	0	0	0	0	0	0	0	0	0	0	0	0	0	0	0	0	0	0	0	0	0	0	
1	1	1	414	12.42		300	0	0	0.0207	-0.0207	-0.000355672	0	0	0	79.1493	-87.9332	0.000139497	0	0	0	2.43835	-6.59937	0	9.03773		300	0.448542	0.0121655	-0.0117069	-0.000587116	0	0	0	0.448542	0	-0.426642	-237.002	0	213.464	213.464	-2.13163e-14	12.4428	0	0	0	0	0	0	0	0	0	0	0	0	0	0	0	0	0	0	0	0	0	0	0	0	0	0	0	0	0	0	0	0	0	
1	1	1	415	12.45		300	0	0	0.02075	-0.02075	-0.000356871	0	0	0	79.2023	-88.0049	0.00013985	0	0	0	2.44671	-6.60093	0	9.04764		300	0.449338	0.0122094	-0.0117498	-0.00058881	0	0	0	0.449338	0	-0.426642	-237.002	0	213.464	213.464	-2.13163e-14	12.4428	0	0	0	0	0	0	0	0	0	0	0	0	0	0	0	0	0	0	0	0	0	0	0	0	0	0	0	0	0	0	0	0	0	
1	1	1	416	12.48		300	0	0	0.0208	-0.0208	-0.00035807	0	0	0	79.2551	-88.0766	0.000140202	0	0	0	2.45507	-6.60247	0	9.05754		300	0.450133	0.0122534	-0.0117928	-0.000590503	0	0	0	0.450133	0	-0.426642	-237.002	0	213.464	213.464	-2.13163e-14	12.4428	0	0	0	0	0	0	0	0	0	0	0	0	0	0	0	0	0	0	0	0	0	0	0	0	0	0	0	0	0	0	0	0	0	
1	1	1	417	12.51		300	0	0	0.02085	-0.02085	-0.000359269	0	0	0	79.308	-88.1481	0.000140554	0	0	0	2.46344	-6.60399	0	9.06744		300	0.450927	0.0122973	-0.0118358	-0.000592195	0	0	0	0.450927	0	-0.426642	-237.002	0	213.464	213.464	-2.13163e-14	12.4428	0	0	0	0	0	0	0	0	0	0	0	0	0	0	0	0	0	0	0	0	0	0	0	0	0	0	0	0	0	0	0	0	0	
1	1	1	418	12.54		300	0	0	0.0209	-0.0209	-0.000360468	0	0	0	79.3607	-88.2195	0.000140906	0	0	0	2.47182	-6.6055	0	9.07732		300	0.45172	0.0123413	-0.0118788	-0.000593886	0	0	0	0.45172	0	-0.426642	-237.002	0	213.464	213.464	-2.13163e-14	12.4428	0	0	0	0	0	0	0	0	0	0	0	0	0	0	0	0	0	0	0	0	0	0	0	0	0	0	0	0	0	0	0	0	0	
1	1	1	419	12.57		300	0	0	0.02095	-0.02095	-0.000361667	0	0	0	79.4134	-88.2908	0.000141258	0	0	0	2.4802	-6.607	0	9.0872		300	0.452513	0.0123853	-0.0119218	-0.000595575	0	0	0	0.452513	0	-0.426642	-237.002	0	213.464	213.464	-2.13163e-14	12.4428	0	0	0	0	0	0	0	0	0	0	0	0	0	0	0	0	0	0	0	0	0	0	0	0	0	0	0	0	0	0	0	0	0	
1	1	1	420	12.6		300	0	0	0.021	-0.021	-0.000362865	0	0	0	79.466	-88.362	0.000141609	0	0	0	2.48859	-6.60848	0	9.09707		300	0.453305	0.0124293	-0.0119648	-0.000597262	0	0	0	0.453305	0	-0.426642	-237.002	0	213.464	213.464	-2.13163e-14	12.4428	0	0	0	0	0	0	0	0	0	0	0	0	0	0	0	0	0	0	0	0	0	0	0	0	0	0	0	0	0	0	0	0	0	
1	1	1	421	12.63		300	0	0	0.02105	-0.02105	-0.000364064	0	0	0	79.5186	-88.433	0.00014196	0	0	0	2.49698	-6.60995	0	9.10693		300	0.454097	0.0124733	-0.0120079	-0.000598949	0	0	0	0.454097	0	-0.426642	-237.002	0	213.464	213.464	-2.13163e-14	12.4428	0	0	0	0	0	0	0	0	0	0	0	0	0	0	0	0	0	0	0	0	0	0	0	0	0	0	0	0	0	0	0	0	0	
1	1	1	422	12.66		300	0	0	0.0211	-0.0211	-0.000365262	0	0	0	79.5711	-88.504	0.000142311	0	0	0	2.50539	-6.6114	0	9.11679		300	0.454887	0.0125173	-0.0120509	-0.000600634	0	0	0	0.454887	0	-0.426642	-237.002	0	213.464	213.464	-2.13163e-14	12.4428	0	0	0	0	0	0	0	0	0	0	0	0	0	0	0	0	0	0	0	0	0	0	0	0	0	0	0	0	0	0	0	0	0	
1	1	1	423	12.69		300	0	0	0.02115	-0.02115	-0.000366461	0	0	0	79.6235	-88.5748	0.000142661	0	0	0	2.51379	-6.61284	0	9.12663		300	0.455678	0.0125613	-0.012094	-0.000602317	0	0	0	0.455678	0	-0.426642	-237.002	0	213.464	213.464	-2.13163e-14	12.4428	0	0	0	0	0	0	0	0	0	0	0	0	0	0	0	0	0	0	0	0	0	0	0	0	0	0	0	0	0	0	0	0	0	
1	1	1	424	12.72		300	0	0	0.0212	-0.0212	-0.000367659	0	0	0	79.6759	-88.6456	0.00014301	0	0	0	2.52221	-6.61427	0	9.13647		300	0.456467	0.0126053	-0.012137	-0.000603999	0	0	0	0.456467	0	-0.426642	-237.002	0	213.464	213.464	-2.13163e-14	12.4428	0	0	0	0	0	0	0	0	0	0	0	0	0	0	0	0	0	0	0	0	0	0	0	0	0	0	0	0	0	0	0	0	0	
1	1	1	425	12.75		300	0	0	0.02125	-0.02125	-0.000368857	0	0	0	79.7282	-88.7162	0.00014336	0	0	0	2.53062	-6.61568	0	9.1463		300	0.457256	0.0126494	-0.0121801	-0.00060568	0	0	0	0.457256	0	-0.426642	-237.002	0	213.464	213.464	-2.13163e-14	12.4428	0	0	0	0	0	0	0	0	0	0	0	0	0	0	0	0	0	0	0	0	0	0	0	0	0	0	0	0	0	0	0	0	0	
1	1	1	426	12.78		300	0	0	0.0213	-0.0213	-0.000370055	0	0	0	79.7804	-88.7867	0.000143709	0	0	0	2.53905	-6.61707	0	9.15612		300	0.458044	0.0126934	-0.0122232	-0.00060736	0	0	0	0.458044	0	-0.426642	-237.002	0	213.464	213.464	-2.13163e-14	12.4428	0	0	0	0	0	0	0	0	0	0	0	0	0	0	0	0	0	0	0	0	0	0	0	0	0	0	0	0	0	0	0	0	0	
1	1	1	427	12.81		300	0	0	0.02135	-0.02135	-0.000371253	0	0	0	79.8325	-88.8571	0.000144058	0	0	0	2.54748	-6.61846	0	9.16594		300	0.458832	0.0127375	-0.0122663	-0.000609038	0	0	0	0.458832	0	-0.426642	-237.002	0	213.464	213.464	-2.13163e-14	12.4428	0	0	0	0	0	0	0	0	0	0	0	0	0	0	0	0	0	0	0	0	0	0	0	0	0	0	0	0	0	0	0	0	0	
1	1	1	428	12.84		300	0	0	0.0214	-0.0214	-0.00037245	0	0	0	79.8846	-88.9273	0.000144406	0	0	0	2.55592	-6.61982	0	9.17574		300	0.459619	0.0127815	-0.0123094	-0.000610714	0	0	0	0.459619	0	-0.426642	-237.002	0	213.464	213.464	-2.13163e-14	12.4428	0	0	0	0	0	0	0	0	0	0	0	0	0	0	0	0	0	0	0	0	0	0	0	0	0	0	0	0	0	0	0	0	0	
1	1	1	429	12.87		300	0	0	0.02145	-0.02145	-0.000373648	0	0	0	79.9367	-88.9975	0.000144754	0	0	0	2.56436	-6.62118	0	9.18554		300	0.460405	0.0128256	-0.0123525	-0.00061239	0	0	0	0.460405	0	-0.426642	-237.002	0	213.464	213.464	-2.13163e-14	12.4428	0	0	0	0	0	0	0	0	0	0	0	0	0	0	0	0	0	0	0	0	0	0	0	0	0	0	0	0	0	0	0	0	0	
1	1	1	430	12.9		300	0	0	0.0215	-0.0215	-0.000374845	0	0	0	79.9887	-89.0676	0.000145102	0	0	0	2.57281	-6.62252	0	9.19533		300	0.461191	0.0128696	-0.0123956	-0.000614064	0	0	0	0.461191	0	-0.426642	-237.002	0	213.464	213.464	-2.13163e-14	12.4428	0	0	0	0	0	0	0	0	0	0	0	0	0	0	0	0	0	0	0	0	0	0	0	0	0	0	0	0	0	0	0	0	0	
1	1	1	431	12.93		300	0	0	0.02155	-0.02155	-0.000376043	0	0	0	80.0406	-89.1375	0.000145449	0	0	0	2.58127	-6.62384	0	9.20511		300	0.461976	0.0129137	-0.0124388	-0.000615736	0	0	0	0.461976	0	-0.426642	-237.002	0	213.464	213.464	-2.13163e-14	12.4428	0	0	0	0	0	0	0	0	0	0	0	0	0	0	0	0	0	0	0	0	0	0	0	0	0	0	0	0	0	0	0	0	0	
1	1	1	432	12.96		300	0	0	0.0216	-0.0216	-0.00037724	0	0	0	80.0924	-89.2074	0.000145797	0	0	0	2.58973	-6.62516	0	9.21489		300	0.46276	0.0129578	-0.0124819	-0.000617408	0	0	0	0.46276	0	-0.426642	-237.002	0	213.464	213.464	-2.13163e-14	12.4428	0	0	0	0	0	0	0	0	0	0	0	0	0	0	0	0	0	0	0	0	0	0	0	0	0	0	0	0	0	0	0	0	0	
1	1	1	433	12.99		300	0	0	0.02165	-0.02165	-0.000378437	0	0	0	80.1442	-89.2771	0.000146143	0	0	0	2.5982	-6.62645	0	9.22465		300	0.463544	0.0130019	-0.0125251	-0.000619078	0	0	0	0.463544	0	-0.426642	-237.002	0	213.464	213.464	-2.13163e-14	12.4428	0	0	0	0	0	0	0	0	0	0	0	0	0	0	0	0	0	0	0	0	0	0	0	0	0	0	0	0	0	0	0	0	0	
1	1	1	434	13.02		300	0	0	0.0217	-0.0217	-0.000379634	0	0	0	80.196	-89.3468	0.00014649	0	0	0	2.60667	-6.62774	0	9.23441		300	0.464327	0.013046	-0.0125682	-0.000620746	0	0	0	0.464327	0	-0.426642	-237.002	0	213.464	213.464	-2.13163e-14	12.4428	0	0	0	0	0	0	0	0	0	0	0	0	0	0	0	0	0	0	0	0	0	0	0	0	0	0	0	0	0	0	0	0	0	
1	1	1	435	13.05		300	0	0	0.02175	-0.02175	-0.000380831	0	0	0	80.2476	-89.4163	0.000146836	0	0	0	2.61515	-6.62901	0	9.24416		300	0.465109	0.0130901	-0.0126114	-0.000622414	0	0	0	0.465109	0	-0.426642	-237.002	0	213.464	213.464	-2.13163e-14	12.4428	0	0	0	0	0	0	0	0	0	0	0	0	0	0	0	0	0	0	0	0	0	0	0	0	0	0	0	0	0	0	0	0	0	
1	1	1	436	13.08		300	0	0	0.0218	-0.0218	-0.000382028	0	0	0	80.2992	-89.4857	0.000147181	0	0	0	2.62364	-6.63026	0	9.2539		300	0.465891	0.0131342	-0.0126546	-0.00062408	0	0	0	0.465891	0	-0.426642	-237.002	0	213.464	213.464	-2.13163e-14	12.4428	0	0	0	0	0	0	0	0	0	0	0	0	0	0	0	0	0	0	0	0	0	0	0	0	0	0	0	0	0	0	0	0	0	
1	1	1	437	13.11		300	0	0	0.02185	-0.02185	-0.000383224	0	0	0	80.3508	-89.5551	0.000147527	0	0	0	2.63213	-6.63151	0	9.26364		300	0.466672	0.0131784	-0.0126978	-0.000625745	0	0	0	0.466672	0	-0.426642	-237.002	0	213.464	213.464	-2.13163e-14	12.4428	0	0	0	0	0	0	0	0	0	0	0	0	0	0	0	0	0	0	0	0	0	0	0	0	0	0	0	0	0	0	0	0	0	
1	1	1	438	13.14		300	0	0	0.0219	-0.0219	-0.000384421	0	0	0	80.4023	-89.6243	0.000147872	0	0	0	2.64063	-6.63273	0	9.27336		300	0.467453	0.0132225	-0.012741	-0.000627408	0	0	0	0.467453	0	-0.426642	-237.002	0	213.464	213.464	-2.13163e-14	12.4428	0	0	0	0	0	0	0	0	0	0	0	0	0	0	0	0	0	0	0	0	0	0	0	0	0	0	0	0	0	0	0	0	0	
1	1	1	439	13.17		300	0	0	0.02195	-0.02195	-0.000385617	0	0	0	80.4537	-89.6934	0.000148216	0	0	0	2.64913	-6.63395	0	9.28308		300	0.468233	0.0132666	-0.0127842	-0.00062907	0	0	0	0.468233	0	-0.426642	-237.002	0	213.464	213.464	-2.13163e-14	12.4428	0	0	0	0	0	0	0	0	0	0	0	0	0	0	0	0	0	0	0	0	0	0	0	0	0	0	0	0	0	0	0	0	0	
1	1	1	440	13.2		300	0	0	0.022	-0.022	-0.000386813	0	0	0	80.5051	-89.7624	0.00014856	0	0	0	2.65764	-6.63515	0	9.29279		300	0.469012	0.0133108	-0.0128274	-0.000630731	0	0	0	0.469012	0	-0.426642	-237.002	0	213.464	213.464	-2.13163e-14	12.4428	0	0	0	0	0	0	0	0	0	0	0	0	0	0	0	0	0	0	0	0	0	0	0	0	0	0	0	0	0	0	0	0	0	
1	1	1	441	13.23		300	0	0	0.02205	-0.02205	-0.000388009	0	0	0	80.5565	-89.8313	0.000148904	0	0	0	2.66616	-6.63634	0	9.3025		300	0.469791	0.0133549	-0.0128707	-0.000632391	0	0	0	0.469791	0	-0.426642	-237.002	0	213.464	213.464	-2.13163e-14	12.4428	0	0	0	0	0	0	0	0	0	0	0	0	0	0	0	0	0	0	0	0	0	0	0	0	0	0	0	0	0	0	0	0	0	
1	1	1	442	13.26		300	0	0	0.0221	-0.0221	-0.000389205	0	0	0	80.6077	-89.9001	0.000149248	0	0	0	2.67468	-6.63751	0	9.31219		300	0.470569	0.0133991	-0.0129139	-0.000634049	0	0	0	0.470569	0	-0.426642	-237.002	0	213.464	213.464	-2.13163e-14	12.4428	0	0	0	0	0	0	0	0	0	0	0	0	0	0	0	0	0	0	0	0	0	0	0	0	0	0	0	0	0	0	0	0	0	
1	1	1	443	13.29		300	0	0	0.02215	-0.02215	-0.000390401	0	0	0	80.6589	-89.9689	0.000149591	0	0	0	2.68321	-6.63867	0	9.32188		300	0.471347	0.0134432	-0.0129572	-0.000635706	0	0	0	0.471347	0	-0.426642	-237.002	0	213.464	213.464	-2.13163e-14	12.4428	0	0	0	0	0	0	0	0	0	0	0	0	0	0	0	0	0	0	0	0	0	0	0	0	0	0	0	0	0	0	0	0	0	
1	1	1	444	13.32		300	0	0	0.0222	-0.0222	-0.000391597	0	0	0	80.7101	-90.0375	0.000149934	0	0	0	2.69175	-6.63982	0	9.33156		300	0.472124	0.0134874	-0.0130004	-0.000637362	0	0	0	0.472124	0	-0.426642	-237.002	0	213.464	213.464	-2.13163e-14	12.4428	0	0	0	0	0	0	0	0	0	0	0	0	0	0	0	0	0	0	0	0	0	0	0	0	0	0	0	0	0	0	0	0	0	
1	1	1	445	13.35		300	0	0	0.02225	-0.02225	-0.000392792	0	0	0	80.7612	-90.106	0.000150277	0	0	0	2.70029	-6.64095	0	9.34124		300	0.4729	0.0135316	-0.0130437	-0.000639016	0	0	0	0.4729	0	-0.426642	-237.002	0	213.464	213.464	-2.13163e-14	12.4428	0	0	0	0	0	0	0	0	0	0	0	0	0	0	0	0	0	0	0	0	0	0	0	0	0	0	0	0	0	0	0	0	0	
1	1	1	446	13.38		300	0	0	0.0223	-0.0223	-0.000393988	0	0	0	80.8123	-90.1744	0.000150619	0	0	0	2.70883	-6.64207	0	9.3509		300	0.473676	0.0135758	-0.013087	-0.000640669	0	0	0	0.473676	0	-0.426642	-237.002	0	213.464	213.464	-2.13163e-14	12.4428	0	0	0	0	0	0	0	0	0	0	0	0	0	0	0	0	0	0	0	0	0	0	0	0	0	0	0	0	0	0	0	0	0	
1	1	1	447	13.41		300	0	0	0.02235	-0.02235	-0.000395183	0	0	0	80.8633	-90.2427	0.000150961	0	0	0	2.71738	-6.64317	0	9.36056		300	0.474451	0.01362	-0.0131303	-0.000642321	0	0	0	0.474451	0	-0.426642	-237.002	0	213.464	213.464	-2.13163e-14	12.4428	0	0	0	0	0	0	0	0	0	0	0	0	0	0	0	0	0	0	0	0	0	0	0	0	0	0	0	0	0	0	0	0	0	
1	1	1	448	13.44		300	0	0	0.0224	-0.0224	-0.000396378	0	0	0	80.9142	-90.311	0.000151303	0	0	0	2.72594	-6.64427	0	9.37021		300	0.475225	0.0136642	-0.0131736	-0.000643972	0	0	0	0.475225	0	-0.426642	-237.002	0	213.464	213.464	-2.13163e-14	12.4428	0	0	0	0	0	0	0	0	0	0	0	0	0	0	0	0	0	0	0	0	0	0	0	0	0	0	0	0	0	0	0	0	0	
1	1	1	449	13.47		300	0	0	0.02245	-0.02245	-0.000397574	0	0	0	80.9651	-90.3791	0.000151644	0	0	0	2.73451	-6.64535	0	9.37985		300	0.475999	0.0137084	-0.0132169	-0.000645621	0	0	0	0.475999	0	-0.426642	-237.002	0	213.464	213.464	-2.13163e-14	12.4428	0	0	0	0	0	0	0	0	0	0	0	0	0	0	0	0	0	0	0	0	0	0	0	0	0	0	0	0	0	0	0	0	0	
1	1	1	450	13.5		300	0	0	0.0225	-0.0225	-0.000398769	0	0	0	81.0159	-90.4471	0.000151985	0	0	0	2.74308	-6.64641	0	9.38949		300	0.476772	0.0137526	-0.0132602	-0.000647269	0	0	0	0.476772	0	-0.426642	-237.002	0	213.464	213.464	-2.13163e-14	12.4428	0	0	0	0	0	0	0	0	0	0	0	0	0	0	0	0	0	0	0	0	0	0	0	0	0	0	0	0	0	0	0	0	0	
1	1	1	451	13.53		300	0	0	0.02255	-0.02255	-0.000399963	0	0	0	81.0667	-90.5151	0.000152325	0	0	0	2.75165	-6.64746	0	9.39912		300	0.477545	0.0137968	-0.0133035	-0.000648916	0	0	0	0.477545	0	-0.426642	-237.002	0	213.464	213.464	-2.13163e-14	12.4428	0	0	0	0	0	0	0	0	0	0	0	0	0	0	0	0	0	0	0	0	0	0	0	0	0	0	0	0	0	0	0	0	0	
1	1	1	452	13.56		300	0	0	0.0226	-0.0226	-0.000401158	0	0	0	81.1175	-90.5829	0.000152665	0	0	0	2.76024	-6.6485	0	9.40874		300	0.478317	0.013841	-0.0133469	-0.000650562	0	0	0	0.478317	0	-0.426642	-237.002	0	213.464	213.464	-2.13163e-14	12.4428	0	0	0	0	0	0	0	0	0	0	0	0	0	0	0	0	0	0	0	0	0	0	0	0	0	0	0	0	0	0	0	0	0	
1	1	1	453	13.59		300	0	0	0.02265	-0.02265	-0.000402353	0	0	0	81.1681	-90.6507	0.000153005	0	0	0	2.76882	-6.64953	0	9.41835		300	0.479088	0.0138853	-0.0133902	-0.000652206	0	0	0	0.479088	0	-0.426642	-237.002	0	213.464	213.464	-2.13163e-14	12.4428	0	0	0	0	0	0	0	0	0	0	0	0	0	0	0	0	0	0	0	0	0	0	0	0	0	0	0	0	0	0	0	0	0	
1	1	1	454	13.62		300	0	0	0.0227	-0.0227	-0.000403547	0	0	0	81.2188	-90.7183	0.000153345	0	0	0	2.77742	-6.65054	0	9.42795		300	0.479859	0.0139295	-0.0134335	-0.000653849	0	0	0	0.479859	0	-0.426642	-237.002	0	213.464	213.464	-2.13163e-14	12.4428	0	0	0	0	0	0	0	0	0	0	0	0	0	0	0	0	0	0	0	0	0	0	0	0	0	0	0	0	0	0	0	0	0	
1	1	1	455	13.65		300	0	0	0.02275	-0.02275	-0.000404742	0	0	0	81.2694	-90.7859	0.000153684	0	0	0	2.78602	-6.65154	0	9.43755		300	0.48063	0.0139738	-0.0134769	-0.000655491	0	0	0	0.48063	0	-0.426642	-237.002	0	213.464	213.464	-2.13163e-14	12.4428	0	0	0	0	0	0	0	0	0	0	0	0	0	0	0	0	0	0	0	0	0	0	0	0	0	0	0	0	0	0	0	0	0	
1	1	1	456	13.68		300	0	0	0.0228	-0.0228	-0.000405936	0	0	0	81.3199	-90.8534	0.000154023	0	0	0	2.79462	-6.65252	0	9.44714		300	0.481399	0.014018	-0.0135203	-0.000657132	0	0	0	0.481399	0	-0.426642	-237.002	0	213.464	213.464	-2.13163e-14	12.4428	0	0	0	0	0	0	0	0	0	0	0	0	0	0	0	0	0	0	0	0	0	0	0	0	0	0	0	0	0	0	0	0	0	
1	1	1	457	13.71		300	0	0	0.02285	-0.02285	-0.00040713	0	0	0	81.3704	-90.9208	0.000154362	0	0	0	2.80323	-6.65349	0	9.45673		300	0.482168	0.0140623	-0.0135637	-0.000658772	0	0	0	0.482168	0	-0.426642	-237.002	0	213.464	213.464	-2.13163e-14	12.4428	0	0	0	0	0	0	0	0	0	0	0	0	0	0	0	0	0	0	0	0	0	0	0	0	0	0	0	0	0	0	0	0	0	
1	1	1	458	13.74		300	0	0	0.0229	-0.0229	-0.000408324	0	0	0	81.4208	-90.9881	0.0001547	0	0	0	2.81185	-6.65445	0	9.4663		300	0.482937	0.0141065	-0.013607	-0.00066041	0	0	0	0.482937	0	-0.426642	-237.002	0	213.464	213.464	-2.13163e-14	12.4428	0	0	0	0	0	0	0	0	0	0	0	0	0	0	0	0	0	0	0	0	0	0	0	0	0	0	0	0	0	0	0	0	0	
1	1	1	459	13.77		300	0	0	0.02295	-0.02295	-0.000409518	0	0	0	81.4712	-91.0553	0.000155038	0	0	0	2.82048	-6.6554	0	9.47587		300	0.483705	0.0141508	-0.0136504	-0.000662047	0	0	0	0.483705	0	-0.426642	-237.002	0	213.464	213.464	-2.13163e-14	12.4428	0	0	0	0	0	0	0	0	0	0	0	0	0	0	0	0	0	0	0	0	0	0	0	0	0	0	0	0	0	0	0	0	0	
1	1	1	460	13.8		300	0	0	0.023	-0.023	-0.000410711	0	0	0	81.5215	-91.1224	0.000155375	0	0	0	2.8291	-6.65633	0	9.48543		300	0.484472	0.0141951	-0.0136938	-0.000663683	0	0	0	0.484472	0	-0.426642	-237.002	0	213.464	213.464	-2.13163e-14	12.4428	0	0	0	0	0	0	0	0	0	0	0	0	0	0	0	0	0	0	0	0	0	0	0	0	0	0	0	0	0	0	0	0	0	
1	1	1	461	13.83		300	0	0	0.02305	-0.02305	-0.000411905	0	0	0	81.5718	-91.1894	0.000155712	0	0	0	2.83774	-6.65725	0	9.49499		300	0.485239	0.0142394	-0.0137372	-0.000665317	0	0	0	0.485239	0	-0.426642	-237.002	0	213.464	213.464	-2.13163e-14	12.4428	0	0	0	0	0	0	0	0	0	0	0	0	0	0	0	0	0	0	0	0	0	0	0	0	0	0	0	0	0	0	0	0	0	
1	1	1	462	13.86		300	0	0	0.0231	-0.0231	-0.000413098	0	0	0	81.6221	-91.2564	0.000156049	0	0	0	2.84638	-6.65816	0	9.50454		300	0.486005	0.0142837	-0.0137807	-0.000666951	0	0	0	0.486005	0	-0.426642	-237.002	0	213.464	213.464	-2.13163e-14	12.4428	0	0	0	0	0	0	0	0	0	0	0	0	0	0	0	0	0	0	0	0	0	0	0	0	0	0	0	0	0	0	0	0	0	
1	1	1	463	13.89		300	0	0	0.02315	-0.02315	-0.000414292	0	0	0	81.6723	-91.3232	0.000156386	0	0	0	2.85503	-6.65905	0	9.51408		300	0.486771	0.014328	-0.0138241	-0.000668583	0	0	0	0.486771	0	-0.426642	-237.002	0	213.464	213.464	-2.13163e-14	12.4428	0	0	0	0	0	0	0	0	0	0	0	0	0	0	0	0	0	0	0	0	0	0	0	0	0	0	0	0	0	0	0	0	0	
1	1	1	464	13.92		300	0	0	0.0232	-0.0232	-0.000415485	0	0	0	81.7224	-91.39	0.000156722	0	0	0	2.86368	-6.65993	0	9.52361		300	0.487536	0.0143723	-0.0138675	-0.000670214	0	0	0	0.487536	0	-0.426642	-237.002	0	213.464	213.464	-2.13163e-14	12.4428	0	0	0	0	0	0	0	0	0	0	0	0	0	0	0	0	0	0	0	0	0	0	0	0	0	0	0	0	0	0	0	0	0	
1	1	1	465	13.95		300	0	0	0.02325	-0.02325	-0.000416678	0	0	0	81.7725	-91.4567	0.000157058	0	0	0	2.87234	-6.66079	0	9.53313		300	0.4883	0.0144166	-0.013911	-0.000671844	0	0	0	0.4883	0	-0.426642	-237.002	0	213.464	213.464	-2.13163e-14	12.4428	0	0	0	0	0	0	0	0	0	0	0	0	0	0	0	0	0	0	0	0	0	0	0	0	0	0	0	0	0	0	0	0	0	
1	1	1	466	13.98		300	0	0	0.0233	-0.0233	-0.000417871	0	0	0	81.8226	-91.5233	0.000157393	0	0	0	2.881	-6.66165	0	9.54265		300	0.489064	0.0144609	-0.0139544	-0.000673473	0	0	0	0.489064	0	-0.426642	-237.002	0	213.464	213.464	-2.13163e-14	12.4428	0	0	0	0	0	0	0	0	0	0	0	0	0	0	0	0	0	0	0	0	0	0	0	0	0	0	0	0	0	0	0	0	0	
1	1	1	467	14.01		300	0	0	0.02335	-0.02335	-0.000419064	0	0	0	81.8726	-91.5898	0.000157728	0	0	0	2.88967	-6.66249	0	9.55216		300	0.489827	0.0145052	-0.0139979	-0.0006751	0	0	0	0.489827	0	-0.426642	-237.002	0	213.464	213.464	-2.13163e-14	12.4428	0	0	0	0	0	0	0	0	0	0	0	0	0	0	0	0	0	0	0	0	0	0	0	0	0	0	0	0	0	0	0	0	0	
1	1	1	468	14.04		300	0	0	0.0234	-0.0234	-0.000420257	0	0	0	81.9225	-91.6562	0.000158063	0	0	0	2.89835	-6.66332	0	9.56167		300	0.49059	0.0145495	-0.0140413	-0.000676727	0	0	0	0.49059	0	-0.426642	-237.002	0	213.464	213.464	-2.13163e-14	12.4428	0	0	0	0	0	0	0	0	0	0	0	0	0	0	0	0	0	0	0	0	0	0	0	0	0	0	0	0	0	0	0	0	0	
1	1	1	469	14.07		300	0	0	0.02345	-0.02345	-0.000421449	0	0	0	81.9725	-91.7225	0.000158398	0	0	0	2.90703	-6.66413	0	9.57116		300	0.491352	0.0145939	-0.0140848	-0.000678352	0	0	0	0.491352	0	-0.426642	-237.002	0	213.464	213.464	-2.13163e-14	12.4428	0	0	0	0	0	0	0	0	0	0	0	0	0	0	0	0	0	0	0	0	0	0	0	0	0	0	0	0	0	0	0	0	0	
1	1	1	470	14.1		300	0	0	0.0235	-0.0235	-0.000422642	0	0	0	82.0223	-91.7888	0.000158732	0	0	0	2.91572	-6.66493	0	9.58065		300	0.492114	0.0146382	-0.0141283	-0.000679976	0	0	0	0.492114	0	-0.426642	-237.002	0	213.464	213.464	-2.13163e-14	12.4428	0	0	0	0	0	0	0	0	0	0	0	0	0	0	0	0	0	0	0	0	0	0	0	0	0	0	0	0	0	0	0	0	0	
1	1	1	471	14.13		300	0	0	0.02355	-0.02355	-0.000423834	0	0	0	82.0722	-91.855	0.000159066	0	0	0	2.92441	-6.66572	0	9.59014		300	0.492875	0.0146825	-0.0141718	-0.000681599	0	0	0	0.492875	0	-0.426642	-237.002	0	213.464	213.464	-2.13163e-14	12.4428	0	0	0	0	0	0	0	0	0	0	0	0	0	0	0	0	0	0	0	0	0	0	0	0	0	0	0	0	0	0	0	0	0	
1	1	1	472	14.16		300	0	0	0.0236	-0.0236	-0.000425026	0	0	0	82.1219	-91.921	0.0001594	0	0	0	2.93311	-6.6665	0	9.59961		300	0.493635	0.0147269	-0.0142153	-0.000683221	0	0	0	0.493635	0	-0.426642	-237.002	0	213.464	213.464	-2.13163e-14	12.4428	0	0	0	0	0	0	0	0	0	0	0	0	0	0	0	0	0	0	0	0	0	0	0	0	0	0	0	0	0	0	0	0	0	
1	1	1	473	14.19		300	0	0	0.02365	-0.02365	-0.000426218	0	0	0	82.1717	-91.9871	0.000159733	0	0	0	2.94182	-6.66726	0	9.60908		300	0.494395	0.0147712	-0.0142588	-0.000684841	0	0	0	0.494395	0	-0.426642	-237.002	0	213.464	213.464	-2.13163e-14	12.4428	0	0	0	0	0	0	0	0	0	0	0	0	0	0	0	0	0	0	0	0	0	0	0	0	0	0	0	0	0	0	0	0	0	
1	1	1	474	14.22		300	0	0	0.0237	-0.0237	-0.00042741	0	0	0	82.2214	-92.053	0.000160066	0	0	0	2.95053	-6.66801	0	9.61854		300	0.495154	0.0148156	-0.0143023	-0.000686461	0	0	0	0.495154	0	-0.426642	-237.002	0	213.464	213.464	-2.13163e-14	12.4428	0	0	0	0	0	0	0	0	0	0	0	0	0	0	0	0	0	0	0	0	0	0	0	0	0	0	0	0	0	0	0	0	0	
1	1	1	475	14.25		300	0	0	0.02375	-0.02375	-0.000428602	0	0	0	82.2711	-92.1188	0.000160398	0	0	0	2.95924	-6.66875	0	9.628		300	0.495913	0.01486	-0.0143458	-0.000688079	0	0	0	0.495913	0	-0.426642	-237.002	0	213.464	213.464	-2.13163e-14	12.4428	0	0	0	0	0	0	0	0	0	0	0	0	0	0	0	0	0	0	0	0	0	0	0	0	0	0	0	0	0	0	0	0	0	
1	1	1	476	14.28		300	0	0	0.0238	-0.0238	-0.000429794	0	0	0	82.3207	-92.1846	0.00016073	0	0	0	2.96797	-6.66948	0	9.63744		300	0.496671	0.0149043	-0.0143893	-0.000689696	0	0	0	0.496671	0	-0.426642	-237.002	0	213.464	213.464	-2.13163e-14	12.4428	0	0	0	0	0	0	0	0	0	0	0	0	0	0	0	0	0	0	0	0	0	0	0	0	0	0	0	0	0	0	0	0	0	
1	1	1	477	14.31		300	0	0	0.02385	-0.02385	-0.000430985	0	0	0	82.3702	-92.2503	0.000161062	0	0	0	2.97669	-6.67019	0	9.64688		300	0.497429	0.0149487	-0.0144329	-0.000691312	0	0	0	0.497429	0	-0.426642	-237.002	0	213.464	213.464	-2.13163e-14	12.4428	0	0	0	0	0	0	0	0	0	0	0	0	0	0	0	0	0	0	0	0	0	0	0	0	0	0	0	0	0	0	0	0	0	
1	1	1	478	14.34		300	0	0	0.0239	-0.0239	-0.000432177	0	0	0	82.4198	-92.3159	0.000161394	0	0	0	2.98543	-6.67089	0	9.65632		300	0.498186	0.0149931	-0.0144764	-0.000692927	0	0	0	0.498186	0	-0.426642	-237.002	0	213.464	213.464	-2.13163e-14	12.4428	0	0	0	0	0	0	0	0	0	0	0	0	0	0	0	0	0	0	0	0	0	0	0	0	0	0	0	0	0	0	0	0	0	
1	1	1	479	14.37		300	0	0	0.02395	-0.02395	-0.000433368	0	0	0	82.4693	-92.3814	0.000161725	0	0	0	2.99417	-6.67158	0	9.66574		300	0.498942	0.0150375	-0.01452	-0.000694541	0	0	0	0.498942	0	-0.426642	-237.002	0	213.464	213.464	-2.13163e-14	12.4428	0	0	0	0	0	0	0	0	0	0	0	0	0	0	0	0	0	0	0	0	0	0	0	0	0	0	0	0	0	0	0	0	0	
1	1	1	480	14.4		300	0	0	0.024	-0.024	-0.000434559	0	0	0	82.5187	-92.4469	0.000162056	0	0	0	3.00291	-6.67225	0	9.67516		300	0.499698	0.0150819	-0.0145635	-0.000696153	0	0	0	0.499698	0	-0.426642	-237.002	0	213.464	213.464	-2.13163e-14	12.4428	0	0	0	0	0	0	0	0	0	0	0	0	0	0	0	0	0	0	0	0	0	0	0	0	0	0	0	0	0	0	0	0	0	
1	1	1	481	14.43		300	0	0	0.02405	-0.02405	-0.00043575	0	0	0	82.5681	-92.5122	0.000162387	0	0	0	3.01166	-6.67291	0	9.68458		300	0.500454	0.0151263	-0.0146071	-0.000697765	0	0	0	0.500454	0	-0.426642	-237.002	0	213.464	213.464	-2.13163e-14	12.4428	0	0	0	0	0	0	0	0	0	0	0	0	0	0	0	0	0	0	0	0	0	0	0	0	0	0	0	0	0	0	0	0	0	
1	1	1	482	14.46		300	0	0	0.0241	-0.0241	-0.000436941	0	0	0	82.6175	-92.5775	0.000162717	0	0	0	3.02042	-6.67356	0	9.69398		300	0.501208	0.0151707	-0.0146506	-0.000699375	0	0	0	0.501208	0	-0.426642	-237.002	0	213.464	213.464	-2.13163e-14	12.4428	0	0	0	0	0	0	0	0	0	0	0	0	0	0	0	0	0	0	0	0	0	0	0	0	0	0	0	0	0	0	0	0	0	
1	1	1	483	14.49		300	0	0	0.02415	-0.02415	-0.000438132	0	0	0	82.6669	-92.6427	0.000163047	0	0	0	3.02918	-6.6742	0	9.70338		300	0.501963	0.0152151	-0.0146942	-0.000700984	0	0	0	0.501963	0	-0.426642	-237.002	0	213.464	213.464	-2.13163e-14	12.4428	0	0	0	0	0	0	0	0	0	0	0	0	0	0	0	0	0	0	0	0	0	0	0	0	0	0	0	0	0	0	0	0	0	
1	1	1	484	14.52		300	0	0	0.0242	-0.0242	-0.000439323	0	0	0	82.7161	-92.7079	0.000163376	0	0	0	3.03795	-6.67482	0	9.71277		300	0.502716	0.0152595	-0.0147378	-0.000702593	0	0	0	0.502716	0	-0.426642	-237.002	0	213.464	213.464	-2.13163e-14	12.4428	0	0	0	0	0	0	0	0	0	0	0	0	0	0	0	0	0	0	0	0	0	0	0	0	0	0	0	0	0	0	0	0	0	
1	1	1	485	14.55		300	0	0	0.02425	-0.02425	-0.000440513	0	0	0	82.7654	-92.7729	0.000163706	0	0	0	3.04673	-6.67543	0	9.72216		300	0.50347	0.0153039	-0.0147814	-0.0007042	0	0	0	0.50347	0	-0.426642	-237.002	0	213.464	213.464	-2.13163e-14	12.4428	0	0	0	0	0	0	0	0	0	0	0	0	0	0	0	0	0	0	0	0	0	0	0	0	0	0	0	0	0	0	0	0	0	
1	1	1	486	14.58		300	0	0	0.0243	-0.0243	-0.000441704	0	0	0	82.8146	-92.8379	0.000164035	0	0	0	3.05551	-6.67603	0	9.73154		300	0.504222	0.0153483	-0.014825	-0.000705806	0	0	0	0.504222	0	-0.426642	-237.002	0	213.464	213.464	-2.13163e-14	12.4428	0	0	0	0	0	0	0	0	0	0	0	0	0	0	0	0	0	0	0	0	0	0	0	0	0	0	0	0	0	0	0	0	0	
1	1	1	487	14.61		300	0	0	0.02435	-0.02435	-0.000442894	0	0	0	82.8638	-92.9028	0.000164363	0	0	0	3.06429	-6.67662	0	9.74091		300	0.504974	0.0153927	-0.0148686	-0.000707411	0	0	0	0.504974	0	-0.426642	-237.002	0	213.464	213.464	-2.13163e-14	12.4428	0	0	0	0	0	0	0	0	0	0	0	0	0	0	0	0	0	0	0	0	0	0	0	0	0	0	0	0	0	0	0	0	0	
1	1	1	488	14.64		300	0	0	0.0244	-0.0244	-0.000444084	0	0	0	82.9129	-92.9677	0.000164691	0	0	0	3.07308	-6.67719	0	9.75027		300	0.505726	0.0154372	-0.0149122	-0.000709014	0	0	0	0.505726	0	-0.426642	-237.002	0	213.464	213.464	-2.13163e-14	12.4428	0	0	0	0	0	0	0	0	0	0	0	0	0	0	0	0	0	0	0	0	0	0	0	0	0	0	0	0	0	0	0	0	0	
1	1	1	489	14.67		300	0	0	0.02445	-0.02445	-0.000445274	0	0	0	82.962	-93.0324	0.000165019	0	0	0	3.08188	-6.67775	0	9.75963		300	0.506477	0.0154816	-0.0149558	-0.000710617	0	0	0	0.506477	0	-0.426642	-237.002	0	213.464	213.464	-2.13163e-14	12.4428	0	0	0	0	0	0	0	0	0	0	0	0	0	0	0	0	0	0	0	0	0	0	0	0	0	0	0	0	0	0	0	0	0	
1	1	1	490	14.7		300	0	0	0.0245	-0.0245	-0.000446464	0	0	0	83.0111	-93.0971	0.000165347	0	0	0	3.09068	-6.6783	0	9.76898		300	0.507227	0.015526	-0.0149995	-0.000712219	0	0	0	0.507227	0	-0.426642	-237.002	0	213.464	213.464	-2.13163e-14	12.4428	0	0	0	0	0	0	0	0	0	0	0	0	0	0	0	0	0	0	0	0	0	0	0	0	0	0	0	0	0	0	0	0	0	
1	1	1	491	14.73		300	0	0	0.02455	-0.02455	-0.000447654	0	0	0	83.0601	-93.1617	0.000165674	0	0	0	3.09949	-6.67884	0	9.77833		300	0.507977	0.0155705	-0.0150431	-0.000713819	0	0	0	0.507977	0	-0.426642	-237.002	0	213.464	213.464	-2.13163e-14	12.4428	0	0	0	0	0	0	0	0	0	0	0	0	0	0	0	0	0	0	0	0	0	0	0	0	0	0	0	0	0	0	0	0	0	
1	1	1	492	14.76		300	0	0	0.0246	-0.0246	-0.000448844	0	0	0	83.1091	-93.2263	0.000166001	0	0	0	3.1083	-6.67936	0	9.78767		300	0.508727	0.0156149	-0.0150867	-0.000715419	0	0	0	0.508727	0	-0.426642	-237.002	0	213.464	213.464	-2.13163e-14	12.4428	0	0	0	0	0	0	0	0	0	0	0	0	0	0	0	0	0	0	0	0	0	0	0	0	0	0	0	0	0	0	0	0	0	
1	1	1	493	14.79		300	0	0	0.02465	-0.02465	-0.000450033	0	0	0	83.1581	-93.2908	0.000166328	0	0	0	3.11712	-6.67987	0	9.797		300	0.509476	0.0156594	-0.0151304	-0.000717017	0	0	0	0.509476	0	-0.426642	-237.002	0	213.464	213.464	-2.13163e-14	12.4428	0	0	0	0	0	0	0	0	0	0	0	0	0	0	0	0	0	0	0	0	0	0	0	0	0	0	0	0	0	0	0	0	0	
1	1	1	494	14.82		300	0	0	0.0247	-0.0247	-0.000451223	0	0	0	83.207	-93.3552	0.000166654	0	0	0	3.12595	-6.68037	0	9.80632		300	0.510224	0.0157039	-0.015174	-0.000718614	0	0	0	0.510224	0	-0.426642	-237.002	0	213.464	213.464	-2.13163e-14	12.4428	0	0	0	0	0	0	0	0	0	0	0	0	0	0	0	0	0	0	0	0	0	0	0	0	0	0	0	0	0	0	0	0	0	
1	1	1	495	14.85		300	0	0	0.02475	-0.02475	-0.000452412	0	0	0	83.2559	-93.4195	0.00016698	0	0	0	3.13478	-6.68086	0	9.81564		300	0.510972	0.0157483	-0.0152177	-0.000720211	0	0	0	0.510972	0	-0.426642	-237.002	0	213.464	213.464	-2.13163e-14	12.4428	0	0	0	0	0	0	0	0	0	0	0	0	0	0	0	0	0	0	0	0	0	0	0	0	0	0	0	0	0	0	0	0	0	
1	1	1	496	14.88		300	0	0	0.0248	-0.0248	-0.000453601	0	0	0	83.3047	-93.4837	0.000167306	0	0	0	3.14362	-6.68134	0	9.82495		300	0.511719	0.0157928	-0.0152613	-0.000721806	0	0	0	0.511719	0	-0.426642	-237.002	0	213.464	213.464	-2.13163e-14	12.4428	0	0	0	0	0	0	0	0	0	0	0	0	0	0	0	0	0	0	0	0	0	0	0	0	0	0	0	0	0	0	0	0	0	
1	1	1	497	14.91		300	0	0	0.02485	-0.02485	-0.00045479	0	0	0	83.3536	-93.5479	0.000167632	0	0	0	3.15246	-6.6818	0	9.83426		300	0.512466	0.0158373	-0.015305	-0.0007234	0	0	0	0.512466	0	-0.426642	-237.002	0	213.464	213.464	-2.13163e-14	12.4428	0	0	0	0	0	0	0	0	0	0	0	0	0	0	0	0	0	0	0	0	0	0	0	0	0	0	0	0	0	0	0	0	0	
1	1	1	498	14.94		300	0	0	0.0249	-0.0249	-0.000455979	0	0	0	83.4023	-93.6121	0.000167957	0	0	0	3.16131	-6.68225	0	9.84356		300	0.513212	0.0158817	-0.0153487	-0.000724993	0	0	0	0.513212	0	-0.426642	-237.002	0	213.464	213.464	-2.13163e-14	12.4428	0	0	0	0	0	0	0	0	0	0	0	0	0	0	0	0	0	0	0	0	0	0	0	0	0	0	0	0	0	0	0	0	0	
1	1	1	499	14.97		300	0	0	0.02495	-0.02495	-0.000457168	0	0	0	83.4511	-93.6761	0.000168281	0	0	0	3.17016	-6.68269	0	9.85285		300	0.513957	0.0159262	-0.0153924	-0.000726585	0	0	0	0.513957	0	-0.426642	-237.002	0	213.464	213.464	-2.13163e-14	12.4428	0	0	0	0	0	0	0	0	0	0	0	0	0	0	0	0	0	0	0	0	0	0	0	0	0	0	0	0	0	0	0	0	0	
1	1	1	500	15		300	0	0	0.025	-0.025	-0.000458357	0	0	0	83.4998	-93.7401	0.000168606	0	0	0	3.17902	-6.68311	0	9.86213		300	0.514703	0.0159707	-0.0154361	-0.000728176	0	0	0	0.514703	0	-0.426642	-237.002	0	213.464	213.464	-2.13163e-14	12.4428	0	0	0	0	0	0	0	0	0	0	0	0	0	0	0	0	0	0	0	0	0	0	0	0	0	0	0	0	0	0	0	0	0	
1	1	1	501	15.03		300	0	0	0.02505	-0.02505	-0.000459545	0	0	0	83.5485	-93.804	0.00016893	0	0	0	3.18788	-6.68353	0	9.87141		300	0.515447	0.0160152	-0.0154798	-0.000729766	0	0	0	0.515447	0	-0.426642	-237.002	0	213.464	213.464	-2.13163e-14	12.4428	0	0	0	0	0	0	0	0	0	0	0	0	0	0	0	0	0	0	0	0	0	0	0	0	0	0	0	0	0	0	0	0	0	
1	1	1	502	15.06		300	0	0	0.0251	-0.0251	-0.000460734	0	0	0	83.5971	-93.8678	0.000169254	0	0	0	3.19676	-6.68393	0	9.88068		300	0.516191	0.0160597	-0.0155235	-0.000731355	0	0	0	0.516191	0	-0.426642	-237.002	0	213.464	213.464	-2.13163e-14	12.4428	0	0	0	0	0	0	0	0	0	0	0	0	0	0	0	0	0	0	0	0	0	0	0	0	0	0	0	0	0	0	0	0	0	
1	1	1	503	15.09		300	0	0	0.02515	-0.02515	-0.000461922	0	0	0	83.6457	-93.9316	0.000169577	0	0	0	3.20563	-6.68432	0	9.88995		300	0.516935	0.0161042	-0.0155672	-0.000732943	0	0	0	0.516935	0	-0.426642	-237.002	0	213.464	213.464	-2.13163e-14	12.4428	0	0	0	0	0	0	0	0	0	0	0	0	0	0	0	0	0	0	0	0	0	0	0	0	0	0	0	0	0	0	0	0	0	
1	1	1	504	15.12		300	0	0	0.0252	-0.0252	-0.00046311	0	0	0	83.6943	-93.9953	0.0001699	0	0	0	3.21451	-6.68469	0	9.89921		300	0.517678	0.0161487	-0.0156109	-0.00073453	0	0	0	0.517678	0	-0.426642	-237.002	0	213.464	213.464	-2.13163e-14	12.4428	0	0	0	0	0	0	0	0	0	0	0	0	0	0	0	0	0	0	0	0	0	0	0	0	0	0	0	0	0	0	0	0	0	
1	1	1	505	15.15		300	0	0	0.02525	-0.02525	-0.000464298	0	0	0	83.7429	-94.059	0.000170223	0	0	0	3.2234	-6.68506	0	9.90846		300	0.51842	0.0161932	-0.0156546	-0.000736116	0	0	0	0.51842	0	-0.426642	-237.002	0	213.464	213.464	-2.13163e-14	12.4428	0	0	0	0	0	0	0	0	0	0	0	0	0	0	0	0	0	0	0	0	0	0	0	0	0	0	0	0	0	0	0	0	0	
1	1	1	506	15.18		300	0	0	0.0253	-0.0253	-0.000465486	0	0	0	83.7914	-94.1226	0.000170545	0	0	0	3.23229	-6.68541	0	9.9177		300	0.519162	0.0162377	-0.0156983	-0.0007377	0	0	0	0.519162	0	-0.426642	-237.002	0	213.464	213.464	-2.13163e-14	12.4428	0	0	0	0	0	0	0	0	0	0	0	0	0	0	0	0	0	0	0	0	0	0	0	0	0	0	0	0	0	0	0	0	0	
1	1	1	507	15.21		300	0	0	0.02535	-0.02535	-0.000466674	0	0	0	83.8399	-94.1861	0.000170868	0	0	0	3.24119	-6.68575	0	9.92694		300	0.519904	0.0162823	-0.0157421	-0.000739284	0	0	0	0.519904	0	-0.426642	-237.002	0	213.464	213.464	-2.13163e-14	12.4428	0	0	0	0	0	0	0	0	0	0	0	0	0	0	0	0	0	0	0	0	0	0	0	0	0	0	0	0	0	0	0	0	0	
1	1	1	508	15.24		300	0	0	0.0254	-0.0254	-0.000467862	0	0	0	83.8883	-94.2495	0.000171189	0	0	0	3.2501	-6.68608	0	9.93618		300	0.520645	0.0163268	-0.0157858	-0.000740867	0	0	0	0.520645	0	-0.426642	-237.002	0	213.464	213.464	-2.13163e-14	12.4428	0	0	0	0	0	0	0	0	0	0	0	0	0	0	0	0	0	0	0	0	0	0	0	0	0	0	0	0	0	0	0	0	0	
1	1	1	509	15.27		300	0	0	0.02545	-0.02545	-0.000469049	0	0	0	83.9367	-94.3129	0.000171511	0	0	0	3.25901	-6.6864	0	9.9454		300	0.521385	0.0163713	-0.0158296	-0.000742449	0	0	0	0.521385	0	-0.426642	-237.002	0	213.464	213.464	-2.13163e-14	12.4428	0	0	0	0	0	0	0	0	0	0	0	0	0	0	0	0	0	0	0	0	0	0	0	0	0	0	0	0	0	0	0	0	0	
1	1	1	510	15.3		300	0	0	0.0255	-0.0255	-0.000470237	0	0	0	83.9851	-94.3762	0.000171832	0	0	0	3.26792	-6.6867	0	9.95462		300	0.522125	0.0164158	-0.0158733	-0.00074403	0	0	0	0.522125	0	-0.426642	-237.002	0	213.464	213.464	-2.13163e-14	12.4428	0	0	0	0	0	0	0	0	0	0	0	0	0	0	0	0	0	0	0	0	0	0	0	0	0	0	0	0	0	0	0	0	0	
1	1	1	511	15.33		300	0	0	0.02555	-0.02555	-0.000471424	0	0	0	84.0335	-94.4395	0.000172153	0	0	0	3.27684	-6.68699	0	9.96383		300	0.522864	0.0164604	-0.0159171	-0.000745609	0	0	0	0.522864	0	-0.426642	-237.002	0	213.464	213.464	-2.13163e-14	12.4428	0	0	0	0	0	0	0	0	0	0	0	0	0	0	0	0	0	0	0	0	0	0	0	0	0	0	0	0	0	0	0	0	0	
1	1	1	512	15.36		300	0	0	0.0256	-0.0256	-0.000472611	0	0	0	84.0818	-94.5027	0.000172474	0	0	0	3.28577	-6.68727	0	9.97304		300	0.523603	0.0165049	-0.0159608	-0.000747188	0	0	0	0.523603	0	-0.426642	-237.002	0	213.464	213.464	-2.13163e-14	12.4428	0	0	0	0	0	0	0	0	0	0	0	0	0	0	0	0	0	0	0	0	0	0	0	0	0	0	0	0	0	0	0	0	0	
1	1	1	513	15.39		300	0	0	0.02565	-0.02565	-0.000473798	0	0	0	84.1301	-94.5658	0.000172794	0	0	0	3.2947	-6.68754	0	9.98224		300	0.524341	0.0165494	-0.0160046	-0.000748766	0	0	0	0.524341	0	-0.426642	-237.002	0	213.464	213.464	-2.13163e-14	12.4428	0	0	0	0	0	0	0	0	0	0	0	0	0	0	0	0	0	0	0	0	0	0	0	0	0	0	0	0	0	0	0	0	0	
1	1	1	514	15.42		300	0	0	0.0257	-0.0257	-0.000474985	0	0	0	84.1784	-94.6289	0.000173114	0	0	0	3.30364	-6.6878	0	9.99144		300	0.525079	0.016594	-0.0160484	-0.000750343	0	0	0	0.525079	0	-0.426642	-237.002	0	213.464	213.464	-2.13163e-14	12.4428	0	0	0	0	0	0	0	0	0	0	0	0	0	0	0	0	0	0	0	0	0	0	0	0	0	0	0	0	0	0	0	0	0	
1	1	1	515	15.45		300	0	0	0.02575	-0.02575	-0.000476172	0	0	0	84.2266	-94.6919	0.000173433	0	0	0	3.31258	-6.68804	0	10.0006		300	0.525817	0.0166385	-0.0160921	-0.000751919	0	0	0	0.525817	0	-0.426642	-237.002	0	213.464	213.464	-2.13163e-14	12.4428	0	0	0	0	0	0	0	0	0	0	0	0	0	0	0	0	0	0	0	0	0	0	0	0	0	0	0	0	0	0	0	0	0	
1	1	1	516	15.48		300	0	0	0.0258	-0.0258	-0.000477359	0	0	0	84.2748	-94.7548	0.000173753	0	0	0	3.32153	-6.68828	0	10.0098		300	0.526553	0.0166831	-0.0161359	-0.000753493	0	0	0	0.526553	0	-0.426642	-237.002	0	213.464	213.464	-2.13163e-14	12.4428	0	0	0	0	0	0	0	0	0	0	0	0	0	0	0	0	0	0	0	0	0	0	0	0	0	0	0	0	0	0	0	0	0	
1	1	1	517	15.51		300	0	0	0.02585	-0.02585	-0.000478545	0	0	0	84.323	-94.8177	0.000174072	0	0	0	3.33048	-6.6885	0	10.019		300	0.52729	0.0167277	-0.0161797	-0.000755067	0	0	0	0.52729	0	-0.426642	-237.002	0	213.464	213.464	-2.13163e-14	12.4428	0	0	0	0	0	0	0	0	0	0	0	0	0	0	0	0	0	0	0	0	0	0	0	0	0	0	0	0	0	0	0	0	0	
1	1	1	518	15.54		300	0	0	0.0259	-0.0259	-0.000479732	0	0	0	84.3712	-94.8805	0.00017439	0	0	0	3.33944	-6.68871	0	10.0281		300	0.528025	0.0167722	-0.0162235	-0.00075664	0	0	0	0.528025	0	-0.426642	-237.002	0	213.464	213.464	-2.13163e-14	12.4428	0	0	0	0	0	0	0	0	0	0	0	0	0	0	0	0	0	0	0	0	0	0	0	0	0	0	0	0	0	0	0	0	0	
1	1	1	519	15.57		300	0	0	0.02595	-0.02595	-0.000480918	0	0	0	84.4193	-94.9433	0.000174709	0	0	0	3.34841	-6.6889	0	10.0373		300	0.528761	0.0168168	-0.0162673	-0.000758212	0	0	0	0.528761	0	-0.426642	-237.002	0	213.464	213.464	-2.13163e-14	12.4428	0	0	0	0	0	0	0	0	0	0	0	0	0	0	0	0	0	0	0	0	0	0	0	0	0	0	0	0	0	0	0	0	0	
1	1	1	520	15.6		300	0	0	0.026	-0.026	-0.000482104	0	0	0	84.4674	-95.006	0.000175027	0	0	0	3.35738	-6.68909	0	10.0465		300	0.529496	0.0168614	-0.0163111	-0.000759783	0	0	0	0.529496	0	-0.426642	-237.002	0	213.464	213.464	-2.13163e-14	12.4428	0	0	0	0	0	0	0	0	0	0	0	0	0	0	0	0	0	0	0	0	0	0	0	0	0	0	0	0	0	0	0	0	0	
1	1	1	521	15.63		300	0	0	0.02605	-0.02605	-0.00048329	0	0	0	84.5155	-95.0686	0.000175344	0	0	0	3.36636	-6.68926	0	10.0556		300	0.53023	0.0169059	-0.0163549	-0.000761353	0	0	0	0.53023	0	-0.426642	-237.002	0	213.464	213.464	-2.13163e-14	12.4428	0	0	0	0	0	0	0	0	0	0	0	0	0	0	0	0	0	0	0	0	0	0	0	0	0	0	0	0	0	0	0	0	0	
1	1	1	522	15.66		300	0	0	0.0261	-0.0261	-0.000484476	0	0	0	84.5635	-95.1312	0.000175662	0	0	0	3.37534	-6.68942	0	10.0648		300	0.530964	0.0169505	-0.0163988	-0.000762922	0	0	0	0.530964	0	-0.426642	-237.002	0	213.464	213.464	-2.13163e-14	12.4428	0	0	0	0	0	0	0	0	0	0	0	0	0	0	0	0	0	0	0	0	0	0	0	0	0	0	0	0	0	0	0	0	0	
1	1	1	523	15.69		300	0	0	0.02615	-0.02615	-0.000485662	0	0	0	84.6115	-95.1937	0.000175979	0	0	0	3.38433	-6.68957	0	10.0739		300	0.531697	0.0169951	-0.0164426	-0.00076449	0	0	0	0.531697	0	-0.426642	-237.002	0	213.464	213.464	-2.13163e-14	12.4428	0	0	0	0	0	0	0	0	0	0	0	0	0	0	0	0	0	0	0	0	0	0	0	0	0	0	0	0	0	0	0	0	0	
1	1	1	524	15.72		300	0	0	0.0262	-0.0262	-0.000486848	0	0	0	84.6595	-95.2562	0.000176296	0	0	0	3.39332	-6.68971	0	10.083		300	0.53243	0.0170397	-0.0164864	-0.000766057	0	0	0	0.53243	0	-0.426642	-237.002	0	213.464	213.464	-2.13163e-14	12.4428	0	0	0	0	0	0	0	0	0	0	0	0	0	0	0	0	0	0	0	0	0	0	0	0	0	0	0	0	0	0	0	0	0	
1	1	1	525	15.75		300	0	0	0.02625	-0.02625	-0.000488033	0	0	0	84.7075	-95.3186	0.000176612	0	0	0	3.40232	-6.68984	0	10.0922		300	0.533162	0.0170843	-0.0165302	-0.000767623	0	0	0	0.533162	0	-0.426642	-237.002	0	213.464	213.464	-2.13163e-14	12.4428	0	0	0	0	0	0	0	0	0	0	0	0	0	0	0	0	0	0	0	0	0	0	0	0	0	0	0	0	0	0	0	0	0	
1	1	1	526	15.78		300	0	0	0.0263	-0.0263	-0.000489219	0	0	0	84.7554	-95.381	0.000176928	0	0	0	3.41132	-6.68995	0	10.1013		300	0.533894	0.0171288	-0.0165741	-0.000769188	0	0	0	0.533894	0	-0.426642	-237.002	0	213.464	213.464	-2.13163e-14	12.4428	0	0	0	0	0	0	0	0	0	0	0	0	0	0	0	0	0	0	0	0	0	0	0	0	0	0	0	0	0	0	0	0	0	
1	1	1	527	15.81		300	0	0	0.02635	-0.02635	-0.000490404	0	0	0	84.8034	-95.4432	0.000177244	0	0	0	3.42033	-6.69006	0	10.1104		300	0.534625	0.0171734	-0.0166179	-0.000770753	0	0	0	0.534625	0	-0.426642	-237.002	0	213.464	213.464	-2.13163e-14	12.4428	0	0	0	0	0	0	0	0	0	0	0	0	0	0	0	0	0	0	0	0	0	0	0	0	0	0	0	0	0	0	0	0	0	
1	1	1	528	15.84		300	0	0	0.0264	-0.0264	-0.000491589	0	0	0	84.8512	-95.5055	0.000177559	0	0	0	3.42935	-6.69015	0	10.1195		300	0.535356	0.017218	-0.0166618	-0.000772316	0	0	0	0.535356	0	-0.426642	-237.002	0	213.464	213.464	-2.13163e-14	12.4428	0	0	0	0	0	0	0	0	0	0	0	0	0	0	0	0	0	0	0	0	0	0	0	0	0	0	0	0	0	0	0	0	0	
1	1	1	529	15.87		300	0	0	0.02645	-0.02645	-0.000492774	0	0	0	84.8991	-95.5677	0.000177875	0	0	0	3.43837	-6.69023	0	10.1286		300	0.536086	0.0172626	-0.0167056	-0.000773878	0	0	0	0.536086	0	-0.426642	-237.002	0	213.464	213.464	-2.13163e-14	12.4428	0	0	0	0	0	0	0	0	0	0	0	0	0	0	0	0	0	0	0	0	0	0	0	0	0	0	0	0	0	0	0	0	0	
1	1	1	530	15.9		300	0	0	0.0265	-0.0265	-0.000493959	0	0	0	84.9469	-95.6298	0.00017819	0	0	0	3.44739	-6.69029	0	10.1377		300	0.536816	0.0173072	-0.0167495	-0.00077544	0	0	0	0.536816	0	-0.426642	-237.002	0	213.464	213.464	-2.13163e-14	12.4428	0	0	0	0	0	0	0	0	0	0	0	0	0	0	0	0	0	0	0	0	0	0	0	0	0	0	0	0	0	0	0	0	0	
1	1	1	531	15.93		300	0	0	0.02655	-0.02655	-0.000495144	0	0	0	84.9947	-95.6919	0.000178504	0	0	0	3.45642	-6.69035	0	10.1468		300	0.537545	0.0173519	-0.0167934	-0.000777	0	0	0	0.537545	0	-0.426642	-237.002	0	213.464	213.464	-2.13163e-14	12.4428	0	0	0	0	0	0	0	0	0	0	0	0	0	0	0	0	0	0	0	0	0	0	0	0	0	0	0	0	0	0	0	0	0	
1	1	1	532	15.96		300	0	0	0.0266	-0.0266	-0.000496329	0	0	0	85.0425	-95.7539	0.000178818	0	0	0	3.46546	-6.69039	0	10.1559		300	0.538274	0.0173965	-0.0168372	-0.00077856	0	0	0	0.538274	0	-0.426642	-237.002	0	213.464	213.464	-2.13163e-14	12.4428	0	0	0	0	0	0	0	0	0	0	0	0	0	0	0	0	0	0	0	0	0	0	0	0	0	0	0	0	0	0	0	0	0	
1	1	1	533	15.99		300	0	0	0.02665	-0.02665	-0.000497513	0	0	0	85.0903	-95.8158	0.000179132	0	0	0	3.4745	-6.69043	0	10.1649		300	0.539002	0.0174411	-0.0168811	-0.000780118	0	0	0	0.539002	0	-0.426642	-237.002	0	213.464	213.464	-2.13163e-14	12.4428	0	0	0	0	0	0	0	0	0	0	0	0	0	0	0	0	0	0	0	0	0	0	0	0	0	0	0	0	0	0	0	0	0	
1	1	1	534	16.02		300	0	0	0.0267	-0.0267	-0.000498698	0	0	0	85.138	-95.8777	0.000179446	0	0	0	3.48355	-6.69045	0	10.174		300	0.53973	0.0174857	-0.016925	-0.000781676	0	0	0	0.53973	0	-0.426642	-237.002	0	213.464	213.464	-2.13163e-14	12.4428	0	0	0	0	0	0	0	0	0	0	0	0	0	0	0	0	0	0	0	0	0	0	0	0	0	0	0	0	0	0	0	0	0	
1	1	1	535	16.05		300	0	0	0.02675	-0.02675	-0.000499882	0	0	0	85.1857	-95.9396	0.000179759	0	0	0	3.49261	-6.69046	0	10.1831		300	0.540457	0.0175303	-0.0169689	-0.000783233	0	0	0	0.540457	0	-0.426642	-237.002	0	213.464	213.464	-2.13163e-14	12.4428	0	0	0	0	0	0	0	0	0	0	0	0	0	0	0	0	0	0	0	0	0	0	0	0	0	0	0	0	0	0	0	0	0	
1	1	1	536	16.08		300	0	0	0.0268	-0.0268	-0.000501066	0	0	0	85.2334	-96.0014	0.000180072	0	0	0	3.50166	-6.69046	0	10.1921		300	0.541184	0.0175749	-0.0170128	-0.000784789	0	0	0	0.541184	0	-0.426642	-237.002	0	213.464	213.464	-2.13163e-14	12.4428	0	0	0	0	0	0	0	0	0	0	0	0	0	0	0	0	0	0	0	0	0	0	0	0	0	0	0	0	0	0	0	0	0	
1	1	1	537	16.11		300	0	0	0.02685	-0.02685	-0.00050225	0	0	0	85.2811	-96.0631	0.000180385	0	0	0	3.51073	-6.69044	0	10.2012		300	0.541911	0.0176196	-0.0170566	-0.000786344	0	0	0	0.541911	0	-0.426642	-237.002	0	213.464	213.464	-2.13163e-14	12.4428	0	0	0	0	0	0	0	0	0	0	0	0	0	0	0	0	0	0	0	0	0	0	0	0	0	0	0	0	0	0	0	0	0	
1	1	1	538	16.14		300	0	0	0.0269	-0.0269	-0.000503434	0	0	0	85.3288	-96.1248	0.000180697	0	0	0	3.5198	-6.69042	0	10.2102		300	0.542636	0.0176642	-0.0171005	-0.000787898	0	0	0	0.542636	0	-0.426642	-237.002	0	213.464	213.464	-2.13163e-14	12.4428	0	0	0	0	0	0	0	0	0	0	0	0	0	0	0	0	0	0	0	0	0	0	0	0	0	0	0	0	0	0	0	0	0	
1	1	1	539	16.17		300	0	0	0.02695	-0.02695	-0.000504618	0	0	0	85.3764	-96.1865	0.000181009	0	0	0	3.52887	-6.69038	0	10.2193		300	0.543362	0.0177088	-0.0171444	-0.000789451	0	0	0	0.543362	0	-0.426642	-237.002	0	213.464	213.464	-2.13163e-14	12.4428	0	0	0	0	0	0	0	0	0	0	0	0	0	0	0	0	0	0	0	0	0	0	0	0	0	0	0	0	0	0	0	0	0	
1	1	1	540	16.2		300	0	0	0.027	-0.027	-0.000505802	0	0	0	85.424	-96.248	0.000181321	0	0	0	3.53795	-6.69033	0	10.2283		300	0.544087	0.0177535	-0.0171884	-0.000791003	0	0	0	0.544087	0	-0.426642	-237.002	0	213.464	213.464	-2.13163e-14	12.4428	0	0	0	0	0	0	0	0	0	0	0	0	0	0	0	0	0	0	0	0	0	0	0	0	0	0	0	0	0	0	0	0	0	
1	1	1	541	16.23		300	0	0	0.02705	-0.02705	-0.000506985	0	0	0	85.4715	-96.3096	0.000181632	0	0	0	3.54704	-6.69028	0	10.2373		300	0.544811	0.0177981	-0.0172323	-0.000792555	0	0	0	0.544811	0	-0.426642	-237.002	0	213.464	213.464	-2.13163e-14	12.4428	0	0	0	0	0	0	0	0	0	0	0	0	0	0	0	0	0	0	0	0	0	0	0	0	0	0	0	0	0	0	0	0	0	
1	1	1	542	16.26		300	0	0	0.0271	-0.0271	-0.000508169	0	0	0	85.5191	-96.3711	0.000181943	0	0	0	3.55613	-6.6902	0	10.2463		300	0.545535	0.0178428	-0.0172762	-0.000794105	0	0	0	0.545535	0	-0.426642	-237.002	0	213.464	213.464	-2.13163e-14	12.4428	0	0	0	0	0	0	0	0	0	0	0	0	0	0	0	0	0	0	0	0	0	0	0	0	0	0	0	0	0	0	0	0	0	
1	1	1	543	16.29		300	0	0	0.02715	-0.02715	-0.000509352	0	0	0	85.5666	-96.4325	0.000182254	0	0	0	3.56523	-6.69012	0	10.2554		300	0.546258	0.0178874	-0.0173201	-0.000795655	0	0	0	0.546258	0	-0.426642	-237.002	0	213.464	213.464	-2.13163e-14	12.4428	0	0	0	0	0	0	0	0	0	0	0	0	0	0	0	0	0	0	0	0	0	0	0	0	0	0	0	0	0	0	0	0	0	
1	1	1	544	16.32		300	0	0	0.0272	-0.0272	-0.000510535	0	0	0	85.6142	-96.4939	0.000182565	0	0	0	3.57433	-6.69003	0	10.2644		300	0.546981	0.0179321	-0.017364	-0.000797204	0	0	0	0.546981	0	-0.426642	-237.002	0	213.464	213.464	-2.13163e-14	12.4428	0	0	0	0	0	0	0	0	0	0	0	0	0	0	0	0	0	0	0	0	0	0	0	0	0	0	0	0	0	0	0	0	0	
1	1	1	545	16.35		300	0	0	0.02725	-0.02725	-0.000511718	0	0	0	85.6616	-96.5552	0.000182875	0	0	0	3.58344	-6.68992	0	10.2734		300	0.547704	0.0179767	-0.017408	-0.000798751	0	0	0	0.547704	0	-0.426642	-237.002	0	213.464	213.464	-2.13163e-14	12.4428	0	0	0	0	0	0	0	0	0	0	0	0	0	0	0	0	0	0	0	0	0	0	0	0	0	0	0	0	0	0	0	0	0	
1	1	1	546	16.38		300	0	0	0.0273	-0.0273	-0.000512901	0	0	0	85.7091	-96.6165	0.000183185	0	0	0	3.59255	-6.68981	0	10.2824		300	0.548426	0.0180214	-0.0174519	-0.000800298	0	0	0	0.548426	0	-0.426642	-237.002	0	213.464	213.464	-2.13163e-14	12.4428	0	0	0	0	0	0	0	0	0	0	0	0	0	0	0	0	0	0	0	0	0	0	0	0	0	0	0	0	0	0	0	0	0	
1	1	1	547	16.41		300	0	0	0.02735	-0.02735	-0.000514084	0	0	0	85.7566	-96.6777	0.000183494	0	0	0	3.60167	-6.68968	0	10.2914		300	0.549147	0.018066	-0.0174958	-0.000801844	0	0	0	0.549147	0	-0.426642	-237.002	0	213.464	213.464	-2.13163e-14	12.4428	0	0	0	0	0	0	0	0	0	0	0	0	0	0	0	0	0	0	0	0	0	0	0	0	0	0	0	0	0	0	0	0	0	
1	1	1	548	16.44		300	0	0	0.0274	-0.0274	-0.000515267	0	0	0	85.804	-96.7389	0.000183804	0	0	0	3.6108	-6.68954	0	10.3003		300	0.549868	0.0181107	-0.0175398	-0.00080339	0	0	0	0.549868	0	-0.426642	-237.002	0	213.464	213.464	-2.13163e-14	12.4428	0	0	0	0	0	0	0	0	0	0	0	0	0	0	0	0	0	0	0	0	0	0	0	0	0	0	0	0	0	0	0	0	0	
1	1	1	549	16.47		300	0	0	0.02745	-0.02745	-0.00051645	0	0	0	85.8514	-96.8001	0.000184113	0	0	0	3.61993	-6.68939	0	10.3093		300	0.550589	0.0181554	-0.0175837	-0.000804934	0	0	0	0.550589	0	-0.426642	-237.002	0	213.464	213.464	-2.13163e-14	12.4428	0	0	0	0	0	0	0	0	0	0	0	0	0	0	0	0	0	0	0	0	0	0	0	0	0	0	0	0	0	0	0	0	0	
1	1	1	550	16.5		300	0	0	0.0275	-0.0275	-0.000517632	0	0	0	85.8988	-96.8611	0.000184421	0	0	0	3.62906	-6.68923	0	10.3183		300	0.551309	0.0182	-0.0176277	-0.000806477	0	0	0	0.551309	0	-0.426642	-237.002	0	213.464	213.464	-2.13163e-14	12.4428	0	0	0	0	0	0	0	0	0	0	0	0	0	0	0	0	0	0	0	0	0	0	0	0	0	0	0	0	0	0	0	0	0	
1	1	1	551	16.53		300	0	0	0.02755	-0.02755	-0.000518815	0	0	0	85.9462	-96.9222	0.000184729	0	0	0	3.6382	-6.68905	0	10.3273		300	0.552029	0.0182447	-0.0176716	-0.00080802	0	0	0	0.552029	0	-0.426642	-237.002	0	213.464	213.464	-2.13163e-14	12.4428	0	0	0	0	0	0	0	0	0	0	0	0	0	0	0	0	0	0	0	0	0	0	0	0	0	0	0	0	0	0	0	0	0	
1	1	1	552	16.56		300	0	0	0.0276	-0.0276	-0.000519997	0	0	0	85.9935	-96.9832	0.000185037	0	0	0	3.64735	-6.68887	0	10.3362		300	0.552748	0.0182894	-0.0177156	-0.000809562	0	0	0	0.552748	0	-0.426642	-237.002	0	213.464	213.464	-2.13163e-14	12.4428	0	0	0	0	0	0	0	0	0	0	0	0	0	0	0	0	0	0	0	0	0	0	0	0	0	0	0	0	0	0	0	0	0	
1	1	1	553	16.59		300	0	0	0.02765	-0.02765	-0.000521179	0	0	0	86.0408	-97.0441	0.000185345	0	0	0	3.6565	-6.68867	0	10.3452		300	0.553467	0.018334	-0.0177596	-0.000811103	0	0	0	0.553467	0	-0.426642	-237.002	0	213.464	213.464	-2.13163e-14	12.4428	0	0	0	0	0	0	0	0	0	0	0	0	0	0	0	0	0	0	0	0	0	0	0	0	0	0	0	0	0	0	0	0	0	
1	1	1	554	16.62		300	0	0	0.0277	-0.0277	-0.000522361	0	0	0	86.0882	-97.105	0.000185653	0	0	0	3.66566	-6.68846	0	10.3541		300	0.554185	0.0183787	-0.0178035	-0.000812643	0	0	0	0.554185	0	-0.426642	-237.002	0	213.464	213.464	-2.13163e-14	12.4428	0	0	0	0	0	0	0	0	0	0	0	0	0	0	0	0	0	0	0	0	0	0	0	0	0	0	0	0	0	0	0	0	0	
1	1	1	555	16.65		300	0	0	0.02775	-0.02775	-0.000523543	0	0	0	86.1354	-97.1659	0.00018596	0	0	0	3.67482	-6.68825	0	10.3631		300	0.554902	0.0184234	-0.0178475	-0.000814182	0	0	0	0.554902	0	-0.426642	-237.002	0	213.464	213.464	-2.13163e-14	12.4428	0	0	0	0	0	0	0	0	0	0	0	0	0	0	0	0	0	0	0	0	0	0	0	0	0	0	0	0	0	0	0	0	0	
1	1	1	556	16.68		300	0	0	0.0278	-0.0278	-0.000524725	0	0	0	86.1827	-97.2267	0.000186266	0	0	0	3.68399	-6.68802	0	10.372		300	0.55562	0.0184681	-0.0178915	-0.00081572	0	0	0	0.55562	0	-0.426642	-237.002	0	213.464	213.464	-2.13163e-14	12.4428	0	0	0	0	0	0	0	0	0	0	0	0	0	0	0	0	0	0	0	0	0	0	0	0	0	0	0	0	0	0	0	0	0	
1	1	1	557	16.71		300	0	0	0.02785	-0.02785	-0.000525906	0	0	0	86.23	-97.2874	0.000186573	0	0	0	3.69316	-6.68778	0	10.3809		300	0.556337	0.0185128	-0.0179355	-0.000817258	0	0	0	0.556337	0	-0.426642	-237.002	0	213.464	213.464	-2.13163e-14	12.4428	0	0	0	0	0	0	0	0	0	0	0	0	0	0	0	0	0	0	0	0	0	0	0	0	0	0	0	0	0	0	0	0	0	
1	1	1	558	16.74		300	0	0	0.0279	-0.0279	-0.000527088	0	0	0	86.2772	-97.3482	0.000186879	0	0	0	3.70234	-6.68752	0	10.3899		300	0.557053	0.0185575	-0.0179795	-0.000818794	0	0	0	0.557053	0	-0.426642	-237.002	0	213.464	213.464	-2.13163e-14	12.4428	0	0	0	0	0	0	0	0	0	0	0	0	0	0	0	0	0	0	0	0	0	0	0	0	0	0	0	0	0	0	0	0	0	
1	1	1	559	16.77		300	0	0	0.02795	-0.02795	-0.000528269	0	0	0	86.3244	-97.4088	0.000187185	0	0	0	3.71152	-6.68726	0	10.3988		300	0.557769	0.0186022	-0.0180234	-0.00082033	0	0	0	0.557769	0	-0.426642	-237.002	0	213.464	213.464	-2.13163e-14	12.4428	0	0	0	0	0	0	0	0	0	0	0	0	0	0	0	0	0	0	0	0	0	0	0	0	0	0	0	0	0	0	0	0	0	
1	1	1	560	16.8		300	0	0	0.028	-0.028	-0.00052945	0	0	0	86.3716	-97.4695	0.00018749	0	0	0	3.72071	-6.68698	0	10.4077		300	0.558484	0.0186469	-0.0180674	-0.000821865	0	0	0	0.558484	0	-0.426642	-237.002	0	213.464	213.464	-2.13163e-14	12.4428	0	0	0	0	0	0	0	0	0	0	0	0	0	0	0	0	0	0	0	0	0	0	0	0	0	0	0	0	0	0	0	0	0	
1	1	1	561	16.83		300	0	0	0.02805	-0.02805	-0.000530631	0	0	0	86.4188	-97.53	0.000187796	0	0	0	3.72991	-6.6867	0	10.4166		300	0.559199	0.0186916	-0.0181114	-0.000823399	0	0	0	0.559199	0	-0.426642	-237.002	0	213.464	213.464	-2.13163e-14	12.4428	0	0	0	0	0	0	0	0	0	0	0	0	0	0	0	0	0	0	0	0	0	0	0	0	0	0	0	0	0	0	0	0	0	
1	1	1	562	16.86		300	0	0	0.0281	-0.0281	-0.000531813	0	0	0	86.466	-97.5906	0.0001881	0	0	0	3.73911	-6.6864	0	10.4255		300	0.559913	0.0187363	-0.0181554	-0.000824932	0	0	0	0.559913	0	-0.426642	-237.002	0	213.464	213.464	-2.13163e-14	12.4428	0	0	0	0	0	0	0	0	0	0	0	0	0	0	0	0	0	0	0	0	0	0	0	0	0	0	0	0	0	0	0	0	0	
1	1	1	563	16.89		300	0	0	0.02815	-0.02815	-0.000532993	0	0	0	86.5131	-97.6511	0.000188405	0	0	0	3.74831	-6.68609	0	10.4344		300	0.560627	0.018781	-0.0181994	-0.000826465	0	0	0	0.560627	0	-0.426642	-237.002	0	213.464	213.464	-2.13163e-14	12.4428	0	0	0	0	0	0	0	0	0	0	0	0	0	0	0	0	0	0	0	0	0	0	0	0	0	0	0	0	0	0	0	0	0	
1	1	1	564	16.92		300	0	0	0.0282	-0.0282	-0.000534174	0	0	0	86.5603	-97.7115	0.000188709	0	0	0	3.75753	-6.68577	0	10.4433		300	0.561341	0.0188257	-0.0182434	-0.000827996	0	0	0	0.561341	0	-0.426642	-237.002	0	213.464	213.464	-2.13163e-14	12.4428	0	0	0	0	0	0	0	0	0	0	0	0	0	0	0	0	0	0	0	0	0	0	0	0	0	0	0	0	0	0	0	0	0	
1	1	1	565	16.95		300	0	0	0.02825	-0.02825	-0.000535355	0	0	0	86.6074	-97.7719	0.000189013	0	0	0	3.76674	-6.68544	0	10.4522		300	0.562054	0.0188704	-0.0182875	-0.000829527	0	0	0	0.562054	0	-0.426642	-237.002	0	213.464	213.464	-2.13163e-14	12.4428	0	0	0	0	0	0	0	0	0	0	0	0	0	0	0	0	0	0	0	0	0	0	0	0	0	0	0	0	0	0	0	0	0	
1	1	1	566	16.98		300	0	0	0.0283	-0.0283	-0.000536535	0	0	0	86.6545	-97.8323	0.000189317	0	0	0	3.77596	-6.6851	0	10.4611		300	0.562767	0.0189151	-0.0183315	-0.000831057	0	0	0	0.562767	0	-0.426642	-237.002	0	213.464	213.464	-2.13163e-14	12.4428	0	0	0	0	0	0	0	0	0	0	0	0	0	0	0	0	0	0	0	0	0	0	0	0	0	0	0	0	0	0	0	0	0	
1	1	1	567	17.01		300	0	0	0.02835	-0.02835	-0.000537716	0	0	0	86.7016	-97.8926	0.00018962	0	0	0	3.78519	-6.68475	0	10.4699		300	0.563479	0.0189598	-0.0183755	-0.000832586	0	0	0	0.563479	0	-0.426642	-237.002	0	213.464	213.464	-2.13163e-14	12.4428	0	0	0	0	0	0	0	0	0	0	0	0	0	0	0	0	0	0	0	0	0	0	0	0	0	0	0	0	0	0	0	0	0	
1	1	1	568	17.04		300	0	0	0.0284	-0.0284	-0.000538896	0	0	0	86.7487	-97.9529	0.000189924	0	0	0	3.79442	-6.68438	0	10.4788		300	0.564191	0.0190045	-0.0184195	-0.000834115	0	0	0	0.564191	0	-0.426642	-237.002	0	213.464	213.464	-2.13163e-14	12.4428	0	0	0	0	0	0	0	0	0	0	0	0	0	0	0	0	0	0	0	0	0	0	0	0	0	0	0	0	0	0	0	0	0	
1	1	1	569	17.07		300	0	0	0.02845	-0.02845	-0.000540076	0	0	0	86.7957	-98.0131	0.000190226	0	0	0	3.80366	-6.68401	0	10.4877		300	0.564902	0.0190492	-0.0184636	-0.000835642	0	0	0	0.564902	0	-0.426642	-237.002	0	213.464	213.464	-2.13163e-14	12.4428	0	0	0	0	0	0	0	0	0	0	0	0	0	0	0	0	0	0	0	0	0	0	0	0	0	0	0	0	0	0	0	0	0	
1	1	1	570	17.1		300	0	0	0.0285	-0.0285	-0.000541256	0	0	0	86.8428	-98.0733	0.000190529	0	0	0	3.8129	-6.68362	0	10.4965		300	0.565612	0.0190939	-0.0185076	-0.000837169	0	0	0	0.565612	0	-0.426642	-237.002	0	213.464	213.464	-2.13163e-14	12.4428	0	0	0	0	0	0	0	0	0	0	0	0	0	0	0	0	0	0	0	0	0	0	0	0	0	0	0	0	0	0	0	0	0	
1	1	1	571	17.13		300	0	0	0.02855	-0.02855	-0.000542436	0	0	0	86.8898	-98.1335	0.000190831	0	0	0	3.82215	-6.68323	0	10.5054		300	0.566323	0.0191387	-0.0185516	-0.000838695	0	0	0	0.566323	0	-0.426642	-237.002	0	213.464	213.464	-2.13163e-14	12.4428	0	0	0	0	0	0	0	0	0	0	0	0	0	0	0	0	0	0	0	0	0	0	0	0	0	0	0	0	0	0	0	0	0	
1	1	1	572	17.16		300	0	0	0.0286	-0.0286	-0.000543616	0	0	0	86.9368	-98.1936	0.000191133	0	0	0	3.83141	-6.68282	0	10.5142		300	0.567033	0.0191834	-0.0185957	-0.00084022	0	0	0	0.567033	0	-0.426642	-237.002	0	213.464	213.464	-2.13163e-14	12.4428	0	0	0	0	0	0	0	0	0	0	0	0	0	0	0	0	0	0	0	0	0	0	0	0	0	0	0	0	0	0	0	0	0	
1	1	1	573	17.19		300	0	0	0.02865	-0.02865	-0.000544796	0	0	0	86.9838	-98.2537	0.000191434	0	0	0	3.84066	-6.6824	0	10.5231		300	0.567742	0.0192281	-0.0186397	-0.000841745	0	0	0	0.567742	0	-0.426642	-237.002	0	213.464	213.464	-2.13163e-14	12.4428	0	0	0	0	0	0	0	0	0	0	0	0	0	0	0	0	0	0	0	0	0	0	0	0	0	0	0	0	0	0	0	0	0	
1	1	1	574	17.22		300	0	0	0.0287	-0.0287	-0.000545975	0	0	0	87.0308	-98.3137	0.000191736	0	0	0	3.84993	-6.68197	0	10.5319		300	0.568451	0.0192728	-0.0186837	-0.000843268	0	0	0	0.568451	0	-0.426642	-237.002	0	213.464	213.464	-2.13163e-14	12.4428	0	0	0	0	0	0	0	0	0	0	0	0	0	0	0	0	0	0	0	0	0	0	0	0	0	0	0	0	0	0	0	0	0	
1	1	1	575	17.25		300	0	0	0.02875	-0.02875	-0.000547155	0	0	0	87.0778	-98.3737	0.000192036	0	0	0	3.8592	-6.68153	0	10.5407		300	0.569159	0.0193176	-0.0187278	-0.000844791	0	0	0	0.569159	0	-0.426642	-237.002	0	213.464	213.464	-2.13163e-14	12.4428	0	0	0	0	0	0	0	0	0	0	0	0	0	0	0	0	0	0	0	0	0	0	0	0	0	0	0	0	0	0	0	0	0	
1	1	1	576	17.28		300	0	0	0.0288	-0.0288	-0.000548334	0	0	0	87.1247	-98.4337	0.000192337	0	0	0	3.86847	-6.68108	0	10.5495		300	0.569868	0.0193623	-0.0187718	-0.000846313	0	0	0	0.569868	0	-0.426642	-237.002	0	213.464	213.464	-2.13163e-14	12.4428	0	0	0	0	0	0	0	0	0	0	0	0	0	0	0	0	0	0	0	0	0	0	0	0	0	0	0	0	0	0	0	0	0	
1	1	1	577	17.31		300	0	0	0.02885	-0.02885	-0.000549513	0	0	0	87.1717	-98.4936	0.000192637	0	0	0	3.87776	-6.68061	0	10.5584		300	0.570575	0.019407	-0.0188159	-0.000847834	0	0	0	0.570575	0	-0.426642	-237.002	0	213.464	213.464	-2.13163e-14	12.4428	0	0	0	0	0	0	0	0	0	0	0	0	0	0	0	0	0	0	0	0	0	0	0	0	0	0	0	0	0	0	0	0	0	
1	1	1	578	17.34		300	0	0	0.0289	-0.0289	-0.000550693	0	0	0	87.2186	-98.5535	0.000192937	0	0	0	3.88704	-6.68014	0	10.5672		300	0.571282	0.0194518	-0.01886	-0.000849354	0	0	0	0.571282	0	-0.426642	-237.002	0	213.464	213.464	-2.13163e-14	12.4428	0	0	0	0	0	0	0	0	0	0	0	0	0	0	0	0	0	0	0	0	0	0	0	0	0	0	0	0	0	0	0	0	0	
1	1	1	579	17.37		300	0	0	0.02895	-0.02895	-0.000551872	0	0	0	87.2655	-98.6133	0.000193237	0	0	0	3.89633	-6.67965	0	10.576		300	0.571989	0.0194965	-0.018904	-0.000850874	0	0	0	0.571989	0	-0.426642	-237.002	0	213.464	213.464	-2.13163e-14	12.4428	0	0	0	0	0	0	0	0	0	0	0	0	0	0	0	0	0	0	0	0	0	0	0	0	0	0	0	0	0	0	0	0	0	
1	1	1	580	17.4		300	0	0	0.029	-0.029	-0.00055305	0	0	0	87.3124	-98.6731	0.000193537	0	0	0	3.90563	-6.67916	0	10.5848		300	0.572695	0.0195412	-0.0189481	-0.000852393	0	0	0	0.572695	0	-0.426642	-237.002	0	213.464	213.464	-2.13163e-14	12.4428	0	0	0	0	0	0	0	0	0	0	0	0	0	0	0	0	0	0	0	0	0	0	0	0	0	0	0	0	0	0	0	0	0	
1	1	1	581	17.43		300	0	0	0.02905	-0.02905	-0.000554229	0	0	0	87.3593	-98.7329	0.000193836	0	0	0	3.91493	-6.67865	0	10.5936		300	0.573401	0.019586	-0.0189922	-0.000853911	0	0	0	0.573401	0	-0.426642	-237.002	0	213.464	213.464	-2.13163e-14	12.4428	0	0	0	0	0	0	0	0	0	0	0	0	0	0	0	0	0	0	0	0	0	0	0	0	0	0	0	0	0	0	0	0	0	
1	1	1	582	17.46		300	0	0	0.0291	-0.0291	-0.000555408	0	0	0	87.4062	-98.7926	0.000194134	0	0	0	3.92424	-6.67813	0	10.6024		300	0.574106	0.0196307	-0.0190362	-0.000855428	0	0	0	0.574106	0	-0.426642	-237.002	0	213.464	213.464	-2.13163e-14	12.4428	0	0	0	0	0	0	0	0	0	0	0	0	0	0	0	0	0	0	0	0	0	0	0	0	0	0	0	0	0	0	0	0	0	
1	1	1	583	17.49		300	0	0	0.02915	-0.02915	-0.000556586	0	0	0	87.453	-98.8523	0.000194433	0	0	0	3.93355	-6.6776	0	10.6112		300	0.574811	0.0196755	-0.0190803	-0.000856945	0	0	0	0.574811	0	-0.426642	-237.002	0	213.464	213.464	-2.13163e-14	12.4428	0	0	0	0	0	0	0	0	0	0	0	0	0	0	0	0	0	0	0	0	0	0	0	0	0	0	0	0	0	0	0	0	0	
1	1	1	584	17.52		300	0	0	0.0292	-0.0292	-0.000557765	0	0	0	87.4999	-98.912	0.000194731	0	0	0	3.94287	-6.67706	0	10.6199		300	0.575516	0.0197202	-0.0191244	-0.000858461	0	0	0	0.575516	0	-0.426642	-237.002	0	213.464	213.464	-2.13163e-14	12.4428	0	0	0	0	0	0	0	0	0	0	0	0	0	0	0	0	0	0	0	0	0	0	0	0	0	0	0	0	0	0	0	0	0	
1	1	1	585	17.55		300	0	0	0.02925	-0.02925	-0.000558943	0	0	0	87.5467	-98.9716	0.000195029	0	0	0	3.95219	-6.67651	0	10.6287		300	0.57622	0.019765	-0.0191685	-0.000859976	0	0	0	0.57622	0	-0.426642	-237.002	0	213.464	213.464	-2.13163e-14	12.4428	0	0	0	0	0	0	0	0	0	0	0	0	0	0	0	0	0	0	0	0	0	0	0	0	0	0	0	0	0	0	0	0	0	
1	1	1	586	17.58		300	0	0	0.0293	-0.0293	-0.000560121	0	0	0	87.5936	-99.0312	0.000195327	0	0	0	3.96152	-6.67595	0	10.6375		300	0.576923	0.0198097	-0.0192126	-0.00086149	0	0	0	0.576923	0	-0.426642	-237.002	0	213.464	213.464	-2.13163e-14	12.4428	0	0	0	0	0	0	0	0	0	0	0	0	0	0	0	0	0	0	0	0	0	0	0	0	0	0	0	0	0	0	0	0	0	
1	1	1	587	17.61		300	0	0	0.02935	-0.02935	-0.000561299	0	0	0	87.6404	-99.0908	0.000195624	0	0	0	3.97085	-6.67538	0	10.6462		300	0.577626	0.0198545	-0.0192566	-0.000863003	0	0	0	0.577626	0	-0.426642	-237.002	0	213.464	213.464	-2.13163e-14	12.4428	0	0	0	0	0	0	0	0	0	0	0	0	0	0	0	0	0	0	0	0	0	0	0	0	0	0	0	0	0	0	0	0	0	
1	1	1	588	17.64		300	0	0	0.0294	-0.0294	-0.000562477	0	0	0	87.6872	-99.1503	0.000195921	0	0	0	3.98019	-6.6748	0	10.655		300	0.578329	0.0198992	-0.0193007	-0.000864516	0	0	0	0.578329	0	-0.426642	-237.002	0	213.464	213.464	-2.13163e-14	12.4428	0	0	0	0	0	0	0	0	0	0	0	0	0	0	0	0	0	0	0	0	0	0	0	0	0	0	0	0	0	0	0	0	0	
1	1	1	589	17.67		300	0	0	0.02945	-0.02945	-0.000563655	0	0	0	87.734	-99.2098	0.000196218	0	0	0	3.98954	-6.6742	0	10.6637		300	0.579031	0.019944	-0.0193448	-0.000866028	0	0	0	0.579031	0	-0.426642	-237.002	0	213.464	213.464	-2.13163e-14	12.4428	0	0	0	0	0	0	0	0	0	0	0	0	0	0	0	0	0	0	0	0	0	0	0	0	0	0	0	0	0	0	0	0	0	
1	1	1	590	17.7		300	0	0	0.0295	-0.0295	-0.000564832	0	0	0	87.7808	-99.2692	0.000196514	0	0	0	3.99889	-6.6736	0	10.6725		300	0.579733	0.0199887	-0.0193889	-0.000867539	0	0	0	0.579733	0	-0.426642	-237.002	0	213.464	213.464	-2.13163e-14	12.4428	0	0	0	0	0	0	0	0	0	0	0	0	0	0	0	0	0	0	0	0	0	0	0	0	0	0	0	0	0	0	0	0	0	
1	1	1	591	17.73		300	0	0	0.02955	-0.02955	-0.00056601	0	0	0	87.8276	-99.3286	0.00019681	0	0	0	4.00824	-6.67298	0	10.6812		300	0.580434	0.0200335	-0.019433	-0.00086905	0	0	0	0.580434	0	-0.426642	-237.002	0	213.464	213.464	-2.13163e-14	12.4428	0	0	0	0	0	0	0	0	0	0	0	0	0	0	0	0	0	0	0	0	0	0	0	0	0	0	0	0	0	0	0	0	0	
1	1	1	592	17.76		300	0	0	0.0296	-0.0296	-0.000567187	0	0	0	87.8743	-99.388	0.000197106	0	0	0	4.0176	-6.67235	0	10.69		300	0.581135	0.0200783	-0.0194771	-0.00087056	0	0	0	0.581135	0	-0.426642	-237.002	0	213.464	213.464	-2.13163e-14	12.4428	0	0	0	0	0	0	0	0	0	0	0	0	0	0	0	0	0	0	0	0	0	0	0	0	0	0	0	0	0	0	0	0	0	
1	1	1	593	17.79		300	0	0	0.02965	-0.02965	-0.000568365	0	0	0	87.9211	-99.4473	0.000197401	0	0	0	4.02697	-6.67172	0	10.6987		300	0.581836	0.020123	-0.0195212	-0.000872069	0	0	0	0.581836	0	-0.426642	-237.002	0	213.464	213.464	-2.13163e-14	12.4428	0	0	0	0	0	0	0	0	0	0	0	0	0	0	0	0	0	0	0	0	0	0	0	0	0	0	0	0	0	0	0	0	0	
1	1	1	594	17.82		300	0	0	0.0297	-0.0297	-0.000569542	0	0	0	87.9678	-99.5066	0.000197696	0	0	0	4.03634	-6.67107	0	10.7074		300	0.582536	0.0201678	-0.0195653	-0.000873577	0	0	0	0.582536	0	-0.426642	-237.002	0	213.464	213.464	-2.13163e-14	12.4428	0	0	0	0	0	0	0	0	0	0	0	0	0	0	0	0	0	0	0	0	0	0	0	0	0	0	0	0	0	0	0	0	0	
1	1	1	595	17.85		300	0	0	0.02975	-0.02975	-0.000570719	0	0	0	88.0146	-99.5659	0.000197991	0	0	0	4.04572	-6.67041	0	10.7161		300	0.583235	0.0202126	-0.0196095	-0.000875084	0	0	0	0.583235	0	-0.426642	-237.002	0	213.464	213.464	-2.13163e-14	12.4428	0	0	0	0	0	0	0	0	0	0	0	0	0	0	0	0	0	0	0	0	0	0	0	0	0	0	0	0	0	0	0	0	0	
1	1	1	596	17.88		300	0	0	0.0298	-0.0298	-0.000571896	0	0	0	88.0613	-99.6252	0.000198286	0	0	0	4.0551	-6.66974	0	10.7248		300	0.583934	0.0202573	-0.0196536	-0.000876591	0	0	0	0.583934	0	-0.426642	-237.002	0	213.464	213.464	-2.13163e-14	12.4428	0	0	0	0	0	0	0	0	0	0	0	0	0	0	0	0	0	0	0	0	0	0	0	0	0	0	0	0	0	0	0	0	0	
1	1	1	597	17.91		300	0	0	0.02985	-0.02985	-0.000573073	0	0	0	88.108	-99.6844	0.00019858	0	0	0	4.06449	-6.66906	0	10.7335		300	0.584633	0.0203021	-0.0196977	-0.000878097	0	0	0	0.584633	0	-0.426642	-237.002	0	213.464	213.464	-2.13163e-14	12.4428	0	0	0	0	0	0	0	0	0	0	0	0	0	0	0	0	0	0	0	0	0	0	0	0	0	0	0	0	0	0	0	0	0	
1	1	1	598	17.94		300	0	0	0.0299	-0.0299	-0.00057425	0	0	0	88.1547	-99.7436	0.000198874	0	0	0	4.07388	-6.66837	0	10.7422		300	0.585331	0.0203469	-0.0197418	-0.000879603	0	0	0	0.585331	0	-0.426642	-237.002	0	213.464	213.464	-2.13163e-14	12.4428	0	0	0	0	0	0	0	0	0	0	0	0	0	0	0	0	0	0	0	0	0	0	0	0	0	0	0	0	0	0	0	0	0	
1	1	1	599	17.97		300	0	0	0.02995	-0.02995	-0.000575426	0	0	0	88.2014	-99.8027	0.000199168	0	0	0	4.08328	-6.66767	0	10.7509		300	0.586029	0.0203916	-0.0197859	-0.000881107	0	0	0	0.586029	0	-0.426642	-237.002	0	213.464	213.464	-2.13163e-14	12.4428	0	0	0	0	0	0	0	0	0	0	0	0	0	0	0	0	0	0	0	0	0	0	0	0	0	0	0	0	0	0	0	0	0	
1	1	1	600	18		300	0	0	0.03	-0.03	-0.000576603	0	0	0	88.2481	-99.8618	0.000199461	0	0	0	4.09268	-6.66695	0	10.7596		300	0.586726	0.0204364	-0.0198301	-0.000882611	0	0	0	0.586726	0	-0.426642	-237.002	0	213.464	213.464	-2.13163e-14	12.4428	0	0	0	0	0	0	0	0	0	0	0	0	0	0	0	0	0	0	0	0	0	0	0	0	0	0	0	0	0	0	0	0	0	
1	1	1	601	18.03		300	0	0	0.03005	-0.03005	-0.000577779	0	0	0	88.2948	-99.9209	0.000199754	0	0	0	4.10209	-6.66623	0	10.7683		300	0.587423	0.0204812	-0.0198742	-0.000884114	0	0	0	0.587423	0	-0.426642	-237.002	0	213.464	213.464	-2.13163e-14	12.4428	0	0	0	0	0	0	0	0	0	0	0	0	0	0	0	0	0	0	0	0	0	0	0	0	0	0	0	0	0	0	0	0	0	
1	1	1	602	18.06		300	0	0	0.0301	-0.0301	-0.000578955	0	0	0	88.3415	-99.98	0.000200047	0	0	0	4.1115	-6.6655	0	10.777		300	0.58812	0.020526	-0.0199183	-0.000885617	0	0	0	0.58812	0	-0.426642	-237.002	0	213.464	213.464	-2.13163e-14	12.4428	0	0	0	0	0	0	0	0	0	0	0	0	0	0	0	0	0	0	0	0	0	0	0	0	0	0	0	0	0	0	0	0	0	
1	1	1	603	18.09		300	0	0	0.03015	-0.03015	-0.000580131	0	0	0	88.3881	-100.039	0.000200339	0	0	0	4.12092	-6.66475	0	10.7857		300	0.588816	0.0205707	-0.0199625	-0.000887118	0	0	0	0.588816	0	-0.426642	-237.002	0	213.464	213.464	-2.13163e-14	12.4428	0	0	0	0	0	0	0	0	0	0	0	0	0	0	0	0	0	0	0	0	0	0	0	0	0	0	0	0	0	0	0	0	0	
1	1	1	604	18.12		300	0	0	0.0302	-0.0302	-0.000581307	0	0	0	88.4348	-100.098	0.000200631	0	0	0	4.13034	-6.664	0	10.7943		300	0.589512	0.0206155	-0.0200066	-0.000888619	0	0	0	0.589512	0	-0.426642	-237.002	0	213.464	213.464	-2.13163e-14	12.4428	0	0	0	0	0	0	0	0	0	0	0	0	0	0	0	0	0	0	0	0	0	0	0	0	0	0	0	0	0	0	0	0	0	
1	1	1	605	18.15		300	0	0	0.03025	-0.03025	-0.000582483	0	0	0	88.4814	-100.157	0.000200923	0	0	0	4.13977	-6.66323	0	10.803		300	0.590207	0.0206603	-0.0200507	-0.00089012	0	0	0	0.590207	0	-0.426642	-237.002	0	213.464	213.464	-2.13163e-14	12.4428	0	0	0	0	0	0	0	0	0	0	0	0	0	0	0	0	0	0	0	0	0	0	0	0	0	0	0	0	0	0	0	0	0	
1	1	1	606	18.18		300	0	0	0.0303	-0.0303	-0.000583659	0	0	0	88.5281	-100.216	0.000201215	0	0	0	4.14921	-6.66245	0	10.8117		300	0.590902	0.0207051	-0.0200949	-0.000891619	0	0	0	0.590902	0	-0.426642	-237.002	0	213.464	213.464	-2.13163e-14	12.4428	0	0	0	0	0	0	0	0	0	0	0	0	0	0	0	0	0	0	0	0	0	0	0	0	0	0	0	0	0	0	0	0	0	
1	1	1	607	18.21		300	0	0	0.03035	-0.03035	-0.000584835	0	0	0	88.5747	-100.275	0.000201506	0	0	0	4.15865	-6.66167	0	10.8203		300	0.591596	0.0207499	-0.020139	-0.000893118	0	0	0	0.591596	0	-0.426642	-237.002	0	213.464	213.464	-2.13163e-14	12.4428	0	0	0	0	0	0	0	0	0	0	0	0	0	0	0	0	0	0	0	0	0	0	0	0	0	0	0	0	0	0	0	0	0	
1	1	1	608	18.24		300	0	0	0.0304	-0.0304	-0.00058601	0	0	0	88.6214	-100.334	0.000201797	0	0	0	4.16809	-6.66087	0	10.829		300	0.59229	0.0207947	-0.0201832	-0.000894616	0	0	0	0.59229	0	-0.426642	-237.002	0	213.464	213.464	-2.13163e-14	12.4428	0	0	0	0	0	0	0	0	0	0	0	0	0	0	0	0	0	0	0	0	0	0	0	0	0	0	0	0	0	0	0	0	0	
1	1	1	609	18.27		300	0	0	0.03045	-0.03045	-0.000587186	0	0	0	88.668	-100.393	0.000202088	0	0	0	4.17754	-6.66006	0	10.8376		300	0.592983	0.0208394	-0.0202273	-0.000896114	0	0	0	0.592983	0	-0.426642	-237.002	0	213.464	213.464	-2.13163e-14	12.4428	0	0	0	0	0	0	0	0	0	0	0	0	0	0	0	0	0	0	0	0	0	0	0	0	0	0	0	0	0	0	0	0	0	
1	1	1	610	18.3		300	0	0	0.0305	-0.0305	-0.000588361	0	0	0	88.7146	-100.451	0.000202378	0	0	0	4.187	-6.65924	0	10.8462		300	0.593676	0.0208842	-0.0202715	-0.000897611	0	0	0	0.593676	0	-0.426642	-237.002	0	213.464	213.464	-2.13163e-14	12.4428	0	0	0	0	0	0	0	0	0	0	0	0	0	0	0	0	0	0	0	0	0	0	0	0	0	0	0	0	0	0	0	0	0	
1	1	1	611	18.33		300	0	0	0.03055	-0.03055	-0.000589536	0	0	0	88.7612	-100.51	0.000202668	0	0	0	4.19646	-6.65841	0	10.8549		300	0.594369	0.020929	-0.0203156	-0.000899107	0	0	0	0.594369	0	-0.426642	-237.002	0	213.464	213.464	-2.13163e-14	12.4428	0	0	0	0	0	0	0	0	0	0	0	0	0	0	0	0	0	0	0	0	0	0	0	0	0	0	0	0	0	0	0	0	0	
1	1	1	612	18.36		300	0	0	0.0306	-0.0306	-0.000590711	0	0	0	88.8078	-100.569	0.000202958	0	0	0	4.20592	-6.65757	0	10.8635		300	0.595061	0.0209738	-0.0203598	-0.000900602	0	0	0	0.595061	0	-0.426642	-237.002	0	213.464	213.464	-2.13163e-14	12.4428	0	0	0	0	0	0	0	0	0	0	0	0	0	0	0	0	0	0	0	0	0	0	0	0	0	0	0	0	0	0	0	0	0	
1	1	1	613	18.39		300	0	0	0.03065	-0.03065	-0.000591886	0	0	0	88.8544	-100.628	0.000203247	0	0	0	4.2154	-6.65672	0	10.8721		300	0.595753	0.0210186	-0.0204039	-0.000902097	0	0	0	0.595753	0	-0.426642	-237.002	0	213.464	213.464	-2.13163e-14	12.4428	0	0	0	0	0	0	0	0	0	0	0	0	0	0	0	0	0	0	0	0	0	0	0	0	0	0	0	0	0	0	0	0	0	
1	1	1	614	18.42		300	0	0	0.0307	-0.0307	-0.000593061	0	0	0	88.901	-100.686	0.000203536	0	0	0	4.22487	-6.65586	0	10.8807		300	0.596444	0.0210634	-0.0204481	-0.000903591	0	0	0	0.596444	0	-0.426642	-237.002	0	213.464	213.464	-2.13163e-14	12.4428	0	0	0	0	0	0	0	0	0	0	0	0	0	0	0	0	0	0	0	0	0	0	0	0	0	0	0	0	0	0	0	0	0	
1	1	1	615	18.45		300	0	0	0.03075	-0.03075	-0.000594236	0	0	0	88.9476	-100.745	0.000203825	0	0	0	4.23435	-6.65499	0	10.8893		300	0.597135	0.0211082	-0.0204922	-0.000905084	0	0	0	0.597135	0	-0.426642	-237.002	0	213.464	213.464	-2.13163e-14	12.4428	0	0	0	0	0	0	0	0	0	0	0	0	0	0	0	0	0	0	0	0	0	0	0	0	0	0	0	0	0	0	0	0	0	
1	1	1	616	18.48		300	0	0	0.0308	-0.0308	-0.00059541	0	0	0	88.9942	-100.804	0.000204114	0	0	0	4.24384	-6.6541	0	10.8979		300	0.597826	0.021153	-0.0205364	-0.000906577	0	0	0	0.597826	0	-0.426642	-237.002	0	213.464	213.464	-2.13163e-14	12.4428	0	0	0	0	0	0	0	0	0	0	0	0	0	0	0	0	0	0	0	0	0	0	0	0	0	0	0	0	0	0	0	0	0	
1	1	1	617	18.51		300	0	0	0.03085	-0.03085	-0.000596585	0	0	0	89.0408	-100.862	0.000204402	0	0	0	4.25333	-6.65321	0	10.9065		300	0.598516	0.0211978	-0.0205806	-0.000908069	0	0	0	0.598516	0	-0.426642	-237.002	0	213.464	213.464	-2.13163e-14	12.4428	0	0	0	0	0	0	0	0	0	0	0	0	0	0	0	0	0	0	0	0	0	0	0	0	0	0	0	0	0	0	0	0	0	
1	1	1	618	18.54		300	0	0	0.0309	-0.0309	-0.000597759	0	0	0	89.0873	-100.921	0.00020469	0	0	0	4.26283	-6.65231	0	10.9151		300	0.599205	0.0212426	-0.0206247	-0.00090956	0	0	0	0.599205	0	-0.426642	-237.002	0	213.464	213.464	-2.13163e-14	12.4428	0	0	0	0	0	0	0	0	0	0	0	0	0	0	0	0	0	0	0	0	0	0	0	0	0	0	0	0	0	0	0	0	0	
1	1	1	619	18.57		300	0	0	0.03095	-0.03095	-0.000598933	0	0	0	89.1339	-100.979	0.000204978	0	0	0	4.27234	-6.65139	0	10.9237		300	0.599895	0.0212874	-0.0206689	-0.000911051	0	0	0	0.599895	0	-0.426642	-237.002	0	213.464	213.464	-2.13163e-14	12.4428	0	0	0	0	0	0	0	0	0	0	0	0	0	0	0	0	0	0	0	0	0	0	0	0	0	0	0	0	0	0	0	0	0	
1	1	1	620	18.6		300	0	0	0.031	-0.031	-0.000600107	0	0	0	89.1805	-101.038	0.000205265	0	0	0	4.28184	-6.65047	0	10.9323		300	0.600583	0.0213322	-0.0207131	-0.000912541	0	0	0	0.600583	0	-0.426642	-237.002	0	213.464	213.464	-2.13163e-14	12.4428	0	0	0	0	0	0	0	0	0	0	0	0	0	0	0	0	0	0	0	0	0	0	0	0	0	0	0	0	0	0	0	0	0	
1	1	1	621	18.63		300	0	0	0.03105	-0.03105	-0.000601281	0	0	0	89.227	-101.097	0.000205552	0	0	0	4.29136	-6.64953	0	10.9409		300	0.601272	0.021377	-0.0207573	-0.00091403	0	0	0	0.601272	0	-0.426642	-237.002	0	213.464	213.464	-2.13163e-14	12.4428	0	0	0	0	0	0	0	0	0	0	0	0	0	0	0	0	0	0	0	0	0	0	0	0	0	0	0	0	0	0	0	0	0	
1	1	1	622	18.66		300	0	0	0.0311	-0.0311	-0.000602455	0	0	0	89.2736	-101.155	0.000205839	0	0	0	4.30088	-6.64859	0	10.9495		300	0.60196	0.0214218	-0.0208014	-0.000915519	0	0	0	0.60196	0	-0.426642	-237.002	0	213.464	213.464	-2.13163e-14	12.4428	0	0	0	0	0	0	0	0	0	0	0	0	0	0	0	0	0	0	0	0	0	0	0	0	0	0	0	0	0	0	0	0	0	
1	1	1	623	18.69		300	0	0	0.03115	-0.03115	-0.000603629	0	0	0	89.3201	-101.214	0.000206125	0	0	0	4.3104	-6.64763	0	10.958		300	0.602647	0.0214666	-0.0208456	-0.000917007	0	0	0	0.602647	0	-0.426642	-237.002	0	213.464	213.464	-2.13163e-14	12.4428	0	0	0	0	0	0	0	0	0	0	0	0	0	0	0	0	0	0	0	0	0	0	0	0	0	0	0	0	0	0	0	0	0	
1	1	1	624	18.72		300	0	0	0.0312	-0.0312	-0.000604803	0	0	0	89.3667	-101.272	0.000206412	0	0	0	4.31993	-6.64666	0	10.9666		300	0.603334	0.0215114	-0.0208898	-0.000918494	0	0	0	0.603334	0	-0.426642	-237.002	0	213.464	213.464	-2.13163e-14	12.4428	0	0	0	0	0	0	0	0	0	0	0	0	0	0	0	0	0	0	0	0	0	0	0	0	0	0	0	0	0	0	0	0	0	
1	1	1	625	18.75		300	0	0	0.03125	-0.03125	-0.000605976	0	0	0	89.4132	-101.33	0.000206697	0	0	0	4.32946	-6.64568	0	10.9751		300	0.604021	0.0215562	-0.020934	-0.000919981	0	0	0	0.604021	0	-0.426642	-237.002	0	213.464	213.464	-2.13163e-14	12.4428	0	0	0	0	0	0	0	0	0	0	0	0	0	0	0	0	0	0	0	0	0	0	0	0	0	0	0	0	0	0	0	0	0	
1	1	1	626	18.78		300	0	0	0.0313	-0.0313	-0.00060715	0	0	0	89.4598	-101.389	0.000206983	0	0	0	4.339	-6.6447	0	10.9837		300	0.604707	0.021601	-0.0209782	-0.000921467	0	0	0	0.604707	0	-0.426642	-237.002	0	213.464	213.464	-2.13163e-14	12.4428	0	0	0	0	0	0	0	0	0	0	0	0	0	0	0	0	0	0	0	0	0	0	0	0	0	0	0	0	0	0	0	0	0	
1	1	1	627	18.81		300	0	0	0.03135	-0.03135	-0.000608323	0	0	0	89.5063	-101.447	0.000207268	0	0	0	4.34855	-6.6437	0	10.9922		300	0.605393	0.0216458	-0.0210224	-0.000922952	0	0	0	0.605393	0	-0.426642	-237.002	0	213.464	213.464	-2.13163e-14	12.4428	0	0	0	0	0	0	0	0	0	0	0	0	0	0	0	0	0	0	0	0	0	0	0	0	0	0	0	0	0	0	0	0	0	
1	1	1	628	18.84		300	0	0	0.0314	-0.0314	-0.000609496	0	0	0	89.5528	-101.506	0.000207553	0	0	0	4.3581	-6.64269	0	11.0008		300	0.606079	0.0216906	-0.0210666	-0.000924437	0	0	0	0.606079	0	-0.426642	-237.002	0	213.464	213.464	-2.13163e-14	12.4428	0	0	0	0	0	0	0	0	0	0	0	0	0	0	0	0	0	0	0	0	0	0	0	0	0	0	0	0	0	0	0	0	0	
1	1	1	629	18.87		300	0	0	0.03145	-0.03145	-0.000610669	0	0	0	89.5994	-101.564	0.000207838	0	0	0	4.36765	-6.64167	0	11.0093		300	0.606764	0.0217354	-0.0211107	-0.000925921	0	0	0	0.606764	0	-0.426642	-237.002	0	213.464	213.464	-2.13163e-14	12.4428	0	0	0	0	0	0	0	0	0	0	0	0	0	0	0	0	0	0	0	0	0	0	0	0	0	0	0	0	0	0	0	0	0	
1	1	1	630	18.9		300	0	0	0.0315	-0.0315	-0.000611842	0	0	0	89.6459	-101.622	0.000208122	0	0	0	4.37722	-6.64064	0	11.0179		300	0.607448	0.0217802	-0.0211549	-0.000927404	0	0	0	0.607448	0	-0.426642	-237.002	0	213.464	213.464	-2.13163e-14	12.4428	0	0	0	0	0	0	0	0	0	0	0	0	0	0	0	0	0	0	0	0	0	0	0	0	0	0	0	0	0	0	0	0	0	
1	1	1	631	18.93		300	0	0	0.03155	-0.03155	-0.000613015	0	0	0	89.6924	-101.681	0.000208406	0	0	0	4.38678	-6.6396	0	11.0264		300	0.608133	0.021825	-0.0211991	-0.000928887	0	0	0	0.608133	0	-0.426642	-237.002	0	213.464	213.464	-2.13163e-14	12.4428	0	0	0	0	0	0	0	0	0	0	0	0	0	0	0	0	0	0	0	0	0	0	0	0	0	0	0	0	0	0	0	0	0	
1	1	1	632	18.96		300	0	0	0.0316	-0.0316	-0.000614187	0	0	0	89.739	-101.739	0.00020869	0	0	0	4.39635	-6.63855	0	11.0349		300	0.608816	0.0218698	-0.0212433	-0.000930369	0	0	0	0.608816	0	-0.426642	-237.002	0	213.464	213.464	-2.13163e-14	12.4428	0	0	0	0	0	0	0	0	0	0	0	0	0	0	0	0	0	0	0	0	0	0	0	0	0	0	0	0	0	0	0	0	0	
1	1	1	633	18.99		300	0	0	0.03165	-0.03165	-0.00061536	0	0	0	89.7855	-101.797	0.000208974	0	0	0	4.40593	-6.63749	0	11.0434		300	0.6095	0.0219147	-0.0212875	-0.00093185	0	0	0	0.6095	0	-0.426642	-237.002	0	213.464	213.464	-2.13163e-14	12.4428	0	0	0	0	0	0	0	0	0	0	0	0	0	0	0	0	0	0	0	0	0	0	0	0	0	0	0	0	0	0	0	0	0	
1	1	1	634	19.02		300	0	0	0.0317	-0.0317	-0.000616533	0	0	0	89.832	-101.855	0.000209257	0	0	0	4.41551	-6.63642	0	11.0519		300	0.610183	0.0219595	-0.0213317	-0.000933331	0	0	0	0.610183	0	-0.426642	-237.002	0	213.464	213.464	-2.13163e-14	12.4428	0	0	0	0	0	0	0	0	0	0	0	0	0	0	0	0	0	0	0	0	0	0	0	0	0	0	0	0	0	0	0	0	0	
1	1	1	635	19.05		300	0	0	0.03175	-0.03175	-0.000617705	0	0	0	89.8785	-101.913	0.00020954	0	0	0	4.4251	-6.63534	0	11.0604		300	0.610865	0.0220043	-0.0213759	-0.000934811	0	0	0	0.610865	0	-0.426642	-237.002	0	213.464	213.464	-2.13163e-14	12.4428	0	0	0	0	0	0	0	0	0	0	0	0	0	0	0	0	0	0	0	0	0	0	0	0	0	0	0	0	0	0	0	0	0	
1	1	1	636	19.08		300	0	0	0.0318	-0.0318	-0.000618877	0	0	0	89.9251	-101.972	0.000209822	0	0	0	4.43469	-6.63424	0	11.0689		300	0.611547	0.0220491	-0.0214201	-0.000936291	0	0	0	0.611547	0	-0.426642	-237.002	0	213.464	213.464	-2.13163e-14	12.4428	0	0	0	0	0	0	0	0	0	0	0	0	0	0	0	0	0	0	0	0	0	0	0	0	0	0	0	0	0	0	0	0	0	
1	1	1	637	19.11		300	0	0	0.03185	-0.03185	-0.000620049	0	0	0	89.9716	-102.03	0.000210105	0	0	0	4.44429	-6.63314	0	11.0774		300	0.612229	0.0220939	-0.0214643	-0.00093777	0	0	0	0.612229	0	-0.426642	-237.002	0	213.464	213.464	-2.13163e-14	12.4428	0	0	0	0	0	0	0	0	0	0	0	0	0	0	0	0	0	0	0	0	0	0	0	0	0	0	0	0	0	0	0	0	0	
1	1	1	638	19.14		300	0	0	0.0319	-0.0319	-0.000621221	0	0	0	90.0181	-102.088	0.000210387	0	0	0	4.45389	-6.63203	0	11.0859		300	0.61291	0.0221387	-0.0215085	-0.000939248	0	0	0	0.61291	0	-0.426642	-237.002	0	213.464	213.464	-2.13163e-14	12.4428	0	0	0	0	0	0	0	0	0	0	0	0	0	0	0	0	0	0	0	0	0	0	0	0	0	0	0	0	0	0	0	0	0	
1	1	1	639	19.17		300	0	0	0.03195	-0.03195	-0.000622393	0	0	0	90.0646	-102.146	0.000210668	0	0	0	4.4635	-6.63091	0	11.0944		300	0.613591	0.0221835	-0.0215528	-0.000940726	0	0	0	0.613591	0	-0.426642	-237.002	0	213.464	213.464	-2.13163e-14	12.4428	0	0	0	0	0	0	0	0	0	0	0	0	0	0	0	0	0	0	0	0	0	0	0	0	0	0	0	0	0	0	0	0	0	
1	1	1	640	19.2		300	0	0	0.032	-0.032	-0.000623565	0	0	0	90.1111	-102.204	0.00021095	0	0	0	4.47311	-6.62977	0	11.1029		300	0.614272	0.0222283	-0.021597	-0.000942203	0	0	0	0.614272	0	-0.426642	-237.002	0	213.464	213.464	-2.13163e-14	12.4428	0	0	0	0	0	0	0	0	0	0	0	0	0	0	0	0	0	0	0	0	0	0	0	0	0	0	0	0	0	0	0	0	0	
1	1	1	641	19.23		300	0	0	0.03205	-0.03205	-0.000624736	0	0	0	90.1577	-102.262	0.000211231	0	0	0	4.48273	-6.62863	0	11.1114		300	0.614952	0.0222732	-0.0216412	-0.000943679	0	0	0	0.614952	0	-0.426642	-237.002	0	213.464	213.464	-2.13163e-14	12.4428	0	0	0	0	0	0	0	0	0	0	0	0	0	0	0	0	0	0	0	0	0	0	0	0	0	0	0	0	0	0	0	0	0	
1	1	1	642	19.26		300	0	0	0.0321	-0.0321	-0.000625908	0	0	0	90.2042	-102.32	0.000211512	0	0	0	4.49235	-6.62747	0	11.1198		300	0.615631	0.022318	-0.0216854	-0.000945155	0	0	0	0.615631	0	-0.426642	-237.002	0	213.464	213.464	-2.13163e-14	12.4428	0	0	0	0	0	0	0	0	0	0	0	0	0	0	0	0	0	0	0	0	0	0	0	0	0	0	0	0	0	0	0	0	0	
1	1	1	643	19.29		300	0	0	0.03215	-0.03215	-0.000627079	0	0	0	90.2507	-102.378	0.000211792	0	0	0	4.50198	-6.62631	0	11.1283		300	0.61631	0.0223628	-0.0217296	-0.00094663	0	0	0	0.61631	0	-0.426642	-237.002	0	213.464	213.464	-2.13163e-14	12.4428	0	0	0	0	0	0	0	0	0	0	0	0	0	0	0	0	0	0	0	0	0	0	0	0	0	0	0	0	0	0	0	0	0	
1	1	1	644	19.32		300	0	0	0.0322	-0.0322	-0.000628251	0	0	0	90.2972	-102.436	0.000212072	0	0	0	4.51162	-6.62513	0	11.1367		300	0.616989	0.0224076	-0.0217738	-0.000948105	0	0	0	0.616989	0	-0.426642	-237.002	0	213.464	213.464	-2.13163e-14	12.4428	0	0	0	0	0	0	0	0	0	0	0	0	0	0	0	0	0	0	0	0	0	0	0	0	0	0	0	0	0	0	0	0	0	
1	1	1	645	19.35		300	0	0	0.03225	-0.03225	-0.000629422	0	0	0	90.3437	-102.494	0.000212352	0	0	0	4.52126	-6.62395	0	11.1452		300	0.617668	0.0224524	-0.021818	-0.000949579	0	0	0	0.617668	0	-0.426642	-237.002	0	213.464	213.464	-2.13163e-14	12.4428	0	0	0	0	0	0	0	0	0	0	0	0	0	0	0	0	0	0	0	0	0	0	0	0	0	0	0	0	0	0	0	0	0	
1	1	1	646	19.38		300	0	0	0.0323	-0.0323	-0.000630593	0	0	0	90.3903	-102.552	0.000212632	0	0	0	4.5309	-6.62275	0	11.1537		300	0.618346	0.0224972	-0.0218623	-0.000951052	0	0	0	0.618346	0	-0.426642	-237.002	0	213.464	213.464	-2.13163e-14	12.4428	0	0	0	0	0	0	0	0	0	0	0	0	0	0	0	0	0	0	0	0	0	0	0	0	0	0	0	0	0	0	0	0	0	
1	1	1	647	19.41		300	0	0	0.03235	-0.03235	-0.000631764	0	0	0	90.4368	-102.61	0.000212911	0	0	0	4.54055	-6.62155	0	11.1621		300	0.619023	0.0225421	-0.0219065	-0.000952524	0	0	0	0.619023	0	-0.426642	-237.002	0	213.464	213.464	-2.13163e-14	12.4428	0	0	0	0	0	0	0	0	0	0	0	0	0	0	0	0	0	0	0	0	0	0	0	0	0	0	0	0	0	0	0	0	0	
1	1	1	648	19.44		300	0	0	0.0324	-0.0324	-0.000632935	0	0	0	90.4833	-102.668	0.00021319	0	0	0	4.5502	-6.62033	0	11.1705		300	0.619701	0.0225869	-0.0219507	-0.000953997	0	0	0	0.619701	0	-0.426642	-237.002	0	213.464	213.464	-2.13163e-14	12.4428	0	0	0	0	0	0	0	0	0	0	0	0	0	0	0	0	0	0	0	0	0	0	0	0	0	0	0	0	0	0	0	0	0	
1	1	1	649	19.47		300	0	0	0.03245	-0.03245	-0.000634105	0	0	0	90.5298	-102.726	0.000213469	0	0	0	4.55986	-6.6191	0	11.179		300	0.620377	0.0226317	-0.0219949	-0.000955468	0	0	0	0.620377	0	-0.426642	-237.002	0	213.464	213.464	-2.13163e-14	12.4428	0	0	0	0	0	0	0	0	0	0	0	0	0	0	0	0	0	0	0	0	0	0	0	0	0	0	0	0	0	0	0	0	0	
1	1	1	650	19.5		300	0	0	0.0325	-0.0325	-0.000635276	0	0	0	90.5763	-102.784	0.000213748	0	0	0	4.56953	-6.61787	0	11.1874		300	0.621054	0.0226765	-0.0220391	-0.000956939	0	0	0	0.621054	0	-0.426642	-237.002	0	213.464	213.464	-2.13163e-14	12.4428	0	0	0	0	0	0	0	0	0	0	0	0	0	0	0	0	0	0	0	0	0	0	0	0	0	0	0	0	0	0	0	0	0	
1	1	1	651	19.53		300	0	0	0.03255	-0.03255	-0.000636446	0	0	0	90.6229	-102.842	0.000214026	0	0	0	4.5792	-6.61662	0	11.1958		300	0.62173	0.0227213	-0.0220834	-0.000958409	0	0	0	0.62173	0	-0.426642	-237.002	0	213.464	213.464	-2.13163e-14	12.4428	0	0	0	0	0	0	0	0	0	0	0	0	0	0	0	0	0	0	0	0	0	0	0	0	0	0	0	0	0	0	0	0	0	
1	1	1	652	19.56		300	0	0	0.0326	-0.0326	-0.000637617	0	0	0	90.6694	-102.9	0.000214304	0	0	0	4.58888	-6.61536	0	11.2042		300	0.622405	0.0227662	-0.0221276	-0.000959879	0	0	0	0.622405	0	-0.426642	-237.002	0	213.464	213.464	-2.13163e-14	12.4428	0	0	0	0	0	0	0	0	0	0	0	0	0	0	0	0	0	0	0	0	0	0	0	0	0	0	0	0	0	0	0	0	0	
1	1	1	653	19.59		300	0	0	0.03265	-0.03265	-0.000638787	0	0	0	90.7159	-102.958	0.000214581	0	0	0	4.59856	-6.6141	0	11.2127		300	0.62308	0.022811	-0.0221718	-0.000961348	0	0	0	0.62308	0	-0.426642	-237.002	0	213.464	213.464	-2.13163e-14	12.4428	0	0	0	0	0	0	0	0	0	0	0	0	0	0	0	0	0	0	0	0	0	0	0	0	0	0	0	0	0	0	0	0	0	
1	1	1	654	19.62		300	0	0	0.0327	-0.0327	-0.000639957	0	0	0	90.7625	-103.016	0.000214858	0	0	0	4.60824	-6.61282	0	11.2211		300	0.623755	0.0228558	-0.0222161	-0.000962816	0	0	0	0.623755	0	-0.426642	-237.002	0	213.464	213.464	-2.13163e-14	12.4428	0	0	0	0	0	0	0	0	0	0	0	0	0	0	0	0	0	0	0	0	0	0	0	0	0	0	0	0	0	0	0	0	0	
1	1	1	655	19.65		300	0	0	0.03275	-0.03275	-0.000641127	0	0	0	90.809	-103.074	0.000215135	0	0	0	4.61794	-6.61153	0	11.2295		300	0.624429	0.0229006	-0.0222603	-0.000964284	0	0	0	0.624429	0	-0.426642	-237.002	0	213.464	213.464	-2.13163e-14	12.4428	0	0	0	0	0	0	0	0	0	0	0	0	0	0	0	0	0	0	0	0	0	0	0	0	0	0	0	0	0	0	0	0	0	
1	1	1	656	19.68		300	0	0	0.0328	-0.0328	-0.000642297	0	0	0	90.8555	-103.131	0.000215412	0	0	0	4.62763	-6.61023	0	11.2379		300	0.625103	0.0229454	-0.0223045	-0.000965752	0	0	0	0.625103	0	-0.426642	-237.002	0	213.464	213.464	-2.13163e-14	12.4428	0	0	0	0	0	0	0	0	0	0	0	0	0	0	0	0	0	0	0	0	0	0	0	0	0	0	0	0	0	0	0	0	0	
1	1	1	657	19.71		300	0	0	0.03285	-0.03285	-0.000643467	0	0	0	90.9021	-103.189	0.000215689	0	0	0	4.63733	-6.60892	0	11.2463		300	0.625777	0.0229903	-0.0223487	-0.000967218	0	0	0	0.625777	0	-0.426642	-237.002	0	213.464	213.464	-2.13163e-14	12.4428	0	0	0	0	0	0	0	0	0	0	0	0	0	0	0	0	0	0	0	0	0	0	0	0	0	0	0	0	0	0	0	0	0	
1	1	1	658	19.74		300	0	0	0.0329	-0.0329	-0.000644636	0	0	0	90.9486	-103.247	0.000215965	0	0	0	4.64704	-6.6076	0	11.2546		300	0.62645	0.0230351	-0.022393	-0.000968684	0	0	0	0.62645	0	-0.426642	-237.002	0	213.464	213.464	-2.13163e-14	12.4428	0	0	0	0	0	0	0	0	0	0	0	0	0	0	0	0	0	0	0	0	0	0	0	0	0	0	0	0	0	0	0	0	0	
1	1	1	659	19.77		300	0	0	0.03295	-0.03295	-0.000645806	0	0	0	90.9952	-103.305	0.00021624	0	0	0	4.65675	-6.60627	0	11.263		300	0.627123	0.0230799	-0.0224372	-0.00097015	0	0	0	0.627123	0	-0.426642	-237.002	0	213.464	213.464	-2.13163e-14	12.4428	0	0	0	0	0	0	0	0	0	0	0	0	0	0	0	0	0	0	0	0	0	0	0	0	0	0	0	0	0	0	0	0	0	
1	1	1	660	19.8		300	0	0	0.033	-0.033	-0.000646975	0	0	0	91.0417	-103.363	0.000216516	0	0	0	4.66647	-6.60493	0	11.2714		300	0.627795	0.0231247	-0.0224815	-0.000971615	0	0	0	0.627795	0	-0.426642	-237.002	0	213.464	213.464	-2.13163e-14	12.4428	0	0	0	0	0	0	0	0	0	0	0	0	0	0	0	0	0	0	0	0	0	0	0	0	0	0	0	0	0	0	0	0	0	
1	1	1	661	19.83		300	0	0	0.03305	-0.03305	-0.000648145	0	0	0	91.0883	-103.42	0.000216791	0	0	0	4.67619	-6.60359	0	11.2798		300	0.628467	0.0231695	-0.0225257	-0.000973079	0	0	0	0.628467	0	-0.426642	-237.002	0	213.464	213.464	-2.13163e-14	12.4428	0	0	0	0	0	0	0	0	0	0	0	0	0	0	0	0	0	0	0	0	0	0	0	0	0	0	0	0	0	0	0	0	0	
1	1	1	662	19.86		300	0	0	0.0331	-0.0331	-0.000649314	0	0	0	91.1348	-103.478	0.000217066	0	0	0	4.68592	-6.60223	0	11.2881		300	0.629139	0.0232144	-0.0225699	-0.000974543	0	0	0	0.629139	0	-0.426642	-237.002	0	213.464	213.464	-2.13163e-14	12.4428	0	0	0	0	0	0	0	0	0	0	0	0	0	0	0	0	0	0	0	0	0	0	0	0	0	0	0	0	0	0	0	0	0	
1	1	1	663	19.89		300	0	0	0.03315	-0.03315	-0.000650483	0	0	0	91.1814	-103.536	0.000217341	0	0	0	4.69566	-6.60086	0	11.2965		300	0.62981	0.0232592	-0.0226142	-0.000976006	0	0	0	0.62981	0	-0.426642	-237.002	0	213.464	213.464	-2.13163e-14	12.4428	0	0	0	0	0	0	0	0	0	0	0	0	0	0	0	0	0	0	0	0	0	0	0	0	0	0	0	0	0	0	0	0	0	
1	1	1	664	19.92		300	0	0	0.0332	-0.0332	-0.000651652	0	0	0	91.228	-103.593	0.000217615	0	0	0	4.70539	-6.59948	0	11.3049		300	0.630481	0.023304	-0.0226584	-0.000977469	0	0	0	0.630481	0	-0.426642	-237.002	0	213.464	213.464	-2.13163e-14	12.4428	0	0	0	0	0	0	0	0	0	0	0	0	0	0	0	0	0	0	0	0	0	0	0	0	0	0	0	0	0	0	0	0	0	
1	1	1	665	19.95		300	0	0	0.03325	-0.03325	-0.000652821	0	0	0	91.2745	-103.651	0.000217889	0	0	0	4.71514	-6.59809	0	11.3132		300	0.631151	0.0233488	-0.0227026	-0.000978931	0	0	0	0.631151	0	-0.426642	-237.002	0	213.464	213.464	-2.13163e-14	12.4428	0	0	0	0	0	0	0	0	0	0	0	0	0	0	0	0	0	0	0	0	0	0	0	0	0	0	0	0	0	0	0	0	0	
1	1	1	666	19.98		300	0	0	0.0333	-0.0333	-0.000653989	0	0	0	91.3211	-103.709	0.000218163	0	0	0	4.72489	-6.59668	0	11.3216		300	0.631821	0.0233937	-0.0227469	-0.000980392	0	0	0	0.631821	0	-0.426642	-237.002	0	213.464	213.464	-2.13163e-14	12.4428	0	0	0	0	0	0	0	0	0	0	0	0	0	0	0	0	0	0	0	0	0	0	0	0	0	0	0	0	0	0	0	0	0	
1	1	1	667	20.01		300	0	0	0.03335	-0.03335	-0.000655158	0	0	0	91.3677	-103.767	0.000218436	0	0	0	4.73464	-6.59527	0	11.3299		300	0.63249	0.0234385	-0.0227911	-0.000981853	0	0	0	0.63249	0	-0.426642	-237.002	0	213.464	213.464	-2.13163e-14	12.4428	0	0	0	0	0	0	0	0	0	0	0	0	0	0	0	0	0	0	0	0	0	0	0	0	0	0	0	0	0	0	0	0	0	
1	1	1	668	20.04		300	0	0	0.0334	-0.0334	-0.000656326	0	0	0	91.4143	-103.824	0.000218709	0	0	0	4.7444	-6.59385	0	11.3383		300	0.633159	0.0234833	-0.0228354	-0.000983314	0	0	0	0.633159	0	-0.426642	-237.002	0	213.464	213.464	-2.13163e-14	12.4428	0	0	0	0	0	0	0	0	0	0	0	0	0	0	0	0	0	0	0	0	0	0	0	0	0	0	0	0	0	0	0	0	0	
1	1	1	669	20.07		300	0	0	0.03345	-0.03345	-0.000657495	0	0	0	91.4609	-103.882	0.000218982	0	0	0	4.75416	-6.59242	0	11.3466		300	0.633828	0.0235281	-0.0228796	-0.000984773	0	0	0	0.633828	0	-0.426642	-237.002	0	213.464	213.464	-2.13163e-14	12.4428	0	0	0	0	0	0	0	0	0	0	0	0	0	0	0	0	0	0	0	0	0	0	0	0	0	0	0	0	0	0	0	0	0	
1	1	1	670	20.1		300	0	0	0.0335	-0.0335	-0.000658663	0	0	0	91.5074	-103.939	0.000219255	0	0	0	4.76393	-6.59098	0	11.3549		300	0.634497	0.0235729	-0.0229239	-0.000986233	0	0	0	0.634497	0	-0.426642	-237.002	0	213.464	213.464	-2.13163e-14	12.4428	0	0	0	0	0	0	0	0	0	0	0	0	0	0	0	0	0	0	0	0	0	0	0	0	0	0	0	0	0	0	0	0	0	
1	1	1	671	20.13		300	0	0	0.03355	-0.03355	-0.000659831	0	0	0	91.554	-103.997	0.000219527	0	0	0	4.77371	-6.58953	0	11.3632		300	0.635165	0.0236178	-0.0229681	-0.000987691	0	0	0	0.635165	0	-0.426642	-237.002	0	213.464	213.464	-2.13163e-14	12.4428	0	0	0	0	0	0	0	0	0	0	0	0	0	0	0	0	0	0	0	0	0	0	0	0	0	0	0	0	0	0	0	0	0	
1	1	1	672	20.16		300	0	0	0.0336	-0.0336	-0.000660999	0	0	0	91.6007	-104.055	0.000219799	0	0	0	4.78349	-6.58807	0	11.3716		300	0.635832	0.0236626	-0.0230123	-0.000989149	0	0	0	0.635832	0	-0.426642	-237.002	0	213.464	213.464	-2.13163e-14	12.4428	0	0	0	0	0	0	0	0	0	0	0	0	0	0	0	0	0	0	0	0	0	0	0	0	0	0	0	0	0	0	0	0	0	
1	1	1	673	20.19		300	0	0	0.03365	-0.03365	-0.000662167	0	0	0	91.6473	-104.112	0.000220071	0	0	0	4.79327	-6.5866	0	11.3799		300	0.636499	0.0237074	-0.0230566	-0.000990607	0	0	0	0.636499	0	-0.426642	-237.002	0	213.464	213.464	-2.13163e-14	12.4428	0	0	0	0	0	0	0	0	0	0	0	0	0	0	0	0	0	0	0	0	0	0	0	0	0	0	0	0	0	0	0	0	0	
1	1	1	674	20.22		300	0	0	0.0337	-0.0337	-0.000663335	0	0	0	91.6939	-104.17	0.000220342	0	0	0	4.80307	-6.58511	0	11.3882		300	0.637166	0.0237522	-0.0231008	-0.000992064	0	0	0	0.637166	0	-0.426642	-237.002	0	213.464	213.464	-2.13163e-14	12.4428	0	0	0	0	0	0	0	0	0	0	0	0	0	0	0	0	0	0	0	0	0	0	0	0	0	0	0	0	0	0	0	0	0	
1	1	1	675	20.25		300	0	0	0.03375	-0.03375	-0.000664502	0	0	0	91.7405	-104.227	0.000220613	0	0	0	4.81286	-6.58362	0	11.3965		300	0.637832	0.023797	-0.0231451	-0.00099352	0	0	0	0.637832	0	-0.426642	-237.002	0	213.464	213.464	-2.13163e-14	12.4428	0	0	0	0	0	0	0	0	0	0	0	0	0	0	0	0	0	0	0	0	0	0	0	0	0	0	0	0	0	0	0	0	0	
1	1	1	676	20.28		300	0	0	0.0338	-0.0338	-0.00066567	0	0	0	91.7871	-104.285	0.000220884	0	0	0	4.82266	-6.58212	0	11.4048		300	0.638498	0.0238419	-0.0231893	-0.000994976	0	0	0	0.638498	0	-0.426642	-237.002	0	213.464	213.464	-2.13163e-14	12.4428	0	0	0	0	0	0	0	0	0	0	0	0	0	0	0	0	0	0	0	0	0	0	0	0	0	0	0	0	0	0	0	0	0	
1	1	1	677	20.31		300	0	0	0.03385	-0.03385	-0.000666837	0	0	0	91.8338	-104.343	0.000221155	0	0	0	4.83247	-6.58061	0	11.4131		300	0.639164	0.0238867	-0.0232336	-0.000996431	0	0	0	0.639164	0	-0.426642	-237.002	0	213.464	213.464	-2.13163e-14	12.4428	0	0	0	0	0	0	0	0	0	0	0	0	0	0	0	0	0	0	0	0	0	0	0	0	0	0	0	0	0	0	0	0	0	
1	1	1	678	20.34		300	0	0	0.0339	-0.0339	-0.000668005	0	0	0	91.8804	-104.4	0.000221425	0	0	0	4.84228	-6.57909	0	11.4214		300	0.639829	0.0239315	-0.0232778	-0.000997886	0	0	0	0.639829	0	-0.426642	-237.002	0	213.464	213.464	-2.13163e-14	12.4428	0	0	0	0	0	0	0	0	0	0	0	0	0	0	0	0	0	0	0	0	0	0	0	0	0	0	0	0	0	0	0	0	0	
1	1	1	679	20.37		300	0	0	0.03395	-0.03395	-0.000669172	0	0	0	91.9271	-104.458	0.000221695	0	0	0	4.8521	-6.57755	0	11.4297		300	0.640494	0.0239763	-0.0233221	-0.00099934	0	0	0	0.640494	0	-0.426642	-237.002	0	213.464	213.464	-2.13163e-14	12.4428	0	0	0	0	0	0	0	0	0	0	0	0	0	0	0	0	0	0	0	0	0	0	0	0	0	0	0	0	0	0	0	0	0	
1	1	1	680	20.4		300	0	0	0.034	-0.034	-0.000670339	0	0	0	91.9737	-104.515	0.000221964	0	0	0	4.86192	-6.57601	0	11.4379		300	0.641158	0.0240211	-0.0233663	-0.00100079	0	0	0	0.641158	0	-0.426642	-237.002	0	213.464	213.464	-2.13163e-14	12.4428	0	0	0	0	0	0	0	0	0	0	0	0	0	0	0	0	0	0	0	0	0	0	0	0	0	0	0	0	0	0	0	0	0	
1	1	1	681	20.43		300	0	0	0.03405	-0.03405	-0.000671506	0	0	0	92.0204	-104.573	0.000222234	0	0	0	4.87175	-6.57446	0	11.4462		300	0.641822	0.024066	-0.0234106	-0.00100225	0	0	0	0.641822	0	-0.426642	-237.002	0	213.464	213.464	-2.13163e-14	12.4428	0	0	0	0	0	0	0	0	0	0	0	0	0	0	0	0	0	0	0	0	0	0	0	0	0	0	0	0	0	0	0	0	0	
1	1	1	682	20.46		300	0	0	0.0341	-0.0341	-0.000672673	0	0	0	92.0671	-104.63	0.000222503	0	0	0	4.88158	-6.5729	0	11.4545		300	0.642486	0.0241108	-0.0234548	-0.0010037	0	0	0	0.642486	0	-0.426642	-237.002	0	213.464	213.464	-2.13163e-14	12.4428	0	0	0	0	0	0	0	0	0	0	0	0	0	0	0	0	0	0	0	0	0	0	0	0	0	0	0	0	0	0	0	0	0	
1	1	1	683	20.49		300	0	0	0.03415	-0.03415	-0.000673839	0	0	0	92.1138	-104.688	0.000222771	0	0	0	4.89142	-6.57132	0	11.4627		300	0.643149	0.0241556	-0.0234991	-0.00100515	0	0	0	0.643149	0	-0.426642	-237.002	0	213.464	213.464	-2.13163e-14	12.4428	0	0	0	0	0	0	0	0	0	0	0	0	0	0	0	0	0	0	0	0	0	0	0	0	0	0	0	0	0	0	0	0	0	
1	1	1	684	20.52		300	0	0	0.0342	-0.0342	-0.000675006	0	0	0	92.1604	-104.745	0.00022304	0	0	0	4.90126	-6.56974	0	11.471		300	0.643812	0.0242004	-0.0235433	-0.0010066	0	0	0	0.643812	0	-0.426642	-237.002	0	213.464	213.464	-2.13163e-14	12.4428	0	0	0	0	0	0	0	0	0	0	0	0	0	0	0	0	0	0	0	0	0	0	0	0	0	0	0	0	0	0	0	0	0	
1	1	1	685	20.55		300	0	0	0.03425	-0.03425	-0.000676172	0	0	0	92.2071	-104.803	0.000223308	0	0	0	4.91111	-6.56815	0	11.4793		300	0.644474	0.0242452	-0.0235876	-0.00100805	0	0	0	0.644474	0	-0.426642	-237.002	0	213.464	213.464	-2.13163e-14	12.4428	0	0	0	0	0	0	0	0	0	0	0	0	0	0	0	0	0	0	0	0	0	0	0	0	0	0	0	0	0	0	0	0	0	
1	1	1	686	20.58		300	0	0	0.0343	-0.0343	-0.000677339	0	0	0	92.2539	-104.86	0.000223576	0	0	0	4.92096	-6.56654	0	11.4875		300	0.645136	0.02429	-0.0236319	-0.0010095	0	0	0	0.645136	0	-0.426642	-237.002	0	213.464	213.464	-2.13163e-14	12.4428	0	0	0	0	0	0	0	0	0	0	0	0	0	0	0	0	0	0	0	0	0	0	0	0	0	0	0	0	0	0	0	0	0	
1	1	1	687	20.61		300	0	0	0.03435	-0.03435	-0.000678505	0	0	0	92.3006	-104.918	0.000223844	0	0	0	4.93082	-6.56493	0	11.4957		300	0.645798	0.0243349	-0.0236761	-0.00101095	0	0	0	0.645798	0	-0.426642	-237.002	0	213.464	213.464	-2.13163e-14	12.4428	0	0	0	0	0	0	0	0	0	0	0	0	0	0	0	0	0	0	0	0	0	0	0	0	0	0	0	0	0	0	0	0	0	
1	1	1	688	20.64		300	0	0	0.0344	-0.0344	-0.000679671	0	0	0	92.3473	-104.975	0.000224111	0	0	0	4.94068	-6.56331	0	11.504		300	0.646459	0.0243797	-0.0237204	-0.0010124	0	0	0	0.646459	0	-0.426642	-237.002	0	213.464	213.464	-2.13163e-14	12.4428	0	0	0	0	0	0	0	0	0	0	0	0	0	0	0	0	0	0	0	0	0	0	0	0	0	0	0	0	0	0	0	0	0	
1	1	1	689	20.67		300	0	0	0.03445	-0.03445	-0.000680837	0	0	0	92.394	-105.033	0.000224378	0	0	0	4.95055	-6.56168	0	11.5122		300	0.64712	0.0244245	-0.0237646	-0.00101385	0	0	0	0.64712	0	-0.426642	-237.002	0	213.464	213.464	-2.13163e-14	12.4428	0	0	0	0	0	0	0	0	0	0	0	0	0	0	0	0	0	0	0	0	0	0	0	0	0	0	0	0	0	0	0	0	0	
1	1	1	690	20.7		300	0	0	0.0345	-0.0345	-0.000682003	0	0	0	92.4408	-105.09	0.000224645	0	0	0	4.96042	-6.56003	0	11.5205		300	0.647781	0.0244693	-0.0238089	-0.0010153	0	0	0	0.647781	0	-0.426642	-237.002	0	213.464	213.464	-2.13163e-14	12.4428	0	0	0	0	0	0	0	0	0	0	0	0	0	0	0	0	0	0	0	0	0	0	0	0	0	0	0	0	0	0	0	0	0	
1	1	1	691	20.73		300	0	0	0.03455	-0.03455	-0.000683168	0	0	0	92.4875	-105.148	0.000224911	0	0	0	4.9703	-6.55838	0	11.5287		300	0.648441	0.0245141	-0.0238531	-0.00101675	0	0	0	0.648441	0	-0.426642	-237.002	0	213.464	213.464	-2.13163e-14	12.4428	0	0	0	0	0	0	0	0	0	0	0	0	0	0	0	0	0	0	0	0	0	0	0	0	0	0	0	0	0	0	0	0	0	
1	1	1	692	20.76		300	0	0	0.0346	-0.0346	-0.000684334	0	0	0	92.5343	-105.205	0.000225177	0	0	0	4.98019	-6.55672	0	11.5369		300	0.6491	0.0245589	-0.0238974	-0.0010182	0	0	0	0.6491	0	-0.426642	-237.002	0	213.464	213.464	-2.13163e-14	12.4428	0	0	0	0	0	0	0	0	0	0	0	0	0	0	0	0	0	0	0	0	0	0	0	0	0	0	0	0	0	0	0	0	0	
1	1	1	693	20.79		300	0	0	0.03465	-0.03465	-0.0006855	0	0	0	92.5811	-105.263	0.000225443	0	0	0	4.99008	-6.55504	0	11.5451		300	0.64976	0.0246037	-0.0239416	-0.00101964	0	0	0	0.64976	0	-0.426642	-237.002	0	213.464	213.464	-2.13163e-14	12.4428	0	0	0	0	0	0	0	0	0	0	0	0	0	0	0	0	0	0	0	0	0	0	0	0	0	0	0	0	0	0	0	0	0	
1	1	1	694	20.82		300	0	0	0.0347	-0.0347	-0.000686665	0	0	0	92.6278	-105.32	0.000225709	0	0	0	4.99997	-6.55336	0	11.5533		300	0.650419	0.0246485	-0.0239859	-0.00102109	0	0	0	0.650419	0	-0.426642	-237.002	0	213.464	213.464	-2.13163e-14	12.4428	0	0	0	0	0	0	0	0	0	0	0	0	0	0	0	0	0	0	0	0	0	0	0	0	0	0	0	0	0	0	0	0	0	
1	1	1	695	20.85		300	0	0	0.03475	-0.03475	-0.00068783	0	0	0	92.6746	-105.377	0.000225974	0	0	0	5.00987	-6.55166	0	11.5615		300	0.651077	0.0246934	-0.0240301	-0.00102253	0	0	0	0.651077	0	-0.426642	-237.002	0	213.464	213.464	-2.13163e-14	12.4428	0	0	0	0	0	0	0	0	0	0	0	0	0	0	0	0	0	0	0	0	0	0	0	0	0	0	0	0	0	0	0	0	0	
1	1	1	696	20.88		300	0	0	0.0348	-0.0348	-0.000688995	0	0	0	92.7214	-105.435	0.000226239	0	0	0	5.01978	-6.54996	0	11.5697		300	0.651735	0.0247382	-0.0240744	-0.00102398	0	0	0	0.651735	0	-0.426642	-237.002	0	213.464	213.464	-2.13163e-14	12.4428	0	0	0	0	0	0	0	0	0	0	0	0	0	0	0	0	0	0	0	0	0	0	0	0	0	0	0	0	0	0	0	0	0	
1	1	1	697	20.91		300	0	0	0.03485	-0.03485	-0.00069016	0	0	0	92.7682	-105.492	0.000226503	0	0	0	5.02969	-6.54825	0	11.5779		300	0.652393	0.024783	-0.0241187	-0.00102542	0	0	0	0.652393	0	-0.426642	-237.002	0	213.464	213.464	-2.13163e-14	12.4428	0	0	0	0	0	0	0	0	0	0	0	0	0	0	0	0	0	0	0	0	0	0	0	0	0	0	0	0	0	0	0	0	0	
1	1	1	698	20.94		300	0	0	0.0349	-0.0349	-0.000691325	0	0	0	92.8151	-105.55	0.000226768	0	0	0	5.0396	-6.54652	0	11.5861		300	0.653051	0.0248278	-0.0241629	-0.00102687	0	0	0	0.653051	0	-0.426642	-237.002	0	213.464	213.464	-2.13163e-14	12.4428	0	0	0	0	0	0	0	0	0	0	0	0	0	0	0	0	0	0	0	0	0	0	0	0	0	0	0	0	0	0	0	0	0	
1	1	1	699	20.97		300	0	0	0.03495	-0.03495	-0.00069249	0	0	0	92.8619	-105.607	0.000227032	0	0	0	5.04952	-6.54479	0	11.5943		300	0.653708	0.0248726	-0.0242072	-0.00102831	0	0	0	0.653708	0	-0.426642	-237.002	0	213.464	213.464	-2.13163e-14	12.4428	0	0	0	0	0	0	0	0	0	0	0	0	0	0	0	0	0	0	0	0	0	0	0	0	0	0	0	0	0	0	0	0	0	
1	1	1	700	21		300	0	0	0.035	-0.035	-0.000693655	0	0	0	92.9087	-105.665	0.000227296	0	0	0	5.05945	-6.54305	0	11.6025		300	0.654364	0.0249174	-0.0242514	-0.00102976	0	0	0	0.654364	0	-0.426642	-237.002	0	213.464	213.464	-2.13163e-14	12.4428	0	0	0	0	0	0	0	0	0	0	0	0	0	0	0	0	0	0	0	0	0	0	0	0	0	0	0	0	0	0	0	0	0	
1	1	1	701	21.03		300	0	0	0.03505	-0.03505	-0.000694819	0	0	0	92.9556	-105.722	0.000227559	0	0	0	5.06938	-6.54129	0	11.6107		300	0.65502	0.0249622	-0.0242957	-0.0010312	0	0	0	0.65502	0	-0.426642	-237.002	0	213.464	213.464	-2.13163e-14	12.4428	0	0	0	0	0	0	0	0	0	0	0	0	0	0	0	0	0	0	0	0	0	0	0	0	0	0	0	0	0	0	0	0	0	
1	1	1	702	21.06		300	0	0	0.0351	-0.0351	-0.000695984	0	0	0	93.0025	-105.779	0.000227822	0	0	0	5.07932	-6.53953	0	11.6188		300	0.655676	0.025007	-0.0243399	-0.00103264	0	0	0	0.655676	0	-0.426642	-237.002	0	213.464	213.464	-2.13163e-14	12.4428	0	0	0	0	0	0	0	0	0	0	0	0	0	0	0	0	0	0	0	0	0	0	0	0	0	0	0	0	0	0	0	0	0	
1	1	1	703	21.09		300	0	0	0.03515	-0.03515	-0.000697148	0	0	0	93.0493	-105.837	0.000228085	0	0	0	5.08926	-6.53776	0	11.627		300	0.656332	0.0250518	-0.0243842	-0.00103408	0	0	0	0.656332	0	-0.426642	-237.002	0	213.464	213.464	-2.13163e-14	12.4428	0	0	0	0	0	0	0	0	0	0	0	0	0	0	0	0	0	0	0	0	0	0	0	0	0	0	0	0	0	0	0	0	0	
1	1	1	704	21.12		300	0	0	0.0352	-0.0352	-0.000698312	0	0	0	93.0962	-105.894	0.000228348	0	0	0	5.09921	-6.53597	0	11.6352		300	0.656987	0.0250966	-0.0244284	-0.00103552	0	0	0	0.656987	0	-0.426642	-237.002	0	213.464	213.464	-2.13163e-14	12.4428	0	0	0	0	0	0	0	0	0	0	0	0	0	0	0	0	0	0	0	0	0	0	0	0	0	0	0	0	0	0	0	0	0	
1	1	1	705	21.15		300	0	0	0.03525	-0.03525	-0.000699476	0	0	0	93.1431	-105.952	0.00022861	0	0	0	5.10916	-6.53418	0	11.6433		300	0.657642	0.0251414	-0.0244727	-0.00103696	0	0	0	0.657642	0	-0.426642	-237.002	0	213.464	213.464	-2.13163e-14	12.4428	0	0	0	0	0	0	0	0	0	0	0	0	0	0	0	0	0	0	0	0	0	0	0	0	0	0	0	0	0	0	0	0	0	
1	1	1	706	21.18		300	0	0	0.0353	-0.0353	-0.00070064	0	0	0	93.1901	-106.009	0.000228872	0	0	0	5.11912	-6.53238	0	11.6515		300	0.658296	0.0251862	-0.024517	-0.0010384	0	0	0	0.658296	0	-0.426642	-237.002	0	213.464	213.464	-2.13163e-14	12.4428	0	0	0	0	0	0	0	0	0	0	0	0	0	0	0	0	0	0	0	0	0	0	0	0	0	0	0	0	0	0	0	0	0	
1	1	1	707	21.21		300	0	0	0.03535	-0.03535	-0.000701804	0	0	0	93.237	-106.066	0.000229134	0	0	0	5.12908	-6.53056	0	11.6596		300	0.65895	0.025231	-0.0245612	-0.00103984	0	0	0	0.65895	0	-0.426642	-237.002	0	213.464	213.464	-2.13163e-14	12.4428	0	0	0	0	0	0	0	0	0	0	0	0	0	0	0	0	0	0	0	0	0	0	0	0	0	0	0	0	0	0	0	0	0	
1	1	1	708	21.24		300	0	0	0.0354	-0.0354	-0.000702968	0	0	0	93.2839	-106.124	0.000229395	0	0	0	5.13905	-6.52874	0	11.6678		300	0.659603	0.0252758	-0.0246055	-0.00104128	0	0	0	0.659603	0	-0.426642	-237.002	0	213.464	213.464	-2.13163e-14	12.4428	0	0	0	0	0	0	0	0	0	0	0	0	0	0	0	0	0	0	0	0	0	0	0	0	0	0	0	0	0	0	0	0	0	
1	1	1	709	21.27		300	0	0	0.03545	-0.03545	-0.000704131	0	0	0	93.3309	-106.181	0.000229657	0	0	0	5.14902	-6.5269	0	11.6759		300	0.660256	0.0253206	-0.0246497	-0.00104272	0	0	0	0.660256	0	-0.426642	-237.002	0	213.464	213.464	-2.13163e-14	12.4428	0	0	0	0	0	0	0	0	0	0	0	0	0	0	0	0	0	0	0	0	0	0	0	0	0	0	0	0	0	0	0	0	0	
1	1	1	710	21.3		300	0	0	0.0355	-0.0355	-0.000705295	0	0	0	93.3778	-106.239	0.000229917	0	0	0	5.159	-6.52506	0	11.6841		300	0.660909	0.0253654	-0.024694	-0.00104416	0	0	0	0.660909	0	-0.426642	-237.002	0	213.464	213.464	-2.13163e-14	12.4428	0	0	0	0	0	0	0	0	0	0	0	0	0	0	0	0	0	0	0	0	0	0	0	0	0	0	0	0	0	0	0	0	0	
1	1	1	711	21.33		300	0	0	0.03555	-0.03555	-0.000706458	0	0	0	93.4248	-106.296	0.000230178	0	0	0	5.16898	-6.52321	0	11.6922		300	0.661562	0.0254102	-0.0247382	-0.0010456	0	0	0	0.661562	0	-0.426642	-237.002	0	213.464	213.464	-2.13163e-14	12.4428	0	0	0	0	0	0	0	0	0	0	0	0	0	0	0	0	0	0	0	0	0	0	0	0	0	0	0	0	0	0	0	0	0	
1	1	1	712	21.36		300	0	0	0.0356	-0.0356	-0.000707621	0	0	0	93.4718	-106.353	0.000230438	0	0	0	5.17897	-6.52134	0	11.7003		300	0.662214	0.025455	-0.0247825	-0.00104703	0	0	0	0.662214	0	-0.426642	-237.002	0	213.464	213.464	-2.13163e-14	12.4428	0	0	0	0	0	0	0	0	0	0	0	0	0	0	0	0	0	0	0	0	0	0	0	0	0	0	0	0	0	0	0	0	0	
1	1	1	713	21.39		300	0	0	0.03565	-0.03565	-0.000708784	0	0	0	93.5188	-106.411	0.000230698	0	0	0	5.18896	-6.51947	0	11.7084		300	0.662865	0.0254998	-0.0248267	-0.00104847	0	0	0	0.662865	0	-0.426642	-237.002	0	213.464	213.464	-2.13163e-14	12.4428	0	0	0	0	0	0	0	0	0	0	0	0	0	0	0	0	0	0	0	0	0	0	0	0	0	0	0	0	0	0	0	0	0	
1	1	1	714	21.42		300	0	0	0.0357	-0.0357	-0.000709947	0	0	0	93.5658	-106.468	0.000230958	0	0	0	5.19896	-6.51759	0	11.7165		300	0.663517	0.0255446	-0.024871	-0.00104991	0	0	0	0.663517	0	-0.426642	-237.002	0	213.464	213.464	-2.13163e-14	12.4428	0	0	0	0	0	0	0	0	0	0	0	0	0	0	0	0	0	0	0	0	0	0	0	0	0	0	0	0	0	0	0	0	0	
1	1	1	715	21.45		300	0	0	0.03575	-0.03575	-0.00071111	0	0	0	93.6129	-106.525	0.000231217	0	0	0	5.20897	-6.51569	0	11.7247		300	0.664167	0.0255894	-0.0249152	-0.00105134	0	0	0	0.664167	0	-0.426642	-237.002	0	213.464	213.464	-2.13163e-14	12.4428	0	0	0	0	0	0	0	0	0	0	0	0	0	0	0	0	0	0	0	0	0	0	0	0	0	0	0	0	0	0	0	0	0	
1	1	1	716	21.48		300	0	0	0.0358	-0.0358	-0.000712273	0	0	0	93.6599	-106.583	0.000231477	0	0	0	5.21898	-6.51379	0	11.7328		300	0.664818	0.0256342	-0.0249595	-0.00105278	0	0	0	0.664818	0	-0.426642	-237.002	0	213.464	213.464	-2.13163e-14	12.4428	0	0	0	0	0	0	0	0	0	0	0	0	0	0	0	0	0	0	0	0	0	0	0	0	0	0	0	0	0	0	0	0	0	
1	1	1	717	21.51		300	0	0	0.03585	-0.03585	-0.000713436	0	0	0	93.707	-106.64	0.000231735	0	0	0	5.22899	-6.51188	0	11.7409		300	0.665468	0.025679	-0.0250037	-0.00105421	0	0	0	0.665468	0	-0.426642	-237.002	0	213.464	213.464	-2.13163e-14	12.4428	0	0	0	0	0	0	0	0	0	0	0	0	0	0	0	0	0	0	0	0	0	0	0	0	0	0	0	0	0	0	0	0	0	
1	1	1	718	21.54		300	0	0	0.0359	-0.0359	-0.000714598	0	0	0	93.7541	-106.698	0.000231994	0	0	0	5.23901	-6.50995	0	11.749		300	0.666118	0.0257238	-0.025048	-0.00105565	0	0	0	0.666118	0	-0.426642	-237.002	0	213.464	213.464	-2.13163e-14	12.4428	0	0	0	0	0	0	0	0	0	0	0	0	0	0	0	0	0	0	0	0	0	0	0	0	0	0	0	0	0	0	0	0	0	
1	1	1	719	21.57		300	0	0	0.03595	-0.03595	-0.000715761	0	0	0	93.8012	-106.755	0.000232252	0	0	0	5.24904	-6.50802	0	11.7571		300	0.666767	0.0257686	-0.0250922	-0.00105708	0	0	0	0.666767	0	-0.426642	-237.002	0	213.464	213.464	-2.13163e-14	12.4428	0	0	0	0	0	0	0	0	0	0	0	0	0	0	0	0	0	0	0	0	0	0	0	0	0	0	0	0	0	0	0	0	0	
1	1	1	720	21.6		300	0	0	0.036	-0.036	-0.000716923	0	0	0	93.8483	-106.812	0.00023251	0	0	0	5.25907	-6.50608	0	11.7651		300	0.667416	0.0258134	-0.0251365	-0.00105851	0	0	0	0.667416	0	-0.426642	-237.002	0	213.464	213.464	-2.13163e-14	12.4428	0	0	0	0	0	0	0	0	0	0	0	0	0	0	0	0	0	0	0	0	0	0	0	0	0	0	0	0	0	0	0	0	0	
1	1	1	721	21.63		300	0	0	0.03605	-0.03605	-0.000718085	0	0	0	93.8954	-106.87	0.000232768	0	0	0	5.2691	-6.50412	0	11.7732		300	0.668065	0.0258581	-0.0251807	-0.00105995	0	0	0	0.668065	0	-0.426642	-237.002	0	213.464	213.464	-2.13163e-14	12.4428	0	0	0	0	0	0	0	0	0	0	0	0	0	0	0	0	0	0	0	0	0	0	0	0	0	0	0	0	0	0	0	0	0	
1	1	1	722	21.66		300	0	0	0.0361	-0.0361	-0.000719247	0	0	0	93.9425	-106.927	0.000233025	0	0	0	5.27914	-6.50216	0	11.7813		300	0.668713	0.0259029	-0.025225	-0.00106138	0	0	0	0.668713	0	-0.426642	-237.002	0	213.464	213.464	-2.13163e-14	12.4428	0	0	0	0	0	0	0	0	0	0	0	0	0	0	0	0	0	0	0	0	0	0	0	0	0	0	0	0	0	0	0	0	0	
1	1	1	723	21.69		300	0	0	0.03615	-0.03615	-0.000720409	0	0	0	93.9897	-106.985	0.000233282	0	0	0	5.28919	-6.50019	0	11.7894		300	0.669361	0.0259477	-0.0252692	-0.00106281	0	0	0	0.669361	0	-0.426642	-237.002	0	213.464	213.464	-2.13163e-14	12.4428	0	0	0	0	0	0	0	0	0	0	0	0	0	0	0	0	0	0	0	0	0	0	0	0	0	0	0	0	0	0	0	0	0	
1	1	1	724	21.72		300	0	0	0.0362	-0.0362	-0.000721571	0	0	0	94.0368	-107.042	0.000233539	0	0	0	5.29924	-6.4982	0	11.7974		300	0.670008	0.0259925	-0.0253135	-0.00106424	0	0	0	0.670008	0	-0.426642	-237.002	0	213.464	213.464	-2.13163e-14	12.4428	0	0	0	0	0	0	0	0	0	0	0	0	0	0	0	0	0	0	0	0	0	0	0	0	0	0	0	0	0	0	0	0	0	
1	1	1	725	21.75		300	0	0	0.03625	-0.03625	-0.000722732	0	0	0	94.084	-107.099	0.000233795	0	0	0	5.3093	-6.49621	0	11.8055		300	0.670655	0.0260373	-0.0253577	-0.00106567	0	0	0	0.670655	0	-0.426642	-237.002	0	213.464	213.464	-2.13163e-14	12.4428	0	0	0	0	0	0	0	0	0	0	0	0	0	0	0	0	0	0	0	0	0	0	0	0	0	0	0	0	0	0	0	0	0	
1	1	1	726	21.78		300	0	0	0.0363	-0.0363	-0.000723894	0	0	0	94.1312	-107.157	0.000234052	0	0	0	5.31936	-6.49421	0	11.8136		300	0.671302	0.0260821	-0.025402	-0.0010671	0	0	0	0.671302	0	-0.426642	-237.002	0	213.464	213.464	-2.13163e-14	12.4428	0	0	0	0	0	0	0	0	0	0	0	0	0	0	0	0	0	0	0	0	0	0	0	0	0	0	0	0	0	0	0	0	0	
1	1	1	727	21.81		300	0	0	0.03635	-0.03635	-0.000725055	0	0	0	94.1784	-107.214	0.000234308	0	0	0	5.32943	-6.4922	0	11.8216		300	0.671948	0.0261268	-0.0254462	-0.00106853	0	0	0	0.671948	0	-0.426642	-237.002	0	213.464	213.464	-2.13163e-14	12.4428	0	0	0	0	0	0	0	0	0	0	0	0	0	0	0	0	0	0	0	0	0	0	0	0	0	0	0	0	0	0	0	0	0	
1	1	1	728	21.84		300	0	0	0.0364	-0.0364	-0.000726216	0	0	0	94.2257	-107.272	0.000234563	0	0	0	5.3395	-6.49017	0	11.8297		300	0.672594	0.0261716	-0.0254905	-0.00106996	0	0	0	0.672594	0	-0.426642	-237.002	0	213.464	213.464	-2.13163e-14	12.4428	0	0	0	0	0	0	0	0	0	0	0	0	0	0	0	0	0	0	0	0	0	0	0	0	0	0	0	0	0	0	0	0	0	
1	1	1	729	21.87		300	0	0	0.03645	-0.03645	-0.000727378	0	0	0	94.2729	-107.329	0.000234819	0	0	0	5.34957	-6.48814	0	11.8377		300	0.67324	0.0262164	-0.0255347	-0.00107139	0	0	0	0.67324	0	-0.426642	-237.002	0	213.464	213.464	-2.13163e-14	12.4428	0	0	0	0	0	0	0	0	0	0	0	0	0	0	0	0	0	0	0	0	0	0	0	0	0	0	0	0	0	0	0	0	0	
1	1	1	730	21.9		300	0	0	0.0365	-0.0365	-0.000728539	0	0	0	94.3202	-107.386	0.000235074	0	0	0	5.35966	-6.4861	0	11.8458		300	0.673885	0.0262612	-0.025579	-0.00107282	0	0	0	0.673885	0	-0.426642	-237.002	0	213.464	213.464	-2.13163e-14	12.4428	0	0	0	0	0	0	0	0	0	0	0	0	0	0	0	0	0	0	0	0	0	0	0	0	0	0	0	0	0	0	0	0	0	
1	1	1	731	21.93		300	0	0	0.03655	-0.03655	-0.0007297	0	0	0	94.3675	-107.444	0.000235328	0	0	0	5.36975	-6.48405	0	11.8538		300	0.67453	0.0263059	-0.0256232	-0.00107425	0	0	0	0.67453	0	-0.426642	-237.002	0	213.464	213.464	-2.13163e-14	12.4428	0	0	0	0	0	0	0	0	0	0	0	0	0	0	0	0	0	0	0	0	0	0	0	0	0	0	0	0	0	0	0	0	0	
1	1	1	732	21.96		300	0	0	0.0366	-0.0366	-0.00073086	0	0	0	94.4148	-107.501	0.000235583	0	0	0	5.37984	-6.48198	0	11.8618		300	0.675174	0.0263507	-0.0256674	-0.00107568	0	0	0	0.675174	0	-0.426642	-237.002	0	213.464	213.464	-2.13163e-14	12.4428	0	0	0	0	0	0	0	0	0	0	0	0	0	0	0	0	0	0	0	0	0	0	0	0	0	0	0	0	0	0	0	0	0	
1	1	1	733	21.99		300	0	0	0.03665	-0.03665	-0.000732021	0	0	0	94.4621	-107.559	0.000235837	0	0	0	5.38994	-6.47991	0	11.8698		300	0.675818	0.0263955	-0.0257117	-0.0010771	0	0	0	0.675818	0	-0.426642	-237.002	0	213.464	213.464	-2.13163e-14	12.4428	0	0	0	0	0	0	0	0	0	0	0	0	0	0	0	0	0	0	0	0	0	0	0	0	0	0	0	0	0	0	0	0	0	
1	1	1	734	22.02		300	0	0	0.0367	-0.0367	-0.000733181	0	0	0	94.5094	-107.616	0.000236091	0	0	0	5.40004	-6.47783	0	11.8779		300	0.676462	0.0264402	-0.0257559	-0.00107853	0	0	0	0.676462	0	-0.426642	-237.002	0	213.464	213.464	-2.13163e-14	12.4428	0	0	0	0	0	0	0	0	0	0	0	0	0	0	0	0	0	0	0	0	0	0	0	0	0	0	0	0	0	0	0	0	0	
1	1	1	735	22.05		300	0	0	0.03675	-0.03675	-0.000734342	0	0	0	94.5568	-107.674	0.000236344	0	0	0	5.41015	-6.47574	0	11.8859		300	0.677105	0.026485	-0.0258002	-0.00107996	0	0	0	0.677105	0	-0.426642	-237.002	0	213.464	213.464	-2.13163e-14	12.4428	0	0	0	0	0	0	0	0	0	0	0	0	0	0	0	0	0	0	0	0	0	0	0	0	0	0	0	0	0	0	0	0	0	
1	1	1	736	22.08		300	0	0	0.0368	-0.0368	-0.000735502	0	0	0	94.6042	-107.731	0.000236598	0	0	0	5.42026	-6.47363	0	11.8939		300	0.677748	0.0265298	-0.0258444	-0.00108138	0	0	0	0.677748	0	-0.426642	-237.002	0	213.464	213.464	-2.13163e-14	12.4428	0	0	0	0	0	0	0	0	0	0	0	0	0	0	0	0	0	0	0	0	0	0	0	0	0	0	0	0	0	0	0	0	0	
1	1	1	737	22.11		300	0	0	0.03685	-0.03685	-0.000736662	0	0	0	94.6516	-107.789	0.000236851	0	0	0	5.43038	-6.47152	0	11.9019		300	0.678391	0.0265745	-0.0258886	-0.00108281	0	0	0	0.678391	0	-0.426642	-237.002	0	213.464	213.464	-2.13163e-14	12.4428	0	0	0	0	0	0	0	0	0	0	0	0	0	0	0	0	0	0	0	0	0	0	0	0	0	0	0	0	0	0	0	0	0	
1	1	1	738	22.14		300	0	0	0.0369	-0.0369	-0.000737822	0	0	0	94.699	-107.846	0.000237103	0	0	0	5.44051	-6.4694	0	11.9099		300	0.679033	0.0266193	-0.0259329	-0.00108423	0	0	0	0.679033	0	-0.426642	-237.002	0	213.464	213.464	-2.13163e-14	12.4428	0	0	0	0	0	0	0	0	0	0	0	0	0	0	0	0	0	0	0	0	0	0	0	0	0	0	0	0	0	0	0	0	0	
1	1	1	739	22.17		300	0	0	0.03695	-0.03695	-0.000738982	0	0	0	94.7464	-107.904	0.000237356	0	0	0	5.45064	-6.46727	0	11.9179		300	0.679675	0.0266641	-0.0259771	-0.00108566	0	0	0	0.679675	0	-0.426642	-237.002	0	213.464	213.464	-2.13163e-14	12.4428	0	0	0	0	0	0	0	0	0	0	0	0	0	0	0	0	0	0	0	0	0	0	0	0	0	0	0	0	0	0	0	0	0	
1	1	1	740	22.2		300	0	0	0.037	-0.037	-0.000740142	0	0	0	94.7938	-107.961	0.000237608	0	0	0	5.46077	-6.46513	0	11.9259		300	0.680316	0.0267088	-0.0260213	-0.00108708	0	0	0	0.680316	0	-0.426642	-237.002	0	213.464	213.464	-2.13163e-14	12.4428	0	0	0	0	0	0	0	0	0	0	0	0	0	0	0	0	0	0	0	0	0	0	0	0	0	0	0	0	0	0	0	0	0	
1	1	1	741	22.23		300	0	0	0.03705	-0.03705	-0.000741302	0	0	0	94.8413	-108.018	0.00023786	0	0	0	5.47091	-6.46298	0	11.9339		300	0.680957	0.0267536	-0.0260656	-0.00108851	0	0	0	0.680957	0	-0.426642	-237.002	0	213.464	213.464	-2.13163e-14	12.4428	0	0	0	0	0	0	0	0	0	0	0	0	0	0	0	0	0	0	0	0	0	0	0	0	0	0	0	0	0	0	0	0	0	
1	1	1	742	22.26		300	0	0	0.0371	-0.0371	-0.000742461	0	0	0	94.8888	-108.076	0.000238111	0	0	0	5.48106	-6.46081	0	11.9419		300	0.681598	0.0267983	-0.0261098	-0.00108993	0	0	0	0.681598	0	-0.426642	-237.002	0	213.464	213.464	-2.13163e-14	12.4428	0	0	0	0	0	0	0	0	0	0	0	0	0	0	0	0	0	0	0	0	0	0	0	0	0	0	0	0	0	0	0	0	0	
1	1	1	743	22.29		300	0	0	0.03715	-0.03715	-0.000743621	0	0	0	94.9363	-108.133	0.000238363	0	0	0	5.49121	-6.45864	0	11.9499		300	0.682238	0.0268431	-0.026154	-0.00109135	0	0	0	0.682238	0	-0.426642	-237.002	0	213.464	213.464	-2.13163e-14	12.4428	0	0	0	0	0	0	0	0	0	0	0	0	0	0	0	0	0	0	0	0	0	0	0	0	0	0	0	0	0	0	0	0	0	
1	1	1	744	22.32		300	0	0	0.0372	-0.0372	-0.00074478	0	0	0	94.9838	-108.191	0.000238614	0	0	0	5.50137	-6.45646	0	11.9578		300	0.682878	0.0268878	-0.0261983	-0.00109277	0	0	0	0.682878	0	-0.426642	-237.002	0	213.464	213.464	-2.13163e-14	12.4428	0	0	0	0	0	0	0	0	0	0	0	0	0	0	0	0	0	0	0	0	0	0	0	0	0	0	0	0	0	0	0	0	0	
1	1	1	745	22.35		300	0	0	0.03725	-0.03725	-0.000745939	0	0	0	95.0314	-108.248	0.000238864	0	0	0	5.51153	-6.45427	0	11.9658		300	0.683518	0.0269326	-0.0262425	-0.0010942	0	0	0	0.683518	0	-0.426642	-237.002	0	213.464	213.464	-2.13163e-14	12.4428	0	0	0	0	0	0	0	0	0	0	0	0	0	0	0	0	0	0	0	0	0	0	0	0	0	0	0	0	0	0	0	0	0	
1	1	1	746	22.38		300	0	0	0.0373	-0.0373	-0.000747098	0	0	0	95.0789	-108.306	0.000239115	0	0	0	5.52169	-6.45207	0	11.9738		300	0.684157	0.0269773	-0.0262867	-0.00109562	0	0	0	0.684157	0	-0.426642	-237.002	0	213.464	213.464	-2.13163e-14	12.4428	0	0	0	0	0	0	0	0	0	0	0	0	0	0	0	0	0	0	0	0	0	0	0	0	0	0	0	0	0	0	0	0	0	
1	1	1	747	22.41		300	0	0	0.03735	-0.03735	-0.000748257	0	0	0	95.1265	-108.364	0.000239365	0	0	0	5.53187	-6.44986	0	11.9817		300	0.684796	0.0270221	-0.026331	-0.00109704	0	0	0	0.684796	0	-0.426642	-237.002	0	213.464	213.464	-2.13163e-14	12.4428	0	0	0	0	0	0	0	0	0	0	0	0	0	0	0	0	0	0	0	0	0	0	0	0	0	0	0	0	0	0	0	0	0	
1	1	1	748	22.44		300	0	0	0.0374	-0.0374	-0.000749416	0	0	0	95.1741	-108.421	0.000239614	0	0	0	5.54204	-6.44764	0	11.9897		300	0.685435	0.0270668	-0.0263752	-0.00109846	0	0	0	0.685435	0	-0.426642	-237.002	0	213.464	213.464	-2.13163e-14	12.4428	0	0	0	0	0	0	0	0	0	0	0	0	0	0	0	0	0	0	0	0	0	0	0	0	0	0	0	0	0	0	0	0	0	
1	1	1	749	22.47		300	0	0	0.03745	-0.03745	-0.000750575	0	0	0	95.2218	-108.479	0.000239864	0	0	0	5.55223	-6.44541	0	11.9976		300	0.686073	0.0271116	-0.0264194	-0.00109988	0	0	0	0.686073	0	-0.426642	-237.002	0	213.464	213.464	-2.13163e-14	12.4428	0	0	0	0	0	0	0	0	0	0	0	0	0	0	0	0	0	0	0	0	0	0	0	0	0	0	0	0	0	0	0	0	0	
1	1	1	750	22.5		300	0	0	0.0375	-0.0375	-0.000751733	0	0	0	95.2694	-108.536	0.000240113	0	0	0	5.56241	-6.44317	0	12.0056		300	0.68671	0.0271563	-0.0264636	-0.0011013	0	0	0	0.68671	0	-0.426642	-237.002	0	213.464	213.464	-2.13163e-14	12.4428	0	0	0	0	0	0	0	0	0	0	0	0	0	0	0	0	0	0	0	0	0	0	0	0	0	0	0	0	0	0	0	0	0	
1	1	1	751	22.53		300	0	0	0.03755	-0.03755	-0.000752892	0	0	0	95.3171	-108.594	0.000240362	0	0	0	5.57261	-6.44092	0	12.0135		300	0.687348	0.027201	-0.0265079	-0.00110272	0	0	0	0.687348	0	-0.426642	-237.002	0	213.464	213.464	-2.13163e-14	12.4428	0	0	0	0	0	0	0	0	0	0	0	0	0	0	0	0	0	0	0	0	0	0	0	0	0	0	0	0	0	0	0	0	0	
1	1	1	752	22.56		300	0	0	0.0376	-0.0376	-0.00075405	0	0	0	95.3648	-108.651	0.000240611	0	0	0	5.5828	-6.43866	0	12.0215		300	0.687985	0.0272458	-0.0265521	-0.00110414	0	0	0	0.687985	0	-0.426642	-237.002	0	213.464	213.464	-2.13163e-14	12.4428	0	0	0	0	0	0	0	0	0	0	0	0	0	0	0	0	0	0	0	0	0	0	0	0	0	0	0	0	0	0	0	0	0	
1	1	1	753	22.59		300	0	0	0.03765	-0.03765	-0.000755208	0	0	0	95.4125	-108.709	0.000240859	0	0	0	5.59301	-6.43639	0	12.0294		300	0.688621	0.0272905	-0.0265963	-0.00110556	0	0	0	0.688621	0	-0.426642	-237.002	0	213.464	213.464	-2.13163e-14	12.4428	0	0	0	0	0	0	0	0	0	0	0	0	0	0	0	0	0	0	0	0	0	0	0	0	0	0	0	0	0	0	0	0	0	
1	1	1	754	22.62		300	0	0	0.0377	-0.0377	-0.000756366	0	0	0	95.4602	-108.767	0.000241107	0	0	0	5.60322	-6.43411	0	12.0373		300	0.689257	0.0273352	-0.0266405	-0.00110697	0	0	0	0.689257	0	-0.426642	-237.002	0	213.464	213.464	-2.13163e-14	12.4428	0	0	0	0	0	0	0	0	0	0	0	0	0	0	0	0	0	0	0	0	0	0	0	0	0	0	0	0	0	0	0	0	0	
1	1	1	755	22.65		300	0	0	0.03775	-0.03775	-0.000757524	0	0	0	95.508	-108.824	0.000241355	0	0	0	5.61343	-6.43182	0	12.0452		300	0.689893	0.02738	-0.0266847	-0.00110839	0	0	0	0.689893	0	-0.426642	-237.002	0	213.464	213.464	-2.13163e-14	12.4428	0	0	0	0	0	0	0	0	0	0	0	0	0	0	0	0	0	0	0	0	0	0	0	0	0	0	0	0	0	0	0	0	0	
1	1	1	756	22.68		300	0	0	0.0378	-0.0378	-0.000758682	0	0	0	95.5557	-108.882	0.000241602	0	0	0	5.62365	-6.42952	0	12.0532		300	0.690529	0.0274247	-0.0267289	-0.00110981	0	0	0	0.690529	0	-0.426642	-237.002	0	213.464	213.464	-2.13163e-14	12.4428	0	0	0	0	0	0	0	0	0	0	0	0	0	0	0	0	0	0	0	0	0	0	0	0	0	0	0	0	0	0	0	0	0	
1	1	1	757	22.71		300	0	0	0.03785	-0.03785	-0.000759839	0	0	0	95.6035	-108.939	0.000241849	0	0	0	5.63387	-6.42721	0	12.0611		300	0.691164	0.0274694	-0.0267732	-0.00111122	0	0	0	0.691164	0	-0.426642	-237.002	0	213.464	213.464	-2.13163e-14	12.4428	0	0	0	0	0	0	0	0	0	0	0	0	0	0	0	0	0	0	0	0	0	0	0	0	0	0	0	0	0	0	0	0	0	
1	1	1	758	22.74		300	0	0	0.0379	-0.0379	-0.000760997	0	0	0	95.6514	-108.997	0.000242096	0	0	0	5.6441	-6.42489	0	12.069		300	0.691799	0.0275141	-0.0268174	-0.00111264	0	0	0	0.691799	0	-0.426642	-237.002	0	213.464	213.464	-2.13163e-14	12.4428	0	0	0	0	0	0	0	0	0	0	0	0	0	0	0	0	0	0	0	0	0	0	0	0	0	0	0	0	0	0	0	0	0	
1	1	1	759	22.77		300	0	0	0.03795	-0.03795	-0.000762154	0	0	0	95.6992	-109.055	0.000242343	0	0	0	5.65434	-6.42256	0	12.0769		300	0.692433	0.0275589	-0.0268616	-0.00111406	0	0	0	0.692433	0	-0.426642	-237.002	0	213.464	213.464	-2.13163e-14	12.4428	0	0	0	0	0	0	0	0	0	0	0	0	0	0	0	0	0	0	0	0	0	0	0	0	0	0	0	0	0	0	0	0	0	
1	1	1	760	22.8		300	0	0	0.038	-0.038	-0.000763311	0	0	0	95.7471	-109.112	0.000242589	0	0	0	5.66458	-6.42022	0	12.0848		300	0.693067	0.0276036	-0.0269058	-0.00111547	0	0	0	0.693067	0	-0.426642	-237.002	0	213.464	213.464	-2.13163e-14	12.4428	0	0	0	0	0	0	0	0	0	0	0	0	0	0	0	0	0	0	0	0	0	0	0	0	0	0	0	0	0	0	0	0	0	
1	1	1	761	22.83		300	0	0	0.03805	-0.03805	-0.000764469	0	0	0	95.795	-109.17	0.000242835	0	0	0	5.67482	-6.41787	0	12.0927		300	0.693701	0.0276483	-0.02695	-0.00111689	0	0	0	0.693701	0	-0.426642	-237.002	0	213.464	213.464	-2.13163e-14	12.4428	0	0	0	0	0	0	0	0	0	0	0	0	0	0	0	0	0	0	0	0	0	0	0	0	0	0	0	0	0	0	0	0	0	
1	1	1	762	22.86		300	0	0	0.0381	-0.0381	-0.000765626	0	0	0	95.8429	-109.228	0.000243081	0	0	0	5.68508	-6.41551	0	12.1006		300	0.694334	0.027693	-0.0269942	-0.0011183	0	0	0	0.694334	0	-0.426642	-237.002	0	213.464	213.464	-2.13163e-14	12.4428	0	0	0	0	0	0	0	0	0	0	0	0	0	0	0	0	0	0	0	0	0	0	0	0	0	0	0	0	0	0	0	0	0	
1	1	1	763	22.89		300	0	0	0.03815	-0.03815	-0.000766783	0	0	0	95.8908	-109.285	0.000243326	0	0	0	5.69533	-6.41314	0	12.1085		300	0.694967	0.0277377	-0.0270384	-0.00111972	0	0	0	0.694967	0	-0.426642	-237.002	0	213.464	213.464	-2.13163e-14	12.4428	0	0	0	0	0	0	0	0	0	0	0	0	0	0	0	0	0	0	0	0	0	0	0	0	0	0	0	0	0	0	0	0	0	
1	1	1	764	22.92		300	0	0	0.0382	-0.0382	-0.000767939	0	0	0	95.9388	-109.343	0.000243571	0	0	0	5.70559	-6.41076	0	12.1164		300	0.695599	0.0277825	-0.0270826	-0.00112113	0	0	0	0.695599	0	-0.426642	-237.002	0	213.464	213.464	-2.13163e-14	12.4428	0	0	0	0	0	0	0	0	0	0	0	0	0	0	0	0	0	0	0	0	0	0	0	0	0	0	0	0	0	0	0	0	0	
1	1	1	765	22.95		300	0	0	0.03825	-0.03825	-0.000769096	0	0	0	95.9868	-109.401	0.000243816	0	0	0	5.71586	-6.40837	0	12.1242		300	0.696232	0.0278272	-0.0271268	-0.00112254	0	0	0	0.696232	0	-0.426642	-237.002	0	213.464	213.464	-2.13163e-14	12.4428	0	0	0	0	0	0	0	0	0	0	0	0	0	0	0	0	0	0	0	0	0	0	0	0	0	0	0	0	0	0	0	0	0	
1	1	1	766	22.98		300	0	0	0.0383	-0.0383	-0.000770252	0	0	0	96.0348	-109.459	0.000244061	0	0	0	5.72613	-6.40597	0	12.1321		300	0.696863	0.0278719	-0.027171	-0.00112396	0	0	0	0.696863	0	-0.426642	-237.002	0	213.464	213.464	-2.13163e-14	12.4428	0	0	0	0	0	0	0	0	0	0	0	0	0	0	0	0	0	0	0	0	0	0	0	0	0	0	0	0	0	0	0	0	0	
1	1	1	767	23.01		300	0	0	0.03835	-0.03835	-0.000771409	0	0	0	96.0828	-109.516	0.000244305	0	0	0	5.73641	-6.40356	0	12.14		300	0.697495	0.0279166	-0.0272152	-0.00112537	0	0	0	0.697495	0	-0.426642	-237.002	0	213.464	213.464	-2.13163e-14	12.4428	0	0	0	0	0	0	0	0	0	0	0	0	0	0	0	0	0	0	0	0	0	0	0	0	0	0	0	0	0	0	0	0	0	
1	1	1	768	23.04		300	0	0	0.0384	-0.0384	-0.000772565	0	0	0	96.1309	-109.574	0.000244549	0	0	0	5.74669	-6.40115	0	12.1478		300	0.698126	0.0279613	-0.0272594	-0.00112678	0	0	0	0.698126	0	-0.426642	-237.002	0	213.464	213.464	-2.13163e-14	12.4428	0	0	0	0	0	0	0	0	0	0	0	0	0	0	0	0	0	0	0	0	0	0	0	0	0	0	0	0	0	0	0	0	0	
1	1	1	769	23.07		300	0	0	0.03845	-0.03845	-0.000773721	0	0	0	96.179	-109.632	0.000244793	0	0	0	5.75698	-6.39872	0	12.1557		300	0.698757	0.028006	-0.0273036	-0.00112819	0	0	0	0.698757	0	-0.426642	-237.002	0	213.464	213.464	-2.13163e-14	12.4428	0	0	0	0	0	0	0	0	0	0	0	0	0	0	0	0	0	0	0	0	0	0	0	0	0	0	0	0	0	0	0	0	0	
1	1	1	770	23.1		300	0	0	0.0385	-0.0385	-0.000774877	0	0	0	96.2271	-109.69	0.000245036	0	0	0	5.76727	-6.39628	0	12.1636		300	0.699387	0.0280507	-0.0273478	-0.0011296	0	0	0	0.699387	0	-0.426642	-237.002	0	213.464	213.464	-2.13163e-14	12.4428	0	0	0	0	0	0	0	0	0	0	0	0	0	0	0	0	0	0	0	0	0	0	0	0	0	0	0	0	0	0	0	0	0	
1	1	1	771	23.13		300	0	0	0.03855	-0.03855	-0.000776033	0	0	0	96.2752	-109.748	0.000245279	0	0	0	5.77757	-6.39383	0	12.1714		300	0.700017	0.0280954	-0.027392	-0.00113101	0	0	0	0.700017	0	-0.426642	-237.002	0	213.464	213.464	-2.13163e-14	12.4428	0	0	0	0	0	0	0	0	0	0	0	0	0	0	0	0	0	0	0	0	0	0	0	0	0	0	0	0	0	0	0	0	0	
1	1	1	772	23.16		300	0	0	0.0386	-0.0386	-0.000777189	0	0	0	96.3234	-109.805	0.000245522	0	0	0	5.78788	-6.39137	0	12.1792		300	0.700647	0.0281401	-0.0274362	-0.00113242	0	0	0	0.700647	0	-0.426642	-237.002	0	213.464	213.464	-2.13163e-14	12.4428	0	0	0	0	0	0	0	0	0	0	0	0	0	0	0	0	0	0	0	0	0	0	0	0	0	0	0	0	0	0	0	0	0	
1	1	1	773	23.19		300	0	0	0.03865	-0.03865	-0.000778344	0	0	0	96.3715	-109.863	0.000245764	0	0	0	5.79818	-6.3889	0	12.1871		300	0.701276	0.0281848	-0.0274804	-0.00113383	0	0	0	0.701276	0	-0.426642	-237.002	0	213.464	213.464	-2.13163e-14	12.4428	0	0	0	0	0	0	0	0	0	0	0	0	0	0	0	0	0	0	0	0	0	0	0	0	0	0	0	0	0	0	0	0	0	
1	1	1	774	23.22		300	0	0	0.0387	-0.0387	-0.0007795	0	0	0	96.4198	-109.921	0.000246007	0	0	0	5.8085	-6.38643	0	12.1949		300	0.701905	0.0282294	-0.0275245	-0.00113524	0	0	0	0.701905	0	-0.426642	-237.002	0	213.464	213.464	-2.13163e-14	12.4428	0	0	0	0	0	0	0	0	0	0	0	0	0	0	0	0	0	0	0	0	0	0	0	0	0	0	0	0	0	0	0	0	0	
1	1	1	775	23.25		300	0	0	0.03875	-0.03875	-0.000780655	0	0	0	96.468	-109.979	0.000246248	0	0	0	5.81882	-6.38394	0	12.2028		300	0.702533	0.0282741	-0.0275687	-0.00113665	0	0	0	0.702533	0	-0.426642	-237.002	0	213.464	213.464	-2.13163e-14	12.4428	0	0	0	0	0	0	0	0	0	0	0	0	0	0	0	0	0	0	0	0	0	0	0	0	0	0	0	0	0	0	0	0	0	
1	1	1	776	23.28		300	0	0	0.0388	-0.0388	-0.00078181	0	0	0	96.5163	-110.037	0.00024649	0	0	0	5.82914	-6.38144	0	12.2106		300	0.703161	0.0283188	-0.0276129	-0.00113806	0	0	0	0.703161	0	-0.426642	-237.002	0	213.464	213.464	-2.13163e-14	12.4428	0	0	0	0	0	0	0	0	0	0	0	0	0	0	0	0	0	0	0	0	0	0	0	0	0	0	0	0	0	0	0	0	0	
1	1	1	777	23.31		300	0	0	0.03885	-0.03885	-0.000782965	0	0	0	96.5646	-110.095	0.000246731	0	0	0	5.83947	-6.37893	0	12.2184		300	0.703789	0.0283635	-0.0276571	-0.00113947	0	0	0	0.703789	0	-0.426642	-237.002	0	213.464	213.464	-2.13163e-14	12.4428	0	0	0	0	0	0	0	0	0	0	0	0	0	0	0	0	0	0	0	0	0	0	0	0	0	0	0	0	0	0	0	0	0	
1	1	1	778	23.34		300	0	0	0.0389	-0.0389	-0.00078412	0	0	0	96.6129	-110.153	0.000246972	0	0	0	5.84981	-6.37642	0	12.2262		300	0.704416	0.0284082	-0.0277013	-0.00114088	0	0	0	0.704416	0	-0.426642	-237.002	0	213.464	213.464	-2.13163e-14	12.4428	0	0	0	0	0	0	0	0	0	0	0	0	0	0	0	0	0	0	0	0	0	0	0	0	0	0	0	0	0	0	0	0	0	
1	1	1	779	23.37		300	0	0	0.03895	-0.03895	-0.000785275	0	0	0	96.6612	-110.211	0.000247213	0	0	0	5.86015	-6.37389	0	12.234		300	0.705043	0.0284528	-0.0277454	-0.00114229	0	0	0	0.705043	0	-0.426642	-237.002	0	213.464	213.464	-2.13163e-14	12.4428	0	0	0	0	0	0	0	0	0	0	0	0	0	0	0	0	0	0	0	0	0	0	0	0	0	0	0	0	0	0	0	0	0	
1	1	1	780	23.4		300	0	0	0.039	-0.039	-0.00078643	0	0	0	96.7096	-110.269	0.000247454	0	0	0	5.8705	-6.37135	0	12.2418		300	0.70567	0.0284975	-0.0277896	-0.00114369	0	0	0	0.70567	0	-0.426642	-237.002	0	213.464	213.464	-2.13163e-14	12.4428	0	0	0	0	0	0	0	0	0	0	0	0	0	0	0	0	0	0	0	0	0	0	0	0	0	0	0	0	0	0	0	0	0	
1	1	1	781	23.43		300	0	0	0.03905	-0.03905	-0.000787584	0	0	0	96.758	-110.327	0.000247694	0	0	0	5.88085	-6.36881	0	12.2497		300	0.706296	0.0285422	-0.0278338	-0.0011451	0	0	0	0.706296	0	-0.426642	-237.002	0	213.464	213.464	-2.13163e-14	12.4428	0	0	0	0	0	0	0	0	0	0	0	0	0	0	0	0	0	0	0	0	0	0	0	0	0	0	0	0	0	0	0	0	0	
1	1	1	782	23.46		300	0	0	0.0391	-0.0391	-0.000788738	0	0	0	96.8064	-110.384	0.000247934	0	0	0	5.8912	-6.36625	0	12.2575		300	0.706922	0.0285869	-0.0278779	-0.00114651	0	0	0	0.706922	0	-0.426642	-237.002	0	213.464	213.464	-2.13163e-14	12.4428	0	0	0	0	0	0	0	0	0	0	0	0	0	0	0	0	0	0	0	0	0	0	0	0	0	0	0	0	0	0	0	0	0	
1	1	1	783	23.49		300	0	0	0.03915	-0.03915	-0.000789893	0	0	0	96.8549	-110.443	0.000248173	0	0	0	5.90157	-6.36368	0	12.2652		300	0.707548	0.0286315	-0.0279221	-0.00114791	0	0	0	0.707548	0	-0.426642	-237.002	0	213.464	213.464	-2.13163e-14	12.4428	0	0	0	0	0	0	0	0	0	0	0	0	0	0	0	0	0	0	0	0	0	0	0	0	0	0	0	0	0	0	0	0	0	
1	1	1	784	23.52		300	0	0	0.0392	-0.0392	-0.000791047	0	0	0	96.9034	-110.501	0.000248412	0	0	0	5.91193	-6.36111	0	12.273		300	0.708173	0.0286762	-0.0279663	-0.00114932	0	0	0	0.708173	0	-0.426642	-237.002	0	213.464	213.464	-2.13163e-14	12.4428	0	0	0	0	0	0	0	0	0	0	0	0	0	0	0	0	0	0	0	0	0	0	0	0	0	0	0	0	0	0	0	0	0	
1	1	1	785	23.55		300	0	0	0.03925	-0.03925	-0.000792201	0	0	0	96.9519	-110.559	0.000248651	0	0	0	5.92231	-6.35852	0	12.2808		300	0.708798	0.0287208	-0.0280104	-0.00115072	0	0	0	0.708798	0	-0.426642	-237.002	0	213.464	213.464	-2.13163e-14	12.4428	0	0	0	0	0	0	0	0	0	0	0	0	0	0	0	0	0	0	0	0	0	0	0	0	0	0	0	0	0	0	0	0	0	
1	1	1	786	23.58		300	0	0	0.0393	-0.0393	-0.000793355	0	0	0	97.0004	-110.617	0.00024889	0	0	0	5.93269	-6.35592	0	12.2886		300	0.709422	0.0287655	-0.0280546	-0.00115213	0	0	0	0.709422	0	-0.426642	-237.002	0	213.464	213.464	-2.13163e-14	12.4428	0	0	0	0	0	0	0	0	0	0	0	0	0	0	0	0	0	0	0	0	0	0	0	0	0	0	0	0	0	0	0	0	0	
1	1	1	787	23.61		300	0	0	0.03935	-0.03935	-0.000794508	0	0	0	97.049	-110.675	0.000249128	0	0	0	5.94307	-6.35332	0	12.2964		300	0.710046	0.0288102	-0.0280987	-0.00115353	0	0	0	0.710046	0	-0.426642	-237.002	0	213.464	213.464	-2.13163e-14	12.4428	0	0	0	0	0	0	0	0	0	0	0	0	0	0	0	0	0	0	0	0	0	0	0	0	0	0	0	0	0	0	0	0	0	
1	1	1	788	23.64		300	0	0	0.0394	-0.0394	-0.000795662	0	0	0	97.0976	-110.733	0.000249367	0	0	0	5.95346	-6.3507	0	12.3042		300	0.71067	0.0288548	-0.0281429	-0.00115494	0	0	0	0.71067	0	-0.426642	-237.002	0	213.464	213.464	-2.13163e-14	12.4428	0	0	0	0	0	0	0	0	0	0	0	0	0	0	0	0	0	0	0	0	0	0	0	0	0	0	0	0	0	0	0	0	0	
1	1	1	789	23.67		300	0	0	0.03945	-0.03945	-0.000796815	0	0	0	97.1462	-110.791	0.000249604	0	0	0	5.96385	-6.34807	0	12.3119		300	0.711293	0.0288995	-0.0281871	-0.00115634	0	0	0	0.711293	0	-0.426642	-237.002	0	213.464	213.464	-2.13163e-14	12.4428	0	0	0	0	0	0	0	0	0	0	0	0	0	0	0	0	0	0	0	0	0	0	0	0	0	0	0	0	0	0	0	0	0	
1	1	1	790	23.7		300	0	0	0.0395	-0.0395	-0.000797969	0	0	0	97.1949	-110.849	0.000249842	0	0	0	5.97425	-6.34544	0	12.3197		300	0.711916	0.0289441	-0.0282312	-0.00115774	0	0	0	0.711916	0	-0.426642	-237.002	0	213.464	213.464	-2.13163e-14	12.4428	0	0	0	0	0	0	0	0	0	0	0	0	0	0	0	0	0	0	0	0	0	0	0	0	0	0	0	0	0	0	0	0	0	
1	1	1	791	23.73		300	0	0	0.03955	-0.03955	-0.000799122	0	0	0	97.2435	-110.907	0.000250079	0	0	0	5.98466	-6.34279	0	12.3274		300	0.712539	0.0289887	-0.0282754	-0.00115915	0	0	0	0.712539	0	-0.426642	-237.002	0	213.464	213.464	-2.13163e-14	12.4428	0	0	0	0	0	0	0	0	0	0	0	0	0	0	0	0	0	0	0	0	0	0	0	0	0	0	0	0	0	0	0	0	0	
1	1	1	792	23.76		300	0	0	0.0396	-0.0396	-0.000800275	0	0	0	97.2923	-110.965	0.000250316	0	0	0	5.99507	-6.34014	0	12.3352		300	0.713161	0.0290334	-0.0283195	-0.00116055	0	0	0	0.713161	0	-0.426642	-237.002	0	213.464	213.464	-2.13163e-14	12.4428	0	0	0	0	0	0	0	0	0	0	0	0	0	0	0	0	0	0	0	0	0	0	0	0	0	0	0	0	0	0	0	0	0	
1	1	1	793	23.79		300	0	0	0.03965	-0.03965	-0.000801428	0	0	0	97.341	-111.024	0.000250553	0	0	0	6.00548	-6.33747	0	12.343		300	0.713783	0.029078	-0.0283636	-0.00116195	0	0	0	0.713783	0	-0.426642	-237.002	0	213.464	213.464	-2.13163e-14	12.4428	0	0	0	0	0	0	0	0	0	0	0	0	0	0	0	0	0	0	0	0	0	0	0	0	0	0	0	0	0	0	0	0	0	
1	1	1	794	23.82		300	0	0	0.0397	-0.0397	-0.000802581	0	0	0	97.3898	-111.082	0.000250789	0	0	0	6.0159	-6.3348	0	12.3507		300	0.714405	0.0291227	-0.0284078	-0.00116335	0	0	0	0.714405	0	-0.426642	-237.002	0	213.464	213.464	-2.13163e-14	12.4428	0	0	0	0	0	0	0	0	0	0	0	0	0	0	0	0	0	0	0	0	0	0	0	0	0	0	0	0	0	0	0	0	0	
1	1	1	795	23.85		300	0	0	0.03975	-0.03975	-0.000803733	0	0	0	97.4386	-111.14	0.000251025	0	0	0	6.02633	-6.33211	0	12.3584		300	0.715026	0.0291673	-0.0284519	-0.00116475	0	0	0	0.715026	0	-0.426642	-237.002	0	213.464	213.464	-2.13163e-14	12.4428	0	0	0	0	0	0	0	0	0	0	0	0	0	0	0	0	0	0	0	0	0	0	0	0	0	0	0	0	0	0	0	0	0	
1	1	1	796	23.88		300	0	0	0.0398	-0.0398	-0.000804886	0	0	0	97.4874	-111.198	0.000251261	0	0	0	6.03676	-6.32942	0	12.3662		300	0.715647	0.0292119	-0.0284961	-0.00116616	0	0	0	0.715647	0	-0.426642	-237.002	0	213.464	213.464	-2.13163e-14	12.4428	0	0	0	0	0	0	0	0	0	0	0	0	0	0	0	0	0	0	0	0	0	0	0	0	0	0	0	0	0	0	0	0	0	
1	1	1	797	23.91		300	0	0	0.03985	-0.03985	-0.000806038	0	0	0	97.5363	-111.257	0.000251496	0	0	0	6.0472	-6.32671	0	12.3739		300	0.716267	0.0292565	-0.0285402	-0.00116756	0	0	0	0.716267	0	-0.426642	-237.002	0	213.464	213.464	-2.13163e-14	12.4428	0	0	0	0	0	0	0	0	0	0	0	0	0	0	0	0	0	0	0	0	0	0	0	0	0	0	0	0	0	0	0	0	0	
1	1	1	798	23.94		300	0	0	0.0399	-0.0399	-0.00080719	0	0	0	97.5852	-111.315	0.000251731	0	0	0	6.05764	-6.324	0	12.3816		300	0.716887	0.0293012	-0.0285843	-0.00116896	0	0	0	0.716887	0	-0.426642	-237.002	0	213.464	213.464	-2.13163e-14	12.4428	0	0	0	0	0	0	0	0	0	0	0	0	0	0	0	0	0	0	0	0	0	0	0	0	0	0	0	0	0	0	0	0	0	
1	1	1	799	23.97		300	0	0	0.03995	-0.03995	-0.000808343	0	0	0	97.6341	-111.373	0.000251966	0	0	0	6.06809	-6.32127	0	12.3894		300	0.717507	0.0293458	-0.0286285	-0.00117036	0	0	0	0.717507	0	-0.426642	-237.002	0	213.464	213.464	-2.13163e-14	12.4428	0	0	0	0	0	0	0	0	0	0	0	0	0	0	0	0	0	0	0	0	0	0	0	0	0	0	0	0	0	0	0	0	0	
1	1	1	800	24		300	0	0	0.04	-0.04	-0.000809495	0	0	0	97.6831	-111.432	0.000252201	0	0	0	6.07854	-6.31854	0	12.3971		300	0.718126	0.0293904	-0.0286726	-0.00117176	0	0	0	0.718126	0	-0.426642	-237.002	0	213.464	213.464	-2.13163e-14	12.4428	0	0	0	0	0	0	0	0	0	0	0	0	0	0	0	0	0	0	0	0	0	0	0	0	0	0	0	0	0	0	0	0	0	
1	1	1	801	24.03		300	0	0	0.04005	-0.04005	-0.000810646	0	0	0	97.7321	-111.49	0.000252435	0	0	0	6.089	-6.31579	0	12.4048		300	0.718745	0.029435	-0.0287167	-0.00117315	0	0	0	0.718745	0	-0.426642	-237.002	0	213.464	213.464	-2.13163e-14	12.4428	0	0	0	0	0	0	0	0	0	0	0	0	0	0	0	0	0	0	0	0	0	0	0	0	0	0	0	0	0	0	0	0	0	
1	1	1	802	24.06		300	0	0	0.0401	-0.0401	-0.000811798	0	0	0	97.7811	-111.548	0.000252669	0	0	0	6.09946	-6.31304	0	12.4125		300	0.719364	0.0294796	-0.0287608	-0.00117455	0	0	0	0.719364	0	-0.426642	-237.002	0	213.464	213.464	-2.13163e-14	12.4428	0	0	0	0	0	0	0	0	0	0	0	0	0	0	0	0	0	0	0	0	0	0	0	0	0	0	0	0	0	0	0	0	0	
1	1	1	803	24.09		300	0	0	0.04015	-0.04015	-0.00081295	0	0	0	97.8302	-111.607	0.000252903	0	0	0	6.10993	-6.31027	0	12.4202		300	0.719982	0.0295242	-0.0288049	-0.00117595	0	0	0	0.719982	0	-0.426642	-237.002	0	213.464	213.464	-2.13163e-14	12.4428	0	0	0	0	0	0	0	0	0	0	0	0	0	0	0	0	0	0	0	0	0	0	0	0	0	0	0	0	0	0	0	0	0	
1	1	1	804	24.12		300	0	0	0.0402	-0.0402	-0.000814101	0	0	0	97.8793	-111.665	0.000253136	0	0	0	6.12041	-6.3075	0	12.4279		300	0.7206	0.0295688	-0.0288491	-0.00117735	0	0	0	0.7206	0	-0.426642	-237.002	0	213.464	213.464	-2.13163e-14	12.4428	0	0	0	0	0	0	0	0	0	0	0	0	0	0	0	0	0	0	0	0	0	0	0	0	0	0	0	0	0	0	0	0	0	
1	1	1	805	24.15		300	0	0	0.04025	-0.04025	-0.000815252	0	0	0	97.9284	-111.724	0.000253369	0	0	0	6.13089	-6.30471	0	12.4356		300	0.721218	0.0296134	-0.0288932	-0.00117875	0	0	0	0.721218	0	-0.426642	-237.002	0	213.464	213.464	-2.13163e-14	12.4428	0	0	0	0	0	0	0	0	0	0	0	0	0	0	0	0	0	0	0	0	0	0	0	0	0	0	0	0	0	0	0	0	0	
1	1	1	806	24.18		300	0	0	0.0403	-0.0403	-0.000816403	0	0	0	97.9776	-111.782	0.000253602	0	0	0	6.14137	-6.30192	0	12.4433		300	0.721835	0.029658	-0.0289373	-0.00118014	0	0	0	0.721835	0	-0.426642	-237.002	0	213.464	213.464	-2.13163e-14	12.4428	0	0	0	0	0	0	0	0	0	0	0	0	0	0	0	0	0	0	0	0	0	0	0	0	0	0	0	0	0	0	0	0	0	
1	1	1	807	24.21		300	0	0	0.04035	-0.04035	-0.000817554	0	0	0	98.0268	-111.841	0.000253835	0	0	0	6.15186	-6.29911	0	12.451		300	0.722452	0.0297026	-0.0289814	-0.00118154	0	0	0	0.722452	0	-0.426642	-237.002	0	213.464	213.464	-2.13163e-14	12.4428	0	0	0	0	0	0	0	0	0	0	0	0	0	0	0	0	0	0	0	0	0	0	0	0	0	0	0	0	0	0	0	0	0	
1	1	1	808	24.24		300	0	0	0.0404	-0.0404	-0.000818705	0	0	0	98.076	-111.899	0.000254067	0	0	0	6.16236	-6.2963	0	12.4587		300	0.723068	0.0297472	-0.0290255	-0.00118294	0	0	0	0.723068	0	-0.426642	-237.002	0	213.464	213.464	-2.13163e-14	12.4428	0	0	0	0	0	0	0	0	0	0	0	0	0	0	0	0	0	0	0	0	0	0	0	0	0	0	0	0	0	0	0	0	0	
1	1	1	809	24.27		300	0	0	0.04045	-0.04045	-0.000819856	0	0	0	98.1253	-111.958	0.000254299	0	0	0	6.17286	-6.29348	0	12.4663		300	0.723684	0.0297918	-0.0290696	-0.00118433	0	0	0	0.723684	0	-0.426642	-237.002	0	213.464	213.464	-2.13163e-14	12.4428	0	0	0	0	0	0	0	0	0	0	0	0	0	0	0	0	0	0	0	0	0	0	0	0	0	0	0	0	0	0	0	0	0	
1	1	1	810	24.3		300	0	0	0.0405	-0.0405	-0.000821006	0	0	0	98.1745	-112.017	0.00025453	0	0	0	6.18337	-6.29064	0	12.474		300	0.7243	0.0298364	-0.0291137	-0.00118573	0	0	0	0.7243	0	-0.426642	-237.002	0	213.464	213.464	-2.13163e-14	12.4428	0	0	0	0	0	0	0	0	0	0	0	0	0	0	0	0	0	0	0	0	0	0	0	0	0	0	0	0	0	0	0	0	0	
1	1	1	811	24.33		300	0	0	0.04055	-0.04055	-0.000822157	0	0	0	98.2239	-112.075	0.000254762	0	0	0	6.19388	-6.2878	0	12.4817		300	0.724915	0.029881	-0.0291578	-0.00118713	0	0	0	0.724915	0	-0.426642	-237.002	0	213.464	213.464	-2.13163e-14	12.4428	0	0	0	0	0	0	0	0	0	0	0	0	0	0	0	0	0	0	0	0	0	0	0	0	0	0	0	0	0	0	0	0	0	
1	1	1	812	24.36		300	0	0	0.0406	-0.0406	-0.000823307	0	0	0	98.2732	-112.134	0.000254993	0	0	0	6.2044	-6.28494	0	12.4893		300	0.72553	0.0299255	-0.0292019	-0.00118852	0	0	0	0.72553	0	-0.426642	-237.002	0	213.464	213.464	-2.13163e-14	12.4428	0	0	0	0	0	0	0	0	0	0	0	0	0	0	0	0	0	0	0	0	0	0	0	0	0	0	0	0	0	0	0	0	0	
1	1	1	813	24.39		300	0	0	0.04065	-0.04065	-0.000824457	0	0	0	98.3226	-112.193	0.000255223	0	0	0	6.21492	-6.28208	0	12.497		300	0.726145	0.0299701	-0.029246	-0.00118992	0	0	0	0.726145	0	-0.426642	-237.002	0	213.464	213.464	-2.13163e-14	12.4428	0	0	0	0	0	0	0	0	0	0	0	0	0	0	0	0	0	0	0	0	0	0	0	0	0	0	0	0	0	0	0	0	0	
1	1	1	814	24.42		300	0	0	0.0407	-0.0407	-0.000825607	0	0	0	98.3721	-112.251	0.000255454	0	0	0	6.22545	-6.27921	0	12.5047		300	0.726759	0.0300147	-0.02929	-0.00119131	0	0	0	0.726759	0	-0.426642	-237.002	0	213.464	213.464	-2.13163e-14	12.4428	0	0	0	0	0	0	0	0	0	0	0	0	0	0	0	0	0	0	0	0	0	0	0	0	0	0	0	0	0	0	0	0	0	
1	1	1	815	24.45		300	0	0	0.04075	-0.04075	-0.000826757	0	0	0	98.4215	-112.31	0.000255684	0	0	0	6.23598	-6.27632	0	12.5123		300	0.727373	0.0300592	-0.0293341	-0.0011927	0	0	0	0.727373	0	-0.426642	-237.002	0	213.464	213.464	-2.13163e-14	12.4428	0	0	0	0	0	0	0	0	0	0	0	0	0	0	0	0	0	0	0	0	0	0	0	0	0	0	0	0	0	0	0	0	0	
1	1	1	816	24.48		300	0	0	0.0408	-0.0408	-0.000827907	0	0	0	98.471	-112.369	0.000255914	0	0	0	6.24652	-6.27343	0	12.52		300	0.727987	0.0301038	-0.0293782	-0.0011941	0	0	0	0.727987	0	-0.426642	-237.002	0	213.464	213.464	-2.13163e-14	12.4428	0	0	0	0	0	0	0	0	0	0	0	0	0	0	0	0	0	0	0	0	0	0	0	0	0	0	0	0	0	0	0	0	0	
1	1	1	817	24.51		300	0	0	0.04085	-0.04085	-0.000829056	0	0	0	98.5206	-112.428	0.000256143	0	0	0	6.25707	-6.27053	0	12.5276		300	0.7286	0.0301484	-0.0294223	-0.00119549	0	0	0	0.7286	0	-0.426642	-237.002	0	213.464	213.464	-2.13163e-14	12.4428	0	0	0	0	0	0	0	0	0	0	0	0	0	0	0	0	0	0	0	0	0	0	0	0	0	0	0	0	0	0	0	0	0	
1	1	1	818	24.54		300	0	0	0.0409	-0.0409	-0.000830206	0	0	0	98.5702	-112.486	0.000256373	0	0	0	6.26762	-6.26761	0	12.5352		300	0.729213	0.0301929	-0.0294664	-0.00119688	0	0	0	0.729213	0	-0.426642	-237.002	0	213.464	213.464	-2.13163e-14	12.4428	0	0	0	0	0	0	0	0	0	0	0	0	0	0	0	0	0	0	0	0	0	0	0	0	0	0	0	0	0	0	0	0	0	
1	1	1	819	24.57		300	0	0	0.04095	-0.04095	-0.000831355	0	0	0	98.6198	-112.545	0.000256602	0	0	0	6.27817	-6.26469	0	12.5429		300	0.729825	0.0302375	-0.0295104	-0.00119828	0	0	0	0.729825	0	-0.426642	-237.002	0	213.464	213.464	-2.13163e-14	12.4428	0	0	0	0	0	0	0	0	0	0	0	0	0	0	0	0	0	0	0	0	0	0	0	0	0	0	0	0	0	0	0	0	0	
1	1	1	820	24.6		300	0	0	0.041	-0.041	-0.000832504	0	0	0	98.6694	-112.604	0.00025683	0	0	0	6.28873	-6.26176	0	12.5505		300	0.730437	0.030282	-0.0295545	-0.00119967	0	0	0	0.730437	0	-0.426642	-237.002	0	213.464	213.464	-2.13163e-14	12.4428	0	0	0	0	0	0	0	0	0	0	0	0	0	0	0	0	0	0	0	0	0	0	0	0	0	0	0	0	0	0	0	0	0	
1	1	1	821	24.63		300	0	0	0.04105	-0.04105	-0.000833653	0	0	0	98.7191	-112.663	0.000257059	0	0	0	6.2993	-6.25881	0	12.5581		300	0.731049	0.0303266	-0.0295986	-0.00120106	0	0	0	0.731049	0	-0.426642	-237.002	0	213.464	213.464	-2.13163e-14	12.4428	0	0	0	0	0	0	0	0	0	0	0	0	0	0	0	0	0	0	0	0	0	0	0	0	0	0	0	0	0	0	0	0	0	
1	1	1	822	24.66		300	0	0	0.0411	-0.0411	-0.000834802	0	0	0	98.7688	-112.722	0.000257287	0	0	0	6.30987	-6.25586	0	12.5657		300	0.73166	0.0303711	-0.0296426	-0.00120245	0	0	0	0.73166	0	-0.426642	-237.002	0	213.464	213.464	-2.13163e-14	12.4428	0	0	0	0	0	0	0	0	0	0	0	0	0	0	0	0	0	0	0	0	0	0	0	0	0	0	0	0	0	0	0	0	0	
1	1	1	823	24.69		300	0	0	0.04115	-0.04115	-0.000835951	0	0	0	98.8186	-112.781	0.000257514	0	0	0	6.32045	-6.2529	0	12.5733		300	0.732271	0.0304156	-0.0296867	-0.00120384	0	0	0	0.732271	0	-0.426642	-237.002	0	213.464	213.464	-2.13163e-14	12.4428	0	0	0	0	0	0	0	0	0	0	0	0	0	0	0	0	0	0	0	0	0	0	0	0	0	0	0	0	0	0	0	0	0	
1	1	1	824	24.72		300	0	0	0.0412	-0.0412	-0.000837099	0	0	0	98.8684	-112.84	0.000257742	0	0	0	6.33103	-6.24992	0	12.581		300	0.732882	0.0304602	-0.0297307	-0.00120523	0	0	0	0.732882	0	-0.426642	-237.002	0	213.464	213.464	-2.13163e-14	12.4428	0	0	0	0	0	0	0	0	0	0	0	0	0	0	0	0	0	0	0	0	0	0	0	0	0	0	0	0	0	0	0	0	0	
1	1	1	825	24.75		300	0	0	0.04125	-0.04125	-0.000838248	0	0	0	98.9182	-112.899	0.000257969	0	0	0	6.34162	-6.24694	0	12.5886		300	0.733492	0.0305047	-0.0297748	-0.00120662	0	0	0	0.733492	0	-0.426642	-237.002	0	213.464	213.464	-2.13163e-14	12.4428	0	0	0	0	0	0	0	0	0	0	0	0	0	0	0	0	0	0	0	0	0	0	0	0	0	0	0	0	0	0	0	0	0	
1	1	1	826	24.78		300	0	0	0.0413	-0.0413	-0.000839396	0	0	0	98.9681	-112.958	0.000258196	0	0	0	6.35221	-6.24395	0	12.5962		300	0.734102	0.0305492	-0.0298188	-0.00120801	0	0	0	0.734102	0	-0.426642	-237.002	0	213.464	213.464	-2.13163e-14	12.4428	0	0	0	0	0	0	0	0	0	0	0	0	0	0	0	0	0	0	0	0	0	0	0	0	0	0	0	0	0	0	0	0	0	
1	1	1	827	24.81		300	0	0	0.04135	-0.04135	-0.000840544	0	0	0	99.018	-113.017	0.000258422	0	0	0	6.36281	-6.24094	0	12.6038		300	0.734711	0.0305938	-0.0298629	-0.0012094	0	0	0	0.734711	0	-0.426642	-237.002	0	213.464	213.464	-2.13163e-14	12.4428	0	0	0	0	0	0	0	0	0	0	0	0	0	0	0	0	0	0	0	0	0	0	0	0	0	0	0	0	0	0	0	0	0	
1	1	1	828	24.84		300	0	0	0.0414	-0.0414	-0.000841692	0	0	0	99.068	-113.076	0.000258649	0	0	0	6.37342	-6.23793	0	12.6113		300	0.735321	0.0306383	-0.0299069	-0.00121079	0	0	0	0.735321	0	-0.426642	-237.002	0	213.464	213.464	-2.13163e-14	12.4428	0	0	0	0	0	0	0	0	0	0	0	0	0	0	0	0	0	0	0	0	0	0	0	0	0	0	0	0	0	0	0	0	0	
1	1	1	829	24.87		300	0	0	0.04145	-0.04145	-0.00084284	0	0	0	99.1179	-113.135	0.000258875	0	0	0	6.38403	-6.23491	0	12.6189		300	0.735929	0.0306828	-0.0299509	-0.00121218	0	0	0	0.735929	0	-0.426642	-237.002	0	213.464	213.464	-2.13163e-14	12.4428	0	0	0	0	0	0	0	0	0	0	0	0	0	0	0	0	0	0	0	0	0	0	0	0	0	0	0	0	0	0	0	0	0	
1	1	1	830	24.9		300	0	0	0.0415	-0.0415	-0.000843988	0	0	0	99.168	-113.194	0.0002591	0	0	0	6.39464	-6.23187	0	12.6265		300	0.736538	0.0307273	-0.029995	-0.00121357	0	0	0	0.736538	0	-0.426642	-237.002	0	213.464	213.464	-2.13163e-14	12.4428	0	0	0	0	0	0	0	0	0	0	0	0	0	0	0	0	0	0	0	0	0	0	0	0	0	0	0	0	0	0	0	0	0	
1	1	1	831	24.93		300	0	0	0.04155	-0.04155	-0.000845135	0	0	0	99.218	-113.254	0.000259326	0	0	0	6.40526	-6.22883	0	12.6341		300	0.737146	0.0307718	-0.030039	-0.00121496	0	0	0	0.737146	0	-0.426642	-237.002	0	213.464	213.464	-2.13163e-14	12.4428	0	0	0	0	0	0	0	0	0	0	0	0	0	0	0	0	0	0	0	0	0	0	0	0	0	0	0	0	0	0	0	0	0	
1	1	1	832	24.96		300	0	0	0.0416	-0.0416	-0.000846282	0	0	0	99.2681	-113.313	0.000259551	0	0	0	6.41589	-6.22578	0	12.6417		300	0.737754	0.0308163	-0.030083	-0.00121635	0	0	0	0.737754	0	-0.426642	-237.002	0	213.464	213.464	-2.13163e-14	12.4428	0	0	0	0	0	0	0	0	0	0	0	0	0	0	0	0	0	0	0	0	0	0	0	0	0	0	0	0	0	0	0	0	0	
1	1	1	833	24.99		300	0	0	0.04165	-0.04165	-0.00084743	0	0	0	99.3183	-113.372	0.000259776	0	0	0	6.42652	-6.22272	0	12.6492		300	0.738361	0.0308608	-0.0301271	-0.00121773	0	0	0	0.738361	0	-0.426642	-237.002	0	213.464	213.464	-2.13163e-14	12.4428	0	0	0	0	0	0	0	0	0	0	0	0	0	0	0	0	0	0	0	0	0	0	0	0	0	0	0	0	0	0	0	0	0	
1	1	1	834	25.02		300	0	0	0.0417	-0.0417	-0.000848577	0	0	0	99.3685	-113.431	0.00026	0	0	0	6.43716	-6.21964	0	12.6568		300	0.738968	0.0309053	-0.0301711	-0.00121912	0	0	0	0.738968	0	-0.426642	-237.002	0	213.464	213.464	-2.13163e-14	12.4428	0	0	0	0	0	0	0	0	0	0	0	0	0	0	0	0	0	0	0	0	0	0	0	0	0	0	0	0	0	0	0	0	0	
1	1	1	835	25.05		300	0	0	0.04175	-0.04175	-0.000849724	0	0	0	99.4187	-113.491	0.000260224	0	0	0	6.4478	-6.21656	0	12.6644		300	0.739575	0.0309498	-0.0302151	-0.00122051	0	0	0	0.739575	0	-0.426642	-237.002	0	213.464	213.464	-2.13163e-14	12.4428	0	0	0	0	0	0	0	0	0	0	0	0	0	0	0	0	0	0	0	0	0	0	0	0	0	0	0	0	0	0	0	0	0	
1	1	1	836	25.08		300	0	0	0.0418	-0.0418	-0.00085087	0	0	0	99.469	-113.55	0.000260448	0	0	0	6.45845	-6.21347	0	12.6719		300	0.740181	0.0309943	-0.0302591	-0.00122189	0	0	0	0.740181	0	-0.426642	-237.002	0	213.464	213.464	-2.13163e-14	12.4428	0	0	0	0	0	0	0	0	0	0	0	0	0	0	0	0	0	0	0	0	0	0	0	0	0	0	0	0	0	0	0	0	0	
1	1	1	837	25.11		300	0	0	0.04185	-0.04185	-0.000852017	0	0	0	99.5193	-113.61	0.000260672	0	0	0	6.4691	-6.21036	0	12.6795		300	0.740787	0.0310388	-0.0303031	-0.00122328	0	0	0	0.740787	0	-0.426642	-237.002	0	213.464	213.464	-2.13163e-14	12.4428	0	0	0	0	0	0	0	0	0	0	0	0	0	0	0	0	0	0	0	0	0	0	0	0	0	0	0	0	0	0	0	0	0	
1	1	1	838	25.14		300	0	0	0.0419	-0.0419	-0.000853164	0	0	0	99.5696	-113.669	0.000260895	0	0	0	6.47976	-6.20725	0	12.687		300	0.741393	0.0310832	-0.0303471	-0.00122467	0	0	0	0.741393	0	-0.426642	-237.002	0	213.464	213.464	-2.13163e-14	12.4428	0	0	0	0	0	0	0	0	0	0	0	0	0	0	0	0	0	0	0	0	0	0	0	0	0	0	0	0	0	0	0	0	0	
1	1	1	839	25.17		300	0	0	0.04195	-0.04195	-0.00085431	0	0	0	99.62	-113.728	0.000261118	0	0	0	6.49043	-6.20413	0	12.6946		300	0.741998	0.0311277	-0.0303911	-0.00122605	0	0	0	0.741998	0	-0.426642	-237.002	0	213.464	213.464	-2.13163e-14	12.4428	0	0	0	0	0	0	0	0	0	0	0	0	0	0	0	0	0	0	0	0	0	0	0	0	0	0	0	0	0	0	0	0	0	
1	1	1	840	25.2		300	0	0	0.042	-0.042	-0.000855456	0	0	0	99.6704	-113.788	0.000261341	0	0	0	6.5011	-6.20099	0	12.7021		300	0.742603	0.0311722	-0.0304351	-0.00122744	0	0	0	0.742603	0	-0.426642	-237.002	0	213.464	213.464	-2.13163e-14	12.4428	0	0	0	0	0	0	0	0	0	0	0	0	0	0	0	0	0	0	0	0	0	0	0	0	0	0	0	0	0	0	0	0	0	
1	1	1	841	25.23		300	0	0	0.04205	-0.04205	-0.000856602	0	0	0	99.7209	-113.847	0.000261563	0	0	0	6.51177	-6.19785	0	12.7096		300	0.743207	0.0312167	-0.0304791	-0.00122882	0	0	0	0.743207	0	-0.426642	-237.002	0	213.464	213.464	-2.13163e-14	12.4428	0	0	0	0	0	0	0	0	0	0	0	0	0	0	0	0	0	0	0	0	0	0	0	0	0	0	0	0	0	0	0	0	0	
1	1	1	842	25.26		300	0	0	0.0421	-0.0421	-0.000857748	0	0	0	99.7714	-113.907	0.000261785	0	0	0	6.52245	-6.1947	0	12.7172		300	0.743811	0.0312611	-0.0305231	-0.00123021	0	0	0	0.743811	0	-0.426642	-237.002	0	213.464	213.464	-2.13163e-14	12.4428	0	0	0	0	0	0	0	0	0	0	0	0	0	0	0	0	0	0	0	0	0	0	0	0	0	0	0	0	0	0	0	0	0	
1	1	1	843	25.29		300	0	0	0.04215	-0.04215	-0.000858894	0	0	0	99.822	-113.967	0.000262007	0	0	0	6.53314	-6.19154	0	12.7247		300	0.744415	0.0313056	-0.0305671	-0.00123159	0	0	0	0.744415	0	-0.426642	-237.002	0	213.464	213.464	-2.13163e-14	12.4428	0	0	0	0	0	0	0	0	0	0	0	0	0	0	0	0	0	0	0	0	0	0	0	0	0	0	0	0	0	0	0	0	0	
1	1	1	844	25.32		300	0	0	0.0422	-0.0422	-0.000860039	0	0	0	99.8726	-114.026	0.000262229	0	0	0	6.54383	-6.18836	0	12.7322		300	0.745018	0.03135	-0.0306111	-0.00123297	0	0	0	0.745018	0	-0.426642	-237.002	0	213.464	213.464	-2.13163e-14	12.4428	0	0	0	0	0	0	0	0	0	0	0	0	0	0	0	0	0	0	0	0	0	0	0	0	0	0	0	0	0	0	0	0	0	
1	1	1	845	25.35		300	0	0	0.04225	-0.04225	-0.000861185	0	0	0	99.9232	-114.086	0.00026245	0	0	0	6.55453	-6.18518	0	12.7397		300	0.745621	0.0313945	-0.030655	-0.00123436	0	0	0	0.745621	0	-0.426642	-237.002	0	213.464	213.464	-2.13163e-14	12.4428	0	0	0	0	0	0	0	0	0	0	0	0	0	0	0	0	0	0	0	0	0	0	0	0	0	0	0	0	0	0	0	0	0	
1	1	1	846	25.38		300	0	0	0.0423	-0.0423	-0.00086233	0	0	0	99.9739	-114.146	0.000262671	0	0	0	6.56523	-6.18199	0	12.7472		300	0.746224	0.0314389	-0.030699	-0.00123574	0	0	0	0.746224	0	-0.426642	-237.002	0	213.464	213.464	-2.13163e-14	12.4428	0	0	0	0	0	0	0	0	0	0	0	0	0	0	0	0	0	0	0	0	0	0	0	0	0	0	0	0	0	0	0	0	0	
1	1	1	847	25.41		300	0	0	0.04235	-0.04235	-0.000863475	0	0	0	100.025	-114.205	0.000262891	0	0	0	6.57594	-6.17878	0	12.7547		300	0.746826	0.0314834	-0.030743	-0.00123712	0	0	0	0.746826	0	-0.426642	-237.002	0	213.464	213.464	-2.13163e-14	12.4428	0	0	0	0	0	0	0	0	0	0	0	0	0	0	0	0	0	0	0	0	0	0	0	0	0	0	0	0	0	0	0	0	0	
1	1	1	848	25.44		300	0	0	0.0424	-0.0424	-0.00086462	0	0	0	100.075	-114.265	0.000263112	0	0	0	6.58666	-6.17557	0	12.7622		300	0.747428	0.0315278	-0.030787	-0.00123851	0	0	0	0.747428	0	-0.426642	-237.002	0	213.464	213.464	-2.13163e-14	12.4428	0	0	0	0	0	0	0	0	0	0	0	0	0	0	0	0	0	0	0	0	0	0	0	0	0	0	0	0	0	0	0	0	0	
1	1	1	849	25.47		300	0	0	0.04245	-0.04245	-0.000865765	0	0	0	100.126	-114.325	0.000263332	0	0	0	6.59738	-6.17235	0	12.7697		300	0.74803	0.0315722	-0.0308309	-0.00123989	0	0	0	0.74803	0	-0.426642	-237.002	0	213.464	213.464	-2.13163e-14	12.4428	0	0	0	0	0	0	0	0	0	0	0	0	0	0	0	0	0	0	0	0	0	0	0	0	0	0	0	0	0	0	0	0	0	
1	1	1	850	25.5		300	0	0	0.0425	-0.0425	-0.000866909	0	0	0	100.177	-114.385	0.000263551	0	0	0	6.6081	-6.16911	0	12.7772		300	0.748631	0.0316167	-0.0308749	-0.00124127	0	0	0	0.748631	0	-0.426642	-237.002	0	213.464	213.464	-2.13163e-14	12.4428	0	0	0	0	0	0	0	0	0	0	0	0	0	0	0	0	0	0	0	0	0	0	0	0	0	0	0	0	0	0	0	0	0	
1	1	1	851	25.53		300	0	0	0.04255	-0.04255	-0.000868054	0	0	0	100.228	-114.445	0.000263771	0	0	0	6.61883	-6.16587	0	12.7847		300	0.749232	0.0316611	-0.0309188	-0.00124265	0	0	0	0.749232	0	-0.426642	-237.002	0	213.464	213.464	-2.13163e-14	12.4428	0	0	0	0	0	0	0	0	0	0	0	0	0	0	0	0	0	0	0	0	0	0	0	0	0	0	0	0	0	0	0	0	0	
1	1	1	852	25.56		300	0	0	0.0426	-0.0426	-0.000869198	0	0	0	100.279	-114.505	0.00026399	0	0	0	6.62957	-6.16262	0	12.7922		300	0.749832	0.0317055	-0.0309628	-0.00124403	0	0	0	0.749832	0	-0.426642	-237.002	0	213.464	213.464	-2.13163e-14	12.4428	0	0	0	0	0	0	0	0	0	0	0	0	0	0	0	0	0	0	0	0	0	0	0	0	0	0	0	0	0	0	0	0	0	
1	1	1	853	25.59		300	0	0	0.04265	-0.04265	-0.000870342	0	0	0	100.33	-114.565	0.000264209	0	0	0	6.64031	-6.15935	0	12.7997		300	0.750432	0.0317499	-0.0310067	-0.00124541	0	0	0	0.750432	0	-0.426642	-237.002	0	213.464	213.464	-2.13163e-14	12.4428	0	0	0	0	0	0	0	0	0	0	0	0	0	0	0	0	0	0	0	0	0	0	0	0	0	0	0	0	0	0	0	0	0	
1	1	1	854	25.62		300	0	0	0.0427	-0.0427	-0.000871486	0	0	0	100.381	-114.625	0.000264427	0	0	0	6.65106	-6.15608	0	12.8071		300	0.751032	0.0317943	-0.0310507	-0.00124679	0	0	0	0.751032	0	-0.426642	-237.002	0	213.464	213.464	-2.13163e-14	12.4428	0	0	0	0	0	0	0	0	0	0	0	0	0	0	0	0	0	0	0	0	0	0	0	0	0	0	0	0	0	0	0	0	0	
1	1	1	855	25.65		300	0	0	0.04275	-0.04275	-0.00087263	0	0	0	100.432	-114.685	0.000264645	0	0	0	6.66181	-6.1528	0	12.8146		300	0.751631	0.0318387	-0.0310946	-0.00124817	0	0	0	0.751631	0	-0.426642	-237.002	0	213.464	213.464	-2.13163e-14	12.4428	0	0	0	0	0	0	0	0	0	0	0	0	0	0	0	0	0	0	0	0	0	0	0	0	0	0	0	0	0	0	0	0	0	
1	1	1	856	25.68		300	0	0	0.0428	-0.0428	-0.000873774	0	0	0	100.483	-114.745	0.000264863	0	0	0	6.67257	-6.1495	0	12.8221		300	0.75223	0.0318831	-0.0311385	-0.00124955	0	0	0	0.75223	0	-0.426642	-237.002	0	213.464	213.464	-2.13163e-14	12.4428	0	0	0	0	0	0	0	0	0	0	0	0	0	0	0	0	0	0	0	0	0	0	0	0	0	0	0	0	0	0	0	0	0	
1	1	1	857	25.71		300	0	0	0.04285	-0.04285	-0.000874917	0	0	0	100.534	-114.805	0.000265081	0	0	0	6.68333	-6.1462	0	12.8295		300	0.752829	0.0319275	-0.0311825	-0.00125093	0	0	0	0.752829	0	-0.426642	-237.002	0	213.464	213.464	-2.13163e-14	12.4428	0	0	0	0	0	0	0	0	0	0	0	0	0	0	0	0	0	0	0	0	0	0	0	0	0	0	0	0	0	0	0	0	0	
1	1	1	858	25.74		300	0	0	0.0429	-0.0429	-0.000876061	0	0	0	100.586	-114.865	0.000265298	0	0	0	6.6941	-6.14288	0	12.837		300	0.753427	0.0319719	-0.0312264	-0.00125231	0	0	0	0.753427	0	-0.426642	-237.002	0	213.464	213.464	-2.13163e-14	12.4428	0	0	0	0	0	0	0	0	0	0	0	0	0	0	0	0	0	0	0	0	0	0	0	0	0	0	0	0	0	0	0	0	0	
1	1	1	859	25.77		300	0	0	0.04295	-0.04295	-0.000877204	0	0	0	100.637	-114.925	0.000265515	0	0	0	6.70488	-6.13956	0	12.8444		300	0.754025	0.0320163	-0.0312703	-0.00125369	0	0	0	0.754025	0	-0.426642	-237.002	0	213.464	213.464	-2.13163e-14	12.4428	0	0	0	0	0	0	0	0	0	0	0	0	0	0	0	0	0	0	0	0	0	0	0	0	0	0	0	0	0	0	0	0	0	
1	1	1	860	25.8		300	0	0	0.043	-0.043	-0.000878347	0	0	0	100.688	-114.986	0.000265732	0	0	0	6.71566	-6.13623	0	12.8519		300	0.754623	0.0320607	-0.0313142	-0.00125507	0	0	0	0.754623	0	-0.426642	-237.002	0	213.464	213.464	-2.13163e-14	12.4428	0	0	0	0	0	0	0	0	0	0	0	0	0	0	0	0	0	0	0	0	0	0	0	0	0	0	0	0	0	0	0	0	0	
1	1	1	861	25.83		300	0	0	0.04305	-0.04305	-0.00087949	0	0	0	100.74	-115.046	0.000265948	0	0	0	6.72645	-6.13288	0	12.8593		300	0.75522	0.0321051	-0.0313581	-0.00125645	0	0	0	0.75522	0	-0.426642	-237.002	0	213.464	213.464	-2.13163e-14	12.4428	0	0	0	0	0	0	0	0	0	0	0	0	0	0	0	0	0	0	0	0	0	0	0	0	0	0	0	0	0	0	0	0	0	
1	1	1	862	25.86		300	0	0	0.0431	-0.0431	-0.000880632	0	0	0	100.791	-115.106	0.000266164	0	0	0	6.73724	-6.12953	0	12.8668		300	0.755817	0.0321494	-0.031402	-0.00125783	0	0	0	0.755817	0	-0.426642	-237.002	0	213.464	213.464	-2.13163e-14	12.4428	0	0	0	0	0	0	0	0	0	0	0	0	0	0	0	0	0	0	0	0	0	0	0	0	0	0	0	0	0	0	0	0	0	
1	1	1	863	25.89		300	0	0	0.04315	-0.04315	-0.000881775	0	0	0	100.842	-115.167	0.00026638	0	0	0	6.74804	-6.12616	0	12.8742		300	0.756413	0.0321938	-0.0314459	-0.0012592	0	0	0	0.756413	0	-0.426642	-237.002	0	213.464	213.464	-2.13163e-14	12.4428	0	0	0	0	0	0	0	0	0	0	0	0	0	0	0	0	0	0	0	0	0	0	0	0	0	0	0	0	0	0	0	0	0	
1	1	1	864	25.92		300	0	0	0.0432	-0.0432	-0.000882917	0	0	0	100.894	-115.227	0.000266595	0	0	0	6.75884	-6.12279	0	12.8816		300	0.757009	0.0322382	-0.0314898	-0.00126058	0	0	0	0.757009	0	-0.426642	-237.002	0	213.464	213.464	-2.13163e-14	12.4428	0	0	0	0	0	0	0	0	0	0	0	0	0	0	0	0	0	0	0	0	0	0	0	0	0	0	0	0	0	0	0	0	0	
1	1	1	865	25.95		300	0	0	0.04325	-0.04325	-0.00088406	0	0	0	100.946	-115.288	0.00026681	0	0	0	6.76965	-6.1194	0	12.8891		300	0.757605	0.0322825	-0.0315337	-0.00126196	0	0	0	0.757605	0	-0.426642	-237.002	0	213.464	213.464	-2.13163e-14	12.4428	0	0	0	0	0	0	0	0	0	0	0	0	0	0	0	0	0	0	0	0	0	0	0	0	0	0	0	0	0	0	0	0	0	
1	1	1	866	25.98		300	0	0	0.0433	-0.0433	-0.000885202	0	0	0	100.997	-115.348	0.000267025	0	0	0	6.78046	-6.11601	0	12.8965		300	0.7582	0.0323269	-0.0315776	-0.00126333	0	0	0	0.7582	0	-0.426642	-237.002	0	213.464	213.464	-2.13163e-14	12.4428	0	0	0	0	0	0	0	0	0	0	0	0	0	0	0	0	0	0	0	0	0	0	0	0	0	0	0	0	0	0	0	0	0	
1	1	1	867	26.01		300	0	0	0.04335	-0.04335	-0.000886344	0	0	0	101.049	-115.409	0.00026724	0	0	0	6.79128	-6.1126	0	12.9039		300	0.758795	0.0323712	-0.0316215	-0.00126471	0	0	0	0.758795	0	-0.426642	-237.002	0	213.464	213.464	-2.13163e-14	12.4428	0	0	0	0	0	0	0	0	0	0	0	0	0	0	0	0	0	0	0	0	0	0	0	0	0	0	0	0	0	0	0	0	0	
1	1	1	868	26.04		300	0	0	0.0434	-0.0434	-0.000887485	0	0	0	101.101	-115.469	0.000267454	0	0	0	6.80211	-6.10919	0	12.9113		300	0.75939	0.0324156	-0.0316654	-0.00126609	0	0	0	0.75939	0	-0.426642	-237.002	0	213.464	213.464	-2.13163e-14	12.4428	0	0	0	0	0	0	0	0	0	0	0	0	0	0	0	0	0	0	0	0	0	0	0	0	0	0	0	0	0	0	0	0	0	
1	1	1	869	26.07		300	0	0	0.04345	-0.04345	-0.000888627	0	0	0	101.152	-115.53	0.000267668	0	0	0	6.81294	-6.10576	0	12.9187		300	0.759984	0.0324599	-0.0317092	-0.00126746	0	0	0	0.759984	0	-0.426642	-237.002	0	213.464	213.464	-2.13163e-14	12.4428	0	0	0	0	0	0	0	0	0	0	0	0	0	0	0	0	0	0	0	0	0	0	0	0	0	0	0	0	0	0	0	0	0	
1	1	1	870	26.1		300	0	0	0.0435	-0.0435	-0.000889768	0	0	0	101.204	-115.591	0.000267882	0	0	0	6.82378	-6.10233	0	12.9261		300	0.760578	0.0325042	-0.0317531	-0.00126884	0	0	0	0.760578	0	-0.426642	-237.002	0	213.464	213.464	-2.13163e-14	12.4428	0	0	0	0	0	0	0	0	0	0	0	0	0	0	0	0	0	0	0	0	0	0	0	0	0	0	0	0	0	0	0	0	0	
1	1	1	871	26.13		300	0	0	0.04355	-0.04355	-0.00089091	0	0	0	101.256	-115.651	0.000268095	0	0	0	6.83462	-6.09888	0	12.9335		300	0.761172	0.0325485	-0.031797	-0.00127021	0	0	0	0.761172	0	-0.426642	-237.002	0	213.464	213.464	-2.13163e-14	12.4428	0	0	0	0	0	0	0	0	0	0	0	0	0	0	0	0	0	0	0	0	0	0	0	0	0	0	0	0	0	0	0	0	0	
1	1	1	872	26.16		300	0	0	0.0436	-0.0436	-0.000892051	0	0	0	101.308	-115.712	0.000268308	0	0	0	6.84547	-6.09542	0	12.9409		300	0.761765	0.0325929	-0.0318408	-0.00127159	0	0	0	0.761765	0	-0.426642	-237.002	0	213.464	213.464	-2.13163e-14	12.4428	0	0	0	0	0	0	0	0	0	0	0	0	0	0	0	0	0	0	0	0	0	0	0	0	0	0	0	0	0	0	0	0	0	
1	1	1	873	26.19		300	0	0	0.04365	-0.04365	-0.000893192	0	0	0	101.36	-115.773	0.000268521	0	0	0	6.85632	-6.09196	0	12.9483		300	0.762358	0.0326372	-0.0318847	-0.00127296	0	0	0	0.762358	0	-0.426642	-237.002	0	213.464	213.464	-2.13163e-14	12.4428	0	0	0	0	0	0	0	0	0	0	0	0	0	0	0	0	0	0	0	0	0	0	0	0	0	0	0	0	0	0	0	0	0	
1	1	1	874	26.22		300	0	0	0.0437	-0.0437	-0.000894332	0	0	0	101.412	-115.834	0.000268733	0	0	0	6.86718	-6.08848	0	12.9557		300	0.76295	0.0326815	-0.0319285	-0.00127434	0	0	0	0.76295	0	-0.426642	-237.002	0	213.464	213.464	-2.13163e-14	12.4428	0	0	0	0	0	0	0	0	0	0	0	0	0	0	0	0	0	0	0	0	0	0	0	0	0	0	0	0	0	0	0	0	0	
1	1	1	875	26.25		300	0	0	0.04375	-0.04375	-0.000895473	0	0	0	101.464	-115.895	0.000268945	0	0	0	6.87805	-6.08499	0	12.963		300	0.763542	0.0327258	-0.0319724	-0.00127571	0	0	0	0.763542	0	-0.426642	-237.002	0	213.464	213.464	-2.13163e-14	12.4428	0	0	0	0	0	0	0	0	0	0	0	0	0	0	0	0	0	0	0	0	0	0	0	0	0	0	0	0	0	0	0	0	0	
1	1	1	876	26.28		300	0	0	0.0438	-0.0438	-0.000896613	0	0	0	101.516	-115.956	0.000269157	0	0	0	6.88892	-6.0815	0	12.9704		300	0.764134	0.0327701	-0.0320162	-0.00127708	0	0	0	0.764134	0	-0.426642	-237.002	0	213.464	213.464	-2.13163e-14	12.4428	0	0	0	0	0	0	0	0	0	0	0	0	0	0	0	0	0	0	0	0	0	0	0	0	0	0	0	0	0	0	0	0	0	
1	1	1	877	26.31		300	0	0	0.04385	-0.04385	-0.000897754	0	0	0	101.568	-116.017	0.000269368	0	0	0	6.89979	-6.07799	0	12.9778		300	0.764725	0.0328144	-0.03206	-0.00127846	0	0	0	0.764725	0	-0.426642	-237.002	0	213.464	213.464	-2.13163e-14	12.4428	0	0	0	0	0	0	0	0	0	0	0	0	0	0	0	0	0	0	0	0	0	0	0	0	0	0	0	0	0	0	0	0	0	
1	1	1	878	26.34		300	0	0	0.0439	-0.0439	-0.000898894	0	0	0	101.62	-116.078	0.00026958	0	0	0	6.91068	-6.07447	0	12.9851		300	0.765316	0.0328587	-0.0321039	-0.00127983	0	0	0	0.765316	0	-0.426642	-237.002	0	213.464	213.464	-2.13163e-14	12.4428	0	0	0	0	0	0	0	0	0	0	0	0	0	0	0	0	0	0	0	0	0	0	0	0	0	0	0	0	0	0	0	0	0	
1	1	1	879	26.37		300	0	0	0.04395	-0.04395	-0.000900033	0	0	0	101.673	-116.139	0.00026979	0	0	0	6.92156	-6.07095	0	12.9925		300	0.765907	0.032903	-0.0321477	-0.0012812	0	0	0	0.765907	0	-0.426642	-237.002	0	213.464	213.464	-2.13163e-14	12.4428	0	0	0	0	0	0	0	0	0	0	0	0	0	0	0	0	0	0	0	0	0	0	0	0	0	0	0	0	0	0	0	0	0	
1	1	1	880	26.4		300	0	0	0.044	-0.044	-0.000901173	0	0	0	101.725	-116.2	0.000270001	0	0	0	6.93246	-6.06741	0	12.9999		300	0.766497	0.0329472	-0.0321915	-0.00128257	0	0	0	0.766497	0	-0.426642	-237.002	0	213.464	213.464	-2.13163e-14	12.4428	0	0	0	0	0	0	0	0	0	0	0	0	0	0	0	0	0	0	0	0	0	0	0	0	0	0	0	0	0	0	0	0	0	
1	1	1	881	26.43		300	0	0	0.04405	-0.04405	-0.000902313	0	0	0	101.777	-116.261	0.000270211	0	0	0	6.94336	-6.06386	0	13.0072		300	0.767087	0.0329915	-0.0322353	-0.00128394	0	0	0	0.767087	0	-0.426642	-237.002	0	213.464	213.464	-2.13163e-14	12.4428	0	0	0	0	0	0	0	0	0	0	0	0	0	0	0	0	0	0	0	0	0	0	0	0	0	0	0	0	0	0	0	0	0	
1	1	1	882	26.46		300	0	0	0.0441	-0.0441	-0.000903452	0	0	0	101.83	-116.322	0.000270421	0	0	0	6.95426	-6.0603	0	13.0146		300	0.767677	0.0330358	-0.0322791	-0.00128532	0	0	0	0.767677	0	-0.426642	-237.002	0	213.464	213.464	-2.13163e-14	12.4428	0	0	0	0	0	0	0	0	0	0	0	0	0	0	0	0	0	0	0	0	0	0	0	0	0	0	0	0	0	0	0	0	0	
1	1	1	883	26.49		300	0	0	0.04415	-0.04415	-0.000904591	0	0	0	101.882	-116.384	0.000270631	0	0	0	6.96517	-6.05673	0	13.0219		300	0.768266	0.03308	-0.0323229	-0.00128669	0	0	0	0.768266	0	-0.426642	-237.002	0	213.464	213.464	-2.13163e-14	12.4428	0	0	0	0	0	0	0	0	0	0	0	0	0	0	0	0	0	0	0	0	0	0	0	0	0	0	0	0	0	0	0	0	0	
1	1	1	884	26.52		300	0	0	0.0442	-0.0442	-0.00090573	0	0	0	101.935	-116.445	0.00027084	0	0	0	6.97609	-6.05316	0	13.0292		300	0.768855	0.0331243	-0.0323667	-0.00128806	0	0	0	0.768855	0	-0.426642	-237.002	0	213.464	213.464	-2.13163e-14	12.4428	0	0	0	0	0	0	0	0	0	0	0	0	0	0	0	0	0	0	0	0	0	0	0	0	0	0	0	0	0	0	0	0	0	
1	1	1	885	26.55		300	0	0	0.04425	-0.04425	-0.000906869	0	0	0	101.987	-116.506	0.000271049	0	0	0	6.98701	-6.04957	0	13.0366		300	0.769443	0.0331686	-0.0324105	-0.00128943	0	0	0	0.769443	0	-0.426642	-237.002	0	213.464	213.464	-2.13163e-14	12.4428	0	0	0	0	0	0	0	0	0	0	0	0	0	0	0	0	0	0	0	0	0	0	0	0	0	0	0	0	0	0	0	0	0	
1	1	1	886	26.58		300	0	0	0.0443	-0.0443	-0.000908008	0	0	0	102.04	-116.568	0.000271258	0	0	0	6.99794	-6.04597	0	13.0439		300	0.770031	0.0332128	-0.0324543	-0.0012908	0	0	0	0.770031	0	-0.426642	-237.002	0	213.464	213.464	-2.13163e-14	12.4428	0	0	0	0	0	0	0	0	0	0	0	0	0	0	0	0	0	0	0	0	0	0	0	0	0	0	0	0	0	0	0	0	0	
1	1	1	887	26.61		300	0	0	0.04435	-0.04435	-0.000909146	0	0	0	102.093	-116.629	0.000271466	0	0	0	7.00887	-6.04236	0	13.0512		300	0.770619	0.033257	-0.0324981	-0.00129217	0	0	0	0.770619	0	-0.426642	-237.002	0	213.464	213.464	-2.13163e-14	12.4428	0	0	0	0	0	0	0	0	0	0	0	0	0	0	0	0	0	0	0	0	0	0	0	0	0	0	0	0	0	0	0	0	0	
1	1	1	888	26.64		300	0	0	0.0444	-0.0444	-0.000910285	0	0	0	102.146	-116.691	0.000271674	0	0	0	7.01981	-6.03874	0	13.0585		300	0.771206	0.0333013	-0.0325419	-0.00129354	0	0	0	0.771206	0	-0.426642	-237.002	0	213.464	213.464	-2.13163e-14	12.4428	0	0	0	0	0	0	0	0	0	0	0	0	0	0	0	0	0	0	0	0	0	0	0	0	0	0	0	0	0	0	0	0	0	
1	1	1	889	26.67		300	0	0	0.04445	-0.04445	-0.000911423	0	0	0	102.198	-116.752	0.000271882	0	0	0	7.03075	-6.03511	0	13.0659		300	0.771793	0.0333455	-0.0325856	-0.00129491	0	0	0	0.771793	0	-0.426642	-237.002	0	213.464	213.464	-2.13163e-14	12.4428	0	0	0	0	0	0	0	0	0	0	0	0	0	0	0	0	0	0	0	0	0	0	0	0	0	0	0	0	0	0	0	0	0	
1	1	1	890	26.7		300	0	0	0.0445	-0.0445	-0.000912561	0	0	0	102.251	-116.814	0.00027209	0	0	0	7.0417	-6.03147	0	13.0732		300	0.77238	0.0333897	-0.0326294	-0.00129628	0	0	0	0.77238	0	-0.426642	-237.002	0	213.464	213.464	-2.13163e-14	12.4428	0	0	0	0	0	0	0	0	0	0	0	0	0	0	0	0	0	0	0	0	0	0	0	0	0	0	0	0	0	0	0	0	0	
1	1	1	891	26.73		300	0	0	0.04455	-0.04455	-0.000913699	0	0	0	102.304	-116.876	0.000272297	0	0	0	7.05266	-6.02782	0	13.0805		300	0.772966	0.0334339	-0.0326732	-0.00129764	0	0	0	0.772966	0	-0.426642	-237.002	0	213.464	213.464	-2.13163e-14	12.4428	0	0	0	0	0	0	0	0	0	0	0	0	0	0	0	0	0	0	0	0	0	0	0	0	0	0	0	0	0	0	0	0	0	
1	1	1	892	26.76		300	0	0	0.0446	-0.0446	-0.000914836	0	0	0	102.357	-116.938	0.000272504	0	0	0	7.06362	-6.02416	0	13.0878		300	0.773552	0.0334781	-0.0327169	-0.00129901	0	0	0	0.773552	0	-0.426642	-237.002	0	213.464	213.464	-2.13163e-14	12.4428	0	0	0	0	0	0	0	0	0	0	0	0	0	0	0	0	0	0	0	0	0	0	0	0	0	0	0	0	0	0	0	0	0	
1	1	1	893	26.79		300	0	0	0.04465	-0.04465	-0.000915974	0	0	0	102.41	-116.999	0.00027271	0	0	0	7.07459	-6.02049	0	13.0951		300	0.774137	0.0335224	-0.0327607	-0.00130038	0	0	0	0.774137	0	-0.426642	-237.002	0	213.464	213.464	-2.13163e-14	12.4428	0	0	0	0	0	0	0	0	0	0	0	0	0	0	0	0	0	0	0	0	0	0	0	0	0	0	0	0	0	0	0	0	0	
1	1	1	894	26.82		300	0	0	0.0447	-0.0447	-0.000917111	0	0	0	102.463	-117.061	0.000272917	0	0	0	7.08556	-6.0168	0	13.1024		300	0.774722	0.0335666	-0.0328044	-0.00130175	0	0	0	0.774722	0	-0.426642	-237.002	0	213.464	213.464	-2.13163e-14	12.4428	0	0	0	0	0	0	0	0	0	0	0	0	0	0	0	0	0	0	0	0	0	0	0	0	0	0	0	0	0	0	0	0	0	
1	1	1	895	26.85		300	0	0	0.04475	-0.04475	-0.000918248	0	0	0	102.517	-117.123	0.000273122	0	0	0	7.09654	-6.01311	0	13.1097		300	0.775307	0.0336107	-0.0328481	-0.00130312	0	0	0	0.775307	0	-0.426642	-237.002	0	213.464	213.464	-2.13163e-14	12.4428	0	0	0	0	0	0	0	0	0	0	0	0	0	0	0	0	0	0	0	0	0	0	0	0	0	0	0	0	0	0	0	0	0	
1	1	1	896	26.88		300	0	0	0.0448	-0.0448	-0.000919385	0	0	0	102.57	-117.185	0.000273328	0	0	0	7.10753	-6.00941	0	13.1169		300	0.775892	0.0336549	-0.0328919	-0.00130448	0	0	0	0.775892	0	-0.426642	-237.002	0	213.464	213.464	-2.13163e-14	12.4428	0	0	0	0	0	0	0	0	0	0	0	0	0	0	0	0	0	0	0	0	0	0	0	0	0	0	0	0	0	0	0	0	0	
1	1	1	897	26.91		300	0	0	0.04485	-0.04485	-0.000920522	0	0	0	102.623	-117.247	0.000273533	0	0	0	7.11852	-6.0057	0	13.1242		300	0.776476	0.0336991	-0.0329356	-0.00130585	0	0	0	0.776476	0	-0.426642	-237.002	0	213.464	213.464	-2.13163e-14	12.4428	0	0	0	0	0	0	0	0	0	0	0	0	0	0	0	0	0	0	0	0	0	0	0	0	0	0	0	0	0	0	0	0	0	
1	1	1	898	26.94		300	0	0	0.0449	-0.0449	-0.000921658	0	0	0	102.676	-117.309	0.000273738	0	0	0	7.12951	-6.00197	0	13.1315		300	0.777059	0.0337433	-0.0329793	-0.00130722	0	0	0	0.777059	0	-0.426642	-237.002	0	213.464	213.464	-2.13163e-14	12.4428	0	0	0	0	0	0	0	0	0	0	0	0	0	0	0	0	0	0	0	0	0	0	0	0	0	0	0	0	0	0	0	0	0	
1	1	1	899	26.97		300	0	0	0.04495	-0.04495	-0.000922795	0	0	0	102.73	-117.371	0.000273943	0	0	0	7.14052	-5.99824	0	13.1388		300	0.777643	0.0337875	-0.033023	-0.00130858	0	0	0	0.777643	0	-0.426642	-237.002	0	213.464	213.464	-2.13163e-14	12.4428	0	0	0	0	0	0	0	0	0	0	0	0	0	0	0	0	0	0	0	0	0	0	0	0	0	0	0	0	0	0	0	0	0	
1	1	1	900	27		300	0	0	0.045	-0.045	-0.000923931	0	0	0	102.783	-117.433	0.000274147	0	0	0	7.15152	-5.9945	0	13.146		300	0.778225	0.0338316	-0.0330667	-0.00130995	0	0	0	0.778225	0	-0.426642	-237.002	0	213.464	213.464	-2.13163e-14	12.4428	0	0	0	0	0	0	0	0	0	0	0	0	0	0	0	0	0	0	0	0	0	0	0	0	0	0	0	0	0	0	0	0	0	
1	1	1	901	27.03		300	0	0	0.04505	-0.04505	-0.000925067	0	0	0	102.837	-117.496	0.000274352	0	0	0	7.16254	-5.99074	0	13.1533		300	0.778808	0.0338758	-0.0331104	-0.00131131	0	0	0	0.778808	0	-0.426642	-237.002	0	213.464	213.464	-2.13163e-14	12.4428	0	0	0	0	0	0	0	0	0	0	0	0	0	0	0	0	0	0	0	0	0	0	0	0	0	0	0	0	0	0	0	0	0	
1	1	1	902	27.06		300	0	0	0.0451	-0.0451	-0.000926203	0	0	0	102.89	-117.558	0.000274555	0	0	0	7.17356	-5.98698	0	13.1605		300	0.77939	0.0339199	-0.0331541	-0.00131268	0	0	0	0.77939	0	-0.426642	-237.002	0	213.464	213.464	-2.13163e-14	12.4428	0	0	0	0	0	0	0	0	0	0	0	0	0	0	0	0	0	0	0	0	0	0	0	0	0	0	0	0	0	0	0	0	0	
1	1	1	903	27.09		300	0	0	0.04515	-0.04515	-0.000927338	0	0	0	102.944	-117.62	0.000274759	0	0	0	7.18458	-5.9832	0	13.1678		300	0.779972	0.0339641	-0.0331978	-0.00131404	0	0	0	0.779972	0	-0.426642	-237.002	0	213.464	213.464	-2.13163e-14	12.4428	0	0	0	0	0	0	0	0	0	0	0	0	0	0	0	0	0	0	0	0	0	0	0	0	0	0	0	0	0	0	0	0	0	
1	1	1	904	27.12		300	0	0	0.0452	-0.0452	-0.000928474	0	0	0	102.998	-117.683	0.000274962	0	0	0	7.19561	-5.97942	0	13.175		300	0.780553	0.0340082	-0.0332415	-0.00131541	0	0	0	0.780553	0	-0.426642	-237.002	0	213.464	213.464	-2.13163e-14	12.4428	0	0	0	0	0	0	0	0	0	0	0	0	0	0	0	0	0	0	0	0	0	0	0	0	0	0	0	0	0	0	0	0	0	
1	1	1	905	27.15		300	0	0	0.04525	-0.04525	-0.000929609	0	0	0	103.051	-117.745	0.000275165	0	0	0	7.20665	-5.97562	0	13.1823		300	0.781134	0.0340523	-0.0332852	-0.00131677	0	0	0	0.781134	0	-0.426642	-237.002	0	213.464	213.464	-2.13163e-14	12.4428	0	0	0	0	0	0	0	0	0	0	0	0	0	0	0	0	0	0	0	0	0	0	0	0	0	0	0	0	0	0	0	0	0	
1	1	1	906	27.18		300	0	0	0.0453	-0.0453	-0.000930744	0	0	0	103.105	-117.808	0.000275367	0	0	0	7.21769	-5.97182	0	13.1895		300	0.781715	0.0340965	-0.0333288	-0.00131814	0	0	0	0.781715	0	-0.426642	-237.002	0	213.464	213.464	-2.13163e-14	12.4428	0	0	0	0	0	0	0	0	0	0	0	0	0	0	0	0	0	0	0	0	0	0	0	0	0	0	0	0	0	0	0	0	0	
1	1	1	907	27.21		300	0	0	0.04535	-0.04535	-0.000931879	0	0	0	103.159	-117.87	0.000275569	0	0	0	7.22874	-5.968	0	13.1967		300	0.782295	0.0341406	-0.0333725	-0.0013195	0	0	0	0.782295	0	-0.426642	-237.002	0	213.464	213.464	-2.13163e-14	12.4428	0	0	0	0	0	0	0	0	0	0	0	0	0	0	0	0	0	0	0	0	0	0	0	0	0	0	0	0	0	0	0	0	0	
1	1	1	908	27.24		300	0	0	0.0454	-0.0454	-0.000933013	0	0	0	103.213	-117.933	0.000275771	0	0	0	7.2398	-5.96417	0	13.204		300	0.782875	0.0341847	-0.0334162	-0.00132086	0	0	0	0.782875	0	-0.426642	-237.002	0	213.464	213.464	-2.13163e-14	12.4428	0	0	0	0	0	0	0	0	0	0	0	0	0	0	0	0	0	0	0	0	0	0	0	0	0	0	0	0	0	0	0	0	0	
1	1	1	909	27.27		300	0	0	0.04545	-0.04545	-0.000934148	0	0	0	103.267	-117.995	0.000275973	0	0	0	7.25086	-5.96034	0	13.2112		300	0.783455	0.0342288	-0.0334598	-0.00132223	0	0	0	0.783455	0	-0.426642	-237.002	0	213.464	213.464	-2.13163e-14	12.4428	0	0	0	0	0	0	0	0	0	0	0	0	0	0	0	0	0	0	0	0	0	0	0	0	0	0	0	0	0	0	0	0	0	
1	1	1	910	27.3		300	0	0	0.0455	-0.0455	-0.000935282	0	0	0	103.321	-118.058	0.000276174	0	0	0	7.26192	-5.95649	0	13.2184		300	0.784034	0.0342729	-0.0335035	-0.00132359	0	0	0	0.784034	0	-0.426642	-237.002	0	213.464	213.464	-2.13163e-14	12.4428	0	0	0	0	0	0	0	0	0	0	0	0	0	0	0	0	0	0	0	0	0	0	0	0	0	0	0	0	0	0	0	0	0	
1	1	1	911	27.33		300	0	0	0.04555	-0.04555	-0.000936416	0	0	0	103.375	-118.121	0.000276375	0	0	0	7.27299	-5.95263	0	13.2256		300	0.784613	0.034317	-0.0335471	-0.00132495	0	0	0	0.784613	0	-0.426642	-237.002	0	213.464	213.464	-2.13163e-14	12.4428	0	0	0	0	0	0	0	0	0	0	0	0	0	0	0	0	0	0	0	0	0	0	0	0	0	0	0	0	0	0	0	0	0	
1	1	1	912	27.36		300	0	0	0.0456	-0.0456	-0.00093755	0	0	0	103.429	-118.184	0.000276575	0	0	0	7.28407	-5.94876	0	13.2328		300	0.785191	0.0343611	-0.0335907	-0.00132631	0	0	0	0.785191	0	-0.426642	-237.002	0	213.464	213.464	-2.13163e-14	12.4428	0	0	0	0	0	0	0	0	0	0	0	0	0	0	0	0	0	0	0	0	0	0	0	0	0	0	0	0	0	0	0	0	0	
1	1	1	913	27.39		300	0	0	0.04565	-0.04565	-0.000938684	0	0	0	103.484	-118.247	0.000276776	0	0	0	7.29516	-5.94488	0	13.24		300	0.78577	0.0344052	-0.0336344	-0.00132768	0	0	0	0.78577	0	-0.426642	-237.002	0	213.464	213.464	-2.13163e-14	12.4428	0	0	0	0	0	0	0	0	0	0	0	0	0	0	0	0	0	0	0	0	0	0	0	0	0	0	0	0	0	0	0	0	0	
1	1	1	914	27.42		300	0	0	0.0457	-0.0457	-0.000939818	0	0	0	103.538	-118.31	0.000276976	0	0	0	7.30624	-5.94099	0	13.2472		300	0.786347	0.0344492	-0.033678	-0.00132904	0	0	0	0.786347	0	-0.426642	-237.002	0	213.464	213.464	-2.13163e-14	12.4428	0	0	0	0	0	0	0	0	0	0	0	0	0	0	0	0	0	0	0	0	0	0	0	0	0	0	0	0	0	0	0	0	0	
1	1	1	915	27.45		300	0	0	0.04575	-0.04575	-0.000940951	0	0	0	103.592	-118.373	0.000277175	0	0	0	7.31734	-5.93709	0	13.2544		300	0.786925	0.0344933	-0.0337216	-0.0013304	0	0	0	0.786925	0	-0.426642	-237.002	0	213.464	213.464	-2.13163e-14	12.4428	0	0	0	0	0	0	0	0	0	0	0	0	0	0	0	0	0	0	0	0	0	0	0	0	0	0	0	0	0	0	0	0	0	
1	1	1	916	27.48		300	0	0	0.0458	-0.0458	-0.000942084	0	0	0	103.647	-118.436	0.000277375	0	0	0	7.32844	-5.93318	0	13.2616		300	0.787502	0.0345374	-0.0337652	-0.00133176	0	0	0	0.787502	0	-0.426642	-237.002	0	213.464	213.464	-2.13163e-14	12.4428	0	0	0	0	0	0	0	0	0	0	0	0	0	0	0	0	0	0	0	0	0	0	0	0	0	0	0	0	0	0	0	0	0	
1	1	1	917	27.51		300	0	0	0.04585	-0.04585	-0.000943217	0	0	0	103.701	-118.499	0.000277574	0	0	0	7.33955	-5.92926	0	13.2688		300	0.788078	0.0345814	-0.0338088	-0.00133312	0	0	0	0.788078	0	-0.426642	-237.002	0	213.464	213.464	-2.13163e-14	12.4428	0	0	0	0	0	0	0	0	0	0	0	0	0	0	0	0	0	0	0	0	0	0	0	0	0	0	0	0	0	0	0	0	0	
1	1	1	918	27.54		300	0	0	0.0459	-0.0459	-0.00094435	0	0	0	103.756	-118.562	0.000277772	0	0	0	7.35066	-5.92533	0	13.276		300	0.788654	0.0346254	-0.0338524	-0.00133448	0	0	0	0.788654	0	-0.426642	-237.002	0	213.464	213.464	-2.13163e-14	12.4428	0	0	0	0	0	0	0	0	0	0	0	0	0	0	0	0	0	0	0	0	0	0	0	0	0	0	0	0	0	0	0	0	0	
1	1	1	919	27.57		300	0	0	0.04595	-0.04595	-0.000945482	0	0	0	103.811	-118.626	0.000277971	0	0	0	7.36178	-5.92138	0	13.2832		300	0.78923	0.0346695	-0.033896	-0.00133584	0	0	0	0.78923	0	-0.426642	-237.002	0	213.464	213.464	-2.13163e-14	12.4428	0	0	0	0	0	0	0	0	0	0	0	0	0	0	0	0	0	0	0	0	0	0	0	0	0	0	0	0	0	0	0	0	0	
1	1	1	920	27.6		300	0	0	0.046	-0.046	-0.000946615	0	0	0	103.865	-118.689	0.000278169	0	0	0	7.37291	-5.91743	0	13.2903		300	0.789806	0.0347135	-0.0339396	-0.0013372	0	0	0	0.789806	0	-0.426642	-237.002	0	213.464	213.464	-2.13163e-14	12.4428	0	0	0	0	0	0	0	0	0	0	0	0	0	0	0	0	0	0	0	0	0	0	0	0	0	0	0	0	0	0	0	0	0	
1	1	1	921	27.63		300	0	0	0.04605	-0.04605	-0.000947747	0	0	0	103.92	-118.752	0.000278367	0	0	0	7.38404	-5.91347	0	13.2975		300	0.790381	0.0347575	-0.0339832	-0.00133856	0	0	0	0.790381	0	-0.426642	-237.002	0	213.464	213.464	-2.13163e-14	12.4428	0	0	0	0	0	0	0	0	0	0	0	0	0	0	0	0	0	0	0	0	0	0	0	0	0	0	0	0	0	0	0	0	0	
1	1	1	922	27.66		300	0	0	0.0461	-0.0461	-0.000948879	0	0	0	103.975	-118.816	0.000278564	0	0	0	7.39517	-5.90949	0	13.3047		300	0.790956	0.0348016	-0.0340267	-0.00133992	0	0	0	0.790956	0	-0.426642	-237.002	0	213.464	213.464	-2.13163e-14	12.4428	0	0	0	0	0	0	0	0	0	0	0	0	0	0	0	0	0	0	0	0	0	0	0	0	0	0	0	0	0	0	0	0	0	
1	1	1	923	27.69		300	0	0	0.04615	-0.04615	-0.000950011	0	0	0	104.03	-118.879	0.000278761	0	0	0	7.40631	-5.90551	0	13.3118		300	0.79153	0.0348456	-0.0340703	-0.00134128	0	0	0	0.79153	0	-0.426642	-237.002	0	213.464	213.464	-2.13163e-14	12.4428	0	0	0	0	0	0	0	0	0	0	0	0	0	0	0	0	0	0	0	0	0	0	0	0	0	0	0	0	0	0	0	0	0	
1	1	1	924	27.72		300	0	0	0.0462	-0.0462	-0.000951142	0	0	0	104.085	-118.943	0.000278958	0	0	0	7.41746	-5.90151	0	13.319		300	0.792104	0.0348896	-0.0341138	-0.00134264	0	0	0	0.792104	0	-0.426642	-237.002	0	213.464	213.464	-2.13163e-14	12.4428	0	0	0	0	0	0	0	0	0	0	0	0	0	0	0	0	0	0	0	0	0	0	0	0	0	0	0	0	0	0	0	0	0	
1	1	1	925	27.75		300	0	0	0.04625	-0.04625	-0.000952273	0	0	0	104.14	-119.007	0.000279154	0	0	0	7.42862	-5.89751	0	13.3261		300	0.792677	0.0349336	-0.0341574	-0.00134399	0	0	0	0.792677	0	-0.426642	-237.002	0	213.464	213.464	-2.13163e-14	12.4428	0	0	0	0	0	0	0	0	0	0	0	0	0	0	0	0	0	0	0	0	0	0	0	0	0	0	0	0	0	0	0	0	0	
1	1	1	926	27.78		300	0	0	0.0463	-0.0463	-0.000953405	0	0	0	104.195	-119.07	0.00027935	0	0	0	7.43978	-5.89349	0	13.3333		300	0.793251	0.0349776	-0.0342009	-0.00134535	0	0	0	0.793251	0	-0.426642	-237.002	0	213.464	213.464	-2.13163e-14	12.4428	0	0	0	0	0	0	0	0	0	0	0	0	0	0	0	0	0	0	0	0	0	0	0	0	0	0	0	0	0	0	0	0	0	
1	1	1	927	27.81		300	0	0	0.04635	-0.04635	-0.000954536	0	0	0	104.25	-119.134	0.000279546	0	0	0	7.45094	-5.88946	0	13.3404		300	0.793824	0.0350215	-0.0342445	-0.00134671	0	0	0	0.793824	0	-0.426642	-237.002	0	213.464	213.464	-2.13163e-14	12.4428	0	0	0	0	0	0	0	0	0	0	0	0	0	0	0	0	0	0	0	0	0	0	0	0	0	0	0	0	0	0	0	0	0	
1	1	1	928	27.84		300	0	0	0.0464	-0.0464	-0.000955666	0	0	0	104.306	-119.198	0.000279742	0	0	0	7.46212	-5.88542	0	13.3475		300	0.794396	0.0350655	-0.034288	-0.00134807	0	0	0	0.794396	0	-0.426642	-237.002	0	213.464	213.464	-2.13163e-14	12.4428	0	0	0	0	0	0	0	0	0	0	0	0	0	0	0	0	0	0	0	0	0	0	0	0	0	0	0	0	0	0	0	0	0	
1	1	1	929	27.87		300	0	0	0.04645	-0.04645	-0.000956797	0	0	0	104.361	-119.262	0.000279937	0	0	0	7.47329	-5.88138	0	13.3547		300	0.794968	0.0351095	-0.0343315	-0.00134942	0	0	0	0.794968	0	-0.426642	-237.002	0	213.464	213.464	-2.13163e-14	12.4428	0	0	0	0	0	0	0	0	0	0	0	0	0	0	0	0	0	0	0	0	0	0	0	0	0	0	0	0	0	0	0	0	0	
1	1	1	930	27.9		300	0	0	0.0465	-0.0465	-0.000957927	0	0	0	104.416	-119.326	0.000280132	0	0	0	7.48448	-5.87732	0	13.3618		300	0.79554	0.0351534	-0.034375	-0.00135078	0	0	0	0.79554	0	-0.426642	-237.002	0	213.464	213.464	-2.13163e-14	12.4428	0	0	0	0	0	0	0	0	0	0	0	0	0	0	0	0	0	0	0	0	0	0	0	0	0	0	0	0	0	0	0	0	0	
1	1	1	931	27.93		300	0	0	0.04655	-0.04655	-0.000959057	0	0	0	104.472	-119.39	0.000280326	0	0	0	7.49567	-5.87325	0	13.3689		300	0.796111	0.0351974	-0.0344185	-0.00135214	0	0	0	0.796111	0	-0.426642	-237.002	0	213.464	213.464	-2.13163e-14	12.4428	0	0	0	0	0	0	0	0	0	0	0	0	0	0	0	0	0	0	0	0	0	0	0	0	0	0	0	0	0	0	0	0	0	
1	1	1	932	27.96		300	0	0	0.0466	-0.0466	-0.000960187	0	0	0	104.528	-119.454	0.000280521	0	0	0	7.50687	-5.86917	0	13.376		300	0.796682	0.0352413	-0.034462	-0.00135349	0	0	0	0.796682	0	-0.426642	-237.002	0	213.464	213.464	-2.13163e-14	12.4428	0	0	0	0	0	0	0	0	0	0	0	0	0	0	0	0	0	0	0	0	0	0	0	0	0	0	0	0	0	0	0	0	0	
1	1	1	933	27.99		300	0	0	0.04665	-0.04665	-0.000961317	0	0	0	104.583	-119.519	0.000280714	0	0	0	7.51807	-5.86507	0	13.3831		300	0.797253	0.0352853	-0.0345055	-0.00135485	0	0	0	0.797253	0	-0.426642	-237.002	0	213.464	213.464	-2.13163e-14	12.4428	0	0	0	0	0	0	0	0	0	0	0	0	0	0	0	0	0	0	0	0	0	0	0	0	0	0	0	0	0	0	0	0	0	
1	1	1	934	28.02		300	0	0	0.0467	-0.0467	-0.000962447	0	0	0	104.639	-119.583	0.000280908	0	0	0	7.52928	-5.86097	0	13.3902		300	0.797823	0.0353292	-0.034549	-0.0013562	0	0	0	0.797823	0	-0.426642	-237.002	0	213.464	213.464	-2.13163e-14	12.4428	0	0	0	0	0	0	0	0	0	0	0	0	0	0	0	0	0	0	0	0	0	0	0	0	0	0	0	0	0	0	0	0	0	
1	1	1	935	28.05		300	0	0	0.04675	-0.04675	-0.000963576	0	0	0	104.695	-119.647	0.000281101	0	0	0	7.54049	-5.85686	0	13.3973		300	0.798393	0.0353731	-0.0345925	-0.00135756	0	0	0	0.798393	0	-0.426642	-237.002	0	213.464	213.464	-2.13163e-14	12.4428	0	0	0	0	0	0	0	0	0	0	0	0	0	0	0	0	0	0	0	0	0	0	0	0	0	0	0	0	0	0	0	0	0	
1	1	1	936	28.08		300	0	0	0.0468	-0.0468	-0.000964705	0	0	0	104.751	-119.712	0.000281294	0	0	0	7.55171	-5.85274	0	13.4044		300	0.798962	0.035417	-0.0346359	-0.00135891	0	0	0	0.798962	0	-0.426642	-237.002	0	213.464	213.464	-2.13163e-14	12.4428	0	0	0	0	0	0	0	0	0	0	0	0	0	0	0	0	0	0	0	0	0	0	0	0	0	0	0	0	0	0	0	0	0	
1	1	1	937	28.11		300	0	0	0.04685	-0.04685	-0.000965834	0	0	0	104.806	-119.776	0.000281487	0	0	0	7.56294	-5.8486	0	13.4115		300	0.799531	0.035461	-0.0346794	-0.00136027	0	0	0	0.799531	0	-0.426642	-237.002	0	213.464	213.464	-2.13163e-14	12.4428	0	0	0	0	0	0	0	0	0	0	0	0	0	0	0	0	0	0	0	0	0	0	0	0	0	0	0	0	0	0	0	0	0	
1	1	1	938	28.14		300	0	0	0.0469	-0.0469	-0.000966963	0	0	0	104.862	-119.841	0.000281679	0	0	0	7.57417	-5.84446	0	13.4186		300	0.8001	0.0355049	-0.0347228	-0.00136162	0	0	0	0.8001	0	-0.426642	-237.002	0	213.464	213.464	-2.13163e-14	12.4428	0	0	0	0	0	0	0	0	0	0	0	0	0	0	0	0	0	0	0	0	0	0	0	0	0	0	0	0	0	0	0	0	0	
1	1	1	939	28.17		300	0	0	0.04695	-0.04695	-0.000968091	0	0	0	104.919	-119.905	0.000281871	0	0	0	7.58541	-5.8403	0	13.4257		300	0.800668	0.0355487	-0.0347663	-0.00136298	0	0	0	0.800668	0	-0.426642	-237.002	0	213.464	213.464	-2.13163e-14	12.4428	0	0	0	0	0	0	0	0	0	0	0	0	0	0	0	0	0	0	0	0	0	0	0	0	0	0	0	0	0	0	0	0	0	
1	1	1	940	28.2		300	0	0	0.047	-0.047	-0.000969219	0	0	0	104.975	-119.97	0.000282063	0	0	0	7.59665	-5.83613	0	13.4328		300	0.801236	0.0355926	-0.0348097	-0.00136433	0	0	0	0.801236	0	-0.426642	-237.002	0	213.464	213.464	-2.13163e-14	12.4428	0	0	0	0	0	0	0	0	0	0	0	0	0	0	0	0	0	0	0	0	0	0	0	0	0	0	0	0	0	0	0	0	0	
1	1	1	941	28.23		300	0	0	0.04705	-0.04705	-0.000970347	0	0	0	105.031	-120.035	0.000282254	0	0	0	7.6079	-5.83196	0	13.4399		300	0.801804	0.0356365	-0.0348532	-0.00136568	0	0	0	0.801804	0	-0.426642	-237.002	0	213.464	213.464	-2.13163e-14	12.4428	0	0	0	0	0	0	0	0	0	0	0	0	0	0	0	0	0	0	0	0	0	0	0	0	0	0	0	0	0	0	0	0	0	
1	1	1	942	28.26		300	0	0	0.0471	-0.0471	-0.000971475	0	0	0	105.087	-120.1	0.000282445	0	0	0	7.61916	-5.82777	0	13.4469		300	0.802371	0.0356804	-0.0348966	-0.00136704	0	0	0	0.802371	0	-0.426642	-237.002	0	213.464	213.464	-2.13163e-14	12.4428	0	0	0	0	0	0	0	0	0	0	0	0	0	0	0	0	0	0	0	0	0	0	0	0	0	0	0	0	0	0	0	0	0	
1	1	1	943	28.29		300	0	0	0.04715	-0.04715	-0.000972603	0	0	0	105.144	-120.165	0.000282635	0	0	0	7.63042	-5.82357	0	13.454		300	0.802938	0.0357242	-0.03494	-0.00136839	0	0	0	0.802938	0	-0.426642	-237.002	0	213.464	213.464	-2.13163e-14	12.4428	0	0	0	0	0	0	0	0	0	0	0	0	0	0	0	0	0	0	0	0	0	0	0	0	0	0	0	0	0	0	0	0	0	
1	1	1	944	28.32		300	0	0	0.0472	-0.0472	-0.00097373	0	0	0	105.2	-120.23	0.000282826	0	0	0	7.64169	-5.81936	0	13.461		300	0.803504	0.0357681	-0.0349834	-0.00136974	0	0	0	0.803504	0	-0.426642	-237.002	0	213.464	213.464	-2.13163e-14	12.4428	0	0	0	0	0	0	0	0	0	0	0	0	0	0	0	0	0	0	0	0	0	0	0	0	0	0	0	0	0	0	0	0	0	
1	1	1	945	28.35		300	0	0	0.04725	-0.04725	-0.000974857	0	0	0	105.257	-120.295	0.000283016	0	0	0	7.65296	-5.81514	0	13.4681		300	0.80407	0.0358119	-0.0350268	-0.00137109	0	0	0	0.80407	0	-0.426642	-237.002	0	213.464	213.464	-2.13163e-14	12.4428	0	0	0	0	0	0	0	0	0	0	0	0	0	0	0	0	0	0	0	0	0	0	0	0	0	0	0	0	0	0	0	0	0	
1	1	1	946	28.38		300	0	0	0.0473	-0.0473	-0.000975984	0	0	0	105.313	-120.36	0.000283205	0	0	0	7.66424	-5.81091	0	13.4752		300	0.804636	0.0358558	-0.0350702	-0.00137245	0	0	0	0.804636	0	-0.426642	-237.002	0	213.464	213.464	-2.13163e-14	12.4428	0	0	0	0	0	0	0	0	0	0	0	0	0	0	0	0	0	0	0	0	0	0	0	0	0	0	0	0	0	0	0	0	0	
1	1	1	947	28.41		300	0	0	0.04735	-0.04735	-0.000977111	0	0	0	105.37	-120.425	0.000283395	0	0	0	7.67553	-5.80667	0	13.4822		300	0.805201	0.0358996	-0.0351136	-0.0013738	0	0	0	0.805201	0	-0.426642	-237.002	0	213.464	213.464	-2.13163e-14	12.4428	0	0	0	0	0	0	0	0	0	0	0	0	0	0	0	0	0	0	0	0	0	0	0	0	0	0	0	0	0	0	0	0	0	
1	1	1	948	28.44		300	0	0	0.0474	-0.0474	-0.000978237	0	0	0	105.427	-120.49	0.000283584	0	0	0	7.68682	-5.80241	0	13.4892		300	0.805766	0.0359434	-0.0351569	-0.00137515	0	0	0	0.805766	0	-0.426642	-237.002	0	213.464	213.464	-2.13163e-14	12.4428	0	0	0	0	0	0	0	0	0	0	0	0	0	0	0	0	0	0	0	0	0	0	0	0	0	0	0	0	0	0	0	0	0	
1	1	1	949	28.47		300	0	0	0.04745	-0.04745	-0.000979364	0	0	0	105.483	-120.556	0.000283772	0	0	0	7.69812	-5.79815	0	13.4963		300	0.806331	0.0359872	-0.0352003	-0.0013765	0	0	0	0.806331	0	-0.426642	-237.002	0	213.464	213.464	-2.13163e-14	12.4428	0	0	0	0	0	0	0	0	0	0	0	0	0	0	0	0	0	0	0	0	0	0	0	0	0	0	0	0	0	0	0	0	0	
1	1	1	950	28.5		300	0	0	0.0475	-0.0475	-0.00098049	0	0	0	105.54	-120.621	0.000283961	0	0	0	7.70943	-5.79388	0	13.5033		300	0.806895	0.036031	-0.0352437	-0.00137785	0	0	0	0.806895	0	-0.426642	-237.002	0	213.464	213.464	-2.13163e-14	12.4428	0	0	0	0	0	0	0	0	0	0	0	0	0	0	0	0	0	0	0	0	0	0	0	0	0	0	0	0	0	0	0	0	0	
1	1	1	951	28.53		300	0	0	0.04755	-0.04755	-0.000981616	0	0	0	105.597	-120.687	0.000284149	0	0	0	7.72074	-5.78959	0	13.5103		300	0.807458	0.0360748	-0.035287	-0.0013792	0	0	0	0.807458	0	-0.426642	-237.002	0	213.464	213.464	-2.13163e-14	12.4428	0	0	0	0	0	0	0	0	0	0	0	0	0	0	0	0	0	0	0	0	0	0	0	0	0	0	0	0	0	0	0	0	0	
1	1	1	952	28.56		300	0	0	0.0476	-0.0476	-0.000982741	0	0	0	105.655	-120.752	0.000284336	0	0	0	7.73205	-5.78529	0	13.5173		300	0.808022	0.0361186	-0.0353304	-0.00138055	0	0	0	0.808022	0	-0.426642	-237.002	0	213.464	213.464	-2.13163e-14	12.4428	0	0	0	0	0	0	0	0	0	0	0	0	0	0	0	0	0	0	0	0	0	0	0	0	0	0	0	0	0	0	0	0	0	
1	1	1	953	28.59		300	0	0	0.04765	-0.04765	-0.000983867	0	0	0	105.712	-120.818	0.000284524	0	0	0	7.74338	-5.78099	0	13.5244		300	0.808585	0.0361624	-0.0353737	-0.0013819	0	0	0	0.808585	0	-0.426642	-237.002	0	213.464	213.464	-2.13163e-14	12.4428	0	0	0	0	0	0	0	0	0	0	0	0	0	0	0	0	0	0	0	0	0	0	0	0	0	0	0	0	0	0	0	0	0	
1	1	1	954	28.62		300	0	0	0.0477	-0.0477	-0.000984992	0	0	0	105.769	-120.884	0.000284711	0	0	0	7.75471	-5.77667	0	13.5314		300	0.809147	0.0362062	-0.035417	-0.00138325	0	0	0	0.809147	0	-0.426642	-237.002	0	213.464	213.464	-2.13163e-14	12.4428	0	0	0	0	0	0	0	0	0	0	0	0	0	0	0	0	0	0	0	0	0	0	0	0	0	0	0	0	0	0	0	0	0	
1	1	1	955	28.65		300	0	0	0.04775	-0.04775	-0.000986117	0	0	0	105.826	-120.95	0.000284898	0	0	0	7.76604	-5.77234	0	13.5384		300	0.80971	0.0362499	-0.0354603	-0.0013846	0	0	0	0.80971	0	-0.426642	-237.002	0	213.464	213.464	-2.13163e-14	12.4428	0	0	0	0	0	0	0	0	0	0	0	0	0	0	0	0	0	0	0	0	0	0	0	0	0	0	0	0	0	0	0	0	0	
1	1	1	956	28.68		300	0	0	0.0478	-0.0478	-0.000987241	0	0	0	105.884	-121.015	0.000285084	0	0	0	7.77738	-5.768	0	13.5454		300	0.810271	0.0362937	-0.0355036	-0.00138595	0	0	0	0.810271	0	-0.426642	-237.002	0	213.464	213.464	-2.13163e-14	12.4428	0	0	0	0	0	0	0	0	0	0	0	0	0	0	0	0	0	0	0	0	0	0	0	0	0	0	0	0	0	0	0	0	0	
1	1	1	957	28.71		300	0	0	0.04785	-0.04785	-0.000988366	0	0	0	105.941	-121.081	0.00028527	0	0	0	7.78873	-5.76365	0	13.5524		300	0.810833	0.0363374	-0.0355469	-0.0013873	0	0	0	0.810833	0	-0.426642	-237.002	0	213.464	213.464	-2.13163e-14	12.4428	0	0	0	0	0	0	0	0	0	0	0	0	0	0	0	0	0	0	0	0	0	0	0	0	0	0	0	0	0	0	0	0	0	
1	1	1	958	28.74		300	0	0	0.0479	-0.0479	-0.00098949	0	0	0	105.999	-121.148	0.000285456	0	0	0	7.80009	-5.75928	0	13.5594		300	0.811394	0.0363812	-0.0355902	-0.00138865	0	0	0	0.811394	0	-0.426642	-237.002	0	213.464	213.464	-2.13163e-14	12.4428	0	0	0	0	0	0	0	0	0	0	0	0	0	0	0	0	0	0	0	0	0	0	0	0	0	0	0	0	0	0	0	0	0	
1	1	1	959	28.77		300	0	0	0.04795	-0.04795	-0.000990614	0	0	0	106.056	-121.214	0.000285641	0	0	0	7.81145	-5.75491	0	13.5664		300	0.811954	0.0364249	-0.0356335	-0.00138999	0	0	0	0.811954	0	-0.426642	-237.002	0	213.464	213.464	-2.13163e-14	12.4428	0	0	0	0	0	0	0	0	0	0	0	0	0	0	0	0	0	0	0	0	0	0	0	0	0	0	0	0	0	0	0	0	0	
1	1	1	960	28.8		300	0	0	0.048	-0.048	-0.000991738	0	0	0	106.114	-121.28	0.000285826	0	0	0	7.82281	-5.75053	0	13.5733		300	0.812515	0.0364686	-0.0356768	-0.00139134	0	0	0	0.812515	0	-0.426642	-237.002	0	213.464	213.464	-2.13163e-14	12.4428	0	0	0	0	0	0	0	0	0	0	0	0	0	0	0	0	0	0	0	0	0	0	0	0	0	0	0	0	0	0	0	0	0	
1	1	1	961	28.83		300	0	0	0.04805	-0.04805	-0.000992861	0	0	0	106.172	-121.346	0.000286011	0	0	0	7.83419	-5.74613	0	13.5803		300	0.813075	0.0365123	-0.0357201	-0.00139269	0	0	0	0.813075	0	-0.426642	-237.002	0	213.464	213.464	-2.13163e-14	12.4428	0	0	0	0	0	0	0	0	0	0	0	0	0	0	0	0	0	0	0	0	0	0	0	0	0	0	0	0	0	0	0	0	0	
1	1	1	962	28.86		300	0	0	0.0481	-0.0481	-0.000993985	0	0	0	106.23	-121.413	0.000286195	0	0	0	7.84557	-5.74172	0	13.5873		300	0.813634	0.036556	-0.0357633	-0.00139404	0	0	0	0.813634	0	-0.426642	-237.002	0	213.464	213.464	-2.13163e-14	12.4428	0	0	0	0	0	0	0	0	0	0	0	0	0	0	0	0	0	0	0	0	0	0	0	0	0	0	0	0	0	0	0	0	0	
1	1	1	963	28.89		300	0	0	0.04815	-0.04815	-0.000995108	0	0	0	106.288	-121.479	0.000286379	0	0	0	7.85695	-5.73731	0	13.5943		300	0.814193	0.0365997	-0.0358066	-0.00139538	0	0	0	0.814193	0	-0.426642	-237.002	0	213.464	213.464	-2.13163e-14	12.4428	0	0	0	0	0	0	0	0	0	0	0	0	0	0	0	0	0	0	0	0	0	0	0	0	0	0	0	0	0	0	0	0	0	
1	1	1	964	28.92		300	0	0	0.0482	-0.0482	-0.000996231	0	0	0	106.346	-121.546	0.000286563	0	0	0	7.86834	-5.73288	0	13.6012		300	0.814752	0.0366434	-0.0358498	-0.00139673	0	0	0	0.814752	0	-0.426642	-237.002	0	213.464	213.464	-2.13163e-14	12.4428	0	0	0	0	0	0	0	0	0	0	0	0	0	0	0	0	0	0	0	0	0	0	0	0	0	0	0	0	0	0	0	0	0	
1	1	1	965	28.95		300	0	0	0.04825	-0.04825	-0.000997353	0	0	0	106.404	-121.612	0.000286746	0	0	0	7.87974	-5.72844	0	13.6082		300	0.81531	0.0366871	-0.035893	-0.00139808	0	0	0	0.81531	0	-0.426642	-237.002	0	213.464	213.464	-2.13163e-14	12.4428	0	0	0	0	0	0	0	0	0	0	0	0	0	0	0	0	0	0	0	0	0	0	0	0	0	0	0	0	0	0	0	0	0	
1	1	1	966	28.98		300	0	0	0.0483	-0.0483	-0.000998476	0	0	0	106.462	-121.679	0.000286929	0	0	0	7.89114	-5.72399	0	13.6151		300	0.815868	0.0367307	-0.0359363	-0.00139942	0	0	0	0.815868	0	-0.426642	-237.002	0	213.464	213.464	-2.13163e-14	12.4428	0	0	0	0	0	0	0	0	0	0	0	0	0	0	0	0	0	0	0	0	0	0	0	0	0	0	0	0	0	0	0	0	0	
1	1	1	967	29.01		300	0	0	0.04835	-0.04835	-0.000999598	0	0	0	106.521	-121.746	0.000287112	0	0	0	7.90255	-5.71952	0	13.6221		300	0.816426	0.0367744	-0.0359795	-0.00140077	0	0	0	0.816426	0	-0.426642	-237.002	0	213.464	213.464	-2.13163e-14	12.4428	0	0	0	0	0	0	0	0	0	0	0	0	0	0	0	0	0	0	0	0	0	0	0	0	0	0	0	0	0	0	0	0	0	
1	1	1	968	29.04		300	0	0	0.0484	-0.0484	-0.00100072	0	0	0	106.579	-121.813	0.000287294	0	0	0	7.91397	-5.71505	0	13.629		300	0.816983	0.036818	-0.0360227	-0.00140211	0	0	0	0.816983	0	-0.426642	-237.002	0	213.464	213.464	-2.13163e-14	12.4428	0	0	0	0	0	0	0	0	0	0	0	0	0	0	0	0	0	0	0	0	0	0	0	0	0	0	0	0	0	0	0	0	0	
1	1	1	969	29.07		300	0	0	0.04845	-0.04845	-0.00100184	0	0	0	106.638	-121.88	0.000287476	0	0	0	7.92539	-5.71057	0	13.636		300	0.81754	0.0368617	-0.0360659	-0.00140346	0	0	0	0.81754	0	-0.426642	-237.002	0	213.464	213.464	-2.13163e-14	12.4428	0	0	0	0	0	0	0	0	0	0	0	0	0	0	0	0	0	0	0	0	0	0	0	0	0	0	0	0	0	0	0	0	0	
1	1	1	970	29.1		300	0	0	0.0485	-0.0485	-0.00100296	0	0	0	106.696	-121.947	0.000287658	0	0	0	7.93682	-5.70607	0	13.6429		300	0.818096	0.0369053	-0.036109	-0.0014048	0	0	0	0.818096	0	-0.426642	-237.002	0	213.464	213.464	-2.13163e-14	12.4428	0	0	0	0	0	0	0	0	0	0	0	0	0	0	0	0	0	0	0	0	0	0	0	0	0	0	0	0	0	0	0	0	0	
1	1	1	971	29.13		300	0	0	0.04855	-0.04855	-0.00100408	0	0	0	106.755	-122.014	0.000287839	0	0	0	7.94826	-5.70156	0	13.6498		300	0.818652	0.0369489	-0.0361522	-0.00140615	0	0	0	0.818652	0	-0.426642	-237.002	0	213.464	213.464	-2.13163e-14	12.4428	0	0	0	0	0	0	0	0	0	0	0	0	0	0	0	0	0	0	0	0	0	0	0	0	0	0	0	0	0	0	0	0	0	
1	1	1	972	29.16		300	0	0	0.0486	-0.0486	-0.0010052	0	0	0	106.814	-122.081	0.00028802	0	0	0	7.9597	-5.69705	0	13.6567		300	0.819208	0.0369925	-0.0361954	-0.00140749	0	0	0	0.819208	0	-0.426642	-237.002	0	213.464	213.464	-2.13163e-14	12.4428	0	0	0	0	0	0	0	0	0	0	0	0	0	0	0	0	0	0	0	0	0	0	0	0	0	0	0	0	0	0	0	0	0	
1	1	1	973	29.19		300	0	0	0.04865	-0.04865	-0.00100633	0	0	0	106.873	-122.149	0.000288201	0	0	0	7.97115	-5.69252	0	13.6637		300	0.819763	0.0370361	-0.0362385	-0.00140883	0	0	0	0.819763	0	-0.426642	-237.002	0	213.464	213.464	-2.13163e-14	12.4428	0	0	0	0	0	0	0	0	0	0	0	0	0	0	0	0	0	0	0	0	0	0	0	0	0	0	0	0	0	0	0	0	0	
1	1	1	974	29.22		300	0	0	0.0487	-0.0487	-0.00100745	0	0	0	106.932	-122.216	0.000288381	0	0	0	7.9826	-5.68798	0	13.6706		300	0.820317	0.0370797	-0.0362817	-0.00141018	0	0	0	0.820317	0	-0.426642	-237.002	0	213.464	213.464	-2.13163e-14	12.4428	0	0	0	0	0	0	0	0	0	0	0	0	0	0	0	0	0	0	0	0	0	0	0	0	0	0	0	0	0	0	0	0	0	
1	1	1	975	29.25		300	0	0	0.04875	-0.04875	-0.00100857	0	0	0	106.991	-122.284	0.000288561	0	0	0	7.99406	-5.68343	0	13.6775		300	0.820872	0.0371233	-0.0363248	-0.00141152	0	0	0	0.820872	0	-0.426642	-237.002	0	213.464	213.464	-2.13163e-14	12.4428	0	0	0	0	0	0	0	0	0	0	0	0	0	0	0	0	0	0	0	0	0	0	0	0	0	0	0	0	0	0	0	0	0	
1	1	1	976	29.28		300	0	0	0.0488	-0.0488	-0.00100969	0	0	0	107.05	-122.351	0.00028874	0	0	0	8.00553	-5.67886	0	13.6844		300	0.821426	0.0371669	-0.036368	-0.00141286	0	0	0	0.821426	0	-0.426642	-237.002	0	213.464	213.464	-2.13163e-14	12.4428	0	0	0	0	0	0	0	0	0	0	0	0	0	0	0	0	0	0	0	0	0	0	0	0	0	0	0	0	0	0	0	0	0	
1	1	1	977	29.31		300	0	0	0.04885	-0.04885	-0.00101081	0	0	0	107.109	-122.419	0.00028892	0	0	0	8.017	-5.67429	0	13.6913		300	0.821979	0.0372104	-0.0364111	-0.00141421	0	0	0	0.821979	0	-0.426642	-237.002	0	213.464	213.464	-2.13163e-14	12.4428	0	0	0	0	0	0	0	0	0	0	0	0	0	0	0	0	0	0	0	0	0	0	0	0	0	0	0	0	0	0	0	0	0	
1	1	1	978	29.34		300	0	0	0.0489	-0.0489	-0.00101192	0	0	0	107.169	-122.487	0.000289099	0	0	0	8.02848	-5.6697	0	13.6982		300	0.822533	0.037254	-0.0364542	-0.00141555	0	0	0	0.822533	0	-0.426642	-237.002	0	213.464	213.464	-2.13163e-14	12.4428	0	0	0	0	0	0	0	0	0	0	0	0	0	0	0	0	0	0	0	0	0	0	0	0	0	0	0	0	0	0	0	0	0	
1	1	1	979	29.37		300	0	0	0.04895	-0.04895	-0.00101304	0	0	0	107.228	-122.555	0.000289277	0	0	0	8.03997	-5.66511	0	13.7051		300	0.823086	0.0372975	-0.0364973	-0.00141689	0	0	0	0.823086	0	-0.426642	-237.002	0	213.464	213.464	-2.13163e-14	12.4428	0	0	0	0	0	0	0	0	0	0	0	0	0	0	0	0	0	0	0	0	0	0	0	0	0	0	0	0	0	0	0	0	0	
1	1	1	980	29.4		300	0	0	0.049	-0.049	-0.00101416	0	0	0	107.288	-122.623	0.000289455	0	0	0	8.05146	-5.6605	0	13.712		300	0.823638	0.037341	-0.0365404	-0.00141823	0	0	0	0.823638	0	-0.426642	-237.002	0	213.464	213.464	-2.13163e-14	12.4428	0	0	0	0	0	0	0	0	0	0	0	0	0	0	0	0	0	0	0	0	0	0	0	0	0	0	0	0	0	0	0	0	0	
1	1	1	981	29.43		300	0	0	0.04905	-0.04905	-0.00101528	0	0	0	107.347	-122.691	0.000289633	0	0	0	8.06296	-5.65588	0	13.7188		300	0.82419	0.0373846	-0.0365835	-0.00141957	0	0	0	0.82419	0	-0.426642	-237.002	0	213.464	213.464	-2.13163e-14	12.4428	0	0	0	0	0	0	0	0	0	0	0	0	0	0	0	0	0	0	0	0	0	0	0	0	0	0	0	0	0	0	0	0	0	
1	1	1	982	29.46		300	0	0	0.0491	-0.0491	-0.0010164	0	0	0	107.407	-122.759	0.000289811	0	0	0	8.07446	-5.65125	0	13.7257		300	0.824742	0.0374281	-0.0366265	-0.00142091	0	0	0	0.824742	0	-0.426642	-237.002	0	213.464	213.464	-2.13163e-14	12.4428	0	0	0	0	0	0	0	0	0	0	0	0	0	0	0	0	0	0	0	0	0	0	0	0	0	0	0	0	0	0	0	0	0	
1	1	1	983	29.49		300	0	0	0.04915	-0.04915	-0.00101752	0	0	0	107.467	-122.827	0.000289988	0	0	0	8.08598	-5.64661	0	13.7326		300	0.825293	0.0374716	-0.0366696	-0.00142226	0	0	0	0.825293	0	-0.426642	-237.002	0	213.464	213.464	-2.13163e-14	12.4428	0	0	0	0	0	0	0	0	0	0	0	0	0	0	0	0	0	0	0	0	0	0	0	0	0	0	0	0	0	0	0	0	0	
1	1	1	984	29.52		300	0	0	0.0492	-0.0492	-0.00101864	0	0	0	107.527	-122.896	0.000290165	0	0	0	8.09749	-5.64195	0	13.7394		300	0.825844	0.0375151	-0.0367126	-0.0014236	0	0	0	0.825844	0	-0.426642	-237.002	0	213.464	213.464	-2.13163e-14	12.4428	0	0	0	0	0	0	0	0	0	0	0	0	0	0	0	0	0	0	0	0	0	0	0	0	0	0	0	0	0	0	0	0	0	
1	1	1	985	29.55		300	0	0	0.04925	-0.04925	-0.00101975	0	0	0	107.587	-122.964	0.000290341	0	0	0	8.10902	-5.63729	0	13.7463		300	0.826394	0.0375585	-0.0367557	-0.00142494	0	0	0	0.826394	0	-0.426642	-237.002	0	213.464	213.464	-2.13163e-14	12.4428	0	0	0	0	0	0	0	0	0	0	0	0	0	0	0	0	0	0	0	0	0	0	0	0	0	0	0	0	0	0	0	0	0	
1	1	1	986	29.58		300	0	0	0.0493	-0.0493	-0.00102087	0	0	0	107.647	-123.033	0.000290518	0	0	0	8.12055	-5.63261	0	13.7532		300	0.826944	0.037602	-0.0367987	-0.00142628	0	0	0	0.826944	0	-0.426642	-237.002	0	213.464	213.464	-2.13163e-14	12.4428	0	0	0	0	0	0	0	0	0	0	0	0	0	0	0	0	0	0	0	0	0	0	0	0	0	0	0	0	0	0	0	0	0	
1	1	1	987	29.61		300	0	0	0.04935	-0.04935	-0.00102199	0	0	0	107.707	-123.101	0.000290693	0	0	0	8.13209	-5.62793	0	13.76		300	0.827494	0.0376455	-0.0368417	-0.00142761	0	0	0	0.827494	0	-0.426642	-237.002	0	213.464	213.464	-2.13163e-14	12.4428	0	0	0	0	0	0	0	0	0	0	0	0	0	0	0	0	0	0	0	0	0	0	0	0	0	0	0	0	0	0	0	0	0	
1	1	1	988	29.64		300	0	0	0.0494	-0.0494	-0.0010231	0	0	0	107.767	-123.17	0.000290869	0	0	0	8.14363	-5.62323	0	13.7669		300	0.828043	0.0376889	-0.0368847	-0.00142895	0	0	0	0.828043	0	-0.426642	-237.002	0	213.464	213.464	-2.13163e-14	12.4428	0	0	0	0	0	0	0	0	0	0	0	0	0	0	0	0	0	0	0	0	0	0	0	0	0	0	0	0	0	0	0	0	0	
1	1	1	989	29.67		300	0	0	0.04945	-0.04945	-0.00102422	0	0	0	107.828	-123.239	0.000291044	0	0	0	8.15518	-5.61852	0	13.7737		300	0.828592	0.0377324	-0.0369277	-0.00143029	0	0	0	0.828592	0	-0.426642	-237.002	0	213.464	213.464	-2.13163e-14	12.4428	0	0	0	0	0	0	0	0	0	0	0	0	0	0	0	0	0	0	0	0	0	0	0	0	0	0	0	0	0	0	0	0	0	
1	1	1	990	29.7		300	0	0	0.0495	-0.0495	-0.00102534	0	0	0	107.888	-123.308	0.000291219	0	0	0	8.16674	-5.61379	0	13.7805		300	0.82914	0.0377758	-0.0369707	-0.00143163	0	0	0	0.82914	0	-0.426642	-237.002	0	213.464	213.464	-2.13163e-14	12.4428	0	0	0	0	0	0	0	0	0	0	0	0	0	0	0	0	0	0	0	0	0	0	0	0	0	0	0	0	0	0	0	0	0	
1	1	1	991	29.73		300	0	0	0.04955	-0.04955	-0.00102645	0	0	0	107.949	-123.377	0.000291393	0	0	0	8.1783	-5.60906	0	13.7874		300	0.829688	0.0378192	-0.0370137	-0.00143297	0	0	0	0.829688	0	-0.426642	-237.002	0	213.464	213.464	-2.13163e-14	12.4428	0	0	0	0	0	0	0	0	0	0	0	0	0	0	0	0	0	0	0	0	0	0	0	0	0	0	0	0	0	0	0	0	0	
1	1	1	992	29.76		300	0	0	0.0496	-0.0496	-0.00102757	0	0	0	108.01	-123.446	0.000291567	0	0	0	8.18987	-5.60432	0	13.7942		300	0.830236	0.0378626	-0.0370567	-0.00143431	0	0	0	0.830236	0	-0.426642	-237.002	0	213.464	213.464	-2.13163e-14	12.4428	0	0	0	0	0	0	0	0	0	0	0	0	0	0	0	0	0	0	0	0	0	0	0	0	0	0	0	0	0	0	0	0	0	
1	1	1	993	29.79		300	0	0	0.04965	-0.04965	-0.00102868	0	0	0	108.07	-123.515	0.000291741	0	0	0	8.20145	-5.59956	0	13.801		300	0.830783	0.037906	-0.0370996	-0.00143565	0	0	0	0.830783	0	-0.426642	-237.002	0	213.464	213.464	-2.13163e-14	12.4428	0	0	0	0	0	0	0	0	0	0	0	0	0	0	0	0	0	0	0	0	0	0	0	0	0	0	0	0	0	0	0	0	0	
1	1	1	994	29.82		300	0	0	0.0497	-0.0497	-0.0010298	0	0	0	108.131	-123.585	0.000291914	0	0	0	8.21303	-5.59479	0	13.8078		300	0.83133	0.0379494	-0.0371426	-0.00143698	0	0	0	0.83133	0	-0.426642	-237.002	0	213.464	213.464	-2.13163e-14	12.4428	0	0	0	0	0	0	0	0	0	0	0	0	0	0	0	0	0	0	0	0	0	0	0	0	0	0	0	0	0	0	0	0	0	
1	1	1	995	29.85		300	0	0	0.04975	-0.04975	-0.00103091	0	0	0	108.192	-123.654	0.000292087	0	0	0	8.22462	-5.59001	0	13.8146		300	0.831876	0.0379928	-0.0371855	-0.00143832	0	0	0	0.831876	0	-0.426642	-237.002	0	213.464	213.464	-2.13163e-14	12.4428	0	0	0	0	0	0	0	0	0	0	0	0	0	0	0	0	0	0	0	0	0	0	0	0	0	0	0	0	0	0	0	0	0	
1	1	1	996	29.88		300	0	0	0.0498	-0.0498	-0.00103203	0	0	0	108.253	-123.724	0.00029226	0	0	0	8.23621	-5.58522	0	13.8214		300	0.832422	0.0380362	-0.0372284	-0.00143966	0	0	0	0.832422	0	-0.426642	-237.002	0	213.464	213.464	-2.13163e-14	12.4428	0	0	0	0	0	0	0	0	0	0	0	0	0	0	0	0	0	0	0	0	0	0	0	0	0	0	0	0	0	0	0	0	0	
1	1	1	997	29.91		300	0	0	0.04985	-0.04985	-0.00103314	0	0	0	108.315	-123.793	0.000292432	0	0	0	8.24781	-5.58042	0	13.8282		300	0.832968	0.0380795	-0.0372714	-0.00144099	0	0	0	0.832968	0	-0.426642	-237.002	0	213.464	213.464	-2.13163e-14	12.4428	0	0	0	0	0	0	0	0	0	0	0	0	0	0	0	0	0	0	0	0	0	0	0	0	0	0	0	0	0	0	0	0	0	
1	1	1	998	29.94		300	0	0	0.0499	-0.0499	-0.00103426	0	0	0	108.376	-123.863	0.000292604	0	0	0	8.25942	-5.5756	0	13.835		300	0.833513	0.0381229	-0.0373143	-0.00144233	0	0	0	0.833513	0	-0.426642	-237.002	0	213.464	213.464	-2.13163e-14	12.4428	0	0	0	0	0	0	0	0	0	0	0	0	0	0	0	0	0	0	0	0	0	0	0	0	0	0	0	0	0	0	0	0	0	
1	1	1	999	29.97		300	0	0	0.04995	-0.04995	-0.00103537	0	0	0	108.437	-123.933	0.000292776	0	0	0	8.27104	-5.57078	0	13.8418		300	0.834058	0.0381662	-0.0373572	-0.00144367	0	0	0	0.834058	0	-0.426642	-237.002	0	213.464	213.464	-2.13163e-14	12.4428	0	0	0	0	0	0	0	0	0	0	0	0	0	0	0	0	0	0	0	0	0	0	0	0	0	0	0	0	0	0	0	0	0	
1	1	1	1000	30		300	0	0	0.05	-0.05	-0.00103649	0	0	0	108.499	-124.003	0.000292947	0	0	0	8.28266	-5.56594	0	13.8486		300	0.834602	0.0382095	-0.0374	-0.001445	0	0	0	0.834602	0	-0.426642	-237.002	0	213.464	213.464	-2.13163e-14	12.4428	0	0	0	0	0	0	0	0	0	0	0	0	0	0	0	0	0	0	0	0	0	0	0	0	0	0	0	0	0	0	0	0	0	
