1	1	1	1	0.03		300	0	0	0	0	0	5e-05	0	0	0	0	0	0.209535	0	0	5.23837e-06	5.23837e-06	0	0		300	1e-09	0	0	0	0	0	0	1e-09	0	-0.355028	-111.796	0	20.391	20.391	-1.5099e-14	5.32541	0	0	0	0	0	0	0	0	0	0	0	0	0	0	0	0	0	0	0	0	0	0	0	0	0	0	0	0	0	0	0	0	0	
1	1	1	2	0.06		300	0	0	0	0	0	0.0001	0	0	0	0	0	0.419069	0	0	2.09535e-05	2.09535e-05	0	0		300	1e-09	0	0	0	0	0	0	1e-09	0	-0.355028	-111.796	0	20.391	20.391	-1.5099e-14	5.32541	0	0	0	0	0	0	0	0	0	0	0	0	0	0	0	0	0	0	0	0	0	0	0	0	0	0	0	0	0	0	0	0	0	
1	1	1	3	0.09		300	0	0	0	0	0	0.00015	0	0	0	0	0	0.628604	0	0	4.71453e-05	4.71453e-05	0	0		300	1e-09	0	0	0	0	0	0	1e-09	0	-0.355028	-111.796	0	20.391	20.391	-1.5099e-14	5.32541	0	0	0	0	0	0	0	0	0	0	0	0	0	0	0	0	0	0	0	0	0	0	0	0	0	0	0	0	0	0	0	0	0	
1	1	1	4	0.12		300	0	0	0	0	0	0.0002	0	0	0	0	0	0.838138	0	0	8.38138e-05	8.38138e-05	0	0		300	1e-09	0	0	0	0	0	0	1e-09	0	-0.355028	-111.796	0	20.391	20.391	-1.5099e-14	5.32541	0	0	0	0	0	0	0	0	0	0	0	0	0	0	0	0	0	0	0	0	0	0	0	0	0	0	0	0	0	0	0	0	0	
1	1	1	5	0.15		300	0	0	0	0	0	0.00025	0	0	0	0	0	1.04767	0	0	0.000130959	0.000130959	0	0		300	1e-09	0	0	0	0	0	0	1e-09	0	-0.355028	-111.796	0	20.391	20.391	-1.5099e-14	5.32541	0	0	0	0	0	0	0	0	0	0	0	0	0	0	0	0	0	0	0	0	0	0	0	0	0	0	0	0	0	0	0	0	0	
1	1	1	6	0.18		300	0	0	0	0	0	0.0003	0	0	0	0	0	1.25721	0	0	0.000188581	0.000188581	0	0		300	1e-09	0	0	0	0	0	0	1e-09	0	-0.355028	-111.796	0	20.391	20.391	-1.5099e-14	5.32541	0	0	0	0	0	0	0	0	0	0	0	0	0	0	0	0	0	0	0	0	0	0	0	0	0	0	0	0	0	0	0	0	0	
1	1	1	7	0.21		300	0	0	0	0	0	0.00035	0	0	0	0	0	1.46674	0	0	0.00025668	0.00025668	0	0		300	1e-09	0	0	0	0	0	0	1e-09	0	-0.355028	-111.796	0	20.391	20.391	-1.5099e-14	5.32541	0	0	0	0	0	0	0	0	0	0	0	0	0	0	0	0	0	0	0	0	0	0	0	0	0	0	0	0	0	0	0	0	0	
1	1	1	8	0.24		300	0	0	0	0	0	0.0004	0	0	0	0	0	1.67628	0	0	0.000335255	0.000335255	0	0		300	1e-09	0	0	0	0	0	0	1e-09	0	-0.355028	-111.796	0	20.391	20.391	-1.5099e-14	5.32541	0	0	0	0	0	0	0	0	0	0	0	0	0	0	0	0	0	0	0	0	0	0	0	0	0	0	0	0	0	0	0	0	0	
1	1	1	9	0.27		300	0	0	0	0	0	0.00045	0	0	0	0	0	1.88581	0	0	0.000424308	0.000424308	0	0		300	1e-09	0	0	0	0	0	0	1e-09	0	-0.355028	-111.796	0	20.391	20.391	-1.5099e-14	5.32541	0	0	0	0	0	0	0	0	0	0	0	0	0	0	0	0	0	0	0	0	0	0	0	0	0	0	0	0	0	0	0	0	0	
1	1	1	10	0.3		300	0	0	0	0	0	0.0005	0	0	0	0	0	2.09535	0	0	0.000523837	0.000523837	0	0		300	1e-09	0	0	0	0	0	0	1e-09	0	-0.355028	-111.796	0	20.391	20.391	-1.5099e-14	5.32541	0	0	0	0	0	0	0	0	0	0	0	0	0	0	0	0	0	0	0	0	0	0	0	0	0	0	0	0	0	0	0	0	0	
1	1	1	11	0.33		300	0	0	0	0	0	0.00055	0	0	0	0	0	2.30488	0	0	0.000633842	0.000633842	0	0		300	1e-09	0	0	0	0	0	0	1e-09	0	-0.355028	-111.796	0	20.391	20.391	-1.5099e-14	5.32541	0	0	0	0	0	0	0	0	0	0	0	0	0	0	0	0	0	0	0	0	0	0	0	0	0	0	0	0	0	0	0	0	0	
1	1	1	12	0.36		300	0	0	0	0	0	0.0006	0	0	0	0	0	2.51442	0	0	0.000754325	0.000754325	0	0		300	1e-09	0	0	0	0	0	0	1e-09	0	-0.355028	-111.796	0	20.391	20.391	-1.5099e-14	5.32541	0	0	0	0	0	0	0	0	0	0	0	0	0	0	0	0	0	0	0	0	0	0	0	0	0	0	0	0	0	0	0	0	0	
1	1	1	13	0.39		300	0	0	0	0	0	0.00065	0	0	0	0	0	2.72395	0	0	0.000885284	0.000885284	0	0		300	1e-09	0	0	0	0	0	0	1e-09	0	-0.355028	-111.796	0	20.391	20.391	-1.5099e-14	5.32541	0	0	0	0	0	0	0	0	0	0	0	0	0	0	0	0	0	0	0	0	0	0	0	0	0	0	0	0	0	0	0	0	0	
1	1	1	14	0.42		300	0	0	0	0	0	0.0007	0	0	3.4439e-09	3.4439e-09	-6.8878e-09	2.93348	0	0	0.00102672	0.00102672	0	2.61018e-09		300	1.49022e-09	-4.10899e-13	-4.10899e-13	8.21798e-13	3.54916e-11	0	0	1.49022e-09	0	-0.355028	-111.796	0	20.391	20.391	-1.5099e-14	5.32541	0	0	0	0	0	0	0	0	0	0	0	0	0	0	0	0	0	0	0	0	0	0	0	0	0	0	0	0	0	0	0	0	0	
1	1	1	15	0.45		300	0	0	-5.70938e-13	-5.70938e-13	1.14188e-12	0.00075	0	0	4.05399e-09	4.05399e-09	-8.10798e-09	3.14302	0	0	0.00117863	0.00117863	0	6.70005e-09		300	2.25821e-09	-1.05463e-12	-1.05463e-12	2.10925e-12	9.1094e-11	0	0	2.25821e-09	0	-0.355028	-111.796	0	20.391	20.391	-1.5099e-14	5.32541	0	0	0	0	0	0	0	0	0	0	0	0	0	0	0	0	0	0	0	0	0	0	0	0	0	0	0	0	0	0	0	0	0	
1	1	1	16	0.48		300	0	0	-1.37004e-12	-1.37004e-12	2.74008e-12	0.0008	0	0	4.77706e-09	4.77706e-09	-9.55412e-09	3.35255	0	0	0.00134102	0.00134101	0	1.23252e-08		300	3.31449e-09	-1.94e-12	-1.94e-12	3.88e-12	1.67569e-10	0	0	3.31449e-09	0	-0.355028	-111.796	0	20.391	20.391	-1.5099e-14	5.32541	0	0	0	0	0	0	0	0	0	0	0	0	0	0	0	0	0	0	0	0	0	0	0	0	0	0	0	0	0	0	0	0	0	
1	1	1	17	0.51		300	0	0	-2.46028e-12	-2.46028e-12	4.92057e-12	0.00085	0	0	5.60854e-09	5.60854e-09	-1.12171e-08	3.56209	0	0	0.00151389	0.00151387	0	1.98823e-08		300	4.73355e-09	-3.12945e-12	-3.12945e-12	6.2589e-12	2.70308e-10	0	0	4.73355e-09	0	-0.355028	-111.796	0	20.391	20.391	-1.5099e-14	5.32541	0	0	0	0	0	0	0	0	0	0	0	0	0	0	0	0	0	0	0	0	0	0	0	0	0	0	0	0	0	0	0	0	0	
1	1	1	18	0.54		300	0	0	-3.91551e-12	-3.91551e-12	7.83101e-12	0.0009	0	0	6.53595e-09	6.53595e-09	-1.30719e-08	3.77162	0	0	0.00169723	0.0016972	0	2.98309e-08		300	6.60169e-09	-4.69532e-12	-4.69532e-12	9.39065e-12	4.05561e-10	0	0	6.60169e-09	0	-0.355028	-111.796	0	20.391	20.391	-1.5099e-14	5.32541	0	0	0	0	0	0	0	0	0	0	0	0	0	0	0	0	0	0	0	0	0	0	0	0	0	0	0	0	0	0	0	0	0	
1	1	1	19	0.57		300	0	0	-5.82136e-12	-5.82136e-12	1.16427e-11	0.00095	0	0	7.53723e-09	7.53723e-09	-1.50745e-08	3.98116	0	0	0.00189105	0.00189101	0	4.26986e-08		300	9.01797e-09	-6.72064e-12	-6.72064e-12	1.34413e-11	5.80499e-10	0	0	9.01797e-09	0	-0.355028	-111.796	0	20.391	20.391	-1.5099e-14	5.32541	0	0	0	0	0	0	0	0	0	0	0	0	0	0	0	0	0	0	0	0	0	0	0	0	0	0	0	0	0	0	0	0	0	
1	1	1	20	0.6		300	0	0	-8.27625e-12	-8.27625e-12	1.65525e-11	0.001	0	0	8.57894e-09	8.57894e-09	-1.71579e-08	4.19069	0	0	0.00209535	0.00209529	0	5.90852e-08		300	1.2095e-08	-9.29982e-12	-9.29982e-12	1.85996e-11	8.03277e-10	0	0	1.2095e-08	0	-0.355028	-111.796	0	20.391	20.391	-1.5099e-14	5.32541	0	0	0	0	0	0	0	0	0	0	0	0	0	0	0	0	0	0	0	0	0	0	0	0	0	0	0	0	0	0	0	0	0	
1	1	1	21	0.63		300	0	0	-1.13923e-11	-1.13923e-11	2.27846e-11	0.00105	0	0	9.61432e-09	9.61432e-09	-1.92286e-08	4.40022	0	0	0.00231012	0.00231004	0	7.96675e-08		300	1.596e-08	-1.25394e-11	-1.25394e-11	2.50788e-11	1.0831e-09	0	0	1.596e-08	0	-0.355028	-111.796	0	20.391	20.391	-1.5099e-14	5.32541	0	0	0	0	0	0	0	0	0	0	0	0	0	0	0	0	0	0	0	0	0	0	0	0	0	0	0	0	0	0	0	0	0	
1	1	1	22	0.66		300	0	0	-1.52963e-11	-1.52963e-11	3.05926e-11	0.0011	0	0	1.05813e-08	1.05813e-08	-2.11626e-08	4.60976	0	0	0.00253537	0.00253526	0	1.05204e-07		300	2.07552e-08	-1.65588e-11	-1.65588e-11	3.31176e-11	1.43027e-09	0	0	2.07552e-08	0	-0.355028	-111.796	0	20.391	20.391	-1.5099e-14	5.32541	0	0	0	0	0	0	0	0	0	0	0	0	0	0	0	0	0	0	0	0	0	0	0	0	0	0	0	0	0	0	0	0	0	
1	1	1	23	0.69		300	0	0	-2.01308e-11	-2.01308e-11	4.02616e-11	0.00115	0	0	1.14002e-08	1.14002e-08	-2.28005e-08	4.81929	0	0	0.00277109	0.00277096	0	1.36541e-07		300	2.66395e-08	-2.1491e-11	-2.1491e-11	4.29819e-11	1.85629e-09	0	0	2.66395e-08	0	-0.355028	-111.796	0	20.391	20.391	-1.5099e-14	5.32541	0	0	0	0	0	0	0	0	0	0	0	0	0	0	0	0	0	0	0	0	0	0	0	0	0	0	0	0	0	0	0	0	0	
1	1	1	24	0.72		300	0	0	-2.60549e-11	-2.60549e-11	5.21098e-11	0.0012	0	0	1.19718e-08	1.19718e-08	-2.39435e-08	5.02882	0	0	0.0030173	0.00301712	0	1.74612e-07		300	3.37886e-08	-2.74833e-11	-2.74833e-11	5.49666e-11	2.37388e-09	0	0	3.37886e-08	0	-0.355028	-111.796	0	20.391	20.391	-1.5099e-14	5.32541	0	0	0	0	0	0	0	0	0	0	0	0	0	0	0	0	0	0	0	0	0	0	0	0	0	0	0	0	0	0	0	0	0	
1	1	1	25	0.75		300	0	0	-3.32456e-11	-3.32456e-11	6.64912e-11	0.00125	0	0	1.21743e-08	1.21743e-08	-2.43486e-08	5.23835	0	0	0.00327398	0.00327376	0	2.20451e-07		300	4.23962e-08	-3.46982e-11	-3.46982e-11	6.93963e-11	2.99707e-09	0	0	4.23962e-08	0	-0.355028	-111.796	0	20.391	20.391	-1.5099e-14	5.32541	0	0	0	0	0	0	0	0	0	0	0	0	0	0	0	0	0	0	0	0	0	0	0	0	0	0	0	0	0	0	0	0	0	
1	1	1	26	0.78		300	0	0	-4.18985e-11	-4.18985e-11	8.3797e-11	0.0013	0	0	1.18616e-08	1.18616e-08	-2.37232e-08	5.44788	0	0	0.00354113	0.00354086	0	2.7519e-07		300	5.26749e-08	-4.33137e-11	-4.33137e-11	8.66275e-11	3.74125e-09	0	0	5.26749e-08	0	-0.355028	-111.796	0	20.391	20.391	-1.5099e-14	5.32541	0	0	0	0	0	0	0	0	0	0	0	0	0	0	0	0	0	0	0	0	0	0	0	0	0	0	0	0	0	0	0	0	0	
1	1	1	27	0.81		300	0	0	-5.2229e-11	-5.2229e-11	1.04458e-10	0.00135	0	0	1.08599e-08	1.08599e-08	-2.17199e-08	5.65742	0	0	0.00381876	0.00381842	0	3.40064e-07		300	6.4857e-08	-5.35247e-11	-5.35247e-11	1.07049e-10	4.62323e-09	0	0	6.4857e-08	0	-0.355028	-111.796	0	20.391	20.391	-1.5099e-14	5.32541	0	0	0	0	0	0	0	0	0	0	0	0	0	0	0	0	0	0	0	0	0	0	0	0	0	0	0	0	0	0	0	0	0	
1	1	1	28	0.84		300	0	0	-6.44734e-11	-6.44734e-11	1.28947e-10	0.0014	0	0	8.96562e-09	8.96562e-09	-1.79312e-08	5.86695	0	0	0.00410687	0.00410646	0	4.16422e-07		300	7.91953e-08	-6.55431e-11	-6.55431e-11	1.31086e-10	5.66132e-09	0	0	7.91953e-08	0	-0.355028	-111.796	0	20.391	20.391	-1.5099e-14	5.32541	0	0	0	0	0	0	0	0	0	0	0	0	0	0	0	0	0	0	0	0	0	0	0	0	0	0	0	0	0	0	0	0	0	
1	1	1	29	0.87		300	0	0	-7.88899e-11	-7.88899e-11	1.5778e-10	0.00145	0	0	5.94193e-09	5.94193e-09	-1.18839e-08	6.07648	0	0	0.00440546	0.00440495	0	5.05724e-07		300	9.59643e-08	-7.95989e-11	-7.95989e-11	1.59198e-10	6.87539e-09	0	0	9.59643e-08	0	-0.355028	-111.796	0	20.391	20.391	-1.5099e-14	5.32541	0	0	0	0	0	0	0	0	0	0	0	0	0	0	0	0	0	0	0	0	0	0	0	0	0	0	0	0	0	0	0	0	0	
1	1	1	30	0.9		300	0	0	-9.57597e-11	-9.57597e-11	1.91519e-10	0.0015	0	0	1.51614e-09	1.51614e-09	-3.03228e-09	6.286	0	0	0.00471452	0.00471391	0	6.0955e-07		300	1.15461e-07	-9.59406e-11	-9.59406e-11	1.91881e-10	8.28692e-09	0	0	1.15461e-07	0	-0.355028	-111.796	0	20.391	20.391	-1.5099e-14	5.32541	0	0	0	0	0	0	0	0	0	0	0	0	0	0	0	0	0	0	0	0	0	0	0	0	0	0	0	0	0	0	0	0	0	
1	1	1	31	0.93		300	0	0	-1.15388e-10	-1.15388e-10	2.30776e-10	0.00155	0	0	-4.62356e-09	-4.62356e-09	9.24712e-09	6.49553	0	0	0.00503406	0.00503333	0	7.29604e-07		300	1.38004e-07	-1.14837e-10	-1.14837e-10	2.29673e-10	9.91907e-09	0	0	1.38004e-07	0	-0.355028	-111.796	0	20.391	20.391	-1.5099e-14	5.32541	0	0	0	0	0	0	0	0	0	0	0	0	0	0	0	0	0	0	0	0	0	0	0	0	0	0	0	0	0	0	0	0	0	
1	1	1	32	0.96		300	0	0	-1.38106e-10	-1.38106e-10	2.76212e-10	0.0016	0	0	-1.28313e-08	-1.28313e-08	2.56626e-08	6.70506	0	0	0.00536407	0.00536321	0	8.67717e-07		300	1.63939e-07	-1.36575e-10	-1.36575e-10	2.7315e-10	1.17967e-08	0	0	1.63939e-07	0	-0.355028	-111.796	0	20.391	20.391	-1.5099e-14	5.32541	0	0	0	0	0	0	0	0	0	0	0	0	0	0	0	0	0	0	0	0	0	0	0	0	0	0	0	0	0	0	0	0	0	
1	1	1	33	0.99		300	0	0	-1.6427e-10	-1.6427e-10	3.2854e-10	0.00165	0	0	-2.35069e-08	-2.35069e-08	4.70139e-08	6.91458	0	0	0.00570457	0.00570354	0	1.02585e-06		300	1.93634e-07	-1.61465e-10	-1.61465e-10	3.2293e-10	1.39466e-08	0	0	1.93634e-07	0	-0.355028	-111.796	0	20.391	20.391	-1.5099e-14	5.32541	0	0	0	0	0	0	0	0	0	0	0	0	0	0	0	0	0	0	0	0	0	0	0	0	0	0	0	0	0	0	0	0	0	
1	1	1	34	1.02		300	0	0	-1.94264e-10	-1.94264e-10	3.88529e-10	0.0017	0	0	-3.70995e-08	-3.70995e-08	7.41989e-08	7.12411	0	0	0.00605553	0.00605433	0	1.20612e-06		300	2.27483e-07	-1.89838e-10	-1.89838e-10	3.79676e-10	1.63973e-08	0	0	2.27483e-07	0	-0.355028	-111.796	0	20.391	20.391	-1.5099e-14	5.32541	0	0	0	0	0	0	0	0	0	0	0	0	0	0	0	0	0	0	0	0	0	0	0	0	0	0	0	0	0	0	0	0	0	
1	1	1	35	1.05		300	0	0	-2.28502e-10	-2.28502e-10	4.57005e-10	0.00175	0	0	-5.41106e-08	-5.41106e-08	1.08221e-07	7.33363	0	0	0.00641698	0.00641557	0	1.41075e-06		300	2.65909e-07	-2.22046e-10	-2.22046e-10	4.44093e-10	1.91794e-08	0	0	2.65909e-07	0	-0.355028	-111.796	0	20.391	20.391	-1.5099e-14	5.32541	0	0	0	0	0	0	0	0	0	0	0	0	0	0	0	0	0	0	0	0	0	0	0	0	0	0	0	0	0	0	0	0	0	
1	1	1	36	1.08		300	0	0	-2.67427e-10	-2.67427e-10	5.34855e-10	0.0018	0	0	-7.50985e-08	-7.50985e-08	1.50197e-07	7.54315	0	0	0.0067889	0.00678725	0	1.64215e-06		300	3.09361e-07	-2.58467e-10	-2.58467e-10	5.16934e-10	2.23252e-08	0	0	3.09361e-07	0	-0.355028	-111.796	0	20.391	20.391	-1.5099e-14	5.32541	0	0	0	0	0	0	0	0	0	0	0	0	0	0	0	0	0	0	0	0	0	0	0	0	0	0	0	0	0	0	0	0	0	
1	1	1	37	1.11		300	0	0	-3.11513e-10	-3.11513e-10	6.23026e-10	0.00185	0	0	-1.00682e-07	-1.00682e-07	2.01363e-07	7.75267	0	0	0.00717129	0.00716939	0	1.90285e-06		300	3.58315e-07	-2.995e-10	-2.995e-10	5.99001e-10	2.58695e-08	0	0	3.58315e-07	0	-0.355028	-111.796	0	20.391	20.391	-1.5099e-14	5.32541	0	0	0	0	0	0	0	0	0	0	0	0	0	0	0	0	0	0	0	0	0	0	0	0	0	0	0	0	0	0	0	0	0	
1	1	1	38	1.14		300	0	0	-3.61265e-10	-3.61265e-10	7.2253e-10	0.0019	0	0	-1.31543e-07	-1.31543e-07	2.63086e-07	7.96219	0	0	0.00756416	0.00756197	0	2.19555e-06		300	4.13278e-07	-3.45571e-10	-3.45571e-10	6.91141e-10	2.98488e-08	0	0	4.13278e-07	0	-0.355028	-111.796	0	20.391	20.391	-1.5099e-14	5.32541	0	0	0	0	0	0	0	0	0	0	0	0	0	0	0	0	0	0	0	0	0	0	0	0	0	0	0	0	0	0	0	0	0	
1	1	1	39	1.17		300	0	0	-4.17224e-10	-4.17224e-10	8.34448e-10	0.00195	0	0	-1.68433e-07	-1.68433e-07	3.36866e-07	8.17171	0	0	0.00796751	0.00796499	0	2.52311e-06		300	4.74788e-07	-3.97128e-10	-3.97128e-10	7.94256e-10	3.43021e-08	0	0	4.74788e-07	0	-0.355028	-111.796	0	20.391	20.391	-1.5099e-14	5.32541	0	0	0	0	0	0	0	0	0	0	0	0	0	0	0	0	0	0	0	0	0	0	0	0	0	0	0	0	0	0	0	0	0	
1	1	1	40	1.2		300	0	0	-4.79963e-10	-4.79963e-10	9.59927e-10	0.002	0	0	-2.12176e-07	-2.12176e-07	4.24351e-07	8.38122	0	0	0.00838133	0.00837844	0	2.88856e-06		300	5.43411e-07	-4.54648e-10	-4.54648e-10	9.09297e-10	3.92704e-08	0	0	5.43411e-07	0	-0.355028	-111.796	0	20.391	20.391	-1.5099e-14	5.32541	0	0	0	0	0	0	0	0	0	0	0	0	0	0	0	0	0	0	0	0	0	0	0	0	0	0	0	0	0	0	0	0	0	
1	1	1	41	1.23		300	0	0	-5.50094e-10	-5.50094e-10	1.10019e-09	0.00205	0	0	-2.63671e-07	-2.63671e-07	5.27342e-07	8.59073	0	0	0.00880563	0.00880234	0	3.2951e-06		300	6.19749e-07	-5.18635e-10	-5.18635e-10	1.03727e-09	4.47973e-08	0	0	6.19749e-07	0	-0.355028	-111.796	0	20.391	20.391	-1.5099e-14	5.32541	0	0	0	0	0	0	0	0	0	0	0	0	0	0	0	0	0	0	0	0	0	0	0	0	0	0	0	0	0	0	0	0	0	
1	1	1	42	1.26		300	0	0	-6.28263e-10	-6.28263e-10	1.25653e-09	0.0021	0	0	-3.239e-07	-3.239e-07	6.478e-07	8.80024	0	0	0.00924041	0.00923666	0	3.74608e-06		300	7.04434e-07	-5.89617e-10	-5.89617e-10	1.17923e-09	5.09284e-08	0	0	7.04434e-07	0	-0.355028	-111.796	0	20.391	20.391	-1.5099e-14	5.32541	0	0	0	0	0	0	0	0	0	0	0	0	0	0	0	0	0	0	0	0	0	0	0	0	0	0	0	0	0	0	0	0	0	
1	1	1	43	1.29		300	0	0	-7.15155e-10	-7.15155e-10	1.43031e-09	0.00215	0	0	-3.9393e-07	-3.9393e-07	7.87861e-07	9.00975	0	0	0.00968566	0.00968141	0	4.24505e-06		300	7.98131e-07	-6.68154e-10	-6.68154e-10	1.33631e-09	5.77121e-08	0	0	7.98131e-07	0	-0.355028	-111.796	0	20.391	20.391	-1.5099e-14	5.32541	0	0	0	0	0	0	0	0	0	0	0	0	0	0	0	0	0	0	0	0	0	0	0	0	0	0	0	0	0	0	0	0	0	
1	1	1	44	1.32		300	0	0	-8.11497e-10	-8.11497e-10	1.62299e-09	0.0022	0	0	-4.74919e-07	-4.74919e-07	9.49838e-07	9.21925	0	0	0.0101414	0.0101366	0	4.79576e-06		300	9.01542e-07	-7.54833e-10	-7.54833e-10	1.50967e-09	6.5199e-08	0	0	9.01542e-07	0	-0.355028	-111.796	0	20.391	20.391	-1.5099e-14	5.32541	0	0	0	0	0	0	0	0	0	0	0	0	0	0	0	0	0	0	0	0	0	0	0	0	0	0	0	0	0	0	0	0	0	
1	1	1	45	1.35		300	0	0	-9.18054e-10	-9.18054e-10	1.83611e-09	0.00225	0	0	-5.68118e-07	-5.68118e-07	1.13624e-06	9.42875	0	0	0.0106076	0.0106022	0	5.40211e-06		300	1.0154e-06	-8.50271e-10	-8.50271e-10	1.70054e-09	7.34424e-08	0	0	1.0154e-06	0	-0.355028	-111.796	0	20.391	20.391	-1.5099e-14	5.32541	0	0	0	0	0	0	0	0	0	0	0	0	0	0	0	0	0	0	0	0	0	0	0	0	0	0	0	0	0	0	0	0	0	
1	1	1	46	1.38		300	0	0	-1.03564e-09	-1.03564e-09	2.07127e-09	0.0023	0	0	-6.74881e-07	-6.74881e-07	1.34976e-06	9.63825	0	0	0.0110843	0.0110782	0	6.06822e-06		300	1.14048e-06	-9.55115e-10	-9.55115e-10	1.91023e-09	8.24983e-08	0	0	1.14048e-06	0	-0.355028	-111.796	0	20.391	20.391	-1.5099e-14	5.32541	0	0	0	0	0	0	0	0	0	0	0	0	0	0	0	0	0	0	0	0	0	0	0	0	0	0	0	0	0	0	0	0	0	
1	1	1	47	1.41		300	0	0	-1.16509e-09	-1.16509e-09	2.33019e-09	0.00235	0	0	-7.96664e-07	-7.96664e-07	1.59333e-06	9.84774	0	0	0.0115714	0.0115646	0	6.7984e-06		300	1.2776e-06	-1.07004e-09	-1.07004e-09	2.14009e-09	9.24252e-08	0	0	1.2776e-06	0	-0.355028	-111.796	0	20.391	20.391	-1.5099e-14	5.32541	0	0	0	0	0	0	0	0	0	0	0	0	0	0	0	0	0	0	0	0	0	0	0	0	0	0	0	0	0	0	0	0	0	
1	1	1	48	1.44		300	0	0	-1.30733e-09	-1.30733e-09	2.61465e-09	0.0024	0	0	-9.35034e-07	-9.35034e-07	1.87007e-06	10.0572	0	0	0.012069	0.0120614	0	7.59716e-06		300	1.42759e-06	-1.19577e-09	-1.19577e-09	2.39153e-09	1.03284e-07	0	0	1.42759e-06	0	-0.355028	-111.796	0	20.391	20.391	-1.5099e-14	5.32541	0	0	0	0	0	0	0	0	0	0	0	0	0	0	0	0	0	0	0	0	0	0	0	0	0	0	0	0	0	0	0	0	0	
1	1	1	49	1.47		300	0	0	-1.46328e-09	-1.46328e-09	2.92655e-09	0.00245	0	0	-1.09167e-06	-1.09167e-06	2.18335e-06	10.2667	0	0	0.0125771	0.0125687	0	8.46922e-06		300	1.59134e-06	-1.33303e-09	-1.33303e-09	2.66605e-09	1.1514e-07	0	0	1.59134e-06	0	-0.355028	-111.796	0	20.391	20.391	-1.5099e-14	5.32541	0	0	0	0	0	0	0	0	0	0	0	0	0	0	0	0	0	0	0	0	0	0	0	0	0	0	0	0	0	0	0	0	0	
1	1	1	50	1.5		300	0	0	-1.63393e-09	-1.63393e-09	3.26786e-09	0.0025	0	0	-1.26839e-06	-1.26839e-06	2.53678e-06	10.4762	0	0	0.0130957	0.0130863	0	9.41951e-06		300	1.76978e-06	-1.4826e-09	-1.4826e-09	2.9652e-09	1.2806e-07	0	0	1.76978e-06	0	-0.355028	-111.796	0	20.391	20.391	-1.5099e-14	5.32541	0	0	0	0	0	0	0	0	0	0	0	0	0	0	0	0	0	0	0	0	0	0	0	0	0	0	0	0	0	0	0	0	0	
1	1	1	51	1.53		300	0	0	-1.82034e-09	-1.82034e-09	3.64067e-09	0.00255	0	0	-1.4671e-06	-1.4671e-06	2.93421e-06	10.6857	0	0	0.0136247	0.0136143	0	1.04532e-05		300	1.96388e-06	-1.64529e-09	-1.64529e-09	3.29059e-09	1.42112e-07	0	0	1.96388e-06	0	-0.355028	-111.796	0	20.391	20.391	-1.5099e-14	5.32541	0	0	0	0	0	0	0	0	0	0	0	0	0	0	0	0	0	0	0	0	0	0	0	0	0	0	0	0	0	0	0	0	0	
1	1	1	52	1.56		300	0	0	-2.02358e-09	-2.02358e-09	4.04716e-09	0.0026	0	0	-1.68988e-06	-1.68988e-06	3.37976e-06	10.8951	0	0	0.0141643	0.0141527	0	1.15756e-05		300	2.17465e-06	-1.82195e-09	-1.82195e-09	3.64391e-09	1.57371e-07	0	0	2.17465e-06	0	-0.355028	-111.796	0	20.391	20.391	-1.5099e-14	5.32541	0	0	0	0	0	0	0	0	0	0	0	0	0	0	0	0	0	0	0	0	0	0	0	0	0	0	0	0	0	0	0	0	0	
1	1	1	53	1.59		300	0	0	-2.2448e-09	-2.2448e-09	4.4896e-09	0.00265	0	0	-1.93892e-06	-1.93892e-06	3.87784e-06	11.1046	0	0	0.0147143	0.0147015	0	1.27923e-05		300	2.40312e-06	-2.01346e-09	-2.01346e-09	4.02693e-09	1.73913e-07	0	0	2.40312e-06	0	-0.355028	-111.796	0	20.391	20.391	-1.5099e-14	5.32541	0	0	0	0	0	0	0	0	0	0	0	0	0	0	0	0	0	0	0	0	0	0	0	0	0	0	0	0	0	0	0	0	0	
1	1	1	54	1.62		300	0	0	-2.4852e-09	-2.4852e-09	4.97039e-09	0.0027	0	0	-2.21656e-06	-2.21656e-06	4.43311e-06	11.3141	0	0	0.0152747	0.0152606	0	1.41091e-05		300	2.6504e-06	-2.22073e-09	-2.22073e-09	4.44147e-09	1.91816e-07	0	0	2.6504e-06	0	-0.355028	-111.796	0	20.391	20.391	-1.5099e-14	5.32541	0	0	0	0	0	0	0	0	0	0	0	0	0	0	0	0	0	0	0	0	0	0	0	0	0	0	0	0	0	0	0	0	0	
1	1	1	55	1.65		300	0	0	-2.74602e-09	-2.74602e-09	5.49203e-09	0.00275	0	0	-2.52528e-06	-2.52528e-06	5.05056e-06	11.5235	0	0	0.0158457	0.0158301	0	1.55322e-05		300	2.91762e-06	-2.44472e-09	-2.44472e-09	4.88944e-09	2.11162e-07	0	0	2.91762e-06	0	-0.355028	-111.796	0	20.391	20.391	-1.5099e-14	5.32541	0	0	0	0	0	0	0	0	0	0	0	0	0	0	0	0	0	0	0	0	0	0	0	0	0	0	0	0	0	0	0	0	0	
1	1	1	56	1.68		300	0	0	-3.02856e-09	-3.02856e-09	6.05713e-09	0.0028	0	0	-2.86774e-06	-2.86774e-06	5.73548e-06	11.733	0	0	0.0164271	0.01641	0	1.70677e-05		300	3.20596e-06	-2.68641e-09	-2.68641e-09	5.37282e-09	2.32038e-07	0	0	3.20596e-06	0	-0.355028	-111.796	0	20.391	20.391	-1.5099e-14	5.32541	0	0	0	0	0	0	0	0	0	0	0	0	0	0	0	0	0	0	0	0	0	0	0	0	0	0	0	0	0	0	0	0	0	
1	1	1	57	1.71		300	0	0	-3.33421e-09	-3.33421e-09	6.66841e-09	0.00285	0	0	-3.24673e-06	-3.24673e-06	6.49347e-06	11.9424	0	0	0.017019	0.0170002	0	1.87223e-05		300	3.51664e-06	-2.94683e-09	-2.94683e-09	5.89366e-09	2.54532e-07	0	0	3.51664e-06	0	-0.355028	-111.796	0	20.391	20.391	-1.5099e-14	5.32541	0	0	0	0	0	0	0	0	0	0	0	0	0	0	0	0	0	0	0	0	0	0	0	0	0	0	0	0	0	0	0	0	0	
1	1	1	58	1.74		300	0	0	-3.61443e-09	-3.61443e-09	7.22885e-09	0.0029	0	0	-3.24674e-06	-3.24674e-06	6.49347e-06	12.1518	0	0	0.0176213	0.0176008	0	2.05026e-05		300	3.85095e-06	-3.22705e-09	-3.22705e-09	6.4541e-09	2.78736e-07	0	0	3.85095e-06	0	-0.355028	-111.796	0	20.391	20.391	-1.5099e-14	5.32541	0	0	0	0	0	0	0	0	0	0	0	0	0	0	0	0	0	0	0	0	0	0	0	0	0	0	0	0	0	0	0	0	0	
1	1	1	59	1.77		300	0	0	-3.91555e-09	-3.91555e-09	7.83111e-09	0.00295	0	0	-3.24674e-06	-3.24674e-06	6.49348e-06	12.3613	0	0	0.0182341	0.0182117	0	2.24157e-05		300	4.2102e-06	-3.52818e-09	-3.52818e-09	7.05636e-09	3.04745e-07	0	0	4.2102e-06	0	-0.355028	-111.796	0	20.391	20.391	-1.5099e-14	5.32541	0	0	0	0	0	0	0	0	0	0	0	0	0	0	0	0	0	0	0	0	0	0	0	0	0	0	0	0	0	0	0	0	0	
1	1	1	60	1.8		300	0	0	-4.23873e-09	-4.23873e-09	8.47746e-09	0.003	0	0	-3.24675e-06	-3.24675e-06	6.49349e-06	12.5707	0	0	0.0188574	0.018833	0	2.4469e-05		300	4.59576e-06	-3.85135e-09	-3.85135e-09	7.70271e-09	3.32659e-07	0	0	4.59576e-06	0	-0.355028	-111.796	0	20.391	20.391	-1.5099e-14	5.32541	0	0	0	0	0	0	0	0	0	0	0	0	0	0	0	0	0	0	0	0	0	0	0	0	0	0	0	0	0	0	0	0	0	
1	1	1	61	1.83		300	0	0	-4.58515e-09	-4.58515e-09	9.17029e-09	0.00305	0	0	-3.24675e-06	-3.24675e-06	6.4935e-06	12.7801	0	0	0.0194912	0.0194645	0	2.66699e-05		300	5.00904e-06	-4.19777e-09	-4.19777e-09	8.39554e-09	3.6258e-07	0	0	5.00904e-06	0	-0.355028	-111.796	0	20.391	20.391	-1.5099e-14	5.32541	0	0	0	0	0	0	0	0	0	0	0	0	0	0	0	0	0	0	0	0	0	0	0	0	0	0	0	0	0	0	0	0	0	
1	1	1	62	1.86		300	0	0	-4.95603e-09	-4.95603e-09	9.91206e-09	0.0031	0	0	-3.24676e-06	-3.24676e-06	6.49351e-06	12.9895	0	0	0.0201355	0.0201064	0	2.90262e-05		300	5.4515e-06	-4.56865e-09	-4.56865e-09	9.13731e-09	3.94615e-07	0	0	5.4515e-06	0	-0.355028	-111.796	0	20.391	20.391	-1.5099e-14	5.32541	0	0	0	0	0	0	0	0	0	0	0	0	0	0	0	0	0	0	0	0	0	0	0	0	0	0	0	0	0	0	0	0	0	
1	1	1	63	1.89		300	0	0	-5.37787e-09	-5.37787e-09	1.07557e-08	0.00315	0	0	-3.24676e-06	-3.24676e-06	6.49353e-06	13.1989	0	0	0.0207902	0.0207585	0	3.17053e-05		300	5.95459e-06	-4.99049e-09	-4.99049e-09	9.98099e-09	4.31051e-07	0	0	5.95459e-06	0	-0.355028	-111.796	0	20.391	20.391	-1.5099e-14	5.32541	0	0	0	0	0	0	0	0	0	0	0	0	0	0	0	0	0	0	0	0	0	0	0	0	0	0	0	0	0	0	0	0	0	
1	1	1	64	1.92		300	0	0	-5.89118e-09	-5.89118e-09	1.17824e-08	0.0032	0	0	-3.04915e-06	-3.04915e-06	6.0983e-06	13.4082	0	0	0.0214553	0.0214202	0	3.51078e-05		300	6.59359e-06	-5.52738e-09	-5.52738e-09	1.10548e-08	4.77423e-07	0	0	6.59359e-06	0	-0.355028	-111.796	0	20.391	20.391	-1.5099e-14	5.32541	0	0	0	0	0	0	0	0	0	0	0	0	0	0	0	0	0	0	0	0	0	0	0	0	0	0	0	0	0	0	0	0	0	
1	1	1	65	1.95		300	0	0	-6.45283e-09	-6.45283e-09	1.29057e-08	0.00325	0	0	-2.8364e-06	-2.8364e-06	5.67281e-06	13.6175	0	0	0.022131	0.0220922	0	3.8814e-05		300	7.2896e-06	-6.11442e-09	-6.11442e-09	1.22288e-08	5.28128e-07	0	0	7.2896e-06	0	-0.355028	-111.796	0	20.391	20.391	-1.5099e-14	5.32541	0	0	0	0	0	0	0	0	0	0	0	0	0	0	0	0	0	0	0	0	0	0	0	0	0	0	0	0	0	0	0	0	0	
1	1	1	66	1.98		300	0	0	-7.06654e-09	-7.06654e-09	1.41331e-08	0.0033	0	0	-2.60763e-06	-2.60763e-06	5.21526e-06	13.8268	0	0	0.0228171	0.0227742	0	4.28455e-05		300	8.0467e-06	-6.75542e-09	-6.75542e-09	1.35108e-08	5.83494e-07	0	0	8.0467e-06	0	-0.355028	-111.796	0	20.391	20.391	-1.5099e-14	5.32541	0	0	0	0	0	0	0	0	0	0	0	0	0	0	0	0	0	0	0	0	0	0	0	0	0	0	0	0	0	0	0	0	0	
1	1	1	67	2.01		300	0	0	-7.7362e-09	-7.7362e-09	1.54724e-08	0.00335	0	0	-2.36191e-06	-2.36191e-06	4.72382e-06	14.0361	0	0	0.0235137	0.0234664	0	4.72252e-05		300	8.8692e-06	-7.4544e-09	-7.4544e-09	1.49088e-08	6.43868e-07	0	0	8.8692e-06	0	-0.355028	-111.796	0	20.391	20.391	-1.5099e-14	5.32541	0	0	0	0	0	0	0	0	0	0	0	0	0	0	0	0	0	0	0	0	0	0	0	0	0	0	0	0	0	0	0	0	0	
1	1	1	68	2.04		300	0	0	-8.46597e-09	-8.46597e-09	1.69319e-08	0.0034	0	0	-2.09828e-06	-2.09828e-06	4.19656e-06	14.2454	0	0	0.0242207	0.0241687	0	5.19771e-05		300	9.7616e-06	-8.21562e-09	-8.21562e-09	1.64312e-08	7.09617e-07	0	0	9.7616e-06	0	-0.355028	-111.796	0	20.391	20.391	-1.5099e-14	5.32541	0	0	0	0	0	0	0	0	0	0	0	0	0	0	0	0	0	0	0	0	0	0	0	0	0	0	0	0	0	0	0	0	0	
1	1	1	69	2.07		300	0	0	-9.2602e-09	-9.2602e-09	1.85204e-08	0.00345	0	0	-1.81574e-06	-1.81574e-06	3.63148e-06	14.4546	0	0	0.0249382	0.0248811	0	5.71266e-05		300	1.07287e-05	-9.04356e-09	-9.04356e-09	1.80871e-08	7.8113e-07	0	0	1.07287e-05	0	-0.355028	-111.796	0	20.391	20.391	-1.5099e-14	5.32541	0	0	0	0	0	0	0	0	0	0	0	0	0	0	0	0	0	0	0	0	0	0	0	0	0	0	0	0	0	0	0	0	0	
1	1	1	70	2.1		300	0	0	-1.01235e-08	-1.01235e-08	2.0247e-08	0.0035	0	0	-1.51326e-06	-1.51326e-06	3.02652e-06	14.6638	0	0	0.0256662	0.0256035	0	6.27002e-05		300	1.17754e-05	-9.94297e-09	-9.94297e-09	1.98859e-08	8.58815e-07	0	0	1.17754e-05	0	-0.355028	-111.796	0	20.391	20.391	-1.5099e-14	5.32541	0	0	0	0	0	0	0	0	0	0	0	0	0	0	0	0	0	0	0	0	0	0	0	0	0	0	0	0	0	0	0	0	0	
1	1	1	71	2.13		300	0	0	-1.10608e-08	-1.10608e-08	2.21216e-08	0.00355	0	0	-1.18977e-06	-1.18977e-06	2.37954e-06	14.873	0	0	0.0264046	0.0263359	0	6.8726e-05		300	1.2907e-05	-1.09188e-08	-1.09188e-08	2.18377e-08	9.43103e-07	0	0	1.2907e-05	0	-0.355028	-111.796	0	20.391	20.391	-1.5099e-14	5.32541	0	0	0	0	0	0	0	0	0	0	0	0	0	0	0	0	0	0	0	0	0	0	0	0	0	0	0	0	0	0	0	0	0	
1	1	1	72	2.16		300	0	0	-1.20771e-08	-1.20771e-08	2.41542e-08	0.0036	0	0	-8.44152e-07	-8.44152e-07	1.6883e-06	15.0822	0	0	0.0271535	0.0270782	0	7.52332e-05		300	1.41291e-05	-1.19764e-08	-1.19764e-08	2.39528e-08	1.03445e-06	0	0	1.41291e-05	0	-0.355028	-111.796	0	20.391	20.391	-1.5099e-14	5.32541	0	0	0	0	0	0	0	0	0	0	0	0	0	0	0	0	0	0	0	0	0	0	0	0	0	0	0	0	0	0	0	0	0	
1	1	1	73	2.19		300	0	0	-1.31779e-08	-1.31779e-08	2.63558e-08	0.00365	0	0	-4.75266e-07	-4.75266e-07	9.50531e-07	15.2913	0	0	0.0279128	0.0278306	0	8.22525e-05		300	1.54473e-05	-1.31212e-08	-1.31212e-08	2.62424e-08	1.13333e-06	0	0	1.54473e-05	0	-0.355028	-111.796	0	20.391	20.391	-1.5099e-14	5.32541	0	0	0	0	0	0	0	0	0	0	0	0	0	0	0	0	0	0	0	0	0	0	0	0	0	0	0	0	0	0	0	0	0	
1	1	1	74	2.22		300	0	0	-1.43689e-08	-1.43689e-08	2.87377e-08	0.0037	0	0	-8.19231e-08	-8.19231e-08	1.63846e-07	15.5004	0	0	0.0286826	0.0285928	0	8.98161e-05		300	1.68677e-05	-1.43591e-08	-1.43591e-08	2.87182e-08	1.24025e-06	0	0	1.68677e-05	0	-0.355028	-111.796	0	20.391	20.391	-1.5099e-14	5.32541	0	0	0	0	0	0	0	0	0	0	0	0	0	0	0	0	0	0	0	0	0	0	0	0	0	0	0	0	0	0	0	0	0	
1	1	1	75	2.25		300	0	0	-1.57059e-08	-1.57059e-08	3.14118e-08	0.00375	0	0	-8.19102e-08	-8.19102e-08	1.6382e-07	15.7094	0	0	0.0294628	0.0293649	0	9.79575e-05		300	1.83967e-05	-1.56961e-08	-1.56961e-08	3.13923e-08	1.35574e-06	0	0	1.83967e-05	0	-0.355028	-111.796	0	20.391	20.391	-1.5099e-14	5.32541	0	0	0	0	0	0	0	0	0	0	0	0	0	0	0	0	0	0	0	0	0	0	0	0	0	0	0	0	0	0	0	0	0	
1	1	1	76	2.28		300	0	0	-1.71485e-08	-1.71485e-08	3.4297e-08	0.0038	0	0	-8.18956e-08	-8.18956e-08	1.63791e-07	15.9184	0	0	0.0302535	0.0301468	0	0.000106712		300	2.00408e-05	-1.71387e-08	-1.71387e-08	3.42775e-08	1.48034e-06	0	0	2.00408e-05	0	-0.355028	-111.796	0	20.391	20.391	-1.5099e-14	5.32541	0	0	0	0	0	0	0	0	0	0	0	0	0	0	0	0	0	0	0	0	0	0	0	0	0	0	0	0	0	0	0	0	0	
1	1	1	77	2.31		300	0	0	-1.87034e-08	-1.87034e-08	3.74069e-08	0.00385	0	0	-8.18791e-08	-8.18791e-08	1.63758e-07	16.1274	0	0	0.0310547	0.0309386	0	0.000116117		300	2.18069e-05	-1.86937e-08	-1.86937e-08	3.73873e-08	1.61464e-06	0	0	2.18069e-05	0	-0.355028	-111.796	0	20.391	20.391	-1.5099e-14	5.32541	0	0	0	0	0	0	0	0	0	0	0	0	0	0	0	0	0	0	0	0	0	0	0	0	0	0	0	0	0	0	0	0	0	
1	1	1	78	2.34		300	0	0	-2.03777e-08	-2.03777e-08	4.07554e-08	0.0039	0	0	-8.18605e-08	-8.18605e-08	1.63721e-07	16.3363	0	0	0.0318663	0.0317401	0	0.000126209		300	2.37023e-05	-2.03679e-08	-2.03679e-08	4.07358e-08	1.75925e-06	0	0	2.37023e-05	0	-0.355028	-111.796	0	20.391	20.391	-1.5099e-14	5.32541	0	0	0	0	0	0	0	0	0	0	0	0	0	0	0	0	0	0	0	0	0	0	0	0	0	0	0	0	0	0	0	0	0	
1	1	1	79	2.37		300	0	0	-2.21787e-08	-2.21787e-08	4.43573e-08	0.00395	0	0	-8.18395e-08	-8.18395e-08	1.63679e-07	16.5452	0	0	0.0326883	0.0325513	0	0.00013703		300	2.57345e-05	-2.21689e-08	-2.21689e-08	4.43378e-08	1.91481e-06	0	0	2.57345e-05	0	-0.355028	-111.796	0	20.391	20.391	-1.5099e-14	5.32541	0	0	0	0	0	0	0	0	0	0	0	0	0	0	0	0	0	0	0	0	0	0	0	0	0	0	0	0	0	0	0	0	0	
1	1	1	80	2.4		300	0	0	-2.4114e-08	-2.4114e-08	4.82281e-08	0.004	0	0	-8.18158e-08	-8.18158e-08	1.63632e-07	16.754	0	0	0.0335208	0.0333722	0	0.000148621		300	2.79112e-05	-2.41043e-08	-2.41043e-08	4.82086e-08	2.08197e-06	0	0	2.79112e-05	0	-0.355028	-111.796	0	20.391	20.391	-1.5099e-14	5.32541	0	0	0	0	0	0	0	0	0	0	0	0	0	0	0	0	0	0	0	0	0	0	0	0	0	0	0	0	0	0	0	0	0	
1	1	1	81	2.43		300	0	0	-2.61919e-08	-2.61919e-08	5.23838e-08	0.00405	0	0	-8.17893e-08	-8.17893e-08	1.63579e-07	16.9628	0	0	0.0343637	0.0342027	0	0.000161025		300	3.02407e-05	-2.61822e-08	-2.61822e-08	5.23643e-08	2.26145e-06	0	0	3.02407e-05	0	-0.355028	-111.796	0	20.391	20.391	-1.5099e-14	5.32541	0	0	0	0	0	0	0	0	0	0	0	0	0	0	0	0	0	0	0	0	0	0	0	0	0	0	0	0	0	0	0	0	0	
1	1	1	82	2.46		300	0	0	-2.84207e-08	-2.84207e-08	5.68414e-08	0.0041	0	0	-8.17594e-08	-8.17594e-08	1.63519e-07	17.1716	0	0	0.0352171	0.0350428	0	0.000174288		300	3.27315e-05	-2.84109e-08	-2.84109e-08	5.68219e-08	2.45395e-06	0	0	3.27315e-05	0	-0.355028	-111.796	0	20.391	20.391	-1.5099e-14	5.32541	0	0	0	0	0	0	0	0	0	0	0	0	0	0	0	0	0	0	0	0	0	0	0	0	0	0	0	0	0	0	0	0	0	
1	1	1	83	2.49		300	0	0	-3.08091e-08	-3.08091e-08	6.16183e-08	0.00415	0	0	-8.17261e-08	-8.17261e-08	1.63452e-07	17.3802	0	0	0.0360809	0.0358924	0	0.000188456		300	3.53923e-05	-3.07994e-08	-3.07994e-08	6.15988e-08	2.66025e-06	0	0	3.53923e-05	0	-0.355028	-111.796	0	20.391	20.391	-1.5099e-14	5.32541	0	0	0	0	0	0	0	0	0	0	0	0	0	0	0	0	0	0	0	0	0	0	0	0	0	0	0	0	0	0	0	0	0	
1	1	1	84	2.52		300	0	0	-3.33664e-08	-3.33664e-08	6.67329e-08	0.0042	0	0	-8.16887e-08	-8.16887e-08	1.63377e-07	17.5888	0	0	0.0369551	0.0367515	0	0.000203579		300	3.82324e-05	-3.33567e-08	-3.33567e-08	6.67134e-08	2.88113e-06	0	0	3.82324e-05	0	-0.355028	-111.796	0	20.391	20.391	-1.5099e-14	5.32541	0	0	0	0	0	0	0	0	0	0	0	0	0	0	0	0	0	0	0	0	0	0	0	0	0	0	0	0	0	0	0	0	0	
1	1	1	85	2.55		300	0	0	-3.61021e-08	-3.61021e-08	7.22042e-08	0.00425	0	0	-8.1647e-08	-8.1647e-08	1.63294e-07	17.7974	0	0	0.0378398	0.03762	0	0.000219707		300	4.12612e-05	-3.60924e-08	-3.60924e-08	7.21847e-08	3.11741e-06	0	0	4.12612e-05	0	-0.355028	-111.796	0	20.391	20.391	-1.5099e-14	5.32541	0	0	0	0	0	0	0	0	0	0	0	0	0	0	0	0	0	0	0	0	0	0	0	0	0	0	0	0	0	0	0	0	0	
1	1	1	86	2.58		300	0	0	-3.90261e-08	-3.90261e-08	7.80522e-08	0.0043	0	0	-8.16005e-08	-8.16005e-08	1.63201e-07	18.0059	0	0	0.0387348	0.0384979	0	0.000236893		300	4.44887e-05	-3.90164e-08	-3.90164e-08	7.80327e-08	3.36996e-06	0	0	4.44887e-05	0	-0.355028	-111.796	0	20.391	20.391	-1.5099e-14	5.32541	0	0	0	0	0	0	0	0	0	0	0	0	0	0	0	0	0	0	0	0	0	0	0	0	0	0	0	0	0	0	0	0	0	
1	1	1	87	2.61		300	0	0	-4.21488e-08	-4.21488e-08	8.42975e-08	0.00435	0	0	-8.15487e-08	-8.15487e-08	1.63097e-07	18.2143	0	0	0.0396403	0.0393851	0	0.000255191		300	4.79252e-05	-4.2139e-08	-4.2139e-08	8.42781e-08	3.63967e-06	0	0	4.79252e-05	0	-0.355028	-111.796	0	20.391	20.391	-1.5099e-14	5.32541	0	0	0	0	0	0	0	0	0	0	0	0	0	0	0	0	0	0	0	0	0	0	0	0	0	0	0	0	0	0	0	0	0	
1	1	1	88	2.64		300	0	0	-4.54808e-08	-4.54808e-08	9.09617e-08	0.0044	0	0	-8.14912e-08	-8.14912e-08	1.62982e-07	18.4226	0	0	0.0405563	0.0402816	0	0.000274658		300	5.15812e-05	-4.54711e-08	-4.54711e-08	9.09422e-08	3.92747e-06	0	0	5.15812e-05	0	-0.355028	-111.796	0	20.391	20.391	-1.5099e-14	5.32541	0	0	0	0	0	0	0	0	0	0	0	0	0	0	0	0	0	0	0	0	0	0	0	0	0	0	0	0	0	0	0	0	0	
1	1	1	89	2.67		300	0	0	-4.90335e-08	-4.90335e-08	9.8067e-08	0.00445	0	0	-8.14272e-08	-8.14272e-08	1.62854e-07	18.6308	0	0	0.0414826	0.0411872	0	0.000295353		300	5.54678e-05	-4.90238e-08	-4.90238e-08	9.80475e-08	4.23432e-06	0	0	5.54678e-05	0	-0.355028	-111.796	0	20.391	20.391	-1.5099e-14	5.32541	0	0	0	0	0	0	0	0	0	0	0	0	0	0	0	0	0	0	0	0	0	0	0	0	0	0	0	0	0	0	0	0	0	
1	1	1	90	2.7		300	0	0	-5.28183e-08	-5.28183e-08	1.05637e-07	0.0045	0	0	-8.13564e-08	-8.13564e-08	1.62713e-07	18.839	0	0	0.0424193	0.042102	0	0.000317337		300	5.95963e-05	-5.28086e-08	-5.28086e-08	1.05617e-07	4.56121e-06	0	0	5.95963e-05	0	-0.355028	-111.796	0	20.391	20.391	-1.5099e-14	5.32541	0	0	0	0	0	0	0	0	0	0	0	0	0	0	0	0	0	0	0	0	0	0	0	0	0	0	0	0	0	0	0	0	0	
1	1	1	91	2.73		300	0	0	-5.68473e-08	-5.68473e-08	1.13695e-07	0.00455	0	0	-8.12779e-08	-8.12779e-08	1.62556e-07	19.0471	0	0	0.0433665	0.0430258	0	0.000340671		300	6.39785e-05	-5.68376e-08	-5.68376e-08	1.13675e-07	4.9092e-06	0	0	6.39785e-05	0	-0.355028	-111.796	0	20.391	20.391	-1.5099e-14	5.32541	0	0	0	0	0	0	0	0	0	0	0	0	0	0	0	0	0	0	0	0	0	0	0	0	0	0	0	0	0	0	0	0	0	
1	1	1	92	2.76		300	0	0	-6.1133e-08	-6.1133e-08	1.22266e-07	0.0046	0	0	-8.11911e-08	-8.11911e-08	1.62382e-07	19.2551	0	0	0.044324	0.0439586	0	0.000365422		300	6.86267e-05	-6.11233e-08	-6.11233e-08	1.22247e-07	5.27936e-06	0	0	6.86267e-05	0	-0.355028	-111.796	0	20.391	20.391	-1.5099e-14	5.32541	0	0	0	0	0	0	0	0	0	0	0	0	0	0	0	0	0	0	0	0	0	0	0	0	0	0	0	0	0	0	0	0	0	
1	1	1	93	2.79		300	0	0	-6.56883e-08	-6.56883e-08	1.31377e-07	0.00465	0	0	-8.10953e-08	-8.10953e-08	1.62191e-07	19.4629	0	0	0.045292	0.0449003	0	0.000391655		300	7.35533e-05	-6.56786e-08	-6.56786e-08	1.31357e-07	5.6728e-06	0	0	7.35533e-05	0	-0.355028	-111.796	0	20.391	20.391	-1.5099e-14	5.32541	0	0	0	0	0	0	0	0	0	0	0	0	0	0	0	0	0	0	0	0	0	0	0	0	0	0	0	0	0	0	0	0	0	
1	1	1	94	2.82		300	0	0	-7.05265e-08	-7.05265e-08	1.41053e-07	0.0047	0	0	-8.09896e-08	-8.09896e-08	1.61979e-07	19.6707	0	0	0.0462703	0.0458509	0	0.00041944		300	7.87714e-05	-7.05169e-08	-7.05169e-08	1.41034e-07	6.09068e-06	0	0	7.87714e-05	0	-0.355028	-111.796	0	20.391	20.391	-1.5099e-14	5.32541	0	0	0	0	0	0	0	0	0	0	0	0	0	0	0	0	0	0	0	0	0	0	0	0	0	0	0	0	0	0	0	0	0	
1	1	1	95	2.85		300	0	0	-7.56616e-08	-7.56616e-08	1.51323e-07	0.00475	0	0	-8.08732e-08	-8.08732e-08	1.61746e-07	19.8784	0	0	0.0472591	0.0468102	0	0.000448848		300	8.42943e-05	-7.56519e-08	-7.56519e-08	1.51304e-07	6.53419e-06	0	0	8.42943e-05	0	-0.355028	-111.796	0	20.391	20.391	-1.5099e-14	5.32541	0	0	0	0	0	0	0	0	0	0	0	0	0	0	0	0	0	0	0	0	0	0	0	0	0	0	0	0	0	0	0	0	0	
1	1	1	96	2.88		300	0	0	-8.11077e-08	-8.11077e-08	1.62215e-07	0.0048	0	0	-8.07451e-08	-8.07451e-08	1.6149e-07	20.086	0	0	0.0482582	0.0477782	0	0.000479953		300	9.01358e-05	-8.10981e-08	-8.10981e-08	1.62196e-07	7.00457e-06	0	0	9.01358e-05	0	-0.355028	-111.796	0	20.391	20.391	-1.5099e-14	5.32541	0	0	0	0	0	0	0	0	0	0	0	0	0	0	0	0	0	0	0	0	0	0	0	0	0	0	0	0	0	0	0	0	0	
1	1	1	97	2.91		300	0	0	-8.68797e-08	-8.68797e-08	1.73759e-07	0.00485	0	0	-8.06044e-08	-8.06044e-08	1.61209e-07	20.2934	0	0	0.0492677	0.0487548	0	0.00051283		300	9.63102e-05	-8.68701e-08	-8.68701e-08	1.7374e-07	7.5031e-06	0	0	9.63102e-05	0	-0.355028	-111.796	0	20.391	20.391	-1.5099e-14	5.32541	0	0	0	0	0	0	0	0	0	0	0	0	0	0	0	0	0	0	0	0	0	0	0	0	0	0	0	0	0	0	0	0	0	
1	1	1	98	2.94		300	0	0	-9.29929e-08	-9.29929e-08	1.85986e-07	0.0049	0	0	-8.045e-08	-8.045e-08	1.609e-07	20.5007	0	0	0.0502875	0.04974	0	0.000547557		300	0.000102832	-9.29833e-08	-9.29833e-08	1.85967e-07	8.03108e-06	0	0	0.000102832	0	-0.355028	-111.796	0	20.391	20.391	-1.5099e-14	5.32541	0	0	0	0	0	0	0	0	0	0	0	0	0	0	0	0	0	0	0	0	0	0	0	0	0	0	0	0	0	0	0	0	0	
1	1	1	99	2.97		300	0	0	-9.94629e-08	-9.94629e-08	1.98926e-07	0.00495	0	0	-8.02807e-08	-8.02807e-08	1.60561e-07	20.7079	0	0	0.0513177	0.0507335	0	0.000584214		300	0.000109716	-9.94533e-08	-9.94533e-08	1.98907e-07	8.58989e-06	0	0	0.000109716	0	-0.355028	-111.796	0	20.391	20.391	-1.5099e-14	5.32541	0	0	0	0	0	0	0	0	0	0	0	0	0	0	0	0	0	0	0	0	0	0	0	0	0	0	0	0	0	0	0	0	0	
1	1	1	100	3		300	0	0	-1.06306e-07	-1.06306e-07	2.12612e-07	0.005	0	0	-8.00954e-08	-8.00954e-08	1.60191e-07	20.915	0	0	0.0523583	0.0517354	0	0.000622884		300	0.000116979	-1.06296e-07	-1.06296e-07	2.12593e-07	9.18091e-06	0	0	0.000116979	0	-0.355028	-111.796	0	20.391	20.391	-1.5099e-14	5.32541	0	0	0	0	0	0	0	0	0	0	0	0	0	0	0	0	0	0	0	0	0	0	0	0	0	0	0	0	0	0	0	0	0	
1	1	1	101	3.03		300	0	0	-1.13539e-07	-1.13539e-07	2.27078e-07	0.00505	0	0	-7.98928e-08	-7.98928e-08	1.59786e-07	21.1219	0	0	0.0534092	0.0527456	0	0.000663651		300	0.000124635	-1.13529e-07	-1.13529e-07	2.27059e-07	9.8056e-06	0	0	0.000124635	0	-0.355028	-111.796	0	20.391	20.391	-1.5099e-14	5.32541	0	0	0	0	0	0	0	0	0	0	0	0	0	0	0	0	0	0	0	0	0	0	0	0	0	0	0	0	0	0	0	0	0	
1	1	1	102	3.06		300	0	0	-1.21179e-07	-1.21179e-07	2.42357e-07	0.0051	0	0	-7.96716e-08	-7.96716e-08	1.59343e-07	21.3287	0	0	0.0544705	0.0537639	0	0.000706602		300	0.000132701	-1.21169e-07	-1.21169e-07	2.42338e-07	1.04654e-05	0	0	0.000132701	0	-0.355028	-111.796	0	20.391	20.391	-1.5099e-14	5.32541	0	0	0	0	0	0	0	0	0	0	0	0	0	0	0	0	0	0	0	0	0	0	0	0	0	0	0	0	0	0	0	0	0	
1	1	1	103	3.09		300	0	0	-1.29243e-07	-1.29243e-07	2.58486e-07	0.00515	0	0	-7.94302e-08	-7.94302e-08	1.5886e-07	21.5353	0	0	0.0555421	0.0547903	0	0.000751825		300	0.000141194	-1.29234e-07	-1.29234e-07	2.58467e-07	1.11619e-05	0	0	0.000141194	0	-0.355028	-111.796	0	20.391	20.391	-1.5099e-14	5.32541	0	0	0	0	0	0	0	0	0	0	0	0	0	0	0	0	0	0	0	0	0	0	0	0	0	0	0	0	0	0	0	0	0	
1	1	1	104	3.12		300	0	0	-1.37751e-07	-1.37751e-07	2.75501e-07	0.0052	0	0	-7.91672e-08	-7.91672e-08	1.58334e-07	21.7417	0	0	0.056624	0.0558246	0	0.000799413		300	0.000150131	-1.37741e-07	-1.37741e-07	2.75482e-07	1.18967e-05	0	0	0.000150131	0	-0.355028	-111.796	0	20.391	20.391	-1.5099e-14	5.32541	0	0	0	0	0	0	0	0	0	0	0	0	0	0	0	0	0	0	0	0	0	0	0	0	0	0	0	0	0	0	0	0	0	
1	1	1	105	3.15		300	0	0	-1.4672e-07	-1.4672e-07	2.93439e-07	0.00525	0	0	-7.8881e-08	-7.8881e-08	1.57762e-07	21.948	0	0	0.0577163	0.0568668	0	0.000849458		300	0.00015953	-1.4671e-07	-1.4671e-07	2.9342e-07	1.26713e-05	0	0	0.00015953	0	-0.355028	-111.796	0	20.391	20.391	-1.5099e-14	5.32541	0	0	0	0	0	0	0	0	0	0	0	0	0	0	0	0	0	0	0	0	0	0	0	0	0	0	0	0	0	0	0	0	0	
1	1	1	106	3.18		300	0	0	-1.56169e-07	-1.56169e-07	3.12338e-07	0.0053	0	0	-7.85697e-08	-7.85697e-08	1.57139e-07	22.1541	0	0	0.0588188	0.0579168	0	0.000902056		300	0.000169408	-1.5616e-07	-1.5616e-07	3.1232e-07	1.34874e-05	0	0	0.000169408	0	-0.355028	-111.796	0	20.391	20.391	-1.5099e-14	5.32541	0	0	0	0	0	0	0	0	0	0	0	0	0	0	0	0	0	0	0	0	0	0	0	0	0	0	0	0	0	0	0	0	0	
1	1	1	107	3.21		300	0	0	-1.66119e-07	-1.66119e-07	3.32238e-07	0.00535	0	0	-7.82318e-08	-7.82318e-08	1.56464e-07	22.3601	0	0	0.0599317	0.0589744	0	0.000957305		300	0.000179784	-1.6611e-07	-1.6611e-07	3.3222e-07	1.43468e-05	0	0	0.000179784	0	-0.355028	-111.796	0	20.391	20.391	-1.5099e-14	5.32541	0	0	0	0	0	0	0	0	0	0	0	0	0	0	0	0	0	0	0	0	0	0	0	0	0	0	0	0	0	0	0	0	0	
1	1	1	108	3.24		300	0	0	-1.7659e-07	-1.7659e-07	3.5318e-07	0.0054	0	0	-7.78651e-08	-7.78651e-08	1.5573e-07	22.5658	0	0	0.0610548	0.0600395	0	0.00101531		300	0.000190676	-1.76581e-07	-1.76581e-07	3.53161e-07	1.52511e-05	0	0	0.000190676	0	-0.355028	-111.796	0	20.391	20.391	-1.5099e-14	5.32541	0	0	0	0	0	0	0	0	0	0	0	0	0	0	0	0	0	0	0	0	0	0	0	0	0	0	0	0	0	0	0	0	0	
1	1	1	109	3.27		300	0	0	-1.87602e-07	-1.87602e-07	3.75204e-07	0.00545	0	0	-7.74678e-08	-7.74678e-08	1.54936e-07	22.7714	0	0	0.0621882	0.0611121	0	0.00107616		300	0.000202105	-1.87593e-07	-1.87593e-07	3.75185e-07	1.62021e-05	0	0	0.000202105	0	-0.355028	-111.796	0	20.391	20.391	-1.5099e-14	5.32541	0	0	0	0	0	0	0	0	0	0	0	0	0	0	0	0	0	0	0	0	0	0	0	0	0	0	0	0	0	0	0	0	0	
1	1	1	110	3.3		300	0	0	-1.99176e-07	-1.99176e-07	3.98352e-07	0.0055	0	0	-7.70378e-08	-7.70378e-08	1.54076e-07	22.9767	0	0	0.0633319	0.062192	0	0.00113997		300	0.000214089	-1.99167e-07	-1.99167e-07	3.98334e-07	1.72017e-05	0	0	0.000214089	0	-0.355028	-111.796	0	20.391	20.391	-1.5099e-14	5.32541	0	0	0	0	0	0	0	0	0	0	0	0	0	0	0	0	0	0	0	0	0	0	0	0	0	0	0	0	0	0	0	0	0	
1	1	1	111	3.33		300	0	0	-2.11334e-07	-2.11334e-07	4.22669e-07	0.00555	0	0	-7.65727e-08	-7.65727e-08	1.53145e-07	23.1819	0	0	0.0644859	0.0632791	0	0.00120685		300	0.000226648	-2.11325e-07	-2.11325e-07	4.2265e-07	1.82517e-05	0	0	0.000226648	0	-0.355028	-111.796	0	20.391	20.391	-1.5099e-14	5.32541	0	0	0	0	0	0	0	0	0	0	0	0	0	0	0	0	0	0	0	0	0	0	0	0	0	0	0	0	0	0	0	0	0	
1	1	1	112	3.36		300	0	0	-2.24099e-07	-2.24099e-07	4.48197e-07	0.0056	0	0	-7.60704e-08	-7.60704e-08	1.52141e-07	23.3868	0	0	0.0656501	0.0643732	0	0.00127689		300	0.000239803	-2.2409e-07	-2.2409e-07	4.48179e-07	1.93541e-05	0	0	0.000239803	0	-0.355028	-111.796	0	20.391	20.391	-1.5099e-14	5.32541	0	0	0	0	0	0	0	0	0	0	0	0	0	0	0	0	0	0	0	0	0	0	0	0	0	0	0	0	0	0	0	0	0	
1	1	1	113	3.39		300	0	0	-2.37492e-07	-2.37492e-07	4.74983e-07	0.00565	0	0	-7.55285e-08	-7.55285e-08	1.51057e-07	23.5915	0	0	0.0668246	0.0654744	0	0.00135023		300	0.000253575	-2.37483e-07	-2.37483e-07	4.74965e-07	2.05108e-05	0	0	0.000253575	0	-0.355028	-111.796	0	20.391	20.391	-1.5099e-14	5.32541	0	0	0	0	0	0	0	0	0	0	0	0	0	0	0	0	0	0	0	0	0	0	0	0	0	0	0	0	0	0	0	0	0	
1	1	1	114	3.42		300	0	0	-2.51536e-07	-2.51536e-07	5.03073e-07	0.0057	0	0	-7.49442e-08	-7.49442e-08	1.49888e-07	23.7959	0	0	0.0680093	0.0665823	0	0.00142695		300	0.000267984	-2.51528e-07	-2.51528e-07	5.03055e-07	2.17237e-05	0	0	0.000267984	0	-0.355028	-111.796	0	20.391	20.391	-1.5099e-14	5.32541	0	0	0	0	0	0	0	0	0	0	0	0	0	0	0	0	0	0	0	0	0	0	0	0	0	0	0	0	0	0	0	0	0	
1	1	1	115	3.45		300	0	0	-2.66256e-07	-2.66256e-07	5.32513e-07	0.00575	0	0	-7.43151e-08	-7.43151e-08	1.4863e-07	24.0001	0	0	0.0692042	0.067697	0	0.00150719		300	0.000283053	-2.66248e-07	-2.66248e-07	5.32495e-07	2.2995e-05	0	0	0.000283053	0	-0.355028	-111.796	0	20.391	20.391	-1.5099e-14	5.32541	0	0	0	0	0	0	0	0	0	0	0	0	0	0	0	0	0	0	0	0	0	0	0	0	0	0	0	0	0	0	0	0	0	
1	1	1	116	3.48		300	0	0	-2.81676e-07	-2.81676e-07	5.63351e-07	0.0058	0	0	-7.36384e-08	-7.36384e-08	1.47277e-07	24.2041	0	0	0.0704093	0.0688182	0	0.00159105		300	0.000298802	-2.81667e-07	-2.81667e-07	5.63334e-07	2.43266e-05	0	0	0.000298802	0	-0.355028	-111.796	0	20.391	20.391	-1.5099e-14	5.32541	0	0	0	0	0	0	0	0	0	0	0	0	0	0	0	0	0	0	0	0	0	0	0	0	0	0	0	0	0	0	0	0	0	
1	1	1	117	3.51		300	0	0	-2.97818e-07	-2.97818e-07	5.95637e-07	0.00585	0	0	-7.29112e-08	-7.29112e-08	1.45822e-07	24.4078	0	0	0.0716246	0.0699459	0	0.00167866		300	0.000315255	-2.9781e-07	-2.9781e-07	5.9562e-07	2.57207e-05	0	0	0.000315255	0	-0.355028	-111.796	0	20.391	20.391	-1.5099e-14	5.32541	0	0	0	0	0	0	0	0	0	0	0	0	0	0	0	0	0	0	0	0	0	0	0	0	0	0	0	0	0	0	0	0	0	
1	1	1	118	3.54		300	0	0	-3.1471e-07	-3.1471e-07	6.29419e-07	0.0059	0	0	-7.21306e-08	-7.21306e-08	1.44261e-07	24.6112	0	0	0.07285	0.0710799	0	0.00177013		300	0.000332433	-3.14701e-07	-3.14701e-07	6.29402e-07	2.71794e-05	0	0	0.000332433	0	-0.355028	-111.796	0	20.391	20.391	-1.5099e-14	5.32541	0	0	0	0	0	0	0	0	0	0	0	0	0	0	0	0	0	0	0	0	0	0	0	0	0	0	0	0	0	0	0	0	0	
1	1	1	119	3.57		300	0	0	-3.32374e-07	-3.32374e-07	6.64749e-07	0.00595	0	0	-7.12934e-08	-7.12934e-08	1.42587e-07	24.8143	0	0	0.0740857	0.0722201	0	0.00186559		300	0.00035036	-3.32366e-07	-3.32366e-07	6.64732e-07	2.87049e-05	0	0	0.00035036	0	-0.355028	-111.796	0	20.391	20.391	-1.5099e-14	5.32541	0	0	0	0	0	0	0	0	0	0	0	0	0	0	0	0	0	0	0	0	0	0	0	0	0	0	0	0	0	0	0	0	0	
1	1	1	120	3.6		300	0	0	-3.50839e-07	-3.50839e-07	7.01677e-07	0.006	0	0	-7.03964e-08	-7.03964e-08	1.40793e-07	25.0172	0	0	0.0753315	0.0733663	0	0.00196515		300	0.000369059	-3.5083e-07	-3.5083e-07	7.0166e-07	3.02994e-05	0	0	0.000369059	0	-0.355028	-111.796	0	20.391	20.391	-1.5099e-14	5.32541	0	0	0	0	0	0	0	0	0	0	0	0	0	0	0	0	0	0	0	0	0	0	0	0	0	0	0	0	0	0	0	0	0	
1	1	1	121	3.63		300	0	0	-3.70128e-07	-3.70128e-07	7.40256e-07	0.00605	0	0	-6.94363e-08	-6.94363e-08	1.38873e-07	25.2197	0	0	0.0765874	0.0745184	0	0.00206895		300	0.000388552	-3.7012e-07	-3.7012e-07	7.40239e-07	3.19652e-05	0	0	0.000388552	0	-0.355028	-111.796	0	20.391	20.391	-1.5099e-14	5.32541	0	0	0	0	0	0	0	0	0	0	0	0	0	0	0	0	0	0	0	0	0	0	0	0	0	0	0	0	0	0	0	0	0	
1	1	1	122	3.66		300	0	0	-3.90269e-07	-3.90269e-07	7.80538e-07	0.0061	0	0	-6.84097e-08	-6.84097e-08	1.36819e-07	25.422	0	0	0.0778534	0.0756763	0	0.00217711		300	0.000408865	-3.90261e-07	-3.90261e-07	7.80522e-07	3.37046e-05	0	0	0.000408865	0	-0.355028	-111.796	0	20.391	20.391	-1.5099e-14	5.32541	0	0	0	0	0	0	0	0	0	0	0	0	0	0	0	0	0	0	0	0	0	0	0	0	0	0	0	0	0	0	0	0	0	
1	1	1	123	3.69		300	0	0	-4.11289e-07	-4.11289e-07	8.22577e-07	0.00615	0	0	-6.7313e-08	-6.7313e-08	1.34626e-07	25.6239	0	0	0.0791296	0.0768398	0	0.00228975		300	0.00043002	-4.11281e-07	-4.11281e-07	8.22561e-07	3.55198e-05	0	0	0.00043002	0	-0.355028	-111.796	0	20.391	20.391	-1.5099e-14	5.32541	0	0	0	0	0	0	0	0	0	0	0	0	0	0	0	0	0	0	0	0	0	0	0	0	0	0	0	0	0	0	0	0	0	
1	1	1	124	3.72		300	0	0	-4.33214e-07	-4.33214e-07	8.66427e-07	0.0062	0	0	-6.61427e-08	-6.61427e-08	1.32285e-07	25.8255	0	0	0.0804158	0.0780088	0	0.00240701		300	0.000452041	-4.33206e-07	-4.33206e-07	8.66412e-07	3.74131e-05	0	0	0.000452041	0	-0.355028	-111.796	0	20.391	20.391	-1.5099e-14	5.32541	0	0	0	0	0	0	0	0	0	0	0	0	0	0	0	0	0	0	0	0	0	0	0	0	0	0	0	0	0	0	0	0	0	
1	1	1	125	3.75		300	0	0	-4.56072e-07	-4.56072e-07	9.12144e-07	0.00625	0	0	-6.48948e-08	-6.48948e-08	1.2979e-07	26.0268	0	0	0.0817121	0.0791831	0	0.00252902		300	0.000474954	-4.56064e-07	-4.56064e-07	9.12128e-07	3.9387e-05	0	0	0.000474954	0	-0.355028	-111.796	0	20.391	20.391	-1.5099e-14	5.32541	0	0	0	0	0	0	0	0	0	0	0	0	0	0	0	0	0	0	0	0	0	0	0	0	0	0	0	0	0	0	0	0	0	
1	1	1	126	3.78		300	0	0	-4.79891e-07	-4.79891e-07	9.59781e-07	0.0063	0	0	-6.35657e-08	-6.35657e-08	1.27131e-07	26.2277	0	0	0.0830185	0.0803626	0	0.0026559		300	0.000498783	-4.79883e-07	-4.79883e-07	9.59766e-07	4.14439e-05	0	0	0.000498783	0	-0.355028	-111.796	0	20.391	20.391	-1.5099e-14	5.32541	0	0	0	0	0	0	0	0	0	0	0	0	0	0	0	0	0	0	0	0	0	0	0	0	0	0	0	0	0	0	0	0	0	
1	1	1	127	3.81		300	0	0	-5.04698e-07	-5.04698e-07	1.0094e-06	0.00635	0	0	-6.21512e-08	-6.21512e-08	1.24302e-07	26.4282	0	0	0.0843349	0.0815471	0	0.0027878		300	0.000523553	-5.04691e-07	-5.04691e-07	1.00938e-06	4.35862e-05	0	0	0.000523553	0	-0.355028	-111.796	0	20.391	20.391	-1.5099e-14	5.32541	0	0	0	0	0	0	0	0	0	0	0	0	0	0	0	0	0	0	0	0	0	0	0	0	0	0	0	0	0	0	0	0	0	
1	1	1	128	3.84		300	0	0	-5.30523e-07	-5.30523e-07	1.06105e-06	0.0064	0	0	-6.06474e-08	-6.06474e-08	1.21295e-07	26.6284	0	0	0.0856613	0.0827365	0	0.00292483		300	0.000549288	-5.30516e-07	-5.30516e-07	1.06103e-06	4.58162e-05	0	0	0.000549288	0	-0.355028	-111.796	0	20.391	20.391	-1.5099e-14	5.32541	0	0	0	0	0	0	0	0	0	0	0	0	0	0	0	0	0	0	0	0	0	0	0	0	0	0	0	0	0	0	0	0	0	
1	1	1	129	3.87		300	0	0	-5.57394e-07	-5.57394e-07	1.11479e-06	0.00645	0	0	-5.90501e-08	-5.90501e-08	1.181e-07	26.8282	0	0	0.0869977	0.0839306	0	0.00306714		300	0.000576014	-5.57386e-07	-5.57386e-07	1.11477e-06	4.81366e-05	0	0	0.000576014	0	-0.355028	-111.796	0	20.391	20.391	-1.5099e-14	5.32541	0	0	0	0	0	0	0	0	0	0	0	0	0	0	0	0	0	0	0	0	0	0	0	0	0	0	0	0	0	0	0	0	0	
1	1	1	130	3.9		300	0	0	-5.85338e-07	-5.85338e-07	1.17068e-06	0.0065	0	0	-5.7355e-08	-5.7355e-08	1.1471e-07	27.0277	0	0	0.0883441	0.0851293	0	0.00321486		300	0.000603756	-5.85331e-07	-5.85331e-07	1.17066e-06	5.05496e-05	0	0	0.000603756	0	-0.355028	-111.796	0	20.391	20.391	-1.5099e-14	5.32541	0	0	0	0	0	0	0	0	0	0	0	0	0	0	0	0	0	0	0	0	0	0	0	0	0	0	0	0	0	0	0	0	0	
1	1	1	131	3.93		300	0	0	-6.14386e-07	-6.14386e-07	1.22877e-06	0.00655	0	0	-5.5558e-08	-5.5558e-08	1.11116e-07	27.2267	0	0	0.0897005	0.0863323	0	0.00336813		300	0.000632539	-6.1438e-07	-6.1438e-07	1.22876e-06	5.3058e-05	0	0	0.000632539	0	-0.355028	-111.796	0	20.391	20.391	-1.5099e-14	5.32541	0	0	0	0	0	0	0	0	0	0	0	0	0	0	0	0	0	0	0	0	0	0	0	0	0	0	0	0	0	0	0	0	0	
1	1	1	132	3.96		300	0	0	-6.44567e-07	-6.44567e-07	1.28913e-06	0.0066	0	0	-5.36544e-08	-5.36544e-08	1.07309e-07	27.4253	0	0	0.0910668	0.0875397	0	0.00352707		300	0.000662389	-6.44561e-07	-6.44561e-07	1.28912e-06	5.56641e-05	0	0	0.000662389	0	-0.355028	-111.796	0	20.391	20.391	-1.5099e-14	5.32541	0	0	0	0	0	0	0	0	0	0	0	0	0	0	0	0	0	0	0	0	0	0	0	0	0	0	0	0	0	0	0	0	0	
1	1	1	133	3.99		300	0	0	-6.75909e-07	-6.75909e-07	1.35182e-06	0.00665	0	0	-5.164e-08	-5.164e-08	1.0328e-07	27.6235	0	0	0.092443	0.0887512	0	0.00369184		300	0.000693332	-6.75903e-07	-6.75903e-07	1.35181e-06	5.83705e-05	0	0	0.000693332	0	-0.355028	-111.796	0	20.391	20.391	-1.5099e-14	5.32541	0	0	0	0	0	0	0	0	0	0	0	0	0	0	0	0	0	0	0	0	0	0	0	0	0	0	0	0	0	0	0	0	0	
1	1	1	134	4.02		300	0	0	-7.08443e-07	-7.08443e-07	1.41689e-06	0.0067	0	0	-4.95101e-08	-4.95101e-08	9.90201e-08	27.8213	0	0	0.0938291	0.0899666	0	0.00386255		300	0.000725392	-7.08437e-07	-7.08437e-07	1.41687e-06	6.11797e-05	0	0	0.000725392	0	-0.355028	-111.796	0	20.391	20.391	-1.5099e-14	5.32541	0	0	0	0	0	0	0	0	0	0	0	0	0	0	0	0	0	0	0	0	0	0	0	0	0	0	0	0	0	0	0	0	0	
1	1	1	135	4.05		300	0	0	-7.42197e-07	-7.42197e-07	1.48439e-06	0.00675	0	0	-4.72602e-08	-4.72602e-08	9.45203e-08	28.0186	0	0	0.0952251	0.0911858	0	0.00403935		300	0.000758596	-7.42191e-07	-7.42191e-07	1.48438e-06	6.40943e-05	0	0	0.000758596	0	-0.355028	-111.796	0	20.391	20.391	-1.5099e-14	5.32541	0	0	0	0	0	0	0	0	0	0	0	0	0	0	0	0	0	0	0	0	0	0	0	0	0	0	0	0	0	0	0	0	0	
1	1	1	136	4.08		300	0	0	-7.77202e-07	-7.77202e-07	1.5544e-06	0.0068	0	0	-4.48856e-08	-4.48856e-08	8.97711e-08	28.2154	0	0	0.096631	0.0924086	0	0.00422238		300	0.000792968	-7.77196e-07	-7.77196e-07	1.55439e-06	6.71169e-05	0	0	0.000792968	0	-0.355028	-111.796	0	20.391	20.391	-1.5099e-14	5.32541	0	0	0	0	0	0	0	0	0	0	0	0	0	0	0	0	0	0	0	0	0	0	0	0	0	0	0	0	0	0	0	0	0	
1	1	1	137	4.11		300	0	0	-8.13486e-07	-8.13486e-07	1.62697e-06	0.00685	0	0	-4.23816e-08	-4.23816e-08	8.47633e-08	28.4118	0	0	0.0980466	0.0936349	0	0.00441177		300	0.000828535	-8.13481e-07	-8.13481e-07	1.62696e-06	7.02499e-05	0	0	0.000828535	0	-0.355028	-111.796	0	20.391	20.391	-1.5099e-14	5.32541	0	0	0	0	0	0	0	0	0	0	0	0	0	0	0	0	0	0	0	0	0	0	0	0	0	0	0	0	0	0	0	0	0	
1	1	1	138	4.14		300	0	0	-8.5108e-07	-8.5108e-07	1.70216e-06	0.0069	0	0	-3.97436e-08	-3.97436e-08	7.94873e-08	28.6078	0	0	0.0994721	0.0948645	0	0.00460765		300	0.000865322	-8.51076e-07	-8.51076e-07	1.70215e-06	7.3496e-05	0	0	0.000865322	0	-0.355028	-111.796	0	20.391	20.391	-1.5099e-14	5.32541	0	0	0	0	0	0	0	0	0	0	0	0	0	0	0	0	0	0	0	0	0	0	0	0	0	0	0	0	0	0	0	0	0	
1	1	1	139	4.17		300	0	0	-8.90014e-07	-8.90014e-07	1.78003e-06	0.00695	0	0	-3.69668e-08	-3.69668e-08	7.39337e-08	28.8032	0	0	0.100907	0.0960972	0	0.00481017		300	0.000903354	-8.90009e-07	-8.90009e-07	1.78002e-06	7.68577e-05	0	0	0.000903354	0	-0.355028	-111.796	0	20.391	20.391	-1.5099e-14	5.32541	0	0	0	0	0	0	0	0	0	0	0	0	0	0	0	0	0	0	0	0	0	0	0	0	0	0	0	0	0	0	0	0	0	
1	1	1	140	4.2		300	0	0	-9.30316e-07	-9.30316e-07	1.86063e-06	0.007	0	0	-3.40465e-08	-3.40465e-08	6.8093e-08	28.9982	0	0	0.102352	0.097333	0	0.00501945		300	0.000942657	-9.30312e-07	-9.30312e-07	1.86062e-06	8.03375e-05	0	0	0.000942657	0	-0.355028	-111.796	0	20.391	20.391	-1.5099e-14	5.32541	0	0	0	0	0	0	0	0	0	0	0	0	0	0	0	0	0	0	0	0	0	0	0	0	0	0	0	0	0	0	0	0	0	
1	1	1	141	4.23		300	0	0	-9.72017e-07	-9.72017e-07	1.94403e-06	0.00705	0	0	-3.09779e-08	-3.09779e-08	6.19557e-08	29.1926	0	0	0.103807	0.0985716	0	0.00523562		300	0.000983255	-9.72013e-07	-9.72013e-07	1.94403e-06	8.39381e-05	0	0	0.000983255	0	-0.355028	-111.796	0	20.391	20.391	-1.5099e-14	5.32541	0	0	0	0	0	0	0	0	0	0	0	0	0	0	0	0	0	0	0	0	0	0	0	0	0	0	0	0	0	0	0	0	0	
1	1	1	142	4.26		300	0	0	-1.01515e-06	-1.01515e-06	2.03029e-06	0.0071	0	0	-2.77561e-08	-2.77561e-08	5.55123e-08	29.3866	0	0	0.105272	0.0998129	0	0.00545884		300	0.00102517	-1.01514e-06	-1.01514e-06	2.03028e-06	8.76619e-05	0	0	0.00102517	0	-0.355028	-111.796	0	20.391	20.391	-1.5099e-14	5.32541	0	0	0	0	0	0	0	0	0	0	0	0	0	0	0	0	0	0	0	0	0	0	0	0	0	0	0	0	0	0	0	0	0	
1	1	1	143	4.29		300	0	0	-1.05973e-06	-1.05973e-06	2.11946e-06	0.00715	0	0	-2.43766e-08	-2.43766e-08	4.87532e-08	29.58	0	0	0.106746	0.101057	0	0.00568921		300	0.00106844	-1.05973e-06	-1.05973e-06	2.11946e-06	9.15115e-05	0	0	0.00106844	0	-0.355028	-111.796	0	20.391	20.391	-1.5099e-14	5.32541	0	0	0	0	0	0	0	0	0	0	0	0	0	0	0	0	0	0	0	0	0	0	0	0	0	0	0	0	0	0	0	0	0	
1	1	1	144	4.32		300	0	0	-1.1058e-06	-1.1058e-06	2.21161e-06	0.0072	0	0	-2.08346e-08	-2.08346e-08	4.16691e-08	29.7728	0	0	0.10823	0.102303	0	0.00592688		300	0.00111307	-1.1058e-06	-1.1058e-06	2.2116e-06	9.54893e-05	0	0	0.00111307	0	-0.355028	-111.796	0	20.391	20.391	-1.5099e-14	5.32541	0	0	0	0	0	0	0	0	0	0	0	0	0	0	0	0	0	0	0	0	0	0	0	0	0	0	0	0	0	0	0	0	0	
1	1	1	145	4.35		300	0	0	-1.15339e-06	-1.15339e-06	2.30678e-06	0.00725	0	0	-1.71253e-08	-1.71253e-08	3.42506e-08	29.9651	0	0	0.109723	0.103551	0	0.00617197		300	0.0011591	-1.15339e-06	-1.15339e-06	2.30678e-06	9.9598e-05	0	0	0.0011591	0	-0.355028	-111.796	0	20.391	20.391	-1.5099e-14	5.32541	0	0	0	0	0	0	0	0	0	0	0	0	0	0	0	0	0	0	0	0	0	0	0	0	0	0	0	0	0	0	0	0	0	
1	1	1	146	4.38		300	0	0	-1.20252e-06	-1.20252e-06	2.40505e-06	0.0073	0	0	-1.32441e-08	-1.32441e-08	2.64883e-08	30.1569	0	0	0.111226	0.104802	0	0.00642462		300	0.00120655	-1.20252e-06	-1.20252e-06	2.40504e-06	0.00010384	0	0	0.00120655	0	-0.355028	-111.796	0	20.391	20.391	-1.5099e-14	5.32541	0	0	0	0	0	0	0	0	0	0	0	0	0	0	0	0	0	0	0	0	0	0	0	0	0	0	0	0	0	0	0	0	0	
1	1	1	147	4.41		300	0	0	-1.25323e-06	-1.25323e-06	2.50646e-06	0.00735	0	0	-9.18651e-09	-9.18651e-09	1.8373e-08	30.3481	0	0	0.112739	0.106054	0	0.00668495		300	0.00125544	-1.25323e-06	-1.25323e-06	2.50646e-06	0.000108218	0	0	0.00125544	0	-0.355028	-111.796	0	20.391	20.391	-1.5099e-14	5.32541	0	0	0	0	0	0	0	0	0	0	0	0	0	0	0	0	0	0	0	0	0	0	0	0	0	0	0	0	0	0	0	0	0	
1	1	1	148	4.44		300	0	0	-1.30553e-06	-1.30553e-06	2.61107e-06	0.0074	0	0	-4.94789e-09	-4.94789e-09	9.89579e-09	30.5387	0	0	0.114261	0.107308	0	0.00695308		300	0.00130579	-1.30553e-06	-1.30553e-06	2.61107e-06	0.000112734	0	0	0.00130579	0	-0.355028	-111.796	0	20.391	20.391	-1.5099e-14	5.32541	0	0	0	0	0	0	0	0	0	0	0	0	0	0	0	0	0	0	0	0	0	0	0	0	0	0	0	0	0	0	0	0	0	
1	1	1	149	4.47		300	0	0	-1.35947e-06	-1.35947e-06	2.71894e-06	0.00745	0	0	-5.2382e-10	-5.2382e-10	1.04764e-09	30.7287	0	0	0.115793	0.108564	0	0.00722914		300	0.00135763	-1.35947e-06	-1.35947e-06	2.71894e-06	0.00011739	0	0	0.00135763	0	-0.355028	-111.796	0	20.391	20.391	-1.5099e-14	5.32541	0	0	0	0	0	0	0	0	0	0	0	0	0	0	0	0	0	0	0	0	0	0	0	0	0	0	0	0	0	0	0	0	0	
1	1	1	150	4.5		300	0	0	-1.41506e-06	-1.41506e-06	2.83012e-06	0.0075	0	0	4.09008e-09	4.09008e-09	-8.18017e-09	30.9181	0	0	0.117334	0.109821	0	0.00751325		300	0.00141099	-1.41506e-06	-1.41506e-06	2.83013e-06	0.00012219	0	0	0.00141099	0	-0.355028	-111.796	0	20.391	20.391	-1.5099e-14	5.32541	0	0	0	0	0	0	0	0	0	0	0	0	0	0	0	0	0	0	0	0	0	0	0	0	0	0	0	0	0	0	0	0	0	
1	1	1	151	4.53		300	0	0	-1.47234e-06	-1.47234e-06	2.94468e-06	0.00755	0	0	8.8981e-09	8.8981e-09	-1.77962e-08	31.1069	0	0	0.118884	0.111079	0	0.00780553		300	0.00146588	-1.47234e-06	-1.47234e-06	2.94468e-06	0.000127134	0	0	0.00146588	0	-0.355028	-111.796	0	20.391	20.391	-1.5099e-14	5.32541	0	0	0	0	0	0	0	0	0	0	0	0	0	0	0	0	0	0	0	0	0	0	0	0	0	0	0	0	0	0	0	0	0	
1	1	1	152	4.56		300	0	0	-1.53133e-06	-1.53133e-06	3.06265e-06	0.0076	0	0	1.39044e-08	1.39044e-08	-2.78088e-08	31.2951	0	0	0.120444	0.112338	0	0.00810609		300	0.00152232	-1.53133e-06	-1.53133e-06	3.06265e-06	0.000132227	0	0	0.00152232	0	-0.355028	-111.796	0	20.391	20.391	-1.5099e-14	5.32541	0	0	0	0	0	0	0	0	0	0	0	0	0	0	0	0	0	0	0	0	0	0	0	0	0	0	0	0	0	0	0	0	0	
1	1	1	153	4.59		300	0	0	-1.59205e-06	-1.59205e-06	3.1841e-06	0.00765	0	0	1.91131e-08	1.91131e-08	-3.82261e-08	31.4827	0	0	0.122014	0.113599	0	0.00841506		300	0.00158035	-1.59205e-06	-1.59205e-06	3.18411e-06	0.000137469	0	0	0.00158035	0	-0.355028	-111.796	0	20.391	20.391	-1.5099e-14	5.32541	0	0	0	0	0	0	0	0	0	0	0	0	0	0	0	0	0	0	0	0	0	0	0	0	0	0	0	0	0	0	0	0	0	
1	1	1	154	4.62		300	0	0	-1.65454e-06	-1.65454e-06	3.30908e-06	0.0077	0	0	2.4528e-08	2.4528e-08	-4.9056e-08	31.6696	0	0	0.123593	0.11486	0	0.00873254		300	0.00163997	-1.65454e-06	-1.65454e-06	3.30908e-06	0.000142864	0	0	0.00163997	0	-0.355028	-111.796	0	20.391	20.391	-1.5099e-14	5.32541	0	0	0	0	0	0	0	0	0	0	0	0	0	0	0	0	0	0	0	0	0	0	0	0	0	0	0	0	0	0	0	0	0	
1	1	1	155	4.65		300	0	0	-1.71882e-06	-1.71882e-06	3.43764e-06	0.00775	0	0	3.01531e-08	3.01531e-08	-6.03062e-08	31.8559	0	0	0.125181	0.116122	0	0.00905865		300	0.00170121	-1.71882e-06	-1.71882e-06	3.43764e-06	0.000148413	0	0	0.00170121	0	-0.355028	-111.796	0	20.391	20.391	-1.5099e-14	5.32541	0	0	0	0	0	0	0	0	0	0	0	0	0	0	0	0	0	0	0	0	0	0	0	0	0	0	0	0	0	0	0	0	0	
1	1	1	156	4.68		300	0	0	-1.78491e-06	-1.78491e-06	3.56982e-06	0.0078	0	0	3.59919e-08	3.59919e-08	-7.19838e-08	32.0415	0	0	0.126778	0.117385	0	0.00939349		300	0.00176409	-1.78491e-06	-1.78491e-06	3.56983e-06	0.000154119	0	0	0.00176409	0	-0.355028	-111.796	0	20.391	20.391	-1.5099e-14	5.32541	0	0	0	0	0	0	0	0	0	0	0	0	0	0	0	0	0	0	0	0	0	0	0	0	0	0	0	0	0	0	0	0	0	
1	1	1	157	4.71		300	0	0	-1.85284e-06	-1.85284e-06	3.70569e-06	0.00785	0	0	4.2048e-08	4.2048e-08	-8.40961e-08	32.2265	0	0	0.128385	0.118648	0	0.00973716		300	0.00182863	-1.85285e-06	-1.85285e-06	3.7057e-06	0.000159983	0	0	0.00182863	0	-0.355028	-111.796	0	20.391	20.391	-1.5099e-14	5.32541	0	0	0	0	0	0	0	0	0	0	0	0	0	0	0	0	0	0	0	0	0	0	0	0	0	0	0	0	0	0	0	0	0	
1	1	1	158	4.74		300	0	0	-1.92264e-06	-1.92264e-06	3.84528e-06	0.0079	0	0	4.83248e-08	4.83248e-08	-9.66497e-08	32.4108	0	0	0.130001	0.119911	0	0.0100898		300	0.00189485	-1.92264e-06	-1.92264e-06	3.84529e-06	0.000166008	0	0	0.00189485	0	-0.355028	-111.796	0	20.391	20.391	-1.5099e-14	5.32541	0	0	0	0	0	0	0	0	0	0	0	0	0	0	0	0	0	0	0	0	0	0	0	0	0	0	0	0	0	0	0	0	0	
1	1	1	159	4.77		300	0	0	-1.99432e-06	-1.99432e-06	3.98864e-06	0.00795	0	0	5.48255e-08	5.48255e-08	-1.09651e-07	32.5944	0	0	0.131626	0.121175	0	0.0104514		300	0.00196277	-1.99433e-06	-1.99433e-06	3.98866e-06	0.000172196	0	0	0.00196277	0	-0.355028	-111.796	0	20.391	20.391	-1.5099e-14	5.32541	0	0	0	0	0	0	0	0	0	0	0	0	0	0	0	0	0	0	0	0	0	0	0	0	0	0	0	0	0	0	0	0	0	
1	1	1	160	4.8		300	0	0	-2.06792e-06	-2.06792e-06	4.13583e-06	0.008	0	0	6.1553e-08	6.1553e-08	-1.23106e-07	32.7773	0	0	0.13326	0.122438	0	0.0108222		300	0.0020324	-2.06792e-06	-2.06792e-06	4.13585e-06	0.000178549	0	0	0.0020324	0	-0.355028	-111.796	0	20.391	20.391	-1.5099e-14	5.32541	0	0	0	0	0	0	0	0	0	0	0	0	0	0	0	0	0	0	0	0	0	0	0	0	0	0	0	0	0	0	0	0	0	
1	1	1	161	4.83		300	0	0	-2.14344e-06	-2.14344e-06	4.28688e-06	0.00805	0	0	6.85103e-08	6.85103e-08	-1.37021e-07	32.9595	0	0	0.134904	0.123702	0	0.0112023		300	0.00210377	-2.14345e-06	-2.14345e-06	4.2869e-06	0.000185069	0	0	0.00210377	0	-0.355028	-111.796	0	20.391	20.391	-1.5099e-14	5.32541	0	0	0	0	0	0	0	0	0	0	0	0	0	0	0	0	0	0	0	0	0	0	0	0	0	0	0	0	0	0	0	0	0	
1	1	1	162	4.86		300	0	0	-2.22092e-06	-2.22092e-06	4.44184e-06	0.0081	0	0	7.57e-08	7.57e-08	-1.514e-07	33.141	0	0	0.136556	0.124965	0	0.0115916		300	0.00217689	-2.22093e-06	-2.22093e-06	4.44186e-06	0.000191757	0	0	0.00217689	0	-0.355028	-111.796	0	20.391	20.391	-1.5099e-14	5.32541	0	0	0	0	0	0	0	0	0	0	0	0	0	0	0	0	0	0	0	0	0	0	0	0	0	0	0	0	0	0	0	0	0	
1	1	1	163	4.89		300	0	0	-2.30038e-06	-2.30038e-06	4.60076e-06	0.00815	0	0	8.31245e-08	8.31245e-08	-1.66249e-07	33.3218	0	0	0.138218	0.126228	0	0.0119904		300	0.00225177	-2.30039e-06	-2.30039e-06	4.60078e-06	0.000198616	0	0	0.00225177	0	-0.355028	-111.796	0	20.391	20.391	-1.5099e-14	5.32541	0	0	0	0	0	0	0	0	0	0	0	0	0	0	0	0	0	0	0	0	0	0	0	0	0	0	0	0	0	0	0	0	0	
1	1	1	164	4.92		300	0	0	-2.38183e-06	-2.38183e-06	4.76366e-06	0.0082	0	0	9.07863e-08	9.07863e-08	-1.81573e-07	33.5019	0	0	0.139888	0.12749	0	0.0123986		300	0.00232844	-2.38184e-06	-2.38184e-06	4.76369e-06	0.000205647	0	0	0.00232844	0	-0.355028	-111.796	0	20.391	20.391	-1.5099e-14	5.32541	0	0	0	0	0	0	0	0	0	0	0	0	0	0	0	0	0	0	0	0	0	0	0	0	0	0	0	0	0	0	0	0	0	
1	1	1	165	4.95		300	0	0	-2.4653e-06	-2.4653e-06	4.9306e-06	0.00825	0	0	9.86872e-08	9.86872e-08	-1.97374e-07	33.6812	0	0	0.141568	0.128752	0	0.0128164		300	0.0024069	-2.46531e-06	-2.46531e-06	4.93063e-06	0.000212852	0	0	0.0024069	0	-0.355028	-111.796	0	20.391	20.391	-1.5099e-14	5.32541	0	0	0	0	0	0	0	0	0	0	0	0	0	0	0	0	0	0	0	0	0	0	0	0	0	0	0	0	0	0	0	0	0	
1	1	1	166	4.98		300	0	0	-2.55081e-06	-2.55081e-06	5.10161e-06	0.0083	0	0	1.06829e-07	1.06829e-07	-2.13659e-07	33.8598	0	0	0.143257	0.130013	0	0.0132439		300	0.00248718	-2.55082e-06	-2.55082e-06	5.10164e-06	0.000220232	0	0	0.00248718	0	-0.355028	-111.796	0	20.391	20.391	-1.5099e-14	5.32541	0	0	0	0	0	0	0	0	0	0	0	0	0	0	0	0	0	0	0	0	0	0	0	0	0	0	0	0	0	0	0	0	0	
1	1	1	167	5.01		300	0	0	-2.63837e-06	-2.63837e-06	5.27673e-06	0.00835	0	0	1.15214e-07	1.15214e-07	-2.30428e-07	34.0377	0	0	0.144954	0.131273	0	0.0136811		300	0.00256929	-2.63838e-06	-2.63838e-06	5.27676e-06	0.00022779	0	0	0.00256929	0	-0.355028	-111.796	0	20.391	20.391	-1.5099e-14	5.32541	0	0	0	0	0	0	0	0	0	0	0	0	0	0	0	0	0	0	0	0	0	0	0	0	0	0	0	0	0	0	0	0	0	
1	1	1	168	5.04		300	0	0	-2.728e-06	-2.728e-06	5.456e-06	0.0084	0	0	1.23843e-07	1.23843e-07	-2.47687e-07	34.2148	0	0	0.14666	0.132532	0	0.0141281		300	0.00265323	-2.72801e-06	-2.72801e-06	5.45603e-06	0.000235527	0	0	0.00265323	0	-0.355028	-111.796	0	20.391	20.391	-1.5099e-14	5.32541	0	0	0	0	0	0	0	0	0	0	0	0	0	0	0	0	0	0	0	0	0	0	0	0	0	0	0	0	0	0	0	0	0	
1	1	1	169	5.07		300	0	0	-2.81972e-06	-2.81972e-06	5.63944e-06	0.00845	0	0	1.32718e-07	1.32718e-07	-2.65436e-07	34.3912	0	0	0.148375	0.13379	0	0.014585		300	0.00273903	-2.81974e-06	-2.81974e-06	5.63947e-06	0.000243444	0	0	0.00273903	0	-0.355028	-111.796	0	20.391	20.391	-1.5099e-14	5.32541	0	0	0	0	0	0	0	0	0	0	0	0	0	0	0	0	0	0	0	0	0	0	0	0	0	0	0	0	0	0	0	0	0	
1	1	1	170	5.1		300	0	0	-2.91355e-06	-2.91355e-06	5.8271e-06	0.0085	0	0	1.41839e-07	1.41839e-07	-2.83679e-07	34.5667	0	0	0.150099	0.135048	0	0.0150518		300	0.00282669	-2.91357e-06	-2.91357e-06	5.82713e-06	0.000251542	0	0	0.00282669	0	-0.355028	-111.796	0	20.391	20.391	-1.5099e-14	5.32541	0	0	0	0	0	0	0	0	0	0	0	0	0	0	0	0	0	0	0	0	0	0	0	0	0	0	0	0	0	0	0	0	0	
1	1	1	171	5.13		300	0	0	-3.0095e-06	-3.0095e-06	6.019e-06	0.00855	0	0	1.51208e-07	1.51208e-07	-3.02416e-07	34.7416	0	0	0.151832	0.136304	0	0.0155286		300	0.00291622	-3.00952e-06	-3.00952e-06	6.01903e-06	0.000259824	0	0	0.00291622	0	-0.355028	-111.796	0	20.391	20.391	-1.5099e-14	5.32541	0	0	0	0	0	0	0	0	0	0	0	0	0	0	0	0	0	0	0	0	0	0	0	0	0	0	0	0	0	0	0	0	0	
1	1	1	172	5.16		300	0	0	-3.10758e-06	-3.10758e-06	6.21517e-06	0.0086	0	0	1.60825e-07	1.60825e-07	-3.2165e-07	34.9156	0	0	0.153574	0.137558	0	0.0160154		300	0.00300765	-3.1076e-06	-3.1076e-06	6.21521e-06	0.00026829	0	0	0.00300765	0	-0.355028	-111.796	0	20.391	20.391	-1.5099e-14	5.32541	0	0	0	0	0	0	0	0	0	0	0	0	0	0	0	0	0	0	0	0	0	0	0	0	0	0	0	0	0	0	0	0	0	
1	1	1	173	5.19		300	0	0	-3.20782e-06	-3.20782e-06	6.41565e-06	0.00865	0	0	1.7069e-07	1.7069e-07	-3.4138e-07	35.0889	0	0	0.155324	0.138811	0	0.0165123		300	0.00310097	-3.20784e-06	-3.20784e-06	6.41569e-06	0.000276941	0	0	0.00310097	0	-0.355028	-111.796	0	20.391	20.391	-1.5099e-14	5.32541	0	0	0	0	0	0	0	0	0	0	0	0	0	0	0	0	0	0	0	0	0	0	0	0	0	0	0	0	0	0	0	0	0	
1	1	1	174	5.22		300	0	0	-3.31023e-06	-3.31023e-06	6.62045e-06	0.0087	0	0	1.80804e-07	1.80804e-07	-3.61608e-07	35.2614	0	0	0.157082	0.140063	0	0.0170194		300	0.00319619	-3.31025e-06	-3.31025e-06	6.62049e-06	0.000285779	0	0	0.00319619	0	-0.355028	-111.796	0	20.391	20.391	-1.5099e-14	5.32541	0	0	0	0	0	0	0	0	0	0	0	0	0	0	0	0	0	0	0	0	0	0	0	0	0	0	0	0	0	0	0	0	0	
1	1	1	175	5.25		300	0	0	-3.41481e-06	-3.41481e-06	6.82961e-06	0.00875	0	0	1.91167e-07	1.91167e-07	-3.82333e-07	35.4331	0	0	0.15885	0.141313	0	0.0175367		300	0.00329334	-3.41483e-06	-3.41483e-06	6.82966e-06	0.000294805	0	0	0.00329334	0	-0.355028	-111.796	0	20.391	20.391	-1.5099e-14	5.32541	0	0	0	0	0	0	0	0	0	0	0	0	0	0	0	0	0	0	0	0	0	0	0	0	0	0	0	0	0	0	0	0	0	
1	1	1	176	5.28		300	0	0	-3.52158e-06	-3.52158e-06	7.04315e-06	0.0088	0	0	2.01778e-07	2.01778e-07	-4.03555e-07	35.604	0	0	0.160626	0.142561	0	0.0180642		300	0.0033924	-3.5216e-06	-3.5216e-06	7.0432e-06	0.00030402	0	0	0.0033924	0	-0.355028	-111.796	0	20.391	20.391	-1.5099e-14	5.32541	0	0	0	0	0	0	0	0	0	0	0	0	0	0	0	0	0	0	0	0	0	0	0	0	0	0	0	0	0	0	0	0	0	
1	1	1	177	5.31		300	0	0	-3.63055e-06	-3.63055e-06	7.2611e-06	0.00885	0	0	2.12637e-07	2.12637e-07	-4.25273e-07	35.7742	0	0	0.16241	0.143808	0	0.018602		300	0.0034934	-3.63057e-06	-3.63057e-06	7.26115e-06	0.000313425	0	0	0.0034934	0	-0.355028	-111.796	0	20.391	20.391	-1.5099e-14	5.32541	0	0	0	0	0	0	0	0	0	0	0	0	0	0	0	0	0	0	0	0	0	0	0	0	0	0	0	0	0	0	0	0	0	
1	1	1	178	5.34		300	0	0	-3.74173e-06	-3.74173e-06	7.48346e-06	0.0089	0	0	2.23743e-07	2.23743e-07	-4.47487e-07	35.9435	0	0	0.164203	0.145053	0	0.0191502		300	0.00359633	-3.74176e-06	-3.74176e-06	7.48352e-06	0.000323021	0	0	0.00359633	0	-0.355028	-111.796	0	20.391	20.391	-1.5099e-14	5.32541	0	0	0	0	0	0	0	0	0	0	0	0	0	0	0	0	0	0	0	0	0	0	0	0	0	0	0	0	0	0	0	0	0	
1	1	1	179	5.37		300	0	0	-3.85514e-06	-3.85514e-06	7.71027e-06	0.00895	0	0	2.35097e-07	2.35097e-07	-4.70193e-07	36.112	0	0	0.166005	0.146296	0	0.0197086		300	0.0037012	-3.85516e-06	-3.85516e-06	7.71033e-06	0.000332808	0	0	0.0037012	0	-0.355028	-111.796	0	20.391	20.391	-1.5099e-14	5.32541	0	0	0	0	0	0	0	0	0	0	0	0	0	0	0	0	0	0	0	0	0	0	0	0	0	0	0	0	0	0	0	0	0	
1	1	1	180	5.4		300	0	0	-3.97077e-06	-3.97077e-06	7.94154e-06	0.009	0	0	2.46696e-07	2.46696e-07	-4.93391e-07	36.2797	0	0	0.167814	0.147537	0	0.0202775		300	0.00380803	-3.9708e-06	-3.9708e-06	7.9416e-06	0.000342787	0	0	0.00380803	0	-0.355028	-111.796	0	20.391	20.391	-1.5099e-14	5.32541	0	0	0	0	0	0	0	0	0	0	0	0	0	0	0	0	0	0	0	0	0	0	0	0	0	0	0	0	0	0	0	0	0	
1	1	1	181	5.43		300	0	0	-4.08865e-06	-4.08865e-06	8.1773e-06	0.00905	0	0	2.58539e-07	2.58539e-07	-5.17078e-07	36.4466	0	0	0.169632	0.148776	0	0.0208568		300	0.00391681	-4.08868e-06	-4.08868e-06	8.17736e-06	0.00035296	0	0	0.00391681	0	-0.355028	-111.796	0	20.391	20.391	-1.5099e-14	5.32541	0	0	0	0	0	0	0	0	0	0	0	0	0	0	0	0	0	0	0	0	0	0	0	0	0	0	0	0	0	0	0	0	0	
1	1	1	182	5.46		300	0	0	-4.20877e-06	-4.20877e-06	8.41754e-06	0.0091	0	0	2.70626e-07	2.70626e-07	-5.41252e-07	36.6127	0	0	0.171459	0.150012	0	0.0214465		300	0.00402755	-4.2088e-06	-4.2088e-06	8.41761e-06	0.000363327	0	0	0.00402755	0	-0.355028	-111.796	0	20.391	20.391	-1.5099e-14	5.32541	0	0	0	0	0	0	0	0	0	0	0	0	0	0	0	0	0	0	0	0	0	0	0	0	0	0	0	0	0	0	0	0	0	
1	1	1	183	5.49		300	0	0	-4.33115e-06	-4.33115e-06	8.66229e-06	0.00915	0	0	2.82954e-07	2.82954e-07	-5.65909e-07	36.778	0	0	0.173294	0.151247	0	0.0220466		300	0.00414024	-4.33118e-06	-4.33118e-06	8.66236e-06	0.000373887	0	0	0.00414024	0	-0.355028	-111.796	0	20.391	20.391	-1.5099e-14	5.32541	0	0	0	0	0	0	0	0	0	0	0	0	0	0	0	0	0	0	0	0	0	0	0	0	0	0	0	0	0	0	0	0	0	
1	1	1	184	5.52		300	0	0	-4.45578e-06	-4.45578e-06	8.91157e-06	0.0092	0	0	2.95523e-07	2.95523e-07	-5.91045e-07	36.9424	0	0	0.175137	0.15248	0	0.0226572		300	0.00425491	-4.45582e-06	-4.45582e-06	8.91164e-06	0.000384643	0	0	0.00425491	0	-0.355028	-111.796	0	20.391	20.391	-1.5099e-14	5.32541	0	0	0	0	0	0	0	0	0	0	0	0	0	0	0	0	0	0	0	0	0	0	0	0	0	0	0	0	0	0	0	0	0	
1	1	1	185	5.55		300	0	0	-4.58269e-06	-4.58269e-06	9.16537e-06	0.00925	0	0	3.08329e-07	3.08329e-07	-6.16658e-07	37.1061	0	0	0.176988	0.15371	0	0.0232783		300	0.00437154	-4.58272e-06	-4.58272e-06	9.16545e-06	0.000395594	0	0	0.00437154	0	-0.355028	-111.796	0	20.391	20.391	-1.5099e-14	5.32541	0	0	0	0	0	0	0	0	0	0	0	0	0	0	0	0	0	0	0	0	0	0	0	0	0	0	0	0	0	0	0	0	0	
1	1	1	186	5.58		300	0	0	-4.71186e-06	-4.71186e-06	9.42372e-06	0.0093	0	0	3.21372e-07	3.21372e-07	-6.42744e-07	37.2689	0	0	0.178847	0.154937	0	0.0239098		300	0.00449014	-4.7119e-06	-4.7119e-06	9.4238e-06	0.000406741	0	0	0.00449014	0	-0.355028	-111.796	0	20.391	20.391	-1.5099e-14	5.32541	0	0	0	0	0	0	0	0	0	0	0	0	0	0	0	0	0	0	0	0	0	0	0	0	0	0	0	0	0	0	0	0	0	
1	1	1	187	5.61		300	0	0	-4.84331e-06	-4.84331e-06	9.68662e-06	0.00935	0	0	3.34648e-07	3.34648e-07	-6.69297e-07	37.4309	0	0	0.180715	0.156163	0	0.0245519		300	0.00461071	-4.84335e-06	-4.84335e-06	9.6867e-06	0.000418085	0	0	0.00461071	0	-0.355028	-111.796	0	20.391	20.391	-1.5099e-14	5.32541	0	0	0	0	0	0	0	0	0	0	0	0	0	0	0	0	0	0	0	0	0	0	0	0	0	0	0	0	0	0	0	0	0	
1	1	1	188	5.64		300	0	0	-4.97703e-06	-4.97703e-06	9.95407e-06	0.0094	0	0	3.48157e-07	3.48157e-07	-6.96313e-07	37.5921	0	0	0.18259	0.157386	0	0.0252044		300	0.00473325	-4.97708e-06	-4.97708e-06	9.95415e-06	0.000429624	0	0	0.00473325	0	-0.355028	-111.796	0	20.391	20.391	-1.5099e-14	5.32541	0	0	0	0	0	0	0	0	0	0	0	0	0	0	0	0	0	0	0	0	0	0	0	0	0	0	0	0	0	0	0	0	0	
1	1	1	189	5.67		300	0	0	-5.11304e-06	-5.11304e-06	1.02261e-05	0.00945	0	0	3.61894e-07	3.61894e-07	-7.23788e-07	37.7524	0	0	0.184474	0.158607	0	0.0258675		300	0.00485776	-5.11309e-06	-5.11309e-06	1.02262e-05	0.000441361	0	0	0.00485776	0	-0.355028	-111.796	0	20.391	20.391	-1.5099e-14	5.32541	0	0	0	0	0	0	0	0	0	0	0	0	0	0	0	0	0	0	0	0	0	0	0	0	0	0	0	0	0	0	0	0	0	
1	1	1	190	5.7		300	0	0	-5.25133e-06	-5.25133e-06	1.05027e-05	0.0095	0	0	3.75858e-07	3.75858e-07	-7.51717e-07	37.912	0	0	0.186366	0.159825	0	0.026541		300	0.00498424	-5.25138e-06	-5.25138e-06	1.05028e-05	0.000453294	0	0	0.00498424	0	-0.355028	-111.796	0	20.391	20.391	-1.5099e-14	5.32541	0	0	0	0	0	0	0	0	0	0	0	0	0	0	0	0	0	0	0	0	0	0	0	0	0	0	0	0	0	0	0	0	0	
1	1	1	191	5.73		300	0	0	-5.39191e-06	-5.39191e-06	1.07838e-05	0.00955	0	0	3.90047e-07	3.90047e-07	-7.80093e-07	38.0707	0	0	0.188265	0.16104	0	0.027225		300	0.00511269	-5.39195e-06	-5.39195e-06	1.07839e-05	0.000465424	0	0	0.00511269	0	-0.355028	-111.796	0	20.391	20.391	-1.5099e-14	5.32541	0	0	0	0	0	0	0	0	0	0	0	0	0	0	0	0	0	0	0	0	0	0	0	0	0	0	0	0	0	0	0	0	0	
1	1	1	192	5.76		300	0	0	-5.53477e-06	-5.53477e-06	1.10695e-05	0.0096	0	0	4.04456e-07	4.04456e-07	-8.08912e-07	38.2285	0	0	0.190173	0.162253	0	0.0279195		300	0.00524311	-5.53482e-06	-5.53482e-06	1.10696e-05	0.000477751	0	0	0.00524311	0	-0.355028	-111.796	0	20.391	20.391	-1.5099e-14	5.32541	0	0	0	0	0	0	0	0	0	0	0	0	0	0	0	0	0	0	0	0	0	0	0	0	0	0	0	0	0	0	0	0	0	
1	1	1	193	5.79		300	0	0	-5.67991e-06	-5.67991e-06	1.13598e-05	0.00965	0	0	4.19084e-07	4.19084e-07	-8.38168e-07	38.3856	0	0	0.192088	0.163464	0	0.0286245		300	0.00537549	-5.67996e-06	-5.67996e-06	1.13599e-05	0.000490275	0	0	0.00537549	0	-0.355028	-111.796	0	20.391	20.391	-1.5099e-14	5.32541	0	0	0	0	0	0	0	0	0	0	0	0	0	0	0	0	0	0	0	0	0	0	0	0	0	0	0	0	0	0	0	0	0	
1	1	1	194	5.82		300	0	0	-5.82734e-06	-5.82734e-06	1.16547e-05	0.0097	0	0	4.33927e-07	4.33927e-07	-8.67854e-07	38.5418	0	0	0.194011	0.164671	0	0.0293399		300	0.00550983	-5.8274e-06	-5.8274e-06	1.16548e-05	0.000502997	0	0	0.00550983	0	-0.355028	-111.796	0	20.391	20.391	-1.5099e-14	5.32541	0	0	0	0	0	0	0	0	0	0	0	0	0	0	0	0	0	0	0	0	0	0	0	0	0	0	0	0	0	0	0	0	0	
1	1	1	195	5.85		300	0	0	-5.97706e-06	-5.97706e-06	1.19541e-05	0.00975	0	0	4.48982e-07	4.48982e-07	-8.97964e-07	38.6972	0	0	0.195942	0.165876	0	0.0300657		300	0.00564614	-5.97711e-06	-5.97711e-06	1.19542e-05	0.000515915	0	0	0.00564614	0	-0.355028	-111.796	0	20.391	20.391	-1.5099e-14	5.32541	0	0	0	0	0	0	0	0	0	0	0	0	0	0	0	0	0	0	0	0	0	0	0	0	0	0	0	0	0	0	0	0	0	
1	1	1	196	5.88		300	0	0	-6.12906e-06	-6.12906e-06	1.22581e-05	0.0098	0	0	4.64246e-07	4.64246e-07	-9.28493e-07	38.8518	0	0	0.197881	0.167079	0	0.030802		300	0.0057844	-6.12911e-06	-6.12911e-06	1.22582e-05	0.00052903	0	0	0.0057844	0	-0.355028	-111.796	0	20.391	20.391	-1.5099e-14	5.32541	0	0	0	0	0	0	0	0	0	0	0	0	0	0	0	0	0	0	0	0	0	0	0	0	0	0	0	0	0	0	0	0	0	
1	1	1	197	5.91		300	0	0	-6.28333e-06	-6.28333e-06	1.25667e-05	0.00985	0	0	4.79717e-07	4.79717e-07	-9.59433e-07	39.0055	0	0	0.199827	0.168279	0	0.0315487		300	0.00592461	-6.28339e-06	-6.28339e-06	1.25668e-05	0.000542342	0	0	0.00592461	0	-0.355028	-111.796	0	20.391	20.391	-1.5099e-14	5.32541	0	0	0	0	0	0	0	0	0	0	0	0	0	0	0	0	0	0	0	0	0	0	0	0	0	0	0	0	0	0	0	0	0	
1	1	1	198	5.94		300	0	0	-6.43989e-06	-6.43989e-06	1.28798e-05	0.0099	0	0	4.95389e-07	4.95389e-07	-9.90778e-07	39.1585	0	0	0.201781	0.169476	0	0.0323057		300	0.00606677	-6.43995e-06	-6.43995e-06	1.28799e-05	0.00055585	0	0	0.00606677	0	-0.355028	-111.796	0	20.391	20.391	-1.5099e-14	5.32541	0	0	0	0	0	0	0	0	0	0	0	0	0	0	0	0	0	0	0	0	0	0	0	0	0	0	0	0	0	0	0	0	0	
1	1	1	199	5.97		300	0	0	-6.59872e-06	-6.59872e-06	1.31974e-05	0.00995	0	0	5.11261e-07	5.11261e-07	-1.02252e-06	39.3106	0	0	0.203743	0.17067	0	0.033073		300	0.00621087	-6.59878e-06	-6.59878e-06	1.31976e-05	0.000569554	0	0	0.00621087	0	-0.355028	-111.796	0	20.391	20.391	-1.5099e-14	5.32541	0	0	0	0	0	0	0	0	0	0	0	0	0	0	0	0	0	0	0	0	0	0	0	0	0	0	0	0	0	0	0	0	0	
1	1	1	200	6		300	0	0	-6.75982e-06	-6.75982e-06	1.35196e-05	0.01	0	0	5.27328e-07	5.27328e-07	-1.05466e-06	39.4618	0	0	0.205712	0.171862	0	0.0338507		300	0.0063569	-6.75988e-06	-6.75988e-06	1.35198e-05	0.000583453	0	0	0.0063569	0	-0.355028	-111.796	0	20.391	20.391	-1.5099e-14	5.32541	0	0	0	0	0	0	0	0	0	0	0	0	0	0	0	0	0	0	0	0	0	0	0	0	0	0	0	0	0	0	0	0	0	
1	1	1	201	6.03		300	0	0	-6.92318e-06	-6.92318e-06	1.38464e-05	0.01005	0	0	5.43588e-07	5.43588e-07	-1.08718e-06	39.6123	0	0	0.207689	0.173051	0	0.0346387		300	0.00650487	-6.92325e-06	-6.92325e-06	1.38465e-05	0.000597548	0	0	0.00650487	0	-0.355028	-111.796	0	20.391	20.391	-1.5099e-14	5.32541	0	0	0	0	0	0	0	0	0	0	0	0	0	0	0	0	0	0	0	0	0	0	0	0	0	0	0	0	0	0	0	0	0	
1	1	1	202	6.06		300	0	0	-7.08881e-06	-7.08881e-06	1.41776e-05	0.0101	0	0	5.60036e-07	5.60036e-07	-1.12007e-06	39.762	0	0	0.209674	0.174237	0	0.0354369		300	0.00665476	-7.08888e-06	-7.08888e-06	1.41778e-05	0.000611838	0	0	0.00665476	0	-0.355028	-111.796	0	20.391	20.391	-1.5099e-14	5.32541	0	0	0	0	0	0	0	0	0	0	0	0	0	0	0	0	0	0	0	0	0	0	0	0	0	0	0	0	0	0	0	0	0	
1	1	1	203	6.09		300	0	0	-7.25669e-06	-7.25669e-06	1.45134e-05	0.01015	0	0	5.76669e-07	5.76669e-07	-1.15334e-06	39.9108	0	0	0.211665	0.17542	0	0.0362453		300	0.00680657	-7.25676e-06	-7.25676e-06	1.45135e-05	0.000626323	0	0	0.00680657	0	-0.355028	-111.796	0	20.391	20.391	-1.5099e-14	5.32541	0	0	0	0	0	0	0	0	0	0	0	0	0	0	0	0	0	0	0	0	0	0	0	0	0	0	0	0	0	0	0	0	0	
1	1	1	204	6.12		300	0	0	-7.42682e-06	-7.42682e-06	1.48536e-05	0.0102	0	0	5.93484e-07	5.93484e-07	-1.18697e-06	40.0588	0	0	0.213665	0.176601	0	0.0370639		300	0.00696029	-7.42689e-06	-7.42689e-06	1.48538e-05	0.000641001	0	0	0.00696029	0	-0.355028	-111.796	0	20.391	20.391	-1.5099e-14	5.32541	0	0	0	0	0	0	0	0	0	0	0	0	0	0	0	0	0	0	0	0	0	0	0	0	0	0	0	0	0	0	0	0	0	
1	1	1	205	6.15		300	0	0	-7.5992e-06	-7.5992e-06	1.51984e-05	0.01025	0	0	6.10476e-07	6.10476e-07	-1.22095e-06	40.206	0	0	0.215671	0.177779	0	0.0378927		300	0.00711592	-7.59927e-06	-7.59927e-06	1.51985e-05	0.000655873	0	0	0.00711592	0	-0.355028	-111.796	0	20.391	20.391	-1.5099e-14	5.32541	0	0	0	0	0	0	0	0	0	0	0	0	0	0	0	0	0	0	0	0	0	0	0	0	0	0	0	0	0	0	0	0	0	
1	1	1	206	6.18		300	0	0	-7.77381e-06	-7.77381e-06	1.55476e-05	0.0103	0	0	6.27643e-07	6.27643e-07	-1.25529e-06	40.3524	0	0	0.217685	0.178954	0	0.0387315		300	0.00727343	-7.77389e-06	-7.77389e-06	1.55478e-05	0.000670938	0	0	0.00727343	0	-0.355028	-111.796	0	20.391	20.391	-1.5099e-14	5.32541	0	0	0	0	0	0	0	0	0	0	0	0	0	0	0	0	0	0	0	0	0	0	0	0	0	0	0	0	0	0	0	0	0	
1	1	1	207	6.21		300	0	0	-7.95065e-06	-7.95065e-06	1.59013e-05	0.01035	0	0	6.4498e-07	6.4498e-07	-1.28996e-06	40.498	0	0	0.219707	0.180126	0	0.0395804		300	0.00743284	-7.95073e-06	-7.95073e-06	1.59015e-05	0.000686194	0	0	0.00743284	0	-0.355028	-111.796	0	20.391	20.391	-1.5099e-14	5.32541	0	0	0	0	0	0	0	0	0	0	0	0	0	0	0	0	0	0	0	0	0	0	0	0	0	0	0	0	0	0	0	0	0	
1	1	1	208	6.24		300	0	0	-8.12972e-06	-8.12972e-06	1.62594e-05	0.0104	0	0	6.62485e-07	6.62485e-07	-1.32497e-06	40.6428	0	0	0.221735	0.181296	0	0.0404393		300	0.00759413	-8.1298e-06	-8.1298e-06	1.62596e-05	0.000701643	0	0	0.00759413	0	-0.355028	-111.796	0	20.391	20.391	-1.5099e-14	5.32541	0	0	0	0	0	0	0	0	0	0	0	0	0	0	0	0	0	0	0	0	0	0	0	0	0	0	0	0	0	0	0	0	0	
1	1	1	209	6.27		300	0	0	-8.311e-06	-8.311e-06	1.6622e-05	0.01045	0	0	6.80152e-07	6.80152e-07	-1.3603e-06	40.7868	0	0	0.223771	0.182463	0	0.0413082		300	0.00775728	-8.31108e-06	-8.31108e-06	1.66222e-05	0.000717282	0	0	0.00775728	0	-0.355028	-111.796	0	20.391	20.391	-1.5099e-14	5.32541	0	0	0	0	0	0	0	0	0	0	0	0	0	0	0	0	0	0	0	0	0	0	0	0	0	0	0	0	0	0	0	0	0	
1	1	1	210	6.3		300	0	0	-8.49448e-06	-8.49448e-06	1.6989e-05	0.0105	0	0	6.97979e-07	6.97979e-07	-1.39596e-06	40.93	0	0	0.225814	0.183627	0	0.0421869		300	0.0079223	-8.49456e-06	-8.49456e-06	1.69891e-05	0.000733111	0	0	0.0079223	0	-0.355028	-111.796	0	20.391	20.391	-1.5099e-14	5.32541	0	0	0	0	0	0	0	0	0	0	0	0	0	0	0	0	0	0	0	0	0	0	0	0	0	0	0	0	0	0	0	0	0	
1	1	1	211	6.33		300	0	0	-8.68016e-06	-8.68016e-06	1.73603e-05	0.01055	0	0	7.15962e-07	7.15962e-07	-1.43192e-06	41.0724	0	0	0.227864	0.184788	0	0.0430756		300	0.00808917	-8.68025e-06	-8.68025e-06	1.73605e-05	0.00074913	0	0	0.00808917	0	-0.355028	-111.796	0	20.391	20.391	-1.5099e-14	5.32541	0	0	0	0	0	0	0	0	0	0	0	0	0	0	0	0	0	0	0	0	0	0	0	0	0	0	0	0	0	0	0	0	0	
1	1	1	212	6.36		300	0	0	-8.86803e-06	-8.86803e-06	1.77361e-05	0.0106	0	0	7.34097e-07	7.34097e-07	-1.46819e-06	41.214	0	0	0.229921	0.185947	0	0.043974		300	0.00825788	-8.86812e-06	-8.86812e-06	1.77362e-05	0.000765337	0	0	0.00825788	0	-0.355028	-111.796	0	20.391	20.391	-1.5099e-14	5.32541	0	0	0	0	0	0	0	0	0	0	0	0	0	0	0	0	0	0	0	0	0	0	0	0	0	0	0	0	0	0	0	0	0	
1	1	1	213	6.39		300	0	0	-9.05808e-06	-9.05808e-06	1.81162e-05	0.01065	0	0	7.52381e-07	7.52381e-07	-1.50476e-06	41.3549	0	0	0.231985	0.187103	0	0.0448822		300	0.00842842	-9.05817e-06	-9.05817e-06	1.81163e-05	0.000781733	0	0	0.00842842	0	-0.355028	-111.796	0	20.391	20.391	-1.5099e-14	5.32541	0	0	0	0	0	0	0	0	0	0	0	0	0	0	0	0	0	0	0	0	0	0	0	0	0	0	0	0	0	0	0	0	0	
1	1	1	214	6.42		300	0	0	-9.25029e-06	-9.25029e-06	1.85006e-05	0.0107	0	0	7.7081e-07	7.7081e-07	-1.54162e-06	41.4949	0	0	0.234056	0.188256	0	0.0458002		300	0.00860079	-9.25039e-06	-9.25039e-06	1.85008e-05	0.000798315	0	0	0.00860079	0	-0.355028	-111.796	0	20.391	20.391	-1.5099e-14	5.32541	0	0	0	0	0	0	0	0	0	0	0	0	0	0	0	0	0	0	0	0	0	0	0	0	0	0	0	0	0	0	0	0	0	
1	1	1	215	6.45		300	0	0	-9.44467e-06	-9.44467e-06	1.88893e-05	0.01075	0	0	7.8938e-07	7.8938e-07	-1.57876e-06	41.6342	0	0	0.236135	0.189407	0	0.0467277		300	0.00877497	-9.44476e-06	-9.44476e-06	1.88895e-05	0.000815083	0	0	0.00877497	0	-0.355028	-111.796	0	20.391	20.391	-1.5099e-14	5.32541	0	0	0	0	0	0	0	0	0	0	0	0	0	0	0	0	0	0	0	0	0	0	0	0	0	0	0	0	0	0	0	0	0	
1	1	1	216	6.48		300	0	0	-9.6412e-06	-9.6412e-06	1.92824e-05	0.0108	0	0	8.08088e-07	8.08088e-07	-1.61618e-06	41.7727	0	0	0.23822	0.190555	0	0.0476649		300	0.00895095	-9.64129e-06	-9.64129e-06	1.92826e-05	0.000832036	0	0	0.00895095	0	-0.355028	-111.796	0	20.391	20.391	-1.5099e-14	5.32541	0	0	0	0	0	0	0	0	0	0	0	0	0	0	0	0	0	0	0	0	0	0	0	0	0	0	0	0	0	0	0	0	0	
1	1	1	217	6.51		300	0	0	-9.83986e-06	-9.83986e-06	1.96797e-05	0.01085	0	0	8.26931e-07	8.26931e-07	-1.65386e-06	41.9104	0	0	0.240312	0.1917	0	0.0486116		300	0.00912873	-9.83996e-06	-9.83996e-06	1.96799e-05	0.000849174	0	0	0.00912873	0	-0.355028	-111.796	0	20.391	20.391	-1.5099e-14	5.32541	0	0	0	0	0	0	0	0	0	0	0	0	0	0	0	0	0	0	0	0	0	0	0	0	0	0	0	0	0	0	0	0	0	
1	1	1	218	6.54		300	0	0	-1.00406e-05	-1.00406e-05	2.00813e-05	0.0109	0	0	8.45904e-07	8.45904e-07	-1.69181e-06	42.0473	0	0	0.242411	0.192843	0	0.0495678		300	0.00930828	-1.00407e-05	-1.00407e-05	2.00815e-05	0.000866495	0	0	0.00930828	0	-0.355028	-111.796	0	20.391	20.391	-1.5099e-14	5.32541	0	0	0	0	0	0	0	0	0	0	0	0	0	0	0	0	0	0	0	0	0	0	0	0	0	0	0	0	0	0	0	0	0	
1	1	1	219	6.57		300	0	0	-1.02436e-05	-1.02436e-05	2.04871e-05	0.01095	0	0	8.65005e-07	8.65005e-07	-1.73001e-06	42.1835	0	0	0.244517	0.193983	0	0.0505334		300	0.0094896	-1.02437e-05	-1.02437e-05	2.04873e-05	0.000883998	0	0	0.0094896	0	-0.355028	-111.796	0	20.391	20.391	-1.5099e-14	5.32541	0	0	0	0	0	0	0	0	0	0	0	0	0	0	0	0	0	0	0	0	0	0	0	0	0	0	0	0	0	0	0	0	0	
1	1	1	220	6.6		300	0	0	-1.04486e-05	-1.04486e-05	2.08971e-05	0.011	0	0	8.8423e-07	8.8423e-07	-1.76846e-06	42.3189	0	0	0.246629	0.195121	0	0.0515084		300	0.00967268	-1.04487e-05	-1.04487e-05	2.08973e-05	0.000901683	0	0	0.00967268	0	-0.355028	-111.796	0	20.391	20.391	-1.5099e-14	5.32541	0	0	0	0	0	0	0	0	0	0	0	0	0	0	0	0	0	0	0	0	0	0	0	0	0	0	0	0	0	0	0	0	0	
1	1	1	221	6.63		300	0	0	-1.06557e-05	-1.06557e-05	2.13113e-05	0.01105	0	0	9.03575e-07	9.03575e-07	-1.80715e-06	42.4536	0	0	0.248749	0.196256	0	0.0524927		300	0.00985751	-1.06558e-05	-1.06558e-05	2.13116e-05	0.000919548	0	0	0.00985751	0	-0.355028	-111.796	0	20.391	20.391	-1.5099e-14	5.32541	0	0	0	0	0	0	0	0	0	0	0	0	0	0	0	0	0	0	0	0	0	0	0	0	0	0	0	0	0	0	0	0	0	
1	1	1	222	6.66		300	0	0	-1.08649e-05	-1.08649e-05	2.17297e-05	0.0111	0	0	9.23038e-07	9.23038e-07	-1.84608e-06	42.5875	0	0	0.250875	0.197388	0	0.0534862		300	0.0100441	-1.0865e-05	-1.0865e-05	2.17299e-05	0.000937592	0	0	0.0100441	0	-0.355028	-111.796	0	20.391	20.391	-1.5099e-14	5.32541	0	0	0	0	0	0	0	0	0	0	0	0	0	0	0	0	0	0	0	0	0	0	0	0	0	0	0	0	0	0	0	0	0	
1	1	1	223	6.69		300	0	0	-1.10761e-05	-1.10761e-05	2.21522e-05	0.01115	0	0	9.42615e-07	9.42615e-07	-1.88523e-06	42.7207	0	0	0.253007	0.198518	0	0.0544889		300	0.0102324	-1.10762e-05	-1.10762e-05	2.21524e-05	0.000955815	0	0	0.0102324	0	-0.355028	-111.796	0	20.391	20.391	-1.5099e-14	5.32541	0	0	0	0	0	0	0	0	0	0	0	0	0	0	0	0	0	0	0	0	0	0	0	0	0	0	0	0	0	0	0	0	0	
1	1	1	224	6.72		300	0	0	-1.12894e-05	-1.12894e-05	2.25788e-05	0.0112	0	0	9.62302e-07	9.62302e-07	-1.9246e-06	42.8531	0	0	0.255147	0.199646	0	0.0555007		300	0.0104224	-1.12895e-05	-1.12895e-05	2.25791e-05	0.000974215	0	0	0.0104224	0	-0.355028	-111.796	0	20.391	20.391	-1.5099e-14	5.32541	0	0	0	0	0	0	0	0	0	0	0	0	0	0	0	0	0	0	0	0	0	0	0	0	0	0	0	0	0	0	0	0	0	
1	1	1	225	6.75		300	0	0	-1.15048e-05	-1.15048e-05	2.30096e-05	0.01125	0	0	9.82098e-07	9.82098e-07	-1.9642e-06	42.9848	0	0	0.257293	0.200771	0	0.0565216		300	0.0106141	-1.15049e-05	-1.15049e-05	2.30098e-05	0.000992792	0	0	0.0106141	0	-0.355028	-111.796	0	20.391	20.391	-1.5099e-14	5.32541	0	0	0	0	0	0	0	0	0	0	0	0	0	0	0	0	0	0	0	0	0	0	0	0	0	0	0	0	0	0	0	0	0	
1	1	1	226	6.78		300	0	0	-1.17222e-05	-1.17222e-05	2.34443e-05	0.0113	0	0	1.002e-06	1.002e-06	-2.00399e-06	43.1158	0	0	0.259445	0.201894	0	0.0575515		300	0.0108074	-1.17223e-05	-1.17223e-05	2.34446e-05	0.00101154	0	0	0.0108074	0	-0.355028	-111.796	0	20.391	20.391	-1.5099e-14	5.32541	0	0	0	0	0	0	0	0	0	0	0	0	0	0	0	0	0	0	0	0	0	0	0	0	0	0	0	0	0	0	0	0	0	
1	1	1	227	6.81		300	0	0	-1.19416e-05	-1.19416e-05	2.38832e-05	0.01135	0	0	1.022e-06	1.022e-06	-2.044e-06	43.246	0	0	0.261604	0.203014	0	0.0585903		300	0.0110025	-1.19417e-05	-1.19417e-05	2.38834e-05	0.00103047	0	0	0.0110025	0	-0.355028	-111.796	0	20.391	20.391	-1.5099e-14	5.32541	0	0	0	0	0	0	0	0	0	0	0	0	0	0	0	0	0	0	0	0	0	0	0	0	0	0	0	0	0	0	0	0	0	
1	1	1	228	6.84		300	0	0	-1.2163e-05	-1.2163e-05	2.4326e-05	0.0114	0	0	1.0421e-06	1.0421e-06	-2.08419e-06	43.3755	0	0	0.26377	0.204132	0	0.0596379		300	0.0111992	-1.21631e-05	-1.21631e-05	2.43262e-05	0.00104957	0	0	0.0111992	0	-0.355028	-111.796	0	20.391	20.391	-1.5099e-14	5.32541	0	0	0	0	0	0	0	0	0	0	0	0	0	0	0	0	0	0	0	0	0	0	0	0	0	0	0	0	0	0	0	0	0	
1	1	1	229	6.87		300	0	0	-1.23864e-05	-1.23864e-05	2.47728e-05	0.01145	0	0	1.06229e-06	1.06229e-06	-2.12458e-06	43.5043	0	0	0.265942	0.205247	0	0.0606944		300	0.0113976	-1.23865e-05	-1.23865e-05	2.47731e-05	0.00106884	0	0	0.0113976	0	-0.355028	-111.796	0	20.391	20.391	-1.5099e-14	5.32541	0	0	0	0	0	0	0	0	0	0	0	0	0	0	0	0	0	0	0	0	0	0	0	0	0	0	0	0	0	0	0	0	0	
1	1	1	230	6.9		300	0	0	-1.26118e-05	-1.26118e-05	2.52236e-05	0.0115	0	0	1.08258e-06	1.08258e-06	-2.16516e-06	43.6323	0	0	0.26812	0.20636	0	0.0617596		300	0.0115976	-1.26119e-05	-1.26119e-05	2.52239e-05	0.00108828	0	0	0.0115976	0	-0.355028	-111.796	0	20.391	20.391	-1.5099e-14	5.32541	0	0	0	0	0	0	0	0	0	0	0	0	0	0	0	0	0	0	0	0	0	0	0	0	0	0	0	0	0	0	0	0	0	
1	1	1	231	6.93		300	0	0	-1.28392e-05	-1.28392e-05	2.56783e-05	0.01155	0	0	1.10296e-06	1.10296e-06	-2.20591e-06	43.7597	0	0	0.270305	0.207471	0	0.0628334		300	0.0117993	-1.28393e-05	-1.28393e-05	2.56786e-05	0.00110789	0	0	0.0117993	0	-0.355028	-111.796	0	20.391	20.391	-1.5099e-14	5.32541	0	0	0	0	0	0	0	0	0	0	0	0	0	0	0	0	0	0	0	0	0	0	0	0	0	0	0	0	0	0	0	0	0	
1	1	1	232	6.96		300	0	0	-1.30685e-05	-1.30685e-05	2.61369e-05	0.0116	0	0	1.12342e-06	1.12342e-06	-2.24684e-06	43.8863	0	0	0.272496	0.20858	0	0.0639159		300	0.0120025	-1.30686e-05	-1.30686e-05	2.61372e-05	0.00112767	0	0	0.0120025	0	-0.355028	-111.796	0	20.391	20.391	-1.5099e-14	5.32541	0	0	0	0	0	0	0	0	0	0	0	0	0	0	0	0	0	0	0	0	0	0	0	0	0	0	0	0	0	0	0	0	0	
1	1	1	233	6.99		300	0	0	-1.32997e-05	-1.32997e-05	2.65995e-05	0.01165	0	0	1.14397e-06	1.14397e-06	-2.28793e-06	44.0123	0	0	0.274693	0.209687	0	0.0650068		300	0.0122074	-1.32999e-05	-1.32999e-05	2.65997e-05	0.00114762	0	0	0.0122074	0	-0.355028	-111.796	0	20.391	20.391	-1.5099e-14	5.32541	0	0	0	0	0	0	0	0	0	0	0	0	0	0	0	0	0	0	0	0	0	0	0	0	0	0	0	0	0	0	0	0	0	
1	1	1	234	7.02		300	0	0	-1.35329e-05	-1.35329e-05	2.70658e-05	0.0117	0	0	1.16459e-06	1.16459e-06	-2.32919e-06	44.1375	0	0	0.276897	0.210791	0	0.0661063		300	0.0124138	-1.35331e-05	-1.35331e-05	2.70661e-05	0.00116773	0	0	0.0124138	0	-0.355028	-111.796	0	20.391	20.391	-1.5099e-14	5.32541	0	0	0	0	0	0	0	0	0	0	0	0	0	0	0	0	0	0	0	0	0	0	0	0	0	0	0	0	0	0	0	0	0	
1	1	1	235	7.05		300	0	0	-1.3768e-05	-1.3768e-05	2.7536e-05	0.01175	0	0	1.1853e-06	1.1853e-06	-2.3706e-06	44.2621	0	0	0.279107	0.211893	0	0.0672141		300	0.0126219	-1.37682e-05	-1.37682e-05	2.75363e-05	0.00118801	0	0	0.0126219	0	-0.355028	-111.796	0	20.391	20.391	-1.5099e-14	5.32541	0	0	0	0	0	0	0	0	0	0	0	0	0	0	0	0	0	0	0	0	0	0	0	0	0	0	0	0	0	0	0	0	0	
1	1	1	236	7.08		300	0	0	-1.4005e-05	-1.4005e-05	2.801e-05	0.0118	0	0	1.20608e-06	1.20608e-06	-2.41217e-06	44.3859	0	0	0.281323	0.212993	0	0.0683303		300	0.0128315	-1.40052e-05	-1.40052e-05	2.80103e-05	0.00120845	0	0	0.0128315	0	-0.355028	-111.796	0	20.391	20.391	-1.5099e-14	5.32541	0	0	0	0	0	0	0	0	0	0	0	0	0	0	0	0	0	0	0	0	0	0	0	0	0	0	0	0	0	0	0	0	0	
1	1	1	237	7.11		300	0	0	-1.42439e-05	-1.42439e-05	2.84878e-05	0.01185	0	0	1.22694e-06	1.22694e-06	-2.45388e-06	44.5091	0	0	0.283546	0.214091	0	0.0694547		300	0.0130426	-1.4244e-05	-1.4244e-05	2.84881e-05	0.00122905	0	0	0.0130426	0	-0.355028	-111.796	0	20.391	20.391	-1.5099e-14	5.32541	0	0	0	0	0	0	0	0	0	0	0	0	0	0	0	0	0	0	0	0	0	0	0	0	0	0	0	0	0	0	0	0	0	
1	1	1	238	7.14		300	0	0	-1.44847e-05	-1.44847e-05	2.89693e-05	0.0119	0	0	1.24787e-06	1.24787e-06	-2.49574e-06	44.6316	0	0	0.285774	0.215187	0	0.0705874		300	0.0132553	-1.44848e-05	-1.44848e-05	2.89696e-05	0.00124982	0	0	0.0132553	0	-0.355028	-111.796	0	20.391	20.391	-1.5099e-14	5.32541	0	0	0	0	0	0	0	0	0	0	0	0	0	0	0	0	0	0	0	0	0	0	0	0	0	0	0	0	0	0	0	0	0	
1	1	1	239	7.17		300	0	0	-1.47273e-05	-1.47273e-05	2.94546e-05	0.01195	0	0	1.26886e-06	1.26886e-06	-2.53773e-06	44.7535	0	0	0.288009	0.216281	0	0.0717281		300	0.0134695	-1.47274e-05	-1.47274e-05	2.94549e-05	0.00127074	0	0	0.0134695	0	-0.355028	-111.796	0	20.391	20.391	-1.5099e-14	5.32541	0	0	0	0	0	0	0	0	0	0	0	0	0	0	0	0	0	0	0	0	0	0	0	0	0	0	0	0	0	0	0	0	0	
1	1	1	240	7.2		300	0	0	-1.49718e-05	-1.49718e-05	2.99435e-05	0.012	0	0	1.28993e-06	1.28993e-06	-2.57986e-06	44.8747	0	0	0.29025	0.217373	0	0.0728769		300	0.0136852	-1.49719e-05	-1.49719e-05	2.99438e-05	0.00129183	0	0	0.0136852	0	-0.355028	-111.796	0	20.391	20.391	-1.5099e-14	5.32541	0	0	0	0	0	0	0	0	0	0	0	0	0	0	0	0	0	0	0	0	0	0	0	0	0	0	0	0	0	0	0	0	0	
1	1	1	241	7.23		300	0	0	-1.52181e-05	-1.52181e-05	3.04361e-05	0.01205	0	0	1.31105e-06	1.31105e-06	-2.62211e-06	44.9952	0	0	0.292496	0.218463	0	0.0740338		300	0.0139024	-1.52182e-05	-1.52182e-05	3.04364e-05	0.00131307	0	0	0.0139024	0	-0.355028	-111.796	0	20.391	20.391	-1.5099e-14	5.32541	0	0	0	0	0	0	0	0	0	0	0	0	0	0	0	0	0	0	0	0	0	0	0	0	0	0	0	0	0	0	0	0	0	
1	1	1	242	7.26		300	0	0	-1.54662e-05	-1.54662e-05	3.09323e-05	0.0121	0	0	1.33224e-06	1.33224e-06	-2.66448e-06	45.115	0	0	0.294749	0.219551	0	0.0751985		300	0.0141211	-1.54663e-05	-1.54663e-05	3.09327e-05	0.00133447	0	0	0.0141211	0	-0.355028	-111.796	0	20.391	20.391	-1.5099e-14	5.32541	0	0	0	0	0	0	0	0	0	0	0	0	0	0	0	0	0	0	0	0	0	0	0	0	0	0	0	0	0	0	0	0	0	
1	1	1	243	7.29		300	0	0	-1.57161e-05	-1.57161e-05	3.14322e-05	0.01215	0	0	1.35349e-06	1.35349e-06	-2.70698e-06	45.2342	0	0	0.297008	0.220637	0	0.0763711		300	0.0143413	-1.57163e-05	-1.57163e-05	3.14325e-05	0.00135603	0	0	0.0143413	0	-0.355028	-111.796	0	20.391	20.391	-1.5099e-14	5.32541	0	0	0	0	0	0	0	0	0	0	0	0	0	0	0	0	0	0	0	0	0	0	0	0	0	0	0	0	0	0	0	0	0	
1	1	1	244	7.32		300	0	0	-1.59678e-05	-1.59678e-05	3.19356e-05	0.0122	0	0	1.3748e-06	1.3748e-06	-2.74959e-06	45.3528	0	0	0.299273	0.221721	0	0.0775515		300	0.014563	-1.5968e-05	-1.5968e-05	3.1936e-05	0.00137773	0	0	0.014563	0	-0.355028	-111.796	0	20.391	20.391	-1.5099e-14	5.32541	0	0	0	0	0	0	0	0	0	0	0	0	0	0	0	0	0	0	0	0	0	0	0	0	0	0	0	0	0	0	0	0	0	
1	1	1	245	7.35		300	0	0	-1.62213e-05	-1.62213e-05	3.24426e-05	0.01225	0	0	1.39616e-06	1.39616e-06	-2.79231e-06	45.4707	0	0	0.301543	0.222803	0	0.0787397		300	0.0147861	-1.62215e-05	-1.62215e-05	3.24429e-05	0.0013996	0	0	0.0147861	0	-0.355028	-111.796	0	20.391	20.391	-1.5099e-14	5.32541	0	0	0	0	0	0	0	0	0	0	0	0	0	0	0	0	0	0	0	0	0	0	0	0	0	0	0	0	0	0	0	0	0	
1	1	1	246	7.38		300	0	0	-1.64766e-05	-1.64766e-05	3.29531e-05	0.0123	0	0	1.41757e-06	1.41757e-06	-2.83514e-06	45.588	0	0	0.30382	0.223884	0	0.0799355		300	0.0150106	-1.64767e-05	-1.64767e-05	3.29535e-05	0.00142161	0	0	0.0150106	0	-0.355028	-111.796	0	20.391	20.391	-1.5099e-14	5.32541	0	0	0	0	0	0	0	0	0	0	0	0	0	0	0	0	0	0	0	0	0	0	0	0	0	0	0	0	0	0	0	0	0	
1	1	1	247	7.41		300	0	0	-1.67336e-05	-1.67336e-05	3.34671e-05	0.01235	0	0	1.43903e-06	1.43903e-06	-2.87807e-06	45.7046	0	0	0.306102	0.224963	0	0.0811388		300	0.0152366	-1.67337e-05	-1.67337e-05	3.34675e-05	0.00144378	0	0	0.0152366	0	-0.355028	-111.796	0	20.391	20.391	-1.5099e-14	5.32541	0	0	0	0	0	0	0	0	0	0	0	0	0	0	0	0	0	0	0	0	0	0	0	0	0	0	0	0	0	0	0	0	0	
1	1	1	248	7.44		300	0	0	-1.69923e-05	-1.69923e-05	3.39846e-05	0.0124	0	0	1.46055e-06	1.46055e-06	-2.9211e-06	45.8206	0	0	0.30839	0.22604	0	0.0823498		300	0.0154639	-1.69925e-05	-1.69925e-05	3.3985e-05	0.00146609	0	0	0.0154639	0	-0.355028	-111.796	0	20.391	20.391	-1.5099e-14	5.32541	0	0	0	0	0	0	0	0	0	0	0	0	0	0	0	0	0	0	0	0	0	0	0	0	0	0	0	0	0	0	0	0	0	
1	1	1	249	7.47		300	0	0	-1.72528e-05	-1.72528e-05	3.45055e-05	0.01245	0	0	1.48211e-06	1.48211e-06	-2.96422e-06	45.936	0	0	0.310684	0.227116	0	0.0835681		300	0.0156927	-1.7253e-05	-1.7253e-05	3.45059e-05	0.00148855	0	0	0.0156927	0	-0.355028	-111.796	0	20.391	20.391	-1.5099e-14	5.32541	0	0	0	0	0	0	0	0	0	0	0	0	0	0	0	0	0	0	0	0	0	0	0	0	0	0	0	0	0	0	0	0	0	
1	1	1	250	7.5		300	0	0	-1.75149e-05	-1.75149e-05	3.50299e-05	0.0125	0	0	1.50372e-06	1.50372e-06	-3.00744e-06	46.0508	0	0	0.312984	0.22819	0	0.0847939		300	0.0159229	-1.75151e-05	-1.75151e-05	3.50303e-05	0.00151117	0	0	0.0159229	0	-0.355028	-111.796	0	20.391	20.391	-1.5099e-14	5.32541	0	0	0	0	0	0	0	0	0	0	0	0	0	0	0	0	0	0	0	0	0	0	0	0	0	0	0	0	0	0	0	0	0	
1	1	1	251	7.53		300	0	0	-1.77788e-05	-1.77788e-05	3.55576e-05	0.01255	0	0	1.52537e-06	1.52537e-06	-3.05074e-06	46.165	0	0	0.315289	0.229262	0	0.086027		300	0.0161544	-1.7779e-05	-1.7779e-05	3.5558e-05	0.00153392	0	0	0.0161544	0	-0.355028	-111.796	0	20.391	20.391	-1.5099e-14	5.32541	0	0	0	0	0	0	0	0	0	0	0	0	0	0	0	0	0	0	0	0	0	0	0	0	0	0	0	0	0	0	0	0	0	
1	1	1	252	7.56		300	0	0	-1.80444e-05	-1.80444e-05	3.60887e-05	0.0126	0	0	1.54706e-06	1.54706e-06	-3.09413e-06	46.2786	0	0	0.3176	0.230333	0	0.0872674		300	0.0163873	-1.80445e-05	-1.80445e-05	3.60891e-05	0.00155682	0	0	0.0163873	0	-0.355028	-111.796	0	20.391	20.391	-1.5099e-14	5.32541	0	0	0	0	0	0	0	0	0	0	0	0	0	0	0	0	0	0	0	0	0	0	0	0	0	0	0	0	0	0	0	0	0	
1	1	1	253	7.59		300	0	0	-1.83116e-05	-1.83116e-05	3.66232e-05	0.01265	0	0	1.5688e-06	1.5688e-06	-3.13759e-06	46.3915	0	0	0.319917	0.231402	0	0.088515		300	0.0166216	-1.83118e-05	-1.83118e-05	3.66235e-05	0.00157987	0	0	0.0166216	0	-0.355028	-111.796	0	20.391	20.391	-1.5099e-14	5.32541	0	0	0	0	0	0	0	0	0	0	0	0	0	0	0	0	0	0	0	0	0	0	0	0	0	0	0	0	0	0	0	0	0	
1	1	1	254	7.62		300	0	0	-1.85805e-05	-1.85805e-05	3.71609e-05	0.0127	0	0	1.59057e-06	1.59057e-06	-3.18114e-06	46.5039	0	0	0.322239	0.23247	0	0.0897697		300	0.0168572	-1.85806e-05	-1.85806e-05	3.71613e-05	0.00160306	0	0	0.0168572	0	-0.355028	-111.796	0	20.391	20.391	-1.5099e-14	5.32541	0	0	0	0	0	0	0	0	0	0	0	0	0	0	0	0	0	0	0	0	0	0	0	0	0	0	0	0	0	0	0	0	0	
1	1	1	255	7.65		300	0	0	-1.8851e-05	-1.8851e-05	3.77019e-05	0.01275	0	0	1.61238e-06	1.61238e-06	-3.22476e-06	46.6157	0	0	0.324567	0.233536	0	0.0910315		300	0.0170941	-1.88512e-05	-1.88512e-05	3.77023e-05	0.00162638	0	0	0.0170941	0	-0.355028	-111.796	0	20.391	20.391	-1.5099e-14	5.32541	0	0	0	0	0	0	0	0	0	0	0	0	0	0	0	0	0	0	0	0	0	0	0	0	0	0	0	0	0	0	0	0	0	
1	1	1	256	7.68		300	0	0	-1.91231e-05	-1.91231e-05	3.82462e-05	0.0128	0	0	1.63423e-06	1.63423e-06	-3.26845e-06	46.7268	0	0	0.326901	0.234601	0	0.0923003		300	0.0173324	-1.91233e-05	-1.91233e-05	3.82466e-05	0.00164985	0	0	0.0173324	0	-0.355028	-111.796	0	20.391	20.391	-1.5099e-14	5.32541	0	0	0	0	0	0	0	0	0	0	0	0	0	0	0	0	0	0	0	0	0	0	0	0	0	0	0	0	0	0	0	0	0	
1	1	1	257	7.71		300	0	0	-1.93969e-05	-1.93969e-05	3.87937e-05	0.01285	0	0	1.65611e-06	1.65611e-06	-3.31221e-06	46.8374	0	0	0.32924	0.235664	0	0.093576		300	0.0175719	-1.93971e-05	-1.93971e-05	3.87941e-05	0.00167346	0	0	0.0175719	0	-0.355028	-111.796	0	20.391	20.391	-1.5099e-14	5.32541	0	0	0	0	0	0	0	0	0	0	0	0	0	0	0	0	0	0	0	0	0	0	0	0	0	0	0	0	0	0	0	0	0	
1	1	1	258	7.74		300	0	0	-1.96722e-05	-1.96722e-05	3.93444e-05	0.0129	0	0	1.67802e-06	1.67802e-06	-3.35604e-06	46.9475	0	0	0.331585	0.236726	0	0.0948586		300	0.0178128	-1.96724e-05	-1.96724e-05	3.93448e-05	0.00169721	0	0	0.0178128	0	-0.355028	-111.796	0	20.391	20.391	-1.5099e-14	5.32541	0	0	0	0	0	0	0	0	0	0	0	0	0	0	0	0	0	0	0	0	0	0	0	0	0	0	0	0	0	0	0	0	0	
1	1	1	259	7.77		300	0	0	-1.99491e-05	-1.99491e-05	3.98983e-05	0.01295	0	0	1.69996e-06	1.69996e-06	-3.39993e-06	47.0569	0	0	0.333935	0.237787	0	0.0961481		300	0.0180549	-1.99494e-05	-1.99494e-05	3.98987e-05	0.00172109	0	0	0.0180549	0	-0.355028	-111.796	0	20.391	20.391	-1.5099e-14	5.32541	0	0	0	0	0	0	0	0	0	0	0	0	0	0	0	0	0	0	0	0	0	0	0	0	0	0	0	0	0	0	0	0	0	
1	1	1	260	7.8		300	0	0	-2.02277e-05	-2.02277e-05	4.04553e-05	0.013	0	0	1.72194e-06	1.72194e-06	-3.44388e-06	47.1658	0	0	0.33629	0.238846	0	0.0974443		300	0.0182983	-2.02279e-05	-2.02279e-05	4.04557e-05	0.00174511	0	0	0.0182983	0	-0.355028	-111.796	0	20.391	20.391	-1.5099e-14	5.32541	0	0	0	0	0	0	0	0	0	0	0	0	0	0	0	0	0	0	0	0	0	0	0	0	0	0	0	0	0	0	0	0	0	
1	1	1	261	7.83		300	0	0	-2.05077e-05	-2.05077e-05	4.10155e-05	0.01305	0	0	1.74394e-06	1.74394e-06	-3.48789e-06	47.2741	0	0	0.338651	0.239904	0	0.0987472		300	0.0185429	-2.05079e-05	-2.05079e-05	4.10159e-05	0.00176926	0	0	0.0185429	0	-0.355028	-111.796	0	20.391	20.391	-1.5099e-14	5.32541	0	0	0	0	0	0	0	0	0	0	0	0	0	0	0	0	0	0	0	0	0	0	0	0	0	0	0	0	0	0	0	0	0	
1	1	1	262	7.86		300	0	0	-2.07894e-05	-2.07894e-05	4.15787e-05	0.0131	0	0	1.76597e-06	1.76597e-06	-3.53195e-06	47.3819	0	0	0.341018	0.240961	0	0.100057		300	0.0187888	-2.07896e-05	-2.07896e-05	4.15791e-05	0.00179355	0	0	0.0187888	0	-0.355028	-111.796	0	20.391	20.391	-1.5099e-14	5.32541	0	0	0	0	0	0	0	0	0	0	0	0	0	0	0	0	0	0	0	0	0	0	0	0	0	0	0	0	0	0	0	0	0	
1	1	1	263	7.89		300	0	0	-2.10725e-05	-2.10725e-05	4.2145e-05	0.01315	0	0	1.78803e-06	1.78803e-06	-3.57606e-06	47.4891	0	0	0.343389	0.242017	0	0.101373		300	0.0190359	-2.10727e-05	-2.10727e-05	4.21455e-05	0.00181797	0	0	0.0190359	0	-0.355028	-111.796	0	20.391	20.391	-1.5099e-14	5.32541	0	0	0	0	0	0	0	0	0	0	0	0	0	0	0	0	0	0	0	0	0	0	0	0	0	0	0	0	0	0	0	0	0	
1	1	1	264	7.92		300	0	0	-2.13572e-05	-2.13572e-05	4.27144e-05	0.0132	0	0	1.81011e-06	1.81011e-06	-3.62023e-06	47.5957	0	0	0.345766	0.243071	0	0.102695		300	0.0192843	-2.13574e-05	-2.13574e-05	4.27148e-05	0.00184251	0	0	0.0192843	0	-0.355028	-111.796	0	20.391	20.391	-1.5099e-14	5.32541	0	0	0	0	0	0	0	0	0	0	0	0	0	0	0	0	0	0	0	0	0	0	0	0	0	0	0	0	0	0	0	0	0	
1	1	1	265	7.95		300	0	0	-2.16434e-05	-2.16434e-05	4.32868e-05	0.01325	0	0	1.83222e-06	1.83222e-06	-3.66444e-06	47.7018	0	0	0.348149	0.244124	0	0.104025		300	0.0195338	-2.16436e-05	-2.16436e-05	4.32872e-05	0.00186719	0	0	0.0195338	0	-0.355028	-111.796	0	20.391	20.391	-1.5099e-14	5.32541	0	0	0	0	0	0	0	0	0	0	0	0	0	0	0	0	0	0	0	0	0	0	0	0	0	0	0	0	0	0	0	0	0	
1	1	1	266	7.98		300	0	0	-2.19311e-05	-2.19311e-05	4.38621e-05	0.0133	0	0	1.85435e-06	1.85435e-06	-3.70869e-06	47.8074	0	0	0.350537	0.245177	0	0.10536		300	0.0197846	-2.19313e-05	-2.19313e-05	4.38626e-05	0.001892	0	0	0.0197846	0	-0.355028	-111.796	0	20.391	20.391	-1.5099e-14	5.32541	0	0	0	0	0	0	0	0	0	0	0	0	0	0	0	0	0	0	0	0	0	0	0	0	0	0	0	0	0	0	0	0	0	
1	1	1	267	8.01		300	0	0	-2.22202e-05	-2.22202e-05	4.44405e-05	0.01335	0	0	1.8765e-06	1.8765e-06	-3.753e-06	47.9124	0	0	0.35293	0.246228	0	0.106702		300	0.0200366	-2.22205e-05	-2.22205e-05	4.44409e-05	0.00191694	0	0	0.0200366	0	-0.355028	-111.796	0	20.391	20.391	-1.5099e-14	5.32541	0	0	0	0	0	0	0	0	0	0	0	0	0	0	0	0	0	0	0	0	0	0	0	0	0	0	0	0	0	0	0	0	0	
1	1	1	268	8.04		300	0	0	-2.25109e-05	-2.25109e-05	4.50217e-05	0.0134	0	0	1.89867e-06	1.89867e-06	-3.79734e-06	48.0169	0	0	0.355328	0.247278	0	0.10805		300	0.0202897	-2.25111e-05	-2.25111e-05	4.50222e-05	0.001942	0	0	0.0202897	0	-0.355028	-111.796	0	20.391	20.391	-1.5099e-14	5.32541	0	0	0	0	0	0	0	0	0	0	0	0	0	0	0	0	0	0	0	0	0	0	0	0	0	0	0	0	0	0	0	0	0	
1	1	1	269	8.07		300	0	0	-2.2803e-05	-2.2803e-05	4.56059e-05	0.01345	0	0	1.92086e-06	1.92086e-06	-3.84172e-06	48.1209	0	0	0.357731	0.248327	0	0.109404		300	0.020544	-2.28032e-05	-2.28032e-05	4.56064e-05	0.00196719	0	0	0.020544	0	-0.355028	-111.796	0	20.391	20.391	-1.5099e-14	5.32541	0	0	0	0	0	0	0	0	0	0	0	0	0	0	0	0	0	0	0	0	0	0	0	0	0	0	0	0	0	0	0	0	0	
1	1	1	270	8.1		300	0	0	-2.30965e-05	-2.30965e-05	4.6193e-05	0.0135	0	0	1.94307e-06	1.94307e-06	-3.88613e-06	48.2244	0	0	0.36014	0.249375	0	0.110765		300	0.0207994	-2.30967e-05	-2.30967e-05	4.61935e-05	0.0019925	0	0	0.0207994	0	-0.355028	-111.796	0	20.391	20.391	-1.5099e-14	5.32541	0	0	0	0	0	0	0	0	0	0	0	0	0	0	0	0	0	0	0	0	0	0	0	0	0	0	0	0	0	0	0	0	0	
1	1	1	271	8.13		300	0	0	-2.33915e-05	-2.33915e-05	4.6783e-05	0.01355	0	0	1.96529e-06	1.96529e-06	-3.93059e-06	48.3273	0	0	0.362554	0.250423	0	0.112131		300	0.021056	-2.33917e-05	-2.33917e-05	4.67834e-05	0.00201794	0	0	0.021056	0	-0.355028	-111.796	0	20.391	20.391	-1.5099e-14	5.32541	0	0	0	0	0	0	0	0	0	0	0	0	0	0	0	0	0	0	0	0	0	0	0	0	0	0	0	0	0	0	0	0	0	
1	1	1	272	8.16		300	0	0	-2.36879e-05	-2.36879e-05	4.73757e-05	0.0136	0	0	1.98754e-06	1.98754e-06	-3.97507e-06	48.4297	0	0	0.364973	0.251469	0	0.113504		300	0.0213138	-2.36881e-05	-2.36881e-05	4.73762e-05	0.0020435	0	0	0.0213138	0	-0.355028	-111.796	0	20.391	20.391	-1.5099e-14	5.32541	0	0	0	0	0	0	0	0	0	0	0	0	0	0	0	0	0	0	0	0	0	0	0	0	0	0	0	0	0	0	0	0	0	
1	1	1	273	8.19		300	0	0	-2.39857e-05	-2.39857e-05	4.79713e-05	0.01365	0	0	2.0098e-06	2.0098e-06	-4.01959e-06	48.5317	0	0	0.367397	0.252514	0	0.114882		300	0.0215726	-2.39859e-05	-2.39859e-05	4.79718e-05	0.00206918	0	0	0.0215726	0	-0.355028	-111.796	0	20.391	20.391	-1.5099e-14	5.32541	0	0	0	0	0	0	0	0	0	0	0	0	0	0	0	0	0	0	0	0	0	0	0	0	0	0	0	0	0	0	0	0	0	
1	1	1	274	8.22		300	0	0	-2.42849e-05	-2.42849e-05	4.85697e-05	0.0137	0	0	2.03207e-06	2.03207e-06	-4.06414e-06	48.6331	0	0	0.369826	0.253559	0	0.116267		300	0.0218326	-2.42851e-05	-2.42851e-05	4.85702e-05	0.00209498	0	0	0.0218326	0	-0.355028	-111.796	0	20.391	20.391	-1.5099e-14	5.32541	0	0	0	0	0	0	0	0	0	0	0	0	0	0	0	0	0	0	0	0	0	0	0	0	0	0	0	0	0	0	0	0	0	
1	1	1	275	8.25		300	0	0	-2.45855e-05	-2.45855e-05	4.91709e-05	0.01375	0	0	2.05436e-06	2.05436e-06	-4.10871e-06	48.734	0	0	0.37226	0.254603	0	0.117657		300	0.0220936	-2.45857e-05	-2.45857e-05	4.91714e-05	0.0021209	0	0	0.0220936	0	-0.355028	-111.796	0	20.391	20.391	-1.5099e-14	5.32541	0	0	0	0	0	0	0	0	0	0	0	0	0	0	0	0	0	0	0	0	0	0	0	0	0	0	0	0	0	0	0	0	0	
1	1	1	276	8.28		300	0	0	-2.48874e-05	-2.48874e-05	4.97748e-05	0.0138	0	0	2.07666e-06	2.07666e-06	-4.15331e-06	48.8344	0	0	0.374699	0.255646	0	0.119053		300	0.0223558	-2.48877e-05	-2.48877e-05	4.97753e-05	0.00214694	0	0	0.0223558	0	-0.355028	-111.796	0	20.391	20.391	-1.5099e-14	5.32541	0	0	0	0	0	0	0	0	0	0	0	0	0	0	0	0	0	0	0	0	0	0	0	0	0	0	0	0	0	0	0	0	0	
1	1	1	277	8.31		300	0	0	-2.51907e-05	-2.51907e-05	5.03815e-05	0.01385	0	0	2.09897e-06	2.09897e-06	-4.19794e-06	48.9343	0	0	0.377143	0.256688	0	0.120455		300	0.0226191	-2.5191e-05	-2.5191e-05	5.0382e-05	0.00217309	0	0	0.0226191	0	-0.355028	-111.796	0	20.391	20.391	-1.5099e-14	5.32541	0	0	0	0	0	0	0	0	0	0	0	0	0	0	0	0	0	0	0	0	0	0	0	0	0	0	0	0	0	0	0	0	0	
1	1	1	278	8.34		300	0	0	-2.54954e-05	-2.54954e-05	5.09908e-05	0.0139	0	0	2.12129e-06	2.12129e-06	-4.24259e-06	49.0338	0	0	0.379593	0.25773	0	0.121863		300	0.0228834	-2.54957e-05	-2.54957e-05	5.09913e-05	0.00219936	0	0	0.0228834	0	-0.355028	-111.796	0	20.391	20.391	-1.5099e-14	5.32541	0	0	0	0	0	0	0	0	0	0	0	0	0	0	0	0	0	0	0	0	0	0	0	0	0	0	0	0	0	0	0	0	0	
1	1	1	279	8.37		300	0	0	-2.58014e-05	-2.58014e-05	5.16028e-05	0.01395	0	0	2.14363e-06	2.14363e-06	-4.28726e-06	49.1327	0	0	0.382047	0.25877	0	0.123276		300	0.0231488	-2.58017e-05	-2.58017e-05	5.16033e-05	0.00222575	0	0	0.0231488	0	-0.355028	-111.796	0	20.391	20.391	-1.5099e-14	5.32541	0	0	0	0	0	0	0	0	0	0	0	0	0	0	0	0	0	0	0	0	0	0	0	0	0	0	0	0	0	0	0	0	0	
1	1	1	280	8.4		300	0	0	-2.61087e-05	-2.61087e-05	5.22175e-05	0.014	0	0	2.16598e-06	2.16598e-06	-4.33195e-06	49.2312	0	0	0.384506	0.259811	0	0.124695		300	0.0234152	-2.6109e-05	-2.6109e-05	5.2218e-05	0.00225225	0	0	0.0234152	0	-0.355028	-111.796	0	20.391	20.391	-1.5099e-14	5.32541	0	0	0	0	0	0	0	0	0	0	0	0	0	0	0	0	0	0	0	0	0	0	0	0	0	0	0	0	0	0	0	0	0	
1	1	1	281	8.43		300	0	0	-2.64174e-05	-2.64174e-05	5.28347e-05	0.01405	0	0	2.18833e-06	2.18833e-06	-4.37666e-06	49.3292	0	0	0.38697	0.26085	0	0.12612		300	0.0236827	-2.64176e-05	-2.64176e-05	5.28353e-05	0.00227886	0	0	0.0236827	0	-0.355028	-111.796	0	20.391	20.391	-1.5099e-14	5.32541	0	0	0	0	0	0	0	0	0	0	0	0	0	0	0	0	0	0	0	0	0	0	0	0	0	0	0	0	0	0	0	0	0	
1	1	1	282	8.46		300	0	0	-2.67273e-05	-2.67273e-05	5.34546e-05	0.0141	0	0	2.2107e-06	2.2107e-06	-4.42139e-06	49.4267	0	0	0.389439	0.261889	0	0.12755		300	0.0239512	-2.67276e-05	-2.67276e-05	5.34552e-05	0.00230559	0	0	0.0239512	0	-0.355028	-111.796	0	20.391	20.391	-1.5099e-14	5.32541	0	0	0	0	0	0	0	0	0	0	0	0	0	0	0	0	0	0	0	0	0	0	0	0	0	0	0	0	0	0	0	0	0	
1	1	1	283	8.49		300	0	0	-2.70386e-05	-2.70386e-05	5.40771e-05	0.01415	0	0	2.23307e-06	2.23307e-06	-4.46613e-06	49.5238	0	0	0.391913	0.262927	0	0.128985		300	0.0242207	-2.70388e-05	-2.70388e-05	5.40777e-05	0.00233243	0	0	0.0242207	0	-0.355028	-111.796	0	20.391	20.391	-1.5099e-14	5.32541	0	0	0	0	0	0	0	0	0	0	0	0	0	0	0	0	0	0	0	0	0	0	0	0	0	0	0	0	0	0	0	0	0	
1	1	1	284	8.52		300	0	0	-2.73511e-05	-2.73511e-05	5.47022e-05	0.0142	0	0	2.25545e-06	2.25545e-06	-4.51089e-06	49.6204	0	0	0.394391	0.263965	0	0.130426		300	0.0244912	-2.73513e-05	-2.73513e-05	5.47027e-05	0.00235938	0	0	0.0244912	0	-0.355028	-111.796	0	20.391	20.391	-1.5099e-14	5.32541	0	0	0	0	0	0	0	0	0	0	0	0	0	0	0	0	0	0	0	0	0	0	0	0	0	0	0	0	0	0	0	0	0	
1	1	1	285	8.55		300	0	0	-2.76649e-05	-2.76649e-05	5.53297e-05	0.01425	0	0	2.27783e-06	2.27783e-06	-4.55567e-06	49.7166	0	0	0.396875	0.265002	0	0.131872		300	0.0247628	-2.76651e-05	-2.76651e-05	5.53303e-05	0.00238643	0	0	0.0247628	0	-0.355028	-111.796	0	20.391	20.391	-1.5099e-14	5.32541	0	0	0	0	0	0	0	0	0	0	0	0	0	0	0	0	0	0	0	0	0	0	0	0	0	0	0	0	0	0	0	0	0	
1	1	1	286	8.58		300	0	0	-2.79799e-05	-2.79799e-05	5.59598e-05	0.0143	0	0	2.30023e-06	2.30023e-06	-4.60045e-06	49.8123	0	0	0.399363	0.266039	0	0.133324		300	0.0250353	-2.79802e-05	-2.79802e-05	5.59604e-05	0.0024136	0	0	0.0250353	0	-0.355028	-111.796	0	20.391	20.391	-1.5099e-14	5.32541	0	0	0	0	0	0	0	0	0	0	0	0	0	0	0	0	0	0	0	0	0	0	0	0	0	0	0	0	0	0	0	0	0	
1	1	1	287	8.61		300	0	0	-2.82962e-05	-2.82962e-05	5.65924e-05	0.01435	0	0	2.32262e-06	2.32262e-06	-4.64525e-06	49.9075	0	0	0.401856	0.267075	0	0.134781		300	0.0253089	-2.82965e-05	-2.82965e-05	5.6593e-05	0.00244087	0	0	0.0253089	0	-0.355028	-111.796	0	20.391	20.391	-1.5099e-14	5.32541	0	0	0	0	0	0	0	0	0	0	0	0	0	0	0	0	0	0	0	0	0	0	0	0	0	0	0	0	0	0	0	0	0	
1	1	1	288	8.64		300	0	0	-2.86137e-05	-2.86137e-05	5.72275e-05	0.0144	0	0	2.34503e-06	2.34503e-06	-4.69006e-06	50.0023	0	0	0.404354	0.268111	0	0.136242		300	0.0255834	-2.8614e-05	-2.8614e-05	5.7228e-05	0.00246825	0	0	0.0255834	0	-0.355028	-111.796	0	20.391	20.391	-1.5099e-14	5.32541	0	0	0	0	0	0	0	0	0	0	0	0	0	0	0	0	0	0	0	0	0	0	0	0	0	0	0	0	0	0	0	0	0	
1	1	1	289	8.67		300	0	0	-2.89325e-05	-2.89325e-05	5.7865e-05	0.01445	0	0	2.36744e-06	2.36744e-06	-4.73487e-06	50.0966	0	0	0.406856	0.269146	0	0.13771		300	0.0258588	-2.89328e-05	-2.89328e-05	5.78656e-05	0.00249574	0	0	0.0258588	0	-0.355028	-111.796	0	20.391	20.391	-1.5099e-14	5.32541	0	0	0	0	0	0	0	0	0	0	0	0	0	0	0	0	0	0	0	0	0	0	0	0	0	0	0	0	0	0	0	0	0	
1	1	1	290	8.7		300	0	0	-2.92525e-05	-2.92525e-05	5.85049e-05	0.0145	0	0	2.38985e-06	2.38985e-06	-4.7797e-06	50.1906	0	0	0.409363	0.270181	0	0.139182		300	0.0261353	-2.92528e-05	-2.92528e-05	5.85055e-05	0.00252333	0	0	0.0261353	0	-0.355028	-111.796	0	20.391	20.391	-1.5099e-14	5.32541	0	0	0	0	0	0	0	0	0	0	0	0	0	0	0	0	0	0	0	0	0	0	0	0	0	0	0	0	0	0	0	0	0	
1	1	1	291	8.73		300	0	0	-2.95736e-05	-2.95736e-05	5.91473e-05	0.01455	0	0	2.41227e-06	2.41227e-06	-4.82453e-06	50.284	0	0	0.411875	0.271216	0	0.140659		300	0.0264126	-2.95739e-05	-2.95739e-05	5.91479e-05	0.00255102	0	0	0.0264126	0	-0.355028	-111.796	0	20.391	20.391	-1.5099e-14	5.32541	0	0	0	0	0	0	0	0	0	0	0	0	0	0	0	0	0	0	0	0	0	0	0	0	0	0	0	0	0	0	0	0	0	
1	1	1	292	8.76		300	0	0	-2.9896e-05	-2.9896e-05	5.9792e-05	0.0146	0	0	2.43469e-06	2.43469e-06	-4.86937e-06	50.3771	0	0	0.414392	0.27225	0	0.142141		300	0.026691	-2.98963e-05	-2.98963e-05	5.97926e-05	0.00257882	0	0	0.026691	0	-0.355028	-111.796	0	20.391	20.391	-1.5099e-14	5.32541	0	0	0	0	0	0	0	0	0	0	0	0	0	0	0	0	0	0	0	0	0	0	0	0	0	0	0	0	0	0	0	0	0	
1	1	1	293	8.79		300	0	0	-3.02196e-05	-3.02196e-05	6.04391e-05	0.01465	0	0	2.45711e-06	2.45711e-06	-4.91421e-06	50.4697	0	0	0.416913	0.273284	0	0.143628		300	0.0269702	-3.02199e-05	-3.02199e-05	6.04397e-05	0.00260672	0	0	0.0269702	0	-0.355028	-111.796	0	20.391	20.391	-1.5099e-14	5.32541	0	0	0	0	0	0	0	0	0	0	0	0	0	0	0	0	0	0	0	0	0	0	0	0	0	0	0	0	0	0	0	0	0	
1	1	1	294	8.82		300	0	0	-3.05443e-05	-3.05443e-05	6.10886e-05	0.0147	0	0	2.47953e-06	2.47953e-06	-4.95906e-06	50.5619	0	0	0.419439	0.274318	0	0.145121		300	0.0272504	-3.05446e-05	-3.05446e-05	6.10892e-05	0.00263471	0	0	0.0272504	0	-0.355028	-111.796	0	20.391	20.391	-1.5099e-14	5.32541	0	0	0	0	0	0	0	0	0	0	0	0	0	0	0	0	0	0	0	0	0	0	0	0	0	0	0	0	0	0	0	0	0	
1	1	1	295	8.85		300	0	0	-3.08702e-05	-3.08702e-05	6.17404e-05	0.01475	0	0	2.50196e-06	2.50196e-06	-5.00392e-06	50.6537	0	0	0.421969	0.275351	0	0.146617		300	0.0275314	-3.08705e-05	-3.08705e-05	6.1741e-05	0.00266282	0	0	0.0275314	0	-0.355028	-111.796	0	20.391	20.391	-1.5099e-14	5.32541	0	0	0	0	0	0	0	0	0	0	0	0	0	0	0	0	0	0	0	0	0	0	0	0	0	0	0	0	0	0	0	0	0	
1	1	1	296	8.88		300	0	0	-3.11972e-05	-3.11972e-05	6.23945e-05	0.0148	0	0	2.52439e-06	2.52439e-06	-5.04877e-06	50.745	0	0	0.424504	0.276385	0	0.148119		300	0.0278134	-3.11975e-05	-3.11975e-05	6.23951e-05	0.00269101	0	0	0.0278134	0	-0.355028	-111.796	0	20.391	20.391	-1.5099e-14	5.32541	0	0	0	0	0	0	0	0	0	0	0	0	0	0	0	0	0	0	0	0	0	0	0	0	0	0	0	0	0	0	0	0	0	
1	1	1	297	8.91		300	0	0	-3.15254e-05	-3.15254e-05	6.30509e-05	0.01485	0	0	2.54681e-06	2.54681e-06	-5.09363e-06	50.836	0	0	0.427043	0.277418	0	0.149626		300	0.0280963	-3.15257e-05	-3.15257e-05	6.30515e-05	0.00271931	0	0	0.0280963	0	-0.355028	-111.796	0	20.391	20.391	-1.5099e-14	5.32541	0	0	0	0	0	0	0	0	0	0	0	0	0	0	0	0	0	0	0	0	0	0	0	0	0	0	0	0	0	0	0	0	0	
1	1	1	298	8.94		300	0	0	-3.18548e-05	-3.18548e-05	6.37095e-05	0.0149	0	0	2.56924e-06	2.56924e-06	-5.13849e-06	50.9265	0	0	0.429588	0.27845	0	0.151137		300	0.0283801	-3.18551e-05	-3.18551e-05	6.37101e-05	0.00274771	0	0	0.0283801	0	-0.355028	-111.796	0	20.391	20.391	-1.5099e-14	5.32541	0	0	0	0	0	0	0	0	0	0	0	0	0	0	0	0	0	0	0	0	0	0	0	0	0	0	0	0	0	0	0	0	0	
1	1	1	299	8.97		300	0	0	-3.21852e-05	-3.21852e-05	6.43704e-05	0.01495	0	0	2.59167e-06	2.59167e-06	-5.18335e-06	51.0166	0	0	0.432136	0.279483	0	0.152653		300	0.0286647	-3.21855e-05	-3.21855e-05	6.4371e-05	0.0027762	0	0	0.0286647	0	-0.355028	-111.796	0	20.391	20.391	-1.5099e-14	5.32541	0	0	0	0	0	0	0	0	0	0	0	0	0	0	0	0	0	0	0	0	0	0	0	0	0	0	0	0	0	0	0	0	0	
1	1	1	300	9		300	0	0	-3.25168e-05	-3.25168e-05	6.50335e-05	0.015	0	0	2.6141e-06	2.6141e-06	-5.22821e-06	51.1064	0	0	0.434689	0.280515	0	0.154174		300	0.0289503	-3.25171e-05	-3.25171e-05	6.50342e-05	0.00280479	0	0	0.0289503	0	-0.355028	-111.796	0	20.391	20.391	-1.5099e-14	5.32541	0	0	0	0	0	0	0	0	0	0	0	0	0	0	0	0	0	0	0	0	0	0	0	0	0	0	0	0	0	0	0	0	0	
1	1	1	301	9.03		300	0	0	-3.28494e-05	-3.28494e-05	6.56989e-05	0.01505	0	0	2.63653e-06	2.63653e-06	-5.27307e-06	51.1957	0	0	0.437247	0.281548	0	0.155699		300	0.0292367	-3.28497e-05	-3.28497e-05	6.56995e-05	0.00283347	0	0	0.0292367	0	-0.355028	-111.796	0	20.391	20.391	-1.5099e-14	5.32541	0	0	0	0	0	0	0	0	0	0	0	0	0	0	0	0	0	0	0	0	0	0	0	0	0	0	0	0	0	0	0	0	0	
1	1	1	302	9.06		300	0	0	-3.31832e-05	-3.31832e-05	6.63664e-05	0.0151	0	0	2.65896e-06	2.65896e-06	-5.31792e-06	51.2846	0	0	0.439809	0.28258	0	0.157229		300	0.0295239	-3.31835e-05	-3.31835e-05	6.6367e-05	0.00286225	0	0	0.0295239	0	-0.355028	-111.796	0	20.391	20.391	-1.5099e-14	5.32541	0	0	0	0	0	0	0	0	0	0	0	0	0	0	0	0	0	0	0	0	0	0	0	0	0	0	0	0	0	0	0	0	0	
1	1	1	303	9.09		300	0	0	-3.3518e-05	-3.3518e-05	6.70361e-05	0.01515	0	0	2.68139e-06	2.68139e-06	-5.36278e-06	51.3732	0	0	0.442375	0.283612	0	0.158763		300	0.029812	-3.35184e-05	-3.35184e-05	6.70367e-05	0.00289112	0	0	0.029812	0	-0.355028	-111.796	0	20.391	20.391	-1.5099e-14	5.32541	0	0	0	0	0	0	0	0	0	0	0	0	0	0	0	0	0	0	0	0	0	0	0	0	0	0	0	0	0	0	0	0	0	
1	1	1	304	9.12		300	0	0	-3.3854e-05	-3.3854e-05	6.77079e-05	0.0152	0	0	2.70382e-06	2.70382e-06	-5.40763e-06	51.4613	0	0	0.444946	0.284644	0	0.160302		300	0.0301009	-3.38543e-05	-3.38543e-05	6.77086e-05	0.00292009	0	0	0.0301009	0	-0.355028	-111.796	0	20.391	20.391	-1.5099e-14	5.32541	0	0	0	0	0	0	0	0	0	0	0	0	0	0	0	0	0	0	0	0	0	0	0	0	0	0	0	0	0	0	0	0	0	
1	1	1	305	9.15		300	0	0	-3.4191e-05	-3.4191e-05	6.83819e-05	0.01525	0	0	2.72624e-06	2.72624e-06	-5.45248e-06	51.5491	0	0	0.447521	0.285676	0	0.161845		300	0.0303907	-3.41913e-05	-3.41913e-05	6.83826e-05	0.00294914	0	0	0.0303907	0	-0.355028	-111.796	0	20.391	20.391	-1.5099e-14	5.32541	0	0	0	0	0	0	0	0	0	0	0	0	0	0	0	0	0	0	0	0	0	0	0	0	0	0	0	0	0	0	0	0	0	
1	1	1	306	9.18		300	0	0	-3.4529e-05	-3.4529e-05	6.9058e-05	0.0153	0	0	2.74866e-06	2.74866e-06	-5.49732e-06	51.6365	0	0	0.450101	0.286708	0	0.163393		300	0.0306813	-3.45293e-05	-3.45293e-05	6.90587e-05	0.00297829	0	0	0.0306813	0	-0.355028	-111.796	0	20.391	20.391	-1.5099e-14	5.32541	0	0	0	0	0	0	0	0	0	0	0	0	0	0	0	0	0	0	0	0	0	0	0	0	0	0	0	0	0	0	0	0	0	
1	1	1	307	9.21		300	0	0	-3.48681e-05	-3.48681e-05	6.97362e-05	0.01535	0	0	2.77108e-06	2.77108e-06	-5.54216e-06	51.7235	0	0	0.452685	0.28774	0	0.164945		300	0.0309727	-3.48684e-05	-3.48684e-05	6.97369e-05	0.00300753	0	0	0.0309727	0	-0.355028	-111.796	0	20.391	20.391	-1.5099e-14	5.32541	0	0	0	0	0	0	0	0	0	0	0	0	0	0	0	0	0	0	0	0	0	0	0	0	0	0	0	0	0	0	0	0	0	
1	1	1	308	9.24		300	0	0	-3.52083e-05	-3.52083e-05	7.04165e-05	0.0154	0	0	2.7935e-06	2.7935e-06	-5.587e-06	51.8101	0	0	0.455273	0.288772	0	0.166501		300	0.0312649	-3.52086e-05	-3.52086e-05	7.04172e-05	0.00303686	0	0	0.0312649	0	-0.355028	-111.796	0	20.391	20.391	-1.5099e-14	5.32541	0	0	0	0	0	0	0	0	0	0	0	0	0	0	0	0	0	0	0	0	0	0	0	0	0	0	0	0	0	0	0	0	0	
1	1	1	309	9.27		300	0	0	-3.55494e-05	-3.55494e-05	7.10989e-05	0.01545	0	0	2.81591e-06	2.81591e-06	-5.63183e-06	51.8964	0	0	0.457866	0.289804	0	0.168062		300	0.0315579	-3.55498e-05	-3.55498e-05	7.10995e-05	0.00306627	0	0	0.0315579	0	-0.355028	-111.796	0	20.391	20.391	-1.5099e-14	5.32541	0	0	0	0	0	0	0	0	0	0	0	0	0	0	0	0	0	0	0	0	0	0	0	0	0	0	0	0	0	0	0	0	0	
1	1	1	310	9.3		300	0	0	-3.58916e-05	-3.58916e-05	7.17833e-05	0.0155	0	0	2.83833e-06	2.83833e-06	-5.67665e-06	51.9823	0	0	0.460463	0.290837	0	0.169626		300	0.0318517	-3.5892e-05	-3.5892e-05	7.17839e-05	0.00309578	0	0	0.0318517	0	-0.355028	-111.796	0	20.391	20.391	-1.5099e-14	5.32541	0	0	0	0	0	0	0	0	0	0	0	0	0	0	0	0	0	0	0	0	0	0	0	0	0	0	0	0	0	0	0	0	0	
1	1	1	311	9.33		300	0	0	-3.62348e-05	-3.62348e-05	7.24697e-05	0.01555	0	0	2.86073e-06	2.86073e-06	-5.72147e-06	52.0678	0	0	0.463064	0.291869	0	0.171195		300	0.0321463	-3.62352e-05	-3.62352e-05	7.24704e-05	0.00312537	0	0	0.0321463	0	-0.355028	-111.796	0	20.391	20.391	-1.5099e-14	5.32541	0	0	0	0	0	0	0	0	0	0	0	0	0	0	0	0	0	0	0	0	0	0	0	0	0	0	0	0	0	0	0	0	0	
1	1	1	312	9.36		300	0	0	-3.65791e-05	-3.65791e-05	7.31581e-05	0.0156	0	0	2.88314e-06	2.88314e-06	-5.76628e-06	52.153	0	0	0.46567	0.292901	0	0.172768		300	0.0324417	-3.65794e-05	-3.65794e-05	7.31588e-05	0.00315505	0	0	0.0324417	0	-0.355028	-111.796	0	20.391	20.391	-1.5099e-14	5.32541	0	0	0	0	0	0	0	0	0	0	0	0	0	0	0	0	0	0	0	0	0	0	0	0	0	0	0	0	0	0	0	0	0	
1	1	1	313	9.39		300	0	0	-3.69243e-05	-3.69243e-05	7.38485e-05	0.01565	0	0	2.90554e-06	2.90554e-06	-5.81108e-06	52.2378	0	0	0.468279	0.293934	0	0.174346		300	0.0327379	-3.69246e-05	-3.69246e-05	7.38492e-05	0.00318481	0	0	0.0327379	0	-0.355028	-111.796	0	20.391	20.391	-1.5099e-14	5.32541	0	0	0	0	0	0	0	0	0	0	0	0	0	0	0	0	0	0	0	0	0	0	0	0	0	0	0	0	0	0	0	0	0	
1	1	1	314	9.42		300	0	0	-3.72705e-05	-3.72705e-05	7.45409e-05	0.0157	0	0	2.92794e-06	2.92794e-06	-5.85587e-06	52.3222	0	0	0.470893	0.294966	0	0.175927		300	0.0330348	-3.72708e-05	-3.72708e-05	7.45416e-05	0.00321466	0	0	0.0330348	0	-0.355028	-111.796	0	20.391	20.391	-1.5099e-14	5.32541	0	0	0	0	0	0	0	0	0	0	0	0	0	0	0	0	0	0	0	0	0	0	0	0	0	0	0	0	0	0	0	0	0	
1	1	1	315	9.45		300	0	0	-3.76176e-05	-3.76176e-05	7.52353e-05	0.01575	0	0	2.95033e-06	2.95033e-06	-5.90066e-06	52.4063	0	0	0.473512	0.295999	0	0.177512		300	0.0333325	-3.7618e-05	-3.7618e-05	7.5236e-05	0.0032446	0	0	0.0333325	0	-0.355028	-111.796	0	20.391	20.391	-1.5099e-14	5.32541	0	0	0	0	0	0	0	0	0	0	0	0	0	0	0	0	0	0	0	0	0	0	0	0	0	0	0	0	0	0	0	0	0	
1	1	1	316	9.48		300	0	0	-3.79658e-05	-3.79658e-05	7.59316e-05	0.0158	0	0	2.97272e-06	2.97272e-06	-5.94544e-06	52.49	0	0	0.476134	0.297032	0	0.179102		300	0.0336309	-3.79662e-05	-3.79662e-05	7.59323e-05	0.00327461	0	0	0.0336309	0	-0.355028	-111.796	0	20.391	20.391	-1.5099e-14	5.32541	0	0	0	0	0	0	0	0	0	0	0	0	0	0	0	0	0	0	0	0	0	0	0	0	0	0	0	0	0	0	0	0	0	
1	1	1	317	9.51		300	0	0	-3.83149e-05	-3.83149e-05	7.66298e-05	0.01585	0	0	2.9951e-06	2.9951e-06	-5.9902e-06	52.5734	0	0	0.478761	0.298065	0	0.180695		300	0.0339301	-3.83153e-05	-3.83153e-05	7.66306e-05	0.00330471	0	0	0.0339301	0	-0.355028	-111.796	0	20.391	20.391	-1.5099e-14	5.32541	0	0	0	0	0	0	0	0	0	0	0	0	0	0	0	0	0	0	0	0	0	0	0	0	0	0	0	0	0	0	0	0	0	
1	1	1	318	9.54		300	0	0	-3.8665e-05	-3.8665e-05	7.733e-05	0.0159	0	0	3.01748e-06	3.01748e-06	-6.03496e-06	52.6565	0	0	0.481391	0.299099	0	0.182292		300	0.03423	-3.86654e-05	-3.86654e-05	7.73307e-05	0.0033349	0	0	0.03423	0	-0.355028	-111.796	0	20.391	20.391	-1.5099e-14	5.32541	0	0	0	0	0	0	0	0	0	0	0	0	0	0	0	0	0	0	0	0	0	0	0	0	0	0	0	0	0	0	0	0	0	
1	1	1	319	9.57		300	0	0	-3.9016e-05	-3.9016e-05	7.8032e-05	0.01595	0	0	3.03986e-06	3.03986e-06	-6.07971e-06	52.7392	0	0	0.484026	0.300133	0	0.183894		300	0.0345306	-3.90164e-05	-3.90164e-05	7.80328e-05	0.00336516	0	0	0.0345306	0	-0.355028	-111.796	0	20.391	20.391	-1.5099e-14	5.32541	0	0	0	0	0	0	0	0	0	0	0	0	0	0	0	0	0	0	0	0	0	0	0	0	0	0	0	0	0	0	0	0	0	
1	1	1	320	9.6		300	0	0	-3.9368e-05	-3.9368e-05	7.8736e-05	0.016	0	0	3.06222e-06	3.06222e-06	-6.12445e-06	52.8215	0	0	0.486665	0.301167	0	0.185499		300	0.034832	-3.93683e-05	-3.93683e-05	7.87367e-05	0.00339551	0	0	0.034832	0	-0.355028	-111.796	0	20.391	20.391	-1.5099e-14	5.32541	0	0	0	0	0	0	0	0	0	0	0	0	0	0	0	0	0	0	0	0	0	0	0	0	0	0	0	0	0	0	0	0	0	
1	1	1	321	9.63		300	0	0	-3.97209e-05	-3.97209e-05	7.94417e-05	0.01605	0	0	3.08459e-06	3.08459e-06	-6.16918e-06	52.9036	0	0	0.489308	0.302201	0	0.187108		300	0.0351341	-3.97212e-05	-3.97212e-05	7.94425e-05	0.00342594	0	0	0.0351341	0	-0.355028	-111.796	0	20.391	20.391	-1.5099e-14	5.32541	0	0	0	0	0	0	0	0	0	0	0	0	0	0	0	0	0	0	0	0	0	0	0	0	0	0	0	0	0	0	0	0	0	
1	1	1	322	9.66		300	0	0	-4.00747e-05	-4.00747e-05	8.01494e-05	0.0161	0	0	3.10695e-06	3.10695e-06	-6.21389e-06	52.9853	0	0	0.491956	0.303235	0	0.18872		300	0.0354369	-4.00751e-05	-4.00751e-05	8.01501e-05	0.00345644	0	0	0.0354369	0	-0.355028	-111.796	0	20.391	20.391	-1.5099e-14	5.32541	0	0	0	0	0	0	0	0	0	0	0	0	0	0	0	0	0	0	0	0	0	0	0	0	0	0	0	0	0	0	0	0	0	
1	1	1	323	9.69		300	0	0	-4.04294e-05	-4.04294e-05	8.08588e-05	0.01615	0	0	3.1293e-06	3.1293e-06	-6.2586e-06	53.0666	0	0	0.494607	0.30427	0	0.190337		300	0.0357404	-4.04298e-05	-4.04298e-05	8.08596e-05	0.00348703	0	0	0.0357404	0	-0.355028	-111.796	0	20.391	20.391	-1.5099e-14	5.32541	0	0	0	0	0	0	0	0	0	0	0	0	0	0	0	0	0	0	0	0	0	0	0	0	0	0	0	0	0	0	0	0	0	
1	1	1	324	9.72		300	0	0	-4.07851e-05	-4.07851e-05	8.15701e-05	0.0162	0	0	3.15165e-06	3.15165e-06	-6.30329e-06	53.1477	0	0	0.497262	0.305305	0	0.191957		300	0.0360446	-4.07854e-05	-4.07854e-05	8.15709e-05	0.00351769	0	0	0.0360446	0	-0.355028	-111.796	0	20.391	20.391	-1.5099e-14	5.32541	0	0	0	0	0	0	0	0	0	0	0	0	0	0	0	0	0	0	0	0	0	0	0	0	0	0	0	0	0	0	0	0	0	
1	1	1	325	9.75		300	0	0	-4.11416e-05	-4.11416e-05	8.22832e-05	0.01625	0	0	3.17399e-06	3.17399e-06	-6.34797e-06	53.2284	0	0	0.499922	0.306341	0	0.193581		300	0.0363495	-4.1142e-05	-4.1142e-05	8.2284e-05	0.00354843	0	0	0.0363495	0	-0.355028	-111.796	0	20.391	20.391	-1.5099e-14	5.32541	0	0	0	0	0	0	0	0	0	0	0	0	0	0	0	0	0	0	0	0	0	0	0	0	0	0	0	0	0	0	0	0	0	
1	1	1	326	9.78		300	0	0	-4.14991e-05	-4.14991e-05	8.29981e-05	0.0163	0	0	3.19632e-06	3.19632e-06	-6.39264e-06	53.3088	0	0	0.502585	0.307377	0	0.195208		300	0.0366551	-4.14994e-05	-4.14994e-05	8.29989e-05	0.00357925	0	0	0.0366551	0	-0.355028	-111.796	0	20.391	20.391	-1.5099e-14	5.32541	0	0	0	0	0	0	0	0	0	0	0	0	0	0	0	0	0	0	0	0	0	0	0	0	0	0	0	0	0	0	0	0	0	
1	1	1	327	9.81		300	0	0	-4.18574e-05	-4.18574e-05	8.37148e-05	0.01635	0	0	3.21865e-06	3.21865e-06	-6.4373e-06	53.3888	0	0	0.505253	0.308413	0	0.196839		300	0.0369614	-4.18578e-05	-4.18578e-05	8.37155e-05	0.00361014	0	0	0.0369614	0	-0.355028	-111.796	0	20.391	20.391	-1.5099e-14	5.32541	0	0	0	0	0	0	0	0	0	0	0	0	0	0	0	0	0	0	0	0	0	0	0	0	0	0	0	0	0	0	0	0	0	
1	1	1	328	9.84		300	0	0	-4.22166e-05	-4.22166e-05	8.44332e-05	0.0164	0	0	3.24097e-06	3.24097e-06	-6.48194e-06	53.4686	0	0	0.507924	0.30945	0	0.198474		300	0.0372683	-4.2217e-05	-4.2217e-05	8.44339e-05	0.00364111	0	0	0.0372683	0	-0.355028	-111.796	0	20.391	20.391	-1.5099e-14	5.32541	0	0	0	0	0	0	0	0	0	0	0	0	0	0	0	0	0	0	0	0	0	0	0	0	0	0	0	0	0	0	0	0	0	
1	1	1	329	9.87		300	0	0	-4.25767e-05	-4.25767e-05	8.51533e-05	0.01645	0	0	3.26329e-06	3.26329e-06	-6.52657e-06	53.548	0	0	0.510599	0.310487	0	0.200113		300	0.0375759	-4.25771e-05	-4.25771e-05	8.51541e-05	0.00367216	0	0	0.0375759	0	-0.355028	-111.796	0	20.391	20.391	-1.5099e-14	5.32541	0	0	0	0	0	0	0	0	0	0	0	0	0	0	0	0	0	0	0	0	0	0	0	0	0	0	0	0	0	0	0	0	0	
1	1	1	330	9.9		300	0	0	-4.29376e-05	-4.29376e-05	8.58752e-05	0.0165	0	0	3.2856e-06	3.2856e-06	-6.57119e-06	53.6271	0	0	0.513279	0.311524	0	0.201754		300	0.0378842	-4.2938e-05	-4.2938e-05	8.5876e-05	0.00370328	0	0	0.0378842	0	-0.355028	-111.796	0	20.391	20.391	-1.5099e-14	5.32541	0	0	0	0	0	0	0	0	0	0	0	0	0	0	0	0	0	0	0	0	0	0	0	0	0	0	0	0	0	0	0	0	0	
1	1	1	331	9.93		300	0	0	-4.32994e-05	-4.32994e-05	8.65988e-05	0.01655	0	0	3.3079e-06	3.3079e-06	-6.6158e-06	53.7059	0	0	0.515962	0.312562	0	0.2034		300	0.0381932	-4.32998e-05	-4.32998e-05	8.65996e-05	0.00373447	0	0	0.0381932	0	-0.355028	-111.796	0	20.391	20.391	-1.5099e-14	5.32541	0	0	0	0	0	0	0	0	0	0	0	0	0	0	0	0	0	0	0	0	0	0	0	0	0	0	0	0	0	0	0	0	0	
1	1	1	332	9.96		300	0	0	-4.36621e-05	-4.36621e-05	8.73241e-05	0.0166	0	0	3.33019e-06	3.33019e-06	-6.66039e-06	53.7844	0	0	0.518649	0.313601	0	0.205049		300	0.0385027	-4.36625e-05	-4.36625e-05	8.73249e-05	0.00376574	0	0	0.0385027	0	-0.355028	-111.796	0	20.391	20.391	-1.5099e-14	5.32541	0	0	0	0	0	0	0	0	0	0	0	0	0	0	0	0	0	0	0	0	0	0	0	0	0	0	0	0	0	0	0	0	0	
1	1	1	333	9.99		300	0	0	-4.40256e-05	-4.40256e-05	8.80511e-05	0.01665	0	0	3.35248e-06	3.35248e-06	-6.70496e-06	53.8626	0	0	0.521341	0.31464	0	0.206701		300	0.038813	-4.4026e-05	-4.4026e-05	8.80519e-05	0.00379708	0	0	0.038813	0	-0.355028	-111.796	0	20.391	20.391	-1.5099e-14	5.32541	0	0	0	0	0	0	0	0	0	0	0	0	0	0	0	0	0	0	0	0	0	0	0	0	0	0	0	0	0	0	0	0	0	
1	1	1	334	10.02		300	0	0	-4.43899e-05	-4.43899e-05	8.87798e-05	0.0167	0	0	3.37476e-06	3.37476e-06	-6.74953e-06	53.9405	0	0	0.524036	0.315679	0	0.208357		300	0.0391238	-4.43903e-05	-4.43903e-05	8.87806e-05	0.00382849	0	0	0.0391238	0	-0.355028	-111.796	0	20.391	20.391	-1.5099e-14	5.32541	0	0	0	0	0	0	0	0	0	0	0	0	0	0	0	0	0	0	0	0	0	0	0	0	0	0	0	0	0	0	0	0	0	
1	1	1	335	10.05		300	0	0	-4.4755e-05	-4.4755e-05	8.95101e-05	0.01675	0	0	3.39704e-06	3.39704e-06	-6.79407e-06	54.0181	0	0	0.526735	0.316719	0	0.210016		300	0.0394354	-4.47555e-05	-4.47555e-05	8.95109e-05	0.00385997	0	0	0.0394354	0	-0.355028	-111.796	0	20.391	20.391	-1.5099e-14	5.32541	0	0	0	0	0	0	0	0	0	0	0	0	0	0	0	0	0	0	0	0	0	0	0	0	0	0	0	0	0	0	0	0	0	
1	1	1	336	10.08		300	0	0	-4.5121e-05	-4.5121e-05	9.02421e-05	0.0168	0	0	3.4193e-06	3.4193e-06	-6.83861e-06	54.0954	0	0	0.529437	0.317759	0	0.211678		300	0.0397475	-4.51214e-05	-4.51214e-05	9.02429e-05	0.00389153	0	0	0.0397475	0	-0.355028	-111.796	0	20.391	20.391	-1.5099e-14	5.32541	0	0	0	0	0	0	0	0	0	0	0	0	0	0	0	0	0	0	0	0	0	0	0	0	0	0	0	0	0	0	0	0	0	
1	1	1	337	10.11		300	0	0	-4.54878e-05	-4.54878e-05	9.09757e-05	0.01685	0	0	3.44156e-06	3.44156e-06	-6.88313e-06	54.1724	0	0	0.532144	0.3188	0	0.213344		300	0.0400603	-4.54882e-05	-4.54882e-05	9.09765e-05	0.00392315	0	0	0.0400603	0	-0.355028	-111.796	0	20.391	20.391	-1.5099e-14	5.32541	0	0	0	0	0	0	0	0	0	0	0	0	0	0	0	0	0	0	0	0	0	0	0	0	0	0	0	0	0	0	0	0	0	
1	1	1	338	10.14		300	0	0	-4.58554e-05	-4.58554e-05	9.17109e-05	0.0169	0	0	3.46381e-06	3.46381e-06	-6.92763e-06	54.2492	0	0	0.534855	0.319842	0	0.215013		300	0.0403736	-4.58559e-05	-4.58559e-05	9.17117e-05	0.00395484	0	0	0.0403736	0	-0.355028	-111.796	0	20.391	20.391	-1.5099e-14	5.32541	0	0	0	0	0	0	0	0	0	0	0	0	0	0	0	0	0	0	0	0	0	0	0	0	0	0	0	0	0	0	0	0	0	
1	1	1	339	10.17		300	0	0	-4.62239e-05	-4.62239e-05	9.24477e-05	0.01695	0	0	3.48606e-06	3.48606e-06	-6.97212e-06	54.3256	0	0	0.537569	0.320884	0	0.216685		300	0.0406876	-4.62243e-05	-4.62243e-05	9.24486e-05	0.00398661	0	0	0.0406876	0	-0.355028	-111.796	0	20.391	20.391	-1.5099e-14	5.32541	0	0	0	0	0	0	0	0	0	0	0	0	0	0	0	0	0	0	0	0	0	0	0	0	0	0	0	0	0	0	0	0	0	
1	1	1	340	10.2		300	0	0	-4.65931e-05	-4.65931e-05	9.31862e-05	0.017	0	0	3.5083e-06	3.5083e-06	-7.01659e-06	54.4017	0	0	0.540287	0.321927	0	0.218361		300	0.0410022	-4.65935e-05	-4.65935e-05	9.3187e-05	0.00401844	0	0	0.0410022	0	-0.355028	-111.796	0	20.391	20.391	-1.5099e-14	5.32541	0	0	0	0	0	0	0	0	0	0	0	0	0	0	0	0	0	0	0	0	0	0	0	0	0	0	0	0	0	0	0	0	0	
1	1	1	341	10.23		300	0	0	-4.69631e-05	-4.69631e-05	9.39262e-05	0.01705	0	0	3.53052e-06	3.53052e-06	-7.06105e-06	54.4776	0	0	0.543009	0.32297	0	0.220039		300	0.0413174	-4.69635e-05	-4.69635e-05	9.3927e-05	0.00405034	0	0	0.0413174	0	-0.355028	-111.796	0	20.391	20.391	-1.5099e-14	5.32541	0	0	0	0	0	0	0	0	0	0	0	0	0	0	0	0	0	0	0	0	0	0	0	0	0	0	0	0	0	0	0	0	0	
1	1	1	342	10.26		300	0	0	-4.73339e-05	-4.73339e-05	9.46678e-05	0.0171	0	0	3.55275e-06	3.55275e-06	-7.10549e-06	54.5531	0	0	0.545735	0.324014	0	0.221721		300	0.0416332	-4.73343e-05	-4.73343e-05	9.46686e-05	0.00408231	0	0	0.0416332	0	-0.355028	-111.796	0	20.391	20.391	-1.5099e-14	5.32541	0	0	0	0	0	0	0	0	0	0	0	0	0	0	0	0	0	0	0	0	0	0	0	0	0	0	0	0	0	0	0	0	0	
1	1	1	343	10.29		300	0	0	-4.77054e-05	-4.77054e-05	9.54109e-05	0.01715	0	0	3.57496e-06	3.57496e-06	-7.14992e-06	54.6284	0	0	0.548465	0.325058	0	0.223406		300	0.0419496	-4.77059e-05	-4.77059e-05	9.54118e-05	0.00411434	0	0	0.0419496	0	-0.355028	-111.796	0	20.391	20.391	-1.5099e-14	5.32541	0	0	0	0	0	0	0	0	0	0	0	0	0	0	0	0	0	0	0	0	0	0	0	0	0	0	0	0	0	0	0	0	0	
1	1	1	344	10.32		300	0	0	-4.80778e-05	-4.80778e-05	9.61556e-05	0.0172	0	0	3.59716e-06	3.59716e-06	-7.19433e-06	54.7034	0	0	0.551198	0.326103	0	0.225094		300	0.0422666	-4.80782e-05	-4.80782e-05	9.61564e-05	0.00414645	0	0	0.0422666	0	-0.355028	-111.796	0	20.391	20.391	-1.5099e-14	5.32541	0	0	0	0	0	0	0	0	0	0	0	0	0	0	0	0	0	0	0	0	0	0	0	0	0	0	0	0	0	0	0	0	0	
1	1	1	345	10.35		300	0	0	-4.84509e-05	-4.84509e-05	9.69018e-05	0.01725	0	0	3.61936e-06	3.61936e-06	-7.23872e-06	54.7782	0	0	0.553935	0.327149	0	0.226786		300	0.0425842	-4.84513e-05	-4.84513e-05	9.69027e-05	0.00417861	0	0	0.0425842	0	-0.355028	-111.796	0	20.391	20.391	-1.5099e-14	5.32541	0	0	0	0	0	0	0	0	0	0	0	0	0	0	0	0	0	0	0	0	0	0	0	0	0	0	0	0	0	0	0	0	0	
1	1	1	346	10.38		300	0	0	-4.88248e-05	-4.88248e-05	9.76495e-05	0.0173	0	0	3.64155e-06	3.64155e-06	-7.2831e-06	54.8526	0	0	0.556676	0.328195	0	0.22848		300	0.0429023	-4.88252e-05	-4.88252e-05	9.76504e-05	0.00421085	0	0	0.0429023	0	-0.355028	-111.796	0	20.391	20.391	-1.5099e-14	5.32541	0	0	0	0	0	0	0	0	0	0	0	0	0	0	0	0	0	0	0	0	0	0	0	0	0	0	0	0	0	0	0	0	0	
1	1	1	347	10.41		300	0	0	-4.91994e-05	-4.91994e-05	9.83988e-05	0.01735	0	0	3.66373e-06	3.66373e-06	-7.32746e-06	54.9268	0	0	0.55942	0.329243	0	0.230178		300	0.043221	-4.91998e-05	-4.91998e-05	9.83997e-05	0.00424315	0	0	0.043221	0	-0.355028	-111.796	0	20.391	20.391	-1.5099e-14	5.32541	0	0	0	0	0	0	0	0	0	0	0	0	0	0	0	0	0	0	0	0	0	0	0	0	0	0	0	0	0	0	0	0	0	
1	1	1	348	10.44		300	0	0	-4.95748e-05	-4.95748e-05	9.91495e-05	0.0174	0	0	3.6859e-06	3.6859e-06	-7.37181e-06	55.0007	0	0	0.562168	0.33029	0	0.231878		300	0.0435403	-4.95752e-05	-4.95752e-05	9.91504e-05	0.00427551	0	0	0.0435403	0	-0.355028	-111.796	0	20.391	20.391	-1.5099e-14	5.32541	0	0	0	0	0	0	0	0	0	0	0	0	0	0	0	0	0	0	0	0	0	0	0	0	0	0	0	0	0	0	0	0	0	
1	1	1	349	10.47		300	0	0	-4.99509e-05	-4.99509e-05	9.99017e-05	0.01745	0	0	3.70807e-06	3.70807e-06	-7.41614e-06	55.0743	0	0	0.56492	0.331339	0	0.233581		300	0.0438601	-4.99513e-05	-4.99513e-05	9.99026e-05	0.00430794	0	0	0.0438601	0	-0.355028	-111.796	0	20.391	20.391	-1.5099e-14	5.32541	0	0	0	0	0	0	0	0	0	0	0	0	0	0	0	0	0	0	0	0	0	0	0	0	0	0	0	0	0	0	0	0	0	
1	1	1	350	10.5		300	0	0	-5.03277e-05	-5.03277e-05	0.000100655	0.0175	0	0	3.73022e-06	3.73022e-06	-7.46045e-06	55.1477	0	0	0.567676	0.332388	0	0.235288		300	0.0441805	-5.03282e-05	-5.03282e-05	0.000100656	0.00434043	0	0	0.0441805	0	-0.355028	-111.796	0	20.391	20.391	-1.5099e-14	5.32541	0	0	0	0	0	0	0	0	0	0	0	0	0	0	0	0	0	0	0	0	0	0	0	0	0	0	0	0	0	0	0	0	0	
1	1	1	351	10.53		300	0	0	-5.07053e-05	-5.07053e-05	0.000101411	0.01755	0	0	3.75237e-06	3.75237e-06	-7.50474e-06	55.2208	0	0	0.570435	0.333438	0	0.236997		300	0.0445015	-5.07058e-05	-5.07058e-05	0.000101412	0.00437298	0	0	0.0445015	0	-0.355028	-111.796	0	20.391	20.391	-1.5099e-14	5.32541	0	0	0	0	0	0	0	0	0	0	0	0	0	0	0	0	0	0	0	0	0	0	0	0	0	0	0	0	0	0	0	0	0	
1	1	1	352	10.56		300	0	0	-5.10836e-05	-5.10836e-05	0.000102167	0.0176	0	0	3.77451e-06	3.77451e-06	-7.54902e-06	55.2937	0	0	0.573198	0.334488	0	0.238709		300	0.044823	-5.10841e-05	-5.10841e-05	0.000102168	0.00440559	0	0	0.044823	0	-0.355028	-111.796	0	20.391	20.391	-1.5099e-14	5.32541	0	0	0	0	0	0	0	0	0	0	0	0	0	0	0	0	0	0	0	0	0	0	0	0	0	0	0	0	0	0	0	0	0	
1	1	1	353	10.59		300	0	0	-5.14626e-05	-5.14626e-05	0.000102925	0.01765	0	0	3.79664e-06	3.79664e-06	-7.59328e-06	55.3663	0	0	0.575964	0.33554	0	0.240425		300	0.045145	-5.14631e-05	-5.14631e-05	0.000102926	0.00443827	0	0	0.045145	0	-0.355028	-111.796	0	20.391	20.391	-1.5099e-14	5.32541	0	0	0	0	0	0	0	0	0	0	0	0	0	0	0	0	0	0	0	0	0	0	0	0	0	0	0	0	0	0	0	0	0	
1	1	1	354	10.62		300	0	0	-5.18424e-05	-5.18424e-05	0.000103685	0.0177	0	0	3.81876e-06	3.81876e-06	-7.63752e-06	55.4386	0	0	0.578734	0.336592	0	0.242143		300	0.0454676	-5.18428e-05	-5.18428e-05	0.000103686	0.00447101	0	0	0.0454676	0	-0.355028	-111.796	0	20.391	20.391	-1.5099e-14	5.32541	0	0	0	0	0	0	0	0	0	0	0	0	0	0	0	0	0	0	0	0	0	0	0	0	0	0	0	0	0	0	0	0	0	
1	1	1	355	10.65		300	0	0	-5.22228e-05	-5.22228e-05	0.000104446	0.01775	0	0	3.84088e-06	3.84088e-06	-7.68175e-06	55.5107	0	0	0.581508	0.337645	0	0.243864		300	0.0457907	-5.22233e-05	-5.22233e-05	0.000104447	0.00450381	0	0	0.0457907	0	-0.355028	-111.796	0	20.391	20.391	-1.5099e-14	5.32541	0	0	0	0	0	0	0	0	0	0	0	0	0	0	0	0	0	0	0	0	0	0	0	0	0	0	0	0	0	0	0	0	0	
1	1	1	356	10.68		300	0	0	-5.2604e-05	-5.2604e-05	0.000105208	0.0178	0	0	3.86298e-06	3.86298e-06	-7.72596e-06	55.5825	0	0	0.584286	0.338698	0	0.245587		300	0.0461144	-5.26044e-05	-5.26044e-05	0.000105209	0.00453667	0	0	0.0461144	0	-0.355028	-111.796	0	20.391	20.391	-1.5099e-14	5.32541	0	0	0	0	0	0	0	0	0	0	0	0	0	0	0	0	0	0	0	0	0	0	0	0	0	0	0	0	0	0	0	0	0	
1	1	1	357	10.71		300	0	0	-5.29858e-05	-5.29858e-05	0.000105972	0.01785	0	0	3.88507e-06	3.88507e-06	-7.77015e-06	55.6541	0	0	0.587066	0.339753	0	0.247314		300	0.0464386	-5.29863e-05	-5.29863e-05	0.000105973	0.00456959	0	0	0.0464386	0	-0.355028	-111.796	0	20.391	20.391	-1.5099e-14	5.32541	0	0	0	0	0	0	0	0	0	0	0	0	0	0	0	0	0	0	0	0	0	0	0	0	0	0	0	0	0	0	0	0	0	
1	1	1	358	10.74		300	0	0	-5.33684e-05	-5.33684e-05	0.000106737	0.0179	0	0	3.90716e-06	3.90716e-06	-7.81432e-06	55.7254	0	0	0.589851	0.340808	0	0.249043		300	0.0467633	-5.33688e-05	-5.33688e-05	0.000106738	0.00460257	0	0	0.0467633	0	-0.355028	-111.796	0	20.391	20.391	-1.5099e-14	5.32541	0	0	0	0	0	0	0	0	0	0	0	0	0	0	0	0	0	0	0	0	0	0	0	0	0	0	0	0	0	0	0	0	0	
1	1	1	359	10.77		300	0	0	-5.37516e-05	-5.37516e-05	0.000107503	0.01795	0	0	3.92924e-06	3.92924e-06	-7.85848e-06	55.7965	0	0	0.592639	0.341864	0	0.250775		300	0.0470885	-5.3752e-05	-5.3752e-05	0.000107504	0.00463561	0	0	0.0470885	0	-0.355028	-111.796	0	20.391	20.391	-1.5099e-14	5.32541	0	0	0	0	0	0	0	0	0	0	0	0	0	0	0	0	0	0	0	0	0	0	0	0	0	0	0	0	0	0	0	0	0	
1	1	1	360	10.8		300	0	0	-5.41355e-05	-5.41355e-05	0.000108271	0.018	0	0	3.95131e-06	3.95131e-06	-7.90262e-06	55.8673	0	0	0.595431	0.342921	0	0.25251		300	0.0474142	-5.4136e-05	-5.4136e-05	0.000108272	0.00466871	0	0	0.0474142	0	-0.355028	-111.796	0	20.391	20.391	-1.5099e-14	5.32541	0	0	0	0	0	0	0	0	0	0	0	0	0	0	0	0	0	0	0	0	0	0	0	0	0	0	0	0	0	0	0	0	0	
1	1	1	361	10.83		300	0	0	-5.45201e-05	-5.45201e-05	0.00010904	0.01805	0	0	3.97337e-06	3.97337e-06	-7.94674e-06	55.9379	0	0	0.598226	0.343978	0	0.254247		300	0.0477404	-5.45205e-05	-5.45205e-05	0.000109041	0.00470187	0	0	0.0477404	0	-0.355028	-111.796	0	20.391	20.391	-1.5099e-14	5.32541	0	0	0	0	0	0	0	0	0	0	0	0	0	0	0	0	0	0	0	0	0	0	0	0	0	0	0	0	0	0	0	0	0	
1	1	1	362	10.86		300	0	0	-5.49053e-05	-5.49053e-05	0.000109811	0.0181	0	0	3.99542e-06	3.99542e-06	-7.99084e-06	56.0083	0	0	0.601024	0.345037	0	0.255988		300	0.0480672	-5.49058e-05	-5.49058e-05	0.000109812	0.00473508	0	0	0.0480672	0	-0.355028	-111.796	0	20.391	20.391	-1.5099e-14	5.32541	0	0	0	0	0	0	0	0	0	0	0	0	0	0	0	0	0	0	0	0	0	0	0	0	0	0	0	0	0	0	0	0	0	
1	1	1	363	10.89		300	0	0	-5.52912e-05	-5.52912e-05	0.000110582	0.01815	0	0	4.01746e-06	4.01746e-06	-8.03492e-06	56.0784	0	0	0.603827	0.346096	0	0.257731		300	0.0483944	-5.52917e-05	-5.52917e-05	0.000110583	0.00476835	0	0	0.0483944	0	-0.355028	-111.796	0	20.391	20.391	-1.5099e-14	5.32541	0	0	0	0	0	0	0	0	0	0	0	0	0	0	0	0	0	0	0	0	0	0	0	0	0	0	0	0	0	0	0	0	0	
1	1	1	364	10.92		300	0	0	-5.56778e-05	-5.56778e-05	0.000111356	0.0182	0	0	4.03949e-06	4.03949e-06	-8.07899e-06	56.1482	0	0	0.606632	0.347156	0	0.259476		300	0.0487221	-5.56783e-05	-5.56783e-05	0.000111357	0.00480168	0	0	0.0487221	0	-0.355028	-111.796	0	20.391	20.391	-1.5099e-14	5.32541	0	0	0	0	0	0	0	0	0	0	0	0	0	0	0	0	0	0	0	0	0	0	0	0	0	0	0	0	0	0	0	0	0	
1	1	1	365	10.95		300	0	0	-5.60651e-05	-5.60651e-05	0.00011213	0.01825	0	0	4.06152e-06	4.06152e-06	-8.12303e-06	56.2179	0	0	0.609441	0.348217	0	0.261224		300	0.0490504	-5.60655e-05	-5.60655e-05	0.000112131	0.00483507	0	0	0.0490504	0	-0.355028	-111.796	0	20.391	20.391	-1.5099e-14	5.32541	0	0	0	0	0	0	0	0	0	0	0	0	0	0	0	0	0	0	0	0	0	0	0	0	0	0	0	0	0	0	0	0	0	
1	1	1	366	10.98		300	0	0	-5.64529e-05	-5.64529e-05	0.000112906	0.0183	0	0	4.08353e-06	4.08353e-06	-8.16706e-06	56.2872	0	0	0.612254	0.349279	0	0.262975		300	0.0493791	-5.64534e-05	-5.64534e-05	0.000112907	0.00486851	0	0	0.0493791	0	-0.355028	-111.796	0	20.391	20.391	-1.5099e-14	5.32541	0	0	0	0	0	0	0	0	0	0	0	0	0	0	0	0	0	0	0	0	0	0	0	0	0	0	0	0	0	0	0	0	0	
1	1	1	367	11.01		300	0	0	-5.68415e-05	-5.68415e-05	0.000113683	0.01835	0	0	4.10554e-06	4.10554e-06	-8.21107e-06	56.3564	0	0	0.61507	0.350342	0	0.264728		300	0.0497083	-5.6842e-05	-5.6842e-05	0.000113684	0.00490201	0	0	0.0497083	0	-0.355028	-111.796	0	20.391	20.391	-1.5099e-14	5.32541	0	0	0	0	0	0	0	0	0	0	0	0	0	0	0	0	0	0	0	0	0	0	0	0	0	0	0	0	0	0	0	0	0	
1	1	1	368	11.04		300	0	0	-5.72307e-05	-5.72307e-05	0.000114461	0.0184	0	0	4.12753e-06	4.12753e-06	-8.25507e-06	56.4253	0	0	0.61789	0.351406	0	0.266484		300	0.050038	-5.72311e-05	-5.72311e-05	0.000114462	0.00493556	0	0	0.050038	0	-0.355028	-111.796	0	20.391	20.391	-1.5099e-14	5.32541	0	0	0	0	0	0	0	0	0	0	0	0	0	0	0	0	0	0	0	0	0	0	0	0	0	0	0	0	0	0	0	0	0	
1	1	1	369	11.07		300	0	0	-5.76205e-05	-5.76205e-05	0.000115241	0.01845	0	0	4.14952e-06	4.14952e-06	-8.29904e-06	56.494	0	0	0.620713	0.35247	0	0.268242		300	0.0503681	-5.7621e-05	-5.7621e-05	0.000115242	0.00496917	0	0	0.0503681	0	-0.355028	-111.796	0	20.391	20.391	-1.5099e-14	5.32541	0	0	0	0	0	0	0	0	0	0	0	0	0	0	0	0	0	0	0	0	0	0	0	0	0	0	0	0	0	0	0	0	0	
1	1	1	370	11.1		300	0	0	-5.80109e-05	-5.80109e-05	0.000116022	0.0185	0	0	4.1715e-06	4.1715e-06	-8.343e-06	56.5625	0	0	0.623539	0.353536	0	0.270003		300	0.0506988	-5.80114e-05	-5.80114e-05	0.000116023	0.00500283	0	0	0.0506988	0	-0.355028	-111.796	0	20.391	20.391	-1.5099e-14	5.32541	0	0	0	0	0	0	0	0	0	0	0	0	0	0	0	0	0	0	0	0	0	0	0	0	0	0	0	0	0	0	0	0	0	
1	1	1	371	11.13		300	0	0	-5.8402e-05	-5.8402e-05	0.000116804	0.01855	0	0	4.19347e-06	4.19347e-06	-8.38693e-06	56.6307	0	0	0.626369	0.354602	0	0.271767		300	0.0510299	-5.84025e-05	-5.84025e-05	0.000116805	0.00503654	0	0	0.0510299	0	-0.355028	-111.796	0	20.391	20.391	-1.5099e-14	5.32541	0	0	0	0	0	0	0	0	0	0	0	0	0	0	0	0	0	0	0	0	0	0	0	0	0	0	0	0	0	0	0	0	0	
1	1	1	372	11.16		300	0	0	-5.87937e-05	-5.87937e-05	0.000117587	0.0186	0	0	4.21543e-06	4.21543e-06	-8.43085e-06	56.6988	0	0	0.629202	0.355669	0	0.273533		300	0.0513614	-5.87942e-05	-5.87942e-05	0.000117588	0.00507031	0	0	0.0513614	0	-0.355028	-111.796	0	20.391	20.391	-1.5099e-14	5.32541	0	0	0	0	0	0	0	0	0	0	0	0	0	0	0	0	0	0	0	0	0	0	0	0	0	0	0	0	0	0	0	0	0	
1	1	1	373	11.19		300	0	0	-5.9186e-05	-5.9186e-05	0.000118372	0.01865	0	0	4.23737e-06	4.23737e-06	-8.47475e-06	56.7666	0	0	0.632039	0.356738	0	0.275301		300	0.0516935	-5.91865e-05	-5.91865e-05	0.000118373	0.00510413	0	0	0.0516935	0	-0.355028	-111.796	0	20.391	20.391	-1.5099e-14	5.32541	0	0	0	0	0	0	0	0	0	0	0	0	0	0	0	0	0	0	0	0	0	0	0	0	0	0	0	0	0	0	0	0	0	
1	1	1	374	11.22		300	0	0	-5.95789e-05	-5.95789e-05	0.000119158	0.0187	0	0	4.25931e-06	4.25931e-06	-8.51863e-06	56.8341	0	0	0.634879	0.357807	0	0.277072		300	0.0520259	-5.95794e-05	-5.95794e-05	0.000119159	0.00513801	0	0	0.0520259	0	-0.355028	-111.796	0	20.391	20.391	-1.5099e-14	5.32541	0	0	0	0	0	0	0	0	0	0	0	0	0	0	0	0	0	0	0	0	0	0	0	0	0	0	0	0	0	0	0	0	0	
1	1	1	375	11.25		300	0	0	-5.99724e-05	-5.99724e-05	0.000119945	0.01875	0	0	4.28125e-06	4.28125e-06	-8.56249e-06	56.9015	0	0	0.637722	0.358877	0	0.278845		300	0.0523589	-5.9973e-05	-5.9973e-05	0.000119946	0.00517194	0	0	0.0523589	0	-0.355028	-111.796	0	20.391	20.391	-1.5099e-14	5.32541	0	0	0	0	0	0	0	0	0	0	0	0	0	0	0	0	0	0	0	0	0	0	0	0	0	0	0	0	0	0	0	0	0	
1	1	1	376	11.28		300	0	0	-6.03666e-05	-6.03666e-05	0.000120733	0.0188	0	0	4.30317e-06	4.30317e-06	-8.60633e-06	56.9686	0	0	0.640569	0.359948	0	0.280621		300	0.0526923	-6.03671e-05	-6.03671e-05	0.000120734	0.00520592	0	0	0.0526923	0	-0.355028	-111.796	0	20.391	20.391	-1.5099e-14	5.32541	0	0	0	0	0	0	0	0	0	0	0	0	0	0	0	0	0	0	0	0	0	0	0	0	0	0	0	0	0	0	0	0	0	
1	1	1	377	11.31		300	0	0	-6.07613e-05	-6.07613e-05	0.000121523	0.01885	0	0	4.32508e-06	4.32508e-06	-8.65016e-06	57.0355	0	0	0.643419	0.36102	0	0.282399		300	0.0530261	-6.07618e-05	-6.07618e-05	0.000121524	0.00523995	0	0	0.0530261	0	-0.355028	-111.796	0	20.391	20.391	-1.5099e-14	5.32541	0	0	0	0	0	0	0	0	0	0	0	0	0	0	0	0	0	0	0	0	0	0	0	0	0	0	0	0	0	0	0	0	0	
1	1	1	378	11.34		300	0	0	-6.11566e-05	-6.11566e-05	0.000122313	0.0189	0	0	4.34698e-06	4.34698e-06	-8.69396e-06	57.1022	0	0	0.646272	0.362093	0	0.284179		300	0.0533604	-6.11572e-05	-6.11572e-05	0.000122314	0.00527403	0	0	0.0533604	0	-0.355028	-111.796	0	20.391	20.391	-1.5099e-14	5.32541	0	0	0	0	0	0	0	0	0	0	0	0	0	0	0	0	0	0	0	0	0	0	0	0	0	0	0	0	0	0	0	0	0	
1	1	1	379	11.37		300	0	0	-6.15526e-05	-6.15526e-05	0.000123105	0.01895	0	0	4.36887e-06	4.36887e-06	-8.73775e-06	57.1687	0	0	0.649129	0.363168	0	0.285962		300	0.0536951	-6.15531e-05	-6.15531e-05	0.000123106	0.00530817	0	0	0.0536951	0	-0.355028	-111.796	0	20.391	20.391	-1.5099e-14	5.32541	0	0	0	0	0	0	0	0	0	0	0	0	0	0	0	0	0	0	0	0	0	0	0	0	0	0	0	0	0	0	0	0	0	
1	1	1	380	11.4		300	0	0	-6.19491e-05	-6.19491e-05	0.000123898	0.019	0	0	4.39076e-06	4.39076e-06	-8.78151e-06	57.235	0	0	0.651989	0.364243	0	0.287747		300	0.0540303	-6.19496e-05	-6.19496e-05	0.000123899	0.00534235	0	0	0.0540303	0	-0.355028	-111.796	0	20.391	20.391	-1.5099e-14	5.32541	0	0	0	0	0	0	0	0	0	0	0	0	0	0	0	0	0	0	0	0	0	0	0	0	0	0	0	0	0	0	0	0	0	
1	1	1	381	11.43		300	0	0	-6.23462e-05	-6.23462e-05	0.000124692	0.01905	0	0	4.41263e-06	4.41263e-06	-8.82526e-06	57.3011	0	0	0.654853	0.365319	0	0.289534		300	0.0543658	-6.23467e-05	-6.23467e-05	0.000124693	0.00537658	0	0	0.0543658	0	-0.355028	-111.796	0	20.391	20.391	-1.5099e-14	5.32541	0	0	0	0	0	0	0	0	0	0	0	0	0	0	0	0	0	0	0	0	0	0	0	0	0	0	0	0	0	0	0	0	0	
1	1	1	382	11.46		300	0	0	-6.27438e-05	-6.27438e-05	0.000125488	0.0191	0	0	4.43449e-06	4.43449e-06	-8.86899e-06	57.3669	0	0	0.657719	0.366396	0	0.291324		300	0.0547019	-6.27444e-05	-6.27444e-05	0.000125489	0.00541087	0	0	0.0547019	0	-0.355028	-111.796	0	20.391	20.391	-1.5099e-14	5.32541	0	0	0	0	0	0	0	0	0	0	0	0	0	0	0	0	0	0	0	0	0	0	0	0	0	0	0	0	0	0	0	0	0	
1	1	1	383	11.49		300	0	0	-6.31421e-05	-6.31421e-05	0.000126284	0.01915	0	0	4.45635e-06	4.45635e-06	-8.91269e-06	57.4326	0	0	0.660589	0.367474	0	0.293115		300	0.0550383	-6.31426e-05	-6.31426e-05	0.000126285	0.0054452	0	0	0.0550383	0	-0.355028	-111.796	0	20.391	20.391	-1.5099e-14	5.32541	0	0	0	0	0	0	0	0	0	0	0	0	0	0	0	0	0	0	0	0	0	0	0	0	0	0	0	0	0	0	0	0	0	
1	1	1	384	11.52		300	0	0	-6.35409e-05	-6.35409e-05	0.000127082	0.0192	0	0	4.47819e-06	4.47819e-06	-8.95638e-06	57.498	0	0	0.663463	0.368553	0	0.29491		300	0.0553752	-6.35414e-05	-6.35414e-05	0.000127083	0.00547959	0	0	0.0553752	0	-0.355028	-111.796	0	20.391	20.391	-1.5099e-14	5.32541	0	0	0	0	0	0	0	0	0	0	0	0	0	0	0	0	0	0	0	0	0	0	0	0	0	0	0	0	0	0	0	0	0	
1	1	1	385	11.55		300	0	0	-6.39403e-05	-6.39403e-05	0.000127881	0.01925	0	0	4.50003e-06	4.50003e-06	-9.00005e-06	57.5633	0	0	0.666339	0.369633	0	0.296706		300	0.0557125	-6.39408e-05	-6.39408e-05	0.000127882	0.00551402	0	0	0.0557125	0	-0.355028	-111.796	0	20.391	20.391	-1.5099e-14	5.32541	0	0	0	0	0	0	0	0	0	0	0	0	0	0	0	0	0	0	0	0	0	0	0	0	0	0	0	0	0	0	0	0	0	
1	1	1	386	11.58		300	0	0	-6.43402e-05	-6.43402e-05	0.00012868	0.0193	0	0	4.52185e-06	4.52185e-06	-9.0437e-06	57.6283	0	0	0.669219	0.370714	0	0.298505		300	0.0560502	-6.43408e-05	-6.43408e-05	0.000128682	0.0055485	0	0	0.0560502	0	-0.355028	-111.796	0	20.391	20.391	-1.5099e-14	5.32541	0	0	0	0	0	0	0	0	0	0	0	0	0	0	0	0	0	0	0	0	0	0	0	0	0	0	0	0	0	0	0	0	0	
1	1	1	387	11.61		300	0	0	-6.47407e-05	-6.47407e-05	0.000129481	0.01935	0	0	4.54367e-06	4.54367e-06	-9.08733e-06	57.6932	0	0	0.672102	0.371797	0	0.300305		300	0.0563883	-6.47413e-05	-6.47413e-05	0.000129483	0.00558303	0	0	0.0563883	0	-0.355028	-111.796	0	20.391	20.391	-1.5099e-14	5.32541	0	0	0	0	0	0	0	0	0	0	0	0	0	0	0	0	0	0	0	0	0	0	0	0	0	0	0	0	0	0	0	0	0	
1	1	1	388	11.64		300	0	0	-6.51418e-05	-6.51418e-05	0.000130284	0.0194	0	0	4.56547e-06	4.56547e-06	-9.13095e-06	57.7578	0	0	0.674988	0.37288	0	0.302108		300	0.0567268	-6.51423e-05	-6.51423e-05	0.000130285	0.0056176	0	0	0.0567268	0	-0.355028	-111.796	0	20.391	20.391	-1.5099e-14	5.32541	0	0	0	0	0	0	0	0	0	0	0	0	0	0	0	0	0	0	0	0	0	0	0	0	0	0	0	0	0	0	0	0	0	
1	1	1	389	11.67		300	0	0	-6.55434e-05	-6.55434e-05	0.000131087	0.01945	0	0	4.58727e-06	4.58727e-06	-9.17454e-06	57.8222	0	0	0.677878	0.373964	0	0.303913		300	0.0570658	-6.55439e-05	-6.55439e-05	0.000131088	0.00565222	0	0	0.0570658	0	-0.355028	-111.796	0	20.391	20.391	-1.5099e-14	5.32541	0	0	0	0	0	0	0	0	0	0	0	0	0	0	0	0	0	0	0	0	0	0	0	0	0	0	0	0	0	0	0	0	0	
1	1	1	390	11.7		300	0	0	-6.59455e-05	-6.59455e-05	0.000131891	0.0195	0	0	4.60905e-06	4.60905e-06	-9.21811e-06	57.8865	0	0	0.68077	0.37505	0	0.305721		300	0.0574051	-6.59461e-05	-6.59461e-05	0.000131892	0.0056869	0	0	0.0574051	0	-0.355028	-111.796	0	20.391	20.391	-1.5099e-14	5.32541	0	0	0	0	0	0	0	0	0	0	0	0	0	0	0	0	0	0	0	0	0	0	0	0	0	0	0	0	0	0	0	0	0	
1	1	1	391	11.73		300	0	0	-6.63482e-05	-6.63482e-05	0.000132696	0.01955	0	0	4.63083e-06	4.63083e-06	-9.26166e-06	57.9505	0	0	0.683666	0.376136	0	0.30753		300	0.0577448	-6.63488e-05	-6.63488e-05	0.000132698	0.00572161	0	0	0.0577448	0	-0.355028	-111.796	0	20.391	20.391	-1.5099e-14	5.32541	0	0	0	0	0	0	0	0	0	0	0	0	0	0	0	0	0	0	0	0	0	0	0	0	0	0	0	0	0	0	0	0	0	
1	1	1	392	11.76		300	0	0	-6.67515e-05	-6.67515e-05	0.000133503	0.0196	0	0	4.6526e-06	4.6526e-06	-9.3052e-06	58.0144	0	0	0.686566	0.377224	0	0.309342		300	0.058085	-6.6752e-05	-6.6752e-05	0.000133504	0.00575638	0	0	0.058085	0	-0.355028	-111.796	0	20.391	20.391	-1.5099e-14	5.32541	0	0	0	0	0	0	0	0	0	0	0	0	0	0	0	0	0	0	0	0	0	0	0	0	0	0	0	0	0	0	0	0	0	
1	1	1	393	11.79		300	0	0	-6.71552e-05	-6.71552e-05	0.00013431	0.01965	0	0	4.67435e-06	4.67435e-06	-9.34871e-06	58.078	0	0	0.689468	0.378312	0	0.311155		300	0.0584255	-6.71558e-05	-6.71558e-05	0.000134312	0.00579119	0	0	0.0584255	0	-0.355028	-111.796	0	20.391	20.391	-1.5099e-14	5.32541	0	0	0	0	0	0	0	0	0	0	0	0	0	0	0	0	0	0	0	0	0	0	0	0	0	0	0	0	0	0	0	0	0	
1	1	1	394	11.82		300	0	0	-6.75595e-05	-6.75595e-05	0.000135119	0.0197	0	0	4.6961e-06	4.6961e-06	-9.3922e-06	58.1415	0	0	0.692373	0.379402	0	0.312971		300	0.0587664	-6.75601e-05	-6.75601e-05	0.00013512	0.00582604	0	0	0.0587664	0	-0.355028	-111.796	0	20.391	20.391	-1.5099e-14	5.32541	0	0	0	0	0	0	0	0	0	0	0	0	0	0	0	0	0	0	0	0	0	0	0	0	0	0	0	0	0	0	0	0	0	
1	1	1	395	11.85		300	0	0	-6.79643e-05	-6.79643e-05	0.000135929	0.01975	0	0	4.71784e-06	4.71784e-06	-9.43568e-06	58.2048	0	0	0.695282	0.380493	0	0.314789		300	0.0591077	-6.79649e-05	-6.79649e-05	0.00013593	0.00586094	0	0	0.0591077	0	-0.355028	-111.796	0	20.391	20.391	-1.5099e-14	5.32541	0	0	0	0	0	0	0	0	0	0	0	0	0	0	0	0	0	0	0	0	0	0	0	0	0	0	0	0	0	0	0	0	0	
1	1	1	396	11.88		300	0	0	-6.83697e-05	-6.83697e-05	0.000136739	0.0198	0	0	4.73957e-06	4.73957e-06	-9.47913e-06	58.2679	0	0	0.698194	0.381585	0	0.316609		300	0.0594494	-6.83703e-05	-6.83703e-05	0.000136741	0.00589589	0	0	0.0594494	0	-0.355028	-111.796	0	20.391	20.391	-1.5099e-14	5.32541	0	0	0	0	0	0	0	0	0	0	0	0	0	0	0	0	0	0	0	0	0	0	0	0	0	0	0	0	0	0	0	0	0	
1	1	1	397	11.91		300	0	0	-6.87756e-05	-6.87756e-05	0.000137551	0.01985	0	0	4.76128e-06	4.76128e-06	-9.52257e-06	58.3308	0	0	0.701109	0.382678	0	0.318431		300	0.0597915	-6.87761e-05	-6.87761e-05	0.000137552	0.00593088	0	0	0.0597915	0	-0.355028	-111.796	0	20.391	20.391	-1.5099e-14	5.32541	0	0	0	0	0	0	0	0	0	0	0	0	0	0	0	0	0	0	0	0	0	0	0	0	0	0	0	0	0	0	0	0	0	
1	1	1	398	11.94		300	0	0	-6.91819e-05	-6.91819e-05	0.000138364	0.0199	0	0	4.78299e-06	4.78299e-06	-9.56598e-06	58.3935	0	0	0.704027	0.383772	0	0.320255		300	0.060134	-6.91825e-05	-6.91825e-05	0.000138365	0.00596591	0	0	0.060134	0	-0.355028	-111.796	0	20.391	20.391	-1.5099e-14	5.32541	0	0	0	0	0	0	0	0	0	0	0	0	0	0	0	0	0	0	0	0	0	0	0	0	0	0	0	0	0	0	0	0	0	
1	1	1	399	11.97		300	0	0	-6.95888e-05	-6.95888e-05	0.000139178	0.01995	0	0	4.80469e-06	4.80469e-06	-9.60937e-06	58.456	0	0	0.706948	0.384867	0	0.322081		300	0.0604768	-6.95894e-05	-6.95894e-05	0.000139179	0.00600099	0	0	0.0604768	0	-0.355028	-111.796	0	20.391	20.391	-1.5099e-14	5.32541	0	0	0	0	0	0	0	0	0	0	0	0	0	0	0	0	0	0	0	0	0	0	0	0	0	0	0	0	0	0	0	0	0	
1	1	1	400	12		300	0	0	-6.99962e-05	-6.99962e-05	0.000139992	0.02	0	0	4.82637e-06	4.82637e-06	-9.65275e-06	58.5183	0	0	0.709872	0.385964	0	0.323909		300	0.06082	-6.99968e-05	-6.99968e-05	0.000139994	0.00603612	0	0	0.06082	0	-0.355028	-111.796	0	20.391	20.391	-1.5099e-14	5.32541	0	0	0	0	0	0	0	0	0	0	0	0	0	0	0	0	0	0	0	0	0	0	0	0	0	0	0	0	0	0	0	0	0	
1	1	1	401	12.03		300	0	0	-7.04041e-05	-7.04041e-05	0.000140808	0.02005	0	0	4.84805e-06	4.84805e-06	-9.6961e-06	58.5805	0	0	0.7128	0.387061	0	0.325739		300	0.0611636	-7.04047e-05	-7.04047e-05	0.000140809	0.00607128	0	0	0.0611636	0	-0.355028	-111.796	0	20.391	20.391	-1.5099e-14	5.32541	0	0	0	0	0	0	0	0	0	0	0	0	0	0	0	0	0	0	0	0	0	0	0	0	0	0	0	0	0	0	0	0	0	
1	1	1	402	12.06		300	0	0	-7.08125e-05	-7.08125e-05	0.000141625	0.0201	0	0	4.86972e-06	4.86972e-06	-9.73944e-06	58.6425	0	0	0.71573	0.38816	0	0.32757		300	0.0615076	-7.08131e-05	-7.08131e-05	0.000141626	0.00610649	0	0	0.0615076	0	-0.355028	-111.796	0	20.391	20.391	-1.5099e-14	5.32541	0	0	0	0	0	0	0	0	0	0	0	0	0	0	0	0	0	0	0	0	0	0	0	0	0	0	0	0	0	0	0	0	0	
1	1	1	403	12.09		300	0	0	-7.12215e-05	-7.12215e-05	0.000142443	0.02015	0	0	4.89138e-06	4.89138e-06	-9.78276e-06	58.7043	0	0	0.718664	0.38926	0	0.329404		300	0.0618519	-7.1222e-05	-7.1222e-05	0.000142444	0.00614175	0	0	0.0618519	0	-0.355028	-111.796	0	20.391	20.391	-1.5099e-14	5.32541	0	0	0	0	0	0	0	0	0	0	0	0	0	0	0	0	0	0	0	0	0	0	0	0	0	0	0	0	0	0	0	0	0	
1	1	1	404	12.12		300	0	0	-7.16309e-05	-7.16309e-05	0.000143262	0.0202	0	0	4.91303e-06	4.91303e-06	-9.82605e-06	58.7659	0	0	0.721601	0.390361	0	0.33124		300	0.0621966	-7.16314e-05	-7.16314e-05	0.000143263	0.00617704	0	0	0.0621966	0	-0.355028	-111.796	0	20.391	20.391	-1.5099e-14	5.32541	0	0	0	0	0	0	0	0	0	0	0	0	0	0	0	0	0	0	0	0	0	0	0	0	0	0	0	0	0	0	0	0	0	
1	1	1	405	12.15		300	0	0	-7.20408e-05	-7.20408e-05	0.000144082	0.02025	0	0	4.93466e-06	4.93466e-06	-9.86933e-06	58.8274	0	0	0.724541	0.391463	0	0.333078		300	0.0625416	-7.20413e-05	-7.20413e-05	0.000144083	0.00621238	0	0	0.0625416	0	-0.355028	-111.796	0	20.391	20.391	-1.5099e-14	5.32541	0	0	0	0	0	0	0	0	0	0	0	0	0	0	0	0	0	0	0	0	0	0	0	0	0	0	0	0	0	0	0	0	0	
1	1	1	406	12.18		300	0	0	-7.24511e-05	-7.24511e-05	0.000144902	0.0203	0	0	4.95629e-06	4.95629e-06	-9.91258e-06	58.8886	0	0	0.727484	0.392566	0	0.334917		300	0.062887	-7.24517e-05	-7.24517e-05	0.000144903	0.00624776	0	0	0.062887	0	-0.355028	-111.796	0	20.391	20.391	-1.5099e-14	5.32541	0	0	0	0	0	0	0	0	0	0	0	0	0	0	0	0	0	0	0	0	0	0	0	0	0	0	0	0	0	0	0	0	0	
1	1	1	407	12.21		300	0	0	-7.2862e-05	-7.2862e-05	0.000145724	0.02035	0	0	4.97791e-06	4.97791e-06	-9.95582e-06	58.9497	0	0	0.73043	0.393671	0	0.336759		300	0.0632328	-7.28626e-05	-7.28626e-05	0.000145725	0.00628318	0	0	0.0632328	0	-0.355028	-111.796	0	20.391	20.391	-1.5099e-14	5.32541	0	0	0	0	0	0	0	0	0	0	0	0	0	0	0	0	0	0	0	0	0	0	0	0	0	0	0	0	0	0	0	0	0	
1	1	1	408	12.24		300	0	0	-7.32734e-05	-7.32734e-05	0.000146547	0.0204	0	0	4.99952e-06	4.99952e-06	-9.99903e-06	59.0106	0	0	0.733379	0.394776	0	0.338602		300	0.0635789	-7.3274e-05	-7.3274e-05	0.000146548	0.00631864	0	0	0.0635789	0	-0.355028	-111.796	0	20.391	20.391	-1.5099e-14	5.32541	0	0	0	0	0	0	0	0	0	0	0	0	0	0	0	0	0	0	0	0	0	0	0	0	0	0	0	0	0	0	0	0	0	
1	1	1	409	12.27		300	0	0	-7.36852e-05	-7.36852e-05	0.00014737	0.02045	0	0	5.02111e-06	5.02111e-06	-1.00422e-05	59.0714	0	0	0.736331	0.395883	0	0.340447		300	0.0639253	-7.36858e-05	-7.36858e-05	0.000147372	0.00635415	0	0	0.0639253	0	-0.355028	-111.796	0	20.391	20.391	-1.5099e-14	5.32541	0	0	0	0	0	0	0	0	0	0	0	0	0	0	0	0	0	0	0	0	0	0	0	0	0	0	0	0	0	0	0	0	0	
1	1	1	410	12.3		300	0	0	-7.40975e-05	-7.40975e-05	0.000148195	0.0205	0	0	5.0427e-06	5.0427e-06	-1.00854e-05	59.1319	0	0	0.739286	0.396991	0	0.342294		300	0.0642722	-7.40981e-05	-7.40981e-05	0.000148196	0.00638969	0	0	0.0642722	0	-0.355028	-111.796	0	20.391	20.391	-1.5099e-14	5.32541	0	0	0	0	0	0	0	0	0	0	0	0	0	0	0	0	0	0	0	0	0	0	0	0	0	0	0	0	0	0	0	0	0	
1	1	1	411	12.33		300	0	0	-7.45103e-05	-7.45103e-05	0.000149021	0.02055	0	0	5.06428e-06	5.06428e-06	-1.01286e-05	59.1924	0	0	0.742244	0.3981	0	0.344143		300	0.0646193	-7.45109e-05	-7.45109e-05	0.000149022	0.00642528	0	0	0.0646193	0	-0.355028	-111.796	0	20.391	20.391	-1.5099e-14	5.32541	0	0	0	0	0	0	0	0	0	0	0	0	0	0	0	0	0	0	0	0	0	0	0	0	0	0	0	0	0	0	0	0	0	
1	1	1	412	12.36		300	0	0	-7.49235e-05	-7.49235e-05	0.000149847	0.0206	0	0	5.08584e-06	5.08584e-06	-1.01717e-05	59.2526	0	0	0.745205	0.399211	0	0.345994		300	0.0649668	-7.49241e-05	-7.49241e-05	0.000149848	0.00646091	0	0	0.0649668	0	-0.355028	-111.796	0	20.391	20.391	-1.5099e-14	5.32541	0	0	0	0	0	0	0	0	0	0	0	0	0	0	0	0	0	0	0	0	0	0	0	0	0	0	0	0	0	0	0	0	0	
1	1	1	413	12.39		300	0	0	-7.53372e-05	-7.53372e-05	0.000150674	0.02065	0	0	5.1074e-06	5.1074e-06	-1.02148e-05	59.3127	0	0	0.748169	0.400322	0	0.347847		300	0.0653146	-7.53378e-05	-7.53378e-05	0.000150676	0.00649657	0	0	0.0653146	0	-0.355028	-111.796	0	20.391	20.391	-1.5099e-14	5.32541	0	0	0	0	0	0	0	0	0	0	0	0	0	0	0	0	0	0	0	0	0	0	0	0	0	0	0	0	0	0	0	0	0	
1	1	1	414	12.42		300	0	0	-7.57514e-05	-7.57514e-05	0.000151503	0.0207	0	0	5.12895e-06	5.12895e-06	-1.02579e-05	59.3725	0	0	0.751136	0.401435	0	0.349701		300	0.0656628	-7.5752e-05	-7.5752e-05	0.000151504	0.00653228	0	0	0.0656628	0	-0.355028	-111.796	0	20.391	20.391	-1.5099e-14	5.32541	0	0	0	0	0	0	0	0	0	0	0	0	0	0	0	0	0	0	0	0	0	0	0	0	0	0	0	0	0	0	0	0	0	
1	1	1	415	12.45		300	0	0	-7.6166e-05	-7.6166e-05	0.000152332	0.02075	0	0	5.15049e-06	5.15049e-06	-1.0301e-05	59.4323	0	0	0.754106	0.402549	0	0.351557		300	0.0660113	-7.61667e-05	-7.61667e-05	0.000152333	0.00656803	0	0	0.0660113	0	-0.355028	-111.796	0	20.391	20.391	-1.5099e-14	5.32541	0	0	0	0	0	0	0	0	0	0	0	0	0	0	0	0	0	0	0	0	0	0	0	0	0	0	0	0	0	0	0	0	0	
1	1	1	416	12.48		300	0	0	-7.65811e-05	-7.65811e-05	0.000153162	0.0208	0	0	5.17201e-06	5.17201e-06	-1.0344e-05	59.4918	0	0	0.757079	0.403664	0	0.353415		300	0.0663602	-7.65818e-05	-7.65818e-05	0.000153164	0.00660381	0	0	0.0663602	0	-0.355028	-111.796	0	20.391	20.391	-1.5099e-14	5.32541	0	0	0	0	0	0	0	0	0	0	0	0	0	0	0	0	0	0	0	0	0	0	0	0	0	0	0	0	0	0	0	0	0	
1	1	1	417	12.51		300	0	0	-7.69967e-05	-7.69967e-05	0.000153993	0.02085	0	0	5.19353e-06	5.19353e-06	-1.03871e-05	59.5513	0	0	0.760056	0.404781	0	0.355275		300	0.0667093	-7.69973e-05	-7.69973e-05	0.000153995	0.00663964	0	0	0.0667093	0	-0.355028	-111.796	0	20.391	20.391	-1.5099e-14	5.32541	0	0	0	0	0	0	0	0	0	0	0	0	0	0	0	0	0	0	0	0	0	0	0	0	0	0	0	0	0	0	0	0	0	
1	1	1	418	12.54		300	0	0	-7.74127e-05	-7.74127e-05	0.000154825	0.0209	0	0	5.21504e-06	5.21504e-06	-1.04301e-05	59.6105	0	0	0.763035	0.405898	0	0.357136		300	0.0670588	-7.74133e-05	-7.74133e-05	0.000154827	0.0066755	0	0	0.0670588	0	-0.355028	-111.796	0	20.391	20.391	-1.5099e-14	5.32541	0	0	0	0	0	0	0	0	0	0	0	0	0	0	0	0	0	0	0	0	0	0	0	0	0	0	0	0	0	0	0	0	0	
1	1	1	419	12.57		300	0	0	-7.78291e-05	-7.78291e-05	0.000155658	0.02095	0	0	5.23653e-06	5.23653e-06	-1.04731e-05	59.6696	0	0	0.766017	0.407017	0	0.358999		300	0.0674087	-7.78297e-05	-7.78297e-05	0.000155659	0.0067114	0	0	0.0674087	0	-0.355028	-111.796	0	20.391	20.391	-1.5099e-14	5.32541	0	0	0	0	0	0	0	0	0	0	0	0	0	0	0	0	0	0	0	0	0	0	0	0	0	0	0	0	0	0	0	0	0	
1	1	1	420	12.6		300	0	0	-7.8246e-05	-7.8246e-05	0.000156492	0.021	0	0	5.25802e-06	5.25802e-06	-1.0516e-05	59.7285	0	0	0.769002	0.408137	0	0.360864		300	0.0677588	-7.82466e-05	-7.82466e-05	0.000156493	0.00674735	0	0	0.0677588	0	-0.355028	-111.796	0	20.391	20.391	-1.5099e-14	5.32541	0	0	0	0	0	0	0	0	0	0	0	0	0	0	0	0	0	0	0	0	0	0	0	0	0	0	0	0	0	0	0	0	0	
1	1	1	421	12.63		300	0	0	-7.86633e-05	-7.86633e-05	0.000157327	0.02105	0	0	5.2795e-06	5.2795e-06	-1.0559e-05	59.7873	0	0	0.771989	0.409258	0	0.362731		300	0.0681093	-7.8664e-05	-7.8664e-05	0.000157328	0.00678332	0	0	0.0681093	0	-0.355028	-111.796	0	20.391	20.391	-1.5099e-14	5.32541	0	0	0	0	0	0	0	0	0	0	0	0	0	0	0	0	0	0	0	0	0	0	0	0	0	0	0	0	0	0	0	0	0	
1	1	1	422	12.66		300	0	0	-7.90811e-05	-7.90811e-05	0.000158162	0.0211	0	0	5.30096e-06	5.30096e-06	-1.06019e-05	59.8459	0	0	0.77498	0.410381	0	0.364599		300	0.0684601	-7.90817e-05	-7.90817e-05	0.000158163	0.00681934	0	0	0.0684601	0	-0.355028	-111.796	0	20.391	20.391	-1.5099e-14	5.32541	0	0	0	0	0	0	0	0	0	0	0	0	0	0	0	0	0	0	0	0	0	0	0	0	0	0	0	0	0	0	0	0	0	
1	1	1	423	12.69		300	0	0	-7.94993e-05	-7.94993e-05	0.000158999	0.02115	0	0	5.32242e-06	5.32242e-06	-1.06448e-05	59.9043	0	0	0.777974	0.411505	0	0.366469		300	0.0688112	-7.94999e-05	-7.94999e-05	0.000159	0.00685539	0	0	0.0688112	0	-0.355028	-111.796	0	20.391	20.391	-1.5099e-14	5.32541	0	0	0	0	0	0	0	0	0	0	0	0	0	0	0	0	0	0	0	0	0	0	0	0	0	0	0	0	0	0	0	0	0	
1	1	1	424	12.72		300	0	0	-7.99179e-05	-7.99179e-05	0.000159836	0.0212	0	0	5.34386e-06	5.34386e-06	-1.06877e-05	59.9626	0	0	0.780971	0.41263	0	0.368341		300	0.0691626	-7.99186e-05	-7.99186e-05	0.000159837	0.00689149	0	0	0.0691626	0	-0.355028	-111.796	0	20.391	20.391	-1.5099e-14	5.32541	0	0	0	0	0	0	0	0	0	0	0	0	0	0	0	0	0	0	0	0	0	0	0	0	0	0	0	0	0	0	0	0	0	
1	1	1	425	12.75		300	0	0	-8.0337e-05	-8.0337e-05	0.000160674	0.02125	0	0	5.3653e-06	5.3653e-06	-1.07306e-05	60.0207	0	0	0.78397	0.413756	0	0.370214		300	0.0695143	-8.03376e-05	-8.03376e-05	0.000160675	0.00692761	0	0	0.0695143	0	-0.355028	-111.796	0	20.391	20.391	-1.5099e-14	5.32541	0	0	0	0	0	0	0	0	0	0	0	0	0	0	0	0	0	0	0	0	0	0	0	0	0	0	0	0	0	0	0	0	0	
1	1	1	426	12.78		300	0	0	-8.07565e-05	-8.07565e-05	0.000161513	0.0213	0	0	5.38672e-06	5.38672e-06	-1.07734e-05	60.0787	0	0	0.786973	0.414883	0	0.372089		300	0.0698664	-8.07571e-05	-8.07571e-05	0.000161514	0.00696378	0	0	0.0698664	0	-0.355028	-111.796	0	20.391	20.391	-1.5099e-14	5.32541	0	0	0	0	0	0	0	0	0	0	0	0	0	0	0	0	0	0	0	0	0	0	0	0	0	0	0	0	0	0	0	0	0	
1	1	1	427	12.81		300	0	0	-8.11764e-05	-8.11764e-05	0.000162353	0.02135	0	0	5.40814e-06	5.40814e-06	-1.08163e-05	60.1365	0	0	0.789978	0.416012	0	0.373966		300	0.0702187	-8.11771e-05	-8.11771e-05	0.000162354	0.00699998	0	0	0.0702187	0	-0.355028	-111.796	0	20.391	20.391	-1.5099e-14	5.32541	0	0	0	0	0	0	0	0	0	0	0	0	0	0	0	0	0	0	0	0	0	0	0	0	0	0	0	0	0	0	0	0	0	
1	1	1	428	12.84		300	0	0	-8.15968e-05	-8.15968e-05	0.000163194	0.0214	0	0	5.42954e-06	5.42954e-06	-1.08591e-05	60.1942	0	0	0.792986	0.417142	0	0.375844		300	0.0705714	-8.15974e-05	-8.15974e-05	0.000163195	0.00703622	0	0	0.0705714	0	-0.355028	-111.796	0	20.391	20.391	-1.5099e-14	5.32541	0	0	0	0	0	0	0	0	0	0	0	0	0	0	0	0	0	0	0	0	0	0	0	0	0	0	0	0	0	0	0	0	0	
1	1	1	429	12.87		300	0	0	-8.20175e-05	-8.20175e-05	0.000164035	0.02145	0	0	5.45094e-06	5.45094e-06	-1.09019e-05	60.2517	0	0	0.795998	0.418274	0	0.377724		300	0.0709244	-8.20182e-05	-8.20182e-05	0.000164036	0.00707249	0	0	0.0709244	0	-0.355028	-111.796	0	20.391	20.391	-1.5099e-14	5.32541	0	0	0	0	0	0	0	0	0	0	0	0	0	0	0	0	0	0	0	0	0	0	0	0	0	0	0	0	0	0	0	0	0	
1	1	1	430	12.9		300	0	0	-8.24387e-05	-8.24387e-05	0.000164877	0.0215	0	0	5.47232e-06	5.47232e-06	-1.09446e-05	60.3091	0	0	0.799012	0.419406	0	0.379605		300	0.0712776	-8.24394e-05	-8.24394e-05	0.000164879	0.00710881	0	0	0.0712776	0	-0.355028	-111.796	0	20.391	20.391	-1.5099e-14	5.32541	0	0	0	0	0	0	0	0	0	0	0	0	0	0	0	0	0	0	0	0	0	0	0	0	0	0	0	0	0	0	0	0	0	
1	1	1	431	12.93		300	0	0	-8.28603e-05	-8.28603e-05	0.000165721	0.02155	0	0	5.4937e-06	5.4937e-06	-1.09874e-05	60.3663	0	0	0.802028	0.42054	0	0.381489		300	0.0716312	-8.2861e-05	-8.2861e-05	0.000165722	0.00714515	0	0	0.0716312	0	-0.355028	-111.796	0	20.391	20.391	-1.5099e-14	5.32541	0	0	0	0	0	0	0	0	0	0	0	0	0	0	0	0	0	0	0	0	0	0	0	0	0	0	0	0	0	0	0	0	0	
1	1	1	432	12.96		300	0	0	-8.32823e-05	-8.32823e-05	0.000166565	0.0216	0	0	5.51506e-06	5.51506e-06	-1.10301e-05	60.4234	0	0	0.805048	0.421675	0	0.383373		300	0.071985	-8.3283e-05	-8.3283e-05	0.000166566	0.00718153	0	0	0.071985	0	-0.355028	-111.796	0	20.391	20.391	-1.5099e-14	5.32541	0	0	0	0	0	0	0	0	0	0	0	0	0	0	0	0	0	0	0	0	0	0	0	0	0	0	0	0	0	0	0	0	0	
1	1	1	433	12.99		300	0	0	-8.37047e-05	-8.37047e-05	0.000167409	0.02165	0	0	5.53641e-06	5.53641e-06	-1.10728e-05	60.4803	0	0	0.808071	0.422811	0	0.385259		300	0.0723392	-8.37054e-05	-8.37054e-05	0.000167411	0.00721795	0	0	0.0723392	0	-0.355028	-111.796	0	20.391	20.391	-1.5099e-14	5.32541	0	0	0	0	0	0	0	0	0	0	0	0	0	0	0	0	0	0	0	0	0	0	0	0	0	0	0	0	0	0	0	0	0	
1	1	1	434	13.02		300	0	0	-8.41275e-05	-8.41275e-05	0.000168255	0.0217	0	0	5.55776e-06	5.55776e-06	-1.11155e-05	60.5371	0	0	0.811096	0.423949	0	0.387147		300	0.0726937	-8.41282e-05	-8.41282e-05	0.000168256	0.0072544	0	0	0.0726937	0	-0.355028	-111.796	0	20.391	20.391	-1.5099e-14	5.32541	0	0	0	0	0	0	0	0	0	0	0	0	0	0	0	0	0	0	0	0	0	0	0	0	0	0	0	0	0	0	0	0	0	
1	1	1	435	13.05		300	0	0	-8.45508e-05	-8.45508e-05	0.000169102	0.02175	0	0	5.57909e-06	5.57909e-06	-1.11582e-05	60.5937	0	0	0.814124	0.425088	0	0.389037		300	0.0730484	-8.45514e-05	-8.45514e-05	0.000169103	0.00729089	0	0	0.0730484	0	-0.355028	-111.796	0	20.391	20.391	-1.5099e-14	5.32541	0	0	0	0	0	0	0	0	0	0	0	0	0	0	0	0	0	0	0	0	0	0	0	0	0	0	0	0	0	0	0	0	0	
1	1	1	436	13.08		300	0	0	-8.49744e-05	-8.49744e-05	0.000169949	0.0218	0	0	5.60041e-06	5.60041e-06	-1.12008e-05	60.6502	0	0	0.817156	0.426228	0	0.390927		300	0.0734034	-8.4975e-05	-8.4975e-05	0.00016995	0.00732741	0	0	0.0734034	0	-0.355028	-111.796	0	20.391	20.391	-1.5099e-14	5.32541	0	0	0	0	0	0	0	0	0	0	0	0	0	0	0	0	0	0	0	0	0	0	0	0	0	0	0	0	0	0	0	0	0	
1	1	1	437	13.11		300	0	0	-8.53984e-05	-8.53984e-05	0.000170797	0.02185	0	0	5.62172e-06	5.62172e-06	-1.12434e-05	60.7065	0	0	0.820189	0.42737	0	0.39282		300	0.0737587	-8.53991e-05	-8.53991e-05	0.000170798	0.00736397	0	0	0.0737587	0	-0.355028	-111.796	0	20.391	20.391	-1.5099e-14	5.32541	0	0	0	0	0	0	0	0	0	0	0	0	0	0	0	0	0	0	0	0	0	0	0	0	0	0	0	0	0	0	0	0	0	
1	1	1	438	13.14		300	0	0	-8.58228e-05	-8.58228e-05	0.000171646	0.0219	0	0	5.64303e-06	5.64303e-06	-1.12861e-05	60.7627	0	0	0.823226	0.428512	0	0.394714		300	0.0741143	-8.58235e-05	-8.58235e-05	0.000171647	0.00740056	0	0	0.0741143	0	-0.355028	-111.796	0	20.391	20.391	-1.5099e-14	5.32541	0	0	0	0	0	0	0	0	0	0	0	0	0	0	0	0	0	0	0	0	0	0	0	0	0	0	0	0	0	0	0	0	0	
1	1	1	439	13.17		300	0	0	-8.62476e-05	-8.62476e-05	0.000172495	0.02195	0	0	5.66432e-06	5.66432e-06	-1.13286e-05	60.8188	0	0	0.826266	0.429656	0	0.396609		300	0.0744702	-8.62483e-05	-8.62483e-05	0.000172497	0.00743718	0	0	0.0744702	0	-0.355028	-111.796	0	20.391	20.391	-1.5099e-14	5.32541	0	0	0	0	0	0	0	0	0	0	0	0	0	0	0	0	0	0	0	0	0	0	0	0	0	0	0	0	0	0	0	0	0	
1	1	1	440	13.2		300	0	0	-8.66728e-05	-8.66728e-05	0.000173346	0.022	0	0	5.6856e-06	5.6856e-06	-1.13712e-05	60.8747	0	0	0.829308	0.430802	0	0.398506		300	0.0748264	-8.66735e-05	-8.66735e-05	0.000173347	0.00747384	0	0	0.0748264	0	-0.355028	-111.796	0	20.391	20.391	-1.5099e-14	5.32541	0	0	0	0	0	0	0	0	0	0	0	0	0	0	0	0	0	0	0	0	0	0	0	0	0	0	0	0	0	0	0	0	0	
1	1	1	441	13.23		300	0	0	-8.70984e-05	-8.70984e-05	0.000174197	0.02205	0	0	5.70687e-06	5.70687e-06	-1.14137e-05	60.9305	0	0	0.832353	0.431949	0	0.400405		300	0.0751828	-8.70991e-05	-8.70991e-05	0.000174198	0.00751053	0	0	0.0751828	0	-0.355028	-111.796	0	20.391	20.391	-1.5099e-14	5.32541	0	0	0	0	0	0	0	0	0	0	0	0	0	0	0	0	0	0	0	0	0	0	0	0	0	0	0	0	0	0	0	0	0	
1	1	1	442	13.26		300	0	0	-8.75244e-05	-8.75244e-05	0.000175049	0.0221	0	0	5.72813e-06	5.72813e-06	-1.14563e-05	60.9861	0	0	0.835401	0.433097	0	0.402305		300	0.0755396	-8.75251e-05	-8.75251e-05	0.00017505	0.00754725	0	0	0.0755396	0	-0.355028	-111.796	0	20.391	20.391	-1.5099e-14	5.32541	0	0	0	0	0	0	0	0	0	0	0	0	0	0	0	0	0	0	0	0	0	0	0	0	0	0	0	0	0	0	0	0	0	
1	1	1	443	13.29		300	0	0	-8.79508e-05	-8.79508e-05	0.000175902	0.02215	0	0	5.74938e-06	5.74938e-06	-1.14988e-05	61.0416	0	0	0.838452	0.434246	0	0.404206		300	0.0758966	-8.79514e-05	-8.79514e-05	0.000175903	0.00758401	0	0	0.0758966	0	-0.355028	-111.796	0	20.391	20.391	-1.5099e-14	5.32541	0	0	0	0	0	0	0	0	0	0	0	0	0	0	0	0	0	0	0	0	0	0	0	0	0	0	0	0	0	0	0	0	0	
1	1	1	444	13.32		300	0	0	-8.83775e-05	-8.83775e-05	0.000176755	0.0222	0	0	5.77062e-06	5.77062e-06	-1.15412e-05	61.0969	0	0	0.841505	0.435397	0	0.406109		300	0.0762538	-8.83782e-05	-8.83782e-05	0.000176756	0.0076208	0	0	0.0762538	0	-0.355028	-111.796	0	20.391	20.391	-1.5099e-14	5.32541	0	0	0	0	0	0	0	0	0	0	0	0	0	0	0	0	0	0	0	0	0	0	0	0	0	0	0	0	0	0	0	0	0	
1	1	1	445	13.35		300	0	0	-8.88046e-05	-8.88046e-05	0.000177609	0.02225	0	0	5.79185e-06	5.79185e-06	-1.15837e-05	61.1522	0	0	0.844562	0.436548	0	0.408013		300	0.0766114	-8.88053e-05	-8.88053e-05	0.000177611	0.00765762	0	0	0.0766114	0	-0.355028	-111.796	0	20.391	20.391	-1.5099e-14	5.32541	0	0	0	0	0	0	0	0	0	0	0	0	0	0	0	0	0	0	0	0	0	0	0	0	0	0	0	0	0	0	0	0	0	
1	1	1	446	13.38		300	0	0	-8.92321e-05	-8.92321e-05	0.000178464	0.0223	0	0	5.81307e-06	5.81307e-06	-1.16261e-05	61.2073	0	0	0.847621	0.437702	0	0.409919		300	0.0769692	-8.92328e-05	-8.92328e-05	0.000178466	0.00769448	0	0	0.0769692	0	-0.355028	-111.796	0	20.391	20.391	-1.5099e-14	5.32541	0	0	0	0	0	0	0	0	0	0	0	0	0	0	0	0	0	0	0	0	0	0	0	0	0	0	0	0	0	0	0	0	0	
1	1	1	447	13.41		300	0	0	-8.966e-05	-8.966e-05	0.00017932	0.02235	0	0	5.83428e-06	5.83428e-06	-1.16686e-05	61.2622	0	0	0.850682	0.438856	0	0.411826		300	0.0773273	-8.96607e-05	-8.96607e-05	0.000179321	0.00773137	0	0	0.0773273	0	-0.355028	-111.796	0	20.391	20.391	-1.5099e-14	5.32541	0	0	0	0	0	0	0	0	0	0	0	0	0	0	0	0	0	0	0	0	0	0	0	0	0	0	0	0	0	0	0	0	0	
1	1	1	448	13.44		300	0	0	-9.00882e-05	-9.00882e-05	0.000180176	0.0224	0	0	5.85548e-06	5.85548e-06	-1.1711e-05	61.317	0	0	0.853747	0.440012	0	0.413735		300	0.0776856	-9.00889e-05	-9.00889e-05	0.000180178	0.00776829	0	0	0.0776856	0	-0.355028	-111.796	0	20.391	20.391	-1.5099e-14	5.32541	0	0	0	0	0	0	0	0	0	0	0	0	0	0	0	0	0	0	0	0	0	0	0	0	0	0	0	0	0	0	0	0	0	
1	1	1	449	13.47		300	0	0	-9.05169e-05	-9.05169e-05	0.000181034	0.02245	0	0	5.87667e-06	5.87667e-06	-1.17533e-05	61.3717	0	0	0.856814	0.441169	0	0.415645		300	0.0780443	-9.05176e-05	-9.05176e-05	0.000181035	0.00780524	0	0	0.0780443	0	-0.355028	-111.796	0	20.391	20.391	-1.5099e-14	5.32541	0	0	0	0	0	0	0	0	0	0	0	0	0	0	0	0	0	0	0	0	0	0	0	0	0	0	0	0	0	0	0	0	0	
1	1	1	450	13.5		300	0	0	-9.09458e-05	-9.09458e-05	0.000181892	0.0225	0	0	5.89785e-06	5.89785e-06	-1.17957e-05	61.4262	0	0	0.859884	0.442328	0	0.417556		300	0.0784031	-9.09465e-05	-9.09465e-05	0.000181893	0.00784222	0	0	0.0784031	0	-0.355028	-111.796	0	20.391	20.391	-1.5099e-14	5.32541	0	0	0	0	0	0	0	0	0	0	0	0	0	0	0	0	0	0	0	0	0	0	0	0	0	0	0	0	0	0	0	0	0	
1	1	1	451	13.53		300	0	0	-9.13752e-05	-9.13752e-05	0.00018275	0.02255	0	0	5.91902e-06	5.91902e-06	-1.1838e-05	61.4807	0	0	0.862957	0.443488	0	0.419469		300	0.0787623	-9.13759e-05	-9.13759e-05	0.000182752	0.00787923	0	0	0.0787623	0	-0.355028	-111.796	0	20.391	20.391	-1.5099e-14	5.32541	0	0	0	0	0	0	0	0	0	0	0	0	0	0	0	0	0	0	0	0	0	0	0	0	0	0	0	0	0	0	0	0	0	
1	1	1	452	13.56		300	0	0	-9.18049e-05	-9.18049e-05	0.00018361	0.0226	0	0	5.94017e-06	5.94017e-06	-1.18803e-05	61.5349	0	0	0.866032	0.444649	0	0.421383		300	0.0791217	-9.18056e-05	-9.18056e-05	0.000183611	0.00791628	0	0	0.0791217	0	-0.355028	-111.796	0	20.391	20.391	-1.5099e-14	5.32541	0	0	0	0	0	0	0	0	0	0	0	0	0	0	0	0	0	0	0	0	0	0	0	0	0	0	0	0	0	0	0	0	0	
1	1	1	453	13.59		300	0	0	-9.2235e-05	-9.2235e-05	0.00018447	0.02265	0	0	5.96132e-06	5.96132e-06	-1.19226e-05	61.5891	0	0	0.86911	0.445812	0	0.423298		300	0.0794813	-9.22357e-05	-9.22357e-05	0.000184471	0.00795336	0	0	0.0794813	0	-0.355028	-111.796	0	20.391	20.391	-1.5099e-14	5.32541	0	0	0	0	0	0	0	0	0	0	0	0	0	0	0	0	0	0	0	0	0	0	0	0	0	0	0	0	0	0	0	0	0	
1	1	1	454	13.62		300	0	0	-9.26654e-05	-9.26654e-05	0.000185331	0.0227	0	0	5.98246e-06	5.98246e-06	-1.19649e-05	61.6431	0	0	0.872191	0.446975	0	0.425215		300	0.0798413	-9.26661e-05	-9.26661e-05	0.000185332	0.00799047	0	0	0.0798413	0	-0.355028	-111.796	0	20.391	20.391	-1.5099e-14	5.32541	0	0	0	0	0	0	0	0	0	0	0	0	0	0	0	0	0	0	0	0	0	0	0	0	0	0	0	0	0	0	0	0	0	
1	1	1	455	13.65		300	0	0	-9.30962e-05	-9.30962e-05	0.000186192	0.02275	0	0	6.00358e-06	6.00358e-06	-1.20072e-05	61.697	0	0	0.875274	0.448141	0	0.427134		300	0.0802014	-9.30969e-05	-9.30969e-05	0.000186194	0.00802761	0	0	0.0802014	0	-0.355028	-111.796	0	20.391	20.391	-1.5099e-14	5.32541	0	0	0	0	0	0	0	0	0	0	0	0	0	0	0	0	0	0	0	0	0	0	0	0	0	0	0	0	0	0	0	0	0	
1	1	1	456	13.68		300	0	0	-9.35273e-05	-9.35273e-05	0.000187055	0.0228	0	0	6.0247e-06	6.0247e-06	-1.20494e-05	61.7508	0	0	0.878361	0.449307	0	0.429053		300	0.0805619	-9.3528e-05	-9.3528e-05	0.000187056	0.00806478	0	0	0.0805619	0	-0.355028	-111.796	0	20.391	20.391	-1.5099e-14	5.32541	0	0	0	0	0	0	0	0	0	0	0	0	0	0	0	0	0	0	0	0	0	0	0	0	0	0	0	0	0	0	0	0	0	
1	1	1	457	13.71		300	0	0	-9.39588e-05	-9.39588e-05	0.000187918	0.02285	0	0	6.04581e-06	6.04581e-06	-1.20916e-05	61.8044	0	0	0.881449	0.450475	0	0.430974		300	0.0809225	-9.39595e-05	-9.39595e-05	0.000187919	0.00810197	0	0	0.0809225	0	-0.355028	-111.796	0	20.391	20.391	-1.5099e-14	5.32541	0	0	0	0	0	0	0	0	0	0	0	0	0	0	0	0	0	0	0	0	0	0	0	0	0	0	0	0	0	0	0	0	0	
1	1	1	458	13.74		300	0	0	-9.43907e-05	-9.43907e-05	0.000188781	0.0229	0	0	6.0669e-06	6.0669e-06	-1.21338e-05	61.8579	0	0	0.884541	0.451644	0	0.432897		300	0.0812835	-9.43914e-05	-9.43914e-05	0.000188783	0.00813921	0	0	0.0812835	0	-0.355028	-111.796	0	20.391	20.391	-1.5099e-14	5.32541	0	0	0	0	0	0	0	0	0	0	0	0	0	0	0	0	0	0	0	0	0	0	0	0	0	0	0	0	0	0	0	0	0	
1	1	1	459	13.77		300	0	0	-9.48229e-05	-9.48229e-05	0.000189646	0.02295	0	0	6.08799e-06	6.08799e-06	-1.2176e-05	61.9113	0	0	0.887635	0.452815	0	0.43482		300	0.0816446	-9.48236e-05	-9.48236e-05	0.000189647	0.00817647	0	0	0.0816446	0	-0.355028	-111.796	0	20.391	20.391	-1.5099e-14	5.32541	0	0	0	0	0	0	0	0	0	0	0	0	0	0	0	0	0	0	0	0	0	0	0	0	0	0	0	0	0	0	0	0	0	
1	1	1	460	13.8		300	0	0	-9.52554e-05	-9.52554e-05	0.000190511	0.023	0	0	6.10906e-06	6.10906e-06	-1.22181e-05	61.9646	0	0	0.890732	0.453987	0	0.436745		300	0.0820061	-9.52561e-05	-9.52561e-05	0.000190512	0.00821376	0	0	0.0820061	0	-0.355028	-111.796	0	20.391	20.391	-1.5099e-14	5.32541	0	0	0	0	0	0	0	0	0	0	0	0	0	0	0	0	0	0	0	0	0	0	0	0	0	0	0	0	0	0	0	0	0	
1	1	1	461	13.83		300	0	0	-9.56883e-05	-9.56883e-05	0.000191377	0.02305	0	0	6.13013e-06	6.13013e-06	-1.22603e-05	62.0177	0	0	0.893832	0.45516	0	0.438671		300	0.0823677	-9.5689e-05	-9.5689e-05	0.000191378	0.00825107	0	0	0.0823677	0	-0.355028	-111.796	0	20.391	20.391	-1.5099e-14	5.32541	0	0	0	0	0	0	0	0	0	0	0	0	0	0	0	0	0	0	0	0	0	0	0	0	0	0	0	0	0	0	0	0	0	
1	1	1	462	13.86		300	0	0	-9.61215e-05	-9.61215e-05	0.000192243	0.0231	0	0	6.15118e-06	6.15118e-06	-1.23024e-05	62.0708	0	0	0.896934	0.456335	0	0.440599		300	0.0827296	-9.61222e-05	-9.61222e-05	0.000192244	0.00828842	0	0	0.0827296	0	-0.355028	-111.796	0	20.391	20.391	-1.5099e-14	5.32541	0	0	0	0	0	0	0	0	0	0	0	0	0	0	0	0	0	0	0	0	0	0	0	0	0	0	0	0	0	0	0	0	0	
1	1	1	463	13.89		300	0	0	-9.65551e-05	-9.65551e-05	0.00019311	0.02315	0	0	6.17222e-06	6.17222e-06	-1.23444e-05	62.1236	0	0	0.900039	0.457511	0	0.442528		300	0.0830918	-9.65558e-05	-9.65558e-05	0.000193112	0.0083258	0	0	0.0830918	0	-0.355028	-111.796	0	20.391	20.391	-1.5099e-14	5.32541	0	0	0	0	0	0	0	0	0	0	0	0	0	0	0	0	0	0	0	0	0	0	0	0	0	0	0	0	0	0	0	0	0	
1	1	1	464	13.92		300	0	0	-9.6989e-05	-9.6989e-05	0.000193978	0.0232	0	0	6.19326e-06	6.19326e-06	-1.23865e-05	62.1764	0	0	0.903146	0.458688	0	0.444458		300	0.0834542	-9.69897e-05	-9.69897e-05	0.000193979	0.00836321	0	0	0.0834542	0	-0.355028	-111.796	0	20.391	20.391	-1.5099e-14	5.32541	0	0	0	0	0	0	0	0	0	0	0	0	0	0	0	0	0	0	0	0	0	0	0	0	0	0	0	0	0	0	0	0	0	
1	1	1	465	13.95		300	0	0	-9.74232e-05	-9.74232e-05	0.000194846	0.02325	0	0	6.21428e-06	6.21428e-06	-1.24286e-05	62.2291	0	0	0.906256	0.459867	0	0.446389		300	0.0838168	-9.7424e-05	-9.7424e-05	0.000194848	0.00840065	0	0	0.0838168	0	-0.355028	-111.796	0	20.391	20.391	-1.5099e-14	5.32541	0	0	0	0	0	0	0	0	0	0	0	0	0	0	0	0	0	0	0	0	0	0	0	0	0	0	0	0	0	0	0	0	0	
1	1	1	466	13.98		300	0	0	-9.78578e-05	-9.78578e-05	0.000195716	0.0233	0	0	6.23529e-06	6.23529e-06	-1.24706e-05	62.2816	0	0	0.909369	0.461047	0	0.448322		300	0.0841797	-9.78585e-05	-9.78585e-05	0.000195717	0.00843811	0	0	0.0841797	0	-0.355028	-111.796	0	20.391	20.391	-1.5099e-14	5.32541	0	0	0	0	0	0	0	0	0	0	0	0	0	0	0	0	0	0	0	0	0	0	0	0	0	0	0	0	0	0	0	0	0	
1	1	1	467	14.01		300	0	0	-9.82927e-05	-9.82927e-05	0.000196585	0.02335	0	0	6.25629e-06	6.25629e-06	-1.25126e-05	62.334	0	0	0.912485	0.462229	0	0.450256		300	0.0845428	-9.82934e-05	-9.82934e-05	0.000196587	0.00847561	0	0	0.0845428	0	-0.355028	-111.796	0	20.391	20.391	-1.5099e-14	5.32541	0	0	0	0	0	0	0	0	0	0	0	0	0	0	0	0	0	0	0	0	0	0	0	0	0	0	0	0	0	0	0	0	0	
1	1	1	468	14.04		300	0	0	-9.87279e-05	-9.87279e-05	0.000197456	0.0234	0	0	6.27728e-06	6.27728e-06	-1.25546e-05	62.3863	0	0	0.915603	0.463412	0	0.452191		300	0.0849061	-9.87287e-05	-9.87287e-05	0.000197457	0.00851313	0	0	0.0849061	0	-0.355028	-111.796	0	20.391	20.391	-1.5099e-14	5.32541	0	0	0	0	0	0	0	0	0	0	0	0	0	0	0	0	0	0	0	0	0	0	0	0	0	0	0	0	0	0	0	0	0	
1	1	1	469	14.07		300	0	0	-9.91635e-05	-9.91635e-05	0.000198327	0.02345	0	0	6.29826e-06	6.29826e-06	-1.25965e-05	62.4385	0	0	0.918723	0.464596	0	0.454127		300	0.0852697	-9.91642e-05	-9.91642e-05	0.000198328	0.00855068	0	0	0.0852697	0	-0.355028	-111.796	0	20.391	20.391	-1.5099e-14	5.32541	0	0	0	0	0	0	0	0	0	0	0	0	0	0	0	0	0	0	0	0	0	0	0	0	0	0	0	0	0	0	0	0	0	
1	1	1	470	14.1		300	0	0	-9.95994e-05	-9.95994e-05	0.000199199	0.0235	0	0	6.31924e-06	6.31924e-06	-1.26385e-05	62.4905	0	0	0.921846	0.465782	0	0.456065		300	0.0856335	-9.96001e-05	-9.96001e-05	0.0001992	0.00858826	0	0	0.0856335	0	-0.355028	-111.796	0	20.391	20.391	-1.5099e-14	5.32541	0	0	0	0	0	0	0	0	0	0	0	0	0	0	0	0	0	0	0	0	0	0	0	0	0	0	0	0	0	0	0	0	0	
1	1	1	471	14.13		300	0	0	-0.000100036	-0.000100036	0.000200071	0.02355	0	0	6.3402e-06	6.3402e-06	-1.26804e-05	62.5425	0	0	0.924972	0.466969	0	0.458004		300	0.0859975	-0.000100036	-0.000100036	0.000200073	0.00862587	0	0	0.0859975	0	-0.355028	-111.796	0	20.391	20.391	-1.5099e-14	5.32541	0	0	0	0	0	0	0	0	0	0	0	0	0	0	0	0	0	0	0	0	0	0	0	0	0	0	0	0	0	0	0	0	0	
1	1	1	472	14.16		300	0	0	-0.000100472	-0.000100472	0.000200944	0.0236	0	0	6.36115e-06	6.36115e-06	-1.27223e-05	62.5943	0	0	0.928101	0.468157	0	0.459944		300	0.0863618	-0.000100473	-0.000100473	0.000200946	0.0086635	0	0	0.0863618	0	-0.355028	-111.796	0	20.391	20.391	-1.5099e-14	5.32541	0	0	0	0	0	0	0	0	0	0	0	0	0	0	0	0	0	0	0	0	0	0	0	0	0	0	0	0	0	0	0	0	0	
1	1	1	473	14.19		300	0	0	-0.000100909	-0.000100909	0.000201818	0.02365	0	0	6.38208e-06	6.38208e-06	-1.27642e-05	62.646	0	0	0.931232	0.469347	0	0.461885		300	0.0867263	-0.00010091	-0.00010091	0.00020182	0.00870116	0	0	0.0867263	0	-0.355028	-111.796	0	20.391	20.391	-1.5099e-14	5.32541	0	0	0	0	0	0	0	0	0	0	0	0	0	0	0	0	0	0	0	0	0	0	0	0	0	0	0	0	0	0	0	0	0	
1	1	1	474	14.22		300	0	0	-0.000101346	-0.000101346	0.000202692	0.0237	0	0	6.40301e-06	6.40301e-06	-1.2806e-05	62.6976	0	0	0.934365	0.470538	0	0.463827		300	0.087091	-0.000101347	-0.000101347	0.000202694	0.00873885	0	0	0.087091	0	-0.355028	-111.796	0	20.391	20.391	-1.5099e-14	5.32541	0	0	0	0	0	0	0	0	0	0	0	0	0	0	0	0	0	0	0	0	0	0	0	0	0	0	0	0	0	0	0	0	0	
1	1	1	475	14.25		300	0	0	-0.000101784	-0.000101784	0.000203567	0.02375	0	0	6.42393e-06	6.42393e-06	-1.28479e-05	62.749	0	0	0.937501	0.47173	0	0.465771		300	0.0874559	-0.000101784	-0.000101784	0.000203569	0.00877657	0	0	0.0874559	0	-0.355028	-111.796	0	20.391	20.391	-1.5099e-14	5.32541	0	0	0	0	0	0	0	0	0	0	0	0	0	0	0	0	0	0	0	0	0	0	0	0	0	0	0	0	0	0	0	0	0	
1	1	1	476	14.28		300	0	0	-0.000102221	-0.000102221	0.000204443	0.0238	0	0	6.44484e-06	6.44484e-06	-1.28897e-05	62.8004	0	0	0.94064	0.472924	0	0.467716		300	0.0878211	-0.000102222	-0.000102222	0.000204444	0.00881431	0	0	0.0878211	0	-0.355028	-111.796	0	20.391	20.391	-1.5099e-14	5.32541	0	0	0	0	0	0	0	0	0	0	0	0	0	0	0	0	0	0	0	0	0	0	0	0	0	0	0	0	0	0	0	0	0	
1	1	1	477	14.31		300	0	0	-0.00010266	-0.00010266	0.000205319	0.02385	0	0	6.46574e-06	6.46574e-06	-1.29315e-05	62.8516	0	0	0.943781	0.47412	0	0.469662		300	0.0881864	-0.00010266	-0.00010266	0.000205321	0.00885209	0	0	0.0881864	0	-0.355028	-111.796	0	20.391	20.391	-1.5099e-14	5.32541	0	0	0	0	0	0	0	0	0	0	0	0	0	0	0	0	0	0	0	0	0	0	0	0	0	0	0	0	0	0	0	0	0	
1	1	1	478	14.34		300	0	0	-0.000103098	-0.000103098	0.000206196	0.0239	0	0	6.48662e-06	6.48662e-06	-1.29732e-05	62.9028	0	0	0.946925	0.475316	0	0.471609		300	0.088552	-0.000103099	-0.000103099	0.000206198	0.00888988	0	0	0.088552	0	-0.355028	-111.796	0	20.391	20.391	-1.5099e-14	5.32541	0	0	0	0	0	0	0	0	0	0	0	0	0	0	0	0	0	0	0	0	0	0	0	0	0	0	0	0	0	0	0	0	0	
1	1	1	479	14.37		300	0	0	-0.000103537	-0.000103537	0.000207074	0.02395	0	0	6.5075e-06	6.5075e-06	-1.3015e-05	62.9538	0	0	0.950072	0.476514	0	0.473557		300	0.0889179	-0.000103538	-0.000103538	0.000207075	0.00892771	0	0	0.0889179	0	-0.355028	-111.796	0	20.391	20.391	-1.5099e-14	5.32541	0	0	0	0	0	0	0	0	0	0	0	0	0	0	0	0	0	0	0	0	0	0	0	0	0	0	0	0	0	0	0	0	0	
1	1	1	480	14.4		300	0	0	-0.000103976	-0.000103976	0.000207952	0.024	0	0	6.52837e-06	6.52837e-06	-1.30567e-05	63.0047	0	0	0.953221	0.477714	0	0.475507		300	0.0892839	-0.000103977	-0.000103977	0.000207953	0.00896556	0	0	0.0892839	0	-0.355028	-111.796	0	20.391	20.391	-1.5099e-14	5.32541	0	0	0	0	0	0	0	0	0	0	0	0	0	0	0	0	0	0	0	0	0	0	0	0	0	0	0	0	0	0	0	0	0	
1	1	1	481	14.43		300	0	0	-0.000104415	-0.000104415	0.00020883	0.02405	0	0	6.54922e-06	6.54922e-06	-1.30984e-05	63.0555	0	0	0.956372	0.478915	0	0.477458		300	0.0896501	-0.000104416	-0.000104416	0.000208832	0.00900344	0	0	0.0896501	0	-0.355028	-111.796	0	20.391	20.391	-1.5099e-14	5.32541	0	0	0	0	0	0	0	0	0	0	0	0	0	0	0	0	0	0	0	0	0	0	0	0	0	0	0	0	0	0	0	0	0	
1	1	1	482	14.46		300	0	0	-0.000104855	-0.000104855	0.00020971	0.0241	0	0	6.57007e-06	6.57007e-06	-1.31401e-05	63.1062	0	0	0.959526	0.480117	0	0.479409		300	0.0900166	-0.000104856	-0.000104856	0.000209711	0.00904134	0	0	0.0900166	0	-0.355028	-111.796	0	20.391	20.391	-1.5099e-14	5.32541	0	0	0	0	0	0	0	0	0	0	0	0	0	0	0	0	0	0	0	0	0	0	0	0	0	0	0	0	0	0	0	0	0	
1	1	1	483	14.49		300	0	0	-0.000105295	-0.000105295	0.00021059	0.02415	0	0	6.5909e-06	6.5909e-06	-1.31818e-05	63.1568	0	0	0.962683	0.48132	0	0.481362		300	0.0903833	-0.000105296	-0.000105296	0.000210591	0.00907927	0	0	0.0903833	0	-0.355028	-111.796	0	20.391	20.391	-1.5099e-14	5.32541	0	0	0	0	0	0	0	0	0	0	0	0	0	0	0	0	0	0	0	0	0	0	0	0	0	0	0	0	0	0	0	0	0	
1	1	1	484	14.52		300	0	0	-0.000105735	-0.000105735	0.00021147	0.0242	0	0	6.61173e-06	6.61173e-06	-1.32235e-05	63.2073	0	0	0.965842	0.482525	0	0.483316		300	0.0907502	-0.000105736	-0.000105736	0.000211472	0.00911723	0	0	0.0907502	0	-0.355028	-111.796	0	20.391	20.391	-1.5099e-14	5.32541	0	0	0	0	0	0	0	0	0	0	0	0	0	0	0	0	0	0	0	0	0	0	0	0	0	0	0	0	0	0	0	0	0	
1	1	1	485	14.55		300	0	0	-0.000106176	-0.000106176	0.000212351	0.02425	0	0	6.63254e-06	6.63254e-06	-1.32651e-05	63.2576	0	0	0.969004	0.483732	0	0.485272		300	0.0911173	-0.000106176	-0.000106176	0.000212353	0.00915521	0	0	0.0911173	0	-0.355028	-111.796	0	20.391	20.391	-1.5099e-14	5.32541	0	0	0	0	0	0	0	0	0	0	0	0	0	0	0	0	0	0	0	0	0	0	0	0	0	0	0	0	0	0	0	0	0	
1	1	1	486	14.58		300	0	0	-0.000106617	-0.000106617	0.000213233	0.0243	0	0	6.65334e-06	6.65334e-06	-1.33067e-05	63.3079	0	0	0.972168	0.48494	0	0.487228		300	0.0914846	-0.000106617	-0.000106617	0.000213235	0.00919322	0	0	0.0914846	0	-0.355028	-111.796	0	20.391	20.391	-1.5099e-14	5.32541	0	0	0	0	0	0	0	0	0	0	0	0	0	0	0	0	0	0	0	0	0	0	0	0	0	0	0	0	0	0	0	0	0	
1	1	1	487	14.61		300	0	0	-0.000107058	-0.000107058	0.000214115	0.02435	0	0	6.67414e-06	6.67414e-06	-1.33483e-05	63.358	0	0	0.975334	0.486149	0	0.489185		300	0.0918521	-0.000107058	-0.000107058	0.000214117	0.00923125	0	0	0.0918521	0	-0.355028	-111.796	0	20.391	20.391	-1.5099e-14	5.32541	0	0	0	0	0	0	0	0	0	0	0	0	0	0	0	0	0	0	0	0	0	0	0	0	0	0	0	0	0	0	0	0	0	
1	1	1	488	14.64		300	0	0	-0.000107499	-0.000107499	0.000214998	0.0244	0	0	6.69492e-06	6.69492e-06	-1.33898e-05	63.4081	0	0	0.978503	0.48736	0	0.491144		300	0.0922198	-0.0001075	-0.0001075	0.000215	0.00926931	0	0	0.0922198	0	-0.355028	-111.796	0	20.391	20.391	-1.5099e-14	5.32541	0	0	0	0	0	0	0	0	0	0	0	0	0	0	0	0	0	0	0	0	0	0	0	0	0	0	0	0	0	0	0	0	0	
1	1	1	489	14.67		300	0	0	-0.000107941	-0.000107941	0.000215882	0.02445	0	0	6.71569e-06	6.71569e-06	-1.34314e-05	63.458	0	0	0.981675	0.488572	0	0.493104		300	0.0925878	-0.000107942	-0.000107942	0.000215883	0.0093074	0	0	0.0925878	0	-0.355028	-111.796	0	20.391	20.391	-1.5099e-14	5.32541	0	0	0	0	0	0	0	0	0	0	0	0	0	0	0	0	0	0	0	0	0	0	0	0	0	0	0	0	0	0	0	0	0	
1	1	1	490	14.7		300	0	0	-0.000108383	-0.000108383	0.000216766	0.0245	0	0	6.73645e-06	6.73645e-06	-1.34729e-05	63.5078	0	0	0.984849	0.489785	0	0.495064		300	0.0929559	-0.000108384	-0.000108384	0.000216767	0.0093455	0	0	0.0929559	0	-0.355028	-111.796	0	20.391	20.391	-1.5099e-14	5.32541	0	0	0	0	0	0	0	0	0	0	0	0	0	0	0	0	0	0	0	0	0	0	0	0	0	0	0	0	0	0	0	0	0	
1	1	1	491	14.73		300	0	0	-0.000108825	-0.000108825	0.00021765	0.02455	0	0	6.7572e-06	6.7572e-06	-1.35144e-05	63.5576	0	0	0.988026	0.491	0	0.497026		300	0.0933242	-0.000108826	-0.000108826	0.000217652	0.00938364	0	0	0.0933242	0	-0.355028	-111.796	0	20.391	20.391	-1.5099e-14	5.32541	0	0	0	0	0	0	0	0	0	0	0	0	0	0	0	0	0	0	0	0	0	0	0	0	0	0	0	0	0	0	0	0	0	
1	1	1	492	14.76		300	0	0	-0.000109268	-0.000109268	0.000218536	0.0246	0	0	6.77794e-06	6.77794e-06	-1.35559e-05	63.6072	0	0	0.991205	0.492216	0	0.498989		300	0.0936928	-0.000109269	-0.000109269	0.000218537	0.0094218	0	0	0.0936928	0	-0.355028	-111.796	0	20.391	20.391	-1.5099e-14	5.32541	0	0	0	0	0	0	0	0	0	0	0	0	0	0	0	0	0	0	0	0	0	0	0	0	0	0	0	0	0	0	0	0	0	
1	1	1	493	14.79		300	0	0	-0.000109711	-0.000109711	0.000219422	0.02465	0	0	6.79867e-06	6.79867e-06	-1.35973e-05	63.6567	0	0	0.994387	0.493434	0	0.500953		300	0.0940615	-0.000109712	-0.000109712	0.000219423	0.00945998	0	0	0.0940615	0	-0.355028	-111.796	0	20.391	20.391	-1.5099e-14	5.32541	0	0	0	0	0	0	0	0	0	0	0	0	0	0	0	0	0	0	0	0	0	0	0	0	0	0	0	0	0	0	0	0	0	
1	1	1	494	14.82		300	0	0	-0.000110154	-0.000110154	0.000220308	0.0247	0	0	6.81939e-06	6.81939e-06	-1.36388e-05	63.7061	0	0	0.997571	0.494653	0	0.502918		300	0.0944305	-0.000110155	-0.000110155	0.00022031	0.00949819	0	0	0.0944305	0	-0.355028	-111.796	0	20.391	20.391	-1.5099e-14	5.32541	0	0	0	0	0	0	0	0	0	0	0	0	0	0	0	0	0	0	0	0	0	0	0	0	0	0	0	0	0	0	0	0	0	
1	1	1	495	14.85		300	0	0	-0.000110597	-0.000110597	0.000221195	0.02475	0	0	6.8401e-06	6.8401e-06	-1.36802e-05	63.7554	0	0	1.00076	0.495873	0	0.504884		300	0.0947996	-0.000110598	-0.000110598	0.000221196	0.00953642	0	0	0.0947996	0	-0.355028	-111.796	0	20.391	20.391	-1.5099e-14	5.32541	0	0	0	0	0	0	0	0	0	0	0	0	0	0	0	0	0	0	0	0	0	0	0	0	0	0	0	0	0	0	0	0	0	
1	1	1	496	14.88		300	0	0	-0.000111041	-0.000111041	0.000222082	0.0248	0	0	6.8608e-06	6.8608e-06	-1.37216e-05	63.8046	0	0	1.00395	0.497095	0	0.506851		300	0.0951689	-0.000111042	-0.000111042	0.000222084	0.00957468	0	0	0.0951689	0	-0.355028	-111.796	0	20.391	20.391	-1.5099e-14	5.32541	0	0	0	0	0	0	0	0	0	0	0	0	0	0	0	0	0	0	0	0	0	0	0	0	0	0	0	0	0	0	0	0	0	
1	1	1	497	14.91		300	0	0	-0.000111485	-0.000111485	0.00022297	0.02485	0	0	6.88149e-06	6.88149e-06	-1.3763e-05	63.8537	0	0	1.00714	0.498319	0	0.508819		300	0.0955385	-0.000111486	-0.000111486	0.000222972	0.00961296	0	0	0.0955385	0	-0.355028	-111.796	0	20.391	20.391	-1.5099e-14	5.32541	0	0	0	0	0	0	0	0	0	0	0	0	0	0	0	0	0	0	0	0	0	0	0	0	0	0	0	0	0	0	0	0	0	
1	1	1	498	14.94		300	0	0	-0.00011193	-0.00011193	0.000223859	0.0249	0	0	6.90217e-06	6.90217e-06	-1.38043e-05	63.9028	0	0	1.01033	0.499543	0	0.510788		300	0.0959082	-0.00011193	-0.00011193	0.000223861	0.00965127	0	0	0.0959082	0	-0.355028	-111.796	0	20.391	20.391	-1.5099e-14	5.32541	0	0	0	0	0	0	0	0	0	0	0	0	0	0	0	0	0	0	0	0	0	0	0	0	0	0	0	0	0	0	0	0	0	
1	1	1	499	14.97		300	0	0	-0.000112374	-0.000112374	0.000224748	0.02495	0	0	6.92283e-06	6.92283e-06	-1.38457e-05	63.9517	0	0	1.01353	0.500769	0	0.512758		300	0.0962781	-0.000112375	-0.000112375	0.00022475	0.0096896	0	0	0.0962781	0	-0.355028	-111.796	0	20.391	20.391	-1.5099e-14	5.32541	0	0	0	0	0	0	0	0	0	0	0	0	0	0	0	0	0	0	0	0	0	0	0	0	0	0	0	0	0	0	0	0	0	
1	1	1	500	15		300	0	0	-0.000112819	-0.000112819	0.000225638	0.025	0	0	6.94349e-06	6.94349e-06	-1.3887e-05	64.0005	0	0	1.01673	0.501997	0	0.51473		300	0.0966482	-0.00011282	-0.00011282	0.00022564	0.00972795	0	0	0.0966482	0	-0.355028	-111.796	0	20.391	20.391	-1.5099e-14	5.32541	0	0	0	0	0	0	0	0	0	0	0	0	0	0	0	0	0	0	0	0	0	0	0	0	0	0	0	0	0	0	0	0	0	
1	1	1	501	15.03		300	0	0	-0.000113264	-0.000113264	0.000226528	0.02505	0	0	6.96414e-06	6.96414e-06	-1.39283e-05	64.0492	0	0	1.01993	0.503226	0	0.516702		300	0.0970185	-0.000113265	-0.000113265	0.00022653	0.00976632	0	0	0.0970185	0	-0.355028	-111.796	0	20.391	20.391	-1.5099e-14	5.32541	0	0	0	0	0	0	0	0	0	0	0	0	0	0	0	0	0	0	0	0	0	0	0	0	0	0	0	0	0	0	0	0	0	
1	1	1	502	15.06		300	0	0	-0.00011371	-0.00011371	0.000227419	0.0251	0	0	6.98477e-06	6.98477e-06	-1.39695e-05	64.0978	0	0	1.02313	0.504456	0	0.518675		300	0.097389	-0.00011371	-0.00011371	0.000227421	0.00980472	0	0	0.097389	0	-0.355028	-111.796	0	20.391	20.391	-1.5099e-14	5.32541	0	0	0	0	0	0	0	0	0	0	0	0	0	0	0	0	0	0	0	0	0	0	0	0	0	0	0	0	0	0	0	0	0	
1	1	1	503	15.09		300	0	0	-0.000114155	-0.000114155	0.00022831	0.02515	0	0	7.0054e-06	7.0054e-06	-1.40108e-05	64.1463	0	0	1.02634	0.505688	0	0.520649		300	0.0977597	-0.000114156	-0.000114156	0.000228312	0.00984315	0	0	0.0977597	0	-0.355028	-111.796	0	20.391	20.391	-1.5099e-14	5.32541	0	0	0	0	0	0	0	0	0	0	0	0	0	0	0	0	0	0	0	0	0	0	0	0	0	0	0	0	0	0	0	0	0	
1	1	1	504	15.12		300	0	0	-0.000114601	-0.000114601	0.000229202	0.0252	0	0	7.02601e-06	7.02601e-06	-1.4052e-05	64.1947	0	0	1.02955	0.506922	0	0.522625		300	0.0981306	-0.000114602	-0.000114602	0.000229204	0.00988159	0	0	0.0981306	0	-0.355028	-111.796	0	20.391	20.391	-1.5099e-14	5.32541	0	0	0	0	0	0	0	0	0	0	0	0	0	0	0	0	0	0	0	0	0	0	0	0	0	0	0	0	0	0	0	0	0	
1	1	1	505	15.15		300	0	0	-0.000115047	-0.000115047	0.000230095	0.02525	0	0	7.04662e-06	7.04662e-06	-1.40932e-05	64.243	0	0	1.03276	0.508156	0	0.524601		300	0.0985016	-0.000115048	-0.000115048	0.000230096	0.00992006	0	0	0.0985016	0	-0.355028	-111.796	0	20.391	20.391	-1.5099e-14	5.32541	0	0	0	0	0	0	0	0	0	0	0	0	0	0	0	0	0	0	0	0	0	0	0	0	0	0	0	0	0	0	0	0	0	
1	1	1	506	15.18		300	0	0	-0.000115494	-0.000115494	0.000230988	0.0253	0	0	7.06721e-06	7.06721e-06	-1.41344e-05	64.2913	0	0	1.03597	0.509392	0	0.526578		300	0.0988729	-0.000115495	-0.000115495	0.000230989	0.00995856	0	0	0.0988729	0	-0.355028	-111.796	0	20.391	20.391	-1.5099e-14	5.32541	0	0	0	0	0	0	0	0	0	0	0	0	0	0	0	0	0	0	0	0	0	0	0	0	0	0	0	0	0	0	0	0	0	
1	1	1	507	15.21		300	0	0	-0.000115941	-0.000115941	0.000231881	0.02535	0	0	7.08779e-06	7.08779e-06	-1.41756e-05	64.3394	0	0	1.03919	0.51063	0	0.528557		300	0.0992443	-0.000115941	-0.000115941	0.000231883	0.00999707	0	0	0.0992443	0	-0.355028	-111.796	0	20.391	20.391	-1.5099e-14	5.32541	0	0	0	0	0	0	0	0	0	0	0	0	0	0	0	0	0	0	0	0	0	0	0	0	0	0	0	0	0	0	0	0	0	
1	1	1	508	15.24		300	0	0	-0.000116388	-0.000116388	0.000232775	0.0254	0	0	7.10837e-06	7.10837e-06	-1.42167e-05	64.3874	0	0	1.0424	0.511869	0	0.530536		300	0.0996159	-0.000116388	-0.000116388	0.000232777	0.0100356	0	0	0.0996159	0	-0.355028	-111.796	0	20.391	20.391	-1.5099e-14	5.32541	0	0	0	0	0	0	0	0	0	0	0	0	0	0	0	0	0	0	0	0	0	0	0	0	0	0	0	0	0	0	0	0	0	
1	1	1	509	15.27		300	0	0	-0.000116835	-0.000116835	0.00023367	0.02545	0	0	7.12893e-06	7.12893e-06	-1.42579e-05	64.4354	0	0	1.04563	0.513109	0	0.532516		300	0.0999877	-0.000116836	-0.000116836	0.000233672	0.0100742	0	0	0.0999877	0	-0.355028	-111.796	0	20.391	20.391	-1.5099e-14	5.32541	0	0	0	0	0	0	0	0	0	0	0	0	0	0	0	0	0	0	0	0	0	0	0	0	0	0	0	0	0	0	0	0	0	
1	1	1	510	15.3		300	0	0	-0.000117282	-0.000117282	0.000234565	0.0255	0	0	7.14948e-06	7.14948e-06	-1.4299e-05	64.4832	0	0	1.04885	0.514351	0	0.534497		300	0.10036	-0.000117283	-0.000117283	0.000234567	0.0101128	0	0	0.10036	0	-0.355028	-111.796	0	20.391	20.391	-1.5099e-14	5.32541	0	0	0	0	0	0	0	0	0	0	0	0	0	0	0	0	0	0	0	0	0	0	0	0	0	0	0	0	0	0	0	0	0	
1	1	1	511	15.33		300	0	0	-0.00011773	-0.00011773	0.000235461	0.02555	0	0	7.17002e-06	7.17002e-06	-1.434e-05	64.531	0	0	1.05207	0.515594	0	0.536479		300	0.100732	-0.000117731	-0.000117731	0.000235462	0.0101514	0	0	0.100732	0	-0.355028	-111.796	0	20.391	20.391	-1.5099e-14	5.32541	0	0	0	0	0	0	0	0	0	0	0	0	0	0	0	0	0	0	0	0	0	0	0	0	0	0	0	0	0	0	0	0	0	
1	1	1	512	15.36		300	0	0	-0.000118178	-0.000118178	0.000236357	0.0256	0	0	7.19055e-06	7.19055e-06	-1.43811e-05	64.5786	0	0	1.0553	0.516839	0	0.538462		300	0.101104	-0.000118179	-0.000118179	0.000236358	0.01019	0	0	0.101104	0	-0.355028	-111.796	0	20.391	20.391	-1.5099e-14	5.32541	0	0	0	0	0	0	0	0	0	0	0	0	0	0	0	0	0	0	0	0	0	0	0	0	0	0	0	0	0	0	0	0	0	
1	1	1	513	15.39		300	0	0	-0.000118627	-0.000118627	0.000237253	0.02565	0	0	7.21107e-06	7.21107e-06	-1.44221e-05	64.6262	0	0	1.05853	0.518085	0	0.540446		300	0.101477	-0.000118627	-0.000118627	0.000237255	0.0102286	0	0	0.101477	0	-0.355028	-111.796	0	20.391	20.391	-1.5099e-14	5.32541	0	0	0	0	0	0	0	0	0	0	0	0	0	0	0	0	0	0	0	0	0	0	0	0	0	0	0	0	0	0	0	0	0	
1	1	1	514	15.42		300	0	0	-0.000119075	-0.000119075	0.00023815	0.0257	0	0	7.23158e-06	7.23158e-06	-1.44632e-05	64.6736	0	0	1.06176	0.519332	0	0.542431		300	0.101849	-0.000119076	-0.000119076	0.000238152	0.0102673	0	0	0.101849	0	-0.355028	-111.796	0	20.391	20.391	-1.5099e-14	5.32541	0	0	0	0	0	0	0	0	0	0	0	0	0	0	0	0	0	0	0	0	0	0	0	0	0	0	0	0	0	0	0	0	0	
1	1	1	515	15.45		300	0	0	-0.000119524	-0.000119524	0.000239048	0.02575	0	0	7.25208e-06	7.25208e-06	-1.45042e-05	64.721	0	0	1.065	0.520581	0	0.544417		300	0.102222	-0.000119525	-0.000119525	0.00023905	0.010306	0	0	0.102222	0	-0.355028	-111.796	0	20.391	20.391	-1.5099e-14	5.32541	0	0	0	0	0	0	0	0	0	0	0	0	0	0	0	0	0	0	0	0	0	0	0	0	0	0	0	0	0	0	0	0	0	
1	1	1	516	15.48		300	0	0	-0.000119973	-0.000119973	0.000239946	0.0258	0	0	7.27257e-06	7.27257e-06	-1.45451e-05	64.7683	0	0	1.06824	0.521832	0	0.546404		300	0.102595	-0.000119974	-0.000119974	0.000239948	0.0103447	0	0	0.102595	0	-0.355028	-111.796	0	20.391	20.391	-1.5099e-14	5.32541	0	0	0	0	0	0	0	0	0	0	0	0	0	0	0	0	0	0	0	0	0	0	0	0	0	0	0	0	0	0	0	0	0	
1	1	1	517	15.51		300	0	0	-0.000120422	-0.000120422	0.000240845	0.02585	0	0	7.29305e-06	7.29305e-06	-1.45861e-05	64.8155	0	0	1.07148	0.523084	0	0.548392		300	0.102969	-0.000120423	-0.000120423	0.000240847	0.0103835	0	0	0.102969	0	-0.355028	-111.796	0	20.391	20.391	-1.5099e-14	5.32541	0	0	0	0	0	0	0	0	0	0	0	0	0	0	0	0	0	0	0	0	0	0	0	0	0	0	0	0	0	0	0	0	0	
1	1	1	518	15.54		300	0	0	-0.000120872	-0.000120872	0.000241744	0.0259	0	0	7.31352e-06	7.31352e-06	-1.4627e-05	64.8626	0	0	1.07472	0.524337	0	0.550381		300	0.103342	-0.000120873	-0.000120873	0.000241746	0.0104222	0	0	0.103342	0	-0.355028	-111.796	0	20.391	20.391	-1.5099e-14	5.32541	0	0	0	0	0	0	0	0	0	0	0	0	0	0	0	0	0	0	0	0	0	0	0	0	0	0	0	0	0	0	0	0	0	
1	1	1	519	15.57		300	0	0	-0.000121322	-0.000121322	0.000242644	0.02595	0	0	7.33398e-06	7.33398e-06	-1.4668e-05	64.9096	0	0	1.07796	0.525592	0	0.55237		300	0.103715	-0.000121323	-0.000121323	0.000242645	0.010461	0	0	0.103715	0	-0.355028	-111.796	0	20.391	20.391	-1.5099e-14	5.32541	0	0	0	0	0	0	0	0	0	0	0	0	0	0	0	0	0	0	0	0	0	0	0	0	0	0	0	0	0	0	0	0	0	
1	1	1	520	15.6		300	0	0	-0.000121772	-0.000121772	0.000243544	0.026	0	0	7.35442e-06	7.35442e-06	-1.47088e-05	64.9565	0	0	1.08121	0.526848	0	0.554361		300	0.104089	-0.000121773	-0.000121773	0.000243546	0.0104998	0	0	0.104089	0	-0.355028	-111.796	0	20.391	20.391	-1.5099e-14	5.32541	0	0	0	0	0	0	0	0	0	0	0	0	0	0	0	0	0	0	0	0	0	0	0	0	0	0	0	0	0	0	0	0	0	
1	1	1	521	15.63		300	0	0	-0.000122222	-0.000122222	0.000244445	0.02605	0	0	7.37486e-06	7.37486e-06	-1.47497e-05	65.0034	0	0	1.08446	0.528105	0	0.556352		300	0.104463	-0.000122223	-0.000122223	0.000244446	0.0105386	0	0	0.104463	0	-0.355028	-111.796	0	20.391	20.391	-1.5099e-14	5.32541	0	0	0	0	0	0	0	0	0	0	0	0	0	0	0	0	0	0	0	0	0	0	0	0	0	0	0	0	0	0	0	0	0	
1	1	1	522	15.66		300	0	0	-0.000122673	-0.000122673	0.000245346	0.0261	0	0	7.39529e-06	7.39529e-06	-1.47906e-05	65.0501	0	0	1.08771	0.529364	0	0.558344		300	0.104837	-0.000122674	-0.000122674	0.000245347	0.0105775	0	0	0.104837	0	-0.355028	-111.796	0	20.391	20.391	-1.5099e-14	5.32541	0	0	0	0	0	0	0	0	0	0	0	0	0	0	0	0	0	0	0	0	0	0	0	0	0	0	0	0	0	0	0	0	0	
1	1	1	523	15.69		300	0	0	-0.000123124	-0.000123124	0.000246247	0.02615	0	0	7.4157e-06	7.4157e-06	-1.48314e-05	65.0968	0	0	1.09096	0.530625	0	0.560338		300	0.105211	-0.000123125	-0.000123125	0.000246249	0.0106163	0	0	0.105211	0	-0.355028	-111.796	0	20.391	20.391	-1.5099e-14	5.32541	0	0	0	0	0	0	0	0	0	0	0	0	0	0	0	0	0	0	0	0	0	0	0	0	0	0	0	0	0	0	0	0	0	
1	1	1	524	15.72		300	0	0	-0.000123575	-0.000123575	0.000247149	0.0262	0	0	7.43611e-06	7.43611e-06	-1.48722e-05	65.1433	0	0	1.09422	0.531887	0	0.562332		300	0.105586	-0.000123576	-0.000123576	0.000247151	0.0106552	0	0	0.105586	0	-0.355028	-111.796	0	20.391	20.391	-1.5099e-14	5.32541	0	0	0	0	0	0	0	0	0	0	0	0	0	0	0	0	0	0	0	0	0	0	0	0	0	0	0	0	0	0	0	0	0	
1	1	1	525	15.75		300	0	0	-0.000124026	-0.000124026	0.000248052	0.02625	0	0	7.4565e-06	7.4565e-06	-1.4913e-05	65.1898	0	0	1.09748	0.53315	0	0.564327		300	0.10596	-0.000124027	-0.000124027	0.000248054	0.0106941	0	0	0.10596	0	-0.355028	-111.796	0	20.391	20.391	-1.5099e-14	5.32541	0	0	0	0	0	0	0	0	0	0	0	0	0	0	0	0	0	0	0	0	0	0	0	0	0	0	0	0	0	0	0	0	0	
1	1	1	526	15.78		300	0	0	-0.000124478	-0.000124478	0.000248955	0.0263	0	0	7.47688e-06	7.47688e-06	-1.49538e-05	65.2362	0	0	1.10074	0.534415	0	0.566323		300	0.106335	-0.000124478	-0.000124478	0.000248957	0.0107331	0	0	0.106335	0	-0.355028	-111.796	0	20.391	20.391	-1.5099e-14	5.32541	0	0	0	0	0	0	0	0	0	0	0	0	0	0	0	0	0	0	0	0	0	0	0	0	0	0	0	0	0	0	0	0	0	
1	1	1	527	15.81		300	0	0	-0.000124929	-0.000124929	0.000249859	0.02635	0	0	7.49726e-06	7.49726e-06	-1.49945e-05	65.2825	0	0	1.104	0.535681	0	0.568319		300	0.10671	-0.00012493	-0.00012493	0.00024986	0.010772	0	0	0.10671	0	-0.355028	-111.796	0	20.391	20.391	-1.5099e-14	5.32541	0	0	0	0	0	0	0	0	0	0	0	0	0	0	0	0	0	0	0	0	0	0	0	0	0	0	0	0	0	0	0	0	0	
1	1	1	528	15.84		300	0	0	-0.000125381	-0.000125381	0.000250763	0.0264	0	0	7.51762e-06	7.51762e-06	-1.50352e-05	65.3288	0	0	1.10727	0.536949	0	0.570317		300	0.107085	-0.000125382	-0.000125382	0.000250764	0.010811	0	0	0.107085	0	-0.355028	-111.796	0	20.391	20.391	-1.5099e-14	5.32541	0	0	0	0	0	0	0	0	0	0	0	0	0	0	0	0	0	0	0	0	0	0	0	0	0	0	0	0	0	0	0	0	0	
1	1	1	529	15.87		300	0	0	-0.000125834	-0.000125834	0.000251667	0.02645	0	0	7.53797e-06	7.53797e-06	-1.50759e-05	65.3749	0	0	1.11053	0.538218	0	0.572316		300	0.10746	-0.000125834	-0.000125834	0.000251669	0.01085	0	0	0.10746	0	-0.355028	-111.796	0	20.391	20.391	-1.5099e-14	5.32541	0	0	0	0	0	0	0	0	0	0	0	0	0	0	0	0	0	0	0	0	0	0	0	0	0	0	0	0	0	0	0	0	0	
1	1	1	530	15.9		300	0	0	-0.000126286	-0.000126286	0.000252572	0.0265	0	0	7.55831e-06	7.55831e-06	-1.51166e-05	65.421	0	0	1.1138	0.539488	0	0.574315		300	0.107836	-0.000126287	-0.000126287	0.000252574	0.010889	0	0	0.107836	0	-0.355028	-111.796	0	20.391	20.391	-1.5099e-14	5.32541	0	0	0	0	0	0	0	0	0	0	0	0	0	0	0	0	0	0	0	0	0	0	0	0	0	0	0	0	0	0	0	0	0	
1	1	1	531	15.93		300	0	0	-0.000126739	-0.000126739	0.000253478	0.02655	0	0	7.57865e-06	7.57865e-06	-1.51573e-05	65.4669	0	0	1.11708	0.54076	0	0.576315		300	0.108211	-0.00012674	-0.00012674	0.000253479	0.010928	0	0	0.108211	0	-0.355028	-111.796	0	20.391	20.391	-1.5099e-14	5.32541	0	0	0	0	0	0	0	0	0	0	0	0	0	0	0	0	0	0	0	0	0	0	0	0	0	0	0	0	0	0	0	0	0	
1	1	1	532	15.96		300	0	0	-0.000127192	-0.000127192	0.000254383	0.0266	0	0	7.59897e-06	7.59897e-06	-1.51979e-05	65.5128	0	0	1.12035	0.542034	0	0.578316		300	0.108587	-0.000127193	-0.000127193	0.000254385	0.0109671	0	0	0.108587	0	-0.355028	-111.796	0	20.391	20.391	-1.5099e-14	5.32541	0	0	0	0	0	0	0	0	0	0	0	0	0	0	0	0	0	0	0	0	0	0	0	0	0	0	0	0	0	0	0	0	0	
1	1	1	533	15.99		300	0	0	-0.000127645	-0.000127645	0.00025529	0.02665	0	0	7.61928e-06	7.61928e-06	-1.52386e-05	65.5586	0	0	1.12363	0.543308	0	0.580318		300	0.108963	-0.000127646	-0.000127646	0.000255292	0.0110061	0	0	0.108963	0	-0.355028	-111.796	0	20.391	20.391	-1.5099e-14	5.32541	0	0	0	0	0	0	0	0	0	0	0	0	0	0	0	0	0	0	0	0	0	0	0	0	0	0	0	0	0	0	0	0	0	
1	1	1	534	16.02		300	0	0	-0.000128098	-0.000128098	0.000256197	0.0267	0	0	7.63958e-06	7.63958e-06	-1.52792e-05	65.6043	0	0	1.12691	0.544585	0	0.582321		300	0.109339	-0.000128099	-0.000128099	0.000256199	0.0110452	0	0	0.109339	0	-0.355028	-111.796	0	20.391	20.391	-1.5099e-14	5.32541	0	0	0	0	0	0	0	0	0	0	0	0	0	0	0	0	0	0	0	0	0	0	0	0	0	0	0	0	0	0	0	0	0	
1	1	1	535	16.05		300	0	0	-0.000128552	-0.000128552	0.000257104	0.02675	0	0	7.65987e-06	7.65987e-06	-1.53197e-05	65.65	0	0	1.13019	0.545862	0	0.584325		300	0.109715	-0.000128553	-0.000128553	0.000257106	0.0110843	0	0	0.109715	0	-0.355028	-111.796	0	20.391	20.391	-1.5099e-14	5.32541	0	0	0	0	0	0	0	0	0	0	0	0	0	0	0	0	0	0	0	0	0	0	0	0	0	0	0	0	0	0	0	0	0	
1	1	1	536	16.08		300	0	0	-0.000129006	-0.000129006	0.000258012	0.0268	0	0	7.68015e-06	7.68015e-06	-1.53603e-05	65.6955	0	0	1.13347	0.547142	0	0.586329		300	0.110091	-0.000129007	-0.000129007	0.000258014	0.0111235	0	0	0.110091	0	-0.355028	-111.796	0	20.391	20.391	-1.5099e-14	5.32541	0	0	0	0	0	0	0	0	0	0	0	0	0	0	0	0	0	0	0	0	0	0	0	0	0	0	0	0	0	0	0	0	0	
1	1	1	537	16.11		300	0	0	-0.00012946	-0.00012946	0.00025892	0.02685	0	0	7.70041e-06	7.70041e-06	-1.54008e-05	65.741	0	0	1.13676	0.548422	0	0.588334		300	0.110468	-0.000129461	-0.000129461	0.000258922	0.0111626	0	0	0.110468	0	-0.355028	-111.796	0	20.391	20.391	-1.5099e-14	5.32541	0	0	0	0	0	0	0	0	0	0	0	0	0	0	0	0	0	0	0	0	0	0	0	0	0	0	0	0	0	0	0	0	0	
1	1	1	538	16.14		300	0	0	-0.000129914	-0.000129914	0.000259829	0.0269	0	0	7.72067e-06	7.72067e-06	-1.54413e-05	65.7864	0	0	1.14004	0.549704	0	0.59034		300	0.110845	-0.000129915	-0.000129915	0.00025983	0.0112018	0	0	0.110845	0	-0.355028	-111.796	0	20.391	20.391	-1.5099e-14	5.32541	0	0	0	0	0	0	0	0	0	0	0	0	0	0	0	0	0	0	0	0	0	0	0	0	0	0	0	0	0	0	0	0	0	
1	1	1	539	16.17		300	0	0	-0.000130369	-0.000130369	0.000260738	0.02695	0	0	7.74092e-06	7.74092e-06	-1.54818e-05	65.8317	0	0	1.14334	0.550988	0	0.592347		300	0.111221	-0.00013037	-0.00013037	0.00026074	0.011241	0	0	0.111221	0	-0.355028	-111.796	0	20.391	20.391	-1.5099e-14	5.32541	0	0	0	0	0	0	0	0	0	0	0	0	0	0	0	0	0	0	0	0	0	0	0	0	0	0	0	0	0	0	0	0	0	
1	1	1	540	16.2		300	0	0	-0.000130824	-0.000130824	0.000261647	0.027	0	0	7.76116e-06	7.76116e-06	-1.55223e-05	65.8769	0	0	1.14663	0.552273	0	0.594355		300	0.111598	-0.000130825	-0.000130825	0.000261649	0.0112802	0	0	0.111598	0	-0.355028	-111.796	0	20.391	20.391	-1.5099e-14	5.32541	0	0	0	0	0	0	0	0	0	0	0	0	0	0	0	0	0	0	0	0	0	0	0	0	0	0	0	0	0	0	0	0	0	
1	1	1	541	16.23		300	0	0	-0.000131279	-0.000131279	0.000262557	0.02705	0	0	7.78138e-06	7.78138e-06	-1.55628e-05	65.9221	0	0	1.14992	0.553559	0	0.596364		300	0.111976	-0.00013128	-0.00013128	0.000262559	0.0113194	0	0	0.111976	0	-0.355028	-111.796	0	20.391	20.391	-1.5099e-14	5.32541	0	0	0	0	0	0	0	0	0	0	0	0	0	0	0	0	0	0	0	0	0	0	0	0	0	0	0	0	0	0	0	0	0	
1	1	1	542	16.26		300	0	0	-0.000131734	-0.000131734	0.000263468	0.0271	0	0	7.8016e-06	7.8016e-06	-1.56032e-05	65.9671	0	0	1.15322	0.554847	0	0.598373		300	0.112353	-0.000131735	-0.000131735	0.00026347	0.0113587	0	0	0.112353	0	-0.355028	-111.796	0	20.391	20.391	-1.5099e-14	5.32541	0	0	0	0	0	0	0	0	0	0	0	0	0	0	0	0	0	0	0	0	0	0	0	0	0	0	0	0	0	0	0	0	0	
1	1	1	543	16.29		300	0	0	-0.000132189	-0.000132189	0.000264379	0.02715	0	0	7.8218e-06	7.8218e-06	-1.56436e-05	66.0121	0	0	1.15652	0.556137	0	0.600383		300	0.11273	-0.00013219	-0.00013219	0.00026438	0.0113979	0	0	0.11273	0	-0.355028	-111.796	0	20.391	20.391	-1.5099e-14	5.32541	0	0	0	0	0	0	0	0	0	0	0	0	0	0	0	0	0	0	0	0	0	0	0	0	0	0	0	0	0	0	0	0	0	
1	1	1	544	16.32		300	0	0	-0.000132645	-0.000132645	0.00026529	0.0272	0	0	7.842e-06	7.842e-06	-1.5684e-05	66.057	0	0	1.15982	0.557427	0	0.602394		300	0.113108	-0.000132646	-0.000132646	0.000265292	0.0114372	0	0	0.113108	0	-0.355028	-111.796	0	20.391	20.391	-1.5099e-14	5.32541	0	0	0	0	0	0	0	0	0	0	0	0	0	0	0	0	0	0	0	0	0	0	0	0	0	0	0	0	0	0	0	0	0	
1	1	1	545	16.35		300	0	0	-0.000133101	-0.000133101	0.000266202	0.02725	0	0	7.86218e-06	7.86218e-06	-1.57244e-05	66.1018	0	0	1.16313	0.55872	0	0.604406		300	0.113486	-0.000133102	-0.000133102	0.000266204	0.0114765	0	0	0.113486	0	-0.355028	-111.796	0	20.391	20.391	-1.5099e-14	5.32541	0	0	0	0	0	0	0	0	0	0	0	0	0	0	0	0	0	0	0	0	0	0	0	0	0	0	0	0	0	0	0	0	0	
1	1	1	546	16.38		300	0	0	-0.000133557	-0.000133557	0.000267114	0.0273	0	0	7.88236e-06	7.88236e-06	-1.57647e-05	66.1466	0	0	1.16643	0.560013	0	0.606418		300	0.113863	-0.000133558	-0.000133558	0.000267116	0.0115158	0	0	0.113863	0	-0.355028	-111.796	0	20.391	20.391	-1.5099e-14	5.32541	0	0	0	0	0	0	0	0	0	0	0	0	0	0	0	0	0	0	0	0	0	0	0	0	0	0	0	0	0	0	0	0	0	
1	1	1	547	16.41		300	0	0	-0.000134013	-0.000134013	0.000268027	0.02735	0	0	7.90252e-06	7.90252e-06	-1.5805e-05	66.1913	0	0	1.16974	0.561308	0	0.608432		300	0.114241	-0.000134014	-0.000134014	0.000268028	0.0115552	0	0	0.114241	0	-0.355028	-111.796	0	20.391	20.391	-1.5099e-14	5.32541	0	0	0	0	0	0	0	0	0	0	0	0	0	0	0	0	0	0	0	0	0	0	0	0	0	0	0	0	0	0	0	0	0	
1	1	1	548	16.44		300	0	0	-0.00013447	-0.00013447	0.00026894	0.0274	0	0	7.92267e-06	7.92267e-06	-1.58453e-05	66.2358	0	0	1.17305	0.562605	0	0.610446		300	0.11462	-0.000134471	-0.000134471	0.000268941	0.0115945	0	0	0.11462	0	-0.355028	-111.796	0	20.391	20.391	-1.5099e-14	5.32541	0	0	0	0	0	0	0	0	0	0	0	0	0	0	0	0	0	0	0	0	0	0	0	0	0	0	0	0	0	0	0	0	0	
1	1	1	549	16.47		300	0	0	-0.000134927	-0.000134927	0.000269853	0.02745	0	0	7.94282e-06	7.94282e-06	-1.58856e-05	66.2804	0	0	1.17636	0.563903	0	0.612461		300	0.114998	-0.000134927	-0.000134927	0.000269855	0.0116339	0	0	0.114998	0	-0.355028	-111.796	0	20.391	20.391	-1.5099e-14	5.32541	0	0	0	0	0	0	0	0	0	0	0	0	0	0	0	0	0	0	0	0	0	0	0	0	0	0	0	0	0	0	0	0	0	
1	1	1	550	16.5		300	0	0	-0.000135383	-0.000135383	0.000270767	0.0275	0	0	7.96295e-06	7.96295e-06	-1.59259e-05	66.3248	0	0	1.17968	0.565202	0	0.614476		300	0.115376	-0.000135384	-0.000135384	0.000270769	0.0116733	0	0	0.115376	0	-0.355028	-111.796	0	20.391	20.391	-1.5099e-14	5.32541	0	0	0	0	0	0	0	0	0	0	0	0	0	0	0	0	0	0	0	0	0	0	0	0	0	0	0	0	0	0	0	0	0	
1	1	1	551	16.53		300	0	0	-0.000135841	-0.000135841	0.000271681	0.02755	0	0	7.98307e-06	7.98307e-06	-1.59661e-05	66.3692	0	0	1.183	0.566503	0	0.616493		300	0.115755	-0.000135842	-0.000135842	0.000271683	0.0117127	0	0	0.115755	0	-0.355028	-111.796	0	20.391	20.391	-1.5099e-14	5.32541	0	0	0	0	0	0	0	0	0	0	0	0	0	0	0	0	0	0	0	0	0	0	0	0	0	0	0	0	0	0	0	0	0	
1	1	1	552	16.56		300	0	0	-0.000136298	-0.000136298	0.000272596	0.0276	0	0	8.00318e-06	8.00318e-06	-1.60064e-05	66.4134	0	0	1.18632	0.567806	0	0.61851		300	0.116134	-0.000136299	-0.000136299	0.000272598	0.0117522	0	0	0.116134	0	-0.355028	-111.796	0	20.391	20.391	-1.5099e-14	5.32541	0	0	0	0	0	0	0	0	0	0	0	0	0	0	0	0	0	0	0	0	0	0	0	0	0	0	0	0	0	0	0	0	0	
1	1	1	553	16.59		300	0	0	-0.000136756	-0.000136756	0.000273511	0.02765	0	0	8.02328e-06	8.02328e-06	-1.60466e-05	66.4577	0	0	1.18964	0.56911	0	0.620528		300	0.116513	-0.000136757	-0.000136757	0.000273513	0.0117916	0	0	0.116513	0	-0.355028	-111.796	0	20.391	20.391	-1.5099e-14	5.32541	0	0	0	0	0	0	0	0	0	0	0	0	0	0	0	0	0	0	0	0	0	0	0	0	0	0	0	0	0	0	0	0	0	
1	1	1	554	16.62		300	0	0	-0.000137213	-0.000137213	0.000274427	0.0277	0	0	8.04337e-06	8.04337e-06	-1.60867e-05	66.5018	0	0	1.19296	0.570415	0	0.622547		300	0.116892	-0.000137214	-0.000137214	0.000274429	0.0118311	0	0	0.116892	0	-0.355028	-111.796	0	20.391	20.391	-1.5099e-14	5.32541	0	0	0	0	0	0	0	0	0	0	0	0	0	0	0	0	0	0	0	0	0	0	0	0	0	0	0	0	0	0	0	0	0	
1	1	1	555	16.65		300	0	0	-0.000137671	-0.000137671	0.000275343	0.02775	0	0	8.06345e-06	8.06345e-06	-1.61269e-05	66.5458	0	0	1.19629	0.571722	0	0.624566		300	0.117271	-0.000137672	-0.000137672	0.000275345	0.0118706	0	0	0.117271	0	-0.355028	-111.796	0	20.391	20.391	-1.5099e-14	5.32541	0	0	0	0	0	0	0	0	0	0	0	0	0	0	0	0	0	0	0	0	0	0	0	0	0	0	0	0	0	0	0	0	0	
1	1	1	556	16.68		300	0	0	-0.00013813	-0.00013813	0.000276259	0.0278	0	0	8.08352e-06	8.08352e-06	-1.6167e-05	66.5898	0	0	1.19962	0.57303	0	0.626586		300	0.11765	-0.000138131	-0.000138131	0.000276261	0.0119101	0	0	0.11765	0	-0.355028	-111.796	0	20.391	20.391	-1.5099e-14	5.32541	0	0	0	0	0	0	0	0	0	0	0	0	0	0	0	0	0	0	0	0	0	0	0	0	0	0	0	0	0	0	0	0	0	
1	1	1	557	16.71		300	0	0	-0.000138588	-0.000138588	0.000277176	0.02785	0	0	8.10358e-06	8.10358e-06	-1.62072e-05	66.6337	0	0	1.20295	0.574339	0	0.628607		300	0.118029	-0.000138589	-0.000138589	0.000277178	0.0119496	0	0	0.118029	0	-0.355028	-111.796	0	20.391	20.391	-1.5099e-14	5.32541	0	0	0	0	0	0	0	0	0	0	0	0	0	0	0	0	0	0	0	0	0	0	0	0	0	0	0	0	0	0	0	0	0	
1	1	1	558	16.74		300	0	0	-0.000139047	-0.000139047	0.000278093	0.0279	0	0	8.12363e-06	8.12363e-06	-1.62473e-05	66.6776	0	0	1.20628	0.57565	0	0.630629		300	0.118409	-0.000139048	-0.000139048	0.000278095	0.0119891	0	0	0.118409	0	-0.355028	-111.796	0	20.391	20.391	-1.5099e-14	5.32541	0	0	0	0	0	0	0	0	0	0	0	0	0	0	0	0	0	0	0	0	0	0	0	0	0	0	0	0	0	0	0	0	0	
1	1	1	559	16.77		300	0	0	-0.000139505	-0.000139505	0.000279011	0.02795	0	0	8.14367e-06	8.14367e-06	-1.62873e-05	66.7213	0	0	1.20961	0.576963	0	0.632651		300	0.118789	-0.000139506	-0.000139506	0.000279013	0.0120287	0	0	0.118789	0	-0.355028	-111.796	0	20.391	20.391	-1.5099e-14	5.32541	0	0	0	0	0	0	0	0	0	0	0	0	0	0	0	0	0	0	0	0	0	0	0	0	0	0	0	0	0	0	0	0	0	
1	1	1	560	16.8		300	0	0	-0.000139965	-0.000139965	0.000279929	0.028	0	0	8.1637e-06	8.1637e-06	-1.63274e-05	66.765	0	0	1.21295	0.578277	0	0.634674		300	0.119169	-0.000139966	-0.000139966	0.000279931	0.0120683	0	0	0.119169	0	-0.355028	-111.796	0	20.391	20.391	-1.5099e-14	5.32541	0	0	0	0	0	0	0	0	0	0	0	0	0	0	0	0	0	0	0	0	0	0	0	0	0	0	0	0	0	0	0	0	0	
1	1	1	561	16.83		300	0	0	-0.000140424	-0.000140424	0.000280848	0.02805	0	0	8.18371e-06	8.18371e-06	-1.63674e-05	66.8086	0	0	1.21629	0.579592	0	0.636698		300	0.119549	-0.000140425	-0.000140425	0.000280849	0.0121079	0	0	0.119549	0	-0.355028	-111.796	0	20.391	20.391	-1.5099e-14	5.32541	0	0	0	0	0	0	0	0	0	0	0	0	0	0	0	0	0	0	0	0	0	0	0	0	0	0	0	0	0	0	0	0	0	
1	1	1	562	16.86		300	0	0	-0.000140883	-0.000140883	0.000281766	0.0281	0	0	8.20372e-06	8.20372e-06	-1.64074e-05	66.8522	0	0	1.21963	0.580909	0	0.638723		300	0.119929	-0.000140884	-0.000140884	0.000281768	0.0121475	0	0	0.119929	0	-0.355028	-111.796	0	20.391	20.391	-1.5099e-14	5.32541	0	0	0	0	0	0	0	0	0	0	0	0	0	0	0	0	0	0	0	0	0	0	0	0	0	0	0	0	0	0	0	0	0	
1	1	1	563	16.89		300	0	0	-0.000141343	-0.000141343	0.000282686	0.02815	0	0	8.22372e-06	8.22372e-06	-1.64474e-05	66.8957	0	0	1.22298	0.582228	0	0.640748		300	0.120309	-0.000141344	-0.000141344	0.000282688	0.0121871	0	0	0.120309	0	-0.355028	-111.796	0	20.391	20.391	-1.5099e-14	5.32541	0	0	0	0	0	0	0	0	0	0	0	0	0	0	0	0	0	0	0	0	0	0	0	0	0	0	0	0	0	0	0	0	0	
1	1	1	564	16.92		300	0	0	-0.000141803	-0.000141803	0.000283605	0.0282	0	0	8.2437e-06	8.2437e-06	-1.64874e-05	66.9391	0	0	1.22632	0.583548	0	0.642774		300	0.120689	-0.000141804	-0.000141804	0.000283607	0.0122267	0	0	0.120689	0	-0.355028	-111.796	0	20.391	20.391	-1.5099e-14	5.32541	0	0	0	0	0	0	0	0	0	0	0	0	0	0	0	0	0	0	0	0	0	0	0	0	0	0	0	0	0	0	0	0	0	
1	1	1	565	16.95		300	0	0	-0.000142263	-0.000142263	0.000284525	0.02825	0	0	8.26368e-06	8.26368e-06	-1.65274e-05	66.9824	0	0	1.22967	0.584869	0	0.644801		300	0.12107	-0.000142264	-0.000142264	0.000284527	0.0122664	0	0	0.12107	0	-0.355028	-111.796	0	20.391	20.391	-1.5099e-14	5.32541	0	0	0	0	0	0	0	0	0	0	0	0	0	0	0	0	0	0	0	0	0	0	0	0	0	0	0	0	0	0	0	0	0	
1	1	1	566	16.98		300	0	0	-0.000142723	-0.000142723	0.000285446	0.0283	0	0	8.28364e-06	8.28364e-06	-1.65673e-05	67.0256	0	0	1.23302	0.586192	0	0.646829		300	0.121451	-0.000142724	-0.000142724	0.000285448	0.0123061	0	0	0.121451	0	-0.355028	-111.796	0	20.391	20.391	-1.5099e-14	5.32541	0	0	0	0	0	0	0	0	0	0	0	0	0	0	0	0	0	0	0	0	0	0	0	0	0	0	0	0	0	0	0	0	0	
1	1	1	567	17.01		300	0	0	-0.000143183	-0.000143183	0.000286367	0.02835	0	0	8.3036e-06	8.3036e-06	-1.66072e-05	67.0688	0	0	1.23637	0.587516	0	0.648857		300	0.121831	-0.000143184	-0.000143184	0.000286369	0.0123458	0	0	0.121831	0	-0.355028	-111.796	0	20.391	20.391	-1.5099e-14	5.32541	0	0	0	0	0	0	0	0	0	0	0	0	0	0	0	0	0	0	0	0	0	0	0	0	0	0	0	0	0	0	0	0	0	
1	1	1	568	17.04		300	0	0	-0.000143644	-0.000143644	0.000287288	0.0284	0	0	8.32354e-06	8.32354e-06	-1.66471e-05	67.1119	0	0	1.23973	0.588841	0	0.650886		300	0.122212	-0.000143645	-0.000143645	0.00028729	0.0123855	0	0	0.122212	0	-0.355028	-111.796	0	20.391	20.391	-1.5099e-14	5.32541	0	0	0	0	0	0	0	0	0	0	0	0	0	0	0	0	0	0	0	0	0	0	0	0	0	0	0	0	0	0	0	0	0	
1	1	1	569	17.07		300	0	0	-0.000144105	-0.000144105	0.00028821	0.02845	0	0	8.34347e-06	8.34347e-06	-1.66869e-05	67.155	0	0	1.24308	0.590168	0	0.652915		300	0.122593	-0.000144106	-0.000144106	0.000288212	0.0124252	0	0	0.122593	0	-0.355028	-111.796	0	20.391	20.391	-1.5099e-14	5.32541	0	0	0	0	0	0	0	0	0	0	0	0	0	0	0	0	0	0	0	0	0	0	0	0	0	0	0	0	0	0	0	0	0	
1	1	1	570	17.1		300	0	0	-0.000144566	-0.000144566	0.000289132	0.0285	0	0	8.3634e-06	8.3634e-06	-1.67268e-05	67.1979	0	0	1.24644	0.591497	0	0.654945		300	0.122975	-0.000144567	-0.000144567	0.000289134	0.012465	0	0	0.122975	0	-0.355028	-111.796	0	20.391	20.391	-1.5099e-14	5.32541	0	0	0	0	0	0	0	0	0	0	0	0	0	0	0	0	0	0	0	0	0	0	0	0	0	0	0	0	0	0	0	0	0	
1	1	1	571	17.13		300	0	0	-0.000145027	-0.000145027	0.000290054	0.02855	0	0	8.38331e-06	8.38331e-06	-1.67666e-05	67.2409	0	0	1.2498	0.592827	0	0.656976		300	0.123356	-0.000145028	-0.000145028	0.000290056	0.0125047	0	0	0.123356	0	-0.355028	-111.796	0	20.391	20.391	-1.5099e-14	5.32541	0	0	0	0	0	0	0	0	0	0	0	0	0	0	0	0	0	0	0	0	0	0	0	0	0	0	0	0	0	0	0	0	0	
1	1	1	572	17.16		300	0	0	-0.000145488	-0.000145488	0.000290977	0.0286	0	0	8.40321e-06	8.40321e-06	-1.68064e-05	67.2837	0	0	1.25317	0.594158	0	0.659008		300	0.123737	-0.000145489	-0.000145489	0.000290979	0.0125445	0	0	0.123737	0	-0.355028	-111.796	0	20.391	20.391	-1.5099e-14	5.32541	0	0	0	0	0	0	0	0	0	0	0	0	0	0	0	0	0	0	0	0	0	0	0	0	0	0	0	0	0	0	0	0	0	
1	1	1	573	17.19		300	0	0	-0.00014595	-0.00014595	0.0002919	0.02865	0	0	8.4231e-06	8.4231e-06	-1.68462e-05	67.3265	0	0	1.25653	0.595491	0	0.66104		300	0.124119	-0.000145951	-0.000145951	0.000291902	0.0125843	0	0	0.124119	0	-0.355028	-111.796	0	20.391	20.391	-1.5099e-14	5.32541	0	0	0	0	0	0	0	0	0	0	0	0	0	0	0	0	0	0	0	0	0	0	0	0	0	0	0	0	0	0	0	0	0	
1	1	1	574	17.22		300	0	0	-0.000146412	-0.000146412	0.000292823	0.0287	0	0	8.44298e-06	8.44298e-06	-1.6886e-05	67.3691	0	0	1.2599	0.596826	0	0.663073		300	0.124501	-0.000146413	-0.000146413	0.000292825	0.0126241	0	0	0.124501	0	-0.355028	-111.796	0	20.391	20.391	-1.5099e-14	5.32541	0	0	0	0	0	0	0	0	0	0	0	0	0	0	0	0	0	0	0	0	0	0	0	0	0	0	0	0	0	0	0	0	0	
1	1	1	575	17.25		300	0	0	-0.000146874	-0.000146874	0.000293747	0.02875	0	0	8.46285e-06	8.46285e-06	-1.69257e-05	67.4118	0	0	1.26327	0.598162	0	0.665107		300	0.124883	-0.000146875	-0.000146875	0.000293749	0.0126639	0	0	0.124883	0	-0.355028	-111.796	0	20.391	20.391	-1.5099e-14	5.32541	0	0	0	0	0	0	0	0	0	0	0	0	0	0	0	0	0	0	0	0	0	0	0	0	0	0	0	0	0	0	0	0	0	
1	1	1	576	17.28		300	0	0	-0.000147336	-0.000147336	0.000294672	0.0288	0	0	8.48271e-06	8.48271e-06	-1.69654e-05	67.4543	0	0	1.26664	0.599499	0	0.667142		300	0.125265	-0.000147337	-0.000147337	0.000294674	0.0127038	0	0	0.125265	0	-0.355028	-111.796	0	20.391	20.391	-1.5099e-14	5.32541	0	0	0	0	0	0	0	0	0	0	0	0	0	0	0	0	0	0	0	0	0	0	0	0	0	0	0	0	0	0	0	0	0	
1	1	1	577	17.31		300	0	0	-0.000147798	-0.000147798	0.000295596	0.02885	0	0	8.50256e-06	8.50256e-06	-1.70051e-05	67.4968	0	0	1.27001	0.600838	0	0.669177		300	0.125647	-0.000147799	-0.000147799	0.000295598	0.0127436	0	0	0.125647	0	-0.355028	-111.796	0	20.391	20.391	-1.5099e-14	5.32541	0	0	0	0	0	0	0	0	0	0	0	0	0	0	0	0	0	0	0	0	0	0	0	0	0	0	0	0	0	0	0	0	0	
1	1	1	578	17.34		300	0	0	-0.000148261	-0.000148261	0.000296521	0.0289	0	0	8.5224e-06	8.5224e-06	-1.70448e-05	67.5393	0	0	1.27339	0.602178	0	0.671212		300	0.126029	-0.000148262	-0.000148262	0.000296523	0.0127835	0	0	0.126029	0	-0.355028	-111.796	0	20.391	20.391	-1.5099e-14	5.32541	0	0	0	0	0	0	0	0	0	0	0	0	0	0	0	0	0	0	0	0	0	0	0	0	0	0	0	0	0	0	0	0	0	
1	1	1	579	17.37		300	0	0	-0.000148723	-0.000148723	0.000297447	0.02895	0	0	8.54223e-06	8.54223e-06	-1.70845e-05	67.5816	0	0	1.27677	0.603519	0	0.673249		300	0.126411	-0.000148724	-0.000148724	0.000297449	0.0128234	0	0	0.126411	0	-0.355028	-111.796	0	20.391	20.391	-1.5099e-14	5.32541	0	0	0	0	0	0	0	0	0	0	0	0	0	0	0	0	0	0	0	0	0	0	0	0	0	0	0	0	0	0	0	0	0	
1	1	1	580	17.4		300	0	0	-0.000149186	-0.000149186	0.000298373	0.029	0	0	8.56205e-06	8.56205e-06	-1.71241e-05	67.6239	0	0	1.28015	0.604863	0	0.675286		300	0.126794	-0.000149187	-0.000149187	0.000298375	0.0128633	0	0	0.126794	0	-0.355028	-111.796	0	20.391	20.391	-1.5099e-14	5.32541	0	0	0	0	0	0	0	0	0	0	0	0	0	0	0	0	0	0	0	0	0	0	0	0	0	0	0	0	0	0	0	0	0	
1	1	1	581	17.43		300	0	0	-0.000149649	-0.000149649	0.000299299	0.02905	0	0	8.58186e-06	8.58186e-06	-1.71637e-05	67.6661	0	0	1.28353	0.606207	0	0.677323		300	0.127176	-0.00014965	-0.00014965	0.000299301	0.0129032	0	0	0.127176	0	-0.355028	-111.796	0	20.391	20.391	-1.5099e-14	5.32541	0	0	0	0	0	0	0	0	0	0	0	0	0	0	0	0	0	0	0	0	0	0	0	0	0	0	0	0	0	0	0	0	0	
1	1	1	582	17.46		300	0	0	-0.000150113	-0.000150113	0.000300225	0.0291	0	0	8.60166e-06	8.60166e-06	-1.72033e-05	67.7083	0	0	1.28691	0.607553	0	0.679362		300	0.127559	-0.000150114	-0.000150114	0.000300227	0.0129432	0	0	0.127559	0	-0.355028	-111.796	0	20.391	20.391	-1.5099e-14	5.32541	0	0	0	0	0	0	0	0	0	0	0	0	0	0	0	0	0	0	0	0	0	0	0	0	0	0	0	0	0	0	0	0	0	
1	1	1	583	17.49		300	0	0	-0.000150576	-0.000150576	0.000301152	0.02915	0	0	8.62144e-06	8.62144e-06	-1.72429e-05	67.7504	0	0	1.2903	0.608901	0	0.681401		300	0.127942	-0.000150577	-0.000150577	0.000301154	0.0129831	0	0	0.127942	0	-0.355028	-111.796	0	20.391	20.391	-1.5099e-14	5.32541	0	0	0	0	0	0	0	0	0	0	0	0	0	0	0	0	0	0	0	0	0	0	0	0	0	0	0	0	0	0	0	0	0	
1	1	1	584	17.52		300	0	0	-0.00015104	-0.00015104	0.000302079	0.0292	0	0	8.64122e-06	8.64122e-06	-1.72824e-05	67.7924	0	0	1.29369	0.610249	0	0.68344		300	0.128325	-0.000151041	-0.000151041	0.000302081	0.0130231	0	0	0.128325	0	-0.355028	-111.796	0	20.391	20.391	-1.5099e-14	5.32541	0	0	0	0	0	0	0	0	0	0	0	0	0	0	0	0	0	0	0	0	0	0	0	0	0	0	0	0	0	0	0	0	0	
1	1	1	585	17.55		300	0	0	-0.000151504	-0.000151504	0.000303007	0.02925	0	0	8.66099e-06	8.66099e-06	-1.7322e-05	67.8344	0	0	1.29708	0.6116	0	0.685481		300	0.128708	-0.000151505	-0.000151505	0.000303009	0.0130631	0	0	0.128708	0	-0.355028	-111.796	0	20.391	20.391	-1.5099e-14	5.32541	0	0	0	0	0	0	0	0	0	0	0	0	0	0	0	0	0	0	0	0	0	0	0	0	0	0	0	0	0	0	0	0	0	
1	1	1	586	17.58		300	0	0	-0.000151967	-0.000151967	0.000303935	0.0293	0	0	8.68074e-06	8.68074e-06	-1.73615e-05	67.8763	0	0	1.30047	0.612952	0	0.687522		300	0.129091	-0.000151969	-0.000151969	0.000303937	0.0131031	0	0	0.129091	0	-0.355028	-111.796	0	20.391	20.391	-1.5099e-14	5.32541	0	0	0	0	0	0	0	0	0	0	0	0	0	0	0	0	0	0	0	0	0	0	0	0	0	0	0	0	0	0	0	0	0	
1	1	1	587	17.61		300	0	0	-0.000152432	-0.000152432	0.000304863	0.02935	0	0	8.70049e-06	8.70049e-06	-1.7401e-05	67.9181	0	0	1.30387	0.614305	0	0.689563		300	0.129474	-0.000152433	-0.000152433	0.000304865	0.0131431	0	0	0.129474	0	-0.355028	-111.796	0	20.391	20.391	-1.5099e-14	5.32541	0	0	0	0	0	0	0	0	0	0	0	0	0	0	0	0	0	0	0	0	0	0	0	0	0	0	0	0	0	0	0	0	0	
1	1	1	588	17.64		300	0	0	-0.000152896	-0.000152896	0.000305792	0.0294	0	0	8.72023e-06	8.72023e-06	-1.74405e-05	67.9599	0	0	1.30727	0.61566	0	0.691605		300	0.129858	-0.000152897	-0.000152897	0.000305794	0.0131831	0	0	0.129858	0	-0.355028	-111.796	0	20.391	20.391	-1.5099e-14	5.32541	0	0	0	0	0	0	0	0	0	0	0	0	0	0	0	0	0	0	0	0	0	0	0	0	0	0	0	0	0	0	0	0	0	
1	1	1	589	17.67		300	0	0	-0.000153361	-0.000153361	0.000306721	0.02945	0	0	8.73995e-06	8.73995e-06	-1.74799e-05	68.0016	0	0	1.31066	0.617016	0	0.693648		300	0.130241	-0.000153362	-0.000153362	0.000306723	0.0132232	0	0	0.130241	0	-0.355028	-111.796	0	20.391	20.391	-1.5099e-14	5.32541	0	0	0	0	0	0	0	0	0	0	0	0	0	0	0	0	0	0	0	0	0	0	0	0	0	0	0	0	0	0	0	0	0	
1	1	1	590	17.7		300	0	0	-0.000153825	-0.000153825	0.00030765	0.0295	0	0	8.75967e-06	8.75967e-06	-1.75193e-05	68.0432	0	0	1.31407	0.618374	0	0.695692		300	0.130625	-0.000153826	-0.000153826	0.000307652	0.0132633	0	0	0.130625	0	-0.355028	-111.796	0	20.391	20.391	-1.5099e-14	5.32541	0	0	0	0	0	0	0	0	0	0	0	0	0	0	0	0	0	0	0	0	0	0	0	0	0	0	0	0	0	0	0	0	0	
1	1	1	591	17.73		300	0	0	-0.00015429	-0.00015429	0.00030858	0.02955	0	0	8.77937e-06	8.77937e-06	-1.75587e-05	68.0848	0	0	1.31747	0.619733	0	0.697736		300	0.131009	-0.000154291	-0.000154291	0.000308582	0.0133033	0	0	0.131009	0	-0.355028	-111.796	0	20.391	20.391	-1.5099e-14	5.32541	0	0	0	0	0	0	0	0	0	0	0	0	0	0	0	0	0	0	0	0	0	0	0	0	0	0	0	0	0	0	0	0	0	
1	1	1	592	17.76		300	0	0	-0.000154755	-0.000154755	0.00030951	0.0296	0	0	8.79906e-06	8.79906e-06	-1.75981e-05	68.1263	0	0	1.32087	0.621093	0	0.69978		300	0.131393	-0.000154756	-0.000154756	0.000309512	0.0133434	0	0	0.131393	0	-0.355028	-111.796	0	20.391	20.391	-1.5099e-14	5.32541	0	0	0	0	0	0	0	0	0	0	0	0	0	0	0	0	0	0	0	0	0	0	0	0	0	0	0	0	0	0	0	0	0	
1	1	1	593	17.79		300	0	0	-0.00015522	-0.00015522	0.000310441	0.02965	0	0	8.81875e-06	8.81875e-06	-1.76375e-05	68.1677	0	0	1.32428	0.622455	0	0.701826		300	0.131777	-0.000155221	-0.000155221	0.000310443	0.0133835	0	0	0.131777	0	-0.355028	-111.796	0	20.391	20.391	-1.5099e-14	5.32541	0	0	0	0	0	0	0	0	0	0	0	0	0	0	0	0	0	0	0	0	0	0	0	0	0	0	0	0	0	0	0	0	0	
1	1	1	594	17.82		300	0	0	-0.000155686	-0.000155686	0.000311371	0.0297	0	0	8.83842e-06	8.83842e-06	-1.76768e-05	68.2091	0	0	1.32769	0.623819	0	0.703872		300	0.132161	-0.000155687	-0.000155687	0.000311374	0.0134237	0	0	0.132161	0	-0.355028	-111.796	0	20.391	20.391	-1.5099e-14	5.32541	0	0	0	0	0	0	0	0	0	0	0	0	0	0	0	0	0	0	0	0	0	0	0	0	0	0	0	0	0	0	0	0	0	
1	1	1	595	17.85		300	0	0	-0.000156151	-0.000156151	0.000312303	0.02975	0	0	8.85808e-06	8.85808e-06	-1.77162e-05	68.2505	0	0	1.3311	0.625184	0	0.705918		300	0.132545	-0.000156152	-0.000156152	0.000312305	0.0134638	0	0	0.132545	0	-0.355028	-111.796	0	20.391	20.391	-1.5099e-14	5.32541	0	0	0	0	0	0	0	0	0	0	0	0	0	0	0	0	0	0	0	0	0	0	0	0	0	0	0	0	0	0	0	0	0	
1	1	1	596	17.88		300	0	0	-0.000156617	-0.000156617	0.000313234	0.0298	0	0	8.87773e-06	8.87773e-06	-1.77555e-05	68.2917	0	0	1.33452	0.62655	0	0.707965		300	0.132929	-0.000156618	-0.000156618	0.000313236	0.013504	0	0	0.132929	0	-0.355028	-111.796	0	20.391	20.391	-1.5099e-14	5.32541	0	0	0	0	0	0	0	0	0	0	0	0	0	0	0	0	0	0	0	0	0	0	0	0	0	0	0	0	0	0	0	0	0	
1	1	1	597	17.91		300	0	0	-0.000157083	-0.000157083	0.000314166	0.02985	0	0	8.89738e-06	8.89738e-06	-1.77948e-05	68.3329	0	0	1.33793	0.627918	0	0.710013		300	0.133314	-0.000157084	-0.000157084	0.000314168	0.0135441	0	0	0.133314	0	-0.355028	-111.796	0	20.391	20.391	-1.5099e-14	5.32541	0	0	0	0	0	0	0	0	0	0	0	0	0	0	0	0	0	0	0	0	0	0	0	0	0	0	0	0	0	0	0	0	0	
1	1	1	598	17.94		300	0	0	-0.000157549	-0.000157549	0.000315098	0.0299	0	0	8.91701e-06	8.91701e-06	-1.7834e-05	68.3741	0	0	1.34135	0.629287	0	0.712062		300	0.133698	-0.00015755	-0.00015755	0.0003151	0.0135843	0	0	0.133698	0	-0.355028	-111.796	0	20.391	20.391	-1.5099e-14	5.32541	0	0	0	0	0	0	0	0	0	0	0	0	0	0	0	0	0	0	0	0	0	0	0	0	0	0	0	0	0	0	0	0	0	
1	1	1	599	17.97		300	0	0	-0.000158015	-0.000158015	0.000316031	0.02995	0	0	8.93663e-06	8.93663e-06	-1.78733e-05	68.4151	0	0	1.34477	0.630658	0	0.71411		300	0.134083	-0.000158016	-0.000158016	0.000316033	0.0136245	0	0	0.134083	0	-0.355028	-111.796	0	20.391	20.391	-1.5099e-14	5.32541	0	0	0	0	0	0	0	0	0	0	0	0	0	0	0	0	0	0	0	0	0	0	0	0	0	0	0	0	0	0	0	0	0	
1	1	1	600	18		300	0	0	-0.000158482	-0.000158482	0.000316963	0.03	0	0	8.95624e-06	8.95624e-06	-1.79125e-05	68.4562	0	0	1.34819	0.63203	0	0.71616		300	0.134468	-0.000158483	-0.000158483	0.000316965	0.0136647	0	0	0.134468	0	-0.355028	-111.796	0	20.391	20.391	-1.5099e-14	5.32541	0	0	0	0	0	0	0	0	0	0	0	0	0	0	0	0	0	0	0	0	0	0	0	0	0	0	0	0	0	0	0	0	0	
1	1	1	601	18.03		300	0	0	-0.000158948	-0.000158948	0.000317897	0.03005	0	0	8.97584e-06	8.97584e-06	-1.79517e-05	68.4971	0	0	1.35161	0.633404	0	0.71821		300	0.134853	-0.000158949	-0.000158949	0.000317899	0.0137049	0	0	0.134853	0	-0.355028	-111.796	0	20.391	20.391	-1.5099e-14	5.32541	0	0	0	0	0	0	0	0	0	0	0	0	0	0	0	0	0	0	0	0	0	0	0	0	0	0	0	0	0	0	0	0	0	
1	1	1	602	18.06		300	0	0	-0.000159415	-0.000159415	0.00031883	0.0301	0	0	8.99543e-06	8.99543e-06	-1.79909e-05	68.538	0	0	1.35504	0.634779	0	0.720261		300	0.135238	-0.000159416	-0.000159416	0.000318832	0.0137452	0	0	0.135238	0	-0.355028	-111.796	0	20.391	20.391	-1.5099e-14	5.32541	0	0	0	0	0	0	0	0	0	0	0	0	0	0	0	0	0	0	0	0	0	0	0	0	0	0	0	0	0	0	0	0	0	
1	1	1	603	18.09		300	0	0	-0.000159882	-0.000159882	0.000319764	0.03015	0	0	9.01501e-06	9.01501e-06	-1.803e-05	68.5788	0	0	1.35847	0.636156	0	0.722312		300	0.135623	-0.000159883	-0.000159883	0.000319766	0.0137854	0	0	0.135623	0	-0.355028	-111.796	0	20.391	20.391	-1.5099e-14	5.32541	0	0	0	0	0	0	0	0	0	0	0	0	0	0	0	0	0	0	0	0	0	0	0	0	0	0	0	0	0	0	0	0	0	
1	1	1	604	18.12		300	0	0	-0.000160349	-0.000160349	0.000320698	0.0302	0	0	9.03458e-06	9.03458e-06	-1.80692e-05	68.6196	0	0	1.3619	0.637534	0	0.724364		300	0.136008	-0.00016035	-0.00016035	0.0003207	0.0138257	0	0	0.136008	0	-0.355028	-111.796	0	20.391	20.391	-1.5099e-14	5.32541	0	0	0	0	0	0	0	0	0	0	0	0	0	0	0	0	0	0	0	0	0	0	0	0	0	0	0	0	0	0	0	0	0	
1	1	1	605	18.15		300	0	0	-0.000160816	-0.000160816	0.000321633	0.03025	0	0	9.05414e-06	9.05414e-06	-1.81083e-05	68.6603	0	0	1.36533	0.638913	0	0.726417		300	0.136394	-0.000160817	-0.000160817	0.000321635	0.013866	0	0	0.136394	0	-0.355028	-111.796	0	20.391	20.391	-1.5099e-14	5.32541	0	0	0	0	0	0	0	0	0	0	0	0	0	0	0	0	0	0	0	0	0	0	0	0	0	0	0	0	0	0	0	0	0	
1	1	1	606	18.18		300	0	0	-0.000161284	-0.000161284	0.000322567	0.0303	0	0	9.07369e-06	9.07369e-06	-1.81474e-05	68.701	0	0	1.36876	0.640294	0	0.72847		300	0.136779	-0.000161285	-0.000161285	0.00032257	0.0139063	0	0	0.136779	0	-0.355028	-111.796	0	20.391	20.391	-1.5099e-14	5.32541	0	0	0	0	0	0	0	0	0	0	0	0	0	0	0	0	0	0	0	0	0	0	0	0	0	0	0	0	0	0	0	0	0	
1	1	1	607	18.21		300	0	0	-0.000161751	-0.000161751	0.000323502	0.03035	0	0	9.09323e-06	9.09323e-06	-1.81865e-05	68.7416	0	0	1.3722	0.641677	0	0.730523		300	0.137165	-0.000161752	-0.000161752	0.000323505	0.0139466	0	0	0.137165	0	-0.355028	-111.796	0	20.391	20.391	-1.5099e-14	5.32541	0	0	0	0	0	0	0	0	0	0	0	0	0	0	0	0	0	0	0	0	0	0	0	0	0	0	0	0	0	0	0	0	0	
1	1	1	608	18.24		300	0	0	-0.000162219	-0.000162219	0.000324438	0.0304	0	0	9.11275e-06	9.11275e-06	-1.82255e-05	68.7821	0	0	1.37564	0.64306	0	0.732578		300	0.137551	-0.00016222	-0.00016222	0.00032444	0.0139869	0	0	0.137551	0	-0.355028	-111.796	0	20.391	20.391	-1.5099e-14	5.32541	0	0	0	0	0	0	0	0	0	0	0	0	0	0	0	0	0	0	0	0	0	0	0	0	0	0	0	0	0	0	0	0	0	
1	1	1	609	18.27		300	0	0	-0.000162687	-0.000162687	0.000325374	0.03045	0	0	9.13227e-06	9.13227e-06	-1.82645e-05	68.8226	0	0	1.37908	0.644446	0	0.734632		300	0.137936	-0.000162688	-0.000162688	0.000325376	0.0140273	0	0	0.137936	0	-0.355028	-111.796	0	20.391	20.391	-1.5099e-14	5.32541	0	0	0	0	0	0	0	0	0	0	0	0	0	0	0	0	0	0	0	0	0	0	0	0	0	0	0	0	0	0	0	0	0	
1	1	1	610	18.3		300	0	0	-0.000163155	-0.000163155	0.00032631	0.0305	0	0	9.15178e-06	9.15178e-06	-1.83036e-05	68.863	0	0	1.38252	0.645833	0	0.736688		300	0.138322	-0.000163156	-0.000163156	0.000326312	0.0140676	0	0	0.138322	0	-0.355028	-111.796	0	20.391	20.391	-1.5099e-14	5.32541	0	0	0	0	0	0	0	0	0	0	0	0	0	0	0	0	0	0	0	0	0	0	0	0	0	0	0	0	0	0	0	0	0	
1	1	1	611	18.33		300	0	0	-0.000163623	-0.000163623	0.000327246	0.03055	0	0	9.17128e-06	9.17128e-06	-1.83426e-05	68.9034	0	0	1.38596	0.647221	0	0.738744		300	0.138708	-0.000163624	-0.000163624	0.000327249	0.014108	0	0	0.138708	0	-0.355028	-111.796	0	20.391	20.391	-1.5099e-14	5.32541	0	0	0	0	0	0	0	0	0	0	0	0	0	0	0	0	0	0	0	0	0	0	0	0	0	0	0	0	0	0	0	0	0	
1	1	1	612	18.36		300	0	0	-0.000164092	-0.000164092	0.000328183	0.0306	0	0	9.19076e-06	9.19076e-06	-1.83815e-05	68.9437	0	0	1.38941	0.64861	0	0.7408		300	0.139094	-0.000164093	-0.000164093	0.000328185	0.0141484	0	0	0.139094	0	-0.355028	-111.796	0	20.391	20.391	-1.5099e-14	5.32541	0	0	0	0	0	0	0	0	0	0	0	0	0	0	0	0	0	0	0	0	0	0	0	0	0	0	0	0	0	0	0	0	0	
1	1	1	613	18.39		300	0	0	-0.00016456	-0.00016456	0.00032912	0.03065	0	0	9.21024e-06	9.21024e-06	-1.84205e-05	68.9839	0	0	1.39286	0.650002	0	0.742857		300	0.139481	-0.000164561	-0.000164561	0.000329122	0.0141888	0	0	0.139481	0	-0.355028	-111.796	0	20.391	20.391	-1.5099e-14	5.32541	0	0	0	0	0	0	0	0	0	0	0	0	0	0	0	0	0	0	0	0	0	0	0	0	0	0	0	0	0	0	0	0	0	
1	1	1	614	18.42		300	0	0	-0.000165029	-0.000165029	0.000330058	0.0307	0	0	9.2297e-06	9.2297e-06	-1.84594e-05	69.0241	0	0	1.39631	0.651394	0	0.744915		300	0.139867	-0.00016503	-0.00016503	0.00033006	0.0142292	0	0	0.139867	0	-0.355028	-111.796	0	20.391	20.391	-1.5099e-14	5.32541	0	0	0	0	0	0	0	0	0	0	0	0	0	0	0	0	0	0	0	0	0	0	0	0	0	0	0	0	0	0	0	0	0	
1	1	1	615	18.45		300	0	0	-0.000165498	-0.000165498	0.000330995	0.03075	0	0	9.24916e-06	9.24916e-06	-1.84983e-05	69.0643	0	0	1.39976	0.652788	0	0.746973		300	0.140253	-0.000165499	-0.000165499	0.000330998	0.0142696	0	0	0.140253	0	-0.355028	-111.796	0	20.391	20.391	-1.5099e-14	5.32541	0	0	0	0	0	0	0	0	0	0	0	0	0	0	0	0	0	0	0	0	0	0	0	0	0	0	0	0	0	0	0	0	0	
1	1	1	616	18.48		300	0	0	-0.000165967	-0.000165967	0.000331933	0.0308	0	0	9.26861e-06	9.26861e-06	-1.85372e-05	69.1043	0	0	1.40322	0.654184	0	0.749032		300	0.14064	-0.000165968	-0.000165968	0.000331936	0.01431	0	0	0.14064	0	-0.355028	-111.796	0	20.391	20.391	-1.5099e-14	5.32541	0	0	0	0	0	0	0	0	0	0	0	0	0	0	0	0	0	0	0	0	0	0	0	0	0	0	0	0	0	0	0	0	0	
1	1	1	617	18.51		300	0	0	-0.000166436	-0.000166436	0.000332872	0.03085	0	0	9.28804e-06	9.28804e-06	-1.85761e-05	69.1444	0	0	1.40667	0.655581	0	0.751091		300	0.141027	-0.000166437	-0.000166437	0.000332874	0.0143505	0	0	0.141027	0	-0.355028	-111.796	0	20.391	20.391	-1.5099e-14	5.32541	0	0	0	0	0	0	0	0	0	0	0	0	0	0	0	0	0	0	0	0	0	0	0	0	0	0	0	0	0	0	0	0	0	
1	1	1	618	18.54		300	0	0	-0.000166905	-0.000166905	0.00033381	0.0309	0	0	9.30746e-06	9.30746e-06	-1.86149e-05	69.1843	0	0	1.41013	0.656979	0	0.753151		300	0.141413	-0.000166906	-0.000166906	0.000333813	0.014391	0	0	0.141413	0	-0.355028	-111.796	0	20.391	20.391	-1.5099e-14	5.32541	0	0	0	0	0	0	0	0	0	0	0	0	0	0	0	0	0	0	0	0	0	0	0	0	0	0	0	0	0	0	0	0	0	
1	1	1	619	18.57		300	0	0	-0.000167375	-0.000167375	0.000334749	0.03095	0	0	9.32688e-06	9.32688e-06	-1.86538e-05	69.2242	0	0	1.41359	0.658379	0	0.755211		300	0.1418	-0.000167376	-0.000167376	0.000334752	0.0144314	0	0	0.1418	0	-0.355028	-111.796	0	20.391	20.391	-1.5099e-14	5.32541	0	0	0	0	0	0	0	0	0	0	0	0	0	0	0	0	0	0	0	0	0	0	0	0	0	0	0	0	0	0	0	0	0	
1	1	1	620	18.6		300	0	0	-0.000167844	-0.000167844	0.000335689	0.031	0	0	9.34628e-06	9.34628e-06	-1.86926e-05	69.2641	0	0	1.41705	0.65978	0	0.757272		300	0.142187	-0.000167845	-0.000167845	0.000335691	0.0144719	0	0	0.142187	0	-0.355028	-111.796	0	20.391	20.391	-1.5099e-14	5.32541	0	0	0	0	0	0	0	0	0	0	0	0	0	0	0	0	0	0	0	0	0	0	0	0	0	0	0	0	0	0	0	0	0	
1	1	1	621	18.63		300	0	0	-0.000168314	-0.000168314	0.000336628	0.03105	0	0	9.36568e-06	9.36568e-06	-1.87314e-05	69.3039	0	0	1.42052	0.661183	0	0.759334		300	0.142574	-0.000168315	-0.000168315	0.00033663	0.0145124	0	0	0.142574	0	-0.355028	-111.796	0	20.391	20.391	-1.5099e-14	5.32541	0	0	0	0	0	0	0	0	0	0	0	0	0	0	0	0	0	0	0	0	0	0	0	0	0	0	0	0	0	0	0	0	0	
1	1	1	622	18.66		300	0	0	-0.000168784	-0.000168784	0.000337568	0.0311	0	0	9.38506e-06	9.38506e-06	-1.87701e-05	69.3436	0	0	1.42398	0.662587	0	0.761396		300	0.142961	-0.000168785	-0.000168785	0.00033757	0.0145529	0	0	0.142961	0	-0.355028	-111.796	0	20.391	20.391	-1.5099e-14	5.32541	0	0	0	0	0	0	0	0	0	0	0	0	0	0	0	0	0	0	0	0	0	0	0	0	0	0	0	0	0	0	0	0	0	
1	1	1	623	18.69		300	0	0	-0.000169254	-0.000169254	0.000338508	0.03115	0	0	9.40443e-06	9.40443e-06	-1.88089e-05	69.3833	0	0	1.42745	0.663993	0	0.763458		300	0.143348	-0.000169255	-0.000169255	0.00033851	0.0145935	0	0	0.143348	0	-0.355028	-111.796	0	20.391	20.391	-1.5099e-14	5.32541	0	0	0	0	0	0	0	0	0	0	0	0	0	0	0	0	0	0	0	0	0	0	0	0	0	0	0	0	0	0	0	0	0	
1	1	1	624	18.72		300	0	0	-0.000169724	-0.000169724	0.000339449	0.0312	0	0	9.4238e-06	9.4238e-06	-1.88476e-05	69.4229	0	0	1.43092	0.6654	0	0.765521		300	0.143736	-0.000169725	-0.000169725	0.000339451	0.014634	0	0	0.143736	0	-0.355028	-111.796	0	20.391	20.391	-1.5099e-14	5.32541	0	0	0	0	0	0	0	0	0	0	0	0	0	0	0	0	0	0	0	0	0	0	0	0	0	0	0	0	0	0	0	0	0	
1	1	1	625	18.75		300	0	0	-0.000170195	-0.000170195	0.00034039	0.03125	0	0	9.44315e-06	9.44315e-06	-1.88863e-05	69.4625	0	0	1.43439	0.666808	0	0.767585		300	0.144123	-0.000170196	-0.000170196	0.000340392	0.0146746	0	0	0.144123	0	-0.355028	-111.796	0	20.391	20.391	-1.5099e-14	5.32541	0	0	0	0	0	0	0	0	0	0	0	0	0	0	0	0	0	0	0	0	0	0	0	0	0	0	0	0	0	0	0	0	0	
1	1	1	626	18.78		300	0	0	-0.000170665	-0.000170665	0.000341331	0.0313	0	0	9.46249e-06	9.46249e-06	-1.8925e-05	69.502	0	0	1.43787	0.668218	0	0.769649		300	0.144511	-0.000170666	-0.000170666	0.000341333	0.0147151	0	0	0.144511	0	-0.355028	-111.796	0	20.391	20.391	-1.5099e-14	5.32541	0	0	0	0	0	0	0	0	0	0	0	0	0	0	0	0	0	0	0	0	0	0	0	0	0	0	0	0	0	0	0	0	0	
1	1	1	627	18.81		300	0	0	-0.000171136	-0.000171136	0.000342272	0.03135	0	0	9.48182e-06	9.48182e-06	-1.89636e-05	69.5415	0	0	1.44134	0.66963	0	0.771714		300	0.144898	-0.000171137	-0.000171137	0.000342274	0.0147557	0	0	0.144898	0	-0.355028	-111.796	0	20.391	20.391	-1.5099e-14	5.32541	0	0	0	0	0	0	0	0	0	0	0	0	0	0	0	0	0	0	0	0	0	0	0	0	0	0	0	0	0	0	0	0	0	
1	1	1	628	18.84		300	0	0	-0.000171607	-0.000171607	0.000343214	0.0314	0	0	9.50115e-06	9.50115e-06	-1.90023e-05	69.5809	0	0	1.44482	0.671043	0	0.773779		300	0.145286	-0.000171608	-0.000171608	0.000343216	0.0147963	0	0	0.145286	0	-0.355028	-111.796	0	20.391	20.391	-1.5099e-14	5.32541	0	0	0	0	0	0	0	0	0	0	0	0	0	0	0	0	0	0	0	0	0	0	0	0	0	0	0	0	0	0	0	0	0	
1	1	1	629	18.87		300	0	0	-0.000172078	-0.000172078	0.000344156	0.03145	0	0	9.52046e-06	9.52046e-06	-1.90409e-05	69.6203	0	0	1.4483	0.672457	0	0.775844		300	0.145674	-0.000172079	-0.000172079	0.000344158	0.0148369	0	0	0.145674	0	-0.355028	-111.796	0	20.391	20.391	-1.5099e-14	5.32541	0	0	0	0	0	0	0	0	0	0	0	0	0	0	0	0	0	0	0	0	0	0	0	0	0	0	0	0	0	0	0	0	0	
1	1	1	630	18.9		300	0	0	-0.000172549	-0.000172549	0.000345098	0.0315	0	0	9.53976e-06	9.53976e-06	-1.90795e-05	69.6596	0	0	1.45178	0.673873	0	0.777911		300	0.146062	-0.00017255	-0.00017255	0.0003451	0.0148776	0	0	0.146062	0	-0.355028	-111.796	0	20.391	20.391	-1.5099e-14	5.32541	0	0	0	0	0	0	0	0	0	0	0	0	0	0	0	0	0	0	0	0	0	0	0	0	0	0	0	0	0	0	0	0	0	
1	1	1	631	18.93		300	0	0	-0.00017302	-0.00017302	0.000346041	0.03155	0	0	9.55905e-06	9.55905e-06	-1.91181e-05	69.6988	0	0	1.45527	0.67529	0	0.779977		300	0.14645	-0.000173021	-0.000173021	0.000346043	0.0149182	0	0	0.14645	0	-0.355028	-111.796	0	20.391	20.391	-1.5099e-14	5.32541	0	0	0	0	0	0	0	0	0	0	0	0	0	0	0	0	0	0	0	0	0	0	0	0	0	0	0	0	0	0	0	0	0	
1	1	1	632	18.96		300	0	0	-0.000173492	-0.000173492	0.000346983	0.0316	0	0	9.57833e-06	9.57833e-06	-1.91567e-05	69.738	0	0	1.45875	0.676709	0	0.782044		300	0.146838	-0.000173493	-0.000173493	0.000346986	0.0149588	0	0	0.146838	0	-0.355028	-111.796	0	20.391	20.391	-1.5099e-14	5.32541	0	0	0	0	0	0	0	0	0	0	0	0	0	0	0	0	0	0	0	0	0	0	0	0	0	0	0	0	0	0	0	0	0	
1	1	1	633	18.99		300	0	0	-0.000173963	-0.000173963	0.000347927	0.03165	0	0	9.5976e-06	9.5976e-06	-1.91952e-05	69.7772	0	0	1.46224	0.678129	0	0.784112		300	0.147226	-0.000173964	-0.000173964	0.000347929	0.0149995	0	0	0.147226	0	-0.355028	-111.796	0	20.391	20.391	-1.5099e-14	5.32541	0	0	0	0	0	0	0	0	0	0	0	0	0	0	0	0	0	0	0	0	0	0	0	0	0	0	0	0	0	0	0	0	0	
1	1	1	634	19.02		300	0	0	-0.000174435	-0.000174435	0.00034887	0.0317	0	0	9.61686e-06	9.61686e-06	-1.92337e-05	69.8163	0	0	1.46573	0.679551	0	0.78618		300	0.147615	-0.000174436	-0.000174436	0.000348872	0.0150402	0	0	0.147615	0	-0.355028	-111.796	0	20.391	20.391	-1.5099e-14	5.32541	0	0	0	0	0	0	0	0	0	0	0	0	0	0	0	0	0	0	0	0	0	0	0	0	0	0	0	0	0	0	0	0	0	
1	1	1	635	19.05		300	0	0	-0.000174907	-0.000174907	0.000349814	0.03175	0	0	9.63611e-06	9.63611e-06	-1.92722e-05	69.8553	0	0	1.46922	0.680974	0	0.788249		300	0.148003	-0.000174908	-0.000174908	0.000349816	0.0150808	0	0	0.148003	0	-0.355028	-111.796	0	20.391	20.391	-1.5099e-14	5.32541	0	0	0	0	0	0	0	0	0	0	0	0	0	0	0	0	0	0	0	0	0	0	0	0	0	0	0	0	0	0	0	0	0	
1	1	1	636	19.08		300	0	0	-0.000175379	-0.000175379	0.000350758	0.0318	0	0	9.65535e-06	9.65535e-06	-1.93107e-05	69.8943	0	0	1.47272	0.682398	0	0.790318		300	0.148392	-0.00017538	-0.00017538	0.00035076	0.0151215	0	0	0.148392	0	-0.355028	-111.796	0	20.391	20.391	-1.5099e-14	5.32541	0	0	0	0	0	0	0	0	0	0	0	0	0	0	0	0	0	0	0	0	0	0	0	0	0	0	0	0	0	0	0	0	0	
1	1	1	637	19.11		300	0	0	-0.000175851	-0.000175851	0.000351702	0.03185	0	0	9.67458e-06	9.67458e-06	-1.93492e-05	69.9332	0	0	1.47621	0.683824	0	0.792388		300	0.14878	-0.000175852	-0.000175852	0.000351705	0.0151622	0	0	0.14878	0	-0.355028	-111.796	0	20.391	20.391	-1.5099e-14	5.32541	0	0	0	0	0	0	0	0	0	0	0	0	0	0	0	0	0	0	0	0	0	0	0	0	0	0	0	0	0	0	0	0	0	
1	1	1	638	19.14		300	0	0	-0.000176323	-0.000176323	0.000352647	0.0319	0	0	9.6938e-06	9.6938e-06	-1.93876e-05	69.9721	0	0	1.47971	0.685252	0	0.794458		300	0.149169	-0.000176325	-0.000176325	0.000352649	0.015203	0	0	0.149169	0	-0.355028	-111.796	0	20.391	20.391	-1.5099e-14	5.32541	0	0	0	0	0	0	0	0	0	0	0	0	0	0	0	0	0	0	0	0	0	0	0	0	0	0	0	0	0	0	0	0	0	
1	1	1	639	19.17		300	0	0	-0.000176796	-0.000176796	0.000353592	0.03195	0	0	9.71301e-06	9.71301e-06	-1.9426e-05	70.0109	0	0	1.48321	0.686681	0	0.796529		300	0.149558	-0.000176797	-0.000176797	0.000353594	0.0152437	0	0	0.149558	0	-0.355028	-111.796	0	20.391	20.391	-1.5099e-14	5.32541	0	0	0	0	0	0	0	0	0	0	0	0	0	0	0	0	0	0	0	0	0	0	0	0	0	0	0	0	0	0	0	0	0	
1	1	1	640	19.2		300	0	0	-0.000177268	-0.000177268	0.000354537	0.032	0	0	9.73221e-06	9.73221e-06	-1.94644e-05	70.0497	0	0	1.48671	0.688111	0	0.7986		300	0.149947	-0.00017727	-0.00017727	0.000354539	0.0152844	0	0	0.149947	0	-0.355028	-111.796	0	20.391	20.391	-1.5099e-14	5.32541	0	0	0	0	0	0	0	0	0	0	0	0	0	0	0	0	0	0	0	0	0	0	0	0	0	0	0	0	0	0	0	0	0	
1	1	1	641	19.23		300	0	0	-0.000177741	-0.000177741	0.000355482	0.03205	0	0	9.7514e-06	9.7514e-06	-1.95028e-05	70.0885	0	0	1.49021	0.689543	0	0.800672		300	0.150336	-0.000177742	-0.000177742	0.000355485	0.0153252	0	0	0.150336	0	-0.355028	-111.796	0	20.391	20.391	-1.5099e-14	5.32541	0	0	0	0	0	0	0	0	0	0	0	0	0	0	0	0	0	0	0	0	0	0	0	0	0	0	0	0	0	0	0	0	0	
1	1	1	642	19.26		300	0	0	-0.000178214	-0.000178214	0.000356428	0.0321	0	0	9.77058e-06	9.77058e-06	-1.95412e-05	70.1271	0	0	1.49372	0.690976	0	0.802744		300	0.150725	-0.000178215	-0.000178215	0.000356431	0.015366	0	0	0.150725	0	-0.355028	-111.796	0	20.391	20.391	-1.5099e-14	5.32541	0	0	0	0	0	0	0	0	0	0	0	0	0	0	0	0	0	0	0	0	0	0	0	0	0	0	0	0	0	0	0	0	0	
1	1	1	643	19.29		300	0	0	-0.000178687	-0.000178687	0.000357374	0.03215	0	0	9.78974e-06	9.78974e-06	-1.95795e-05	70.1658	0	0	1.49723	0.69241	0	0.804817		300	0.151114	-0.000178688	-0.000178688	0.000357377	0.0154068	0	0	0.151114	0	-0.355028	-111.796	0	20.391	20.391	-1.5099e-14	5.32541	0	0	0	0	0	0	0	0	0	0	0	0	0	0	0	0	0	0	0	0	0	0	0	0	0	0	0	0	0	0	0	0	0	
1	1	1	644	19.32		300	0	0	-0.00017916	-0.00017916	0.000358321	0.0322	0	0	9.8089e-06	9.8089e-06	-1.96178e-05	70.2043	0	0	1.50074	0.693846	0	0.80689		300	0.151503	-0.000179161	-0.000179161	0.000358323	0.0154476	0	0	0.151503	0	-0.355028	-111.796	0	20.391	20.391	-1.5099e-14	5.32541	0	0	0	0	0	0	0	0	0	0	0	0	0	0	0	0	0	0	0	0	0	0	0	0	0	0	0	0	0	0	0	0	0	
1	1	1	645	19.35		300	0	0	-0.000179634	-0.000179634	0.000359267	0.03225	0	0	9.82805e-06	9.82805e-06	-1.96561e-05	70.2429	0	0	1.50425	0.695284	0	0.808964		300	0.151892	-0.000179635	-0.000179635	0.000359269	0.0154884	0	0	0.151892	0	-0.355028	-111.796	0	20.391	20.391	-1.5099e-14	5.32541	0	0	0	0	0	0	0	0	0	0	0	0	0	0	0	0	0	0	0	0	0	0	0	0	0	0	0	0	0	0	0	0	0	
1	1	1	646	19.38		300	0	0	-0.000180107	-0.000180107	0.000360214	0.0323	0	0	9.84719e-06	9.84719e-06	-1.96944e-05	70.2814	0	0	1.50776	0.696723	0	0.811038		300	0.152282	-0.000180108	-0.000180108	0.000360216	0.0155292	0	0	0.152282	0	-0.355028	-111.796	0	20.391	20.391	-1.5099e-14	5.32541	0	0	0	0	0	0	0	0	0	0	0	0	0	0	0	0	0	0	0	0	0	0	0	0	0	0	0	0	0	0	0	0	0	
1	1	1	647	19.41		300	0	0	-0.000180581	-0.000180581	0.000361161	0.03235	0	0	9.86631e-06	9.86631e-06	-1.97326e-05	70.3198	0	0	1.51128	0.698163	0	0.813112		300	0.152671	-0.000180582	-0.000180582	0.000361163	0.01557	0	0	0.152671	0	-0.355028	-111.796	0	20.391	20.391	-1.5099e-14	5.32541	0	0	0	0	0	0	0	0	0	0	0	0	0	0	0	0	0	0	0	0	0	0	0	0	0	0	0	0	0	0	0	0	0	
1	1	1	648	19.44		300	0	0	-0.000181054	-0.000181054	0.000362109	0.0324	0	0	9.88543e-06	9.88543e-06	-1.97709e-05	70.3582	0	0	1.51479	0.699605	0	0.815187		300	0.153061	-0.000181055	-0.000181055	0.000362111	0.0156108	0	0	0.153061	0	-0.355028	-111.796	0	20.391	20.391	-1.5099e-14	5.32541	0	0	0	0	0	0	0	0	0	0	0	0	0	0	0	0	0	0	0	0	0	0	0	0	0	0	0	0	0	0	0	0	0	
1	1	1	649	19.47		300	0	0	-0.000181528	-0.000181528	0.000363056	0.03245	0	0	9.90454e-06	9.90454e-06	-1.98091e-05	70.3965	0	0	1.51831	0.701049	0	0.817263		300	0.153451	-0.000181529	-0.000181529	0.000363059	0.0156517	0	0	0.153451	0	-0.355028	-111.796	0	20.391	20.391	-1.5099e-14	5.32541	0	0	0	0	0	0	0	0	0	0	0	0	0	0	0	0	0	0	0	0	0	0	0	0	0	0	0	0	0	0	0	0	0	
1	1	1	650	19.5		300	0	0	-0.000182002	-0.000182002	0.000364004	0.0325	0	0	9.92364e-06	9.92364e-06	-1.98473e-05	70.4348	0	0	1.52183	0.702493	0	0.819339		300	0.15384	-0.000182003	-0.000182003	0.000364007	0.0156926	0	0	0.15384	0	-0.355028	-111.796	0	20.391	20.391	-1.5099e-14	5.32541	0	0	0	0	0	0	0	0	0	0	0	0	0	0	0	0	0	0	0	0	0	0	0	0	0	0	0	0	0	0	0	0	0	
1	1	1	651	19.53		300	0	0	-0.000182476	-0.000182476	0.000364952	0.03255	0	0	9.94272e-06	9.94272e-06	-1.98854e-05	70.473	0	0	1.52536	0.70394	0	0.821416		300	0.15423	-0.000182477	-0.000182477	0.000364955	0.0157334	0	0	0.15423	0	-0.355028	-111.796	0	20.391	20.391	-1.5099e-14	5.32541	0	0	0	0	0	0	0	0	0	0	0	0	0	0	0	0	0	0	0	0	0	0	0	0	0	0	0	0	0	0	0	0	0	
1	1	1	652	19.56		300	0	0	-0.00018295	-0.00018295	0.000365901	0.0326	0	0	9.9618e-06	9.9618e-06	-1.99236e-05	70.5112	0	0	1.52888	0.705387	0	0.823492		300	0.15462	-0.000182952	-0.000182952	0.000365903	0.0157743	0	0	0.15462	0	-0.355028	-111.796	0	20.391	20.391	-1.5099e-14	5.32541	0	0	0	0	0	0	0	0	0	0	0	0	0	0	0	0	0	0	0	0	0	0	0	0	0	0	0	0	0	0	0	0	0	
1	1	1	653	19.59		300	0	0	-0.000183425	-0.000183425	0.00036685	0.03265	0	0	9.98087e-06	9.98087e-06	-1.99617e-05	70.5493	0	0	1.53241	0.706836	0	0.82557		300	0.15501	-0.000183426	-0.000183426	0.000366852	0.0158152	0	0	0.15501	0	-0.355028	-111.796	0	20.391	20.391	-1.5099e-14	5.32541	0	0	0	0	0	0	0	0	0	0	0	0	0	0	0	0	0	0	0	0	0	0	0	0	0	0	0	0	0	0	0	0	0	
1	1	1	654	19.62		300	0	0	-0.000183899	-0.000183899	0.000367799	0.0327	0	0	9.99992e-06	9.99992e-06	-1.99998e-05	70.5874	0	0	1.53593	0.708287	0	0.827648		300	0.1554	-0.000183901	-0.000183901	0.000367801	0.0158561	0	0	0.1554	0	-0.355028	-111.796	0	20.391	20.391	-1.5099e-14	5.32541	0	0	0	0	0	0	0	0	0	0	0	0	0	0	0	0	0	0	0	0	0	0	0	0	0	0	0	0	0	0	0	0	0	
1	1	1	655	19.65		300	0	0	-0.000184374	-0.000184374	0.000368748	0.03275	0	0	1.0019e-05	1.0019e-05	-2.00379e-05	70.6254	0	0	1.53946	0.709739	0	0.829726		300	0.155791	-0.000184375	-0.000184375	0.00036875	0.0158971	0	0	0.155791	0	-0.355028	-111.796	0	20.391	20.391	-1.5099e-14	5.32541	0	0	0	0	0	0	0	0	0	0	0	0	0	0	0	0	0	0	0	0	0	0	0	0	0	0	0	0	0	0	0	0	0	
1	1	1	656	19.68		300	0	0	-0.000184849	-0.000184849	0.000369698	0.0328	0	0	1.0038e-05	1.0038e-05	-2.0076e-05	70.6634	0	0	1.543	0.711192	0	0.831805		300	0.156181	-0.00018485	-0.00018485	0.0003697	0.015938	0	0	0.156181	0	-0.355028	-111.796	0	20.391	20.391	-1.5099e-14	5.32541	0	0	0	0	0	0	0	0	0	0	0	0	0	0	0	0	0	0	0	0	0	0	0	0	0	0	0	0	0	0	0	0	0	
1	1	1	657	19.71		300	0	0	-0.000185324	-0.000185324	0.000370647	0.03285	0	0	1.0057e-05	1.0057e-05	-2.01141e-05	70.7014	0	0	1.54653	0.712647	0	0.833884		300	0.156571	-0.000185325	-0.000185325	0.00037065	0.015979	0	0	0.156571	0	-0.355028	-111.796	0	20.391	20.391	-1.5099e-14	5.32541	0	0	0	0	0	0	0	0	0	0	0	0	0	0	0	0	0	0	0	0	0	0	0	0	0	0	0	0	0	0	0	0	0	
1	1	1	658	19.74		300	0	0	-0.000185799	-0.000185799	0.000371598	0.0329	0	0	1.0076e-05	1.0076e-05	-2.01521e-05	70.7393	0	0	1.55007	0.714103	0	0.835964		300	0.156962	-0.0001858	-0.0001858	0.0003716	0.0160199	0	0	0.156962	0	-0.355028	-111.796	0	20.391	20.391	-1.5099e-14	5.32541	0	0	0	0	0	0	0	0	0	0	0	0	0	0	0	0	0	0	0	0	0	0	0	0	0	0	0	0	0	0	0	0	0	
1	1	1	659	19.77		300	0	0	-0.000186274	-0.000186274	0.000372548	0.03295	0	0	1.0095e-05	1.0095e-05	-2.01901e-05	70.7771	0	0	1.55361	0.715561	0	0.838044		300	0.157352	-0.000186275	-0.000186275	0.00037255	0.0160609	0	0	0.157352	0	-0.355028	-111.796	0	20.391	20.391	-1.5099e-14	5.32541	0	0	0	0	0	0	0	0	0	0	0	0	0	0	0	0	0	0	0	0	0	0	0	0	0	0	0	0	0	0	0	0	0	
1	1	1	660	19.8		300	0	0	-0.000186749	-0.000186749	0.000373498	0.033	0	0	1.0114e-05	1.0114e-05	-2.02281e-05	70.8149	0	0	1.55715	0.71702	0	0.840125		300	0.157743	-0.00018675	-0.00018675	0.000373501	0.0161019	0	0	0.157743	0	-0.355028	-111.796	0	20.391	20.391	-1.5099e-14	5.32541	0	0	0	0	0	0	0	0	0	0	0	0	0	0	0	0	0	0	0	0	0	0	0	0	0	0	0	0	0	0	0	0	0	
1	1	1	661	19.83		300	0	0	-0.000187225	-0.000187225	0.000374449	0.03305	0	0	1.0133e-05	1.0133e-05	-2.02661e-05	70.8527	0	0	1.56069	0.718481	0	0.842206		300	0.158134	-0.000187226	-0.000187226	0.000374452	0.0161429	0	0	0.158134	0	-0.355028	-111.796	0	20.391	20.391	-1.5099e-14	5.32541	0	0	0	0	0	0	0	0	0	0	0	0	0	0	0	0	0	0	0	0	0	0	0	0	0	0	0	0	0	0	0	0	0	
1	1	1	662	19.86		300	0	0	-0.0001877	-0.0001877	0.000375401	0.0331	0	0	1.0152e-05	1.0152e-05	-2.0304e-05	70.8904	0	0	1.56423	0.719943	0	0.844287		300	0.158524	-0.000187701	-0.000187701	0.000375403	0.0161839	0	0	0.158524	0	-0.355028	-111.796	0	20.391	20.391	-1.5099e-14	5.32541	0	0	0	0	0	0	0	0	0	0	0	0	0	0	0	0	0	0	0	0	0	0	0	0	0	0	0	0	0	0	0	0	0	
1	1	1	663	19.89		300	0	0	-0.000188176	-0.000188176	0.000376352	0.03315	0	0	1.0171e-05	1.0171e-05	-2.03419e-05	70.928	0	0	1.56778	0.721407	0	0.846369		300	0.158915	-0.000188177	-0.000188177	0.000376354	0.0162249	0	0	0.158915	0	-0.355028	-111.796	0	20.391	20.391	-1.5099e-14	5.32541	0	0	0	0	0	0	0	0	0	0	0	0	0	0	0	0	0	0	0	0	0	0	0	0	0	0	0	0	0	0	0	0	0	
1	1	1	664	19.92		300	0	0	-0.000188652	-0.000188652	0.000377304	0.0332	0	0	1.01899e-05	1.01899e-05	-2.03798e-05	70.9656	0	0	1.57132	0.722872	0	0.848451		300	0.159306	-0.000188653	-0.000188653	0.000377306	0.0162659	0	0	0.159306	0	-0.355028	-111.796	0	20.391	20.391	-1.5099e-14	5.32541	0	0	0	0	0	0	0	0	0	0	0	0	0	0	0	0	0	0	0	0	0	0	0	0	0	0	0	0	0	0	0	0	0	
1	1	1	665	19.95		300	0	0	-0.000189128	-0.000189128	0.000378255	0.03325	0	0	1.02089e-05	1.02089e-05	-2.04177e-05	71.0032	0	0	1.57487	0.724338	0	0.850534		300	0.159697	-0.000189129	-0.000189129	0.000378258	0.0163069	0	0	0.159697	0	-0.355028	-111.796	0	20.391	20.391	-1.5099e-14	5.32541	0	0	0	0	0	0	0	0	0	0	0	0	0	0	0	0	0	0	0	0	0	0	0	0	0	0	0	0	0	0	0	0	0	
1	1	1	666	19.98		300	0	0	-0.000189604	-0.000189604	0.000379208	0.0333	0	0	1.02278e-05	1.02278e-05	-2.04556e-05	71.0407	0	0	1.57842	0.725806	0	0.852618		300	0.160089	-0.000189605	-0.000189605	0.00037921	0.016348	0	0	0.160089	0	-0.355028	-111.796	0	20.391	20.391	-1.5099e-14	5.32541	0	0	0	0	0	0	0	0	0	0	0	0	0	0	0	0	0	0	0	0	0	0	0	0	0	0	0	0	0	0	0	0	0	
1	1	1	667	20.01		300	0	0	-0.00019008	-0.00019008	0.00038016	0.03335	0	0	1.02467e-05	1.02467e-05	-2.04935e-05	71.0782	0	0	1.58198	0.727275	0	0.854701		300	0.16048	-0.000190081	-0.000190081	0.000380163	0.016389	0	0	0.16048	0	-0.355028	-111.796	0	20.391	20.391	-1.5099e-14	5.32541	0	0	0	0	0	0	0	0	0	0	0	0	0	0	0	0	0	0	0	0	0	0	0	0	0	0	0	0	0	0	0	0	0	
1	1	1	668	20.04		300	0	0	-0.000190556	-0.000190556	0.000381113	0.0334	0	0	1.02656e-05	1.02656e-05	-2.05313e-05	71.1156	0	0	1.58553	0.728746	0	0.856785		300	0.160871	-0.000190558	-0.000190558	0.000381115	0.0164301	0	0	0.160871	0	-0.355028	-111.796	0	20.391	20.391	-1.5099e-14	5.32541	0	0	0	0	0	0	0	0	0	0	0	0	0	0	0	0	0	0	0	0	0	0	0	0	0	0	0	0	0	0	0	0	0	
1	1	1	669	20.07		300	0	0	-0.000191033	-0.000191033	0.000382066	0.03345	0	0	1.02845e-05	1.02845e-05	-2.05691e-05	71.153	0	0	1.58909	0.730218	0	0.85887		300	0.161262	-0.000191034	-0.000191034	0.000382068	0.0164712	0	0	0.161262	0	-0.355028	-111.796	0	20.391	20.391	-1.5099e-14	5.32541	0	0	0	0	0	0	0	0	0	0	0	0	0	0	0	0	0	0	0	0	0	0	0	0	0	0	0	0	0	0	0	0	0	
1	1	1	670	20.1		300	0	0	-0.000191509	-0.000191509	0.000383019	0.0335	0	0	1.03034e-05	1.03034e-05	-2.06069e-05	71.1903	0	0	1.59265	0.731692	0	0.860955		300	0.161654	-0.000191511	-0.000191511	0.000383021	0.0165123	0	0	0.161654	0	-0.355028	-111.796	0	20.391	20.391	-1.5099e-14	5.32541	0	0	0	0	0	0	0	0	0	0	0	0	0	0	0	0	0	0	0	0	0	0	0	0	0	0	0	0	0	0	0	0	0	
1	1	1	671	20.13		300	0	0	-0.000191986	-0.000191986	0.000383972	0.03355	0	0	1.03223e-05	1.03223e-05	-2.06446e-05	71.2276	0	0	1.59621	0.733167	0	0.86304		300	0.162045	-0.000191987	-0.000191987	0.000383975	0.0165534	0	0	0.162045	0	-0.355028	-111.796	0	20.391	20.391	-1.5099e-14	5.32541	0	0	0	0	0	0	0	0	0	0	0	0	0	0	0	0	0	0	0	0	0	0	0	0	0	0	0	0	0	0	0	0	0	
1	1	1	672	20.16		300	0	0	-0.000192463	-0.000192463	0.000384926	0.0336	0	0	1.03412e-05	1.03412e-05	-2.06824e-05	71.2649	0	0	1.59977	0.734643	0	0.865126		300	0.162437	-0.000192464	-0.000192464	0.000384928	0.0165945	0	0	0.162437	0	-0.355028	-111.796	0	20.391	20.391	-1.5099e-14	5.32541	0	0	0	0	0	0	0	0	0	0	0	0	0	0	0	0	0	0	0	0	0	0	0	0	0	0	0	0	0	0	0	0	0	
1	1	1	673	20.19		300	0	0	-0.00019294	-0.00019294	0.00038588	0.03365	0	0	1.03601e-05	1.03601e-05	-2.07201e-05	71.3021	0	0	1.60333	0.736121	0	0.867212		300	0.162829	-0.000192941	-0.000192941	0.000385882	0.0166356	0	0	0.162829	0	-0.355028	-111.796	0	20.391	20.391	-1.5099e-14	5.32541	0	0	0	0	0	0	0	0	0	0	0	0	0	0	0	0	0	0	0	0	0	0	0	0	0	0	0	0	0	0	0	0	0	
1	1	1	674	20.22		300	0	0	-0.000193417	-0.000193417	0.000386834	0.0337	0	0	1.03789e-05	1.03789e-05	-2.07578e-05	71.3392	0	0	1.6069	0.7376	0	0.869299		300	0.163221	-0.000193418	-0.000193418	0.000386837	0.0166767	0	0	0.163221	0	-0.355028	-111.796	0	20.391	20.391	-1.5099e-14	5.32541	0	0	0	0	0	0	0	0	0	0	0	0	0	0	0	0	0	0	0	0	0	0	0	0	0	0	0	0	0	0	0	0	0	
1	1	1	675	20.25		300	0	0	-0.000193894	-0.000193894	0.000387788	0.03375	0	0	1.03978e-05	1.03978e-05	-2.07955e-05	71.3763	0	0	1.61047	0.739081	0	0.871386		300	0.163612	-0.000193895	-0.000193895	0.000387791	0.0167179	0	0	0.163612	0	-0.355028	-111.796	0	20.391	20.391	-1.5099e-14	5.32541	0	0	0	0	0	0	0	0	0	0	0	0	0	0	0	0	0	0	0	0	0	0	0	0	0	0	0	0	0	0	0	0	0	
1	1	1	676	20.28		300	0	0	-0.000194372	-0.000194372	0.000388743	0.0338	0	0	1.04166e-05	1.04166e-05	-2.08332e-05	71.4134	0	0	1.61404	0.740563	0	0.873474		300	0.164004	-0.000194373	-0.000194373	0.000388746	0.016759	0	0	0.164004	0	-0.355028	-111.796	0	20.391	20.391	-1.5099e-14	5.32541	0	0	0	0	0	0	0	0	0	0	0	0	0	0	0	0	0	0	0	0	0	0	0	0	0	0	0	0	0	0	0	0	0	
1	1	1	677	20.31		300	0	0	-0.000194849	-0.000194849	0.000389698	0.03385	0	0	1.04354e-05	1.04354e-05	-2.08708e-05	71.4504	0	0	1.61761	0.742047	0	0.875562		300	0.164396	-0.00019485	-0.00019485	0.000389701	0.0168002	0	0	0.164396	0	-0.355028	-111.796	0	20.391	20.391	-1.5099e-14	5.32541	0	0	0	0	0	0	0	0	0	0	0	0	0	0	0	0	0	0	0	0	0	0	0	0	0	0	0	0	0	0	0	0	0	
1	1	1	678	20.34		300	0	0	-0.000195327	-0.000195327	0.000390653	0.0339	0	0	1.04542e-05	1.04542e-05	-2.09085e-05	71.4874	0	0	1.62118	0.743532	0	0.87765		300	0.164789	-0.000195328	-0.000195328	0.000390656	0.0168414	0	0	0.164789	0	-0.355028	-111.796	0	20.391	20.391	-1.5099e-14	5.32541	0	0	0	0	0	0	0	0	0	0	0	0	0	0	0	0	0	0	0	0	0	0	0	0	0	0	0	0	0	0	0	0	0	
1	1	1	679	20.37		300	0	0	-0.000195804	-0.000195804	0.000391609	0.03395	0	0	1.0473e-05	1.0473e-05	-2.09461e-05	71.5243	0	0	1.62476	0.745019	0	0.879739		300	0.165181	-0.000195806	-0.000195806	0.000391611	0.0168826	0	0	0.165181	0	-0.355028	-111.796	0	20.391	20.391	-1.5099e-14	5.32541	0	0	0	0	0	0	0	0	0	0	0	0	0	0	0	0	0	0	0	0	0	0	0	0	0	0	0	0	0	0	0	0	0	
1	1	1	680	20.4		300	0	0	-0.000196282	-0.000196282	0.000392564	0.034	0	0	1.04918e-05	1.04918e-05	-2.09837e-05	71.5612	0	0	1.62833	0.746507	0	0.881828		300	0.165573	-0.000196283	-0.000196283	0.000392567	0.0169238	0	0	0.165573	0	-0.355028	-111.796	0	20.391	20.391	-1.5099e-14	5.32541	0	0	0	0	0	0	0	0	0	0	0	0	0	0	0	0	0	0	0	0	0	0	0	0	0	0	0	0	0	0	0	0	0	
1	1	1	681	20.43		300	0	0	-0.00019676	-0.00019676	0.00039352	0.03405	0	0	1.05106e-05	1.05106e-05	-2.10212e-05	71.5981	0	0	1.63191	0.747996	0	0.883918		300	0.165965	-0.000196761	-0.000196761	0.000393523	0.016965	0	0	0.165965	0	-0.355028	-111.796	0	20.391	20.391	-1.5099e-14	5.32541	0	0	0	0	0	0	0	0	0	0	0	0	0	0	0	0	0	0	0	0	0	0	0	0	0	0	0	0	0	0	0	0	0	
1	1	1	682	20.46		300	0	0	-0.000197238	-0.000197238	0.000394476	0.0341	0	0	1.05294e-05	1.05294e-05	-2.10588e-05	71.6349	0	0	1.63549	0.749487	0	0.886007		300	0.166358	-0.000197239	-0.000197239	0.000394479	0.0170062	0	0	0.166358	0	-0.355028	-111.796	0	20.391	20.391	-1.5099e-14	5.32541	0	0	0	0	0	0	0	0	0	0	0	0	0	0	0	0	0	0	0	0	0	0	0	0	0	0	0	0	0	0	0	0	0	
1	1	1	683	20.49		300	0	0	-0.000197716	-0.000197716	0.000395433	0.03415	0	0	1.05481e-05	1.05481e-05	-2.10963e-05	71.6716	0	0	1.63908	0.750979	0	0.888098		300	0.16675	-0.000197718	-0.000197718	0.000395435	0.0170474	0	0	0.16675	0	-0.355028	-111.796	0	20.391	20.391	-1.5099e-14	5.32541	0	0	0	0	0	0	0	0	0	0	0	0	0	0	0	0	0	0	0	0	0	0	0	0	0	0	0	0	0	0	0	0	0	
1	1	1	684	20.52		300	0	0	-0.000198195	-0.000198195	0.000396389	0.0342	0	0	1.05669e-05	1.05669e-05	-2.11338e-05	71.7083	0	0	1.64266	0.752473	0	0.890189		300	0.167143	-0.000198196	-0.000198196	0.000396392	0.0170887	0	0	0.167143	0	-0.355028	-111.796	0	20.391	20.391	-1.5099e-14	5.32541	0	0	0	0	0	0	0	0	0	0	0	0	0	0	0	0	0	0	0	0	0	0	0	0	0	0	0	0	0	0	0	0	0	
1	1	1	685	20.55		300	0	0	-0.000198673	-0.000198673	0.000397346	0.03425	0	0	1.05856e-05	1.05856e-05	-2.11713e-05	71.745	0	0	1.64625	0.753968	0	0.89228		300	0.167535	-0.000198674	-0.000198674	0.000397349	0.0171299	0	0	0.167535	0	-0.355028	-111.796	0	20.391	20.391	-1.5099e-14	5.32541	0	0	0	0	0	0	0	0	0	0	0	0	0	0	0	0	0	0	0	0	0	0	0	0	0	0	0	0	0	0	0	0	0	
1	1	1	686	20.58		300	0	0	-0.000199152	-0.000199152	0.000398303	0.0343	0	0	1.06044e-05	1.06044e-05	-2.12088e-05	71.7817	0	0	1.64984	0.755465	0	0.894371		300	0.167928	-0.000199153	-0.000199153	0.000398306	0.0171712	0	0	0.167928	0	-0.355028	-111.796	0	20.391	20.391	-1.5099e-14	5.32541	0	0	0	0	0	0	0	0	0	0	0	0	0	0	0	0	0	0	0	0	0	0	0	0	0	0	0	0	0	0	0	0	0	
1	1	1	687	20.61		300	0	0	-0.00019963	-0.00019963	0.00039926	0.03435	0	0	1.06231e-05	1.06231e-05	-2.12462e-05	71.8182	0	0	1.65343	0.756963	0	0.896463		300	0.168321	-0.000199631	-0.000199631	0.000399263	0.0172124	0	0	0.168321	0	-0.355028	-111.796	0	20.391	20.391	-1.5099e-14	5.32541	0	0	0	0	0	0	0	0	0	0	0	0	0	0	0	0	0	0	0	0	0	0	0	0	0	0	0	0	0	0	0	0	0	
1	1	1	688	20.64		300	0	0	-0.000200109	-0.000200109	0.000400218	0.0344	0	0	1.06418e-05	1.06418e-05	-2.12836e-05	71.8548	0	0	1.65702	0.758462	0	0.898556		300	0.168714	-0.00020011	-0.00020011	0.00040022	0.0172537	0	0	0.168714	0	-0.355028	-111.796	0	20.391	20.391	-1.5099e-14	5.32541	0	0	0	0	0	0	0	0	0	0	0	0	0	0	0	0	0	0	0	0	0	0	0	0	0	0	0	0	0	0	0	0	0	
1	1	1	689	20.67		300	0	0	-0.000200588	-0.000200588	0.000401176	0.03445	0	0	1.06605e-05	1.06605e-05	-2.1321e-05	71.8913	0	0	1.66061	0.759963	0	0.900649		300	0.169107	-0.000200589	-0.000200589	0.000401178	0.017295	0	0	0.169107	0	-0.355028	-111.796	0	20.391	20.391	-1.5099e-14	5.32541	0	0	0	0	0	0	0	0	0	0	0	0	0	0	0	0	0	0	0	0	0	0	0	0	0	0	0	0	0	0	0	0	0	
1	1	1	690	20.7		300	0	0	-0.000201067	-0.000201067	0.000402134	0.0345	0	0	1.06792e-05	1.06792e-05	-2.13584e-05	71.9278	0	0	1.66421	0.761465	0	0.902742		300	0.1695	-0.000201068	-0.000201068	0.000402136	0.0173363	0	0	0.1695	0	-0.355028	-111.796	0	20.391	20.391	-1.5099e-14	5.32541	0	0	0	0	0	0	0	0	0	0	0	0	0	0	0	0	0	0	0	0	0	0	0	0	0	0	0	0	0	0	0	0	0	
1	1	1	691	20.73		300	0	0	-0.000201546	-0.000201546	0.000403092	0.03455	0	0	1.06979e-05	1.06979e-05	-2.13958e-05	71.9642	0	0	1.6678	0.762969	0	0.904835		300	0.169893	-0.000201547	-0.000201547	0.000403094	0.0173776	0	0	0.169893	0	-0.355028	-111.796	0	20.391	20.391	-1.5099e-14	5.32541	0	0	0	0	0	0	0	0	0	0	0	0	0	0	0	0	0	0	0	0	0	0	0	0	0	0	0	0	0	0	0	0	0	
1	1	1	692	20.76		300	0	0	-0.000202025	-0.000202025	0.00040405	0.0346	0	0	1.07166e-05	1.07166e-05	-2.14331e-05	72.0006	0	0	1.6714	0.764474	0	0.906929		300	0.170286	-0.000202026	-0.000202026	0.000404053	0.0174189	0	0	0.170286	0	-0.355028	-111.796	0	20.391	20.391	-1.5099e-14	5.32541	0	0	0	0	0	0	0	0	0	0	0	0	0	0	0	0	0	0	0	0	0	0	0	0	0	0	0	0	0	0	0	0	0	
1	1	1	693	20.79		300	0	0	-0.000202505	-0.000202505	0.000405009	0.03465	0	0	1.07352e-05	1.07352e-05	-2.14705e-05	72.0369	0	0	1.675	0.765981	0	0.909024		300	0.170679	-0.000202506	-0.000202506	0.000405012	0.0174603	0	0	0.170679	0	-0.355028	-111.796	0	20.391	20.391	-1.5099e-14	5.32541	0	0	0	0	0	0	0	0	0	0	0	0	0	0	0	0	0	0	0	0	0	0	0	0	0	0	0	0	0	0	0	0	0	
1	1	1	694	20.82		300	0	0	-0.000202984	-0.000202984	0.000405968	0.0347	0	0	1.07539e-05	1.07539e-05	-2.15078e-05	72.0732	0	0	1.67861	0.767489	0	0.911118		300	0.171072	-0.000202985	-0.000202985	0.000405971	0.0175016	0	0	0.171072	0	-0.355028	-111.796	0	20.391	20.391	-1.5099e-14	5.32541	0	0	0	0	0	0	0	0	0	0	0	0	0	0	0	0	0	0	0	0	0	0	0	0	0	0	0	0	0	0	0	0	0	
1	1	1	695	20.85		300	0	0	-0.000203464	-0.000203464	0.000406927	0.03475	0	0	1.07725e-05	1.07725e-05	-2.1545e-05	72.1095	0	0	1.68221	0.768998	0	0.913214		300	0.171466	-0.000203465	-0.000203465	0.00040693	0.0175429	0	0	0.171466	0	-0.355028	-111.796	0	20.391	20.391	-1.5099e-14	5.32541	0	0	0	0	0	0	0	0	0	0	0	0	0	0	0	0	0	0	0	0	0	0	0	0	0	0	0	0	0	0	0	0	0	
1	1	1	696	20.88		300	0	0	-0.000203943	-0.000203943	0.000407886	0.0348	0	0	1.07912e-05	1.07912e-05	-2.15823e-05	72.1457	0	0	1.68582	0.770509	0	0.915309		300	0.171859	-0.000203945	-0.000203945	0.000407889	0.0175843	0	0	0.171859	0	-0.355028	-111.796	0	20.391	20.391	-1.5099e-14	5.32541	0	0	0	0	0	0	0	0	0	0	0	0	0	0	0	0	0	0	0	0	0	0	0	0	0	0	0	0	0	0	0	0	0	
1	1	1	697	20.91		300	0	0	-0.000204423	-0.000204423	0.000408846	0.03485	0	0	1.08098e-05	1.08098e-05	-2.16196e-05	72.1818	0	0	1.68943	0.772021	0	0.917405		300	0.172253	-0.000204424	-0.000204424	0.000408849	0.0176257	0	0	0.172253	0	-0.355028	-111.796	0	20.391	20.391	-1.5099e-14	5.32541	0	0	0	0	0	0	0	0	0	0	0	0	0	0	0	0	0	0	0	0	0	0	0	0	0	0	0	0	0	0	0	0	0	
1	1	1	698	20.94		300	0	0	-0.000204903	-0.000204903	0.000409806	0.0349	0	0	1.08284e-05	1.08284e-05	-2.16568e-05	72.218	0	0	1.69304	0.773535	0	0.919501		300	0.172646	-0.000204904	-0.000204904	0.000409808	0.0176671	0	0	0.172646	0	-0.355028	-111.796	0	20.391	20.391	-1.5099e-14	5.32541	0	0	0	0	0	0	0	0	0	0	0	0	0	0	0	0	0	0	0	0	0	0	0	0	0	0	0	0	0	0	0	0	0	
1	1	1	699	20.97		300	0	0	-0.000205383	-0.000205383	0.000410766	0.03495	0	0	1.0847e-05	1.0847e-05	-2.1694e-05	72.2541	0	0	1.69665	0.77505	0	0.921598		300	0.17304	-0.000205384	-0.000205384	0.000410769	0.0177084	0	0	0.17304	0	-0.355028	-111.796	0	20.391	20.391	-1.5099e-14	5.32541	0	0	0	0	0	0	0	0	0	0	0	0	0	0	0	0	0	0	0	0	0	0	0	0	0	0	0	0	0	0	0	0	0	
1	1	1	700	21		300	0	0	-0.000205863	-0.000205863	0.000411726	0.035	0	0	1.08656e-05	1.08656e-05	-2.17312e-05	72.2901	0	0	1.70026	0.776567	0	0.923695		300	0.173434	-0.000205864	-0.000205864	0.000411729	0.0177498	0	0	0.173434	0	-0.355028	-111.796	0	20.391	20.391	-1.5099e-14	5.32541	0	0	0	0	0	0	0	0	0	0	0	0	0	0	0	0	0	0	0	0	0	0	0	0	0	0	0	0	0	0	0	0	0	
1	1	1	701	21.03		300	0	0	-0.000206343	-0.000206343	0.000412687	0.03505	0	0	1.08842e-05	1.08842e-05	-2.17683e-05	72.3261	0	0	1.70388	0.778085	0	0.925792		300	0.173827	-0.000206345	-0.000206345	0.000412689	0.0177912	0	0	0.173827	0	-0.355028	-111.796	0	20.391	20.391	-1.5099e-14	5.32541	0	0	0	0	0	0	0	0	0	0	0	0	0	0	0	0	0	0	0	0	0	0	0	0	0	0	0	0	0	0	0	0	0	
1	1	1	702	21.06		300	0	0	-0.000206824	-0.000206824	0.000413647	0.0351	0	0	1.09027e-05	1.09027e-05	-2.18055e-05	72.3621	0	0	1.70749	0.779604	0	0.92789		300	0.174221	-0.000206825	-0.000206825	0.00041365	0.0178327	0	0	0.174221	0	-0.355028	-111.796	0	20.391	20.391	-1.5099e-14	5.32541	0	0	0	0	0	0	0	0	0	0	0	0	0	0	0	0	0	0	0	0	0	0	0	0	0	0	0	0	0	0	0	0	0	
1	1	1	703	21.09		300	0	0	-0.000207304	-0.000207304	0.000414608	0.03515	0	0	1.09213e-05	1.09213e-05	-2.18426e-05	72.398	0	0	1.71111	0.781125	0	0.929988		300	0.174615	-0.000207305	-0.000207305	0.000414611	0.0178741	0	0	0.174615	0	-0.355028	-111.796	0	20.391	20.391	-1.5099e-14	5.32541	0	0	0	0	0	0	0	0	0	0	0	0	0	0	0	0	0	0	0	0	0	0	0	0	0	0	0	0	0	0	0	0	0	
1	1	1	704	21.12		300	0	0	-0.000207785	-0.000207785	0.00041557	0.0352	0	0	1.09399e-05	1.09399e-05	-2.18797e-05	72.4339	0	0	1.71473	0.782647	0	0.932087		300	0.175009	-0.000207786	-0.000207786	0.000415572	0.0179155	0	0	0.175009	0	-0.355028	-111.796	0	20.391	20.391	-1.5099e-14	5.32541	0	0	0	0	0	0	0	0	0	0	0	0	0	0	0	0	0	0	0	0	0	0	0	0	0	0	0	0	0	0	0	0	0	
1	1	1	705	21.15		300	0	0	-0.000208265	-0.000208265	0.000416531	0.03525	0	0	1.09584e-05	1.09584e-05	-2.19168e-05	72.4698	0	0	1.71836	0.784171	0	0.934185		300	0.175403	-0.000208267	-0.000208267	0.000416533	0.017957	0	0	0.175403	0	-0.355028	-111.796	0	20.391	20.391	-1.5099e-14	5.32541	0	0	0	0	0	0	0	0	0	0	0	0	0	0	0	0	0	0	0	0	0	0	0	0	0	0	0	0	0	0	0	0	0	
1	1	1	706	21.18		300	0	0	-0.000208746	-0.000208746	0.000417492	0.0353	0	0	1.09769e-05	1.09769e-05	-2.19539e-05	72.5056	0	0	1.72198	0.785696	0	0.936285		300	0.175797	-0.000208748	-0.000208748	0.000417495	0.0179984	0	0	0.175797	0	-0.355028	-111.796	0	20.391	20.391	-1.5099e-14	5.32541	0	0	0	0	0	0	0	0	0	0	0	0	0	0	0	0	0	0	0	0	0	0	0	0	0	0	0	0	0	0	0	0	0	
1	1	1	707	21.21		300	0	0	-0.000209227	-0.000209227	0.000418454	0.03535	0	0	1.09955e-05	1.09955e-05	-2.19909e-05	72.5414	0	0	1.72561	0.787223	0	0.938384		300	0.176192	-0.000209228	-0.000209228	0.000418457	0.0180399	0	0	0.176192	0	-0.355028	-111.796	0	20.391	20.391	-1.5099e-14	5.32541	0	0	0	0	0	0	0	0	0	0	0	0	0	0	0	0	0	0	0	0	0	0	0	0	0	0	0	0	0	0	0	0	0	
1	1	1	708	21.24		300	0	0	-0.000209708	-0.000209708	0.000419416	0.0354	0	0	1.1014e-05	1.1014e-05	-2.2028e-05	72.5771	0	0	1.72924	0.788751	0	0.940484		300	0.176586	-0.000209709	-0.000209709	0.000419419	0.0180814	0	0	0.176586	0	-0.355028	-111.796	0	20.391	20.391	-1.5099e-14	5.32541	0	0	0	0	0	0	0	0	0	0	0	0	0	0	0	0	0	0	0	0	0	0	0	0	0	0	0	0	0	0	0	0	0	
1	1	1	709	21.27		300	0	0	-0.000210189	-0.000210189	0.000420379	0.03545	0	0	1.10325e-05	1.10325e-05	-2.2065e-05	72.6128	0	0	1.73286	0.79028	0	0.942585		300	0.17698	-0.000210191	-0.000210191	0.000420381	0.0181228	0	0	0.17698	0	-0.355028	-111.796	0	20.391	20.391	-1.5099e-14	5.32541	0	0	0	0	0	0	0	0	0	0	0	0	0	0	0	0	0	0	0	0	0	0	0	0	0	0	0	0	0	0	0	0	0	
1	1	1	710	21.3		300	0	0	-0.000210671	-0.000210671	0.000421341	0.0355	0	0	1.1051e-05	1.1051e-05	-2.2102e-05	72.6484	0	0	1.7365	0.791811	0	0.944685		300	0.177375	-0.000210672	-0.000210672	0.000421344	0.0181643	0	0	0.177375	0	-0.355028	-111.796	0	20.391	20.391	-1.5099e-14	5.32541	0	0	0	0	0	0	0	0	0	0	0	0	0	0	0	0	0	0	0	0	0	0	0	0	0	0	0	0	0	0	0	0	0	
1	1	1	711	21.33		300	0	0	-0.000211152	-0.000211152	0.000422304	0.03555	0	0	1.10695e-05	1.10695e-05	-2.21389e-05	72.6841	0	0	1.74013	0.793343	0	0.946786		300	0.177769	-0.000211153	-0.000211153	0.000422306	0.0182058	0	0	0.177769	0	-0.355028	-111.796	0	20.391	20.391	-1.5099e-14	5.32541	0	0	0	0	0	0	0	0	0	0	0	0	0	0	0	0	0	0	0	0	0	0	0	0	0	0	0	0	0	0	0	0	0	
1	1	1	712	21.36		300	0	0	-0.000211633	-0.000211633	0.000423267	0.0356	0	0	1.10879e-05	1.10879e-05	-2.21759e-05	72.7196	0	0	1.74376	0.794877	0	0.948888		300	0.178164	-0.000211635	-0.000211635	0.000423269	0.0182473	0	0	0.178164	0	-0.355028	-111.796	0	20.391	20.391	-1.5099e-14	5.32541	0	0	0	0	0	0	0	0	0	0	0	0	0	0	0	0	0	0	0	0	0	0	0	0	0	0	0	0	0	0	0	0	0	
1	1	1	713	21.39		300	0	0	-0.000212115	-0.000212115	0.00042423	0.03565	0	0	1.11064e-05	1.11064e-05	-2.22128e-05	72.7552	0	0	1.7474	0.796412	0	0.950989		300	0.178558	-0.000212116	-0.000212116	0.000424232	0.0182889	0	0	0.178558	0	-0.355028	-111.796	0	20.391	20.391	-1.5099e-14	5.32541	0	0	0	0	0	0	0	0	0	0	0	0	0	0	0	0	0	0	0	0	0	0	0	0	0	0	0	0	0	0	0	0	0	
1	1	1	714	21.42		300	0	0	-0.000212596	-0.000212596	0.000425193	0.0357	0	0	1.11249e-05	1.11249e-05	-2.22497e-05	72.7907	0	0	1.75104	0.797949	0	0.953092		300	0.178953	-0.000212598	-0.000212598	0.000425196	0.0183304	0	0	0.178953	0	-0.355028	-111.796	0	20.391	20.391	-1.5099e-14	5.32541	0	0	0	0	0	0	0	0	0	0	0	0	0	0	0	0	0	0	0	0	0	0	0	0	0	0	0	0	0	0	0	0	0	
1	1	1	715	21.45		300	0	0	-0.000213078	-0.000213078	0.000426156	0.03575	0	0	1.11433e-05	1.11433e-05	-2.22866e-05	72.8262	0	0	1.75468	0.799487	0	0.955194		300	0.179348	-0.00021308	-0.00021308	0.000426159	0.0183719	0	0	0.179348	0	-0.355028	-111.796	0	20.391	20.391	-1.5099e-14	5.32541	0	0	0	0	0	0	0	0	0	0	0	0	0	0	0	0	0	0	0	0	0	0	0	0	0	0	0	0	0	0	0	0	0	
1	1	1	716	21.48		300	0	0	-0.00021356	-0.00021356	0.00042712	0.0358	0	0	1.11617e-05	1.11617e-05	-2.23235e-05	72.8616	0	0	1.75832	0.801026	0	0.957297		300	0.179743	-0.000213561	-0.000213561	0.000427123	0.0184135	0	0	0.179743	0	-0.355028	-111.796	0	20.391	20.391	-1.5099e-14	5.32541	0	0	0	0	0	0	0	0	0	0	0	0	0	0	0	0	0	0	0	0	0	0	0	0	0	0	0	0	0	0	0	0	0	
1	1	1	717	21.51		300	0	0	-0.000214042	-0.000214042	0.000428084	0.03585	0	0	1.11802e-05	1.11802e-05	-2.23603e-05	72.897	0	0	1.76197	0.802567	0	0.9594		300	0.180137	-0.000214043	-0.000214043	0.000428087	0.018455	0	0	0.180137	0	-0.355028	-111.796	0	20.391	20.391	-1.5099e-14	5.32541	0	0	0	0	0	0	0	0	0	0	0	0	0	0	0	0	0	0	0	0	0	0	0	0	0	0	0	0	0	0	0	0	0	
1	1	1	718	21.54		300	0	0	-0.000214524	-0.000214524	0.000429048	0.0359	0	0	1.11986e-05	1.11986e-05	-2.23971e-05	72.9323	0	0	1.76561	0.804109	0	0.961504		300	0.180532	-0.000214525	-0.000214525	0.000429051	0.0184966	0	0	0.180532	0	-0.355028	-111.796	0	20.391	20.391	-1.5099e-14	5.32541	0	0	0	0	0	0	0	0	0	0	0	0	0	0	0	0	0	0	0	0	0	0	0	0	0	0	0	0	0	0	0	0	0	
1	1	1	719	21.57		300	0	0	-0.000215006	-0.000215006	0.000430013	0.03595	0	0	1.1217e-05	1.1217e-05	-2.2434e-05	72.9676	0	0	1.76926	0.805653	0	0.963607		300	0.180927	-0.000215008	-0.000215008	0.000430015	0.0185382	0	0	0.180927	0	-0.355028	-111.796	0	20.391	20.391	-1.5099e-14	5.32541	0	0	0	0	0	0	0	0	0	0	0	0	0	0	0	0	0	0	0	0	0	0	0	0	0	0	0	0	0	0	0	0	0	
1	1	1	720	21.6		300	0	0	-0.000215489	-0.000215489	0.000430977	0.036	0	0	1.12354e-05	1.12354e-05	-2.24707e-05	73.0029	0	0	1.77291	0.807198	0	0.965712		300	0.181322	-0.00021549	-0.00021549	0.00043098	0.0185798	0	0	0.181322	0	-0.355028	-111.796	0	20.391	20.391	-1.5099e-14	5.32541	0	0	0	0	0	0	0	0	0	0	0	0	0	0	0	0	0	0	0	0	0	0	0	0	0	0	0	0	0	0	0	0	0	
1	1	1	721	21.63		300	0	0	-0.000215971	-0.000215971	0.000431942	0.03605	0	0	1.12538e-05	1.12538e-05	-2.25075e-05	73.0381	0	0	1.77656	0.808744	0	0.967816		300	0.181718	-0.000215972	-0.000215972	0.000431945	0.0186213	0	0	0.181718	0	-0.355028	-111.796	0	20.391	20.391	-1.5099e-14	5.32541	0	0	0	0	0	0	0	0	0	0	0	0	0	0	0	0	0	0	0	0	0	0	0	0	0	0	0	0	0	0	0	0	0	
1	1	1	722	21.66		300	0	0	-0.000216453	-0.000216453	0.000432907	0.0361	0	0	1.12721e-05	1.12721e-05	-2.25443e-05	73.0733	0	0	1.78021	0.810292	0	0.969921		300	0.182113	-0.000216455	-0.000216455	0.00043291	0.0186629	0	0	0.182113	0	-0.355028	-111.796	0	20.391	20.391	-1.5099e-14	5.32541	0	0	0	0	0	0	0	0	0	0	0	0	0	0	0	0	0	0	0	0	0	0	0	0	0	0	0	0	0	0	0	0	0	
1	1	1	723	21.69		300	0	0	-0.000216936	-0.000216936	0.000433872	0.03615	0	0	1.12905e-05	1.12905e-05	-2.2581e-05	73.1085	0	0	1.78387	0.811842	0	0.972026		300	0.182508	-0.000216937	-0.000216937	0.000433875	0.0187046	0	0	0.182508	0	-0.355028	-111.796	0	20.391	20.391	-1.5099e-14	5.32541	0	0	0	0	0	0	0	0	0	0	0	0	0	0	0	0	0	0	0	0	0	0	0	0	0	0	0	0	0	0	0	0	0	
1	1	1	724	21.72		300	0	0	-0.000217419	-0.000217419	0.000434837	0.0362	0	0	1.13089e-05	1.13089e-05	-2.26177e-05	73.1436	0	0	1.78752	0.813392	0	0.974132		300	0.182903	-0.00021742	-0.00021742	0.00043484	0.0187462	0	0	0.182903	0	-0.355028	-111.796	0	20.391	20.391	-1.5099e-14	5.32541	0	0	0	0	0	0	0	0	0	0	0	0	0	0	0	0	0	0	0	0	0	0	0	0	0	0	0	0	0	0	0	0	0	
1	1	1	725	21.75		300	0	0	-0.000217902	-0.000217902	0.000435803	0.03625	0	0	1.13272e-05	1.13272e-05	-2.26544e-05	73.1787	0	0	1.79118	0.814944	0	0.976238		300	0.183299	-0.000217903	-0.000217903	0.000435806	0.0187878	0	0	0.183299	0	-0.355028	-111.796	0	20.391	20.391	-1.5099e-14	5.32541	0	0	0	0	0	0	0	0	0	0	0	0	0	0	0	0	0	0	0	0	0	0	0	0	0	0	0	0	0	0	0	0	0	
1	1	1	726	21.78		300	0	0	-0.000218384	-0.000218384	0.000436769	0.0363	0	0	1.13455e-05	1.13455e-05	-2.26911e-05	73.2138	0	0	1.79484	0.816498	0	0.978344		300	0.183694	-0.000218386	-0.000218386	0.000436772	0.0188294	0	0	0.183694	0	-0.355028	-111.796	0	20.391	20.391	-1.5099e-14	5.32541	0	0	0	0	0	0	0	0	0	0	0	0	0	0	0	0	0	0	0	0	0	0	0	0	0	0	0	0	0	0	0	0	0	
1	1	1	727	21.81		300	0	0	-0.000218867	-0.000218867	0.000437735	0.03635	0	0	1.13639e-05	1.13639e-05	-2.27277e-05	73.2488	0	0	1.7985	0.818053	0	0.980451		300	0.18409	-0.000218869	-0.000218869	0.000437738	0.0188711	0	0	0.18409	0	-0.355028	-111.796	0	20.391	20.391	-1.5099e-14	5.32541	0	0	0	0	0	0	0	0	0	0	0	0	0	0	0	0	0	0	0	0	0	0	0	0	0	0	0	0	0	0	0	0	0	
1	1	1	728	21.84		300	0	0	-0.000219351	-0.000219351	0.000438701	0.0364	0	0	1.13822e-05	1.13822e-05	-2.27644e-05	73.2838	0	0	1.80217	0.819609	0	0.982557		300	0.184485	-0.000219352	-0.000219352	0.000438704	0.0189127	0	0	0.184485	0	-0.355028	-111.796	0	20.391	20.391	-1.5099e-14	5.32541	0	0	0	0	0	0	0	0	0	0	0	0	0	0	0	0	0	0	0	0	0	0	0	0	0	0	0	0	0	0	0	0	0	
1	1	1	729	21.87		300	0	0	-0.000219834	-0.000219834	0.000439667	0.03645	0	0	1.14005e-05	1.14005e-05	-2.2801e-05	73.3187	0	0	1.80583	0.821167	0	0.984665		300	0.184881	-0.000219835	-0.000219835	0.00043967	0.0189544	0	0	0.184881	0	-0.355028	-111.796	0	20.391	20.391	-1.5099e-14	5.32541	0	0	0	0	0	0	0	0	0	0	0	0	0	0	0	0	0	0	0	0	0	0	0	0	0	0	0	0	0	0	0	0	0	
1	1	1	730	21.9		300	0	0	-0.000220317	-0.000220317	0.000440634	0.0365	0	0	1.14188e-05	1.14188e-05	-2.28376e-05	73.3536	0	0	1.8095	0.822727	0	0.986772		300	0.185277	-0.000220318	-0.000220318	0.000440637	0.0189961	0	0	0.185277	0	-0.355028	-111.796	0	20.391	20.391	-1.5099e-14	5.32541	0	0	0	0	0	0	0	0	0	0	0	0	0	0	0	0	0	0	0	0	0	0	0	0	0	0	0	0	0	0	0	0	0	
1	1	1	731	21.93		300	0	0	-0.0002208	-0.0002208	0.000441601	0.03655	0	0	1.14371e-05	1.14371e-05	-2.28741e-05	73.3885	0	0	1.81317	0.824287	0	0.98888		300	0.185672	-0.000220802	-0.000220802	0.000441604	0.0190377	0	0	0.185672	0	-0.355028	-111.796	0	20.391	20.391	-1.5099e-14	5.32541	0	0	0	0	0	0	0	0	0	0	0	0	0	0	0	0	0	0	0	0	0	0	0	0	0	0	0	0	0	0	0	0	0	
1	1	1	732	21.96		300	0	0	-0.000221284	-0.000221284	0.000442568	0.0366	0	0	1.14553e-05	1.14553e-05	-2.29107e-05	73.4233	0	0	1.81684	0.825849	0	0.990988		300	0.186068	-0.000221285	-0.000221285	0.000442571	0.0190794	0	0	0.186068	0	-0.355028	-111.796	0	20.391	20.391	-1.5099e-14	5.32541	0	0	0	0	0	0	0	0	0	0	0	0	0	0	0	0	0	0	0	0	0	0	0	0	0	0	0	0	0	0	0	0	0	
1	1	1	733	21.99		300	0	0	-0.000221767	-0.000221767	0.000443535	0.03665	0	0	1.14736e-05	1.14736e-05	-2.29472e-05	73.4581	0	0	1.82051	0.827413	0	0.993097		300	0.186464	-0.000221769	-0.000221769	0.000443538	0.0191211	0	0	0.186464	0	-0.355028	-111.796	0	20.391	20.391	-1.5099e-14	5.32541	0	0	0	0	0	0	0	0	0	0	0	0	0	0	0	0	0	0	0	0	0	0	0	0	0	0	0	0	0	0	0	0	0	
1	1	1	734	22.02		300	0	0	-0.000222251	-0.000222251	0.000444502	0.0367	0	0	1.14919e-05	1.14919e-05	-2.29837e-05	73.4929	0	0	1.82418	0.828978	0	0.995206		300	0.18686	-0.000222253	-0.000222253	0.000444505	0.0191628	0	0	0.18686	0	-0.355028	-111.796	0	20.391	20.391	-1.5099e-14	5.32541	0	0	0	0	0	0	0	0	0	0	0	0	0	0	0	0	0	0	0	0	0	0	0	0	0	0	0	0	0	0	0	0	0	
1	1	1	735	22.05		300	0	0	-0.000222735	-0.000222735	0.00044547	0.03675	0	0	1.15101e-05	1.15101e-05	-2.30202e-05	73.5276	0	0	1.82786	0.830544	0	0.997315		300	0.187256	-0.000222736	-0.000222736	0.000445473	0.0192045	0	0	0.187256	0	-0.355028	-111.796	0	20.391	20.391	-1.5099e-14	5.32541	0	0	0	0	0	0	0	0	0	0	0	0	0	0	0	0	0	0	0	0	0	0	0	0	0	0	0	0	0	0	0	0	0	
1	1	1	736	22.08		300	0	0	-0.000223219	-0.000223219	0.000446438	0.0368	0	0	1.15284e-05	1.15284e-05	-2.30567e-05	73.5623	0	0	1.83154	0.832112	0	0.999425		300	0.187652	-0.00022322	-0.00022322	0.00044644	0.0192463	0	0	0.187652	0	-0.355028	-111.796	0	20.391	20.391	-1.5099e-14	5.32541	0	0	0	0	0	0	0	0	0	0	0	0	0	0	0	0	0	0	0	0	0	0	0	0	0	0	0	0	0	0	0	0	0	
1	1	1	737	22.11		300	0	0	-0.000223703	-0.000223703	0.000447406	0.03685	0	0	1.15466e-05	1.15466e-05	-2.30932e-05	73.597	0	0	1.83522	0.833681	0	1.00153		300	0.188048	-0.000223704	-0.000223704	0.000447408	0.019288	0	0	0.188048	0	-0.355028	-111.796	0	20.391	20.391	-1.5099e-14	5.32541	0	0	0	0	0	0	0	0	0	0	0	0	0	0	0	0	0	0	0	0	0	0	0	0	0	0	0	0	0	0	0	0	0	
1	1	1	738	22.14		300	0	0	-0.000224187	-0.000224187	0.000448374	0.0369	0	0	1.15648e-05	1.15648e-05	-2.31296e-05	73.6316	0	0	1.8389	0.835251	0	1.00364		300	0.188444	-0.000224188	-0.000224188	0.000448377	0.0193297	0	0	0.188444	0	-0.355028	-111.796	0	20.391	20.391	-1.5099e-14	5.32541	0	0	0	0	0	0	0	0	0	0	0	0	0	0	0	0	0	0	0	0	0	0	0	0	0	0	0	0	0	0	0	0	0	
1	1	1	739	22.17		300	0	0	-0.000224671	-0.000224671	0.000449342	0.03695	0	0	1.1583e-05	1.1583e-05	-2.3166e-05	73.6662	0	0	1.84258	0.836823	0	1.00575		300	0.188841	-0.000224672	-0.000224672	0.000449345	0.0193715	0	0	0.188841	0	-0.355028	-111.796	0	20.391	20.391	-1.5099e-14	5.32541	0	0	0	0	0	0	0	0	0	0	0	0	0	0	0	0	0	0	0	0	0	0	0	0	0	0	0	0	0	0	0	0	0	
1	1	1	740	22.2		300	0	0	-0.000225155	-0.000225155	0.000450311	0.037	0	0	1.16012e-05	1.16012e-05	-2.32024e-05	73.7007	0	0	1.84626	0.838397	0	1.00787		300	0.189237	-0.000225157	-0.000225157	0.000450313	0.0194132	0	0	0.189237	0	-0.355028	-111.796	0	20.391	20.391	-1.5099e-14	5.32541	0	0	0	0	0	0	0	0	0	0	0	0	0	0	0	0	0	0	0	0	0	0	0	0	0	0	0	0	0	0	0	0	0	
1	1	1	741	22.23		300	0	0	-0.00022564	-0.00022564	0.000451279	0.03705	0	0	1.16194e-05	1.16194e-05	-2.32388e-05	73.7353	0	0	1.84995	0.839971	0	1.00998		300	0.189633	-0.000225641	-0.000225641	0.000451282	0.019455	0	0	0.189633	0	-0.355028	-111.796	0	20.391	20.391	-1.5099e-14	5.32541	0	0	0	0	0	0	0	0	0	0	0	0	0	0	0	0	0	0	0	0	0	0	0	0	0	0	0	0	0	0	0	0	0	
1	1	1	742	22.26		300	0	0	-0.000226124	-0.000226124	0.000452248	0.0371	0	0	1.16376e-05	1.16376e-05	-2.32752e-05	73.7697	0	0	1.85364	0.841548	0	1.01209		300	0.19003	-0.000226126	-0.000226126	0.000452251	0.0194968	0	0	0.19003	0	-0.355028	-111.796	0	20.391	20.391	-1.5099e-14	5.32541	0	0	0	0	0	0	0	0	0	0	0	0	0	0	0	0	0	0	0	0	0	0	0	0	0	0	0	0	0	0	0	0	0	
1	1	1	743	22.29		300	0	0	-0.000226609	-0.000226609	0.000453217	0.03715	0	0	1.16558e-05	1.16558e-05	-2.33115e-05	73.8042	0	0	1.85733	0.843125	0	1.0142		300	0.190426	-0.00022661	-0.00022661	0.00045322	0.0195385	0	0	0.190426	0	-0.355028	-111.796	0	20.391	20.391	-1.5099e-14	5.32541	0	0	0	0	0	0	0	0	0	0	0	0	0	0	0	0	0	0	0	0	0	0	0	0	0	0	0	0	0	0	0	0	0	
1	1	1	744	22.32		300	0	0	-0.000227093	-0.000227093	0.000454187	0.0372	0	0	1.16739e-05	1.16739e-05	-2.33478e-05	73.8386	0	0	1.86102	0.844704	0	1.01631		300	0.190823	-0.000227095	-0.000227095	0.00045419	0.0195803	0	0	0.190823	0	-0.355028	-111.796	0	20.391	20.391	-1.5099e-14	5.32541	0	0	0	0	0	0	0	0	0	0	0	0	0	0	0	0	0	0	0	0	0	0	0	0	0	0	0	0	0	0	0	0	0	
1	1	1	745	22.35		300	0	0	-0.000227578	-0.000227578	0.000455156	0.03725	0	0	1.16921e-05	1.16921e-05	-2.33841e-05	73.873	0	0	1.86471	0.846285	0	1.01842		300	0.191219	-0.00022758	-0.00022758	0.000455159	0.0196221	0	0	0.191219	0	-0.355028	-111.796	0	20.391	20.391	-1.5099e-14	5.32541	0	0	0	0	0	0	0	0	0	0	0	0	0	0	0	0	0	0	0	0	0	0	0	0	0	0	0	0	0	0	0	0	0	
1	1	1	746	22.38		300	0	0	-0.000228063	-0.000228063	0.000456126	0.0373	0	0	1.17102e-05	1.17102e-05	-2.34204e-05	73.9073	0	0	1.8684	0.847867	0	1.02054		300	0.191616	-0.000228064	-0.000228064	0.000456129	0.0196639	0	0	0.191616	0	-0.355028	-111.796	0	20.391	20.391	-1.5099e-14	5.32541	0	0	0	0	0	0	0	0	0	0	0	0	0	0	0	0	0	0	0	0	0	0	0	0	0	0	0	0	0	0	0	0	0	
1	1	1	747	22.41		300	0	0	-0.000228548	-0.000228548	0.000457096	0.03735	0	0	1.17283e-05	1.17283e-05	-2.34567e-05	73.9417	0	0	1.8721	0.84945	0	1.02265		300	0.192013	-0.000228549	-0.000228549	0.000457099	0.0197057	0	0	0.192013	0	-0.355028	-111.796	0	20.391	20.391	-1.5099e-14	5.32541	0	0	0	0	0	0	0	0	0	0	0	0	0	0	0	0	0	0	0	0	0	0	0	0	0	0	0	0	0	0	0	0	0	
1	1	1	748	22.44		300	0	0	-0.000229033	-0.000229033	0.000458066	0.0374	0	0	1.17465e-05	1.17465e-05	-2.34929e-05	73.9759	0	0	1.8758	0.851034	0	1.02476		300	0.19241	-0.000229034	-0.000229034	0.000458069	0.0197476	0	0	0.19241	0	-0.355028	-111.796	0	20.391	20.391	-1.5099e-14	5.32541	0	0	0	0	0	0	0	0	0	0	0	0	0	0	0	0	0	0	0	0	0	0	0	0	0	0	0	0	0	0	0	0	0	
1	1	1	749	22.47		300	0	0	-0.000229518	-0.000229518	0.000459036	0.03745	0	0	1.17646e-05	1.17646e-05	-2.35291e-05	74.0102	0	0	1.8795	0.852621	0	1.02688		300	0.192806	-0.000229519	-0.000229519	0.000459039	0.0197894	0	0	0.192806	0	-0.355028	-111.796	0	20.391	20.391	-1.5099e-14	5.32541	0	0	0	0	0	0	0	0	0	0	0	0	0	0	0	0	0	0	0	0	0	0	0	0	0	0	0	0	0	0	0	0	0	
1	1	1	750	22.5		300	0	0	-0.000230003	-0.000230003	0.000460007	0.0375	0	0	1.17827e-05	1.17827e-05	-2.35653e-05	74.0444	0	0	1.8832	0.854208	0	1.02899		300	0.193203	-0.000230005	-0.000230005	0.000460009	0.0198312	0	0	0.193203	0	-0.355028	-111.796	0	20.391	20.391	-1.5099e-14	5.32541	0	0	0	0	0	0	0	0	0	0	0	0	0	0	0	0	0	0	0	0	0	0	0	0	0	0	0	0	0	0	0	0	0	
1	1	1	751	22.53		300	0	0	-0.000230489	-0.000230489	0.000460977	0.03755	0	0	1.18008e-05	1.18008e-05	-2.36015e-05	74.0786	0	0	1.8869	0.855797	0	1.03111		300	0.1936	-0.00023049	-0.00023049	0.00046098	0.0198731	0	0	0.1936	0	-0.355028	-111.796	0	20.391	20.391	-1.5099e-14	5.32541	0	0	0	0	0	0	0	0	0	0	0	0	0	0	0	0	0	0	0	0	0	0	0	0	0	0	0	0	0	0	0	0	0	
1	1	1	752	22.56		300	0	0	-0.000230974	-0.000230974	0.000461948	0.0376	0	0	1.18188e-05	1.18188e-05	-2.36377e-05	74.1127	0	0	1.89061	0.857387	0	1.03322		300	0.193997	-0.000230975	-0.000230975	0.000461951	0.0199149	0	0	0.193997	0	-0.355028	-111.796	0	20.391	20.391	-1.5099e-14	5.32541	0	0	0	0	0	0	0	0	0	0	0	0	0	0	0	0	0	0	0	0	0	0	0	0	0	0	0	0	0	0	0	0	0	
1	1	1	753	22.59		300	0	0	-0.000231459	-0.000231459	0.000462919	0.03765	0	0	1.18369e-05	1.18369e-05	-2.36738e-05	74.1468	0	0	1.89431	0.858979	0	1.03533		300	0.194394	-0.000231461	-0.000231461	0.000462922	0.0199568	0	0	0.194394	0	-0.355028	-111.796	0	20.391	20.391	-1.5099e-14	5.32541	0	0	0	0	0	0	0	0	0	0	0	0	0	0	0	0	0	0	0	0	0	0	0	0	0	0	0	0	0	0	0	0	0	
1	1	1	754	22.62		300	0	0	-0.000231945	-0.000231945	0.00046389	0.0377	0	0	1.1855e-05	1.1855e-05	-2.371e-05	74.1809	0	0	1.89802	0.860572	0	1.03745		300	0.194791	-0.000231946	-0.000231946	0.000463893	0.0199986	0	0	0.194791	0	-0.355028	-111.796	0	20.391	20.391	-1.5099e-14	5.32541	0	0	0	0	0	0	0	0	0	0	0	0	0	0	0	0	0	0	0	0	0	0	0	0	0	0	0	0	0	0	0	0	0	
1	1	1	755	22.65		300	0	0	-0.000232431	-0.000232431	0.000464861	0.03775	0	0	1.1873e-05	1.1873e-05	-2.37461e-05	74.215	0	0	1.90173	0.862166	0	1.03956		300	0.195189	-0.000232432	-0.000232432	0.000464864	0.0200405	0	0	0.195189	0	-0.355028	-111.796	0	20.391	20.391	-1.5099e-14	5.32541	0	0	0	0	0	0	0	0	0	0	0	0	0	0	0	0	0	0	0	0	0	0	0	0	0	0	0	0	0	0	0	0	0	
1	1	1	756	22.68		300	0	0	-0.000232916	-0.000232916	0.000465833	0.0378	0	0	1.18911e-05	1.18911e-05	-2.37822e-05	74.249	0	0	1.90544	0.863762	0	1.04168		300	0.195586	-0.000232918	-0.000232918	0.000465836	0.0200824	0	0	0.195586	0	-0.355028	-111.796	0	20.391	20.391	-1.5099e-14	5.32541	0	0	0	0	0	0	0	0	0	0	0	0	0	0	0	0	0	0	0	0	0	0	0	0	0	0	0	0	0	0	0	0	0	
1	1	1	757	22.71		300	0	0	-0.000233402	-0.000233402	0.000466805	0.03785	0	0	1.19091e-05	1.19091e-05	-2.38182e-05	74.283	0	0	1.90916	0.86536	0	1.0438		300	0.195983	-0.000233404	-0.000233404	0.000466807	0.0201243	0	0	0.195983	0	-0.355028	-111.796	0	20.391	20.391	-1.5099e-14	5.32541	0	0	0	0	0	0	0	0	0	0	0	0	0	0	0	0	0	0	0	0	0	0	0	0	0	0	0	0	0	0	0	0	0	
1	1	1	758	22.74		300	0	0	-0.000233888	-0.000233888	0.000467777	0.0379	0	0	1.19271e-05	1.19271e-05	-2.38543e-05	74.3169	0	0	1.91287	0.866958	0	1.04591		300	0.19638	-0.00023389	-0.00023389	0.000467779	0.0201662	0	0	0.19638	0	-0.355028	-111.796	0	20.391	20.391	-1.5099e-14	5.32541	0	0	0	0	0	0	0	0	0	0	0	0	0	0	0	0	0	0	0	0	0	0	0	0	0	0	0	0	0	0	0	0	0	
1	1	1	759	22.77		300	0	0	-0.000234374	-0.000234374	0.000468749	0.03795	0	0	1.19452e-05	1.19452e-05	-2.38903e-05	74.3508	0	0	1.91659	0.868559	0	1.04803		300	0.196778	-0.000234376	-0.000234376	0.000468751	0.0202081	0	0	0.196778	0	-0.355028	-111.796	0	20.391	20.391	-1.5099e-14	5.32541	0	0	0	0	0	0	0	0	0	0	0	0	0	0	0	0	0	0	0	0	0	0	0	0	0	0	0	0	0	0	0	0	0	
1	1	1	760	22.8		300	0	0	-0.00023486	-0.00023486	0.000469721	0.038	0	0	1.19632e-05	1.19632e-05	-2.39263e-05	74.3847	0	0	1.92031	0.87016	0	1.05015		300	0.197175	-0.000234862	-0.000234862	0.000469724	0.02025	0	0	0.197175	0	-0.355028	-111.796	0	20.391	20.391	-1.5099e-14	5.32541	0	0	0	0	0	0	0	0	0	0	0	0	0	0	0	0	0	0	0	0	0	0	0	0	0	0	0	0	0	0	0	0	0	
1	1	1	761	22.83		300	0	0	-0.000235347	-0.000235347	0.000470693	0.03805	0	0	1.19812e-05	1.19812e-05	-2.39623e-05	74.4186	0	0	1.92403	0.871763	0	1.05226		300	0.197573	-0.000235348	-0.000235348	0.000470696	0.0202919	0	0	0.197573	0	-0.355028	-111.796	0	20.391	20.391	-1.5099e-14	5.32541	0	0	0	0	0	0	0	0	0	0	0	0	0	0	0	0	0	0	0	0	0	0	0	0	0	0	0	0	0	0	0	0	0	
1	1	1	762	22.86		300	0	0	-0.000235833	-0.000235833	0.000471666	0.0381	0	0	1.19991e-05	1.19991e-05	-2.39983e-05	74.4524	0	0	1.92775	0.873367	0	1.05438		300	0.19797	-0.000235834	-0.000235834	0.000471669	0.0203339	0	0	0.19797	0	-0.355028	-111.796	0	20.391	20.391	-1.5099e-14	5.32541	0	0	0	0	0	0	0	0	0	0	0	0	0	0	0	0	0	0	0	0	0	0	0	0	0	0	0	0	0	0	0	0	0	
1	1	1	763	22.89		300	0	0	-0.000236319	-0.000236319	0.000472639	0.03815	0	0	1.20171e-05	1.20171e-05	-2.40342e-05	74.4862	0	0	1.93147	0.874973	0	1.0565		300	0.198368	-0.000236321	-0.000236321	0.000472641	0.0203758	0	0	0.198368	0	-0.355028	-111.796	0	20.391	20.391	-1.5099e-14	5.32541	0	0	0	0	0	0	0	0	0	0	0	0	0	0	0	0	0	0	0	0	0	0	0	0	0	0	0	0	0	0	0	0	0	
1	1	1	764	22.92		300	0	0	-0.000236806	-0.000236806	0.000473612	0.0382	0	0	1.20351e-05	1.20351e-05	-2.40702e-05	74.5199	0	0	1.9352	0.87658	0	1.05862		300	0.198766	-0.000236807	-0.000236807	0.000473614	0.0204178	0	0	0.198766	0	-0.355028	-111.796	0	20.391	20.391	-1.5099e-14	5.32541	0	0	0	0	0	0	0	0	0	0	0	0	0	0	0	0	0	0	0	0	0	0	0	0	0	0	0	0	0	0	0	0	0	
1	1	1	765	22.95		300	0	0	-0.000237292	-0.000237292	0.000474585	0.03825	0	0	1.2053e-05	1.2053e-05	-2.41061e-05	74.5536	0	0	1.93892	0.878189	0	1.06073		300	0.199163	-0.000237294	-0.000237294	0.000474588	0.0204597	0	0	0.199163	0	-0.355028	-111.796	0	20.391	20.391	-1.5099e-14	5.32541	0	0	0	0	0	0	0	0	0	0	0	0	0	0	0	0	0	0	0	0	0	0	0	0	0	0	0	0	0	0	0	0	0	
1	1	1	766	22.98		300	0	0	-0.000237779	-0.000237779	0.000475558	0.0383	0	0	1.2071e-05	1.2071e-05	-2.4142e-05	74.5873	0	0	1.94265	0.879799	0	1.06285		300	0.199561	-0.00023778	-0.00023778	0.000475561	0.0205017	0	0	0.199561	0	-0.355028	-111.796	0	20.391	20.391	-1.5099e-14	5.32541	0	0	0	0	0	0	0	0	0	0	0	0	0	0	0	0	0	0	0	0	0	0	0	0	0	0	0	0	0	0	0	0	0	
1	1	1	767	23.01		300	0	0	-0.000238266	-0.000238266	0.000476531	0.03835	0	0	1.20889e-05	1.20889e-05	-2.41778e-05	74.621	0	0	1.94638	0.88141	0	1.06497		300	0.199959	-0.000238267	-0.000238267	0.000476534	0.0205436	0	0	0.199959	0	-0.355028	-111.796	0	20.391	20.391	-1.5099e-14	5.32541	0	0	0	0	0	0	0	0	0	0	0	0	0	0	0	0	0	0	0	0	0	0	0	0	0	0	0	0	0	0	0	0	0	
1	1	1	768	23.04		300	0	0	-0.000238753	-0.000238753	0.000477505	0.0384	0	0	1.21069e-05	1.21069e-05	-2.42137e-05	74.6546	0	0	1.95011	0.883023	0	1.06709		300	0.200357	-0.000238754	-0.000238754	0.000477508	0.0205856	0	0	0.200357	0	-0.355028	-111.796	0	20.391	20.391	-1.5099e-14	5.32541	0	0	0	0	0	0	0	0	0	0	0	0	0	0	0	0	0	0	0	0	0	0	0	0	0	0	0	0	0	0	0	0	0	
1	1	1	769	23.07		300	0	0	-0.000239239	-0.000239239	0.000478479	0.03845	0	0	1.21248e-05	1.21248e-05	-2.42495e-05	74.6882	0	0	1.95385	0.884637	0	1.06921		300	0.200755	-0.000239241	-0.000239241	0.000478482	0.0206276	0	0	0.200755	0	-0.355028	-111.796	0	20.391	20.391	-1.5099e-14	5.32541	0	0	0	0	0	0	0	0	0	0	0	0	0	0	0	0	0	0	0	0	0	0	0	0	0	0	0	0	0	0	0	0	0	
1	1	1	770	23.1		300	0	0	-0.000239726	-0.000239726	0.000479453	0.0385	0	0	1.21427e-05	1.21427e-05	-2.42854e-05	74.7218	0	0	1.95758	0.886252	0	1.07133		300	0.201153	-0.000239728	-0.000239728	0.000479456	0.0206696	0	0	0.201153	0	-0.355028	-111.796	0	20.391	20.391	-1.5099e-14	5.32541	0	0	0	0	0	0	0	0	0	0	0	0	0	0	0	0	0	0	0	0	0	0	0	0	0	0	0	0	0	0	0	0	0	
1	1	1	771	23.13		300	0	0	-0.000240214	-0.000240214	0.000480427	0.03855	0	0	1.21606e-05	1.21606e-05	-2.43212e-05	74.7553	0	0	1.96132	0.887869	0	1.07345		300	0.201551	-0.000240215	-0.000240215	0.00048043	0.0207116	0	0	0.201551	0	-0.355028	-111.796	0	20.391	20.391	-1.5099e-14	5.32541	0	0	0	0	0	0	0	0	0	0	0	0	0	0	0	0	0	0	0	0	0	0	0	0	0	0	0	0	0	0	0	0	0	
1	1	1	772	23.16		300	0	0	-0.000240701	-0.000240701	0.000481401	0.0386	0	0	1.21785e-05	1.21785e-05	-2.43569e-05	74.7888	0	0	1.96506	0.889488	0	1.07557		300	0.201949	-0.000240702	-0.000240702	0.000481404	0.0207536	0	0	0.201949	0	-0.355028	-111.796	0	20.391	20.391	-1.5099e-14	5.32541	0	0	0	0	0	0	0	0	0	0	0	0	0	0	0	0	0	0	0	0	0	0	0	0	0	0	0	0	0	0	0	0	0	
1	1	1	773	23.19		300	0	0	-0.000241188	-0.000241188	0.000482376	0.03865	0	0	1.21963e-05	1.21963e-05	-2.43927e-05	74.8223	0	0	1.9688	0.891107	0	1.07769		300	0.202347	-0.000241189	-0.000241189	0.000482379	0.0207956	0	0	0.202347	0	-0.355028	-111.796	0	20.391	20.391	-1.5099e-14	5.32541	0	0	0	0	0	0	0	0	0	0	0	0	0	0	0	0	0	0	0	0	0	0	0	0	0	0	0	0	0	0	0	0	0	
1	1	1	774	23.22		300	0	0	-0.000241675	-0.000241675	0.000483351	0.0387	0	0	1.22142e-05	1.22142e-05	-2.44284e-05	74.8557	0	0	1.97254	0.892729	0	1.07981		300	0.202745	-0.000241677	-0.000241677	0.000483354	0.0208376	0	0	0.202745	0	-0.355028	-111.796	0	20.391	20.391	-1.5099e-14	5.32541	0	0	0	0	0	0	0	0	0	0	0	0	0	0	0	0	0	0	0	0	0	0	0	0	0	0	0	0	0	0	0	0	0	
1	1	1	775	23.25		300	0	0	-0.000242163	-0.000242163	0.000484325	0.03875	0	0	1.22321e-05	1.22321e-05	-2.44642e-05	74.8892	0	0	1.97628	0.894351	0	1.08193		300	0.203143	-0.000242164	-0.000242164	0.000484328	0.0208796	0	0	0.203143	0	-0.355028	-111.796	0	20.391	20.391	-1.5099e-14	5.32541	0	0	0	0	0	0	0	0	0	0	0	0	0	0	0	0	0	0	0	0	0	0	0	0	0	0	0	0	0	0	0	0	0	
1	1	1	776	23.28		300	0	0	-0.00024265	-0.00024265	0.0004853	0.0388	0	0	1.22499e-05	1.22499e-05	-2.44999e-05	74.9225	0	0	1.98003	0.895975	0	1.08405		300	0.203542	-0.000242652	-0.000242652	0.000485303	0.0209217	0	0	0.203542	0	-0.355028	-111.796	0	20.391	20.391	-1.5099e-14	5.32541	0	0	0	0	0	0	0	0	0	0	0	0	0	0	0	0	0	0	0	0	0	0	0	0	0	0	0	0	0	0	0	0	0	
1	1	1	777	23.31		300	0	0	-0.000243138	-0.000243138	0.000486276	0.03885	0	0	1.22678e-05	1.22678e-05	-2.45355e-05	74.9559	0	0	1.98378	0.8976	0	1.08618		300	0.20394	-0.000243139	-0.000243139	0.000486279	0.0209637	0	0	0.20394	0	-0.355028	-111.796	0	20.391	20.391	-1.5099e-14	5.32541	0	0	0	0	0	0	0	0	0	0	0	0	0	0	0	0	0	0	0	0	0	0	0	0	0	0	0	0	0	0	0	0	0	
1	1	1	778	23.34		300	0	0	-0.000243626	-0.000243626	0.000487251	0.0389	0	0	1.22856e-05	1.22856e-05	-2.45712e-05	74.9892	0	0	1.98753	0.899227	0	1.0883		300	0.204338	-0.000243627	-0.000243627	0.000487254	0.0210058	0	0	0.204338	0	-0.355028	-111.796	0	20.391	20.391	-1.5099e-14	5.32541	0	0	0	0	0	0	0	0	0	0	0	0	0	0	0	0	0	0	0	0	0	0	0	0	0	0	0	0	0	0	0	0	0	
1	1	1	779	23.37		300	0	0	-0.000244113	-0.000244113	0.000488227	0.03895	0	0	1.23034e-05	1.23034e-05	-2.46069e-05	75.0225	0	0	1.99128	0.900855	0	1.09042		300	0.204737	-0.000244115	-0.000244115	0.000488229	0.0210478	0	0	0.204737	0	-0.355028	-111.796	0	20.391	20.391	-1.5099e-14	5.32541	0	0	0	0	0	0	0	0	0	0	0	0	0	0	0	0	0	0	0	0	0	0	0	0	0	0	0	0	0	0	0	0	0	
1	1	1	780	23.4		300	0	0	-0.000244601	-0.000244601	0.000489202	0.039	0	0	1.23212e-05	1.23212e-05	-2.46425e-05	75.0558	0	0	1.99503	0.902485	0	1.09254		300	0.205135	-0.000244603	-0.000244603	0.000489205	0.0210899	0	0	0.205135	0	-0.355028	-111.796	0	20.391	20.391	-1.5099e-14	5.32541	0	0	0	0	0	0	0	0	0	0	0	0	0	0	0	0	0	0	0	0	0	0	0	0	0	0	0	0	0	0	0	0	0	
1	1	1	781	23.43		300	0	0	-0.000245089	-0.000245089	0.000490178	0.03905	0	0	1.2339e-05	1.2339e-05	-2.46781e-05	75.089	0	0	1.99878	0.904116	0	1.09467		300	0.205534	-0.000245091	-0.000245091	0.000490181	0.021132	0	0	0.205534	0	-0.355028	-111.796	0	20.391	20.391	-1.5099e-14	5.32541	0	0	0	0	0	0	0	0	0	0	0	0	0	0	0	0	0	0	0	0	0	0	0	0	0	0	0	0	0	0	0	0	0	
1	1	1	782	23.46		300	0	0	-0.000245577	-0.000245577	0.000491154	0.0391	0	0	1.23568e-05	1.23568e-05	-2.47137e-05	75.1222	0	0	2.00254	0.905748	0	1.09679		300	0.205933	-0.000245579	-0.000245579	0.000491157	0.021174	0	0	0.205933	0	-0.355028	-111.796	0	20.391	20.391	-1.5099e-14	5.32541	0	0	0	0	0	0	0	0	0	0	0	0	0	0	0	0	0	0	0	0	0	0	0	0	0	0	0	0	0	0	0	0	0	
1	1	1	783	23.49		300	0	0	-0.000246065	-0.000246065	0.00049213	0.03915	0	0	1.23746e-05	1.23746e-05	-2.47493e-05	75.1554	0	0	2.00629	0.907382	0	1.09891		300	0.206331	-0.000246067	-0.000246067	0.000492133	0.0212161	0	0	0.206331	0	-0.355028	-111.796	0	20.391	20.391	-1.5099e-14	5.32541	0	0	0	0	0	0	0	0	0	0	0	0	0	0	0	0	0	0	0	0	0	0	0	0	0	0	0	0	0	0	0	0	0	
1	1	1	784	23.52		300	0	0	-0.000246553	-0.000246553	0.000493107	0.0392	0	0	1.23924e-05	1.23924e-05	-2.47848e-05	75.1885	0	0	2.01005	0.909017	0	1.10104		300	0.20673	-0.000246555	-0.000246555	0.00049311	0.0212582	0	0	0.20673	0	-0.355028	-111.796	0	20.391	20.391	-1.5099e-14	5.32541	0	0	0	0	0	0	0	0	0	0	0	0	0	0	0	0	0	0	0	0	0	0	0	0	0	0	0	0	0	0	0	0	0	
1	1	1	785	23.55		300	0	0	-0.000247042	-0.000247042	0.000494083	0.03925	0	0	1.24102e-05	1.24102e-05	-2.48203e-05	75.2216	0	0	2.01381	0.910653	0	1.10316		300	0.207129	-0.000247043	-0.000247043	0.000494086	0.0213003	0	0	0.207129	0	-0.355028	-111.796	0	20.391	20.391	-1.5099e-14	5.32541	0	0	0	0	0	0	0	0	0	0	0	0	0	0	0	0	0	0	0	0	0	0	0	0	0	0	0	0	0	0	0	0	0	
1	1	1	786	23.58		300	0	0	-0.00024753	-0.00024753	0.00049506	0.0393	0	0	1.24279e-05	1.24279e-05	-2.48558e-05	75.2547	0	0	2.01757	0.912291	0	1.10528		300	0.207527	-0.000247531	-0.000247531	0.000495063	0.0213424	0	0	0.207527	0	-0.355028	-111.796	0	20.391	20.391	-1.5099e-14	5.32541	0	0	0	0	0	0	0	0	0	0	0	0	0	0	0	0	0	0	0	0	0	0	0	0	0	0	0	0	0	0	0	0	0	
1	1	1	787	23.61		300	0	0	-0.000248018	-0.000248018	0.000496037	0.03935	0	0	1.24457e-05	1.24457e-05	-2.48913e-05	75.2877	0	0	2.02134	0.91393	0	1.10741		300	0.207926	-0.00024802	-0.00024802	0.00049604	0.0213845	0	0	0.207926	0	-0.355028	-111.796	0	20.391	20.391	-1.5099e-14	5.32541	0	0	0	0	0	0	0	0	0	0	0	0	0	0	0	0	0	0	0	0	0	0	0	0	0	0	0	0	0	0	0	0	0	
1	1	1	788	23.64		300	0	0	-0.000248507	-0.000248507	0.000497014	0.0394	0	0	1.24634e-05	1.24634e-05	-2.49268e-05	75.3208	0	0	2.0251	0.915571	0	1.10953		300	0.208325	-0.000248508	-0.000248508	0.000497017	0.0214267	0	0	0.208325	0	-0.355028	-111.796	0	20.391	20.391	-1.5099e-14	5.32541	0	0	0	0	0	0	0	0	0	0	0	0	0	0	0	0	0	0	0	0	0	0	0	0	0	0	0	0	0	0	0	0	0	
1	1	1	789	23.67		300	0	0	-0.000248995	-0.000248995	0.000497991	0.03945	0	0	1.24811e-05	1.24811e-05	-2.49623e-05	75.3538	0	0	2.02887	0.917213	0	1.11166		300	0.208724	-0.000248997	-0.000248997	0.000497994	0.0214688	0	0	0.208724	0	-0.355028	-111.796	0	20.391	20.391	-1.5099e-14	5.32541	0	0	0	0	0	0	0	0	0	0	0	0	0	0	0	0	0	0	0	0	0	0	0	0	0	0	0	0	0	0	0	0	0	
1	1	1	790	23.7		300	0	0	-0.000249484	-0.000249484	0.000498968	0.0395	0	0	1.24989e-05	1.24989e-05	-2.49977e-05	75.3867	0	0	2.03264	0.918856	0	1.11378		300	0.209123	-0.000249486	-0.000249486	0.000498971	0.0215109	0	0	0.209123	0	-0.355028	-111.796	0	20.391	20.391	-1.5099e-14	5.32541	0	0	0	0	0	0	0	0	0	0	0	0	0	0	0	0	0	0	0	0	0	0	0	0	0	0	0	0	0	0	0	0	0	
1	1	1	791	23.73		300	0	0	-0.000249973	-0.000249973	0.000499946	0.03955	0	0	1.25166e-05	1.25166e-05	-2.50331e-05	75.4197	0	0	2.03641	0.920501	0	1.11591		300	0.209522	-0.000249974	-0.000249974	0.000499949	0.0215531	0	0	0.209522	0	-0.355028	-111.796	0	20.391	20.391	-1.5099e-14	5.32541	0	0	0	0	0	0	0	0	0	0	0	0	0	0	0	0	0	0	0	0	0	0	0	0	0	0	0	0	0	0	0	0	0	
1	1	1	792	23.76		300	0	0	-0.000250462	-0.000250462	0.000500923	0.0396	0	0	1.25343e-05	1.25343e-05	-2.50685e-05	75.4526	0	0	2.04018	0.922147	0	1.11803		300	0.209921	-0.000250463	-0.000250463	0.000500926	0.0215952	0	0	0.209921	0	-0.355028	-111.796	0	20.391	20.391	-1.5099e-14	5.32541	0	0	0	0	0	0	0	0	0	0	0	0	0	0	0	0	0	0	0	0	0	0	0	0	0	0	0	0	0	0	0	0	0	
1	1	1	793	23.79		300	0	0	-0.000250951	-0.000250951	0.000501901	0.03965	0	0	1.25519e-05	1.25519e-05	-2.51039e-05	75.4854	0	0	2.04395	0.923795	0	1.12016		300	0.21032	-0.000250952	-0.000250952	0.000501904	0.0216374	0	0	0.21032	0	-0.355028	-111.796	0	20.391	20.391	-1.5099e-14	5.32541	0	0	0	0	0	0	0	0	0	0	0	0	0	0	0	0	0	0	0	0	0	0	0	0	0	0	0	0	0	0	0	0	0	
1	1	1	794	23.82		300	0	0	-0.000251439	-0.000251439	0.000502879	0.0397	0	0	1.25696e-05	1.25696e-05	-2.51393e-05	75.5183	0	0	2.04773	0.925444	0	1.12228		300	0.21072	-0.000251441	-0.000251441	0.000502882	0.0216795	0	0	0.21072	0	-0.355028	-111.796	0	20.391	20.391	-1.5099e-14	5.32541	0	0	0	0	0	0	0	0	0	0	0	0	0	0	0	0	0	0	0	0	0	0	0	0	0	0	0	0	0	0	0	0	0	
1	1	1	795	23.85		300	0	0	-0.000251929	-0.000251929	0.000503857	0.03975	0	0	1.25873e-05	1.25873e-05	-2.51746e-05	75.5511	0	0	2.05151	0.927094	0	1.12441		300	0.211119	-0.00025193	-0.00025193	0.00050386	0.0217217	0	0	0.211119	0	-0.355028	-111.796	0	20.391	20.391	-1.5099e-14	5.32541	0	0	0	0	0	0	0	0	0	0	0	0	0	0	0	0	0	0	0	0	0	0	0	0	0	0	0	0	0	0	0	0	0	
1	1	1	796	23.88		300	0	0	-0.000252418	-0.000252418	0.000504835	0.0398	0	0	1.2605e-05	1.2605e-05	-2.52099e-05	75.5839	0	0	2.05528	0.928746	0	1.12654		300	0.211518	-0.000252419	-0.000252419	0.000504838	0.0217639	0	0	0.211518	0	-0.355028	-111.796	0	20.391	20.391	-1.5099e-14	5.32541	0	0	0	0	0	0	0	0	0	0	0	0	0	0	0	0	0	0	0	0	0	0	0	0	0	0	0	0	0	0	0	0	0	
1	1	1	797	23.91		300	0	0	-0.000252907	-0.000252907	0.000505814	0.03985	0	0	1.26226e-05	1.26226e-05	-2.52452e-05	75.6167	0	0	2.05906	0.930399	0	1.12866		300	0.211917	-0.000252908	-0.000252908	0.000505817	0.021806	0	0	0.211917	0	-0.355028	-111.796	0	20.391	20.391	-1.5099e-14	5.32541	0	0	0	0	0	0	0	0	0	0	0	0	0	0	0	0	0	0	0	0	0	0	0	0	0	0	0	0	0	0	0	0	0	
1	1	1	798	23.94		300	0	0	-0.000253396	-0.000253396	0.000506792	0.0399	0	0	1.26403e-05	1.26403e-05	-2.52805e-05	75.6494	0	0	2.06285	0.932054	0	1.13079		300	0.212317	-0.000253398	-0.000253398	0.000506795	0.0218482	0	0	0.212317	0	-0.355028	-111.796	0	20.391	20.391	-1.5099e-14	5.32541	0	0	0	0	0	0	0	0	0	0	0	0	0	0	0	0	0	0	0	0	0	0	0	0	0	0	0	0	0	0	0	0	0	
1	1	1	799	23.97		300	0	0	-0.000253886	-0.000253886	0.000507771	0.03995	0	0	1.26579e-05	1.26579e-05	-2.53158e-05	75.6821	0	0	2.06663	0.93371	0	1.13292		300	0.212716	-0.000253887	-0.000253887	0.000507774	0.0218904	0	0	0.212716	0	-0.355028	-111.796	0	20.391	20.391	-1.5099e-14	5.32541	0	0	0	0	0	0	0	0	0	0	0	0	0	0	0	0	0	0	0	0	0	0	0	0	0	0	0	0	0	0	0	0	0	
1	1	1	800	24		300	0	0	-0.000254375	-0.000254375	0.00050875	0.04	0	0	1.26755e-05	1.26755e-05	-2.5351e-05	75.7148	0	0	2.07041	0.935367	0	1.13505		300	0.213116	-0.000254377	-0.000254377	0.000508753	0.0219326	0	0	0.213116	0	-0.355028	-111.796	0	20.391	20.391	-1.5099e-14	5.32541	0	0	0	0	0	0	0	0	0	0	0	0	0	0	0	0	0	0	0	0	0	0	0	0	0	0	0	0	0	0	0	0	0	
1	1	1	801	24.03		300	0	0	-0.000254865	-0.000254865	0.000509729	0.04005	0	0	1.26931e-05	1.26931e-05	-2.53863e-05	75.7474	0	0	2.0742	0.937026	0	1.13717		300	0.213515	-0.000254866	-0.000254866	0.000509732	0.0219748	0	0	0.213515	0	-0.355028	-111.796	0	20.391	20.391	-1.5099e-14	5.32541	0	0	0	0	0	0	0	0	0	0	0	0	0	0	0	0	0	0	0	0	0	0	0	0	0	0	0	0	0	0	0	0	0	
1	1	1	802	24.06		300	0	0	-0.000255354	-0.000255354	0.000510708	0.0401	0	0	1.27107e-05	1.27107e-05	-2.54215e-05	75.7801	0	0	2.07799	0.938686	0	1.1393		300	0.213915	-0.000255356	-0.000255356	0.000510711	0.0220171	0	0	0.213915	0	-0.355028	-111.796	0	20.391	20.391	-1.5099e-14	5.32541	0	0	0	0	0	0	0	0	0	0	0	0	0	0	0	0	0	0	0	0	0	0	0	0	0	0	0	0	0	0	0	0	0	
1	1	1	803	24.09		300	0	0	-0.000255844	-0.000255844	0.000511688	0.04015	0	0	1.27283e-05	1.27283e-05	-2.54567e-05	75.8127	0	0	2.08178	0.940348	0	1.14143		300	0.214314	-0.000255845	-0.000255845	0.000511691	0.0220593	0	0	0.214314	0	-0.355028	-111.796	0	20.391	20.391	-1.5099e-14	5.32541	0	0	0	0	0	0	0	0	0	0	0	0	0	0	0	0	0	0	0	0	0	0	0	0	0	0	0	0	0	0	0	0	0	
1	1	1	804	24.12		300	0	0	-0.000256334	-0.000256334	0.000512667	0.0402	0	0	1.27459e-05	1.27459e-05	-2.54918e-05	75.8452	0	0	2.08557	0.94201	0	1.14356		300	0.214714	-0.000256335	-0.000256335	0.00051267	0.0221015	0	0	0.214714	0	-0.355028	-111.796	0	20.391	20.391	-1.5099e-14	5.32541	0	0	0	0	0	0	0	0	0	0	0	0	0	0	0	0	0	0	0	0	0	0	0	0	0	0	0	0	0	0	0	0	0	
1	1	1	805	24.15		300	0	0	-0.000256823	-0.000256823	0.000513647	0.04025	0	0	1.27635e-05	1.27635e-05	-2.5527e-05	75.8778	0	0	2.08936	0.943675	0	1.14569		300	0.215114	-0.000256825	-0.000256825	0.00051365	0.0221437	0	0	0.215114	0	-0.355028	-111.796	0	20.391	20.391	-1.5099e-14	5.32541	0	0	0	0	0	0	0	0	0	0	0	0	0	0	0	0	0	0	0	0	0	0	0	0	0	0	0	0	0	0	0	0	0	
1	1	1	806	24.18		300	0	0	-0.000257313	-0.000257313	0.000514627	0.0403	0	0	1.27811e-05	1.27811e-05	-2.55621e-05	75.9103	0	0	2.09316	0.94534	0	1.14782		300	0.215513	-0.000257315	-0.000257315	0.00051463	0.022186	0	0	0.215513	0	-0.355028	-111.796	0	20.391	20.391	-1.5099e-14	5.32541	0	0	0	0	0	0	0	0	0	0	0	0	0	0	0	0	0	0	0	0	0	0	0	0	0	0	0	0	0	0	0	0	0	
1	1	1	807	24.21		300	0	0	-0.000257803	-0.000257803	0.000515607	0.04035	0	0	1.27986e-05	1.27986e-05	-2.55972e-05	75.9428	0	0	2.09695	0.947007	0	1.14995		300	0.215913	-0.000257805	-0.000257805	0.00051561	0.0222282	0	0	0.215913	0	-0.355028	-111.796	0	20.391	20.391	-1.5099e-14	5.32541	0	0	0	0	0	0	0	0	0	0	0	0	0	0	0	0	0	0	0	0	0	0	0	0	0	0	0	0	0	0	0	0	0	
1	1	1	808	24.24		300	0	0	-0.000258293	-0.000258293	0.000516587	0.0404	0	0	1.28162e-05	1.28162e-05	-2.56323e-05	75.9752	0	0	2.10075	0.948676	0	1.15208		300	0.216313	-0.000258295	-0.000258295	0.00051659	0.0222705	0	0	0.216313	0	-0.355028	-111.796	0	20.391	20.391	-1.5099e-14	5.32541	0	0	0	0	0	0	0	0	0	0	0	0	0	0	0	0	0	0	0	0	0	0	0	0	0	0	0	0	0	0	0	0	0	
1	1	1	809	24.27		300	0	0	-0.000258783	-0.000258783	0.000517567	0.04045	0	0	1.28337e-05	1.28337e-05	-2.56674e-05	76.0076	0	0	2.10455	0.950346	0	1.15421		300	0.216713	-0.000258785	-0.000258785	0.00051757	0.0223127	0	0	0.216713	0	-0.355028	-111.796	0	20.391	20.391	-1.5099e-14	5.32541	0	0	0	0	0	0	0	0	0	0	0	0	0	0	0	0	0	0	0	0	0	0	0	0	0	0	0	0	0	0	0	0	0	
1	1	1	810	24.3		300	0	0	-0.000259274	-0.000259274	0.000518547	0.0405	0	0	1.28512e-05	1.28512e-05	-2.57025e-05	76.04	0	0	2.10835	0.952017	0	1.15634		300	0.217113	-0.000259275	-0.000259275	0.00051855	0.022355	0	0	0.217113	0	-0.355028	-111.796	0	20.391	20.391	-1.5099e-14	5.32541	0	0	0	0	0	0	0	0	0	0	0	0	0	0	0	0	0	0	0	0	0	0	0	0	0	0	0	0	0	0	0	0	0	
1	1	1	811	24.33		300	0	0	-0.000259764	-0.000259764	0.000519528	0.04055	0	0	1.28688e-05	1.28688e-05	-2.57375e-05	76.0724	0	0	2.11216	0.953689	0	1.15847		300	0.217513	-0.000259766	-0.000259766	0.000519531	0.0223973	0	0	0.217513	0	-0.355028	-111.796	0	20.391	20.391	-1.5099e-14	5.32541	0	0	0	0	0	0	0	0	0	0	0	0	0	0	0	0	0	0	0	0	0	0	0	0	0	0	0	0	0	0	0	0	0	
1	1	1	812	24.36		300	0	0	-0.000260254	-0.000260254	0.000520509	0.0406	0	0	1.28863e-05	1.28863e-05	-2.57725e-05	76.1048	0	0	2.11596	0.955363	0	1.1606		300	0.217913	-0.000260256	-0.000260256	0.000520512	0.0224396	0	0	0.217913	0	-0.355028	-111.796	0	20.391	20.391	-1.5099e-14	5.32541	0	0	0	0	0	0	0	0	0	0	0	0	0	0	0	0	0	0	0	0	0	0	0	0	0	0	0	0	0	0	0	0	0	
1	1	1	813	24.39		300	0	0	-0.000260745	-0.000260745	0.00052149	0.04065	0	0	1.29038e-05	1.29038e-05	-2.58075e-05	76.1371	0	0	2.11977	0.957039	0	1.16273		300	0.218313	-0.000260746	-0.000260746	0.000521493	0.0224819	0	0	0.218313	0	-0.355028	-111.796	0	20.391	20.391	-1.5099e-14	5.32541	0	0	0	0	0	0	0	0	0	0	0	0	0	0	0	0	0	0	0	0	0	0	0	0	0	0	0	0	0	0	0	0	0	
1	1	1	814	24.42		300	0	0	-0.000261235	-0.000261235	0.000522471	0.0407	0	0	1.29213e-05	1.29213e-05	-2.58425e-05	76.1694	0	0	2.12357	0.958715	0	1.16486		300	0.218713	-0.000261237	-0.000261237	0.000522474	0.0225242	0	0	0.218713	0	-0.355028	-111.796	0	20.391	20.391	-1.5099e-14	5.32541	0	0	0	0	0	0	0	0	0	0	0	0	0	0	0	0	0	0	0	0	0	0	0	0	0	0	0	0	0	0	0	0	0	
1	1	1	815	24.45		300	0	0	-0.000261726	-0.000261726	0.000523452	0.04075	0	0	1.29387e-05	1.29387e-05	-2.58775e-05	76.2017	0	0	2.12738	0.960393	0	1.16699		300	0.219113	-0.000261727	-0.000261727	0.000523455	0.0225665	0	0	0.219113	0	-0.355028	-111.796	0	20.391	20.391	-1.5099e-14	5.32541	0	0	0	0	0	0	0	0	0	0	0	0	0	0	0	0	0	0	0	0	0	0	0	0	0	0	0	0	0	0	0	0	0	
1	1	1	816	24.48		300	0	0	-0.000262216	-0.000262216	0.000524433	0.0408	0	0	1.29562e-05	1.29562e-05	-2.59124e-05	76.2339	0	0	2.13119	0.962073	0	1.16912		300	0.219513	-0.000262218	-0.000262218	0.000524436	0.0226088	0	0	0.219513	0	-0.355028	-111.796	0	20.391	20.391	-1.5099e-14	5.32541	0	0	0	0	0	0	0	0	0	0	0	0	0	0	0	0	0	0	0	0	0	0	0	0	0	0	0	0	0	0	0	0	0	
1	1	1	817	24.51		300	0	0	-0.000262707	-0.000262707	0.000525414	0.04085	0	0	1.29737e-05	1.29737e-05	-2.59473e-05	76.2661	0	0	2.13501	0.963754	0	1.17125		300	0.219913	-0.000262709	-0.000262709	0.000525418	0.0226511	0	0	0.219913	0	-0.355028	-111.796	0	20.391	20.391	-1.5099e-14	5.32541	0	0	0	0	0	0	0	0	0	0	0	0	0	0	0	0	0	0	0	0	0	0	0	0	0	0	0	0	0	0	0	0	0	
1	1	1	818	24.54		300	0	0	-0.000263198	-0.000263198	0.000526396	0.0409	0	0	1.29911e-05	1.29911e-05	-2.59823e-05	76.2983	0	0	2.13882	0.965436	0	1.17338		300	0.220314	-0.0002632	-0.0002632	0.000526399	0.0226934	0	0	0.220314	0	-0.355028	-111.796	0	20.391	20.391	-1.5099e-14	5.32541	0	0	0	0	0	0	0	0	0	0	0	0	0	0	0	0	0	0	0	0	0	0	0	0	0	0	0	0	0	0	0	0	0	
1	1	1	819	24.57		300	0	0	-0.000263689	-0.000263689	0.000527378	0.04095	0	0	1.30086e-05	1.30086e-05	-2.60171e-05	76.3305	0	0	2.14264	0.96712	0	1.17552		300	0.220714	-0.00026369	-0.00026369	0.000527381	0.0227357	0	0	0.220714	0	-0.355028	-111.796	0	20.391	20.391	-1.5099e-14	5.32541	0	0	0	0	0	0	0	0	0	0	0	0	0	0	0	0	0	0	0	0	0	0	0	0	0	0	0	0	0	0	0	0	0	
1	1	1	820	24.6		300	0	0	-0.00026418	-0.00026418	0.00052836	0.041	0	0	1.3026e-05	1.3026e-05	-2.6052e-05	76.3626	0	0	2.14645	0.968805	0	1.17765		300	0.221114	-0.000264181	-0.000264181	0.000528363	0.022778	0	0	0.221114	0	-0.355028	-111.796	0	20.391	20.391	-1.5099e-14	5.32541	0	0	0	0	0	0	0	0	0	0	0	0	0	0	0	0	0	0	0	0	0	0	0	0	0	0	0	0	0	0	0	0	0	
1	1	1	821	24.63		300	0	0	-0.000264671	-0.000264671	0.000529342	0.04105	0	0	1.30434e-05	1.30434e-05	-2.60869e-05	76.3947	0	0	2.15027	0.970491	0	1.17978		300	0.221515	-0.000264672	-0.000264672	0.000529345	0.0228204	0	0	0.221515	0	-0.355028	-111.796	0	20.391	20.391	-1.5099e-14	5.32541	0	0	0	0	0	0	0	0	0	0	0	0	0	0	0	0	0	0	0	0	0	0	0	0	0	0	0	0	0	0	0	0	0	
1	1	1	822	24.66		300	0	0	-0.000265162	-0.000265162	0.000530324	0.0411	0	0	1.30609e-05	1.30609e-05	-2.61217e-05	76.4268	0	0	2.15409	0.972179	0	1.18191		300	0.221915	-0.000265164	-0.000265164	0.000530327	0.0228627	0	0	0.221915	0	-0.355028	-111.796	0	20.391	20.391	-1.5099e-14	5.32541	0	0	0	0	0	0	0	0	0	0	0	0	0	0	0	0	0	0	0	0	0	0	0	0	0	0	0	0	0	0	0	0	0	
1	1	1	823	24.69		300	0	0	-0.000265653	-0.000265653	0.000531306	0.04115	0	0	1.30783e-05	1.30783e-05	-2.61565e-05	76.4588	0	0	2.15792	0.973868	0	1.18405		300	0.222316	-0.000265655	-0.000265655	0.000531309	0.0229051	0	0	0.222316	0	-0.355028	-111.796	0	20.391	20.391	-1.5099e-14	5.32541	0	0	0	0	0	0	0	0	0	0	0	0	0	0	0	0	0	0	0	0	0	0	0	0	0	0	0	0	0	0	0	0	0	
1	1	1	824	24.72		300	0	0	-0.000266144	-0.000266144	0.000532289	0.0412	0	0	1.30957e-05	1.30957e-05	-2.61913e-05	76.4909	0	0	2.16174	0.975558	0	1.18618		300	0.222716	-0.000266146	-0.000266146	0.000532292	0.0229474	0	0	0.222716	0	-0.355028	-111.796	0	20.391	20.391	-1.5099e-14	5.32541	0	0	0	0	0	0	0	0	0	0	0	0	0	0	0	0	0	0	0	0	0	0	0	0	0	0	0	0	0	0	0	0	0	
1	1	1	825	24.75		300	0	0	-0.000266636	-0.000266636	0.000533271	0.04125	0	0	1.3113e-05	1.3113e-05	-2.62261e-05	76.5229	0	0	2.16556	0.97725	0	1.18831		300	0.223117	-0.000266637	-0.000266637	0.000533274	0.0229898	0	0	0.223117	0	-0.355028	-111.796	0	20.391	20.391	-1.5099e-14	5.32541	0	0	0	0	0	0	0	0	0	0	0	0	0	0	0	0	0	0	0	0	0	0	0	0	0	0	0	0	0	0	0	0	0	
1	1	1	826	24.78		300	0	0	-0.000267127	-0.000267127	0.000534254	0.0413	0	0	1.31304e-05	1.31304e-05	-2.62609e-05	76.5549	0	0	2.16939	0.978943	0	1.19045		300	0.223517	-0.000267129	-0.000267129	0.000534257	0.0230322	0	0	0.223517	0	-0.355028	-111.796	0	20.391	20.391	-1.5099e-14	5.32541	0	0	0	0	0	0	0	0	0	0	0	0	0	0	0	0	0	0	0	0	0	0	0	0	0	0	0	0	0	0	0	0	0	
1	1	1	827	24.81		300	0	0	-0.000267618	-0.000267618	0.000535237	0.04135	0	0	1.31478e-05	1.31478e-05	-2.62956e-05	76.5868	0	0	2.17322	0.980638	0	1.19258		300	0.223918	-0.00026762	-0.00026762	0.00053524	0.0230745	0	0	0.223918	0	-0.355028	-111.796	0	20.391	20.391	-1.5099e-14	5.32541	0	0	0	0	0	0	0	0	0	0	0	0	0	0	0	0	0	0	0	0	0	0	0	0	0	0	0	0	0	0	0	0	0	
1	1	1	828	24.84		300	0	0	-0.00026811	-0.00026811	0.00053622	0.0414	0	0	1.31652e-05	1.31652e-05	-2.63303e-05	76.6187	0	0	2.17705	0.982334	0	1.19472		300	0.224319	-0.000268112	-0.000268112	0.000536223	0.0231169	0	0	0.224319	0	-0.355028	-111.796	0	20.391	20.391	-1.5099e-14	5.32541	0	0	0	0	0	0	0	0	0	0	0	0	0	0	0	0	0	0	0	0	0	0	0	0	0	0	0	0	0	0	0	0	0	
1	1	1	829	24.87		300	0	0	-0.000268602	-0.000268602	0.000537203	0.04145	0	0	1.31825e-05	1.31825e-05	-2.6365e-05	76.6506	0	0	2.18088	0.984031	0	1.19685		300	0.224719	-0.000268603	-0.000268603	0.000537206	0.0231593	0	0	0.224719	0	-0.355028	-111.796	0	20.391	20.391	-1.5099e-14	5.32541	0	0	0	0	0	0	0	0	0	0	0	0	0	0	0	0	0	0	0	0	0	0	0	0	0	0	0	0	0	0	0	0	0	
1	1	1	830	24.9		300	0	0	-0.000269093	-0.000269093	0.000538186	0.0415	0	0	1.31999e-05	1.31999e-05	-2.63997e-05	76.6825	0	0	2.18471	0.98573	0	1.19898		300	0.22512	-0.000269095	-0.000269095	0.00053819	0.0232017	0	0	0.22512	0	-0.355028	-111.796	0	20.391	20.391	-1.5099e-14	5.32541	0	0	0	0	0	0	0	0	0	0	0	0	0	0	0	0	0	0	0	0	0	0	0	0	0	0	0	0	0	0	0	0	0	
1	1	1	831	24.93		300	0	0	-0.000269585	-0.000269585	0.00053917	0.04155	0	0	1.32172e-05	1.32172e-05	-2.64344e-05	76.7144	0	0	2.18855	0.98743	0	1.20112		300	0.225521	-0.000269587	-0.000269587	0.000539173	0.0232441	0	0	0.225521	0	-0.355028	-111.796	0	20.391	20.391	-1.5099e-14	5.32541	0	0	0	0	0	0	0	0	0	0	0	0	0	0	0	0	0	0	0	0	0	0	0	0	0	0	0	0	0	0	0	0	0	
1	1	1	832	24.96		300	0	0	-0.000270077	-0.000270077	0.000540153	0.0416	0	0	1.32345e-05	1.32345e-05	-2.6469e-05	76.7462	0	0	2.19239	0.989132	0	1.20325		300	0.225922	-0.000270078	-0.000270078	0.000540157	0.0232865	0	0	0.225922	0	-0.355028	-111.796	0	20.391	20.391	-1.5099e-14	5.32541	0	0	0	0	0	0	0	0	0	0	0	0	0	0	0	0	0	0	0	0	0	0	0	0	0	0	0	0	0	0	0	0	0	
1	1	1	833	24.99		300	0	0	-0.000270569	-0.000270569	0.000541137	0.04165	0	0	1.32518e-05	1.32518e-05	-2.65037e-05	76.778	0	0	2.19622	0.990835	0	1.20539		300	0.226323	-0.00027057	-0.00027057	0.00054114	0.0233289	0	0	0.226323	0	-0.355028	-111.796	0	20.391	20.391	-1.5099e-14	5.32541	0	0	0	0	0	0	0	0	0	0	0	0	0	0	0	0	0	0	0	0	0	0	0	0	0	0	0	0	0	0	0	0	0	
1	1	1	834	25.02		300	0	0	-0.000271061	-0.000271061	0.000542121	0.0417	0	0	1.32691e-05	1.32691e-05	-2.65383e-05	76.8098	0	0	2.20006	0.992539	0	1.20753		300	0.226724	-0.000271062	-0.000271062	0.000542124	0.0233713	0	0	0.226724	0	-0.355028	-111.796	0	20.391	20.391	-1.5099e-14	5.32541	0	0	0	0	0	0	0	0	0	0	0	0	0	0	0	0	0	0	0	0	0	0	0	0	0	0	0	0	0	0	0	0	0	
1	1	1	835	25.05		300	0	0	-0.000271553	-0.000271553	0.000543105	0.04175	0	0	1.32864e-05	1.32864e-05	-2.65729e-05	76.8415	0	0	2.20391	0.994245	0	1.20966		300	0.227125	-0.000271554	-0.000271554	0.000543108	0.0234138	0	0	0.227125	0	-0.355028	-111.796	0	20.391	20.391	-1.5099e-14	5.32541	0	0	0	0	0	0	0	0	0	0	0	0	0	0	0	0	0	0	0	0	0	0	0	0	0	0	0	0	0	0	0	0	0	
1	1	1	836	25.08		300	0	0	-0.000272045	-0.000272045	0.000544089	0.0418	0	0	1.33037e-05	1.33037e-05	-2.66074e-05	76.8733	0	0	2.20775	0.995952	0	1.2118		300	0.227526	-0.000272046	-0.000272046	0.000544092	0.0234562	0	0	0.227526	0	-0.355028	-111.796	0	20.391	20.391	-1.5099e-14	5.32541	0	0	0	0	0	0	0	0	0	0	0	0	0	0	0	0	0	0	0	0	0	0	0	0	0	0	0	0	0	0	0	0	0	
1	1	1	837	25.11		300	0	0	-0.000272537	-0.000272537	0.000545074	0.04185	0	0	1.3321e-05	1.3321e-05	-2.6642e-05	76.905	0	0	2.21159	0.99766	0	1.21393		300	0.227927	-0.000272538	-0.000272538	0.000545077	0.0234986	0	0	0.227927	0	-0.355028	-111.796	0	20.391	20.391	-1.5099e-14	5.32541	0	0	0	0	0	0	0	0	0	0	0	0	0	0	0	0	0	0	0	0	0	0	0	0	0	0	0	0	0	0	0	0	0	
1	1	1	838	25.14		300	0	0	-0.000273029	-0.000273029	0.000546058	0.0419	0	0	1.33383e-05	1.33383e-05	-2.66765e-05	76.9366	0	0	2.21544	0.99937	0	1.21607		300	0.228328	-0.000273031	-0.000273031	0.000546061	0.0235411	0	0	0.228328	0	-0.355028	-111.796	0	20.391	20.391	-1.5099e-14	5.32541	0	0	0	0	0	0	0	0	0	0	0	0	0	0	0	0	0	0	0	0	0	0	0	0	0	0	0	0	0	0	0	0	0	
1	1	1	839	25.17		300	0	0	-0.000273521	-0.000273521	0.000547042	0.04195	0	0	1.33555e-05	1.33555e-05	-2.67111e-05	76.9683	0	0	2.21929	1.00108	0	1.21821		300	0.228729	-0.000273523	-0.000273523	0.000547046	0.0235835	0	0	0.228729	0	-0.355028	-111.796	0	20.391	20.391	-1.5099e-14	5.32541	0	0	0	0	0	0	0	0	0	0	0	0	0	0	0	0	0	0	0	0	0	0	0	0	0	0	0	0	0	0	0	0	0	
1	1	1	840	25.2		300	0	0	-0.000274014	-0.000274014	0.000548027	0.042	0	0	1.33728e-05	1.33728e-05	-2.67456e-05	76.9999	0	0	2.22314	1.00279	0	1.22034		300	0.22913	-0.000274015	-0.000274015	0.00054803	0.023626	0	0	0.22913	0	-0.355028	-111.796	0	20.391	20.391	-1.5099e-14	5.32541	0	0	0	0	0	0	0	0	0	0	0	0	0	0	0	0	0	0	0	0	0	0	0	0	0	0	0	0	0	0	0	0	0	
1	1	1	841	25.23		300	0	0	-0.000274506	-0.000274506	0.000549012	0.04205	0	0	1.339e-05	1.339e-05	-2.678e-05	77.0315	0	0	2.22699	1.00451	0	1.22248		300	0.229531	-0.000274508	-0.000274508	0.000549015	0.0236684	0	0	0.229531	0	-0.355028	-111.796	0	20.391	20.391	-1.5099e-14	5.32541	0	0	0	0	0	0	0	0	0	0	0	0	0	0	0	0	0	0	0	0	0	0	0	0	0	0	0	0	0	0	0	0	0	
1	1	1	842	25.26		300	0	0	-0.000274998	-0.000274998	0.000549997	0.0421	0	0	1.34073e-05	1.34073e-05	-2.68145e-05	77.0631	0	0	2.23084	1.00622	0	1.22462		300	0.229933	-0.000275	-0.000275	0.00055	0.0237109	0	0	0.229933	0	-0.355028	-111.796	0	20.391	20.391	-1.5099e-14	5.32541	0	0	0	0	0	0	0	0	0	0	0	0	0	0	0	0	0	0	0	0	0	0	0	0	0	0	0	0	0	0	0	0	0	
1	1	1	843	25.29		300	0	0	-0.000275491	-0.000275491	0.000550982	0.04215	0	0	1.34245e-05	1.34245e-05	-2.68489e-05	77.0947	0	0	2.23469	1.00794	0	1.22675		300	0.230334	-0.000275493	-0.000275493	0.000550985	0.0237534	0	0	0.230334	0	-0.355028	-111.796	0	20.391	20.391	-1.5099e-14	5.32541	0	0	0	0	0	0	0	0	0	0	0	0	0	0	0	0	0	0	0	0	0	0	0	0	0	0	0	0	0	0	0	0	0	
1	1	1	844	25.32		300	0	0	-0.000275984	-0.000275984	0.000551967	0.0422	0	0	1.34417e-05	1.34417e-05	-2.68834e-05	77.1262	0	0	2.23855	1.00966	0	1.22889		300	0.230735	-0.000275985	-0.000275985	0.00055197	0.0237958	0	0	0.230735	0	-0.355028	-111.796	0	20.391	20.391	-1.5099e-14	5.32541	0	0	0	0	0	0	0	0	0	0	0	0	0	0	0	0	0	0	0	0	0	0	0	0	0	0	0	0	0	0	0	0	0	
1	1	1	845	25.35		300	0	0	-0.000276476	-0.000276476	0.000552953	0.04225	0	0	1.34589e-05	1.34589e-05	-2.69178e-05	77.1577	0	0	2.24241	1.01138	0	1.23103		300	0.231137	-0.000276478	-0.000276478	0.000552956	0.0238383	0	0	0.231137	0	-0.355028	-111.796	0	20.391	20.391	-1.5099e-14	5.32541	0	0	0	0	0	0	0	0	0	0	0	0	0	0	0	0	0	0	0	0	0	0	0	0	0	0	0	0	0	0	0	0	0	
1	1	1	846	25.38		300	0	0	-0.000276969	-0.000276969	0.000553938	0.0423	0	0	1.34761e-05	1.34761e-05	-2.69522e-05	77.1892	0	0	2.24626	1.0131	0	1.23317		300	0.231538	-0.000276971	-0.000276971	0.000553941	0.0238808	0	0	0.231538	0	-0.355028	-111.796	0	20.391	20.391	-1.5099e-14	5.32541	0	0	0	0	0	0	0	0	0	0	0	0	0	0	0	0	0	0	0	0	0	0	0	0	0	0	0	0	0	0	0	0	0	
1	1	1	847	25.41		300	0	0	-0.000277462	-0.000277462	0.000554924	0.04235	0	0	1.34933e-05	1.34933e-05	-2.69865e-05	77.2206	0	0	2.25012	1.01482	0	1.23531		300	0.231939	-0.000277463	-0.000277463	0.000554927	0.0239233	0	0	0.231939	0	-0.355028	-111.796	0	20.391	20.391	-1.5099e-14	5.32541	0	0	0	0	0	0	0	0	0	0	0	0	0	0	0	0	0	0	0	0	0	0	0	0	0	0	0	0	0	0	0	0	0	
1	1	1	848	25.44		300	0	0	-0.000277955	-0.000277955	0.00055591	0.0424	0	0	1.35104e-05	1.35104e-05	-2.70209e-05	77.2521	0	0	2.25399	1.01654	0	1.23744		300	0.232341	-0.000277956	-0.000277956	0.000555913	0.0239658	0	0	0.232341	0	-0.355028	-111.796	0	20.391	20.391	-1.5099e-14	5.32541	0	0	0	0	0	0	0	0	0	0	0	0	0	0	0	0	0	0	0	0	0	0	0	0	0	0	0	0	0	0	0	0	0	
1	1	1	849	25.47		300	0	0	-0.000278448	-0.000278448	0.000556895	0.04245	0	0	1.35276e-05	1.35276e-05	-2.70552e-05	77.2835	0	0	2.25785	1.01827	0	1.23958		300	0.232742	-0.000278449	-0.000278449	0.000556899	0.0240083	0	0	0.232742	0	-0.355028	-111.796	0	20.391	20.391	-1.5099e-14	5.32541	0	0	0	0	0	0	0	0	0	0	0	0	0	0	0	0	0	0	0	0	0	0	0	0	0	0	0	0	0	0	0	0	0	
1	1	1	850	25.5		300	0	0	-0.000278941	-0.000278941	0.000557881	0.0425	0	0	1.35448e-05	1.35448e-05	-2.70896e-05	77.3149	0	0	2.26171	1.01999	0	1.24172		300	0.233144	-0.000278942	-0.000278942	0.000557885	0.0240508	0	0	0.233144	0	-0.355028	-111.796	0	20.391	20.391	-1.5099e-14	5.32541	0	0	0	0	0	0	0	0	0	0	0	0	0	0	0	0	0	0	0	0	0	0	0	0	0	0	0	0	0	0	0	0	0	
1	1	1	851	25.53		300	0	0	-0.000279434	-0.000279434	0.000558868	0.04255	0	0	1.35619e-05	1.35619e-05	-2.71238e-05	77.3462	0	0	2.26558	1.02172	0	1.24386		300	0.233546	-0.000279435	-0.000279435	0.000558871	0.0240933	0	0	0.233546	0	-0.355028	-111.796	0	20.391	20.391	-1.5099e-14	5.32541	0	0	0	0	0	0	0	0	0	0	0	0	0	0	0	0	0	0	0	0	0	0	0	0	0	0	0	0	0	0	0	0	0	
1	1	1	852	25.56		300	0	0	-0.000279927	-0.000279927	0.000559854	0.0426	0	0	1.35791e-05	1.35791e-05	-2.71581e-05	77.3776	0	0	2.26945	1.02345	0	1.246		300	0.233947	-0.000279929	-0.000279929	0.000559857	0.0241358	0	0	0.233947	0	-0.355028	-111.796	0	20.391	20.391	-1.5099e-14	5.32541	0	0	0	0	0	0	0	0	0	0	0	0	0	0	0	0	0	0	0	0	0	0	0	0	0	0	0	0	0	0	0	0	0	
1	1	1	853	25.59		300	0	0	-0.00028042	-0.00028042	0.00056084	0.04265	0	0	1.35962e-05	1.35962e-05	-2.71924e-05	77.4089	0	0	2.27332	1.02518	0	1.24814		300	0.234349	-0.000280422	-0.000280422	0.000560843	0.0241784	0	0	0.234349	0	-0.355028	-111.796	0	20.391	20.391	-1.5099e-14	5.32541	0	0	0	0	0	0	0	0	0	0	0	0	0	0	0	0	0	0	0	0	0	0	0	0	0	0	0	0	0	0	0	0	0	
1	1	1	854	25.62		300	0	0	-0.000280913	-0.000280913	0.000561827	0.0427	0	0	1.36133e-05	1.36133e-05	-2.72266e-05	77.4402	0	0	2.27719	1.02691	0	1.25028		300	0.234751	-0.000280915	-0.000280915	0.00056183	0.0242209	0	0	0.234751	0	-0.355028	-111.796	0	20.391	20.391	-1.5099e-14	5.32541	0	0	0	0	0	0	0	0	0	0	0	0	0	0	0	0	0	0	0	0	0	0	0	0	0	0	0	0	0	0	0	0	0	
1	1	1	855	25.65		300	0	0	-0.000281407	-0.000281407	0.000562813	0.04275	0	0	1.36304e-05	1.36304e-05	-2.72609e-05	77.4715	0	0	2.28106	1.02864	0	1.25242		300	0.235152	-0.000281408	-0.000281408	0.000562817	0.0242634	0	0	0.235152	0	-0.355028	-111.796	0	20.391	20.391	-1.5099e-14	5.32541	0	0	0	0	0	0	0	0	0	0	0	0	0	0	0	0	0	0	0	0	0	0	0	0	0	0	0	0	0	0	0	0	0	
1	1	1	856	25.68		300	0	0	-0.0002819	-0.0002819	0.0005638	0.0428	0	0	1.36475e-05	1.36475e-05	-2.72951e-05	77.5027	0	0	2.28494	1.03038	0	1.25456		300	0.235554	-0.000281902	-0.000281902	0.000563803	0.024306	0	0	0.235554	0	-0.355028	-111.796	0	20.391	20.391	-1.5099e-14	5.32541	0	0	0	0	0	0	0	0	0	0	0	0	0	0	0	0	0	0	0	0	0	0	0	0	0	0	0	0	0	0	0	0	0	
1	1	1	857	25.71		300	0	0	-0.000282394	-0.000282394	0.000564787	0.04285	0	0	1.36646e-05	1.36646e-05	-2.73293e-05	77.5339	0	0	2.28881	1.03212	0	1.2567		300	0.235956	-0.000282395	-0.000282395	0.00056479	0.0243485	0	0	0.235956	0	-0.355028	-111.796	0	20.391	20.391	-1.5099e-14	5.32541	0	0	0	0	0	0	0	0	0	0	0	0	0	0	0	0	0	0	0	0	0	0	0	0	0	0	0	0	0	0	0	0	0	
1	1	1	858	25.74		300	0	0	-0.000282887	-0.000282887	0.000565774	0.0429	0	0	1.36817e-05	1.36817e-05	-2.73634e-05	77.5651	0	0	2.29269	1.03385	0	1.25884		300	0.236358	-0.000282889	-0.000282889	0.000565777	0.0243911	0	0	0.236358	0	-0.355028	-111.796	0	20.391	20.391	-1.5099e-14	5.32541	0	0	0	0	0	0	0	0	0	0	0	0	0	0	0	0	0	0	0	0	0	0	0	0	0	0	0	0	0	0	0	0	0	
1	1	1	859	25.77		300	0	0	-0.000283381	-0.000283381	0.000566761	0.04295	0	0	1.36988e-05	1.36988e-05	-2.73976e-05	77.5963	0	0	2.29657	1.03559	0	1.26098		300	0.23676	-0.000283382	-0.000283382	0.000566765	0.0244337	0	0	0.23676	0	-0.355028	-111.796	0	20.391	20.391	-1.5099e-14	5.32541	0	0	0	0	0	0	0	0	0	0	0	0	0	0	0	0	0	0	0	0	0	0	0	0	0	0	0	0	0	0	0	0	0	
1	1	1	860	25.8		300	0	0	-0.000283874	-0.000283874	0.000567749	0.043	0	0	1.37159e-05	1.37159e-05	-2.74317e-05	77.6275	0	0	2.30045	1.03733	0	1.26312		300	0.237162	-0.000283876	-0.000283876	0.000567752	0.0244762	0	0	0.237162	0	-0.355028	-111.796	0	20.391	20.391	-1.5099e-14	5.32541	0	0	0	0	0	0	0	0	0	0	0	0	0	0	0	0	0	0	0	0	0	0	0	0	0	0	0	0	0	0	0	0	0	
1	1	1	861	25.83		300	0	0	-0.000284368	-0.000284368	0.000568736	0.04305	0	0	1.37329e-05	1.37329e-05	-2.74658e-05	77.6586	0	0	2.30433	1.03907	0	1.26526		300	0.237564	-0.00028437	-0.00028437	0.000568739	0.0245188	0	0	0.237564	0	-0.355028	-111.796	0	20.391	20.391	-1.5099e-14	5.32541	0	0	0	0	0	0	0	0	0	0	0	0	0	0	0	0	0	0	0	0	0	0	0	0	0	0	0	0	0	0	0	0	0	
1	1	1	862	25.86		300	0	0	-0.000284862	-0.000284862	0.000569724	0.0431	0	0	1.375e-05	1.375e-05	-2.74999e-05	77.6897	0	0	2.30822	1.04081	0	1.2674		300	0.237966	-0.000284863	-0.000284863	0.000569727	0.0245614	0	0	0.237966	0	-0.355028	-111.796	0	20.391	20.391	-1.5099e-14	5.32541	0	0	0	0	0	0	0	0	0	0	0	0	0	0	0	0	0	0	0	0	0	0	0	0	0	0	0	0	0	0	0	0	0	
1	1	1	863	25.89		300	0	0	-0.000285356	-0.000285356	0.000570711	0.04315	0	0	1.3767e-05	1.3767e-05	-2.7534e-05	77.7208	0	0	2.3121	1.04256	0	1.26954		300	0.238368	-0.000285357	-0.000285357	0.000570715	0.024604	0	0	0.238368	0	-0.355028	-111.796	0	20.391	20.391	-1.5099e-14	5.32541	0	0	0	0	0	0	0	0	0	0	0	0	0	0	0	0	0	0	0	0	0	0	0	0	0	0	0	0	0	0	0	0	0	
1	1	1	864	25.92		300	0	0	-0.00028585	-0.00028585	0.000571699	0.0432	0	0	1.3784e-05	1.3784e-05	-2.75681e-05	77.7518	0	0	2.31599	1.0443	0	1.27168		300	0.23877	-0.000285851	-0.000285851	0.000571702	0.0246465	0	0	0.23877	0	-0.355028	-111.796	0	20.391	20.391	-1.5099e-14	5.32541	0	0	0	0	0	0	0	0	0	0	0	0	0	0	0	0	0	0	0	0	0	0	0	0	0	0	0	0	0	0	0	0	0	
1	1	1	865	25.95		300	0	0	-0.000286344	-0.000286344	0.000572687	0.04325	0	0	1.38011e-05	1.38011e-05	-2.76021e-05	77.7829	0	0	2.31988	1.04605	0	1.27383		300	0.239172	-0.000286345	-0.000286345	0.00057269	0.0246891	0	0	0.239172	0	-0.355028	-111.796	0	20.391	20.391	-1.5099e-14	5.32541	0	0	0	0	0	0	0	0	0	0	0	0	0	0	0	0	0	0	0	0	0	0	0	0	0	0	0	0	0	0	0	0	0	
1	1	1	866	25.98		300	0	0	-0.000286838	-0.000286838	0.000573675	0.0433	0	0	1.38181e-05	1.38181e-05	-2.76361e-05	77.8139	0	0	2.32377	1.0478	0	1.27597		300	0.239574	-0.000286839	-0.000286839	0.000573678	0.0247317	0	0	0.239574	0	-0.355028	-111.796	0	20.391	20.391	-1.5099e-14	5.32541	0	0	0	0	0	0	0	0	0	0	0	0	0	0	0	0	0	0	0	0	0	0	0	0	0	0	0	0	0	0	0	0	0	
1	1	1	867	26.01		300	0	0	-0.000287332	-0.000287332	0.000574663	0.04335	0	0	1.38351e-05	1.38351e-05	-2.76701e-05	77.8449	0	0	2.32766	1.04955	0	1.27811		300	0.239976	-0.000287333	-0.000287333	0.000574667	0.0247743	0	0	0.239976	0	-0.355028	-111.796	0	20.391	20.391	-1.5099e-14	5.32541	0	0	0	0	0	0	0	0	0	0	0	0	0	0	0	0	0	0	0	0	0	0	0	0	0	0	0	0	0	0	0	0	0	
1	1	1	868	26.04		300	0	0	-0.000287826	-0.000287826	0.000575652	0.0434	0	0	1.38521e-05	1.38521e-05	-2.77041e-05	77.8759	0	0	2.33155	1.0513	0	1.28025		300	0.240378	-0.000287827	-0.000287827	0.000575655	0.0248169	0	0	0.240378	0	-0.355028	-111.796	0	20.391	20.391	-1.5099e-14	5.32541	0	0	0	0	0	0	0	0	0	0	0	0	0	0	0	0	0	0	0	0	0	0	0	0	0	0	0	0	0	0	0	0	0	
1	1	1	869	26.07		300	0	0	-0.00028832	-0.00028832	0.00057664	0.04345	0	0	1.38691e-05	1.38691e-05	-2.77381e-05	77.9068	0	0	2.33545	1.05305	0	1.2824		300	0.240781	-0.000288322	-0.000288322	0.000576643	0.0248596	0	0	0.240781	0	-0.355028	-111.796	0	20.391	20.391	-1.5099e-14	5.32541	0	0	0	0	0	0	0	0	0	0	0	0	0	0	0	0	0	0	0	0	0	0	0	0	0	0	0	0	0	0	0	0	0	
1	1	1	870	26.1		300	0	0	-0.000288814	-0.000288814	0.000577629	0.0435	0	0	1.3886e-05	1.3886e-05	-2.77721e-05	77.9378	0	0	2.33934	1.0548	0	1.28454		300	0.241183	-0.000288816	-0.000288816	0.000577632	0.0249022	0	0	0.241183	0	-0.355028	-111.796	0	20.391	20.391	-1.5099e-14	5.32541	0	0	0	0	0	0	0	0	0	0	0	0	0	0	0	0	0	0	0	0	0	0	0	0	0	0	0	0	0	0	0	0	0	
1	1	1	871	26.13		300	0	0	-0.000289309	-0.000289309	0.000578617	0.04355	0	0	1.3903e-05	1.3903e-05	-2.7806e-05	77.9687	0	0	2.34324	1.05656	0	1.28668		300	0.241585	-0.00028931	-0.00028931	0.000578621	0.0249448	0	0	0.241585	0	-0.355028	-111.796	0	20.391	20.391	-1.5099e-14	5.32541	0	0	0	0	0	0	0	0	0	0	0	0	0	0	0	0	0	0	0	0	0	0	0	0	0	0	0	0	0	0	0	0	0	
1	1	1	872	26.16		300	0	0	-0.000289803	-0.000289803	0.000579606	0.0436	0	0	1.392e-05	1.392e-05	-2.78399e-05	77.9995	0	0	2.34714	1.05831	0	1.28882		300	0.241988	-0.000289805	-0.000289805	0.000579609	0.0249874	0	0	0.241988	0	-0.355028	-111.796	0	20.391	20.391	-1.5099e-14	5.32541	0	0	0	0	0	0	0	0	0	0	0	0	0	0	0	0	0	0	0	0	0	0	0	0	0	0	0	0	0	0	0	0	0	
1	1	1	873	26.19		300	0	0	-0.000290297	-0.000290297	0.000580595	0.04365	0	0	1.39369e-05	1.39369e-05	-2.78738e-05	78.0304	0	0	2.35104	1.06007	0	1.29097		300	0.24239	-0.000290299	-0.000290299	0.000580598	0.0250301	0	0	0.24239	0	-0.355028	-111.796	0	20.391	20.391	-1.5099e-14	5.32541	0	0	0	0	0	0	0	0	0	0	0	0	0	0	0	0	0	0	0	0	0	0	0	0	0	0	0	0	0	0	0	0	0	
1	1	1	874	26.22		300	0	0	-0.000290792	-0.000290792	0.000581584	0.0437	0	0	1.39538e-05	1.39538e-05	-2.79077e-05	78.0612	0	0	2.35494	1.06183	0	1.29311		300	0.242792	-0.000290794	-0.000290794	0.000581587	0.0250727	0	0	0.242792	0	-0.355028	-111.796	0	20.391	20.391	-1.5099e-14	5.32541	0	0	0	0	0	0	0	0	0	0	0	0	0	0	0	0	0	0	0	0	0	0	0	0	0	0	0	0	0	0	0	0	0	
1	1	1	875	26.25		300	0	0	-0.000291287	-0.000291287	0.000582573	0.04375	0	0	1.39708e-05	1.39708e-05	-2.79415e-05	78.0921	0	0	2.35885	1.06359	0	1.29525		300	0.243195	-0.000291288	-0.000291288	0.000582577	0.0251154	0	0	0.243195	0	-0.355028	-111.796	0	20.391	20.391	-1.5099e-14	5.32541	0	0	0	0	0	0	0	0	0	0	0	0	0	0	0	0	0	0	0	0	0	0	0	0	0	0	0	0	0	0	0	0	0	
1	1	1	876	26.28		300	0	0	-0.000291781	-0.000291781	0.000583562	0.0438	0	0	1.39877e-05	1.39877e-05	-2.79754e-05	78.1229	0	0	2.36275	1.06535	0	1.2974		300	0.243597	-0.000291783	-0.000291783	0.000583566	0.025158	0	0	0.243597	0	-0.355028	-111.796	0	20.391	20.391	-1.5099e-14	5.32541	0	0	0	0	0	0	0	0	0	0	0	0	0	0	0	0	0	0	0	0	0	0	0	0	0	0	0	0	0	0	0	0	0	
1	1	1	877	26.31		300	0	0	-0.000292276	-0.000292276	0.000584552	0.04385	0	0	1.40046e-05	1.40046e-05	-2.80092e-05	78.1536	0	0	2.36666	1.06712	0	1.29954		300	0.244	-0.000292278	-0.000292278	0.000584555	0.0252007	0	0	0.244	0	-0.355028	-111.796	0	20.391	20.391	-1.5099e-14	5.32541	0	0	0	0	0	0	0	0	0	0	0	0	0	0	0	0	0	0	0	0	0	0	0	0	0	0	0	0	0	0	0	0	0	
1	1	1	878	26.34		300	0	0	-0.000292771	-0.000292771	0.000585541	0.0439	0	0	1.40215e-05	1.40215e-05	-2.8043e-05	78.1844	0	0	2.37057	1.06888	0	1.30169		300	0.244402	-0.000292772	-0.000292772	0.000585545	0.0252433	0	0	0.244402	0	-0.355028	-111.796	0	20.391	20.391	-1.5099e-14	5.32541	0	0	0	0	0	0	0	0	0	0	0	0	0	0	0	0	0	0	0	0	0	0	0	0	0	0	0	0	0	0	0	0	0	
1	1	1	879	26.37		300	0	0	-0.000293265	-0.000293265	0.000586531	0.04395	0	0	1.40384e-05	1.40384e-05	-2.80768e-05	78.2151	0	0	2.37448	1.07065	0	1.30383		300	0.244805	-0.000293267	-0.000293267	0.000586534	0.025286	0	0	0.244805	0	-0.355028	-111.796	0	20.391	20.391	-1.5099e-14	5.32541	0	0	0	0	0	0	0	0	0	0	0	0	0	0	0	0	0	0	0	0	0	0	0	0	0	0	0	0	0	0	0	0	0	
1	1	1	880	26.4		300	0	0	-0.00029376	-0.00029376	0.000587521	0.044	0	0	1.40553e-05	1.40553e-05	-2.81106e-05	78.2458	0	0	2.37839	1.07241	0	1.30597		300	0.245208	-0.000293762	-0.000293762	0.000587524	0.0253287	0	0	0.245208	0	-0.355028	-111.796	0	20.391	20.391	-1.5099e-14	5.32541	0	0	0	0	0	0	0	0	0	0	0	0	0	0	0	0	0	0	0	0	0	0	0	0	0	0	0	0	0	0	0	0	0	
1	1	1	881	26.43		300	0	0	-0.000294255	-0.000294255	0.000588511	0.04405	0	0	1.40722e-05	1.40722e-05	-2.81443e-05	78.2765	0	0	2.3823	1.07418	0	1.30812		300	0.24561	-0.000294257	-0.000294257	0.000588514	0.0253713	0	0	0.24561	0	-0.355028	-111.796	0	20.391	20.391	-1.5099e-14	5.32541	0	0	0	0	0	0	0	0	0	0	0	0	0	0	0	0	0	0	0	0	0	0	0	0	0	0	0	0	0	0	0	0	0	
1	1	1	882	26.46		300	0	0	-0.00029475	-0.00029475	0.000589501	0.0441	0	0	1.4089e-05	1.4089e-05	-2.81781e-05	78.3072	0	0	2.38622	1.07595	0	1.31026		300	0.246013	-0.000294752	-0.000294752	0.000589504	0.025414	0	0	0.246013	0	-0.355028	-111.796	0	20.391	20.391	-1.5099e-14	5.32541	0	0	0	0	0	0	0	0	0	0	0	0	0	0	0	0	0	0	0	0	0	0	0	0	0	0	0	0	0	0	0	0	0	
1	1	1	883	26.49		300	0	0	-0.000295245	-0.000295245	0.000590491	0.04415	0	0	1.41059e-05	1.41059e-05	-2.82118e-05	78.3378	0	0	2.39013	1.07772	0	1.31241		300	0.246416	-0.000295247	-0.000295247	0.000590494	0.0254567	0	0	0.246416	0	-0.355028	-111.796	0	20.391	20.391	-1.5099e-14	5.32541	0	0	0	0	0	0	0	0	0	0	0	0	0	0	0	0	0	0	0	0	0	0	0	0	0	0	0	0	0	0	0	0	0	
1	1	1	884	26.52		300	0	0	-0.00029574	-0.00029574	0.000591481	0.0442	0	0	1.41227e-05	1.41227e-05	-2.82455e-05	78.3685	0	0	2.39405	1.07949	0	1.31455		300	0.246819	-0.000295742	-0.000295742	0.000591484	0.0254994	0	0	0.246819	0	-0.355028	-111.796	0	20.391	20.391	-1.5099e-14	5.32541	0	0	0	0	0	0	0	0	0	0	0	0	0	0	0	0	0	0	0	0	0	0	0	0	0	0	0	0	0	0	0	0	0	
1	1	1	885	26.55		300	0	0	-0.000296236	-0.000296236	0.000592471	0.04425	0	0	1.41396e-05	1.41396e-05	-2.82792e-05	78.3991	0	0	2.39797	1.08127	0	1.3167		300	0.247221	-0.000296237	-0.000296237	0.000592475	0.0255421	0	0	0.247221	0	-0.355028	-111.796	0	20.391	20.391	-1.5099e-14	5.32541	0	0	0	0	0	0	0	0	0	0	0	0	0	0	0	0	0	0	0	0	0	0	0	0	0	0	0	0	0	0	0	0	0	
1	1	1	886	26.58		300	0	0	-0.000296731	-0.000296731	0.000593462	0.0443	0	0	1.41564e-05	1.41564e-05	-2.83128e-05	78.4296	0	0	2.40189	1.08304	0	1.31885		300	0.247624	-0.000296733	-0.000296733	0.000593465	0.0255848	0	0	0.247624	0	-0.355028	-111.796	0	20.391	20.391	-1.5099e-14	5.32541	0	0	0	0	0	0	0	0	0	0	0	0	0	0	0	0	0	0	0	0	0	0	0	0	0	0	0	0	0	0	0	0	0	
1	1	1	887	26.61		300	0	0	-0.000297226	-0.000297226	0.000594452	0.04435	0	0	1.41732e-05	1.41732e-05	-2.83465e-05	78.4602	0	0	2.40581	1.08482	0	1.32099		300	0.248027	-0.000297228	-0.000297228	0.000594456	0.0256275	0	0	0.248027	0	-0.355028	-111.796	0	20.391	20.391	-1.5099e-14	5.32541	0	0	0	0	0	0	0	0	0	0	0	0	0	0	0	0	0	0	0	0	0	0	0	0	0	0	0	0	0	0	0	0	0	
1	1	1	888	26.64		300	0	0	-0.000297721	-0.000297721	0.000595443	0.0444	0	0	1.41901e-05	1.41901e-05	-2.83801e-05	78.4907	0	0	2.40973	1.0866	0	1.32314		300	0.24843	-0.000297723	-0.000297723	0.000595446	0.0256702	0	0	0.24843	0	-0.355028	-111.796	0	20.391	20.391	-1.5099e-14	5.32541	0	0	0	0	0	0	0	0	0	0	0	0	0	0	0	0	0	0	0	0	0	0	0	0	0	0	0	0	0	0	0	0	0	
1	1	1	889	26.67		300	0	0	-0.000298217	-0.000298217	0.000596434	0.04445	0	0	1.42069e-05	1.42069e-05	-2.84137e-05	78.5213	0	0	2.41366	1.08838	0	1.32528		300	0.248833	-0.000298219	-0.000298219	0.000596437	0.0257129	0	0	0.248833	0	-0.355028	-111.796	0	20.391	20.391	-1.5099e-14	5.32541	0	0	0	0	0	0	0	0	0	0	0	0	0	0	0	0	0	0	0	0	0	0	0	0	0	0	0	0	0	0	0	0	0	
1	1	1	890	26.7		300	0	0	-0.000298712	-0.000298712	0.000597425	0.0445	0	0	1.42237e-05	1.42237e-05	-2.84473e-05	78.5518	0	0	2.41759	1.09016	0	1.32743		300	0.249236	-0.000298714	-0.000298714	0.000597428	0.0257557	0	0	0.249236	0	-0.355028	-111.796	0	20.391	20.391	-1.5099e-14	5.32541	0	0	0	0	0	0	0	0	0	0	0	0	0	0	0	0	0	0	0	0	0	0	0	0	0	0	0	0	0	0	0	0	0	
1	1	1	891	26.73		300	0	0	-0.000299208	-0.000299208	0.000598416	0.04455	0	0	1.42404e-05	1.42404e-05	-2.84809e-05	78.5822	0	0	2.42152	1.09194	0	1.32958		300	0.249639	-0.00029921	-0.00029921	0.000598419	0.0257984	0	0	0.249639	0	-0.355028	-111.796	0	20.391	20.391	-1.5099e-14	5.32541	0	0	0	0	0	0	0	0	0	0	0	0	0	0	0	0	0	0	0	0	0	0	0	0	0	0	0	0	0	0	0	0	0	
1	1	1	892	26.76		300	0	0	-0.000299703	-0.000299703	0.000599407	0.0446	0	0	1.42572e-05	1.42572e-05	-2.85144e-05	78.6127	0	0	2.42545	1.09372	0	1.33172		300	0.250042	-0.000299705	-0.000299705	0.00059941	0.0258411	0	0	0.250042	0	-0.355028	-111.796	0	20.391	20.391	-1.5099e-14	5.32541	0	0	0	0	0	0	0	0	0	0	0	0	0	0	0	0	0	0	0	0	0	0	0	0	0	0	0	0	0	0	0	0	0	
1	1	1	893	26.79		300	0	0	-0.000300199	-0.000300199	0.000600398	0.04465	0	0	1.4274e-05	1.4274e-05	-2.8548e-05	78.6431	0	0	2.42938	1.09551	0	1.33387		300	0.250445	-0.000300201	-0.000300201	0.000600402	0.0258839	0	0	0.250445	0	-0.355028	-111.796	0	20.391	20.391	-1.5099e-14	5.32541	0	0	0	0	0	0	0	0	0	0	0	0	0	0	0	0	0	0	0	0	0	0	0	0	0	0	0	0	0	0	0	0	0	
1	1	1	894	26.82		300	0	0	-0.000300695	-0.000300695	0.000601389	0.0447	0	0	1.42907e-05	1.42907e-05	-2.85815e-05	78.6736	0	0	2.43331	1.09729	0	1.33602		300	0.250848	-0.000300696	-0.000300696	0.000601393	0.0259266	0	0	0.250848	0	-0.355028	-111.796	0	20.391	20.391	-1.5099e-14	5.32541	0	0	0	0	0	0	0	0	0	0	0	0	0	0	0	0	0	0	0	0	0	0	0	0	0	0	0	0	0	0	0	0	0	
1	1	1	895	26.85		300	0	0	-0.00030119	-0.00030119	0.000602381	0.04475	0	0	1.43075e-05	1.43075e-05	-2.8615e-05	78.704	0	0	2.43724	1.09908	0	1.33816		300	0.251251	-0.000301192	-0.000301192	0.000602384	0.0259693	0	0	0.251251	0	-0.355028	-111.796	0	20.391	20.391	-1.5099e-14	5.32541	0	0	0	0	0	0	0	0	0	0	0	0	0	0	0	0	0	0	0	0	0	0	0	0	0	0	0	0	0	0	0	0	0	
1	1	1	896	26.88		300	0	0	-0.000301686	-0.000301686	0.000603373	0.0448	0	0	1.43242e-05	1.43242e-05	-2.86485e-05	78.7343	0	0	2.44118	1.10087	0	1.34031		300	0.251654	-0.000301688	-0.000301688	0.000603376	0.0260121	0	0	0.251654	0	-0.355028	-111.796	0	20.391	20.391	-1.5099e-14	5.32541	0	0	0	0	0	0	0	0	0	0	0	0	0	0	0	0	0	0	0	0	0	0	0	0	0	0	0	0	0	0	0	0	0	
1	1	1	897	26.91		300	0	0	-0.000302182	-0.000302182	0.000604364	0.04485	0	0	1.4341e-05	1.4341e-05	-2.8682e-05	78.7647	0	0	2.44512	1.10266	0	1.34246		300	0.252057	-0.000302184	-0.000302184	0.000604368	0.0260549	0	0	0.252057	0	-0.355028	-111.796	0	20.391	20.391	-1.5099e-14	5.32541	0	0	0	0	0	0	0	0	0	0	0	0	0	0	0	0	0	0	0	0	0	0	0	0	0	0	0	0	0	0	0	0	0	
1	1	1	898	26.94		300	0	0	-0.000302678	-0.000302678	0.000605356	0.0449	0	0	1.43577e-05	1.43577e-05	-2.87154e-05	78.795	0	0	2.44906	1.10445	0	1.34461		300	0.252461	-0.00030268	-0.00030268	0.00060536	0.0260976	0	0	0.252461	0	-0.355028	-111.796	0	20.391	20.391	-1.5099e-14	5.32541	0	0	0	0	0	0	0	0	0	0	0	0	0	0	0	0	0	0	0	0	0	0	0	0	0	0	0	0	0	0	0	0	0	
1	1	1	899	26.97		300	0	0	-0.000303174	-0.000303174	0.000606348	0.04495	0	0	1.43744e-05	1.43744e-05	-2.87488e-05	78.8253	0	0	2.453	1.10624	0	1.34675		300	0.252864	-0.000303176	-0.000303176	0.000606351	0.0261404	0	0	0.252864	0	-0.355028	-111.796	0	20.391	20.391	-1.5099e-14	5.32541	0	0	0	0	0	0	0	0	0	0	0	0	0	0	0	0	0	0	0	0	0	0	0	0	0	0	0	0	0	0	0	0	0	
1	1	1	900	27		300	0	0	-0.00030367	-0.00030367	0.00060734	0.045	0	0	1.43911e-05	1.43911e-05	-2.87822e-05	78.8556	0	0	2.45694	1.10804	0	1.3489		300	0.253267	-0.000303672	-0.000303672	0.000607344	0.0261832	0	0	0.253267	0	-0.355028	-111.796	0	20.391	20.391	-1.5099e-14	5.32541	0	0	0	0	0	0	0	0	0	0	0	0	0	0	0	0	0	0	0	0	0	0	0	0	0	0	0	0	0	0	0	0	0	
1	1	1	901	27.03		300	0	0	-0.000304166	-0.000304166	0.000608332	0.04505	0	0	1.44078e-05	1.44078e-05	-2.88156e-05	78.8859	0	0	2.46088	1.10983	0	1.35105		300	0.25367	-0.000304168	-0.000304168	0.000608336	0.0262259	0	0	0.25367	0	-0.355028	-111.796	0	20.391	20.391	-1.5099e-14	5.32541	0	0	0	0	0	0	0	0	0	0	0	0	0	0	0	0	0	0	0	0	0	0	0	0	0	0	0	0	0	0	0	0	0	
1	1	1	902	27.06		300	0	0	-0.000304662	-0.000304662	0.000609324	0.0451	0	0	1.44245e-05	1.44245e-05	-2.8849e-05	78.9162	0	0	2.46483	1.11163	0	1.3532		300	0.254074	-0.000304664	-0.000304664	0.000609328	0.0262687	0	0	0.254074	0	-0.355028	-111.796	0	20.391	20.391	-1.5099e-14	5.32541	0	0	0	0	0	0	0	0	0	0	0	0	0	0	0	0	0	0	0	0	0	0	0	0	0	0	0	0	0	0	0	0	0	
1	1	1	903	27.09		300	0	0	-0.000305158	-0.000305158	0.000610317	0.04515	0	0	1.44412e-05	1.44412e-05	-2.88824e-05	78.9464	0	0	2.46877	1.11343	0	1.35535		300	0.254477	-0.00030516	-0.00030516	0.00061032	0.0263115	0	0	0.254477	0	-0.355028	-111.796	0	20.391	20.391	-1.5099e-14	5.32541	0	0	0	0	0	0	0	0	0	0	0	0	0	0	0	0	0	0	0	0	0	0	0	0	0	0	0	0	0	0	0	0	0	
1	1	1	904	27.12		300	0	0	-0.000305655	-0.000305655	0.000611309	0.0452	0	0	1.44579e-05	1.44579e-05	-2.89157e-05	78.9766	0	0	2.47272	1.11523	0	1.35749		300	0.254881	-0.000305656	-0.000305656	0.000611313	0.0263543	0	0	0.254881	0	-0.355028	-111.796	0	20.391	20.391	-1.5099e-14	5.32541	0	0	0	0	0	0	0	0	0	0	0	0	0	0	0	0	0	0	0	0	0	0	0	0	0	0	0	0	0	0	0	0	0	
1	1	1	905	27.15		300	0	0	-0.000306151	-0.000306151	0.000612302	0.04525	0	0	1.44745e-05	1.44745e-05	-2.8949e-05	79.0068	0	0	2.47667	1.11703	0	1.35964		300	0.255284	-0.000306153	-0.000306153	0.000612305	0.0263971	0	0	0.255284	0	-0.355028	-111.796	0	20.391	20.391	-1.5099e-14	5.32541	0	0	0	0	0	0	0	0	0	0	0	0	0	0	0	0	0	0	0	0	0	0	0	0	0	0	0	0	0	0	0	0	0	
1	1	1	906	27.18		300	0	0	-0.000306647	-0.000306647	0.000613295	0.0453	0	0	1.44912e-05	1.44912e-05	-2.89824e-05	79.037	0	0	2.48062	1.11883	0	1.36179		300	0.255687	-0.000306649	-0.000306649	0.000613298	0.0264399	0	0	0.255687	0	-0.355028	-111.796	0	20.391	20.391	-1.5099e-14	5.32541	0	0	0	0	0	0	0	0	0	0	0	0	0	0	0	0	0	0	0	0	0	0	0	0	0	0	0	0	0	0	0	0	0	
1	1	1	907	27.21		300	0	0	-0.000307144	-0.000307144	0.000614287	0.04535	0	0	1.45078e-05	1.45078e-05	-2.90156e-05	79.0671	0	0	2.48458	1.12063	0	1.36394		300	0.256091	-0.000307145	-0.000307145	0.000614291	0.0264827	0	0	0.256091	0	-0.355028	-111.796	0	20.391	20.391	-1.5099e-14	5.32541	0	0	0	0	0	0	0	0	0	0	0	0	0	0	0	0	0	0	0	0	0	0	0	0	0	0	0	0	0	0	0	0	0	
1	1	1	908	27.24		300	0	0	-0.00030764	-0.00030764	0.00061528	0.0454	0	0	1.45245e-05	1.45245e-05	-2.90489e-05	79.0973	0	0	2.48853	1.12244	0	1.36609		300	0.256494	-0.000307642	-0.000307642	0.000615284	0.0265255	0	0	0.256494	0	-0.355028	-111.796	0	20.391	20.391	-1.5099e-14	5.32541	0	0	0	0	0	0	0	0	0	0	0	0	0	0	0	0	0	0	0	0	0	0	0	0	0	0	0	0	0	0	0	0	0	
1	1	1	909	27.27		300	0	0	-0.000308137	-0.000308137	0.000616273	0.04545	0	0	1.45411e-05	1.45411e-05	-2.90822e-05	79.1274	0	0	2.49249	1.12425	0	1.36824		300	0.256898	-0.000308138	-0.000308138	0.000616277	0.0265683	0	0	0.256898	0	-0.355028	-111.796	0	20.391	20.391	-1.5099e-14	5.32541	0	0	0	0	0	0	0	0	0	0	0	0	0	0	0	0	0	0	0	0	0	0	0	0	0	0	0	0	0	0	0	0	0	
1	1	1	910	27.3		300	0	0	-0.000308633	-0.000308633	0.000617267	0.0455	0	0	1.45577e-05	1.45577e-05	-2.91154e-05	79.1575	0	0	2.49644	1.12605	0	1.37039		300	0.257302	-0.000308635	-0.000308635	0.00061727	0.0266111	0	0	0.257302	0	-0.355028	-111.796	0	20.391	20.391	-1.5099e-14	5.32541	0	0	0	0	0	0	0	0	0	0	0	0	0	0	0	0	0	0	0	0	0	0	0	0	0	0	0	0	0	0	0	0	0	
1	1	1	911	27.33		300	0	0	-0.00030913	-0.00030913	0.00061826	0.04555	0	0	1.45743e-05	1.45743e-05	-2.91486e-05	79.1876	0	0	2.5004	1.12786	0	1.37254		300	0.257705	-0.000309132	-0.000309132	0.000618263	0.0266539	0	0	0.257705	0	-0.355028	-111.796	0	20.391	20.391	-1.5099e-14	5.32541	0	0	0	0	0	0	0	0	0	0	0	0	0	0	0	0	0	0	0	0	0	0	0	0	0	0	0	0	0	0	0	0	0	
1	1	1	912	27.36		300	0	0	-0.000309627	-0.000309627	0.000619253	0.0456	0	0	1.45909e-05	1.45909e-05	-2.91818e-05	79.2176	0	0	2.50436	1.12967	0	1.37469		300	0.258109	-0.000309628	-0.000309628	0.000619257	0.0266968	0	0	0.258109	0	-0.355028	-111.796	0	20.391	20.391	-1.5099e-14	5.32541	0	0	0	0	0	0	0	0	0	0	0	0	0	0	0	0	0	0	0	0	0	0	0	0	0	0	0	0	0	0	0	0	0	
1	1	1	913	27.39		300	0	0	-0.000310123	-0.000310123	0.000620247	0.04565	0	0	1.46075e-05	1.46075e-05	-2.9215e-05	79.2476	0	0	2.50832	1.13148	0	1.37684		300	0.258513	-0.000310125	-0.000310125	0.00062025	0.0267396	0	0	0.258513	0	-0.355028	-111.796	0	20.391	20.391	-1.5099e-14	5.32541	0	0	0	0	0	0	0	0	0	0	0	0	0	0	0	0	0	0	0	0	0	0	0	0	0	0	0	0	0	0	0	0	0	
1	1	1	914	27.42		300	0	0	-0.00031062	-0.00031062	0.00062124	0.0457	0	0	1.46241e-05	1.46241e-05	-2.92482e-05	79.2777	0	0	2.51229	1.1333	0	1.37899		300	0.258916	-0.000310622	-0.000310622	0.000621244	0.0267824	0	0	0.258916	0	-0.355028	-111.796	0	20.391	20.391	-1.5099e-14	5.32541	0	0	0	0	0	0	0	0	0	0	0	0	0	0	0	0	0	0	0	0	0	0	0	0	0	0	0	0	0	0	0	0	0	
1	1	1	915	27.45		300	0	0	-0.000311117	-0.000311117	0.000622234	0.04575	0	0	1.46407e-05	1.46407e-05	-2.92813e-05	79.3077	0	0	2.51625	1.13511	0	1.38114		300	0.25932	-0.000311119	-0.000311119	0.000622237	0.0268253	0	0	0.25932	0	-0.355028	-111.796	0	20.391	20.391	-1.5099e-14	5.32541	0	0	0	0	0	0	0	0	0	0	0	0	0	0	0	0	0	0	0	0	0	0	0	0	0	0	0	0	0	0	0	0	0	
1	1	1	916	27.48		300	0	0	-0.000311614	-0.000311614	0.000623228	0.0458	0	0	1.46572e-05	1.46572e-05	-2.93144e-05	79.3376	0	0	2.52022	1.13693	0	1.38329		300	0.259724	-0.000311616	-0.000311616	0.000623231	0.0268681	0	0	0.259724	0	-0.355028	-111.796	0	20.391	20.391	-1.5099e-14	5.32541	0	0	0	0	0	0	0	0	0	0	0	0	0	0	0	0	0	0	0	0	0	0	0	0	0	0	0	0	0	0	0	0	0	
1	1	1	917	27.51		300	0	0	-0.000312111	-0.000312111	0.000624221	0.04585	0	0	1.46738e-05	1.46738e-05	-2.93476e-05	79.3676	0	0	2.52418	1.13874	0	1.38544		300	0.260128	-0.000312112	-0.000312112	0.000624225	0.026911	0	0	0.260128	0	-0.355028	-111.796	0	20.391	20.391	-1.5099e-14	5.32541	0	0	0	0	0	0	0	0	0	0	0	0	0	0	0	0	0	0	0	0	0	0	0	0	0	0	0	0	0	0	0	0	0	
1	1	1	918	27.54		300	0	0	-0.000312608	-0.000312608	0.000625215	0.0459	0	0	1.46903e-05	1.46903e-05	-2.93806e-05	79.3976	0	0	2.52815	1.14056	0	1.38759		300	0.260531	-0.000312609	-0.000312609	0.000625219	0.0269538	0	0	0.260531	0	-0.355028	-111.796	0	20.391	20.391	-1.5099e-14	5.32541	0	0	0	0	0	0	0	0	0	0	0	0	0	0	0	0	0	0	0	0	0	0	0	0	0	0	0	0	0	0	0	0	0	
1	1	1	919	27.57		300	0	0	-0.000313105	-0.000313105	0.00062621	0.04595	0	0	1.47069e-05	1.47069e-05	-2.94137e-05	79.4275	0	0	2.53212	1.14238	0	1.38974		300	0.260935	-0.000313107	-0.000313107	0.000626213	0.0269967	0	0	0.260935	0	-0.355028	-111.796	0	20.391	20.391	-1.5099e-14	5.32541	0	0	0	0	0	0	0	0	0	0	0	0	0	0	0	0	0	0	0	0	0	0	0	0	0	0	0	0	0	0	0	0	0	
1	1	1	920	27.6		300	0	0	-0.000313602	-0.000313602	0.000627204	0.046	0	0	1.47234e-05	1.47234e-05	-2.94468e-05	79.4574	0	0	2.5361	1.1442	0	1.39189		300	0.261339	-0.000313604	-0.000313604	0.000627207	0.0270396	0	0	0.261339	0	-0.355028	-111.796	0	20.391	20.391	-1.5099e-14	5.32541	0	0	0	0	0	0	0	0	0	0	0	0	0	0	0	0	0	0	0	0	0	0	0	0	0	0	0	0	0	0	0	0	0	
1	1	1	921	27.63		300	0	0	-0.000314099	-0.000314099	0.000628198	0.04605	0	0	1.47399e-05	1.47399e-05	-2.94798e-05	79.4873	0	0	2.54007	1.14602	0	1.39404		300	0.261743	-0.000314101	-0.000314101	0.000628202	0.0270824	0	0	0.261743	0	-0.355028	-111.796	0	20.391	20.391	-1.5099e-14	5.32541	0	0	0	0	0	0	0	0	0	0	0	0	0	0	0	0	0	0	0	0	0	0	0	0	0	0	0	0	0	0	0	0	0	
1	1	1	922	27.66		300	0	0	-0.000314596	-0.000314596	0.000629192	0.0461	0	0	1.47564e-05	1.47564e-05	-2.95128e-05	79.5171	0	0	2.54404	1.14785	0	1.3962		300	0.262147	-0.000314598	-0.000314598	0.000629196	0.0271253	0	0	0.262147	0	-0.355028	-111.796	0	20.391	20.391	-1.5099e-14	5.32541	0	0	0	0	0	0	0	0	0	0	0	0	0	0	0	0	0	0	0	0	0	0	0	0	0	0	0	0	0	0	0	0	0	
1	1	1	923	27.69		300	0	0	-0.000315093	-0.000315093	0.000630187	0.04615	0	0	1.47729e-05	1.47729e-05	-2.95459e-05	79.547	0	0	2.54802	1.14967	0	1.39835		300	0.262551	-0.000315095	-0.000315095	0.00063019	0.0271682	0	0	0.262551	0	-0.355028	-111.796	0	20.391	20.391	-1.5099e-14	5.32541	0	0	0	0	0	0	0	0	0	0	0	0	0	0	0	0	0	0	0	0	0	0	0	0	0	0	0	0	0	0	0	0	0	
1	1	1	924	27.72		300	0	0	-0.000315591	-0.000315591	0.000631182	0.0462	0	0	1.47894e-05	1.47894e-05	-2.95788e-05	79.5768	0	0	2.552	1.1515	0	1.4005		300	0.262955	-0.000315593	-0.000315593	0.000631185	0.0272111	0	0	0.262955	0	-0.355028	-111.796	0	20.391	20.391	-1.5099e-14	5.32541	0	0	0	0	0	0	0	0	0	0	0	0	0	0	0	0	0	0	0	0	0	0	0	0	0	0	0	0	0	0	0	0	0	
1	1	1	925	27.75		300	0	0	-0.000316088	-0.000316088	0.000632176	0.04625	0	0	1.48059e-05	1.48059e-05	-2.96118e-05	79.6066	0	0	2.55598	1.15333	0	1.40265		300	0.263359	-0.00031609	-0.00031609	0.00063218	0.0272539	0	0	0.263359	0	-0.355028	-111.796	0	20.391	20.391	-1.5099e-14	5.32541	0	0	0	0	0	0	0	0	0	0	0	0	0	0	0	0	0	0	0	0	0	0	0	0	0	0	0	0	0	0	0	0	0	
1	1	1	926	27.78		300	0	0	-0.000316586	-0.000316586	0.000633171	0.0463	0	0	1.48224e-05	1.48224e-05	-2.96448e-05	79.6364	0	0	2.55996	1.15516	0	1.4048		300	0.263763	-0.000316587	-0.000316587	0.000633175	0.0272968	0	0	0.263763	0	-0.355028	-111.796	0	20.391	20.391	-1.5099e-14	5.32541	0	0	0	0	0	0	0	0	0	0	0	0	0	0	0	0	0	0	0	0	0	0	0	0	0	0	0	0	0	0	0	0	0	
1	1	1	927	27.81		300	0	0	-0.000317083	-0.000317083	0.000634166	0.04635	0	0	1.48389e-05	1.48389e-05	-2.96777e-05	79.6662	0	0	2.56394	1.15699	0	1.40696		300	0.264167	-0.000317085	-0.000317085	0.000634169	0.0273397	0	0	0.264167	0	-0.355028	-111.796	0	20.391	20.391	-1.5099e-14	5.32541	0	0	0	0	0	0	0	0	0	0	0	0	0	0	0	0	0	0	0	0	0	0	0	0	0	0	0	0	0	0	0	0	0	
1	1	1	928	27.84		300	0	0	-0.00031758	-0.00031758	0.000635161	0.0464	0	0	1.48553e-05	1.48553e-05	-2.97106e-05	79.6959	0	0	2.56793	1.15882	0	1.40911		300	0.264571	-0.000317582	-0.000317582	0.000635164	0.0273826	0	0	0.264571	0	-0.355028	-111.796	0	20.391	20.391	-1.5099e-14	5.32541	0	0	0	0	0	0	0	0	0	0	0	0	0	0	0	0	0	0	0	0	0	0	0	0	0	0	0	0	0	0	0	0	0	
1	1	1	929	27.87		300	0	0	-0.000318078	-0.000318078	0.000636156	0.04645	0	0	1.48718e-05	1.48718e-05	-2.97435e-05	79.7257	0	0	2.57191	1.16065	0	1.41126		300	0.264975	-0.00031808	-0.00031808	0.00063616	0.0274255	0	0	0.264975	0	-0.355028	-111.796	0	20.391	20.391	-1.5099e-14	5.32541	0	0	0	0	0	0	0	0	0	0	0	0	0	0	0	0	0	0	0	0	0	0	0	0	0	0	0	0	0	0	0	0	0	
1	1	1	930	27.9		300	0	0	-0.000318576	-0.000318576	0.000637151	0.0465	0	0	1.48882e-05	1.48882e-05	-2.97764e-05	79.7554	0	0	2.5759	1.16249	0	1.41341		300	0.265379	-0.000318577	-0.000318577	0.000637155	0.0274684	0	0	0.265379	0	-0.355028	-111.796	0	20.391	20.391	-1.5099e-14	5.32541	0	0	0	0	0	0	0	0	0	0	0	0	0	0	0	0	0	0	0	0	0	0	0	0	0	0	0	0	0	0	0	0	0	
1	1	1	931	27.93		300	0	0	-0.000319073	-0.000319073	0.000638147	0.04655	0	0	1.49046e-05	1.49046e-05	-2.98093e-05	79.7851	0	0	2.57989	1.16432	0	1.41557		300	0.265784	-0.000319075	-0.000319075	0.00063815	0.0275114	0	0	0.265784	0	-0.355028	-111.796	0	20.391	20.391	-1.5099e-14	5.32541	0	0	0	0	0	0	0	0	0	0	0	0	0	0	0	0	0	0	0	0	0	0	0	0	0	0	0	0	0	0	0	0	0	
1	1	1	932	27.96		300	0	0	-0.000319571	-0.000319571	0.000639142	0.0466	0	0	1.49211e-05	1.49211e-05	-2.98421e-05	79.8148	0	0	2.58388	1.16616	0	1.41772		300	0.266188	-0.000319573	-0.000319573	0.000639146	0.0275543	0	0	0.266188	0	-0.355028	-111.796	0	20.391	20.391	-1.5099e-14	5.32541	0	0	0	0	0	0	0	0	0	0	0	0	0	0	0	0	0	0	0	0	0	0	0	0	0	0	0	0	0	0	0	0	0	
1	1	1	933	27.99		300	0	0	-0.000320069	-0.000320069	0.000640137	0.04665	0	0	1.49375e-05	1.49375e-05	-2.9875e-05	79.8445	0	0	2.58787	1.168	0	1.41987		300	0.266592	-0.000320071	-0.000320071	0.000640141	0.0275972	0	0	0.266592	0	-0.355028	-111.796	0	20.391	20.391	-1.5099e-14	5.32541	0	0	0	0	0	0	0	0	0	0	0	0	0	0	0	0	0	0	0	0	0	0	0	0	0	0	0	0	0	0	0	0	0	
1	1	1	934	28.02		300	0	0	-0.000320567	-0.000320567	0.000641133	0.0467	0	0	1.49539e-05	1.49539e-05	-2.99078e-05	79.8741	0	0	2.59186	1.16984	0	1.42203		300	0.266996	-0.000320568	-0.000320568	0.000641137	0.0276401	0	0	0.266996	0	-0.355028	-111.796	0	20.391	20.391	-1.5099e-14	5.32541	0	0	0	0	0	0	0	0	0	0	0	0	0	0	0	0	0	0	0	0	0	0	0	0	0	0	0	0	0	0	0	0	0	
1	1	1	935	28.05		300	0	0	-0.000321064	-0.000321064	0.000642129	0.04675	0	0	1.49703e-05	1.49703e-05	-2.99406e-05	79.9037	0	0	2.59586	1.17168	0	1.42418		300	0.267401	-0.000321066	-0.000321066	0.000642132	0.027683	0	0	0.267401	0	-0.355028	-111.796	0	20.391	20.391	-1.5099e-14	5.32541	0	0	0	0	0	0	0	0	0	0	0	0	0	0	0	0	0	0	0	0	0	0	0	0	0	0	0	0	0	0	0	0	0	
1	1	1	936	28.08		300	0	0	-0.000321562	-0.000321562	0.000643125	0.0468	0	0	1.49867e-05	1.49867e-05	-2.99733e-05	79.9333	0	0	2.59985	1.17352	0	1.42633		300	0.267805	-0.000321564	-0.000321564	0.000643128	0.027726	0	0	0.267805	0	-0.355028	-111.796	0	20.391	20.391	-1.5099e-14	5.32541	0	0	0	0	0	0	0	0	0	0	0	0	0	0	0	0	0	0	0	0	0	0	0	0	0	0	0	0	0	0	0	0	0	
1	1	1	937	28.11		300	0	0	-0.00032206	-0.00032206	0.000644121	0.04685	0	0	1.5003e-05	1.5003e-05	-3.00061e-05	79.9629	0	0	2.60385	1.17536	0	1.42849		300	0.268209	-0.000322062	-0.000322062	0.000644124	0.0277689	0	0	0.268209	0	-0.355028	-111.796	0	20.391	20.391	-1.5099e-14	5.32541	0	0	0	0	0	0	0	0	0	0	0	0	0	0	0	0	0	0	0	0	0	0	0	0	0	0	0	0	0	0	0	0	0	
1	1	1	938	28.14		300	0	0	-0.000322558	-0.000322558	0.000645117	0.0469	0	0	1.50194e-05	1.50194e-05	-3.00388e-05	79.9925	0	0	2.60785	1.17721	0	1.43064		300	0.268614	-0.00032256	-0.00032256	0.00064512	0.0278119	0	0	0.268614	0	-0.355028	-111.796	0	20.391	20.391	-1.5099e-14	5.32541	0	0	0	0	0	0	0	0	0	0	0	0	0	0	0	0	0	0	0	0	0	0	0	0	0	0	0	0	0	0	0	0	0	
1	1	1	939	28.17		300	0	0	-0.000323056	-0.000323056	0.000646113	0.04695	0	0	1.50358e-05	1.50358e-05	-3.00716e-05	80.0221	0	0	2.61185	1.17906	0	1.43279		300	0.269018	-0.000323058	-0.000323058	0.000646116	0.0278548	0	0	0.269018	0	-0.355028	-111.796	0	20.391	20.391	-1.5099e-14	5.32541	0	0	0	0	0	0	0	0	0	0	0	0	0	0	0	0	0	0	0	0	0	0	0	0	0	0	0	0	0	0	0	0	0	
1	1	1	940	28.2		300	0	0	-0.000323554	-0.000323554	0.000647109	0.047	0	0	1.50521e-05	1.50521e-05	-3.01043e-05	80.0516	0	0	2.61585	1.1809	0	1.43495		300	0.269422	-0.000323556	-0.000323556	0.000647112	0.0278978	0	0	0.269422	0	-0.355028	-111.796	0	20.391	20.391	-1.5099e-14	5.32541	0	0	0	0	0	0	0	0	0	0	0	0	0	0	0	0	0	0	0	0	0	0	0	0	0	0	0	0	0	0	0	0	0	
1	1	1	941	28.23		300	0	0	-0.000324053	-0.000324053	0.000648105	0.04705	0	0	1.50685e-05	1.50685e-05	-3.0137e-05	80.0811	0	0	2.61985	1.18275	0	1.4371		300	0.269827	-0.000324054	-0.000324054	0.000648109	0.0279407	0	0	0.269827	0	-0.355028	-111.796	0	20.391	20.391	-1.5099e-14	5.32541	0	0	0	0	0	0	0	0	0	0	0	0	0	0	0	0	0	0	0	0	0	0	0	0	0	0	0	0	0	0	0	0	0	
1	1	1	942	28.26		300	0	0	-0.000324551	-0.000324551	0.000649102	0.0471	0	0	1.50848e-05	1.50848e-05	-3.01696e-05	80.1106	0	0	2.62386	1.1846	0	1.43926		300	0.270231	-0.000324553	-0.000324553	0.000649105	0.0279837	0	0	0.270231	0	-0.355028	-111.796	0	20.391	20.391	-1.5099e-14	5.32541	0	0	0	0	0	0	0	0	0	0	0	0	0	0	0	0	0	0	0	0	0	0	0	0	0	0	0	0	0	0	0	0	0	
1	1	1	943	28.29		300	0	0	-0.000325049	-0.000325049	0.000650098	0.04715	0	0	1.51011e-05	1.51011e-05	-3.02023e-05	80.1401	0	0	2.62787	1.18646	0	1.44141		300	0.270636	-0.000325051	-0.000325051	0.000650102	0.0280266	0	0	0.270636	0	-0.355028	-111.796	0	20.391	20.391	-1.5099e-14	5.32541	0	0	0	0	0	0	0	0	0	0	0	0	0	0	0	0	0	0	0	0	0	0	0	0	0	0	0	0	0	0	0	0	0	
1	1	1	944	28.32		300	0	0	-0.000325547	-0.000325547	0.000651095	0.0472	0	0	1.51175e-05	1.51175e-05	-3.02349e-05	80.1696	0	0	2.63187	1.18831	0	1.44356		300	0.27104	-0.000325549	-0.000325549	0.000651098	0.0280696	0	0	0.27104	0	-0.355028	-111.796	0	20.391	20.391	-1.5099e-14	5.32541	0	0	0	0	0	0	0	0	0	0	0	0	0	0	0	0	0	0	0	0	0	0	0	0	0	0	0	0	0	0	0	0	0	
1	1	1	945	28.35		300	0	0	-0.000326046	-0.000326046	0.000652091	0.04725	0	0	1.51338e-05	1.51338e-05	-3.02676e-05	80.199	0	0	2.63588	1.19016	0	1.44572		300	0.271445	-0.000326047	-0.000326047	0.000652095	0.0281126	0	0	0.271445	0	-0.355028	-111.796	0	20.391	20.391	-1.5099e-14	5.32541	0	0	0	0	0	0	0	0	0	0	0	0	0	0	0	0	0	0	0	0	0	0	0	0	0	0	0	0	0	0	0	0	0	
1	1	1	946	28.38		300	0	0	-0.000326544	-0.000326544	0.000653088	0.0473	0	0	1.51501e-05	1.51501e-05	-3.03002e-05	80.2285	0	0	2.63989	1.19202	0	1.44787		300	0.27185	-0.000326546	-0.000326546	0.000653092	0.0281556	0	0	0.27185	0	-0.355028	-111.796	0	20.391	20.391	-1.5099e-14	5.32541	0	0	0	0	0	0	0	0	0	0	0	0	0	0	0	0	0	0	0	0	0	0	0	0	0	0	0	0	0	0	0	0	0	
1	1	1	947	28.41		300	0	0	-0.000327042	-0.000327042	0.000654085	0.04735	0	0	1.51664e-05	1.51664e-05	-3.03328e-05	80.2579	0	0	2.64391	1.19388	0	1.45003		300	0.272254	-0.000327044	-0.000327044	0.000654089	0.0281985	0	0	0.272254	0	-0.355028	-111.796	0	20.391	20.391	-1.5099e-14	5.32541	0	0	0	0	0	0	0	0	0	0	0	0	0	0	0	0	0	0	0	0	0	0	0	0	0	0	0	0	0	0	0	0	0	
1	1	1	948	28.44		300	0	0	-0.000327541	-0.000327541	0.000655082	0.0474	0	0	1.51827e-05	1.51827e-05	-3.03653e-05	80.2873	0	0	2.64792	1.19573	0	1.45218		300	0.272659	-0.000327543	-0.000327543	0.000655086	0.0282415	0	0	0.272659	0	-0.355028	-111.796	0	20.391	20.391	-1.5099e-14	5.32541	0	0	0	0	0	0	0	0	0	0	0	0	0	0	0	0	0	0	0	0	0	0	0	0	0	0	0	0	0	0	0	0	0	
1	1	1	949	28.47		300	0	0	-0.000328039	-0.000328039	0.000656079	0.04745	0	0	1.51989e-05	1.51989e-05	-3.03979e-05	80.3167	0	0	2.65193	1.19759	0	1.45434		300	0.273063	-0.000328041	-0.000328041	0.000656083	0.0282845	0	0	0.273063	0	-0.355028	-111.796	0	20.391	20.391	-1.5099e-14	5.32541	0	0	0	0	0	0	0	0	0	0	0	0	0	0	0	0	0	0	0	0	0	0	0	0	0	0	0	0	0	0	0	0	0	
1	1	1	950	28.5		300	0	0	-0.000328538	-0.000328538	0.000657076	0.0475	0	0	1.52152e-05	1.52152e-05	-3.04304e-05	80.346	0	0	2.65595	1.19945	0	1.4565		300	0.273468	-0.00032854	-0.00032854	0.00065708	0.0283275	0	0	0.273468	0	-0.355028	-111.796	0	20.391	20.391	-1.5099e-14	5.32541	0	0	0	0	0	0	0	0	0	0	0	0	0	0	0	0	0	0	0	0	0	0	0	0	0	0	0	0	0	0	0	0	0	
1	1	1	951	28.53		300	0	0	-0.000329037	-0.000329037	0.000658073	0.04755	0	0	1.52315e-05	1.52315e-05	-3.04629e-05	80.3754	0	0	2.65997	1.20132	0	1.45865		300	0.273873	-0.000329039	-0.000329039	0.000658077	0.0283705	0	0	0.273873	0	-0.355028	-111.796	0	20.391	20.391	-1.5099e-14	5.32541	0	0	0	0	0	0	0	0	0	0	0	0	0	0	0	0	0	0	0	0	0	0	0	0	0	0	0	0	0	0	0	0	0	
1	1	1	952	28.56		300	0	0	-0.000329535	-0.000329535	0.000659071	0.0476	0	0	1.52477e-05	1.52477e-05	-3.04954e-05	80.4047	0	0	2.66399	1.20318	0	1.46081		300	0.274278	-0.000329537	-0.000329537	0.000659074	0.0284135	0	0	0.274278	0	-0.355028	-111.796	0	20.391	20.391	-1.5099e-14	5.32541	0	0	0	0	0	0	0	0	0	0	0	0	0	0	0	0	0	0	0	0	0	0	0	0	0	0	0	0	0	0	0	0	0	
1	1	1	953	28.59		300	0	0	-0.000330034	-0.000330034	0.000660068	0.04765	0	0	1.5264e-05	1.5264e-05	-3.05279e-05	80.434	0	0	2.66801	1.20505	0	1.46296		300	0.274682	-0.000330036	-0.000330036	0.000660072	0.0284565	0	0	0.274682	0	-0.355028	-111.796	0	20.391	20.391	-1.5099e-14	5.32541	0	0	0	0	0	0	0	0	0	0	0	0	0	0	0	0	0	0	0	0	0	0	0	0	0	0	0	0	0	0	0	0	0	
1	1	1	954	28.62		300	0	0	-0.000330533	-0.000330533	0.000661066	0.0477	0	0	1.52802e-05	1.52802e-05	-3.05604e-05	80.4633	0	0	2.67203	1.20691	0	1.46512		300	0.275087	-0.000330535	-0.000330535	0.000661069	0.0284995	0	0	0.275087	0	-0.355028	-111.796	0	20.391	20.391	-1.5099e-14	5.32541	0	0	0	0	0	0	0	0	0	0	0	0	0	0	0	0	0	0	0	0	0	0	0	0	0	0	0	0	0	0	0	0	0	
1	1	1	955	28.65		300	0	0	-0.000331032	-0.000331032	0.000662063	0.04775	0	0	1.52964e-05	1.52964e-05	-3.05928e-05	80.4926	0	0	2.67606	1.20878	0	1.46727		300	0.275492	-0.000331034	-0.000331034	0.000662067	0.0285425	0	0	0.275492	0	-0.355028	-111.796	0	20.391	20.391	-1.5099e-14	5.32541	0	0	0	0	0	0	0	0	0	0	0	0	0	0	0	0	0	0	0	0	0	0	0	0	0	0	0	0	0	0	0	0	0	
1	1	1	956	28.68		300	0	0	-0.000331531	-0.000331531	0.000663061	0.0478	0	0	1.53126e-05	1.53126e-05	-3.06253e-05	80.5219	0	0	2.68008	1.21065	0	1.46943		300	0.275897	-0.000331532	-0.000331532	0.000663065	0.0285855	0	0	0.275897	0	-0.355028	-111.796	0	20.391	20.391	-1.5099e-14	5.32541	0	0	0	0	0	0	0	0	0	0	0	0	0	0	0	0	0	0	0	0	0	0	0	0	0	0	0	0	0	0	0	0	0	
1	1	1	957	28.71		300	0	0	-0.000332029	-0.000332029	0.000664059	0.04785	0	0	1.53288e-05	1.53288e-05	-3.06577e-05	80.5511	0	0	2.68411	1.21252	0	1.47159		300	0.276302	-0.000332031	-0.000332031	0.000664063	0.0286286	0	0	0.276302	0	-0.355028	-111.796	0	20.391	20.391	-1.5099e-14	5.32541	0	0	0	0	0	0	0	0	0	0	0	0	0	0	0	0	0	0	0	0	0	0	0	0	0	0	0	0	0	0	0	0	0	
1	1	1	958	28.74		300	0	0	-0.000332528	-0.000332528	0.000665057	0.0479	0	0	1.5345e-05	1.5345e-05	-3.06901e-05	80.5804	0	0	2.68814	1.21439	0	1.47374		300	0.276706	-0.00033253	-0.00033253	0.00066506	0.0286716	0	0	0.276706	0	-0.355028	-111.796	0	20.391	20.391	-1.5099e-14	5.32541	0	0	0	0	0	0	0	0	0	0	0	0	0	0	0	0	0	0	0	0	0	0	0	0	0	0	0	0	0	0	0	0	0	
1	1	1	959	28.77		300	0	0	-0.000333027	-0.000333027	0.000666055	0.04795	0	0	1.53612e-05	1.53612e-05	-3.07224e-05	80.6096	0	0	2.69217	1.21627	0	1.4759		300	0.277111	-0.000333029	-0.000333029	0.000666058	0.0287146	0	0	0.277111	0	-0.355028	-111.796	0	20.391	20.391	-1.5099e-14	5.32541	0	0	0	0	0	0	0	0	0	0	0	0	0	0	0	0	0	0	0	0	0	0	0	0	0	0	0	0	0	0	0	0	0	
1	1	1	960	28.8		300	0	0	-0.000333526	-0.000333526	0.000667053	0.048	0	0	1.53774e-05	1.53774e-05	-3.07548e-05	80.6388	0	0	2.6962	1.21814	0	1.47806		300	0.277516	-0.000333528	-0.000333528	0.000667057	0.0287576	0	0	0.277516	0	-0.355028	-111.796	0	20.391	20.391	-1.5099e-14	5.32541	0	0	0	0	0	0	0	0	0	0	0	0	0	0	0	0	0	0	0	0	0	0	0	0	0	0	0	0	0	0	0	0	0	
1	1	1	961	28.83		300	0	0	-0.000334026	-0.000334026	0.000668051	0.04805	0	0	1.53936e-05	1.53936e-05	-3.07872e-05	80.668	0	0	2.70023	1.22002	0	1.48021		300	0.277921	-0.000334027	-0.000334027	0.000668055	0.0288007	0	0	0.277921	0	-0.355028	-111.796	0	20.391	20.391	-1.5099e-14	5.32541	0	0	0	0	0	0	0	0	0	0	0	0	0	0	0	0	0	0	0	0	0	0	0	0	0	0	0	0	0	0	0	0	0	
1	1	1	962	28.86		300	0	0	-0.000334525	-0.000334525	0.000669049	0.0481	0	0	1.54097e-05	1.54097e-05	-3.08195e-05	80.6971	0	0	2.70426	1.22189	0	1.48237		300	0.278326	-0.000334526	-0.000334526	0.000669053	0.0288437	0	0	0.278326	0	-0.355028	-111.796	0	20.391	20.391	-1.5099e-14	5.32541	0	0	0	0	0	0	0	0	0	0	0	0	0	0	0	0	0	0	0	0	0	0	0	0	0	0	0	0	0	0	0	0	0	
1	1	1	963	28.89		300	0	0	-0.000335024	-0.000335024	0.000670048	0.04815	0	0	1.54259e-05	1.54259e-05	-3.08518e-05	80.7263	0	0	2.7083	1.22377	0	1.48453		300	0.278731	-0.000335026	-0.000335026	0.000670051	0.0288868	0	0	0.278731	0	-0.355028	-111.796	0	20.391	20.391	-1.5099e-14	5.32541	0	0	0	0	0	0	0	0	0	0	0	0	0	0	0	0	0	0	0	0	0	0	0	0	0	0	0	0	0	0	0	0	0	
1	1	1	964	28.92		300	0	0	-0.000335523	-0.000335523	0.000671046	0.0482	0	0	1.5442e-05	1.5442e-05	-3.08841e-05	80.7554	0	0	2.71234	1.22565	0	1.48669		300	0.279136	-0.000335525	-0.000335525	0.00067105	0.0289298	0	0	0.279136	0	-0.355028	-111.796	0	20.391	20.391	-1.5099e-14	5.32541	0	0	0	0	0	0	0	0	0	0	0	0	0	0	0	0	0	0	0	0	0	0	0	0	0	0	0	0	0	0	0	0	0	
1	1	1	965	28.95		300	0	0	-0.000336022	-0.000336022	0.000672045	0.04825	0	0	1.54582e-05	1.54582e-05	-3.09164e-05	80.7845	0	0	2.71637	1.22753	0	1.48884		300	0.279541	-0.000336024	-0.000336024	0.000672048	0.0289729	0	0	0.279541	0	-0.355028	-111.796	0	20.391	20.391	-1.5099e-14	5.32541	0	0	0	0	0	0	0	0	0	0	0	0	0	0	0	0	0	0	0	0	0	0	0	0	0	0	0	0	0	0	0	0	0	
1	1	1	966	28.98		300	0	0	-0.000336522	-0.000336522	0.000673043	0.0483	0	0	1.54743e-05	1.54743e-05	-3.09486e-05	80.8136	0	0	2.72041	1.22941	0	1.491		300	0.279946	-0.000336523	-0.000336523	0.000673047	0.0290159	0	0	0.279946	0	-0.355028	-111.796	0	20.391	20.391	-1.5099e-14	5.32541	0	0	0	0	0	0	0	0	0	0	0	0	0	0	0	0	0	0	0	0	0	0	0	0	0	0	0	0	0	0	0	0	0	
1	1	1	967	29.01		300	0	0	-0.000337021	-0.000337021	0.000674042	0.04835	0	0	1.54904e-05	1.54904e-05	-3.09809e-05	80.8427	0	0	2.72446	1.2313	0	1.49316		300	0.280352	-0.000337023	-0.000337023	0.000674046	0.029059	0	0	0.280352	0	-0.355028	-111.796	0	20.391	20.391	-1.5099e-14	5.32541	0	0	0	0	0	0	0	0	0	0	0	0	0	0	0	0	0	0	0	0	0	0	0	0	0	0	0	0	0	0	0	0	0	
1	1	1	968	29.04		300	0	0	-0.00033752	-0.00033752	0.000675041	0.0484	0	0	1.55065e-05	1.55065e-05	-3.10131e-05	80.8718	0	0	2.7285	1.23318	0	1.49532		300	0.280757	-0.000337522	-0.000337522	0.000675045	0.0291021	0	0	0.280757	0	-0.355028	-111.796	0	20.391	20.391	-1.5099e-14	5.32541	0	0	0	0	0	0	0	0	0	0	0	0	0	0	0	0	0	0	0	0	0	0	0	0	0	0	0	0	0	0	0	0	0	
1	1	1	969	29.07		300	0	0	-0.00033802	-0.00033802	0.00067604	0.04845	0	0	1.55226e-05	1.55226e-05	-3.10453e-05	80.9008	0	0	2.73254	1.23507	0	1.49747		300	0.281162	-0.000338022	-0.000338022	0.000676043	0.0291451	0	0	0.281162	0	-0.355028	-111.796	0	20.391	20.391	-1.5099e-14	5.32541	0	0	0	0	0	0	0	0	0	0	0	0	0	0	0	0	0	0	0	0	0	0	0	0	0	0	0	0	0	0	0	0	0	
1	1	1	970	29.1		300	0	0	-0.000338519	-0.000338519	0.000677039	0.0485	0	0	1.55387e-05	1.55387e-05	-3.10775e-05	80.9298	0	0	2.73659	1.23696	0	1.49963		300	0.281567	-0.000338521	-0.000338521	0.000677042	0.0291882	0	0	0.281567	0	-0.355028	-111.796	0	20.391	20.391	-1.5099e-14	5.32541	0	0	0	0	0	0	0	0	0	0	0	0	0	0	0	0	0	0	0	0	0	0	0	0	0	0	0	0	0	0	0	0	0	
1	1	1	971	29.13		300	0	0	-0.000339019	-0.000339019	0.000678038	0.04855	0	0	1.55548e-05	1.55548e-05	-3.11097e-05	80.9589	0	0	2.74064	1.23885	0	1.50179		300	0.281972	-0.000339021	-0.000339021	0.000678041	0.0292313	0	0	0.281972	0	-0.355028	-111.796	0	20.391	20.391	-1.5099e-14	5.32541	0	0	0	0	0	0	0	0	0	0	0	0	0	0	0	0	0	0	0	0	0	0	0	0	0	0	0	0	0	0	0	0	0	
1	1	1	972	29.16		300	0	0	-0.000339518	-0.000339518	0.000679037	0.0486	0	0	1.55709e-05	1.55709e-05	-3.11418e-05	80.9879	0	0	2.74468	1.24074	0	1.50395		300	0.282377	-0.00033952	-0.00033952	0.000679041	0.0292743	0	0	0.282377	0	-0.355028	-111.796	0	20.391	20.391	-1.5099e-14	5.32541	0	0	0	0	0	0	0	0	0	0	0	0	0	0	0	0	0	0	0	0	0	0	0	0	0	0	0	0	0	0	0	0	0	
1	1	1	973	29.19		300	0	0	-0.000340018	-0.000340018	0.000680036	0.04865	0	0	1.5587e-05	1.5587e-05	-3.1174e-05	81.0169	0	0	2.74874	1.24263	0	1.50611		300	0.282783	-0.00034002	-0.00034002	0.00068004	0.0293174	0	0	0.282783	0	-0.355028	-111.796	0	20.391	20.391	-1.5099e-14	5.32541	0	0	0	0	0	0	0	0	0	0	0	0	0	0	0	0	0	0	0	0	0	0	0	0	0	0	0	0	0	0	0	0	0	
1	1	1	974	29.22		300	0	0	-0.000340518	-0.000340518	0.000681036	0.0487	0	0	1.5603e-05	1.5603e-05	-3.12061e-05	81.0458	0	0	2.75279	1.24452	0	1.50827		300	0.283188	-0.00034052	-0.00034052	0.000681039	0.0293605	0	0	0.283188	0	-0.355028	-111.796	0	20.391	20.391	-1.5099e-14	5.32541	0	0	0	0	0	0	0	0	0	0	0	0	0	0	0	0	0	0	0	0	0	0	0	0	0	0	0	0	0	0	0	0	0	
1	1	1	975	29.25		300	0	0	-0.000341017	-0.000341017	0.000682035	0.04875	0	0	1.56191e-05	1.56191e-05	-3.12382e-05	81.0748	0	0	2.75684	1.24642	0	1.51042		300	0.283593	-0.000341019	-0.000341019	0.000682039	0.0294036	0	0	0.283593	0	-0.355028	-111.796	0	20.391	20.391	-1.5099e-14	5.32541	0	0	0	0	0	0	0	0	0	0	0	0	0	0	0	0	0	0	0	0	0	0	0	0	0	0	0	0	0	0	0	0	0	
1	1	1	976	29.28		300	0	0	-0.000341517	-0.000341517	0.000683034	0.0488	0	0	1.56351e-05	1.56351e-05	-3.12703e-05	81.1037	0	0	2.76089	1.24831	0	1.51258		300	0.283998	-0.000341519	-0.000341519	0.000683038	0.0294467	0	0	0.283998	0	-0.355028	-111.796	0	20.391	20.391	-1.5099e-14	5.32541	0	0	0	0	0	0	0	0	0	0	0	0	0	0	0	0	0	0	0	0	0	0	0	0	0	0	0	0	0	0	0	0	0	
1	1	1	977	29.31		300	0	0	-0.000342017	-0.000342017	0.000684034	0.04885	0	0	1.56512e-05	1.56512e-05	-3.13023e-05	81.1326	0	0	2.76495	1.25021	0	1.51474		300	0.284404	-0.000342019	-0.000342019	0.000684038	0.0294898	0	0	0.284404	0	-0.355028	-111.796	0	20.391	20.391	-1.5099e-14	5.32541	0	0	0	0	0	0	0	0	0	0	0	0	0	0	0	0	0	0	0	0	0	0	0	0	0	0	0	0	0	0	0	0	0	
1	1	1	978	29.34		300	0	0	-0.000342517	-0.000342517	0.000685034	0.0489	0	0	1.56672e-05	1.56672e-05	-3.13344e-05	81.1615	0	0	2.76901	1.25211	0	1.5169		300	0.284809	-0.000342519	-0.000342519	0.000685037	0.0295329	0	0	0.284809	0	-0.355028	-111.796	0	20.391	20.391	-1.5099e-14	5.32541	0	0	0	0	0	0	0	0	0	0	0	0	0	0	0	0	0	0	0	0	0	0	0	0	0	0	0	0	0	0	0	0	0	
1	1	1	979	29.37		300	0	0	-0.000343017	-0.000343017	0.000686033	0.04895	0	0	1.56832e-05	1.56832e-05	-3.13664e-05	81.1904	0	0	2.77307	1.25401	0	1.51906		300	0.285215	-0.000343019	-0.000343019	0.000686037	0.029576	0	0	0.285215	0	-0.355028	-111.796	0	20.391	20.391	-1.5099e-14	5.32541	0	0	0	0	0	0	0	0	0	0	0	0	0	0	0	0	0	0	0	0	0	0	0	0	0	0	0	0	0	0	0	0	0	
1	1	1	980	29.4		300	0	0	-0.000343517	-0.000343517	0.000687033	0.049	0	0	1.56992e-05	1.56992e-05	-3.13984e-05	81.2193	0	0	2.77713	1.25591	0	1.52122		300	0.28562	-0.000343519	-0.000343519	0.000687037	0.0296191	0	0	0.28562	0	-0.355028	-111.796	0	20.391	20.391	-1.5099e-14	5.32541	0	0	0	0	0	0	0	0	0	0	0	0	0	0	0	0	0	0	0	0	0	0	0	0	0	0	0	0	0	0	0	0	0	
1	1	1	981	29.43		300	0	0	-0.000344017	-0.000344017	0.000688033	0.04905	0	0	1.57152e-05	1.57152e-05	-3.14305e-05	81.2482	0	0	2.78119	1.25781	0	1.52338		300	0.286025	-0.000344019	-0.000344019	0.000688037	0.0296622	0	0	0.286025	0	-0.355028	-111.796	0	20.391	20.391	-1.5099e-14	5.32541	0	0	0	0	0	0	0	0	0	0	0	0	0	0	0	0	0	0	0	0	0	0	0	0	0	0	0	0	0	0	0	0	0	
1	1	1	982	29.46		300	0	0	-0.000344517	-0.000344517	0.000689033	0.0491	0	0	1.57312e-05	1.57312e-05	-3.14624e-05	81.277	0	0	2.78525	1.25971	0	1.52554		300	0.286431	-0.000344519	-0.000344519	0.000689037	0.0297053	0	0	0.286431	0	-0.355028	-111.796	0	20.391	20.391	-1.5099e-14	5.32541	0	0	0	0	0	0	0	0	0	0	0	0	0	0	0	0	0	0	0	0	0	0	0	0	0	0	0	0	0	0	0	0	0	
1	1	1	983	29.49		300	0	0	-0.000345017	-0.000345017	0.000690033	0.04915	0	0	1.57472e-05	1.57472e-05	-3.14944e-05	81.3059	0	0	2.78932	1.26162	0	1.5277		300	0.286836	-0.000345019	-0.000345019	0.000690037	0.0297485	0	0	0.286836	0	-0.355028	-111.796	0	20.391	20.391	-1.5099e-14	5.32541	0	0	0	0	0	0	0	0	0	0	0	0	0	0	0	0	0	0	0	0	0	0	0	0	0	0	0	0	0	0	0	0	0	
1	1	1	984	29.52		300	0	0	-0.000345517	-0.000345517	0.000691034	0.0492	0	0	1.57632e-05	1.57632e-05	-3.15264e-05	81.3347	0	0	2.79338	1.26352	0	1.52986		300	0.287242	-0.000345519	-0.000345519	0.000691037	0.0297916	0	0	0.287242	0	-0.355028	-111.796	0	20.391	20.391	-1.5099e-14	5.32541	0	0	0	0	0	0	0	0	0	0	0	0	0	0	0	0	0	0	0	0	0	0	0	0	0	0	0	0	0	0	0	0	0	
1	1	1	985	29.55		300	0	0	-0.000346017	-0.000346017	0.000692034	0.04925	0	0	1.57791e-05	1.57791e-05	-3.15583e-05	81.3635	0	0	2.79745	1.26543	0	1.53202		300	0.287647	-0.000346019	-0.000346019	0.000692038	0.0298347	0	0	0.287647	0	-0.355028	-111.796	0	20.391	20.391	-1.5099e-14	5.32541	0	0	0	0	0	0	0	0	0	0	0	0	0	0	0	0	0	0	0	0	0	0	0	0	0	0	0	0	0	0	0	0	0	
1	1	1	986	29.58		300	0	0	-0.000346517	-0.000346517	0.000693034	0.0493	0	0	1.57951e-05	1.57951e-05	-3.15902e-05	81.3922	0	0	2.80152	1.26734	0	1.53418		300	0.288053	-0.000346519	-0.000346519	0.000693038	0.0298779	0	0	0.288053	0	-0.355028	-111.796	0	20.391	20.391	-1.5099e-14	5.32541	0	0	0	0	0	0	0	0	0	0	0	0	0	0	0	0	0	0	0	0	0	0	0	0	0	0	0	0	0	0	0	0	0	
1	1	1	987	29.61		300	0	0	-0.000347017	-0.000347017	0.000694035	0.04935	0	0	1.58111e-05	1.58111e-05	-3.16221e-05	81.421	0	0	2.80559	1.26925	0	1.53634		300	0.288458	-0.000347019	-0.000347019	0.000694038	0.029921	0	0	0.288458	0	-0.355028	-111.796	0	20.391	20.391	-1.5099e-14	5.32541	0	0	0	0	0	0	0	0	0	0	0	0	0	0	0	0	0	0	0	0	0	0	0	0	0	0	0	0	0	0	0	0	0	
1	1	1	988	29.64		300	0	0	-0.000347518	-0.000347518	0.000695035	0.0494	0	0	1.5827e-05	1.5827e-05	-3.1654e-05	81.4498	0	0	2.80966	1.27116	0	1.5385		300	0.288864	-0.00034752	-0.00034752	0.000695039	0.0299641	0	0	0.288864	0	-0.355028	-111.796	0	20.391	20.391	-1.5099e-14	5.32541	0	0	0	0	0	0	0	0	0	0	0	0	0	0	0	0	0	0	0	0	0	0	0	0	0	0	0	0	0	0	0	0	0	
1	1	1	989	29.67		300	0	0	-0.000348018	-0.000348018	0.000696036	0.04945	0	0	1.58429e-05	1.58429e-05	-3.16859e-05	81.4785	0	0	2.81373	1.27308	0	1.54066		300	0.28927	-0.00034802	-0.00034802	0.00069604	0.0300073	0	0	0.28927	0	-0.355028	-111.796	0	20.391	20.391	-1.5099e-14	5.32541	0	0	0	0	0	0	0	0	0	0	0	0	0	0	0	0	0	0	0	0	0	0	0	0	0	0	0	0	0	0	0	0	0	
1	1	1	990	29.7		300	0	0	-0.000348518	-0.000348518	0.000697037	0.0495	0	0	1.58589e-05	1.58589e-05	-3.17177e-05	81.5072	0	0	2.81781	1.27499	0	1.54282		300	0.289675	-0.00034852	-0.00034852	0.00069704	0.0300504	0	0	0.289675	0	-0.355028	-111.796	0	20.391	20.391	-1.5099e-14	5.32541	0	0	0	0	0	0	0	0	0	0	0	0	0	0	0	0	0	0	0	0	0	0	0	0	0	0	0	0	0	0	0	0	0	
1	1	1	991	29.73		300	0	0	-0.000349019	-0.000349019	0.000698037	0.04955	0	0	1.58748e-05	1.58748e-05	-3.17495e-05	81.5359	0	0	2.82188	1.27691	0	1.54498		300	0.290081	-0.000349021	-0.000349021	0.000698041	0.0300936	0	0	0.290081	0	-0.355028	-111.796	0	20.391	20.391	-1.5099e-14	5.32541	0	0	0	0	0	0	0	0	0	0	0	0	0	0	0	0	0	0	0	0	0	0	0	0	0	0	0	0	0	0	0	0	0	
1	1	1	992	29.76		300	0	0	-0.000349519	-0.000349519	0.000699038	0.0496	0	0	1.58907e-05	1.58907e-05	-3.17814e-05	81.5646	0	0	2.82596	1.27882	0	1.54714		300	0.290486	-0.000349521	-0.000349521	0.000699042	0.0301367	0	0	0.290486	0	-0.355028	-111.796	0	20.391	20.391	-1.5099e-14	5.32541	0	0	0	0	0	0	0	0	0	0	0	0	0	0	0	0	0	0	0	0	0	0	0	0	0	0	0	0	0	0	0	0	0	
1	1	1	993	29.79		300	0	0	-0.00035002	-0.00035002	0.000700039	0.04965	0	0	1.59066e-05	1.59066e-05	-3.18132e-05	81.5933	0	0	2.83004	1.28074	0	1.5493		300	0.290892	-0.000350021	-0.000350021	0.000700043	0.0301799	0	0	0.290892	0	-0.355028	-111.796	0	20.391	20.391	-1.5099e-14	5.32541	0	0	0	0	0	0	0	0	0	0	0	0	0	0	0	0	0	0	0	0	0	0	0	0	0	0	0	0	0	0	0	0	0	
1	1	1	994	29.82		300	0	0	-0.00035052	-0.00035052	0.00070104	0.0497	0	0	1.59225e-05	1.59225e-05	-3.18449e-05	81.622	0	0	2.83412	1.28266	0	1.55146		300	0.291298	-0.000350522	-0.000350522	0.000701044	0.030223	0	0	0.291298	0	-0.355028	-111.796	0	20.391	20.391	-1.5099e-14	5.32541	0	0	0	0	0	0	0	0	0	0	0	0	0	0	0	0	0	0	0	0	0	0	0	0	0	0	0	0	0	0	0	0	0	
1	1	1	995	29.85		300	0	0	-0.000351021	-0.000351021	0.000702041	0.04975	0	0	1.59384e-05	1.59384e-05	-3.18767e-05	81.6506	0	0	2.8382	1.28458	0	1.55362		300	0.291704	-0.000351023	-0.000351023	0.000702045	0.0302662	0	0	0.291704	0	-0.355028	-111.796	0	20.391	20.391	-1.5099e-14	5.32541	0	0	0	0	0	0	0	0	0	0	0	0	0	0	0	0	0	0	0	0	0	0	0	0	0	0	0	0	0	0	0	0	0	
1	1	1	996	29.88		300	0	0	-0.000351521	-0.000351521	0.000703042	0.0498	0	0	1.59542e-05	1.59542e-05	-3.19085e-05	81.6793	0	0	2.84229	1.2865	0	1.55578		300	0.292109	-0.000351523	-0.000351523	0.000703046	0.0303094	0	0	0.292109	0	-0.355028	-111.796	0	20.391	20.391	-1.5099e-14	5.32541	0	0	0	0	0	0	0	0	0	0	0	0	0	0	0	0	0	0	0	0	0	0	0	0	0	0	0	0	0	0	0	0	0	
1	1	1	997	29.91		300	0	0	-0.000352022	-0.000352022	0.000704044	0.04985	0	0	1.59701e-05	1.59701e-05	-3.19402e-05	81.7079	0	0	2.84637	1.28843	0	1.55794		300	0.292515	-0.000352024	-0.000352024	0.000704048	0.0303525	0	0	0.292515	0	-0.355028	-111.796	0	20.391	20.391	-1.5099e-14	5.32541	0	0	0	0	0	0	0	0	0	0	0	0	0	0	0	0	0	0	0	0	0	0	0	0	0	0	0	0	0	0	0	0	0	
1	1	1	998	29.94		300	0	0	-0.000352523	-0.000352523	0.000705045	0.0499	0	0	1.5986e-05	1.5986e-05	-3.19719e-05	81.7365	0	0	2.85046	1.29035	0	1.56011		300	0.292921	-0.000352524	-0.000352524	0.000705049	0.0303957	0	0	0.292921	0	-0.355028	-111.796	0	20.391	20.391	-1.5099e-14	5.32541	0	0	0	0	0	0	0	0	0	0	0	0	0	0	0	0	0	0	0	0	0	0	0	0	0	0	0	0	0	0	0	0	0	
1	1	1	999	29.97		300	0	0	-0.000353023	-0.000353023	0.000706046	0.04995	0	0	1.60018e-05	1.60018e-05	-3.20036e-05	81.7651	0	0	2.85454	1.29228	0	1.56227		300	0.293327	-0.000353025	-0.000353025	0.00070605	0.0304389	0	0	0.293327	0	-0.355028	-111.796	0	20.391	20.391	-1.5099e-14	5.32541	0	0	0	0	0	0	0	0	0	0	0	0	0	0	0	0	0	0	0	0	0	0	0	0	0	0	0	0	0	0	0	0	0	
1	1	1	1000	30		300	0	0	-0.000353524	-0.000353524	0.000707048	0.05	0	0	1.60176e-05	1.60176e-05	-3.20353e-05	81.7937	0	0	2.85863	1.2942	0	1.56443		300	0.293733	-0.000353526	-0.000353526	0.000707052	0.0304821	0	0	0.293733	0	-0.355028	-111.796	0	20.391	20.391	-1.5099e-14	5.32541	0	0	0	0	0	0	0	0	0	0	0	0	0	0	0	0	0	0	0	0	0	0	0	0	0	0	0	0	0	0	0	0	0	
