1	1	1	1	0.03		300	0	0	-5e-05	1.85471e-05	1.85471e-05	0	0	0	-0.509977	-7.48972e-10	-7.48972e-10	0	0	0	1.27494e-05	-0.134538	0	0.134551		300	0.0137738	-7.26535e-06	3.63267e-06	3.63267e-06	0	0	0	0.0137738	0	-0.469668	-153.69	0	26.9754	26.9754	0	7.04502	0	0	0	0	0	0	0	0	0	0	0	0	0	0	0	0	0	0	0	0	0	0	0	0	0	0	0	0	0	0	0	0	0	
1	1	1	2	0.06		300	0	0	-0.0001	3.71052e-05	3.71052e-05	0	0	0	-1.01908	-4.7417e-08	-4.7417e-08	0	0	0	5.09759e-05	-0.135974	0	0.136025		300	0.013983	-1.46037e-05	7.30183e-06	7.30183e-06	0	0	0	0.013983	0	-0.469668	-153.69	0	26.9754	26.9754	0	7.04502	0	0	0	0	0	0	0	0	0	0	0	0	0	0	0	0	0	0	0	0	0	0	0	0	0	0	0	0	0	0	0	0	0	
1	1	1	3	0.09		300	0	0	-0.00015	5.56743e-05	5.56743e-05	0	0	0	-1.52732	-2.6472e-07	-2.6472e-07	0	0	0	0.000114636	-0.137399	0	0.137513		300	0.0141943	-2.20151e-05	1.10076e-05	1.10076e-05	0	0	0	0.0141943	0	-0.469668	-153.69	0	26.9754	26.9754	0	7.04502	0	0	0	0	0	0	0	0	0	0	0	0	0	0	0	0	0	0	0	0	0	0	0	0	0	0	0	0	0	0	0	0	0	
1	1	1	4	0.12		300	0	0	-0.0002	7.42545e-05	7.42545e-05	0	0	0	-2.03467	-7.55081e-07	-7.55081e-07	0	0	0	0.000203686	-0.138813	0	0.139017		300	0.0144077	-2.95e-05	1.475e-05	1.475e-05	0	0	0	0.0144077	0	-0.469668	-153.69	0	26.9754	26.9754	0	7.04502	0	0	0	0	0	0	0	0	0	0	0	0	0	0	0	0	0	0	0	0	0	0	0	0	0	0	0	0	0	0	0	0	0	
1	1	1	5	0.15		300	0	0	-0.00025	9.28458e-05	9.28458e-05	0	0	0	-2.54115	-7.5439e-07	-7.5439e-07	0	0	0	0.000318081	-0.140217	0	0.140535		300	0.0146232	-3.70583e-05	1.85292e-05	1.85292e-05	0	0	0	0.0146232	0	-0.469668	-153.69	0	26.9754	26.9754	0	7.04502	0	0	0	0	0	0	0	0	0	0	0	0	0	0	0	0	0	0	0	0	0	0	0	0	0	0	0	0	0	0	0	0	0	
1	1	1	6	0.18		300	0	0	-0.0003	0.000111448	0.000111448	0	0	0	-3.04675	-7.53088e-07	-7.53088e-07	0	0	0	0.000457779	-0.14161	0	0.142068		300	0.0148407	-4.46904e-05	2.23452e-05	2.23452e-05	0	0	0	0.0148407	0	-0.469668	-153.69	0	26.9754	26.9754	0	7.04502	0	0	0	0	0	0	0	0	0	0	0	0	0	0	0	0	0	0	0	0	0	0	0	0	0	0	0	0	0	0	0	0	0	
1	1	1	7	0.21		300	0	0	-0.00035	0.000130062	0.000130062	0	0	0	-3.55147	-7.50887e-07	-7.50887e-07	0	0	0	0.000622735	-0.142993	0	0.143615		300	0.0150604	-5.23964e-05	2.61982e-05	2.61982e-05	0	0	0	0.0150604	0	-0.469668	-153.69	0	26.9754	26.9754	0	7.04502	0	0	0	0	0	0	0	0	0	0	0	0	0	0	0	0	0	0	0	0	0	0	0	0	0	0	0	0	0	0	0	0	0	
1	1	1	8	0.24		300	0	0	-0.0004	0.000148687	0.000148687	0	0	0	-4.05531	-7.47439e-07	-7.47439e-07	0	0	0	0.000812904	-0.144365	0	0.145178		300	0.0152823	-6.01765e-05	3.00883e-05	3.00883e-05	0	0	0	0.0152823	0	-0.469668	-153.69	0	26.9754	26.9754	0	7.04502	0	0	0	0	0	0	0	0	0	0	0	0	0	0	0	0	0	0	0	0	0	0	0	0	0	0	0	0	0	0	0	0	0	
1	1	1	9	0.27		300	0	0	-0.00045	0.000167323	0.000167323	0	0	0	-4.55825	-7.42327e-07	-7.42327e-07	0	0	0	0.00102824	-0.145727	0	0.146756		300	0.0155062	-6.80309e-05	3.40154e-05	3.40154e-05	0	0	0	0.0155062	0	-0.469668	-153.69	0	26.9754	26.9754	0	7.04502	0	0	0	0	0	0	0	0	0	0	0	0	0	0	0	0	0	0	0	0	0	0	0	0	0	0	0	0	0	0	0	0	0	
1	1	1	10	0.3		300	0	0	-0.0005	0.00018597	0.00018597	0	0	0	-5.06031	-7.35071e-07	-7.35071e-07	0	0	0	0.00126871	-0.147079	0	0.148348		300	0.0157322	-7.59596e-05	3.79798e-05	3.79798e-05	0	0	0	0.0157322	0	-0.469668	-153.69	0	26.9754	26.9754	0	7.04502	0	0	0	0	0	0	0	0	0	0	0	0	0	0	0	0	0	0	0	0	0	0	0	0	0	0	0	0	0	0	0	0	0	
1	1	1	11	0.33		300	0	0	-0.00055	0.000204628	0.000204628	0	0	0	-5.56148	-7.25119e-07	-7.25119e-07	0	0	0	0.00153425	-0.148421	0	0.149956		300	0.0159604	-8.39629e-05	4.19815e-05	4.19815e-05	0	0	0	0.0159604	0	-0.469668	-153.69	0	26.9754	26.9754	0	7.04502	0	0	0	0	0	0	0	0	0	0	0	0	0	0	0	0	0	0	0	0	0	0	0	0	0	0	0	0	0	0	0	0	0	
1	1	1	12	0.36		300	0	0	-0.0006	0.000223298	0.000223298	0	0	0	-6.06176	-7.11849e-07	-7.11849e-07	0	0	0	0.00182483	-0.149753	0	0.151578		300	0.0161907	-9.2041e-05	4.60205e-05	4.60205e-05	0	0	0	0.0161907	0	-0.469668	-153.69	0	26.9754	26.9754	0	7.04502	0	0	0	0	0	0	0	0	0	0	0	0	0	0	0	0	0	0	0	0	0	0	0	0	0	0	0	0	0	0	0	0	0	
1	1	1	13	0.39		300	0	0	-0.00065	0.000241979	0.000241979	0	0	0	-6.56115	-6.94561e-07	-6.94561e-07	0	0	0	0.00214041	-0.151075	0	0.153216		300	0.0164232	-0.000100194	5.00969e-05	5.00969e-05	0	0	0	0.0164232	0	-0.469668	-153.69	0	26.9754	26.9754	0	7.04502	0	0	0	0	0	0	0	0	0	0	0	0	0	0	0	0	0	0	0	0	0	0	0	0	0	0	0	0	0	0	0	0	0	
1	1	1	14	0.42		300	0	0	-0.0007	0.000260672	0.000260672	0	0	0	-7.05964	-6.72482e-07	-6.72482e-07	0	0	0	0.00248093	-0.152387	0	0.154868		300	0.0166577	-0.000108422	5.42109e-05	5.42109e-05	0	0	0	0.0166577	0	-0.469668	-153.69	0	26.9754	26.9754	0	7.04502	0	0	0	0	0	0	0	0	0	0	0	0	0	0	0	0	0	0	0	0	0	0	0	0	0	0	0	0	0	0	0	0	0	
1	1	1	15	0.45		300	0	0	-0.00075	0.000279375	0.000279375	0	0	0	-7.55723	-6.44758e-07	-6.44758e-07	0	0	0	0.00284635	-0.15369	0	0.156536		300	0.0168945	-0.000116725	5.83624e-05	5.83624e-05	0	0	0	0.0168945	0	-0.469668	-153.69	0	26.9754	26.9754	0	7.04502	0	0	0	0	0	0	0	0	0	0	0	0	0	0	0	0	0	0	0	0	0	0	0	0	0	0	0	0	0	0	0	0	0	
1	1	1	16	0.48		300	0	0	-0.0008	0.000298091	0.000298091	0	0	0	-8.05393	-6.10455e-07	-6.10455e-07	0	0	0	0.00323663	-0.154982	0	0.158219		300	0.0171333	-0.000125103	6.25516e-05	6.25516e-05	0	0	0	0.0171333	0	-0.469668	-153.69	0	26.9754	26.9754	0	7.04502	0	0	0	0	0	0	0	0	0	0	0	0	0	0	0	0	0	0	0	0	0	0	0	0	0	0	0	0	0	0	0	0	0	
1	1	1	17	0.51		300	0	0	-0.00085	0.000316817	0.000316817	0	0	0	-8.54972	-5.68555e-07	-5.68555e-07	0	0	0	0.00365172	-0.156265	0	0.159917		300	0.0173743	-0.000133557	6.67785e-05	6.67785e-05	0	0	0	0.0173743	0	-0.469668	-153.69	0	26.9754	26.9754	0	7.04502	0	0	0	0	0	0	0	0	0	0	0	0	0	0	0	0	0	0	0	0	0	0	0	0	0	0	0	0	0	0	0	0	0	
1	1	1	18	0.54		300	0	0	-0.0009	0.000335555	0.000335555	0	0	0	-9.04461	-5.17957e-07	-5.17957e-07	0	0	0	0.00409158	-0.157538	0	0.16163		300	0.0176175	-0.000142086	7.10431e-05	7.10431e-05	0	0	0	0.0176175	0	-0.469668	-153.69	0	26.9754	26.9754	0	7.04502	0	0	0	0	0	0	0	0	0	0	0	0	0	0	0	0	0	0	0	0	0	0	0	0	0	0	0	0	0	0	0	0	0	
1	1	1	19	0.57		300	0	0	-0.00095	0.000354304	0.000354304	0	0	0	-9.5386	-4.57473e-07	-4.57473e-07	0	0	0	0.00455616	-0.158802	0	0.163358		300	0.0178628	-0.000150691	7.53456e-05	7.53456e-05	0	0	0	0.0178628	0	-0.469668	-153.69	0	26.9754	26.9754	0	7.04502	0	0	0	0	0	0	0	0	0	0	0	0	0	0	0	0	0	0	0	0	0	0	0	0	0	0	0	0	0	0	0	0	0	
1	1	1	20	0.6		300	0	0	-0.001	0.000373065	0.000373065	0	0	0	-10.0317	-3.85827e-07	-3.85827e-07	0	0	0	0.00504541	-0.160057	0	0.165102		300	0.0181103	-0.000159372	7.96859e-05	7.96859e-05	0	0	0	0.0181103	0	-0.469668	-153.69	0	26.9754	26.9754	0	7.04502	0	0	0	0	0	0	0	0	0	0	0	0	0	0	0	0	0	0	0	0	0	0	0	0	0	0	0	0	0	0	0	0	0	
1	1	1	21	0.63		300	0	0	-0.00105	0.000391837	0.000391837	0	0	0	-10.5239	-3.01655e-07	-3.01655e-07	0	0	0	0.0055593	-0.161301	0	0.166861		300	0.01836	-0.000168128	8.40642e-05	8.40642e-05	0	0	0	0.01836	0	-0.469668	-153.69	0	26.9754	26.9754	0	7.04502	0	0	0	0	0	0	0	0	0	0	0	0	0	0	0	0	0	0	0	0	0	0	0	0	0	0	0	0	0	0	0	0	0	
1	1	1	22	0.66		300	0	0	-0.0011	0.000410621	0.000410621	0	0	0	-11.0151	-2.03503e-07	-2.03503e-07	0	0	0	0.00609778	-0.162537	0	0.168635		300	0.0186118	-0.000176961	8.84805e-05	8.84805e-05	0	0	0	0.0186118	0	-0.469668	-153.69	0	26.9754	26.9754	0	7.04502	0	0	0	0	0	0	0	0	0	0	0	0	0	0	0	0	0	0	0	0	0	0	0	0	0	0	0	0	0	0	0	0	0	
1	1	1	23	0.69		300	0	0	-0.00115	0.000429416	0.000429416	0	0	0	-11.5055	-8.98242e-08	-8.98242e-08	0	0	0	0.00666079	-0.163763	0	0.170424		300	0.0188658	-0.00018587	9.29348e-05	9.29348e-05	0	0	0	0.0188658	0	-0.469668	-153.69	0	26.9754	26.9754	0	7.04502	0	0	0	0	0	0	0	0	0	0	0	0	0	0	0	0	0	0	0	0	0	0	0	0	0	0	0	0	0	0	0	0	0	
1	1	1	24	0.72		300	0	0	-0.0012	0.000448223	0.000448223	0	0	0	-11.995	4.10181e-08	4.10181e-08	0	0	0	0.00724831	-0.16498	0	0.172229		300	0.0191219	-0.000194854	9.74272e-05	9.74272e-05	0	0	0	0.0191219	0	-0.469668	-153.69	0	26.9754	26.9754	0	7.04502	0	0	0	0	0	0	0	0	0	0	0	0	0	0	0	0	0	0	0	0	0	0	0	0	0	0	0	0	0	0	0	0	0	
1	1	1	25	0.75		300	0	0	-0.00125	0.000467041	0.000467041	0	0	0	-12.4835	1.90754e-07	1.90754e-07	0	0	0	0.00786027	-0.166188	0	0.174049		300	0.0193803	-0.000203915	0.000101958	0.000101958	0	0	0	0.0193803	0	-0.469668	-153.69	0	26.9754	26.9754	0	7.04502	0	0	0	0	0	0	0	0	0	0	0	0	0	0	0	0	0	0	0	0	0	0	0	0	0	0	0	0	0	0	0	0	0	
1	1	1	26	0.78		300	0	0	-0.0013	0.000485871	0.000485871	0	0	0	-12.9712	3.61208e-07	3.61208e-07	0	0	0	0.00849664	-0.167387	0	0.175884		300	0.0196408	-0.000213053	0.000106526	0.000106526	0	0	0	0.0196408	0	-0.469668	-153.69	0	26.9754	26.9754	0	7.04502	0	0	0	0	0	0	0	0	0	0	0	0	0	0	0	0	0	0	0	0	0	0	0	0	0	0	0	0	0	0	0	0	0	
1	1	1	27	0.81		300	0	0	-0.00135	0.000504712	0.000504712	0	0	0	-13.4579	5.54296e-07	5.54296e-07	0	0	0	0.00915736	-0.168577	0	0.177735		300	0.0199035	-0.000222266	0.000111133	0.000111133	0	0	0	0.0199035	0	-0.469668	-153.69	0	26.9754	26.9754	0	7.04502	0	0	0	0	0	0	0	0	0	0	0	0	0	0	0	0	0	0	0	0	0	0	0	0	0	0	0	0	0	0	0	0	0	
1	1	1	28	0.84		300	0	0	-0.0014	0.000523565	0.000523565	0	0	0	-13.9437	7.72029e-07	7.72029e-07	0	0	0	0.0098424	-0.169758	0	0.179601		300	0.0201683	-0.000231557	0.000115778	0.000115778	0	0	0	0.0201683	0	-0.469668	-153.69	0	26.9754	26.9754	0	7.04502	0	0	0	0	0	0	0	0	0	0	0	0	0	0	0	0	0	0	0	0	0	0	0	0	0	0	0	0	0	0	0	0	0	
1	1	1	29	0.87		300	0	0	-0.00145	0.000542429	0.000542429	0	0	0	-14.4286	1.01651e-06	1.01651e-06	0	0	0	0.0105517	-0.17093	0	0.181482		300	0.0204354	-0.000240923	0.000120462	0.000120462	0	0	0	0.0204354	0	-0.469668	-153.69	0	26.9754	26.9754	0	7.04502	0	0	0	0	0	0	0	0	0	0	0	0	0	0	0	0	0	0	0	0	0	0	0	0	0	0	0	0	0	0	0	0	0	
1	1	1	30	0.9		300	0	0	-0.0015	0.000561305	0.000561305	0	0	0	-14.9126	1.28994e-06	1.28994e-06	0	0	0	0.0112852	-0.172094	0	0.183379		300	0.0207046	-0.000250367	0.000125183	0.000125183	0	0	0	0.0207046	0	-0.469668	-153.69	0	26.9754	26.9754	0	7.04502	0	0	0	0	0	0	0	0	0	0	0	0	0	0	0	0	0	0	0	0	0	0	0	0	0	0	0	0	0	0	0	0	0	
1	1	1	31	0.93		300	0	0	-0.00155	0.000580193	0.000580193	0	0	0	-15.3956	1.59461e-06	1.59461e-06	0	0	0	0.0120429	-0.173248	0	0.185291		300	0.020976	-0.000259887	0.000129943	0.000129943	0	0	0	0.020976	0	-0.469668	-153.69	0	26.9754	26.9754	0	7.04502	0	0	0	0	0	0	0	0	0	0	0	0	0	0	0	0	0	0	0	0	0	0	0	0	0	0	0	0	0	0	0	0	0	
1	1	1	32	0.96		300	0	0	-0.0016	0.000599149	0.000599149	0	0	0	-15.8733	2.20744e-06	2.20744e-06	0	0	0	0.0128247	-0.174467	0	0.187292		300	0.02126	-0.000269862	0.000134931	0.000134931	0	0	0	0.02126	0	-0.469668	-153.69	0	26.9754	26.9754	0	7.04502	0	0	0	0	0	0	0	0	0	0	0	0	0	0	0	0	0	0	0	0	0	0	0	0	0	0	0	0	0	0	0	0	0	
1	1	1	33	0.99		300	0	0	-0.00165	0.00061847	0.00061847	0	0	0	-16.3221	2.22355e-06	2.22355e-06	0	0	0	0.0136296	-0.176136	0	0.189766		300	0.0216112	-0.000282251	0.000141125	0.000141125	0	0	0	0.0216112	0	-0.469668	-153.69	0	26.9754	26.9754	0	7.04502	0	0	0	0	0	0	0	0	0	0	0	0	0	0	0	0	0	0	0	0	0	0	0	0	0	0	0	0	0	0	0	0	0	
1	1	1	34	1.02		300	0	0	-0.0017	0.000637839	0.000637839	0	0	0	-16.7671	2.23848e-06	2.23848e-06	0	0	0	0.0144568	-0.177822	0	0.192279		300	0.021968	-0.000294961	0.000147481	0.000147481	0	0	0	0.021968	0	-0.469668	-153.69	0	26.9754	26.9754	0	7.04502	0	0	0	0	0	0	0	0	0	0	0	0	0	0	0	0	0	0	0	0	0	0	0	0	0	0	0	0	0	0	0	0	0	
1	1	1	35	1.05		300	0	0	-0.00175	0.000657257	0.000657257	0	0	0	-17.2083	2.25222e-06	2.25222e-06	0	0	0	0.0153062	-0.179525	0	0.194831		300	0.0223303	-0.000307992	0.000153996	0.000153996	0	0	0	0.0223303	0	-0.469668	-153.69	0	26.9754	26.9754	0	7.04502	0	0	0	0	0	0	0	0	0	0	0	0	0	0	0	0	0	0	0	0	0	0	0	0	0	0	0	0	0	0	0	0	0	
1	1	1	36	1.08		300	0	0	-0.0018	0.000676723	0.000676723	0	0	0	-17.6457	2.26479e-06	2.26479e-06	0	0	0	0.0161775	-0.181244	0	0.197422		300	0.022698	-0.000321342	0.000160671	0.000160671	0	0	0	0.022698	0	-0.469668	-153.69	0	26.9754	26.9754	0	7.04502	0	0	0	0	0	0	0	0	0	0	0	0	0	0	0	0	0	0	0	0	0	0	0	0	0	0	0	0	0	0	0	0	0	
1	1	1	37	1.11		300	0	0	-0.00185	0.000696236	0.000696236	0	0	0	-18.0792	2.2762e-06	2.2762e-06	0	0	0	0.0170706	-0.18298	0	0.20005		300	0.0230711	-0.000335009	0.000167504	0.000167504	0	0	0	0.0230711	0	-0.469668	-153.69	0	26.9754	26.9754	0	7.04502	0	0	0	0	0	0	0	0	0	0	0	0	0	0	0	0	0	0	0	0	0	0	0	0	0	0	0	0	0	0	0	0	0	
1	1	1	38	1.14		300	0	0	-0.0019	0.000715798	0.000715798	0	0	0	-18.5091	2.28647e-06	2.28647e-06	0	0	0	0.0179853	-0.18473	0	0.202716		300	0.0234494	-0.000348991	0.000174495	0.000174495	0	0	0	0.0234494	0	-0.469668	-153.69	0	26.9754	26.9754	0	7.04502	0	0	0	0	0	0	0	0	0	0	0	0	0	0	0	0	0	0	0	0	0	0	0	0	0	0	0	0	0	0	0	0	0	
1	1	1	39	1.17		300	0	0	-0.00195	0.000735406	0.000735406	0	0	0	-18.9351	2.2956e-06	2.2956e-06	0	0	0	0.0189215	-0.186496	0	0.205418		300	0.023833	-0.000363287	0.000181643	0.000181643	0	0	0	0.023833	0	-0.469668	-153.69	0	26.9754	26.9754	0	7.04502	0	0	0	0	0	0	0	0	0	0	0	0	0	0	0	0	0	0	0	0	0	0	0	0	0	0	0	0	0	0	0	0	0	
1	1	1	40	1.2		300	0	0	-0.002	0.000755062	0.000755062	0	0	0	-19.3575	2.30362e-06	2.30362e-06	0	0	0	0.0198788	-0.188277	0	0.208156		300	0.0242217	-0.000377895	0.000188947	0.000188947	0	0	0	0.0242217	0	-0.469668	-153.69	0	26.9754	26.9754	0	7.04502	0	0	0	0	0	0	0	0	0	0	0	0	0	0	0	0	0	0	0	0	0	0	0	0	0	0	0	0	0	0	0	0	0	
1	1	1	41	1.23		300	0	0	-0.00205	0.000774765	0.000774765	0	0	0	-19.7762	2.31056e-06	2.31056e-06	0	0	0	0.0208571	-0.190072	0	0.210929		300	0.0246154	-0.000392812	0.000196406	0.000196406	0	0	0	0.0246154	0	-0.469668	-153.69	0	26.9754	26.9754	0	7.04502	0	0	0	0	0	0	0	0	0	0	0	0	0	0	0	0	0	0	0	0	0	0	0	0	0	0	0	0	0	0	0	0	0	
1	1	1	42	1.26		300	0	0	-0.0021	0.000794514	0.000794514	0	0	0	-20.1911	2.31645e-06	2.31645e-06	0	0	0	0.0218563	-0.191882	0	0.213738		300	0.025014	-0.000408037	0.000204019	0.000204019	0	0	0	0.025014	0	-0.469668	-153.69	0	26.9754	26.9754	0	7.04502	0	0	0	0	0	0	0	0	0	0	0	0	0	0	0	0	0	0	0	0	0	0	0	0	0	0	0	0	0	0	0	0	0	
1	1	1	43	1.29		300	0	0	-0.00215	0.000814309	0.000814309	0	0	0	-20.6025	2.3213e-06	2.3213e-06	0	0	0	0.0228761	-0.193705	0	0.216581		300	0.0254175	-0.000423568	0.000211784	0.000211784	0	0	0	0.0254175	0	-0.469668	-153.69	0	26.9754	26.9754	0	7.04502	0	0	0	0	0	0	0	0	0	0	0	0	0	0	0	0	0	0	0	0	0	0	0	0	0	0	0	0	0	0	0	0	0	
1	1	1	44	1.32		300	0	0	-0.0022	0.00083415	0.00083415	0	0	0	-21.0102	2.32515e-06	2.32515e-06	0	0	0	0.0239165	-0.195541	0	0.219457		300	0.0258259	-0.000439401	0.000219701	0.000219701	0	0	0	0.0258259	0	-0.469668	-153.69	0	26.9754	26.9754	0	7.04502	0	0	0	0	0	0	0	0	0	0	0	0	0	0	0	0	0	0	0	0	0	0	0	0	0	0	0	0	0	0	0	0	0	
1	1	1	45	1.35		300	0	0	-0.00225	0.000854036	0.000854036	0	0	0	-21.4144	2.32802e-06	2.32802e-06	0	0	0	0.0249771	-0.19739	0	0.222367		300	0.0262389	-0.000455535	0.000227768	0.000227768	0	0	0	0.0262389	0	-0.469668	-153.69	0	26.9754	26.9754	0	7.04502	0	0	0	0	0	0	0	0	0	0	0	0	0	0	0	0	0	0	0	0	0	0	0	0	0	0	0	0	0	0	0	0	0	
1	1	1	46	1.38		300	0	0	-0.0023	0.000873967	0.000873967	0	0	0	-21.8149	2.32996e-06	2.32996e-06	0	0	0	0.0260578	-0.199251	0	0.225309		300	0.0266565	-0.000471968	0.000235984	0.000235984	0	0	0	0.0266565	0	-0.469668	-153.69	0	26.9754	26.9754	0	7.04502	0	0	0	0	0	0	0	0	0	0	0	0	0	0	0	0	0	0	0	0	0	0	0	0	0	0	0	0	0	0	0	0	0	
1	1	1	47	1.41		300	0	0	-0.00235	0.000893943	0.000893943	0	0	0	-22.212	2.33098e-06	2.33098e-06	0	0	0	0.0271585	-0.201125	0	0.228284		300	0.0270787	-0.000488696	0.000244348	0.000244348	0	0	0	0.0270787	0	-0.469668	-153.69	0	26.9754	26.9754	0	7.04502	0	0	0	0	0	0	0	0	0	0	0	0	0	0	0	0	0	0	0	0	0	0	0	0	0	0	0	0	0	0	0	0	0	
1	1	1	48	1.44		300	0	0	-0.0024	0.000913963	0.000913963	0	0	0	-22.6056	2.33114e-06	2.33114e-06	0	0	0	0.0282789	-0.203011	0	0.23129		300	0.0275054	-0.000505717	0.000252858	0.000252858	0	0	0	0.0275054	0	-0.469668	-153.69	0	26.9754	26.9754	0	7.04502	0	0	0	0	0	0	0	0	0	0	0	0	0	0	0	0	0	0	0	0	0	0	0	0	0	0	0	0	0	0	0	0	0	
1	1	1	49	1.47		300	0	0	-0.00245	0.000934027	0.000934027	0	0	0	-22.9956	2.33045e-06	2.33045e-06	0	0	0	0.0294189	-0.204908	0	0.234327		300	0.0279365	-0.000523028	0.000261514	0.000261514	0	0	0	0.0279365	0	-0.469668	-153.69	0	26.9754	26.9754	0	7.04502	0	0	0	0	0	0	0	0	0	0	0	0	0	0	0	0	0	0	0	0	0	0	0	0	0	0	0	0	0	0	0	0	0	
1	1	1	50	1.5		300	0	0	-0.0025	0.000954135	0.000954135	0	0	0	-23.3823	2.32895e-06	2.32895e-06	0	0	0	0.0305784	-0.206816	0	0.237394		300	0.0283719	-0.000540626	0.000270313	0.000270313	0	0	0	0.0283719	0	-0.469668	-153.69	0	26.9754	26.9754	0	7.04502	0	0	0	0	0	0	0	0	0	0	0	0	0	0	0	0	0	0	0	0	0	0	0	0	0	0	0	0	0	0	0	0	0	
1	1	1	51	1.53		300	0	0	-0.00255	0.000974285	0.000974285	0	0	0	-23.7656	2.32668e-06	2.32668e-06	0	0	0	0.0317571	-0.208734	0	0.240491		300	0.0288115	-0.00055851	0.000279255	0.000279255	0	0	0	0.0288115	0	-0.469668	-153.69	0	26.9754	26.9754	0	7.04502	0	0	0	0	0	0	0	0	0	0	0	0	0	0	0	0	0	0	0	0	0	0	0	0	0	0	0	0	0	0	0	0	0	
1	1	1	52	1.56		300	0	0	-0.0026	0.000994478	0.000994478	0	0	0	-24.1455	2.32367e-06	2.32367e-06	0	0	0	0.0329549	-0.210663	0	0.243618		300	0.0292553	-0.000576676	0.000288338	0.000288338	0	0	0	0.0292553	0	-0.469668	-153.69	0	26.9754	26.9754	0	7.04502	0	0	0	0	0	0	0	0	0	0	0	0	0	0	0	0	0	0	0	0	0	0	0	0	0	0	0	0	0	0	0	0	0	
1	1	1	53	1.59		300	0	0	-0.00265	0.00101471	0.00101471	0	0	0	-24.522	2.31996e-06	2.31996e-06	0	0	0	0.0341716	-0.212602	0	0.246773		300	0.0297032	-0.00059512	0.00029756	0.00029756	0	0	0	0.0297032	0	-0.469668	-153.69	0	26.9754	26.9754	0	7.04502	0	0	0	0	0	0	0	0	0	0	0	0	0	0	0	0	0	0	0	0	0	0	0	0	0	0	0	0	0	0	0	0	0	
1	1	1	54	1.62		300	0	0	-0.0027	0.00103499	0.00103499	0	0	0	-24.8953	2.31558e-06	2.31558e-06	0	0	0	0.035407	-0.21455	0	0.249957		300	0.0301551	-0.000613841	0.000306921	0.000306921	0	0	0	0.0301551	0	-0.469668	-153.69	0	26.9754	26.9754	0	7.04502	0	0	0	0	0	0	0	0	0	0	0	0	0	0	0	0	0	0	0	0	0	0	0	0	0	0	0	0	0	0	0	0	0	
1	1	1	55	1.65		300	0	0	-0.00275	0.00105531	0.00105531	0	0	0	-25.2653	2.31057e-06	2.31057e-06	0	0	0	0.036661	-0.216508	0	0.253169		300	0.030611	-0.000632835	0.000316418	0.000316418	0	0	0	0.030611	0	-0.469668	-153.69	0	26.9754	26.9754	0	7.04502	0	0	0	0	0	0	0	0	0	0	0	0	0	0	0	0	0	0	0	0	0	0	0	0	0	0	0	0	0	0	0	0	0	
1	1	1	56	1.68		300	0	0	-0.0028	0.00107567	0.00107567	0	0	0	-25.6321	2.30495e-06	2.30495e-06	0	0	0	0.0379334	-0.218474	0	0.256408		300	0.0310707	-0.0006521	0.00032605	0.00032605	0	0	0	0.0310707	0	-0.469668	-153.69	0	26.9754	26.9754	0	7.04502	0	0	0	0	0	0	0	0	0	0	0	0	0	0	0	0	0	0	0	0	0	0	0	0	0	0	0	0	0	0	0	0	0	
1	1	1	57	1.71		300	0	0	-0.00285	0.00109607	0.00109607	0	0	0	-25.9957	2.29876e-06	2.29876e-06	0	0	0	0.0392241	-0.220449	0	0.259673		300	0.0315342	-0.000671631	0.000335816	0.000335816	0	0	0	0.0315342	0	-0.469668	-153.69	0	26.9754	26.9754	0	7.04502	0	0	0	0	0	0	0	0	0	0	0	0	0	0	0	0	0	0	0	0	0	0	0	0	0	0	0	0	0	0	0	0	0	
1	1	1	58	1.74		300	0	0	-0.0029	0.00111651	0.00111651	0	0	0	-26.3561	2.29203e-06	2.29203e-06	0	0	0	0.0405329	-0.222432	0	0.262965		300	0.0320015	-0.000691428	0.000345714	0.000345714	0	0	0	0.0320015	0	-0.469668	-153.69	0	26.9754	26.9754	0	7.04502	0	0	0	0	0	0	0	0	0	0	0	0	0	0	0	0	0	0	0	0	0	0	0	0	0	0	0	0	0	0	0	0	0	
1	1	1	59	1.77		300	0	0	-0.00295	0.00113698	0.00113698	0	0	0	-26.7135	2.2848e-06	2.2848e-06	0	0	0	0.0418597	-0.224424	0	0.266283		300	0.0324724	-0.000711485	0.000355743	0.000355743	0	0	0	0.0324724	0	-0.469668	-153.69	0	26.9754	26.9754	0	7.04502	0	0	0	0	0	0	0	0	0	0	0	0	0	0	0	0	0	0	0	0	0	0	0	0	0	0	0	0	0	0	0	0	0	
1	1	1	60	1.8		300	0	0	-0.003	0.0011575	0.0011575	0	0	0	-27.0677	2.2771e-06	2.2771e-06	0	0	0	0.0432042	-0.226422	0	0.269626		300	0.0329469	-0.000731801	0.0003659	0.0003659	0	0	0	0.0329469	0	-0.469668	-153.69	0	26.9754	26.9754	0	7.04502	0	0	0	0	0	0	0	0	0	0	0	0	0	0	0	0	0	0	0	0	0	0	0	0	0	0	0	0	0	0	0	0	0	
1	1	1	61	1.83		300	0	0	-0.00305	0.00117806	0.00117806	0	0	0	-27.4189	2.26894e-06	2.26894e-06	0	0	0	0.0445664	-0.228428	0	0.272994		300	0.033425	-0.000752372	0.000376186	0.000376186	0	0	0	0.033425	0	-0.469668	-153.69	0	26.9754	26.9754	0	7.04502	0	0	0	0	0	0	0	0	0	0	0	0	0	0	0	0	0	0	0	0	0	0	0	0	0	0	0	0	0	0	0	0	0	
1	1	1	62	1.86		300	0	0	-0.0031	0.00119865	0.00119865	0	0	0	-27.7671	2.26037e-06	2.26037e-06	0	0	0	0.045946	-0.230441	0	0.276387		300	0.0339065	-0.000773196	0.000386598	0.000386598	0	0	0	0.0339065	0	-0.469668	-153.69	0	26.9754	26.9754	0	7.04502	0	0	0	0	0	0	0	0	0	0	0	0	0	0	0	0	0	0	0	0	0	0	0	0	0	0	0	0	0	0	0	0	0	
1	1	1	63	1.89		300	0	0	-0.00315	0.00121928	0.00121928	0	0	0	-28.1123	2.25142e-06	2.25142e-06	0	0	0	0.047343	-0.23246	0	0.279803		300	0.0343914	-0.000794269	0.000397134	0.000397134	0	0	0	0.0343914	0	-0.469668	-153.69	0	26.9754	26.9754	0	7.04502	0	0	0	0	0	0	0	0	0	0	0	0	0	0	0	0	0	0	0	0	0	0	0	0	0	0	0	0	0	0	0	0	0	
1	1	1	64	1.92		300	0	0	-0.0032	0.00123995	0.00123995	0	0	0	-28.4545	2.2421e-06	2.2421e-06	0	0	0	0.0487572	-0.234486	0	0.283243		300	0.0348796	-0.000815588	0.000407794	0.000407794	0	0	0	0.0348796	0	-0.469668	-153.69	0	26.9754	26.9754	0	7.04502	0	0	0	0	0	0	0	0	0	0	0	0	0	0	0	0	0	0	0	0	0	0	0	0	0	0	0	0	0	0	0	0	0	
1	1	1	65	1.95		300	0	0	-0.00325	0.00126066	0.00126066	0	0	0	-28.7939	2.23245e-06	2.23245e-06	0	0	0	0.0501884	-0.236517	0	0.286706		300	0.0353711	-0.00083715	0.000418575	0.000418575	0	0	0	0.0353711	0	-0.469668	-153.69	0	26.9754	26.9754	0	7.04502	0	0	0	0	0	0	0	0	0	0	0	0	0	0	0	0	0	0	0	0	0	0	0	0	0	0	0	0	0	0	0	0	0	
1	1	1	66	1.98		300	0	0	-0.0033	0.0012814	0.0012814	0	0	0	-29.1304	2.22249e-06	2.22249e-06	0	0	0	0.0516365	-0.238554	0	0.290191		300	0.0358658	-0.000858953	0.000429476	0.000429476	0	0	0	0.0358658	0	-0.469668	-153.69	0	26.9754	26.9754	0	7.04502	0	0	0	0	0	0	0	0	0	0	0	0	0	0	0	0	0	0	0	0	0	0	0	0	0	0	0	0	0	0	0	0	0	
1	1	1	67	2.01		300	0	0	-0.00335	0.00130218	0.00130218	0	0	0	-29.4641	2.21225e-06	2.21225e-06	0	0	0	0.0531013	-0.240597	0	0.293698		300	0.0363636	-0.000880993	0.000440496	0.000440496	0	0	0	0.0363636	0	-0.469668	-153.69	0	26.9754	26.9754	0	7.04502	0	0	0	0	0	0	0	0	0	0	0	0	0	0	0	0	0	0	0	0	0	0	0	0	0	0	0	0	0	0	0	0	0	
1	1	1	68	2.04		300	0	0	-0.0034	0.00132299	0.00132299	0	0	0	-29.7949	2.20175e-06	2.20175e-06	0	0	0	0.0545828	-0.242645	0	0.297227		300	0.0368645	-0.000903267	0.000451634	0.000451634	0	0	0	0.0368645	0	-0.469668	-153.69	0	26.9754	26.9754	0	7.04502	0	0	0	0	0	0	0	0	0	0	0	0	0	0	0	0	0	0	0	0	0	0	0	0	0	0	0	0	0	0	0	0	0	
1	1	1	69	2.07		300	0	0	-0.00345	0.00134384	0.00134384	0	0	0	-30.123	2.19101e-06	2.19101e-06	0	0	0	0.0560808	-0.244697	0	0.300778		300	0.0373684	-0.000925773	0.000462886	0.000462886	0	0	0	0.0373684	0	-0.469668	-153.69	0	26.9754	26.9754	0	7.04502	0	0	0	0	0	0	0	0	0	0	0	0	0	0	0	0	0	0	0	0	0	0	0	0	0	0	0	0	0	0	0	0	0	
1	1	1	70	2.1		300	0	0	-0.0035	0.00136472	0.00136472	0	0	0	-30.4484	2.18006e-06	2.18006e-06	0	0	0	0.0575951	-0.246754	0	0.304349		300	0.0378753	-0.000948507	0.000474253	0.000474253	0	0	0	0.0378753	0	-0.469668	-153.69	0	26.9754	26.9754	0	7.04502	0	0	0	0	0	0	0	0	0	0	0	0	0	0	0	0	0	0	0	0	0	0	0	0	0	0	0	0	0	0	0	0	0	
1	1	1	71	2.13		300	0	0	-0.00355	0.00138564	0.00138564	0	0	0	-30.7711	2.16891e-06	2.16891e-06	0	0	0	0.0591255	-0.248816	0	0.307941		300	0.0383851	-0.000971467	0.000485733	0.000485733	0	0	0	0.0383851	0	-0.469668	-153.69	0	26.9754	26.9754	0	7.04502	0	0	0	0	0	0	0	0	0	0	0	0	0	0	0	0	0	0	0	0	0	0	0	0	0	0	0	0	0	0	0	0	0	
1	1	1	72	2.16		300	0	0	-0.0036	0.00140659	0.00140659	0	0	0	-31.0911	2.15759e-06	2.15759e-06	0	0	0	0.0606721	-0.250881	0	0.311553		300	0.0388978	-0.000994649	0.000497324	0.000497324	0	0	0	0.0388978	0	-0.469668	-153.69	0	26.9754	26.9754	0	7.04502	0	0	0	0	0	0	0	0	0	0	0	0	0	0	0	0	0	0	0	0	0	0	0	0	0	0	0	0	0	0	0	0	0	
1	1	1	73	2.19		300	0	0	-0.00365	0.00142758	0.00142758	0	0	0	-31.4085	2.14611e-06	2.14611e-06	0	0	0	0.0622346	-0.25295	0	0.315185		300	0.0394132	-0.00101805	0.000509025	0.000509025	0	0	0	0.0394132	0	-0.469668	-153.69	0	26.9754	26.9754	0	7.04502	0	0	0	0	0	0	0	0	0	0	0	0	0	0	0	0	0	0	0	0	0	0	0	0	0	0	0	0	0	0	0	0	0	
1	1	1	74	2.22		300	0	0	-0.0037	0.00144859	0.00144859	0	0	0	-31.7234	2.13449e-06	2.13449e-06	0	0	0	0.0638129	-0.255022	0	0.318835		300	0.0399313	-0.00104167	0.000520835	0.000520835	0	0	0	0.0399313	0	-0.469668	-153.69	0	26.9754	26.9754	0	7.04502	0	0	0	0	0	0	0	0	0	0	0	0	0	0	0	0	0	0	0	0	0	0	0	0	0	0	0	0	0	0	0	0	0	
1	1	1	75	2.25		300	0	0	-0.00375	0.00146964	0.00146964	0	0	0	-32.0356	2.12276e-06	2.12276e-06	0	0	0	0.0654069	-0.257098	0	0.322505		300	0.0404522	-0.0010655	0.000532751	0.000532751	0	0	0	0.0404522	0	-0.469668	-153.69	0	26.9754	26.9754	0	7.04502	0	0	0	0	0	0	0	0	0	0	0	0	0	0	0	0	0	0	0	0	0	0	0	0	0	0	0	0	0	0	0	0	0	
1	1	1	76	2.28		300	0	0	-0.0038	0.00149072	0.00149072	0	0	0	-32.3454	2.11092e-06	2.11092e-06	0	0	0	0.0670164	-0.259177	0	0.326193		300	0.0409757	-0.00108955	0.000544773	0.000544773	0	0	0	0.0409757	0	-0.469668	-153.69	0	26.9754	26.9754	0	7.04502	0	0	0	0	0	0	0	0	0	0	0	0	0	0	0	0	0	0	0	0	0	0	0	0	0	0	0	0	0	0	0	0	0	
1	1	1	77	2.31		300	0	0	-0.00385	0.00151183	0.00151183	0	0	0	-32.6526	2.09899e-06	2.09899e-06	0	0	0	0.0686413	-0.261259	0	0.3299		300	0.0415017	-0.0011138	0.000556899	0.000556899	0	0	0	0.0415017	0	-0.469668	-153.69	0	26.9754	26.9754	0	7.04502	0	0	0	0	0	0	0	0	0	0	0	0	0	0	0	0	0	0	0	0	0	0	0	0	0	0	0	0	0	0	0	0	0	
1	1	1	78	2.34		300	0	0	-0.0039	0.00153298	0.00153298	0	0	0	-32.9575	2.08699e-06	2.08699e-06	0	0	0	0.0702816	-0.263343	0	0.333624		300	0.0420303	-0.00113826	0.000569128	0.000569128	0	0	0	0.0420303	0	-0.469668	-153.69	0	26.9754	26.9754	0	7.04502	0	0	0	0	0	0	0	0	0	0	0	0	0	0	0	0	0	0	0	0	0	0	0	0	0	0	0	0	0	0	0	0	0	
1	1	1	79	2.37		300	0	0	-0.00395	0.00155415	0.00155415	0	0	0	-33.2598	2.07493e-06	2.07493e-06	0	0	0	0.071937	-0.265429	0	0.337366		300	0.0425614	-0.00116292	0.000581458	0.000581458	0	0	0	0.0425614	0	-0.469668	-153.69	0	26.9754	26.9754	0	7.04502	0	0	0	0	0	0	0	0	0	0	0	0	0	0	0	0	0	0	0	0	0	0	0	0	0	0	0	0	0	0	0	0	0	
1	1	1	80	2.4		300	0	0	-0.004	0.00157535	0.00157535	0	0	0	-33.5598	2.06282e-06	2.06282e-06	0	0	0	0.0736075	-0.267518	0	0.341125		300	0.0430949	-0.00118778	0.000593888	0.000593888	0	0	0	0.0430949	0	-0.469668	-153.69	0	26.9754	26.9754	0	7.04502	0	0	0	0	0	0	0	0	0	0	0	0	0	0	0	0	0	0	0	0	0	0	0	0	0	0	0	0	0	0	0	0	0	
1	1	1	81	2.43		300	0	0	-0.00405	0.00159659	0.00159659	0	0	0	-33.8575	2.05068e-06	2.05068e-06	0	0	0	0.075293	-0.269608	0	0.344901		300	0.0436308	-0.00121284	0.000606418	0.000606418	0	0	0	0.0436308	0	-0.469668	-153.69	0	26.9754	26.9754	0	7.04502	0	0	0	0	0	0	0	0	0	0	0	0	0	0	0	0	0	0	0	0	0	0	0	0	0	0	0	0	0	0	0	0	0	
1	1	1	82	2.46		300	0	0	-0.0041	0.00161785	0.00161785	0	0	0	-34.1528	2.03851e-06	2.03851e-06	0	0	0	0.0769932	-0.2717	0	0.348693		300	0.044169	-0.00123809	0.000619044	0.000619044	0	0	0	0.044169	0	-0.469668	-153.69	0	26.9754	26.9754	0	7.04502	0	0	0	0	0	0	0	0	0	0	0	0	0	0	0	0	0	0	0	0	0	0	0	0	0	0	0	0	0	0	0	0	0	
1	1	1	83	2.49		300	0	0	-0.00415	0.00163914	0.00163914	0	0	0	-34.4458	2.02634e-06	2.02634e-06	0	0	0	0.0787082	-0.273793	0	0.352501		300	0.0447095	-0.00126353	0.000631767	0.000631767	0	0	0	0.0447095	0	-0.469668	-153.69	0	26.9754	26.9754	0	7.04502	0	0	0	0	0	0	0	0	0	0	0	0	0	0	0	0	0	0	0	0	0	0	0	0	0	0	0	0	0	0	0	0	0	
1	1	1	84	2.52		300	0	0	-0.0042	0.00166046	0.00166046	0	0	0	-34.7366	2.01416e-06	2.01416e-06	0	0	0	0.0804377	-0.275888	0	0.356326		300	0.0452523	-0.00128917	0.000644584	0.000644584	0	0	0	0.0452523	0	-0.469668	-153.69	0	26.9754	26.9754	0	7.04502	0	0	0	0	0	0	0	0	0	0	0	0	0	0	0	0	0	0	0	0	0	0	0	0	0	0	0	0	0	0	0	0	0	
1	1	1	85	2.55		300	0	0	-0.00425	0.00168181	0.00168181	0	0	0	-35.0251	2.002e-06	2.002e-06	0	0	0	0.0821818	-0.277984	0	0.360165		300	0.0457972	-0.00131499	0.000657495	0.000657495	0	0	0	0.0457972	0	-0.469668	-153.69	0	26.9754	26.9754	0	7.04502	0	0	0	0	0	0	0	0	0	0	0	0	0	0	0	0	0	0	0	0	0	0	0	0	0	0	0	0	0	0	0	0	0	
1	1	1	86	2.58		300	0	0	-0.0043	0.00170319	0.00170319	0	0	0	-35.3115	1.98985e-06	1.98985e-06	0	0	0	0.0839402	-0.28008	0	0.36402		300	0.0463443	-0.001341	0.000670499	0.000670499	0	0	0	0.0463443	0	-0.469668	-153.69	0	26.9754	26.9754	0	7.04502	0	0	0	0	0	0	0	0	0	0	0	0	0	0	0	0	0	0	0	0	0	0	0	0	0	0	0	0	0	0	0	0	0	
1	1	1	87	2.61		300	0	0	-0.00435	0.0017246	0.0017246	0	0	0	-35.5956	1.97773e-06	1.97773e-06	0	0	0	0.0857129	-0.282177	0	0.36789		300	0.0468936	-0.00136719	0.000683593	0.000683593	0	0	0	0.0468936	0	-0.469668	-153.69	0	26.9754	26.9754	0	7.04502	0	0	0	0	0	0	0	0	0	0	0	0	0	0	0	0	0	0	0	0	0	0	0	0	0	0	0	0	0	0	0	0	0	
1	1	1	88	2.64		300	0	0	-0.0044	0.00174603	0.00174603	0	0	0	-35.8776	1.96564e-06	1.96564e-06	0	0	0	0.0874997	-0.284275	0	0.371775		300	0.0474449	-0.00139355	0.000696777	0.000696777	0	0	0	0.0474449	0	-0.469668	-153.69	0	26.9754	26.9754	0	7.04502	0	0	0	0	0	0	0	0	0	0	0	0	0	0	0	0	0	0	0	0	0	0	0	0	0	0	0	0	0	0	0	0	0	
1	1	1	89	2.67		300	0	0	-0.00445	0.00176749	0.00176749	0	0	0	-36.1575	1.9536e-06	1.9536e-06	0	0	0	0.0893006	-0.286373	0	0.375674		300	0.0479982	-0.0014201	0.00071005	0.00071005	0	0	0	0.0479982	0	-0.469668	-153.69	0	26.9754	26.9754	0	7.04502	0	0	0	0	0	0	0	0	0	0	0	0	0	0	0	0	0	0	0	0	0	0	0	0	0	0	0	0	0	0	0	0	0	
1	1	1	90	2.7		300	0	0	-0.0045	0.00178897	0.00178897	0	0	0	-36.4353	1.94161e-06	1.94161e-06	0	0	0	0.0911154	-0.288471	0	0.379587		300	0.0485535	-0.00144682	0.00072341	0.00072341	0	0	0	0.0485535	0	-0.469668	-153.69	0	26.9754	26.9754	0	7.04502	0	0	0	0	0	0	0	0	0	0	0	0	0	0	0	0	0	0	0	0	0	0	0	0	0	0	0	0	0	0	0	0	0	
1	1	1	91	2.73		300	0	0	-0.00455	0.00181048	0.00181048	0	0	0	-36.7111	1.92967e-06	1.92967e-06	0	0	0	0.0929441	-0.290569	0	0.383513		300	0.0491108	-0.00147371	0.000736857	0.000736857	0	0	0	0.0491108	0	-0.469668	-153.69	0	26.9754	26.9754	0	7.04502	0	0	0	0	0	0	0	0	0	0	0	0	0	0	0	0	0	0	0	0	0	0	0	0	0	0	0	0	0	0	0	0	0	
1	1	1	92	2.76		300	0	0	-0.0046	0.00183202	0.00183202	0	0	0	-36.9848	1.91779e-06	1.91779e-06	0	0	0	0.0947865	-0.292667	0	0.387454		300	0.04967	-0.00150078	0.000750388	0.000750388	0	0	0	0.04967	0	-0.469668	-153.69	0	26.9754	26.9754	0	7.04502	0	0	0	0	0	0	0	0	0	0	0	0	0	0	0	0	0	0	0	0	0	0	0	0	0	0	0	0	0	0	0	0	0	
1	1	1	93	2.79		300	0	0	-0.00465	0.00185358	0.00185358	0	0	0	-37.2565	1.90598e-06	1.90598e-06	0	0	0	0.0966425	-0.294765	0	0.391407		300	0.0502311	-0.00152801	0.000764004	0.000764004	0	0	0	0.0502311	0	-0.469668	-153.69	0	26.9754	26.9754	0	7.04502	0	0	0	0	0	0	0	0	0	0	0	0	0	0	0	0	0	0	0	0	0	0	0	0	0	0	0	0	0	0	0	0	0	
1	1	1	94	2.82		300	0	0	-0.0047	0.00187517	0.00187517	0	0	0	-37.5262	1.89424e-06	1.89424e-06	0	0	0	0.0985121	-0.296861	0	0.395373		300	0.050794	-0.0015554	0.000777702	0.000777702	0	0	0	0.050794	0	-0.469668	-153.69	0	26.9754	26.9754	0	7.04502	0	0	0	0	0	0	0	0	0	0	0	0	0	0	0	0	0	0	0	0	0	0	0	0	0	0	0	0	0	0	0	0	0	
1	1	1	95	2.85		300	0	0	-0.00475	0.00189678	0.00189678	0	0	0	-37.794	1.88258e-06	1.88258e-06	0	0	0	0.100395	-0.298958	0	0.399353		300	0.0513588	-0.00158296	0.000791482	0.000791482	0	0	0	0.0513588	0	-0.469668	-153.69	0	26.9754	26.9754	0	7.04502	0	0	0	0	0	0	0	0	0	0	0	0	0	0	0	0	0	0	0	0	0	0	0	0	0	0	0	0	0	0	0	0	0	
1	1	1	96	2.88		300	0	0	-0.0048	0.00191841	0.00191841	0	0	0	-38.0599	1.87101e-06	1.87101e-06	0	0	0	0.102291	-0.301053	0	0.403344		300	0.0519253	-0.00161068	0.000805342	0.000805342	0	0	0	0.0519253	0	-0.469668	-153.69	0	26.9754	26.9754	0	7.04502	0	0	0	0	0	0	0	0	0	0	0	0	0	0	0	0	0	0	0	0	0	0	0	0	0	0	0	0	0	0	0	0	0	
1	1	1	97	2.91		300	0	0	-0.00485	0.00194007	0.00194007	0	0	0	-38.3239	1.85952e-06	1.85952e-06	0	0	0	0.104201	-0.303147	0	0.407348		300	0.0524935	-0.00163856	0.000819282	0.000819282	0	0	0	0.0524935	0	-0.469668	-153.69	0	26.9754	26.9754	0	7.04502	0	0	0	0	0	0	0	0	0	0	0	0	0	0	0	0	0	0	0	0	0	0	0	0	0	0	0	0	0	0	0	0	0	
1	1	1	98	2.94		300	0	0	-0.0049	0.00196176	0.00196176	0	0	0	-38.586	1.84811e-06	1.84811e-06	0	0	0	0.106124	-0.305241	0	0.411364		300	0.0530635	-0.0016666	0.0008333	0.0008333	0	0	0	0.0530635	0	-0.469668	-153.69	0	26.9754	26.9754	0	7.04502	0	0	0	0	0	0	0	0	0	0	0	0	0	0	0	0	0	0	0	0	0	0	0	0	0	0	0	0	0	0	0	0	0	
1	1	1	99	2.97		300	0	0	-0.00495	0.00198346	0.00198346	0	0	0	-38.8462	1.8368e-06	1.8368e-06	0	0	0	0.10806	-0.307333	0	0.415392		300	0.0536351	-0.00169479	0.000847396	0.000847396	0	0	0	0.0536351	0	-0.469668	-153.69	0	26.9754	26.9754	0	7.04502	0	0	0	0	0	0	0	0	0	0	0	0	0	0	0	0	0	0	0	0	0	0	0	0	0	0	0	0	0	0	0	0	0	
1	1	1	100	3		300	0	0	-0.005	0.00200519	0.00200519	0	0	0	-39.1047	1.82559e-06	1.82559e-06	0	0	0	0.110008	-0.309423	0	0.419432		300	0.0542084	-0.00172314	0.000861568	0.000861568	0	0	0	0.0542084	0	-0.469668	-153.69	0	26.9754	26.9754	0	7.04502	0	0	0	0	0	0	0	0	0	0	0	0	0	0	0	0	0	0	0	0	0	0	0	0	0	0	0	0	0	0	0	0	0	
1	1	1	101	3.03		300	0	0	-0.00505	0.00202695	0.00202695	0	0	0	-39.3613	1.81447e-06	1.81447e-06	0	0	0	0.11197	-0.311512	0	0.423482		300	0.0547832	-0.00175163	0.000875815	0.000875815	0	0	0	0.0547832	0	-0.469668	-153.69	0	26.9754	26.9754	0	7.04502	0	0	0	0	0	0	0	0	0	0	0	0	0	0	0	0	0	0	0	0	0	0	0	0	0	0	0	0	0	0	0	0	0	
1	1	1	102	3.06		300	0	0	-0.0051	0.00204872	0.00204872	0	0	0	-39.6162	1.80346e-06	1.80346e-06	0	0	0	0.113944	-0.3136	0	0.427544		300	0.0553597	-0.00178027	0.000890137	0.000890137	0	0	0	0.0553597	0	-0.469668	-153.69	0	26.9754	26.9754	0	7.04502	0	0	0	0	0	0	0	0	0	0	0	0	0	0	0	0	0	0	0	0	0	0	0	0	0	0	0	0	0	0	0	0	0	
1	1	1	103	3.09		300	0	0	-0.00515	0.00207052	0.00207052	0	0	0	-39.8693	1.79254e-06	1.79254e-06	0	0	0	0.115932	-0.315685	0	0.431617		300	0.0559377	-0.00180906	0.000904531	0.000904531	0	0	0	0.0559377	0	-0.469668	-153.69	0	26.9754	26.9754	0	7.04502	0	0	0	0	0	0	0	0	0	0	0	0	0	0	0	0	0	0	0	0	0	0	0	0	0	0	0	0	0	0	0	0	0	
1	1	1	104	3.12		300	0	0	-0.0052	0.00209234	0.00209234	0	0	0	-40.1207	1.78174e-06	1.78174e-06	0	0	0	0.117931	-0.317769	0	0.4357		300	0.0565172	-0.001838	0.000918999	0.000918999	0	0	0	0.0565172	0	-0.469668	-153.69	0	26.9754	26.9754	0	7.04502	0	0	0	0	0	0	0	0	0	0	0	0	0	0	0	0	0	0	0	0	0	0	0	0	0	0	0	0	0	0	0	0	0	
1	1	1	105	3.15		300	0	0	-0.00525	0.00211418	0.00211418	0	0	0	-40.3704	1.77104e-06	1.77104e-06	0	0	0	0.119944	-0.319851	0	0.439794		300	0.0570982	-0.00186707	0.000933537	0.000933537	0	0	0	0.0570982	0	-0.469668	-153.69	0	26.9754	26.9754	0	7.04502	0	0	0	0	0	0	0	0	0	0	0	0	0	0	0	0	0	0	0	0	0	0	0	0	0	0	0	0	0	0	0	0	0	
1	1	1	106	3.18		300	0	0	-0.0053	0.00213604	0.00213604	0	0	0	-40.6184	1.76045e-06	1.76045e-06	0	0	0	0.121968	-0.32193	0	0.443899		300	0.0576806	-0.00189629	0.000948146	0.000948146	0	0	0	0.0576806	0	-0.469668	-153.69	0	26.9754	26.9754	0	7.04502	0	0	0	0	0	0	0	0	0	0	0	0	0	0	0	0	0	0	0	0	0	0	0	0	0	0	0	0	0	0	0	0	0	
1	1	1	107	3.21		300	0	0	-0.00535	0.00215792	0.00215792	0	0	0	-40.8647	1.74996e-06	1.74996e-06	0	0	0	0.124005	-0.324008	0	0.448013		300	0.0582645	-0.00192565	0.000962824	0.000962824	0	0	0	0.0582645	0	-0.469668	-153.69	0	26.9754	26.9754	0	7.04502	0	0	0	0	0	0	0	0	0	0	0	0	0	0	0	0	0	0	0	0	0	0	0	0	0	0	0	0	0	0	0	0	0	
1	1	1	108	3.24		300	0	0	-0.0054	0.00217983	0.00217983	0	0	0	-41.1094	1.73959e-06	1.73959e-06	0	0	0	0.126055	-0.326082	0	0.452137		300	0.0588498	-0.00195514	0.000977571	0.000977571	0	0	0	0.0588498	0	-0.469668	-153.69	0	26.9754	26.9754	0	7.04502	0	0	0	0	0	0	0	0	0	0	0	0	0	0	0	0	0	0	0	0	0	0	0	0	0	0	0	0	0	0	0	0	0	
1	1	1	109	3.27		300	0	0	-0.00545	0.00220175	0.00220175	0	0	0	-41.3525	1.72933e-06	1.72933e-06	0	0	0	0.128116	-0.328155	0	0.456271		300	0.0594365	-0.00198477	0.000992386	0.000992386	0	0	0	0.0594365	0	-0.469668	-153.69	0	26.9754	26.9754	0	7.04502	0	0	0	0	0	0	0	0	0	0	0	0	0	0	0	0	0	0	0	0	0	0	0	0	0	0	0	0	0	0	0	0	0	
1	1	1	110	3.3		300	0	0	-0.0055	0.00222369	0.00222369	0	0	0	-41.594	1.71919e-06	1.71919e-06	0	0	0	0.13019	-0.330225	0	0.460415		300	0.0600245	-0.00201453	0.00100727	0.00100727	0	0	0	0.0600245	0	-0.469668	-153.69	0	26.9754	26.9754	0	7.04502	0	0	0	0	0	0	0	0	0	0	0	0	0	0	0	0	0	0	0	0	0	0	0	0	0	0	0	0	0	0	0	0	0	
1	1	1	111	3.33		300	0	0	-0.00555	0.00224566	0.00224566	0	0	0	-41.834	1.70915e-06	1.70915e-06	0	0	0	0.132276	-0.332292	0	0.464567		300	0.0606139	-0.00204443	0.00102221	0.00102221	0	0	0	0.0606139	0	-0.469668	-153.69	0	26.9754	26.9754	0	7.04502	0	0	0	0	0	0	0	0	0	0	0	0	0	0	0	0	0	0	0	0	0	0	0	0	0	0	0	0	0	0	0	0	0	
1	1	1	112	3.36		300	0	0	-0.0056	0.00226764	0.00226764	0	0	0	-42.0723	1.69923e-06	1.69923e-06	0	0	0	0.134373	-0.334356	0	0.46873		300	0.0612045	-0.00207445	0.00103723	0.00103723	0	0	0	0.0612045	0	-0.469668	-153.69	0	26.9754	26.9754	0	7.04502	0	0	0	0	0	0	0	0	0	0	0	0	0	0	0	0	0	0	0	0	0	0	0	0	0	0	0	0	0	0	0	0	0	
1	1	1	113	3.39		300	0	0	-0.00565	0.00228965	0.00228965	0	0	0	-42.3092	1.68943e-06	1.68943e-06	0	0	0	0.136483	-0.336418	0	0.472901		300	0.0617965	-0.00210461	0.0010523	0.0010523	0	0	0	0.0617965	0	-0.469668	-153.69	0	26.9754	26.9754	0	7.04502	0	0	0	0	0	0	0	0	0	0	0	0	0	0	0	0	0	0	0	0	0	0	0	0	0	0	0	0	0	0	0	0	0	
1	1	1	114	3.42		300	0	0	-0.0057	0.00231167	0.00231167	0	0	0	-42.5445	1.67973e-06	1.67973e-06	0	0	0	0.138604	-0.338476	0	0.477081		300	0.0623897	-0.00213489	0.00106744	0.00106744	0	0	0	0.0623897	0	-0.469668	-153.69	0	26.9754	26.9754	0	7.04502	0	0	0	0	0	0	0	0	0	0	0	0	0	0	0	0	0	0	0	0	0	0	0	0	0	0	0	0	0	0	0	0	0	
1	1	1	115	3.45		300	0	0	-0.00575	0.00233371	0.00233371	0	0	0	-42.7784	1.67016e-06	1.67016e-06	0	0	0	0.140737	-0.340532	0	0.481269		300	0.0629841	-0.00216529	0.00108265	0.00108265	0	0	0	0.0629841	0	-0.469668	-153.69	0	26.9754	26.9754	0	7.04502	0	0	0	0	0	0	0	0	0	0	0	0	0	0	0	0	0	0	0	0	0	0	0	0	0	0	0	0	0	0	0	0	0	
1	1	1	116	3.48		300	0	0	-0.0058	0.00235577	0.00235577	0	0	0	-43.0107	1.66069e-06	1.66069e-06	0	0	0	0.142882	-0.342584	0	0.485466		300	0.0635797	-0.00219582	0.00109791	0.00109791	0	0	0	0.0635797	0	-0.469668	-153.69	0	26.9754	26.9754	0	7.04502	0	0	0	0	0	0	0	0	0	0	0	0	0	0	0	0	0	0	0	0	0	0	0	0	0	0	0	0	0	0	0	0	0	
1	1	1	117	3.51		300	0	0	-0.00585	0.00237785	0.00237785	0	0	0	-43.2416	1.65134e-06	1.65134e-06	0	0	0	0.145038	-0.344633	0	0.489672		300	0.0641765	-0.00222647	0.00111323	0.00111323	0	0	0	0.0641765	0	-0.469668	-153.69	0	26.9754	26.9754	0	7.04502	0	0	0	0	0	0	0	0	0	0	0	0	0	0	0	0	0	0	0	0	0	0	0	0	0	0	0	0	0	0	0	0	0	
1	1	1	118	3.54		300	0	0	-0.0059	0.00239994	0.00239994	0	0	0	-43.4711	1.64211e-06	1.64211e-06	0	0	0	0.147206	-0.346679	0	0.493885		300	0.0647745	-0.00225724	0.00112862	0.00112862	0	0	0	0.0647745	0	-0.469668	-153.69	0	26.9754	26.9754	0	7.04502	0	0	0	0	0	0	0	0	0	0	0	0	0	0	0	0	0	0	0	0	0	0	0	0	0	0	0	0	0	0	0	0	0	
1	1	1	119	3.57		300	0	0	-0.00595	0.00242206	0.00242206	0	0	0	-43.6992	1.63298e-06	1.63298e-06	0	0	0	0.149385	-0.348722	0	0.498107		300	0.0653736	-0.00228813	0.00114406	0.00114406	0	0	0	0.0653736	0	-0.469668	-153.69	0	26.9754	26.9754	0	7.04502	0	0	0	0	0	0	0	0	0	0	0	0	0	0	0	0	0	0	0	0	0	0	0	0	0	0	0	0	0	0	0	0	0	
1	1	1	120	3.6		300	0	0	-0.006	0.00244419	0.00244419	0	0	0	-43.9259	1.62397e-06	1.62397e-06	0	0	0	0.151576	-0.350761	0	0.502337		300	0.0659738	-0.00231913	0.00115957	0.00115957	0	0	0	0.0659738	0	-0.469668	-153.69	0	26.9754	26.9754	0	7.04502	0	0	0	0	0	0	0	0	0	0	0	0	0	0	0	0	0	0	0	0	0	0	0	0	0	0	0	0	0	0	0	0	0	
1	1	1	121	3.63		300	0	0	-0.00605	0.00246634	0.00246634	0	0	0	-44.1511	1.61508e-06	1.61508e-06	0	0	0	0.153778	-0.352796	0	0.506574		300	0.0665752	-0.00235026	0.00117513	0.00117513	0	0	0	0.0665752	0	-0.469668	-153.69	0	26.9754	26.9754	0	7.04502	0	0	0	0	0	0	0	0	0	0	0	0	0	0	0	0	0	0	0	0	0	0	0	0	0	0	0	0	0	0	0	0	0	
1	1	1	122	3.66		300	0	0	-0.0061	0.00248851	0.00248851	0	0	0	-44.3751	1.60629e-06	1.60629e-06	0	0	0	0.155991	-0.354828	0	0.510819		300	0.0671776	-0.00238149	0.00119075	0.00119075	0	0	0	0.0671776	0	-0.469668	-153.69	0	26.9754	26.9754	0	7.04502	0	0	0	0	0	0	0	0	0	0	0	0	0	0	0	0	0	0	0	0	0	0	0	0	0	0	0	0	0	0	0	0	0	
1	1	1	123	3.69		300	0	0	-0.00615	0.00251069	0.00251069	0	0	0	-44.5976	1.59762e-06	1.59762e-06	0	0	0	0.158215	-0.356856	0	0.515071		300	0.067781	-0.00241284	0.00120642	0.00120642	0	0	0	0.067781	0	-0.469668	-153.69	0	26.9754	26.9754	0	7.04502	0	0	0	0	0	0	0	0	0	0	0	0	0	0	0	0	0	0	0	0	0	0	0	0	0	0	0	0	0	0	0	0	0	
1	1	1	124	3.72		300	0	0	-0.0062	0.00253289	0.00253289	0	0	0	-44.8189	1.58906e-06	1.58906e-06	0	0	0	0.160451	-0.35888	0	0.519331		300	0.0683856	-0.0024443	0.00122215	0.00122215	0	0	0	0.0683856	0	-0.469668	-153.69	0	26.9754	26.9754	0	7.04502	0	0	0	0	0	0	0	0	0	0	0	0	0	0	0	0	0	0	0	0	0	0	0	0	0	0	0	0	0	0	0	0	0	
1	1	1	125	3.75		300	0	0	-0.00625	0.00255511	0.00255511	0	0	0	-45.0388	1.58061e-06	1.58061e-06	0	0	0	0.162697	-0.360901	0	0.523598		300	0.0689911	-0.00247587	0.00123794	0.00123794	0	0	0	0.0689911	0	-0.469668	-153.69	0	26.9754	26.9754	0	7.04502	0	0	0	0	0	0	0	0	0	0	0	0	0	0	0	0	0	0	0	0	0	0	0	0	0	0	0	0	0	0	0	0	0	
1	1	1	126	3.78		300	0	0	-0.0063	0.00257734	0.00257734	0	0	0	-45.2574	1.57226e-06	1.57226e-06	0	0	0	0.164955	-0.362918	0	0.527872		300	0.0695976	-0.00250755	0.00125378	0.00125378	0	0	0	0.0695976	0	-0.469668	-153.69	0	26.9754	26.9754	0	7.04502	0	0	0	0	0	0	0	0	0	0	0	0	0	0	0	0	0	0	0	0	0	0	0	0	0	0	0	0	0	0	0	0	0	
1	1	1	127	3.81		300	0	0	-0.00635	0.00259959	0.00259959	0	0	0	-45.4748	1.56403e-06	1.56403e-06	0	0	0	0.167223	-0.36493	0	0.532153		300	0.0702051	-0.00253934	0.00126967	0.00126967	0	0	0	0.0702051	0	-0.469668	-153.69	0	26.9754	26.9754	0	7.04502	0	0	0	0	0	0	0	0	0	0	0	0	0	0	0	0	0	0	0	0	0	0	0	0	0	0	0	0	0	0	0	0	0	
1	1	1	128	3.84		300	0	0	-0.0064	0.00262186	0.00262186	0	0	0	-45.6909	1.5559e-06	1.5559e-06	0	0	0	0.169502	-0.366939	0	0.536441		300	0.0708136	-0.00257123	0.00128561	0.00128561	0	0	0	0.0708136	0	-0.469668	-153.69	0	26.9754	26.9754	0	7.04502	0	0	0	0	0	0	0	0	0	0	0	0	0	0	0	0	0	0	0	0	0	0	0	0	0	0	0	0	0	0	0	0	0	
1	1	1	129	3.87		300	0	0	-0.00645	0.00264414	0.00264414	0	0	0	-45.9057	1.54788e-06	1.54788e-06	0	0	0	0.171792	-0.368944	0	0.540736		300	0.0714231	-0.00260323	0.00130161	0.00130161	0	0	0	0.0714231	0	-0.469668	-153.69	0	26.9754	26.9754	0	7.04502	0	0	0	0	0	0	0	0	0	0	0	0	0	0	0	0	0	0	0	0	0	0	0	0	0	0	0	0	0	0	0	0	0	
1	1	1	130	3.9		300	0	0	-0.0065	0.00266643	0.00266643	0	0	0	-46.1194	1.53997e-06	1.53997e-06	0	0	0	0.174093	-0.370944	0	0.545037		300	0.0720334	-0.00263532	0.00131766	0.00131766	0	0	0	0.0720334	0	-0.469668	-153.69	0	26.9754	26.9754	0	7.04502	0	0	0	0	0	0	0	0	0	0	0	0	0	0	0	0	0	0	0	0	0	0	0	0	0	0	0	0	0	0	0	0	0	
1	1	1	131	3.93		300	0	0	-0.00655	0.00268875	0.00268875	0	0	0	-46.3317	1.53216e-06	1.53216e-06	0	0	0	0.176404	-0.37294	0	0.549344		300	0.0726447	-0.00266753	0.00133376	0.00133376	0	0	0	0.0726447	0	-0.469668	-153.69	0	26.9754	26.9754	0	7.04502	0	0	0	0	0	0	0	0	0	0	0	0	0	0	0	0	0	0	0	0	0	0	0	0	0	0	0	0	0	0	0	0	0	
1	1	1	132	3.96		300	0	0	-0.0066	0.00271107	0.00271107	0	0	0	-46.5429	1.52445e-06	1.52445e-06	0	0	0	0.178726	-0.374932	0	0.553658		300	0.0732569	-0.00269983	0.00134991	0.00134991	0	0	0	0.0732569	0	-0.469668	-153.69	0	26.9754	26.9754	0	7.04502	0	0	0	0	0	0	0	0	0	0	0	0	0	0	0	0	0	0	0	0	0	0	0	0	0	0	0	0	0	0	0	0	0	
1	1	1	133	3.99		300	0	0	-0.00665	0.00273342	0.00273342	0	0	0	-46.7529	1.51685e-06	1.51685e-06	0	0	0	0.181058	-0.37692	0	0.557978		300	0.0738699	-0.00273223	0.00136612	0.00136612	0	0	0	0.0738699	0	-0.469668	-153.69	0	26.9754	26.9754	0	7.04502	0	0	0	0	0	0	0	0	0	0	0	0	0	0	0	0	0	0	0	0	0	0	0	0	0	0	0	0	0	0	0	0	0	
1	1	1	134	4.02		300	0	0	-0.0067	0.00275577	0.00275577	0	0	0	-46.9618	1.50935e-06	1.50935e-06	0	0	0	0.183401	-0.378903	0	0.562304		300	0.0744839	-0.00276473	0.00138237	0.00138237	0	0	0	0.0744839	0	-0.469668	-153.69	0	26.9754	26.9754	0	7.04502	0	0	0	0	0	0	0	0	0	0	0	0	0	0	0	0	0	0	0	0	0	0	0	0	0	0	0	0	0	0	0	0	0	
1	1	1	135	4.05		300	0	0	-0.00675	0.00277815	0.00277815	0	0	0	-47.1695	1.50195e-06	1.50195e-06	0	0	0	0.185754	-0.380882	0	0.566637		300	0.0750987	-0.00279733	0.00139866	0.00139866	0	0	0	0.0750987	0	-0.469668	-153.69	0	26.9754	26.9754	0	7.04502	0	0	0	0	0	0	0	0	0	0	0	0	0	0	0	0	0	0	0	0	0	0	0	0	0	0	0	0	0	0	0	0	0	
1	1	1	136	4.08		300	0	0	-0.0068	0.00280053	0.00280053	0	0	0	-47.376	1.49465e-06	1.49465e-06	0	0	0	0.188118	-0.382857	0	0.570975		300	0.0757143	-0.00283002	0.00141501	0.00141501	0	0	0	0.0757143	0	-0.469668	-153.69	0	26.9754	26.9754	0	7.04502	0	0	0	0	0	0	0	0	0	0	0	0	0	0	0	0	0	0	0	0	0	0	0	0	0	0	0	0	0	0	0	0	0	
1	1	1	137	4.11		300	0	0	-0.00685	0.00282293	0.00282293	0	0	0	-47.5814	1.48744e-06	1.48744e-06	0	0	0	0.190492	-0.384827	0	0.575319		300	0.0763307	-0.00286281	0.00143141	0.00143141	0	0	0	0.0763307	0	-0.469668	-153.69	0	26.9754	26.9754	0	7.04502	0	0	0	0	0	0	0	0	0	0	0	0	0	0	0	0	0	0	0	0	0	0	0	0	0	0	0	0	0	0	0	0	0	
1	1	1	138	4.14		300	0	0	-0.0069	0.00284535	0.00284535	0	0	0	-47.7857	1.48034e-06	1.48034e-06	0	0	0	0.192876	-0.386792	0	0.579668		300	0.076948	-0.00289569	0.00144785	0.00144785	0	0	0	0.076948	0	-0.469668	-153.69	0	26.9754	26.9754	0	7.04502	0	0	0	0	0	0	0	0	0	0	0	0	0	0	0	0	0	0	0	0	0	0	0	0	0	0	0	0	0	0	0	0	0	
1	1	1	139	4.17		300	0	0	-0.00695	0.00286778	0.00286778	0	0	0	-47.9888	1.47333e-06	1.47333e-06	0	0	0	0.19527	-0.388753	0	0.584024		300	0.077566	-0.00292867	0.00146433	0.00146433	0	0	0	0.077566	0	-0.469668	-153.69	0	26.9754	26.9754	0	7.04502	0	0	0	0	0	0	0	0	0	0	0	0	0	0	0	0	0	0	0	0	0	0	0	0	0	0	0	0	0	0	0	0	0	
1	1	1	140	4.2		300	0	0	-0.007	0.00289022	0.00289022	0	0	0	-48.1909	1.46642e-06	1.46642e-06	0	0	0	0.197675	-0.390709	0	0.588384		300	0.0781848	-0.00296173	0.00148087	0.00148087	0	0	0	0.0781848	0	-0.469668	-153.69	0	26.9754	26.9754	0	7.04502	0	0	0	0	0	0	0	0	0	0	0	0	0	0	0	0	0	0	0	0	0	0	0	0	0	0	0	0	0	0	0	0	0	
1	1	1	141	4.23		300	0	0	-0.00705	0.00291268	0.00291268	0	0	0	-48.3919	1.4596e-06	1.4596e-06	0	0	0	0.20009	-0.392661	0	0.59275		300	0.0788044	-0.00299489	0.00149745	0.00149745	0	0	0	0.0788044	0	-0.469668	-153.69	0	26.9754	26.9754	0	7.04502	0	0	0	0	0	0	0	0	0	0	0	0	0	0	0	0	0	0	0	0	0	0	0	0	0	0	0	0	0	0	0	0	0	
1	1	1	142	4.26		300	0	0	-0.0071	0.00293515	0.00293515	0	0	0	-48.5919	1.45287e-06	1.45287e-06	0	0	0	0.202514	-0.394608	0	0.597122		300	0.0794247	-0.00302814	0.00151407	0.00151407	0	0	0	0.0794247	0	-0.469668	-153.69	0	26.9754	26.9754	0	7.04502	0	0	0	0	0	0	0	0	0	0	0	0	0	0	0	0	0	0	0	0	0	0	0	0	0	0	0	0	0	0	0	0	0	
1	1	1	143	4.29		300	0	0	-0.00715	0.00295763	0.00295763	0	0	0	-48.7907	1.44623e-06	1.44623e-06	0	0	0	0.204949	-0.39655	0	0.601498		300	0.0800458	-0.00306147	0.00153073	0.00153073	0	0	0	0.0800458	0	-0.469668	-153.69	0	26.9754	26.9754	0	7.04502	0	0	0	0	0	0	0	0	0	0	0	0	0	0	0	0	0	0	0	0	0	0	0	0	0	0	0	0	0	0	0	0	0	
1	1	1	144	4.32		300	0	0	-0.0072	0.00298013	0.00298013	0	0	0	-48.9886	1.43969e-06	1.43969e-06	0	0	0	0.207393	-0.398487	0	0.60588		300	0.0806676	-0.00309489	0.00154745	0.00154745	0	0	0	0.0806676	0	-0.469668	-153.69	0	26.9754	26.9754	0	7.04502	0	0	0	0	0	0	0	0	0	0	0	0	0	0	0	0	0	0	0	0	0	0	0	0	0	0	0	0	0	0	0	0	0	
1	1	1	145	4.35		300	0	0	-0.00725	0.00300264	0.00300264	0	0	0	-49.1854	1.43323e-06	1.43323e-06	0	0	0	0.209848	-0.400419	0	0.610267		300	0.0812901	-0.0031284	0.0015642	0.0015642	0	0	0	0.0812901	0	-0.469668	-153.69	0	26.9754	26.9754	0	7.04502	0	0	0	0	0	0	0	0	0	0	0	0	0	0	0	0	0	0	0	0	0	0	0	0	0	0	0	0	0	0	0	0	0	
1	1	1	146	4.38		300	0	0	-0.0073	0.00302516	0.00302516	0	0	0	-49.3812	1.42686e-06	1.42686e-06	0	0	0	0.212312	-0.402347	0	0.614659		300	0.0819133	-0.00316199	0.00158099	0.00158099	0	0	0	0.0819133	0	-0.469668	-153.69	0	26.9754	26.9754	0	7.04502	0	0	0	0	0	0	0	0	0	0	0	0	0	0	0	0	0	0	0	0	0	0	0	0	0	0	0	0	0	0	0	0	0	
1	1	1	147	4.41		300	0	0	-0.00735	0.0030477	0.0030477	0	0	0	-49.576	1.42058e-06	1.42058e-06	0	0	0	0.214786	-0.40427	0	0.619055		300	0.0825372	-0.00319567	0.00159783	0.00159783	0	0	0	0.0825372	0	-0.469668	-153.69	0	26.9754	26.9754	0	7.04502	0	0	0	0	0	0	0	0	0	0	0	0	0	0	0	0	0	0	0	0	0	0	0	0	0	0	0	0	0	0	0	0	0	
1	1	1	148	4.44		300	0	0	-0.0074	0.00307024	0.00307024	0	0	0	-49.7698	1.41439e-06	1.41439e-06	0	0	0	0.217269	-0.406187	0	0.623456		300	0.0831618	-0.00322943	0.00161471	0.00161471	0	0	0	0.0831618	0	-0.469668	-153.69	0	26.9754	26.9754	0	7.04502	0	0	0	0	0	0	0	0	0	0	0	0	0	0	0	0	0	0	0	0	0	0	0	0	0	0	0	0	0	0	0	0	0	
1	1	1	149	4.47		300	0	0	-0.00745	0.0030928	0.0030928	0	0	0	-49.9626	1.40828e-06	1.40828e-06	0	0	0	0.219763	-0.4081	0	0.627862		300	0.083787	-0.00326327	0.00163163	0.00163163	0	0	0	0.083787	0	-0.469668	-153.69	0	26.9754	26.9754	0	7.04502	0	0	0	0	0	0	0	0	0	0	0	0	0	0	0	0	0	0	0	0	0	0	0	0	0	0	0	0	0	0	0	0	0	
1	1	1	150	4.5		300	0	0	-0.0075	0.00311538	0.00311538	0	0	0	-50.1545	1.40225e-06	1.40225e-06	0	0	0	0.222265	-0.410008	0	0.632273		300	0.0844129	-0.00329719	0.0016486	0.0016486	0	0	0	0.0844129	0	-0.469668	-153.69	0	26.9754	26.9754	0	7.04502	0	0	0	0	0	0	0	0	0	0	0	0	0	0	0	0	0	0	0	0	0	0	0	0	0	0	0	0	0	0	0	0	0	
1	1	1	151	4.53		300	0	0	-0.00755	0.00313796	0.00313796	0	0	0	-50.3454	1.3963e-06	1.3963e-06	0	0	0	0.224778	-0.41191	0	0.636688		300	0.0850394	-0.00333119	0.0016656	0.0016656	0	0	0	0.0850394	0	-0.469668	-153.69	0	26.9754	26.9754	0	7.04502	0	0	0	0	0	0	0	0	0	0	0	0	0	0	0	0	0	0	0	0	0	0	0	0	0	0	0	0	0	0	0	0	0	
1	1	1	152	4.56		300	0	0	-0.0076	0.00316056	0.00316056	0	0	0	-50.5353	1.39044e-06	1.39044e-06	0	0	0	0.2273	-0.413808	0	0.641108		300	0.0856666	-0.00336528	0.00168264	0.00168264	0	0	0	0.0856666	0	-0.469668	-153.69	0	26.9754	26.9754	0	7.04502	0	0	0	0	0	0	0	0	0	0	0	0	0	0	0	0	0	0	0	0	0	0	0	0	0	0	0	0	0	0	0	0	0	
1	1	1	153	4.59		300	0	0	-0.00765	0.00318317	0.00318317	0	0	0	-50.7244	1.38466e-06	1.38466e-06	0	0	0	0.229831	-0.4157	0	0.645532		300	0.0862944	-0.00339944	0.00169972	0.00169972	0	0	0	0.0862944	0	-0.469668	-153.69	0	26.9754	26.9754	0	7.04502	0	0	0	0	0	0	0	0	0	0	0	0	0	0	0	0	0	0	0	0	0	0	0	0	0	0	0	0	0	0	0	0	0	
1	1	1	154	4.62		300	0	0	-0.0077	0.00320579	0.00320579	0	0	0	-50.9124	1.37895e-06	1.37895e-06	0	0	0	0.232372	-0.417588	0	0.64996		300	0.0869228	-0.00343368	0.00171684	0.00171684	0	0	0	0.0869228	0	-0.469668	-153.69	0	26.9754	26.9754	0	7.04502	0	0	0	0	0	0	0	0	0	0	0	0	0	0	0	0	0	0	0	0	0	0	0	0	0	0	0	0	0	0	0	0	0	
1	1	1	155	4.65		300	0	0	-0.00775	0.00322842	0.00322842	0	0	0	-51.0996	1.37333e-06	1.37333e-06	0	0	0	0.234923	-0.41947	0	0.654393		300	0.0875518	-0.00346799	0.001734	0.001734	0	0	0	0.0875518	0	-0.469668	-153.69	0	26.9754	26.9754	0	7.04502	0	0	0	0	0	0	0	0	0	0	0	0	0	0	0	0	0	0	0	0	0	0	0	0	0	0	0	0	0	0	0	0	0	
1	1	1	156	4.68		300	0	0	-0.0078	0.00325106	0.00325106	0	0	0	-51.2859	1.36778e-06	1.36778e-06	0	0	0	0.237482	-0.421347	0	0.658829		300	0.0881813	-0.00350239	0.00175119	0.00175119	0	0	0	0.0881813	0	-0.469668	-153.69	0	26.9754	26.9754	0	7.04502	0	0	0	0	0	0	0	0	0	0	0	0	0	0	0	0	0	0	0	0	0	0	0	0	0	0	0	0	0	0	0	0	0	
1	1	1	157	4.71		300	0	0	-0.00785	0.00327371	0.00327371	0	0	0	-51.4712	1.36231e-06	1.36231e-06	0	0	0	0.240051	-0.423219	0	0.66327		300	0.0888115	-0.00353685	0.00176843	0.00176843	0	0	0	0.0888115	0	-0.469668	-153.69	0	26.9754	26.9754	0	7.04502	0	0	0	0	0	0	0	0	0	0	0	0	0	0	0	0	0	0	0	0	0	0	0	0	0	0	0	0	0	0	0	0	0	
1	1	1	158	4.74		300	0	0	-0.0079	0.00329638	0.00329638	0	0	0	-51.6557	1.35691e-06	1.35691e-06	0	0	0	0.242629	-0.425085	0	0.667715		300	0.0894422	-0.00357139	0.0017857	0.0017857	0	0	0	0.0894422	0	-0.469668	-153.69	0	26.9754	26.9754	0	7.04502	0	0	0	0	0	0	0	0	0	0	0	0	0	0	0	0	0	0	0	0	0	0	0	0	0	0	0	0	0	0	0	0	0	
1	1	1	159	4.77		300	0	0	-0.00795	0.00331906	0.00331906	0	0	0	-51.8393	1.35158e-06	1.35158e-06	0	0	0	0.245217	-0.426947	0	0.672163		300	0.0900735	-0.00360601	0.001803	0.001803	0	0	0	0.0900735	0	-0.469668	-153.69	0	26.9754	26.9754	0	7.04502	0	0	0	0	0	0	0	0	0	0	0	0	0	0	0	0	0	0	0	0	0	0	0	0	0	0	0	0	0	0	0	0	0	
1	1	1	160	4.8		300	0	0	-0.008	0.00334175	0.00334175	0	0	0	-52.022	1.34633e-06	1.34633e-06	0	0	0	0.247813	-0.428803	0	0.676616		300	0.0907053	-0.0036407	0.00182035	0.00182035	0	0	0	0.0907053	0	-0.469668	-153.69	0	26.9754	26.9754	0	7.04502	0	0	0	0	0	0	0	0	0	0	0	0	0	0	0	0	0	0	0	0	0	0	0	0	0	0	0	0	0	0	0	0	0	
1	1	1	161	4.83		300	0	0	-0.00805	0.00336444	0.00336444	0	0	0	-52.2039	1.34115e-06	1.34115e-06	0	0	0	0.250419	-0.430653	0	0.681072		300	0.0913377	-0.00367545	0.00183773	0.00183773	0	0	0	0.0913377	0	-0.469668	-153.69	0	26.9754	26.9754	0	7.04502	0	0	0	0	0	0	0	0	0	0	0	0	0	0	0	0	0	0	0	0	0	0	0	0	0	0	0	0	0	0	0	0	0	
1	1	1	162	4.86		300	0	0	-0.0081	0.00338715	0.00338715	0	0	0	-52.385	1.33604e-06	1.33604e-06	0	0	0	0.253034	-0.432499	0	0.685532		300	0.0919706	-0.00371028	0.00185514	0.00185514	0	0	0	0.0919706	0	-0.469668	-153.69	0	26.9754	26.9754	0	7.04502	0	0	0	0	0	0	0	0	0	0	0	0	0	0	0	0	0	0	0	0	0	0	0	0	0	0	0	0	0	0	0	0	0	
1	1	1	163	4.89		300	0	0	-0.00815	0.00340987	0.00340987	0	0	0	-52.5651	1.33099e-06	1.33099e-06	0	0	0	0.255657	-0.434339	0	0.689996		300	0.0926041	-0.00374518	0.00187259	0.00187259	0	0	0	0.0926041	0	-0.469668	-153.69	0	26.9754	26.9754	0	7.04502	0	0	0	0	0	0	0	0	0	0	0	0	0	0	0	0	0	0	0	0	0	0	0	0	0	0	0	0	0	0	0	0	0	
1	1	1	164	4.92		300	0	0	-0.0082	0.0034326	0.0034326	0	0	0	-52.7445	1.32602e-06	1.32602e-06	0	0	0	0.25829	-0.436174	0	0.694464		300	0.093238	-0.00378015	0.00189008	0.00189008	0	0	0	0.093238	0	-0.469668	-153.69	0	26.9754	26.9754	0	7.04502	0	0	0	0	0	0	0	0	0	0	0	0	0	0	0	0	0	0	0	0	0	0	0	0	0	0	0	0	0	0	0	0	0	
1	1	1	165	4.95		300	0	0	-0.00825	0.00345534	0.00345534	0	0	0	-52.9231	1.32112e-06	1.32112e-06	0	0	0	0.260932	-0.438003	0	0.698935		300	0.0938725	-0.00381519	0.0019076	0.0019076	0	0	0	0.0938725	0	-0.469668	-153.69	0	26.9754	26.9754	0	7.04502	0	0	0	0	0	0	0	0	0	0	0	0	0	0	0	0	0	0	0	0	0	0	0	0	0	0	0	0	0	0	0	0	0	
1	1	1	166	4.98		300	0	0	-0.0083	0.0034781	0.0034781	0	0	0	-53.1008	1.31628e-06	1.31628e-06	0	0	0	0.263583	-0.439827	0	0.703409		300	0.0945074	-0.0038503	0.00192515	0.00192515	0	0	0	0.0945074	0	-0.469668	-153.69	0	26.9754	26.9754	0	7.04502	0	0	0	0	0	0	0	0	0	0	0	0	0	0	0	0	0	0	0	0	0	0	0	0	0	0	0	0	0	0	0	0	0	
1	1	1	167	5.01		300	0	0	-0.00835	0.00350086	0.00350086	0	0	0	-53.2777	1.3115e-06	1.3115e-06	0	0	0	0.266242	-0.441645	0	0.707887		300	0.0951428	-0.00388547	0.00194274	0.00194274	0	0	0	0.0951428	0	-0.469668	-153.69	0	26.9754	26.9754	0	7.04502	0	0	0	0	0	0	0	0	0	0	0	0	0	0	0	0	0	0	0	0	0	0	0	0	0	0	0	0	0	0	0	0	0	
1	1	1	168	5.04		300	0	0	-0.0084	0.00352363	0.00352363	0	0	0	-53.4539	1.30679e-06	1.30679e-06	0	0	0	0.26891	-0.443458	0	0.712369		300	0.0957787	-0.00392071	0.00196036	0.00196036	0	0	0	0.0957787	0	-0.469668	-153.69	0	26.9754	26.9754	0	7.04502	0	0	0	0	0	0	0	0	0	0	0	0	0	0	0	0	0	0	0	0	0	0	0	0	0	0	0	0	0	0	0	0	0	
1	1	1	169	5.07		300	0	0	-0.00845	0.00354641	0.00354641	0	0	0	-53.6292	1.30215e-06	1.30215e-06	0	0	0	0.271587	-0.445266	0	0.716853		300	0.0964151	-0.00395602	0.00197801	0.00197801	0	0	0	0.0964151	0	-0.469668	-153.69	0	26.9754	26.9754	0	7.04502	0	0	0	0	0	0	0	0	0	0	0	0	0	0	0	0	0	0	0	0	0	0	0	0	0	0	0	0	0	0	0	0	0	
1	1	1	170	5.1		300	0	0	-0.0085	0.0035692	0.0035692	0	0	0	-53.8038	1.29756e-06	1.29756e-06	0	0	0	0.274273	-0.447068	0	0.721341		300	0.097052	-0.00399139	0.0019957	0.0019957	0	0	0	0.097052	0	-0.469668	-153.69	0	26.9754	26.9754	0	7.04502	0	0	0	0	0	0	0	0	0	0	0	0	0	0	0	0	0	0	0	0	0	0	0	0	0	0	0	0	0	0	0	0	0	
1	1	1	171	5.13		300	0	0	-0.00855	0.003592	0.003592	0	0	0	-53.9776	1.29304e-06	1.29304e-06	0	0	0	0.276968	-0.448865	0	0.725833		300	0.0976893	-0.00402683	0.00201341	0.00201341	0	0	0	0.0976893	0	-0.469668	-153.69	0	26.9754	26.9754	0	7.04502	0	0	0	0	0	0	0	0	0	0	0	0	0	0	0	0	0	0	0	0	0	0	0	0	0	0	0	0	0	0	0	0	0	
1	1	1	172	5.16		300	0	0	-0.0086	0.00361481	0.00361481	0	0	0	-54.1506	1.28858e-06	1.28858e-06	0	0	0	0.279671	-0.450656	0	0.730327		300	0.0983271	-0.00406233	0.00203116	0.00203116	0	0	0	0.0983271	0	-0.469668	-153.69	0	26.9754	26.9754	0	7.04502	0	0	0	0	0	0	0	0	0	0	0	0	0	0	0	0	0	0	0	0	0	0	0	0	0	0	0	0	0	0	0	0	0	
1	1	1	173	5.19		300	0	0	-0.00865	0.00363763	0.00363763	0	0	0	-54.3229	1.28418e-06	1.28418e-06	0	0	0	0.282383	-0.452442	0	0.734824		300	0.0989653	-0.00409789	0.00204894	0.00204894	0	0	0	0.0989653	0	-0.469668	-153.69	0	26.9754	26.9754	0	7.04502	0	0	0	0	0	0	0	0	0	0	0	0	0	0	0	0	0	0	0	0	0	0	0	0	0	0	0	0	0	0	0	0	0	
1	1	1	174	5.22		300	0	0	-0.0087	0.00366046	0.00366046	0	0	0	-54.4945	1.27983e-06	1.27983e-06	0	0	0	0.285103	-0.454222	0	0.739325		300	0.0996039	-0.00413351	0.00206676	0.00206676	0	0	0	0.0996039	0	-0.469668	-153.69	0	26.9754	26.9754	0	7.04502	0	0	0	0	0	0	0	0	0	0	0	0	0	0	0	0	0	0	0	0	0	0	0	0	0	0	0	0	0	0	0	0	0	
1	1	1	175	5.25		300	0	0	-0.00875	0.0036833	0.0036833	0	0	0	-54.6653	1.27555e-06	1.27555e-06	0	0	0	0.287832	-0.455996	0	0.743828		300	0.100243	-0.0041692	0.0020846	0.0020846	0	0	0	0.100243	0	-0.469668	-153.69	0	26.9754	26.9754	0	7.04502	0	0	0	0	0	0	0	0	0	0	0	0	0	0	0	0	0	0	0	0	0	0	0	0	0	0	0	0	0	0	0	0	0	
1	1	1	176	5.28		300	0	0	-0.0088	0.00370615	0.00370615	0	0	0	-54.8354	1.27132e-06	1.27132e-06	0	0	0	0.29057	-0.457765	0	0.748335		300	0.100882	-0.00420495	0.00210247	0.00210247	0	0	0	0.100882	0	-0.469668	-153.69	0	26.9754	26.9754	0	7.04502	0	0	0	0	0	0	0	0	0	0	0	0	0	0	0	0	0	0	0	0	0	0	0	0	0	0	0	0	0	0	0	0	0	
1	1	1	177	5.31		300	0	0	-0.00885	0.003729	0.003729	0	0	0	-55.0047	1.26715e-06	1.26715e-06	0	0	0	0.293316	-0.459529	0	0.752844		300	0.101522	-0.00424076	0.00212038	0.00212038	0	0	0	0.101522	0	-0.469668	-153.69	0	26.9754	26.9754	0	7.04502	0	0	0	0	0	0	0	0	0	0	0	0	0	0	0	0	0	0	0	0	0	0	0	0	0	0	0	0	0	0	0	0	0	
1	1	1	178	5.34		300	0	0	-0.0089	0.00375187	0.00375187	0	0	0	-55.1734	1.26303e-06	1.26303e-06	0	0	0	0.29607	-0.461287	0	0.757357		300	0.102163	-0.00427662	0.00213831	0.00213831	0	0	0	0.102163	0	-0.469668	-153.69	0	26.9754	26.9754	0	7.04502	0	0	0	0	0	0	0	0	0	0	0	0	0	0	0	0	0	0	0	0	0	0	0	0	0	0	0	0	0	0	0	0	0	
1	1	1	179	5.37		300	0	0	-0.00895	0.00377475	0.00377475	0	0	0	-55.3413	1.25897e-06	1.25897e-06	0	0	0	0.298833	-0.463039	0	0.761872		300	0.102803	-0.00431255	0.00215628	0.00215628	0	0	0	0.102803	0	-0.469668	-153.69	0	26.9754	26.9754	0	7.04502	0	0	0	0	0	0	0	0	0	0	0	0	0	0	0	0	0	0	0	0	0	0	0	0	0	0	0	0	0	0	0	0	0	
1	1	1	180	5.4		300	0	0	-0.009	0.00379763	0.00379763	0	0	0	-55.5085	1.25496e-06	1.25496e-06	0	0	0	0.301604	-0.464786	0	0.76639		300	0.103444	-0.00434854	0.00217427	0.00217427	0	0	0	0.103444	0	-0.469668	-153.69	0	26.9754	26.9754	0	7.04502	0	0	0	0	0	0	0	0	0	0	0	0	0	0	0	0	0	0	0	0	0	0	0	0	0	0	0	0	0	0	0	0	0	
1	1	1	181	5.43		300	0	0	-0.00905	0.00382052	0.00382052	0	0	0	-55.6751	1.251e-06	1.251e-06	0	0	0	0.304384	-0.466527	0	0.770911		300	0.104086	-0.00438458	0.00219229	0.00219229	0	0	0	0.104086	0	-0.469668	-153.69	0	26.9754	26.9754	0	7.04502	0	0	0	0	0	0	0	0	0	0	0	0	0	0	0	0	0	0	0	0	0	0	0	0	0	0	0	0	0	0	0	0	0	
1	1	1	182	5.46		300	0	0	-0.0091	0.00384342	0.00384342	0	0	0	-55.8409	1.2471e-06	1.2471e-06	0	0	0	0.307172	-0.468262	0	0.775434		300	0.104728	-0.00442068	0.00221034	0.00221034	0	0	0	0.104728	0	-0.469668	-153.69	0	26.9754	26.9754	0	7.04502	0	0	0	0	0	0	0	0	0	0	0	0	0	0	0	0	0	0	0	0	0	0	0	0	0	0	0	0	0	0	0	0	0	
1	1	1	183	5.49		300	0	0	-0.00915	0.00386633	0.00386633	0	0	0	-56.0061	1.24325e-06	1.24325e-06	0	0	0	0.309968	-0.469992	0	0.77996		300	0.10537	-0.00445684	0.00222842	0.00222842	0	0	0	0.10537	0	-0.469668	-153.69	0	26.9754	26.9754	0	7.04502	0	0	0	0	0	0	0	0	0	0	0	0	0	0	0	0	0	0	0	0	0	0	0	0	0	0	0	0	0	0	0	0	0	
1	1	1	184	5.52		300	0	0	-0.0092	0.00388925	0.00388925	0	0	0	-56.1706	1.23945e-06	1.23945e-06	0	0	0	0.312772	-0.471716	0	0.784488		300	0.106013	-0.00449306	0.00224653	0.00224653	0	0	0	0.106013	0	-0.469668	-153.69	0	26.9754	26.9754	0	7.04502	0	0	0	0	0	0	0	0	0	0	0	0	0	0	0	0	0	0	0	0	0	0	0	0	0	0	0	0	0	0	0	0	0	
1	1	1	185	5.55		300	0	0	-0.00925	0.00391218	0.00391218	0	0	0	-56.3345	1.23569e-06	1.23569e-06	0	0	0	0.315585	-0.473435	0	0.78902		300	0.106656	-0.00452933	0.00226466	0.00226466	0	0	0	0.106656	0	-0.469668	-153.69	0	26.9754	26.9754	0	7.04502	0	0	0	0	0	0	0	0	0	0	0	0	0	0	0	0	0	0	0	0	0	0	0	0	0	0	0	0	0	0	0	0	0	
1	1	1	186	5.58		300	0	0	-0.0093	0.00393511	0.00393511	0	0	0	-56.4976	1.23199e-06	1.23199e-06	0	0	0	0.318406	-0.475147	0	0.793553		300	0.107299	-0.00456565	0.00228283	0.00228283	0	0	0	0.107299	0	-0.469668	-153.69	0	26.9754	26.9754	0	7.04502	0	0	0	0	0	0	0	0	0	0	0	0	0	0	0	0	0	0	0	0	0	0	0	0	0	0	0	0	0	0	0	0	0	
1	1	1	187	5.61		300	0	0	-0.00935	0.00395806	0.00395806	0	0	0	-56.6602	1.22834e-06	1.22834e-06	0	0	0	0.321235	-0.476855	0	0.798089		300	0.107943	-0.00460203	0.00230102	0.00230102	0	0	0	0.107943	0	-0.469668	-153.69	0	26.9754	26.9754	0	7.04502	0	0	0	0	0	0	0	0	0	0	0	0	0	0	0	0	0	0	0	0	0	0	0	0	0	0	0	0	0	0	0	0	0	
1	1	1	188	5.64		300	0	0	-0.0094	0.00398101	0.00398101	0	0	0	-56.8221	1.22473e-06	1.22473e-06	0	0	0	0.324072	-0.478556	0	0.802628		300	0.108587	-0.00463847	0.00231923	0.00231923	0	0	0	0.108587	0	-0.469668	-153.69	0	26.9754	26.9754	0	7.04502	0	0	0	0	0	0	0	0	0	0	0	0	0	0	0	0	0	0	0	0	0	0	0	0	0	0	0	0	0	0	0	0	0	
1	1	1	189	5.67		300	0	0	-0.00945	0.00400397	0.00400397	0	0	0	-56.9833	1.22117e-06	1.22117e-06	0	0	0	0.326917	-0.480252	0	0.807169		300	0.109231	-0.00467496	0.00233748	0.00233748	0	0	0	0.109231	0	-0.469668	-153.69	0	26.9754	26.9754	0	7.04502	0	0	0	0	0	0	0	0	0	0	0	0	0	0	0	0	0	0	0	0	0	0	0	0	0	0	0	0	0	0	0	0	0	
1	1	1	190	5.7		300	0	0	-0.0095	0.00402694	0.00402694	0	0	0	-57.1439	1.21765e-06	1.21765e-06	0	0	0	0.32977	-0.481942	0	0.811712		300	0.109876	-0.0047115	0.00235575	0.00235575	0	0	0	0.109876	0	-0.469668	-153.69	0	26.9754	26.9754	0	7.04502	0	0	0	0	0	0	0	0	0	0	0	0	0	0	0	0	0	0	0	0	0	0	0	0	0	0	0	0	0	0	0	0	0	
1	1	1	191	5.73		300	0	0	-0.00955	0.00404991	0.00404991	0	0	0	-57.3039	1.21418e-06	1.21418e-06	0	0	0	0.332631	-0.483626	0	0.816258		300	0.110521	-0.00474809	0.00237405	0.00237405	0	0	0	0.110521	0	-0.469668	-153.69	0	26.9754	26.9754	0	7.04502	0	0	0	0	0	0	0	0	0	0	0	0	0	0	0	0	0	0	0	0	0	0	0	0	0	0	0	0	0	0	0	0	0	
1	1	1	192	5.76		300	0	0	-0.0096	0.0040729	0.0040729	0	0	0	-57.4633	1.21076e-06	1.21076e-06	0	0	0	0.3355	-0.485305	0	0.820806		300	0.111166	-0.00478474	0.00239237	0.00239237	0	0	0	0.111166	0	-0.469668	-153.69	0	26.9754	26.9754	0	7.04502	0	0	0	0	0	0	0	0	0	0	0	0	0	0	0	0	0	0	0	0	0	0	0	0	0	0	0	0	0	0	0	0	0	
1	1	1	193	5.79		300	0	0	-0.00965	0.00409589	0.00409589	0	0	0	-57.622	1.20738e-06	1.20738e-06	0	0	0	0.338378	-0.486978	0	0.825356		300	0.111812	-0.00482143	0.00241072	0.00241072	0	0	0	0.111812	0	-0.469668	-153.69	0	26.9754	26.9754	0	7.04502	0	0	0	0	0	0	0	0	0	0	0	0	0	0	0	0	0	0	0	0	0	0	0	0	0	0	0	0	0	0	0	0	0	
1	1	1	194	5.82		300	0	0	-0.0097	0.00411889	0.00411889	0	0	0	-57.7802	1.20404e-06	1.20404e-06	0	0	0	0.341263	-0.488646	0	0.829908		300	0.112458	-0.00485818	0.00242909	0.00242909	0	0	0	0.112458	0	-0.469668	-153.69	0	26.9754	26.9754	0	7.04502	0	0	0	0	0	0	0	0	0	0	0	0	0	0	0	0	0	0	0	0	0	0	0	0	0	0	0	0	0	0	0	0	0	
1	1	1	195	5.85		300	0	0	-0.00975	0.00414189	0.00414189	0	0	0	-57.9377	1.20075e-06	1.20075e-06	0	0	0	0.344156	-0.490307	0	0.834463		300	0.113104	-0.00489498	0.00244749	0.00244749	0	0	0	0.113104	0	-0.469668	-153.69	0	26.9754	26.9754	0	7.04502	0	0	0	0	0	0	0	0	0	0	0	0	0	0	0	0	0	0	0	0	0	0	0	0	0	0	0	0	0	0	0	0	0	
1	1	1	196	5.88		300	0	0	-0.0098	0.00416491	0.00416491	0	0	0	-58.0946	1.19749e-06	1.19749e-06	0	0	0	0.347056	-0.491963	0	0.839019		300	0.113751	-0.00493183	0.00246591	0.00246591	0	0	0	0.113751	0	-0.469668	-153.69	0	26.9754	26.9754	0	7.04502	0	0	0	0	0	0	0	0	0	0	0	0	0	0	0	0	0	0	0	0	0	0	0	0	0	0	0	0	0	0	0	0	0	
1	1	1	197	5.91		300	0	0	-0.00985	0.00418793	0.00418793	0	0	0	-58.251	1.19428e-06	1.19428e-06	0	0	0	0.349965	-0.493613	0	0.843578		300	0.114397	-0.00496873	0.00248436	0.00248436	0	0	0	0.114397	0	-0.469668	-153.69	0	26.9754	26.9754	0	7.04502	0	0	0	0	0	0	0	0	0	0	0	0	0	0	0	0	0	0	0	0	0	0	0	0	0	0	0	0	0	0	0	0	0	
1	1	1	198	5.94		300	0	0	-0.0099	0.00421096	0.00421096	0	0	0	-58.4068	1.19111e-06	1.19111e-06	0	0	0	0.352881	-0.495258	0	0.848139		300	0.115045	-0.00500567	0.00250284	0.00250284	0	0	0	0.115045	0	-0.469668	-153.69	0	26.9754	26.9754	0	7.04502	0	0	0	0	0	0	0	0	0	0	0	0	0	0	0	0	0	0	0	0	0	0	0	0	0	0	0	0	0	0	0	0	0	
1	1	1	199	5.97		300	0	0	-0.00995	0.00423399	0.00423399	0	0	0	-58.5619	1.18798e-06	1.18798e-06	0	0	0	0.355806	-0.496896	0	0.852702		300	0.115692	-0.00504267	0.00252134	0.00252134	0	0	0	0.115692	0	-0.469668	-153.69	0	26.9754	26.9754	0	7.04502	0	0	0	0	0	0	0	0	0	0	0	0	0	0	0	0	0	0	0	0	0	0	0	0	0	0	0	0	0	0	0	0	0	
1	1	1	200	6		300	0	0	-0.01	0.00425704	0.00425704	0	0	0	-58.7166	1.18489e-06	1.18489e-06	0	0	0	0.358738	-0.498529	0	0.857267		300	0.11634	-0.00507971	0.00253986	0.00253986	0	0	0	0.11634	0	-0.469668	-153.69	0	26.9754	26.9754	0	7.04502	0	0	0	0	0	0	0	0	0	0	0	0	0	0	0	0	0	0	0	0	0	0	0	0	0	0	0	0	0	0	0	0	0	
1	1	1	201	6.03		300	0	0	-0.01005	0.00428009	0.00428009	0	0	0	-58.8706	1.18184e-06	1.18184e-06	0	0	0	0.361677	-0.500156	0	0.861834		300	0.116988	-0.00511681	0.0025584	0.0025584	0	0	0	0.116988	0	-0.469668	-153.69	0	26.9754	26.9754	0	7.04502	0	0	0	0	0	0	0	0	0	0	0	0	0	0	0	0	0	0	0	0	0	0	0	0	0	0	0	0	0	0	0	0	0	
1	1	1	202	6.06		300	0	0	-0.0101	0.00430315	0.00430315	0	0	0	-59.0241	1.17883e-06	1.17883e-06	0	0	0	0.364625	-0.501778	0	0.866402		300	0.117636	-0.00515394	0.00257697	0.00257697	0	0	0	0.117636	0	-0.469668	-153.69	0	26.9754	26.9754	0	7.04502	0	0	0	0	0	0	0	0	0	0	0	0	0	0	0	0	0	0	0	0	0	0	0	0	0	0	0	0	0	0	0	0	0	
1	1	1	203	6.09		300	0	0	-0.01015	0.00432621	0.00432621	0	0	0	-59.177	1.17585e-06	1.17585e-06	0	0	0	0.36758	-0.503393	0	0.870973		300	0.118285	-0.00519113	0.00259557	0.00259557	0	0	0	0.118285	0	-0.469668	-153.69	0	26.9754	26.9754	0	7.04502	0	0	0	0	0	0	0	0	0	0	0	0	0	0	0	0	0	0	0	0	0	0	0	0	0	0	0	0	0	0	0	0	0	
1	1	1	204	6.12		300	0	0	-0.0102	0.00434928	0.00434928	0	0	0	-59.3294	1.17291e-06	1.17291e-06	0	0	0	0.370542	-0.505003	0	0.875546		300	0.118934	-0.00522836	0.00261418	0.00261418	0	0	0	0.118934	0	-0.469668	-153.69	0	26.9754	26.9754	0	7.04502	0	0	0	0	0	0	0	0	0	0	0	0	0	0	0	0	0	0	0	0	0	0	0	0	0	0	0	0	0	0	0	0	0	
1	1	1	205	6.15		300	0	0	-0.01025	0.00437236	0.00437236	0	0	0	-59.4812	1.17001e-06	1.17001e-06	0	0	0	0.373513	-0.506607	0	0.88012		300	0.119583	-0.00526564	0.00263282	0.00263282	0	0	0	0.119583	0	-0.469668	-153.69	0	26.9754	26.9754	0	7.04502	0	0	0	0	0	0	0	0	0	0	0	0	0	0	0	0	0	0	0	0	0	0	0	0	0	0	0	0	0	0	0	0	0	
1	1	1	206	6.18		300	0	0	-0.0103	0.00439545	0.00439545	0	0	0	-59.6324	1.16714e-06	1.16714e-06	0	0	0	0.376491	-0.508206	0	0.884696		300	0.120232	-0.00530296	0.00265148	0.00265148	0	0	0	0.120232	0	-0.469668	-153.69	0	26.9754	26.9754	0	7.04502	0	0	0	0	0	0	0	0	0	0	0	0	0	0	0	0	0	0	0	0	0	0	0	0	0	0	0	0	0	0	0	0	0	
1	1	1	207	6.21		300	0	0	-0.01035	0.00441854	0.00441854	0	0	0	-59.7832	1.16431e-06	1.16431e-06	0	0	0	0.379476	-0.509798	0	0.889274		300	0.120882	-0.00534033	0.00267017	0.00267017	0	0	0	0.120882	0	-0.469668	-153.69	0	26.9754	26.9754	0	7.04502	0	0	0	0	0	0	0	0	0	0	0	0	0	0	0	0	0	0	0	0	0	0	0	0	0	0	0	0	0	0	0	0	0	
1	1	1	208	6.24		300	0	0	-0.0104	0.00444164	0.00444164	0	0	0	-59.9334	1.16152e-06	1.16152e-06	0	0	0	0.382469	-0.511385	0	0.893854		300	0.121531	-0.00537775	0.00268887	0.00268887	0	0	0	0.121531	0	-0.469668	-153.69	0	26.9754	26.9754	0	7.04502	0	0	0	0	0	0	0	0	0	0	0	0	0	0	0	0	0	0	0	0	0	0	0	0	0	0	0	0	0	0	0	0	0	
1	1	1	209	6.27		300	0	0	-0.01045	0.00446475	0.00446475	0	0	0	-60.0831	1.15876e-06	1.15876e-06	0	0	0	0.385469	-0.512966	0	0.898436		300	0.122182	-0.0054152	0.0027076	0.0027076	0	0	0	0.122182	0	-0.469668	-153.69	0	26.9754	26.9754	0	7.04502	0	0	0	0	0	0	0	0	0	0	0	0	0	0	0	0	0	0	0	0	0	0	0	0	0	0	0	0	0	0	0	0	0	
1	1	1	210	6.3		300	0	0	-0.0105	0.00448786	0.00448786	0	0	0	-60.2322	1.15603e-06	1.15603e-06	0	0	0	0.388477	-0.514542	0	0.903019		300	0.122832	-0.00545271	0.00272635	0.00272635	0	0	0	0.122832	0	-0.469668	-153.69	0	26.9754	26.9754	0	7.04502	0	0	0	0	0	0	0	0	0	0	0	0	0	0	0	0	0	0	0	0	0	0	0	0	0	0	0	0	0	0	0	0	0	
1	1	1	211	6.33		300	0	0	-0.01055	0.00451098	0.00451098	0	0	0	-60.3808	1.15334e-06	1.15334e-06	0	0	0	0.391492	-0.516111	0	0.907604		300	0.123483	-0.00549025	0.00274513	0.00274513	0	0	0	0.123483	0	-0.469668	-153.69	0	26.9754	26.9754	0	7.04502	0	0	0	0	0	0	0	0	0	0	0	0	0	0	0	0	0	0	0	0	0	0	0	0	0	0	0	0	0	0	0	0	0	
1	1	1	212	6.36		300	0	0	-0.0106	0.0045341	0.0045341	0	0	0	-60.529	1.15068e-06	1.15068e-06	0	0	0	0.394515	-0.517675	0	0.91219		300	0.124133	-0.00552784	0.00276392	0.00276392	0	0	0	0.124133	0	-0.469668	-153.69	0	26.9754	26.9754	0	7.04502	0	0	0	0	0	0	0	0	0	0	0	0	0	0	0	0	0	0	0	0	0	0	0	0	0	0	0	0	0	0	0	0	0	
1	1	1	213	6.39		300	0	0	-0.01065	0.00455724	0.00455724	0	0	0	-60.6766	1.14805e-06	1.14805e-06	0	0	0	0.397545	-0.519233	0	0.916779		300	0.124784	-0.00556547	0.00278273	0.00278273	0	0	0	0.124784	0	-0.469668	-153.69	0	26.9754	26.9754	0	7.04502	0	0	0	0	0	0	0	0	0	0	0	0	0	0	0	0	0	0	0	0	0	0	0	0	0	0	0	0	0	0	0	0	0	
1	1	1	214	6.42		300	0	0	-0.0107	0.00458037	0.00458037	0	0	0	-60.8237	1.14545e-06	1.14545e-06	0	0	0	0.400583	-0.520785	0	0.921368		300	0.125436	-0.00560314	0.00280157	0.00280157	0	0	0	0.125436	0	-0.469668	-153.69	0	26.9754	26.9754	0	7.04502	0	0	0	0	0	0	0	0	0	0	0	0	0	0	0	0	0	0	0	0	0	0	0	0	0	0	0	0	0	0	0	0	0	
1	1	1	215	6.45		300	0	0	-0.01075	0.00460352	0.00460352	0	0	0	-60.9703	1.14289e-06	1.14289e-06	0	0	0	0.403628	-0.522332	0	0.92596		300	0.126087	-0.00564086	0.00282043	0.00282043	0	0	0	0.126087	0	-0.469668	-153.69	0	26.9754	26.9754	0	7.04502	0	0	0	0	0	0	0	0	0	0	0	0	0	0	0	0	0	0	0	0	0	0	0	0	0	0	0	0	0	0	0	0	0	
1	1	1	216	6.48		300	0	0	-0.0108	0.00462667	0.00462667	0	0	0	-61.1164	1.14036e-06	1.14036e-06	0	0	0	0.40668	-0.523873	0	0.930553		300	0.126739	-0.00567861	0.00283931	0.00283931	0	0	0	0.126739	0	-0.469668	-153.69	0	26.9754	26.9754	0	7.04502	0	0	0	0	0	0	0	0	0	0	0	0	0	0	0	0	0	0	0	0	0	0	0	0	0	0	0	0	0	0	0	0	0	
1	1	1	217	6.51		300	0	0	-0.01085	0.00464983	0.00464983	0	0	0	-61.262	1.13785e-06	1.13785e-06	0	0	0	0.409739	-0.525408	0	0.935147		300	0.127391	-0.00571641	0.00285821	0.00285821	0	0	0	0.127391	0	-0.469668	-153.69	0	26.9754	26.9754	0	7.04502	0	0	0	0	0	0	0	0	0	0	0	0	0	0	0	0	0	0	0	0	0	0	0	0	0	0	0	0	0	0	0	0	0	
1	1	1	218	6.54		300	0	0	-0.0109	0.00467299	0.00467299	0	0	0	-61.4071	1.13538e-06	1.13538e-06	0	0	0	0.412806	-0.526937	0	0.939743		300	0.128043	-0.00575425	0.00287712	0.00287712	0	0	0	0.128043	0	-0.469668	-153.69	0	26.9754	26.9754	0	7.04502	0	0	0	0	0	0	0	0	0	0	0	0	0	0	0	0	0	0	0	0	0	0	0	0	0	0	0	0	0	0	0	0	0	
1	1	1	219	6.57		300	0	0	-0.01095	0.00469616	0.00469616	0	0	0	-61.5518	1.13294e-06	1.13294e-06	0	0	0	0.41588	-0.52846	0	0.94434		300	0.128695	-0.00579213	0.00289606	0.00289606	0	0	0	0.128695	0	-0.469668	-153.69	0	26.9754	26.9754	0	7.04502	0	0	0	0	0	0	0	0	0	0	0	0	0	0	0	0	0	0	0	0	0	0	0	0	0	0	0	0	0	0	0	0	0	
1	1	1	220	6.6		300	0	0	-0.011	0.00471934	0.00471934	0	0	0	-61.696	1.13053e-06	1.13053e-06	0	0	0	0.418961	-0.529978	0	0.948939		300	0.129348	-0.00583005	0.00291502	0.00291502	0	0	0	0.129348	0	-0.469668	-153.69	0	26.9754	26.9754	0	7.04502	0	0	0	0	0	0	0	0	0	0	0	0	0	0	0	0	0	0	0	0	0	0	0	0	0	0	0	0	0	0	0	0	0	
1	1	1	221	6.63		300	0	0	-0.01105	0.00474252	0.00474252	0	0	0	-61.8397	1.12814e-06	1.12814e-06	0	0	0	0.42205	-0.53149	0	0.953539		300	0.130001	-0.00586801	0.002934	0.002934	0	0	0	0.130001	0	-0.469668	-153.69	0	26.9754	26.9754	0	7.04502	0	0	0	0	0	0	0	0	0	0	0	0	0	0	0	0	0	0	0	0	0	0	0	0	0	0	0	0	0	0	0	0	0	
1	1	1	222	6.66		300	0	0	-0.0111	0.00476571	0.00476571	0	0	0	-61.9829	1.12579e-06	1.12579e-06	0	0	0	0.425145	-0.532996	0	0.958141		300	0.130654	-0.005906	0.002953	0.002953	0	0	0	0.130654	0	-0.469668	-153.69	0	26.9754	26.9754	0	7.04502	0	0	0	0	0	0	0	0	0	0	0	0	0	0	0	0	0	0	0	0	0	0	0	0	0	0	0	0	0	0	0	0	0	
1	1	1	223	6.69		300	0	0	-0.01115	0.0047889	0.0047889	0	0	0	-62.1257	1.12346e-06	1.12346e-06	0	0	0	0.428248	-0.534496	0	0.962744		300	0.131307	-0.00594404	0.00297202	0.00297202	0	0	0	0.131307	0	-0.469668	-153.69	0	26.9754	26.9754	0	7.04502	0	0	0	0	0	0	0	0	0	0	0	0	0	0	0	0	0	0	0	0	0	0	0	0	0	0	0	0	0	0	0	0	0	
1	1	1	224	6.72		300	0	0	-0.0112	0.0048121	0.0048121	0	0	0	-62.2679	1.12116e-06	1.12116e-06	0	0	0	0.431358	-0.535991	0	0.967348		300	0.13196	-0.00598212	0.00299106	0.00299106	0	0	0	0.13196	0	-0.469668	-153.69	0	26.9754	26.9754	0	7.04502	0	0	0	0	0	0	0	0	0	0	0	0	0	0	0	0	0	0	0	0	0	0	0	0	0	0	0	0	0	0	0	0	0	
1	1	1	225	6.75		300	0	0	-0.01125	0.0048353	0.0048353	0	0	0	-62.4098	1.11889e-06	1.11888e-06	0	0	0	0.434475	-0.537479	0	0.971954		300	0.132614	-0.00602023	0.00301012	0.00301012	0	0	0	0.132614	0	-0.469668	-153.69	0	26.9754	26.9754	0	7.04502	0	0	0	0	0	0	0	0	0	0	0	0	0	0	0	0	0	0	0	0	0	0	0	0	0	0	0	0	0	0	0	0	0	
1	1	1	226	6.78		300	0	0	-0.0113	0.00485852	0.00485852	0	0	0	-62.5512	1.11664e-06	1.11664e-06	0	0	0	0.437599	-0.538962	0	0.976561		300	0.133267	-0.00605838	0.00302919	0.00302919	0	0	0	0.133267	0	-0.469668	-153.69	0	26.9754	26.9754	0	7.04502	0	0	0	0	0	0	0	0	0	0	0	0	0	0	0	0	0	0	0	0	0	0	0	0	0	0	0	0	0	0	0	0	0	
1	1	1	227	6.81		300	0	0	-0.01135	0.00488173	0.00488173	0	0	0	-62.6921	1.11442e-06	1.11442e-06	0	0	0	0.44073	-0.54044	0	0.981169		300	0.133921	-0.00609657	0.00304829	0.00304829	0	0	0	0.133921	0	-0.469668	-153.69	0	26.9754	26.9754	0	7.04502	0	0	0	0	0	0	0	0	0	0	0	0	0	0	0	0	0	0	0	0	0	0	0	0	0	0	0	0	0	0	0	0	0	
1	1	1	228	6.84		300	0	0	-0.0114	0.00490495	0.00490495	0	0	0	-62.8326	1.11223e-06	1.11223e-06	0	0	0	0.443868	-0.541911	0	0.985779		300	0.134575	-0.0061348	0.0030674	0.0030674	0	0	0	0.134575	0	-0.469668	-153.69	0	26.9754	26.9754	0	7.04502	0	0	0	0	0	0	0	0	0	0	0	0	0	0	0	0	0	0	0	0	0	0	0	0	0	0	0	0	0	0	0	0	0	
1	1	1	229	6.87		300	0	0	-0.01145	0.00492818	0.00492818	0	0	0	-62.9727	1.11006e-06	1.11006e-06	0	0	0	0.447013	-0.543377	0	0.99039		300	0.13523	-0.00617306	0.00308653	0.00308653	0	0	0	0.13523	0	-0.469668	-153.69	0	26.9754	26.9754	0	7.04502	0	0	0	0	0	0	0	0	0	0	0	0	0	0	0	0	0	0	0	0	0	0	0	0	0	0	0	0	0	0	0	0	0	
1	1	1	230	6.9		300	0	0	-0.0115	0.00495142	0.00495142	0	0	0	-63.1123	1.10791e-06	1.10791e-06	0	0	0	0.450165	-0.544837	0	0.995002		300	0.135884	-0.00621137	0.00310568	0.00310568	0	0	0	0.135884	0	-0.469668	-153.69	0	26.9754	26.9754	0	7.04502	0	0	0	0	0	0	0	0	0	0	0	0	0	0	0	0	0	0	0	0	0	0	0	0	0	0	0	0	0	0	0	0	0	
1	1	1	231	6.93		300	0	0	-0.01155	0.00497466	0.00497466	0	0	0	-63.2514	1.1058e-06	1.1058e-06	0	0	0	0.453324	-0.546291	0	0.999615		300	0.136539	-0.0062497	0.00312485	0.00312485	0	0	0	0.136539	0	-0.469668	-153.69	0	26.9754	26.9754	0	7.04502	0	0	0	0	0	0	0	0	0	0	0	0	0	0	0	0	0	0	0	0	0	0	0	0	0	0	0	0	0	0	0	0	0	
1	1	1	232	6.96		300	0	0	-0.0116	0.0049979	0.0049979	0	0	0	-63.3902	1.1037e-06	1.1037e-06	0	0	0	0.45649	-0.54774	0	1.00423		300	0.137193	-0.00628808	0.00314404	0.00314404	0	0	0	0.137193	0	-0.469668	-153.69	0	26.9754	26.9754	0	7.04502	0	0	0	0	0	0	0	0	0	0	0	0	0	0	0	0	0	0	0	0	0	0	0	0	0	0	0	0	0	0	0	0	0	
1	1	1	233	6.99		300	0	0	-0.01165	0.00502115	0.00502115	0	0	0	-63.5285	1.10164e-06	1.10164e-06	0	0	0	0.459663	-0.549182	0	1.00885		300	0.137848	-0.00632649	0.00316324	0.00316324	0	0	0	0.137848	0	-0.469668	-153.69	0	26.9754	26.9754	0	7.04502	0	0	0	0	0	0	0	0	0	0	0	0	0	0	0	0	0	0	0	0	0	0	0	0	0	0	0	0	0	0	0	0	0	
1	1	1	234	7.02		300	0	0	-0.0117	0.0050444	0.0050444	0	0	0	-63.6664	1.09959e-06	1.09959e-06	0	0	0	0.462843	-0.550619	0	1.01346		300	0.138504	-0.00636493	0.00318247	0.00318247	0	0	0	0.138504	0	-0.469668	-153.69	0	26.9754	26.9754	0	7.04502	0	0	0	0	0	0	0	0	0	0	0	0	0	0	0	0	0	0	0	0	0	0	0	0	0	0	0	0	0	0	0	0	0	
1	1	1	235	7.05		300	0	0	-0.01175	0.00506767	0.00506767	0	0	0	-63.8039	1.09757e-06	1.09757e-06	0	0	0	0.46603	-0.55205	0	1.01808		300	0.139159	-0.00640341	0.00320171	0.00320171	0	0	0	0.139159	0	-0.469668	-153.69	0	26.9754	26.9754	0	7.04502	0	0	0	0	0	0	0	0	0	0	0	0	0	0	0	0	0	0	0	0	0	0	0	0	0	0	0	0	0	0	0	0	0	
1	1	1	236	7.08		300	0	0	-0.0118	0.00509093	0.00509093	0	0	0	-63.9409	1.09557e-06	1.09557e-06	0	0	0	0.469223	-0.553476	0	1.0227		300	0.139814	-0.00644193	0.00322096	0.00322096	0	0	0	0.139814	0	-0.469668	-153.69	0	26.9754	26.9754	0	7.04502	0	0	0	0	0	0	0	0	0	0	0	0	0	0	0	0	0	0	0	0	0	0	0	0	0	0	0	0	0	0	0	0	0	
1	1	1	237	7.11		300	0	0	-0.01185	0.0051142	0.0051142	0	0	0	-64.0776	1.0936e-06	1.0936e-06	0	0	0	0.472424	-0.554896	0	1.02732		300	0.14047	-0.00648047	0.00324024	0.00324024	0	0	0	0.14047	0	-0.469668	-153.69	0	26.9754	26.9754	0	7.04502	0	0	0	0	0	0	0	0	0	0	0	0	0	0	0	0	0	0	0	0	0	0	0	0	0	0	0	0	0	0	0	0	0	
1	1	1	238	7.14		300	0	0	-0.0119	0.00513748	0.00513748	0	0	0	-64.2138	1.09164e-06	1.09164e-06	0	0	0	0.475631	-0.55631	0	1.03194		300	0.141126	-0.00651906	0.00325953	0.00325953	0	0	0	0.141126	0	-0.469668	-153.69	0	26.9754	26.9754	0	7.04502	0	0	0	0	0	0	0	0	0	0	0	0	0	0	0	0	0	0	0	0	0	0	0	0	0	0	0	0	0	0	0	0	0	
1	1	1	239	7.17		300	0	0	-0.01195	0.00516076	0.00516076	0	0	0	-64.3496	1.08971e-06	1.08971e-06	0	0	0	0.478845	-0.557718	0	1.03656		300	0.141781	-0.00655768	0.00327884	0.00327884	0	0	0	0.141781	0	-0.469668	-153.69	0	26.9754	26.9754	0	7.04502	0	0	0	0	0	0	0	0	0	0	0	0	0	0	0	0	0	0	0	0	0	0	0	0	0	0	0	0	0	0	0	0	0	
1	1	1	240	7.2		300	0	0	-0.012	0.00518405	0.00518405	0	0	0	-64.4851	1.0878e-06	1.0878e-06	0	0	0	0.482066	-0.55912	0	1.04119		300	0.142437	-0.00659633	0.00329816	0.00329816	0	0	0	0.142437	0	-0.469668	-153.69	0	26.9754	26.9754	0	7.04502	0	0	0	0	0	0	0	0	0	0	0	0	0	0	0	0	0	0	0	0	0	0	0	0	0	0	0	0	0	0	0	0	0	
1	1	1	241	7.23		300	0	0	-0.01205	0.00520734	0.00520734	0	0	0	-64.6201	1.08592e-06	1.08592e-06	0	0	0	0.485294	-0.560517	0	1.04581		300	0.143094	-0.00663501	0.00331751	0.00331751	0	0	0	0.143094	0	-0.469668	-153.69	0	26.9754	26.9754	0	7.04502	0	0	0	0	0	0	0	0	0	0	0	0	0	0	0	0	0	0	0	0	0	0	0	0	0	0	0	0	0	0	0	0	0	
1	1	1	242	7.26		300	0	0	-0.0121	0.00523063	0.00523063	0	0	0	-64.7547	1.08405e-06	1.08405e-06	0	0	0	0.488528	-0.561908	0	1.05044		300	0.14375	-0.00667373	0.00333687	0.00333687	0	0	0	0.14375	0	-0.469668	-153.69	0	26.9754	26.9754	0	7.04502	0	0	0	0	0	0	0	0	0	0	0	0	0	0	0	0	0	0	0	0	0	0	0	0	0	0	0	0	0	0	0	0	0	
1	1	1	243	7.29		300	0	0	-0.01215	0.00525394	0.00525394	0	0	0	-64.889	1.08221e-06	1.08221e-06	0	0	0	0.491769	-0.563293	0	1.05506		300	0.144406	-0.00671248	0.00335624	0.00335624	0	0	0	0.144406	0	-0.469668	-153.69	0	26.9754	26.9754	0	7.04502	0	0	0	0	0	0	0	0	0	0	0	0	0	0	0	0	0	0	0	0	0	0	0	0	0	0	0	0	0	0	0	0	0	
1	1	1	244	7.32		300	0	0	-0.0122	0.00527724	0.00527724	0	0	0	-65.0228	1.08038e-06	1.08038e-06	0	0	0	0.495017	-0.564673	0	1.05969		300	0.145063	-0.00675127	0.00337563	0.00337563	0	0	0	0.145063	0	-0.469668	-153.69	0	26.9754	26.9754	0	7.04502	0	0	0	0	0	0	0	0	0	0	0	0	0	0	0	0	0	0	0	0	0	0	0	0	0	0	0	0	0	0	0	0	0	
1	1	1	245	7.35		300	0	0	-0.01225	0.00530055	0.00530055	0	0	0	-65.1563	1.07858e-06	1.07858e-06	0	0	0	0.498272	-0.566047	0	1.06432		300	0.14572	-0.00679008	0.00339504	0.00339504	0	0	0	0.14572	0	-0.469668	-153.69	0	26.9754	26.9754	0	7.04502	0	0	0	0	0	0	0	0	0	0	0	0	0	0	0	0	0	0	0	0	0	0	0	0	0	0	0	0	0	0	0	0	0	
1	1	1	246	7.38		300	0	0	-0.0123	0.00532387	0.00532387	0	0	0	-65.2893	1.0768e-06	1.0768e-06	0	0	0	0.501533	-0.567415	0	1.06895		300	0.146377	-0.00682893	0.00341447	0.00341447	0	0	0	0.146377	0	-0.469668	-153.69	0	26.9754	26.9754	0	7.04502	0	0	0	0	0	0	0	0	0	0	0	0	0	0	0	0	0	0	0	0	0	0	0	0	0	0	0	0	0	0	0	0	0	
1	1	1	247	7.41		300	0	0	-0.01235	0.00534719	0.00534719	0	0	0	-65.422	1.07503e-06	1.07503e-06	0	0	0	0.5048	-0.568777	0	1.07358		300	0.147034	-0.00686781	0.00343391	0.00343391	0	0	0	0.147034	0	-0.469668	-153.69	0	26.9754	26.9754	0	7.04502	0	0	0	0	0	0	0	0	0	0	0	0	0	0	0	0	0	0	0	0	0	0	0	0	0	0	0	0	0	0	0	0	0	
1	1	1	248	7.44		300	0	0	-0.0124	0.00537052	0.00537052	0	0	0	-65.5543	1.07329e-06	1.07329e-06	0	0	0	0.508075	-0.570134	0	1.07821		300	0.147691	-0.00690673	0.00345336	0.00345336	0	0	0	0.147691	0	-0.469668	-153.69	0	26.9754	26.9754	0	7.04502	0	0	0	0	0	0	0	0	0	0	0	0	0	0	0	0	0	0	0	0	0	0	0	0	0	0	0	0	0	0	0	0	0	
1	1	1	249	7.47		300	0	0	-0.01245	0.00539385	0.00539385	0	0	0	-65.6863	1.07157e-06	1.07157e-06	0	0	0	0.511356	-0.571485	0	1.08284		300	0.148348	-0.00694567	0.00347283	0.00347283	0	0	0	0.148348	0	-0.469668	-153.69	0	26.9754	26.9754	0	7.04502	0	0	0	0	0	0	0	0	0	0	0	0	0	0	0	0	0	0	0	0	0	0	0	0	0	0	0	0	0	0	0	0	0	
1	1	1	250	7.5		300	0	0	-0.0125	0.00541718	0.00541718	0	0	0	-65.8179	1.06986e-06	1.06986e-06	0	0	0	0.514643	-0.57283	0	1.08747		300	0.149005	-0.00698464	0.00349232	0.00349232	0	0	0	0.149005	0	-0.469668	-153.69	0	26.9754	26.9754	0	7.04502	0	0	0	0	0	0	0	0	0	0	0	0	0	0	0	0	0	0	0	0	0	0	0	0	0	0	0	0	0	0	0	0	0	
1	1	1	251	7.53		300	0	0	-0.01255	0.00544052	0.00544052	0	0	0	-65.9491	1.06818e-06	1.06818e-06	0	0	0	0.517938	-0.57417	0	1.09211		300	0.149663	-0.00702365	0.00351182	0.00351182	0	0	0	0.149663	0	-0.469668	-153.69	0	26.9754	26.9754	0	7.04502	0	0	0	0	0	0	0	0	0	0	0	0	0	0	0	0	0	0	0	0	0	0	0	0	0	0	0	0	0	0	0	0	0	
1	1	1	252	7.56		300	0	0	-0.0126	0.00546387	0.00546387	0	0	0	-66.0799	1.06651e-06	1.06651e-06	0	0	0	0.521238	-0.575504	0	1.09674		300	0.150321	-0.00706269	0.00353134	0.00353134	0	0	0	0.150321	0	-0.469668	-153.69	0	26.9754	26.9754	0	7.04502	0	0	0	0	0	0	0	0	0	0	0	0	0	0	0	0	0	0	0	0	0	0	0	0	0	0	0	0	0	0	0	0	0	
1	1	1	253	7.59		300	0	0	-0.01265	0.00548721	0.00548721	0	0	0	-66.2104	1.06486e-06	1.06486e-06	0	0	0	0.524546	-0.576832	0	1.10138		300	0.150978	-0.00710175	0.00355088	0.00355088	0	0	0	0.150978	0	-0.469668	-153.69	0	26.9754	26.9754	0	7.04502	0	0	0	0	0	0	0	0	0	0	0	0	0	0	0	0	0	0	0	0	0	0	0	0	0	0	0	0	0	0	0	0	0	
1	1	1	254	7.62		300	0	0	-0.0127	0.00551057	0.00551057	0	0	0	-66.3405	1.06323e-06	1.06323e-06	0	0	0	0.527859	-0.578154	0	1.10601		300	0.151636	-0.00714085	0.00357042	0.00357042	0	0	0	0.151636	0	-0.469668	-153.69	0	26.9754	26.9754	0	7.04502	0	0	0	0	0	0	0	0	0	0	0	0	0	0	0	0	0	0	0	0	0	0	0	0	0	0	0	0	0	0	0	0	0	
1	1	1	255	7.65		300	0	0	-0.01275	0.00553393	0.00553393	0	0	0	-66.4702	1.06161e-06	1.06161e-06	0	0	0	0.53118	-0.579471	0	1.11065		300	0.152294	-0.00717998	0.00358999	0.00358999	0	0	0	0.152294	0	-0.469668	-153.69	0	26.9754	26.9754	0	7.04502	0	0	0	0	0	0	0	0	0	0	0	0	0	0	0	0	0	0	0	0	0	0	0	0	0	0	0	0	0	0	0	0	0	
1	1	1	256	7.68		300	0	0	-0.0128	0.00555729	0.00555729	0	0	0	-66.5996	1.06002e-06	1.06002e-06	0	0	0	0.534506	-0.580782	0	1.11529		300	0.152952	-0.00721913	0.00360957	0.00360957	0	0	0	0.152952	0	-0.469668	-153.69	0	26.9754	26.9754	0	7.04502	0	0	0	0	0	0	0	0	0	0	0	0	0	0	0	0	0	0	0	0	0	0	0	0	0	0	0	0	0	0	0	0	0	
1	1	1	257	7.71		300	0	0	-0.01285	0.00558066	0.00558066	0	0	0	-66.7287	1.05844e-06	1.05844e-06	0	0	0	0.53784	-0.582088	0	1.11993		300	0.15361	-0.00725832	0.00362916	0.00362916	0	0	0	0.15361	0	-0.469668	-153.69	0	26.9754	26.9754	0	7.04502	0	0	0	0	0	0	0	0	0	0	0	0	0	0	0	0	0	0	0	0	0	0	0	0	0	0	0	0	0	0	0	0	0	
1	1	1	258	7.74		300	0	0	-0.0129	0.00560403	0.00560403	0	0	0	-66.8574	1.05688e-06	1.05688e-06	0	0	0	0.541179	-0.583388	0	1.12457		300	0.154269	-0.00729753	0.00364877	0.00364877	0	0	0	0.154269	0	-0.469668	-153.69	0	26.9754	26.9754	0	7.04502	0	0	0	0	0	0	0	0	0	0	0	0	0	0	0	0	0	0	0	0	0	0	0	0	0	0	0	0	0	0	0	0	0	
1	1	1	259	7.77		300	0	0	-0.01295	0.0056274	0.0056274	0	0	0	-66.9858	1.05533e-06	1.05533e-06	0	0	0	0.544525	-0.584682	0	1.12921		300	0.154927	-0.00733678	0.00366839	0.00366839	0	0	0	0.154927	0	-0.469668	-153.69	0	26.9754	26.9754	0	7.04502	0	0	0	0	0	0	0	0	0	0	0	0	0	0	0	0	0	0	0	0	0	0	0	0	0	0	0	0	0	0	0	0	0	
1	1	1	260	7.8		300	0	0	-0.013	0.00565078	0.00565078	0	0	0	-67.1138	1.0538e-06	1.0538e-06	0	0	0	0.547878	-0.58597	0	1.13385		300	0.155586	-0.00737605	0.00368803	0.00368803	0	0	0	0.155586	0	-0.469668	-153.69	0	26.9754	26.9754	0	7.04502	0	0	0	0	0	0	0	0	0	0	0	0	0	0	0	0	0	0	0	0	0	0	0	0	0	0	0	0	0	0	0	0	0	
1	1	1	261	7.83		300	0	0	-0.01305	0.00567417	0.00567417	0	0	0	-67.2414	1.05229e-06	1.05229e-06	0	0	0	0.551237	-0.587253	0	1.13849		300	0.156244	-0.00741535	0.00370768	0.00370768	0	0	0	0.156244	0	-0.469668	-153.69	0	26.9754	26.9754	0	7.04502	0	0	0	0	0	0	0	0	0	0	0	0	0	0	0	0	0	0	0	0	0	0	0	0	0	0	0	0	0	0	0	0	0	
1	1	1	262	7.86		300	0	0	-0.0131	0.00569756	0.00569756	0	0	0	-67.3688	1.0508e-06	1.0508e-06	0	0	0	0.554602	-0.58853	0	1.14313		300	0.156903	-0.00745468	0.00372734	0.00372734	0	0	0	0.156903	0	-0.469668	-153.69	0	26.9754	26.9754	0	7.04502	0	0	0	0	0	0	0	0	0	0	0	0	0	0	0	0	0	0	0	0	0	0	0	0	0	0	0	0	0	0	0	0	0	
1	1	1	263	7.89		300	0	0	-0.01315	0.00572095	0.00572095	0	0	0	-67.4958	1.04932e-06	1.04932e-06	0	0	0	0.557974	-0.589802	0	1.14778		300	0.157562	-0.00749404	0.00374702	0.00374702	0	0	0	0.157562	0	-0.469668	-153.69	0	26.9754	26.9754	0	7.04502	0	0	0	0	0	0	0	0	0	0	0	0	0	0	0	0	0	0	0	0	0	0	0	0	0	0	0	0	0	0	0	0	0	
1	1	1	264	7.92		300	0	0	-0.0132	0.00574435	0.00574435	0	0	0	-67.6224	1.04785e-06	1.04785e-06	0	0	0	0.561352	-0.591067	0	1.15242		300	0.158221	-0.00753343	0.00376671	0.00376671	0	0	0	0.158221	0	-0.469668	-153.69	0	26.9754	26.9754	0	7.04502	0	0	0	0	0	0	0	0	0	0	0	0	0	0	0	0	0	0	0	0	0	0	0	0	0	0	0	0	0	0	0	0	0	
1	1	1	265	7.95		300	0	0	-0.01325	0.00576775	0.00576775	0	0	0	-67.7488	1.04641e-06	1.04641e-06	0	0	0	0.564736	-0.592328	0	1.15706		300	0.15888	-0.00757284	0.00378642	0.00378642	0	0	0	0.15888	0	-0.469668	-153.69	0	26.9754	26.9754	0	7.04502	0	0	0	0	0	0	0	0	0	0	0	0	0	0	0	0	0	0	0	0	0	0	0	0	0	0	0	0	0	0	0	0	0	
1	1	1	266	7.98		300	0	0	-0.0133	0.00579115	0.00579115	0	0	0	-67.8748	1.04497e-06	1.04497e-06	0	0	0	0.568126	-0.593582	0	1.16171		300	0.159539	-0.00761228	0.00380614	0.00380614	0	0	0	0.159539	0	-0.469668	-153.69	0	26.9754	26.9754	0	7.04502	0	0	0	0	0	0	0	0	0	0	0	0	0	0	0	0	0	0	0	0	0	0	0	0	0	0	0	0	0	0	0	0	0	
1	1	1	267	8.01		300	0	0	-0.01335	0.00581456	0.00581456	0	0	0	-68.0005	1.04356e-06	1.04356e-06	0	0	0	0.571523	-0.594831	0	1.16635		300	0.160198	-0.00765175	0.00382587	0.00382587	0	0	0	0.160198	0	-0.469668	-153.69	0	26.9754	26.9754	0	7.04502	0	0	0	0	0	0	0	0	0	0	0	0	0	0	0	0	0	0	0	0	0	0	0	0	0	0	0	0	0	0	0	0	0	
1	1	1	268	8.04		300	0	0	-0.0134	0.00583798	0.00583798	0	0	0	-68.1258	1.04215e-06	1.04215e-06	0	0	0	0.574926	-0.596074	0	1.171		300	0.160857	-0.00769124	0.00384562	0.00384562	0	0	0	0.160857	0	-0.469668	-153.69	0	26.9754	26.9754	0	7.04502	0	0	0	0	0	0	0	0	0	0	0	0	0	0	0	0	0	0	0	0	0	0	0	0	0	0	0	0	0	0	0	0	0	
1	1	1	269	8.07		300	0	0	-0.01345	0.0058614	0.0058614	0	0	0	-68.2509	1.04077e-06	1.04077e-06	0	0	0	0.578336	-0.597312	0	1.17565		300	0.161517	-0.00773076	0.00386538	0.00386538	0	0	0	0.161517	0	-0.469668	-153.69	0	26.9754	26.9754	0	7.04502	0	0	0	0	0	0	0	0	0	0	0	0	0	0	0	0	0	0	0	0	0	0	0	0	0	0	0	0	0	0	0	0	0	
1	1	1	270	8.1		300	0	0	-0.0135	0.00588482	0.00588482	0	0	0	-68.3756	1.03939e-06	1.03939e-06	0	0	0	0.581752	-0.598544	0	1.1803		300	0.162176	-0.00777031	0.00388516	0.00388516	0	0	0	0.162176	0	-0.469668	-153.69	0	26.9754	26.9754	0	7.04502	0	0	0	0	0	0	0	0	0	0	0	0	0	0	0	0	0	0	0	0	0	0	0	0	0	0	0	0	0	0	0	0	0	
1	1	1	271	8.13		300	0	0	-0.01355	0.00590824	0.00590824	0	0	0	-68.5	1.03803e-06	1.03803e-06	0	0	0	0.585173	-0.599771	0	1.18494		300	0.162836	-0.00780989	0.00390494	0.00390494	0	0	0	0.162836	0	-0.469668	-153.69	0	26.9754	26.9754	0	7.04502	0	0	0	0	0	0	0	0	0	0	0	0	0	0	0	0	0	0	0	0	0	0	0	0	0	0	0	0	0	0	0	0	0	
1	1	1	272	8.16		300	0	0	-0.0136	0.00593167	0.00593167	0	0	0	-68.6241	1.03669e-06	1.03669e-06	0	0	0	0.588602	-0.600991	0	1.18959		300	0.163496	-0.00784949	0.00392474	0.00392474	0	0	0	0.163496	0	-0.469668	-153.69	0	26.9754	26.9754	0	7.04502	0	0	0	0	0	0	0	0	0	0	0	0	0	0	0	0	0	0	0	0	0	0	0	0	0	0	0	0	0	0	0	0	0	
1	1	1	273	8.19		300	0	0	-0.01365	0.00595511	0.00595511	0	0	0	-68.7479	1.03536e-06	1.03536e-06	0	0	0	0.592036	-0.602207	0	1.19424		300	0.164155	-0.00788912	0.00394456	0.00394456	0	0	0	0.164155	0	-0.469668	-153.69	0	26.9754	26.9754	0	7.04502	0	0	0	0	0	0	0	0	0	0	0	0	0	0	0	0	0	0	0	0	0	0	0	0	0	0	0	0	0	0	0	0	0	
1	1	1	274	8.22		300	0	0	-0.0137	0.00597854	0.00597854	0	0	0	-68.8713	1.03404e-06	1.03404e-06	0	0	0	0.595476	-0.603416	0	1.19889		300	0.164815	-0.00792877	0.00396439	0.00396439	0	0	0	0.164815	0	-0.469668	-153.69	0	26.9754	26.9754	0	7.04502	0	0	0	0	0	0	0	0	0	0	0	0	0	0	0	0	0	0	0	0	0	0	0	0	0	0	0	0	0	0	0	0	0	
1	1	1	275	8.25		300	0	0	-0.01375	0.00600199	0.00600199	0	0	0	-68.9945	1.03274e-06	1.03274e-06	0	0	0	0.598923	-0.60462	0	1.20354		300	0.165475	-0.00796845	0.00398422	0.00398422	0	0	0	0.165475	0	-0.469668	-153.69	0	26.9754	26.9754	0	7.04502	0	0	0	0	0	0	0	0	0	0	0	0	0	0	0	0	0	0	0	0	0	0	0	0	0	0	0	0	0	0	0	0	0	
1	1	1	276	8.28		300	0	0	-0.0138	0.00602543	0.00602543	0	0	0	-69.1174	1.03145e-06	1.03145e-06	0	0	0	0.602376	-0.605819	0	1.20819		300	0.166135	-0.00800815	0.00400408	0.00400408	0	0	0	0.166135	0	-0.469668	-153.69	0	26.9754	26.9754	0	7.04502	0	0	0	0	0	0	0	0	0	0	0	0	0	0	0	0	0	0	0	0	0	0	0	0	0	0	0	0	0	0	0	0	0	
1	1	1	277	8.31		300	0	0	-0.01385	0.00604888	0.00604888	0	0	0	-69.2399	1.03017e-06	1.03017e-06	0	0	0	0.605835	-0.607011	0	1.21285		300	0.166795	-0.00804788	0.00402394	0.00402394	0	0	0	0.166795	0	-0.469668	-153.69	0	26.9754	26.9754	0	7.04502	0	0	0	0	0	0	0	0	0	0	0	0	0	0	0	0	0	0	0	0	0	0	0	0	0	0	0	0	0	0	0	0	0	
1	1	1	278	8.34		300	0	0	-0.0139	0.00607233	0.00607233	0	0	0	-69.3622	1.02891e-06	1.02891e-06	0	0	0	0.6093	-0.608199	0	1.2175		300	0.167455	-0.00808764	0.00404382	0.00404382	0	0	0	0.167455	0	-0.469668	-153.69	0	26.9754	26.9754	0	7.04502	0	0	0	0	0	0	0	0	0	0	0	0	0	0	0	0	0	0	0	0	0	0	0	0	0	0	0	0	0	0	0	0	0	
1	1	1	279	8.37		300	0	0	-0.01395	0.00609579	0.00609579	0	0	0	-69.4842	1.02766e-06	1.02766e-06	0	0	0	0.612771	-0.60938	0	1.22215		300	0.168115	-0.00812742	0.00406371	0.00406371	0	0	0	0.168115	0	-0.469668	-153.69	0	26.9754	26.9754	0	7.04502	0	0	0	0	0	0	0	0	0	0	0	0	0	0	0	0	0	0	0	0	0	0	0	0	0	0	0	0	0	0	0	0	0	
1	1	1	280	8.4		300	0	0	-0.014	0.00611925	0.00611925	0	0	0	-69.6058	1.02642e-06	1.02642e-06	0	0	0	0.616248	-0.610556	0	1.2268		300	0.168776	-0.00816722	0.00408361	0.00408361	0	0	0	0.168776	0	-0.469668	-153.69	0	26.9754	26.9754	0	7.04502	0	0	0	0	0	0	0	0	0	0	0	0	0	0	0	0	0	0	0	0	0	0	0	0	0	0	0	0	0	0	0	0	0	
1	1	1	281	8.43		300	0	0	-0.01405	0.00614271	0.00614271	0	0	0	-69.7272	1.0252e-06	1.02519e-06	0	0	0	0.619731	-0.611727	0	1.23146		300	0.169436	-0.00820705	0.00410353	0.00410353	0	0	0	0.169436	0	-0.469668	-153.69	0	26.9754	26.9754	0	7.04502	0	0	0	0	0	0	0	0	0	0	0	0	0	0	0	0	0	0	0	0	0	0	0	0	0	0	0	0	0	0	0	0	0	
1	1	1	282	8.46		300	0	0	-0.0141	0.00616618	0.00616618	0	0	0	-69.8483	1.02398e-06	1.02398e-06	0	0	0	0.623221	-0.612892	0	1.23611		300	0.170096	-0.0082469	0.00412345	0.00412345	0	0	0	0.170096	0	-0.469668	-153.69	0	26.9754	26.9754	0	7.04502	0	0	0	0	0	0	0	0	0	0	0	0	0	0	0	0	0	0	0	0	0	0	0	0	0	0	0	0	0	0	0	0	0	
1	1	1	283	8.49		300	0	0	-0.01415	0.00618965	0.00618965	0	0	0	-69.9691	1.02278e-06	1.02278e-06	0	0	0	0.626716	-0.614051	0	1.24077		300	0.170757	-0.00828678	0.00414339	0.00414339	0	0	0	0.170757	0	-0.469668	-153.69	0	26.9754	26.9754	0	7.04502	0	0	0	0	0	0	0	0	0	0	0	0	0	0	0	0	0	0	0	0	0	0	0	0	0	0	0	0	0	0	0	0	0	
1	1	1	284	8.52		300	0	0	-0.0142	0.00621313	0.00621313	0	0	0	-70.0896	1.02159e-06	1.02159e-06	0	0	0	0.630218	-0.615205	0	1.24542		300	0.171417	-0.00832668	0.00416334	0.00416334	0	0	0	0.171417	0	-0.469668	-153.69	0	26.9754	26.9754	0	7.04502	0	0	0	0	0	0	0	0	0	0	0	0	0	0	0	0	0	0	0	0	0	0	0	0	0	0	0	0	0	0	0	0	0	
1	1	1	285	8.55		300	0	0	-0.01425	0.00623661	0.00623661	0	0	0	-70.2098	1.02042e-06	1.02042e-06	0	0	0	0.633725	-0.616353	0	1.25008		300	0.172078	-0.00836661	0.0041833	0.0041833	0	0	0	0.172078	0	-0.469668	-153.69	0	26.9754	26.9754	0	7.04502	0	0	0	0	0	0	0	0	0	0	0	0	0	0	0	0	0	0	0	0	0	0	0	0	0	0	0	0	0	0	0	0	0	
1	1	1	286	8.58		300	0	0	-0.0143	0.00626009	0.00626009	0	0	0	-70.3298	1.01925e-06	1.01925e-06	0	0	0	0.637239	-0.617496	0	1.25473		300	0.172739	-0.00840656	0.00420328	0.00420328	0	0	0	0.172739	0	-0.469668	-153.69	0	26.9754	26.9754	0	7.04502	0	0	0	0	0	0	0	0	0	0	0	0	0	0	0	0	0	0	0	0	0	0	0	0	0	0	0	0	0	0	0	0	0	
1	1	1	287	8.61		300	0	0	-0.01435	0.00628358	0.00628358	0	0	0	-70.4494	1.0181e-06	1.0181e-06	0	0	0	0.640758	-0.618633	0	1.25939		300	0.1734	-0.00844653	0.00422327	0.00422327	0	0	0	0.1734	0	-0.469668	-153.69	0	26.9754	26.9754	0	7.04502	0	0	0	0	0	0	0	0	0	0	0	0	0	0	0	0	0	0	0	0	0	0	0	0	0	0	0	0	0	0	0	0	0	
1	1	1	288	8.64		300	0	0	-0.0144	0.00630707	0.00630707	0	0	0	-70.5688	1.01696e-06	1.01696e-06	0	0	0	0.644284	-0.619765	0	1.26405		300	0.17406	-0.00848653	0.00424326	0.00424326	0	0	0	0.17406	0	-0.469668	-153.69	0	26.9754	26.9754	0	7.04502	0	0	0	0	0	0	0	0	0	0	0	0	0	0	0	0	0	0	0	0	0	0	0	0	0	0	0	0	0	0	0	0	0	
1	1	1	289	8.67		300	0	0	-0.01445	0.00633056	0.00633056	0	0	0	-70.6879	1.01583e-06	1.01583e-06	0	0	0	0.647815	-0.620891	0	1.26871		300	0.174721	-0.00852655	0.00426327	0.00426327	0	0	0	0.174721	0	-0.469668	-153.69	0	26.9754	26.9754	0	7.04502	0	0	0	0	0	0	0	0	0	0	0	0	0	0	0	0	0	0	0	0	0	0	0	0	0	0	0	0	0	0	0	0	0	
1	1	1	290	8.7		300	0	0	-0.0145	0.00635405	0.00635405	0	0	0	-70.8068	1.01471e-06	1.01471e-06	0	0	0	0.651352	-0.622011	0	1.27336		300	0.175382	-0.00856659	0.00428329	0.00428329	0	0	0	0.175382	0	-0.469668	-153.69	0	26.9754	26.9754	0	7.04502	0	0	0	0	0	0	0	0	0	0	0	0	0	0	0	0	0	0	0	0	0	0	0	0	0	0	0	0	0	0	0	0	0	
1	1	1	291	8.73		300	0	0	-0.01455	0.00637755	0.00637755	0	0	0	-70.9253	1.0136e-06	1.0136e-06	0	0	0	0.654896	-0.623126	0	1.27802		300	0.176043	-0.00860665	0.00430333	0.00430333	0	0	0	0.176043	0	-0.469668	-153.69	0	26.9754	26.9754	0	7.04502	0	0	0	0	0	0	0	0	0	0	0	0	0	0	0	0	0	0	0	0	0	0	0	0	0	0	0	0	0	0	0	0	0	
1	1	1	292	8.76		300	0	0	-0.0146	0.00640106	0.00640106	0	0	0	-71.0436	1.01251e-06	1.01251e-06	0	0	0	0.658445	-0.624236	0	1.28268		300	0.176704	-0.00864674	0.00432337	0.00432337	0	0	0	0.176704	0	-0.469668	-153.69	0	26.9754	26.9754	0	7.04502	0	0	0	0	0	0	0	0	0	0	0	0	0	0	0	0	0	0	0	0	0	0	0	0	0	0	0	0	0	0	0	0	0	
1	1	1	293	8.79		300	0	0	-0.01465	0.00642456	0.00642456	0	0	0	-71.1616	1.01142e-06	1.01142e-06	0	0	0	0.662	-0.62534	0	1.28734		300	0.177365	-0.00868685	0.00434343	0.00434343	0	0	0	0.177365	0	-0.469668	-153.69	0	26.9754	26.9754	0	7.04502	0	0	0	0	0	0	0	0	0	0	0	0	0	0	0	0	0	0	0	0	0	0	0	0	0	0	0	0	0	0	0	0	0	
1	1	1	294	8.82		300	0	0	-0.0147	0.00644807	0.00644807	0	0	0	-71.2794	1.01035e-06	1.01035e-06	0	0	0	0.665561	-0.626439	0	1.292		300	0.178026	-0.00872698	0.00436349	0.00436349	0	0	0	0.178026	0	-0.469668	-153.69	0	26.9754	26.9754	0	7.04502	0	0	0	0	0	0	0	0	0	0	0	0	0	0	0	0	0	0	0	0	0	0	0	0	0	0	0	0	0	0	0	0	0	
1	1	1	295	8.85		300	0	0	-0.01475	0.00647159	0.00647159	0	0	0	-71.3969	1.00928e-06	1.00928e-06	0	0	0	0.669128	-0.627532	0	1.29666		300	0.178688	-0.00876714	0.00438357	0.00438357	0	0	0	0.178688	0	-0.469668	-153.69	0	26.9754	26.9754	0	7.04502	0	0	0	0	0	0	0	0	0	0	0	0	0	0	0	0	0	0	0	0	0	0	0	0	0	0	0	0	0	0	0	0	0	
1	1	1	296	8.88		300	0	0	-0.0148	0.0064951	0.0064951	0	0	0	-71.5141	1.00823e-06	1.00823e-06	0	0	0	0.672701	-0.628619	0	1.30132		300	0.179349	-0.00880731	0.00440366	0.00440366	0	0	0	0.179349	0	-0.469668	-153.69	0	26.9754	26.9754	0	7.04502	0	0	0	0	0	0	0	0	0	0	0	0	0	0	0	0	0	0	0	0	0	0	0	0	0	0	0	0	0	0	0	0	0	
1	1	1	297	8.91		300	0	0	-0.01485	0.00651862	0.00651862	0	0	0	-71.6311	1.00719e-06	1.00719e-06	0	0	0	0.676279	-0.629701	0	1.30598		300	0.18001	-0.00884751	0.00442376	0.00442376	0	0	0	0.18001	0	-0.469668	-153.69	0	26.9754	26.9754	0	7.04502	0	0	0	0	0	0	0	0	0	0	0	0	0	0	0	0	0	0	0	0	0	0	0	0	0	0	0	0	0	0	0	0	0	
1	1	1	298	8.94		300	0	0	-0.0149	0.00654215	0.00654215	0	0	0	-71.7478	1.00615e-06	1.00615e-06	0	0	0	0.679864	-0.630778	0	1.31064		300	0.180672	-0.00888773	0.00444387	0.00444387	0	0	0	0.180672	0	-0.469668	-153.69	0	26.9754	26.9754	0	7.04502	0	0	0	0	0	0	0	0	0	0	0	0	0	0	0	0	0	0	0	0	0	0	0	0	0	0	0	0	0	0	0	0	0	
1	1	1	299	8.97		300	0	0	-0.01495	0.00656567	0.00656567	0	0	0	-71.8642	1.00513e-06	1.00513e-06	0	0	0	0.683454	-0.631849	0	1.3153		300	0.181333	-0.00892798	0.00446399	0.00446399	0	0	0	0.181333	0	-0.469668	-153.69	0	26.9754	26.9754	0	7.04502	0	0	0	0	0	0	0	0	0	0	0	0	0	0	0	0	0	0	0	0	0	0	0	0	0	0	0	0	0	0	0	0	0	
1	1	1	300	9		300	0	0	-0.015	0.0065892	0.0065892	0	0	0	-71.9804	1.00412e-06	1.00412e-06	0	0	0	0.68705	-0.632915	0	1.31996		300	0.181995	-0.00896824	0.00448412	0.00448412	0	0	0	0.181995	0	-0.469668	-153.69	0	26.9754	26.9754	0	7.04502	0	0	0	0	0	0	0	0	0	0	0	0	0	0	0	0	0	0	0	0	0	0	0	0	0	0	0	0	0	0	0	0	0	
1	1	1	301	9.03		300	0	0	-0.01505	0.00661274	0.00661274	0	0	0	-72.0963	1.00311e-06	1.00311e-06	0	0	0	0.690652	-0.633975	0	1.32463		300	0.182656	-0.00900852	0.00450426	0.00450426	0	0	0	0.182656	0	-0.469668	-153.69	0	26.9754	26.9754	0	7.04502	0	0	0	0	0	0	0	0	0	0	0	0	0	0	0	0	0	0	0	0	0	0	0	0	0	0	0	0	0	0	0	0	0	
1	1	1	302	9.06		300	0	0	-0.0151	0.00663627	0.00663627	0	0	0	-72.212	1.00212e-06	1.00212e-06	0	0	0	0.69426	-0.635029	0	1.32929		300	0.183318	-0.00904883	0.00452442	0.00452442	0	0	0	0.183318	0	-0.469668	-153.69	0	26.9754	26.9754	0	7.04502	0	0	0	0	0	0	0	0	0	0	0	0	0	0	0	0	0	0	0	0	0	0	0	0	0	0	0	0	0	0	0	0	0	
1	1	1	303	9.09		300	0	0	-0.01515	0.00665981	0.00665981	0	0	0	-72.3275	1.00114e-06	1.00114e-06	0	0	0	0.697873	-0.636079	0	1.33395		300	0.183979	-0.00908916	0.00454458	0.00454458	0	0	0	0.183979	0	-0.469668	-153.69	0	26.9754	26.9754	0	7.04502	0	0	0	0	0	0	0	0	0	0	0	0	0	0	0	0	0	0	0	0	0	0	0	0	0	0	0	0	0	0	0	0	0	
1	1	1	304	9.12		300	0	0	-0.0152	0.00668336	0.00668336	0	0	0	-72.4427	1.00016e-06	1.00016e-06	0	0	0	0.701493	-0.637122	0	1.33862		300	0.184641	-0.0091295	0.00456475	0.00456475	0	0	0	0.184641	0	-0.469668	-153.69	0	26.9754	26.9754	0	7.04502	0	0	0	0	0	0	0	0	0	0	0	0	0	0	0	0	0	0	0	0	0	0	0	0	0	0	0	0	0	0	0	0	0	
1	1	1	305	9.15		300	0	0	-0.01525	0.0067069	0.0067069	0	0	0	-72.5576	9.99197e-07	9.99197e-07	0	0	0	0.705118	-0.638161	0	1.34328		300	0.185303	-0.00916987	0.00458494	0.00458494	0	0	0	0.185303	0	-0.469668	-153.69	0	26.9754	26.9754	0	7.04502	0	0	0	0	0	0	0	0	0	0	0	0	0	0	0	0	0	0	0	0	0	0	0	0	0	0	0	0	0	0	0	0	0	
1	1	1	306	9.18		300	0	0	-0.0153	0.00673045	0.00673045	0	0	0	-72.6723	9.98241e-07	9.98241e-07	0	0	0	0.708748	-0.639194	0	1.34794		300	0.185964	-0.00921026	0.00460513	0.00460513	0	0	0	0.185964	0	-0.469668	-153.69	0	26.9754	26.9754	0	7.04502	0	0	0	0	0	0	0	0	0	0	0	0	0	0	0	0	0	0	0	0	0	0	0	0	0	0	0	0	0	0	0	0	0	
1	1	1	307	9.21		300	0	0	-0.01535	0.006754	0.006754	0	0	0	-72.7867	9.97294e-07	9.97294e-07	0	0	0	0.712385	-0.640221	0	1.35261		300	0.186626	-0.00925067	0.00462534	0.00462534	0	0	0	0.186626	0	-0.469668	-153.69	0	26.9754	26.9754	0	7.04502	0	0	0	0	0	0	0	0	0	0	0	0	0	0	0	0	0	0	0	0	0	0	0	0	0	0	0	0	0	0	0	0	0	
1	1	1	308	9.24		300	0	0	-0.0154	0.00677756	0.00677756	0	0	0	-72.9009	9.96357e-07	9.96356e-07	0	0	0	0.716027	-0.641243	0	1.35727		300	0.187288	-0.0092911	0.00464555	0.00464555	0	0	0	0.187288	0	-0.469668	-153.69	0	26.9754	26.9754	0	7.04502	0	0	0	0	0	0	0	0	0	0	0	0	0	0	0	0	0	0	0	0	0	0	0	0	0	0	0	0	0	0	0	0	0	
1	1	1	309	9.27		300	0	0	-0.01545	0.00680111	0.00680111	0	0	0	-73.0149	9.95428e-07	9.95428e-07	0	0	0	0.719675	-0.64226	0	1.36193		300	0.18795	-0.00933155	0.00466578	0.00466578	0	0	0	0.18795	0	-0.469668	-153.69	0	26.9754	26.9754	0	7.04502	0	0	0	0	0	0	0	0	0	0	0	0	0	0	0	0	0	0	0	0	0	0	0	0	0	0	0	0	0	0	0	0	0	
1	1	1	310	9.3		300	0	0	-0.0155	0.00682468	0.00682468	0	0	0	-73.1286	9.94508e-07	9.94508e-07	0	0	0	0.723329	-0.643271	0	1.3666		300	0.188612	-0.00937202	0.00468601	0.00468601	0	0	0	0.188612	0	-0.469668	-153.69	0	26.9754	26.9754	0	7.04502	0	0	0	0	0	0	0	0	0	0	0	0	0	0	0	0	0	0	0	0	0	0	0	0	0	0	0	0	0	0	0	0	0	
1	1	1	311	9.33		300	0	0	-0.01555	0.00684824	0.00684824	0	0	0	-73.2421	9.93596e-07	9.93596e-07	0	0	0	0.726988	-0.644276	0	1.37126		300	0.189274	-0.00941251	0.00470626	0.00470626	0	0	0	0.189274	0	-0.469668	-153.69	0	26.9754	26.9754	0	7.04502	0	0	0	0	0	0	0	0	0	0	0	0	0	0	0	0	0	0	0	0	0	0	0	0	0	0	0	0	0	0	0	0	0	
1	1	1	312	9.36		300	0	0	-0.0156	0.00687181	0.00687181	0	0	0	-73.3554	9.92694e-07	9.92693e-07	0	0	0	0.730653	-0.645277	0	1.37593		300	0.189936	-0.00945302	0.00472651	0.00472651	0	0	0	0.189936	0	-0.469668	-153.69	0	26.9754	26.9754	0	7.04502	0	0	0	0	0	0	0	0	0	0	0	0	0	0	0	0	0	0	0	0	0	0	0	0	0	0	0	0	0	0	0	0	0	
1	1	1	313	9.39		300	0	0	-0.01565	0.00689538	0.00689538	0	0	0	-73.4684	9.91799e-07	9.91799e-07	0	0	0	0.734323	-0.646272	0	1.3806		300	0.190598	-0.00949355	0.00474677	0.00474677	0	0	0	0.190598	0	-0.469668	-153.69	0	26.9754	26.9754	0	7.04502	0	0	0	0	0	0	0	0	0	0	0	0	0	0	0	0	0	0	0	0	0	0	0	0	0	0	0	0	0	0	0	0	0	
1	1	1	314	9.42		300	0	0	-0.0157	0.00691895	0.00691895	0	0	0	-73.5812	9.90914e-07	9.90913e-07	0	0	0	0.738	-0.647261	0	1.38526		300	0.19126	-0.0095341	0.00476705	0.00476705	0	0	0	0.19126	0	-0.469668	-153.69	0	26.9754	26.9754	0	7.04502	0	0	0	0	0	0	0	0	0	0	0	0	0	0	0	0	0	0	0	0	0	0	0	0	0	0	0	0	0	0	0	0	0	
1	1	1	315	9.45		300	0	0	-0.01575	0.00694252	0.00694252	0	0	0	-73.6938	9.90036e-07	9.90036e-07	0	0	0	0.741682	-0.648245	0	1.38993		300	0.191922	-0.00957467	0.00478733	0.00478733	0	0	0	0.191922	0	-0.469668	-153.69	0	26.9754	26.9754	0	7.04502	0	0	0	0	0	0	0	0	0	0	0	0	0	0	0	0	0	0	0	0	0	0	0	0	0	0	0	0	0	0	0	0	0	
1	1	1	316	9.48		300	0	0	-0.0158	0.0069661	0.0069661	0	0	0	-73.8061	9.89167e-07	9.89167e-07	0	0	0	0.745369	-0.649224	0	1.39459		300	0.192584	-0.00961525	0.00480763	0.00480763	0	0	0	0.192584	0	-0.469668	-153.69	0	26.9754	26.9754	0	7.04502	0	0	0	0	0	0	0	0	0	0	0	0	0	0	0	0	0	0	0	0	0	0	0	0	0	0	0	0	0	0	0	0	0	
1	1	1	317	9.51		300	0	0	-0.01585	0.00698968	0.00698968	0	0	0	-73.9182	9.88306e-07	9.88305e-07	0	0	0	0.749062	-0.650197	0	1.39926		300	0.193246	-0.00965586	0.00482793	0.00482793	0	0	0	0.193246	0	-0.469668	-153.69	0	26.9754	26.9754	0	7.04502	0	0	0	0	0	0	0	0	0	0	0	0	0	0	0	0	0	0	0	0	0	0	0	0	0	0	0	0	0	0	0	0	0	
1	1	1	318	9.54		300	0	0	-0.0159	0.00701327	0.00701327	0	0	0	-74.0301	9.87452e-07	9.87452e-07	0	0	0	0.752761	-0.651165	0	1.40393		300	0.193908	-0.00969648	0.00484824	0.00484824	0	0	0	0.193908	0	-0.469668	-153.69	0	26.9754	26.9754	0	7.04502	0	0	0	0	0	0	0	0	0	0	0	0	0	0	0	0	0	0	0	0	0	0	0	0	0	0	0	0	0	0	0	0	0	
1	1	1	319	9.57		300	0	0	-0.01595	0.00703686	0.00703686	0	0	0	-74.1417	9.86607e-07	9.86607e-07	0	0	0	0.756465	-0.652128	0	1.40859		300	0.19457	-0.00973713	0.00486856	0.00486856	0	0	0	0.19457	0	-0.469668	-153.69	0	26.9754	26.9754	0	7.04502	0	0	0	0	0	0	0	0	0	0	0	0	0	0	0	0	0	0	0	0	0	0	0	0	0	0	0	0	0	0	0	0	0	
1	1	1	320	9.6		300	0	0	-0.016	0.00706045	0.00706045	0	0	0	-74.2531	9.8577e-07	9.8577e-07	0	0	0	0.760175	-0.653085	0	1.41326		300	0.195232	-0.00977779	0.0048889	0.0048889	0	0	0	0.195232	0	-0.469668	-153.69	0	26.9754	26.9754	0	7.04502	0	0	0	0	0	0	0	0	0	0	0	0	0	0	0	0	0	0	0	0	0	0	0	0	0	0	0	0	0	0	0	0	0	
1	1	1	321	9.63		300	0	0	-0.01605	0.00708404	0.00708404	0	0	0	-74.3643	9.8494e-07	9.8494e-07	0	0	0	0.76389	-0.654037	0	1.41793		300	0.195895	-0.00981847	0.00490924	0.00490924	0	0	0	0.195895	0	-0.469668	-153.69	0	26.9754	26.9754	0	7.04502	0	0	0	0	0	0	0	0	0	0	0	0	0	0	0	0	0	0	0	0	0	0	0	0	0	0	0	0	0	0	0	0	0	
1	1	1	322	9.66		300	0	0	-0.0161	0.00710763	0.00710763	0	0	0	-74.4753	9.84118e-07	9.84118e-07	0	0	0	0.767611	-0.654983	0	1.42259		300	0.196557	-0.00985917	0.00492959	0.00492959	0	0	0	0.196557	0	-0.469668	-153.69	0	26.9754	26.9754	0	7.04502	0	0	0	0	0	0	0	0	0	0	0	0	0	0	0	0	0	0	0	0	0	0	0	0	0	0	0	0	0	0	0	0	0	
1	1	1	323	9.69		300	0	0	-0.01615	0.00713123	0.00713123	0	0	0	-74.5861	9.83304e-07	9.83303e-07	0	0	0	0.771338	-0.655924	0	1.42726		300	0.197219	-0.00989989	0.00494995	0.00494995	0	0	0	0.197219	0	-0.469668	-153.69	0	26.9754	26.9754	0	7.04502	0	0	0	0	0	0	0	0	0	0	0	0	0	0	0	0	0	0	0	0	0	0	0	0	0	0	0	0	0	0	0	0	0	
1	1	1	324	9.72		300	0	0	-0.0162	0.00715483	0.00715483	0	0	0	-74.6966	9.82497e-07	9.82496e-07	0	0	0	0.77507	-0.65686	0	1.43193		300	0.197882	-0.00994063	0.00497031	0.00497031	0	0	0	0.197882	0	-0.469668	-153.69	0	26.9754	26.9754	0	7.04502	0	0	0	0	0	0	0	0	0	0	0	0	0	0	0	0	0	0	0	0	0	0	0	0	0	0	0	0	0	0	0	0	0	
1	1	1	325	9.75		300	0	0	-0.01625	0.00717844	0.00717844	0	0	0	-74.807	9.81697e-07	9.81697e-07	0	0	0	0.778808	-0.657791	0	1.4366		300	0.198544	-0.00998138	0.00499069	0.00499069	0	0	0	0.198544	0	-0.469668	-153.69	0	26.9754	26.9754	0	7.04502	0	0	0	0	0	0	0	0	0	0	0	0	0	0	0	0	0	0	0	0	0	0	0	0	0	0	0	0	0	0	0	0	0	
1	1	1	326	9.78		300	0	0	-0.0163	0.00720205	0.00720205	0	0	0	-74.9171	9.80905e-07	9.80905e-07	0	0	0	0.782551	-0.658716	0	1.44127		300	0.199206	-0.0100222	0.00501108	0.00501108	0	0	0	0.199206	0	-0.469668	-153.69	0	26.9754	26.9754	0	7.04502	0	0	0	0	0	0	0	0	0	0	0	0	0	0	0	0	0	0	0	0	0	0	0	0	0	0	0	0	0	0	0	0	0	
1	1	1	327	9.81		300	0	0	-0.01635	0.00722565	0.00722565	0	0	0	-75.027	9.8012e-07	9.80119e-07	0	0	0	0.786299	-0.659635	0	1.44593		300	0.199869	-0.0100629	0.00503147	0.00503147	0	0	0	0.199869	0	-0.469668	-153.69	0	26.9754	26.9754	0	7.04502	0	0	0	0	0	0	0	0	0	0	0	0	0	0	0	0	0	0	0	0	0	0	0	0	0	0	0	0	0	0	0	0	0	
1	1	1	328	9.84		300	0	0	-0.0164	0.00724927	0.00724927	0	0	0	-75.1367	9.79342e-07	9.79342e-07	0	0	0	0.790053	-0.66055	0	1.4506		300	0.200531	-0.0101038	0.00505188	0.00505188	0	0	0	0.200531	0	-0.469668	-153.69	0	26.9754	26.9754	0	7.04502	0	0	0	0	0	0	0	0	0	0	0	0	0	0	0	0	0	0	0	0	0	0	0	0	0	0	0	0	0	0	0	0	0	
1	1	1	329	9.87		300	0	0	-0.01645	0.00727288	0.00727288	0	0	0	-75.2462	9.78571e-07	9.78571e-07	0	0	0	0.793813	-0.661459	0	1.45527		300	0.201194	-0.0101446	0.00507229	0.00507229	0	0	0	0.201194	0	-0.469668	-153.69	0	26.9754	26.9754	0	7.04502	0	0	0	0	0	0	0	0	0	0	0	0	0	0	0	0	0	0	0	0	0	0	0	0	0	0	0	0	0	0	0	0	0	
1	1	1	330	9.9		300	0	0	-0.0165	0.0072965	0.0072965	0	0	0	-75.3554	9.77807e-07	9.77807e-07	0	0	0	0.797578	-0.662363	0	1.45994		300	0.201856	-0.0101854	0.00509271	0.00509271	0	0	0	0.201856	0	-0.469668	-153.69	0	26.9754	26.9754	0	7.04502	0	0	0	0	0	0	0	0	0	0	0	0	0	0	0	0	0	0	0	0	0	0	0	0	0	0	0	0	0	0	0	0	0	
1	1	1	331	9.93		300	0	0	-0.01655	0.00732012	0.00732012	0	0	0	-75.4645	9.7705e-07	9.7705e-07	0	0	0	0.801349	-0.663261	0	1.46461		300	0.202519	-0.0102263	0.00511314	0.00511314	0	0	0	0.202519	0	-0.469668	-153.69	0	26.9754	26.9754	0	7.04502	0	0	0	0	0	0	0	0	0	0	0	0	0	0	0	0	0	0	0	0	0	0	0	0	0	0	0	0	0	0	0	0	0	
1	1	1	332	9.96		300	0	0	-0.0166	0.00734374	0.00734374	0	0	0	-75.5734	9.763e-07	9.763e-07	0	0	0	0.805125	-0.664154	0	1.46928		300	0.203181	-0.0102672	0.00513358	0.00513358	0	0	0	0.203181	0	-0.469668	-153.69	0	26.9754	26.9754	0	7.04502	0	0	0	0	0	0	0	0	0	0	0	0	0	0	0	0	0	0	0	0	0	0	0	0	0	0	0	0	0	0	0	0	0	
1	1	1	333	9.99		300	0	0	-0.01665	0.00736737	0.00736737	0	0	0	-75.682	9.75556e-07	9.75556e-07	0	0	0	0.808906	-0.665042	0	1.47395		300	0.203844	-0.0103081	0.00515403	0.00515403	0	0	0	0.203844	0	-0.469668	-153.69	0	26.9754	26.9754	0	7.04502	0	0	0	0	0	0	0	0	0	0	0	0	0	0	0	0	0	0	0	0	0	0	0	0	0	0	0	0	0	0	0	0	0	
1	1	1	334	10.02		300	0	0	-0.0167	0.00739099	0.00739099	0	0	0	-75.7905	9.7482e-07	9.74819e-07	0	0	0	0.812693	-0.665925	0	1.47862		300	0.204506	-0.010349	0.00517448	0.00517448	0	0	0	0.204506	0	-0.469668	-153.69	0	26.9754	26.9754	0	7.04502	0	0	0	0	0	0	0	0	0	0	0	0	0	0	0	0	0	0	0	0	0	0	0	0	0	0	0	0	0	0	0	0	0	
1	1	1	335	10.05		300	0	0	-0.01675	0.00741462	0.00741462	0	0	0	-75.8987	9.74089e-07	9.74089e-07	0	0	0	0.816485	-0.666802	0	1.48329		300	0.205169	-0.0103899	0.00519495	0.00519495	0	0	0	0.205169	0	-0.469668	-153.69	0	26.9754	26.9754	0	7.04502	0	0	0	0	0	0	0	0	0	0	0	0	0	0	0	0	0	0	0	0	0	0	0	0	0	0	0	0	0	0	0	0	0	
1	1	1	336	10.08		300	0	0	-0.0168	0.00743826	0.00743826	0	0	0	-76.0068	9.73366e-07	9.73366e-07	0	0	0	0.820283	-0.667674	0	1.48796		300	0.205831	-0.0104308	0.00521542	0.00521542	0	0	0	0.205831	0	-0.469668	-153.69	0	26.9754	26.9754	0	7.04502	0	0	0	0	0	0	0	0	0	0	0	0	0	0	0	0	0	0	0	0	0	0	0	0	0	0	0	0	0	0	0	0	0	
1	1	1	337	10.11		300	0	0	-0.01685	0.00746189	0.00746189	0	0	0	-76.1146	9.72649e-07	9.72648e-07	0	0	0	0.824086	-0.668541	0	1.49263		300	0.206494	-0.0104718	0.0052359	0.0052359	0	0	0	0.206494	0	-0.469668	-153.69	0	26.9754	26.9754	0	7.04502	0	0	0	0	0	0	0	0	0	0	0	0	0	0	0	0	0	0	0	0	0	0	0	0	0	0	0	0	0	0	0	0	0	
1	1	1	338	10.14		300	0	0	-0.0169	0.00748553	0.00748553	0	0	0	-76.2223	9.71938e-07	9.71938e-07	0	0	0	0.827894	-0.669402	0	1.4973		300	0.207157	-0.0105128	0.00525639	0.00525639	0	0	0	0.207157	0	-0.469668	-153.69	0	26.9754	26.9754	0	7.04502	0	0	0	0	0	0	0	0	0	0	0	0	0	0	0	0	0	0	0	0	0	0	0	0	0	0	0	0	0	0	0	0	0	
1	1	1	339	10.17		300	0	0	-0.01695	0.00750917	0.00750917	0	0	0	-76.3297	9.71233e-07	9.71233e-07	0	0	0	0.831708	-0.670258	0	1.50197		300	0.207819	-0.0105538	0.00527689	0.00527689	0	0	0	0.207819	0	-0.469668	-153.69	0	26.9754	26.9754	0	7.04502	0	0	0	0	0	0	0	0	0	0	0	0	0	0	0	0	0	0	0	0	0	0	0	0	0	0	0	0	0	0	0	0	0	
1	1	1	340	10.2		300	0	0	-0.017	0.00753281	0.00753281	0	0	0	-76.437	9.70535e-07	9.70535e-07	0	0	0	0.835527	-0.671109	0	1.50664		300	0.208482	-0.0105948	0.0052974	0.0052974	0	0	0	0.208482	0	-0.469668	-153.69	0	26.9754	26.9754	0	7.04502	0	0	0	0	0	0	0	0	0	0	0	0	0	0	0	0	0	0	0	0	0	0	0	0	0	0	0	0	0	0	0	0	0	
1	1	1	341	10.23		300	0	0	-0.01705	0.00755646	0.00755646	0	0	0	-76.544	9.69843e-07	9.69843e-07	0	0	0	0.839352	-0.671955	0	1.51131		300	0.209144	-0.0106358	0.00531791	0.00531791	0	0	0	0.209144	0	-0.469668	-153.69	0	26.9754	26.9754	0	7.04502	0	0	0	0	0	0	0	0	0	0	0	0	0	0	0	0	0	0	0	0	0	0	0	0	0	0	0	0	0	0	0	0	0	
1	1	1	342	10.26		300	0	0	-0.0171	0.00758011	0.00758011	0	0	0	-76.6509	9.69157e-07	9.69157e-07	0	0	0	0.843181	-0.672795	0	1.51598		300	0.209807	-0.0106769	0.00533843	0.00533843	0	0	0	0.209807	0	-0.469668	-153.69	0	26.9754	26.9754	0	7.04502	0	0	0	0	0	0	0	0	0	0	0	0	0	0	0	0	0	0	0	0	0	0	0	0	0	0	0	0	0	0	0	0	0	
1	1	1	343	10.29		300	0	0	-0.01715	0.00760376	0.00760376	0	0	0	-76.7576	9.68477e-07	9.68477e-07	0	0	0	0.847017	-0.67363	0	1.52065		300	0.21047	-0.0107179	0.00535896	0.00535896	0	0	0	0.21047	0	-0.469668	-153.69	0	26.9754	26.9754	0	7.04502	0	0	0	0	0	0	0	0	0	0	0	0	0	0	0	0	0	0	0	0	0	0	0	0	0	0	0	0	0	0	0	0	0	
1	1	1	344	10.32		300	0	0	-0.0172	0.00762741	0.00762741	0	0	0	-76.8641	9.67803e-07	9.67803e-07	0	0	0	0.850857	-0.67446	0	1.52532		300	0.211132	-0.010759	0.0053795	0.0053795	0	0	0	0.211132	0	-0.469668	-153.69	0	26.9754	26.9754	0	7.04502	0	0	0	0	0	0	0	0	0	0	0	0	0	0	0	0	0	0	0	0	0	0	0	0	0	0	0	0	0	0	0	0	0	
1	1	1	345	10.35		300	0	0	-0.01725	0.00765106	0.00765106	0	0	0	-76.9704	9.67135e-07	9.67135e-07	0	0	0	0.854703	-0.675284	0	1.52999		300	0.211795	-0.0108001	0.00540005	0.00540005	0	0	0	0.211795	0	-0.469668	-153.69	0	26.9754	26.9754	0	7.04502	0	0	0	0	0	0	0	0	0	0	0	0	0	0	0	0	0	0	0	0	0	0	0	0	0	0	0	0	0	0	0	0	0	
1	1	1	346	10.38		300	0	0	-0.0173	0.00767472	0.00767472	0	0	0	-77.0765	9.66473e-07	9.66473e-07	0	0	0	0.858554	-0.676104	0	1.53466		300	0.212458	-0.0108412	0.0054206	0.0054206	0	0	0	0.212458	0	-0.469668	-153.69	0	26.9754	26.9754	0	7.04502	0	0	0	0	0	0	0	0	0	0	0	0	0	0	0	0	0	0	0	0	0	0	0	0	0	0	0	0	0	0	0	0	0	
1	1	1	347	10.41		300	0	0	-0.01735	0.00769838	0.00769838	0	0	0	-77.1824	9.65816e-07	9.65816e-07	0	0	0	0.862411	-0.676918	0	1.53933		300	0.213121	-0.0108823	0.00544116	0.00544116	0	0	0	0.213121	0	-0.469668	-153.69	0	26.9754	26.9754	0	7.04502	0	0	0	0	0	0	0	0	0	0	0	0	0	0	0	0	0	0	0	0	0	0	0	0	0	0	0	0	0	0	0	0	0	
1	1	1	348	10.44		300	0	0	-0.0174	0.00772204	0.00772204	0	0	0	-77.2881	9.65165e-07	9.65165e-07	0	0	0	0.866272	-0.677727	0	1.544		300	0.213783	-0.0109235	0.00546173	0.00546173	0	0	0	0.213783	0	-0.469668	-153.69	0	26.9754	26.9754	0	7.04502	0	0	0	0	0	0	0	0	0	0	0	0	0	0	0	0	0	0	0	0	0	0	0	0	0	0	0	0	0	0	0	0	0	
1	1	1	349	10.47		300	0	0	-0.01745	0.00774571	0.00774571	0	0	0	-77.3937	9.6452e-07	9.6452e-07	0	0	0	0.870139	-0.67853	0	1.54867		300	0.214446	-0.0109646	0.00548231	0.00548231	0	0	0	0.214446	0	-0.469668	-153.69	0	26.9754	26.9754	0	7.04502	0	0	0	0	0	0	0	0	0	0	0	0	0	0	0	0	0	0	0	0	0	0	0	0	0	0	0	0	0	0	0	0	0	
1	1	1	350	10.5		300	0	0	-0.0175	0.00776938	0.00776938	0	0	0	-77.499	9.63881e-07	9.63881e-07	0	0	0	0.874012	-0.679329	0	1.55334		300	0.215109	-0.0110058	0.0055029	0.0055029	0	0	0	0.215109	0	-0.469668	-153.69	0	26.9754	26.9754	0	7.04502	0	0	0	0	0	0	0	0	0	0	0	0	0	0	0	0	0	0	0	0	0	0	0	0	0	0	0	0	0	0	0	0	0	
1	1	1	351	10.53		300	0	0	-0.01755	0.00779304	0.00779304	0	0	0	-77.6042	9.63247e-07	9.63247e-07	0	0	0	0.877889	-0.680122	0	1.55801		300	0.215772	-0.011047	0.00552349	0.00552349	0	0	0	0.215772	0	-0.469668	-153.69	0	26.9754	26.9754	0	7.04502	0	0	0	0	0	0	0	0	0	0	0	0	0	0	0	0	0	0	0	0	0	0	0	0	0	0	0	0	0	0	0	0	0	
1	1	1	352	10.56		300	0	0	-0.0176	0.00781672	0.00781672	0	0	0	-77.7092	9.62618e-07	9.62618e-07	0	0	0	0.881772	-0.68091	0	1.56268		300	0.216434	-0.0110882	0.00554409	0.00554409	0	0	0	0.216434	0	-0.469668	-153.69	0	26.9754	26.9754	0	7.04502	0	0	0	0	0	0	0	0	0	0	0	0	0	0	0	0	0	0	0	0	0	0	0	0	0	0	0	0	0	0	0	0	0	
1	1	1	353	10.59		300	0	0	-0.01765	0.00784039	0.00784039	0	0	0	-77.814	9.61995e-07	9.61995e-07	0	0	0	0.88566	-0.681693	0	1.56735		300	0.217097	-0.0111294	0.0055647	0.0055647	0	0	0	0.217097	0	-0.469668	-153.69	0	26.9754	26.9754	0	7.04502	0	0	0	0	0	0	0	0	0	0	0	0	0	0	0	0	0	0	0	0	0	0	0	0	0	0	0	0	0	0	0	0	0	
1	1	1	354	10.62		300	0	0	-0.0177	0.00786407	0.00786407	0	0	0	-77.9186	9.61377e-07	9.61377e-07	0	0	0	0.889554	-0.68247	0	1.57202		300	0.21776	-0.0111706	0.00558532	0.00558532	0	0	0	0.21776	0	-0.469668	-153.69	0	26.9754	26.9754	0	7.04502	0	0	0	0	0	0	0	0	0	0	0	0	0	0	0	0	0	0	0	0	0	0	0	0	0	0	0	0	0	0	0	0	0	
1	1	1	355	10.65		300	0	0	-0.01775	0.00788774	0.00788774	0	0	0	-78.0231	9.60765e-07	9.60765e-07	0	0	0	0.893452	-0.683243	0	1.57669		300	0.218423	-0.0112119	0.00560594	0.00560594	0	0	0	0.218423	0	-0.469668	-153.69	0	26.9754	26.9754	0	7.04502	0	0	0	0	0	0	0	0	0	0	0	0	0	0	0	0	0	0	0	0	0	0	0	0	0	0	0	0	0	0	0	0	0	
1	1	1	356	10.68		300	0	0	-0.0178	0.00791142	0.00791142	0	0	0	-78.1274	9.60157e-07	9.60157e-07	0	0	0	0.897356	-0.68401	0	1.58137		300	0.219085	-0.0112531	0.00562657	0.00562657	0	0	0	0.219085	0	-0.469668	-153.69	0	26.9754	26.9754	0	7.04502	0	0	0	0	0	0	0	0	0	0	0	0	0	0	0	0	0	0	0	0	0	0	0	0	0	0	0	0	0	0	0	0	0	
1	1	1	357	10.71		300	0	0	-0.01785	0.00793511	0.00793511	0	0	0	-78.2315	9.59555e-07	9.59555e-07	0	0	0	0.901265	-0.684772	0	1.58604		300	0.219748	-0.0112944	0.00564721	0.00564721	0	0	0	0.219748	0	-0.469668	-153.69	0	26.9754	26.9754	0	7.04502	0	0	0	0	0	0	0	0	0	0	0	0	0	0	0	0	0	0	0	0	0	0	0	0	0	0	0	0	0	0	0	0	0	
1	1	1	358	10.74		300	0	0	-0.0179	0.00795879	0.00795879	0	0	0	-78.3354	9.58958e-07	9.58958e-07	0	0	0	0.905179	-0.685529	0	1.59071		300	0.220411	-0.0113357	0.00566785	0.00566785	0	0	0	0.220411	0	-0.469668	-153.69	0	26.9754	26.9754	0	7.04502	0	0	0	0	0	0	0	0	0	0	0	0	0	0	0	0	0	0	0	0	0	0	0	0	0	0	0	0	0	0	0	0	0	
1	1	1	359	10.77		300	0	0	-0.01795	0.00798248	0.00798248	0	0	0	-78.4392	9.58366e-07	9.58366e-07	0	0	0	0.909098	-0.686281	0	1.59538		300	0.221074	-0.011377	0.00568851	0.00568851	0	0	0	0.221074	0	-0.469668	-153.69	0	26.9754	26.9754	0	7.04502	0	0	0	0	0	0	0	0	0	0	0	0	0	0	0	0	0	0	0	0	0	0	0	0	0	0	0	0	0	0	0	0	0	
1	1	1	360	10.8		300	0	0	-0.018	0.00800617	0.00800617	0	0	0	-78.5427	9.5778e-07	9.5778e-07	0	0	0	0.913023	-0.687027	0	1.60005		300	0.221737	-0.0114183	0.00570917	0.00570917	0	0	0	0.221737	0	-0.469668	-153.69	0	26.9754	26.9754	0	7.04502	0	0	0	0	0	0	0	0	0	0	0	0	0	0	0	0	0	0	0	0	0	0	0	0	0	0	0	0	0	0	0	0	0	
1	1	1	361	10.83		300	0	0	-0.01805	0.00802986	0.00802986	0	0	0	-78.6462	9.57198e-07	9.57198e-07	0	0	0	0.916953	-0.687768	0	1.60472		300	0.222399	-0.0114597	0.00572983	0.00572983	0	0	0	0.222399	0	-0.469668	-153.69	0	26.9754	26.9754	0	7.04502	0	0	0	0	0	0	0	0	0	0	0	0	0	0	0	0	0	0	0	0	0	0	0	0	0	0	0	0	0	0	0	0	0	
1	1	1	362	10.86		300	0	0	-0.0181	0.00805355	0.00805355	0	0	0	-78.7494	9.56621e-07	9.56621e-07	0	0	0	0.920888	-0.688505	0	1.60939		300	0.223062	-0.011501	0.00575051	0.00575051	0	0	0	0.223062	0	-0.469668	-153.69	0	26.9754	26.9754	0	7.04502	0	0	0	0	0	0	0	0	0	0	0	0	0	0	0	0	0	0	0	0	0	0	0	0	0	0	0	0	0	0	0	0	0	
1	1	1	363	10.89		300	0	0	-0.01815	0.00807725	0.00807725	0	0	0	-78.8525	9.56049e-07	9.56049e-07	0	0	0	0.924828	-0.689236	0	1.61406		300	0.223725	-0.0115424	0.00577119	0.00577119	0	0	0	0.223725	0	-0.469668	-153.69	0	26.9754	26.9754	0	7.04502	0	0	0	0	0	0	0	0	0	0	0	0	0	0	0	0	0	0	0	0	0	0	0	0	0	0	0	0	0	0	0	0	0	
1	1	1	364	10.92		300	0	0	-0.0182	0.00810095	0.00810095	0	0	0	-78.9554	9.55481e-07	9.55481e-07	0	0	0	0.928773	-0.689962	0	1.61873		300	0.224388	-0.0115838	0.00579188	0.00579188	0	0	0	0.224388	0	-0.469668	-153.69	0	26.9754	26.9754	0	7.04502	0	0	0	0	0	0	0	0	0	0	0	0	0	0	0	0	0	0	0	0	0	0	0	0	0	0	0	0	0	0	0	0	0	
1	1	1	365	10.95		300	0	0	-0.01825	0.00812465	0.00812465	0	0	0	-79.0581	9.54919e-07	9.54919e-07	0	0	0	0.932723	-0.690682	0	1.62341		300	0.225051	-0.0116251	0.00581257	0.00581257	0	0	0	0.225051	0	-0.469668	-153.69	0	26.9754	26.9754	0	7.04502	0	0	0	0	0	0	0	0	0	0	0	0	0	0	0	0	0	0	0	0	0	0	0	0	0	0	0	0	0	0	0	0	0	
1	1	1	366	10.98		300	0	0	-0.0183	0.00814835	0.00814835	0	0	0	-79.1607	9.54361e-07	9.54361e-07	0	0	0	0.936679	-0.691398	0	1.62808		300	0.225713	-0.0116666	0.00583328	0.00583328	0	0	0	0.225713	0	-0.469668	-153.69	0	26.9754	26.9754	0	7.04502	0	0	0	0	0	0	0	0	0	0	0	0	0	0	0	0	0	0	0	0	0	0	0	0	0	0	0	0	0	0	0	0	0	
1	1	1	367	11.01		300	0	0	-0.01835	0.00817205	0.00817205	0	0	0	-79.2631	9.53808e-07	9.53808e-07	0	0	0	0.940639	-0.692108	0	1.63275		300	0.226376	-0.011708	0.00585399	0.00585399	0	0	0	0.226376	0	-0.469668	-153.69	0	26.9754	26.9754	0	7.04502	0	0	0	0	0	0	0	0	0	0	0	0	0	0	0	0	0	0	0	0	0	0	0	0	0	0	0	0	0	0	0	0	0	
1	1	1	368	11.04		300	0	0	-0.0184	0.00819576	0.00819576	0	0	0	-79.3653	9.53259e-07	9.53259e-07	0	0	0	0.944605	-0.692814	0	1.63742		300	0.227039	-0.0117494	0.0058747	0.0058747	0	0	0	0.227039	0	-0.469668	-153.69	0	26.9754	26.9754	0	7.04502	0	0	0	0	0	0	0	0	0	0	0	0	0	0	0	0	0	0	0	0	0	0	0	0	0	0	0	0	0	0	0	0	0	
1	1	1	369	11.07		300	0	0	-0.01845	0.00821947	0.00821947	0	0	0	-79.4674	9.52715e-07	9.52715e-07	0	0	0	0.948576	-0.693514	0	1.64209		300	0.227702	-0.0117909	0.00589543	0.00589543	0	0	0	0.227702	0	-0.469668	-153.69	0	26.9754	26.9754	0	7.04502	0	0	0	0	0	0	0	0	0	0	0	0	0	0	0	0	0	0	0	0	0	0	0	0	0	0	0	0	0	0	0	0	0	
1	1	1	370	11.1		300	0	0	-0.0185	0.00824318	0.00824318	0	0	0	-79.5693	9.52176e-07	9.52176e-07	0	0	0	0.952552	-0.694209	0	1.64676		300	0.228364	-0.0118323	0.00591616	0.00591616	0	0	0	0.228364	0	-0.469668	-153.69	0	26.9754	26.9754	0	7.04502	0	0	0	0	0	0	0	0	0	0	0	0	0	0	0	0	0	0	0	0	0	0	0	0	0	0	0	0	0	0	0	0	0	
1	1	1	371	11.13		300	0	0	-0.01855	0.00826689	0.00826689	0	0	0	-79.671	9.51641e-07	9.51641e-07	0	0	0	0.956533	-0.694899	0	1.65143		300	0.229027	-0.0118738	0.00593689	0.00593689	0	0	0	0.229027	0	-0.469668	-153.69	0	26.9754	26.9754	0	7.04502	0	0	0	0	0	0	0	0	0	0	0	0	0	0	0	0	0	0	0	0	0	0	0	0	0	0	0	0	0	0	0	0	0	
1	1	1	372	11.16		300	0	0	-0.0186	0.00829061	0.00829061	0	0	0	-79.7726	9.5111e-07	9.5111e-07	0	0	0	0.960519	-0.695584	0	1.6561		300	0.22969	-0.0119153	0.00595764	0.00595764	0	0	0	0.22969	0	-0.469668	-153.69	0	26.9754	26.9754	0	7.04502	0	0	0	0	0	0	0	0	0	0	0	0	0	0	0	0	0	0	0	0	0	0	0	0	0	0	0	0	0	0	0	0	0	
1	1	1	373	11.19		300	0	0	-0.01865	0.00831432	0.00831432	0	0	0	-79.874	9.50584e-07	9.50584e-07	0	0	0	0.96451	-0.696264	0	1.66077		300	0.230353	-0.0119568	0.00597839	0.00597839	0	0	0	0.230353	0	-0.469668	-153.69	0	26.9754	26.9754	0	7.04502	0	0	0	0	0	0	0	0	0	0	0	0	0	0	0	0	0	0	0	0	0	0	0	0	0	0	0	0	0	0	0	0	0	
1	1	1	374	11.22		300	0	0	-0.0187	0.00833804	0.00833804	0	0	0	-79.9753	9.50062e-07	9.50062e-07	0	0	0	0.968506	-0.696938	0	1.66544		300	0.231016	-0.0119983	0.00599914	0.00599914	0	0	0	0.231016	0	-0.469668	-153.69	0	26.9754	26.9754	0	7.04502	0	0	0	0	0	0	0	0	0	0	0	0	0	0	0	0	0	0	0	0	0	0	0	0	0	0	0	0	0	0	0	0	0	
1	1	1	375	11.25		300	0	0	-0.01875	0.00836176	0.00836176	0	0	0	-80.0764	9.49545e-07	9.49545e-07	0	0	0	0.972507	-0.697608	0	1.67012		300	0.231678	-0.0120398	0.00601991	0.00601991	0	0	0	0.231678	0	-0.469668	-153.69	0	26.9754	26.9754	0	7.04502	0	0	0	0	0	0	0	0	0	0	0	0	0	0	0	0	0	0	0	0	0	0	0	0	0	0	0	0	0	0	0	0	0	
1	1	1	376	11.28		300	0	0	-0.0188	0.00838548	0.00838548	0	0	0	-80.1774	9.49032e-07	9.49032e-07	0	0	0	0.976514	-0.698272	0	1.67479		300	0.232341	-0.0120814	0.00604068	0.00604068	0	0	0	0.232341	0	-0.469668	-153.69	0	26.9754	26.9754	0	7.04502	0	0	0	0	0	0	0	0	0	0	0	0	0	0	0	0	0	0	0	0	0	0	0	0	0	0	0	0	0	0	0	0	0	
1	1	1	377	11.31		300	0	0	-0.01885	0.00840921	0.00840921	0	0	0	-80.2782	9.48523e-07	9.48523e-07	0	0	0	0.980525	-0.698932	0	1.67946		300	0.233004	-0.0121229	0.00606146	0.00606146	0	0	0	0.233004	0	-0.469668	-153.69	0	26.9754	26.9754	0	7.04502	0	0	0	0	0	0	0	0	0	0	0	0	0	0	0	0	0	0	0	0	0	0	0	0	0	0	0	0	0	0	0	0	0	
1	1	1	378	11.34		300	0	0	-0.0189	0.00843294	0.00843294	0	0	0	-80.3788	9.48018e-07	9.48018e-07	0	0	0	0.984542	-0.699586	0	1.68413		300	0.233666	-0.0121645	0.00608224	0.00608224	0	0	0	0.233666	0	-0.469668	-153.69	0	26.9754	26.9754	0	7.04502	0	0	0	0	0	0	0	0	0	0	0	0	0	0	0	0	0	0	0	0	0	0	0	0	0	0	0	0	0	0	0	0	0	
1	1	1	379	11.37		300	0	0	-0.01895	0.00845666	0.00845666	0	0	0	-80.4793	9.47517e-07	9.47517e-07	0	0	0	0.988563	-0.700235	0	1.6888		300	0.234329	-0.0122061	0.00610303	0.00610303	0	0	0	0.234329	0	-0.469668	-153.69	0	26.9754	26.9754	0	7.04502	0	0	0	0	0	0	0	0	0	0	0	0	0	0	0	0	0	0	0	0	0	0	0	0	0	0	0	0	0	0	0	0	0	
1	1	1	380	11.4		300	0	0	-0.019	0.0084804	0.0084804	0	0	0	-80.5796	9.4702e-07	9.4702e-07	0	0	0	0.99259	-0.700879	0	1.69347		300	0.234992	-0.0122476	0.00612382	0.00612382	0	0	0	0.234992	0	-0.469668	-153.69	0	26.9754	26.9754	0	7.04502	0	0	0	0	0	0	0	0	0	0	0	0	0	0	0	0	0	0	0	0	0	0	0	0	0	0	0	0	0	0	0	0	0	
1	1	1	381	11.43		300	0	0	-0.01905	0.00850413	0.00850413	0	0	0	-80.6798	9.46527e-07	9.46528e-07	0	0	0	0.996621	-0.701518	0	1.69814		300	0.235655	-0.0122893	0.00614463	0.00614463	0	0	0	0.235655	0	-0.469668	-153.69	0	26.9754	26.9754	0	7.04502	0	0	0	0	0	0	0	0	0	0	0	0	0	0	0	0	0	0	0	0	0	0	0	0	0	0	0	0	0	0	0	0	0	
1	1	1	382	11.46		300	0	0	-0.0191	0.00852786	0.00852786	0	0	0	-80.7798	9.46039e-07	9.46039e-07	0	0	0	1.00066	-0.702152	0	1.70281		300	0.236317	-0.0123309	0.00616544	0.00616544	0	0	0	0.236317	0	-0.469668	-153.69	0	26.9754	26.9754	0	7.04502	0	0	0	0	0	0	0	0	0	0	0	0	0	0	0	0	0	0	0	0	0	0	0	0	0	0	0	0	0	0	0	0	0	
1	1	1	383	11.49		300	0	0	-0.01915	0.0085516	0.0085516	0	0	0	-80.8797	9.45554e-07	9.45554e-07	0	0	0	1.0047	-0.702781	0	1.70748		300	0.23698	-0.0123725	0.00618625	0.00618625	0	0	0	0.23698	0	-0.469668	-153.69	0	26.9754	26.9754	0	7.04502	0	0	0	0	0	0	0	0	0	0	0	0	0	0	0	0	0	0	0	0	0	0	0	0	0	0	0	0	0	0	0	0	0	
1	1	1	384	11.52		300	0	0	-0.0192	0.00857534	0.00857534	0	0	0	-80.9794	9.45073e-07	9.45073e-07	0	0	0	1.00875	-0.703405	0	1.71215		300	0.237643	-0.0124141	0.00620707	0.00620707	0	0	0	0.237643	0	-0.469668	-153.69	0	26.9754	26.9754	0	7.04502	0	0	0	0	0	0	0	0	0	0	0	0	0	0	0	0	0	0	0	0	0	0	0	0	0	0	0	0	0	0	0	0	0	
1	1	1	385	11.55		300	0	0	-0.01925	0.00859908	0.00859908	0	0	0	-81.079	9.44596e-07	9.44596e-07	0	0	0	1.0128	-0.704024	0	1.71682		300	0.238305	-0.0124558	0.0062279	0.0062279	0	0	0	0.238305	0	-0.469668	-153.69	0	26.9754	26.9754	0	7.04502	0	0	0	0	0	0	0	0	0	0	0	0	0	0	0	0	0	0	0	0	0	0	0	0	0	0	0	0	0	0	0	0	0	
1	1	1	386	11.58		300	0	0	-0.0193	0.00862282	0.00862282	0	0	0	-81.1785	9.44123e-07	9.44123e-07	0	0	0	1.01685	-0.704637	0	1.72149		300	0.238968	-0.0124975	0.00624873	0.00624873	0	0	0	0.238968	0	-0.469668	-153.69	0	26.9754	26.9754	0	7.04502	0	0	0	0	0	0	0	0	0	0	0	0	0	0	0	0	0	0	0	0	0	0	0	0	0	0	0	0	0	0	0	0	0	
1	1	1	387	11.61		300	0	0	-0.01935	0.00864656	0.00864656	0	0	0	-81.2777	9.43654e-07	9.43654e-07	0	0	0	1.02091	-0.705246	0	1.72616		300	0.239631	-0.0125391	0.00626957	0.00626957	0	0	0	0.239631	0	-0.469668	-153.69	0	26.9754	26.9754	0	7.04502	0	0	0	0	0	0	0	0	0	0	0	0	0	0	0	0	0	0	0	0	0	0	0	0	0	0	0	0	0	0	0	0	0	
1	1	1	388	11.64		300	0	0	-0.0194	0.00867031	0.00867031	0	0	0	-81.3769	9.43189e-07	9.43189e-07	0	0	0	1.02498	-0.70585	0	1.73083		300	0.240293	-0.0125808	0.00629042	0.00629042	0	0	0	0.240293	0	-0.469668	-153.69	0	26.9754	26.9754	0	7.04502	0	0	0	0	0	0	0	0	0	0	0	0	0	0	0	0	0	0	0	0	0	0	0	0	0	0	0	0	0	0	0	0	0	
1	1	1	389	11.67		300	0	0	-0.01945	0.00869405	0.00869405	0	0	0	-81.4759	9.42727e-07	9.42727e-07	0	0	0	1.02905	-0.706448	0	1.7355		300	0.240956	-0.0126225	0.00631127	0.00631127	0	0	0	0.240956	0	-0.469668	-153.69	0	26.9754	26.9754	0	7.04502	0	0	0	0	0	0	0	0	0	0	0	0	0	0	0	0	0	0	0	0	0	0	0	0	0	0	0	0	0	0	0	0	0	
1	1	1	390	11.7		300	0	0	-0.0195	0.0087178	0.0087178	0	0	0	-81.5747	9.42269e-07	9.42269e-07	0	0	0	1.03313	-0.707042	0	1.74017		300	0.241619	-0.0126643	0.00633213	0.00633213	0	0	0	0.241619	0	-0.469668	-153.69	0	26.9754	26.9754	0	7.04502	0	0	0	0	0	0	0	0	0	0	0	0	0	0	0	0	0	0	0	0	0	0	0	0	0	0	0	0	0	0	0	0	0	
1	1	1	391	11.73		300	0	0	-0.01955	0.00874155	0.00874155	0	0	0	-81.6734	9.41814e-07	9.41814e-07	0	0	0	1.03721	-0.707631	0	1.74484		300	0.242281	-0.012706	0.006353	0.006353	0	0	0	0.242281	0	-0.469668	-153.69	0	26.9754	26.9754	0	7.04502	0	0	0	0	0	0	0	0	0	0	0	0	0	0	0	0	0	0	0	0	0	0	0	0	0	0	0	0	0	0	0	0	0	
1	1	1	392	11.76		300	0	0	-0.0196	0.00876531	0.00876531	0	0	0	-81.772	9.41364e-07	9.41364e-07	0	0	0	1.0413	-0.708214	0	1.74951		300	0.242944	-0.0127477	0.00637387	0.00637387	0	0	0	0.242944	0	-0.469668	-153.69	0	26.9754	26.9754	0	7.04502	0	0	0	0	0	0	0	0	0	0	0	0	0	0	0	0	0	0	0	0	0	0	0	0	0	0	0	0	0	0	0	0	0	
1	1	1	393	11.79		300	0	0	-0.01965	0.00878906	0.00878906	0	0	0	-81.8704	9.40916e-07	9.40916e-07	0	0	0	1.04539	-0.708793	0	1.75418		300	0.243606	-0.0127895	0.00639474	0.00639474	0	0	0	0.243606	0	-0.469668	-153.69	0	26.9754	26.9754	0	7.04502	0	0	0	0	0	0	0	0	0	0	0	0	0	0	0	0	0	0	0	0	0	0	0	0	0	0	0	0	0	0	0	0	0	
1	1	1	394	11.82		300	0	0	-0.0197	0.00881282	0.00881282	0	0	0	-81.9687	9.40473e-07	9.40473e-07	0	0	0	1.04948	-0.709366	0	1.75885		300	0.244269	-0.0128313	0.00641563	0.00641563	0	0	0	0.244269	0	-0.469668	-153.69	0	26.9754	26.9754	0	7.04502	0	0	0	0	0	0	0	0	0	0	0	0	0	0	0	0	0	0	0	0	0	0	0	0	0	0	0	0	0	0	0	0	0	
1	1	1	395	11.85		300	0	0	-0.01975	0.00883658	0.00883658	0	0	0	-82.0668	9.40033e-07	9.40033e-07	0	0	0	1.05358	-0.709935	0	1.76352		300	0.244932	-0.012873	0.00643651	0.00643651	0	0	0	0.244932	0	-0.469668	-153.69	0	26.9754	26.9754	0	7.04502	0	0	0	0	0	0	0	0	0	0	0	0	0	0	0	0	0	0	0	0	0	0	0	0	0	0	0	0	0	0	0	0	0	
1	1	1	396	11.88		300	0	0	-0.0198	0.00886034	0.00886034	0	0	0	-82.1648	9.39596e-07	9.39596e-07	0	0	0	1.05769	-0.710498	0	1.76819		300	0.245594	-0.0129148	0.00645741	0.00645741	0	0	0	0.245594	0	-0.469668	-153.69	0	26.9754	26.9754	0	7.04502	0	0	0	0	0	0	0	0	0	0	0	0	0	0	0	0	0	0	0	0	0	0	0	0	0	0	0	0	0	0	0	0	0	
1	1	1	397	11.91		300	0	0	-0.01985	0.0088841	0.0088841	0	0	0	-82.2627	9.39163e-07	9.39163e-07	0	0	0	1.0618	-0.711057	0	1.77286		300	0.246257	-0.0129566	0.00647831	0.00647831	0	0	0	0.246257	0	-0.469668	-153.69	0	26.9754	26.9754	0	7.04502	0	0	0	0	0	0	0	0	0	0	0	0	0	0	0	0	0	0	0	0	0	0	0	0	0	0	0	0	0	0	0	0	0	
1	1	1	398	11.94		300	0	0	-0.0199	0.00890786	0.00890786	0	0	0	-82.3604	9.38733e-07	9.38733e-07	0	0	0	1.06592	-0.71161	0	1.77753		300	0.246919	-0.0129984	0.00649921	0.00649921	0	0	0	0.246919	0	-0.469668	-153.69	0	26.9754	26.9754	0	7.04502	0	0	0	0	0	0	0	0	0	0	0	0	0	0	0	0	0	0	0	0	0	0	0	0	0	0	0	0	0	0	0	0	0	
1	1	1	399	11.97		300	0	0	-0.01995	0.00893163	0.00893163	0	0	0	-82.458	9.38306e-07	9.38306e-07	0	0	0	1.07004	-0.712159	0	1.7822		300	0.247582	-0.0130402	0.00652012	0.00652012	0	0	0	0.247582	0	-0.469668	-153.69	0	26.9754	26.9754	0	7.04502	0	0	0	0	0	0	0	0	0	0	0	0	0	0	0	0	0	0	0	0	0	0	0	0	0	0	0	0	0	0	0	0	0	
1	1	1	400	12		300	0	0	-0.02	0.00895539	0.00895539	0	0	0	-82.5554	9.37883e-07	9.37883e-07	0	0	0	1.07416	-0.712703	0	1.78686		300	0.248244	-0.0130821	0.00654104	0.00654104	0	0	0	0.248244	0	-0.469668	-153.69	0	26.9754	26.9754	0	7.04502	0	0	0	0	0	0	0	0	0	0	0	0	0	0	0	0	0	0	0	0	0	0	0	0	0	0	0	0	0	0	0	0	0	
1	1	1	401	12.03		300	0	0	-0.02005	0.00897916	0.00897916	0	0	0	-82.6527	9.37464e-07	9.37464e-07	0	0	0	1.07829	-0.713241	0	1.79153		300	0.248907	-0.0131239	0.00656196	0.00656196	0	0	0	0.248907	0	-0.469668	-153.69	0	26.9754	26.9754	0	7.04502	0	0	0	0	0	0	0	0	0	0	0	0	0	0	0	0	0	0	0	0	0	0	0	0	0	0	0	0	0	0	0	0	0	
1	1	1	402	12.06		300	0	0	-0.0201	0.00900293	0.00900293	0	0	0	-82.7499	9.37047e-07	9.37047e-07	0	0	0	1.08243	-0.713775	0	1.7962		300	0.249569	-0.0131658	0.00658289	0.00658289	0	0	0	0.249569	0	-0.469668	-153.69	0	26.9754	26.9754	0	7.04502	0	0	0	0	0	0	0	0	0	0	0	0	0	0	0	0	0	0	0	0	0	0	0	0	0	0	0	0	0	0	0	0	0	
1	1	1	403	12.09		300	0	0	-0.02015	0.00902671	0.00902671	0	0	0	-82.847	9.36634e-07	9.36634e-07	0	0	0	1.08657	-0.714303	0	1.80087		300	0.250231	-0.0132077	0.00660383	0.00660383	0	0	0	0.250231	0	-0.469668	-153.69	0	26.9754	26.9754	0	7.04502	0	0	0	0	0	0	0	0	0	0	0	0	0	0	0	0	0	0	0	0	0	0	0	0	0	0	0	0	0	0	0	0	0	
1	1	1	404	12.12		300	0	0	-0.0202	0.00905048	0.00905048	0	0	0	-82.9439	9.36224e-07	9.36224e-07	0	0	0	1.09071	-0.714827	0	1.80554		300	0.250894	-0.0132495	0.00662477	0.00662477	0	0	0	0.250894	0	-0.469668	-153.69	0	26.9754	26.9754	0	7.04502	0	0	0	0	0	0	0	0	0	0	0	0	0	0	0	0	0	0	0	0	0	0	0	0	0	0	0	0	0	0	0	0	0	
1	1	1	405	12.15		300	0	0	-0.02025	0.00907425	0.00907425	0	0	0	-83.0406	9.35817e-07	9.35817e-07	0	0	0	1.09486	-0.715346	0	1.81021		300	0.251556	-0.0132914	0.00664571	0.00664571	0	0	0	0.251556	0	-0.469668	-153.69	0	26.9754	26.9754	0	7.04502	0	0	0	0	0	0	0	0	0	0	0	0	0	0	0	0	0	0	0	0	0	0	0	0	0	0	0	0	0	0	0	0	0	
1	1	1	406	12.18		300	0	0	-0.0203	0.00909803	0.00909803	0	0	0	-83.1373	9.35413e-07	9.35413e-07	0	0	0	1.09902	-0.715859	0	1.81488		300	0.252219	-0.0133333	0.00666666	0.00666666	0	0	0	0.252219	0	-0.469668	-153.69	0	26.9754	26.9754	0	7.04502	0	0	0	0	0	0	0	0	0	0	0	0	0	0	0	0	0	0	0	0	0	0	0	0	0	0	0	0	0	0	0	0	0	
1	1	1	407	12.21		300	0	0	-0.02035	0.00912181	0.00912181	0	0	0	-83.2338	9.35013e-07	9.35013e-07	0	0	0	1.10318	-0.716368	0	1.81954		300	0.252881	-0.0133752	0.00668762	0.00668762	0	0	0	0.252881	0	-0.469668	-153.69	0	26.9754	26.9754	0	7.04502	0	0	0	0	0	0	0	0	0	0	0	0	0	0	0	0	0	0	0	0	0	0	0	0	0	0	0	0	0	0	0	0	0	
1	1	1	408	12.24		300	0	0	-0.0204	0.00914559	0.00914559	0	0	0	-83.3302	9.34615e-07	9.34615e-07	0	0	0	1.10734	-0.716872	0	1.82421		300	0.253543	-0.0134172	0.00670858	0.00670858	0	0	0	0.253543	0	-0.469668	-153.69	0	26.9754	26.9754	0	7.04502	0	0	0	0	0	0	0	0	0	0	0	0	0	0	0	0	0	0	0	0	0	0	0	0	0	0	0	0	0	0	0	0	0	
1	1	1	409	12.27		300	0	0	-0.02045	0.00916937	0.00916937	0	0	0	-83.4264	9.34221e-07	9.34221e-07	0	0	0	1.11151	-0.717371	0	1.82888		300	0.254206	-0.0134591	0.00672955	0.00672955	0	0	0	0.254206	0	-0.469668	-153.69	0	26.9754	26.9754	0	7.04502	0	0	0	0	0	0	0	0	0	0	0	0	0	0	0	0	0	0	0	0	0	0	0	0	0	0	0	0	0	0	0	0	0	
1	1	1	410	12.3		300	0	0	-0.0205	0.00919316	0.00919316	0	0	0	-83.5226	9.33829e-07	9.3383e-07	0	0	0	1.11568	-0.717865	0	1.83355		300	0.254868	-0.013501	0.00675052	0.00675052	0	0	0	0.254868	0	-0.469668	-153.69	0	26.9754	26.9754	0	7.04502	0	0	0	0	0	0	0	0	0	0	0	0	0	0	0	0	0	0	0	0	0	0	0	0	0	0	0	0	0	0	0	0	0	
1	1	1	411	12.33		300	0	0	-0.02055	0.00921694	0.00921694	0	0	0	-83.6186	9.33441e-07	9.33441e-07	0	0	0	1.11986	-0.718354	0	1.83821		300	0.25553	-0.013543	0.0067715	0.0067715	0	0	0	0.25553	0	-0.469668	-153.69	0	26.9754	26.9754	0	7.04502	0	0	0	0	0	0	0	0	0	0	0	0	0	0	0	0	0	0	0	0	0	0	0	0	0	0	0	0	0	0	0	0	0	
1	1	1	412	12.36		300	0	0	-0.0206	0.00924073	0.00924073	0	0	0	-83.7144	9.33056e-07	9.33056e-07	0	0	0	1.12404	-0.718838	0	1.84288		300	0.256192	-0.013585	0.00679248	0.00679248	0	0	0	0.256192	0	-0.469668	-153.69	0	26.9754	26.9754	0	7.04502	0	0	0	0	0	0	0	0	0	0	0	0	0	0	0	0	0	0	0	0	0	0	0	0	0	0	0	0	0	0	0	0	0	
1	1	1	413	12.39		300	0	0	-0.02065	0.00926452	0.00926452	0	0	0	-83.8102	9.32673e-07	9.32673e-07	0	0	0	1.12823	-0.719317	0	1.84755		300	0.256855	-0.0136269	0.00681347	0.00681347	0	0	0	0.256855	0	-0.469668	-153.69	0	26.9754	26.9754	0	7.04502	0	0	0	0	0	0	0	0	0	0	0	0	0	0	0	0	0	0	0	0	0	0	0	0	0	0	0	0	0	0	0	0	0	
1	1	1	414	12.42		300	0	0	-0.0207	0.00928831	0.00928831	0	0	0	-83.9058	9.32294e-07	9.32294e-07	0	0	0	1.13242	-0.719791	0	1.85222		300	0.257517	-0.0136689	0.00683446	0.00683446	0	0	0	0.257517	0	-0.469668	-153.69	0	26.9754	26.9754	0	7.04502	0	0	0	0	0	0	0	0	0	0	0	0	0	0	0	0	0	0	0	0	0	0	0	0	0	0	0	0	0	0	0	0	0	
1	1	1	415	12.45		300	0	0	-0.02075	0.0093121	0.0093121	0	0	0	-84.0013	9.31917e-07	9.31917e-07	0	0	0	1.13662	-0.72026	0	1.85688		300	0.258179	-0.0137109	0.00685546	0.00685546	0	0	0	0.258179	0	-0.469668	-153.69	0	26.9754	26.9754	0	7.04502	0	0	0	0	0	0	0	0	0	0	0	0	0	0	0	0	0	0	0	0	0	0	0	0	0	0	0	0	0	0	0	0	0	
1	1	1	416	12.48		300	0	0	-0.0208	0.00933589	0.00933589	0	0	0	-84.0966	9.31544e-07	9.31544e-07	0	0	0	1.14082	-0.720725	0	1.86155		300	0.258841	-0.0137529	0.00687647	0.00687647	0	0	0	0.258841	0	-0.469668	-153.69	0	26.9754	26.9754	0	7.04502	0	0	0	0	0	0	0	0	0	0	0	0	0	0	0	0	0	0	0	0	0	0	0	0	0	0	0	0	0	0	0	0	0	
1	1	1	417	12.51		300	0	0	-0.02085	0.00935969	0.00935969	0	0	0	-84.1919	9.31173e-07	9.31173e-07	0	0	0	1.14503	-0.721184	0	1.86622		300	0.259503	-0.013795	0.00689748	0.00689748	0	0	0	0.259503	0	-0.469668	-153.69	0	26.9754	26.9754	0	7.04502	0	0	0	0	0	0	0	0	0	0	0	0	0	0	0	0	0	0	0	0	0	0	0	0	0	0	0	0	0	0	0	0	0	
1	1	1	418	12.54		300	0	0	-0.0209	0.00938348	0.00938348	0	0	0	-84.287	9.30805e-07	9.30805e-07	0	0	0	1.14924	-0.721639	0	1.87088		300	0.260166	-0.013837	0.00691849	0.00691849	0	0	0	0.260166	0	-0.469668	-153.69	0	26.9754	26.9754	0	7.04502	0	0	0	0	0	0	0	0	0	0	0	0	0	0	0	0	0	0	0	0	0	0	0	0	0	0	0	0	0	0	0	0	0	
1	1	1	419	12.57		300	0	0	-0.02095	0.00940728	0.00940728	0	0	0	-84.382	9.3044e-07	9.3044e-07	0	0	0	1.15346	-0.722088	0	1.87555		300	0.260828	-0.013879	0.00693951	0.00693951	0	0	0	0.260828	0	-0.469668	-153.69	0	26.9754	26.9754	0	7.04502	0	0	0	0	0	0	0	0	0	0	0	0	0	0	0	0	0	0	0	0	0	0	0	0	0	0	0	0	0	0	0	0	0	
1	1	1	420	12.6		300	0	0	-0.021	0.00943108	0.00943108	0	0	0	-84.4769	9.30077e-07	9.30077e-07	0	0	0	1.15768	-0.722533	0	1.88022		300	0.26149	-0.0139211	0.00696053	0.00696053	0	0	0	0.26149	0	-0.469668	-153.69	0	26.9754	26.9754	0	7.04502	0	0	0	0	0	0	0	0	0	0	0	0	0	0	0	0	0	0	0	0	0	0	0	0	0	0	0	0	0	0	0	0	0	
1	1	1	421	12.63		300	0	0	-0.02105	0.00945488	0.00945488	0	0	0	-84.5716	9.29717e-07	9.29717e-07	0	0	0	1.16191	-0.722973	0	1.88488		300	0.262152	-0.0139631	0.00698156	0.00698156	0	0	0	0.262152	0	-0.469668	-153.69	0	26.9754	26.9754	0	7.04502	0	0	0	0	0	0	0	0	0	0	0	0	0	0	0	0	0	0	0	0	0	0	0	0	0	0	0	0	0	0	0	0	0	
1	1	1	422	12.66		300	0	0	-0.0211	0.00947869	0.00947869	0	0	0	-84.6663	9.2936e-07	9.2936e-07	0	0	0	1.16614	-0.723408	0	1.88955		300	0.262814	-0.0140052	0.0070026	0.0070026	0	0	0	0.262814	0	-0.469668	-153.69	0	26.9754	26.9754	0	7.04502	0	0	0	0	0	0	0	0	0	0	0	0	0	0	0	0	0	0	0	0	0	0	0	0	0	0	0	0	0	0	0	0	0	
1	1	1	423	12.69		300	0	0	-0.02115	0.00950249	0.00950249	0	0	0	-84.7608	9.29006e-07	9.29006e-07	0	0	0	1.17038	-0.723838	0	1.89421		300	0.263476	-0.0140473	0.00702364	0.00702364	0	0	0	0.263476	0	-0.469668	-153.69	0	26.9754	26.9754	0	7.04502	0	0	0	0	0	0	0	0	0	0	0	0	0	0	0	0	0	0	0	0	0	0	0	0	0	0	0	0	0	0	0	0	0	
1	1	1	424	12.72		300	0	0	-0.0212	0.00952629	0.00952629	0	0	0	-84.8552	9.28655e-07	9.28655e-07	0	0	0	1.17462	-0.724263	0	1.89888		300	0.264138	-0.0140894	0.00704468	0.00704468	0	0	0	0.264138	0	-0.469668	-153.69	0	26.9754	26.9754	0	7.04502	0	0	0	0	0	0	0	0	0	0	0	0	0	0	0	0	0	0	0	0	0	0	0	0	0	0	0	0	0	0	0	0	0	
1	1	1	425	12.75		300	0	0	-0.02125	0.0095501	0.0095501	0	0	0	-84.9495	9.28306e-07	9.28306e-07	0	0	0	1.17886	-0.724683	0	1.90354		300	0.2648	-0.0141315	0.00706573	0.00706573	0	0	0	0.2648	0	-0.469668	-153.69	0	26.9754	26.9754	0	7.04502	0	0	0	0	0	0	0	0	0	0	0	0	0	0	0	0	0	0	0	0	0	0	0	0	0	0	0	0	0	0	0	0	0	
1	1	1	426	12.78		300	0	0	-0.0213	0.00957391	0.00957391	0	0	0	-85.0436	9.27959e-07	9.27959e-07	0	0	0	1.18311	-0.725098	0	1.90821		300	0.265462	-0.0141736	0.00708679	0.00708679	0	0	0	0.265462	0	-0.469668	-153.69	0	26.9754	26.9754	0	7.04502	0	0	0	0	0	0	0	0	0	0	0	0	0	0	0	0	0	0	0	0	0	0	0	0	0	0	0	0	0	0	0	0	0	
1	1	1	427	12.81		300	0	0	-0.02135	0.00959772	0.00959772	0	0	0	-85.1377	9.27615e-07	9.27615e-07	0	0	0	1.18736	-0.725509	0	1.91287		300	0.266124	-0.0142157	0.00710785	0.00710785	0	0	0	0.266124	0	-0.469668	-153.69	0	26.9754	26.9754	0	7.04502	0	0	0	0	0	0	0	0	0	0	0	0	0	0	0	0	0	0	0	0	0	0	0	0	0	0	0	0	0	0	0	0	0	
1	1	1	428	12.84		300	0	0	-0.0214	0.00962153	0.00962153	0	0	0	-85.2316	9.27274e-07	9.27274e-07	0	0	0	1.19162	-0.725914	0	1.91754		300	0.266786	-0.0142578	0.00712891	0.00712891	0	0	0	0.266786	0	-0.469668	-153.69	0	26.9754	26.9754	0	7.04502	0	0	0	0	0	0	0	0	0	0	0	0	0	0	0	0	0	0	0	0	0	0	0	0	0	0	0	0	0	0	0	0	0	
1	1	1	429	12.87		300	0	0	-0.02145	0.00964534	0.00964534	0	0	0	-85.3254	9.26935e-07	9.26936e-07	0	0	0	1.19589	-0.726315	0	1.9222		300	0.267448	-0.0143	0.00714998	0.00714998	0	0	0	0.267448	0	-0.469668	-153.69	0	26.9754	26.9754	0	7.04502	0	0	0	0	0	0	0	0	0	0	0	0	0	0	0	0	0	0	0	0	0	0	0	0	0	0	0	0	0	0	0	0	0	
1	1	1	430	12.9		300	0	0	-0.0215	0.00966916	0.00966916	0	0	0	-85.4191	9.26599e-07	9.26599e-07	0	0	0	1.20016	-0.726711	0	1.92687		300	0.268109	-0.0143421	0.00717106	0.00717106	0	0	0	0.268109	0	-0.469668	-153.69	0	26.9754	26.9754	0	7.04502	0	0	0	0	0	0	0	0	0	0	0	0	0	0	0	0	0	0	0	0	0	0	0	0	0	0	0	0	0	0	0	0	0	
1	1	1	431	12.93		300	0	0	-0.02155	0.00969298	0.00969298	0	0	0	-85.5127	9.26266e-07	9.26266e-07	0	0	0	1.20443	-0.727102	0	1.93153		300	0.268771	-0.0143843	0.00719214	0.00719214	0	0	0	0.268771	0	-0.469668	-153.69	0	26.9754	26.9754	0	7.04502	0	0	0	0	0	0	0	0	0	0	0	0	0	0	0	0	0	0	0	0	0	0	0	0	0	0	0	0	0	0	0	0	0	
1	1	1	432	12.96		300	0	0	-0.0216	0.00971679	0.00971679	0	0	0	-85.6062	9.25935e-07	9.25935e-07	0	0	0	1.20871	-0.727488	0	1.9362		300	0.269433	-0.0144264	0.00721322	0.00721322	0	0	0	0.269433	0	-0.469668	-153.69	0	26.9754	26.9754	0	7.04502	0	0	0	0	0	0	0	0	0	0	0	0	0	0	0	0	0	0	0	0	0	0	0	0	0	0	0	0	0	0	0	0	0	
1	1	1	433	12.99		300	0	0	-0.02165	0.00974061	0.00974061	0	0	0	-85.6995	9.25606e-07	9.25606e-07	0	0	0	1.21299	-0.72787	0	1.94086		300	0.270095	-0.0144686	0.00723431	0.00723431	0	0	0	0.270095	0	-0.469668	-153.69	0	26.9754	26.9754	0	7.04502	0	0	0	0	0	0	0	0	0	0	0	0	0	0	0	0	0	0	0	0	0	0	0	0	0	0	0	0	0	0	0	0	0	
1	1	1	434	13.02		300	0	0	-0.0217	0.00976443	0.00976443	0	0	0	-85.7927	9.2528e-07	9.2528e-07	0	0	0	1.21728	-0.728246	0	1.94552		300	0.270757	-0.0145108	0.0072554	0.0072554	0	0	0	0.270757	0	-0.469668	-153.69	0	26.9754	26.9754	0	7.04502	0	0	0	0	0	0	0	0	0	0	0	0	0	0	0	0	0	0	0	0	0	0	0	0	0	0	0	0	0	0	0	0	0	
1	1	1	435	13.05		300	0	0	-0.02175	0.00978825	0.00978825	0	0	0	-85.8859	9.24956e-07	9.24956e-07	0	0	0	1.22157	-0.728618	0	1.95019		300	0.271418	-0.014553	0.0072765	0.0072765	0	0	0	0.271418	0	-0.469668	-153.69	0	26.9754	26.9754	0	7.04502	0	0	0	0	0	0	0	0	0	0	0	0	0	0	0	0	0	0	0	0	0	0	0	0	0	0	0	0	0	0	0	0	0	
1	1	1	436	13.08		300	0	0	-0.0218	0.00981208	0.00981208	0	0	0	-85.9789	9.24634e-07	9.24634e-07	0	0	0	1.22587	-0.728984	0	1.95485		300	0.27208	-0.0145952	0.0072976	0.0072976	0	0	0	0.27208	0	-0.469668	-153.69	0	26.9754	26.9754	0	7.04502	0	0	0	0	0	0	0	0	0	0	0	0	0	0	0	0	0	0	0	0	0	0	0	0	0	0	0	0	0	0	0	0	0	
1	1	1	437	13.11		300	0	0	-0.02185	0.0098359	0.0098359	0	0	0	-86.0718	9.24315e-07	9.24315e-07	0	0	0	1.23017	-0.729346	0	1.95951		300	0.272742	-0.0146374	0.00731871	0.00731871	0	0	0	0.272742	0	-0.469668	-153.69	0	26.9754	26.9754	0	7.04502	0	0	0	0	0	0	0	0	0	0	0	0	0	0	0	0	0	0	0	0	0	0	0	0	0	0	0	0	0	0	0	0	0	
1	1	1	438	13.14		300	0	0	-0.0219	0.00985973	0.00985973	0	0	0	-86.1646	9.23999e-07	9.23999e-07	0	0	0	1.23447	-0.729704	0	1.96418		300	0.273403	-0.0146796	0.00733982	0.00733982	0	0	0	0.273403	0	-0.469668	-153.69	0	26.9754	26.9754	0	7.04502	0	0	0	0	0	0	0	0	0	0	0	0	0	0	0	0	0	0	0	0	0	0	0	0	0	0	0	0	0	0	0	0	0	
1	1	1	439	13.17		300	0	0	-0.02195	0.00988355	0.00988355	0	0	0	-86.2573	9.23684e-07	9.23684e-07	0	0	0	1.23878	-0.730056	0	1.96884		300	0.274065	-0.0147219	0.00736094	0.00736094	0	0	0	0.274065	0	-0.469668	-153.69	0	26.9754	26.9754	0	7.04502	0	0	0	0	0	0	0	0	0	0	0	0	0	0	0	0	0	0	0	0	0	0	0	0	0	0	0	0	0	0	0	0	0	
1	1	1	440	13.2		300	0	0	-0.022	0.00990738	0.00990738	0	0	0	-86.3499	9.23372e-07	9.23372e-07	0	0	0	1.2431	-0.730403	0	1.9735		300	0.274727	-0.0147641	0.00738206	0.00738206	0	0	0	0.274727	0	-0.469668	-153.69	0	26.9754	26.9754	0	7.04502	0	0	0	0	0	0	0	0	0	0	0	0	0	0	0	0	0	0	0	0	0	0	0	0	0	0	0	0	0	0	0	0	0	
1	1	1	441	13.23		300	0	0	-0.02205	0.00993121	0.00993121	0	0	0	-86.4423	9.23062e-07	9.23062e-07	0	0	0	1.24742	-0.730746	0	1.97817		300	0.275388	-0.0148064	0.00740318	0.00740318	0	0	0	0.275388	0	-0.469668	-153.69	0	26.9754	26.9754	0	7.04502	0	0	0	0	0	0	0	0	0	0	0	0	0	0	0	0	0	0	0	0	0	0	0	0	0	0	0	0	0	0	0	0	0	
1	1	1	442	13.26		300	0	0	-0.0221	0.00995504	0.00995504	0	0	0	-86.5347	9.22755e-07	9.22755e-07	0	0	0	1.25174	-0.731084	0	1.98283		300	0.27605	-0.0148486	0.00742431	0.00742431	0	0	0	0.27605	0	-0.469668	-153.69	0	26.9754	26.9754	0	7.04502	0	0	0	0	0	0	0	0	0	0	0	0	0	0	0	0	0	0	0	0	0	0	0	0	0	0	0	0	0	0	0	0	0	
1	1	1	443	13.29		300	0	0	-0.02215	0.00997888	0.00997888	0	0	0	-86.627	9.2245e-07	9.2245e-07	0	0	0	1.25607	-0.731417	0	1.98749		300	0.276711	-0.0148909	0.00744545	0.00744545	0	0	0	0.276711	0	-0.469668	-153.69	0	26.9754	26.9754	0	7.04502	0	0	0	0	0	0	0	0	0	0	0	0	0	0	0	0	0	0	0	0	0	0	0	0	0	0	0	0	0	0	0	0	0	
1	1	1	444	13.32		300	0	0	-0.0222	0.0100027	0.0100027	0	0	0	-86.7191	9.22146e-07	9.22146e-07	0	0	0	1.26041	-0.731745	0	1.99215		300	0.277373	-0.0149332	0.00746659	0.00746659	0	0	0	0.277373	0	-0.469668	-153.69	0	26.9754	26.9754	0	7.04502	0	0	0	0	0	0	0	0	0	0	0	0	0	0	0	0	0	0	0	0	0	0	0	0	0	0	0	0	0	0	0	0	0	
1	1	1	445	13.35		300	0	0	-0.02225	0.0100265	0.0100265	0	0	0	-86.8112	9.21846e-07	9.21846e-07	0	0	0	1.26474	-0.732068	0	1.99681		300	0.278034	-0.0149755	0.00748773	0.00748773	0	0	0	0.278034	0	-0.469668	-153.69	0	26.9754	26.9754	0	7.04502	0	0	0	0	0	0	0	0	0	0	0	0	0	0	0	0	0	0	0	0	0	0	0	0	0	0	0	0	0	0	0	0	0	
1	1	1	446	13.38		300	0	0	-0.0223	0.0100504	0.0100504	0	0	0	-86.9031	9.21547e-07	9.21547e-07	0	0	0	1.26909	-0.732387	0	2.00147		300	0.278695	-0.0150178	0.00750888	0.00750888	0	0	0	0.278695	0	-0.469668	-153.69	0	26.9754	26.9754	0	7.04502	0	0	0	0	0	0	0	0	0	0	0	0	0	0	0	0	0	0	0	0	0	0	0	0	0	0	0	0	0	0	0	0	0	
1	1	1	447	13.41		300	0	0	-0.02235	0.0100742	0.0100742	0	0	0	-86.9949	9.2125e-07	9.2125e-07	0	0	0	1.27343	-0.732701	0	2.00614		300	0.279357	-0.0150601	0.00753003	0.00753003	0	0	0	0.279357	0	-0.469668	-153.69	0	26.9754	26.9754	0	7.04502	0	0	0	0	0	0	0	0	0	0	0	0	0	0	0	0	0	0	0	0	0	0	0	0	0	0	0	0	0	0	0	0	0	
1	1	1	448	13.44		300	0	0	-0.0224	0.0100981	0.0100981	0	0	0	-87.0867	9.20956e-07	9.20956e-07	0	0	0	1.27779	-0.73301	0	2.0108		300	0.280018	-0.0151024	0.00755119	0.00755119	0	0	0	0.280018	0	-0.469668	-153.69	0	26.9754	26.9754	0	7.04502	0	0	0	0	0	0	0	0	0	0	0	0	0	0	0	0	0	0	0	0	0	0	0	0	0	0	0	0	0	0	0	0	0	
1	1	1	449	13.47		300	0	0	-0.02245	0.0101219	0.0101219	0	0	0	-87.1783	9.20664e-07	9.20664e-07	0	0	0	1.28214	-0.733314	0	2.01546		300	0.28068	-0.0151447	0.00757235	0.00757235	0	0	0	0.28068	0	-0.469668	-153.69	0	26.9754	26.9754	0	7.04502	0	0	0	0	0	0	0	0	0	0	0	0	0	0	0	0	0	0	0	0	0	0	0	0	0	0	0	0	0	0	0	0	0	
1	1	1	450	13.5		300	0	0	-0.0225	0.0101457	0.0101457	0	0	0	-87.2698	9.20374e-07	9.20374e-07	0	0	0	1.2865	-0.733613	0	2.02012		300	0.281341	-0.015187	0.00759351	0.00759351	0	0	0	0.281341	0	-0.469668	-153.69	0	26.9754	26.9754	0	7.04502	0	0	0	0	0	0	0	0	0	0	0	0	0	0	0	0	0	0	0	0	0	0	0	0	0	0	0	0	0	0	0	0	0	
1	1	1	451	13.53		300	0	0	-0.02255	0.0101696	0.0101696	0	0	0	-87.3612	9.20086e-07	9.20086e-07	0	0	0	1.29087	-0.733908	0	2.02478		300	0.282002	-0.0152294	0.00761468	0.00761468	0	0	0	0.282002	0	-0.469668	-153.69	0	26.9754	26.9754	0	7.04502	0	0	0	0	0	0	0	0	0	0	0	0	0	0	0	0	0	0	0	0	0	0	0	0	0	0	0	0	0	0	0	0	0	
1	1	1	452	13.56		300	0	0	-0.0226	0.0101934	0.0101934	0	0	0	-87.4526	9.198e-07	9.198e-07	0	0	0	1.29524	-0.734198	0	2.02944		300	0.282663	-0.0152717	0.00763586	0.00763586	0	0	0	0.282663	0	-0.469668	-153.69	0	26.9754	26.9754	0	7.04502	0	0	0	0	0	0	0	0	0	0	0	0	0	0	0	0	0	0	0	0	0	0	0	0	0	0	0	0	0	0	0	0	0	
1	1	1	453	13.59		300	0	0	-0.02265	0.0102173	0.0102173	0	0	0	-87.5438	9.19516e-07	9.19516e-07	0	0	0	1.29962	-0.734483	0	2.0341		300	0.283325	-0.0153141	0.00765704	0.00765704	0	0	0	0.283325	0	-0.469668	-153.69	0	26.9754	26.9754	0	7.04502	0	0	0	0	0	0	0	0	0	0	0	0	0	0	0	0	0	0	0	0	0	0	0	0	0	0	0	0	0	0	0	0	0	
1	1	1	454	13.62		300	0	0	-0.0227	0.0102411	0.0102411	0	0	0	-87.6349	9.19234e-07	9.19234e-07	0	0	0	1.304	-0.734763	0	2.03876		300	0.283986	-0.0153564	0.00767822	0.00767822	0	0	0	0.283986	0	-0.469668	-153.69	0	26.9754	26.9754	0	7.04502	0	0	0	0	0	0	0	0	0	0	0	0	0	0	0	0	0	0	0	0	0	0	0	0	0	0	0	0	0	0	0	0	0	
1	1	1	455	13.65		300	0	0	-0.02275	0.010265	0.010265	0	0	0	-87.7259	9.18955e-07	9.18955e-07	0	0	0	1.30838	-0.735038	0	2.04342		300	0.284647	-0.0153988	0.00769941	0.00769941	0	0	0	0.284647	0	-0.469668	-153.69	0	26.9754	26.9754	0	7.04502	0	0	0	0	0	0	0	0	0	0	0	0	0	0	0	0	0	0	0	0	0	0	0	0	0	0	0	0	0	0	0	0	0	
1	1	1	456	13.68		300	0	0	-0.0228	0.0102888	0.0102888	0	0	0	-87.8168	9.18677e-07	9.18677e-07	0	0	0	1.31277	-0.735309	0	2.04808		300	0.285308	-0.0154412	0.0077206	0.0077206	0	0	0	0.285308	0	-0.469668	-153.69	0	26.9754	26.9754	0	7.04502	0	0	0	0	0	0	0	0	0	0	0	0	0	0	0	0	0	0	0	0	0	0	0	0	0	0	0	0	0	0	0	0	0	
1	1	1	457	13.71		300	0	0	-0.02285	0.0103127	0.0103127	0	0	0	-87.9076	9.18401e-07	9.18401e-07	0	0	0	1.31716	-0.735575	0	2.05274		300	0.285969	-0.0154836	0.00774179	0.00774179	0	0	0	0.285969	0	-0.469668	-153.69	0	26.9754	26.9754	0	7.04502	0	0	0	0	0	0	0	0	0	0	0	0	0	0	0	0	0	0	0	0	0	0	0	0	0	0	0	0	0	0	0	0	0	
1	1	1	458	13.74		300	0	0	-0.0229	0.0103365	0.0103365	0	0	0	-87.9984	9.18127e-07	9.18127e-07	0	0	0	1.32156	-0.735836	0	2.0574		300	0.28663	-0.015526	0.00776299	0.00776299	0	0	0	0.28663	0	-0.469668	-153.69	0	26.9754	26.9754	0	7.04502	0	0	0	0	0	0	0	0	0	0	0	0	0	0	0	0	0	0	0	0	0	0	0	0	0	0	0	0	0	0	0	0	0	
1	1	1	459	13.77		300	0	0	-0.02295	0.0103604	0.0103604	0	0	0	-88.089	9.17855e-07	9.17855e-07	0	0	0	1.32596	-0.736093	0	2.06205		300	0.287291	-0.0155684	0.00778419	0.00778419	0	0	0	0.287291	0	-0.469668	-153.69	0	26.9754	26.9754	0	7.04502	0	0	0	0	0	0	0	0	0	0	0	0	0	0	0	0	0	0	0	0	0	0	0	0	0	0	0	0	0	0	0	0	0	
1	1	1	460	13.8		300	0	0	-0.023	0.0103842	0.0103842	0	0	0	-88.1795	9.17586e-07	9.17586e-07	0	0	0	1.33037	-0.736345	0	2.06671		300	0.287952	-0.0156108	0.0078054	0.0078054	0	0	0	0.287952	0	-0.469668	-153.69	0	26.9754	26.9754	0	7.04502	0	0	0	0	0	0	0	0	0	0	0	0	0	0	0	0	0	0	0	0	0	0	0	0	0	0	0	0	0	0	0	0	0	
1	1	1	461	13.83		300	0	0	-0.02305	0.0104081	0.0104081	0	0	0	-88.2699	9.17318e-07	9.17318e-07	0	0	0	1.33478	-0.736591	0	2.07137		300	0.288613	-0.0156532	0.00782661	0.00782661	0	0	0	0.288613	0	-0.469668	-153.69	0	26.9754	26.9754	0	7.04502	0	0	0	0	0	0	0	0	0	0	0	0	0	0	0	0	0	0	0	0	0	0	0	0	0	0	0	0	0	0	0	0	0	
1	1	1	462	13.86		300	0	0	-0.0231	0.0104319	0.0104319	0	0	0	-88.3603	9.17052e-07	9.17052e-07	0	0	0	1.33919	-0.736834	0	2.07603		300	0.289274	-0.0156957	0.00784783	0.00784783	0	0	0	0.289274	0	-0.469668	-153.69	0	26.9754	26.9754	0	7.04502	0	0	0	0	0	0	0	0	0	0	0	0	0	0	0	0	0	0	0	0	0	0	0	0	0	0	0	0	0	0	0	0	0	
1	1	1	463	13.89		300	0	0	-0.02315	0.0104558	0.0104558	0	0	0	-88.4505	9.16787e-07	9.16787e-07	0	0	0	1.34361	-0.737071	0	2.08069		300	0.289935	-0.0157381	0.00786905	0.00786905	0	0	0	0.289935	0	-0.469668	-153.69	0	26.9754	26.9754	0	7.04502	0	0	0	0	0	0	0	0	0	0	0	0	0	0	0	0	0	0	0	0	0	0	0	0	0	0	0	0	0	0	0	0	0	
1	1	1	464	13.92		300	0	0	-0.0232	0.0104797	0.0104797	0	0	0	-88.5406	9.16525e-07	9.16525e-07	0	0	0	1.34804	-0.737304	0	2.08534		300	0.290596	-0.0157805	0.00789027	0.00789027	0	0	0	0.290596	0	-0.469668	-153.69	0	26.9754	26.9754	0	7.04502	0	0	0	0	0	0	0	0	0	0	0	0	0	0	0	0	0	0	0	0	0	0	0	0	0	0	0	0	0	0	0	0	0	
1	1	1	465	13.95		300	0	0	-0.02325	0.0105035	0.0105035	0	0	0	-88.6307	9.16265e-07	9.16265e-07	0	0	0	1.35247	-0.737532	0	2.09		300	0.291257	-0.015823	0.0079115	0.0079115	0	0	0	0.291257	0	-0.469668	-153.69	0	26.9754	26.9754	0	7.04502	0	0	0	0	0	0	0	0	0	0	0	0	0	0	0	0	0	0	0	0	0	0	0	0	0	0	0	0	0	0	0	0	0	
1	1	1	466	13.98		300	0	0	-0.0233	0.0105274	0.0105274	0	0	0	-88.7206	9.16006e-07	9.16006e-07	0	0	0	1.3569	-0.737755	0	2.09466		300	0.291917	-0.0158655	0.00793273	0.00793273	0	0	0	0.291917	0	-0.469668	-153.69	0	26.9754	26.9754	0	7.04502	0	0	0	0	0	0	0	0	0	0	0	0	0	0	0	0	0	0	0	0	0	0	0	0	0	0	0	0	0	0	0	0	0	
1	1	1	467	14.01		300	0	0	-0.02335	0.0105512	0.0105512	0	0	0	-88.8105	9.15749e-07	9.15749e-07	0	0	0	1.36134	-0.737974	0	2.09931		300	0.292578	-0.0159079	0.00795396	0.00795396	0	0	0	0.292578	0	-0.469668	-153.69	0	26.9754	26.9754	0	7.04502	0	0	0	0	0	0	0	0	0	0	0	0	0	0	0	0	0	0	0	0	0	0	0	0	0	0	0	0	0	0	0	0	0	
1	1	1	468	14.04		300	0	0	-0.0234	0.0105751	0.0105751	0	0	0	-88.9003	9.15494e-07	9.15494e-07	0	0	0	1.36578	-0.738187	0	2.10397		300	0.293239	-0.0159504	0.0079752	0.0079752	0	0	0	0.293239	0	-0.469668	-153.69	0	26.9754	26.9754	0	7.04502	0	0	0	0	0	0	0	0	0	0	0	0	0	0	0	0	0	0	0	0	0	0	0	0	0	0	0	0	0	0	0	0	0	
1	1	1	469	14.07		300	0	0	-0.02345	0.010599	0.010599	0	0	0	-88.9899	9.15241e-07	9.15241e-07	0	0	0	1.37023	-0.738396	0	2.10863		300	0.2939	-0.0159929	0.00799644	0.00799644	0	0	0	0.2939	0	-0.469668	-153.69	0	26.9754	26.9754	0	7.04502	0	0	0	0	0	0	0	0	0	0	0	0	0	0	0	0	0	0	0	0	0	0	0	0	0	0	0	0	0	0	0	0	0	
1	1	1	470	14.1		300	0	0	-0.0235	0.0106228	0.0106228	0	0	0	-89.0795	9.1499e-07	9.1499e-07	0	0	0	1.37468	-0.738601	0	2.11328		300	0.29456	-0.0160354	0.00801769	0.00801769	0	0	0	0.29456	0	-0.469668	-153.69	0	26.9754	26.9754	0	7.04502	0	0	0	0	0	0	0	0	0	0	0	0	0	0	0	0	0	0	0	0	0	0	0	0	0	0	0	0	0	0	0	0	0	
1	1	1	471	14.13		300	0	0	-0.02355	0.0106467	0.0106467	0	0	0	-89.169	9.1474e-07	9.1474e-07	0	0	0	1.37914	-0.7388	0	2.11794		300	0.295221	-0.0160779	0.00803894	0.00803894	0	0	0	0.295221	0	-0.469668	-153.69	0	26.9754	26.9754	0	7.04502	0	0	0	0	0	0	0	0	0	0	0	0	0	0	0	0	0	0	0	0	0	0	0	0	0	0	0	0	0	0	0	0	0	
1	1	1	472	14.16		300	0	0	-0.0236	0.0106706	0.0106706	0	0	0	-89.2584	9.14492e-07	9.14492e-07	0	0	0	1.3836	-0.738995	0	2.12259		300	0.295881	-0.0161204	0.0080602	0.0080602	0	0	0	0.295881	0	-0.469668	-153.69	0	26.9754	26.9754	0	7.04502	0	0	0	0	0	0	0	0	0	0	0	0	0	0	0	0	0	0	0	0	0	0	0	0	0	0	0	0	0	0	0	0	0	
1	1	1	473	14.19		300	0	0	-0.02365	0.0106944	0.0106944	0	0	0	-89.3477	9.14246e-07	9.14246e-07	0	0	0	1.38806	-0.739185	0	2.12725		300	0.296542	-0.0161629	0.00808145	0.00808145	0	0	0	0.296542	0	-0.469668	-153.69	0	26.9754	26.9754	0	7.04502	0	0	0	0	0	0	0	0	0	0	0	0	0	0	0	0	0	0	0	0	0	0	0	0	0	0	0	0	0	0	0	0	0	
1	1	1	474	14.22		300	0	0	-0.0237	0.0107183	0.0107183	0	0	0	-89.4369	9.14002e-07	9.14002e-07	0	0	0	1.39253	-0.739371	0	2.13191		300	0.297203	-0.0162054	0.00810272	0.00810272	0	0	0	0.297203	0	-0.469668	-153.69	0	26.9754	26.9754	0	7.04502	0	0	0	0	0	0	0	0	0	0	0	0	0	0	0	0	0	0	0	0	0	0	0	0	0	0	0	0	0	0	0	0	0	
1	1	1	475	14.25		300	0	0	-0.02375	0.0107422	0.0107422	0	0	0	-89.526	9.13759e-07	9.13759e-07	0	0	0	1.39701	-0.739552	0	2.13656		300	0.297863	-0.016248	0.00812398	0.00812398	0	0	0	0.297863	0	-0.469668	-153.69	0	26.9754	26.9754	0	7.04502	0	0	0	0	0	0	0	0	0	0	0	0	0	0	0	0	0	0	0	0	0	0	0	0	0	0	0	0	0	0	0	0	0	
1	1	1	476	14.28		300	0	0	-0.0238	0.0107661	0.0107661	0	0	0	-89.6151	9.13518e-07	9.13518e-07	0	0	0	1.40149	-0.739728	0	2.14121		300	0.298523	-0.0162905	0.00814525	0.00814525	0	0	0	0.298523	0	-0.469668	-153.69	0	26.9754	26.9754	0	7.04502	0	0	0	0	0	0	0	0	0	0	0	0	0	0	0	0	0	0	0	0	0	0	0	0	0	0	0	0	0	0	0	0	0	
1	1	1	477	14.31		300	0	0	-0.02385	0.0107899	0.0107899	0	0	0	-89.704	9.13279e-07	9.13279e-07	0	0	0	1.40597	-0.739899	0	2.14587		300	0.299184	-0.0163331	0.00816653	0.00816653	0	0	0	0.299184	0	-0.469668	-153.69	0	26.9754	26.9754	0	7.04502	0	0	0	0	0	0	0	0	0	0	0	0	0	0	0	0	0	0	0	0	0	0	0	0	0	0	0	0	0	0	0	0	0	
1	1	1	478	14.34		300	0	0	-0.0239	0.0108138	0.0108138	0	0	0	-89.7929	9.13041e-07	9.13041e-07	0	0	0	1.41046	-0.740066	0	2.15052		300	0.299844	-0.0163756	0.0081878	0.0081878	0	0	0	0.299844	0	-0.469668	-153.69	0	26.9754	26.9754	0	7.04502	0	0	0	0	0	0	0	0	0	0	0	0	0	0	0	0	0	0	0	0	0	0	0	0	0	0	0	0	0	0	0	0	0	
1	1	1	479	14.37		300	0	0	-0.02395	0.0108377	0.0108377	0	0	0	-89.8816	9.12805e-07	9.12805e-07	0	0	0	1.41495	-0.740228	0	2.15518		300	0.300505	-0.0164182	0.00820908	0.00820908	0	0	0	0.300505	0	-0.469668	-153.69	0	26.9754	26.9754	0	7.04502	0	0	0	0	0	0	0	0	0	0	0	0	0	0	0	0	0	0	0	0	0	0	0	0	0	0	0	0	0	0	0	0	0	
1	1	1	480	14.4		300	0	0	-0.024	0.0108616	0.0108616	0	0	0	-89.9703	9.12571e-07	9.12571e-07	0	0	0	1.41945	-0.740385	0	2.15983		300	0.301165	-0.0164607	0.00823037	0.00823037	0	0	0	0.301165	0	-0.469668	-153.69	0	26.9754	26.9754	0	7.04502	0	0	0	0	0	0	0	0	0	0	0	0	0	0	0	0	0	0	0	0	0	0	0	0	0	0	0	0	0	0	0	0	0	
1	1	1	481	14.43		300	0	0	-0.02405	0.0108855	0.0108855	0	0	0	-90.0589	9.12338e-07	9.12338e-07	0	0	0	1.42395	-0.740538	0	2.16448		300	0.301825	-0.0165033	0.00825166	0.00825166	0	0	0	0.301825	0	-0.469668	-153.69	0	26.9754	26.9754	0	7.04502	0	0	0	0	0	0	0	0	0	0	0	0	0	0	0	0	0	0	0	0	0	0	0	0	0	0	0	0	0	0	0	0	0	
1	1	1	482	14.46		300	0	0	-0.0241	0.0109093	0.0109093	0	0	0	-90.1474	9.12107e-07	9.12107e-07	0	0	0	1.42845	-0.740686	0	2.16914		300	0.302485	-0.0165459	0.00827295	0.00827295	0	0	0	0.302485	0	-0.469668	-153.69	0	26.9754	26.9754	0	7.04502	0	0	0	0	0	0	0	0	0	0	0	0	0	0	0	0	0	0	0	0	0	0	0	0	0	0	0	0	0	0	0	0	0	
1	1	1	483	14.49		300	0	0	-0.02415	0.0109332	0.0109332	0	0	0	-90.2358	9.11877e-07	9.11877e-07	0	0	0	1.43296	-0.740829	0	2.17379		300	0.303146	-0.0165885	0.00829424	0.00829424	0	0	0	0.303146	0	-0.469668	-153.69	0	26.9754	26.9754	0	7.04502	0	0	0	0	0	0	0	0	0	0	0	0	0	0	0	0	0	0	0	0	0	0	0	0	0	0	0	0	0	0	0	0	0	
1	1	1	484	14.52		300	0	0	-0.0242	0.0109571	0.0109571	0	0	0	-90.3242	9.11649e-07	9.11649e-07	0	0	0	1.43747	-0.740967	0	2.17844		300	0.303806	-0.0166311	0.00831554	0.00831554	0	0	0	0.303806	0	-0.469668	-153.69	0	26.9754	26.9754	0	7.04502	0	0	0	0	0	0	0	0	0	0	0	0	0	0	0	0	0	0	0	0	0	0	0	0	0	0	0	0	0	0	0	0	0	
1	1	1	485	14.55		300	0	0	-0.02425	0.010981	0.010981	0	0	0	-90.4124	9.11423e-07	9.11423e-07	0	0	0	1.44199	-0.741101	0	2.18309		300	0.304466	-0.0166737	0.00833684	0.00833684	0	0	0	0.304466	0	-0.469668	-153.69	0	26.9754	26.9754	0	7.04502	0	0	0	0	0	0	0	0	0	0	0	0	0	0	0	0	0	0	0	0	0	0	0	0	0	0	0	0	0	0	0	0	0	
1	1	1	486	14.58		300	0	0	-0.0243	0.0110049	0.0110049	0	0	0	-90.5006	9.11198e-07	9.11198e-07	0	0	0	1.44652	-0.741231	0	2.18775		300	0.305126	-0.0167163	0.00835815	0.00835815	0	0	0	0.305126	0	-0.469668	-153.69	0	26.9754	26.9754	0	7.04502	0	0	0	0	0	0	0	0	0	0	0	0	0	0	0	0	0	0	0	0	0	0	0	0	0	0	0	0	0	0	0	0	0	
1	1	1	487	14.61		300	0	0	-0.02435	0.0110287	0.0110287	0	0	0	-90.5887	9.10975e-07	9.10975e-07	0	0	0	1.45104	-0.741355	0	2.1924		300	0.305786	-0.0167589	0.00837946	0.00837946	0	0	0	0.305786	0	-0.469668	-153.69	0	26.9754	26.9754	0	7.04502	0	0	0	0	0	0	0	0	0	0	0	0	0	0	0	0	0	0	0	0	0	0	0	0	0	0	0	0	0	0	0	0	0	
1	1	1	488	14.64		300	0	0	-0.0244	0.0110526	0.0110526	0	0	0	-90.6767	9.10753e-07	9.10753e-07	0	0	0	1.45558	-0.741475	0	2.19705		300	0.306446	-0.0168015	0.00840077	0.00840077	0	0	0	0.306446	0	-0.469668	-153.69	0	26.9754	26.9754	0	7.04502	0	0	0	0	0	0	0	0	0	0	0	0	0	0	0	0	0	0	0	0	0	0	0	0	0	0	0	0	0	0	0	0	0	
1	1	1	489	14.67		300	0	0	-0.02445	0.0110765	0.0110765	0	0	0	-90.7646	9.10533e-07	9.10533e-07	0	0	0	1.46011	-0.74159	0	2.2017		300	0.307106	-0.0168442	0.00842209	0.00842209	0	0	0	0.307106	0	-0.469668	-153.69	0	26.9754	26.9754	0	7.04502	0	0	0	0	0	0	0	0	0	0	0	0	0	0	0	0	0	0	0	0	0	0	0	0	0	0	0	0	0	0	0	0	0	
1	1	1	490	14.7		300	0	0	-0.0245	0.0111004	0.0111004	0	0	0	-90.8524	9.10314e-07	9.10314e-07	0	0	0	1.46465	-0.741701	0	2.20635		300	0.307766	-0.0168868	0.00844341	0.00844341	0	0	0	0.307766	0	-0.469668	-153.69	0	26.9754	26.9754	0	7.04502	0	0	0	0	0	0	0	0	0	0	0	0	0	0	0	0	0	0	0	0	0	0	0	0	0	0	0	0	0	0	0	0	0	
1	1	1	491	14.73		300	0	0	-0.02455	0.0111243	0.0111243	0	0	0	-90.9402	9.10097e-07	9.10097e-07	0	0	0	1.4692	-0.741807	0	2.211		300	0.308426	-0.0169295	0.00846473	0.00846473	0	0	0	0.308426	0	-0.469668	-153.69	0	26.9754	26.9754	0	7.04502	0	0	0	0	0	0	0	0	0	0	0	0	0	0	0	0	0	0	0	0	0	0	0	0	0	0	0	0	0	0	0	0	0	
1	1	1	492	14.76		300	0	0	-0.0246	0.0111482	0.0111482	0	0	0	-91.0278	9.09881e-07	9.09882e-07	0	0	0	1.47375	-0.741908	0	2.21565		300	0.309086	-0.0169721	0.00848606	0.00848606	0	0	0	0.309086	0	-0.469668	-153.69	0	26.9754	26.9754	0	7.04502	0	0	0	0	0	0	0	0	0	0	0	0	0	0	0	0	0	0	0	0	0	0	0	0	0	0	0	0	0	0	0	0	0	
1	1	1	493	14.79		300	0	0	-0.02465	0.0111721	0.0111721	0	0	0	-91.1154	9.09667e-07	9.09667e-07	0	0	0	1.4783	-0.742005	0	2.2203		300	0.309746	-0.0170148	0.00850739	0.00850739	0	0	0	0.309746	0	-0.469668	-153.69	0	26.9754	26.9754	0	7.04502	0	0	0	0	0	0	0	0	0	0	0	0	0	0	0	0	0	0	0	0	0	0	0	0	0	0	0	0	0	0	0	0	0	
1	1	1	494	14.82		300	0	0	-0.0247	0.011196	0.011196	0	0	0	-91.2029	9.09455e-07	9.09455e-07	0	0	0	1.48286	-0.742097	0	2.22495		300	0.310405	-0.0170574	0.00852872	0.00852872	0	0	0	0.310405	0	-0.469668	-153.69	0	26.9754	26.9754	0	7.04502	0	0	0	0	0	0	0	0	0	0	0	0	0	0	0	0	0	0	0	0	0	0	0	0	0	0	0	0	0	0	0	0	0	
1	1	1	495	14.85		300	0	0	-0.02475	0.0112199	0.0112199	0	0	0	-91.2904	9.09243e-07	9.09243e-07	0	0	0	1.48742	-0.742184	0	2.2296		300	0.311065	-0.0171001	0.00855006	0.00855006	0	0	0	0.311065	0	-0.469668	-153.69	0	26.9754	26.9754	0	7.04502	0	0	0	0	0	0	0	0	0	0	0	0	0	0	0	0	0	0	0	0	0	0	0	0	0	0	0	0	0	0	0	0	0	
1	1	1	496	14.88		300	0	0	-0.0248	0.0112438	0.0112438	0	0	0	-91.3777	9.09033e-07	9.09033e-07	0	0	0	1.49199	-0.742267	0	2.23425		300	0.311725	-0.0171428	0.0085714	0.0085714	0	0	0	0.311725	0	-0.469668	-153.69	0	26.9754	26.9754	0	7.04502	0	0	0	0	0	0	0	0	0	0	0	0	0	0	0	0	0	0	0	0	0	0	0	0	0	0	0	0	0	0	0	0	0	
1	1	1	497	14.91		300	0	0	-0.02485	0.0112677	0.0112677	0	0	0	-91.465	9.08825e-07	9.08825e-07	0	0	0	1.49656	-0.742345	0	2.2389		300	0.312384	-0.0171855	0.00859274	0.00859274	0	0	0	0.312384	0	-0.469668	-153.69	0	26.9754	26.9754	0	7.04502	0	0	0	0	0	0	0	0	0	0	0	0	0	0	0	0	0	0	0	0	0	0	0	0	0	0	0	0	0	0	0	0	0	
1	1	1	498	14.94		300	0	0	-0.0249	0.0112916	0.0112916	0	0	0	-91.5522	9.08618e-07	9.08618e-07	0	0	0	1.50113	-0.742418	0	2.24355		300	0.313044	-0.0172282	0.00861409	0.00861409	0	0	0	0.313044	0	-0.469668	-153.69	0	26.9754	26.9754	0	7.04502	0	0	0	0	0	0	0	0	0	0	0	0	0	0	0	0	0	0	0	0	0	0	0	0	0	0	0	0	0	0	0	0	0	
1	1	1	499	14.97		300	0	0	-0.02495	0.0113155	0.0113155	0	0	0	-91.6393	9.08413e-07	9.08413e-07	0	0	0	1.50571	-0.742487	0	2.2482		300	0.313704	-0.0172709	0.00863544	0.00863544	0	0	0	0.313704	0	-0.469668	-153.69	0	26.9754	26.9754	0	7.04502	0	0	0	0	0	0	0	0	0	0	0	0	0	0	0	0	0	0	0	0	0	0	0	0	0	0	0	0	0	0	0	0	0	
1	1	1	500	15		300	0	0	-0.025	0.0113394	0.0113394	0	0	0	-91.7263	9.08208e-07	9.08208e-07	0	0	0	1.5103	-0.742551	0	2.25285		300	0.314363	-0.0173136	0.00865679	0.00865679	0	0	0	0.314363	0	-0.469668	-153.69	0	26.9754	26.9754	0	7.04502	0	0	0	0	0	0	0	0	0	0	0	0	0	0	0	0	0	0	0	0	0	0	0	0	0	0	0	0	0	0	0	0	0	
1	1	1	501	15.03		300	0	0	-0.02505	0.0113633	0.0113633	0	0	0	-91.8133	9.08006e-07	9.08006e-07	0	0	0	1.51489	-0.74261	0	2.2575		300	0.315023	-0.0173563	0.00867815	0.00867815	0	0	0	0.315023	0	-0.469668	-153.69	0	26.9754	26.9754	0	7.04502	0	0	0	0	0	0	0	0	0	0	0	0	0	0	0	0	0	0	0	0	0	0	0	0	0	0	0	0	0	0	0	0	0	
1	1	1	502	15.06		300	0	0	-0.0251	0.0113872	0.0113872	0	0	0	-91.9001	9.07804e-07	9.07804e-07	0	0	0	1.51948	-0.742665	0	2.26214		300	0.315682	-0.017399	0.00869951	0.00869951	0	0	0	0.315682	0	-0.469668	-153.69	0	26.9754	26.9754	0	7.04502	0	0	0	0	0	0	0	0	0	0	0	0	0	0	0	0	0	0	0	0	0	0	0	0	0	0	0	0	0	0	0	0	0	
1	1	1	503	15.09		300	0	0	-0.02515	0.0114111	0.0114111	0	0	0	-91.9869	9.07604e-07	9.07604e-07	0	0	0	1.52408	-0.742716	0	2.26679		300	0.316342	-0.0174417	0.00872087	0.00872087	0	0	0	0.316342	0	-0.469668	-153.69	0	26.9754	26.9754	0	7.04502	0	0	0	0	0	0	0	0	0	0	0	0	0	0	0	0	0	0	0	0	0	0	0	0	0	0	0	0	0	0	0	0	0	
1	1	1	504	15.12		300	0	0	-0.0252	0.011435	0.011435	0	0	0	-92.0737	9.07405e-07	9.07405e-07	0	0	0	1.52868	-0.742761	0	2.27144		300	0.317001	-0.0174845	0.00874224	0.00874224	0	0	0	0.317001	0	-0.469668	-153.69	0	26.9754	26.9754	0	7.04502	0	0	0	0	0	0	0	0	0	0	0	0	0	0	0	0	0	0	0	0	0	0	0	0	0	0	0	0	0	0	0	0	0	
1	1	1	505	15.15		300	0	0	-0.02525	0.0114589	0.0114589	0	0	0	-92.1603	9.07208e-07	9.07208e-07	0	0	0	1.53328	-0.742802	0	2.27608		300	0.31766	-0.0175272	0.00876361	0.00876361	0	0	0	0.31766	0	-0.469668	-153.69	0	26.9754	26.9754	0	7.04502	0	0	0	0	0	0	0	0	0	0	0	0	0	0	0	0	0	0	0	0	0	0	0	0	0	0	0	0	0	0	0	0	0	
1	1	1	506	15.18		300	0	0	-0.0253	0.0114828	0.0114828	0	0	0	-92.2469	9.07012e-07	9.07012e-07	0	0	0	1.53789	-0.742839	0	2.28073		300	0.31832	-0.01757	0.00878498	0.00878498	0	0	0	0.31832	0	-0.469668	-153.69	0	26.9754	26.9754	0	7.04502	0	0	0	0	0	0	0	0	0	0	0	0	0	0	0	0	0	0	0	0	0	0	0	0	0	0	0	0	0	0	0	0	0	
1	1	1	507	15.21		300	0	0	-0.02535	0.0115067	0.0115067	0	0	0	-92.3334	9.06817e-07	9.06817e-07	0	0	0	1.54251	-0.74287	0	2.28538		300	0.318979	-0.0176127	0.00880636	0.00880636	0	0	0	0.318979	0	-0.469668	-153.69	0	26.9754	26.9754	0	7.04502	0	0	0	0	0	0	0	0	0	0	0	0	0	0	0	0	0	0	0	0	0	0	0	0	0	0	0	0	0	0	0	0	0	
1	1	1	508	15.24		300	0	0	-0.0254	0.0115306	0.0115306	0	0	0	-92.4198	9.06624e-07	9.06624e-07	0	0	0	1.54713	-0.742898	0	2.29002		300	0.319638	-0.0176555	0.00882774	0.00882774	0	0	0	0.319638	0	-0.469668	-153.69	0	26.9754	26.9754	0	7.04502	0	0	0	0	0	0	0	0	0	0	0	0	0	0	0	0	0	0	0	0	0	0	0	0	0	0	0	0	0	0	0	0	0	
1	1	1	509	15.27		300	0	0	-0.02545	0.0115545	0.0115545	0	0	0	-92.5061	9.06432e-07	9.06432e-07	0	0	0	1.55175	-0.74292	0	2.29467		300	0.320297	-0.0176982	0.00884912	0.00884912	0	0	0	0.320297	0	-0.469668	-153.69	0	26.9754	26.9754	0	7.04502	0	0	0	0	0	0	0	0	0	0	0	0	0	0	0	0	0	0	0	0	0	0	0	0	0	0	0	0	0	0	0	0	0	
1	1	1	510	15.3		300	0	0	-0.0255	0.0115784	0.0115784	0	0	0	-92.5924	9.06241e-07	9.06241e-07	0	0	0	1.55638	-0.742938	0	2.29931		300	0.320957	-0.017741	0.00887051	0.00887051	0	0	0	0.320957	0	-0.469668	-153.69	0	26.9754	26.9754	0	7.04502	0	0	0	0	0	0	0	0	0	0	0	0	0	0	0	0	0	0	0	0	0	0	0	0	0	0	0	0	0	0	0	0	0	
1	1	1	511	15.33		300	0	0	-0.02555	0.0116023	0.0116023	0	0	0	-92.6786	9.06051e-07	9.06052e-07	0	0	0	1.56101	-0.742952	0	2.30396		300	0.321616	-0.0177838	0.00889189	0.00889189	0	0	0	0.321616	0	-0.469668	-153.69	0	26.9754	26.9754	0	7.04502	0	0	0	0	0	0	0	0	0	0	0	0	0	0	0	0	0	0	0	0	0	0	0	0	0	0	0	0	0	0	0	0	0	
1	1	1	512	15.36		300	0	0	-0.0256	0.0116262	0.0116262	0	0	0	-92.7647	9.05863e-07	9.05863e-07	0	0	0	1.56564	-0.742961	0	2.3086		300	0.322275	-0.0178266	0.00891329	0.00891329	0	0	0	0.322275	0	-0.469668	-153.69	0	26.9754	26.9754	0	7.04502	0	0	0	0	0	0	0	0	0	0	0	0	0	0	0	0	0	0	0	0	0	0	0	0	0	0	0	0	0	0	0	0	0	
1	1	1	513	15.39		300	0	0	-0.02565	0.0116501	0.0116501	0	0	0	-92.8508	9.05676e-07	9.05676e-07	0	0	0	1.57028	-0.742965	0	2.31325		300	0.322934	-0.0178694	0.00893468	0.00893468	0	0	0	0.322934	0	-0.469668	-153.69	0	26.9754	26.9754	0	7.04502	0	0	0	0	0	0	0	0	0	0	0	0	0	0	0	0	0	0	0	0	0	0	0	0	0	0	0	0	0	0	0	0	0	
1	1	1	514	15.42		300	0	0	-0.0257	0.011674	0.011674	0	0	0	-92.9367	9.0549e-07	9.05491e-07	0	0	0	1.57493	-0.742964	0	2.31789		300	0.323593	-0.0179122	0.00895608	0.00895608	0	0	0	0.323593	0	-0.469668	-153.69	0	26.9754	26.9754	0	7.04502	0	0	0	0	0	0	0	0	0	0	0	0	0	0	0	0	0	0	0	0	0	0	0	0	0	0	0	0	0	0	0	0	0	
1	1	1	515	15.45		300	0	0	-0.02575	0.0116979	0.0116979	0	0	0	-93.0226	9.05306e-07	9.05306e-07	0	0	0	1.57958	-0.742959	0	2.32254		300	0.324252	-0.017955	0.00897748	0.00897748	0	0	0	0.324252	0	-0.469668	-153.69	0	26.9754	26.9754	0	7.04502	0	0	0	0	0	0	0	0	0	0	0	0	0	0	0	0	0	0	0	0	0	0	0	0	0	0	0	0	0	0	0	0	0	
1	1	1	516	15.48		300	0	0	-0.0258	0.0117219	0.0117219	0	0	0	-93.1085	9.05123e-07	9.05123e-07	0	0	0	1.58423	-0.74295	0	2.32718		300	0.324911	-0.0179978	0.00899888	0.00899888	0	0	0	0.324911	0	-0.469668	-153.69	0	26.9754	26.9754	0	7.04502	0	0	0	0	0	0	0	0	0	0	0	0	0	0	0	0	0	0	0	0	0	0	0	0	0	0	0	0	0	0	0	0	0	
1	1	1	517	15.51		300	0	0	-0.02585	0.0117458	0.0117458	0	0	0	-93.1942	9.04941e-07	9.04941e-07	0	0	0	1.58889	-0.742936	0	2.33182		300	0.32557	-0.0180406	0.00902029	0.00902029	0	0	0	0.32557	0	-0.469668	-153.69	0	26.9754	26.9754	0	7.04502	0	0	0	0	0	0	0	0	0	0	0	0	0	0	0	0	0	0	0	0	0	0	0	0	0	0	0	0	0	0	0	0	0	
1	1	1	518	15.54		300	0	0	-0.0259	0.0117697	0.0117697	0	0	0	-93.2799	9.0476e-07	9.0476e-07	0	0	0	1.59355	-0.742917	0	2.33647		300	0.326228	-0.0180834	0.0090417	0.0090417	0	0	0	0.326228	0	-0.469668	-153.69	0	26.9754	26.9754	0	7.04502	0	0	0	0	0	0	0	0	0	0	0	0	0	0	0	0	0	0	0	0	0	0	0	0	0	0	0	0	0	0	0	0	0	
1	1	1	519	15.57		300	0	0	-0.02595	0.0117936	0.0117936	0	0	0	-93.3655	9.0458e-07	9.0458e-07	0	0	0	1.59822	-0.742894	0	2.34111		300	0.326887	-0.0181262	0.00906311	0.00906311	0	0	0	0.326887	0	-0.469668	-153.69	0	26.9754	26.9754	0	7.04502	0	0	0	0	0	0	0	0	0	0	0	0	0	0	0	0	0	0	0	0	0	0	0	0	0	0	0	0	0	0	0	0	0	
1	1	1	520	15.6		300	0	0	-0.026	0.0118175	0.0118175	0	0	0	-93.4511	9.04402e-07	9.04402e-07	0	0	0	1.60289	-0.742866	0	2.34575		300	0.327546	-0.0181691	0.00908453	0.00908453	0	0	0	0.327546	0	-0.469668	-153.69	0	26.9754	26.9754	0	7.04502	0	0	0	0	0	0	0	0	0	0	0	0	0	0	0	0	0	0	0	0	0	0	0	0	0	0	0	0	0	0	0	0	0	
1	1	1	521	15.63		300	0	0	-0.02605	0.0118414	0.0118414	0	0	0	-93.5366	9.04225e-07	9.04225e-07	0	0	0	1.60756	-0.742833	0	2.3504		300	0.328205	-0.0182119	0.00910595	0.00910595	0	0	0	0.328205	0	-0.469668	-153.69	0	26.9754	26.9754	0	7.04502	0	0	0	0	0	0	0	0	0	0	0	0	0	0	0	0	0	0	0	0	0	0	0	0	0	0	0	0	0	0	0	0	0	
1	1	1	522	15.66		300	0	0	-0.0261	0.0118654	0.0118654	0	0	0	-93.622	9.04049e-07	9.04049e-07	0	0	0	1.61224	-0.742796	0	2.35504		300	0.328863	-0.0182547	0.00912737	0.00912737	0	0	0	0.328863	0	-0.469668	-153.69	0	26.9754	26.9754	0	7.04502	0	0	0	0	0	0	0	0	0	0	0	0	0	0	0	0	0	0	0	0	0	0	0	0	0	0	0	0	0	0	0	0	0	
1	1	1	523	15.69		300	0	0	-0.02615	0.0118893	0.0118893	0	0	0	-93.7073	9.03874e-07	9.03874e-07	0	0	0	1.61692	-0.742755	0	2.35968		300	0.329522	-0.0182976	0.00914879	0.00914879	0	0	0	0.329522	0	-0.469668	-153.69	0	26.9754	26.9754	0	7.04502	0	0	0	0	0	0	0	0	0	0	0	0	0	0	0	0	0	0	0	0	0	0	0	0	0	0	0	0	0	0	0	0	0	
1	1	1	524	15.72		300	0	0	-0.0262	0.0119132	0.0119132	0	0	0	-93.7926	9.037e-07	9.037e-07	0	0	0	1.62161	-0.742709	0	2.36432		300	0.33018	-0.0183404	0.00917022	0.00917022	0	0	0	0.33018	0	-0.469668	-153.69	0	26.9754	26.9754	0	7.04502	0	0	0	0	0	0	0	0	0	0	0	0	0	0	0	0	0	0	0	0	0	0	0	0	0	0	0	0	0	0	0	0	0	
1	1	1	525	15.75		300	0	0	-0.02625	0.0119371	0.0119371	0	0	0	-93.8778	9.03527e-07	9.03528e-07	0	0	0	1.6263	-0.742658	0	2.36896		300	0.330839	-0.0183833	0.00919165	0.00919165	0	0	0	0.330839	0	-0.469668	-153.69	0	26.9754	26.9754	0	7.04502	0	0	0	0	0	0	0	0	0	0	0	0	0	0	0	0	0	0	0	0	0	0	0	0	0	0	0	0	0	0	0	0	0	
1	1	1	526	15.78		300	0	0	-0.0263	0.0119611	0.0119611	0	0	0	-93.9629	9.03356e-07	9.03356e-07	0	0	0	1.631	-0.742603	0	2.3736		300	0.331497	-0.0184262	0.00921308	0.00921308	0	0	0	0.331497	0	-0.469668	-153.69	0	26.9754	26.9754	0	7.04502	0	0	0	0	0	0	0	0	0	0	0	0	0	0	0	0	0	0	0	0	0	0	0	0	0	0	0	0	0	0	0	0	0	
1	1	1	527	15.81		300	0	0	-0.02635	0.011985	0.011985	0	0	0	-94.048	9.03186e-07	9.03186e-07	0	0	0	1.6357	-0.742543	0	2.37824		300	0.332156	-0.018469	0.00923452	0.00923452	0	0	0	0.332156	0	-0.469668	-153.69	0	26.9754	26.9754	0	7.04502	0	0	0	0	0	0	0	0	0	0	0	0	0	0	0	0	0	0	0	0	0	0	0	0	0	0	0	0	0	0	0	0	0	
1	1	1	528	15.84		300	0	0	-0.0264	0.0120089	0.0120089	0	0	0	-94.133	9.03017e-07	9.03017e-07	0	0	0	1.6404	-0.742478	0	2.38288		300	0.332814	-0.0185119	0.00925596	0.00925596	0	0	0	0.332814	0	-0.469668	-153.69	0	26.9754	26.9754	0	7.04502	0	0	0	0	0	0	0	0	0	0	0	0	0	0	0	0	0	0	0	0	0	0	0	0	0	0	0	0	0	0	0	0	0	
1	1	1	529	15.87		300	0	0	-0.02645	0.0120328	0.0120328	0	0	0	-94.2179	9.02849e-07	9.02849e-07	0	0	0	1.64511	-0.742409	0	2.38752		300	0.333473	-0.0185548	0.0092774	0.0092774	0	0	0	0.333473	0	-0.469668	-153.69	0	26.9754	26.9754	0	7.04502	0	0	0	0	0	0	0	0	0	0	0	0	0	0	0	0	0	0	0	0	0	0	0	0	0	0	0	0	0	0	0	0	0	
1	1	1	530	15.9		300	0	0	-0.0265	0.0120568	0.0120568	0	0	0	-94.3028	9.02682e-07	9.02682e-07	0	0	0	1.64983	-0.742336	0	2.39216		300	0.334131	-0.0185977	0.00929884	0.00929884	0	0	0	0.334131	0	-0.469668	-153.69	0	26.9754	26.9754	0	7.04502	0	0	0	0	0	0	0	0	0	0	0	0	0	0	0	0	0	0	0	0	0	0	0	0	0	0	0	0	0	0	0	0	0	
1	1	1	531	15.93		300	0	0	-0.02655	0.0120807	0.0120807	0	0	0	-94.3876	9.02516e-07	9.02516e-07	0	0	0	1.65454	-0.742258	0	2.3968		300	0.334789	-0.0186406	0.00932029	0.00932029	0	0	0	0.334789	0	-0.469668	-153.69	0	26.9754	26.9754	0	7.04502	0	0	0	0	0	0	0	0	0	0	0	0	0	0	0	0	0	0	0	0	0	0	0	0	0	0	0	0	0	0	0	0	0	
1	1	1	532	15.96		300	0	0	-0.0266	0.0121046	0.0121046	0	0	0	-94.4723	9.02351e-07	9.02351e-07	0	0	0	1.65927	-0.742175	0	2.40144		300	0.335447	-0.0186835	0.00934174	0.00934174	0	0	0	0.335447	0	-0.469668	-153.69	0	26.9754	26.9754	0	7.04502	0	0	0	0	0	0	0	0	0	0	0	0	0	0	0	0	0	0	0	0	0	0	0	0	0	0	0	0	0	0	0	0	0	
1	1	1	533	15.99		300	0	0	-0.02665	0.0121285	0.0121285	0	0	0	-94.557	9.02188e-07	9.02188e-07	0	0	0	1.66399	-0.742088	0	2.40608		300	0.336106	-0.0187264	0.00936319	0.00936319	0	0	0	0.336106	0	-0.469668	-153.69	0	26.9754	26.9754	0	7.04502	0	0	0	0	0	0	0	0	0	0	0	0	0	0	0	0	0	0	0	0	0	0	0	0	0	0	0	0	0	0	0	0	0	
1	1	1	534	16.02		300	0	0	-0.0267	0.0121525	0.0121525	0	0	0	-94.6416	9.02025e-07	9.02025e-07	0	0	0	1.66872	-0.741997	0	2.41072		300	0.336764	-0.0187693	0.00938465	0.00938465	0	0	0	0.336764	0	-0.469668	-153.69	0	26.9754	26.9754	0	7.04502	0	0	0	0	0	0	0	0	0	0	0	0	0	0	0	0	0	0	0	0	0	0	0	0	0	0	0	0	0	0	0	0	0	
1	1	1	535	16.05		300	0	0	-0.02675	0.0121764	0.0121764	0	0	0	-94.7261	9.01864e-07	9.01864e-07	0	0	0	1.67346	-0.7419	0	2.41536		300	0.337422	-0.0188122	0.0094061	0.0094061	0	0	0	0.337422	0	-0.469668	-153.69	0	26.9754	26.9754	0	7.04502	0	0	0	0	0	0	0	0	0	0	0	0	0	0	0	0	0	0	0	0	0	0	0	0	0	0	0	0	0	0	0	0	0	
1	1	1	536	16.08		300	0	0	-0.0268	0.0122003	0.0122003	0	0	0	-94.8106	9.01703e-07	9.01703e-07	0	0	0	1.67819	-0.7418	0	2.41999		300	0.33808	-0.0188551	0.00942757	0.00942757	0	0	0	0.33808	0	-0.469668	-153.69	0	26.9754	26.9754	0	7.04502	0	0	0	0	0	0	0	0	0	0	0	0	0	0	0	0	0	0	0	0	0	0	0	0	0	0	0	0	0	0	0	0	0	
1	1	1	537	16.11		300	0	0	-0.02685	0.0122243	0.0122243	0	0	0	-94.895	9.01544e-07	9.01544e-07	0	0	0	1.68294	-0.741694	0	2.42463		300	0.338738	-0.0188981	0.00944903	0.00944903	0	0	0	0.338738	0	-0.469668	-153.69	0	26.9754	26.9754	0	7.04502	0	0	0	0	0	0	0	0	0	0	0	0	0	0	0	0	0	0	0	0	0	0	0	0	0	0	0	0	0	0	0	0	0	
1	1	1	538	16.14		300	0	0	-0.0269	0.0122482	0.0122482	0	0	0	-94.9794	9.01385e-07	9.01386e-07	0	0	0	1.68768	-0.741585	0	2.42927		300	0.339396	-0.018941	0.00947049	0.00947049	0	0	0	0.339396	0	-0.469668	-153.69	0	26.9754	26.9754	0	7.04502	0	0	0	0	0	0	0	0	0	0	0	0	0	0	0	0	0	0	0	0	0	0	0	0	0	0	0	0	0	0	0	0	0	
1	1	1	539	16.17		300	0	0	-0.02695	0.0122721	0.0122721	0	0	0	-95.0637	9.01228e-07	9.01228e-07	0	0	0	1.69243	-0.74147	0	2.4339		300	0.340054	-0.0189839	0.00949196	0.00949196	0	0	0	0.340054	0	-0.469668	-153.69	0	26.9754	26.9754	0	7.04502	0	0	0	0	0	0	0	0	0	0	0	0	0	0	0	0	0	0	0	0	0	0	0	0	0	0	0	0	0	0	0	0	0	
1	1	1	540	16.2		300	0	0	-0.027	0.0122961	0.0122961	0	0	0	-95.1479	9.01072e-07	9.01072e-07	0	0	0	1.69719	-0.741351	0	2.43854		300	0.340712	-0.0190269	0.00951343	0.00951343	0	0	0	0.340712	0	-0.469668	-153.69	0	26.9754	26.9754	0	7.04502	0	0	0	0	0	0	0	0	0	0	0	0	0	0	0	0	0	0	0	0	0	0	0	0	0	0	0	0	0	0	0	0	0	
1	1	1	541	16.23		300	0	0	-0.02705	0.01232	0.01232	0	0	0	-95.2321	9.00917e-07	9.00917e-07	0	0	0	1.70195	-0.741228	0	2.44318		300	0.341369	-0.0190698	0.00953491	0.00953491	0	0	0	0.341369	0	-0.469668	-153.69	0	26.9754	26.9754	0	7.04502	0	0	0	0	0	0	0	0	0	0	0	0	0	0	0	0	0	0	0	0	0	0	0	0	0	0	0	0	0	0	0	0	0	
1	1	1	542	16.26		300	0	0	-0.0271	0.0123439	0.0123439	0	0	0	-95.3161	9.00762e-07	9.00763e-07	0	0	0	1.70671	-0.7411	0	2.44781		300	0.342027	-0.0191128	0.00955638	0.00955638	0	0	0	0.342027	0	-0.469668	-153.69	0	26.9754	26.9754	0	7.04502	0	0	0	0	0	0	0	0	0	0	0	0	0	0	0	0	0	0	0	0	0	0	0	0	0	0	0	0	0	0	0	0	0	
1	1	1	543	16.29		300	0	0	-0.02715	0.0123679	0.0123679	0	0	0	-95.4002	9.00609e-07	9.00609e-07	0	0	0	1.71148	-0.740968	0	2.45245		300	0.342685	-0.0191557	0.00957786	0.00957786	0	0	0	0.342685	0	-0.469668	-153.69	0	26.9754	26.9754	0	7.04502	0	0	0	0	0	0	0	0	0	0	0	0	0	0	0	0	0	0	0	0	0	0	0	0	0	0	0	0	0	0	0	0	0	
1	1	1	544	16.32		300	0	0	-0.0272	0.0123918	0.0123918	0	0	0	-95.4842	9.00457e-07	9.00457e-07	0	0	0	1.71625	-0.740831	0	2.45708		300	0.343343	-0.0191987	0.00959935	0.00959935	0	0	0	0.343343	0	-0.469668	-153.69	0	26.9754	26.9754	0	7.04502	0	0	0	0	0	0	0	0	0	0	0	0	0	0	0	0	0	0	0	0	0	0	0	0	0	0	0	0	0	0	0	0	0	
1	1	1	545	16.35		300	0	0	-0.02725	0.0124157	0.0124157	0	0	0	-95.5681	9.00306e-07	9.00306e-07	0	0	0	1.72103	-0.740689	0	2.46172		300	0.344	-0.0192417	0.00962083	0.00962083	0	0	0	0.344	0	-0.469668	-153.69	0	26.9754	26.9754	0	7.04502	0	0	0	0	0	0	0	0	0	0	0	0	0	0	0	0	0	0	0	0	0	0	0	0	0	0	0	0	0	0	0	0	0	
1	1	1	546	16.38		300	0	0	-0.0273	0.0124397	0.0124397	0	0	0	-95.6519	9.00156e-07	9.00156e-07	0	0	0	1.72581	-0.740543	0	2.46635		300	0.344658	-0.0192846	0.00964232	0.00964232	0	0	0	0.344658	0	-0.469668	-153.69	0	26.9754	26.9754	0	7.04502	0	0	0	0	0	0	0	0	0	0	0	0	0	0	0	0	0	0	0	0	0	0	0	0	0	0	0	0	0	0	0	0	0	
1	1	1	547	16.41		300	0	0	-0.02735	0.0124636	0.0124636	0	0	0	-95.7357	9.00006e-07	9.00006e-07	0	0	0	1.73059	-0.740393	0	2.47099		300	0.345315	-0.0193276	0.00966381	0.00966381	0	0	0	0.345315	0	-0.469668	-153.69	0	26.9754	26.9754	0	7.04502	0	0	0	0	0	0	0	0	0	0	0	0	0	0	0	0	0	0	0	0	0	0	0	0	0	0	0	0	0	0	0	0	0	
1	1	1	548	16.44		300	0	0	-0.0274	0.0124876	0.0124876	0	0	0	-95.8194	8.99858e-07	8.99858e-07	0	0	0	1.73538	-0.740238	0	2.47562		300	0.345973	-0.0193706	0.0096853	0.0096853	0	0	0	0.345973	0	-0.469668	-153.69	0	26.9754	26.9754	0	7.04502	0	0	0	0	0	0	0	0	0	0	0	0	0	0	0	0	0	0	0	0	0	0	0	0	0	0	0	0	0	0	0	0	0	
1	1	1	549	16.47		300	0	0	-0.02745	0.0125115	0.0125115	0	0	0	-95.9031	8.99711e-07	8.99711e-07	0	0	0	1.74018	-0.740078	0	2.48025		300	0.34663	-0.0194136	0.00970679	0.00970679	0	0	0	0.34663	0	-0.469668	-153.69	0	26.9754	26.9754	0	7.04502	0	0	0	0	0	0	0	0	0	0	0	0	0	0	0	0	0	0	0	0	0	0	0	0	0	0	0	0	0	0	0	0	0	
1	1	1	550	16.5		300	0	0	-0.0275	0.0125354	0.0125354	0	0	0	-95.9867	8.99564e-07	8.99564e-07	0	0	0	1.74497	-0.739914	0	2.48489		300	0.347288	-0.0194566	0.00972829	0.00972829	0	0	0	0.347288	0	-0.469668	-153.69	0	26.9754	26.9754	0	7.04502	0	0	0	0	0	0	0	0	0	0	0	0	0	0	0	0	0	0	0	0	0	0	0	0	0	0	0	0	0	0	0	0	0	
1	1	1	551	16.53		300	0	0	-0.02755	0.0125594	0.0125594	0	0	0	-96.0703	8.99419e-07	8.99419e-07	0	0	0	1.74977	-0.739746	0	2.48952		300	0.347945	-0.0194996	0.00974979	0.00974979	0	0	0	0.347945	0	-0.469668	-153.69	0	26.9754	26.9754	0	7.04502	0	0	0	0	0	0	0	0	0	0	0	0	0	0	0	0	0	0	0	0	0	0	0	0	0	0	0	0	0	0	0	0	0	
1	1	1	552	16.56		300	0	0	-0.0276	0.0125833	0.0125833	0	0	0	-96.1538	8.99275e-07	8.99275e-07	0	0	0	1.75458	-0.739573	0	2.49415		300	0.348603	-0.0195426	0.00977129	0.00977129	0	0	0	0.348603	0	-0.469668	-153.69	0	26.9754	26.9754	0	7.04502	0	0	0	0	0	0	0	0	0	0	0	0	0	0	0	0	0	0	0	0	0	0	0	0	0	0	0	0	0	0	0	0	0	
1	1	1	553	16.59		300	0	0	-0.02765	0.0126073	0.0126073	0	0	0	-96.2372	8.99131e-07	8.99131e-07	0	0	0	1.75939	-0.739395	0	2.49879		300	0.34926	-0.0195856	0.00979279	0.00979279	0	0	0	0.34926	0	-0.469668	-153.69	0	26.9754	26.9754	0	7.04502	0	0	0	0	0	0	0	0	0	0	0	0	0	0	0	0	0	0	0	0	0	0	0	0	0	0	0	0	0	0	0	0	0	
1	1	1	554	16.62		300	0	0	-0.0277	0.0126312	0.0126312	0	0	0	-96.3206	8.98988e-07	8.98989e-07	0	0	0	1.7642	-0.739213	0	2.50342		300	0.349917	-0.0196286	0.0098143	0.0098143	0	0	0	0.349917	0	-0.469668	-153.69	0	26.9754	26.9754	0	7.04502	0	0	0	0	0	0	0	0	0	0	0	0	0	0	0	0	0	0	0	0	0	0	0	0	0	0	0	0	0	0	0	0	0	
1	1	1	555	16.65		300	0	0	-0.02775	0.0126552	0.0126552	0	0	0	-96.4039	8.98847e-07	8.98847e-07	0	0	0	1.76902	-0.739027	0	2.50805		300	0.350574	-0.0196716	0.00983581	0.00983581	0	0	0	0.350574	0	-0.469668	-153.69	0	26.9754	26.9754	0	7.04502	0	0	0	0	0	0	0	0	0	0	0	0	0	0	0	0	0	0	0	0	0	0	0	0	0	0	0	0	0	0	0	0	0	
1	1	1	556	16.68		300	0	0	-0.0278	0.0126791	0.0126791	0	0	0	-96.4872	8.98706e-07	8.98706e-07	0	0	0	1.77384	-0.738836	0	2.51268		300	0.351231	-0.0197146	0.00985732	0.00985732	0	0	0	0.351231	0	-0.469668	-153.69	0	26.9754	26.9754	0	7.04502	0	0	0	0	0	0	0	0	0	0	0	0	0	0	0	0	0	0	0	0	0	0	0	0	0	0	0	0	0	0	0	0	0	
1	1	1	557	16.71		300	0	0	-0.02785	0.0127031	0.0127031	0	0	0	-96.5704	8.98566e-07	8.98566e-07	0	0	0	1.77867	-0.73864	0	2.51731		300	0.351889	-0.0197577	0.00987883	0.00987883	0	0	0	0.351889	0	-0.469668	-153.69	0	26.9754	26.9754	0	7.04502	0	0	0	0	0	0	0	0	0	0	0	0	0	0	0	0	0	0	0	0	0	0	0	0	0	0	0	0	0	0	0	0	0	
1	1	1	558	16.74		300	0	0	-0.0279	0.012727	0.012727	0	0	0	-96.6535	8.98427e-07	8.98427e-07	0	0	0	1.7835	-0.738441	0	2.52194		300	0.352546	-0.0198007	0.00990035	0.00990035	0	0	0	0.352546	0	-0.469668	-153.69	0	26.9754	26.9754	0	7.04502	0	0	0	0	0	0	0	0	0	0	0	0	0	0	0	0	0	0	0	0	0	0	0	0	0	0	0	0	0	0	0	0	0	
1	1	1	559	16.77		300	0	0	-0.02795	0.012751	0.012751	0	0	0	-96.7366	8.98289e-07	8.98289e-07	0	0	0	1.78834	-0.738236	0	2.52657		300	0.353203	-0.0198437	0.00992187	0.00992187	0	0	0	0.353203	0	-0.469668	-153.69	0	26.9754	26.9754	0	7.04502	0	0	0	0	0	0	0	0	0	0	0	0	0	0	0	0	0	0	0	0	0	0	0	0	0	0	0	0	0	0	0	0	0	
1	1	1	560	16.8		300	0	0	-0.028	0.0127749	0.0127749	0	0	0	-96.8196	8.98152e-07	8.98152e-07	0	0	0	1.79318	-0.738027	0	2.5312		300	0.35386	-0.0198868	0.00994339	0.00994339	0	0	0	0.35386	0	-0.469668	-153.69	0	26.9754	26.9754	0	7.04502	0	0	0	0	0	0	0	0	0	0	0	0	0	0	0	0	0	0	0	0	0	0	0	0	0	0	0	0	0	0	0	0	0	
1	1	1	561	16.83		300	0	0	-0.02805	0.0127989	0.0127989	0	0	0	-96.9026	8.98016e-07	8.98016e-07	0	0	0	1.79802	-0.737814	0	2.53583		300	0.354516	-0.0199298	0.00996491	0.00996491	0	0	0	0.354516	0	-0.469668	-153.69	0	26.9754	26.9754	0	7.04502	0	0	0	0	0	0	0	0	0	0	0	0	0	0	0	0	0	0	0	0	0	0	0	0	0	0	0	0	0	0	0	0	0	
1	1	1	562	16.86		300	0	0	-0.0281	0.0128228	0.0128228	0	0	0	-96.9855	8.97881e-07	8.97881e-07	0	0	0	1.80287	-0.737596	0	2.54046		300	0.355173	-0.0199729	0.00998644	0.00998644	0	0	0	0.355173	0	-0.469668	-153.69	0	26.9754	26.9754	0	7.04502	0	0	0	0	0	0	0	0	0	0	0	0	0	0	0	0	0	0	0	0	0	0	0	0	0	0	0	0	0	0	0	0	0	
1	1	1	563	16.89		300	0	0	-0.02815	0.0128468	0.0128468	0	0	0	-97.0684	8.97746e-07	8.97746e-07	0	0	0	1.80772	-0.737374	0	2.54509		300	0.35583	-0.0200159	0.010008	0.010008	0	0	0	0.35583	0	-0.469668	-153.69	0	26.9754	26.9754	0	7.04502	0	0	0	0	0	0	0	0	0	0	0	0	0	0	0	0	0	0	0	0	0	0	0	0	0	0	0	0	0	0	0	0	0	
1	1	1	564	16.92		300	0	0	-0.0282	0.0128707	0.0128707	0	0	0	-97.1512	8.97613e-07	8.97613e-07	0	0	0	1.81257	-0.737147	0	2.54972		300	0.356487	-0.020059	0.0100295	0.0100295	0	0	0	0.356487	0	-0.469668	-153.69	0	26.9754	26.9754	0	7.04502	0	0	0	0	0	0	0	0	0	0	0	0	0	0	0	0	0	0	0	0	0	0	0	0	0	0	0	0	0	0	0	0	0	
1	1	1	565	16.95		300	0	0	-0.02825	0.0128947	0.0128947	0	0	0	-97.234	8.9748e-07	8.9748e-07	0	0	0	1.81743	-0.736915	0	2.55435		300	0.357144	-0.0201021	0.010051	0.010051	0	0	0	0.357144	0	-0.469668	-153.69	0	26.9754	26.9754	0	7.04502	0	0	0	0	0	0	0	0	0	0	0	0	0	0	0	0	0	0	0	0	0	0	0	0	0	0	0	0	0	0	0	0	0	
1	1	1	566	16.98		300	0	0	-0.0283	0.0129186	0.0129186	0	0	0	-97.3167	8.97348e-07	8.97348e-07	0	0	0	1.8223	-0.73668	0	2.55898		300	0.3578	-0.0201451	0.0100726	0.0100726	0	0	0	0.3578	0	-0.469668	-153.69	0	26.9754	26.9754	0	7.04502	0	0	0	0	0	0	0	0	0	0	0	0	0	0	0	0	0	0	0	0	0	0	0	0	0	0	0	0	0	0	0	0	0	
1	1	1	567	17.01		300	0	0	-0.02835	0.0129426	0.0129426	0	0	0	-97.3993	8.97217e-07	8.97217e-07	0	0	0	1.82716	-0.736439	0	2.5636		300	0.358457	-0.0201882	0.0100941	0.0100941	0	0	0	0.358457	0	-0.469668	-153.69	0	26.9754	26.9754	0	7.04502	0	0	0	0	0	0	0	0	0	0	0	0	0	0	0	0	0	0	0	0	0	0	0	0	0	0	0	0	0	0	0	0	0	
1	1	1	568	17.04		300	0	0	-0.0284	0.0129665	0.0129665	0	0	0	-97.4819	8.97087e-07	8.97087e-07	0	0	0	1.83204	-0.736195	0	2.56823		300	0.359113	-0.0202313	0.0101156	0.0101156	0	0	0	0.359113	0	-0.469668	-153.69	0	26.9754	26.9754	0	7.04502	0	0	0	0	0	0	0	0	0	0	0	0	0	0	0	0	0	0	0	0	0	0	0	0	0	0	0	0	0	0	0	0	0	
1	1	1	569	17.07		300	0	0	-0.02845	0.0129905	0.0129905	0	0	0	-97.5645	8.96957e-07	8.96957e-07	0	0	0	1.83691	-0.735946	0	2.57286		300	0.35977	-0.0202744	0.0101372	0.0101372	0	0	0	0.35977	0	-0.469668	-153.69	0	26.9754	26.9754	0	7.04502	0	0	0	0	0	0	0	0	0	0	0	0	0	0	0	0	0	0	0	0	0	0	0	0	0	0	0	0	0	0	0	0	0	
1	1	1	570	17.1		300	0	0	-0.0285	0.0130144	0.0130144	0	0	0	-97.647	8.96829e-07	8.96829e-07	0	0	0	1.84179	-0.735692	0	2.57748		300	0.360426	-0.0203175	0.0101587	0.0101587	0	0	0	0.360426	0	-0.469668	-153.69	0	26.9754	26.9754	0	7.04502	0	0	0	0	0	0	0	0	0	0	0	0	0	0	0	0	0	0	0	0	0	0	0	0	0	0	0	0	0	0	0	0	0	
1	1	1	571	17.13		300	0	0	-0.02855	0.0130384	0.0130384	0	0	0	-97.7294	8.96701e-07	8.96701e-07	0	0	0	1.84668	-0.735434	0	2.58211		300	0.361083	-0.0203605	0.0101803	0.0101803	0	0	0	0.361083	0	-0.469668	-153.69	0	26.9754	26.9754	0	7.04502	0	0	0	0	0	0	0	0	0	0	0	0	0	0	0	0	0	0	0	0	0	0	0	0	0	0	0	0	0	0	0	0	0	
1	1	1	572	17.16		300	0	0	-0.0286	0.0130623	0.0130623	0	0	0	-97.8118	8.96574e-07	8.96574e-07	0	0	0	1.85156	-0.735171	0	2.58674		300	0.361739	-0.0204036	0.0102018	0.0102018	0	0	0	0.361739	0	-0.469668	-153.69	0	26.9754	26.9754	0	7.04502	0	0	0	0	0	0	0	0	0	0	0	0	0	0	0	0	0	0	0	0	0	0	0	0	0	0	0	0	0	0	0	0	0	
1	1	1	573	17.19		300	0	0	-0.02865	0.0130863	0.0130863	0	0	0	-97.8941	8.96448e-07	8.96448e-07	0	0	0	1.85646	-0.734904	0	2.59136		300	0.362396	-0.0204467	0.0102234	0.0102234	0	0	0	0.362396	0	-0.469668	-153.69	0	26.9754	26.9754	0	7.04502	0	0	0	0	0	0	0	0	0	0	0	0	0	0	0	0	0	0	0	0	0	0	0	0	0	0	0	0	0	0	0	0	0	
1	1	1	574	17.22		300	0	0	-0.0287	0.0131103	0.0131103	0	0	0	-97.9764	8.96323e-07	8.96323e-07	0	0	0	1.86135	-0.734633	0	2.59599		300	0.363052	-0.0204898	0.0102449	0.0102449	0	0	0	0.363052	0	-0.469668	-153.69	0	26.9754	26.9754	0	7.04502	0	0	0	0	0	0	0	0	0	0	0	0	0	0	0	0	0	0	0	0	0	0	0	0	0	0	0	0	0	0	0	0	0	
1	1	1	575	17.25		300	0	0	-0.02875	0.0131342	0.0131342	0	0	0	-98.0586	8.96199e-07	8.96199e-07	0	0	0	1.86626	-0.734357	0	2.60061		300	0.363708	-0.020533	0.0102665	0.0102665	0	0	0	0.363708	0	-0.469668	-153.69	0	26.9754	26.9754	0	7.04502	0	0	0	0	0	0	0	0	0	0	0	0	0	0	0	0	0	0	0	0	0	0	0	0	0	0	0	0	0	0	0	0	0	
1	1	1	576	17.28		300	0	0	-0.0288	0.0131582	0.0131582	0	0	0	-98.1408	8.96075e-07	8.96075e-07	0	0	0	1.87116	-0.734076	0	2.60524		300	0.364364	-0.0205761	0.010288	0.010288	0	0	0	0.364364	0	-0.469668	-153.69	0	26.9754	26.9754	0	7.04502	0	0	0	0	0	0	0	0	0	0	0	0	0	0	0	0	0	0	0	0	0	0	0	0	0	0	0	0	0	0	0	0	0	
1	1	1	577	17.31		300	0	0	-0.02885	0.0131821	0.0131821	0	0	0	-98.223	8.95952e-07	8.95952e-07	0	0	0	1.87607	-0.733792	0	2.60986		300	0.365021	-0.0206192	0.0103096	0.0103096	0	0	0	0.365021	0	-0.469668	-153.69	0	26.9754	26.9754	0	7.04502	0	0	0	0	0	0	0	0	0	0	0	0	0	0	0	0	0	0	0	0	0	0	0	0	0	0	0	0	0	0	0	0	0	
1	1	1	578	17.34		300	0	0	-0.0289	0.0132061	0.0132061	0	0	0	-98.305	8.9583e-07	8.9583e-07	0	0	0	1.88098	-0.733502	0	2.61448		300	0.365677	-0.0206623	0.0103312	0.0103312	0	0	0	0.365677	0	-0.469668	-153.69	0	26.9754	26.9754	0	7.04502	0	0	0	0	0	0	0	0	0	0	0	0	0	0	0	0	0	0	0	0	0	0	0	0	0	0	0	0	0	0	0	0	0	
1	1	1	579	17.37		300	0	0	-0.02895	0.0132301	0.0132301	0	0	0	-98.3871	8.95709e-07	8.95709e-07	0	0	0	1.8859	-0.733209	0	2.61911		300	0.366333	-0.0207054	0.0103527	0.0103527	0	0	0	0.366333	0	-0.469668	-153.69	0	26.9754	26.9754	0	7.04502	0	0	0	0	0	0	0	0	0	0	0	0	0	0	0	0	0	0	0	0	0	0	0	0	0	0	0	0	0	0	0	0	0	
1	1	1	580	17.4		300	0	0	-0.029	0.013254	0.013254	0	0	0	-98.469	8.95588e-07	8.95589e-07	0	0	0	1.89082	-0.732911	0	2.62373		300	0.366989	-0.0207486	0.0103743	0.0103743	0	0	0	0.366989	0	-0.469668	-153.69	0	26.9754	26.9754	0	7.04502	0	0	0	0	0	0	0	0	0	0	0	0	0	0	0	0	0	0	0	0	0	0	0	0	0	0	0	0	0	0	0	0	0	
1	1	1	581	17.43		300	0	0	-0.02905	0.013278	0.013278	0	0	0	-98.551	8.95469e-07	8.95469e-07	0	0	0	1.89575	-0.732608	0	2.62835		300	0.367645	-0.0207917	0.0103959	0.0103959	0	0	0	0.367645	0	-0.469668	-153.69	0	26.9754	26.9754	0	7.04502	0	0	0	0	0	0	0	0	0	0	0	0	0	0	0	0	0	0	0	0	0	0	0	0	0	0	0	0	0	0	0	0	0	
1	1	1	582	17.46		300	0	0	-0.0291	0.013302	0.013302	0	0	0	-98.6328	8.9535e-07	8.9535e-07	0	0	0	1.90068	-0.732301	0	2.63298		300	0.368301	-0.0208348	0.0104174	0.0104174	0	0	0	0.368301	0	-0.469668	-153.69	0	26.9754	26.9754	0	7.04502	0	0	0	0	0	0	0	0	0	0	0	0	0	0	0	0	0	0	0	0	0	0	0	0	0	0	0	0	0	0	0	0	0	
1	1	1	583	17.49		300	0	0	-0.02915	0.0133259	0.0133259	0	0	0	-98.7147	8.95232e-07	8.95232e-07	0	0	0	1.90561	-0.731989	0	2.6376		300	0.368956	-0.020878	0.010439	0.010439	0	0	0	0.368956	0	-0.469668	-153.69	0	26.9754	26.9754	0	7.04502	0	0	0	0	0	0	0	0	0	0	0	0	0	0	0	0	0	0	0	0	0	0	0	0	0	0	0	0	0	0	0	0	0	
1	1	1	584	17.52		300	0	0	-0.0292	0.0133499	0.0133499	0	0	0	-98.7964	8.95114e-07	8.95114e-07	0	0	0	1.91055	-0.731674	0	2.64222		300	0.369612	-0.0209211	0.0104606	0.0104606	0	0	0	0.369612	0	-0.469668	-153.69	0	26.9754	26.9754	0	7.04502	0	0	0	0	0	0	0	0	0	0	0	0	0	0	0	0	0	0	0	0	0	0	0	0	0	0	0	0	0	0	0	0	0	
1	1	1	585	17.55		300	0	0	-0.02925	0.0133739	0.0133739	0	0	0	-98.8782	8.94998e-07	8.94998e-07	0	0	0	1.91549	-0.731353	0	2.64684		300	0.370268	-0.0209643	0.0104821	0.0104821	0	0	0	0.370268	0	-0.469668	-153.69	0	26.9754	26.9754	0	7.04502	0	0	0	0	0	0	0	0	0	0	0	0	0	0	0	0	0	0	0	0	0	0	0	0	0	0	0	0	0	0	0	0	0	
1	1	1	586	17.58		300	0	0	-0.0293	0.0133978	0.0133978	0	0	0	-98.9599	8.94882e-07	8.94882e-07	0	0	0	1.92044	-0.731028	0	2.65146		300	0.370924	-0.0210074	0.0105037	0.0105037	0	0	0	0.370924	0	-0.469668	-153.69	0	26.9754	26.9754	0	7.04502	0	0	0	0	0	0	0	0	0	0	0	0	0	0	0	0	0	0	0	0	0	0	0	0	0	0	0	0	0	0	0	0	0	
1	1	1	587	17.61		300	0	0	-0.02935	0.0134218	0.0134218	0	0	0	-99.0415	8.94767e-07	8.94767e-07	0	0	0	1.92539	-0.730699	0	2.65608		300	0.371579	-0.0210506	0.0105253	0.0105253	0	0	0	0.371579	0	-0.469668	-153.69	0	26.9754	26.9754	0	7.04502	0	0	0	0	0	0	0	0	0	0	0	0	0	0	0	0	0	0	0	0	0	0	0	0	0	0	0	0	0	0	0	0	0	
1	1	1	588	17.64		300	0	0	-0.0294	0.0134458	0.0134458	0	0	0	-99.1231	8.94652e-07	8.94652e-07	0	0	0	1.93034	-0.730366	0	2.66071		300	0.372235	-0.0210938	0.0105469	0.0105469	0	0	0	0.372235	0	-0.469668	-153.69	0	26.9754	26.9754	0	7.04502	0	0	0	0	0	0	0	0	0	0	0	0	0	0	0	0	0	0	0	0	0	0	0	0	0	0	0	0	0	0	0	0	0	
1	1	1	589	17.67		300	0	0	-0.02945	0.0134697	0.0134697	0	0	0	-99.2046	8.94538e-07	8.94539e-07	0	0	0	1.9353	-0.730027	0	2.66533		300	0.37289	-0.0211369	0.0105685	0.0105685	0	0	0	0.37289	0	-0.469668	-153.69	0	26.9754	26.9754	0	7.04502	0	0	0	0	0	0	0	0	0	0	0	0	0	0	0	0	0	0	0	0	0	0	0	0	0	0	0	0	0	0	0	0	0	
1	1	1	590	17.7		300	0	0	-0.0295	0.0134937	0.0134937	0	0	0	-99.2861	8.94425e-07	8.94426e-07	0	0	0	1.94026	-0.729685	0	2.66995		300	0.373546	-0.0211801	0.01059	0.01059	0	0	0	0.373546	0	-0.469668	-153.69	0	26.9754	26.9754	0	7.04502	0	0	0	0	0	0	0	0	0	0	0	0	0	0	0	0	0	0	0	0	0	0	0	0	0	0	0	0	0	0	0	0	0	
1	1	1	591	17.73		300	0	0	-0.02955	0.0135177	0.0135177	0	0	0	-99.3676	8.94313e-07	8.94313e-07	0	0	0	1.94523	-0.729338	0	2.67456		300	0.374201	-0.0212233	0.0106116	0.0106116	0	0	0	0.374201	0	-0.469668	-153.69	0	26.9754	26.9754	0	7.04502	0	0	0	0	0	0	0	0	0	0	0	0	0	0	0	0	0	0	0	0	0	0	0	0	0	0	0	0	0	0	0	0	0	
1	1	1	592	17.76		300	0	0	-0.0296	0.0135416	0.0135416	0	0	0	-99.449	8.94202e-07	8.94202e-07	0	0	0	1.9502	-0.728987	0	2.67918		300	0.374857	-0.0212665	0.0106332	0.0106332	0	0	0	0.374857	0	-0.469668	-153.69	0	26.9754	26.9754	0	7.04502	0	0	0	0	0	0	0	0	0	0	0	0	0	0	0	0	0	0	0	0	0	0	0	0	0	0	0	0	0	0	0	0	0	
1	1	1	593	17.79		300	0	0	-0.02965	0.0135656	0.0135656	0	0	0	-99.5303	8.94091e-07	8.94091e-07	0	0	0	1.95517	-0.728631	0	2.6838		300	0.375512	-0.0213096	0.0106548	0.0106548	0	0	0	0.375512	0	-0.469668	-153.69	0	26.9754	26.9754	0	7.04502	0	0	0	0	0	0	0	0	0	0	0	0	0	0	0	0	0	0	0	0	0	0	0	0	0	0	0	0	0	0	0	0	0	
1	1	1	594	17.82		300	0	0	-0.0297	0.0135896	0.0135896	0	0	0	-99.6116	8.93981e-07	8.93981e-07	0	0	0	1.96015	-0.728271	0	2.68842		300	0.376167	-0.0213528	0.0106764	0.0106764	0	0	0	0.376167	0	-0.469668	-153.69	0	26.9754	26.9754	0	7.04502	0	0	0	0	0	0	0	0	0	0	0	0	0	0	0	0	0	0	0	0	0	0	0	0	0	0	0	0	0	0	0	0	0	
1	1	1	595	17.85		300	0	0	-0.02975	0.0136135	0.0136135	0	0	0	-99.6929	8.93871e-07	8.93871e-07	0	0	0	1.96513	-0.727906	0	2.69304		300	0.376823	-0.021396	0.010698	0.010698	0	0	0	0.376823	0	-0.469668	-153.69	0	26.9754	26.9754	0	7.04502	0	0	0	0	0	0	0	0	0	0	0	0	0	0	0	0	0	0	0	0	0	0	0	0	0	0	0	0	0	0	0	0	0	
1	1	1	596	17.88		300	0	0	-0.0298	0.0136375	0.0136375	0	0	0	-99.7741	8.93763e-07	8.93763e-07	0	0	0	1.97012	-0.727537	0	2.69766		300	0.377478	-0.0214392	0.0107196	0.0107196	0	0	0	0.377478	0	-0.469668	-153.69	0	26.9754	26.9754	0	7.04502	0	0	0	0	0	0	0	0	0	0	0	0	0	0	0	0	0	0	0	0	0	0	0	0	0	0	0	0	0	0	0	0	0	
1	1	1	597	17.91		300	0	0	-0.02985	0.0136615	0.0136615	0	0	0	-99.8553	8.93655e-07	8.93655e-07	0	0	0	1.97511	-0.727164	0	2.70227		300	0.378133	-0.0214824	0.0107412	0.0107412	0	0	0	0.378133	0	-0.469668	-153.69	0	26.9754	26.9754	0	7.04502	0	0	0	0	0	0	0	0	0	0	0	0	0	0	0	0	0	0	0	0	0	0	0	0	0	0	0	0	0	0	0	0	0	
1	1	1	598	17.94		300	0	0	-0.0299	0.0136855	0.0136855	0	0	0	-99.9364	8.93547e-07	8.93547e-07	0	0	0	1.9801	-0.726786	0	2.70689		300	0.378788	-0.0215256	0.0107628	0.0107628	0	0	0	0.378788	0	-0.469668	-153.69	0	26.9754	26.9754	0	7.04502	0	0	0	0	0	0	0	0	0	0	0	0	0	0	0	0	0	0	0	0	0	0	0	0	0	0	0	0	0	0	0	0	0	
1	1	1	599	17.97		300	0	0	-0.02995	0.0137094	0.0137094	0	0	0	-100.017	8.93441e-07	8.93441e-07	0	0	0	1.9851	-0.726404	0	2.71151		300	0.379443	-0.0215688	0.0107844	0.0107844	0	0	0	0.379443	0	-0.469668	-153.69	0	26.9754	26.9754	0	7.04502	0	0	0	0	0	0	0	0	0	0	0	0	0	0	0	0	0	0	0	0	0	0	0	0	0	0	0	0	0	0	0	0	0	
1	1	1	600	18		300	0	0	-0.03	0.0137334	0.0137334	0	0	0	-100.098	8.93335e-07	8.93335e-07	0	0	0	1.99011	-0.726017	0	2.71612		300	0.380098	-0.021612	0.010806	0.010806	0	0	0	0.380098	0	-0.469668	-153.69	0	26.9754	26.9754	0	7.04502	0	0	0	0	0	0	0	0	0	0	0	0	0	0	0	0	0	0	0	0	0	0	0	0	0	0	0	0	0	0	0	0	0	
1	1	1	601	18.03		300	0	0	-0.03005	0.0137574	0.0137574	0	0	0	-100.179	8.93229e-07	8.93229e-07	0	0	0	1.99511	-0.725626	0	2.72074		300	0.380753	-0.0216552	0.0108276	0.0108276	0	0	0	0.380753	0	-0.469668	-153.69	0	26.9754	26.9754	0	7.04502	0	0	0	0	0	0	0	0	0	0	0	0	0	0	0	0	0	0	0	0	0	0	0	0	0	0	0	0	0	0	0	0	0	
1	1	1	602	18.06		300	0	0	-0.0301	0.0137814	0.0137814	0	0	0	-100.26	8.93125e-07	8.93125e-07	0	0	0	2.00012	-0.72523	0	2.72535		300	0.381408	-0.0216985	0.0108492	0.0108492	0	0	0	0.381408	0	-0.469668	-153.69	0	26.9754	26.9754	0	7.04502	0	0	0	0	0	0	0	0	0	0	0	0	0	0	0	0	0	0	0	0	0	0	0	0	0	0	0	0	0	0	0	0	0	
1	1	1	603	18.09		300	0	0	-0.03015	0.0138053	0.0138053	0	0	0	-100.341	8.93021e-07	8.93021e-07	0	0	0	2.00514	-0.72483	0	2.72997		300	0.382063	-0.0217417	0.0108708	0.0108708	0	0	0	0.382063	0	-0.469668	-153.69	0	26.9754	26.9754	0	7.04502	0	0	0	0	0	0	0	0	0	0	0	0	0	0	0	0	0	0	0	0	0	0	0	0	0	0	0	0	0	0	0	0	0	
1	1	1	604	18.12		300	0	0	-0.0302	0.0138293	0.0138293	0	0	0	-100.422	8.92918e-07	8.92918e-07	0	0	0	2.01016	-0.724426	0	2.73458		300	0.382718	-0.0217849	0.0108924	0.0108924	0	0	0	0.382718	0	-0.469668	-153.69	0	26.9754	26.9754	0	7.04502	0	0	0	0	0	0	0	0	0	0	0	0	0	0	0	0	0	0	0	0	0	0	0	0	0	0	0	0	0	0	0	0	0	
1	1	1	605	18.15		300	0	0	-0.03025	0.0138533	0.0138533	0	0	0	-100.503	8.92815e-07	8.92815e-07	0	0	0	2.01518	-0.724017	0	2.7392		300	0.383373	-0.0218281	0.0109141	0.0109141	0	0	0	0.383373	0	-0.469668	-153.69	0	26.9754	26.9754	0	7.04502	0	0	0	0	0	0	0	0	0	0	0	0	0	0	0	0	0	0	0	0	0	0	0	0	0	0	0	0	0	0	0	0	0	
1	1	1	606	18.18		300	0	0	-0.0303	0.0138773	0.0138773	0	0	0	-100.584	8.92713e-07	8.92713e-07	0	0	0	2.02021	-0.723604	0	2.74381		300	0.384027	-0.0218714	0.0109357	0.0109357	0	0	0	0.384027	0	-0.469668	-153.69	0	26.9754	26.9754	0	7.04502	0	0	0	0	0	0	0	0	0	0	0	0	0	0	0	0	0	0	0	0	0	0	0	0	0	0	0	0	0	0	0	0	0	
1	1	1	607	18.21		300	0	0	-0.03035	0.0139013	0.0139013	0	0	0	-100.665	8.92612e-07	8.92612e-07	0	0	0	2.02524	-0.723187	0	2.74843		300	0.384682	-0.0219146	0.0109573	0.0109573	0	0	0	0.384682	0	-0.469668	-153.69	0	26.9754	26.9754	0	7.04502	0	0	0	0	0	0	0	0	0	0	0	0	0	0	0	0	0	0	0	0	0	0	0	0	0	0	0	0	0	0	0	0	0	
1	1	1	608	18.24		300	0	0	-0.0304	0.0139252	0.0139252	0	0	0	-100.745	8.92511e-07	8.92511e-07	0	0	0	2.03028	-0.722765	0	2.75304		300	0.385336	-0.0219578	0.0109789	0.0109789	0	0	0	0.385336	0	-0.469668	-153.69	0	26.9754	26.9754	0	7.04502	0	0	0	0	0	0	0	0	0	0	0	0	0	0	0	0	0	0	0	0	0	0	0	0	0	0	0	0	0	0	0	0	0	
1	1	1	609	18.27		300	0	0	-0.03045	0.0139492	0.0139492	0	0	0	-100.826	8.92411e-07	8.92411e-07	0	0	0	2.03531	-0.722339	0	2.75765		300	0.385991	-0.0220011	0.0110005	0.0110005	0	0	0	0.385991	0	-0.469668	-153.69	0	26.9754	26.9754	0	7.04502	0	0	0	0	0	0	0	0	0	0	0	0	0	0	0	0	0	0	0	0	0	0	0	0	0	0	0	0	0	0	0	0	0	
1	1	1	610	18.3		300	0	0	-0.0305	0.0139732	0.0139732	0	0	0	-100.906	8.92312e-07	8.92312e-07	0	0	0	2.04036	-0.721908	0	2.76227		300	0.386646	-0.0220443	0.0110222	0.0110222	0	0	0	0.386646	0	-0.469668	-153.69	0	26.9754	26.9754	0	7.04502	0	0	0	0	0	0	0	0	0	0	0	0	0	0	0	0	0	0	0	0	0	0	0	0	0	0	0	0	0	0	0	0	0	
1	1	1	611	18.33		300	0	0	-0.03055	0.0139972	0.0139972	0	0	0	-100.987	8.92213e-07	8.92213e-07	0	0	0	2.04541	-0.721473	0	2.76688		300	0.3873	-0.0220876	0.0110438	0.0110438	0	0	0	0.3873	0	-0.469668	-153.69	0	26.9754	26.9754	0	7.04502	0	0	0	0	0	0	0	0	0	0	0	0	0	0	0	0	0	0	0	0	0	0	0	0	0	0	0	0	0	0	0	0	0	
1	1	1	612	18.36		300	0	0	-0.0306	0.0140212	0.0140212	0	0	0	-101.068	8.92115e-07	8.92115e-07	0	0	0	2.05046	-0.721034	0	2.77149		300	0.387954	-0.0221308	0.0110654	0.0110654	0	0	0	0.387954	0	-0.469668	-153.69	0	26.9754	26.9754	0	7.04502	0	0	0	0	0	0	0	0	0	0	0	0	0	0	0	0	0	0	0	0	0	0	0	0	0	0	0	0	0	0	0	0	0	
1	1	1	613	18.39		300	0	0	-0.03065	0.0140451	0.0140451	0	0	0	-101.148	8.92017e-07	8.92017e-07	0	0	0	2.05551	-0.72059	0	2.7761		300	0.388609	-0.0221741	0.011087	0.011087	0	0	0	0.388609	0	-0.469668	-153.69	0	26.9754	26.9754	0	7.04502	0	0	0	0	0	0	0	0	0	0	0	0	0	0	0	0	0	0	0	0	0	0	0	0	0	0	0	0	0	0	0	0	0	
1	1	1	614	18.42		300	0	0	-0.0307	0.0140691	0.0140691	0	0	0	-101.228	8.9192e-07	8.9192e-07	0	0	0	2.06057	-0.720141	0	2.78071		300	0.389263	-0.0222173	0.0111087	0.0111087	0	0	0	0.389263	0	-0.469668	-153.69	0	26.9754	26.9754	0	7.04502	0	0	0	0	0	0	0	0	0	0	0	0	0	0	0	0	0	0	0	0	0	0	0	0	0	0	0	0	0	0	0	0	0	
1	1	1	615	18.45		300	0	0	-0.03075	0.0140931	0.0140931	0	0	0	-101.309	8.91824e-07	8.91824e-07	0	0	0	2.06563	-0.719689	0	2.78532		300	0.389917	-0.0222606	0.0111303	0.0111303	0	0	0	0.389917	0	-0.469668	-153.69	0	26.9754	26.9754	0	7.04502	0	0	0	0	0	0	0	0	0	0	0	0	0	0	0	0	0	0	0	0	0	0	0	0	0	0	0	0	0	0	0	0	0	
1	1	1	616	18.48		300	0	0	-0.0308	0.0141171	0.0141171	0	0	0	-101.389	8.91729e-07	8.91729e-07	0	0	0	2.0707	-0.719232	0	2.78993		300	0.390571	-0.0223039	0.0111519	0.0111519	0	0	0	0.390571	0	-0.469668	-153.69	0	26.9754	26.9754	0	7.04502	0	0	0	0	0	0	0	0	0	0	0	0	0	0	0	0	0	0	0	0	0	0	0	0	0	0	0	0	0	0	0	0	0	
1	1	1	617	18.51		300	0	0	-0.03085	0.0141411	0.0141411	0	0	0	-101.47	8.91634e-07	8.91634e-07	0	0	0	2.07577	-0.71877	0	2.79454		300	0.391226	-0.0223471	0.0111736	0.0111736	0	0	0	0.391226	0	-0.469668	-153.69	0	26.9754	26.9754	0	7.04502	0	0	0	0	0	0	0	0	0	0	0	0	0	0	0	0	0	0	0	0	0	0	0	0	0	0	0	0	0	0	0	0	0	
1	1	1	618	18.54		300	0	0	-0.0309	0.0141651	0.0141651	0	0	0	-101.55	8.91539e-07	8.91539e-07	0	0	0	2.08085	-0.718305	0	2.79915		300	0.39188	-0.0223904	0.0111952	0.0111952	0	0	0	0.39188	0	-0.469668	-153.69	0	26.9754	26.9754	0	7.04502	0	0	0	0	0	0	0	0	0	0	0	0	0	0	0	0	0	0	0	0	0	0	0	0	0	0	0	0	0	0	0	0	0	
1	1	1	619	18.57		300	0	0	-0.03095	0.014189	0.014189	0	0	0	-101.63	8.91445e-07	8.91445e-07	0	0	0	2.08593	-0.717834	0	2.80376		300	0.392534	-0.0224337	0.0112168	0.0112168	0	0	0	0.392534	0	-0.469668	-153.69	0	26.9754	26.9754	0	7.04502	0	0	0	0	0	0	0	0	0	0	0	0	0	0	0	0	0	0	0	0	0	0	0	0	0	0	0	0	0	0	0	0	0	
1	1	1	620	18.6		300	0	0	-0.031	0.014213	0.014213	0	0	0	-101.71	8.91352e-07	8.91352e-07	0	0	0	2.09101	-0.71736	0	2.80837		300	0.393188	-0.022477	0.0112385	0.0112385	0	0	0	0.393188	0	-0.469668	-153.69	0	26.9754	26.9754	0	7.04502	0	0	0	0	0	0	0	0	0	0	0	0	0	0	0	0	0	0	0	0	0	0	0	0	0	0	0	0	0	0	0	0	0	
1	1	1	621	18.63		300	0	0	-0.03105	0.014237	0.014237	0	0	0	-101.79	8.91259e-07	8.91259e-07	0	0	0	2.0961	-0.716881	0	2.81298		300	0.393842	-0.0225202	0.0112601	0.0112601	0	0	0	0.393842	0	-0.469668	-153.69	0	26.9754	26.9754	0	7.04502	0	0	0	0	0	0	0	0	0	0	0	0	0	0	0	0	0	0	0	0	0	0	0	0	0	0	0	0	0	0	0	0	0	
1	1	1	622	18.66		300	0	0	-0.0311	0.014261	0.014261	0	0	0	-101.871	8.91167e-07	8.91167e-07	0	0	0	2.10119	-0.716398	0	2.81759		300	0.394495	-0.0225635	0.0112818	0.0112818	0	0	0	0.394495	0	-0.469668	-153.69	0	26.9754	26.9754	0	7.04502	0	0	0	0	0	0	0	0	0	0	0	0	0	0	0	0	0	0	0	0	0	0	0	0	0	0	0	0	0	0	0	0	0	
1	1	1	623	18.69		300	0	0	-0.03115	0.014285	0.014285	0	0	0	-101.951	8.91076e-07	8.91076e-07	0	0	0	2.10629	-0.71591	0	2.8222		300	0.395149	-0.0226068	0.0113034	0.0113034	0	0	0	0.395149	0	-0.469668	-153.69	0	26.9754	26.9754	0	7.04502	0	0	0	0	0	0	0	0	0	0	0	0	0	0	0	0	0	0	0	0	0	0	0	0	0	0	0	0	0	0	0	0	0	
1	1	1	624	18.72		300	0	0	-0.0312	0.014309	0.014309	0	0	0	-102.031	8.90985e-07	8.90985e-07	0	0	0	2.11139	-0.715418	0	2.8268		300	0.395803	-0.0226501	0.0113251	0.0113251	0	0	0	0.395803	0	-0.469668	-153.69	0	26.9754	26.9754	0	7.04502	0	0	0	0	0	0	0	0	0	0	0	0	0	0	0	0	0	0	0	0	0	0	0	0	0	0	0	0	0	0	0	0	0	
1	1	1	625	18.75		300	0	0	-0.03125	0.014333	0.014333	0	0	0	-102.111	8.90895e-07	8.90895e-07	0	0	0	2.11649	-0.714922	0	2.83141		300	0.396457	-0.0226934	0.0113467	0.0113467	0	0	0	0.396457	0	-0.469668	-153.69	0	26.9754	26.9754	0	7.04502	0	0	0	0	0	0	0	0	0	0	0	0	0	0	0	0	0	0	0	0	0	0	0	0	0	0	0	0	0	0	0	0	0	
1	1	1	626	18.78		300	0	0	-0.0313	0.0143569	0.0143569	0	0	0	-102.191	8.90805e-07	8.90805e-07	0	0	0	2.1216	-0.714421	0	2.83602		300	0.39711	-0.0227367	0.0113683	0.0113683	0	0	0	0.39711	0	-0.469668	-153.69	0	26.9754	26.9754	0	7.04502	0	0	0	0	0	0	0	0	0	0	0	0	0	0	0	0	0	0	0	0	0	0	0	0	0	0	0	0	0	0	0	0	0	
1	1	1	627	18.81		300	0	0	-0.03135	0.0143809	0.0143809	0	0	0	-102.271	8.90716e-07	8.90716e-07	0	0	0	2.12671	-0.713916	0	2.84062		300	0.397764	-0.02278	0.01139	0.01139	0	0	0	0.397764	0	-0.469668	-153.69	0	26.9754	26.9754	0	7.04502	0	0	0	0	0	0	0	0	0	0	0	0	0	0	0	0	0	0	0	0	0	0	0	0	0	0	0	0	0	0	0	0	0	
1	1	1	628	18.84		300	0	0	-0.0314	0.0144049	0.0144049	0	0	0	-102.351	8.90628e-07	8.90628e-07	0	0	0	2.13182	-0.713406	0	2.84523		300	0.398417	-0.0228233	0.0114117	0.0114117	0	0	0	0.398417	0	-0.469668	-153.69	0	26.9754	26.9754	0	7.04502	0	0	0	0	0	0	0	0	0	0	0	0	0	0	0	0	0	0	0	0	0	0	0	0	0	0	0	0	0	0	0	0	0	
1	1	1	629	18.87		300	0	0	-0.03145	0.0144289	0.0144289	0	0	0	-102.43	8.9054e-07	8.9054e-07	0	0	0	2.13694	-0.712892	0	2.84984		300	0.399071	-0.0228666	0.0114333	0.0114333	0	0	0	0.399071	0	-0.469668	-153.69	0	26.9754	26.9754	0	7.04502	0	0	0	0	0	0	0	0	0	0	0	0	0	0	0	0	0	0	0	0	0	0	0	0	0	0	0	0	0	0	0	0	0	
1	1	1	630	18.9		300	0	0	-0.0315	0.0144529	0.0144529	0	0	0	-102.51	8.90452e-07	8.90452e-07	0	0	0	2.14207	-0.712374	0	2.85444		300	0.399724	-0.0229099	0.011455	0.011455	0	0	0	0.399724	0	-0.469668	-153.69	0	26.9754	26.9754	0	7.04502	0	0	0	0	0	0	0	0	0	0	0	0	0	0	0	0	0	0	0	0	0	0	0	0	0	0	0	0	0	0	0	0	0	
1	1	1	631	18.93		300	0	0	-0.03155	0.0144769	0.0144769	0	0	0	-102.59	8.90365e-07	8.90365e-07	0	0	0	2.1472	-0.711851	0	2.85905		300	0.400378	-0.0229532	0.0114766	0.0114766	0	0	0	0.400378	0	-0.469668	-153.69	0	26.9754	26.9754	0	7.04502	0	0	0	0	0	0	0	0	0	0	0	0	0	0	0	0	0	0	0	0	0	0	0	0	0	0	0	0	0	0	0	0	0	
1	1	1	632	18.96		300	0	0	-0.0316	0.0145009	0.0145009	0	0	0	-102.67	8.90279e-07	8.90279e-07	0	0	0	2.15233	-0.711324	0	2.86365		300	0.401031	-0.0229966	0.0114983	0.0114983	0	0	0	0.401031	0	-0.469668	-153.69	0	26.9754	26.9754	0	7.04502	0	0	0	0	0	0	0	0	0	0	0	0	0	0	0	0	0	0	0	0	0	0	0	0	0	0	0	0	0	0	0	0	0	
1	1	1	633	18.99		300	0	0	-0.03165	0.0145249	0.0145249	0	0	0	-102.75	8.90193e-07	8.90193e-07	0	0	0	2.15746	-0.710793	0	2.86825		300	0.401684	-0.0230399	0.0115199	0.0115199	0	0	0	0.401684	0	-0.469668	-153.69	0	26.9754	26.9754	0	7.04502	0	0	0	0	0	0	0	0	0	0	0	0	0	0	0	0	0	0	0	0	0	0	0	0	0	0	0	0	0	0	0	0	0	
1	1	1	634	19.02		300	0	0	-0.0317	0.0145489	0.0145489	0	0	0	-102.829	8.90108e-07	8.90108e-07	0	0	0	2.1626	-0.710257	0	2.87286		300	0.402338	-0.0230832	0.0115416	0.0115416	0	0	0	0.402338	0	-0.469668	-153.69	0	26.9754	26.9754	0	7.04502	0	0	0	0	0	0	0	0	0	0	0	0	0	0	0	0	0	0	0	0	0	0	0	0	0	0	0	0	0	0	0	0	0	
1	1	1	635	19.05		300	0	0	-0.03175	0.0145729	0.0145729	0	0	0	-102.909	8.90023e-07	8.90023e-07	0	0	0	2.16775	-0.709717	0	2.87746		300	0.402991	-0.0231265	0.0115633	0.0115633	0	0	0	0.402991	0	-0.469668	-153.69	0	26.9754	26.9754	0	7.04502	0	0	0	0	0	0	0	0	0	0	0	0	0	0	0	0	0	0	0	0	0	0	0	0	0	0	0	0	0	0	0	0	0	
1	1	1	636	19.08		300	0	0	-0.0318	0.0145968	0.0145968	0	0	0	-102.988	8.89939e-07	8.89939e-07	0	0	0	2.17289	-0.709173	0	2.88206		300	0.403644	-0.0231698	0.0115849	0.0115849	0	0	0	0.403644	0	-0.469668	-153.69	0	26.9754	26.9754	0	7.04502	0	0	0	0	0	0	0	0	0	0	0	0	0	0	0	0	0	0	0	0	0	0	0	0	0	0	0	0	0	0	0	0	0	
1	1	1	637	19.11		300	0	0	-0.03185	0.0146208	0.0146208	0	0	0	-103.068	8.89856e-07	8.89856e-07	0	0	0	2.17804	-0.708624	0	2.88667		300	0.404297	-0.0232132	0.0116066	0.0116066	0	0	0	0.404297	0	-0.469668	-153.69	0	26.9754	26.9754	0	7.04502	0	0	0	0	0	0	0	0	0	0	0	0	0	0	0	0	0	0	0	0	0	0	0	0	0	0	0	0	0	0	0	0	0	
1	1	1	638	19.14		300	0	0	-0.0319	0.0146448	0.0146448	0	0	0	-103.148	8.89773e-07	8.89773e-07	0	0	0	2.1832	-0.708071	0	2.89127		300	0.40495	-0.0232565	0.0116283	0.0116283	0	0	0	0.40495	0	-0.469668	-153.69	0	26.9754	26.9754	0	7.04502	0	0	0	0	0	0	0	0	0	0	0	0	0	0	0	0	0	0	0	0	0	0	0	0	0	0	0	0	0	0	0	0	0	
1	1	1	639	19.17		300	0	0	-0.03195	0.0146688	0.0146688	0	0	0	-103.227	8.8969e-07	8.8969e-07	0	0	0	2.18836	-0.707513	0	2.89587		300	0.405603	-0.0232999	0.0116499	0.0116499	0	0	0	0.405603	0	-0.469668	-153.69	0	26.9754	26.9754	0	7.04502	0	0	0	0	0	0	0	0	0	0	0	0	0	0	0	0	0	0	0	0	0	0	0	0	0	0	0	0	0	0	0	0	0	
1	1	1	640	19.2		300	0	0	-0.032	0.0146928	0.0146928	0	0	0	-103.307	8.89608e-07	8.89608e-07	0	0	0	2.19352	-0.706951	0	2.90047		300	0.406256	-0.0233432	0.0116716	0.0116716	0	0	0	0.406256	0	-0.469668	-153.69	0	26.9754	26.9754	0	7.04502	0	0	0	0	0	0	0	0	0	0	0	0	0	0	0	0	0	0	0	0	0	0	0	0	0	0	0	0	0	0	0	0	0	
1	1	1	641	19.23		300	0	0	-0.03205	0.0147168	0.0147168	0	0	0	-103.386	8.89527e-07	8.89527e-07	0	0	0	2.19869	-0.706385	0	2.90507		300	0.406909	-0.0233865	0.0116933	0.0116933	0	0	0	0.406909	0	-0.469668	-153.69	0	26.9754	26.9754	0	7.04502	0	0	0	0	0	0	0	0	0	0	0	0	0	0	0	0	0	0	0	0	0	0	0	0	0	0	0	0	0	0	0	0	0	
1	1	1	642	19.26		300	0	0	-0.0321	0.0147408	0.0147408	0	0	0	-103.465	8.89446e-07	8.89446e-07	0	0	0	2.20386	-0.705814	0	2.90967		300	0.407562	-0.0234299	0.0117149	0.0117149	0	0	0	0.407562	0	-0.469668	-153.69	0	26.9754	26.9754	0	7.04502	0	0	0	0	0	0	0	0	0	0	0	0	0	0	0	0	0	0	0	0	0	0	0	0	0	0	0	0	0	0	0	0	0	
1	1	1	643	19.29		300	0	0	-0.03215	0.0147648	0.0147648	0	0	0	-103.545	8.89365e-07	8.89365e-07	0	0	0	2.20904	-0.705239	0	2.91428		300	0.408214	-0.0234732	0.0117366	0.0117366	0	0	0	0.408214	0	-0.469668	-153.69	0	26.9754	26.9754	0	7.04502	0	0	0	0	0	0	0	0	0	0	0	0	0	0	0	0	0	0	0	0	0	0	0	0	0	0	0	0	0	0	0	0	0	
1	1	1	644	19.32		300	0	0	-0.0322	0.0147888	0.0147888	0	0	0	-103.624	8.89286e-07	8.89286e-07	0	0	0	2.21422	-0.70466	0	2.91888		300	0.408867	-0.0235166	0.0117583	0.0117583	0	0	0	0.408867	0	-0.469668	-153.69	0	26.9754	26.9754	0	7.04502	0	0	0	0	0	0	0	0	0	0	0	0	0	0	0	0	0	0	0	0	0	0	0	0	0	0	0	0	0	0	0	0	0	
1	1	1	645	19.35		300	0	0	-0.03225	0.0148128	0.0148128	0	0	0	-103.703	8.89206e-07	8.89206e-07	0	0	0	2.2194	-0.704076	0	2.92347		300	0.40952	-0.0235599	0.01178	0.01178	0	0	0	0.40952	0	-0.469668	-153.69	0	26.9754	26.9754	0	7.04502	0	0	0	0	0	0	0	0	0	0	0	0	0	0	0	0	0	0	0	0	0	0	0	0	0	0	0	0	0	0	0	0	0	
1	1	1	646	19.38		300	0	0	-0.0323	0.0148368	0.0148368	0	0	0	-103.783	8.89127e-07	8.89127e-07	0	0	0	2.22459	-0.703488	0	2.92807		300	0.410172	-0.0236033	0.0118016	0.0118016	0	0	0	0.410172	0	-0.469668	-153.69	0	26.9754	26.9754	0	7.04502	0	0	0	0	0	0	0	0	0	0	0	0	0	0	0	0	0	0	0	0	0	0	0	0	0	0	0	0	0	0	0	0	0	
1	1	1	647	19.41		300	0	0	-0.03235	0.0148608	0.0148608	0	0	0	-103.862	8.89049e-07	8.89049e-07	0	0	0	2.22978	-0.702896	0	2.93267		300	0.410825	-0.0236467	0.0118233	0.0118233	0	0	0	0.410825	0	-0.469668	-153.69	0	26.9754	26.9754	0	7.04502	0	0	0	0	0	0	0	0	0	0	0	0	0	0	0	0	0	0	0	0	0	0	0	0	0	0	0	0	0	0	0	0	0	
1	1	1	648	19.44		300	0	0	-0.0324	0.0148848	0.0148848	0	0	0	-103.941	8.88971e-07	8.88971e-07	0	0	0	2.23497	-0.702299	0	2.93727		300	0.411477	-0.02369	0.011845	0.011845	0	0	0	0.411477	0	-0.469668	-153.69	0	26.9754	26.9754	0	7.04502	0	0	0	0	0	0	0	0	0	0	0	0	0	0	0	0	0	0	0	0	0	0	0	0	0	0	0	0	0	0	0	0	0	
1	1	1	649	19.47		300	0	0	-0.03245	0.0149088	0.0149088	0	0	0	-104.02	8.88894e-07	8.88894e-07	0	0	0	2.24017	-0.701698	0	2.94187		300	0.41213	-0.0237334	0.0118667	0.0118667	0	0	0	0.41213	0	-0.469668	-153.69	0	26.9754	26.9754	0	7.04502	0	0	0	0	0	0	0	0	0	0	0	0	0	0	0	0	0	0	0	0	0	0	0	0	0	0	0	0	0	0	0	0	0	
1	1	1	650	19.5		300	0	0	-0.0325	0.0149328	0.0149328	0	0	0	-104.099	8.88817e-07	8.88817e-07	0	0	0	2.24537	-0.701093	0	2.94647		300	0.412782	-0.0237767	0.0118884	0.0118884	0	0	0	0.412782	0	-0.469668	-153.69	0	26.9754	26.9754	0	7.04502	0	0	0	0	0	0	0	0	0	0	0	0	0	0	0	0	0	0	0	0	0	0	0	0	0	0	0	0	0	0	0	0	0	
1	1	1	651	19.53		300	0	0	-0.03255	0.0149568	0.0149568	0	0	0	-104.179	8.88741e-07	8.88741e-07	0	0	0	2.25058	-0.700483	0	2.95106		300	0.413434	-0.0238201	0.0119101	0.0119101	0	0	0	0.413434	0	-0.469668	-153.69	0	26.9754	26.9754	0	7.04502	0	0	0	0	0	0	0	0	0	0	0	0	0	0	0	0	0	0	0	0	0	0	0	0	0	0	0	0	0	0	0	0	0	
1	1	1	652	19.56		300	0	0	-0.0326	0.0149808	0.0149808	0	0	0	-104.258	8.88665e-07	8.88665e-07	0	0	0	2.25579	-0.699869	0	2.95566		300	0.414087	-0.0238635	0.0119317	0.0119317	0	0	0	0.414087	0	-0.469668	-153.69	0	26.9754	26.9754	0	7.04502	0	0	0	0	0	0	0	0	0	0	0	0	0	0	0	0	0	0	0	0	0	0	0	0	0	0	0	0	0	0	0	0	0	
1	1	1	653	19.59		300	0	0	-0.03265	0.0150048	0.0150048	0	0	0	-104.337	8.88589e-07	8.88589e-07	0	0	0	2.26101	-0.699251	0	2.96026		300	0.414739	-0.0239069	0.0119534	0.0119534	0	0	0	0.414739	0	-0.469668	-153.69	0	26.9754	26.9754	0	7.04502	0	0	0	0	0	0	0	0	0	0	0	0	0	0	0	0	0	0	0	0	0	0	0	0	0	0	0	0	0	0	0	0	0	
1	1	1	654	19.62		300	0	0	-0.0327	0.0150288	0.0150288	0	0	0	-104.416	8.88515e-07	8.88515e-07	0	0	0	2.26623	-0.698628	0	2.96485		300	0.415391	-0.0239502	0.0119751	0.0119751	0	0	0	0.415391	0	-0.469668	-153.69	0	26.9754	26.9754	0	7.04502	0	0	0	0	0	0	0	0	0	0	0	0	0	0	0	0	0	0	0	0	0	0	0	0	0	0	0	0	0	0	0	0	0	
1	1	1	655	19.65		300	0	0	-0.03275	0.0150528	0.0150528	0	0	0	-104.495	8.8844e-07	8.8844e-07	0	0	0	2.27145	-0.698001	0	2.96945		300	0.416043	-0.0239936	0.0119968	0.0119968	0	0	0	0.416043	0	-0.469668	-153.69	0	26.9754	26.9754	0	7.04502	0	0	0	0	0	0	0	0	0	0	0	0	0	0	0	0	0	0	0	0	0	0	0	0	0	0	0	0	0	0	0	0	0	
1	1	1	656	19.68		300	0	0	-0.0328	0.0150768	0.0150768	0	0	0	-104.574	8.88366e-07	8.88366e-07	0	0	0	2.27667	-0.69737	0	2.97404		300	0.416695	-0.024037	0.0120185	0.0120185	0	0	0	0.416695	0	-0.469668	-153.69	0	26.9754	26.9754	0	7.04502	0	0	0	0	0	0	0	0	0	0	0	0	0	0	0	0	0	0	0	0	0	0	0	0	0	0	0	0	0	0	0	0	0	
1	1	1	657	19.71		300	0	0	-0.03285	0.0151008	0.0151008	0	0	0	-104.653	8.88293e-07	8.88293e-07	0	0	0	2.28191	-0.696734	0	2.97864		300	0.417347	-0.0240804	0.0120402	0.0120402	0	0	0	0.417347	0	-0.469668	-153.69	0	26.9754	26.9754	0	7.04502	0	0	0	0	0	0	0	0	0	0	0	0	0	0	0	0	0	0	0	0	0	0	0	0	0	0	0	0	0	0	0	0	0	
1	1	1	658	19.74		300	0	0	-0.0329	0.0151248	0.0151248	0	0	0	-104.732	8.8822e-07	8.8822e-07	0	0	0	2.28714	-0.696094	0	2.98323		300	0.417999	-0.0241238	0.0120619	0.0120619	0	0	0	0.417999	0	-0.469668	-153.69	0	26.9754	26.9754	0	7.04502	0	0	0	0	0	0	0	0	0	0	0	0	0	0	0	0	0	0	0	0	0	0	0	0	0	0	0	0	0	0	0	0	0	
1	1	1	659	19.77		300	0	0	-0.03295	0.0151488	0.0151488	0	0	0	-104.81	8.88147e-07	8.88147e-07	0	0	0	2.29238	-0.695449	0	2.98783		300	0.418651	-0.0241672	0.0120836	0.0120836	0	0	0	0.418651	0	-0.469668	-153.69	0	26.9754	26.9754	0	7.04502	0	0	0	0	0	0	0	0	0	0	0	0	0	0	0	0	0	0	0	0	0	0	0	0	0	0	0	0	0	0	0	0	0	
1	1	1	660	19.8		300	0	0	-0.033	0.0151728	0.0151728	0	0	0	-104.889	8.88075e-07	8.88075e-07	0	0	0	2.29762	-0.694801	0	2.99242		300	0.419303	-0.0242106	0.0121053	0.0121053	0	0	0	0.419303	0	-0.469668	-153.69	0	26.9754	26.9754	0	7.04502	0	0	0	0	0	0	0	0	0	0	0	0	0	0	0	0	0	0	0	0	0	0	0	0	0	0	0	0	0	0	0	0	0	
1	1	1	661	19.83		300	0	0	-0.03305	0.0151968	0.0151968	0	0	0	-104.968	8.88004e-07	8.88004e-07	0	0	0	2.30287	-0.694148	0	2.99701		300	0.419954	-0.024254	0.012127	0.012127	0	0	0	0.419954	0	-0.469668	-153.69	0	26.9754	26.9754	0	7.04502	0	0	0	0	0	0	0	0	0	0	0	0	0	0	0	0	0	0	0	0	0	0	0	0	0	0	0	0	0	0	0	0	0	
1	1	1	662	19.86		300	0	0	-0.0331	0.0152208	0.0152208	0	0	0	-105.047	8.87933e-07	8.87933e-07	0	0	0	2.30812	-0.69349	0	3.00161		300	0.420606	-0.0242974	0.0121487	0.0121487	0	0	0	0.420606	0	-0.469668	-153.69	0	26.9754	26.9754	0	7.04502	0	0	0	0	0	0	0	0	0	0	0	0	0	0	0	0	0	0	0	0	0	0	0	0	0	0	0	0	0	0	0	0	0	
1	1	1	663	19.89		300	0	0	-0.03315	0.0152448	0.0152448	0	0	0	-105.126	8.87862e-07	8.87862e-07	0	0	0	2.31337	-0.692828	0	3.0062		300	0.421258	-0.0243408	0.0121704	0.0121704	0	0	0	0.421258	0	-0.469668	-153.69	0	26.9754	26.9754	0	7.04502	0	0	0	0	0	0	0	0	0	0	0	0	0	0	0	0	0	0	0	0	0	0	0	0	0	0	0	0	0	0	0	0	0	
1	1	1	664	19.92		300	0	0	-0.0332	0.0152688	0.0152688	0	0	0	-105.204	8.87792e-07	8.87792e-07	0	0	0	2.31863	-0.692162	0	3.01079		300	0.421909	-0.0243842	0.0121921	0.0121921	0	0	0	0.421909	0	-0.469668	-153.69	0	26.9754	26.9754	0	7.04502	0	0	0	0	0	0	0	0	0	0	0	0	0	0	0	0	0	0	0	0	0	0	0	0	0	0	0	0	0	0	0	0	0	
1	1	1	665	19.95		300	0	0	-0.03325	0.0152928	0.0152928	0	0	0	-105.283	8.87722e-07	8.87722e-07	0	0	0	2.32389	-0.691492	0	3.01538		300	0.422561	-0.0244276	0.0122138	0.0122138	0	0	0	0.422561	0	-0.469668	-153.69	0	26.9754	26.9754	0	7.04502	0	0	0	0	0	0	0	0	0	0	0	0	0	0	0	0	0	0	0	0	0	0	0	0	0	0	0	0	0	0	0	0	0	
1	1	1	666	19.98		300	0	0	-0.0333	0.0153168	0.0153168	0	0	0	-105.362	8.87653e-07	8.87653e-07	0	0	0	2.32916	-0.690817	0	3.01998		300	0.423212	-0.024471	0.0122355	0.0122355	0	0	0	0.423212	0	-0.469668	-153.69	0	26.9754	26.9754	0	7.04502	0	0	0	0	0	0	0	0	0	0	0	0	0	0	0	0	0	0	0	0	0	0	0	0	0	0	0	0	0	0	0	0	0	
1	1	1	667	20.01		300	0	0	-0.03335	0.0153408	0.0153408	0	0	0	-105.44	8.87584e-07	8.87584e-07	0	0	0	2.33443	-0.690138	0	3.02457		300	0.423864	-0.0245144	0.0122572	0.0122572	0	0	0	0.423864	0	-0.469668	-153.69	0	26.9754	26.9754	0	7.04502	0	0	0	0	0	0	0	0	0	0	0	0	0	0	0	0	0	0	0	0	0	0	0	0	0	0	0	0	0	0	0	0	0	
1	1	1	668	20.04		300	0	0	-0.0334	0.0153648	0.0153648	0	0	0	-105.519	8.87516e-07	8.87516e-07	0	0	0	2.3397	-0.689455	0	3.02916		300	0.424515	-0.0245578	0.0122789	0.0122789	0	0	0	0.424515	0	-0.469668	-153.69	0	26.9754	26.9754	0	7.04502	0	0	0	0	0	0	0	0	0	0	0	0	0	0	0	0	0	0	0	0	0	0	0	0	0	0	0	0	0	0	0	0	0	
1	1	1	669	20.07		300	0	0	-0.03345	0.0153888	0.0153888	0	0	0	-105.598	8.87448e-07	8.87448e-07	0	0	0	2.34498	-0.688767	0	3.03375		300	0.425166	-0.0246012	0.0123006	0.0123006	0	0	0	0.425166	0	-0.469668	-153.69	0	26.9754	26.9754	0	7.04502	0	0	0	0	0	0	0	0	0	0	0	0	0	0	0	0	0	0	0	0	0	0	0	0	0	0	0	0	0	0	0	0	0	
1	1	1	670	20.1		300	0	0	-0.0335	0.0154128	0.0154128	0	0	0	-105.676	8.87381e-07	8.87381e-07	0	0	0	2.35026	-0.688075	0	3.03834		300	0.425818	-0.0246446	0.0123223	0.0123223	0	0	0	0.425818	0	-0.469668	-153.69	0	26.9754	26.9754	0	7.04502	0	0	0	0	0	0	0	0	0	0	0	0	0	0	0	0	0	0	0	0	0	0	0	0	0	0	0	0	0	0	0	0	0	
1	1	1	671	20.13		300	0	0	-0.03355	0.0154368	0.0154368	0	0	0	-105.755	8.87314e-07	8.87314e-07	0	0	0	2.35555	-0.687378	0	3.04293		300	0.426469	-0.0246881	0.012344	0.012344	0	0	0	0.426469	0	-0.469668	-153.69	0	26.9754	26.9754	0	7.04502	0	0	0	0	0	0	0	0	0	0	0	0	0	0	0	0	0	0	0	0	0	0	0	0	0	0	0	0	0	0	0	0	0	
1	1	1	672	20.16		300	0	0	-0.0336	0.0154609	0.0154609	0	0	0	-105.833	8.87247e-07	8.87247e-07	0	0	0	2.36084	-0.686678	0	3.04752		300	0.42712	-0.0247315	0.0123657	0.0123657	0	0	0	0.42712	0	-0.469668	-153.69	0	26.9754	26.9754	0	7.04502	0	0	0	0	0	0	0	0	0	0	0	0	0	0	0	0	0	0	0	0	0	0	0	0	0	0	0	0	0	0	0	0	0	
1	1	1	673	20.19		300	0	0	-0.03365	0.0154849	0.0154849	0	0	0	-105.912	8.87181e-07	8.87181e-07	0	0	0	2.36613	-0.685973	0	3.0521		300	0.427771	-0.0247749	0.0123874	0.0123874	0	0	0	0.427771	0	-0.469668	-153.69	0	26.9754	26.9754	0	7.04502	0	0	0	0	0	0	0	0	0	0	0	0	0	0	0	0	0	0	0	0	0	0	0	0	0	0	0	0	0	0	0	0	0	
1	1	1	674	20.22		300	0	0	-0.0337	0.0155089	0.0155089	0	0	0	-105.99	8.87115e-07	8.87115e-07	0	0	0	2.37143	-0.685263	0	3.05669		300	0.428422	-0.0248183	0.0124092	0.0124092	0	0	0	0.428422	0	-0.469668	-153.69	0	26.9754	26.9754	0	7.04502	0	0	0	0	0	0	0	0	0	0	0	0	0	0	0	0	0	0	0	0	0	0	0	0	0	0	0	0	0	0	0	0	0	
1	1	1	675	20.25		300	0	0	-0.03375	0.0155329	0.0155329	0	0	0	-106.068	8.8705e-07	8.8705e-07	0	0	0	2.37673	-0.68455	0	3.06128		300	0.429073	-0.0248618	0.0124309	0.0124309	0	0	0	0.429073	0	-0.469668	-153.69	0	26.9754	26.9754	0	7.04502	0	0	0	0	0	0	0	0	0	0	0	0	0	0	0	0	0	0	0	0	0	0	0	0	0	0	0	0	0	0	0	0	0	
1	1	1	676	20.28		300	0	0	-0.0338	0.0155569	0.0155569	0	0	0	-106.147	8.86985e-07	8.86985e-07	0	0	0	2.38204	-0.683832	0	3.06587		300	0.429724	-0.0249052	0.0124526	0.0124526	0	0	0	0.429724	0	-0.469668	-153.69	0	26.9754	26.9754	0	7.04502	0	0	0	0	0	0	0	0	0	0	0	0	0	0	0	0	0	0	0	0	0	0	0	0	0	0	0	0	0	0	0	0	0	
1	1	1	677	20.31		300	0	0	-0.03385	0.0155809	0.0155809	0	0	0	-106.225	8.86921e-07	8.86921e-07	0	0	0	2.38735	-0.683109	0	3.07045		300	0.430375	-0.0249486	0.0124743	0.0124743	0	0	0	0.430375	0	-0.469668	-153.69	0	26.9754	26.9754	0	7.04502	0	0	0	0	0	0	0	0	0	0	0	0	0	0	0	0	0	0	0	0	0	0	0	0	0	0	0	0	0	0	0	0	0	
1	1	1	678	20.34		300	0	0	-0.0339	0.0156049	0.0156049	0	0	0	-106.304	8.86857e-07	8.86857e-07	0	0	0	2.39266	-0.682383	0	3.07504		300	0.431026	-0.0249921	0.012496	0.012496	0	0	0	0.431026	0	-0.469668	-153.69	0	26.9754	26.9754	0	7.04502	0	0	0	0	0	0	0	0	0	0	0	0	0	0	0	0	0	0	0	0	0	0	0	0	0	0	0	0	0	0	0	0	0	
1	1	1	679	20.37		300	0	0	-0.03395	0.0156289	0.0156289	0	0	0	-106.382	8.86793e-07	8.86793e-07	0	0	0	2.39798	-0.681652	0	3.07963		300	0.431676	-0.0250355	0.0125177	0.0125177	0	0	0	0.431676	0	-0.469668	-153.69	0	26.9754	26.9754	0	7.04502	0	0	0	0	0	0	0	0	0	0	0	0	0	0	0	0	0	0	0	0	0	0	0	0	0	0	0	0	0	0	0	0	0	
1	1	1	680	20.4		300	0	0	-0.034	0.0156529	0.0156529	0	0	0	-106.46	8.8673e-07	8.8673e-07	0	0	0	2.4033	-0.680916	0	3.08421		300	0.432327	-0.0250789	0.0125395	0.0125395	0	0	0	0.432327	0	-0.469668	-153.69	0	26.9754	26.9754	0	7.04502	0	0	0	0	0	0	0	0	0	0	0	0	0	0	0	0	0	0	0	0	0	0	0	0	0	0	0	0	0	0	0	0	0	
1	1	1	681	20.43		300	0	0	-0.03405	0.0156769	0.0156769	0	0	0	-106.538	8.86667e-07	8.86667e-07	0	0	0	2.40862	-0.680177	0	3.0888		300	0.432978	-0.0251224	0.0125612	0.0125612	0	0	0	0.432978	0	-0.469668	-153.69	0	26.9754	26.9754	0	7.04502	0	0	0	0	0	0	0	0	0	0	0	0	0	0	0	0	0	0	0	0	0	0	0	0	0	0	0	0	0	0	0	0	0	
1	1	1	682	20.46		300	0	0	-0.0341	0.0157009	0.0157009	0	0	0	-106.617	8.86605e-07	8.86605e-07	0	0	0	2.41395	-0.679433	0	3.09338		300	0.433628	-0.0251658	0.0125829	0.0125829	0	0	0	0.433628	0	-0.469668	-153.69	0	26.9754	26.9754	0	7.04502	0	0	0	0	0	0	0	0	0	0	0	0	0	0	0	0	0	0	0	0	0	0	0	0	0	0	0	0	0	0	0	0	0	
1	1	1	683	20.49		300	0	0	-0.03415	0.0157249	0.0157249	0	0	0	-106.695	8.86543e-07	8.86543e-07	0	0	0	2.41928	-0.678685	0	3.09797		300	0.434279	-0.0252093	0.0126046	0.0126046	0	0	0	0.434279	0	-0.469668	-153.69	0	26.9754	26.9754	0	7.04502	0	0	0	0	0	0	0	0	0	0	0	0	0	0	0	0	0	0	0	0	0	0	0	0	0	0	0	0	0	0	0	0	0	
1	1	1	684	20.52		300	0	0	-0.0342	0.015749	0.015749	0	0	0	-106.773	8.86482e-07	8.86482e-07	0	0	0	2.42462	-0.677932	0	3.10255		300	0.434929	-0.0252527	0.0126264	0.0126264	0	0	0	0.434929	0	-0.469668	-153.69	0	26.9754	26.9754	0	7.04502	0	0	0	0	0	0	0	0	0	0	0	0	0	0	0	0	0	0	0	0	0	0	0	0	0	0	0	0	0	0	0	0	0	
1	1	1	685	20.55		300	0	0	-0.03425	0.015773	0.015773	0	0	0	-106.851	8.86421e-07	8.86421e-07	0	0	0	2.42996	-0.677175	0	3.10714		300	0.43558	-0.0252962	0.0126481	0.0126481	0	0	0	0.43558	0	-0.469668	-153.69	0	26.9754	26.9754	0	7.04502	0	0	0	0	0	0	0	0	0	0	0	0	0	0	0	0	0	0	0	0	0	0	0	0	0	0	0	0	0	0	0	0	0	
1	1	1	686	20.58		300	0	0	-0.0343	0.015797	0.015797	0	0	0	-106.929	8.8636e-07	8.8636e-07	0	0	0	2.43531	-0.676414	0	3.11172		300	0.43623	-0.0253396	0.0126698	0.0126698	0	0	0	0.43623	0	-0.469668	-153.69	0	26.9754	26.9754	0	7.04502	0	0	0	0	0	0	0	0	0	0	0	0	0	0	0	0	0	0	0	0	0	0	0	0	0	0	0	0	0	0	0	0	0	
1	1	1	687	20.61		300	0	0	-0.03435	0.015821	0.015821	0	0	0	-107.008	8.863e-07	8.863e-07	0	0	0	2.44065	-0.675649	0	3.1163		300	0.43688	-0.0253831	0.0126915	0.0126915	0	0	0	0.43688	0	-0.469668	-153.69	0	26.9754	26.9754	0	7.04502	0	0	0	0	0	0	0	0	0	0	0	0	0	0	0	0	0	0	0	0	0	0	0	0	0	0	0	0	0	0	0	0	0	
1	1	1	688	20.64		300	0	0	-0.0344	0.015845	0.015845	0	0	0	-107.086	8.8624e-07	8.8624e-07	0	0	0	2.44601	-0.674879	0	3.12088		300	0.43753	-0.0254265	0.0127133	0.0127133	0	0	0	0.43753	0	-0.469668	-153.69	0	26.9754	26.9754	0	7.04502	0	0	0	0	0	0	0	0	0	0	0	0	0	0	0	0	0	0	0	0	0	0	0	0	0	0	0	0	0	0	0	0	0	
1	1	1	689	20.67		300	0	0	-0.03445	0.015869	0.015869	0	0	0	-107.164	8.8618e-07	8.8618e-07	0	0	0	2.45136	-0.674105	0	3.12547		300	0.438181	-0.02547	0.012735	0.012735	0	0	0	0.438181	0	-0.469668	-153.69	0	26.9754	26.9754	0	7.04502	0	0	0	0	0	0	0	0	0	0	0	0	0	0	0	0	0	0	0	0	0	0	0	0	0	0	0	0	0	0	0	0	0	
1	1	1	690	20.7		300	0	0	-0.0345	0.015893	0.015893	0	0	0	-107.242	8.86121e-07	8.86121e-07	0	0	0	2.45672	-0.673326	0	3.13005		300	0.438831	-0.0255134	0.0127567	0.0127567	0	0	0	0.438831	0	-0.469668	-153.69	0	26.9754	26.9754	0	7.04502	0	0	0	0	0	0	0	0	0	0	0	0	0	0	0	0	0	0	0	0	0	0	0	0	0	0	0	0	0	0	0	0	0	
1	1	1	691	20.73		300	0	0	-0.03455	0.015917	0.015917	0	0	0	-107.32	8.86062e-07	8.86062e-07	0	0	0	2.46209	-0.672544	0	3.13463		300	0.439481	-0.0255569	0.0127784	0.0127784	0	0	0	0.439481	0	-0.469668	-153.69	0	26.9754	26.9754	0	7.04502	0	0	0	0	0	0	0	0	0	0	0	0	0	0	0	0	0	0	0	0	0	0	0	0	0	0	0	0	0	0	0	0	0	
1	1	1	692	20.76		300	0	0	-0.0346	0.0159411	0.0159411	0	0	0	-107.398	8.86004e-07	8.86004e-07	0	0	0	2.46745	-0.671757	0	3.13921		300	0.440131	-0.0256004	0.0128002	0.0128002	0	0	0	0.440131	0	-0.469668	-153.69	0	26.9754	26.9754	0	7.04502	0	0	0	0	0	0	0	0	0	0	0	0	0	0	0	0	0	0	0	0	0	0	0	0	0	0	0	0	0	0	0	0	0	
1	1	1	693	20.79		300	0	0	-0.03465	0.0159651	0.0159651	0	0	0	-107.476	8.85946e-07	8.85946e-07	0	0	0	2.47283	-0.670965	0	3.14379		300	0.440781	-0.0256438	0.0128219	0.0128219	0	0	0	0.440781	0	-0.469668	-153.69	0	26.9754	26.9754	0	7.04502	0	0	0	0	0	0	0	0	0	0	0	0	0	0	0	0	0	0	0	0	0	0	0	0	0	0	0	0	0	0	0	0	0	
1	1	1	694	20.82		300	0	0	-0.0347	0.0159891	0.0159891	0	0	0	-107.554	8.85889e-07	8.85889e-07	0	0	0	2.4782	-0.67017	0	3.14837		300	0.44143	-0.0256873	0.0128436	0.0128436	0	0	0	0.44143	0	-0.469668	-153.69	0	26.9754	26.9754	0	7.04502	0	0	0	0	0	0	0	0	0	0	0	0	0	0	0	0	0	0	0	0	0	0	0	0	0	0	0	0	0	0	0	0	0	
1	1	1	695	20.85		300	0	0	-0.03475	0.0160131	0.0160131	0	0	0	-107.632	8.85832e-07	8.85832e-07	0	0	0	2.48358	-0.66937	0	3.15295		300	0.44208	-0.0257308	0.0128654	0.0128654	0	0	0	0.44208	0	-0.469668	-153.69	0	26.9754	26.9754	0	7.04502	0	0	0	0	0	0	0	0	0	0	0	0	0	0	0	0	0	0	0	0	0	0	0	0	0	0	0	0	0	0	0	0	0	
1	1	1	696	20.88		300	0	0	-0.0348	0.0160371	0.0160371	0	0	0	-107.71	8.85775e-07	8.85775e-07	0	0	0	2.48896	-0.668565	0	3.15753		300	0.44273	-0.0257742	0.0128871	0.0128871	0	0	0	0.44273	0	-0.469668	-153.69	0	26.9754	26.9754	0	7.04502	0	0	0	0	0	0	0	0	0	0	0	0	0	0	0	0	0	0	0	0	0	0	0	0	0	0	0	0	0	0	0	0	0	
1	1	1	697	20.91		300	0	0	-0.03485	0.0160611	0.0160611	0	0	0	-107.788	8.85719e-07	8.85719e-07	0	0	0	2.49435	-0.667757	0	3.16211		300	0.44338	-0.0258177	0.0129088	0.0129088	0	0	0	0.44338	0	-0.469668	-153.69	0	26.9754	26.9754	0	7.04502	0	0	0	0	0	0	0	0	0	0	0	0	0	0	0	0	0	0	0	0	0	0	0	0	0	0	0	0	0	0	0	0	0	
1	1	1	698	20.94		300	0	0	-0.0349	0.0160851	0.0160851	0	0	0	-107.865	8.85663e-07	8.85663e-07	0	0	0	2.49974	-0.666944	0	3.16669		300	0.444029	-0.0258612	0.0129306	0.0129306	0	0	0	0.444029	0	-0.469668	-153.69	0	26.9754	26.9754	0	7.04502	0	0	0	0	0	0	0	0	0	0	0	0	0	0	0	0	0	0	0	0	0	0	0	0	0	0	0	0	0	0	0	0	0	
1	1	1	699	20.97		300	0	0	-0.03495	0.0161092	0.0161092	0	0	0	-107.943	8.85607e-07	8.85607e-07	0	0	0	2.50514	-0.666127	0	3.17127		300	0.444679	-0.0259046	0.0129523	0.0129523	0	0	0	0.444679	0	-0.469668	-153.69	0	26.9754	26.9754	0	7.04502	0	0	0	0	0	0	0	0	0	0	0	0	0	0	0	0	0	0	0	0	0	0	0	0	0	0	0	0	0	0	0	0	0	
1	1	1	700	21		300	0	0	-0.035	0.0161332	0.0161332	0	0	0	-108.021	8.85552e-07	8.85552e-07	0	0	0	2.51054	-0.665305	0	3.17584		300	0.445328	-0.0259481	0.0129741	0.0129741	0	0	0	0.445328	0	-0.469668	-153.69	0	26.9754	26.9754	0	7.04502	0	0	0	0	0	0	0	0	0	0	0	0	0	0	0	0	0	0	0	0	0	0	0	0	0	0	0	0	0	0	0	0	0	
1	1	1	701	21.03		300	0	0	-0.03505	0.0161572	0.0161572	0	0	0	-108.099	8.85497e-07	8.85497e-07	0	0	0	2.51594	-0.664479	0	3.18042		300	0.445978	-0.0259916	0.0129958	0.0129958	0	0	0	0.445978	0	-0.469668	-153.69	0	26.9754	26.9754	0	7.04502	0	0	0	0	0	0	0	0	0	0	0	0	0	0	0	0	0	0	0	0	0	0	0	0	0	0	0	0	0	0	0	0	0	
1	1	1	702	21.06		300	0	0	-0.0351	0.0161812	0.0161812	0	0	0	-108.177	8.85443e-07	8.85443e-07	0	0	0	2.52135	-0.663649	0	3.185		300	0.446627	-0.0260351	0.0130175	0.0130175	0	0	0	0.446627	0	-0.469668	-153.69	0	26.9754	26.9754	0	7.04502	0	0	0	0	0	0	0	0	0	0	0	0	0	0	0	0	0	0	0	0	0	0	0	0	0	0	0	0	0	0	0	0	0	
1	1	1	703	21.09		300	0	0	-0.03515	0.0162052	0.0162052	0	0	0	-108.255	8.85389e-07	8.85388e-07	0	0	0	2.52676	-0.662815	0	3.18957		300	0.447277	-0.0260786	0.0130393	0.0130393	0	0	0	0.447277	0	-0.469668	-153.69	0	26.9754	26.9754	0	7.04502	0	0	0	0	0	0	0	0	0	0	0	0	0	0	0	0	0	0	0	0	0	0	0	0	0	0	0	0	0	0	0	0	0	
1	1	1	704	21.12		300	0	0	-0.0352	0.0162292	0.0162292	0	0	0	-108.332	8.85335e-07	8.85335e-07	0	0	0	2.53217	-0.661976	0	3.19415		300	0.447926	-0.0261221	0.013061	0.013061	0	0	0	0.447926	0	-0.469668	-153.69	0	26.9754	26.9754	0	7.04502	0	0	0	0	0	0	0	0	0	0	0	0	0	0	0	0	0	0	0	0	0	0	0	0	0	0	0	0	0	0	0	0	0	
1	1	1	705	21.15		300	0	0	-0.03525	0.0162532	0.0162532	0	0	0	-108.41	8.85282e-07	8.85281e-07	0	0	0	2.53759	-0.661133	0	3.19872		300	0.448575	-0.0261655	0.0130828	0.0130828	0	0	0	0.448575	0	-0.469668	-153.69	0	26.9754	26.9754	0	7.04502	0	0	0	0	0	0	0	0	0	0	0	0	0	0	0	0	0	0	0	0	0	0	0	0	0	0	0	0	0	0	0	0	0	
1	1	1	706	21.18		300	0	0	-0.0353	0.0162773	0.0162773	0	0	0	-108.488	8.85229e-07	8.85229e-07	0	0	0	2.54301	-0.660286	0	3.2033		300	0.449224	-0.026209	0.0131045	0.0131045	0	0	0	0.449224	0	-0.469668	-153.69	0	26.9754	26.9754	0	7.04502	0	0	0	0	0	0	0	0	0	0	0	0	0	0	0	0	0	0	0	0	0	0	0	0	0	0	0	0	0	0	0	0	0	
1	1	1	707	21.21		300	0	0	-0.03535	0.0163013	0.0163013	0	0	0	-108.565	8.85176e-07	8.85176e-07	0	0	0	2.54844	-0.659434	0	3.20787		300	0.449873	-0.0262525	0.0131263	0.0131263	0	0	0	0.449873	0	-0.469668	-153.69	0	26.9754	26.9754	0	7.04502	0	0	0	0	0	0	0	0	0	0	0	0	0	0	0	0	0	0	0	0	0	0	0	0	0	0	0	0	0	0	0	0	0	
1	1	1	708	21.24		300	0	0	-0.0354	0.0163253	0.0163253	0	0	0	-108.643	8.85124e-07	8.85124e-07	0	0	0	2.55387	-0.658578	0	3.21245		300	0.450523	-0.026296	0.013148	0.013148	0	0	0	0.450523	0	-0.469668	-153.69	0	26.9754	26.9754	0	7.04502	0	0	0	0	0	0	0	0	0	0	0	0	0	0	0	0	0	0	0	0	0	0	0	0	0	0	0	0	0	0	0	0	0	
1	1	1	709	21.27		300	0	0	-0.03545	0.0163493	0.0163493	0	0	0	-108.721	8.85072e-07	8.85072e-07	0	0	0	2.5593	-0.657718	0	3.21702		300	0.451171	-0.0263395	0.0131697	0.0131697	0	0	0	0.451171	0	-0.469668	-153.69	0	26.9754	26.9754	0	7.04502	0	0	0	0	0	0	0	0	0	0	0	0	0	0	0	0	0	0	0	0	0	0	0	0	0	0	0	0	0	0	0	0	0	
1	1	1	710	21.3		300	0	0	-0.0355	0.0163733	0.0163733	0	0	0	-108.798	8.8502e-07	8.8502e-07	0	0	0	2.56474	-0.656853	0	3.2216		300	0.45182	-0.026383	0.0131915	0.0131915	0	0	0	0.45182	0	-0.469668	-153.69	0	26.9754	26.9754	0	7.04502	0	0	0	0	0	0	0	0	0	0	0	0	0	0	0	0	0	0	0	0	0	0	0	0	0	0	0	0	0	0	0	0	0	
1	1	1	711	21.33		300	0	0	-0.03555	0.0163973	0.0163973	0	0	0	-108.876	8.84969e-07	8.84969e-07	0	0	0	2.57018	-0.655985	0	3.22617		300	0.452469	-0.0264265	0.0132132	0.0132132	0	0	0	0.452469	0	-0.469668	-153.69	0	26.9754	26.9754	0	7.04502	0	0	0	0	0	0	0	0	0	0	0	0	0	0	0	0	0	0	0	0	0	0	0	0	0	0	0	0	0	0	0	0	0	
1	1	1	712	21.36		300	0	0	-0.0356	0.0164214	0.0164214	0	0	0	-108.954	8.84918e-07	8.84918e-07	0	0	0	2.57563	-0.655111	0	3.23074		300	0.453118	-0.02647	0.013235	0.013235	0	0	0	0.453118	0	-0.469668	-153.69	0	26.9754	26.9754	0	7.04502	0	0	0	0	0	0	0	0	0	0	0	0	0	0	0	0	0	0	0	0	0	0	0	0	0	0	0	0	0	0	0	0	0	
1	1	1	713	21.39		300	0	0	-0.03565	0.0164454	0.0164454	0	0	0	-109.031	8.84868e-07	8.84868e-07	0	0	0	2.58108	-0.654234	0	3.23531		300	0.453767	-0.0265135	0.0132567	0.0132567	0	0	0	0.453767	0	-0.469668	-153.69	0	26.9754	26.9754	0	7.04502	0	0	0	0	0	0	0	0	0	0	0	0	0	0	0	0	0	0	0	0	0	0	0	0	0	0	0	0	0	0	0	0	0	
1	1	1	714	21.42		300	0	0	-0.0357	0.0164694	0.0164694	0	0	0	-109.109	8.84818e-07	8.84818e-07	0	0	0	2.58653	-0.653352	0	3.23989		300	0.454416	-0.026557	0.0132785	0.0132785	0	0	0	0.454416	0	-0.469668	-153.69	0	26.9754	26.9754	0	7.04502	0	0	0	0	0	0	0	0	0	0	0	0	0	0	0	0	0	0	0	0	0	0	0	0	0	0	0	0	0	0	0	0	0	
1	1	1	715	21.45		300	0	0	-0.03575	0.0164934	0.0164934	0	0	0	-109.186	8.84768e-07	8.84768e-07	0	0	0	2.59199	-0.652466	0	3.24446		300	0.455064	-0.0266005	0.0133002	0.0133002	0	0	0	0.455064	0	-0.469668	-153.69	0	26.9754	26.9754	0	7.04502	0	0	0	0	0	0	0	0	0	0	0	0	0	0	0	0	0	0	0	0	0	0	0	0	0	0	0	0	0	0	0	0	0	
1	1	1	716	21.48		300	0	0	-0.0358	0.0165174	0.0165174	0	0	0	-109.264	8.84718e-07	8.84718e-07	0	0	0	2.59745	-0.651576	0	3.24903		300	0.455713	-0.026644	0.013322	0.013322	0	0	0	0.455713	0	-0.469668	-153.69	0	26.9754	26.9754	0	7.04502	0	0	0	0	0	0	0	0	0	0	0	0	0	0	0	0	0	0	0	0	0	0	0	0	0	0	0	0	0	0	0	0	0	
1	1	1	717	21.51		300	0	0	-0.03585	0.0165415	0.0165415	0	0	0	-109.341	8.84669e-07	8.84669e-07	0	0	0	2.60292	-0.650681	0	3.2536		300	0.456361	-0.0266875	0.0133437	0.0133437	0	0	0	0.456361	0	-0.469668	-153.69	0	26.9754	26.9754	0	7.04502	0	0	0	0	0	0	0	0	0	0	0	0	0	0	0	0	0	0	0	0	0	0	0	0	0	0	0	0	0	0	0	0	0	
1	1	1	718	21.54		300	0	0	-0.0359	0.0165655	0.0165655	0	0	0	-109.419	8.84621e-07	8.8462e-07	0	0	0	2.60839	-0.649782	0	3.25817		300	0.45701	-0.026731	0.0133655	0.0133655	0	0	0	0.45701	0	-0.469668	-153.69	0	26.9754	26.9754	0	7.04502	0	0	0	0	0	0	0	0	0	0	0	0	0	0	0	0	0	0	0	0	0	0	0	0	0	0	0	0	0	0	0	0	0	
1	1	1	719	21.57		300	0	0	-0.03595	0.0165895	0.0165895	0	0	0	-109.496	8.84572e-07	8.84572e-07	0	0	0	2.61386	-0.648879	0	3.26274		300	0.457658	-0.0267745	0.0133873	0.0133873	0	0	0	0.457658	0	-0.469668	-153.69	0	26.9754	26.9754	0	7.04502	0	0	0	0	0	0	0	0	0	0	0	0	0	0	0	0	0	0	0	0	0	0	0	0	0	0	0	0	0	0	0	0	0	
1	1	1	720	21.6		300	0	0	-0.036	0.0166135	0.0166135	0	0	0	-109.574	8.84524e-07	8.84524e-07	0	0	0	2.61934	-0.647971	0	3.26731		300	0.458306	-0.026818	0.013409	0.013409	0	0	0	0.458306	0	-0.469668	-153.69	0	26.9754	26.9754	0	7.04502	0	0	0	0	0	0	0	0	0	0	0	0	0	0	0	0	0	0	0	0	0	0	0	0	0	0	0	0	0	0	0	0	0	
1	1	1	721	21.63		300	0	0	-0.03605	0.0166375	0.0166375	0	0	0	-109.651	8.84477e-07	8.84476e-07	0	0	0	2.62482	-0.64706	0	3.27188		300	0.458955	-0.0268615	0.0134308	0.0134308	0	0	0	0.458955	0	-0.469668	-153.69	0	26.9754	26.9754	0	7.04502	0	0	0	0	0	0	0	0	0	0	0	0	0	0	0	0	0	0	0	0	0	0	0	0	0	0	0	0	0	0	0	0	0	
1	1	1	722	21.66		300	0	0	-0.0361	0.0166616	0.0166616	0	0	0	-109.729	8.84429e-07	8.84429e-07	0	0	0	2.6303	-0.646144	0	3.27644		300	0.459603	-0.026905	0.0134525	0.0134525	0	0	0	0.459603	0	-0.469668	-153.69	0	26.9754	26.9754	0	7.04502	0	0	0	0	0	0	0	0	0	0	0	0	0	0	0	0	0	0	0	0	0	0	0	0	0	0	0	0	0	0	0	0	0	
1	1	1	723	21.69		300	0	0	-0.03615	0.0166856	0.0166856	0	0	0	-109.806	8.84382e-07	8.84382e-07	0	0	0	2.63579	-0.645223	0	3.28101		300	0.460251	-0.0269486	0.0134743	0.0134743	0	0	0	0.460251	0	-0.469668	-153.69	0	26.9754	26.9754	0	7.04502	0	0	0	0	0	0	0	0	0	0	0	0	0	0	0	0	0	0	0	0	0	0	0	0	0	0	0	0	0	0	0	0	0	
1	1	1	724	21.72		300	0	0	-0.0362	0.0167096	0.0167096	0	0	0	-109.883	8.84335e-07	8.84335e-07	0	0	0	2.64128	-0.644298	0	3.28558		300	0.460899	-0.0269921	0.013496	0.013496	0	0	0	0.460899	0	-0.469668	-153.69	0	26.9754	26.9754	0	7.04502	0	0	0	0	0	0	0	0	0	0	0	0	0	0	0	0	0	0	0	0	0	0	0	0	0	0	0	0	0	0	0	0	0	
1	1	1	725	21.75		300	0	0	-0.03625	0.0167336	0.0167336	0	0	0	-109.961	8.84289e-07	8.84289e-07	0	0	0	2.64678	-0.643369	0	3.29015		300	0.461547	-0.0270356	0.0135178	0.0135178	0	0	0	0.461547	0	-0.469668	-153.69	0	26.9754	26.9754	0	7.04502	0	0	0	0	0	0	0	0	0	0	0	0	0	0	0	0	0	0	0	0	0	0	0	0	0	0	0	0	0	0	0	0	0	
1	1	1	726	21.78		300	0	0	-0.0363	0.0167576	0.0167576	0	0	0	-110.038	8.84243e-07	8.84243e-07	0	0	0	2.65228	-0.642436	0	3.29471		300	0.462195	-0.0270791	0.0135396	0.0135396	0	0	0	0.462195	0	-0.469668	-153.69	0	26.9754	26.9754	0	7.04502	0	0	0	0	0	0	0	0	0	0	0	0	0	0	0	0	0	0	0	0	0	0	0	0	0	0	0	0	0	0	0	0	0	
1	1	1	727	21.81		300	0	0	-0.03635	0.0167817	0.0167817	0	0	0	-110.116	8.84197e-07	8.84197e-07	0	0	0	2.65778	-0.641498	0	3.29928		300	0.462843	-0.0271226	0.0135613	0.0135613	0	0	0	0.462843	0	-0.469668	-153.69	0	26.9754	26.9754	0	7.04502	0	0	0	0	0	0	0	0	0	0	0	0	0	0	0	0	0	0	0	0	0	0	0	0	0	0	0	0	0	0	0	0	0	
1	1	1	728	21.84		300	0	0	-0.0364	0.0168057	0.0168057	0	0	0	-110.193	8.84152e-07	8.84152e-07	0	0	0	2.66329	-0.640557	0	3.30385		300	0.463491	-0.0271661	0.0135831	0.0135831	0	0	0	0.463491	0	-0.469668	-153.69	0	26.9754	26.9754	0	7.04502	0	0	0	0	0	0	0	0	0	0	0	0	0	0	0	0	0	0	0	0	0	0	0	0	0	0	0	0	0	0	0	0	0	
1	1	1	729	21.87		300	0	0	-0.03645	0.0168297	0.0168297	0	0	0	-110.27	8.84107e-07	8.84106e-07	0	0	0	2.6688	-0.63961	0	3.30841		300	0.464139	-0.0272097	0.0136048	0.0136048	0	0	0	0.464139	0	-0.469668	-153.69	0	26.9754	26.9754	0	7.04502	0	0	0	0	0	0	0	0	0	0	0	0	0	0	0	0	0	0	0	0	0	0	0	0	0	0	0	0	0	0	0	0	0	
1	1	1	730	21.9		300	0	0	-0.0365	0.0168537	0.0168537	0	0	0	-110.347	8.84062e-07	8.84062e-07	0	0	0	2.67432	-0.63866	0	3.31298		300	0.464786	-0.0272532	0.0136266	0.0136266	0	0	0	0.464786	0	-0.469668	-153.69	0	26.9754	26.9754	0	7.04502	0	0	0	0	0	0	0	0	0	0	0	0	0	0	0	0	0	0	0	0	0	0	0	0	0	0	0	0	0	0	0	0	0	
1	1	1	731	21.93		300	0	0	-0.03655	0.0168778	0.0168778	0	0	0	-110.425	8.84017e-07	8.84017e-07	0	0	0	2.67984	-0.637705	0	3.31754		300	0.465434	-0.0272967	0.0136484	0.0136484	0	0	0	0.465434	0	-0.469668	-153.69	0	26.9754	26.9754	0	7.04502	0	0	0	0	0	0	0	0	0	0	0	0	0	0	0	0	0	0	0	0	0	0	0	0	0	0	0	0	0	0	0	0	0	
1	1	1	732	21.96		300	0	0	-0.0366	0.0169018	0.0169018	0	0	0	-110.502	8.83973e-07	8.83973e-07	0	0	0	2.68536	-0.636746	0	3.3221		300	0.466082	-0.0273402	0.0136701	0.0136701	0	0	0	0.466082	0	-0.469668	-153.69	0	26.9754	26.9754	0	7.04502	0	0	0	0	0	0	0	0	0	0	0	0	0	0	0	0	0	0	0	0	0	0	0	0	0	0	0	0	0	0	0	0	0	
1	1	1	733	21.99		300	0	0	-0.03665	0.0169258	0.0169258	0	0	0	-110.579	8.83929e-07	8.83929e-07	0	0	0	2.69089	-0.635783	0	3.32667		300	0.466729	-0.0273838	0.0136919	0.0136919	0	0	0	0.466729	0	-0.469668	-153.69	0	26.9754	26.9754	0	7.04502	0	0	0	0	0	0	0	0	0	0	0	0	0	0	0	0	0	0	0	0	0	0	0	0	0	0	0	0	0	0	0	0	0	
1	1	1	734	22.02		300	0	0	-0.0367	0.0169498	0.0169498	0	0	0	-110.657	8.83886e-07	8.83886e-07	0	0	0	2.69642	-0.634815	0	3.33123		300	0.467377	-0.0274273	0.0137136	0.0137136	0	0	0	0.467377	0	-0.469668	-153.69	0	26.9754	26.9754	0	7.04502	0	0	0	0	0	0	0	0	0	0	0	0	0	0	0	0	0	0	0	0	0	0	0	0	0	0	0	0	0	0	0	0	0	
1	1	1	735	22.05		300	0	0	-0.03675	0.0169738	0.0169738	0	0	0	-110.734	8.83843e-07	8.83843e-07	0	0	0	2.70195	-0.633843	0	3.33579		300	0.468024	-0.0274708	0.0137354	0.0137354	0	0	0	0.468024	0	-0.469668	-153.69	0	26.9754	26.9754	0	7.04502	0	0	0	0	0	0	0	0	0	0	0	0	0	0	0	0	0	0	0	0	0	0	0	0	0	0	0	0	0	0	0	0	0	
1	1	1	736	22.08		300	0	0	-0.0368	0.0169979	0.0169979	0	0	0	-110.811	8.838e-07	8.838e-07	0	0	0	2.70749	-0.632867	0	3.34036		300	0.468671	-0.0275143	0.0137572	0.0137572	0	0	0	0.468671	0	-0.469668	-153.69	0	26.9754	26.9754	0	7.04502	0	0	0	0	0	0	0	0	0	0	0	0	0	0	0	0	0	0	0	0	0	0	0	0	0	0	0	0	0	0	0	0	0	
1	1	1	737	22.11		300	0	0	-0.03685	0.0170219	0.0170219	0	0	0	-110.888	8.83757e-07	8.83757e-07	0	0	0	2.71303	-0.631886	0	3.34492		300	0.469319	-0.0275579	0.0137789	0.0137789	0	0	0	0.469319	0	-0.469668	-153.69	0	26.9754	26.9754	0	7.04502	0	0	0	0	0	0	0	0	0	0	0	0	0	0	0	0	0	0	0	0	0	0	0	0	0	0	0	0	0	0	0	0	0	
1	1	1	738	22.14		300	0	0	-0.0369	0.0170459	0.0170459	0	0	0	-110.965	8.83715e-07	8.83715e-07	0	0	0	2.71858	-0.630901	0	3.34948		300	0.469966	-0.0276014	0.0138007	0.0138007	0	0	0	0.469966	0	-0.469668	-153.69	0	26.9754	26.9754	0	7.04502	0	0	0	0	0	0	0	0	0	0	0	0	0	0	0	0	0	0	0	0	0	0	0	0	0	0	0	0	0	0	0	0	0	
1	1	1	739	22.17		300	0	0	-0.03695	0.0170699	0.0170699	0	0	0	-111.043	8.83673e-07	8.83673e-07	0	0	0	2.72413	-0.629912	0	3.35404		300	0.470613	-0.0276449	0.0138225	0.0138225	0	0	0	0.470613	0	-0.469668	-153.69	0	26.9754	26.9754	0	7.04502	0	0	0	0	0	0	0	0	0	0	0	0	0	0	0	0	0	0	0	0	0	0	0	0	0	0	0	0	0	0	0	0	0	
1	1	1	740	22.2		300	0	0	-0.037	0.017094	0.017094	0	0	0	-111.12	8.83631e-07	8.83631e-07	0	0	0	2.72968	-0.628919	0	3.3586		300	0.47126	-0.0276885	0.0138442	0.0138442	0	0	0	0.47126	0	-0.469668	-153.69	0	26.9754	26.9754	0	7.04502	0	0	0	0	0	0	0	0	0	0	0	0	0	0	0	0	0	0	0	0	0	0	0	0	0	0	0	0	0	0	0	0	0	
1	1	1	741	22.23		300	0	0	-0.03705	0.017118	0.017118	0	0	0	-111.197	8.8359e-07	8.8359e-07	0	0	0	2.73524	-0.627921	0	3.36316		300	0.471907	-0.027732	0.013866	0.013866	0	0	0	0.471907	0	-0.469668	-153.69	0	26.9754	26.9754	0	7.04502	0	0	0	0	0	0	0	0	0	0	0	0	0	0	0	0	0	0	0	0	0	0	0	0	0	0	0	0	0	0	0	0	0	
1	1	1	742	22.26		300	0	0	-0.0371	0.017142	0.017142	0	0	0	-111.274	8.83549e-07	8.83549e-07	0	0	0	2.7408	-0.626919	0	3.36772		300	0.472554	-0.0277755	0.0138878	0.0138878	0	0	0	0.472554	0	-0.469668	-153.69	0	26.9754	26.9754	0	7.04502	0	0	0	0	0	0	0	0	0	0	0	0	0	0	0	0	0	0	0	0	0	0	0	0	0	0	0	0	0	0	0	0	0	
1	1	1	743	22.29		300	0	0	-0.03715	0.017166	0.017166	0	0	0	-111.351	8.83508e-07	8.83508e-07	0	0	0	2.74637	-0.625912	0	3.37228		300	0.473201	-0.0278191	0.0139095	0.0139095	0	0	0	0.473201	0	-0.469668	-153.69	0	26.9754	26.9754	0	7.04502	0	0	0	0	0	0	0	0	0	0	0	0	0	0	0	0	0	0	0	0	0	0	0	0	0	0	0	0	0	0	0	0	0	
1	1	1	744	22.32		300	0	0	-0.0372	0.0171901	0.0171901	0	0	0	-111.428	8.83468e-07	8.83468e-07	0	0	0	2.75194	-0.624902	0	3.37684		300	0.473848	-0.0278626	0.0139313	0.0139313	0	0	0	0.473848	0	-0.469668	-153.69	0	26.9754	26.9754	0	7.04502	0	0	0	0	0	0	0	0	0	0	0	0	0	0	0	0	0	0	0	0	0	0	0	0	0	0	0	0	0	0	0	0	0	
1	1	1	745	22.35		300	0	0	-0.03725	0.0172141	0.0172141	0	0	0	-111.505	8.83428e-07	8.83428e-07	0	0	0	2.75751	-0.623887	0	3.3814		300	0.474495	-0.0279062	0.0139531	0.0139531	0	0	0	0.474495	0	-0.469668	-153.69	0	26.9754	26.9754	0	7.04502	0	0	0	0	0	0	0	0	0	0	0	0	0	0	0	0	0	0	0	0	0	0	0	0	0	0	0	0	0	0	0	0	0	
1	1	1	746	22.38		300	0	0	-0.0373	0.0172381	0.0172381	0	0	0	-111.582	8.83388e-07	8.83388e-07	0	0	0	2.76309	-0.622868	0	3.38596		300	0.475142	-0.0279497	0.0139749	0.0139749	0	0	0	0.475142	0	-0.469668	-153.69	0	26.9754	26.9754	0	7.04502	0	0	0	0	0	0	0	0	0	0	0	0	0	0	0	0	0	0	0	0	0	0	0	0	0	0	0	0	0	0	0	0	0	
1	1	1	747	22.41		300	0	0	-0.03735	0.0172621	0.0172621	0	0	0	-111.659	8.83349e-07	8.83349e-07	0	0	0	2.76867	-0.621844	0	3.39051		300	0.475788	-0.0279932	0.0139966	0.0139966	0	0	0	0.475788	0	-0.469668	-153.69	0	26.9754	26.9754	0	7.04502	0	0	0	0	0	0	0	0	0	0	0	0	0	0	0	0	0	0	0	0	0	0	0	0	0	0	0	0	0	0	0	0	0	
1	1	1	748	22.44		300	0	0	-0.0374	0.0172862	0.0172862	0	0	0	-111.737	8.83309e-07	8.83309e-07	0	0	0	2.77425	-0.620816	0	3.39507		300	0.476435	-0.0280368	0.0140184	0.0140184	0	0	0	0.476435	0	-0.469668	-153.69	0	26.9754	26.9754	0	7.04502	0	0	0	0	0	0	0	0	0	0	0	0	0	0	0	0	0	0	0	0	0	0	0	0	0	0	0	0	0	0	0	0	0	
1	1	1	749	22.47		300	0	0	-0.03745	0.0173102	0.0173102	0	0	0	-111.814	8.8327e-07	8.8327e-07	0	0	0	2.77984	-0.619784	0	3.39963		300	0.477081	-0.0280803	0.0140402	0.0140402	0	0	0	0.477081	0	-0.469668	-153.69	0	26.9754	26.9754	0	7.04502	0	0	0	0	0	0	0	0	0	0	0	0	0	0	0	0	0	0	0	0	0	0	0	0	0	0	0	0	0	0	0	0	0	
1	1	1	750	22.5		300	0	0	-0.0375	0.0173342	0.0173342	0	0	0	-111.891	8.83232e-07	8.83232e-07	0	0	0	2.78544	-0.618748	0	3.40418		300	0.477728	-0.0281239	0.0140619	0.0140619	0	0	0	0.477728	0	-0.469668	-153.69	0	26.9754	26.9754	0	7.04502	0	0	0	0	0	0	0	0	0	0	0	0	0	0	0	0	0	0	0	0	0	0	0	0	0	0	0	0	0	0	0	0	0	
1	1	1	751	22.53		300	0	0	-0.03755	0.0173582	0.0173582	0	0	0	-111.968	8.83193e-07	8.83193e-07	0	0	0	2.79103	-0.617707	0	3.40874		300	0.478374	-0.0281674	0.0140837	0.0140837	0	0	0	0.478374	0	-0.469668	-153.69	0	26.9754	26.9754	0	7.04502	0	0	0	0	0	0	0	0	0	0	0	0	0	0	0	0	0	0	0	0	0	0	0	0	0	0	0	0	0	0	0	0	0	
1	1	1	752	22.56		300	0	0	-0.0376	0.0173823	0.0173823	0	0	0	-112.045	8.83155e-07	8.83155e-07	0	0	0	2.79663	-0.616662	0	3.4133		300	0.479021	-0.028211	0.0141055	0.0141055	0	0	0	0.479021	0	-0.469668	-153.69	0	26.9754	26.9754	0	7.04502	0	0	0	0	0	0	0	0	0	0	0	0	0	0	0	0	0	0	0	0	0	0	0	0	0	0	0	0	0	0	0	0	0	
1	1	1	753	22.59		300	0	0	-0.03765	0.0174063	0.0174063	0	0	0	-112.122	8.83117e-07	8.83117e-07	0	0	0	2.80224	-0.615613	0	3.41785		300	0.479667	-0.0282545	0.0141273	0.0141273	0	0	0	0.479667	0	-0.469668	-153.69	0	26.9754	26.9754	0	7.04502	0	0	0	0	0	0	0	0	0	0	0	0	0	0	0	0	0	0	0	0	0	0	0	0	0	0	0	0	0	0	0	0	0	
1	1	1	754	22.62		300	0	0	-0.0377	0.0174303	0.0174303	0	0	0	-112.199	8.8308e-07	8.8308e-07	0	0	0	2.80784	-0.614559	0	3.4224		300	0.480313	-0.0282981	0.014149	0.014149	0	0	0	0.480313	0	-0.469668	-153.69	0	26.9754	26.9754	0	7.04502	0	0	0	0	0	0	0	0	0	0	0	0	0	0	0	0	0	0	0	0	0	0	0	0	0	0	0	0	0	0	0	0	0	
1	1	1	755	22.65		300	0	0	-0.03775	0.0174543	0.0174543	0	0	0	-112.276	8.83043e-07	8.83043e-07	0	0	0	2.81346	-0.613502	0	3.42696		300	0.480959	-0.0283416	0.0141708	0.0141708	0	0	0	0.480959	0	-0.469668	-153.69	0	26.9754	26.9754	0	7.04502	0	0	0	0	0	0	0	0	0	0	0	0	0	0	0	0	0	0	0	0	0	0	0	0	0	0	0	0	0	0	0	0	0	
1	1	1	756	22.68		300	0	0	-0.0378	0.0174784	0.0174784	0	0	0	-112.353	8.83006e-07	8.83006e-07	0	0	0	2.81907	-0.612439	0	3.43151		300	0.481605	-0.0283852	0.0141926	0.0141926	0	0	0	0.481605	0	-0.469668	-153.69	0	26.9754	26.9754	0	7.04502	0	0	0	0	0	0	0	0	0	0	0	0	0	0	0	0	0	0	0	0	0	0	0	0	0	0	0	0	0	0	0	0	0	
1	1	1	757	22.71		300	0	0	-0.03785	0.0175024	0.0175024	0	0	0	-112.43	8.82969e-07	8.82969e-07	0	0	0	2.82469	-0.611373	0	3.43607		300	0.482251	-0.0284287	0.0142144	0.0142144	0	0	0	0.482251	0	-0.469668	-153.69	0	26.9754	26.9754	0	7.04502	0	0	0	0	0	0	0	0	0	0	0	0	0	0	0	0	0	0	0	0	0	0	0	0	0	0	0	0	0	0	0	0	0	
1	1	1	758	22.74		300	0	0	-0.0379	0.0175264	0.0175264	0	0	0	-112.507	8.82933e-07	8.82933e-07	0	0	0	2.83032	-0.610302	0	3.44062		300	0.482897	-0.0284723	0.0142361	0.0142361	0	0	0	0.482897	0	-0.469668	-153.69	0	26.9754	26.9754	0	7.04502	0	0	0	0	0	0	0	0	0	0	0	0	0	0	0	0	0	0	0	0	0	0	0	0	0	0	0	0	0	0	0	0	0	
1	1	1	759	22.77		300	0	0	-0.03795	0.0175504	0.0175504	0	0	0	-112.584	8.82897e-07	8.82897e-07	0	0	0	2.83594	-0.609227	0	3.44517		300	0.483543	-0.0285158	0.0142579	0.0142579	0	0	0	0.483543	0	-0.469668	-153.69	0	26.9754	26.9754	0	7.04502	0	0	0	0	0	0	0	0	0	0	0	0	0	0	0	0	0	0	0	0	0	0	0	0	0	0	0	0	0	0	0	0	0	
1	1	1	760	22.8		300	0	0	-0.038	0.0175745	0.0175745	0	0	0	-112.66	8.82861e-07	8.82861e-07	0	0	0	2.84157	-0.608148	0	3.44972		300	0.484189	-0.0285594	0.0142797	0.0142797	0	0	0	0.484189	0	-0.469668	-153.69	0	26.9754	26.9754	0	7.04502	0	0	0	0	0	0	0	0	0	0	0	0	0	0	0	0	0	0	0	0	0	0	0	0	0	0	0	0	0	0	0	0	0	
1	1	1	761	22.83		300	0	0	-0.03805	0.0175985	0.0175985	0	0	0	-112.737	8.82825e-07	8.82825e-07	0	0	0	2.84721	-0.607064	0	3.45427		300	0.484835	-0.0286029	0.0143015	0.0143015	0	0	0	0.484835	0	-0.469668	-153.69	0	26.9754	26.9754	0	7.04502	0	0	0	0	0	0	0	0	0	0	0	0	0	0	0	0	0	0	0	0	0	0	0	0	0	0	0	0	0	0	0	0	0	
1	1	1	762	22.86		300	0	0	-0.0381	0.0176225	0.0176225	0	0	0	-112.814	8.8279e-07	8.8279e-07	0	0	0	2.85285	-0.605976	0	3.45882		300	0.485481	-0.0286465	0.0143232	0.0143232	0	0	0	0.485481	0	-0.469668	-153.69	0	26.9754	26.9754	0	7.04502	0	0	0	0	0	0	0	0	0	0	0	0	0	0	0	0	0	0	0	0	0	0	0	0	0	0	0	0	0	0	0	0	0	
1	1	1	763	22.89		300	0	0	-0.03815	0.0176465	0.0176465	0	0	0	-112.891	8.82755e-07	8.82755e-07	0	0	0	2.85849	-0.604884	0	3.46337		300	0.486126	-0.02869	0.014345	0.014345	0	0	0	0.486126	0	-0.469668	-153.69	0	26.9754	26.9754	0	7.04502	0	0	0	0	0	0	0	0	0	0	0	0	0	0	0	0	0	0	0	0	0	0	0	0	0	0	0	0	0	0	0	0	0	
1	1	1	764	22.92		300	0	0	-0.0382	0.0176706	0.0176706	0	0	0	-112.968	8.8272e-07	8.8272e-07	0	0	0	2.86414	-0.603788	0	3.46792		300	0.486772	-0.0287336	0.0143668	0.0143668	0	0	0	0.486772	0	-0.469668	-153.69	0	26.9754	26.9754	0	7.04502	0	0	0	0	0	0	0	0	0	0	0	0	0	0	0	0	0	0	0	0	0	0	0	0	0	0	0	0	0	0	0	0	0	
1	1	1	765	22.95		300	0	0	-0.03825	0.0176946	0.0176946	0	0	0	-113.045	8.82686e-07	8.82686e-07	0	0	0	2.86979	-0.602687	0	3.47247		300	0.487418	-0.0287771	0.0143886	0.0143886	0	0	0	0.487418	0	-0.469668	-153.69	0	26.9754	26.9754	0	7.04502	0	0	0	0	0	0	0	0	0	0	0	0	0	0	0	0	0	0	0	0	0	0	0	0	0	0	0	0	0	0	0	0	0	
1	1	1	766	22.98		300	0	0	-0.0383	0.0177186	0.0177186	0	0	0	-113.122	8.82652e-07	8.82652e-07	0	0	0	2.87544	-0.601582	0	3.47702		300	0.488063	-0.0288207	0.0144103	0.0144103	0	0	0	0.488063	0	-0.469668	-153.69	0	26.9754	26.9754	0	7.04502	0	0	0	0	0	0	0	0	0	0	0	0	0	0	0	0	0	0	0	0	0	0	0	0	0	0	0	0	0	0	0	0	0	
1	1	1	767	23.01		300	0	0	-0.03835	0.0177427	0.0177427	0	0	0	-113.199	8.82618e-07	8.82618e-07	0	0	0	2.8811	-0.600472	0	3.48157		300	0.488708	-0.0288643	0.0144321	0.0144321	0	0	0	0.488708	0	-0.469668	-153.69	0	26.9754	26.9754	0	7.04502	0	0	0	0	0	0	0	0	0	0	0	0	0	0	0	0	0	0	0	0	0	0	0	0	0	0	0	0	0	0	0	0	0	
1	1	1	768	23.04		300	0	0	-0.0384	0.0177667	0.0177667	0	0	0	-113.276	8.82584e-07	8.82584e-07	0	0	0	2.88676	-0.599359	0	3.48612		300	0.489354	-0.0289078	0.0144539	0.0144539	0	0	0	0.489354	0	-0.469668	-153.69	0	26.9754	26.9754	0	7.04502	0	0	0	0	0	0	0	0	0	0	0	0	0	0	0	0	0	0	0	0	0	0	0	0	0	0	0	0	0	0	0	0	0	
1	1	1	769	23.07		300	0	0	-0.03845	0.0177907	0.0177907	0	0	0	-113.352	8.82551e-07	8.82551e-07	0	0	0	2.89243	-0.598241	0	3.49067		300	0.489999	-0.0289514	0.0144757	0.0144757	0	0	0	0.489999	0	-0.469668	-153.69	0	26.9754	26.9754	0	7.04502	0	0	0	0	0	0	0	0	0	0	0	0	0	0	0	0	0	0	0	0	0	0	0	0	0	0	0	0	0	0	0	0	0	
1	1	1	770	23.1		300	0	0	-0.0385	0.0178147	0.0178147	0	0	0	-113.429	8.82518e-07	8.82518e-07	0	0	0	2.8981	-0.597118	0	3.49521		300	0.490644	-0.0289949	0.0144975	0.0144975	0	0	0	0.490644	0	-0.469668	-153.69	0	26.9754	26.9754	0	7.04502	0	0	0	0	0	0	0	0	0	0	0	0	0	0	0	0	0	0	0	0	0	0	0	0	0	0	0	0	0	0	0	0	0	
1	1	1	771	23.13		300	0	0	-0.03855	0.0178388	0.0178388	0	0	0	-113.506	8.82485e-07	8.82485e-07	0	0	0	2.90377	-0.595992	0	3.49976		300	0.491289	-0.0290385	0.0145192	0.0145192	0	0	0	0.491289	0	-0.469668	-153.69	0	26.9754	26.9754	0	7.04502	0	0	0	0	0	0	0	0	0	0	0	0	0	0	0	0	0	0	0	0	0	0	0	0	0	0	0	0	0	0	0	0	0	
1	1	1	772	23.16		300	0	0	-0.0386	0.0178628	0.0178628	0	0	0	-113.583	8.82452e-07	8.82452e-07	0	0	0	2.90945	-0.594861	0	3.50431		300	0.491934	-0.0290821	0.014541	0.014541	0	0	0	0.491934	0	-0.469668	-153.69	0	26.9754	26.9754	0	7.04502	0	0	0	0	0	0	0	0	0	0	0	0	0	0	0	0	0	0	0	0	0	0	0	0	0	0	0	0	0	0	0	0	0	
1	1	1	773	23.19		300	0	0	-0.03865	0.0178868	0.0178868	0	0	0	-113.66	8.8242e-07	8.8242e-07	0	0	0	2.91513	-0.593726	0	3.50885		300	0.492579	-0.0291256	0.0145628	0.0145628	0	0	0	0.492579	0	-0.469668	-153.69	0	26.9754	26.9754	0	7.04502	0	0	0	0	0	0	0	0	0	0	0	0	0	0	0	0	0	0	0	0	0	0	0	0	0	0	0	0	0	0	0	0	0	
1	1	1	774	23.22		300	0	0	-0.0387	0.0179108	0.0179108	0	0	0	-113.737	8.82388e-07	8.82388e-07	0	0	0	2.92081	-0.592586	0	3.5134		300	0.493224	-0.0291692	0.0145846	0.0145846	0	0	0	0.493224	0	-0.469668	-153.69	0	26.9754	26.9754	0	7.04502	0	0	0	0	0	0	0	0	0	0	0	0	0	0	0	0	0	0	0	0	0	0	0	0	0	0	0	0	0	0	0	0	0	
1	1	1	775	23.25		300	0	0	-0.03875	0.0179349	0.0179349	0	0	0	-113.813	8.82356e-07	8.82356e-07	0	0	0	2.9265	-0.591443	0	3.51794		300	0.493869	-0.0292127	0.0146064	0.0146064	0	0	0	0.493869	0	-0.469668	-153.69	0	26.9754	26.9754	0	7.04502	0	0	0	0	0	0	0	0	0	0	0	0	0	0	0	0	0	0	0	0	0	0	0	0	0	0	0	0	0	0	0	0	0	
1	1	1	776	23.28		300	0	0	-0.0388	0.0179589	0.0179589	0	0	0	-113.89	8.82325e-07	8.82325e-07	0	0	0	2.93219	-0.590294	0	3.52249		300	0.494514	-0.0292563	0.0146282	0.0146282	0	0	0	0.494514	0	-0.469668	-153.69	0	26.9754	26.9754	0	7.04502	0	0	0	0	0	0	0	0	0	0	0	0	0	0	0	0	0	0	0	0	0	0	0	0	0	0	0	0	0	0	0	0	0	
1	1	1	777	23.31		300	0	0	-0.03885	0.0179829	0.0179829	0	0	0	-113.967	8.82293e-07	8.82293e-07	0	0	0	2.93789	-0.589142	0	3.52703		300	0.495159	-0.0292999	0.0146499	0.0146499	0	0	0	0.495159	0	-0.469668	-153.69	0	26.9754	26.9754	0	7.04502	0	0	0	0	0	0	0	0	0	0	0	0	0	0	0	0	0	0	0	0	0	0	0	0	0	0	0	0	0	0	0	0	0	
1	1	1	778	23.34		300	0	0	-0.0389	0.018007	0.018007	0	0	0	-114.044	8.82263e-07	8.82262e-07	0	0	0	2.94359	-0.587985	0	3.53158		300	0.495804	-0.0293434	0.0146717	0.0146717	0	0	0	0.495804	0	-0.469668	-153.69	0	26.9754	26.9754	0	7.04502	0	0	0	0	0	0	0	0	0	0	0	0	0	0	0	0	0	0	0	0	0	0	0	0	0	0	0	0	0	0	0	0	0	
1	1	1	779	23.37		300	0	0	-0.03895	0.018031	0.018031	0	0	0	-114.121	8.82232e-07	8.82232e-07	0	0	0	2.9493	-0.586825	0	3.53612		300	0.496448	-0.029387	0.0146935	0.0146935	0	0	0	0.496448	0	-0.469668	-153.69	0	26.9754	26.9754	0	7.04502	0	0	0	0	0	0	0	0	0	0	0	0	0	0	0	0	0	0	0	0	0	0	0	0	0	0	0	0	0	0	0	0	0	
1	1	1	780	23.4		300	0	0	-0.039	0.018055	0.018055	0	0	0	-114.197	8.82201e-07	8.82201e-07	0	0	0	2.955	-0.585659	0	3.54066		300	0.497093	-0.0294306	0.0147153	0.0147153	0	0	0	0.497093	0	-0.469668	-153.69	0	26.9754	26.9754	0	7.04502	0	0	0	0	0	0	0	0	0	0	0	0	0	0	0	0	0	0	0	0	0	0	0	0	0	0	0	0	0	0	0	0	0	
1	1	1	781	23.43		300	0	0	-0.03905	0.018079	0.018079	0	0	0	-114.274	8.82171e-07	8.82171e-07	0	0	0	2.96071	-0.58449	0	3.5452		300	0.497737	-0.0294741	0.0147371	0.0147371	0	0	0	0.497737	0	-0.469668	-153.69	0	26.9754	26.9754	0	7.04502	0	0	0	0	0	0	0	0	0	0	0	0	0	0	0	0	0	0	0	0	0	0	0	0	0	0	0	0	0	0	0	0	0	
1	1	1	782	23.46		300	0	0	-0.0391	0.0181031	0.0181031	0	0	0	-114.351	8.82141e-07	8.82141e-07	0	0	0	2.96643	-0.583316	0	3.54975		300	0.498382	-0.0295177	0.0147588	0.0147588	0	0	0	0.498382	0	-0.469668	-153.69	0	26.9754	26.9754	0	7.04502	0	0	0	0	0	0	0	0	0	0	0	0	0	0	0	0	0	0	0	0	0	0	0	0	0	0	0	0	0	0	0	0	0	
1	1	1	783	23.49		300	0	0	-0.03915	0.0181271	0.0181271	0	0	0	-114.428	8.82111e-07	8.82111e-07	0	0	0	2.97215	-0.582138	0	3.55429		300	0.499026	-0.0295613	0.0147806	0.0147806	0	0	0	0.499026	0	-0.469668	-153.69	0	26.9754	26.9754	0	7.04502	0	0	0	0	0	0	0	0	0	0	0	0	0	0	0	0	0	0	0	0	0	0	0	0	0	0	0	0	0	0	0	0	0	
1	1	1	784	23.52		300	0	0	-0.0392	0.0181511	0.0181511	0	0	0	-114.505	8.82082e-07	8.82082e-07	0	0	0	2.97787	-0.580955	0	3.55883		300	0.49967	-0.0296048	0.0148024	0.0148024	0	0	0	0.49967	0	-0.469668	-153.69	0	26.9754	26.9754	0	7.04502	0	0	0	0	0	0	0	0	0	0	0	0	0	0	0	0	0	0	0	0	0	0	0	0	0	0	0	0	0	0	0	0	0	
1	1	1	785	23.55		300	0	0	-0.03925	0.0181752	0.0181752	0	0	0	-114.581	8.82053e-07	8.82052e-07	0	0	0	2.9836	-0.579769	0	3.56337		300	0.500315	-0.0296484	0.0148242	0.0148242	0	0	0	0.500315	0	-0.469668	-153.69	0	26.9754	26.9754	0	7.04502	0	0	0	0	0	0	0	0	0	0	0	0	0	0	0	0	0	0	0	0	0	0	0	0	0	0	0	0	0	0	0	0	0	
1	1	1	786	23.58		300	0	0	-0.0393	0.0181992	0.0181992	0	0	0	-114.658	8.82024e-07	8.82024e-07	0	0	0	2.98933	-0.578577	0	3.56791		300	0.500959	-0.029692	0.014846	0.014846	0	0	0	0.500959	0	-0.469668	-153.69	0	26.9754	26.9754	0	7.04502	0	0	0	0	0	0	0	0	0	0	0	0	0	0	0	0	0	0	0	0	0	0	0	0	0	0	0	0	0	0	0	0	0	
1	1	1	787	23.61		300	0	0	-0.03935	0.0182232	0.0182232	0	0	0	-114.735	8.81995e-07	8.81995e-07	0	0	0	2.99507	-0.577382	0	3.57245		300	0.501603	-0.0297355	0.0148678	0.0148678	0	0	0	0.501603	0	-0.469668	-153.69	0	26.9754	26.9754	0	7.04502	0	0	0	0	0	0	0	0	0	0	0	0	0	0	0	0	0	0	0	0	0	0	0	0	0	0	0	0	0	0	0	0	0	
1	1	1	788	23.64		300	0	0	-0.0394	0.0182472	0.0182472	0	0	0	-114.812	8.81966e-07	8.81966e-07	0	0	0	3.0008	-0.576182	0	3.57699		300	0.502247	-0.0297791	0.0148896	0.0148896	0	0	0	0.502247	0	-0.469668	-153.69	0	26.9754	26.9754	0	7.04502	0	0	0	0	0	0	0	0	0	0	0	0	0	0	0	0	0	0	0	0	0	0	0	0	0	0	0	0	0	0	0	0	0	
1	1	1	789	23.67		300	0	0	-0.03945	0.0182713	0.0182713	0	0	0	-114.888	8.81938e-07	8.81938e-07	0	0	0	3.00655	-0.574978	0	3.58153		300	0.502891	-0.0298227	0.0149113	0.0149113	0	0	0	0.502891	0	-0.469668	-153.69	0	26.9754	26.9754	0	7.04502	0	0	0	0	0	0	0	0	0	0	0	0	0	0	0	0	0	0	0	0	0	0	0	0	0	0	0	0	0	0	0	0	0	
1	1	1	790	23.7		300	0	0	-0.0395	0.0182953	0.0182953	0	0	0	-114.965	8.8191e-07	8.8191e-07	0	0	0	3.01229	-0.57377	0	3.58606		300	0.503535	-0.0298662	0.0149331	0.0149331	0	0	0	0.503535	0	-0.469668	-153.69	0	26.9754	26.9754	0	7.04502	0	0	0	0	0	0	0	0	0	0	0	0	0	0	0	0	0	0	0	0	0	0	0	0	0	0	0	0	0	0	0	0	0	
1	1	1	791	23.73		300	0	0	-0.03955	0.0183193	0.0183193	0	0	0	-115.042	8.81882e-07	8.81882e-07	0	0	0	3.01804	-0.572558	0	3.5906		300	0.504179	-0.0299098	0.0149549	0.0149549	0	0	0	0.504179	0	-0.469668	-153.69	0	26.9754	26.9754	0	7.04502	0	0	0	0	0	0	0	0	0	0	0	0	0	0	0	0	0	0	0	0	0	0	0	0	0	0	0	0	0	0	0	0	0	
1	1	1	792	23.76		300	0	0	-0.0396	0.0183434	0.0183434	0	0	0	-115.119	8.81855e-07	8.81855e-07	0	0	0	3.0238	-0.571341	0	3.59514		300	0.504822	-0.0299534	0.0149767	0.0149767	0	0	0	0.504822	0	-0.469668	-153.69	0	26.9754	26.9754	0	7.04502	0	0	0	0	0	0	0	0	0	0	0	0	0	0	0	0	0	0	0	0	0	0	0	0	0	0	0	0	0	0	0	0	0	
1	1	1	793	23.79		300	0	0	-0.03965	0.0183674	0.0183674	0	0	0	-115.195	8.81828e-07	8.81828e-07	0	0	0	3.02956	-0.57012	0	3.59968		300	0.505466	-0.029997	0.0149985	0.0149985	0	0	0	0.505466	0	-0.469668	-153.69	0	26.9754	26.9754	0	7.04502	0	0	0	0	0	0	0	0	0	0	0	0	0	0	0	0	0	0	0	0	0	0	0	0	0	0	0	0	0	0	0	0	0	
1	1	1	794	23.82		300	0	0	-0.0397	0.0183914	0.0183914	0	0	0	-115.272	8.81801e-07	8.81801e-07	0	0	0	3.03532	-0.568894	0	3.60421		300	0.50611	-0.0300405	0.0150203	0.0150203	0	0	0	0.50611	0	-0.469668	-153.69	0	26.9754	26.9754	0	7.04502	0	0	0	0	0	0	0	0	0	0	0	0	0	0	0	0	0	0	0	0	0	0	0	0	0	0	0	0	0	0	0	0	0	
1	1	1	795	23.85		300	0	0	-0.03975	0.0184154	0.0184154	0	0	0	-115.349	8.81774e-07	8.81774e-07	0	0	0	3.04108	-0.567664	0	3.60875		300	0.506753	-0.0300841	0.015042	0.015042	0	0	0	0.506753	0	-0.469668	-153.69	0	26.9754	26.9754	0	7.04502	0	0	0	0	0	0	0	0	0	0	0	0	0	0	0	0	0	0	0	0	0	0	0	0	0	0	0	0	0	0	0	0	0	
1	1	1	796	23.88		300	0	0	-0.0398	0.0184395	0.0184395	0	0	0	-115.425	8.81747e-07	8.81747e-07	0	0	0	3.04685	-0.56643	0	3.61328		300	0.507397	-0.0301277	0.0150638	0.0150638	0	0	0	0.507397	0	-0.469668	-153.69	0	26.9754	26.9754	0	7.04502	0	0	0	0	0	0	0	0	0	0	0	0	0	0	0	0	0	0	0	0	0	0	0	0	0	0	0	0	0	0	0	0	0	
1	1	1	797	23.91		300	0	0	-0.03985	0.0184635	0.0184635	0	0	0	-115.502	8.81721e-07	8.81721e-07	0	0	0	3.05263	-0.565192	0	3.61782		300	0.50804	-0.0301712	0.0150856	0.0150856	0	0	0	0.50804	0	-0.469668	-153.69	0	26.9754	26.9754	0	7.04502	0	0	0	0	0	0	0	0	0	0	0	0	0	0	0	0	0	0	0	0	0	0	0	0	0	0	0	0	0	0	0	0	0	
1	1	1	798	23.94		300	0	0	-0.0399	0.0184875	0.0184875	0	0	0	-115.579	8.81695e-07	8.81695e-07	0	0	0	3.0584	-0.563949	0	3.62235		300	0.508684	-0.0302148	0.0151074	0.0151074	0	0	0	0.508684	0	-0.469668	-153.69	0	26.9754	26.9754	0	7.04502	0	0	0	0	0	0	0	0	0	0	0	0	0	0	0	0	0	0	0	0	0	0	0	0	0	0	0	0	0	0	0	0	0	
1	1	1	799	23.97		300	0	0	-0.03995	0.0185116	0.0185116	0	0	0	-115.656	8.81669e-07	8.81669e-07	0	0	0	3.06418	-0.562702	0	3.62689		300	0.509327	-0.0302584	0.0151292	0.0151292	0	0	0	0.509327	0	-0.469668	-153.69	0	26.9754	26.9754	0	7.04502	0	0	0	0	0	0	0	0	0	0	0	0	0	0	0	0	0	0	0	0	0	0	0	0	0	0	0	0	0	0	0	0	0	
1	1	1	800	24		300	0	0	-0.04	0.0185356	0.0185356	0	0	0	-115.732	8.81643e-07	8.81643e-07	0	0	0	3.06997	-0.561451	0	3.63142		300	0.50997	-0.030302	0.015151	0.015151	0	0	0	0.50997	0	-0.469668	-153.69	0	26.9754	26.9754	0	7.04502	0	0	0	0	0	0	0	0	0	0	0	0	0	0	0	0	0	0	0	0	0	0	0	0	0	0	0	0	0	0	0	0	0	
1	1	1	801	24.03		300	0	0	-0.04005	0.0185596	0.0185596	0	0	0	-115.809	8.81618e-07	8.81618e-07	0	0	0	3.07576	-0.560195	0	3.63595		300	0.510613	-0.0303455	0.0151728	0.0151728	0	0	0	0.510613	0	-0.469668	-153.69	0	26.9754	26.9754	0	7.04502	0	0	0	0	0	0	0	0	0	0	0	0	0	0	0	0	0	0	0	0	0	0	0	0	0	0	0	0	0	0	0	0	0	
1	1	1	802	24.06		300	0	0	-0.0401	0.0185837	0.0185837	0	0	0	-115.886	8.81593e-07	8.81593e-07	0	0	0	3.08155	-0.558935	0	3.64048		300	0.511256	-0.0303891	0.0151945	0.0151945	0	0	0	0.511256	0	-0.469668	-153.69	0	26.9754	26.9754	0	7.04502	0	0	0	0	0	0	0	0	0	0	0	0	0	0	0	0	0	0	0	0	0	0	0	0	0	0	0	0	0	0	0	0	0	
1	1	1	803	24.09		300	0	0	-0.04015	0.0186077	0.0186077	0	0	0	-115.962	8.81568e-07	8.81568e-07	0	0	0	3.08735	-0.557671	0	3.64502		300	0.511899	-0.0304327	0.0152163	0.0152163	0	0	0	0.511899	0	-0.469668	-153.69	0	26.9754	26.9754	0	7.04502	0	0	0	0	0	0	0	0	0	0	0	0	0	0	0	0	0	0	0	0	0	0	0	0	0	0	0	0	0	0	0	0	0	
1	1	1	804	24.12		300	0	0	-0.0402	0.0186317	0.0186317	0	0	0	-116.039	8.81543e-07	8.81543e-07	0	0	0	3.09315	-0.556403	0	3.64955		300	0.512542	-0.0304762	0.0152381	0.0152381	0	0	0	0.512542	0	-0.469668	-153.69	0	26.9754	26.9754	0	7.04502	0	0	0	0	0	0	0	0	0	0	0	0	0	0	0	0	0	0	0	0	0	0	0	0	0	0	0	0	0	0	0	0	0	
1	1	1	805	24.15		300	0	0	-0.04025	0.0186557	0.0186557	0	0	0	-116.116	8.81519e-07	8.81519e-07	0	0	0	3.09895	-0.55513	0	3.65408		300	0.513185	-0.0305198	0.0152599	0.0152599	0	0	0	0.513185	0	-0.469668	-153.69	0	26.9754	26.9754	0	7.04502	0	0	0	0	0	0	0	0	0	0	0	0	0	0	0	0	0	0	0	0	0	0	0	0	0	0	0	0	0	0	0	0	0	
1	1	1	806	24.18		300	0	0	-0.0403	0.0186798	0.0186798	0	0	0	-116.192	8.81495e-07	8.81494e-07	0	0	0	3.10476	-0.553853	0	3.65861		300	0.513828	-0.0305634	0.0152817	0.0152817	0	0	0	0.513828	0	-0.469668	-153.69	0	26.9754	26.9754	0	7.04502	0	0	0	0	0	0	0	0	0	0	0	0	0	0	0	0	0	0	0	0	0	0	0	0	0	0	0	0	0	0	0	0	0	
1	1	1	807	24.21		300	0	0	-0.04035	0.0187038	0.0187038	0	0	0	-116.269	8.81471e-07	8.8147e-07	0	0	0	3.11057	-0.552571	0	3.66314		300	0.514471	-0.030607	0.0153035	0.0153035	0	0	0	0.514471	0	-0.469668	-153.69	0	26.9754	26.9754	0	7.04502	0	0	0	0	0	0	0	0	0	0	0	0	0	0	0	0	0	0	0	0	0	0	0	0	0	0	0	0	0	0	0	0	0	
1	1	1	808	24.24		300	0	0	-0.0404	0.0187278	0.0187278	0	0	0	-116.346	8.81447e-07	8.81447e-07	0	0	0	3.11638	-0.551285	0	3.66767		300	0.515114	-0.0306505	0.0153253	0.0153253	0	0	0	0.515114	0	-0.469668	-153.69	0	26.9754	26.9754	0	7.04502	0	0	0	0	0	0	0	0	0	0	0	0	0	0	0	0	0	0	0	0	0	0	0	0	0	0	0	0	0	0	0	0	0	
1	1	1	809	24.27		300	0	0	-0.04045	0.0187519	0.0187519	0	0	0	-116.423	8.81423e-07	8.81423e-07	0	0	0	3.1222	-0.549995	0	3.6722		300	0.515756	-0.0306941	0.0153471	0.0153471	0	0	0	0.515756	0	-0.469668	-153.69	0	26.9754	26.9754	0	7.04502	0	0	0	0	0	0	0	0	0	0	0	0	0	0	0	0	0	0	0	0	0	0	0	0	0	0	0	0	0	0	0	0	0	
1	1	1	810	24.3		300	0	0	-0.0405	0.0187759	0.0187759	0	0	0	-116.499	8.814e-07	8.814e-07	0	0	0	3.12803	-0.548701	0	3.67673		300	0.516399	-0.0307377	0.0153688	0.0153688	0	0	0	0.516399	0	-0.469668	-153.69	0	26.9754	26.9754	0	7.04502	0	0	0	0	0	0	0	0	0	0	0	0	0	0	0	0	0	0	0	0	0	0	0	0	0	0	0	0	0	0	0	0	0	
1	1	1	811	24.33		300	0	0	-0.04055	0.0187999	0.0187999	0	0	0	-116.576	8.81377e-07	8.81377e-07	0	0	0	3.13385	-0.547402	0	3.68125		300	0.517041	-0.0307813	0.0153906	0.0153906	0	0	0	0.517041	0	-0.469668	-153.69	0	26.9754	26.9754	0	7.04502	0	0	0	0	0	0	0	0	0	0	0	0	0	0	0	0	0	0	0	0	0	0	0	0	0	0	0	0	0	0	0	0	0	
1	1	1	812	24.36		300	0	0	-0.0406	0.0188239	0.0188239	0	0	0	-116.653	8.81354e-07	8.81354e-07	0	0	0	3.13968	-0.546099	0	3.68578		300	0.517684	-0.0308248	0.0154124	0.0154124	0	0	0	0.517684	0	-0.469668	-153.69	0	26.9754	26.9754	0	7.04502	0	0	0	0	0	0	0	0	0	0	0	0	0	0	0	0	0	0	0	0	0	0	0	0	0	0	0	0	0	0	0	0	0	
1	1	1	813	24.39		300	0	0	-0.04065	0.018848	0.018848	0	0	0	-116.729	8.81331e-07	8.81331e-07	0	0	0	3.14552	-0.544792	0	3.69031		300	0.518326	-0.0308684	0.0154342	0.0154342	0	0	0	0.518326	0	-0.469668	-153.69	0	26.9754	26.9754	0	7.04502	0	0	0	0	0	0	0	0	0	0	0	0	0	0	0	0	0	0	0	0	0	0	0	0	0	0	0	0	0	0	0	0	0	
1	1	1	814	24.42		300	0	0	-0.0407	0.018872	0.018872	0	0	0	-116.806	8.81309e-07	8.81308e-07	0	0	0	3.15136	-0.54348	0	3.69484		300	0.518968	-0.030912	0.015456	0.015456	0	0	0	0.518968	0	-0.469668	-153.69	0	26.9754	26.9754	0	7.04502	0	0	0	0	0	0	0	0	0	0	0	0	0	0	0	0	0	0	0	0	0	0	0	0	0	0	0	0	0	0	0	0	0	
1	1	1	815	24.45		300	0	0	-0.04075	0.018896	0.018896	0	0	0	-116.883	8.81287e-07	8.81286e-07	0	0	0	3.1572	-0.542164	0	3.69936		300	0.519611	-0.0309555	0.0154778	0.0154778	0	0	0	0.519611	0	-0.469668	-153.69	0	26.9754	26.9754	0	7.04502	0	0	0	0	0	0	0	0	0	0	0	0	0	0	0	0	0	0	0	0	0	0	0	0	0	0	0	0	0	0	0	0	0	
1	1	1	816	24.48		300	0	0	-0.0408	0.0189201	0.0189201	0	0	0	-116.959	8.81265e-07	8.81264e-07	0	0	0	3.16304	-0.540844	0	3.70389		300	0.520253	-0.0309991	0.0154996	0.0154996	0	0	0	0.520253	0	-0.469668	-153.69	0	26.9754	26.9754	0	7.04502	0	0	0	0	0	0	0	0	0	0	0	0	0	0	0	0	0	0	0	0	0	0	0	0	0	0	0	0	0	0	0	0	0	
1	1	1	817	24.51		300	0	0	-0.04085	0.0189441	0.0189441	0	0	0	-117.036	8.81243e-07	8.81242e-07	0	0	0	3.16889	-0.539519	0	3.70841		300	0.520895	-0.0310427	0.0155213	0.0155213	0	0	0	0.520895	0	-0.469668	-153.69	0	26.9754	26.9754	0	7.04502	0	0	0	0	0	0	0	0	0	0	0	0	0	0	0	0	0	0	0	0	0	0	0	0	0	0	0	0	0	0	0	0	0	
1	1	1	818	24.54		300	0	0	-0.0409	0.0189681	0.0189681	0	0	0	-117.113	8.81221e-07	8.81221e-07	0	0	0	3.17475	-0.53819	0	3.71294		300	0.521537	-0.0310863	0.0155431	0.0155431	0	0	0	0.521537	0	-0.469668	-153.69	0	26.9754	26.9754	0	7.04502	0	0	0	0	0	0	0	0	0	0	0	0	0	0	0	0	0	0	0	0	0	0	0	0	0	0	0	0	0	0	0	0	0	
1	1	1	819	24.57		300	0	0	-0.04095	0.0189922	0.0189922	0	0	0	-117.19	8.812e-07	8.81199e-07	0	0	0	3.18061	-0.536857	0	3.71746		300	0.522179	-0.0311298	0.0155649	0.0155649	0	0	0	0.522179	0	-0.469668	-153.69	0	26.9754	26.9754	0	7.04502	0	0	0	0	0	0	0	0	0	0	0	0	0	0	0	0	0	0	0	0	0	0	0	0	0	0	0	0	0	0	0	0	0	
1	1	1	820	24.6		300	0	0	-0.041	0.0190162	0.0190162	0	0	0	-117.266	8.81179e-07	8.81178e-07	0	0	0	3.18647	-0.535519	0	3.72199		300	0.522821	-0.0311734	0.0155867	0.0155867	0	0	0	0.522821	0	-0.469668	-153.69	0	26.9754	26.9754	0	7.04502	0	0	0	0	0	0	0	0	0	0	0	0	0	0	0	0	0	0	0	0	0	0	0	0	0	0	0	0	0	0	0	0	0	
1	1	1	821	24.63		300	0	0	-0.04105	0.0190402	0.0190402	0	0	0	-117.343	8.81158e-07	8.81157e-07	0	0	0	3.19233	-0.534177	0	3.72651		300	0.523463	-0.031217	0.0156085	0.0156085	0	0	0	0.523463	0	-0.469668	-153.69	0	26.9754	26.9754	0	7.04502	0	0	0	0	0	0	0	0	0	0	0	0	0	0	0	0	0	0	0	0	0	0	0	0	0	0	0	0	0	0	0	0	0	
1	1	1	822	24.66		300	0	0	-0.0411	0.0190642	0.0190642	0	0	0	-117.42	8.81137e-07	8.81137e-07	0	0	0	3.1982	-0.532831	0	3.73103		300	0.524104	-0.0312606	0.0156303	0.0156303	0	0	0	0.524104	0	-0.469668	-153.69	0	26.9754	26.9754	0	7.04502	0	0	0	0	0	0	0	0	0	0	0	0	0	0	0	0	0	0	0	0	0	0	0	0	0	0	0	0	0	0	0	0	0	
1	1	1	823	24.69		300	0	0	-0.04115	0.0190883	0.0190883	0	0	0	-117.496	8.81116e-07	8.81116e-07	0	0	0	3.20407	-0.531481	0	3.73556		300	0.524746	-0.0313041	0.0156521	0.0156521	0	0	0	0.524746	0	-0.469668	-153.69	0	26.9754	26.9754	0	7.04502	0	0	0	0	0	0	0	0	0	0	0	0	0	0	0	0	0	0	0	0	0	0	0	0	0	0	0	0	0	0	0	0	0	
1	1	1	824	24.72		300	0	0	-0.0412	0.0191123	0.0191123	0	0	0	-117.573	8.81096e-07	8.81096e-07	0	0	0	3.20995	-0.530126	0	3.74008		300	0.525388	-0.0313477	0.0156738	0.0156738	0	0	0	0.525388	0	-0.469668	-153.69	0	26.9754	26.9754	0	7.04502	0	0	0	0	0	0	0	0	0	0	0	0	0	0	0	0	0	0	0	0	0	0	0	0	0	0	0	0	0	0	0	0	0	
1	1	1	825	24.75		300	0	0	-0.04125	0.0191363	0.0191363	0	0	0	-117.65	8.81076e-07	8.81076e-07	0	0	0	3.21583	-0.528767	0	3.7446		300	0.526029	-0.0313913	0.0156956	0.0156956	0	0	0	0.526029	0	-0.469668	-153.69	0	26.9754	26.9754	0	7.04502	0	0	0	0	0	0	0	0	0	0	0	0	0	0	0	0	0	0	0	0	0	0	0	0	0	0	0	0	0	0	0	0	0	
1	1	1	826	24.78		300	0	0	-0.0413	0.0191604	0.0191604	0	0	0	-117.727	8.81056e-07	8.81056e-07	0	0	0	3.22172	-0.527403	0	3.74912		300	0.526671	-0.0314348	0.0157174	0.0157174	0	0	0	0.526671	0	-0.469668	-153.69	0	26.9754	26.9754	0	7.04502	0	0	0	0	0	0	0	0	0	0	0	0	0	0	0	0	0	0	0	0	0	0	0	0	0	0	0	0	0	0	0	0	0	
1	1	1	827	24.81		300	0	0	-0.04135	0.0191844	0.0191844	0	0	0	-117.803	8.81037e-07	8.81036e-07	0	0	0	3.2276	-0.526035	0	3.75364		300	0.527312	-0.0314784	0.0157392	0.0157392	0	0	0	0.527312	0	-0.469668	-153.69	0	26.9754	26.9754	0	7.04502	0	0	0	0	0	0	0	0	0	0	0	0	0	0	0	0	0	0	0	0	0	0	0	0	0	0	0	0	0	0	0	0	0	
1	1	1	828	24.84		300	0	0	-0.0414	0.0192084	0.0192084	0	0	0	-117.88	8.81017e-07	8.81017e-07	0	0	0	3.2335	-0.524663	0	3.75816		300	0.527953	-0.031522	0.015761	0.015761	0	0	0	0.527953	0	-0.469668	-153.69	0	26.9754	26.9754	0	7.04502	0	0	0	0	0	0	0	0	0	0	0	0	0	0	0	0	0	0	0	0	0	0	0	0	0	0	0	0	0	0	0	0	0	
1	1	1	829	24.87		300	0	0	-0.04145	0.0192324	0.0192324	0	0	0	-117.957	8.80998e-07	8.80998e-07	0	0	0	3.23939	-0.523287	0	3.76268		300	0.528594	-0.0315656	0.0157828	0.0157828	0	0	0	0.528594	0	-0.469668	-153.69	0	26.9754	26.9754	0	7.04502	0	0	0	0	0	0	0	0	0	0	0	0	0	0	0	0	0	0	0	0	0	0	0	0	0	0	0	0	0	0	0	0	0	
1	1	1	830	24.9		300	0	0	-0.0415	0.0192565	0.0192565	0	0	0	-118.033	8.80979e-07	8.80979e-07	0	0	0	3.24529	-0.521906	0	3.7672		300	0.529236	-0.0316091	0.0158046	0.0158046	0	0	0	0.529236	0	-0.469668	-153.69	0	26.9754	26.9754	0	7.04502	0	0	0	0	0	0	0	0	0	0	0	0	0	0	0	0	0	0	0	0	0	0	0	0	0	0	0	0	0	0	0	0	0	
1	1	1	831	24.93		300	0	0	-0.04155	0.0192805	0.0192805	0	0	0	-118.11	8.8096e-07	8.8096e-07	0	0	0	3.2512	-0.520521	0	3.77172		300	0.529877	-0.0316527	0.0158263	0.0158263	0	0	0	0.529877	0	-0.469668	-153.69	0	26.9754	26.9754	0	7.04502	0	0	0	0	0	0	0	0	0	0	0	0	0	0	0	0	0	0	0	0	0	0	0	0	0	0	0	0	0	0	0	0	0	
1	1	1	832	24.96		300	0	0	-0.0416	0.0193045	0.0193045	0	0	0	-118.187	8.80941e-07	8.80941e-07	0	0	0	3.2571	-0.519131	0	3.77623		300	0.530518	-0.0316963	0.0158481	0.0158481	0	0	0	0.530518	0	-0.469668	-153.69	0	26.9754	26.9754	0	7.04502	0	0	0	0	0	0	0	0	0	0	0	0	0	0	0	0	0	0	0	0	0	0	0	0	0	0	0	0	0	0	0	0	0	
1	1	1	833	24.99		300	0	0	-0.04165	0.0193286	0.0193286	0	0	0	-118.264	8.80923e-07	8.80923e-07	0	0	0	3.26301	-0.517737	0	3.78075		300	0.531159	-0.0317398	0.0158699	0.0158699	0	0	0	0.531159	0	-0.469668	-153.69	0	26.9754	26.9754	0	7.04502	0	0	0	0	0	0	0	0	0	0	0	0	0	0	0	0	0	0	0	0	0	0	0	0	0	0	0	0	0	0	0	0	0	
1	1	1	834	25.02		300	0	0	-0.0417	0.0193526	0.0193526	0	0	0	-118.34	8.80905e-07	8.80904e-07	0	0	0	3.26893	-0.516339	0	3.78527		300	0.5318	-0.0317834	0.0158917	0.0158917	0	0	0	0.5318	0	-0.469668	-153.69	0	26.9754	26.9754	0	7.04502	0	0	0	0	0	0	0	0	0	0	0	0	0	0	0	0	0	0	0	0	0	0	0	0	0	0	0	0	0	0	0	0	0	
1	1	1	835	25.05		300	0	0	-0.04175	0.0193766	0.0193766	0	0	0	-118.417	8.80887e-07	8.80886e-07	0	0	0	3.27485	-0.514937	0	3.78979		300	0.532441	-0.031827	0.0159135	0.0159135	0	0	0	0.532441	0	-0.469668	-153.69	0	26.9754	26.9754	0	7.04502	0	0	0	0	0	0	0	0	0	0	0	0	0	0	0	0	0	0	0	0	0	0	0	0	0	0	0	0	0	0	0	0	0	
1	1	1	836	25.08		300	0	0	-0.0418	0.0194007	0.0194007	0	0	0	-118.494	8.80869e-07	8.80868e-07	0	0	0	3.28077	-0.51353	0	3.7943		300	0.533081	-0.0318705	0.0159353	0.0159353	0	0	0	0.533081	0	-0.469668	-153.69	0	26.9754	26.9754	0	7.04502	0	0	0	0	0	0	0	0	0	0	0	0	0	0	0	0	0	0	0	0	0	0	0	0	0	0	0	0	0	0	0	0	0	
1	1	1	837	25.11		300	0	0	-0.04185	0.0194247	0.0194247	0	0	0	-118.571	8.80851e-07	8.80851e-07	0	0	0	3.2867	-0.512119	0	3.79882		300	0.533722	-0.0319141	0.0159571	0.0159571	0	0	0	0.533722	0	-0.469668	-153.69	0	26.9754	26.9754	0	7.04502	0	0	0	0	0	0	0	0	0	0	0	0	0	0	0	0	0	0	0	0	0	0	0	0	0	0	0	0	0	0	0	0	0	
1	1	1	838	25.14		300	0	0	-0.0419	0.0194487	0.0194487	0	0	0	-118.647	8.80834e-07	8.80834e-07	0	0	0	3.29263	-0.510703	0	3.80333		300	0.534363	-0.0319577	0.0159788	0.0159788	0	0	0	0.534363	0	-0.469668	-153.69	0	26.9754	26.9754	0	7.04502	0	0	0	0	0	0	0	0	0	0	0	0	0	0	0	0	0	0	0	0	0	0	0	0	0	0	0	0	0	0	0	0	0	
1	1	1	839	25.17		300	0	0	-0.04195	0.0194727	0.0194727	0	0	0	-118.724	8.80817e-07	8.80816e-07	0	0	0	3.29856	-0.509283	0	3.80785		300	0.535003	-0.0320012	0.0160006	0.0160006	0	0	0	0.535003	0	-0.469668	-153.69	0	26.9754	26.9754	0	7.04502	0	0	0	0	0	0	0	0	0	0	0	0	0	0	0	0	0	0	0	0	0	0	0	0	0	0	0	0	0	0	0	0	0	
1	1	1	840	25.2		300	0	0	-0.042	0.0194968	0.0194968	0	0	0	-118.801	8.808e-07	8.80799e-07	0	0	0	3.3045	-0.507859	0	3.81236		300	0.535644	-0.0320448	0.0160224	0.0160224	0	0	0	0.535644	0	-0.469668	-153.69	0	26.9754	26.9754	0	7.04502	0	0	0	0	0	0	0	0	0	0	0	0	0	0	0	0	0	0	0	0	0	0	0	0	0	0	0	0	0	0	0	0	0	
1	1	1	841	25.23		300	0	0	-0.04205	0.0195208	0.0195208	0	0	0	-118.878	8.80783e-07	8.80783e-07	0	0	0	3.31044	-0.506431	0	3.81687		300	0.536284	-0.0320884	0.0160442	0.0160442	0	0	0	0.536284	0	-0.469668	-153.69	0	26.9754	26.9754	0	7.04502	0	0	0	0	0	0	0	0	0	0	0	0	0	0	0	0	0	0	0	0	0	0	0	0	0	0	0	0	0	0	0	0	0	
1	1	1	842	25.26		300	0	0	-0.0421	0.0195448	0.0195448	0	0	0	-118.954	8.80766e-07	8.80766e-07	0	0	0	3.31639	-0.504998	0	3.82139		300	0.536924	-0.0321319	0.016066	0.016066	0	0	0	0.536924	0	-0.469668	-153.69	0	26.9754	26.9754	0	7.04502	0	0	0	0	0	0	0	0	0	0	0	0	0	0	0	0	0	0	0	0	0	0	0	0	0	0	0	0	0	0	0	0	0	
1	1	1	843	25.29		300	0	0	-0.04215	0.0195689	0.0195689	0	0	0	-119.031	8.8075e-07	8.8075e-07	0	0	0	3.32234	-0.503561	0	3.8259		300	0.537565	-0.0321755	0.0160878	0.0160878	0	0	0	0.537565	0	-0.469668	-153.69	0	26.9754	26.9754	0	7.04502	0	0	0	0	0	0	0	0	0	0	0	0	0	0	0	0	0	0	0	0	0	0	0	0	0	0	0	0	0	0	0	0	0	
1	1	1	844	25.32		300	0	0	-0.0422	0.0195929	0.0195929	0	0	0	-119.108	8.80734e-07	8.80734e-07	0	0	0	3.32829	-0.502119	0	3.83041		300	0.538205	-0.0322191	0.0161095	0.0161095	0	0	0	0.538205	0	-0.469668	-153.69	0	26.9754	26.9754	0	7.04502	0	0	0	0	0	0	0	0	0	0	0	0	0	0	0	0	0	0	0	0	0	0	0	0	0	0	0	0	0	0	0	0	0	
1	1	1	845	25.35		300	0	0	-0.04225	0.0196169	0.0196169	0	0	0	-119.185	8.80718e-07	8.80717e-07	0	0	0	3.33425	-0.500673	0	3.83492		300	0.538845	-0.0322626	0.0161313	0.0161313	0	0	0	0.538845	0	-0.469668	-153.69	0	26.9754	26.9754	0	7.04502	0	0	0	0	0	0	0	0	0	0	0	0	0	0	0	0	0	0	0	0	0	0	0	0	0	0	0	0	0	0	0	0	0	
1	1	1	846	25.38		300	0	0	-0.0423	0.0196409	0.0196409	0	0	0	-119.262	8.80702e-07	8.80702e-07	0	0	0	3.34021	-0.499223	0	3.83943		300	0.539485	-0.0323062	0.0161531	0.0161531	0	0	0	0.539485	0	-0.469668	-153.69	0	26.9754	26.9754	0	7.04502	0	0	0	0	0	0	0	0	0	0	0	0	0	0	0	0	0	0	0	0	0	0	0	0	0	0	0	0	0	0	0	0	0	
1	1	1	847	25.41		300	0	0	-0.04235	0.019665	0.019665	0	0	0	-119.338	8.80686e-07	8.80686e-07	0	0	0	3.34618	-0.497769	0	3.84394		300	0.540125	-0.0323498	0.0161749	0.0161749	0	0	0	0.540125	0	-0.469668	-153.69	0	26.9754	26.9754	0	7.04502	0	0	0	0	0	0	0	0	0	0	0	0	0	0	0	0	0	0	0	0	0	0	0	0	0	0	0	0	0	0	0	0	0	
1	1	1	848	25.44		300	0	0	-0.0424	0.019689	0.019689	0	0	0	-119.415	8.80671e-07	8.80671e-07	0	0	0	3.35214	-0.49631	0	3.84845		300	0.540765	-0.0323933	0.0161967	0.0161967	0	0	0	0.540765	0	-0.469668	-153.69	0	26.9754	26.9754	0	7.04502	0	0	0	0	0	0	0	0	0	0	0	0	0	0	0	0	0	0	0	0	0	0	0	0	0	0	0	0	0	0	0	0	0	
1	1	1	849	25.47		300	0	0	-0.04245	0.019713	0.019713	0	0	0	-119.492	8.80656e-07	8.80655e-07	0	0	0	3.35812	-0.494847	0	3.85296		300	0.541405	-0.0324369	0.0162184	0.0162184	0	0	0	0.541405	0	-0.469668	-153.69	0	26.9754	26.9754	0	7.04502	0	0	0	0	0	0	0	0	0	0	0	0	0	0	0	0	0	0	0	0	0	0	0	0	0	0	0	0	0	0	0	0	0	
1	1	1	850	25.5		300	0	0	-0.0425	0.019737	0.019737	0	0	0	-119.569	8.80641e-07	8.8064e-07	0	0	0	3.36409	-0.493379	0	3.85747		300	0.542045	-0.0324805	0.0162402	0.0162402	0	0	0	0.542045	0	-0.469668	-153.69	0	26.9754	26.9754	0	7.04502	0	0	0	0	0	0	0	0	0	0	0	0	0	0	0	0	0	0	0	0	0	0	0	0	0	0	0	0	0	0	0	0	0	
1	1	1	851	25.53		300	0	0	-0.04255	0.0197611	0.0197611	0	0	0	-119.646	8.80626e-07	8.80626e-07	0	0	0	3.37007	-0.491907	0	3.86198		300	0.542684	-0.032524	0.016262	0.016262	0	0	0	0.542684	0	-0.469668	-153.69	0	26.9754	26.9754	0	7.04502	0	0	0	0	0	0	0	0	0	0	0	0	0	0	0	0	0	0	0	0	0	0	0	0	0	0	0	0	0	0	0	0	0	
1	1	1	852	25.56		300	0	0	-0.0426	0.0197851	0.0197851	0	0	0	-119.723	8.80611e-07	8.80611e-07	0	0	0	3.37606	-0.490431	0	3.86649		300	0.543324	-0.0325676	0.0162838	0.0162838	0	0	0	0.543324	0	-0.469668	-153.69	0	26.9754	26.9754	0	7.04502	0	0	0	0	0	0	0	0	0	0	0	0	0	0	0	0	0	0	0	0	0	0	0	0	0	0	0	0	0	0	0	0	0	
1	1	1	853	25.59		300	0	0	-0.04265	0.0198091	0.0198091	0	0	0	-119.799	8.80597e-07	8.80596e-07	0	0	0	3.38205	-0.48895	0	3.871		300	0.543963	-0.0326111	0.0163056	0.0163056	0	0	0	0.543963	0	-0.469668	-153.69	0	26.9754	26.9754	0	7.04502	0	0	0	0	0	0	0	0	0	0	0	0	0	0	0	0	0	0	0	0	0	0	0	0	0	0	0	0	0	0	0	0	0	
1	1	1	854	25.62		300	0	0	-0.0427	0.0198332	0.0198332	0	0	0	-119.876	8.80583e-07	8.80582e-07	0	0	0	3.38804	-0.487465	0	3.8755		300	0.544603	-0.0326547	0.0163274	0.0163274	0	0	0	0.544603	0	-0.469668	-153.69	0	26.9754	26.9754	0	7.04502	0	0	0	0	0	0	0	0	0	0	0	0	0	0	0	0	0	0	0	0	0	0	0	0	0	0	0	0	0	0	0	0	0	
1	1	1	855	25.65		300	0	0	-0.04275	0.0198572	0.0198572	0	0	0	-119.953	8.80568e-07	8.80568e-07	0	0	0	3.39403	-0.485976	0	3.88001		300	0.545242	-0.0326983	0.0163491	0.0163491	0	0	0	0.545242	0	-0.469668	-153.69	0	26.9754	26.9754	0	7.04502	0	0	0	0	0	0	0	0	0	0	0	0	0	0	0	0	0	0	0	0	0	0	0	0	0	0	0	0	0	0	0	0	0	
1	1	1	856	25.68		300	0	0	-0.0428	0.0198812	0.0198812	0	0	0	-120.03	8.80554e-07	8.80554e-07	0	0	0	3.40003	-0.484482	0	3.88452		300	0.545882	-0.0327418	0.0163709	0.0163709	0	0	0	0.545882	0	-0.469668	-153.69	0	26.9754	26.9754	0	7.04502	0	0	0	0	0	0	0	0	0	0	0	0	0	0	0	0	0	0	0	0	0	0	0	0	0	0	0	0	0	0	0	0	0	
1	1	1	857	25.71		300	0	0	-0.04285	0.0199052	0.0199052	0	0	0	-120.107	8.80541e-07	8.8054e-07	0	0	0	3.40604	-0.482984	0	3.88902		300	0.546521	-0.0327854	0.0163927	0.0163927	0	0	0	0.546521	0	-0.469668	-153.69	0	26.9754	26.9754	0	7.04502	0	0	0	0	0	0	0	0	0	0	0	0	0	0	0	0	0	0	0	0	0	0	0	0	0	0	0	0	0	0	0	0	0	
1	1	1	858	25.74		300	0	0	-0.0429	0.0199293	0.0199293	0	0	0	-120.184	8.80527e-07	8.80527e-07	0	0	0	3.41204	-0.481482	0	3.89353		300	0.54716	-0.0328289	0.0164145	0.0164145	0	0	0	0.54716	0	-0.469668	-153.69	0	26.9754	26.9754	0	7.04502	0	0	0	0	0	0	0	0	0	0	0	0	0	0	0	0	0	0	0	0	0	0	0	0	0	0	0	0	0	0	0	0	0	
1	1	1	859	25.77		300	0	0	-0.04295	0.0199533	0.0199533	0	0	0	-120.261	8.80514e-07	8.80513e-07	0	0	0	3.41805	-0.479975	0	3.89803		300	0.547799	-0.0328725	0.0164362	0.0164362	0	0	0	0.547799	0	-0.469668	-153.69	0	26.9754	26.9754	0	7.04502	0	0	0	0	0	0	0	0	0	0	0	0	0	0	0	0	0	0	0	0	0	0	0	0	0	0	0	0	0	0	0	0	0	
1	1	1	860	25.8		300	0	0	-0.043	0.0199773	0.0199773	0	0	0	-120.338	8.80501e-07	8.805e-07	0	0	0	3.42407	-0.478464	0	3.90253		300	0.548438	-0.032916	0.016458	0.016458	0	0	0	0.548438	0	-0.469668	-153.69	0	26.9754	26.9754	0	7.04502	0	0	0	0	0	0	0	0	0	0	0	0	0	0	0	0	0	0	0	0	0	0	0	0	0	0	0	0	0	0	0	0	0	
1	1	1	861	25.83		300	0	0	-0.04305	0.0200013	0.0200013	0	0	0	-120.414	8.80488e-07	8.80487e-07	0	0	0	3.43009	-0.476948	0	3.90704		300	0.549077	-0.0329596	0.0164798	0.0164798	0	0	0	0.549077	0	-0.469668	-153.69	0	26.9754	26.9754	0	7.04502	0	0	0	0	0	0	0	0	0	0	0	0	0	0	0	0	0	0	0	0	0	0	0	0	0	0	0	0	0	0	0	0	0	
1	1	1	862	25.86		300	0	0	-0.0431	0.0200254	0.0200254	0	0	0	-120.491	8.80475e-07	8.80475e-07	0	0	0	3.43611	-0.475429	0	3.91154		300	0.549716	-0.0330032	0.0165016	0.0165016	0	0	0	0.549716	0	-0.469668	-153.69	0	26.9754	26.9754	0	7.04502	0	0	0	0	0	0	0	0	0	0	0	0	0	0	0	0	0	0	0	0	0	0	0	0	0	0	0	0	0	0	0	0	0	
1	1	1	863	25.89		300	0	0	-0.04315	0.0200494	0.0200494	0	0	0	-120.568	8.80462e-07	8.80462e-07	0	0	0	3.44214	-0.473904	0	3.91604		300	0.550355	-0.0330467	0.0165234	0.0165234	0	0	0	0.550355	0	-0.469668	-153.69	0	26.9754	26.9754	0	7.04502	0	0	0	0	0	0	0	0	0	0	0	0	0	0	0	0	0	0	0	0	0	0	0	0	0	0	0	0	0	0	0	0	0	
1	1	1	864	25.92		300	0	0	-0.0432	0.0200734	0.0200734	0	0	0	-120.645	8.8045e-07	8.8045e-07	0	0	0	3.44817	-0.472376	0	3.92054		300	0.550994	-0.0330903	0.0165451	0.0165451	0	0	0	0.550994	0	-0.469668	-153.69	0	26.9754	26.9754	0	7.04502	0	0	0	0	0	0	0	0	0	0	0	0	0	0	0	0	0	0	0	0	0	0	0	0	0	0	0	0	0	0	0	0	0	
1	1	1	865	25.95		300	0	0	-0.04325	0.0200975	0.0200975	0	0	0	-120.722	8.80438e-07	8.80438e-07	0	0	0	3.4542	-0.470843	0	3.92505		300	0.551632	-0.0331338	0.0165669	0.0165669	0	0	0	0.551632	0	-0.469668	-153.69	0	26.9754	26.9754	0	7.04502	0	0	0	0	0	0	0	0	0	0	0	0	0	0	0	0	0	0	0	0	0	0	0	0	0	0	0	0	0	0	0	0	0	
1	1	1	866	25.98		300	0	0	-0.0433	0.0201215	0.0201215	0	0	0	-120.799	8.80426e-07	8.80425e-07	0	0	0	3.46024	-0.469306	0	3.92955		300	0.552271	-0.0331774	0.0165887	0.0165887	0	0	0	0.552271	0	-0.469668	-153.69	0	26.9754	26.9754	0	7.04502	0	0	0	0	0	0	0	0	0	0	0	0	0	0	0	0	0	0	0	0	0	0	0	0	0	0	0	0	0	0	0	0	0	
1	1	1	867	26.01		300	0	0	-0.04335	0.0201455	0.0201455	0	0	0	-120.876	8.80414e-07	8.80413e-07	0	0	0	3.46628	-0.467764	0	3.93405		300	0.552909	-0.0332209	0.0166105	0.0166105	0	0	0	0.552909	0	-0.469668	-153.69	0	26.9754	26.9754	0	7.04502	0	0	0	0	0	0	0	0	0	0	0	0	0	0	0	0	0	0	0	0	0	0	0	0	0	0	0	0	0	0	0	0	0	
1	1	1	868	26.04		300	0	0	-0.0434	0.0201695	0.0201695	0	0	0	-120.953	8.80402e-07	8.80402e-07	0	0	0	3.47233	-0.466218	0	3.93855		300	0.553548	-0.0332645	0.0166322	0.0166322	0	0	0	0.553548	0	-0.469668	-153.69	0	26.9754	26.9754	0	7.04502	0	0	0	0	0	0	0	0	0	0	0	0	0	0	0	0	0	0	0	0	0	0	0	0	0	0	0	0	0	0	0	0	0	
1	1	1	869	26.07		300	0	0	-0.04345	0.0201936	0.0201936	0	0	0	-121.03	8.80391e-07	8.8039e-07	0	0	0	3.47838	-0.464668	0	3.94304		300	0.554186	-0.033308	0.016654	0.016654	0	0	0	0.554186	0	-0.469668	-153.69	0	26.9754	26.9754	0	7.04502	0	0	0	0	0	0	0	0	0	0	0	0	0	0	0	0	0	0	0	0	0	0	0	0	0	0	0	0	0	0	0	0	0	
1	1	1	870	26.1		300	0	0	-0.0435	0.0202176	0.0202176	0	0	0	-121.107	8.80379e-07	8.80379e-07	0	0	0	3.48443	-0.463113	0	3.94754		300	0.554825	-0.0333516	0.0166758	0.0166758	0	0	0	0.554825	0	-0.469668	-153.69	0	26.9754	26.9754	0	7.04502	0	0	0	0	0	0	0	0	0	0	0	0	0	0	0	0	0	0	0	0	0	0	0	0	0	0	0	0	0	0	0	0	0	
1	1	1	871	26.13		300	0	0	-0.04355	0.0202416	0.0202416	0	0	0	-121.184	8.80368e-07	8.80368e-07	0	0	0	3.49049	-0.461554	0	3.95204		300	0.555463	-0.0333951	0.0166976	0.0166976	0	0	0	0.555463	0	-0.469668	-153.69	0	26.9754	26.9754	0	7.04502	0	0	0	0	0	0	0	0	0	0	0	0	0	0	0	0	0	0	0	0	0	0	0	0	0	0	0	0	0	0	0	0	0	
1	1	1	872	26.16		300	0	0	-0.0436	0.0202656	0.0202656	0	0	0	-121.261	8.80357e-07	8.80357e-07	0	0	0	3.49655	-0.45999	0	3.95654		300	0.556101	-0.0334387	0.0167193	0.0167193	0	0	0	0.556101	0	-0.469668	-153.69	0	26.9754	26.9754	0	7.04502	0	0	0	0	0	0	0	0	0	0	0	0	0	0	0	0	0	0	0	0	0	0	0	0	0	0	0	0	0	0	0	0	0	
1	1	1	873	26.19		300	0	0	-0.04365	0.0202897	0.0202897	0	0	0	-121.338	8.80347e-07	8.80346e-07	0	0	0	3.50261	-0.458422	0	3.96104		300	0.556739	-0.0334822	0.0167411	0.0167411	0	0	0	0.556739	0	-0.469668	-153.69	0	26.9754	26.9754	0	7.04502	0	0	0	0	0	0	0	0	0	0	0	0	0	0	0	0	0	0	0	0	0	0	0	0	0	0	0	0	0	0	0	0	0	
1	1	1	874	26.22		300	0	0	-0.0437	0.0203137	0.0203137	0	0	0	-121.415	8.80336e-07	8.80336e-07	0	0	0	3.50868	-0.45685	0	3.96553		300	0.557377	-0.0335257	0.0167629	0.0167629	0	0	0	0.557377	0	-0.469668	-153.69	0	26.9754	26.9754	0	7.04502	0	0	0	0	0	0	0	0	0	0	0	0	0	0	0	0	0	0	0	0	0	0	0	0	0	0	0	0	0	0	0	0	0	
1	1	1	875	26.25		300	0	0	-0.04375	0.0203377	0.0203377	0	0	0	-121.492	8.80325e-07	8.80325e-07	0	0	0	3.51476	-0.455273	0	3.97003		300	0.558015	-0.0335693	0.0167846	0.0167846	0	0	0	0.558015	0	-0.469668	-153.69	0	26.9754	26.9754	0	7.04502	0	0	0	0	0	0	0	0	0	0	0	0	0	0	0	0	0	0	0	0	0	0	0	0	0	0	0	0	0	0	0	0	0	
1	1	1	876	26.28		300	0	0	-0.0438	0.0203617	0.0203617	0	0	0	-121.569	8.80315e-07	8.80315e-07	0	0	0	3.52083	-0.453692	0	3.97452		300	0.558653	-0.0336128	0.0168064	0.0168064	0	0	0	0.558653	0	-0.469668	-153.69	0	26.9754	26.9754	0	7.04502	0	0	0	0	0	0	0	0	0	0	0	0	0	0	0	0	0	0	0	0	0	0	0	0	0	0	0	0	0	0	0	0	0	
1	1	1	877	26.31		300	0	0	-0.04385	0.0203858	0.0203858	0	0	0	-121.646	8.80305e-07	8.80305e-07	0	0	0	3.52691	-0.452107	0	3.97902		300	0.559291	-0.0336564	0.0168282	0.0168282	0	0	0	0.559291	0	-0.469668	-153.69	0	26.9754	26.9754	0	7.04502	0	0	0	0	0	0	0	0	0	0	0	0	0	0	0	0	0	0	0	0	0	0	0	0	0	0	0	0	0	0	0	0	0	
1	1	1	878	26.34		300	0	0	-0.0439	0.0204098	0.0204098	0	0	0	-121.723	8.80295e-07	8.80295e-07	0	0	0	3.533	-0.450517	0	3.98351		300	0.559928	-0.0336999	0.01685	0.01685	0	0	0	0.559928	0	-0.469668	-153.69	0	26.9754	26.9754	0	7.04502	0	0	0	0	0	0	0	0	0	0	0	0	0	0	0	0	0	0	0	0	0	0	0	0	0	0	0	0	0	0	0	0	0	
1	1	1	879	26.37		300	0	0	-0.04395	0.0204338	0.0204338	0	0	0	-121.801	8.80285e-07	8.80285e-07	0	0	0	3.53909	-0.448923	0	3.98801		300	0.560566	-0.0337435	0.0168717	0.0168717	0	0	0	0.560566	0	-0.469668	-153.69	0	26.9754	26.9754	0	7.04502	0	0	0	0	0	0	0	0	0	0	0	0	0	0	0	0	0	0	0	0	0	0	0	0	0	0	0	0	0	0	0	0	0	
1	1	1	880	26.4		300	0	0	-0.044	0.0204578	0.0204578	0	0	0	-121.878	8.80276e-07	8.80276e-07	0	0	0	3.54518	-0.447324	0	3.9925		300	0.561204	-0.033787	0.0168935	0.0168935	0	0	0	0.561204	0	-0.469668	-153.69	0	26.9754	26.9754	0	7.04502	0	0	0	0	0	0	0	0	0	0	0	0	0	0	0	0	0	0	0	0	0	0	0	0	0	0	0	0	0	0	0	0	0	
1	1	1	881	26.43		300	0	0	-0.04405	0.0204819	0.0204819	0	0	0	-121.955	8.80267e-07	8.80266e-07	0	0	0	3.55127	-0.445722	0	3.99699		300	0.561841	-0.0338305	0.0169153	0.0169153	0	0	0	0.561841	0	-0.469668	-153.69	0	26.9754	26.9754	0	7.04502	0	0	0	0	0	0	0	0	0	0	0	0	0	0	0	0	0	0	0	0	0	0	0	0	0	0	0	0	0	0	0	0	0	
1	1	1	882	26.46		300	0	0	-0.0441	0.0205059	0.0205059	0	0	0	-122.032	8.80257e-07	8.80257e-07	0	0	0	3.55737	-0.444114	0	4.00149		300	0.562478	-0.0338741	0.016937	0.016937	0	0	0	0.562478	0	-0.469668	-153.69	0	26.9754	26.9754	0	7.04502	0	0	0	0	0	0	0	0	0	0	0	0	0	0	0	0	0	0	0	0	0	0	0	0	0	0	0	0	0	0	0	0	0	
1	1	1	883	26.49		300	0	0	-0.04415	0.0205299	0.0205299	0	0	0	-122.109	8.80248e-07	8.80248e-07	0	0	0	3.56348	-0.442503	0	4.00598		300	0.563116	-0.0339176	0.0169588	0.0169588	0	0	0	0.563116	0	-0.469668	-153.69	0	26.9754	26.9754	0	7.04502	0	0	0	0	0	0	0	0	0	0	0	0	0	0	0	0	0	0	0	0	0	0	0	0	0	0	0	0	0	0	0	0	0	
1	1	1	884	26.52		300	0	0	-0.0442	0.0205539	0.0205539	0	0	0	-122.186	8.8024e-07	8.80239e-07	0	0	0	3.56958	-0.440886	0	4.01047		300	0.563753	-0.0339611	0.0169806	0.0169806	0	0	0	0.563753	0	-0.469668	-153.69	0	26.9754	26.9754	0	7.04502	0	0	0	0	0	0	0	0	0	0	0	0	0	0	0	0	0	0	0	0	0	0	0	0	0	0	0	0	0	0	0	0	0	
1	1	1	885	26.55		300	0	0	-0.04425	0.020578	0.020578	0	0	0	-122.263	8.80231e-07	8.80231e-07	0	0	0	3.57569	-0.439266	0	4.01496		300	0.56439	-0.0340047	0.0170023	0.0170023	0	0	0	0.56439	0	-0.469668	-153.69	0	26.9754	26.9754	0	7.04502	0	0	0	0	0	0	0	0	0	0	0	0	0	0	0	0	0	0	0	0	0	0	0	0	0	0	0	0	0	0	0	0	0	
1	1	1	886	26.58		300	0	0	-0.0443	0.020602	0.020602	0	0	0	-122.341	8.80222e-07	8.80222e-07	0	0	0	3.58181	-0.437641	0	4.01945		300	0.565027	-0.0340482	0.0170241	0.0170241	0	0	0	0.565027	0	-0.469668	-153.69	0	26.9754	26.9754	0	7.04502	0	0	0	0	0	0	0	0	0	0	0	0	0	0	0	0	0	0	0	0	0	0	0	0	0	0	0	0	0	0	0	0	0	
1	1	1	887	26.61		300	0	0	-0.04435	0.020626	0.020626	0	0	0	-122.418	8.80214e-07	8.80214e-07	0	0	0	3.58793	-0.436012	0	4.02394		300	0.565664	-0.0340917	0.0170459	0.0170459	0	0	0	0.565664	0	-0.469668	-153.69	0	26.9754	26.9754	0	7.04502	0	0	0	0	0	0	0	0	0	0	0	0	0	0	0	0	0	0	0	0	0	0	0	0	0	0	0	0	0	0	0	0	0	
1	1	1	888	26.64		300	0	0	-0.0444	0.02065	0.02065	0	0	0	-122.495	8.80206e-07	8.80206e-07	0	0	0	3.59405	-0.434378	0	4.02843		300	0.566301	-0.0341353	0.0170676	0.0170676	0	0	0	0.566301	0	-0.469668	-153.69	0	26.9754	26.9754	0	7.04502	0	0	0	0	0	0	0	0	0	0	0	0	0	0	0	0	0	0	0	0	0	0	0	0	0	0	0	0	0	0	0	0	0	
1	1	1	889	26.67		300	0	0	-0.04445	0.020674	0.020674	0	0	0	-122.572	8.80198e-07	8.80198e-07	0	0	0	3.60018	-0.43274	0	4.03292		300	0.566938	-0.0341788	0.0170894	0.0170894	0	0	0	0.566938	0	-0.469668	-153.69	0	26.9754	26.9754	0	7.04502	0	0	0	0	0	0	0	0	0	0	0	0	0	0	0	0	0	0	0	0	0	0	0	0	0	0	0	0	0	0	0	0	0	
1	1	1	890	26.7		300	0	0	-0.0445	0.0206981	0.0206981	0	0	0	-122.649	8.8019e-07	8.8019e-07	0	0	0	3.60631	-0.431098	0	4.03741		300	0.567575	-0.0342223	0.0171112	0.0171112	0	0	0	0.567575	0	-0.469668	-153.69	0	26.9754	26.9754	0	7.04502	0	0	0	0	0	0	0	0	0	0	0	0	0	0	0	0	0	0	0	0	0	0	0	0	0	0	0	0	0	0	0	0	0	
1	1	1	891	26.73		300	0	0	-0.04455	0.0207221	0.0207221	0	0	0	-122.727	8.80183e-07	8.80182e-07	0	0	0	3.61244	-0.429451	0	4.04189		300	0.568212	-0.0342658	0.0171329	0.0171329	0	0	0	0.568212	0	-0.469668	-153.69	0	26.9754	26.9754	0	7.04502	0	0	0	0	0	0	0	0	0	0	0	0	0	0	0	0	0	0	0	0	0	0	0	0	0	0	0	0	0	0	0	0	0	
1	1	1	892	26.76		300	0	0	-0.0446	0.0207461	0.0207461	0	0	0	-122.804	8.80175e-07	8.80175e-07	0	0	0	3.61858	-0.427799	0	4.04638		300	0.568848	-0.0343094	0.0171547	0.0171547	0	0	0	0.568848	0	-0.469668	-153.69	0	26.9754	26.9754	0	7.04502	0	0	0	0	0	0	0	0	0	0	0	0	0	0	0	0	0	0	0	0	0	0	0	0	0	0	0	0	0	0	0	0	0	
1	1	1	893	26.79		300	0	0	-0.04465	0.0207701	0.0207701	0	0	0	-122.881	8.80168e-07	8.80168e-07	0	0	0	3.62472	-0.426144	0	4.05087		300	0.569485	-0.0343529	0.0171764	0.0171764	0	0	0	0.569485	0	-0.469668	-153.69	0	26.9754	26.9754	0	7.04502	0	0	0	0	0	0	0	0	0	0	0	0	0	0	0	0	0	0	0	0	0	0	0	0	0	0	0	0	0	0	0	0	0	
1	1	1	894	26.82		300	0	0	-0.0447	0.0207942	0.0207942	0	0	0	-122.958	8.80161e-07	8.8016e-07	0	0	0	3.63087	-0.424484	0	4.05535		300	0.570121	-0.0343964	0.0171982	0.0171982	0	0	0	0.570121	0	-0.469668	-153.69	0	26.9754	26.9754	0	7.04502	0	0	0	0	0	0	0	0	0	0	0	0	0	0	0	0	0	0	0	0	0	0	0	0	0	0	0	0	0	0	0	0	0	
1	1	1	895	26.85		300	0	0	-0.04475	0.0208182	0.0208182	0	0	0	-123.036	8.80154e-07	8.80153e-07	0	0	0	3.63702	-0.422819	0	4.05984		300	0.570758	-0.0344399	0.01722	0.01722	0	0	0	0.570758	0	-0.469668	-153.69	0	26.9754	26.9754	0	7.04502	0	0	0	0	0	0	0	0	0	0	0	0	0	0	0	0	0	0	0	0	0	0	0	0	0	0	0	0	0	0	0	0	0	
1	1	1	896	26.88		300	0	0	-0.0448	0.0208422	0.0208422	0	0	0	-123.113	8.80147e-07	8.80147e-07	0	0	0	3.64317	-0.42115	0	4.06432		300	0.571394	-0.0344835	0.0172417	0.0172417	0	0	0	0.571394	0	-0.469668	-153.69	0	26.9754	26.9754	0	7.04502	0	0	0	0	0	0	0	0	0	0	0	0	0	0	0	0	0	0	0	0	0	0	0	0	0	0	0	0	0	0	0	0	0	
1	1	1	897	26.91		300	0	0	-0.04485	0.0208662	0.0208662	0	0	0	-123.19	8.8014e-07	8.8014e-07	0	0	0	3.64933	-0.419477	0	4.06881		300	0.57203	-0.034527	0.0172635	0.0172635	0	0	0	0.57203	0	-0.469668	-153.69	0	26.9754	26.9754	0	7.04502	0	0	0	0	0	0	0	0	0	0	0	0	0	0	0	0	0	0	0	0	0	0	0	0	0	0	0	0	0	0	0	0	0	
1	1	1	898	26.94		300	0	0	-0.0449	0.0208902	0.0208902	0	0	0	-123.268	8.80134e-07	8.80134e-07	0	0	0	3.65549	-0.417799	0	4.07329		300	0.572667	-0.0345705	0.0172852	0.0172852	0	0	0	0.572667	0	-0.469668	-153.69	0	26.9754	26.9754	0	7.04502	0	0	0	0	0	0	0	0	0	0	0	0	0	0	0	0	0	0	0	0	0	0	0	0	0	0	0	0	0	0	0	0	0	
1	1	1	899	26.97		300	0	0	-0.04495	0.0209143	0.0209143	0	0	0	-123.345	8.80128e-07	8.80127e-07	0	0	0	3.66166	-0.416117	0	4.07777		300	0.573303	-0.034614	0.017307	0.017307	0	0	0	0.573303	0	-0.469668	-153.69	0	26.9754	26.9754	0	7.04502	0	0	0	0	0	0	0	0	0	0	0	0	0	0	0	0	0	0	0	0	0	0	0	0	0	0	0	0	0	0	0	0	0	
1	1	1	900	27		300	0	0	-0.045	0.0209383	0.0209383	0	0	0	-123.423	8.80121e-07	8.80121e-07	0	0	0	3.66783	-0.414431	0	4.08226		300	0.573939	-0.0346575	0.0173288	0.0173288	0	0	0	0.573939	0	-0.469668	-153.69	0	26.9754	26.9754	0	7.04502	0	0	0	0	0	0	0	0	0	0	0	0	0	0	0	0	0	0	0	0	0	0	0	0	0	0	0	0	0	0	0	0	0	
1	1	1	901	27.03		300	0	0	-0.04505	0.0209623	0.0209623	0	0	0	-123.5	8.80116e-07	8.80115e-07	0	0	0	3.674	-0.41274	0	4.08674		300	0.574575	-0.034701	0.0173505	0.0173505	0	0	0	0.574575	0	-0.469668	-153.69	0	26.9754	26.9754	0	7.04502	0	0	0	0	0	0	0	0	0	0	0	0	0	0	0	0	0	0	0	0	0	0	0	0	0	0	0	0	0	0	0	0	0	
1	1	1	902	27.06		300	0	0	-0.0451	0.0209863	0.0209863	0	0	0	-123.577	8.8011e-07	8.80109e-07	0	0	0	3.68018	-0.411044	0	4.09122		300	0.57521	-0.0347446	0.0173723	0.0173723	0	0	0	0.57521	0	-0.469668	-153.69	0	26.9754	26.9754	0	7.04502	0	0	0	0	0	0	0	0	0	0	0	0	0	0	0	0	0	0	0	0	0	0	0	0	0	0	0	0	0	0	0	0	0	
1	1	1	903	27.09		300	0	0	-0.04515	0.0210103	0.0210103	0	0	0	-123.655	8.80104e-07	8.80104e-07	0	0	0	3.68636	-0.409344	0	4.0957		300	0.575846	-0.0347881	0.017394	0.017394	0	0	0	0.575846	0	-0.469668	-153.69	0	26.9754	26.9754	0	7.04502	0	0	0	0	0	0	0	0	0	0	0	0	0	0	0	0	0	0	0	0	0	0	0	0	0	0	0	0	0	0	0	0	0	
1	1	1	904	27.12		300	0	0	-0.0452	0.0210344	0.0210344	0	0	0	-123.732	8.80099e-07	8.80098e-07	0	0	0	3.69254	-0.40764	0	4.10018		300	0.576482	-0.0348316	0.0174158	0.0174158	0	0	0	0.576482	0	-0.469668	-153.69	0	26.9754	26.9754	0	7.04502	0	0	0	0	0	0	0	0	0	0	0	0	0	0	0	0	0	0	0	0	0	0	0	0	0	0	0	0	0	0	0	0	0	
1	1	1	905	27.15		300	0	0	-0.04525	0.0210584	0.0210584	0	0	0	-123.81	8.80093e-07	8.80093e-07	0	0	0	3.69873	-0.405932	0	4.10466		300	0.577118	-0.0348751	0.0174375	0.0174375	0	0	0	0.577118	0	-0.469668	-153.69	0	26.9754	26.9754	0	7.04502	0	0	0	0	0	0	0	0	0	0	0	0	0	0	0	0	0	0	0	0	0	0	0	0	0	0	0	0	0	0	0	0	0	
1	1	1	906	27.18		300	0	0	-0.0453	0.0210824	0.0210824	0	0	0	-123.887	8.80088e-07	8.80088e-07	0	0	0	3.70492	-0.404218	0	4.10914		300	0.577753	-0.0349186	0.0174593	0.0174593	0	0	0	0.577753	0	-0.469668	-153.69	0	26.9754	26.9754	0	7.04502	0	0	0	0	0	0	0	0	0	0	0	0	0	0	0	0	0	0	0	0	0	0	0	0	0	0	0	0	0	0	0	0	0	
1	1	1	907	27.21		300	0	0	-0.04535	0.0211064	0.0211064	0	0	0	-123.965	8.80083e-07	8.80083e-07	0	0	0	3.71112	-0.402501	0	4.11362		300	0.578389	-0.0349621	0.017481	0.017481	0	0	0	0.578389	0	-0.469668	-153.69	0	26.9754	26.9754	0	7.04502	0	0	0	0	0	0	0	0	0	0	0	0	0	0	0	0	0	0	0	0	0	0	0	0	0	0	0	0	0	0	0	0	0	
1	1	1	908	27.24		300	0	0	-0.0454	0.0211304	0.0211304	0	0	0	-124.042	8.80078e-07	8.80078e-07	0	0	0	3.71732	-0.400779	0	4.1181		300	0.579024	-0.0350056	0.0175028	0.0175028	0	0	0	0.579024	0	-0.469668	-153.69	0	26.9754	26.9754	0	7.04502	0	0	0	0	0	0	0	0	0	0	0	0	0	0	0	0	0	0	0	0	0	0	0	0	0	0	0	0	0	0	0	0	0	
1	1	1	909	27.27		300	0	0	-0.04545	0.0211545	0.0211545	0	0	0	-124.12	8.80074e-07	8.80074e-07	0	0	0	3.72352	-0.399053	0	4.12258		300	0.579659	-0.0350491	0.0175246	0.0175246	0	0	0	0.579659	0	-0.469668	-153.69	0	26.9754	26.9754	0	7.04502	0	0	0	0	0	0	0	0	0	0	0	0	0	0	0	0	0	0	0	0	0	0	0	0	0	0	0	0	0	0	0	0	0	
1	1	1	910	27.3		300	0	0	-0.0455	0.0211785	0.0211785	0	0	0	-124.197	8.80069e-07	8.80069e-07	0	0	0	3.72973	-0.397322	0	4.12705		300	0.580295	-0.0350926	0.0175463	0.0175463	0	0	0	0.580295	0	-0.469668	-153.69	0	26.9754	26.9754	0	7.04502	0	0	0	0	0	0	0	0	0	0	0	0	0	0	0	0	0	0	0	0	0	0	0	0	0	0	0	0	0	0	0	0	0	
1	1	1	911	27.33		300	0	0	-0.04555	0.0212025	0.0212025	0	0	0	-124.275	8.80065e-07	8.80065e-07	0	0	0	3.73594	-0.395587	0	4.13153		300	0.58093	-0.0351361	0.0175681	0.0175681	0	0	0	0.58093	0	-0.469668	-153.69	0	26.9754	26.9754	0	7.04502	0	0	0	0	0	0	0	0	0	0	0	0	0	0	0	0	0	0	0	0	0	0	0	0	0	0	0	0	0	0	0	0	0	
1	1	1	912	27.36		300	0	0	-0.0456	0.0212265	0.0212265	0	0	0	-124.352	8.80061e-07	8.8006e-07	0	0	0	3.74216	-0.393847	0	4.13601		300	0.581565	-0.0351796	0.0175898	0.0175898	0	0	0	0.581565	0	-0.469668	-153.69	0	26.9754	26.9754	0	7.04502	0	0	0	0	0	0	0	0	0	0	0	0	0	0	0	0	0	0	0	0	0	0	0	0	0	0	0	0	0	0	0	0	0	
1	1	1	913	27.39		300	0	0	-0.04565	0.0212505	0.0212505	0	0	0	-124.43	8.80057e-07	8.80056e-07	0	0	0	3.74838	-0.392103	0	4.14048		300	0.5822	-0.0352231	0.0176116	0.0176116	0	0	0	0.5822	0	-0.469668	-153.69	0	26.9754	26.9754	0	7.04502	0	0	0	0	0	0	0	0	0	0	0	0	0	0	0	0	0	0	0	0	0	0	0	0	0	0	0	0	0	0	0	0	0	
1	1	1	914	27.42		300	0	0	-0.0457	0.0212746	0.0212746	0	0	0	-124.508	8.80053e-07	8.80053e-07	0	0	0	3.7546	-0.390354	0	4.14496		300	0.582835	-0.0352666	0.0176333	0.0176333	0	0	0	0.582835	0	-0.469668	-153.69	0	26.9754	26.9754	0	7.04502	0	0	0	0	0	0	0	0	0	0	0	0	0	0	0	0	0	0	0	0	0	0	0	0	0	0	0	0	0	0	0	0	0	
1	1	1	915	27.45		300	0	0	-0.04575	0.0212986	0.0212986	0	0	0	-124.585	8.80049e-07	8.80049e-07	0	0	0	3.76083	-0.388601	0	4.14943		300	0.58347	-0.0353101	0.017655	0.017655	0	0	0	0.58347	0	-0.469668	-153.69	0	26.9754	26.9754	0	7.04502	0	0	0	0	0	0	0	0	0	0	0	0	0	0	0	0	0	0	0	0	0	0	0	0	0	0	0	0	0	0	0	0	0	
1	1	1	916	27.48		300	0	0	-0.0458	0.0213226	0.0213226	0	0	0	-124.663	8.80046e-07	8.80045e-07	0	0	0	3.76706	-0.386844	0	4.1539		300	0.584104	-0.0353536	0.0176768	0.0176768	0	0	0	0.584104	0	-0.469668	-153.69	0	26.9754	26.9754	0	7.04502	0	0	0	0	0	0	0	0	0	0	0	0	0	0	0	0	0	0	0	0	0	0	0	0	0	0	0	0	0	0	0	0	0	
1	1	1	917	27.51		300	0	0	-0.04585	0.0213466	0.0213466	0	0	0	-124.741	8.80042e-07	8.80042e-07	0	0	0	3.7733	-0.385082	0	4.15838		300	0.584739	-0.0353971	0.0176985	0.0176985	0	0	0	0.584739	0	-0.469668	-153.69	0	26.9754	26.9754	0	7.04502	0	0	0	0	0	0	0	0	0	0	0	0	0	0	0	0	0	0	0	0	0	0	0	0	0	0	0	0	0	0	0	0	0	
1	1	1	918	27.54		300	0	0	-0.0459	0.0213706	0.0213706	0	0	0	-124.818	8.80039e-07	8.80039e-07	0	0	0	3.77953	-0.383316	0	4.16285		300	0.585374	-0.0354406	0.0177203	0.0177203	0	0	0	0.585374	0	-0.469668	-153.69	0	26.9754	26.9754	0	7.04502	0	0	0	0	0	0	0	0	0	0	0	0	0	0	0	0	0	0	0	0	0	0	0	0	0	0	0	0	0	0	0	0	0	
1	1	1	919	27.57		300	0	0	-0.04595	0.0213946	0.0213946	0	0	0	-124.896	8.80036e-07	8.80036e-07	0	0	0	3.78578	-0.381545	0	4.16732		300	0.586008	-0.035484	0.017742	0.017742	0	0	0	0.586008	0	-0.469668	-153.69	0	26.9754	26.9754	0	7.04502	0	0	0	0	0	0	0	0	0	0	0	0	0	0	0	0	0	0	0	0	0	0	0	0	0	0	0	0	0	0	0	0	0	
1	1	1	920	27.6		300	0	0	-0.046	0.0214187	0.0214187	0	0	0	-124.974	8.80033e-07	8.80033e-07	0	0	0	3.79202	-0.37977	0	4.17179		300	0.586643	-0.0355275	0.0177638	0.0177638	0	0	0	0.586643	0	-0.469668	-153.69	0	26.9754	26.9754	0	7.04502	0	0	0	0	0	0	0	0	0	0	0	0	0	0	0	0	0	0	0	0	0	0	0	0	0	0	0	0	0	0	0	0	0	
1	1	1	921	27.63		300	0	0	-0.04605	0.0214427	0.0214427	0	0	0	-125.052	1.92788e-07	1.92788e-07	0	0	0	3.79827	-0.37799	0	4.17626		300	0.587277	-0.035571	0.0177855	0.0177855	0	0	0	0.587277	0	-0.469668	-153.69	0	26.9754	26.9754	0	7.04502	0	0	0	0	0	0	0	0	0	0	0	0	0	0	0	0	0	0	0	0	0	0	0	0	0	0	0	0	0	0	0	0	0	
1	1	1	922	27.66		300	0	0	-0.0461	0.0214667	0.0214667	0	0	0	-125.129	-4.56536e-07	-4.56537e-07	0	0	0	3.80453	-0.376206	0	4.18074		300	0.587911	-0.0356145	0.0178073	0.0178073	0	0	0	0.587911	0	-0.469668	-153.69	0	26.9754	26.9754	0	7.04502	0	0	0	0	0	0	0	0	0	0	0	0	0	0	0	0	0	0	0	0	0	0	0	0	0	0	0	0	0	0	0	0	0	
1	1	1	923	27.69		300	0	0	-0.04615	0.0214907	0.0214907	0	0	0	-125.207	-1.06791e-06	-1.06791e-06	0	0	0	3.81079	-0.374417	0	4.18521		300	0.588545	-0.035658	0.017829	0.017829	0	0	0	0.588545	0	-0.469668	-153.69	0	26.9754	26.9754	0	7.04502	0	0	0	0	0	0	0	0	0	0	0	0	0	0	0	0	0	0	0	0	0	0	0	0	0	0	0	0	0	0	0	0	0	
1	1	1	924	27.72		300	0	0	-0.0462	0.0215147	0.0215147	0	0	0	-125.285	-1.6413e-06	-1.6413e-06	0	0	0	3.81705	-0.372624	0	4.18967		300	0.58918	-0.0357015	0.0178507	0.0178507	0	0	0	0.58918	0	-0.469668	-153.69	0	26.9754	26.9754	0	7.04502	0	0	0	0	0	0	0	0	0	0	0	0	0	0	0	0	0	0	0	0	0	0	0	0	0	0	0	0	0	0	0	0	0	
1	1	1	925	27.75		300	0	0	-0.04625	0.0215387	0.0215387	0	0	0	-125.363	-2.17668e-06	-2.17668e-06	0	0	0	3.82332	-0.370827	0	4.19414		300	0.589814	-0.0357449	0.0178725	0.0178725	0	0	0	0.589814	0	-0.469668	-153.69	0	26.9754	26.9754	0	7.04502	0	0	0	0	0	0	0	0	0	0	0	0	0	0	0	0	0	0	0	0	0	0	0	0	0	0	0	0	0	0	0	0	0	
1	1	1	926	27.78		300	0	0	-0.0463	0.0215628	0.0215628	0	0	0	-125.441	-2.67402e-06	-2.67402e-06	0	0	0	3.82959	-0.369025	0	4.19861		300	0.590448	-0.0357884	0.0178942	0.0178942	0	0	0	0.590448	0	-0.469668	-153.69	0	26.9754	26.9754	0	7.04502	0	0	0	0	0	0	0	0	0	0	0	0	0	0	0	0	0	0	0	0	0	0	0	0	0	0	0	0	0	0	0	0	0	
1	1	1	927	27.81		300	0	0	-0.04635	0.0215868	0.0215868	0	0	0	-125.519	-3.13327e-06	-3.13327e-06	0	0	0	3.83586	-0.367218	0	4.20308		300	0.591081	-0.0358319	0.0179159	0.0179159	0	0	0	0.591081	0	-0.469668	-153.69	0	26.9754	26.9754	0	7.04502	0	0	0	0	0	0	0	0	0	0	0	0	0	0	0	0	0	0	0	0	0	0	0	0	0	0	0	0	0	0	0	0	0	
1	1	1	928	27.84		300	0	0	-0.0464	0.0216108	0.0216108	0	0	0	-125.596	-3.55442e-06	-3.55442e-06	0	0	0	3.84214	-0.365407	0	4.20755		300	0.591715	-0.0358754	0.0179377	0.0179377	0	0	0	0.591715	0	-0.469668	-153.69	0	26.9754	26.9754	0	7.04502	0	0	0	0	0	0	0	0	0	0	0	0	0	0	0	0	0	0	0	0	0	0	0	0	0	0	0	0	0	0	0	0	0	
1	1	1	929	27.87		300	0	0	-0.04645	0.0216348	0.0216348	0	0	0	-125.674	-3.93742e-06	-3.93742e-06	0	0	0	3.84842	-0.363592	0	4.21201		300	0.592349	-0.0359188	0.0179594	0.0179594	0	0	0	0.592349	0	-0.469668	-153.69	0	26.9754	26.9754	0	7.04502	0	0	0	0	0	0	0	0	0	0	0	0	0	0	0	0	0	0	0	0	0	0	0	0	0	0	0	0	0	0	0	0	0	
1	1	1	930	27.9		300	0	0	-0.0465	0.0216588	0.0216588	0	0	0	-125.752	-4.28225e-06	-4.28225e-06	0	0	0	3.85471	-0.361772	0	4.21648		300	0.592983	-0.0359623	0.0179812	0.0179812	0	0	0	0.592983	0	-0.469668	-153.69	0	26.9754	26.9754	0	7.04502	0	0	0	0	0	0	0	0	0	0	0	0	0	0	0	0	0	0	0	0	0	0	0	0	0	0	0	0	0	0	0	0	0	
1	1	1	931	27.93		300	0	0	-0.04655	0.0216828	0.0216828	0	0	0	-125.83	-4.58886e-06	-4.58886e-06	0	0	0	3.861	-0.359948	0	4.22094		300	0.593616	-0.0360058	0.0180029	0.0180029	0	0	0	0.593616	0	-0.469668	-153.69	0	26.9754	26.9754	0	7.04502	0	0	0	0	0	0	0	0	0	0	0	0	0	0	0	0	0	0	0	0	0	0	0	0	0	0	0	0	0	0	0	0	0	
1	1	1	932	27.96		300	0	0	-0.0466	0.0217068	0.0217068	0	0	0	-125.908	-4.85722e-06	-4.85722e-06	0	0	0	3.86729	-0.358119	0	4.22541		300	0.59425	-0.0360492	0.0180246	0.0180246	0	0	0	0.59425	0	-0.469668	-153.69	0	26.9754	26.9754	0	7.04502	0	0	0	0	0	0	0	0	0	0	0	0	0	0	0	0	0	0	0	0	0	0	0	0	0	0	0	0	0	0	0	0	0	
1	1	1	933	27.99		300	0	0	-0.04665	0.0217308	0.0217308	0	0	0	-125.986	-5.08729e-06	-5.08729e-06	0	0	0	3.87359	-0.356286	0	4.22987		300	0.594883	-0.0360927	0.0180463	0.0180463	0	0	0	0.594883	0	-0.469668	-153.69	0	26.9754	26.9754	0	7.04502	0	0	0	0	0	0	0	0	0	0	0	0	0	0	0	0	0	0	0	0	0	0	0	0	0	0	0	0	0	0	0	0	0	
1	1	1	934	28.02		300	0	0	-0.0467	0.0217549	0.0217549	0	0	0	-126.064	-5.27905e-06	-5.27905e-06	0	0	0	3.87989	-0.354448	0	4.23434		300	0.595516	-0.0361362	0.0180681	0.0180681	0	0	0	0.595516	0	-0.469668	-153.69	0	26.9754	26.9754	0	7.04502	0	0	0	0	0	0	0	0	0	0	0	0	0	0	0	0	0	0	0	0	0	0	0	0	0	0	0	0	0	0	0	0	0	
1	1	1	935	28.05		300	0	0	-0.04675	0.0217789	0.0217789	0	0	0	-126.142	-5.43244e-06	-5.43244e-06	0	0	0	3.88619	-0.352606	0	4.2388		300	0.59615	-0.0361796	0.0180898	0.0180898	0	0	0	0.59615	0	-0.469668	-153.69	0	26.9754	26.9754	0	7.04502	0	0	0	0	0	0	0	0	0	0	0	0	0	0	0	0	0	0	0	0	0	0	0	0	0	0	0	0	0	0	0	0	0	
1	1	1	936	28.08		300	0	0	-0.0468	0.0218029	0.0218029	0	0	0	-126.22	-5.54744e-06	-5.54744e-06	0	0	0	3.8925	-0.350759	0	4.24326		300	0.596783	-0.0362231	0.0181115	0.0181115	0	0	0	0.596783	0	-0.469668	-153.69	0	26.9754	26.9754	0	7.04502	0	0	0	0	0	0	0	0	0	0	0	0	0	0	0	0	0	0	0	0	0	0	0	0	0	0	0	0	0	0	0	0	0	
1	1	1	937	28.11		300	0	0	-0.04685	0.0218269	0.0218269	0	0	0	-126.299	-5.624e-06	-5.624e-06	0	0	0	3.89881	-0.348908	0	4.24772		300	0.597416	-0.0362665	0.0181333	0.0181333	0	0	0	0.597416	0	-0.469668	-153.69	0	26.9754	26.9754	0	7.04502	0	0	0	0	0	0	0	0	0	0	0	0	0	0	0	0	0	0	0	0	0	0	0	0	0	0	0	0	0	0	0	0	0	
1	1	1	938	28.14		300	0	0	-0.0469	0.0218509	0.0218509	0	0	0	-126.377	-5.66209e-06	-5.66209e-06	0	0	0	3.90513	-0.347052	0	4.25218		300	0.598049	-0.03631	0.018155	0.018155	0	0	0	0.598049	0	-0.469668	-153.69	0	26.9754	26.9754	0	7.04502	0	0	0	0	0	0	0	0	0	0	0	0	0	0	0	0	0	0	0	0	0	0	0	0	0	0	0	0	0	0	0	0	0	
1	1	1	939	28.17		300	0	0	-0.04695	0.0218749	0.0218749	0	0	0	-126.455	-5.66166e-06	-5.66166e-06	0	0	0	3.91145	-0.345192	0	4.25664		300	0.598682	-0.0363534	0.0181767	0.0181767	0	0	0	0.598682	0	-0.469668	-153.69	0	26.9754	26.9754	0	7.04502	0	0	0	0	0	0	0	0	0	0	0	0	0	0	0	0	0	0	0	0	0	0	0	0	0	0	0	0	0	0	0	0	0	
1	1	1	940	28.2		300	0	0	-0.047	0.0218989	0.0218989	0	0	0	-126.533	-5.62267e-06	-5.62267e-06	0	0	0	3.91778	-0.343327	0	4.2611		300	0.599314	-0.0363969	0.0181984	0.0181984	0	0	0	0.599314	0	-0.469668	-153.69	0	26.9754	26.9754	0	7.04502	0	0	0	0	0	0	0	0	0	0	0	0	0	0	0	0	0	0	0	0	0	0	0	0	0	0	0	0	0	0	0	0	0	
1	1	1	941	28.23		300	0	0	-0.04705	0.0219229	0.0219229	0	0	0	-126.611	-5.54509e-06	-5.54509e-06	0	0	0	3.92411	-0.341458	0	4.26556		300	0.599947	-0.0364403	0.0182202	0.0182202	0	0	0	0.599947	0	-0.469668	-153.69	0	26.9754	26.9754	0	7.04502	0	0	0	0	0	0	0	0	0	0	0	0	0	0	0	0	0	0	0	0	0	0	0	0	0	0	0	0	0	0	0	0	0	
1	1	1	942	28.26		300	0	0	-0.0471	0.021947	0.021947	0	0	0	-126.689	-5.42886e-06	-5.42886e-06	0	0	0	3.93044	-0.339585	0	4.27002		300	0.60058	-0.0364838	0.0182419	0.0182419	0	0	0	0.60058	0	-0.469668	-153.69	0	26.9754	26.9754	0	7.04502	0	0	0	0	0	0	0	0	0	0	0	0	0	0	0	0	0	0	0	0	0	0	0	0	0	0	0	0	0	0	0	0	0	
1	1	1	943	28.29		300	0	0	-0.04715	0.021971	0.021971	0	0	0	-126.768	-5.27396e-06	-5.27396e-06	0	0	0	3.93677	-0.337706	0	4.27448		300	0.601212	-0.0365272	0.0182636	0.0182636	0	0	0	0.601212	0	-0.469668	-153.69	0	26.9754	26.9754	0	7.04502	0	0	0	0	0	0	0	0	0	0	0	0	0	0	0	0	0	0	0	0	0	0	0	0	0	0	0	0	0	0	0	0	0	
1	1	1	944	28.32		300	0	0	-0.0472	0.021995	0.021995	0	0	0	-126.846	-5.08033e-06	-5.08033e-06	0	0	0	3.94311	-0.335824	0	4.27894		300	0.601845	-0.0365707	0.0182853	0.0182853	0	0	0	0.601845	0	-0.469668	-153.69	0	26.9754	26.9754	0	7.04502	0	0	0	0	0	0	0	0	0	0	0	0	0	0	0	0	0	0	0	0	0	0	0	0	0	0	0	0	0	0	0	0	0	
1	1	1	945	28.35		300	0	0	-0.04725	0.022019	0.022019	0	0	0	-126.924	-4.84793e-06	-4.84793e-06	0	0	0	3.94946	-0.333937	0	4.2834		300	0.602477	-0.0366141	0.0183071	0.0183071	0	0	0	0.602477	0	-0.469668	-153.69	0	26.9754	26.9754	0	7.04502	0	0	0	0	0	0	0	0	0	0	0	0	0	0	0	0	0	0	0	0	0	0	0	0	0	0	0	0	0	0	0	0	0	
1	1	1	946	28.38		300	0	0	-0.0473	0.022043	0.022043	0	0	0	-127.002	-4.57672e-06	-4.57672e-06	0	0	0	3.95581	-0.332045	0	4.28785		300	0.60311	-0.0366575	0.0183288	0.0183288	0	0	0	0.60311	0	-0.469668	-153.69	0	26.9754	26.9754	0	7.04502	0	0	0	0	0	0	0	0	0	0	0	0	0	0	0	0	0	0	0	0	0	0	0	0	0	0	0	0	0	0	0	0	0	
1	1	1	947	28.41		300	0	0	-0.04735	0.022067	0.022067	0	0	0	-127.081	-4.26665e-06	-4.26665e-06	0	0	0	3.96216	-0.330149	0	4.29231		300	0.603742	-0.036701	0.0183505	0.0183505	0	0	0	0.603742	0	-0.469668	-153.69	0	26.9754	26.9754	0	7.04502	0	0	0	0	0	0	0	0	0	0	0	0	0	0	0	0	0	0	0	0	0	0	0	0	0	0	0	0	0	0	0	0	0	
1	1	1	948	28.44		300	0	0	-0.0474	0.022091	0.022091	0	0	0	-127.159	-3.91768e-06	-3.91768e-06	0	0	0	3.96852	-0.328248	0	4.29676		300	0.604374	-0.0367444	0.0183722	0.0183722	0	0	0	0.604374	0	-0.469668	-153.69	0	26.9754	26.9754	0	7.04502	0	0	0	0	0	0	0	0	0	0	0	0	0	0	0	0	0	0	0	0	0	0	0	0	0	0	0	0	0	0	0	0	0	
1	1	1	949	28.47		300	0	0	-0.04745	0.022115	0.022115	0	0	0	-127.237	-3.52976e-06	-3.52976e-06	0	0	0	3.97488	-0.326343	0	4.30122		300	0.605006	-0.0367879	0.0183939	0.0183939	0	0	0	0.605006	0	-0.469668	-153.69	0	26.9754	26.9754	0	7.04502	0	0	0	0	0	0	0	0	0	0	0	0	0	0	0	0	0	0	0	0	0	0	0	0	0	0	0	0	0	0	0	0	0	
1	1	1	950	28.5		300	0	0	-0.0475	0.022139	0.022139	0	0	0	-127.316	-3.10284e-06	-3.10284e-06	0	0	0	3.98124	-0.324433	0	4.30567		300	0.605638	-0.0368313	0.0184156	0.0184156	0	0	0	0.605638	0	-0.469668	-153.69	0	26.9754	26.9754	0	7.04502	0	0	0	0	0	0	0	0	0	0	0	0	0	0	0	0	0	0	0	0	0	0	0	0	0	0	0	0	0	0	0	0	0	
1	1	1	951	28.53		300	0	0	-0.04755	0.022163	0.022163	0	0	0	-127.394	-2.63688e-06	-2.63688e-06	0	0	0	3.98761	-0.322519	0	4.31013		300	0.60627	-0.0368747	0.0184374	0.0184374	0	0	0	0.60627	0	-0.469668	-153.69	0	26.9754	26.9754	0	7.04502	0	0	0	0	0	0	0	0	0	0	0	0	0	0	0	0	0	0	0	0	0	0	0	0	0	0	0	0	0	0	0	0	0	
1	1	1	952	28.56		300	0	0	-0.0476	0.022187	0.022187	0	0	0	-127.473	-2.13182e-06	-2.13182e-06	0	0	0	3.99398	-0.3206	0	4.31458		300	0.606902	-0.0369181	0.0184591	0.0184591	0	0	0	0.606902	0	-0.469668	-153.69	0	26.9754	26.9754	0	7.04502	0	0	0	0	0	0	0	0	0	0	0	0	0	0	0	0	0	0	0	0	0	0	0	0	0	0	0	0	0	0	0	0	0	
1	1	1	953	28.59		300	0	0	-0.04765	0.022211	0.022211	0	0	0	-127.551	-1.58762e-06	-1.58762e-06	0	0	0	4.00035	-0.318677	0	4.31903		300	0.607533	-0.0369616	0.0184808	0.0184808	0	0	0	0.607533	0	-0.469668	-153.69	0	26.9754	26.9754	0	7.04502	0	0	0	0	0	0	0	0	0	0	0	0	0	0	0	0	0	0	0	0	0	0	0	0	0	0	0	0	0	0	0	0	0	
1	1	1	954	28.62		300	0	0	-0.0477	0.0222351	0.0222351	0	0	0	-127.63	-1.00423e-06	-1.00423e-06	0	0	0	4.00673	-0.316749	0	4.32348		300	0.608165	-0.037005	0.0185025	0.0185025	0	0	0	0.608165	0	-0.469668	-153.69	0	26.9754	26.9754	0	7.04502	0	0	0	0	0	0	0	0	0	0	0	0	0	0	0	0	0	0	0	0	0	0	0	0	0	0	0	0	0	0	0	0	0	
1	1	1	955	28.65		300	0	0	-0.04775	0.0222591	0.0222591	0	0	0	-127.708	-3.816e-07	-3.816e-07	0	0	0	4.01312	-0.314817	0	4.32793		300	0.608797	-0.0370484	0.0185242	0.0185242	0	0	0	0.608797	0	-0.469668	-153.69	0	26.9754	26.9754	0	7.04502	0	0	0	0	0	0	0	0	0	0	0	0	0	0	0	0	0	0	0	0	0	0	0	0	0	0	0	0	0	0	0	0	0	
1	1	1	956	28.68		300	0	0	-0.0478	0.0222831	0.0222831	0	0	0	-127.787	2.80324e-07	2.80324e-07	0	0	0	4.0195	-0.31288	0	4.33238		300	0.609428	-0.0370918	0.0185459	0.0185459	0	0	0	0.609428	0	-0.469668	-153.69	0	26.9754	26.9754	0	7.04502	0	0	0	0	0	0	0	0	0	0	0	0	0	0	0	0	0	0	0	0	0	0	0	0	0	0	0	0	0	0	0	0	0	
1	1	1	957	28.71		300	0	0	-0.04785	0.0223071	0.0223071	0	0	0	-127.865	9.81593e-07	9.81593e-07	0	0	0	4.0259	-0.310939	0	4.33683		300	0.610059	-0.0371352	0.0185676	0.0185676	0	0	0	0.610059	0	-0.469668	-153.69	0	26.9754	26.9754	0	7.04502	0	0	0	0	0	0	0	0	0	0	0	0	0	0	0	0	0	0	0	0	0	0	0	0	0	0	0	0	0	0	0	0	0	
1	1	1	958	28.74		300	0	0	-0.0479	0.0223311	0.0223311	0	0	0	-127.944	9.81596e-07	9.81596e-07	0	0	0	4.03229	-0.308993	0	4.34128		300	0.610691	-0.0371786	0.0185893	0.0185893	0	0	0	0.610691	0	-0.469668	-153.69	0	26.9754	26.9754	0	7.04502	0	0	0	0	0	0	0	0	0	0	0	0	0	0	0	0	0	0	0	0	0	0	0	0	0	0	0	0	0	0	0	0	0	
1	1	1	959	28.77		300	0	0	-0.04795	0.0223551	0.0223551	0	0	0	-128.023	9.81599e-07	9.81599e-07	0	0	0	4.03869	-0.307042	0	4.34573		300	0.611322	-0.0372221	0.018611	0.018611	0	0	0	0.611322	0	-0.469668	-153.69	0	26.9754	26.9754	0	7.04502	0	0	0	0	0	0	0	0	0	0	0	0	0	0	0	0	0	0	0	0	0	0	0	0	0	0	0	0	0	0	0	0	0	
1	1	1	960	28.8		300	0	0	-0.048	0.0223791	0.0223791	0	0	0	-128.101	9.81602e-07	9.81602e-07	0	0	0	4.04509	-0.305087	0	4.35018		300	0.611953	-0.0372655	0.0186327	0.0186327	0	0	0	0.611953	0	-0.469668	-153.69	0	26.9754	26.9754	0	7.04502	0	0	0	0	0	0	0	0	0	0	0	0	0	0	0	0	0	0	0	0	0	0	0	0	0	0	0	0	0	0	0	0	0	
1	1	1	961	28.83		300	0	0	-0.04805	0.0224031	0.0224031	0	0	0	-128.18	9.81605e-07	9.81605e-07	0	0	0	4.0515	-0.303128	0	4.35463		300	0.612584	-0.0373089	0.0186544	0.0186544	0	0	0	0.612584	0	-0.469668	-153.69	0	26.9754	26.9754	0	7.04502	0	0	0	0	0	0	0	0	0	0	0	0	0	0	0	0	0	0	0	0	0	0	0	0	0	0	0	0	0	0	0	0	0	
1	1	1	962	28.86		300	0	0	-0.0481	0.0224271	0.0224271	0	0	0	-128.259	9.81609e-07	9.81609e-07	0	0	0	4.05791	-0.301164	0	4.35907		300	0.613215	-0.0373523	0.0186761	0.0186761	0	0	0	0.613215	0	-0.469668	-153.69	0	26.9754	26.9754	0	7.04502	0	0	0	0	0	0	0	0	0	0	0	0	0	0	0	0	0	0	0	0	0	0	0	0	0	0	0	0	0	0	0	0	0	
1	1	1	963	28.89		300	0	0	-0.04815	0.0224511	0.0224511	0	0	0	-128.337	9.81612e-07	9.81612e-07	0	0	0	4.06433	-0.299195	0	4.36352		300	0.613846	-0.0373957	0.0186978	0.0186978	0	0	0	0.613846	0	-0.469668	-153.69	0	26.9754	26.9754	0	7.04502	0	0	0	0	0	0	0	0	0	0	0	0	0	0	0	0	0	0	0	0	0	0	0	0	0	0	0	0	0	0	0	0	0	
1	1	1	964	28.92		300	0	0	-0.0482	0.0224751	0.0224751	0	0	0	-128.416	9.81616e-07	9.81616e-07	0	0	0	4.07074	-0.297222	0	4.36797		300	0.614477	-0.0374391	0.0187195	0.0187195	0	0	0	0.614477	0	-0.469668	-153.69	0	26.9754	26.9754	0	7.04502	0	0	0	0	0	0	0	0	0	0	0	0	0	0	0	0	0	0	0	0	0	0	0	0	0	0	0	0	0	0	0	0	0	
1	1	1	965	28.95		300	0	0	-0.04825	0.0224991	0.0224991	0	0	0	-128.495	9.8162e-07	9.8162e-07	0	0	0	4.07717	-0.295244	0	4.37241		300	0.615107	-0.0374825	0.0187412	0.0187412	0	0	0	0.615107	0	-0.469668	-153.69	0	26.9754	26.9754	0	7.04502	0	0	0	0	0	0	0	0	0	0	0	0	0	0	0	0	0	0	0	0	0	0	0	0	0	0	0	0	0	0	0	0	0	
1	1	1	966	28.98		300	0	0	-0.0483	0.0225231	0.0225231	0	0	0	-128.574	9.81624e-07	9.81624e-07	0	0	0	4.08359	-0.293262	0	4.37686		300	0.615738	-0.0375259	0.0187629	0.0187629	0	0	0	0.615738	0	-0.469668	-153.69	0	26.9754	26.9754	0	7.04502	0	0	0	0	0	0	0	0	0	0	0	0	0	0	0	0	0	0	0	0	0	0	0	0	0	0	0	0	0	0	0	0	0	
1	1	1	967	29.01		300	0	0	-0.04835	0.0225471	0.0225471	0	0	0	-128.653	9.81628e-07	9.81628e-07	0	0	0	4.09003	-0.291275	0	4.3813		300	0.616368	-0.0375693	0.0187846	0.0187846	0	0	0	0.616368	0	-0.469668	-153.69	0	26.9754	26.9754	0	7.04502	0	0	0	0	0	0	0	0	0	0	0	0	0	0	0	0	0	0	0	0	0	0	0	0	0	0	0	0	0	0	0	0	0	
1	1	1	968	29.04		300	0	0	-0.0484	0.0225711	0.0225711	0	0	0	-128.732	9.81632e-07	9.81632e-07	0	0	0	4.09646	-0.289284	0	4.38574		300	0.616999	-0.0376126	0.0188063	0.0188063	0	0	0	0.616999	0	-0.469668	-153.69	0	26.9754	26.9754	0	7.04502	0	0	0	0	0	0	0	0	0	0	0	0	0	0	0	0	0	0	0	0	0	0	0	0	0	0	0	0	0	0	0	0	0	
1	1	1	969	29.07		300	0	0	-0.04845	0.0225951	0.0225951	0	0	0	-128.811	9.81636e-07	9.81636e-07	0	0	0	4.1029	-0.287288	0	4.39019		300	0.617629	-0.037656	0.018828	0.018828	0	0	0	0.617629	0	-0.469668	-153.69	0	26.9754	26.9754	0	7.04502	0	0	0	0	0	0	0	0	0	0	0	0	0	0	0	0	0	0	0	0	0	0	0	0	0	0	0	0	0	0	0	0	0	
1	1	1	970	29.1		300	0	0	-0.0485	0.0226191	0.0226191	0	0	0	-128.89	9.81641e-07	9.81641e-07	0	0	0	4.10934	-0.285287	0	4.39463		300	0.618259	-0.0376994	0.0188497	0.0188497	0	0	0	0.618259	0	-0.469668	-153.69	0	26.9754	26.9754	0	7.04502	0	0	0	0	0	0	0	0	0	0	0	0	0	0	0	0	0	0	0	0	0	0	0	0	0	0	0	0	0	0	0	0	0	
1	1	1	971	29.13		300	0	0	-0.04855	0.0226431	0.0226431	0	0	0	-128.968	9.81646e-07	9.81645e-07	0	0	0	4.11579	-0.283282	0	4.39907		300	0.618889	-0.0377428	0.0188714	0.0188714	0	0	0	0.618889	0	-0.469668	-153.69	0	26.9754	26.9754	0	7.04502	0	0	0	0	0	0	0	0	0	0	0	0	0	0	0	0	0	0	0	0	0	0	0	0	0	0	0	0	0	0	0	0	0	
1	1	1	972	29.16		300	0	0	-0.0486	0.0226671	0.0226671	0	0	0	-129.047	9.8165e-07	9.8165e-07	0	0	0	4.12224	-0.281273	0	4.40351		300	0.61952	-0.0377862	0.0188931	0.0188931	0	0	0	0.61952	0	-0.469668	-153.69	0	26.9754	26.9754	0	7.04502	0	0	0	0	0	0	0	0	0	0	0	0	0	0	0	0	0	0	0	0	0	0	0	0	0	0	0	0	0	0	0	0	0	
1	1	1	973	29.19		300	0	0	-0.04865	0.0226911	0.0226911	0	0	0	-129.127	9.81655e-07	9.81655e-07	0	0	0	4.12869	-0.279258	0	4.40795		300	0.62015	-0.0378296	0.0189148	0.0189148	0	0	0	0.62015	0	-0.469668	-153.69	0	26.9754	26.9754	0	7.04502	0	0	0	0	0	0	0	0	0	0	0	0	0	0	0	0	0	0	0	0	0	0	0	0	0	0	0	0	0	0	0	0	0	
1	1	1	974	29.22		300	0	0	-0.0487	0.0227151	0.0227151	0	0	0	-129.206	9.8166e-07	9.8166e-07	0	0	0	4.13515	-0.27724	0	4.41239		300	0.620779	-0.0378729	0.0189365	0.0189365	0	0	0	0.620779	0	-0.469668	-153.69	0	26.9754	26.9754	0	7.04502	0	0	0	0	0	0	0	0	0	0	0	0	0	0	0	0	0	0	0	0	0	0	0	0	0	0	0	0	0	0	0	0	0	
1	1	1	975	29.25		300	0	0	-0.04875	0.0227391	0.0227391	0	0	0	-129.285	9.81666e-07	9.81666e-07	0	0	0	4.14161	-0.275216	0	4.41683		300	0.621409	-0.0379163	0.0189581	0.0189581	0	0	0	0.621409	0	-0.469668	-153.69	0	26.9754	26.9754	0	7.04502	0	0	0	0	0	0	0	0	0	0	0	0	0	0	0	0	0	0	0	0	0	0	0	0	0	0	0	0	0	0	0	0	0	
1	1	1	976	29.28		300	0	0	-0.0488	0.0227631	0.0227631	0	0	0	-129.364	9.81671e-07	9.81671e-07	0	0	0	4.14808	-0.273188	0	4.42127		300	0.622039	-0.0379597	0.0189798	0.0189798	0	0	0	0.622039	0	-0.469668	-153.69	0	26.9754	26.9754	0	7.04502	0	0	0	0	0	0	0	0	0	0	0	0	0	0	0	0	0	0	0	0	0	0	0	0	0	0	0	0	0	0	0	0	0	
1	1	1	977	29.31		300	0	0	-0.04885	0.0227871	0.0227871	0	0	0	-129.443	9.81677e-07	9.81677e-07	0	0	0	4.15455	-0.271156	0	4.4257		300	0.622669	-0.038003	0.0190015	0.0190015	0	0	0	0.622669	0	-0.469668	-153.69	0	26.9754	26.9754	0	7.04502	0	0	0	0	0	0	0	0	0	0	0	0	0	0	0	0	0	0	0	0	0	0	0	0	0	0	0	0	0	0	0	0	0	
1	1	1	978	29.34		300	0	0	-0.0489	0.0228111	0.0228111	0	0	0	-129.522	9.81682e-07	9.81682e-07	0	0	0	4.16102	-0.269119	0	4.43014		300	0.623298	-0.0380464	0.0190232	0.0190232	0	0	0	0.623298	0	-0.469668	-153.69	0	26.9754	26.9754	0	7.04502	0	0	0	0	0	0	0	0	0	0	0	0	0	0	0	0	0	0	0	0	0	0	0	0	0	0	0	0	0	0	0	0	0	
1	1	1	979	29.37		300	0	0	-0.04895	0.0228351	0.0228351	0	0	0	-129.601	9.81688e-07	9.81688e-07	0	0	0	4.1675	-0.267077	0	4.43458		300	0.623928	-0.0380898	0.0190449	0.0190449	0	0	0	0.623928	0	-0.469668	-153.69	0	26.9754	26.9754	0	7.04502	0	0	0	0	0	0	0	0	0	0	0	0	0	0	0	0	0	0	0	0	0	0	0	0	0	0	0	0	0	0	0	0	0	
1	1	1	980	29.4		300	0	0	-0.049	0.0228591	0.0228591	0	0	0	-129.681	9.81694e-07	9.81694e-07	0	0	0	4.17398	-0.265031	0	4.43901		300	0.624557	-0.0381331	0.0190666	0.0190666	0	0	0	0.624557	0	-0.469668	-153.69	0	26.9754	26.9754	0	7.04502	0	0	0	0	0	0	0	0	0	0	0	0	0	0	0	0	0	0	0	0	0	0	0	0	0	0	0	0	0	0	0	0	0	
1	1	1	981	29.43		300	0	0	-0.04905	0.0228831	0.0228831	0	0	0	-129.76	9.817e-07	9.817e-07	0	0	0	4.18047	-0.26298	0	4.44345		300	0.625186	-0.0381765	0.0190882	0.0190882	0	0	0	0.625186	0	-0.469668	-153.69	0	26.9754	26.9754	0	7.04502	0	0	0	0	0	0	0	0	0	0	0	0	0	0	0	0	0	0	0	0	0	0	0	0	0	0	0	0	0	0	0	0	0	
1	1	1	982	29.46		300	0	0	-0.0491	0.0229071	0.0229071	0	0	0	-129.839	9.81706e-07	9.81706e-07	0	0	0	4.18696	-0.260924	0	4.44788		300	0.625815	-0.0382198	0.0191099	0.0191099	0	0	0	0.625815	0	-0.469668	-153.69	0	26.9754	26.9754	0	7.04502	0	0	0	0	0	0	0	0	0	0	0	0	0	0	0	0	0	0	0	0	0	0	0	0	0	0	0	0	0	0	0	0	0	
1	1	1	983	29.49		300	0	0	-0.04915	0.0229311	0.0229311	0	0	0	-129.919	9.81713e-07	9.81713e-07	0	0	0	4.19345	-0.258864	0	4.45232		300	0.626444	-0.0382632	0.0191316	0.0191316	0	0	0	0.626444	0	-0.469668	-153.69	0	26.9754	26.9754	0	7.04502	0	0	0	0	0	0	0	0	0	0	0	0	0	0	0	0	0	0	0	0	0	0	0	0	0	0	0	0	0	0	0	0	0	
1	1	1	984	29.52		300	0	0	-0.0492	0.0229551	0.0229551	0	0	0	-129.998	9.81719e-07	9.81719e-07	0	0	0	4.19995	-0.2568	0	4.45675		300	0.627073	-0.0383065	0.0191533	0.0191533	0	0	0	0.627073	0	-0.469668	-153.69	0	26.9754	26.9754	0	7.04502	0	0	0	0	0	0	0	0	0	0	0	0	0	0	0	0	0	0	0	0	0	0	0	0	0	0	0	0	0	0	0	0	0	
1	1	1	985	29.55		300	0	0	-0.04925	0.0229791	0.0229791	0	0	0	-130.077	9.81726e-07	9.81726e-07	0	0	0	4.20645	-0.25473	0	4.46118		300	0.627702	-0.0383499	0.0191749	0.0191749	0	0	0	0.627702	0	-0.469668	-153.69	0	26.9754	26.9754	0	7.04502	0	0	0	0	0	0	0	0	0	0	0	0	0	0	0	0	0	0	0	0	0	0	0	0	0	0	0	0	0	0	0	0	0	
1	1	1	986	29.58		300	0	0	-0.0493	0.0230031	0.0230031	0	0	0	-130.157	9.81733e-07	9.81733e-07	0	0	0	4.21296	-0.252656	0	4.46562		300	0.628331	-0.0383932	0.0191966	0.0191966	0	0	0	0.628331	0	-0.469668	-153.69	0	26.9754	26.9754	0	7.04502	0	0	0	0	0	0	0	0	0	0	0	0	0	0	0	0	0	0	0	0	0	0	0	0	0	0	0	0	0	0	0	0	0	
1	1	1	987	29.61		300	0	0	-0.04935	0.0230271	0.0230271	0	0	0	-130.236	9.8174e-07	9.8174e-07	0	0	0	4.21947	-0.250578	0	4.47005		300	0.62896	-0.0384366	0.0192183	0.0192183	0	0	0	0.62896	0	-0.469668	-153.69	0	26.9754	26.9754	0	7.04502	0	0	0	0	0	0	0	0	0	0	0	0	0	0	0	0	0	0	0	0	0	0	0	0	0	0	0	0	0	0	0	0	0	
1	1	1	988	29.64		300	0	0	-0.0494	0.0230511	0.0230511	0	0	0	-130.316	9.81747e-07	9.81747e-07	0	0	0	4.22598	-0.248495	0	4.47448		300	0.629588	-0.0384799	0.0192399	0.0192399	0	0	0	0.629588	0	-0.469668	-153.69	0	26.9754	26.9754	0	7.04502	0	0	0	0	0	0	0	0	0	0	0	0	0	0	0	0	0	0	0	0	0	0	0	0	0	0	0	0	0	0	0	0	0	
1	1	1	989	29.67		300	0	0	-0.04945	0.0230751	0.0230751	0	0	0	-130.395	9.81754e-07	9.81754e-07	0	0	0	4.2325	-0.246407	0	4.47891		300	0.630217	-0.0385232	0.0192616	0.0192616	0	0	0	0.630217	0	-0.469668	-153.69	0	26.9754	26.9754	0	7.04502	0	0	0	0	0	0	0	0	0	0	0	0	0	0	0	0	0	0	0	0	0	0	0	0	0	0	0	0	0	0	0	0	0	
1	1	1	990	29.7		300	0	0	-0.0495	0.0230991	0.0230991	0	0	0	-130.475	9.81761e-07	9.81761e-07	0	0	0	4.23902	-0.244315	0	4.48334		300	0.630845	-0.0385666	0.0192833	0.0192833	0	0	0	0.630845	0	-0.469668	-153.69	0	26.9754	26.9754	0	7.04502	0	0	0	0	0	0	0	0	0	0	0	0	0	0	0	0	0	0	0	0	0	0	0	0	0	0	0	0	0	0	0	0	0	
1	1	1	991	29.73		300	0	0	-0.04955	0.023123	0.023123	0	0	0	-130.554	9.81769e-07	9.81769e-07	0	0	0	4.24555	-0.242218	0	4.48777		300	0.631474	-0.0386099	0.0193049	0.0193049	0	0	0	0.631474	0	-0.469668	-153.69	0	26.9754	26.9754	0	7.04502	0	0	0	0	0	0	0	0	0	0	0	0	0	0	0	0	0	0	0	0	0	0	0	0	0	0	0	0	0	0	0	0	0	
1	1	1	992	29.76		300	0	0	-0.0496	0.023147	0.023147	0	0	0	-130.634	9.81776e-07	9.81776e-07	0	0	0	4.25208	-0.240116	0	4.49219		300	0.632102	-0.0386532	0.0193266	0.0193266	0	0	0	0.632102	0	-0.469668	-153.69	0	26.9754	26.9754	0	7.04502	0	0	0	0	0	0	0	0	0	0	0	0	0	0	0	0	0	0	0	0	0	0	0	0	0	0	0	0	0	0	0	0	0	
1	1	1	993	29.79		300	0	0	-0.04965	0.023171	0.023171	0	0	0	-130.714	9.81784e-07	9.81784e-07	0	0	0	4.25861	-0.23801	0	4.49662		300	0.63273	-0.0386965	0.0193483	0.0193483	0	0	0	0.63273	0	-0.469668	-153.69	0	26.9754	26.9754	0	7.04502	0	0	0	0	0	0	0	0	0	0	0	0	0	0	0	0	0	0	0	0	0	0	0	0	0	0	0	0	0	0	0	0	0	
1	1	1	994	29.82		300	0	0	-0.0497	0.023195	0.023195	0	0	0	-130.793	9.81792e-07	9.81792e-07	0	0	0	4.26515	-0.235899	0	4.50105		300	0.633358	-0.0387399	0.0193699	0.0193699	0	0	0	0.633358	0	-0.469668	-153.69	0	26.9754	26.9754	0	7.04502	0	0	0	0	0	0	0	0	0	0	0	0	0	0	0	0	0	0	0	0	0	0	0	0	0	0	0	0	0	0	0	0	0	
1	1	1	995	29.85		300	0	0	-0.04975	0.023219	0.023219	0	0	0	-130.873	9.818e-07	9.818e-07	0	0	0	4.27169	-0.233783	0	4.50547		300	0.633986	-0.0387832	0.0193916	0.0193916	0	0	0	0.633986	0	-0.469668	-153.69	0	26.9754	26.9754	0	7.04502	0	0	0	0	0	0	0	0	0	0	0	0	0	0	0	0	0	0	0	0	0	0	0	0	0	0	0	0	0	0	0	0	0	
1	1	1	996	29.88		300	0	0	-0.0498	0.023243	0.023243	0	0	0	-130.953	9.81808e-07	9.81808e-07	0	0	0	4.27824	-0.231663	0	4.5099		300	0.634614	-0.0388265	0.0194133	0.0194133	0	0	0	0.634614	0	-0.469668	-153.69	0	26.9754	26.9754	0	7.04502	0	0	0	0	0	0	0	0	0	0	0	0	0	0	0	0	0	0	0	0	0	0	0	0	0	0	0	0	0	0	0	0	0	
1	1	1	997	29.91		300	0	0	-0.04985	0.023267	0.023267	0	0	0	-131.033	9.81817e-07	9.81816e-07	0	0	0	4.28479	-0.229539	0	4.51432		300	0.635242	-0.0388698	0.0194349	0.0194349	0	0	0	0.635242	0	-0.469668	-153.69	0	26.9754	26.9754	0	7.04502	0	0	0	0	0	0	0	0	0	0	0	0	0	0	0	0	0	0	0	0	0	0	0	0	0	0	0	0	0	0	0	0	0	
1	1	1	998	29.94		300	0	0	-0.0499	0.023291	0.023291	0	0	0	-131.113	9.81825e-07	9.81825e-07	0	0	0	4.29134	-0.227409	0	4.51875		300	0.63587	-0.0389131	0.0194566	0.0194566	0	0	0	0.63587	0	-0.469668	-153.69	0	26.9754	26.9754	0	7.04502	0	0	0	0	0	0	0	0	0	0	0	0	0	0	0	0	0	0	0	0	0	0	0	0	0	0	0	0	0	0	0	0	0	
1	1	1	999	29.97		300	0	0	-0.04995	0.023315	0.023315	0	0	0	-131.193	9.81834e-07	9.81834e-07	0	0	0	4.2979	-0.225275	0	4.52317		300	0.636497	-0.0389564	0.0194782	0.0194782	0	0	0	0.636497	0	-0.469668	-153.69	0	26.9754	26.9754	0	7.04502	0	0	0	0	0	0	0	0	0	0	0	0	0	0	0	0	0	0	0	0	0	0	0	0	0	0	0	0	0	0	0	0	0	
1	1	1	1000	30		300	0	0	-0.05	0.023339	0.023339	0	0	0	-131.272	9.81842e-07	9.81842e-07	0	0	0	4.30446	-0.223136	0	4.52759		300	0.637125	-0.0389997	0.0194999	0.0194999	0	0	0	0.637125	0	-0.469668	-153.69	0	26.9754	26.9754	0	7.04502	0	0	0	0	0	0	0	0	0	0	0	0	0	0	0	0	0	0	0	0	0	0	0	0	0	0	0	0	0	0	0	0	0	
