1	1	1	1	0.03		300	0	0	5e-05	-5e-05	0	0	0	0	0.419069	-0.419069	2.5109e-17	0	0	0	2.09535e-05	2.09535e-05	0	0		300	1e-09	0	0	0	0	0	0	1e-09	0	-0.355028	-111.796	0	20.391	20.391	-1.5099e-14	5.32541	0	0	0	0	0	0	0	0	0	0	0	0	0	0	0	0	0	0	0	0	0	0	0	0	0	0	0	0	0	0	0	0	0	
1	1	1	2	0.06		300	0	0	0.0001	-0.0001	0	0	0	0	0.838138	-0.838138	5.02179e-17	0	0	0	8.38138e-05	8.38138e-05	0	0		300	1e-09	0	0	0	0	0	0	1e-09	0	-0.355028	-111.796	0	20.391	20.391	-1.5099e-14	5.32541	0	0	0	0	0	0	0	0	0	0	0	0	0	0	0	0	0	0	0	0	0	0	0	0	0	0	0	0	0	0	0	0	0	
1	1	1	3	0.09		300	0	0	0.00015	-0.00015	0	0	0	0	1.25721	-1.25721	9.69352e-18	0	0	0	0.000188581	0.000188581	0	0		300	1e-09	0	0	0	0	0	0	1e-09	0	-0.355028	-111.796	0	20.391	20.391	-1.5099e-14	5.32541	0	0	0	0	0	0	0	0	0	0	0	0	0	0	0	0	0	0	0	0	0	0	0	0	0	0	0	0	0	0	0	0	0	
1	1	1	4	0.12		300	0	0	0.0002	-0.0002	0	0	0	0	1.67628	-1.67628	1.00436e-16	0	0	0	0.000335255	0.000335255	0	0		300	1e-09	0	0	0	0	0	0	1e-09	0	-0.355028	-111.796	0	20.391	20.391	-1.5099e-14	5.32541	0	0	0	0	0	0	0	0	0	0	0	0	0	0	0	0	0	0	0	0	0	0	0	0	0	0	0	0	0	0	0	0	0	
1	1	1	5	0.15		300	0	0	0.00025	-0.00025	0	0	0	0	2.09535	-2.09535	1.91178e-16	0	0	0	0.000523837	0.000523837	0	0		300	1e-09	0	0	0	0	0	0	1e-09	0	-0.355028	-111.796	0	20.391	20.391	-1.5099e-14	5.32541	0	0	0	0	0	0	0	0	0	0	0	0	0	0	0	0	0	0	0	0	0	0	0	0	0	0	0	0	0	0	0	0	0	
1	1	1	6	0.18		300	0	0	0.0003	-0.0003	0	0	0	0	2.51442	-2.51442	1.9387e-17	0	0	0	0.000754325	0.000754325	0	0		300	1e-09	0	0	0	0	0	0	1e-09	0	-0.355028	-111.796	0	20.391	20.391	-1.5099e-14	5.32541	0	0	0	0	0	0	0	0	0	0	0	0	0	0	0	0	0	0	0	0	0	0	0	0	0	0	0	0	0	0	0	0	0	
1	1	1	7	0.21		300	0	0	0.00035	-0.00035	0	0	0	0	2.93348	-2.93348	-6.8878e-09	0	0	0	0.00102672	0.00102672	0	2.60646e-09		300	1.49022e-09	1.73349e-11	-1.81567e-11	8.21798e-13	0	0	0	1.49022e-09	0	-0.355028	-111.796	0	20.391	20.391	-1.5099e-14	5.32541	0	0	0	0	0	0	0	0	0	0	0	0	0	0	0	0	0	0	0	0	0	0	0	0	0	0	0	0	0	0	0	0	0	
1	1	1	8	0.24		300	0	0	0.0004	-0.0004	1.05944e-12	0	0	0	3.35255	-3.35255	-1.33788e-08	0	0	0	0.00134102	0.00134101	0	1.23215e-08		300	3.31449e-09	8.18444e-11	-8.57244e-11	3.88e-12	0	0	0	3.31449e-09	0	-0.355028	-111.796	0	20.391	20.391	-1.5099e-14	5.32541	0	0	0	0	0	0	0	0	0	0	0	0	0	0	0	0	0	0	0	0	0	0	0	0	0	0	0	0	0	0	0	0	0	
1	1	1	9	0.27		300	0	0	0.00045	-0.00045	3.08249e-12	0	0	0	3.77162	-3.77162	-2.30147e-08	0	0	0	0.00169723	0.0016972	0	2.98272e-08		300	6.60169e-09	1.98085e-10	-2.07476e-10	9.39065e-12	0	0	0	6.60169e-09	0	-0.355028	-111.796	0	20.391	20.391	-1.5099e-14	5.32541	0	0	0	0	0	0	0	0	0	0	0	0	0	0	0	0	0	0	0	0	0	0	0	0	0	0	0	0	0	0	0	0	0	
1	1	1	10	0.3		300	0	0	0.0005	-0.0005	6.61901e-12	0	0	0	4.19069	-4.19069	-3.6304e-08	0	0	0	0.00209535	0.00209529	0	5.90814e-08		300	1.2095e-08	3.92339e-10	-4.10938e-10	1.85996e-11	0	0	0	1.2095e-08	0	-0.355028	-111.796	0	20.391	20.391	-1.5099e-14	5.32541	0	0	0	0	0	0	0	0	0	0	0	0	0	0	0	0	0	0	0	0	0	0	0	0	0	0	0	0	0	0	0	0	0	
1	1	1	11	0.33		300	0	0	0.00055	-0.00055	1.24012e-11	0	0	0	4.60976	-4.60976	-5.35172e-08	0	0	0	0.00253537	0.00253526	0	1.05201e-07		300	2.07552e-08	6.98578e-10	-7.31695e-10	3.31175e-11	0	0	0	2.07552e-08	0	-0.355028	-111.796	0	20.391	20.391	-1.5099e-14	5.32541	0	0	0	0	0	0	0	0	0	0	0	0	0	0	0	0	0	0	0	0	0	0	0	0	0	0	0	0	0	0	0	0	0	
1	1	1	12	0.36		300	0	0	0.0006	-0.0006	2.1372e-11	0	0	0	5.02882	-5.02882	-7.45638e-08	0	0	0	0.0030173	0.00301712	0	1.74609e-07		300	3.37886e-08	1.15946e-09	-1.21443e-09	5.49666e-11	0	0	0	3.37886e-08	0	-0.355028	-111.796	0	20.391	20.391	-1.5099e-14	5.32541	0	0	0	0	0	0	0	0	0	0	0	0	0	0	0	0	0	0	0	0	0	0	0	0	0	0	0	0	0	0	0	0	0	
1	1	1	13	0.39		300	0	0	0.00065	-0.00065	3.47151e-11	0	0	0	5.44788	-5.44788	-9.88537e-08	0	0	0	0.00354113	0.00354086	0	2.75186e-07		300	5.26749e-08	1.82731e-09	-1.91394e-09	8.66274e-11	0	0	0	5.26749e-08	0	-0.355028	-111.796	0	20.391	20.391	-1.5099e-14	5.32541	0	0	0	0	0	0	0	0	0	0	0	0	0	0	0	0	0	0	0	0	0	0	0	0	0	0	0	0	0	0	0	0	0	
1	1	1	14	0.42		300	0	0	0.0007	-0.0007	5.38844e-11	0	0	0	5.86695	-5.86694	-1.25144e-07	0	0	0	0.00410687	0.00410646	0	4.16418e-07		300	7.91953e-08	2.76512e-09	-2.8962e-09	1.31086e-10	0	0	0	7.91953e-08	0	-0.355028	-111.796	0	20.391	20.391	-1.5099e-14	5.32541	0	0	0	0	0	0	0	0	0	0	0	0	0	0	0	0	0	0	0	0	0	0	0	0	0	0	0	0	0	0	0	0	0	
1	1	1	15	0.45		300	0	0	0.00075	-0.00075	8.06357e-11	0	0	0	6.28601	-6.286	-1.51369e-07	0	0	0	0.00471452	0.00471391	0	6.09546e-07		300	1.15461e-07	4.04752e-09	-4.2394e-09	1.91881e-10	0	0	0	1.15461e-07	0	-0.355028	-111.796	0	20.391	20.391	-1.5099e-14	5.32541	0	0	0	0	0	0	0	0	0	0	0	0	0	0	0	0	0	0	0	0	0	0	0	0	0	0	0	0	0	0	0	0	0	
1	1	1	16	0.48		300	0	0	0.0008	-0.0008	1.17058e-10	0	0	0	6.70506	-6.70506	-1.74458e-07	0	0	0	0.00536407	0.00536321	0	8.67713e-07		300	1.63939e-07	5.76179e-09	-6.03494e-09	2.73149e-10	0	0	0	1.63939e-07	0	-0.355028	-111.796	0	20.391	20.391	-1.5099e-14	5.32541	0	0	0	0	0	0	0	0	0	0	0	0	0	0	0	0	0	0	0	0	0	0	0	0	0	0	0	0	0	0	0	0	0	
1	1	1	17	0.51		300	0	0	0.00085	-0.00085	1.65608e-10	0	0	0	7.12411	-7.1241	-1.90132e-07	0	0	0	0.00605553	0.00605433	0	1.20611e-06		300	2.27483e-07	8.00883e-09	-8.38851e-09	3.79674e-10	0	0	0	2.27483e-07	0	-0.355028	-111.796	0	20.391	20.391	-1.5099e-14	5.32541	0	0	0	0	0	0	0	0	0	0	0	0	0	0	0	0	0	0	0	0	0	0	0	0	0	0	0	0	0	0	0	0	0	
1	1	1	18	0.54		300	0	0	0.0009	-0.0009	2.2914e-10	0	0	0	7.54316	-7.54315	-1.92694e-07	0	0	0	0.0067889	0.00678725	0	1.64214e-06		300	3.09361e-07	1.09041e-08	-1.14211e-08	5.16932e-10	0	0	0	3.09361e-07	0	-0.355028	-111.796	0	20.391	20.391	-1.5099e-14	5.32541	0	0	0	0	0	0	0	0	0	0	0	0	0	0	0	0	0	0	0	0	0	0	0	0	0	0	0	0	0	0	0	0	0	
1	1	1	19	0.57		300	0	0	0.00095	-0.00095	3.10945e-10	0	0	0	7.9622	-7.96218	-1.74796e-07	0	0	0	0.00756416	0.00756197	0	2.19555e-06		300	4.13278e-07	1.45788e-08	-1.527e-08	6.91137e-10	0	0	0	4.13278e-07	0	-0.355028	-111.796	0	20.391	20.391	-1.5099e-14	5.32541	0	0	0	0	0	0	0	0	0	0	0	0	0	0	0	0	0	0	0	0	0	0	0	0	0	0	0	0	0	0	0	0	0	
1	1	1	20	0.6		300	0	0	0.001	-0.001	4.14781e-10	0	0	0	8.38123	-8.38121	-1.27192e-07	0	0	0	0.00838133	0.00837844	0	2.88856e-06		300	5.43411e-07	1.91806e-08	-2.00899e-08	9.0929e-10	0	0	0	5.43411e-07	0	-0.355028	-111.796	0	20.391	20.391	-1.5099e-14	5.32541	0	0	0	0	0	0	0	0	0	0	0	0	0	0	0	0	0	0	0	0	0	0	0	0	0	0	0	0	0	0	0	0	0	
1	1	1	21	0.63		300	0	0	0.00105	-0.00105	5.44913e-10	0	0	0	8.80025	-8.80023	-3.84838e-08	0	0	0	0.00924041	0.00923666	0	3.74607e-06		300	7.04434e-07	2.48746e-08	-2.60538e-08	1.17922e-09	0	0	0	7.04434e-07	0	-0.355028	-111.796	0	20.391	20.391	-1.5099e-14	5.32541	0	0	0	0	0	0	0	0	0	0	0	0	0	0	0	0	0	0	0	0	0	0	0	0	0	0	0	0	0	0	0	0	0	
1	1	1	22	0.66		300	0	0	0.0011	-0.0011	7.06149e-10	0	0	0	9.21926	-9.21924	1.0516e-07	0	0	0	0.0101414	0.0101366	0	4.79575e-06		300	9.01541e-07	3.18447e-08	-3.33543e-08	1.50965e-09	0	0	0	9.01541e-07	0	-0.355028	-111.796	0	20.391	20.391	-1.5099e-14	5.32541	0	0	0	0	0	0	0	0	0	0	0	0	0	0	0	0	0	0	0	0	0	0	0	0	0	0	0	0	0	0	0	0	0	
1	1	1	23	0.69		300	0	0	0.00115	-0.00115	9.03873e-10	0	0	0	9.63826	-9.63823	3.20288e-07	0	0	0	0.0110843	0.0110782	0	6.06822e-06		300	1.14048e-06	4.0294e-08	-4.22042e-08	1.9102e-09	0	0	0	1.14048e-06	0	-0.355028	-111.796	0	20.391	20.391	-1.5099e-14	5.32541	0	0	0	0	0	0	0	0	0	0	0	0	0	0	0	0	0	0	0	0	0	0	0	0	0	0	0	0	0	0	0	0	0	
1	1	1	24	0.72		300	0	0	0.0012	-0.0012	1.14409e-09	0	0	0	10.0572	-10.0572	6.26476e-07	0	0	0	0.012069	0.0120614	0	7.59716e-06		300	1.42759e-06	5.04465e-08	-5.2838e-08	2.39149e-09	0	0	0	1.42759e-06	0	-0.355028	-111.796	0	20.391	20.391	-1.5099e-14	5.32541	0	0	0	0	0	0	0	0	0	0	0	0	0	0	0	0	0	0	0	0	0	0	0	0	0	0	0	0	0	0	0	0	0	
1	1	1	25	0.75		300	0	0	0.00125	-0.00125	1.43346e-09	0	0	0	10.4762	-10.4762	1.04664e-06	0	0	0	0.0130957	0.0130863	0	9.4195e-06		300	1.76978e-06	6.25472e-08	-6.55123e-08	2.96513e-09	0	0	0	1.76978e-06	0	-0.355028	-111.796	0	20.391	20.391	-1.5099e-14	5.32541	0	0	0	0	0	0	0	0	0	0	0	0	0	0	0	0	0	0	0	0	0	0	0	0	0	0	0	0	0	0	0	0	0	
1	1	1	26	0.78		300	0	0	0.0013	-0.0013	1.77934e-09	0	0	0	10.8952	-10.8951	1.60738e-06	0	0	0	0.0141643	0.0141527	0	1.15756e-05		300	2.17465e-06	7.68637e-08	-8.05076e-08	3.64382e-09	0	0	0	2.17465e-06	0	-0.355028	-111.796	0	20.391	20.391	-1.5099e-14	5.32541	0	0	0	0	0	0	0	0	0	0	0	0	0	0	0	0	0	0	0	0	0	0	0	0	0	0	0	0	0	0	0	0	0	
1	1	1	27	0.81		300	0	0	0.00135	-0.00135	2.18982e-09	0	0	0	11.3141	-11.314	2.3393e-06	0	0	0	0.0152747	0.0152606	0	1.41091e-05		300	2.6504e-06	9.36871e-08	-9.81285e-08	4.44133e-09	0	0	0	2.6504e-06	0	-0.355028	-111.796	0	20.391	20.391	-1.5099e-14	5.32541	0	0	0	0	0	0	0	0	0	0	0	0	0	0	0	0	0	0	0	0	0	0	0	0	0	0	0	0	0	0	0	0	0	
1	1	1	28	0.84		300	0	0	0.0014	-0.0014	2.67377e-09	0	0	0	11.733	-11.7329	3.2774e-06	0	0	0	0.0164271	0.01641	0	1.70677e-05		300	3.20596e-06	1.13333e-07	-1.18705e-07	5.37263e-09	0	0	0	3.20596e-06	0	-0.355028	-111.796	0	20.391	20.391	-1.5099e-14	5.32541	0	0	0	0	0	0	0	0	0	0	0	0	0	0	0	0	0	0	0	0	0	0	0	0	0	0	0	0	0	0	0	0	0	
1	1	1	29	0.87		300	0	0	0.00145	-0.00145	3.17535e-09	0	0	0	12.1519	-12.1518	3.27741e-06	0	0	0	0.0176213	0.0176008	0	2.05026e-05		300	3.85095e-06	1.36141e-07	-1.42595e-07	6.45383e-09	0	0	0	3.85095e-06	0	-0.355028	-111.796	0	20.391	20.391	-1.5099e-14	5.32541	0	0	0	0	0	0	0	0	0	0	0	0	0	0	0	0	0	0	0	0	0	0	0	0	0	0	0	0	0	0	0	0	0	
1	1	1	30	0.9		300	0	0	0.0015	-0.0015	3.75453e-09	0	0	0	12.5708	-12.5706	3.27742e-06	0	0	0	0.0188574	0.018833	0	2.4469e-05		300	4.59575e-06	1.62478e-07	-1.70181e-07	7.70234e-09	0	0	0	4.59575e-06	0	-0.355028	-111.796	0	20.391	20.391	-1.5099e-14	5.32541	0	0	0	0	0	0	0	0	0	0	0	0	0	0	0	0	0	0	0	0	0	0	0	0	0	0	0	0	0	0	0	0	0	
1	1	1	31	0.93		300	0	0	0.00155	-0.00155	4.41998e-09	0	0	0	12.9896	-12.9894	3.27743e-06	0	0	0	0.0201355	0.0201064	0	2.90262e-05		300	5.4515e-06	1.92739e-07	-2.01876e-07	9.13681e-09	0	0	0	5.4515e-06	0	-0.355028	-111.796	0	20.391	20.391	-1.5099e-14	5.32541	0	0	0	0	0	0	0	0	0	0	0	0	0	0	0	0	0	0	0	0	0	0	0	0	0	0	0	0	0	0	0	0	0	
1	1	1	32	0.96		300	0	0	0.0016	-0.0016	5.30351e-09	0	0	0	13.4083	-13.4081	3.16506e-06	0	0	0	0.0214553	0.0214202	0	3.51076e-05		300	6.59358e-06	2.332e-07	-2.44255e-07	1.10548e-08	0	0	0	6.59358e-06	0	-0.355028	-111.796	0	20.391	20.391	-1.5099e-14	5.32541	0	0	0	0	0	0	0	0	0	0	0	0	0	0	0	0	0	0	0	0	0	0	0	0	0	0	0	0	0	0	0	0	0	
1	1	1	33	0.99		300	0	0	0.00165	-0.00165	6.44228e-09	0	0	0	13.827	-13.8267	3.16504e-06	0	0	0	0.0228171	0.0227742	0	4.28446e-05		300	8.04669e-06	2.84985e-07	-2.98495e-07	1.35095e-08	0	0	0	8.04669e-06	0	-0.355028	-111.796	0	20.391	20.391	-1.5099e-14	5.32541	0	0	0	0	0	0	0	0	0	0	0	0	0	0	0	0	0	0	0	0	0	0	0	0	0	0	0	0	0	0	0	0	0	
1	1	1	34	1.02		300	0	0	0.0017	-0.0017	7.7963e-09	0	0	0	14.2455	-14.2452	3.16502e-06	0	0	0	0.0242207	0.0241687	0	5.19755e-05		300	9.76159e-06	3.46561e-07	-3.62989e-07	1.64283e-08	0	0	0	9.76159e-06	0	-0.355028	-111.796	0	20.391	20.391	-1.5099e-14	5.32541	0	0	0	0	0	0	0	0	0	0	0	0	0	0	0	0	0	0	0	0	0	0	0	0	0	0	0	0	0	0	0	0	0	
1	1	1	35	1.05		300	0	0	0.00175	-0.00175	9.39802e-09	0	0	0	14.664	-14.6637	3.16499e-06	0	0	0	0.0256662	0.0256035	0	6.26979e-05		300	1.17754e-05	4.19402e-07	-4.39283e-07	1.9881e-08	0	0	0	1.17754e-05	0	-0.355028	-111.796	0	20.391	20.391	-1.5099e-14	5.32541	0	0	0	0	0	0	0	0	0	0	0	0	0	0	0	0	0	0	0	0	0	0	0	0	0	0	0	0	0	0	0	0	0	
1	1	1	36	1.08		300	0	0	0.0018	-0.0018	1.12835e-08	0	0	0	15.0824	-15.0819	3.16495e-06	0	0	0	0.0271535	0.0270782	0	7.52298e-05		300	1.41291e-05	5.05151e-07	-5.29096e-07	2.39455e-08	0	0	0	1.41291e-05	0	-0.355028	-111.796	0	20.391	20.391	-1.5099e-14	5.32541	0	0	0	0	0	0	0	0	0	0	0	0	0	0	0	0	0	0	0	0	0	0	0	0	0	0	0	0	0	0	0	0	0	
1	1	1	37	1.11		300	0	0	0.00185	-0.00185	1.34928e-08	0	0	0	15.5006	-15.5001	3.16489e-06	0	0	0	0.0286826	0.0285928	0	8.98115e-05		300	1.68677e-05	6.05628e-07	-6.34336e-07	2.87079e-08	0	0	0	1.68677e-05	0	-0.355028	-111.796	0	20.391	20.391	-1.5099e-14	5.32541	0	0	0	0	0	0	0	0	0	0	0	0	0	0	0	0	0	0	0	0	0	0	0	0	0	0	0	0	0	0	0	0	0	
1	1	1	38	1.14		300	0	0	0.0019	-0.0019	1.60701e-08	0	0	0	15.9187	-15.9181	3.16483e-06	0	0	0	0.0302535	0.0301468	0	0.000106706		300	2.00408e-05	7.22846e-07	-7.5711e-07	3.42636e-08	0	0	0	2.00408e-05	0	-0.355028	-111.796	0	20.391	20.391	-1.5099e-14	5.32541	0	0	0	0	0	0	0	0	0	0	0	0	0	0	0	0	0	0	0	0	0	0	0	0	0	0	0	0	0	0	0	0	0	
1	1	1	39	1.17		300	0	0	0.00195	-0.00195	1.90641e-08	0	0	0	16.3367	-16.336	3.16474e-06	0	0	0	0.0318663	0.0317401	0	0.000126201		300	2.37023e-05	8.59021e-07	-8.99738e-07	4.07175e-08	0	0	0	2.37023e-05	0	-0.355028	-111.796	0	20.391	20.391	-1.5099e-14	5.32541	0	0	0	0	0	0	0	0	0	0	0	0	0	0	0	0	0	0	0	0	0	0	0	0	0	0	0	0	0	0	0	0	0	
1	1	1	40	1.2		300	0	0	0.002	-0.002	2.25282e-08	0	0	0	16.7545	-16.7536	3.16463e-06	0	0	0	0.0335208	0.0333722	0	0.000148611		300	2.79112e-05	1.01658e-06	-1.06477e-06	4.81849e-08	0	0	0	2.79112e-05	0	-0.355028	-111.796	0	20.391	20.391	-1.5099e-14	5.32541	0	0	0	0	0	0	0	0	0	0	0	0	0	0	0	0	0	0	0	0	0	0	0	0	0	0	0	0	0	0	0	0	0	
1	1	1	41	1.23		300	0	0	0.00205	-0.00205	2.65208e-08	0	0	0	17.1721	-17.1711	3.1645e-06	0	0	0	0.0352171	0.0350428	0	0.000174276		300	3.27314e-05	1.1982e-06	-1.25499e-06	5.67915e-08	0	0	0	3.27314e-05	0	-0.355028	-111.796	0	20.391	20.391	-1.5099e-14	5.32541	0	0	0	0	0	0	0	0	0	0	0	0	0	0	0	0	0	0	0	0	0	0	0	0	0	0	0	0	0	0	0	0	0	
1	1	1	42	1.26		300	0	0	0.0021	-0.0021	3.11058e-08	0	0	0	17.5894	-17.5883	3.16432e-06	0	0	0	0.0369551	0.0367515	0	0.000203564		300	3.82323e-05	1.40676e-06	-1.47343e-06	6.66749e-08	0	0	0	3.82323e-05	0	-0.355028	-111.796	0	20.391	20.391	-1.5099e-14	5.32541	0	0	0	0	0	0	0	0	0	0	0	0	0	0	0	0	0	0	0	0	0	0	0	0	0	0	0	0	0	0	0	0	0	
1	1	1	43	1.29		300	0	0	0.00215	-0.00215	3.63522e-08	0	0	0	18.0065	-18.0052	3.16411e-06	0	0	0	0.0387348	0.0384979	0	0.000236875		300	4.44886e-05	1.64543e-06	-1.72342e-06	7.79844e-08	0	0	0	4.44886e-05	0	-0.355028	-111.796	0	20.391	20.391	-1.5099e-14	5.32541	0	0	0	0	0	0	0	0	0	0	0	0	0	0	0	0	0	0	0	0	0	0	0	0	0	0	0	0	0	0	0	0	0	
1	1	1	44	1.32		300	0	0	0.0022	-0.0022	4.23353e-08	0	0	0	18.4234	-18.4218	3.16384e-06	0	0	0	0.0405562	0.0402816	0	0.000274637		300	5.1581e-05	1.91763e-06	-2.00851e-06	9.08817e-08	0	0	0	5.1581e-05	0	-0.355028	-111.796	0	20.391	20.391	-1.5099e-14	5.32541	0	0	0	0	0	0	0	0	0	0	0	0	0	0	0	0	0	0	0	0	0	0	0	0	0	0	0	0	0	0	0	0	0	
1	1	1	45	1.35		300	0	0	0.00225	-0.00225	4.91361e-08	0	0	0	18.8399	-18.8381	3.16351e-06	0	0	0	0.0424193	0.042102	0	0.000317311		300	5.95961e-05	2.22706e-06	-2.3326e-06	1.05542e-07	0	0	0	5.95961e-05	0	-0.355028	-111.796	0	20.391	20.391	-1.5099e-14	5.32541	0	0	0	0	0	0	0	0	0	0	0	0	0	0	0	0	0	0	0	0	0	0	0	0	0	0	0	0	0	0	0	0	0	
1	1	1	46	1.38		300	0	0	0.0023	-0.0023	5.6842e-08	0	0	0	19.2561	-19.254	3.16311e-06	0	0	0	0.044324	0.0439586	0	0.000365391		300	6.86264e-05	2.57769e-06	-2.69984e-06	1.22153e-07	0	0	0	6.86264e-05	0	-0.355028	-111.796	0	20.391	20.391	-1.5099e-14	5.32541	0	0	0	0	0	0	0	0	0	0	0	0	0	0	0	0	0	0	0	0	0	0	0	0	0	0	0	0	0	0	0	0	0	
1	1	1	47	1.41		300	0	0	0.00235	-0.00235	6.5547e-08	0	0	0	19.672	-19.6695	3.16262e-06	0	0	0	0.0462703	0.0458509	0	0.000419403		300	7.8771e-05	2.97382e-06	-3.11474e-06	1.40918e-07	0	0	0	7.8771e-05	0	-0.355028	-111.796	0	20.391	20.391	-1.5099e-14	5.32541	0	0	0	0	0	0	0	0	0	0	0	0	0	0	0	0	0	0	0	0	0	0	0	0	0	0	0	0	0	0	0	0	0	
1	1	1	48	1.44		300	0	0	0.0024	-0.0024	7.53516e-08	0	0	0	20.0874	-20.0846	3.16203e-06	0	0	0	0.0482582	0.0477782	0	0.00047991		300	9.01354e-05	3.42004e-06	-3.58209e-06	1.62053e-07	0	0	0	9.01354e-05	0	-0.355028	-111.796	0	20.391	20.391	-1.5099e-14	5.32541	0	0	0	0	0	0	0	0	0	0	0	0	0	0	0	0	0	0	0	0	0	0	0	0	0	0	0	0	0	0	0	0	0	
1	1	1	49	1.47		300	0	0	0.00245	-0.00245	8.63632e-08	0	0	0	20.5024	-20.4991	3.16131e-06	0	0	0	0.0502875	0.04974	0	0.000547507		300	0.000102831	3.92125e-06	-4.10704e-06	1.8579e-07	0	0	0	0.000102831	0	-0.355028	-111.796	0	20.391	20.391	-1.5099e-14	5.32541	0	0	0	0	0	0	0	0	0	0	0	0	0	0	0	0	0	0	0	0	0	0	0	0	0	0	0	0	0	0	0	0	0	
1	1	1	50	1.5		300	0	0	0.0025	-0.0025	9.86962e-08	0	0	0	20.9168	-20.9132	3.16044e-06	0	0	0	0.0523583	0.0517355	0	0.000622826		300	0.000116978	4.48267e-06	-4.69504e-06	2.12375e-07	0	0	0	0.000116978	0	-0.355028	-111.796	0	20.391	20.391	-1.5099e-14	5.32541	0	0	0	0	0	0	0	0	0	0	0	0	0	0	0	0	0	0	0	0	0	0	0	0	0	0	0	0	0	0	0	0	0	
1	1	1	51	1.53		300	0	0	0.00255	-0.00255	1.12472e-07	0	0	0	21.3308	-21.3266	3.15941e-06	0	0	0	0.0544705	0.0537639	0	0.000706534		300	0.0001327	5.10986e-06	-5.35193e-06	2.42071e-07	0	0	0	0.0001327	0	-0.355028	-111.796	0	20.391	20.391	-1.5099e-14	5.32541	0	0	0	0	0	0	0	0	0	0	0	0	0	0	0	0	0	0	0	0	0	0	0	0	0	0	0	0	0	0	0	0	0	
1	1	1	52	1.56		300	0	0	0.0026	-0.0026	1.2782e-07	0	0	0	21.7442	-21.7394	3.15818e-06	0	0	0	0.056624	0.0558246	0	0.000799334		300	0.00015013	5.80871e-06	-6.08387e-06	2.75155e-07	0	0	0	0.00015013	0	-0.355028	-111.796	0	20.391	20.391	-1.5099e-14	5.32541	0	0	0	0	0	0	0	0	0	0	0	0	0	0	0	0	0	0	0	0	0	0	0	0	0	0	0	0	0	0	0	0	0	
1	1	1	53	1.59		300	0	0	0.00265	-0.00265	1.44875e-07	0	0	0	22.1569	-22.1515	3.15673e-06	0	0	0	0.0588188	0.0579168	0	0.000901966		300	0.000169406	6.58544e-06	-6.89736e-06	3.1192e-07	0	0	0	0.000169406	0	-0.355028	-111.796	0	20.391	20.391	-1.5099e-14	5.32541	0	0	0	0	0	0	0	0	0	0	0	0	0	0	0	0	0	0	0	0	0	0	0	0	0	0	0	0	0	0	0	0	0	
1	1	1	54	1.62		300	0	0	0.0027	-0.0027	1.6378e-07	0	0	0	22.5689	-22.5628	3.15502e-06	0	0	0	0.0610548	0.0600396	0	0.0010152		300	0.000190674	7.44659e-06	-7.79926e-06	3.52674e-07	0	0	0	0.000190674	0	-0.355028	-111.796	0	20.391	20.391	-1.5099e-14	5.32541	0	0	0	0	0	0	0	0	0	0	0	0	0	0	0	0	0	0	0	0	0	0	0	0	0	0	0	0	0	0	0	0	0	
1	1	1	55	1.65		300	0	0	0.00275	-0.00275	1.84687e-07	0	0	0	22.9802	-22.9733	3.153e-06	0	0	0	0.0633319	0.0621921	0	0.00113985		300	0.000214086	8.39906e-06	-8.7968e-06	3.9774e-07	0	0	0	0.000214086	0	-0.355028	-111.796	0	20.391	20.391	-1.5099e-14	5.32541	0	0	0	0	0	0	0	0	0	0	0	0	0	0	0	0	0	0	0	0	0	0	0	0	0	0	0	0	0	0	0	0	0	
1	1	1	56	1.68		300	0	0	0.0028	-0.0028	2.07751e-07	0	0	0	23.3907	-23.3829	3.15065e-06	0	0	0	0.0656501	0.0643733	0	0.00127676		300	0.0002398	9.45006e-06	-9.89752e-06	4.47458e-07	0	0	0	0.0002398	0	-0.355028	-111.796	0	20.391	20.391	-1.5099e-14	5.32541	0	0	0	0	0	0	0	0	0	0	0	0	0	0	0	0	0	0	0	0	0	0	0	0	0	0	0	0	0	0	0	0	0	
1	1	1	57	1.71		300	0	0	0.00285	-0.00285	2.33137e-07	0	0	0	23.8003	-23.7916	3.14791e-06	0	0	0	0.0680092	0.0665824	0	0.0014268		300	0.000267981	1.06071e-05	-1.11093e-05	5.0218e-07	0	0	0	0.000267981	0	-0.355028	-111.796	0	20.391	20.391	-1.5099e-14	5.32541	0	0	0	0	0	0	0	0	0	0	0	0	0	0	0	0	0	0	0	0	0	0	0	0	0	0	0	0	0	0	0	0	0	
1	1	1	58	1.74		300	0	0	0.0029	-0.0029	2.61015e-07	0	0	0	24.209	-24.1992	3.14474e-06	0	0	0	0.0704092	0.0688184	0	0.00159088		300	0.000298798	1.18781e-05	-1.24404e-05	5.62276e-07	0	0	0	0.000298798	0	-0.355028	-111.796	0	20.391	20.391	-1.5099e-14	5.32541	0	0	0	0	0	0	0	0	0	0	0	0	0	0	0	0	0	0	0	0	0	0	0	0	0	0	0	0	0	0	0	0	0	
1	1	1	59	1.77		300	0	0	0.00295	-0.00295	2.91562e-07	0	0	0	24.6167	-24.6058	3.14108e-06	0	0	0	0.07285	0.0710801	0	0.00176993		300	0.000332428	1.32711e-05	-1.38993e-05	6.28125e-07	0	0	0	0.000332428	0	-0.355028	-111.796	0	20.391	20.391	-1.5099e-14	5.32541	0	0	0	0	0	0	0	0	0	0	0	0	0	0	0	0	0	0	0	0	0	0	0	0	0	0	0	0	0	0	0	0	0	
1	1	1	60	1.8		300	0	0	0.003	-0.003	3.24962e-07	0	0	0	25.0233	-25.0111	3.13688e-06	0	0	0	0.0753314	0.0733665	0	0.00196492		300	0.000369052	1.47947e-05	-1.54948e-05	7.00124e-07	0	0	0	0.000369052	0	-0.355028	-111.796	0	20.391	20.391	-1.5099e-14	5.32541	0	0	0	0	0	0	0	0	0	0	0	0	0	0	0	0	0	0	0	0	0	0	0	0	0	0	0	0	0	0	0	0	0	
1	1	1	61	1.83		300	0	0	0.00305	-0.00305	3.61403e-07	0	0	0	25.4288	-25.4153	3.13206e-06	0	0	0	0.0778534	0.0756765	0	0.00217685		300	0.000408857	1.64575e-05	-1.72362e-05	7.78676e-07	0	0	0	0.000408857	0	-0.355028	-111.796	0	20.391	20.391	-1.5099e-14	5.32541	0	0	0	0	0	0	0	0	0	0	0	0	0	0	0	0	0	0	0	0	0	0	0	0	0	0	0	0	0	0	0	0	0	
1	1	1	62	1.86		300	0	0	0.0031	-0.0031	4.01078e-07	0	0	0	25.8331	-25.818	3.12657e-06	0	0	0	0.0804158	0.078009	0	0.00240673		300	0.000452032	1.82684e-05	-1.91326e-05	8.64202e-07	0	0	0	0.000452032	0	-0.355028	-111.796	0	20.391	20.391	-1.5099e-14	5.32541	0	0	0	0	0	0	0	0	0	0	0	0	0	0	0	0	0	0	0	0	0	0	0	0	0	0	0	0	0	0	0	0	0	
1	1	1	63	1.89		300	0	0	0.00315	-0.00315	4.44185e-07	0	0	0	26.2361	-26.2194	3.12033e-06	0	0	0	0.0830184	0.0803628	0	0.00265558		300	0.000498771	2.02368e-05	-2.11939e-05	9.57126e-07	0	0	0	0.000498771	0	-0.355028	-111.796	0	20.391	20.391	-1.5099e-14	5.32541	0	0	0	0	0	0	0	0	0	0	0	0	0	0	0	0	0	0	0	0	0	0	0	0	0	0	0	0	0	0	0	0	0	
1	1	1	64	1.92		300	0	0	0.0032	-0.0032	4.90928e-07	0	0	0	26.6377	-26.6193	3.11328e-06	0	0	0	0.0856612	0.0827368	0	0.00292447		300	0.000549274	2.23719e-05	-2.34298e-05	1.05789e-06	0	0	0	0.000549274	0	-0.355028	-111.796	0	20.391	20.391	-1.5099e-14	5.32541	0	0	0	0	0	0	0	0	0	0	0	0	0	0	0	0	0	0	0	0	0	0	0	0	0	0	0	0	0	0	0	0	0	
1	1	1	65	1.95		300	0	0	0.00325	-0.00325	5.41511e-07	0	0	0	27.0379	-27.0176	3.10533e-06	0	0	0	0.088344	0.0851296	0	0.00321445		300	0.000603739	2.46834e-05	-2.58503e-05	1.16693e-06	0	0	0	0.000603739	0	-0.355028	-111.796	0	20.391	20.391	-1.5099e-14	5.32541	0	0	0	0	0	0	0	0	0	0	0	0	0	0	0	0	0	0	0	0	0	0	0	0	0	0	0	0	0	0	0	0	0	
1	1	1	66	1.98		300	0	0	0.0033	-0.0033	5.96142e-07	0	0	0	27.4365	-27.4142	3.09641e-06	0	0	0	0.0910667	0.0875401	0	0.00352662		300	0.000662369	2.7181e-05	-2.84657e-05	1.28469e-06	0	0	0	0.000662369	0	-0.355028	-111.796	0	20.391	20.391	-1.5099e-14	5.32541	0	0	0	0	0	0	0	0	0	0	0	0	0	0	0	0	0	0	0	0	0	0	0	0	0	0	0	0	0	0	0	0	0	
1	1	1	67	2.01		300	0	0	0.00335	-0.00335	6.55033e-07	0	0	0	27.8336	-27.8091	3.08643e-06	0	0	0	0.093829	0.089967	0	0.00386204		300	0.000725368	2.98745e-05	-3.12862e-05	1.41164e-06	0	0	0	0.000725368	0	-0.355028	-111.796	0	20.391	20.391	-1.5099e-14	5.32541	0	0	0	0	0	0	0	0	0	0	0	0	0	0	0	0	0	0	0	0	0	0	0	0	0	0	0	0	0	0	0	0	0	
1	1	1	68	2.04		300	0	0	0.0034	-0.0034	7.18394e-07	0	0	0	28.229	-28.2021	3.0753e-06	0	0	0	0.0966309	0.0924091	0	0.00422181		300	0.00079294	3.2774e-05	-3.43222e-05	1.54822e-06	0	0	0	0.00079294	0	-0.355028	-111.796	0	20.391	20.391	-1.5099e-14	5.32541	0	0	0	0	0	0	0	0	0	0	0	0	0	0	0	0	0	0	0	0	0	0	0	0	0	0	0	0	0	0	0	0	0	
1	1	1	69	2.07		300	0	0	0.00345	-0.00345	7.86437e-07	0	0	0	28.6226	-28.5932	3.06296e-06	0	0	0	0.099472	0.094865	0	0.00460702		300	0.000865288	3.58893e-05	-3.75842e-05	1.6949e-06	0	0	0	0.000865288	0	-0.355028	-111.796	0	20.391	20.391	-1.5099e-14	5.32541	0	0	0	0	0	0	0	0	0	0	0	0	0	0	0	0	0	0	0	0	0	0	0	0	0	0	0	0	0	0	0	0	0	
1	1	1	70	2.1		300	0	0	0.0035	-0.0035	8.59373e-07	0	0	0	29.0144	-28.9822	3.0493e-06	0	0	0	0.102352	0.0973336	0	0.00501874		300	0.000942617	3.92305e-05	-4.10826e-05	1.85212e-06	0	0	0	0.000942617	0	-0.355028	-111.796	0	20.391	20.391	-1.5099e-14	5.32541	0	0	0	0	0	0	0	0	0	0	0	0	0	0	0	0	0	0	0	0	0	0	0	0	0	0	0	0	0	0	0	0	0	
1	1	1	71	2.13		300	0	0	0.00355	-0.00355	9.37411e-07	0	0	0	29.4042	-29.3691	3.03424e-06	0	0	0	0.105272	0.0998135	0	0.00545805		300	0.00102513	4.28075e-05	-4.48278e-05	2.02035e-06	0	0	0	0.00102513	0	-0.355028	-111.796	0	20.391	20.391	-1.5099e-14	5.32541	0	0	0	0	0	0	0	0	0	0	0	0	0	0	0	0	0	0	0	0	0	0	0	0	0	0	0	0	0	0	0	0	0	
1	1	1	72	2.16		300	0	0	0.0036	-0.0036	1.02076e-06	0	0	0	29.792	-29.7538	3.01771e-06	0	0	0	0.10823	0.102304	0	0.00592601		300	0.00111302	4.66303e-05	-4.88303e-05	2.20002e-06	0	0	0	0.00111302	0	-0.355028	-111.796	0	20.391	20.391	-1.5099e-14	5.32541	0	0	0	0	0	0	0	0	0	0	0	0	0	0	0	0	0	0	0	0	0	0	0	0	0	0	0	0	0	0	0	0	0	
1	1	1	73	2.19		300	0	0	0.00365	-0.00365	1.10962e-06	0	0	0	30.1778	-30.1363	2.99961e-06	0	0	0	0.111226	0.104802	0	0.00642366		300	0.00120648	5.07087e-05	-5.31002e-05	2.39158e-06	0	0	0	0.00120648	0	-0.355028	-111.796	0	20.391	20.391	-1.5099e-14	5.32541	0	0	0	0	0	0	0	0	0	0	0	0	0	0	0	0	0	0	0	0	0	0	0	0	0	0	0	0	0	0	0	0	0	
1	1	1	74	2.22		300	0	0	0.0037	-0.0037	1.2042e-06	0	0	0	30.5614	-30.5163	2.97987e-06	0	0	0	0.114261	0.107309	0	0.00695202		300	0.00130572	5.50523e-05	-5.76477e-05	2.59546e-06	0	0	0	0.00130572	0	-0.355028	-111.796	0	20.391	20.391	-1.5099e-14	5.32541	0	0	0	0	0	0	0	0	0	0	0	0	0	0	0	0	0	0	0	0	0	0	0	0	0	0	0	0	0	0	0	0	0	
1	1	1	75	2.25		300	0	0	0.00375	-0.00375	1.30469e-06	0	0	0	30.9427	-30.8939	2.95842e-06	0	0	0	0.117334	0.109822	0	0.00751207		300	0.0014109	5.96706e-05	-6.24827e-05	2.81207e-06	0	0	0	0.0014109	0	-0.355028	-111.796	0	20.391	20.391	-1.5099e-14	5.32541	0	0	0	0	0	0	0	0	0	0	0	0	0	0	0	0	0	0	0	0	0	0	0	0	0	0	0	0	0	0	0	0	0	
1	1	1	76	2.28		300	0	0	0.0038	-0.0038	1.41127e-06	0	0	0	31.3217	-31.2689	2.93518e-06	0	0	0	0.120444	0.11234	0	0.0081048		300	0.00152222	6.4573e-05	-6.76148e-05	3.04183e-06	0	0	0	0.00152222	0	-0.355028	-111.796	0	20.391	20.391	-1.5099e-14	5.32541	0	0	0	0	0	0	0	0	0	0	0	0	0	0	0	0	0	0	0	0	0	0	0	0	0	0	0	0	0	0	0	0	0	
1	1	1	77	2.31		300	0	0	0.00385	-0.00385	1.52414e-06	0	0	0	31.6983	-31.6413	2.91009e-06	0	0	0	0.123593	0.114862	0	0.00873111		300	0.00163985	6.97683e-05	-7.30535e-05	3.28514e-06	0	0	0	0.00163985	0	-0.355028	-111.796	0	20.391	20.391	-1.5099e-14	5.32541	0	0	0	0	0	0	0	0	0	0	0	0	0	0	0	0	0	0	0	0	0	0	0	0	0	0	0	0	0	0	0	0	0	
1	1	1	78	2.34		300	0	0	0.0039	-0.0039	1.64347e-06	0	0	0	32.0725	-32.011	2.88308e-06	0	0	0	0.126778	0.117386	0	0.00939192		300	0.00176396	7.52655e-05	-7.88078e-05	3.54236e-06	0	0	0	0.00176396	0	-0.355028	-111.796	0	20.391	20.391	-1.5099e-14	5.32541	0	0	0	0	0	0	0	0	0	0	0	0	0	0	0	0	0	0	0	0	0	0	0	0	0	0	0	0	0	0	0	0	0	
1	1	1	79	2.37		300	0	0	0.00395	-0.00395	1.76941e-06	0	0	0	32.4441	-32.3779	2.85411e-06	0	0	0	0.130001	0.119913	0	0.0100881		300	0.0018947	8.10728e-05	-8.48866e-05	3.81386e-06	0	0	0	0.0018947	0	-0.355028	-111.796	0	20.391	20.391	-1.5099e-14	5.32541	0	0	0	0	0	0	0	0	0	0	0	0	0	0	0	0	0	0	0	0	0	0	0	0	0	0	0	0	0	0	0	0	0	
1	1	1	80	2.4		300	0	0	0.004	-0.004	1.90214e-06	0	0	0	32.8131	-32.7419	2.82313e-06	0	0	0	0.13326	0.12244	0	0.0108203		300	0.00203223	8.71983e-05	-9.12983e-05	4.09997e-06	0	0	0	0.00203223	0	-0.355028	-111.796	0	20.391	20.391	-1.5099e-14	5.32541	0	0	0	0	0	0	0	0	0	0	0	0	0	0	0	0	0	0	0	0	0	0	0	0	0	0	0	0	0	0	0	0	0	
1	1	1	81	2.43		300	0	0	0.00405	-0.00405	2.0418e-06	0	0	0	33.1795	-33.103	2.79011e-06	0	0	0	0.136556	0.124967	0	0.0115895		300	0.0021767	9.36498e-05	-9.80508e-05	4.40103e-06	0	0	0	0.0021767	0	-0.355028	-111.796	0	20.391	20.391	-1.5099e-14	5.32541	0	0	0	0	0	0	0	0	0	0	0	0	0	0	0	0	0	0	0	0	0	0	0	0	0	0	0	0	0	0	0	0	0	
1	1	1	82	2.46		300	0	0	0.0041	-0.0041	2.18852e-06	0	0	0	33.5431	-33.4612	2.755e-06	0	0	0	0.139888	0.127492	0	0.0123964		300	0.00232822	0.000100434	-0.000105152	4.71732e-06	0	0	0	0.00232822	0	-0.355028	-111.796	0	20.391	20.391	-1.5099e-14	5.32541	0	0	0	0	0	0	0	0	0	0	0	0	0	0	0	0	0	0	0	0	0	0	0	0	0	0	0	0	0	0	0	0	0	
1	1	1	83	2.49		300	0	0	0.00415	-0.00415	2.34245e-06	0	0	0	33.9039	-33.8162	2.71779e-06	0	0	0	0.143257	0.130015	0	0.0132414		300	0.00248694	0.000107559	-0.000112608	5.04912e-06	0	0	0	0.00248694	0	-0.355028	-111.796	0	20.391	20.391	-1.5099e-14	5.32541	0	0	0	0	0	0	0	0	0	0	0	0	0	0	0	0	0	0	0	0	0	0	0	0	0	0	0	0	0	0	0	0	0	
1	1	1	84	2.52		300	0	0	0.0042	-0.0042	2.50368e-06	0	0	0	34.262	-34.1682	2.67848e-06	0	0	0	0.14666	0.132535	0	0.0141254		300	0.00265295	0.00011503	-0.000120427	5.39668e-06	0	0	0	0.00265295	0	-0.355028	-111.796	0	20.391	20.391	-1.5099e-14	5.32541	0	0	0	0	0	0	0	0	0	0	0	0	0	0	0	0	0	0	0	0	0	0	0	0	0	0	0	0	0	0	0	0	0	
1	1	1	85	2.55		300	0	0	0.00425	-0.00425	2.67233e-06	0	0	0	34.6171	-34.517	2.63705e-06	0	0	0	0.150099	0.135051	0	0.0150488		300	0.00282638	0.000122854	-0.000128614	5.76024e-06	0	0	0	0.00282638	0	-0.355028	-111.796	0	20.391	20.391	-1.5099e-14	5.32541	0	0	0	0	0	0	0	0	0	0	0	0	0	0	0	0	0	0	0	0	0	0	0	0	0	0	0	0	0	0	0	0	0	
1	1	1	86	2.58		300	0	0	0.0043	-0.0043	2.84849e-06	0	0	0	34.9693	-34.8626	2.59352e-06	0	0	0	0.153574	0.137561	0	0.0160122		300	0.0030073	0.000131035	-0.000137175	6.13998e-06	0	0	0	0.0030073	0	-0.355028	-111.796	0	20.391	20.391	-1.5099e-14	5.32541	0	0	0	0	0	0	0	0	0	0	0	0	0	0	0	0	0	0	0	0	0	0	0	0	0	0	0	0	0	0	0	0	0	
1	1	1	87	2.61		300	0	0	0.00435	-0.00435	3.03225e-06	0	0	0	35.3185	-35.205	2.54789e-06	0	0	0	0.157082	0.140066	0	0.017016		300	0.00319581	0.000139579	-0.000146115	6.5361e-06	0	0	0	0.00319581	0	-0.355028	-111.796	0	20.391	20.391	-1.5099e-14	5.32541	0	0	0	0	0	0	0	0	0	0	0	0	0	0	0	0	0	0	0	0	0	0	0	0	0	0	0	0	0	0	0	0	0	
1	1	1	88	2.64		300	0	0	0.0044	-0.0044	3.22367e-06	0	0	0	35.6648	-35.5441	2.5002e-06	0	0	0	0.160626	0.142565	0	0.0180605		300	0.00339197	0.00014849	-0.000155439	6.94873e-06	0	0	0	0.00339197	0	-0.355028	-111.796	0	20.391	20.391	-1.5099e-14	5.32541	0	0	0	0	0	0	0	0	0	0	0	0	0	0	0	0	0	0	0	0	0	0	0	0	0	0	0	0	0	0	0	0	0	
1	1	1	89	2.67		300	0	0	0.00445	-0.00445	3.42281e-06	0	0	0	36.008	-35.8798	2.45047e-06	0	0	0	0.164203	0.145057	0	0.0191461		300	0.00359585	0.000157772	-0.00016515	7.37801e-06	0	0	0	0.00359585	0	-0.355028	-111.796	0	20.391	20.391	-1.5099e-14	5.32541	0	0	0	0	0	0	0	0	0	0	0	0	0	0	0	0	0	0	0	0	0	0	0	0	0	0	0	0	0	0	0	0	0	
1	1	1	90	2.7		300	0	0	0.0045	-0.0045	3.62971e-06	0	0	0	36.3481	-36.2122	2.39875e-06	0	0	0	0.167814	0.147541	0	0.0202731		300	0.0038075	0.00016743	-0.000175254	7.82403e-06	0	0	0	0.0038075	0	-0.355028	-111.796	0	20.391	20.391	-1.5099e-14	5.32541	0	0	0	0	0	0	0	0	0	0	0	0	0	0	0	0	0	0	0	0	0	0	0	0	0	0	0	0	0	0	0	0	0	
1	1	1	91	2.73		300	0	0	0.00455	-0.00455	3.84442e-06	0	0	0	36.6851	-36.5412	2.34507e-06	0	0	0	0.171459	0.150017	0	0.0214417		300	0.00402696	0.000177464	-0.000185751	8.28687e-06	0	0	0	0.00402696	0	-0.355028	-111.796	0	20.391	20.391	-1.5099e-14	5.32541	0	0	0	0	0	0	0	0	0	0	0	0	0	0	0	0	0	0	0	0	0	0	0	0	0	0	0	0	0	0	0	0	0	
1	1	1	92	2.76		300	0	0	0.0046	-0.0046	4.06696e-06	0	0	0	37.0191	-36.8668	2.28951e-06	0	0	0	0.175137	0.152485	0	0.022652		300	0.00425426	0.000187879	-0.000196646	8.76659e-06	0	0	0	0.00425426	0	-0.355028	-111.796	0	20.391	20.391	-1.5099e-14	5.32541	0	0	0	0	0	0	0	0	0	0	0	0	0	0	0	0	0	0	0	0	0	0	0	0	0	0	0	0	0	0	0	0	0	
1	1	1	93	2.79		300	0	0	0.00465	-0.00465	4.29733e-06	0	0	0	37.3499	-37.189	2.23211e-06	0	0	0	0.178847	0.154943	0	0.0239043		300	0.00448943	0.000198676	-0.000207939	9.26319e-06	0	0	0	0.00448943	0	-0.355028	-111.796	0	20.391	20.391	-1.5099e-14	5.32541	0	0	0	0	0	0	0	0	0	0	0	0	0	0	0	0	0	0	0	0	0	0	0	0	0	0	0	0	0	0	0	0	0	
1	1	1	94	2.82		300	0	0	0.0047	-0.0047	4.53554e-06	0	0	0	37.6775	-37.5077	2.17294e-06	0	0	0	0.182591	0.157392	0	0.0251984		300	0.00473247	0.000209857	-0.000219634	9.77669e-06	0	0	0	0.00473247	0	-0.355028	-111.796	0	20.391	20.391	-1.5099e-14	5.32541	0	0	0	0	0	0	0	0	0	0	0	0	0	0	0	0	0	0	0	0	0	0	0	0	0	0	0	0	0	0	0	0	0	
1	1	1	95	2.85		300	0	0	0.00475	-0.00475	4.78158e-06	0	0	0	38.0021	-37.8231	2.11208e-06	0	0	0	0.186366	0.159831	0	0.0265346		300	0.00498338	0.000221422	-0.000231729	1.03071e-05	0	0	0	0.00498338	0	-0.355028	-111.796	0	20.391	20.391	-1.5099e-14	5.32541	0	0	0	0	0	0	0	0	0	0	0	0	0	0	0	0	0	0	0	0	0	0	0	0	0	0	0	0	0	0	0	0	0	
1	1	1	96	2.88		300	0	0	0.0048	-0.0048	5.03542e-06	0	0	0	38.3234	-38.1349	2.04959e-06	0	0	0	0.190173	0.16226	0	0.0279126		300	0.00524217	0.000233373	-0.000244227	1.08543e-05	0	0	0	0.00524217	0	-0.355028	-111.796	0	20.391	20.391	-1.5099e-14	5.32541	0	0	0	0	0	0	0	0	0	0	0	0	0	0	0	0	0	0	0	0	0	0	0	0	0	0	0	0	0	0	0	0	0	
1	1	1	97	2.91		300	0	0	0.00485	-0.00485	5.29704e-06	0	0	0	38.6416	-38.4433	1.98557e-06	0	0	0	0.194011	0.164679	0	0.0293325		300	0.00550881	0.000245709	-0.000257127	1.14182e-05	0	0	0	0.00550881	0	-0.355028	-111.796	0	20.391	20.391	-1.5099e-14	5.32541	0	0	0	0	0	0	0	0	0	0	0	0	0	0	0	0	0	0	0	0	0	0	0	0	0	0	0	0	0	0	0	0	0	
1	1	1	98	2.94		300	0	0	0.0049	-0.0049	5.5664e-06	0	0	0	38.9567	-38.7483	1.92009e-06	0	0	0	0.197881	0.167087	0	0.0307941		300	0.00578329	0.000258431	-0.00027043	1.19989e-05	0	0	0	0.00578329	0	-0.355028	-111.796	0	20.391	20.391	-1.5099e-14	5.32541	0	0	0	0	0	0	0	0	0	0	0	0	0	0	0	0	0	0	0	0	0	0	0	0	0	0	0	0	0	0	0	0	0	
1	1	1	99	2.97		300	0	0	0.00495	-0.00495	5.84344e-06	0	0	0	39.2686	-39.0498	1.85323e-06	0	0	0	0.201782	0.169485	0	0.0322972		300	0.00606556	0.000271537	-0.000284133	1.25961e-05	0	0	0	0.00606556	0	-0.355028	-111.796	0	20.391	20.391	-1.5099e-14	5.32541	0	0	0	0	0	0	0	0	0	0	0	0	0	0	0	0	0	0	0	0	0	0	0	0	0	0	0	0	0	0	0	0	0	
1	1	1	100	3		300	0	0	0.005	-0.005	6.12811e-06	0	0	0	39.5774	-39.3479	1.78508e-06	0	0	0	0.205713	0.171871	0	0.0338417		300	0.0063556	0.000285027	-0.000298236	1.32097e-05	0	0	0	0.0063556	0	-0.355028	-111.796	0	20.391	20.391	-1.5099e-14	5.32541	0	0	0	0	0	0	0	0	0	0	0	0	0	0	0	0	0	0	0	0	0	0	0	0	0	0	0	0	0	0	0	0	0	
1	1	1	101	3.03		300	0	0	0.00505	-0.00505	6.42034e-06	0	0	0	39.883	-39.6426	1.71574e-06	0	0	0	0.209674	0.174247	0	0.0354273		300	0.00665336	0.000298899	-0.000312739	1.38397e-05	0	0	0	0.00665336	0	-0.355028	-111.796	0	20.391	20.391	-1.5099e-14	5.32541	0	0	0	0	0	0	0	0	0	0	0	0	0	0	0	0	0	0	0	0	0	0	0	0	0	0	0	0	0	0	0	0	0	
1	1	1	102	3.06		300	0	0	0.0051	-0.0051	6.72007e-06	0	0	0	40.1855	-39.9339	1.64527e-06	0	0	0	0.213665	0.176612	0	0.0370537		300	0.00695878	0.000313152	-0.000327637	1.44858e-05	0	0	0	0.00695878	0	-0.355028	-111.796	0	20.391	20.391	-1.5099e-14	5.32541	0	0	0	0	0	0	0	0	0	0	0	0	0	0	0	0	0	0	0	0	0	0	0	0	0	0	0	0	0	0	0	0	0	
1	1	1	103	3.09		300	0	0	0.00515	-0.00515	7.02721e-06	0	0	0	40.4849	-40.2218	1.57378e-06	0	0	0	0.217686	0.178965	0	0.0387206		300	0.0072718	0.000327783	-0.000342931	1.51479e-05	0	0	0	0.0072718	0	-0.355028	-111.796	0	20.391	20.391	-1.5099e-14	5.32541	0	0	0	0	0	0	0	0	0	0	0	0	0	0	0	0	0	0	0	0	0	0	0	0	0	0	0	0	0	0	0	0	0	
1	1	1	104	3.12		300	0	0	0.0052	-0.0052	7.34167e-06	0	0	0	40.7813	-40.5064	1.50135e-06	0	0	0	0.221736	0.181308	0	0.0404278		300	0.00759237	0.00034279	-0.000358616	1.58257e-05	0	0	0	0.00759237	0	-0.355028	-111.796	0	20.391	20.391	-1.5099e-14	5.32541	0	0	0	0	0	0	0	0	0	0	0	0	0	0	0	0	0	0	0	0	0	0	0	0	0	0	0	0	0	0	0	0	0	
1	1	1	105	3.15		300	0	0	0.00525	-0.00525	7.66336e-06	0	0	0	41.0745	-40.7876	1.42806e-06	0	0	0	0.225815	0.18364	0	0.0421747		300	0.00792042	0.000358171	-0.000374691	1.65192e-05	0	0	0	0.00792042	0	-0.355028	-111.796	0	20.391	20.391	-1.5099e-14	5.32541	0	0	0	0	0	0	0	0	0	0	0	0	0	0	0	0	0	0	0	0	0	0	0	0	0	0	0	0	0	0	0	0	0	
1	1	1	106	3.18		300	0	0	0.0053	-0.0053	7.99219e-06	0	0	0	41.3648	-41.0655	1.354e-06	0	0	0	0.229922	0.185961	0	0.043961		300	0.00825587	0.000373923	-0.000391152	1.7228e-05	0	0	0	0.00825587	0	-0.355028	-111.796	0	20.391	20.391	-1.5099e-14	5.32541	0	0	0	0	0	0	0	0	0	0	0	0	0	0	0	0	0	0	0	0	0	0	0	0	0	0	0	0	0	0	0	0	0	
1	1	1	107	3.21		300	0	0	0.00535	-0.00535	8.32804e-06	0	0	0	41.652	-41.3402	1.27925e-06	0	0	0	0.234057	0.188271	0	0.0457864		300	0.00859864	0.000390043	-0.000407995	1.7952e-05	0	0	0	0.00859864	0	-0.355028	-111.796	0	20.391	20.391	-1.5099e-14	5.32541	0	0	0	0	0	0	0	0	0	0	0	0	0	0	0	0	0	0	0	0	0	0	0	0	0	0	0	0	0	0	0	0	0	
1	1	1	108	3.24		300	0	0	0.0054	-0.0054	8.67083e-06	0	0	0	41.9362	-41.6116	1.20388e-06	0	0	0	0.238221	0.190571	0	0.0476504		300	0.00894865	0.000406527	-0.000425218	1.86909e-05	0	0	0	0.00894865	0	-0.355028	-111.796	0	20.391	20.391	-1.5099e-14	5.32541	0	0	0	0	0	0	0	0	0	0	0	0	0	0	0	0	0	0	0	0	0	0	0	0	0	0	0	0	0	0	0	0	0	
1	1	1	109	3.27		300	0	0	0.00545	-0.00545	9.02042e-06	0	0	0	42.2175	-41.8798	1.12798e-06	0	0	0	0.242412	0.19286	0	0.0495525		300	0.00930583	0.000423373	-0.000442817	1.94445e-05	0	0	0	0.00930583	0	-0.355028	-111.796	0	20.391	20.391	-1.5099e-14	5.32541	0	0	0	0	0	0	0	0	0	0	0	0	0	0	0	0	0	0	0	0	0	0	0	0	0	0	0	0	0	0	0	0	0	
1	1	1	110	3.3		300	0	0	0.0055	-0.0055	9.37672e-06	0	0	0	42.4958	-42.1448	1.05162e-06	0	0	0	0.24663	0.195138	0	0.0514922		300	0.00967008	0.000440575	-0.000460788	2.02126e-05	0	0	0	0.00967008	0	-0.355028	-111.796	0	20.391	20.391	-1.5099e-14	5.32541	0	0	0	0	0	0	0	0	0	0	0	0	0	0	0	0	0	0	0	0	0	0	0	0	0	0	0	0	0	0	0	0	0	
1	1	1	111	3.33		300	0	0	0.00555	-0.00555	9.73959e-06	0	0	0	42.7712	-42.4066	9.74868e-07	0	0	0	0.250876	0.197407	0	0.0534692		300	0.0100413	0.000458131	-0.000479126	2.09948e-05	0	0	0	0.0100413	0	-0.355028	-111.796	0	20.391	20.391	-1.5099e-14	5.32541	0	0	0	0	0	0	0	0	0	0	0	0	0	0	0	0	0	0	0	0	0	0	0	0	0	0	0	0	0	0	0	0	0	
1	1	1	112	3.36		300	0	0	0.0056	-0.0056	1.01089e-05	0	0	0	43.0438	-42.6654	8.97793e-07	0	0	0	0.255148	0.199665	0	0.0554828		300	0.0104194	0.000476036	-0.000497827	2.1791e-05	0	0	0	0.0104194	0	-0.355028	-111.796	0	20.391	20.391	-1.5099e-14	5.32541	0	0	0	0	0	0	0	0	0	0	0	0	0	0	0	0	0	0	0	0	0	0	0	0	0	0	0	0	0	0	0	0	0	
1	1	1	113	3.39		300	0	0	0.00565	-0.00565	1.04846e-05	0	0	0	43.3136	-42.921	8.20459e-07	0	0	0	0.259447	0.201914	0	0.0575326		300	0.0108043	0.000494287	-0.000516888	2.26008e-05	0	0	0	0.0108043	0	-0.355028	-111.796	0	20.391	20.391	-1.5099e-14	5.32541	0	0	0	0	0	0	0	0	0	0	0	0	0	0	0	0	0	0	0	0	0	0	0	0	0	0	0	0	0	0	0	0	0	
1	1	1	114	3.42		300	0	0	0.0057	-0.0057	1.08665e-05	0	0	0	43.5805	-43.1737	7.42928e-07	0	0	0	0.263771	0.204153	0	0.0596182		300	0.0111959	0.000512879	-0.000536303	2.3424e-05	0	0	0	0.0111959	0	-0.355028	-111.796	0	20.391	20.391	-1.5099e-14	5.32541	0	0	0	0	0	0	0	0	0	0	0	0	0	0	0	0	0	0	0	0	0	0	0	0	0	0	0	0	0	0	0	0	0	
1	1	1	115	3.45		300	0	0	0.00575	-0.00575	1.12545e-05	0	0	0	43.8447	-43.4233	6.65257e-07	0	0	0	0.268122	0.206383	0	0.0617388		300	0.0115941	0.000531808	-0.000556069	2.42604e-05	0	0	0	0.0115941	0	-0.355028	-111.796	0	20.391	20.391	-1.5099e-14	5.32541	0	0	0	0	0	0	0	0	0	0	0	0	0	0	0	0	0	0	0	0	0	0	0	0	0	0	0	0	0	0	0	0	0	
1	1	1	116	3.48		300	0	0	0.0058	-0.0058	1.16484e-05	0	0	0	44.1061	-43.67	5.87501e-07	0	0	0	0.272498	0.208604	0	0.0638941		300	0.0119989	0.00055107	-0.000576179	2.51095e-05	0	0	0	0.0119989	0	-0.355028	-111.796	0	20.391	20.391	-1.5099e-14	5.32541	0	0	0	0	0	0	0	0	0	0	0	0	0	0	0	0	0	0	0	0	0	0	0	0	0	0	0	0	0	0	0	0	0	
1	1	1	117	3.51		300	0	0	0.00585	-0.00585	1.20482e-05	0	0	0	44.3649	-43.9138	5.09712e-07	0	0	0	0.276899	0.210816	0	0.0660835		300	0.01241	0.000570659	-0.00059663	2.59713e-05	0	0	0	0.01241	0	-0.355028	-111.796	0	20.391	20.391	-1.5099e-14	5.32541	0	0	0	0	0	0	0	0	0	0	0	0	0	0	0	0	0	0	0	0	0	0	0	0	0	0	0	0	0	0	0	0	0	
1	1	1	118	3.54		300	0	0	0.0059	-0.0059	1.24536e-05	0	0	0	44.621	-44.1547	4.31936e-07	0	0	0	0.281326	0.213019	0	0.0683065		300	0.0128274	0.000590572	-0.000617418	2.68453e-05	0	0	0	0.0128274	0	-0.355028	-111.796	0	20.391	20.391	-1.5099e-14	5.32541	0	0	0	0	0	0	0	0	0	0	0	0	0	0	0	0	0	0	0	0	0	0	0	0	0	0	0	0	0	0	0	0	0	
1	1	1	119	3.57		300	0	0	0.00595	-0.00595	1.28647e-05	0	0	0	44.8745	-44.3928	3.54218e-07	0	0	0	0.285777	0.215214	0	0.0705625		300	0.013251	0.000610804	-0.000638536	2.77314e-05	0	0	0	0.013251	0	-0.355028	-111.796	0	20.391	20.391	-1.5099e-14	5.32541	0	0	0	0	0	0	0	0	0	0	0	0	0	0	0	0	0	0	0	0	0	0	0	0	0	0	0	0	0	0	0	0	0	
1	1	1	120	3.6		300	0	0	0.006	-0.006	1.32811e-05	0	0	0	45.1253	-44.6281	2.766e-07	0	0	0	0.290252	0.217401	0	0.072851		300	0.0136807	0.000631351	-0.00065998	2.86292e-05	0	0	0	0.0136807	0	-0.355028	-111.796	0	20.391	20.391	-1.5099e-14	5.32541	0	0	0	0	0	0	0	0	0	0	0	0	0	0	0	0	0	0	0	0	0	0	0	0	0	0	0	0	0	0	0	0	0	
1	1	1	121	3.63		300	0	0	0.00605	-0.00605	1.3703e-05	0	0	0	45.3737	-44.8607	1.99119e-07	0	0	0	0.294752	0.219581	0	0.0751714		300	0.0141164	0.000652208	-0.000681746	2.95385e-05	0	0	0	0.0141164	0	-0.355028	-111.796	0	20.391	20.391	-1.5099e-14	5.32541	0	0	0	0	0	0	0	0	0	0	0	0	0	0	0	0	0	0	0	0	0	0	0	0	0	0	0	0	0	0	0	0	0	
1	1	1	122	3.66		300	0	0	0.0061	-0.0061	1.41299e-05	0	0	0	45.6195	-45.0905	1.21811e-07	0	0	0	0.299276	0.221752	0	0.0775233		300	0.014558	0.000673369	-0.000703828	3.04589e-05	0	0	0	0.014558	0	-0.355028	-111.796	0	20.391	20.391	-1.5099e-14	5.32541	0	0	0	0	0	0	0	0	0	0	0	0	0	0	0	0	0	0	0	0	0	0	0	0	0	0	0	0	0	0	0	0	0	
1	1	1	123	3.69		300	0	0	0.00615	-0.00615	1.4562e-05	0	0	0	45.8629	-45.3177	4.47078e-08	0	0	0	0.303823	0.223917	0	0.0799061		300	0.0150054	0.000694832	-0.000726222	3.13903e-05	0	0	0	0.0150054	0	-0.355028	-111.796	0	20.391	20.391	-1.5099e-14	5.32541	0	0	0	0	0	0	0	0	0	0	0	0	0	0	0	0	0	0	0	0	0	0	0	0	0	0	0	0	0	0	0	0	0	
1	1	1	124	3.72		300	0	0	0.0062	-0.0062	1.4999e-05	0	0	0	46.1038	-45.5423	-3.21618e-08	0	0	0	0.308394	0.226074	0	0.0823192		300	0.0154585	0.00071659	-0.000748922	3.23322e-05	0	0	0	0.0154585	0	-0.355028	-111.796	0	20.391	20.391	-1.5099e-14	5.32541	0	0	0	0	0	0	0	0	0	0	0	0	0	0	0	0	0	0	0	0	0	0	0	0	0	0	0	0	0	0	0	0	0	
1	1	1	125	3.75		300	0	0	0.00625	-0.00625	1.54408e-05	0	0	0	46.3424	-45.7643	-1.08771e-07	0	0	0	0.312987	0.228225	0	0.0847621		300	0.0159172	0.00073864	-0.000771924	3.32846e-05	0	0	0	0.0159172	0	-0.355028	-111.796	0	20.391	20.391	-1.5099e-14	5.32541	0	0	0	0	0	0	0	0	0	0	0	0	0	0	0	0	0	0	0	0	0	0	0	0	0	0	0	0	0	0	0	0	0	
1	1	1	126	3.78		300	0	0	0.0063	-0.0063	1.58872e-05	0	0	0	46.5786	-45.9838	-1.85096e-07	0	0	0	0.317604	0.23037	0	0.0872344		300	0.0163815	0.000760976	-0.000795223	3.4247e-05	0	0	0	0.0163815	0	-0.355028	-111.796	0	20.391	20.391	-1.5099e-14	5.32541	0	0	0	0	0	0	0	0	0	0	0	0	0	0	0	0	0	0	0	0	0	0	0	0	0	0	0	0	0	0	0	0	0	
1	1	1	127	3.81		300	0	0	0.00635	-0.00635	1.63383e-05	0	0	0	46.8124	-46.2007	-2.61115e-07	0	0	0	0.322244	0.232508	0	0.0897354		300	0.0168511	0.000783595	-0.000818814	3.52193e-05	0	0	0	0.0168511	0	-0.355028	-111.796	0	20.391	20.391	-1.5099e-14	5.32541	0	0	0	0	0	0	0	0	0	0	0	0	0	0	0	0	0	0	0	0	0	0	0	0	0	0	0	0	0	0	0	0	0	
1	1	1	128	3.84		300	0	0	0.0064	-0.0064	1.67937e-05	0	0	0	47.044	-46.4153	-3.36809e-07	0	0	0	0.326905	0.234641	0	0.0922647		300	0.017326	0.000806491	-0.000842693	3.62011e-05	0	0	0	0.017326	0	-0.355028	-111.796	0	20.391	20.391	-1.5099e-14	5.32541	0	0	0	0	0	0	0	0	0	0	0	0	0	0	0	0	0	0	0	0	0	0	0	0	0	0	0	0	0	0	0	0	0	
1	1	1	129	3.87		300	0	0	0.00645	-0.00645	1.72535e-05	0	0	0	47.2733	-46.6274	-4.12162e-07	0	0	0	0.331589	0.236768	0	0.0948218		300	0.0178061	0.000829661	-0.000866853	3.71922e-05	0	0	0	0.0178061	0	-0.355028	-111.796	0	20.391	20.391	-1.5099e-14	5.32541	0	0	0	0	0	0	0	0	0	0	0	0	0	0	0	0	0	0	0	0	0	0	0	0	0	0	0	0	0	0	0	0	0	
1	1	1	130	3.9		300	0	0	0.0065	-0.0065	1.77175e-05	0	0	0	47.5005	-46.8371	-4.87158e-07	0	0	0	0.336295	0.238889	0	0.0974062		300	0.0182914	0.0008531	-0.000891292	3.81924e-05	0	0	0	0.0182914	0	-0.355028	-111.796	0	20.391	20.391	-1.5099e-14	5.32541	0	0	0	0	0	0	0	0	0	0	0	0	0	0	0	0	0	0	0	0	0	0	0	0	0	0	0	0	0	0	0	0	0	
1	1	1	131	3.93		300	0	0	0.00655	-0.00655	1.81856e-05	0	0	0	47.7254	-47.0445	-5.61785e-07	0	0	0	0.341023	0.241006	0	0.100017		300	0.0187816	0.000876803	-0.000916004	3.92014e-05	0	0	0	0.0187816	0	-0.355028	-111.796	0	20.391	20.391	-1.5099e-14	5.32541	0	0	0	0	0	0	0	0	0	0	0	0	0	0	0	0	0	0	0	0	0	0	0	0	0	0	0	0	0	0	0	0	0	
1	1	1	132	3.96		300	0	0	0.0066	-0.0066	1.86576e-05	0	0	0	47.9482	-47.2497	-6.36031e-07	0	0	0	0.345772	0.243118	0	0.102655		300	0.0192768	0.000900765	-0.000940984	4.02189e-05	0	0	0	0.0192768	0	-0.355028	-111.796	0	20.391	20.391	-1.5099e-14	5.32541	0	0	0	0	0	0	0	0	0	0	0	0	0	0	0	0	0	0	0	0	0	0	0	0	0	0	0	0	0	0	0	0	0	
1	1	1	133	3.99		300	0	0	0.00665	-0.00665	1.91334e-05	0	0	0	48.1689	-47.4526	-7.09888e-07	0	0	0	0.350543	0.245225	0	0.105318		300	0.0197769	0.000924984	-0.000966228	4.12447e-05	0	0	0	0.0197769	0	-0.355028	-111.796	0	20.391	20.391	-1.5099e-14	5.32541	0	0	0	0	0	0	0	0	0	0	0	0	0	0	0	0	0	0	0	0	0	0	0	0	0	0	0	0	0	0	0	0	0	
1	1	1	134	4.02		300	0	0	0.0067	-0.0067	1.9613e-05	0	0	0	48.3875	-47.6532	-7.83348e-07	0	0	0	0.355334	0.247328	0	0.108006		300	0.0202817	0.000949454	-0.000991732	4.22785e-05	0	0	0	0.0202817	0	-0.355028	-111.796	0	20.391	20.391	-1.5099e-14	5.32541	0	0	0	0	0	0	0	0	0	0	0	0	0	0	0	0	0	0	0	0	0	0	0	0	0	0	0	0	0	0	0	0	0	
1	1	1	135	4.05		300	0	0	0.00675	-0.00675	2.00963e-05	0	0	0	48.6041	-47.8517	-8.56405e-07	0	0	0	0.360147	0.249427	0	0.11072		300	0.0207911	0.000974171	-0.00101749	4.33202e-05	0	0	0	0.0207911	0	-0.355028	-111.796	0	20.391	20.391	-1.5099e-14	5.32541	0	0	0	0	0	0	0	0	0	0	0	0	0	0	0	0	0	0	0	0	0	0	0	0	0	0	0	0	0	0	0	0	0	
1	1	1	136	4.08		300	0	0	0.0068	-0.0068	2.0583e-05	0	0	0	48.8187	-48.0481	-9.29054e-07	0	0	0	0.36498	0.251522	0	0.113457		300	0.0213052	0.000999131	-0.0010435	4.43694e-05	0	0	0	0.0213052	0	-0.355028	-111.796	0	20.391	20.391	-1.5099e-14	5.32541	0	0	0	0	0	0	0	0	0	0	0	0	0	0	0	0	0	0	0	0	0	0	0	0	0	0	0	0	0	0	0	0	0	
1	1	1	137	4.11		300	0	0	0.00685	-0.00685	2.10731e-05	0	0	0	49.0313	-48.2423	-1.00129e-06	0	0	0	0.369833	0.253614	0	0.116219		300	0.0218237	0.00102433	-0.00106976	4.5426e-05	0	0	0	0.0218237	0	-0.355028	-111.796	0	20.391	20.391	-1.5099e-14	5.32541	0	0	0	0	0	0	0	0	0	0	0	0	0	0	0	0	0	0	0	0	0	0	0	0	0	0	0	0	0	0	0	0	0	
1	1	1	138	4.14		300	0	0	0.0069	-0.0069	2.15666e-05	0	0	0	49.242	-48.4345	-1.07312e-06	0	0	0	0.374707	0.255703	0	0.119004		300	0.0223466	0.00104976	-0.00109625	4.64897e-05	0	0	0	0.0223466	0	-0.355028	-111.796	0	20.391	20.391	-1.5099e-14	5.32541	0	0	0	0	0	0	0	0	0	0	0	0	0	0	0	0	0	0	0	0	0	0	0	0	0	0	0	0	0	0	0	0	0	
1	1	1	139	4.17		300	0	0	0.00695	-0.00695	2.20632e-05	0	0	0	49.4507	-48.6247	-1.14453e-06	0	0	0	0.379601	0.257789	0	0.121812		300	0.0228739	0.00107543	-0.00112299	4.75603e-05	0	0	0	0.0228739	0	-0.355028	-111.796	0	20.391	20.391	-1.5099e-14	5.32541	0	0	0	0	0	0	0	0	0	0	0	0	0	0	0	0	0	0	0	0	0	0	0	0	0	0	0	0	0	0	0	0	0	
1	1	1	140	4.2		300	0	0	0.007	-0.007	2.2563e-05	0	0	0	49.6577	-48.8129	-1.21552e-06	0	0	0	0.384514	0.259871	0	0.124643		300	0.0234054	0.00110132	-0.00114996	4.86376e-05	0	0	0	0.0234054	0	-0.355028	-111.796	0	20.391	20.391	-1.5099e-14	5.32541	0	0	0	0	0	0	0	0	0	0	0	0	0	0	0	0	0	0	0	0	0	0	0	0	0	0	0	0	0	0	0	0	0	
1	1	1	141	4.23		300	0	0	0.00705	-0.00705	2.30657e-05	0	0	0	49.8627	-48.9992	-1.28611e-06	0	0	0	0.389448	0.261952	0	0.127496		300	0.0239411	0.00112743	-0.00117715	4.97213e-05	0	0	0	0.0239411	0	-0.355028	-111.796	0	20.391	20.391	-1.5099e-14	5.32541	0	0	0	0	0	0	0	0	0	0	0	0	0	0	0	0	0	0	0	0	0	0	0	0	0	0	0	0	0	0	0	0	0	
1	1	1	142	4.26		300	0	0	0.0071	-0.0071	2.35714e-05	0	0	0	50.066	-49.1835	-1.35628e-06	0	0	0	0.394401	0.26403	0	0.130371		300	0.0244808	0.00115377	-0.00120458	5.08113e-05	0	0	0	0.0244808	0	-0.355028	-111.796	0	20.391	20.391	-1.5099e-14	5.32541	0	0	0	0	0	0	0	0	0	0	0	0	0	0	0	0	0	0	0	0	0	0	0	0	0	0	0	0	0	0	0	0	0	
1	1	1	143	4.29		300	0	0	0.00715	-0.00715	2.40798e-05	0	0	0	50.2674	-49.3659	-1.42604e-06	0	0	0	0.399373	0.266106	0	0.133267		300	0.0250246	0.00118032	-0.00123222	5.19074e-05	0	0	0	0.0250246	0	-0.355028	-111.796	0	20.391	20.391	-1.5099e-14	5.32541	0	0	0	0	0	0	0	0	0	0	0	0	0	0	0	0	0	0	0	0	0	0	0	0	0	0	0	0	0	0	0	0	0	
1	1	1	144	4.32		300	0	0	0.0072	-0.0072	2.4591e-05	0	0	0	50.4672	-49.5465	-1.49539e-06	0	0	0	0.404364	0.26818	0	0.136184		300	0.0255723	0.00120708	-0.00126009	5.30093e-05	0	0	0	0.0255723	0	-0.355028	-111.796	0	20.391	20.391	-1.5099e-14	5.32541	0	0	0	0	0	0	0	0	0	0	0	0	0	0	0	0	0	0	0	0	0	0	0	0	0	0	0	0	0	0	0	0	0	
1	1	1	145	4.35		300	0	0	0.00725	-0.00725	2.51048e-05	0	0	0	50.6652	-49.7253	-1.56435e-06	0	0	0	0.409374	0.270252	0	0.139122		300	0.0261239	0.00123405	-0.00128816	5.41168e-05	0	0	0	0.0261239	0	-0.355028	-111.796	0	20.391	20.391	-1.5099e-14	5.32541	0	0	0	0	0	0	0	0	0	0	0	0	0	0	0	0	0	0	0	0	0	0	0	0	0	0	0	0	0	0	0	0	0	
1	1	1	146	4.38		300	0	0	0.0073	-0.0073	2.56211e-05	0	0	0	50.8615	-49.9023	-1.63291e-06	0	0	0	0.414403	0.272323	0	0.14208		300	0.0266792	0.00126122	-0.00131645	5.52299e-05	0	0	0	0.0266792	0	-0.355028	-111.796	0	20.391	20.391	-1.5099e-14	5.32541	0	0	0	0	0	0	0	0	0	0	0	0	0	0	0	0	0	0	0	0	0	0	0	0	0	0	0	0	0	0	0	0	0	
1	1	1	147	4.41		300	0	0	0.00735	-0.00735	2.61399e-05	0	0	0	51.0561	-50.0775	-1.70107e-06	0	0	0	0.41945	0.274393	0	0.145058		300	0.0272383	0.0012886	-0.00134495	5.63482e-05	0	0	0	0.0272383	0	-0.355028	-111.796	0	20.391	20.391	-1.5099e-14	5.32541	0	0	0	0	0	0	0	0	0	0	0	0	0	0	0	0	0	0	0	0	0	0	0	0	0	0	0	0	0	0	0	0	0	
1	1	1	148	4.44		300	0	0	0.0074	-0.0074	2.66611e-05	0	0	0	51.2491	-50.251	-1.76885e-06	0	0	0	0.424516	0.276461	0	0.148055		300	0.0278011	0.00131617	-0.00137364	5.74716e-05	0	0	0	0.0278011	0	-0.355028	-111.796	0	20.391	20.391	-1.5099e-14	5.32541	0	0	0	0	0	0	0	0	0	0	0	0	0	0	0	0	0	0	0	0	0	0	0	0	0	0	0	0	0	0	0	0	0	
1	1	1	149	4.47		300	0	0	0.00745	-0.00745	2.71845e-05	0	0	0	51.4405	-50.4228	-1.83624e-06	0	0	0	0.4296	0.278529	0	0.151071		300	0.0283674	0.00134394	-0.00140254	5.85999e-05	0	0	0	0.0283674	0	-0.355028	-111.796	0	20.391	20.391	-1.5099e-14	5.32541	0	0	0	0	0	0	0	0	0	0	0	0	0	0	0	0	0	0	0	0	0	0	0	0	0	0	0	0	0	0	0	0	0	
1	1	1	150	4.5		300	0	0	0.0075	-0.0075	2.77101e-05	0	0	0	51.6304	-50.5929	-1.90327e-06	0	0	0	0.434702	0.280596	0	0.154106		300	0.0289372	0.0013719	-0.00143163	5.97329e-05	0	0	0	0.0289372	0	-0.355028	-111.796	0	20.391	20.391	-1.5099e-14	5.32541	0	0	0	0	0	0	0	0	0	0	0	0	0	0	0	0	0	0	0	0	0	0	0	0	0	0	0	0	0	0	0	0	0	
1	1	1	151	4.53		300	0	0	0.00755	-0.00755	2.82378e-05	0	0	0	51.8186	-50.7615	-1.96992e-06	0	0	0	0.439822	0.282663	0	0.157159		300	0.0295105	0.00140005	-0.00146092	6.08705e-05	0	0	0	0.0295105	0	-0.355028	-111.796	0	20.391	20.391	-1.5099e-14	5.32541	0	0	0	0	0	0	0	0	0	0	0	0	0	0	0	0	0	0	0	0	0	0	0	0	0	0	0	0	0	0	0	0	0	
1	1	1	152	4.56		300	0	0	0.0076	-0.0076	2.87676e-05	0	0	0	52.0054	-50.9284	-2.03621e-06	0	0	0	0.44496	0.284729	0	0.160231		300	0.0300872	0.00142838	-0.00149039	6.20125e-05	0	0	0	0.0300872	0	-0.355028	-111.796	0	20.391	20.391	-1.5099e-14	5.32541	0	0	0	0	0	0	0	0	0	0	0	0	0	0	0	0	0	0	0	0	0	0	0	0	0	0	0	0	0	0	0	0	0	
1	1	1	153	4.59		300	0	0	0.00765	-0.00765	2.92993e-05	0	0	0	52.1906	-51.0937	-2.10215e-06	0	0	0	0.450116	0.286796	0	0.16332		300	0.0306672	0.00145689	-0.00152005	6.31588e-05	0	0	0	0.0306672	0	-0.355028	-111.796	0	20.391	20.391	-1.5099e-14	5.32541	0	0	0	0	0	0	0	0	0	0	0	0	0	0	0	0	0	0	0	0	0	0	0	0	0	0	0	0	0	0	0	0	0	
1	1	1	154	4.62		300	0	0	0.0077	-0.0077	2.9833e-05	0	0	0	52.3744	-51.2575	-2.16774e-06	0	0	0	0.455289	0.288862	0	0.166427		300	0.0312505	0.00148558	-0.00154989	6.43091e-05	0	0	0	0.0312505	0	-0.355028	-111.796	0	20.391	20.391	-1.5099e-14	5.32541	0	0	0	0	0	0	0	0	0	0	0	0	0	0	0	0	0	0	0	0	0	0	0	0	0	0	0	0	0	0	0	0	0	
1	1	1	155	4.65		300	0	0	0.00775	-0.00775	3.03684e-05	0	0	0	52.5567	-51.4197	-2.23299e-06	0	0	0	0.460479	0.290928	0	0.16955		300	0.031837	0.00151445	-0.00157991	6.54633e-05	0	0	0	0.031837	0	-0.355028	-111.796	0	20.391	20.391	-1.5099e-14	5.32541	0	0	0	0	0	0	0	0	0	0	0	0	0	0	0	0	0	0	0	0	0	0	0	0	0	0	0	0	0	0	0	0	0	
1	1	1	156	4.68		300	0	0	0.0078	-0.0078	3.09056e-05	0	0	0	52.7375	-51.5805	-2.29791e-06	0	0	0	0.465686	0.292995	0	0.172691		300	0.0324266	0.00154349	-0.00161011	6.66213e-05	0	0	0	0.0324266	0	-0.355028	-111.796	0	20.391	20.391	-1.5099e-14	5.32541	0	0	0	0	0	0	0	0	0	0	0	0	0	0	0	0	0	0	0	0	0	0	0	0	0	0	0	0	0	0	0	0	0	
1	1	1	157	4.71		300	0	0	0.00785	-0.00785	3.14445e-05	0	0	0	52.917	-51.7398	-2.36251e-06	0	0	0	0.470911	0.295063	0	0.175848		300	0.0330193	0.0015727	-0.00164049	6.77829e-05	0	0	0	0.0330193	0	-0.355028	-111.796	0	20.391	20.391	-1.5099e-14	5.32541	0	0	0	0	0	0	0	0	0	0	0	0	0	0	0	0	0	0	0	0	0	0	0	0	0	0	0	0	0	0	0	0	0	
1	1	1	158	4.74		300	0	0	0.0079	-0.0079	3.1985e-05	0	0	0	53.0951	-51.8976	-2.42679e-06	0	0	0	0.476152	0.297131	0	0.179021		300	0.0336151	0.00160208	-0.00167103	6.8948e-05	0	0	0	0.0336151	0	-0.355028	-111.796	0	20.391	20.391	-1.5099e-14	5.32541	0	0	0	0	0	0	0	0	0	0	0	0	0	0	0	0	0	0	0	0	0	0	0	0	0	0	0	0	0	0	0	0	0	
1	1	1	159	4.77		300	0	0	0.00795	-0.00795	3.2527e-05	0	0	0	53.2718	-52.054	-2.49076e-06	0	0	0	0.48141	0.2992	0	0.18221		300	0.0342138	0.00163162	-0.00170174	7.01164e-05	0	0	0	0.0342138	0	-0.355028	-111.796	0	20.391	20.391	-1.5099e-14	5.32541	0	0	0	0	0	0	0	0	0	0	0	0	0	0	0	0	0	0	0	0	0	0	0	0	0	0	0	0	0	0	0	0	0	
1	1	1	160	4.8		300	0	0	0.008	-0.008	3.30705e-05	0	0	0	53.4472	-52.2091	-2.55443e-06	0	0	0	0.486684	0.30127	0	0.185415		300	0.0348155	0.00166133	-0.00173261	7.1288e-05	0	0	0	0.0348155	0	-0.355028	-111.796	0	20.391	20.391	-1.5099e-14	5.32541	0	0	0	0	0	0	0	0	0	0	0	0	0	0	0	0	0	0	0	0	0	0	0	0	0	0	0	0	0	0	0	0	0	
1	1	1	161	4.83		300	0	0	0.00805	-0.00805	3.36154e-05	0	0	0	53.6212	-52.3627	-2.6178e-06	0	0	0	0.491975	0.303341	0	0.188634		300	0.03542	0.00169119	-0.00176365	7.24626e-05	0	0	0	0.03542	0	-0.355028	-111.796	0	20.391	20.391	-1.5099e-14	5.32541	0	0	0	0	0	0	0	0	0	0	0	0	0	0	0	0	0	0	0	0	0	0	0	0	0	0	0	0	0	0	0	0	0	
1	1	1	162	4.86		300	0	0	0.0081	-0.0081	3.41616e-05	0	0	0	53.794	-52.515	-2.6809e-06	0	0	0	0.497283	0.305413	0	0.191869		300	0.0360274	0.00172121	-0.00179485	7.36402e-05	0	0	0	0.0360274	0	-0.355028	-111.796	0	20.391	20.391	-1.5099e-14	5.32541	0	0	0	0	0	0	0	0	0	0	0	0	0	0	0	0	0	0	0	0	0	0	0	0	0	0	0	0	0	0	0	0	0	
1	1	1	163	4.89		300	0	0	0.00815	-0.00815	3.47092e-05	0	0	0	53.9655	-52.666	-2.74371e-06	0	0	0	0.502606	0.307487	0	0.195119		300	0.0366375	0.00175138	-0.0018262	7.48205e-05	0	0	0	0.0366375	0	-0.355028	-111.796	0	20.391	20.391	-1.5099e-14	5.32541	0	0	0	0	0	0	0	0	0	0	0	0	0	0	0	0	0	0	0	0	0	0	0	0	0	0	0	0	0	0	0	0	0	
1	1	1	164	4.92		300	0	0	0.0082	-0.0082	3.5258e-05	0	0	0	54.1357	-52.8157	-2.80626e-06	0	0	0	0.507946	0.309562	0	0.198383		300	0.0372503	0.00178171	-0.00185771	7.60035e-05	0	0	0	0.0372503	0	-0.355028	-111.796	0	20.391	20.391	-1.5099e-14	5.32541	0	0	0	0	0	0	0	0	0	0	0	0	0	0	0	0	0	0	0	0	0	0	0	0	0	0	0	0	0	0	0	0	0	
1	1	1	165	4.95		300	0	0	0.00825	-0.00825	3.5808e-05	0	0	0	54.3047	-52.9641	-2.86854e-06	0	0	0	0.513301	0.31164	0	0.201662		300	0.0378659	0.00181218	-0.00188937	7.71891e-05	0	0	0	0.0378659	0	-0.355028	-111.796	0	20.391	20.391	-1.5099e-14	5.32541	0	0	0	0	0	0	0	0	0	0	0	0	0	0	0	0	0	0	0	0	0	0	0	0	0	0	0	0	0	0	0	0	0	
1	1	1	166	4.98		300	0	0	0.0083	-0.0083	3.63591e-05	0	0	0	54.4724	-53.1112	-2.93057e-06	0	0	0	0.518673	0.313718	0	0.204954		300	0.038484	0.0018428	-0.00192118	7.8377e-05	0	0	0	0.038484	0	-0.355028	-111.796	0	20.391	20.391	-1.5099e-14	5.32541	0	0	0	0	0	0	0	0	0	0	0	0	0	0	0	0	0	0	0	0	0	0	0	0	0	0	0	0	0	0	0	0	0	
1	1	1	167	5.01		300	0	0	0.00835	-0.00835	3.69112e-05	0	0	0	54.639	-53.2571	-2.99236e-06	0	0	0	0.52406	0.315799	0	0.20826		300	0.0391048	0.00187356	-0.00195313	7.95673e-05	0	0	0	0.0391048	0	-0.355028	-111.796	0	20.391	20.391	-1.5099e-14	5.32541	0	0	0	0	0	0	0	0	0	0	0	0	0	0	0	0	0	0	0	0	0	0	0	0	0	0	0	0	0	0	0	0	0	
1	1	1	168	5.04		300	0	0	0.0084	-0.0084	3.74644e-05	0	0	0	54.8044	-53.4018	-3.05391e-06	0	0	0	0.529462	0.317882	0	0.21158		300	0.039728	0.00190447	-0.00198523	8.07598e-05	0	0	0	0.039728	0	-0.355028	-111.796	0	20.391	20.391	-1.5099e-14	5.32541	0	0	0	0	0	0	0	0	0	0	0	0	0	0	0	0	0	0	0	0	0	0	0	0	0	0	0	0	0	0	0	0	0	
1	1	1	169	5.07		300	0	0	0.00845	-0.00845	3.80186e-05	0	0	0	54.9686	-53.5453	-3.11522e-06	0	0	0	0.53488	0.319967	0	0.214913		300	0.0403538	0.00193552	-0.00201747	8.19543e-05	0	0	0	0.0403538	0	-0.355028	-111.796	0	20.391	20.391	-1.5099e-14	5.32541	0	0	0	0	0	0	0	0	0	0	0	0	0	0	0	0	0	0	0	0	0	0	0	0	0	0	0	0	0	0	0	0	0	
1	1	1	170	5.1		300	0	0	0.0085	-0.0085	3.85736e-05	0	0	0	55.1317	-53.6876	-3.17632e-06	0	0	0	0.540313	0.322054	0	0.218259		300	0.040982	0.0019667	-0.00204985	8.31508e-05	0	0	0	0.040982	0	-0.355028	-111.796	0	20.391	20.391	-1.5099e-14	5.32541	0	0	0	0	0	0	0	0	0	0	0	0	0	0	0	0	0	0	0	0	0	0	0	0	0	0	0	0	0	0	0	0	0	
1	1	1	171	5.13		300	0	0	0.00855	-0.00855	3.91296e-05	0	0	0	55.2937	-53.8287	-3.23719e-06	0	0	0	0.545762	0.324144	0	0.221618		300	0.0416127	0.00199802	-0.00208237	8.43492e-05	0	0	0	0.0416127	0	-0.355028	-111.796	0	20.391	20.391	-1.5099e-14	5.32541	0	0	0	0	0	0	0	0	0	0	0	0	0	0	0	0	0	0	0	0	0	0	0	0	0	0	0	0	0	0	0	0	0	
1	1	1	172	5.16		300	0	0	0.0086	-0.0086	3.96863e-05	0	0	0	55.4545	-53.9687	-3.29786e-06	0	0	0	0.551226	0.326236	0	0.22499		300	0.0422457	0.00202947	-0.00211502	8.55494e-05	0	0	0	0.0422457	0	-0.355028	-111.796	0	20.391	20.391	-1.5099e-14	5.32541	0	0	0	0	0	0	0	0	0	0	0	0	0	0	0	0	0	0	0	0	0	0	0	0	0	0	0	0	0	0	0	0	0	
1	1	1	173	5.19		300	0	0	0.00865	-0.00865	4.02438e-05	0	0	0	55.6143	-54.1076	-3.35833e-06	0	0	0	0.556704	0.32833	0	0.228374		300	0.042881	0.00206105	-0.0021478	8.67512e-05	0	0	0	0.042881	0	-0.355028	-111.796	0	20.391	20.391	-1.5099e-14	5.32541	0	0	0	0	0	0	0	0	0	0	0	0	0	0	0	0	0	0	0	0	0	0	0	0	0	0	0	0	0	0	0	0	0	
1	1	1	174	5.22		300	0	0	0.0087	-0.0087	4.08021e-05	0	0	0	55.773	-54.2454	-3.41861e-06	0	0	0	0.562198	0.330428	0	0.23177		300	0.0435186	0.00209277	-0.00218072	8.79546e-05	0	0	0	0.0435186	0	-0.355028	-111.796	0	20.391	20.391	-1.5099e-14	5.32541	0	0	0	0	0	0	0	0	0	0	0	0	0	0	0	0	0	0	0	0	0	0	0	0	0	0	0	0	0	0	0	0	0	
1	1	1	175	5.25		300	0	0	0.00875	-0.00875	4.1361e-05	0	0	0	55.9306	-54.3821	-3.47869e-06	0	0	0	0.567706	0.332528	0	0.235178		300	0.0441585	0.0021246	-0.00221376	8.91594e-05	0	0	0	0.0441585	0	-0.355028	-111.796	0	20.391	20.391	-1.5099e-14	5.32541	0	0	0	0	0	0	0	0	0	0	0	0	0	0	0	0	0	0	0	0	0	0	0	0	0	0	0	0	0	0	0	0	0	
1	1	1	176	5.28		300	0	0	0.0088	-0.0088	4.19206e-05	0	0	0	56.0872	-54.5177	-3.5386e-06	0	0	0	0.573229	0.334631	0	0.238598		300	0.0448006	0.00215657	-0.00224694	9.03656e-05	0	0	0	0.0448006	0	-0.355028	-111.796	0	20.391	20.391	-1.5099e-14	5.32541	0	0	0	0	0	0	0	0	0	0	0	0	0	0	0	0	0	0	0	0	0	0	0	0	0	0	0	0	0	0	0	0	0	
1	1	1	177	5.31		300	0	0	0.00885	-0.00885	4.24807e-05	0	0	0	56.2427	-54.6523	-3.59833e-06	0	0	0	0.578766	0.336737	0	0.242029		300	0.0454448	0.00218866	-0.00228023	9.15732e-05	0	0	0	0.0454448	0	-0.355028	-111.796	0	20.391	20.391	-1.5099e-14	5.32541	0	0	0	0	0	0	0	0	0	0	0	0	0	0	0	0	0	0	0	0	0	0	0	0	0	0	0	0	0	0	0	0	0	
1	1	1	178	5.34		300	0	0	0.0089	-0.0089	4.30415e-05	0	0	0	56.3973	-54.7859	-3.6579e-06	0	0	0	0.584318	0.338846	0	0.245472		300	0.0460912	0.00222087	-0.00231365	9.27819e-05	0	0	0	0.0460912	0	-0.355028	-111.796	0	20.391	20.391	-1.5099e-14	5.32541	0	0	0	0	0	0	0	0	0	0	0	0	0	0	0	0	0	0	0	0	0	0	0	0	0	0	0	0	0	0	0	0	0	
1	1	1	179	5.37		300	0	0	0.00895	-0.00895	4.36027e-05	0	0	0	56.5508	-54.9184	-3.7173e-06	0	0	0	0.589885	0.340958	0	0.248926		300	0.0467397	0.0022532	-0.00234719	9.39917e-05	0	0	0	0.0467397	0	-0.355028	-111.796	0	20.391	20.391	-1.5099e-14	5.32541	0	0	0	0	0	0	0	0	0	0	0	0	0	0	0	0	0	0	0	0	0	0	0	0	0	0	0	0	0	0	0	0	0	
1	1	1	180	5.4		300	0	0	0.009	-0.009	4.41644e-05	0	0	0	56.7034	-55.0499	-3.77655e-06	0	0	0	0.595465	0.343074	0	0.252391		300	0.0473903	0.00228564	-0.00238084	9.52025e-05	0	0	0	0.0473903	0	-0.355028	-111.796	0	20.391	20.391	-1.5099e-14	5.32541	0	0	0	0	0	0	0	0	0	0	0	0	0	0	0	0	0	0	0	0	0	0	0	0	0	0	0	0	0	0	0	0	0	
1	1	1	181	5.43		300	0	0	0.00905	-0.00905	4.47266e-05	0	0	0	56.855	-55.1805	-3.83565e-06	0	0	0	0.60106	0.345193	0	0.255867		300	0.0480428	0.00231821	-0.00241462	9.64143e-05	0	0	0	0.0480428	0	-0.355028	-111.796	0	20.391	20.391	-1.5099e-14	5.32541	0	0	0	0	0	0	0	0	0	0	0	0	0	0	0	0	0	0	0	0	0	0	0	0	0	0	0	0	0	0	0	0	0	
1	1	1	182	5.46		300	0	0	0.0091	-0.0091	4.52891e-05	0	0	0	57.0056	-55.31	-3.89461e-06	0	0	0	0.606669	0.347315	0	0.259354		300	0.0486974	0.00235088	-0.00244851	9.7627e-05	0	0	0	0.0486974	0	-0.355028	-111.796	0	20.391	20.391	-1.5099e-14	5.32541	0	0	0	0	0	0	0	0	0	0	0	0	0	0	0	0	0	0	0	0	0	0	0	0	0	0	0	0	0	0	0	0	0	
1	1	1	183	5.49		300	0	0	0.00915	-0.00915	4.5852e-05	0	0	0	57.1553	-55.4387	-3.95343e-06	0	0	0	0.612292	0.34944	0	0.262851		300	0.049354	0.00238367	-0.00248251	9.88404e-05	0	0	0	0.049354	0	-0.355028	-111.796	0	20.391	20.391	-1.5099e-14	5.32541	0	0	0	0	0	0	0	0	0	0	0	0	0	0	0	0	0	0	0	0	0	0	0	0	0	0	0	0	0	0	0	0	0	
1	1	1	184	5.52		300	0	0	0.0092	-0.0092	4.64153e-05	0	0	0	57.3041	-55.5663	-4.01212e-06	0	0	0	0.617928	0.35157	0	0.266359		300	0.0500125	0.00241657	-0.00251663	0.000100055	0	0	0	0.0500125	0	-0.355028	-111.796	0	20.391	20.391	-1.5099e-14	5.32541	0	0	0	0	0	0	0	0	0	0	0	0	0	0	0	0	0	0	0	0	0	0	0	0	0	0	0	0	0	0	0	0	0	
1	1	1	185	5.55		300	0	0	0.00925	-0.00925	4.69788e-05	0	0	0	57.4519	-55.6931	-4.07069e-06	0	0	0	0.623578	0.353702	0	0.269876		300	0.0506729	0.00244958	-0.00255085	0.000101269	0	0	0	0.0506729	0	-0.355028	-111.796	0	20.391	20.391	-1.5099e-14	5.32541	0	0	0	0	0	0	0	0	0	0	0	0	0	0	0	0	0	0	0	0	0	0	0	0	0	0	0	0	0	0	0	0	0	
1	1	1	186	5.58		300	0	0	0.0093	-0.0093	4.75426e-05	0	0	0	57.5989	-55.819	-4.12913e-06	0	0	0	0.629243	0.355839	0	0.273404		300	0.0513352	0.0024827	-0.00258519	0.000102485	0	0	0	0.0513352	0	-0.355028	-111.796	0	20.391	20.391	-1.5099e-14	5.32541	0	0	0	0	0	0	0	0	0	0	0	0	0	0	0	0	0	0	0	0	0	0	0	0	0	0	0	0	0	0	0	0	0	
1	1	1	187	5.61		300	0	0	0.00935	-0.00935	4.81067e-05	0	0	0	57.745	-55.9439	-4.18746e-06	0	0	0	0.63492	0.357979	0	0.276941		300	0.0519993	0.00251592	-0.00261963	0.000103701	0	0	0	0.0519993	0	-0.355028	-111.796	0	20.391	20.391	-1.5099e-14	5.32541	0	0	0	0	0	0	0	0	0	0	0	0	0	0	0	0	0	0	0	0	0	0	0	0	0	0	0	0	0	0	0	0	0	
1	1	1	188	5.64		300	0	0	0.0094	-0.0094	4.86709e-05	0	0	0	57.8902	-56.068	-4.24568e-06	0	0	0	0.640611	0.360123	0	0.280488		300	0.0526653	0.00254925	-0.00265417	0.000104917	0	0	0	0.0526653	0	-0.355028	-111.796	0	20.391	20.391	-1.5099e-14	5.32541	0	0	0	0	0	0	0	0	0	0	0	0	0	0	0	0	0	0	0	0	0	0	0	0	0	0	0	0	0	0	0	0	0	
1	1	1	189	5.67		300	0	0	0.00945	-0.00945	4.92353e-05	0	0	0	58.0345	-56.1912	-4.3038e-06	0	0	0	0.646316	0.362271	0	0.284045		300	0.053333	0.00258269	-0.00268882	0.000106134	0	0	0	0.053333	0	-0.355028	-111.796	0	20.391	20.391	-1.5099e-14	5.32541	0	0	0	0	0	0	0	0	0	0	0	0	0	0	0	0	0	0	0	0	0	0	0	0	0	0	0	0	0	0	0	0	0	
1	1	1	190	5.7		300	0	0	0.0095	-0.0095	4.97998e-05	0	0	0	58.178	-56.3135	-4.36182e-06	0	0	0	0.652034	0.364423	0	0.287611		300	0.0540025	0.00261622	-0.00272357	0.000107351	0	0	0	0.0540025	0	-0.355028	-111.796	0	20.391	20.391	-1.5099e-14	5.32541	0	0	0	0	0	0	0	0	0	0	0	0	0	0	0	0	0	0	0	0	0	0	0	0	0	0	0	0	0	0	0	0	0	
1	1	1	191	5.73		300	0	0	0.00955	-0.00955	5.03645e-05	0	0	0	58.3206	-56.435	-4.41975e-06	0	0	0	0.657765	0.366579	0	0.291186		300	0.0546737	0.00264985	-0.00275842	0.000108568	0	0	0	0.0546737	0	-0.355028	-111.796	0	20.391	20.391	-1.5099e-14	5.32541	0	0	0	0	0	0	0	0	0	0	0	0	0	0	0	0	0	0	0	0	0	0	0	0	0	0	0	0	0	0	0	0	0	
1	1	1	192	5.76		300	0	0	0.0096	-0.0096	5.09292e-05	0	0	0	58.4624	-56.5557	-4.47758e-06	0	0	0	0.663509	0.368739	0	0.29477		300	0.0553467	0.00268359	-0.00279337	0.000109785	0	0	0	0.0553467	0	-0.355028	-111.796	0	20.391	20.391	-1.5099e-14	5.32541	0	0	0	0	0	0	0	0	0	0	0	0	0	0	0	0	0	0	0	0	0	0	0	0	0	0	0	0	0	0	0	0	0	
1	1	1	193	5.79		300	0	0	0.00965	-0.00965	5.1494e-05	0	0	0	58.6034	-56.6755	-4.53533e-06	0	0	0	0.669267	0.370903	0	0.298364		300	0.0560213	0.00271742	-0.00282842	0.000111002	0	0	0	0.0560213	0	-0.355028	-111.796	0	20.391	20.391	-1.5099e-14	5.32541	0	0	0	0	0	0	0	0	0	0	0	0	0	0	0	0	0	0	0	0	0	0	0	0	0	0	0	0	0	0	0	0	0	
1	1	1	194	5.82		300	0	0	0.0097	-0.0097	5.20588e-05	0	0	0	58.7436	-56.7946	-4.593e-06	0	0	0	0.675037	0.373072	0	0.301966		300	0.0566976	0.00275134	-0.00286356	0.00011222	0	0	0	0.0566976	0	-0.355028	-111.796	0	20.391	20.391	-1.5099e-14	5.32541	0	0	0	0	0	0	0	0	0	0	0	0	0	0	0	0	0	0	0	0	0	0	0	0	0	0	0	0	0	0	0	0	0	
1	1	1	195	5.85		300	0	0	0.00975	-0.00975	5.26236e-05	0	0	0	58.883	-56.9128	-4.6506e-06	0	0	0	0.680821	0.375244	0	0.305577		300	0.0573755	0.00278536	-0.0028988	0.000113438	0	0	0	0.0573755	0	-0.355028	-111.796	0	20.391	20.391	-1.5099e-14	5.32541	0	0	0	0	0	0	0	0	0	0	0	0	0	0	0	0	0	0	0	0	0	0	0	0	0	0	0	0	0	0	0	0	0	
1	1	1	196	5.88		300	0	0	0.0098	-0.0098	5.31884e-05	0	0	0	59.0216	-57.0303	-4.70812e-06	0	0	0	0.686617	0.377421	0	0.309196		300	0.058055	0.00281948	-0.00293413	0.000114655	0	0	0	0.058055	0	-0.355028	-111.796	0	20.391	20.391	-1.5099e-14	5.32541	0	0	0	0	0	0	0	0	0	0	0	0	0	0	0	0	0	0	0	0	0	0	0	0	0	0	0	0	0	0	0	0	0	
1	1	1	197	5.91		300	0	0	0.00985	-0.00985	5.37531e-05	0	0	0	59.1594	-57.147	-4.76557e-06	0	0	0	0.692426	0.379602	0	0.312824		300	0.058736	0.00285368	-0.00296956	0.000115872	0	0	0	0.058736	0	-0.355028	-111.796	0	20.391	20.391	-1.5099e-14	5.32541	0	0	0	0	0	0	0	0	0	0	0	0	0	0	0	0	0	0	0	0	0	0	0	0	0	0	0	0	0	0	0	0	0	
1	1	1	198	5.94		300	0	0	0.0099	-0.0099	5.43177e-05	0	0	0	59.2965	-57.2629	-4.82296e-06	0	0	0	0.698247	0.381788	0	0.31646		300	0.0594187	0.00288798	-0.00300507	0.000117089	0	0	0	0.0594187	0	-0.355028	-111.796	0	20.391	20.391	-1.5099e-14	5.32541	0	0	0	0	0	0	0	0	0	0	0	0	0	0	0	0	0	0	0	0	0	0	0	0	0	0	0	0	0	0	0	0	0	
1	1	1	199	5.97		300	0	0	0.00995	-0.00995	5.48823e-05	0	0	0	59.4328	-57.3781	-4.8803e-06	0	0	0	0.704082	0.383978	0	0.320104		300	0.0601028	0.00292237	-0.00304068	0.000118306	0	0	0	0.0601028	0	-0.355028	-111.796	0	20.391	20.391	-1.5099e-14	5.32541	0	0	0	0	0	0	0	0	0	0	0	0	0	0	0	0	0	0	0	0	0	0	0	0	0	0	0	0	0	0	0	0	0	
1	1	1	200	6		300	0	0	0.01	-0.01	5.54467e-05	0	0	0	59.5684	-57.4926	-4.93757e-06	0	0	0	0.709929	0.386173	0	0.323756		300	0.0607885	0.00295685	-0.00307637	0.000119523	0	0	0	0.0607885	0	-0.355028	-111.796	0	20.391	20.391	-1.5099e-14	5.32541	0	0	0	0	0	0	0	0	0	0	0	0	0	0	0	0	0	0	0	0	0	0	0	0	0	0	0	0	0	0	0	0	0	
1	1	1	201	6.03		300	0	0	0.01005	-0.01005	5.6011e-05	0	0	0	59.7033	-57.6063	-4.99479e-06	0	0	0	0.715788	0.388372	0	0.327416		300	0.0614757	0.00299141	-0.00311215	0.000120739	0	0	0	0.0614757	0	-0.355028	-111.796	0	20.391	20.391	-1.5099e-14	5.32541	0	0	0	0	0	0	0	0	0	0	0	0	0	0	0	0	0	0	0	0	0	0	0	0	0	0	0	0	0	0	0	0	0	
1	1	1	202	6.06		300	0	0	0.0101	-0.0101	5.6575e-05	0	0	0	59.8374	-57.7193	-5.05197e-06	0	0	0	0.721659	0.390576	0	0.331084		300	0.0621643	0.00302606	-0.00314801	0.000121955	0	0	0	0.0621643	0	-0.355028	-111.796	0	20.391	20.391	-1.5099e-14	5.32541	0	0	0	0	0	0	0	0	0	0	0	0	0	0	0	0	0	0	0	0	0	0	0	0	0	0	0	0	0	0	0	0	0	
1	1	1	203	6.09		300	0	0	0.01015	-0.01015	5.7139e-05	0	0	0	59.9708	-57.8316	-5.1091e-06	0	0	0	0.727543	0.392784	0	0.33476		300	0.0628544	0.00306079	-0.00318396	0.000123171	0	0	0	0.0628544	0	-0.355028	-111.796	0	20.391	20.391	-1.5099e-14	5.32541	0	0	0	0	0	0	0	0	0	0	0	0	0	0	0	0	0	0	0	0	0	0	0	0	0	0	0	0	0	0	0	0	0	
1	1	1	204	6.12		300	0	0	0.0102	-0.0102	5.77027e-05	0	0	0	60.1035	-57.9432	-5.16619e-06	0	0	0	0.73344	0.394997	0	0.338443		300	0.0635459	0.00309561	-0.00322	0.000124386	0	0	0	0.0635459	0	-0.355028	-111.796	0	20.391	20.391	-1.5099e-14	5.32541	0	0	0	0	0	0	0	0	0	0	0	0	0	0	0	0	0	0	0	0	0	0	0	0	0	0	0	0	0	0	0	0	0	
1	1	1	205	6.15		300	0	0	0.01025	-0.01025	5.82661e-05	0	0	0	60.2355	-58.0541	-5.22323e-06	0	0	0	0.739348	0.397215	0	0.342133		300	0.0642387	0.00313051	-0.00325611	0.000125601	0	0	0	0.0642387	0	-0.355028	-111.796	0	20.391	20.391	-1.5099e-14	5.32541	0	0	0	0	0	0	0	0	0	0	0	0	0	0	0	0	0	0	0	0	0	0	0	0	0	0	0	0	0	0	0	0	0	
1	1	1	206	6.18		300	0	0	0.0103	-0.0103	5.88293e-05	0	0	0	60.3668	-58.1643	-5.28025e-06	0	0	0	0.745269	0.399437	0	0.345831		300	0.064933	0.00316549	-0.00329231	0.000126815	0	0	0	0.064933	0	-0.355028	-111.796	0	20.391	20.391	-1.5099e-14	5.32541	0	0	0	0	0	0	0	0	0	0	0	0	0	0	0	0	0	0	0	0	0	0	0	0	0	0	0	0	0	0	0	0	0	
1	1	1	207	6.21		300	0	0	0.01035	-0.01035	5.93923e-05	0	0	0	60.4975	-58.2739	-5.33723e-06	0	0	0	0.751201	0.401664	0	0.349537		300	0.0656287	0.00320056	-0.00332859	0.000128028	0	0	0	0.0656287	0	-0.355028	-111.796	0	20.391	20.391	-1.5099e-14	5.32541	0	0	0	0	0	0	0	0	0	0	0	0	0	0	0	0	0	0	0	0	0	0	0	0	0	0	0	0	0	0	0	0	0	
1	1	1	208	6.24		300	0	0	0.0104	-0.0104	5.99549e-05	0	0	0	60.6275	-58.3828	-5.39418e-06	0	0	0	0.757146	0.403897	0	0.353249		300	0.0663256	0.0032357	-0.00336494	0.000129241	0	0	0	0.0663256	0	-0.355028	-111.796	0	20.391	20.391	-1.5099e-14	5.32541	0	0	0	0	0	0	0	0	0	0	0	0	0	0	0	0	0	0	0	0	0	0	0	0	0	0	0	0	0	0	0	0	0	
1	1	1	209	6.27		300	0	0	0.01045	-0.01045	6.05172e-05	0	0	0	60.7568	-58.4911	-5.45111e-06	0	0	0	0.763102	0.406134	0	0.356969		300	0.0670239	0.00327092	-0.00340138	0.000130453	0	0	0	0.0670239	0	-0.355028	-111.796	0	20.391	20.391	-1.5099e-14	5.32541	0	0	0	0	0	0	0	0	0	0	0	0	0	0	0	0	0	0	0	0	0	0	0	0	0	0	0	0	0	0	0	0	0	
1	1	1	210	6.3		300	0	0	0.0105	-0.0105	6.10793e-05	0	0	0	60.8854	-58.5987	-5.50801e-06	0	0	0	0.76907	0.408375	0	0.360695		300	0.0677235	0.00330622	-0.00343789	0.000131665	0	0	0	0.0677235	0	-0.355028	-111.796	0	20.391	20.391	-1.5099e-14	5.32541	0	0	0	0	0	0	0	0	0	0	0	0	0	0	0	0	0	0	0	0	0	0	0	0	0	0	0	0	0	0	0	0	0	
1	1	1	211	6.33		300	0	0	0.01055	-0.01055	6.16409e-05	0	0	0	61.0134	-58.7057	-5.56489e-06	0	0	0	0.775051	0.410622	0	0.364428		300	0.0684244	0.0033416	-0.00347447	0.000132876	0	0	0	0.0684244	0	-0.355028	-111.796	0	20.391	20.391	-1.5099e-14	5.32541	0	0	0	0	0	0	0	0	0	0	0	0	0	0	0	0	0	0	0	0	0	0	0	0	0	0	0	0	0	0	0	0	0	
1	1	1	212	6.36		300	0	0	0.0106	-0.0106	6.22022e-05	0	0	0	61.1408	-58.812	-5.62176e-06	0	0	0	0.781042	0.412874	0	0.368168		300	0.0691266	0.00337705	-0.00351113	0.000134086	0	0	0	0.0691266	0	-0.355028	-111.796	0	20.391	20.391	-1.5099e-14	5.32541	0	0	0	0	0	0	0	0	0	0	0	0	0	0	0	0	0	0	0	0	0	0	0	0	0	0	0	0	0	0	0	0	0	
1	1	1	213	6.39		300	0	0	0.01065	-0.01065	6.27632e-05	0	0	0	61.2676	-58.9178	-5.6786e-06	0	0	0	0.787046	0.415131	0	0.371915		300	0.06983	0.00341257	-0.00354787	0.000135295	0	0	0	0.06983	0	-0.355028	-111.796	0	20.391	20.391	-1.5099e-14	5.32541	0	0	0	0	0	0	0	0	0	0	0	0	0	0	0	0	0	0	0	0	0	0	0	0	0	0	0	0	0	0	0	0	0	
1	1	1	214	6.42		300	0	0	0.0107	-0.0107	6.33237e-05	0	0	0	61.3937	-59.0229	-5.73544e-06	0	0	0	0.793061	0.417393	0	0.375668		300	0.0705346	0.00344817	-0.00358467	0.000136503	0	0	0	0.0705346	0	-0.355028	-111.796	0	20.391	20.391	-1.5099e-14	5.32541	0	0	0	0	0	0	0	0	0	0	0	0	0	0	0	0	0	0	0	0	0	0	0	0	0	0	0	0	0	0	0	0	0	
1	1	1	215	6.45		300	0	0	0.01075	-0.01075	6.38838e-05	0	0	0	61.5192	-59.1275	-5.79226e-06	0	0	0	0.799087	0.419659	0	0.379428		300	0.0712405	0.00348384	-0.00362155	0.000137711	0	0	0	0.0712405	0	-0.355028	-111.796	0	20.391	20.391	-1.5099e-14	5.32541	0	0	0	0	0	0	0	0	0	0	0	0	0	0	0	0	0	0	0	0	0	0	0	0	0	0	0	0	0	0	0	0	0	
1	1	1	216	6.48		300	0	0	0.0108	-0.0108	6.44435e-05	0	0	0	61.6441	-59.2314	-5.84908e-06	0	0	0	0.805125	0.421931	0	0.383194		300	0.0719476	0.00351959	-0.0036585	0.000138917	0	0	0	0.0719476	0	-0.355028	-111.796	0	20.391	20.391	-1.5099e-14	5.32541	0	0	0	0	0	0	0	0	0	0	0	0	0	0	0	0	0	0	0	0	0	0	0	0	0	0	0	0	0	0	0	0	0	
1	1	1	217	6.51		300	0	0	0.01085	-0.01085	6.50028e-05	0	0	0	61.7684	-59.3348	-5.90589e-06	0	0	0	0.811175	0.424208	0	0.386967		300	0.0726558	0.0035554	-0.00369553	0.000140123	0	0	0	0.0726558	0	-0.355028	-111.796	0	20.391	20.391	-1.5099e-14	5.32541	0	0	0	0	0	0	0	0	0	0	0	0	0	0	0	0	0	0	0	0	0	0	0	0	0	0	0	0	0	0	0	0	0	
1	1	1	218	6.54		300	0	0	0.0109	-0.0109	6.55616e-05	0	0	0	61.8921	-59.4376	-5.96269e-06	0	0	0	0.817236	0.426491	0	0.390745		300	0.0733652	0.00359129	-0.00373261	0.000141327	0	0	0	0.0733652	0	-0.355028	-111.796	0	20.391	20.391	-1.5099e-14	5.32541	0	0	0	0	0	0	0	0	0	0	0	0	0	0	0	0	0	0	0	0	0	0	0	0	0	0	0	0	0	0	0	0	0	
1	1	1	219	6.57		300	0	0	0.01095	-0.01095	6.61199e-05	0	0	0	62.0153	-59.5398	-6.0195e-06	0	0	0	0.823308	0.428778	0	0.39453		300	0.0740758	0.00362724	-0.00376977	0.000142531	0	0	0	0.0740758	0	-0.355028	-111.796	0	20.391	20.391	-1.5099e-14	5.32541	0	0	0	0	0	0	0	0	0	0	0	0	0	0	0	0	0	0	0	0	0	0	0	0	0	0	0	0	0	0	0	0	0	
1	1	1	220	6.6		300	0	0	0.011	-0.011	6.66778e-05	0	0	0	62.1378	-59.6415	-6.0763e-06	0	0	0	0.829391	0.43107	0	0.398321		300	0.0747874	0.00366326	-0.003807	0.000143733	0	0	0	0.0747874	0	-0.355028	-111.796	0	20.391	20.391	-1.5099e-14	5.32541	0	0	0	0	0	0	0	0	0	0	0	0	0	0	0	0	0	0	0	0	0	0	0	0	0	0	0	0	0	0	0	0	0	
1	1	1	221	6.63		300	0	0	0.01105	-0.01105	6.72352e-05	0	0	0	62.2598	-59.7426	-6.13311e-06	0	0	0	0.835486	0.433368	0	0.402118		300	0.0755003	0.00369935	-0.00384429	0.000144935	0	0	0	0.0755003	0	-0.355028	-111.796	0	20.391	20.391	-1.5099e-14	5.32541	0	0	0	0	0	0	0	0	0	0	0	0	0	0	0	0	0	0	0	0	0	0	0	0	0	0	0	0	0	0	0	0	0	
1	1	1	222	6.66		300	0	0	0.0111	-0.0111	6.7792e-05	0	0	0	62.3812	-59.8432	-6.18992e-06	0	0	0	0.841591	0.435671	0	0.40592		300	0.0762142	0.00373551	-0.00388165	0.000146135	0	0	0	0.0762142	0	-0.355028	-111.796	0	20.391	20.391	-1.5099e-14	5.32541	0	0	0	0	0	0	0	0	0	0	0	0	0	0	0	0	0	0	0	0	0	0	0	0	0	0	0	0	0	0	0	0	0	
1	1	1	223	6.69		300	0	0	0.01115	-0.01115	6.83483e-05	0	0	0	62.5021	-59.9432	-6.24673e-06	0	0	0	0.847708	0.43798	0	0.409729		300	0.0769292	0.00377173	-0.00391907	0.000147334	0	0	0	0.0769292	0	-0.355028	-111.796	0	20.391	20.391	-1.5099e-14	5.32541	0	0	0	0	0	0	0	0	0	0	0	0	0	0	0	0	0	0	0	0	0	0	0	0	0	0	0	0	0	0	0	0	0	
1	1	1	224	6.72		300	0	0	0.0112	-0.0112	6.89041e-05	0	0	0	62.6224	-60.0427	-6.30356e-06	0	0	0	0.853836	0.440293	0	0.413543		300	0.0776453	0.00380802	-0.00395656	0.000148533	0	0	0	0.0776453	0	-0.355028	-111.796	0	20.391	20.391	-1.5099e-14	5.32541	0	0	0	0	0	0	0	0	0	0	0	0	0	0	0	0	0	0	0	0	0	0	0	0	0	0	0	0	0	0	0	0	0	
1	1	1	225	6.75		300	0	0	0.01125	-0.01125	6.94594e-05	0	0	0	62.7422	-60.1417	-6.36039e-06	0	0	0	0.859975	0.442612	0	0.417363		300	0.0783624	0.00384438	-0.0039941	0.000149729	0	0	0	0.0783624	0	-0.355028	-111.796	0	20.391	20.391	-1.5099e-14	5.32541	0	0	0	0	0	0	0	0	0	0	0	0	0	0	0	0	0	0	0	0	0	0	0	0	0	0	0	0	0	0	0	0	0	
1	1	1	226	6.78		300	0	0	0.0113	-0.0113	7.00141e-05	0	0	0	62.8614	-60.2401	-6.41723e-06	0	0	0	0.866124	0.444936	0	0.421188		300	0.0790806	0.00388079	-0.00403172	0.000150925	0	0	0	0.0790806	0	-0.355028	-111.796	0	20.391	20.391	-1.5099e-14	5.32541	0	0	0	0	0	0	0	0	0	0	0	0	0	0	0	0	0	0	0	0	0	0	0	0	0	0	0	0	0	0	0	0	0	
1	1	1	227	6.81		300	0	0	0.01135	-0.01135	7.05682e-05	0	0	0	62.9801	-60.3381	-6.47409e-06	0	0	0	0.872285	0.447266	0	0.425019		300	0.0797998	0.00391727	-0.00406939	0.00015212	0	0	0	0.0797998	0	-0.355028	-111.796	0	20.391	20.391	-1.5099e-14	5.32541	0	0	0	0	0	0	0	0	0	0	0	0	0	0	0	0	0	0	0	0	0	0	0	0	0	0	0	0	0	0	0	0	0	
1	1	1	228	6.84		300	0	0	0.0114	-0.0114	7.11218e-05	0	0	0	63.0982	-60.4355	-6.53096e-06	0	0	0	0.878456	0.449601	0	0.428855		300	0.08052	0.00395381	-0.00410712	0.000153313	0	0	0	0.08052	0	-0.355028	-111.796	0	20.391	20.391	-1.5099e-14	5.32541	0	0	0	0	0	0	0	0	0	0	0	0	0	0	0	0	0	0	0	0	0	0	0	0	0	0	0	0	0	0	0	0	0	
1	1	1	229	6.87		300	0	0	0.01145	-0.01145	7.16747e-05	0	0	0	63.2159	-60.5325	-6.58785e-06	0	0	0	0.884638	0.451941	0	0.432697		300	0.0812413	0.00399041	-0.00414492	0.000154505	0	0	0	0.0812413	0	-0.355028	-111.796	0	20.391	20.391	-1.5099e-14	5.32541	0	0	0	0	0	0	0	0	0	0	0	0	0	0	0	0	0	0	0	0	0	0	0	0	0	0	0	0	0	0	0	0	0	
1	1	1	230	6.9		300	0	0	0.0115	-0.0115	7.22271e-05	0	0	0	63.333	-60.6289	-6.64475e-06	0	0	0	0.890831	0.454287	0	0.436544		300	0.0819635	0.00402708	-0.00418277	0.000155696	0	0	0	0.0819635	0	-0.355028	-111.796	0	20.391	20.391	-1.5099e-14	5.32541	0	0	0	0	0	0	0	0	0	0	0	0	0	0	0	0	0	0	0	0	0	0	0	0	0	0	0	0	0	0	0	0	0	
1	1	1	231	6.93		300	0	0	0.01155	-0.01155	7.27788e-05	0	0	0	63.4496	-60.7249	-6.70167e-06	0	0	0	0.897034	0.456638	0	0.440396		300	0.0826868	0.0040638	-0.00422069	0.000156885	0	0	0	0.0826868	0	-0.355028	-111.796	0	20.391	20.391	-1.5099e-14	5.32541	0	0	0	0	0	0	0	0	0	0	0	0	0	0	0	0	0	0	0	0	0	0	0	0	0	0	0	0	0	0	0	0	0	
1	1	1	232	6.96		300	0	0	0.0116	-0.0116	7.333e-05	0	0	0	63.5658	-60.8204	-6.75861e-06	0	0	0	0.903248	0.458994	0	0.444254		300	0.0834109	0.00410058	-0.00425866	0.000158073	0	0	0	0.0834109	0	-0.355028	-111.796	0	20.391	20.391	-1.5099e-14	5.32541	0	0	0	0	0	0	0	0	0	0	0	0	0	0	0	0	0	0	0	0	0	0	0	0	0	0	0	0	0	0	0	0	0	
1	1	1	233	6.99		300	0	0	0.01165	-0.01165	7.38805e-05	0	0	0	63.6814	-60.9154	-6.81557e-06	0	0	0	0.909473	0.461357	0	0.448116		300	0.0841361	0.00413742	-0.00429668	0.00015926	0	0	0	0.0841361	0	-0.355028	-111.796	0	20.391	20.391	-1.5099e-14	5.32541	0	0	0	0	0	0	0	0	0	0	0	0	0	0	0	0	0	0	0	0	0	0	0	0	0	0	0	0	0	0	0	0	0	
1	1	1	234	7.02		300	0	0	0.0117	-0.0117	7.44303e-05	0	0	0	63.7965	-61.0099	-6.87256e-06	0	0	0	0.915708	0.463724	0	0.451984		300	0.0848622	0.00417432	-0.00433477	0.000160445	0	0	0	0.0848622	0	-0.355028	-111.796	0	20.391	20.391	-1.5099e-14	5.32541	0	0	0	0	0	0	0	0	0	0	0	0	0	0	0	0	0	0	0	0	0	0	0	0	0	0	0	0	0	0	0	0	0	
1	1	1	235	7.05		300	0	0	0.01175	-0.01175	7.49795e-05	0	0	0	63.9111	-61.104	-6.92957e-06	0	0	0	0.921954	0.466097	0	0.455856		300	0.0855892	0.00421128	-0.00437291	0.000161629	0	0	0	0.0855892	0	-0.355028	-111.796	0	20.391	20.391	-1.5099e-14	5.32541	0	0	0	0	0	0	0	0	0	0	0	0	0	0	0	0	0	0	0	0	0	0	0	0	0	0	0	0	0	0	0	0	0	
1	1	1	236	7.08		300	0	0	0.0118	-0.0118	7.55281e-05	0	0	0	64.0253	-61.1976	-6.9866e-06	0	0	0	0.928209	0.468476	0	0.459734		300	0.0863171	0.00424829	-0.00441111	0.000162811	0	0	0	0.0863171	0	-0.355028	-111.796	0	20.391	20.391	-1.5099e-14	5.32541	0	0	0	0	0	0	0	0	0	0	0	0	0	0	0	0	0	0	0	0	0	0	0	0	0	0	0	0	0	0	0	0	0	
1	1	1	237	7.11		300	0	0	0.01185	-0.01185	7.6076e-05	0	0	0	64.139	-61.2908	-7.04366e-06	0	0	0	0.934476	0.47086	0	0.463616		300	0.087046	0.00428536	-0.00444936	0.000163992	0	0	0	0.087046	0	-0.355028	-111.796	0	20.391	20.391	-1.5099e-14	5.32541	0	0	0	0	0	0	0	0	0	0	0	0	0	0	0	0	0	0	0	0	0	0	0	0	0	0	0	0	0	0	0	0	0	
1	1	1	238	7.14		300	0	0	0.0119	-0.0119	7.66232e-05	0	0	0	64.2522	-61.3835	-7.10074e-06	0	0	0	0.940752	0.473249	0	0.467503		300	0.0877758	0.00432249	-0.00448766	0.000165172	0	0	0	0.0877758	0	-0.355028	-111.796	0	20.391	20.391	-1.5099e-14	5.32541	0	0	0	0	0	0	0	0	0	0	0	0	0	0	0	0	0	0	0	0	0	0	0	0	0	0	0	0	0	0	0	0	0	
1	1	1	239	7.17		300	0	0	0.01195	-0.01195	7.71697e-05	0	0	0	64.3649	-61.4758	-7.15785e-06	0	0	0	0.947039	0.475644	0	0.471395		300	0.0885064	0.00435967	-0.00452602	0.00016635	0	0	0	0.0885064	0	-0.355028	-111.796	0	20.391	20.391	-1.5099e-14	5.32541	0	0	0	0	0	0	0	0	0	0	0	0	0	0	0	0	0	0	0	0	0	0	0	0	0	0	0	0	0	0	0	0	0	
1	1	1	240	7.2		300	0	0	0.012	-0.012	7.77156e-05	0	0	0	64.4772	-61.5677	-7.21499e-06	0	0	0	0.953336	0.478045	0	0.475291		300	0.0892379	0.0043969	-0.00456443	0.000167527	0	0	0	0.0892379	0	-0.355028	-111.796	0	20.391	20.391	-1.5099e-14	5.32541	0	0	0	0	0	0	0	0	0	0	0	0	0	0	0	0	0	0	0	0	0	0	0	0	0	0	0	0	0	0	0	0	0	
1	1	1	241	7.23		300	0	0	0.01205	-0.01205	7.82607e-05	0	0	0	64.5891	-61.6591	-7.27216e-06	0	0	0	0.959644	0.480451	0	0.479192		300	0.0899703	0.00443419	-0.00460289	0.000168702	0	0	0	0.0899703	0	-0.355028	-111.796	0	20.391	20.391	-1.5099e-14	5.32541	0	0	0	0	0	0	0	0	0	0	0	0	0	0	0	0	0	0	0	0	0	0	0	0	0	0	0	0	0	0	0	0	0	
1	1	1	242	7.26		300	0	0	0.0121	-0.0121	7.88052e-05	0	0	0	64.7004	-61.7501	-7.32936e-06	0	0	0	0.965961	0.482863	0	0.483098		300	0.0907035	0.00447153	-0.0046414	0.000169876	0	0	0	0.0907035	0	-0.355028	-111.796	0	20.391	20.391	-1.5099e-14	5.32541	0	0	0	0	0	0	0	0	0	0	0	0	0	0	0	0	0	0	0	0	0	0	0	0	0	0	0	0	0	0	0	0	0	
1	1	1	243	7.29		300	0	0	0.01215	-0.01215	7.93489e-05	0	0	0	64.8114	-61.8406	-7.3866e-06	0	0	0	0.972289	0.485281	0	0.487008		300	0.0914376	0.00450892	-0.00467997	0.000171048	0	0	0	0.0914376	0	-0.355028	-111.796	0	20.391	20.391	-1.5099e-14	5.32541	0	0	0	0	0	0	0	0	0	0	0	0	0	0	0	0	0	0	0	0	0	0	0	0	0	0	0	0	0	0	0	0	0	
1	1	1	244	7.32		300	0	0	0.0122	-0.0122	7.98919e-05	0	0	0	64.9219	-61.9308	-7.44386e-06	0	0	0	0.978626	0.487704	0	0.490922		300	0.0921725	0.00454637	-0.00471859	0.000172218	0	0	0	0.0921725	0	-0.355028	-111.796	0	20.391	20.391	-1.5099e-14	5.32541	0	0	0	0	0	0	0	0	0	0	0	0	0	0	0	0	0	0	0	0	0	0	0	0	0	0	0	0	0	0	0	0	0	
1	1	1	245	7.35		300	0	0	0.01225	-0.01225	8.04342e-05	0	0	0	65.0319	-62.0205	-7.50116e-06	0	0	0	0.984974	0.490133	0	0.494841		300	0.0929082	0.00458386	-0.00475725	0.000173387	0	0	0	0.0929082	0	-0.355028	-111.796	0	20.391	20.391	-1.5099e-14	5.32541	0	0	0	0	0	0	0	0	0	0	0	0	0	0	0	0	0	0	0	0	0	0	0	0	0	0	0	0	0	0	0	0	0	
1	1	1	246	7.38		300	0	0	0.0123	-0.0123	8.09757e-05	0	0	0	65.1415	-62.1099	-7.55849e-06	0	0	0	0.991332	0.492567	0	0.498765		300	0.0936448	0.00462141	-0.00479596	0.000174555	0	0	0	0.0936448	0	-0.355028	-111.796	0	20.391	20.391	-1.5099e-14	5.32541	0	0	0	0	0	0	0	0	0	0	0	0	0	0	0	0	0	0	0	0	0	0	0	0	0	0	0	0	0	0	0	0	0	
1	1	1	247	7.41		300	0	0	0.01235	-0.01235	8.15166e-05	0	0	0	65.2507	-62.1988	-7.61585e-06	0	0	0	0.997699	0.495007	0	0.502692		300	0.0943821	0.00465901	-0.00483473	0.00017572	0	0	0	0.0943821	0	-0.355028	-111.796	0	20.391	20.391	-1.5099e-14	5.32541	0	0	0	0	0	0	0	0	0	0	0	0	0	0	0	0	0	0	0	0	0	0	0	0	0	0	0	0	0	0	0	0	0	
1	1	1	248	7.44		300	0	0	0.0124	-0.0124	8.20566e-05	0	0	0	65.3595	-62.2874	-7.67325e-06	0	0	0	1.00408	0.497453	0	0.506624		300	0.0951203	0.00469665	-0.00487354	0.000176885	0	0	0	0.0951203	0	-0.355028	-111.796	0	20.391	20.391	-1.5099e-14	5.32541	0	0	0	0	0	0	0	0	0	0	0	0	0	0	0	0	0	0	0	0	0	0	0	0	0	0	0	0	0	0	0	0	0	
1	1	1	249	7.47		300	0	0	0.01245	-0.01245	8.25959e-05	0	0	0	65.4678	-62.3755	-7.73068e-06	0	0	0	1.01046	0.499904	0	0.51056		300	0.0958592	0.00473435	-0.0049124	0.000178047	0	0	0	0.0958592	0	-0.355028	-111.796	0	20.391	20.391	-1.5099e-14	5.32541	0	0	0	0	0	0	0	0	0	0	0	0	0	0	0	0	0	0	0	0	0	0	0	0	0	0	0	0	0	0	0	0	0	
1	1	1	250	7.5		300	0	0	0.0125	-0.0125	8.31345e-05	0	0	0	65.5758	-62.4633	-7.78815e-06	0	0	0	1.01686	0.502361	0	0.5145		300	0.0965989	0.00477209	-0.0049513	0.000179208	0	0	0	0.0965989	0	-0.355028	-111.796	0	20.391	20.391	-1.5099e-14	5.32541	0	0	0	0	0	0	0	0	0	0	0	0	0	0	0	0	0	0	0	0	0	0	0	0	0	0	0	0	0	0	0	0	0	
1	1	1	251	7.53		300	0	0	0.01255	-0.01255	8.36723e-05	0	0	0	65.6833	-62.5507	-7.84566e-06	0	0	0	1.02327	0.504824	0	0.518444		300	0.0973394	0.00480989	-0.00499026	0.000180367	0	0	0	0.0973394	0	-0.355028	-111.796	0	20.391	20.391	-1.5099e-14	5.32541	0	0	0	0	0	0	0	0	0	0	0	0	0	0	0	0	0	0	0	0	0	0	0	0	0	0	0	0	0	0	0	0	0	
1	1	1	252	7.56		300	0	0	0.0126	-0.0126	8.42093e-05	0	0	0	65.7904	-62.6377	-7.90321e-06	0	0	0	1.02968	0.507292	0	0.522392		300	0.0980806	0.00484773	-0.00502925	0.000181525	0	0	0	0.0980806	0	-0.355028	-111.796	0	20.391	20.391	-1.5099e-14	5.32541	0	0	0	0	0	0	0	0	0	0	0	0	0	0	0	0	0	0	0	0	0	0	0	0	0	0	0	0	0	0	0	0	0	
1	1	1	253	7.59		300	0	0	0.01265	-0.01265	8.47456e-05	0	0	0	65.8971	-62.7243	-7.96079e-06	0	0	0	1.03611	0.509766	0	0.526344		300	0.0988226	0.00488562	-0.0050683	0.000182681	0	0	0	0.0988226	0	-0.355028	-111.796	0	20.391	20.391	-1.5099e-14	5.32541	0	0	0	0	0	0	0	0	0	0	0	0	0	0	0	0	0	0	0	0	0	0	0	0	0	0	0	0	0	0	0	0	0	
1	1	1	254	7.62		300	0	0	0.0127	-0.0127	8.52811e-05	0	0	0	66.0034	-62.8106	-8.01841e-06	0	0	0	1.04255	0.512246	0	0.530301		300	0.0995653	0.00492355	-0.00510739	0.000183835	0	0	0	0.0995653	0	-0.355028	-111.796	0	20.391	20.391	-1.5099e-14	5.32541	0	0	0	0	0	0	0	0	0	0	0	0	0	0	0	0	0	0	0	0	0	0	0	0	0	0	0	0	0	0	0	0	0	
1	1	1	255	7.65		300	0	0	0.01275	-0.01275	8.58158e-05	0	0	0	66.1093	-62.8965	-8.07607e-06	0	0	0	1.04899	0.514731	0	0.534261		300	0.100309	0.00496153	-0.00514652	0.000184988	0	0	0	0.100309	0	-0.355028	-111.796	0	20.391	20.391	-1.5099e-14	5.32541	0	0	0	0	0	0	0	0	0	0	0	0	0	0	0	0	0	0	0	0	0	0	0	0	0	0	0	0	0	0	0	0	0	
1	1	1	256	7.68		300	0	0	0.0128	-0.0128	8.63497e-05	0	0	0	66.2149	-62.982	-8.13377e-06	0	0	0	1.05545	0.517223	0	0.538224		300	0.101053	0.00499956	-0.0051857	0.000186139	0	0	0	0.101053	0	-0.355028	-111.796	0	20.391	20.391	-1.5099e-14	5.32541	0	0	0	0	0	0	0	0	0	0	0	0	0	0	0	0	0	0	0	0	0	0	0	0	0	0	0	0	0	0	0	0	0	
1	1	1	257	7.71		300	0	0	0.01285	-0.01285	8.68828e-05	0	0	0	66.32	-63.0672	-8.1915e-06	0	0	0	1.06191	0.51972	0	0.542192		300	0.101798	0.00503763	-0.00522492	0.000187288	0	0	0	0.101798	0	-0.355028	-111.796	0	20.391	20.391	-1.5099e-14	5.32541	0	0	0	0	0	0	0	0	0	0	0	0	0	0	0	0	0	0	0	0	0	0	0	0	0	0	0	0	0	0	0	0	0	
1	1	1	258	7.74		300	0	0	0.0129	-0.0129	8.74151e-05	0	0	0	66.4248	-63.1521	-8.24928e-06	0	0	0	1.06839	0.522222	0	0.546164		300	0.102543	0.00507574	-0.00526418	0.000188436	0	0	0	0.102543	0	-0.355028	-111.796	0	20.391	20.391	-1.5099e-14	5.32541	0	0	0	0	0	0	0	0	0	0	0	0	0	0	0	0	0	0	0	0	0	0	0	0	0	0	0	0	0	0	0	0	0	
1	1	1	259	7.77		300	0	0	0.01295	-0.01295	8.79466e-05	0	0	0	66.5292	-63.2365	-8.3071e-06	0	0	0	1.07487	0.524731	0	0.550139		300	0.10329	0.00511391	-0.00530349	0.000189581	0	0	0	0.10329	0	-0.355028	-111.796	0	20.391	20.391	-1.5099e-14	5.32541	0	0	0	0	0	0	0	0	0	0	0	0	0	0	0	0	0	0	0	0	0	0	0	0	0	0	0	0	0	0	0	0	0	
1	1	1	260	7.8		300	0	0	0.013	-0.013	8.84773e-05	0	0	0	66.6332	-63.3207	-8.36496e-06	0	0	0	1.08136	0.527245	0	0.554117		300	0.104037	0.00515211	-0.00534284	0.000190725	0	0	0	0.104037	0	-0.355028	-111.796	0	20.391	20.391	-1.5099e-14	5.32541	0	0	0	0	0	0	0	0	0	0	0	0	0	0	0	0	0	0	0	0	0	0	0	0	0	0	0	0	0	0	0	0	0	
1	1	1	261	7.83		300	0	0	0.01305	-0.01305	8.90072e-05	0	0	0	66.7368	-63.4045	-8.42286e-06	0	0	0	1.08786	0.529765	0	0.5581		300	0.104784	0.00519036	-0.00538223	0.000191868	0	0	0	0.104784	0	-0.355028	-111.796	0	20.391	20.391	-1.5099e-14	5.32541	0	0	0	0	0	0	0	0	0	0	0	0	0	0	0	0	0	0	0	0	0	0	0	0	0	0	0	0	0	0	0	0	0	
1	1	1	262	7.86		300	0	0	0.0131	-0.0131	8.95363e-05	0	0	0	66.8401	-63.4879	-8.4808e-06	0	0	0	1.09438	0.53229	0	0.562086		300	0.105533	0.00522865	-0.00542166	0.000193008	0	0	0	0.105533	0	-0.355028	-111.796	0	20.391	20.391	-1.5099e-14	5.32541	0	0	0	0	0	0	0	0	0	0	0	0	0	0	0	0	0	0	0	0	0	0	0	0	0	0	0	0	0	0	0	0	0	
1	1	1	263	7.89		300	0	0	0.01315	-0.01315	9.00646e-05	0	0	0	66.9429	-63.571	-8.53878e-06	0	0	0	1.1009	0.534822	0	0.566076		300	0.106282	0.00526698	-0.00546113	0.000194147	0	0	0	0.106282	0	-0.355028	-111.796	0	20.391	20.391	-1.5099e-14	5.32541	0	0	0	0	0	0	0	0	0	0	0	0	0	0	0	0	0	0	0	0	0	0	0	0	0	0	0	0	0	0	0	0	0	
1	1	1	264	7.92		300	0	0	0.0132	-0.0132	9.0592e-05	0	0	0	67.0455	-63.6538	-8.5968e-06	0	0	0	1.10743	0.537359	0	0.570069		300	0.107031	0.00530536	-0.00550064	0.000195284	0	0	0	0.107031	0	-0.355028	-111.796	0	20.391	20.391	-1.5099e-14	5.32541	0	0	0	0	0	0	0	0	0	0	0	0	0	0	0	0	0	0	0	0	0	0	0	0	0	0	0	0	0	0	0	0	0	
1	1	1	265	7.95		300	0	0	0.01325	-0.01325	9.11187e-05	0	0	0	67.1477	-63.7363	-8.65487e-06	0	0	0	1.11397	0.539902	0	0.574065		300	0.107782	0.00534378	-0.00554019	0.000196419	0	0	0	0.107782	0	-0.355028	-111.796	0	20.391	20.391	-1.5099e-14	5.32541	0	0	0	0	0	0	0	0	0	0	0	0	0	0	0	0	0	0	0	0	0	0	0	0	0	0	0	0	0	0	0	0	0	
1	1	1	266	7.98		300	0	0	0.0133	-0.0133	9.16445e-05	0	0	0	67.2495	-63.8184	-8.71298e-06	0	0	0	1.12052	0.542451	0	0.578065		300	0.108533	0.00538223	-0.00557979	0.000197552	0	0	0	0.108533	0	-0.355028	-111.796	0	20.391	20.391	-1.5099e-14	5.32541	0	0	0	0	0	0	0	0	0	0	0	0	0	0	0	0	0	0	0	0	0	0	0	0	0	0	0	0	0	0	0	0	0	
1	1	1	267	8.01		300	0	0	0.01335	-0.01335	9.21694e-05	0	0	0	67.351	-63.9002	-8.77113e-06	0	0	0	1.12707	0.545005	0	0.582069		300	0.109284	0.00542073	-0.00561942	0.000198684	0	0	0	0.109284	0	-0.355028	-111.796	0	20.391	20.391	-1.5099e-14	5.32541	0	0	0	0	0	0	0	0	0	0	0	0	0	0	0	0	0	0	0	0	0	0	0	0	0	0	0	0	0	0	0	0	0	
1	1	1	268	8.04		300	0	0	0.0134	-0.0134	9.26935e-05	0	0	0	67.4521	-63.9818	-8.82932e-06	0	0	0	1.13364	0.547566	0	0.586076		300	0.110036	0.00545927	-0.00565909	0.000199814	0	0	0	0.110036	0	-0.355028	-111.796	0	20.391	20.391	-1.5099e-14	5.32541	0	0	0	0	0	0	0	0	0	0	0	0	0	0	0	0	0	0	0	0	0	0	0	0	0	0	0	0	0	0	0	0	0	
1	1	1	269	8.07		300	0	0	0.01345	-0.01345	9.32168e-05	0	0	0	67.5529	-64.0629	-8.88755e-06	0	0	0	1.14022	0.550132	0	0.590086		300	0.110789	0.00549785	-0.0056988	0.000200942	0	0	0	0.110789	0	-0.355028	-111.796	0	20.391	20.391	-1.5099e-14	5.32541	0	0	0	0	0	0	0	0	0	0	0	0	0	0	0	0	0	0	0	0	0	0	0	0	0	0	0	0	0	0	0	0	0	
1	1	1	270	8.1		300	0	0	0.0135	-0.0135	9.37393e-05	0	0	0	67.6533	-64.1438	-8.94583e-06	0	0	0	1.1468	0.552704	0	0.594099		300	0.111543	0.00553647	-0.00573854	0.000202068	0	0	0	0.111543	0	-0.355028	-111.796	0	20.391	20.391	-1.5099e-14	5.32541	0	0	0	0	0	0	0	0	0	0	0	0	0	0	0	0	0	0	0	0	0	0	0	0	0	0	0	0	0	0	0	0	0	
1	1	1	271	8.13		300	0	0	0.01355	-0.01355	9.42609e-05	0	0	0	67.7534	-64.2244	-9.00415e-06	0	0	0	1.1534	0.555281	0	0.598116		300	0.112297	0.00557513	-0.00577833	0.000203193	0	0	0	0.112297	0	-0.355028	-111.796	0	20.391	20.391	-1.5099e-14	5.32541	0	0	0	0	0	0	0	0	0	0	0	0	0	0	0	0	0	0	0	0	0	0	0	0	0	0	0	0	0	0	0	0	0	
1	1	1	272	8.16		300	0	0	0.0136	-0.0136	9.47817e-05	0	0	0	67.8532	-64.3047	-9.06252e-06	0	0	0	1.16	0.557865	0	0.602136		300	0.113052	0.00561383	-0.00581815	0.000204315	0	0	0	0.113052	0	-0.355028	-111.796	0	20.391	20.391	-1.5099e-14	5.32541	0	0	0	0	0	0	0	0	0	0	0	0	0	0	0	0	0	0	0	0	0	0	0	0	0	0	0	0	0	0	0	0	0	
1	1	1	273	8.19		300	0	0	0.01365	-0.01365	9.53016e-05	0	0	0	67.9526	-64.3846	-9.12093e-06	0	0	0	1.16661	0.560454	0	0.606159		300	0.113807	0.00565257	-0.00585801	0.000205436	0	0	0	0.113807	0	-0.355028	-111.796	0	20.391	20.391	-1.5099e-14	5.32541	0	0	0	0	0	0	0	0	0	0	0	0	0	0	0	0	0	0	0	0	0	0	0	0	0	0	0	0	0	0	0	0	0	
1	1	1	274	8.22		300	0	0	0.0137	-0.0137	9.58206e-05	0	0	0	68.0517	-64.4643	-9.17938e-06	0	0	0	1.17323	0.563049	0	0.610185		300	0.114563	0.00569135	-0.0058979	0.000206555	0	0	0	0.114563	0	-0.355028	-111.796	0	20.391	20.391	-1.5099e-14	5.32541	0	0	0	0	0	0	0	0	0	0	0	0	0	0	0	0	0	0	0	0	0	0	0	0	0	0	0	0	0	0	0	0	0	
1	1	1	275	8.25		300	0	0	0.01375	-0.01375	9.63388e-05	0	0	0	68.1505	-64.5437	-9.23787e-06	0	0	0	1.17986	0.56565	0	0.614215		300	0.115319	0.00573016	-0.00593783	0.000207672	0	0	0	0.115319	0	-0.355028	-111.796	0	20.391	20.391	-1.5099e-14	5.32541	0	0	0	0	0	0	0	0	0	0	0	0	0	0	0	0	0	0	0	0	0	0	0	0	0	0	0	0	0	0	0	0	0	
1	1	1	276	8.28		300	0	0	0.0138	-0.0138	9.68562e-05	0	0	0	68.2489	-64.6228	-9.29641e-06	0	0	0	1.1865	0.568257	0	0.618247		300	0.116076	0.00576901	-0.0059778	0.000208787	0	0	0	0.116076	0	-0.355028	-111.796	0	20.391	20.391	-1.5099e-14	5.32541	0	0	0	0	0	0	0	0	0	0	0	0	0	0	0	0	0	0	0	0	0	0	0	0	0	0	0	0	0	0	0	0	0	
1	1	1	277	8.31		300	0	0	0.01385	-0.01385	9.73727e-05	0	0	0	68.3471	-64.7016	-9.35499e-06	0	0	0	1.19315	0.570869	0	0.622282		300	0.116834	0.0058079	-0.0060178	0.000209901	0	0	0	0.116834	0	-0.355028	-111.796	0	20.391	20.391	-1.5099e-14	5.32541	0	0	0	0	0	0	0	0	0	0	0	0	0	0	0	0	0	0	0	0	0	0	0	0	0	0	0	0	0	0	0	0	0	
1	1	1	278	8.34		300	0	0	0.0139	-0.0139	9.78883e-05	0	0	0	68.4449	-64.7801	-9.41361e-06	0	0	0	1.19981	0.573488	0	0.626321		300	0.117592	0.00584682	-0.00605783	0.000211012	0	0	0	0.117592	0	-0.355028	-111.796	0	20.391	20.391	-1.5099e-14	5.32541	0	0	0	0	0	0	0	0	0	0	0	0	0	0	0	0	0	0	0	0	0	0	0	0	0	0	0	0	0	0	0	0	0	
1	1	1	279	8.37		300	0	0	0.01395	-0.01395	9.84031e-05	0	0	0	68.5424	-64.8583	-9.47228e-06	0	0	0	1.20647	0.576112	0	0.630362		300	0.118351	0.00588578	-0.00609791	0.000212122	0	0	0	0.118351	0	-0.355028	-111.796	0	20.391	20.391	-1.5099e-14	5.32541	0	0	0	0	0	0	0	0	0	0	0	0	0	0	0	0	0	0	0	0	0	0	0	0	0	0	0	0	0	0	0	0	0	
1	1	1	280	8.4		300	0	0	0.014	-0.014	9.8917e-05	0	0	0	68.6396	-64.9363	-9.53099e-06	0	0	0	1.21315	0.578742	0	0.634407		300	0.11911	0.00592478	-0.00613801	0.00021323	0	0	0	0.11911	0	-0.355028	-111.796	0	20.391	20.391	-1.5099e-14	5.32541	0	0	0	0	0	0	0	0	0	0	0	0	0	0	0	0	0	0	0	0	0	0	0	0	0	0	0	0	0	0	0	0	0	
1	1	1	281	8.43		300	0	0	0.01405	-0.01405	9.94301e-05	0	0	0	68.7365	-65.0139	-9.58975e-06	0	0	0	1.21983	0.581377	0	0.638454		300	0.11987	0.00596381	-0.00617815	0.000214336	0	0	0	0.11987	0	-0.355028	-111.796	0	20.391	20.391	-1.5099e-14	5.32541	0	0	0	0	0	0	0	0	0	0	0	0	0	0	0	0	0	0	0	0	0	0	0	0	0	0	0	0	0	0	0	0	0	
1	1	1	282	8.46		300	0	0	0.0141	-0.0141	9.99422e-05	0	0	0	68.8331	-65.0913	-9.64854e-06	0	0	0	1.22652	0.584019	0	0.642505		300	0.12063	0.00600288	-0.00621832	0.00021544	0	0	0	0.12063	0	-0.355028	-111.796	0	20.391	20.391	-1.5099e-14	5.32541	0	0	0	0	0	0	0	0	0	0	0	0	0	0	0	0	0	0	0	0	0	0	0	0	0	0	0	0	0	0	0	0	0	
1	1	1	283	8.49		300	0	0	0.01415	-0.01415	0.000100454	0	0	0	68.9293	-65.1685	-9.70738e-06	0	0	0	1.23322	0.586667	0	0.646558		300	0.121391	0.00604199	-0.00625853	0.000216542	0	0	0	0.121391	0	-0.355028	-111.796	0	20.391	20.391	-1.5099e-14	5.32541	0	0	0	0	0	0	0	0	0	0	0	0	0	0	0	0	0	0	0	0	0	0	0	0	0	0	0	0	0	0	0	0	0	
1	1	1	284	8.52		300	0	0	0.0142	-0.0142	0.000100964	0	0	0	69.0253	-65.2453	-9.76627e-06	0	0	0	1.23993	0.58932	0	0.650614		300	0.122153	0.00608113	-0.00629877	0.000217642	0	0	0	0.122153	0	-0.355028	-111.796	0	20.391	20.391	-1.5099e-14	5.32541	0	0	0	0	0	0	0	0	0	0	0	0	0	0	0	0	0	0	0	0	0	0	0	0	0	0	0	0	0	0	0	0	0	
1	1	1	285	8.55		300	0	0	0.01425	-0.01425	0.000101474	0	0	0	69.121	-65.3219	-9.82519e-06	0	0	0	1.24665	0.591979	0	0.654672		300	0.122915	0.0061203	-0.00633904	0.000218741	0	0	0	0.122915	0	-0.355028	-111.796	0	20.391	20.391	-1.5099e-14	5.32541	0	0	0	0	0	0	0	0	0	0	0	0	0	0	0	0	0	0	0	0	0	0	0	0	0	0	0	0	0	0	0	0	0	
1	1	1	286	8.58		300	0	0	0.0143	-0.0143	0.000101982	0	0	0	69.2164	-65.3983	-9.88416e-06	0	0	0	1.25338	0.594644	0	0.658734		300	0.123677	0.00615951	-0.00637934	0.000219837	0	0	0	0.123677	0	-0.355028	-111.796	0	20.391	20.391	-1.5099e-14	5.32541	0	0	0	0	0	0	0	0	0	0	0	0	0	0	0	0	0	0	0	0	0	0	0	0	0	0	0	0	0	0	0	0	0	
1	1	1	287	8.61		300	0	0	0.01435	-0.01435	0.00010249	0	0	0	69.3115	-65.4744	-9.94318e-06	0	0	0	1.26011	0.597315	0	0.662798		300	0.12444	0.00619875	-0.00641968	0.000220932	0	0	0	0.12444	0	-0.355028	-111.796	0	20.391	20.391	-1.5099e-14	5.32541	0	0	0	0	0	0	0	0	0	0	0	0	0	0	0	0	0	0	0	0	0	0	0	0	0	0	0	0	0	0	0	0	0	
1	1	1	288	8.64		300	0	0	0.0144	-0.0144	0.000102997	0	0	0	69.4063	-65.5502	-1.00022e-05	0	0	0	1.26686	0.599991	0	0.666865		300	0.125204	0.00623802	-0.00646005	0.000222025	0	0	0	0.125204	0	-0.355028	-111.796	0	20.391	20.391	-1.5099e-14	5.32541	0	0	0	0	0	0	0	0	0	0	0	0	0	0	0	0	0	0	0	0	0	0	0	0	0	0	0	0	0	0	0	0	0	
1	1	1	289	8.67		300	0	0	0.01445	-0.01445	0.000103503	0	0	0	69.5008	-65.6257	-1.00613e-05	0	0	0	1.27361	0.602673	0	0.670935		300	0.125968	0.00627733	-0.00650045	0.000223115	0	0	0	0.125968	0	-0.355028	-111.796	0	20.391	20.391	-1.5099e-14	5.32541	0	0	0	0	0	0	0	0	0	0	0	0	0	0	0	0	0	0	0	0	0	0	0	0	0	0	0	0	0	0	0	0	0	
1	1	1	290	8.7		300	0	0	0.0145	-0.0145	0.000104008	0	0	0	69.595	-65.7011	-1.01205e-05	0	0	0	1.28037	0.605362	0	0.675007		300	0.126732	0.00631667	-0.00654088	0.000224204	0	0	0	0.126732	0	-0.355028	-111.796	0	20.391	20.391	-1.5099e-14	5.32541	0	0	0	0	0	0	0	0	0	0	0	0	0	0	0	0	0	0	0	0	0	0	0	0	0	0	0	0	0	0	0	0	0	
1	1	1	291	8.73		300	0	0	0.01455	-0.01455	0.000104513	0	0	0	69.6889	-65.7761	-1.01797e-05	0	0	0	1.28714	0.608056	0	0.679082		300	0.127497	0.00635605	-0.00658134	0.000225292	0	0	0	0.127497	0	-0.355028	-111.796	0	20.391	20.391	-1.5099e-14	5.32541	0	0	0	0	0	0	0	0	0	0	0	0	0	0	0	0	0	0	0	0	0	0	0	0	0	0	0	0	0	0	0	0	0	
1	1	1	292	8.76		300	0	0	0.0146	-0.0146	0.000105016	0	0	0	69.7826	-65.8509	-1.02389e-05	0	0	0	1.29392	0.610756	0	0.68316		300	0.128263	0.00639545	-0.00662183	0.000226377	0	0	0	0.128263	0	-0.355028	-111.796	0	20.391	20.391	-1.5099e-14	5.32541	0	0	0	0	0	0	0	0	0	0	0	0	0	0	0	0	0	0	0	0	0	0	0	0	0	0	0	0	0	0	0	0	0	
1	1	1	293	8.79		300	0	0	0.01465	-0.01465	0.000105519	0	0	0	69.876	-65.9255	-1.02982e-05	0	0	0	1.3007	0.613461	0	0.68724		300	0.129029	0.00643489	-0.00666235	0.00022746	0	0	0	0.129029	0	-0.355028	-111.796	0	20.391	20.391	-1.5099e-14	5.32541	0	0	0	0	0	0	0	0	0	0	0	0	0	0	0	0	0	0	0	0	0	0	0	0	0	0	0	0	0	0	0	0	0	
1	1	1	294	8.82		300	0	0	0.0147	-0.0147	0.00010602	0	0	0	69.9691	-65.9998	-1.03575e-05	0	0	0	1.3075	0.616173	0	0.691323		300	0.129795	0.00647436	-0.00670291	0.000228542	0	0	0	0.129795	0	-0.355028	-111.796	0	20.391	20.391	-1.5099e-14	5.32541	0	0	0	0	0	0	0	0	0	0	0	0	0	0	0	0	0	0	0	0	0	0	0	0	0	0	0	0	0	0	0	0	0	
1	1	1	295	8.85		300	0	0	0.01475	-0.01475	0.000106521	0	0	0	70.0619	-66.0739	-1.04168e-05	0	0	0	1.3143	0.61889	0	0.695408		300	0.130562	0.00651387	-0.00674349	0.000229621	0	0	0	0.130562	0	-0.355028	-111.796	0	20.391	20.391	-1.5099e-14	5.32541	0	0	0	0	0	0	0	0	0	0	0	0	0	0	0	0	0	0	0	0	0	0	0	0	0	0	0	0	0	0	0	0	0	
1	1	1	296	8.88		300	0	0	0.0148	-0.0148	0.000107021	0	0	0	70.1545	-66.1478	-1.04762e-05	0	0	0	1.32111	0.621613	0	0.699496		300	0.13133	0.0065534	-0.0067841	0.000230699	0	0	0	0.13133	0	-0.355028	-111.796	0	20.391	20.391	-1.5099e-14	5.32541	0	0	0	0	0	0	0	0	0	0	0	0	0	0	0	0	0	0	0	0	0	0	0	0	0	0	0	0	0	0	0	0	0	
1	1	1	297	8.91		300	0	0	0.01485	-0.01485	0.00010752	0	0	0	70.2468	-66.2214	-1.05357e-05	0	0	0	1.32793	0.624342	0	0.703586		300	0.132098	0.00659296	-0.00682474	0.000231774	0	0	0	0.132098	0	-0.355028	-111.796	0	20.391	20.391	-1.5099e-14	5.32541	0	0	0	0	0	0	0	0	0	0	0	0	0	0	0	0	0	0	0	0	0	0	0	0	0	0	0	0	0	0	0	0	0	
1	1	1	298	8.94		300	0	0	0.0149	-0.0149	0.000108018	0	0	0	70.3388	-66.2948	-1.05951e-05	0	0	0	1.33476	0.627077	0	0.707679		300	0.132866	0.00663256	-0.00686541	0.000232848	0	0	0	0.132866	0	-0.355028	-111.796	0	20.391	20.391	-1.5099e-14	5.32541	0	0	0	0	0	0	0	0	0	0	0	0	0	0	0	0	0	0	0	0	0	0	0	0	0	0	0	0	0	0	0	0	0	
1	1	1	299	8.97		300	0	0	0.01495	-0.01495	0.000108515	0	0	0	70.4306	-66.3679	-1.06546e-05	0	0	0	1.34159	0.629818	0	0.711774		300	0.133635	0.00667219	-0.00690611	0.00023392	0	0	0	0.133635	0	-0.355028	-111.796	0	20.391	20.391	-1.5099e-14	5.32541	0	0	0	0	0	0	0	0	0	0	0	0	0	0	0	0	0	0	0	0	0	0	0	0	0	0	0	0	0	0	0	0	0	
1	1	1	300	9		300	0	0	0.015	-0.015	0.000109012	0	0	0	70.5221	-66.4408	-1.07142e-05	0	0	0	1.34844	0.632564	0	0.715871		300	0.134404	0.00671184	-0.00694683	0.00023499	0	0	0	0.134404	0	-0.355028	-111.796	0	20.391	20.391	-1.5099e-14	5.32541	0	0	0	0	0	0	0	0	0	0	0	0	0	0	0	0	0	0	0	0	0	0	0	0	0	0	0	0	0	0	0	0	0	
1	1	1	301	9.03		300	0	0	0.01505	-0.01505	0.000109507	0	0	0	70.6133	-66.5135	-1.07738e-05	0	0	0	1.35529	0.635317	0	0.719971		300	0.135174	0.00675153	-0.00698759	0.000236058	0	0	0	0.135174	0	-0.355028	-111.796	0	20.391	20.391	-1.5099e-14	5.32541	0	0	0	0	0	0	0	0	0	0	0	0	0	0	0	0	0	0	0	0	0	0	0	0	0	0	0	0	0	0	0	0	0	
1	1	1	302	9.06		300	0	0	0.0151	-0.0151	0.000110002	0	0	0	70.7043	-66.586	-1.08335e-05	0	0	0	1.36215	0.638075	0	0.724073		300	0.135944	0.00679124	-0.00702837	0.000237124	0	0	0	0.135944	0	-0.355028	-111.796	0	20.391	20.391	-1.5099e-14	5.32541	0	0	0	0	0	0	0	0	0	0	0	0	0	0	0	0	0	0	0	0	0	0	0	0	0	0	0	0	0	0	0	0	0	
1	1	1	303	9.09		300	0	0	0.01515	-0.01515	0.000110496	0	0	0	70.7951	-66.6582	-1.08931e-05	0	0	0	1.36902	0.640839	0	0.728178		300	0.136714	0.00683099	-0.00706918	0.000238189	0	0	0	0.136714	0	-0.355028	-111.796	0	20.391	20.391	-1.5099e-14	5.32541	0	0	0	0	0	0	0	0	0	0	0	0	0	0	0	0	0	0	0	0	0	0	0	0	0	0	0	0	0	0	0	0	0	
1	1	1	304	9.12		300	0	0	0.0152	-0.0152	0.000110988	0	0	0	70.8855	-66.7303	-1.09529e-05	0	0	0	1.37589	0.643609	0	0.732285		300	0.137485	0.00687076	-0.00711001	0.000239251	0	0	0	0.137485	0	-0.355028	-111.796	0	20.391	20.391	-1.5099e-14	5.32541	0	0	0	0	0	0	0	0	0	0	0	0	0	0	0	0	0	0	0	0	0	0	0	0	0	0	0	0	0	0	0	0	0	
1	1	1	305	9.15		300	0	0	0.01525	-0.01525	0.00011148	0	0	0	70.9758	-66.8021	-1.10126e-05	0	0	0	1.38278	0.646384	0	0.736394		300	0.138257	0.00691057	-0.00715088	0.000240311	0	0	0	0.138257	0	-0.355028	-111.796	0	20.391	20.391	-1.5099e-14	5.32541	0	0	0	0	0	0	0	0	0	0	0	0	0	0	0	0	0	0	0	0	0	0	0	0	0	0	0	0	0	0	0	0	0	
1	1	1	306	9.18		300	0	0	0.0153	-0.0153	0.000111971	0	0	0	71.0657	-66.8737	-1.10724e-05	0	0	0	1.38967	0.649166	0	0.740506		300	0.139029	0.0069504	-0.00719177	0.00024137	0	0	0	0.139029	0	-0.355028	-111.796	0	20.391	20.391	-1.5099e-14	5.32541	0	0	0	0	0	0	0	0	0	0	0	0	0	0	0	0	0	0	0	0	0	0	0	0	0	0	0	0	0	0	0	0	0	
1	1	1	307	9.21		300	0	0	0.01535	-0.01535	0.000112461	0	0	0	71.1555	-66.9451	-1.11323e-05	0	0	0	1.39657	0.651953	0	0.74462		300	0.139801	0.00699026	-0.00723269	0.000242427	0	0	0	0.139801	0	-0.355028	-111.796	0	20.391	20.391	-1.5099e-14	5.32541	0	0	0	0	0	0	0	0	0	0	0	0	0	0	0	0	0	0	0	0	0	0	0	0	0	0	0	0	0	0	0	0	0	
1	1	1	308	9.24		300	0	0	0.0154	-0.0154	0.000112951	0	0	0	71.245	-67.0162	-1.11921e-05	0	0	0	1.40348	0.654746	0	0.748736		300	0.140574	0.00703015	-0.00727363	0.000243481	0	0	0	0.140574	0	-0.355028	-111.796	0	20.391	20.391	-1.5099e-14	5.32541	0	0	0	0	0	0	0	0	0	0	0	0	0	0	0	0	0	0	0	0	0	0	0	0	0	0	0	0	0	0	0	0	0	
1	1	1	309	9.27		300	0	0	0.01545	-0.01545	0.000113439	0	0	0	71.3342	-67.0872	-1.12521e-05	0	0	0	1.4104	0.657545	0	0.752854		300	0.141347	0.00707007	-0.0073146	0.000244534	0	0	0	0.141347	0	-0.355028	-111.796	0	20.391	20.391	-1.5099e-14	5.32541	0	0	0	0	0	0	0	0	0	0	0	0	0	0	0	0	0	0	0	0	0	0	0	0	0	0	0	0	0	0	0	0	0	
1	1	1	310	9.3		300	0	0	0.0155	-0.0155	0.000113927	0	0	0	71.4232	-67.1579	-1.1312e-05	0	0	0	1.41732	0.66035	0	0.756974		300	0.142121	0.00711001	-0.00735559	0.000245585	0	0	0	0.142121	0	-0.355028	-111.796	0	20.391	20.391	-1.5099e-14	5.32541	0	0	0	0	0	0	0	0	0	0	0	0	0	0	0	0	0	0	0	0	0	0	0	0	0	0	0	0	0	0	0	0	0	
1	1	1	311	9.33		300	0	0	0.01555	-0.01555	0.000114413	0	0	0	71.512	-67.2285	-1.1372e-05	0	0	0	1.42426	0.66316	0	0.761097		300	0.142894	0.00714998	-0.00739662	0.000246634	0	0	0	0.142894	0	-0.355028	-111.796	0	20.391	20.391	-1.5099e-14	5.32541	0	0	0	0	0	0	0	0	0	0	0	0	0	0	0	0	0	0	0	0	0	0	0	0	0	0	0	0	0	0	0	0	0	
1	1	1	312	9.36		300	0	0	0.0156	-0.0156	0.000114899	0	0	0	71.6005	-67.2988	-1.14321e-05	0	0	0	1.4312	0.665976	0	0.765221		300	0.143669	0.00718998	-0.00743766	0.000247681	0	0	0	0.143669	0	-0.355028	-111.796	0	20.391	20.391	-1.5099e-14	5.32541	0	0	0	0	0	0	0	0	0	0	0	0	0	0	0	0	0	0	0	0	0	0	0	0	0	0	0	0	0	0	0	0	0	
1	1	1	313	9.39		300	0	0	0.01565	-0.01565	0.000115384	0	0	0	71.6888	-67.3689	-1.14921e-05	0	0	0	1.43815	0.668799	0	0.769348		300	0.144444	0.00723001	-0.00747873	0.000248726	0	0	0	0.144444	0	-0.355028	-111.796	0	20.391	20.391	-1.5099e-14	5.32541	0	0	0	0	0	0	0	0	0	0	0	0	0	0	0	0	0	0	0	0	0	0	0	0	0	0	0	0	0	0	0	0	0	
1	1	1	314	9.42		300	0	0	0.0157	-0.0157	0.000115868	0	0	0	71.7768	-67.4389	-1.15522e-05	0	0	0	1.4451	0.671626	0	0.773477		300	0.145219	0.00727006	-0.00751983	0.000249769	0	0	0	0.145219	0	-0.355028	-111.796	0	20.391	20.391	-1.5099e-14	5.32541	0	0	0	0	0	0	0	0	0	0	0	0	0	0	0	0	0	0	0	0	0	0	0	0	0	0	0	0	0	0	0	0	0	
1	1	1	315	9.45		300	0	0	0.01575	-0.01575	0.000116351	0	0	0	71.8646	-67.5086	-1.16124e-05	0	0	0	1.45207	0.67446	0	0.777608		300	0.145994	0.00731014	-0.00756095	0.000250811	0	0	0	0.145994	0	-0.355028	-111.796	0	20.391	20.391	-1.5099e-14	5.32541	0	0	0	0	0	0	0	0	0	0	0	0	0	0	0	0	0	0	0	0	0	0	0	0	0	0	0	0	0	0	0	0	0	
1	1	1	316	9.48		300	0	0	0.0158	-0.0158	0.000116833	0	0	0	71.9522	-67.5781	-1.16726e-05	0	0	0	1.45904	0.6773	0	0.781741		300	0.14677	0.00735025	-0.0076021	0.00025185	0	0	0	0.14677	0	-0.355028	-111.796	0	20.391	20.391	-1.5099e-14	5.32541	0	0	0	0	0	0	0	0	0	0	0	0	0	0	0	0	0	0	0	0	0	0	0	0	0	0	0	0	0	0	0	0	0	
1	1	1	317	9.51		300	0	0	0.01585	-0.01585	0.000117314	0	0	0	72.0396	-67.6475	-1.17328e-05	0	0	0	1.46602	0.680145	0	0.785876		300	0.147547	0.00739038	-0.00764327	0.000252888	0	0	0	0.147547	0	-0.355028	-111.796	0	20.391	20.391	-1.5099e-14	5.32541	0	0	0	0	0	0	0	0	0	0	0	0	0	0	0	0	0	0	0	0	0	0	0	0	0	0	0	0	0	0	0	0	0	
1	1	1	318	9.54		300	0	0	0.0159	-0.0159	0.000117795	0	0	0	72.1267	-67.7166	-1.17931e-05	0	0	0	1.47301	0.682996	0	0.790013		300	0.148323	0.00743054	-0.00768446	0.000253923	0	0	0	0.148323	0	-0.355028	-111.796	0	20.391	20.391	-1.5099e-14	5.32541	0	0	0	0	0	0	0	0	0	0	0	0	0	0	0	0	0	0	0	0	0	0	0	0	0	0	0	0	0	0	0	0	0	
1	1	1	319	9.57		300	0	0	0.01595	-0.01595	0.000118274	0	0	0	72.2136	-67.7856	-1.18534e-05	0	0	0	1.48001	0.685853	0	0.794152		300	0.1491	0.00747073	-0.00772568	0.000254957	0	0	0	0.1491	0	-0.355028	-111.796	0	20.391	20.391	-1.5099e-14	5.32541	0	0	0	0	0	0	0	0	0	0	0	0	0	0	0	0	0	0	0	0	0	0	0	0	0	0	0	0	0	0	0	0	0	
1	1	1	320	9.6		300	0	0	0.016	-0.016	0.000118753	0	0	0	72.3003	-67.8544	-1.19137e-05	0	0	0	1.48701	0.688716	0	0.798293		300	0.149878	0.00751094	-0.00776692	0.000255989	0	0	0	0.149878	0	-0.355028	-111.796	0	20.391	20.391	-1.5099e-14	5.32541	0	0	0	0	0	0	0	0	0	0	0	0	0	0	0	0	0	0	0	0	0	0	0	0	0	0	0	0	0	0	0	0	0	
1	1	1	321	9.63		300	0	0	0.01605	-0.01605	0.000119231	0	0	0	72.3868	-67.9229	-1.19741e-05	0	0	0	1.49402	0.691584	0	0.802436		300	0.150656	0.00755117	-0.00780819	0.000257019	0	0	0	0.150656	0	-0.355028	-111.796	0	20.391	20.391	-1.5099e-14	5.32541	0	0	0	0	0	0	0	0	0	0	0	0	0	0	0	0	0	0	0	0	0	0	0	0	0	0	0	0	0	0	0	0	0	
1	1	1	322	9.66		300	0	0	0.0161	-0.0161	0.000119708	0	0	0	72.473	-67.9913	-1.20345e-05	0	0	0	1.50104	0.694459	0	0.806582		300	0.151434	0.00759143	-0.00784948	0.000258047	0	0	0	0.151434	0	-0.355028	-111.796	0	20.391	20.391	-1.5099e-14	5.32541	0	0	0	0	0	0	0	0	0	0	0	0	0	0	0	0	0	0	0	0	0	0	0	0	0	0	0	0	0	0	0	0	0	
1	1	1	323	9.69		300	0	0	0.01615	-0.01615	0.000120184	0	0	0	72.5591	-68.0595	-1.20949e-05	0	0	0	1.50807	0.697339	0	0.810728		300	0.152212	0.00763172	-0.00789079	0.000259073	0	0	0	0.152212	0	-0.355028	-111.796	0	20.391	20.391	-1.5099e-14	5.32541	0	0	0	0	0	0	0	0	0	0	0	0	0	0	0	0	0	0	0	0	0	0	0	0	0	0	0	0	0	0	0	0	0	
1	1	1	324	9.72		300	0	0	0.0162	-0.0162	0.000120659	0	0	0	72.6449	-68.1276	-1.21554e-05	0	0	0	1.5151	0.700225	0	0.814877		300	0.152991	0.00767203	-0.00793213	0.000260097	0	0	0	0.152991	0	-0.355028	-111.796	0	20.391	20.391	-1.5099e-14	5.32541	0	0	0	0	0	0	0	0	0	0	0	0	0	0	0	0	0	0	0	0	0	0	0	0	0	0	0	0	0	0	0	0	0	
1	1	1	325	9.75		300	0	0	0.01625	-0.01625	0.000121133	0	0	0	72.7305	-68.1954	-1.22159e-05	0	0	0	1.52214	0.703117	0	0.819028		300	0.15377	0.00771236	-0.00797348	0.00026112	0	0	0	0.15377	0	-0.355028	-111.796	0	20.391	20.391	-1.5099e-14	5.32541	0	0	0	0	0	0	0	0	0	0	0	0	0	0	0	0	0	0	0	0	0	0	0	0	0	0	0	0	0	0	0	0	0	
1	1	1	326	9.78		300	0	0	0.0163	-0.0163	0.000121607	0	0	0	72.8159	-68.2631	-1.22765e-05	0	0	0	1.52919	0.706014	0	0.823181		300	0.15455	0.00775272	-0.00801486	0.00026214	0	0	0	0.15455	0	-0.355028	-111.796	0	20.391	20.391	-1.5099e-14	5.32541	0	0	0	0	0	0	0	0	0	0	0	0	0	0	0	0	0	0	0	0	0	0	0	0	0	0	0	0	0	0	0	0	0	
1	1	1	327	9.81		300	0	0	0.01635	-0.01635	0.000122079	0	0	0	72.901	-68.3305	-1.2337e-05	0	0	0	1.53625	0.708917	0	0.827335		300	0.15533	0.00779311	-0.00805627	0.000263159	0	0	0	0.15533	0	-0.355028	-111.796	0	20.391	20.391	-1.5099e-14	5.32541	0	0	0	0	0	0	0	0	0	0	0	0	0	0	0	0	0	0	0	0	0	0	0	0	0	0	0	0	0	0	0	0	0	
1	1	1	328	9.84		300	0	0	0.0164	-0.0164	0.000122551	0	0	0	72.986	-68.3979	-1.23976e-05	0	0	0	1.54332	0.711826	0	0.831492		300	0.15611	0.00783352	-0.00809769	0.000264175	0	0	0	0.15611	0	-0.355028	-111.796	0	20.391	20.391	-1.5099e-14	5.32541	0	0	0	0	0	0	0	0	0	0	0	0	0	0	0	0	0	0	0	0	0	0	0	0	0	0	0	0	0	0	0	0	0	
1	1	1	329	9.87		300	0	0	0.01645	-0.01645	0.000123021	0	0	0	73.0708	-68.465	-1.24583e-05	0	0	0	1.55039	0.714741	0	0.83565		300	0.156891	0.00787395	-0.00813914	0.00026519	0	0	0	0.156891	0	-0.355028	-111.796	0	20.391	20.391	-1.5099e-14	5.32541	0	0	0	0	0	0	0	0	0	0	0	0	0	0	0	0	0	0	0	0	0	0	0	0	0	0	0	0	0	0	0	0	0	
1	1	1	330	9.9		300	0	0	0.0165	-0.0165	0.000123491	0	0	0	73.1553	-68.5319	-1.2519e-05	0	0	0	1.55747	0.717662	0	0.83981		300	0.157672	0.0079144	-0.00818061	0.000266203	0	0	0	0.157672	0	-0.355028	-111.796	0	20.391	20.391	-1.5099e-14	5.32541	0	0	0	0	0	0	0	0	0	0	0	0	0	0	0	0	0	0	0	0	0	0	0	0	0	0	0	0	0	0	0	0	0	
1	1	1	331	9.93		300	0	0	0.01655	-0.01655	0.00012396	0	0	0	73.2396	-68.5987	-1.25797e-05	0	0	0	1.56456	0.720588	0	0.843972		300	0.158453	0.00795488	-0.0082221	0.000267214	0	0	0	0.158453	0	-0.355028	-111.796	0	20.391	20.391	-1.5099e-14	5.32541	0	0	0	0	0	0	0	0	0	0	0	0	0	0	0	0	0	0	0	0	0	0	0	0	0	0	0	0	0	0	0	0	0	
1	1	1	332	9.96		300	0	0	0.0166	-0.0166	0.000124428	0	0	0	73.3238	-68.6653	-1.26404e-05	0	0	0	1.57166	0.72352	0	0.848135		300	0.159235	0.00799538	-0.00826361	0.000268223	0	0	0	0.159235	0	-0.355028	-111.796	0	20.391	20.391	-1.5099e-14	5.32541	0	0	0	0	0	0	0	0	0	0	0	0	0	0	0	0	0	0	0	0	0	0	0	0	0	0	0	0	0	0	0	0	0	
1	1	1	333	9.99		300	0	0	0.01665	-0.01665	0.000124896	0	0	0	73.4077	-68.7318	-1.27012e-05	0	0	0	1.57876	0.726458	0	0.852301		300	0.160017	0.00803591	-0.00830514	0.00026923	0	0	0	0.160017	0	-0.355028	-111.796	0	20.391	20.391	-1.5099e-14	5.32541	0	0	0	0	0	0	0	0	0	0	0	0	0	0	0	0	0	0	0	0	0	0	0	0	0	0	0	0	0	0	0	0	0	
1	1	1	334	10.02		300	0	0	0.0167	-0.0167	0.000125362	0	0	0	73.4915	-68.7981	-1.2762e-05	0	0	0	1.58587	0.729402	0	0.856468		300	0.160799	0.00807646	-0.00834669	0.000270236	0	0	0	0.160799	0	-0.355028	-111.796	0	20.391	20.391	-1.5099e-14	5.32541	0	0	0	0	0	0	0	0	0	0	0	0	0	0	0	0	0	0	0	0	0	0	0	0	0	0	0	0	0	0	0	0	0	
1	1	1	335	10.05		300	0	0	0.01675	-0.01675	0.000125828	0	0	0	73.575	-68.8642	-1.28229e-05	0	0	0	1.59299	0.732351	0	0.860636		300	0.161582	0.00811703	-0.00838827	0.000271239	0	0	0	0.161582	0	-0.355028	-111.796	0	20.391	20.391	-1.5099e-14	5.32541	0	0	0	0	0	0	0	0	0	0	0	0	0	0	0	0	0	0	0	0	0	0	0	0	0	0	0	0	0	0	0	0	0	
1	1	1	336	10.08		300	0	0	0.0168	-0.0168	0.000126292	0	0	0	73.6583	-68.9301	-1.28837e-05	0	0	0	1.60011	0.735306	0	0.864807		300	0.162365	0.00815762	-0.00842986	0.000272241	0	0	0	0.162365	0	-0.355028	-111.796	0	20.391	20.391	-1.5099e-14	5.32541	0	0	0	0	0	0	0	0	0	0	0	0	0	0	0	0	0	0	0	0	0	0	0	0	0	0	0	0	0	0	0	0	0	
1	1	1	337	10.11		300	0	0	0.01685	-0.01685	0.000126756	0	0	0	73.7415	-68.9959	-1.29446e-05	0	0	0	1.60725	0.738267	0	0.868979		300	0.163148	0.00819824	-0.00847148	0.00027324	0	0	0	0.163148	0	-0.355028	-111.796	0	20.391	20.391	-1.5099e-14	5.32541	0	0	0	0	0	0	0	0	0	0	0	0	0	0	0	0	0	0	0	0	0	0	0	0	0	0	0	0	0	0	0	0	0	
1	1	1	338	10.14		300	0	0	0.0169	-0.0169	0.000127219	0	0	0	73.8244	-69.0615	-1.30056e-05	0	0	0	1.61439	0.741234	0	0.873153		300	0.163932	0.00823887	-0.00851311	0.000274238	0	0	0	0.163932	0	-0.355028	-111.796	0	20.391	20.391	-1.5099e-14	5.32541	0	0	0	0	0	0	0	0	0	0	0	0	0	0	0	0	0	0	0	0	0	0	0	0	0	0	0	0	0	0	0	0	0	
1	1	1	339	10.17		300	0	0	0.01695	-0.01695	0.000127681	0	0	0	73.9072	-69.127	-1.30665e-05	0	0	0	1.62153	0.744206	0	0.877329		300	0.164716	0.00827953	-0.00855477	0.000275234	0	0	0	0.164716	0	-0.355028	-111.796	0	20.391	20.391	-1.5099e-14	5.32541	0	0	0	0	0	0	0	0	0	0	0	0	0	0	0	0	0	0	0	0	0	0	0	0	0	0	0	0	0	0	0	0	0	
1	1	1	340	10.2		300	0	0	0.017	-0.017	0.000128142	0	0	0	73.9898	-69.1923	-1.31275e-05	0	0	0	1.62869	0.747184	0	0.881506		300	0.1655	0.00832022	-0.00859645	0.000276228	0	0	0	0.1655	0	-0.355028	-111.796	0	20.391	20.391	-1.5099e-14	5.32541	0	0	0	0	0	0	0	0	0	0	0	0	0	0	0	0	0	0	0	0	0	0	0	0	0	0	0	0	0	0	0	0	0	
1	1	1	341	10.23		300	0	0	0.01705	-0.01705	0.000128602	0	0	0	74.0721	-69.2574	-1.31886e-05	0	0	0	1.63585	0.750168	0	0.885685		300	0.166284	0.00836092	-0.00863814	0.000277221	0	0	0	0.166284	0	-0.355028	-111.796	0	20.391	20.391	-1.5099e-14	5.32541	0	0	0	0	0	0	0	0	0	0	0	0	0	0	0	0	0	0	0	0	0	0	0	0	0	0	0	0	0	0	0	0	0	
1	1	1	342	10.26		300	0	0	0.0171	-0.0171	0.000129062	0	0	0	74.1543	-69.3224	-1.32496e-05	0	0	0	1.64302	0.753158	0	0.889865		300	0.167069	0.00840165	-0.00867986	0.000278211	0	0	0	0.167069	0	-0.355028	-111.796	0	20.391	20.391	-1.5099e-14	5.32541	0	0	0	0	0	0	0	0	0	0	0	0	0	0	0	0	0	0	0	0	0	0	0	0	0	0	0	0	0	0	0	0	0	
1	1	1	343	10.29		300	0	0	0.01715	-0.01715	0.00012952	0	0	0	74.2363	-69.3872	-1.33107e-05	0	0	0	1.6502	0.756153	0	0.894048		300	0.167854	0.00844239	-0.00872159	0.000279199	0	0	0	0.167854	0	-0.355028	-111.796	0	20.391	20.391	-1.5099e-14	5.32541	0	0	0	0	0	0	0	0	0	0	0	0	0	0	0	0	0	0	0	0	0	0	0	0	0	0	0	0	0	0	0	0	0	
1	1	1	344	10.32		300	0	0	0.0172	-0.0172	0.000129978	0	0	0	74.3181	-69.4519	-1.33718e-05	0	0	0	1.65739	0.759154	0	0.898231		300	0.16864	0.00848316	-0.00876335	0.000280186	0	0	0	0.16864	0	-0.355028	-111.796	0	20.391	20.391	-1.5099e-14	5.32541	0	0	0	0	0	0	0	0	0	0	0	0	0	0	0	0	0	0	0	0	0	0	0	0	0	0	0	0	0	0	0	0	0	
1	1	1	345	10.35		300	0	0	0.01725	-0.01725	0.000130435	0	0	0	74.3997	-69.5164	-1.34329e-05	0	0	0	1.66458	0.762161	0	0.902417		300	0.169425	0.00852395	-0.00880512	0.000281171	0	0	0	0.169425	0	-0.355028	-111.796	0	20.391	20.391	-1.5099e-14	5.32541	0	0	0	0	0	0	0	0	0	0	0	0	0	0	0	0	0	0	0	0	0	0	0	0	0	0	0	0	0	0	0	0	0	
1	1	1	346	10.38		300	0	0	0.0173	-0.0173	0.000130891	0	0	0	74.4812	-69.5808	-1.34941e-05	0	0	0	1.67178	0.765174	0	0.906604		300	0.170212	0.00856476	-0.00884691	0.000282154	0	0	0	0.170212	0	-0.355028	-111.796	0	20.391	20.391	-1.5099e-14	5.32541	0	0	0	0	0	0	0	0	0	0	0	0	0	0	0	0	0	0	0	0	0	0	0	0	0	0	0	0	0	0	0	0	0	
1	1	1	347	10.41		300	0	0	0.01735	-0.01735	0.000131346	0	0	0	74.5624	-69.645	-1.35553e-05	0	0	0	1.67898	0.768192	0	0.910792		300	0.170998	0.00860559	-0.00888873	0.000283135	0	0	0	0.170998	0	-0.355028	-111.796	0	20.391	20.391	-1.5099e-14	5.32541	0	0	0	0	0	0	0	0	0	0	0	0	0	0	0	0	0	0	0	0	0	0	0	0	0	0	0	0	0	0	0	0	0	
1	1	1	348	10.44		300	0	0	0.0174	-0.0174	0.0001318	0	0	0	74.6435	-69.7091	-1.36165e-05	0	0	0	1.6862	0.771216	0	0.914982		300	0.171784	0.00864644	-0.00893056	0.000284114	0	0	0	0.171784	0	-0.355028	-111.796	0	20.391	20.391	-1.5099e-14	5.32541	0	0	0	0	0	0	0	0	0	0	0	0	0	0	0	0	0	0	0	0	0	0	0	0	0	0	0	0	0	0	0	0	0	
1	1	1	349	10.47		300	0	0	0.01745	-0.01745	0.000132254	0	0	0	74.7244	-69.773	-1.36778e-05	0	0	0	1.69342	0.774246	0	0.919173		300	0.172571	0.00868731	-0.00897241	0.000285092	0	0	0	0.172571	0	-0.355028	-111.796	0	20.391	20.391	-1.5099e-14	5.32541	0	0	0	0	0	0	0	0	0	0	0	0	0	0	0	0	0	0	0	0	0	0	0	0	0	0	0	0	0	0	0	0	0	
1	1	1	350	10.5		300	0	0	0.0175	-0.0175	0.000132706	0	0	0	74.8051	-69.8368	-1.37391e-05	0	0	0	1.70065	0.777281	0	0.923367		300	0.173359	0.00872821	-0.00901427	0.000286067	0	0	0	0.173359	0	-0.355028	-111.796	0	20.391	20.391	-1.5099e-14	5.32541	0	0	0	0	0	0	0	0	0	0	0	0	0	0	0	0	0	0	0	0	0	0	0	0	0	0	0	0	0	0	0	0	0	
1	1	1	351	10.53		300	0	0	0.01755	-0.01755	0.000133158	0	0	0	74.8857	-69.9004	-1.38004e-05	0	0	0	1.70788	0.780322	0	0.927561		300	0.174146	0.00876912	-0.00905616	0.000287041	0	0	0	0.174146	0	-0.355028	-111.796	0	20.391	20.391	-1.5099e-14	5.32541	0	0	0	0	0	0	0	0	0	0	0	0	0	0	0	0	0	0	0	0	0	0	0	0	0	0	0	0	0	0	0	0	0	
1	1	1	352	10.56		300	0	0	0.0176	-0.0176	0.000133609	0	0	0	74.9661	-69.9639	-1.38617e-05	0	0	0	1.71513	0.783369	0	0.931757		300	0.174934	0.00881005	-0.00909806	0.000288013	0	0	0	0.174934	0	-0.355028	-111.796	0	20.391	20.391	-1.5099e-14	5.32541	0	0	0	0	0	0	0	0	0	0	0	0	0	0	0	0	0	0	0	0	0	0	0	0	0	0	0	0	0	0	0	0	0	
1	1	1	353	10.59		300	0	0	0.01765	-0.01765	0.000134059	0	0	0	75.0462	-70.0272	-1.39231e-05	0	0	0	1.72238	0.786422	0	0.935955		300	0.175722	0.008851	-0.00913999	0.000288983	0	0	0	0.175722	0	-0.355028	-111.796	0	20.391	20.391	-1.5099e-14	5.32541	0	0	0	0	0	0	0	0	0	0	0	0	0	0	0	0	0	0	0	0	0	0	0	0	0	0	0	0	0	0	0	0	0	
1	1	1	354	10.62		300	0	0	0.0177	-0.0177	0.000134508	0	0	0	75.1263	-70.0904	-1.39844e-05	0	0	0	1.72963	0.78948	0	0.940154		300	0.17651	0.00889197	-0.00918193	0.000289951	0	0	0	0.17651	0	-0.355028	-111.796	0	20.391	20.391	-1.5099e-14	5.32541	0	0	0	0	0	0	0	0	0	0	0	0	0	0	0	0	0	0	0	0	0	0	0	0	0	0	0	0	0	0	0	0	0	
1	1	1	355	10.65		300	0	0	0.01775	-0.01775	0.000134957	0	0	0	75.2061	-70.1535	-1.40458e-05	0	0	0	1.7369	0.792544	0	0.944354		300	0.177299	0.00893297	-0.00922388	0.000290918	0	0	0	0.177299	0	-0.355028	-111.796	0	20.391	20.391	-1.5099e-14	5.32541	0	0	0	0	0	0	0	0	0	0	0	0	0	0	0	0	0	0	0	0	0	0	0	0	0	0	0	0	0	0	0	0	0	
1	1	1	356	10.68		300	0	0	0.0178	-0.0178	0.000135404	0	0	0	75.2858	-70.2164	-1.41073e-05	0	0	0	1.74417	0.795614	0	0.948556		300	0.178088	0.00897398	-0.00926586	0.000291883	0	0	0	0.178088	0	-0.355028	-111.796	0	20.391	20.391	-1.5099e-14	5.32541	0	0	0	0	0	0	0	0	0	0	0	0	0	0	0	0	0	0	0	0	0	0	0	0	0	0	0	0	0	0	0	0	0	
1	1	1	357	10.71		300	0	0	0.01785	-0.01785	0.000135851	0	0	0	75.3653	-70.2792	-1.41687e-05	0	0	0	1.75145	0.798689	0	0.952759		300	0.178877	0.00901501	-0.00930785	0.000292845	0	0	0	0.178877	0	-0.355028	-111.796	0	20.391	20.391	-1.5099e-14	5.32541	0	0	0	0	0	0	0	0	0	0	0	0	0	0	0	0	0	0	0	0	0	0	0	0	0	0	0	0	0	0	0	0	0	
1	1	1	358	10.74		300	0	0	0.0179	-0.0179	0.000136296	0	0	0	75.4446	-70.3419	-1.42302e-05	0	0	0	1.75873	0.80177	0	0.956964		300	0.179666	0.00905606	-0.00934986	0.000293806	0	0	0	0.179666	0	-0.355028	-111.796	0	20.391	20.391	-1.5099e-14	5.32541	0	0	0	0	0	0	0	0	0	0	0	0	0	0	0	0	0	0	0	0	0	0	0	0	0	0	0	0	0	0	0	0	0	
1	1	1	359	10.77		300	0	0	0.01795	-0.01795	0.000136741	0	0	0	75.5238	-70.4044	-1.42917e-05	0	0	0	1.76603	0.804857	0	0.96117		300	0.180456	0.00909712	-0.00939189	0.000294766	0	0	0	0.180456	0	-0.355028	-111.796	0	20.391	20.391	-1.5099e-14	5.32541	0	0	0	0	0	0	0	0	0	0	0	0	0	0	0	0	0	0	0	0	0	0	0	0	0	0	0	0	0	0	0	0	0	
1	1	1	360	10.8		300	0	0	0.018	-0.018	0.000137186	0	0	0	75.6028	-70.4667	-1.43533e-05	0	0	0	1.77333	0.807949	0	0.965378		300	0.181246	0.00913821	-0.00943393	0.000295723	0	0	0	0.181246	0	-0.355028	-111.796	0	20.391	20.391	-1.5099e-14	5.32541	0	0	0	0	0	0	0	0	0	0	0	0	0	0	0	0	0	0	0	0	0	0	0	0	0	0	0	0	0	0	0	0	0	
1	1	1	361	10.83		300	0	0	0.01805	-0.01805	0.000137629	0	0	0	75.6816	-70.529	-1.44148e-05	0	0	0	1.78063	0.811047	0	0.969586		300	0.182036	0.00917932	-0.009476	0.000296678	0	0	0	0.182036	0	-0.355028	-111.796	0	20.391	20.391	-1.5099e-14	5.32541	0	0	0	0	0	0	0	0	0	0	0	0	0	0	0	0	0	0	0	0	0	0	0	0	0	0	0	0	0	0	0	0	0	
1	1	1	362	10.86		300	0	0	0.0181	-0.0181	0.000138071	0	0	0	75.7603	-70.5911	-1.44764e-05	0	0	0	1.78795	0.814151	0	0.973797		300	0.182826	0.00922044	-0.00951807	0.000297632	0	0	0	0.182826	0	-0.355028	-111.796	0	20.391	20.391	-1.5099e-14	5.32541	0	0	0	0	0	0	0	0	0	0	0	0	0	0	0	0	0	0	0	0	0	0	0	0	0	0	0	0	0	0	0	0	0	
1	1	1	363	10.89		300	0	0	0.01815	-0.01815	0.000138513	0	0	0	75.8388	-70.6531	-1.4538e-05	0	0	0	1.79527	0.817261	0	0.978008		300	0.183617	0.00926159	-0.00956017	0.000298584	0	0	0	0.183617	0	-0.355028	-111.796	0	20.391	20.391	-1.5099e-14	5.32541	0	0	0	0	0	0	0	0	0	0	0	0	0	0	0	0	0	0	0	0	0	0	0	0	0	0	0	0	0	0	0	0	0	
1	1	1	364	10.92		300	0	0	0.0182	-0.0182	0.000138954	0	0	0	75.9172	-70.7149	-1.45996e-05	0	0	0	1.8026	0.820376	0	0.982221		300	0.184408	0.00930275	-0.00960228	0.000299534	0	0	0	0.184408	0	-0.355028	-111.796	0	20.391	20.391	-1.5099e-14	5.32541	0	0	0	0	0	0	0	0	0	0	0	0	0	0	0	0	0	0	0	0	0	0	0	0	0	0	0	0	0	0	0	0	0	
1	1	1	365	10.95		300	0	0	0.01825	-0.01825	0.000139394	0	0	0	75.9954	-70.7766	-1.46612e-05	0	0	0	1.80993	0.823497	0	0.986436		300	0.185199	0.00934393	-0.00964441	0.000300483	0	0	0	0.185199	0	-0.355028	-111.796	0	20.391	20.391	-1.5099e-14	5.32541	0	0	0	0	0	0	0	0	0	0	0	0	0	0	0	0	0	0	0	0	0	0	0	0	0	0	0	0	0	0	0	0	0	
1	1	1	366	10.98		300	0	0	0.0183	-0.0183	0.000139833	0	0	0	76.0734	-70.8382	-1.47229e-05	0	0	0	1.81727	0.826623	0	0.990651		300	0.18599	0.00938512	-0.00968655	0.000301429	0	0	0	0.18599	0	-0.355028	-111.796	0	20.391	20.391	-1.5099e-14	5.32541	0	0	0	0	0	0	0	0	0	0	0	0	0	0	0	0	0	0	0	0	0	0	0	0	0	0	0	0	0	0	0	0	0	
1	1	1	367	11.01		300	0	0	0.01835	-0.01835	0.000140271	0	0	0	76.1513	-70.8997	-1.47846e-05	0	0	0	1.82462	0.829755	0	0.994868		300	0.186782	0.00942634	-0.00972871	0.000302374	0	0	0	0.186782	0	-0.355028	-111.796	0	20.391	20.391	-1.5099e-14	5.32541	0	0	0	0	0	0	0	0	0	0	0	0	0	0	0	0	0	0	0	0	0	0	0	0	0	0	0	0	0	0	0	0	0	
1	1	1	368	11.04		300	0	0	0.0184	-0.0184	0.000140709	0	0	0	76.229	-70.961	-1.48463e-05	0	0	0	1.83198	0.832893	0	0.999086		300	0.187574	0.00946757	-0.00977089	0.000303317	0	0	0	0.187574	0	-0.355028	-111.796	0	20.391	20.391	-1.5099e-14	5.32541	0	0	0	0	0	0	0	0	0	0	0	0	0	0	0	0	0	0	0	0	0	0	0	0	0	0	0	0	0	0	0	0	0	
1	1	1	369	11.07		300	0	0	0.01845	-0.01845	0.000141145	0	0	0	76.3065	-71.0222	-1.4908e-05	0	0	0	1.83934	0.836036	0	1.00331		300	0.188366	0.00950883	-0.00981308	0.000304258	0	0	0	0.188366	0	-0.355028	-111.796	0	20.391	20.391	-1.5099e-14	5.32541	0	0	0	0	0	0	0	0	0	0	0	0	0	0	0	0	0	0	0	0	0	0	0	0	0	0	0	0	0	0	0	0	0	
1	1	1	370	11.1		300	0	0	0.0185	-0.0185	0.000141581	0	0	0	76.3839	-71.0833	-1.49698e-05	0	0	0	1.84671	0.839185	0	1.00753		300	0.189159	0.00955009	-0.00985529	0.000305198	0	0	0	0.189159	0	-0.355028	-111.796	0	20.391	20.391	-1.5099e-14	5.32541	0	0	0	0	0	0	0	0	0	0	0	0	0	0	0	0	0	0	0	0	0	0	0	0	0	0	0	0	0	0	0	0	0	
1	1	1	371	11.13		300	0	0	0.01855	-0.01855	0.000142016	0	0	0	76.4612	-71.1443	-1.50315e-05	0	0	0	1.85409	0.84234	0	1.01175		300	0.189951	0.00959138	-0.00989752	0.000306136	0	0	0	0.189951	0	-0.355028	-111.796	0	20.391	20.391	-1.5099e-14	5.32541	0	0	0	0	0	0	0	0	0	0	0	0	0	0	0	0	0	0	0	0	0	0	0	0	0	0	0	0	0	0	0	0	0	
1	1	1	372	11.16		300	0	0	0.0186	-0.0186	0.00014245	0	0	0	76.5383	-71.2051	-1.50933e-05	0	0	0	1.86147	0.845501	0	1.01597		300	0.190744	0.00963268	-0.00993976	0.000307072	0	0	0	0.190744	0	-0.355028	-111.796	0	20.391	20.391	-1.5099e-14	5.32541	0	0	0	0	0	0	0	0	0	0	0	0	0	0	0	0	0	0	0	0	0	0	0	0	0	0	0	0	0	0	0	0	0	
1	1	1	373	11.19		300	0	0	0.01865	-0.01865	0.000142884	0	0	0	76.6152	-71.2658	-1.51551e-05	0	0	0	1.86886	0.848667	0	1.0202		300	0.191537	0.009674	-0.00998201	0.000308006	0	0	0	0.191537	0	-0.355028	-111.796	0	20.391	20.391	-1.5099e-14	5.32541	0	0	0	0	0	0	0	0	0	0	0	0	0	0	0	0	0	0	0	0	0	0	0	0	0	0	0	0	0	0	0	0	0	
1	1	1	374	11.22		300	0	0	0.0187	-0.0187	0.000143316	0	0	0	76.692	-71.3264	-1.52169e-05	0	0	0	1.87626	0.851838	0	1.02442		300	0.19233	0.00971534	-0.0100243	0.000308938	0	0	0	0.19233	0	-0.355028	-111.796	0	20.391	20.391	-1.5099e-14	5.32541	0	0	0	0	0	0	0	0	0	0	0	0	0	0	0	0	0	0	0	0	0	0	0	0	0	0	0	0	0	0	0	0	0	
1	1	1	375	11.25		300	0	0	0.01875	-0.01875	0.000143748	0	0	0	76.7686	-71.3869	-1.52788e-05	0	0	0	1.88367	0.855016	0	1.02865		300	0.193124	0.0097567	-0.0100666	0.000309869	0	0	0	0.193124	0	-0.355028	-111.796	0	20.391	20.391	-1.5099e-14	5.32541	0	0	0	0	0	0	0	0	0	0	0	0	0	0	0	0	0	0	0	0	0	0	0	0	0	0	0	0	0	0	0	0	0	
1	1	1	376	11.28		300	0	0	0.0188	-0.0188	0.000144179	0	0	0	76.8451	-71.4472	-1.53406e-05	0	0	0	1.89108	0.858198	0	1.03288		300	0.193918	0.00979807	-0.0101089	0.000310798	0	0	0	0.193918	0	-0.355028	-111.796	0	20.391	20.391	-1.5099e-14	5.32541	0	0	0	0	0	0	0	0	0	0	0	0	0	0	0	0	0	0	0	0	0	0	0	0	0	0	0	0	0	0	0	0	0	
1	1	1	377	11.31		300	0	0	0.01885	-0.01885	0.000144609	0	0	0	76.9215	-71.5075	-1.54025e-05	0	0	0	1.89849	0.861387	0	1.03711		300	0.194712	0.00983946	-0.0101512	0.000311725	0	0	0	0.194712	0	-0.355028	-111.796	0	20.391	20.391	-1.5099e-14	5.32541	0	0	0	0	0	0	0	0	0	0	0	0	0	0	0	0	0	0	0	0	0	0	0	0	0	0	0	0	0	0	0	0	0	
1	1	1	378	11.34		300	0	0	0.0189	-0.0189	0.000145038	0	0	0	76.9977	-71.5676	-1.54644e-05	0	0	0	1.90592	0.864581	0	1.04134		300	0.195506	0.00988086	-0.0101935	0.00031265	0	0	0	0.195506	0	-0.355028	-111.796	0	20.391	20.391	-1.5099e-14	5.32541	0	0	0	0	0	0	0	0	0	0	0	0	0	0	0	0	0	0	0	0	0	0	0	0	0	0	0	0	0	0	0	0	0	
1	1	1	379	11.37		300	0	0	0.01895	-0.01895	0.000145467	0	0	0	77.0737	-71.6276	-1.55263e-05	0	0	0	1.91335	0.867781	0	1.04557		300	0.196301	0.00992229	-0.0102359	0.000313574	0	0	0	0.196301	0	-0.355028	-111.796	0	20.391	20.391	-1.5099e-14	5.32541	0	0	0	0	0	0	0	0	0	0	0	0	0	0	0	0	0	0	0	0	0	0	0	0	0	0	0	0	0	0	0	0	0	
1	1	1	380	11.4		300	0	0	0.019	-0.019	0.000145894	0	0	0	77.1496	-71.6875	-1.55883e-05	0	0	0	1.92079	0.870986	0	1.0498		300	0.197095	0.00996372	-0.0102782	0.000314496	0	0	0	0.197095	0	-0.355028	-111.796	0	20.391	20.391	-1.5099e-14	5.32541	0	0	0	0	0	0	0	0	0	0	0	0	0	0	0	0	0	0	0	0	0	0	0	0	0	0	0	0	0	0	0	0	0	
1	1	1	381	11.43		300	0	0	0.01905	-0.01905	0.000146321	0	0	0	77.2254	-71.7473	-1.56502e-05	0	0	0	1.92823	0.874198	0	1.05404		300	0.19789	0.0100052	-0.0103206	0.000315416	0	0	0	0.19789	0	-0.355028	-111.796	0	20.391	20.391	-1.5099e-14	5.32541	0	0	0	0	0	0	0	0	0	0	0	0	0	0	0	0	0	0	0	0	0	0	0	0	0	0	0	0	0	0	0	0	0	
1	1	1	382	11.46		300	0	0	0.0191	-0.0191	0.000146747	0	0	0	77.301	-71.8069	-1.57122e-05	0	0	0	1.93569	0.877414	0	1.05827		300	0.198685	0.0100466	-0.010363	0.000316334	0	0	0	0.198685	0	-0.355028	-111.796	0	20.391	20.391	-1.5099e-14	5.32541	0	0	0	0	0	0	0	0	0	0	0	0	0	0	0	0	0	0	0	0	0	0	0	0	0	0	0	0	0	0	0	0	0	
1	1	1	383	11.49		300	0	0	0.01915	-0.01915	0.000147172	0	0	0	77.3765	-71.8665	-1.57742e-05	0	0	0	1.94315	0.880636	0	1.06251		300	0.199481	0.0100881	-0.0104054	0.000317251	0	0	0	0.199481	0	-0.355028	-111.796	0	20.391	20.391	-1.5099e-14	5.32541	0	0	0	0	0	0	0	0	0	0	0	0	0	0	0	0	0	0	0	0	0	0	0	0	0	0	0	0	0	0	0	0	0	
1	1	1	384	11.52		300	0	0	0.0192	-0.0192	0.000147597	0	0	0	77.4518	-71.9259	-1.58362e-05	0	0	0	1.95061	0.883864	0	1.06675		300	0.200276	0.0101296	-0.0104478	0.000318166	0	0	0	0.200276	0	-0.355028	-111.796	0	20.391	20.391	-1.5099e-14	5.32541	0	0	0	0	0	0	0	0	0	0	0	0	0	0	0	0	0	0	0	0	0	0	0	0	0	0	0	0	0	0	0	0	0	
1	1	1	385	11.55		300	0	0	0.01925	-0.01925	0.000148021	0	0	0	77.527	-71.9853	-1.58982e-05	0	0	0	1.95808	0.887098	0	1.07099		300	0.201072	0.0101712	-0.0104902	0.000319079	0	0	0	0.201072	0	-0.355028	-111.796	0	20.391	20.391	-1.5099e-14	5.32541	0	0	0	0	0	0	0	0	0	0	0	0	0	0	0	0	0	0	0	0	0	0	0	0	0	0	0	0	0	0	0	0	0	
1	1	1	386	11.58		300	0	0	0.0193	-0.0193	0.000148443	0	0	0	77.602	-72.0445	-1.59602e-05	0	0	0	1.96556	0.890337	0	1.07523		300	0.201868	0.0102127	-0.0105327	0.000319991	0	0	0	0.201868	0	-0.355028	-111.796	0	20.391	20.391	-1.5099e-14	5.32541	0	0	0	0	0	0	0	0	0	0	0	0	0	0	0	0	0	0	0	0	0	0	0	0	0	0	0	0	0	0	0	0	0	
1	1	1	387	11.61		300	0	0	0.01935	-0.01935	0.000148865	0	0	0	77.6769	-72.1036	-1.60222e-05	0	0	0	1.97305	0.893582	0	1.07947		300	0.202664	0.0102542	-0.0105751	0.000320901	0	0	0	0.202664	0	-0.355028	-111.796	0	20.391	20.391	-1.5099e-14	5.32541	0	0	0	0	0	0	0	0	0	0	0	0	0	0	0	0	0	0	0	0	0	0	0	0	0	0	0	0	0	0	0	0	0	
1	1	1	388	11.64		300	0	0	0.0194	-0.0194	0.000149287	0	0	0	77.7517	-72.1626	-1.60843e-05	0	0	0	1.98054	0.896832	0	1.08371		300	0.203461	0.0102958	-0.0106176	0.000321809	0	0	0	0.203461	0	-0.355028	-111.796	0	20.391	20.391	-1.5099e-14	5.32541	0	0	0	0	0	0	0	0	0	0	0	0	0	0	0	0	0	0	0	0	0	0	0	0	0	0	0	0	0	0	0	0	0	
1	1	1	389	11.67		300	0	0	0.01945	-0.01945	0.000149707	0	0	0	77.8264	-72.2215	-1.61464e-05	0	0	0	1.98804	0.900088	0	1.08795		300	0.204257	0.0103374	-0.0106601	0.000322715	0	0	0	0.204257	0	-0.355028	-111.796	0	20.391	20.391	-1.5099e-14	5.32541	0	0	0	0	0	0	0	0	0	0	0	0	0	0	0	0	0	0	0	0	0	0	0	0	0	0	0	0	0	0	0	0	0	
1	1	1	390	11.7		300	0	0	0.0195	-0.0195	0.000150127	0	0	0	77.9009	-72.2803	-1.62085e-05	0	0	0	1.99554	0.903349	0	1.0922		300	0.205054	0.010379	-0.0107026	0.00032362	0	0	0	0.205054	0	-0.355028	-111.796	0	20.391	20.391	-1.5099e-14	5.32541	0	0	0	0	0	0	0	0	0	0	0	0	0	0	0	0	0	0	0	0	0	0	0	0	0	0	0	0	0	0	0	0	0	
1	1	1	391	11.73		300	0	0	0.01955	-0.01955	0.000150546	0	0	0	77.9752	-72.339	-1.62706e-05	0	0	0	2.00306	0.906616	0	1.09644		300	0.205851	0.0104206	-0.0107451	0.000324523	0	0	0	0.205851	0	-0.355028	-111.796	0	20.391	20.391	-1.5099e-14	5.32541	0	0	0	0	0	0	0	0	0	0	0	0	0	0	0	0	0	0	0	0	0	0	0	0	0	0	0	0	0	0	0	0	0	
1	1	1	392	11.76		300	0	0	0.0196	-0.0196	0.000150964	0	0	0	78.0495	-72.3975	-1.63327e-05	0	0	0	2.01058	0.909889	0	1.10069		300	0.206648	0.0104622	-0.0107876	0.000325424	0	0	0	0.206648	0	-0.355028	-111.796	0	20.391	20.391	-1.5099e-14	5.32541	0	0	0	0	0	0	0	0	0	0	0	0	0	0	0	0	0	0	0	0	0	0	0	0	0	0	0	0	0	0	0	0	0	
1	1	1	393	11.79		300	0	0	0.01965	-0.01965	0.000151381	0	0	0	78.1236	-72.456	-1.63948e-05	0	0	0	2.0181	0.913167	0	1.10494		300	0.207446	0.0105039	-0.0108302	0.000326324	0	0	0	0.207446	0	-0.355028	-111.796	0	20.391	20.391	-1.5099e-14	5.32541	0	0	0	0	0	0	0	0	0	0	0	0	0	0	0	0	0	0	0	0	0	0	0	0	0	0	0	0	0	0	0	0	0	
1	1	1	394	11.82		300	0	0	0.0197	-0.0197	0.000151798	0	0	0	78.1975	-72.5144	-1.64569e-05	0	0	0	2.02563	0.916451	0	1.10918		300	0.208243	0.0105455	-0.0108727	0.000327222	0	0	0	0.208243	0	-0.355028	-111.796	0	20.391	20.391	-1.5099e-14	5.32541	0	0	0	0	0	0	0	0	0	0	0	0	0	0	0	0	0	0	0	0	0	0	0	0	0	0	0	0	0	0	0	0	0	
1	1	1	395	11.85		300	0	0	0.01975	-0.01975	0.000152214	0	0	0	78.2714	-72.5727	-1.65191e-05	0	0	0	2.03317	0.91974	0	1.11343		300	0.209041	0.0105872	-0.0109153	0.000328118	0	0	0	0.209041	0	-0.355028	-111.796	0	20.391	20.391	-1.5099e-14	5.32541	0	0	0	0	0	0	0	0	0	0	0	0	0	0	0	0	0	0	0	0	0	0	0	0	0	0	0	0	0	0	0	0	0	
1	1	1	396	11.88		300	0	0	0.0198	-0.0198	0.000152629	0	0	0	78.3451	-72.6308	-1.65812e-05	0	0	0	2.04072	0.923035	0	1.11768		300	0.209839	0.0106289	-0.0109579	0.000329013	0	0	0	0.209839	0	-0.355028	-111.796	0	20.391	20.391	-1.5099e-14	5.32541	0	0	0	0	0	0	0	0	0	0	0	0	0	0	0	0	0	0	0	0	0	0	0	0	0	0	0	0	0	0	0	0	0	
1	1	1	397	11.91		300	0	0	0.01985	-0.01985	0.000153043	0	0	0	78.4186	-72.6889	-1.66434e-05	0	0	0	2.04827	0.926335	0	1.12194		300	0.210637	0.0106706	-0.0110005	0.000329906	0	0	0	0.210637	0	-0.355028	-111.796	0	20.391	20.391	-1.5099e-14	5.32541	0	0	0	0	0	0	0	0	0	0	0	0	0	0	0	0	0	0	0	0	0	0	0	0	0	0	0	0	0	0	0	0	0	
1	1	1	398	11.94		300	0	0	0.0199	-0.0199	0.000153456	0	0	0	78.4921	-72.7468	-1.67056e-05	0	0	0	2.05583	0.929641	0	1.12619		300	0.211436	0.0107123	-0.0110431	0.000330797	0	0	0	0.211436	0	-0.355028	-111.796	0	20.391	20.391	-1.5099e-14	5.32541	0	0	0	0	0	0	0	0	0	0	0	0	0	0	0	0	0	0	0	0	0	0	0	0	0	0	0	0	0	0	0	0	0	
1	1	1	399	11.97		300	0	0	0.01995	-0.01995	0.000153869	0	0	0	78.5654	-72.8047	-1.67678e-05	0	0	0	2.06339	0.932953	0	1.13044		300	0.212234	0.010754	-0.0110857	0.000331687	0	0	0	0.212234	0	-0.355028	-111.796	0	20.391	20.391	-1.5099e-14	5.32541	0	0	0	0	0	0	0	0	0	0	0	0	0	0	0	0	0	0	0	0	0	0	0	0	0	0	0	0	0	0	0	0	0	
1	1	1	400	12		300	0	0	0.02	-0.02	0.000154281	0	0	0	78.6386	-72.8625	-1.683e-05	0	0	0	2.07097	0.93627	0	1.1347		300	0.213033	0.0107958	-0.0111283	0.000332574	0	0	0	0.213033	0	-0.355028	-111.796	0	20.391	20.391	-1.5099e-14	5.32541	0	0	0	0	0	0	0	0	0	0	0	0	0	0	0	0	0	0	0	0	0	0	0	0	0	0	0	0	0	0	0	0	0	
1	1	1	401	12.03		300	0	0	0.02005	-0.02005	0.000154692	0	0	0	78.7116	-72.9201	-1.68922e-05	0	0	0	2.07854	0.939593	0	1.13895		300	0.213832	0.0108375	-0.011171	0.000333461	0	0	0	0.213832	0	-0.355028	-111.796	0	20.391	20.391	-1.5099e-14	5.32541	0	0	0	0	0	0	0	0	0	0	0	0	0	0	0	0	0	0	0	0	0	0	0	0	0	0	0	0	0	0	0	0	0	
1	1	1	402	12.06		300	0	0	0.0201	-0.0201	0.000155102	0	0	0	78.7846	-72.9777	-1.69545e-05	0	0	0	2.08613	0.942921	0	1.14321		300	0.214631	0.0108793	-0.0112136	0.000334345	0	0	0	0.214631	0	-0.355028	-111.796	0	20.391	20.391	-1.5099e-14	5.32541	0	0	0	0	0	0	0	0	0	0	0	0	0	0	0	0	0	0	0	0	0	0	0	0	0	0	0	0	0	0	0	0	0	
1	1	1	403	12.09		300	0	0	0.02015	-0.02015	0.000155512	0	0	0	78.8574	-73.0352	-1.70167e-05	0	0	0	2.09372	0.946255	0	1.14747		300	0.21543	0.0109211	-0.0112563	0.000335228	0	0	0	0.21543	0	-0.355028	-111.796	0	20.391	20.391	-1.5099e-14	5.32541	0	0	0	0	0	0	0	0	0	0	0	0	0	0	0	0	0	0	0	0	0	0	0	0	0	0	0	0	0	0	0	0	0	
1	1	1	404	12.12		300	0	0	0.0202	-0.0202	0.000155921	0	0	0	78.9301	-73.0926	-1.70789e-05	0	0	0	2.10132	0.949594	0	1.15173		300	0.21623	0.0109629	-0.011299	0.00033611	0	0	0	0.21623	0	-0.355028	-111.796	0	20.391	20.391	-1.5099e-14	5.32541	0	0	0	0	0	0	0	0	0	0	0	0	0	0	0	0	0	0	0	0	0	0	0	0	0	0	0	0	0	0	0	0	0	
1	1	1	405	12.15		300	0	0	0.02025	-0.02025	0.000156329	0	0	0	79.0026	-73.1499	-1.71412e-05	0	0	0	2.10892	0.952939	0	1.15598		300	0.217029	0.0110047	-0.0113417	0.000336989	0	0	0	0.217029	0	-0.355028	-111.796	0	20.391	20.391	-1.5099e-14	5.32541	0	0	0	0	0	0	0	0	0	0	0	0	0	0	0	0	0	0	0	0	0	0	0	0	0	0	0	0	0	0	0	0	0	
1	1	1	406	12.18		300	0	0	0.0203	-0.0203	0.000156736	0	0	0	79.0751	-73.2071	-1.72035e-05	0	0	0	2.11653	0.956289	0	1.16025		300	0.217829	0.0110465	-0.0113844	0.000337867	0	0	0	0.217829	0	-0.355028	-111.796	0	20.391	20.391	-1.5099e-14	5.32541	0	0	0	0	0	0	0	0	0	0	0	0	0	0	0	0	0	0	0	0	0	0	0	0	0	0	0	0	0	0	0	0	0	
1	1	1	407	12.21		300	0	0	0.02035	-0.02035	0.000157143	0	0	0	79.1474	-73.2641	-1.72657e-05	0	0	0	2.12415	0.959645	0	1.16451		300	0.218629	0.0110884	-0.0114271	0.000338744	0	0	0	0.218629	0	-0.355028	-111.796	0	20.391	20.391	-1.5099e-14	5.32541	0	0	0	0	0	0	0	0	0	0	0	0	0	0	0	0	0	0	0	0	0	0	0	0	0	0	0	0	0	0	0	0	0	
1	1	1	408	12.24		300	0	0	0.0204	-0.0204	0.000157549	0	0	0	79.2196	-73.3212	-1.7328e-05	0	0	0	2.13178	0.963006	0	1.16877		300	0.21943	0.0111302	-0.0114698	0.000339618	0	0	0	0.21943	0	-0.355028	-111.796	0	20.391	20.391	-1.5099e-14	5.32541	0	0	0	0	0	0	0	0	0	0	0	0	0	0	0	0	0	0	0	0	0	0	0	0	0	0	0	0	0	0	0	0	0	
1	1	1	409	12.27		300	0	0	0.02045	-0.02045	0.000157954	0	0	0	79.2917	-73.3781	-1.73903e-05	0	0	0	2.13941	0.966373	0	1.17303		300	0.22023	0.0111721	-0.0115126	0.000340491	0	0	0	0.22023	0	-0.355028	-111.796	0	20.391	20.391	-1.5099e-14	5.32541	0	0	0	0	0	0	0	0	0	0	0	0	0	0	0	0	0	0	0	0	0	0	0	0	0	0	0	0	0	0	0	0	0	
1	1	1	410	12.3		300	0	0	0.0205	-0.0205	0.000158358	0	0	0	79.3636	-73.4349	-1.74526e-05	0	0	0	2.14704	0.969746	0	1.1773		300	0.22103	0.011214	-0.0115553	0.000341363	0	0	0	0.22103	0	-0.355028	-111.796	0	20.391	20.391	-1.5099e-14	5.32541	0	0	0	0	0	0	0	0	0	0	0	0	0	0	0	0	0	0	0	0	0	0	0	0	0	0	0	0	0	0	0	0	0	
1	1	1	411	12.33		300	0	0	0.02055	-0.02055	0.000158761	0	0	0	79.4355	-73.4916	-1.75149e-05	0	0	0	2.15469	0.973124	0	1.18156		300	0.221831	0.0112559	-0.0115981	0.000342233	0	0	0	0.221831	0	-0.355028	-111.796	0	20.391	20.391	-1.5099e-14	5.32541	0	0	0	0	0	0	0	0	0	0	0	0	0	0	0	0	0	0	0	0	0	0	0	0	0	0	0	0	0	0	0	0	0	
1	1	1	412	12.36		300	0	0	0.0206	-0.0206	0.000159164	0	0	0	79.5072	-73.5483	-1.75772e-05	0	0	0	2.16233	0.976507	0	1.18583		300	0.222632	0.0112978	-0.0116409	0.000343101	0	0	0	0.222632	0	-0.355028	-111.796	0	20.391	20.391	-1.5099e-14	5.32541	0	0	0	0	0	0	0	0	0	0	0	0	0	0	0	0	0	0	0	0	0	0	0	0	0	0	0	0	0	0	0	0	0	
1	1	1	413	12.39		300	0	0	0.02065	-0.02065	0.000159566	0	0	0	79.5788	-73.6048	-1.76396e-05	0	0	0	2.16999	0.979896	0	1.19009		300	0.223433	0.0113397	-0.0116837	0.000343968	0	0	0	0.223433	0	-0.355028	-111.796	0	20.391	20.391	-1.5099e-14	5.32541	0	0	0	0	0	0	0	0	0	0	0	0	0	0	0	0	0	0	0	0	0	0	0	0	0	0	0	0	0	0	0	0	0	
1	1	1	414	12.42		300	0	0	0.0207	-0.0207	0.000159968	0	0	0	79.6503	-73.6613	-1.77019e-05	0	0	0	2.17765	0.983291	0	1.19436		300	0.224234	0.0113816	-0.0117265	0.000344833	0	0	0	0.224234	0	-0.355028	-111.796	0	20.391	20.391	-1.5099e-14	5.32541	0	0	0	0	0	0	0	0	0	0	0	0	0	0	0	0	0	0	0	0	0	0	0	0	0	0	0	0	0	0	0	0	0	
1	1	1	415	12.45		300	0	0	0.02075	-0.02075	0.000160368	0	0	0	79.7216	-73.7176	-1.77642e-05	0	0	0	2.18532	0.986691	0	1.19863		300	0.225036	0.0114236	-0.0117693	0.000345696	0	0	0	0.225036	0	-0.355028	-111.796	0	20.391	20.391	-1.5099e-14	5.32541	0	0	0	0	0	0	0	0	0	0	0	0	0	0	0	0	0	0	0	0	0	0	0	0	0	0	0	0	0	0	0	0	0	
1	1	1	416	12.48		300	0	0	0.0208	-0.0208	0.000160768	0	0	0	79.7929	-73.7739	-1.78266e-05	0	0	0	2.193	0.990096	0	1.2029		300	0.225837	0.0114655	-0.0118121	0.000346558	0	0	0	0.225837	0	-0.355028	-111.796	0	20.391	20.391	-1.5099e-14	5.32541	0	0	0	0	0	0	0	0	0	0	0	0	0	0	0	0	0	0	0	0	0	0	0	0	0	0	0	0	0	0	0	0	0	
1	1	1	417	12.51		300	0	0	0.02085	-0.02085	0.000161167	0	0	0	79.864	-73.8301	-1.78889e-05	0	0	0	2.20068	0.993507	0	1.20717		300	0.226639	0.0115075	-0.0118549	0.000347418	0	0	0	0.226639	0	-0.355028	-111.796	0	20.391	20.391	-1.5099e-14	5.32541	0	0	0	0	0	0	0	0	0	0	0	0	0	0	0	0	0	0	0	0	0	0	0	0	0	0	0	0	0	0	0	0	0	
1	1	1	418	12.54		300	0	0	0.0209	-0.0209	0.000161565	0	0	0	79.935	-73.8862	-1.79513e-05	0	0	0	2.20837	0.996924	0	1.21144		300	0.227441	0.0115495	-0.0118978	0.000348277	0	0	0	0.227441	0	-0.355028	-111.796	0	20.391	20.391	-1.5099e-14	5.32541	0	0	0	0	0	0	0	0	0	0	0	0	0	0	0	0	0	0	0	0	0	0	0	0	0	0	0	0	0	0	0	0	0	
1	1	1	419	12.57		300	0	0	0.02095	-0.02095	0.000161963	0	0	0	80.0059	-73.9423	-1.80136e-05	0	0	0	2.21606	1.00035	0	1.21572		300	0.228243	0.0115915	-0.0119406	0.000349134	0	0	0	0.228243	0	-0.355028	-111.796	0	20.391	20.391	-1.5099e-14	5.32541	0	0	0	0	0	0	0	0	0	0	0	0	0	0	0	0	0	0	0	0	0	0	0	0	0	0	0	0	0	0	0	0	0	
1	1	1	420	12.6		300	0	0	0.021	-0.021	0.00016236	0	0	0	80.0767	-73.9982	-1.8076e-05	0	0	0	2.22376	1.00377	0	1.21999		300	0.229045	0.0116335	-0.0119835	0.000349989	0	0	0	0.229045	0	-0.355028	-111.796	0	20.391	20.391	-1.5099e-14	5.32541	0	0	0	0	0	0	0	0	0	0	0	0	0	0	0	0	0	0	0	0	0	0	0	0	0	0	0	0	0	0	0	0	0	
1	1	1	421	12.63		300	0	0	0.02105	-0.02105	0.000162756	0	0	0	80.1474	-74.0541	-1.81384e-05	0	0	0	2.23147	1.00721	0	1.22426		300	0.229848	0.0116755	-0.0120264	0.000350843	0	0	0	0.229848	0	-0.355028	-111.796	0	20.391	20.391	-1.5099e-14	5.32541	0	0	0	0	0	0	0	0	0	0	0	0	0	0	0	0	0	0	0	0	0	0	0	0	0	0	0	0	0	0	0	0	0	
1	1	1	422	12.66		300	0	0	0.0211	-0.0211	0.000163151	0	0	0	80.218	-74.1098	-1.82007e-05	0	0	0	2.23918	1.01064	0	1.22854		300	0.23065	0.0117176	-0.0120693	0.000351696	0	0	0	0.23065	0	-0.355028	-111.796	0	20.391	20.391	-1.5099e-14	5.32541	0	0	0	0	0	0	0	0	0	0	0	0	0	0	0	0	0	0	0	0	0	0	0	0	0	0	0	0	0	0	0	0	0	
1	1	1	423	12.69		300	0	0	0.02115	-0.02115	0.000163546	0	0	0	80.2885	-74.1655	-1.82631e-05	0	0	0	2.2469	1.01409	0	1.23281		300	0.231453	0.0117596	-0.0121122	0.000352546	0	0	0	0.231453	0	-0.355028	-111.796	0	20.391	20.391	-1.5099e-14	5.32541	0	0	0	0	0	0	0	0	0	0	0	0	0	0	0	0	0	0	0	0	0	0	0	0	0	0	0	0	0	0	0	0	0	
1	1	1	424	12.72		300	0	0	0.0212	-0.0212	0.00016394	0	0	0	80.3588	-74.2211	-1.83255e-05	0	0	0	2.25463	1.01754	0	1.23709		300	0.232256	0.0118017	-0.0121551	0.000353396	0	0	0	0.232256	0	-0.355028	-111.796	0	20.391	20.391	-1.5099e-14	5.32541	0	0	0	0	0	0	0	0	0	0	0	0	0	0	0	0	0	0	0	0	0	0	0	0	0	0	0	0	0	0	0	0	0	
1	1	1	425	12.75		300	0	0	0.02125	-0.02125	0.000164333	0	0	0	80.4291	-74.2766	-1.83879e-05	0	0	0	2.26236	1.02099	0	1.24137		300	0.233059	0.0118438	-0.012198	0.000354243	0	0	0	0.233059	0	-0.355028	-111.796	0	20.391	20.391	-1.5099e-14	5.32541	0	0	0	0	0	0	0	0	0	0	0	0	0	0	0	0	0	0	0	0	0	0	0	0	0	0	0	0	0	0	0	0	0	
1	1	1	426	12.78		300	0	0	0.0213	-0.0213	0.000164725	0	0	0	80.4992	-74.3321	-1.84503e-05	0	0	0	2.2701	1.02445	0	1.24564		300	0.233862	0.0118858	-0.0122409	0.000355089	0	0	0	0.233862	0	-0.355028	-111.796	0	20.391	20.391	-1.5099e-14	5.32541	0	0	0	0	0	0	0	0	0	0	0	0	0	0	0	0	0	0	0	0	0	0	0	0	0	0	0	0	0	0	0	0	0	
1	1	1	427	12.81		300	0	0	0.02135	-0.02135	0.000165117	0	0	0	80.5692	-74.3875	-1.85127e-05	0	0	0	2.27784	1.02792	0	1.24992		300	0.234665	0.0119279	-0.0122839	0.000355934	0	0	0	0.234665	0	-0.355028	-111.796	0	20.391	20.391	-1.5099e-14	5.32541	0	0	0	0	0	0	0	0	0	0	0	0	0	0	0	0	0	0	0	0	0	0	0	0	0	0	0	0	0	0	0	0	0	
1	1	1	428	12.84		300	0	0	0.0214	-0.0214	0.000165508	0	0	0	80.6392	-74.4427	-1.85751e-05	0	0	0	2.28559	1.03139	0	1.2542		300	0.235469	0.01197	-0.0123268	0.000356777	0	0	0	0.235469	0	-0.355028	-111.796	0	20.391	20.391	-1.5099e-14	5.32541	0	0	0	0	0	0	0	0	0	0	0	0	0	0	0	0	0	0	0	0	0	0	0	0	0	0	0	0	0	0	0	0	0	
1	1	1	429	12.87		300	0	0	0.02145	-0.02145	0.000165899	0	0	0	80.709	-74.4979	-1.86375e-05	0	0	0	2.29335	1.03487	0	1.25848		300	0.236272	0.0120122	-0.0123698	0.000357618	0	0	0	0.236272	0	-0.355028	-111.796	0	20.391	20.391	-1.5099e-14	5.32541	0	0	0	0	0	0	0	0	0	0	0	0	0	0	0	0	0	0	0	0	0	0	0	0	0	0	0	0	0	0	0	0	0	
1	1	1	430	12.9		300	0	0	0.0215	-0.0215	0.000166288	0	0	0	80.7787	-74.5531	-1.86999e-05	0	0	0	2.30111	1.03835	0	1.26276		300	0.237076	0.0120543	-0.0124128	0.000358458	0	0	0	0.237076	0	-0.355028	-111.796	0	20.391	20.391	-1.5099e-14	5.32541	0	0	0	0	0	0	0	0	0	0	0	0	0	0	0	0	0	0	0	0	0	0	0	0	0	0	0	0	0	0	0	0	0	
1	1	1	431	12.93		300	0	0	0.02155	-0.02155	0.000166677	0	0	0	80.8483	-74.6081	-1.87623e-05	0	0	0	2.30888	1.04184	0	1.26705		300	0.23788	0.0120964	-0.0124557	0.000359296	0	0	0	0.23788	0	-0.355028	-111.796	0	20.391	20.391	-1.5099e-14	5.32541	0	0	0	0	0	0	0	0	0	0	0	0	0	0	0	0	0	0	0	0	0	0	0	0	0	0	0	0	0	0	0	0	0	
1	1	1	432	12.96		300	0	0	0.0216	-0.0216	0.000167065	0	0	0	80.9178	-74.6631	-1.88247e-05	0	0	0	2.31666	1.04533	0	1.27133		300	0.238684	0.0121386	-0.0124987	0.000360133	0	0	0	0.238684	0	-0.355028	-111.796	0	20.391	20.391	-1.5099e-14	5.32541	0	0	0	0	0	0	0	0	0	0	0	0	0	0	0	0	0	0	0	0	0	0	0	0	0	0	0	0	0	0	0	0	0	
1	1	1	433	12.99		300	0	0	0.02165	-0.02165	0.000167453	0	0	0	80.9872	-74.718	-1.88871e-05	0	0	0	2.32444	1.04883	0	1.27561		300	0.239488	0.0121808	-0.0125417	0.000360968	0	0	0	0.239488	0	-0.355028	-111.796	0	20.391	20.391	-1.5099e-14	5.32541	0	0	0	0	0	0	0	0	0	0	0	0	0	0	0	0	0	0	0	0	0	0	0	0	0	0	0	0	0	0	0	0	0	
1	1	1	434	13.02		300	0	0	0.0217	-0.0217	0.00016784	0	0	0	81.0565	-74.7728	-1.89495e-05	0	0	0	2.33223	1.05233	0	1.2799		300	0.240292	0.0122229	-0.0125847	0.000361802	0	0	0	0.240292	0	-0.355028	-111.796	0	20.391	20.391	-1.5099e-14	5.32541	0	0	0	0	0	0	0	0	0	0	0	0	0	0	0	0	0	0	0	0	0	0	0	0	0	0	0	0	0	0	0	0	0	
1	1	1	435	13.05		300	0	0	0.02175	-0.02175	0.000168226	0	0	0	81.1257	-74.8275	-1.90119e-05	0	0	0	2.34002	1.05584	0	1.28418		300	0.241097	0.0122651	-0.0126278	0.000362634	0	0	0	0.241097	0	-0.355028	-111.796	0	20.391	20.391	-1.5099e-14	5.32541	0	0	0	0	0	0	0	0	0	0	0	0	0	0	0	0	0	0	0	0	0	0	0	0	0	0	0	0	0	0	0	0	0	
1	1	1	436	13.08		300	0	0	0.0218	-0.0218	0.000168611	0	0	0	81.1948	-74.8822	-1.90743e-05	0	0	0	2.34783	1.05936	0	1.28847		300	0.241901	0.0123073	-0.0126708	0.000363465	0	0	0	0.241901	0	-0.355028	-111.796	0	20.391	20.391	-1.5099e-14	5.32541	0	0	0	0	0	0	0	0	0	0	0	0	0	0	0	0	0	0	0	0	0	0	0	0	0	0	0	0	0	0	0	0	0	
1	1	1	437	13.11		300	0	0	0.02185	-0.02185	0.000168996	0	0	0	81.2638	-74.9368	-1.91367e-05	0	0	0	2.35563	1.06288	0	1.29275		300	0.242706	0.0123496	-0.0127138	0.000364294	0	0	0	0.242706	0	-0.355028	-111.796	0	20.391	20.391	-1.5099e-14	5.32541	0	0	0	0	0	0	0	0	0	0	0	0	0	0	0	0	0	0	0	0	0	0	0	0	0	0	0	0	0	0	0	0	0	
1	1	1	438	13.14		300	0	0	0.0219	-0.0219	0.00016938	0	0	0	81.3327	-74.9913	-1.91991e-05	0	0	0	2.36345	1.0664	0	1.29704		300	0.243511	0.0123918	-0.0127569	0.000365122	0	0	0	0.243511	0	-0.355028	-111.796	0	20.391	20.391	-1.5099e-14	5.32541	0	0	0	0	0	0	0	0	0	0	0	0	0	0	0	0	0	0	0	0	0	0	0	0	0	0	0	0	0	0	0	0	0	
1	1	1	439	13.17		300	0	0	0.02195	-0.02195	0.000169763	0	0	0	81.4014	-75.0457	-1.92615e-05	0	0	0	2.37126	1.06993	0	1.30133		300	0.244316	0.012434	-0.0128	0.000365948	0	0	0	0.244316	0	-0.355028	-111.796	0	20.391	20.391	-1.5099e-14	5.32541	0	0	0	0	0	0	0	0	0	0	0	0	0	0	0	0	0	0	0	0	0	0	0	0	0	0	0	0	0	0	0	0	0	
1	1	1	440	13.2		300	0	0	0.022	-0.022	0.000170145	0	0	0	81.4701	-75.1001	-1.93239e-05	0	0	0	2.37909	1.07347	0	1.30562		300	0.245121	0.0124763	-0.012843	0.000366772	0	0	0	0.245121	0	-0.355028	-111.796	0	20.391	20.391	-1.5099e-14	5.32541	0	0	0	0	0	0	0	0	0	0	0	0	0	0	0	0	0	0	0	0	0	0	0	0	0	0	0	0	0	0	0	0	0	
1	1	1	441	13.23		300	0	0	0.02205	-0.02205	0.000170527	0	0	0	81.5387	-75.1544	-1.93863e-05	0	0	0	2.38692	1.07701	0	1.30991		300	0.245926	0.0125185	-0.0128861	0.000367596	0	0	0	0.245926	0	-0.355028	-111.796	0	20.391	20.391	-1.5099e-14	5.32541	0	0	0	0	0	0	0	0	0	0	0	0	0	0	0	0	0	0	0	0	0	0	0	0	0	0	0	0	0	0	0	0	0	
1	1	1	442	13.26		300	0	0	0.0221	-0.0221	0.000170908	0	0	0	81.6072	-75.2086	-1.94487e-05	0	0	0	2.39476	1.08056	0	1.3142		300	0.246732	0.0125608	-0.0129292	0.000368417	0	0	0	0.246732	0	-0.355028	-111.796	0	20.391	20.391	-1.5099e-14	5.32541	0	0	0	0	0	0	0	0	0	0	0	0	0	0	0	0	0	0	0	0	0	0	0	0	0	0	0	0	0	0	0	0	0	
1	1	1	443	13.29		300	0	0	0.02215	-0.02215	0.000171289	0	0	0	81.6756	-75.2628	-1.95111e-05	0	0	0	2.4026	1.08411	0	1.31849		300	0.247537	0.0126031	-0.0129723	0.000369237	0	0	0	0.247537	0	-0.355028	-111.796	0	20.391	20.391	-1.5099e-14	5.32541	0	0	0	0	0	0	0	0	0	0	0	0	0	0	0	0	0	0	0	0	0	0	0	0	0	0	0	0	0	0	0	0	0	
1	1	1	444	13.32		300	0	0	0.0222	-0.0222	0.000171669	0	0	0	81.7439	-75.3168	-1.95736e-05	0	0	0	2.41045	1.08767	0	1.32278		300	0.248343	0.0126454	-0.0130154	0.000370056	0	0	0	0.248343	0	-0.355028	-111.796	0	20.391	20.391	-1.5099e-14	5.32541	0	0	0	0	0	0	0	0	0	0	0	0	0	0	0	0	0	0	0	0	0	0	0	0	0	0	0	0	0	0	0	0	0	
1	1	1	445	13.35		300	0	0	0.02225	-0.02225	0.000172048	0	0	0	81.8121	-75.3708	-1.9636e-05	0	0	0	2.41831	1.09124	0	1.32707		300	0.249149	0.0126877	-0.0130585	0.000370873	0	0	0	0.249149	0	-0.355028	-111.796	0	20.391	20.391	-1.5099e-14	5.32541	0	0	0	0	0	0	0	0	0	0	0	0	0	0	0	0	0	0	0	0	0	0	0	0	0	0	0	0	0	0	0	0	0	
1	1	1	446	13.38		300	0	0	0.0223	-0.0223	0.000172426	0	0	0	81.8802	-75.4248	-1.96984e-05	0	0	0	2.42617	1.09481	0	1.33137		300	0.249955	0.01273	-0.0131017	0.000371689	0	0	0	0.249955	0	-0.355028	-111.796	0	20.391	20.391	-1.5099e-14	5.32541	0	0	0	0	0	0	0	0	0	0	0	0	0	0	0	0	0	0	0	0	0	0	0	0	0	0	0	0	0	0	0	0	0	
1	1	1	447	13.41		300	0	0	0.02235	-0.02235	0.000172804	0	0	0	81.9482	-75.4786	-1.97608e-05	0	0	0	2.43404	1.09838	0	1.33566		300	0.250761	0.0127723	-0.0131448	0.000372503	0	0	0	0.250761	0	-0.355028	-111.796	0	20.391	20.391	-1.5099e-14	5.32541	0	0	0	0	0	0	0	0	0	0	0	0	0	0	0	0	0	0	0	0	0	0	0	0	0	0	0	0	0	0	0	0	0	
1	1	1	448	13.44		300	0	0	0.0224	-0.0224	0.000173181	0	0	0	82.0161	-75.5324	-1.98232e-05	0	0	0	2.44191	1.10196	0	1.33995		300	0.251567	0.0128146	-0.0131879	0.000373316	0	0	0	0.251567	0	-0.355028	-111.796	0	20.391	20.391	-1.5099e-14	5.32541	0	0	0	0	0	0	0	0	0	0	0	0	0	0	0	0	0	0	0	0	0	0	0	0	0	0	0	0	0	0	0	0	0	
1	1	1	449	13.47		300	0	0	0.02245	-0.02245	0.000173557	0	0	0	82.0839	-75.5862	-1.98856e-05	0	0	0	2.44979	1.10555	0	1.34425		300	0.252374	0.012857	-0.0132311	0.000374127	0	0	0	0.252374	0	-0.355028	-111.796	0	20.391	20.391	-1.5099e-14	5.32541	0	0	0	0	0	0	0	0	0	0	0	0	0	0	0	0	0	0	0	0	0	0	0	0	0	0	0	0	0	0	0	0	0	
1	1	1	450	13.5		300	0	0	0.0225	-0.0225	0.000173933	0	0	0	82.1517	-75.6398	-1.99479e-05	0	0	0	2.45768	1.10914	0	1.34855		300	0.25318	0.0128993	-0.0132743	0.000374937	0	0	0	0.25318	0	-0.355028	-111.796	0	20.391	20.391	-1.5099e-14	5.32541	0	0	0	0	0	0	0	0	0	0	0	0	0	0	0	0	0	0	0	0	0	0	0	0	0	0	0	0	0	0	0	0	0	
1	1	1	451	13.53		300	0	0	0.02255	-0.02255	0.000174308	0	0	0	82.2193	-75.6934	-2.00103e-05	0	0	0	2.46557	1.11273	0	1.35284		300	0.253987	0.0129417	-0.0133174	0.000375745	0	0	0	0.253987	0	-0.355028	-111.796	0	20.391	20.391	-1.5099e-14	5.32541	0	0	0	0	0	0	0	0	0	0	0	0	0	0	0	0	0	0	0	0	0	0	0	0	0	0	0	0	0	0	0	0	0	
1	1	1	452	13.56		300	0	0	0.0226	-0.0226	0.000174682	0	0	0	82.2868	-75.7469	-2.00727e-05	0	0	0	2.47347	1.11633	0	1.35714		300	0.254793	0.0129841	-0.0133606	0.000376552	0	0	0	0.254793	0	-0.355028	-111.796	0	20.391	20.391	-1.5099e-14	5.32541	0	0	0	0	0	0	0	0	0	0	0	0	0	0	0	0	0	0	0	0	0	0	0	0	0	0	0	0	0	0	0	0	0	
1	1	1	453	13.59		300	0	0	0.02265	-0.02265	0.000175056	0	0	0	82.3543	-75.8004	-2.01351e-05	0	0	0	2.48138	1.11994	0	1.36144		300	0.2556	0.0130264	-0.0134038	0.000377358	0	0	0	0.2556	0	-0.355028	-111.796	0	20.391	20.391	-1.5099e-14	5.32541	0	0	0	0	0	0	0	0	0	0	0	0	0	0	0	0	0	0	0	0	0	0	0	0	0	0	0	0	0	0	0	0	0	
1	1	1	454	13.62		300	0	0	0.0227	-0.0227	0.000175429	0	0	0	82.4216	-75.8538	-2.01975e-05	0	0	0	2.48929	1.12355	0	1.36573		300	0.256407	0.0130688	-0.013447	0.000378162	0	0	0	0.256407	0	-0.355028	-111.796	0	20.391	20.391	-1.5099e-14	5.32541	0	0	0	0	0	0	0	0	0	0	0	0	0	0	0	0	0	0	0	0	0	0	0	0	0	0	0	0	0	0	0	0	0	
1	1	1	455	13.65		300	0	0	0.02275	-0.02275	0.000175801	0	0	0	82.4889	-75.9071	-2.02599e-05	0	0	0	2.4972	1.12717	0	1.37003		300	0.257214	0.0131112	-0.0134902	0.000378964	0	0	0	0.257214	0	-0.355028	-111.796	0	20.391	20.391	-1.5099e-14	5.32541	0	0	0	0	0	0	0	0	0	0	0	0	0	0	0	0	0	0	0	0	0	0	0	0	0	0	0	0	0	0	0	0	0	
1	1	1	456	13.68		300	0	0	0.0228	-0.0228	0.000176173	0	0	0	82.5561	-75.9604	-2.03222e-05	0	0	0	2.50513	1.13079	0	1.37433		300	0.258021	0.0131537	-0.0135334	0.000379765	0	0	0	0.258021	0	-0.355028	-111.796	0	20.391	20.391	-1.5099e-14	5.32541	0	0	0	0	0	0	0	0	0	0	0	0	0	0	0	0	0	0	0	0	0	0	0	0	0	0	0	0	0	0	0	0	0	
1	1	1	457	13.71		300	0	0	0.02285	-0.02285	0.000176544	0	0	0	82.6232	-76.0136	-2.03846e-05	0	0	0	2.51306	1.13442	0	1.37863		300	0.258829	0.0131961	-0.0135766	0.000380565	0	0	0	0.258829	0	-0.355028	-111.796	0	20.391	20.391	-1.5099e-14	5.32541	0	0	0	0	0	0	0	0	0	0	0	0	0	0	0	0	0	0	0	0	0	0	0	0	0	0	0	0	0	0	0	0	0	
1	1	1	458	13.74		300	0	0	0.0229	-0.0229	0.000176914	0	0	0	82.6902	-76.0667	-2.0447e-05	0	0	0	2.52099	1.13806	0	1.38293		300	0.259636	0.0132385	-0.0136199	0.000381363	0	0	0	0.259636	0	-0.355028	-111.796	0	20.391	20.391	-1.5099e-14	5.32541	0	0	0	0	0	0	0	0	0	0	0	0	0	0	0	0	0	0	0	0	0	0	0	0	0	0	0	0	0	0	0	0	0	
1	1	1	459	13.77		300	0	0	0.02295	-0.02295	0.000177284	0	0	0	82.7571	-76.1198	-2.05093e-05	0	0	0	2.52893	1.1417	0	1.38724		300	0.260444	0.013281	-0.0136631	0.00038216	0	0	0	0.260444	0	-0.355028	-111.796	0	20.391	20.391	-1.5099e-14	5.32541	0	0	0	0	0	0	0	0	0	0	0	0	0	0	0	0	0	0	0	0	0	0	0	0	0	0	0	0	0	0	0	0	0	
1	1	1	460	13.8		300	0	0	0.023	-0.023	0.000177653	0	0	0	82.8239	-76.1728	-2.05717e-05	0	0	0	2.53688	1.14534	0	1.39154		300	0.261251	0.0133234	-0.0137064	0.000382956	0	0	0	0.261251	0	-0.355028	-111.796	0	20.391	20.391	-1.5099e-14	5.32541	0	0	0	0	0	0	0	0	0	0	0	0	0	0	0	0	0	0	0	0	0	0	0	0	0	0	0	0	0	0	0	0	0	
1	1	1	461	13.83		300	0	0	0.02305	-0.02305	0.000178021	0	0	0	82.8906	-76.2257	-2.0634e-05	0	0	0	2.54483	1.14899	0	1.39584		300	0.262059	0.0133659	-0.0137496	0.00038375	0	0	0	0.262059	0	-0.355028	-111.796	0	20.391	20.391	-1.5099e-14	5.32541	0	0	0	0	0	0	0	0	0	0	0	0	0	0	0	0	0	0	0	0	0	0	0	0	0	0	0	0	0	0	0	0	0	
1	1	1	462	13.86		300	0	0	0.0231	-0.0231	0.000178389	0	0	0	82.9573	-76.2786	-2.06964e-05	0	0	0	2.55279	1.15265	0	1.40014		300	0.262867	0.0134084	-0.0137929	0.000384542	0	0	0	0.262867	0	-0.355028	-111.796	0	20.391	20.391	-1.5099e-14	5.32541	0	0	0	0	0	0	0	0	0	0	0	0	0	0	0	0	0	0	0	0	0	0	0	0	0	0	0	0	0	0	0	0	0	
1	1	1	463	13.89		300	0	0	0.02315	-0.02315	0.000178756	0	0	0	83.0238	-76.3314	-2.07587e-05	0	0	0	2.56076	1.15631	0	1.40445		300	0.263675	0.0134508	-0.0138362	0.000385333	0	0	0	0.263675	0	-0.355028	-111.796	0	20.391	20.391	-1.5099e-14	5.32541	0	0	0	0	0	0	0	0	0	0	0	0	0	0	0	0	0	0	0	0	0	0	0	0	0	0	0	0	0	0	0	0	0	
1	1	1	464	13.92		300	0	0	0.0232	-0.0232	0.000179122	0	0	0	83.0903	-76.3842	-2.0821e-05	0	0	0	2.56873	1.15997	0	1.40875		300	0.264483	0.0134933	-0.0138795	0.000386123	0	0	0	0.264483	0	-0.355028	-111.796	0	20.391	20.391	-1.5099e-14	5.32541	0	0	0	0	0	0	0	0	0	0	0	0	0	0	0	0	0	0	0	0	0	0	0	0	0	0	0	0	0	0	0	0	0	
1	1	1	465	13.95		300	0	0	0.02325	-0.02325	0.000179488	0	0	0	83.1567	-76.4369	-2.08833e-05	0	0	0	2.5767	1.16364	0	1.41306		300	0.265291	0.0135358	-0.0139227	0.000386911	0	0	0	0.265291	0	-0.355028	-111.796	0	20.391	20.391	-1.5099e-14	5.32541	0	0	0	0	0	0	0	0	0	0	0	0	0	0	0	0	0	0	0	0	0	0	0	0	0	0	0	0	0	0	0	0	0	
1	1	1	466	13.98		300	0	0	0.0233	-0.0233	0.000179853	0	0	0	83.223	-76.4895	-2.09457e-05	0	0	0	2.58469	1.16732	0	1.41736		300	0.2661	0.0135783	-0.013966	0.000387698	0	0	0	0.2661	0	-0.355028	-111.796	0	20.391	20.391	-1.5099e-14	5.32541	0	0	0	0	0	0	0	0	0	0	0	0	0	0	0	0	0	0	0	0	0	0	0	0	0	0	0	0	0	0	0	0	0	
1	1	1	467	14.01		300	0	0	0.02335	-0.02335	0.000180217	0	0	0	83.2892	-76.5421	-2.1008e-05	0	0	0	2.59267	1.171	0	1.42167		300	0.266908	0.0136209	-0.0140093	0.000388484	0	0	0	0.266908	0	-0.355028	-111.796	0	20.391	20.391	-1.5099e-14	5.32541	0	0	0	0	0	0	0	0	0	0	0	0	0	0	0	0	0	0	0	0	0	0	0	0	0	0	0	0	0	0	0	0	0	
1	1	1	468	14.04		300	0	0	0.0234	-0.0234	0.000180581	0	0	0	83.3553	-76.5946	-2.10703e-05	0	0	0	2.60067	1.17469	0	1.42598		300	0.267717	0.0136634	-0.0140527	0.000389268	0	0	0	0.267717	0	-0.355028	-111.796	0	20.391	20.391	-1.5099e-14	5.32541	0	0	0	0	0	0	0	0	0	0	0	0	0	0	0	0	0	0	0	0	0	0	0	0	0	0	0	0	0	0	0	0	0	
1	1	1	469	14.07		300	0	0	0.02345	-0.02345	0.000180944	0	0	0	83.4213	-76.647	-2.11326e-05	0	0	0	2.60867	1.17838	0	1.43029		300	0.268525	0.0137059	-0.014096	0.000390051	0	0	0	0.268525	0	-0.355028	-111.796	0	20.391	20.391	-1.5099e-14	5.32541	0	0	0	0	0	0	0	0	0	0	0	0	0	0	0	0	0	0	0	0	0	0	0	0	0	0	0	0	0	0	0	0	0	
1	1	1	470	14.1		300	0	0	0.0235	-0.0235	0.000181306	0	0	0	83.4873	-76.6994	-2.11949e-05	0	0	0	2.61668	1.18208	0	1.43459		300	0.269334	0.0137485	-0.0141393	0.000390832	0	0	0	0.269334	0	-0.355028	-111.796	0	20.391	20.391	-1.5099e-14	5.32541	0	0	0	0	0	0	0	0	0	0	0	0	0	0	0	0	0	0	0	0	0	0	0	0	0	0	0	0	0	0	0	0	0	
1	1	1	471	14.13		300	0	0	0.02355	-0.02355	0.000181668	0	0	0	83.5532	-76.7517	-2.12571e-05	0	0	0	2.62469	1.18579	0	1.4389		300	0.270143	0.013791	-0.0141827	0.000391612	0	0	0	0.270143	0	-0.355028	-111.796	0	20.391	20.391	-1.5099e-14	5.32541	0	0	0	0	0	0	0	0	0	0	0	0	0	0	0	0	0	0	0	0	0	0	0	0	0	0	0	0	0	0	0	0	0	
1	1	1	472	14.16		300	0	0	0.0236	-0.0236	0.000182029	0	0	0	83.619	-76.804	-2.13194e-05	0	0	0	2.63271	1.18949	0	1.44321		300	0.270952	0.0138336	-0.014226	0.000392391	0	0	0	0.270952	0	-0.355028	-111.796	0	20.391	20.391	-1.5099e-14	5.32541	0	0	0	0	0	0	0	0	0	0	0	0	0	0	0	0	0	0	0	0	0	0	0	0	0	0	0	0	0	0	0	0	0	
1	1	1	473	14.19		300	0	0	0.02365	-0.02365	0.00018239	0	0	0	83.6847	-76.8562	-2.13817e-05	0	0	0	2.64073	1.19321	0	1.44752		300	0.271761	0.0138762	-0.0142694	0.000393168	0	0	0	0.271761	0	-0.355028	-111.796	0	20.391	20.391	-1.5099e-14	5.32541	0	0	0	0	0	0	0	0	0	0	0	0	0	0	0	0	0	0	0	0	0	0	0	0	0	0	0	0	0	0	0	0	0	
1	1	1	474	14.22		300	0	0	0.0237	-0.0237	0.00018275	0	0	0	83.7503	-76.9084	-2.14439e-05	0	0	0	2.64876	1.19693	0	1.45183		300	0.27257	0.0139188	-0.0143127	0.000393944	0	0	0	0.27257	0	-0.355028	-111.796	0	20.391	20.391	-1.5099e-14	5.32541	0	0	0	0	0	0	0	0	0	0	0	0	0	0	0	0	0	0	0	0	0	0	0	0	0	0	0	0	0	0	0	0	0	
1	1	1	475	14.25		300	0	0	0.02375	-0.02375	0.000183109	0	0	0	83.8159	-76.9605	-2.15062e-05	0	0	0	2.6568	1.20065	0	1.45614		300	0.27338	0.0139614	-0.0143561	0.000394718	0	0	0	0.27338	0	-0.355028	-111.796	0	20.391	20.391	-1.5099e-14	5.32541	0	0	0	0	0	0	0	0	0	0	0	0	0	0	0	0	0	0	0	0	0	0	0	0	0	0	0	0	0	0	0	0	0	
1	1	1	476	14.28		300	0	0	0.0238	-0.0238	0.000183468	0	0	0	83.8814	-77.0125	-2.15684e-05	0	0	0	2.66484	1.20438	0	1.46045		300	0.274189	0.014004	-0.0143995	0.000395491	0	0	0	0.274189	0	-0.355028	-111.796	0	20.391	20.391	-1.5099e-14	5.32541	0	0	0	0	0	0	0	0	0	0	0	0	0	0	0	0	0	0	0	0	0	0	0	0	0	0	0	0	0	0	0	0	0	
1	1	1	477	14.31		300	0	0	0.02385	-0.02385	0.000183826	0	0	0	83.9468	-77.0645	-2.16307e-05	0	0	0	2.67289	1.20812	0	1.46477		300	0.274999	0.0140466	-0.0144428	0.000396263	0	0	0	0.274999	0	-0.355028	-111.796	0	20.391	20.391	-1.5099e-14	5.32541	0	0	0	0	0	0	0	0	0	0	0	0	0	0	0	0	0	0	0	0	0	0	0	0	0	0	0	0	0	0	0	0	0	
1	1	1	478	14.34		300	0	0	0.0239	-0.0239	0.000184183	0	0	0	84.0121	-77.1165	-2.16929e-05	0	0	0	2.68094	1.21186	0	1.46908		300	0.275808	0.0140892	-0.0144862	0.000397034	0	0	0	0.275808	0	-0.355028	-111.796	0	20.391	20.391	-1.5099e-14	5.32541	0	0	0	0	0	0	0	0	0	0	0	0	0	0	0	0	0	0	0	0	0	0	0	0	0	0	0	0	0	0	0	0	0	
1	1	1	479	14.37		300	0	0	0.02395	-0.02395	0.00018454	0	0	0	84.0773	-77.1683	-2.17551e-05	0	0	0	2.689	1.21561	0	1.47339		300	0.276618	0.0141318	-0.0145296	0.000397803	0	0	0	0.276618	0	-0.355028	-111.796	0	20.391	20.391	-1.5099e-14	5.32541	0	0	0	0	0	0	0	0	0	0	0	0	0	0	0	0	0	0	0	0	0	0	0	0	0	0	0	0	0	0	0	0	0	
1	1	1	480	14.4		300	0	0	0.024	-0.024	0.000184896	0	0	0	84.1425	-77.2202	-2.18173e-05	0	0	0	2.69706	1.21936	0	1.4777		300	0.277428	0.0141745	-0.014573	0.00039857	0	0	0	0.277428	0	-0.355028	-111.796	0	20.391	20.391	-1.5099e-14	5.32541	0	0	0	0	0	0	0	0	0	0	0	0	0	0	0	0	0	0	0	0	0	0	0	0	0	0	0	0	0	0	0	0	0	
1	1	1	481	14.43		300	0	0	0.02405	-0.02405	0.000185252	0	0	0	84.2076	-77.2719	-2.18795e-05	0	0	0	2.70513	1.22312	0	1.48202		300	0.278238	0.0142171	-0.0146164	0.000399337	0	0	0	0.278238	0	-0.355028	-111.796	0	20.391	20.391	-1.5099e-14	5.32541	0	0	0	0	0	0	0	0	0	0	0	0	0	0	0	0	0	0	0	0	0	0	0	0	0	0	0	0	0	0	0	0	0	
1	1	1	482	14.46		300	0	0	0.0241	-0.0241	0.000185607	0	0	0	84.2726	-77.3237	-2.19417e-05	0	0	0	2.71321	1.22688	0	1.48633		300	0.279048	0.0142598	-0.0146599	0.000400102	0	0	0	0.279048	0	-0.355028	-111.796	0	20.391	20.391	-1.5099e-14	5.32541	0	0	0	0	0	0	0	0	0	0	0	0	0	0	0	0	0	0	0	0	0	0	0	0	0	0	0	0	0	0	0	0	0	
1	1	1	483	14.49		300	0	0	0.02415	-0.02415	0.000185961	0	0	0	84.3375	-77.3753	-2.20038e-05	0	0	0	2.72129	1.23065	0	1.49065		300	0.279858	0.0143024	-0.0147033	0.000400865	0	0	0	0.279858	0	-0.355028	-111.796	0	20.391	20.391	-1.5099e-14	5.32541	0	0	0	0	0	0	0	0	0	0	0	0	0	0	0	0	0	0	0	0	0	0	0	0	0	0	0	0	0	0	0	0	0	
1	1	1	484	14.52		300	0	0	0.0242	-0.0242	0.000186315	0	0	0	84.4023	-77.4269	-2.2066e-05	0	0	0	2.72938	1.23442	0	1.49496		300	0.280668	0.0143451	-0.0147467	0.000401628	0	0	0	0.280668	0	-0.355028	-111.796	0	20.391	20.391	-1.5099e-14	5.32541	0	0	0	0	0	0	0	0	0	0	0	0	0	0	0	0	0	0	0	0	0	0	0	0	0	0	0	0	0	0	0	0	0	
1	1	1	485	14.55		300	0	0	0.02425	-0.02425	0.000186668	0	0	0	84.4671	-77.4785	-2.21282e-05	0	0	0	2.73748	1.2382	0	1.49928		300	0.281478	0.0143878	-0.0147902	0.000402389	0	0	0	0.281478	0	-0.355028	-111.796	0	20.391	20.391	-1.5099e-14	5.32541	0	0	0	0	0	0	0	0	0	0	0	0	0	0	0	0	0	0	0	0	0	0	0	0	0	0	0	0	0	0	0	0	0	
1	1	1	486	14.58		300	0	0	0.0243	-0.0243	0.00018702	0	0	0	84.5318	-77.53	-2.21903e-05	0	0	0	2.74558	1.24198	0	1.5036		300	0.282289	0.0144305	-0.0148336	0.000403149	0	0	0	0.282289	0	-0.355028	-111.796	0	20.391	20.391	-1.5099e-14	5.32541	0	0	0	0	0	0	0	0	0	0	0	0	0	0	0	0	0	0	0	0	0	0	0	0	0	0	0	0	0	0	0	0	0	
1	1	1	487	14.61		300	0	0	0.02435	-0.02435	0.000187372	0	0	0	84.5964	-77.5814	-2.22524e-05	0	0	0	2.75368	1.24577	0	1.50791		300	0.283099	0.0144732	-0.0148771	0.000403907	0	0	0	0.283099	0	-0.355028	-111.796	0	20.391	20.391	-1.5099e-14	5.32541	0	0	0	0	0	0	0	0	0	0	0	0	0	0	0	0	0	0	0	0	0	0	0	0	0	0	0	0	0	0	0	0	0	
1	1	1	488	14.64		300	0	0	0.0244	-0.0244	0.000187723	0	0	0	84.661	-77.6328	-2.23145e-05	0	0	0	2.76179	1.24956	0	1.51223		300	0.28391	0.0145159	-0.0149205	0.000404664	0	0	0	0.28391	0	-0.355028	-111.796	0	20.391	20.391	-1.5099e-14	5.32541	0	0	0	0	0	0	0	0	0	0	0	0	0	0	0	0	0	0	0	0	0	0	0	0	0	0	0	0	0	0	0	0	0	
1	1	1	489	14.67		300	0	0	0.02445	-0.02445	0.000188074	0	0	0	84.7254	-77.6842	-2.23767e-05	0	0	0	2.76991	1.25336	0	1.51655		300	0.28472	0.0145586	-0.014964	0.00040542	0	0	0	0.28472	0	-0.355028	-111.796	0	20.391	20.391	-1.5099e-14	5.32541	0	0	0	0	0	0	0	0	0	0	0	0	0	0	0	0	0	0	0	0	0	0	0	0	0	0	0	0	0	0	0	0	0	
1	1	1	490	14.7		300	0	0	0.0245	-0.0245	0.000188424	0	0	0	84.7898	-77.7355	-2.24387e-05	0	0	0	2.77804	1.25717	0	1.52087		300	0.285531	0.0146013	-0.0150075	0.000406174	0	0	0	0.285531	0	-0.355028	-111.796	0	20.391	20.391	-1.5099e-14	5.32541	0	0	0	0	0	0	0	0	0	0	0	0	0	0	0	0	0	0	0	0	0	0	0	0	0	0	0	0	0	0	0	0	0	
1	1	1	491	14.73		300	0	0	0.02455	-0.02455	0.000188773	0	0	0	84.8542	-77.7867	-2.25008e-05	0	0	0	2.78616	1.26098	0	1.52519		300	0.286342	0.014644	-0.015051	0.000406928	0	0	0	0.286342	0	-0.355028	-111.796	0	20.391	20.391	-1.5099e-14	5.32541	0	0	0	0	0	0	0	0	0	0	0	0	0	0	0	0	0	0	0	0	0	0	0	0	0	0	0	0	0	0	0	0	0	
1	1	1	492	14.76		300	0	0	0.0246	-0.0246	0.000189122	0	0	0	84.9184	-77.8379	-2.25629e-05	0	0	0	2.7943	1.26479	0	1.52951		300	0.287153	0.0146868	-0.0150944	0.000407679	0	0	0	0.287153	0	-0.355028	-111.796	0	20.391	20.391	-1.5099e-14	5.32541	0	0	0	0	0	0	0	0	0	0	0	0	0	0	0	0	0	0	0	0	0	0	0	0	0	0	0	0	0	0	0	0	0	
1	1	1	493	14.79		300	0	0	0.02465	-0.02465	0.00018947	0	0	0	84.9826	-77.889	-2.2625e-05	0	0	0	2.80244	1.26861	0	1.53383		300	0.287964	0.0147295	-0.0151379	0.00040843	0	0	0	0.287964	0	-0.355028	-111.796	0	20.391	20.391	-1.5099e-14	5.32541	0	0	0	0	0	0	0	0	0	0	0	0	0	0	0	0	0	0	0	0	0	0	0	0	0	0	0	0	0	0	0	0	0	
1	1	1	494	14.82		300	0	0	0.0247	-0.0247	0.000189818	0	0	0	85.0467	-77.9401	-2.2687e-05	0	0	0	2.81059	1.27244	0	1.53815		300	0.288775	0.0147723	-0.0151814	0.000409179	0	0	0	0.288775	0	-0.355028	-111.796	0	20.391	20.391	-1.5099e-14	5.32541	0	0	0	0	0	0	0	0	0	0	0	0	0	0	0	0	0	0	0	0	0	0	0	0	0	0	0	0	0	0	0	0	0	
1	1	1	495	14.85		300	0	0	0.02475	-0.02475	0.000190165	0	0	0	85.1107	-77.9912	-2.2749e-05	0	0	0	2.81874	1.27627	0	1.54247		300	0.289586	0.014815	-0.015225	0.000409927	0	0	0	0.289586	0	-0.355028	-111.796	0	20.391	20.391	-1.5099e-14	5.32541	0	0	0	0	0	0	0	0	0	0	0	0	0	0	0	0	0	0	0	0	0	0	0	0	0	0	0	0	0	0	0	0	0	
1	1	1	496	14.88		300	0	0	0.0248	-0.0248	0.000190511	0	0	0	85.1747	-78.0422	-2.28111e-05	0	0	0	2.8269	1.28011	0	1.54679		300	0.290398	0.0148578	-0.0152685	0.000410674	0	0	0	0.290398	0	-0.355028	-111.796	0	20.391	20.391	-1.5099e-14	5.32541	0	0	0	0	0	0	0	0	0	0	0	0	0	0	0	0	0	0	0	0	0	0	0	0	0	0	0	0	0	0	0	0	0	
1	1	1	497	14.91		300	0	0	0.02485	-0.02485	0.000190857	0	0	0	85.2386	-78.0931	-2.28731e-05	0	0	0	2.83506	1.28395	0	1.55111		300	0.291209	0.0149006	-0.015312	0.000411419	0	0	0	0.291209	0	-0.355028	-111.796	0	20.391	20.391	-1.5099e-14	5.32541	0	0	0	0	0	0	0	0	0	0	0	0	0	0	0	0	0	0	0	0	0	0	0	0	0	0	0	0	0	0	0	0	0	
1	1	1	498	14.94		300	0	0	0.0249	-0.0249	0.000191202	0	0	0	85.3024	-78.144	-2.29351e-05	0	0	0	2.84323	1.2878	0	1.55543		300	0.29202	0.0149434	-0.0153555	0.000412164	0	0	0	0.29202	0	-0.355028	-111.796	0	20.391	20.391	-1.5099e-14	5.32541	0	0	0	0	0	0	0	0	0	0	0	0	0	0	0	0	0	0	0	0	0	0	0	0	0	0	0	0	0	0	0	0	0	
1	1	1	499	14.97		300	0	0	0.02495	-0.02495	0.000191547	0	0	0	85.3662	-78.1949	-2.29971e-05	0	0	0	2.85141	1.29165	0	1.55976		300	0.292832	0.0149861	-0.0153991	0.000412906	0	0	0	0.292832	0	-0.355028	-111.796	0	20.391	20.391	-1.5099e-14	5.32541	0	0	0	0	0	0	0	0	0	0	0	0	0	0	0	0	0	0	0	0	0	0	0	0	0	0	0	0	0	0	0	0	0	
1	1	1	500	15		300	0	0	0.025	-0.025	0.000191891	0	0	0	85.4298	-78.2457	-2.3059e-05	0	0	0	2.85959	1.29551	0	1.56408		300	0.293644	0.0150289	-0.0154426	0.000413648	0	0	0	0.293644	0	-0.355028	-111.796	0	20.391	20.391	-1.5099e-14	5.32541	0	0	0	0	0	0	0	0	0	0	0	0	0	0	0	0	0	0	0	0	0	0	0	0	0	0	0	0	0	0	0	0	0	
1	1	1	501	15.03		300	0	0	0.02505	-0.02505	0.000192234	0	0	0	85.4935	-78.2964	-2.3121e-05	0	0	0	2.86777	1.29937	0	1.5684		300	0.294455	0.0150718	-0.0154861	0.000414388	0	0	0	0.294455	0	-0.355028	-111.796	0	20.391	20.391	-1.5099e-14	5.32541	0	0	0	0	0	0	0	0	0	0	0	0	0	0	0	0	0	0	0	0	0	0	0	0	0	0	0	0	0	0	0	0	0	
1	1	1	502	15.06		300	0	0	0.0251	-0.0251	0.000192577	0	0	0	85.557	-78.3471	-2.31829e-05	0	0	0	2.87597	1.30324	0	1.57273		300	0.295267	0.0151146	-0.0155297	0.000415127	0	0	0	0.295267	0	-0.355028	-111.796	0	20.391	20.391	-1.5099e-14	5.32541	0	0	0	0	0	0	0	0	0	0	0	0	0	0	0	0	0	0	0	0	0	0	0	0	0	0	0	0	0	0	0	0	0	
1	1	1	503	15.09		300	0	0	0.02515	-0.02515	0.000192919	0	0	0	85.6205	-78.3978	-2.32449e-05	0	0	0	2.88416	1.30711	0	1.57705		300	0.296079	0.0151574	-0.0155733	0.000415865	0	0	0	0.296079	0	-0.355028	-111.796	0	20.391	20.391	-1.5099e-14	5.32541	0	0	0	0	0	0	0	0	0	0	0	0	0	0	0	0	0	0	0	0	0	0	0	0	0	0	0	0	0	0	0	0	0	
1	1	1	504	15.12		300	0	0	0.0252	-0.0252	0.000193261	0	0	0	85.6839	-78.4484	-2.33068e-05	0	0	0	2.89237	1.31099	0	1.58138		300	0.296891	0.0152002	-0.0156168	0.000416602	0	0	0	0.296891	0	-0.355028	-111.796	0	20.391	20.391	-1.5099e-14	5.32541	0	0	0	0	0	0	0	0	0	0	0	0	0	0	0	0	0	0	0	0	0	0	0	0	0	0	0	0	0	0	0	0	0	
1	1	1	505	15.15		300	0	0	0.02525	-0.02525	0.000193602	0	0	0	85.7472	-78.499	-2.33687e-05	0	0	0	2.90058	1.31487	0	1.5857		300	0.297703	0.0152431	-0.0156604	0.000417337	0	0	0	0.297703	0	-0.355028	-111.796	0	20.391	20.391	-1.5099e-14	5.32541	0	0	0	0	0	0	0	0	0	0	0	0	0	0	0	0	0	0	0	0	0	0	0	0	0	0	0	0	0	0	0	0	0	
1	1	1	506	15.18		300	0	0	0.0253	-0.0253	0.000193943	0	0	0	85.8105	-78.5495	-2.34306e-05	0	0	0	2.90879	1.31876	0	1.59003		300	0.298515	0.0152859	-0.015704	0.000418071	0	0	0	0.298515	0	-0.355028	-111.796	0	20.391	20.391	-1.5099e-14	5.32541	0	0	0	0	0	0	0	0	0	0	0	0	0	0	0	0	0	0	0	0	0	0	0	0	0	0	0	0	0	0	0	0	0	
1	1	1	507	15.21		300	0	0	0.02535	-0.02535	0.000194282	0	0	0	85.8737	-78.6	-2.34924e-05	0	0	0	2.91701	1.32266	0	1.59436		300	0.299327	0.0153288	-0.0157476	0.000418804	0	0	0	0.299327	0	-0.355028	-111.796	0	20.391	20.391	-1.5099e-14	5.32541	0	0	0	0	0	0	0	0	0	0	0	0	0	0	0	0	0	0	0	0	0	0	0	0	0	0	0	0	0	0	0	0	0	
1	1	1	508	15.24		300	0	0	0.0254	-0.0254	0.000194622	0	0	0	85.9368	-78.6504	-2.35543e-05	0	0	0	2.92524	1.32656	0	1.59868		300	0.300139	0.0153716	-0.0157911	0.000419535	0	0	0	0.300139	0	-0.355028	-111.796	0	20.391	20.391	-1.5099e-14	5.32541	0	0	0	0	0	0	0	0	0	0	0	0	0	0	0	0	0	0	0	0	0	0	0	0	0	0	0	0	0	0	0	0	0	
1	1	1	509	15.27		300	0	0	0.02545	-0.02545	0.000194961	0	0	0	85.9999	-78.7008	-2.36161e-05	0	0	0	2.93347	1.33046	0	1.60301		300	0.300952	0.0154145	-0.0158347	0.000420266	0	0	0	0.300952	0	-0.355028	-111.796	0	20.391	20.391	-1.5099e-14	5.32541	0	0	0	0	0	0	0	0	0	0	0	0	0	0	0	0	0	0	0	0	0	0	0	0	0	0	0	0	0	0	0	0	0	
1	1	1	510	15.3		300	0	0	0.0255	-0.0255	0.000195299	0	0	0	86.0629	-78.7512	-2.36779e-05	0	0	0	2.94171	1.33437	0	1.60734		300	0.301764	0.0154574	-0.0158783	0.000420995	0	0	0	0.301764	0	-0.355028	-111.796	0	20.391	20.391	-1.5099e-14	5.32541	0	0	0	0	0	0	0	0	0	0	0	0	0	0	0	0	0	0	0	0	0	0	0	0	0	0	0	0	0	0	0	0	0	
1	1	1	511	15.33		300	0	0	0.02555	-0.02555	0.000195637	0	0	0	86.1259	-78.8015	-2.37397e-05	0	0	0	2.94995	1.33829	0	1.61167		300	0.302577	0.0155002	-0.015922	0.000421723	0	0	0	0.302577	0	-0.355028	-111.796	0	20.391	20.391	-1.5099e-14	5.32541	0	0	0	0	0	0	0	0	0	0	0	0	0	0	0	0	0	0	0	0	0	0	0	0	0	0	0	0	0	0	0	0	0	
1	1	1	512	15.36		300	0	0	0.0256	-0.0256	0.000195974	0	0	0	86.1887	-78.8517	-2.38015e-05	0	0	0	2.9582	1.34221	0	1.61599		300	0.303389	0.0155431	-0.0159656	0.000422449	0	0	0	0.303389	0	-0.355028	-111.796	0	20.391	20.391	-1.5099e-14	5.32541	0	0	0	0	0	0	0	0	0	0	0	0	0	0	0	0	0	0	0	0	0	0	0	0	0	0	0	0	0	0	0	0	0	
1	1	1	513	15.39		300	0	0	0.02565	-0.02565	0.00019631	0	0	0	86.2515	-78.9019	-2.38633e-05	0	0	0	2.96646	1.34613	0	1.62032		300	0.304202	0.015586	-0.0160092	0.000423175	0	0	0	0.304202	0	-0.355028	-111.796	0	20.391	20.391	-1.5099e-14	5.32541	0	0	0	0	0	0	0	0	0	0	0	0	0	0	0	0	0	0	0	0	0	0	0	0	0	0	0	0	0	0	0	0	0	
1	1	1	514	15.42		300	0	0	0.0257	-0.0257	0.000196646	0	0	0	86.3143	-78.9521	-2.39251e-05	0	0	0	2.97472	1.35007	0	1.62465		300	0.305015	0.0156289	-0.0160528	0.000423899	0	0	0	0.305015	0	-0.355028	-111.796	0	20.391	20.391	-1.5099e-14	5.32541	0	0	0	0	0	0	0	0	0	0	0	0	0	0	0	0	0	0	0	0	0	0	0	0	0	0	0	0	0	0	0	0	0	
1	1	1	515	15.45		300	0	0	0.02575	-0.02575	0.000196981	0	0	0	86.377	-79.0022	-2.39868e-05	0	0	0	2.98298	1.354	0	1.62898		300	0.305828	0.0156718	-0.0160964	0.000424622	0	0	0	0.305828	0	-0.355028	-111.796	0	20.391	20.391	-1.5099e-14	5.32541	0	0	0	0	0	0	0	0	0	0	0	0	0	0	0	0	0	0	0	0	0	0	0	0	0	0	0	0	0	0	0	0	0	
1	1	1	516	15.48		300	0	0	0.0258	-0.0258	0.000197316	0	0	0	86.4396	-79.0523	-2.40486e-05	0	0	0	2.99126	1.35794	0	1.63331		300	0.30664	0.0157147	-0.0161401	0.000425344	0	0	0	0.30664	0	-0.355028	-111.796	0	20.391	20.391	-1.5099e-14	5.32541	0	0	0	0	0	0	0	0	0	0	0	0	0	0	0	0	0	0	0	0	0	0	0	0	0	0	0	0	0	0	0	0	0	
1	1	1	517	15.51		300	0	0	0.02585	-0.02585	0.00019765	0	0	0	86.5022	-79.1024	-2.41103e-05	0	0	0	2.99953	1.36189	0	1.63764		300	0.307453	0.0157577	-0.0161837	0.000426064	0	0	0	0.307453	0	-0.355028	-111.796	0	20.391	20.391	-1.5099e-14	5.32541	0	0	0	0	0	0	0	0	0	0	0	0	0	0	0	0	0	0	0	0	0	0	0	0	0	0	0	0	0	0	0	0	0	
1	1	1	518	15.54		300	0	0	0.0259	-0.0259	0.000197984	0	0	0	86.5647	-79.1524	-2.4172e-05	0	0	0	3.00782	1.36584	0	1.64197		300	0.308266	0.0158006	-0.0162274	0.000426783	0	0	0	0.308266	0	-0.355028	-111.796	0	20.391	20.391	-1.5099e-14	5.32541	0	0	0	0	0	0	0	0	0	0	0	0	0	0	0	0	0	0	0	0	0	0	0	0	0	0	0	0	0	0	0	0	0	
1	1	1	519	15.57		300	0	0	0.02595	-0.02595	0.000198317	0	0	0	86.6271	-79.2023	-2.42336e-05	0	0	0	3.0161	1.3698	0	1.6463		300	0.309079	0.0158435	-0.016271	0.000427501	0	0	0	0.309079	0	-0.355028	-111.796	0	20.391	20.391	-1.5099e-14	5.32541	0	0	0	0	0	0	0	0	0	0	0	0	0	0	0	0	0	0	0	0	0	0	0	0	0	0	0	0	0	0	0	0	0	
1	1	1	520	15.6		300	0	0	0.026	-0.026	0.00019865	0	0	0	86.6895	-79.2522	-2.42953e-05	0	0	0	3.0244	1.37376	0	1.65063		300	0.309893	0.0158865	-0.0163147	0.000428218	0	0	0	0.309893	0	-0.355028	-111.796	0	20.391	20.391	-1.5099e-14	5.32541	0	0	0	0	0	0	0	0	0	0	0	0	0	0	0	0	0	0	0	0	0	0	0	0	0	0	0	0	0	0	0	0	0	
1	1	1	521	15.63		300	0	0	0.02605	-0.02605	0.000198982	0	0	0	86.7518	-79.3021	-2.43569e-05	0	0	0	3.0327	1.37773	0	1.65497		300	0.310706	0.0159294	-0.0163584	0.000428934	0	0	0	0.310706	0	-0.355028	-111.796	0	20.391	20.391	-1.5099e-14	5.32541	0	0	0	0	0	0	0	0	0	0	0	0	0	0	0	0	0	0	0	0	0	0	0	0	0	0	0	0	0	0	0	0	0	
1	1	1	522	15.66		300	0	0	0.0261	-0.0261	0.000199313	0	0	0	86.814	-79.352	-2.44186e-05	0	0	0	3.041	1.38171	0	1.6593		300	0.311519	0.0159724	-0.016402	0.000429649	0	0	0	0.311519	0	-0.355028	-111.796	0	20.391	20.391	-1.5099e-14	5.32541	0	0	0	0	0	0	0	0	0	0	0	0	0	0	0	0	0	0	0	0	0	0	0	0	0	0	0	0	0	0	0	0	0	
1	1	1	523	15.69		300	0	0	0.02615	-0.02615	0.000199644	0	0	0	86.8762	-79.4018	-2.44802e-05	0	0	0	3.04932	1.38568	0	1.66363		300	0.312332	0.0160153	-0.0164457	0.000430362	0	0	0	0.312332	0	-0.355028	-111.796	0	20.391	20.391	-1.5099e-14	5.32541	0	0	0	0	0	0	0	0	0	0	0	0	0	0	0	0	0	0	0	0	0	0	0	0	0	0	0	0	0	0	0	0	0	
1	1	1	524	15.72		300	0	0	0.0262	-0.0262	0.000199975	0	0	0	86.9383	-79.4515	-2.45418e-05	0	0	0	3.05763	1.38967	0	1.66796		300	0.313146	0.0160583	-0.0164894	0.000431074	0	0	0	0.313146	0	-0.355028	-111.796	0	20.391	20.391	-1.5099e-14	5.32541	0	0	0	0	0	0	0	0	0	0	0	0	0	0	0	0	0	0	0	0	0	0	0	0	0	0	0	0	0	0	0	0	0	
1	1	1	525	15.75		300	0	0	0.02625	-0.02625	0.000200305	0	0	0	87.0004	-79.5012	-2.46033e-05	0	0	0	3.06595	1.39366	0	1.6723		300	0.313959	0.0161013	-0.0165331	0.000431785	0	0	0	0.313959	0	-0.355028	-111.796	0	20.391	20.391	-1.5099e-14	5.32541	0	0	0	0	0	0	0	0	0	0	0	0	0	0	0	0	0	0	0	0	0	0	0	0	0	0	0	0	0	0	0	0	0	
1	1	1	526	15.78		300	0	0	0.0263	-0.0263	0.000200634	0	0	0	87.0624	-79.5509	-2.46649e-05	0	0	0	3.07428	1.39765	0	1.67663		300	0.314773	0.0161443	-0.0165768	0.000432495	0	0	0	0.314773	0	-0.355028	-111.796	0	20.391	20.391	-1.5099e-14	5.32541	0	0	0	0	0	0	0	0	0	0	0	0	0	0	0	0	0	0	0	0	0	0	0	0	0	0	0	0	0	0	0	0	0	
1	1	1	527	15.81		300	0	0	0.02635	-0.02635	0.000200963	0	0	0	87.1244	-79.6006	-2.47264e-05	0	0	0	3.08262	1.40165	0	1.68096		300	0.315587	0.0161873	-0.0166205	0.000433204	0	0	0	0.315587	0	-0.355028	-111.796	0	20.391	20.391	-1.5099e-14	5.32541	0	0	0	0	0	0	0	0	0	0	0	0	0	0	0	0	0	0	0	0	0	0	0	0	0	0	0	0	0	0	0	0	0	
1	1	1	528	15.84		300	0	0	0.0264	-0.0264	0.000201291	0	0	0	87.1863	-79.6502	-2.47879e-05	0	0	0	3.09095	1.40566	0	1.6853		300	0.3164	0.0162302	-0.0166642	0.000433911	0	0	0	0.3164	0	-0.355028	-111.796	0	20.391	20.391	-1.5099e-14	5.32541	0	0	0	0	0	0	0	0	0	0	0	0	0	0	0	0	0	0	0	0	0	0	0	0	0	0	0	0	0	0	0	0	0	
1	1	1	529	15.87		300	0	0	0.02645	-0.02645	0.000201618	0	0	0	87.2481	-79.6997	-2.48494e-05	0	0	0	3.0993	1.40967	0	1.68963		300	0.317214	0.0162733	-0.0167079	0.000434617	0	0	0	0.317214	0	-0.355028	-111.796	0	20.391	20.391	-1.5099e-14	5.32541	0	0	0	0	0	0	0	0	0	0	0	0	0	0	0	0	0	0	0	0	0	0	0	0	0	0	0	0	0	0	0	0	0	
1	1	1	530	15.9		300	0	0	0.0265	-0.0265	0.000201945	0	0	0	87.3099	-79.7493	-2.49109e-05	0	0	0	3.10765	1.41368	0	1.69397		300	0.318028	0.0163163	-0.0167516	0.000435323	0	0	0	0.318028	0	-0.355028	-111.796	0	20.391	20.391	-1.5099e-14	5.32541	0	0	0	0	0	0	0	0	0	0	0	0	0	0	0	0	0	0	0	0	0	0	0	0	0	0	0	0	0	0	0	0	0	
1	1	1	531	15.93		300	0	0	0.02655	-0.02655	0.000202272	0	0	0	87.3716	-79.7987	-2.49724e-05	0	0	0	3.11601	1.4177	0	1.6983		300	0.318842	0.0163593	-0.0167953	0.000436026	0	0	0	0.318842	0	-0.355028	-111.796	0	20.391	20.391	-1.5099e-14	5.32541	0	0	0	0	0	0	0	0	0	0	0	0	0	0	0	0	0	0	0	0	0	0	0	0	0	0	0	0	0	0	0	0	0	
1	1	1	532	15.96		300	0	0	0.0266	-0.0266	0.000202598	0	0	0	87.4332	-79.8482	-2.50338e-05	0	0	0	3.12437	1.42173	0	1.70264		300	0.319656	0.0164023	-0.016839	0.000436729	0	0	0	0.319656	0	-0.355028	-111.796	0	20.391	20.391	-1.5099e-14	5.32541	0	0	0	0	0	0	0	0	0	0	0	0	0	0	0	0	0	0	0	0	0	0	0	0	0	0	0	0	0	0	0	0	0	
1	1	1	533	15.99		300	0	0	0.02665	-0.02665	0.000202924	0	0	0	87.4948	-79.8976	-2.50952e-05	0	0	0	3.13273	1.42576	0	1.70698		300	0.32047	0.0164453	-0.0168828	0.000437431	0	0	0	0.32047	0	-0.355028	-111.796	0	20.391	20.391	-1.5099e-14	5.32541	0	0	0	0	0	0	0	0	0	0	0	0	0	0	0	0	0	0	0	0	0	0	0	0	0	0	0	0	0	0	0	0	0	
1	1	1	534	16.02		300	0	0	0.0267	-0.0267	0.000203249	0	0	0	87.5564	-79.947	-2.51567e-05	0	0	0	3.14111	1.42979	0	1.71131		300	0.321284	0.0164884	-0.0169265	0.000438131	0	0	0	0.321284	0	-0.355028	-111.796	0	20.391	20.391	-1.5099e-14	5.32541	0	0	0	0	0	0	0	0	0	0	0	0	0	0	0	0	0	0	0	0	0	0	0	0	0	0	0	0	0	0	0	0	0	
1	1	1	535	16.05		300	0	0	0.02675	-0.02675	0.000203573	0	0	0	87.6179	-79.9963	-2.5218e-05	0	0	0	3.14948	1.43383	0	1.71565		300	0.322098	0.0165314	-0.0169702	0.000438831	0	0	0	0.322098	0	-0.355028	-111.796	0	20.391	20.391	-1.5099e-14	5.32541	0	0	0	0	0	0	0	0	0	0	0	0	0	0	0	0	0	0	0	0	0	0	0	0	0	0	0	0	0	0	0	0	0	
1	1	1	536	16.08		300	0	0	0.0268	-0.0268	0.000203897	0	0	0	87.6793	-80.0456	-2.52794e-05	0	0	0	3.15787	1.43788	0	1.71999		300	0.322912	0.0165744	-0.017014	0.000439529	0	0	0	0.322912	0	-0.355028	-111.796	0	20.391	20.391	-1.5099e-14	5.32541	0	0	0	0	0	0	0	0	0	0	0	0	0	0	0	0	0	0	0	0	0	0	0	0	0	0	0	0	0	0	0	0	0	
1	1	1	537	16.11		300	0	0	0.02685	-0.02685	0.00020422	0	0	0	87.7407	-80.0949	-2.53407e-05	0	0	0	3.16626	1.44193	0	1.72432		300	0.323726	0.0166175	-0.0170577	0.000440226	0	0	0	0.323726	0	-0.355028	-111.796	0	20.391	20.391	-1.5099e-14	5.32541	0	0	0	0	0	0	0	0	0	0	0	0	0	0	0	0	0	0	0	0	0	0	0	0	0	0	0	0	0	0	0	0	0	
1	1	1	538	16.14		300	0	0	0.0269	-0.0269	0.000204543	0	0	0	87.802	-80.1441	-2.54021e-05	0	0	0	3.17465	1.44599	0	1.72866		300	0.324541	0.0166605	-0.0171015	0.000440922	0	0	0	0.324541	0	-0.355028	-111.796	0	20.391	20.391	-1.5099e-14	5.32541	0	0	0	0	0	0	0	0	0	0	0	0	0	0	0	0	0	0	0	0	0	0	0	0	0	0	0	0	0	0	0	0	0	
1	1	1	539	16.17		300	0	0	0.02695	-0.02695	0.000204865	0	0	0	87.8632	-80.1933	-2.54634e-05	0	0	0	3.18305	1.45005	0	1.733		300	0.325355	0.0167036	-0.0171452	0.000441617	0	0	0	0.325355	0	-0.355028	-111.796	0	20.391	20.391	-1.5099e-14	5.32541	0	0	0	0	0	0	0	0	0	0	0	0	0	0	0	0	0	0	0	0	0	0	0	0	0	0	0	0	0	0	0	0	0	
1	1	1	540	16.2		300	0	0	0.027	-0.027	0.000205187	0	0	0	87.9245	-80.2425	-2.55247e-05	0	0	0	3.19146	1.45412	0	1.73734		300	0.32617	0.0167467	-0.017189	0.000442311	0	0	0	0.32617	0	-0.355028	-111.796	0	20.391	20.391	-1.5099e-14	5.32541	0	0	0	0	0	0	0	0	0	0	0	0	0	0	0	0	0	0	0	0	0	0	0	0	0	0	0	0	0	0	0	0	0	
1	1	1	541	16.23		300	0	0	0.02705	-0.02705	0.000205508	0	0	0	87.9856	-80.2916	-2.55859e-05	0	0	0	3.19987	1.45819	0	1.74168		300	0.326984	0.0167898	-0.0172328	0.000443003	0	0	0	0.326984	0	-0.355028	-111.796	0	20.391	20.391	-1.5099e-14	5.32541	0	0	0	0	0	0	0	0	0	0	0	0	0	0	0	0	0	0	0	0	0	0	0	0	0	0	0	0	0	0	0	0	0	
1	1	1	542	16.26		300	0	0	0.0271	-0.0271	0.000205829	0	0	0	88.0467	-80.3407	-2.56472e-05	0	0	0	3.20828	1.46227	0	1.74601		300	0.327799	0.0168328	-0.0172765	0.000443695	0	0	0	0.327799	0	-0.355028	-111.796	0	20.391	20.391	-1.5099e-14	5.32541	0	0	0	0	0	0	0	0	0	0	0	0	0	0	0	0	0	0	0	0	0	0	0	0	0	0	0	0	0	0	0	0	0	
1	1	1	543	16.29		300	0	0	0.02715	-0.02715	0.000206149	0	0	0	88.1078	-80.3898	-2.57084e-05	0	0	0	3.21671	1.46635	0	1.75035		300	0.328613	0.0168759	-0.0173203	0.000444385	0	0	0	0.328613	0	-0.355028	-111.796	0	20.391	20.391	-1.5099e-14	5.32541	0	0	0	0	0	0	0	0	0	0	0	0	0	0	0	0	0	0	0	0	0	0	0	0	0	0	0	0	0	0	0	0	0	
1	1	1	544	16.32		300	0	0	0.0272	-0.0272	0.000206469	0	0	0	88.1687	-80.4388	-2.57696e-05	0	0	0	3.22513	1.47044	0	1.75469		300	0.329428	0.016919	-0.0173641	0.000445074	0	0	0	0.329428	0	-0.355028	-111.796	0	20.391	20.391	-1.5099e-14	5.32541	0	0	0	0	0	0	0	0	0	0	0	0	0	0	0	0	0	0	0	0	0	0	0	0	0	0	0	0	0	0	0	0	0	
1	1	1	545	16.35		300	0	0	0.02725	-0.02725	0.000206788	0	0	0	88.2297	-80.4878	-2.58308e-05	0	0	0	3.23357	1.47453	0	1.75903		300	0.330243	0.0169621	-0.0174079	0.000445762	0	0	0	0.330243	0	-0.355028	-111.796	0	20.391	20.391	-1.5099e-14	5.32541	0	0	0	0	0	0	0	0	0	0	0	0	0	0	0	0	0	0	0	0	0	0	0	0	0	0	0	0	0	0	0	0	0	
1	1	1	546	16.38		300	0	0	0.0273	-0.0273	0.000207107	0	0	0	88.2906	-80.5367	-2.58919e-05	0	0	0	3.24201	1.47863	0	1.76337		300	0.331057	0.0170052	-0.0174517	0.000446449	0	0	0	0.331057	0	-0.355028	-111.796	0	20.391	20.391	-1.5099e-14	5.32541	0	0	0	0	0	0	0	0	0	0	0	0	0	0	0	0	0	0	0	0	0	0	0	0	0	0	0	0	0	0	0	0	0	
1	1	1	547	16.41		300	0	0	0.02735	-0.02735	0.000207425	0	0	0	88.3514	-80.5856	-2.59531e-05	0	0	0	3.25045	1.48274	0	1.76771		300	0.331872	0.0170483	-0.0174955	0.000447135	0	0	0	0.331872	0	-0.355028	-111.796	0	20.391	20.391	-1.5099e-14	5.32541	0	0	0	0	0	0	0	0	0	0	0	0	0	0	0	0	0	0	0	0	0	0	0	0	0	0	0	0	0	0	0	0	0	
1	1	1	548	16.44		300	0	0	0.0274	-0.0274	0.000207743	0	0	0	88.4122	-80.6345	-2.60142e-05	0	0	0	3.2589	1.48685	0	1.77205		300	0.332687	0.0170914	-0.0175393	0.00044782	0	0	0	0.332687	0	-0.355028	-111.796	0	20.391	20.391	-1.5099e-14	5.32541	0	0	0	0	0	0	0	0	0	0	0	0	0	0	0	0	0	0	0	0	0	0	0	0	0	0	0	0	0	0	0	0	0	
1	1	1	549	16.47		300	0	0	0.02745	-0.02745	0.00020806	0	0	0	88.4729	-80.6834	-2.60753e-05	0	0	0	3.26735	1.49096	0	1.7764		300	0.333502	0.0171346	-0.0175831	0.000448503	0	0	0	0.333502	0	-0.355028	-111.796	0	20.391	20.391	-1.5099e-14	5.32541	0	0	0	0	0	0	0	0	0	0	0	0	0	0	0	0	0	0	0	0	0	0	0	0	0	0	0	0	0	0	0	0	0	
1	1	1	550	16.5		300	0	0	0.0275	-0.0275	0.000208377	0	0	0	88.5336	-80.7322	-2.61363e-05	0	0	0	3.27581	1.49508	0	1.78074		300	0.334317	0.0171777	-0.0176269	0.000449186	0	0	0	0.334317	0	-0.355028	-111.796	0	20.391	20.391	-1.5099e-14	5.32541	0	0	0	0	0	0	0	0	0	0	0	0	0	0	0	0	0	0	0	0	0	0	0	0	0	0	0	0	0	0	0	0	0	
1	1	1	551	16.53		300	0	0	0.02755	-0.02755	0.000208693	0	0	0	88.5942	-80.781	-2.61974e-05	0	0	0	3.28428	1.4992	0	1.78508		300	0.335132	0.0172208	-0.0176707	0.000449867	0	0	0	0.335132	0	-0.355028	-111.796	0	20.391	20.391	-1.5099e-14	5.32541	0	0	0	0	0	0	0	0	0	0	0	0	0	0	0	0	0	0	0	0	0	0	0	0	0	0	0	0	0	0	0	0	0	
1	1	1	552	16.56		300	0	0	0.0276	-0.0276	0.000209008	0	0	0	88.6548	-80.8298	-2.62584e-05	0	0	0	3.29275	1.50333	0	1.78942		300	0.335947	0.017264	-0.0177145	0.000450548	0	0	0	0.335947	0	-0.355028	-111.796	0	20.391	20.391	-1.5099e-14	5.32541	0	0	0	0	0	0	0	0	0	0	0	0	0	0	0	0	0	0	0	0	0	0	0	0	0	0	0	0	0	0	0	0	0	
1	1	1	553	16.59		300	0	0	0.02765	-0.02765	0.000209324	0	0	0	88.7153	-80.8785	-2.63194e-05	0	0	0	3.30123	1.50747	0	1.79376		300	0.336762	0.0173071	-0.0177583	0.000451227	0	0	0	0.336762	0	-0.355028	-111.796	0	20.391	20.391	-1.5099e-14	5.32541	0	0	0	0	0	0	0	0	0	0	0	0	0	0	0	0	0	0	0	0	0	0	0	0	0	0	0	0	0	0	0	0	0	
1	1	1	554	16.62		300	0	0	0.0277	-0.0277	0.000209638	0	0	0	88.7758	-80.9272	-2.63804e-05	0	0	0	3.30971	1.51161	0	1.7981		300	0.337578	0.0173502	-0.0178021	0.000451905	0	0	0	0.337578	0	-0.355028	-111.796	0	20.391	20.391	-1.5099e-14	5.32541	0	0	0	0	0	0	0	0	0	0	0	0	0	0	0	0	0	0	0	0	0	0	0	0	0	0	0	0	0	0	0	0	0	
1	1	1	555	16.65		300	0	0	0.02775	-0.02775	0.000209952	0	0	0	88.8362	-80.9759	-2.64414e-05	0	0	0	3.3182	1.51575	0	1.80245		300	0.338393	0.0173934	-0.017846	0.000452582	0	0	0	0.338393	0	-0.355028	-111.796	0	20.391	20.391	-1.5099e-14	5.32541	0	0	0	0	0	0	0	0	0	0	0	0	0	0	0	0	0	0	0	0	0	0	0	0	0	0	0	0	0	0	0	0	0	
1	1	1	556	16.68		300	0	0	0.0278	-0.0278	0.000210266	0	0	0	88.8966	-81.0245	-2.65023e-05	0	0	0	3.32669	1.5199	0	1.80679		300	0.339208	0.0174366	-0.0178898	0.000453259	0	0	0	0.339208	0	-0.355028	-111.796	0	20.391	20.391	-1.5099e-14	5.32541	0	0	0	0	0	0	0	0	0	0	0	0	0	0	0	0	0	0	0	0	0	0	0	0	0	0	0	0	0	0	0	0	0	
1	1	1	557	16.71		300	0	0	0.02785	-0.02785	0.000210579	0	0	0	88.9569	-81.0731	-2.65632e-05	0	0	0	3.33519	1.52406	0	1.81113		300	0.340023	0.0174797	-0.0179337	0.000453934	0	0	0	0.340023	0	-0.355028	-111.796	0	20.391	20.391	-1.5099e-14	5.32541	0	0	0	0	0	0	0	0	0	0	0	0	0	0	0	0	0	0	0	0	0	0	0	0	0	0	0	0	0	0	0	0	0	
1	1	1	558	16.74		300	0	0	0.0279	-0.0279	0.000210892	0	0	0	89.0172	-81.1217	-2.66241e-05	0	0	0	3.3437	1.52822	0	1.81548		300	0.340839	0.0175229	-0.0179775	0.000454607	0	0	0	0.340839	0	-0.355028	-111.796	0	20.391	20.391	-1.5099e-14	5.32541	0	0	0	0	0	0	0	0	0	0	0	0	0	0	0	0	0	0	0	0	0	0	0	0	0	0	0	0	0	0	0	0	0	
1	1	1	559	16.77		300	0	0	0.02795	-0.02795	0.000211204	0	0	0	89.0774	-81.1702	-2.6685e-05	0	0	0	3.35221	1.53239	0	1.81982		300	0.341654	0.0175661	-0.0180213	0.00045528	0	0	0	0.341654	0	-0.355028	-111.796	0	20.391	20.391	-1.5099e-14	5.32541	0	0	0	0	0	0	0	0	0	0	0	0	0	0	0	0	0	0	0	0	0	0	0	0	0	0	0	0	0	0	0	0	0	
1	1	1	560	16.8		300	0	0	0.028	-0.028	0.000211515	0	0	0	89.1376	-81.2187	-2.67458e-05	0	0	0	3.36072	1.53656	0	1.82416		300	0.34247	0.0176092	-0.0180652	0.000455952	0	0	0	0.34247	0	-0.355028	-111.796	0	20.391	20.391	-1.5099e-14	5.32541	0	0	0	0	0	0	0	0	0	0	0	0	0	0	0	0	0	0	0	0	0	0	0	0	0	0	0	0	0	0	0	0	0	
1	1	1	561	16.83		300	0	0	0.02805	-0.02805	0.000211827	0	0	0	89.1977	-81.2672	-2.68066e-05	0	0	0	3.36924	1.54073	0	1.82851		300	0.343285	0.0176524	-0.0181091	0.000456623	0	0	0	0.343285	0	-0.355028	-111.796	0	20.391	20.391	-1.5099e-14	5.32541	0	0	0	0	0	0	0	0	0	0	0	0	0	0	0	0	0	0	0	0	0	0	0	0	0	0	0	0	0	0	0	0	0	
1	1	1	562	16.86		300	0	0	0.0281	-0.0281	0.000212137	0	0	0	89.2578	-81.3156	-2.68674e-05	0	0	0	3.37777	1.54492	0	1.83285		300	0.344101	0.0176956	-0.0181529	0.000457292	0	0	0	0.344101	0	-0.355028	-111.796	0	20.391	20.391	-1.5099e-14	5.32541	0	0	0	0	0	0	0	0	0	0	0	0	0	0	0	0	0	0	0	0	0	0	0	0	0	0	0	0	0	0	0	0	0	
1	1	1	563	16.89		300	0	0	0.02815	-0.02815	0.000212447	0	0	0	89.3179	-81.3641	-2.69282e-05	0	0	0	3.3863	1.5491	0	1.8372		300	0.344916	0.0177388	-0.0181968	0.000457961	0	0	0	0.344916	0	-0.355028	-111.796	0	20.391	20.391	-1.5099e-14	5.32541	0	0	0	0	0	0	0	0	0	0	0	0	0	0	0	0	0	0	0	0	0	0	0	0	0	0	0	0	0	0	0	0	0	
1	1	1	564	16.92		300	0	0	0.0282	-0.0282	0.000212757	0	0	0	89.3778	-81.4125	-2.6989e-05	0	0	0	3.39484	1.55329	0	1.84154		300	0.345732	0.017782	-0.0182406	0.000458629	0	0	0	0.345732	0	-0.355028	-111.796	0	20.391	20.391	-1.5099e-14	5.32541	0	0	0	0	0	0	0	0	0	0	0	0	0	0	0	0	0	0	0	0	0	0	0	0	0	0	0	0	0	0	0	0	0	
1	1	1	565	16.95		300	0	0	0.02825	-0.02825	0.000213066	0	0	0	89.4378	-81.4608	-2.70497e-05	0	0	0	3.40338	1.55749	0	1.84589		300	0.346548	0.0178252	-0.0182845	0.000459295	0	0	0	0.346548	0	-0.355028	-111.796	0	20.391	20.391	-1.5099e-14	5.32541	0	0	0	0	0	0	0	0	0	0	0	0	0	0	0	0	0	0	0	0	0	0	0	0	0	0	0	0	0	0	0	0	0	
1	1	1	566	16.98		300	0	0	0.0283	-0.0283	0.000213375	0	0	0	89.4977	-81.5092	-2.71104e-05	0	0	0	3.41193	1.56169	0	1.85023		300	0.347364	0.0178684	-0.0183284	0.000459961	0	0	0	0.347364	0	-0.355028	-111.796	0	20.391	20.391	-1.5099e-14	5.32541	0	0	0	0	0	0	0	0	0	0	0	0	0	0	0	0	0	0	0	0	0	0	0	0	0	0	0	0	0	0	0	0	0	
1	1	1	567	17.01		300	0	0	0.02835	-0.02835	0.000213683	0	0	0	89.5575	-81.5575	-2.71711e-05	0	0	0	3.42048	1.5659	0	1.85458		300	0.348179	0.0179116	-0.0183723	0.000460625	0	0	0	0.348179	0	-0.355028	-111.796	0	20.391	20.391	-1.5099e-14	5.32541	0	0	0	0	0	0	0	0	0	0	0	0	0	0	0	0	0	0	0	0	0	0	0	0	0	0	0	0	0	0	0	0	0	
1	1	1	568	17.04		300	0	0	0.0284	-0.0284	0.000213991	0	0	0	89.6173	-81.6058	-2.72317e-05	0	0	0	3.42904	1.57011	0	1.85892		300	0.348995	0.0179549	-0.0184162	0.000461288	0	0	0	0.348995	0	-0.355028	-111.796	0	20.391	20.391	-1.5099e-14	5.32541	0	0	0	0	0	0	0	0	0	0	0	0	0	0	0	0	0	0	0	0	0	0	0	0	0	0	0	0	0	0	0	0	0	
1	1	1	569	17.07		300	0	0	0.02845	-0.02845	0.000214298	0	0	0	89.6771	-81.654	-2.72923e-05	0	0	0	3.4376	1.57433	0	1.86327		300	0.349811	0.0179981	-0.01846	0.000461951	0	0	0	0.349811	0	-0.355028	-111.796	0	20.391	20.391	-1.5099e-14	5.32541	0	0	0	0	0	0	0	0	0	0	0	0	0	0	0	0	0	0	0	0	0	0	0	0	0	0	0	0	0	0	0	0	0	
1	1	1	570	17.1		300	0	0	0.0285	-0.0285	0.000214605	0	0	0	89.7368	-81.7022	-2.7353e-05	0	0	0	3.44617	1.57855	0	1.86762		300	0.350627	0.0180413	-0.0185039	0.000462612	0	0	0	0.350627	0	-0.355028	-111.796	0	20.391	20.391	-1.5099e-14	5.32541	0	0	0	0	0	0	0	0	0	0	0	0	0	0	0	0	0	0	0	0	0	0	0	0	0	0	0	0	0	0	0	0	0	
1	1	1	571	17.13		300	0	0	0.02855	-0.02855	0.000214911	0	0	0	89.7965	-81.7504	-2.74135e-05	0	0	0	3.45474	1.58278	0	1.87196		300	0.351443	0.0180846	-0.0185478	0.000463272	0	0	0	0.351443	0	-0.355028	-111.796	0	20.391	20.391	-1.5099e-14	5.32541	0	0	0	0	0	0	0	0	0	0	0	0	0	0	0	0	0	0	0	0	0	0	0	0	0	0	0	0	0	0	0	0	0	
1	1	1	572	17.16		300	0	0	0.0286	-0.0286	0.000215217	0	0	0	89.8561	-81.7986	-2.74741e-05	0	0	0	3.46332	1.58702	0	1.87631		300	0.352259	0.0181278	-0.0185917	0.000463932	0	0	0	0.352259	0	-0.355028	-111.796	0	20.391	20.391	-1.5099e-14	5.32541	0	0	0	0	0	0	0	0	0	0	0	0	0	0	0	0	0	0	0	0	0	0	0	0	0	0	0	0	0	0	0	0	0	
1	1	1	573	17.19		300	0	0	0.02865	-0.02865	0.000215523	0	0	0	89.9157	-81.8467	-2.75346e-05	0	0	0	3.47191	1.59125	0	1.88066		300	0.353075	0.018171	-0.0186356	0.00046459	0	0	0	0.353075	0	-0.355028	-111.796	0	20.391	20.391	-1.5099e-14	5.32541	0	0	0	0	0	0	0	0	0	0	0	0	0	0	0	0	0	0	0	0	0	0	0	0	0	0	0	0	0	0	0	0	0	
1	1	1	574	17.22		300	0	0	0.0287	-0.0287	0.000215827	0	0	0	89.9752	-81.8949	-2.75951e-05	0	0	0	3.4805	1.5955	0	1.885		300	0.353891	0.0182143	-0.0186795	0.000465247	0	0	0	0.353891	0	-0.355028	-111.796	0	20.391	20.391	-1.5099e-14	5.32541	0	0	0	0	0	0	0	0	0	0	0	0	0	0	0	0	0	0	0	0	0	0	0	0	0	0	0	0	0	0	0	0	0	
1	1	1	575	17.25		300	0	0	0.02875	-0.02875	0.000216132	0	0	0	90.0347	-81.943	-2.76556e-05	0	0	0	3.4891	1.59975	0	1.88935		300	0.354707	0.0182575	-0.0187235	0.000465903	0	0	0	0.354707	0	-0.355028	-111.796	0	20.391	20.391	-1.5099e-14	5.32541	0	0	0	0	0	0	0	0	0	0	0	0	0	0	0	0	0	0	0	0	0	0	0	0	0	0	0	0	0	0	0	0	0	
1	1	1	576	17.28		300	0	0	0.0288	-0.0288	0.000216436	0	0	0	90.0941	-81.991	-2.77161e-05	0	0	0	3.4977	1.604	0	1.8937		300	0.355524	0.0183008	-0.0187674	0.000466559	0	0	0	0.355524	0	-0.355028	-111.796	0	20.391	20.391	-1.5099e-14	5.32541	0	0	0	0	0	0	0	0	0	0	0	0	0	0	0	0	0	0	0	0	0	0	0	0	0	0	0	0	0	0	0	0	0	
1	1	1	577	17.31		300	0	0	0.02885	-0.02885	0.000216739	0	0	0	90.1535	-82.0391	-2.77765e-05	0	0	0	3.50631	1.60826	0	1.89805		300	0.35634	0.0183441	-0.0188113	0.000467213	0	0	0	0.35634	0	-0.355028	-111.796	0	20.391	20.391	-1.5099e-14	5.32541	0	0	0	0	0	0	0	0	0	0	0	0	0	0	0	0	0	0	0	0	0	0	0	0	0	0	0	0	0	0	0	0	0	
1	1	1	578	17.34		300	0	0	0.0289	-0.0289	0.000217042	0	0	0	90.2129	-82.0871	-2.78369e-05	0	0	0	3.51492	1.61252	0	1.90239		300	0.357156	0.0183873	-0.0188552	0.000467866	0	0	0	0.357156	0	-0.355028	-111.796	0	20.391	20.391	-1.5099e-14	5.32541	0	0	0	0	0	0	0	0	0	0	0	0	0	0	0	0	0	0	0	0	0	0	0	0	0	0	0	0	0	0	0	0	0	
1	1	1	579	17.37		300	0	0	0.02895	-0.02895	0.000217345	0	0	0	90.2722	-82.1351	-2.78973e-05	0	0	0	3.52354	1.61679	0	1.90674		300	0.357972	0.0184306	-0.0188991	0.000468518	0	0	0	0.357972	0	-0.355028	-111.796	0	20.391	20.391	-1.5099e-14	5.32541	0	0	0	0	0	0	0	0	0	0	0	0	0	0	0	0	0	0	0	0	0	0	0	0	0	0	0	0	0	0	0	0	0	
1	1	1	580	17.4		300	0	0	0.029	-0.029	0.000217647	0	0	0	90.3315	-82.183	-2.79576e-05	0	0	0	3.53216	1.62107	0	1.91109		300	0.358789	0.0184739	-0.0189431	0.000469169	0	0	0	0.358789	0	-0.355028	-111.796	0	20.391	20.391	-1.5099e-14	5.32541	0	0	0	0	0	0	0	0	0	0	0	0	0	0	0	0	0	0	0	0	0	0	0	0	0	0	0	0	0	0	0	0	0	
1	1	1	581	17.43		300	0	0	0.02905	-0.02905	0.000217948	0	0	0	90.3907	-82.231	-2.80179e-05	0	0	0	3.54079	1.62535	0	1.91544		300	0.359605	0.0185172	-0.018987	0.000469819	0	0	0	0.359605	0	-0.355028	-111.796	0	20.391	20.391	-1.5099e-14	5.32541	0	0	0	0	0	0	0	0	0	0	0	0	0	0	0	0	0	0	0	0	0	0	0	0	0	0	0	0	0	0	0	0	0	
1	1	1	582	17.46		300	0	0	0.0291	-0.0291	0.00021825	0	0	0	90.4499	-82.2789	-2.80782e-05	0	0	0	3.54942	1.62963	0	1.91979		300	0.360422	0.0185605	-0.0190309	0.000470469	0	0	0	0.360422	0	-0.355028	-111.796	0	20.391	20.391	-1.5099e-14	5.32541	0	0	0	0	0	0	0	0	0	0	0	0	0	0	0	0	0	0	0	0	0	0	0	0	0	0	0	0	0	0	0	0	0	
1	1	1	583	17.49		300	0	0	0.02915	-0.02915	0.00021855	0	0	0	90.509	-82.3268	-2.81385e-05	0	0	0	3.55806	1.63392	0	1.92414		300	0.361238	0.0186037	-0.0190749	0.000471117	0	0	0	0.361238	0	-0.355028	-111.796	0	20.391	20.391	-1.5099e-14	5.32541	0	0	0	0	0	0	0	0	0	0	0	0	0	0	0	0	0	0	0	0	0	0	0	0	0	0	0	0	0	0	0	0	0	
1	1	1	584	17.52		300	0	0	0.0292	-0.0292	0.000218851	0	0	0	90.5681	-82.3746	-2.81988e-05	0	0	0	3.5667	1.63822	0	1.92849		300	0.362054	0.018647	-0.0191188	0.000471764	0	0	0	0.362054	0	-0.355028	-111.796	0	20.391	20.391	-1.5099e-14	5.32541	0	0	0	0	0	0	0	0	0	0	0	0	0	0	0	0	0	0	0	0	0	0	0	0	0	0	0	0	0	0	0	0	0	
1	1	1	585	17.55		300	0	0	0.02925	-0.02925	0.00021915	0	0	0	90.6272	-82.4225	-2.8259e-05	0	0	0	3.57535	1.64252	0	1.93284		300	0.362871	0.0186903	-0.0191628	0.00047241	0	0	0	0.362871	0	-0.355028	-111.796	0	20.391	20.391	-1.5099e-14	5.32541	0	0	0	0	0	0	0	0	0	0	0	0	0	0	0	0	0	0	0	0	0	0	0	0	0	0	0	0	0	0	0	0	0	
1	1	1	586	17.58		300	0	0	0.0293	-0.0293	0.00021945	0	0	0	90.6862	-82.4703	-2.83192e-05	0	0	0	3.58401	1.64682	0	1.93719		300	0.363688	0.0187336	-0.0192067	0.000473055	0	0	0	0.363688	0	-0.355028	-111.796	0	20.391	20.391	-1.5099e-14	5.32541	0	0	0	0	0	0	0	0	0	0	0	0	0	0	0	0	0	0	0	0	0	0	0	0	0	0	0	0	0	0	0	0	0	
1	1	1	587	17.61		300	0	0	0.02935	-0.02935	0.000219749	0	0	0	90.7452	-82.5181	-2.83793e-05	0	0	0	3.59267	1.65113	0	1.94153		300	0.364504	0.018777	-0.0192507	0.0004737	0	0	0	0.364504	0	-0.355028	-111.796	0	20.391	20.391	-1.5099e-14	5.32541	0	0	0	0	0	0	0	0	0	0	0	0	0	0	0	0	0	0	0	0	0	0	0	0	0	0	0	0	0	0	0	0	0	
1	1	1	588	17.64		300	0	0	0.0294	-0.0294	0.000220047	0	0	0	90.8041	-82.5658	-2.84395e-05	0	0	0	3.60134	1.65545	0	1.94588		300	0.365321	0.0188203	-0.0192946	0.000474343	0	0	0	0.365321	0	-0.355028	-111.796	0	20.391	20.391	-1.5099e-14	5.32541	0	0	0	0	0	0	0	0	0	0	0	0	0	0	0	0	0	0	0	0	0	0	0	0	0	0	0	0	0	0	0	0	0	
1	1	1	589	17.67		300	0	0	0.02945	-0.02945	0.000220345	0	0	0	90.863	-82.6136	-2.84996e-05	0	0	0	3.61001	1.65977	0	1.95023		300	0.366137	0.0188636	-0.0193386	0.000474985	0	0	0	0.366137	0	-0.355028	-111.796	0	20.391	20.391	-1.5099e-14	5.32541	0	0	0	0	0	0	0	0	0	0	0	0	0	0	0	0	0	0	0	0	0	0	0	0	0	0	0	0	0	0	0	0	0	
1	1	1	590	17.7		300	0	0	0.0295	-0.0295	0.000220642	0	0	0	90.9219	-82.6613	-2.85597e-05	0	0	0	3.61868	1.6641	0	1.95459		300	0.366954	0.0189069	-0.0193825	0.000475627	0	0	0	0.366954	0	-0.355028	-111.796	0	20.391	20.391	-1.5099e-14	5.32541	0	0	0	0	0	0	0	0	0	0	0	0	0	0	0	0	0	0	0	0	0	0	0	0	0	0	0	0	0	0	0	0	0	
1	1	1	591	17.73		300	0	0	0.02955	-0.02955	0.000220939	0	0	0	90.9807	-82.709	-2.86197e-05	0	0	0	3.62736	1.66843	0	1.95894		300	0.367771	0.0189502	-0.0194265	0.000476267	0	0	0	0.367771	0	-0.355028	-111.796	0	20.391	20.391	-1.5099e-14	5.32541	0	0	0	0	0	0	0	0	0	0	0	0	0	0	0	0	0	0	0	0	0	0	0	0	0	0	0	0	0	0	0	0	0	
1	1	1	592	17.76		300	0	0	0.0296	-0.0296	0.000221236	0	0	0	91.0395	-82.7567	-2.86798e-05	0	0	0	3.63605	1.67277	0	1.96329		300	0.368588	0.0189936	-0.0194705	0.000476906	0	0	0	0.368588	0	-0.355028	-111.796	0	20.391	20.391	-1.5099e-14	5.32541	0	0	0	0	0	0	0	0	0	0	0	0	0	0	0	0	0	0	0	0	0	0	0	0	0	0	0	0	0	0	0	0	0	
1	1	1	593	17.79		300	0	0	0.02965	-0.02965	0.000221532	0	0	0	91.0982	-82.8043	-2.87398e-05	0	0	0	3.64474	1.67711	0	1.96764		300	0.369404	0.0190369	-0.0195144	0.000477545	0	0	0	0.369404	0	-0.355028	-111.796	0	20.391	20.391	-1.5099e-14	5.32541	0	0	0	0	0	0	0	0	0	0	0	0	0	0	0	0	0	0	0	0	0	0	0	0	0	0	0	0	0	0	0	0	0	
1	1	1	594	17.82		300	0	0	0.0297	-0.0297	0.000221828	0	0	0	91.1569	-82.852	-2.87997e-05	0	0	0	3.65344	1.68145	0	1.97199		300	0.370221	0.0190802	-0.0195584	0.000478182	0	0	0	0.370221	0	-0.355028	-111.796	0	20.391	20.391	-1.5099e-14	5.32541	0	0	0	0	0	0	0	0	0	0	0	0	0	0	0	0	0	0	0	0	0	0	0	0	0	0	0	0	0	0	0	0	0	
1	1	1	595	17.85		300	0	0	0.02975	-0.02975	0.000222123	0	0	0	91.2156	-82.8996	-2.88597e-05	0	0	0	3.66215	1.68581	0	1.97634		300	0.371038	0.0191236	-0.0196024	0.000478819	0	0	0	0.371038	0	-0.355028	-111.796	0	20.391	20.391	-1.5099e-14	5.32541	0	0	0	0	0	0	0	0	0	0	0	0	0	0	0	0	0	0	0	0	0	0	0	0	0	0	0	0	0	0	0	0	0	
1	1	1	596	17.88		300	0	0	0.0298	-0.0298	0.000222418	0	0	0	91.2742	-82.9471	-2.89196e-05	0	0	0	3.67085	1.69016	0	1.98069		300	0.371855	0.0191669	-0.0196464	0.000479454	0	0	0	0.371855	0	-0.355028	-111.796	0	20.391	20.391	-1.5099e-14	5.32541	0	0	0	0	0	0	0	0	0	0	0	0	0	0	0	0	0	0	0	0	0	0	0	0	0	0	0	0	0	0	0	0	0	
1	1	1	597	17.91		300	0	0	0.02985	-0.02985	0.000222713	0	0	0	91.3328	-82.9947	-2.89795e-05	0	0	0	3.67957	1.69453	0	1.98504		300	0.372672	0.0192103	-0.0196904	0.000480089	0	0	0	0.372672	0	-0.355028	-111.796	0	20.391	20.391	-1.5099e-14	5.32541	0	0	0	0	0	0	0	0	0	0	0	0	0	0	0	0	0	0	0	0	0	0	0	0	0	0	0	0	0	0	0	0	0	
1	1	1	598	17.94		300	0	0	0.0299	-0.0299	0.000223006	0	0	0	91.3914	-83.0423	-2.90394e-05	0	0	0	3.68829	1.69889	0	1.98939		300	0.373489	0.0192536	-0.0197343	0.000480723	0	0	0	0.373489	0	-0.355028	-111.796	0	20.391	20.391	-1.5099e-14	5.32541	0	0	0	0	0	0	0	0	0	0	0	0	0	0	0	0	0	0	0	0	0	0	0	0	0	0	0	0	0	0	0	0	0	
1	1	1	599	17.97		300	0	0	0.02995	-0.02995	0.0002233	0	0	0	91.4499	-83.0898	-2.90992e-05	0	0	0	3.69701	1.70327	0	1.99375		300	0.374306	0.019297	-0.0197783	0.000481355	0	0	0	0.374306	0	-0.355028	-111.796	0	20.391	20.391	-1.5099e-14	5.32541	0	0	0	0	0	0	0	0	0	0	0	0	0	0	0	0	0	0	0	0	0	0	0	0	0	0	0	0	0	0	0	0	0	
1	1	1	600	18		300	0	0	0.03	-0.03	0.000223593	0	0	0	91.5083	-83.1373	-2.9159e-05	0	0	0	3.70574	1.70764	0	1.9981		300	0.375123	0.0193403	-0.0198223	0.000481987	0	0	0	0.375123	0	-0.355028	-111.796	0	20.391	20.391	-1.5099e-14	5.32541	0	0	0	0	0	0	0	0	0	0	0	0	0	0	0	0	0	0	0	0	0	0	0	0	0	0	0	0	0	0	0	0	0	
1	1	1	601	18.03		300	0	0	0.03005	-0.03005	0.000223886	0	0	0	91.5668	-83.1848	-2.92188e-05	0	0	0	3.71448	1.71203	0	2.00245		300	0.37594	0.0193837	-0.0198663	0.000482618	0	0	0	0.37594	0	-0.355028	-111.796	0	20.391	20.391	-1.5099e-14	5.32541	0	0	0	0	0	0	0	0	0	0	0	0	0	0	0	0	0	0	0	0	0	0	0	0	0	0	0	0	0	0	0	0	0	
1	1	1	602	18.06		300	0	0	0.0301	-0.0301	0.000224178	0	0	0	91.6252	-83.2322	-2.92785e-05	0	0	0	3.72322	1.71641	0	2.0068		300	0.376757	0.0194271	-0.0199103	0.000483248	0	0	0	0.376757	0	-0.355028	-111.796	0	20.391	20.391	-1.5099e-14	5.32541	0	0	0	0	0	0	0	0	0	0	0	0	0	0	0	0	0	0	0	0	0	0	0	0	0	0	0	0	0	0	0	0	0	
1	1	1	603	18.09		300	0	0	0.03015	-0.03015	0.00022447	0	0	0	91.6836	-83.2797	-2.93383e-05	0	0	0	3.73196	1.72081	0	2.01115		300	0.377574	0.0194705	-0.0199543	0.000483877	0	0	0	0.377574	0	-0.355028	-111.796	0	20.391	20.391	-1.5099e-14	5.32541	0	0	0	0	0	0	0	0	0	0	0	0	0	0	0	0	0	0	0	0	0	0	0	0	0	0	0	0	0	0	0	0	0	
1	1	1	604	18.12		300	0	0	0.0302	-0.0302	0.000224761	0	0	0	91.7419	-83.3271	-2.9398e-05	0	0	0	3.74071	1.72521	0	2.01551		300	0.378391	0.0195138	-0.0199983	0.000484505	0	0	0	0.378391	0	-0.355028	-111.796	0	20.391	20.391	-1.5099e-14	5.32541	0	0	0	0	0	0	0	0	0	0	0	0	0	0	0	0	0	0	0	0	0	0	0	0	0	0	0	0	0	0	0	0	0	
1	1	1	605	18.15		300	0	0	0.03025	-0.03025	0.000225052	0	0	0	91.8002	-83.3745	-2.94576e-05	0	0	0	3.74947	1.72961	0	2.01986		300	0.379208	0.0195572	-0.0200423	0.000485132	0	0	0	0.379208	0	-0.355028	-111.796	0	20.391	20.391	-1.5099e-14	5.32541	0	0	0	0	0	0	0	0	0	0	0	0	0	0	0	0	0	0	0	0	0	0	0	0	0	0	0	0	0	0	0	0	0	
1	1	1	606	18.18		300	0	0	0.0303	-0.0303	0.000225342	0	0	0	91.8584	-83.4219	-2.95173e-05	0	0	0	3.75823	1.73402	0	2.02421		300	0.380025	0.0196006	-0.0200864	0.000485758	0	0	0	0.380025	0	-0.355028	-111.796	0	20.391	20.391	-1.5099e-14	5.32541	0	0	0	0	0	0	0	0	0	0	0	0	0	0	0	0	0	0	0	0	0	0	0	0	0	0	0	0	0	0	0	0	0	
1	1	1	607	18.21		300	0	0	0.03035	-0.03035	0.000225633	0	0	0	91.9167	-83.4692	-2.95769e-05	0	0	0	3.767	1.73843	0	2.02857		300	0.380842	0.019644	-0.0201304	0.000486384	0	0	0	0.380842	0	-0.355028	-111.796	0	20.391	20.391	-1.5099e-14	5.32541	0	0	0	0	0	0	0	0	0	0	0	0	0	0	0	0	0	0	0	0	0	0	0	0	0	0	0	0	0	0	0	0	0	
1	1	1	608	18.24		300	0	0	0.0304	-0.0304	0.000225922	0	0	0	91.9748	-83.5166	-2.96364e-05	0	0	0	3.77577	1.74285	0	2.03292		300	0.38166	0.0196874	-0.0201744	0.000487008	0	0	0	0.38166	0	-0.355028	-111.796	0	20.391	20.391	-1.5099e-14	5.32541	0	0	0	0	0	0	0	0	0	0	0	0	0	0	0	0	0	0	0	0	0	0	0	0	0	0	0	0	0	0	0	0	0	
1	1	1	609	18.27		300	0	0	0.03045	-0.03045	0.000226211	0	0	0	92.033	-83.5639	-2.9696e-05	0	0	0	3.78455	1.74727	0	2.03727		300	0.382477	0.0197308	-0.0202184	0.000487631	0	0	0	0.382477	0	-0.355028	-111.796	0	20.391	20.391	-1.5099e-14	5.32541	0	0	0	0	0	0	0	0	0	0	0	0	0	0	0	0	0	0	0	0	0	0	0	0	0	0	0	0	0	0	0	0	0	
1	1	1	610	18.3		300	0	0	0.0305	-0.0305	0.0002265	0	0	0	92.0911	-83.6112	-2.97555e-05	0	0	0	3.79333	1.7517	0	2.04162		300	0.383294	0.0197742	-0.0202624	0.000488254	0	0	0	0.383294	0	-0.355028	-111.796	0	20.391	20.391	-1.5099e-14	5.32541	0	0	0	0	0	0	0	0	0	0	0	0	0	0	0	0	0	0	0	0	0	0	0	0	0	0	0	0	0	0	0	0	0	
1	1	1	611	18.33		300	0	0	0.03055	-0.03055	0.000226789	0	0	0	92.1492	-83.6585	-2.9815e-05	0	0	0	3.80212	1.75614	0	2.04598		300	0.384111	0.0198176	-0.0203065	0.000488876	0	0	0	0.384111	0	-0.355028	-111.796	0	20.391	20.391	-1.5099e-14	5.32541	0	0	0	0	0	0	0	0	0	0	0	0	0	0	0	0	0	0	0	0	0	0	0	0	0	0	0	0	0	0	0	0	0	
1	1	1	612	18.36		300	0	0	0.0306	-0.0306	0.000227077	0	0	0	92.2072	-83.7058	-2.98745e-05	0	0	0	3.81091	1.76058	0	2.05033		300	0.384929	0.019861	-0.0203505	0.000489496	0	0	0	0.384929	0	-0.355028	-111.796	0	20.391	20.391	-1.5099e-14	5.32541	0	0	0	0	0	0	0	0	0	0	0	0	0	0	0	0	0	0	0	0	0	0	0	0	0	0	0	0	0	0	0	0	0	
1	1	1	613	18.39		300	0	0	0.03065	-0.03065	0.000227364	0	0	0	92.2653	-83.753	-2.99339e-05	0	0	0	3.81971	1.76502	0	2.05469		300	0.385746	0.0199044	-0.0203945	0.000490116	0	0	0	0.385746	0	-0.355028	-111.796	0	20.391	20.391	-1.5099e-14	5.32541	0	0	0	0	0	0	0	0	0	0	0	0	0	0	0	0	0	0	0	0	0	0	0	0	0	0	0	0	0	0	0	0	0	
1	1	1	614	18.42		300	0	0	0.0307	-0.0307	0.000227651	0	0	0	92.3232	-83.8002	-2.99933e-05	0	0	0	3.82851	1.76947	0	2.05904		300	0.386563	0.0199478	-0.0204385	0.000490735	0	0	0	0.386563	0	-0.355028	-111.796	0	20.391	20.391	-1.5099e-14	5.32541	0	0	0	0	0	0	0	0	0	0	0	0	0	0	0	0	0	0	0	0	0	0	0	0	0	0	0	0	0	0	0	0	0	
1	1	1	615	18.45		300	0	0	0.03075	-0.03075	0.000227938	0	0	0	92.3812	-83.8475	-3.00527e-05	0	0	0	3.83732	1.77393	0	2.06339		300	0.387381	0.0199912	-0.0204826	0.000491353	0	0	0	0.387381	0	-0.355028	-111.796	0	20.391	20.391	-1.5099e-14	5.32541	0	0	0	0	0	0	0	0	0	0	0	0	0	0	0	0	0	0	0	0	0	0	0	0	0	0	0	0	0	0	0	0	0	
1	1	1	616	18.48		300	0	0	0.0308	-0.0308	0.000228224	0	0	0	92.4391	-83.8946	-3.0112e-05	0	0	0	3.84613	1.77839	0	2.06775		300	0.388198	0.0200346	-0.0205266	0.00049197	0	0	0	0.388198	0	-0.355028	-111.796	0	20.391	20.391	-1.5099e-14	5.32541	0	0	0	0	0	0	0	0	0	0	0	0	0	0	0	0	0	0	0	0	0	0	0	0	0	0	0	0	0	0	0	0	0	
1	1	1	617	18.51		300	0	0	0.03085	-0.03085	0.00022851	0	0	0	92.497	-83.9418	-3.01713e-05	0	0	0	3.85495	1.78285	0	2.0721		300	0.389016	0.0200781	-0.0205707	0.000492586	0	0	0	0.389016	0	-0.355028	-111.796	0	20.391	20.391	-1.5099e-14	5.32541	0	0	0	0	0	0	0	0	0	0	0	0	0	0	0	0	0	0	0	0	0	0	0	0	0	0	0	0	0	0	0	0	0	
1	1	1	618	18.54		300	0	0	0.0309	-0.0309	0.000228795	0	0	0	92.5548	-83.989	-3.02306e-05	0	0	0	3.86378	1.78732	0	2.07646		300	0.389833	0.0201215	-0.0206147	0.000493202	0	0	0	0.389833	0	-0.355028	-111.796	0	20.391	20.391	-1.5099e-14	5.32541	0	0	0	0	0	0	0	0	0	0	0	0	0	0	0	0	0	0	0	0	0	0	0	0	0	0	0	0	0	0	0	0	0	
1	1	1	619	18.57		300	0	0	0.03095	-0.03095	0.00022908	0	0	0	92.6126	-84.0361	-3.02898e-05	0	0	0	3.87261	1.7918	0	2.08081		300	0.39065	0.0201649	-0.0206587	0.000493816	0	0	0	0.39065	0	-0.355028	-111.796	0	20.391	20.391	-1.5099e-14	5.32541	0	0	0	0	0	0	0	0	0	0	0	0	0	0	0	0	0	0	0	0	0	0	0	0	0	0	0	0	0	0	0	0	0	
1	1	1	620	18.6		300	0	0	0.031	-0.031	0.000229365	0	0	0	92.6704	-84.0833	-3.03491e-05	0	0	0	3.88144	1.79628	0	2.08517		300	0.391468	0.0202084	-0.0207028	0.00049443	0	0	0	0.391468	0	-0.355028	-111.796	0	20.391	20.391	-1.5099e-14	5.32541	0	0	0	0	0	0	0	0	0	0	0	0	0	0	0	0	0	0	0	0	0	0	0	0	0	0	0	0	0	0	0	0	0	
1	1	1	621	18.63		300	0	0	0.03105	-0.03105	0.000229649	0	0	0	92.7282	-84.1304	-3.04082e-05	0	0	0	3.89028	1.80076	0	2.08952		300	0.392285	0.0202518	-0.0207468	0.000495042	0	0	0	0.392285	0	-0.355028	-111.796	0	20.391	20.391	-1.5099e-14	5.32541	0	0	0	0	0	0	0	0	0	0	0	0	0	0	0	0	0	0	0	0	0	0	0	0	0	0	0	0	0	0	0	0	0	
1	1	1	622	18.66		300	0	0	0.0311	-0.0311	0.000229933	0	0	0	92.7859	-84.1775	-3.04674e-05	0	0	0	3.89913	1.80525	0	2.09387		300	0.393103	0.0202952	-0.0207909	0.000495654	0	0	0	0.393103	0	-0.355028	-111.796	0	20.391	20.391	-1.5099e-14	5.32541	0	0	0	0	0	0	0	0	0	0	0	0	0	0	0	0	0	0	0	0	0	0	0	0	0	0	0	0	0	0	0	0	0	
1	1	1	623	18.69		300	0	0	0.03115	-0.03115	0.000230217	0	0	0	92.8436	-84.2245	-3.05265e-05	0	0	0	3.90798	1.80975	0	2.09823		300	0.393921	0.0203387	-0.020835	0.000496265	0	0	0	0.393921	0	-0.355028	-111.796	0	20.391	20.391	-1.5099e-14	5.32541	0	0	0	0	0	0	0	0	0	0	0	0	0	0	0	0	0	0	0	0	0	0	0	0	0	0	0	0	0	0	0	0	0	
1	1	1	624	18.72		300	0	0	0.0312	-0.0312	0.0002305	0	0	0	92.9012	-84.2716	-3.05856e-05	0	0	0	3.91683	1.81425	0	2.10258		300	0.394738	0.0203821	-0.020879	0.000496875	0	0	0	0.394738	0	-0.355028	-111.796	0	20.391	20.391	-1.5099e-14	5.32541	0	0	0	0	0	0	0	0	0	0	0	0	0	0	0	0	0	0	0	0	0	0	0	0	0	0	0	0	0	0	0	0	0	
1	1	1	625	18.75		300	0	0	0.03125	-0.03125	0.000230782	0	0	0	92.9589	-84.3186	-3.06447e-05	0	0	0	3.9257	1.81876	0	2.10694		300	0.395556	0.0204256	-0.0209231	0.000497484	0	0	0	0.395556	0	-0.355028	-111.796	0	20.391	20.391	-1.5099e-14	5.32541	0	0	0	0	0	0	0	0	0	0	0	0	0	0	0	0	0	0	0	0	0	0	0	0	0	0	0	0	0	0	0	0	0	
1	1	1	626	18.78		300	0	0	0.0313	-0.0313	0.000231064	0	0	0	93.0165	-84.3657	-3.07037e-05	0	0	0	3.93456	1.82327	0	2.11129		300	0.396373	0.020469	-0.0209671	0.000498093	0	0	0	0.396373	0	-0.355028	-111.796	0	20.391	20.391	-1.5099e-14	5.32541	0	0	0	0	0	0	0	0	0	0	0	0	0	0	0	0	0	0	0	0	0	0	0	0	0	0	0	0	0	0	0	0	0	
1	1	1	627	18.81		300	0	0	0.03135	-0.03135	0.000231346	0	0	0	93.074	-84.4127	-3.07627e-05	0	0	0	3.94343	1.82778	0	2.11565		300	0.397191	0.0205125	-0.0210112	0.0004987	0	0	0	0.397191	0	-0.355028	-111.796	0	20.391	20.391	-1.5099e-14	5.32541	0	0	0	0	0	0	0	0	0	0	0	0	0	0	0	0	0	0	0	0	0	0	0	0	0	0	0	0	0	0	0	0	0	
1	1	1	628	18.84		300	0	0	0.0314	-0.0314	0.000231628	0	0	0	93.1316	-84.4597	-3.08217e-05	0	0	0	3.95231	1.83231	0	2.12001		300	0.398008	0.020556	-0.0210553	0.000499307	0	0	0	0.398008	0	-0.355028	-111.796	0	20.391	20.391	-1.5099e-14	5.32541	0	0	0	0	0	0	0	0	0	0	0	0	0	0	0	0	0	0	0	0	0	0	0	0	0	0	0	0	0	0	0	0	0	
1	1	1	629	18.87		300	0	0	0.03145	-0.03145	0.000231909	0	0	0	93.1891	-84.5067	-3.08806e-05	0	0	0	3.96119	1.83683	0	2.12436		300	0.398826	0.0205994	-0.0210993	0.000499912	0	0	0	0.398826	0	-0.355028	-111.796	0	20.391	20.391	-1.5099e-14	5.32541	0	0	0	0	0	0	0	0	0	0	0	0	0	0	0	0	0	0	0	0	0	0	0	0	0	0	0	0	0	0	0	0	0	
1	1	1	630	18.9		300	0	0	0.0315	-0.0315	0.000232189	0	0	0	93.2465	-84.5536	-3.09396e-05	0	0	0	3.97008	1.84136	0	2.12872		300	0.399644	0.0206429	-0.0211434	0.000500517	0	0	0	0.399644	0	-0.355028	-111.796	0	20.391	20.391	-1.5099e-14	5.32541	0	0	0	0	0	0	0	0	0	0	0	0	0	0	0	0	0	0	0	0	0	0	0	0	0	0	0	0	0	0	0	0	0	
1	1	1	631	18.93		300	0	0	0.03155	-0.03155	0.000232469	0	0	0	93.304	-84.6006	-3.09984e-05	0	0	0	3.97897	1.8459	0	2.13307		300	0.400461	0.0206864	-0.0211875	0.000501121	0	0	0	0.400461	0	-0.355028	-111.796	0	20.391	20.391	-1.5099e-14	5.32541	0	0	0	0	0	0	0	0	0	0	0	0	0	0	0	0	0	0	0	0	0	0	0	0	0	0	0	0	0	0	0	0	0	
1	1	1	632	18.96		300	0	0	0.0316	-0.0316	0.000232749	0	0	0	93.3614	-84.6475	-3.10573e-05	0	0	0	3.98787	1.85044	0	2.13743		300	0.401279	0.0207298	-0.0212316	0.000501724	0	0	0	0.401279	0	-0.355028	-111.796	0	20.391	20.391	-1.5099e-14	5.32541	0	0	0	0	0	0	0	0	0	0	0	0	0	0	0	0	0	0	0	0	0	0	0	0	0	0	0	0	0	0	0	0	0	
1	1	1	633	18.99		300	0	0	0.03165	-0.03165	0.000233029	0	0	0	93.4188	-84.6945	-3.11161e-05	0	0	0	3.99677	1.85499	0	2.14178		300	0.402097	0.0207733	-0.0212756	0.000502327	0	0	0	0.402097	0	-0.355028	-111.796	0	20.391	20.391	-1.5099e-14	5.32541	0	0	0	0	0	0	0	0	0	0	0	0	0	0	0	0	0	0	0	0	0	0	0	0	0	0	0	0	0	0	0	0	0	
1	1	1	634	19.02		300	0	0	0.0317	-0.0317	0.000233308	0	0	0	93.4761	-84.7414	-3.11749e-05	0	0	0	4.00568	1.85954	0	2.14614		300	0.402915	0.0208168	-0.0213197	0.000502928	0	0	0	0.402915	0	-0.355028	-111.796	0	20.391	20.391	-1.5099e-14	5.32541	0	0	0	0	0	0	0	0	0	0	0	0	0	0	0	0	0	0	0	0	0	0	0	0	0	0	0	0	0	0	0	0	0	
1	1	1	635	19.05		300	0	0	0.03175	-0.03175	0.000233586	0	0	0	93.5335	-84.7883	-3.12336e-05	0	0	0	4.0146	1.8641	0	2.15049		300	0.403732	0.0208603	-0.0213638	0.000503529	0	0	0	0.403732	0	-0.355028	-111.796	0	20.391	20.391	-1.5099e-14	5.32541	0	0	0	0	0	0	0	0	0	0	0	0	0	0	0	0	0	0	0	0	0	0	0	0	0	0	0	0	0	0	0	0	0	
1	1	1	636	19.08		300	0	0	0.0318	-0.0318	0.000233864	0	0	0	93.5908	-84.8351	-3.12923e-05	0	0	0	4.02351	1.86866	0	2.15485		300	0.40455	0.0209038	-0.0214079	0.000504129	0	0	0	0.40455	0	-0.355028	-111.796	0	20.391	20.391	-1.5099e-14	5.32541	0	0	0	0	0	0	0	0	0	0	0	0	0	0	0	0	0	0	0	0	0	0	0	0	0	0	0	0	0	0	0	0	0	
1	1	1	637	19.11		300	0	0	0.03185	-0.03185	0.000234142	0	0	0	93.648	-84.882	-3.1351e-05	0	0	0	4.03244	1.87323	0	2.15921		300	0.405368	0.0209472	-0.021452	0.000504728	0	0	0	0.405368	0	-0.355028	-111.796	0	20.391	20.391	-1.5099e-14	5.32541	0	0	0	0	0	0	0	0	0	0	0	0	0	0	0	0	0	0	0	0	0	0	0	0	0	0	0	0	0	0	0	0	0	
1	1	1	638	19.14		300	0	0	0.0319	-0.0319	0.00023442	0	0	0	93.7053	-84.9289	-3.14097e-05	0	0	0	4.04137	1.8778	0	2.16356		300	0.406186	0.0209907	-0.0214961	0.000505326	0	0	0	0.406186	0	-0.355028	-111.796	0	20.391	20.391	-1.5099e-14	5.32541	0	0	0	0	0	0	0	0	0	0	0	0	0	0	0	0	0	0	0	0	0	0	0	0	0	0	0	0	0	0	0	0	0	
1	1	1	639	19.17		300	0	0	0.03195	-0.03195	0.000234697	0	0	0	93.7625	-84.9757	-3.14683e-05	0	0	0	4.0503	1.88238	0	2.16792		300	0.407003	0.0210342	-0.0215402	0.000505923	0	0	0	0.407003	0	-0.355028	-111.796	0	20.391	20.391	-1.5099e-14	5.32541	0	0	0	0	0	0	0	0	0	0	0	0	0	0	0	0	0	0	0	0	0	0	0	0	0	0	0	0	0	0	0	0	0	
1	1	1	640	19.2		300	0	0	0.032	-0.032	0.000234973	0	0	0	93.8197	-85.0225	-3.15269e-05	0	0	0	4.05924	1.88697	0	2.17228		300	0.407821	0.0210777	-0.0215842	0.000506519	0	0	0	0.407821	0	-0.355028	-111.796	0	20.391	20.391	-1.5099e-14	5.32541	0	0	0	0	0	0	0	0	0	0	0	0	0	0	0	0	0	0	0	0	0	0	0	0	0	0	0	0	0	0	0	0	0	
1	1	1	641	19.23		300	0	0	0.03205	-0.03205	0.00023525	0	0	0	93.8768	-85.0694	-3.15855e-05	0	0	0	4.06819	1.89155	0	2.17663		300	0.408639	0.0211212	-0.0216283	0.000507115	0	0	0	0.408639	0	-0.355028	-111.796	0	20.391	20.391	-1.5099e-14	5.32541	0	0	0	0	0	0	0	0	0	0	0	0	0	0	0	0	0	0	0	0	0	0	0	0	0	0	0	0	0	0	0	0	0	
1	1	1	642	19.26		300	0	0	0.0321	-0.0321	0.000235526	0	0	0	93.934	-85.1162	-3.1644e-05	0	0	0	4.07714	1.89615	0	2.18099		300	0.409457	0.0211647	-0.0216724	0.00050771	0	0	0	0.409457	0	-0.355028	-111.796	0	20.391	20.391	-1.5099e-14	5.32541	0	0	0	0	0	0	0	0	0	0	0	0	0	0	0	0	0	0	0	0	0	0	0	0	0	0	0	0	0	0	0	0	0	
1	1	1	643	19.29		300	0	0	0.03215	-0.03215	0.000235801	0	0	0	93.9911	-85.163	-3.17025e-05	0	0	0	4.08609	1.90075	0	2.18534		300	0.410275	0.0212082	-0.0217165	0.000508304	0	0	0	0.410275	0	-0.355028	-111.796	0	20.391	20.391	-1.5099e-14	5.32541	0	0	0	0	0	0	0	0	0	0	0	0	0	0	0	0	0	0	0	0	0	0	0	0	0	0	0	0	0	0	0	0	0	
1	1	1	644	19.32		300	0	0	0.0322	-0.0322	0.000236076	0	0	0	94.0482	-85.2097	-3.17609e-05	0	0	0	4.09505	1.90535	0	2.1897		300	0.411093	0.0212517	-0.0217606	0.000508897	0	0	0	0.411093	0	-0.355028	-111.796	0	20.391	20.391	-1.5099e-14	5.32541	0	0	0	0	0	0	0	0	0	0	0	0	0	0	0	0	0	0	0	0	0	0	0	0	0	0	0	0	0	0	0	0	0	
1	1	1	645	19.35		300	0	0	0.03225	-0.03225	0.000236351	0	0	0	94.1052	-85.2565	-3.18194e-05	0	0	0	4.10402	1.90996	0	2.19406		300	0.41191	0.0212953	-0.0218047	0.000509489	0	0	0	0.41191	0	-0.355028	-111.796	0	20.391	20.391	-1.5099e-14	5.32541	0	0	0	0	0	0	0	0	0	0	0	0	0	0	0	0	0	0	0	0	0	0	0	0	0	0	0	0	0	0	0	0	0	
1	1	1	646	19.38		300	0	0	0.0323	-0.0323	0.000236626	0	0	0	94.1622	-85.3032	-3.18778e-05	0	0	0	4.11299	1.91457	0	2.19841		300	0.412728	0.0213388	-0.0218488	0.000510081	0	0	0	0.412728	0	-0.355028	-111.796	0	20.391	20.391	-1.5099e-14	5.32541	0	0	0	0	0	0	0	0	0	0	0	0	0	0	0	0	0	0	0	0	0	0	0	0	0	0	0	0	0	0	0	0	0	
1	1	1	647	19.41		300	0	0	0.03235	-0.03235	0.0002369	0	0	0	94.2192	-85.35	-3.19361e-05	0	0	0	4.12196	1.91919	0	2.20277		300	0.413546	0.0213823	-0.021893	0.000510671	0	0	0	0.413546	0	-0.355028	-111.796	0	20.391	20.391	-1.5099e-14	5.32541	0	0	0	0	0	0	0	0	0	0	0	0	0	0	0	0	0	0	0	0	0	0	0	0	0	0	0	0	0	0	0	0	0	
1	1	1	648	19.44		300	0	0	0.0324	-0.0324	0.000237173	0	0	0	94.2762	-85.3967	-3.19944e-05	0	0	0	4.13094	1.92382	0	2.20713		300	0.414364	0.0214258	-0.0219371	0.000511261	0	0	0	0.414364	0	-0.355028	-111.796	0	20.391	20.391	-1.5099e-14	5.32541	0	0	0	0	0	0	0	0	0	0	0	0	0	0	0	0	0	0	0	0	0	0	0	0	0	0	0	0	0	0	0	0	0	
1	1	1	649	19.47		300	0	0	0.03245	-0.03245	0.000237446	0	0	0	94.3332	-85.4434	-3.20527e-05	0	0	0	4.13993	1.92845	0	2.21148		300	0.415182	0.0214693	-0.0219812	0.00051185	0	0	0	0.415182	0	-0.355028	-111.796	0	20.391	20.391	-1.5099e-14	5.32541	0	0	0	0	0	0	0	0	0	0	0	0	0	0	0	0	0	0	0	0	0	0	0	0	0	0	0	0	0	0	0	0	0	
1	1	1	650	19.5		300	0	0	0.0325	-0.0325	0.000237719	0	0	0	94.3901	-85.4901	-3.2111e-05	0	0	0	4.14892	1.93308	0	2.21584		300	0.416	0.0215128	-0.0220253	0.000512439	0	0	0	0.416	0	-0.355028	-111.796	0	20.391	20.391	-1.5099e-14	5.32541	0	0	0	0	0	0	0	0	0	0	0	0	0	0	0	0	0	0	0	0	0	0	0	0	0	0	0	0	0	0	0	0	0	
1	1	1	651	19.53		300	0	0	0.03255	-0.03255	0.000237992	0	0	0	94.447	-85.5368	-3.21692e-05	0	0	0	4.15792	1.93772	0	2.2202		300	0.416818	0.0215564	-0.0220694	0.000513026	0	0	0	0.416818	0	-0.355028	-111.796	0	20.391	20.391	-1.5099e-14	5.32541	0	0	0	0	0	0	0	0	0	0	0	0	0	0	0	0	0	0	0	0	0	0	0	0	0	0	0	0	0	0	0	0	0	
1	1	1	652	19.56		300	0	0	0.0326	-0.0326	0.000238264	0	0	0	94.5039	-85.5835	-3.22274e-05	0	0	0	4.16692	1.94236	0	2.22456		300	0.417636	0.0215999	-0.0221135	0.000513613	0	0	0	0.417636	0	-0.355028	-111.796	0	20.391	20.391	-1.5099e-14	5.32541	0	0	0	0	0	0	0	0	0	0	0	0	0	0	0	0	0	0	0	0	0	0	0	0	0	0	0	0	0	0	0	0	0	
1	1	1	653	19.59		300	0	0	0.03265	-0.03265	0.000238536	0	0	0	94.5607	-85.6302	-3.22856e-05	0	0	0	4.17593	1.94701	0	2.22891		300	0.418454	0.0216434	-0.0221576	0.000514199	0	0	0	0.418454	0	-0.355028	-111.796	0	20.391	20.391	-1.5099e-14	5.32541	0	0	0	0	0	0	0	0	0	0	0	0	0	0	0	0	0	0	0	0	0	0	0	0	0	0	0	0	0	0	0	0	0	
1	1	1	654	19.62		300	0	0	0.0327	-0.0327	0.000238807	0	0	0	94.6175	-85.6769	-3.23437e-05	0	0	0	4.18494	1.95167	0	2.23327		300	0.419272	0.021687	-0.0222017	0.000514784	0	0	0	0.419272	0	-0.355028	-111.796	0	20.391	20.391	-1.5099e-14	5.32541	0	0	0	0	0	0	0	0	0	0	0	0	0	0	0	0	0	0	0	0	0	0	0	0	0	0	0	0	0	0	0	0	0	
1	1	1	655	19.65		300	0	0	0.03275	-0.03275	0.000239078	0	0	0	94.6743	-85.7235	-3.24018e-05	0	0	0	4.19396	1.95633	0	2.23763		300	0.420089	0.0217305	-0.0222459	0.000515368	0	0	0	0.420089	0	-0.355028	-111.796	0	20.391	20.391	-1.5099e-14	5.32541	0	0	0	0	0	0	0	0	0	0	0	0	0	0	0	0	0	0	0	0	0	0	0	0	0	0	0	0	0	0	0	0	0	
1	1	1	656	19.68		300	0	0	0.0328	-0.0328	0.000239349	0	0	0	94.7311	-85.7702	-3.24599e-05	0	0	0	4.20298	1.961	0	2.24198		300	0.420907	0.021774	-0.02229	0.000515951	0	0	0	0.420907	0	-0.355028	-111.796	0	20.391	20.391	-1.5099e-14	5.32541	0	0	0	0	0	0	0	0	0	0	0	0	0	0	0	0	0	0	0	0	0	0	0	0	0	0	0	0	0	0	0	0	0	
1	1	1	657	19.71		300	0	0	0.03285	-0.03285	0.000239619	0	0	0	94.7879	-85.8168	-3.25179e-05	0	0	0	4.21201	1.96567	0	2.24634		300	0.421725	0.0218176	-0.0223341	0.000516534	0	0	0	0.421725	0	-0.355028	-111.796	0	20.391	20.391	-1.5099e-14	5.32541	0	0	0	0	0	0	0	0	0	0	0	0	0	0	0	0	0	0	0	0	0	0	0	0	0	0	0	0	0	0	0	0	0	
1	1	1	658	19.74		300	0	0	0.0329	-0.0329	0.000239889	0	0	0	94.8446	-85.8634	-3.25759e-05	0	0	0	4.22104	1.97034	0	2.2507		300	0.422543	0.0218611	-0.0223782	0.000517116	0	0	0	0.422543	0	-0.355028	-111.796	0	20.391	20.391	-1.5099e-14	5.32541	0	0	0	0	0	0	0	0	0	0	0	0	0	0	0	0	0	0	0	0	0	0	0	0	0	0	0	0	0	0	0	0	0	
1	1	1	659	19.77		300	0	0	0.03295	-0.03295	0.000240159	0	0	0	94.9013	-85.91	-3.26338e-05	0	0	0	4.23008	1.97502	0	2.25506		300	0.423361	0.0219047	-0.0224224	0.000517697	0	0	0	0.423361	0	-0.355028	-111.796	0	20.391	20.391	-1.5099e-14	5.32541	0	0	0	0	0	0	0	0	0	0	0	0	0	0	0	0	0	0	0	0	0	0	0	0	0	0	0	0	0	0	0	0	0	
1	1	1	660	19.8		300	0	0	0.033	-0.033	0.000240428	0	0	0	94.958	-85.9566	-3.26918e-05	0	0	0	4.23912	1.97971	0	2.25941		300	0.424179	0.0219482	-0.0224665	0.000518278	0	0	0	0.424179	0	-0.355028	-111.796	0	20.391	20.391	-1.5099e-14	5.32541	0	0	0	0	0	0	0	0	0	0	0	0	0	0	0	0	0	0	0	0	0	0	0	0	0	0	0	0	0	0	0	0	0	
1	1	1	661	19.83		300	0	0	0.03305	-0.03305	0.000240697	0	0	0	95.0146	-86.0032	-3.27496e-05	0	0	0	4.24817	1.9844	0	2.26377		300	0.424997	0.0219918	-0.0225106	0.000518857	0	0	0	0.424997	0	-0.355028	-111.796	0	20.391	20.391	-1.5099e-14	5.32541	0	0	0	0	0	0	0	0	0	0	0	0	0	0	0	0	0	0	0	0	0	0	0	0	0	0	0	0	0	0	0	0	0	
1	1	1	662	19.86		300	0	0	0.0331	-0.0331	0.000240965	0	0	0	95.0713	-86.0498	-3.28075e-05	0	0	0	4.25722	1.9891	0	2.26813		300	0.425815	0.0220353	-0.0225548	0.000519436	0	0	0	0.425815	0	-0.355028	-111.796	0	20.391	20.391	-1.5099e-14	5.32541	0	0	0	0	0	0	0	0	0	0	0	0	0	0	0	0	0	0	0	0	0	0	0	0	0	0	0	0	0	0	0	0	0	
1	1	1	663	19.89		300	0	0	0.03315	-0.03315	0.000241234	0	0	0	95.1279	-86.0964	-3.28653e-05	0	0	0	4.26628	1.9938	0	2.27248		300	0.426633	0.0220789	-0.0225989	0.000520014	0	0	0	0.426633	0	-0.355028	-111.796	0	20.391	20.391	-1.5099e-14	5.32541	0	0	0	0	0	0	0	0	0	0	0	0	0	0	0	0	0	0	0	0	0	0	0	0	0	0	0	0	0	0	0	0	0	
1	1	1	664	19.92		300	0	0	0.0332	-0.0332	0.000241501	0	0	0	95.1845	-86.143	-3.29231e-05	0	0	0	4.27535	1.9985	0	2.27684		300	0.427451	0.0221224	-0.022643	0.000520591	0	0	0	0.427451	0	-0.355028	-111.796	0	20.391	20.391	-1.5099e-14	5.32541	0	0	0	0	0	0	0	0	0	0	0	0	0	0	0	0	0	0	0	0	0	0	0	0	0	0	0	0	0	0	0	0	0	
1	1	1	665	19.95		300	0	0	0.03325	-0.03325	0.000241769	0	0	0	95.2411	-86.1895	-3.29809e-05	0	0	0	4.28441	2.00322	0	2.2812		300	0.428269	0.022166	-0.0226872	0.000521168	0	0	0	0.428269	0	-0.355028	-111.796	0	20.391	20.391	-1.5099e-14	5.32541	0	0	0	0	0	0	0	0	0	0	0	0	0	0	0	0	0	0	0	0	0	0	0	0	0	0	0	0	0	0	0	0	0	
1	1	1	666	19.98		300	0	0	0.0333	-0.0333	0.000242036	0	0	0	95.2976	-86.2361	-3.30386e-05	0	0	0	4.29349	2.00793	0	2.28556		300	0.429087	0.0222096	-0.0227313	0.000521743	0	0	0	0.429087	0	-0.355028	-111.796	0	20.391	20.391	-1.5099e-14	5.32541	0	0	0	0	0	0	0	0	0	0	0	0	0	0	0	0	0	0	0	0	0	0	0	0	0	0	0	0	0	0	0	0	0	
1	1	1	667	20.01		300	0	0	0.03335	-0.03335	0.000242303	0	0	0	95.3541	-86.2826	-3.30963e-05	0	0	0	4.30257	2.01265	0	2.28991		300	0.429905	0.0222531	-0.0227754	0.000522318	0	0	0	0.429905	0	-0.355028	-111.796	0	20.391	20.391	-1.5099e-14	5.32541	0	0	0	0	0	0	0	0	0	0	0	0	0	0	0	0	0	0	0	0	0	0	0	0	0	0	0	0	0	0	0	0	0	
1	1	1	668	20.04		300	0	0	0.0334	-0.0334	0.000242569	0	0	0	95.4106	-86.3291	-3.31539e-05	0	0	0	4.31165	2.01738	0	2.29427		300	0.430723	0.0222967	-0.0228196	0.000522893	0	0	0	0.430723	0	-0.355028	-111.796	0	20.391	20.391	-1.5099e-14	5.32541	0	0	0	0	0	0	0	0	0	0	0	0	0	0	0	0	0	0	0	0	0	0	0	0	0	0	0	0	0	0	0	0	0	
1	1	1	669	20.07		300	0	0	0.03345	-0.03345	0.000242835	0	0	0	95.4671	-86.3757	-3.32115e-05	0	0	0	4.32074	2.02211	0	2.29863		300	0.431541	0.0223403	-0.0228637	0.000523466	0	0	0	0.431541	0	-0.355028	-111.796	0	20.391	20.391	-1.5099e-14	5.32541	0	0	0	0	0	0	0	0	0	0	0	0	0	0	0	0	0	0	0	0	0	0	0	0	0	0	0	0	0	0	0	0	0	
1	1	1	670	20.1		300	0	0	0.0335	-0.0335	0.000243101	0	0	0	95.5236	-86.4222	-3.32691e-05	0	0	0	4.32984	2.02685	0	2.30299		300	0.432359	0.0223838	-0.0229079	0.000524039	0	0	0	0.432359	0	-0.355028	-111.796	0	20.391	20.391	-1.5099e-14	5.32541	0	0	0	0	0	0	0	0	0	0	0	0	0	0	0	0	0	0	0	0	0	0	0	0	0	0	0	0	0	0	0	0	0	
1	1	1	671	20.13		300	0	0	0.03355	-0.03355	0.000243366	0	0	0	95.58	-86.4687	-3.33266e-05	0	0	0	4.33894	2.03159	0	2.30734		300	0.433177	0.0224274	-0.022952	0.000524611	0	0	0	0.433177	0	-0.355028	-111.796	0	20.391	20.391	-1.5099e-14	5.32541	0	0	0	0	0	0	0	0	0	0	0	0	0	0	0	0	0	0	0	0	0	0	0	0	0	0	0	0	0	0	0	0	0	
1	1	1	672	20.16		300	0	0	0.0336	-0.0336	0.000243631	0	0	0	95.6365	-86.5152	-3.33842e-05	0	0	0	4.34804	2.03634	0	2.3117		300	0.433995	0.022471	-0.0229961	0.000525182	0	0	0	0.433995	0	-0.355028	-111.796	0	20.391	20.391	-1.5099e-14	5.32541	0	0	0	0	0	0	0	0	0	0	0	0	0	0	0	0	0	0	0	0	0	0	0	0	0	0	0	0	0	0	0	0	0	
1	1	1	673	20.19		300	0	0	0.03365	-0.03365	0.000243896	0	0	0	95.6929	-86.5617	-3.34416e-05	0	0	0	4.35715	2.04109	0	2.31606		300	0.434813	0.0225145	-0.0230403	0.000525752	0	0	0	0.434813	0	-0.355028	-111.796	0	20.391	20.391	-1.5099e-14	5.32541	0	0	0	0	0	0	0	0	0	0	0	0	0	0	0	0	0	0	0	0	0	0	0	0	0	0	0	0	0	0	0	0	0	
1	1	1	674	20.22		300	0	0	0.0337	-0.0337	0.00024416	0	0	0	95.7492	-86.6082	-3.34991e-05	0	0	0	4.36627	2.04585	0	2.32042		300	0.435631	0.0225581	-0.0230844	0.000526322	0	0	0	0.435631	0	-0.355028	-111.796	0	20.391	20.391	-1.5099e-14	5.32541	0	0	0	0	0	0	0	0	0	0	0	0	0	0	0	0	0	0	0	0	0	0	0	0	0	0	0	0	0	0	0	0	0	
1	1	1	675	20.25		300	0	0	0.03375	-0.03375	0.000244424	0	0	0	95.8056	-86.6547	-3.35565e-05	0	0	0	4.37539	2.05061	0	2.32477		300	0.436449	0.0226017	-0.0231286	0.000526891	0	0	0	0.436449	0	-0.355028	-111.796	0	20.391	20.391	-1.5099e-14	5.32541	0	0	0	0	0	0	0	0	0	0	0	0	0	0	0	0	0	0	0	0	0	0	0	0	0	0	0	0	0	0	0	0	0	
1	1	1	676	20.28		300	0	0	0.0338	-0.0338	0.000244687	0	0	0	95.8619	-86.7011	-3.36138e-05	0	0	0	4.38451	2.05538	0	2.32913		300	0.437267	0.0226453	-0.0231727	0.000527459	0	0	0	0.437267	0	-0.355028	-111.796	0	20.391	20.391	-1.5099e-14	5.32541	0	0	0	0	0	0	0	0	0	0	0	0	0	0	0	0	0	0	0	0	0	0	0	0	0	0	0	0	0	0	0	0	0	
1	1	1	677	20.31		300	0	0	0.03385	-0.03385	0.000244951	0	0	0	95.9183	-86.7476	-3.36712e-05	0	0	0	4.39364	2.06016	0	2.33349		300	0.438085	0.0226889	-0.0232169	0.000528027	0	0	0	0.438085	0	-0.355028	-111.796	0	20.391	20.391	-1.5099e-14	5.32541	0	0	0	0	0	0	0	0	0	0	0	0	0	0	0	0	0	0	0	0	0	0	0	0	0	0	0	0	0	0	0	0	0	
1	1	1	678	20.34		300	0	0	0.0339	-0.0339	0.000245213	0	0	0	95.9746	-86.7941	-3.37285e-05	0	0	0	4.40278	2.06493	0	2.33784		300	0.438903	0.0227325	-0.023261	0.000528593	0	0	0	0.438903	0	-0.355028	-111.796	0	20.391	20.391	-1.5099e-14	5.32541	0	0	0	0	0	0	0	0	0	0	0	0	0	0	0	0	0	0	0	0	0	0	0	0	0	0	0	0	0	0	0	0	0	
1	1	1	679	20.37		300	0	0	0.03395	-0.03395	0.000245476	0	0	0	96.0309	-86.8405	-3.37857e-05	0	0	0	4.41192	2.06972	0	2.3422		300	0.439721	0.022776	-0.0233052	0.000529159	0	0	0	0.439721	0	-0.355028	-111.796	0	20.391	20.391	-1.5099e-14	5.32541	0	0	0	0	0	0	0	0	0	0	0	0	0	0	0	0	0	0	0	0	0	0	0	0	0	0	0	0	0	0	0	0	0	
1	1	1	680	20.4		300	0	0	0.034	-0.034	0.000245738	0	0	0	96.0871	-86.887	-3.38429e-05	0	0	0	4.42107	2.07451	0	2.34656		300	0.440539	0.0228196	-0.0233494	0.000529725	0	0	0	0.440539	0	-0.355028	-111.796	0	20.391	20.391	-1.5099e-14	5.32541	0	0	0	0	0	0	0	0	0	0	0	0	0	0	0	0	0	0	0	0	0	0	0	0	0	0	0	0	0	0	0	0	0	
1	1	1	681	20.43		300	0	0	0.03405	-0.03405	0.000246	0	0	0	96.1434	-86.9334	-3.39001e-05	0	0	0	4.43022	2.0793	0	2.35092		300	0.441357	0.0228632	-0.0233935	0.000530289	0	0	0	0.441357	0	-0.355028	-111.796	0	20.391	20.391	-1.5099e-14	5.32541	0	0	0	0	0	0	0	0	0	0	0	0	0	0	0	0	0	0	0	0	0	0	0	0	0	0	0	0	0	0	0	0	0	
1	1	1	682	20.46		300	0	0	0.0341	-0.0341	0.000246262	0	0	0	96.1996	-86.9798	-3.39573e-05	0	0	0	4.43937	2.0841	0	2.35527		300	0.442175	0.0229068	-0.0234377	0.000530853	0	0	0	0.442175	0	-0.355028	-111.796	0	20.391	20.391	-1.5099e-14	5.32541	0	0	0	0	0	0	0	0	0	0	0	0	0	0	0	0	0	0	0	0	0	0	0	0	0	0	0	0	0	0	0	0	0	
1	1	1	683	20.49		300	0	0	0.03415	-0.03415	0.000246523	0	0	0	96.2558	-87.0263	-3.40144e-05	0	0	0	4.44854	2.0889	0	2.35963		300	0.442993	0.0229504	-0.0234818	0.000531416	0	0	0	0.442993	0	-0.355028	-111.796	0	20.391	20.391	-1.5099e-14	5.32541	0	0	0	0	0	0	0	0	0	0	0	0	0	0	0	0	0	0	0	0	0	0	0	0	0	0	0	0	0	0	0	0	0	
1	1	1	684	20.52		300	0	0	0.0342	-0.0342	0.000246784	0	0	0	96.312	-87.0727	-3.40715e-05	0	0	0	4.4577	2.09371	0	2.36399		300	0.443811	0.022994	-0.023526	0.000531978	0	0	0	0.443811	0	-0.355028	-111.796	0	20.391	20.391	-1.5099e-14	5.32541	0	0	0	0	0	0	0	0	0	0	0	0	0	0	0	0	0	0	0	0	0	0	0	0	0	0	0	0	0	0	0	0	0	
1	1	1	685	20.55		300	0	0	0.03425	-0.03425	0.000247044	0	0	0	96.3682	-87.1191	-3.41285e-05	0	0	0	4.46687	2.09853	0	2.36835		300	0.444629	0.0230376	-0.0235701	0.00053254	0	0	0	0.444629	0	-0.355028	-111.796	0	20.391	20.391	-1.5099e-14	5.32541	0	0	0	0	0	0	0	0	0	0	0	0	0	0	0	0	0	0	0	0	0	0	0	0	0	0	0	0	0	0	0	0	0	
1	1	1	686	20.58		300	0	0	0.0343	-0.0343	0.000247304	0	0	0	96.4243	-87.1655	-3.41855e-05	0	0	0	4.47605	2.10335	0	2.3727		300	0.445447	0.0230812	-0.0236143	0.000533101	0	0	0	0.445447	0	-0.355028	-111.796	0	20.391	20.391	-1.5099e-14	5.32541	0	0	0	0	0	0	0	0	0	0	0	0	0	0	0	0	0	0	0	0	0	0	0	0	0	0	0	0	0	0	0	0	0	
1	1	1	687	20.61		300	0	0	0.03435	-0.03435	0.000247564	0	0	0	96.4805	-87.2119	-3.42425e-05	0	0	0	4.48523	2.10817	0	2.37706		300	0.446265	0.0231248	-0.0236585	0.000533661	0	0	0	0.446265	0	-0.355028	-111.796	0	20.391	20.391	-1.5099e-14	5.32541	0	0	0	0	0	0	0	0	0	0	0	0	0	0	0	0	0	0	0	0	0	0	0	0	0	0	0	0	0	0	0	0	0	
1	1	1	688	20.64		300	0	0	0.0344	-0.0344	0.000247824	0	0	0	96.5366	-87.2583	-3.42994e-05	0	0	0	4.49442	2.113	0	2.38142		300	0.447083	0.0231684	-0.0237026	0.000534221	0	0	0	0.447083	0	-0.355028	-111.796	0	20.391	20.391	-1.5099e-14	5.32541	0	0	0	0	0	0	0	0	0	0	0	0	0	0	0	0	0	0	0	0	0	0	0	0	0	0	0	0	0	0	0	0	0	
1	1	1	689	20.67		300	0	0	0.03445	-0.03445	0.000248083	0	0	0	96.5927	-87.3047	-3.43563e-05	0	0	0	4.50361	2.11784	0	2.38577		300	0.447901	0.023212	-0.0237468	0.000534779	0	0	0	0.447901	0	-0.355028	-111.796	0	20.391	20.391	-1.5099e-14	5.32541	0	0	0	0	0	0	0	0	0	0	0	0	0	0	0	0	0	0	0	0	0	0	0	0	0	0	0	0	0	0	0	0	0	
1	1	1	690	20.7		300	0	0	0.0345	-0.0345	0.000248342	0	0	0	96.6488	-87.3511	-3.44132e-05	0	0	0	4.51281	2.12268	0	2.39013		300	0.448719	0.0232556	-0.023791	0.000535337	0	0	0	0.448719	0	-0.355028	-111.796	0	20.391	20.391	-1.5099e-14	5.32541	0	0	0	0	0	0	0	0	0	0	0	0	0	0	0	0	0	0	0	0	0	0	0	0	0	0	0	0	0	0	0	0	0	
1	1	1	691	20.73		300	0	0	0.03455	-0.03455	0.000248601	0	0	0	96.7049	-87.3975	-3.447e-05	0	0	0	4.52201	2.12752	0	2.39449		300	0.449537	0.0232992	-0.0238351	0.000535895	0	0	0	0.449537	0	-0.355028	-111.796	0	20.391	20.391	-1.5099e-14	5.32541	0	0	0	0	0	0	0	0	0	0	0	0	0	0	0	0	0	0	0	0	0	0	0	0	0	0	0	0	0	0	0	0	0	
1	1	1	692	20.76		300	0	0	0.0346	-0.0346	0.000248859	0	0	0	96.7609	-87.4439	-3.45268e-05	0	0	0	4.53122	2.13237	0	2.39885		300	0.450355	0.0233428	-0.0238793	0.000536451	0	0	0	0.450355	0	-0.355028	-111.796	0	20.391	20.391	-1.5099e-14	5.32541	0	0	0	0	0	0	0	0	0	0	0	0	0	0	0	0	0	0	0	0	0	0	0	0	0	0	0	0	0	0	0	0	0	
1	1	1	693	20.79		300	0	0	0.03465	-0.03465	0.000249117	0	0	0	96.8169	-87.4903	-3.45836e-05	0	0	0	4.54043	2.13723	0	2.4032		300	0.451173	0.0233865	-0.0239235	0.000537007	0	0	0	0.451173	0	-0.355028	-111.796	0	20.391	20.391	-1.5099e-14	5.32541	0	0	0	0	0	0	0	0	0	0	0	0	0	0	0	0	0	0	0	0	0	0	0	0	0	0	0	0	0	0	0	0	0	
1	1	1	694	20.82		300	0	0	0.0347	-0.0347	0.000249374	0	0	0	96.873	-87.5367	-3.46403e-05	0	0	0	4.54965	2.14209	0	2.40756		300	0.451991	0.0234301	-0.0239676	0.000537563	0	0	0	0.451991	0	-0.355028	-111.796	0	20.391	20.391	-1.5099e-14	5.32541	0	0	0	0	0	0	0	0	0	0	0	0	0	0	0	0	0	0	0	0	0	0	0	0	0	0	0	0	0	0	0	0	0	
1	1	1	695	20.85		300	0	0	0.03475	-0.03475	0.000249632	0	0	0	96.929	-87.5831	-3.4697e-05	0	0	0	4.55887	2.14696	0	2.41192		300	0.452809	0.0234737	-0.0240118	0.000538117	0	0	0	0.452809	0	-0.355028	-111.796	0	20.391	20.391	-1.5099e-14	5.32541	0	0	0	0	0	0	0	0	0	0	0	0	0	0	0	0	0	0	0	0	0	0	0	0	0	0	0	0	0	0	0	0	0	
1	1	1	696	20.88		300	0	0	0.0348	-0.0348	0.000249888	0	0	0	96.985	-87.6294	-3.47536e-05	0	0	0	4.5681	2.15183	0	2.41627		300	0.453626	0.0235173	-0.024056	0.000538671	0	0	0	0.453626	0	-0.355028	-111.796	0	20.391	20.391	-1.5099e-14	5.32541	0	0	0	0	0	0	0	0	0	0	0	0	0	0	0	0	0	0	0	0	0	0	0	0	0	0	0	0	0	0	0	0	0	
1	1	1	697	20.91		300	0	0	0.03485	-0.03485	0.000250145	0	0	0	97.0409	-87.6758	-3.48102e-05	0	0	0	4.57734	2.1567	0	2.42063		300	0.454444	0.0235609	-0.0241001	0.000539224	0	0	0	0.454444	0	-0.355028	-111.796	0	20.391	20.391	-1.5099e-14	5.32541	0	0	0	0	0	0	0	0	0	0	0	0	0	0	0	0	0	0	0	0	0	0	0	0	0	0	0	0	0	0	0	0	0	
1	1	1	698	20.94		300	0	0	0.0349	-0.0349	0.000250401	0	0	0	97.0969	-87.7222	-3.48668e-05	0	0	0	4.58657	2.16159	0	2.42499		300	0.455262	0.0236045	-0.0241443	0.000539777	0	0	0	0.455262	0	-0.355028	-111.796	0	20.391	20.391	-1.5099e-14	5.32541	0	0	0	0	0	0	0	0	0	0	0	0	0	0	0	0	0	0	0	0	0	0	0	0	0	0	0	0	0	0	0	0	0	
1	1	1	699	20.97		300	0	0	0.03495	-0.03495	0.000250657	0	0	0	97.1528	-87.7685	-3.49233e-05	0	0	0	4.59582	2.16647	0	2.42934		300	0.45608	0.0236482	-0.0241885	0.000540328	0	0	0	0.45608	0	-0.355028	-111.796	0	20.391	20.391	-1.5099e-14	5.32541	0	0	0	0	0	0	0	0	0	0	0	0	0	0	0	0	0	0	0	0	0	0	0	0	0	0	0	0	0	0	0	0	0	
1	1	1	700	21		300	0	0	0.035	-0.035	0.000250913	0	0	0	97.2088	-87.8149	-3.49798e-05	0	0	0	4.60507	2.17136	0	2.4337		300	0.456898	0.0236918	-0.0242327	0.000540879	0	0	0	0.456898	0	-0.355028	-111.796	0	20.391	20.391	-1.5099e-14	5.32541	0	0	0	0	0	0	0	0	0	0	0	0	0	0	0	0	0	0	0	0	0	0	0	0	0	0	0	0	0	0	0	0	0	
1	1	1	701	21.03		300	0	0	0.03505	-0.03505	0.000251168	0	0	0	97.2647	-87.8612	-3.50363e-05	0	0	0	4.61432	2.17626	0	2.43806		300	0.457716	0.0237354	-0.0242768	0.00054143	0	0	0	0.457716	0	-0.355028	-111.796	0	20.391	20.391	-1.5099e-14	5.32541	0	0	0	0	0	0	0	0	0	0	0	0	0	0	0	0	0	0	0	0	0	0	0	0	0	0	0	0	0	0	0	0	0	
1	1	1	702	21.06		300	0	0	0.0351	-0.0351	0.000251423	0	0	0	97.3206	-87.9076	-3.50927e-05	0	0	0	4.62358	2.18116	0	2.44241		300	0.458534	0.023779	-0.024321	0.00054198	0	0	0	0.458534	0	-0.355028	-111.796	0	20.391	20.391	-1.5099e-14	5.32541	0	0	0	0	0	0	0	0	0	0	0	0	0	0	0	0	0	0	0	0	0	0	0	0	0	0	0	0	0	0	0	0	0	
1	1	1	703	21.09		300	0	0	0.03515	-0.03515	0.000251678	0	0	0	97.3765	-87.9539	-3.51491e-05	0	0	0	4.63284	2.18607	0	2.44677		300	0.459352	0.0238227	-0.0243652	0.000542529	0	0	0	0.459352	0	-0.355028	-111.796	0	20.391	20.391	-1.5099e-14	5.32541	0	0	0	0	0	0	0	0	0	0	0	0	0	0	0	0	0	0	0	0	0	0	0	0	0	0	0	0	0	0	0	0	0	
1	1	1	704	21.12		300	0	0	0.0352	-0.0352	0.000251932	0	0	0	97.4324	-88.0003	-3.52054e-05	0	0	0	4.64211	2.19098	0	2.45113		300	0.460169	0.0238663	-0.0244094	0.000543077	0	0	0	0.460169	0	-0.355028	-111.796	0	20.391	20.391	-1.5099e-14	5.32541	0	0	0	0	0	0	0	0	0	0	0	0	0	0	0	0	0	0	0	0	0	0	0	0	0	0	0	0	0	0	0	0	0	
1	1	1	705	21.15		300	0	0	0.03525	-0.03525	0.000252186	0	0	0	97.4882	-88.0466	-3.52617e-05	0	0	0	4.65139	2.1959	0	2.45548		300	0.460987	0.0239099	-0.0244535	0.000543625	0	0	0	0.460987	0	-0.355028	-111.796	0	20.391	20.391	-1.5099e-14	5.32541	0	0	0	0	0	0	0	0	0	0	0	0	0	0	0	0	0	0	0	0	0	0	0	0	0	0	0	0	0	0	0	0	0	
1	1	1	706	21.18		300	0	0	0.0353	-0.0353	0.00025244	0	0	0	97.5441	-88.093	-3.5318e-05	0	0	0	4.66067	2.20082	0	2.45984		300	0.461805	0.0239535	-0.0244977	0.000544172	0	0	0	0.461805	0	-0.355028	-111.796	0	20.391	20.391	-1.5099e-14	5.32541	0	0	0	0	0	0	0	0	0	0	0	0	0	0	0	0	0	0	0	0	0	0	0	0	0	0	0	0	0	0	0	0	0	
1	1	1	707	21.21		300	0	0	0.03535	-0.03535	0.000252694	0	0	0	97.5999	-88.1393	-3.53742e-05	0	0	0	4.66995	2.20575	0	2.4642		300	0.462623	0.0239972	-0.0245419	0.000544718	0	0	0	0.462623	0	-0.355028	-111.796	0	20.391	20.391	-1.5099e-14	5.32541	0	0	0	0	0	0	0	0	0	0	0	0	0	0	0	0	0	0	0	0	0	0	0	0	0	0	0	0	0	0	0	0	0	
1	1	1	708	21.24		300	0	0	0.0354	-0.0354	0.000252947	0	0	0	97.6557	-88.1857	-3.54304e-05	0	0	0	4.67924	2.21069	0	2.46855		300	0.463441	0.0240408	-0.0245861	0.000545264	0	0	0	0.463441	0	-0.355028	-111.796	0	20.391	20.391	-1.5099e-14	5.32541	0	0	0	0	0	0	0	0	0	0	0	0	0	0	0	0	0	0	0	0	0	0	0	0	0	0	0	0	0	0	0	0	0	
1	1	1	709	21.27		300	0	0	0.03545	-0.03545	0.0002532	0	0	0	97.7115	-88.232	-3.54866e-05	0	0	0	4.68853	2.21562	0	2.47291		300	0.464258	0.0240844	-0.0246303	0.000545809	0	0	0	0.464258	0	-0.355028	-111.796	0	20.391	20.391	-1.5099e-14	5.32541	0	0	0	0	0	0	0	0	0	0	0	0	0	0	0	0	0	0	0	0	0	0	0	0	0	0	0	0	0	0	0	0	0	
1	1	1	710	21.3		300	0	0	0.0355	-0.0355	0.000253452	0	0	0	97.7673	-88.2784	-3.55427e-05	0	0	0	4.69783	2.22057	0	2.47727		300	0.465076	0.0241281	-0.0246744	0.000546353	0	0	0	0.465076	0	-0.355028	-111.796	0	20.391	20.391	-1.5099e-14	5.32541	0	0	0	0	0	0	0	0	0	0	0	0	0	0	0	0	0	0	0	0	0	0	0	0	0	0	0	0	0	0	0	0	0	
1	1	1	711	21.33		300	0	0	0.03555	-0.03555	0.000253704	0	0	0	97.8231	-88.3247	-3.55987e-05	0	0	0	4.70714	2.22552	0	2.48162		300	0.465894	0.0241717	-0.0247186	0.000546897	0	0	0	0.465894	0	-0.355028	-111.796	0	20.391	20.391	-1.5099e-14	5.32541	0	0	0	0	0	0	0	0	0	0	0	0	0	0	0	0	0	0	0	0	0	0	0	0	0	0	0	0	0	0	0	0	0	
1	1	1	712	21.36		300	0	0	0.0356	-0.0356	0.000253956	0	0	0	97.8789	-88.371	-3.56548e-05	0	0	0	4.71645	2.23047	0	2.48598		300	0.466712	0.0242154	-0.0247628	0.00054744	0	0	0	0.466712	0	-0.355028	-111.796	0	20.391	20.391	-1.5099e-14	5.32541	0	0	0	0	0	0	0	0	0	0	0	0	0	0	0	0	0	0	0	0	0	0	0	0	0	0	0	0	0	0	0	0	0	
1	1	1	713	21.39		300	0	0	0.03565	-0.03565	0.000254208	0	0	0	97.9346	-88.4174	-3.57108e-05	0	0	0	4.72576	2.23543	0	2.49033		300	0.467529	0.024259	-0.024807	0.000547982	0	0	0	0.467529	0	-0.355028	-111.796	0	20.391	20.391	-1.5099e-14	5.32541	0	0	0	0	0	0	0	0	0	0	0	0	0	0	0	0	0	0	0	0	0	0	0	0	0	0	0	0	0	0	0	0	0	
1	1	1	714	21.42		300	0	0	0.0357	-0.0357	0.000254459	0	0	0	97.9904	-88.4637	-3.57668e-05	0	0	0	4.73508	2.24039	0	2.49469		300	0.468347	0.0243026	-0.0248512	0.000548524	0	0	0	0.468347	0	-0.355028	-111.796	0	20.391	20.391	-1.5099e-14	5.32541	0	0	0	0	0	0	0	0	0	0	0	0	0	0	0	0	0	0	0	0	0	0	0	0	0	0	0	0	0	0	0	0	0	
1	1	1	715	21.45		300	0	0	0.03575	-0.03575	0.00025471	0	0	0	98.0461	-88.51	-3.58227e-05	0	0	0	4.74441	2.24536	0	2.49905		300	0.469165	0.0243463	-0.0248953	0.000549065	0	0	0	0.469165	0	-0.355028	-111.796	0	20.391	20.391	-1.5099e-14	5.32541	0	0	0	0	0	0	0	0	0	0	0	0	0	0	0	0	0	0	0	0	0	0	0	0	0	0	0	0	0	0	0	0	0	
1	1	1	716	21.48		300	0	0	0.0358	-0.0358	0.000254961	0	0	0	98.1018	-88.5564	-3.58786e-05	0	0	0	4.75374	2.25034	0	2.5034		300	0.469982	0.0243899	-0.0249395	0.000549605	0	0	0	0.469982	0	-0.355028	-111.796	0	20.391	20.391	-1.5099e-14	5.32541	0	0	0	0	0	0	0	0	0	0	0	0	0	0	0	0	0	0	0	0	0	0	0	0	0	0	0	0	0	0	0	0	0	
1	1	1	717	21.51		300	0	0	0.03585	-0.03585	0.000255211	0	0	0	98.1575	-88.6027	-3.59344e-05	0	0	0	4.76307	2.25532	0	2.50776		300	0.4708	0.0244336	-0.0249837	0.000550145	0	0	0	0.4708	0	-0.355028	-111.796	0	20.391	20.391	-1.5099e-14	5.32541	0	0	0	0	0	0	0	0	0	0	0	0	0	0	0	0	0	0	0	0	0	0	0	0	0	0	0	0	0	0	0	0	0	
1	1	1	718	21.54		300	0	0	0.0359	-0.0359	0.000255461	0	0	0	98.2132	-88.649	-3.59902e-05	0	0	0	4.77241	2.2603	0	2.51211		300	0.471618	0.0244772	-0.0250279	0.000550684	0	0	0	0.471618	0	-0.355028	-111.796	0	20.391	20.391	-1.5099e-14	5.32541	0	0	0	0	0	0	0	0	0	0	0	0	0	0	0	0	0	0	0	0	0	0	0	0	0	0	0	0	0	0	0	0	0	
1	1	1	719	21.57		300	0	0	0.03595	-0.03595	0.000255711	0	0	0	98.2689	-88.6954	-3.6046e-05	0	0	0	4.78176	2.26529	0	2.51647		300	0.472435	0.0245208	-0.0250721	0.000551223	0	0	0	0.472435	0	-0.355028	-111.796	0	20.391	20.391	-1.5099e-14	5.32541	0	0	0	0	0	0	0	0	0	0	0	0	0	0	0	0	0	0	0	0	0	0	0	0	0	0	0	0	0	0	0	0	0	
1	1	1	720	21.6		300	0	0	0.036	-0.036	0.000255961	0	0	0	98.3246	-88.7417	-3.61017e-05	0	0	0	4.79111	2.27029	0	2.52082		300	0.473253	0.0245645	-0.0251163	0.000551761	0	0	0	0.473253	0	-0.355028	-111.796	0	20.391	20.391	-1.5099e-14	5.32541	0	0	0	0	0	0	0	0	0	0	0	0	0	0	0	0	0	0	0	0	0	0	0	0	0	0	0	0	0	0	0	0	0	
1	1	1	721	21.63		300	0	0	0.03605	-0.03605	0.00025621	0	0	0	98.3803	-88.7881	-3.61574e-05	0	0	0	4.80047	2.27529	0	2.52518		300	0.474071	0.0246081	-0.0251604	0.000552298	0	0	0	0.474071	0	-0.355028	-111.796	0	20.391	20.391	-1.5099e-14	5.32541	0	0	0	0	0	0	0	0	0	0	0	0	0	0	0	0	0	0	0	0	0	0	0	0	0	0	0	0	0	0	0	0	0	
1	1	1	722	21.66		300	0	0	0.0361	-0.0361	0.000256459	0	0	0	98.4359	-88.8344	-3.62131e-05	0	0	0	4.80983	2.28029	0	2.52953		300	0.474888	0.0246518	-0.0252046	0.000552834	0	0	0	0.474888	0	-0.355028	-111.796	0	20.391	20.391	-1.5099e-14	5.32541	0	0	0	0	0	0	0	0	0	0	0	0	0	0	0	0	0	0	0	0	0	0	0	0	0	0	0	0	0	0	0	0	0	
1	1	1	723	21.69		300	0	0	0.03615	-0.03615	0.000256707	0	0	0	98.4916	-88.8807	-3.62687e-05	0	0	0	4.81919	2.2853	0	2.53389		300	0.475706	0.0246954	-0.0252488	0.00055337	0	0	0	0.475706	0	-0.355028	-111.796	0	20.391	20.391	-1.5099e-14	5.32541	0	0	0	0	0	0	0	0	0	0	0	0	0	0	0	0	0	0	0	0	0	0	0	0	0	0	0	0	0	0	0	0	0	
1	1	1	724	21.72		300	0	0	0.0362	-0.0362	0.000256956	0	0	0	98.5472	-88.9271	-3.63243e-05	0	0	0	4.82857	2.29032	0	2.53824		300	0.476523	0.0247391	-0.025293	0.000553905	0	0	0	0.476523	0	-0.355028	-111.796	0	20.391	20.391	-1.5099e-14	5.32541	0	0	0	0	0	0	0	0	0	0	0	0	0	0	0	0	0	0	0	0	0	0	0	0	0	0	0	0	0	0	0	0	0	
1	1	1	725	21.75		300	0	0	0.03625	-0.03625	0.000257204	0	0	0	98.6028	-88.9734	-3.63798e-05	0	0	0	4.83794	2.29534	0	2.5426		300	0.477341	0.0247827	-0.0253372	0.00055444	0	0	0	0.477341	0	-0.355028	-111.796	0	20.391	20.391	-1.5099e-14	5.32541	0	0	0	0	0	0	0	0	0	0	0	0	0	0	0	0	0	0	0	0	0	0	0	0	0	0	0	0	0	0	0	0	0	
1	1	1	726	21.78		300	0	0	0.0363	-0.0363	0.000257451	0	0	0	98.6584	-89.0197	-3.64353e-05	0	0	0	4.84732	2.30037	0	2.54695		300	0.478158	0.0248264	-0.0253814	0.000554974	0	0	0	0.478158	0	-0.355028	-111.796	0	20.391	20.391	-1.5099e-14	5.32541	0	0	0	0	0	0	0	0	0	0	0	0	0	0	0	0	0	0	0	0	0	0	0	0	0	0	0	0	0	0	0	0	0	
1	1	1	727	21.81		300	0	0	0.03635	-0.03635	0.000257699	0	0	0	98.714	-89.0661	-3.64908e-05	0	0	0	4.85671	2.3054	0	2.55131		300	0.478976	0.02487	-0.0254255	0.000555507	0	0	0	0.478976	0	-0.355028	-111.796	0	20.391	20.391	-1.5099e-14	5.32541	0	0	0	0	0	0	0	0	0	0	0	0	0	0	0	0	0	0	0	0	0	0	0	0	0	0	0	0	0	0	0	0	0	
1	1	1	728	21.84		300	0	0	0.0364	-0.0364	0.000257946	0	0	0	98.7696	-89.1124	-3.65462e-05	0	0	0	4.8661	2.31044	0	2.55566		300	0.479793	0.0249137	-0.0254697	0.00055604	0	0	0	0.479793	0	-0.355028	-111.796	0	20.391	20.391	-1.5099e-14	5.32541	0	0	0	0	0	0	0	0	0	0	0	0	0	0	0	0	0	0	0	0	0	0	0	0	0	0	0	0	0	0	0	0	0	
1	1	1	729	21.87		300	0	0	0.03645	-0.03645	0.000258193	0	0	0	98.8252	-89.1588	-3.66016e-05	0	0	0	4.8755	2.31548	0	2.56002		300	0.480611	0.0249573	-0.0255139	0.000556572	0	0	0	0.480611	0	-0.355028	-111.796	0	20.391	20.391	-1.5099e-14	5.32541	0	0	0	0	0	0	0	0	0	0	0	0	0	0	0	0	0	0	0	0	0	0	0	0	0	0	0	0	0	0	0	0	0	
1	1	1	730	21.9		300	0	0	0.0365	-0.0365	0.000258439	0	0	0	98.8808	-89.2051	-3.66569e-05	0	0	0	4.8849	2.32053	0	2.56437		300	0.481428	0.025001	-0.0255581	0.000557104	0	0	0	0.481428	0	-0.355028	-111.796	0	20.391	20.391	-1.5099e-14	5.32541	0	0	0	0	0	0	0	0	0	0	0	0	0	0	0	0	0	0	0	0	0	0	0	0	0	0	0	0	0	0	0	0	0	
1	1	1	731	21.93		300	0	0	0.03655	-0.03655	0.000258686	0	0	0	98.9364	-89.2515	-3.67123e-05	0	0	0	4.89431	2.32558	0	2.56873		300	0.482246	0.0250446	-0.0256023	0.000557635	0	0	0	0.482246	0	-0.355028	-111.796	0	20.391	20.391	-1.5099e-14	5.32541	0	0	0	0	0	0	0	0	0	0	0	0	0	0	0	0	0	0	0	0	0	0	0	0	0	0	0	0	0	0	0	0	0	
1	1	1	732	21.96		300	0	0	0.0366	-0.0366	0.000258932	0	0	0	98.9919	-89.2978	-3.67675e-05	0	0	0	4.90372	2.33064	0	2.57308		300	0.483063	0.0250883	-0.0256465	0.000558165	0	0	0	0.483063	0	-0.355028	-111.796	0	20.391	20.391	-1.5099e-14	5.32541	0	0	0	0	0	0	0	0	0	0	0	0	0	0	0	0	0	0	0	0	0	0	0	0	0	0	0	0	0	0	0	0	0	
1	1	1	733	21.99		300	0	0	0.03665	-0.03665	0.000259177	0	0	0	99.0475	-89.3442	-3.68227e-05	0	0	0	4.91314	2.3357	0	2.57744		300	0.483881	0.025132	-0.0256907	0.000558695	0	0	0	0.483881	0	-0.355028	-111.796	0	20.391	20.391	-1.5099e-14	5.32541	0	0	0	0	0	0	0	0	0	0	0	0	0	0	0	0	0	0	0	0	0	0	0	0	0	0	0	0	0	0	0	0	0	
1	1	1	734	22.02		300	0	0	0.0367	-0.0367	0.000259423	0	0	0	99.103	-89.3905	-3.68779e-05	0	0	0	4.92256	2.34077	0	2.58179		300	0.484698	0.0251756	-0.0257348	0.000559224	0	0	0	0.484698	0	-0.355028	-111.796	0	20.391	20.391	-1.5099e-14	5.32541	0	0	0	0	0	0	0	0	0	0	0	0	0	0	0	0	0	0	0	0	0	0	0	0	0	0	0	0	0	0	0	0	0	
1	1	1	735	22.05		300	0	0	0.03675	-0.03675	0.000259668	0	0	0	99.1586	-89.4369	-3.69331e-05	0	0	0	4.93198	2.34584	0	2.58614		300	0.485515	0.0252193	-0.025779	0.000559752	0	0	0	0.485515	0	-0.355028	-111.796	0	20.391	20.391	-1.5099e-14	5.32541	0	0	0	0	0	0	0	0	0	0	0	0	0	0	0	0	0	0	0	0	0	0	0	0	0	0	0	0	0	0	0	0	0	
1	1	1	736	22.08		300	0	0	0.0368	-0.0368	0.000259913	0	0	0	99.2141	-89.4833	-3.69882e-05	0	0	0	4.94142	2.35092	0	2.5905		300	0.486333	0.0252629	-0.0258232	0.00056028	0	0	0	0.486333	0	-0.355028	-111.796	0	20.391	20.391	-1.5099e-14	5.32541	0	0	0	0	0	0	0	0	0	0	0	0	0	0	0	0	0	0	0	0	0	0	0	0	0	0	0	0	0	0	0	0	0	
1	1	1	737	22.11		300	0	0	0.03685	-0.03685	0.000260157	0	0	0	99.2696	-89.5296	-3.70433e-05	0	0	0	4.95085	2.356	0	2.59485		300	0.48715	0.0253066	-0.0258674	0.000560807	0	0	0	0.48715	0	-0.355028	-111.796	0	20.391	20.391	-1.5099e-14	5.32541	0	0	0	0	0	0	0	0	0	0	0	0	0	0	0	0	0	0	0	0	0	0	0	0	0	0	0	0	0	0	0	0	0	
1	1	1	738	22.14		300	0	0	0.0369	-0.0369	0.000260402	0	0	0	99.3251	-89.576	-3.70983e-05	0	0	0	4.9603	2.36109	0	2.59921		300	0.487967	0.0253502	-0.0259116	0.000561334	0	0	0	0.487967	0	-0.355028	-111.796	0	20.391	20.391	-1.5099e-14	5.32541	0	0	0	0	0	0	0	0	0	0	0	0	0	0	0	0	0	0	0	0	0	0	0	0	0	0	0	0	0	0	0	0	0	
1	1	1	739	22.17		300	0	0	0.03695	-0.03695	0.000260646	0	0	0	99.3806	-89.6224	-3.71533e-05	0	0	0	4.96974	2.36619	0	2.60356		300	0.488784	0.0253939	-0.0259558	0.00056186	0	0	0	0.488784	0	-0.355028	-111.796	0	20.391	20.391	-1.5099e-14	5.32541	0	0	0	0	0	0	0	0	0	0	0	0	0	0	0	0	0	0	0	0	0	0	0	0	0	0	0	0	0	0	0	0	0	
1	1	1	740	22.2		300	0	0	0.037	-0.037	0.000260889	0	0	0	99.4361	-89.6687	-3.72082e-05	0	0	0	4.9792	2.37128	0	2.60791		300	0.489602	0.0254376	-0.026	0.000562385	0	0	0	0.489602	0	-0.355028	-111.796	0	20.391	20.391	-1.5099e-14	5.32541	0	0	0	0	0	0	0	0	0	0	0	0	0	0	0	0	0	0	0	0	0	0	0	0	0	0	0	0	0	0	0	0	0	
1	1	1	741	22.23		300	0	0	0.03705	-0.03705	0.000261133	0	0	0	99.4916	-89.7151	-3.72631e-05	0	0	0	4.98865	2.37639	0	2.61227		300	0.490419	0.0254812	-0.0260441	0.00056291	0	0	0	0.490419	0	-0.355028	-111.796	0	20.391	20.391	-1.5099e-14	5.32541	0	0	0	0	0	0	0	0	0	0	0	0	0	0	0	0	0	0	0	0	0	0	0	0	0	0	0	0	0	0	0	0	0	
1	1	1	742	22.26		300	0	0	0.0371	-0.0371	0.000261376	0	0	0	99.5471	-89.7615	-3.7318e-05	0	0	0	4.99812	2.3815	0	2.61662		300	0.491236	0.0255249	-0.0260883	0.000563434	0	0	0	0.491236	0	-0.355028	-111.796	0	20.391	20.391	-1.5099e-14	5.32541	0	0	0	0	0	0	0	0	0	0	0	0	0	0	0	0	0	0	0	0	0	0	0	0	0	0	0	0	0	0	0	0	0	
1	1	1	743	22.29		300	0	0	0.03715	-0.03715	0.000261619	0	0	0	99.6026	-89.8079	-3.73728e-05	0	0	0	5.00759	2.38661	0	2.62097		300	0.492053	0.0255685	-0.0261325	0.000563958	0	0	0	0.492053	0	-0.355028	-111.796	0	20.391	20.391	-1.5099e-14	5.32541	0	0	0	0	0	0	0	0	0	0	0	0	0	0	0	0	0	0	0	0	0	0	0	0	0	0	0	0	0	0	0	0	0	
1	1	1	744	22.32		300	0	0	0.0372	-0.0372	0.000261861	0	0	0	99.6581	-89.8543	-3.74276e-05	0	0	0	5.01706	2.39173	0	2.62532		300	0.49287	0.0256122	-0.0261767	0.000564481	0	0	0	0.49287	0	-0.355028	-111.796	0	20.391	20.391	-1.5099e-14	5.32541	0	0	0	0	0	0	0	0	0	0	0	0	0	0	0	0	0	0	0	0	0	0	0	0	0	0	0	0	0	0	0	0	0	
1	1	1	745	22.35		300	0	0	0.03725	-0.03725	0.000262104	0	0	0	99.7135	-89.9007	-3.74824e-05	0	0	0	5.02654	2.39686	0	2.62968		300	0.493687	0.0256559	-0.0262209	0.000565003	0	0	0	0.493687	0	-0.355028	-111.796	0	20.391	20.391	-1.5099e-14	5.32541	0	0	0	0	0	0	0	0	0	0	0	0	0	0	0	0	0	0	0	0	0	0	0	0	0	0	0	0	0	0	0	0	0	
1	1	1	746	22.38		300	0	0	0.0373	-0.0373	0.000262346	0	0	0	99.769	-89.9471	-3.75371e-05	0	0	0	5.03602	2.40199	0	2.63403		300	0.494504	0.0256995	-0.0262651	0.000565525	0	0	0	0.494504	0	-0.355028	-111.796	0	20.391	20.391	-1.5099e-14	5.32541	0	0	0	0	0	0	0	0	0	0	0	0	0	0	0	0	0	0	0	0	0	0	0	0	0	0	0	0	0	0	0	0	0	
1	1	1	747	22.41		300	0	0	0.03735	-0.03735	0.000262588	0	0	0	99.8244	-89.9935	-3.75917e-05	0	0	0	5.04551	2.40713	0	2.63838		300	0.495322	0.0257432	-0.0263092	0.000566046	0	0	0	0.495322	0	-0.355028	-111.796	0	20.391	20.391	-1.5099e-14	5.32541	0	0	0	0	0	0	0	0	0	0	0	0	0	0	0	0	0	0	0	0	0	0	0	0	0	0	0	0	0	0	0	0	0	
1	1	1	748	22.44		300	0	0	0.0374	-0.0374	0.000262829	0	0	0	99.8799	-90.0399	-3.76464e-05	0	0	0	5.055	2.41227	0	2.64273		300	0.496139	0.0257869	-0.0263534	0.000566567	0	0	0	0.496139	0	-0.355028	-111.796	0	20.391	20.391	-1.5099e-14	5.32541	0	0	0	0	0	0	0	0	0	0	0	0	0	0	0	0	0	0	0	0	0	0	0	0	0	0	0	0	0	0	0	0	0	
1	1	1	749	22.47		300	0	0	0.03745	-0.03745	0.00026307	0	0	0	99.9353	-90.0863	-3.7701e-05	0	0	0	5.0645	2.41741	0	2.64709		300	0.496956	0.0258305	-0.0263976	0.000567087	0	0	0	0.496956	0	-0.355028	-111.796	0	20.391	20.391	-1.5099e-14	5.32541	0	0	0	0	0	0	0	0	0	0	0	0	0	0	0	0	0	0	0	0	0	0	0	0	0	0	0	0	0	0	0	0	0	
1	1	1	750	22.5		300	0	0	0.0375	-0.0375	0.000263311	0	0	0	99.9908	-90.1327	-3.77555e-05	0	0	0	5.074	2.42257	0	2.65144		300	0.497773	0.0258742	-0.0264418	0.000567606	0	0	0	0.497773	0	-0.355028	-111.796	0	20.391	20.391	-1.5099e-14	5.32541	0	0	0	0	0	0	0	0	0	0	0	0	0	0	0	0	0	0	0	0	0	0	0	0	0	0	0	0	0	0	0	0	0	
1	1	1	751	22.53		300	0	0	0.03755	-0.03755	0.000263552	0	0	0	100.046	-90.1791	-3.781e-05	0	0	0	5.08351	2.42772	0	2.65579		300	0.49859	0.0259179	-0.026486	0.000568125	0	0	0	0.49859	0	-0.355028	-111.796	0	20.391	20.391	-1.5099e-14	5.32541	0	0	0	0	0	0	0	0	0	0	0	0	0	0	0	0	0	0	0	0	0	0	0	0	0	0	0	0	0	0	0	0	0	
1	1	1	752	22.56		300	0	0	0.0376	-0.0376	0.000263793	0	0	0	100.102	-90.2256	-3.78645e-05	0	0	0	5.09303	2.43288	0	2.66014		300	0.499406	0.0259615	-0.0265302	0.000568643	0	0	0	0.499406	0	-0.355028	-111.796	0	20.391	20.391	-1.5099e-14	5.32541	0	0	0	0	0	0	0	0	0	0	0	0	0	0	0	0	0	0	0	0	0	0	0	0	0	0	0	0	0	0	0	0	0	
1	1	1	753	22.59		300	0	0	0.03765	-0.03765	0.000264033	0	0	0	100.157	-90.272	-3.79189e-05	0	0	0	5.10255	2.43805	0	2.66449		300	0.500223	0.0260052	-0.0265743	0.000569161	0	0	0	0.500223	0	-0.355028	-111.796	0	20.391	20.391	-1.5099e-14	5.32541	0	0	0	0	0	0	0	0	0	0	0	0	0	0	0	0	0	0	0	0	0	0	0	0	0	0	0	0	0	0	0	0	0	
1	1	1	754	22.62		300	0	0	0.0377	-0.0377	0.000264273	0	0	0	100.212	-90.3184	-3.79733e-05	0	0	0	5.11207	2.44322	0	2.66885		300	0.50104	0.0260488	-0.0266185	0.000569678	0	0	0	0.50104	0	-0.355028	-111.796	0	20.391	20.391	-1.5099e-14	5.32541	0	0	0	0	0	0	0	0	0	0	0	0	0	0	0	0	0	0	0	0	0	0	0	0	0	0	0	0	0	0	0	0	0	
1	1	1	755	22.65		300	0	0	0.03775	-0.03775	0.000264512	0	0	0	100.268	-90.3649	-3.80276e-05	0	0	0	5.1216	2.4484	0	2.6732		300	0.501857	0.0260925	-0.0266627	0.000570195	0	0	0	0.501857	0	-0.355028	-111.796	0	20.391	20.391	-1.5099e-14	5.32541	0	0	0	0	0	0	0	0	0	0	0	0	0	0	0	0	0	0	0	0	0	0	0	0	0	0	0	0	0	0	0	0	0	
1	1	1	756	22.68		300	0	0	0.0378	-0.0378	0.000264752	0	0	0	100.323	-90.4113	-3.80819e-05	0	0	0	5.13113	2.45358	0	2.67755		300	0.502674	0.0261362	-0.0267069	0.000570711	0	0	0	0.502674	0	-0.355028	-111.796	0	20.391	20.391	-1.5099e-14	5.32541	0	0	0	0	0	0	0	0	0	0	0	0	0	0	0	0	0	0	0	0	0	0	0	0	0	0	0	0	0	0	0	0	0	
1	1	1	757	22.71		300	0	0	0.03785	-0.03785	0.000264991	0	0	0	100.379	-90.4578	-3.81362e-05	0	0	0	5.14067	2.45877	0	2.6819		300	0.503491	0.0261798	-0.0267511	0.000571226	0	0	0	0.503491	0	-0.355028	-111.796	0	20.391	20.391	-1.5099e-14	5.32541	0	0	0	0	0	0	0	0	0	0	0	0	0	0	0	0	0	0	0	0	0	0	0	0	0	0	0	0	0	0	0	0	0	
1	1	1	758	22.74		300	0	0	0.0379	-0.0379	0.00026523	0	0	0	100.434	-90.5042	-3.81904e-05	0	0	0	5.15022	2.46397	0	2.68625		300	0.504307	0.0262235	-0.0267952	0.000571741	0	0	0	0.504307	0	-0.355028	-111.796	0	20.391	20.391	-1.5099e-14	5.32541	0	0	0	0	0	0	0	0	0	0	0	0	0	0	0	0	0	0	0	0	0	0	0	0	0	0	0	0	0	0	0	0	0	
1	1	1	759	22.77		300	0	0	0.03795	-0.03795	0.000265468	0	0	0	100.49	-90.5507	-3.82446e-05	0	0	0	5.15977	2.46916	0	2.6906		300	0.505124	0.0262672	-0.0268394	0.000572255	0	0	0	0.505124	0	-0.355028	-111.796	0	20.391	20.391	-1.5099e-14	5.32541	0	0	0	0	0	0	0	0	0	0	0	0	0	0	0	0	0	0	0	0	0	0	0	0	0	0	0	0	0	0	0	0	0	
1	1	1	760	22.8		300	0	0	0.038	-0.038	0.000265706	0	0	0	100.545	-90.5972	-3.82987e-05	0	0	0	5.16932	2.47437	0	2.69495		300	0.505941	0.0263108	-0.0268836	0.000572769	0	0	0	0.505941	0	-0.355028	-111.796	0	20.391	20.391	-1.5099e-14	5.32541	0	0	0	0	0	0	0	0	0	0	0	0	0	0	0	0	0	0	0	0	0	0	0	0	0	0	0	0	0	0	0	0	0	
1	1	1	761	22.83		300	0	0	0.03805	-0.03805	0.000265945	0	0	0	100.6	-90.6437	-3.83528e-05	0	0	0	5.17888	2.47958	0	2.6993		300	0.506758	0.0263545	-0.0269278	0.000573282	0	0	0	0.506758	0	-0.355028	-111.796	0	20.391	20.391	-1.5099e-14	5.32541	0	0	0	0	0	0	0	0	0	0	0	0	0	0	0	0	0	0	0	0	0	0	0	0	0	0	0	0	0	0	0	0	0	
1	1	1	762	22.86		300	0	0	0.0381	-0.0381	0.000266182	0	0	0	100.656	-90.6902	-3.84069e-05	0	0	0	5.18845	2.48479	0	2.70365		300	0.507574	0.0263982	-0.026972	0.000573795	0	0	0	0.507574	0	-0.355028	-111.796	0	20.391	20.391	-1.5099e-14	5.32541	0	0	0	0	0	0	0	0	0	0	0	0	0	0	0	0	0	0	0	0	0	0	0	0	0	0	0	0	0	0	0	0	0	
1	1	1	763	22.89		300	0	0	0.03815	-0.03815	0.00026642	0	0	0	100.711	-90.7367	-3.84609e-05	0	0	0	5.19801	2.49001	0	2.708		300	0.508391	0.0264418	-0.0270161	0.000574307	0	0	0	0.508391	0	-0.355028	-111.796	0	20.391	20.391	-1.5099e-14	5.32541	0	0	0	0	0	0	0	0	0	0	0	0	0	0	0	0	0	0	0	0	0	0	0	0	0	0	0	0	0	0	0	0	0	
1	1	1	764	22.92		300	0	0	0.0382	-0.0382	0.000266657	0	0	0	100.767	-90.7832	-3.85149e-05	0	0	0	5.20759	2.49524	0	2.71235		300	0.509207	0.0264855	-0.0270603	0.000574819	0	0	0	0.509207	0	-0.355028	-111.796	0	20.391	20.391	-1.5099e-14	5.32541	0	0	0	0	0	0	0	0	0	0	0	0	0	0	0	0	0	0	0	0	0	0	0	0	0	0	0	0	0	0	0	0	0	
1	1	1	765	22.95		300	0	0	0.03825	-0.03825	0.000266894	0	0	0	100.822	-90.8297	-3.85688e-05	0	0	0	5.21717	2.50047	0	2.7167		300	0.510024	0.0265292	-0.0271045	0.000575329	0	0	0	0.510024	0	-0.355028	-111.796	0	20.391	20.391	-1.5099e-14	5.32541	0	0	0	0	0	0	0	0	0	0	0	0	0	0	0	0	0	0	0	0	0	0	0	0	0	0	0	0	0	0	0	0	0	
1	1	1	766	22.98		300	0	0	0.0383	-0.0383	0.000267131	0	0	0	100.877	-90.8762	-3.86227e-05	0	0	0	5.22676	2.5057	0	2.72105		300	0.51084	0.0265728	-0.0271487	0.00057584	0	0	0	0.51084	0	-0.355028	-111.796	0	20.391	20.391	-1.5099e-14	5.32541	0	0	0	0	0	0	0	0	0	0	0	0	0	0	0	0	0	0	0	0	0	0	0	0	0	0	0	0	0	0	0	0	0	
1	1	1	767	23.01		300	0	0	0.03835	-0.03835	0.000267367	0	0	0	100.933	-90.9227	-3.86766e-05	0	0	0	5.23635	2.51094	0	2.7254		300	0.511657	0.0266165	-0.0271928	0.00057635	0	0	0	0.511657	0	-0.355028	-111.796	0	20.391	20.391	-1.5099e-14	5.32541	0	0	0	0	0	0	0	0	0	0	0	0	0	0	0	0	0	0	0	0	0	0	0	0	0	0	0	0	0	0	0	0	0	
1	1	1	768	23.04		300	0	0	0.0384	-0.0384	0.000267604	0	0	0	100.988	-90.9693	-3.87304e-05	0	0	0	5.24594	2.51619	0	2.72975		300	0.512473	0.0266602	-0.027237	0.000576859	0	0	0	0.512473	0	-0.355028	-111.796	0	20.391	20.391	-1.5099e-14	5.32541	0	0	0	0	0	0	0	0	0	0	0	0	0	0	0	0	0	0	0	0	0	0	0	0	0	0	0	0	0	0	0	0	0	
1	1	1	769	23.07		300	0	0	0.03845	-0.03845	0.00026784	0	0	0	101.043	-91.0158	-3.87841e-05	0	0	0	5.25554	2.52144	0	2.7341		300	0.51329	0.0267038	-0.0272812	0.000577368	0	0	0	0.51329	0	-0.355028	-111.796	0	20.391	20.391	-1.5099e-14	5.32541	0	0	0	0	0	0	0	0	0	0	0	0	0	0	0	0	0	0	0	0	0	0	0	0	0	0	0	0	0	0	0	0	0	
1	1	1	770	23.1		300	0	0	0.0385	-0.0385	0.000268076	0	0	0	101.099	-91.0624	-3.88379e-05	0	0	0	5.26515	2.5267	0	2.73845		300	0.514106	0.0267475	-0.0273254	0.000577876	0	0	0	0.514106	0	-0.355028	-111.796	0	20.391	20.391	-1.5099e-14	5.32541	0	0	0	0	0	0	0	0	0	0	0	0	0	0	0	0	0	0	0	0	0	0	0	0	0	0	0	0	0	0	0	0	0	
1	1	1	771	23.13		300	0	0	0.03855	-0.03855	0.000268311	0	0	0	101.154	-91.1089	-3.88915e-05	0	0	0	5.27476	2.53196	0	2.7428		300	0.514923	0.0267912	-0.0273695	0.000578384	0	0	0	0.514923	0	-0.355028	-111.796	0	20.391	20.391	-1.5099e-14	5.32541	0	0	0	0	0	0	0	0	0	0	0	0	0	0	0	0	0	0	0	0	0	0	0	0	0	0	0	0	0	0	0	0	0	
1	1	1	772	23.16		300	0	0	0.0386	-0.0386	0.000268546	0	0	0	101.21	-91.1555	-3.89452e-05	0	0	0	5.28437	2.53723	0	2.74715		300	0.515739	0.0268348	-0.0274137	0.000578891	0	0	0	0.515739	0	-0.355028	-111.796	0	20.391	20.391	-1.5099e-14	5.32541	0	0	0	0	0	0	0	0	0	0	0	0	0	0	0	0	0	0	0	0	0	0	0	0	0	0	0	0	0	0	0	0	0	
1	1	1	773	23.19		300	0	0	0.03865	-0.03865	0.000268781	0	0	0	101.265	-91.2021	-3.89988e-05	0	0	0	5.29399	2.5425	0	2.7515		300	0.516555	0.0268785	-0.0274579	0.000579397	0	0	0	0.516555	0	-0.355028	-111.796	0	20.391	20.391	-1.5099e-14	5.32541	0	0	0	0	0	0	0	0	0	0	0	0	0	0	0	0	0	0	0	0	0	0	0	0	0	0	0	0	0	0	0	0	0	
1	1	1	774	23.22		300	0	0	0.0387	-0.0387	0.000269016	0	0	0	101.32	-91.2487	-3.90523e-05	0	0	0	5.30362	2.54778	0	2.75584		300	0.517371	0.0269222	-0.0275021	0.000579903	0	0	0	0.517371	0	-0.355028	-111.796	0	20.391	20.391	-1.5099e-14	5.32541	0	0	0	0	0	0	0	0	0	0	0	0	0	0	0	0	0	0	0	0	0	0	0	0	0	0	0	0	0	0	0	0	0	
1	1	1	775	23.25		300	0	0	0.03875	-0.03875	0.000269251	0	0	0	101.376	-91.2952	-3.91059e-05	0	0	0	5.31325	2.55306	0	2.76019		300	0.518188	0.0269658	-0.0275462	0.000580409	0	0	0	0.518188	0	-0.355028	-111.796	0	20.391	20.391	-1.5099e-14	5.32541	0	0	0	0	0	0	0	0	0	0	0	0	0	0	0	0	0	0	0	0	0	0	0	0	0	0	0	0	0	0	0	0	0	
1	1	1	776	23.28		300	0	0	0.0388	-0.0388	0.000269485	0	0	0	101.431	-91.3419	-3.91593e-05	0	0	0	5.32289	2.55835	0	2.76454		300	0.519004	0.0270095	-0.0275904	0.000580914	0	0	0	0.519004	0	-0.355028	-111.796	0	20.391	20.391	-1.5099e-14	5.32541	0	0	0	0	0	0	0	0	0	0	0	0	0	0	0	0	0	0	0	0	0	0	0	0	0	0	0	0	0	0	0	0	0	
1	1	1	777	23.31		300	0	0	0.03885	-0.03885	0.000269719	0	0	0	101.486	-91.3885	-3.92128e-05	0	0	0	5.33253	2.56364	0	2.76889		300	0.51982	0.0270531	-0.0276346	0.000581418	0	0	0	0.51982	0	-0.355028	-111.796	0	20.391	20.391	-1.5099e-14	5.32541	0	0	0	0	0	0	0	0	0	0	0	0	0	0	0	0	0	0	0	0	0	0	0	0	0	0	0	0	0	0	0	0	0	
1	1	1	778	23.34		300	0	0	0.0389	-0.0389	0.000269953	0	0	0	101.542	-91.4351	-3.92662e-05	0	0	0	5.34217	2.56894	0	2.77323		300	0.520636	0.0270968	-0.0276787	0.000581922	0	0	0	0.520636	0	-0.355028	-111.796	0	20.391	20.391	-1.5099e-14	5.32541	0	0	0	0	0	0	0	0	0	0	0	0	0	0	0	0	0	0	0	0	0	0	0	0	0	0	0	0	0	0	0	0	0	
1	1	1	779	23.37		300	0	0	0.03895	-0.03895	0.000270186	0	0	0	101.597	-91.4817	-3.93195e-05	0	0	0	5.35183	2.57424	0	2.77758		300	0.521452	0.0271405	-0.0277229	0.000582426	0	0	0	0.521452	0	-0.355028	-111.796	0	20.391	20.391	-1.5099e-14	5.32541	0	0	0	0	0	0	0	0	0	0	0	0	0	0	0	0	0	0	0	0	0	0	0	0	0	0	0	0	0	0	0	0	0	
1	1	1	780	23.4		300	0	0	0.039	-0.039	0.000270419	0	0	0	101.653	-91.5284	-3.93728e-05	0	0	0	5.36148	2.57955	0	2.78193		300	0.522268	0.0271841	-0.0277671	0.000582929	0	0	0	0.522268	0	-0.355028	-111.796	0	20.391	20.391	-1.5099e-14	5.32541	0	0	0	0	0	0	0	0	0	0	0	0	0	0	0	0	0	0	0	0	0	0	0	0	0	0	0	0	0	0	0	0	0	
1	1	1	781	23.43		300	0	0	0.03905	-0.03905	0.000270652	0	0	0	101.708	-91.575	-3.94261e-05	0	0	0	5.37114	2.58487	0	2.78628		300	0.523084	0.0272278	-0.0278112	0.000583431	0	0	0	0.523084	0	-0.355028	-111.796	0	20.391	20.391	-1.5099e-14	5.32541	0	0	0	0	0	0	0	0	0	0	0	0	0	0	0	0	0	0	0	0	0	0	0	0	0	0	0	0	0	0	0	0	0	
1	1	1	782	23.46		300	0	0	0.0391	-0.0391	0.000270885	0	0	0	101.763	-91.6217	-3.94793e-05	0	0	0	5.38081	2.59019	0	2.79062		300	0.5239	0.0272715	-0.0278554	0.000583933	0	0	0	0.5239	0	-0.355028	-111.796	0	20.391	20.391	-1.5099e-14	5.32541	0	0	0	0	0	0	0	0	0	0	0	0	0	0	0	0	0	0	0	0	0	0	0	0	0	0	0	0	0	0	0	0	0	
1	1	1	783	23.49		300	0	0	0.03915	-0.03915	0.000271118	0	0	0	101.819	-91.6684	-3.95325e-05	0	0	0	5.39048	2.59551	0	2.79497		300	0.524716	0.0273151	-0.0278996	0.000584434	0	0	0	0.524716	0	-0.355028	-111.796	0	20.391	20.391	-1.5099e-14	5.32541	0	0	0	0	0	0	0	0	0	0	0	0	0	0	0	0	0	0	0	0	0	0	0	0	0	0	0	0	0	0	0	0	0	
1	1	1	784	23.52		300	0	0	0.0392	-0.0392	0.00027135	0	0	0	101.874	-91.715	-3.95856e-05	0	0	0	5.40016	2.60084	0	2.79932		300	0.525532	0.0273588	-0.0279437	0.000584935	0	0	0	0.525532	0	-0.355028	-111.796	0	20.391	20.391	-1.5099e-14	5.32541	0	0	0	0	0	0	0	0	0	0	0	0	0	0	0	0	0	0	0	0	0	0	0	0	0	0	0	0	0	0	0	0	0	
1	1	1	785	23.55		300	0	0	0.03925	-0.03925	0.000271582	0	0	0	101.929	-91.7617	-3.96387e-05	0	0	0	5.40984	2.60618	0	2.80366		300	0.526348	0.0274024	-0.0279879	0.000585435	0	0	0	0.526348	0	-0.355028	-111.796	0	20.391	20.391	-1.5099e-14	5.32541	0	0	0	0	0	0	0	0	0	0	0	0	0	0	0	0	0	0	0	0	0	0	0	0	0	0	0	0	0	0	0	0	0	
1	1	1	786	23.58		300	0	0	0.0393	-0.0393	0.000271814	0	0	0	101.985	-91.8084	-3.96918e-05	0	0	0	5.41953	2.61152	0	2.80801		300	0.527164	0.0274461	-0.028032	0.000585935	0	0	0	0.527164	0	-0.355028	-111.796	0	20.391	20.391	-1.5099e-14	5.32541	0	0	0	0	0	0	0	0	0	0	0	0	0	0	0	0	0	0	0	0	0	0	0	0	0	0	0	0	0	0	0	0	0	
1	1	1	787	23.61		300	0	0	0.03935	-0.03935	0.000272045	0	0	0	102.04	-91.8551	-3.97448e-05	0	0	0	5.42922	2.61687	0	2.81235		300	0.527979	0.0274898	-0.0280762	0.000586434	0	0	0	0.527979	0	-0.355028	-111.796	0	20.391	20.391	-1.5099e-14	5.32541	0	0	0	0	0	0	0	0	0	0	0	0	0	0	0	0	0	0	0	0	0	0	0	0	0	0	0	0	0	0	0	0	0	
1	1	1	788	23.64		300	0	0	0.0394	-0.0394	0.000272277	0	0	0	102.096	-91.9019	-3.97977e-05	0	0	0	5.43892	2.62222	0	2.8167		300	0.528795	0.0275334	-0.0281203	0.000586933	0	0	0	0.528795	0	-0.355028	-111.796	0	20.391	20.391	-1.5099e-14	5.32541	0	0	0	0	0	0	0	0	0	0	0	0	0	0	0	0	0	0	0	0	0	0	0	0	0	0	0	0	0	0	0	0	0	
1	1	1	789	23.67		300	0	0	0.03945	-0.03945	0.000272508	0	0	0	102.151	-91.9486	-3.98507e-05	0	0	0	5.44862	2.62758	0	2.82104		300	0.529611	0.0275771	-0.0281645	0.000587431	0	0	0	0.529611	0	-0.355028	-111.796	0	20.391	20.391	-1.5099e-14	5.32541	0	0	0	0	0	0	0	0	0	0	0	0	0	0	0	0	0	0	0	0	0	0	0	0	0	0	0	0	0	0	0	0	0	
1	1	1	790	23.7		300	0	0	0.0395	-0.0395	0.000272739	0	0	0	102.206	-91.9954	-3.99035e-05	0	0	0	5.45833	2.63294	0	2.82539		300	0.530427	0.0276207	-0.0282087	0.000587929	0	0	0	0.530427	0	-0.355028	-111.796	0	20.391	20.391	-1.5099e-14	5.32541	0	0	0	0	0	0	0	0	0	0	0	0	0	0	0	0	0	0	0	0	0	0	0	0	0	0	0	0	0	0	0	0	0	
1	1	1	791	23.73		300	0	0	0.03955	-0.03955	0.000272969	0	0	0	102.262	-92.0421	-3.99564e-05	0	0	0	5.46804	2.63831	0	2.82973		300	0.531242	0.0276644	-0.0282528	0.000588426	0	0	0	0.531242	0	-0.355028	-111.796	0	20.391	20.391	-1.5099e-14	5.32541	0	0	0	0	0	0	0	0	0	0	0	0	0	0	0	0	0	0	0	0	0	0	0	0	0	0	0	0	0	0	0	0	0	
1	1	1	792	23.76		300	0	0	0.0396	-0.0396	0.0002732	0	0	0	102.317	-92.0889	-4.00092e-05	0	0	0	5.47776	2.64368	0	2.83408		300	0.532058	0.027708	-0.028297	0.000588922	0	0	0	0.532058	0	-0.355028	-111.796	0	20.391	20.391	-1.5099e-14	5.32541	0	0	0	0	0	0	0	0	0	0	0	0	0	0	0	0	0	0	0	0	0	0	0	0	0	0	0	0	0	0	0	0	0	
1	1	1	793	23.79		300	0	0	0.03965	-0.03965	0.00027343	0	0	0	102.373	-92.1357	-4.00619e-05	0	0	0	5.48748	2.64906	0	2.83842		300	0.532873	0.0277517	-0.0283411	0.000589419	0	0	0	0.532873	0	-0.355028	-111.796	0	20.391	20.391	-1.5099e-14	5.32541	0	0	0	0	0	0	0	0	0	0	0	0	0	0	0	0	0	0	0	0	0	0	0	0	0	0	0	0	0	0	0	0	0	
1	1	1	794	23.82		300	0	0	0.0397	-0.0397	0.00027366	0	0	0	102.428	-92.1825	-4.01146e-05	0	0	0	5.49721	2.65444	0	2.84277		300	0.533689	0.0277954	-0.0283853	0.000589914	0	0	0	0.533689	0	-0.355028	-111.796	0	20.391	20.391	-1.5099e-14	5.32541	0	0	0	0	0	0	0	0	0	0	0	0	0	0	0	0	0	0	0	0	0	0	0	0	0	0	0	0	0	0	0	0	0	
1	1	1	795	23.85		300	0	0	0.03975	-0.03975	0.00027389	0	0	0	102.483	-92.2293	-4.01673e-05	0	0	0	5.50694	2.65983	0	2.84711		300	0.534504	0.027839	-0.0284294	0.000590409	0	0	0	0.534504	0	-0.355028	-111.796	0	20.391	20.391	-1.5099e-14	5.32541	0	0	0	0	0	0	0	0	0	0	0	0	0	0	0	0	0	0	0	0	0	0	0	0	0	0	0	0	0	0	0	0	0	
1	1	1	796	23.88		300	0	0	0.0398	-0.0398	0.000274119	0	0	0	102.539	-92.2761	-4.02199e-05	0	0	0	5.51668	2.66522	0	2.85146		300	0.53532	0.0278827	-0.0284736	0.000590904	0	0	0	0.53532	0	-0.355028	-111.796	0	20.391	20.391	-1.5099e-14	5.32541	0	0	0	0	0	0	0	0	0	0	0	0	0	0	0	0	0	0	0	0	0	0	0	0	0	0	0	0	0	0	0	0	0	
1	1	1	797	23.91		300	0	0	0.03985	-0.03985	0.000274348	0	0	0	102.594	-92.3229	-4.02725e-05	0	0	0	5.52642	2.67062	0	2.8558		300	0.536135	0.0279263	-0.0285177	0.000591398	0	0	0	0.536135	0	-0.355028	-111.796	0	20.391	20.391	-1.5099e-14	5.32541	0	0	0	0	0	0	0	0	0	0	0	0	0	0	0	0	0	0	0	0	0	0	0	0	0	0	0	0	0	0	0	0	0	
1	1	1	798	23.94		300	0	0	0.0399	-0.0399	0.000274577	0	0	0	102.65	-92.3698	-4.03251e-05	0	0	0	5.53617	2.67603	0	2.86014		300	0.53695	0.02797	-0.0285619	0.000591892	0	0	0	0.53695	0	-0.355028	-111.796	0	20.391	20.391	-1.5099e-14	5.32541	0	0	0	0	0	0	0	0	0	0	0	0	0	0	0	0	0	0	0	0	0	0	0	0	0	0	0	0	0	0	0	0	0	
1	1	1	799	23.97		300	0	0	0.03995	-0.03995	0.000274806	0	0	0	102.705	-92.4166	-4.03775e-05	0	0	0	5.54593	2.68144	0	2.86449		300	0.537766	0.0280136	-0.028606	0.000592385	0	0	0	0.537766	0	-0.355028	-111.796	0	20.391	20.391	-1.5099e-14	5.32541	0	0	0	0	0	0	0	0	0	0	0	0	0	0	0	0	0	0	0	0	0	0	0	0	0	0	0	0	0	0	0	0	0	
1	1	1	800	24		300	0	0	0.04	-0.04	0.000275035	0	0	0	102.76	-92.4635	-4.043e-05	0	0	0	5.55568	2.68685	0	2.86883		300	0.538581	0.0280573	-0.0286502	0.000592878	0	0	0	0.538581	0	-0.355028	-111.796	0	20.391	20.391	-1.5099e-14	5.32541	0	0	0	0	0	0	0	0	0	0	0	0	0	0	0	0	0	0	0	0	0	0	0	0	0	0	0	0	0	0	0	0	0	
1	1	1	801	24.03		300	0	0	0.04005	-0.04005	0.000275263	0	0	0	102.816	-92.5104	-4.04824e-05	0	0	0	5.56545	2.69228	0	2.87317		300	0.539396	0.0281009	-0.0286943	0.00059337	0	0	0	0.539396	0	-0.355028	-111.796	0	20.391	20.391	-1.5099e-14	5.32541	0	0	0	0	0	0	0	0	0	0	0	0	0	0	0	0	0	0	0	0	0	0	0	0	0	0	0	0	0	0	0	0	0	
1	1	1	802	24.06		300	0	0	0.0401	-0.0401	0.000275491	0	0	0	102.871	-92.5573	-4.05348e-05	0	0	0	5.57522	2.6977	0	2.87751		300	0.540211	0.0281446	-0.0287384	0.000593862	0	0	0	0.540211	0	-0.355028	-111.796	0	20.391	20.391	-1.5099e-14	5.32541	0	0	0	0	0	0	0	0	0	0	0	0	0	0	0	0	0	0	0	0	0	0	0	0	0	0	0	0	0	0	0	0	0	
1	1	1	803	24.09		300	0	0	0.04015	-0.04015	0.000275719	0	0	0	102.927	-92.6042	-4.05871e-05	0	0	0	5.58499	2.70313	0	2.88186		300	0.541026	0.0281882	-0.0287826	0.000594353	0	0	0	0.541026	0	-0.355028	-111.796	0	20.391	20.391	-1.5099e-14	5.32541	0	0	0	0	0	0	0	0	0	0	0	0	0	0	0	0	0	0	0	0	0	0	0	0	0	0	0	0	0	0	0	0	0	
1	1	1	804	24.12		300	0	0	0.0402	-0.0402	0.000275947	0	0	0	102.982	-92.6511	-4.06394e-05	0	0	0	5.59477	2.70857	0	2.8862		300	0.541841	0.0282319	-0.0288267	0.000594844	0	0	0	0.541841	0	-0.355028	-111.796	0	20.391	20.391	-1.5099e-14	5.32541	0	0	0	0	0	0	0	0	0	0	0	0	0	0	0	0	0	0	0	0	0	0	0	0	0	0	0	0	0	0	0	0	0	
1	1	1	805	24.15		300	0	0	0.04025	-0.04025	0.000276174	0	0	0	103.038	-92.6981	-4.06916e-05	0	0	0	5.60455	2.71401	0	2.89054		300	0.542656	0.0282755	-0.0288708	0.000595334	0	0	0	0.542656	0	-0.355028	-111.796	0	20.391	20.391	-1.5099e-14	5.32541	0	0	0	0	0	0	0	0	0	0	0	0	0	0	0	0	0	0	0	0	0	0	0	0	0	0	0	0	0	0	0	0	0	
1	1	1	806	24.18		300	0	0	0.0403	-0.0403	0.000276401	0	0	0	103.093	-92.745	-4.07438e-05	0	0	0	5.61434	2.71946	0	2.89488		300	0.543471	0.0283192	-0.028915	0.000595824	0	0	0	0.543471	0	-0.355028	-111.796	0	20.391	20.391	-1.5099e-14	5.32541	0	0	0	0	0	0	0	0	0	0	0	0	0	0	0	0	0	0	0	0	0	0	0	0	0	0	0	0	0	0	0	0	0	
1	1	1	807	24.21		300	0	0	0.04035	-0.04035	0.000276628	0	0	0	103.149	-92.792	-4.07959e-05	0	0	0	5.62414	2.72491	0	2.89922		300	0.544286	0.0283628	-0.0289591	0.000596313	0	0	0	0.544286	0	-0.355028	-111.796	0	20.391	20.391	-1.5099e-14	5.32541	0	0	0	0	0	0	0	0	0	0	0	0	0	0	0	0	0	0	0	0	0	0	0	0	0	0	0	0	0	0	0	0	0	
1	1	1	808	24.24		300	0	0	0.0404	-0.0404	0.000276855	0	0	0	103.204	-92.839	-4.0848e-05	0	0	0	5.63394	2.73037	0	2.90356		300	0.545101	0.0284064	-0.0290033	0.000596802	0	0	0	0.545101	0	-0.355028	-111.796	0	20.391	20.391	-1.5099e-14	5.32541	0	0	0	0	0	0	0	0	0	0	0	0	0	0	0	0	0	0	0	0	0	0	0	0	0	0	0	0	0	0	0	0	0	
1	1	1	809	24.27		300	0	0	0.04045	-0.04045	0.000277082	0	0	0	103.26	-92.886	-4.09001e-05	0	0	0	5.64374	2.73584	0	2.90791		300	0.545916	0.0284501	-0.0290474	0.00059729	0	0	0	0.545916	0	-0.355028	-111.796	0	20.391	20.391	-1.5099e-14	5.32541	0	0	0	0	0	0	0	0	0	0	0	0	0	0	0	0	0	0	0	0	0	0	0	0	0	0	0	0	0	0	0	0	0	
1	1	1	810	24.3		300	0	0	0.0405	-0.0405	0.000277308	0	0	0	103.315	-92.933	-4.09521e-05	0	0	0	5.65355	2.74131	0	2.91225		300	0.546731	0.0284937	-0.0290915	0.000597778	0	0	0	0.546731	0	-0.355028	-111.796	0	20.391	20.391	-1.5099e-14	5.32541	0	0	0	0	0	0	0	0	0	0	0	0	0	0	0	0	0	0	0	0	0	0	0	0	0	0	0	0	0	0	0	0	0	
1	1	1	811	24.33		300	0	0	0.04055	-0.04055	0.000277534	0	0	0	103.371	-92.98	-4.10041e-05	0	0	0	5.66337	2.74678	0	2.91659		300	0.547546	0.0285374	-0.0291356	0.000598265	0	0	0	0.547546	0	-0.355028	-111.796	0	20.391	20.391	-1.5099e-14	5.32541	0	0	0	0	0	0	0	0	0	0	0	0	0	0	0	0	0	0	0	0	0	0	0	0	0	0	0	0	0	0	0	0	0	
1	1	1	812	24.36		300	0	0	0.0406	-0.0406	0.00027776	0	0	0	103.426	-93.027	-4.1056e-05	0	0	0	5.67319	2.75226	0	2.92093		300	0.54836	0.028581	-0.0291798	0.000598752	0	0	0	0.54836	0	-0.355028	-111.796	0	20.391	20.391	-1.5099e-14	5.32541	0	0	0	0	0	0	0	0	0	0	0	0	0	0	0	0	0	0	0	0	0	0	0	0	0	0	0	0	0	0	0	0	0	
1	1	1	813	24.39		300	0	0	0.04065	-0.04065	0.000277986	0	0	0	103.482	-93.0741	-4.11079e-05	0	0	0	5.68301	2.75775	0	2.92527		300	0.549175	0.0286247	-0.0292239	0.000599239	0	0	0	0.549175	0	-0.355028	-111.796	0	20.391	20.391	-1.5099e-14	5.32541	0	0	0	0	0	0	0	0	0	0	0	0	0	0	0	0	0	0	0	0	0	0	0	0	0	0	0	0	0	0	0	0	0	
1	1	1	814	24.42		300	0	0	0.0407	-0.0407	0.000278211	0	0	0	103.537	-93.1212	-4.11597e-05	0	0	0	5.69284	2.76324	0	2.92961		300	0.54999	0.0286683	-0.029268	0.000599725	0	0	0	0.54999	0	-0.355028	-111.796	0	20.391	20.391	-1.5099e-14	5.32541	0	0	0	0	0	0	0	0	0	0	0	0	0	0	0	0	0	0	0	0	0	0	0	0	0	0	0	0	0	0	0	0	0	
1	1	1	815	24.45		300	0	0	0.04075	-0.04075	0.000278436	0	0	0	103.593	-93.1683	-4.12115e-05	0	0	0	5.70268	2.76873	0	2.93394		300	0.550804	0.0287119	-0.0293121	0.00060021	0	0	0	0.550804	0	-0.355028	-111.796	0	20.391	20.391	-1.5099e-14	5.32541	0	0	0	0	0	0	0	0	0	0	0	0	0	0	0	0	0	0	0	0	0	0	0	0	0	0	0	0	0	0	0	0	0	
1	1	1	816	24.48		300	0	0	0.0408	-0.0408	0.000278661	0	0	0	103.648	-93.2154	-4.12633e-05	0	0	0	5.71252	2.77423	0	2.93828		300	0.551619	0.0287556	-0.0293563	0.000600695	0	0	0	0.551619	0	-0.355028	-111.796	0	20.391	20.391	-1.5099e-14	5.32541	0	0	0	0	0	0	0	0	0	0	0	0	0	0	0	0	0	0	0	0	0	0	0	0	0	0	0	0	0	0	0	0	0	
1	1	1	817	24.51		300	0	0	0.04085	-0.04085	0.000278886	0	0	0	103.704	-93.2625	-4.1315e-05	0	0	0	5.72236	2.77974	0	2.94262		300	0.552433	0.0287992	-0.0294004	0.00060118	0	0	0	0.552433	0	-0.355028	-111.796	0	20.391	20.391	-1.5099e-14	5.32541	0	0	0	0	0	0	0	0	0	0	0	0	0	0	0	0	0	0	0	0	0	0	0	0	0	0	0	0	0	0	0	0	0	
1	1	1	818	24.54		300	0	0	0.0409	-0.0409	0.000279111	0	0	0	103.759	-93.3096	-4.13667e-05	0	0	0	5.73222	2.78525	0	2.94696		300	0.553248	0.0288428	-0.0294445	0.000601664	0	0	0	0.553248	0	-0.355028	-111.796	0	20.391	20.391	-1.5099e-14	5.32541	0	0	0	0	0	0	0	0	0	0	0	0	0	0	0	0	0	0	0	0	0	0	0	0	0	0	0	0	0	0	0	0	0	
1	1	1	819	24.57		300	0	0	0.04095	-0.04095	0.000279335	0	0	0	103.815	-93.3568	-4.14183e-05	0	0	0	5.74207	2.79077	0	2.9513		300	0.554062	0.0288865	-0.0294886	0.000602148	0	0	0	0.554062	0	-0.355028	-111.796	0	20.391	20.391	-1.5099e-14	5.32541	0	0	0	0	0	0	0	0	0	0	0	0	0	0	0	0	0	0	0	0	0	0	0	0	0	0	0	0	0	0	0	0	0	
1	1	1	820	24.6		300	0	0	0.041	-0.041	0.000279559	0	0	0	103.87	-93.4039	-4.14698e-05	0	0	0	5.75193	2.79629	0	2.95564		300	0.554876	0.0289301	-0.0295327	0.000602631	0	0	0	0.554876	0	-0.355028	-111.796	0	20.391	20.391	-1.5099e-14	5.32541	0	0	0	0	0	0	0	0	0	0	0	0	0	0	0	0	0	0	0	0	0	0	0	0	0	0	0	0	0	0	0	0	0	
1	1	1	821	24.63		300	0	0	0.04105	-0.04105	0.000279783	0	0	0	103.926	-93.4511	-4.15214e-05	0	0	0	5.7618	2.80182	0	2.95998		300	0.55569	0.0289737	-0.0295768	0.000603114	0	0	0	0.55569	0	-0.355028	-111.796	0	20.391	20.391	-1.5099e-14	5.32541	0	0	0	0	0	0	0	0	0	0	0	0	0	0	0	0	0	0	0	0	0	0	0	0	0	0	0	0	0	0	0	0	0	
1	1	1	822	24.66		300	0	0	0.0411	-0.0411	0.000280007	0	0	0	103.981	-93.4983	-4.15729e-05	0	0	0	5.77167	2.80736	0	2.96431		300	0.556505	0.0290173	-0.0296209	0.000603596	0	0	0	0.556505	0	-0.355028	-111.796	0	20.391	20.391	-1.5099e-14	5.32541	0	0	0	0	0	0	0	0	0	0	0	0	0	0	0	0	0	0	0	0	0	0	0	0	0	0	0	0	0	0	0	0	0	
1	1	1	823	24.69		300	0	0	0.04115	-0.04115	0.00028023	0	0	0	104.037	-93.5455	-4.16243e-05	0	0	0	5.78155	2.8129	0	2.96865		300	0.557319	0.029061	-0.0296651	0.000604078	0	0	0	0.557319	0	-0.355028	-111.796	0	20.391	20.391	-1.5099e-14	5.32541	0	0	0	0	0	0	0	0	0	0	0	0	0	0	0	0	0	0	0	0	0	0	0	0	0	0	0	0	0	0	0	0	0	
1	1	1	824	24.72		300	0	0	0.0412	-0.0412	0.000280454	0	0	0	104.093	-93.5928	-4.16757e-05	0	0	0	5.79143	2.81844	0	2.97299		300	0.558133	0.0291046	-0.0297092	0.000604559	0	0	0	0.558133	0	-0.355028	-111.796	0	20.391	20.391	-1.5099e-14	5.32541	0	0	0	0	0	0	0	0	0	0	0	0	0	0	0	0	0	0	0	0	0	0	0	0	0	0	0	0	0	0	0	0	0	
1	1	1	825	24.75		300	0	0	0.04125	-0.04125	0.000280677	0	0	0	104.148	-93.64	-4.17271e-05	0	0	0	5.80132	2.82399	0	2.97732		300	0.558947	0.0291482	-0.0297533	0.00060504	0	0	0	0.558947	0	-0.355028	-111.796	0	20.391	20.391	-1.5099e-14	5.32541	0	0	0	0	0	0	0	0	0	0	0	0	0	0	0	0	0	0	0	0	0	0	0	0	0	0	0	0	0	0	0	0	0	
1	1	1	826	24.78		300	0	0	0.0413	-0.0413	0.0002809	0	0	0	104.204	-93.6873	-4.17784e-05	0	0	0	5.81121	2.82955	0	2.98166		300	0.559761	0.0291918	-0.0297974	0.000605521	0	0	0	0.559761	0	-0.355028	-111.796	0	20.391	20.391	-1.5099e-14	5.32541	0	0	0	0	0	0	0	0	0	0	0	0	0	0	0	0	0	0	0	0	0	0	0	0	0	0	0	0	0	0	0	0	0	
1	1	1	827	24.81		300	0	0	0.04135	-0.04135	0.000281122	0	0	0	104.259	-93.7346	-4.18296e-05	0	0	0	5.8211	2.83511	0	2.986		300	0.560575	0.0292355	-0.0298415	0.000606001	0	0	0	0.560575	0	-0.355028	-111.796	0	20.391	20.391	-1.5099e-14	5.32541	0	0	0	0	0	0	0	0	0	0	0	0	0	0	0	0	0	0	0	0	0	0	0	0	0	0	0	0	0	0	0	0	0	
1	1	1	828	24.84		300	0	0	0.0414	-0.0414	0.000281345	0	0	0	104.315	-93.7819	-4.18808e-05	0	0	0	5.83101	2.84067	0	2.99033		300	0.561389	0.0292791	-0.0298856	0.00060648	0	0	0	0.561389	0	-0.355028	-111.796	0	20.391	20.391	-1.5099e-14	5.32541	0	0	0	0	0	0	0	0	0	0	0	0	0	0	0	0	0	0	0	0	0	0	0	0	0	0	0	0	0	0	0	0	0	
1	1	1	829	24.87		300	0	0	0.04145	-0.04145	0.000281567	0	0	0	104.371	-93.8292	-4.1932e-05	0	0	0	5.84091	2.84625	0	2.99467		300	0.562203	0.0293227	-0.0299297	0.000606959	0	0	0	0.562203	0	-0.355028	-111.796	0	20.391	20.391	-1.5099e-14	5.32541	0	0	0	0	0	0	0	0	0	0	0	0	0	0	0	0	0	0	0	0	0	0	0	0	0	0	0	0	0	0	0	0	0	
1	1	1	830	24.9		300	0	0	0.0415	-0.0415	0.000281789	0	0	0	104.426	-93.8765	-4.19831e-05	0	0	0	5.85083	2.85182	0	2.999		300	0.563016	0.0293663	-0.0299738	0.000607438	0	0	0	0.563016	0	-0.355028	-111.796	0	20.391	20.391	-1.5099e-14	5.32541	0	0	0	0	0	0	0	0	0	0	0	0	0	0	0	0	0	0	0	0	0	0	0	0	0	0	0	0	0	0	0	0	0	
1	1	1	831	24.93		300	0	0	0.04155	-0.04155	0.000282011	0	0	0	104.482	-93.9239	-4.20342e-05	0	0	0	5.86074	2.85741	0	3.00334		300	0.56383	0.0294099	-0.0300179	0.000607916	0	0	0	0.56383	0	-0.355028	-111.796	0	20.391	20.391	-1.5099e-14	5.32541	0	0	0	0	0	0	0	0	0	0	0	0	0	0	0	0	0	0	0	0	0	0	0	0	0	0	0	0	0	0	0	0	0	
1	1	1	832	24.96		300	0	0	0.0416	-0.0416	0.000282233	0	0	0	104.538	-93.9713	-4.20853e-05	0	0	0	5.87067	2.863	0	3.00767		300	0.564644	0.0294535	-0.0300619	0.000608394	0	0	0	0.564644	0	-0.355028	-111.796	0	20.391	20.391	-1.5099e-14	5.32541	0	0	0	0	0	0	0	0	0	0	0	0	0	0	0	0	0	0	0	0	0	0	0	0	0	0	0	0	0	0	0	0	0	
1	1	1	833	24.99		300	0	0	0.04165	-0.04165	0.000282454	0	0	0	104.593	-94.0187	-4.21363e-05	0	0	0	5.8806	2.86859	0	3.01201		300	0.565457	0.0294972	-0.030106	0.000608872	0	0	0	0.565457	0	-0.355028	-111.796	0	20.391	20.391	-1.5099e-14	5.32541	0	0	0	0	0	0	0	0	0	0	0	0	0	0	0	0	0	0	0	0	0	0	0	0	0	0	0	0	0	0	0	0	0	
1	1	1	834	25.02		300	0	0	0.0417	-0.0417	0.000282676	0	0	0	104.649	-94.0661	-4.21872e-05	0	0	0	5.89053	2.87419	0	3.01634		300	0.566271	0.0295408	-0.0301501	0.000609349	0	0	0	0.566271	0	-0.355028	-111.796	0	20.391	20.391	-1.5099e-14	5.32541	0	0	0	0	0	0	0	0	0	0	0	0	0	0	0	0	0	0	0	0	0	0	0	0	0	0	0	0	0	0	0	0	0	
1	1	1	835	25.05		300	0	0	0.04175	-0.04175	0.000282897	0	0	0	104.705	-94.1135	-4.22381e-05	0	0	0	5.90047	2.87979	0	3.02067		300	0.567084	0.0295844	-0.0301942	0.000609825	0	0	0	0.567084	0	-0.355028	-111.796	0	20.391	20.391	-1.5099e-14	5.32541	0	0	0	0	0	0	0	0	0	0	0	0	0	0	0	0	0	0	0	0	0	0	0	0	0	0	0	0	0	0	0	0	0	
1	1	1	836	25.08		300	0	0	0.0418	-0.0418	0.000283117	0	0	0	104.761	-94.1609	-4.2289e-05	0	0	0	5.91041	2.8854	0	3.02501		300	0.567898	0.029628	-0.0302383	0.000610301	0	0	0	0.567898	0	-0.355028	-111.796	0	20.391	20.391	-1.5099e-14	5.32541	0	0	0	0	0	0	0	0	0	0	0	0	0	0	0	0	0	0	0	0	0	0	0	0	0	0	0	0	0	0	0	0	0	
1	1	1	837	25.11		300	0	0	0.04185	-0.04185	0.000283338	0	0	0	104.816	-94.2084	-4.23398e-05	0	0	0	5.92036	2.89102	0	3.02934		300	0.568711	0.0296716	-0.0302824	0.000610777	0	0	0	0.568711	0	-0.355028	-111.796	0	20.391	20.391	-1.5099e-14	5.32541	0	0	0	0	0	0	0	0	0	0	0	0	0	0	0	0	0	0	0	0	0	0	0	0	0	0	0	0	0	0	0	0	0	
1	1	1	838	25.14		300	0	0	0.0419	-0.0419	0.000283559	0	0	0	104.872	-94.2559	-4.23906e-05	0	0	0	5.93031	2.89664	0	3.03367		300	0.569525	0.0297152	-0.0303264	0.000611252	0	0	0	0.569525	0	-0.355028	-111.796	0	20.391	20.391	-1.5099e-14	5.32541	0	0	0	0	0	0	0	0	0	0	0	0	0	0	0	0	0	0	0	0	0	0	0	0	0	0	0	0	0	0	0	0	0	
1	1	1	839	25.17		300	0	0	0.04195	-0.04195	0.000283779	0	0	0	104.928	-94.3034	-4.24413e-05	0	0	0	5.94027	2.90227	0	3.03801		300	0.570338	0.0297588	-0.0303705	0.000611727	0	0	0	0.570338	0	-0.355028	-111.796	0	20.391	20.391	-1.5099e-14	5.32541	0	0	0	0	0	0	0	0	0	0	0	0	0	0	0	0	0	0	0	0	0	0	0	0	0	0	0	0	0	0	0	0	0	
1	1	1	840	25.2		300	0	0	0.042	-0.042	0.000283999	0	0	0	104.984	-94.3509	-4.2492e-05	0	0	0	5.95024	2.9079	0	3.04234		300	0.571151	0.0298024	-0.0304146	0.000612201	0	0	0	0.571151	0	-0.355028	-111.796	0	20.391	20.391	-1.5099e-14	5.32541	0	0	0	0	0	0	0	0	0	0	0	0	0	0	0	0	0	0	0	0	0	0	0	0	0	0	0	0	0	0	0	0	0	
1	1	1	841	25.23		300	0	0	0.04205	-0.04205	0.000284219	0	0	0	105.039	-94.3985	-4.25426e-05	0	0	0	5.96021	2.91353	0	3.04667		300	0.571964	0.029846	-0.0304587	0.000612675	0	0	0	0.571964	0	-0.355028	-111.796	0	20.391	20.391	-1.5099e-14	5.32541	0	0	0	0	0	0	0	0	0	0	0	0	0	0	0	0	0	0	0	0	0	0	0	0	0	0	0	0	0	0	0	0	0	
1	1	1	842	25.26		300	0	0	0.0421	-0.0421	0.000284438	0	0	0	105.095	-94.4461	-4.25932e-05	0	0	0	5.97018	2.91918	0	3.051		300	0.572777	0.0298896	-0.0305027	0.000613149	0	0	0	0.572777	0	-0.355028	-111.796	0	20.391	20.391	-1.5099e-14	5.32541	0	0	0	0	0	0	0	0	0	0	0	0	0	0	0	0	0	0	0	0	0	0	0	0	0	0	0	0	0	0	0	0	0	
1	1	1	843	25.29		300	0	0	0.04215	-0.04215	0.000284658	0	0	0	105.151	-94.4936	-4.26437e-05	0	0	0	5.98016	2.92483	0	3.05533		300	0.57359	0.0299332	-0.0305468	0.000613622	0	0	0	0.57359	0	-0.355028	-111.796	0	20.391	20.391	-1.5099e-14	5.32541	0	0	0	0	0	0	0	0	0	0	0	0	0	0	0	0	0	0	0	0	0	0	0	0	0	0	0	0	0	0	0	0	0	
1	1	1	844	25.32		300	0	0	0.0422	-0.0422	0.000284877	0	0	0	105.207	-94.5413	-4.26942e-05	0	0	0	5.99014	2.93048	0	3.05966		300	0.574403	0.0299768	-0.0305909	0.000614095	0	0	0	0.574403	0	-0.355028	-111.796	0	20.391	20.391	-1.5099e-14	5.32541	0	0	0	0	0	0	0	0	0	0	0	0	0	0	0	0	0	0	0	0	0	0	0	0	0	0	0	0	0	0	0	0	0	
1	1	1	845	25.35		300	0	0	0.04225	-0.04225	0.000285096	0	0	0	105.263	-94.5889	-4.27447e-05	0	0	0	6.00013	2.93614	0	3.064		300	0.575216	0.0300204	-0.0306349	0.000614567	0	0	0	0.575216	0	-0.355028	-111.796	0	20.391	20.391	-1.5099e-14	5.32541	0	0	0	0	0	0	0	0	0	0	0	0	0	0	0	0	0	0	0	0	0	0	0	0	0	0	0	0	0	0	0	0	0	
1	1	1	846	25.38		300	0	0	0.0423	-0.0423	0.000285315	0	0	0	105.318	-94.6365	-4.27951e-05	0	0	0	6.01013	2.9418	0	3.06833		300	0.576029	0.030064	-0.030679	0.000615039	0	0	0	0.576029	0	-0.355028	-111.796	0	20.391	20.391	-1.5099e-14	5.32541	0	0	0	0	0	0	0	0	0	0	0	0	0	0	0	0	0	0	0	0	0	0	0	0	0	0	0	0	0	0	0	0	0	
1	1	1	847	25.41		300	0	0	0.04235	-0.04235	0.000285534	0	0	0	105.374	-94.6842	-4.28454e-05	0	0	0	6.02013	2.94747	0	3.07266		300	0.576842	0.0301076	-0.0307231	0.00061551	0	0	0	0.576842	0	-0.355028	-111.796	0	20.391	20.391	-1.5099e-14	5.32541	0	0	0	0	0	0	0	0	0	0	0	0	0	0	0	0	0	0	0	0	0	0	0	0	0	0	0	0	0	0	0	0	0	
1	1	1	848	25.44		300	0	0	0.0424	-0.0424	0.000285752	0	0	0	105.43	-94.7319	-4.28957e-05	0	0	0	6.03013	2.95315	0	3.07699		300	0.577655	0.0301511	-0.0307671	0.000615981	0	0	0	0.577655	0	-0.355028	-111.796	0	20.391	20.391	-1.5099e-14	5.32541	0	0	0	0	0	0	0	0	0	0	0	0	0	0	0	0	0	0	0	0	0	0	0	0	0	0	0	0	0	0	0	0	0	
1	1	1	849	25.47		300	0	0	0.04245	-0.04245	0.000285971	0	0	0	105.486	-94.7796	-4.2946e-05	0	0	0	6.04015	2.95883	0	3.08131		300	0.578468	0.0301947	-0.0308112	0.000616452	0	0	0	0.578468	0	-0.355028	-111.796	0	20.391	20.391	-1.5099e-14	5.32541	0	0	0	0	0	0	0	0	0	0	0	0	0	0	0	0	0	0	0	0	0	0	0	0	0	0	0	0	0	0	0	0	0	
1	1	1	850	25.5		300	0	0	0.0425	-0.0425	0.000286189	0	0	0	105.542	-94.8273	-4.29962e-05	0	0	0	6.05016	2.96452	0	3.08564		300	0.57928	0.0302383	-0.0308552	0.000616922	0	0	0	0.57928	0	-0.355028	-111.796	0	20.391	20.391	-1.5099e-14	5.32541	0	0	0	0	0	0	0	0	0	0	0	0	0	0	0	0	0	0	0	0	0	0	0	0	0	0	0	0	0	0	0	0	0	
1	1	1	851	25.53		300	0	0	0.04255	-0.04255	0.000286407	0	0	0	105.598	-94.8751	-4.30464e-05	0	0	0	6.06018	2.97021	0	3.08997		300	0.580093	0.0302819	-0.0308993	0.000617392	0	0	0	0.580093	0	-0.355028	-111.796	0	20.391	20.391	-1.5099e-14	5.32541	0	0	0	0	0	0	0	0	0	0	0	0	0	0	0	0	0	0	0	0	0	0	0	0	0	0	0	0	0	0	0	0	0	
1	1	1	852	25.56		300	0	0	0.0426	-0.0426	0.000286624	0	0	0	105.654	-94.9229	-4.30965e-05	0	0	0	6.07021	2.97591	0	3.0943		300	0.580905	0.0303255	-0.0309433	0.000617861	0	0	0	0.580905	0	-0.355028	-111.796	0	20.391	20.391	-1.5099e-14	5.32541	0	0	0	0	0	0	0	0	0	0	0	0	0	0	0	0	0	0	0	0	0	0	0	0	0	0	0	0	0	0	0	0	0	
1	1	1	853	25.59		300	0	0	0.04265	-0.04265	0.000286842	0	0	0	105.71	-94.9707	-4.31466e-05	0	0	0	6.08024	2.98161	0	3.09863		300	0.581718	0.030369	-0.0309874	0.00061833	0	0	0	0.581718	0	-0.355028	-111.796	0	20.391	20.391	-1.5099e-14	5.32541	0	0	0	0	0	0	0	0	0	0	0	0	0	0	0	0	0	0	0	0	0	0	0	0	0	0	0	0	0	0	0	0	0	
1	1	1	854	25.62		300	0	0	0.0427	-0.0427	0.000287059	0	0	0	105.766	-95.0185	-4.31967e-05	0	0	0	6.09028	2.98732	0	3.10296		300	0.58253	0.0304126	-0.0310314	0.000618799	0	0	0	0.58253	0	-0.355028	-111.796	0	20.391	20.391	-1.5099e-14	5.32541	0	0	0	0	0	0	0	0	0	0	0	0	0	0	0	0	0	0	0	0	0	0	0	0	0	0	0	0	0	0	0	0	0	
1	1	1	855	25.65		300	0	0	0.04275	-0.04275	0.000287277	0	0	0	105.822	-95.0663	-4.32466e-05	0	0	0	6.10032	2.99303	0	3.10728		300	0.583342	0.0304562	-0.0310755	0.000619267	0	0	0	0.583342	0	-0.355028	-111.796	0	20.391	20.391	-1.5099e-14	5.32541	0	0	0	0	0	0	0	0	0	0	0	0	0	0	0	0	0	0	0	0	0	0	0	0	0	0	0	0	0	0	0	0	0	
1	1	1	856	25.68		300	0	0	0.0428	-0.0428	0.000287494	0	0	0	105.878	-95.1142	-4.32966e-05	0	0	0	6.11037	2.99875	0	3.11161		300	0.584155	0.0304998	-0.0311195	0.000619735	0	0	0	0.584155	0	-0.355028	-111.796	0	20.391	20.391	-1.5099e-14	5.32541	0	0	0	0	0	0	0	0	0	0	0	0	0	0	0	0	0	0	0	0	0	0	0	0	0	0	0	0	0	0	0	0	0	
1	1	1	857	25.71		300	0	0	0.04285	-0.04285	0.00028771	0	0	0	105.934	-95.1621	-4.33465e-05	0	0	0	6.12042	3.00448	0	3.11594		300	0.584967	0.0305433	-0.0311635	0.000620202	0	0	0	0.584967	0	-0.355028	-111.796	0	20.391	20.391	-1.5099e-14	5.32541	0	0	0	0	0	0	0	0	0	0	0	0	0	0	0	0	0	0	0	0	0	0	0	0	0	0	0	0	0	0	0	0	0	
1	1	1	858	25.74		300	0	0	0.0429	-0.0429	0.000287927	0	0	0	105.99	-95.21	-4.33963e-05	0	0	0	6.13048	3.01021	0	3.12027		300	0.585779	0.0305869	-0.0312076	0.000620669	0	0	0	0.585779	0	-0.355028	-111.796	0	20.391	20.391	-1.5099e-14	5.32541	0	0	0	0	0	0	0	0	0	0	0	0	0	0	0	0	0	0	0	0	0	0	0	0	0	0	0	0	0	0	0	0	0	
1	1	1	859	25.77		300	0	0	0.04295	-0.04295	0.000288143	0	0	0	106.046	-95.258	-4.34461e-05	0	0	0	6.14054	3.01595	0	3.12459		300	0.586591	0.0306305	-0.0312516	0.000621136	0	0	0	0.586591	0	-0.355028	-111.796	0	20.391	20.391	-1.5099e-14	5.32541	0	0	0	0	0	0	0	0	0	0	0	0	0	0	0	0	0	0	0	0	0	0	0	0	0	0	0	0	0	0	0	0	0	
1	1	1	860	25.8		300	0	0	0.043	-0.043	0.00028836	0	0	0	106.102	-95.3059	-4.34959e-05	0	0	0	6.15061	3.02169	0	3.12892		300	0.587403	0.030674	-0.0312956	0.000621602	0	0	0	0.587403	0	-0.355028	-111.796	0	20.391	20.391	-1.5099e-14	5.32541	0	0	0	0	0	0	0	0	0	0	0	0	0	0	0	0	0	0	0	0	0	0	0	0	0	0	0	0	0	0	0	0	0	
1	1	1	861	25.83		300	0	0	0.04305	-0.04305	0.000288576	0	0	0	106.158	-95.3539	-4.35456e-05	0	0	0	6.16068	3.02744	0	3.13324		300	0.588215	0.0307176	-0.0313396	0.000622067	0	0	0	0.588215	0	-0.355028	-111.796	0	20.391	20.391	-1.5099e-14	5.32541	0	0	0	0	0	0	0	0	0	0	0	0	0	0	0	0	0	0	0	0	0	0	0	0	0	0	0	0	0	0	0	0	0	
1	1	1	862	25.86		300	0	0	0.0431	-0.0431	0.000288792	0	0	0	106.214	-95.4019	-4.35953e-05	0	0	0	6.17076	3.03319	0	3.13757		300	0.589027	0.0307611	-0.0313837	0.000622533	0	0	0	0.589027	0	-0.355028	-111.796	0	20.391	20.391	-1.5099e-14	5.32541	0	0	0	0	0	0	0	0	0	0	0	0	0	0	0	0	0	0	0	0	0	0	0	0	0	0	0	0	0	0	0	0	0	
1	1	1	863	25.89		300	0	0	0.04315	-0.04315	0.000289007	0	0	0	106.27	-95.4499	-4.36449e-05	0	0	0	6.18084	3.03895	0	3.14189		300	0.589838	0.0308047	-0.0314277	0.000622998	0	0	0	0.589838	0	-0.355028	-111.796	0	20.391	20.391	-1.5099e-14	5.32541	0	0	0	0	0	0	0	0	0	0	0	0	0	0	0	0	0	0	0	0	0	0	0	0	0	0	0	0	0	0	0	0	0	
1	1	1	864	25.92		300	0	0	0.0432	-0.0432	0.000289223	0	0	0	106.326	-95.498	-4.36945e-05	0	0	0	6.19093	3.04471	0	3.14622		300	0.59065	0.0308482	-0.0314717	0.000623462	0	0	0	0.59065	0	-0.355028	-111.796	0	20.391	20.391	-1.5099e-14	5.32541	0	0	0	0	0	0	0	0	0	0	0	0	0	0	0	0	0	0	0	0	0	0	0	0	0	0	0	0	0	0	0	0	0	
1	1	1	865	25.95		300	0	0	0.04325	-0.04325	0.000289438	0	0	0	106.382	-95.5461	-4.3744e-05	0	0	0	6.20102	3.05048	0	3.15054		300	0.591462	0.0308918	-0.0315157	0.000623927	0	0	0	0.591462	0	-0.355028	-111.796	0	20.391	20.391	-1.5099e-14	5.32541	0	0	0	0	0	0	0	0	0	0	0	0	0	0	0	0	0	0	0	0	0	0	0	0	0	0	0	0	0	0	0	0	0	
1	1	1	866	25.98		300	0	0	0.0433	-0.0433	0.000289653	0	0	0	106.438	-95.5942	-4.37935e-05	0	0	0	6.21112	3.05626	0	3.15486		300	0.592273	0.0309353	-0.0315597	0.00062439	0	0	0	0.592273	0	-0.355028	-111.796	0	20.391	20.391	-1.5099e-14	5.32541	0	0	0	0	0	0	0	0	0	0	0	0	0	0	0	0	0	0	0	0	0	0	0	0	0	0	0	0	0	0	0	0	0	
1	1	1	867	26.01		300	0	0	0.04335	-0.04335	0.000289868	0	0	0	106.495	-95.6423	-4.38429e-05	0	0	0	6.22123	3.06204	0	3.15919		300	0.593085	0.0309789	-0.0316037	0.000624854	0	0	0	0.593085	0	-0.355028	-111.796	0	20.391	20.391	-1.5099e-14	5.32541	0	0	0	0	0	0	0	0	0	0	0	0	0	0	0	0	0	0	0	0	0	0	0	0	0	0	0	0	0	0	0	0	0	
1	1	1	868	26.04		300	0	0	0.0434	-0.0434	0.000290083	0	0	0	106.551	-95.6905	-4.38923e-05	0	0	0	6.23134	3.06783	0	3.16351		300	0.593896	0.0310224	-0.0316477	0.000625317	0	0	0	0.593896	0	-0.355028	-111.796	0	20.391	20.391	-1.5099e-14	5.32541	0	0	0	0	0	0	0	0	0	0	0	0	0	0	0	0	0	0	0	0	0	0	0	0	0	0	0	0	0	0	0	0	0	
1	1	1	869	26.07		300	0	0	0.04345	-0.04345	0.000290298	0	0	0	106.607	-95.7386	-4.39417e-05	0	0	0	6.24145	3.07362	0	3.16783		300	0.594708	0.031066	-0.0316918	0.00062578	0	0	0	0.594708	0	-0.355028	-111.796	0	20.391	20.391	-1.5099e-14	5.32541	0	0	0	0	0	0	0	0	0	0	0	0	0	0	0	0	0	0	0	0	0	0	0	0	0	0	0	0	0	0	0	0	0	
1	1	1	870	26.1		300	0	0	0.0435	-0.0435	0.000290512	0	0	0	106.663	-95.7868	-4.39909e-05	0	0	0	6.25157	3.07942	0	3.17215		300	0.595519	0.0311095	-0.0317358	0.000626242	0	0	0	0.595519	0	-0.355028	-111.796	0	20.391	20.391	-1.5099e-14	5.32541	0	0	0	0	0	0	0	0	0	0	0	0	0	0	0	0	0	0	0	0	0	0	0	0	0	0	0	0	0	0	0	0	0	
1	1	1	871	26.13		300	0	0	0.04355	-0.04355	0.000290727	0	0	0	106.72	-95.8351	-4.40402e-05	0	0	0	6.2617	3.08522	0	3.17648		300	0.59633	0.031153	-0.0317798	0.000626704	0	0	0	0.59633	0	-0.355028	-111.796	0	20.391	20.391	-1.5099e-14	5.32541	0	0	0	0	0	0	0	0	0	0	0	0	0	0	0	0	0	0	0	0	0	0	0	0	0	0	0	0	0	0	0	0	0	
1	1	1	872	26.16		300	0	0	0.0436	-0.0436	0.000290941	0	0	0	106.776	-95.8833	-4.40894e-05	0	0	0	6.27183	3.09103	0	3.1808		300	0.597141	0.0311966	-0.0318237	0.000627165	0	0	0	0.597141	0	-0.355028	-111.796	0	20.391	20.391	-1.5099e-14	5.32541	0	0	0	0	0	0	0	0	0	0	0	0	0	0	0	0	0	0	0	0	0	0	0	0	0	0	0	0	0	0	0	0	0	
1	1	1	873	26.19		300	0	0	0.04365	-0.04365	0.000291155	0	0	0	106.832	-95.9316	-4.41385e-05	0	0	0	6.28196	3.09684	0	3.18512		300	0.597953	0.0312401	-0.0318677	0.000627626	0	0	0	0.597953	0	-0.355028	-111.796	0	20.391	20.391	-1.5099e-14	5.32541	0	0	0	0	0	0	0	0	0	0	0	0	0	0	0	0	0	0	0	0	0	0	0	0	0	0	0	0	0	0	0	0	0	
1	1	1	874	26.22		300	0	0	0.0437	-0.0437	0.000291368	0	0	0	106.888	-95.9799	-4.41877e-05	0	0	0	6.2921	3.10266	0	3.18944		300	0.598764	0.0312836	-0.0319117	0.000628087	0	0	0	0.598764	0	-0.355028	-111.796	0	20.391	20.391	-1.5099e-14	5.32541	0	0	0	0	0	0	0	0	0	0	0	0	0	0	0	0	0	0	0	0	0	0	0	0	0	0	0	0	0	0	0	0	0	
1	1	1	875	26.25		300	0	0	0.04375	-0.04375	0.000291582	0	0	0	106.945	-96.0282	-4.42367e-05	0	0	0	6.30225	3.10849	0	3.19376		300	0.599575	0.0313272	-0.0319557	0.000628548	0	0	0	0.599575	0	-0.355028	-111.796	0	20.391	20.391	-1.5099e-14	5.32541	0	0	0	0	0	0	0	0	0	0	0	0	0	0	0	0	0	0	0	0	0	0	0	0	0	0	0	0	0	0	0	0	0	
1	1	1	876	26.28		300	0	0	0.0438	-0.0438	0.000291795	0	0	0	107.001	-96.0766	-4.42857e-05	0	0	0	6.3124	3.11432	0	3.19808		300	0.600385	0.0313707	-0.0319997	0.000629008	0	0	0	0.600385	0	-0.355028	-111.796	0	20.391	20.391	-1.5099e-14	5.32541	0	0	0	0	0	0	0	0	0	0	0	0	0	0	0	0	0	0	0	0	0	0	0	0	0	0	0	0	0	0	0	0	0	
1	1	1	877	26.31		300	0	0	0.04385	-0.04385	0.000292008	0	0	0	107.057	-96.125	-4.43347e-05	0	0	0	6.32256	3.12016	0	3.2024		300	0.601196	0.0314142	-0.0320437	0.000629467	0	0	0	0.601196	0	-0.355028	-111.796	0	20.391	20.391	-1.5099e-14	5.32541	0	0	0	0	0	0	0	0	0	0	0	0	0	0	0	0	0	0	0	0	0	0	0	0	0	0	0	0	0	0	0	0	0	
1	1	1	878	26.34		300	0	0	0.0439	-0.0439	0.000292222	0	0	0	107.114	-96.1734	-4.43836e-05	0	0	0	6.33272	3.126	0	3.20672		300	0.602007	0.0314577	-0.0320877	0.000629927	0	0	0	0.602007	0	-0.355028	-111.796	0	20.391	20.391	-1.5099e-14	5.32541	0	0	0	0	0	0	0	0	0	0	0	0	0	0	0	0	0	0	0	0	0	0	0	0	0	0	0	0	0	0	0	0	0	
1	1	1	879	26.37		300	0	0	0.04395	-0.04395	0.000292434	0	0	0	107.17	-96.2218	-4.44325e-05	0	0	0	6.34288	3.13185	0	3.21104		300	0.602818	0.0315012	-0.0321316	0.000630385	0	0	0	0.602818	0	-0.355028	-111.796	0	20.391	20.391	-1.5099e-14	5.32541	0	0	0	0	0	0	0	0	0	0	0	0	0	0	0	0	0	0	0	0	0	0	0	0	0	0	0	0	0	0	0	0	0	
1	1	1	880	26.4		300	0	0	0.044	-0.044	0.000292647	0	0	0	107.227	-96.2703	-4.44813e-05	0	0	0	6.35306	3.1377	0	3.21536		300	0.603628	0.0315448	-0.0321756	0.000630844	0	0	0	0.603628	0	-0.355028	-111.796	0	20.391	20.391	-1.5099e-14	5.32541	0	0	0	0	0	0	0	0	0	0	0	0	0	0	0	0	0	0	0	0	0	0	0	0	0	0	0	0	0	0	0	0	0	
1	1	1	881	26.43		300	0	0	0.04405	-0.04405	0.00029286	0	0	0	107.283	-96.3188	-4.45301e-05	0	0	0	6.36323	3.14356	0	3.21967		300	0.604439	0.0315883	-0.0322196	0.000631302	0	0	0	0.604439	0	-0.355028	-111.796	0	20.391	20.391	-1.5099e-14	5.32541	0	0	0	0	0	0	0	0	0	0	0	0	0	0	0	0	0	0	0	0	0	0	0	0	0	0	0	0	0	0	0	0	0	
1	1	1	882	26.46		300	0	0	0.0441	-0.0441	0.000293072	0	0	0	107.34	-96.3673	-4.45788e-05	0	0	0	6.37342	3.14943	0	3.22399		300	0.605249	0.0316318	-0.0322635	0.00063176	0	0	0	0.605249	0	-0.355028	-111.796	0	20.391	20.391	-1.5099e-14	5.32541	0	0	0	0	0	0	0	0	0	0	0	0	0	0	0	0	0	0	0	0	0	0	0	0	0	0	0	0	0	0	0	0	0	
1	1	1	883	26.49		300	0	0	0.04415	-0.04415	0.000293284	0	0	0	107.396	-96.4159	-4.46275e-05	0	0	0	6.3836	3.1553	0	3.22831		300	0.60606	0.0316753	-0.0323075	0.000632217	0	0	0	0.60606	0	-0.355028	-111.796	0	20.391	20.391	-1.5099e-14	5.32541	0	0	0	0	0	0	0	0	0	0	0	0	0	0	0	0	0	0	0	0	0	0	0	0	0	0	0	0	0	0	0	0	0	
1	1	1	884	26.52		300	0	0	0.0442	-0.0442	0.000293496	0	0	0	107.453	-96.4644	-4.46761e-05	0	0	0	6.3938	3.16117	0	3.23263		300	0.60687	0.0317188	-0.0323515	0.000632675	0	0	0	0.60687	0	-0.355028	-111.796	0	20.391	20.391	-1.5099e-14	5.32541	0	0	0	0	0	0	0	0	0	0	0	0	0	0	0	0	0	0	0	0	0	0	0	0	0	0	0	0	0	0	0	0	0	
1	1	1	885	26.55		300	0	0	0.04425	-0.04425	0.000293708	0	0	0	107.509	-96.5131	-4.47247e-05	0	0	0	6.404	3.16705	0	3.23694		300	0.60768	0.0317623	-0.0323954	0.000633131	0	0	0	0.60768	0	-0.355028	-111.796	0	20.391	20.391	-1.5099e-14	5.32541	0	0	0	0	0	0	0	0	0	0	0	0	0	0	0	0	0	0	0	0	0	0	0	0	0	0	0	0	0	0	0	0	0	
1	1	1	886	26.58		300	0	0	0.0443	-0.0443	0.00029392	0	0	0	107.566	-96.5617	-4.47732e-05	0	0	0	6.4142	3.17294	0	3.24126		300	0.60849	0.0318058	-0.0324394	0.000633588	0	0	0	0.60849	0	-0.355028	-111.796	0	20.391	20.391	-1.5099e-14	5.32541	0	0	0	0	0	0	0	0	0	0	0	0	0	0	0	0	0	0	0	0	0	0	0	0	0	0	0	0	0	0	0	0	0	
1	1	1	887	26.61		300	0	0	0.04435	-0.04435	0.000294131	0	0	0	107.622	-96.6103	-4.48217e-05	0	0	0	6.42441	3.17884	0	3.24557		300	0.6093	0.0318493	-0.0324833	0.000634044	0	0	0	0.6093	0	-0.355028	-111.796	0	20.391	20.391	-1.5099e-14	5.32541	0	0	0	0	0	0	0	0	0	0	0	0	0	0	0	0	0	0	0	0	0	0	0	0	0	0	0	0	0	0	0	0	0	
1	1	1	888	26.64		300	0	0	0.0444	-0.0444	0.000294343	0	0	0	107.679	-96.659	-4.48702e-05	0	0	0	6.43462	3.18473	0	3.24989		300	0.61011	0.0318928	-0.0325273	0.000634499	0	0	0	0.61011	0	-0.355028	-111.796	0	20.391	20.391	-1.5099e-14	5.32541	0	0	0	0	0	0	0	0	0	0	0	0	0	0	0	0	0	0	0	0	0	0	0	0	0	0	0	0	0	0	0	0	0	
1	1	1	889	26.67		300	0	0	0.04445	-0.04445	0.000294554	0	0	0	107.736	-96.7078	-4.49186e-05	0	0	0	6.44484	3.19064	0	3.2542		300	0.61092	0.0319363	-0.0325712	0.000634955	0	0	0	0.61092	0	-0.355028	-111.796	0	20.391	20.391	-1.5099e-14	5.32541	0	0	0	0	0	0	0	0	0	0	0	0	0	0	0	0	0	0	0	0	0	0	0	0	0	0	0	0	0	0	0	0	0	
1	1	1	890	26.7		300	0	0	0.0445	-0.0445	0.000294765	0	0	0	107.792	-96.7565	-4.49669e-05	0	0	0	6.45507	3.19655	0	3.25852		300	0.61173	0.0319797	-0.0326151	0.00063541	0	0	0	0.61173	0	-0.355028	-111.796	0	20.391	20.391	-1.5099e-14	5.32541	0	0	0	0	0	0	0	0	0	0	0	0	0	0	0	0	0	0	0	0	0	0	0	0	0	0	0	0	0	0	0	0	0	
1	1	1	891	26.73		300	0	0	0.04455	-0.04455	0.000294976	0	0	0	107.849	-96.8053	-4.50152e-05	0	0	0	6.4653	3.20247	0	3.26283		300	0.61254	0.0320232	-0.0326591	0.000635864	0	0	0	0.61254	0	-0.355028	-111.796	0	20.391	20.391	-1.5099e-14	5.32541	0	0	0	0	0	0	0	0	0	0	0	0	0	0	0	0	0	0	0	0	0	0	0	0	0	0	0	0	0	0	0	0	0	
1	1	1	892	26.76		300	0	0	0.0446	-0.0446	0.000295187	0	0	0	107.906	-96.8541	-4.50635e-05	0	0	0	6.47553	3.20839	0	3.26715		300	0.613349	0.0320667	-0.032703	0.000636318	0	0	0	0.613349	0	-0.355028	-111.796	0	20.391	20.391	-1.5099e-14	5.32541	0	0	0	0	0	0	0	0	0	0	0	0	0	0	0	0	0	0	0	0	0	0	0	0	0	0	0	0	0	0	0	0	0	
1	1	1	893	26.79		300	0	0	0.04465	-0.04465	0.000295397	0	0	0	107.962	-96.9029	-4.51117e-05	0	0	0	6.48577	3.21432	0	3.27146		300	0.614159	0.0321102	-0.0327469	0.000636772	0	0	0	0.614159	0	-0.355028	-111.796	0	20.391	20.391	-1.5099e-14	5.32541	0	0	0	0	0	0	0	0	0	0	0	0	0	0	0	0	0	0	0	0	0	0	0	0	0	0	0	0	0	0	0	0	0	
1	1	1	894	26.82		300	0	0	0.0447	-0.0447	0.000295608	0	0	0	108.019	-96.9518	-4.51598e-05	0	0	0	6.49602	3.22025	0	3.27577		300	0.614968	0.0321536	-0.0327909	0.000637226	0	0	0	0.614968	0	-0.355028	-111.796	0	20.391	20.391	-1.5099e-14	5.32541	0	0	0	0	0	0	0	0	0	0	0	0	0	0	0	0	0	0	0	0	0	0	0	0	0	0	0	0	0	0	0	0	0	
1	1	1	895	26.85		300	0	0	0.04475	-0.04475	0.000295818	0	0	0	108.076	-97.0007	-4.52079e-05	0	0	0	6.50627	3.22619	0	3.28008		300	0.615778	0.0321971	-0.0328348	0.000637679	0	0	0	0.615778	0	-0.355028	-111.796	0	20.391	20.391	-1.5099e-14	5.32541	0	0	0	0	0	0	0	0	0	0	0	0	0	0	0	0	0	0	0	0	0	0	0	0	0	0	0	0	0	0	0	0	0	
1	1	1	896	26.88		300	0	0	0.0448	-0.0448	0.000296028	0	0	0	108.133	-97.0496	-4.5256e-05	0	0	0	6.51653	3.23213	0	3.28439		300	0.616587	0.0322406	-0.0328787	0.000638132	0	0	0	0.616587	0	-0.355028	-111.796	0	20.391	20.391	-1.5099e-14	5.32541	0	0	0	0	0	0	0	0	0	0	0	0	0	0	0	0	0	0	0	0	0	0	0	0	0	0	0	0	0	0	0	0	0	
1	1	1	897	26.91		300	0	0	0.04485	-0.04485	0.000296238	0	0	0	108.189	-97.0986	-4.5304e-05	0	0	0	6.52679	3.23808	0	3.28871		300	0.617396	0.032284	-0.0329226	0.000638585	0	0	0	0.617396	0	-0.355028	-111.796	0	20.391	20.391	-1.5099e-14	5.32541	0	0	0	0	0	0	0	0	0	0	0	0	0	0	0	0	0	0	0	0	0	0	0	0	0	0	0	0	0	0	0	0	0	
1	1	1	898	26.94		300	0	0	0.0449	-0.0449	0.000296448	0	0	0	108.246	-97.1476	-4.53519e-05	0	0	0	6.53706	3.24404	0	3.29302		300	0.618206	0.0323275	-0.0329665	0.000639037	0	0	0	0.618206	0	-0.355028	-111.796	0	20.391	20.391	-1.5099e-14	5.32541	0	0	0	0	0	0	0	0	0	0	0	0	0	0	0	0	0	0	0	0	0	0	0	0	0	0	0	0	0	0	0	0	0	
1	1	1	899	26.97		300	0	0	0.04495	-0.04495	0.000296657	0	0	0	108.303	-97.1966	-4.53999e-05	0	0	0	6.54733	3.25	0	3.29733		300	0.619015	0.032371	-0.0330105	0.000639489	0	0	0	0.619015	0	-0.355028	-111.796	0	20.391	20.391	-1.5099e-14	5.32541	0	0	0	0	0	0	0	0	0	0	0	0	0	0	0	0	0	0	0	0	0	0	0	0	0	0	0	0	0	0	0	0	0	
1	1	1	900	27		300	0	0	0.045	-0.045	0.000296867	0	0	0	108.36	-97.2456	-4.54477e-05	0	0	0	6.55761	3.25597	0	3.30164		300	0.619824	0.0324144	-0.0330544	0.00063994	0	0	0	0.619824	0	-0.355028	-111.796	0	20.391	20.391	-1.5099e-14	5.32541	0	0	0	0	0	0	0	0	0	0	0	0	0	0	0	0	0	0	0	0	0	0	0	0	0	0	0	0	0	0	0	0	0	
1	1	1	901	27.03		300	0	0	0.04505	-0.04505	0.000297076	0	0	0	108.417	-97.2947	-4.54955e-05	0	0	0	6.56789	3.26194	0	3.30595		300	0.620633	0.0324579	-0.0330983	0.000640391	0	0	0	0.620633	0	-0.355028	-111.796	0	20.391	20.391	-1.5099e-14	5.32541	0	0	0	0	0	0	0	0	0	0	0	0	0	0	0	0	0	0	0	0	0	0	0	0	0	0	0	0	0	0	0	0	0	
1	1	1	902	27.06		300	0	0	0.0451	-0.0451	0.000297285	0	0	0	108.474	-97.3438	-4.55433e-05	0	0	0	6.57818	3.26792	0	3.31026		300	0.621442	0.0325013	-0.0331422	0.000640842	0	0	0	0.621442	0	-0.355028	-111.796	0	20.391	20.391	-1.5099e-14	5.32541	0	0	0	0	0	0	0	0	0	0	0	0	0	0	0	0	0	0	0	0	0	0	0	0	0	0	0	0	0	0	0	0	0	
1	1	1	903	27.09		300	0	0	0.04515	-0.04515	0.000297494	0	0	0	108.531	-97.393	-4.5591e-05	0	0	0	6.58847	3.27391	0	3.31457		300	0.62225	0.0325448	-0.0331861	0.000641292	0	0	0	0.62225	0	-0.355028	-111.796	0	20.391	20.391	-1.5099e-14	5.32541	0	0	0	0	0	0	0	0	0	0	0	0	0	0	0	0	0	0	0	0	0	0	0	0	0	0	0	0	0	0	0	0	0	
1	1	1	904	27.12		300	0	0	0.0452	-0.0452	0.000297703	0	0	0	108.588	-97.4421	-4.56387e-05	0	0	0	6.59877	3.2799	0	3.31887		300	0.623059	0.0325882	-0.0332299	0.000641743	0	0	0	0.623059	0	-0.355028	-111.796	0	20.391	20.391	-1.5099e-14	5.32541	0	0	0	0	0	0	0	0	0	0	0	0	0	0	0	0	0	0	0	0	0	0	0	0	0	0	0	0	0	0	0	0	0	
1	1	1	905	27.15		300	0	0	0.04525	-0.04525	0.000297912	0	0	0	108.645	-97.4914	-4.56863e-05	0	0	0	6.60907	3.28589	0	3.32318		300	0.623868	0.0326316	-0.0332738	0.000642192	0	0	0	0.623868	0	-0.355028	-111.796	0	20.391	20.391	-1.5099e-14	5.32541	0	0	0	0	0	0	0	0	0	0	0	0	0	0	0	0	0	0	0	0	0	0	0	0	0	0	0	0	0	0	0	0	0	
1	1	1	906	27.18		300	0	0	0.0453	-0.0453	0.00029812	0	0	0	108.702	-97.5406	-4.57339e-05	0	0	0	6.61938	3.29189	0	3.32749		300	0.624676	0.0326751	-0.0333177	0.000642642	0	0	0	0.624676	0	-0.355028	-111.796	0	20.391	20.391	-1.5099e-14	5.32541	0	0	0	0	0	0	0	0	0	0	0	0	0	0	0	0	0	0	0	0	0	0	0	0	0	0	0	0	0	0	0	0	0	
1	1	1	907	27.21		300	0	0	0.04535	-0.04535	0.000298329	0	0	0	108.759	-97.5899	-4.57814e-05	0	0	0	6.6297	3.2979	0	3.3318		300	0.625485	0.0327185	-0.0333616	0.000643091	0	0	0	0.625485	0	-0.355028	-111.796	0	20.391	20.391	-1.5099e-14	5.32541	0	0	0	0	0	0	0	0	0	0	0	0	0	0	0	0	0	0	0	0	0	0	0	0	0	0	0	0	0	0	0	0	0	
1	1	1	908	27.24		300	0	0	0.0454	-0.0454	0.000298537	0	0	0	108.816	-97.6392	-4.58289e-05	0	0	0	6.64002	3.30392	0	3.3361		300	0.626293	0.0327619	-0.0334055	0.00064354	0	0	0	0.626293	0	-0.355028	-111.796	0	20.391	20.391	-1.5099e-14	5.32541	0	0	0	0	0	0	0	0	0	0	0	0	0	0	0	0	0	0	0	0	0	0	0	0	0	0	0	0	0	0	0	0	0	
1	1	1	909	27.27		300	0	0	0.04545	-0.04545	0.000298745	0	0	0	108.873	-97.6885	-4.58763e-05	0	0	0	6.65034	3.30993	0	3.34041		300	0.627101	0.0328054	-0.0334493	0.000643988	0	0	0	0.627101	0	-0.355028	-111.796	0	20.391	20.391	-1.5099e-14	5.32541	0	0	0	0	0	0	0	0	0	0	0	0	0	0	0	0	0	0	0	0	0	0	0	0	0	0	0	0	0	0	0	0	0	
1	1	1	910	27.3		300	0	0	0.0455	-0.0455	0.000298953	0	0	0	108.93	-97.7379	-4.59237e-05	0	0	0	6.66067	3.31596	0	3.34471		300	0.627909	0.0328488	-0.0334932	0.000644437	0	0	0	0.627909	0	-0.355028	-111.796	0	20.391	20.391	-1.5099e-14	5.32541	0	0	0	0	0	0	0	0	0	0	0	0	0	0	0	0	0	0	0	0	0	0	0	0	0	0	0	0	0	0	0	0	0	
1	1	1	911	27.33		300	0	0	0.04555	-0.04555	0.00029916	0	0	0	108.988	-97.7873	-4.5971e-05	0	0	0	6.67101	3.32199	0	3.34902		300	0.628717	0.0328922	-0.0335371	0.000644884	0	0	0	0.628717	0	-0.355028	-111.796	0	20.391	20.391	-1.5099e-14	5.32541	0	0	0	0	0	0	0	0	0	0	0	0	0	0	0	0	0	0	0	0	0	0	0	0	0	0	0	0	0	0	0	0	0	
1	1	1	912	27.36		300	0	0	0.0456	-0.0456	0.000299368	0	0	0	109.045	-97.8367	-4.60183e-05	0	0	0	6.68135	3.32803	0	3.35332		300	0.629525	0.0329356	-0.0335809	0.000645332	0	0	0	0.629525	0	-0.355028	-111.796	0	20.391	20.391	-1.5099e-14	5.32541	0	0	0	0	0	0	0	0	0	0	0	0	0	0	0	0	0	0	0	0	0	0	0	0	0	0	0	0	0	0	0	0	0	
1	1	1	913	27.39		300	0	0	0.04565	-0.04565	0.000299575	0	0	0	109.102	-97.8862	-4.60655e-05	0	0	0	6.6917	3.33407	0	3.35763		300	0.630333	0.032979	-0.0336248	0.000645779	0	0	0	0.630333	0	-0.355028	-111.796	0	20.391	20.391	-1.5099e-14	5.32541	0	0	0	0	0	0	0	0	0	0	0	0	0	0	0	0	0	0	0	0	0	0	0	0	0	0	0	0	0	0	0	0	0	
1	1	1	914	27.42		300	0	0	0.0457	-0.0457	0.000299783	0	0	0	109.159	-97.9357	-4.61127e-05	0	0	0	6.70205	3.34012	0	3.36193		300	0.631141	0.0330224	-0.0336687	0.000646226	0	0	0	0.631141	0	-0.355028	-111.796	0	20.391	20.391	-1.5099e-14	5.32541	0	0	0	0	0	0	0	0	0	0	0	0	0	0	0	0	0	0	0	0	0	0	0	0	0	0	0	0	0	0	0	0	0	
1	1	1	915	27.45		300	0	0	0.04575	-0.04575	0.00029999	0	0	0	109.217	-97.9853	-4.61598e-05	0	0	0	6.71241	3.34617	0	3.36624		300	0.631949	0.0330658	-0.0337125	0.000646673	0	0	0	0.631949	0	-0.355028	-111.796	0	20.391	20.391	-1.5099e-14	5.32541	0	0	0	0	0	0	0	0	0	0	0	0	0	0	0	0	0	0	0	0	0	0	0	0	0	0	0	0	0	0	0	0	0	
1	1	1	916	27.48		300	0	0	0.0458	-0.0458	0.000300197	0	0	0	109.274	-98.0348	-4.62069e-05	0	0	0	6.72277	3.35223	0	3.37054		300	0.632756	0.0331092	-0.0337563	0.000647119	0	0	0	0.632756	0	-0.355028	-111.796	0	20.391	20.391	-1.5099e-14	5.32541	0	0	0	0	0	0	0	0	0	0	0	0	0	0	0	0	0	0	0	0	0	0	0	0	0	0	0	0	0	0	0	0	0	
1	1	1	917	27.51		300	0	0	0.04585	-0.04585	0.000300404	0	0	0	109.331	-98.0845	-4.62539e-05	0	0	0	6.73314	3.3583	0	3.37484		300	0.633564	0.0331526	-0.0338002	0.000647565	0	0	0	0.633564	0	-0.355028	-111.796	0	20.391	20.391	-1.5099e-14	5.32541	0	0	0	0	0	0	0	0	0	0	0	0	0	0	0	0	0	0	0	0	0	0	0	0	0	0	0	0	0	0	0	0	0	
1	1	1	918	27.54		300	0	0	0.0459	-0.0459	0.000300611	0	0	0	109.389	-98.1341	-4.63009e-05	0	0	0	6.74351	3.36437	0	3.37914		300	0.634371	0.033196	-0.033844	0.00064801	0	0	0	0.634371	0	-0.355028	-111.796	0	20.391	20.391	-1.5099e-14	5.32541	0	0	0	0	0	0	0	0	0	0	0	0	0	0	0	0	0	0	0	0	0	0	0	0	0	0	0	0	0	0	0	0	0	
1	1	1	919	27.57		300	0	0	0.04595	-0.04595	0.000300817	0	0	0	109.446	-98.1838	-4.63479e-05	0	0	0	6.75389	3.37045	0	3.38344		300	0.635179	0.0332394	-0.0338879	0.000648456	0	0	0	0.635179	0	-0.355028	-111.796	0	20.391	20.391	-1.5099e-14	5.32541	0	0	0	0	0	0	0	0	0	0	0	0	0	0	0	0	0	0	0	0	0	0	0	0	0	0	0	0	0	0	0	0	0	
1	1	1	920	27.6		300	0	0	0.046	-0.046	0.000301024	0	0	0	109.503	-98.2335	-4.63947e-05	0	0	0	6.76428	3.37653	0	3.38774		300	0.635986	0.0332828	-0.0339317	0.000648901	0	0	0	0.635986	0	-0.355028	-111.796	0	20.391	20.391	-1.5099e-14	5.32541	0	0	0	0	0	0	0	0	0	0	0	0	0	0	0	0	0	0	0	0	0	0	0	0	0	0	0	0	0	0	0	0	0	
1	1	1	921	27.63		300	0	0	0.04605	-0.04605	0.00030123	0	0	0	109.561	-98.2833	-4.64416e-05	0	0	0	6.77466	3.38262	0	3.39204		300	0.636793	0.0333262	-0.0339755	0.000649345	0	0	0	0.636793	0	-0.355028	-111.796	0	20.391	20.391	-1.5099e-14	5.32541	0	0	0	0	0	0	0	0	0	0	0	0	0	0	0	0	0	0	0	0	0	0	0	0	0	0	0	0	0	0	0	0	0	
1	1	1	922	27.66		300	0	0	0.0461	-0.0461	0.000301436	0	0	0	109.618	-98.3331	-4.64884e-05	0	0	0	6.78506	3.38872	0	3.39634		300	0.6376	0.0333695	-0.0340193	0.00064979	0	0	0	0.6376	0	-0.355028	-111.796	0	20.391	20.391	-1.5099e-14	5.32541	0	0	0	0	0	0	0	0	0	0	0	0	0	0	0	0	0	0	0	0	0	0	0	0	0	0	0	0	0	0	0	0	0	
1	1	1	923	27.69		300	0	0	0.04615	-0.04615	0.000301642	0	0	0	109.676	-98.3829	-4.65351e-05	0	0	0	6.79546	3.39482	0	3.40064		300	0.638407	0.0334129	-0.0340632	0.000650234	0	0	0	0.638407	0	-0.355028	-111.796	0	20.391	20.391	-1.5099e-14	5.32541	0	0	0	0	0	0	0	0	0	0	0	0	0	0	0	0	0	0	0	0	0	0	0	0	0	0	0	0	0	0	0	0	0	
1	1	1	924	27.72		300	0	0	0.0462	-0.0462	0.000301848	0	0	0	109.734	-98.4327	-4.65818e-05	0	0	0	6.80587	3.40092	0	3.40494		300	0.639214	0.0334563	-0.034107	0.000650678	0	0	0	0.639214	0	-0.355028	-111.796	0	20.391	20.391	-1.5099e-14	5.32541	0	0	0	0	0	0	0	0	0	0	0	0	0	0	0	0	0	0	0	0	0	0	0	0	0	0	0	0	0	0	0	0	0	
1	1	1	925	27.75		300	0	0	0.04625	-0.04625	0.000302054	0	0	0	109.791	-98.4826	-4.66284e-05	0	0	0	6.81628	3.40704	0	3.40924		300	0.640021	0.0334997	-0.0341508	0.000651121	0	0	0	0.640021	0	-0.355028	-111.796	0	20.391	20.391	-1.5099e-14	5.32541	0	0	0	0	0	0	0	0	0	0	0	0	0	0	0	0	0	0	0	0	0	0	0	0	0	0	0	0	0	0	0	0	0	
1	1	1	926	27.78		300	0	0	0.0463	-0.0463	0.000302259	0	0	0	109.849	-98.5326	-4.6675e-05	0	0	0	6.82669	3.41315	0	3.41354		300	0.640828	0.033543	-0.0341946	0.000651564	0	0	0	0.640828	0	-0.355028	-111.796	0	20.391	20.391	-1.5099e-14	5.32541	0	0	0	0	0	0	0	0	0	0	0	0	0	0	0	0	0	0	0	0	0	0	0	0	0	0	0	0	0	0	0	0	0	
1	1	1	927	27.81		300	0	0	0.04635	-0.04635	0.000302465	0	0	0	109.906	-98.5825	-4.67215e-05	0	0	0	6.83711	3.41928	0	3.41784		300	0.641634	0.0335864	-0.0342384	0.000652007	0	0	0	0.641634	0	-0.355028	-111.796	0	20.391	20.391	-1.5099e-14	5.32541	0	0	0	0	0	0	0	0	0	0	0	0	0	0	0	0	0	0	0	0	0	0	0	0	0	0	0	0	0	0	0	0	0	
1	1	1	928	27.84		300	0	0	0.0464	-0.0464	0.00030267	0	0	0	109.964	-98.6326	-4.6768e-05	0	0	0	6.84754	3.42541	0	3.42213		300	0.642441	0.0336297	-0.0342822	0.000652449	0	0	0	0.642441	0	-0.355028	-111.796	0	20.391	20.391	-1.5099e-14	5.32541	0	0	0	0	0	0	0	0	0	0	0	0	0	0	0	0	0	0	0	0	0	0	0	0	0	0	0	0	0	0	0	0	0	
1	1	1	929	27.87		300	0	0	0.04645	-0.04645	0.000302875	0	0	0	110.022	-98.6826	-4.68145e-05	0	0	0	6.85797	3.43154	0	3.42643		300	0.643247	0.0336731	-0.034326	0.000652892	0	0	0	0.643247	0	-0.355028	-111.796	0	20.391	20.391	-1.5099e-14	5.32541	0	0	0	0	0	0	0	0	0	0	0	0	0	0	0	0	0	0	0	0	0	0	0	0	0	0	0	0	0	0	0	0	0	
1	1	1	930	27.9		300	0	0	0.0465	-0.0465	0.00030308	0	0	0	110.08	-98.7327	-4.68609e-05	0	0	0	6.86841	3.43769	0	3.43073		300	0.644054	0.0337164	-0.0343698	0.000653334	0	0	0	0.644054	0	-0.355028	-111.796	0	20.391	20.391	-1.5099e-14	5.32541	0	0	0	0	0	0	0	0	0	0	0	0	0	0	0	0	0	0	0	0	0	0	0	0	0	0	0	0	0	0	0	0	0	
1	1	1	931	27.93		300	0	0	0.04655	-0.04655	0.000303285	0	0	0	110.137	-98.7828	-4.69072e-05	0	0	0	6.87886	3.44383	0	3.43502		300	0.64486	0.0337598	-0.0344135	0.000653775	0	0	0	0.64486	0	-0.355028	-111.796	0	20.391	20.391	-1.5099e-14	5.32541	0	0	0	0	0	0	0	0	0	0	0	0	0	0	0	0	0	0	0	0	0	0	0	0	0	0	0	0	0	0	0	0	0	
1	1	1	932	27.96		300	0	0	0.0466	-0.0466	0.00030349	0	0	0	110.195	-98.833	-4.69535e-05	0	0	0	6.8893	3.44999	0	3.43932		300	0.645666	0.0338031	-0.0344573	0.000654217	0	0	0	0.645666	0	-0.355028	-111.796	0	20.391	20.391	-1.5099e-14	5.32541	0	0	0	0	0	0	0	0	0	0	0	0	0	0	0	0	0	0	0	0	0	0	0	0	0	0	0	0	0	0	0	0	0	
1	1	1	933	27.99		300	0	0	0.04665	-0.04665	0.000303694	0	0	0	110.253	-98.8832	-4.69997e-05	0	0	0	6.89976	3.45615	0	3.44361		300	0.646472	0.0338464	-0.0345011	0.000654658	0	0	0	0.646472	0	-0.355028	-111.796	0	20.391	20.391	-1.5099e-14	5.32541	0	0	0	0	0	0	0	0	0	0	0	0	0	0	0	0	0	0	0	0	0	0	0	0	0	0	0	0	0	0	0	0	0	
1	1	1	934	28.02		300	0	0	0.0467	-0.0467	0.000303899	0	0	0	110.311	-98.9334	-4.70459e-05	0	0	0	6.91022	3.46231	0	3.4479		300	0.647278	0.0338898	-0.0345449	0.000655098	0	0	0	0.647278	0	-0.355028	-111.796	0	20.391	20.391	-1.5099e-14	5.32541	0	0	0	0	0	0	0	0	0	0	0	0	0	0	0	0	0	0	0	0	0	0	0	0	0	0	0	0	0	0	0	0	0	
1	1	1	935	28.05		300	0	0	0.04675	-0.04675	0.000304103	0	0	0	110.369	-98.9837	-4.7092e-05	0	0	0	6.92068	3.46849	0	3.4522		300	0.648084	0.0339331	-0.0345886	0.000655539	0	0	0	0.648084	0	-0.355028	-111.796	0	20.391	20.391	-1.5099e-14	5.32541	0	0	0	0	0	0	0	0	0	0	0	0	0	0	0	0	0	0	0	0	0	0	0	0	0	0	0	0	0	0	0	0	0	
1	1	1	936	28.08		300	0	0	0.0468	-0.0468	0.000304307	0	0	0	110.427	-99.034	-4.71381e-05	0	0	0	6.93115	3.47466	0	3.45649		300	0.64889	0.0339764	-0.0346324	0.000655979	0	0	0	0.64889	0	-0.355028	-111.796	0	20.391	20.391	-1.5099e-14	5.32541	0	0	0	0	0	0	0	0	0	0	0	0	0	0	0	0	0	0	0	0	0	0	0	0	0	0	0	0	0	0	0	0	0	
1	1	1	937	28.11		300	0	0	0.04685	-0.04685	0.000304511	0	0	0	110.485	-99.0844	-4.71842e-05	0	0	0	6.94163	3.48085	0	3.46078		300	0.649695	0.0340197	-0.0346761	0.000656419	0	0	0	0.649695	0	-0.355028	-111.796	0	20.391	20.391	-1.5099e-14	5.32541	0	0	0	0	0	0	0	0	0	0	0	0	0	0	0	0	0	0	0	0	0	0	0	0	0	0	0	0	0	0	0	0	0	
1	1	1	938	28.14		300	0	0	0.0469	-0.0469	0.000304715	0	0	0	110.543	-99.1348	-4.72301e-05	0	0	0	6.95211	3.48704	0	3.46507		300	0.650501	0.034063	-0.0347199	0.000656858	0	0	0	0.650501	0	-0.355028	-111.796	0	20.391	20.391	-1.5099e-14	5.32541	0	0	0	0	0	0	0	0	0	0	0	0	0	0	0	0	0	0	0	0	0	0	0	0	0	0	0	0	0	0	0	0	0	
1	1	1	939	28.17		300	0	0	0.04695	-0.04695	0.000304919	0	0	0	110.601	-99.1852	-4.72761e-05	0	0	0	6.9626	3.49323	0	3.46936		300	0.651306	0.0341063	-0.0347636	0.000657298	0	0	0	0.651306	0	-0.355028	-111.796	0	20.391	20.391	-1.5099e-14	5.32541	0	0	0	0	0	0	0	0	0	0	0	0	0	0	0	0	0	0	0	0	0	0	0	0	0	0	0	0	0	0	0	0	0	
1	1	1	940	28.2		300	0	0	0.047	-0.047	0.000305123	0	0	0	110.659	-99.2357	-4.7322e-05	0	0	0	6.97309	3.49943	0	3.47366		300	0.652111	0.0341496	-0.0348074	0.000657737	0	0	0	0.652111	0	-0.355028	-111.796	0	20.391	20.391	-1.5099e-14	5.32541	0	0	0	0	0	0	0	0	0	0	0	0	0	0	0	0	0	0	0	0	0	0	0	0	0	0	0	0	0	0	0	0	0	
1	1	1	941	28.23		300	0	0	0.04705	-0.04705	0.000305326	0	0	0	110.717	-99.2862	-4.73678e-05	0	0	0	6.98359	3.50564	0	3.47795		300	0.652917	0.0341929	-0.0348511	0.000658175	0	0	0	0.652917	0	-0.355028	-111.796	0	20.391	20.391	-1.5099e-14	5.32541	0	0	0	0	0	0	0	0	0	0	0	0	0	0	0	0	0	0	0	0	0	0	0	0	0	0	0	0	0	0	0	0	0	
1	1	1	942	28.26		300	0	0	0.0471	-0.0471	0.000305529	0	0	0	110.775	-99.3368	-4.74136e-05	0	0	0	6.99409	3.51185	0	3.48223		300	0.653722	0.0342362	-0.0348949	0.000658614	0	0	0	0.653722	0	-0.355028	-111.796	0	20.391	20.391	-1.5099e-14	5.32541	0	0	0	0	0	0	0	0	0	0	0	0	0	0	0	0	0	0	0	0	0	0	0	0	0	0	0	0	0	0	0	0	0	
1	1	1	943	28.29		300	0	0	0.04715	-0.04715	0.000305733	0	0	0	110.834	-99.3874	-4.74593e-05	0	0	0	7.0046	3.51807	0	3.48652		300	0.654527	0.0342795	-0.0349386	0.000659052	0	0	0	0.654527	0	-0.355028	-111.796	0	20.391	20.391	-1.5099e-14	5.32541	0	0	0	0	0	0	0	0	0	0	0	0	0	0	0	0	0	0	0	0	0	0	0	0	0	0	0	0	0	0	0	0	0	
1	1	1	944	28.32		300	0	0	0.0472	-0.0472	0.000305936	0	0	0	110.892	-99.438	-4.7505e-05	0	0	0	7.01511	3.5243	0	3.49081		300	0.655332	0.0343228	-0.0349823	0.00065949	0	0	0	0.655332	0	-0.355028	-111.796	0	20.391	20.391	-1.5099e-14	5.32541	0	0	0	0	0	0	0	0	0	0	0	0	0	0	0	0	0	0	0	0	0	0	0	0	0	0	0	0	0	0	0	0	0	
1	1	1	945	28.35		300	0	0	0.04725	-0.04725	0.000306139	0	0	0	110.95	-99.4887	-4.75506e-05	0	0	0	7.02563	3.53053	0	3.4951		300	0.656136	0.0343661	-0.035026	0.000659927	0	0	0	0.656136	0	-0.355028	-111.796	0	20.391	20.391	-1.5099e-14	5.32541	0	0	0	0	0	0	0	0	0	0	0	0	0	0	0	0	0	0	0	0	0	0	0	0	0	0	0	0	0	0	0	0	0	
1	1	1	946	28.38		300	0	0	0.0473	-0.0473	0.000306342	0	0	0	111.008	-99.5394	-4.75962e-05	0	0	0	7.03616	3.53677	0	3.49939		300	0.656941	0.0344094	-0.0350697	0.000660365	0	0	0	0.656941	0	-0.355028	-111.796	0	20.391	20.391	-1.5099e-14	5.32541	0	0	0	0	0	0	0	0	0	0	0	0	0	0	0	0	0	0	0	0	0	0	0	0	0	0	0	0	0	0	0	0	0	
1	1	1	947	28.41		300	0	0	0.04735	-0.04735	0.000306544	0	0	0	111.067	-99.5902	-4.76417e-05	0	0	0	7.04669	3.54301	0	3.50367		300	0.657746	0.0344526	-0.0351134	0.000660802	0	0	0	0.657746	0	-0.355028	-111.796	0	20.391	20.391	-1.5099e-14	5.32541	0	0	0	0	0	0	0	0	0	0	0	0	0	0	0	0	0	0	0	0	0	0	0	0	0	0	0	0	0	0	0	0	0	
1	1	1	948	28.44		300	0	0	0.0474	-0.0474	0.000306747	0	0	0	111.125	-99.641	-4.76872e-05	0	0	0	7.05722	3.54926	0	3.50796		300	0.65855	0.0344959	-0.0351571	0.000661238	0	0	0	0.65855	0	-0.355028	-111.796	0	20.391	20.391	-1.5099e-14	5.32541	0	0	0	0	0	0	0	0	0	0	0	0	0	0	0	0	0	0	0	0	0	0	0	0	0	0	0	0	0	0	0	0	0	
1	1	1	949	28.47		300	0	0	0.04745	-0.04745	0.000306949	0	0	0	111.184	-99.6918	-4.77326e-05	0	0	0	7.06776	3.55552	0	3.51225		300	0.659355	0.0345392	-0.0352008	0.000661675	0	0	0	0.659355	0	-0.355028	-111.796	0	20.391	20.391	-1.5099e-14	5.32541	0	0	0	0	0	0	0	0	0	0	0	0	0	0	0	0	0	0	0	0	0	0	0	0	0	0	0	0	0	0	0	0	0	
1	1	1	950	28.5		300	0	0	0.0475	-0.0475	0.000307152	0	0	0	111.242	-99.7427	-4.7778e-05	0	0	0	7.07831	3.56178	0	3.51653		300	0.660159	0.0345824	-0.0352445	0.000662111	0	0	0	0.660159	0	-0.355028	-111.796	0	20.391	20.391	-1.5099e-14	5.32541	0	0	0	0	0	0	0	0	0	0	0	0	0	0	0	0	0	0	0	0	0	0	0	0	0	0	0	0	0	0	0	0	0	
1	1	1	951	28.53		300	0	0	0.04755	-0.04755	0.000307354	0	0	0	111.301	-99.7937	-4.78233e-05	0	0	0	7.08886	3.56805	0	3.52081		300	0.660963	0.0346257	-0.0352882	0.000662547	0	0	0	0.660963	0	-0.355028	-111.796	0	20.391	20.391	-1.5099e-14	5.32541	0	0	0	0	0	0	0	0	0	0	0	0	0	0	0	0	0	0	0	0	0	0	0	0	0	0	0	0	0	0	0	0	0	
1	1	1	952	28.56		300	0	0	0.0476	-0.0476	0.000307556	0	0	0	111.359	-99.8446	-4.78686e-05	0	0	0	7.09942	3.57432	0	3.5251		300	0.661767	0.0346689	-0.0353319	0.000662983	0	0	0	0.661767	0	-0.355028	-111.796	0	20.391	20.391	-1.5099e-14	5.32541	0	0	0	0	0	0	0	0	0	0	0	0	0	0	0	0	0	0	0	0	0	0	0	0	0	0	0	0	0	0	0	0	0	
1	1	1	953	28.59		300	0	0	0.04765	-0.04765	0.000307758	0	0	0	111.418	-99.8957	-4.79138e-05	0	0	0	7.10998	3.5806	0	3.52938		300	0.662571	0.0347122	-0.0353756	0.000663418	0	0	0	0.662571	0	-0.355028	-111.796	0	20.391	20.391	-1.5099e-14	5.32541	0	0	0	0	0	0	0	0	0	0	0	0	0	0	0	0	0	0	0	0	0	0	0	0	0	0	0	0	0	0	0	0	0	
1	1	1	954	28.62		300	0	0	0.0477	-0.0477	0.00030796	0	0	0	111.476	-99.9467	-4.7959e-05	0	0	0	7.12055	3.58688	0	3.53366		300	0.663375	0.0347554	-0.0354193	0.000663853	0	0	0	0.663375	0	-0.355028	-111.796	0	20.391	20.391	-1.5099e-14	5.32541	0	0	0	0	0	0	0	0	0	0	0	0	0	0	0	0	0	0	0	0	0	0	0	0	0	0	0	0	0	0	0	0	0	
1	1	1	955	28.65		300	0	0	0.04775	-0.04775	0.000308162	0	0	0	111.535	-99.9978	-4.80041e-05	0	0	0	7.13112	3.59318	0	3.53795		300	0.664179	0.0347986	-0.0354629	0.000664288	0	0	0	0.664179	0	-0.355028	-111.796	0	20.391	20.391	-1.5099e-14	5.32541	0	0	0	0	0	0	0	0	0	0	0	0	0	0	0	0	0	0	0	0	0	0	0	0	0	0	0	0	0	0	0	0	0	
1	1	1	956	28.68		300	0	0	0.0478	-0.0478	0.000308363	0	0	0	111.594	-100.049	-4.80491e-05	0	0	0	7.1417	3.59947	0	3.54223		300	0.664982	0.0348419	-0.0355066	0.000664723	0	0	0	0.664982	0	-0.355028	-111.796	0	20.391	20.391	-1.5099e-14	5.32541	0	0	0	0	0	0	0	0	0	0	0	0	0	0	0	0	0	0	0	0	0	0	0	0	0	0	0	0	0	0	0	0	0	
1	1	1	957	28.71		300	0	0	0.04785	-0.04785	0.000308565	0	0	0	111.653	-100.1	-4.80942e-05	0	0	0	7.15229	3.60578	0	3.54651		300	0.665786	0.0348851	-0.0355503	0.000665157	0	0	0	0.665786	0	-0.355028	-111.796	0	20.391	20.391	-1.5099e-14	5.32541	0	0	0	0	0	0	0	0	0	0	0	0	0	0	0	0	0	0	0	0	0	0	0	0	0	0	0	0	0	0	0	0	0	
1	1	1	958	28.74		300	0	0	0.0479	-0.0479	0.000308766	0	0	0	111.711	-100.151	-4.81391e-05	0	0	0	7.16288	3.61209	0	3.55079		300	0.666589	0.0349283	-0.0355939	0.000665591	0	0	0	0.666589	0	-0.355028	-111.796	0	20.391	20.391	-1.5099e-14	5.32541	0	0	0	0	0	0	0	0	0	0	0	0	0	0	0	0	0	0	0	0	0	0	0	0	0	0	0	0	0	0	0	0	0	
1	1	1	959	28.77		300	0	0	0.04795	-0.04795	0.000308967	0	0	0	111.77	-100.203	-4.8184e-05	0	0	0	7.17347	3.6184	0	3.55507		300	0.667392	0.0349715	-0.0356376	0.000666025	0	0	0	0.667392	0	-0.355028	-111.796	0	20.391	20.391	-1.5099e-14	5.32541	0	0	0	0	0	0	0	0	0	0	0	0	0	0	0	0	0	0	0	0	0	0	0	0	0	0	0	0	0	0	0	0	0	
1	1	1	960	28.8		300	0	0	0.048	-0.048	0.000309168	0	0	0	111.829	-100.254	-4.82289e-05	0	0	0	7.18408	3.62473	0	3.55935		300	0.668195	0.0350147	-0.0356812	0.000666458	0	0	0	0.668195	0	-0.355028	-111.796	0	20.391	20.391	-1.5099e-14	5.32541	0	0	0	0	0	0	0	0	0	0	0	0	0	0	0	0	0	0	0	0	0	0	0	0	0	0	0	0	0	0	0	0	0	
1	1	1	961	28.83		300	0	0	0.04805	-0.04805	0.000309369	0	0	0	111.888	-100.305	-4.82737e-05	0	0	0	7.19468	3.63106	0	3.56363		300	0.668999	0.0350579	-0.0357248	0.000666891	0	0	0	0.668999	0	-0.355028	-111.796	0	20.391	20.391	-1.5099e-14	5.32541	0	0	0	0	0	0	0	0	0	0	0	0	0	0	0	0	0	0	0	0	0	0	0	0	0	0	0	0	0	0	0	0	0	
1	1	1	962	28.86		300	0	0	0.0481	-0.0481	0.00030957	0	0	0	111.947	-100.357	-4.83184e-05	0	0	0	7.20529	3.63739	0	3.5679		300	0.669801	0.0351011	-0.0357685	0.000667324	0	0	0	0.669801	0	-0.355028	-111.796	0	20.391	20.391	-1.5099e-14	5.32541	0	0	0	0	0	0	0	0	0	0	0	0	0	0	0	0	0	0	0	0	0	0	0	0	0	0	0	0	0	0	0	0	0	
1	1	1	963	28.89		300	0	0	0.04815	-0.04815	0.000309771	0	0	0	112.006	-100.408	-4.83631e-05	0	0	0	7.21591	3.64373	0	3.57218		300	0.670604	0.0351443	-0.0358121	0.000667757	0	0	0	0.670604	0	-0.355028	-111.796	0	20.391	20.391	-1.5099e-14	5.32541	0	0	0	0	0	0	0	0	0	0	0	0	0	0	0	0	0	0	0	0	0	0	0	0	0	0	0	0	0	0	0	0	0	
1	1	1	964	28.92		300	0	0	0.0482	-0.0482	0.000309972	0	0	0	112.065	-100.46	-4.84078e-05	0	0	0	7.22654	3.65008	0	3.57646		300	0.671407	0.0351875	-0.0358557	0.00066819	0	0	0	0.671407	0	-0.355028	-111.796	0	20.391	20.391	-1.5099e-14	5.32541	0	0	0	0	0	0	0	0	0	0	0	0	0	0	0	0	0	0	0	0	0	0	0	0	0	0	0	0	0	0	0	0	0	
1	1	1	965	28.95		300	0	0	0.04825	-0.04825	0.000310172	0	0	0	112.124	-100.511	-4.84524e-05	0	0	0	7.23716	3.65643	0	3.58073		300	0.67221	0.0352307	-0.0358993	0.000668622	0	0	0	0.67221	0	-0.355028	-111.796	0	20.391	20.391	-1.5099e-14	5.32541	0	0	0	0	0	0	0	0	0	0	0	0	0	0	0	0	0	0	0	0	0	0	0	0	0	0	0	0	0	0	0	0	0	
1	1	1	966	28.98		300	0	0	0.0483	-0.0483	0.000310372	0	0	0	112.183	-100.563	-4.84969e-05	0	0	0	7.2478	3.66279	0	3.58501		300	0.673012	0.0352739	-0.0359429	0.000669054	0	0	0	0.673012	0	-0.355028	-111.796	0	20.391	20.391	-1.5099e-14	5.32541	0	0	0	0	0	0	0	0	0	0	0	0	0	0	0	0	0	0	0	0	0	0	0	0	0	0	0	0	0	0	0	0	0	
1	1	1	967	29.01		300	0	0	0.04835	-0.04835	0.000310573	0	0	0	112.242	-100.615	-4.85414e-05	0	0	0	7.25844	3.66915	0	3.58928		300	0.673814	0.0353171	-0.0359865	0.000669485	0	0	0	0.673814	0	-0.355028	-111.796	0	20.391	20.391	-1.5099e-14	5.32541	0	0	0	0	0	0	0	0	0	0	0	0	0	0	0	0	0	0	0	0	0	0	0	0	0	0	0	0	0	0	0	0	0	
1	1	1	968	29.04		300	0	0	0.0484	-0.0484	0.000310773	0	0	0	112.301	-100.666	-4.85859e-05	0	0	0	7.26909	3.67553	0	3.59356		300	0.674617	0.0353602	-0.0360301	0.000669917	0	0	0	0.674617	0	-0.355028	-111.796	0	20.391	20.391	-1.5099e-14	5.32541	0	0	0	0	0	0	0	0	0	0	0	0	0	0	0	0	0	0	0	0	0	0	0	0	0	0	0	0	0	0	0	0	0	
1	1	1	969	29.07		300	0	0	0.04845	-0.04845	0.000310973	0	0	0	112.361	-100.718	-4.86303e-05	0	0	0	7.27974	3.6819	0	3.59783		300	0.675419	0.0354034	-0.0360737	0.000670348	0	0	0	0.675419	0	-0.355028	-111.796	0	20.391	20.391	-1.5099e-14	5.32541	0	0	0	0	0	0	0	0	0	0	0	0	0	0	0	0	0	0	0	0	0	0	0	0	0	0	0	0	0	0	0	0	0	
1	1	1	970	29.1		300	0	0	0.0485	-0.0485	0.000311173	0	0	0	112.42	-100.77	-4.86746e-05	0	0	0	7.29039	3.68829	0	3.60211		300	0.676221	0.0354466	-0.0361173	0.000670779	0	0	0	0.676221	0	-0.355028	-111.796	0	20.391	20.391	-1.5099e-14	5.32541	0	0	0	0	0	0	0	0	0	0	0	0	0	0	0	0	0	0	0	0	0	0	0	0	0	0	0	0	0	0	0	0	0	
1	1	1	971	29.13		300	0	0	0.04855	-0.04855	0.000311373	0	0	0	112.479	-100.822	-4.87189e-05	0	0	0	7.30106	3.69468	0	3.60638		300	0.677023	0.0354897	-0.0361609	0.00067121	0	0	0	0.677023	0	-0.355028	-111.796	0	20.391	20.391	-1.5099e-14	5.32541	0	0	0	0	0	0	0	0	0	0	0	0	0	0	0	0	0	0	0	0	0	0	0	0	0	0	0	0	0	0	0	0	0	
1	1	1	972	29.16		300	0	0	0.0486	-0.0486	0.000311572	0	0	0	112.539	-100.874	-4.87631e-05	0	0	0	7.31172	3.70107	0	3.61065		300	0.677824	0.0355329	-0.0362045	0.00067164	0	0	0	0.677824	0	-0.355028	-111.796	0	20.391	20.391	-1.5099e-14	5.32541	0	0	0	0	0	0	0	0	0	0	0	0	0	0	0	0	0	0	0	0	0	0	0	0	0	0	0	0	0	0	0	0	0	
1	1	1	973	29.19		300	0	0	0.04865	-0.04865	0.000311772	0	0	0	112.598	-100.926	-4.88073e-05	0	0	0	7.3224	3.70748	0	3.61492		300	0.678626	0.035576	-0.0362481	0.00067207	0	0	0	0.678626	0	-0.355028	-111.796	0	20.391	20.391	-1.5099e-14	5.32541	0	0	0	0	0	0	0	0	0	0	0	0	0	0	0	0	0	0	0	0	0	0	0	0	0	0	0	0	0	0	0	0	0	
1	1	1	974	29.22		300	0	0	0.0487	-0.0487	0.000311971	0	0	0	112.658	-100.978	-4.88514e-05	0	0	0	7.33308	3.71388	0	3.61919		300	0.679427	0.0356191	-0.0362916	0.0006725	0	0	0	0.679427	0	-0.355028	-111.796	0	20.391	20.391	-1.5099e-14	5.32541	0	0	0	0	0	0	0	0	0	0	0	0	0	0	0	0	0	0	0	0	0	0	0	0	0	0	0	0	0	0	0	0	0	
1	1	1	975	29.25		300	0	0	0.04875	-0.04875	0.000312171	0	0	0	112.717	-101.03	-4.88955e-05	0	0	0	7.34376	3.7203	0	3.62346		300	0.680229	0.0356623	-0.0363352	0.00067293	0	0	0	0.680229	0	-0.355028	-111.796	0	20.391	20.391	-1.5099e-14	5.32541	0	0	0	0	0	0	0	0	0	0	0	0	0	0	0	0	0	0	0	0	0	0	0	0	0	0	0	0	0	0	0	0	0	
1	1	1	976	29.28		300	0	0	0.0488	-0.0488	0.00031237	0	0	0	112.777	-101.082	-4.89395e-05	0	0	0	7.35445	3.72672	0	3.62773		300	0.68103	0.0357054	-0.0363787	0.000673359	0	0	0	0.68103	0	-0.355028	-111.796	0	20.391	20.391	-1.5099e-14	5.32541	0	0	0	0	0	0	0	0	0	0	0	0	0	0	0	0	0	0	0	0	0	0	0	0	0	0	0	0	0	0	0	0	0	
1	1	1	977	29.31		300	0	0	0.04885	-0.04885	0.000312569	0	0	0	112.836	-101.134	-4.89835e-05	0	0	0	7.36515	3.73315	0	3.632		300	0.681831	0.0357485	-0.0364223	0.000673789	0	0	0	0.681831	0	-0.355028	-111.796	0	20.391	20.391	-1.5099e-14	5.32541	0	0	0	0	0	0	0	0	0	0	0	0	0	0	0	0	0	0	0	0	0	0	0	0	0	0	0	0	0	0	0	0	0	
1	1	1	978	29.34		300	0	0	0.0489	-0.0489	0.000312768	0	0	0	112.896	-101.186	-4.90274e-05	0	0	0	7.37585	3.73958	0	3.63627		300	0.682632	0.0357916	-0.0364658	0.000674218	0	0	0	0.682632	0	-0.355028	-111.796	0	20.391	20.391	-1.5099e-14	5.32541	0	0	0	0	0	0	0	0	0	0	0	0	0	0	0	0	0	0	0	0	0	0	0	0	0	0	0	0	0	0	0	0	0	
1	1	1	979	29.37		300	0	0	0.04895	-0.04895	0.000312967	0	0	0	112.956	-101.238	-4.90713e-05	0	0	0	7.38655	3.74602	0	3.64053		300	0.683433	0.0358347	-0.0365094	0.000674646	0	0	0	0.683433	0	-0.355028	-111.796	0	20.391	20.391	-1.5099e-14	5.32541	0	0	0	0	0	0	0	0	0	0	0	0	0	0	0	0	0	0	0	0	0	0	0	0	0	0	0	0	0	0	0	0	0	
1	1	1	980	29.4		300	0	0	0.049	-0.049	0.000313166	0	0	0	113.015	-101.291	-4.91151e-05	0	0	0	7.39727	3.75247	0	3.6448		300	0.684234	0.0358778	-0.0365529	0.000675075	0	0	0	0.684234	0	-0.355028	-111.796	0	20.391	20.391	-1.5099e-14	5.32541	0	0	0	0	0	0	0	0	0	0	0	0	0	0	0	0	0	0	0	0	0	0	0	0	0	0	0	0	0	0	0	0	0	
1	1	1	981	29.43		300	0	0	0.04905	-0.04905	0.000313364	0	0	0	113.075	-101.343	-4.91588e-05	0	0	0	7.40798	3.75892	0	3.64907		300	0.685034	0.0359209	-0.0365964	0.000675503	0	0	0	0.685034	0	-0.355028	-111.796	0	20.391	20.391	-1.5099e-14	5.32541	0	0	0	0	0	0	0	0	0	0	0	0	0	0	0	0	0	0	0	0	0	0	0	0	0	0	0	0	0	0	0	0	0	
1	1	1	982	29.46		300	0	0	0.0491	-0.0491	0.000313563	0	0	0	113.135	-101.395	-4.92025e-05	0	0	0	7.41871	3.76538	0	3.65333		300	0.685835	0.035964	-0.0366399	0.000675931	0	0	0	0.685835	0	-0.355028	-111.796	0	20.391	20.391	-1.5099e-14	5.32541	0	0	0	0	0	0	0	0	0	0	0	0	0	0	0	0	0	0	0	0	0	0	0	0	0	0	0	0	0	0	0	0	0	
1	1	1	983	29.49		300	0	0	0.04915	-0.04915	0.000313761	0	0	0	113.195	-101.448	-4.92462e-05	0	0	0	7.42944	3.77184	0	3.65759		300	0.686635	0.0360071	-0.0366835	0.000676359	0	0	0	0.686635	0	-0.355028	-111.796	0	20.391	20.391	-1.5099e-14	5.32541	0	0	0	0	0	0	0	0	0	0	0	0	0	0	0	0	0	0	0	0	0	0	0	0	0	0	0	0	0	0	0	0	0	
1	1	1	984	29.52		300	0	0	0.0492	-0.0492	0.00031396	0	0	0	113.255	-101.5	-4.92898e-05	0	0	0	7.44017	3.77831	0	3.66186		300	0.687436	0.0360502	-0.036727	0.000676787	0	0	0	0.687436	0	-0.355028	-111.796	0	20.391	20.391	-1.5099e-14	5.32541	0	0	0	0	0	0	0	0	0	0	0	0	0	0	0	0	0	0	0	0	0	0	0	0	0	0	0	0	0	0	0	0	0	
1	1	1	985	29.55		300	0	0	0.04925	-0.04925	0.000314158	0	0	0	113.315	-101.553	-4.93333e-05	0	0	0	7.45091	3.78479	0	3.66612		300	0.688236	0.0360932	-0.0367705	0.000677214	0	0	0	0.688236	0	-0.355028	-111.796	0	20.391	20.391	-1.5099e-14	5.32541	0	0	0	0	0	0	0	0	0	0	0	0	0	0	0	0	0	0	0	0	0	0	0	0	0	0	0	0	0	0	0	0	0	
1	1	1	986	29.58		300	0	0	0.0493	-0.0493	0.000314356	0	0	0	113.375	-101.606	-4.93768e-05	0	0	0	7.46166	3.79128	0	3.67038		300	0.689036	0.0361363	-0.036814	0.000677641	0	0	0	0.689036	0	-0.355028	-111.796	0	20.391	20.391	-1.5099e-14	5.32541	0	0	0	0	0	0	0	0	0	0	0	0	0	0	0	0	0	0	0	0	0	0	0	0	0	0	0	0	0	0	0	0	0	
1	1	1	987	29.61		300	0	0	0.04935	-0.04935	0.000314554	0	0	0	113.435	-101.658	-4.94202e-05	0	0	0	7.47241	3.79777	0	3.67465		300	0.689835	0.0361794	-0.0368574	0.000678068	0	0	0	0.689835	0	-0.355028	-111.796	0	20.391	20.391	-1.5099e-14	5.32541	0	0	0	0	0	0	0	0	0	0	0	0	0	0	0	0	0	0	0	0	0	0	0	0	0	0	0	0	0	0	0	0	0	
1	1	1	988	29.64		300	0	0	0.0494	-0.0494	0.000314752	0	0	0	113.495	-101.711	-4.94636e-05	0	0	0	7.48317	3.80426	0	3.67891		300	0.690635	0.0362224	-0.0369009	0.000678494	0	0	0	0.690635	0	-0.355028	-111.796	0	20.391	20.391	-1.5099e-14	5.32541	0	0	0	0	0	0	0	0	0	0	0	0	0	0	0	0	0	0	0	0	0	0	0	0	0	0	0	0	0	0	0	0	0	
1	1	1	989	29.67		300	0	0	0.04945	-0.04945	0.00031495	0	0	0	113.555	-101.764	-4.95069e-05	0	0	0	7.49393	3.81076	0	3.68317		300	0.691435	0.0362655	-0.0369444	0.000678921	0	0	0	0.691435	0	-0.355028	-111.796	0	20.391	20.391	-1.5099e-14	5.32541	0	0	0	0	0	0	0	0	0	0	0	0	0	0	0	0	0	0	0	0	0	0	0	0	0	0	0	0	0	0	0	0	0	
1	1	1	990	29.7		300	0	0	0.0495	-0.0495	0.000315148	0	0	0	113.615	-101.817	-4.95502e-05	0	0	0	7.5047	3.81727	0	3.68743		300	0.692234	0.0363085	-0.0369879	0.000679347	0	0	0	0.692234	0	-0.355028	-111.796	0	20.391	20.391	-1.5099e-14	5.32541	0	0	0	0	0	0	0	0	0	0	0	0	0	0	0	0	0	0	0	0	0	0	0	0	0	0	0	0	0	0	0	0	0	
1	1	1	991	29.73		300	0	0	0.04955	-0.04955	0.000315345	0	0	0	113.676	-101.869	-4.95934e-05	0	0	0	7.51547	3.82379	0	3.69169		300	0.693034	0.0363516	-0.0370313	0.000679773	0	0	0	0.693034	0	-0.355028	-111.796	0	20.391	20.391	-1.5099e-14	5.32541	0	0	0	0	0	0	0	0	0	0	0	0	0	0	0	0	0	0	0	0	0	0	0	0	0	0	0	0	0	0	0	0	0	
1	1	1	992	29.76		300	0	0	0.0496	-0.0496	0.000315543	0	0	0	113.736	-101.922	-4.96366e-05	0	0	0	7.52626	3.83031	0	3.69594		300	0.693833	0.0363946	-0.0370748	0.000680199	0	0	0	0.693833	0	-0.355028	-111.796	0	20.391	20.391	-1.5099e-14	5.32541	0	0	0	0	0	0	0	0	0	0	0	0	0	0	0	0	0	0	0	0	0	0	0	0	0	0	0	0	0	0	0	0	0	
1	1	1	993	29.79		300	0	0	0.04965	-0.04965	0.00031574	0	0	0	113.796	-101.975	-4.96797e-05	0	0	0	7.53704	3.83684	0	3.7002		300	0.694632	0.0364376	-0.0371182	0.000680624	0	0	0	0.694632	0	-0.355028	-111.796	0	20.391	20.391	-1.5099e-14	5.32541	0	0	0	0	0	0	0	0	0	0	0	0	0	0	0	0	0	0	0	0	0	0	0	0	0	0	0	0	0	0	0	0	0	
1	1	1	994	29.82		300	0	0	0.0497	-0.0497	0.000315937	0	0	0	113.857	-102.028	-4.97228e-05	0	0	0	7.54783	3.84337	0	3.70446		300	0.695431	0.0364806	-0.0371617	0.000681049	0	0	0	0.695431	0	-0.355028	-111.796	0	20.391	20.391	-1.5099e-14	5.32541	0	0	0	0	0	0	0	0	0	0	0	0	0	0	0	0	0	0	0	0	0	0	0	0	0	0	0	0	0	0	0	0	0	
1	1	1	995	29.85		300	0	0	0.04975	-0.04975	0.000316134	0	0	0	113.917	-102.082	-4.97658e-05	0	0	0	7.55863	3.84992	0	3.70871		300	0.69623	0.0365236	-0.0372051	0.000681475	0	0	0	0.69623	0	-0.355028	-111.796	0	20.391	20.391	-1.5099e-14	5.32541	0	0	0	0	0	0	0	0	0	0	0	0	0	0	0	0	0	0	0	0	0	0	0	0	0	0	0	0	0	0	0	0	0	
1	1	1	996	29.88		300	0	0	0.0498	-0.0498	0.000316332	0	0	0	113.978	-102.135	-4.98087e-05	0	0	0	7.56943	3.85646	0	3.71297		300	0.697028	0.0365666	-0.0372485	0.000681899	0	0	0	0.697028	0	-0.355028	-111.796	0	20.391	20.391	-1.5099e-14	5.32541	0	0	0	0	0	0	0	0	0	0	0	0	0	0	0	0	0	0	0	0	0	0	0	0	0	0	0	0	0	0	0	0	0	
1	1	1	997	29.91		300	0	0	0.04985	-0.04985	0.000316528	0	0	0	114.038	-102.188	-4.98516e-05	0	0	0	7.58024	3.86302	0	3.71722		300	0.697827	0.0366096	-0.037292	0.000682324	0	0	0	0.697827	0	-0.355028	-111.796	0	20.391	20.391	-1.5099e-14	5.32541	0	0	0	0	0	0	0	0	0	0	0	0	0	0	0	0	0	0	0	0	0	0	0	0	0	0	0	0	0	0	0	0	0	
1	1	1	998	29.94		300	0	0	0.0499	-0.0499	0.000316725	0	0	0	114.099	-102.241	-4.98945e-05	0	0	0	7.59105	3.86958	0	3.72148		300	0.698625	0.0366526	-0.0373354	0.000682748	0	0	0	0.698625	0	-0.355028	-111.796	0	20.391	20.391	-1.5099e-14	5.32541	0	0	0	0	0	0	0	0	0	0	0	0	0	0	0	0	0	0	0	0	0	0	0	0	0	0	0	0	0	0	0	0	0	
1	1	1	999	29.97		300	0	0	0.04995	-0.04995	0.000316922	0	0	0	114.16	-102.295	-4.99373e-05	0	0	0	7.60187	3.87614	0	3.72573		300	0.699423	0.0366956	-0.0373788	0.000683173	0	0	0	0.699423	0	-0.355028	-111.796	0	20.391	20.391	-1.5099e-14	5.32541	0	0	0	0	0	0	0	0	0	0	0	0	0	0	0	0	0	0	0	0	0	0	0	0	0	0	0	0	0	0	0	0	0	
1	1	1	1000	30		300	0	0	0.05	-0.05	0.000317119	0	0	0	114.22	-102.348	-4.998e-05	0	0	0	7.6127	3.88272	0	3.72998		300	0.700221	0.0367386	-0.0374222	0.000683596	0	0	0	0.700221	0	-0.355028	-111.796	0	20.391	20.391	-1.5099e-14	5.32541	0	0	0	0	0	0	0	0	0	0	0	0	0	0	0	0	0	0	0	0	0	0	0	0	0	0	0	0	0	0	0	0	0	
