1	1	1	1	0.03		300	0	0	5e-05	5e-05	-5.89841e-05	0	0	0	0.810374	0.810374	5.6347e-08	0	0	0	4.05187e-05	-0.135378	0	0.135418		300	0.0138969	5.79247e-06	5.79247e-06	-1.15849e-05	0	0	0	0.0138969	0	-0.469668	-153.69	0	26.9754	26.9754	0	7.04502	0	0	0	0	0	0	0	0	0	0	0	0	0	0	0	0	0	0	0	0	0	0	0	0	0	0	0	0	0	0	0	0	0	
1	1	1	2	0.06		300	0	0	0.0001	0.0001	-0.000118057	0	0	0	1.61899	1.61899	5.44159e-08	0	0	0	0.000161987	-0.137622	0	0.137784		300	0.0142326	1.16806e-05	1.16806e-05	-2.33612e-05	0	0	0	0.0142326	0	-0.469668	-153.69	0	26.9754	26.9754	0	7.04502	0	0	0	0	0	0	0	0	0	0	0	0	0	0	0	0	0	0	0	0	0	0	0	0	0	0	0	0	0	0	0	0	0	
1	1	1	3	0.09		300	0	0	0.00015	0.00015	-0.000177219	0	0	0	2.42585	2.42585	4.067e-08	0	0	0	0.000364229	-0.139823	0	0.140188		300	0.0145739	1.7665e-05	1.7665e-05	-3.533e-05	0	0	0	0.0145739	0	-0.469668	-153.69	0	26.9754	26.9754	0	7.04502	0	0	0	0	0	0	0	0	0	0	0	0	0	0	0	0	0	0	0	0	0	0	0	0	0	0	0	0	0	0	0	0	0	
1	1	1	4	0.12		300	0	0	0.0002	0.0002	-0.000236471	0	0	0	3.23093	3.23093	-1.45006e-09	0	0	0	0.000647068	-0.141983	0	0.14263		300	0.0149206	2.37462e-05	2.37462e-05	-4.74923e-05	0	0	0	0.0149206	0	-0.469668	-153.69	0	26.9754	26.9754	0	7.04502	0	0	0	0	0	0	0	0	0	0	0	0	0	0	0	0	0	0	0	0	0	0	0	0	0	0	0	0	0	0	0	0	0	
1	1	1	5	0.15		300	0	0	0.00025	0.00025	-0.000295813	0	0	0	4.03423	4.03423	-9.64094e-08	0	0	0	0.00101033	-0.144102	0	0.145112		300	0.0152729	2.99247e-05	2.99247e-05	-5.98493e-05	0	0	0	0.0152729	0	-0.469668	-153.69	0	26.9754	26.9754	0	7.04502	0	0	0	0	0	0	0	0	0	0	0	0	0	0	0	0	0	0	0	0	0	0	0	0	0	0	0	0	0	0	0	0	0	
1	1	1	6	0.18		300	0	0	0.0003	0.0003	-0.000355246	0	0	0	4.83573	4.83573	-2.77306e-07	0	0	0	0.00145382	-0.14618	0	0.147634		300	0.0156308	3.6201e-05	3.6201e-05	-7.2402e-05	0	0	0	0.0156308	0	-0.469668	-153.69	0	26.9754	26.9754	0	7.04502	0	0	0	0	0	0	0	0	0	0	0	0	0	0	0	0	0	0	0	0	0	0	0	0	0	0	0	0	0	0	0	0	0	
1	1	1	7	0.21		300	0	0	0.00035	0.00035	-0.000414771	0	0	0	5.63543	5.63543	-5.86589e-07	0	0	0	0.00197738	-0.148217	0	0.150194		300	0.0159943	4.25757e-05	4.25757e-05	-8.51514e-05	0	0	0	0.0159943	0	-0.469668	-153.69	0	26.9754	26.9754	0	7.04502	0	0	0	0	0	0	0	0	0	0	0	0	0	0	0	0	0	0	0	0	0	0	0	0	0	0	0	0	0	0	0	0	0	
1	1	1	8	0.24		300	0	0	0.0004	0.0004	-0.000474387	0	0	0	6.43332	6.43332	-1.07677e-06	0	0	0	0.00258082	-0.150214	0	0.152795		300	0.0163634	4.90493e-05	4.90493e-05	-9.80985e-05	0	0	0	0.0163634	0	-0.469668	-153.69	0	26.9754	26.9754	0	7.04502	0	0	0	0	0	0	0	0	0	0	0	0	0	0	0	0	0	0	0	0	0	0	0	0	0	0	0	0	0	0	0	0	0	
1	1	1	9	0.27		300	0	0	0.00045	0.00045	-0.000534095	0	0	0	7.22939	7.22939	-1.81111e-06	0	0	0	0.00326396	-0.152171	0	0.155435		300	0.0167382	5.56221e-05	5.56221e-05	-0.000111244	0	0	0	0.0167382	0	-0.469668	-153.69	0	26.9754	26.9754	0	7.04502	0	0	0	0	0	0	0	0	0	0	0	0	0	0	0	0	0	0	0	0	0	0	0	0	0	0	0	0	0	0	0	0	0	
1	1	1	10	0.3		300	0	0	0.0005	0.0005	-0.000593896	0	0	0	8.02363	8.02363	-1.80208e-06	0	0	0	0.00402661	-0.154089	0	0.158116		300	0.0171187	6.22948e-05	6.22948e-05	-0.00012459	0	0	0	0.0171187	0	-0.469668	-153.69	0	26.9754	26.9754	0	7.04502	0	0	0	0	0	0	0	0	0	0	0	0	0	0	0	0	0	0	0	0	0	0	0	0	0	0	0	0	0	0	0	0	0	
1	1	1	11	0.33		300	0	0	0.00055	0.00055	-0.000653789	0	0	0	8.81603	8.81603	-1.7882e-06	0	0	0	0.00486859	-0.155968	0	0.160837		300	0.0175049	6.90677e-05	6.90677e-05	-0.000138135	0	0	0	0.0175049	0	-0.469668	-153.69	0	26.9754	26.9754	0	7.04502	0	0	0	0	0	0	0	0	0	0	0	0	0	0	0	0	0	0	0	0	0	0	0	0	0	0	0	0	0	0	0	0	0	
1	1	1	12	0.36		300	0	0	0.0006	0.0006	-0.000713777	0	0	0	9.60659	9.60659	-1.76766e-06	0	0	0	0.00578972	-0.157808	0	0.163598		300	0.0178968	7.59413e-05	7.59413e-05	-0.000151883	0	0	0	0.0178968	0	-0.469668	-153.69	0	26.9754	26.9754	0	7.04502	0	0	0	0	0	0	0	0	0	0	0	0	0	0	0	0	0	0	0	0	0	0	0	0	0	0	0	0	0	0	0	0	0	
1	1	1	13	0.39		300	0	0	0.00065	0.00065	-0.000773858	0	0	0	10.3953	10.3953	-1.7382e-06	0	0	0	0.00678982	-0.15961	0	0.166399		300	0.0182945	8.2916e-05	8.2916e-05	-0.000165832	0	0	0	0.0182945	0	-0.469668	-153.69	0	26.9754	26.9754	0	7.04502	0	0	0	0	0	0	0	0	0	0	0	0	0	0	0	0	0	0	0	0	0	0	0	0	0	0	0	0	0	0	0	0	0	
1	1	1	14	0.42		300	0	0	0.0007	0.0007	-0.000834033	0	0	0	11.1821	11.1821	-1.69703e-06	0	0	0	0.00786869	-0.161373	0	0.169242		300	0.018698	8.99921e-05	8.99921e-05	-0.000179984	0	0	0	0.018698	0	-0.469668	-153.69	0	26.9754	26.9754	0	7.04502	0	0	0	0	0	0	0	0	0	0	0	0	0	0	0	0	0	0	0	0	0	0	0	0	0	0	0	0	0	0	0	0	0	
1	1	1	15	0.45		300	0	0	0.00075	0.00075	-0.000894302	0	0	0	11.9671	11.9671	-1.6408e-06	0	0	0	0.00902615	-0.163099	0	0.172126		300	0.0191073	9.71702e-05	9.71702e-05	-0.00019434	0	0	0	0.0191073	0	-0.469668	-153.69	0	26.9754	26.9754	0	7.04502	0	0	0	0	0	0	0	0	0	0	0	0	0	0	0	0	0	0	0	0	0	0	0	0	0	0	0	0	0	0	0	0	0	
1	1	1	16	0.48		300	0	0	0.0008	0.0008	-0.000954667	0	0	0	12.7502	12.7502	-1.56549e-06	0	0	0	0.010262	-0.164788	0	0.17505		300	0.0195224	0.00010445	0.00010445	-0.000208901	0	0	0	0.0195224	0	-0.469668	-153.69	0	26.9754	26.9754	0	7.04502	0	0	0	0	0	0	0	0	0	0	0	0	0	0	0	0	0	0	0	0	0	0	0	0	0	0	0	0	0	0	0	0	0	
1	1	1	17	0.51		300	0	0	0.00085	0.00085	-0.00101513	0	0	0	13.5314	13.5314	-1.46638e-06	0	0	0	0.0115761	-0.16644	0	0.178016		300	0.0199434	0.000111833	0.000111833	-0.000223667	0	0	0	0.0199434	0	-0.469668	-153.69	0	26.9754	26.9754	0	7.04502	0	0	0	0	0	0	0	0	0	0	0	0	0	0	0	0	0	0	0	0	0	0	0	0	0	0	0	0	0	0	0	0	0	
1	1	1	18	0.54		300	0	0	0.0009	0.0009	-0.00107568	0	0	0	14.3108	14.3108	-1.33794e-06	0	0	0	0.0129682	-0.168055	0	0.181023		300	0.0203702	0.000119319	0.000119319	-0.000238639	0	0	0	0.0203702	0	-0.469668	-153.69	0	26.9754	26.9754	0	7.04502	0	0	0	0	0	0	0	0	0	0	0	0	0	0	0	0	0	0	0	0	0	0	0	0	0	0	0	0	0	0	0	0	0	
1	1	1	19	0.57		300	0	0	0.00095	0.00095	-0.00113633	0	0	0	15.0882	15.0882	-1.17379e-06	0	0	0	0.0144382	-0.169634	0	0.184072		300	0.020803	0.000126908	0.000126908	-0.000253817	0	0	0	0.020803	0	-0.469668	-153.69	0	26.9754	26.9754	0	7.04502	0	0	0	0	0	0	0	0	0	0	0	0	0	0	0	0	0	0	0	0	0	0	0	0	0	0	0	0	0	0	0	0	0	
1	1	1	20	0.6		300	0	0	0.001	0.001	-0.00119723	0	0	0	15.8607	15.8607	-1.1785e-06	0	0	0	0.0159856	-0.171238	0	0.187223		300	0.0212503	0.000134767	0.000134767	-0.000269534	0	0	0	0.0212503	0	-0.469668	-153.69	0	26.9754	26.9754	0	7.04502	0	0	0	0	0	0	0	0	0	0	0	0	0	0	0	0	0	0	0	0	0	0	0	0	0	0	0	0	0	0	0	0	0	
1	1	1	21	0.63		300	0	0	0.00105	0.00105	-0.00126028	0	0	0	16.5908	16.5908	-1.61017e-06	0	0	0	0.0176082	-0.173668	0	0.191276		300	0.0218256	0.00014494	0.00014494	-0.000289879	0	0	0	0.0218256	0	-0.469668	-153.69	0	26.9754	26.9754	0	7.04502	0	0	0	0	0	0	0	0	0	0	0	0	0	0	0	0	0	0	0	0	0	0	0	0	0	0	0	0	0	0	0	0	0	
1	1	1	22	0.66		300	0	0	0.0011	0.0011	-0.00132375	0	0	0	17.3125	17.3125	-1.99122e-06	0	0	0	0.0193033	-0.17614	0	0.195443		300	0.0224171	0.000155567	0.000155567	-0.000311134	0	0	0	0.0224171	0	-0.469668	-153.69	0	26.9754	26.9754	0	7.04502	0	0	0	0	0	0	0	0	0	0	0	0	0	0	0	0	0	0	0	0	0	0	0	0	0	0	0	0	0	0	0	0	0	
1	1	1	23	0.69		300	0	0	0.00115	0.00115	-0.00138764	0	0	0	18.0259	18.0259	-2.32115e-06	0	0	0	0.0210703	-0.178653	0	0.199724		300	0.0230247	0.000166649	0.000166649	-0.000333298	0	0	0	0.0230247	0	-0.469668	-153.69	0	26.9754	26.9754	0	7.04502	0	0	0	0	0	0	0	0	0	0	0	0	0	0	0	0	0	0	0	0	0	0	0	0	0	0	0	0	0	0	0	0	0	
1	1	1	24	0.72		300	0	0	0.0012	0.0012	-0.00145196	0	0	0	18.731	18.731	-2.59989e-06	0	0	0	0.0229081	-0.181207	0	0.204115		300	0.0236482	0.000178186	0.000178186	-0.000356371	0	0	0	0.0236482	0	-0.469668	-153.69	0	26.9754	26.9754	0	7.04502	0	0	0	0	0	0	0	0	0	0	0	0	0	0	0	0	0	0	0	0	0	0	0	0	0	0	0	0	0	0	0	0	0	
1	1	1	25	0.75		300	0	0	0.00125	0.00125	-0.00151669	0	0	0	19.4278	19.4278	-2.82776e-06	0	0	0	0.024816	-0.183801	0	0.208617		300	0.0242872	0.000190176	0.000190176	-0.000380351	0	0	0	0.0242872	0	-0.469668	-153.69	0	26.9754	26.9754	0	7.04502	0	0	0	0	0	0	0	0	0	0	0	0	0	0	0	0	0	0	0	0	0	0	0	0	0	0	0	0	0	0	0	0	0	
1	1	1	26	0.78		300	0	0	0.0013	0.0013	-0.00158185	0	0	0	20.1162	20.1162	-3.00547e-06	0	0	0	0.0267932	-0.186433	0	0.213226		300	0.0249414	0.000202618	0.000202618	-0.000405236	0	0	0	0.0249414	0	-0.469668	-153.69	0	26.9754	26.9754	0	7.04502	0	0	0	0	0	0	0	0	0	0	0	0	0	0	0	0	0	0	0	0	0	0	0	0	0	0	0	0	0	0	0	0	0	
1	1	1	27	0.81		300	0	0	0.00135	0.00135	-0.00164742	0	0	0	20.7965	20.7965	-3.13405e-06	0	0	0	0.0288389	-0.189102	0	0.217941		300	0.0256108	0.000215511	0.000215511	-0.000431022	0	0	0	0.0256108	0	-0.469668	-153.69	0	26.9754	26.9754	0	7.04502	0	0	0	0	0	0	0	0	0	0	0	0	0	0	0	0	0	0	0	0	0	0	0	0	0	0	0	0	0	0	0	0	0	
1	1	1	28	0.84		300	0	0	0.0014	0.0014	-0.00171341	0	0	0	21.4685	21.4685	-3.21484e-06	0	0	0	0.0309521	-0.191808	0	0.22276		300	0.0262948	0.000228852	0.000228852	-0.000457704	0	0	0	0.0262948	0	-0.469668	-153.69	0	26.9754	26.9754	0	7.04502	0	0	0	0	0	0	0	0	0	0	0	0	0	0	0	0	0	0	0	0	0	0	0	0	0	0	0	0	0	0	0	0	0	
1	1	1	29	0.87		300	0	0	0.00145	0.00145	-0.00177981	0	0	0	22.1323	22.1323	-3.24942e-06	0	0	0	0.0331322	-0.194549	0	0.227681		300	0.0269933	0.000242638	0.000242638	-0.000485276	0	0	0	0.0269933	0	-0.469668	-153.69	0	26.9754	26.9754	0	7.04502	0	0	0	0	0	0	0	0	0	0	0	0	0	0	0	0	0	0	0	0	0	0	0	0	0	0	0	0	0	0	0	0	0	
1	1	1	30	0.9		300	0	0	0.0015	0.0015	-0.00184662	0	0	0	22.788	22.788	-3.23959e-06	0	0	0	0.0353782	-0.197324	0	0.232702		300	0.027706	0.000256867	0.000256867	-0.000513733	0	0	0	0.027706	0	-0.469668	-153.69	0	26.9754	26.9754	0	7.04502	0	0	0	0	0	0	0	0	0	0	0	0	0	0	0	0	0	0	0	0	0	0	0	0	0	0	0	0	0	0	0	0	0	
1	1	1	31	0.93		300	0	0	0.00155	0.00155	-0.00191383	0	0	0	23.4357	23.4357	-3.18732e-06	0	0	0	0.0376894	-0.200132	0	0.237822		300	0.0284327	0.000271533	0.000271533	-0.000543067	0	0	0	0.0284327	0	-0.469668	-153.69	0	26.9754	26.9754	0	7.04502	0	0	0	0	0	0	0	0	0	0	0	0	0	0	0	0	0	0	0	0	0	0	0	0	0	0	0	0	0	0	0	0	0	
1	1	1	32	0.96		300	0	0	0.0016	0.0016	-0.00198146	0	0	0	24.0755	24.0755	-3.09474e-06	0	0	0	0.0400649	-0.202972	0	0.243037		300	0.0291729	0.000286635	0.000286635	-0.00057327	0	0	0	0.0291729	0	-0.469668	-153.69	0	26.9754	26.9754	0	7.04502	0	0	0	0	0	0	0	0	0	0	0	0	0	0	0	0	0	0	0	0	0	0	0	0	0	0	0	0	0	0	0	0	0	
1	1	1	33	0.99		300	0	0	0.00165	0.00165	-0.00204948	0	0	0	24.7073	24.7073	-2.96408e-06	0	0	0	0.0425041	-0.205842	0	0.248346		300	0.0299265	0.000302167	0.000302167	-0.000604335	0	0	0	0.0299265	0	-0.469668	-153.69	0	26.9754	26.9754	0	7.04502	0	0	0	0	0	0	0	0	0	0	0	0	0	0	0	0	0	0	0	0	0	0	0	0	0	0	0	0	0	0	0	0	0	
1	1	1	34	1.02		300	0	0	0.0017	0.0017	-0.00211789	0	0	0	25.3313	25.3313	-2.79762e-06	0	0	0	0.045006	-0.208741	0	0.253747		300	0.0306931	0.000318125	0.000318125	-0.000636251	0	0	0	0.0306931	0	-0.469668	-153.69	0	26.9754	26.9754	0	7.04502	0	0	0	0	0	0	0	0	0	0	0	0	0	0	0	0	0	0	0	0	0	0	0	0	0	0	0	0	0	0	0	0	0	
1	1	1	35	1.05		300	0	0	0.00175	0.00175	-0.0021867	0	0	0	25.9476	25.9476	-2.59773e-06	0	0	0	0.04757	-0.211668	0	0.259238		300	0.0314725	0.000334505	0.000334505	-0.000669009	0	0	0	0.0314725	0	-0.469668	-153.69	0	26.9754	26.9754	0	7.04502	0	0	0	0	0	0	0	0	0	0	0	0	0	0	0	0	0	0	0	0	0	0	0	0	0	0	0	0	0	0	0	0	0	
1	1	1	36	1.08		300	0	0	0.0018	0.0018	-0.00225589	0	0	0	26.5563	26.5563	-2.36676e-06	0	0	0	0.0501951	-0.214622	0	0.264817		300	0.0322643	0.0003513	0.0003513	-0.000702601	0	0	0	0.0322643	0	-0.469668	-153.69	0	26.9754	26.9754	0	7.04502	0	0	0	0	0	0	0	0	0	0	0	0	0	0	0	0	0	0	0	0	0	0	0	0	0	0	0	0	0	0	0	0	0	
1	1	1	37	1.11		300	0	0	0.00185	0.00185	-0.00232547	0	0	0	27.1574	27.1574	-2.10709e-06	0	0	0	0.0528808	-0.217601	0	0.270482		300	0.0330684	0.000368507	0.000368507	-0.000737014	0	0	0	0.0330684	0	-0.469668	-153.69	0	26.9754	26.9754	0	7.04502	0	0	0	0	0	0	0	0	0	0	0	0	0	0	0	0	0	0	0	0	0	0	0	0	0	0	0	0	0	0	0	0	0	
1	1	1	38	1.14		300	0	0	0.0019	0.0019	-0.00239542	0	0	0	27.7511	27.7511	-1.82105e-06	0	0	0	0.0556263	-0.220604	0	0.27623		300	0.0338843	0.000386119	0.000386119	-0.000772238	0	0	0	0.0338843	0	-0.469668	-153.69	0	26.9754	26.9754	0	7.04502	0	0	0	0	0	0	0	0	0	0	0	0	0	0	0	0	0	0	0	0	0	0	0	0	0	0	0	0	0	0	0	0	0	
1	1	1	39	1.17		300	0	0	0.00195	0.00195	-0.00246574	0	0	0	28.3375	28.3375	-1.51093e-06	0	0	0	0.0584307	-0.22363	0	0.282061		300	0.0347118	0.000404131	0.000404131	-0.000808263	0	0	0	0.0347118	0	-0.469668	-153.69	0	26.9754	26.9754	0	7.04502	0	0	0	0	0	0	0	0	0	0	0	0	0	0	0	0	0	0	0	0	0	0	0	0	0	0	0	0	0	0	0	0	0	
1	1	1	40	1.2		300	0	0	0.002	0.002	-0.00253643	0	0	0	28.9167	28.9167	-1.17898e-06	0	0	0	0.0612934	-0.226678	0	0.287971		300	0.0355507	0.000422538	0.000422538	-0.000845076	0	0	0	0.0355507	0	-0.469668	-153.69	0	26.9754	26.9754	0	7.04502	0	0	0	0	0	0	0	0	0	0	0	0	0	0	0	0	0	0	0	0	0	0	0	0	0	0	0	0	0	0	0	0	0	
1	1	1	41	1.23		300	0	0	0.00205	0.00205	-0.00260747	0	0	0	29.4887	29.4887	-8.27369e-07	0	0	0	0.0642137	-0.229746	0	0.29396		300	0.0364006	0.000441333	0.000441333	-0.000882667	0	0	0	0.0364006	0	-0.469668	-153.69	0	26.9754	26.9754	0	7.04502	0	0	0	0	0	0	0	0	0	0	0	0	0	0	0	0	0	0	0	0	0	0	0	0	0	0	0	0	0	0	0	0	0	
1	1	1	42	1.26		300	0	0	0.0021	0.0021	-0.00267888	0	0	0	30.0537	30.0537	-4.58188e-07	0	0	0	0.0671908	-0.232833	0	0.300024		300	0.0372613	0.000460511	0.000460511	-0.000921023	0	0	0	0.0372613	0	-0.469668	-153.69	0	26.9754	26.9754	0	7.04502	0	0	0	0	0	0	0	0	0	0	0	0	0	0	0	0	0	0	0	0	0	0	0	0	0	0	0	0	0	0	0	0	0	
1	1	1	43	1.29		300	0	0	0.00215	0.00215	-0.00275063	0	0	0	30.6118	30.6118	-7.34406e-08	0	0	0	0.0702241	-0.235939	0	0.306163		300	0.0381325	0.000480066	0.000480066	-0.000960132	0	0	0	0.0381325	0	-0.469668	-153.69	0	26.9754	26.9754	0	7.04502	0	0	0	0	0	0	0	0	0	0	0	0	0	0	0	0	0	0	0	0	0	0	0	0	0	0	0	0	0	0	0	0	0	
1	1	1	44	1.32		300	0	0	0.0022	0.0022	-0.00282273	0	0	0	31.1631	31.1631	3.24964e-07	0	0	0	0.0733128	-0.239061	0	0.312374		300	0.039014	0.000499991	0.000499991	-0.000999983	0	0	0	0.039014	0	-0.469668	-153.69	0	26.9754	26.9754	0	7.04502	0	0	0	0	0	0	0	0	0	0	0	0	0	0	0	0	0	0	0	0	0	0	0	0	0	0	0	0	0	0	0	0	0	
1	1	1	45	1.35		300	0	0	0.00225	0.00225	-0.00289516	0	0	0	31.7077	31.7077	7.35214e-07	0	0	0	0.0764563	-0.242198	0	0.318655		300	0.0399054	0.000520281	0.000520281	-0.00104056	0	0	0	0.0399054	0	-0.469668	-153.69	0	26.9754	26.9754	0	7.04502	0	0	0	0	0	0	0	0	0	0	0	0	0	0	0	0	0	0	0	0	0	0	0	0	0	0	0	0	0	0	0	0	0	
1	1	1	46	1.38		300	0	0	0.0023	0.0023	-0.00296793	0	0	0	32.2457	32.2457	1.1556e-06	0	0	0	0.079654	-0.24535	0	0.325004		300	0.0408065	0.00054093	0.00054093	-0.00108186	0	0	0	0.0408065	0	-0.469668	-153.69	0	26.9754	26.9754	0	7.04502	0	0	0	0	0	0	0	0	0	0	0	0	0	0	0	0	0	0	0	0	0	0	0	0	0	0	0	0	0	0	0	0	0	
1	1	1	47	1.41		300	0	0	0.00235	0.00235	-0.00304102	0	0	0	32.7773	32.7773	1.5845e-06	0	0	0	0.0829052	-0.248516	0	0.331421		300	0.0417171	0.00056193	0.00056193	-0.00112386	0	0	0	0.0417171	0	-0.469668	-153.69	0	26.9754	26.9754	0	7.04502	0	0	0	0	0	0	0	0	0	0	0	0	0	0	0	0	0	0	0	0	0	0	0	0	0	0	0	0	0	0	0	0	0	
1	1	1	48	1.44		300	0	0	0.0024	0.0024	-0.00311444	0	0	0	33.3026	33.3026	2.02043e-06	0	0	0	0.0862092	-0.251693	0	0.337902		300	0.042637	0.000583278	0.000583278	-0.00116656	0	0	0	0.042637	0	-0.469668	-153.69	0	26.9754	26.9754	0	7.04502	0	0	0	0	0	0	0	0	0	0	0	0	0	0	0	0	0	0	0	0	0	0	0	0	0	0	0	0	0	0	0	0	0	
1	1	1	49	1.47		300	0	0	0.00245	0.00245	-0.00318817	0	0	0	33.8216	33.8216	2.46196e-06	0	0	0	0.0895654	-0.254881	0	0.344447		300	0.0435658	0.000604965	0.000604965	-0.00120993	0	0	0	0.0435658	0	-0.469668	-153.69	0	26.9754	26.9754	0	7.04502	0	0	0	0	0	0	0	0	0	0	0	0	0	0	0	0	0	0	0	0	0	0	0	0	0	0	0	0	0	0	0	0	0	
1	1	1	50	1.5		300	0	0	0.0025	0.0025	-0.00326221	0	0	0	34.3345	34.3345	2.9078e-06	0	0	0	0.0929732	-0.25808	0	0.351053		300	0.0445033	0.000626986	0.000626986	-0.00125397	0	0	0	0.0445033	0	-0.469668	-153.69	0	26.9754	26.9754	0	7.04502	0	0	0	0	0	0	0	0	0	0	0	0	0	0	0	0	0	0	0	0	0	0	0	0	0	0	0	0	0	0	0	0	0	
1	1	1	51	1.53		300	0	0	0.00255	0.00255	-0.00333656	0	0	0	34.8413	34.8413	3.35673e-06	0	0	0	0.096432	-0.261288	0	0.357719		300	0.0454493	0.000649335	0.000649335	-0.00129867	0	0	0	0.0454493	0	-0.469668	-153.69	0	26.9754	26.9754	0	7.04502	0	0	0	0	0	0	0	0	0	0	0	0	0	0	0	0	0	0	0	0	0	0	0	0	0	0	0	0	0	0	0	0	0	
1	1	1	52	1.56		300	0	0	0.0026	0.0026	-0.0034112	0	0	0	35.3423	35.3423	3.80763e-06	0	0	0	0.0999412	-0.264503	0	0.364444		300	0.0464036	0.000672007	0.000672007	-0.00134401	0	0	0	0.0464036	0	-0.469668	-153.69	0	26.9754	26.9754	0	7.04502	0	0	0	0	0	0	0	0	0	0	0	0	0	0	0	0	0	0	0	0	0	0	0	0	0	0	0	0	0	0	0	0	0	
1	1	1	53	1.59		300	0	0	0.00265	0.00265	-0.00348614	0	0	0	35.8375	35.8375	4.25948e-06	0	0	0	0.1035	-0.267725	0	0.371226		300	0.047366	0.000694994	0.000694994	-0.00138999	0	0	0	0.047366	0	-0.469668	-153.69	0	26.9754	26.9754	0	7.04502	0	0	0	0	0	0	0	0	0	0	0	0	0	0	0	0	0	0	0	0	0	0	0	0	0	0	0	0	0	0	0	0	0	
1	1	1	54	1.62		300	0	0	0.0027	0.0027	-0.00356136	0	0	0	36.3269	36.3269	4.71134e-06	0	0	0	0.107108	-0.270954	0	0.378062		300	0.0483362	0.000718292	0.000718292	-0.00143658	0	0	0	0.0483362	0	-0.469668	-153.69	0	26.9754	26.9754	0	7.04502	0	0	0	0	0	0	0	0	0	0	0	0	0	0	0	0	0	0	0	0	0	0	0	0	0	0	0	0	0	0	0	0	0	
1	1	1	55	1.65		300	0	0	0.00275	0.00275	-0.00363687	0	0	0	36.8109	36.8109	5.16235e-06	0	0	0	0.110765	-0.274187	0	0.384953		300	0.049314	0.000741894	0.000741894	-0.00148379	0	0	0	0.049314	0	-0.469668	-153.69	0	26.9754	26.9754	0	7.04502	0	0	0	0	0	0	0	0	0	0	0	0	0	0	0	0	0	0	0	0	0	0	0	0	0	0	0	0	0	0	0	0	0	
1	1	1	56	1.68		300	0	0	0.0028	0.0028	-0.00371266	0	0	0	37.2893	37.2893	5.61174e-06	0	0	0	0.11447	-0.277425	0	0.391895		300	0.0502992	0.000765795	0.000765795	-0.00153159	0	0	0	0.0502992	0	-0.469668	-153.69	0	26.9754	26.9754	0	7.04502	0	0	0	0	0	0	0	0	0	0	0	0	0	0	0	0	0	0	0	0	0	0	0	0	0	0	0	0	0	0	0	0	0	
1	1	1	57	1.71		300	0	0	0.00285	0.00285	-0.00378871	0	0	0	37.7623	37.7623	6.05879e-06	0	0	0	0.118223	-0.280666	0	0.398889		300	0.0512916	0.000789989	0.000789989	-0.00157998	0	0	0	0.0512916	0	-0.469668	-153.69	0	26.9754	26.9754	0	7.04502	0	0	0	0	0	0	0	0	0	0	0	0	0	0	0	0	0	0	0	0	0	0	0	0	0	0	0	0	0	0	0	0	0	
1	1	1	58	1.74		300	0	0	0.0029	0.0029	-0.00386504	0	0	0	38.2301	38.2301	6.50288e-06	0	0	0	0.122022	-0.28391	0	0.405932		300	0.052291	0.00081447	0.00081447	-0.00162894	0	0	0	0.052291	0	-0.469668	-153.69	0	26.9754	26.9754	0	7.04502	0	0	0	0	0	0	0	0	0	0	0	0	0	0	0	0	0	0	0	0	0	0	0	0	0	0	0	0	0	0	0	0	0	
1	1	1	59	1.77		300	0	0	0.00295	0.00295	-0.00394162	0	0	0	38.6928	38.6928	6.94343e-06	0	0	0	0.125869	-0.287155	0	0.413023		300	0.0532973	0.000839232	0.000839232	-0.00167846	0	0	0	0.0532973	0	-0.469668	-153.69	0	26.9754	26.9754	0	7.04502	0	0	0	0	0	0	0	0	0	0	0	0	0	0	0	0	0	0	0	0	0	0	0	0	0	0	0	0	0	0	0	0	0	
1	1	1	60	1.8		300	0	0	0.003	0.003	-0.00401846	0	0	0	39.1503	39.1503	7.37993e-06	0	0	0	0.129761	-0.290401	0	0.420161		300	0.0543102	0.000864271	0.000864271	-0.00172854	0	0	0	0.0543102	0	-0.469668	-153.69	0	26.9754	26.9754	0	7.04502	0	0	0	0	0	0	0	0	0	0	0	0	0	0	0	0	0	0	0	0	0	0	0	0	0	0	0	0	0	0	0	0	0	
1	1	1	61	1.83		300	0	0	0.00305	0.00305	-0.00409556	0	0	0	39.6029	39.6029	7.81193e-06	0	0	0	0.133698	-0.293647	0	0.427345		300	0.0553295	0.000889581	0.000889581	-0.00177916	0	0	0	0.0553295	0	-0.469668	-153.69	0	26.9754	26.9754	0	7.04502	0	0	0	0	0	0	0	0	0	0	0	0	0	0	0	0	0	0	0	0	0	0	0	0	0	0	0	0	0	0	0	0	0	
1	1	1	62	1.86		300	0	0	0.0031	0.0031	-0.0041729	0	0	0	40.0506	40.0506	8.23905e-06	0	0	0	0.137681	-0.296892	0	0.434573		300	0.0563552	0.000915157	0.000915157	-0.00183031	0	0	0	0.0563552	0	-0.469668	-153.69	0	26.9754	26.9754	0	7.04502	0	0	0	0	0	0	0	0	0	0	0	0	0	0	0	0	0	0	0	0	0	0	0	0	0	0	0	0	0	0	0	0	0	
1	1	1	63	1.89		300	0	0	0.00315	0.00315	-0.00425048	0	0	0	40.4936	40.4936	8.66092e-06	0	0	0	0.141708	-0.300136	0	0.441844		300	0.0573869	0.000940994	0.000940994	-0.00188199	0	0	0	0.0573869	0	-0.469668	-153.69	0	26.9754	26.9754	0	7.04502	0	0	0	0	0	0	0	0	0	0	0	0	0	0	0	0	0	0	0	0	0	0	0	0	0	0	0	0	0	0	0	0	0	
1	1	1	64	1.92		300	0	0	0.0032	0.0032	-0.00432829	0	0	0	40.9318	40.9318	9.07724e-06	0	0	0	0.14578	-0.303377	0	0.449157		300	0.0584245	0.000967086	0.000967086	-0.00193417	0	0	0	0.0584245	0	-0.469668	-153.69	0	26.9754	26.9754	0	7.04502	0	0	0	0	0	0	0	0	0	0	0	0	0	0	0	0	0	0	0	0	0	0	0	0	0	0	0	0	0	0	0	0	0	
1	1	1	65	1.95		300	0	0	0.00325	0.00325	-0.00440634	0	0	0	41.3655	41.3655	9.48775e-06	0	0	0	0.149894	-0.306616	0	0.45651		300	0.059468	0.000993428	0.000993428	-0.00198686	0	0	0	0.059468	0	-0.469668	-153.69	0	26.9754	26.9754	0	7.04502	0	0	0	0	0	0	0	0	0	0	0	0	0	0	0	0	0	0	0	0	0	0	0	0	0	0	0	0	0	0	0	0	0	
1	1	1	66	1.98		300	0	0	0.0033	0.0033	-0.00448462	0	0	0	41.7947	41.7947	9.89224e-06	0	0	0	0.154052	-0.309851	0	0.463904		300	0.060517	0.00102002	0.00102002	-0.00204003	0	0	0	0.060517	0	-0.469668	-153.69	0	26.9754	26.9754	0	7.04502	0	0	0	0	0	0	0	0	0	0	0	0	0	0	0	0	0	0	0	0	0	0	0	0	0	0	0	0	0	0	0	0	0	
1	1	1	67	2.01		300	0	0	0.00335	0.00335	-0.00456312	0	0	0	42.2194	42.2194	1.02905e-05	0	0	0	0.158253	-0.313082	0	0.471336		300	0.0615716	0.00104684	0.00104684	-0.00209369	0	0	0	0.0615716	0	-0.469668	-153.69	0	26.9754	26.9754	0	7.04502	0	0	0	0	0	0	0	0	0	0	0	0	0	0	0	0	0	0	0	0	0	0	0	0	0	0	0	0	0	0	0	0	0	
1	1	1	68	2.04		300	0	0	0.0034	0.0034	-0.00464184	0	0	0	42.6399	42.6399	1.06824e-05	0	0	0	0.162496	-0.316309	0	0.478805		300	0.0626314	0.00107391	0.00107391	-0.00214782	0	0	0	0.0626314	0	-0.469668	-153.69	0	26.9754	26.9754	0	7.04502	0	0	0	0	0	0	0	0	0	0	0	0	0	0	0	0	0	0	0	0	0	0	0	0	0	0	0	0	0	0	0	0	0	
1	1	1	69	2.07		300	0	0	0.00345	0.00345	-0.00472078	0	0	0	43.0561	43.0561	1.10678e-05	0	0	0	0.166781	-0.31953	0	0.486311		300	0.0636964	0.00110121	0.00110121	-0.00220241	0	0	0	0.0636964	0	-0.469668	-153.69	0	26.9754	26.9754	0	7.04502	0	0	0	0	0	0	0	0	0	0	0	0	0	0	0	0	0	0	0	0	0	0	0	0	0	0	0	0	0	0	0	0	0	
1	1	1	70	2.1		300	0	0	0.0035	0.0035	-0.00479993	0	0	0	43.4681	43.4681	1.14466e-05	0	0	0	0.171107	-0.322745	0	0.493852		300	0.0647665	0.00112873	0.00112873	-0.00225746	0	0	0	0.0647665	0	-0.469668	-153.69	0	26.9754	26.9754	0	7.04502	0	0	0	0	0	0	0	0	0	0	0	0	0	0	0	0	0	0	0	0	0	0	0	0	0	0	0	0	0	0	0	0	0	
1	1	1	71	2.13		300	0	0	0.00355	0.00355	-0.00487928	0	0	0	43.876	43.876	1.18188e-05	0	0	0	0.175474	-0.325954	0	0.501428		300	0.0658414	0.00115647	0.00115647	-0.00231295	0	0	0	0.0658414	0	-0.469668	-153.69	0	26.9754	26.9754	0	7.04502	0	0	0	0	0	0	0	0	0	0	0	0	0	0	0	0	0	0	0	0	0	0	0	0	0	0	0	0	0	0	0	0	0	
1	1	1	72	2.16		300	0	0	0.0036	0.0036	-0.00495883	0	0	0	44.28	44.28	1.21842e-05	0	0	0	0.179882	-0.329156	0	0.509038		300	0.0669211	0.00118444	0.00118444	-0.00236888	0	0	0	0.0669211	0	-0.469668	-153.69	0	26.9754	26.9754	0	7.04502	0	0	0	0	0	0	0	0	0	0	0	0	0	0	0	0	0	0	0	0	0	0	0	0	0	0	0	0	0	0	0	0	0	
1	1	1	73	2.19		300	0	0	0.00365	0.00365	-0.00503859	0	0	0	44.68	44.68	1.25429e-05	0	0	0	0.18433	-0.33235	0	0.51668		300	0.0680055	0.00121262	0.00121262	-0.00242523	0	0	0	0.0680055	0	-0.469668	-153.69	0	26.9754	26.9754	0	7.04502	0	0	0	0	0	0	0	0	0	0	0	0	0	0	0	0	0	0	0	0	0	0	0	0	0	0	0	0	0	0	0	0	0	
1	1	1	74	2.22		300	0	0	0.0037	0.0037	-0.00511854	0	0	0	45.0762	45.0762	1.28949e-05	0	0	0	0.188818	-0.335536	0	0.524354		300	0.0690944	0.00124101	0.00124101	-0.00248201	0	0	0	0.0690944	0	-0.469668	-153.69	0	26.9754	26.9754	0	7.04502	0	0	0	0	0	0	0	0	0	0	0	0	0	0	0	0	0	0	0	0	0	0	0	0	0	0	0	0	0	0	0	0	0	
1	1	1	75	2.25		300	0	0	0.00375	0.00375	-0.00519867	0	0	0	45.4686	45.4686	1.32401e-05	0	0	0	0.193345	-0.338714	0	0.53206		300	0.0701876	0.0012696	0.0012696	-0.0025392	0	0	0	0.0701876	0	-0.469668	-153.69	0	26.9754	26.9754	0	7.04502	0	0	0	0	0	0	0	0	0	0	0	0	0	0	0	0	0	0	0	0	0	0	0	0	0	0	0	0	0	0	0	0	0	
1	1	1	76	2.28		300	0	0	0.0038	0.0038	-0.005279	0	0	0	45.8573	45.8573	1.35785e-05	0	0	0	0.197911	-0.341883	0	0.539795		300	0.0712851	0.00129839	0.00129839	-0.00259679	0	0	0	0.0712851	0	-0.469668	-153.69	0	26.9754	26.9754	0	7.04502	0	0	0	0	0	0	0	0	0	0	0	0	0	0	0	0	0	0	0	0	0	0	0	0	0	0	0	0	0	0	0	0	0	
1	1	1	77	2.31		300	0	0	0.00385	0.00385	-0.00535951	0	0	0	46.2423	46.2423	1.39103e-05	0	0	0	0.202516	-0.345043	0	0.54756		300	0.0723868	0.00132739	0.00132739	-0.00265478	0	0	0	0.0723868	0	-0.469668	-153.69	0	26.9754	26.9754	0	7.04502	0	0	0	0	0	0	0	0	0	0	0	0	0	0	0	0	0	0	0	0	0	0	0	0	0	0	0	0	0	0	0	0	0	
1	1	1	78	2.34		300	0	0	0.0039	0.0039	-0.0054402	0	0	0	46.6239	46.6239	1.42354e-05	0	0	0	0.20716	-0.348193	0	0.555353		300	0.0734925	0.00135658	0.00135658	-0.00271315	0	0	0	0.0734925	0	-0.469668	-153.69	0	26.9754	26.9754	0	7.04502	0	0	0	0	0	0	0	0	0	0	0	0	0	0	0	0	0	0	0	0	0	0	0	0	0	0	0	0	0	0	0	0	0	
1	1	1	79	2.37		300	0	0	0.00395	0.00395	-0.00552107	0	0	0	47.0019	47.0019	1.45539e-05	0	0	0	0.211841	-0.351333	0	0.563174		300	0.0746022	0.00138595	0.00138595	-0.00277191	0	0	0	0.0746022	0	-0.469668	-153.69	0	26.9754	26.9754	0	7.04502	0	0	0	0	0	0	0	0	0	0	0	0	0	0	0	0	0	0	0	0	0	0	0	0	0	0	0	0	0	0	0	0	0	
1	1	1	80	2.4		300	0	0	0.004	0.004	-0.00560211	0	0	0	47.3765	47.3765	1.48659e-05	0	0	0	0.21656	-0.354462	0	0.571022		300	0.0757157	0.00141552	0.00141552	-0.00283104	0	0	0	0.0757157	0	-0.469668	-153.69	0	26.9754	26.9754	0	7.04502	0	0	0	0	0	0	0	0	0	0	0	0	0	0	0	0	0	0	0	0	0	0	0	0	0	0	0	0	0	0	0	0	0	
1	1	1	81	2.43		300	0	0	0.00405	0.00405	-0.00568332	0	0	0	47.7477	47.7477	1.51714e-05	0	0	0	0.221316	-0.357581	0	0.578897		300	0.076833	0.00144527	0.00144527	-0.00289053	0	0	0	0.076833	0	-0.469668	-153.69	0	26.9754	26.9754	0	7.04502	0	0	0	0	0	0	0	0	0	0	0	0	0	0	0	0	0	0	0	0	0	0	0	0	0	0	0	0	0	0	0	0	0	
1	1	1	82	2.46		300	0	0	0.0041	0.0041	-0.0057647	0	0	0	48.1157	48.1157	1.54705e-05	0	0	0	0.226109	-0.360688	0	0.586797		300	0.0779538	0.00147519	0.00147519	-0.00295039	0	0	0	0.0779538	0	-0.469668	-153.69	0	26.9754	26.9754	0	7.04502	0	0	0	0	0	0	0	0	0	0	0	0	0	0	0	0	0	0	0	0	0	0	0	0	0	0	0	0	0	0	0	0	0	
1	1	1	83	2.49		300	0	0	0.00415	0.00415	-0.00584624	0	0	0	48.4804	48.4804	1.57633e-05	0	0	0	0.230939	-0.363783	0	0.594722		300	0.0790783	0.0015053	0.0015053	-0.0030106	0	0	0	0.0790783	0	-0.469668	-153.69	0	26.9754	26.9754	0	7.04502	0	0	0	0	0	0	0	0	0	0	0	0	0	0	0	0	0	0	0	0	0	0	0	0	0	0	0	0	0	0	0	0	0	
1	1	1	84	2.52		300	0	0	0.0042	0.0042	-0.00592794	0	0	0	48.8419	48.8419	1.60499e-05	0	0	0	0.235805	-0.366867	0	0.602672		300	0.0802061	0.00153558	0.00153558	-0.00307115	0	0	0	0.0802061	0	-0.469668	-153.69	0	26.9754	26.9754	0	7.04502	0	0	0	0	0	0	0	0	0	0	0	0	0	0	0	0	0	0	0	0	0	0	0	0	0	0	0	0	0	0	0	0	0	
1	1	1	85	2.55		300	0	0	0.00425	0.00425	-0.0060098	0	0	0	49.2003	49.2003	1.63304e-05	0	0	0	0.240707	-0.369938	0	0.610645		300	0.0813374	0.00156602	0.00156602	-0.00313205	0	0	0	0.0813374	0	-0.469668	-153.69	0	26.9754	26.9754	0	7.04502	0	0	0	0	0	0	0	0	0	0	0	0	0	0	0	0	0	0	0	0	0	0	0	0	0	0	0	0	0	0	0	0	0	
1	1	1	86	2.58		300	0	0	0.0043	0.0043	-0.00609181	0	0	0	49.5557	49.5557	1.66049e-05	0	0	0	0.245645	-0.372997	0	0.618642		300	0.0824719	0.00159664	0.00159664	-0.00319327	0	0	0	0.0824719	0	-0.469668	-153.69	0	26.9754	26.9754	0	7.04502	0	0	0	0	0	0	0	0	0	0	0	0	0	0	0	0	0	0	0	0	0	0	0	0	0	0	0	0	0	0	0	0	0	
1	1	1	87	2.61		300	0	0	0.00435	0.00435	-0.00617398	0	0	0	49.9081	49.9081	1.68734e-05	0	0	0	0.250618	-0.376042	0	0.626661		300	0.0836096	0.00162741	0.00162741	-0.00325483	0	0	0	0.0836096	0	-0.469668	-153.69	0	26.9754	26.9754	0	7.04502	0	0	0	0	0	0	0	0	0	0	0	0	0	0	0	0	0	0	0	0	0	0	0	0	0	0	0	0	0	0	0	0	0	
1	1	1	88	2.64		300	0	0	0.0044	0.0044	-0.00625629	0	0	0	50.2575	50.2575	1.71362e-05	0	0	0	0.255627	-0.379075	0	0.634702		300	0.0847504	0.00165835	0.00165835	-0.00331671	0	0	0	0.0847504	0	-0.469668	-153.69	0	26.9754	26.9754	0	7.04502	0	0	0	0	0	0	0	0	0	0	0	0	0	0	0	0	0	0	0	0	0	0	0	0	0	0	0	0	0	0	0	0	0	
1	1	1	89	2.67		300	0	0	0.00445	0.00445	-0.00633875	0	0	0	50.604	50.604	1.73932e-05	0	0	0	0.26067	-0.382094	0	0.642764		300	0.0858942	0.00168945	0.00168945	-0.0033789	0	0	0	0.0858942	0	-0.469668	-153.69	0	26.9754	26.9754	0	7.04502	0	0	0	0	0	0	0	0	0	0	0	0	0	0	0	0	0	0	0	0	0	0	0	0	0	0	0	0	0	0	0	0	0	
1	1	1	90	2.7		300	0	0	0.0045	0.0045	-0.00642135	0	0	0	50.9477	50.9477	1.76446e-05	0	0	0	0.265747	-0.3851	0	0.650847		300	0.087041	0.0017207	0.0017207	-0.0034414	0	0	0	0.087041	0	-0.469668	-153.69	0	26.9754	26.9754	0	7.04502	0	0	0	0	0	0	0	0	0	0	0	0	0	0	0	0	0	0	0	0	0	0	0	0	0	0	0	0	0	0	0	0	0	
1	1	1	91	2.73		300	0	0	0.00455	0.00455	-0.0065041	0	0	0	51.2886	51.2886	1.78905e-05	0	0	0	0.270859	-0.388092	0	0.658951		300	0.0881907	0.0017521	0.0017521	-0.0035042	0	0	0	0.0881907	0	-0.469668	-153.69	0	26.9754	26.9754	0	7.04502	0	0	0	0	0	0	0	0	0	0	0	0	0	0	0	0	0	0	0	0	0	0	0	0	0	0	0	0	0	0	0	0	0	
1	1	1	92	2.76		300	0	0	0.0046	0.0046	-0.00658698	0	0	0	51.6268	51.6268	1.8131e-05	0	0	0	0.276005	-0.391069	0	0.667074		300	0.0893432	0.00178365	0.00178365	-0.00356731	0	0	0	0.0893432	0	-0.469668	-153.69	0	26.9754	26.9754	0	7.04502	0	0	0	0	0	0	0	0	0	0	0	0	0	0	0	0	0	0	0	0	0	0	0	0	0	0	0	0	0	0	0	0	0	
1	1	1	93	2.79		300	0	0	0.00465	0.00465	-0.00667	0	0	0	51.9623	51.9623	1.83663e-05	0	0	0	0.281184	-0.394032	0	0.675216		300	0.0904984	0.00181535	0.00181535	-0.0036307	0	0	0	0.0904984	0	-0.469668	-153.69	0	26.9754	26.9754	0	7.04502	0	0	0	0	0	0	0	0	0	0	0	0	0	0	0	0	0	0	0	0	0	0	0	0	0	0	0	0	0	0	0	0	0	
1	1	1	94	2.82		300	0	0	0.0047	0.0047	-0.00675316	0	0	0	52.2952	52.2952	1.85964e-05	0	0	0	0.286397	-0.39698	0	0.683378		300	0.0916562	0.00184719	0.00184719	-0.00369439	0	0	0	0.0916562	0	-0.469668	-153.69	0	26.9754	26.9754	0	7.04502	0	0	0	0	0	0	0	0	0	0	0	0	0	0	0	0	0	0	0	0	0	0	0	0	0	0	0	0	0	0	0	0	0	
1	1	1	95	2.85		300	0	0	0.00475	0.00475	-0.00683644	0	0	0	52.6254	52.6254	1.88214e-05	0	0	0	0.291643	-0.399914	0	0.691557		300	0.0928167	0.00187918	0.00187918	-0.00375835	0	0	0	0.0928167	0	-0.469668	-153.69	0	26.9754	26.9754	0	7.04502	0	0	0	0	0	0	0	0	0	0	0	0	0	0	0	0	0	0	0	0	0	0	0	0	0	0	0	0	0	0	0	0	0	
1	1	1	96	2.88		300	0	0	0.0048	0.0048	-0.00691985	0	0	0	52.9532	52.9532	1.90414e-05	0	0	0	0.296922	-0.402833	0	0.699755		300	0.0939797	0.0019113	0.0019113	-0.0038226	0	0	0	0.0939797	0	-0.469668	-153.69	0	26.9754	26.9754	0	7.04502	0	0	0	0	0	0	0	0	0	0	0	0	0	0	0	0	0	0	0	0	0	0	0	0	0	0	0	0	0	0	0	0	0	
1	1	1	97	2.91		300	0	0	0.00485	0.00485	-0.00700339	0	0	0	53.2784	53.2784	1.92566e-05	0	0	0	0.302234	-0.405736	0	0.70797		300	0.0951451	0.00194356	0.00194356	-0.00388712	0	0	0	0.0951451	0	-0.469668	-153.69	0	26.9754	26.9754	0	7.04502	0	0	0	0	0	0	0	0	0	0	0	0	0	0	0	0	0	0	0	0	0	0	0	0	0	0	0	0	0	0	0	0	0	
1	1	1	98	2.94		300	0	0	0.0049	0.0049	-0.00708706	0	0	0	53.6011	53.6011	1.94671e-05	0	0	0	0.307578	-0.408624	0	0.716202		300	0.096313	0.00197595	0.00197595	-0.0039519	0	0	0	0.096313	0	-0.469668	-153.69	0	26.9754	26.9754	0	7.04502	0	0	0	0	0	0	0	0	0	0	0	0	0	0	0	0	0	0	0	0	0	0	0	0	0	0	0	0	0	0	0	0	0	
1	1	1	99	2.97		300	0	0	0.00495	0.00495	-0.00717084	0	0	0	53.9215	53.9215	1.96729e-05	0	0	0	0.312954	-0.411496	0	0.72445		300	0.0974832	0.00200847	0.00200847	-0.00401695	0	0	0	0.0974832	0	-0.469668	-153.69	0	26.9754	26.9754	0	7.04502	0	0	0	0	0	0	0	0	0	0	0	0	0	0	0	0	0	0	0	0	0	0	0	0	0	0	0	0	0	0	0	0	0	
1	1	1	100	3		300	0	0	0.005	0.005	-0.00725475	0	0	0	54.2395	54.2395	1.98743e-05	0	0	0	0.318362	-0.414353	0	0.732715		300	0.0986557	0.00204113	0.00204113	-0.00408226	0	0	0	0.0986557	0	-0.469668	-153.69	0	26.9754	26.9754	0	7.04502	0	0	0	0	0	0	0	0	0	0	0	0	0	0	0	0	0	0	0	0	0	0	0	0	0	0	0	0	0	0	0	0	0	
1	1	1	101	3.03		300	0	0	0.00505	0.00505	-0.00733877	0	0	0	54.5551	54.5551	2.00711e-05	0	0	0	0.323802	-0.417194	0	0.740995		300	0.0998304	0.00207391	0.00207391	-0.00414782	0	0	0	0.0998304	0	-0.469668	-153.69	0	26.9754	26.9754	0	7.04502	0	0	0	0	0	0	0	0	0	0	0	0	0	0	0	0	0	0	0	0	0	0	0	0	0	0	0	0	0	0	0	0	0	
1	1	1	102	3.06		300	0	0	0.0051	0.0051	-0.00742291	0	0	0	54.8685	54.8685	2.02637e-05	0	0	0	0.329273	-0.420018	0	0.749291		300	0.101007	0.00210681	0.00210681	-0.00421363	0	0	0	0.101007	0	-0.469668	-153.69	0	26.9754	26.9754	0	7.04502	0	0	0	0	0	0	0	0	0	0	0	0	0	0	0	0	0	0	0	0	0	0	0	0	0	0	0	0	0	0	0	0	0	
1	1	1	103	3.09		300	0	0	0.00515	0.00515	-0.00750716	0	0	0	55.1796	55.1796	2.0452e-05	0	0	0	0.334775	-0.422827	0	0.757602		300	0.102186	0.00213984	0.00213984	-0.00427968	0	0	0	0.102186	0	-0.469668	-153.69	0	26.9754	26.9754	0	7.04502	0	0	0	0	0	0	0	0	0	0	0	0	0	0	0	0	0	0	0	0	0	0	0	0	0	0	0	0	0	0	0	0	0	
1	1	1	104	3.12		300	0	0	0.0052	0.0052	-0.00759153	0	0	0	55.4885	55.4885	2.06362e-05	0	0	0	0.340309	-0.425619	0	0.765927		300	0.103367	0.00217299	0.00217299	-0.00434598	0	0	0	0.103367	0	-0.469668	-153.69	0	26.9754	26.9754	0	7.04502	0	0	0	0	0	0	0	0	0	0	0	0	0	0	0	0	0	0	0	0	0	0	0	0	0	0	0	0	0	0	0	0	0	
1	1	1	105	3.15		300	0	0	0.00525	0.00525	-0.007676	0	0	0	55.7952	55.7952	2.08163e-05	0	0	0	0.345873	-0.428394	0	0.774267		300	0.104551	0.00220626	0.00220626	-0.00441252	0	0	0	0.104551	0	-0.469668	-153.69	0	26.9754	26.9754	0	7.04502	0	0	0	0	0	0	0	0	0	0	0	0	0	0	0	0	0	0	0	0	0	0	0	0	0	0	0	0	0	0	0	0	0	
1	1	1	106	3.18		300	0	0	0.0053	0.0053	-0.00776059	0	0	0	56.0998	56.0998	2.09925e-05	0	0	0	0.351468	-0.431153	0	0.782621		300	0.105736	0.00223964	0.00223964	-0.00447928	0	0	0	0.105736	0	-0.469668	-153.69	0	26.9754	26.9754	0	7.04502	0	0	0	0	0	0	0	0	0	0	0	0	0	0	0	0	0	0	0	0	0	0	0	0	0	0	0	0	0	0	0	0	0	
1	1	1	107	3.21		300	0	0	0.00535	0.00535	-0.00784528	0	0	0	56.4023	56.4023	2.11649e-05	0	0	0	0.357093	-0.433895	0	0.790988		300	0.106923	0.00227314	0.00227314	-0.00454628	0	0	0	0.106923	0	-0.469668	-153.69	0	26.9754	26.9754	0	7.04502	0	0	0	0	0	0	0	0	0	0	0	0	0	0	0	0	0	0	0	0	0	0	0	0	0	0	0	0	0	0	0	0	0	
1	1	1	108	3.24		300	0	0	0.0054	0.0054	-0.00793007	0	0	0	56.7027	56.7027	2.13335e-05	0	0	0	0.362748	-0.436621	0	0.799368		300	0.108112	0.00230675	0.00230675	-0.0046135	0	0	0	0.108112	0	-0.469668	-153.69	0	26.9754	26.9754	0	7.04502	0	0	0	0	0	0	0	0	0	0	0	0	0	0	0	0	0	0	0	0	0	0	0	0	0	0	0	0	0	0	0	0	0	
1	1	1	109	3.27		300	0	0	0.00545	0.00545	-0.00801497	0	0	0	57.0011	57.0011	2.14985e-05	0	0	0	0.368433	-0.439329	0	0.807762		300	0.109302	0.00234047	0.00234047	-0.00468095	0	0	0	0.109302	0	-0.469668	-153.69	0	26.9754	26.9754	0	7.04502	0	0	0	0	0	0	0	0	0	0	0	0	0	0	0	0	0	0	0	0	0	0	0	0	0	0	0	0	0	0	0	0	0	
1	1	1	110	3.3		300	0	0	0.0055	0.0055	-0.00809997	0	0	0	57.2975	57.2975	2.16599e-05	0	0	0	0.374148	-0.44202	0	0.816168		300	0.110495	0.00237431	0.00237431	-0.00474861	0	0	0	0.110495	0	-0.469668	-153.69	0	26.9754	26.9754	0	7.04502	0	0	0	0	0	0	0	0	0	0	0	0	0	0	0	0	0	0	0	0	0	0	0	0	0	0	0	0	0	0	0	0	0	
1	1	1	111	3.33		300	0	0	0.00555	0.00555	-0.00818507	0	0	0	57.592	57.592	2.18178e-05	0	0	0	0.379892	-0.444694	0	0.824586		300	0.111689	0.00240824	0.00240824	-0.00481649	0	0	0	0.111689	0	-0.469668	-153.69	0	26.9754	26.9754	0	7.04502	0	0	0	0	0	0	0	0	0	0	0	0	0	0	0	0	0	0	0	0	0	0	0	0	0	0	0	0	0	0	0	0	0	
1	1	1	112	3.36		300	0	0	0.0056	0.0056	-0.00827026	0	0	0	57.8845	57.8845	2.19723e-05	0	0	0	0.385666	-0.447351	0	0.833017		300	0.112885	0.00244229	0.00244229	-0.00488457	0	0	0	0.112885	0	-0.469668	-153.69	0	26.9754	26.9754	0	7.04502	0	0	0	0	0	0	0	0	0	0	0	0	0	0	0	0	0	0	0	0	0	0	0	0	0	0	0	0	0	0	0	0	0	
1	1	1	113	3.39		300	0	0	0.00565	0.00565	-0.00835555	0	0	0	58.175	58.175	2.21234e-05	0	0	0	0.391469	-0.44999	0	0.841459		300	0.114083	0.00247644	0.00247644	-0.00495287	0	0	0	0.114083	0	-0.469668	-153.69	0	26.9754	26.9754	0	7.04502	0	0	0	0	0	0	0	0	0	0	0	0	0	0	0	0	0	0	0	0	0	0	0	0	0	0	0	0	0	0	0	0	0	
1	1	1	114	3.42		300	0	0	0.0057	0.0057	-0.00844094	0	0	0	58.4638	58.4638	2.22713e-05	0	0	0	0.397301	-0.452612	0	0.849913		300	0.115282	0.00251068	0.00251068	-0.00502137	0	0	0	0.115282	0	-0.469668	-153.69	0	26.9754	26.9754	0	7.04502	0	0	0	0	0	0	0	0	0	0	0	0	0	0	0	0	0	0	0	0	0	0	0	0	0	0	0	0	0	0	0	0	0	
1	1	1	115	3.45		300	0	0	0.00575	0.00575	-0.00852642	0	0	0	58.7506	58.7506	2.24161e-05	0	0	0	0.403162	-0.455216	0	0.858378		300	0.116483	0.00254504	0.00254504	-0.00509007	0	0	0	0.116483	0	-0.469668	-153.69	0	26.9754	26.9754	0	7.04502	0	0	0	0	0	0	0	0	0	0	0	0	0	0	0	0	0	0	0	0	0	0	0	0	0	0	0	0	0	0	0	0	0	
1	1	1	116	3.48		300	0	0	0.0058	0.0058	-0.00861199	0	0	0	59.0357	59.0357	2.25578e-05	0	0	0	0.409051	-0.457803	0	0.866854		300	0.117685	0.00257948	0.00257948	-0.00515897	0	0	0	0.117685	0	-0.469668	-153.69	0	26.9754	26.9754	0	7.04502	0	0	0	0	0	0	0	0	0	0	0	0	0	0	0	0	0	0	0	0	0	0	0	0	0	0	0	0	0	0	0	0	0	
1	1	1	117	3.51		300	0	0	0.00585	0.00585	-0.00869766	0	0	0	59.319	59.319	2.26964e-05	0	0	0	0.414969	-0.460372	0	0.875341		300	0.118889	0.00261403	0.00261403	-0.00522806	0	0	0	0.118889	0	-0.469668	-153.69	0	26.9754	26.9754	0	7.04502	0	0	0	0	0	0	0	0	0	0	0	0	0	0	0	0	0	0	0	0	0	0	0	0	0	0	0	0	0	0	0	0	0	
1	1	1	118	3.54		300	0	0	0.0059	0.0059	-0.00878341	0	0	0	59.6005	59.6005	2.28321e-05	0	0	0	0.420915	-0.462923	0	0.883838		300	0.120095	0.00264867	0.00264867	-0.00529735	0	0	0	0.120095	0	-0.469668	-153.69	0	26.9754	26.9754	0	7.04502	0	0	0	0	0	0	0	0	0	0	0	0	0	0	0	0	0	0	0	0	0	0	0	0	0	0	0	0	0	0	0	0	0	
1	1	1	119	3.57		300	0	0	0.00595	0.00595	-0.00886924	0	0	0	59.8803	59.8803	2.2965e-05	0	0	0	0.426889	-0.465456	0	0.892345		300	0.121301	0.00268341	0.00268341	-0.00536682	0	0	0	0.121301	0	-0.469668	-153.69	0	26.9754	26.9754	0	7.04502	0	0	0	0	0	0	0	0	0	0	0	0	0	0	0	0	0	0	0	0	0	0	0	0	0	0	0	0	0	0	0	0	0	
1	1	1	120	3.6		300	0	0	0.006	0.006	-0.00895517	0	0	0	60.1584	60.1584	2.30951e-05	0	0	0	0.432891	-0.467971	0	0.900862		300	0.12251	0.00271824	0.00271824	-0.00543648	0	0	0	0.12251	0	-0.469668	-153.69	0	26.9754	26.9754	0	7.04502	0	0	0	0	0	0	0	0	0	0	0	0	0	0	0	0	0	0	0	0	0	0	0	0	0	0	0	0	0	0	0	0	0	
1	1	1	121	3.63		300	0	0	0.00605	0.00605	-0.00904118	0	0	0	60.4348	60.4348	2.32224e-05	0	0	0	0.438921	-0.470468	0	0.909389		300	0.123719	0.00275316	0.00275316	-0.00550632	0	0	0	0.123719	0	-0.469668	-153.69	0	26.9754	26.9754	0	7.04502	0	0	0	0	0	0	0	0	0	0	0	0	0	0	0	0	0	0	0	0	0	0	0	0	0	0	0	0	0	0	0	0	0	
1	1	1	122	3.66		300	0	0	0.0061	0.0061	-0.00912727	0	0	0	60.7096	60.7096	2.3347e-05	0	0	0	0.444978	-0.472948	0	0.917926		300	0.12493	0.00278817	0.00278817	-0.00557634	0	0	0	0.12493	0	-0.469668	-153.69	0	26.9754	26.9754	0	7.04502	0	0	0	0	0	0	0	0	0	0	0	0	0	0	0	0	0	0	0	0	0	0	0	0	0	0	0	0	0	0	0	0	0	
1	1	1	123	3.69		300	0	0	0.00615	0.00615	-0.00921345	0	0	0	60.9828	60.9828	2.34691e-05	0	0	0	0.451062	-0.475409	0	0.926471		300	0.126143	0.00282327	0.00282327	-0.00564654	0	0	0	0.126143	0	-0.469668	-153.69	0	26.9754	26.9754	0	7.04502	0	0	0	0	0	0	0	0	0	0	0	0	0	0	0	0	0	0	0	0	0	0	0	0	0	0	0	0	0	0	0	0	0	
1	1	1	124	3.72		300	0	0	0.0062	0.0062	-0.0092997	0	0	0	61.2543	61.2543	2.35886e-05	0	0	0	0.457174	-0.477852	0	0.935026		300	0.127356	0.00285845	0.00285845	-0.00571691	0	0	0	0.127356	0	-0.469668	-153.69	0	26.9754	26.9754	0	7.04502	0	0	0	0	0	0	0	0	0	0	0	0	0	0	0	0	0	0	0	0	0	0	0	0	0	0	0	0	0	0	0	0	0	
1	1	1	125	3.75		300	0	0	0.00625	0.00625	-0.00938604	0	0	0	61.5243	61.5243	2.37057e-05	0	0	0	0.463313	-0.480277	0	0.94359		300	0.128571	0.00289373	0.00289373	-0.00578745	0	0	0	0.128571	0	-0.469668	-153.69	0	26.9754	26.9754	0	7.04502	0	0	0	0	0	0	0	0	0	0	0	0	0	0	0	0	0	0	0	0	0	0	0	0	0	0	0	0	0	0	0	0	0	
1	1	1	126	3.78		300	0	0	0.0063	0.0063	-0.00947245	0	0	0	61.7927	61.7927	2.38203e-05	0	0	0	0.469479	-0.482683	0	0.952162		300	0.129787	0.00292908	0.00292908	-0.00585816	0	0	0	0.129787	0	-0.469668	-153.69	0	26.9754	26.9754	0	7.04502	0	0	0	0	0	0	0	0	0	0	0	0	0	0	0	0	0	0	0	0	0	0	0	0	0	0	0	0	0	0	0	0	0	
1	1	1	127	3.81		300	0	0	0.00635	0.00635	-0.00955894	0	0	0	62.0597	62.0597	2.39326e-05	0	0	0	0.475672	-0.485071	0	0.960743		300	0.131004	0.00296452	0.00296452	-0.00592904	0	0	0	0.131004	0	-0.469668	-153.69	0	26.9754	26.9754	0	7.04502	0	0	0	0	0	0	0	0	0	0	0	0	0	0	0	0	0	0	0	0	0	0	0	0	0	0	0	0	0	0	0	0	0	
1	1	1	128	3.84		300	0	0	0.0064	0.0064	-0.00964551	0	0	0	62.3251	62.3251	2.40426e-05	0	0	0	0.481891	-0.487441	0	0.969332		300	0.132223	0.00300004	0.00300004	-0.00600009	0	0	0	0.132223	0	-0.469668	-153.69	0	26.9754	26.9754	0	7.04502	0	0	0	0	0	0	0	0	0	0	0	0	0	0	0	0	0	0	0	0	0	0	0	0	0	0	0	0	0	0	0	0	0	
1	1	1	129	3.87		300	0	0	0.00645	0.00645	-0.00973215	0	0	0	62.589	62.589	2.41503e-05	0	0	0	0.488137	-0.489793	0	0.977929		300	0.133442	0.00303565	0.00303565	-0.00607129	0	0	0	0.133442	0	-0.469668	-153.69	0	26.9754	26.9754	0	7.04502	0	0	0	0	0	0	0	0	0	0	0	0	0	0	0	0	0	0	0	0	0	0	0	0	0	0	0	0	0	0	0	0	0	
1	1	1	130	3.9		300	0	0	0.0065	0.0065	-0.00981887	0	0	0	62.8514	62.8514	2.42559e-05	0	0	0	0.494409	-0.492126	0	0.986534		300	0.134663	0.00307133	0.00307133	-0.00614266	0	0	0	0.134663	0	-0.469668	-153.69	0	26.9754	26.9754	0	7.04502	0	0	0	0	0	0	0	0	0	0	0	0	0	0	0	0	0	0	0	0	0	0	0	0	0	0	0	0	0	0	0	0	0	
1	1	1	131	3.93		300	0	0	0.00655	0.00655	-0.00990565	0	0	0	63.1125	63.1125	2.43593e-05	0	0	0	0.500707	-0.49444	0	0.995147		300	0.135885	0.00310709	0.00310709	-0.00621418	0	0	0	0.135885	0	-0.469668	-153.69	0	26.9754	26.9754	0	7.04502	0	0	0	0	0	0	0	0	0	0	0	0	0	0	0	0	0	0	0	0	0	0	0	0	0	0	0	0	0	0	0	0	0	
1	1	1	132	3.96		300	0	0	0.0066	0.0066	-0.00999251	0	0	0	63.3721	63.3721	2.44606e-05	0	0	0	0.507031	-0.496736	0	1.00377		300	0.137108	0.00314293	0.00314293	-0.00628585	0	0	0	0.137108	0	-0.469668	-153.69	0	26.9754	26.9754	0	7.04502	0	0	0	0	0	0	0	0	0	0	0	0	0	0	0	0	0	0	0	0	0	0	0	0	0	0	0	0	0	0	0	0	0	
1	1	1	133	3.99		300	0	0	0.00665	0.00665	-0.0100794	0	0	0	63.6303	63.6303	2.45599e-05	0	0	0	0.513381	-0.499014	0	1.0124		300	0.138332	0.00317884	0.00317884	-0.00635768	0	0	0	0.138332	0	-0.469668	-153.69	0	26.9754	26.9754	0	7.04502	0	0	0	0	0	0	0	0	0	0	0	0	0	0	0	0	0	0	0	0	0	0	0	0	0	0	0	0	0	0	0	0	0	
1	1	1	134	4.02		300	0	0	0.0067	0.0067	-0.0101664	0	0	0	63.8871	63.8871	2.46572e-05	0	0	0	0.519757	-0.501273	0	1.02103		300	0.139557	0.00321483	0.00321483	-0.00642966	0	0	0	0.139557	0	-0.469668	-153.69	0	26.9754	26.9754	0	7.04502	0	0	0	0	0	0	0	0	0	0	0	0	0	0	0	0	0	0	0	0	0	0	0	0	0	0	0	0	0	0	0	0	0	
1	1	1	135	4.05		300	0	0	0.00675	0.00675	-0.0102535	0	0	0	64.1426	64.1426	2.47526e-05	0	0	0	0.526159	-0.503513	0	1.02967		300	0.140783	0.00325089	0.00325089	-0.00650178	0	0	0	0.140783	0	-0.469668	-153.69	0	26.9754	26.9754	0	7.04502	0	0	0	0	0	0	0	0	0	0	0	0	0	0	0	0	0	0	0	0	0	0	0	0	0	0	0	0	0	0	0	0	0	
1	1	1	136	4.08		300	0	0	0.0068	0.0068	-0.0103407	0	0	0	64.3968	64.3968	2.48461e-05	0	0	0	0.532585	-0.505735	0	1.03832		300	0.142009	0.00328703	0.00328703	-0.00657405	0	0	0	0.142009	0	-0.469668	-153.69	0	26.9754	26.9754	0	7.04502	0	0	0	0	0	0	0	0	0	0	0	0	0	0	0	0	0	0	0	0	0	0	0	0	0	0	0	0	0	0	0	0	0	
1	1	1	137	4.11		300	0	0	0.00685	0.00685	-0.0104279	0	0	0	64.6496	64.6496	2.49377e-05	0	0	0	0.539038	-0.507939	0	1.04698		300	0.143237	0.00332323	0.00332323	-0.00664647	0	0	0	0.143237	0	-0.469668	-153.69	0	26.9754	26.9754	0	7.04502	0	0	0	0	0	0	0	0	0	0	0	0	0	0	0	0	0	0	0	0	0	0	0	0	0	0	0	0	0	0	0	0	0	
1	1	1	138	4.14		300	0	0	0.0069	0.0069	-0.0105151	0	0	0	64.9012	64.9012	2.50275e-05	0	0	0	0.545515	-0.510123	0	1.05564		300	0.144466	0.00335951	0.00335951	-0.00671902	0	0	0	0.144466	0	-0.469668	-153.69	0	26.9754	26.9754	0	7.04502	0	0	0	0	0	0	0	0	0	0	0	0	0	0	0	0	0	0	0	0	0	0	0	0	0	0	0	0	0	0	0	0	0	
1	1	1	139	4.17		300	0	0	0.00695	0.00695	-0.0106025	0	0	0	65.1514	65.1514	2.51156e-05	0	0	0	0.552018	-0.512289	0	1.06431		300	0.145696	0.00339586	0.00339586	-0.00679172	0	0	0	0.145696	0	-0.469668	-153.69	0	26.9754	26.9754	0	7.04502	0	0	0	0	0	0	0	0	0	0	0	0	0	0	0	0	0	0	0	0	0	0	0	0	0	0	0	0	0	0	0	0	0	
1	1	1	140	4.2		300	0	0	0.007	0.007	-0.0106899	0	0	0	65.4004	65.4004	2.52019e-05	0	0	0	0.558546	-0.514436	0	1.07298		300	0.146926	0.00343228	0.00343228	-0.00686455	0	0	0	0.146926	0	-0.469668	-153.69	0	26.9754	26.9754	0	7.04502	0	0	0	0	0	0	0	0	0	0	0	0	0	0	0	0	0	0	0	0	0	0	0	0	0	0	0	0	0	0	0	0	0	
1	1	1	141	4.23		300	0	0	0.00705	0.00705	-0.0107773	0	0	0	65.6482	65.6482	2.52866e-05	0	0	0	0.565098	-0.516565	0	1.08166		300	0.148158	0.00346876	0.00346876	-0.00693752	0	0	0	0.148158	0	-0.469668	-153.69	0	26.9754	26.9754	0	7.04502	0	0	0	0	0	0	0	0	0	0	0	0	0	0	0	0	0	0	0	0	0	0	0	0	0	0	0	0	0	0	0	0	0	
1	1	1	142	4.26		300	0	0	0.0071	0.0071	-0.0108648	0	0	0	65.8947	65.8947	2.53696e-05	0	0	0	0.571675	-0.518675	0	1.09035		300	0.14939	0.00350531	0.00350531	-0.00701063	0	0	0	0.14939	0	-0.469668	-153.69	0	26.9754	26.9754	0	7.04502	0	0	0	0	0	0	0	0	0	0	0	0	0	0	0	0	0	0	0	0	0	0	0	0	0	0	0	0	0	0	0	0	0	
1	1	1	143	4.29		300	0	0	0.00715	0.00715	-0.0109524	0	0	0	66.14	66.14	2.5451e-05	0	0	0	0.578277	-0.520766	0	1.09904		300	0.150623	0.00354193	0.00354193	-0.00708386	0	0	0	0.150623	0	-0.469668	-153.69	0	26.9754	26.9754	0	7.04502	0	0	0	0	0	0	0	0	0	0	0	0	0	0	0	0	0	0	0	0	0	0	0	0	0	0	0	0	0	0	0	0	0	
1	1	1	144	4.32		300	0	0	0.0072	0.0072	-0.0110401	0	0	0	66.3841	66.3841	2.55309e-05	0	0	0	0.584903	-0.522838	0	1.10774		300	0.151857	0.00357861	0.00357861	-0.00715723	0	0	0	0.151857	0	-0.469668	-153.69	0	26.9754	26.9754	0	7.04502	0	0	0	0	0	0	0	0	0	0	0	0	0	0	0	0	0	0	0	0	0	0	0	0	0	0	0	0	0	0	0	0	0	
1	1	1	145	4.35		300	0	0	0.00725	0.00725	-0.0111278	0	0	0	66.6271	66.6271	2.56092e-05	0	0	0	0.591554	-0.524892	0	1.11645		300	0.153092	0.00361536	0.00361536	-0.00723072	0	0	0	0.153092	0	-0.469668	-153.69	0	26.9754	26.9754	0	7.04502	0	0	0	0	0	0	0	0	0	0	0	0	0	0	0	0	0	0	0	0	0	0	0	0	0	0	0	0	0	0	0	0	0	
1	1	1	146	4.38		300	0	0	0.0073	0.0073	-0.0112155	0	0	0	66.8689	66.8689	2.56861e-05	0	0	0	0.598228	-0.526927	0	1.12516		300	0.154327	0.00365217	0.00365217	-0.00730434	0	0	0	0.154327	0	-0.469668	-153.69	0	26.9754	26.9754	0	7.04502	0	0	0	0	0	0	0	0	0	0	0	0	0	0	0	0	0	0	0	0	0	0	0	0	0	0	0	0	0	0	0	0	0	
1	1	1	147	4.41		300	0	0	0.00735	0.00735	-0.0113033	0	0	0	67.1095	67.1095	2.57614e-05	0	0	0	0.604927	-0.528943	0	1.13387		300	0.155564	0.00368904	0.00368904	-0.00737808	0	0	0	0.155564	0	-0.469668	-153.69	0	26.9754	26.9754	0	7.04502	0	0	0	0	0	0	0	0	0	0	0	0	0	0	0	0	0	0	0	0	0	0	0	0	0	0	0	0	0	0	0	0	0	
1	1	1	148	4.44		300	0	0	0.0074	0.0074	-0.0113912	0	0	0	67.349	67.349	2.58354e-05	0	0	0	0.61165	-0.53094	0	1.14259		300	0.156801	0.00372598	0.00372598	-0.00745195	0	0	0	0.156801	0	-0.469668	-153.69	0	26.9754	26.9754	0	7.04502	0	0	0	0	0	0	0	0	0	0	0	0	0	0	0	0	0	0	0	0	0	0	0	0	0	0	0	0	0	0	0	0	0	
1	1	1	149	4.47		300	0	0	0.00745	0.00745	-0.0114792	0	0	0	67.5874	67.5874	2.59079e-05	0	0	0	0.618397	-0.532919	0	1.15132		300	0.158038	0.00376297	0.00376297	-0.00752594	0	0	0	0.158038	0	-0.469668	-153.69	0	26.9754	26.9754	0	7.04502	0	0	0	0	0	0	0	0	0	0	0	0	0	0	0	0	0	0	0	0	0	0	0	0	0	0	0	0	0	0	0	0	0	
1	1	1	150	4.5		300	0	0	0.0075	0.0075	-0.0115671	0	0	0	67.8247	67.8247	2.59791e-05	0	0	0	0.625168	-0.534878	0	1.16005		300	0.159277	0.00380002	0.00380002	-0.00760005	0	0	0	0.159277	0	-0.469668	-153.69	0	26.9754	26.9754	0	7.04502	0	0	0	0	0	0	0	0	0	0	0	0	0	0	0	0	0	0	0	0	0	0	0	0	0	0	0	0	0	0	0	0	0	
1	1	1	151	4.53		300	0	0	0.00755	0.00755	-0.0116552	0	0	0	68.061	68.061	2.6049e-05	0	0	0	0.631962	-0.536819	0	1.16878		300	0.160516	0.00383714	0.00383714	-0.00767428	0	0	0	0.160516	0	-0.469668	-153.69	0	26.9754	26.9754	0	7.04502	0	0	0	0	0	0	0	0	0	0	0	0	0	0	0	0	0	0	0	0	0	0	0	0	0	0	0	0	0	0	0	0	0	
1	1	1	152	4.56		300	0	0	0.0076	0.0076	-0.0117433	0	0	0	68.2961	68.2961	2.61176e-05	0	0	0	0.63878	-0.538742	0	1.17752		300	0.161756	0.00387431	0.00387431	-0.00774862	0	0	0	0.161756	0	-0.469668	-153.69	0	26.9754	26.9754	0	7.04502	0	0	0	0	0	0	0	0	0	0	0	0	0	0	0	0	0	0	0	0	0	0	0	0	0	0	0	0	0	0	0	0	0	
1	1	1	153	4.59		300	0	0	0.00765	0.00765	-0.0118314	0	0	0	68.5302	68.5302	2.61849e-05	0	0	0	0.645621	-0.540645	0	1.18627		300	0.162996	0.00391154	0.00391154	-0.00782308	0	0	0	0.162996	0	-0.469668	-153.69	0	26.9754	26.9754	0	7.04502	0	0	0	0	0	0	0	0	0	0	0	0	0	0	0	0	0	0	0	0	0	0	0	0	0	0	0	0	0	0	0	0	0	
1	1	1	154	4.62		300	0	0	0.0077	0.0077	-0.0119196	0	0	0	68.7633	68.7633	2.62509e-05	0	0	0	0.652486	-0.54253	0	1.19502		300	0.164237	0.00394883	0.00394883	-0.00789765	0	0	0	0.164237	0	-0.469668	-153.69	0	26.9754	26.9754	0	7.04502	0	0	0	0	0	0	0	0	0	0	0	0	0	0	0	0	0	0	0	0	0	0	0	0	0	0	0	0	0	0	0	0	0	
1	1	1	155	4.65		300	0	0	0.00775	0.00775	-0.0120079	0	0	0	68.9953	68.9953	2.63158e-05	0	0	0	0.659374	-0.544396	0	1.20377		300	0.165479	0.00398617	0.00398617	-0.00797233	0	0	0	0.165479	0	-0.469668	-153.69	0	26.9754	26.9754	0	7.04502	0	0	0	0	0	0	0	0	0	0	0	0	0	0	0	0	0	0	0	0	0	0	0	0	0	0	0	0	0	0	0	0	0	
1	1	1	156	4.68		300	0	0	0.0078	0.0078	-0.0120962	0	0	0	69.2263	69.2263	2.63794e-05	0	0	0	0.666285	-0.546243	0	1.21253		300	0.166722	0.00402356	0.00402356	-0.00804713	0	0	0	0.166722	0	-0.469668	-153.69	0	26.9754	26.9754	0	7.04502	0	0	0	0	0	0	0	0	0	0	0	0	0	0	0	0	0	0	0	0	0	0	0	0	0	0	0	0	0	0	0	0	0	
1	1	1	157	4.71		300	0	0	0.00785	0.00785	-0.0121846	0	0	0	69.4564	69.4564	2.64419e-05	0	0	0	0.673219	-0.548071	0	1.22129		300	0.167965	0.00406102	0.00406102	-0.00812203	0	0	0	0.167965	0	-0.469668	-153.69	0	26.9754	26.9754	0	7.04502	0	0	0	0	0	0	0	0	0	0	0	0	0	0	0	0	0	0	0	0	0	0	0	0	0	0	0	0	0	0	0	0	0	
1	1	1	158	4.74		300	0	0	0.0079	0.0079	-0.012273	0	0	0	69.6854	69.6854	2.65033e-05	0	0	0	0.680176	-0.54988	0	1.23006		300	0.169208	0.00409852	0.00409852	-0.00819705	0	0	0	0.169208	0	-0.469668	-153.69	0	26.9754	26.9754	0	7.04502	0	0	0	0	0	0	0	0	0	0	0	0	0	0	0	0	0	0	0	0	0	0	0	0	0	0	0	0	0	0	0	0	0	
1	1	1	159	4.77		300	0	0	0.00795	0.00795	-0.0123614	0	0	0	69.9134	69.9134	2.65635e-05	0	0	0	0.687156	-0.551671	0	1.23883		300	0.170452	0.00413608	0.00413608	-0.00827216	0	0	0	0.170452	0	-0.469668	-153.69	0	26.9754	26.9754	0	7.04502	0	0	0	0	0	0	0	0	0	0	0	0	0	0	0	0	0	0	0	0	0	0	0	0	0	0	0	0	0	0	0	0	0	
1	1	1	160	4.8		300	0	0	0.008	0.008	-0.0124499	0	0	0	70.1405	70.1405	2.66227e-05	0	0	0	0.694159	-0.553443	0	1.2476		300	0.171697	0.00417369	0.00417369	-0.00834739	0	0	0	0.171697	0	-0.469668	-153.69	0	26.9754	26.9754	0	7.04502	0	0	0	0	0	0	0	0	0	0	0	0	0	0	0	0	0	0	0	0	0	0	0	0	0	0	0	0	0	0	0	0	0	
1	1	1	161	4.83		300	0	0	0.00805	0.00805	-0.0125385	0	0	0	70.3667	70.3667	2.66808e-05	0	0	0	0.701184	-0.555196	0	1.25638		300	0.172942	0.00421136	0.00421136	-0.00842271	0	0	0	0.172942	0	-0.469668	-153.69	0	26.9754	26.9754	0	7.04502	0	0	0	0	0	0	0	0	0	0	0	0	0	0	0	0	0	0	0	0	0	0	0	0	0	0	0	0	0	0	0	0	0	
1	1	1	162	4.86		300	0	0	0.0081	0.0081	-0.0126271	0	0	0	70.5919	70.5919	2.67379e-05	0	0	0	0.708232	-0.556931	0	1.26516		300	0.174188	0.00424907	0.00424907	-0.00849814	0	0	0	0.174188	0	-0.469668	-153.69	0	26.9754	26.9754	0	7.04502	0	0	0	0	0	0	0	0	0	0	0	0	0	0	0	0	0	0	0	0	0	0	0	0	0	0	0	0	0	0	0	0	0	
1	1	1	163	4.89		300	0	0	0.00815	0.00815	-0.0127157	0	0	0	70.8162	70.8162	2.67939e-05	0	0	0	0.715302	-0.558646	0	1.27395		300	0.175434	0.00428684	0.00428684	-0.00857367	0	0	0	0.175434	0	-0.469668	-153.69	0	26.9754	26.9754	0	7.04502	0	0	0	0	0	0	0	0	0	0	0	0	0	0	0	0	0	0	0	0	0	0	0	0	0	0	0	0	0	0	0	0	0	
1	1	1	164	4.92		300	0	0	0.0082	0.0082	-0.0128044	0	0	0	71.0395	71.0395	2.6849e-05	0	0	0	0.722395	-0.560343	0	1.28274		300	0.176681	0.00432465	0.00432465	-0.0086493	0	0	0	0.176681	0	-0.469668	-153.69	0	26.9754	26.9754	0	7.04502	0	0	0	0	0	0	0	0	0	0	0	0	0	0	0	0	0	0	0	0	0	0	0	0	0	0	0	0	0	0	0	0	0	
1	1	1	165	4.95		300	0	0	0.00825	0.00825	-0.0128932	0	0	0	71.262	71.262	2.69031e-05	0	0	0	0.72951	-0.562021	0	1.29153		300	0.177929	0.00436252	0.00436252	-0.00872503	0	0	0	0.177929	0	-0.469668	-153.69	0	26.9754	26.9754	0	7.04502	0	0	0	0	0	0	0	0	0	0	0	0	0	0	0	0	0	0	0	0	0	0	0	0	0	0	0	0	0	0	0	0	0	
1	1	1	166	4.98		300	0	0	0.0083	0.0083	-0.012982	0	0	0	71.4836	71.4836	2.69562e-05	0	0	0	0.736647	-0.563681	0	1.30033		300	0.179176	0.00440043	0.00440043	-0.00880086	0	0	0	0.179176	0	-0.469668	-153.69	0	26.9754	26.9754	0	7.04502	0	0	0	0	0	0	0	0	0	0	0	0	0	0	0	0	0	0	0	0	0	0	0	0	0	0	0	0	0	0	0	0	0	
1	1	1	167	5.01		300	0	0	0.00835	0.00835	-0.0130708	0	0	0	71.7043	71.7043	2.70084e-05	0	0	0	0.743807	-0.565322	0	1.30913		300	0.180425	0.00443839	0.00443839	-0.00887678	0	0	0	0.180425	0	-0.469668	-153.69	0	26.9754	26.9754	0	7.04502	0	0	0	0	0	0	0	0	0	0	0	0	0	0	0	0	0	0	0	0	0	0	0	0	0	0	0	0	0	0	0	0	0	
1	1	1	168	5.04		300	0	0	0.0084	0.0084	-0.0131597	0	0	0	71.9241	71.9241	2.70597e-05	0	0	0	0.750988	-0.566944	0	1.31793		300	0.181674	0.0044764	0.0044764	-0.00895279	0	0	0	0.181674	0	-0.469668	-153.69	0	26.9754	26.9754	0	7.04502	0	0	0	0	0	0	0	0	0	0	0	0	0	0	0	0	0	0	0	0	0	0	0	0	0	0	0	0	0	0	0	0	0	
1	1	1	169	5.07		300	0	0	0.00845	0.00845	-0.0132486	0	0	0	72.1431	72.1431	2.71101e-05	0	0	0	0.758192	-0.568547	0	1.32674		300	0.182923	0.00451445	0.00451445	-0.0090289	0	0	0	0.182923	0	-0.469668	-153.69	0	26.9754	26.9754	0	7.04502	0	0	0	0	0	0	0	0	0	0	0	0	0	0	0	0	0	0	0	0	0	0	0	0	0	0	0	0	0	0	0	0	0	
1	1	1	170	5.1		300	0	0	0.0085	0.0085	-0.0133375	0	0	0	72.3612	72.3612	2.71596e-05	0	0	0	0.765417	-0.570132	0	1.33555		300	0.184172	0.00455255	0.00455255	-0.00910511	0	0	0	0.184172	0	-0.469668	-153.69	0	26.9754	26.9754	0	7.04502	0	0	0	0	0	0	0	0	0	0	0	0	0	0	0	0	0	0	0	0	0	0	0	0	0	0	0	0	0	0	0	0	0	
1	1	1	171	5.13		300	0	0	0.00855	0.00855	-0.0134265	0	0	0	72.5784	72.5784	2.72083e-05	0	0	0	0.772664	-0.571698	0	1.34436		300	0.185423	0.0045907	0.0045907	-0.0091814	0	0	0	0.185423	0	-0.469668	-153.69	0	26.9754	26.9754	0	7.04502	0	0	0	0	0	0	0	0	0	0	0	0	0	0	0	0	0	0	0	0	0	0	0	0	0	0	0	0	0	0	0	0	0	
1	1	1	172	5.16		300	0	0	0.0086	0.0086	-0.0135156	0	0	0	72.7949	72.7949	2.72562e-05	0	0	0	0.779933	-0.573245	0	1.35318		300	0.186673	0.00462889	0.00462889	-0.00925778	0	0	0	0.186673	0	-0.469668	-153.69	0	26.9754	26.9754	0	7.04502	0	0	0	0	0	0	0	0	0	0	0	0	0	0	0	0	0	0	0	0	0	0	0	0	0	0	0	0	0	0	0	0	0	
1	1	1	173	5.19		300	0	0	0.00865	0.00865	-0.0136047	0	0	0	73.0105	73.0105	2.73032e-05	0	0	0	0.787223	-0.574773	0	1.362		300	0.187924	0.00466713	0.00466713	-0.00933426	0	0	0	0.187924	0	-0.469668	-153.69	0	26.9754	26.9754	0	7.04502	0	0	0	0	0	0	0	0	0	0	0	0	0	0	0	0	0	0	0	0	0	0	0	0	0	0	0	0	0	0	0	0	0	
1	1	1	174	5.22		300	0	0	0.0087	0.0087	-0.0136938	0	0	0	73.2254	73.2254	2.73494e-05	0	0	0	0.794535	-0.576283	0	1.37082		300	0.189176	0.00470541	0.00470541	-0.00941082	0	0	0	0.189176	0	-0.469668	-153.69	0	26.9754	26.9754	0	7.04502	0	0	0	0	0	0	0	0	0	0	0	0	0	0	0	0	0	0	0	0	0	0	0	0	0	0	0	0	0	0	0	0	0	
1	1	1	175	5.25		300	0	0	0.00875	0.00875	-0.013783	0	0	0	73.4394	73.4394	2.73949e-05	0	0	0	0.801868	-0.577775	0	1.37964		300	0.190427	0.00474373	0.00474373	-0.00948747	0	0	0	0.190427	0	-0.469668	-153.69	0	26.9754	26.9754	0	7.04502	0	0	0	0	0	0	0	0	0	0	0	0	0	0	0	0	0	0	0	0	0	0	0	0	0	0	0	0	0	0	0	0	0	
1	1	1	176	5.28		300	0	0	0.0088	0.0088	-0.0138722	0	0	0	73.6526	73.6526	2.74395e-05	0	0	0	0.809222	-0.579248	0	1.38847		300	0.191679	0.0047821	0.0047821	-0.0095642	0	0	0	0.191679	0	-0.469668	-153.69	0	26.9754	26.9754	0	7.04502	0	0	0	0	0	0	0	0	0	0	0	0	0	0	0	0	0	0	0	0	0	0	0	0	0	0	0	0	0	0	0	0	0	
1	1	1	177	5.31		300	0	0	0.00885	0.00885	-0.0139614	0	0	0	73.8651	73.8651	2.74835e-05	0	0	0	0.816598	-0.580702	0	1.3973		300	0.192932	0.00482051	0.00482051	-0.00964102	0	0	0	0.192932	0	-0.469668	-153.69	0	26.9754	26.9754	0	7.04502	0	0	0	0	0	0	0	0	0	0	0	0	0	0	0	0	0	0	0	0	0	0	0	0	0	0	0	0	0	0	0	0	0	
1	1	1	178	5.34		300	0	0	0.0089	0.0089	-0.0140507	0	0	0	74.0768	74.0768	2.75267e-05	0	0	0	0.823995	-0.582137	0	1.40613		300	0.194185	0.00485896	0.00485896	-0.00971792	0	0	0	0.194185	0	-0.469668	-153.69	0	26.9754	26.9754	0	7.04502	0	0	0	0	0	0	0	0	0	0	0	0	0	0	0	0	0	0	0	0	0	0	0	0	0	0	0	0	0	0	0	0	0	
1	1	1	179	5.37		300	0	0	0.00895	0.00895	-0.01414	0	0	0	74.2878	74.2878	2.75691e-05	0	0	0	0.831414	-0.583554	0	1.41497		300	0.195438	0.00489745	0.00489745	-0.00979491	0	0	0	0.195438	0	-0.469668	-153.69	0	26.9754	26.9754	0	7.04502	0	0	0	0	0	0	0	0	0	0	0	0	0	0	0	0	0	0	0	0	0	0	0	0	0	0	0	0	0	0	0	0	0	
1	1	1	180	5.4		300	0	0	0.009	0.009	-0.0142294	0	0	0	74.4979	74.4979	2.76109e-05	0	0	0	0.838853	-0.584952	0	1.42381		300	0.196692	0.00493599	0.00493599	-0.00987198	0	0	0	0.196692	0	-0.469668	-153.69	0	26.9754	26.9754	0	7.04502	0	0	0	0	0	0	0	0	0	0	0	0	0	0	0	0	0	0	0	0	0	0	0	0	0	0	0	0	0	0	0	0	0	
1	1	1	181	5.43		300	0	0	0.00905	0.00905	-0.0143188	0	0	0	74.7074	74.7074	2.7652e-05	0	0	0	0.846313	-0.586332	0	1.43265		300	0.197946	0.00497456	0.00497456	-0.00994913	0	0	0	0.197946	0	-0.469668	-153.69	0	26.9754	26.9754	0	7.04502	0	0	0	0	0	0	0	0	0	0	0	0	0	0	0	0	0	0	0	0	0	0	0	0	0	0	0	0	0	0	0	0	0	
1	1	1	182	5.46		300	0	0	0.0091	0.0091	-0.0144082	0	0	0	74.9161	74.9161	2.76923e-05	0	0	0	0.853794	-0.587694	0	1.44149		300	0.1992	0.00501318	0.00501318	-0.0100264	0	0	0	0.1992	0	-0.469668	-153.69	0	26.9754	26.9754	0	7.04502	0	0	0	0	0	0	0	0	0	0	0	0	0	0	0	0	0	0	0	0	0	0	0	0	0	0	0	0	0	0	0	0	0	
1	1	1	183	5.49		300	0	0	0.00915	0.00915	-0.0144977	0	0	0	75.1241	75.1241	2.77321e-05	0	0	0	0.861296	-0.589036	0	1.45033		300	0.200455	0.00505183	0.00505183	-0.0101037	0	0	0	0.200455	0	-0.469668	-153.69	0	26.9754	26.9754	0	7.04502	0	0	0	0	0	0	0	0	0	0	0	0	0	0	0	0	0	0	0	0	0	0	0	0	0	0	0	0	0	0	0	0	0	
1	1	1	184	5.52		300	0	0	0.0092	0.0092	-0.0145872	0	0	0	75.3314	75.3314	2.77712e-05	0	0	0	0.868819	-0.590361	0	1.45918		300	0.20171	0.00509052	0.00509052	-0.010181	0	0	0	0.20171	0	-0.469668	-153.69	0	26.9754	26.9754	0	7.04502	0	0	0	0	0	0	0	0	0	0	0	0	0	0	0	0	0	0	0	0	0	0	0	0	0	0	0	0	0	0	0	0	0	
1	1	1	185	5.55		300	0	0	0.00925	0.00925	-0.0146768	0	0	0	75.5379	75.5379	2.78096e-05	0	0	0	0.876363	-0.591666	0	1.46803		300	0.202965	0.00512925	0.00512925	-0.0102585	0	0	0	0.202965	0	-0.469668	-153.69	0	26.9754	26.9754	0	7.04502	0	0	0	0	0	0	0	0	0	0	0	0	0	0	0	0	0	0	0	0	0	0	0	0	0	0	0	0	0	0	0	0	0	
1	1	1	186	5.58		300	0	0	0.0093	0.0093	-0.0147663	0	0	0	75.7438	75.7438	2.78474e-05	0	0	0	0.883927	-0.592954	0	1.47688		300	0.204221	0.00516802	0.00516802	-0.010336	0	0	0	0.204221	0	-0.469668	-153.69	0	26.9754	26.9754	0	7.04502	0	0	0	0	0	0	0	0	0	0	0	0	0	0	0	0	0	0	0	0	0	0	0	0	0	0	0	0	0	0	0	0	0	
1	1	1	187	5.61		300	0	0	0.00935	0.00935	-0.014856	0	0	0	75.949	75.949	2.78846e-05	0	0	0	0.891511	-0.594222	0	1.48573		300	0.205477	0.00520683	0.00520683	-0.0104137	0	0	0	0.205477	0	-0.469668	-153.69	0	26.9754	26.9754	0	7.04502	0	0	0	0	0	0	0	0	0	0	0	0	0	0	0	0	0	0	0	0	0	0	0	0	0	0	0	0	0	0	0	0	0	
1	1	1	188	5.64		300	0	0	0.0094	0.0094	-0.0149456	0	0	0	76.1535	76.1535	2.79212e-05	0	0	0	0.899116	-0.595473	0	1.49459		300	0.206733	0.00524568	0.00524568	-0.0104914	0	0	0	0.206733	0	-0.469668	-153.69	0	26.9754	26.9754	0	7.04502	0	0	0	0	0	0	0	0	0	0	0	0	0	0	0	0	0	0	0	0	0	0	0	0	0	0	0	0	0	0	0	0	0	
1	1	1	189	5.67		300	0	0	0.00945	0.00945	-0.0150353	0	0	0	76.3573	76.3573	2.79572e-05	0	0	0	0.906742	-0.596705	0	1.50345		300	0.207989	0.00528456	0.00528456	-0.0105691	0	0	0	0.207989	0	-0.469668	-153.69	0	26.9754	26.9754	0	7.04502	0	0	0	0	0	0	0	0	0	0	0	0	0	0	0	0	0	0	0	0	0	0	0	0	0	0	0	0	0	0	0	0	0	
1	1	1	190	5.7		300	0	0	0.0095	0.0095	-0.015125	0	0	0	76.5604	76.5604	2.79927e-05	0	0	0	0.914388	-0.597918	0	1.51231		300	0.209246	0.00532348	0.00532348	-0.010647	0	0	0	0.209246	0	-0.469668	-153.69	0	26.9754	26.9754	0	7.04502	0	0	0	0	0	0	0	0	0	0	0	0	0	0	0	0	0	0	0	0	0	0	0	0	0	0	0	0	0	0	0	0	0	
1	1	1	191	5.73		300	0	0	0.00955	0.00955	-0.0152148	0	0	0	76.7629	76.7629	2.80275e-05	0	0	0	0.922054	-0.599113	0	1.52117		300	0.210503	0.00536243	0.00536243	-0.0107249	0	0	0	0.210503	0	-0.469668	-153.69	0	26.9754	26.9754	0	7.04502	0	0	0	0	0	0	0	0	0	0	0	0	0	0	0	0	0	0	0	0	0	0	0	0	0	0	0	0	0	0	0	0	0	
1	1	1	192	5.76		300	0	0	0.0096	0.0096	-0.0153045	0	0	0	76.9648	76.9648	2.80618e-05	0	0	0	0.92974	-0.60029	0	1.53003		300	0.21176	0.00540142	0.00540142	-0.0108028	0	0	0	0.21176	0	-0.469668	-153.69	0	26.9754	26.9754	0	7.04502	0	0	0	0	0	0	0	0	0	0	0	0	0	0	0	0	0	0	0	0	0	0	0	0	0	0	0	0	0	0	0	0	0	
1	1	1	193	5.79		300	0	0	0.00965	0.00965	-0.0153944	0	0	0	77.166	77.166	2.80956e-05	0	0	0	0.937447	-0.601449	0	1.5389		300	0.213018	0.00544044	0.00544044	-0.0108809	0	0	0	0.213018	0	-0.469668	-153.69	0	26.9754	26.9754	0	7.04502	0	0	0	0	0	0	0	0	0	0	0	0	0	0	0	0	0	0	0	0	0	0	0	0	0	0	0	0	0	0	0	0	0	
1	1	1	194	5.82		300	0	0	0.0097	0.0097	-0.0154842	0	0	0	77.3665	77.3665	2.81288e-05	0	0	0	0.945174	-0.602589	0	1.54776		300	0.214275	0.0054795	0.0054795	-0.010959	0	0	0	0.214275	0	-0.469668	-153.69	0	26.9754	26.9754	0	7.04502	0	0	0	0	0	0	0	0	0	0	0	0	0	0	0	0	0	0	0	0	0	0	0	0	0	0	0	0	0	0	0	0	0	
1	1	1	195	5.85		300	0	0	0.00975	0.00975	-0.0155741	0	0	0	77.5664	77.5664	2.81616e-05	0	0	0	0.95292	-0.60371	0	1.55663		300	0.215533	0.0055186	0.0055186	-0.0110372	0	0	0	0.215533	0	-0.469668	-153.69	0	26.9754	26.9754	0	7.04502	0	0	0	0	0	0	0	0	0	0	0	0	0	0	0	0	0	0	0	0	0	0	0	0	0	0	0	0	0	0	0	0	0	
1	1	1	196	5.88		300	0	0	0.0098	0.0098	-0.015664	0	0	0	77.7657	77.7657	2.81938e-05	0	0	0	0.960687	-0.604814	0	1.5655		300	0.216792	0.00555772	0.00555772	-0.0111154	0	0	0	0.216792	0	-0.469668	-153.69	0	26.9754	26.9754	0	7.04502	0	0	0	0	0	0	0	0	0	0	0	0	0	0	0	0	0	0	0	0	0	0	0	0	0	0	0	0	0	0	0	0	0	
1	1	1	197	5.91		300	0	0	0.00985	0.00985	-0.0157539	0	0	0	77.9644	77.9644	2.82255e-05	0	0	0	0.968473	-0.605899	0	1.57437		300	0.21805	0.00559688	0.00559688	-0.0111938	0	0	0	0.21805	0	-0.469668	-153.69	0	26.9754	26.9754	0	7.04502	0	0	0	0	0	0	0	0	0	0	0	0	0	0	0	0	0	0	0	0	0	0	0	0	0	0	0	0	0	0	0	0	0	
1	1	1	198	5.94		300	0	0	0.0099	0.0099	-0.0158439	0	0	0	78.1625	78.1625	2.82567e-05	0	0	0	0.97628	-0.606966	0	1.58325		300	0.219309	0.00563608	0.00563608	-0.0112722	0	0	0	0.219309	0	-0.469668	-153.69	0	26.9754	26.9754	0	7.04502	0	0	0	0	0	0	0	0	0	0	0	0	0	0	0	0	0	0	0	0	0	0	0	0	0	0	0	0	0	0	0	0	0	
1	1	1	199	5.97		300	0	0	0.00995	0.00995	-0.0159339	0	0	0	78.36	78.36	2.82874e-05	0	0	0	0.984106	-0.608014	0	1.59212		300	0.220568	0.00567531	0.00567531	-0.0113506	0	0	0	0.220568	0	-0.469668	-153.69	0	26.9754	26.9754	0	7.04502	0	0	0	0	0	0	0	0	0	0	0	0	0	0	0	0	0	0	0	0	0	0	0	0	0	0	0	0	0	0	0	0	0	
1	1	1	200	6		300	0	0	0.01	0.01	-0.016024	0	0	0	78.5569	78.5569	2.83176e-05	0	0	0	0.991952	-0.609045	0	1.601		300	0.221827	0.00571457	0.00571457	-0.0114291	0	0	0	0.221827	0	-0.469668	-153.69	0	26.9754	26.9754	0	7.04502	0	0	0	0	0	0	0	0	0	0	0	0	0	0	0	0	0	0	0	0	0	0	0	0	0	0	0	0	0	0	0	0	0	
1	1	1	201	6.03		300	0	0	0.01005	0.01005	-0.016114	0	0	0	78.7531	78.7531	2.83474e-05	0	0	0	0.999817	-0.610057	0	1.60987		300	0.223086	0.00575386	0.00575386	-0.0115077	0	0	0	0.223086	0	-0.469668	-153.69	0	26.9754	26.9754	0	7.04502	0	0	0	0	0	0	0	0	0	0	0	0	0	0	0	0	0	0	0	0	0	0	0	0	0	0	0	0	0	0	0	0	0	
1	1	1	202	6.06		300	0	0	0.0101	0.0101	-0.0162041	0	0	0	78.9489	78.9489	2.83767e-05	0	0	0	1.0077	-0.611051	0	1.61875		300	0.224346	0.00579318	0.00579318	-0.0115864	0	0	0	0.224346	0	-0.469668	-153.69	0	26.9754	26.9754	0	7.04502	0	0	0	0	0	0	0	0	0	0	0	0	0	0	0	0	0	0	0	0	0	0	0	0	0	0	0	0	0	0	0	0	0	
1	1	1	203	6.09		300	0	0	0.01015	0.01015	-0.0162942	0	0	0	79.144	79.144	2.84056e-05	0	0	0	1.01561	-0.612026	0	1.62763		300	0.225605	0.00583254	0.00583254	-0.0116651	0	0	0	0.225605	0	-0.469668	-153.69	0	26.9754	26.9754	0	7.04502	0	0	0	0	0	0	0	0	0	0	0	0	0	0	0	0	0	0	0	0	0	0	0	0	0	0	0	0	0	0	0	0	0	
1	1	1	204	6.12		300	0	0	0.0102	0.0102	-0.0163844	0	0	0	79.3385	79.3385	2.84341e-05	0	0	0	1.02353	-0.612984	0	1.63651		300	0.226865	0.00587192	0.00587192	-0.0117438	0	0	0	0.226865	0	-0.469668	-153.69	0	26.9754	26.9754	0	7.04502	0	0	0	0	0	0	0	0	0	0	0	0	0	0	0	0	0	0	0	0	0	0	0	0	0	0	0	0	0	0	0	0	0	
1	1	1	205	6.15		300	0	0	0.01025	0.01025	-0.0164746	0	0	0	79.5325	79.5325	2.84621e-05	0	0	0	1.03147	-0.613923	0	1.6454		300	0.228125	0.00591134	0.00591134	-0.0118227	0	0	0	0.228125	0	-0.469668	-153.69	0	26.9754	26.9754	0	7.04502	0	0	0	0	0	0	0	0	0	0	0	0	0	0	0	0	0	0	0	0	0	0	0	0	0	0	0	0	0	0	0	0	0	
1	1	1	206	6.18		300	0	0	0.0103	0.0103	-0.0165648	0	0	0	79.726	79.726	2.84896e-05	0	0	0	1.03944	-0.614844	0	1.65428		300	0.229385	0.00595079	0.00595079	-0.0119016	0	0	0	0.229385	0	-0.469668	-153.69	0	26.9754	26.9754	0	7.04502	0	0	0	0	0	0	0	0	0	0	0	0	0	0	0	0	0	0	0	0	0	0	0	0	0	0	0	0	0	0	0	0	0	
1	1	1	207	6.21		300	0	0	0.01035	0.01035	-0.016655	0	0	0	79.9189	79.9189	2.85168e-05	0	0	0	1.04742	-0.615748	0	1.66317		300	0.230646	0.00599027	0.00599027	-0.0119805	0	0	0	0.230646	0	-0.469668	-153.69	0	26.9754	26.9754	0	7.04502	0	0	0	0	0	0	0	0	0	0	0	0	0	0	0	0	0	0	0	0	0	0	0	0	0	0	0	0	0	0	0	0	0	
1	1	1	208	6.24		300	0	0	0.0104	0.0104	-0.0167453	0	0	0	80.1112	80.1112	2.85436e-05	0	0	0	1.05542	-0.616633	0	1.67205		300	0.231906	0.00602977	0.00602977	-0.0120595	0	0	0	0.231906	0	-0.469668	-153.69	0	26.9754	26.9754	0	7.04502	0	0	0	0	0	0	0	0	0	0	0	0	0	0	0	0	0	0	0	0	0	0	0	0	0	0	0	0	0	0	0	0	0	
1	1	1	209	6.27		300	0	0	0.01045	0.01045	-0.0168356	0	0	0	80.303	80.303	2.85699e-05	0	0	0	1.06344	-0.6175	0	1.68094		300	0.233167	0.00606931	0.00606931	-0.0121386	0	0	0	0.233167	0	-0.469668	-153.69	0	26.9754	26.9754	0	7.04502	0	0	0	0	0	0	0	0	0	0	0	0	0	0	0	0	0	0	0	0	0	0	0	0	0	0	0	0	0	0	0	0	0	
1	1	1	210	6.3		300	0	0	0.0105	0.0105	-0.0169259	0	0	0	80.4943	80.4943	2.85959e-05	0	0	0	1.07148	-0.618348	0	1.68983		300	0.234428	0.00610888	0.00610888	-0.0122178	0	0	0	0.234428	0	-0.469668	-153.69	0	26.9754	26.9754	0	7.04502	0	0	0	0	0	0	0	0	0	0	0	0	0	0	0	0	0	0	0	0	0	0	0	0	0	0	0	0	0	0	0	0	0	
1	1	1	211	6.33		300	0	0	0.01055	0.01055	-0.0170162	0	0	0	80.685	80.685	2.86214e-05	0	0	0	1.07954	-0.619179	0	1.69872		300	0.235689	0.00614847	0.00614847	-0.0122969	0	0	0	0.235689	0	-0.469668	-153.69	0	26.9754	26.9754	0	7.04502	0	0	0	0	0	0	0	0	0	0	0	0	0	0	0	0	0	0	0	0	0	0	0	0	0	0	0	0	0	0	0	0	0	
1	1	1	212	6.36		300	0	0	0.0106	0.0106	-0.0171066	0	0	0	80.8752	80.8752	2.86466e-05	0	0	0	1.08762	-0.619992	0	1.70761		300	0.23695	0.00618809	0.00618809	-0.0123762	0	0	0	0.23695	0	-0.469668	-153.69	0	26.9754	26.9754	0	7.04502	0	0	0	0	0	0	0	0	0	0	0	0	0	0	0	0	0	0	0	0	0	0	0	0	0	0	0	0	0	0	0	0	0	
1	1	1	213	6.39		300	0	0	0.01065	0.01065	-0.017197	0	0	0	81.0649	81.0649	2.86715e-05	0	0	0	1.09572	-0.620787	0	1.7165		300	0.238211	0.00622775	0.00622775	-0.0124555	0	0	0	0.238211	0	-0.469668	-153.69	0	26.9754	26.9754	0	7.04502	0	0	0	0	0	0	0	0	0	0	0	0	0	0	0	0	0	0	0	0	0	0	0	0	0	0	0	0	0	0	0	0	0	
1	1	1	214	6.42		300	0	0	0.0107	0.0107	-0.0172874	0	0	0	81.2541	81.2541	2.86959e-05	0	0	0	1.10383	-0.621564	0	1.7254		300	0.239473	0.00626742	0.00626742	-0.0125348	0	0	0	0.239473	0	-0.469668	-153.69	0	26.9754	26.9754	0	7.04502	0	0	0	0	0	0	0	0	0	0	0	0	0	0	0	0	0	0	0	0	0	0	0	0	0	0	0	0	0	0	0	0	0	
1	1	1	215	6.45		300	0	0	0.01075	0.01075	-0.0173779	0	0	0	81.4428	81.4428	2.872e-05	0	0	0	1.11197	-0.622323	0	1.73429		300	0.240735	0.00630713	0.00630713	-0.0126143	0	0	0	0.240735	0	-0.469668	-153.69	0	26.9754	26.9754	0	7.04502	0	0	0	0	0	0	0	0	0	0	0	0	0	0	0	0	0	0	0	0	0	0	0	0	0	0	0	0	0	0	0	0	0	
1	1	1	216	6.48		300	0	0	0.0108	0.0108	-0.0174684	0	0	0	81.631	81.631	2.87437e-05	0	0	0	1.12012	-0.623063	0	1.74318		300	0.241996	0.00634687	0.00634687	-0.0126937	0	0	0	0.241996	0	-0.469668	-153.69	0	26.9754	26.9754	0	7.04502	0	0	0	0	0	0	0	0	0	0	0	0	0	0	0	0	0	0	0	0	0	0	0	0	0	0	0	0	0	0	0	0	0	
1	1	1	217	6.51		300	0	0	0.01085	0.01085	-0.0175589	0	0	0	81.8187	81.8187	2.87671e-05	0	0	0	1.12829	-0.623786	0	1.75208		300	0.243258	0.00638663	0.00638663	-0.0127733	0	0	0	0.243258	0	-0.469668	-153.69	0	26.9754	26.9754	0	7.04502	0	0	0	0	0	0	0	0	0	0	0	0	0	0	0	0	0	0	0	0	0	0	0	0	0	0	0	0	0	0	0	0	0	
1	1	1	218	6.54		300	0	0	0.0109	0.0109	-0.0176494	0	0	0	82.0059	82.0059	2.87902e-05	0	0	0	1.13648	-0.624491	0	1.76098		300	0.24452	0.00642641	0.00642641	-0.0128528	0	0	0	0.24452	0	-0.469668	-153.69	0	26.9754	26.9754	0	7.04502	0	0	0	0	0	0	0	0	0	0	0	0	0	0	0	0	0	0	0	0	0	0	0	0	0	0	0	0	0	0	0	0	0	
1	1	1	219	6.57		300	0	0	0.01095	0.01095	-0.0177399	0	0	0	82.1926	82.1926	2.88129e-05	0	0	0	1.14469	-0.625178	0	1.76987		300	0.245782	0.00646623	0.00646623	-0.0129325	0	0	0	0.245782	0	-0.469668	-153.69	0	26.9754	26.9754	0	7.04502	0	0	0	0	0	0	0	0	0	0	0	0	0	0	0	0	0	0	0	0	0	0	0	0	0	0	0	0	0	0	0	0	0	
1	1	1	220	6.6		300	0	0	0.011	0.011	-0.0178305	0	0	0	82.3789	82.3789	2.88353e-05	0	0	0	1.15292	-0.625848	0	1.77877		300	0.247044	0.00650607	0.00650607	-0.0130121	0	0	0	0.247044	0	-0.469668	-153.69	0	26.9754	26.9754	0	7.04502	0	0	0	0	0	0	0	0	0	0	0	0	0	0	0	0	0	0	0	0	0	0	0	0	0	0	0	0	0	0	0	0	0	
1	1	1	221	6.63		300	0	0	0.01105	0.01105	-0.0179211	0	0	0	82.5646	82.5646	2.88574e-05	0	0	0	1.16117	-0.626499	0	1.78767		300	0.248306	0.00654593	0.00654593	-0.0130919	0	0	0	0.248306	0	-0.469668	-153.69	0	26.9754	26.9754	0	7.04502	0	0	0	0	0	0	0	0	0	0	0	0	0	0	0	0	0	0	0	0	0	0	0	0	0	0	0	0	0	0	0	0	0	
1	1	1	222	6.66		300	0	0	0.0111	0.0111	-0.0180117	0	0	0	82.7499	82.7499	2.88791e-05	0	0	0	1.16944	-0.627133	0	1.79657		300	0.249569	0.00658583	0.00658583	-0.0131717	0	0	0	0.249569	0	-0.469668	-153.69	0	26.9754	26.9754	0	7.04502	0	0	0	0	0	0	0	0	0	0	0	0	0	0	0	0	0	0	0	0	0	0	0	0	0	0	0	0	0	0	0	0	0	
1	1	1	223	6.69		300	0	0	0.01115	0.01115	-0.0181024	0	0	0	82.9348	82.9348	2.89006e-05	0	0	0	1.17772	-0.627748	0	1.80547		300	0.250831	0.00662574	0.00662574	-0.0132515	0	0	0	0.250831	0	-0.469668	-153.69	0	26.9754	26.9754	0	7.04502	0	0	0	0	0	0	0	0	0	0	0	0	0	0	0	0	0	0	0	0	0	0	0	0	0	0	0	0	0	0	0	0	0	
1	1	1	224	6.72		300	0	0	0.0112	0.0112	-0.018193	0	0	0	83.1191	83.1191	2.89217e-05	0	0	0	1.18602	-0.628346	0	1.81437		300	0.252094	0.00666569	0.00666569	-0.0133314	0	0	0	0.252094	0	-0.469668	-153.69	0	26.9754	26.9754	0	7.04502	0	0	0	0	0	0	0	0	0	0	0	0	0	0	0	0	0	0	0	0	0	0	0	0	0	0	0	0	0	0	0	0	0	
1	1	1	225	6.75		300	0	0	0.01125	0.01125	-0.0182837	0	0	0	83.3031	83.3031	2.89425e-05	0	0	0	1.19434	-0.628926	0	1.82327		300	0.253357	0.00670565	0.00670565	-0.0134113	0	0	0	0.253357	0	-0.469668	-153.69	0	26.9754	26.9754	0	7.04502	0	0	0	0	0	0	0	0	0	0	0	0	0	0	0	0	0	0	0	0	0	0	0	0	0	0	0	0	0	0	0	0	0	
1	1	1	226	6.78		300	0	0	0.0113	0.0113	-0.0183745	0	0	0	83.4865	83.4865	2.89631e-05	0	0	0	1.20268	-0.629488	0	1.83217		300	0.254619	0.00674564	0.00674564	-0.0134913	0	0	0	0.254619	0	-0.469668	-153.69	0	26.9754	26.9754	0	7.04502	0	0	0	0	0	0	0	0	0	0	0	0	0	0	0	0	0	0	0	0	0	0	0	0	0	0	0	0	0	0	0	0	0	
1	1	1	227	6.81		300	0	0	0.01135	0.01135	-0.0184652	0	0	0	83.6695	83.6695	2.89833e-05	0	0	0	1.21104	-0.630033	0	1.84107		300	0.255882	0.00678566	0.00678566	-0.0135713	0	0	0	0.255882	0	-0.469668	-153.69	0	26.9754	26.9754	0	7.04502	0	0	0	0	0	0	0	0	0	0	0	0	0	0	0	0	0	0	0	0	0	0	0	0	0	0	0	0	0	0	0	0	0	
1	1	1	228	6.84		300	0	0	0.0114	0.0114	-0.0185559	0	0	0	83.8521	83.8521	2.90032e-05	0	0	0	1.21942	-0.63056	0	1.84998		300	0.257145	0.0068257	0.0068257	-0.0136514	0	0	0	0.257145	0	-0.469668	-153.69	0	26.9754	26.9754	0	7.04502	0	0	0	0	0	0	0	0	0	0	0	0	0	0	0	0	0	0	0	0	0	0	0	0	0	0	0	0	0	0	0	0	0	
1	1	1	229	6.87		300	0	0	0.01145	0.01145	-0.0186467	0	0	0	84.0343	84.0343	2.90229e-05	0	0	0	1.22781	-0.631069	0	1.85888		300	0.258408	0.00686576	0.00686576	-0.0137315	0	0	0	0.258408	0	-0.469668	-153.69	0	26.9754	26.9754	0	7.04502	0	0	0	0	0	0	0	0	0	0	0	0	0	0	0	0	0	0	0	0	0	0	0	0	0	0	0	0	0	0	0	0	0	
1	1	1	230	6.9		300	0	0	0.0115	0.0115	-0.0187375	0	0	0	84.216	84.216	2.90423e-05	0	0	0	1.23622	-0.63156	0	1.86778		300	0.259671	0.00690585	0.00690585	-0.0138117	0	0	0	0.259671	0	-0.469668	-153.69	0	26.9754	26.9754	0	7.04502	0	0	0	0	0	0	0	0	0	0	0	0	0	0	0	0	0	0	0	0	0	0	0	0	0	0	0	0	0	0	0	0	0	
1	1	1	231	6.93		300	0	0	0.01155	0.01155	-0.0188284	0	0	0	84.3973	84.3973	2.90615e-05	0	0	0	1.24465	-0.632034	0	1.87669		300	0.260934	0.00694596	0.00694596	-0.0138919	0	0	0	0.260934	0	-0.469668	-153.69	0	26.9754	26.9754	0	7.04502	0	0	0	0	0	0	0	0	0	0	0	0	0	0	0	0	0	0	0	0	0	0	0	0	0	0	0	0	0	0	0	0	0	
1	1	1	232	6.96		300	0	0	0.0116	0.0116	-0.0189192	0	0	0	84.5782	84.5782	2.90803e-05	0	0	0	1.2531	-0.63249	0	1.88559		300	0.262197	0.00698609	0.00698609	-0.0139722	0	0	0	0.262197	0	-0.469668	-153.69	0	26.9754	26.9754	0	7.04502	0	0	0	0	0	0	0	0	0	0	0	0	0	0	0	0	0	0	0	0	0	0	0	0	0	0	0	0	0	0	0	0	0	
1	1	1	233	6.99		300	0	0	0.01165	0.01165	-0.0190101	0	0	0	84.7586	84.7586	2.90989e-05	0	0	0	1.26157	-0.632928	0	1.8945		300	0.26346	0.00702625	0.00702625	-0.0140525	0	0	0	0.26346	0	-0.469668	-153.69	0	26.9754	26.9754	0	7.04502	0	0	0	0	0	0	0	0	0	0	0	0	0	0	0	0	0	0	0	0	0	0	0	0	0	0	0	0	0	0	0	0	0	
1	1	1	234	7.02		300	0	0	0.0117	0.0117	-0.019101	0	0	0	84.9386	84.9386	2.91172e-05	0	0	0	1.27005	-0.633349	0	1.9034		300	0.264724	0.00706643	0.00706643	-0.0141329	0	0	0	0.264724	0	-0.469668	-153.69	0	26.9754	26.9754	0	7.04502	0	0	0	0	0	0	0	0	0	0	0	0	0	0	0	0	0	0	0	0	0	0	0	0	0	0	0	0	0	0	0	0	0	
1	1	1	235	7.05		300	0	0	0.01175	0.01175	-0.0191919	0	0	0	85.1183	85.1183	2.91353e-05	0	0	0	1.27856	-0.633752	0	1.91231		300	0.265987	0.00710663	0.00710663	-0.0142133	0	0	0	0.265987	0	-0.469668	-153.69	0	26.9754	26.9754	0	7.04502	0	0	0	0	0	0	0	0	0	0	0	0	0	0	0	0	0	0	0	0	0	0	0	0	0	0	0	0	0	0	0	0	0	
1	1	1	236	7.08		300	0	0	0.0118	0.0118	-0.0192828	0	0	0	85.2975	85.2975	2.91532e-05	0	0	0	1.28708	-0.634137	0	1.92122		300	0.26725	0.00714685	0.00714685	-0.0142937	0	0	0	0.26725	0	-0.469668	-153.69	0	26.9754	26.9754	0	7.04502	0	0	0	0	0	0	0	0	0	0	0	0	0	0	0	0	0	0	0	0	0	0	0	0	0	0	0	0	0	0	0	0	0	
1	1	1	237	7.11		300	0	0	0.01185	0.01185	-0.0193737	0	0	0	85.4763	85.4763	2.91708e-05	0	0	0	1.29562	-0.634505	0	1.93012		300	0.268514	0.0071871	0.0071871	-0.0143742	0	0	0	0.268514	0	-0.469668	-153.69	0	26.9754	26.9754	0	7.04502	0	0	0	0	0	0	0	0	0	0	0	0	0	0	0	0	0	0	0	0	0	0	0	0	0	0	0	0	0	0	0	0	0	
1	1	1	238	7.14		300	0	0	0.0119	0.0119	-0.0194647	0	0	0	85.6547	85.6547	2.91881e-05	0	0	0	1.30417	-0.634855	0	1.93903		300	0.269777	0.00722736	0.00722736	-0.0144547	0	0	0	0.269777	0	-0.469668	-153.69	0	26.9754	26.9754	0	7.04502	0	0	0	0	0	0	0	0	0	0	0	0	0	0	0	0	0	0	0	0	0	0	0	0	0	0	0	0	0	0	0	0	0	
1	1	1	239	7.17		300	0	0	0.01195	0.01195	-0.0195557	0	0	0	85.8328	85.8328	2.92052e-05	0	0	0	1.31275	-0.635188	0	1.94794		300	0.271041	0.00726765	0.00726765	-0.0145353	0	0	0	0.271041	0	-0.469668	-153.69	0	26.9754	26.9754	0	7.04502	0	0	0	0	0	0	0	0	0	0	0	0	0	0	0	0	0	0	0	0	0	0	0	0	0	0	0	0	0	0	0	0	0	
1	1	1	240	7.2		300	0	0	0.012	0.012	-0.0196467	0	0	0	86.0104	86.0104	2.92221e-05	0	0	0	1.32134	-0.635503	0	1.95684		300	0.272304	0.00730796	0.00730796	-0.0146159	0	0	0	0.272304	0	-0.469668	-153.69	0	26.9754	26.9754	0	7.04502	0	0	0	0	0	0	0	0	0	0	0	0	0	0	0	0	0	0	0	0	0	0	0	0	0	0	0	0	0	0	0	0	0	
1	1	1	241	7.23		300	0	0	0.01205	0.01205	-0.0197377	0	0	0	86.1877	86.1877	2.92387e-05	0	0	0	1.32995	-0.635801	0	1.96575		300	0.273568	0.00734829	0.00734829	-0.0146966	0	0	0	0.273568	0	-0.469668	-153.69	0	26.9754	26.9754	0	7.04502	0	0	0	0	0	0	0	0	0	0	0	0	0	0	0	0	0	0	0	0	0	0	0	0	0	0	0	0	0	0	0	0	0	
1	1	1	242	7.26		300	0	0	0.0121	0.0121	-0.0198288	0	0	0	86.3646	86.3646	2.92551e-05	0	0	0	1.33858	-0.636081	0	1.97466		300	0.274831	0.00738864	0.00738864	-0.0147773	0	0	0	0.274831	0	-0.469668	-153.69	0	26.9754	26.9754	0	7.04502	0	0	0	0	0	0	0	0	0	0	0	0	0	0	0	0	0	0	0	0	0	0	0	0	0	0	0	0	0	0	0	0	0	
1	1	1	243	7.29		300	0	0	0.01215	0.01215	-0.0199198	0	0	0	86.5411	86.5411	2.92713e-05	0	0	0	1.34722	-0.636344	0	1.98357		300	0.276095	0.00742901	0.00742901	-0.014858	0	0	0	0.276095	0	-0.469668	-153.69	0	26.9754	26.9754	0	7.04502	0	0	0	0	0	0	0	0	0	0	0	0	0	0	0	0	0	0	0	0	0	0	0	0	0	0	0	0	0	0	0	0	0	
1	1	1	244	7.32		300	0	0	0.0122	0.0122	-0.0200109	0	0	0	86.7172	86.7172	2.92873e-05	0	0	0	1.35589	-0.636589	0	1.99247		300	0.277359	0.0074694	0.0074694	-0.0149388	0	0	0	0.277359	0	-0.469668	-153.69	0	26.9754	26.9754	0	7.04502	0	0	0	0	0	0	0	0	0	0	0	0	0	0	0	0	0	0	0	0	0	0	0	0	0	0	0	0	0	0	0	0	0	
1	1	1	245	7.35		300	0	0	0.01225	0.01225	-0.020102	0	0	0	86.8929	86.8929	2.93031e-05	0	0	0	1.36457	-0.636817	0	2.00138		300	0.278622	0.00750982	0.00750982	-0.0150196	0	0	0	0.278622	0	-0.469668	-153.69	0	26.9754	26.9754	0	7.04502	0	0	0	0	0	0	0	0	0	0	0	0	0	0	0	0	0	0	0	0	0	0	0	0	0	0	0	0	0	0	0	0	0	
1	1	1	246	7.38		300	0	0	0.0123	0.0123	-0.0201932	0	0	0	87.0683	87.0683	2.93186e-05	0	0	0	1.37326	-0.637027	0	2.01029		300	0.279886	0.00755025	0.00755025	-0.0151005	0	0	0	0.279886	0	-0.469668	-153.69	0	26.9754	26.9754	0	7.04502	0	0	0	0	0	0	0	0	0	0	0	0	0	0	0	0	0	0	0	0	0	0	0	0	0	0	0	0	0	0	0	0	0	
1	1	1	247	7.41		300	0	0	0.01235	0.01235	-0.0202843	0	0	0	87.2434	87.2434	2.9334e-05	0	0	0	1.38198	-0.63722	0	2.0192		300	0.28115	0.0075907	0.0075907	-0.0151814	0	0	0	0.28115	0	-0.469668	-153.69	0	26.9754	26.9754	0	7.04502	0	0	0	0	0	0	0	0	0	0	0	0	0	0	0	0	0	0	0	0	0	0	0	0	0	0	0	0	0	0	0	0	0	
1	1	1	248	7.44		300	0	0	0.0124	0.0124	-0.0203755	0	0	0	87.4181	87.4181	2.93491e-05	0	0	0	1.39071	-0.637395	0	2.02811		300	0.282413	0.00763117	0.00763117	-0.0152623	0	0	0	0.282413	0	-0.469668	-153.69	0	26.9754	26.9754	0	7.04502	0	0	0	0	0	0	0	0	0	0	0	0	0	0	0	0	0	0	0	0	0	0	0	0	0	0	0	0	0	0	0	0	0	
1	1	1	249	7.47		300	0	0	0.01245	0.01245	-0.0204666	0	0	0	87.5924	87.5924	2.9364e-05	0	0	0	1.39946	-0.637553	0	2.03702		300	0.283677	0.00767166	0.00767166	-0.0153433	0	0	0	0.283677	0	-0.469668	-153.69	0	26.9754	26.9754	0	7.04502	0	0	0	0	0	0	0	0	0	0	0	0	0	0	0	0	0	0	0	0	0	0	0	0	0	0	0	0	0	0	0	0	0	
1	1	1	250	7.5		300	0	0	0.0125	0.0125	-0.0205578	0	0	0	87.7663	87.7663	2.93788e-05	0	0	0	1.40823	-0.637694	0	2.04593		300	0.284941	0.00771217	0.00771217	-0.0154243	0	0	0	0.284941	0	-0.469668	-153.69	0	26.9754	26.9754	0	7.04502	0	0	0	0	0	0	0	0	0	0	0	0	0	0	0	0	0	0	0	0	0	0	0	0	0	0	0	0	0	0	0	0	0	
1	1	1	251	7.53		300	0	0	0.01255	0.01255	-0.020649	0	0	0	87.94	87.94	2.93933e-05	0	0	0	1.41702	-0.637817	0	2.05483		300	0.286204	0.0077527	0.0077527	-0.0155054	0	0	0	0.286204	0	-0.469668	-153.69	0	26.9754	26.9754	0	7.04502	0	0	0	0	0	0	0	0	0	0	0	0	0	0	0	0	0	0	0	0	0	0	0	0	0	0	0	0	0	0	0	0	0	
1	1	1	252	7.56		300	0	0	0.0126	0.0126	-0.0207403	0	0	0	88.1132	88.1132	2.94076e-05	0	0	0	1.42582	-0.637923	0	2.06374		300	0.287468	0.00779325	0.00779325	-0.0155865	0	0	0	0.287468	0	-0.469668	-153.69	0	26.9754	26.9754	0	7.04502	0	0	0	0	0	0	0	0	0	0	0	0	0	0	0	0	0	0	0	0	0	0	0	0	0	0	0	0	0	0	0	0	0	
1	1	1	253	7.59		300	0	0	0.01265	0.01265	-0.0208315	0	0	0	88.2862	88.2862	2.94218e-05	0	0	0	1.43464	-0.638012	0	2.07265		300	0.288732	0.00783381	0.00783381	-0.0156676	0	0	0	0.288732	0	-0.469668	-153.69	0	26.9754	26.9754	0	7.04502	0	0	0	0	0	0	0	0	0	0	0	0	0	0	0	0	0	0	0	0	0	0	0	0	0	0	0	0	0	0	0	0	0	
1	1	1	254	7.62		300	0	0	0.0127	0.0127	-0.0209228	0	0	0	88.4588	88.4588	2.94358e-05	0	0	0	1.44348	-0.638083	0	2.08156		300	0.289995	0.0078744	0.0078744	-0.0157488	0	0	0	0.289995	0	-0.469668	-153.69	0	26.9754	26.9754	0	7.04502	0	0	0	0	0	0	0	0	0	0	0	0	0	0	0	0	0	0	0	0	0	0	0	0	0	0	0	0	0	0	0	0	0	
1	1	1	255	7.65		300	0	0	0.01275	0.01275	-0.0210141	0	0	0	88.6311	88.6311	2.94496e-05	0	0	0	1.45233	-0.638137	0	2.09047		300	0.291259	0.007915	0.007915	-0.01583	0	0	0	0.291259	0	-0.469668	-153.69	0	26.9754	26.9754	0	7.04502	0	0	0	0	0	0	0	0	0	0	0	0	0	0	0	0	0	0	0	0	0	0	0	0	0	0	0	0	0	0	0	0	0	
1	1	1	256	7.68		300	0	0	0.0128	0.0128	-0.0211054	0	0	0	88.803	88.803	2.94632e-05	0	0	0	1.4612	-0.638174	0	2.09938		300	0.292523	0.00795562	0.00795562	-0.0159112	0	0	0	0.292523	0	-0.469668	-153.69	0	26.9754	26.9754	0	7.04502	0	0	0	0	0	0	0	0	0	0	0	0	0	0	0	0	0	0	0	0	0	0	0	0	0	0	0	0	0	0	0	0	0	
1	1	1	257	7.71		300	0	0	0.01285	0.01285	-0.0211967	0	0	0	88.9746	88.9746	2.94766e-05	0	0	0	1.47009	-0.638193	0	2.10829		300	0.293787	0.00799626	0.00799626	-0.0159925	0	0	0	0.293787	0	-0.469668	-153.69	0	26.9754	26.9754	0	7.04502	0	0	0	0	0	0	0	0	0	0	0	0	0	0	0	0	0	0	0	0	0	0	0	0	0	0	0	0	0	0	0	0	0	
1	1	1	258	7.74		300	0	0	0.0129	0.0129	-0.021288	0	0	0	89.1459	89.1459	2.94898e-05	0	0	0	1.479	-0.638196	0	2.11719		300	0.29505	0.00803691	0.00803691	-0.0160738	0	0	0	0.29505	0	-0.469668	-153.69	0	26.9754	26.9754	0	7.04502	0	0	0	0	0	0	0	0	0	0	0	0	0	0	0	0	0	0	0	0	0	0	0	0	0	0	0	0	0	0	0	0	0	
1	1	1	259	7.77		300	0	0	0.01295	0.01295	-0.0213794	0	0	0	89.3169	89.3169	2.95029e-05	0	0	0	1.48792	-0.638181	0	2.1261		300	0.296314	0.00807759	0.00807759	-0.0161552	0	0	0	0.296314	0	-0.469668	-153.69	0	26.9754	26.9754	0	7.04502	0	0	0	0	0	0	0	0	0	0	0	0	0	0	0	0	0	0	0	0	0	0	0	0	0	0	0	0	0	0	0	0	0	
1	1	1	260	7.8		300	0	0	0.013	0.013	-0.0214707	0	0	0	89.4875	89.4875	2.95158e-05	0	0	0	1.49686	-0.638148	0	2.13501		300	0.297577	0.00811828	0.00811828	-0.0162366	0	0	0	0.297577	0	-0.469668	-153.69	0	26.9754	26.9754	0	7.04502	0	0	0	0	0	0	0	0	0	0	0	0	0	0	0	0	0	0	0	0	0	0	0	0	0	0	0	0	0	0	0	0	0	
1	1	1	261	7.83		300	0	0	0.01305	0.01305	-0.0215621	0	0	0	89.6579	89.6579	2.95285e-05	0	0	0	1.50582	-0.638099	0	2.14392		300	0.298841	0.00815898	0.00815898	-0.016318	0	0	0	0.298841	0	-0.469668	-153.69	0	26.9754	26.9754	0	7.04502	0	0	0	0	0	0	0	0	0	0	0	0	0	0	0	0	0	0	0	0	0	0	0	0	0	0	0	0	0	0	0	0	0	
1	1	1	262	7.86		300	0	0	0.0131	0.0131	-0.0216535	0	0	0	89.8279	89.8279	2.95411e-05	0	0	0	1.51479	-0.638032	0	2.15282		300	0.300105	0.00819971	0.00819971	-0.0163994	0	0	0	0.300105	0	-0.469668	-153.69	0	26.9754	26.9754	0	7.04502	0	0	0	0	0	0	0	0	0	0	0	0	0	0	0	0	0	0	0	0	0	0	0	0	0	0	0	0	0	0	0	0	0	
1	1	1	263	7.89		300	0	0	0.01315	0.01315	-0.0217449	0	0	0	89.9976	89.9976	2.95535e-05	0	0	0	1.52378	-0.637948	0	2.16173		300	0.301368	0.00824045	0.00824045	-0.0164809	0	0	0	0.301368	0	-0.469668	-153.69	0	26.9754	26.9754	0	7.04502	0	0	0	0	0	0	0	0	0	0	0	0	0	0	0	0	0	0	0	0	0	0	0	0	0	0	0	0	0	0	0	0	0	
1	1	1	264	7.92		300	0	0	0.0132	0.0132	-0.0218363	0	0	0	90.167	90.167	2.95658e-05	0	0	0	1.53279	-0.637847	0	2.17064		300	0.302632	0.00828121	0.00828121	-0.0165624	0	0	0	0.302632	0	-0.469668	-153.69	0	26.9754	26.9754	0	7.04502	0	0	0	0	0	0	0	0	0	0	0	0	0	0	0	0	0	0	0	0	0	0	0	0	0	0	0	0	0	0	0	0	0	
1	1	1	265	7.95		300	0	0	0.01325	0.01325	-0.0219278	0	0	0	90.3361	90.3361	2.95779e-05	0	0	0	1.54182	-0.637729	0	2.17955		300	0.303895	0.00832198	0.00832198	-0.016644	0	0	0	0.303895	0	-0.469668	-153.69	0	26.9754	26.9754	0	7.04502	0	0	0	0	0	0	0	0	0	0	0	0	0	0	0	0	0	0	0	0	0	0	0	0	0	0	0	0	0	0	0	0	0	
1	1	1	266	7.98		300	0	0	0.0133	0.0133	-0.0220192	0	0	0	90.505	90.505	2.95898e-05	0	0	0	1.55086	-0.637594	0	2.18845		300	0.305159	0.00836277	0.00836277	-0.0167255	0	0	0	0.305159	0	-0.469668	-153.69	0	26.9754	26.9754	0	7.04502	0	0	0	0	0	0	0	0	0	0	0	0	0	0	0	0	0	0	0	0	0	0	0	0	0	0	0	0	0	0	0	0	0	
1	1	1	267	8.01		300	0	0	0.01335	0.01335	-0.0221107	0	0	0	90.6735	90.6735	2.96016e-05	0	0	0	1.55992	-0.637441	0	2.19736		300	0.306422	0.00840358	0.00840358	-0.0168072	0	0	0	0.306422	0	-0.469668	-153.69	0	26.9754	26.9754	0	7.04502	0	0	0	0	0	0	0	0	0	0	0	0	0	0	0	0	0	0	0	0	0	0	0	0	0	0	0	0	0	0	0	0	0	
1	1	1	268	8.04		300	0	0	0.0134	0.0134	-0.0222022	0	0	0	90.8417	90.8417	2.96132e-05	0	0	0	1.56899	-0.637272	0	2.20627		300	0.307685	0.0084444	0.0084444	-0.0168888	0	0	0	0.307685	0	-0.469668	-153.69	0	26.9754	26.9754	0	7.04502	0	0	0	0	0	0	0	0	0	0	0	0	0	0	0	0	0	0	0	0	0	0	0	0	0	0	0	0	0	0	0	0	0	
1	1	1	269	8.07		300	0	0	0.01345	0.01345	-0.0222937	0	0	0	91.0097	91.0097	2.96247e-05	0	0	0	1.57809	-0.637085	0	2.21517		300	0.308949	0.00848524	0.00848524	-0.0169705	0	0	0	0.308949	0	-0.469668	-153.69	0	26.9754	26.9754	0	7.04502	0	0	0	0	0	0	0	0	0	0	0	0	0	0	0	0	0	0	0	0	0	0	0	0	0	0	0	0	0	0	0	0	0	
1	1	1	270	8.1		300	0	0	0.0135	0.0135	-0.0223852	0	0	0	91.1773	91.1773	2.9636e-05	0	0	0	1.5872	-0.636881	0	2.22408		300	0.310212	0.00852609	0.00852609	-0.0170522	0	0	0	0.310212	0	-0.469668	-153.69	0	26.9754	26.9754	0	7.04502	0	0	0	0	0	0	0	0	0	0	0	0	0	0	0	0	0	0	0	0	0	0	0	0	0	0	0	0	0	0	0	0	0	
1	1	1	271	8.13		300	0	0	0.01355	0.01355	-0.0224767	0	0	0	91.3447	91.3447	2.96472e-05	0	0	0	1.59632	-0.636661	0	2.23298		300	0.311475	0.00856696	0.00856696	-0.0171339	0	0	0	0.311475	0	-0.469668	-153.69	0	26.9754	26.9754	0	7.04502	0	0	0	0	0	0	0	0	0	0	0	0	0	0	0	0	0	0	0	0	0	0	0	0	0	0	0	0	0	0	0	0	0	
1	1	1	272	8.16		300	0	0	0.0136	0.0136	-0.0225683	0	0	0	91.5118	91.5118	2.96582e-05	0	0	0	1.60546	-0.636423	0	2.24189		300	0.312738	0.00860785	0.00860785	-0.0172157	0	0	0	0.312738	0	-0.469668	-153.69	0	26.9754	26.9754	0	7.04502	0	0	0	0	0	0	0	0	0	0	0	0	0	0	0	0	0	0	0	0	0	0	0	0	0	0	0	0	0	0	0	0	0	
1	1	1	273	8.19		300	0	0	0.01365	0.01365	-0.0226598	0	0	0	91.6786	91.6786	2.96691e-05	0	0	0	1.61462	-0.636168	0	2.25079		300	0.314002	0.00864875	0.00864875	-0.0172975	0	0	0	0.314002	0	-0.469668	-153.69	0	26.9754	26.9754	0	7.04502	0	0	0	0	0	0	0	0	0	0	0	0	0	0	0	0	0	0	0	0	0	0	0	0	0	0	0	0	0	0	0	0	0	
1	1	1	274	8.22		300	0	0	0.0137	0.0137	-0.0227514	0	0	0	91.8452	91.8452	2.96799e-05	0	0	0	1.6238	-0.635896	0	2.2597		300	0.315265	0.00868966	0.00868966	-0.0173793	0	0	0	0.315265	0	-0.469668	-153.69	0	26.9754	26.9754	0	7.04502	0	0	0	0	0	0	0	0	0	0	0	0	0	0	0	0	0	0	0	0	0	0	0	0	0	0	0	0	0	0	0	0	0	
1	1	1	275	8.25		300	0	0	0.01375	0.01375	-0.022843	0	0	0	92.0114	92.0114	2.96905e-05	0	0	0	1.63299	-0.635607	0	2.2686		300	0.316528	0.00873059	0.00873059	-0.0174612	0	0	0	0.316528	0	-0.469668	-153.69	0	26.9754	26.9754	0	7.04502	0	0	0	0	0	0	0	0	0	0	0	0	0	0	0	0	0	0	0	0	0	0	0	0	0	0	0	0	0	0	0	0	0	
1	1	1	276	8.28		300	0	0	0.0138	0.0138	-0.0229346	0	0	0	92.1774	92.1774	2.9701e-05	0	0	0	1.6422	-0.635301	0	2.2775		300	0.317791	0.00877154	0.00877154	-0.0175431	0	0	0	0.317791	0	-0.469668	-153.69	0	26.9754	26.9754	0	7.04502	0	0	0	0	0	0	0	0	0	0	0	0	0	0	0	0	0	0	0	0	0	0	0	0	0	0	0	0	0	0	0	0	0	
1	1	1	277	8.31		300	0	0	0.01385	0.01385	-0.0230262	0	0	0	92.3432	92.3432	2.97114e-05	0	0	0	1.65143	-0.634978	0	2.28641		300	0.319054	0.0088125	0.0088125	-0.017625	0	0	0	0.319054	0	-0.469668	-153.69	0	26.9754	26.9754	0	7.04502	0	0	0	0	0	0	0	0	0	0	0	0	0	0	0	0	0	0	0	0	0	0	0	0	0	0	0	0	0	0	0	0	0	
1	1	1	278	8.34		300	0	0	0.0139	0.0139	-0.0231178	0	0	0	92.5086	92.5086	2.97216e-05	0	0	0	1.66067	-0.634638	0	2.29531		300	0.320316	0.00885347	0.00885347	-0.0177069	0	0	0	0.320316	0	-0.469668	-153.69	0	26.9754	26.9754	0	7.04502	0	0	0	0	0	0	0	0	0	0	0	0	0	0	0	0	0	0	0	0	0	0	0	0	0	0	0	0	0	0	0	0	0	
1	1	1	279	8.37		300	0	0	0.01395	0.01395	-0.0232094	0	0	0	92.6738	92.6738	2.97317e-05	0	0	0	1.66993	-0.634281	0	2.30421		300	0.321579	0.00889446	0.00889446	-0.0177889	0	0	0	0.321579	0	-0.469668	-153.69	0	26.9754	26.9754	0	7.04502	0	0	0	0	0	0	0	0	0	0	0	0	0	0	0	0	0	0	0	0	0	0	0	0	0	0	0	0	0	0	0	0	0	
1	1	1	280	8.4		300	0	0	0.014	0.014	-0.0233011	0	0	0	92.8388	92.8388	2.97417e-05	0	0	0	1.67921	-0.633907	0	2.31311		300	0.322842	0.00893546	0.00893546	-0.0178709	0	0	0	0.322842	0	-0.469668	-153.69	0	26.9754	26.9754	0	7.04502	0	0	0	0	0	0	0	0	0	0	0	0	0	0	0	0	0	0	0	0	0	0	0	0	0	0	0	0	0	0	0	0	0	
1	1	1	281	8.43		300	0	0	0.01405	0.01405	-0.0233928	0	0	0	93.0035	93.0035	2.97516e-05	0	0	0	1.6885	-0.633516	0	2.32201		300	0.324105	0.00897647	0.00897647	-0.0179529	0	0	0	0.324105	0	-0.469668	-153.69	0	26.9754	26.9754	0	7.04502	0	0	0	0	0	0	0	0	0	0	0	0	0	0	0	0	0	0	0	0	0	0	0	0	0	0	0	0	0	0	0	0	0	
1	1	1	282	8.46		300	0	0	0.0141	0.0141	-0.0234844	0	0	0	93.1679	93.1679	2.97613e-05	0	0	0	1.69781	-0.633109	0	2.33092		300	0.325367	0.0090175	0.0090175	-0.018035	0	0	0	0.325367	0	-0.469668	-153.69	0	26.9754	26.9754	0	7.04502	0	0	0	0	0	0	0	0	0	0	0	0	0	0	0	0	0	0	0	0	0	0	0	0	0	0	0	0	0	0	0	0	0	
1	1	1	283	8.49		300	0	0	0.01415	0.01415	-0.0235761	0	0	0	93.3321	93.3321	2.97709e-05	0	0	0	1.70713	-0.632684	0	2.33982		300	0.32663	0.00905855	0.00905855	-0.0181171	0	0	0	0.32663	0	-0.469668	-153.69	0	26.9754	26.9754	0	7.04502	0	0	0	0	0	0	0	0	0	0	0	0	0	0	0	0	0	0	0	0	0	0	0	0	0	0	0	0	0	0	0	0	0	
1	1	1	284	8.52		300	0	0	0.0142	0.0142	-0.0236678	0	0	0	93.4961	93.4961	2.97804e-05	0	0	0	1.71647	-0.632242	0	2.34872		300	0.327892	0.0090996	0.0090996	-0.0181992	0	0	0	0.327892	0	-0.469668	-153.69	0	26.9754	26.9754	0	7.04502	0	0	0	0	0	0	0	0	0	0	0	0	0	0	0	0	0	0	0	0	0	0	0	0	0	0	0	0	0	0	0	0	0	
1	1	1	285	8.55		300	0	0	0.01425	0.01425	-0.0237595	0	0	0	93.6598	93.6598	2.97898e-05	0	0	0	1.72583	-0.631784	0	2.35761		300	0.329155	0.00914067	0.00914067	-0.0182813	0	0	0	0.329155	0	-0.469668	-153.69	0	26.9754	26.9754	0	7.04502	0	0	0	0	0	0	0	0	0	0	0	0	0	0	0	0	0	0	0	0	0	0	0	0	0	0	0	0	0	0	0	0	0	
1	1	1	286	8.58		300	0	0	0.0143	0.0143	-0.0238513	0	0	0	93.8232	93.8232	2.9799e-05	0	0	0	1.73521	-0.631309	0	2.36651		300	0.330417	0.00918175	0.00918175	-0.0183635	0	0	0	0.330417	0	-0.469668	-153.69	0	26.9754	26.9754	0	7.04502	0	0	0	0	0	0	0	0	0	0	0	0	0	0	0	0	0	0	0	0	0	0	0	0	0	0	0	0	0	0	0	0	0	
1	1	1	287	8.61		300	0	0	0.01435	0.01435	-0.023943	0	0	0	93.9865	93.9865	2.98082e-05	0	0	0	1.7446	-0.630816	0	2.37541		300	0.331679	0.00922285	0.00922285	-0.0184457	0	0	0	0.331679	0	-0.469668	-153.69	0	26.9754	26.9754	0	7.04502	0	0	0	0	0	0	0	0	0	0	0	0	0	0	0	0	0	0	0	0	0	0	0	0	0	0	0	0	0	0	0	0	0	
1	1	1	288	8.64		300	0	0	0.0144	0.0144	-0.0240348	0	0	0	94.1494	94.1494	2.98172e-05	0	0	0	1.754	-0.630307	0	2.38431		300	0.332941	0.00926396	0.00926396	-0.0185279	0	0	0	0.332941	0	-0.469668	-153.69	0	26.9754	26.9754	0	7.04502	0	0	0	0	0	0	0	0	0	0	0	0	0	0	0	0	0	0	0	0	0	0	0	0	0	0	0	0	0	0	0	0	0	
1	1	1	289	8.67		300	0	0	0.01445	0.01445	-0.0241265	0	0	0	94.3122	94.3122	2.98261e-05	0	0	0	1.76343	-0.629781	0	2.39321		300	0.334203	0.00930508	0.00930508	-0.0186102	0	0	0	0.334203	0	-0.469668	-153.69	0	26.9754	26.9754	0	7.04502	0	0	0	0	0	0	0	0	0	0	0	0	0	0	0	0	0	0	0	0	0	0	0	0	0	0	0	0	0	0	0	0	0	
1	1	1	290	8.7		300	0	0	0.0145	0.0145	-0.0242183	0	0	0	94.4747	94.4747	2.98349e-05	0	0	0	1.77286	-0.629238	0	2.4021		300	0.335465	0.00934622	0.00934622	-0.0186924	0	0	0	0.335465	0	-0.469668	-153.69	0	26.9754	26.9754	0	7.04502	0	0	0	0	0	0	0	0	0	0	0	0	0	0	0	0	0	0	0	0	0	0	0	0	0	0	0	0	0	0	0	0	0	
1	1	1	291	8.73		300	0	0	0.01455	0.01455	-0.0243101	0	0	0	94.637	94.637	2.98436e-05	0	0	0	1.78232	-0.628679	0	2.411		300	0.336727	0.00938736	0.00938736	-0.0187747	0	0	0	0.336727	0	-0.469668	-153.69	0	26.9754	26.9754	0	7.04502	0	0	0	0	0	0	0	0	0	0	0	0	0	0	0	0	0	0	0	0	0	0	0	0	0	0	0	0	0	0	0	0	0	
1	1	1	292	8.76		300	0	0	0.0146	0.0146	-0.0244019	0	0	0	94.799	94.799	2.98522e-05	0	0	0	1.79179	-0.628102	0	2.41989		300	0.337989	0.00942852	0.00942852	-0.018857	0	0	0	0.337989	0	-0.469668	-153.69	0	26.9754	26.9754	0	7.04502	0	0	0	0	0	0	0	0	0	0	0	0	0	0	0	0	0	0	0	0	0	0	0	0	0	0	0	0	0	0	0	0	0	
1	1	1	293	8.79		300	0	0	0.01465	0.01465	-0.0244937	0	0	0	94.9609	94.9609	2.98607e-05	0	0	0	1.80128	-0.627509	0	2.42879		300	0.339251	0.0094697	0.0094697	-0.0189394	0	0	0	0.339251	0	-0.469668	-153.69	0	26.9754	26.9754	0	7.04502	0	0	0	0	0	0	0	0	0	0	0	0	0	0	0	0	0	0	0	0	0	0	0	0	0	0	0	0	0	0	0	0	0	
1	1	1	294	8.82		300	0	0	0.0147	0.0147	-0.0245855	0	0	0	95.1225	95.1225	2.9869e-05	0	0	0	1.81078	-0.626899	0	2.43768		300	0.340513	0.00951088	0.00951088	-0.0190218	0	0	0	0.340513	0	-0.469668	-153.69	0	26.9754	26.9754	0	7.04502	0	0	0	0	0	0	0	0	0	0	0	0	0	0	0	0	0	0	0	0	0	0	0	0	0	0	0	0	0	0	0	0	0	
1	1	1	295	8.85		300	0	0	0.01475	0.01475	-0.0246773	0	0	0	95.2838	95.2838	2.98773e-05	0	0	0	1.8203	-0.626272	0	2.44658		300	0.341774	0.00955208	0.00955208	-0.0191042	0	0	0	0.341774	0	-0.469668	-153.69	0	26.9754	26.9754	0	7.04502	0	0	0	0	0	0	0	0	0	0	0	0	0	0	0	0	0	0	0	0	0	0	0	0	0	0	0	0	0	0	0	0	0	
1	1	1	296	8.88		300	0	0	0.0148	0.0148	-0.0247692	0	0	0	95.445	95.445	2.98855e-05	0	0	0	1.82984	-0.625629	0	2.45547		300	0.343036	0.00959328	0.00959328	-0.0191866	0	0	0	0.343036	0	-0.469668	-153.69	0	26.9754	26.9754	0	7.04502	0	0	0	0	0	0	0	0	0	0	0	0	0	0	0	0	0	0	0	0	0	0	0	0	0	0	0	0	0	0	0	0	0	
1	1	1	297	8.91		300	0	0	0.01485	0.01485	-0.024861	0	0	0	95.606	95.606	2.98935e-05	0	0	0	1.83939	-0.624969	0	2.46436		300	0.344297	0.0096345	0.0096345	-0.019269	0	0	0	0.344297	0	-0.469668	-153.69	0	26.9754	26.9754	0	7.04502	0	0	0	0	0	0	0	0	0	0	0	0	0	0	0	0	0	0	0	0	0	0	0	0	0	0	0	0	0	0	0	0	0	
1	1	1	298	8.94		300	0	0	0.0149	0.0149	-0.0249529	0	0	0	95.7667	95.7667	2.99015e-05	0	0	0	1.84896	-0.624291	0	2.47325		300	0.345558	0.00967574	0.00967574	-0.0193515	0	0	0	0.345558	0	-0.469668	-153.69	0	26.9754	26.9754	0	7.04502	0	0	0	0	0	0	0	0	0	0	0	0	0	0	0	0	0	0	0	0	0	0	0	0	0	0	0	0	0	0	0	0	0	
1	1	1	299	8.97		300	0	0	0.01495	0.01495	-0.0250448	0	0	0	95.9272	95.9272	2.99094e-05	0	0	0	1.85855	-0.623598	0	2.48214		300	0.34682	0.00971698	0.00971698	-0.019434	0	0	0	0.34682	0	-0.469668	-153.69	0	26.9754	26.9754	0	7.04502	0	0	0	0	0	0	0	0	0	0	0	0	0	0	0	0	0	0	0	0	0	0	0	0	0	0	0	0	0	0	0	0	0	
1	1	1	300	9		300	0	0	0.015	0.015	-0.0251367	0	0	0	96.0875	96.0875	2.99172e-05	0	0	0	1.86815	-0.622887	0	2.49103		300	0.348081	0.00975823	0.00975823	-0.0195165	0	0	0	0.348081	0	-0.469668	-153.69	0	26.9754	26.9754	0	7.04502	0	0	0	0	0	0	0	0	0	0	0	0	0	0	0	0	0	0	0	0	0	0	0	0	0	0	0	0	0	0	0	0	0	
1	1	1	301	9.03		300	0	0	0.01505	0.01505	-0.0252286	0	0	0	96.2476	96.2476	2.99249e-05	0	0	0	1.87776	-0.62216	0	2.49992		300	0.349342	0.0097995	0.0097995	-0.019599	0	0	0	0.349342	0	-0.469668	-153.69	0	26.9754	26.9754	0	7.04502	0	0	0	0	0	0	0	0	0	0	0	0	0	0	0	0	0	0	0	0	0	0	0	0	0	0	0	0	0	0	0	0	0	
1	1	1	302	9.06		300	0	0	0.0151	0.0151	-0.0253205	0	0	0	96.4075	96.4075	2.99324e-05	0	0	0	1.8874	-0.621416	0	2.50881		300	0.350603	0.00984078	0.00984078	-0.0196816	0	0	0	0.350603	0	-0.469668	-153.69	0	26.9754	26.9754	0	7.04502	0	0	0	0	0	0	0	0	0	0	0	0	0	0	0	0	0	0	0	0	0	0	0	0	0	0	0	0	0	0	0	0	0	
1	1	1	303	9.09		300	0	0	0.01515	0.01515	-0.0254124	0	0	0	96.5672	96.5672	2.99399e-05	0	0	0	1.89705	-0.620655	0	2.5177		300	0.351863	0.00988206	0.00988206	-0.0197641	0	0	0	0.351863	0	-0.469668	-153.69	0	26.9754	26.9754	0	7.04502	0	0	0	0	0	0	0	0	0	0	0	0	0	0	0	0	0	0	0	0	0	0	0	0	0	0	0	0	0	0	0	0	0	
1	1	1	304	9.12		300	0	0	0.0152	0.0152	-0.0255043	0	0	0	96.7267	96.7267	2.99473e-05	0	0	0	1.90671	-0.619878	0	2.52659		300	0.353124	0.00992336	0.00992336	-0.0198467	0	0	0	0.353124	0	-0.469668	-153.69	0	26.9754	26.9754	0	7.04502	0	0	0	0	0	0	0	0	0	0	0	0	0	0	0	0	0	0	0	0	0	0	0	0	0	0	0	0	0	0	0	0	0	
1	1	1	305	9.15		300	0	0	0.01525	0.01525	-0.0255963	0	0	0	96.886	96.886	2.99547e-05	0	0	0	1.91639	-0.619084	0	2.53547		300	0.354385	0.00996467	0.00996467	-0.0199293	0	0	0	0.354385	0	-0.469668	-153.69	0	26.9754	26.9754	0	7.04502	0	0	0	0	0	0	0	0	0	0	0	0	0	0	0	0	0	0	0	0	0	0	0	0	0	0	0	0	0	0	0	0	0	
1	1	1	306	9.18		300	0	0	0.0153	0.0153	-0.0256882	0	0	0	97.0451	97.0451	2.99619e-05	0	0	0	1.92609	-0.618273	0	2.54436		300	0.355645	0.010006	0.010006	-0.020012	0	0	0	0.355645	0	-0.469668	-153.69	0	26.9754	26.9754	0	7.04502	0	0	0	0	0	0	0	0	0	0	0	0	0	0	0	0	0	0	0	0	0	0	0	0	0	0	0	0	0	0	0	0	0	
1	1	1	307	9.21		300	0	0	0.01535	0.01535	-0.0257802	0	0	0	97.204	97.204	2.9969e-05	0	0	0	1.9358	-0.617445	0	2.55325		300	0.356906	0.0100473	0.0100473	-0.0200946	0	0	0	0.356906	0	-0.469668	-153.69	0	26.9754	26.9754	0	7.04502	0	0	0	0	0	0	0	0	0	0	0	0	0	0	0	0	0	0	0	0	0	0	0	0	0	0	0	0	0	0	0	0	0	
1	1	1	308	9.24		300	0	0	0.0154	0.0154	-0.0258721	0	0	0	97.3628	97.3628	2.99761e-05	0	0	0	1.94553	-0.616601	0	2.56213		300	0.358166	0.0100887	0.0100887	-0.0201773	0	0	0	0.358166	0	-0.469668	-153.69	0	26.9754	26.9754	0	7.04502	0	0	0	0	0	0	0	0	0	0	0	0	0	0	0	0	0	0	0	0	0	0	0	0	0	0	0	0	0	0	0	0	0	
1	1	1	309	9.27		300	0	0	0.01545	0.01545	-0.0259641	0	0	0	97.5213	97.5213	2.9983e-05	0	0	0	1.95527	-0.615741	0	2.57101		300	0.359426	0.01013	0.01013	-0.02026	0	0	0	0.359426	0	-0.469668	-153.69	0	26.9754	26.9754	0	7.04502	0	0	0	0	0	0	0	0	0	0	0	0	0	0	0	0	0	0	0	0	0	0	0	0	0	0	0	0	0	0	0	0	0	
1	1	1	310	9.3		300	0	0	0.0155	0.0155	-0.0260561	0	0	0	97.6796	97.6796	2.99899e-05	0	0	0	1.96503	-0.614863	0	2.5799		300	0.360686	0.0101714	0.0101714	-0.0203428	0	0	0	0.360686	0	-0.469668	-153.69	0	26.9754	26.9754	0	7.04502	0	0	0	0	0	0	0	0	0	0	0	0	0	0	0	0	0	0	0	0	0	0	0	0	0	0	0	0	0	0	0	0	0	
1	1	1	311	9.33		300	0	0	0.01555	0.01555	-0.0261481	0	0	0	97.8378	97.8378	2.99967e-05	0	0	0	1.97481	-0.613969	0	2.58878		300	0.361946	0.0102128	0.0102128	-0.0204255	0	0	0	0.361946	0	-0.469668	-153.69	0	26.9754	26.9754	0	7.04502	0	0	0	0	0	0	0	0	0	0	0	0	0	0	0	0	0	0	0	0	0	0	0	0	0	0	0	0	0	0	0	0	0	
1	1	1	312	9.36		300	0	0	0.0156	0.0156	-0.0262401	0	0	0	97.9957	97.9957	3.00034e-05	0	0	0	1.9846	-0.613059	0	2.59766		300	0.363206	0.0102541	0.0102541	-0.0205083	0	0	0	0.363206	0	-0.469668	-153.69	0	26.9754	26.9754	0	7.04502	0	0	0	0	0	0	0	0	0	0	0	0	0	0	0	0	0	0	0	0	0	0	0	0	0	0	0	0	0	0	0	0	0	
1	1	1	313	9.39		300	0	0	0.01565	0.01565	-0.0263321	0	0	0	98.1535	98.1535	3.001e-05	0	0	0	1.99441	-0.612132	0	2.60654		300	0.364466	0.0102955	0.0102955	-0.0205911	0	0	0	0.364466	0	-0.469668	-153.69	0	26.9754	26.9754	0	7.04502	0	0	0	0	0	0	0	0	0	0	0	0	0	0	0	0	0	0	0	0	0	0	0	0	0	0	0	0	0	0	0	0	0	
1	1	1	314	9.42		300	0	0	0.0157	0.0157	-0.0264241	0	0	0	98.3111	98.3111	3.00166e-05	0	0	0	2.00423	-0.611188	0	2.61542		300	0.365725	0.0103369	0.0103369	-0.0206739	0	0	0	0.365725	0	-0.469668	-153.69	0	26.9754	26.9754	0	7.04502	0	0	0	0	0	0	0	0	0	0	0	0	0	0	0	0	0	0	0	0	0	0	0	0	0	0	0	0	0	0	0	0	0	
1	1	1	315	9.45		300	0	0	0.01575	0.01575	-0.0265162	0	0	0	98.4686	98.4686	3.00231e-05	0	0	0	2.01407	-0.610227	0	2.6243		300	0.366985	0.0103783	0.0103783	-0.0207567	0	0	0	0.366985	0	-0.469668	-153.69	0	26.9754	26.9754	0	7.04502	0	0	0	0	0	0	0	0	0	0	0	0	0	0	0	0	0	0	0	0	0	0	0	0	0	0	0	0	0	0	0	0	0	
1	1	1	316	9.48		300	0	0	0.0158	0.0158	-0.0266082	0	0	0	98.6258	98.6258	3.00295e-05	0	0	0	2.02392	-0.60925	0	2.63318		300	0.368244	0.0104198	0.0104198	-0.0208395	0	0	0	0.368244	0	-0.469668	-153.69	0	26.9754	26.9754	0	7.04502	0	0	0	0	0	0	0	0	0	0	0	0	0	0	0	0	0	0	0	0	0	0	0	0	0	0	0	0	0	0	0	0	0	
1	1	1	317	9.51		300	0	0	0.01585	0.01585	-0.0267002	0	0	0	98.7829	98.7829	3.00358e-05	0	0	0	2.0338	-0.608257	0	2.64205		300	0.369503	0.0104612	0.0104612	-0.0209224	0	0	0	0.369503	0	-0.469668	-153.69	0	26.9754	26.9754	0	7.04502	0	0	0	0	0	0	0	0	0	0	0	0	0	0	0	0	0	0	0	0	0	0	0	0	0	0	0	0	0	0	0	0	0	
1	1	1	318	9.54		300	0	0	0.0159	0.0159	-0.0267923	0	0	0	98.9398	98.9398	3.0042e-05	0	0	0	2.04368	-0.607247	0	2.65093		300	0.370762	0.0105026	0.0105026	-0.0210053	0	0	0	0.370762	0	-0.469668	-153.69	0	26.9754	26.9754	0	7.04502	0	0	0	0	0	0	0	0	0	0	0	0	0	0	0	0	0	0	0	0	0	0	0	0	0	0	0	0	0	0	0	0	0	
1	1	1	319	9.57		300	0	0	0.01595	0.01595	-0.0268844	0	0	0	99.0965	99.0965	3.00482e-05	0	0	0	2.05358	-0.60622	0	2.6598		300	0.372021	0.0105441	0.0105441	-0.0210882	0	0	0	0.372021	0	-0.469668	-153.69	0	26.9754	26.9754	0	7.04502	0	0	0	0	0	0	0	0	0	0	0	0	0	0	0	0	0	0	0	0	0	0	0	0	0	0	0	0	0	0	0	0	0	
1	1	1	320	9.6		300	0	0	0.016	0.016	-0.0269764	0	0	0	99.2531	99.2531	3.00543e-05	0	0	0	2.0635	-0.605176	0	2.66868		300	0.37328	0.0105855	0.0105855	-0.0211711	0	0	0	0.37328	0	-0.469668	-153.69	0	26.9754	26.9754	0	7.04502	0	0	0	0	0	0	0	0	0	0	0	0	0	0	0	0	0	0	0	0	0	0	0	0	0	0	0	0	0	0	0	0	0	
1	1	1	321	9.63		300	0	0	0.01605	0.01605	-0.0270685	0	0	0	99.4095	99.4095	3.00603e-05	0	0	0	2.07343	-0.604117	0	2.67755		300	0.374539	0.010627	0.010627	-0.021254	0	0	0	0.374539	0	-0.469668	-153.69	0	26.9754	26.9754	0	7.04502	0	0	0	0	0	0	0	0	0	0	0	0	0	0	0	0	0	0	0	0	0	0	0	0	0	0	0	0	0	0	0	0	0	
1	1	1	322	9.66		300	0	0	0.0161	0.0161	-0.0271606	0	0	0	99.5657	99.5657	3.00662e-05	0	0	0	2.08338	-0.60304	0	2.68642		300	0.375797	0.0106685	0.0106685	-0.021337	0	0	0	0.375797	0	-0.469668	-153.69	0	26.9754	26.9754	0	7.04502	0	0	0	0	0	0	0	0	0	0	0	0	0	0	0	0	0	0	0	0	0	0	0	0	0	0	0	0	0	0	0	0	0	
1	1	1	323	9.69		300	0	0	0.01615	0.01615	-0.0272527	0	0	0	99.7218	99.7218	3.00721e-05	0	0	0	2.09335	-0.601947	0	2.69529		300	0.377056	0.01071	0.01071	-0.02142	0	0	0	0.377056	0	-0.469668	-153.69	0	26.9754	26.9754	0	7.04502	0	0	0	0	0	0	0	0	0	0	0	0	0	0	0	0	0	0	0	0	0	0	0	0	0	0	0	0	0	0	0	0	0	
1	1	1	324	9.72		300	0	0	0.0162	0.0162	-0.0273448	0	0	0	99.8777	99.8777	3.00779e-05	0	0	0	2.10333	-0.600838	0	2.70416		300	0.378314	0.0107515	0.0107515	-0.0215029	0	0	0	0.378314	0	-0.469668	-153.69	0	26.9754	26.9754	0	7.04502	0	0	0	0	0	0	0	0	0	0	0	0	0	0	0	0	0	0	0	0	0	0	0	0	0	0	0	0	0	0	0	0	0	
1	1	1	325	9.75		300	0	0	0.01625	0.01625	-0.027437	0	0	0	100.033	100.033	3.00836e-05	0	0	0	2.11332	-0.599712	0	2.71303		300	0.379572	0.010793	0.010793	-0.0215859	0	0	0	0.379572	0	-0.469668	-153.69	0	26.9754	26.9754	0	7.04502	0	0	0	0	0	0	0	0	0	0	0	0	0	0	0	0	0	0	0	0	0	0	0	0	0	0	0	0	0	0	0	0	0	
1	1	1	326	9.78		300	0	0	0.0163	0.0163	-0.0275291	0	0	0	100.189	100.189	3.00893e-05	0	0	0	2.12333	-0.598569	0	2.7219		300	0.38083	0.0108345	0.0108345	-0.021669	0	0	0	0.38083	0	-0.469668	-153.69	0	26.9754	26.9754	0	7.04502	0	0	0	0	0	0	0	0	0	0	0	0	0	0	0	0	0	0	0	0	0	0	0	0	0	0	0	0	0	0	0	0	0	
1	1	1	327	9.81		300	0	0	0.01635	0.01635	-0.0276212	0	0	0	100.345	100.345	3.00949e-05	0	0	0	2.13336	-0.597411	0	2.73077		300	0.382088	0.010876	0.010876	-0.021752	0	0	0	0.382088	0	-0.469668	-153.69	0	26.9754	26.9754	0	7.04502	0	0	0	0	0	0	0	0	0	0	0	0	0	0	0	0	0	0	0	0	0	0	0	0	0	0	0	0	0	0	0	0	0	
1	1	1	328	9.84		300	0	0	0.0164	0.0164	-0.0277133	0	0	0	100.5	100.5	3.01004e-05	0	0	0	2.1434	-0.596235	0	2.73964		300	0.383346	0.0109175	0.0109175	-0.0218351	0	0	0	0.383346	0	-0.469668	-153.69	0	26.9754	26.9754	0	7.04502	0	0	0	0	0	0	0	0	0	0	0	0	0	0	0	0	0	0	0	0	0	0	0	0	0	0	0	0	0	0	0	0	0	
1	1	1	329	9.87		300	0	0	0.01645	0.01645	-0.0278055	0	0	0	100.655	100.655	3.01059e-05	0	0	0	2.15346	-0.595043	0	2.7485		300	0.384604	0.0109591	0.0109591	-0.0219181	0	0	0	0.384604	0	-0.469668	-153.69	0	26.9754	26.9754	0	7.04502	0	0	0	0	0	0	0	0	0	0	0	0	0	0	0	0	0	0	0	0	0	0	0	0	0	0	0	0	0	0	0	0	0	
1	1	1	330	9.9		300	0	0	0.0165	0.0165	-0.0278977	0	0	0	100.81	100.81	3.01113e-05	0	0	0	2.16353	-0.593835	0	2.75737		300	0.385861	0.0110006	0.0110006	-0.0220012	0	0	0	0.385861	0	-0.469668	-153.69	0	26.9754	26.9754	0	7.04502	0	0	0	0	0	0	0	0	0	0	0	0	0	0	0	0	0	0	0	0	0	0	0	0	0	0	0	0	0	0	0	0	0	
1	1	1	331	9.93		300	0	0	0.01655	0.01655	-0.0279898	0	0	0	100.965	100.965	3.01166e-05	0	0	0	2.17362	-0.59261	0	2.76623		300	0.387119	0.0110422	0.0110422	-0.0220843	0	0	0	0.387119	0	-0.469668	-153.69	0	26.9754	26.9754	0	7.04502	0	0	0	0	0	0	0	0	0	0	0	0	0	0	0	0	0	0	0	0	0	0	0	0	0	0	0	0	0	0	0	0	0	
1	1	1	332	9.96		300	0	0	0.0166	0.0166	-0.028082	0	0	0	101.119	101.119	3.01219e-05	0	0	0	2.18373	-0.591368	0	2.77509		300	0.388376	0.0110837	0.0110837	-0.0221675	0	0	0	0.388376	0	-0.469668	-153.69	0	26.9754	26.9754	0	7.04502	0	0	0	0	0	0	0	0	0	0	0	0	0	0	0	0	0	0	0	0	0	0	0	0	0	0	0	0	0	0	0	0	0	
1	1	1	333	9.99		300	0	0	0.01665	0.01665	-0.0281742	0	0	0	101.274	101.274	3.01271e-05	0	0	0	2.19385	-0.59011	0	2.78396		300	0.389633	0.0111253	0.0111253	-0.0222506	0	0	0	0.389633	0	-0.469668	-153.69	0	26.9754	26.9754	0	7.04502	0	0	0	0	0	0	0	0	0	0	0	0	0	0	0	0	0	0	0	0	0	0	0	0	0	0	0	0	0	0	0	0	0	
1	1	1	334	10.02		300	0	0	0.0167	0.0167	-0.0282663	0	0	0	101.428	101.428	3.01322e-05	0	0	0	2.20398	-0.588836	0	2.79282		300	0.39089	0.0111669	0.0111669	-0.0223338	0	0	0	0.39089	0	-0.469668	-153.69	0	26.9754	26.9754	0	7.04502	0	0	0	0	0	0	0	0	0	0	0	0	0	0	0	0	0	0	0	0	0	0	0	0	0	0	0	0	0	0	0	0	0	
1	1	1	335	10.05		300	0	0	0.01675	0.01675	-0.0283585	0	0	0	101.583	101.583	3.01373e-05	0	0	0	2.21413	-0.587545	0	2.80168		300	0.392147	0.0112085	0.0112085	-0.0224169	0	0	0	0.392147	0	-0.469668	-153.69	0	26.9754	26.9754	0	7.04502	0	0	0	0	0	0	0	0	0	0	0	0	0	0	0	0	0	0	0	0	0	0	0	0	0	0	0	0	0	0	0	0	0	
1	1	1	336	10.08		300	0	0	0.0168	0.0168	-0.0284507	0	0	0	101.737	101.737	3.01423e-05	0	0	0	2.2243	-0.586238	0	2.81054		300	0.393403	0.0112501	0.0112501	-0.0225001	0	0	0	0.393403	0	-0.469668	-153.69	0	26.9754	26.9754	0	7.04502	0	0	0	0	0	0	0	0	0	0	0	0	0	0	0	0	0	0	0	0	0	0	0	0	0	0	0	0	0	0	0	0	0	
1	1	1	337	10.11		300	0	0	0.01685	0.01685	-0.0285429	0	0	0	101.891	101.891	3.01472e-05	0	0	0	2.23448	-0.584914	0	2.81939		300	0.39466	0.0112917	0.0112917	-0.0225833	0	0	0	0.39466	0	-0.469668	-153.69	0	26.9754	26.9754	0	7.04502	0	0	0	0	0	0	0	0	0	0	0	0	0	0	0	0	0	0	0	0	0	0	0	0	0	0	0	0	0	0	0	0	0	
1	1	1	338	10.14		300	0	0	0.0169	0.0169	-0.0286352	0	0	0	102.045	102.045	3.01521e-05	0	0	0	2.24468	-0.583574	0	2.82825		300	0.395916	0.0113333	0.0113333	-0.0226665	0	0	0	0.395916	0	-0.469668	-153.69	0	26.9754	26.9754	0	7.04502	0	0	0	0	0	0	0	0	0	0	0	0	0	0	0	0	0	0	0	0	0	0	0	0	0	0	0	0	0	0	0	0	0	
1	1	1	339	10.17		300	0	0	0.01695	0.01695	-0.0287274	0	0	0	102.198	102.198	3.0157e-05	0	0	0	2.25489	-0.582217	0	2.83711		300	0.397173	0.0113749	0.0113749	-0.0227497	0	0	0	0.397173	0	-0.469668	-153.69	0	26.9754	26.9754	0	7.04502	0	0	0	0	0	0	0	0	0	0	0	0	0	0	0	0	0	0	0	0	0	0	0	0	0	0	0	0	0	0	0	0	0	
1	1	1	340	10.2		300	0	0	0.017	0.017	-0.0288196	0	0	0	102.352	102.352	3.01617e-05	0	0	0	2.26512	-0.580844	0	2.84596		300	0.398429	0.0114165	0.0114165	-0.022833	0	0	0	0.398429	0	-0.469668	-153.69	0	26.9754	26.9754	0	7.04502	0	0	0	0	0	0	0	0	0	0	0	0	0	0	0	0	0	0	0	0	0	0	0	0	0	0	0	0	0	0	0	0	0	
1	1	1	341	10.23		300	0	0	0.01705	0.01705	-0.0289118	0	0	0	102.505	102.505	3.01665e-05	0	0	0	2.27536	-0.579455	0	2.85481		300	0.399684	0.0114581	0.0114581	-0.0229162	0	0	0	0.399684	0	-0.469668	-153.69	0	26.9754	26.9754	0	7.04502	0	0	0	0	0	0	0	0	0	0	0	0	0	0	0	0	0	0	0	0	0	0	0	0	0	0	0	0	0	0	0	0	0	
1	1	1	342	10.26		300	0	0	0.0171	0.0171	-0.0290041	0	0	0	102.659	102.659	3.01711e-05	0	0	0	2.28562	-0.578049	0	2.86367		300	0.40094	0.0114998	0.0114998	-0.0229995	0	0	0	0.40094	0	-0.469668	-153.69	0	26.9754	26.9754	0	7.04502	0	0	0	0	0	0	0	0	0	0	0	0	0	0	0	0	0	0	0	0	0	0	0	0	0	0	0	0	0	0	0	0	0	
1	1	1	343	10.29		300	0	0	0.01715	0.01715	-0.0290963	0	0	0	102.812	102.812	3.01757e-05	0	0	0	2.29589	-0.576627	0	2.87252		300	0.402196	0.0115414	0.0115414	-0.0230828	0	0	0	0.402196	0	-0.469668	-153.69	0	26.9754	26.9754	0	7.04502	0	0	0	0	0	0	0	0	0	0	0	0	0	0	0	0	0	0	0	0	0	0	0	0	0	0	0	0	0	0	0	0	0	
1	1	1	344	10.32		300	0	0	0.0172	0.0172	-0.0291886	0	0	0	102.965	102.965	3.01803e-05	0	0	0	2.30618	-0.575188	0	2.88137		300	0.403451	0.0115831	0.0115831	-0.0231661	0	0	0	0.403451	0	-0.469668	-153.69	0	26.9754	26.9754	0	7.04502	0	0	0	0	0	0	0	0	0	0	0	0	0	0	0	0	0	0	0	0	0	0	0	0	0	0	0	0	0	0	0	0	0	
1	1	1	345	10.35		300	0	0	0.01725	0.01725	-0.0292808	0	0	0	103.118	103.118	3.01848e-05	0	0	0	2.31648	-0.573733	0	2.89022		300	0.404707	0.0116247	0.0116247	-0.0232494	0	0	0	0.404707	0	-0.469668	-153.69	0	26.9754	26.9754	0	7.04502	0	0	0	0	0	0	0	0	0	0	0	0	0	0	0	0	0	0	0	0	0	0	0	0	0	0	0	0	0	0	0	0	0	
1	1	1	346	10.38		300	0	0	0.0173	0.0173	-0.0293731	0	0	0	103.271	103.271	3.01892e-05	0	0	0	2.3268	-0.572261	0	2.89906		300	0.405962	0.0116664	0.0116664	-0.0233327	0	0	0	0.405962	0	-0.469668	-153.69	0	26.9754	26.9754	0	7.04502	0	0	0	0	0	0	0	0	0	0	0	0	0	0	0	0	0	0	0	0	0	0	0	0	0	0	0	0	0	0	0	0	0	
1	1	1	347	10.41		300	0	0	0.01735	0.01735	-0.0294654	0	0	0	103.423	103.423	3.01936e-05	0	0	0	2.33714	-0.570773	0	2.90791		300	0.407217	0.011708	0.011708	-0.0234161	0	0	0	0.407217	0	-0.469668	-153.69	0	26.9754	26.9754	0	7.04502	0	0	0	0	0	0	0	0	0	0	0	0	0	0	0	0	0	0	0	0	0	0	0	0	0	0	0	0	0	0	0	0	0	
1	1	1	348	10.44		300	0	0	0.0174	0.0174	-0.0295576	0	0	0	103.576	103.576	3.01979e-05	0	0	0	2.34749	-0.569269	0	2.91676		300	0.408471	0.0117497	0.0117497	-0.0234994	0	0	0	0.408471	0	-0.469668	-153.69	0	26.9754	26.9754	0	7.04502	0	0	0	0	0	0	0	0	0	0	0	0	0	0	0	0	0	0	0	0	0	0	0	0	0	0	0	0	0	0	0	0	0	
1	1	1	349	10.47		300	0	0	0.01745	0.01745	-0.0296499	0	0	0	103.729	103.729	3.02022e-05	0	0	0	2.35785	-0.567748	0	2.9256		300	0.409726	0.0117914	0.0117914	-0.0235828	0	0	0	0.409726	0	-0.469668	-153.69	0	26.9754	26.9754	0	7.04502	0	0	0	0	0	0	0	0	0	0	0	0	0	0	0	0	0	0	0	0	0	0	0	0	0	0	0	0	0	0	0	0	0	
1	1	1	350	10.5		300	0	0	0.0175	0.0175	-0.0297422	0	0	0	103.881	103.881	3.02064e-05	0	0	0	2.36823	-0.566211	0	2.93444		300	0.410981	0.0118331	0.0118331	-0.0236662	0	0	0	0.410981	0	-0.469668	-153.69	0	26.9754	26.9754	0	7.04502	0	0	0	0	0	0	0	0	0	0	0	0	0	0	0	0	0	0	0	0	0	0	0	0	0	0	0	0	0	0	0	0	0	
1	1	1	351	10.53		300	0	0	0.01755	0.01755	-0.0298345	0	0	0	104.033	104.033	3.02106e-05	0	0	0	2.37863	-0.564658	0	2.94329		300	0.412235	0.0118748	0.0118748	-0.0237496	0	0	0	0.412235	0	-0.469668	-153.69	0	26.9754	26.9754	0	7.04502	0	0	0	0	0	0	0	0	0	0	0	0	0	0	0	0	0	0	0	0	0	0	0	0	0	0	0	0	0	0	0	0	0	
1	1	1	352	10.56		300	0	0	0.0176	0.0176	-0.0299268	0	0	0	104.185	104.185	3.02147e-05	0	0	0	2.38904	-0.563088	0	2.95213		300	0.413489	0.0119165	0.0119165	-0.023833	0	0	0	0.413489	0	-0.469668	-153.69	0	26.9754	26.9754	0	7.04502	0	0	0	0	0	0	0	0	0	0	0	0	0	0	0	0	0	0	0	0	0	0	0	0	0	0	0	0	0	0	0	0	0	
1	1	1	353	10.59		300	0	0	0.01765	0.01765	-0.0300191	0	0	0	104.337	104.337	3.02188e-05	0	0	0	2.39947	-0.561501	0	2.96097		300	0.414743	0.0119582	0.0119582	-0.0239164	0	0	0	0.414743	0	-0.469668	-153.69	0	26.9754	26.9754	0	7.04502	0	0	0	0	0	0	0	0	0	0	0	0	0	0	0	0	0	0	0	0	0	0	0	0	0	0	0	0	0	0	0	0	0	
1	1	1	354	10.62		300	0	0	0.0177	0.0177	-0.0301114	0	0	0	104.489	104.489	3.02228e-05	0	0	0	2.40991	-0.559899	0	2.96981		300	0.415997	0.0119999	0.0119999	-0.0239998	0	0	0	0.415997	0	-0.469668	-153.69	0	26.9754	26.9754	0	7.04502	0	0	0	0	0	0	0	0	0	0	0	0	0	0	0	0	0	0	0	0	0	0	0	0	0	0	0	0	0	0	0	0	0	
1	1	1	355	10.65		300	0	0	0.01775	0.01775	-0.0302037	0	0	0	104.641	104.641	3.02268e-05	0	0	0	2.42036	-0.55828	0	2.97864		300	0.417251	0.0120416	0.0120416	-0.0240832	0	0	0	0.417251	0	-0.469668	-153.69	0	26.9754	26.9754	0	7.04502	0	0	0	0	0	0	0	0	0	0	0	0	0	0	0	0	0	0	0	0	0	0	0	0	0	0	0	0	0	0	0	0	0	
1	1	1	356	10.68		300	0	0	0.0178	0.0178	-0.0302961	0	0	0	104.793	104.793	3.02307e-05	0	0	0	2.43084	-0.556644	0	2.98748		300	0.418504	0.0120833	0.0120833	-0.0241667	0	0	0	0.418504	0	-0.469668	-153.69	0	26.9754	26.9754	0	7.04502	0	0	0	0	0	0	0	0	0	0	0	0	0	0	0	0	0	0	0	0	0	0	0	0	0	0	0	0	0	0	0	0	0	
1	1	1	357	10.71		300	0	0	0.01785	0.01785	-0.0303884	0	0	0	104.944	104.944	3.02345e-05	0	0	0	2.44132	-0.554993	0	2.99631		300	0.419757	0.0121251	0.0121251	-0.0242502	0	0	0	0.419757	0	-0.469668	-153.69	0	26.9754	26.9754	0	7.04502	0	0	0	0	0	0	0	0	0	0	0	0	0	0	0	0	0	0	0	0	0	0	0	0	0	0	0	0	0	0	0	0	0	
1	1	1	358	10.74		300	0	0	0.0179	0.0179	-0.0304807	0	0	0	105.096	105.096	3.02384e-05	0	0	0	2.45182	-0.553325	0	3.00515		300	0.42101	0.0121668	0.0121668	-0.0243336	0	0	0	0.42101	0	-0.469668	-153.69	0	26.9754	26.9754	0	7.04502	0	0	0	0	0	0	0	0	0	0	0	0	0	0	0	0	0	0	0	0	0	0	0	0	0	0	0	0	0	0	0	0	0	
1	1	1	359	10.77		300	0	0	0.01795	0.01795	-0.0305731	0	0	0	105.247	105.247	3.02422e-05	0	0	0	2.46234	-0.55164	0	3.01398		300	0.422263	0.0122086	0.0122086	-0.0244171	0	0	0	0.422263	0	-0.469668	-153.69	0	26.9754	26.9754	0	7.04502	0	0	0	0	0	0	0	0	0	0	0	0	0	0	0	0	0	0	0	0	0	0	0	0	0	0	0	0	0	0	0	0	0	
1	1	1	360	10.8		300	0	0	0.018	0.018	-0.0306654	0	0	0	105.398	105.398	3.02459e-05	0	0	0	2.47287	-0.549939	0	3.02281		300	0.423516	0.0122503	0.0122503	-0.0245006	0	0	0	0.423516	0	-0.469668	-153.69	0	26.9754	26.9754	0	7.04502	0	0	0	0	0	0	0	0	0	0	0	0	0	0	0	0	0	0	0	0	0	0	0	0	0	0	0	0	0	0	0	0	0	
1	1	1	361	10.83		300	0	0	0.01805	0.01805	-0.0307578	0	0	0	105.55	105.55	3.02496e-05	0	0	0	2.48342	-0.548222	0	3.03164		300	0.424769	0.0122921	0.0122921	-0.0245841	0	0	0	0.424769	0	-0.469668	-153.69	0	26.9754	26.9754	0	7.04502	0	0	0	0	0	0	0	0	0	0	0	0	0	0	0	0	0	0	0	0	0	0	0	0	0	0	0	0	0	0	0	0	0	
1	1	1	362	10.86		300	0	0	0.0181	0.0181	-0.0308501	0	0	0	105.701	105.701	3.02532e-05	0	0	0	2.49398	-0.546489	0	3.04047		300	0.426021	0.0123338	0.0123338	-0.0246676	0	0	0	0.426021	0	-0.469668	-153.69	0	26.9754	26.9754	0	7.04502	0	0	0	0	0	0	0	0	0	0	0	0	0	0	0	0	0	0	0	0	0	0	0	0	0	0	0	0	0	0	0	0	0	
1	1	1	363	10.89		300	0	0	0.01815	0.01815	-0.0309425	0	0	0	105.852	105.852	3.02568e-05	0	0	0	2.50456	-0.544739	0	3.0493		300	0.427274	0.0123756	0.0123756	-0.0247512	0	0	0	0.427274	0	-0.469668	-153.69	0	26.9754	26.9754	0	7.04502	0	0	0	0	0	0	0	0	0	0	0	0	0	0	0	0	0	0	0	0	0	0	0	0	0	0	0	0	0	0	0	0	0	
1	1	1	364	10.92		300	0	0	0.0182	0.0182	-0.0310348	0	0	0	106.003	106.003	3.02603e-05	0	0	0	2.51515	-0.542973	0	3.05813		300	0.428526	0.0124173	0.0124173	-0.0248347	0	0	0	0.428526	0	-0.469668	-153.69	0	26.9754	26.9754	0	7.04502	0	0	0	0	0	0	0	0	0	0	0	0	0	0	0	0	0	0	0	0	0	0	0	0	0	0	0	0	0	0	0	0	0	
1	1	1	365	10.95		300	0	0	0.01825	0.01825	-0.0311272	0	0	0	106.153	106.153	3.02638e-05	0	0	0	2.52576	-0.54119	0	3.06695		300	0.429778	0.0124591	0.0124591	-0.0249182	0	0	0	0.429778	0	-0.469668	-153.69	0	26.9754	26.9754	0	7.04502	0	0	0	0	0	0	0	0	0	0	0	0	0	0	0	0	0	0	0	0	0	0	0	0	0	0	0	0	0	0	0	0	0	
1	1	1	366	10.98		300	0	0	0.0183	0.0183	-0.0312196	0	0	0	106.304	106.304	3.02673e-05	0	0	0	2.53638	-0.539391	0	3.07578		300	0.431029	0.0125009	0.0125009	-0.0250018	0	0	0	0.431029	0	-0.469668	-153.69	0	26.9754	26.9754	0	7.04502	0	0	0	0	0	0	0	0	0	0	0	0	0	0	0	0	0	0	0	0	0	0	0	0	0	0	0	0	0	0	0	0	0	
1	1	1	367	11.01		300	0	0	0.01835	0.01835	-0.031312	0	0	0	106.455	106.455	3.02707e-05	0	0	0	2.54702	-0.537576	0	3.0846		300	0.432281	0.0125427	0.0125427	-0.0250854	0	0	0	0.432281	0	-0.469668	-153.69	0	26.9754	26.9754	0	7.04502	0	0	0	0	0	0	0	0	0	0	0	0	0	0	0	0	0	0	0	0	0	0	0	0	0	0	0	0	0	0	0	0	0	
1	1	1	368	11.04		300	0	0	0.0184	0.0184	-0.0314043	0	0	0	106.605	106.605	3.02741e-05	0	0	0	2.55768	-0.535744	0	3.09342		300	0.433532	0.0125845	0.0125845	-0.0251689	0	0	0	0.433532	0	-0.469668	-153.69	0	26.9754	26.9754	0	7.04502	0	0	0	0	0	0	0	0	0	0	0	0	0	0	0	0	0	0	0	0	0	0	0	0	0	0	0	0	0	0	0	0	0	
1	1	1	369	11.07		300	0	0	0.01845	0.01845	-0.0314967	0	0	0	106.756	106.756	3.02774e-05	0	0	0	2.56834	-0.533896	0	3.10224		300	0.434783	0.0126263	0.0126263	-0.0252525	0	0	0	0.434783	0	-0.469668	-153.69	0	26.9754	26.9754	0	7.04502	0	0	0	0	0	0	0	0	0	0	0	0	0	0	0	0	0	0	0	0	0	0	0	0	0	0	0	0	0	0	0	0	0	
1	1	1	370	11.1		300	0	0	0.0185	0.0185	-0.0315891	0	0	0	106.906	106.906	3.02807e-05	0	0	0	2.57903	-0.532032	0	3.11106		300	0.436034	0.0126681	0.0126681	-0.0253361	0	0	0	0.436034	0	-0.469668	-153.69	0	26.9754	26.9754	0	7.04502	0	0	0	0	0	0	0	0	0	0	0	0	0	0	0	0	0	0	0	0	0	0	0	0	0	0	0	0	0	0	0	0	0	
1	1	1	371	11.13		300	0	0	0.01855	0.01855	-0.0316815	0	0	0	107.056	107.056	3.0284e-05	0	0	0	2.58972	-0.530151	0	3.11988		300	0.437285	0.0127099	0.0127099	-0.0254197	0	0	0	0.437285	0	-0.469668	-153.69	0	26.9754	26.9754	0	7.04502	0	0	0	0	0	0	0	0	0	0	0	0	0	0	0	0	0	0	0	0	0	0	0	0	0	0	0	0	0	0	0	0	0	
1	1	1	372	11.16		300	0	0	0.0186	0.0186	-0.0317739	0	0	0	107.206	107.206	3.02872e-05	0	0	0	2.60044	-0.528254	0	3.12869		300	0.438536	0.0127517	0.0127517	-0.0255033	0	0	0	0.438536	0	-0.469668	-153.69	0	26.9754	26.9754	0	7.04502	0	0	0	0	0	0	0	0	0	0	0	0	0	0	0	0	0	0	0	0	0	0	0	0	0	0	0	0	0	0	0	0	0	
1	1	1	373	11.19		300	0	0	0.01865	0.01865	-0.0318663	0	0	0	107.357	107.357	3.02903e-05	0	0	0	2.61117	-0.526341	0	3.13751		300	0.439786	0.0127935	0.0127935	-0.025587	0	0	0	0.439786	0	-0.469668	-153.69	0	26.9754	26.9754	0	7.04502	0	0	0	0	0	0	0	0	0	0	0	0	0	0	0	0	0	0	0	0	0	0	0	0	0	0	0	0	0	0	0	0	0	
1	1	1	374	11.22		300	0	0	0.0187	0.0187	-0.0319587	0	0	0	107.507	107.507	3.02935e-05	0	0	0	2.62191	-0.524412	0	3.14632		300	0.441037	0.0128353	0.0128353	-0.0256706	0	0	0	0.441037	0	-0.469668	-153.69	0	26.9754	26.9754	0	7.04502	0	0	0	0	0	0	0	0	0	0	0	0	0	0	0	0	0	0	0	0	0	0	0	0	0	0	0	0	0	0	0	0	0	
1	1	1	375	11.25		300	0	0	0.01875	0.01875	-0.0320511	0	0	0	107.657	107.657	3.02965e-05	0	0	0	2.63267	-0.522466	0	3.15513		300	0.442287	0.0128771	0.0128771	-0.0257542	0	0	0	0.442287	0	-0.469668	-153.69	0	26.9754	26.9754	0	7.04502	0	0	0	0	0	0	0	0	0	0	0	0	0	0	0	0	0	0	0	0	0	0	0	0	0	0	0	0	0	0	0	0	0	
1	1	1	376	11.28		300	0	0	0.0188	0.0188	-0.0321435	0	0	0	107.806	107.806	3.02996e-05	0	0	0	2.64344	-0.520503	0	3.16394		300	0.443537	0.0129189	0.0129189	-0.0258379	0	0	0	0.443537	0	-0.469668	-153.69	0	26.9754	26.9754	0	7.04502	0	0	0	0	0	0	0	0	0	0	0	0	0	0	0	0	0	0	0	0	0	0	0	0	0	0	0	0	0	0	0	0	0	
1	1	1	377	11.31		300	0	0	0.01885	0.01885	-0.032236	0	0	0	107.956	107.956	3.03026e-05	0	0	0	2.65423	-0.518525	0	3.17275		300	0.444786	0.0129608	0.0129608	-0.0259215	0	0	0	0.444786	0	-0.469668	-153.69	0	26.9754	26.9754	0	7.04502	0	0	0	0	0	0	0	0	0	0	0	0	0	0	0	0	0	0	0	0	0	0	0	0	0	0	0	0	0	0	0	0	0	
1	1	1	378	11.34		300	0	0	0.0189	0.0189	-0.0323284	0	0	0	108.106	108.106	3.03056e-05	0	0	0	2.66503	-0.51653	0	3.18156		300	0.446036	0.0130026	0.0130026	-0.0260052	0	0	0	0.446036	0	-0.469668	-153.69	0	26.9754	26.9754	0	7.04502	0	0	0	0	0	0	0	0	0	0	0	0	0	0	0	0	0	0	0	0	0	0	0	0	0	0	0	0	0	0	0	0	0	
1	1	1	379	11.37		300	0	0	0.01895	0.01895	-0.0324208	0	0	0	108.256	108.256	3.03085e-05	0	0	0	2.67585	-0.514518	0	3.19037		300	0.447285	0.0130444	0.0130444	-0.0260889	0	0	0	0.447285	0	-0.469668	-153.69	0	26.9754	26.9754	0	7.04502	0	0	0	0	0	0	0	0	0	0	0	0	0	0	0	0	0	0	0	0	0	0	0	0	0	0	0	0	0	0	0	0	0	
1	1	1	380	11.4		300	0	0	0.019	0.019	-0.0325132	0	0	0	108.405	108.405	3.03114e-05	0	0	0	2.68668	-0.512491	0	3.19917		300	0.448534	0.0130863	0.0130863	-0.0261726	0	0	0	0.448534	0	-0.469668	-153.69	0	26.9754	26.9754	0	7.04502	0	0	0	0	0	0	0	0	0	0	0	0	0	0	0	0	0	0	0	0	0	0	0	0	0	0	0	0	0	0	0	0	0	
1	1	1	381	11.43		300	0	0	0.01905	0.01905	-0.0326057	0	0	0	108.555	108.555	3.03142e-05	0	0	0	2.69753	-0.510447	0	3.20798		300	0.449783	0.0131281	0.0131281	-0.0262563	0	0	0	0.449783	0	-0.469668	-153.69	0	26.9754	26.9754	0	7.04502	0	0	0	0	0	0	0	0	0	0	0	0	0	0	0	0	0	0	0	0	0	0	0	0	0	0	0	0	0	0	0	0	0	
1	1	1	382	11.46		300	0	0	0.0191	0.0191	-0.0326981	0	0	0	108.704	108.704	3.0317e-05	0	0	0	2.70839	-0.508387	0	3.21678		300	0.451032	0.01317	0.01317	-0.0263399	0	0	0	0.451032	0	-0.469668	-153.69	0	26.9754	26.9754	0	7.04502	0	0	0	0	0	0	0	0	0	0	0	0	0	0	0	0	0	0	0	0	0	0	0	0	0	0	0	0	0	0	0	0	0	
1	1	1	383	11.49		300	0	0	0.01915	0.01915	-0.0327905	0	0	0	108.853	108.853	3.03198e-05	0	0	0	2.71927	-0.50631	0	3.22558		300	0.45228	0.0132118	0.0132118	-0.0264237	0	0	0	0.45228	0	-0.469668	-153.69	0	26.9754	26.9754	0	7.04502	0	0	0	0	0	0	0	0	0	0	0	0	0	0	0	0	0	0	0	0	0	0	0	0	0	0	0	0	0	0	0	0	0	
1	1	1	384	11.52		300	0	0	0.0192	0.0192	-0.032883	0	0	0	109.003	109.003	3.03226e-05	0	0	0	2.73016	-0.504217	0	3.23438		300	0.453529	0.0132537	0.0132537	-0.0265074	0	0	0	0.453529	0	-0.469668	-153.69	0	26.9754	26.9754	0	7.04502	0	0	0	0	0	0	0	0	0	0	0	0	0	0	0	0	0	0	0	0	0	0	0	0	0	0	0	0	0	0	0	0	0	
1	1	1	385	11.55		300	0	0	0.01925	0.01925	-0.0329754	0	0	0	109.152	109.152	3.03253e-05	0	0	0	2.74107	-0.502108	0	3.24318		300	0.454777	0.0132955	0.0132955	-0.0265911	0	0	0	0.454777	0	-0.469668	-153.69	0	26.9754	26.9754	0	7.04502	0	0	0	0	0	0	0	0	0	0	0	0	0	0	0	0	0	0	0	0	0	0	0	0	0	0	0	0	0	0	0	0	0	
1	1	1	386	11.58		300	0	0	0.0193	0.0193	-0.0330679	0	0	0	109.301	109.301	3.03279e-05	0	0	0	2.75199	-0.499982	0	3.25198		300	0.456025	0.0133374	0.0133374	-0.0266748	0	0	0	0.456025	0	-0.469668	-153.69	0	26.9754	26.9754	0	7.04502	0	0	0	0	0	0	0	0	0	0	0	0	0	0	0	0	0	0	0	0	0	0	0	0	0	0	0	0	0	0	0	0	0	
1	1	1	387	11.61		300	0	0	0.01935	0.01935	-0.0331603	0	0	0	109.45	109.45	3.03306e-05	0	0	0	2.76293	-0.49784	0	3.26077		300	0.457272	0.0133793	0.0133793	-0.0267585	0	0	0	0.457272	0	-0.469668	-153.69	0	26.9754	26.9754	0	7.04502	0	0	0	0	0	0	0	0	0	0	0	0	0	0	0	0	0	0	0	0	0	0	0	0	0	0	0	0	0	0	0	0	0	
1	1	1	388	11.64		300	0	0	0.0194	0.0194	-0.0332528	0	0	0	109.599	109.599	3.03332e-05	0	0	0	2.77388	-0.495682	0	3.26957		300	0.45852	0.0134211	0.0134211	-0.0268423	0	0	0	0.45852	0	-0.469668	-153.69	0	26.9754	26.9754	0	7.04502	0	0	0	0	0	0	0	0	0	0	0	0	0	0	0	0	0	0	0	0	0	0	0	0	0	0	0	0	0	0	0	0	0	
1	1	1	389	11.67		300	0	0	0.01945	0.01945	-0.0333452	0	0	0	109.748	109.748	3.03357e-05	0	0	0	2.78485	-0.493507	0	3.27836		300	0.459767	0.013463	0.013463	-0.026926	0	0	0	0.459767	0	-0.469668	-153.69	0	26.9754	26.9754	0	7.04502	0	0	0	0	0	0	0	0	0	0	0	0	0	0	0	0	0	0	0	0	0	0	0	0	0	0	0	0	0	0	0	0	0	
1	1	1	390	11.7		300	0	0	0.0195	0.0195	-0.0334377	0	0	0	109.897	109.897	3.03382e-05	0	0	0	2.79583	-0.491316	0	3.28715		300	0.461014	0.0135049	0.0135049	-0.0270098	0	0	0	0.461014	0	-0.469668	-153.69	0	26.9754	26.9754	0	7.04502	0	0	0	0	0	0	0	0	0	0	0	0	0	0	0	0	0	0	0	0	0	0	0	0	0	0	0	0	0	0	0	0	0	
1	1	1	391	11.73		300	0	0	0.01955	0.01955	-0.0335302	0	0	0	110.046	110.046	3.03407e-05	0	0	0	2.80683	-0.489109	0	3.29594		300	0.462261	0.0135468	0.0135468	-0.0270935	0	0	0	0.462261	0	-0.469668	-153.69	0	26.9754	26.9754	0	7.04502	0	0	0	0	0	0	0	0	0	0	0	0	0	0	0	0	0	0	0	0	0	0	0	0	0	0	0	0	0	0	0	0	0	
1	1	1	392	11.76		300	0	0	0.0196	0.0196	-0.0336226	0	0	0	110.195	110.195	3.03432e-05	0	0	0	2.81784	-0.486885	0	3.30473		300	0.463508	0.0135886	0.0135886	-0.0271773	0	0	0	0.463508	0	-0.469668	-153.69	0	26.9754	26.9754	0	7.04502	0	0	0	0	0	0	0	0	0	0	0	0	0	0	0	0	0	0	0	0	0	0	0	0	0	0	0	0	0	0	0	0	0	
1	1	1	393	11.79		300	0	0	0.01965	0.01965	-0.0337151	0	0	0	110.344	110.344	3.03456e-05	0	0	0	2.82887	-0.484645	0	3.31352		300	0.464754	0.0136305	0.0136305	-0.0272611	0	0	0	0.464754	0	-0.469668	-153.69	0	26.9754	26.9754	0	7.04502	0	0	0	0	0	0	0	0	0	0	0	0	0	0	0	0	0	0	0	0	0	0	0	0	0	0	0	0	0	0	0	0	0	
1	1	1	394	11.82		300	0	0	0.0197	0.0197	-0.0338076	0	0	0	110.492	110.492	3.0348e-05	0	0	0	2.83991	-0.482389	0	3.3223		300	0.466001	0.0136724	0.0136724	-0.0273448	0	0	0	0.466001	0	-0.469668	-153.69	0	26.9754	26.9754	0	7.04502	0	0	0	0	0	0	0	0	0	0	0	0	0	0	0	0	0	0	0	0	0	0	0	0	0	0	0	0	0	0	0	0	0	
1	1	1	395	11.85		300	0	0	0.01975	0.01975	-0.0339001	0	0	0	110.641	110.641	3.03504e-05	0	0	0	2.85097	-0.480116	0	3.33109		300	0.467247	0.0137143	0.0137143	-0.0274286	0	0	0	0.467247	0	-0.469668	-153.69	0	26.9754	26.9754	0	7.04502	0	0	0	0	0	0	0	0	0	0	0	0	0	0	0	0	0	0	0	0	0	0	0	0	0	0	0	0	0	0	0	0	0	
1	1	1	396	11.88		300	0	0	0.0198	0.0198	-0.0339925	0	0	0	110.79	110.79	3.03527e-05	0	0	0	2.86204	-0.477827	0	3.33987		300	0.468493	0.0137562	0.0137562	-0.0275124	0	0	0	0.468493	0	-0.469668	-153.69	0	26.9754	26.9754	0	7.04502	0	0	0	0	0	0	0	0	0	0	0	0	0	0	0	0	0	0	0	0	0	0	0	0	0	0	0	0	0	0	0	0	0	
1	1	1	397	11.91		300	0	0	0.01985	0.01985	-0.034085	0	0	0	110.938	110.938	3.0355e-05	0	0	0	2.87313	-0.475522	0	3.34865		300	0.469738	0.0137981	0.0137981	-0.0275962	0	0	0	0.469738	0	-0.469668	-153.69	0	26.9754	26.9754	0	7.04502	0	0	0	0	0	0	0	0	0	0	0	0	0	0	0	0	0	0	0	0	0	0	0	0	0	0	0	0	0	0	0	0	0	
1	1	1	398	11.94		300	0	0	0.0199	0.0199	-0.0341775	0	0	0	111.087	111.087	3.03573e-05	0	0	0	2.88423	-0.4732	0	3.35743		300	0.470984	0.01384	0.01384	-0.02768	0	0	0	0.470984	0	-0.469668	-153.69	0	26.9754	26.9754	0	7.04502	0	0	0	0	0	0	0	0	0	0	0	0	0	0	0	0	0	0	0	0	0	0	0	0	0	0	0	0	0	0	0	0	0	
1	1	1	399	11.97		300	0	0	0.01995	0.01995	-0.03427	0	0	0	111.235	111.235	3.03595e-05	0	0	0	2.89534	-0.470862	0	3.36621		300	0.472229	0.0138819	0.0138819	-0.0277638	0	0	0	0.472229	0	-0.469668	-153.69	0	26.9754	26.9754	0	7.04502	0	0	0	0	0	0	0	0	0	0	0	0	0	0	0	0	0	0	0	0	0	0	0	0	0	0	0	0	0	0	0	0	0	
1	1	1	400	12		300	0	0	0.02	0.02	-0.0343625	0	0	0	111.384	111.384	3.03617e-05	0	0	0	2.90648	-0.468508	0	3.37498		300	0.473474	0.0139238	0.0139238	-0.0278476	0	0	0	0.473474	0	-0.469668	-153.69	0	26.9754	26.9754	0	7.04502	0	0	0	0	0	0	0	0	0	0	0	0	0	0	0	0	0	0	0	0	0	0	0	0	0	0	0	0	0	0	0	0	0	
1	1	1	401	12.03		300	0	0	0.02005	0.02005	-0.034455	0	0	0	111.532	111.532	3.03639e-05	0	0	0	2.91762	-0.466137	0	3.38376		300	0.474719	0.0139657	0.0139657	-0.0279314	0	0	0	0.474719	0	-0.469668	-153.69	0	26.9754	26.9754	0	7.04502	0	0	0	0	0	0	0	0	0	0	0	0	0	0	0	0	0	0	0	0	0	0	0	0	0	0	0	0	0	0	0	0	0	
1	1	1	402	12.06		300	0	0	0.0201	0.0201	-0.0345475	0	0	0	111.68	111.68	3.0366e-05	0	0	0	2.92878	-0.46375	0	3.39253		300	0.475963	0.0140076	0.0140076	-0.0280152	0	0	0	0.475963	0	-0.469668	-153.69	0	26.9754	26.9754	0	7.04502	0	0	0	0	0	0	0	0	0	0	0	0	0	0	0	0	0	0	0	0	0	0	0	0	0	0	0	0	0	0	0	0	0	
1	1	1	403	12.09		300	0	0	0.02015	0.02015	-0.03464	0	0	0	111.829	111.829	3.03681e-05	0	0	0	2.93996	-0.461346	0	3.4013		300	0.477208	0.0140495	0.0140495	-0.028099	0	0	0	0.477208	0	-0.469668	-153.69	0	26.9754	26.9754	0	7.04502	0	0	0	0	0	0	0	0	0	0	0	0	0	0	0	0	0	0	0	0	0	0	0	0	0	0	0	0	0	0	0	0	0	
1	1	1	404	12.12		300	0	0	0.0202	0.0202	-0.0347324	0	0	0	111.977	111.977	3.03702e-05	0	0	0	2.95115	-0.458926	0	3.41007		300	0.478452	0.0140914	0.0140914	-0.0281829	0	0	0	0.478452	0	-0.469668	-153.69	0	26.9754	26.9754	0	7.04502	0	0	0	0	0	0	0	0	0	0	0	0	0	0	0	0	0	0	0	0	0	0	0	0	0	0	0	0	0	0	0	0	0	
1	1	1	405	12.15		300	0	0	0.02025	0.02025	-0.0348249	0	0	0	112.125	112.125	3.03722e-05	0	0	0	2.96235	-0.45649	0	3.41884		300	0.479696	0.0141333	0.0141333	-0.0282667	0	0	0	0.479696	0	-0.469668	-153.69	0	26.9754	26.9754	0	7.04502	0	0	0	0	0	0	0	0	0	0	0	0	0	0	0	0	0	0	0	0	0	0	0	0	0	0	0	0	0	0	0	0	0	
1	1	1	406	12.18		300	0	0	0.0203	0.0203	-0.0349174	0	0	0	112.273	112.273	3.03743e-05	0	0	0	2.97357	-0.454037	0	3.42761		300	0.48094	0.0141753	0.0141753	-0.0283505	0	0	0	0.48094	0	-0.469668	-153.69	0	26.9754	26.9754	0	7.04502	0	0	0	0	0	0	0	0	0	0	0	0	0	0	0	0	0	0	0	0	0	0	0	0	0	0	0	0	0	0	0	0	0	
1	1	1	407	12.21		300	0	0	0.02035	0.02035	-0.03501	0	0	0	112.421	112.421	3.03762e-05	0	0	0	2.98481	-0.451568	0	3.43638		300	0.482183	0.0142172	0.0142172	-0.0284344	0	0	0	0.482183	0	-0.469668	-153.69	0	26.9754	26.9754	0	7.04502	0	0	0	0	0	0	0	0	0	0	0	0	0	0	0	0	0	0	0	0	0	0	0	0	0	0	0	0	0	0	0	0	0	
1	1	1	408	12.24		300	0	0	0.0204	0.0204	-0.0351025	0	0	0	112.57	112.57	3.03782e-05	0	0	0	2.99606	-0.449083	0	3.44514		300	0.483426	0.0142591	0.0142591	-0.0285182	0	0	0	0.483426	0	-0.469668	-153.69	0	26.9754	26.9754	0	7.04502	0	0	0	0	0	0	0	0	0	0	0	0	0	0	0	0	0	0	0	0	0	0	0	0	0	0	0	0	0	0	0	0	0	
1	1	1	409	12.27		300	0	0	0.02045	0.02045	-0.035195	0	0	0	112.718	112.718	3.03801e-05	0	0	0	3.00732	-0.446581	0	3.4539		300	0.484669	0.014301	0.014301	-0.0286021	0	0	0	0.484669	0	-0.469668	-153.69	0	26.9754	26.9754	0	7.04502	0	0	0	0	0	0	0	0	0	0	0	0	0	0	0	0	0	0	0	0	0	0	0	0	0	0	0	0	0	0	0	0	0	
1	1	1	410	12.3		300	0	0	0.0205	0.0205	-0.0352875	0	0	0	112.866	112.866	3.0382e-05	0	0	0	3.0186	-0.444063	0	3.46266		300	0.485912	0.0143429	0.0143429	-0.0286859	0	0	0	0.485912	0	-0.469668	-153.69	0	26.9754	26.9754	0	7.04502	0	0	0	0	0	0	0	0	0	0	0	0	0	0	0	0	0	0	0	0	0	0	0	0	0	0	0	0	0	0	0	0	0	
1	1	1	411	12.33		300	0	0	0.02055	0.02055	-0.03538	0	0	0	113.014	113.014	3.03839e-05	0	0	0	3.02989	-0.441528	0	3.47142		300	0.487155	0.0143849	0.0143849	-0.0287698	0	0	0	0.487155	0	-0.469668	-153.69	0	26.9754	26.9754	0	7.04502	0	0	0	0	0	0	0	0	0	0	0	0	0	0	0	0	0	0	0	0	0	0	0	0	0	0	0	0	0	0	0	0	0	
1	1	1	412	12.36		300	0	0	0.0206	0.0206	-0.0354725	0	0	0	113.162	113.162	3.03857e-05	0	0	0	3.0412	-0.438977	0	3.48018		300	0.488397	0.0144268	0.0144268	-0.0288536	0	0	0	0.488397	0	-0.469668	-153.69	0	26.9754	26.9754	0	7.04502	0	0	0	0	0	0	0	0	0	0	0	0	0	0	0	0	0	0	0	0	0	0	0	0	0	0	0	0	0	0	0	0	0	
1	1	1	413	12.39		300	0	0	0.02065	0.02065	-0.035565	0	0	0	113.31	113.31	3.03876e-05	0	0	0	3.05253	-0.43641	0	3.48894		300	0.489639	0.0144687	0.0144687	-0.0289375	0	0	0	0.489639	0	-0.469668	-153.69	0	26.9754	26.9754	0	7.04502	0	0	0	0	0	0	0	0	0	0	0	0	0	0	0	0	0	0	0	0	0	0	0	0	0	0	0	0	0	0	0	0	0	
1	1	1	414	12.42		300	0	0	0.0207	0.0207	-0.0356575	0	0	0	113.458	113.458	3.03894e-05	0	0	0	3.06386	-0.433826	0	3.49769		300	0.490881	0.0145107	0.0145107	-0.0290213	0	0	0	0.490881	0	-0.469668	-153.69	0	26.9754	26.9754	0	7.04502	0	0	0	0	0	0	0	0	0	0	0	0	0	0	0	0	0	0	0	0	0	0	0	0	0	0	0	0	0	0	0	0	0	
1	1	1	415	12.45		300	0	0	0.02075	0.02075	-0.03575	0	0	0	113.605	113.605	3.03911e-05	0	0	0	3.07522	-0.431226	0	3.50644		300	0.492123	0.0145526	0.0145526	-0.0291052	0	0	0	0.492123	0	-0.469668	-153.69	0	26.9754	26.9754	0	7.04502	0	0	0	0	0	0	0	0	0	0	0	0	0	0	0	0	0	0	0	0	0	0	0	0	0	0	0	0	0	0	0	0	0	
1	1	1	416	12.48		300	0	0	0.0208	0.0208	-0.0358425	0	0	0	113.753	113.753	3.03928e-05	0	0	0	3.08659	-0.428609	0	3.51519		300	0.493364	0.0145945	0.0145945	-0.0291891	0	0	0	0.493364	0	-0.469668	-153.69	0	26.9754	26.9754	0	7.04502	0	0	0	0	0	0	0	0	0	0	0	0	0	0	0	0	0	0	0	0	0	0	0	0	0	0	0	0	0	0	0	0	0	
1	1	1	417	12.51		300	0	0	0.02085	0.02085	-0.0359351	0	0	0	113.901	113.901	3.03946e-05	0	0	0	3.09797	-0.425976	0	3.52394		300	0.494605	0.0146365	0.0146365	-0.0292729	0	0	0	0.494605	0	-0.469668	-153.69	0	26.9754	26.9754	0	7.04502	0	0	0	0	0	0	0	0	0	0	0	0	0	0	0	0	0	0	0	0	0	0	0	0	0	0	0	0	0	0	0	0	0	
1	1	1	418	12.54		300	0	0	0.0209	0.0209	-0.0360276	0	0	0	114.049	114.049	3.03962e-05	0	0	0	3.10937	-0.423326	0	3.53269		300	0.495846	0.0146784	0.0146784	-0.0293568	0	0	0	0.495846	0	-0.469668	-153.69	0	26.9754	26.9754	0	7.04502	0	0	0	0	0	0	0	0	0	0	0	0	0	0	0	0	0	0	0	0	0	0	0	0	0	0	0	0	0	0	0	0	0	
1	1	1	419	12.57		300	0	0	0.02095	0.02095	-0.0361201	0	0	0	114.197	114.197	3.03979e-05	0	0	0	3.12078	-0.420661	0	3.54144		300	0.497087	0.0147203	0.0147203	-0.0294407	0	0	0	0.497087	0	-0.469668	-153.69	0	26.9754	26.9754	0	7.04502	0	0	0	0	0	0	0	0	0	0	0	0	0	0	0	0	0	0	0	0	0	0	0	0	0	0	0	0	0	0	0	0	0	
1	1	1	420	12.6		300	0	0	0.021	0.021	-0.0362126	0	0	0	114.345	114.345	3.03995e-05	0	0	0	3.13221	-0.417978	0	3.55018		300	0.498328	0.0147623	0.0147623	-0.0295245	0	0	0	0.498328	0	-0.469668	-153.69	0	26.9754	26.9754	0	7.04502	0	0	0	0	0	0	0	0	0	0	0	0	0	0	0	0	0	0	0	0	0	0	0	0	0	0	0	0	0	0	0	0	0	
1	1	1	421	12.63		300	0	0	0.02105	0.02105	-0.0363051	0	0	0	114.492	114.492	3.04011e-05	0	0	0	3.14365	-0.415279	0	3.55893		300	0.499568	0.0148042	0.0148042	-0.0296084	0	0	0	0.499568	0	-0.469668	-153.69	0	26.9754	26.9754	0	7.04502	0	0	0	0	0	0	0	0	0	0	0	0	0	0	0	0	0	0	0	0	0	0	0	0	0	0	0	0	0	0	0	0	0	
1	1	1	422	12.66		300	0	0	0.0211	0.0211	-0.0363977	0	0	0	114.64	114.64	3.04027e-05	0	0	0	3.1551	-0.412564	0	3.56767		300	0.500808	0.0148462	0.0148462	-0.0296923	0	0	0	0.500808	0	-0.469668	-153.69	0	26.9754	26.9754	0	7.04502	0	0	0	0	0	0	0	0	0	0	0	0	0	0	0	0	0	0	0	0	0	0	0	0	0	0	0	0	0	0	0	0	0	
1	1	1	423	12.69		300	0	0	0.02115	0.02115	-0.0364902	0	0	0	114.788	114.788	3.04042e-05	0	0	0	3.16658	-0.409832	0	3.57641		300	0.502048	0.0148881	0.0148881	-0.0297762	0	0	0	0.502048	0	-0.469668	-153.69	0	26.9754	26.9754	0	7.04502	0	0	0	0	0	0	0	0	0	0	0	0	0	0	0	0	0	0	0	0	0	0	0	0	0	0	0	0	0	0	0	0	0	
1	1	1	424	12.72		300	0	0	0.0212	0.0212	-0.0365827	0	0	0	114.936	114.936	3.04058e-05	0	0	0	3.17806	-0.407084	0	3.58515		300	0.503287	0.01493	0.01493	-0.0298601	0	0	0	0.503287	0	-0.469668	-153.69	0	26.9754	26.9754	0	7.04502	0	0	0	0	0	0	0	0	0	0	0	0	0	0	0	0	0	0	0	0	0	0	0	0	0	0	0	0	0	0	0	0	0	
1	1	1	425	12.75		300	0	0	0.02125	0.02125	-0.0366752	0	0	0	115.083	115.083	3.04073e-05	0	0	0	3.18956	-0.40432	0	3.59388		300	0.504527	0.014972	0.014972	-0.0299439	0	0	0	0.504527	0	-0.469668	-153.69	0	26.9754	26.9754	0	7.04502	0	0	0	0	0	0	0	0	0	0	0	0	0	0	0	0	0	0	0	0	0	0	0	0	0	0	0	0	0	0	0	0	0	
1	1	1	426	12.78		300	0	0	0.0213	0.0213	-0.0367677	0	0	0	115.231	115.231	3.04087e-05	0	0	0	3.20108	-0.401539	0	3.60262		300	0.505766	0.0150139	0.0150139	-0.0300278	0	0	0	0.505766	0	-0.469668	-153.69	0	26.9754	26.9754	0	7.04502	0	0	0	0	0	0	0	0	0	0	0	0	0	0	0	0	0	0	0	0	0	0	0	0	0	0	0	0	0	0	0	0	0	
1	1	1	427	12.81		300	0	0	0.02135	0.02135	-0.0368603	0	0	0	115.379	115.379	3.04102e-05	0	0	0	3.21261	-0.398741	0	3.61135		300	0.507005	0.0150559	0.0150559	-0.0301117	0	0	0	0.507005	0	-0.469668	-153.69	0	26.9754	26.9754	0	7.04502	0	0	0	0	0	0	0	0	0	0	0	0	0	0	0	0	0	0	0	0	0	0	0	0	0	0	0	0	0	0	0	0	0	
1	1	1	428	12.84		300	0	0	0.0214	0.0214	-0.0369528	0	0	0	115.526	115.526	3.04116e-05	0	0	0	3.22415	-0.395927	0	3.62008		300	0.508243	0.0150978	0.0150978	-0.0301956	0	0	0	0.508243	0	-0.469668	-153.69	0	26.9754	26.9754	0	7.04502	0	0	0	0	0	0	0	0	0	0	0	0	0	0	0	0	0	0	0	0	0	0	0	0	0	0	0	0	0	0	0	0	0	
1	1	1	429	12.87		300	0	0	0.02145	0.02145	-0.0370453	0	0	0	115.674	115.674	3.0413e-05	0	0	0	3.23571	-0.393096	0	3.62881		300	0.509481	0.0151397	0.0151397	-0.0302795	0	0	0	0.509481	0	-0.469668	-153.69	0	26.9754	26.9754	0	7.04502	0	0	0	0	0	0	0	0	0	0	0	0	0	0	0	0	0	0	0	0	0	0	0	0	0	0	0	0	0	0	0	0	0	
1	1	1	430	12.9		300	0	0	0.0215	0.0215	-0.0371379	0	0	0	115.822	115.822	3.04144e-05	0	0	0	3.24729	-0.390249	0	3.63754		300	0.51072	0.0151817	0.0151817	-0.0303634	0	0	0	0.51072	0	-0.469668	-153.69	0	26.9754	26.9754	0	7.04502	0	0	0	0	0	0	0	0	0	0	0	0	0	0	0	0	0	0	0	0	0	0	0	0	0	0	0	0	0	0	0	0	0	
1	1	1	431	12.93		300	0	0	0.02155	0.02155	-0.0372304	0	0	0	115.969	115.969	3.04157e-05	0	0	0	3.25888	-0.387386	0	3.64626		300	0.511957	0.0152236	0.0152236	-0.0304473	0	0	0	0.511957	0	-0.469668	-153.69	0	26.9754	26.9754	0	7.04502	0	0	0	0	0	0	0	0	0	0	0	0	0	0	0	0	0	0	0	0	0	0	0	0	0	0	0	0	0	0	0	0	0	
1	1	1	432	12.96		300	0	0	0.0216	0.0216	-0.0373229	0	0	0	116.117	116.117	3.04171e-05	0	0	0	3.27048	-0.384506	0	3.65499		300	0.513195	0.0152656	0.0152656	-0.0305312	0	0	0	0.513195	0	-0.469668	-153.69	0	26.9754	26.9754	0	7.04502	0	0	0	0	0	0	0	0	0	0	0	0	0	0	0	0	0	0	0	0	0	0	0	0	0	0	0	0	0	0	0	0	0	
1	1	1	433	12.99		300	0	0	0.02165	0.02165	-0.0374154	0	0	0	116.265	116.265	3.04184e-05	0	0	0	3.2821	-0.381609	0	3.66371		300	0.514432	0.0153075	0.0153075	-0.0306151	0	0	0	0.514432	0	-0.469668	-153.69	0	26.9754	26.9754	0	7.04502	0	0	0	0	0	0	0	0	0	0	0	0	0	0	0	0	0	0	0	0	0	0	0	0	0	0	0	0	0	0	0	0	0	
1	1	1	434	13.02		300	0	0	0.0217	0.0217	-0.037508	0	0	0	116.412	116.412	3.04196e-05	0	0	0	3.29374	-0.378696	0	3.67243		300	0.51567	0.0153495	0.0153495	-0.030699	0	0	0	0.51567	0	-0.469668	-153.69	0	26.9754	26.9754	0	7.04502	0	0	0	0	0	0	0	0	0	0	0	0	0	0	0	0	0	0	0	0	0	0	0	0	0	0	0	0	0	0	0	0	0	
1	1	1	435	13.05		300	0	0	0.02175	0.02175	-0.0376005	0	0	0	116.56	116.56	3.04209e-05	0	0	0	3.30538	-0.375766	0	3.68115		300	0.516906	0.0153914	0.0153914	-0.0307828	0	0	0	0.516906	0	-0.469668	-153.69	0	26.9754	26.9754	0	7.04502	0	0	0	0	0	0	0	0	0	0	0	0	0	0	0	0	0	0	0	0	0	0	0	0	0	0	0	0	0	0	0	0	0	
1	1	1	436	13.08		300	0	0	0.0218	0.0218	-0.037693	0	0	0	116.708	116.708	3.04221e-05	0	0	0	3.31705	-0.37282	0	3.68987		300	0.518143	0.0154334	0.0154334	-0.0308667	0	0	0	0.518143	0	-0.469668	-153.69	0	26.9754	26.9754	0	7.04502	0	0	0	0	0	0	0	0	0	0	0	0	0	0	0	0	0	0	0	0	0	0	0	0	0	0	0	0	0	0	0	0	0	
1	1	1	437	13.11		300	0	0	0.02185	0.02185	-0.0377855	0	0	0	116.855	116.855	3.04233e-05	0	0	0	3.32873	-0.369858	0	3.69858		300	0.519379	0.0154753	0.0154753	-0.0309506	0	0	0	0.519379	0	-0.469668	-153.69	0	26.9754	26.9754	0	7.04502	0	0	0	0	0	0	0	0	0	0	0	0	0	0	0	0	0	0	0	0	0	0	0	0	0	0	0	0	0	0	0	0	0	
1	1	1	438	13.14		300	0	0	0.0219	0.0219	-0.0378781	0	0	0	117.003	117.003	3.04245e-05	0	0	0	3.34042	-0.366878	0	3.7073		300	0.520615	0.0155173	0.0155173	-0.0310345	0	0	0	0.520615	0	-0.469668	-153.69	0	26.9754	26.9754	0	7.04502	0	0	0	0	0	0	0	0	0	0	0	0	0	0	0	0	0	0	0	0	0	0	0	0	0	0	0	0	0	0	0	0	0	
1	1	1	439	13.17		300	0	0	0.02195	0.02195	-0.0379706	0	0	0	117.15	117.15	3.04257e-05	0	0	0	3.35213	-0.363883	0	3.71601		300	0.521851	0.0155592	0.0155592	-0.0311184	0	0	0	0.521851	0	-0.469668	-153.69	0	26.9754	26.9754	0	7.04502	0	0	0	0	0	0	0	0	0	0	0	0	0	0	0	0	0	0	0	0	0	0	0	0	0	0	0	0	0	0	0	0	0	
1	1	1	440	13.2		300	0	0	0.022	0.022	-0.0380631	0	0	0	117.298	117.298	3.04268e-05	0	0	0	3.36385	-0.36087	0	3.72472		300	0.523087	0.0156012	0.0156012	-0.0312023	0	0	0	0.523087	0	-0.469668	-153.69	0	26.9754	26.9754	0	7.04502	0	0	0	0	0	0	0	0	0	0	0	0	0	0	0	0	0	0	0	0	0	0	0	0	0	0	0	0	0	0	0	0	0	
1	1	1	441	13.23		300	0	0	0.02205	0.02205	-0.0381557	0	0	0	117.446	117.446	3.04279e-05	0	0	0	3.37559	-0.357841	0	3.73343		300	0.524322	0.0156431	0.0156431	-0.0312862	0	0	0	0.524322	0	-0.469668	-153.69	0	26.9754	26.9754	0	7.04502	0	0	0	0	0	0	0	0	0	0	0	0	0	0	0	0	0	0	0	0	0	0	0	0	0	0	0	0	0	0	0	0	0	
1	1	1	442	13.26		300	0	0	0.0221	0.0221	-0.0382482	0	0	0	117.593	117.593	3.0429e-05	0	0	0	3.38734	-0.354796	0	3.74213		300	0.525557	0.015685	0.015685	-0.0313701	0	0	0	0.525557	0	-0.469668	-153.69	0	26.9754	26.9754	0	7.04502	0	0	0	0	0	0	0	0	0	0	0	0	0	0	0	0	0	0	0	0	0	0	0	0	0	0	0	0	0	0	0	0	0	
1	1	1	443	13.29		300	0	0	0.02215	0.02215	-0.0383407	0	0	0	117.741	117.741	3.04301e-05	0	0	0	3.3991	-0.351733	0	3.75084		300	0.526792	0.015727	0.015727	-0.031454	0	0	0	0.526792	0	-0.469668	-153.69	0	26.9754	26.9754	0	7.04502	0	0	0	0	0	0	0	0	0	0	0	0	0	0	0	0	0	0	0	0	0	0	0	0	0	0	0	0	0	0	0	0	0	
1	1	1	444	13.32		300	0	0	0.0222	0.0222	-0.0384332	0	0	0	117.889	117.889	3.04312e-05	0	0	0	3.41089	-0.348655	0	3.75954		300	0.528027	0.0157689	0.0157689	-0.0315379	0	0	0	0.528027	0	-0.469668	-153.69	0	26.9754	26.9754	0	7.04502	0	0	0	0	0	0	0	0	0	0	0	0	0	0	0	0	0	0	0	0	0	0	0	0	0	0	0	0	0	0	0	0	0	
1	1	1	445	13.35		300	0	0	0.02225	0.02225	-0.0385258	0	0	0	118.036	118.036	3.04322e-05	0	0	0	3.42268	-0.345559	0	3.76824		300	0.529261	0.0158109	0.0158109	-0.0316217	0	0	0	0.529261	0	-0.469668	-153.69	0	26.9754	26.9754	0	7.04502	0	0	0	0	0	0	0	0	0	0	0	0	0	0	0	0	0	0	0	0	0	0	0	0	0	0	0	0	0	0	0	0	0	
1	1	1	446	13.38		300	0	0	0.0223	0.0223	-0.0386183	0	0	0	118.184	118.184	3.04332e-05	0	0	0	3.43449	-0.342447	0	3.77694		300	0.530495	0.0158528	0.0158528	-0.0317056	0	0	0	0.530495	0	-0.469668	-153.69	0	26.9754	26.9754	0	7.04502	0	0	0	0	0	0	0	0	0	0	0	0	0	0	0	0	0	0	0	0	0	0	0	0	0	0	0	0	0	0	0	0	0	
1	1	1	447	13.41		300	0	0	0.02235	0.02235	-0.0387108	0	0	0	118.332	118.332	3.04342e-05	0	0	0	3.44632	-0.339319	0	3.78564		300	0.531729	0.0158948	0.0158948	-0.0317895	0	0	0	0.531729	0	-0.469668	-153.69	0	26.9754	26.9754	0	7.04502	0	0	0	0	0	0	0	0	0	0	0	0	0	0	0	0	0	0	0	0	0	0	0	0	0	0	0	0	0	0	0	0	0	
1	1	1	448	13.44		300	0	0	0.0224	0.0224	-0.0388033	0	0	0	118.48	118.48	3.04352e-05	0	0	0	3.45816	-0.336173	0	3.79433		300	0.532962	0.0159367	0.0159367	-0.0318734	0	0	0	0.532962	0	-0.469668	-153.69	0	26.9754	26.9754	0	7.04502	0	0	0	0	0	0	0	0	0	0	0	0	0	0	0	0	0	0	0	0	0	0	0	0	0	0	0	0	0	0	0	0	0	
1	1	1	449	13.47		300	0	0	0.02245	0.02245	-0.0388958	0	0	0	118.627	118.627	3.04361e-05	0	0	0	3.47001	-0.333012	0	3.80303		300	0.534196	0.0159786	0.0159786	-0.0319573	0	0	0	0.534196	0	-0.469668	-153.69	0	26.9754	26.9754	0	7.04502	0	0	0	0	0	0	0	0	0	0	0	0	0	0	0	0	0	0	0	0	0	0	0	0	0	0	0	0	0	0	0	0	0	
1	1	1	450	13.5		300	0	0	0.0225	0.0225	-0.0389884	0	0	0	118.775	118.775	3.0437e-05	0	0	0	3.48189	-0.329833	0	3.81172		300	0.535428	0.0160206	0.0160206	-0.0320412	0	0	0	0.535428	0	-0.469668	-153.69	0	26.9754	26.9754	0	7.04502	0	0	0	0	0	0	0	0	0	0	0	0	0	0	0	0	0	0	0	0	0	0	0	0	0	0	0	0	0	0	0	0	0	
1	1	1	451	13.53		300	0	0	0.02255	0.02255	-0.0390809	0	0	0	118.923	118.923	3.04379e-05	0	0	0	3.49377	-0.326638	0	3.82041		300	0.536661	0.0160625	0.0160625	-0.032125	0	0	0	0.536661	0	-0.469668	-153.69	0	26.9754	26.9754	0	7.04502	0	0	0	0	0	0	0	0	0	0	0	0	0	0	0	0	0	0	0	0	0	0	0	0	0	0	0	0	0	0	0	0	0	
1	1	1	452	13.56		300	0	0	0.0226	0.0226	-0.0391734	0	0	0	119.071	119.071	3.04388e-05	0	0	0	3.50567	-0.323426	0	3.8291		300	0.537894	0.0161045	0.0161045	-0.0322089	0	0	0	0.537894	0	-0.469668	-153.69	0	26.9754	26.9754	0	7.04502	0	0	0	0	0	0	0	0	0	0	0	0	0	0	0	0	0	0	0	0	0	0	0	0	0	0	0	0	0	0	0	0	0	
1	1	1	453	13.59		300	0	0	0.02265	0.02265	-0.0392659	0	0	0	119.219	119.219	3.04397e-05	0	0	0	3.51758	-0.320197	0	3.83778		300	0.539126	0.0161464	0.0161464	-0.0322928	0	0	0	0.539126	0	-0.469668	-153.69	0	26.9754	26.9754	0	7.04502	0	0	0	0	0	0	0	0	0	0	0	0	0	0	0	0	0	0	0	0	0	0	0	0	0	0	0	0	0	0	0	0	0	
1	1	1	454	13.62		300	0	0	0.0227	0.0227	-0.0393584	0	0	0	119.366	119.366	3.04405e-05	0	0	0	3.52951	-0.316952	0	3.84647		300	0.540358	0.0161883	0.0161883	-0.0323767	0	0	0	0.540358	0	-0.469668	-153.69	0	26.9754	26.9754	0	7.04502	0	0	0	0	0	0	0	0	0	0	0	0	0	0	0	0	0	0	0	0	0	0	0	0	0	0	0	0	0	0	0	0	0	
1	1	1	455	13.65		300	0	0	0.02275	0.02275	-0.039451	0	0	0	119.514	119.514	3.04413e-05	0	0	0	3.54146	-0.31369	0	3.85515		300	0.541589	0.0162303	0.0162303	-0.0324605	0	0	0	0.541589	0	-0.469668	-153.69	0	26.9754	26.9754	0	7.04502	0	0	0	0	0	0	0	0	0	0	0	0	0	0	0	0	0	0	0	0	0	0	0	0	0	0	0	0	0	0	0	0	0	
1	1	1	456	13.68		300	0	0	0.0228	0.0228	-0.0395435	0	0	0	119.662	119.662	3.04421e-05	0	0	0	3.55342	-0.310411	0	3.86383		300	0.542821	0.0162722	0.0162722	-0.0325444	0	0	0	0.542821	0	-0.469668	-153.69	0	26.9754	26.9754	0	7.04502	0	0	0	0	0	0	0	0	0	0	0	0	0	0	0	0	0	0	0	0	0	0	0	0	0	0	0	0	0	0	0	0	0	
1	1	1	457	13.71		300	0	0	0.02285	0.02285	-0.039636	0	0	0	119.81	119.81	3.04429e-05	0	0	0	3.56539	-0.307116	0	3.87251		300	0.544052	0.0163141	0.0163141	-0.0326282	0	0	0	0.544052	0	-0.469668	-153.69	0	26.9754	26.9754	0	7.04502	0	0	0	0	0	0	0	0	0	0	0	0	0	0	0	0	0	0	0	0	0	0	0	0	0	0	0	0	0	0	0	0	0	
1	1	1	458	13.74		300	0	0	0.0229	0.0229	-0.0397285	0	0	0	119.958	119.958	3.04437e-05	0	0	0	3.57738	-0.303804	0	3.88118		300	0.545283	0.0163561	0.0163561	-0.0327121	0	0	0	0.545283	0	-0.469668	-153.69	0	26.9754	26.9754	0	7.04502	0	0	0	0	0	0	0	0	0	0	0	0	0	0	0	0	0	0	0	0	0	0	0	0	0	0	0	0	0	0	0	0	0	
1	1	1	459	13.77		300	0	0	0.02295	0.02295	-0.039821	0	0	0	120.106	120.106	3.04444e-05	0	0	0	3.58938	-0.300475	0	3.88986		300	0.546513	0.016398	0.016398	-0.032796	0	0	0	0.546513	0	-0.469668	-153.69	0	26.9754	26.9754	0	7.04502	0	0	0	0	0	0	0	0	0	0	0	0	0	0	0	0	0	0	0	0	0	0	0	0	0	0	0	0	0	0	0	0	0	
1	1	1	460	13.8		300	0	0	0.023	0.023	-0.0399135	0	0	0	120.254	120.254	3.04452e-05	0	0	0	3.6014	-0.297129	0	3.89853		300	0.547743	0.0164399	0.0164399	-0.0328798	0	0	0	0.547743	0	-0.469668	-153.69	0	26.9754	26.9754	0	7.04502	0	0	0	0	0	0	0	0	0	0	0	0	0	0	0	0	0	0	0	0	0	0	0	0	0	0	0	0	0	0	0	0	0	
1	1	1	461	13.83		300	0	0	0.02305	0.02305	-0.040006	0	0	0	120.402	120.402	3.04459e-05	0	0	0	3.61343	-0.293767	0	3.9072		300	0.548973	0.0164818	0.0164818	-0.0329637	0	0	0	0.548973	0	-0.469668	-153.69	0	26.9754	26.9754	0	7.04502	0	0	0	0	0	0	0	0	0	0	0	0	0	0	0	0	0	0	0	0	0	0	0	0	0	0	0	0	0	0	0	0	0	
1	1	1	462	13.86		300	0	0	0.0231	0.0231	-0.0400985	0	0	0	120.55	120.55	3.04465e-05	0	0	0	3.62548	-0.290387	0	3.91587		300	0.550203	0.0165238	0.0165238	-0.0330475	0	0	0	0.550203	0	-0.469668	-153.69	0	26.9754	26.9754	0	7.04502	0	0	0	0	0	0	0	0	0	0	0	0	0	0	0	0	0	0	0	0	0	0	0	0	0	0	0	0	0	0	0	0	0	
1	1	1	463	13.89		300	0	0	0.02315	0.02315	-0.040191	0	0	0	120.698	120.698	3.04472e-05	0	0	0	3.63754	-0.286991	0	3.92453		300	0.551432	0.0165657	0.0165657	-0.0331314	0	0	0	0.551432	0	-0.469668	-153.69	0	26.9754	26.9754	0	7.04502	0	0	0	0	0	0	0	0	0	0	0	0	0	0	0	0	0	0	0	0	0	0	0	0	0	0	0	0	0	0	0	0	0	
1	1	1	464	13.92		300	0	0	0.0232	0.0232	-0.0402835	0	0	0	120.846	120.846	3.04478e-05	0	0	0	3.64962	-0.283578	0	3.9332		300	0.552661	0.0166076	0.0166076	-0.0332152	0	0	0	0.552661	0	-0.469668	-153.69	0	26.9754	26.9754	0	7.04502	0	0	0	0	0	0	0	0	0	0	0	0	0	0	0	0	0	0	0	0	0	0	0	0	0	0	0	0	0	0	0	0	0	
1	1	1	465	13.95		300	0	0	0.02325	0.02325	-0.040376	0	0	0	120.994	120.994	3.04485e-05	0	0	0	3.66171	-0.280149	0	3.94186		300	0.55389	0.0166495	0.0166495	-0.033299	0	0	0	0.55389	0	-0.469668	-153.69	0	26.9754	26.9754	0	7.04502	0	0	0	0	0	0	0	0	0	0	0	0	0	0	0	0	0	0	0	0	0	0	0	0	0	0	0	0	0	0	0	0	0	
1	1	1	466	13.98		300	0	0	0.0233	0.0233	-0.0404685	0	0	0	121.143	121.143	3.04491e-05	0	0	0	3.67382	-0.276702	0	3.95052		300	0.555119	0.0166914	0.0166914	-0.0333829	0	0	0	0.555119	0	-0.469668	-153.69	0	26.9754	26.9754	0	7.04502	0	0	0	0	0	0	0	0	0	0	0	0	0	0	0	0	0	0	0	0	0	0	0	0	0	0	0	0	0	0	0	0	0	
1	1	1	467	14.01		300	0	0	0.02335	0.02335	-0.040561	0	0	0	121.291	121.291	3.04497e-05	0	0	0	3.68594	-0.273239	0	3.95918		300	0.556347	0.0167333	0.0167333	-0.0334667	0	0	0	0.556347	0	-0.469668	-153.69	0	26.9754	26.9754	0	7.04502	0	0	0	0	0	0	0	0	0	0	0	0	0	0	0	0	0	0	0	0	0	0	0	0	0	0	0	0	0	0	0	0	0	
1	1	1	468	14.04		300	0	0	0.0234	0.0234	-0.0406535	0	0	0	121.439	121.439	3.04502e-05	0	0	0	3.69808	-0.269759	0	3.96784		300	0.557575	0.0167753	0.0167753	-0.0335505	0	0	0	0.557575	0	-0.469668	-153.69	0	26.9754	26.9754	0	7.04502	0	0	0	0	0	0	0	0	0	0	0	0	0	0	0	0	0	0	0	0	0	0	0	0	0	0	0	0	0	0	0	0	0	
1	1	1	469	14.07		300	0	0	0.02345	0.02345	-0.040746	0	0	0	121.587	121.587	3.04508e-05	0	0	0	3.71023	-0.266262	0	3.97649		300	0.558803	0.0168172	0.0168172	-0.0336343	0	0	0	0.558803	0	-0.469668	-153.69	0	26.9754	26.9754	0	7.04502	0	0	0	0	0	0	0	0	0	0	0	0	0	0	0	0	0	0	0	0	0	0	0	0	0	0	0	0	0	0	0	0	0	
1	1	1	470	14.1		300	0	0	0.0235	0.0235	-0.0408385	0	0	0	121.736	121.736	3.04513e-05	0	0	0	3.72239	-0.262748	0	3.98514		300	0.56003	0.0168591	0.0168591	-0.0337181	0	0	0	0.56003	0	-0.469668	-153.69	0	26.9754	26.9754	0	7.04502	0	0	0	0	0	0	0	0	0	0	0	0	0	0	0	0	0	0	0	0	0	0	0	0	0	0	0	0	0	0	0	0	0	
1	1	1	471	14.13		300	0	0	0.02355	0.02355	-0.040931	0	0	0	121.884	121.884	3.04518e-05	0	0	0	3.73457	-0.259217	0	3.99379		300	0.561257	0.016901	0.016901	-0.033802	0	0	0	0.561257	0	-0.469668	-153.69	0	26.9754	26.9754	0	7.04502	0	0	0	0	0	0	0	0	0	0	0	0	0	0	0	0	0	0	0	0	0	0	0	0	0	0	0	0	0	0	0	0	0	
1	1	1	472	14.16		300	0	0	0.0236	0.0236	-0.0410235	0	0	0	122.033	122.033	3.04523e-05	0	0	0	3.74677	-0.255669	0	4.00244		300	0.562484	0.0169429	0.0169429	-0.0338858	0	0	0	0.562484	0	-0.469668	-153.69	0	26.9754	26.9754	0	7.04502	0	0	0	0	0	0	0	0	0	0	0	0	0	0	0	0	0	0	0	0	0	0	0	0	0	0	0	0	0	0	0	0	0	
1	1	1	473	14.19		300	0	0	0.02365	0.02365	-0.041116	0	0	0	122.181	122.181	3.04528e-05	0	0	0	3.75898	-0.252105	0	4.01109		300	0.563711	0.0169848	0.0169848	-0.0339696	0	0	0	0.563711	0	-0.469668	-153.69	0	26.9754	26.9754	0	7.04502	0	0	0	0	0	0	0	0	0	0	0	0	0	0	0	0	0	0	0	0	0	0	0	0	0	0	0	0	0	0	0	0	0	
1	1	1	474	14.22		300	0	0	0.0237	0.0237	-0.0412085	0	0	0	122.33	122.33	3.04533e-05	0	0	0	3.77121	-0.248523	0	4.01973		300	0.564937	0.0170267	0.0170267	-0.0340534	0	0	0	0.564937	0	-0.469668	-153.69	0	26.9754	26.9754	0	7.04502	0	0	0	0	0	0	0	0	0	0	0	0	0	0	0	0	0	0	0	0	0	0	0	0	0	0	0	0	0	0	0	0	0	
1	1	1	475	14.25		300	0	0	0.02375	0.02375	-0.0413009	0	0	0	122.478	122.478	3.04537e-05	0	0	0	3.78345	-0.244925	0	4.02837		300	0.566163	0.0170686	0.0170686	-0.0341371	0	0	0	0.566163	0	-0.469668	-153.69	0	26.9754	26.9754	0	7.04502	0	0	0	0	0	0	0	0	0	0	0	0	0	0	0	0	0	0	0	0	0	0	0	0	0	0	0	0	0	0	0	0	0	
1	1	1	476	14.28		300	0	0	0.0238	0.0238	-0.0413934	0	0	0	122.627	122.627	3.04541e-05	0	0	0	3.7957	-0.241309	0	4.03701		300	0.567388	0.0171105	0.0171105	-0.0342209	0	0	0	0.567388	0	-0.469668	-153.69	0	26.9754	26.9754	0	7.04502	0	0	0	0	0	0	0	0	0	0	0	0	0	0	0	0	0	0	0	0	0	0	0	0	0	0	0	0	0	0	0	0	0	
1	1	1	477	14.31		300	0	0	0.02385	0.02385	-0.0414859	0	0	0	122.775	122.775	3.04545e-05	0	0	0	3.80797	-0.237677	0	4.04565		300	0.568614	0.0171524	0.0171524	-0.0343047	0	0	0	0.568614	0	-0.469668	-153.69	0	26.9754	26.9754	0	7.04502	0	0	0	0	0	0	0	0	0	0	0	0	0	0	0	0	0	0	0	0	0	0	0	0	0	0	0	0	0	0	0	0	0	
1	1	1	478	14.34		300	0	0	0.0239	0.0239	-0.0415784	0	0	0	122.924	122.924	3.04549e-05	0	0	0	3.82026	-0.234027	0	4.05428		300	0.569839	0.0171942	0.0171942	-0.0343885	0	0	0	0.569839	0	-0.469668	-153.69	0	26.9754	26.9754	0	7.04502	0	0	0	0	0	0	0	0	0	0	0	0	0	0	0	0	0	0	0	0	0	0	0	0	0	0	0	0	0	0	0	0	0	
1	1	1	479	14.37		300	0	0	0.02395	0.02395	-0.0416708	0	0	0	123.073	123.073	3.04553e-05	0	0	0	3.83256	-0.230361	0	4.06292		300	0.571063	0.0172361	0.0172361	-0.0344722	0	0	0	0.571063	0	-0.469668	-153.69	0	26.9754	26.9754	0	7.04502	0	0	0	0	0	0	0	0	0	0	0	0	0	0	0	0	0	0	0	0	0	0	0	0	0	0	0	0	0	0	0	0	0	
1	1	1	480	14.4		300	0	0	0.024	0.024	-0.0417633	0	0	0	123.222	123.222	3.04557e-05	0	0	0	3.84487	-0.226677	0	4.07155		300	0.572288	0.017278	0.017278	-0.034556	0	0	0	0.572288	0	-0.469668	-153.69	0	26.9754	26.9754	0	7.04502	0	0	0	0	0	0	0	0	0	0	0	0	0	0	0	0	0	0	0	0	0	0	0	0	0	0	0	0	0	0	0	0	0	
1	1	1	481	14.43		300	0	0	0.02405	0.02405	-0.0418558	0	0	0	123.371	123.371	3.0456e-05	0	0	0	3.8572	-0.222977	0	4.08018		300	0.573512	0.0173199	0.0173199	-0.0346398	0	0	0	0.573512	0	-0.469668	-153.69	0	26.9754	26.9754	0	7.04502	0	0	0	0	0	0	0	0	0	0	0	0	0	0	0	0	0	0	0	0	0	0	0	0	0	0	0	0	0	0	0	0	0	
1	1	1	482	14.46		300	0	0	0.0241	0.0241	-0.0419482	0	0	0	123.52	123.52	3.04563e-05	0	0	0	3.86955	-0.219259	0	4.08881		300	0.574736	0.0173618	0.0173618	-0.0347235	0	0	0	0.574736	0	-0.469668	-153.69	0	26.9754	26.9754	0	7.04502	0	0	0	0	0	0	0	0	0	0	0	0	0	0	0	0	0	0	0	0	0	0	0	0	0	0	0	0	0	0	0	0	0	
1	1	1	483	14.49		300	0	0	0.02415	0.02415	-0.0420407	0	0	0	123.669	123.669	3.04566e-05	0	0	0	3.88191	-0.215525	0	4.09743		300	0.575959	0.0174036	0.0174036	-0.0348073	0	0	0	0.575959	0	-0.469668	-153.69	0	26.9754	26.9754	0	7.04502	0	0	0	0	0	0	0	0	0	0	0	0	0	0	0	0	0	0	0	0	0	0	0	0	0	0	0	0	0	0	0	0	0	
1	1	1	484	14.52		300	0	0	0.0242	0.0242	-0.0421331	0	0	0	123.818	123.818	3.04569e-05	0	0	0	3.89428	-0.211773	0	4.10605		300	0.577182	0.0174455	0.0174455	-0.034891	0	0	0	0.577182	0	-0.469668	-153.69	0	26.9754	26.9754	0	7.04502	0	0	0	0	0	0	0	0	0	0	0	0	0	0	0	0	0	0	0	0	0	0	0	0	0	0	0	0	0	0	0	0	0	
1	1	1	485	14.55		300	0	0	0.02425	0.02425	-0.0422256	0	0	0	123.967	123.967	3.04572e-05	0	0	0	3.90667	-0.208004	0	4.11467		300	0.578405	0.0174874	0.0174874	-0.0349747	0	0	0	0.578405	0	-0.469668	-153.69	0	26.9754	26.9754	0	7.04502	0	0	0	0	0	0	0	0	0	0	0	0	0	0	0	0	0	0	0	0	0	0	0	0	0	0	0	0	0	0	0	0	0	
1	1	1	486	14.58		300	0	0	0.0243	0.0243	-0.0423181	0	0	0	124.116	124.116	3.04574e-05	0	0	0	3.91907	-0.204219	0	4.12329		300	0.579628	0.0175292	0.0175292	-0.0350585	0	0	0	0.579628	0	-0.469668	-153.69	0	26.9754	26.9754	0	7.04502	0	0	0	0	0	0	0	0	0	0	0	0	0	0	0	0	0	0	0	0	0	0	0	0	0	0	0	0	0	0	0	0	0	
1	1	1	487	14.61		300	0	0	0.02435	0.02435	-0.0424105	0	0	0	124.265	124.265	3.04577e-05	0	0	0	3.93149	-0.200416	0	4.13191		300	0.58085	0.0175711	0.0175711	-0.0351422	0	0	0	0.58085	0	-0.469668	-153.69	0	26.9754	26.9754	0	7.04502	0	0	0	0	0	0	0	0	0	0	0	0	0	0	0	0	0	0	0	0	0	0	0	0	0	0	0	0	0	0	0	0	0	
1	1	1	488	14.64		300	0	0	0.0244	0.0244	-0.0425029	0	0	0	124.415	124.415	3.04579e-05	0	0	0	3.94393	-0.196596	0	4.14052		300	0.582072	0.0176129	0.0176129	-0.0352259	0	0	0	0.582072	0	-0.469668	-153.69	0	26.9754	26.9754	0	7.04502	0	0	0	0	0	0	0	0	0	0	0	0	0	0	0	0	0	0	0	0	0	0	0	0	0	0	0	0	0	0	0	0	0	
1	1	1	489	14.67		300	0	0	0.02445	0.02445	-0.0425954	0	0	0	124.564	124.564	3.04581e-05	0	0	0	3.95638	-0.192758	0	4.14913		300	0.583294	0.0176548	0.0176548	-0.0353096	0	0	0	0.583294	0	-0.469668	-153.69	0	26.9754	26.9754	0	7.04502	0	0	0	0	0	0	0	0	0	0	0	0	0	0	0	0	0	0	0	0	0	0	0	0	0	0	0	0	0	0	0	0	0	
1	1	1	490	14.7		300	0	0	0.0245	0.0245	-0.0426878	0	0	0	124.713	124.713	3.04583e-05	0	0	0	3.96884	-0.188904	0	4.15774		300	0.584515	0.0176966	0.0176966	-0.0353933	0	0	0	0.584515	0	-0.469668	-153.69	0	26.9754	26.9754	0	7.04502	0	0	0	0	0	0	0	0	0	0	0	0	0	0	0	0	0	0	0	0	0	0	0	0	0	0	0	0	0	0	0	0	0	
1	1	1	491	14.73		300	0	0	0.02455	0.02455	-0.0427803	0	0	0	124.863	124.863	3.04584e-05	0	0	0	3.98132	-0.185032	0	4.16635		300	0.585736	0.0177385	0.0177385	-0.035477	0	0	0	0.585736	0	-0.469668	-153.69	0	26.9754	26.9754	0	7.04502	0	0	0	0	0	0	0	0	0	0	0	0	0	0	0	0	0	0	0	0	0	0	0	0	0	0	0	0	0	0	0	0	0	
1	1	1	492	14.76		300	0	0	0.0246	0.0246	-0.0428727	0	0	0	125.012	125.012	3.04586e-05	0	0	0	3.99381	-0.181144	0	4.17496		300	0.586957	0.0177803	0.0177803	-0.0355606	0	0	0	0.586957	0	-0.469668	-153.69	0	26.9754	26.9754	0	7.04502	0	0	0	0	0	0	0	0	0	0	0	0	0	0	0	0	0	0	0	0	0	0	0	0	0	0	0	0	0	0	0	0	0	
1	1	1	493	14.79		300	0	0	0.02465	0.02465	-0.0429651	0	0	0	125.162	125.162	3.04587e-05	0	0	0	4.00632	-0.177238	0	4.18356		300	0.588177	0.0178222	0.0178222	-0.0356443	0	0	0	0.588177	0	-0.469668	-153.69	0	26.9754	26.9754	0	7.04502	0	0	0	0	0	0	0	0	0	0	0	0	0	0	0	0	0	0	0	0	0	0	0	0	0	0	0	0	0	0	0	0	0	
1	1	1	494	14.82		300	0	0	0.0247	0.0247	-0.0430575	0	0	0	125.312	125.312	3.04589e-05	0	0	0	4.01884	-0.173314	0	4.19216		300	0.589397	0.017864	0.017864	-0.035728	0	0	0	0.589397	0	-0.469668	-153.69	0	26.9754	26.9754	0	7.04502	0	0	0	0	0	0	0	0	0	0	0	0	0	0	0	0	0	0	0	0	0	0	0	0	0	0	0	0	0	0	0	0	0	
1	1	1	495	14.85		300	0	0	0.02475	0.02475	-0.0431499	0	0	0	125.462	125.462	3.0459e-05	0	0	0	4.03138	-0.169374	0	4.20076		300	0.590617	0.0179058	0.0179058	-0.0358116	0	0	0	0.590617	0	-0.469668	-153.69	0	26.9754	26.9754	0	7.04502	0	0	0	0	0	0	0	0	0	0	0	0	0	0	0	0	0	0	0	0	0	0	0	0	0	0	0	0	0	0	0	0	0	
1	1	1	496	14.88		300	0	0	0.0248	0.0248	-0.0432424	0	0	0	125.611	125.611	3.0459e-05	0	0	0	4.04394	-0.165416	0	4.20935		300	0.591836	0.0179476	0.0179476	-0.0358953	0	0	0	0.591836	0	-0.469668	-153.69	0	26.9754	26.9754	0	7.04502	0	0	0	0	0	0	0	0	0	0	0	0	0	0	0	0	0	0	0	0	0	0	0	0	0	0	0	0	0	0	0	0	0	
1	1	1	497	14.91		300	0	0	0.02485	0.02485	-0.0433348	0	0	0	125.761	125.761	3.04591e-05	0	0	0	4.05651	-0.161441	0	4.21795		300	0.593055	0.0179895	0.0179895	-0.0359789	0	0	0	0.593055	0	-0.469668	-153.69	0	26.9754	26.9754	0	7.04502	0	0	0	0	0	0	0	0	0	0	0	0	0	0	0	0	0	0	0	0	0	0	0	0	0	0	0	0	0	0	0	0	0	
1	1	1	498	14.94		300	0	0	0.0249	0.0249	-0.0434272	0	0	0	125.911	125.911	3.04592e-05	0	0	0	4.06909	-0.157449	0	4.22654		300	0.594274	0.0180313	0.0180313	-0.0360626	0	0	0	0.594274	0	-0.469668	-153.69	0	26.9754	26.9754	0	7.04502	0	0	0	0	0	0	0	0	0	0	0	0	0	0	0	0	0	0	0	0	0	0	0	0	0	0	0	0	0	0	0	0	0	
1	1	1	499	14.97		300	0	0	0.02495	0.02495	-0.0435196	0	0	0	126.061	126.061	3.04592e-05	0	0	0	4.08169	-0.153439	0	4.23513		300	0.595493	0.0180731	0.0180731	-0.0361462	0	0	0	0.595493	0	-0.469668	-153.69	0	26.9754	26.9754	0	7.04502	0	0	0	0	0	0	0	0	0	0	0	0	0	0	0	0	0	0	0	0	0	0	0	0	0	0	0	0	0	0	0	0	0	
1	1	1	500	15		300	0	0	0.025	0.025	-0.043612	0	0	0	126.212	126.212	3.12994e-05	0	0	0	4.0943	-0.149412	0	4.24371		300	0.596711	0.0181149	0.0181149	-0.0362298	0	0	0	0.596711	0	-0.469668	-153.69	0	26.9754	26.9754	0	7.04502	0	0	0	0	0	0	0	0	0	0	0	0	0	0	0	0	0	0	0	0	0	0	0	0	0	0	0	0	0	0	0	0	0	
1	1	1	501	15.03		300	0	0	0.02505	0.02505	-0.0437044	0	0	0	126.362	126.362	3.1593e-05	0	0	0	4.10693	-0.145368	0	4.2523		300	0.597928	0.0181567	0.0181567	-0.0363134	0	0	0	0.597928	0	-0.469668	-153.69	0	26.9754	26.9754	0	7.04502	0	0	0	0	0	0	0	0	0	0	0	0	0	0	0	0	0	0	0	0	0	0	0	0	0	0	0	0	0	0	0	0	0	
1	1	1	502	15.06		300	0	0	0.0251	0.0251	-0.0437968	0	0	0	126.512	126.512	3.1339e-05	0	0	0	4.11957	-0.141306	0	4.26088		300	0.599146	0.0181985	0.0181985	-0.036397	0	0	0	0.599146	0	-0.469668	-153.69	0	26.9754	26.9754	0	7.04502	0	0	0	0	0	0	0	0	0	0	0	0	0	0	0	0	0	0	0	0	0	0	0	0	0	0	0	0	0	0	0	0	0	
1	1	1	503	15.09		300	0	0	0.02515	0.02515	-0.0438892	0	0	0	126.663	126.663	3.05365e-05	0	0	0	4.13223	-0.137227	0	4.26946		300	0.600363	0.0182403	0.0182403	-0.0364806	0	0	0	0.600363	0	-0.469668	-153.69	0	26.9754	26.9754	0	7.04502	0	0	0	0	0	0	0	0	0	0	0	0	0	0	0	0	0	0	0	0	0	0	0	0	0	0	0	0	0	0	0	0	0	
1	1	1	504	15.12		300	0	0	0.0252	0.0252	-0.0439815	0	0	0	126.813	126.813	3.05364e-05	0	0	0	4.14491	-0.133131	0	4.27804		300	0.60158	0.0182821	0.0182821	-0.0365642	0	0	0	0.60158	0	-0.469668	-153.69	0	26.9754	26.9754	0	7.04502	0	0	0	0	0	0	0	0	0	0	0	0	0	0	0	0	0	0	0	0	0	0	0	0	0	0	0	0	0	0	0	0	0	
1	1	1	505	15.15		300	0	0	0.02525	0.02525	-0.0440739	0	0	0	126.964	126.964	3.05364e-05	0	0	0	4.15759	-0.129017	0	4.28661		300	0.602796	0.0183239	0.0183239	-0.0366478	0	0	0	0.602796	0	-0.469668	-153.69	0	26.9754	26.9754	0	7.04502	0	0	0	0	0	0	0	0	0	0	0	0	0	0	0	0	0	0	0	0	0	0	0	0	0	0	0	0	0	0	0	0	0	
1	1	1	506	15.18		300	0	0	0.0253	0.0253	-0.0441663	0	0	0	127.114	127.114	3.05363e-05	0	0	0	4.1703	-0.124886	0	4.29518		300	0.604012	0.0183657	0.0183657	-0.0367313	0	0	0	0.604012	0	-0.469668	-153.69	0	26.9754	26.9754	0	7.04502	0	0	0	0	0	0	0	0	0	0	0	0	0	0	0	0	0	0	0	0	0	0	0	0	0	0	0	0	0	0	0	0	0	
1	1	1	507	15.21		300	0	0	0.02535	0.02535	-0.0442587	0	0	0	127.265	127.265	3.05362e-05	0	0	0	4.18302	-0.120737	0	4.30375		300	0.605228	0.0184074	0.0184074	-0.0368149	0	0	0	0.605228	0	-0.469668	-153.69	0	26.9754	26.9754	0	7.04502	0	0	0	0	0	0	0	0	0	0	0	0	0	0	0	0	0	0	0	0	0	0	0	0	0	0	0	0	0	0	0	0	0	
1	1	1	508	15.24		300	0	0	0.0254	0.0254	-0.044351	0	0	0	127.416	127.416	3.05361e-05	0	0	0	4.19575	-0.11657	0	4.31232		300	0.606443	0.0184492	0.0184492	-0.0368984	0	0	0	0.606443	0	-0.469668	-153.69	0	26.9754	26.9754	0	7.04502	0	0	0	0	0	0	0	0	0	0	0	0	0	0	0	0	0	0	0	0	0	0	0	0	0	0	0	0	0	0	0	0	0	
1	1	1	509	15.27		300	0	0	0.02545	0.02545	-0.0444434	0	0	0	127.567	127.567	3.0536e-05	0	0	0	4.2085	-0.112387	0	4.32089		300	0.607658	0.018491	0.018491	-0.036982	0	0	0	0.607658	0	-0.469668	-153.69	0	26.9754	26.9754	0	7.04502	0	0	0	0	0	0	0	0	0	0	0	0	0	0	0	0	0	0	0	0	0	0	0	0	0	0	0	0	0	0	0	0	0	
1	1	1	510	15.3		300	0	0	0.0255	0.0255	-0.0445357	0	0	0	127.718	127.718	3.05359e-05	0	0	0	4.22127	-0.108185	0	4.32945		300	0.608873	0.0185327	0.0185327	-0.0370655	0	0	0	0.608873	0	-0.469668	-153.69	0	26.9754	26.9754	0	7.04502	0	0	0	0	0	0	0	0	0	0	0	0	0	0	0	0	0	0	0	0	0	0	0	0	0	0	0	0	0	0	0	0	0	
1	1	1	511	15.33		300	0	0	0.02555	0.02555	-0.0446281	0	0	0	127.869	127.869	3.05357e-05	0	0	0	4.23404	-0.103966	0	4.33801		300	0.610087	0.0185745	0.0185745	-0.037149	0	0	0	0.610087	0	-0.469668	-153.69	0	26.9754	26.9754	0	7.04502	0	0	0	0	0	0	0	0	0	0	0	0	0	0	0	0	0	0	0	0	0	0	0	0	0	0	0	0	0	0	0	0	0	
1	1	1	512	15.36		300	0	0	0.0256	0.0256	-0.0447204	0	0	0	128.02	128.02	3.05356e-05	0	0	0	4.24684	-0.09973	0	4.34657		300	0.611301	0.0186162	0.0186162	-0.0372325	0	0	0	0.611301	0	-0.469668	-153.69	0	26.9754	26.9754	0	7.04502	0	0	0	0	0	0	0	0	0	0	0	0	0	0	0	0	0	0	0	0	0	0	0	0	0	0	0	0	0	0	0	0	0	
1	1	1	513	15.39		300	0	0	0.02565	0.02565	-0.0448128	0	0	0	128.171	128.171	3.05354e-05	0	0	0	4.25965	-0.095476	0	4.35512		300	0.612515	0.018658	0.018658	-0.037316	0	0	0	0.612515	0	-0.469668	-153.69	0	26.9754	26.9754	0	7.04502	0	0	0	0	0	0	0	0	0	0	0	0	0	0	0	0	0	0	0	0	0	0	0	0	0	0	0	0	0	0	0	0	0	
1	1	1	514	15.42		300	0	0	0.0257	0.0257	-0.0449051	0	0	0	128.323	128.323	3.05352e-05	0	0	0	4.27247	-0.0912043	0	4.36368		300	0.613728	0.0186997	0.0186997	-0.0373995	0	0	0	0.613728	0	-0.469668	-153.69	0	26.9754	26.9754	0	7.04502	0	0	0	0	0	0	0	0	0	0	0	0	0	0	0	0	0	0	0	0	0	0	0	0	0	0	0	0	0	0	0	0	0	
1	1	1	515	15.45		300	0	0	0.02575	0.02575	-0.0449975	0	0	0	128.474	128.474	3.0535e-05	0	0	0	4.28531	-0.0869151	0	4.37223		300	0.614941	0.0187415	0.0187415	-0.0374829	0	0	0	0.614941	0	-0.469668	-153.69	0	26.9754	26.9754	0	7.04502	0	0	0	0	0	0	0	0	0	0	0	0	0	0	0	0	0	0	0	0	0	0	0	0	0	0	0	0	0	0	0	0	0	
1	1	1	516	15.48		300	0	0	0.0258	0.0258	-0.0450898	0	0	0	128.626	128.626	3.05348e-05	0	0	0	4.29817	-0.0826082	0	4.38078		300	0.616154	0.0187832	0.0187832	-0.0375664	0	0	0	0.616154	0	-0.469668	-153.69	0	26.9754	26.9754	0	7.04502	0	0	0	0	0	0	0	0	0	0	0	0	0	0	0	0	0	0	0	0	0	0	0	0	0	0	0	0	0	0	0	0	0	
1	1	1	517	15.51		300	0	0	0.02585	0.02585	-0.0451821	0	0	0	128.778	128.778	3.05345e-05	0	0	0	4.31104	-0.0782837	0	4.38932		300	0.617366	0.0188249	0.0188249	-0.0376498	0	0	0	0.617366	0	-0.469668	-153.69	0	26.9754	26.9754	0	7.04502	0	0	0	0	0	0	0	0	0	0	0	0	0	0	0	0	0	0	0	0	0	0	0	0	0	0	0	0	0	0	0	0	0	
1	1	1	518	15.54		300	0	0	0.0259	0.0259	-0.0452744	0	0	0	128.929	128.929	3.05343e-05	0	0	0	4.32392	-0.0739414	0	4.39786		300	0.618578	0.0188666	0.0188666	-0.0377333	0	0	0	0.618578	0	-0.469668	-153.69	0	26.9754	26.9754	0	7.04502	0	0	0	0	0	0	0	0	0	0	0	0	0	0	0	0	0	0	0	0	0	0	0	0	0	0	0	0	0	0	0	0	0	
1	1	1	519	15.57		300	0	0	0.02595	0.02595	-0.0453667	0	0	0	129.081	129.081	3.0534e-05	0	0	0	4.33682	-0.0695815	0	4.40641		300	0.61979	0.0189084	0.0189084	-0.0378167	0	0	0	0.61979	0	-0.469668	-153.69	0	26.9754	26.9754	0	7.04502	0	0	0	0	0	0	0	0	0	0	0	0	0	0	0	0	0	0	0	0	0	0	0	0	0	0	0	0	0	0	0	0	0	
1	1	1	520	15.6		300	0	0	0.026	0.026	-0.045459	0	0	0	129.233	129.233	3.05337e-05	0	0	0	4.34974	-0.0652038	0	4.41494		300	0.621001	0.0189501	0.0189501	-0.0379001	0	0	0	0.621001	0	-0.469668	-153.69	0	26.9754	26.9754	0	7.04502	0	0	0	0	0	0	0	0	0	0	0	0	0	0	0	0	0	0	0	0	0	0	0	0	0	0	0	0	0	0	0	0	0	
1	1	1	521	15.63		300	0	0	0.02605	0.02605	-0.0455513	0	0	0	129.386	129.386	3.05334e-05	0	0	0	4.36267	-0.0608083	0	4.42348		300	0.622212	0.0189918	0.0189918	-0.0379835	0	0	0	0.622212	0	-0.469668	-153.69	0	26.9754	26.9754	0	7.04502	0	0	0	0	0	0	0	0	0	0	0	0	0	0	0	0	0	0	0	0	0	0	0	0	0	0	0	0	0	0	0	0	0	
1	1	1	522	15.66		300	0	0	0.0261	0.0261	-0.0456436	0	0	0	129.538	129.538	3.05331e-05	0	0	0	4.37562	-0.0563951	0	4.43201		300	0.623422	0.0190335	0.0190335	-0.0380669	0	0	0	0.623422	0	-0.469668	-153.69	0	26.9754	26.9754	0	7.04502	0	0	0	0	0	0	0	0	0	0	0	0	0	0	0	0	0	0	0	0	0	0	0	0	0	0	0	0	0	0	0	0	0	
1	1	1	523	15.69		300	0	0	0.02615	0.02615	-0.0457359	0	0	0	129.69	129.69	3.05328e-05	0	0	0	4.38858	-0.0519641	0	4.44054		300	0.624632	0.0190751	0.0190751	-0.0381503	0	0	0	0.624632	0	-0.469668	-153.69	0	26.9754	26.9754	0	7.04502	0	0	0	0	0	0	0	0	0	0	0	0	0	0	0	0	0	0	0	0	0	0	0	0	0	0	0	0	0	0	0	0	0	
1	1	1	524	15.72		300	0	0	0.0262	0.0262	-0.0458282	0	0	0	129.843	129.843	3.05325e-05	0	0	0	4.40155	-0.0475153	0	4.44907		300	0.625842	0.0191168	0.0191168	-0.0382337	0	0	0	0.625842	0	-0.469668	-153.69	0	26.9754	26.9754	0	7.04502	0	0	0	0	0	0	0	0	0	0	0	0	0	0	0	0	0	0	0	0	0	0	0	0	0	0	0	0	0	0	0	0	0	
1	1	1	525	15.75		300	0	0	0.02625	0.02625	-0.0459205	0	0	0	129.995	129.995	3.05321e-05	0	0	0	4.41455	-0.0430486	0	4.4576		300	0.627051	0.0191585	0.0191585	-0.038317	0	0	0	0.627051	0	-0.469668	-153.69	0	26.9754	26.9754	0	7.04502	0	0	0	0	0	0	0	0	0	0	0	0	0	0	0	0	0	0	0	0	0	0	0	0	0	0	0	0	0	0	0	0	0	
1	1	1	526	15.78		300	0	0	0.0263	0.0263	-0.0460128	0	0	0	130.148	130.148	3.05318e-05	0	0	0	4.42755	-0.0385641	0	4.46612		300	0.62826	0.0192002	0.0192002	-0.0384003	0	0	0	0.62826	0	-0.469668	-153.69	0	26.9754	26.9754	0	7.04502	0	0	0	0	0	0	0	0	0	0	0	0	0	0	0	0	0	0	0	0	0	0	0	0	0	0	0	0	0	0	0	0	0	
1	1	1	527	15.81		300	0	0	0.02635	0.02635	-0.046105	0	0	0	130.301	130.301	3.05314e-05	0	0	0	4.44058	-0.0340616	0	4.47464		300	0.629469	0.0192418	0.0192418	-0.0384837	0	0	0	0.629469	0	-0.469668	-153.69	0	26.9754	26.9754	0	7.04502	0	0	0	0	0	0	0	0	0	0	0	0	0	0	0	0	0	0	0	0	0	0	0	0	0	0	0	0	0	0	0	0	0	
1	1	1	528	15.84		300	0	0	0.0264	0.0264	-0.0461973	0	0	0	130.454	130.454	3.0531e-05	0	0	0	4.45361	-0.0295413	0	4.48316		300	0.630677	0.0192835	0.0192835	-0.038567	0	0	0	0.630677	0	-0.469668	-153.69	0	26.9754	26.9754	0	7.04502	0	0	0	0	0	0	0	0	0	0	0	0	0	0	0	0	0	0	0	0	0	0	0	0	0	0	0	0	0	0	0	0	0	
1	1	1	529	15.87		300	0	0	0.02645	0.02645	-0.0462895	0	0	0	130.607	130.607	3.05306e-05	0	0	0	4.46667	-0.025003	0	4.49167		300	0.631885	0.0193251	0.0193251	-0.0386503	0	0	0	0.631885	0	-0.469668	-153.69	0	26.9754	26.9754	0	7.04502	0	0	0	0	0	0	0	0	0	0	0	0	0	0	0	0	0	0	0	0	0	0	0	0	0	0	0	0	0	0	0	0	0	
1	1	1	530	15.9		300	0	0	0.0265	0.0265	-0.0463818	0	0	0	130.76	130.76	3.05301e-05	0	0	0	4.47974	-0.0204467	0	4.50018		300	0.633093	0.0193668	0.0193668	-0.0387336	0	0	0	0.633093	0	-0.469668	-153.69	0	26.9754	26.9754	0	7.04502	0	0	0	0	0	0	0	0	0	0	0	0	0	0	0	0	0	0	0	0	0	0	0	0	0	0	0	0	0	0	0	0	0	
1	1	1	531	15.93		300	0	0	0.02655	0.02655	-0.046474	0	0	0	130.913	130.913	3.05297e-05	0	0	0	4.49282	-0.0158725	0	4.50869		300	0.6343	0.0194084	0.0194084	-0.0388169	0	0	0	0.6343	0	-0.469668	-153.69	0	26.9754	26.9754	0	7.04502	0	0	0	0	0	0	0	0	0	0	0	0	0	0	0	0	0	0	0	0	0	0	0	0	0	0	0	0	0	0	0	0	0	
1	1	1	532	15.96		300	0	0	0.0266	0.0266	-0.0465663	0	0	0	131.066	131.066	3.05293e-05	0	0	0	4.50592	-0.0112803	0	4.5172		300	0.635506	0.0194501	0.0194501	-0.0389001	0	0	0	0.635506	0	-0.469668	-153.69	0	26.9754	26.9754	0	7.04502	0	0	0	0	0	0	0	0	0	0	0	0	0	0	0	0	0	0	0	0	0	0	0	0	0	0	0	0	0	0	0	0	0	
1	1	1	533	15.99		300	0	0	0.02665	0.02665	-0.0466585	0	0	0	131.22	131.22	3.05288e-05	0	0	0	4.51903	-0.00666999	0	4.5257		300	0.636713	0.0194917	0.0194917	-0.0389834	0	0	0	0.636713	0	-0.469668	-153.69	0	26.9754	26.9754	0	7.04502	0	0	0	0	0	0	0	0	0	0	0	0	0	0	0	0	0	0	0	0	0	0	0	0	0	0	0	0	0	0	0	0	0	
1	1	1	534	16.02		300	0	0	0.0267	0.0267	-0.0467507	0	0	0	131.374	131.374	3.05283e-05	0	0	0	4.53216	-0.00204165	0	4.5342		300	0.637919	0.0195333	0.0195333	-0.0390666	0	0	0	0.637919	0	-0.469668	-153.69	0	26.9754	26.9754	0	7.04502	0	0	0	0	0	0	0	0	0	0	0	0	0	0	0	0	0	0	0	0	0	0	0	0	0	0	0	0	0	0	0	0	0	
1	1	1	535	16.05		300	0	0	0.02675	0.02675	-0.0468429	0	0	0	131.527	131.527	3.05278e-05	0	0	0	4.54531	0.00260477	0	4.5427		300	0.639124	0.0195749	0.0195749	-0.0391498	0	0	0	0.639124	0	-0.469668	-153.69	0	26.9754	26.9754	0	7.04502	0	0	0	0	0	0	0	0	0	0	0	0	0	0	0	0	0	0	0	0	0	0	0	0	0	0	0	0	0	0	0	0	0	
1	1	1	536	16.08		300	0	0	0.0268	0.0268	-0.0469351	0	0	0	131.681	131.681	3.05273e-05	0	0	0	4.55847	0.00726931	0	4.5512		300	0.640329	0.0196165	0.0196165	-0.039233	0	0	0	0.640329	0	-0.469668	-153.69	0	26.9754	26.9754	0	7.04502	0	0	0	0	0	0	0	0	0	0	0	0	0	0	0	0	0	0	0	0	0	0	0	0	0	0	0	0	0	0	0	0	0	
1	1	1	537	16.11		300	0	0	0.02685	0.02685	-0.0470273	0	0	0	131.835	131.835	3.05268e-05	0	0	0	4.57164	0.011952	0	4.55969		300	0.641534	0.0196581	0.0196581	-0.0393162	0	0	0	0.641534	0	-0.469668	-153.69	0	26.9754	26.9754	0	7.04502	0	0	0	0	0	0	0	0	0	0	0	0	0	0	0	0	0	0	0	0	0	0	0	0	0	0	0	0	0	0	0	0	0	
1	1	1	538	16.14		300	0	0	0.0269	0.0269	-0.0471195	0	0	0	131.99	131.99	3.05262e-05	0	0	0	4.58483	0.0166528	0	4.56818		300	0.642739	0.0196997	0.0196997	-0.0393994	0	0	0	0.642739	0	-0.469668	-153.69	0	26.9754	26.9754	0	7.04502	0	0	0	0	0	0	0	0	0	0	0	0	0	0	0	0	0	0	0	0	0	0	0	0	0	0	0	0	0	0	0	0	0	
1	1	1	539	16.17		300	0	0	0.02695	0.02695	-0.0472117	0	0	0	132.144	132.144	3.05257e-05	0	0	0	4.59804	0.0213718	0	4.57667		300	0.643943	0.0197413	0.0197413	-0.0394826	0	0	0	0.643943	0	-0.469668	-153.69	0	26.9754	26.9754	0	7.04502	0	0	0	0	0	0	0	0	0	0	0	0	0	0	0	0	0	0	0	0	0	0	0	0	0	0	0	0	0	0	0	0	0	
1	1	1	540	16.2		300	0	0	0.027	0.027	-0.0473039	0	0	0	132.298	132.298	3.05251e-05	0	0	0	4.61126	0.0261091	0	4.58515		300	0.645146	0.0197829	0.0197829	-0.0395657	0	0	0	0.645146	0	-0.469668	-153.69	0	26.9754	26.9754	0	7.04502	0	0	0	0	0	0	0	0	0	0	0	0	0	0	0	0	0	0	0	0	0	0	0	0	0	0	0	0	0	0	0	0	0	
1	1	1	541	16.23		300	0	0	0.02705	0.02705	-0.0473961	0	0	0	132.453	132.453	3.05245e-05	0	0	0	4.6245	0.0308645	0	4.59364		300	0.64635	0.0198244	0.0198244	-0.0396489	0	0	0	0.64635	0	-0.469668	-153.69	0	26.9754	26.9754	0	7.04502	0	0	0	0	0	0	0	0	0	0	0	0	0	0	0	0	0	0	0	0	0	0	0	0	0	0	0	0	0	0	0	0	0	
1	1	1	542	16.26		300	0	0	0.0271	0.0271	-0.0474883	0	0	0	132.608	132.608	3.05239e-05	0	0	0	4.63775	0.0356383	0	4.60212		300	0.647552	0.019866	0.019866	-0.039732	0	0	0	0.647552	0	-0.469668	-153.69	0	26.9754	26.9754	0	7.04502	0	0	0	0	0	0	0	0	0	0	0	0	0	0	0	0	0	0	0	0	0	0	0	0	0	0	0	0	0	0	0	0	0	
1	1	1	543	16.29		300	0	0	0.02715	0.02715	-0.0475804	0	0	0	132.762	132.762	3.05233e-05	0	0	0	4.65102	0.0404303	0	4.61059		300	0.648755	0.0199075	0.0199075	-0.0398151	0	0	0	0.648755	0	-0.469668	-153.69	0	26.9754	26.9754	0	7.04502	0	0	0	0	0	0	0	0	0	0	0	0	0	0	0	0	0	0	0	0	0	0	0	0	0	0	0	0	0	0	0	0	0	
1	1	1	544	16.32		300	0	0	0.0272	0.0272	-0.0476726	0	0	0	132.917	132.917	3.05227e-05	0	0	0	4.66431	0.0452407	0	4.61907		300	0.649957	0.0199491	0.0199491	-0.0398982	0	0	0	0.649957	0	-0.469668	-153.69	0	26.9754	26.9754	0	7.04502	0	0	0	0	0	0	0	0	0	0	0	0	0	0	0	0	0	0	0	0	0	0	0	0	0	0	0	0	0	0	0	0	0	
1	1	1	545	16.35		300	0	0	0.02725	0.02725	-0.0477647	0	0	0	133.073	133.073	3.05221e-05	0	0	0	4.67761	0.0500694	0	4.62754		300	0.651159	0.0199906	0.0199906	-0.0399813	0	0	0	0.651159	0	-0.469668	-153.69	0	26.9754	26.9754	0	7.04502	0	0	0	0	0	0	0	0	0	0	0	0	0	0	0	0	0	0	0	0	0	0	0	0	0	0	0	0	0	0	0	0	0	
1	1	1	546	16.38		300	0	0	0.0273	0.0273	-0.0478569	0	0	0	133.228	133.228	3.05214e-05	0	0	0	4.69092	0.0549165	0	4.636		300	0.65236	0.0200322	0.0200322	-0.0400643	0	0	0	0.65236	0	-0.469668	-153.69	0	26.9754	26.9754	0	7.04502	0	0	0	0	0	0	0	0	0	0	0	0	0	0	0	0	0	0	0	0	0	0	0	0	0	0	0	0	0	0	0	0	0	
1	1	1	547	16.41		300	0	0	0.02735	0.02735	-0.047949	0	0	0	133.383	133.383	3.05208e-05	0	0	0	4.70425	0.059782	0	4.64447		300	0.653561	0.0200737	0.0200737	-0.0401474	0	0	0	0.653561	0	-0.469668	-153.69	0	26.9754	26.9754	0	7.04502	0	0	0	0	0	0	0	0	0	0	0	0	0	0	0	0	0	0	0	0	0	0	0	0	0	0	0	0	0	0	0	0	0	
1	1	1	548	16.44		300	0	0	0.0274	0.0274	-0.0480411	0	0	0	133.539	133.539	3.05201e-05	0	0	0	4.7176	0.0646659	0	4.65293		300	0.654761	0.0201152	0.0201152	-0.0402304	0	0	0	0.654761	0	-0.469668	-153.69	0	26.9754	26.9754	0	7.04502	0	0	0	0	0	0	0	0	0	0	0	0	0	0	0	0	0	0	0	0	0	0	0	0	0	0	0	0	0	0	0	0	0	
1	1	1	549	16.47		300	0	0	0.02745	0.02745	-0.0481332	0	0	0	133.695	133.695	3.05194e-05	0	0	0	4.73096	0.0695683	0	4.66139		300	0.655961	0.0201567	0.0201567	-0.0403134	0	0	0	0.655961	0	-0.469668	-153.69	0	26.9754	26.9754	0	7.04502	0	0	0	0	0	0	0	0	0	0	0	0	0	0	0	0	0	0	0	0	0	0	0	0	0	0	0	0	0	0	0	0	0	
1	1	1	550	16.5		300	0	0	0.0275	0.0275	-0.0482254	0	0	0	133.85	133.85	3.05187e-05	0	0	0	4.74434	0.0744892	0	4.66985		300	0.657161	0.0201982	0.0201982	-0.0403964	0	0	0	0.657161	0	-0.469668	-153.69	0	26.9754	26.9754	0	7.04502	0	0	0	0	0	0	0	0	0	0	0	0	0	0	0	0	0	0	0	0	0	0	0	0	0	0	0	0	0	0	0	0	0	
1	1	1	551	16.53		300	0	0	0.02755	0.02755	-0.0483175	0	0	0	134.006	134.006	3.0518e-05	0	0	0	4.75773	0.0794286	0	4.6783		300	0.65836	0.0202397	0.0202397	-0.0404794	0	0	0	0.65836	0	-0.469668	-153.69	0	26.9754	26.9754	0	7.04502	0	0	0	0	0	0	0	0	0	0	0	0	0	0	0	0	0	0	0	0	0	0	0	0	0	0	0	0	0	0	0	0	0	
1	1	1	552	16.56		300	0	0	0.0276	0.0276	-0.0484096	0	0	0	134.163	134.163	3.05172e-05	0	0	0	4.77114	0.0843866	0	4.68675		300	0.659558	0.0202812	0.0202812	-0.0405623	0	0	0	0.659558	0	-0.469668	-153.69	0	26.9754	26.9754	0	7.04502	0	0	0	0	0	0	0	0	0	0	0	0	0	0	0	0	0	0	0	0	0	0	0	0	0	0	0	0	0	0	0	0	0	
1	1	1	553	16.59		300	0	0	0.02765	0.02765	-0.0485016	0	0	0	134.319	134.319	3.05165e-05	0	0	0	4.78456	0.0893631	0	4.6952		300	0.660757	0.0203226	0.0203226	-0.0406453	0	0	0	0.660757	0	-0.469668	-153.69	0	26.9754	26.9754	0	7.04502	0	0	0	0	0	0	0	0	0	0	0	0	0	0	0	0	0	0	0	0	0	0	0	0	0	0	0	0	0	0	0	0	0	
1	1	1	554	16.62		300	0	0	0.0277	0.0277	-0.0485937	0	0	0	134.475	134.475	3.05157e-05	0	0	0	4.798	0.0943583	0	4.70364		300	0.661955	0.0203641	0.0203641	-0.0407282	0	0	0	0.661955	0	-0.469668	-153.69	0	26.9754	26.9754	0	7.04502	0	0	0	0	0	0	0	0	0	0	0	0	0	0	0	0	0	0	0	0	0	0	0	0	0	0	0	0	0	0	0	0	0	
1	1	1	555	16.65		300	0	0	0.02775	0.02775	-0.0486858	0	0	0	134.632	134.632	3.0515e-05	0	0	0	4.81146	0.0993721	0	4.71208		300	0.663152	0.0204056	0.0204056	-0.0408111	0	0	0	0.663152	0	-0.469668	-153.69	0	26.9754	26.9754	0	7.04502	0	0	0	0	0	0	0	0	0	0	0	0	0	0	0	0	0	0	0	0	0	0	0	0	0	0	0	0	0	0	0	0	0	
1	1	1	556	16.68		300	0	0	0.0278	0.0278	-0.0487779	0	0	0	134.789	134.789	3.05142e-05	0	0	0	4.82493	0.104405	0	4.72052		300	0.664349	0.020447	0.020447	-0.040894	0	0	0	0.664349	0	-0.469668	-153.69	0	26.9754	26.9754	0	7.04502	0	0	0	0	0	0	0	0	0	0	0	0	0	0	0	0	0	0	0	0	0	0	0	0	0	0	0	0	0	0	0	0	0	
1	1	1	557	16.71		300	0	0	0.02785	0.02785	-0.0488699	0	0	0	134.946	134.946	3.05134e-05	0	0	0	4.83841	0.109456	0	4.72896		300	0.665546	0.0204884	0.0204884	-0.0409769	0	0	0	0.665546	0	-0.469668	-153.69	0	26.9754	26.9754	0	7.04502	0	0	0	0	0	0	0	0	0	0	0	0	0	0	0	0	0	0	0	0	0	0	0	0	0	0	0	0	0	0	0	0	0	
1	1	1	558	16.74		300	0	0	0.0279	0.0279	-0.048962	0	0	0	135.103	135.103	3.05126e-05	0	0	0	4.85192	0.114526	0	4.73739		300	0.666742	0.0205299	0.0205299	-0.0410597	0	0	0	0.666742	0	-0.469668	-153.69	0	26.9754	26.9754	0	7.04502	0	0	0	0	0	0	0	0	0	0	0	0	0	0	0	0	0	0	0	0	0	0	0	0	0	0	0	0	0	0	0	0	0	
1	1	1	559	16.77		300	0	0	0.02795	0.02795	-0.049054	0	0	0	135.26	135.26	3.05117e-05	0	0	0	4.86544	0.119614	0	4.74582		300	0.667938	0.0205713	0.0205713	-0.0411426	0	0	0	0.667938	0	-0.469668	-153.69	0	26.9754	26.9754	0	7.04502	0	0	0	0	0	0	0	0	0	0	0	0	0	0	0	0	0	0	0	0	0	0	0	0	0	0	0	0	0	0	0	0	0	
1	1	1	560	16.8		300	0	0	0.028	0.028	-0.049146	0	0	0	135.418	135.418	3.05109e-05	0	0	0	4.87897	0.124722	0	4.75425		300	0.669133	0.0206127	0.0206127	-0.0412254	0	0	0	0.669133	0	-0.469668	-153.69	0	26.9754	26.9754	0	7.04502	0	0	0	0	0	0	0	0	0	0	0	0	0	0	0	0	0	0	0	0	0	0	0	0	0	0	0	0	0	0	0	0	0	
1	1	1	561	16.83		300	0	0	0.02805	0.02805	-0.049238	0	0	0	135.575	135.575	3.051e-05	0	0	0	4.89252	0.129848	0	4.76267		300	0.670328	0.0206541	0.0206541	-0.0413082	0	0	0	0.670328	0	-0.469668	-153.69	0	26.9754	26.9754	0	7.04502	0	0	0	0	0	0	0	0	0	0	0	0	0	0	0	0	0	0	0	0	0	0	0	0	0	0	0	0	0	0	0	0	0	
1	1	1	562	16.86		300	0	0	0.0281	0.0281	-0.0493301	0	0	0	135.733	135.733	3.05092e-05	0	0	0	4.90608	0.134993	0	4.77109		300	0.671522	0.0206955	0.0206955	-0.041391	0	0	0	0.671522	0	-0.469668	-153.69	0	26.9754	26.9754	0	7.04502	0	0	0	0	0	0	0	0	0	0	0	0	0	0	0	0	0	0	0	0	0	0	0	0	0	0	0	0	0	0	0	0	0	
1	1	1	563	16.89		300	0	0	0.02815	0.02815	-0.0494221	0	0	0	135.891	135.891	3.05083e-05	0	0	0	4.91967	0.140157	0	4.77951		300	0.672716	0.0207369	0.0207369	-0.0414737	0	0	0	0.672716	0	-0.469668	-153.69	0	26.9754	26.9754	0	7.04502	0	0	0	0	0	0	0	0	0	0	0	0	0	0	0	0	0	0	0	0	0	0	0	0	0	0	0	0	0	0	0	0	0	
1	1	1	564	16.92		300	0	0	0.0282	0.0282	-0.0495141	0	0	0	136.049	136.049	3.05074e-05	0	0	0	4.93326	0.14534	0	4.78792		300	0.67391	0.0207782	0.0207782	-0.0415565	0	0	0	0.67391	0	-0.469668	-153.69	0	26.9754	26.9754	0	7.04502	0	0	0	0	0	0	0	0	0	0	0	0	0	0	0	0	0	0	0	0	0	0	0	0	0	0	0	0	0	0	0	0	0	
1	1	1	565	16.95		300	0	0	0.02825	0.02825	-0.049606	0	0	0	136.208	136.208	3.05065e-05	0	0	0	4.94688	0.150542	0	4.79633		300	0.675103	0.0208196	0.0208196	-0.0416392	0	0	0	0.675103	0	-0.469668	-153.69	0	26.9754	26.9754	0	7.04502	0	0	0	0	0	0	0	0	0	0	0	0	0	0	0	0	0	0	0	0	0	0	0	0	0	0	0	0	0	0	0	0	0	
1	1	1	566	16.98		300	0	0	0.0283	0.0283	-0.049698	0	0	0	136.366	136.366	3.05055e-05	0	0	0	4.9605	0.155763	0	4.80474		300	0.676296	0.020861	0.020861	-0.0417219	0	0	0	0.676296	0	-0.469668	-153.69	0	26.9754	26.9754	0	7.04502	0	0	0	0	0	0	0	0	0	0	0	0	0	0	0	0	0	0	0	0	0	0	0	0	0	0	0	0	0	0	0	0	0	
1	1	1	567	17.01		300	0	0	0.02835	0.02835	-0.04979	0	0	0	136.525	136.525	3.05046e-05	0	0	0	4.97415	0.161003	0	4.81315		300	0.677488	0.0209023	0.0209023	-0.0418046	0	0	0	0.677488	0	-0.469668	-153.69	0	26.9754	26.9754	0	7.04502	0	0	0	0	0	0	0	0	0	0	0	0	0	0	0	0	0	0	0	0	0	0	0	0	0	0	0	0	0	0	0	0	0	
1	1	1	568	17.04		300	0	0	0.0284	0.0284	-0.049882	0	0	0	136.684	136.684	3.05037e-05	0	0	0	4.98781	0.166262	0	4.82155		300	0.67868	0.0209436	0.0209436	-0.0418873	0	0	0	0.67868	0	-0.469668	-153.69	0	26.9754	26.9754	0	7.04502	0	0	0	0	0	0	0	0	0	0	0	0	0	0	0	0	0	0	0	0	0	0	0	0	0	0	0	0	0	0	0	0	0	
1	1	1	569	17.07		300	0	0	0.02845	0.02845	-0.0499739	0	0	0	136.843	136.843	3.05027e-05	0	0	0	5.00149	0.17154	0	4.82995		300	0.679871	0.020985	0.020985	-0.0419699	0	0	0	0.679871	0	-0.469668	-153.69	0	26.9754	26.9754	0	7.04502	0	0	0	0	0	0	0	0	0	0	0	0	0	0	0	0	0	0	0	0	0	0	0	0	0	0	0	0	0	0	0	0	0	
1	1	1	570	17.1		300	0	0	0.0285	0.0285	-0.0500658	0	0	0	137.002	137.002	3.05017e-05	0	0	0	5.01518	0.176837	0	4.83834		300	0.681062	0.0210263	0.0210263	-0.0420525	0	0	0	0.681062	0	-0.469668	-153.69	0	26.9754	26.9754	0	7.04502	0	0	0	0	0	0	0	0	0	0	0	0	0	0	0	0	0	0	0	0	0	0	0	0	0	0	0	0	0	0	0	0	0	
1	1	1	571	17.13		300	0	0	0.02855	0.02855	-0.0501578	0	0	0	137.161	137.161	3.05007e-05	0	0	0	5.02889	0.182154	0	4.84673		300	0.682252	0.0210676	0.0210676	-0.0421351	0	0	0	0.682252	0	-0.469668	-153.69	0	26.9754	26.9754	0	7.04502	0	0	0	0	0	0	0	0	0	0	0	0	0	0	0	0	0	0	0	0	0	0	0	0	0	0	0	0	0	0	0	0	0	
1	1	1	572	17.16		300	0	0	0.0286	0.0286	-0.0502497	0	0	0	137.321	137.321	3.04997e-05	0	0	0	5.04261	0.18749	0	4.85512		300	0.683442	0.0211089	0.0211089	-0.0422177	0	0	0	0.683442	0	-0.469668	-153.69	0	26.9754	26.9754	0	7.04502	0	0	0	0	0	0	0	0	0	0	0	0	0	0	0	0	0	0	0	0	0	0	0	0	0	0	0	0	0	0	0	0	0	
1	1	1	573	17.19		300	0	0	0.02865	0.02865	-0.0503416	0	0	0	137.481	137.481	3.04987e-05	0	0	0	5.05635	0.192844	0	4.86351		300	0.684632	0.0211501	0.0211501	-0.0423003	0	0	0	0.684632	0	-0.469668	-153.69	0	26.9754	26.9754	0	7.04502	0	0	0	0	0	0	0	0	0	0	0	0	0	0	0	0	0	0	0	0	0	0	0	0	0	0	0	0	0	0	0	0	0	
1	1	1	574	17.22		300	0	0	0.0287	0.0287	-0.0504335	0	0	0	137.641	137.641	3.04977e-05	0	0	0	5.07011	0.198218	0	4.87189		300	0.685821	0.0211914	0.0211914	-0.0423828	0	0	0	0.685821	0	-0.469668	-153.69	0	26.9754	26.9754	0	7.04502	0	0	0	0	0	0	0	0	0	0	0	0	0	0	0	0	0	0	0	0	0	0	0	0	0	0	0	0	0	0	0	0	0	
1	1	1	575	17.25		300	0	0	0.02875	0.02875	-0.0505254	0	0	0	137.801	137.801	3.04966e-05	0	0	0	5.08388	0.203612	0	4.88027		300	0.687009	0.0212327	0.0212327	-0.0424654	0	0	0	0.687009	0	-0.469668	-153.69	0	26.9754	26.9754	0	7.04502	0	0	0	0	0	0	0	0	0	0	0	0	0	0	0	0	0	0	0	0	0	0	0	0	0	0	0	0	0	0	0	0	0	
1	1	1	576	17.28		300	0	0	0.0288	0.0288	-0.0506173	0	0	0	137.961	137.961	3.04955e-05	0	0	0	5.09767	0.209025	0	4.88864		300	0.688197	0.0212739	0.0212739	-0.0425479	0	0	0	0.688197	0	-0.469668	-153.69	0	26.9754	26.9754	0	7.04502	0	0	0	0	0	0	0	0	0	0	0	0	0	0	0	0	0	0	0	0	0	0	0	0	0	0	0	0	0	0	0	0	0	
1	1	1	577	17.31		300	0	0	0.02885	0.02885	-0.0507092	0	0	0	138.122	138.122	3.04945e-05	0	0	0	5.11147	0.214457	0	4.89701		300	0.689385	0.0213152	0.0213152	-0.0426303	0	0	0	0.689385	0	-0.469668	-153.69	0	26.9754	26.9754	0	7.04502	0	0	0	0	0	0	0	0	0	0	0	0	0	0	0	0	0	0	0	0	0	0	0	0	0	0	0	0	0	0	0	0	0	
1	1	1	578	17.34		300	0	0	0.0289	0.0289	-0.050801	0	0	0	138.283	138.283	3.04934e-05	0	0	0	5.12529	0.219908	0	4.90538		300	0.690572	0.0213564	0.0213564	-0.0427128	0	0	0	0.690572	0	-0.469668	-153.69	0	26.9754	26.9754	0	7.04502	0	0	0	0	0	0	0	0	0	0	0	0	0	0	0	0	0	0	0	0	0	0	0	0	0	0	0	0	0	0	0	0	0	
1	1	1	579	17.37		300	0	0	0.02895	0.02895	-0.0508929	0	0	0	138.444	138.444	3.04923e-05	0	0	0	5.13913	0.225379	0	4.91375		300	0.691759	0.0213976	0.0213976	-0.0427952	0	0	0	0.691759	0	-0.469668	-153.69	0	26.9754	26.9754	0	7.04502	0	0	0	0	0	0	0	0	0	0	0	0	0	0	0	0	0	0	0	0	0	0	0	0	0	0	0	0	0	0	0	0	0	
1	1	1	580	17.4		300	0	0	0.029	0.029	-0.0509847	0	0	0	138.605	138.605	3.04912e-05	0	0	0	5.15298	0.23087	0	4.92211		300	0.692945	0.0214388	0.0214388	-0.0428777	0	0	0	0.692945	0	-0.469668	-153.69	0	26.9754	26.9754	0	7.04502	0	0	0	0	0	0	0	0	0	0	0	0	0	0	0	0	0	0	0	0	0	0	0	0	0	0	0	0	0	0	0	0	0	
1	1	1	581	17.43		300	0	0	0.02905	0.02905	-0.0510765	0	0	0	138.766	138.766	3.049e-05	0	0	0	5.16685	0.23638	0	4.93047		300	0.69413	0.02148	0.02148	-0.04296	0	0	0	0.69413	0	-0.469668	-153.69	0	26.9754	26.9754	0	7.04502	0	0	0	0	0	0	0	0	0	0	0	0	0	0	0	0	0	0	0	0	0	0	0	0	0	0	0	0	0	0	0	0	0	
1	1	1	582	17.46		300	0	0	0.0291	0.0291	-0.0511684	0	0	0	138.928	138.928	3.04889e-05	0	0	0	5.18073	0.24191	0	4.93882		300	0.695316	0.0215212	0.0215212	-0.0430424	0	0	0	0.695316	0	-0.469668	-153.69	0	26.9754	26.9754	0	7.04502	0	0	0	0	0	0	0	0	0	0	0	0	0	0	0	0	0	0	0	0	0	0	0	0	0	0	0	0	0	0	0	0	0	
1	1	1	583	17.49		300	0	0	0.02915	0.02915	-0.0512602	0	0	0	139.09	139.09	3.04877e-05	0	0	0	5.19463	0.247459	0	4.94717		300	0.6965	0.0215624	0.0215624	-0.0431248	0	0	0	0.6965	0	-0.469668	-153.69	0	26.9754	26.9754	0	7.04502	0	0	0	0	0	0	0	0	0	0	0	0	0	0	0	0	0	0	0	0	0	0	0	0	0	0	0	0	0	0	0	0	0	
1	1	1	584	17.52		300	0	0	0.0292	0.0292	-0.051352	0	0	0	139.252	139.252	3.04865e-05	0	0	0	5.20855	0.253028	0	4.95552		300	0.697685	0.0216035	0.0216035	-0.0432071	0	0	0	0.697685	0	-0.469668	-153.69	0	26.9754	26.9754	0	7.04502	0	0	0	0	0	0	0	0	0	0	0	0	0	0	0	0	0	0	0	0	0	0	0	0	0	0	0	0	0	0	0	0	0	
1	1	1	585	17.55		300	0	0	0.02925	0.02925	-0.0514438	0	0	0	139.414	139.414	3.04854e-05	0	0	0	5.22248	0.258616	0	4.96387		300	0.698868	0.0216447	0.0216447	-0.0432894	0	0	0	0.698868	0	-0.469668	-153.69	0	26.9754	26.9754	0	7.04502	0	0	0	0	0	0	0	0	0	0	0	0	0	0	0	0	0	0	0	0	0	0	0	0	0	0	0	0	0	0	0	0	0	
1	1	1	586	17.58		300	0	0	0.0293	0.0293	-0.0515355	0	0	0	139.576	139.576	3.04841e-05	0	0	0	5.23643	0.264225	0	4.97221		300	0.700051	0.0216858	0.0216858	-0.0433717	0	0	0	0.700051	0	-0.469668	-153.69	0	26.9754	26.9754	0	7.04502	0	0	0	0	0	0	0	0	0	0	0	0	0	0	0	0	0	0	0	0	0	0	0	0	0	0	0	0	0	0	0	0	0	
1	1	1	587	17.61		300	0	0	0.02935	0.02935	-0.0516273	0	0	0	139.739	139.739	3.04829e-05	0	0	0	5.2504	0.269853	0	4.98055		300	0.701234	0.021727	0.021727	-0.0434539	0	0	0	0.701234	0	-0.469668	-153.69	0	26.9754	26.9754	0	7.04502	0	0	0	0	0	0	0	0	0	0	0	0	0	0	0	0	0	0	0	0	0	0	0	0	0	0	0	0	0	0	0	0	0	
1	1	1	588	17.64		300	0	0	0.0294	0.0294	-0.0517191	0	0	0	139.902	139.902	3.04817e-05	0	0	0	5.26438	0.275501	0	4.98888		300	0.702416	0.0217681	0.0217681	-0.0435361	0	0	0	0.702416	0	-0.469668	-153.69	0	26.9754	26.9754	0	7.04502	0	0	0	0	0	0	0	0	0	0	0	0	0	0	0	0	0	0	0	0	0	0	0	0	0	0	0	0	0	0	0	0	0	
1	1	1	589	17.67		300	0	0	0.02945	0.02945	-0.0518108	0	0	0	140.065	140.065	3.04805e-05	0	0	0	5.27838	0.281169	0	4.99721		300	0.703598	0.0218092	0.0218092	-0.0436183	0	0	0	0.703598	0	-0.469668	-153.69	0	26.9754	26.9754	0	7.04502	0	0	0	0	0	0	0	0	0	0	0	0	0	0	0	0	0	0	0	0	0	0	0	0	0	0	0	0	0	0	0	0	0	
1	1	1	590	17.7		300	0	0	0.0295	0.0295	-0.0519025	0	0	0	140.228	140.228	3.04792e-05	0	0	0	5.29239	0.286856	0	5.00554		300	0.704779	0.0218503	0.0218503	-0.0437005	0	0	0	0.704779	0	-0.469668	-153.69	0	26.9754	26.9754	0	7.04502	0	0	0	0	0	0	0	0	0	0	0	0	0	0	0	0	0	0	0	0	0	0	0	0	0	0	0	0	0	0	0	0	0	
1	1	1	591	17.73		300	0	0	0.02955	0.02955	-0.0519943	0	0	0	140.392	140.392	3.04779e-05	0	0	0	5.30643	0.292564	0	5.01386		300	0.70596	0.0218913	0.0218913	-0.0437827	0	0	0	0.70596	0	-0.469668	-153.69	0	26.9754	26.9754	0	7.04502	0	0	0	0	0	0	0	0	0	0	0	0	0	0	0	0	0	0	0	0	0	0	0	0	0	0	0	0	0	0	0	0	0	
1	1	1	592	17.76		300	0	0	0.0296	0.0296	-0.052086	0	0	0	140.556	140.556	3.04766e-05	0	0	0	5.32047	0.298291	0	5.02218		300	0.70714	0.0219324	0.0219324	-0.0438648	0	0	0	0.70714	0	-0.469668	-153.69	0	26.9754	26.9754	0	7.04502	0	0	0	0	0	0	0	0	0	0	0	0	0	0	0	0	0	0	0	0	0	0	0	0	0	0	0	0	0	0	0	0	0	
1	1	1	593	17.79		300	0	0	0.02965	0.02965	-0.0521777	0	0	0	140.72	140.72	3.04753e-05	0	0	0	5.33454	0.304039	0	5.0305		300	0.70832	0.0219735	0.0219735	-0.0439469	0	0	0	0.70832	0	-0.469668	-153.69	0	26.9754	26.9754	0	7.04502	0	0	0	0	0	0	0	0	0	0	0	0	0	0	0	0	0	0	0	0	0	0	0	0	0	0	0	0	0	0	0	0	0	
1	1	1	594	17.82		300	0	0	0.0297	0.0297	-0.0522694	0	0	0	140.884	140.884	3.0474e-05	0	0	0	5.34862	0.309807	0	5.03881		300	0.709499	0.0220145	0.0220145	-0.044029	0	0	0	0.709499	0	-0.469668	-153.69	0	26.9754	26.9754	0	7.04502	0	0	0	0	0	0	0	0	0	0	0	0	0	0	0	0	0	0	0	0	0	0	0	0	0	0	0	0	0	0	0	0	0	
1	1	1	595	17.85		300	0	0	0.02975	0.02975	-0.052361	0	0	0	141.048	141.048	3.04727e-05	0	0	0	5.36271	0.315594	0	5.04712		300	0.710677	0.0220555	0.0220555	-0.0441111	0	0	0	0.710677	0	-0.469668	-153.69	0	26.9754	26.9754	0	7.04502	0	0	0	0	0	0	0	0	0	0	0	0	0	0	0	0	0	0	0	0	0	0	0	0	0	0	0	0	0	0	0	0	0	
1	1	1	596	17.88		300	0	0	0.0298	0.0298	-0.0524527	0	0	0	141.213	141.213	3.04714e-05	0	0	0	5.37683	0.321402	0	5.05542		300	0.711856	0.0220965	0.0220965	-0.0441931	0	0	0	0.711856	0	-0.469668	-153.69	0	26.9754	26.9754	0	7.04502	0	0	0	0	0	0	0	0	0	0	0	0	0	0	0	0	0	0	0	0	0	0	0	0	0	0	0	0	0	0	0	0	0	
1	1	1	597	17.91		300	0	0	0.02985	0.02985	-0.0525444	0	0	0	141.378	141.378	3.047e-05	0	0	0	5.39096	0.32723	0	5.06373		300	0.713033	0.0221375	0.0221375	-0.0442751	0	0	0	0.713033	0	-0.469668	-153.69	0	26.9754	26.9754	0	7.04502	0	0	0	0	0	0	0	0	0	0	0	0	0	0	0	0	0	0	0	0	0	0	0	0	0	0	0	0	0	0	0	0	0	
1	1	1	598	17.94		300	0	0	0.0299	0.0299	-0.052636	0	0	0	141.543	141.543	3.04686e-05	0	0	0	5.4051	0.333079	0	5.07202		300	0.71421	0.0221785	0.0221785	-0.0443571	0	0	0	0.71421	0	-0.469668	-153.69	0	26.9754	26.9754	0	7.04502	0	0	0	0	0	0	0	0	0	0	0	0	0	0	0	0	0	0	0	0	0	0	0	0	0	0	0	0	0	0	0	0	0	
1	1	1	599	17.97		300	0	0	0.02995	0.02995	-0.0527276	0	0	0	141.709	141.709	3.04672e-05	0	0	0	5.41926	0.338947	0	5.08032		300	0.715387	0.0222195	0.0222195	-0.044439	0	0	0	0.715387	0	-0.469668	-153.69	0	26.9754	26.9754	0	7.04502	0	0	0	0	0	0	0	0	0	0	0	0	0	0	0	0	0	0	0	0	0	0	0	0	0	0	0	0	0	0	0	0	0	
1	1	1	600	18		300	0	0	0.03	0.03	-0.0528192	0	0	0	141.874	141.874	3.04658e-05	0	0	0	5.43344	0.344836	0	5.08861		300	0.716563	0.0222605	0.0222605	-0.044521	0	0	0	0.716563	0	-0.469668	-153.69	0	26.9754	26.9754	0	7.04502	0	0	0	0	0	0	0	0	0	0	0	0	0	0	0	0	0	0	0	0	0	0	0	0	0	0	0	0	0	0	0	0	0	
1	1	1	601	18.03		300	0	0	0.03005	0.03005	-0.0529108	0	0	0	142.04	142.04	3.04644e-05	0	0	0	5.44764	0.350746	0	5.09689		300	0.717738	0.0223014	0.0223014	-0.0446028	0	0	0	0.717738	0	-0.469668	-153.69	0	26.9754	26.9754	0	7.04502	0	0	0	0	0	0	0	0	0	0	0	0	0	0	0	0	0	0	0	0	0	0	0	0	0	0	0	0	0	0	0	0	0	
1	1	1	602	18.06		300	0	0	0.0301	0.0301	-0.0530024	0	0	0	142.206	142.206	3.0463e-05	0	0	0	5.46185	0.356676	0	5.10518		300	0.718913	0.0223424	0.0223424	-0.0446847	0	0	0	0.718913	0	-0.469668	-153.69	0	26.9754	26.9754	0	7.04502	0	0	0	0	0	0	0	0	0	0	0	0	0	0	0	0	0	0	0	0	0	0	0	0	0	0	0	0	0	0	0	0	0	
1	1	1	603	18.09		300	0	0	0.03015	0.03015	-0.053094	0	0	0	142.373	142.373	3.04616e-05	0	0	0	5.47608	0.362626	0	5.11345		300	0.720087	0.0223833	0.0223833	-0.0447666	0	0	0	0.720087	0	-0.469668	-153.69	0	26.9754	26.9754	0	7.04502	0	0	0	0	0	0	0	0	0	0	0	0	0	0	0	0	0	0	0	0	0	0	0	0	0	0	0	0	0	0	0	0	0	
1	1	1	604	18.12		300	0	0	0.0302	0.0302	-0.0531856	0	0	0	142.539	142.539	3.04601e-05	0	0	0	5.49033	0.368597	0	5.12173		300	0.721261	0.0224242	0.0224242	-0.0448484	0	0	0	0.721261	0	-0.469668	-153.69	0	26.9754	26.9754	0	7.04502	0	0	0	0	0	0	0	0	0	0	0	0	0	0	0	0	0	0	0	0	0	0	0	0	0	0	0	0	0	0	0	0	0	
1	1	1	605	18.15		300	0	0	0.03025	0.03025	-0.0532771	0	0	0	142.706	142.706	3.04586e-05	0	0	0	5.50459	0.374588	0	5.13		300	0.722434	0.0224651	0.0224651	-0.0449302	0	0	0	0.722434	0	-0.469668	-153.69	0	26.9754	26.9754	0	7.04502	0	0	0	0	0	0	0	0	0	0	0	0	0	0	0	0	0	0	0	0	0	0	0	0	0	0	0	0	0	0	0	0	0	
1	1	1	606	18.18		300	0	0	0.0303	0.0303	-0.0533687	0	0	0	142.874	142.874	3.04571e-05	0	0	0	5.51887	0.3806	0	5.13827		300	0.723607	0.022506	0.022506	-0.0450119	0	0	0	0.723607	0	-0.469668	-153.69	0	26.9754	26.9754	0	7.04502	0	0	0	0	0	0	0	0	0	0	0	0	0	0	0	0	0	0	0	0	0	0	0	0	0	0	0	0	0	0	0	0	0	
1	1	1	607	18.21		300	0	0	0.03035	0.03035	-0.0534602	0	0	0	143.041	143.041	3.04556e-05	0	0	0	5.53316	0.386632	0	5.14653		300	0.724779	0.0225468	0.0225468	-0.0450937	0	0	0	0.724779	0	-0.469668	-153.69	0	26.9754	26.9754	0	7.04502	0	0	0	0	0	0	0	0	0	0	0	0	0	0	0	0	0	0	0	0	0	0	0	0	0	0	0	0	0	0	0	0	0	
1	1	1	608	18.24		300	0	0	0.0304	0.0304	-0.0535517	0	0	0	143.209	143.209	3.04541e-05	0	0	0	5.54748	0.392686	0	5.15479		300	0.72595	0.0225877	0.0225877	-0.0451754	0	0	0	0.72595	0	-0.469668	-153.69	0	26.9754	26.9754	0	7.04502	0	0	0	0	0	0	0	0	0	0	0	0	0	0	0	0	0	0	0	0	0	0	0	0	0	0	0	0	0	0	0	0	0	
1	1	1	609	18.27		300	0	0	0.03045	0.03045	-0.0536432	0	0	0	143.377	143.377	3.04526e-05	0	0	0	5.5618	0.39876	0	5.16304		300	0.727121	0.0226285	0.0226285	-0.045257	0	0	0	0.727121	0	-0.469668	-153.69	0	26.9754	26.9754	0	7.04502	0	0	0	0	0	0	0	0	0	0	0	0	0	0	0	0	0	0	0	0	0	0	0	0	0	0	0	0	0	0	0	0	0	
1	1	1	610	18.3		300	0	0	0.0305	0.0305	-0.0537347	0	0	0	143.545	143.545	3.0451e-05	0	0	0	5.57615	0.404855	0	5.1713		300	0.728292	0.0226693	0.0226693	-0.0453387	0	0	0	0.728292	0	-0.469668	-153.69	0	26.9754	26.9754	0	7.04502	0	0	0	0	0	0	0	0	0	0	0	0	0	0	0	0	0	0	0	0	0	0	0	0	0	0	0	0	0	0	0	0	0	
1	1	1	611	18.33		300	0	0	0.03055	0.03055	-0.0538262	0	0	0	143.713	143.713	3.04495e-05	0	0	0	5.59051	0.41097	0	5.17954		300	0.729462	0.0227101	0.0227101	-0.0454203	0	0	0	0.729462	0	-0.469668	-153.69	0	26.9754	26.9754	0	7.04502	0	0	0	0	0	0	0	0	0	0	0	0	0	0	0	0	0	0	0	0	0	0	0	0	0	0	0	0	0	0	0	0	0	
1	1	1	612	18.36		300	0	0	0.0306	0.0306	-0.0539176	0	0	0	143.882	143.882	3.04479e-05	0	0	0	5.60489	0.417107	0	5.18779		300	0.730631	0.0227509	0.0227509	-0.0455019	0	0	0	0.730631	0	-0.469668	-153.69	0	26.9754	26.9754	0	7.04502	0	0	0	0	0	0	0	0	0	0	0	0	0	0	0	0	0	0	0	0	0	0	0	0	0	0	0	0	0	0	0	0	0	
1	1	1	613	18.39		300	0	0	0.03065	0.03065	-0.0540091	0	0	0	144.051	144.051	3.04463e-05	0	0	0	5.61929	0.423265	0	5.19603		300	0.7318	0.0227917	0.0227917	-0.0455834	0	0	0	0.7318	0	-0.469668	-153.69	0	26.9754	26.9754	0	7.04502	0	0	0	0	0	0	0	0	0	0	0	0	0	0	0	0	0	0	0	0	0	0	0	0	0	0	0	0	0	0	0	0	0	
1	1	1	614	18.42		300	0	0	0.0307	0.0307	-0.0541005	0	0	0	144.221	144.221	3.04447e-05	0	0	0	5.6337	0.429443	0	5.20426		300	0.732968	0.0228325	0.0228325	-0.045665	0	0	0	0.732968	0	-0.469668	-153.69	0	26.9754	26.9754	0	7.04502	0	0	0	0	0	0	0	0	0	0	0	0	0	0	0	0	0	0	0	0	0	0	0	0	0	0	0	0	0	0	0	0	0	
1	1	1	615	18.45		300	0	0	0.03075	0.03075	-0.0541919	0	0	0	144.39	144.39	3.04431e-05	0	0	0	5.64813	0.435643	0	5.21249		300	0.734135	0.0228732	0.0228732	-0.0457465	0	0	0	0.734135	0	-0.469668	-153.69	0	26.9754	26.9754	0	7.04502	0	0	0	0	0	0	0	0	0	0	0	0	0	0	0	0	0	0	0	0	0	0	0	0	0	0	0	0	0	0	0	0	0	
1	1	1	616	18.48		300	0	0	0.0308	0.0308	-0.0542833	0	0	0	144.56	144.56	3.04415e-05	0	0	0	5.66258	0.441864	0	5.22072		300	0.735302	0.022914	0.022914	-0.0458279	0	0	0	0.735302	0	-0.469668	-153.69	0	26.9754	26.9754	0	7.04502	0	0	0	0	0	0	0	0	0	0	0	0	0	0	0	0	0	0	0	0	0	0	0	0	0	0	0	0	0	0	0	0	0	
1	1	1	617	18.51		300	0	0	0.03085	0.03085	-0.0543747	0	0	0	144.73	144.73	3.04398e-05	0	0	0	5.67705	0.448106	0	5.22894		300	0.736468	0.0229547	0.0229547	-0.0459093	0	0	0	0.736468	0	-0.469668	-153.69	0	26.9754	26.9754	0	7.04502	0	0	0	0	0	0	0	0	0	0	0	0	0	0	0	0	0	0	0	0	0	0	0	0	0	0	0	0	0	0	0	0	0	
1	1	1	618	18.54		300	0	0	0.0309	0.0309	-0.0544661	0	0	0	144.901	144.901	3.04381e-05	0	0	0	5.69153	0.454369	0	5.23716		300	0.737634	0.0229954	0.0229954	-0.0459908	0	0	0	0.737634	0	-0.469668	-153.69	0	26.9754	26.9754	0	7.04502	0	0	0	0	0	0	0	0	0	0	0	0	0	0	0	0	0	0	0	0	0	0	0	0	0	0	0	0	0	0	0	0	0	
1	1	1	619	18.57		300	0	0	0.03095	0.03095	-0.0545574	0	0	0	145.071	145.071	3.04365e-05	0	0	0	5.70603	0.460654	0	5.24537		300	0.738799	0.0230361	0.0230361	-0.0460721	0	0	0	0.738799	0	-0.469668	-153.69	0	26.9754	26.9754	0	7.04502	0	0	0	0	0	0	0	0	0	0	0	0	0	0	0	0	0	0	0	0	0	0	0	0	0	0	0	0	0	0	0	0	0	
1	1	1	620	18.6		300	0	0	0.031	0.031	-0.0546488	0	0	0	145.243	145.243	3.04348e-05	0	0	0	5.72054	0.46696	0	5.25358		300	0.739964	0.0230767	0.0230767	-0.0461535	0	0	0	0.739964	0	-0.469668	-153.69	0	26.9754	26.9754	0	7.04502	0	0	0	0	0	0	0	0	0	0	0	0	0	0	0	0	0	0	0	0	0	0	0	0	0	0	0	0	0	0	0	0	0	
1	1	1	621	18.63		300	0	0	0.03105	0.03105	-0.0547401	0	0	0	145.414	145.414	3.0433e-05	0	0	0	5.73507	0.473287	0	5.26179		300	0.741128	0.0231174	0.0231174	-0.0462348	0	0	0	0.741128	0	-0.469668	-153.69	0	26.9754	26.9754	0	7.04502	0	0	0	0	0	0	0	0	0	0	0	0	0	0	0	0	0	0	0	0	0	0	0	0	0	0	0	0	0	0	0	0	0	
1	1	1	622	18.66		300	0	0	0.0311	0.0311	-0.0548314	0	0	0	145.586	145.586	3.04313e-05	0	0	0	5.74962	0.479636	0	5.26999		300	0.742291	0.023158	0.023158	-0.046316	0	0	0	0.742291	0	-0.469668	-153.69	0	26.9754	26.9754	0	7.04502	0	0	0	0	0	0	0	0	0	0	0	0	0	0	0	0	0	0	0	0	0	0	0	0	0	0	0	0	0	0	0	0	0	
1	1	1	623	18.69		300	0	0	0.03115	0.03115	-0.0549227	0	0	0	145.757	145.757	3.04296e-05	0	0	0	5.76419	0.486006	0	5.27819		300	0.743454	0.0231986	0.0231986	-0.0463973	0	0	0	0.743454	0	-0.469668	-153.69	0	26.9754	26.9754	0	7.04502	0	0	0	0	0	0	0	0	0	0	0	0	0	0	0	0	0	0	0	0	0	0	0	0	0	0	0	0	0	0	0	0	0	
1	1	1	624	18.72		300	0	0	0.0312	0.0312	-0.055014	0	0	0	145.93	145.93	3.04278e-05	0	0	0	5.77878	0.492397	0	5.28638		300	0.744616	0.0232392	0.0232392	-0.0464785	0	0	0	0.744616	0	-0.469668	-153.69	0	26.9754	26.9754	0	7.04502	0	0	0	0	0	0	0	0	0	0	0	0	0	0	0	0	0	0	0	0	0	0	0	0	0	0	0	0	0	0	0	0	0	
1	1	1	625	18.75		300	0	0	0.03125	0.03125	-0.0551052	0	0	0	146.102	146.102	3.0426e-05	0	0	0	5.79338	0.498811	0	5.29457		300	0.745777	0.0232798	0.0232798	-0.0465597	0	0	0	0.745777	0	-0.469668	-153.69	0	26.9754	26.9754	0	7.04502	0	0	0	0	0	0	0	0	0	0	0	0	0	0	0	0	0	0	0	0	0	0	0	0	0	0	0	0	0	0	0	0	0	
1	1	1	626	18.78		300	0	0	0.0313	0.0313	-0.0551965	0	0	0	146.275	146.275	3.04242e-05	0	0	0	5.808	0.505246	0	5.30275		300	0.746938	0.0233204	0.0233204	-0.0466408	0	0	0	0.746938	0	-0.469668	-153.69	0	26.9754	26.9754	0	7.04502	0	0	0	0	0	0	0	0	0	0	0	0	0	0	0	0	0	0	0	0	0	0	0	0	0	0	0	0	0	0	0	0	0	
1	1	1	627	18.81		300	0	0	0.03135	0.03135	-0.0552877	0	0	0	146.448	146.448	3.04224e-05	0	0	0	5.82263	0.511703	0	5.31093		300	0.748098	0.023361	0.023361	-0.0467219	0	0	0	0.748098	0	-0.469668	-153.69	0	26.9754	26.9754	0	7.04502	0	0	0	0	0	0	0	0	0	0	0	0	0	0	0	0	0	0	0	0	0	0	0	0	0	0	0	0	0	0	0	0	0	
1	1	1	628	18.84		300	0	0	0.0314	0.0314	-0.055379	0	0	0	146.622	146.622	3.04206e-05	0	0	0	5.83729	0.518181	0	5.31911		300	0.749258	0.0234015	0.0234015	-0.046803	0	0	0	0.749258	0	-0.469668	-153.69	0	26.9754	26.9754	0	7.04502	0	0	0	0	0	0	0	0	0	0	0	0	0	0	0	0	0	0	0	0	0	0	0	0	0	0	0	0	0	0	0	0	0	
1	1	1	629	18.87		300	0	0	0.03145	0.03145	-0.0554702	0	0	0	146.796	146.796	3.04188e-05	0	0	0	5.85196	0.524682	0	5.32728		300	0.750417	0.023442	0.023442	-0.046884	0	0	0	0.750417	0	-0.469668	-153.69	0	26.9754	26.9754	0	7.04502	0	0	0	0	0	0	0	0	0	0	0	0	0	0	0	0	0	0	0	0	0	0	0	0	0	0	0	0	0	0	0	0	0	
1	1	1	630	18.9		300	0	0	0.0315	0.0315	-0.0555613	0	0	0	146.97	146.97	3.04169e-05	0	0	0	5.86665	0.531204	0	5.33544		300	0.751575	0.0234825	0.0234825	-0.046965	0	0	0	0.751575	0	-0.469668	-153.69	0	26.9754	26.9754	0	7.04502	0	0	0	0	0	0	0	0	0	0	0	0	0	0	0	0	0	0	0	0	0	0	0	0	0	0	0	0	0	0	0	0	0	
1	1	1	631	18.93		300	0	0	0.03155	0.03155	-0.0556525	0	0	0	147.144	147.144	3.04151e-05	0	0	0	5.88135	0.537748	0	5.3436		300	0.752733	0.023523	0.023523	-0.047046	0	0	0	0.752733	0	-0.469668	-153.69	0	26.9754	26.9754	0	7.04502	0	0	0	0	0	0	0	0	0	0	0	0	0	0	0	0	0	0	0	0	0	0	0	0	0	0	0	0	0	0	0	0	0	
1	1	1	632	18.96		300	0	0	0.0316	0.0316	-0.0557437	0	0	0	147.319	147.319	3.04132e-05	0	0	0	5.89607	0.544315	0	5.35176		300	0.75389	0.0235635	0.0235635	-0.0471269	0	0	0	0.75389	0	-0.469668	-153.69	0	26.9754	26.9754	0	7.04502	0	0	0	0	0	0	0	0	0	0	0	0	0	0	0	0	0	0	0	0	0	0	0	0	0	0	0	0	0	0	0	0	0	
1	1	1	633	18.99		300	0	0	0.03165	0.03165	-0.0558348	0	0	0	147.494	147.494	3.04113e-05	0	0	0	5.91082	0.550903	0	5.35991		300	0.755046	0.0236039	0.0236039	-0.0472078	0	0	0	0.755046	0	-0.469668	-153.69	0	26.9754	26.9754	0	7.04502	0	0	0	0	0	0	0	0	0	0	0	0	0	0	0	0	0	0	0	0	0	0	0	0	0	0	0	0	0	0	0	0	0	
1	1	1	634	19.02		300	0	0	0.0317	0.0317	-0.0559259	0	0	0	147.67	147.67	3.04094e-05	0	0	0	5.92557	0.557514	0	5.36806		300	0.756202	0.0236443	0.0236443	-0.0472887	0	0	0	0.756202	0	-0.469668	-153.69	0	26.9754	26.9754	0	7.04502	0	0	0	0	0	0	0	0	0	0	0	0	0	0	0	0	0	0	0	0	0	0	0	0	0	0	0	0	0	0	0	0	0	
1	1	1	635	19.05		300	0	0	0.03175	0.03175	-0.056017	0	0	0	147.845	147.845	3.04074e-05	0	0	0	5.94035	0.564146	0	5.3762		300	0.757357	0.0236847	0.0236847	-0.0473695	0	0	0	0.757357	0	-0.469668	-153.69	0	26.9754	26.9754	0	7.04502	0	0	0	0	0	0	0	0	0	0	0	0	0	0	0	0	0	0	0	0	0	0	0	0	0	0	0	0	0	0	0	0	0	
1	1	1	636	19.08		300	0	0	0.0318	0.0318	-0.0561081	0	0	0	148.021	148.021	3.04055e-05	0	0	0	5.95514	0.570802	0	5.38434		300	0.758511	0.0237251	0.0237251	-0.0474503	0	0	0	0.758511	0	-0.469668	-153.69	0	26.9754	26.9754	0	7.04502	0	0	0	0	0	0	0	0	0	0	0	0	0	0	0	0	0	0	0	0	0	0	0	0	0	0	0	0	0	0	0	0	0	
1	1	1	637	19.11		300	0	0	0.03185	0.03185	-0.0561992	0	0	0	148.198	148.198	3.04035e-05	0	0	0	5.96995	0.577479	0	5.39247		300	0.759665	0.0237655	0.0237655	-0.047531	0	0	0	0.759665	0	-0.469668	-153.69	0	26.9754	26.9754	0	7.04502	0	0	0	0	0	0	0	0	0	0	0	0	0	0	0	0	0	0	0	0	0	0	0	0	0	0	0	0	0	0	0	0	0	
1	1	1	638	19.14		300	0	0	0.0319	0.0319	-0.0562902	0	0	0	148.375	148.375	3.04015e-05	0	0	0	5.98478	0.584179	0	5.4006		300	0.760818	0.0238059	0.0238059	-0.0476117	0	0	0	0.760818	0	-0.469668	-153.69	0	26.9754	26.9754	0	7.04502	0	0	0	0	0	0	0	0	0	0	0	0	0	0	0	0	0	0	0	0	0	0	0	0	0	0	0	0	0	0	0	0	0	
1	1	1	639	19.17		300	0	0	0.03195	0.03195	-0.0563813	0	0	0	148.552	148.552	3.03995e-05	0	0	0	5.99963	0.590901	0	5.40873		300	0.76197	0.0238462	0.0238462	-0.0476924	0	0	0	0.76197	0	-0.469668	-153.69	0	26.9754	26.9754	0	7.04502	0	0	0	0	0	0	0	0	0	0	0	0	0	0	0	0	0	0	0	0	0	0	0	0	0	0	0	0	0	0	0	0	0	
1	1	1	640	19.2		300	0	0	0.032	0.032	-0.0564723	0	0	0	148.729	148.729	3.03975e-05	0	0	0	6.01449	0.597646	0	5.41685		300	0.763122	0.0238865	0.0238865	-0.047773	0	0	0	0.763122	0	-0.469668	-153.69	0	26.9754	26.9754	0	7.04502	0	0	0	0	0	0	0	0	0	0	0	0	0	0	0	0	0	0	0	0	0	0	0	0	0	0	0	0	0	0	0	0	0	
1	1	1	641	19.23		300	0	0	0.03205	0.03205	-0.0565633	0	0	0	148.907	148.907	3.03955e-05	0	0	0	6.02937	0.604414	0	5.42496		300	0.764273	0.0239268	0.0239268	-0.0478536	0	0	0	0.764273	0	-0.469668	-153.69	0	26.9754	26.9754	0	7.04502	0	0	0	0	0	0	0	0	0	0	0	0	0	0	0	0	0	0	0	0	0	0	0	0	0	0	0	0	0	0	0	0	0	
1	1	1	642	19.26		300	0	0	0.0321	0.0321	-0.0566543	0	0	0	149.085	149.085	3.03934e-05	0	0	0	6.04427	0.611204	0	5.43307		300	0.765423	0.0239671	0.0239671	-0.0479342	0	0	0	0.765423	0	-0.469668	-153.69	0	26.9754	26.9754	0	7.04502	0	0	0	0	0	0	0	0	0	0	0	0	0	0	0	0	0	0	0	0	0	0	0	0	0	0	0	0	0	0	0	0	0	
1	1	1	643	19.29		300	0	0	0.03215	0.03215	-0.0567452	0	0	0	149.264	149.264	3.03913e-05	0	0	0	6.05919	0.618017	0	5.44117		300	0.766572	0.0240074	0.0240074	-0.0480147	0	0	0	0.766572	0	-0.469668	-153.69	0	26.9754	26.9754	0	7.04502	0	0	0	0	0	0	0	0	0	0	0	0	0	0	0	0	0	0	0	0	0	0	0	0	0	0	0	0	0	0	0	0	0	
1	1	1	644	19.32		300	0	0	0.0322	0.0322	-0.0568362	0	0	0	149.443	149.443	3.03893e-05	0	0	0	6.07413	0.624852	0	5.44927		300	0.767721	0.0240476	0.0240476	-0.0480952	0	0	0	0.767721	0	-0.469668	-153.69	0	26.9754	26.9754	0	7.04502	0	0	0	0	0	0	0	0	0	0	0	0	0	0	0	0	0	0	0	0	0	0	0	0	0	0	0	0	0	0	0	0	0	
1	1	1	645	19.35		300	0	0	0.03225	0.03225	-0.0569271	0	0	0	149.622	149.622	3.03872e-05	0	0	0	6.08908	0.631711	0	5.45737		300	0.768869	0.0240878	0.0240878	-0.0481756	0	0	0	0.768869	0	-0.469668	-153.69	0	26.9754	26.9754	0	7.04502	0	0	0	0	0	0	0	0	0	0	0	0	0	0	0	0	0	0	0	0	0	0	0	0	0	0	0	0	0	0	0	0	0	
1	1	1	646	19.38		300	0	0	0.0323	0.0323	-0.057018	0	0	0	149.802	149.802	3.0385e-05	0	0	0	6.10405	0.638593	0	5.46546		300	0.770017	0.024128	0.024128	-0.048256	0	0	0	0.770017	0	-0.469668	-153.69	0	26.9754	26.9754	0	7.04502	0	0	0	0	0	0	0	0	0	0	0	0	0	0	0	0	0	0	0	0	0	0	0	0	0	0	0	0	0	0	0	0	0	
1	1	1	647	19.41		300	0	0	0.03235	0.03235	-0.0571089	0	0	0	149.982	149.982	3.03829e-05	0	0	0	6.11904	0.645497	0	5.47354		300	0.771163	0.0241682	0.0241682	-0.0483364	0	0	0	0.771163	0	-0.469668	-153.69	0	26.9754	26.9754	0	7.04502	0	0	0	0	0	0	0	0	0	0	0	0	0	0	0	0	0	0	0	0	0	0	0	0	0	0	0	0	0	0	0	0	0	
1	1	1	648	19.44		300	0	0	0.0324	0.0324	-0.0571998	0	0	0	150.162	150.162	3.03807e-05	0	0	0	6.13405	0.652425	0	5.48162		300	0.772309	0.0242083	0.0242083	-0.0484167	0	0	0	0.772309	0	-0.469668	-153.69	0	26.9754	26.9754	0	7.04502	0	0	0	0	0	0	0	0	0	0	0	0	0	0	0	0	0	0	0	0	0	0	0	0	0	0	0	0	0	0	0	0	0	
1	1	1	649	19.47		300	0	0	0.03245	0.03245	-0.0572906	0	0	0	150.343	150.343	3.03786e-05	0	0	0	6.14907	0.659376	0	5.4897		300	0.773455	0.0242485	0.0242485	-0.048497	0	0	0	0.773455	0	-0.469668	-153.69	0	26.9754	26.9754	0	7.04502	0	0	0	0	0	0	0	0	0	0	0	0	0	0	0	0	0	0	0	0	0	0	0	0	0	0	0	0	0	0	0	0	0	
1	1	1	650	19.5		300	0	0	0.0325	0.0325	-0.0573814	0	0	0	150.524	150.524	3.03764e-05	0	0	0	6.16412	0.66635	0	5.49777		300	0.774599	0.0242886	0.0242886	-0.0485772	0	0	0	0.774599	0	-0.469668	-153.69	0	26.9754	26.9754	0	7.04502	0	0	0	0	0	0	0	0	0	0	0	0	0	0	0	0	0	0	0	0	0	0	0	0	0	0	0	0	0	0	0	0	0	
1	1	1	651	19.53		300	0	0	0.03255	0.03255	-0.0574722	0	0	0	150.706	150.706	3.03742e-05	0	0	0	6.17918	0.673347	0	5.50583		300	0.775743	0.0243287	0.0243287	-0.0486574	0	0	0	0.775743	0	-0.469668	-153.69	0	26.9754	26.9754	0	7.04502	0	0	0	0	0	0	0	0	0	0	0	0	0	0	0	0	0	0	0	0	0	0	0	0	0	0	0	0	0	0	0	0	0	
1	1	1	652	19.56		300	0	0	0.0326	0.0326	-0.057563	0	0	0	150.888	150.888	3.03719e-05	0	0	0	6.19426	0.680368	0	5.51389		300	0.776886	0.0243688	0.0243688	-0.0487375	0	0	0	0.776886	0	-0.469668	-153.69	0	26.9754	26.9754	0	7.04502	0	0	0	0	0	0	0	0	0	0	0	0	0	0	0	0	0	0	0	0	0	0	0	0	0	0	0	0	0	0	0	0	0	
1	1	1	653	19.59		300	0	0	0.03265	0.03265	-0.0576538	0	0	0	151.07	151.07	3.03697e-05	0	0	0	6.20936	0.687413	0	5.52194		300	0.778028	0.0244088	0.0244088	-0.0488177	0	0	0	0.778028	0	-0.469668	-153.69	0	26.9754	26.9754	0	7.04502	0	0	0	0	0	0	0	0	0	0	0	0	0	0	0	0	0	0	0	0	0	0	0	0	0	0	0	0	0	0	0	0	0	
1	1	1	654	19.62		300	0	0	0.0327	0.0327	-0.0577446	0	0	0	151.253	151.253	3.03674e-05	0	0	0	6.22447	0.69448	0	5.52999		300	0.77917	0.0244489	0.0244489	-0.0488977	0	0	0	0.77917	0	-0.469668	-153.69	0	26.9754	26.9754	0	7.04502	0	0	0	0	0	0	0	0	0	0	0	0	0	0	0	0	0	0	0	0	0	0	0	0	0	0	0	0	0	0	0	0	0	
1	1	1	655	19.65		300	0	0	0.03275	0.03275	-0.0578353	0	0	0	151.436	151.436	3.03652e-05	0	0	0	6.23961	0.701572	0	5.53803		300	0.780311	0.0244889	0.0244889	-0.0489777	0	0	0	0.780311	0	-0.469668	-153.69	0	26.9754	26.9754	0	7.04502	0	0	0	0	0	0	0	0	0	0	0	0	0	0	0	0	0	0	0	0	0	0	0	0	0	0	0	0	0	0	0	0	0	
1	1	1	656	19.68		300	0	0	0.0328	0.0328	-0.057926	0	0	0	151.619	151.619	3.03629e-05	0	0	0	6.25476	0.708687	0	5.54607		300	0.781451	0.0245289	0.0245289	-0.0490577	0	0	0	0.781451	0	-0.469668	-153.69	0	26.9754	26.9754	0	7.04502	0	0	0	0	0	0	0	0	0	0	0	0	0	0	0	0	0	0	0	0	0	0	0	0	0	0	0	0	0	0	0	0	0	
1	1	1	657	19.71		300	0	0	0.03285	0.03285	-0.0580167	0	0	0	151.803	151.803	3.03605e-05	0	0	0	6.26993	0.715826	0	5.5541		300	0.78259	0.0245688	0.0245688	-0.0491376	0	0	0	0.78259	0	-0.469668	-153.69	0	26.9754	26.9754	0	7.04502	0	0	0	0	0	0	0	0	0	0	0	0	0	0	0	0	0	0	0	0	0	0	0	0	0	0	0	0	0	0	0	0	0	
1	1	1	658	19.74		300	0	0	0.0329	0.0329	-0.0581074	0	0	0	151.988	151.988	3.03582e-05	0	0	0	6.28512	0.722989	0	5.56213		300	0.783728	0.0246088	0.0246088	-0.0492175	0	0	0	0.783728	0	-0.469668	-153.69	0	26.9754	26.9754	0	7.04502	0	0	0	0	0	0	0	0	0	0	0	0	0	0	0	0	0	0	0	0	0	0	0	0	0	0	0	0	0	0	0	0	0	
1	1	1	659	19.77		300	0	0	0.03295	0.03295	-0.058198	0	0	0	152.173	152.173	3.03559e-05	0	0	0	6.30033	0.730176	0	5.57015		300	0.784866	0.0246487	0.0246487	-0.0492974	0	0	0	0.784866	0	-0.469668	-153.69	0	26.9754	26.9754	0	7.04502	0	0	0	0	0	0	0	0	0	0	0	0	0	0	0	0	0	0	0	0	0	0	0	0	0	0	0	0	0	0	0	0	0	
1	1	1	660	19.8		300	0	0	0.033	0.033	-0.0582886	0	0	0	152.358	152.358	3.03535e-05	0	0	0	6.31555	0.737386	0	5.57817		300	0.786003	0.0246886	0.0246886	-0.0493772	0	0	0	0.786003	0	-0.469668	-153.69	0	26.9754	26.9754	0	7.04502	0	0	0	0	0	0	0	0	0	0	0	0	0	0	0	0	0	0	0	0	0	0	0	0	0	0	0	0	0	0	0	0	0	
1	1	1	661	19.83		300	0	0	0.03305	0.03305	-0.0583792	0	0	0	152.543	152.543	3.03511e-05	0	0	0	6.3308	0.744621	0	5.58618		300	0.787139	0.0247285	0.0247285	-0.0494569	0	0	0	0.787139	0	-0.469668	-153.69	0	26.9754	26.9754	0	7.04502	0	0	0	0	0	0	0	0	0	0	0	0	0	0	0	0	0	0	0	0	0	0	0	0	0	0	0	0	0	0	0	0	0	
1	1	1	662	19.86		300	0	0	0.0331	0.0331	-0.0584698	0	0	0	152.729	152.729	3.03487e-05	0	0	0	6.34606	0.75188	0	5.59418		300	0.788274	0.0247683	0.0247683	-0.0495366	0	0	0	0.788274	0	-0.469668	-153.69	0	26.9754	26.9754	0	7.04502	0	0	0	0	0	0	0	0	0	0	0	0	0	0	0	0	0	0	0	0	0	0	0	0	0	0	0	0	0	0	0	0	0	
1	1	1	663	19.89		300	0	0	0.03315	0.03315	-0.0585604	0	0	0	152.916	152.916	3.03462e-05	0	0	0	6.36134	0.759163	0	5.60218		300	0.789409	0.0248081	0.0248081	-0.0496163	0	0	0	0.789409	0	-0.469668	-153.69	0	26.9754	26.9754	0	7.04502	0	0	0	0	0	0	0	0	0	0	0	0	0	0	0	0	0	0	0	0	0	0	0	0	0	0	0	0	0	0	0	0	0	
1	1	1	664	19.92		300	0	0	0.0332	0.0332	-0.0586509	0	0	0	153.103	153.103	3.03438e-05	0	0	0	6.37665	0.766471	0	5.61017		300	0.790543	0.0248479	0.0248479	-0.0496959	0	0	0	0.790543	0	-0.469668	-153.69	0	26.9754	26.9754	0	7.04502	0	0	0	0	0	0	0	0	0	0	0	0	0	0	0	0	0	0	0	0	0	0	0	0	0	0	0	0	0	0	0	0	0	
1	1	1	665	19.95		300	0	0	0.03325	0.03325	-0.0587414	0	0	0	153.29	153.29	3.03413e-05	0	0	0	6.39197	0.773803	0	5.61816		300	0.791675	0.0248877	0.0248877	-0.0497754	0	0	0	0.791675	0	-0.469668	-153.69	0	26.9754	26.9754	0	7.04502	0	0	0	0	0	0	0	0	0	0	0	0	0	0	0	0	0	0	0	0	0	0	0	0	0	0	0	0	0	0	0	0	0	
1	1	1	666	19.98		300	0	0	0.0333	0.0333	-0.0588319	0	0	0	153.478	153.478	3.03388e-05	0	0	0	6.4073	0.78116	0	5.62614		300	0.792808	0.0249275	0.0249275	-0.0498549	0	0	0	0.792808	0	-0.469668	-153.69	0	26.9754	26.9754	0	7.04502	0	0	0	0	0	0	0	0	0	0	0	0	0	0	0	0	0	0	0	0	0	0	0	0	0	0	0	0	0	0	0	0	0	
1	1	1	667	20.01		300	0	0	0.03335	0.03335	-0.0589224	0	0	0	153.666	153.666	3.03363e-05	0	0	0	6.42266	0.788541	0	5.63412		300	0.793939	0.0249672	0.0249672	-0.0499344	0	0	0	0.793939	0	-0.469668	-153.69	0	26.9754	26.9754	0	7.04502	0	0	0	0	0	0	0	0	0	0	0	0	0	0	0	0	0	0	0	0	0	0	0	0	0	0	0	0	0	0	0	0	0	
1	1	1	668	20.04		300	0	0	0.0334	0.0334	-0.0590129	0	0	0	153.855	153.855	3.03338e-05	0	0	0	6.43804	0.795947	0	5.64209		300	0.795069	0.0250069	0.0250069	-0.0500138	0	0	0	0.795069	0	-0.469668	-153.69	0	26.9754	26.9754	0	7.04502	0	0	0	0	0	0	0	0	0	0	0	0	0	0	0	0	0	0	0	0	0	0	0	0	0	0	0	0	0	0	0	0	0	
1	1	1	669	20.07		300	0	0	0.03345	0.03345	-0.0591033	0	0	0	154.044	154.044	3.03313e-05	0	0	0	6.45343	0.803377	0	5.65005		300	0.796199	0.0250466	0.0250466	-0.0500932	0	0	0	0.796199	0	-0.469668	-153.69	0	26.9754	26.9754	0	7.04502	0	0	0	0	0	0	0	0	0	0	0	0	0	0	0	0	0	0	0	0	0	0	0	0	0	0	0	0	0	0	0	0	0	
1	1	1	670	20.1		300	0	0	0.0335	0.0335	-0.0591937	0	0	0	154.234	154.234	3.03287e-05	0	0	0	6.46885	0.810833	0	5.65801		300	0.797328	0.0250862	0.0250862	-0.0501725	0	0	0	0.797328	0	-0.469668	-153.69	0	26.9754	26.9754	0	7.04502	0	0	0	0	0	0	0	0	0	0	0	0	0	0	0	0	0	0	0	0	0	0	0	0	0	0	0	0	0	0	0	0	0	
1	1	1	671	20.13		300	0	0	0.03355	0.03355	-0.0592841	0	0	0	154.424	154.424	3.03261e-05	0	0	0	6.48428	0.818313	0	5.66597		300	0.798455	0.0251259	0.0251259	-0.0502517	0	0	0	0.798455	0	-0.469668	-153.69	0	26.9754	26.9754	0	7.04502	0	0	0	0	0	0	0	0	0	0	0	0	0	0	0	0	0	0	0	0	0	0	0	0	0	0	0	0	0	0	0	0	0	
1	1	1	672	20.16		300	0	0	0.0336	0.0336	-0.0593744	0	0	0	154.614	154.614	3.03235e-05	0	0	0	6.49973	0.825819	0	5.67391		300	0.799582	0.0251655	0.0251655	-0.0503309	0	0	0	0.799582	0	-0.469668	-153.69	0	26.9754	26.9754	0	7.04502	0	0	0	0	0	0	0	0	0	0	0	0	0	0	0	0	0	0	0	0	0	0	0	0	0	0	0	0	0	0	0	0	0	
1	1	1	673	20.19		300	0	0	0.03365	0.03365	-0.0594647	0	0	0	154.805	154.805	3.03209e-05	0	0	0	6.5152	0.83335	0	5.68185		300	0.800709	0.0252051	0.0252051	-0.0504101	0	0	0	0.800709	0	-0.469668	-153.69	0	26.9754	26.9754	0	7.04502	0	0	0	0	0	0	0	0	0	0	0	0	0	0	0	0	0	0	0	0	0	0	0	0	0	0	0	0	0	0	0	0	0	
1	1	1	674	20.22		300	0	0	0.0337	0.0337	-0.0595551	0	0	0	154.997	154.997	3.03182e-05	0	0	0	6.53069	0.840905	0	5.68979		300	0.801834	0.0252446	0.0252446	-0.0504892	0	0	0	0.801834	0	-0.469668	-153.69	0	26.9754	26.9754	0	7.04502	0	0	0	0	0	0	0	0	0	0	0	0	0	0	0	0	0	0	0	0	0	0	0	0	0	0	0	0	0	0	0	0	0	
1	1	1	675	20.25		300	0	0	0.03375	0.03375	-0.0596453	0	0	0	155.189	155.189	3.03155e-05	0	0	0	6.5462	0.848487	0	5.69771		300	0.802958	0.0252841	0.0252841	-0.0505683	0	0	0	0.802958	0	-0.469668	-153.69	0	26.9754	26.9754	0	7.04502	0	0	0	0	0	0	0	0	0	0	0	0	0	0	0	0	0	0	0	0	0	0	0	0	0	0	0	0	0	0	0	0	0	
1	1	1	676	20.28		300	0	0	0.0338	0.0338	-0.0597356	0	0	0	155.381	155.381	3.03128e-05	0	0	0	6.56173	0.856093	0	5.70564		300	0.804082	0.0253236	0.0253236	-0.0506473	0	0	0	0.804082	0	-0.469668	-153.69	0	26.9754	26.9754	0	7.04502	0	0	0	0	0	0	0	0	0	0	0	0	0	0	0	0	0	0	0	0	0	0	0	0	0	0	0	0	0	0	0	0	0	
1	1	1	677	20.31		300	0	0	0.03385	0.03385	-0.0598258	0	0	0	155.574	155.574	3.03101e-05	0	0	0	6.57728	0.863725	0	5.71355		300	0.805205	0.0253631	0.0253631	-0.0507262	0	0	0	0.805205	0	-0.469668	-153.69	0	26.9754	26.9754	0	7.04502	0	0	0	0	0	0	0	0	0	0	0	0	0	0	0	0	0	0	0	0	0	0	0	0	0	0	0	0	0	0	0	0	0	
1	1	1	678	20.34		300	0	0	0.0339	0.0339	-0.059916	0	0	0	155.768	155.768	3.03074e-05	0	0	0	6.59284	0.871383	0	5.72146		300	0.806326	0.0254026	0.0254026	-0.0508051	0	0	0	0.806326	0	-0.469668	-153.69	0	26.9754	26.9754	0	7.04502	0	0	0	0	0	0	0	0	0	0	0	0	0	0	0	0	0	0	0	0	0	0	0	0	0	0	0	0	0	0	0	0	0	
1	1	1	679	20.37		300	0	0	0.03395	0.03395	-0.0600062	0	0	0	155.962	155.962	3.03046e-05	0	0	0	6.60843	0.879067	0	5.72936		300	0.807447	0.025442	0.025442	-0.0508839	0	0	0	0.807447	0	-0.469668	-153.69	0	26.9754	26.9754	0	7.04502	0	0	0	0	0	0	0	0	0	0	0	0	0	0	0	0	0	0	0	0	0	0	0	0	0	0	0	0	0	0	0	0	0	
1	1	1	680	20.4		300	0	0	0.034	0.034	-0.0600964	0	0	0	156.156	156.156	3.03019e-05	0	0	0	6.62404	0.886776	0	5.73726		300	0.808567	0.0254814	0.0254814	-0.0509627	0	0	0	0.808567	0	-0.469668	-153.69	0	26.9754	26.9754	0	7.04502	0	0	0	0	0	0	0	0	0	0	0	0	0	0	0	0	0	0	0	0	0	0	0	0	0	0	0	0	0	0	0	0	0	
1	1	1	681	20.43		300	0	0	0.03405	0.03405	-0.0601865	0	0	0	156.351	156.351	3.02991e-05	0	0	0	6.63966	0.894511	0	5.74515		300	0.809686	0.0255207	0.0255207	-0.0510415	0	0	0	0.809686	0	-0.469668	-153.69	0	26.9754	26.9754	0	7.04502	0	0	0	0	0	0	0	0	0	0	0	0	0	0	0	0	0	0	0	0	0	0	0	0	0	0	0	0	0	0	0	0	0	
1	1	1	682	20.46		300	0	0	0.0341	0.0341	-0.0602766	0	0	0	156.547	156.547	3.02963e-05	0	0	0	6.65531	0.902272	0	5.75303		300	0.810804	0.0255601	0.0255601	-0.0511201	0	0	0	0.810804	0	-0.469668	-153.69	0	26.9754	26.9754	0	7.04502	0	0	0	0	0	0	0	0	0	0	0	0	0	0	0	0	0	0	0	0	0	0	0	0	0	0	0	0	0	0	0	0	0	
1	1	1	683	20.49		300	0	0	0.03415	0.03415	-0.0603667	0	0	0	156.743	156.743	3.02934e-05	0	0	0	6.67097	0.91006	0	5.76091		300	0.811921	0.0255994	0.0255994	-0.0511987	0	0	0	0.811921	0	-0.469668	-153.69	0	26.9754	26.9754	0	7.04502	0	0	0	0	0	0	0	0	0	0	0	0	0	0	0	0	0	0	0	0	0	0	0	0	0	0	0	0	0	0	0	0	0	
1	1	1	684	20.52		300	0	0	0.0342	0.0342	-0.0604567	0	0	0	156.939	156.939	3.02905e-05	0	0	0	6.68666	0.917873	0	5.76878		300	0.813038	0.0256386	0.0256386	-0.0512773	0	0	0	0.813038	0	-0.469668	-153.69	0	26.9754	26.9754	0	7.04502	0	0	0	0	0	0	0	0	0	0	0	0	0	0	0	0	0	0	0	0	0	0	0	0	0	0	0	0	0	0	0	0	0	
1	1	1	685	20.55		300	0	0	0.03425	0.03425	-0.0605468	0	0	0	157.136	157.136	3.02877e-05	0	0	0	6.70236	0.925713	0	5.77665		300	0.814153	0.0256779	0.0256779	-0.0513558	0	0	0	0.814153	0	-0.469668	-153.69	0	26.9754	26.9754	0	7.04502	0	0	0	0	0	0	0	0	0	0	0	0	0	0	0	0	0	0	0	0	0	0	0	0	0	0	0	0	0	0	0	0	0	
1	1	1	686	20.58		300	0	0	0.0343	0.0343	-0.0606368	0	0	0	157.334	157.334	3.02848e-05	0	0	0	6.71808	0.93358	0	5.7845		300	0.815267	0.0257171	0.0257171	-0.0514342	0	0	0	0.815267	0	-0.469668	-153.69	0	26.9754	26.9754	0	7.04502	0	0	0	0	0	0	0	0	0	0	0	0	0	0	0	0	0	0	0	0	0	0	0	0	0	0	0	0	0	0	0	0	0	
1	1	1	687	20.61		300	0	0	0.03435	0.03435	-0.0607267	0	0	0	157.532	157.532	3.02818e-05	0	0	0	6.73383	0.941473	0	5.79235		300	0.816381	0.0257563	0.0257563	-0.0515126	0	0	0	0.816381	0	-0.469668	-153.69	0	26.9754	26.9754	0	7.04502	0	0	0	0	0	0	0	0	0	0	0	0	0	0	0	0	0	0	0	0	0	0	0	0	0	0	0	0	0	0	0	0	0	
1	1	1	688	20.64		300	0	0	0.0344	0.0344	-0.0608167	0	0	0	157.731	157.731	3.02789e-05	0	0	0	6.74959	0.949392	0	5.8002		300	0.817493	0.0257955	0.0257955	-0.0515909	0	0	0	0.817493	0	-0.469668	-153.69	0	26.9754	26.9754	0	7.04502	0	0	0	0	0	0	0	0	0	0	0	0	0	0	0	0	0	0	0	0	0	0	0	0	0	0	0	0	0	0	0	0	0	
1	1	1	689	20.67		300	0	0	0.03445	0.03445	-0.0609066	0	0	0	157.93	157.93	3.02759e-05	0	0	0	6.76537	0.957338	0	5.80803		300	0.818604	0.0258346	0.0258346	-0.0516692	0	0	0	0.818604	0	-0.469668	-153.69	0	26.9754	26.9754	0	7.04502	0	0	0	0	0	0	0	0	0	0	0	0	0	0	0	0	0	0	0	0	0	0	0	0	0	0	0	0	0	0	0	0	0	
1	1	1	690	20.7		300	0	0	0.0345	0.0345	-0.0609965	0	0	0	158.13	158.13	3.02729e-05	0	0	0	6.78118	0.965312	0	5.81586		300	0.819715	0.0258737	0.0258737	-0.0517474	0	0	0	0.819715	0	-0.469668	-153.69	0	26.9754	26.9754	0	7.04502	0	0	0	0	0	0	0	0	0	0	0	0	0	0	0	0	0	0	0	0	0	0	0	0	0	0	0	0	0	0	0	0	0	
1	1	1	691	20.73		300	0	0	0.03455	0.03455	-0.0610864	0	0	0	158.33	158.33	3.02699e-05	0	0	0	6.797	0.973312	0	5.82369		300	0.820824	0.0259128	0.0259128	-0.0518255	0	0	0	0.820824	0	-0.469668	-153.69	0	26.9754	26.9754	0	7.04502	0	0	0	0	0	0	0	0	0	0	0	0	0	0	0	0	0	0	0	0	0	0	0	0	0	0	0	0	0	0	0	0	0	
1	1	1	692	20.76		300	0	0	0.0346	0.0346	-0.0611762	0	0	0	158.531	158.531	3.02668e-05	0	0	0	6.81284	0.981339	0	5.8315		300	0.821933	0.0259518	0.0259518	-0.0519036	0	0	0	0.821933	0	-0.469668	-153.69	0	26.9754	26.9754	0	7.04502	0	0	0	0	0	0	0	0	0	0	0	0	0	0	0	0	0	0	0	0	0	0	0	0	0	0	0	0	0	0	0	0	0	
1	1	1	693	20.79		300	0	0	0.03465	0.03465	-0.061266	0	0	0	158.733	158.733	3.02637e-05	0	0	0	6.8287	0.989393	0	5.83931		300	0.82304	0.0259908	0.0259908	-0.0519816	0	0	0	0.82304	0	-0.469668	-153.69	0	26.9754	26.9754	0	7.04502	0	0	0	0	0	0	0	0	0	0	0	0	0	0	0	0	0	0	0	0	0	0	0	0	0	0	0	0	0	0	0	0	0	
1	1	1	694	20.82		300	0	0	0.0347	0.0347	-0.0613558	0	0	0	158.935	158.935	3.02607e-05	0	0	0	6.84459	0.997475	0	5.84711		300	0.824146	0.0260298	0.0260298	-0.0520596	0	0	0	0.824146	0	-0.469668	-153.69	0	26.9754	26.9754	0	7.04502	0	0	0	0	0	0	0	0	0	0	0	0	0	0	0	0	0	0	0	0	0	0	0	0	0	0	0	0	0	0	0	0	0	
1	1	1	695	20.85		300	0	0	0.03475	0.03475	-0.0614455	0	0	0	159.137	159.137	3.02575e-05	0	0	0	6.86049	1.00558	0	5.85491		300	0.825252	0.0260687	0.0260687	-0.0521375	0	0	0	0.825252	0	-0.469668	-153.69	0	26.9754	26.9754	0	7.04502	0	0	0	0	0	0	0	0	0	0	0	0	0	0	0	0	0	0	0	0	0	0	0	0	0	0	0	0	0	0	0	0	0	
1	1	1	696	20.88		300	0	0	0.0348	0.0348	-0.0615352	0	0	0	159.341	159.341	3.02544e-05	0	0	0	6.87642	1.01372	0	5.86269		300	0.826356	0.0261077	0.0261077	-0.0522153	0	0	0	0.826356	0	-0.469668	-153.69	0	26.9754	26.9754	0	7.04502	0	0	0	0	0	0	0	0	0	0	0	0	0	0	0	0	0	0	0	0	0	0	0	0	0	0	0	0	0	0	0	0	0	
1	1	1	697	20.91		300	0	0	0.03485	0.03485	-0.0616249	0	0	0	159.544	159.544	3.02512e-05	0	0	0	6.89236	1.02189	0	5.87047		300	0.82746	0.0261465	0.0261465	-0.0522931	0	0	0	0.82746	0	-0.469668	-153.69	0	26.9754	26.9754	0	7.04502	0	0	0	0	0	0	0	0	0	0	0	0	0	0	0	0	0	0	0	0	0	0	0	0	0	0	0	0	0	0	0	0	0	
1	1	1	698	20.94		300	0	0	0.0349	0.0349	-0.0617145	0	0	0	159.749	159.749	3.0248e-05	0	0	0	6.90832	1.03008	0	5.87825		300	0.828562	0.0261854	0.0261854	-0.0523708	0	0	0	0.828562	0	-0.469668	-153.69	0	26.9754	26.9754	0	7.04502	0	0	0	0	0	0	0	0	0	0	0	0	0	0	0	0	0	0	0	0	0	0	0	0	0	0	0	0	0	0	0	0	0	
1	1	1	699	20.97		300	0	0	0.03495	0.03495	-0.0618042	0	0	0	159.954	159.954	3.02448e-05	0	0	0	6.92431	1.0383	0	5.88601		300	0.829663	0.0262242	0.0262242	-0.0524484	0	0	0	0.829663	0	-0.469668	-153.69	0	26.9754	26.9754	0	7.04502	0	0	0	0	0	0	0	0	0	0	0	0	0	0	0	0	0	0	0	0	0	0	0	0	0	0	0	0	0	0	0	0	0	
1	1	1	700	21		300	0	0	0.035	0.035	-0.0618938	0	0	0	160.16	160.16	3.02416e-05	0	0	0	6.94032	1.04655	0	5.89377		300	0.830763	0.026263	0.026263	-0.052526	0	0	0	0.830763	0	-0.469668	-153.69	0	26.9754	26.9754	0	7.04502	0	0	0	0	0	0	0	0	0	0	0	0	0	0	0	0	0	0	0	0	0	0	0	0	0	0	0	0	0	0	0	0	0	
1	1	1	701	21.03		300	0	0	0.03505	0.03505	-0.0619833	0	0	0	160.366	160.366	3.02383e-05	0	0	0	6.95634	1.05482	0	5.90152		300	0.831862	0.0263017	0.0263017	-0.0526034	0	0	0	0.831862	0	-0.469668	-153.69	0	26.9754	26.9754	0	7.04502	0	0	0	0	0	0	0	0	0	0	0	0	0	0	0	0	0	0	0	0	0	0	0	0	0	0	0	0	0	0	0	0	0	
1	1	1	702	21.06		300	0	0	0.0351	0.0351	-0.0620728	0	0	0	160.573	160.573	3.0235e-05	0	0	0	6.97239	1.06313	0	5.90926		300	0.83296	0.0263404	0.0263404	-0.0526809	0	0	0	0.83296	0	-0.469668	-153.69	0	26.9754	26.9754	0	7.04502	0	0	0	0	0	0	0	0	0	0	0	0	0	0	0	0	0	0	0	0	0	0	0	0	0	0	0	0	0	0	0	0	0	
1	1	1	703	21.09		300	0	0	0.03515	0.03515	-0.0621623	0	0	0	160.78	160.78	3.02317e-05	0	0	0	6.98846	1.07146	0	5.917		300	0.834057	0.0263791	0.0263791	-0.0527582	0	0	0	0.834057	0	-0.469668	-153.69	0	26.9754	26.9754	0	7.04502	0	0	0	0	0	0	0	0	0	0	0	0	0	0	0	0	0	0	0	0	0	0	0	0	0	0	0	0	0	0	0	0	0	
1	1	1	704	21.12		300	0	0	0.0352	0.0352	-0.0622518	0	0	0	160.988	160.988	3.02283e-05	0	0	0	7.00454	1.07982	0	5.92472		300	0.835153	0.0264178	0.0264178	-0.0528355	0	0	0	0.835153	0	-0.469668	-153.69	0	26.9754	26.9754	0	7.04502	0	0	0	0	0	0	0	0	0	0	0	0	0	0	0	0	0	0	0	0	0	0	0	0	0	0	0	0	0	0	0	0	0	
1	1	1	705	21.15		300	0	0	0.03525	0.03525	-0.0623412	0	0	0	161.197	161.197	3.0225e-05	0	0	0	7.02065	1.08821	0	5.93244		300	0.836247	0.0264564	0.0264564	-0.0529127	0	0	0	0.836247	0	-0.469668	-153.69	0	26.9754	26.9754	0	7.04502	0	0	0	0	0	0	0	0	0	0	0	0	0	0	0	0	0	0	0	0	0	0	0	0	0	0	0	0	0	0	0	0	0	
1	1	1	706	21.18		300	0	0	0.0353	0.0353	-0.0624306	0	0	0	161.407	161.407	3.02216e-05	0	0	0	7.03678	1.09663	0	5.94015		300	0.837341	0.0264949	0.0264949	-0.0529899	0	0	0	0.837341	0	-0.469668	-153.69	0	26.9754	26.9754	0	7.04502	0	0	0	0	0	0	0	0	0	0	0	0	0	0	0	0	0	0	0	0	0	0	0	0	0	0	0	0	0	0	0	0	0	
1	1	1	707	21.21		300	0	0	0.03535	0.03535	-0.06252	0	0	0	161.617	161.617	3.02181e-05	0	0	0	7.05294	1.10508	0	5.94786		300	0.838433	0.0265335	0.0265335	-0.0530669	0	0	0	0.838433	0	-0.469668	-153.69	0	26.9754	26.9754	0	7.04502	0	0	0	0	0	0	0	0	0	0	0	0	0	0	0	0	0	0	0	0	0	0	0	0	0	0	0	0	0	0	0	0	0	
1	1	1	708	21.24		300	0	0	0.0354	0.0354	-0.0626093	0	0	0	161.828	161.828	3.02147e-05	0	0	0	7.06911	1.11356	0	5.95555		300	0.839524	0.026572	0.026572	-0.0531439	0	0	0	0.839524	0	-0.469668	-153.69	0	26.9754	26.9754	0	7.04502	0	0	0	0	0	0	0	0	0	0	0	0	0	0	0	0	0	0	0	0	0	0	0	0	0	0	0	0	0	0	0	0	0	
1	1	1	709	21.27		300	0	0	0.03545	0.03545	-0.0626986	0	0	0	162.039	162.039	3.02112e-05	0	0	0	7.0853	1.12206	0	5.96324		300	0.840614	0.0266104	0.0266104	-0.0532209	0	0	0	0.840614	0	-0.469668	-153.69	0	26.9754	26.9754	0	7.04502	0	0	0	0	0	0	0	0	0	0	0	0	0	0	0	0	0	0	0	0	0	0	0	0	0	0	0	0	0	0	0	0	0	
1	1	1	710	21.3		300	0	0	0.0355	0.0355	-0.0627879	0	0	0	162.251	162.251	3.02077e-05	0	0	0	7.10152	1.1306	0	5.97092		300	0.841703	0.0266489	0.0266489	-0.0532977	0	0	0	0.841703	0	-0.469668	-153.69	0	26.9754	26.9754	0	7.04502	0	0	0	0	0	0	0	0	0	0	0	0	0	0	0	0	0	0	0	0	0	0	0	0	0	0	0	0	0	0	0	0	0	
1	1	1	711	21.33		300	0	0	0.03555	0.03555	-0.0628771	0	0	0	162.464	162.464	3.02042e-05	0	0	0	7.11775	1.13916	0	5.97859		300	0.842791	0.0266873	0.0266873	-0.0533745	0	0	0	0.842791	0	-0.469668	-153.69	0	26.9754	26.9754	0	7.04502	0	0	0	0	0	0	0	0	0	0	0	0	0	0	0	0	0	0	0	0	0	0	0	0	0	0	0	0	0	0	0	0	0	
1	1	1	712	21.36		300	0	0	0.0356	0.0356	-0.0629663	0	0	0	162.678	162.678	3.02006e-05	0	0	0	7.13401	1.14776	0	5.98625		300	0.843878	0.0267256	0.0267256	-0.0534512	0	0	0	0.843878	0	-0.469668	-153.69	0	26.9754	26.9754	0	7.04502	0	0	0	0	0	0	0	0	0	0	0	0	0	0	0	0	0	0	0	0	0	0	0	0	0	0	0	0	0	0	0	0	0	
1	1	1	713	21.39		300	0	0	0.03565	0.03565	-0.0630555	0	0	0	162.892	162.892	3.0197e-05	0	0	0	7.15029	1.15638	0	5.9939		300	0.844963	0.0267639	0.0267639	-0.0535278	0	0	0	0.844963	0	-0.469668	-153.69	0	26.9754	26.9754	0	7.04502	0	0	0	0	0	0	0	0	0	0	0	0	0	0	0	0	0	0	0	0	0	0	0	0	0	0	0	0	0	0	0	0	0	
1	1	1	714	21.42		300	0	0	0.0357	0.0357	-0.0631446	0	0	0	163.107	163.107	3.01934e-05	0	0	0	7.16659	1.16504	0	6.00155		300	0.846047	0.0268022	0.0268022	-0.0536044	0	0	0	0.846047	0	-0.469668	-153.69	0	26.9754	26.9754	0	7.04502	0	0	0	0	0	0	0	0	0	0	0	0	0	0	0	0	0	0	0	0	0	0	0	0	0	0	0	0	0	0	0	0	0	
1	1	1	715	21.45		300	0	0	0.03575	0.03575	-0.0632337	0	0	0	163.323	163.323	3.01898e-05	0	0	0	7.18291	1.17372	0	6.00918		300	0.84713	0.0268404	0.0268404	-0.0536809	0	0	0	0.84713	0	-0.469668	-153.69	0	26.9754	26.9754	0	7.04502	0	0	0	0	0	0	0	0	0	0	0	0	0	0	0	0	0	0	0	0	0	0	0	0	0	0	0	0	0	0	0	0	0	
1	1	1	716	21.48		300	0	0	0.0358	0.0358	-0.0633227	0	0	0	163.539	163.539	3.01861e-05	0	0	0	7.19925	1.18244	0	6.01681		300	0.848212	0.0268786	0.0268786	-0.0537573	0	0	0	0.848212	0	-0.469668	-153.69	0	26.9754	26.9754	0	7.04502	0	0	0	0	0	0	0	0	0	0	0	0	0	0	0	0	0	0	0	0	0	0	0	0	0	0	0	0	0	0	0	0	0	
1	1	1	717	21.51		300	0	0	0.03585	0.03585	-0.0634117	0	0	0	163.756	163.756	3.01824e-05	0	0	0	7.21562	1.19118	0	6.02443		300	0.849292	0.0269168	0.0269168	-0.0538336	0	0	0	0.849292	0	-0.469668	-153.69	0	26.9754	26.9754	0	7.04502	0	0	0	0	0	0	0	0	0	0	0	0	0	0	0	0	0	0	0	0	0	0	0	0	0	0	0	0	0	0	0	0	0	
1	1	1	718	21.54		300	0	0	0.0359	0.0359	-0.0635007	0	0	0	163.974	163.974	3.01787e-05	0	0	0	7.232	1.19996	0	6.03204		300	0.850371	0.0269549	0.0269549	-0.0539098	0	0	0	0.850371	0	-0.469668	-153.69	0	26.9754	26.9754	0	7.04502	0	0	0	0	0	0	0	0	0	0	0	0	0	0	0	0	0	0	0	0	0	0	0	0	0	0	0	0	0	0	0	0	0	
1	1	1	719	21.57		300	0	0	0.03595	0.03595	-0.0635896	0	0	0	164.192	164.192	3.01749e-05	0	0	0	7.24841	1.20877	0	6.03964		300	0.851449	0.026993	0.026993	-0.0539859	0	0	0	0.851449	0	-0.469668	-153.69	0	26.9754	26.9754	0	7.04502	0	0	0	0	0	0	0	0	0	0	0	0	0	0	0	0	0	0	0	0	0	0	0	0	0	0	0	0	0	0	0	0	0	
1	1	1	720	21.6		300	0	0	0.036	0.036	-0.0636785	0	0	0	164.412	164.412	3.01711e-05	0	0	0	7.26484	1.2176	0	6.04724		300	0.852526	0.027031	0.027031	-0.054062	0	0	0	0.852526	0	-0.469668	-153.69	0	26.9754	26.9754	0	7.04502	0	0	0	0	0	0	0	0	0	0	0	0	0	0	0	0	0	0	0	0	0	0	0	0	0	0	0	0	0	0	0	0	0	
1	1	1	721	21.63		300	0	0	0.03605	0.03605	-0.0637674	0	0	0	164.632	164.632	3.01673e-05	0	0	0	7.28129	1.22647	0	6.05482		300	0.853601	0.027069	0.027069	-0.054138	0	0	0	0.853601	0	-0.469668	-153.69	0	26.9754	26.9754	0	7.04502	0	0	0	0	0	0	0	0	0	0	0	0	0	0	0	0	0	0	0	0	0	0	0	0	0	0	0	0	0	0	0	0	0	
1	1	1	722	21.66		300	0	0	0.0361	0.0361	-0.0638562	0	0	0	164.853	164.853	3.01634e-05	0	0	0	7.29777	1.23537	0	6.06239		300	0.854675	0.027107	0.027107	-0.0542139	0	0	0	0.854675	0	-0.469668	-153.69	0	26.9754	26.9754	0	7.04502	0	0	0	0	0	0	0	0	0	0	0	0	0	0	0	0	0	0	0	0	0	0	0	0	0	0	0	0	0	0	0	0	0	
1	1	1	723	21.69		300	0	0	0.03615	0.03615	-0.063945	0	0	0	165.074	165.074	3.01595e-05	0	0	0	7.31426	1.2443	0	6.06996		300	0.855748	0.0271449	0.0271449	-0.0542897	0	0	0	0.855748	0	-0.469668	-153.69	0	26.9754	26.9754	0	7.04502	0	0	0	0	0	0	0	0	0	0	0	0	0	0	0	0	0	0	0	0	0	0	0	0	0	0	0	0	0	0	0	0	0	
1	1	1	724	21.72		300	0	0	0.0362	0.0362	-0.0640337	0	0	0	165.297	165.297	3.01556e-05	0	0	0	7.33078	1.25327	0	6.07752		300	0.856819	0.0271827	0.0271827	-0.0543655	0	0	0	0.856819	0	-0.469668	-153.69	0	26.9754	26.9754	0	7.04502	0	0	0	0	0	0	0	0	0	0	0	0	0	0	0	0	0	0	0	0	0	0	0	0	0	0	0	0	0	0	0	0	0	
1	1	1	725	21.75		300	0	0	0.03625	0.03625	-0.0641224	0	0	0	165.52	165.52	3.01517e-05	0	0	0	7.34732	1.26226	0	6.08506		300	0.857889	0.0272206	0.0272206	-0.0544411	0	0	0	0.857889	0	-0.469668	-153.69	0	26.9754	26.9754	0	7.04502	0	0	0	0	0	0	0	0	0	0	0	0	0	0	0	0	0	0	0	0	0	0	0	0	0	0	0	0	0	0	0	0	0	
1	1	1	726	21.78		300	0	0	0.0363	0.0363	-0.0642111	0	0	0	165.744	165.744	3.01477e-05	0	0	0	7.36389	1.27129	0	6.0926		300	0.858958	0.0272583	0.0272583	-0.0545167	0	0	0	0.858958	0	-0.469668	-153.69	0	26.9754	26.9754	0	7.04502	0	0	0	0	0	0	0	0	0	0	0	0	0	0	0	0	0	0	0	0	0	0	0	0	0	0	0	0	0	0	0	0	0	
1	1	1	727	21.81		300	0	0	0.03635	0.03635	-0.0642997	0	0	0	165.969	165.969	3.01437e-05	0	0	0	7.38047	1.28035	0	6.10013		300	0.860025	0.0272961	0.0272961	-0.0545921	0	0	0	0.860025	0	-0.469668	-153.69	0	26.9754	26.9754	0	7.04502	0	0	0	0	0	0	0	0	0	0	0	0	0	0	0	0	0	0	0	0	0	0	0	0	0	0	0	0	0	0	0	0	0	
1	1	1	728	21.84		300	0	0	0.0364	0.0364	-0.0643883	0	0	0	166.195	166.195	3.01397e-05	0	0	0	7.39708	1.28944	0	6.10764		300	0.861091	0.0273338	0.0273338	-0.0546675	0	0	0	0.861091	0	-0.469668	-153.69	0	26.9754	26.9754	0	7.04502	0	0	0	0	0	0	0	0	0	0	0	0	0	0	0	0	0	0	0	0	0	0	0	0	0	0	0	0	0	0	0	0	0	
1	1	1	729	21.87		300	0	0	0.03645	0.03645	-0.0644768	0	0	0	166.421	166.421	3.01356e-05	0	0	0	7.41371	1.29856	0	6.11515		300	0.862156	0.0273714	0.0273714	-0.0547428	0	0	0	0.862156	0	-0.469668	-153.69	0	26.9754	26.9754	0	7.04502	0	0	0	0	0	0	0	0	0	0	0	0	0	0	0	0	0	0	0	0	0	0	0	0	0	0	0	0	0	0	0	0	0	
1	1	1	730	21.9		300	0	0	0.0365	0.0365	-0.0645653	0	0	0	166.648	166.648	3.01315e-05	0	0	0	7.43036	1.30771	0	6.12265		300	0.863219	0.027409	0.027409	-0.054818	0	0	0	0.863219	0	-0.469668	-153.69	0	26.9754	26.9754	0	7.04502	0	0	0	0	0	0	0	0	0	0	0	0	0	0	0	0	0	0	0	0	0	0	0	0	0	0	0	0	0	0	0	0	0	
1	1	1	731	21.93		300	0	0	0.03655	0.03655	-0.0646538	0	0	0	166.876	166.876	3.01274e-05	0	0	0	7.44704	1.3169	0	6.13014		300	0.864281	0.0274466	0.0274466	-0.0548931	0	0	0	0.864281	0	-0.469668	-153.69	0	26.9754	26.9754	0	7.04502	0	0	0	0	0	0	0	0	0	0	0	0	0	0	0	0	0	0	0	0	0	0	0	0	0	0	0	0	0	0	0	0	0	
1	1	1	732	21.96		300	0	0	0.0366	0.0366	-0.0647422	0	0	0	167.106	167.106	3.01232e-05	0	0	0	7.46374	1.32612	0	6.13762		300	0.865341	0.0274841	0.0274841	-0.0549681	0	0	0	0.865341	0	-0.469668	-153.69	0	26.9754	26.9754	0	7.04502	0	0	0	0	0	0	0	0	0	0	0	0	0	0	0	0	0	0	0	0	0	0	0	0	0	0	0	0	0	0	0	0	0	
1	1	1	733	21.99		300	0	0	0.03665	0.03665	-0.0648306	0	0	0	167.335	167.335	3.0119e-05	0	0	0	7.48046	1.33538	0	6.14509		300	0.8664	0.0275215	0.0275215	-0.055043	0	0	0	0.8664	0	-0.469668	-153.69	0	26.9754	26.9754	0	7.04502	0	0	0	0	0	0	0	0	0	0	0	0	0	0	0	0	0	0	0	0	0	0	0	0	0	0	0	0	0	0	0	0	0	
1	1	1	734	22.02		300	0	0	0.0367	0.0367	-0.0649189	0	0	0	167.566	167.566	3.01147e-05	0	0	0	7.49721	1.34466	0	6.15254		300	0.867458	0.0275589	0.0275589	-0.0551179	0	0	0	0.867458	0	-0.469668	-153.69	0	26.9754	26.9754	0	7.04502	0	0	0	0	0	0	0	0	0	0	0	0	0	0	0	0	0	0	0	0	0	0	0	0	0	0	0	0	0	0	0	0	0	
1	1	1	735	22.05		300	0	0	0.03675	0.03675	-0.0650072	0	0	0	167.798	167.798	3.01105e-05	0	0	0	7.51397	1.35398	0	6.15999		300	0.868514	0.0275963	0.0275963	-0.0551926	0	0	0	0.868514	0	-0.469668	-153.69	0	26.9754	26.9754	0	7.04502	0	0	0	0	0	0	0	0	0	0	0	0	0	0	0	0	0	0	0	0	0	0	0	0	0	0	0	0	0	0	0	0	0	
1	1	1	736	22.08		300	0	0	0.0368	0.0368	-0.0650954	0	0	0	168.03	168.03	3.01062e-05	0	0	0	7.53077	1.36334	0	6.16743		300	0.869568	0.0276336	0.0276336	-0.0552672	0	0	0	0.869568	0	-0.469668	-153.69	0	26.9754	26.9754	0	7.04502	0	0	0	0	0	0	0	0	0	0	0	0	0	0	0	0	0	0	0	0	0	0	0	0	0	0	0	0	0	0	0	0	0	
1	1	1	737	22.11		300	0	0	0.03685	0.03685	-0.0651836	0	0	0	168.264	168.264	3.01018e-05	0	0	0	7.54758	1.37273	0	6.17485		300	0.870621	0.0276709	0.0276709	-0.0553417	0	0	0	0.870621	0	-0.469668	-153.69	0	26.9754	26.9754	0	7.04502	0	0	0	0	0	0	0	0	0	0	0	0	0	0	0	0	0	0	0	0	0	0	0	0	0	0	0	0	0	0	0	0	0	
1	1	1	738	22.14		300	0	0	0.0369	0.0369	-0.0652717	0	0	0	168.498	168.498	3.00975e-05	0	0	0	7.56442	1.38215	0	6.18227		300	0.871672	0.0277081	0.0277081	-0.0554162	0	0	0	0.871672	0	-0.469668	-153.69	0	26.9754	26.9754	0	7.04502	0	0	0	0	0	0	0	0	0	0	0	0	0	0	0	0	0	0	0	0	0	0	0	0	0	0	0	0	0	0	0	0	0	
1	1	1	739	22.17		300	0	0	0.03695	0.03695	-0.0653598	0	0	0	168.734	168.734	3.00931e-05	0	0	0	7.58128	1.39161	0	6.18967		300	0.872722	0.0277452	0.0277452	-0.0554905	0	0	0	0.872722	0	-0.469668	-153.69	0	26.9754	26.9754	0	7.04502	0	0	0	0	0	0	0	0	0	0	0	0	0	0	0	0	0	0	0	0	0	0	0	0	0	0	0	0	0	0	0	0	0	
1	1	1	740	22.2		300	0	0	0.037	0.037	-0.0654478	0	0	0	168.97	168.97	3.00886e-05	0	0	0	7.59817	1.4011	0	6.19707		300	0.873771	0.0277824	0.0277824	-0.0555647	0	0	0	0.873771	0	-0.469668	-153.69	0	26.9754	26.9754	0	7.04502	0	0	0	0	0	0	0	0	0	0	0	0	0	0	0	0	0	0	0	0	0	0	0	0	0	0	0	0	0	0	0	0	0	
1	1	1	741	22.23		300	0	0	0.03705	0.03705	-0.0655358	0	0	0	169.207	169.207	3.00841e-05	0	0	0	7.61507	1.41062	0	6.20445		300	0.874817	0.0278194	0.0278194	-0.0556388	0	0	0	0.874817	0	-0.469668	-153.69	0	26.9754	26.9754	0	7.04502	0	0	0	0	0	0	0	0	0	0	0	0	0	0	0	0	0	0	0	0	0	0	0	0	0	0	0	0	0	0	0	0	0	
1	1	1	742	22.26		300	0	0	0.0371	0.0371	-0.0656238	0	0	0	169.445	169.445	3.00796e-05	0	0	0	7.63201	1.42018	0	6.21182		300	0.875863	0.0278564	0.0278564	-0.0557129	0	0	0	0.875863	0	-0.469668	-153.69	0	26.9754	26.9754	0	7.04502	0	0	0	0	0	0	0	0	0	0	0	0	0	0	0	0	0	0	0	0	0	0	0	0	0	0	0	0	0	0	0	0	0	
1	1	1	743	22.29		300	0	0	0.03715	0.03715	-0.0657117	0	0	0	169.684	169.684	3.00751e-05	0	0	0	7.64896	1.42978	0	6.21918		300	0.876906	0.0278934	0.0278934	-0.0557868	0	0	0	0.876906	0	-0.469668	-153.69	0	26.9754	26.9754	0	7.04502	0	0	0	0	0	0	0	0	0	0	0	0	0	0	0	0	0	0	0	0	0	0	0	0	0	0	0	0	0	0	0	0	0	
1	1	1	744	22.32		300	0	0	0.0372	0.0372	-0.0657995	0	0	0	169.924	169.924	3.00705e-05	0	0	0	7.66594	1.43941	0	6.22653		300	0.877948	0.0279303	0.0279303	-0.0558606	0	0	0	0.877948	0	-0.469668	-153.69	0	26.9754	26.9754	0	7.04502	0	0	0	0	0	0	0	0	0	0	0	0	0	0	0	0	0	0	0	0	0	0	0	0	0	0	0	0	0	0	0	0	0	
1	1	1	745	22.35		300	0	0	0.03725	0.03725	-0.0658873	0	0	0	170.165	170.165	3.00658e-05	0	0	0	7.68295	1.44908	0	6.23387		300	0.878988	0.0279671	0.0279671	-0.0559343	0	0	0	0.878988	0	-0.469668	-153.69	0	26.9754	26.9754	0	7.04502	0	0	0	0	0	0	0	0	0	0	0	0	0	0	0	0	0	0	0	0	0	0	0	0	0	0	0	0	0	0	0	0	0	
1	1	1	746	22.38		300	0	0	0.0373	0.0373	-0.0659751	0	0	0	170.407	170.407	3.00612e-05	0	0	0	7.69998	1.45878	0	6.2412		300	0.880027	0.0280039	0.0280039	-0.0560079	0	0	0	0.880027	0	-0.469668	-153.69	0	26.9754	26.9754	0	7.04502	0	0	0	0	0	0	0	0	0	0	0	0	0	0	0	0	0	0	0	0	0	0	0	0	0	0	0	0	0	0	0	0	0	
1	1	1	747	22.41		300	0	0	0.03735	0.03735	-0.0660628	0	0	0	170.65	170.65	3.00565e-05	0	0	0	7.71703	1.46852	0	6.24851		300	0.881064	0.0280407	0.0280407	-0.0560813	0	0	0	0.881064	0	-0.469668	-153.69	0	26.9754	26.9754	0	7.04502	0	0	0	0	0	0	0	0	0	0	0	0	0	0	0	0	0	0	0	0	0	0	0	0	0	0	0	0	0	0	0	0	0	
1	1	1	748	22.44		300	0	0	0.0374	0.0374	-0.0661504	0	0	0	170.895	170.895	3.00517e-05	0	0	0	7.73411	1.47829	0	6.25582		300	0.882099	0.0280774	0.0280774	-0.0561547	0	0	0	0.882099	0	-0.469668	-153.69	0	26.9754	26.9754	0	7.04502	0	0	0	0	0	0	0	0	0	0	0	0	0	0	0	0	0	0	0	0	0	0	0	0	0	0	0	0	0	0	0	0	0	
1	1	1	749	22.47		300	0	0	0.03745	0.03745	-0.066238	0	0	0	171.14	171.14	3.0047e-05	0	0	0	7.75121	1.4881	0	6.26311		300	0.883133	0.028114	0.028114	-0.056228	0	0	0	0.883133	0	-0.469668	-153.69	0	26.9754	26.9754	0	7.04502	0	0	0	0	0	0	0	0	0	0	0	0	0	0	0	0	0	0	0	0	0	0	0	0	0	0	0	0	0	0	0	0	0	
1	1	1	750	22.5		300	0	0	0.0375	0.0375	-0.0663255	0	0	0	171.386	171.386	3.00422e-05	0	0	0	7.76834	1.49795	0	6.27039		300	0.884165	0.0281506	0.0281506	-0.0563011	0	0	0	0.884165	0	-0.469668	-153.69	0	26.9754	26.9754	0	7.04502	0	0	0	0	0	0	0	0	0	0	0	0	0	0	0	0	0	0	0	0	0	0	0	0	0	0	0	0	0	0	0	0	0	
1	1	1	751	22.53		300	0	0	0.03755	0.03755	-0.066413	0	0	0	171.633	171.633	3.00373e-05	0	0	0	7.78549	1.50783	0	6.27765		300	0.885195	0.0281871	0.0281871	-0.0563741	0	0	0	0.885195	0	-0.469668	-153.69	0	26.9754	26.9754	0	7.04502	0	0	0	0	0	0	0	0	0	0	0	0	0	0	0	0	0	0	0	0	0	0	0	0	0	0	0	0	0	0	0	0	0	
1	1	1	752	22.56		300	0	0	0.0376	0.0376	-0.0665005	0	0	0	171.882	171.882	3.00324e-05	0	0	0	7.80266	1.51776	0	6.28491		300	0.886223	0.0282235	0.0282235	-0.056447	0	0	0	0.886223	0	-0.469668	-153.69	0	26.9754	26.9754	0	7.04502	0	0	0	0	0	0	0	0	0	0	0	0	0	0	0	0	0	0	0	0	0	0	0	0	0	0	0	0	0	0	0	0	0	
1	1	1	753	22.59		300	0	0	0.03765	0.03765	-0.0665878	0	0	0	172.131	172.131	3.00275e-05	0	0	0	7.81986	1.52771	0	6.29215		300	0.88725	0.0282599	0.0282599	-0.0565198	0	0	0	0.88725	0	-0.469668	-153.69	0	26.9754	26.9754	0	7.04502	0	0	0	0	0	0	0	0	0	0	0	0	0	0	0	0	0	0	0	0	0	0	0	0	0	0	0	0	0	0	0	0	0	
1	1	1	754	22.62		300	0	0	0.0377	0.0377	-0.0666752	0	0	0	172.382	172.382	3.00225e-05	0	0	0	7.83709	1.53771	0	6.29938		300	0.888275	0.0282962	0.0282962	-0.0565925	0	0	0	0.888275	0	-0.469668	-153.69	0	26.9754	26.9754	0	7.04502	0	0	0	0	0	0	0	0	0	0	0	0	0	0	0	0	0	0	0	0	0	0	0	0	0	0	0	0	0	0	0	0	0	
1	1	1	755	22.65		300	0	0	0.03775	0.03775	-0.0667624	0	0	0	172.633	172.633	3.00175e-05	0	0	0	7.85434	1.54775	0	6.30659		300	0.889298	0.0283325	0.0283325	-0.056665	0	0	0	0.889298	0	-0.469668	-153.69	0	26.9754	26.9754	0	7.04502	0	0	0	0	0	0	0	0	0	0	0	0	0	0	0	0	0	0	0	0	0	0	0	0	0	0	0	0	0	0	0	0	0	
1	1	1	756	22.68		300	0	0	0.0378	0.0378	-0.0668496	0	0	0	172.886	172.886	3.00124e-05	0	0	0	7.87162	1.55782	0	6.3138		300	0.890319	0.0283687	0.0283687	-0.0567374	0	0	0	0.890319	0	-0.469668	-153.69	0	26.9754	26.9754	0	7.04502	0	0	0	0	0	0	0	0	0	0	0	0	0	0	0	0	0	0	0	0	0	0	0	0	0	0	0	0	0	0	0	0	0	
1	1	1	757	22.71		300	0	0	0.03785	0.03785	-0.0669368	0	0	0	173.14	173.14	3.00073e-05	0	0	0	7.88892	1.56793	0	6.32099		300	0.891338	0.0284049	0.0284049	-0.0568097	0	0	0	0.891338	0	-0.469668	-153.69	0	26.9754	26.9754	0	7.04502	0	0	0	0	0	0	0	0	0	0	0	0	0	0	0	0	0	0	0	0	0	0	0	0	0	0	0	0	0	0	0	0	0	
1	1	1	758	22.74		300	0	0	0.0379	0.0379	-0.0670239	0	0	0	173.395	173.395	3.00022e-05	0	0	0	7.90624	1.57808	0	6.32816		300	0.892356	0.028441	0.028441	-0.0568819	0	0	0	0.892356	0	-0.469668	-153.69	0	26.9754	26.9754	0	7.04502	0	0	0	0	0	0	0	0	0	0	0	0	0	0	0	0	0	0	0	0	0	0	0	0	0	0	0	0	0	0	0	0	0	
1	1	1	759	22.77		300	0	0	0.03795	0.03795	-0.0671109	0	0	0	173.651	173.651	2.9997e-05	0	0	0	7.9236	1.58827	0	6.33533		300	0.893371	0.028477	0.028477	-0.0569539	0	0	0	0.893371	0	-0.469668	-153.69	0	26.9754	26.9754	0	7.04502	0	0	0	0	0	0	0	0	0	0	0	0	0	0	0	0	0	0	0	0	0	0	0	0	0	0	0	0	0	0	0	0	0	
1	1	1	760	22.8		300	0	0	0.038	0.038	-0.0671979	0	0	0	173.909	173.909	2.99918e-05	0	0	0	7.94097	1.5985	0	6.34248		300	0.894385	0.0285129	0.0285129	-0.0570259	0	0	0	0.894385	0	-0.469668	-153.69	0	26.9754	26.9754	0	7.04502	0	0	0	0	0	0	0	0	0	0	0	0	0	0	0	0	0	0	0	0	0	0	0	0	0	0	0	0	0	0	0	0	0	
1	1	1	761	22.83		300	0	0	0.03805	0.03805	-0.0672848	0	0	0	174.167	174.167	2.99865e-05	0	0	0	7.95838	1.60876	0	6.34961		300	0.895396	0.0285488	0.0285488	-0.0570976	0	0	0	0.895396	0	-0.469668	-153.69	0	26.9754	26.9754	0	7.04502	0	0	0	0	0	0	0	0	0	0	0	0	0	0	0	0	0	0	0	0	0	0	0	0	0	0	0	0	0	0	0	0	0	
1	1	1	762	22.86		300	0	0	0.0381	0.0381	-0.0673716	0	0	0	174.427	174.427	2.99812e-05	0	0	0	7.97581	1.61907	0	6.35674		300	0.896406	0.0285846	0.0285846	-0.0571693	0	0	0	0.896406	0	-0.469668	-153.69	0	26.9754	26.9754	0	7.04502	0	0	0	0	0	0	0	0	0	0	0	0	0	0	0	0	0	0	0	0	0	0	0	0	0	0	0	0	0	0	0	0	0	
1	1	1	763	22.89		300	0	0	0.03815	0.03815	-0.0674584	0	0	0	174.688	174.688	2.99759e-05	0	0	0	7.99326	1.62942	0	6.36385		300	0.897414	0.0286204	0.0286204	-0.0572408	0	0	0	0.897414	0	-0.469668	-153.69	0	26.9754	26.9754	0	7.04502	0	0	0	0	0	0	0	0	0	0	0	0	0	0	0	0	0	0	0	0	0	0	0	0	0	0	0	0	0	0	0	0	0	
1	1	1	764	22.92		300	0	0	0.0382	0.0382	-0.0675451	0	0	0	174.951	174.951	2.99705e-05	0	0	0	8.01074	1.6398	0	6.37094		300	0.898419	0.0286561	0.0286561	-0.0573122	0	0	0	0.898419	0	-0.469668	-153.69	0	26.9754	26.9754	0	7.04502	0	0	0	0	0	0	0	0	0	0	0	0	0	0	0	0	0	0	0	0	0	0	0	0	0	0	0	0	0	0	0	0	0	
1	1	1	765	22.95		300	0	0	0.03825	0.03825	-0.0676318	0	0	0	175.214	175.214	2.99651e-05	0	0	0	8.02825	1.65023	0	6.37802		300	0.899423	0.0286917	0.0286917	-0.0573834	0	0	0	0.899423	0	-0.469668	-153.69	0	26.9754	26.9754	0	7.04502	0	0	0	0	0	0	0	0	0	0	0	0	0	0	0	0	0	0	0	0	0	0	0	0	0	0	0	0	0	0	0	0	0	
1	1	1	766	22.98		300	0	0	0.0383	0.0383	-0.0677184	0	0	0	175.479	175.479	2.99596e-05	0	0	0	8.04579	1.6607	0	6.38509		300	0.900424	0.0287273	0.0287273	-0.0574545	0	0	0	0.900424	0	-0.469668	-153.69	0	26.9754	26.9754	0	7.04502	0	0	0	0	0	0	0	0	0	0	0	0	0	0	0	0	0	0	0	0	0	0	0	0	0	0	0	0	0	0	0	0	0	
1	1	1	767	23.01		300	0	0	0.03835	0.03835	-0.0678049	0	0	0	175.745	175.745	2.99541e-05	0	0	0	8.06335	1.67121	0	6.39214		300	0.901424	0.0287627	0.0287627	-0.0575255	0	0	0	0.901424	0	-0.469668	-153.69	0	26.9754	26.9754	0	7.04502	0	0	0	0	0	0	0	0	0	0	0	0	0	0	0	0	0	0	0	0	0	0	0	0	0	0	0	0	0	0	0	0	0	
1	1	1	768	23.04		300	0	0	0.0384	0.0384	-0.0678914	0	0	0	176.013	176.013	2.99485e-05	0	0	0	8.08094	1.68176	0	6.39917		300	0.902421	0.0287981	0.0287981	-0.0575963	0	0	0	0.902421	0	-0.469668	-153.69	0	26.9754	26.9754	0	7.04502	0	0	0	0	0	0	0	0	0	0	0	0	0	0	0	0	0	0	0	0	0	0	0	0	0	0	0	0	0	0	0	0	0	
1	1	1	769	23.07		300	0	0	0.03845	0.03845	-0.0679778	0	0	0	176.282	176.282	2.99429e-05	0	0	0	8.09855	1.69236	0	6.4062		300	0.903416	0.0288335	0.0288335	-0.057667	0	0	0	0.903416	0	-0.469668	-153.69	0	26.9754	26.9754	0	7.04502	0	0	0	0	0	0	0	0	0	0	0	0	0	0	0	0	0	0	0	0	0	0	0	0	0	0	0	0	0	0	0	0	0	
1	1	1	770	23.1		300	0	0	0.0385	0.0385	-0.0680641	0	0	0	176.552	176.552	2.99372e-05	0	0	0	8.11619	1.70299	0	6.4132		300	0.904409	0.0288687	0.0288687	-0.0577375	0	0	0	0.904409	0	-0.469668	-153.69	0	26.9754	26.9754	0	7.04502	0	0	0	0	0	0	0	0	0	0	0	0	0	0	0	0	0	0	0	0	0	0	0	0	0	0	0	0	0	0	0	0	0	
1	1	1	771	23.13		300	0	0	0.03855	0.03855	-0.0681503	0	0	0	176.823	176.823	2.99315e-05	0	0	0	8.13386	1.71367	0	6.42019		300	0.9054	0.0289039	0.0289039	-0.0578079	0	0	0	0.9054	0	-0.469668	-153.69	0	26.9754	26.9754	0	7.04502	0	0	0	0	0	0	0	0	0	0	0	0	0	0	0	0	0	0	0	0	0	0	0	0	0	0	0	0	0	0	0	0	0	
1	1	1	772	23.16		300	0	0	0.0386	0.0386	-0.0682365	0	0	0	177.096	177.096	2.99258e-05	0	0	0	8.15156	1.72439	0	6.42717		300	0.906389	0.0289391	0.0289391	-0.0578781	0	0	0	0.906389	0	-0.469668	-153.69	0	26.9754	26.9754	0	7.04502	0	0	0	0	0	0	0	0	0	0	0	0	0	0	0	0	0	0	0	0	0	0	0	0	0	0	0	0	0	0	0	0	0	
1	1	1	773	23.19		300	0	0	0.03865	0.03865	-0.0683227	0	0	0	177.37	177.37	2.992e-05	0	0	0	8.16928	1.73515	0	6.43413		300	0.907375	0.0289741	0.0289741	-0.0579482	0	0	0	0.907375	0	-0.469668	-153.69	0	26.9754	26.9754	0	7.04502	0	0	0	0	0	0	0	0	0	0	0	0	0	0	0	0	0	0	0	0	0	0	0	0	0	0	0	0	0	0	0	0	0	
1	1	1	774	23.22		300	0	0	0.0387	0.0387	-0.0684087	0	0	0	177.646	177.646	2.99142e-05	0	0	0	8.18703	1.74596	0	6.44107		300	0.908359	0.0290091	0.0290091	-0.0580181	0	0	0	0.908359	0	-0.469668	-153.69	0	26.9754	26.9754	0	7.04502	0	0	0	0	0	0	0	0	0	0	0	0	0	0	0	0	0	0	0	0	0	0	0	0	0	0	0	0	0	0	0	0	0	
1	1	1	775	23.25		300	0	0	0.03875	0.03875	-0.0684947	0	0	0	177.923	177.923	2.99083e-05	0	0	0	8.20481	1.75681	0	6.448		300	0.909341	0.0290439	0.0290439	-0.0580879	0	0	0	0.909341	0	-0.469668	-153.69	0	26.9754	26.9754	0	7.04502	0	0	0	0	0	0	0	0	0	0	0	0	0	0	0	0	0	0	0	0	0	0	0	0	0	0	0	0	0	0	0	0	0	
1	1	1	776	23.28		300	0	0	0.0388	0.0388	-0.0685806	0	0	0	178.202	178.202	2.99023e-05	0	0	0	8.22262	1.76771	0	6.45491		300	0.91032	0.0290787	0.0290787	-0.0581575	0	0	0	0.91032	0	-0.469668	-153.69	0	26.9754	26.9754	0	7.04502	0	0	0	0	0	0	0	0	0	0	0	0	0	0	0	0	0	0	0	0	0	0	0	0	0	0	0	0	0	0	0	0	0	
1	1	1	777	23.31		300	0	0	0.03885	0.03885	-0.0686664	0	0	0	178.482	178.482	2.98964e-05	0	0	0	8.24045	1.77865	0	6.46181		300	0.911298	0.0291135	0.0291135	-0.0582269	0	0	0	0.911298	0	-0.469668	-153.69	0	26.9754	26.9754	0	7.04502	0	0	0	0	0	0	0	0	0	0	0	0	0	0	0	0	0	0	0	0	0	0	0	0	0	0	0	0	0	0	0	0	0	
1	1	1	778	23.34		300	0	0	0.0389	0.0389	-0.0687522	0	0	0	178.763	178.763	2.98903e-05	0	0	0	8.25831	1.78963	0	6.46868		300	0.912272	0.0291481	0.0291481	-0.0582962	0	0	0	0.912272	0	-0.469668	-153.69	0	26.9754	26.9754	0	7.04502	0	0	0	0	0	0	0	0	0	0	0	0	0	0	0	0	0	0	0	0	0	0	0	0	0	0	0	0	0	0	0	0	0	
1	1	1	779	23.37		300	0	0	0.03895	0.03895	-0.0688378	0	0	0	179.046	179.046	2.98842e-05	0	0	0	8.2762	1.80066	0	6.47554		300	0.913245	0.0291827	0.0291827	-0.0583653	0	0	0	0.913245	0	-0.469668	-153.69	0	26.9754	26.9754	0	7.04502	0	0	0	0	0	0	0	0	0	0	0	0	0	0	0	0	0	0	0	0	0	0	0	0	0	0	0	0	0	0	0	0	0	
1	1	1	780	23.4		300	0	0	0.039	0.039	-0.0689234	0	0	0	179.331	179.331	2.98781e-05	0	0	0	8.29412	1.81173	0	6.48239		300	0.914215	0.0292171	0.0292171	-0.0584343	0	0	0	0.914215	0	-0.469668	-153.69	0	26.9754	26.9754	0	7.04502	0	0	0	0	0	0	0	0	0	0	0	0	0	0	0	0	0	0	0	0	0	0	0	0	0	0	0	0	0	0	0	0	0	
1	1	1	781	23.43		300	0	0	0.03905	0.03905	-0.0690089	0	0	0	179.617	179.617	2.98719e-05	0	0	0	8.31207	1.82285	0	6.48921		300	0.915182	0.0292515	0.0292515	-0.058503	0	0	0	0.915182	0	-0.469668	-153.69	0	26.9754	26.9754	0	7.04502	0	0	0	0	0	0	0	0	0	0	0	0	0	0	0	0	0	0	0	0	0	0	0	0	0	0	0	0	0	0	0	0	0	
1	1	1	782	23.46		300	0	0	0.0391	0.0391	-0.0690944	0	0	0	179.905	179.905	2.98657e-05	0	0	0	8.33005	1.83402	0	6.49602		300	0.916147	0.0292858	0.0292858	-0.0585717	0	0	0	0.916147	0	-0.469668	-153.69	0	26.9754	26.9754	0	7.04502	0	0	0	0	0	0	0	0	0	0	0	0	0	0	0	0	0	0	0	0	0	0	0	0	0	0	0	0	0	0	0	0	0	
1	1	1	783	23.49		300	0	0	0.03915	0.03915	-0.0691797	0	0	0	180.194	180.194	2.98595e-05	0	0	0	8.34805	1.84524	0	6.50281		300	0.917109	0.02932	0.02932	-0.0586401	0	0	0	0.917109	0	-0.469668	-153.69	0	26.9754	26.9754	0	7.04502	0	0	0	0	0	0	0	0	0	0	0	0	0	0	0	0	0	0	0	0	0	0	0	0	0	0	0	0	0	0	0	0	0	
1	1	1	784	23.52		300	0	0	0.0392	0.0392	-0.069265	0	0	0	180.485	180.485	2.98531e-05	0	0	0	8.36608	1.8565	0	6.50959		300	0.918069	0.0293542	0.0293542	-0.0587084	0	0	0	0.918069	0	-0.469668	-153.69	0	26.9754	26.9754	0	7.04502	0	0	0	0	0	0	0	0	0	0	0	0	0	0	0	0	0	0	0	0	0	0	0	0	0	0	0	0	0	0	0	0	0	
1	1	1	785	23.55		300	0	0	0.03925	0.03925	-0.0693502	0	0	0	180.778	180.778	2.98468e-05	0	0	0	8.38415	1.86781	0	6.51634		300	0.919026	0.0293882	0.0293882	-0.0587764	0	0	0	0.919026	0	-0.469668	-153.69	0	26.9754	26.9754	0	7.04502	0	0	0	0	0	0	0	0	0	0	0	0	0	0	0	0	0	0	0	0	0	0	0	0	0	0	0	0	0	0	0	0	0	
1	1	1	786	23.58		300	0	0	0.0393	0.0393	-0.0694353	0	0	0	181.072	181.072	2.98404e-05	0	0	0	8.40224	1.87916	0	6.52308		300	0.91998	0.0294222	0.0294222	-0.0588443	0	0	0	0.91998	0	-0.469668	-153.69	0	26.9754	26.9754	0	7.04502	0	0	0	0	0	0	0	0	0	0	0	0	0	0	0	0	0	0	0	0	0	0	0	0	0	0	0	0	0	0	0	0	0	
1	1	1	787	23.61		300	0	0	0.03935	0.03935	-0.0695203	0	0	0	181.368	181.368	2.98339e-05	0	0	0	8.42036	1.89057	0	6.5298		300	0.920932	0.029456	0.029456	-0.0589121	0	0	0	0.920932	0	-0.469668	-153.69	0	26.9754	26.9754	0	7.04502	0	0	0	0	0	0	0	0	0	0	0	0	0	0	0	0	0	0	0	0	0	0	0	0	0	0	0	0	0	0	0	0	0	
1	1	1	788	23.64		300	0	0	0.0394	0.0394	-0.0696053	0	0	0	181.665	181.665	2.98274e-05	0	0	0	8.43851	1.90202	0	6.53649		300	0.921881	0.0294898	0.0294898	-0.0589796	0	0	0	0.921881	0	-0.469668	-153.69	0	26.9754	26.9754	0	7.04502	0	0	0	0	0	0	0	0	0	0	0	0	0	0	0	0	0	0	0	0	0	0	0	0	0	0	0	0	0	0	0	0	0	
1	1	1	789	23.67		300	0	0	0.03945	0.03945	-0.0696901	0	0	0	181.965	181.965	2.98208e-05	0	0	0	8.4567	1.91352	0	6.54317		300	0.922828	0.0295235	0.0295235	-0.0590469	0	0	0	0.922828	0	-0.469668	-153.69	0	26.9754	26.9754	0	7.04502	0	0	0	0	0	0	0	0	0	0	0	0	0	0	0	0	0	0	0	0	0	0	0	0	0	0	0	0	0	0	0	0	0	
1	1	1	790	23.7		300	0	0	0.0395	0.0395	-0.0697749	0	0	0	182.266	182.266	2.98142e-05	0	0	0	8.47491	1.92507	0	6.54983		300	0.923771	0.029557	0.029557	-0.0591141	0	0	0	0.923771	0	-0.469668	-153.69	0	26.9754	26.9754	0	7.04502	0	0	0	0	0	0	0	0	0	0	0	0	0	0	0	0	0	0	0	0	0	0	0	0	0	0	0	0	0	0	0	0	0	
1	1	1	791	23.73		300	0	0	0.03955	0.03955	-0.0698596	0	0	0	182.569	182.569	2.98075e-05	0	0	0	8.49315	1.93668	0	6.55647		300	0.924712	0.0295905	0.0295905	-0.059181	0	0	0	0.924712	0	-0.469668	-153.69	0	26.9754	26.9754	0	7.04502	0	0	0	0	0	0	0	0	0	0	0	0	0	0	0	0	0	0	0	0	0	0	0	0	0	0	0	0	0	0	0	0	0	
1	1	1	792	23.76		300	0	0	0.0396	0.0396	-0.0699441	0	0	0	182.873	182.873	2.98008e-05	0	0	0	8.51142	1.94833	0	6.56309		300	0.92565	0.0296239	0.0296239	-0.0592478	0	0	0	0.92565	0	-0.469668	-153.69	0	26.9754	26.9754	0	7.04502	0	0	0	0	0	0	0	0	0	0	0	0	0	0	0	0	0	0	0	0	0	0	0	0	0	0	0	0	0	0	0	0	0	
1	1	1	793	23.79		300	0	0	0.03965	0.03965	-0.0700286	0	0	0	183.18	183.18	2.9794e-05	0	0	0	8.52972	1.96003	0	6.56969		300	0.926585	0.0296572	0.0296572	-0.0593143	0	0	0	0.926585	0	-0.469668	-153.69	0	26.9754	26.9754	0	7.04502	0	0	0	0	0	0	0	0	0	0	0	0	0	0	0	0	0	0	0	0	0	0	0	0	0	0	0	0	0	0	0	0	0	
1	1	1	794	23.82		300	0	0	0.0397	0.0397	-0.070113	0	0	0	183.488	183.488	2.97872e-05	0	0	0	8.54806	1.97179	0	6.57627		300	0.927517	0.0296903	0.0296903	-0.0593807	0	0	0	0.927517	0	-0.469668	-153.69	0	26.9754	26.9754	0	7.04502	0	0	0	0	0	0	0	0	0	0	0	0	0	0	0	0	0	0	0	0	0	0	0	0	0	0	0	0	0	0	0	0	0	
1	1	1	795	23.85		300	0	0	0.03975	0.03975	-0.0701973	0	0	0	183.799	183.799	2.97804e-05	0	0	0	8.56642	1.98359	0	6.58283		300	0.928446	0.0297234	0.0297234	-0.0594468	0	0	0	0.928446	0	-0.469668	-153.69	0	26.9754	26.9754	0	7.04502	0	0	0	0	0	0	0	0	0	0	0	0	0	0	0	0	0	0	0	0	0	0	0	0	0	0	0	0	0	0	0	0	0	
1	1	1	796	23.88		300	0	0	0.0398	0.0398	-0.0702815	0	0	0	184.111	184.111	2.97734e-05	0	0	0	8.58482	1.99545	0	6.58937		300	0.929372	0.0297564	0.0297564	-0.0595128	0	0	0	0.929372	0	-0.469668	-153.69	0	26.9754	26.9754	0	7.04502	0	0	0	0	0	0	0	0	0	0	0	0	0	0	0	0	0	0	0	0	0	0	0	0	0	0	0	0	0	0	0	0	0	
1	1	1	797	23.91		300	0	0	0.03985	0.03985	-0.0703656	0	0	0	184.425	184.425	2.97665e-05	0	0	0	8.60324	2.00736	0	6.59588		300	0.930295	0.0297893	0.0297893	-0.0595785	0	0	0	0.930295	0	-0.469668	-153.69	0	26.9754	26.9754	0	7.04502	0	0	0	0	0	0	0	0	0	0	0	0	0	0	0	0	0	0	0	0	0	0	0	0	0	0	0	0	0	0	0	0	0	
1	1	1	798	23.94		300	0	0	0.0399	0.0399	-0.0704496	0	0	0	184.741	184.741	2.97595e-05	0	0	0	8.6217	2.01933	0	6.60238		300	0.931215	0.029822	0.029822	-0.059644	0	0	0	0.931215	0	-0.469668	-153.69	0	26.9754	26.9754	0	7.04502	0	0	0	0	0	0	0	0	0	0	0	0	0	0	0	0	0	0	0	0	0	0	0	0	0	0	0	0	0	0	0	0	0	
1	1	1	799	23.97		300	0	0	0.03995	0.03995	-0.0705335	0	0	0	185.059	185.059	2.97524e-05	0	0	0	8.64019	2.03134	0	6.60885		300	0.932132	0.0298547	0.0298547	-0.0597093	0	0	0	0.932132	0	-0.469668	-153.69	0	26.9754	26.9754	0	7.04502	0	0	0	0	0	0	0	0	0	0	0	0	0	0	0	0	0	0	0	0	0	0	0	0	0	0	0	0	0	0	0	0	0	
1	1	1	800	24		300	0	0	0.04	0.04	-0.0706173	0	0	0	185.379	185.379	2.97453e-05	0	0	0	8.65871	2.04342	0	6.6153		300	0.933045	0.0298872	0.0298872	-0.0597744	0	0	0	0.933045	0	-0.469668	-153.69	0	26.9754	26.9754	0	7.04502	0	0	0	0	0	0	0	0	0	0	0	0	0	0	0	0	0	0	0	0	0	0	0	0	0	0	0	0	0	0	0	0	0	
1	1	1	801	24.03		300	0	0	0.04005	0.04005	-0.070701	0	0	0	185.701	185.701	2.97381e-05	0	0	0	8.67727	2.05555	0	6.62172		300	0.933955	0.0299196	0.0299196	-0.0598392	0	0	0	0.933955	0	-0.469668	-153.69	0	26.9754	26.9754	0	7.04502	0	0	0	0	0	0	0	0	0	0	0	0	0	0	0	0	0	0	0	0	0	0	0	0	0	0	0	0	0	0	0	0	0	
1	1	1	802	24.06		300	0	0	0.0401	0.0401	-0.0707846	0	0	0	186.025	186.025	2.97309e-05	0	0	0	8.69585	2.06773	0	6.62813		300	0.934862	0.0299519	0.0299519	-0.0599039	0	0	0	0.934862	0	-0.469668	-153.69	0	26.9754	26.9754	0	7.04502	0	0	0	0	0	0	0	0	0	0	0	0	0	0	0	0	0	0	0	0	0	0	0	0	0	0	0	0	0	0	0	0	0	
1	1	1	803	24.09		300	0	0	0.04015	0.04015	-0.0708681	0	0	0	186.352	186.352	2.97236e-05	0	0	0	8.71447	2.07997	0	6.63451		300	0.935766	0.0299841	0.0299841	-0.0599683	0	0	0	0.935766	0	-0.469668	-153.69	0	26.9754	26.9754	0	7.04502	0	0	0	0	0	0	0	0	0	0	0	0	0	0	0	0	0	0	0	0	0	0	0	0	0	0	0	0	0	0	0	0	0	
1	1	1	804	24.12		300	0	0	0.0402	0.0402	-0.0709514	0	0	0	186.68	186.68	2.97163e-05	0	0	0	8.73312	2.09226	0	6.64086		300	0.936666	0.0300162	0.0300162	-0.0600324	0	0	0	0.936666	0	-0.469668	-153.69	0	26.9754	26.9754	0	7.04502	0	0	0	0	0	0	0	0	0	0	0	0	0	0	0	0	0	0	0	0	0	0	0	0	0	0	0	0	0	0	0	0	0	
1	1	1	805	24.15		300	0	0	0.04025	0.04025	-0.0710347	0	0	0	187.011	187.011	2.9709e-05	0	0	0	8.75181	2.10461	0	6.64719		300	0.937563	0.0300482	0.0300482	-0.0600963	0	0	0	0.937563	0	-0.469668	-153.69	0	26.9754	26.9754	0	7.04502	0	0	0	0	0	0	0	0	0	0	0	0	0	0	0	0	0	0	0	0	0	0	0	0	0	0	0	0	0	0	0	0	0	
1	1	1	806	24.18		300	0	0	0.0403	0.0403	-0.0711179	0	0	0	187.344	187.344	2.97015e-05	0	0	0	8.77053	2.11702	0	6.6535		300	0.938457	0.03008	0.03008	-0.06016	0	0	0	0.938457	0	-0.469668	-153.69	0	26.9754	26.9754	0	7.04502	0	0	0	0	0	0	0	0	0	0	0	0	0	0	0	0	0	0	0	0	0	0	0	0	0	0	0	0	0	0	0	0	0	
1	1	1	807	24.21		300	0	0	0.04035	0.04035	-0.0712009	0	0	0	187.679	187.679	2.96941e-05	0	0	0	8.78928	2.12949	0	6.65979		300	0.939346	0.0301117	0.0301117	-0.0602234	0	0	0	0.939346	0	-0.469668	-153.69	0	26.9754	26.9754	0	7.04502	0	0	0	0	0	0	0	0	0	0	0	0	0	0	0	0	0	0	0	0	0	0	0	0	0	0	0	0	0	0	0	0	0	
1	1	1	808	24.24		300	0	0	0.0404	0.0404	-0.0712838	0	0	0	188.017	188.017	2.96866e-05	0	0	0	8.80806	2.14202	0	6.66604		300	0.940233	0.0301433	0.0301433	-0.0602866	0	0	0	0.940233	0	-0.469668	-153.69	0	26.9754	26.9754	0	7.04502	0	0	0	0	0	0	0	0	0	0	0	0	0	0	0	0	0	0	0	0	0	0	0	0	0	0	0	0	0	0	0	0	0	
1	1	1	809	24.27		300	0	0	0.04045	0.04045	-0.0713666	0	0	0	188.356	188.356	2.9679e-05	0	0	0	8.82688	2.1546	0	6.67228		300	0.941115	0.0301748	0.0301748	-0.0603496	0	0	0	0.941115	0	-0.469668	-153.69	0	26.9754	26.9754	0	7.04502	0	0	0	0	0	0	0	0	0	0	0	0	0	0	0	0	0	0	0	0	0	0	0	0	0	0	0	0	0	0	0	0	0	
1	1	1	810	24.3		300	0	0	0.0405	0.0405	-0.0714493	0	0	0	188.699	188.699	2.96714e-05	0	0	0	8.84573	2.16725	0	6.67848		300	0.941994	0.0302061	0.0302061	-0.0604122	0	0	0	0.941994	0	-0.469668	-153.69	0	26.9754	26.9754	0	7.04502	0	0	0	0	0	0	0	0	0	0	0	0	0	0	0	0	0	0	0	0	0	0	0	0	0	0	0	0	0	0	0	0	0	
1	1	1	811	24.33		300	0	0	0.04055	0.04055	-0.0715319	0	0	0	189.043	189.043	2.96638e-05	0	0	0	8.86462	2.17996	0	6.68466		300	0.942869	0.0302373	0.0302373	-0.0604746	0	0	0	0.942869	0	-0.469668	-153.69	0	26.9754	26.9754	0	7.04502	0	0	0	0	0	0	0	0	0	0	0	0	0	0	0	0	0	0	0	0	0	0	0	0	0	0	0	0	0	0	0	0	0	
1	1	1	812	24.36		300	0	0	0.0406	0.0406	-0.0716143	0	0	0	189.39	189.39	2.96561e-05	0	0	0	8.88354	2.19272	0	6.69082		300	0.943741	0.0302684	0.0302684	-0.0605368	0	0	0	0.943741	0	-0.469668	-153.69	0	26.9754	26.9754	0	7.04502	0	0	0	0	0	0	0	0	0	0	0	0	0	0	0	0	0	0	0	0	0	0	0	0	0	0	0	0	0	0	0	0	0	
1	1	1	813	24.39		300	0	0	0.04065	0.04065	-0.0716966	0	0	0	189.739	189.739	2.96484e-05	0	0	0	8.9025	2.20555	0	6.69695		300	0.944608	0.0302993	0.0302993	-0.0605987	0	0	0	0.944608	0	-0.469668	-153.69	0	26.9754	26.9754	0	7.04502	0	0	0	0	0	0	0	0	0	0	0	0	0	0	0	0	0	0	0	0	0	0	0	0	0	0	0	0	0	0	0	0	0	
1	1	1	814	24.42		300	0	0	0.0407	0.0407	-0.0717788	0	0	0	190.091	190.091	2.96406e-05	0	0	0	8.92149	2.21845	0	6.70304		300	0.945472	0.0303301	0.0303301	-0.0606603	0	0	0	0.945472	0	-0.469668	-153.69	0	26.9754	26.9754	0	7.04502	0	0	0	0	0	0	0	0	0	0	0	0	0	0	0	0	0	0	0	0	0	0	0	0	0	0	0	0	0	0	0	0	0	
1	1	1	815	24.45		300	0	0	0.04075	0.04075	-0.0718609	0	0	0	190.446	190.446	2.96328e-05	0	0	0	8.94052	2.2314	0	6.70912		300	0.946332	0.0303608	0.0303608	-0.0607216	0	0	0	0.946332	0	-0.469668	-153.69	0	26.9754	26.9754	0	7.04502	0	0	0	0	0	0	0	0	0	0	0	0	0	0	0	0	0	0	0	0	0	0	0	0	0	0	0	0	0	0	0	0	0	
1	1	1	816	24.48		300	0	0	0.0408	0.0408	-0.0719428	0	0	0	190.803	190.803	2.96249e-05	0	0	0	8.95958	2.24442	0	6.71516		300	0.947187	0.0303913	0.0303913	-0.0607827	0	0	0	0.947187	0	-0.469668	-153.69	0	26.9754	26.9754	0	7.04502	0	0	0	0	0	0	0	0	0	0	0	0	0	0	0	0	0	0	0	0	0	0	0	0	0	0	0	0	0	0	0	0	0	
1	1	1	817	24.51		300	0	0	0.04085	0.04085	-0.0720246	0	0	0	191.162	191.162	2.9617e-05	0	0	0	8.97868	2.2575	0	6.72118		300	0.948039	0.0304217	0.0304217	-0.0608434	0	0	0	0.948039	0	-0.469668	-153.69	0	26.9754	26.9754	0	7.04502	0	0	0	0	0	0	0	0	0	0	0	0	0	0	0	0	0	0	0	0	0	0	0	0	0	0	0	0	0	0	0	0	0	
1	1	1	818	24.54		300	0	0	0.0409	0.0409	-0.0721063	0	0	0	191.525	191.525	2.96091e-05	0	0	0	8.99781	2.27065	0	6.72716		300	0.948886	0.0304519	0.0304519	-0.0609039	0	0	0	0.948886	0	-0.469668	-153.69	0	26.9754	26.9754	0	7.04502	0	0	0	0	0	0	0	0	0	0	0	0	0	0	0	0	0	0	0	0	0	0	0	0	0	0	0	0	0	0	0	0	0	
1	1	1	819	24.57		300	0	0	0.04095	0.04095	-0.0721878	0	0	0	191.89	191.89	2.96011e-05	0	0	0	9.01698	2.28387	0	6.73312		300	0.949729	0.030482	0.030482	-0.0609641	0	0	0	0.949729	0	-0.469668	-153.69	0	26.9754	26.9754	0	7.04502	0	0	0	0	0	0	0	0	0	0	0	0	0	0	0	0	0	0	0	0	0	0	0	0	0	0	0	0	0	0	0	0	0	
1	1	1	820	24.6		300	0	0	0.041	0.041	-0.0722692	0	0	0	192.258	192.258	2.95931e-05	0	0	0	9.03619	2.29715	0	6.73904		300	0.950568	0.030512	0.030512	-0.0610239	0	0	0	0.950568	0	-0.469668	-153.69	0	26.9754	26.9754	0	7.04502	0	0	0	0	0	0	0	0	0	0	0	0	0	0	0	0	0	0	0	0	0	0	0	0	0	0	0	0	0	0	0	0	0	
1	1	1	821	24.63		300	0	0	0.04105	0.04105	-0.0723504	0	0	0	192.628	192.628	2.9585e-05	0	0	0	9.05544	2.3105	0	6.74494		300	0.951402	0.0305417	0.0305417	-0.0610835	0	0	0	0.951402	0	-0.469668	-153.69	0	26.9754	26.9754	0	7.04502	0	0	0	0	0	0	0	0	0	0	0	0	0	0	0	0	0	0	0	0	0	0	0	0	0	0	0	0	0	0	0	0	0	
1	1	1	822	24.66		300	0	0	0.0411	0.0411	-0.0724315	0	0	0	193.002	193.002	2.95769e-05	0	0	0	9.07472	2.32391	0	6.7508		300	0.952233	0.0305714	0.0305714	-0.0611428	0	0	0	0.952233	0	-0.469668	-153.69	0	26.9754	26.9754	0	7.04502	0	0	0	0	0	0	0	0	0	0	0	0	0	0	0	0	0	0	0	0	0	0	0	0	0	0	0	0	0	0	0	0	0	
1	1	1	823	24.69		300	0	0	0.04115	0.04115	-0.0725125	0	0	0	193.378	193.378	2.95688e-05	0	0	0	9.09404	2.3374	0	6.75664		300	0.953058	0.0306009	0.0306009	-0.0612017	0	0	0	0.953058	0	-0.469668	-153.69	0	26.9754	26.9754	0	7.04502	0	0	0	0	0	0	0	0	0	0	0	0	0	0	0	0	0	0	0	0	0	0	0	0	0	0	0	0	0	0	0	0	0	
1	1	1	824	24.72		300	0	0	0.0412	0.0412	-0.0725933	0	0	0	193.757	193.757	2.95606e-05	0	0	0	9.11339	2.35095	0	6.76244		300	0.953879	0.0306302	0.0306302	-0.0612603	0	0	0	0.953879	0	-0.469668	-153.69	0	26.9754	26.9754	0	7.04502	0	0	0	0	0	0	0	0	0	0	0	0	0	0	0	0	0	0	0	0	0	0	0	0	0	0	0	0	0	0	0	0	0	
1	1	1	825	24.75		300	0	0	0.04125	0.04125	-0.0726739	0	0	0	194.139	194.139	2.95524e-05	0	0	0	9.13279	2.36458	0	6.76821		300	0.954695	0.0306593	0.0306593	-0.0613186	0	0	0	0.954695	0	-0.469668	-153.69	0	26.9754	26.9754	0	7.04502	0	0	0	0	0	0	0	0	0	0	0	0	0	0	0	0	0	0	0	0	0	0	0	0	0	0	0	0	0	0	0	0	0	
1	1	1	826	24.78		300	0	0	0.0413	0.0413	-0.0727544	0	0	0	194.525	194.525	2.95442e-05	0	0	0	9.15222	2.37828	0	6.77394		300	0.955507	0.0306883	0.0306883	-0.0613766	0	0	0	0.955507	0	-0.469668	-153.69	0	26.9754	26.9754	0	7.04502	0	0	0	0	0	0	0	0	0	0	0	0	0	0	0	0	0	0	0	0	0	0	0	0	0	0	0	0	0	0	0	0	0	
1	1	1	827	24.81		300	0	0	0.04135	0.04135	-0.0728348	0	0	0	194.913	194.913	2.9536e-05	0	0	0	9.17169	2.39205	0	6.77965		300	0.956314	0.0307171	0.0307171	-0.0614342	0	0	0	0.956314	0	-0.469668	-153.69	0	26.9754	26.9754	0	7.04502	0	0	0	0	0	0	0	0	0	0	0	0	0	0	0	0	0	0	0	0	0	0	0	0	0	0	0	0	0	0	0	0	0	
1	1	1	828	24.84		300	0	0	0.0414	0.0414	-0.072915	0	0	0	195.304	195.304	2.95277e-05	0	0	0	9.1912	2.40589	0	6.78531		300	0.957116	0.0307458	0.0307458	-0.0614915	0	0	0	0.957116	0	-0.469668	-153.69	0	26.9754	26.9754	0	7.04502	0	0	0	0	0	0	0	0	0	0	0	0	0	0	0	0	0	0	0	0	0	0	0	0	0	0	0	0	0	0	0	0	0	
1	1	1	829	24.87		300	0	0	0.04145	0.04145	-0.072995	0	0	0	195.699	195.699	2.95194e-05	0	0	0	9.21075	2.41981	0	6.79095		300	0.957913	0.0307742	0.0307742	-0.0615485	0	0	0	0.957913	0	-0.469668	-153.69	0	26.9754	26.9754	0	7.04502	0	0	0	0	0	0	0	0	0	0	0	0	0	0	0	0	0	0	0	0	0	0	0	0	0	0	0	0	0	0	0	0	0	
1	1	1	830	24.9		300	0	0	0.0415	0.0415	-0.0730748	0	0	0	196.097	196.097	2.95111e-05	0	0	0	9.23034	2.4338	0	6.79655		300	0.958705	0.0308025	0.0308025	-0.0616051	0	0	0	0.958705	0	-0.469668	-153.69	0	26.9754	26.9754	0	7.04502	0	0	0	0	0	0	0	0	0	0	0	0	0	0	0	0	0	0	0	0	0	0	0	0	0	0	0	0	0	0	0	0	0	
1	1	1	831	24.93		300	0	0	0.04155	0.04155	-0.0731545	0	0	0	196.498	196.498	2.95028e-05	0	0	0	9.24997	2.44786	0	6.80211		300	0.959492	0.0308306	0.0308306	-0.0616613	0	0	0	0.959492	0	-0.469668	-153.69	0	26.9754	26.9754	0	7.04502	0	0	0	0	0	0	0	0	0	0	0	0	0	0	0	0	0	0	0	0	0	0	0	0	0	0	0	0	0	0	0	0	0	
1	1	1	832	24.96		300	0	0	0.0416	0.0416	-0.0732341	0	0	0	196.902	196.902	2.94945e-05	0	0	0	9.26964	2.46201	0	6.80764		300	0.960274	0.0308586	0.0308586	-0.0617172	0	0	0	0.960274	0	-0.469668	-153.69	0	26.9754	26.9754	0	7.04502	0	0	0	0	0	0	0	0	0	0	0	0	0	0	0	0	0	0	0	0	0	0	0	0	0	0	0	0	0	0	0	0	0	
1	1	1	833	24.99		300	0	0	0.04165	0.04165	-0.0733134	0	0	0	197.31	197.31	2.94861e-05	0	0	0	9.28935	2.47623	0	6.81313		300	0.961051	0.0308863	0.0308863	-0.0617727	0	0	0	0.961051	0	-0.469668	-153.69	0	26.9754	26.9754	0	7.04502	0	0	0	0	0	0	0	0	0	0	0	0	0	0	0	0	0	0	0	0	0	0	0	0	0	0	0	0	0	0	0	0	0	
1	1	1	834	25.02		300	0	0	0.0417	0.0417	-0.0733926	0	0	0	197.722	197.722	2.94777e-05	0	0	0	9.3091	2.49053	0	6.81858		300	0.961822	0.0309139	0.0309139	-0.0618278	0	0	0	0.961822	0	-0.469668	-153.69	0	26.9754	26.9754	0	7.04502	0	0	0	0	0	0	0	0	0	0	0	0	0	0	0	0	0	0	0	0	0	0	0	0	0	0	0	0	0	0	0	0	0	
1	1	1	835	25.05		300	0	0	0.04175	0.04175	-0.0734716	0	0	0	198.136	198.136	2.94693e-05	0	0	0	9.3289	2.5049	0	6.82399		300	0.962588	0.0309413	0.0309413	-0.0618825	0	0	0	0.962588	0	-0.469668	-153.69	0	26.9754	26.9754	0	7.04502	0	0	0	0	0	0	0	0	0	0	0	0	0	0	0	0	0	0	0	0	0	0	0	0	0	0	0	0	0	0	0	0	0	
1	1	1	836	25.08		300	0	0	0.0418	0.0418	-0.0735504	0	0	0	198.555	198.555	2.9461e-05	0	0	0	9.34873	2.51936	0	6.82937		300	0.963348	0.0309684	0.0309684	-0.0619369	0	0	0	0.963348	0	-0.469668	-153.69	0	26.9754	26.9754	0	7.04502	0	0	0	0	0	0	0	0	0	0	0	0	0	0	0	0	0	0	0	0	0	0	0	0	0	0	0	0	0	0	0	0	0	
1	1	1	837	25.11		300	0	0	0.04185	0.04185	-0.0736291	0	0	0	198.977	198.977	2.94526e-05	0	0	0	9.36861	2.5339	0	6.83471		300	0.964102	0.0309954	0.0309954	-0.0619908	0	0	0	0.964102	0	-0.469668	-153.69	0	26.9754	26.9754	0	7.04502	0	0	0	0	0	0	0	0	0	0	0	0	0	0	0	0	0	0	0	0	0	0	0	0	0	0	0	0	0	0	0	0	0	
1	1	1	838	25.14		300	0	0	0.0419	0.0419	-0.0737075	0	0	0	199.403	199.403	2.94442e-05	0	0	0	9.38853	2.54852	0	6.84		300	0.964851	0.0310222	0.0310222	-0.0620444	0	0	0	0.964851	0	-0.469668	-153.69	0	26.9754	26.9754	0	7.04502	0	0	0	0	0	0	0	0	0	0	0	0	0	0	0	0	0	0	0	0	0	0	0	0	0	0	0	0	0	0	0	0	0	
1	1	1	839	25.17		300	0	0	0.04195	0.04195	-0.0737858	0	0	0	199.832	199.832	2.94358e-05	0	0	0	9.40849	2.56323	0	6.84526		300	0.965595	0.0310488	0.0310488	-0.0620975	0	0	0	0.965595	0	-0.469668	-153.69	0	26.9754	26.9754	0	7.04502	0	0	0	0	0	0	0	0	0	0	0	0	0	0	0	0	0	0	0	0	0	0	0	0	0	0	0	0	0	0	0	0	0	
1	1	1	840	25.2		300	0	0	0.042	0.042	-0.0738639	0	0	0	200.265	200.265	2.94274e-05	0	0	0	9.42849	2.57802	0	6.85048		300	0.966332	0.0310751	0.0310751	-0.0621502	0	0	0	0.966332	0	-0.469668	-153.69	0	26.9754	26.9754	0	7.04502	0	0	0	0	0	0	0	0	0	0	0	0	0	0	0	0	0	0	0	0	0	0	0	0	0	0	0	0	0	0	0	0	0	
1	1	1	841	25.23		300	0	0	0.04205	0.04205	-0.0739417	0	0	0	200.703	200.703	2.9419e-05	0	0	0	9.44854	2.59289	0	6.85565		300	0.967063	0.0311013	0.0311013	-0.0622025	0	0	0	0.967063	0	-0.469668	-153.69	0	26.9754	26.9754	0	7.04502	0	0	0	0	0	0	0	0	0	0	0	0	0	0	0	0	0	0	0	0	0	0	0	0	0	0	0	0	0	0	0	0	0	
1	1	1	842	25.26		300	0	0	0.0421	0.0421	-0.0740194	0	0	0	201.144	201.144	2.94107e-05	0	0	0	9.46864	2.60786	0	6.86078		300	0.967788	0.0311272	0.0311272	-0.0622544	0	0	0	0.967788	0	-0.469668	-153.69	0	26.9754	26.9754	0	7.04502	0	0	0	0	0	0	0	0	0	0	0	0	0	0	0	0	0	0	0	0	0	0	0	0	0	0	0	0	0	0	0	0	0	
1	1	1	843	25.29		300	0	0	0.04215	0.04215	-0.0740969	0	0	0	201.589	201.589	2.94023e-05	0	0	0	9.48877	2.6229	0	6.86587		300	0.968507	0.0311529	0.0311529	-0.0623059	0	0	0	0.968507	0	-0.469668	-153.69	0	26.9754	26.9754	0	7.04502	0	0	0	0	0	0	0	0	0	0	0	0	0	0	0	0	0	0	0	0	0	0	0	0	0	0	0	0	0	0	0	0	0	
1	1	1	844	25.32		300	0	0	0.0422	0.0422	-0.0741741	0	0	0	202.038	202.038	2.9394e-05	0	0	0	9.50895	2.63804	0	6.87091		300	0.96922	0.0311784	0.0311784	-0.0623569	0	0	0	0.96922	0	-0.469668	-153.69	0	26.9754	26.9754	0	7.04502	0	0	0	0	0	0	0	0	0	0	0	0	0	0	0	0	0	0	0	0	0	0	0	0	0	0	0	0	0	0	0	0	0	
1	1	1	845	25.35		300	0	0	0.04225	0.04225	-0.0742512	0	0	0	202.491	202.491	2.93857e-05	0	0	0	9.52918	2.65327	0	6.87591		300	0.969926	0.0312037	0.0312037	-0.0624074	0	0	0	0.969926	0	-0.469668	-153.69	0	26.9754	26.9754	0	7.04502	0	0	0	0	0	0	0	0	0	0	0	0	0	0	0	0	0	0	0	0	0	0	0	0	0	0	0	0	0	0	0	0	0	
1	1	1	846	25.38		300	0	0	0.0423	0.0423	-0.074328	0	0	0	202.949	202.949	2.93774e-05	0	0	0	9.54945	2.66859	0	6.88086		300	0.970626	0.0312287	0.0312287	-0.0624575	0	0	0	0.970626	0	-0.469668	-153.69	0	26.9754	26.9754	0	7.04502	0	0	0	0	0	0	0	0	0	0	0	0	0	0	0	0	0	0	0	0	0	0	0	0	0	0	0	0	0	0	0	0	0	
1	1	1	847	25.41		300	0	0	0.04235	0.04235	-0.0744047	0	0	0	203.411	203.411	2.93692e-05	0	0	0	9.56977	2.684	0	6.88577		300	0.97132	0.0312535	0.0312535	-0.0625071	0	0	0	0.97132	0	-0.469668	-153.69	0	26.9754	26.9754	0	7.04502	0	0	0	0	0	0	0	0	0	0	0	0	0	0	0	0	0	0	0	0	0	0	0	0	0	0	0	0	0	0	0	0	0	
1	1	1	848	25.44		300	0	0	0.0424	0.0424	-0.0744811	0	0	0	203.877	203.877	2.9361e-05	0	0	0	9.59013	2.6995	0	6.89063		300	0.972006	0.0312781	0.0312781	-0.0625562	0	0	0	0.972006	0	-0.469668	-153.69	0	26.9754	26.9754	0	7.04502	0	0	0	0	0	0	0	0	0	0	0	0	0	0	0	0	0	0	0	0	0	0	0	0	0	0	0	0	0	0	0	0	0	
1	1	1	849	25.47		300	0	0	0.04245	0.04245	-0.0745573	0	0	0	204.347	204.347	2.93528e-05	0	0	0	9.61055	2.7151	0	6.89545		300	0.972686	0.0313024	0.0313024	-0.0626049	0	0	0	0.972686	0	-0.469668	-153.69	0	26.9754	26.9754	0	7.04502	0	0	0	0	0	0	0	0	0	0	0	0	0	0	0	0	0	0	0	0	0	0	0	0	0	0	0	0	0	0	0	0	0	
1	1	1	850	25.5		300	0	0	0.0425	0.0425	-0.0746332	0	0	0	204.822	204.822	2.93447e-05	0	0	0	9.631	2.73079	0	6.90021		300	0.973359	0.0313265	0.0313265	-0.0626531	0	0	0	0.973359	0	-0.469668	-153.69	0	26.9754	26.9754	0	7.04502	0	0	0	0	0	0	0	0	0	0	0	0	0	0	0	0	0	0	0	0	0	0	0	0	0	0	0	0	0	0	0	0	0	
1	1	1	851	25.53		300	0	0	0.04255	0.04255	-0.0747089	0	0	0	205.302	205.302	2.93366e-05	0	0	0	9.65151	2.74658	0	6.90493		300	0.974025	0.0313504	0.0313504	-0.0627007	0	0	0	0.974025	0	-0.469668	-153.69	0	26.9754	26.9754	0	7.04502	0	0	0	0	0	0	0	0	0	0	0	0	0	0	0	0	0	0	0	0	0	0	0	0	0	0	0	0	0	0	0	0	0	
1	1	1	852	25.56		300	0	0	0.0426	0.0426	-0.0747844	0	0	0	205.786	205.786	2.93285e-05	0	0	0	9.67206	2.76247	0	6.90959		300	0.974683	0.031374	0.031374	-0.0627479	0	0	0	0.974683	0	-0.469668	-153.69	0	26.9754	26.9754	0	7.04502	0	0	0	0	0	0	0	0	0	0	0	0	0	0	0	0	0	0	0	0	0	0	0	0	0	0	0	0	0	0	0	0	0	
1	1	1	853	25.59		300	0	0	0.04265	0.04265	-0.0748597	0	0	0	206.275	206.275	2.93205e-05	0	0	0	9.69267	2.77846	0	6.91421		300	0.975335	0.0313973	0.0313973	-0.0627946	0	0	0	0.975335	0	-0.469668	-153.69	0	26.9754	26.9754	0	7.04502	0	0	0	0	0	0	0	0	0	0	0	0	0	0	0	0	0	0	0	0	0	0	0	0	0	0	0	0	0	0	0	0	0	
1	1	1	854	25.62		300	0	0	0.0427	0.0427	-0.0749347	0	0	0	206.769	206.769	2.93126e-05	0	0	0	9.71332	2.79455	0	6.91877		300	0.975979	0.0314203	0.0314203	-0.0628407	0	0	0	0.975979	0	-0.469668	-153.69	0	26.9754	26.9754	0	7.04502	0	0	0	0	0	0	0	0	0	0	0	0	0	0	0	0	0	0	0	0	0	0	0	0	0	0	0	0	0	0	0	0	0	
1	1	1	855	25.65		300	0	0	0.04275	0.04275	-0.0750095	0	0	0	207.267	207.267	2.93047e-05	0	0	0	9.73402	2.81074	0	6.92328		300	0.976616	0.0314431	0.0314431	-0.0628863	0	0	0	0.976616	0	-0.469668	-153.69	0	26.9754	26.9754	0	7.04502	0	0	0	0	0	0	0	0	0	0	0	0	0	0	0	0	0	0	0	0	0	0	0	0	0	0	0	0	0	0	0	0	0	
1	1	1	856	25.68		300	0	0	0.0428	0.0428	-0.075084	0	0	0	207.771	207.771	2.92969e-05	0	0	0	9.75477	2.82703	0	6.92774		300	0.977245	0.0314657	0.0314657	-0.0629313	0	0	0	0.977245	0	-0.469668	-153.69	0	26.9754	26.9754	0	7.04502	0	0	0	0	0	0	0	0	0	0	0	0	0	0	0	0	0	0	0	0	0	0	0	0	0	0	0	0	0	0	0	0	0	
1	1	1	857	25.71		300	0	0	0.04285	0.04285	-0.0751582	0	0	0	208.28	208.28	2.92892e-05	0	0	0	9.77558	2.84343	0	6.93215		300	0.977866	0.0314879	0.0314879	-0.0629759	0	0	0	0.977866	0	-0.469668	-153.69	0	26.9754	26.9754	0	7.04502	0	0	0	0	0	0	0	0	0	0	0	0	0	0	0	0	0	0	0	0	0	0	0	0	0	0	0	0	0	0	0	0	0	
1	1	1	858	25.74		300	0	0	0.0429	0.0429	-0.0752322	0	0	0	208.793	208.793	2.92815e-05	0	0	0	9.79643	2.85993	0	6.9365		300	0.97848	0.0315099	0.0315099	-0.0630198	0	0	0	0.97848	0	-0.469668	-153.69	0	26.9754	26.9754	0	7.04502	0	0	0	0	0	0	0	0	0	0	0	0	0	0	0	0	0	0	0	0	0	0	0	0	0	0	0	0	0	0	0	0	0	
1	1	1	859	25.77		300	0	0	0.04295	0.04295	-0.075306	0	0	0	209.312	209.312	2.92739e-05	0	0	0	9.81733	2.87654	0	6.94079		300	0.979085	0.0315316	0.0315316	-0.0630632	0	0	0	0.979085	0	-0.469668	-153.69	0	26.9754	26.9754	0	7.04502	0	0	0	0	0	0	0	0	0	0	0	0	0	0	0	0	0	0	0	0	0	0	0	0	0	0	0	0	0	0	0	0	0	
1	1	1	860	25.8		300	0	0	0.043	0.043	-0.0753794	0	0	0	209.836	209.836	2.92664e-05	0	0	0	9.83829	2.89326	0	6.94503		300	0.979683	0.031553	0.031553	-0.063106	0	0	0	0.979683	0	-0.469668	-153.69	0	26.9754	26.9754	0	7.04502	0	0	0	0	0	0	0	0	0	0	0	0	0	0	0	0	0	0	0	0	0	0	0	0	0	0	0	0	0	0	0	0	0	
1	1	1	861	25.83		300	0	0	0.04305	0.04305	-0.0754527	0	0	0	210.366	210.366	2.9259e-05	0	0	0	9.8593	2.91009	0	6.94921		300	0.980272	0.0315741	0.0315741	-0.0631483	0	0	0	0.980272	0	-0.469668	-153.69	0	26.9754	26.9754	0	7.04502	0	0	0	0	0	0	0	0	0	0	0	0	0	0	0	0	0	0	0	0	0	0	0	0	0	0	0	0	0	0	0	0	0	
1	1	1	862	25.86		300	0	0	0.0431	0.0431	-0.0755256	0	0	0	210.9	210.9	2.92516e-05	0	0	0	9.88037	2.92703	0	6.95334		300	0.980854	0.031595	0.031595	-0.0631899	0	0	0	0.980854	0	-0.469668	-153.69	0	26.9754	26.9754	0	7.04502	0	0	0	0	0	0	0	0	0	0	0	0	0	0	0	0	0	0	0	0	0	0	0	0	0	0	0	0	0	0	0	0	0	
1	1	1	863	25.89		300	0	0	0.04315	0.04315	-0.0755982	0	0	0	211.441	211.441	2.92444e-05	0	0	0	9.90148	2.94408	0	6.9574		300	0.981426	0.0316155	0.0316155	-0.063231	0	0	0	0.981426	0	-0.469668	-153.69	0	26.9754	26.9754	0	7.04502	0	0	0	0	0	0	0	0	0	0	0	0	0	0	0	0	0	0	0	0	0	0	0	0	0	0	0	0	0	0	0	0	0	
1	1	1	864	25.92		300	0	0	0.0432	0.0432	-0.0756706	0	0	0	211.987	211.987	2.92372e-05	0	0	0	9.92265	2.96125	0	6.96141		300	0.98199	0.0316357	0.0316357	-0.0632714	0	0	0	0.98199	0	-0.469668	-153.69	0	26.9754	26.9754	0	7.04502	0	0	0	0	0	0	0	0	0	0	0	0	0	0	0	0	0	0	0	0	0	0	0	0	0	0	0	0	0	0	0	0	0	
1	1	1	865	25.95		300	0	0	0.04325	0.04325	-0.0757427	0	0	0	212.538	212.538	2.92301e-05	0	0	0	9.94388	2.97853	0	6.96535		300	0.982546	0.0316556	0.0316556	-0.0633112	0	0	0	0.982546	0	-0.469668	-153.69	0	26.9754	26.9754	0	7.04502	0	0	0	0	0	0	0	0	0	0	0	0	0	0	0	0	0	0	0	0	0	0	0	0	0	0	0	0	0	0	0	0	0	
1	1	1	866	25.98		300	0	0	0.0433	0.0433	-0.0758145	0	0	0	213.095	213.095	2.92231e-05	0	0	0	9.96516	2.99593	0	6.96923		300	0.983093	0.0316752	0.0316752	-0.0633504	0	0	0	0.983093	0	-0.469668	-153.69	0	26.9754	26.9754	0	7.04502	0	0	0	0	0	0	0	0	0	0	0	0	0	0	0	0	0	0	0	0	0	0	0	0	0	0	0	0	0	0	0	0	0	
1	1	1	867	26.01		300	0	0	0.04335	0.04335	-0.075886	0	0	0	213.658	213.658	2.92162e-05	0	0	0	9.9865	3.01345	0	6.97305		300	0.983631	0.0316945	0.0316945	-0.063389	0	0	0	0.983631	0	-0.469668	-153.69	0	26.9754	26.9754	0	7.04502	0	0	0	0	0	0	0	0	0	0	0	0	0	0	0	0	0	0	0	0	0	0	0	0	0	0	0	0	0	0	0	0	0	
1	1	1	868	26.04		300	0	0	0.0434	0.0434	-0.0759572	0	0	0	214.227	214.227	2.92095e-05	0	0	0	10.0079	3.03108	0	6.97681		300	0.984159	0.0317135	0.0317135	-0.0634269	0	0	0	0.984159	0	-0.469668	-153.69	0	26.9754	26.9754	0	7.04502	0	0	0	0	0	0	0	0	0	0	0	0	0	0	0	0	0	0	0	0	0	0	0	0	0	0	0	0	0	0	0	0	0	
1	1	1	869	26.07		300	0	0	0.04345	0.04345	-0.0760281	0	0	0	214.802	214.802	2.92028e-05	0	0	0	10.0293	3.04884	0	6.98051		300	0.984679	0.0317321	0.0317321	-0.0634642	0	0	0	0.984679	0	-0.469668	-153.69	0	26.9754	26.9754	0	7.04502	0	0	0	0	0	0	0	0	0	0	0	0	0	0	0	0	0	0	0	0	0	0	0	0	0	0	0	0	0	0	0	0	0	
1	1	1	870	26.1		300	0	0	0.0435	0.0435	-0.0760987	0	0	0	215.383	215.383	2.91962e-05	0	0	0	10.0509	3.06672	0	6.98414		300	0.98519	0.0317504	0.0317504	-0.0635008	0	0	0	0.98519	0	-0.469668	-153.69	0	26.9754	26.9754	0	7.04502	0	0	0	0	0	0	0	0	0	0	0	0	0	0	0	0	0	0	0	0	0	0	0	0	0	0	0	0	0	0	0	0	0	
1	1	1	871	26.13		300	0	0	0.04355	0.04355	-0.076169	0	0	0	215.97	215.97	2.91897e-05	0	0	0	10.0724	3.08472	0	6.9877		300	0.985691	0.0317684	0.0317684	-0.0635368	0	0	0	0.985691	0	-0.469668	-153.69	0	26.9754	26.9754	0	7.04502	0	0	0	0	0	0	0	0	0	0	0	0	0	0	0	0	0	0	0	0	0	0	0	0	0	0	0	0	0	0	0	0	0	
1	1	1	872	26.16		300	0	0	0.0436	0.0436	-0.076239	0	0	0	216.563	216.563	2.91833e-05	0	0	0	10.094	3.10285	0	6.9912		300	0.986183	0.031786	0.031786	-0.0635721	0	0	0	0.986183	0	-0.469668	-153.69	0	26.9754	26.9754	0	7.04502	0	0	0	0	0	0	0	0	0	0	0	0	0	0	0	0	0	0	0	0	0	0	0	0	0	0	0	0	0	0	0	0	0	
1	1	1	873	26.19		300	0	0	0.04365	0.04365	-0.0763086	0	0	0	217.163	217.163	2.91771e-05	0	0	0	10.1157	3.1211	0	6.99464		300	0.986665	0.0318033	0.0318033	-0.0636067	0	0	0	0.986665	0	-0.469668	-153.69	0	26.9754	26.9754	0	7.04502	0	0	0	0	0	0	0	0	0	0	0	0	0	0	0	0	0	0	0	0	0	0	0	0	0	0	0	0	0	0	0	0	0	
1	1	1	874	26.22		300	0	0	0.0437	0.0437	-0.076378	0	0	0	217.768	217.768	2.91709e-05	0	0	0	10.1375	3.13948	0	6.998		300	0.987138	0.0318203	0.0318203	-0.0636406	0	0	0	0.987138	0	-0.469668	-153.69	0	26.9754	26.9754	0	7.04502	0	0	0	0	0	0	0	0	0	0	0	0	0	0	0	0	0	0	0	0	0	0	0	0	0	0	0	0	0	0	0	0	0	
1	1	1	875	26.25		300	0	0	0.04375	0.04375	-0.076447	0	0	0	218.38	218.38	2.91649e-05	0	0	0	10.1593	3.15799	0	7.0013		300	0.987601	0.0318369	0.0318369	-0.0636738	0	0	0	0.987601	0	-0.469668	-153.69	0	26.9754	26.9754	0	7.04502	0	0	0	0	0	0	0	0	0	0	0	0	0	0	0	0	0	0	0	0	0	0	0	0	0	0	0	0	0	0	0	0	0	
1	1	1	876	26.28		300	0	0	0.0438	0.0438	-0.0765157	0	0	0	218.999	218.999	2.91589e-05	0	0	0	10.1812	3.17663	0	7.00453		300	0.988054	0.0318532	0.0318532	-0.0637063	0	0	0	0.988054	0	-0.469668	-153.69	0	26.9754	26.9754	0	7.04502	0	0	0	0	0	0	0	0	0	0	0	0	0	0	0	0	0	0	0	0	0	0	0	0	0	0	0	0	0	0	0	0	0	
1	1	1	877	26.31		300	0	0	0.04385	0.04385	-0.0765841	0	0	0	219.624	219.624	2.91531e-05	0	0	0	10.2031	3.1954	0	7.00769		300	0.988497	0.0318691	0.0318691	-0.0637382	0	0	0	0.988497	0	-0.469668	-153.69	0	26.9754	26.9754	0	7.04502	0	0	0	0	0	0	0	0	0	0	0	0	0	0	0	0	0	0	0	0	0	0	0	0	0	0	0	0	0	0	0	0	0	
1	1	1	878	26.34		300	0	0	0.0439	0.0439	-0.0766521	0	0	0	220.255	220.255	2.91473e-05	0	0	0	10.2251	3.2143	0	7.01078		300	0.988931	0.0318846	0.0318846	-0.0637693	0	0	0	0.988931	0	-0.469668	-153.69	0	26.9754	26.9754	0	7.04502	0	0	0	0	0	0	0	0	0	0	0	0	0	0	0	0	0	0	0	0	0	0	0	0	0	0	0	0	0	0	0	0	0	
1	1	1	879	26.37		300	0	0	0.04395	0.04395	-0.0767198	0	0	0	220.893	220.893	2.91417e-05	0	0	0	10.2471	3.23334	0	7.0138		300	0.989354	0.0318998	0.0318998	-0.0637996	0	0	0	0.989354	0	-0.469668	-153.69	0	26.9754	26.9754	0	7.04502	0	0	0	0	0	0	0	0	0	0	0	0	0	0	0	0	0	0	0	0	0	0	0	0	0	0	0	0	0	0	0	0	0	
1	1	1	880	26.4		300	0	0	0.044	0.044	-0.0767872	0	0	0	221.538	221.538	2.91362e-05	0	0	0	10.2693	3.25251	0	7.01675		300	0.989767	0.0319146	0.0319146	-0.0638293	0	0	0	0.989767	0	-0.469668	-153.69	0	26.9754	26.9754	0	7.04502	0	0	0	0	0	0	0	0	0	0	0	0	0	0	0	0	0	0	0	0	0	0	0	0	0	0	0	0	0	0	0	0	0	
1	1	1	881	26.43		300	0	0	0.04405	0.04405	-0.0768542	0	0	0	222.19	222.19	2.91308e-05	0	0	0	10.2914	3.27182	0	7.01963		300	0.99017	0.0319291	0.0319291	-0.0638582	0	0	0	0.99017	0	-0.469668	-153.69	0	26.9754	26.9754	0	7.04502	0	0	0	0	0	0	0	0	0	0	0	0	0	0	0	0	0	0	0	0	0	0	0	0	0	0	0	0	0	0	0	0	0	
1	1	1	882	26.46		300	0	0	0.0441	0.0441	-0.0769209	0	0	0	222.848	222.848	2.91255e-05	0	0	0	10.3137	3.29127	0	7.02243		300	0.990562	0.0319432	0.0319432	-0.0638864	0	0	0	0.990562	0	-0.469668	-153.69	0	26.9754	26.9754	0	7.04502	0	0	0	0	0	0	0	0	0	0	0	0	0	0	0	0	0	0	0	0	0	0	0	0	0	0	0	0	0	0	0	0	0	
1	1	1	883	26.49		300	0	0	0.04415	0.04415	-0.0769872	0	0	0	223.513	223.513	2.91204e-05	0	0	0	10.336	3.31085	0	7.02517		300	0.990945	0.0319569	0.0319569	-0.0639139	0	0	0	0.990945	0	-0.469668	-153.69	0	26.9754	26.9754	0	7.04502	0	0	0	0	0	0	0	0	0	0	0	0	0	0	0	0	0	0	0	0	0	0	0	0	0	0	0	0	0	0	0	0	0	
1	1	1	884	26.52		300	0	0	0.0442	0.0442	-0.0770532	0	0	0	224.184	224.184	2.91153e-05	0	0	0	10.3584	3.33057	0	7.02783		300	0.991317	0.0319703	0.0319703	-0.0639406	0	0	0	0.991317	0	-0.469668	-153.69	0	26.9754	26.9754	0	7.04502	0	0	0	0	0	0	0	0	0	0	0	0	0	0	0	0	0	0	0	0	0	0	0	0	0	0	0	0	0	0	0	0	0	
1	1	1	885	26.55		300	0	0	0.04425	0.04425	-0.0771189	0	0	0	224.863	224.863	2.91104e-05	0	0	0	10.3809	3.35043	0	7.03042		300	0.991678	0.0319833	0.0319833	-0.0639666	0	0	0	0.991678	0	-0.469668	-153.69	0	26.9754	26.9754	0	7.04502	0	0	0	0	0	0	0	0	0	0	0	0	0	0	0	0	0	0	0	0	0	0	0	0	0	0	0	0	0	0	0	0	0	
1	1	1	886	26.58		300	0	0	0.0443	0.0443	-0.0771842	0	0	0	225.548	225.548	2.91056e-05	0	0	0	10.4034	3.37044	0	7.03294		300	0.99203	0.0319959	0.0319959	-0.0639918	0	0	0	0.99203	0	-0.469668	-153.69	0	26.9754	26.9754	0	7.04502	0	0	0	0	0	0	0	0	0	0	0	0	0	0	0	0	0	0	0	0	0	0	0	0	0	0	0	0	0	0	0	0	0	
1	1	1	887	26.61		300	0	0	0.04435	0.04435	-0.0772492	0	0	0	226.24	226.24	2.91009e-05	0	0	0	10.426	3.39058	0	7.03538		300	0.992371	0.0320082	0.0320082	-0.0640163	0	0	0	0.992371	0	-0.469668	-153.69	0	26.9754	26.9754	0	7.04502	0	0	0	0	0	0	0	0	0	0	0	0	0	0	0	0	0	0	0	0	0	0	0	0	0	0	0	0	0	0	0	0	0	
1	1	1	888	26.64		300	0	0	0.0444	0.0444	-0.0773138	0	0	0	226.939	226.939	2.90963e-05	0	0	0	10.4486	3.41087	0	7.03776		300	0.992701	0.03202	0.03202	-0.0640401	0	0	0	0.992701	0	-0.469668	-153.69	0	26.9754	26.9754	0	7.04502	0	0	0	0	0	0	0	0	0	0	0	0	0	0	0	0	0	0	0	0	0	0	0	0	0	0	0	0	0	0	0	0	0	
1	1	1	889	26.67		300	0	0	0.04445	0.04445	-0.0773781	0	0	0	227.645	227.645	2.90919e-05	0	0	0	10.4714	3.4313	0	7.04006		300	0.993021	0.0320315	0.0320315	-0.0640631	0	0	0	0.993021	0	-0.469668	-153.69	0	26.9754	26.9754	0	7.04502	0	0	0	0	0	0	0	0	0	0	0	0	0	0	0	0	0	0	0	0	0	0	0	0	0	0	0	0	0	0	0	0	0	
1	1	1	890	26.7		300	0	0	0.0445	0.0445	-0.077442	0	0	0	228.357	228.357	2.90876e-05	0	0	0	10.4942	3.45187	0	7.04228		300	0.993331	0.0320427	0.0320427	-0.0640853	0	0	0	0.993331	0	-0.469668	-153.69	0	26.9754	26.9754	0	7.04502	0	0	0	0	0	0	0	0	0	0	0	0	0	0	0	0	0	0	0	0	0	0	0	0	0	0	0	0	0	0	0	0	0	
1	1	1	891	26.73		300	0	0	0.04455	0.04455	-0.0775056	0	0	0	229.076	229.076	2.90835e-05	0	0	0	10.517	3.47259	0	7.04444		300	0.993631	0.0320534	0.0320534	-0.0641068	0	0	0	0.993631	0	-0.469668	-153.69	0	26.9754	26.9754	0	7.04502	0	0	0	0	0	0	0	0	0	0	0	0	0	0	0	0	0	0	0	0	0	0	0	0	0	0	0	0	0	0	0	0	0	
1	1	1	892	26.76		300	0	0	0.0446	0.0446	-0.0775689	0	0	0	229.802	229.802	2.90795e-05	0	0	0	10.54	3.49345	0	7.04652		300	0.99392	0.0320638	0.0320638	-0.0641276	0	0	0	0.99392	0	-0.469668	-153.69	0	26.9754	26.9754	0	7.04502	0	0	0	0	0	0	0	0	0	0	0	0	0	0	0	0	0	0	0	0	0	0	0	0	0	0	0	0	0	0	0	0	0	
1	1	1	893	26.79		300	0	0	0.04465	0.04465	-0.0776318	0	0	0	230.535	230.535	2.90757e-05	0	0	0	10.563	3.51445	0	7.04854		300	0.994199	0.0320738	0.0320738	-0.0641477	0	0	0	0.994199	0	-0.469668	-153.69	0	26.9754	26.9754	0	7.04502	0	0	0	0	0	0	0	0	0	0	0	0	0	0	0	0	0	0	0	0	0	0	0	0	0	0	0	0	0	0	0	0	0	
1	1	1	894	26.82		300	0	0	0.0447	0.0447	-0.0776944	0	0	0	231.274	231.274	2.9072e-05	0	0	0	10.5861	3.5356	0	7.05048		300	0.994468	0.0320835	0.0320835	-0.064167	0	0	0	0.994468	0	-0.469668	-153.69	0	26.9754	26.9754	0	7.04502	0	0	0	0	0	0	0	0	0	0	0	0	0	0	0	0	0	0	0	0	0	0	0	0	0	0	0	0	0	0	0	0	0	
1	1	1	895	26.85		300	0	0	0.04475	0.04475	-0.0777566	0	0	0	232.02	232.02	2.90686e-05	0	0	0	10.6092	3.55689	0	7.05235		300	0.994727	0.0320928	0.0320928	-0.0641856	0	0	0	0.994727	0	-0.469668	-153.69	0	26.9754	26.9754	0	7.04502	0	0	0	0	0	0	0	0	0	0	0	0	0	0	0	0	0	0	0	0	0	0	0	0	0	0	0	0	0	0	0	0	0	
1	1	1	896	26.88		300	0	0	0.0448	0.0448	-0.0778185	0	0	0	232.773	232.773	2.90653e-05	0	0	0	10.6325	3.57833	0	7.05415		300	0.994976	0.0321018	0.0321018	-0.0642035	0	0	0	0.994976	0	-0.469668	-153.69	0	26.9754	26.9754	0	7.04502	0	0	0	0	0	0	0	0	0	0	0	0	0	0	0	0	0	0	0	0	0	0	0	0	0	0	0	0	0	0	0	0	0	
1	1	1	897	26.91		300	0	0	0.04485	0.04485	-0.0778801	0	0	0	233.532	233.532	2.90621e-05	0	0	0	10.6558	3.59991	0	7.05589		300	0.995215	0.0321104	0.0321104	-0.0642207	0	0	0	0.995215	0	-0.469668	-153.69	0	26.9754	26.9754	0	7.04502	0	0	0	0	0	0	0	0	0	0	0	0	0	0	0	0	0	0	0	0	0	0	0	0	0	0	0	0	0	0	0	0	0	
1	1	1	898	26.94		300	0	0	0.0449	0.0449	-0.0779414	0	0	0	234.297	234.297	2.90592e-05	0	0	0	10.6792	3.62164	0	7.05755		300	0.995444	0.0321186	0.0321186	-0.0642372	0	0	0	0.995444	0	-0.469668	-153.69	0	26.9754	26.9754	0	7.04502	0	0	0	0	0	0	0	0	0	0	0	0	0	0	0	0	0	0	0	0	0	0	0	0	0	0	0	0	0	0	0	0	0	
1	1	1	899	26.97		300	0	0	0.04495	0.04495	-0.0780023	0	0	0	235.069	235.069	2.90565e-05	0	0	0	10.7027	3.64351	0	7.05915		300	0.995664	0.0321265	0.0321265	-0.0642531	0	0	0	0.995664	0	-0.469668	-153.69	0	26.9754	26.9754	0	7.04502	0	0	0	0	0	0	0	0	0	0	0	0	0	0	0	0	0	0	0	0	0	0	0	0	0	0	0	0	0	0	0	0	0	
1	1	1	900	27		300	0	0	0.045	0.045	-0.078063	0	0	0	235.847	235.847	2.90539e-05	0	0	0	10.7262	3.66552	0	7.06068		300	0.995875	0.0321341	0.0321341	-0.0642682	0	0	0	0.995875	0	-0.469668	-153.69	0	26.9754	26.9754	0	7.04502	0	0	0	0	0	0	0	0	0	0	0	0	0	0	0	0	0	0	0	0	0	0	0	0	0	0	0	0	0	0	0	0	0	
1	1	1	901	27.03		300	0	0	0.04505	0.04505	-0.0781233	0	0	0	236.63	236.63	2.90516e-05	0	0	0	10.7498	3.68767	0	7.06215		300	0.996076	0.0321413	0.0321413	-0.0642827	0	0	0	0.996076	0	-0.469668	-153.69	0	26.9754	26.9754	0	7.04502	0	0	0	0	0	0	0	0	0	0	0	0	0	0	0	0	0	0	0	0	0	0	0	0	0	0	0	0	0	0	0	0	0	
1	1	1	902	27.06		300	0	0	0.0451	0.0451	-0.0781833	0	0	0	237.42	237.42	2.90494e-05	0	0	0	10.7735	3.70997	0	7.06356		300	0.996269	0.0321483	0.0321483	-0.0642965	0	0	0	0.996269	0	-0.469668	-153.69	0	26.9754	26.9754	0	7.04502	0	0	0	0	0	0	0	0	0	0	0	0	0	0	0	0	0	0	0	0	0	0	0	0	0	0	0	0	0	0	0	0	0	
1	1	1	903	27.09		300	0	0	0.04515	0.04515	-0.0782431	0	0	0	238.216	238.216	2.90475e-05	0	0	0	10.7973	3.73241	0	7.0649		300	0.996452	0.0321549	0.0321549	-0.0643097	0	0	0	0.996452	0	-0.469668	-153.69	0	26.9754	26.9754	0	7.04502	0	0	0	0	0	0	0	0	0	0	0	0	0	0	0	0	0	0	0	0	0	0	0	0	0	0	0	0	0	0	0	0	0	
1	1	1	904	27.12		300	0	0	0.0452	0.0452	-0.0783025	0	0	0	239.017	239.017	2.90457e-05	0	0	0	10.8212	3.75499	0	7.06618		300	0.996627	0.0321612	0.0321612	-0.0643223	0	0	0	0.996627	0	-0.469668	-153.69	0	26.9754	26.9754	0	7.04502	0	0	0	0	0	0	0	0	0	0	0	0	0	0	0	0	0	0	0	0	0	0	0	0	0	0	0	0	0	0	0	0	0	
1	1	1	905	27.15		300	0	0	0.04525	0.04525	-0.0783617	0	0	0	239.823	239.823	2.90442e-05	0	0	0	10.8451	3.77771	0	7.06741		300	0.996794	0.0321672	0.0321672	-0.0643343	0	0	0	0.996794	0	-0.469668	-153.69	0	26.9754	26.9754	0	7.04502	0	0	0	0	0	0	0	0	0	0	0	0	0	0	0	0	0	0	0	0	0	0	0	0	0	0	0	0	0	0	0	0	0	
1	1	1	906	27.18		300	0	0	0.0453	0.0453	-0.0784206	0	0	0	240.635	240.635	2.90428e-05	0	0	0	10.8691	3.80056	0	7.06858		300	0.996952	0.0321729	0.0321729	-0.0643457	0	0	0	0.996952	0	-0.469668	-153.69	0	26.9754	26.9754	0	7.04502	0	0	0	0	0	0	0	0	0	0	0	0	0	0	0	0	0	0	0	0	0	0	0	0	0	0	0	0	0	0	0	0	0	
1	1	1	907	27.21		300	0	0	0.04535	0.04535	-0.0784792	0	0	0	241.453	241.453	2.90416e-05	0	0	0	10.8932	3.82355	0	7.06969		300	0.997103	0.0321783	0.0321783	-0.0643566	0	0	0	0.997103	0	-0.469668	-153.69	0	26.9754	26.9754	0	7.04502	0	0	0	0	0	0	0	0	0	0	0	0	0	0	0	0	0	0	0	0	0	0	0	0	0	0	0	0	0	0	0	0	0	
1	1	1	908	27.24		300	0	0	0.0454	0.0454	-0.0785376	0	0	0	242.275	242.275	2.90406e-05	0	0	0	10.9174	3.84668	0	7.07074		300	0.997246	0.0321834	0.0321834	-0.0643668	0	0	0	0.997246	0	-0.469668	-153.69	0	26.9754	26.9754	0	7.04502	0	0	0	0	0	0	0	0	0	0	0	0	0	0	0	0	0	0	0	0	0	0	0	0	0	0	0	0	0	0	0	0	0	
1	1	1	909	27.27		300	0	0	0.04545	0.04545	-0.0785958	0	0	0	243.102	243.102	2.90397e-05	0	0	0	10.9417	3.86995	0	7.07175		300	0.997382	0.0321883	0.0321883	-0.0643766	0	0	0	0.997382	0	-0.469668	-153.69	0	26.9754	26.9754	0	7.04502	0	0	0	0	0	0	0	0	0	0	0	0	0	0	0	0	0	0	0	0	0	0	0	0	0	0	0	0	0	0	0	0	0	
1	1	1	910	27.3		300	0	0	0.0455	0.0455	-0.0786537	0	0	0	243.934	243.934	2.9039e-05	0	0	0	10.966	3.89334	0	7.07271		300	0.99751	0.0321929	0.0321929	-0.0643859	0	0	0	0.99751	0	-0.469668	-153.69	0	26.9754	26.9754	0	7.04502	0	0	0	0	0	0	0	0	0	0	0	0	0	0	0	0	0	0	0	0	0	0	0	0	0	0	0	0	0	0	0	0	0	
1	1	1	911	27.33		300	0	0	0.04555	0.04555	-0.0787113	0	0	0	244.77	244.77	2.90384e-05	0	0	0	10.9905	3.91687	0	7.07361		300	0.997632	0.0321973	0.0321973	-0.0643946	0	0	0	0.997632	0	-0.469668	-153.69	0	26.9754	26.9754	0	7.04502	0	0	0	0	0	0	0	0	0	0	0	0	0	0	0	0	0	0	0	0	0	0	0	0	0	0	0	0	0	0	0	0	0	
1	1	1	912	27.36		300	0	0	0.0456	0.0456	-0.0787688	0	0	0	245.611	245.611	2.90379e-05	0	0	0	11.015	3.94053	0	7.07447		300	0.997747	0.0322015	0.0322015	-0.0644029	0	0	0	0.997747	0	-0.469668	-153.69	0	26.9754	26.9754	0	7.04502	0	0	0	0	0	0	0	0	0	0	0	0	0	0	0	0	0	0	0	0	0	0	0	0	0	0	0	0	0	0	0	0	0	
1	1	1	913	27.39		300	0	0	0.04565	0.04565	-0.078826	0	0	0	246.455	246.455	2.90375e-05	0	0	0	11.0396	3.96431	0	7.07529		300	0.997856	0.0322054	0.0322054	-0.0644107	0	0	0	0.997856	0	-0.469668	-153.69	0	26.9754	26.9754	0	7.04502	0	0	0	0	0	0	0	0	0	0	0	0	0	0	0	0	0	0	0	0	0	0	0	0	0	0	0	0	0	0	0	0	0	
1	1	1	914	27.42		300	0	0	0.0457	0.0457	-0.0788831	0	0	0	247.304	247.304	2.90372e-05	0	0	0	11.0643	3.98823	0	7.07606		300	0.997959	0.0322091	0.0322091	-0.0644181	0	0	0	0.997959	0	-0.469668	-153.69	0	26.9754	26.9754	0	7.04502	0	0	0	0	0	0	0	0	0	0	0	0	0	0	0	0	0	0	0	0	0	0	0	0	0	0	0	0	0	0	0	0	0	
1	1	1	915	27.45		300	0	0	0.04575	0.04575	-0.0789399	0	0	0	248.156	248.156	2.9037e-05	0	0	0	11.0891	4.01227	0	7.0768		300	0.998056	0.0322126	0.0322126	-0.0644251	0	0	0	0.998056	0	-0.469668	-153.69	0	26.9754	26.9754	0	7.04502	0	0	0	0	0	0	0	0	0	0	0	0	0	0	0	0	0	0	0	0	0	0	0	0	0	0	0	0	0	0	0	0	0	
1	1	1	916	27.48		300	0	0	0.0458	0.0458	-0.0789966	0	0	0	249.012	249.012	2.90369e-05	0	0	0	11.1139	4.03643	0	7.07749		300	0.998148	0.0322159	0.0322159	-0.0644317	0	0	0	0.998148	0	-0.469668	-153.69	0	26.9754	26.9754	0	7.04502	0	0	0	0	0	0	0	0	0	0	0	0	0	0	0	0	0	0	0	0	0	0	0	0	0	0	0	0	0	0	0	0	0	
1	1	1	917	27.51		300	0	0	0.04585	0.04585	-0.0790531	0	0	0	249.872	249.872	2.90368e-05	0	0	0	11.1389	4.06072	0	7.07815		300	0.998234	0.032219	0.032219	-0.064438	0	0	0	0.998234	0	-0.469668	-153.69	0	26.9754	26.9754	0	7.04502	0	0	0	0	0	0	0	0	0	0	0	0	0	0	0	0	0	0	0	0	0	0	0	0	0	0	0	0	0	0	0	0	0	
1	1	1	918	27.54		300	0	0	0.0459	0.0459	-0.0791094	0	0	0	250.735	250.735	2.90368e-05	0	0	0	11.1639	4.08513	0	7.07877		300	0.998316	0.0322219	0.0322219	-0.0644438	0	0	0	0.998316	0	-0.469668	-153.69	0	26.9754	26.9754	0	7.04502	0	0	0	0	0	0	0	0	0	0	0	0	0	0	0	0	0	0	0	0	0	0	0	0	0	0	0	0	0	0	0	0	0	
1	1	1	919	27.57		300	0	0	0.04595	0.04595	-0.0791656	0	0	0	251.6	251.6	2.90368e-05	0	0	0	11.189	4.10966	0	7.07936		300	0.998392	0.0322247	0.0322247	-0.0644494	0	0	0	0.998392	0	-0.469668	-153.69	0	26.9754	26.9754	0	7.04502	0	0	0	0	0	0	0	0	0	0	0	0	0	0	0	0	0	0	0	0	0	0	0	0	0	0	0	0	0	0	0	0	0	
1	1	1	920	27.6		300	0	0	0.046	0.046	-0.0792216	0	0	0	252.469	252.469	2.90369e-05	0	0	0	11.2142	4.1343	0	7.07991		300	0.998465	0.0322273	0.0322273	-0.0644546	0	0	0	0.998465	0	-0.469668	-153.69	0	26.9754	26.9754	0	7.04502	0	0	0	0	0	0	0	0	0	0	0	0	0	0	0	0	0	0	0	0	0	0	0	0	0	0	0	0	0	0	0	0	0	
1	1	1	921	27.63		300	0	0	0.04605	0.04605	-0.0792775	0	0	0	253.341	253.341	2.90369e-05	0	0	0	11.2395	4.15907	0	7.08044		300	0.998533	0.0322298	0.0322298	-0.0644595	0	0	0	0.998533	0	-0.469668	-153.69	0	26.9754	26.9754	0	7.04502	0	0	0	0	0	0	0	0	0	0	0	0	0	0	0	0	0	0	0	0	0	0	0	0	0	0	0	0	0	0	0	0	0	
1	1	1	922	27.66		300	0	0	0.0461	0.0461	-0.0793333	0	0	0	254.215	254.215	2.9037e-05	0	0	0	11.2649	4.18395	0	7.08094		300	0.998598	0.0322321	0.0322321	-0.0644642	0	0	0	0.998598	0	-0.469668	-153.69	0	26.9754	26.9754	0	7.04502	0	0	0	0	0	0	0	0	0	0	0	0	0	0	0	0	0	0	0	0	0	0	0	0	0	0	0	0	0	0	0	0	0	
1	1	1	923	27.69		300	0	0	0.04615	0.04615	-0.0793889	0	0	0	255.091	255.091	2.90371e-05	0	0	0	11.2904	4.20894	0	7.08141		300	0.998658	0.0322343	0.0322343	-0.0644685	0	0	0	0.998658	0	-0.469668	-153.69	0	26.9754	26.9754	0	7.04502	0	0	0	0	0	0	0	0	0	0	0	0	0	0	0	0	0	0	0	0	0	0	0	0	0	0	0	0	0	0	0	0	0	
1	1	1	924	27.72		300	0	0	0.0462	0.0462	-0.0794445	0	0	0	255.97	255.97	2.90372e-05	0	0	0	11.3159	4.23405	0	7.08186		300	0.998715	0.0322363	0.0322363	-0.0644726	0	0	0	0.998715	0	-0.469668	-153.69	0	26.9754	26.9754	0	7.04502	0	0	0	0	0	0	0	0	0	0	0	0	0	0	0	0	0	0	0	0	0	0	0	0	0	0	0	0	0	0	0	0	0	
1	1	1	925	27.75		300	0	0	0.04625	0.04625	-0.0794999	0	0	0	256.851	256.851	2.90373e-05	0	0	0	11.3415	4.25927	0	7.08228		300	0.998769	0.0322383	0.0322383	-0.0644765	0	0	0	0.998769	0	-0.469668	-153.69	0	26.9754	26.9754	0	7.04502	0	0	0	0	0	0	0	0	0	0	0	0	0	0	0	0	0	0	0	0	0	0	0	0	0	0	0	0	0	0	0	0	0	
1	1	1	926	27.78		300	0	0	0.0463	0.0463	-0.0795552	0	0	0	257.734	257.734	2.90374e-05	0	0	0	11.3673	4.2846	0	7.08268		300	0.99882	0.0322401	0.0322401	-0.0644802	0	0	0	0.99882	0	-0.469668	-153.69	0	26.9754	26.9754	0	7.04502	0	0	0	0	0	0	0	0	0	0	0	0	0	0	0	0	0	0	0	0	0	0	0	0	0	0	0	0	0	0	0	0	0	
1	1	1	927	27.81		300	0	0	0.04635	0.04635	-0.0796104	0	0	0	258.619	258.619	2.90375e-05	0	0	0	11.3931	4.31004	0	7.08306		300	0.998868	0.0322418	0.0322418	-0.0644836	0	0	0	0.998868	0	-0.469668	-153.69	0	26.9754	26.9754	0	7.04502	0	0	0	0	0	0	0	0	0	0	0	0	0	0	0	0	0	0	0	0	0	0	0	0	0	0	0	0	0	0	0	0	0	
1	1	1	928	27.84		300	0	0	0.0464	0.0464	-0.0796655	0	0	0	259.506	259.506	2.90376e-05	0	0	0	11.419	4.33558	0	7.08342		300	0.998913	0.0322434	0.0322434	-0.0644869	0	0	0	0.998913	0	-0.469668	-153.69	0	26.9754	26.9754	0	7.04502	0	0	0	0	0	0	0	0	0	0	0	0	0	0	0	0	0	0	0	0	0	0	0	0	0	0	0	0	0	0	0	0	0	
1	1	1	929	27.87		300	0	0	0.04645	0.04645	-0.0797205	0	0	0	260.394	260.394	2.90376e-05	0	0	0	11.445	4.36124	0	7.08376		300	0.998956	0.032245	0.032245	-0.06449	0	0	0	0.998956	0	-0.469668	-153.69	0	26.9754	26.9754	0	7.04502	0	0	0	0	0	0	0	0	0	0	0	0	0	0	0	0	0	0	0	0	0	0	0	0	0	0	0	0	0	0	0	0	0	
1	1	1	930	27.9		300	0	0	0.0465	0.0465	-0.0797755	0	0	0	261.284	261.284	2.90377e-05	0	0	0	11.4711	4.387	0	7.08408		300	0.998996	0.0322464	0.0322464	-0.0644929	0	0	0	0.998996	0	-0.469668	-153.69	0	26.9754	26.9754	0	7.04502	0	0	0	0	0	0	0	0	0	0	0	0	0	0	0	0	0	0	0	0	0	0	0	0	0	0	0	0	0	0	0	0	0	
1	1	1	931	27.93		300	0	0	0.04655	0.04655	-0.0798304	0	0	0	262.176	262.176	2.90378e-05	0	0	0	11.4973	4.41287	0	7.08439		300	0.999034	0.0322478	0.0322478	-0.0644956	0	0	0	0.999034	0	-0.469668	-153.69	0	26.9754	26.9754	0	7.04502	0	0	0	0	0	0	0	0	0	0	0	0	0	0	0	0	0	0	0	0	0	0	0	0	0	0	0	0	0	0	0	0	0	
1	1	1	932	27.96		300	0	0	0.0466	0.0466	-0.0798852	0	0	0	263.068	263.068	2.90379e-05	0	0	0	11.5235	4.43884	0	7.08468		300	0.99907	0.0322491	0.0322491	-0.0644982	0	0	0	0.99907	0	-0.469668	-153.69	0	26.9754	26.9754	0	7.04502	0	0	0	0	0	0	0	0	0	0	0	0	0	0	0	0	0	0	0	0	0	0	0	0	0	0	0	0	0	0	0	0	0	
1	1	1	933	27.99		300	0	0	0.04665	0.04665	-0.0799399	0	0	0	263.963	263.963	2.90379e-05	0	0	0	11.5499	4.46491	0	7.08495		300	0.999104	0.0322503	0.0322503	-0.0645006	0	0	0	0.999104	0	-0.469668	-153.69	0	26.9754	26.9754	0	7.04502	0	0	0	0	0	0	0	0	0	0	0	0	0	0	0	0	0	0	0	0	0	0	0	0	0	0	0	0	0	0	0	0	0	
1	1	1	934	28.02		300	0	0	0.0467	0.0467	-0.0799946	0	0	0	264.858	264.858	2.9038e-05	0	0	0	11.5763	4.49109	0	7.08521		300	0.999136	0.0322515	0.0322515	-0.0645029	0	0	0	0.999136	0	-0.469668	-153.69	0	26.9754	26.9754	0	7.04502	0	0	0	0	0	0	0	0	0	0	0	0	0	0	0	0	0	0	0	0	0	0	0	0	0	0	0	0	0	0	0	0	0	
1	1	1	935	28.05		300	0	0	0.04675	0.04675	-0.0800492	0	0	0	265.754	265.754	2.90381e-05	0	0	0	11.6028	4.51737	0	7.08546		300	0.999166	0.0322526	0.0322526	-0.0645051	0	0	0	0.999166	0	-0.469668	-153.69	0	26.9754	26.9754	0	7.04502	0	0	0	0	0	0	0	0	0	0	0	0	0	0	0	0	0	0	0	0	0	0	0	0	0	0	0	0	0	0	0	0	0	
1	1	1	936	28.08		300	0	0	0.0468	0.0468	-0.0801038	0	0	0	266.652	266.652	2.90381e-05	0	0	0	11.6295	4.54376	0	7.0857		300	0.999195	0.0322536	0.0322536	-0.0645072	0	0	0	0.999195	0	-0.469668	-153.69	0	26.9754	26.9754	0	7.04502	0	0	0	0	0	0	0	0	0	0	0	0	0	0	0	0	0	0	0	0	0	0	0	0	0	0	0	0	0	0	0	0	0	
1	1	1	937	28.11		300	0	0	0.04685	0.04685	-0.0801583	0	0	0	267.551	267.551	2.90382e-05	0	0	0	11.6562	4.57024	0	7.08593		300	0.999222	0.0322546	0.0322546	-0.0645092	0	0	0	0.999222	0	-0.469668	-153.69	0	26.9754	26.9754	0	7.04502	0	0	0	0	0	0	0	0	0	0	0	0	0	0	0	0	0	0	0	0	0	0	0	0	0	0	0	0	0	0	0	0	0	
1	1	1	938	28.14		300	0	0	0.0469	0.0469	-0.0802128	0	0	0	268.45	268.45	2.90382e-05	0	0	0	11.683	4.59682	0	7.08614		300	0.999248	0.0322555	0.0322555	-0.064511	0	0	0	0.999248	0	-0.469668	-153.69	0	26.9754	26.9754	0	7.04502	0	0	0	0	0	0	0	0	0	0	0	0	0	0	0	0	0	0	0	0	0	0	0	0	0	0	0	0	0	0	0	0	0	
1	1	1	939	28.17		300	0	0	0.04695	0.04695	-0.0802672	0	0	0	269.35	269.35	2.90382e-05	0	0	0	11.7099	4.62351	0	7.08635		300	0.999272	0.0322564	0.0322564	-0.0645128	0	0	0	0.999272	0	-0.469668	-153.69	0	26.9754	26.9754	0	7.04502	0	0	0	0	0	0	0	0	0	0	0	0	0	0	0	0	0	0	0	0	0	0	0	0	0	0	0	0	0	0	0	0	0	
1	1	1	940	28.2		300	0	0	0.047	0.047	-0.0803216	0	0	0	270.252	270.252	2.90383e-05	0	0	0	11.7368	4.65029	0	7.08654		300	0.999295	0.0322572	0.0322572	-0.0645145	0	0	0	0.999295	0	-0.469668	-153.69	0	26.9754	26.9754	0	7.04502	0	0	0	0	0	0	0	0	0	0	0	0	0	0	0	0	0	0	0	0	0	0	0	0	0	0	0	0	0	0	0	0	0	
1	1	1	941	28.23		300	0	0	0.04705	0.04705	-0.080376	0	0	0	271.154	271.154	2.90383e-05	0	0	0	11.7639	4.67718	0	7.08673		300	0.999318	0.032258	0.032258	-0.0645161	0	0	0	0.999318	0	-0.469668	-153.69	0	26.9754	26.9754	0	7.04502	0	0	0	0	0	0	0	0	0	0	0	0	0	0	0	0	0	0	0	0	0	0	0	0	0	0	0	0	0	0	0	0	0	
1	1	1	942	28.26		300	0	0	0.0471	0.0471	-0.0804303	0	0	0	272.056	272.056	2.90383e-05	0	0	0	11.7911	4.70416	0	7.08691		300	0.999339	0.0322588	0.0322588	-0.0645176	0	0	0	0.999339	0	-0.469668	-153.69	0	26.9754	26.9754	0	7.04502	0	0	0	0	0	0	0	0	0	0	0	0	0	0	0	0	0	0	0	0	0	0	0	0	0	0	0	0	0	0	0	0	0	
1	1	1	943	28.29		300	0	0	0.04715	0.04715	-0.0804845	0	0	0	272.96	272.96	2.90384e-05	0	0	0	11.8183	4.73124	0	7.08708		300	0.999358	0.0322595	0.0322595	-0.064519	0	0	0	0.999358	0	-0.469668	-153.69	0	26.9754	26.9754	0	7.04502	0	0	0	0	0	0	0	0	0	0	0	0	0	0	0	0	0	0	0	0	0	0	0	0	0	0	0	0	0	0	0	0	0	
1	1	1	944	28.32		300	0	0	0.0472	0.0472	-0.0805388	0	0	0	273.864	273.864	2.90384e-05	0	0	0	11.8457	4.75842	0	7.08725		300	0.999377	0.0322602	0.0322602	-0.0645204	0	0	0	0.999377	0	-0.469668	-153.69	0	26.9754	26.9754	0	7.04502	0	0	0	0	0	0	0	0	0	0	0	0	0	0	0	0	0	0	0	0	0	0	0	0	0	0	0	0	0	0	0	0	0	
1	1	1	945	28.35		300	0	0	0.04725	0.04725	-0.080593	0	0	0	274.768	274.768	2.90384e-05	0	0	0	11.8731	4.78569	0	7.0874		300	0.999395	0.0322608	0.0322608	-0.0645217	0	0	0	0.999395	0	-0.469668	-153.69	0	26.9754	26.9754	0	7.04502	0	0	0	0	0	0	0	0	0	0	0	0	0	0	0	0	0	0	0	0	0	0	0	0	0	0	0	0	0	0	0	0	0	
1	1	1	946	28.38		300	0	0	0.0473	0.0473	-0.0806472	0	0	0	275.674	275.674	2.90384e-05	0	0	0	11.9006	4.81306	0	7.08755		300	0.999413	0.0322615	0.0322615	-0.0645229	0	0	0	0.999413	0	-0.469668	-153.69	0	26.9754	26.9754	0	7.04502	0	0	0	0	0	0	0	0	0	0	0	0	0	0	0	0	0	0	0	0	0	0	0	0	0	0	0	0	0	0	0	0	0	
1	1	1	947	28.41		300	0	0	0.04735	0.04735	-0.0807013	0	0	0	276.579	276.579	2.90384e-05	0	0	0	11.9282	4.84053	0	7.0877		300	0.999429	0.032262	0.032262	-0.0645241	0	0	0	0.999429	0	-0.469668	-153.69	0	26.9754	26.9754	0	7.04502	0	0	0	0	0	0	0	0	0	0	0	0	0	0	0	0	0	0	0	0	0	0	0	0	0	0	0	0	0	0	0	0	0	
1	1	1	948	28.44		300	0	0	0.0474	0.0474	-0.0807555	0	0	0	277.485	277.485	2.90384e-05	0	0	0	11.9559	4.8681	0	7.08783		300	0.999445	0.0322626	0.0322626	-0.0645252	0	0	0	0.999445	0	-0.469668	-153.69	0	26.9754	26.9754	0	7.04502	0	0	0	0	0	0	0	0	0	0	0	0	0	0	0	0	0	0	0	0	0	0	0	0	0	0	0	0	0	0	0	0	0	
1	1	1	949	28.47		300	0	0	0.04745	0.04745	-0.0808096	0	0	0	278.392	278.392	2.90385e-05	0	0	0	11.9837	4.89576	0	7.08797		300	0.99946	0.0322632	0.0322632	-0.0645263	0	0	0	0.99946	0	-0.469668	-153.69	0	26.9754	26.9754	0	7.04502	0	0	0	0	0	0	0	0	0	0	0	0	0	0	0	0	0	0	0	0	0	0	0	0	0	0	0	0	0	0	0	0	0	
1	1	1	950	28.5		300	0	0	0.0475	0.0475	-0.0808637	0	0	0	279.299	279.299	2.90385e-05	0	0	0	12.0116	4.92352	0	7.08809		300	0.999474	0.0322637	0.0322637	-0.0645273	0	0	0	0.999474	0	-0.469668	-153.69	0	26.9754	26.9754	0	7.04502	0	0	0	0	0	0	0	0	0	0	0	0	0	0	0	0	0	0	0	0	0	0	0	0	0	0	0	0	0	0	0	0	0	
1	1	1	951	28.53		300	0	0	0.04755	0.04755	-0.0809177	0	0	0	280.207	280.207	2.90385e-05	0	0	0	12.0396	4.95137	0	7.08822		300	0.999488	0.0322642	0.0322642	-0.0645283	0	0	0	0.999488	0	-0.469668	-153.69	0	26.9754	26.9754	0	7.04502	0	0	0	0	0	0	0	0	0	0	0	0	0	0	0	0	0	0	0	0	0	0	0	0	0	0	0	0	0	0	0	0	0	
1	1	1	952	28.56		300	0	0	0.0476	0.0476	-0.0809718	0	0	0	281.115	281.115	2.90385e-05	0	0	0	12.0677	4.97932	0	7.08833		300	0.999501	0.0322646	0.0322646	-0.0645293	0	0	0	0.999501	0	-0.469668	-153.69	0	26.9754	26.9754	0	7.04502	0	0	0	0	0	0	0	0	0	0	0	0	0	0	0	0	0	0	0	0	0	0	0	0	0	0	0	0	0	0	0	0	0	
1	1	1	953	28.59		300	0	0	0.04765	0.04765	-0.0810258	0	0	0	282.023	282.023	2.90385e-05	0	0	0	12.0958	5.00736	0	7.08845		300	0.999513	0.0322651	0.0322651	-0.0645302	0	0	0	0.999513	0	-0.469668	-153.69	0	26.9754	26.9754	0	7.04502	0	0	0	0	0	0	0	0	0	0	0	0	0	0	0	0	0	0	0	0	0	0	0	0	0	0	0	0	0	0	0	0	0	
1	1	1	954	28.62		300	0	0	0.0477	0.0477	-0.0810798	0	0	0	282.932	282.932	2.90385e-05	0	0	0	12.1241	5.0355	0	7.08856		300	0.999525	0.0322655	0.0322655	-0.064531	0	0	0	0.999525	0	-0.469668	-153.69	0	26.9754	26.9754	0	7.04502	0	0	0	0	0	0	0	0	0	0	0	0	0	0	0	0	0	0	0	0	0	0	0	0	0	0	0	0	0	0	0	0	0	
1	1	1	955	28.65		300	0	0	0.04775	0.04775	-0.0811338	0	0	0	283.841	283.841	2.90385e-05	0	0	0	12.1524	5.06373	0	7.08866		300	0.999537	0.0322659	0.0322659	-0.0645318	0	0	0	0.999537	0	-0.469668	-153.69	0	26.9754	26.9754	0	7.04502	0	0	0	0	0	0	0	0	0	0	0	0	0	0	0	0	0	0	0	0	0	0	0	0	0	0	0	0	0	0	0	0	0	
1	1	1	956	28.68		300	0	0	0.0478	0.0478	-0.0811878	0	0	0	284.75	284.75	2.90385e-05	0	0	0	12.1808	5.09206	0	7.08876		300	0.999547	0.0322663	0.0322663	-0.0645326	0	0	0	0.999547	0	-0.469668	-153.69	0	26.9754	26.9754	0	7.04502	0	0	0	0	0	0	0	0	0	0	0	0	0	0	0	0	0	0	0	0	0	0	0	0	0	0	0	0	0	0	0	0	0	
1	1	1	957	28.71		300	0	0	0.04785	0.04785	-0.0812418	0	0	0	285.66	285.66	2.90385e-05	0	0	0	12.2093	5.12048	0	7.08886		300	0.999558	0.0322667	0.0322667	-0.0645334	0	0	0	0.999558	0	-0.469668	-153.69	0	26.9754	26.9754	0	7.04502	0	0	0	0	0	0	0	0	0	0	0	0	0	0	0	0	0	0	0	0	0	0	0	0	0	0	0	0	0	0	0	0	0	
1	1	1	958	28.74		300	0	0	0.0479	0.0479	-0.0812957	0	0	0	286.569	286.569	2.90385e-05	0	0	0	12.238	5.149	0	7.08895		300	0.999568	0.0322671	0.0322671	-0.0645341	0	0	0	0.999568	0	-0.469668	-153.69	0	26.9754	26.9754	0	7.04502	0	0	0	0	0	0	0	0	0	0	0	0	0	0	0	0	0	0	0	0	0	0	0	0	0	0	0	0	0	0	0	0	0	
1	1	1	959	28.77		300	0	0	0.04795	0.04795	-0.0813496	0	0	0	287.479	287.479	2.90385e-05	0	0	0	12.2667	5.17761	0	7.08905		300	0.999578	0.0322674	0.0322674	-0.0645348	0	0	0	0.999578	0	-0.469668	-153.69	0	26.9754	26.9754	0	7.04502	0	0	0	0	0	0	0	0	0	0	0	0	0	0	0	0	0	0	0	0	0	0	0	0	0	0	0	0	0	0	0	0	0	
1	1	1	960	28.8		300	0	0	0.048	0.048	-0.0814036	0	0	0	288.39	288.39	2.90385e-05	0	0	0	12.2955	5.20632	0	7.08913		300	0.999587	0.0322678	0.0322678	-0.0645355	0	0	0	0.999587	0	-0.469668	-153.69	0	26.9754	26.9754	0	7.04502	0	0	0	0	0	0	0	0	0	0	0	0	0	0	0	0	0	0	0	0	0	0	0	0	0	0	0	0	0	0	0	0	0	
1	1	1	961	28.83		300	0	0	0.04805	0.04805	-0.0814575	0	0	0	289.3	289.3	2.90385e-05	0	0	0	12.3243	5.23512	0	7.08922		300	0.999596	0.0322681	0.0322681	-0.0645362	0	0	0	0.999596	0	-0.469668	-153.69	0	26.9754	26.9754	0	7.04502	0	0	0	0	0	0	0	0	0	0	0	0	0	0	0	0	0	0	0	0	0	0	0	0	0	0	0	0	0	0	0	0	0	
1	1	1	962	28.86		300	0	0	0.0481	0.0481	-0.0815114	0	0	0	290.211	290.211	2.90385e-05	0	0	0	12.3533	5.26401	0	7.0893		300	0.999605	0.0322684	0.0322684	-0.0645368	0	0	0	0.999605	0	-0.469668	-153.69	0	26.9754	26.9754	0	7.04502	0	0	0	0	0	0	0	0	0	0	0	0	0	0	0	0	0	0	0	0	0	0	0	0	0	0	0	0	0	0	0	0	0	
1	1	1	963	28.89		300	0	0	0.04815	0.04815	-0.0815653	0	0	0	291.122	291.122	2.90385e-05	0	0	0	12.3824	5.293	0	7.08938		300	0.999613	0.0322687	0.0322687	-0.0645374	0	0	0	0.999613	0	-0.469668	-153.69	0	26.9754	26.9754	0	7.04502	0	0	0	0	0	0	0	0	0	0	0	0	0	0	0	0	0	0	0	0	0	0	0	0	0	0	0	0	0	0	0	0	0	
1	1	1	964	28.92		300	0	0	0.0482	0.0482	-0.0816191	0	0	0	292.034	292.034	2.90385e-05	0	0	0	12.4115	5.32208	0	7.08946		300	0.999621	0.032269	0.032269	-0.064538	0	0	0	0.999621	0	-0.469668	-153.69	0	26.9754	26.9754	0	7.04502	0	0	0	0	0	0	0	0	0	0	0	0	0	0	0	0	0	0	0	0	0	0	0	0	0	0	0	0	0	0	0	0	0	
1	1	1	965	28.95		300	0	0	0.04825	0.04825	-0.081673	0	0	0	292.945	292.945	2.90385e-05	0	0	0	12.4408	5.35125	0	7.08953		300	0.999629	0.0322693	0.0322693	-0.0645385	0	0	0	0.999629	0	-0.469668	-153.69	0	26.9754	26.9754	0	7.04502	0	0	0	0	0	0	0	0	0	0	0	0	0	0	0	0	0	0	0	0	0	0	0	0	0	0	0	0	0	0	0	0	0	
1	1	1	966	28.98		300	0	0	0.0483	0.0483	-0.0817269	0	0	0	293.857	293.857	2.90385e-05	0	0	0	12.4701	5.38052	0	7.08961		300	0.999636	0.0322695	0.0322695	-0.0645391	0	0	0	0.999636	0	-0.469668	-153.69	0	26.9754	26.9754	0	7.04502	0	0	0	0	0	0	0	0	0	0	0	0	0	0	0	0	0	0	0	0	0	0	0	0	0	0	0	0	0	0	0	0	0	
1	1	1	967	29.01		300	0	0	0.04835	0.04835	-0.0817807	0	0	0	294.769	294.769	2.90385e-05	0	0	0	12.4996	5.40988	0	7.08968		300	0.999644	0.0322698	0.0322698	-0.0645396	0	0	0	0.999644	0	-0.469668	-153.69	0	26.9754	26.9754	0	7.04502	0	0	0	0	0	0	0	0	0	0	0	0	0	0	0	0	0	0	0	0	0	0	0	0	0	0	0	0	0	0	0	0	0	
1	1	1	968	29.04		300	0	0	0.0484	0.0484	-0.0818346	0	0	0	295.68	295.68	2.90385e-05	0	0	0	12.5291	5.43933	0	7.08975		300	0.99965	0.03227	0.03227	-0.0645401	0	0	0	0.99965	0	-0.469668	-153.69	0	26.9754	26.9754	0	7.04502	0	0	0	0	0	0	0	0	0	0	0	0	0	0	0	0	0	0	0	0	0	0	0	0	0	0	0	0	0	0	0	0	0	
1	1	1	969	29.07		300	0	0	0.04845	0.04845	-0.0818884	0	0	0	296.593	296.593	2.90385e-05	0	0	0	12.5587	5.46888	0	7.08981		300	0.999657	0.0322703	0.0322703	-0.0645406	0	0	0	0.999657	0	-0.469668	-153.69	0	26.9754	26.9754	0	7.04502	0	0	0	0	0	0	0	0	0	0	0	0	0	0	0	0	0	0	0	0	0	0	0	0	0	0	0	0	0	0	0	0	0	
1	1	1	970	29.1		300	0	0	0.0485	0.0485	-0.0819422	0	0	0	297.505	297.505	2.90386e-05	0	0	0	12.5884	5.49852	0	7.08988		300	0.999664	0.0322705	0.0322705	-0.064541	0	0	0	0.999664	0	-0.469668	-153.69	0	26.9754	26.9754	0	7.04502	0	0	0	0	0	0	0	0	0	0	0	0	0	0	0	0	0	0	0	0	0	0	0	0	0	0	0	0	0	0	0	0	0	
1	1	1	971	29.13		300	0	0	0.04855	0.04855	-0.081996	0	0	0	298.417	298.417	2.90386e-05	0	0	0	12.6182	5.52825	0	7.08994		300	0.99967	0.0322707	0.0322707	-0.0645415	0	0	0	0.99967	0	-0.469668	-153.69	0	26.9754	26.9754	0	7.04502	0	0	0	0	0	0	0	0	0	0	0	0	0	0	0	0	0	0	0	0	0	0	0	0	0	0	0	0	0	0	0	0	0	
1	1	1	972	29.16		300	0	0	0.0486	0.0486	-0.0820499	0	0	0	299.33	299.33	2.90386e-05	0	0	0	12.6481	5.55808	0	7.09		300	0.999676	0.032271	0.032271	-0.0645419	0	0	0	0.999676	0	-0.469668	-153.69	0	26.9754	26.9754	0	7.04502	0	0	0	0	0	0	0	0	0	0	0	0	0	0	0	0	0	0	0	0	0	0	0	0	0	0	0	0	0	0	0	0	0	
1	1	1	973	29.19		300	0	0	0.04865	0.04865	-0.0821037	0	0	0	300.243	300.243	2.90386e-05	0	0	0	12.6781	5.588	0	7.09006		300	0.999682	0.0322712	0.0322712	-0.0645423	0	0	0	0.999682	0	-0.469668	-153.69	0	26.9754	26.9754	0	7.04502	0	0	0	0	0	0	0	0	0	0	0	0	0	0	0	0	0	0	0	0	0	0	0	0	0	0	0	0	0	0	0	0	0	
1	1	1	974	29.22		300	0	0	0.0487	0.0487	-0.0821575	0	0	0	301.155	301.155	2.90386e-05	0	0	0	12.7081	5.61801	0	7.09012		300	0.999687	0.0322714	0.0322714	-0.0645427	0	0	0	0.999687	0	-0.469668	-153.69	0	26.9754	26.9754	0	7.04502	0	0	0	0	0	0	0	0	0	0	0	0	0	0	0	0	0	0	0	0	0	0	0	0	0	0	0	0	0	0	0	0	0	
1	1	1	975	29.25		300	0	0	0.04875	0.04875	-0.0822113	0	0	0	302.068	302.068	2.90386e-05	0	0	0	12.7383	5.64812	0	7.09017		300	0.999693	0.0322716	0.0322716	-0.0645431	0	0	0	0.999693	0	-0.469668	-153.69	0	26.9754	26.9754	0	7.04502	0	0	0	0	0	0	0	0	0	0	0	0	0	0	0	0	0	0	0	0	0	0	0	0	0	0	0	0	0	0	0	0	0	
1	1	1	976	29.28		300	0	0	0.0488	0.0488	-0.082265	0	0	0	302.981	302.981	2.90386e-05	0	0	0	12.7685	5.67831	0	7.09023		300	0.999698	0.0322718	0.0322718	-0.0645435	0	0	0	0.999698	0	-0.469668	-153.69	0	26.9754	26.9754	0	7.04502	0	0	0	0	0	0	0	0	0	0	0	0	0	0	0	0	0	0	0	0	0	0	0	0	0	0	0	0	0	0	0	0	0	
1	1	1	977	29.31		300	0	0	0.04885	0.04885	-0.0823188	0	0	0	303.895	303.895	2.90386e-05	0	0	0	12.7989	5.7086	0	7.09028		300	0.999703	0.0322719	0.0322719	-0.0645439	0	0	0	0.999703	0	-0.469668	-153.69	0	26.9754	26.9754	0	7.04502	0	0	0	0	0	0	0	0	0	0	0	0	0	0	0	0	0	0	0	0	0	0	0	0	0	0	0	0	0	0	0	0	0	
1	1	1	978	29.34		300	0	0	0.0489	0.0489	-0.0823726	0	0	0	304.808	304.808	2.90386e-05	0	0	0	12.8293	5.73899	0	7.09033		300	0.999708	0.0322721	0.0322721	-0.0645442	0	0	0	0.999708	0	-0.469668	-153.69	0	26.9754	26.9754	0	7.04502	0	0	0	0	0	0	0	0	0	0	0	0	0	0	0	0	0	0	0	0	0	0	0	0	0	0	0	0	0	0	0	0	0	
1	1	1	979	29.37		300	0	0	0.04895	0.04895	-0.0824264	0	0	0	305.721	305.721	2.90386e-05	0	0	0	12.8598	5.76946	0	7.09038		300	0.999713	0.0322723	0.0322723	-0.0645446	0	0	0	0.999713	0	-0.469668	-153.69	0	26.9754	26.9754	0	7.04502	0	0	0	0	0	0	0	0	0	0	0	0	0	0	0	0	0	0	0	0	0	0	0	0	0	0	0	0	0	0	0	0	0	
1	1	1	980	29.4		300	0	0	0.049	0.049	-0.0824801	0	0	0	306.635	306.635	2.90386e-05	0	0	0	12.8905	5.80003	0	7.09043		300	0.999718	0.0322725	0.0322725	-0.0645449	0	0	0	0.999718	0	-0.469668	-153.69	0	26.9754	26.9754	0	7.04502	0	0	0	0	0	0	0	0	0	0	0	0	0	0	0	0	0	0	0	0	0	0	0	0	0	0	0	0	0	0	0	0	0	
1	1	1	981	29.43		300	0	0	0.04905	0.04905	-0.0825339	0	0	0	307.548	307.548	2.90386e-05	0	0	0	12.9212	5.83069	0	7.09048		300	0.999722	0.0322726	0.0322726	-0.0645453	0	0	0	0.999722	0	-0.469668	-153.69	0	26.9754	26.9754	0	7.04502	0	0	0	0	0	0	0	0	0	0	0	0	0	0	0	0	0	0	0	0	0	0	0	0	0	0	0	0	0	0	0	0	0	
1	1	1	982	29.46		300	0	0	0.0491	0.0491	-0.0825877	0	0	0	308.462	308.462	2.90386e-05	0	0	0	12.952	5.86145	0	7.09053		300	0.999727	0.0322728	0.0322728	-0.0645456	0	0	0	0.999727	0	-0.469668	-153.69	0	26.9754	26.9754	0	7.04502	0	0	0	0	0	0	0	0	0	0	0	0	0	0	0	0	0	0	0	0	0	0	0	0	0	0	0	0	0	0	0	0	0	
1	1	1	983	29.49		300	0	0	0.04915	0.04915	-0.0826414	0	0	0	309.376	309.376	2.90386e-05	0	0	0	12.9829	5.89229	0	7.09057		300	0.999731	0.0322729	0.0322729	-0.0645459	0	0	0	0.999731	0	-0.469668	-153.69	0	26.9754	26.9754	0	7.04502	0	0	0	0	0	0	0	0	0	0	0	0	0	0	0	0	0	0	0	0	0	0	0	0	0	0	0	0	0	0	0	0	0	
1	1	1	984	29.52		300	0	0	0.0492	0.0492	-0.0826952	0	0	0	310.289	310.289	2.90386e-05	0	0	0	13.0139	5.92323	0	7.09062		300	0.999735	0.0322731	0.0322731	-0.0645462	0	0	0	0.999735	0	-0.469668	-153.69	0	26.9754	26.9754	0	7.04502	0	0	0	0	0	0	0	0	0	0	0	0	0	0	0	0	0	0	0	0	0	0	0	0	0	0	0	0	0	0	0	0	0	
1	1	1	985	29.55		300	0	0	0.04925	0.04925	-0.0827489	0	0	0	311.203	311.203	2.90386e-05	0	0	0	13.0449	5.95426	0	7.09066		300	0.999739	0.0322732	0.0322732	-0.0645465	0	0	0	0.999739	0	-0.469668	-153.69	0	26.9754	26.9754	0	7.04502	0	0	0	0	0	0	0	0	0	0	0	0	0	0	0	0	0	0	0	0	0	0	0	0	0	0	0	0	0	0	0	0	0	
1	1	1	986	29.58		300	0	0	0.0493	0.0493	-0.0828026	0	0	0	312.117	312.117	2.90386e-05	0	0	0	13.0761	5.98538	0	7.09071		300	0.999743	0.0322734	0.0322734	-0.0645468	0	0	0	0.999743	0	-0.469668	-153.69	0	26.9754	26.9754	0	7.04502	0	0	0	0	0	0	0	0	0	0	0	0	0	0	0	0	0	0	0	0	0	0	0	0	0	0	0	0	0	0	0	0	0	
1	1	1	987	29.61		300	0	0	0.04935	0.04935	-0.0828564	0	0	0	313.031	313.031	2.90386e-05	0	0	0	13.1073	6.0166	0	7.09075		300	0.999747	0.0322735	0.0322735	-0.064547	0	0	0	0.999747	0	-0.469668	-153.69	0	26.9754	26.9754	0	7.04502	0	0	0	0	0	0	0	0	0	0	0	0	0	0	0	0	0	0	0	0	0	0	0	0	0	0	0	0	0	0	0	0	0	
1	1	1	988	29.64		300	0	0	0.0494	0.0494	-0.0829101	0	0	0	313.945	313.945	2.90386e-05	0	0	0	13.1387	6.04791	0	7.09079		300	0.999751	0.0322737	0.0322737	-0.0645473	0	0	0	0.999751	0	-0.469668	-153.69	0	26.9754	26.9754	0	7.04502	0	0	0	0	0	0	0	0	0	0	0	0	0	0	0	0	0	0	0	0	0	0	0	0	0	0	0	0	0	0	0	0	0	
1	1	1	989	29.67		300	0	0	0.04945	0.04945	-0.0829638	0	0	0	314.859	314.859	2.90386e-05	0	0	0	13.1701	6.07931	0	7.09083		300	0.999754	0.0322738	0.0322738	-0.0645476	0	0	0	0.999754	0	-0.469668	-153.69	0	26.9754	26.9754	0	7.04502	0	0	0	0	0	0	0	0	0	0	0	0	0	0	0	0	0	0	0	0	0	0	0	0	0	0	0	0	0	0	0	0	0	
1	1	1	990	29.7		300	0	0	0.0495	0.0495	-0.0830176	0	0	0	315.774	315.774	2.90386e-05	0	0	0	13.2017	6.1108	0	7.09087		300	0.999758	0.0322739	0.0322739	-0.0645478	0	0	0	0.999758	0	-0.469668	-153.69	0	26.9754	26.9754	0	7.04502	0	0	0	0	0	0	0	0	0	0	0	0	0	0	0	0	0	0	0	0	0	0	0	0	0	0	0	0	0	0	0	0	0	
1	1	1	991	29.73		300	0	0	0.04955	0.04955	-0.0830713	0	0	0	316.688	316.688	2.90386e-05	0	0	0	13.2333	6.14239	0	7.09091		300	0.999761	0.032274	0.032274	-0.0645481	0	0	0	0.999761	0	-0.469668	-153.69	0	26.9754	26.9754	0	7.04502	0	0	0	0	0	0	0	0	0	0	0	0	0	0	0	0	0	0	0	0	0	0	0	0	0	0	0	0	0	0	0	0	0	
1	1	1	992	29.76		300	0	0	0.0496	0.0496	-0.083125	0	0	0	317.602	317.602	2.90386e-05	0	0	0	13.265	6.17406	0	7.09094		300	0.999765	0.0322742	0.0322742	-0.0645483	0	0	0	0.999765	0	-0.469668	-153.69	0	26.9754	26.9754	0	7.04502	0	0	0	0	0	0	0	0	0	0	0	0	0	0	0	0	0	0	0	0	0	0	0	0	0	0	0	0	0	0	0	0	0	
1	1	1	993	29.79		300	0	0	0.04965	0.04965	-0.0831787	0	0	0	318.517	318.517	2.90386e-05	0	0	0	13.2968	6.20583	0	7.09098		300	0.999768	0.0322743	0.0322743	-0.0645485	0	0	0	0.999768	0	-0.469668	-153.69	0	26.9754	26.9754	0	7.04502	0	0	0	0	0	0	0	0	0	0	0	0	0	0	0	0	0	0	0	0	0	0	0	0	0	0	0	0	0	0	0	0	0	
1	1	1	994	29.82		300	0	0	0.0497	0.0497	-0.0832325	0	0	0	319.431	319.431	2.90386e-05	0	0	0	13.3287	6.23769	0	7.09102		300	0.999771	0.0322744	0.0322744	-0.0645488	0	0	0	0.999771	0	-0.469668	-153.69	0	26.9754	26.9754	0	7.04502	0	0	0	0	0	0	0	0	0	0	0	0	0	0	0	0	0	0	0	0	0	0	0	0	0	0	0	0	0	0	0	0	0	
1	1	1	995	29.85		300	0	0	0.04975	0.04975	-0.0832862	0	0	0	320.346	320.346	2.90386e-05	0	0	0	13.3607	6.26965	0	7.09105		300	0.999774	0.0322745	0.0322745	-0.064549	0	0	0	0.999774	0	-0.469668	-153.69	0	26.9754	26.9754	0	7.04502	0	0	0	0	0	0	0	0	0	0	0	0	0	0	0	0	0	0	0	0	0	0	0	0	0	0	0	0	0	0	0	0	0	
1	1	1	996	29.88		300	0	0	0.0498	0.0498	-0.0833399	0	0	0	321.26	321.26	2.90386e-05	0	0	0	13.3928	6.30169	0	7.09109		300	0.999777	0.0322746	0.0322746	-0.0645492	0	0	0	0.999777	0	-0.469668	-153.69	0	26.9754	26.9754	0	7.04502	0	0	0	0	0	0	0	0	0	0	0	0	0	0	0	0	0	0	0	0	0	0	0	0	0	0	0	0	0	0	0	0	0	
1	1	1	997	29.91		300	0	0	0.04985	0.04985	-0.0833936	0	0	0	322.175	322.175	2.90386e-05	0	0	0	13.425	6.33383	0	7.09112		300	0.99978	0.0322747	0.0322747	-0.0645494	0	0	0	0.99978	0	-0.469668	-153.69	0	26.9754	26.9754	0	7.04502	0	0	0	0	0	0	0	0	0	0	0	0	0	0	0	0	0	0	0	0	0	0	0	0	0	0	0	0	0	0	0	0	0	
1	1	1	998	29.94		300	0	0	0.0499	0.0499	-0.0834473	0	0	0	323.09	323.09	2.90386e-05	0	0	0	13.4572	6.36606	0	7.09115		300	0.999783	0.0322748	0.0322748	-0.0645496	0	0	0	0.999783	0	-0.469668	-153.69	0	26.9754	26.9754	0	7.04502	0	0	0	0	0	0	0	0	0	0	0	0	0	0	0	0	0	0	0	0	0	0	0	0	0	0	0	0	0	0	0	0	0	
1	1	1	999	29.97		300	0	0	0.04995	0.04995	-0.083501	0	0	0	324.004	324.004	2.90386e-05	0	0	0	13.4896	6.39838	0	7.09119		300	0.999786	0.0322749	0.0322749	-0.0645498	0	0	0	0.999786	0	-0.469668	-153.69	0	26.9754	26.9754	0	7.04502	0	0	0	0	0	0	0	0	0	0	0	0	0	0	0	0	0	0	0	0	0	0	0	0	0	0	0	0	0	0	0	0	0	
1	1	1	1000	30		300	0	0	0.05	0.05	-0.0835547	0	0	0	324.919	324.919	2.90386e-05	0	0	0	13.522	6.4308	0	7.09122		300	0.999788	0.032275	0.032275	-0.06455	0	0	0	0.999788	0	-0.469668	-153.69	0	26.9754	26.9754	0	7.04502	0	0	0	0	0	0	0	0	0	0	0	0	0	0	0	0	0	0	0	0	0	0	0	0	0	0	0	0	0	0	0	0	0	
