1	1	1	1	0.03		300	0	0	-5e-05	-5e-05	5.36098e-05	0	0	0	-5.18725	-5.18725	-2.894e-17	0	0	0	0.000259363	0.000259363	0	0		300	1e-09	0	0	0	0	0	0	1e-09	0	-0.418	-118.594	0	24.0078	24.0078	6.21725e-15	6.27	0	0	0	0	0	0	0	0	0	0	0	0	0	0	0	0	0	0	0	0	0	0	0	0	0	0	0	0	0	0	0	0	0	
1	1	1	2	0.06		300	0	0	-0.0001	-0.0001	0.00010722	0	0	0	-10.3745	-10.3745	-5.78799e-17	0	0	0	0.00103745	0.00103745	0	0		300	1e-09	0	0	0	0	0	0	1e-09	0	-0.418	-118.594	0	24.0078	24.0078	6.21725e-15	6.27	0	0	0	0	0	0	0	0	0	0	0	0	0	0	0	0	0	0	0	0	0	0	0	0	0	0	0	0	0	0	0	0	0	
1	1	1	3	0.09		300	0	0	-0.00015	-0.00015	0.000160829	0	0	0	-15.5618	-15.5618	-1.70631e-15	0	0	0	0.00233426	0.00233426	0	0		300	1e-09	0	0	0	0	0	0	1e-09	0	-0.418	-118.594	0	24.0078	24.0078	6.21725e-15	6.27	0	0	0	0	0	0	0	0	0	0	0	0	0	0	0	0	0	0	0	0	0	0	0	0	0	0	0	0	0	0	0	0	0	
1	1	1	4	0.12		300	0	0	-0.0002	-0.0002	0.000214439	0	0	0	-20.749	-20.749	-1.1576e-16	0	0	0	0.0041498	0.0041498	0	0		300	1e-09	0	0	0	0	0	0	1e-09	0	-0.418	-118.594	0	24.0078	24.0078	6.21725e-15	6.27	0	0	0	0	0	0	0	0	0	0	0	0	0	0	0	0	0	0	0	0	0	0	0	0	0	0	0	0	0	0	0	0	0	
1	1	1	5	0.15		300	0	0	-0.00025	-0.00025	0.000268049	0	0	0	-25.9363	-25.9363	5.0275e-15	0	0	0	0.00648406	0.00648406	0	0		300	1e-09	0	0	0	0	0	0	1e-09	0	-0.418	-118.594	0	24.0078	24.0078	6.21725e-15	6.27	0	0	0	0	0	0	0	0	0	0	0	0	0	0	0	0	0	0	0	0	0	0	0	0	0	0	0	0	0	0	0	0	0	
1	1	1	6	0.18		300	0	0	-0.0003	-0.0003	0.000321659	0	0	0	-31.1235	-31.1235	-3.41261e-15	0	0	0	0.00933705	0.00933705	0	0		300	1e-09	0	0	0	0	0	0	1e-09	0	-0.418	-118.594	0	24.0078	24.0078	6.21725e-15	6.27	0	0	0	0	0	0	0	0	0	0	0	0	0	0	0	0	0	0	0	0	0	0	0	0	0	0	0	0	0	0	0	0	0	
1	1	1	7	0.21		300	0	0	-0.00035	-0.00035	0.000375269	0	0	0	-36.3108	-36.3108	-8.30001e-15	0	0	0	0.0127088	0.0127088	0	0		300	1e-09	0	0	0	0	0	0	1e-09	0	-0.418	-118.594	0	24.0078	24.0078	6.21725e-15	6.27	0	0	0	0	0	0	0	0	0	0	0	0	0	0	0	0	0	0	0	0	0	0	0	0	0	0	0	0	0	0	0	0	0	
1	1	1	8	0.24		300	0	0	-0.0004	-0.0004	0.000428879	0	0	0	-41.498	-41.498	-6.08199e-15	0	0	0	0.0165992	0.0165992	0	0		300	1e-09	0	0	0	0	0	0	1e-09	0	-0.418	-118.594	0	24.0078	24.0078	6.21725e-15	6.27	0	0	0	0	0	0	0	0	0	0	0	0	0	0	0	0	0	0	0	0	0	0	0	0	0	0	0	0	0	0	0	0	0	
1	1	1	9	0.27		300	0	0	-0.00045	-0.00045	0.000482488	0	0	0	-46.6853	-46.6853	-1.09694e-14	0	0	0	0.0210084	0.0210084	0	0		300	1e-09	0	0	0	0	0	0	1e-09	0	-0.418	-118.594	0	24.0078	24.0078	6.21725e-15	6.27	0	0	0	0	0	0	0	0	0	0	0	0	0	0	0	0	0	0	0	0	0	0	0	0	0	0	0	0	0	0	0	0	0	
1	1	1	10	0.3		300	0	0	-0.0005	-0.0005	0.000536098	0	0	0	-51.8725	-51.8725	-1.58568e-14	0	0	0	0.0259363	0.0259363	0	0		300	1e-09	0	0	0	0	0	0	1e-09	0	-0.418	-118.594	0	24.0078	24.0078	6.21725e-15	6.27	0	0	0	0	0	0	0	0	0	0	0	0	0	0	0	0	0	0	0	0	0	0	0	0	0	0	0	0	0	0	0	0	0	
1	1	1	11	0.33		300	0	0	-0.00055	-0.00055	0.000589708	0	0	0	-57.0598	-57.0598	-2.07442e-14	0	0	0	0.0313829	0.0313829	0	0		300	1e-09	0	0	0	0	0	0	1e-09	0	-0.418	-118.594	0	24.0078	24.0078	6.21725e-15	6.27	0	0	0	0	0	0	0	0	0	0	0	0	0	0	0	0	0	0	0	0	0	0	0	0	0	0	0	0	0	0	0	0	0	
1	1	1	12	0.36		300	0	0	-0.0006	-0.0006	0.000643318	0	0	0	-62.247	-62.247	-3.2737e-14	0	0	0	0.0373482	0.0373482	0	0		300	1e-09	0	0	0	0	0	0	1e-09	0	-0.418	-118.594	0	24.0078	24.0078	6.21725e-15	6.27	0	0	0	0	0	0	0	0	0	0	0	0	0	0	0	0	0	0	0	0	0	0	0	0	0	0	0	0	0	0	0	0	0	
1	1	1	13	0.39		300	0	0	-0.00065	-0.00065	0.000696928	0	0	0	-67.4343	-67.4343	-3.0519e-14	0	0	0	0.0438323	0.0438323	0	0		300	1e-09	0	0	0	0	0	0	1e-09	0	-0.418	-118.594	0	24.0078	24.0078	6.21725e-15	6.27	0	0	0	0	0	0	0	0	0	0	0	0	0	0	0	0	0	0	0	0	0	0	0	0	0	0	0	0	0	0	0	0	0	
1	1	1	14	0.42		300	0	0	-0.0007	-0.0007	0.000750538	0	0	0	-72.6215	-72.6215	-2.8301e-14	0	0	0	0.0508351	0.0508351	0	0		300	1e-09	0	0	0	0	0	0	1e-09	0	-0.418	-118.594	0	24.0078	24.0078	6.21725e-15	6.27	0	0	0	0	0	0	0	0	0	0	0	0	0	0	0	0	0	0	0	0	0	0	0	0	0	0	0	0	0	0	0	0	0	
1	1	1	15	0.45		300	0	0	-0.00075	-0.00075	0.000804147	0	0	0	-77.8088	-77.8088	-4.02938e-14	0	0	0	0.0583566	0.0583566	0	0		300	1e-09	0	0	0	0	0	0	1e-09	0	-0.418	-118.594	0	24.0078	24.0078	6.21725e-15	6.27	0	0	0	0	0	0	0	0	0	0	0	0	0	0	0	0	0	0	0	0	0	0	0	0	0	0	0	0	0	0	0	0	0	
1	1	1	16	0.48		300	0	0	-0.0008	-0.0008	0.000857757	0	0	0	-82.996	-82.996	-3.80758e-14	0	0	0	0.0663968	0.0663968	0	0		300	1e-09	0	0	0	0	0	0	1e-09	0	-0.418	-118.594	0	24.0078	24.0078	6.21725e-15	6.27	0	0	0	0	0	0	0	0	0	0	0	0	0	0	0	0	0	0	0	0	0	0	0	0	0	0	0	0	0	0	0	0	0	
1	1	1	17	0.51		300	0	0	-0.00085	-0.00085	0.000911367	0	0	0	-88.1833	-88.1833	-5.00686e-14	0	0	0	0.0749558	0.0749558	0	0		300	1e-09	0	0	0	0	0	0	1e-09	0	-0.418	-118.594	0	24.0078	24.0078	6.21725e-15	6.27	0	0	0	0	0	0	0	0	0	0	0	0	0	0	0	0	0	0	0	0	0	0	0	0	0	0	0	0	0	0	0	0	0	
1	1	1	18	0.54		300	0	0	-0.0009	-0.0009	0.000964977	0	0	0	-93.3705	-93.3705	-4.78506e-14	0	0	0	0.0840335	0.0840335	0	0		300	1e-09	0	0	0	0	0	0	1e-09	0	-0.418	-118.594	0	24.0078	24.0078	6.21725e-15	6.27	0	0	0	0	0	0	0	0	0	0	0	0	0	0	0	0	0	0	0	0	0	0	0	0	0	0	0	0	0	0	0	0	0	
1	1	1	19	0.57		300	0	0	-0.00095	-0.00095	0.00101859	0	0	0	-98.5578	-98.5578	-4.81425e-14	0	0	0	0.0936299	0.0936299	0	0		300	1e-09	0	0	0	0	0	0	1e-09	0	-0.418	-118.594	0	24.0078	24.0078	6.21725e-15	6.27	0	0	0	0	0	0	0	0	0	0	0	0	0	0	0	0	0	0	0	0	0	0	0	0	0	0	0	0	0	0	0	0	0	
1	1	1	20	0.6		300	0	0	-0.001	-0.001	0.0010722	0	0	0	-103.745	-103.745	-3.17136e-14	0	0	0	0.103745	0.103745	0	0		300	1e-09	0	0	0	0	0	0	1e-09	0	-0.418	-118.594	0	24.0078	24.0078	6.21725e-15	6.27	0	0	0	0	0	0	0	0	0	0	0	0	0	0	0	0	0	0	0	0	0	0	0	0	0	0	0	0	0	0	0	0	0	
1	1	1	21	0.63		300	0	0	-0.00105	-0.00105	0.00112581	0	0	0	-108.932	-108.932	-2.94955e-14	0	0	0	0.114379	0.114379	0	0		300	1e-09	0	0	0	0	0	0	1e-09	0	-0.418	-118.594	0	24.0078	24.0078	6.21725e-15	6.27	0	0	0	0	0	0	0	0	0	0	0	0	0	0	0	0	0	0	0	0	0	0	0	0	0	0	0	0	0	0	0	0	0	
1	1	1	22	0.66		300	0	0	-0.0011	-0.0011	0.00117942	0	0	0	-114.12	-114.12	-1.30667e-14	0	0	0	0.125531	0.125531	0	0		300	1e-09	0	0	0	0	0	0	1e-09	0	-0.418	-118.594	0	24.0078	24.0078	6.21725e-15	6.27	0	0	0	0	0	0	0	0	0	0	0	0	0	0	0	0	0	0	0	0	0	0	0	0	0	0	0	0	0	0	0	0	0	
1	1	1	23	0.69		300	0	0	-0.00115	-0.00115	0.00123303	0	0	0	-119.307	-119.307	-1.08486e-14	0	0	0	0.137203	0.137203	0	0		300	1e-09	0	0	0	0	0	0	1e-09	0	-0.418	-118.594	0	24.0078	24.0078	6.21725e-15	6.27	0	0	0	0	0	0	0	0	0	0	0	0	0	0	0	0	0	0	0	0	0	0	0	0	0	0	0	0	0	0	0	0	0	
1	1	1	24	0.72		300	0	0	-0.0012	-0.0012	0.00128664	0	0	0	-124.494	-124.494	-8.63061e-15	0	0	0	0.149393	0.149393	0	0		300	1e-09	0	0	0	0	0	0	1e-09	0	-0.418	-118.594	0	24.0078	24.0078	6.21725e-15	6.27	0	0	0	0	0	0	0	0	0	0	0	0	0	0	0	0	0	0	0	0	0	0	0	0	0	0	0	0	0	0	0	0	0	
1	1	1	25	0.75		300	0	0	-0.00125	-0.00125	0.00134025	0	0	0	-129.681	-129.681	-6.41259e-15	0	0	0	0.162102	0.162102	0	0		300	1e-09	0	0	0	0	0	0	1e-09	0	-0.418	-118.594	0	24.0078	24.0078	6.21725e-15	6.27	0	0	0	0	0	0	0	0	0	0	0	0	0	0	0	0	0	0	0	0	0	0	0	0	0	0	0	0	0	0	0	0	0	
1	1	1	26	0.78		300	0	0	-0.0013	-0.0013	0.00139386	0	0	0	-134.869	-134.869	2.42271e-14	0	0	0	0.175329	0.175329	0	0		300	1e-09	0	0	0	0	0	0	1e-09	0	-0.418	-118.594	0	24.0078	24.0078	6.21725e-15	6.27	0	0	0	0	0	0	0	0	0	0	0	0	0	0	0	0	0	0	0	0	0	0	0	0	0	0	0	0	0	0	0	0	0	
1	1	1	27	0.81		300	0	0	-0.00135	-0.00135	0.00144747	0	0	0	-140.056	-140.056	2.64452e-14	0	0	0	0.189075	0.189075	0	0		300	1e-09	0	0	0	0	0	0	1e-09	0	-0.418	-118.594	0	24.0078	24.0078	6.21725e-15	6.27	0	0	0	0	0	0	0	0	0	0	0	0	0	0	0	0	0	0	0	0	0	0	0	0	0	0	0	0	0	0	0	0	0	
1	1	1	28	0.84		300	0	0	-0.0014	-0.0014	0.00150108	0	0	0	-145.243	-145.243	2.86632e-14	0	0	0	0.20334	0.20334	0	0		300	1e-09	0	0	0	0	0	0	1e-09	0	-0.418	-118.594	0	24.0078	24.0078	6.21725e-15	6.27	0	0	0	0	0	0	0	0	0	0	0	0	0	0	0	0	0	0	0	0	0	0	0	0	0	0	0	0	0	0	0	0	0	
1	1	1	29	0.87		300	0	0	-0.00145	-0.00145	0.00155469	0	0	0	-150.43	-150.43	3.08812e-14	0	0	0	0.218124	0.218124	0	0		300	1e-09	0	0	0	0	0	0	1e-09	0	-0.418	-118.594	0	24.0078	24.0078	6.21725e-15	6.27	0	0	0	0	0	0	0	0	0	0	0	0	0	0	0	0	0	0	0	0	0	0	0	0	0	0	0	0	0	0	0	0	0	
1	1	1	30	0.9		300	0	0	-0.0015	-0.0015	0.00160829	0	0	0	-155.618	-155.618	6.1521e-14	0	0	0	0.233426	0.233426	0	0		300	1e-09	0	0	0	0	0	0	1e-09	0	-0.418	-118.594	0	24.0078	24.0078	6.21725e-15	6.27	0	0	0	0	0	0	0	0	0	0	0	0	0	0	0	0	0	0	0	0	0	0	0	0	0	0	0	0	0	0	0	0	0	
1	1	1	31	0.93		300	0	0	-0.00155	-0.00155	0.0016619	0	0	0	-160.805	-160.805	6.3739e-14	0	0	0	0.249247	0.249247	0	0		300	1e-09	0	0	0	0	0	0	1e-09	0	-0.418	-118.594	0	24.0078	24.0078	6.21725e-15	6.27	0	0	0	0	0	0	0	0	0	0	0	0	0	0	0	0	0	0	0	0	0	0	0	0	0	0	0	0	0	0	0	0	0	
1	1	1	32	0.96		300	0	0	-0.0016	-0.0016	0.00171551	0	0	0	-165.992	-165.992	6.5957e-14	0	0	0	0.265587	0.265587	0	0		300	1e-09	0	0	0	0	0	0	1e-09	0	-0.418	-118.594	0	24.0078	24.0078	6.21725e-15	6.27	0	0	0	0	0	0	0	0	0	0	0	0	0	0	0	0	0	0	0	0	0	0	0	0	0	0	0	0	0	0	0	0	0	
1	1	1	33	0.99		300	0	0	-0.00165	-0.00165	0.00176912	0	0	0	-171.179	-171.179	6.8175e-14	0	0	0	0.282446	0.282446	0	0		300	1e-09	0	0	0	0	0	0	1e-09	0	-0.418	-118.594	0	24.0078	24.0078	6.21725e-15	6.27	0	0	0	0	0	0	0	0	0	0	0	0	0	0	0	0	0	0	0	0	0	0	0	0	0	0	0	0	0	0	0	0	0	
1	1	1	34	1.02		300	0	0	-0.0017	-0.0017	0.00182273	0	0	0	-176.367	-176.367	7.03931e-14	0	0	0	0.299823	0.299823	0	0		300	1e-09	0	0	0	0	0	0	1e-09	0	-0.418	-118.594	0	24.0078	24.0078	6.21725e-15	6.27	0	0	0	0	0	0	0	0	0	0	0	0	0	0	0	0	0	0	0	0	0	0	0	0	0	0	0	0	0	0	0	0	0	
1	1	1	35	1.05		300	0	0	-0.00175	-0.00175	0.00187634	0	0	0	-181.554	-181.554	1.01033e-13	0	0	0	0.317719	0.317719	0	0		300	1e-09	0	0	0	0	0	0	1e-09	0	-0.418	-118.594	0	24.0078	24.0078	6.21725e-15	6.27	0	0	0	0	0	0	0	0	0	0	0	0	0	0	0	0	0	0	0	0	0	0	0	0	0	0	0	0	0	0	0	0	0	
1	1	1	36	1.08		300	0	0	-0.0018	-0.0018	0.00192995	0	0	0	-186.741	-186.741	1.03251e-13	0	0	0	0.336134	0.336134	0	0		300	1e-09	0	0	0	0	0	0	1e-09	0	-0.418	-118.594	0	24.0078	24.0078	6.21725e-15	6.27	0	0	0	0	0	0	0	0	0	0	0	0	0	0	0	0	0	0	0	0	0	0	0	0	0	0	0	0	0	0	0	0	0	
1	1	1	37	1.11		300	0	0	-0.00185	-0.00185	0.00198356	0	0	0	-191.928	-191.928	1.05469e-13	0	0	0	0.355067	0.355067	0	0		300	1e-09	0	0	0	0	0	0	1e-09	0	-0.418	-118.594	0	24.0078	24.0078	6.21725e-15	6.27	0	0	0	0	0	0	0	0	0	0	0	0	0	0	0	0	0	0	0	0	0	0	0	0	0	0	0	0	0	0	0	0	0	
1	1	1	38	1.14		300	0	0	-0.0019	-0.0019	0.00203717	0	0	0	-197.116	-197.116	1.31089e-13	0	0	0	0.374519	0.374519	0	0		300	1e-09	0	0	0	0	0	0	1e-09	0	-0.418	-118.594	0	24.0078	24.0078	6.21725e-15	6.27	0	0	0	0	0	0	0	0	0	0	0	0	0	0	0	0	0	0	0	0	0	0	0	0	0	0	0	0	0	0	0	0	0	
1	1	1	39	1.17		300	0	0	-0.00195	-0.00195	0.00209078	0	0	0	-202.303	-202.303	1.56709e-13	0	0	0	0.39449	0.39449	0	0		300	1e-09	0	0	0	0	0	0	1e-09	0	-0.418	-118.594	0	24.0078	24.0078	6.21725e-15	6.27	0	0	0	0	0	0	0	0	0	0	0	0	0	0	0	0	0	0	0	0	0	0	0	0	0	0	0	0	0	0	0	0	0	
1	1	1	40	1.2		300	0	0	-0.002	-0.002	0.00214439	0	0	0	-207.49	-207.49	1.82329e-13	0	0	0	0.41498	0.41498	0	0		300	1e-09	0	0	0	0	0	0	1e-09	0	-0.418	-118.594	0	24.0078	24.0078	6.21725e-15	6.27	0	0	0	0	0	0	0	0	0	0	0	0	0	0	0	0	0	0	0	0	0	0	0	0	0	0	0	0	0	0	0	0	0	
1	1	1	41	1.23		300	0	0	-0.00205	-0.00205	0.002198	0	0	0	-212.677	-212.677	1.79527e-13	0	0	0	0.435988	0.435988	0	0		300	1e-09	0	0	0	0	0	0	1e-09	0	-0.418	-118.594	0	24.0078	24.0078	6.21725e-15	6.27	0	0	0	0	0	0	0	0	0	0	0	0	0	0	0	0	0	0	0	0	0	0	0	0	0	0	0	0	0	0	0	0	0	
1	1	1	42	1.26		300	0	0	-0.0021	-0.0021	0.00225161	0	0	0	-217.865	-217.865	1.76725e-13	0	0	0	0.457515	0.457515	0	0		300	1e-09	0	0	0	0	0	0	1e-09	0	-0.418	-118.594	0	24.0078	24.0078	6.21725e-15	6.27	0	0	0	0	0	0	0	0	0	0	0	0	0	0	0	0	0	0	0	0	0	0	0	0	0	0	0	0	0	0	0	0	0	
1	1	1	43	1.29		300	0	0	-0.00215	-0.00215	0.00230522	0	0	0	-223.052	-223.052	2.02345e-13	0	0	0	0.479561	0.479561	0	0		300	1e-09	0	0	0	0	0	0	1e-09	0	-0.418	-118.594	0	24.0078	24.0078	6.21725e-15	6.27	0	0	0	0	0	0	0	0	0	0	0	0	0	0	0	0	0	0	0	0	0	0	0	0	0	0	0	0	0	0	0	0	0	
1	1	1	44	1.32		300	0	0	-0.0022	-0.0022	0.00235883	0	0	0	-228.239	-228.239	1.99543e-13	0	0	0	0.502126	0.502126	0	0		300	1e-09	0	0	0	0	0	0	1e-09	0	-0.418	-118.594	0	24.0078	24.0078	6.21725e-15	6.27	0	0	0	0	0	0	0	0	0	0	0	0	0	0	0	0	0	0	0	0	0	0	0	0	0	0	0	0	0	0	0	0	0	
1	1	1	45	1.35		300	0	0	-0.00225	-0.00225	0.00241244	0	0	0	-233.426	-233.426	2.25163e-13	0	0	0	0.525209	0.525209	0	0		300	1e-09	0	0	0	0	0	0	1e-09	0	-0.418	-118.594	0	24.0078	24.0078	6.21725e-15	6.27	0	0	0	0	0	0	0	0	0	0	0	0	0	0	0	0	0	0	0	0	0	0	0	0	0	0	0	0	0	0	0	0	0	
1	1	1	46	1.38		300	0	0	-0.0023	-0.0023	0.00246605	0	0	0	-238.614	-238.614	2.22361e-13	0	0	0	0.548811	0.548811	0	0		300	1e-09	0	0	0	0	0	0	1e-09	0	-0.418	-118.594	0	24.0078	24.0078	6.21725e-15	6.27	0	0	0	0	0	0	0	0	0	0	0	0	0	0	0	0	0	0	0	0	0	0	0	0	0	0	0	0	0	0	0	0	0	
1	1	1	47	1.41		300	0	0	-0.00235	-0.00235	0.00251966	0	0	0	-243.801	-243.801	2.19559e-13	0	0	0	0.572932	0.572932	0	0		300	1e-09	0	0	0	0	0	0	1e-09	0	-0.418	-118.594	0	24.0078	24.0078	6.21725e-15	6.27	0	0	0	0	0	0	0	0	0	0	0	0	0	0	0	0	0	0	0	0	0	0	0	0	0	0	0	0	0	0	0	0	0	
1	1	1	48	1.44		300	0	0	-0.0024	-0.0024	0.00257327	0	0	0	-248.988	-248.988	2.16757e-13	0	0	0	0.597571	0.597571	0	0		300	1e-09	0	0	0	0	0	0	1e-09	0	-0.418	-118.594	0	24.0078	24.0078	6.21725e-15	6.27	0	0	0	0	0	0	0	0	0	0	0	0	0	0	0	0	0	0	0	0	0	0	0	0	0	0	0	0	0	0	0	0	0	
1	1	1	49	1.47		300	0	0	-0.00245	-0.00245	0.00262688	0	0	0	-254.175	-254.175	2.13956e-13	0	0	0	0.622729	0.622729	0	0		300	1e-09	0	0	0	0	0	0	1e-09	0	-0.418	-118.594	0	24.0078	24.0078	6.21725e-15	6.27	0	0	0	0	0	0	0	0	0	0	0	0	0	0	0	0	0	0	0	0	0	0	0	0	0	0	0	0	0	0	0	0	0	
1	1	1	50	1.5		300	0	0	-0.0025	-0.0025	0.00268049	0	0	0	-259.363	-259.363	2.67997e-13	0	0	0	0.648406	0.648406	0	0		300	1e-09	0	0	0	0	0	0	1e-09	0	-0.418	-118.594	0	24.0078	24.0078	6.21725e-15	6.27	0	0	0	0	0	0	0	0	0	0	0	0	0	0	0	0	0	0	0	0	0	0	0	0	0	0	0	0	0	0	0	0	0	
1	1	1	51	1.53		300	0	0	-0.00255	-0.00255	0.0027341	0	0	0	-264.55	-264.55	2.65195e-13	0	0	0	0.674602	0.674602	0	0		300	1e-09	0	0	0	0	0	0	1e-09	0	-0.418	-118.594	0	24.0078	24.0078	6.21725e-15	6.27	0	0	0	0	0	0	0	0	0	0	0	0	0	0	0	0	0	0	0	0	0	0	0	0	0	0	0	0	0	0	0	0	0	
1	1	1	52	1.56		300	0	0	-0.0026	-0.0026	0.00278771	0	0	0	-269.737	-269.737	2.62394e-13	0	0	0	0.701316	0.701316	0	0		300	1e-09	0	0	0	0	0	0	1e-09	0	-0.418	-118.594	0	24.0078	24.0078	6.21725e-15	6.27	0	0	0	0	0	0	0	0	0	0	0	0	0	0	0	0	0	0	0	0	0	0	0	0	0	0	0	0	0	0	0	0	0	
1	1	1	53	1.59		300	0	0	-0.00265	-0.00265	0.00284132	0	0	0	-274.924	-274.924	2.59592e-13	0	0	0	0.728549	0.728549	0	0		300	1e-09	0	0	0	0	0	0	1e-09	0	-0.418	-118.594	0	24.0078	24.0078	6.21725e-15	6.27	0	0	0	0	0	0	0	0	0	0	0	0	0	0	0	0	0	0	0	0	0	0	0	0	0	0	0	0	0	0	0	0	0	
1	1	1	54	1.62		300	0	0	-0.0027	-0.0027	0.00289493	0	0	0	-280.112	-280.112	2.5679e-13	0	0	0	0.756301	0.756301	0	0		300	1e-09	0	0	0	0	0	0	1e-09	0	-0.418	-118.594	0	24.0078	24.0078	6.21725e-15	6.27	0	0	0	0	0	0	0	0	0	0	0	0	0	0	0	0	0	0	0	0	0	0	0	0	0	0	0	0	0	0	0	0	0	
1	1	1	55	1.65		300	0	0	-0.00275	-0.00275	0.00294854	0	0	0	-285.299	-285.299	2.53988e-13	0	0	0	0.784572	0.784572	0	0		300	1e-09	0	0	0	0	0	0	1e-09	0	-0.418	-118.594	0	24.0078	24.0078	6.21725e-15	6.27	0	0	0	0	0	0	0	0	0	0	0	0	0	0	0	0	0	0	0	0	0	0	0	0	0	0	0	0	0	0	0	0	0	
1	1	1	56	1.68		300	0	0	-0.0028	-0.0028	0.00300215	0	0	0	-290.486	-290.486	3.0803e-13	0	0	0	0.813361	0.813361	0	0		300	1e-09	0	0	0	0	0	0	1e-09	0	-0.418	-118.594	0	24.0078	24.0078	6.21725e-15	6.27	0	0	0	0	0	0	0	0	0	0	0	0	0	0	0	0	0	0	0	0	0	0	0	0	0	0	0	0	0	0	0	0	0	
1	1	1	57	1.71		300	0	0	-0.00285	-0.00285	0.00305576	0	0	0	-295.673	-295.673	2.233e-13	0	0	0	0.842669	0.842668	0	3.22317e-07		300	5.2435e-08	-1.17388e-09	-1.17388e-09	2.34777e-09	0	0	0	5.2435e-08	0	-0.418	-118.594	0	24.0078	24.0078	6.21725e-15	6.27	0	0	0	0	0	0	0	0	0	0	0	0	0	0	0	0	0	0	0	0	0	0	0	0	0	0	0	0	0	0	0	0	0	
1	1	1	58	1.74		300	0	0	-0.0029	-0.0029	0.00310938	0	0	0	-300.859	-300.859	-4.83751e-12	0	0	0	0.872495	0.872492	0	3.06658e-06		300	4.90116e-07	-1.11629e-08	-1.11629e-08	2.23259e-08	0	0	0	4.90116e-07	0	-0.418	-118.594	0	24.0078	24.0078	6.21725e-15	6.27	0	0	0	0	0	0	0	0	0	0	0	0	0	0	0	0	0	0	0	0	0	0	0	0	0	0	0	0	0	0	0	0	0	
1	1	1	59	1.77		300	0	0	-0.00295	-0.00295	0.00316303	0	0	0	-306.042	-306.042	-1.30444e-10	0	0	0	0.902841	0.902826	0	1.43035e-05		300	2.28229e-06	-5.20652e-08	-5.20652e-08	1.0413e-07	0	0	0	2.28229e-06	0	-0.418	-118.594	0	24.0078	24.0078	6.21725e-15	6.27	0	0	0	0	0	0	0	0	0	0	0	0	0	0	0	0	0	0	0	0	0	0	0	0	0	0	0	0	0	0	0	0	0	
1	1	1	60	1.8		300	0	0	-0.003	-0.003	0.00321675	0	0	0	-311.218	-311.218	-1.44005e-09	0	0	0	0.933704	0.933657	0	4.62429e-05		300	7.37629e-06	-1.68324e-07	-1.68324e-07	3.36648e-07	0	0	0	7.37629e-06	0	-0.418	-118.594	0	24.0078	24.0078	6.21725e-15	6.27	0	0	0	0	0	0	0	0	0	0	0	0	0	0	0	0	0	0	0	0	0	0	0	0	0	0	0	0	0	0	0	0	0	
1	1	1	61	1.83		300	0	0	-0.00305	-0.00305	0.0032706	0	0	0	-316.377	-316.377	-9.61056e-09	0	0	0	0.965083	0.964964	0	0.000119204		300	1.90129e-05	-4.33902e-07	-4.33902e-07	8.67804e-07	0	0	0	1.90129e-05	0	-0.418	-118.594	0	24.0078	24.0078	6.21725e-15	6.27	0	0	0	0	0	0	0	0	0	0	0	0	0	0	0	0	0	0	0	0	0	0	0	0	0	0	0	0	0	0	0	0	0	
1	1	1	62	1.86		300	0	0	-0.0031	-0.0031	0.0033247	0	0	0	-321.51	-321.51	-4.54897e-08	0	0	0	0.996978	0.996714	0	0.000263152		300	4.19711e-05	-9.57869e-07	-9.57869e-07	1.91574e-06	0	0	0	4.19711e-05	0	-0.418	-118.594	0	24.0078	24.0078	6.21725e-15	6.27	0	0	0	0	0	0	0	0	0	0	0	0	0	0	0	0	0	0	0	0	0	0	0	0	0	0	0	0	0	0	0	0	0	
1	1	1	63	1.89		300	0	0	-0.00315	-0.00315	0.00337917	0	0	0	-326.601	-326.601	-1.66245e-07	0	0	0	1.02938	1.02886	0	0.000518439		300	8.26867e-05	-1.88711e-06	-1.88711e-06	3.77422e-06	0	0	0	8.26867e-05	0	-0.418	-118.594	0	24.0078	24.0078	6.21725e-15	6.27	0	0	0	0	0	0	0	0	0	0	0	0	0	0	0	0	0	0	0	0	0	0	0	0	0	0	0	0	0	0	0	0	0	
1	1	1	64	1.92		300	0	0	-0.0032	-0.0032	0.00343419	0	0	0	-331.631	-331.631	-4.93194e-07	0	0	0	1.06229	1.06136	0	0.000935358		300	0.000149181	-3.40469e-06	-3.40469e-06	6.80937e-06	0	0	0	0.000149181	0	-0.418	-118.594	0	24.0078	24.0078	6.21725e-15	6.27	0	0	0	0	0	0	0	0	0	0	0	0	0	0	0	0	0	0	0	0	0	0	0	0	0	0	0	0	0	0	0	0	0	
1	1	1	65	1.95		300	0	0	-0.00325	-0.00325	0.00348995	0	0	0	-336.578	-336.578	-1.22666e-06	0	0	0	1.09571	1.09413	0	0.00157218		300	0.000250747	-5.7227e-06	-5.7227e-06	1.14454e-05	0	0	0	0.000250747	0	-0.418	-118.594	0	24.0078	24.0078	6.21725e-15	6.27	0	0	0	0	0	0	0	0	0	0	0	0	0	0	0	0	0	0	0	0	0	0	0	0	0	0	0	0	0	0	0	0	0	
1	1	1	66	1.98		300	0	0	-0.0033	-0.0033	0.00354666	0	0	0	-341.418	-341.418	-1.22666e-06	0	0	0	1.1296	1.12711	0	0.00249162		300	0.000397389	-9.06945e-06	-9.06945e-06	1.81389e-05	0	0	0	0.000397389	0	-0.418	-118.594	0	24.0078	24.0078	6.21725e-15	6.27	0	0	0	0	0	0	0	0	0	0	0	0	0	0	0	0	0	0	0	0	0	0	0	0	0	0	0	0	0	0	0	0	0	
1	1	1	67	2.01		300	0	0	-0.00335	-0.00335	0.00360454	0	0	0	-346.127	-346.127	-1.22666e-06	0	0	0	1.16398	1.16023	0	0.00375614		300	0.000599067	-1.36723e-05	-1.36723e-05	2.73446e-05	0	0	0	0.000599067	0	-0.418	-118.594	0	24.0078	24.0078	6.21725e-15	6.27	0	0	0	0	0	0	0	0	0	0	0	0	0	0	0	0	0	0	0	0	0	0	0	0	0	0	0	0	0	0	0	0	0	
1	1	1	68	2.04		300	0	0	-0.0034	-0.0034	0.00366378	0	0	0	-350.685	-350.685	-1.22666e-06	0	0	0	1.19882	1.1934	0	0.00542282		300	0.000864885	-1.97389e-05	-1.97389e-05	3.94779e-05	0	0	0	0.000864885	0	-0.418	-118.594	0	24.0078	24.0078	6.21725e-15	6.27	0	0	0	0	0	0	0	0	0	0	0	0	0	0	0	0	0	0	0	0	0	0	0	0	0	0	0	0	0	0	0	0	0	
1	1	1	69	2.07		300	0	0	-0.00345	-0.00345	0.00372454	0	0	0	-355.073	-355.073	-1.22666e-06	0	0	0	1.23411	1.22657	0	0.00753882		300	0.00120236	-2.74411e-05	-2.74411e-05	5.48823e-05	0	0	0	0.00120236	0	-0.418	-118.594	0	24.0078	24.0078	6.21725e-15	6.27	0	0	0	0	0	0	0	0	0	0	0	0	0	0	0	0	0	0	0	0	0	0	0	0	0	0	0	0	0	0	0	0	0	
1	1	1	70	2.1		300	0	0	-0.0035	-0.0035	0.00378693	0	0	0	-359.279	-359.279	-1.22666e-06	0	0	0	1.26983	1.25969	0	0.0101384		300	0.00161696	-3.69034e-05	-3.69034e-05	7.38068e-05	0	0	0	0.00161696	0	-0.418	-118.594	0	24.0078	24.0078	6.21725e-15	6.27	0	0	0	0	0	0	0	0	0	0	0	0	0	0	0	0	0	0	0	0	0	0	0	0	0	0	0	0	0	0	0	0	0	
1	1	1	71	2.13		300	0	0	-0.00355	-0.00355	0.00385102	0	0	0	-363.294	-363.294	-1.22666e-06	0	0	0	1.30596	1.29272	0	0.0132415		300	0.00211188	-4.81987e-05	-4.81987e-05	9.63973e-05	0	0	0	0.00211188	0	-0.418	-118.594	0	24.0078	24.0078	6.21725e-15	6.27	0	0	0	0	0	0	0	0	0	0	0	0	0	0	0	0	0	0	0	0	0	0	0	0	0	0	0	0	0	0	0	0	0	
1	1	1	72	2.16		300	0	0	-0.0036	-0.0036	0.00391683	0	0	0	-367.117	-367.117	-1.22666e-06	0	0	0	1.34248	1.32562	0	0.0168546		300	0.00268814	-6.13505e-05	-6.13505e-05	0.000122701	0	0	0	0.00268814	0	-0.418	-118.594	0	24.0078	24.0078	6.21725e-15	6.27	0	0	0	0	0	0	0	0	0	0	0	0	0	0	0	0	0	0	0	0	0	0	0	0	0	0	0	0	0	0	0	0	0	
1	1	1	73	2.19		300	0	0	-0.00365	-0.00365	0.00398435	0	0	0	-370.749	-370.749	-1.22666e-06	0	0	0	1.37937	1.3584	0	0.0209726		300	0.00334491	-7.63398e-05	-7.63398e-05	0.00015268	0	0	0	0.00334491	0	-0.418	-118.594	0	24.0078	24.0078	6.21725e-15	6.27	0	0	0	0	0	0	0	0	0	0	0	0	0	0	0	0	0	0	0	0	0	0	0	0	0	0	0	0	0	0	0	0	0	
1	1	1	74	2.22		300	0	0	-0.0037	-0.0037	0.00405352	0	0	0	-374.196	-374.196	-1.22666e-06	0	0	0	1.41662	1.39104	0	0.0255809		300	0.00407989	-9.31139e-05	-9.31139e-05	0.000186228	0	0	0	0.00407989	0	-0.418	-118.594	0	24.0078	24.0078	6.21725e-15	6.27	0	0	0	0	0	0	0	0	0	0	0	0	0	0	0	0	0	0	0	0	0	0	0	0	0	0	0	0	0	0	0	0	0	
1	1	1	75	2.25		300	0	0	-0.00375	-0.00375	0.00412428	0	0	0	-377.466	-377.466	-1.22666e-06	0	0	0	1.4542	1.42354	0	0.0306585		300	0.00488971	-0.000111596	-0.000111596	0.000223192	0	0	0	0.00488971	0	-0.418	-118.594	0	24.0078	24.0078	6.21725e-15	6.27	0	0	0	0	0	0	0	0	0	0	0	0	0	0	0	0	0	0	0	0	0	0	0	0	0	0	0	0	0	0	0	0	0	
1	1	1	76	2.28		300	0	0	-0.0038	-0.0038	0.00419653	0	0	0	-380.568	-380.568	-1.22666e-06	0	0	0	1.4921	1.45592	0	0.0361802		300	0.00577036	-0.000131695	-0.000131695	0.00026339	0	0	0	0.00577036	0	-0.418	-118.594	0	24.0078	24.0078	6.21725e-15	6.27	0	0	0	0	0	0	0	0	0	0	0	0	0	0	0	0	0	0	0	0	0	0	0	0	0	0	0	0	0	0	0	0	0	
1	1	1	77	2.31		300	0	0	-0.00385	-0.00385	0.0042702	0	0	0	-383.513	-383.513	-1.22666e-06	0	0	0	1.53031	1.48819	0	0.0421186		300	0.00671748	-0.000153311	-0.000153311	0.000306622	0	0	0	0.00671748	0	-0.418	-118.594	0	24.0078	24.0078	6.21725e-15	6.27	0	0	0	0	0	0	0	0	0	0	0	0	0	0	0	0	0	0	0	0	0	0	0	0	0	0	0	0	0	0	0	0	0	
1	1	1	78	2.34		300	0	0	-0.0039	-0.0039	0.00434518	0	0	0	-386.311	-386.311	-1.22666e-06	0	0	0	1.5688	1.52035	0	0.0484457		300	0.00772658	-0.000176341	-0.000176341	0.000352682	0	0	0	0.00772658	0	-0.418	-118.594	0	24.0078	24.0078	6.21725e-15	6.27	0	0	0	0	0	0	0	0	0	0	0	0	0	0	0	0	0	0	0	0	0	0	0	0	0	0	0	0	0	0	0	0	0	
1	1	1	79	2.37		300	0	0	-0.00395	-0.00395	0.00442137	0	0	0	-388.973	-388.973	-1.22666e-06	0	0	0	1.60756	1.55243	0	0.0551337		300	0.00879324	-0.000200685	-0.000200685	0.00040137	0	0	0	0.00879324	0	-0.418	-118.594	0	24.0078	24.0078	6.21725e-15	6.27	0	0	0	0	0	0	0	0	0	0	0	0	0	0	0	0	0	0	0	0	0	0	0	0	0	0	0	0	0	0	0	0	0	
1	1	1	80	2.4		300	0	0	-0.004	-0.004	0.0044987	0	0	0	-391.508	-391.508	-2.07007e-06	0	0	0	1.64659	1.58443	0	0.0621559		300	0.00991321	-0.000226246	-0.000226246	0.000452492	0	0	0	0.00991321	0	-0.418	-118.594	0	24.0078	24.0078	6.21725e-15	6.27	0	0	0	0	0	0	0	0	0	0	0	0	0	0	0	0	0	0	0	0	0	0	0	0	0	0	0	0	0	0	0	0	0	
1	1	1	81	2.43		300	0	0	-0.00405	-0.00405	0.00457707	0	0	0	-393.927	-393.927	-2.72025e-06	0	0	0	1.68586	1.61637	0	0.0694871		300	0.0110825	-0.000252931	-0.000252931	0.000505863	0	0	0	0.0110825	0	-0.418	-118.594	0	24.0078	24.0078	6.21725e-15	6.27	0	0	0	0	0	0	0	0	0	0	0	0	0	0	0	0	0	0	0	0	0	0	0	0	0	0	0	0	0	0	0	0	0	
1	1	1	82	2.46		300	0	0	-0.0041	-0.0041	0.0046564	0	0	0	-396.238	-396.238	-3.222e-06	0	0	0	1.72537	1.64826	0	0.0771038		300	0.0122973	-0.000280656	-0.000280656	0.000561312	0	0	0	0.0122973	0	-0.418	-118.594	0	24.0078	24.0078	6.21725e-15	6.27	0	0	0	0	0	0	0	0	0	0	0	0	0	0	0	0	0	0	0	0	0	0	0	0	0	0	0	0	0	0	0	0	0	
1	1	1	83	2.49		300	0	0	-0.00415	-0.00415	0.00473662	0	0	0	-398.449	-398.449	-3.61021e-06	0	0	0	1.7651	1.68012	0	0.0849844		300	0.0135541	-0.000309341	-0.000309341	0.000618682	0	0	0	0.0135541	0	-0.418	-118.594	0	24.0078	24.0078	6.21725e-15	6.27	0	0	0	0	0	0	0	0	0	0	0	0	0	0	0	0	0	0	0	0	0	0	0	0	0	0	0	0	0	0	0	0	0	
1	1	1	84	2.52		300	0	0	-0.0042	-0.0042	0.00481767	0	0	0	-400.568	-400.568	-3.91168e-06	0	0	0	1.80505	1.71194	0	0.0931087		300	0.0148499	-0.000338913	-0.000338913	0.000677827	0	0	0	0.0148499	0	-0.418	-118.594	0	24.0078	24.0078	6.21725e-15	6.27	0	0	0	0	0	0	0	0	0	0	0	0	0	0	0	0	0	0	0	0	0	0	0	0	0	0	0	0	0	0	0	0	0	
1	1	1	85	2.55		300	0	0	-0.00425	-0.00425	0.00489948	0	0	0	-402.603	-402.603	-4.14685e-06	0	0	0	1.84521	1.74375	0	0.101459		300	0.0161816	-0.000369307	-0.000369307	0.000738614	0	0	0	0.0161816	0	-0.418	-118.594	0	24.0078	24.0078	6.21725e-15	6.27	0	0	0	0	0	0	0	0	0	0	0	0	0	0	0	0	0	0	0	0	0	0	0	0	0	0	0	0	0	0	0	0	0	
1	1	1	86	2.58		300	0	0	-0.0043	-0.0043	0.00498199	0	0	0	-404.558	-404.558	-4.33123e-06	0	0	0	1.88557	1.77555	0	0.110018		300	0.0175466	-0.000400461	-0.000400461	0.000800922	0	0	0	0.0175466	0	-0.418	-118.594	0	24.0078	24.0078	6.21725e-15	6.27	0	0	0	0	0	0	0	0	0	0	0	0	0	0	0	0	0	0	0	0	0	0	0	0	0	0	0	0	0	0	0	0	0	
1	1	1	87	2.61		300	0	0	-0.00435	-0.00435	0.00506516	0	0	0	-406.44	-406.44	-4.47656e-06	0	0	0	1.92612	1.80735	0	0.11877		300	0.0189426	-0.00043232	-0.00043232	0.000864641	0	0	0	0.0189426	0	-0.418	-118.594	0	24.0078	24.0078	6.21725e-15	6.27	0	0	0	0	0	0	0	0	0	0	0	0	0	0	0	0	0	0	0	0	0	0	0	0	0	0	0	0	0	0	0	0	0	
1	1	1	88	2.64		300	0	0	-0.0044	-0.0044	0.00514894	0	0	0	-408.254	-408.254	-4.59176e-06	0	0	0	1.96685	1.83915	0	0.127703		300	0.0203672	-0.000464835	-0.000464835	0.000929669	0	0	0	0.0203672	0	-0.418	-118.594	0	24.0078	24.0078	6.21725e-15	6.27	0	0	0	0	0	0	0	0	0	0	0	0	0	0	0	0	0	0	0	0	0	0	0	0	0	0	0	0	0	0	0	0	0	
1	1	1	89	2.67		300	0	0	-0.00445	-0.00445	0.00523328	0	0	0	-410.005	-410.005	-4.6836e-06	0	0	0	2.00777	1.87096	0	0.136803		300	0.0218186	-0.000497958	-0.000497958	0.000995916	0	0	0	0.0218186	0	-0.418	-118.594	0	24.0078	24.0078	6.21725e-15	6.27	0	0	0	0	0	0	0	0	0	0	0	0	0	0	0	0	0	0	0	0	0	0	0	0	0	0	0	0	0	0	0	0	0	
1	1	1	90	2.7		300	0	0	-0.0045	-0.0045	0.00531815	0	0	0	-411.697	-411.697	-4.75722e-06	0	0	0	2.04885	1.90279	0	0.146059		300	0.0232948	-0.000531649	-0.000531649	0.0010633	0	0	0	0.0232948	0	-0.418	-118.594	0	24.0078	24.0078	6.21725e-15	6.27	0	0	0	0	0	0	0	0	0	0	0	0	0	0	0	0	0	0	0	0	0	0	0	0	0	0	0	0	0	0	0	0	0	
1	1	1	91	2.73		300	0	0	-0.00455	-0.00455	0.00540351	0	0	0	-413.334	-413.334	-4.81658e-06	0	0	0	2.0901	1.93464	0	0.15546		300	0.0247942	-0.00056587	-0.00056587	0.00113174	0	0	0	0.0247942	0	-0.418	-118.594	0	24.0078	24.0078	6.21725e-15	6.27	0	0	0	0	0	0	0	0	0	0	0	0	0	0	0	0	0	0	0	0	0	0	0	0	0	0	0	0	0	0	0	0	0	
1	1	1	92	2.76		300	0	0	-0.0046	-0.0046	0.00548933	0	0	0	-414.919	-414.919	-4.8647e-06	0	0	0	2.13152	1.96652	0	0.164997		300	0.0263153	-0.000600586	-0.000600586	0.00120117	0	0	0	0.0263153	0	-0.418	-118.594	0	24.0078	24.0078	6.21725e-15	6.27	0	0	0	0	0	0	0	0	0	0	0	0	0	0	0	0	0	0	0	0	0	0	0	0	0	0	0	0	0	0	0	0	0	
1	1	1	93	2.79		300	0	0	-0.00465	-0.00465	0.00557558	0	0	0	-416.457	-416.457	-4.90393e-06	0	0	0	2.17308	1.99842	0	0.174662		300	0.0278567	-0.000635765	-0.000635765	0.00127153	0	0	0	0.0278567	0	-0.418	-118.594	0	24.0078	24.0078	6.21725e-15	6.27	0	0	0	0	0	0	0	0	0	0	0	0	0	0	0	0	0	0	0	0	0	0	0	0	0	0	0	0	0	0	0	0	0	
1	1	1	94	2.82		300	0	0	-0.0047	-0.0047	0.00566223	0	0	0	-417.949	-417.949	-4.93608e-06	0	0	0	2.2148	2.03036	0	0.184446		300	0.0294172	-0.000671379	-0.000671379	0.00134276	0	0	0	0.0294172	0	-0.418	-118.594	0	24.0078	24.0078	6.21725e-15	6.27	0	0	0	0	0	0	0	0	0	0	0	0	0	0	0	0	0	0	0	0	0	0	0	0	0	0	0	0	0	0	0	0	0	
1	1	1	95	2.85		300	0	0	-0.00475	-0.00475	0.00574926	0	0	0	-419.399	-419.399	-4.96255e-06	0	0	0	2.25667	2.06233	0	0.194342		300	0.0309955	-0.000707401	-0.000707401	0.0014148	0	0	0	0.0309955	0	-0.418	-118.594	0	24.0078	24.0078	6.21725e-15	6.27	0	0	0	0	0	0	0	0	0	0	0	0	0	0	0	0	0	0	0	0	0	0	0	0	0	0	0	0	0	0	0	0	0	
1	1	1	96	2.88		300	0	0	-0.0048	-0.0048	0.00583665	0	0	0	-420.81	-420.81	-4.98447e-06	0	0	0	2.29868	2.09434	0	0.204344		300	0.0325907	-0.000743806	-0.000743806	0.00148761	0	0	0	0.0325907	0	-0.418	-118.594	0	24.0078	24.0078	6.21725e-15	6.27	0	0	0	0	0	0	0	0	0	0	0	0	0	0	0	0	0	0	0	0	0	0	0	0	0	0	0	0	0	0	0	0	0	
1	1	1	97	2.91		300	0	0	-0.00485	-0.00485	0.00592437	0	0	0	-422.183	-422.183	-5.0027e-06	0	0	0	2.34083	2.12639	0	0.214445		300	0.0342017	-0.000780573	-0.000780573	0.00156115	0	0	0	0.0342017	0	-0.418	-118.594	0	24.0078	24.0078	6.21725e-15	6.27	0	0	0	0	0	0	0	0	0	0	0	0	0	0	0	0	0	0	0	0	0	0	0	0	0	0	0	0	0	0	0	0	0	
1	1	1	98	2.94		300	0	0	-0.0049	-0.0049	0.00601241	0	0	0	-423.52	-423.52	-5.01793e-06	0	0	0	2.38312	2.15848	0	0.22464		300	0.0358276	-0.000817682	-0.000817682	0.00163536	0	0	0	0.0358276	0	-0.418	-118.594	0	24.0078	24.0078	6.21725e-15	6.27	0	0	0	0	0	0	0	0	0	0	0	0	0	0	0	0	0	0	0	0	0	0	0	0	0	0	0	0	0	0	0	0	0	
1	1	1	99	2.97		300	0	0	-0.00495	-0.00495	0.00610075	0	0	0	-424.824	-424.824	-5.03071e-06	0	0	0	2.42553	2.19061	0	0.234923		300	0.0374677	-0.000855112	-0.000855112	0.00171022	0	0	0	0.0374677	0	-0.418	-118.594	0	24.0078	24.0078	6.21725e-15	6.27	0	0	0	0	0	0	0	0	0	0	0	0	0	0	0	0	0	0	0	0	0	0	0	0	0	0	0	0	0	0	0	0	0	
1	1	1	100	3		300	0	0	-0.005	-0.005	0.00618937	0	0	0	-426.097	-426.097	-5.04148e-06	0	0	0	2.46808	2.22279	0	0.24529		300	0.039121	-0.000892847	-0.000892847	0.00178569	0	0	0	0.039121	0	-0.418	-118.594	0	24.0078	24.0078	6.21725e-15	6.27	0	0	0	0	0	0	0	0	0	0	0	0	0	0	0	0	0	0	0	0	0	0	0	0	0	0	0	0	0	0	0	0	0	
1	1	1	101	3.03		300	0	0	-0.00505	-0.00505	0.00627826	0	0	0	-427.339	-427.339	-5.0506e-06	0	0	0	2.51075	2.25502	0	0.255736		300	0.0407871	-0.00093087	-0.00093087	0.00186174	0	0	0	0.0407871	0	-0.418	-118.594	0	24.0078	24.0078	6.21725e-15	6.27	0	0	0	0	0	0	0	0	0	0	0	0	0	0	0	0	0	0	0	0	0	0	0	0	0	0	0	0	0	0	0	0	0	
1	1	1	102	3.06		300	0	0	-0.0051	-0.0051	0.0063674	0	0	0	-428.553	-428.553	-5.05835e-06	0	0	0	2.55355	2.28729	0	0.266257		300	0.0424651	-0.000969167	-0.000969167	0.00193833	0	0	0	0.0424651	0	-0.418	-118.594	0	24.0078	24.0078	6.21725e-15	6.27	0	0	0	0	0	0	0	0	0	0	0	0	0	0	0	0	0	0	0	0	0	0	0	0	0	0	0	0	0	0	0	0	0	
1	1	1	103	3.09		300	0	0	-0.00515	-0.00515	0.00645678	0	0	0	-429.741	-429.741	-5.06496e-06	0	0	0	2.59646	2.31961	0	0.27685		300	0.0441545	-0.00100772	-0.00100772	0.00201545	0	0	0	0.0441545	0	-0.418	-118.594	0	24.0078	24.0078	6.21725e-15	6.27	0	0	0	0	0	0	0	0	0	0	0	0	0	0	0	0	0	0	0	0	0	0	0	0	0	0	0	0	0	0	0	0	0	
1	1	1	104	3.12		300	0	0	-0.0052	-0.0052	0.00654639	0	0	0	-430.902	-430.902	-5.07062e-06	0	0	0	2.63949	2.35198	0	0.28751		300	0.0458547	-0.00104653	-0.00104653	0.00209305	0	0	0	0.0458547	0	-0.418	-118.594	0	24.0078	24.0078	6.21725e-15	6.27	0	0	0	0	0	0	0	0	0	0	0	0	0	0	0	0	0	0	0	0	0	0	0	0	0	0	0	0	0	0	0	0	0	
1	1	1	105	3.15		300	0	0	-0.00525	-0.00525	0.00663622	0	0	0	-432.039	-432.039	-5.07548e-06	0	0	0	2.68264	2.38441	0	0.298235		300	0.0475652	-0.00108556	-0.00108556	0.00217113	0	0	0	0.0475652	0	-0.418	-118.594	0	24.0078	24.0078	6.21725e-15	6.27	0	0	0	0	0	0	0	0	0	0	0	0	0	0	0	0	0	0	0	0	0	0	0	0	0	0	0	0	0	0	0	0	0	
1	1	1	106	3.18		300	0	0	-0.0053	-0.0053	0.00672626	0	0	0	-433.153	-433.153	-5.07967e-06	0	0	0	2.7259	2.41688	0	0.309021		300	0.0492855	-0.00112483	-0.00112483	0.00224965	0	0	0	0.0492855	0	-0.418	-118.594	0	24.0078	24.0078	6.21725e-15	6.27	0	0	0	0	0	0	0	0	0	0	0	0	0	0	0	0	0	0	0	0	0	0	0	0	0	0	0	0	0	0	0	0	0	
1	1	1	107	3.21		300	0	0	-0.00535	-0.00535	0.00681649	0	0	0	-434.245	-434.245	-5.0833e-06	0	0	0	2.76927	2.4494	0	0.319866		300	0.0510151	-0.0011643	-0.0011643	0.0023286	0	0	0	0.0510151	0	-0.418	-118.594	0	24.0078	24.0078	6.21725e-15	6.27	0	0	0	0	0	0	0	0	0	0	0	0	0	0	0	0	0	0	0	0	0	0	0	0	0	0	0	0	0	0	0	0	0	
1	1	1	108	3.24		300	0	0	-0.0054	-0.0054	0.00690692	0	0	0	-435.316	-435.316	-5.08644e-06	0	0	0	2.81275	2.48198	0	0.330767		300	0.0527537	-0.00120398	-0.00120398	0.00240796	0	0	0	0.0527537	0	-0.418	-118.594	0	24.0078	24.0078	6.21725e-15	6.27	0	0	0	0	0	0	0	0	0	0	0	0	0	0	0	0	0	0	0	0	0	0	0	0	0	0	0	0	0	0	0	0	0	
1	1	1	109	3.27		300	0	0	-0.00545	-0.00545	0.00699752	0	0	0	-436.367	-436.367	-5.08918e-06	0	0	0	2.85633	2.51461	0	0.341721		300	0.0545008	-0.00124385	-0.00124385	0.00248771	0	0	0	0.0545008	0	-0.418	-118.594	0	24.0078	24.0078	6.21725e-15	6.27	0	0	0	0	0	0	0	0	0	0	0	0	0	0	0	0	0	0	0	0	0	0	0	0	0	0	0	0	0	0	0	0	0	
1	1	1	110	3.3		300	0	0	-0.0055	-0.0055	0.0070883	0	0	0	-437.398	-437.398	-5.09156e-06	0	0	0	2.90002	2.54729	0	0.352727		300	0.056256	-0.00128391	-0.00128391	0.00256782	0	0	0	0.056256	0	-0.418	-118.594	0	24.0078	24.0078	6.21725e-15	6.27	0	0	0	0	0	0	0	0	0	0	0	0	0	0	0	0	0	0	0	0	0	0	0	0	0	0	0	0	0	0	0	0	0	
1	1	1	111	3.33		300	0	0	-0.00555	-0.00555	0.00717924	0	0	0	-438.411	-438.411	-5.09365e-06	0	0	0	2.94381	2.58003	0	0.363781		300	0.0580191	-0.00132415	-0.00132415	0.0026483	0	0	0	0.0580191	0	-0.418	-118.594	0	24.0078	24.0078	6.21725e-15	6.27	0	0	0	0	0	0	0	0	0	0	0	0	0	0	0	0	0	0	0	0	0	0	0	0	0	0	0	0	0	0	0	0	0	
1	1	1	112	3.36		300	0	0	-0.0056	-0.0056	0.00727034	0	0	0	-439.406	-439.406	-5.09549e-06	0	0	0	2.9877	2.61282	0	0.374882		300	0.0597896	-0.00136456	-0.00136456	0.00272911	0	0	0	0.0597896	0	-0.418	-118.594	0	24.0078	24.0078	6.21725e-15	6.27	0	0	0	0	0	0	0	0	0	0	0	0	0	0	0	0	0	0	0	0	0	0	0	0	0	0	0	0	0	0	0	0	0	
1	1	1	113	3.39		300	0	0	-0.00565	-0.00565	0.00736159	0	0	0	-440.384	-440.384	-5.0971e-06	0	0	0	3.03169	2.64566	0	0.386029		300	0.0615672	-0.00140513	-0.00140513	0.00281026	0	0	0	0.0615672	0	-0.418	-118.594	0	24.0078	24.0078	6.21725e-15	6.27	0	0	0	0	0	0	0	0	0	0	0	0	0	0	0	0	0	0	0	0	0	0	0	0	0	0	0	0	0	0	0	0	0	
1	1	1	114	3.42		300	0	0	-0.0057	-0.0057	0.00745299	0	0	0	-441.346	-441.346	-5.09852e-06	0	0	0	3.07578	2.67856	0	0.397218		300	0.0633518	-0.00144586	-0.00144586	0.00289171	0	0	0	0.0633518	0	-0.418	-118.594	0	24.0078	24.0078	6.21725e-15	6.27	0	0	0	0	0	0	0	0	0	0	0	0	0	0	0	0	0	0	0	0	0	0	0	0	0	0	0	0	0	0	0	0	0	
1	1	1	115	3.45		300	0	0	-0.00575	-0.00575	0.00754453	0	0	0	-442.292	-442.292	-5.09978e-06	0	0	0	3.11996	2.71151	0	0.408448		300	0.0651429	-0.00148674	-0.00148674	0.00297347	0	0	0	0.0651429	0	-0.418	-118.594	0	24.0078	24.0078	6.21725e-15	6.27	0	0	0	0	0	0	0	0	0	0	0	0	0	0	0	0	0	0	0	0	0	0	0	0	0	0	0	0	0	0	0	0	0	
1	1	1	116	3.48		300	0	0	-0.0058	-0.0058	0.0076362	0	0	0	-443.224	-443.224	-5.10089e-06	0	0	0	3.16424	2.74452	0	0.419719		300	0.0669404	-0.00152776	-0.00152776	0.00305552	0	0	0	0.0669404	0	-0.418	-118.594	0	24.0078	24.0078	6.21725e-15	6.27	0	0	0	0	0	0	0	0	0	0	0	0	0	0	0	0	0	0	0	0	0	0	0	0	0	0	0	0	0	0	0	0	0	
1	1	1	117	3.51		300	0	0	-0.00585	-0.00585	0.007728	0	0	0	-444.14	-444.14	-5.10188e-06	0	0	0	3.2086	2.77758	0	0.431028		300	0.068744	-0.00156892	-0.00156892	0.00313784	0	0	0	0.068744	0	-0.418	-118.594	0	24.0078	24.0078	6.21725e-15	6.27	0	0	0	0	0	0	0	0	0	0	0	0	0	0	0	0	0	0	0	0	0	0	0	0	0	0	0	0	0	0	0	0	0	
1	1	1	118	3.54		300	0	0	-0.0059	-0.0059	0.00781993	0	0	0	-445.043	-445.043	-5.10276e-06	0	0	0	3.25306	2.81069	0	0.442373		300	0.0705535	-0.00161022	-0.00161022	0.00322044	0	0	0	0.0705535	0	-0.418	-118.594	0	24.0078	24.0078	6.21725e-15	6.27	0	0	0	0	0	0	0	0	0	0	0	0	0	0	0	0	0	0	0	0	0	0	0	0	0	0	0	0	0	0	0	0	0	
1	1	1	119	3.57		300	0	0	-0.00595	-0.00595	0.00791197	0	0	0	-445.933	-445.933	-5.10355e-06	0	0	0	3.29761	2.84386	0	0.453754		300	0.0723686	-0.00165164	-0.00165164	0.00330329	0	0	0	0.0723686	0	-0.418	-118.594	0	24.0078	24.0078	6.21725e-15	6.27	0	0	0	0	0	0	0	0	0	0	0	0	0	0	0	0	0	0	0	0	0	0	0	0	0	0	0	0	0	0	0	0	0	
1	1	1	120	3.6		300	0	0	-0.006	-0.006	0.00800413	0	0	0	-446.81	-446.81	-5.10425e-06	0	0	0	3.34225	2.87708	0	0.465169		300	0.0741892	-0.0016932	-0.0016932	0.00338639	0	0	0	0.0741892	0	-0.418	-118.594	0	24.0078	24.0078	6.21725e-15	6.27	0	0	0	0	0	0	0	0	0	0	0	0	0	0	0	0	0	0	0	0	0	0	0	0	0	0	0	0	0	0	0	0	0	
1	1	1	121	3.63		300	0	0	-0.00605	-0.00605	0.0080964	0	0	0	-447.674	-447.674	-5.10488e-06	0	0	0	3.38697	2.91036	0	0.476617		300	0.076015	-0.00173487	-0.00173487	0.00346973	0	0	0	0.076015	0	-0.418	-118.594	0	24.0078	24.0078	6.21725e-15	6.27	0	0	0	0	0	0	0	0	0	0	0	0	0	0	0	0	0	0	0	0	0	0	0	0	0	0	0	0	0	0	0	0	0	
1	1	1	122	3.66		300	0	0	-0.0061	-0.0061	0.00818878	0	0	0	-448.526	-448.526	-5.10544e-06	0	0	0	3.43178	2.94369	0	0.488097		300	0.0778459	-0.00177665	-0.00177665	0.0035533	0	0	0	0.0778459	0	-0.418	-118.594	0	24.0078	24.0078	6.21725e-15	6.27	0	0	0	0	0	0	0	0	0	0	0	0	0	0	0	0	0	0	0	0	0	0	0	0	0	0	0	0	0	0	0	0	0	
1	1	1	123	3.69		300	0	0	-0.00615	-0.00615	0.00828126	0	0	0	-449.366	-449.366	-5.10595e-06	0	0	0	3.47668	2.97707	0	0.499607		300	0.0796817	-0.00181855	-0.00181855	0.0036371	0	0	0	0.0796817	0	-0.418	-118.594	0	24.0078	24.0078	6.21725e-15	6.27	0	0	0	0	0	0	0	0	0	0	0	0	0	0	0	0	0	0	0	0	0	0	0	0	0	0	0	0	0	0	0	0	0	
1	1	1	124	3.72		300	0	0	-0.0062	-0.0062	0.00837385	0	0	0	-450.196	-450.196	-5.1064e-06	0	0	0	3.52166	3.01051	0	0.511148		300	0.0815222	-0.00186055	-0.00186055	0.00372111	0	0	0	0.0815222	0	-0.418	-118.594	0	24.0078	24.0078	6.21725e-15	6.27	0	0	0	0	0	0	0	0	0	0	0	0	0	0	0	0	0	0	0	0	0	0	0	0	0	0	0	0	0	0	0	0	0	
1	1	1	125	3.75		300	0	0	-0.00625	-0.00625	0.00846653	0	0	0	-451.014	-451.014	-5.10681e-06	0	0	0	3.56672	3.044	0	0.522716		300	0.0833673	-0.00190266	-0.00190266	0.00380533	0	0	0	0.0833673	0	-0.418	-118.594	0	24.0078	24.0078	6.21725e-15	6.27	0	0	0	0	0	0	0	0	0	0	0	0	0	0	0	0	0	0	0	0	0	0	0	0	0	0	0	0	0	0	0	0	0	
1	1	1	126	3.78		300	0	0	-0.0063	-0.0063	0.0085593	0	0	0	-451.823	-451.823	-5.10719e-06	0	0	0	3.61186	3.07755	0	0.534313		300	0.0852168	-0.00194487	-0.00194487	0.00388975	0	0	0	0.0852168	0	-0.418	-118.594	0	24.0078	24.0078	6.21725e-15	6.27	0	0	0	0	0	0	0	0	0	0	0	0	0	0	0	0	0	0	0	0	0	0	0	0	0	0	0	0	0	0	0	0	0	
1	1	1	127	3.81		300	0	0	-0.00635	-0.00635	0.00865216	0	0	0	-452.621	-452.621	-5.10752e-06	0	0	0	3.65708	3.11114	0	0.545936		300	0.0870705	-0.00198718	-0.00198718	0.00397436	0	0	0	0.0870705	0	-0.418	-118.594	0	24.0078	24.0078	6.21725e-15	6.27	0	0	0	0	0	0	0	0	0	0	0	0	0	0	0	0	0	0	0	0	0	0	0	0	0	0	0	0	0	0	0	0	0	
1	1	1	128	3.84		300	0	0	-0.0064	-0.0064	0.00874511	0	0	0	-453.409	-453.409	-5.10783e-06	0	0	0	3.70238	3.1448	0	0.557585		300	0.0889284	-0.00202958	-0.00202958	0.00405917	0	0	0	0.0889284	0	-0.418	-118.594	0	24.0078	24.0078	6.21725e-15	6.27	0	0	0	0	0	0	0	0	0	0	0	0	0	0	0	0	0	0	0	0	0	0	0	0	0	0	0	0	0	0	0	0	0	
1	1	1	129	3.87		300	0	0	-0.00645	-0.00645	0.00883815	0	0	0	-454.188	-454.188	-5.1081e-06	0	0	0	3.74776	3.1785	0	0.56926		300	0.0907903	-0.00207208	-0.00207208	0.00414416	0	0	0	0.0907903	0	-0.418	-118.594	0	24.0078	24.0078	6.21725e-15	6.27	0	0	0	0	0	0	0	0	0	0	0	0	0	0	0	0	0	0	0	0	0	0	0	0	0	0	0	0	0	0	0	0	0	
1	1	1	130	3.9		300	0	0	-0.0065	-0.0065	0.00893127	0	0	0	-454.957	-454.957	-5.10835e-06	0	0	0	3.79322	3.21226	0	0.580959		300	0.0926561	-0.00211466	-0.00211466	0.00422932	0	0	0	0.0926561	0	-0.418	-118.594	0	24.0078	24.0078	6.21725e-15	6.27	0	0	0	0	0	0	0	0	0	0	0	0	0	0	0	0	0	0	0	0	0	0	0	0	0	0	0	0	0	0	0	0	0	
1	1	1	131	3.93		300	0	0	-0.00655	-0.00655	0.00902446	0	0	0	-455.718	-455.718	-5.10858e-06	0	0	0	3.83875	3.24607	0	0.592681		300	0.0945257	-0.00215733	-0.00215733	0.00431466	0	0	0	0.0945257	0	-0.418	-118.594	0	24.0078	24.0078	6.21725e-15	6.27	0	0	0	0	0	0	0	0	0	0	0	0	0	0	0	0	0	0	0	0	0	0	0	0	0	0	0	0	0	0	0	0	0	
1	1	1	132	3.96		300	0	0	-0.0066	-0.0066	0.00911774	0	0	0	-456.47	-456.47	-5.10879e-06	0	0	0	3.88436	3.27994	0	0.604426		300	0.0963989	-0.00220008	-0.00220008	0.00440016	0	0	0	0.0963989	0	-0.418	-118.594	0	24.0078	24.0078	6.21725e-15	6.27	0	0	0	0	0	0	0	0	0	0	0	0	0	0	0	0	0	0	0	0	0	0	0	0	0	0	0	0	0	0	0	0	0	
1	1	1	133	3.99		300	0	0	-0.00665	-0.00665	0.00921109	0	0	0	-457.213	-457.213	-5.10898e-06	0	0	0	3.93005	3.31385	0	0.616193		300	0.0982756	-0.00224291	-0.00224291	0.00448582	0	0	0	0.0982756	0	-0.418	-118.594	0	24.0078	24.0078	6.21725e-15	6.27	0	0	0	0	0	0	0	0	0	0	0	0	0	0	0	0	0	0	0	0	0	0	0	0	0	0	0	0	0	0	0	0	0	
1	1	1	134	4.02		300	0	0	-0.0067	-0.0067	0.00930451	0	0	0	-457.949	-457.949	-5.10915e-06	0	0	0	3.9758	3.34782	0	0.627982		300	0.100156	-0.00228582	-0.00228582	0.00457165	0	0	0	0.100156	0	-0.418	-118.594	0	24.0078	24.0078	6.21725e-15	6.27	0	0	0	0	0	0	0	0	0	0	0	0	0	0	0	0	0	0	0	0	0	0	0	0	0	0	0	0	0	0	0	0	0	
1	1	1	135	4.05		300	0	0	-0.00675	-0.00675	0.009398	0	0	0	-458.676	-458.676	-5.10931e-06	0	0	0	4.02164	3.38184	0	0.639792		300	0.102039	-0.00232881	-0.00232881	0.00465762	0	0	0	0.102039	0	-0.418	-118.594	0	24.0078	24.0078	6.21725e-15	6.27	0	0	0	0	0	0	0	0	0	0	0	0	0	0	0	0	0	0	0	0	0	0	0	0	0	0	0	0	0	0	0	0	0	
1	1	1	136	4.08		300	0	0	-0.0068	-0.0068	0.00949157	0	0	0	-459.396	-459.396	-5.10946e-06	0	0	0	4.06754	3.41592	0	0.651622		300	0.103926	-0.00237187	-0.00237187	0.00474374	0	0	0	0.103926	0	-0.418	-118.594	0	24.0078	24.0078	6.21725e-15	6.27	0	0	0	0	0	0	0	0	0	0	0	0	0	0	0	0	0	0	0	0	0	0	0	0	0	0	0	0	0	0	0	0	0	
1	1	1	137	4.11		300	0	0	-0.00685	-0.00685	0.00958519	0	0	0	-460.109	-460.109	-5.10959e-06	0	0	0	4.11351	3.45004	0	0.663472		300	0.105816	-0.002415	-0.002415	0.00483001	0	0	0	0.105816	0	-0.418	-118.594	0	24.0078	24.0078	6.21725e-15	6.27	0	0	0	0	0	0	0	0	0	0	0	0	0	0	0	0	0	0	0	0	0	0	0	0	0	0	0	0	0	0	0	0	0	
1	1	1	138	4.14		300	0	0	-0.0069	-0.0069	0.00967889	0	0	0	-460.814	-460.814	-5.10971e-06	0	0	0	4.15956	3.48422	0	0.675341		300	0.107709	-0.00245821	-0.00245821	0.00491641	0	0	0	0.107709	0	-0.418	-118.594	0	24.0078	24.0078	6.21725e-15	6.27	0	0	0	0	0	0	0	0	0	0	0	0	0	0	0	0	0	0	0	0	0	0	0	0	0	0	0	0	0	0	0	0	0	
1	1	1	139	4.17		300	0	0	-0.00695	-0.00695	0.00977264	0	0	0	-461.512	-461.512	-5.10983e-06	0	0	0	4.20568	3.51845	0	0.687229		300	0.109605	-0.00250148	-0.00250148	0.00500295	0	0	0	0.109605	0	-0.418	-118.594	0	24.0078	24.0078	6.21725e-15	6.27	0	0	0	0	0	0	0	0	0	0	0	0	0	0	0	0	0	0	0	0	0	0	0	0	0	0	0	0	0	0	0	0	0	
1	1	1	140	4.2		300	0	0	-0.007	-0.007	0.00986646	0	0	0	-462.203	-462.203	-5.10993e-06	0	0	0	4.25186	3.55273	0	0.699135		300	0.111504	-0.00254481	-0.00254481	0.00508963	0	0	0	0.111504	0	-0.418	-118.594	0	24.0078	24.0078	6.21725e-15	6.27	0	0	0	0	0	0	0	0	0	0	0	0	0	0	0	0	0	0	0	0	0	0	0	0	0	0	0	0	0	0	0	0	0	
1	1	1	141	4.23		300	0	0	-0.00705	-0.00705	0.00996034	0	0	0	-462.888	-462.888	-5.11003e-06	0	0	0	4.29812	3.58706	0	0.711059		300	0.113405	-0.00258821	-0.00258821	0.00517643	0	0	0	0.113405	0	-0.418	-118.594	0	24.0078	24.0078	6.21725e-15	6.27	0	0	0	0	0	0	0	0	0	0	0	0	0	0	0	0	0	0	0	0	0	0	0	0	0	0	0	0	0	0	0	0	0	
1	1	1	142	4.26		300	0	0	-0.0071	-0.0071	0.0100543	0	0	0	-463.566	-463.566	-5.11011e-06	0	0	0	4.34444	3.62144	0	0.723		300	0.11531	-0.00263168	-0.00263168	0.00526335	0	0	0	0.11531	0	-0.418	-118.594	0	24.0078	24.0078	6.21725e-15	6.27	0	0	0	0	0	0	0	0	0	0	0	0	0	0	0	0	0	0	0	0	0	0	0	0	0	0	0	0	0	0	0	0	0	
1	1	1	143	4.29		300	0	0	-0.00715	-0.00715	0.0101483	0	0	0	-464.238	-464.238	-5.11019e-06	0	0	0	4.39083	3.65587	0	0.734957		300	0.117217	-0.0026752	-0.0026752	0.0053504	0	0	0	0.117217	0	-0.418	-118.594	0	24.0078	24.0078	6.21725e-15	6.27	0	0	0	0	0	0	0	0	0	0	0	0	0	0	0	0	0	0	0	0	0	0	0	0	0	0	0	0	0	0	0	0	0	
1	1	1	144	4.32		300	0	0	-0.0072	-0.0072	0.0102423	0	0	0	-464.904	-464.904	-5.11027e-06	0	0	0	4.43729	3.69036	0	0.746931		300	0.119127	-0.00271879	-0.00271879	0.00543757	0	0	0	0.119127	0	-0.418	-118.594	0	24.0078	24.0078	6.21725e-15	6.27	0	0	0	0	0	0	0	0	0	0	0	0	0	0	0	0	0	0	0	0	0	0	0	0	0	0	0	0	0	0	0	0	0	
1	1	1	145	4.35		300	0	0	-0.00725	-0.00725	0.0103364	0	0	0	-465.563	-465.563	-5.11034e-06	0	0	0	4.48381	3.72489	0	0.758921		300	0.121039	-0.00276243	-0.00276243	0.00552486	0	0	0	0.121039	0	-0.418	-118.594	0	24.0078	24.0078	6.21725e-15	6.27	0	0	0	0	0	0	0	0	0	0	0	0	0	0	0	0	0	0	0	0	0	0	0	0	0	0	0	0	0	0	0	0	0	
1	1	1	146	4.38		300	0	0	-0.0073	-0.0073	0.0104306	0	0	0	-466.217	-466.217	-5.1104e-06	0	0	0	4.5304	3.75947	0	0.770926		300	0.122953	-0.00280613	-0.00280613	0.00561225	0	0	0	0.122953	0	-0.418	-118.594	0	24.0078	24.0078	6.21725e-15	6.27	0	0	0	0	0	0	0	0	0	0	0	0	0	0	0	0	0	0	0	0	0	0	0	0	0	0	0	0	0	0	0	0	0	
1	1	1	147	4.41		300	0	0	-0.00735	-0.00735	0.0105248	0	0	0	-466.865	-466.865	-5.11046e-06	0	0	0	4.57705	3.79411	0	0.782947		300	0.124871	-0.00284988	-0.00284988	0.00569976	0	0	0	0.124871	0	-0.418	-118.594	0	24.0078	24.0078	6.21725e-15	6.27	0	0	0	0	0	0	0	0	0	0	0	0	0	0	0	0	0	0	0	0	0	0	0	0	0	0	0	0	0	0	0	0	0	
1	1	1	148	4.44		300	0	0	-0.0074	-0.0074	0.010619	0	0	0	-467.508	-467.508	-5.11052e-06	0	0	0	4.62377	3.82879	0	0.794982		300	0.12679	-0.00289369	-0.00289369	0.00578737	0	0	0	0.12679	0	-0.418	-118.594	0	24.0078	24.0078	6.21725e-15	6.27	0	0	0	0	0	0	0	0	0	0	0	0	0	0	0	0	0	0	0	0	0	0	0	0	0	0	0	0	0	0	0	0	0	
1	1	1	149	4.47		300	0	0	-0.00745	-0.00745	0.0107133	0	0	0	-468.145	-468.145	-5.11057e-06	0	0	0	4.67055	3.86352	0	0.807032		300	0.128712	-0.00293754	-0.00293754	0.00587509	0	0	0	0.128712	0	-0.418	-118.594	0	24.0078	24.0078	6.21725e-15	6.27	0	0	0	0	0	0	0	0	0	0	0	0	0	0	0	0	0	0	0	0	0	0	0	0	0	0	0	0	0	0	0	0	0	
1	1	1	150	4.5		300	0	0	-0.0075	-0.0075	0.0108077	0	0	0	-468.777	-468.777	-5.11062e-06	0	0	0	4.7174	3.89831	0	0.819095		300	0.130636	-0.00298145	-0.00298145	0.00596291	0	0	0	0.130636	0	-0.418	-118.594	0	24.0078	24.0078	6.21725e-15	6.27	0	0	0	0	0	0	0	0	0	0	0	0	0	0	0	0	0	0	0	0	0	0	0	0	0	0	0	0	0	0	0	0	0	
1	1	1	151	4.53		300	0	0	-0.00755	-0.00755	0.0109021	0	0	0	-469.403	-469.403	-5.11066e-06	0	0	0	4.76431	3.93314	0	0.831172		300	0.132562	-0.00302541	-0.00302541	0.00605083	0	0	0	0.132562	0	-0.418	-118.594	0	24.0078	24.0078	6.21725e-15	6.27	0	0	0	0	0	0	0	0	0	0	0	0	0	0	0	0	0	0	0	0	0	0	0	0	0	0	0	0	0	0	0	0	0	
1	1	1	152	4.56		300	0	0	-0.0076	-0.0076	0.0109965	0	0	0	-470.025	-470.025	-5.1107e-06	0	0	0	4.81128	3.96802	0	0.843263		300	0.13449	-0.00306942	-0.00306942	0.00613885	0	0	0	0.13449	0	-0.418	-118.594	0	24.0078	24.0078	6.21725e-15	6.27	0	0	0	0	0	0	0	0	0	0	0	0	0	0	0	0	0	0	0	0	0	0	0	0	0	0	0	0	0	0	0	0	0	
1	1	1	153	4.59		300	0	0	-0.00765	-0.00765	0.011091	0	0	0	-470.641	-470.641	-5.11074e-06	0	0	0	4.85831	4.00295	0	0.855367		300	0.13642	-0.00311348	-0.00311348	0.00622696	0	0	0	0.13642	0	-0.418	-118.594	0	24.0078	24.0078	6.21725e-15	6.27	0	0	0	0	0	0	0	0	0	0	0	0	0	0	0	0	0	0	0	0	0	0	0	0	0	0	0	0	0	0	0	0	0	
1	1	1	154	4.62		300	0	0	-0.0077	-0.0077	0.0111855	0	0	0	-471.253	-471.253	-5.11077e-06	0	0	0	4.90541	4.03793	0	0.867483		300	0.138353	-0.00315758	-0.00315758	0.00631516	0	0	0	0.138353	0	-0.418	-118.594	0	24.0078	24.0078	6.21725e-15	6.27	0	0	0	0	0	0	0	0	0	0	0	0	0	0	0	0	0	0	0	0	0	0	0	0	0	0	0	0	0	0	0	0	0	
1	1	1	155	4.65		300	0	0	-0.00775	-0.00775	0.0112801	0	0	0	-471.86	-471.86	-5.11081e-06	0	0	0	4.95257	4.07295	0	0.879612		300	0.140287	-0.00320173	-0.00320173	0.00640346	0	0	0	0.140287	0	-0.418	-118.594	0	24.0078	24.0078	6.21725e-15	6.27	0	0	0	0	0	0	0	0	0	0	0	0	0	0	0	0	0	0	0	0	0	0	0	0	0	0	0	0	0	0	0	0	0	
1	1	1	156	4.68		300	0	0	-0.0078	-0.0078	0.0113747	0	0	0	-472.463	-472.463	-5.11084e-06	0	0	0	4.99978	4.10803	0	0.891753		300	0.142224	-0.00324592	-0.00324592	0.00649184	0	0	0	0.142224	0	-0.418	-118.594	0	24.0078	24.0078	6.21725e-15	6.27	0	0	0	0	0	0	0	0	0	0	0	0	0	0	0	0	0	0	0	0	0	0	0	0	0	0	0	0	0	0	0	0	0	
1	1	1	157	4.71		300	0	0	-0.00785	-0.00785	0.0114694	0	0	0	-473.061	-473.061	-5.11087e-06	0	0	0	5.04706	4.14315	0	0.903906		300	0.144162	-0.00329016	-0.00329016	0.00658031	0	0	0	0.144162	0	-0.418	-118.594	0	24.0078	24.0078	6.21725e-15	6.27	0	0	0	0	0	0	0	0	0	0	0	0	0	0	0	0	0	0	0	0	0	0	0	0	0	0	0	0	0	0	0	0	0	
1	1	1	158	4.74		300	0	0	-0.0079	-0.0079	0.0115641	0	0	0	-473.655	-473.655	-5.11089e-06	0	0	0	5.09439	4.17832	0	0.916071		300	0.146102	-0.00333443	-0.00333443	0.00666887	0	0	0	0.146102	0	-0.418	-118.594	0	24.0078	24.0078	6.21725e-15	6.27	0	0	0	0	0	0	0	0	0	0	0	0	0	0	0	0	0	0	0	0	0	0	0	0	0	0	0	0	0	0	0	0	0	
1	1	1	159	4.77		300	0	0	-0.00795	-0.00795	0.0116588	0	0	0	-474.244	-474.244	-5.11092e-06	0	0	0	5.14179	4.21354	0	0.928246		300	0.148044	-0.00337875	-0.00337875	0.00675751	0	0	0	0.148044	0	-0.418	-118.594	0	24.0078	24.0078	6.21725e-15	6.27	0	0	0	0	0	0	0	0	0	0	0	0	0	0	0	0	0	0	0	0	0	0	0	0	0	0	0	0	0	0	0	0	0	
1	1	1	160	4.8		300	0	0	-0.008	-0.008	0.0117535	0	0	0	-474.829	-474.829	-5.11094e-06	0	0	0	5.18924	4.24881	0	0.940434		300	0.149987	-0.00342311	-0.00342311	0.00684623	0	0	0	0.149987	0	-0.418	-118.594	0	24.0078	24.0078	6.21725e-15	6.27	0	0	0	0	0	0	0	0	0	0	0	0	0	0	0	0	0	0	0	0	0	0	0	0	0	0	0	0	0	0	0	0	0	
1	1	1	161	4.83		300	0	0	-0.00805	-0.00805	0.0118484	0	0	0	-475.41	-475.41	-5.11096e-06	0	0	0	5.23675	4.28412	0	0.952632		300	0.151933	-0.00346751	-0.00346751	0.00693502	0	0	0	0.151933	0	-0.418	-118.594	0	24.0078	24.0078	6.21725e-15	6.27	0	0	0	0	0	0	0	0	0	0	0	0	0	0	0	0	0	0	0	0	0	0	0	0	0	0	0	0	0	0	0	0	0	
1	1	1	162	4.86		300	0	0	-0.0081	-0.0081	0.0119432	0	0	0	-475.987	-475.987	-5.11098e-06	0	0	0	5.28432	4.31948	0	0.96484		300	0.15388	-0.00351195	-0.00351195	0.0070239	0	0	0	0.15388	0	-0.418	-118.594	0	24.0078	24.0078	6.21725e-15	6.27	0	0	0	0	0	0	0	0	0	0	0	0	0	0	0	0	0	0	0	0	0	0	0	0	0	0	0	0	0	0	0	0	0	
1	1	1	163	4.89		300	0	0	-0.00815	-0.00815	0.0120381	0	0	0	-476.56	-476.56	-5.111e-06	0	0	0	5.33195	4.35489	0	0.977059		300	0.155829	-0.00355642	-0.00355642	0.00711285	0	0	0	0.155829	0	-0.418	-118.594	0	24.0078	24.0078	6.21725e-15	6.27	0	0	0	0	0	0	0	0	0	0	0	0	0	0	0	0	0	0	0	0	0	0	0	0	0	0	0	0	0	0	0	0	0	
1	1	1	164	4.92		300	0	0	-0.0082	-0.0082	0.012133	0	0	0	-477.13	-477.13	-5.11102e-06	0	0	0	5.37964	4.39035	0	0.989288		300	0.157779	-0.00360094	-0.00360094	0.00720188	0	0	0	0.157779	0	-0.418	-118.594	0	24.0078	24.0078	6.21725e-15	6.27	0	0	0	0	0	0	0	0	0	0	0	0	0	0	0	0	0	0	0	0	0	0	0	0	0	0	0	0	0	0	0	0	0	
1	1	1	165	4.95		300	0	0	-0.00825	-0.00825	0.0122279	0	0	0	-477.695	-477.695	-5.11104e-06	0	0	0	5.42738	4.42585	0	1.00153		300	0.159731	-0.00364549	-0.00364549	0.00729097	0	0	0	0.159731	0	-0.418	-118.594	0	24.0078	24.0078	6.21725e-15	6.27	0	0	0	0	0	0	0	0	0	0	0	0	0	0	0	0	0	0	0	0	0	0	0	0	0	0	0	0	0	0	0	0	0	
1	1	1	166	4.98		300	0	0	-0.0083	-0.0083	0.0123229	0	0	0	-478.257	-478.257	-5.11105e-06	0	0	0	5.47517	4.4614	0	1.01378		300	0.161684	-0.00369007	-0.00369007	0.00738014	0	0	0	0.161684	0	-0.418	-118.594	0	24.0078	24.0078	6.21725e-15	6.27	0	0	0	0	0	0	0	0	0	0	0	0	0	0	0	0	0	0	0	0	0	0	0	0	0	0	0	0	0	0	0	0	0	
1	1	1	167	5.01		300	0	0	-0.00835	-0.00835	0.0124179	0	0	0	-478.815	-478.815	-5.11107e-06	0	0	0	5.52303	4.49699	0	1.02603		300	0.16364	-0.00373469	-0.00373469	0.00746938	0	0	0	0.16364	0	-0.418	-118.594	0	24.0078	24.0078	6.21725e-15	6.27	0	0	0	0	0	0	0	0	0	0	0	0	0	0	0	0	0	0	0	0	0	0	0	0	0	0	0	0	0	0	0	0	0	
1	1	1	168	5.04		300	0	0	-0.0084	-0.0084	0.0125129	0	0	0	-479.37	-479.37	-5.11108e-06	0	0	0	5.57094	4.53263	0	1.0383		300	0.165596	-0.00377934	-0.00377934	0.00755869	0	0	0	0.165596	0	-0.418	-118.594	0	24.0078	24.0078	6.21725e-15	6.27	0	0	0	0	0	0	0	0	0	0	0	0	0	0	0	0	0	0	0	0	0	0	0	0	0	0	0	0	0	0	0	0	0	
1	1	1	169	5.07		300	0	0	-0.00845	-0.00845	0.012608	0	0	0	-479.921	-479.921	-5.1111e-06	0	0	0	5.6189	4.56832	0	1.05058		300	0.167554	-0.00382403	-0.00382403	0.00764806	0	0	0	0.167554	0	-0.418	-118.594	0	24.0078	24.0078	6.21725e-15	6.27	0	0	0	0	0	0	0	0	0	0	0	0	0	0	0	0	0	0	0	0	0	0	0	0	0	0	0	0	0	0	0	0	0	
1	1	1	170	5.1		300	0	0	-0.0085	-0.0085	0.0127031	0	0	0	-480.469	-480.469	-5.11111e-06	0	0	0	5.66692	4.60406	0	1.06287		300	0.169514	-0.00386875	-0.00386875	0.0077375	0	0	0	0.169514	0	-0.418	-118.594	0	24.0078	24.0078	6.21725e-15	6.27	0	0	0	0	0	0	0	0	0	0	0	0	0	0	0	0	0	0	0	0	0	0	0	0	0	0	0	0	0	0	0	0	0	
1	1	1	171	5.13		300	0	0	-0.00855	-0.00855	0.0127982	0	0	0	-481.013	-481.013	-5.11112e-06	0	0	0	5.715	4.63983	0	1.07516		300	0.171474	-0.0039135	-0.0039135	0.007827	0	0	0	0.171474	0	-0.418	-118.594	0	24.0078	24.0078	6.21725e-15	6.27	0	0	0	0	0	0	0	0	0	0	0	0	0	0	0	0	0	0	0	0	0	0	0	0	0	0	0	0	0	0	0	0	0	
1	1	1	172	5.16		300	0	0	-0.0086	-0.0086	0.0128934	0	0	0	-481.555	-481.555	-5.11113e-06	0	0	0	5.76312	4.67566	0	1.08746		300	0.173437	-0.00395829	-0.00395829	0.00791657	0	0	0	0.173437	0	-0.418	-118.594	0	24.0078	24.0078	6.21725e-15	6.27	0	0	0	0	0	0	0	0	0	0	0	0	0	0	0	0	0	0	0	0	0	0	0	0	0	0	0	0	0	0	0	0	0	
1	1	1	173	5.19		300	0	0	-0.00865	-0.00865	0.0129886	0	0	0	-482.093	-482.093	-5.11114e-06	0	0	0	5.81131	4.71153	0	1.09978		300	0.1754	-0.0040031	-0.0040031	0.0080062	0	0	0	0.1754	0	-0.418	-118.594	0	24.0078	24.0078	6.21725e-15	6.27	0	0	0	0	0	0	0	0	0	0	0	0	0	0	0	0	0	0	0	0	0	0	0	0	0	0	0	0	0	0	0	0	0	
1	1	1	174	5.22		300	0	0	-0.0087	-0.0087	0.0130838	0	0	0	-482.628	-482.628	-5.11115e-06	0	0	0	5.85954	4.74745	0	1.1121		300	0.177365	-0.00404794	-0.00404794	0.00809589	0	0	0	0.177365	0	-0.418	-118.594	0	24.0078	24.0078	6.21725e-15	6.27	0	0	0	0	0	0	0	0	0	0	0	0	0	0	0	0	0	0	0	0	0	0	0	0	0	0	0	0	0	0	0	0	0	
1	1	1	175	5.25		300	0	0	-0.00875	-0.00875	0.0131791	0	0	0	-483.159	-483.159	-5.11116e-06	0	0	0	5.90783	4.78341	0	1.12443		300	0.179331	-0.00409282	-0.00409282	0.00818563	0	0	0	0.179331	0	-0.418	-118.594	0	24.0078	24.0078	6.21725e-15	6.27	0	0	0	0	0	0	0	0	0	0	0	0	0	0	0	0	0	0	0	0	0	0	0	0	0	0	0	0	0	0	0	0	0	
1	1	1	176	5.28		300	0	0	-0.0088	-0.0088	0.0132743	0	0	0	-483.688	-483.688	-5.11117e-06	0	0	0	5.95617	4.81941	0	1.13676		300	0.181299	-0.00413772	-0.00413772	0.00827544	0	0	0	0.181299	0	-0.418	-118.594	0	24.0078	24.0078	6.21725e-15	6.27	0	0	0	0	0	0	0	0	0	0	0	0	0	0	0	0	0	0	0	0	0	0	0	0	0	0	0	0	0	0	0	0	0	
1	1	1	177	5.31		300	0	0	-0.00885	-0.00885	0.0133696	0	0	0	-484.214	-484.214	-5.11118e-06	0	0	0	6.00457	4.85546	0	1.14911		300	0.183267	-0.00418265	-0.00418265	0.0083653	0	0	0	0.183267	0	-0.418	-118.594	0	24.0078	24.0078	6.21725e-15	6.27	0	0	0	0	0	0	0	0	0	0	0	0	0	0	0	0	0	0	0	0	0	0	0	0	0	0	0	0	0	0	0	0	0	
1	1	1	178	5.34		300	0	0	-0.0089	-0.0089	0.0134649	0	0	0	-484.737	-484.737	-5.11119e-06	0	0	0	6.05302	4.89156	0	1.16146		300	0.185237	-0.00422761	-0.00422761	0.00845522	0	0	0	0.185237	0	-0.418	-118.594	0	24.0078	24.0078	6.21725e-15	6.27	0	0	0	0	0	0	0	0	0	0	0	0	0	0	0	0	0	0	0	0	0	0	0	0	0	0	0	0	0	0	0	0	0	
1	1	1	179	5.37		300	0	0	-0.00895	-0.00895	0.0135603	0	0	0	-485.257	-485.257	-5.11119e-06	0	0	0	6.10152	4.9277	0	1.17382		300	0.187209	-0.0042726	-0.0042726	0.00854519	0	0	0	0.187209	0	-0.418	-118.594	0	24.0078	24.0078	6.21725e-15	6.27	0	0	0	0	0	0	0	0	0	0	0	0	0	0	0	0	0	0	0	0	0	0	0	0	0	0	0	0	0	0	0	0	0	
1	1	1	180	5.4		300	0	0	-0.009	-0.009	0.0136557	0	0	0	-485.774	-485.774	-5.1112e-06	0	0	0	6.15007	4.96388	0	1.18618		300	0.189181	-0.00431761	-0.00431761	0.00863522	0	0	0	0.189181	0	-0.418	-118.594	0	24.0078	24.0078	6.21725e-15	6.27	0	0	0	0	0	0	0	0	0	0	0	0	0	0	0	0	0	0	0	0	0	0	0	0	0	0	0	0	0	0	0	0	0	
1	1	1	181	5.43		300	0	0	-0.00905	-0.00905	0.0137511	0	0	0	-486.289	-486.289	-5.11121e-06	0	0	0	6.19867	5.00011	0	1.19856		300	0.191154	-0.00436265	-0.00436265	0.0087253	0	0	0	0.191154	0	-0.418	-118.594	0	24.0078	24.0078	6.21725e-15	6.27	0	0	0	0	0	0	0	0	0	0	0	0	0	0	0	0	0	0	0	0	0	0	0	0	0	0	0	0	0	0	0	0	0	
1	1	1	182	5.46		300	0	0	-0.0091	-0.0091	0.0138465	0	0	0	-486.801	-486.801	-5.11121e-06	0	0	0	6.24733	5.03639	0	1.21094		300	0.193129	-0.00440772	-0.00440772	0.00881543	0	0	0	0.193129	0	-0.418	-118.594	0	24.0078	24.0078	6.21725e-15	6.27	0	0	0	0	0	0	0	0	0	0	0	0	0	0	0	0	0	0	0	0	0	0	0	0	0	0	0	0	0	0	0	0	0	
1	1	1	183	5.49		300	0	0	-0.00915	-0.00915	0.0139419	0	0	0	-487.31	-487.31	-5.11122e-06	0	0	0	6.29603	5.0727	0	1.22333		300	0.195105	-0.00445281	-0.00445281	0.00890562	0	0	0	0.195105	0	-0.418	-118.594	0	24.0078	24.0078	6.21725e-15	6.27	0	0	0	0	0	0	0	0	0	0	0	0	0	0	0	0	0	0	0	0	0	0	0	0	0	0	0	0	0	0	0	0	0	
1	1	1	184	5.52		300	0	0	-0.0092	-0.0092	0.0140374	0	0	0	-487.817	-487.817	-5.11122e-06	0	0	0	6.34479	5.10906	0	1.23572		300	0.197081	-0.00449792	-0.00449792	0.00899585	0	0	0	0.197081	0	-0.418	-118.594	0	24.0078	24.0078	6.21725e-15	6.27	0	0	0	0	0	0	0	0	0	0	0	0	0	0	0	0	0	0	0	0	0	0	0	0	0	0	0	0	0	0	0	0	0	
1	1	1	185	5.55		300	0	0	-0.00925	-0.00925	0.0141329	0	0	0	-488.321	-488.321	-5.11123e-06	0	0	0	6.39359	5.14547	0	1.24813		300	0.199059	-0.00454307	-0.00454307	0.00908613	0	0	0	0.199059	0	-0.418	-118.594	0	24.0078	24.0078	6.21725e-15	6.27	0	0	0	0	0	0	0	0	0	0	0	0	0	0	0	0	0	0	0	0	0	0	0	0	0	0	0	0	0	0	0	0	0	
1	1	1	186	5.58		300	0	0	-0.0093	-0.0093	0.0142284	0	0	0	-488.823	-488.823	-5.11123e-06	0	0	0	6.44245	5.18192	0	1.26053		300	0.201038	-0.00458823	-0.00458823	0.00917646	0	0	0	0.201038	0	-0.418	-118.594	0	24.0078	24.0078	6.21725e-15	6.27	0	0	0	0	0	0	0	0	0	0	0	0	0	0	0	0	0	0	0	0	0	0	0	0	0	0	0	0	0	0	0	0	0	
1	1	1	187	5.61		300	0	0	-0.00935	-0.00935	0.0143239	0	0	0	-489.322	-489.322	-5.11124e-06	0	0	0	6.49136	5.21841	0	1.27295		300	0.203018	-0.00463342	-0.00463342	0.00926684	0	0	0	0.203018	0	-0.418	-118.594	0	24.0078	24.0078	6.21725e-15	6.27	0	0	0	0	0	0	0	0	0	0	0	0	0	0	0	0	0	0	0	0	0	0	0	0	0	0	0	0	0	0	0	0	0	
1	1	1	188	5.64		300	0	0	-0.0094	-0.0094	0.0144195	0	0	0	-489.819	-489.819	-5.11124e-06	0	0	0	6.54032	5.25495	0	1.28537		300	0.204999	-0.00467863	-0.00467863	0.00935726	0	0	0	0.204999	0	-0.418	-118.594	0	24.0078	24.0078	6.21725e-15	6.27	0	0	0	0	0	0	0	0	0	0	0	0	0	0	0	0	0	0	0	0	0	0	0	0	0	0	0	0	0	0	0	0	0	
1	1	1	189	5.67		300	0	0	-0.00945	-0.00945	0.0145151	0	0	0	-490.313	-490.313	-5.11125e-06	0	0	0	6.58932	5.29152	0	1.2978		300	0.206981	-0.00472386	-0.00472386	0.00944773	0	0	0	0.206981	0	-0.418	-118.594	0	24.0078	24.0078	6.21725e-15	6.27	0	0	0	0	0	0	0	0	0	0	0	0	0	0	0	0	0	0	0	0	0	0	0	0	0	0	0	0	0	0	0	0	0	
1	1	1	190	5.7		300	0	0	-0.0095	-0.0095	0.0146107	0	0	0	-490.805	-490.805	-5.11125e-06	0	0	0	6.63838	5.32815	0	1.31023		300	0.208964	-0.00476912	-0.00476912	0.00953824	0	0	0	0.208964	0	-0.418	-118.594	0	24.0078	24.0078	6.21725e-15	6.27	0	0	0	0	0	0	0	0	0	0	0	0	0	0	0	0	0	0	0	0	0	0	0	0	0	0	0	0	0	0	0	0	0	
1	1	1	191	5.73		300	0	0	-0.00955	-0.00955	0.0147063	0	0	0	-491.295	-491.295	-5.11125e-06	0	0	0	6.68748	5.36481	0	1.32267		300	0.210948	-0.0048144	-0.0048144	0.0096288	0	0	0	0.210948	0	-0.418	-118.594	0	24.0078	24.0078	6.21725e-15	6.27	0	0	0	0	0	0	0	0	0	0	0	0	0	0	0	0	0	0	0	0	0	0	0	0	0	0	0	0	0	0	0	0	0	
1	1	1	192	5.76		300	0	0	-0.0096	-0.0096	0.0148019	0	0	0	-491.782	-491.782	-5.11126e-06	0	0	0	6.73664	5.40152	0	1.33512		300	0.212933	-0.0048597	-0.0048597	0.0097194	0	0	0	0.212933	0	-0.418	-118.594	0	24.0078	24.0078	6.21725e-15	6.27	0	0	0	0	0	0	0	0	0	0	0	0	0	0	0	0	0	0	0	0	0	0	0	0	0	0	0	0	0	0	0	0	0	
1	1	1	193	5.79		300	0	0	-0.00965	-0.00965	0.0148976	0	0	0	-492.268	-492.268	-5.11126e-06	0	0	0	6.78584	5.43827	0	1.34757		300	0.214919	-0.00490502	-0.00490502	0.00981004	0	0	0	0.214919	0	-0.418	-118.594	0	24.0078	24.0078	6.21725e-15	6.27	0	0	0	0	0	0	0	0	0	0	0	0	0	0	0	0	0	0	0	0	0	0	0	0	0	0	0	0	0	0	0	0	0	
1	1	1	194	5.82		300	0	0	-0.0097	-0.0097	0.0149933	0	0	0	-492.751	-492.751	-5.11126e-06	0	0	0	6.83509	5.47506	0	1.36003		300	0.216906	-0.00495036	-0.00495036	0.00990073	0	0	0	0.216906	0	-0.418	-118.594	0	24.0078	24.0078	6.21725e-15	6.27	0	0	0	0	0	0	0	0	0	0	0	0	0	0	0	0	0	0	0	0	0	0	0	0	0	0	0	0	0	0	0	0	0	
1	1	1	195	5.85		300	0	0	-0.00975	-0.00975	0.015089	0	0	0	-493.232	-493.232	-5.11127e-06	0	0	0	6.88439	5.5119	0	1.37249		300	0.218893	-0.00499573	-0.00499573	0.00999146	0	0	0	0.218893	0	-0.418	-118.594	0	24.0078	24.0078	6.21725e-15	6.27	0	0	0	0	0	0	0	0	0	0	0	0	0	0	0	0	0	0	0	0	0	0	0	0	0	0	0	0	0	0	0	0	0	
1	1	1	196	5.88		300	0	0	-0.0098	-0.0098	0.0151847	0	0	0	-493.711	-493.711	-5.11127e-06	0	0	0	6.93374	5.54878	0	1.38496		300	0.220882	-0.00504111	-0.00504111	0.0100822	0	0	0	0.220882	0	-0.418	-118.594	0	24.0078	24.0078	6.21725e-15	6.27	0	0	0	0	0	0	0	0	0	0	0	0	0	0	0	0	0	0	0	0	0	0	0	0	0	0	0	0	0	0	0	0	0	
1	1	1	197	5.91		300	0	0	-0.00985	-0.00985	0.0152804	0	0	0	-494.188	-494.188	-5.11127e-06	0	0	0	6.98313	5.5857	0	1.39743		300	0.222871	-0.00508651	-0.00508651	0.010173	0	0	0	0.222871	0	-0.418	-118.594	0	24.0078	24.0078	6.21725e-15	6.27	0	0	0	0	0	0	0	0	0	0	0	0	0	0	0	0	0	0	0	0	0	0	0	0	0	0	0	0	0	0	0	0	0	
1	1	1	198	5.94		300	0	0	-0.0099	-0.0099	0.0153762	0	0	0	-494.663	-494.663	-5.11128e-06	0	0	0	7.03257	5.62266	0	1.40991		300	0.224861	-0.00513194	-0.00513194	0.0102639	0	0	0	0.224861	0	-0.418	-118.594	0	24.0078	24.0078	6.21725e-15	6.27	0	0	0	0	0	0	0	0	0	0	0	0	0	0	0	0	0	0	0	0	0	0	0	0	0	0	0	0	0	0	0	0	0	
1	1	1	199	5.97		300	0	0	-0.00995	-0.00995	0.0154719	0	0	0	-495.136	-495.136	-5.11128e-06	0	0	0	7.08206	5.65967	0	1.4224		300	0.226852	-0.00517738	-0.00517738	0.0103548	0	0	0	0.226852	0	-0.418	-118.594	0	24.0078	24.0078	6.21725e-15	6.27	0	0	0	0	0	0	0	0	0	0	0	0	0	0	0	0	0	0	0	0	0	0	0	0	0	0	0	0	0	0	0	0	0	
1	1	1	200	6		300	0	0	-0.01	-0.01	0.0155677	0	0	0	-495.607	-495.607	-5.11128e-06	0	0	0	7.1316	5.69672	0	1.43488		300	0.228844	-0.00522284	-0.00522284	0.0104457	0	0	0	0.228844	0	-0.418	-118.594	0	24.0078	24.0078	6.21725e-15	6.27	0	0	0	0	0	0	0	0	0	0	0	0	0	0	0	0	0	0	0	0	0	0	0	0	0	0	0	0	0	0	0	0	0	
1	1	1	201	6.03		300	0	0	-0.01005	-0.01005	0.0156635	0	0	0	-496.076	-496.076	-5.11128e-06	0	0	0	7.18119	5.73381	0	1.44738		300	0.230837	-0.00526832	-0.00526832	0.0105366	0	0	0	0.230837	0	-0.418	-118.594	0	24.0078	24.0078	6.21725e-15	6.27	0	0	0	0	0	0	0	0	0	0	0	0	0	0	0	0	0	0	0	0	0	0	0	0	0	0	0	0	0	0	0	0	0	
1	1	1	202	6.06		300	0	0	-0.0101	-0.0101	0.0157594	0	0	0	-496.543	-496.543	-5.11128e-06	0	0	0	7.23082	5.77094	0	1.45988		300	0.232831	-0.00531381	-0.00531381	0.0106276	0	0	0	0.232831	0	-0.418	-118.594	0	24.0078	24.0078	6.21725e-15	6.27	0	0	0	0	0	0	0	0	0	0	0	0	0	0	0	0	0	0	0	0	0	0	0	0	0	0	0	0	0	0	0	0	0	
1	1	1	203	6.09		300	0	0	-0.01015	-0.01015	0.0158552	0	0	0	-497.008	-497.008	-5.11129e-06	0	0	0	7.28049	5.80811	0	1.47238		300	0.234825	-0.00535933	-0.00535933	0.0107187	0	0	0	0.234825	0	-0.418	-118.594	0	24.0078	24.0078	6.21725e-15	6.27	0	0	0	0	0	0	0	0	0	0	0	0	0	0	0	0	0	0	0	0	0	0	0	0	0	0	0	0	0	0	0	0	0	
1	1	1	204	6.12		300	0	0	-0.0102	-0.0102	0.0159511	0	0	0	-497.472	-497.472	-5.11129e-06	0	0	0	7.33022	5.84532	0	1.48489		300	0.23682	-0.00540486	-0.00540486	0.0108097	0	0	0	0.23682	0	-0.418	-118.594	0	24.0078	24.0078	6.21725e-15	6.27	0	0	0	0	0	0	0	0	0	0	0	0	0	0	0	0	0	0	0	0	0	0	0	0	0	0	0	0	0	0	0	0	0	
1	1	1	205	6.15		300	0	0	-0.01025	-0.01025	0.0160469	0	0	0	-497.934	-497.934	-5.11129e-06	0	0	0	7.37999	5.88258	0	1.49741		300	0.238816	-0.00545041	-0.00545041	0.0109008	0	0	0	0.238816	0	-0.418	-118.594	0	24.0078	24.0078	6.21725e-15	6.27	0	0	0	0	0	0	0	0	0	0	0	0	0	0	0	0	0	0	0	0	0	0	0	0	0	0	0	0	0	0	0	0	0	
1	1	1	206	6.18		300	0	0	-0.0103	-0.0103	0.0161428	0	0	0	-498.393	-498.393	-5.11129e-06	0	0	0	7.4298	5.91988	0	1.50993		300	0.240812	-0.00549598	-0.00549598	0.010992	0	0	0	0.240812	0	-0.418	-118.594	0	24.0078	24.0078	6.21725e-15	6.27	0	0	0	0	0	0	0	0	0	0	0	0	0	0	0	0	0	0	0	0	0	0	0	0	0	0	0	0	0	0	0	0	0	
1	1	1	207	6.21		300	0	0	-0.01035	-0.01035	0.0162387	0	0	0	-498.852	-498.852	-5.11129e-06	0	0	0	7.47967	5.95722	0	1.52245		300	0.242809	-0.00554156	-0.00554156	0.0110831	0	0	0	0.242809	0	-0.418	-118.594	0	24.0078	24.0078	6.21725e-15	6.27	0	0	0	0	0	0	0	0	0	0	0	0	0	0	0	0	0	0	0	0	0	0	0	0	0	0	0	0	0	0	0	0	0	
1	1	1	208	6.24		300	0	0	-0.0104	-0.0104	0.0163346	0	0	0	-499.308	-499.308	-5.1113e-06	0	0	0	7.52957	5.9946	0	1.53498		300	0.244807	-0.00558716	-0.00558716	0.0111743	0	0	0	0.244807	0	-0.418	-118.594	0	24.0078	24.0078	6.21725e-15	6.27	0	0	0	0	0	0	0	0	0	0	0	0	0	0	0	0	0	0	0	0	0	0	0	0	0	0	0	0	0	0	0	0	0	
1	1	1	209	6.27		300	0	0	-0.01045	-0.01045	0.0164306	0	0	0	-499.763	-499.763	-5.1113e-06	0	0	0	7.57953	6.03202	0	1.54751		300	0.246806	-0.00563277	-0.00563277	0.0112655	0	0	0	0.246806	0	-0.418	-118.594	0	24.0078	24.0078	6.21725e-15	6.27	0	0	0	0	0	0	0	0	0	0	0	0	0	0	0	0	0	0	0	0	0	0	0	0	0	0	0	0	0	0	0	0	0	
1	1	1	210	6.3		300	0	0	-0.0105	-0.0105	0.0165265	0	0	0	-500.216	-500.216	-5.1113e-06	0	0	0	7.62953	6.06948	0	1.56005		300	0.248806	-0.00567841	-0.00567841	0.0113568	0	0	0	0.248806	0	-0.418	-118.594	0	24.0078	24.0078	6.21725e-15	6.27	0	0	0	0	0	0	0	0	0	0	0	0	0	0	0	0	0	0	0	0	0	0	0	0	0	0	0	0	0	0	0	0	0	
1	1	1	211	6.33		300	0	0	-0.01055	-0.01055	0.0166225	0	0	0	-500.668	-500.668	-5.1113e-06	0	0	0	7.67957	6.10698	0	1.57259		300	0.250806	-0.00572405	-0.00572405	0.0114481	0	0	0	0.250806	0	-0.418	-118.594	0	24.0078	24.0078	6.21725e-15	6.27	0	0	0	0	0	0	0	0	0	0	0	0	0	0	0	0	0	0	0	0	0	0	0	0	0	0	0	0	0	0	0	0	0	
1	1	1	212	6.36		300	0	0	-0.0106	-0.0106	0.0167184	0	0	0	-501.118	-501.118	-5.1113e-06	0	0	0	7.72966	6.14453	0	1.58513		300	0.252806	-0.00576972	-0.00576972	0.0115394	0	0	0	0.252806	0	-0.418	-118.594	0	24.0078	24.0078	6.21725e-15	6.27	0	0	0	0	0	0	0	0	0	0	0	0	0	0	0	0	0	0	0	0	0	0	0	0	0	0	0	0	0	0	0	0	0	
1	1	1	213	6.39		300	0	0	-0.01065	-0.01065	0.0168144	0	0	0	-501.566	-501.566	-5.1113e-06	0	0	0	7.7798	6.18211	0	1.59768		300	0.254808	-0.00581539	-0.00581539	0.0116308	0	0	0	0.254808	0	-0.418	-118.594	0	24.0078	24.0078	6.21725e-15	6.27	0	0	0	0	0	0	0	0	0	0	0	0	0	0	0	0	0	0	0	0	0	0	0	0	0	0	0	0	0	0	0	0	0	
1	1	1	214	6.42		300	0	0	-0.0107	-0.0107	0.0169104	0	0	0	-502.013	-502.013	-5.1113e-06	0	0	0	7.82997	6.21974	0	1.61024		300	0.25681	-0.00586109	-0.00586109	0.0117222	0	0	0	0.25681	0	-0.418	-118.594	0	24.0078	24.0078	6.21725e-15	6.27	0	0	0	0	0	0	0	0	0	0	0	0	0	0	0	0	0	0	0	0	0	0	0	0	0	0	0	0	0	0	0	0	0	
1	1	1	215	6.45		300	0	0	-0.01075	-0.01075	0.0170065	0	0	0	-502.458	-502.458	-5.1113e-06	0	0	0	7.8802	6.2574	0	1.6228		300	0.258813	-0.00590679	-0.00590679	0.0118136	0	0	0	0.258813	0	-0.418	-118.594	0	24.0078	24.0078	6.21725e-15	6.27	0	0	0	0	0	0	0	0	0	0	0	0	0	0	0	0	0	0	0	0	0	0	0	0	0	0	0	0	0	0	0	0	0	
1	1	1	216	6.48		300	0	0	-0.0108	-0.0108	0.0171025	0	0	0	-502.902	-502.902	-5.1113e-06	0	0	0	7.93047	6.29511	0	1.63536		300	0.260816	-0.00595252	-0.00595252	0.011905	0	0	0	0.260816	0	-0.418	-118.594	0	24.0078	24.0078	6.21725e-15	6.27	0	0	0	0	0	0	0	0	0	0	0	0	0	0	0	0	0	0	0	0	0	0	0	0	0	0	0	0	0	0	0	0	0	
1	1	1	217	6.51		300	0	0	-0.01085	-0.01085	0.0171985	0	0	0	-503.345	-503.345	-5.1113e-06	0	0	0	7.98078	6.33285	0	1.64792		300	0.26282	-0.00599825	-0.00599825	0.0119965	0	0	0	0.26282	0	-0.418	-118.594	0	24.0078	24.0078	6.21725e-15	6.27	0	0	0	0	0	0	0	0	0	0	0	0	0	0	0	0	0	0	0	0	0	0	0	0	0	0	0	0	0	0	0	0	0	
1	1	1	218	6.54		300	0	0	-0.0109	-0.0109	0.0172946	0	0	0	-503.786	-503.786	-5.11131e-06	0	0	0	8.03113	6.37064	0	1.66049		300	0.264825	-0.006044	-0.006044	0.012088	0	0	0	0.264825	0	-0.418	-118.594	0	24.0078	24.0078	6.21725e-15	6.27	0	0	0	0	0	0	0	0	0	0	0	0	0	0	0	0	0	0	0	0	0	0	0	0	0	0	0	0	0	0	0	0	0	
1	1	1	219	6.57		300	0	0	-0.01095	-0.01095	0.0173907	0	0	0	-504.225	-504.225	-5.11131e-06	0	0	0	8.08154	6.40847	0	1.67307		300	0.26683	-0.00608977	-0.00608977	0.0121795	0	0	0	0.26683	0	-0.418	-118.594	0	24.0078	24.0078	6.21725e-15	6.27	0	0	0	0	0	0	0	0	0	0	0	0	0	0	0	0	0	0	0	0	0	0	0	0	0	0	0	0	0	0	0	0	0	
1	1	1	220	6.6		300	0	0	-0.011	-0.011	0.0174867	0	0	0	-504.663	-504.663	-5.11131e-06	0	0	0	8.13198	6.44634	0	1.68564		300	0.268835	-0.00613554	-0.00613554	0.0122711	0	0	0	0.268835	0	-0.418	-118.594	0	24.0078	24.0078	6.21725e-15	6.27	0	0	0	0	0	0	0	0	0	0	0	0	0	0	0	0	0	0	0	0	0	0	0	0	0	0	0	0	0	0	0	0	0	
1	1	1	221	6.63		300	0	0	-0.01105	-0.01105	0.0175828	0	0	0	-505.1	-505.1	-5.11131e-06	0	0	0	8.18247	6.48424	0	1.69822		300	0.270842	-0.00618133	-0.00618133	0.0123627	0	0	0	0.270842	0	-0.418	-118.594	0	24.0078	24.0078	6.21725e-15	6.27	0	0	0	0	0	0	0	0	0	0	0	0	0	0	0	0	0	0	0	0	0	0	0	0	0	0	0	0	0	0	0	0	0	
1	1	1	222	6.66		300	0	0	-0.0111	-0.0111	0.0176789	0	0	0	-505.535	-505.535	-5.11131e-06	0	0	0	8.233	6.52219	0	1.71081		300	0.272849	-0.00622714	-0.00622714	0.0124543	0	0	0	0.272849	0	-0.418	-118.594	0	24.0078	24.0078	6.21725e-15	6.27	0	0	0	0	0	0	0	0	0	0	0	0	0	0	0	0	0	0	0	0	0	0	0	0	0	0	0	0	0	0	0	0	0	
1	1	1	223	6.69		300	0	0	-0.01115	-0.01115	0.0177751	0	0	0	-505.969	-505.969	-5.11131e-06	0	0	0	8.28357	6.56018	0	1.7234		300	0.274856	-0.00627295	-0.00627295	0.0125459	0	0	0	0.274856	0	-0.418	-118.594	0	24.0078	24.0078	6.21725e-15	6.27	0	0	0	0	0	0	0	0	0	0	0	0	0	0	0	0	0	0	0	0	0	0	0	0	0	0	0	0	0	0	0	0	0	
1	1	1	224	6.72		300	0	0	-0.0112	-0.0112	0.0178712	0	0	0	-506.402	-506.402	-5.11131e-06	0	0	0	8.33419	6.59821	0	1.73599		300	0.276864	-0.00631878	-0.00631878	0.0126376	0	0	0	0.276864	0	-0.418	-118.594	0	24.0078	24.0078	6.21725e-15	6.27	0	0	0	0	0	0	0	0	0	0	0	0	0	0	0	0	0	0	0	0	0	0	0	0	0	0	0	0	0	0	0	0	0	
1	1	1	225	6.75		300	0	0	-0.01125	-0.01125	0.0179673	0	0	0	-506.834	-506.834	-5.11131e-06	0	0	0	8.38486	6.63627	0	1.74858		300	0.278873	-0.00636462	-0.00636462	0.0127292	0	0	0	0.278873	0	-0.418	-118.594	0	24.0078	24.0078	6.21725e-15	6.27	0	0	0	0	0	0	0	0	0	0	0	0	0	0	0	0	0	0	0	0	0	0	0	0	0	0	0	0	0	0	0	0	0	
1	1	1	226	6.78		300	0	0	-0.0113	-0.0113	0.0180635	0	0	0	-507.264	-507.264	-5.11131e-06	0	0	0	8.43556	6.67438	0	1.76118		300	0.280882	-0.00641048	-0.00641048	0.012821	0	0	0	0.280882	0	-0.418	-118.594	0	24.0078	24.0078	6.21725e-15	6.27	0	0	0	0	0	0	0	0	0	0	0	0	0	0	0	0	0	0	0	0	0	0	0	0	0	0	0	0	0	0	0	0	0	
1	1	1	227	6.81		300	0	0	-0.01135	-0.01135	0.0181596	0	0	0	-507.693	-507.693	-5.11131e-06	0	0	0	8.48631	6.71253	0	1.77378		300	0.282892	-0.00645634	-0.00645634	0.0129127	0	0	0	0.282892	0	-0.418	-118.594	0	24.0078	24.0078	6.21725e-15	6.27	0	0	0	0	0	0	0	0	0	0	0	0	0	0	0	0	0	0	0	0	0	0	0	0	0	0	0	0	0	0	0	0	0	
1	1	1	228	6.84		300	0	0	-0.0114	-0.0114	0.0182558	0	0	0	-508.12	-508.12	-5.11131e-06	0	0	0	8.5371	6.75071	0	1.78638		300	0.284902	-0.00650222	-0.00650222	0.0130044	0	0	0	0.284902	0	-0.418	-118.594	0	24.0078	24.0078	6.21725e-15	6.27	0	0	0	0	0	0	0	0	0	0	0	0	0	0	0	0	0	0	0	0	0	0	0	0	0	0	0	0	0	0	0	0	0	
1	1	1	229	6.87		300	0	0	-0.01145	-0.01145	0.018352	0	0	0	-508.547	-508.547	-5.11131e-06	0	0	0	8.58793	6.78894	0	1.79899		300	0.286912	-0.00654811	-0.00654811	0.0130962	0	0	0	0.286912	0	-0.418	-118.594	0	24.0078	24.0078	6.21725e-15	6.27	0	0	0	0	0	0	0	0	0	0	0	0	0	0	0	0	0	0	0	0	0	0	0	0	0	0	0	0	0	0	0	0	0	
1	1	1	230	6.9		300	0	0	-0.0115	-0.0115	0.0184482	0	0	0	-508.972	-508.972	-5.11131e-06	0	0	0	8.63881	6.8272	0	1.8116		300	0.288924	-0.00659401	-0.00659401	0.013188	0	0	0	0.288924	0	-0.418	-118.594	0	24.0078	24.0078	6.21725e-15	6.27	0	0	0	0	0	0	0	0	0	0	0	0	0	0	0	0	0	0	0	0	0	0	0	0	0	0	0	0	0	0	0	0	0	
1	1	1	231	6.93		300	0	0	-0.01155	-0.01155	0.0185444	0	0	0	-509.396	-509.396	-5.11131e-06	0	0	0	8.68973	6.86551	0	1.82422		300	0.290935	-0.00663992	-0.00663992	0.0132798	0	0	0	0.290935	0	-0.418	-118.594	0	24.0078	24.0078	6.21725e-15	6.27	0	0	0	0	0	0	0	0	0	0	0	0	0	0	0	0	0	0	0	0	0	0	0	0	0	0	0	0	0	0	0	0	0	
1	1	1	232	6.96		300	0	0	-0.0116	-0.0116	0.0186406	0	0	0	-509.819	-509.819	-5.11132e-06	0	0	0	8.74069	6.90385	0	1.83683		300	0.292947	-0.00668584	-0.00668584	0.0133717	0	0	0	0.292947	0	-0.418	-118.594	0	24.0078	24.0078	6.21725e-15	6.27	0	0	0	0	0	0	0	0	0	0	0	0	0	0	0	0	0	0	0	0	0	0	0	0	0	0	0	0	0	0	0	0	0	
1	1	1	233	6.99		300	0	0	-0.01165	-0.01165	0.0187369	0	0	0	-510.241	-510.241	-5.11132e-06	0	0	0	8.79169	6.94224	0	1.84945		300	0.29496	-0.00673178	-0.00673178	0.0134636	0	0	0	0.29496	0	-0.418	-118.594	0	24.0078	24.0078	6.21725e-15	6.27	0	0	0	0	0	0	0	0	0	0	0	0	0	0	0	0	0	0	0	0	0	0	0	0	0	0	0	0	0	0	0	0	0	
1	1	1	234	7.02		300	0	0	-0.0117	-0.0117	0.0188331	0	0	0	-510.662	-510.662	-5.11132e-06	0	0	0	8.84274	6.98066	0	1.86208		300	0.296973	-0.00677772	-0.00677772	0.0135554	0	0	0	0.296973	0	-0.418	-118.594	0	24.0078	24.0078	6.21725e-15	6.27	0	0	0	0	0	0	0	0	0	0	0	0	0	0	0	0	0	0	0	0	0	0	0	0	0	0	0	0	0	0	0	0	0	
1	1	1	235	7.05		300	0	0	-0.01175	-0.01175	0.0189293	0	0	0	-511.081	-511.081	-5.11132e-06	0	0	0	8.89382	7.01912	0	1.8747		300	0.298987	-0.00682368	-0.00682368	0.0136474	0	0	0	0.298987	0	-0.418	-118.594	0	24.0078	24.0078	6.21725e-15	6.27	0	0	0	0	0	0	0	0	0	0	0	0	0	0	0	0	0	0	0	0	0	0	0	0	0	0	0	0	0	0	0	0	0	
1	1	1	236	7.08		300	0	0	-0.0118	-0.0118	0.0190256	0	0	0	-511.5	-511.5	-5.11132e-06	0	0	0	8.94495	7.05762	0	1.88733		300	0.301001	-0.00686964	-0.00686964	0.0137393	0	0	0	0.301001	0	-0.418	-118.594	0	24.0078	24.0078	6.21725e-15	6.27	0	0	0	0	0	0	0	0	0	0	0	0	0	0	0	0	0	0	0	0	0	0	0	0	0	0	0	0	0	0	0	0	0	
1	1	1	237	7.11		300	0	0	-0.01185	-0.01185	0.0191219	0	0	0	-511.917	-511.917	-5.11132e-06	0	0	0	8.99612	7.09616	0	1.89996		300	0.303015	-0.00691562	-0.00691562	0.0138312	0	0	0	0.303015	0	-0.418	-118.594	0	24.0078	24.0078	6.21725e-15	6.27	0	0	0	0	0	0	0	0	0	0	0	0	0	0	0	0	0	0	0	0	0	0	0	0	0	0	0	0	0	0	0	0	0	
1	1	1	238	7.14		300	0	0	-0.0119	-0.0119	0.0192181	0	0	0	-512.334	-512.334	-5.11132e-06	0	0	0	9.04733	7.13474	0	1.9126		300	0.30503	-0.0069616	-0.0069616	0.0139232	0	0	0	0.30503	0	-0.418	-118.594	0	24.0078	24.0078	6.21725e-15	6.27	0	0	0	0	0	0	0	0	0	0	0	0	0	0	0	0	0	0	0	0	0	0	0	0	0	0	0	0	0	0	0	0	0	
1	1	1	239	7.17		300	0	0	-0.01195	-0.01195	0.0193144	0	0	0	-512.749	-512.749	-5.11132e-06	0	0	0	9.09859	7.17335	0	1.92524		300	0.307046	-0.0070076	-0.0070076	0.0140152	0	0	0	0.307046	0	-0.418	-118.594	0	24.0078	24.0078	6.21725e-15	6.27	0	0	0	0	0	0	0	0	0	0	0	0	0	0	0	0	0	0	0	0	0	0	0	0	0	0	0	0	0	0	0	0	0	
1	1	1	240	7.2		300	0	0	-0.012	-0.012	0.0194107	0	0	0	-513.164	-513.164	-5.11132e-06	0	0	0	9.14988	7.21201	0	1.93788		300	0.309061	-0.00705361	-0.00705361	0.0141072	0	0	0	0.309061	0	-0.418	-118.594	0	24.0078	24.0078	6.21725e-15	6.27	0	0	0	0	0	0	0	0	0	0	0	0	0	0	0	0	0	0	0	0	0	0	0	0	0	0	0	0	0	0	0	0	0	
1	1	1	241	7.23		300	0	0	-0.01205	-0.01205	0.019507	0	0	0	-513.577	-513.577	-5.11132e-06	0	0	0	9.20122	7.2507	0	1.95052		300	0.311078	-0.00709962	-0.00709962	0.0141992	0	0	0	0.311078	0	-0.418	-118.594	0	24.0078	24.0078	6.21725e-15	6.27	0	0	0	0	0	0	0	0	0	0	0	0	0	0	0	0	0	0	0	0	0	0	0	0	0	0	0	0	0	0	0	0	0	
1	1	1	242	7.26		300	0	0	-0.0121	-0.0121	0.0196033	0	0	0	-513.99	-513.99	-5.11132e-06	0	0	0	9.2526	7.28944	0	1.96316		300	0.313094	-0.00714565	-0.00714565	0.0142913	0	0	0	0.313094	0	-0.418	-118.594	0	24.0078	24.0078	6.21725e-15	6.27	0	0	0	0	0	0	0	0	0	0	0	0	0	0	0	0	0	0	0	0	0	0	0	0	0	0	0	0	0	0	0	0	0	
1	1	1	243	7.29		300	0	0	-0.01215	-0.01215	0.0196997	0	0	0	-514.401	-514.401	-5.11132e-06	0	0	0	9.30402	7.32821	0	1.97581		300	0.315111	-0.00719168	-0.00719168	0.0143834	0	0	0	0.315111	0	-0.418	-118.594	0	24.0078	24.0078	6.21725e-15	6.27	0	0	0	0	0	0	0	0	0	0	0	0	0	0	0	0	0	0	0	0	0	0	0	0	0	0	0	0	0	0	0	0	0	
1	1	1	244	7.32		300	0	0	-0.0122	-0.0122	0.019796	0	0	0	-514.812	-514.812	-5.11132e-06	0	0	0	9.35548	7.36702	0	1.98846		300	0.317129	-0.00723772	-0.00723772	0.0144754	0	0	0	0.317129	0	-0.418	-118.594	0	24.0078	24.0078	6.21725e-15	6.27	0	0	0	0	0	0	0	0	0	0	0	0	0	0	0	0	0	0	0	0	0	0	0	0	0	0	0	0	0	0	0	0	0	
1	1	1	245	7.35		300	0	0	-0.01225	-0.01225	0.0198923	0	0	0	-515.221	-515.221	-5.11132e-06	0	0	0	9.40698	7.40587	0	2.00111		300	0.319147	-0.00728377	-0.00728377	0.0145675	0	0	0	0.319147	0	-0.418	-118.594	0	24.0078	24.0078	6.21725e-15	6.27	0	0	0	0	0	0	0	0	0	0	0	0	0	0	0	0	0	0	0	0	0	0	0	0	0	0	0	0	0	0	0	0	0	
1	1	1	246	7.38		300	0	0	-0.0123	-0.0123	0.0199887	0	0	0	-515.63	-515.63	-5.11132e-06	0	0	0	9.45852	7.44476	0	2.01377		300	0.321165	-0.00732984	-0.00732984	0.0146597	0	0	0	0.321165	0	-0.418	-118.594	0	24.0078	24.0078	6.21725e-15	6.27	0	0	0	0	0	0	0	0	0	0	0	0	0	0	0	0	0	0	0	0	0	0	0	0	0	0	0	0	0	0	0	0	0	
1	1	1	247	7.41		300	0	0	-0.01235	-0.01235	0.020085	0	0	0	-516.037	-516.037	-5.11132e-06	0	0	0	9.51011	7.48368	0	2.02643		300	0.323183	-0.00737591	-0.00737591	0.0147518	0	0	0	0.323183	0	-0.418	-118.594	0	24.0078	24.0078	6.21725e-15	6.27	0	0	0	0	0	0	0	0	0	0	0	0	0	0	0	0	0	0	0	0	0	0	0	0	0	0	0	0	0	0	0	0	0	
1	1	1	248	7.44		300	0	0	-0.0124	-0.0124	0.0201814	0	0	0	-516.444	-516.444	-5.11132e-06	0	0	0	9.56173	7.52265	0	2.03909		300	0.325202	-0.00742198	-0.00742198	0.014844	0	0	0	0.325202	0	-0.418	-118.594	0	24.0078	24.0078	6.21725e-15	6.27	0	0	0	0	0	0	0	0	0	0	0	0	0	0	0	0	0	0	0	0	0	0	0	0	0	0	0	0	0	0	0	0	0	
1	1	1	249	7.47		300	0	0	-0.01245	-0.01245	0.0202777	0	0	0	-516.85	-516.85	-5.11132e-06	0	0	0	9.6134	7.56165	0	2.05175		300	0.327222	-0.00746807	-0.00746807	0.0149361	0	0	0	0.327222	0	-0.418	-118.594	0	24.0078	24.0078	6.21725e-15	6.27	0	0	0	0	0	0	0	0	0	0	0	0	0	0	0	0	0	0	0	0	0	0	0	0	0	0	0	0	0	0	0	0	0	
1	1	1	250	7.5		300	0	0	-0.0125	-0.0125	0.0203741	0	0	0	-517.255	-517.255	-5.11132e-06	0	0	0	9.6651	7.60069	0	2.06441		300	0.329241	-0.00751417	-0.00751417	0.0150283	0	0	0	0.329241	0	-0.418	-118.594	0	24.0078	24.0078	6.21725e-15	6.27	0	0	0	0	0	0	0	0	0	0	0	0	0	0	0	0	0	0	0	0	0	0	0	0	0	0	0	0	0	0	0	0	0	
1	1	1	251	7.53		300	0	0	-0.01255	-0.01255	0.0204705	0	0	0	-517.66	-517.66	-5.11132e-06	0	0	0	9.71685	7.63977	0	2.07708		300	0.331261	-0.00756027	-0.00756027	0.0151205	0	0	0	0.331261	0	-0.418	-118.594	0	24.0078	24.0078	6.21725e-15	6.27	0	0	0	0	0	0	0	0	0	0	0	0	0	0	0	0	0	0	0	0	0	0	0	0	0	0	0	0	0	0	0	0	0	
1	1	1	252	7.56		300	0	0	-0.0126	-0.0126	0.0205669	0	0	0	-518.063	-518.063	-5.11132e-06	0	0	0	9.76863	7.67888	0	2.08975		300	0.333282	-0.00760638	-0.00760638	0.0152128	0	0	0	0.333282	0	-0.418	-118.594	0	24.0078	24.0078	6.21725e-15	6.27	0	0	0	0	0	0	0	0	0	0	0	0	0	0	0	0	0	0	0	0	0	0	0	0	0	0	0	0	0	0	0	0	0	
1	1	1	253	7.59		300	0	0	-0.01265	-0.01265	0.0206633	0	0	0	-518.466	-518.466	-5.11132e-06	0	0	0	9.82046	7.71804	0	2.10242		300	0.335303	-0.0076525	-0.0076525	0.015305	0	0	0	0.335303	0	-0.418	-118.594	0	24.0078	24.0078	6.21725e-15	6.27	0	0	0	0	0	0	0	0	0	0	0	0	0	0	0	0	0	0	0	0	0	0	0	0	0	0	0	0	0	0	0	0	0	
1	1	1	254	7.62		300	0	0	-0.0127	-0.0127	0.0207597	0	0	0	-518.868	-518.868	-5.11132e-06	0	0	0	9.87233	7.75723	0	2.11509		300	0.337324	-0.00769862	-0.00769862	0.0153972	0	0	0	0.337324	0	-0.418	-118.594	0	24.0078	24.0078	6.21725e-15	6.27	0	0	0	0	0	0	0	0	0	0	0	0	0	0	0	0	0	0	0	0	0	0	0	0	0	0	0	0	0	0	0	0	0	
1	1	1	255	7.65		300	0	0	-0.01275	-0.01275	0.0208561	0	0	0	-519.269	-519.269	-5.11132e-06	0	0	0	9.92423	7.79647	0	2.12777		300	0.339345	-0.00774476	-0.00774476	0.0154895	0	0	0	0.339345	0	-0.418	-118.594	0	24.0078	24.0078	6.21725e-15	6.27	0	0	0	0	0	0	0	0	0	0	0	0	0	0	0	0	0	0	0	0	0	0	0	0	0	0	0	0	0	0	0	0	0	
1	1	1	256	7.68		300	0	0	-0.0128	-0.0128	0.0209525	0	0	0	-519.669	-519.669	-5.11132e-06	0	0	0	9.97618	7.83573	0	2.14045		300	0.341367	-0.0077909	-0.0077909	0.0155818	0	0	0	0.341367	0	-0.418	-118.594	0	24.0078	24.0078	6.21725e-15	6.27	0	0	0	0	0	0	0	0	0	0	0	0	0	0	0	0	0	0	0	0	0	0	0	0	0	0	0	0	0	0	0	0	0	
1	1	1	257	7.71		300	0	0	-0.01285	-0.01285	0.021049	0	0	0	-520.069	-520.069	-5.11132e-06	0	0	0	10.0282	7.87504	0	2.15313		300	0.343389	-0.00783705	-0.00783705	0.0156741	0	0	0	0.343389	0	-0.418	-118.594	0	24.0078	24.0078	6.21725e-15	6.27	0	0	0	0	0	0	0	0	0	0	0	0	0	0	0	0	0	0	0	0	0	0	0	0	0	0	0	0	0	0	0	0	0	
1	1	1	258	7.74		300	0	0	-0.0129	-0.0129	0.0211454	0	0	0	-520.467	-520.467	-5.11132e-06	0	0	0	10.0802	7.91439	0	2.16581		300	0.345411	-0.00788321	-0.00788321	0.0157664	0	0	0	0.345411	0	-0.418	-118.594	0	24.0078	24.0078	6.21725e-15	6.27	0	0	0	0	0	0	0	0	0	0	0	0	0	0	0	0	0	0	0	0	0	0	0	0	0	0	0	0	0	0	0	0	0	
1	1	1	259	7.77		300	0	0	-0.01295	-0.01295	0.0212418	0	0	0	-520.865	-520.865	-5.11132e-06	0	0	0	10.1323	7.95377	0	2.17849		300	0.347434	-0.00792937	-0.00792937	0.0158587	0	0	0	0.347434	0	-0.418	-118.594	0	24.0078	24.0078	6.21725e-15	6.27	0	0	0	0	0	0	0	0	0	0	0	0	0	0	0	0	0	0	0	0	0	0	0	0	0	0	0	0	0	0	0	0	0	
1	1	1	260	7.8		300	0	0	-0.013	-0.013	0.0213383	0	0	0	-521.263	-521.263	-5.11132e-06	0	0	0	10.1844	7.99319	0	2.19118		300	0.349457	-0.00797554	-0.00797554	0.0159511	0	0	0	0.349457	0	-0.418	-118.594	0	24.0078	24.0078	6.21725e-15	6.27	0	0	0	0	0	0	0	0	0	0	0	0	0	0	0	0	0	0	0	0	0	0	0	0	0	0	0	0	0	0	0	0	0	
1	1	1	261	7.83		300	0	0	-0.01305	-0.01305	0.0214347	0	0	0	-521.659	-521.659	-5.11132e-06	0	0	0	10.2365	8.03265	0	2.20386		300	0.35148	-0.00802172	-0.00802172	0.0160434	0	0	0	0.35148	0	-0.418	-118.594	0	24.0078	24.0078	6.21725e-15	6.27	0	0	0	0	0	0	0	0	0	0	0	0	0	0	0	0	0	0	0	0	0	0	0	0	0	0	0	0	0	0	0	0	0	
1	1	1	262	7.86		300	0	0	-0.0131	-0.0131	0.0215312	0	0	0	-522.055	-522.055	-5.11132e-06	0	0	0	10.2887	8.07215	0	2.21655		300	0.353504	-0.0080679	-0.0080679	0.0161358	0	0	0	0.353504	0	-0.418	-118.594	0	24.0078	24.0078	6.21725e-15	6.27	0	0	0	0	0	0	0	0	0	0	0	0	0	0	0	0	0	0	0	0	0	0	0	0	0	0	0	0	0	0	0	0	0	
1	1	1	263	7.89		300	0	0	-0.01315	-0.01315	0.0216277	0	0	0	-522.45	-522.45	-5.11132e-06	0	0	0	10.3409	8.11168	0	2.22924		300	0.355528	-0.00811409	-0.00811409	0.0162282	0	0	0	0.355528	0	-0.418	-118.594	0	24.0078	24.0078	6.21725e-15	6.27	0	0	0	0	0	0	0	0	0	0	0	0	0	0	0	0	0	0	0	0	0	0	0	0	0	0	0	0	0	0	0	0	0	
1	1	1	264	7.92		300	0	0	-0.0132	-0.0132	0.0217241	0	0	0	-522.845	-522.845	-5.11132e-06	0	0	0	10.3932	8.15125	0	2.24194		300	0.357552	-0.00816029	-0.00816029	0.0163206	0	0	0	0.357552	0	-0.418	-118.594	0	24.0078	24.0078	6.21725e-15	6.27	0	0	0	0	0	0	0	0	0	0	0	0	0	0	0	0	0	0	0	0	0	0	0	0	0	0	0	0	0	0	0	0	0	
1	1	1	265	7.95		300	0	0	-0.01325	-0.01325	0.0218206	0	0	0	-523.239	-523.239	-5.11132e-06	0	0	0	10.4455	8.19086	0	2.25463		300	0.359576	-0.00820649	-0.00820649	0.016413	0	0	0	0.359576	0	-0.418	-118.594	0	24.0078	24.0078	6.21725e-15	6.27	0	0	0	0	0	0	0	0	0	0	0	0	0	0	0	0	0	0	0	0	0	0	0	0	0	0	0	0	0	0	0	0	0	
1	1	1	266	7.98		300	0	0	-0.0133	-0.0133	0.0219171	0	0	0	-523.632	-523.632	-5.11132e-06	0	0	0	10.4978	8.23051	0	2.26733		300	0.361601	-0.0082527	-0.0082527	0.0165054	0	0	0	0.361601	0	-0.418	-118.594	0	24.0078	24.0078	6.21725e-15	6.27	0	0	0	0	0	0	0	0	0	0	0	0	0	0	0	0	0	0	0	0	0	0	0	0	0	0	0	0	0	0	0	0	0	
1	1	1	267	8.01		300	0	0	-0.01335	-0.01335	0.0220136	0	0	0	-524.025	-524.025	-5.11132e-06	0	0	0	10.5502	8.2702	0	2.28002		300	0.363626	-0.00829892	-0.00829892	0.0165978	0	0	0	0.363626	0	-0.418	-118.594	0	24.0078	24.0078	6.21725e-15	6.27	0	0	0	0	0	0	0	0	0	0	0	0	0	0	0	0	0	0	0	0	0	0	0	0	0	0	0	0	0	0	0	0	0	
1	1	1	268	8.04		300	0	0	-0.0134	-0.0134	0.0221101	0	0	0	-524.417	-524.417	-5.11132e-06	0	0	0	10.6026	8.30992	0	2.29272		300	0.365651	-0.00834514	-0.00834514	0.0166903	0	0	0	0.365651	0	-0.418	-118.594	0	24.0078	24.0078	6.21725e-15	6.27	0	0	0	0	0	0	0	0	0	0	0	0	0	0	0	0	0	0	0	0	0	0	0	0	0	0	0	0	0	0	0	0	0	
1	1	1	269	8.07		300	0	0	-0.01345	-0.01345	0.0222066	0	0	0	-524.808	-524.808	-5.11132e-06	0	0	0	10.6551	8.34968	0	2.30542		300	0.367677	-0.00839137	-0.00839137	0.0167827	0	0	0	0.367677	0	-0.418	-118.594	0	24.0078	24.0078	6.21725e-15	6.27	0	0	0	0	0	0	0	0	0	0	0	0	0	0	0	0	0	0	0	0	0	0	0	0	0	0	0	0	0	0	0	0	0	
1	1	1	270	8.1		300	0	0	-0.0135	-0.0135	0.0223031	0	0	0	-525.199	-525.199	-5.11132e-06	0	0	0	10.7076	8.38948	0	2.31813		300	0.369703	-0.0084376	-0.0084376	0.0168752	0	0	0	0.369703	0	-0.418	-118.594	0	24.0078	24.0078	6.21725e-15	6.27	0	0	0	0	0	0	0	0	0	0	0	0	0	0	0	0	0	0	0	0	0	0	0	0	0	0	0	0	0	0	0	0	0	
1	1	1	271	8.13		300	0	0	-0.01355	-0.01355	0.0223996	0	0	0	-525.589	-525.589	-5.11132e-06	0	0	0	10.7601	8.42931	0	2.33083		300	0.371729	-0.00848384	-0.00848384	0.0169677	0	0	0	0.371729	0	-0.418	-118.594	0	24.0078	24.0078	6.21725e-15	6.27	0	0	0	0	0	0	0	0	0	0	0	0	0	0	0	0	0	0	0	0	0	0	0	0	0	0	0	0	0	0	0	0	0	
1	1	1	272	8.16		300	0	0	-0.0136	-0.0136	0.0224961	0	0	0	-525.979	-525.979	-5.11132e-06	0	0	0	10.8127	8.46918	0	2.34354		300	0.373755	-0.00853008	-0.00853008	0.0170602	0	0	0	0.373755	0	-0.418	-118.594	0	24.0078	24.0078	6.21725e-15	6.27	0	0	0	0	0	0	0	0	0	0	0	0	0	0	0	0	0	0	0	0	0	0	0	0	0	0	0	0	0	0	0	0	0	
1	1	1	273	8.19		300	0	0	-0.01365	-0.01365	0.0225926	0	0	0	-526.368	-526.368	-5.11132e-06	0	0	0	10.8653	8.50909	0	2.35624		300	0.375781	-0.00857633	-0.00857633	0.0171527	0	0	0	0.375781	0	-0.418	-118.594	0	24.0078	24.0078	6.21725e-15	6.27	0	0	0	0	0	0	0	0	0	0	0	0	0	0	0	0	0	0	0	0	0	0	0	0	0	0	0	0	0	0	0	0	0	
1	1	1	274	8.22		300	0	0	-0.0137	-0.0137	0.0226892	0	0	0	-526.756	-526.756	-5.11132e-06	0	0	0	10.918	8.54904	0	2.36895		300	0.377808	-0.00862259	-0.00862259	0.0172452	0	0	0	0.377808	0	-0.418	-118.594	0	24.0078	24.0078	6.21725e-15	6.27	0	0	0	0	0	0	0	0	0	0	0	0	0	0	0	0	0	0	0	0	0	0	0	0	0	0	0	0	0	0	0	0	0	
1	1	1	275	8.25		300	0	0	-0.01375	-0.01375	0.0227857	0	0	0	-527.144	-527.144	-5.11132e-06	0	0	0	10.9707	8.58903	0	2.38166		300	0.379835	-0.00866885	-0.00866885	0.0173377	0	0	0	0.379835	0	-0.418	-118.594	0	24.0078	24.0078	6.21725e-15	6.27	0	0	0	0	0	0	0	0	0	0	0	0	0	0	0	0	0	0	0	0	0	0	0	0	0	0	0	0	0	0	0	0	0	
1	1	1	276	8.28		300	0	0	-0.0138	-0.0138	0.0228822	0	0	0	-527.531	-527.531	-5.11132e-06	0	0	0	11.0234	8.62905	0	2.39438		300	0.381862	-0.00871512	-0.00871512	0.0174302	0	0	0	0.381862	0	-0.418	-118.594	0	24.0078	24.0078	6.21725e-15	6.27	0	0	0	0	0	0	0	0	0	0	0	0	0	0	0	0	0	0	0	0	0	0	0	0	0	0	0	0	0	0	0	0	0	
1	1	1	277	8.31		300	0	0	-0.01385	-0.01385	0.0229788	0	0	0	-527.918	-527.918	-5.11132e-06	0	0	0	11.0762	8.66911	0	2.40709		300	0.38389	-0.00876139	-0.00876139	0.0175228	0	0	0	0.38389	0	-0.418	-118.594	0	24.0078	24.0078	6.21725e-15	6.27	0	0	0	0	0	0	0	0	0	0	0	0	0	0	0	0	0	0	0	0	0	0	0	0	0	0	0	0	0	0	0	0	0	
1	1	1	278	8.34		300	0	0	-0.0139	-0.0139	0.0230753	0	0	0	-528.305	-528.305	-5.11132e-06	0	0	0	11.129	8.7092	0	2.4198		300	0.385917	-0.00880766	-0.00880766	0.0176153	0	0	0	0.385917	0	-0.418	-118.594	0	24.0078	24.0078	6.21725e-15	6.27	0	0	0	0	0	0	0	0	0	0	0	0	0	0	0	0	0	0	0	0	0	0	0	0	0	0	0	0	0	0	0	0	0	
1	1	1	279	8.37		300	0	0	-0.01395	-0.01395	0.0231719	0	0	0	-528.69	-528.69	-5.11132e-06	0	0	0	11.1819	8.74934	0	2.43252		300	0.387945	-0.00885394	-0.00885394	0.0177079	0	0	0	0.387945	0	-0.418	-118.594	0	24.0078	24.0078	6.21725e-15	6.27	0	0	0	0	0	0	0	0	0	0	0	0	0	0	0	0	0	0	0	0	0	0	0	0	0	0	0	0	0	0	0	0	0	
1	1	1	280	8.4		300	0	0	-0.014	-0.014	0.0232684	0	0	0	-529.076	-529.076	-5.11132e-06	0	0	0	11.2347	8.78951	0	2.44524		300	0.389973	-0.00890023	-0.00890023	0.0178005	0	0	0	0.389973	0	-0.418	-118.594	0	24.0078	24.0078	6.21725e-15	6.27	0	0	0	0	0	0	0	0	0	0	0	0	0	0	0	0	0	0	0	0	0	0	0	0	0	0	0	0	0	0	0	0	0	
1	1	1	281	8.43		300	0	0	-0.01405	-0.01405	0.023365	0	0	0	-529.461	-529.461	-5.11132e-06	0	0	0	11.2877	8.82972	0	2.45795		300	0.392001	-0.00894652	-0.00894652	0.017893	0	0	0	0.392001	0	-0.418	-118.594	0	24.0078	24.0078	6.21725e-15	6.27	0	0	0	0	0	0	0	0	0	0	0	0	0	0	0	0	0	0	0	0	0	0	0	0	0	0	0	0	0	0	0	0	0	
1	1	1	282	8.46		300	0	0	-0.0141	-0.0141	0.0234615	0	0	0	-529.845	-529.845	-5.11132e-06	0	0	0	11.3406	8.86996	0	2.47067		300	0.39403	-0.00899281	-0.00899281	0.0179856	0	0	0	0.39403	0	-0.418	-118.594	0	24.0078	24.0078	6.21725e-15	6.27	0	0	0	0	0	0	0	0	0	0	0	0	0	0	0	0	0	0	0	0	0	0	0	0	0	0	0	0	0	0	0	0	0	
1	1	1	283	8.49		300	0	0	-0.01415	-0.01415	0.0235581	0	0	0	-530.229	-530.229	-5.11132e-06	0	0	0	11.3936	8.91025	0	2.4834		300	0.396059	-0.00903911	-0.00903911	0.0180782	0	0	0	0.396059	0	-0.418	-118.594	0	24.0078	24.0078	6.21725e-15	6.27	0	0	0	0	0	0	0	0	0	0	0	0	0	0	0	0	0	0	0	0	0	0	0	0	0	0	0	0	0	0	0	0	0	
1	1	1	284	8.52		300	0	0	-0.0142	-0.0142	0.0236547	0	0	0	-530.612	-530.612	-5.11132e-06	0	0	0	11.4467	8.95057	0	2.49612		300	0.398087	-0.00908542	-0.00908542	0.0181708	0	0	0	0.398087	0	-0.418	-118.594	0	24.0078	24.0078	6.21725e-15	6.27	0	0	0	0	0	0	0	0	0	0	0	0	0	0	0	0	0	0	0	0	0	0	0	0	0	0	0	0	0	0	0	0	0	
1	1	1	285	8.55		300	0	0	-0.01425	-0.01425	0.0237512	0	0	0	-530.996	-530.996	-5.11132e-06	0	0	0	11.4998	8.99092	0	2.50884		300	0.400116	-0.00913172	-0.00913172	0.0182634	0	0	0	0.400116	0	-0.418	-118.594	0	24.0078	24.0078	6.21725e-15	6.27	0	0	0	0	0	0	0	0	0	0	0	0	0	0	0	0	0	0	0	0	0	0	0	0	0	0	0	0	0	0	0	0	0	
1	1	1	286	8.58		300	0	0	-0.0143	-0.0143	0.0238478	0	0	0	-531.378	-531.378	-5.11132e-06	0	0	0	11.5529	9.03132	0	2.52157		300	0.402146	-0.00917804	-0.00917804	0.0183561	0	0	0	0.402146	0	-0.418	-118.594	0	24.0078	24.0078	6.21725e-15	6.27	0	0	0	0	0	0	0	0	0	0	0	0	0	0	0	0	0	0	0	0	0	0	0	0	0	0	0	0	0	0	0	0	0	
1	1	1	287	8.61		300	0	0	-0.01435	-0.01435	0.0239444	0	0	0	-531.76	-531.76	-5.11132e-06	0	0	0	11.606	9.07175	0	2.53429		300	0.404175	-0.00922435	-0.00922435	0.0184487	0	0	0	0.404175	0	-0.418	-118.594	0	24.0078	24.0078	6.21725e-15	6.27	0	0	0	0	0	0	0	0	0	0	0	0	0	0	0	0	0	0	0	0	0	0	0	0	0	0	0	0	0	0	0	0	0	
1	1	1	288	8.64		300	0	0	-0.0144	-0.0144	0.024041	0	0	0	-532.142	-532.142	-5.11132e-06	0	0	0	11.6592	9.11222	0	2.54702		300	0.406205	-0.00927067	-0.00927067	0.0185413	0	0	0	0.406205	0	-0.418	-118.594	0	24.0078	24.0078	6.21725e-15	6.27	0	0	0	0	0	0	0	0	0	0	0	0	0	0	0	0	0	0	0	0	0	0	0	0	0	0	0	0	0	0	0	0	0	
1	1	1	289	8.67		300	0	0	-0.01445	-0.01445	0.0241376	0	0	0	-532.524	-532.524	-5.11132e-06	0	0	0	11.7125	9.15272	0	2.55975		300	0.408234	-0.009317	-0.009317	0.018634	0	0	0	0.408234	0	-0.418	-118.594	0	24.0078	24.0078	6.21725e-15	6.27	0	0	0	0	0	0	0	0	0	0	0	0	0	0	0	0	0	0	0	0	0	0	0	0	0	0	0	0	0	0	0	0	0	
1	1	1	290	8.7		300	0	0	-0.0145	-0.0145	0.0242342	0	0	0	-532.905	-532.905	-5.11132e-06	0	0	0	11.7657	9.19326	0	2.57247		300	0.410264	-0.00936332	-0.00936332	0.0187266	0	0	0	0.410264	0	-0.418	-118.594	0	24.0078	24.0078	6.21725e-15	6.27	0	0	0	0	0	0	0	0	0	0	0	0	0	0	0	0	0	0	0	0	0	0	0	0	0	0	0	0	0	0	0	0	0	
1	1	1	291	8.73		300	0	0	-0.01455	-0.01455	0.0243308	0	0	0	-533.285	-533.285	-5.11132e-06	0	0	0	11.819	9.23384	0	2.5852		300	0.412294	-0.00940966	-0.00940966	0.0188193	0	0	0	0.412294	0	-0.418	-118.594	0	24.0078	24.0078	6.21725e-15	6.27	0	0	0	0	0	0	0	0	0	0	0	0	0	0	0	0	0	0	0	0	0	0	0	0	0	0	0	0	0	0	0	0	0	
1	1	1	292	8.76		300	0	0	-0.0146	-0.0146	0.0244274	0	0	0	-533.665	-533.665	-5.11132e-06	0	0	0	11.8724	9.27446	0	2.59794		300	0.414325	-0.00945599	-0.00945599	0.018912	0	0	0	0.414325	0	-0.418	-118.594	0	24.0078	24.0078	6.21725e-15	6.27	0	0	0	0	0	0	0	0	0	0	0	0	0	0	0	0	0	0	0	0	0	0	0	0	0	0	0	0	0	0	0	0	0	
1	1	1	293	8.79		300	0	0	-0.01465	-0.01465	0.024524	0	0	0	-534.045	-534.045	-5.11132e-06	0	0	0	11.9258	9.31511	0	2.61067		300	0.416355	-0.00950233	-0.00950233	0.0190047	0	0	0	0.416355	0	-0.418	-118.594	0	24.0078	24.0078	6.21725e-15	6.27	0	0	0	0	0	0	0	0	0	0	0	0	0	0	0	0	0	0	0	0	0	0	0	0	0	0	0	0	0	0	0	0	0	
1	1	1	294	8.82		300	0	0	-0.0147	-0.0147	0.0246206	0	0	0	-534.425	-534.425	-5.11132e-06	0	0	0	11.9792	9.3558	0	2.6234		300	0.418385	-0.00954867	-0.00954867	0.0190973	0	0	0	0.418385	0	-0.418	-118.594	0	24.0078	24.0078	6.21725e-15	6.27	0	0	0	0	0	0	0	0	0	0	0	0	0	0	0	0	0	0	0	0	0	0	0	0	0	0	0	0	0	0	0	0	0	
1	1	1	295	8.85		300	0	0	-0.01475	-0.01475	0.0247172	0	0	0	-534.804	-534.804	-5.11132e-06	0	0	0	12.0327	9.39653	0	2.63613		300	0.420416	-0.00959502	-0.00959502	0.01919	0	0	0	0.420416	0	-0.418	-118.594	0	24.0078	24.0078	6.21725e-15	6.27	0	0	0	0	0	0	0	0	0	0	0	0	0	0	0	0	0	0	0	0	0	0	0	0	0	0	0	0	0	0	0	0	0	
1	1	1	296	8.88		300	0	0	-0.0148	-0.0148	0.0248138	0	0	0	-535.183	-535.183	-5.11132e-06	0	0	0	12.0862	9.4373	0	2.64887		300	0.422447	-0.00964136	-0.00964136	0.0192827	0	0	0	0.422447	0	-0.418	-118.594	0	24.0078	24.0078	6.21725e-15	6.27	0	0	0	0	0	0	0	0	0	0	0	0	0	0	0	0	0	0	0	0	0	0	0	0	0	0	0	0	0	0	0	0	0	
1	1	1	297	8.91		300	0	0	-0.01485	-0.01485	0.0249104	0	0	0	-535.561	-535.561	-5.11132e-06	0	0	0	12.1397	9.4781	0	2.6616		300	0.424478	-0.00968772	-0.00968772	0.0193754	0	0	0	0.424478	0	-0.418	-118.594	0	24.0078	24.0078	6.21725e-15	6.27	0	0	0	0	0	0	0	0	0	0	0	0	0	0	0	0	0	0	0	0	0	0	0	0	0	0	0	0	0	0	0	0	0	
1	1	1	298	8.94		300	0	0	-0.0149	-0.0149	0.025007	0	0	0	-535.939	-535.939	-5.11132e-06	0	0	0	12.1933	9.51894	0	2.67434		300	0.426509	-0.00973407	-0.00973407	0.0194681	0	0	0	0.426509	0	-0.418	-118.594	0	24.0078	24.0078	6.21725e-15	6.27	0	0	0	0	0	0	0	0	0	0	0	0	0	0	0	0	0	0	0	0	0	0	0	0	0	0	0	0	0	0	0	0	0	
1	1	1	299	8.97		300	0	0	-0.01495	-0.01495	0.0251037	0	0	0	-536.317	-536.317	-5.11132e-06	0	0	0	12.2469	9.55981	0	2.68708		300	0.42854	-0.00978043	-0.00978043	0.0195609	0	0	0	0.42854	0	-0.418	-118.594	0	24.0078	24.0078	6.21725e-15	6.27	0	0	0	0	0	0	0	0	0	0	0	0	0	0	0	0	0	0	0	0	0	0	0	0	0	0	0	0	0	0	0	0	0	
1	1	1	300	9		300	0	0	-0.015	-0.015	0.0252003	0	0	0	-536.695	-536.695	-5.11132e-06	0	0	0	12.3005	9.60073	0	2.69982		300	0.430571	-0.00982679	-0.00982679	0.0196536	0	0	0	0.430571	0	-0.418	-118.594	0	24.0078	24.0078	6.21725e-15	6.27	0	0	0	0	0	0	0	0	0	0	0	0	0	0	0	0	0	0	0	0	0	0	0	0	0	0	0	0	0	0	0	0	0	
1	1	1	301	9.03		300	0	0	-0.01505	-0.01505	0.0252969	0	0	0	-537.072	-537.072	-5.11132e-06	0	0	0	12.3542	9.64168	0	2.71255		300	0.432603	-0.00987315	-0.00987315	0.0197463	0	0	0	0.432603	0	-0.418	-118.594	0	24.0078	24.0078	6.21725e-15	6.27	0	0	0	0	0	0	0	0	0	0	0	0	0	0	0	0	0	0	0	0	0	0	0	0	0	0	0	0	0	0	0	0	0	
1	1	1	302	9.06		300	0	0	-0.0151	-0.0151	0.0253935	0	0	0	-537.449	-537.449	-5.11132e-06	0	0	0	12.408	9.68266	0	2.72529		300	0.434634	-0.00991952	-0.00991952	0.019839	0	0	0	0.434634	0	-0.418	-118.594	0	24.0078	24.0078	6.21725e-15	6.27	0	0	0	0	0	0	0	0	0	0	0	0	0	0	0	0	0	0	0	0	0	0	0	0	0	0	0	0	0	0	0	0	0	
1	1	1	303	9.09		300	0	0	-0.01515	-0.01515	0.0254902	0	0	0	-537.826	-537.826	-5.11132e-06	0	0	0	12.4617	9.72369	0	2.73803		300	0.436666	-0.00996589	-0.00996589	0.0199318	0	0	0	0.436666	0	-0.418	-118.594	0	24.0078	24.0078	6.21725e-15	6.27	0	0	0	0	0	0	0	0	0	0	0	0	0	0	0	0	0	0	0	0	0	0	0	0	0	0	0	0	0	0	0	0	0	
1	1	1	304	9.12		300	0	0	-0.0152	-0.0152	0.0255868	0	0	0	-538.202	-538.202	-5.11132e-06	0	0	0	12.5155	9.76475	0	2.75077		300	0.438698	-0.0100123	-0.0100123	0.0200245	0	0	0	0.438698	0	-0.418	-118.594	0	24.0078	24.0078	6.21725e-15	6.27	0	0	0	0	0	0	0	0	0	0	0	0	0	0	0	0	0	0	0	0	0	0	0	0	0	0	0	0	0	0	0	0	0	
1	1	1	305	9.15		300	0	0	-0.01525	-0.01525	0.0256834	0	0	0	-538.579	-538.579	-5.11132e-06	0	0	0	12.5694	9.80584	0	2.76352		300	0.44073	-0.0100586	-0.0100586	0.0201173	0	0	0	0.44073	0	-0.418	-118.594	0	24.0078	24.0078	6.21725e-15	6.27	0	0	0	0	0	0	0	0	0	0	0	0	0	0	0	0	0	0	0	0	0	0	0	0	0	0	0	0	0	0	0	0	0	
1	1	1	306	9.18		300	0	0	-0.0153	-0.0153	0.0257801	0	0	0	-538.955	-538.955	-5.11132e-06	0	0	0	12.6232	9.84698	0	2.77626		300	0.442762	-0.010105	-0.010105	0.02021	0	0	0	0.442762	0	-0.418	-118.594	0	24.0078	24.0078	6.21725e-15	6.27	0	0	0	0	0	0	0	0	0	0	0	0	0	0	0	0	0	0	0	0	0	0	0	0	0	0	0	0	0	0	0	0	0	
1	1	1	307	9.21		300	0	0	-0.01535	-0.01535	0.0258767	0	0	0	-539.33	-539.33	-5.11132e-06	0	0	0	12.6772	9.88815	0	2.789		300	0.444794	-0.0101514	-0.0101514	0.0203028	0	0	0	0.444794	0	-0.418	-118.594	0	24.0078	24.0078	6.21725e-15	6.27	0	0	0	0	0	0	0	0	0	0	0	0	0	0	0	0	0	0	0	0	0	0	0	0	0	0	0	0	0	0	0	0	0	
1	1	1	308	9.24		300	0	0	-0.0154	-0.0154	0.0259733	0	0	0	-539.706	-539.706	-5.11132e-06	0	0	0	12.7311	9.92936	0	2.80175		300	0.446826	-0.0101978	-0.0101978	0.0203955	0	0	0	0.446826	0	-0.418	-118.594	0	24.0078	24.0078	6.21725e-15	6.27	0	0	0	0	0	0	0	0	0	0	0	0	0	0	0	0	0	0	0	0	0	0	0	0	0	0	0	0	0	0	0	0	0	
1	1	1	309	9.27		300	0	0	-0.01545	-0.01545	0.02607	0	0	0	-540.081	-540.081	-5.11132e-06	0	0	0	12.7851	9.9706	0	2.81449		300	0.448858	-0.0102441	-0.0102441	0.0204883	0	0	0	0.448858	0	-0.418	-118.594	0	24.0078	24.0078	6.21725e-15	6.27	0	0	0	0	0	0	0	0	0	0	0	0	0	0	0	0	0	0	0	0	0	0	0	0	0	0	0	0	0	0	0	0	0	
1	1	1	310	9.3		300	0	0	-0.0155	-0.0155	0.0261666	0	0	0	-540.456	-540.456	-5.11132e-06	0	0	0	12.8391	10.0119	0	2.82723		300	0.450891	-0.0102905	-0.0102905	0.0205811	0	0	0	0.450891	0	-0.418	-118.594	0	24.0078	24.0078	6.21725e-15	6.27	0	0	0	0	0	0	0	0	0	0	0	0	0	0	0	0	0	0	0	0	0	0	0	0	0	0	0	0	0	0	0	0	0	
1	1	1	311	9.33		300	0	0	-0.01555	-0.01555	0.0262633	0	0	0	-540.831	-540.831	-5.11132e-06	0	0	0	12.8932	10.0532	0	2.83998		300	0.452923	-0.0103369	-0.0103369	0.0206738	0	0	0	0.452923	0	-0.418	-118.594	0	24.0078	24.0078	6.21725e-15	6.27	0	0	0	0	0	0	0	0	0	0	0	0	0	0	0	0	0	0	0	0	0	0	0	0	0	0	0	0	0	0	0	0	0	
1	1	1	312	9.36		300	0	0	-0.0156	-0.0156	0.0263599	0	0	0	-541.206	-541.206	-5.11132e-06	0	0	0	12.9473	10.0946	0	2.85273		300	0.454956	-0.0103833	-0.0103833	0.0207666	0	0	0	0.454956	0	-0.418	-118.594	0	24.0078	24.0078	6.21725e-15	6.27	0	0	0	0	0	0	0	0	0	0	0	0	0	0	0	0	0	0	0	0	0	0	0	0	0	0	0	0	0	0	0	0	0	
1	1	1	313	9.39		300	0	0	-0.01565	-0.01565	0.0264566	0	0	0	-541.581	-541.581	-5.11132e-06	0	0	0	13.0014	10.136	0	2.86547		300	0.456988	-0.0104297	-0.0104297	0.0208594	0	0	0	0.456988	0	-0.418	-118.594	0	24.0078	24.0078	6.21725e-15	6.27	0	0	0	0	0	0	0	0	0	0	0	0	0	0	0	0	0	0	0	0	0	0	0	0	0	0	0	0	0	0	0	0	0	
1	1	1	314	9.42		300	0	0	-0.0157	-0.0157	0.0265532	0	0	0	-541.955	-541.955	-5.11132e-06	0	0	0	13.0556	10.1774	0	2.87822		300	0.459021	-0.0104761	-0.0104761	0.0209522	0	0	0	0.459021	0	-0.418	-118.594	0	24.0078	24.0078	6.21725e-15	6.27	0	0	0	0	0	0	0	0	0	0	0	0	0	0	0	0	0	0	0	0	0	0	0	0	0	0	0	0	0	0	0	0	0	
1	1	1	315	9.45		300	0	0	-0.01575	-0.01575	0.0266499	0	0	0	-542.329	-542.329	-5.11132e-06	0	0	0	13.1098	10.2189	0	2.89097		300	0.461054	-0.0105225	-0.0105225	0.021045	0	0	0	0.461054	0	-0.418	-118.594	0	24.0078	24.0078	6.21725e-15	6.27	0	0	0	0	0	0	0	0	0	0	0	0	0	0	0	0	0	0	0	0	0	0	0	0	0	0	0	0	0	0	0	0	0	
1	1	1	316	9.48		300	0	0	-0.0158	-0.0158	0.0267465	0	0	0	-542.703	-542.703	-5.11132e-06	0	0	0	13.1641	10.2604	0	2.90371		300	0.463087	-0.0105689	-0.0105689	0.0211378	0	0	0	0.463087	0	-0.418	-118.594	0	24.0078	24.0078	6.21725e-15	6.27	0	0	0	0	0	0	0	0	0	0	0	0	0	0	0	0	0	0	0	0	0	0	0	0	0	0	0	0	0	0	0	0	0	
1	1	1	317	9.51		300	0	0	-0.01585	-0.01585	0.0268432	0	0	0	-543.077	-543.077	-5.11132e-06	0	0	0	13.2184	10.3019	0	2.91646		300	0.46512	-0.0106153	-0.0106153	0.0212305	0	0	0	0.46512	0	-0.418	-118.594	0	24.0078	24.0078	6.21725e-15	6.27	0	0	0	0	0	0	0	0	0	0	0	0	0	0	0	0	0	0	0	0	0	0	0	0	0	0	0	0	0	0	0	0	0	
1	1	1	318	9.54		300	0	0	-0.0159	-0.0159	0.0269399	0	0	0	-543.451	-543.451	-5.11132e-06	0	0	0	13.2727	10.3435	0	2.92921		300	0.467153	-0.0106617	-0.0106617	0.0213233	0	0	0	0.467153	0	-0.418	-118.594	0	24.0078	24.0078	6.21725e-15	6.27	0	0	0	0	0	0	0	0	0	0	0	0	0	0	0	0	0	0	0	0	0	0	0	0	0	0	0	0	0	0	0	0	0	
1	1	1	319	9.57		300	0	0	-0.01595	-0.01595	0.0270365	0	0	0	-543.824	-543.824	-5.11132e-06	0	0	0	13.327	10.3851	0	2.94196		300	0.469186	-0.0107081	-0.0107081	0.0214161	0	0	0	0.469186	0	-0.418	-118.594	0	24.0078	24.0078	6.21725e-15	6.27	0	0	0	0	0	0	0	0	0	0	0	0	0	0	0	0	0	0	0	0	0	0	0	0	0	0	0	0	0	0	0	0	0	
1	1	1	320	9.6		300	0	0	-0.016	-0.016	0.0271332	0	0	0	-544.198	-544.198	-5.11132e-06	0	0	0	13.3814	10.4267	0	2.95471		300	0.471219	-0.0107545	-0.0107545	0.0215089	0	0	0	0.471219	0	-0.418	-118.594	0	24.0078	24.0078	6.21725e-15	6.27	0	0	0	0	0	0	0	0	0	0	0	0	0	0	0	0	0	0	0	0	0	0	0	0	0	0	0	0	0	0	0	0	0	
1	1	1	321	9.63		300	0	0	-0.01605	-0.01605	0.0272298	0	0	0	-544.571	-544.571	-5.11132e-06	0	0	0	13.4359	10.4684	0	2.96746		300	0.473252	-0.0108009	-0.0108009	0.0216017	0	0	0	0.473252	0	-0.418	-118.594	0	24.0078	24.0078	6.21725e-15	6.27	0	0	0	0	0	0	0	0	0	0	0	0	0	0	0	0	0	0	0	0	0	0	0	0	0	0	0	0	0	0	0	0	0	
1	1	1	322	9.66		300	0	0	-0.0161	-0.0161	0.0273265	0	0	0	-544.944	-544.944	-5.11132e-06	0	0	0	13.4904	10.5102	0	2.98021		300	0.475285	-0.0108473	-0.0108473	0.0216945	0	0	0	0.475285	0	-0.418	-118.594	0	24.0078	24.0078	6.21725e-15	6.27	0	0	0	0	0	0	0	0	0	0	0	0	0	0	0	0	0	0	0	0	0	0	0	0	0	0	0	0	0	0	0	0	0	
1	1	1	323	9.69		300	0	0	-0.01615	-0.01615	0.0274232	0	0	0	-545.318	-545.318	-5.11132e-06	0	0	0	13.5449	10.5519	0	2.99296		300	0.477318	-0.0108937	-0.0108937	0.0217873	0	0	0	0.477318	0	-0.418	-118.594	0	24.0078	24.0078	6.21725e-15	6.27	0	0	0	0	0	0	0	0	0	0	0	0	0	0	0	0	0	0	0	0	0	0	0	0	0	0	0	0	0	0	0	0	0	
1	1	1	324	9.72		300	0	0	-0.0162	-0.0162	0.0275198	0	0	0	-545.691	-545.691	-5.11132e-06	0	0	0	13.5994	10.5937	0	3.00571		300	0.479351	-0.0109401	-0.0109401	0.0218802	0	0	0	0.479351	0	-0.418	-118.594	0	24.0078	24.0078	6.21725e-15	6.27	0	0	0	0	0	0	0	0	0	0	0	0	0	0	0	0	0	0	0	0	0	0	0	0	0	0	0	0	0	0	0	0	0	
1	1	1	325	9.75		300	0	0	-0.01625	-0.01625	0.0276165	0	0	0	-546.064	-546.064	-5.11132e-06	0	0	0	13.654	10.6356	0	3.01846		300	0.481385	-0.0109865	-0.0109865	0.021973	0	0	0	0.481385	0	-0.418	-118.594	0	24.0078	24.0078	6.21725e-15	6.27	0	0	0	0	0	0	0	0	0	0	0	0	0	0	0	0	0	0	0	0	0	0	0	0	0	0	0	0	0	0	0	0	0	
1	1	1	326	9.78		300	0	0	-0.0163	-0.0163	0.0277132	0	0	0	-546.436	-546.436	-5.11132e-06	0	0	0	13.7086	10.6774	0	3.03121		300	0.483418	-0.0110329	-0.0110329	0.0220658	0	0	0	0.483418	0	-0.418	-118.594	0	24.0078	24.0078	6.21725e-15	6.27	0	0	0	0	0	0	0	0	0	0	0	0	0	0	0	0	0	0	0	0	0	0	0	0	0	0	0	0	0	0	0	0	0	
1	1	1	327	9.81		300	0	0	-0.01635	-0.01635	0.0278098	0	0	0	-546.809	-546.809	-5.11132e-06	0	0	0	13.7633	10.7193	0	3.04396		300	0.485451	-0.0110793	-0.0110793	0.0221586	0	0	0	0.485451	0	-0.418	-118.594	0	24.0078	24.0078	6.21725e-15	6.27	0	0	0	0	0	0	0	0	0	0	0	0	0	0	0	0	0	0	0	0	0	0	0	0	0	0	0	0	0	0	0	0	0	
1	1	1	328	9.84		300	0	0	-0.0164	-0.0164	0.0279065	0	0	0	-547.182	-547.182	-5.11132e-06	0	0	0	13.818	10.7613	0	3.05671		300	0.487485	-0.0111257	-0.0111257	0.0222514	0	0	0	0.487485	0	-0.418	-118.594	0	24.0078	24.0078	6.21725e-15	6.27	0	0	0	0	0	0	0	0	0	0	0	0	0	0	0	0	0	0	0	0	0	0	0	0	0	0	0	0	0	0	0	0	0	
1	1	1	329	9.87		300	0	0	-0.01645	-0.01645	0.0280032	0	0	0	-547.555	-547.555	-5.11132e-06	0	0	0	13.8727	10.8033	0	3.06946		300	0.489518	-0.0111721	-0.0111721	0.0223442	0	0	0	0.489518	0	-0.418	-118.594	0	24.0078	24.0078	6.21725e-15	6.27	0	0	0	0	0	0	0	0	0	0	0	0	0	0	0	0	0	0	0	0	0	0	0	0	0	0	0	0	0	0	0	0	0	
1	1	1	330	9.9		300	0	0	-0.0165	-0.0165	0.0280998	0	0	0	-547.927	-547.927	-5.11132e-06	0	0	0	13.9275	10.8453	0	3.08221		300	0.491552	-0.0112185	-0.0112185	0.022437	0	0	0	0.491552	0	-0.418	-118.594	0	24.0078	24.0078	6.21725e-15	6.27	0	0	0	0	0	0	0	0	0	0	0	0	0	0	0	0	0	0	0	0	0	0	0	0	0	0	0	0	0	0	0	0	0	
1	1	1	331	9.93		300	0	0	-0.01655	-0.01655	0.0281965	0	0	0	-548.3	-548.3	-5.11132e-06	0	0	0	13.9823	10.8874	0	3.09496		300	0.493585	-0.0112649	-0.0112649	0.0225299	0	0	0	0.493585	0	-0.418	-118.594	0	24.0078	24.0078	6.21725e-15	6.27	0	0	0	0	0	0	0	0	0	0	0	0	0	0	0	0	0	0	0	0	0	0	0	0	0	0	0	0	0	0	0	0	0	
1	1	1	332	9.96		300	0	0	-0.0166	-0.0166	0.0282932	0	0	0	-548.673	-548.673	-5.11132e-06	0	0	0	14.0372	10.9295	0	3.10772		300	0.495618	-0.0113113	-0.0113113	0.0226227	0	0	0	0.495618	0	-0.418	-118.594	0	24.0078	24.0078	6.21725e-15	6.27	0	0	0	0	0	0	0	0	0	0	0	0	0	0	0	0	0	0	0	0	0	0	0	0	0	0	0	0	0	0	0	0	0	
1	1	1	333	9.99		300	0	0	-0.01665	-0.01665	0.0283898	0	0	0	-549.045	-549.045	-5.11132e-06	0	0	0	14.0921	10.9716	0	3.12047		300	0.497652	-0.0113577	-0.0113577	0.0227155	0	0	0	0.497652	0	-0.418	-118.594	0	24.0078	24.0078	6.21725e-15	6.27	0	0	0	0	0	0	0	0	0	0	0	0	0	0	0	0	0	0	0	0	0	0	0	0	0	0	0	0	0	0	0	0	0	
1	1	1	334	10.02		300	0	0	-0.0167	-0.0167	0.0284865	0	0	0	-549.418	-549.418	-5.11132e-06	0	0	0	14.147	11.0138	0	3.13322		300	0.499685	-0.0114042	-0.0114042	0.0228083	0	0	0	0.499685	0	-0.418	-118.594	0	24.0078	24.0078	6.21725e-15	6.27	0	0	0	0	0	0	0	0	0	0	0	0	0	0	0	0	0	0	0	0	0	0	0	0	0	0	0	0	0	0	0	0	0	
1	1	1	335	10.05		300	0	0	-0.01675	-0.01675	0.0285832	0	0	0	-549.791	-549.791	-4.15058e-06	0	0	0	14.2019	11.056	0	3.14597		300	0.501719	-0.0114506	-0.0114506	0.0229011	0	0	0	0.501719	0	-0.418	-118.594	0	24.0078	24.0078	6.21725e-15	6.27	0	0	0	0	0	0	0	0	0	0	0	0	0	0	0	0	0	0	0	0	0	0	0	0	0	0	0	0	0	0	0	0	0	
1	1	1	336	10.08		300	0	0	-0.0168	-0.0168	0.0286798	0	0	0	-550.163	-550.163	-4.15058e-06	0	0	0	14.2569	11.0982	0	3.15872		300	0.503752	-0.011497	-0.011497	0.0229939	0	0	0	0.503752	0	-0.418	-118.594	0	24.0078	24.0078	6.21725e-15	6.27	0	0	0	0	0	0	0	0	0	0	0	0	0	0	0	0	0	0	0	0	0	0	0	0	0	0	0	0	0	0	0	0	0	
1	1	1	337	10.11		300	0	0	-0.01685	-0.01685	0.0287765	0	0	0	-550.536	-550.536	-4.15058e-06	0	0	0	14.312	11.1405	0	3.17147		300	0.505786	-0.0115434	-0.0115434	0.0230868	0	0	0	0.505786	0	-0.418	-118.594	0	24.0078	24.0078	6.21725e-15	6.27	0	0	0	0	0	0	0	0	0	0	0	0	0	0	0	0	0	0	0	0	0	0	0	0	0	0	0	0	0	0	0	0	0	
1	1	1	338	10.14		300	0	0	-0.0169	-0.0169	0.0288732	0	0	0	-550.908	-550.908	-4.15058e-06	0	0	0	14.367	11.1828	0	3.18423		300	0.507819	-0.0115898	-0.0115898	0.0231796	0	0	0	0.507819	0	-0.418	-118.594	0	24.0078	24.0078	6.21725e-15	6.27	0	0	0	0	0	0	0	0	0	0	0	0	0	0	0	0	0	0	0	0	0	0	0	0	0	0	0	0	0	0	0	0	0	
1	1	1	339	10.17		300	0	0	-0.01695	-0.01695	0.0289698	0	0	0	-551.281	-551.281	-4.15058e-06	0	0	0	14.4222	11.2252	0	3.19698		300	0.509852	-0.0116362	-0.0116362	0.0232724	0	0	0	0.509852	0	-0.418	-118.594	0	24.0078	24.0078	6.21725e-15	6.27	0	0	0	0	0	0	0	0	0	0	0	0	0	0	0	0	0	0	0	0	0	0	0	0	0	0	0	0	0	0	0	0	0	
1	1	1	340	10.2		300	0	0	-0.017	-0.017	0.0290665	0	0	0	-551.654	-551.654	-4.15058e-06	0	0	0	14.4773	11.2676	0	3.20973		300	0.511886	-0.0116826	-0.0116826	0.0233652	0	0	0	0.511886	0	-0.418	-118.594	0	24.0078	24.0078	6.21725e-15	6.27	0	0	0	0	0	0	0	0	0	0	0	0	0	0	0	0	0	0	0	0	0	0	0	0	0	0	0	0	0	0	0	0	0	
1	1	1	341	10.23		300	0	0	-0.01705	-0.01705	0.0291632	0	0	0	-552.027	-552.027	-4.15058e-06	0	0	0	14.5325	11.31	0	3.22248		300	0.513919	-0.011729	-0.011729	0.023458	0	0	0	0.513919	0	-0.418	-118.594	0	24.0078	24.0078	6.21725e-15	6.27	0	0	0	0	0	0	0	0	0	0	0	0	0	0	0	0	0	0	0	0	0	0	0	0	0	0	0	0	0	0	0	0	0	
1	1	1	342	10.26		300	0	0	-0.0171	-0.0171	0.0292598	0	0	0	-552.4	-552.4	-4.15058e-06	0	0	0	14.5877	11.3525	0	3.23523		300	0.515952	-0.0117754	-0.0117754	0.0235508	0	0	0	0.515952	0	-0.418	-118.594	0	24.0078	24.0078	6.21725e-15	6.27	0	0	0	0	0	0	0	0	0	0	0	0	0	0	0	0	0	0	0	0	0	0	0	0	0	0	0	0	0	0	0	0	0	
1	1	1	343	10.29		300	0	0	-0.01715	-0.01715	0.0293565	0	0	0	-552.772	-552.772	-4.15058e-06	0	0	0	14.643	11.395	0	3.24798		300	0.517986	-0.0118218	-0.0118218	0.0236436	0	0	0	0.517986	0	-0.418	-118.594	0	24.0078	24.0078	6.21725e-15	6.27	0	0	0	0	0	0	0	0	0	0	0	0	0	0	0	0	0	0	0	0	0	0	0	0	0	0	0	0	0	0	0	0	0	
1	1	1	344	10.32		300	0	0	-0.0172	-0.0172	0.0294532	0	0	0	-553.145	-553.145	-4.15058e-06	0	0	0	14.6983	11.4375	0	3.26073		300	0.520019	-0.0118682	-0.0118682	0.0237364	0	0	0	0.520019	0	-0.418	-118.594	0	24.0078	24.0078	6.21725e-15	6.27	0	0	0	0	0	0	0	0	0	0	0	0	0	0	0	0	0	0	0	0	0	0	0	0	0	0	0	0	0	0	0	0	0	
1	1	1	345	10.35		300	0	0	-0.01725	-0.01725	0.0295498	0	0	0	-553.518	-553.518	-4.15058e-06	0	0	0	14.7536	11.4801	0	3.27348		300	0.522052	-0.0119146	-0.0119146	0.0238293	0	0	0	0.522052	0	-0.418	-118.594	0	24.0078	24.0078	6.21725e-15	6.27	0	0	0	0	0	0	0	0	0	0	0	0	0	0	0	0	0	0	0	0	0	0	0	0	0	0	0	0	0	0	0	0	0	
1	1	1	346	10.38		300	0	0	-0.0173	-0.0173	0.0296465	0	0	0	-553.892	-553.892	-4.15058e-06	0	0	0	14.809	11.5227	0	3.28623		300	0.524085	-0.011961	-0.011961	0.0239221	0	0	0	0.524085	0	-0.418	-118.594	0	24.0078	24.0078	6.21725e-15	6.27	0	0	0	0	0	0	0	0	0	0	0	0	0	0	0	0	0	0	0	0	0	0	0	0	0	0	0	0	0	0	0	0	0	
1	1	1	347	10.41		300	0	0	-0.01735	-0.01735	0.0297431	0	0	0	-554.265	-554.265	-4.15058e-06	0	0	0	14.8644	11.5654	0	3.29898		300	0.526119	-0.0120074	-0.0120074	0.0240149	0	0	0	0.526119	0	-0.418	-118.594	0	24.0078	24.0078	6.21725e-15	6.27	0	0	0	0	0	0	0	0	0	0	0	0	0	0	0	0	0	0	0	0	0	0	0	0	0	0	0	0	0	0	0	0	0	
1	1	1	348	10.44		300	0	0	-0.0174	-0.0174	0.0298398	0	0	0	-554.638	-554.638	-4.15058e-06	0	0	0	14.9198	11.6081	0	3.31173		300	0.528152	-0.0120538	-0.0120538	0.0241077	0	0	0	0.528152	0	-0.418	-118.594	0	24.0078	24.0078	6.21725e-15	6.27	0	0	0	0	0	0	0	0	0	0	0	0	0	0	0	0	0	0	0	0	0	0	0	0	0	0	0	0	0	0	0	0	0	
1	1	1	349	10.47		300	0	0	-0.01745	-0.01745	0.0299365	0	0	0	-555.012	-555.012	-4.15058e-06	0	0	0	14.9753	11.6508	0	3.32448		300	0.530185	-0.0121002	-0.0121002	0.0242005	0	0	0	0.530185	0	-0.418	-118.594	0	24.0078	24.0078	6.21725e-15	6.27	0	0	0	0	0	0	0	0	0	0	0	0	0	0	0	0	0	0	0	0	0	0	0	0	0	0	0	0	0	0	0	0	0	
1	1	1	350	10.5		300	0	0	-0.0175	-0.0175	0.0300331	0	0	0	-555.385	-555.385	-4.15058e-06	0	0	0	15.0308	11.6936	0	3.33723		300	0.532218	-0.0121466	-0.0121466	0.0242933	0	0	0	0.532218	0	-0.418	-118.594	0	24.0078	24.0078	6.21725e-15	6.27	0	0	0	0	0	0	0	0	0	0	0	0	0	0	0	0	0	0	0	0	0	0	0	0	0	0	0	0	0	0	0	0	0	
1	1	1	351	10.53		300	0	0	-0.01755	-0.01755	0.0301298	0	0	0	-555.759	-555.759	-4.15058e-06	0	0	0	15.0864	11.7364	0	3.34998		300	0.534251	-0.012193	-0.012193	0.0243861	0	0	0	0.534251	0	-0.418	-118.594	0	24.0078	24.0078	6.21725e-15	6.27	0	0	0	0	0	0	0	0	0	0	0	0	0	0	0	0	0	0	0	0	0	0	0	0	0	0	0	0	0	0	0	0	0	
1	1	1	352	10.56		300	0	0	-0.0176	-0.0176	0.0302264	0	0	0	-556.133	-556.133	-4.15058e-06	0	0	0	15.142	11.7792	0	3.36273		300	0.536284	-0.0122394	-0.0122394	0.0244788	0	0	0	0.536284	0	-0.418	-118.594	0	24.0078	24.0078	6.21725e-15	6.27	0	0	0	0	0	0	0	0	0	0	0	0	0	0	0	0	0	0	0	0	0	0	0	0	0	0	0	0	0	0	0	0	0	
1	1	1	353	10.59		300	0	0	-0.01765	-0.01765	0.0303231	0	0	0	-556.507	-556.507	-4.15058e-06	0	0	0	15.1976	11.8221	0	3.37548		300	0.538317	-0.0122858	-0.0122858	0.0245716	0	0	0	0.538317	0	-0.418	-118.594	0	24.0078	24.0078	6.21725e-15	6.27	0	0	0	0	0	0	0	0	0	0	0	0	0	0	0	0	0	0	0	0	0	0	0	0	0	0	0	0	0	0	0	0	0	
1	1	1	354	10.62		300	0	0	-0.0177	-0.0177	0.0304197	0	0	0	-556.881	-556.881	-4.15058e-06	0	0	0	15.2533	11.865	0	3.38823		300	0.540349	-0.0123322	-0.0123322	0.0246644	0	0	0	0.540349	0	-0.418	-118.594	0	24.0078	24.0078	6.21725e-15	6.27	0	0	0	0	0	0	0	0	0	0	0	0	0	0	0	0	0	0	0	0	0	0	0	0	0	0	0	0	0	0	0	0	0	
1	1	1	355	10.65		300	0	0	-0.01775	-0.01775	0.0305164	0	0	0	-557.255	-557.255	-4.15058e-06	0	0	0	15.309	11.908	0	3.40097		300	0.542382	-0.0123786	-0.0123786	0.0247572	0	0	0	0.542382	0	-0.418	-118.594	0	24.0078	24.0078	6.21725e-15	6.27	0	0	0	0	0	0	0	0	0	0	0	0	0	0	0	0	0	0	0	0	0	0	0	0	0	0	0	0	0	0	0	0	0	
1	1	1	356	10.68		300	0	0	-0.0178	-0.0178	0.0306131	0	0	0	-557.63	-557.63	-4.15058e-06	0	0	0	15.3647	11.951	0	3.41372		300	0.544415	-0.012425	-0.012425	0.02485	0	0	0	0.544415	0	-0.418	-118.594	0	24.0078	24.0078	6.21725e-15	6.27	0	0	0	0	0	0	0	0	0	0	0	0	0	0	0	0	0	0	0	0	0	0	0	0	0	0	0	0	0	0	0	0	0	
1	1	1	357	10.71		300	0	0	-0.01785	-0.01785	0.0307097	0	0	0	-558.005	-558.005	-4.15058e-06	0	0	0	15.4205	11.994	0	3.42647		300	0.546447	-0.0124714	-0.0124714	0.0249428	0	0	0	0.546447	0	-0.418	-118.594	0	24.0078	24.0078	6.21725e-15	6.27	0	0	0	0	0	0	0	0	0	0	0	0	0	0	0	0	0	0	0	0	0	0	0	0	0	0	0	0	0	0	0	0	0	
1	1	1	358	10.74		300	0	0	-0.0179	-0.0179	0.0308063	0	0	0	-558.38	-558.38	-4.15058e-06	0	0	0	15.4763	12.0371	0	3.43921		300	0.54848	-0.0125178	-0.0125178	0.0250355	0	0	0	0.54848	0	-0.418	-118.594	0	24.0078	24.0078	6.21725e-15	6.27	0	0	0	0	0	0	0	0	0	0	0	0	0	0	0	0	0	0	0	0	0	0	0	0	0	0	0	0	0	0	0	0	0	
1	1	1	359	10.77		300	0	0	-0.01795	-0.01795	0.030903	0	0	0	-558.755	-558.755	-4.15058e-06	0	0	0	15.5322	12.0802	0	3.45196		300	0.550512	-0.0125642	-0.0125642	0.0251283	0	0	0	0.550512	0	-0.418	-118.594	0	24.0078	24.0078	6.21725e-15	6.27	0	0	0	0	0	0	0	0	0	0	0	0	0	0	0	0	0	0	0	0	0	0	0	0	0	0	0	0	0	0	0	0	0	
1	1	1	360	10.8		300	0	0	-0.018	-0.018	0.0309996	0	0	0	-559.13	-559.13	-4.15058e-06	0	0	0	15.5881	12.1234	0	3.4647		300	0.552544	-0.0126105	-0.0126105	0.0252211	0	0	0	0.552544	0	-0.418	-118.594	0	24.0078	24.0078	6.21725e-15	6.27	0	0	0	0	0	0	0	0	0	0	0	0	0	0	0	0	0	0	0	0	0	0	0	0	0	0	0	0	0	0	0	0	0	
1	1	1	361	10.83		300	0	0	-0.01805	-0.01805	0.0310963	0	0	0	-559.506	-559.506	-4.15058e-06	0	0	0	15.644	12.1666	0	3.47745		300	0.554577	-0.0126569	-0.0126569	0.0253138	0	0	0	0.554577	0	-0.418	-118.594	0	24.0078	24.0078	6.21725e-15	6.27	0	0	0	0	0	0	0	0	0	0	0	0	0	0	0	0	0	0	0	0	0	0	0	0	0	0	0	0	0	0	0	0	0	
1	1	1	362	10.86		300	0	0	-0.0181	-0.0181	0.0311929	0	0	0	-559.881	-559.881	-4.15058e-06	0	0	0	15.7	12.2098	0	3.49019		300	0.556609	-0.0127033	-0.0127033	0.0254066	0	0	0	0.556609	0	-0.418	-118.594	0	24.0078	24.0078	6.21725e-15	6.27	0	0	0	0	0	0	0	0	0	0	0	0	0	0	0	0	0	0	0	0	0	0	0	0	0	0	0	0	0	0	0	0	0	
1	1	1	363	10.89		300	0	0	-0.01815	-0.01815	0.0312896	0	0	0	-560.257	-560.257	-4.15058e-06	0	0	0	15.756	12.253	0	3.50294		300	0.558641	-0.0127497	-0.0127497	0.0254993	0	0	0	0.558641	0	-0.418	-118.594	0	24.0078	24.0078	6.21725e-15	6.27	0	0	0	0	0	0	0	0	0	0	0	0	0	0	0	0	0	0	0	0	0	0	0	0	0	0	0	0	0	0	0	0	0	
1	1	1	364	10.92		300	0	0	-0.0182	-0.0182	0.0313862	0	0	0	-560.634	-560.634	-4.15058e-06	0	0	0	15.812	12.2964	0	3.51568		300	0.560673	-0.012796	-0.012796	0.0255921	0	0	0	0.560673	0	-0.418	-118.594	0	24.0078	24.0078	6.21725e-15	6.27	0	0	0	0	0	0	0	0	0	0	0	0	0	0	0	0	0	0	0	0	0	0	0	0	0	0	0	0	0	0	0	0	0	
1	1	1	365	10.95		300	0	0	-0.01825	-0.01825	0.0314828	0	0	0	-561.01	-561.01	-4.15058e-06	0	0	0	15.8681	12.3397	0	3.52842		300	0.562704	-0.0128424	-0.0128424	0.0256848	0	0	0	0.562704	0	-0.418	-118.594	0	24.0078	24.0078	6.21725e-15	6.27	0	0	0	0	0	0	0	0	0	0	0	0	0	0	0	0	0	0	0	0	0	0	0	0	0	0	0	0	0	0	0	0	0	
1	1	1	366	10.98		300	0	0	-0.0183	-0.0183	0.0315795	0	0	0	-561.387	-561.387	-4.15058e-06	0	0	0	15.9242	12.3831	0	3.54116		300	0.564736	-0.0128888	-0.0128888	0.0257776	0	0	0	0.564736	0	-0.418	-118.594	0	24.0078	24.0078	6.21725e-15	6.27	0	0	0	0	0	0	0	0	0	0	0	0	0	0	0	0	0	0	0	0	0	0	0	0	0	0	0	0	0	0	0	0	0	
1	1	1	367	11.01		300	0	0	-0.01835	-0.01835	0.0316761	0	0	0	-561.764	-561.764	-4.15058e-06	0	0	0	15.9804	12.4265	0	3.5539		300	0.566768	-0.0129351	-0.0129351	0.0258703	0	0	0	0.566768	0	-0.418	-118.594	0	24.0078	24.0078	6.21725e-15	6.27	0	0	0	0	0	0	0	0	0	0	0	0	0	0	0	0	0	0	0	0	0	0	0	0	0	0	0	0	0	0	0	0	0	
1	1	1	368	11.04		300	0	0	-0.0184	-0.0184	0.0317727	0	0	0	-562.141	-562.141	-4.15058e-06	0	0	0	16.0366	12.4699	0	3.56664		300	0.568799	-0.0129815	-0.0129815	0.025963	0	0	0	0.568799	0	-0.418	-118.594	0	24.0078	24.0078	6.21725e-15	6.27	0	0	0	0	0	0	0	0	0	0	0	0	0	0	0	0	0	0	0	0	0	0	0	0	0	0	0	0	0	0	0	0	0	
1	1	1	369	11.07		300	0	0	-0.01845	-0.01845	0.0318693	0	0	0	-562.519	-562.519	-4.15058e-06	0	0	0	16.0928	12.5134	0	3.57938		300	0.57083	-0.0130279	-0.0130279	0.0260557	0	0	0	0.57083	0	-0.418	-118.594	0	24.0078	24.0078	6.21725e-15	6.27	0	0	0	0	0	0	0	0	0	0	0	0	0	0	0	0	0	0	0	0	0	0	0	0	0	0	0	0	0	0	0	0	0	
1	1	1	370	11.1		300	0	0	-0.0185	-0.0185	0.031966	0	0	0	-562.897	-562.897	-4.15058e-06	0	0	0	16.1491	12.557	0	3.59212		300	0.572862	-0.0130742	-0.0130742	0.0261485	0	0	0	0.572862	0	-0.418	-118.594	0	24.0078	24.0078	6.21725e-15	6.27	0	0	0	0	0	0	0	0	0	0	0	0	0	0	0	0	0	0	0	0	0	0	0	0	0	0	0	0	0	0	0	0	0	
1	1	1	371	11.13		300	0	0	-0.01855	-0.01855	0.0320626	0	0	0	-563.275	-563.275	-4.15058e-06	0	0	0	16.2054	12.6005	0	3.60486		300	0.574893	-0.0131206	-0.0131206	0.0262412	0	0	0	0.574893	0	-0.418	-118.594	0	24.0078	24.0078	6.21725e-15	6.27	0	0	0	0	0	0	0	0	0	0	0	0	0	0	0	0	0	0	0	0	0	0	0	0	0	0	0	0	0	0	0	0	0	
1	1	1	372	11.16		300	0	0	-0.0186	-0.0186	0.0321592	0	0	0	-563.653	-563.653	-4.15058e-06	0	0	0	16.2617	12.6441	0	3.61759		300	0.576924	-0.0131669	-0.0131669	0.0263339	0	0	0	0.576924	0	-0.418	-118.594	0	24.0078	24.0078	6.21725e-15	6.27	0	0	0	0	0	0	0	0	0	0	0	0	0	0	0	0	0	0	0	0	0	0	0	0	0	0	0	0	0	0	0	0	0	
1	1	1	373	11.19		300	0	0	-0.01865	-0.01865	0.0322558	0	0	0	-564.032	-564.032	-4.15058e-06	0	0	0	16.3181	12.6878	0	3.63033		300	0.578954	-0.0132133	-0.0132133	0.0264266	0	0	0	0.578954	0	-0.418	-118.594	0	24.0078	24.0078	6.21725e-15	6.27	0	0	0	0	0	0	0	0	0	0	0	0	0	0	0	0	0	0	0	0	0	0	0	0	0	0	0	0	0	0	0	0	0	
1	1	1	374	11.22		300	0	0	-0.0187	-0.0187	0.0323524	0	0	0	-564.411	-564.411	-4.15058e-06	0	0	0	16.3745	12.7315	0	3.64307		300	0.580985	-0.0132596	-0.0132596	0.0265193	0	0	0	0.580985	0	-0.418	-118.594	0	24.0078	24.0078	6.21725e-15	6.27	0	0	0	0	0	0	0	0	0	0	0	0	0	0	0	0	0	0	0	0	0	0	0	0	0	0	0	0	0	0	0	0	0	
1	1	1	375	11.25		300	0	0	-0.01875	-0.01875	0.032449	0	0	0	-564.791	-564.791	-4.15058e-06	0	0	0	16.431	12.7752	0	3.6558		300	0.583016	-0.013306	-0.013306	0.0266119	0	0	0	0.583016	0	-0.418	-118.594	0	24.0078	24.0078	6.21725e-15	6.27	0	0	0	0	0	0	0	0	0	0	0	0	0	0	0	0	0	0	0	0	0	0	0	0	0	0	0	0	0	0	0	0	0	
1	1	1	376	11.28		300	0	0	-0.0188	-0.0188	0.0325456	0	0	0	-565.171	-565.171	-4.15058e-06	0	0	0	16.4875	12.819	0	3.66853		300	0.585046	-0.0133523	-0.0133523	0.0267046	0	0	0	0.585046	0	-0.418	-118.594	0	24.0078	24.0078	6.21725e-15	6.27	0	0	0	0	0	0	0	0	0	0	0	0	0	0	0	0	0	0	0	0	0	0	0	0	0	0	0	0	0	0	0	0	0	
1	1	1	377	11.31		300	0	0	-0.01885	-0.01885	0.0326422	0	0	0	-565.551	-565.551	-4.15058e-06	0	0	0	16.544	12.8628	0	3.68126		300	0.587076	-0.0133986	-0.0133986	0.0267973	0	0	0	0.587076	0	-0.418	-118.594	0	24.0078	24.0078	6.21725e-15	6.27	0	0	0	0	0	0	0	0	0	0	0	0	0	0	0	0	0	0	0	0	0	0	0	0	0	0	0	0	0	0	0	0	0	
1	1	1	378	11.34		300	0	0	-0.0189	-0.0189	0.0327388	0	0	0	-565.932	-565.932	-4.15058e-06	0	0	0	16.6006	12.9066	0	3.694		300	0.589106	-0.013445	-0.013445	0.0268899	0	0	0	0.589106	0	-0.418	-118.594	0	24.0078	24.0078	6.21725e-15	6.27	0	0	0	0	0	0	0	0	0	0	0	0	0	0	0	0	0	0	0	0	0	0	0	0	0	0	0	0	0	0	0	0	0	
1	1	1	379	11.37		300	0	0	-0.01895	-0.01895	0.0328354	0	0	0	-566.313	-566.313	-4.15058e-06	0	0	0	16.6572	12.9505	0	3.70673		300	0.591136	-0.0134913	-0.0134913	0.0269826	0	0	0	0.591136	0	-0.418	-118.594	0	24.0078	24.0078	6.21725e-15	6.27	0	0	0	0	0	0	0	0	0	0	0	0	0	0	0	0	0	0	0	0	0	0	0	0	0	0	0	0	0	0	0	0	0	
1	1	1	380	11.4		300	0	0	-0.019	-0.019	0.032932	0	0	0	-566.694	-566.694	-4.15058e-06	0	0	0	16.7139	12.9944	0	3.71946		300	0.593166	-0.0135376	-0.0135376	0.0270753	0	0	0	0.593166	0	-0.418	-118.594	0	24.0078	24.0078	6.21725e-15	6.27	0	0	0	0	0	0	0	0	0	0	0	0	0	0	0	0	0	0	0	0	0	0	0	0	0	0	0	0	0	0	0	0	0	
1	1	1	381	11.43		300	0	0	-0.01905	-0.01905	0.0330286	0	0	0	-567.076	-567.076	-4.15058e-06	0	0	0	16.7706	13.0384	0	3.73218		300	0.595195	-0.0135839	-0.0135839	0.0271679	0	0	0	0.595195	0	-0.418	-118.594	0	24.0078	24.0078	6.21725e-15	6.27	0	0	0	0	0	0	0	0	0	0	0	0	0	0	0	0	0	0	0	0	0	0	0	0	0	0	0	0	0	0	0	0	0	
1	1	1	382	11.46		300	0	0	-0.0191	-0.0191	0.0331252	0	0	0	-567.458	-567.458	-4.15058e-06	0	0	0	16.8273	13.0824	0	3.74491		300	0.597225	-0.0136303	-0.0136303	0.0272605	0	0	0	0.597225	0	-0.418	-118.594	0	24.0078	24.0078	6.21725e-15	6.27	0	0	0	0	0	0	0	0	0	0	0	0	0	0	0	0	0	0	0	0	0	0	0	0	0	0	0	0	0	0	0	0	0	
1	1	1	383	11.49		300	0	0	-0.01915	-0.01915	0.0332217	0	0	0	-567.841	-567.841	-4.15058e-06	0	0	0	16.8841	13.1264	0	3.75764		300	0.599254	-0.0136766	-0.0136766	0.0273531	0	0	0	0.599254	0	-0.418	-118.594	0	24.0078	24.0078	6.21725e-15	6.27	0	0	0	0	0	0	0	0	0	0	0	0	0	0	0	0	0	0	0	0	0	0	0	0	0	0	0	0	0	0	0	0	0	
1	1	1	384	11.52		300	0	0	-0.0192	-0.0192	0.0333183	0	0	0	-568.224	-568.224	-4.15058e-06	0	0	0	16.9409	13.1705	0	3.77036		300	0.601283	-0.0137229	-0.0137229	0.0274458	0	0	0	0.601283	0	-0.418	-118.594	0	24.0078	24.0078	6.21725e-15	6.27	0	0	0	0	0	0	0	0	0	0	0	0	0	0	0	0	0	0	0	0	0	0	0	0	0	0	0	0	0	0	0	0	0	
1	1	1	385	11.55		300	0	0	-0.01925	-0.01925	0.0334149	0	0	0	-568.607	-568.607	-4.15058e-06	0	0	0	16.9977	13.2146	0	3.78309		300	0.603312	-0.0137692	-0.0137692	0.0275384	0	0	0	0.603312	0	-0.418	-118.594	0	24.0078	24.0078	6.21725e-15	6.27	0	0	0	0	0	0	0	0	0	0	0	0	0	0	0	0	0	0	0	0	0	0	0	0	0	0	0	0	0	0	0	0	0	
1	1	1	386	11.58		300	0	0	-0.0193	-0.0193	0.0335114	0	0	0	-568.991	-568.991	-4.15058e-06	0	0	0	17.0546	13.2588	0	3.79581		300	0.60534	-0.0138155	-0.0138155	0.027631	0	0	0	0.60534	0	-0.418	-118.594	0	24.0078	24.0078	6.21725e-15	6.27	0	0	0	0	0	0	0	0	0	0	0	0	0	0	0	0	0	0	0	0	0	0	0	0	0	0	0	0	0	0	0	0	0	
1	1	1	387	11.61		300	0	0	-0.01935	-0.01935	0.033608	0	0	0	-569.376	-569.376	-4.15058e-06	0	0	0	17.1115	13.303	0	3.80853		300	0.607369	-0.0138618	-0.0138618	0.0277236	0	0	0	0.607369	0	-0.418	-118.594	0	24.0078	24.0078	6.21725e-15	6.27	0	0	0	0	0	0	0	0	0	0	0	0	0	0	0	0	0	0	0	0	0	0	0	0	0	0	0	0	0	0	0	0	0	
1	1	1	388	11.64		300	0	0	-0.0194	-0.0194	0.0337046	0	0	0	-569.76	-569.76	-4.15058e-06	0	0	0	17.1685	13.3472	0	3.82125		300	0.609397	-0.0139081	-0.0139081	0.0278161	0	0	0	0.609397	0	-0.418	-118.594	0	24.0078	24.0078	6.21725e-15	6.27	0	0	0	0	0	0	0	0	0	0	0	0	0	0	0	0	0	0	0	0	0	0	0	0	0	0	0	0	0	0	0	0	0	
1	1	1	389	11.67		300	0	0	-0.01945	-0.01945	0.0338011	0	0	0	-570.146	-570.146	-4.15058e-06	0	0	0	17.2255	13.3915	0	3.83397		300	0.611425	-0.0139544	-0.0139544	0.0279087	0	0	0	0.611425	0	-0.418	-118.594	0	24.0078	24.0078	6.21725e-15	6.27	0	0	0	0	0	0	0	0	0	0	0	0	0	0	0	0	0	0	0	0	0	0	0	0	0	0	0	0	0	0	0	0	0	
1	1	1	390	11.7		300	0	0	-0.0195	-0.0195	0.0338977	0	0	0	-570.532	-570.532	-4.15058e-06	0	0	0	17.2825	13.4358	0	3.84669		300	0.613453	-0.0140006	-0.0140006	0.0280013	0	0	0	0.613453	0	-0.418	-118.594	0	24.0078	24.0078	6.21725e-15	6.27	0	0	0	0	0	0	0	0	0	0	0	0	0	0	0	0	0	0	0	0	0	0	0	0	0	0	0	0	0	0	0	0	0	
1	1	1	391	11.73		300	0	0	-0.01955	-0.01955	0.0339942	0	0	0	-570.918	-570.918	-4.15058e-06	0	0	0	17.3396	13.4802	0	3.8594		300	0.615481	-0.0140469	-0.0140469	0.0280938	0	0	0	0.615481	0	-0.418	-118.594	0	24.0078	24.0078	6.21725e-15	6.27	0	0	0	0	0	0	0	0	0	0	0	0	0	0	0	0	0	0	0	0	0	0	0	0	0	0	0	0	0	0	0	0	0	
1	1	1	392	11.76		300	0	0	-0.0196	-0.0196	0.0340908	0	0	0	-571.305	-571.305	-4.15058e-06	0	0	0	17.3967	13.5246	0	3.87212		300	0.617508	-0.0140932	-0.0140932	0.0281864	0	0	0	0.617508	0	-0.418	-118.594	0	24.0078	24.0078	6.21725e-15	6.27	0	0	0	0	0	0	0	0	0	0	0	0	0	0	0	0	0	0	0	0	0	0	0	0	0	0	0	0	0	0	0	0	0	
1	1	1	393	11.79		300	0	0	-0.01965	-0.01965	0.0341873	0	0	0	-571.692	-571.692	-4.15058e-06	0	0	0	17.4538	13.569	0	3.88483		300	0.619535	-0.0141394	-0.0141394	0.0282789	0	0	0	0.619535	0	-0.418	-118.594	0	24.0078	24.0078	6.21725e-15	6.27	0	0	0	0	0	0	0	0	0	0	0	0	0	0	0	0	0	0	0	0	0	0	0	0	0	0	0	0	0	0	0	0	0	
1	1	1	394	11.82		300	0	0	-0.0197	-0.0197	0.0342838	0	0	0	-572.08	-572.08	-4.15058e-06	0	0	0	17.511	13.6135	0	3.89755		300	0.621562	-0.0141857	-0.0141857	0.0283714	0	0	0	0.621562	0	-0.418	-118.594	0	24.0078	24.0078	6.21725e-15	6.27	0	0	0	0	0	0	0	0	0	0	0	0	0	0	0	0	0	0	0	0	0	0	0	0	0	0	0	0	0	0	0	0	0	
1	1	1	395	11.85		300	0	0	-0.01975	-0.01975	0.0343803	0	0	0	-572.469	-572.469	-4.15058e-06	0	0	0	17.5682	13.658	0	3.91026		300	0.623589	-0.014232	-0.014232	0.0284639	0	0	0	0.623589	0	-0.418	-118.594	0	24.0078	24.0078	6.21725e-15	6.27	0	0	0	0	0	0	0	0	0	0	0	0	0	0	0	0	0	0	0	0	0	0	0	0	0	0	0	0	0	0	0	0	0	
1	1	1	396	11.88		300	0	0	-0.0198	-0.0198	0.0344769	0	0	0	-572.858	-572.858	-4.15058e-06	0	0	0	17.6255	13.7025	0	3.92297		300	0.625615	-0.0142782	-0.0142782	0.0285564	0	0	0	0.625615	0	-0.418	-118.594	0	24.0078	24.0078	6.21725e-15	6.27	0	0	0	0	0	0	0	0	0	0	0	0	0	0	0	0	0	0	0	0	0	0	0	0	0	0	0	0	0	0	0	0	0	
1	1	1	397	11.91		300	0	0	-0.01985	-0.01985	0.0345734	0	0	0	-573.247	-573.247	-4.15058e-06	0	0	0	17.6828	13.7471	0	3.93567		300	0.627642	-0.0143245	-0.0143245	0.0286489	0	0	0	0.627642	0	-0.418	-118.594	0	24.0078	24.0078	6.21725e-15	6.27	0	0	0	0	0	0	0	0	0	0	0	0	0	0	0	0	0	0	0	0	0	0	0	0	0	0	0	0	0	0	0	0	0	
1	1	1	398	11.94		300	0	0	-0.0199	-0.0199	0.0346699	0	0	0	-573.638	-573.638	-4.15058e-06	0	0	0	17.7402	13.7918	0	3.94838		300	0.629668	-0.0143707	-0.0143707	0.0287414	0	0	0	0.629668	0	-0.418	-118.594	0	24.0078	24.0078	6.21725e-15	6.27	0	0	0	0	0	0	0	0	0	0	0	0	0	0	0	0	0	0	0	0	0	0	0	0	0	0	0	0	0	0	0	0	0	
1	1	1	399	11.97		300	0	0	-0.01995	-0.01995	0.0347664	0	0	0	-574.028	-574.028	-4.15058e-06	0	0	0	17.7975	13.8365	0	3.96109		300	0.631694	-0.0144169	-0.0144169	0.0288339	0	0	0	0.631694	0	-0.418	-118.594	0	24.0078	24.0078	6.21725e-15	6.27	0	0	0	0	0	0	0	0	0	0	0	0	0	0	0	0	0	0	0	0	0	0	0	0	0	0	0	0	0	0	0	0	0	
1	1	1	400	12		300	0	0	-0.02	-0.02	0.0348629	0	0	0	-574.42	-574.42	-4.15058e-06	0	0	0	17.855	13.8812	0	3.97379		300	0.633719	-0.0144632	-0.0144632	0.0289263	0	0	0	0.633719	0	-0.418	-118.594	0	24.0078	24.0078	6.21725e-15	6.27	0	0	0	0	0	0	0	0	0	0	0	0	0	0	0	0	0	0	0	0	0	0	0	0	0	0	0	0	0	0	0	0	0	
1	1	1	401	12.03		300	0	0	-0.02005	-0.02005	0.0349594	0	0	0	-574.812	-574.812	-4.15058e-06	0	0	0	17.9124	13.9259	0	3.98649		300	0.635744	-0.0145094	-0.0145094	0.0290188	0	0	0	0.635744	0	-0.418	-118.594	0	24.0078	24.0078	6.21725e-15	6.27	0	0	0	0	0	0	0	0	0	0	0	0	0	0	0	0	0	0	0	0	0	0	0	0	0	0	0	0	0	0	0	0	0	
1	1	1	402	12.06		300	0	0	-0.0201	-0.0201	0.0350559	0	0	0	-575.204	-575.204	-4.15058e-06	0	0	0	17.9699	13.9707	0	3.99919		300	0.637769	-0.0145556	-0.0145556	0.0291112	0	0	0	0.637769	0	-0.418	-118.594	0	24.0078	24.0078	6.21725e-15	6.27	0	0	0	0	0	0	0	0	0	0	0	0	0	0	0	0	0	0	0	0	0	0	0	0	0	0	0	0	0	0	0	0	0	
1	1	1	403	12.09		300	0	0	-0.02015	-0.02015	0.0351524	0	0	0	-575.598	-575.598	-4.15058e-06	0	0	0	18.0275	14.0156	0	4.01189		300	0.639794	-0.0146018	-0.0146018	0.0292036	0	0	0	0.639794	0	-0.418	-118.594	0	24.0078	24.0078	6.21725e-15	6.27	0	0	0	0	0	0	0	0	0	0	0	0	0	0	0	0	0	0	0	0	0	0	0	0	0	0	0	0	0	0	0	0	0	
1	1	1	404	12.12		300	0	0	-0.0202	-0.0202	0.0352488	0	0	0	-575.991	-575.991	-4.15058e-06	0	0	0	18.085	14.0605	0	4.02459		300	0.641818	-0.014648	-0.014648	0.029296	0	0	0	0.641818	0	-0.418	-118.594	0	24.0078	24.0078	6.21725e-15	6.27	0	0	0	0	0	0	0	0	0	0	0	0	0	0	0	0	0	0	0	0	0	0	0	0	0	0	0	0	0	0	0	0	0	
1	1	1	405	12.15		300	0	0	-0.02025	-0.02025	0.0353453	0	0	0	-576.386	-576.386	-4.15058e-06	0	0	0	18.1427	14.1054	0	4.03728		300	0.643843	-0.0146942	-0.0146942	0.0293884	0	0	0	0.643843	0	-0.418	-118.594	0	24.0078	24.0078	6.21725e-15	6.27	0	0	0	0	0	0	0	0	0	0	0	0	0	0	0	0	0	0	0	0	0	0	0	0	0	0	0	0	0	0	0	0	0	
1	1	1	406	12.18		300	0	0	-0.0203	-0.0203	0.0354418	0	0	0	-576.781	-576.781	-4.15058e-06	0	0	0	18.2003	14.1503	0	4.04998		300	0.645866	-0.0147404	-0.0147404	0.0294808	0	0	0	0.645866	0	-0.418	-118.594	0	24.0078	24.0078	6.21725e-15	6.27	0	0	0	0	0	0	0	0	0	0	0	0	0	0	0	0	0	0	0	0	0	0	0	0	0	0	0	0	0	0	0	0	0	
1	1	1	407	12.21		300	0	0	-0.02035	-0.02035	0.0355382	0	0	0	-577.177	-577.177	-4.15058e-06	0	0	0	18.258	14.1954	0	4.06267		300	0.64789	-0.0147866	-0.0147866	0.0295732	0	0	0	0.64789	0	-0.418	-118.594	0	24.0078	24.0078	6.21725e-15	6.27	0	0	0	0	0	0	0	0	0	0	0	0	0	0	0	0	0	0	0	0	0	0	0	0	0	0	0	0	0	0	0	0	0	
1	1	1	408	12.24		300	0	0	-0.0204	-0.0204	0.0356347	0	0	0	-577.574	-577.574	-4.15058e-06	0	0	0	18.3158	14.2404	0	4.07536		300	0.649913	-0.0148328	-0.0148328	0.0296655	0	0	0	0.649913	0	-0.418	-118.594	0	24.0078	24.0078	6.21725e-15	6.27	0	0	0	0	0	0	0	0	0	0	0	0	0	0	0	0	0	0	0	0	0	0	0	0	0	0	0	0	0	0	0	0	0	
1	1	1	409	12.27		300	0	0	-0.02045	-0.02045	0.0357311	0	0	0	-577.971	-577.971	-4.15058e-06	0	0	0	18.3735	14.2855	0	4.08804		300	0.651936	-0.0148789	-0.0148789	0.0297579	0	0	0	0.651936	0	-0.418	-118.594	0	24.0078	24.0078	6.21725e-15	6.27	0	0	0	0	0	0	0	0	0	0	0	0	0	0	0	0	0	0	0	0	0	0	0	0	0	0	0	0	0	0	0	0	0	
1	1	1	410	12.3		300	0	0	-0.0205	-0.0205	0.0358276	0	0	0	-578.369	-578.369	-4.15058e-06	0	0	0	18.4313	14.3306	0	4.10073		300	0.653959	-0.0149251	-0.0149251	0.0298502	0	0	0	0.653959	0	-0.418	-118.594	0	24.0078	24.0078	6.21725e-15	6.27	0	0	0	0	0	0	0	0	0	0	0	0	0	0	0	0	0	0	0	0	0	0	0	0	0	0	0	0	0	0	0	0	0	
1	1	1	411	12.33		300	0	0	-0.02055	-0.02055	0.035924	0	0	0	-578.768	-578.768	-4.15058e-06	0	0	0	18.4892	14.3758	0	4.11341		300	0.655981	-0.0149712	-0.0149712	0.0299425	0	0	0	0.655981	0	-0.418	-118.594	0	24.0078	24.0078	6.21725e-15	6.27	0	0	0	0	0	0	0	0	0	0	0	0	0	0	0	0	0	0	0	0	0	0	0	0	0	0	0	0	0	0	0	0	0	
1	1	1	412	12.36		300	0	0	-0.0206	-0.0206	0.0360204	0	0	0	-579.167	-579.167	-4.15058e-06	0	0	0	18.5471	14.421	0	4.1261		300	0.658003	-0.0150174	-0.0150174	0.0300348	0	0	0	0.658003	0	-0.418	-118.594	0	24.0078	24.0078	6.21725e-15	6.27	0	0	0	0	0	0	0	0	0	0	0	0	0	0	0	0	0	0	0	0	0	0	0	0	0	0	0	0	0	0	0	0	0	
1	1	1	413	12.39		300	0	0	-0.02065	-0.02065	0.0361169	0	0	0	-579.568	-579.568	-4.15058e-06	0	0	0	18.605	14.4663	0	4.13878		300	0.660025	-0.0150635	-0.0150635	0.0301271	0	0	0	0.660025	0	-0.418	-118.594	0	24.0078	24.0078	6.21725e-15	6.27	0	0	0	0	0	0	0	0	0	0	0	0	0	0	0	0	0	0	0	0	0	0	0	0	0	0	0	0	0	0	0	0	0	
1	1	1	414	12.42		300	0	0	-0.0207	-0.0207	0.0362133	0	0	0	-579.969	-579.969	-4.15058e-06	0	0	0	18.663	14.5116	0	4.15146		300	0.662047	-0.0151097	-0.0151097	0.0302193	0	0	0	0.662047	0	-0.418	-118.594	0	24.0078	24.0078	6.21725e-15	6.27	0	0	0	0	0	0	0	0	0	0	0	0	0	0	0	0	0	0	0	0	0	0	0	0	0	0	0	0	0	0	0	0	0	
1	1	1	415	12.45		300	0	0	-0.02075	-0.02075	0.0363097	0	0	0	-580.371	-580.371	-4.15058e-06	0	0	0	18.721	14.5569	0	4.16413		300	0.664068	-0.0151558	-0.0151558	0.0303116	0	0	0	0.664068	0	-0.418	-118.594	0	24.0078	24.0078	6.21725e-15	6.27	0	0	0	0	0	0	0	0	0	0	0	0	0	0	0	0	0	0	0	0	0	0	0	0	0	0	0	0	0	0	0	0	0	
1	1	1	416	12.48		300	0	0	-0.0208	-0.0208	0.0364061	0	0	0	-580.773	-580.773	-4.15058e-06	0	0	0	18.7791	14.6023	0	4.17681		300	0.666088	-0.0152019	-0.0152019	0.0304038	0	0	0	0.666088	0	-0.418	-118.594	0	24.0078	24.0078	6.21725e-15	6.27	0	0	0	0	0	0	0	0	0	0	0	0	0	0	0	0	0	0	0	0	0	0	0	0	0	0	0	0	0	0	0	0	0	
1	1	1	417	12.51		300	0	0	-0.02085	-0.02085	0.0365025	0	0	0	-581.177	-581.177	-4.15058e-06	0	0	0	18.8372	14.6477	0	4.18948		300	0.668109	-0.015248	-0.015248	0.0304961	0	0	0	0.668109	0	-0.418	-118.594	0	24.0078	24.0078	6.21725e-15	6.27	0	0	0	0	0	0	0	0	0	0	0	0	0	0	0	0	0	0	0	0	0	0	0	0	0	0	0	0	0	0	0	0	0	
1	1	1	418	12.54		300	0	0	-0.0209	-0.0209	0.0365989	0	0	0	-581.581	-581.581	-4.15058e-06	0	0	0	18.8953	14.6932	0	4.20215		300	0.670129	-0.0152941	-0.0152941	0.0305883	0	0	0	0.670129	0	-0.418	-118.594	0	24.0078	24.0078	6.21725e-15	6.27	0	0	0	0	0	0	0	0	0	0	0	0	0	0	0	0	0	0	0	0	0	0	0	0	0	0	0	0	0	0	0	0	0	
1	1	1	419	12.57		300	0	0	-0.02095	-0.02095	0.0366952	0	0	0	-581.986	-581.986	-4.15058e-06	0	0	0	18.9535	14.7387	0	4.21481		300	0.672149	-0.0153402	-0.0153402	0.0306804	0	0	0	0.672149	0	-0.418	-118.594	0	24.0078	24.0078	6.21725e-15	6.27	0	0	0	0	0	0	0	0	0	0	0	0	0	0	0	0	0	0	0	0	0	0	0	0	0	0	0	0	0	0	0	0	0	
1	1	1	420	12.6		300	0	0	-0.021	-0.021	0.0367916	0	0	0	-582.392	-582.392	-4.15058e-06	0	0	0	19.0117	14.7842	0	4.22748		300	0.674168	-0.0153863	-0.0153863	0.0307726	0	0	0	0.674168	0	-0.418	-118.594	0	24.0078	24.0078	6.21725e-15	6.27	0	0	0	0	0	0	0	0	0	0	0	0	0	0	0	0	0	0	0	0	0	0	0	0	0	0	0	0	0	0	0	0	0	
1	1	1	421	12.63		300	0	0	-0.02105	-0.02105	0.036888	0	0	0	-582.799	-582.799	-4.15058e-06	0	0	0	19.07	14.8298	0	4.24014		300	0.676187	-0.0154324	-0.0154324	0.0308648	0	0	0	0.676187	0	-0.418	-118.594	0	24.0078	24.0078	6.21725e-15	6.27	0	0	0	0	0	0	0	0	0	0	0	0	0	0	0	0	0	0	0	0	0	0	0	0	0	0	0	0	0	0	0	0	0	
1	1	1	422	12.66		300	0	0	-0.0211	-0.0211	0.0369843	0	0	0	-583.207	-583.207	-4.15058e-06	0	0	0	19.1283	14.8755	0	4.2528		300	0.678205	-0.0154785	-0.0154785	0.0309569	0	0	0	0.678205	0	-0.418	-118.594	0	24.0078	24.0078	6.21725e-15	6.27	0	0	0	0	0	0	0	0	0	0	0	0	0	0	0	0	0	0	0	0	0	0	0	0	0	0	0	0	0	0	0	0	0	
1	1	1	423	12.69		300	0	0	-0.02115	-0.02115	0.0370807	0	0	0	-583.616	-583.616	-4.15058e-06	0	0	0	19.1866	14.9212	0	4.26546		300	0.680224	-0.0155245	-0.0155245	0.031049	0	0	0	0.680224	0	-0.418	-118.594	0	24.0078	24.0078	6.21725e-15	6.27	0	0	0	0	0	0	0	0	0	0	0	0	0	0	0	0	0	0	0	0	0	0	0	0	0	0	0	0	0	0	0	0	0	
1	1	1	424	12.72		300	0	0	-0.0212	-0.0212	0.037177	0	0	0	-584.025	-584.025	-4.15058e-06	0	0	0	19.245	14.9669	0	4.27812		300	0.682241	-0.0155706	-0.0155706	0.0311411	0	0	0	0.682241	0	-0.418	-118.594	0	24.0078	24.0078	6.21725e-15	6.27	0	0	0	0	0	0	0	0	0	0	0	0	0	0	0	0	0	0	0	0	0	0	0	0	0	0	0	0	0	0	0	0	0	
1	1	1	425	12.75		300	0	0	-0.02125	-0.02125	0.0372733	0	0	0	-584.436	-584.436	-4.15058e-06	0	0	0	19.3034	15.0127	0	4.29077		300	0.684259	-0.0156166	-0.0156166	0.0312332	0	0	0	0.684259	0	-0.418	-118.594	0	24.0078	24.0078	6.21725e-15	6.27	0	0	0	0	0	0	0	0	0	0	0	0	0	0	0	0	0	0	0	0	0	0	0	0	0	0	0	0	0	0	0	0	0	
1	1	1	426	12.78		300	0	0	-0.0213	-0.0213	0.0373696	0	0	0	-584.847	-584.847	-4.15058e-06	0	0	0	19.3619	15.0585	0	4.30342		300	0.686276	-0.0156626	-0.0156626	0.0313253	0	0	0	0.686276	0	-0.418	-118.594	0	24.0078	24.0078	6.21725e-15	6.27	0	0	0	0	0	0	0	0	0	0	0	0	0	0	0	0	0	0	0	0	0	0	0	0	0	0	0	0	0	0	0	0	0	
1	1	1	427	12.81		300	0	0	-0.02135	-0.02135	0.037466	0	0	0	-585.26	-585.26	-4.15058e-06	0	0	0	19.4204	15.1043	0	4.31607		300	0.688293	-0.0157087	-0.0157087	0.0314173	0	0	0	0.688293	0	-0.418	-118.594	0	24.0078	24.0078	6.21725e-15	6.27	0	0	0	0	0	0	0	0	0	0	0	0	0	0	0	0	0	0	0	0	0	0	0	0	0	0	0	0	0	0	0	0	0	
1	1	1	428	12.84		300	0	0	-0.0214	-0.0214	0.0375623	0	0	0	-585.673	-585.673	-4.15058e-06	0	0	0	19.4789	15.1502	0	4.32872		300	0.690309	-0.0157547	-0.0157547	0.0315094	0	0	0	0.690309	0	-0.418	-118.594	0	24.0078	24.0078	6.21725e-15	6.27	0	0	0	0	0	0	0	0	0	0	0	0	0	0	0	0	0	0	0	0	0	0	0	0	0	0	0	0	0	0	0	0	0	
1	1	1	429	12.87		300	0	0	-0.02145	-0.02145	0.0376586	0	0	0	-586.088	-586.088	-4.15058e-06	0	0	0	19.5375	15.1962	0	4.34136		300	0.692324	-0.0158007	-0.0158007	0.0316014	0	0	0	0.692324	0	-0.418	-118.594	0	24.0078	24.0078	6.21725e-15	6.27	0	0	0	0	0	0	0	0	0	0	0	0	0	0	0	0	0	0	0	0	0	0	0	0	0	0	0	0	0	0	0	0	0	
1	1	1	430	12.9		300	0	0	-0.0215	-0.0215	0.0377548	0	0	0	-586.503	-586.503	-4.15058e-06	0	0	0	19.5962	15.2422	0	4.354		300	0.69434	-0.0158467	-0.0158467	0.0316934	0	0	0	0.69434	0	-0.418	-118.594	0	24.0078	24.0078	6.21725e-15	6.27	0	0	0	0	0	0	0	0	0	0	0	0	0	0	0	0	0	0	0	0	0	0	0	0	0	0	0	0	0	0	0	0	0	
1	1	1	431	12.93		300	0	0	-0.02155	-0.02155	0.0378511	0	0	0	-586.92	-586.92	-4.15057e-06	0	0	0	19.6548	15.2882	0	4.36664		300	0.696355	-0.0158927	-0.0158927	0.0317853	0	0	0	0.696355	0	-0.418	-118.594	0	24.0078	24.0078	6.21725e-15	6.27	0	0	0	0	0	0	0	0	0	0	0	0	0	0	0	0	0	0	0	0	0	0	0	0	0	0	0	0	0	0	0	0	0	
1	1	1	432	12.96		300	0	0	-0.0216	-0.0216	0.0379474	0	0	0	-587.337	-587.337	-4.15057e-06	0	0	0	19.7135	15.3343	0	4.37928		300	0.698369	-0.0159386	-0.0159386	0.0318773	0	0	0	0.698369	0	-0.418	-118.594	0	24.0078	24.0078	6.21725e-15	6.27	0	0	0	0	0	0	0	0	0	0	0	0	0	0	0	0	0	0	0	0	0	0	0	0	0	0	0	0	0	0	0	0	0	
1	1	1	433	12.99		300	0	0	-0.02165	-0.02165	0.0380436	0	0	0	-587.756	-587.756	-4.15057e-06	0	0	0	19.7723	15.3804	0	4.39191		300	0.700383	-0.0159846	-0.0159846	0.0319692	0	0	0	0.700383	0	-0.418	-118.594	0	24.0078	24.0078	6.21725e-15	6.27	0	0	0	0	0	0	0	0	0	0	0	0	0	0	0	0	0	0	0	0	0	0	0	0	0	0	0	0	0	0	0	0	0	
1	1	1	434	13.02		300	0	0	-0.0217	-0.0217	0.0381399	0	0	0	-588.175	-588.175	-4.15057e-06	0	0	0	19.8311	15.4266	0	4.40454		300	0.702397	-0.0160306	-0.0160306	0.0320611	0	0	0	0.702397	0	-0.418	-118.594	0	24.0078	24.0078	6.21725e-15	6.27	0	0	0	0	0	0	0	0	0	0	0	0	0	0	0	0	0	0	0	0	0	0	0	0	0	0	0	0	0	0	0	0	0	
1	1	1	435	13.05		300	0	0	-0.02175	-0.02175	0.0382361	0	0	0	-588.596	-588.596	-4.15057e-06	0	0	0	19.8899	15.4728	0	4.41716		300	0.70441	-0.0160765	-0.0160765	0.032153	0	0	0	0.70441	0	-0.418	-118.594	0	24.0078	24.0078	6.21725e-15	6.27	0	0	0	0	0	0	0	0	0	0	0	0	0	0	0	0	0	0	0	0	0	0	0	0	0	0	0	0	0	0	0	0	0	
1	1	1	436	13.08		300	0	0	-0.0218	-0.0218	0.0383323	0	0	0	-589.018	-589.018	-4.15057e-06	0	0	0	19.9488	15.519	0	4.42979		300	0.706423	-0.0161224	-0.0161224	0.0322449	0	0	0	0.706423	0	-0.418	-118.594	0	24.0078	24.0078	6.21725e-15	6.27	0	0	0	0	0	0	0	0	0	0	0	0	0	0	0	0	0	0	0	0	0	0	0	0	0	0	0	0	0	0	0	0	0	
1	1	1	437	13.11		300	0	0	-0.02185	-0.02185	0.0384286	0	0	0	-589.441	-589.441	-4.15057e-06	0	0	0	20.0077	15.5653	0	4.44241		300	0.708435	-0.0161684	-0.0161684	0.0323367	0	0	0	0.708435	0	-0.418	-118.594	0	24.0078	24.0078	6.21725e-15	6.27	0	0	0	0	0	0	0	0	0	0	0	0	0	0	0	0	0	0	0	0	0	0	0	0	0	0	0	0	0	0	0	0	0	
1	1	1	438	13.14		300	0	0	-0.0219	-0.0219	0.0385248	0	0	0	-589.865	-589.865	-4.15057e-06	0	0	0	20.0667	15.6117	0	4.45503		300	0.710446	-0.0162143	-0.0162143	0.0324286	0	0	0	0.710446	0	-0.418	-118.594	0	24.0078	24.0078	6.21725e-15	6.27	0	0	0	0	0	0	0	0	0	0	0	0	0	0	0	0	0	0	0	0	0	0	0	0	0	0	0	0	0	0	0	0	0	
1	1	1	439	13.17		300	0	0	-0.02195	-0.02195	0.038621	0	0	0	-590.29	-590.29	-4.15057e-06	0	0	0	20.1257	15.6581	0	4.46764		300	0.712457	-0.0162602	-0.0162602	0.0325204	0	0	0	0.712457	0	-0.418	-118.594	0	24.0078	24.0078	6.21725e-15	6.27	0	0	0	0	0	0	0	0	0	0	0	0	0	0	0	0	0	0	0	0	0	0	0	0	0	0	0	0	0	0	0	0	0	
1	1	1	440	13.2		300	0	0	-0.022	-0.022	0.0387172	0	0	0	-590.717	-590.717	-4.15057e-06	0	0	0	20.1848	15.7045	0	4.48025		300	0.714468	-0.0163061	-0.0163061	0.0326121	0	0	0	0.714468	0	-0.418	-118.594	0	24.0078	24.0078	6.21725e-15	6.27	0	0	0	0	0	0	0	0	0	0	0	0	0	0	0	0	0	0	0	0	0	0	0	0	0	0	0	0	0	0	0	0	0	
1	1	1	441	13.23		300	0	0	-0.02205	-0.02205	0.0388133	0	0	0	-591.145	-591.145	-4.15057e-06	0	0	0	20.2439	15.751	0	4.49286		300	0.716478	-0.0163519	-0.0163519	0.0327039	0	0	0	0.716478	0	-0.418	-118.594	0	24.0078	24.0078	6.21725e-15	6.27	0	0	0	0	0	0	0	0	0	0	0	0	0	0	0	0	0	0	0	0	0	0	0	0	0	0	0	0	0	0	0	0	0	
1	1	1	442	13.26		300	0	0	-0.0221	-0.0221	0.0389095	0	0	0	-591.574	-591.574	-4.15057e-06	0	0	0	20.303	15.7975	0	4.50547		300	0.718488	-0.0163978	-0.0163978	0.0327956	0	0	0	0.718488	0	-0.418	-118.594	0	24.0078	24.0078	6.21725e-15	6.27	0	0	0	0	0	0	0	0	0	0	0	0	0	0	0	0	0	0	0	0	0	0	0	0	0	0	0	0	0	0	0	0	0	
1	1	1	443	13.29		300	0	0	-0.02215	-0.02215	0.0390056	0	0	0	-592.004	-592.004	-4.15057e-06	0	0	0	20.3622	15.8441	0	4.51807		300	0.720497	-0.0164437	-0.0164437	0.0328873	0	0	0	0.720497	0	-0.418	-118.594	0	24.0078	24.0078	6.21725e-15	6.27	0	0	0	0	0	0	0	0	0	0	0	0	0	0	0	0	0	0	0	0	0	0	0	0	0	0	0	0	0	0	0	0	0	
1	1	1	444	13.32		300	0	0	-0.0222	-0.0222	0.0391018	0	0	0	-592.435	-592.435	-4.15057e-06	0	0	0	20.4214	15.8907	0	4.53067		300	0.722506	-0.0164895	-0.0164895	0.032979	0	0	0	0.722506	0	-0.418	-118.594	0	24.0078	24.0078	6.21725e-15	6.27	0	0	0	0	0	0	0	0	0	0	0	0	0	0	0	0	0	0	0	0	0	0	0	0	0	0	0	0	0	0	0	0	0	
1	1	1	445	13.35		300	0	0	-0.02225	-0.02225	0.0391979	0	0	0	-592.868	-592.868	-4.15057e-06	0	0	0	20.4807	15.9374	0	4.54327		300	0.724514	-0.0165353	-0.0165353	0.0330707	0	0	0	0.724514	0	-0.418	-118.594	0	24.0078	24.0078	6.21725e-15	6.27	0	0	0	0	0	0	0	0	0	0	0	0	0	0	0	0	0	0	0	0	0	0	0	0	0	0	0	0	0	0	0	0	0	
1	1	1	446	13.38		300	0	0	-0.0223	-0.0223	0.039294	0	0	0	-593.302	-593.302	-4.15057e-06	0	0	0	20.54	15.9841	0	4.55586		300	0.726521	-0.0165811	-0.0165811	0.0331623	0	0	0	0.726521	0	-0.418	-118.594	0	24.0078	24.0078	6.21725e-15	6.27	0	0	0	0	0	0	0	0	0	0	0	0	0	0	0	0	0	0	0	0	0	0	0	0	0	0	0	0	0	0	0	0	0	
1	1	1	447	13.41		300	0	0	-0.02235	-0.02235	0.0393901	0	0	0	-593.738	-593.738	-4.15056e-06	0	0	0	20.5993	16.0309	0	4.56845		300	0.728528	-0.016627	-0.016627	0.0332539	0	0	0	0.728528	0	-0.418	-118.594	0	24.0078	24.0078	6.21725e-15	6.27	0	0	0	0	0	0	0	0	0	0	0	0	0	0	0	0	0	0	0	0	0	0	0	0	0	0	0	0	0	0	0	0	0	
1	1	1	448	13.44		300	0	0	-0.0224	-0.0224	0.0394862	0	0	0	-594.174	-594.174	-4.15056e-06	0	0	0	20.6587	16.0777	0	4.58103		300	0.730534	-0.0166727	-0.0166727	0.0333455	0	0	0	0.730534	0	-0.418	-118.594	0	24.0078	24.0078	6.21725e-15	6.27	0	0	0	0	0	0	0	0	0	0	0	0	0	0	0	0	0	0	0	0	0	0	0	0	0	0	0	0	0	0	0	0	0	
1	1	1	449	13.47		300	0	0	-0.02245	-0.02245	0.0395823	0	0	0	-594.613	-594.613	-4.15056e-06	0	0	0	20.7182	16.1245	0	4.59361		300	0.73254	-0.0167185	-0.0167185	0.033437	0	0	0	0.73254	0	-0.418	-118.594	0	24.0078	24.0078	6.21725e-15	6.27	0	0	0	0	0	0	0	0	0	0	0	0	0	0	0	0	0	0	0	0	0	0	0	0	0	0	0	0	0	0	0	0	0	
1	1	1	450	13.5		300	0	0	-0.0225	-0.0225	0.0396784	0	0	0	-595.052	-595.052	-4.15056e-06	0	0	0	20.7776	16.1714	0	4.60619		300	0.734545	-0.0167643	-0.0167643	0.0335286	0	0	0	0.734545	0	-0.418	-118.594	0	24.0078	24.0078	6.21725e-15	6.27	0	0	0	0	0	0	0	0	0	0	0	0	0	0	0	0	0	0	0	0	0	0	0	0	0	0	0	0	0	0	0	0	0	
1	1	1	451	13.53		300	0	0	-0.02255	-0.02255	0.0397744	0	0	0	-595.493	-595.493	-4.15056e-06	0	0	0	20.8372	16.2184	0	4.61876		300	0.73655	-0.01681	-0.01681	0.0336201	0	0	0	0.73655	0	-0.418	-118.594	0	24.0078	24.0078	6.21725e-15	6.27	0	0	0	0	0	0	0	0	0	0	0	0	0	0	0	0	0	0	0	0	0	0	0	0	0	0	0	0	0	0	0	0	0	
1	1	1	452	13.56		300	0	0	-0.0226	-0.0226	0.0398705	0	0	0	-595.936	-595.936	-4.15056e-06	0	0	0	20.8967	16.2654	0	4.63133		300	0.738554	-0.0168558	-0.0168558	0.0337115	0	0	0	0.738554	0	-0.418	-118.594	0	24.0078	24.0078	6.21725e-15	6.27	0	0	0	0	0	0	0	0	0	0	0	0	0	0	0	0	0	0	0	0	0	0	0	0	0	0	0	0	0	0	0	0	0	
1	1	1	453	13.59		300	0	0	-0.02265	-0.02265	0.0399665	0	0	0	-596.379	-596.379	-4.15056e-06	0	0	0	20.9564	16.3125	0	4.6439		300	0.740557	-0.0169015	-0.0169015	0.033803	0	0	0	0.740557	0	-0.418	-118.594	0	24.0078	24.0078	6.21725e-15	6.27	0	0	0	0	0	0	0	0	0	0	0	0	0	0	0	0	0	0	0	0	0	0	0	0	0	0	0	0	0	0	0	0	0	
1	1	1	454	13.62		300	0	0	-0.0227	-0.0227	0.0400625	0	0	0	-596.825	-596.825	-4.15056e-06	0	0	0	21.016	16.3595	0	4.65646		300	0.74256	-0.0169472	-0.0169472	0.0338944	0	0	0	0.74256	0	-0.418	-118.594	0	24.0078	24.0078	6.21725e-15	6.27	0	0	0	0	0	0	0	0	0	0	0	0	0	0	0	0	0	0	0	0	0	0	0	0	0	0	0	0	0	0	0	0	0	
1	1	1	455	13.65		300	0	0	-0.02275	-0.02275	0.0401585	0	0	0	-597.272	-597.272	-4.15056e-06	0	0	0	21.0757	16.4067	0	4.66902		300	0.744562	-0.0169929	-0.0169929	0.0339858	0	0	0	0.744562	0	-0.418	-118.594	0	24.0078	24.0078	6.21725e-15	6.27	0	0	0	0	0	0	0	0	0	0	0	0	0	0	0	0	0	0	0	0	0	0	0	0	0	0	0	0	0	0	0	0	0	
1	1	1	456	13.68		300	0	0	-0.0228	-0.0228	0.0402545	0	0	0	-597.72	-597.72	-4.15056e-06	0	0	0	21.1355	16.4539	0	4.68158		300	0.746563	-0.0170386	-0.0170386	0.0340771	0	0	0	0.746563	0	-0.418	-118.594	0	24.0078	24.0078	6.21725e-15	6.27	0	0	0	0	0	0	0	0	0	0	0	0	0	0	0	0	0	0	0	0	0	0	0	0	0	0	0	0	0	0	0	0	0	
1	1	1	457	13.71		300	0	0	-0.02285	-0.02285	0.0403505	0	0	0	-598.17	-598.17	-4.15055e-06	0	0	0	21.1953	16.5011	0	4.69413		300	0.748564	-0.0170842	-0.0170842	0.0341685	0	0	0	0.748564	0	-0.418	-118.594	0	24.0078	24.0078	6.21725e-15	6.27	0	0	0	0	0	0	0	0	0	0	0	0	0	0	0	0	0	0	0	0	0	0	0	0	0	0	0	0	0	0	0	0	0	
1	1	1	458	13.74		300	0	0	-0.0229	-0.0229	0.0404465	0	0	0	-598.622	-598.622	-4.15055e-06	0	0	0	21.2551	16.5484	0	4.70667		300	0.750564	-0.0171299	-0.0171299	0.0342597	0	0	0	0.750564	0	-0.418	-118.594	0	24.0078	24.0078	6.21725e-15	6.27	0	0	0	0	0	0	0	0	0	0	0	0	0	0	0	0	0	0	0	0	0	0	0	0	0	0	0	0	0	0	0	0	0	
1	1	1	459	13.77		300	0	0	-0.02295	-0.02295	0.0405424	0	0	0	-599.075	-599.075	-4.15055e-06	0	0	0	21.315	16.5958	0	4.71922		300	0.752563	-0.0171755	-0.0171755	0.034351	0	0	0	0.752563	0	-0.418	-118.594	0	24.0078	24.0078	6.21725e-15	6.27	0	0	0	0	0	0	0	0	0	0	0	0	0	0	0	0	0	0	0	0	0	0	0	0	0	0	0	0	0	0	0	0	0	
1	1	1	460	13.8		300	0	0	-0.023	-0.023	0.0406383	0	0	0	-599.53	-599.53	-4.15055e-06	0	0	0	21.3749	16.6432	0	4.73175		300	0.754562	-0.0172211	-0.0172211	0.0344422	0	0	0	0.754562	0	-0.418	-118.594	0	24.0078	24.0078	6.21725e-15	6.27	0	0	0	0	0	0	0	0	0	0	0	0	0	0	0	0	0	0	0	0	0	0	0	0	0	0	0	0	0	0	0	0	0	
1	1	1	461	13.83		300	0	0	-0.02305	-0.02305	0.0407343	0	0	0	-599.987	-599.987	-4.15055e-06	0	0	0	21.4349	16.6906	0	4.74429		300	0.75656	-0.0172667	-0.0172667	0.0345334	0	0	0	0.75656	0	-0.418	-118.594	0	24.0078	24.0078	6.21725e-15	6.27	0	0	0	0	0	0	0	0	0	0	0	0	0	0	0	0	0	0	0	0	0	0	0	0	0	0	0	0	0	0	0	0	0	
1	1	1	462	13.86		300	0	0	-0.0231	-0.0231	0.0408302	0	0	0	-600.445	-600.445	-4.15055e-06	0	0	0	21.4949	16.7381	0	4.75682		300	0.758557	-0.0173123	-0.0173123	0.0346246	0	0	0	0.758557	0	-0.418	-118.594	0	24.0078	24.0078	6.21725e-15	6.27	0	0	0	0	0	0	0	0	0	0	0	0	0	0	0	0	0	0	0	0	0	0	0	0	0	0	0	0	0	0	0	0	0	
1	1	1	463	13.89		300	0	0	-0.02315	-0.02315	0.040926	0	0	0	-600.905	-600.905	-4.15055e-06	0	0	0	21.555	16.7856	0	4.76934		300	0.760554	-0.0173579	-0.0173579	0.0347157	0	0	0	0.760554	0	-0.418	-118.594	0	24.0078	24.0078	6.21725e-15	6.27	0	0	0	0	0	0	0	0	0	0	0	0	0	0	0	0	0	0	0	0	0	0	0	0	0	0	0	0	0	0	0	0	0	
1	1	1	464	13.92		300	0	0	-0.0232	-0.0232	0.0410219	0	0	0	-601.367	-601.367	-4.15054e-06	0	0	0	21.6151	16.8332	0	4.78186		300	0.76255	-0.0174034	-0.0174034	0.0348068	0	0	0	0.76255	0	-0.418	-118.594	0	24.0078	24.0078	6.21725e-15	6.27	0	0	0	0	0	0	0	0	0	0	0	0	0	0	0	0	0	0	0	0	0	0	0	0	0	0	0	0	0	0	0	0	0	
1	1	1	465	13.95		300	0	0	-0.02325	-0.02325	0.0411178	0	0	0	-601.83	-601.83	-4.15054e-06	0	0	0	21.6753	16.8809	0	4.79438		300	0.764545	-0.0174489	-0.0174489	0.0348979	0	0	0	0.764545	0	-0.418	-118.594	0	24.0078	24.0078	6.21725e-15	6.27	0	0	0	0	0	0	0	0	0	0	0	0	0	0	0	0	0	0	0	0	0	0	0	0	0	0	0	0	0	0	0	0	0	
1	1	1	466	13.98		300	0	0	-0.0233	-0.0233	0.0412136	0	0	0	-602.296	-602.296	-4.15054e-06	0	0	0	21.7355	16.9286	0	4.80689		300	0.766539	-0.0174945	-0.0174945	0.0349889	0	0	0	0.766539	0	-0.418	-118.594	0	24.0078	24.0078	6.21725e-15	6.27	0	0	0	0	0	0	0	0	0	0	0	0	0	0	0	0	0	0	0	0	0	0	0	0	0	0	0	0	0	0	0	0	0	
1	1	1	467	14.01		300	0	0	-0.02335	-0.02335	0.0413094	0	0	0	-602.763	-602.763	-4.15054e-06	0	0	0	21.7957	16.9763	0	4.81939		300	0.768532	-0.01754	-0.01754	0.0350799	0	0	0	0.768532	0	-0.418	-118.594	0	24.0078	24.0078	6.21725e-15	6.27	0	0	0	0	0	0	0	0	0	0	0	0	0	0	0	0	0	0	0	0	0	0	0	0	0	0	0	0	0	0	0	0	0	
1	1	1	468	14.04		300	0	0	-0.0234	-0.0234	0.0414052	0	0	0	-603.232	-603.232	-4.15054e-06	0	0	0	21.856	17.0241	0	4.83189		300	0.770525	-0.0175854	-0.0175854	0.0351709	0	0	0	0.770525	0	-0.418	-118.594	0	24.0078	24.0078	6.21725e-15	6.27	0	0	0	0	0	0	0	0	0	0	0	0	0	0	0	0	0	0	0	0	0	0	0	0	0	0	0	0	0	0	0	0	0	
1	1	1	469	14.07		300	0	0	-0.02345	-0.02345	0.041501	0	0	0	-603.703	-603.703	-4.15053e-06	0	0	0	21.9164	17.072	0	4.84439		300	0.772517	-0.0176309	-0.0176309	0.0352618	0	0	0	0.772517	0	-0.418	-118.594	0	24.0078	24.0078	6.21725e-15	6.27	0	0	0	0	0	0	0	0	0	0	0	0	0	0	0	0	0	0	0	0	0	0	0	0	0	0	0	0	0	0	0	0	0	
1	1	1	470	14.1		300	0	0	-0.0235	-0.0235	0.0415968	0	0	0	-604.176	-604.176	-4.15053e-06	0	0	0	21.9768	17.1199	0	4.85688		300	0.774508	-0.0176763	-0.0176763	0.0353527	0	0	0	0.774508	0	-0.418	-118.594	0	24.0078	24.0078	6.21725e-15	6.27	0	0	0	0	0	0	0	0	0	0	0	0	0	0	0	0	0	0	0	0	0	0	0	0	0	0	0	0	0	0	0	0	0	
1	1	1	471	14.13		300	0	0	-0.02355	-0.02355	0.0416925	0	0	0	-604.651	-604.651	-4.15053e-06	0	0	0	22.0372	17.1678	0	4.86936		300	0.776498	-0.0177218	-0.0177218	0.0354435	0	0	0	0.776498	0	-0.418	-118.594	0	24.0078	24.0078	6.21725e-15	6.27	0	0	0	0	0	0	0	0	0	0	0	0	0	0	0	0	0	0	0	0	0	0	0	0	0	0	0	0	0	0	0	0	0	
1	1	1	472	14.16		300	0	0	-0.0236	-0.0236	0.0417883	0	0	0	-605.128	-605.128	-4.15053e-06	0	0	0	22.0977	17.2158	0	4.88184		300	0.778487	-0.0177672	-0.0177672	0.0355343	0	0	0	0.778487	0	-0.418	-118.594	0	24.0078	24.0078	6.21725e-15	6.27	0	0	0	0	0	0	0	0	0	0	0	0	0	0	0	0	0	0	0	0	0	0	0	0	0	0	0	0	0	0	0	0	0	
1	1	1	473	14.19		300	0	0	-0.02365	-0.02365	0.041884	0	0	0	-605.607	-605.607	-4.15052e-06	0	0	0	22.1582	17.2639	0	4.89432		300	0.780476	-0.0178125	-0.0178125	0.0356251	0	0	0	0.780476	0	-0.418	-118.594	0	24.0078	24.0078	6.21725e-15	6.27	0	0	0	0	0	0	0	0	0	0	0	0	0	0	0	0	0	0	0	0	0	0	0	0	0	0	0	0	0	0	0	0	0	
1	1	1	474	14.22		300	0	0	-0.0237	-0.0237	0.0419797	0	0	0	-606.088	-606.088	-4.15052e-06	0	0	0	22.2188	17.312	0	4.90679		300	0.782463	-0.0178579	-0.0178579	0.0357158	0	0	0	0.782463	0	-0.418	-118.594	0	24.0078	24.0078	6.21725e-15	6.27	0	0	0	0	0	0	0	0	0	0	0	0	0	0	0	0	0	0	0	0	0	0	0	0	0	0	0	0	0	0	0	0	0	
1	1	1	475	14.25		300	0	0	-0.02375	-0.02375	0.0420754	0	0	0	-606.572	-606.572	-4.15052e-06	0	0	0	22.2794	17.3602	0	4.91925		300	0.78445	-0.0179032	-0.0179032	0.0358065	0	0	0	0.78445	0	-0.418	-118.594	0	24.0078	24.0078	6.21725e-15	6.27	0	0	0	0	0	0	0	0	0	0	0	0	0	0	0	0	0	0	0	0	0	0	0	0	0	0	0	0	0	0	0	0	0	
1	1	1	476	14.28		300	0	0	-0.0238	-0.0238	0.042171	0	0	0	-607.057	-607.057	-4.15051e-06	0	0	0	22.3401	17.4084	0	4.93171		300	0.786436	-0.0179486	-0.0179486	0.0358971	0	0	0	0.786436	0	-0.418	-118.594	0	24.0078	24.0078	6.21725e-15	6.27	0	0	0	0	0	0	0	0	0	0	0	0	0	0	0	0	0	0	0	0	0	0	0	0	0	0	0	0	0	0	0	0	0	
1	1	1	477	14.31		300	0	0	-0.02385	-0.02385	0.0422667	0	0	0	-607.545	-607.545	-4.15051e-06	0	0	0	22.4009	17.4567	0	4.94416		300	0.788421	-0.0179939	-0.0179939	0.0359877	0	0	0	0.788421	0	-0.418	-118.594	0	24.0078	24.0078	6.21725e-15	6.27	0	0	0	0	0	0	0	0	0	0	0	0	0	0	0	0	0	0	0	0	0	0	0	0	0	0	0	0	0	0	0	0	0	
1	1	1	478	14.34		300	0	0	-0.0239	-0.0239	0.0423623	0	0	0	-608.035	-608.035	-4.15051e-06	0	0	0	22.4616	17.505	0	4.95661		300	0.790405	-0.0180391	-0.0180391	0.0360783	0	0	0	0.790405	0	-0.418	-118.594	0	24.0078	24.0078	6.21725e-15	6.27	0	0	0	0	0	0	0	0	0	0	0	0	0	0	0	0	0	0	0	0	0	0	0	0	0	0	0	0	0	0	0	0	0	
1	1	1	479	14.37		300	0	0	-0.02395	-0.02395	0.0424579	0	0	0	-608.527	-608.527	-4.1505e-06	0	0	0	22.5225	17.5534	0	4.96905		300	0.792388	-0.0180844	-0.0180844	0.0361688	0	0	0	0.792388	0	-0.418	-118.594	0	24.0078	24.0078	6.21725e-15	6.27	0	0	0	0	0	0	0	0	0	0	0	0	0	0	0	0	0	0	0	0	0	0	0	0	0	0	0	0	0	0	0	0	0	
1	1	1	480	14.4		300	0	0	-0.024	-0.024	0.0425535	0	0	0	-609.022	-609.022	-4.1505e-06	0	0	0	22.5833	17.6019	0	4.98148		300	0.79437	-0.0181296	-0.0181296	0.0362593	0	0	0	0.79437	0	-0.418	-118.594	0	24.0078	24.0078	6.21725e-15	6.27	0	0	0	0	0	0	0	0	0	0	0	0	0	0	0	0	0	0	0	0	0	0	0	0	0	0	0	0	0	0	0	0	0	
1	1	1	481	14.43		300	0	0	-0.02405	-0.02405	0.042649	0	0	0	-609.518	-609.518	-4.15049e-06	0	0	0	22.6443	17.6503	0	4.99391		300	0.79635	-0.0181748	-0.0181748	0.0363497	0	0	0	0.79635	0	-0.418	-118.594	0	24.0078	24.0078	6.21725e-15	6.27	0	0	0	0	0	0	0	0	0	0	0	0	0	0	0	0	0	0	0	0	0	0	0	0	0	0	0	0	0	0	0	0	0	
1	1	1	482	14.46		300	0	0	-0.0241	-0.0241	0.0427445	0	0	0	-610.018	-610.018	-4.15049e-06	0	0	0	22.7052	17.6989	0	5.00633		300	0.79833	-0.01822	-0.01822	0.0364401	0	0	0	0.79833	0	-0.418	-118.594	0	24.0078	24.0078	6.21725e-15	6.27	0	0	0	0	0	0	0	0	0	0	0	0	0	0	0	0	0	0	0	0	0	0	0	0	0	0	0	0	0	0	0	0	0	
1	1	1	483	14.49		300	0	0	-0.02415	-0.02415	0.0428401	0	0	0	-610.519	-610.519	-4.15048e-06	0	0	0	22.7663	17.7475	0	5.01875		300	0.800309	-0.0182652	-0.0182652	0.0365304	0	0	0	0.800309	0	-0.418	-118.594	0	24.0078	24.0078	6.21725e-15	6.27	0	0	0	0	0	0	0	0	0	0	0	0	0	0	0	0	0	0	0	0	0	0	0	0	0	0	0	0	0	0	0	0	0	
1	1	1	484	14.52		300	0	0	-0.0242	-0.0242	0.0429355	0	0	0	-611.024	-611.024	-4.15048e-06	0	0	0	22.8273	17.7962	0	5.03116		300	0.802287	-0.0183103	-0.0183103	0.0366207	0	0	0	0.802287	0	-0.418	-118.594	0	24.0078	24.0078	6.21725e-15	6.27	0	0	0	0	0	0	0	0	0	0	0	0	0	0	0	0	0	0	0	0	0	0	0	0	0	0	0	0	0	0	0	0	0	
1	1	1	485	14.55		300	0	0	-0.02425	-0.02425	0.043031	0	0	0	-611.531	-611.531	-4.15047e-06	0	0	0	22.8885	17.8449	0	5.04356		300	0.804264	-0.0183554	-0.0183554	0.0367109	0	0	0	0.804264	0	-0.418	-118.594	0	24.0078	24.0078	6.21725e-15	6.27	0	0	0	0	0	0	0	0	0	0	0	0	0	0	0	0	0	0	0	0	0	0	0	0	0	0	0	0	0	0	0	0	0	
1	1	1	486	14.58		300	0	0	-0.0243	-0.0243	0.0431265	0	0	0	-612.04	-612.04	-4.15047e-06	0	0	0	22.9496	17.8937	0	5.05596		300	0.80624	-0.0184005	-0.0184005	0.0368011	0	0	0	0.80624	0	-0.418	-118.594	0	24.0078	24.0078	6.21725e-15	6.27	0	0	0	0	0	0	0	0	0	0	0	0	0	0	0	0	0	0	0	0	0	0	0	0	0	0	0	0	0	0	0	0	0	
1	1	1	487	14.61		300	0	0	-0.02435	-0.02435	0.0432219	0	0	0	-612.552	-612.552	-4.15046e-06	0	0	0	23.0109	17.9425	0	5.06835		300	0.808214	-0.0184456	-0.0184456	0.0368912	0	0	0	0.808214	0	-0.418	-118.594	0	24.0078	24.0078	6.21725e-15	6.27	0	0	0	0	0	0	0	0	0	0	0	0	0	0	0	0	0	0	0	0	0	0	0	0	0	0	0	0	0	0	0	0	0	
1	1	1	488	14.64		300	0	0	-0.0244	-0.0244	0.0433173	0	0	0	-613.067	-613.067	-4.15045e-06	0	0	0	23.0722	17.9914	0	5.08073		300	0.810188	-0.0184906	-0.0184906	0.0369813	0	0	0	0.810188	0	-0.418	-118.594	0	24.0078	24.0078	6.21725e-15	6.27	0	0	0	0	0	0	0	0	0	0	0	0	0	0	0	0	0	0	0	0	0	0	0	0	0	0	0	0	0	0	0	0	0	
1	1	1	489	14.67		300	0	0	-0.02445	-0.02445	0.0434126	0	0	0	-613.584	-613.584	-4.15045e-06	0	0	0	23.1335	18.0404	0	5.0931		300	0.81216	-0.0185357	-0.0185357	0.0370713	0	0	0	0.81216	0	-0.418	-118.594	0	24.0078	24.0078	6.21725e-15	6.27	0	0	0	0	0	0	0	0	0	0	0	0	0	0	0	0	0	0	0	0	0	0	0	0	0	0	0	0	0	0	0	0	0	
1	1	1	490	14.7		300	0	0	-0.0245	-0.0245	0.043508	0	0	0	-614.104	-614.104	-4.15044e-06	0	0	0	23.1949	18.0894	0	5.10547		300	0.814131	-0.0185806	-0.0185806	0.0371613	0	0	0	0.814131	0	-0.418	-118.594	0	24.0078	24.0078	6.21725e-15	6.27	0	0	0	0	0	0	0	0	0	0	0	0	0	0	0	0	0	0	0	0	0	0	0	0	0	0	0	0	0	0	0	0	0	
1	1	1	491	14.73		300	0	0	-0.02455	-0.02455	0.0436033	0	0	0	-614.627	-614.627	-4.15043e-06	0	0	0	23.2563	18.1385	0	5.11783		300	0.816101	-0.0186256	-0.0186256	0.0372512	0	0	0	0.816101	0	-0.418	-118.594	0	24.0078	24.0078	6.21725e-15	6.27	0	0	0	0	0	0	0	0	0	0	0	0	0	0	0	0	0	0	0	0	0	0	0	0	0	0	0	0	0	0	0	0	0	
1	1	1	492	14.76		300	0	0	-0.0246	-0.0246	0.0436986	0	0	0	-615.153	-615.153	-4.15042e-06	0	0	0	23.3178	18.1876	0	5.13018		300	0.818069	-0.0186705	-0.0186705	0.037341	0	0	0	0.818069	0	-0.418	-118.594	0	24.0078	24.0078	6.21725e-15	6.27	0	0	0	0	0	0	0	0	0	0	0	0	0	0	0	0	0	0	0	0	0	0	0	0	0	0	0	0	0	0	0	0	0	
1	1	1	493	14.79		300	0	0	-0.02465	-0.02465	0.0437939	0	0	0	-615.682	-615.682	-4.15041e-06	0	0	0	23.3793	18.2368	0	5.14253		300	0.820037	-0.0187154	-0.0187154	0.0374309	0	0	0	0.820037	0	-0.418	-118.594	0	24.0078	24.0078	6.21725e-15	6.27	0	0	0	0	0	0	0	0	0	0	0	0	0	0	0	0	0	0	0	0	0	0	0	0	0	0	0	0	0	0	0	0	0	
1	1	1	494	14.82		300	0	0	-0.0247	-0.0247	0.0438891	0	0	0	-616.214	-616.214	-4.15041e-06	0	0	0	23.4409	18.2861	0	5.15486		300	0.822003	-0.0187603	-0.0187603	0.0375206	0	0	0	0.822003	0	-0.418	-118.594	0	24.0078	24.0078	6.21725e-15	6.27	0	0	0	0	0	0	0	0	0	0	0	0	0	0	0	0	0	0	0	0	0	0	0	0	0	0	0	0	0	0	0	0	0	
1	1	1	495	14.85		300	0	0	-0.02475	-0.02475	0.0439843	0	0	0	-616.75	-616.75	-4.1504e-06	0	0	0	23.5026	18.3354	0	5.16719		300	0.823968	-0.0188051	-0.0188051	0.0376103	0	0	0	0.823968	0	-0.418	-118.594	0	24.0078	24.0078	6.21725e-15	6.27	0	0	0	0	0	0	0	0	0	0	0	0	0	0	0	0	0	0	0	0	0	0	0	0	0	0	0	0	0	0	0	0	0	
1	1	1	496	14.88		300	0	0	-0.0248	-0.0248	0.0440795	0	0	0	-617.288	-617.288	-4.15039e-06	0	0	0	23.5643	18.3848	0	5.17951		300	0.825931	-0.01885	-0.01885	0.0376999	0	0	0	0.825931	0	-0.418	-118.594	0	24.0078	24.0078	6.21725e-15	6.27	0	0	0	0	0	0	0	0	0	0	0	0	0	0	0	0	0	0	0	0	0	0	0	0	0	0	0	0	0	0	0	0	0	
1	1	1	497	14.91		300	0	0	-0.02485	-0.02485	0.0441747	0	0	0	-617.829	-617.829	-4.15037e-06	0	0	0	23.626	18.4342	0	5.19182		300	0.827893	-0.0188947	-0.0188947	0.0377895	0	0	0	0.827893	0	-0.418	-118.594	0	24.0078	24.0078	6.21725e-15	6.27	0	0	0	0	0	0	0	0	0	0	0	0	0	0	0	0	0	0	0	0	0	0	0	0	0	0	0	0	0	0	0	0	0	
1	1	1	498	14.94		300	0	0	-0.0249	-0.0249	0.0442698	0	0	0	-618.374	-618.374	-4.15036e-06	0	0	0	23.6879	18.4837	0	5.20413		300	0.829854	-0.0189395	-0.0189395	0.037879	0	0	0	0.829854	0	-0.418	-118.594	0	24.0078	24.0078	6.21725e-15	6.27	0	0	0	0	0	0	0	0	0	0	0	0	0	0	0	0	0	0	0	0	0	0	0	0	0	0	0	0	0	0	0	0	0	
1	1	1	499	14.97		300	0	0	-0.02495	-0.02495	0.0443649	0	0	0	-618.922	-618.922	-4.15035e-06	0	0	0	23.7497	18.5333	0	5.21642		300	0.831813	-0.0189842	-0.0189842	0.0379684	0	0	0	0.831813	0	-0.418	-118.594	0	24.0078	24.0078	6.21725e-15	6.27	0	0	0	0	0	0	0	0	0	0	0	0	0	0	0	0	0	0	0	0	0	0	0	0	0	0	0	0	0	0	0	0	0	
1	1	1	500	15		300	0	0	-0.025	-0.025	0.04446	0	0	0	-619.473	-619.473	-4.15034e-06	0	0	0	23.8116	18.5829	0	5.22871		300	0.833771	-0.0190289	-0.0190289	0.0380578	0	0	0	0.833771	0	-0.418	-118.594	0	24.0078	24.0078	6.21725e-15	6.27	0	0	0	0	0	0	0	0	0	0	0	0	0	0	0	0	0	0	0	0	0	0	0	0	0	0	0	0	0	0	0	0	0	
1	1	1	501	15.03		300	0	0	-0.02505	-0.02505	0.044555	0	0	0	-620.028	-620.028	-4.15032e-06	0	0	0	23.8736	18.6326	0	5.24098		300	0.835728	-0.0190735	-0.0190735	0.0381471	0	0	0	0.835728	0	-0.418	-118.594	0	24.0078	24.0078	6.21725e-15	6.27	0	0	0	0	0	0	0	0	0	0	0	0	0	0	0	0	0	0	0	0	0	0	0	0	0	0	0	0	0	0	0	0	0	
1	1	1	502	15.06		300	0	0	-0.0251	-0.0251	0.04465	0	0	0	-620.587	-620.587	-4.15031e-06	0	0	0	23.9356	18.6824	0	5.25325		300	0.837683	-0.0191182	-0.0191182	0.0382363	0	0	0	0.837683	0	-0.418	-118.594	0	24.0078	24.0078	6.21725e-15	6.27	0	0	0	0	0	0	0	0	0	0	0	0	0	0	0	0	0	0	0	0	0	0	0	0	0	0	0	0	0	0	0	0	0	
1	1	1	503	15.09		300	0	0	-0.02515	-0.02515	0.044745	0	0	0	-621.149	-621.149	-4.15029e-06	0	0	0	23.9977	18.7322	0	5.26551		300	0.839636	-0.0191627	-0.0191627	0.0383255	0	0	0	0.839636	0	-0.418	-118.594	0	24.0078	24.0078	6.21725e-15	6.27	0	0	0	0	0	0	0	0	0	0	0	0	0	0	0	0	0	0	0	0	0	0	0	0	0	0	0	0	0	0	0	0	0	
1	1	1	504	15.12		300	0	0	-0.0252	-0.0252	0.0448399	0	0	0	-621.714	-621.714	-4.15027e-06	0	0	0	24.0599	18.7821	0	5.27776		300	0.841588	-0.0192073	-0.0192073	0.0384146	0	0	0	0.841588	0	-0.418	-118.594	0	24.0078	24.0078	6.21725e-15	6.27	0	0	0	0	0	0	0	0	0	0	0	0	0	0	0	0	0	0	0	0	0	0	0	0	0	0	0	0	0	0	0	0	0	
1	1	1	505	15.15		300	0	0	-0.02525	-0.02525	0.0449348	0	0	0	-622.284	-622.284	-4.15025e-06	0	0	0	24.1221	18.8321	0	5.29		300	0.843538	-0.0192518	-0.0192518	0.0385036	0	0	0	0.843538	0	-0.418	-118.594	0	24.0078	24.0078	6.21725e-15	6.27	0	0	0	0	0	0	0	0	0	0	0	0	0	0	0	0	0	0	0	0	0	0	0	0	0	0	0	0	0	0	0	0	0	
1	1	1	506	15.18		300	0	0	-0.0253	-0.0253	0.0450297	0	0	0	-622.857	-622.857	-4.15023e-06	0	0	0	24.1843	18.8821	0	5.30223		300	0.845487	-0.0192963	-0.0192963	0.0385925	0	0	0	0.845487	0	-0.418	-118.594	0	24.0078	24.0078	6.21725e-15	6.27	0	0	0	0	0	0	0	0	0	0	0	0	0	0	0	0	0	0	0	0	0	0	0	0	0	0	0	0	0	0	0	0	0	
1	1	1	507	15.21		300	0	0	-0.02535	-0.02535	0.0451246	0	0	0	-623.435	-623.435	-4.15021e-06	0	0	0	24.2466	18.9322	0	5.31444		300	0.847434	-0.0193407	-0.0193407	0.0386814	0	0	0	0.847434	0	-0.418	-118.594	0	24.0078	24.0078	6.21725e-15	6.27	0	0	0	0	0	0	0	0	0	0	0	0	0	0	0	0	0	0	0	0	0	0	0	0	0	0	0	0	0	0	0	0	0	
1	1	1	508	15.24		300	0	0	-0.0254	-0.0254	0.0452194	0	0	0	-624.016	-624.016	-4.15019e-06	0	0	0	24.309	18.9824	0	5.32665		300	0.849379	-0.0193851	-0.0193851	0.0387702	0	0	0	0.849379	0	-0.418	-118.594	0	24.0078	24.0078	6.21725e-15	6.27	0	0	0	0	0	0	0	0	0	0	0	0	0	0	0	0	0	0	0	0	0	0	0	0	0	0	0	0	0	0	0	0	0	
1	1	1	509	15.27		300	0	0	-0.02545	-0.02545	0.0453141	0	0	0	-624.602	-624.602	-4.15017e-06	0	0	0	24.3714	19.0326	0	5.33885		300	0.851323	-0.0194295	-0.0194295	0.0388589	0	0	0	0.851323	0	-0.418	-118.594	0	24.0078	24.0078	6.21725e-15	6.27	0	0	0	0	0	0	0	0	0	0	0	0	0	0	0	0	0	0	0	0	0	0	0	0	0	0	0	0	0	0	0	0	0	
1	1	1	510	15.3		300	0	0	-0.0255	-0.0255	0.0454088	0	0	0	-625.191	-625.191	-4.15014e-06	0	0	0	24.4339	19.0829	0	5.35103		300	0.853264	-0.0194738	-0.0194738	0.0389475	0	0	0	0.853264	0	-0.418	-118.594	0	24.0078	24.0078	6.21725e-15	6.27	0	0	0	0	0	0	0	0	0	0	0	0	0	0	0	0	0	0	0	0	0	0	0	0	0	0	0	0	0	0	0	0	0	
1	1	1	511	15.33		300	0	0	-0.02555	-0.02555	0.0455035	0	0	0	-625.785	-625.785	-4.15012e-06	0	0	0	24.4965	19.1333	0	5.36321		300	0.855204	-0.019518	-0.019518	0.0390361	0	0	0	0.855204	0	-0.418	-118.594	0	24.0078	24.0078	6.21725e-15	6.27	0	0	0	0	0	0	0	0	0	0	0	0	0	0	0	0	0	0	0	0	0	0	0	0	0	0	0	0	0	0	0	0	0	
1	1	1	512	15.36		300	0	0	-0.0256	-0.0256	0.0455982	0	0	0	-626.384	-626.384	-4.15009e-06	0	0	0	24.5591	19.1837	0	5.37537		300	0.857143	-0.0195623	-0.0195623	0.0391246	0	0	0	0.857143	0	-0.418	-118.594	0	24.0078	24.0078	6.21725e-15	6.27	0	0	0	0	0	0	0	0	0	0	0	0	0	0	0	0	0	0	0	0	0	0	0	0	0	0	0	0	0	0	0	0	0	
1	1	1	513	15.39		300	0	0	-0.02565	-0.02565	0.0456928	0	0	0	-626.986	-626.986	-4.15006e-06	0	0	0	24.6218	19.2342	0	5.38752		300	0.859079	-0.0196065	-0.0196065	0.0392129	0	0	0	0.859079	0	-0.418	-118.594	0	24.0078	24.0078	6.21725e-15	6.27	0	0	0	0	0	0	0	0	0	0	0	0	0	0	0	0	0	0	0	0	0	0	0	0	0	0	0	0	0	0	0	0	0	
1	1	1	514	15.42		300	0	0	-0.0257	-0.0257	0.0457874	0	0	0	-627.594	-627.594	-4.15002e-06	0	0	0	24.6845	19.2848	0	5.39966		300	0.861013	-0.0196506	-0.0196506	0.0393012	0	0	0	0.861013	0	-0.418	-118.594	0	24.0078	24.0078	6.21725e-15	6.27	0	0	0	0	0	0	0	0	0	0	0	0	0	0	0	0	0	0	0	0	0	0	0	0	0	0	0	0	0	0	0	0	0	
1	1	1	515	15.45		300	0	0	-0.02575	-0.02575	0.0458819	0	0	0	-628.206	-628.206	-4.14999e-06	0	0	0	24.7473	19.3355	0	5.41179		300	0.862945	-0.0196947	-0.0196947	0.0393894	0	0	0	0.862945	0	-0.418	-118.594	0	24.0078	24.0078	6.21725e-15	6.27	0	0	0	0	0	0	0	0	0	0	0	0	0	0	0	0	0	0	0	0	0	0	0	0	0	0	0	0	0	0	0	0	0	
1	1	1	516	15.48		300	0	0	-0.0258	-0.0258	0.0459764	0	0	0	-628.823	-628.823	-4.14995e-06	0	0	0	24.8101	19.3862	0	5.42391		300	0.864875	-0.0197388	-0.0197388	0.0394775	0	0	0	0.864875	0	-0.418	-118.594	0	24.0078	24.0078	6.21725e-15	6.27	0	0	0	0	0	0	0	0	0	0	0	0	0	0	0	0	0	0	0	0	0	0	0	0	0	0	0	0	0	0	0	0	0	
1	1	1	517	15.51		300	0	0	-0.02585	-0.02585	0.0460708	0	0	0	-629.445	-629.445	-4.14991e-06	0	0	0	24.873	19.437	0	5.43601		300	0.866803	-0.0197828	-0.0197828	0.0395655	0	0	0	0.866803	0	-0.418	-118.594	0	24.0078	24.0078	6.21725e-15	6.27	0	0	0	0	0	0	0	0	0	0	0	0	0	0	0	0	0	0	0	0	0	0	0	0	0	0	0	0	0	0	0	0	0	
1	1	1	518	15.54		300	0	0	-0.0259	-0.0259	0.0461652	0	0	0	-630.072	-630.072	-4.14986e-06	0	0	0	24.936	19.4879	0	5.4481		300	0.868729	-0.0198267	-0.0198267	0.0396534	0	0	0	0.868729	0	-0.418	-118.594	0	24.0078	24.0078	6.21725e-15	6.27	0	0	0	0	0	0	0	0	0	0	0	0	0	0	0	0	0	0	0	0	0	0	0	0	0	0	0	0	0	0	0	0	0	
1	1	1	519	15.57		300	0	0	-0.02595	-0.02595	0.0462595	0	0	0	-630.704	-630.704	-4.14981e-06	0	0	0	24.9991	19.5389	0	5.46017		300	0.870653	-0.0198706	-0.0198706	0.0397413	0	0	0	0.870653	0	-0.418	-118.594	0	24.0078	24.0078	6.21725e-15	6.27	0	0	0	0	0	0	0	0	0	0	0	0	0	0	0	0	0	0	0	0	0	0	0	0	0	0	0	0	0	0	0	0	0	
1	1	1	520	15.6		300	0	0	-0.026	-0.026	0.0463538	0	0	0	-631.342	-631.342	-4.14976e-06	0	0	0	25.0622	19.5899	0	5.47223		300	0.872575	-0.0199145	-0.0199145	0.039829	0	0	0	0.872575	0	-0.418	-118.594	0	24.0078	24.0078	6.21725e-15	6.27	0	0	0	0	0	0	0	0	0	0	0	0	0	0	0	0	0	0	0	0	0	0	0	0	0	0	0	0	0	0	0	0	0	
1	1	1	521	15.63		300	0	0	-0.02605	-0.02605	0.0464481	0	0	0	-631.985	-631.985	-4.1497e-06	0	0	0	25.1253	19.6411	0	5.48428		300	0.874494	-0.0199583	-0.0199583	0.0399166	0	0	0	0.874494	0	-0.418	-118.594	0	24.0078	24.0078	6.21725e-15	6.27	0	0	0	0	0	0	0	0	0	0	0	0	0	0	0	0	0	0	0	0	0	0	0	0	0	0	0	0	0	0	0	0	0	
1	1	1	522	15.66		300	0	0	-0.0261	-0.0261	0.0465423	0	0	0	-632.633	-632.633	-4.14964e-06	0	0	0	25.1886	19.6923	0	5.49631		300	0.876411	-0.020002	-0.020002	0.0400041	0	0	0	0.876411	0	-0.418	-118.594	0	24.0078	24.0078	6.21725e-15	6.27	0	0	0	0	0	0	0	0	0	0	0	0	0	0	0	0	0	0	0	0	0	0	0	0	0	0	0	0	0	0	0	0	0	
1	1	1	523	15.69		300	0	0	-0.02615	-0.02615	0.0466364	0	0	0	-633.288	-633.288	-4.14958e-06	0	0	0	25.2519	19.7435	0	5.50833		300	0.878325	-0.0200457	-0.0200457	0.0400915	0	0	0	0.878325	0	-0.418	-118.594	0	24.0078	24.0078	6.21725e-15	6.27	0	0	0	0	0	0	0	0	0	0	0	0	0	0	0	0	0	0	0	0	0	0	0	0	0	0	0	0	0	0	0	0	0	
1	1	1	524	15.72		300	0	0	-0.0262	-0.0262	0.0467305	0	0	0	-633.948	-633.948	-4.14951e-06	0	0	0	25.3152	19.7949	0	5.52033		300	0.880237	-0.0200894	-0.0200894	0.0401787	0	0	0	0.880237	0	-0.418	-118.594	0	24.0078	24.0078	6.21725e-15	6.27	0	0	0	0	0	0	0	0	0	0	0	0	0	0	0	0	0	0	0	0	0	0	0	0	0	0	0	0	0	0	0	0	0	
1	1	1	525	15.75		300	0	0	-0.02625	-0.02625	0.0468246	0	0	0	-634.614	-634.614	-4.14943e-06	0	0	0	25.3786	19.8463	0	5.53232		300	0.882147	-0.0201329	-0.0201329	0.0402659	0	0	0	0.882147	0	-0.418	-118.594	0	24.0078	24.0078	6.21725e-15	6.27	0	0	0	0	0	0	0	0	0	0	0	0	0	0	0	0	0	0	0	0	0	0	0	0	0	0	0	0	0	0	0	0	0	
1	1	1	526	15.78		300	0	0	-0.0263	-0.0263	0.0469186	0	0	0	-635.286	-635.286	-4.14935e-06	0	0	0	25.4421	19.8979	0	5.54429		300	0.884054	-0.0201765	-0.0201765	0.0403529	0	0	0	0.884054	0	-0.418	-118.594	0	24.0078	24.0078	6.21725e-15	6.27	0	0	0	0	0	0	0	0	0	0	0	0	0	0	0	0	0	0	0	0	0	0	0	0	0	0	0	0	0	0	0	0	0	
1	1	1	527	15.81		300	0	0	-0.02635	-0.02635	0.0470125	0	0	0	-635.965	-635.965	-4.14926e-06	0	0	0	25.5057	19.9495	0	5.55624		300	0.885958	-0.0202199	-0.0202199	0.0404398	0	0	0	0.885958	0	-0.418	-118.594	0	24.0078	24.0078	6.21725e-15	6.27	0	0	0	0	0	0	0	0	0	0	0	0	0	0	0	0	0	0	0	0	0	0	0	0	0	0	0	0	0	0	0	0	0	
1	1	1	528	15.84		300	0	0	-0.0264	-0.0264	0.0471064	0	0	0	-636.65	-636.65	-4.14916e-06	0	0	0	25.5693	20.0012	0	5.56818		300	0.887859	-0.0202633	-0.0202633	0.0405266	0	0	0	0.887859	0	-0.418	-118.594	0	24.0078	24.0078	6.21725e-15	6.27	0	0	0	0	0	0	0	0	0	0	0	0	0	0	0	0	0	0	0	0	0	0	0	0	0	0	0	0	0	0	0	0	0	
1	1	1	529	15.87		300	0	0	-0.02645	-0.02645	0.0472002	0	0	0	-637.342	-637.342	-4.14906e-06	0	0	0	25.633	20.0529	0	5.5801		300	0.889758	-0.0203066	-0.0203066	0.0406133	0	0	0	0.889758	0	-0.418	-118.594	0	24.0078	24.0078	6.21725e-15	6.27	0	0	0	0	0	0	0	0	0	0	0	0	0	0	0	0	0	0	0	0	0	0	0	0	0	0	0	0	0	0	0	0	0	
1	1	1	530	15.9		300	0	0	-0.0265	-0.0265	0.0472939	0	0	0	-638.041	-638.041	-4.14894e-06	0	0	0	25.6968	20.1048	0	5.592		300	0.891654	-0.0203499	-0.0203499	0.0406998	0	0	0	0.891654	0	-0.418	-118.594	0	24.0078	24.0078	6.21725e-15	6.27	0	0	0	0	0	0	0	0	0	0	0	0	0	0	0	0	0	0	0	0	0	0	0	0	0	0	0	0	0	0	0	0	0	
1	1	1	531	15.93		300	0	0	-0.02655	-0.02655	0.0473876	0	0	0	-638.747	-638.747	-4.14882e-06	0	0	0	25.7606	20.1568	0	5.60388		300	0.893546	-0.0203931	-0.0203931	0.0407862	0	0	0	0.893546	0	-0.418	-118.594	0	24.0078	24.0078	6.21725e-15	6.27	0	0	0	0	0	0	0	0	0	0	0	0	0	0	0	0	0	0	0	0	0	0	0	0	0	0	0	0	0	0	0	0	0	
1	1	1	532	15.96		300	0	0	-0.0266	-0.0266	0.0474812	0	0	0	-639.46	-639.46	-4.14868e-06	0	0	0	25.8246	20.2088	0	5.61575		300	0.895436	-0.0204362	-0.0204362	0.0408725	0	0	0	0.895436	0	-0.418	-118.594	0	24.0078	24.0078	6.21725e-15	6.27	0	0	0	0	0	0	0	0	0	0	0	0	0	0	0	0	0	0	0	0	0	0	0	0	0	0	0	0	0	0	0	0	0	
1	1	1	533	15.99		300	0	0	-0.02665	-0.02665	0.0475748	0	0	0	-640.181	-640.181	-4.14853e-06	0	0	0	25.8885	20.2609	0	5.62759		300	0.897322	-0.0204793	-0.0204793	0.0409586	0	0	0	0.897322	0	-0.418	-118.594	0	24.0078	24.0078	6.21725e-15	6.27	0	0	0	0	0	0	0	0	0	0	0	0	0	0	0	0	0	0	0	0	0	0	0	0	0	0	0	0	0	0	0	0	0	
1	1	1	534	16.02		300	0	0	-0.0267	-0.0267	0.0476683	0	0	0	-640.909	-640.909	-4.14837e-06	0	0	0	25.9526	20.3132	0	5.63941		300	0.899206	-0.0205223	-0.0205223	0.0410445	0	0	0	0.899206	0	-0.418	-118.594	0	24.0078	24.0078	6.21725e-15	6.27	0	0	0	0	0	0	0	0	0	0	0	0	0	0	0	0	0	0	0	0	0	0	0	0	0	0	0	0	0	0	0	0	0	
1	1	1	535	16.05		300	0	0	-0.02675	-0.02675	0.0477617	0	0	0	-641.645	-641.645	-4.14819e-06	0	0	0	26.0167	20.3655	0	5.65122		300	0.901085	-0.0205652	-0.0205652	0.0411303	0	0	0	0.901085	0	-0.418	-118.594	0	24.0078	24.0078	6.21725e-15	6.27	0	0	0	0	0	0	0	0	0	0	0	0	0	0	0	0	0	0	0	0	0	0	0	0	0	0	0	0	0	0	0	0	0	
1	1	1	536	16.08		300	0	0	-0.0268	-0.0268	0.047855	0	0	0	-642.39	-642.39	-4.14799e-06	0	0	0	26.0809	20.4179	0	5.663		300	0.902962	-0.020608	-0.020608	0.041216	0	0	0	0.902962	0	-0.418	-118.594	0	24.0078	24.0078	6.21725e-15	6.27	0	0	0	0	0	0	0	0	0	0	0	0	0	0	0	0	0	0	0	0	0	0	0	0	0	0	0	0	0	0	0	0	0	
1	1	1	537	16.11		300	0	0	-0.02685	-0.02685	0.0479483	0	0	0	-643.142	-643.142	-4.14778e-06	0	0	0	26.1452	20.4704	0	5.67476		300	0.904835	-0.0206507	-0.0206507	0.0413015	0	0	0	0.904835	0	-0.418	-118.594	0	24.0078	24.0078	6.21725e-15	6.27	0	0	0	0	0	0	0	0	0	0	0	0	0	0	0	0	0	0	0	0	0	0	0	0	0	0	0	0	0	0	0	0	0	
1	1	1	538	16.14		300	0	0	-0.0269	-0.0269	0.0480415	0	0	0	-643.904	-643.904	-4.14754e-06	0	0	0	26.2096	20.5231	0	5.6865		300	0.906704	-0.0206934	-0.0206934	0.0413868	0	0	0	0.906704	0	-0.418	-118.594	0	24.0078	24.0078	6.21725e-15	6.27	0	0	0	0	0	0	0	0	0	0	0	0	0	0	0	0	0	0	0	0	0	0	0	0	0	0	0	0	0	0	0	0	0	
1	1	1	539	16.17		300	0	0	-0.02695	-0.02695	0.0481346	0	0	0	-644.674	-644.674	-4.14729e-06	0	0	0	26.274	20.5758	0	5.69821		300	0.908569	-0.020736	-0.020736	0.0414719	0	0	0	0.908569	0	-0.418	-118.594	0	24.0078	24.0078	6.21725e-15	6.27	0	0	0	0	0	0	0	0	0	0	0	0	0	0	0	0	0	0	0	0	0	0	0	0	0	0	0	0	0	0	0	0	0	
1	1	1	540	16.2		300	0	0	-0.027	-0.027	0.0482276	0	0	0	-645.454	-645.454	-4.147e-06	0	0	0	26.3385	20.6286	0	5.7099		300	0.910431	-0.0207785	-0.0207785	0.0415569	0	0	0	0.910431	0	-0.418	-118.594	0	24.0078	24.0078	6.21725e-15	6.27	0	0	0	0	0	0	0	0	0	0	0	0	0	0	0	0	0	0	0	0	0	0	0	0	0	0	0	0	0	0	0	0	0	
1	1	1	541	16.23		300	0	0	-0.02705	-0.02705	0.0483206	0	0	0	-646.243	-646.243	-4.14669e-06	0	0	0	26.4031	20.6815	0	5.72157		300	0.912288	-0.0208208	-0.0208208	0.0416417	0	0	0	0.912288	0	-0.418	-118.594	0	24.0078	24.0078	6.21725e-15	6.27	0	0	0	0	0	0	0	0	0	0	0	0	0	0	0	0	0	0	0	0	0	0	0	0	0	0	0	0	0	0	0	0	0	
1	1	1	542	16.26		300	0	0	-0.0271	-0.0271	0.0484134	0	0	0	-647.043	-647.043	-4.14634e-06	0	0	0	26.4677	20.7345	0	5.73321		300	0.914141	-0.0208631	-0.0208631	0.0417263	0	0	0	0.914141	0	-0.418	-118.594	0	24.0078	24.0078	6.21725e-15	6.27	0	0	0	0	0	0	0	0	0	0	0	0	0	0	0	0	0	0	0	0	0	0	0	0	0	0	0	0	0	0	0	0	0	
1	1	1	543	16.29		300	0	0	-0.02715	-0.02715	0.0485062	0	0	0	-647.852	-647.852	-4.14596e-06	0	0	0	26.5325	20.7877	0	5.74482		300	0.91599	-0.0209053	-0.0209053	0.0418107	0	0	0	0.91599	0	-0.418	-118.594	0	24.0078	24.0078	6.21725e-15	6.27	0	0	0	0	0	0	0	0	0	0	0	0	0	0	0	0	0	0	0	0	0	0	0	0	0	0	0	0	0	0	0	0	0	
1	1	1	544	16.32		300	0	0	-0.0272	-0.0272	0.0485989	0	0	0	-648.672	-648.672	-4.14554e-06	0	0	0	26.5973	20.8409	0	5.75641		300	0.917835	-0.0209474	-0.0209474	0.0418949	0	0	0	0.917835	0	-0.418	-118.594	0	24.0078	24.0078	6.21725e-15	6.27	0	0	0	0	0	0	0	0	0	0	0	0	0	0	0	0	0	0	0	0	0	0	0	0	0	0	0	0	0	0	0	0	0	
1	1	1	545	16.35		300	0	0	-0.02725	-0.02725	0.0486914	0	0	0	-649.502	-649.502	-4.14507e-06	0	0	0	26.6622	20.8943	0	5.76796		300	0.919675	-0.0209894	-0.0209894	0.0419789	0	0	0	0.919675	0	-0.418	-118.594	0	24.0078	24.0078	6.21725e-15	6.27	0	0	0	0	0	0	0	0	0	0	0	0	0	0	0	0	0	0	0	0	0	0	0	0	0	0	0	0	0	0	0	0	0	
1	1	1	546	16.38		300	0	0	-0.0273	-0.0273	0.0487839	0	0	0	-650.344	-650.344	-4.14454e-06	0	0	0	26.7272	20.9477	0	5.77949		300	0.92151	-0.0210313	-0.0210313	0.0420626	0	0	0	0.92151	0	-0.418	-118.594	0	24.0078	24.0078	6.21725e-15	6.27	0	0	0	0	0	0	0	0	0	0	0	0	0	0	0	0	0	0	0	0	0	0	0	0	0	0	0	0	0	0	0	0	0	
1	1	1	547	16.41		300	0	0	-0.02735	-0.02735	0.0488763	0	0	0	-651.198	-651.198	-4.14396e-06	0	0	0	26.7923	21.0013	0	5.79099		300	0.92334	-0.0210731	-0.0210731	0.0421462	0	0	0	0.92334	0	-0.418	-118.594	0	24.0078	24.0078	6.21725e-15	6.27	0	0	0	0	0	0	0	0	0	0	0	0	0	0	0	0	0	0	0	0	0	0	0	0	0	0	0	0	0	0	0	0	0	
1	1	1	548	16.44		300	0	0	-0.0274	-0.0274	0.0489685	0	0	0	-652.064	-652.064	-4.14331e-06	0	0	0	26.8574	21.055	0	5.80246		300	0.925166	-0.0211147	-0.0211147	0.0422295	0	0	0	0.925166	0	-0.418	-118.594	0	24.0078	24.0078	6.21725e-15	6.27	0	0	0	0	0	0	0	0	0	0	0	0	0	0	0	0	0	0	0	0	0	0	0	0	0	0	0	0	0	0	0	0	0	
1	1	1	549	16.47		300	0	0	-0.02745	-0.02745	0.0490607	0	0	0	-652.942	-652.942	-4.14259e-06	0	0	0	26.9227	21.1088	0	5.81389		300	0.926986	-0.0211563	-0.0211563	0.0423126	0	0	0	0.926986	0	-0.418	-118.594	0	24.0078	24.0078	6.21725e-15	6.27	0	0	0	0	0	0	0	0	0	0	0	0	0	0	0	0	0	0	0	0	0	0	0	0	0	0	0	0	0	0	0	0	0	
1	1	1	550	16.5		300	0	0	-0.0275	-0.0275	0.0491527	0	0	0	-653.833	-653.833	-4.14177e-06	0	0	0	26.988	21.1627	0	5.82529		300	0.9288	-0.0211977	-0.0211977	0.0423954	0	0	0	0.9288	0	-0.418	-118.594	0	24.0078	24.0078	6.21725e-15	6.27	0	0	0	0	0	0	0	0	0	0	0	0	0	0	0	0	0	0	0	0	0	0	0	0	0	0	0	0	0	0	0	0	0	
1	1	1	551	16.53		300	0	0	-0.02755	-0.02755	0.0492446	0	0	0	-654.738	-654.738	-4.14086e-06	0	0	0	27.0535	21.2168	0	5.83665		300	0.930609	-0.021239	-0.021239	0.0424779	0	0	0	0.930609	0	-0.418	-118.594	0	24.0078	24.0078	6.21725e-15	6.27	0	0	0	0	0	0	0	0	0	0	0	0	0	0	0	0	0	0	0	0	0	0	0	0	0	0	0	0	0	0	0	0	0	
1	1	1	552	16.56		300	0	0	-0.0276	-0.0276	0.0493364	0	0	0	-655.656	-655.656	-4.13983e-06	0	0	0	27.119	21.271	0	5.84798		300	0.932412	-0.0212801	-0.0212801	0.0425602	0	0	0	0.932412	0	-0.418	-118.594	0	24.0078	24.0078	6.21725e-15	6.27	0	0	0	0	0	0	0	0	0	0	0	0	0	0	0	0	0	0	0	0	0	0	0	0	0	0	0	0	0	0	0	0	0	
1	1	1	553	16.59		300	0	0	-0.02765	-0.02765	0.049428	0	0	0	-656.589	-656.589	-4.13867e-06	0	0	0	27.1846	21.3253	0	5.85927		300	0.934208	-0.0213211	-0.0213211	0.0426422	0	0	0	0.934208	0	-0.418	-118.594	0	24.0078	24.0078	6.21725e-15	6.27	0	0	0	0	0	0	0	0	0	0	0	0	0	0	0	0	0	0	0	0	0	0	0	0	0	0	0	0	0	0	0	0	0	
1	1	1	554	16.62		300	0	0	-0.0277	-0.0277	0.0495196	0	0	0	-657.538	-657.538	-4.13736e-06	0	0	0	27.2503	21.3798	0	5.87052		300	0.935998	-0.021362	-0.021362	0.042724	0	0	0	0.935998	0	-0.418	-118.594	0	24.0078	24.0078	6.21725e-15	6.27	0	0	0	0	0	0	0	0	0	0	0	0	0	0	0	0	0	0	0	0	0	0	0	0	0	0	0	0	0	0	0	0	0	
1	1	1	555	16.65		300	0	0	-0.02775	-0.02775	0.0496109	0	0	0	-658.502	-658.502	-4.13588e-06	0	0	0	27.3161	21.4344	0	5.88173		300	0.937782	-0.0214027	-0.0214027	0.0428054	0	0	0	0.937782	0	-0.418	-118.594	0	24.0078	24.0078	6.21725e-15	6.27	0	0	0	0	0	0	0	0	0	0	0	0	0	0	0	0	0	0	0	0	0	0	0	0	0	0	0	0	0	0	0	0	0	
1	1	1	556	16.68		300	0	0	-0.0278	-0.0278	0.0497022	0	0	0	-659.482	-659.482	-4.1342e-06	0	0	0	27.382	21.4891	0	5.8929		300	0.939559	-0.0214432	-0.0214432	0.0428865	0	0	0	0.939559	0	-0.418	-118.594	0	24.0078	24.0078	6.21725e-15	6.27	0	0	0	0	0	0	0	0	0	0	0	0	0	0	0	0	0	0	0	0	0	0	0	0	0	0	0	0	0	0	0	0	0	
1	1	1	557	16.71		300	0	0	-0.02785	-0.02785	0.0497933	0	0	0	-660.48	-660.48	-4.13228e-06	0	0	0	27.448	21.544	0	5.90402		300	0.941328	-0.0214836	-0.0214836	0.0429672	0	0	0	0.941328	0	-0.418	-118.594	0	24.0078	24.0078	6.21725e-15	6.27	0	0	0	0	0	0	0	0	0	0	0	0	0	0	0	0	0	0	0	0	0	0	0	0	0	0	0	0	0	0	0	0	0	
1	1	1	558	16.74		300	0	0	-0.0279	-0.0279	0.0498842	0	0	0	-661.496	-661.496	-4.1301e-06	0	0	0	27.5141	21.599	0	5.9151		300	0.94309	-0.0215238	-0.0215238	0.0430477	0	0	0	0.94309	0	-0.418	-118.594	0	24.0078	24.0078	6.21725e-15	6.27	0	0	0	0	0	0	0	0	0	0	0	0	0	0	0	0	0	0	0	0	0	0	0	0	0	0	0	0	0	0	0	0	0	
1	1	1	559	16.77		300	0	0	-0.02795	-0.02795	0.0499749	0	0	0	-662.53	-662.53	-4.12759e-06	0	0	0	27.5803	21.6542	0	5.92613		300	0.944844	-0.0215639	-0.0215639	0.0431277	0	0	0	0.944844	0	-0.418	-118.594	0	24.0078	24.0078	6.21725e-15	6.27	0	0	0	0	0	0	0	0	0	0	0	0	0	0	0	0	0	0	0	0	0	0	0	0	0	0	0	0	0	0	0	0	0	
1	1	1	560	16.8		300	0	0	-0.028	-0.028	0.0500655	0	0	0	-663.583	-663.583	-4.12472e-06	0	0	0	27.6466	21.7095	0	5.9371		300	0.94659	-0.0216037	-0.0216037	0.0432074	0	0	0	0.94659	0	-0.418	-118.594	0	24.0078	24.0078	6.21725e-15	6.27	0	0	0	0	0	0	0	0	0	0	0	0	0	0	0	0	0	0	0	0	0	0	0	0	0	0	0	0	0	0	0	0	0	
1	1	1	561	16.83		300	0	0	-0.02805	-0.02805	0.0501559	0	0	0	-664.657	-664.657	-4.12141e-06	0	0	0	27.713	21.765	0	5.94803		300	0.948327	-0.0216434	-0.0216434	0.0432867	0	0	0	0.948327	0	-0.418	-118.594	0	24.0078	24.0078	6.21725e-15	6.27	0	0	0	0	0	0	0	0	0	0	0	0	0	0	0	0	0	0	0	0	0	0	0	0	0	0	0	0	0	0	0	0	0	
1	1	1	562	16.86		300	0	0	-0.0281	-0.0281	0.0502461	0	0	0	-665.753	-665.753	-4.1176e-06	0	0	0	27.7795	21.8206	0	5.95889		300	0.950055	-0.0216828	-0.0216828	0.0433656	0	0	0	0.950055	0	-0.418	-118.594	0	24.0078	24.0078	6.21725e-15	6.27	0	0	0	0	0	0	0	0	0	0	0	0	0	0	0	0	0	0	0	0	0	0	0	0	0	0	0	0	0	0	0	0	0	
1	1	1	563	16.89		300	0	0	-0.02815	-0.02815	0.0503361	0	0	0	-666.87	-666.87	-4.11317e-06	0	0	0	27.8462	21.8765	0	5.9697		300	0.951774	-0.021722	-0.021722	0.043444	0	0	0	0.951774	0	-0.418	-118.594	0	24.0078	24.0078	6.21725e-15	6.27	0	0	0	0	0	0	0	0	0	0	0	0	0	0	0	0	0	0	0	0	0	0	0	0	0	0	0	0	0	0	0	0	0	
1	1	1	564	16.92		300	0	0	-0.0282	-0.0282	0.0504259	0	0	0	-668.012	-668.012	-4.10803e-06	0	0	0	27.9129	21.9325	0	5.98045		300	0.953483	-0.021761	-0.021761	0.043522	0	0	0	0.953483	0	-0.418	-118.594	0	24.0078	24.0078	6.21725e-15	6.27	0	0	0	0	0	0	0	0	0	0	0	0	0	0	0	0	0	0	0	0	0	0	0	0	0	0	0	0	0	0	0	0	0	
1	1	1	565	16.95		300	0	0	-0.02825	-0.02825	0.0505155	0	0	0	-669.177	-669.177	-4.10203e-06	0	0	0	27.9798	21.9886	0	5.99114		300	0.955181	-0.0217998	-0.0217998	0.0435996	0	0	0	0.955181	0	-0.418	-118.594	0	24.0078	24.0078	6.21725e-15	6.27	0	0	0	0	0	0	0	0	0	0	0	0	0	0	0	0	0	0	0	0	0	0	0	0	0	0	0	0	0	0	0	0	0	
1	1	1	566	16.98		300	0	0	-0.0283	-0.0283	0.0506048	0	0	0	-670.369	-670.369	-4.09501e-06	0	0	0	28.0468	22.045	0	6.00175		300	0.956869	-0.0218383	-0.0218383	0.0436766	0	0	0	0.956869	0	-0.418	-118.594	0	24.0078	24.0078	6.21725e-15	6.27	0	0	0	0	0	0	0	0	0	0	0	0	0	0	0	0	0	0	0	0	0	0	0	0	0	0	0	0	0	0	0	0	0	
1	1	1	567	17.01		300	0	0	-0.02835	-0.02835	0.0506939	0	0	0	-671.588	-671.588	-4.08676e-06	0	0	0	28.1139	22.1015	0	6.0123		300	0.958545	-0.0218766	-0.0218766	0.0437531	0	0	0	0.958545	0	-0.418	-118.594	0	24.0078	24.0078	6.21725e-15	6.27	0	0	0	0	0	0	0	0	0	0	0	0	0	0	0	0	0	0	0	0	0	0	0	0	0	0	0	0	0	0	0	0	0	
1	1	1	568	17.04		300	0	0	-0.0284	-0.0284	0.0507828	0	0	0	-672.836	-672.836	-4.07702e-06	0	0	0	28.1811	22.1583	0	6.02277		300	0.960209	-0.0219145	-0.0219145	0.043829	0	0	0	0.960209	0	-0.418	-118.594	0	24.0078	24.0078	6.21725e-15	6.27	0	0	0	0	0	0	0	0	0	0	0	0	0	0	0	0	0	0	0	0	0	0	0	0	0	0	0	0	0	0	0	0	0	
1	1	1	569	17.07		300	0	0	-0.02845	-0.02845	0.0508713	0	0	0	-674.114	-674.114	-4.06549e-06	0	0	0	28.2484	22.2153	0	6.03316		300	0.96186	-0.0219522	-0.0219522	0.0439044	0	0	0	0.96186	0	-0.418	-118.594	0	24.0078	24.0078	6.21725e-15	6.27	0	0	0	0	0	0	0	0	0	0	0	0	0	0	0	0	0	0	0	0	0	0	0	0	0	0	0	0	0	0	0	0	0	
1	1	1	570	17.1		300	0	0	-0.0285	-0.0285	0.0509596	0	0	0	-675.424	-675.424	-4.05176e-06	0	0	0	28.3159	22.2724	0	6.04347		300	0.963497	-0.0219896	-0.0219896	0.0439791	0	0	0	0.963497	0	-0.418	-118.594	0	24.0078	24.0078	6.21725e-15	6.27	0	0	0	0	0	0	0	0	0	0	0	0	0	0	0	0	0	0	0	0	0	0	0	0	0	0	0	0	0	0	0	0	0	
1	1	1	571	17.13		300	0	0	-0.02855	-0.02855	0.0510476	0	0	0	-676.768	-676.768	-4.03536e-06	0	0	0	28.3835	22.3298	0	6.05369		300	0.96512	-0.0220266	-0.0220266	0.0440532	0	0	0	0.96512	0	-0.418	-118.594	0	24.0078	24.0078	6.21725e-15	6.27	0	0	0	0	0	0	0	0	0	0	0	0	0	0	0	0	0	0	0	0	0	0	0	0	0	0	0	0	0	0	0	0	0	
1	1	1	572	17.16		300	0	0	-0.0286	-0.0286	0.0511352	0	0	0	-678.148	-678.148	-4.01566e-06	0	0	0	28.4513	22.3874	0	6.06382		300	0.966728	-0.0220633	-0.0220633	0.0441266	0	0	0	0.966728	0	-0.418	-118.594	0	24.0078	24.0078	6.21725e-15	6.27	0	0	0	0	0	0	0	0	0	0	0	0	0	0	0	0	0	0	0	0	0	0	0	0	0	0	0	0	0	0	0	0	0	
1	1	1	573	17.19		300	0	0	-0.02865	-0.02865	0.0512226	0	0	0	-679.567	-679.567	-3.9919e-06	0	0	0	28.5191	22.4453	0	6.07385		300	0.96832	-0.0220996	-0.0220996	0.0441993	0	0	0	0.96832	0	-0.418	-118.594	0	24.0078	24.0078	6.21725e-15	6.27	0	0	0	0	0	0	0	0	0	0	0	0	0	0	0	0	0	0	0	0	0	0	0	0	0	0	0	0	0	0	0	0	0	
1	1	1	574	17.22		300	0	0	-0.0287	-0.0287	0.0513095	0	0	0	-681.025	-681.025	-3.96308e-06	0	0	0	28.5872	22.5034	0	6.08377		300	0.969895	-0.0221356	-0.0221356	0.0442712	0	0	0	0.969895	0	-0.418	-118.594	0	24.0078	24.0078	6.21725e-15	6.27	0	0	0	0	0	0	0	0	0	0	0	0	0	0	0	0	0	0	0	0	0	0	0	0	0	0	0	0	0	0	0	0	0	
1	1	1	575	17.25		300	0	0	-0.02875	-0.02875	0.0513961	0	0	0	-682.527	-682.527	-3.92796e-06	0	0	0	28.6553	22.5618	0	6.09358		300	0.971451	-0.0221711	-0.0221711	0.0443422	0	0	0	0.971451	0	-0.418	-118.594	0	24.0078	24.0078	6.21725e-15	6.27	0	0	0	0	0	0	0	0	0	0	0	0	0	0	0	0	0	0	0	0	0	0	0	0	0	0	0	0	0	0	0	0	0	
1	1	1	576	17.28		300	0	0	-0.0288	-0.0288	0.0514822	0	0	0	-684.075	-684.075	-3.88491e-06	0	0	0	28.7237	22.6204	0	6.10328		300	0.972988	-0.0222062	-0.0222062	0.0444124	0	0	0	0.972988	0	-0.418	-118.594	0	24.0078	24.0078	6.21725e-15	6.27	0	0	0	0	0	0	0	0	0	0	0	0	0	0	0	0	0	0	0	0	0	0	0	0	0	0	0	0	0	0	0	0	0	
1	1	1	577	17.31		300	0	0	-0.02885	-0.02885	0.051568	0	0	0	-685.672	-685.672	-3.83186e-06	0	0	0	28.7922	22.6793	0	6.11284		300	0.974505	-0.0222408	-0.0222408	0.0444816	0	0	0	0.974505	0	-0.418	-118.594	0	24.0078	24.0078	6.21725e-15	6.27	0	0	0	0	0	0	0	0	0	0	0	0	0	0	0	0	0	0	0	0	0	0	0	0	0	0	0	0	0	0	0	0	0	
1	1	1	578	17.34		300	0	0	-0.0289	-0.0289	0.0516532	0	0	0	-687.321	-687.321	-3.76611e-06	0	0	0	28.8608	22.7385	0	6.12227		300	0.975999	-0.0222749	-0.0222749	0.0445498	0	0	0	0.975999	0	-0.418	-118.594	0	24.0078	24.0078	6.21725e-15	6.27	0	0	0	0	0	0	0	0	0	0	0	0	0	0	0	0	0	0	0	0	0	0	0	0	0	0	0	0	0	0	0	0	0	
1	1	1	579	17.37		300	0	0	-0.02895	-0.02895	0.051738	0	0	0	-689.027	-689.027	-3.68414e-06	0	0	0	28.9296	22.7981	0	6.13155		300	0.977469	-0.0223085	-0.0223085	0.0446169	0	0	0	0.977469	0	-0.418	-118.594	0	24.0078	24.0078	6.21725e-15	6.27	0	0	0	0	0	0	0	0	0	0	0	0	0	0	0	0	0	0	0	0	0	0	0	0	0	0	0	0	0	0	0	0	0	
1	1	1	580	17.4		300	0	0	-0.029	-0.029	0.0518222	0	0	0	-690.793	-690.793	-3.58134e-06	0	0	0	28.9986	22.8579	0	6.14067		300	0.978914	-0.0223414	-0.0223414	0.0446829	0	0	0	0.978914	0	-0.418	-118.594	0	24.0078	24.0078	6.21725e-15	6.27	0	0	0	0	0	0	0	0	0	0	0	0	0	0	0	0	0	0	0	0	0	0	0	0	0	0	0	0	0	0	0	0	0	
1	1	1	581	17.43		300	0	0	-0.02905	-0.02905	0.0519058	0	0	0	-692.624	-692.624	-3.45165e-06	0	0	0	29.0678	22.9182	0	6.14963		300	0.980332	-0.0223738	-0.0223738	0.0447476	0	0	0	0.980332	0	-0.418	-118.594	0	24.0078	24.0078	6.21725e-15	6.27	0	0	0	0	0	0	0	0	0	0	0	0	0	0	0	0	0	0	0	0	0	0	0	0	0	0	0	0	0	0	0	0	0	
1	1	1	582	17.46		300	0	0	-0.0291	-0.0291	0.0519888	0	0	0	-694.524	-694.524	-3.28707e-06	0	0	0	29.1371	22.9787	0	6.15841		300	0.98172	-0.0224055	-0.0224055	0.0448109	0	0	0	0.98172	0	-0.418	-118.594	0	24.0078	24.0078	6.21725e-15	6.27	0	0	0	0	0	0	0	0	0	0	0	0	0	0	0	0	0	0	0	0	0	0	0	0	0	0	0	0	0	0	0	0	0	
1	1	1	583	17.49		300	0	0	-0.02915	-0.02915	0.0520711	0	0	0	-696.5	-696.5	-3.07698e-06	0	0	0	29.2067	23.0397	0	6.16699		300	0.983076	-0.0224364	-0.0224364	0.0448728	0	0	0	0.983076	0	-0.418	-118.594	0	24.0078	24.0078	6.21725e-15	6.27	0	0	0	0	0	0	0	0	0	0	0	0	0	0	0	0	0	0	0	0	0	0	0	0	0	0	0	0	0	0	0	0	0	
1	1	1	584	17.52		300	0	0	-0.0292	-0.0292	0.0521527	0	0	0	-698.557	-698.557	-2.80734e-06	0	0	0	29.2765	23.1011	0	6.17535		300	0.984398	-0.0224666	-0.0224666	0.0449332	0	0	0	0.984398	0	-0.418	-118.594	0	24.0078	24.0078	6.21725e-15	6.27	0	0	0	0	0	0	0	0	0	0	0	0	0	0	0	0	0	0	0	0	0	0	0	0	0	0	0	0	0	0	0	0	0	
1	1	1	585	17.55		300	0	0	-0.02925	-0.02925	0.0522335	0	0	0	-700.702	-700.702	-2.45951e-06	0	0	0	29.3464	23.1629	0	6.1835		300	0.985683	-0.0224959	-0.0224959	0.0449918	0	0	0	0.985683	0	-0.418	-118.594	0	24.0078	24.0078	6.21725e-15	6.27	0	0	0	0	0	0	0	0	0	0	0	0	0	0	0	0	0	0	0	0	0	0	0	0	0	0	0	0	0	0	0	0	0	
1	1	1	586	17.58		300	0	0	-0.0293	-0.0293	0.0523135	0	0	0	-702.942	-702.942	-2.00892e-06	0	0	0	29.4166	23.2252	0	6.19139		300	0.986928	-0.0225243	-0.0225243	0.0450487	0	0	0	0.986928	0	-0.418	-118.594	0	24.0078	24.0078	6.21725e-15	6.27	0	0	0	0	0	0	0	0	0	0	0	0	0	0	0	0	0	0	0	0	0	0	0	0	0	0	0	0	0	0	0	0	0	
1	1	1	587	17.61		300	0	0	-0.02935	-0.02935	0.0523926	0	0	0	-705.284	-705.284	-1.42336e-06	0	0	0	29.487	23.288	0	6.19902		300	0.98813	-0.0225518	-0.0225518	0.0451035	0	0	0	0.98813	0	-0.418	-118.594	0	24.0078	24.0078	6.21725e-15	6.27	0	0	0	0	0	0	0	0	0	0	0	0	0	0	0	0	0	0	0	0	0	0	0	0	0	0	0	0	0	0	0	0	0	
1	1	1	588	17.64		300	0	0	-0.0294	-0.0294	0.0524706	0	0	0	-707.739	-707.739	-6.61248e-07	0	0	0	29.5577	23.3513	0	6.20636		300	0.989284	-0.0225781	-0.0225781	0.0451562	0	0	0	0.989284	0	-0.418	-118.594	0	24.0078	24.0078	6.21725e-15	6.27	0	0	0	0	0	0	0	0	0	0	0	0	0	0	0	0	0	0	0	0	0	0	0	0	0	0	0	0	0	0	0	0	0	
1	1	1	589	17.67		300	0	0	-0.02945	-0.02945	0.0525476	0	0	0	-710.314	-710.314	3.29919e-07	0	0	0	29.6286	23.4152	0	6.21338		300	0.990387	-0.0226033	-0.0226033	0.0452065	0	0	0	0.990387	0	-0.418	-118.594	0	24.0078	24.0078	6.21725e-15	6.27	0	0	0	0	0	0	0	0	0	0	0	0	0	0	0	0	0	0	0	0	0	0	0	0	0	0	0	0	0	0	0	0	0	
1	1	1	590	17.7		300	0	0	-0.0295	-0.0295	0.0526234	0	0	0	-713.019	-713.019	3.2992e-07	0	0	0	29.6997	23.4797	0	6.22007		300	0.991435	-0.0226272	-0.0226272	0.0452544	0	0	0	0.991435	0	-0.418	-118.594	0	24.0078	24.0078	6.21725e-15	6.27	0	0	0	0	0	0	0	0	0	0	0	0	0	0	0	0	0	0	0	0	0	0	0	0	0	0	0	0	0	0	0	0	0	
1	1	1	591	17.73		300	0	0	-0.02955	-0.02955	0.0526979	0	0	0	-715.865	-715.865	3.2992e-07	0	0	0	29.7712	23.5448	0	6.22639		300	0.992424	-0.0226498	-0.0226498	0.0452995	0	0	0	0.992424	0	-0.418	-118.594	0	24.0078	24.0078	6.21725e-15	6.27	0	0	0	0	0	0	0	0	0	0	0	0	0	0	0	0	0	0	0	0	0	0	0	0	0	0	0	0	0	0	0	0	0	
1	1	1	592	17.76		300	0	0	-0.0296	-0.0296	0.0527711	0	0	0	-718.862	-718.862	3.2992e-07	0	0	0	29.8429	23.6106	0	6.23232		300	0.993349	-0.0226709	-0.0226709	0.0453417	0	0	0	0.993349	0	-0.418	-118.594	0	24.0078	24.0078	6.21725e-15	6.27	0	0	0	0	0	0	0	0	0	0	0	0	0	0	0	0	0	0	0	0	0	0	0	0	0	0	0	0	0	0	0	0	0	
1	1	1	593	17.79		300	0	0	-0.02965	-0.02965	0.0528429	0	0	0	-722.02	-722.02	3.2992e-07	0	0	0	29.915	23.6771	0	6.23783		300	0.994206	-0.0226904	-0.0226904	0.0453809	0	0	0	0.994206	0	-0.418	-118.594	0	24.0078	24.0078	6.21725e-15	6.27	0	0	0	0	0	0	0	0	0	0	0	0	0	0	0	0	0	0	0	0	0	0	0	0	0	0	0	0	0	0	0	0	0	
1	1	1	594	17.82		300	0	0	-0.0297	-0.0297	0.0529131	0	0	0	-725.349	-725.349	3.2992e-07	0	0	0	29.9873	23.7444	0	6.2429		300	0.994991	-0.0227083	-0.0227083	0.0454167	0	0	0	0.994991	0	-0.418	-118.594	0	24.0078	24.0078	6.21725e-15	6.27	0	0	0	0	0	0	0	0	0	0	0	0	0	0	0	0	0	0	0	0	0	0	0	0	0	0	0	0	0	0	0	0	0	
1	1	1	595	17.85		300	0	0	-0.02975	-0.02975	0.0529818	0	0	0	-728.855	-728.855	3.29921e-07	0	0	0	30.06	23.8125	0	6.2475		300	0.995701	-0.0227246	-0.0227246	0.0454491	0	0	0	0.995701	0	-0.418	-118.594	0	24.0078	24.0078	6.21725e-15	6.27	0	0	0	0	0	0	0	0	0	0	0	0	0	0	0	0	0	0	0	0	0	0	0	0	0	0	0	0	0	0	0	0	0	
1	1	1	596	17.88		300	0	0	-0.0298	-0.0298	0.0530488	0	0	0	-732.542	-732.542	3.29922e-07	0	0	0	30.1331	23.8815	0	6.25163		300	0.996334	-0.022739	-0.022739	0.045478	0	0	0	0.996334	0	-0.418	-118.594	0	24.0078	24.0078	6.21725e-15	6.27	0	0	0	0	0	0	0	0	0	0	0	0	0	0	0	0	0	0	0	0	0	0	0	0	0	0	0	0	0	0	0	0	0	
1	1	1	597	17.91		300	0	0	-0.02985	-0.02985	0.0531142	0	0	0	-736.413	-736.413	3.29921e-07	0	0	0	30.2066	23.9513	0	6.25529		300	0.996891	-0.0227517	-0.0227517	0.0455034	0	0	0	0.996891	0	-0.418	-118.594	0	24.0078	24.0078	6.21725e-15	6.27	0	0	0	0	0	0	0	0	0	0	0	0	0	0	0	0	0	0	0	0	0	0	0	0	0	0	0	0	0	0	0	0	0	
1	1	1	598	17.94		300	0	0	-0.0299	-0.0299	0.053178	0	0	0	-740.463	-740.463	3.29922e-07	0	0	0	30.2804	24.0219	0	6.25847		300	0.997371	-0.0227627	-0.0227627	0.0455253	0	0	0	0.997371	0	-0.418	-118.594	0	24.0078	24.0078	6.21725e-15	6.27	0	0	0	0	0	0	0	0	0	0	0	0	0	0	0	0	0	0	0	0	0	0	0	0	0	0	0	0	0	0	0	0	0	
1	1	1	599	17.97		300	0	0	-0.02995	-0.02995	0.0532402	0	0	0	-744.682	-744.682	3.29921e-07	0	0	0	30.3547	24.0935	0	6.2612		300	0.99778	-0.022772	-0.022772	0.045544	0	0	0	0.99778	0	-0.418	-118.594	0	24.0078	24.0078	6.21725e-15	6.27	0	0	0	0	0	0	0	0	0	0	0	0	0	0	0	0	0	0	0	0	0	0	0	0	0	0	0	0	0	0	0	0	0	
1	1	1	600	18		300	0	0	-0.03	-0.03	0.0533011	0	0	0	-749.058	-749.058	3.29922e-07	0	0	0	30.4293	24.1658	0	6.26352		300	0.998123	-0.0227798	-0.0227798	0.0455596	0	0	0	0.998123	0	-0.418	-118.594	0	24.0078	24.0078	6.21725e-15	6.27	0	0	0	0	0	0	0	0	0	0	0	0	0	0	0	0	0	0	0	0	0	0	0	0	0	0	0	0	0	0	0	0	0	
1	1	1	601	18.03		300	0	0	-0.03005	-0.03005	0.0533607	0	0	0	-753.572	-753.572	3.29922e-07	0	0	0	30.5045	24.239	0	6.26546		300	0.998407	-0.0227863	-0.0227863	0.0455726	0	0	0	0.998407	0	-0.418	-118.594	0	24.0078	24.0078	6.21725e-15	6.27	0	0	0	0	0	0	0	0	0	0	0	0	0	0	0	0	0	0	0	0	0	0	0	0	0	0	0	0	0	0	0	0	0	
1	1	1	602	18.06		300	0	0	-0.0301	-0.0301	0.0534193	0	0	0	-758.207	-758.207	3.29922e-07	0	0	0	30.5801	24.313	0	6.26708		300	0.99864	-0.0227916	-0.0227916	0.0455833	0	0	0	0.99864	0	-0.418	-118.594	0	24.0078	24.0078	6.21725e-15	6.27	0	0	0	0	0	0	0	0	0	0	0	0	0	0	0	0	0	0	0	0	0	0	0	0	0	0	0	0	0	0	0	0	0	
1	1	1	603	18.09		300	0	0	-0.03015	-0.03015	0.0534769	0	0	0	-762.942	-762.942	9.26614e-07	0	0	0	30.6561	24.3877	0	6.26843		300	0.998831	-0.022796	-0.022796	0.045592	0	0	0	0.998831	0	-0.418	-118.594	0	24.0078	24.0078	6.21725e-15	6.27	0	0	0	0	0	0	0	0	0	0	0	0	0	0	0	0	0	0	0	0	0	0	0	0	0	0	0	0	0	0	0	0	0	
1	1	1	604	18.12		300	0	0	-0.0302	-0.0302	0.0535338	0	0	0	-767.76	-767.76	1.25484e-06	0	0	0	30.7327	24.4631	0	6.26955		300	0.998987	-0.0227995	-0.0227995	0.0455991	0	0	0	0.998987	0	-0.418	-118.594	0	24.0078	24.0078	6.21725e-15	6.27	0	0	0	0	0	0	0	0	0	0	0	0	0	0	0	0	0	0	0	0	0	0	0	0	0	0	0	0	0	0	0	0	0	
1	1	1	605	18.15		300	0	0	-0.03025	-0.03025	0.0535901	0	0	0	-772.645	-772.645	1.42852e-06	0	0	0	30.8097	24.5392	0	6.27049		300	0.999115	-0.0228025	-0.0228025	0.0456049	0	0	0	0.999115	0	-0.418	-118.594	0	24.0078	24.0078	6.21725e-15	6.27	0	0	0	0	0	0	0	0	0	0	0	0	0	0	0	0	0	0	0	0	0	0	0	0	0	0	0	0	0	0	0	0	0	
1	1	1	606	18.18		300	0	0	-0.0303	-0.0303	0.053646	0	0	0	-777.584	-777.584	1.51842e-06	0	0	0	30.8872	24.6159	0	6.27127		300	0.99922	-0.0228049	-0.0228049	0.0456097	0	0	0	0.99922	0	-0.418	-118.594	0	24.0078	24.0078	6.21725e-15	6.27	0	0	0	0	0	0	0	0	0	0	0	0	0	0	0	0	0	0	0	0	0	0	0	0	0	0	0	0	0	0	0	0	0	
1	1	1	607	18.21		300	0	0	-0.03035	-0.03035	0.0537014	0	0	0	-782.566	-782.566	1.56459e-06	0	0	0	30.9652	24.6933	0	6.27194		300	0.999306	-0.0228068	-0.0228068	0.0456137	0	0	0	0.999306	0	-0.418	-118.594	0	24.0078	24.0078	6.21725e-15	6.27	0	0	0	0	0	0	0	0	0	0	0	0	0	0	0	0	0	0	0	0	0	0	0	0	0	0	0	0	0	0	0	0	0	
1	1	1	608	18.24		300	0	0	-0.0304	-0.0304	0.0537566	0	0	0	-787.582	-787.582	1.58835e-06	0	0	0	31.0437	24.7712	0	6.2725		300	0.999379	-0.0228085	-0.0228085	0.045617	0	0	0	0.999379	0	-0.418	-118.594	0	24.0078	24.0078	6.21725e-15	6.27	0	0	0	0	0	0	0	0	0	0	0	0	0	0	0	0	0	0	0	0	0	0	0	0	0	0	0	0	0	0	0	0	0	
1	1	1	609	18.27		300	0	0	-0.03045	-0.03045	0.0538115	0	0	0	-792.625	-792.625	1.60071e-06	0	0	0	31.1227	24.8497	0	6.27298		300	0.999439	-0.0228099	-0.0228099	0.0456197	0	0	0	0.999439	0	-0.418	-118.594	0	24.0078	24.0078	6.21725e-15	6.27	0	0	0	0	0	0	0	0	0	0	0	0	0	0	0	0	0	0	0	0	0	0	0	0	0	0	0	0	0	0	0	0	0	
1	1	1	610	18.3		300	0	0	-0.0305	-0.0305	0.0538662	0	0	0	-797.691	-797.691	1.60724e-06	0	0	0	31.2022	24.9288	0	6.2734		300	0.999491	-0.022811	-0.022811	0.0456221	0	0	0	0.999491	0	-0.418	-118.594	0	24.0078	24.0078	6.21725e-15	6.27	0	0	0	0	0	0	0	0	0	0	0	0	0	0	0	0	0	0	0	0	0	0	0	0	0	0	0	0	0	0	0	0	0	
1	1	1	611	18.33		300	0	0	-0.03055	-0.03055	0.0539207	0	0	0	-802.774	-802.774	1.61076e-06	0	0	0	31.2822	25.0085	0	6.27377		300	0.999535	-0.022812	-0.022812	0.0456241	0	0	0	0.999535	0	-0.418	-118.594	0	24.0078	24.0078	6.21725e-15	6.27	0	0	0	0	0	0	0	0	0	0	0	0	0	0	0	0	0	0	0	0	0	0	0	0	0	0	0	0	0	0	0	0	0	
1	1	1	612	18.36		300	0	0	-0.0306	-0.0306	0.0539751	0	0	0	-807.872	-807.872	1.61269e-06	0	0	0	31.3628	25.0887	0	6.27409		300	0.999572	-0.0228129	-0.0228129	0.0456258	0	0	0	0.999572	0	-0.418	-118.594	0	24.0078	24.0078	6.21725e-15	6.27	0	0	0	0	0	0	0	0	0	0	0	0	0	0	0	0	0	0	0	0	0	0	0	0	0	0	0	0	0	0	0	0	0	
1	1	1	613	18.39		300	0	0	-0.03065	-0.03065	0.0540294	0	0	0	-812.982	-812.982	1.61378e-06	0	0	0	31.4438	25.1695	0	6.27437		300	0.999605	-0.0228136	-0.0228136	0.0456273	0	0	0	0.999605	0	-0.418	-118.594	0	24.0078	24.0078	6.21725e-15	6.27	0	0	0	0	0	0	0	0	0	0	0	0	0	0	0	0	0	0	0	0	0	0	0	0	0	0	0	0	0	0	0	0	0	
1	1	1	614	18.42		300	0	0	-0.0307	-0.0307	0.0540836	0	0	0	-818.102	-818.102	1.6144e-06	0	0	0	31.5254	25.2508	0	6.27462		300	0.999633	-0.0228143	-0.0228143	0.0456286	0	0	0	0.999633	0	-0.418	-118.594	0	24.0078	24.0078	6.21725e-15	6.27	0	0	0	0	0	0	0	0	0	0	0	0	0	0	0	0	0	0	0	0	0	0	0	0	0	0	0	0	0	0	0	0	0	
1	1	1	615	18.45		300	0	0	-0.03075	-0.03075	0.0541378	0	0	0	-823.23	-823.23	1.61477e-06	0	0	0	31.6074	25.3326	0	6.27485		300	0.999658	-0.0228149	-0.0228149	0.0456297	0	0	0	0.999658	0	-0.418	-118.594	0	24.0078	24.0078	6.21725e-15	6.27	0	0	0	0	0	0	0	0	0	0	0	0	0	0	0	0	0	0	0	0	0	0	0	0	0	0	0	0	0	0	0	0	0	
1	1	1	616	18.48		300	0	0	-0.0308	-0.0308	0.0541918	0	0	0	-828.365	-828.365	1.61499e-06	0	0	0	31.69	25.415	0	6.27506		300	0.99968	-0.0228154	-0.0228154	0.0456307	0	0	0	0.99968	0	-0.418	-118.594	0	24.0078	24.0078	6.21725e-15	6.27	0	0	0	0	0	0	0	0	0	0	0	0	0	0	0	0	0	0	0	0	0	0	0	0	0	0	0	0	0	0	0	0	0	
1	1	1	617	18.51		300	0	0	-0.03085	-0.03085	0.0542459	0	0	0	-833.506	-833.506	1.61512e-06	0	0	0	31.7731	25.4979	0	6.27524		300	0.9997	-0.0228158	-0.0228158	0.0456316	0	0	0	0.9997	0	-0.418	-118.594	0	24.0078	24.0078	6.21725e-15	6.27	0	0	0	0	0	0	0	0	0	0	0	0	0	0	0	0	0	0	0	0	0	0	0	0	0	0	0	0	0	0	0	0	0	
1	1	1	618	18.54		300	0	0	-0.0309	-0.0309	0.0542998	0	0	0	-838.652	-838.652	1.6152e-06	0	0	0	31.8567	25.5813	0	6.27541		300	0.999718	-0.0228162	-0.0228162	0.0456324	0	0	0	0.999718	0	-0.418	-118.594	0	24.0078	24.0078	6.21725e-15	6.27	0	0	0	0	0	0	0	0	0	0	0	0	0	0	0	0	0	0	0	0	0	0	0	0	0	0	0	0	0	0	0	0	0	
1	1	1	619	18.57		300	0	0	-0.03095	-0.03095	0.0543538	0	0	0	-843.802	-843.802	1.61526e-06	0	0	0	31.9408	25.6653	0	6.27557		300	0.999733	-0.0228166	-0.0228166	0.0456332	0	0	0	0.999733	0	-0.418	-118.594	0	24.0078	24.0078	6.21725e-15	6.27	0	0	0	0	0	0	0	0	0	0	0	0	0	0	0	0	0	0	0	0	0	0	0	0	0	0	0	0	0	0	0	0	0	
1	1	1	620	18.6		300	0	0	-0.031	-0.031	0.0544077	0	0	0	-848.956	-848.956	1.61529e-06	0	0	0	32.0255	25.7498	0	6.27571		300	0.999747	-0.0228169	-0.0228169	0.0456338	0	0	0	0.999747	0	-0.418	-118.594	0	24.0078	24.0078	6.21725e-15	6.27	0	0	0	0	0	0	0	0	0	0	0	0	0	0	0	0	0	0	0	0	0	0	0	0	0	0	0	0	0	0	0	0	0	
1	1	1	621	18.63		300	0	0	-0.03105	-0.03105	0.0544616	0	0	0	-854.113	-854.113	1.61531e-06	0	0	0	32.1106	25.8348	0	6.27584		300	0.99976	-0.0228172	-0.0228172	0.0456344	0	0	0	0.99976	0	-0.418	-118.594	0	24.0078	24.0078	6.21725e-15	6.27	0	0	0	0	0	0	0	0	0	0	0	0	0	0	0	0	0	0	0	0	0	0	0	0	0	0	0	0	0	0	0	0	0	
1	1	1	622	18.66		300	0	0	-0.0311	-0.0311	0.0545154	0	0	0	-859.272	-859.272	1.61533e-06	0	0	0	32.1963	25.9203	0	6.27597		300	0.999772	-0.0228175	-0.0228175	0.0456349	0	0	0	0.999772	0	-0.418	-118.594	0	24.0078	24.0078	6.21725e-15	6.27	0	0	0	0	0	0	0	0	0	0	0	0	0	0	0	0	0	0	0	0	0	0	0	0	0	0	0	0	0	0	0	0	0	
1	1	1	623	18.69		300	0	0	-0.03115	-0.03115	0.0545693	0	0	0	-864.434	-864.434	1.61534e-06	0	0	0	32.2825	26.0064	0	6.27608		300	0.999782	-0.0228177	-0.0228177	0.0456354	0	0	0	0.999782	0	-0.418	-118.594	0	24.0078	24.0078	6.21725e-15	6.27	0	0	0	0	0	0	0	0	0	0	0	0	0	0	0	0	0	0	0	0	0	0	0	0	0	0	0	0	0	0	0	0	0	
1	1	1	624	18.72		300	0	0	-0.0312	-0.0312	0.0546231	0	0	0	-869.598	-869.598	1.61535e-06	0	0	0	32.3692	26.093	0	6.27619		300	0.999792	-0.0228179	-0.0228179	0.0456358	0	0	0	0.999792	0	-0.418	-118.594	0	24.0078	24.0078	6.21725e-15	6.27	0	0	0	0	0	0	0	0	0	0	0	0	0	0	0	0	0	0	0	0	0	0	0	0	0	0	0	0	0	0	0	0	0	
1	1	1	625	18.75		300	0	0	-0.03125	-0.03125	0.0546769	0	0	0	-874.765	-874.765	1.61535e-06	0	0	0	32.4564	26.1801	0	6.27629		300	0.999801	-0.0228181	-0.0228181	0.0456363	0	0	0	0.999801	0	-0.418	-118.594	0	24.0078	24.0078	6.21725e-15	6.27	0	0	0	0	0	0	0	0	0	0	0	0	0	0	0	0	0	0	0	0	0	0	0	0	0	0	0	0	0	0	0	0	0	
1	1	1	626	18.78		300	0	0	-0.0313	-0.0313	0.0547307	0	0	0	-879.932	-879.932	1.61535e-06	0	0	0	32.5441	26.2678	0	6.27638		300	0.999809	-0.0228183	-0.0228183	0.0456366	0	0	0	0.999809	0	-0.418	-118.594	0	24.0078	24.0078	6.21725e-15	6.27	0	0	0	0	0	0	0	0	0	0	0	0	0	0	0	0	0	0	0	0	0	0	0	0	0	0	0	0	0	0	0	0	0	
1	1	1	627	18.81		300	0	0	-0.03135	-0.03135	0.0547844	0	0	0	-885.101	-885.101	1.61536e-06	0	0	0	32.6324	26.3559	0	6.27647		300	0.999817	-0.0228185	-0.0228185	0.045637	0	0	0	0.999817	0	-0.418	-118.594	0	24.0078	24.0078	6.21725e-15	6.27	0	0	0	0	0	0	0	0	0	0	0	0	0	0	0	0	0	0	0	0	0	0	0	0	0	0	0	0	0	0	0	0	0	
1	1	1	628	18.84		300	0	0	-0.0314	-0.0314	0.0548382	0	0	0	-890.272	-890.272	1.61536e-06	0	0	0	32.7212	26.4446	0	6.27656		300	0.999824	-0.0228187	-0.0228187	0.0456373	0	0	0	0.999824	0	-0.418	-118.594	0	24.0078	24.0078	6.21725e-15	6.27	0	0	0	0	0	0	0	0	0	0	0	0	0	0	0	0	0	0	0	0	0	0	0	0	0	0	0	0	0	0	0	0	0	
1	1	1	629	18.87		300	0	0	-0.03145	-0.03145	0.0548919	0	0	0	-895.444	-895.444	1.61536e-06	0	0	0	32.8105	26.5338	0	6.27663		300	0.999831	-0.0228188	-0.0228188	0.0456376	0	0	0	0.999831	0	-0.418	-118.594	0	24.0078	24.0078	6.21725e-15	6.27	0	0	0	0	0	0	0	0	0	0	0	0	0	0	0	0	0	0	0	0	0	0	0	0	0	0	0	0	0	0	0	0	0	
1	1	1	630	18.9		300	0	0	-0.0315	-0.0315	0.0549457	0	0	0	-900.617	-900.617	1.61536e-06	0	0	0	32.9003	26.6235	0	6.27671		300	0.999837	-0.0228189	-0.0228189	0.0456379	0	0	0	0.999837	0	-0.418	-118.594	0	24.0078	24.0078	6.21725e-15	6.27	0	0	0	0	0	0	0	0	0	0	0	0	0	0	0	0	0	0	0	0	0	0	0	0	0	0	0	0	0	0	0	0	0	
1	1	1	631	18.93		300	0	0	-0.03155	-0.03155	0.0549994	0	0	0	-905.79	-905.79	1.61536e-06	0	0	0	32.9906	26.7138	0	6.27678		300	0.999842	-0.0228191	-0.0228191	0.0456381	0	0	0	0.999842	0	-0.418	-118.594	0	24.0078	24.0078	6.21725e-15	6.27	0	0	0	0	0	0	0	0	0	0	0	0	0	0	0	0	0	0	0	0	0	0	0	0	0	0	0	0	0	0	0	0	0	
1	1	1	632	18.96		300	0	0	-0.0316	-0.0316	0.0550531	0	0	0	-910.965	-910.965	1.61536e-06	0	0	0	33.0814	26.8046	0	6.27685		300	0.999848	-0.0228192	-0.0228192	0.0456384	0	0	0	0.999848	0	-0.418	-118.594	0	24.0078	24.0078	6.21725e-15	6.27	0	0	0	0	0	0	0	0	0	0	0	0	0	0	0	0	0	0	0	0	0	0	0	0	0	0	0	0	0	0	0	0	0	
1	1	1	633	18.99		300	0	0	-0.03165	-0.03165	0.0551069	0	0	0	-916.14	-916.14	1.61536e-06	0	0	0	33.1728	26.8959	0	6.27691		300	0.999853	-0.0228193	-0.0228193	0.0456386	0	0	0	0.999853	0	-0.418	-118.594	0	24.0078	24.0078	6.21725e-15	6.27	0	0	0	0	0	0	0	0	0	0	0	0	0	0	0	0	0	0	0	0	0	0	0	0	0	0	0	0	0	0	0	0	0	
1	1	1	634	19.02		300	0	0	-0.0317	-0.0317	0.0551606	0	0	0	-921.317	-921.317	1.61536e-06	0	0	0	33.2646	26.9877	0	6.27697		300	0.999857	-0.0228194	-0.0228194	0.0456388	0	0	0	0.999857	0	-0.418	-118.594	0	24.0078	24.0078	6.21725e-15	6.27	0	0	0	0	0	0	0	0	0	0	0	0	0	0	0	0	0	0	0	0	0	0	0	0	0	0	0	0	0	0	0	0	0	
1	1	1	635	19.05		300	0	0	-0.03175	-0.03175	0.0552143	0	0	0	-926.493	-926.493	1.61536e-06	0	0	0	33.357	27.08	0	6.27703		300	0.999862	-0.0228195	-0.0228195	0.045639	0	0	0	0.999862	0	-0.418	-118.594	0	24.0078	24.0078	6.21725e-15	6.27	0	0	0	0	0	0	0	0	0	0	0	0	0	0	0	0	0	0	0	0	0	0	0	0	0	0	0	0	0	0	0	0	0	
1	1	1	636	19.08		300	0	0	-0.0318	-0.0318	0.055268	0	0	0	-931.671	-931.671	1.61536e-06	0	0	0	33.4499	27.1729	0	6.27709		300	0.999866	-0.0228196	-0.0228196	0.0456392	0	0	0	0.999866	0	-0.418	-118.594	0	24.0078	24.0078	6.21725e-15	6.27	0	0	0	0	0	0	0	0	0	0	0	0	0	0	0	0	0	0	0	0	0	0	0	0	0	0	0	0	0	0	0	0	0	
1	1	1	637	19.11		300	0	0	-0.03185	-0.03185	0.0553217	0	0	0	-936.849	-936.849	1.61536e-06	0	0	0	33.5434	27.2662	0	6.27714		300	0.99987	-0.0228197	-0.0228197	0.0456394	0	0	0	0.99987	0	-0.418	-118.594	0	24.0078	24.0078	6.21725e-15	6.27	0	0	0	0	0	0	0	0	0	0	0	0	0	0	0	0	0	0	0	0	0	0	0	0	0	0	0	0	0	0	0	0	0	
1	1	1	638	19.14		300	0	0	-0.0319	-0.0319	0.0553753	0	0	0	-942.027	-942.027	1.61536e-06	0	0	0	33.6373	27.3601	0	6.2772		300	0.999874	-0.0228198	-0.0228198	0.0456396	0	0	0	0.999874	0	-0.418	-118.594	0	24.0078	24.0078	6.21725e-15	6.27	0	0	0	0	0	0	0	0	0	0	0	0	0	0	0	0	0	0	0	0	0	0	0	0	0	0	0	0	0	0	0	0	0	
1	1	1	639	19.17		300	0	0	-0.03195	-0.03195	0.055429	0	0	0	-947.206	-947.206	1.61536e-06	0	0	0	33.7318	27.4545	0	6.27725		300	0.999877	-0.0228199	-0.0228199	0.0456397	0	0	0	0.999877	0	-0.418	-118.594	0	24.0078	24.0078	6.21725e-15	6.27	0	0	0	0	0	0	0	0	0	0	0	0	0	0	0	0	0	0	0	0	0	0	0	0	0	0	0	0	0	0	0	0	0	
1	1	1	640	19.2		300	0	0	-0.032	-0.032	0.0554827	0	0	0	-952.386	-952.386	1.61536e-06	0	0	0	33.8268	27.5495	0	6.27729		300	0.99988	-0.0228199	-0.0228199	0.0456399	0	0	0	0.99988	0	-0.418	-118.594	0	24.0078	24.0078	6.21725e-15	6.27	0	0	0	0	0	0	0	0	0	0	0	0	0	0	0	0	0	0	0	0	0	0	0	0	0	0	0	0	0	0	0	0	0	
1	1	1	641	19.23		300	0	0	-0.03205	-0.03205	0.0555364	0	0	0	-957.565	-957.565	1.61537e-06	0	0	0	33.9223	27.6449	0	6.27734		300	0.999884	-0.02282	-0.02282	0.04564	0	0	0	0.999884	0	-0.418	-118.594	0	24.0078	24.0078	6.21725e-15	6.27	0	0	0	0	0	0	0	0	0	0	0	0	0	0	0	0	0	0	0	0	0	0	0	0	0	0	0	0	0	0	0	0	0	
1	1	1	642	19.26		300	0	0	-0.0321	-0.0321	0.0555901	0	0	0	-962.746	-962.746	1.61537e-06	0	0	0	34.0183	27.7409	0	6.27739		300	0.999887	-0.0228201	-0.0228201	0.0456402	0	0	0	0.999887	0	-0.418	-118.594	0	24.0078	24.0078	6.21725e-15	6.27	0	0	0	0	0	0	0	0	0	0	0	0	0	0	0	0	0	0	0	0	0	0	0	0	0	0	0	0	0	0	0	0	0	
1	1	1	643	19.29		300	0	0	-0.03215	-0.03215	0.0556437	0	0	0	-967.926	-967.926	1.61537e-06	0	0	0	34.1148	27.8374	0	6.27743		300	0.999889	-0.0228201	-0.0228201	0.0456403	0	0	0	0.999889	0	-0.418	-118.594	0	24.0078	24.0078	6.21725e-15	6.27	0	0	0	0	0	0	0	0	0	0	0	0	0	0	0	0	0	0	0	0	0	0	0	0	0	0	0	0	0	0	0	0	0	
1	1	1	644	19.32		300	0	0	-0.0322	-0.0322	0.0556974	0	0	0	-973.107	-973.107	1.61537e-06	0	0	0	34.2119	27.9344	0	6.27747		300	0.999892	-0.0228202	-0.0228202	0.0456404	0	0	0	0.999892	0	-0.418	-118.594	0	24.0078	24.0078	6.21725e-15	6.27	0	0	0	0	0	0	0	0	0	0	0	0	0	0	0	0	0	0	0	0	0	0	0	0	0	0	0	0	0	0	0	0	0	
1	1	1	645	19.35		300	0	0	-0.03225	-0.03225	0.0557511	0	0	0	-978.288	-978.288	1.61537e-06	0	0	0	34.3094	28.0319	0	6.27751		300	0.999895	-0.0228203	-0.0228203	0.0456405	0	0	0	0.999895	0	-0.418	-118.594	0	24.0078	24.0078	6.21725e-15	6.27	0	0	0	0	0	0	0	0	0	0	0	0	0	0	0	0	0	0	0	0	0	0	0	0	0	0	0	0	0	0	0	0	0	
1	1	1	646	19.38		300	0	0	-0.0323	-0.0323	0.0558047	0	0	0	-983.47	-983.47	1.61537e-06	0	0	0	34.4075	28.13	0	6.27755		300	0.999897	-0.0228203	-0.0228203	0.0456406	0	0	0	0.999897	0	-0.418	-118.594	0	24.0078	24.0078	6.21725e-15	6.27	0	0	0	0	0	0	0	0	0	0	0	0	0	0	0	0	0	0	0	0	0	0	0	0	0	0	0	0	0	0	0	0	0	
1	1	1	647	19.41		300	0	0	-0.03235	-0.03235	0.0558584	0	0	0	-988.651	-988.651	1.61537e-06	0	0	0	34.5061	28.2285	0	6.27759		300	0.999899	-0.0228204	-0.0228204	0.0456407	0	0	0	0.999899	0	-0.418	-118.594	0	24.0078	24.0078	6.21725e-15	6.27	0	0	0	0	0	0	0	0	0	0	0	0	0	0	0	0	0	0	0	0	0	0	0	0	0	0	0	0	0	0	0	0	0	
1	1	1	648	19.44		300	0	0	-0.0324	-0.0324	0.055912	0	0	0	-993.833	-993.833	1.61537e-06	0	0	0	34.6052	28.3276	0	6.27762		300	0.999902	-0.0228204	-0.0228204	0.0456408	0	0	0	0.999902	0	-0.418	-118.594	0	24.0078	24.0078	6.21725e-15	6.27	0	0	0	0	0	0	0	0	0	0	0	0	0	0	0	0	0	0	0	0	0	0	0	0	0	0	0	0	0	0	0	0	0	
1	1	1	649	19.47		300	0	0	-0.03245	-0.03245	0.0559657	0	0	0	-999.015	-999.015	1.61537e-06	0	0	0	34.7049	28.4272	0	6.27766		300	0.999904	-0.0228205	-0.0228205	0.0456409	0	0	0	0.999904	0	-0.418	-118.594	0	24.0078	24.0078	6.21725e-15	6.27	0	0	0	0	0	0	0	0	0	0	0	0	0	0	0	0	0	0	0	0	0	0	0	0	0	0	0	0	0	0	0	0	0	
1	1	1	650	19.5		300	0	0	-0.0325	-0.0325	0.0560193	0	0	0	-1004.2	-1004.2	1.61536e-06	0	0	0	34.805	28.5273	0	6.27769		300	0.999906	-0.0228205	-0.0228205	0.045641	0	0	0	0.999906	0	-0.418	-118.594	0	24.0078	24.0078	6.21725e-15	6.27	0	0	0	0	0	0	0	0	0	0	0	0	0	0	0	0	0	0	0	0	0	0	0	0	0	0	0	0	0	0	0	0	0	
1	1	1	651	19.53		300	0	0	-0.03255	-0.03255	0.056073	0	0	0	-1009.38	-1009.38	1.61537e-06	0	0	0	34.9057	28.628	0	6.27773		300	0.999908	-0.0228206	-0.0228206	0.0456411	0	0	0	0.999908	0	-0.418	-118.594	0	24.0078	24.0078	6.21725e-15	6.27	0	0	0	0	0	0	0	0	0	0	0	0	0	0	0	0	0	0	0	0	0	0	0	0	0	0	0	0	0	0	0	0	0	
1	1	1	652	19.56		300	0	0	-0.0326	-0.0326	0.0561266	0	0	0	-1014.56	-1014.56	1.61536e-06	0	0	0	35.0069	28.7292	0	6.27776		300	0.99991	-0.0228206	-0.0228206	0.0456412	0	0	0	0.99991	0	-0.418	-118.594	0	24.0078	24.0078	6.21725e-15	6.27	0	0	0	0	0	0	0	0	0	0	0	0	0	0	0	0	0	0	0	0	0	0	0	0	0	0	0	0	0	0	0	0	0	
1	1	1	653	19.59		300	0	0	-0.03265	-0.03265	0.0561803	0	0	0	-1019.75	-1019.75	1.61536e-06	0	0	0	35.1086	28.8308	0	6.27779		300	0.999912	-0.0228207	-0.0228207	0.0456413	0	0	0	0.999912	0	-0.418	-118.594	0	24.0078	24.0078	6.21725e-15	6.27	0	0	0	0	0	0	0	0	0	0	0	0	0	0	0	0	0	0	0	0	0	0	0	0	0	0	0	0	0	0	0	0	0	
1	1	1	654	19.62		300	0	0	-0.0327	-0.0327	0.0562339	0	0	0	-1024.93	-1024.93	1.61536e-06	0	0	0	35.2109	28.933	0	6.27782		300	0.999913	-0.0228207	-0.0228207	0.0456414	0	0	0	0.999913	0	-0.418	-118.594	0	24.0078	24.0078	6.21725e-15	6.27	0	0	0	0	0	0	0	0	0	0	0	0	0	0	0	0	0	0	0	0	0	0	0	0	0	0	0	0	0	0	0	0	0	
1	1	1	655	19.65		300	0	0	-0.03275	-0.03275	0.0562876	0	0	0	-1030.11	-1030.11	1.61536e-06	0	0	0	35.3136	29.0358	0	6.27785		300	0.999915	-0.0228207	-0.0228207	0.0456415	0	0	0	0.999915	0	-0.418	-118.594	0	24.0078	24.0078	6.21725e-15	6.27	0	0	0	0	0	0	0	0	0	0	0	0	0	0	0	0	0	0	0	0	0	0	0	0	0	0	0	0	0	0	0	0	0	
1	1	1	656	19.68		300	0	0	-0.0328	-0.0328	0.0563412	0	0	0	-1035.3	-1035.3	1.61536e-06	0	0	0	35.4169	29.139	0	6.27788		300	0.999917	-0.0228208	-0.0228208	0.0456415	0	0	0	0.999917	0	-0.418	-118.594	0	24.0078	24.0078	6.21725e-15	6.27	0	0	0	0	0	0	0	0	0	0	0	0	0	0	0	0	0	0	0	0	0	0	0	0	0	0	0	0	0	0	0	0	0	
1	1	1	657	19.71		300	0	0	-0.03285	-0.03285	0.0563949	0	0	0	-1040.48	-1040.48	1.61536e-06	0	0	0	35.5207	29.2428	0	6.27791		300	0.999918	-0.0228208	-0.0228208	0.0456416	0	0	0	0.999918	0	-0.418	-118.594	0	24.0078	24.0078	6.21725e-15	6.27	0	0	0	0	0	0	0	0	0	0	0	0	0	0	0	0	0	0	0	0	0	0	0	0	0	0	0	0	0	0	0	0	0	
1	1	1	658	19.74		300	0	0	-0.0329	-0.0329	0.0564485	0	0	0	-1045.66	-1045.66	1.61536e-06	0	0	0	35.625	29.347	0	6.27794		300	0.99992	-0.0228208	-0.0228208	0.0456417	0	0	0	0.99992	0	-0.418	-118.594	0	24.0078	24.0078	6.21725e-15	6.27	0	0	0	0	0	0	0	0	0	0	0	0	0	0	0	0	0	0	0	0	0	0	0	0	0	0	0	0	0	0	0	0	0	
1	1	1	659	19.77		300	0	0	-0.03295	-0.03295	0.0565022	0	0	0	-1050.85	-1050.85	1.61536e-06	0	0	0	35.7298	29.4518	0	6.27797		300	0.999921	-0.0228209	-0.0228209	0.0456417	0	0	0	0.999921	0	-0.418	-118.594	0	24.0078	24.0078	6.21725e-15	6.27	0	0	0	0	0	0	0	0	0	0	0	0	0	0	0	0	0	0	0	0	0	0	0	0	0	0	0	0	0	0	0	0	0	
1	1	1	660	19.8		300	0	0	-0.033	-0.033	0.0565558	0	0	0	-1056.03	-1056.03	1.61536e-06	0	0	0	35.8352	29.5572	0	6.27799		300	0.999923	-0.0228209	-0.0228209	0.0456418	0	0	0	0.999923	0	-0.418	-118.594	0	24.0078	24.0078	6.21725e-15	6.27	0	0	0	0	0	0	0	0	0	0	0	0	0	0	0	0	0	0	0	0	0	0	0	0	0	0	0	0	0	0	0	0	0	
1	1	1	661	19.83		300	0	0	-0.03305	-0.03305	0.0566094	0	0	0	-1061.21	-1061.21	1.61536e-06	0	0	0	35.941	29.663	0	6.27802		300	0.999924	-0.0228209	-0.0228209	0.0456419	0	0	0	0.999924	0	-0.418	-118.594	0	24.0078	24.0078	6.21725e-15	6.27	0	0	0	0	0	0	0	0	0	0	0	0	0	0	0	0	0	0	0	0	0	0	0	0	0	0	0	0	0	0	0	0	0	
1	1	1	662	19.86		300	0	0	-0.0331	-0.0331	0.0566631	0	0	0	-1066.4	-1066.4	1.61536e-06	0	0	0	36.0474	29.7694	0	6.27805		300	0.999925	-0.022821	-0.022821	0.0456419	0	0	0	0.999925	0	-0.418	-118.594	0	24.0078	24.0078	6.21725e-15	6.27	0	0	0	0	0	0	0	0	0	0	0	0	0	0	0	0	0	0	0	0	0	0	0	0	0	0	0	0	0	0	0	0	0	
1	1	1	663	19.89		300	0	0	-0.03315	-0.03315	0.0567167	0	0	0	-1071.58	-1071.58	1.61536e-06	0	0	0	36.1543	29.8762	0	6.27807		300	0.999927	-0.022821	-0.022821	0.045642	0	0	0	0.999927	0	-0.418	-118.594	0	24.0078	24.0078	6.21725e-15	6.27	0	0	0	0	0	0	0	0	0	0	0	0	0	0	0	0	0	0	0	0	0	0	0	0	0	0	0	0	0	0	0	0	0	
1	1	1	664	19.92		300	0	0	-0.0332	-0.0332	0.0567703	0	0	0	-1076.77	-1076.77	1.61536e-06	0	0	0	36.2617	29.9836	0	6.2781		300	0.999928	-0.022821	-0.022821	0.045642	0	0	0	0.999928	0	-0.418	-118.594	0	24.0078	24.0078	6.21725e-15	6.27	0	0	0	0	0	0	0	0	0	0	0	0	0	0	0	0	0	0	0	0	0	0	0	0	0	0	0	0	0	0	0	0	0	
1	1	1	665	19.95		300	0	0	-0.03325	-0.03325	0.056824	0	0	0	-1081.95	-1081.95	1.61536e-06	0	0	0	36.3697	30.0915	0	6.27812		300	0.999929	-0.022821	-0.022821	0.0456421	0	0	0	0.999929	0	-0.418	-118.594	0	24.0078	24.0078	6.21725e-15	6.27	0	0	0	0	0	0	0	0	0	0	0	0	0	0	0	0	0	0	0	0	0	0	0	0	0	0	0	0	0	0	0	0	0	
1	1	1	666	19.98		300	0	0	-0.0333	-0.0333	0.0568776	0	0	0	-1087.14	-1087.14	1.61536e-06	0	0	0	36.4781	30.2	0	6.27814		300	0.99993	-0.0228211	-0.0228211	0.0456421	0	0	0	0.99993	0	-0.418	-118.594	0	24.0078	24.0078	6.21725e-15	6.27	0	0	0	0	0	0	0	0	0	0	0	0	0	0	0	0	0	0	0	0	0	0	0	0	0	0	0	0	0	0	0	0	0	
1	1	1	667	20.01		300	0	0	-0.03335	-0.03335	0.0569312	0	0	0	-1092.32	-1092.32	1.61537e-06	0	0	0	36.5871	30.3089	0	6.27817		300	0.999931	-0.0228211	-0.0228211	0.0456422	0	0	0	0.999931	0	-0.418	-118.594	0	24.0078	24.0078	6.21725e-15	6.27	0	0	0	0	0	0	0	0	0	0	0	0	0	0	0	0	0	0	0	0	0	0	0	0	0	0	0	0	0	0	0	0	0	
1	1	1	668	20.04		300	0	0	-0.0334	-0.0334	0.0569849	0	0	0	-1097.51	-1097.51	1.61536e-06	0	0	0	36.6966	30.4184	0	6.27819		300	0.999932	-0.0228211	-0.0228211	0.0456422	0	0	0	0.999932	0	-0.418	-118.594	0	24.0078	24.0078	6.21725e-15	6.27	0	0	0	0	0	0	0	0	0	0	0	0	0	0	0	0	0	0	0	0	0	0	0	0	0	0	0	0	0	0	0	0	0	
1	1	1	669	20.07		300	0	0	-0.03345	-0.03345	0.0570385	0	0	0	-1102.69	-1102.69	1.61536e-06	0	0	0	36.8066	30.5284	0	6.27821		300	0.999933	-0.0228211	-0.0228211	0.0456423	0	0	0	0.999933	0	-0.418	-118.594	0	24.0078	24.0078	6.21725e-15	6.27	0	0	0	0	0	0	0	0	0	0	0	0	0	0	0	0	0	0	0	0	0	0	0	0	0	0	0	0	0	0	0	0	0	
1	1	1	670	20.1		300	0	0	-0.0335	-0.0335	0.0570921	0	0	0	-1107.88	-1107.88	1.61537e-06	0	0	0	36.9171	30.6389	0	6.27823		300	0.999934	-0.0228212	-0.0228212	0.0456423	0	0	0	0.999934	0	-0.418	-118.594	0	24.0078	24.0078	6.21725e-15	6.27	0	0	0	0	0	0	0	0	0	0	0	0	0	0	0	0	0	0	0	0	0	0	0	0	0	0	0	0	0	0	0	0	0	
1	1	1	671	20.13		300	0	0	-0.03355	-0.03355	0.0571458	0	0	0	-1113.06	-1113.06	1.61537e-06	0	0	0	37.0282	30.7499	0	6.27825		300	0.999935	-0.0228212	-0.0228212	0.0456424	0	0	0	0.999935	0	-0.418	-118.594	0	24.0078	24.0078	6.21725e-15	6.27	0	0	0	0	0	0	0	0	0	0	0	0	0	0	0	0	0	0	0	0	0	0	0	0	0	0	0	0	0	0	0	0	0	
1	1	1	672	20.16		300	0	0	-0.0336	-0.0336	0.0571994	0	0	0	-1118.25	-1118.25	1.61537e-06	0	0	0	37.1397	30.8614	0	6.27827		300	0.999936	-0.0228212	-0.0228212	0.0456424	0	0	0	0.999936	0	-0.418	-118.594	0	24.0078	24.0078	6.21725e-15	6.27	0	0	0	0	0	0	0	0	0	0	0	0	0	0	0	0	0	0	0	0	0	0	0	0	0	0	0	0	0	0	0	0	0	
1	1	1	673	20.19		300	0	0	-0.03365	-0.03365	0.057253	0	0	0	-1123.43	-1123.43	1.61536e-06	0	0	0	37.2518	30.9735	0	6.2783		300	0.999937	-0.0228212	-0.0228212	0.0456425	0	0	0	0.999937	0	-0.418	-118.594	0	24.0078	24.0078	6.21725e-15	6.27	0	0	0	0	0	0	0	0	0	0	0	0	0	0	0	0	0	0	0	0	0	0	0	0	0	0	0	0	0	0	0	0	0	
1	1	1	674	20.22		300	0	0	-0.0337	-0.0337	0.0573067	0	0	0	-1128.62	-1128.62	1.61536e-06	0	0	0	37.3644	31.0861	0	6.27832		300	0.999938	-0.0228213	-0.0228213	0.0456425	0	0	0	0.999938	0	-0.418	-118.594	0	24.0078	24.0078	6.21725e-15	6.27	0	0	0	0	0	0	0	0	0	0	0	0	0	0	0	0	0	0	0	0	0	0	0	0	0	0	0	0	0	0	0	0	0	
1	1	1	675	20.25		300	0	0	-0.03375	-0.03375	0.0573603	0	0	0	-1133.8	-1133.8	1.61536e-06	0	0	0	37.4775	31.1992	0	6.27833		300	0.999939	-0.0228213	-0.0228213	0.0456425	0	0	0	0.999939	0	-0.418	-118.594	0	24.0078	24.0078	6.21725e-15	6.27	0	0	0	0	0	0	0	0	0	0	0	0	0	0	0	0	0	0	0	0	0	0	0	0	0	0	0	0	0	0	0	0	0	
1	1	1	676	20.28		300	0	0	-0.0338	-0.0338	0.0574139	0	0	0	-1138.99	-1138.99	1.61536e-06	0	0	0	37.5912	31.3128	0	6.27835		300	0.99994	-0.0228213	-0.0228213	0.0456426	0	0	0	0.99994	0	-0.418	-118.594	0	24.0078	24.0078	6.21725e-15	6.27	0	0	0	0	0	0	0	0	0	0	0	0	0	0	0	0	0	0	0	0	0	0	0	0	0	0	0	0	0	0	0	0	0	
1	1	1	677	20.31		300	0	0	-0.03385	-0.03385	0.0574675	0	0	0	-1144.17	-1144.17	1.61536e-06	0	0	0	37.7053	31.427	0	6.27837		300	0.999941	-0.0228213	-0.0228213	0.0456426	0	0	0	0.999941	0	-0.418	-118.594	0	24.0078	24.0078	6.21725e-15	6.27	0	0	0	0	0	0	0	0	0	0	0	0	0	0	0	0	0	0	0	0	0	0	0	0	0	0	0	0	0	0	0	0	0	
1	1	1	678	20.34		300	0	0	-0.0339	-0.0339	0.0575212	0	0	0	-1149.36	-1149.36	1.61536e-06	0	0	0	37.82	31.5416	0	6.27839		300	0.999941	-0.0228213	-0.0228213	0.0456427	0	0	0	0.999941	0	-0.418	-118.594	0	24.0078	24.0078	6.21725e-15	6.27	0	0	0	0	0	0	0	0	0	0	0	0	0	0	0	0	0	0	0	0	0	0	0	0	0	0	0	0	0	0	0	0	0	
1	1	1	679	20.37		300	0	0	-0.03395	-0.03395	0.0575748	0	0	0	-1154.54	-1154.54	1.61536e-06	0	0	0	37.9352	31.6568	0	6.27841		300	0.999942	-0.0228213	-0.0228213	0.0456427	0	0	0	0.999942	0	-0.418	-118.594	0	24.0078	24.0078	6.21725e-15	6.27	0	0	0	0	0	0	0	0	0	0	0	0	0	0	0	0	0	0	0	0	0	0	0	0	0	0	0	0	0	0	0	0	0	
1	1	1	680	20.4		300	0	0	-0.034	-0.034	0.0576284	0	0	0	-1159.73	-1159.73	1.61536e-06	0	0	0	38.0509	31.7725	0	6.27843		300	0.999943	-0.0228214	-0.0228214	0.0456427	0	0	0	0.999943	0	-0.418	-118.594	0	24.0078	24.0078	6.21725e-15	6.27	0	0	0	0	0	0	0	0	0	0	0	0	0	0	0	0	0	0	0	0	0	0	0	0	0	0	0	0	0	0	0	0	0	
1	1	1	681	20.43		300	0	0	-0.03405	-0.03405	0.0576821	0	0	0	-1164.91	-1164.91	1.61537e-06	0	0	0	38.1671	31.8887	0	6.27845		300	0.999944	-0.0228214	-0.0228214	0.0456428	0	0	0	0.999944	0	-0.418	-118.594	0	24.0078	24.0078	6.21725e-15	6.27	0	0	0	0	0	0	0	0	0	0	0	0	0	0	0	0	0	0	0	0	0	0	0	0	0	0	0	0	0	0	0	0	0	
1	1	1	682	20.46		300	0	0	-0.0341	-0.0341	0.0577357	0	0	0	-1170.1	-1170.1	1.61536e-06	0	0	0	38.2839	32.0054	0	6.27846		300	0.999944	-0.0228214	-0.0228214	0.0456428	0	0	0	0.999944	0	-0.418	-118.594	0	24.0078	24.0078	6.21725e-15	6.27	0	0	0	0	0	0	0	0	0	0	0	0	0	0	0	0	0	0	0	0	0	0	0	0	0	0	0	0	0	0	0	0	0	
1	1	1	683	20.49		300	0	0	-0.03415	-0.03415	0.0577893	0	0	0	-1175.28	-1175.28	1.61536e-06	0	0	0	38.4012	32.1227	0	6.27848		300	0.999945	-0.0228214	-0.0228214	0.0456428	0	0	0	0.999945	0	-0.418	-118.594	0	24.0078	24.0078	6.21725e-15	6.27	0	0	0	0	0	0	0	0	0	0	0	0	0	0	0	0	0	0	0	0	0	0	0	0	0	0	0	0	0	0	0	0	0	
1	1	1	684	20.52		300	0	0	-0.0342	-0.0342	0.0578429	0	0	0	-1180.47	-1180.47	1.61537e-06	0	0	0	38.5189	32.2404	0	6.2785		300	0.999946	-0.0228214	-0.0228214	0.0456429	0	0	0	0.999946	0	-0.418	-118.594	0	24.0078	24.0078	6.21725e-15	6.27	0	0	0	0	0	0	0	0	0	0	0	0	0	0	0	0	0	0	0	0	0	0	0	0	0	0	0	0	0	0	0	0	0	
1	1	1	685	20.55		300	0	0	-0.03425	-0.03425	0.0578966	0	0	0	-1185.66	-1185.66	1.61537e-06	0	0	0	38.6373	32.3587	0	6.27851		300	0.999947	-0.0228214	-0.0228214	0.0456429	0	0	0	0.999947	0	-0.418	-118.594	0	24.0078	24.0078	6.21725e-15	6.27	0	0	0	0	0	0	0	0	0	0	0	0	0	0	0	0	0	0	0	0	0	0	0	0	0	0	0	0	0	0	0	0	0	
1	1	1	686	20.58		300	0	0	-0.0343	-0.0343	0.0579502	0	0	0	-1190.84	-1190.84	1.61537e-06	0	0	0	38.7561	32.4775	0	6.27853		300	0.999947	-0.0228215	-0.0228215	0.0456429	0	0	0	0.999947	0	-0.418	-118.594	0	24.0078	24.0078	6.21725e-15	6.27	0	0	0	0	0	0	0	0	0	0	0	0	0	0	0	0	0	0	0	0	0	0	0	0	0	0	0	0	0	0	0	0	0	
1	1	1	687	20.61		300	0	0	-0.03435	-0.03435	0.0580038	0	0	0	-1196.03	-1196.03	1.61537e-06	0	0	0	38.8754	32.5969	0	6.27855		300	0.999948	-0.0228215	-0.0228215	0.045643	0	0	0	0.999948	0	-0.418	-118.594	0	24.0078	24.0078	6.21725e-15	6.27	0	0	0	0	0	0	0	0	0	0	0	0	0	0	0	0	0	0	0	0	0	0	0	0	0	0	0	0	0	0	0	0	0	
1	1	1	688	20.64		300	0	0	-0.0344	-0.0344	0.0580574	0	0	0	-1201.21	-1201.21	1.61537e-06	0	0	0	38.9953	32.7167	0	6.27856		300	0.999948	-0.0228215	-0.0228215	0.045643	0	0	0	0.999948	0	-0.418	-118.594	0	24.0078	24.0078	6.21725e-15	6.27	0	0	0	0	0	0	0	0	0	0	0	0	0	0	0	0	0	0	0	0	0	0	0	0	0	0	0	0	0	0	0	0	0	
1	1	1	689	20.67		300	0	0	-0.03445	-0.03445	0.058111	0	0	0	-1206.4	-1206.4	1.61537e-06	0	0	0	39.1157	32.8371	0	6.27858		300	0.999949	-0.0228215	-0.0228215	0.045643	0	0	0	0.999949	0	-0.418	-118.594	0	24.0078	24.0078	6.21725e-15	6.27	0	0	0	0	0	0	0	0	0	0	0	0	0	0	0	0	0	0	0	0	0	0	0	0	0	0	0	0	0	0	0	0	0	
1	1	1	690	20.7		300	0	0	-0.0345	-0.0345	0.0581647	0	0	0	-1211.58	-1211.58	1.61537e-06	0	0	0	39.2366	32.958	0	6.27859		300	0.99995	-0.0228215	-0.0228215	0.045643	0	0	0	0.99995	0	-0.418	-118.594	0	24.0078	24.0078	6.21725e-15	6.27	0	0	0	0	0	0	0	0	0	0	0	0	0	0	0	0	0	0	0	0	0	0	0	0	0	0	0	0	0	0	0	0	0	
1	1	1	691	20.73		300	0	0	-0.03455	-0.03455	0.0582183	0	0	0	-1216.77	-1216.77	1.61537e-06	0	0	0	39.358	33.0794	0	6.27861		300	0.99995	-0.0228215	-0.0228215	0.0456431	0	0	0	0.99995	0	-0.418	-118.594	0	24.0078	24.0078	6.21725e-15	6.27	0	0	0	0	0	0	0	0	0	0	0	0	0	0	0	0	0	0	0	0	0	0	0	0	0	0	0	0	0	0	0	0	0	
1	1	1	692	20.76		300	0	0	-0.0346	-0.0346	0.0582719	0	0	0	-1221.96	-1221.96	1.61537e-06	0	0	0	39.4799	33.2013	0	6.27863		300	0.999951	-0.0228215	-0.0228215	0.0456431	0	0	0	0.999951	0	-0.418	-118.594	0	24.0078	24.0078	6.21725e-15	6.27	0	0	0	0	0	0	0	0	0	0	0	0	0	0	0	0	0	0	0	0	0	0	0	0	0	0	0	0	0	0	0	0	0	
1	1	1	693	20.79		300	0	0	-0.03465	-0.03465	0.0583255	0	0	0	-1227.14	-1227.14	1.61537e-06	0	0	0	39.6024	33.3237	0	6.27864		300	0.999951	-0.0228216	-0.0228216	0.0456431	0	0	0	0.999951	0	-0.418	-118.594	0	24.0078	24.0078	6.21725e-15	6.27	0	0	0	0	0	0	0	0	0	0	0	0	0	0	0	0	0	0	0	0	0	0	0	0	0	0	0	0	0	0	0	0	0	
1	1	1	694	20.82		300	0	0	-0.0347	-0.0347	0.0583792	0	0	0	-1232.33	-1232.33	1.61537e-06	0	0	0	39.7253	33.4467	0	6.27865		300	0.999952	-0.0228216	-0.0228216	0.0456431	0	0	0	0.999952	0	-0.418	-118.594	0	24.0078	24.0078	6.21725e-15	6.27	0	0	0	0	0	0	0	0	0	0	0	0	0	0	0	0	0	0	0	0	0	0	0	0	0	0	0	0	0	0	0	0	0	
1	1	1	695	20.85		300	0	0	-0.03475	-0.03475	0.0584328	0	0	0	-1237.51	-1237.51	1.61537e-06	0	0	0	39.8488	33.5702	0	6.27867		300	0.999952	-0.0228216	-0.0228216	0.0456432	0	0	0	0.999952	0	-0.418	-118.594	0	24.0078	24.0078	6.21725e-15	6.27	0	0	0	0	0	0	0	0	0	0	0	0	0	0	0	0	0	0	0	0	0	0	0	0	0	0	0	0	0	0	0	0	0	
1	1	1	696	20.88		300	0	0	-0.0348	-0.0348	0.0584864	0	0	0	-1242.7	-1242.7	1.61537e-06	0	0	0	39.9728	33.6942	0	6.27868		300	0.999953	-0.0228216	-0.0228216	0.0456432	0	0	0	0.999953	0	-0.418	-118.594	0	24.0078	24.0078	6.21725e-15	6.27	0	0	0	0	0	0	0	0	0	0	0	0	0	0	0	0	0	0	0	0	0	0	0	0	0	0	0	0	0	0	0	0	0	
1	1	1	697	20.91		300	0	0	-0.03485	-0.03485	0.05854	0	0	0	-1247.89	-1247.89	1.61537e-06	0	0	0	40.0974	33.8187	0	6.2787		300	0.999954	-0.0228216	-0.0228216	0.0456432	0	0	0	0.999954	0	-0.418	-118.594	0	24.0078	24.0078	6.21725e-15	6.27	0	0	0	0	0	0	0	0	0	0	0	0	0	0	0	0	0	0	0	0	0	0	0	0	0	0	0	0	0	0	0	0	0	
1	1	1	698	20.94		300	0	0	-0.0349	-0.0349	0.0585936	0	0	0	-1253.07	-1253.07	1.61537e-06	0	0	0	40.2224	33.9437	0	6.27871		300	0.999954	-0.0228216	-0.0228216	0.0456432	0	0	0	0.999954	0	-0.418	-118.594	0	24.0078	24.0078	6.21725e-15	6.27	0	0	0	0	0	0	0	0	0	0	0	0	0	0	0	0	0	0	0	0	0	0	0	0	0	0	0	0	0	0	0	0	0	
1	1	1	699	20.97		300	0	0	-0.03495	-0.03495	0.0586473	0	0	0	-1258.26	-1258.26	1.61537e-06	0	0	0	40.348	34.0693	0	6.27873		300	0.999954	-0.0228216	-0.0228216	0.0456433	0	0	0	0.999954	0	-0.418	-118.594	0	24.0078	24.0078	6.21725e-15	6.27	0	0	0	0	0	0	0	0	0	0	0	0	0	0	0	0	0	0	0	0	0	0	0	0	0	0	0	0	0	0	0	0	0	
1	1	1	700	21		300	0	0	-0.035	-0.035	0.0587009	0	0	0	-1263.44	-1263.44	1.61537e-06	0	0	0	40.4741	34.1953	0	6.27874		300	0.999955	-0.0228216	-0.0228216	0.0456433	0	0	0	0.999955	0	-0.418	-118.594	0	24.0078	24.0078	6.21725e-15	6.27	0	0	0	0	0	0	0	0	0	0	0	0	0	0	0	0	0	0	0	0	0	0	0	0	0	0	0	0	0	0	0	0	0	
1	1	1	701	21.03		300	0	0	-0.03505	-0.03505	0.0587545	0	0	0	-1268.63	-1268.63	1.61537e-06	0	0	0	40.6007	34.3219	0	6.27875		300	0.999955	-0.0228216	-0.0228216	0.0456433	0	0	0	0.999955	0	-0.418	-118.594	0	24.0078	24.0078	6.21725e-15	6.27	0	0	0	0	0	0	0	0	0	0	0	0	0	0	0	0	0	0	0	0	0	0	0	0	0	0	0	0	0	0	0	0	0	
1	1	1	702	21.06		300	0	0	-0.0351	-0.0351	0.0588081	0	0	0	-1273.82	-1273.82	1.61537e-06	0	0	0	40.7278	34.449	0	6.27877		300	0.999956	-0.0228217	-0.0228217	0.0456433	0	0	0	0.999956	0	-0.418	-118.594	0	24.0078	24.0078	6.21725e-15	6.27	0	0	0	0	0	0	0	0	0	0	0	0	0	0	0	0	0	0	0	0	0	0	0	0	0	0	0	0	0	0	0	0	0	
1	1	1	703	21.09		300	0	0	-0.03515	-0.03515	0.0588617	0	0	0	-1279	-1279	1.61537e-06	0	0	0	40.8554	34.5767	0	6.27878		300	0.999956	-0.0228217	-0.0228217	0.0456433	0	0	0	0.999956	0	-0.418	-118.594	0	24.0078	24.0078	6.21725e-15	6.27	0	0	0	0	0	0	0	0	0	0	0	0	0	0	0	0	0	0	0	0	0	0	0	0	0	0	0	0	0	0	0	0	0	
1	1	1	704	21.12		300	0	0	-0.0352	-0.0352	0.0589154	0	0	0	-1284.19	-1284.19	1.61537e-06	0	0	0	40.9836	34.7048	0	6.27879		300	0.999957	-0.0228217	-0.0228217	0.0456434	0	0	0	0.999957	0	-0.418	-118.594	0	24.0078	24.0078	6.21725e-15	6.27	0	0	0	0	0	0	0	0	0	0	0	0	0	0	0	0	0	0	0	0	0	0	0	0	0	0	0	0	0	0	0	0	0	
1	1	1	705	21.15		300	0	0	-0.03525	-0.03525	0.058969	0	0	0	-1289.38	-1289.38	1.61537e-06	0	0	0	41.1123	34.8335	0	6.2788		300	0.999957	-0.0228217	-0.0228217	0.0456434	0	0	0	0.999957	0	-0.418	-118.594	0	24.0078	24.0078	6.21725e-15	6.27	0	0	0	0	0	0	0	0	0	0	0	0	0	0	0	0	0	0	0	0	0	0	0	0	0	0	0	0	0	0	0	0	0	
1	1	1	706	21.18		300	0	0	-0.0353	-0.0353	0.0590226	0	0	0	-1294.56	-1294.56	1.61537e-06	0	0	0	41.2415	34.9627	0	6.27882		300	0.999958	-0.0228217	-0.0228217	0.0456434	0	0	0	0.999958	0	-0.418	-118.594	0	24.0078	24.0078	6.21725e-15	6.27	0	0	0	0	0	0	0	0	0	0	0	0	0	0	0	0	0	0	0	0	0	0	0	0	0	0	0	0	0	0	0	0	0	
1	1	1	707	21.21		300	0	0	-0.03535	-0.03535	0.0590762	0	0	0	-1299.75	-1299.75	1.61537e-06	0	0	0	41.3712	35.0924	0	6.27883		300	0.999958	-0.0228217	-0.0228217	0.0456434	0	0	0	0.999958	0	-0.418	-118.594	0	24.0078	24.0078	6.21725e-15	6.27	0	0	0	0	0	0	0	0	0	0	0	0	0	0	0	0	0	0	0	0	0	0	0	0	0	0	0	0	0	0	0	0	0	
1	1	1	708	21.24		300	0	0	-0.0354	-0.0354	0.0591298	0	0	0	-1304.93	-1304.93	1.61537e-06	0	0	0	41.5014	35.2226	0	6.27884		300	0.999958	-0.0228217	-0.0228217	0.0456434	0	0	0	0.999958	0	-0.418	-118.594	0	24.0078	24.0078	6.21725e-15	6.27	0	0	0	0	0	0	0	0	0	0	0	0	0	0	0	0	0	0	0	0	0	0	0	0	0	0	0	0	0	0	0	0	0	
1	1	1	709	21.27		300	0	0	-0.03545	-0.03545	0.0591834	0	0	0	-1310.12	-1310.12	1.61537e-06	0	0	0	41.6322	35.3533	0	6.27885		300	0.999959	-0.0228217	-0.0228217	0.0456435	0	0	0	0.999959	0	-0.418	-118.594	0	24.0078	24.0078	6.21725e-15	6.27	0	0	0	0	0	0	0	0	0	0	0	0	0	0	0	0	0	0	0	0	0	0	0	0	0	0	0	0	0	0	0	0	0	
1	1	1	710	21.3		300	0	0	-0.0355	-0.0355	0.0592371	0	0	0	-1315.31	-1315.31	1.61537e-06	0	0	0	41.7635	35.4846	0	6.27887		300	0.999959	-0.0228217	-0.0228217	0.0456435	0	0	0	0.999959	0	-0.418	-118.594	0	24.0078	24.0078	6.21725e-15	6.27	0	0	0	0	0	0	0	0	0	0	0	0	0	0	0	0	0	0	0	0	0	0	0	0	0	0	0	0	0	0	0	0	0	
1	1	1	711	21.33		300	0	0	-0.03555	-0.03555	0.0592907	0	0	0	-1320.49	-1320.49	1.61537e-06	0	0	0	41.8952	35.6164	0	6.27888		300	0.99996	-0.0228217	-0.0228217	0.0456435	0	0	0	0.99996	0	-0.418	-118.594	0	24.0078	24.0078	6.21725e-15	6.27	0	0	0	0	0	0	0	0	0	0	0	0	0	0	0	0	0	0	0	0	0	0	0	0	0	0	0	0	0	0	0	0	0	
1	1	1	712	21.36		300	0	0	-0.0356	-0.0356	0.0593443	0	0	0	-1325.68	-1325.68	1.61537e-06	0	0	0	42.0276	35.7487	0	6.27889		300	0.99996	-0.0228218	-0.0228218	0.0456435	0	0	0	0.99996	0	-0.418	-118.594	0	24.0078	24.0078	6.21725e-15	6.27	0	0	0	0	0	0	0	0	0	0	0	0	0	0	0	0	0	0	0	0	0	0	0	0	0	0	0	0	0	0	0	0	0	
1	1	1	713	21.39		300	0	0	-0.03565	-0.03565	0.0593979	0	0	0	-1330.87	-1330.87	1.61537e-06	0	0	0	42.1604	35.8815	0	6.2789		300	0.99996	-0.0228218	-0.0228218	0.0456435	0	0	0	0.99996	0	-0.418	-118.594	0	24.0078	24.0078	6.21725e-15	6.27	0	0	0	0	0	0	0	0	0	0	0	0	0	0	0	0	0	0	0	0	0	0	0	0	0	0	0	0	0	0	0	0	0	
1	1	1	714	21.42		300	0	0	-0.0357	-0.0357	0.0594515	0	0	0	-1336.05	-1336.05	1.61537e-06	0	0	0	42.2937	36.0148	0	6.27891		300	0.999961	-0.0228218	-0.0228218	0.0456435	0	0	0	0.999961	0	-0.418	-118.594	0	24.0078	24.0078	6.21725e-15	6.27	0	0	0	0	0	0	0	0	0	0	0	0	0	0	0	0	0	0	0	0	0	0	0	0	0	0	0	0	0	0	0	0	0	
1	1	1	715	21.45		300	0	0	-0.03575	-0.03575	0.0595052	0	0	0	-1341.24	-1341.24	1.61537e-06	0	0	0	42.4276	36.1487	0	6.27892		300	0.999961	-0.0228218	-0.0228218	0.0456436	0	0	0	0.999961	0	-0.418	-118.594	0	24.0078	24.0078	6.21725e-15	6.27	0	0	0	0	0	0	0	0	0	0	0	0	0	0	0	0	0	0	0	0	0	0	0	0	0	0	0	0	0	0	0	0	0	
1	1	1	716	21.48		300	0	0	-0.0358	-0.0358	0.0595588	0	0	0	-1346.42	-1346.42	1.61537e-06	0	0	0	42.562	36.283	0	6.27893		300	0.999961	-0.0228218	-0.0228218	0.0456436	0	0	0	0.999961	0	-0.418	-118.594	0	24.0078	24.0078	6.21725e-15	6.27	0	0	0	0	0	0	0	0	0	0	0	0	0	0	0	0	0	0	0	0	0	0	0	0	0	0	0	0	0	0	0	0	0	
1	1	1	717	21.51		300	0	0	-0.03585	-0.03585	0.0596124	0	0	0	-1351.61	-1351.61	1.61537e-06	0	0	0	42.6969	36.4179	0	6.27895		300	0.999962	-0.0228218	-0.0228218	0.0456436	0	0	0	0.999962	0	-0.418	-118.594	0	24.0078	24.0078	6.21725e-15	6.27	0	0	0	0	0	0	0	0	0	0	0	0	0	0	0	0	0	0	0	0	0	0	0	0	0	0	0	0	0	0	0	0	0	
1	1	1	718	21.54		300	0	0	-0.0359	-0.0359	0.059666	0	0	0	-1356.8	-1356.8	1.61537e-06	0	0	0	42.8323	36.5533	0	6.27896		300	0.999962	-0.0228218	-0.0228218	0.0456436	0	0	0	0.999962	0	-0.418	-118.594	0	24.0078	24.0078	6.21725e-15	6.27	0	0	0	0	0	0	0	0	0	0	0	0	0	0	0	0	0	0	0	0	0	0	0	0	0	0	0	0	0	0	0	0	0	
1	1	1	719	21.57		300	0	0	-0.03595	-0.03595	0.0597196	0	0	0	-1361.98	-1361.98	1.61537e-06	0	0	0	42.9682	36.6893	0	6.27897		300	0.999962	-0.0228218	-0.0228218	0.0456436	0	0	0	0.999962	0	-0.418	-118.594	0	24.0078	24.0078	6.21725e-15	6.27	0	0	0	0	0	0	0	0	0	0	0	0	0	0	0	0	0	0	0	0	0	0	0	0	0	0	0	0	0	0	0	0	0	
1	1	1	720	21.6		300	0	0	-0.036	-0.036	0.0597732	0	0	0	-1367.17	-1367.17	1.61537e-06	0	0	0	43.1047	36.8257	0	6.27898		300	0.999963	-0.0228218	-0.0228218	0.0456436	0	0	0	0.999963	0	-0.418	-118.594	0	24.0078	24.0078	6.21725e-15	6.27	0	0	0	0	0	0	0	0	0	0	0	0	0	0	0	0	0	0	0	0	0	0	0	0	0	0	0	0	0	0	0	0	0	
1	1	1	721	21.63		300	0	0	-0.03605	-0.03605	0.0598269	0	0	0	-1372.36	-1372.36	1.61537e-06	0	0	0	43.2417	36.9627	0	6.27899		300	0.999963	-0.0228218	-0.0228218	0.0456437	0	0	0	0.999963	0	-0.418	-118.594	0	24.0078	24.0078	6.21725e-15	6.27	0	0	0	0	0	0	0	0	0	0	0	0	0	0	0	0	0	0	0	0	0	0	0	0	0	0	0	0	0	0	0	0	0	
1	1	1	722	21.66		300	0	0	-0.0361	-0.0361	0.0598805	0	0	0	-1377.54	-1377.54	1.61537e-06	0	0	0	43.3792	37.1002	0	6.279		300	0.999963	-0.0228218	-0.0228218	0.0456437	0	0	0	0.999963	0	-0.418	-118.594	0	24.0078	24.0078	6.21725e-15	6.27	0	0	0	0	0	0	0	0	0	0	0	0	0	0	0	0	0	0	0	0	0	0	0	0	0	0	0	0	0	0	0	0	0	
1	1	1	723	21.69		300	0	0	-0.03615	-0.03615	0.0599341	0	0	0	-1382.73	-1382.73	1.61537e-06	0	0	0	43.5172	37.2382	0	6.27901		300	0.999964	-0.0228218	-0.0228218	0.0456437	0	0	0	0.999964	0	-0.418	-118.594	0	24.0078	24.0078	6.21725e-15	6.27	0	0	0	0	0	0	0	0	0	0	0	0	0	0	0	0	0	0	0	0	0	0	0	0	0	0	0	0	0	0	0	0	0	
1	1	1	724	21.72		300	0	0	-0.0362	-0.0362	0.0599877	0	0	0	-1387.92	-1387.92	1.61537e-06	0	0	0	43.6557	37.3767	0	6.27902		300	0.999964	-0.0228218	-0.0228218	0.0456437	0	0	0	0.999964	0	-0.418	-118.594	0	24.0078	24.0078	6.21725e-15	6.27	0	0	0	0	0	0	0	0	0	0	0	0	0	0	0	0	0	0	0	0	0	0	0	0	0	0	0	0	0	0	0	0	0	
1	1	1	725	21.75		300	0	0	-0.03625	-0.03625	0.0600413	0	0	0	-1393.1	-1393.1	1.61537e-06	0	0	0	43.7948	37.5157	0	6.27903		300	0.999964	-0.0228219	-0.0228219	0.0456437	0	0	0	0.999964	0	-0.418	-118.594	0	24.0078	24.0078	6.21725e-15	6.27	0	0	0	0	0	0	0	0	0	0	0	0	0	0	0	0	0	0	0	0	0	0	0	0	0	0	0	0	0	0	0	0	0	
1	1	1	726	21.78		300	0	0	-0.0363	-0.0363	0.0600949	0	0	0	-1398.29	-1398.29	1.61537e-06	0	0	0	43.9343	37.6553	0	6.27904		300	0.999965	-0.0228219	-0.0228219	0.0456437	0	0	0	0.999965	0	-0.418	-118.594	0	24.0078	24.0078	6.21725e-15	6.27	0	0	0	0	0	0	0	0	0	0	0	0	0	0	0	0	0	0	0	0	0	0	0	0	0	0	0	0	0	0	0	0	0	
1	1	1	727	21.81		300	0	0	-0.03635	-0.03635	0.0601486	0	0	0	-1403.48	-1403.48	1.61537e-06	0	0	0	44.0744	37.7954	0	6.27905		300	0.999965	-0.0228219	-0.0228219	0.0456437	0	0	0	0.999965	0	-0.418	-118.594	0	24.0078	24.0078	6.21725e-15	6.27	0	0	0	0	0	0	0	0	0	0	0	0	0	0	0	0	0	0	0	0	0	0	0	0	0	0	0	0	0	0	0	0	0	
1	1	1	728	21.84		300	0	0	-0.0364	-0.0364	0.0602022	0	0	0	-1408.66	-1408.66	1.61537e-06	0	0	0	44.215	37.936	0	6.27906		300	0.999965	-0.0228219	-0.0228219	0.0456437	0	0	0	0.999965	0	-0.418	-118.594	0	24.0078	24.0078	6.21725e-15	6.27	0	0	0	0	0	0	0	0	0	0	0	0	0	0	0	0	0	0	0	0	0	0	0	0	0	0	0	0	0	0	0	0	0	
1	1	1	729	21.87		300	0	0	-0.03645	-0.03645	0.0602558	0	0	0	-1413.85	-1413.85	1.61537e-06	0	0	0	44.3562	38.0771	0	6.27907		300	0.999966	-0.0228219	-0.0228219	0.0456438	0	0	0	0.999966	0	-0.418	-118.594	0	24.0078	24.0078	6.21725e-15	6.27	0	0	0	0	0	0	0	0	0	0	0	0	0	0	0	0	0	0	0	0	0	0	0	0	0	0	0	0	0	0	0	0	0	
1	1	1	730	21.9		300	0	0	-0.0365	-0.0365	0.0603094	0	0	0	-1419.04	-1419.04	1.61537e-06	0	0	0	44.4978	38.2187	0	6.27908		300	0.999966	-0.0228219	-0.0228219	0.0456438	0	0	0	0.999966	0	-0.418	-118.594	0	24.0078	24.0078	6.21725e-15	6.27	0	0	0	0	0	0	0	0	0	0	0	0	0	0	0	0	0	0	0	0	0	0	0	0	0	0	0	0	0	0	0	0	0	
1	1	1	731	21.93		300	0	0	-0.03655	-0.03655	0.060363	0	0	0	-1424.22	-1424.22	1.61537e-06	0	0	0	44.64	38.3609	0	6.27909		300	0.999966	-0.0228219	-0.0228219	0.0456438	0	0	0	0.999966	0	-0.418	-118.594	0	24.0078	24.0078	6.21725e-15	6.27	0	0	0	0	0	0	0	0	0	0	0	0	0	0	0	0	0	0	0	0	0	0	0	0	0	0	0	0	0	0	0	0	0	
1	1	1	732	21.96		300	0	0	-0.0366	-0.0366	0.0604166	0	0	0	-1429.41	-1429.41	1.61537e-06	0	0	0	44.7826	38.5035	0	6.2791		300	0.999966	-0.0228219	-0.0228219	0.0456438	0	0	0	0.999966	0	-0.418	-118.594	0	24.0078	24.0078	6.21725e-15	6.27	0	0	0	0	0	0	0	0	0	0	0	0	0	0	0	0	0	0	0	0	0	0	0	0	0	0	0	0	0	0	0	0	0	
1	1	1	733	21.99		300	0	0	-0.03665	-0.03665	0.0604702	0	0	0	-1434.6	-1434.6	1.61537e-06	0	0	0	44.9258	38.6467	0	6.27911		300	0.999967	-0.0228219	-0.0228219	0.0456438	0	0	0	0.999967	0	-0.418	-118.594	0	24.0078	24.0078	6.21725e-15	6.27	0	0	0	0	0	0	0	0	0	0	0	0	0	0	0	0	0	0	0	0	0	0	0	0	0	0	0	0	0	0	0	0	0	
1	1	1	734	22.02		300	0	0	-0.0367	-0.0367	0.0605239	0	0	0	-1439.78	-1439.78	1.61537e-06	0	0	0	45.0696	38.7904	0	6.27912		300	0.999967	-0.0228219	-0.0228219	0.0456438	0	0	0	0.999967	0	-0.418	-118.594	0	24.0078	24.0078	6.21725e-15	6.27	0	0	0	0	0	0	0	0	0	0	0	0	0	0	0	0	0	0	0	0	0	0	0	0	0	0	0	0	0	0	0	0	0	
1	1	1	735	22.05		300	0	0	-0.03675	-0.03675	0.0605775	0	0	0	-1444.97	-1444.97	1.61537e-06	0	0	0	45.2138	38.9347	0	6.27913		300	0.999967	-0.0228219	-0.0228219	0.0456438	0	0	0	0.999967	0	-0.418	-118.594	0	24.0078	24.0078	6.21725e-15	6.27	0	0	0	0	0	0	0	0	0	0	0	0	0	0	0	0	0	0	0	0	0	0	0	0	0	0	0	0	0	0	0	0	0	
1	1	1	736	22.08		300	0	0	-0.0368	-0.0368	0.0606311	0	0	0	-1450.16	-1450.16	1.61537e-06	0	0	0	45.3586	39.0794	0	6.27914		300	0.999967	-0.0228219	-0.0228219	0.0456438	0	0	0	0.999967	0	-0.418	-118.594	0	24.0078	24.0078	6.21725e-15	6.27	0	0	0	0	0	0	0	0	0	0	0	0	0	0	0	0	0	0	0	0	0	0	0	0	0	0	0	0	0	0	0	0	0	
1	1	1	737	22.11		300	0	0	-0.03685	-0.03685	0.0606847	0	0	0	-1455.34	-1455.34	1.61537e-06	0	0	0	45.5038	39.2247	0	6.27915		300	0.999968	-0.0228219	-0.0228219	0.0456439	0	0	0	0.999968	0	-0.418	-118.594	0	24.0078	24.0078	6.21725e-15	6.27	0	0	0	0	0	0	0	0	0	0	0	0	0	0	0	0	0	0	0	0	0	0	0	0	0	0	0	0	0	0	0	0	0	
1	1	1	738	22.14		300	0	0	-0.0369	-0.0369	0.0607383	0	0	0	-1460.53	-1460.53	1.61537e-06	0	0	0	45.6496	39.3705	0	6.27916		300	0.999968	-0.0228219	-0.0228219	0.0456439	0	0	0	0.999968	0	-0.418	-118.594	0	24.0078	24.0078	6.21725e-15	6.27	0	0	0	0	0	0	0	0	0	0	0	0	0	0	0	0	0	0	0	0	0	0	0	0	0	0	0	0	0	0	0	0	0	
1	1	1	739	22.17		300	0	0	-0.03695	-0.03695	0.0607919	0	0	0	-1465.72	-1465.72	1.61537e-06	0	0	0	45.7959	39.5168	0	6.27917		300	0.999968	-0.0228219	-0.0228219	0.0456439	0	0	0	0.999968	0	-0.418	-118.594	0	24.0078	24.0078	6.21725e-15	6.27	0	0	0	0	0	0	0	0	0	0	0	0	0	0	0	0	0	0	0	0	0	0	0	0	0	0	0	0	0	0	0	0	0	
1	1	1	740	22.2		300	0	0	-0.037	-0.037	0.0608456	0	0	0	-1470.9	-1470.9	1.61537e-06	0	0	0	45.9428	39.6636	0	6.27917		300	0.999968	-0.0228219	-0.0228219	0.0456439	0	0	0	0.999968	0	-0.418	-118.594	0	24.0078	24.0078	6.21725e-15	6.27	0	0	0	0	0	0	0	0	0	0	0	0	0	0	0	0	0	0	0	0	0	0	0	0	0	0	0	0	0	0	0	0	0	
1	1	1	741	22.23		300	0	0	-0.03705	-0.03705	0.0608992	0	0	0	-1476.09	-1476.09	1.61537e-06	0	0	0	46.0901	39.8109	0	6.27918		300	0.999969	-0.0228219	-0.0228219	0.0456439	0	0	0	0.999969	0	-0.418	-118.594	0	24.0078	24.0078	6.21725e-15	6.27	0	0	0	0	0	0	0	0	0	0	0	0	0	0	0	0	0	0	0	0	0	0	0	0	0	0	0	0	0	0	0	0	0	
1	1	1	742	22.26		300	0	0	-0.0371	-0.0371	0.0609528	0	0	0	-1481.28	-1481.28	1.61537e-06	0	0	0	46.238	39.9588	0	6.27919		300	0.999969	-0.022822	-0.022822	0.0456439	0	0	0	0.999969	0	-0.418	-118.594	0	24.0078	24.0078	6.21725e-15	6.27	0	0	0	0	0	0	0	0	0	0	0	0	0	0	0	0	0	0	0	0	0	0	0	0	0	0	0	0	0	0	0	0	0	
1	1	1	743	22.29		300	0	0	-0.03715	-0.03715	0.0610064	0	0	0	-1486.46	-1486.46	1.61537e-06	0	0	0	46.3864	40.1072	0	6.2792		300	0.999969	-0.022822	-0.022822	0.0456439	0	0	0	0.999969	0	-0.418	-118.594	0	24.0078	24.0078	6.21725e-15	6.27	0	0	0	0	0	0	0	0	0	0	0	0	0	0	0	0	0	0	0	0	0	0	0	0	0	0	0	0	0	0	0	0	0	
1	1	1	744	22.32		300	0	0	-0.0372	-0.0372	0.06106	0	0	0	-1491.65	-1491.65	1.61537e-06	0	0	0	46.5353	40.2561	0	6.27921		300	0.999969	-0.022822	-0.022822	0.0456439	0	0	0	0.999969	0	-0.418	-118.594	0	24.0078	24.0078	6.21725e-15	6.27	0	0	0	0	0	0	0	0	0	0	0	0	0	0	0	0	0	0	0	0	0	0	0	0	0	0	0	0	0	0	0	0	0	
1	1	1	745	22.35		300	0	0	-0.03725	-0.03725	0.0611136	0	0	0	-1496.84	-1496.84	1.61537e-06	0	0	0	46.6847	40.4055	0	6.27922		300	0.999969	-0.022822	-0.022822	0.0456439	0	0	0	0.999969	0	-0.418	-118.594	0	24.0078	24.0078	6.21725e-15	6.27	0	0	0	0	0	0	0	0	0	0	0	0	0	0	0	0	0	0	0	0	0	0	0	0	0	0	0	0	0	0	0	0	0	
1	1	1	746	22.38		300	0	0	-0.0373	-0.0373	0.0611672	0	0	0	-1502.02	-1502.02	1.61537e-06	0	0	0	46.8346	40.5554	0	6.27923		300	0.99997	-0.022822	-0.022822	0.0456439	0	0	0	0.99997	0	-0.418	-118.594	0	24.0078	24.0078	6.21725e-15	6.27	0	0	0	0	0	0	0	0	0	0	0	0	0	0	0	0	0	0	0	0	0	0	0	0	0	0	0	0	0	0	0	0	0	
1	1	1	747	22.41		300	0	0	-0.03735	-0.03735	0.0612209	0	0	0	-1507.21	-1507.21	1.61537e-06	0	0	0	46.9851	40.7059	0	6.27923		300	0.99997	-0.022822	-0.022822	0.045644	0	0	0	0.99997	0	-0.418	-118.594	0	24.0078	24.0078	6.21725e-15	6.27	0	0	0	0	0	0	0	0	0	0	0	0	0	0	0	0	0	0	0	0	0	0	0	0	0	0	0	0	0	0	0	0	0	
1	1	1	748	22.44		300	0	0	-0.0374	-0.0374	0.0612745	0	0	0	-1512.4	-1512.4	1.61537e-06	0	0	0	47.1361	40.8568	0	6.27924		300	0.99997	-0.022822	-0.022822	0.045644	0	0	0	0.99997	0	-0.418	-118.594	0	24.0078	24.0078	6.21725e-15	6.27	0	0	0	0	0	0	0	0	0	0	0	0	0	0	0	0	0	0	0	0	0	0	0	0	0	0	0	0	0	0	0	0	0	
1	1	1	749	22.47		300	0	0	-0.03745	-0.03745	0.0613281	0	0	0	-1517.58	-1517.58	1.61537e-06	0	0	0	47.2876	41.0083	0	6.27925		300	0.99997	-0.022822	-0.022822	0.045644	0	0	0	0.99997	0	-0.418	-118.594	0	24.0078	24.0078	6.21725e-15	6.27	0	0	0	0	0	0	0	0	0	0	0	0	0	0	0	0	0	0	0	0	0	0	0	0	0	0	0	0	0	0	0	0	0	
1	1	1	750	22.5		300	0	0	-0.0375	-0.0375	0.0613817	0	0	0	-1522.77	-1522.77	1.61537e-06	0	0	0	47.4396	41.1603	0	6.27926		300	0.999971	-0.022822	-0.022822	0.045644	0	0	0	0.999971	0	-0.418	-118.594	0	24.0078	24.0078	6.21725e-15	6.27	0	0	0	0	0	0	0	0	0	0	0	0	0	0	0	0	0	0	0	0	0	0	0	0	0	0	0	0	0	0	0	0	0	
1	1	1	751	22.53		300	0	0	-0.03755	-0.03755	0.0614353	0	0	0	-1527.96	-1527.96	1.61537e-06	0	0	0	47.5921	41.3129	0	6.27927		300	0.999971	-0.022822	-0.022822	0.045644	0	0	0	0.999971	0	-0.418	-118.594	0	24.0078	24.0078	6.21725e-15	6.27	0	0	0	0	0	0	0	0	0	0	0	0	0	0	0	0	0	0	0	0	0	0	0	0	0	0	0	0	0	0	0	0	0	
1	1	1	752	22.56		300	0	0	-0.0376	-0.0376	0.0614889	0	0	0	-1533.14	-1533.14	1.61537e-06	0	0	0	47.7452	41.4659	0	6.27928		300	0.999971	-0.022822	-0.022822	0.045644	0	0	0	0.999971	0	-0.418	-118.594	0	24.0078	24.0078	6.21725e-15	6.27	0	0	0	0	0	0	0	0	0	0	0	0	0	0	0	0	0	0	0	0	0	0	0	0	0	0	0	0	0	0	0	0	0	
1	1	1	753	22.59		300	0	0	-0.03765	-0.03765	0.0615425	0	0	0	-1538.33	-1538.33	1.61537e-06	0	0	0	47.8988	41.6195	0	6.27928		300	0.999971	-0.022822	-0.022822	0.045644	0	0	0	0.999971	0	-0.418	-118.594	0	24.0078	24.0078	6.21725e-15	6.27	0	0	0	0	0	0	0	0	0	0	0	0	0	0	0	0	0	0	0	0	0	0	0	0	0	0	0	0	0	0	0	0	0	
1	1	1	754	22.62		300	0	0	-0.0377	-0.0377	0.0615962	0	0	0	-1543.52	-1543.52	1.61537e-06	0	0	0	48.0529	41.7736	0	6.27929		300	0.999971	-0.022822	-0.022822	0.045644	0	0	0	0.999971	0	-0.418	-118.594	0	24.0078	24.0078	6.21725e-15	6.27	0	0	0	0	0	0	0	0	0	0	0	0	0	0	0	0	0	0	0	0	0	0	0	0	0	0	0	0	0	0	0	0	0	
1	1	1	755	22.65		300	0	0	-0.03775	-0.03775	0.0616498	0	0	0	-1548.7	-1548.7	1.61537e-06	0	0	0	48.2075	41.9282	0	6.2793		300	0.999972	-0.022822	-0.022822	0.045644	0	0	0	0.999972	0	-0.418	-118.594	0	24.0078	24.0078	6.21725e-15	6.27	0	0	0	0	0	0	0	0	0	0	0	0	0	0	0	0	0	0	0	0	0	0	0	0	0	0	0	0	0	0	0	0	0	
1	1	1	756	22.68		300	0	0	-0.0378	-0.0378	0.0617034	0	0	0	-1553.89	-1553.89	1.61537e-06	0	0	0	48.3626	42.0833	0	6.27931		300	0.999972	-0.022822	-0.022822	0.045644	0	0	0	0.999972	0	-0.418	-118.594	0	24.0078	24.0078	6.21725e-15	6.27	0	0	0	0	0	0	0	0	0	0	0	0	0	0	0	0	0	0	0	0	0	0	0	0	0	0	0	0	0	0	0	0	0	
1	1	1	757	22.71		300	0	0	-0.03785	-0.03785	0.061757	0	0	0	-1559.08	-1559.08	1.61537e-06	0	0	0	48.5182	42.2389	0	6.27932		300	0.999972	-0.022822	-0.022822	0.0456441	0	0	0	0.999972	0	-0.418	-118.594	0	24.0078	24.0078	6.21725e-15	6.27	0	0	0	0	0	0	0	0	0	0	0	0	0	0	0	0	0	0	0	0	0	0	0	0	0	0	0	0	0	0	0	0	0	
1	1	1	758	22.74		300	0	0	-0.0379	-0.0379	0.0618106	0	0	0	-1564.26	-1564.26	1.61537e-06	0	0	0	48.6744	42.3951	0	6.27932		300	0.999972	-0.022822	-0.022822	0.0456441	0	0	0	0.999972	0	-0.418	-118.594	0	24.0078	24.0078	6.21725e-15	6.27	0	0	0	0	0	0	0	0	0	0	0	0	0	0	0	0	0	0	0	0	0	0	0	0	0	0	0	0	0	0	0	0	0	
1	1	1	759	22.77		300	0	0	-0.03795	-0.03795	0.0618642	0	0	0	-1569.45	-1569.45	1.61537e-06	0	0	0	48.8311	42.5518	0	6.27933		300	0.999972	-0.022822	-0.022822	0.0456441	0	0	0	0.999972	0	-0.418	-118.594	0	24.0078	24.0078	6.21725e-15	6.27	0	0	0	0	0	0	0	0	0	0	0	0	0	0	0	0	0	0	0	0	0	0	0	0	0	0	0	0	0	0	0	0	0	
1	1	1	760	22.8		300	0	0	-0.038	-0.038	0.0619178	0	0	0	-1574.64	-1574.64	1.61537e-06	0	0	0	48.9883	42.709	0	6.27934		300	0.999972	-0.022822	-0.022822	0.0456441	0	0	0	0.999972	0	-0.418	-118.594	0	24.0078	24.0078	6.21725e-15	6.27	0	0	0	0	0	0	0	0	0	0	0	0	0	0	0	0	0	0	0	0	0	0	0	0	0	0	0	0	0	0	0	0	0	
1	1	1	761	22.83		300	0	0	-0.03805	-0.03805	0.0619714	0	0	0	-1579.82	-1579.82	1.61537e-06	0	0	0	49.146	42.8667	0	6.27935		300	0.999973	-0.022822	-0.022822	0.0456441	0	0	0	0.999973	0	-0.418	-118.594	0	24.0078	24.0078	6.21725e-15	6.27	0	0	0	0	0	0	0	0	0	0	0	0	0	0	0	0	0	0	0	0	0	0	0	0	0	0	0	0	0	0	0	0	0	
1	1	1	762	22.86		300	0	0	-0.0381	-0.0381	0.0620251	0	0	0	-1585.01	-1585.01	1.61537e-06	0	0	0	49.3043	43.0249	0	6.27935		300	0.999973	-0.022822	-0.022822	0.0456441	0	0	0	0.999973	0	-0.418	-118.594	0	24.0078	24.0078	6.21725e-15	6.27	0	0	0	0	0	0	0	0	0	0	0	0	0	0	0	0	0	0	0	0	0	0	0	0	0	0	0	0	0	0	0	0	0	
1	1	1	763	22.89		300	0	0	-0.03815	-0.03815	0.0620787	0	0	0	-1590.2	-1590.2	1.61537e-06	0	0	0	49.463	43.1837	0	6.27936		300	0.999973	-0.022822	-0.022822	0.0456441	0	0	0	0.999973	0	-0.418	-118.594	0	24.0078	24.0078	6.21725e-15	6.27	0	0	0	0	0	0	0	0	0	0	0	0	0	0	0	0	0	0	0	0	0	0	0	0	0	0	0	0	0	0	0	0	0	
1	1	1	764	22.92		300	0	0	-0.0382	-0.0382	0.0621323	0	0	0	-1595.39	-1595.39	1.61537e-06	0	0	0	49.6223	43.3429	0	6.27937		300	0.999973	-0.0228221	-0.0228221	0.0456441	0	0	0	0.999973	0	-0.418	-118.594	0	24.0078	24.0078	6.21725e-15	6.27	0	0	0	0	0	0	0	0	0	0	0	0	0	0	0	0	0	0	0	0	0	0	0	0	0	0	0	0	0	0	0	0	0	
1	1	1	765	22.95		300	0	0	-0.03825	-0.03825	0.0621859	0	0	0	-1600.57	-1600.57	1.61537e-06	0	0	0	49.7821	43.5027	0	6.27938		300	0.999973	-0.0228221	-0.0228221	0.0456441	0	0	0	0.999973	0	-0.418	-118.594	0	24.0078	24.0078	6.21725e-15	6.27	0	0	0	0	0	0	0	0	0	0	0	0	0	0	0	0	0	0	0	0	0	0	0	0	0	0	0	0	0	0	0	0	0	
1	1	1	766	22.98		300	0	0	-0.0383	-0.0383	0.0622395	0	0	0	-1605.76	-1605.76	1.61537e-06	0	0	0	49.9424	43.663	0	6.27938		300	0.999973	-0.0228221	-0.0228221	0.0456441	0	0	0	0.999973	0	-0.418	-118.594	0	24.0078	24.0078	6.21725e-15	6.27	0	0	0	0	0	0	0	0	0	0	0	0	0	0	0	0	0	0	0	0	0	0	0	0	0	0	0	0	0	0	0	0	0	
1	1	1	767	23.01		300	0	0	-0.03835	-0.03835	0.0622931	0	0	0	-1610.95	-1610.95	1.61537e-06	0	0	0	50.1033	43.8239	0	6.27939		300	0.999974	-0.0228221	-0.0228221	0.0456441	0	0	0	0.999974	0	-0.418	-118.594	0	24.0078	24.0078	6.21725e-15	6.27	0	0	0	0	0	0	0	0	0	0	0	0	0	0	0	0	0	0	0	0	0	0	0	0	0	0	0	0	0	0	0	0	0	
1	1	1	768	23.04		300	0	0	-0.0384	-0.0384	0.0623467	0	0	0	-1616.13	-1616.13	1.61537e-06	0	0	0	50.2646	43.9852	0	6.2794		300	0.999974	-0.0228221	-0.0228221	0.0456441	0	0	0	0.999974	0	-0.418	-118.594	0	24.0078	24.0078	6.21725e-15	6.27	0	0	0	0	0	0	0	0	0	0	0	0	0	0	0	0	0	0	0	0	0	0	0	0	0	0	0	0	0	0	0	0	0	
1	1	1	769	23.07		300	0	0	-0.03845	-0.03845	0.0624004	0	0	0	-1621.32	-1621.32	1.61537e-06	0	0	0	50.4265	44.1471	0	6.2794		300	0.999974	-0.0228221	-0.0228221	0.0456441	0	0	0	0.999974	0	-0.418	-118.594	0	24.0078	24.0078	6.21725e-15	6.27	0	0	0	0	0	0	0	0	0	0	0	0	0	0	0	0	0	0	0	0	0	0	0	0	0	0	0	0	0	0	0	0	0	
1	1	1	770	23.1		300	0	0	-0.0385	-0.0385	0.062454	0	0	0	-1626.51	-1626.51	1.61537e-06	0	0	0	50.5889	44.3095	0	6.27941		300	0.999974	-0.0228221	-0.0228221	0.0456442	0	0	0	0.999974	0	-0.418	-118.594	0	24.0078	24.0078	6.21725e-15	6.27	0	0	0	0	0	0	0	0	0	0	0	0	0	0	0	0	0	0	0	0	0	0	0	0	0	0	0	0	0	0	0	0	0	
1	1	1	771	23.13		300	0	0	-0.03855	-0.03855	0.0625076	0	0	0	-1631.69	-1631.69	1.61537e-06	0	0	0	50.7518	44.4724	0	6.27942		300	0.999974	-0.0228221	-0.0228221	0.0456442	0	0	0	0.999974	0	-0.418	-118.594	0	24.0078	24.0078	6.21725e-15	6.27	0	0	0	0	0	0	0	0	0	0	0	0	0	0	0	0	0	0	0	0	0	0	0	0	0	0	0	0	0	0	0	0	0	
1	1	1	772	23.16		300	0	0	-0.0386	-0.0386	0.0625612	0	0	0	-1636.88	-1636.88	1.61537e-06	0	0	0	50.9152	44.6358	0	6.27943		300	0.999974	-0.0228221	-0.0228221	0.0456442	0	0	0	0.999974	0	-0.418	-118.594	0	24.0078	24.0078	6.21725e-15	6.27	0	0	0	0	0	0	0	0	0	0	0	0	0	0	0	0	0	0	0	0	0	0	0	0	0	0	0	0	0	0	0	0	0	
1	1	1	773	23.19		300	0	0	-0.03865	-0.03865	0.0626148	0	0	0	-1642.07	-1642.07	1.61537e-06	0	0	0	51.0792	44.7997	0	6.27943		300	0.999975	-0.0228221	-0.0228221	0.0456442	0	0	0	0.999975	0	-0.418	-118.594	0	24.0078	24.0078	6.21725e-15	6.27	0	0	0	0	0	0	0	0	0	0	0	0	0	0	0	0	0	0	0	0	0	0	0	0	0	0	0	0	0	0	0	0	0	
1	1	1	774	23.22		300	0	0	-0.0387	-0.0387	0.0626684	0	0	0	-1647.25	-1647.25	1.61537e-06	0	0	0	51.2436	44.9642	0	6.27944		300	0.999975	-0.0228221	-0.0228221	0.0456442	0	0	0	0.999975	0	-0.418	-118.594	0	24.0078	24.0078	6.21725e-15	6.27	0	0	0	0	0	0	0	0	0	0	0	0	0	0	0	0	0	0	0	0	0	0	0	0	0	0	0	0	0	0	0	0	0	
1	1	1	775	23.25		300	0	0	-0.03875	-0.03875	0.062722	0	0	0	-1652.44	-1652.44	1.61537e-06	0	0	0	51.4086	45.1292	0	6.27945		300	0.999975	-0.0228221	-0.0228221	0.0456442	0	0	0	0.999975	0	-0.418	-118.594	0	24.0078	24.0078	6.21725e-15	6.27	0	0	0	0	0	0	0	0	0	0	0	0	0	0	0	0	0	0	0	0	0	0	0	0	0	0	0	0	0	0	0	0	0	
1	1	1	776	23.28		300	0	0	-0.0388	-0.0388	0.0627756	0	0	0	-1657.63	-1657.63	1.61537e-06	0	0	0	51.5741	45.2947	0	6.27945		300	0.999975	-0.0228221	-0.0228221	0.0456442	0	0	0	0.999975	0	-0.418	-118.594	0	24.0078	24.0078	6.21725e-15	6.27	0	0	0	0	0	0	0	0	0	0	0	0	0	0	0	0	0	0	0	0	0	0	0	0	0	0	0	0	0	0	0	0	0	
1	1	1	777	23.31		300	0	0	-0.03885	-0.03885	0.0628293	0	0	0	-1662.81	-1662.81	1.61537e-06	0	0	0	51.7401	45.4607	0	6.27946		300	0.999975	-0.0228221	-0.0228221	0.0456442	0	0	0	0.999975	0	-0.418	-118.594	0	24.0078	24.0078	6.21725e-15	6.27	0	0	0	0	0	0	0	0	0	0	0	0	0	0	0	0	0	0	0	0	0	0	0	0	0	0	0	0	0	0	0	0	0	
1	1	1	778	23.34		300	0	0	-0.0389	-0.0389	0.0628829	0	0	0	-1668	-1668	1.61537e-06	0	0	0	51.9067	45.6272	0	6.27947		300	0.999975	-0.0228221	-0.0228221	0.0456442	0	0	0	0.999975	0	-0.418	-118.594	0	24.0078	24.0078	6.21725e-15	6.27	0	0	0	0	0	0	0	0	0	0	0	0	0	0	0	0	0	0	0	0	0	0	0	0	0	0	0	0	0	0	0	0	0	
1	1	1	779	23.37		300	0	0	-0.03895	-0.03895	0.0629365	0	0	0	-1673.19	-1673.19	1.61537e-06	0	0	0	52.0737	45.7943	0	6.27947		300	0.999975	-0.0228221	-0.0228221	0.0456442	0	0	0	0.999975	0	-0.418	-118.594	0	24.0078	24.0078	6.21725e-15	6.27	0	0	0	0	0	0	0	0	0	0	0	0	0	0	0	0	0	0	0	0	0	0	0	0	0	0	0	0	0	0	0	0	0	
1	1	1	780	23.4		300	0	0	-0.039	-0.039	0.0629901	0	0	0	-1678.38	-1678.38	1.61537e-06	0	0	0	52.2413	45.9618	0	6.27948		300	0.999976	-0.0228221	-0.0228221	0.0456442	0	0	0	0.999976	0	-0.418	-118.594	0	24.0078	24.0078	6.21725e-15	6.27	0	0	0	0	0	0	0	0	0	0	0	0	0	0	0	0	0	0	0	0	0	0	0	0	0	0	0	0	0	0	0	0	0	
1	1	1	781	23.43		300	0	0	-0.03905	-0.03905	0.0630437	0	0	0	-1683.56	-1683.56	1.61537e-06	0	0	0	52.4094	46.1299	0	6.27949		300	0.999976	-0.0228221	-0.0228221	0.0456442	0	0	0	0.999976	0	-0.418	-118.594	0	24.0078	24.0078	6.21725e-15	6.27	0	0	0	0	0	0	0	0	0	0	0	0	0	0	0	0	0	0	0	0	0	0	0	0	0	0	0	0	0	0	0	0	0	
1	1	1	782	23.46		300	0	0	-0.0391	-0.0391	0.0630973	0	0	0	-1688.75	-1688.75	1.61537e-06	0	0	0	52.578	46.2985	0	6.27949		300	0.999976	-0.0228221	-0.0228221	0.0456442	0	0	0	0.999976	0	-0.418	-118.594	0	24.0078	24.0078	6.21725e-15	6.27	0	0	0	0	0	0	0	0	0	0	0	0	0	0	0	0	0	0	0	0	0	0	0	0	0	0	0	0	0	0	0	0	0	
1	1	1	783	23.49		300	0	0	-0.03915	-0.03915	0.0631509	0	0	0	-1693.94	-1693.94	1.61537e-06	0	0	0	52.7472	46.4677	0	6.2795		300	0.999976	-0.0228221	-0.0228221	0.0456442	0	0	0	0.999976	0	-0.418	-118.594	0	24.0078	24.0078	6.21725e-15	6.27	0	0	0	0	0	0	0	0	0	0	0	0	0	0	0	0	0	0	0	0	0	0	0	0	0	0	0	0	0	0	0	0	0	
1	1	1	784	23.52		300	0	0	-0.0392	-0.0392	0.0632045	0	0	0	-1699.12	-1699.12	1.61537e-06	0	0	0	52.9168	46.6373	0	6.27951		300	0.999976	-0.0228221	-0.0228221	0.0456442	0	0	0	0.999976	0	-0.418	-118.594	0	24.0078	24.0078	6.21725e-15	6.27	0	0	0	0	0	0	0	0	0	0	0	0	0	0	0	0	0	0	0	0	0	0	0	0	0	0	0	0	0	0	0	0	0	
1	1	1	785	23.55		300	0	0	-0.03925	-0.03925	0.0632582	0	0	0	-1704.31	-1704.31	1.61537e-06	0	0	0	53.087	46.8075	0	6.27951		300	0.999976	-0.0228221	-0.0228221	0.0456443	0	0	0	0.999976	0	-0.418	-118.594	0	24.0078	24.0078	6.21725e-15	6.27	0	0	0	0	0	0	0	0	0	0	0	0	0	0	0	0	0	0	0	0	0	0	0	0	0	0	0	0	0	0	0	0	0	
1	1	1	786	23.58		300	0	0	-0.0393	-0.0393	0.0633118	0	0	0	-1709.5	-1709.5	1.61537e-06	0	0	0	53.2577	46.9782	0	6.27952		300	0.999976	-0.0228221	-0.0228221	0.0456443	0	0	0	0.999976	0	-0.418	-118.594	0	24.0078	24.0078	6.21725e-15	6.27	0	0	0	0	0	0	0	0	0	0	0	0	0	0	0	0	0	0	0	0	0	0	0	0	0	0	0	0	0	0	0	0	0	
1	1	1	787	23.61		300	0	0	-0.03935	-0.03935	0.0633654	0	0	0	-1714.68	-1714.68	1.61537e-06	0	0	0	53.4289	47.1494	0	6.27953		300	0.999977	-0.0228221	-0.0228221	0.0456443	0	0	0	0.999977	0	-0.418	-118.594	0	24.0078	24.0078	6.21725e-15	6.27	0	0	0	0	0	0	0	0	0	0	0	0	0	0	0	0	0	0	0	0	0	0	0	0	0	0	0	0	0	0	0	0	0	
1	1	1	788	23.64		300	0	0	-0.0394	-0.0394	0.063419	0	0	0	-1719.87	-1719.87	1.61537e-06	0	0	0	53.6006	47.3211	0	6.27953		300	0.999977	-0.0228221	-0.0228221	0.0456443	0	0	0	0.999977	0	-0.418	-118.594	0	24.0078	24.0078	6.21725e-15	6.27	0	0	0	0	0	0	0	0	0	0	0	0	0	0	0	0	0	0	0	0	0	0	0	0	0	0	0	0	0	0	0	0	0	
1	1	1	789	23.67		300	0	0	-0.03945	-0.03945	0.0634726	0	0	0	-1725.06	-1725.06	1.61537e-06	0	0	0	53.7729	47.4933	0	6.27954		300	0.999977	-0.0228221	-0.0228221	0.0456443	0	0	0	0.999977	0	-0.418	-118.594	0	24.0078	24.0078	6.21725e-15	6.27	0	0	0	0	0	0	0	0	0	0	0	0	0	0	0	0	0	0	0	0	0	0	0	0	0	0	0	0	0	0	0	0	0	
1	1	1	790	23.7		300	0	0	-0.0395	-0.0395	0.0635262	0	0	0	-1730.24	-1730.24	1.61537e-06	0	0	0	53.9456	47.6661	0	6.27954		300	0.999977	-0.0228221	-0.0228221	0.0456443	0	0	0	0.999977	0	-0.418	-118.594	0	24.0078	24.0078	6.21725e-15	6.27	0	0	0	0	0	0	0	0	0	0	0	0	0	0	0	0	0	0	0	0	0	0	0	0	0	0	0	0	0	0	0	0	0	
1	1	1	791	23.73		300	0	0	-0.03955	-0.03955	0.0635798	0	0	0	-1735.43	-1735.43	1.61537e-06	0	0	0	54.1189	47.8394	0	6.27955		300	0.999977	-0.0228221	-0.0228221	0.0456443	0	0	0	0.999977	0	-0.418	-118.594	0	24.0078	24.0078	6.21725e-15	6.27	0	0	0	0	0	0	0	0	0	0	0	0	0	0	0	0	0	0	0	0	0	0	0	0	0	0	0	0	0	0	0	0	0	
1	1	1	792	23.76		300	0	0	-0.0396	-0.0396	0.0636335	0	0	0	-1740.62	-1740.62	1.61537e-06	0	0	0	54.2927	48.0132	0	6.27956		300	0.999977	-0.0228221	-0.0228221	0.0456443	0	0	0	0.999977	0	-0.418	-118.594	0	24.0078	24.0078	6.21725e-15	6.27	0	0	0	0	0	0	0	0	0	0	0	0	0	0	0	0	0	0	0	0	0	0	0	0	0	0	0	0	0	0	0	0	0	
1	1	1	793	23.79		300	0	0	-0.03965	-0.03965	0.0636871	0	0	0	-1745.81	-1745.81	1.61536e-06	0	0	0	54.467	48.1875	0	6.27956		300	0.999977	-0.0228221	-0.0228221	0.0456443	0	0	0	0.999977	0	-0.418	-118.594	0	24.0078	24.0078	6.21725e-15	6.27	0	0	0	0	0	0	0	0	0	0	0	0	0	0	0	0	0	0	0	0	0	0	0	0	0	0	0	0	0	0	0	0	0	
1	1	1	794	23.82		300	0	0	-0.0397	-0.0397	0.0637407	0	0	0	-1750.99	-1750.99	1.61537e-06	0	0	0	54.6419	48.3623	0	6.27957		300	0.999977	-0.0228222	-0.0228222	0.0456443	0	0	0	0.999977	0	-0.418	-118.594	0	24.0078	24.0078	6.21725e-15	6.27	0	0	0	0	0	0	0	0	0	0	0	0	0	0	0	0	0	0	0	0	0	0	0	0	0	0	0	0	0	0	0	0	0	
1	1	1	795	23.85		300	0	0	-0.03975	-0.03975	0.0637943	0	0	0	-1756.18	-1756.18	1.61536e-06	0	0	0	54.8172	48.5377	0	6.27957		300	0.999978	-0.0228222	-0.0228222	0.0456443	0	0	0	0.999978	0	-0.418	-118.594	0	24.0078	24.0078	6.21725e-15	6.27	0	0	0	0	0	0	0	0	0	0	0	0	0	0	0	0	0	0	0	0	0	0	0	0	0	0	0	0	0	0	0	0	0	
1	1	1	796	23.88		300	0	0	-0.0398	-0.0398	0.0638479	0	0	0	-1761.37	-1761.37	1.61537e-06	0	0	0	54.9931	48.7135	0	6.27958		300	0.999978	-0.0228222	-0.0228222	0.0456443	0	0	0	0.999978	0	-0.418	-118.594	0	24.0078	24.0078	6.21725e-15	6.27	0	0	0	0	0	0	0	0	0	0	0	0	0	0	0	0	0	0	0	0	0	0	0	0	0	0	0	0	0	0	0	0	0	
1	1	1	797	23.91		300	0	0	-0.03985	-0.03985	0.0639015	0	0	0	-1766.55	-1766.55	1.61537e-06	0	0	0	55.1695	48.8899	0	6.27959		300	0.999978	-0.0228222	-0.0228222	0.0456443	0	0	0	0.999978	0	-0.418	-118.594	0	24.0078	24.0078	6.21725e-15	6.27	0	0	0	0	0	0	0	0	0	0	0	0	0	0	0	0	0	0	0	0	0	0	0	0	0	0	0	0	0	0	0	0	0	
1	1	1	798	23.94		300	0	0	-0.0399	-0.0399	0.0639551	0	0	0	-1771.74	-1771.74	1.61537e-06	0	0	0	55.3464	49.0668	0	6.27959		300	0.999978	-0.0228222	-0.0228222	0.0456443	0	0	0	0.999978	0	-0.418	-118.594	0	24.0078	24.0078	6.21725e-15	6.27	0	0	0	0	0	0	0	0	0	0	0	0	0	0	0	0	0	0	0	0	0	0	0	0	0	0	0	0	0	0	0	0	0	
1	1	1	799	23.97		300	0	0	-0.03995	-0.03995	0.0640087	0	0	0	-1776.93	-1776.93	1.61536e-06	0	0	0	55.5239	49.2443	0	6.2796		300	0.999978	-0.0228222	-0.0228222	0.0456443	0	0	0	0.999978	0	-0.418	-118.594	0	24.0078	24.0078	6.21725e-15	6.27	0	0	0	0	0	0	0	0	0	0	0	0	0	0	0	0	0	0	0	0	0	0	0	0	0	0	0	0	0	0	0	0	0	
1	1	1	800	24		300	0	0	-0.04	-0.04	0.0640623	0	0	0	-1782.11	-1782.11	1.61537e-06	0	0	0	55.7018	49.4222	0	6.2796		300	0.999978	-0.0228222	-0.0228222	0.0456443	0	0	0	0.999978	0	-0.418	-118.594	0	24.0078	24.0078	6.21725e-15	6.27	0	0	0	0	0	0	0	0	0	0	0	0	0	0	0	0	0	0	0	0	0	0	0	0	0	0	0	0	0	0	0	0	0	
1	1	1	801	24.03		300	0	0	-0.04005	-0.04005	0.064116	0	0	0	-1787.3	-1787.3	1.61536e-06	0	0	0	55.8803	49.6007	0	6.27961		300	0.999978	-0.0228222	-0.0228222	0.0456443	0	0	0	0.999978	0	-0.418	-118.594	0	24.0078	24.0078	6.21725e-15	6.27	0	0	0	0	0	0	0	0	0	0	0	0	0	0	0	0	0	0	0	0	0	0	0	0	0	0	0	0	0	0	0	0	0	
1	1	1	802	24.06		300	0	0	-0.0401	-0.0401	0.0641696	0	0	0	-1792.49	-1792.49	1.61536e-06	0	0	0	56.0593	49.7797	0	6.27962		300	0.999978	-0.0228222	-0.0228222	0.0456443	0	0	0	0.999978	0	-0.418	-118.594	0	24.0078	24.0078	6.21725e-15	6.27	0	0	0	0	0	0	0	0	0	0	0	0	0	0	0	0	0	0	0	0	0	0	0	0	0	0	0	0	0	0	0	0	0	
1	1	1	803	24.09		300	0	0	-0.04015	-0.04015	0.0642232	0	0	0	-1797.68	-1797.68	1.61537e-06	0	0	0	56.2388	49.9592	0	6.27962		300	0.999978	-0.0228222	-0.0228222	0.0456443	0	0	0	0.999978	0	-0.418	-118.594	0	24.0078	24.0078	6.21725e-15	6.27	0	0	0	0	0	0	0	0	0	0	0	0	0	0	0	0	0	0	0	0	0	0	0	0	0	0	0	0	0	0	0	0	0	
1	1	1	804	24.12		300	0	0	-0.0402	-0.0402	0.0642768	0	0	0	-1802.86	-1802.86	1.61537e-06	0	0	0	56.4188	50.1392	0	6.27963		300	0.999979	-0.0228222	-0.0228222	0.0456444	0	0	0	0.999979	0	-0.418	-118.594	0	24.0078	24.0078	6.21725e-15	6.27	0	0	0	0	0	0	0	0	0	0	0	0	0	0	0	0	0	0	0	0	0	0	0	0	0	0	0	0	0	0	0	0	0	
1	1	1	805	24.15		300	0	0	-0.04025	-0.04025	0.0643304	0	0	0	-1808.05	-1808.05	1.61536e-06	0	0	0	56.5993	50.3197	0	6.27963		300	0.999979	-0.0228222	-0.0228222	0.0456444	0	0	0	0.999979	0	-0.418	-118.594	0	24.0078	24.0078	6.21725e-15	6.27	0	0	0	0	0	0	0	0	0	0	0	0	0	0	0	0	0	0	0	0	0	0	0	0	0	0	0	0	0	0	0	0	0	
1	1	1	806	24.18		300	0	0	-0.0403	-0.0403	0.064384	0	0	0	-1813.24	-1813.24	1.61537e-06	0	0	0	56.7804	50.5008	0	6.27964		300	0.999979	-0.0228222	-0.0228222	0.0456444	0	0	0	0.999979	0	-0.418	-118.594	0	24.0078	24.0078	6.21725e-15	6.27	0	0	0	0	0	0	0	0	0	0	0	0	0	0	0	0	0	0	0	0	0	0	0	0	0	0	0	0	0	0	0	0	0	
1	1	1	807	24.21		300	0	0	-0.04035	-0.04035	0.0644376	0	0	0	-1818.42	-1818.42	1.61537e-06	0	0	0	56.962	50.6823	0	6.27964		300	0.999979	-0.0228222	-0.0228222	0.0456444	0	0	0	0.999979	0	-0.418	-118.594	0	24.0078	24.0078	6.21725e-15	6.27	0	0	0	0	0	0	0	0	0	0	0	0	0	0	0	0	0	0	0	0	0	0	0	0	0	0	0	0	0	0	0	0	0	
1	1	1	808	24.24		300	0	0	-0.0404	-0.0404	0.0644912	0	0	0	-1823.61	-1823.61	1.61537e-06	0	0	0	57.1441	50.8644	0	6.27965		300	0.999979	-0.0228222	-0.0228222	0.0456444	0	0	0	0.999979	0	-0.418	-118.594	0	24.0078	24.0078	6.21725e-15	6.27	0	0	0	0	0	0	0	0	0	0	0	0	0	0	0	0	0	0	0	0	0	0	0	0	0	0	0	0	0	0	0	0	0	
1	1	1	809	24.27		300	0	0	-0.04045	-0.04045	0.0645449	0	0	0	-1828.8	-1828.8	1.61537e-06	0	0	0	57.3267	51.0471	0	6.27966		300	0.999979	-0.0228222	-0.0228222	0.0456444	0	0	0	0.999979	0	-0.418	-118.594	0	24.0078	24.0078	6.21725e-15	6.27	0	0	0	0	0	0	0	0	0	0	0	0	0	0	0	0	0	0	0	0	0	0	0	0	0	0	0	0	0	0	0	0	0	
1	1	1	810	24.3		300	0	0	-0.0405	-0.0405	0.0645985	0	0	0	-1833.98	-1833.98	1.61537e-06	0	0	0	57.5099	51.2302	0	6.27966		300	0.999979	-0.0228222	-0.0228222	0.0456444	0	0	0	0.999979	0	-0.418	-118.594	0	24.0078	24.0078	6.21725e-15	6.27	0	0	0	0	0	0	0	0	0	0	0	0	0	0	0	0	0	0	0	0	0	0	0	0	0	0	0	0	0	0	0	0	0	
1	1	1	811	24.33		300	0	0	-0.04055	-0.04055	0.0646521	0	0	0	-1839.17	-1839.17	1.61537e-06	0	0	0	57.6935	51.4138	0	6.27967		300	0.999979	-0.0228222	-0.0228222	0.0456444	0	0	0	0.999979	0	-0.418	-118.594	0	24.0078	24.0078	6.21725e-15	6.27	0	0	0	0	0	0	0	0	0	0	0	0	0	0	0	0	0	0	0	0	0	0	0	0	0	0	0	0	0	0	0	0	0	
1	1	1	812	24.36		300	0	0	-0.0406	-0.0406	0.0647057	0	0	0	-1844.36	-1844.36	1.61537e-06	0	0	0	57.8777	51.598	0	6.27967		300	0.999979	-0.0228222	-0.0228222	0.0456444	0	0	0	0.999979	0	-0.418	-118.594	0	24.0078	24.0078	6.21725e-15	6.27	0	0	0	0	0	0	0	0	0	0	0	0	0	0	0	0	0	0	0	0	0	0	0	0	0	0	0	0	0	0	0	0	0	
1	1	1	813	24.39		300	0	0	-0.04065	-0.04065	0.0647593	0	0	0	-1849.55	-1849.55	1.61537e-06	0	0	0	58.0624	51.7827	0	6.27968		300	0.999979	-0.0228222	-0.0228222	0.0456444	0	0	0	0.999979	0	-0.418	-118.594	0	24.0078	24.0078	6.21725e-15	6.27	0	0	0	0	0	0	0	0	0	0	0	0	0	0	0	0	0	0	0	0	0	0	0	0	0	0	0	0	0	0	0	0	0	
1	1	1	814	24.42		300	0	0	-0.0407	-0.0407	0.0648129	0	0	0	-1854.73	-1854.73	1.61537e-06	0	0	0	58.2476	51.9679	0	6.27968		300	0.99998	-0.0228222	-0.0228222	0.0456444	0	0	0	0.99998	0	-0.418	-118.594	0	24.0078	24.0078	6.21725e-15	6.27	0	0	0	0	0	0	0	0	0	0	0	0	0	0	0	0	0	0	0	0	0	0	0	0	0	0	0	0	0	0	0	0	0	
1	1	1	815	24.45		300	0	0	-0.04075	-0.04075	0.0648665	0	0	0	-1859.92	-1859.92	1.61537e-06	0	0	0	58.4333	52.1536	0	6.27969		300	0.99998	-0.0228222	-0.0228222	0.0456444	0	0	0	0.99998	0	-0.418	-118.594	0	24.0078	24.0078	6.21725e-15	6.27	0	0	0	0	0	0	0	0	0	0	0	0	0	0	0	0	0	0	0	0	0	0	0	0	0	0	0	0	0	0	0	0	0	
1	1	1	816	24.48		300	0	0	-0.0408	-0.0408	0.0649201	0	0	0	-1865.11	-1865.11	1.61537e-06	0	0	0	58.6196	52.3399	0	6.27969		300	0.99998	-0.0228222	-0.0228222	0.0456444	0	0	0	0.99998	0	-0.418	-118.594	0	24.0078	24.0078	6.21725e-15	6.27	0	0	0	0	0	0	0	0	0	0	0	0	0	0	0	0	0	0	0	0	0	0	0	0	0	0	0	0	0	0	0	0	0	
1	1	1	817	24.51		300	0	0	-0.04085	-0.04085	0.0649738	0	0	0	-1870.29	-1870.29	1.61537e-06	0	0	0	58.8064	52.5267	0	6.2797		300	0.99998	-0.0228222	-0.0228222	0.0456444	0	0	0	0.99998	0	-0.418	-118.594	0	24.0078	24.0078	6.21725e-15	6.27	0	0	0	0	0	0	0	0	0	0	0	0	0	0	0	0	0	0	0	0	0	0	0	0	0	0	0	0	0	0	0	0	0	
1	1	1	818	24.54		300	0	0	-0.0409	-0.0409	0.0650274	0	0	0	-1875.48	-1875.48	1.61537e-06	0	0	0	58.9936	52.7139	0	6.2797		300	0.99998	-0.0228222	-0.0228222	0.0456444	0	0	0	0.99998	0	-0.418	-118.594	0	24.0078	24.0078	6.21725e-15	6.27	0	0	0	0	0	0	0	0	0	0	0	0	0	0	0	0	0	0	0	0	0	0	0	0	0	0	0	0	0	0	0	0	0	
1	1	1	819	24.57		300	0	0	-0.04095	-0.04095	0.065081	0	0	0	-1880.67	-1880.67	1.61536e-06	0	0	0	59.1814	52.9017	0	6.27971		300	0.99998	-0.0228222	-0.0228222	0.0456444	0	0	0	0.99998	0	-0.418	-118.594	0	24.0078	24.0078	6.21725e-15	6.27	0	0	0	0	0	0	0	0	0	0	0	0	0	0	0	0	0	0	0	0	0	0	0	0	0	0	0	0	0	0	0	0	0	
1	1	1	820	24.6		300	0	0	-0.041	-0.041	0.0651346	0	0	0	-1885.85	-1885.85	2.6126e-06	0	0	0	59.3698	53.0901	0	6.27972		300	0.99998	-0.0228222	-0.0228222	0.0456444	0	0	0	0.99998	0	-0.418	-118.594	0	24.0078	24.0078	6.21725e-15	6.27	0	0	0	0	0	0	0	0	0	0	0	0	0	0	0	0	0	0	0	0	0	0	0	0	0	0	0	0	0	0	0	0	0	
1	1	1	821	24.63		300	0	0	-0.04105	-0.04105	0.0651882	0	0	0	-1891.04	-1891.04	3.59601e-06	0	0	0	59.5586	53.2789	0	6.27972		300	0.99998	-0.0228222	-0.0228222	0.0456444	0	0	0	0.99998	0	-0.418	-118.594	0	24.0078	24.0078	6.21725e-15	6.27	0	0	0	0	0	0	0	0	0	0	0	0	0	0	0	0	0	0	0	0	0	0	0	0	0	0	0	0	0	0	0	0	0	
1	1	1	822	24.66		300	0	0	-0.0411	-0.0411	0.0652418	0	0	0	-1896.23	-1896.23	4.56586e-06	0	0	0	59.748	53.4683	0	6.27973		300	0.99998	-0.0228222	-0.0228222	0.0456444	0	0	0	0.99998	0	-0.418	-118.594	0	24.0078	24.0078	6.21725e-15	6.27	0	0	0	0	0	0	0	0	0	0	0	0	0	0	0	0	0	0	0	0	0	0	0	0	0	0	0	0	0	0	0	0	0	
1	1	1	823	24.69		300	0	0	-0.04115	-0.04115	0.0652954	0	0	0	-1901.42	-1901.42	5.52239e-06	0	0	0	59.9379	53.6581	0	6.27973		300	0.99998	-0.0228222	-0.0228222	0.0456444	0	0	0	0.99998	0	-0.418	-118.594	0	24.0078	24.0078	6.21725e-15	6.27	0	0	0	0	0	0	0	0	0	0	0	0	0	0	0	0	0	0	0	0	0	0	0	0	0	0	0	0	0	0	0	0	0	
1	1	1	824	24.72		300	0	0	-0.0412	-0.0412	0.065349	0	0	0	-1906.6	-1906.6	6.46585e-06	0	0	0	60.1283	53.8485	0	6.27974		300	0.999981	-0.0228222	-0.0228222	0.0456444	0	0	0	0.999981	0	-0.418	-118.594	0	24.0078	24.0078	6.21725e-15	6.27	0	0	0	0	0	0	0	0	0	0	0	0	0	0	0	0	0	0	0	0	0	0	0	0	0	0	0	0	0	0	0	0	0	
1	1	1	825	24.75		300	0	0	-0.04125	-0.04125	0.0654026	0	0	0	-1911.79	-1911.79	7.39647e-06	0	0	0	60.3192	54.0394	0	6.27974		300	0.999981	-0.0228222	-0.0228222	0.0456444	0	0	0	0.999981	0	-0.418	-118.594	0	24.0078	24.0078	6.21725e-15	6.27	0	0	0	0	0	0	0	0	0	0	0	0	0	0	0	0	0	0	0	0	0	0	0	0	0	0	0	0	0	0	0	0	0	
1	1	1	826	24.78		300	0	0	-0.0413	-0.0413	0.0654563	0	0	0	-1916.98	-1916.98	8.31448e-06	0	0	0	60.5106	54.2309	0	6.27975		300	0.999981	-0.0228222	-0.0228222	0.0456445	0	0	0	0.999981	0	-0.418	-118.594	0	24.0078	24.0078	6.21725e-15	6.27	0	0	0	0	0	0	0	0	0	0	0	0	0	0	0	0	0	0	0	0	0	0	0	0	0	0	0	0	0	0	0	0	0	
1	1	1	827	24.81		300	0	0	-0.04135	-0.04135	0.0655099	0	0	0	-1922.16	-1922.16	9.22012e-06	0	0	0	60.7026	54.4228	0	6.27975		300	0.999981	-0.0228222	-0.0228222	0.0456445	0	0	0	0.999981	0	-0.418	-118.594	0	24.0078	24.0078	6.21725e-15	6.27	0	0	0	0	0	0	0	0	0	0	0	0	0	0	0	0	0	0	0	0	0	0	0	0	0	0	0	0	0	0	0	0	0	
1	1	1	828	24.84		300	0	0	-0.0414	-0.0414	0.0655635	0	0	0	-1927.35	-1927.35	1.01136e-05	0	0	0	60.8951	54.6153	0	6.27976		300	0.999981	-0.0228222	-0.0228222	0.0456445	0	0	0	0.999981	0	-0.418	-118.594	0	24.0078	24.0078	6.21725e-15	6.27	0	0	0	0	0	0	0	0	0	0	0	0	0	0	0	0	0	0	0	0	0	0	0	0	0	0	0	0	0	0	0	0	0	
1	1	1	829	24.87		300	0	0	-0.04145	-0.04145	0.0656171	0	0	0	-1932.54	-1932.54	1.09951e-05	0	0	0	61.0881	54.8083	0	6.27976		300	0.999981	-0.0228222	-0.0228222	0.0456445	0	0	0	0.999981	0	-0.418	-118.594	0	24.0078	24.0078	6.21725e-15	6.27	0	0	0	0	0	0	0	0	0	0	0	0	0	0	0	0	0	0	0	0	0	0	0	0	0	0	0	0	0	0	0	0	0	
1	1	1	830	24.9		300	0	0	-0.0415	-0.0415	0.0656707	0	0	0	-1937.72	-1937.72	1.18649e-05	0	0	0	61.2816	55.0018	0	6.27977		300	0.999981	-0.0228222	-0.0228222	0.0456445	0	0	0	0.999981	0	-0.418	-118.594	0	24.0078	24.0078	6.21725e-15	6.27	0	0	0	0	0	0	0	0	0	0	0	0	0	0	0	0	0	0	0	0	0	0	0	0	0	0	0	0	0	0	0	0	0	
1	1	1	831	24.93		300	0	0	-0.04155	-0.04155	0.0657243	0	0	0	-1942.91	-1942.91	1.27232e-05	0	0	0	61.4756	55.1958	0	6.27977		300	0.999981	-0.0228222	-0.0228222	0.0456445	0	0	0	0.999981	0	-0.418	-118.594	0	24.0078	24.0078	6.21725e-15	6.27	0	0	0	0	0	0	0	0	0	0	0	0	0	0	0	0	0	0	0	0	0	0	0	0	0	0	0	0	0	0	0	0	0	
1	1	1	832	24.96		300	0	0	-0.0416	-0.0416	0.0657779	0	0	0	-1948.1	-1948.1	1.35701e-05	0	0	0	61.6701	55.3904	0	6.27978		300	0.999981	-0.0228222	-0.0228222	0.0456445	0	0	0	0.999981	0	-0.418	-118.594	0	24.0078	24.0078	6.21725e-15	6.27	0	0	0	0	0	0	0	0	0	0	0	0	0	0	0	0	0	0	0	0	0	0	0	0	0	0	0	0	0	0	0	0	0	
1	1	1	833	24.99		300	0	0	-0.04165	-0.04165	0.0658315	0	0	0	-1953.29	-1953.29	1.4406e-05	0	0	0	61.8652	55.5854	0	6.27978		300	0.999981	-0.0228222	-0.0228222	0.0456445	0	0	0	0.999981	0	-0.418	-118.594	0	24.0078	24.0078	6.21725e-15	6.27	0	0	0	0	0	0	0	0	0	0	0	0	0	0	0	0	0	0	0	0	0	0	0	0	0	0	0	0	0	0	0	0	0	
1	1	1	834	25.02		300	0	0	-0.0417	-0.0417	0.0658852	0	0	0	-1958.47	-1958.47	1.52309e-05	0	0	0	62.0608	55.781	0	6.27979		300	0.999981	-0.0228222	-0.0228222	0.0456445	0	0	0	0.999981	0	-0.418	-118.594	0	24.0078	24.0078	6.21725e-15	6.27	0	0	0	0	0	0	0	0	0	0	0	0	0	0	0	0	0	0	0	0	0	0	0	0	0	0	0	0	0	0	0	0	0	
1	1	1	835	25.05		300	0	0	-0.04175	-0.04175	0.0659388	0	0	0	-1963.66	-1963.66	1.6045e-05	0	0	0	62.2569	55.9771	0	6.27979		300	0.999981	-0.0228222	-0.0228222	0.0456445	0	0	0	0.999981	0	-0.418	-118.594	0	24.0078	24.0078	6.21725e-15	6.27	0	0	0	0	0	0	0	0	0	0	0	0	0	0	0	0	0	0	0	0	0	0	0	0	0	0	0	0	0	0	0	0	0	
1	1	1	836	25.08		300	0	0	-0.0418	-0.0418	0.0659924	0	0	0	-1968.85	-1968.85	1.68486e-05	0	0	0	62.4535	56.1737	0	6.2798		300	0.999982	-0.0228222	-0.0228222	0.0456445	0	0	0	0.999982	0	-0.418	-118.594	0	24.0078	24.0078	6.21725e-15	6.27	0	0	0	0	0	0	0	0	0	0	0	0	0	0	0	0	0	0	0	0	0	0	0	0	0	0	0	0	0	0	0	0	0	
1	1	1	837	25.11		300	0	0	-0.04185	-0.04185	0.066046	0	0	0	-1974.03	-1974.03	1.76419e-05	0	0	0	62.6507	56.3709	0	6.2798		300	0.999982	-0.0228222	-0.0228222	0.0456445	0	0	0	0.999982	0	-0.418	-118.594	0	24.0078	24.0078	6.21725e-15	6.27	0	0	0	0	0	0	0	0	0	0	0	0	0	0	0	0	0	0	0	0	0	0	0	0	0	0	0	0	0	0	0	0	0	
1	1	1	838	25.14		300	0	0	-0.0419	-0.0419	0.0660996	0	0	0	-1979.22	-1979.22	1.84249e-05	0	0	0	62.8483	56.5685	0	6.27981		300	0.999982	-0.0228222	-0.0228222	0.0456445	0	0	0	0.999982	0	-0.418	-118.594	0	24.0078	24.0078	6.21725e-15	6.27	0	0	0	0	0	0	0	0	0	0	0	0	0	0	0	0	0	0	0	0	0	0	0	0	0	0	0	0	0	0	0	0	0	
1	1	1	839	25.17		300	0	0	-0.04195	-0.04195	0.0661532	0	0	0	-1984.41	-1984.41	1.91979e-05	0	0	0	63.0465	56.7667	0	6.27981		300	0.999982	-0.0228223	-0.0228223	0.0456445	0	0	0	0.999982	0	-0.418	-118.594	0	24.0078	24.0078	6.21725e-15	6.27	0	0	0	0	0	0	0	0	0	0	0	0	0	0	0	0	0	0	0	0	0	0	0	0	0	0	0	0	0	0	0	0	0	
1	1	1	840	25.2		300	0	0	-0.042	-0.042	0.0662068	0	0	0	-1989.6	-1989.6	1.9961e-05	0	0	0	63.2452	56.9654	0	6.27982		300	0.999982	-0.0228223	-0.0228223	0.0456445	0	0	0	0.999982	0	-0.418	-118.594	0	24.0078	24.0078	6.21725e-15	6.27	0	0	0	0	0	0	0	0	0	0	0	0	0	0	0	0	0	0	0	0	0	0	0	0	0	0	0	0	0	0	0	0	0	
1	1	1	841	25.23		300	0	0	-0.04205	-0.04205	0.0662604	0	0	0	-1994.78	-1994.78	2.07145e-05	0	0	0	63.4444	57.1646	0	6.27982		300	0.999982	-0.0228223	-0.0228223	0.0456445	0	0	0	0.999982	0	-0.418	-118.594	0	24.0078	24.0078	6.21725e-15	6.27	0	0	0	0	0	0	0	0	0	0	0	0	0	0	0	0	0	0	0	0	0	0	0	0	0	0	0	0	0	0	0	0	0	
1	1	1	842	25.26		300	0	0	-0.0421	-0.0421	0.066314	0	0	0	-1999.97	-1999.97	2.14585e-05	0	0	0	63.6442	57.3644	0	6.27983		300	0.999982	-0.0228223	-0.0228223	0.0456445	0	0	0	0.999982	0	-0.418	-118.594	0	24.0078	24.0078	6.21725e-15	6.27	0	0	0	0	0	0	0	0	0	0	0	0	0	0	0	0	0	0	0	0	0	0	0	0	0	0	0	0	0	0	0	0	0	
1	1	1	843	25.29		300	0	0	-0.04215	-0.04215	0.0663677	0	0	0	-2005.16	-2005.16	2.2193e-05	0	0	0	63.8444	57.5646	0	6.27983		300	0.999982	-0.0228223	-0.0228223	0.0456445	0	0	0	0.999982	0	-0.418	-118.594	0	24.0078	24.0078	6.21725e-15	6.27	0	0	0	0	0	0	0	0	0	0	0	0	0	0	0	0	0	0	0	0	0	0	0	0	0	0	0	0	0	0	0	0	0	
1	1	1	844	25.32		300	0	0	-0.0422	-0.0422	0.0664213	0	0	0	-2010.34	-2010.34	2.29184e-05	0	0	0	64.0452	57.7654	0	6.27983		300	0.999982	-0.0228223	-0.0228223	0.0456445	0	0	0	0.999982	0	-0.418	-118.594	0	24.0078	24.0078	6.21725e-15	6.27	0	0	0	0	0	0	0	0	0	0	0	0	0	0	0	0	0	0	0	0	0	0	0	0	0	0	0	0	0	0	0	0	0	
1	1	1	845	25.35		300	0	0	-0.04225	-0.04225	0.0664749	0	0	0	-2015.53	-2015.53	2.36347e-05	0	0	0	64.2465	57.9667	0	6.27984		300	0.999982	-0.0228223	-0.0228223	0.0456445	0	0	0	0.999982	0	-0.418	-118.594	0	24.0078	24.0078	6.21725e-15	6.27	0	0	0	0	0	0	0	0	0	0	0	0	0	0	0	0	0	0	0	0	0	0	0	0	0	0	0	0	0	0	0	0	0	
1	1	1	846	25.38		300	0	0	-0.0423	-0.0423	0.0665285	0	0	0	-2020.72	-2020.72	2.43421e-05	0	0	0	64.4483	58.1685	0	6.27984		300	0.999982	-0.0228223	-0.0228223	0.0456445	0	0	0	0.999982	0	-0.418	-118.594	0	24.0078	24.0078	6.21725e-15	6.27	0	0	0	0	0	0	0	0	0	0	0	0	0	0	0	0	0	0	0	0	0	0	0	0	0	0	0	0	0	0	0	0	0	
1	1	1	847	25.41		300	0	0	-0.04235	-0.04235	0.0665821	0	0	0	-2025.91	-2025.91	2.50408e-05	0	0	0	64.6507	58.3708	0	6.27985		300	0.999982	-0.0228223	-0.0228223	0.0456445	0	0	0	0.999982	0	-0.418	-118.594	0	24.0078	24.0078	6.21725e-15	6.27	0	0	0	0	0	0	0	0	0	0	0	0	0	0	0	0	0	0	0	0	0	0	0	0	0	0	0	0	0	0	0	0	0	
1	1	1	848	25.44		300	0	0	-0.0424	-0.0424	0.0666357	0	0	0	-2031.09	-2031.09	2.57308e-05	0	0	0	64.8535	58.5736	0	6.27985		300	0.999982	-0.0228223	-0.0228223	0.0456445	0	0	0	0.999982	0	-0.418	-118.594	0	24.0078	24.0078	6.21725e-15	6.27	0	0	0	0	0	0	0	0	0	0	0	0	0	0	0	0	0	0	0	0	0	0	0	0	0	0	0	0	0	0	0	0	0	
1	1	1	849	25.47		300	0	0	-0.04245	-0.04245	0.0666893	0	0	0	-2036.28	-2036.28	2.64124e-05	0	0	0	65.0569	58.777	0	6.27986		300	0.999983	-0.0228223	-0.0228223	0.0456445	0	0	0	0.999983	0	-0.418	-118.594	0	24.0078	24.0078	6.21725e-15	6.27	0	0	0	0	0	0	0	0	0	0	0	0	0	0	0	0	0	0	0	0	0	0	0	0	0	0	0	0	0	0	0	0	0	
1	1	1	850	25.5		300	0	0	-0.0425	-0.0425	0.0667429	0	0	0	-2041.47	-2041.47	2.70856e-05	0	0	0	65.2608	58.9809	0	6.27986		300	0.999983	-0.0228223	-0.0228223	0.0456445	0	0	0	0.999983	0	-0.418	-118.594	0	24.0078	24.0078	6.21725e-15	6.27	0	0	0	0	0	0	0	0	0	0	0	0	0	0	0	0	0	0	0	0	0	0	0	0	0	0	0	0	0	0	0	0	0	
1	1	1	851	25.53		300	0	0	-0.04255	-0.04255	0.0667965	0	0	0	-2046.65	-2046.65	2.77506e-05	0	0	0	65.4652	59.1853	0	6.27987		300	0.999983	-0.0228223	-0.0228223	0.0456445	0	0	0	0.999983	0	-0.418	-118.594	0	24.0078	24.0078	6.21725e-15	6.27	0	0	0	0	0	0	0	0	0	0	0	0	0	0	0	0	0	0	0	0	0	0	0	0	0	0	0	0	0	0	0	0	0	
1	1	1	852	25.56		300	0	0	-0.0426	-0.0426	0.0668502	0	0	0	-2051.84	-2051.84	2.84076e-05	0	0	0	65.6701	59.3902	0	6.27987		300	0.999983	-0.0228223	-0.0228223	0.0456445	0	0	0	0.999983	0	-0.418	-118.594	0	24.0078	24.0078	6.21725e-15	6.27	0	0	0	0	0	0	0	0	0	0	0	0	0	0	0	0	0	0	0	0	0	0	0	0	0	0	0	0	0	0	0	0	0	
1	1	1	853	25.59		300	0	0	-0.04265	-0.04265	0.0669038	0	0	0	-2057.03	-2057.03	2.90566e-05	0	0	0	65.8755	59.5957	0	6.27988		300	0.999983	-0.0228223	-0.0228223	0.0456445	0	0	0	0.999983	0	-0.418	-118.594	0	24.0078	24.0078	6.21725e-15	6.27	0	0	0	0	0	0	0	0	0	0	0	0	0	0	0	0	0	0	0	0	0	0	0	0	0	0	0	0	0	0	0	0	0	
1	1	1	854	25.62		300	0	0	-0.0427	-0.0427	0.0669574	0	0	0	-2062.21	-2062.21	2.96978e-05	0	0	0	66.0815	59.8016	0	6.27988		300	0.999983	-0.0228223	-0.0228223	0.0456446	0	0	0	0.999983	0	-0.418	-118.594	0	24.0078	24.0078	6.21725e-15	6.27	0	0	0	0	0	0	0	0	0	0	0	0	0	0	0	0	0	0	0	0	0	0	0	0	0	0	0	0	0	0	0	0	0	
1	1	1	855	25.65		300	0	0	-0.04275	-0.04275	0.067011	0	0	0	-2067.4	-2067.4	3.03314e-05	0	0	0	66.288	60.0081	0	6.27988		300	0.999983	-0.0228223	-0.0228223	0.0456446	0	0	0	0.999983	0	-0.418	-118.594	0	24.0078	24.0078	6.21725e-15	6.27	0	0	0	0	0	0	0	0	0	0	0	0	0	0	0	0	0	0	0	0	0	0	0	0	0	0	0	0	0	0	0	0	0	
1	1	1	856	25.68		300	0	0	-0.0428	-0.0428	0.0670646	0	0	0	-2072.59	-2072.59	3.09573e-05	0	0	0	66.495	60.2151	0	6.27989		300	0.999983	-0.0228223	-0.0228223	0.0456446	0	0	0	0.999983	0	-0.418	-118.594	0	24.0078	24.0078	6.21725e-15	6.27	0	0	0	0	0	0	0	0	0	0	0	0	0	0	0	0	0	0	0	0	0	0	0	0	0	0	0	0	0	0	0	0	0	
1	1	1	857	25.71		300	0	0	-0.04285	-0.04285	0.0671182	0	0	0	-2077.78	-2077.78	3.15758e-05	0	0	0	66.7025	60.4226	0	6.27989		300	0.999983	-0.0228223	-0.0228223	0.0456446	0	0	0	0.999983	0	-0.418	-118.594	0	24.0078	24.0078	6.21725e-15	6.27	0	0	0	0	0	0	0	0	0	0	0	0	0	0	0	0	0	0	0	0	0	0	0	0	0	0	0	0	0	0	0	0	0	
1	1	1	858	25.74		300	0	0	-0.0429	-0.0429	0.0671718	0	0	0	-2082.96	-2082.96	3.2187e-05	0	0	0	66.9105	60.6306	0	6.2799		300	0.999983	-0.0228223	-0.0228223	0.0456446	0	0	0	0.999983	0	-0.418	-118.594	0	24.0078	24.0078	6.21725e-15	6.27	0	0	0	0	0	0	0	0	0	0	0	0	0	0	0	0	0	0	0	0	0	0	0	0	0	0	0	0	0	0	0	0	0	
1	1	1	859	25.77		300	0	0	-0.04295	-0.04295	0.0672254	0	0	0	-2088.15	-2088.15	3.2791e-05	0	0	0	67.1191	60.8392	0	6.2799		300	0.999983	-0.0228223	-0.0228223	0.0456446	0	0	0	0.999983	0	-0.418	-118.594	0	24.0078	24.0078	6.21725e-15	6.27	0	0	0	0	0	0	0	0	0	0	0	0	0	0	0	0	0	0	0	0	0	0	0	0	0	0	0	0	0	0	0	0	0	
1	1	1	860	25.8		300	0	0	-0.043	-0.043	0.067279	0	0	0	-2093.34	-2093.34	3.33879e-05	0	0	0	67.3282	61.0483	0	6.27991		300	0.999983	-0.0228223	-0.0228223	0.0456446	0	0	0	0.999983	0	-0.418	-118.594	0	24.0078	24.0078	6.21725e-15	6.27	0	0	0	0	0	0	0	0	0	0	0	0	0	0	0	0	0	0	0	0	0	0	0	0	0	0	0	0	0	0	0	0	0	
1	1	1	861	25.83		300	0	0	-0.04305	-0.04305	0.0673327	0	0	0	-2098.52	-2098.52	3.39777e-05	0	0	0	67.5378	61.2578	0	6.27991		300	0.999983	-0.0228223	-0.0228223	0.0456446	0	0	0	0.999983	0	-0.418	-118.594	0	24.0078	24.0078	6.21725e-15	6.27	0	0	0	0	0	0	0	0	0	0	0	0	0	0	0	0	0	0	0	0	0	0	0	0	0	0	0	0	0	0	0	0	0	
1	1	1	862	25.86		300	0	0	-0.0431	-0.0431	0.0673863	0	0	0	-2103.71	-2103.71	3.45607e-05	0	0	0	67.7479	61.4679	0	6.27992		300	0.999983	-0.0228223	-0.0228223	0.0456446	0	0	0	0.999983	0	-0.418	-118.594	0	24.0078	24.0078	6.21725e-15	6.27	0	0	0	0	0	0	0	0	0	0	0	0	0	0	0	0	0	0	0	0	0	0	0	0	0	0	0	0	0	0	0	0	0	
1	1	1	863	25.89		300	0	0	-0.04315	-0.04315	0.0674399	0	0	0	-2108.9	-2108.9	3.5137e-05	0	0	0	67.9585	61.6786	0	6.27992		300	0.999983	-0.0228223	-0.0228223	0.0456446	0	0	0	0.999983	0	-0.418	-118.594	0	24.0078	24.0078	6.21725e-15	6.27	0	0	0	0	0	0	0	0	0	0	0	0	0	0	0	0	0	0	0	0	0	0	0	0	0	0	0	0	0	0	0	0	0	
1	1	1	864	25.92		300	0	0	-0.0432	-0.0432	0.0674935	0	0	0	-2114.09	-2114.09	3.57065e-05	0	0	0	68.1696	61.8897	0	6.27992		300	0.999984	-0.0228223	-0.0228223	0.0456446	0	0	0	0.999984	0	-0.418	-118.594	0	24.0078	24.0078	6.21725e-15	6.27	0	0	0	0	0	0	0	0	0	0	0	0	0	0	0	0	0	0	0	0	0	0	0	0	0	0	0	0	0	0	0	0	0	
1	1	1	865	25.95		300	0	0	-0.04325	-0.04325	0.0675471	0	0	0	-2119.27	-2119.27	3.62695e-05	0	0	0	68.3813	62.1014	0	6.27993		300	0.999984	-0.0228223	-0.0228223	0.0456446	0	0	0	0.999984	0	-0.418	-118.594	0	24.0078	24.0078	6.21725e-15	6.27	0	0	0	0	0	0	0	0	0	0	0	0	0	0	0	0	0	0	0	0	0	0	0	0	0	0	0	0	0	0	0	0	0	
1	1	1	866	25.98		300	0	0	-0.0433	-0.0433	0.0676007	0	0	0	-2124.46	-2124.46	3.68261e-05	0	0	0	68.5935	62.3136	0	6.27993		300	0.999984	-0.0228223	-0.0228223	0.0456446	0	0	0	0.999984	0	-0.418	-118.594	0	24.0078	24.0078	6.21725e-15	6.27	0	0	0	0	0	0	0	0	0	0	0	0	0	0	0	0	0	0	0	0	0	0	0	0	0	0	0	0	0	0	0	0	0	
1	1	1	867	26.01		300	0	0	-0.04335	-0.04335	0.0676543	0	0	0	-2129.65	-2129.65	3.73762e-05	0	0	0	68.8062	62.5263	0	6.27994		300	0.999984	-0.0228223	-0.0228223	0.0456446	0	0	0	0.999984	0	-0.418	-118.594	0	24.0078	24.0078	6.21725e-15	6.27	0	0	0	0	0	0	0	0	0	0	0	0	0	0	0	0	0	0	0	0	0	0	0	0	0	0	0	0	0	0	0	0	0	
1	1	1	868	26.04		300	0	0	-0.0434	-0.0434	0.0677079	0	0	0	-2134.83	-2134.83	3.79201e-05	0	0	0	69.0194	62.7395	0	6.27994		300	0.999984	-0.0228223	-0.0228223	0.0456446	0	0	0	0.999984	0	-0.418	-118.594	0	24.0078	24.0078	6.21725e-15	6.27	0	0	0	0	0	0	0	0	0	0	0	0	0	0	0	0	0	0	0	0	0	0	0	0	0	0	0	0	0	0	0	0	0	
1	1	1	869	26.07		300	0	0	-0.04345	-0.04345	0.0677615	0	0	0	-2140.02	-2140.02	3.84578e-05	0	0	0	69.2332	62.9532	0	6.27995		300	0.999984	-0.0228223	-0.0228223	0.0456446	0	0	0	0.999984	0	-0.418	-118.594	0	24.0078	24.0078	6.21725e-15	6.27	0	0	0	0	0	0	0	0	0	0	0	0	0	0	0	0	0	0	0	0	0	0	0	0	0	0	0	0	0	0	0	0	0	
1	1	1	870	26.1		300	0	0	-0.0435	-0.0435	0.0678152	0	0	0	-2145.21	-2145.21	3.89894e-05	0	0	0	69.4474	63.1675	0	6.27995		300	0.999984	-0.0228223	-0.0228223	0.0456446	0	0	0	0.999984	0	-0.418	-118.594	0	24.0078	24.0078	6.21725e-15	6.27	0	0	0	0	0	0	0	0	0	0	0	0	0	0	0	0	0	0	0	0	0	0	0	0	0	0	0	0	0	0	0	0	0	
1	1	1	871	26.13		300	0	0	-0.04355	-0.04355	0.0678688	0	0	0	-2150.4	-2150.4	3.95151e-05	0	0	0	69.6622	63.3823	0	6.27995		300	0.999984	-0.0228223	-0.0228223	0.0456446	0	0	0	0.999984	0	-0.418	-118.594	0	24.0078	24.0078	6.21725e-15	6.27	0	0	0	0	0	0	0	0	0	0	0	0	0	0	0	0	0	0	0	0	0	0	0	0	0	0	0	0	0	0	0	0	0	
1	1	1	872	26.16		300	0	0	-0.0436	-0.0436	0.0679224	0	0	0	-2155.58	-2155.58	4.00348e-05	0	0	0	69.8775	63.5976	0	6.27996		300	0.999984	-0.0228223	-0.0228223	0.0456446	0	0	0	0.999984	0	-0.418	-118.594	0	24.0078	24.0078	6.21725e-15	6.27	0	0	0	0	0	0	0	0	0	0	0	0	0	0	0	0	0	0	0	0	0	0	0	0	0	0	0	0	0	0	0	0	0	
1	1	1	873	26.19		300	0	0	-0.04365	-0.04365	0.067976	0	0	0	-2160.77	-2160.77	4.05487e-05	0	0	0	70.0933	63.8134	0	6.27996		300	0.999984	-0.0228223	-0.0228223	0.0456446	0	0	0	0.999984	0	-0.418	-118.594	0	24.0078	24.0078	6.21725e-15	6.27	0	0	0	0	0	0	0	0	0	0	0	0	0	0	0	0	0	0	0	0	0	0	0	0	0	0	0	0	0	0	0	0	0	
1	1	1	874	26.22		300	0	0	-0.0437	-0.0437	0.0680296	0	0	0	-2165.96	-2165.96	4.10569e-05	0	0	0	70.3097	64.0297	0	6.27997		300	0.999984	-0.0228223	-0.0228223	0.0456446	0	0	0	0.999984	0	-0.418	-118.594	0	24.0078	24.0078	6.21725e-15	6.27	0	0	0	0	0	0	0	0	0	0	0	0	0	0	0	0	0	0	0	0	0	0	0	0	0	0	0	0	0	0	0	0	0	
1	1	1	875	26.25		300	0	0	-0.04375	-0.04375	0.0680832	0	0	0	-2171.14	-2171.14	4.15595e-05	0	0	0	70.5265	64.2465	0	6.27997		300	0.999984	-0.0228223	-0.0228223	0.0456446	0	0	0	0.999984	0	-0.418	-118.594	0	24.0078	24.0078	6.21725e-15	6.27	0	0	0	0	0	0	0	0	0	0	0	0	0	0	0	0	0	0	0	0	0	0	0	0	0	0	0	0	0	0	0	0	0	
1	1	1	876	26.28		300	0	0	-0.0438	-0.0438	0.0681368	0	0	0	-2176.33	-2176.33	4.20565e-05	0	0	0	70.7439	64.4639	0	6.27997		300	0.999984	-0.0228223	-0.0228223	0.0456446	0	0	0	0.999984	0	-0.418	-118.594	0	24.0078	24.0078	6.21725e-15	6.27	0	0	0	0	0	0	0	0	0	0	0	0	0	0	0	0	0	0	0	0	0	0	0	0	0	0	0	0	0	0	0	0	0	
1	1	1	877	26.31		300	0	0	-0.04385	-0.04385	0.0681904	0	0	0	-2181.52	-2181.52	4.2548e-05	0	0	0	70.9618	64.6818	0	6.27998		300	0.999984	-0.0228223	-0.0228223	0.0456446	0	0	0	0.999984	0	-0.418	-118.594	0	24.0078	24.0078	6.21725e-15	6.27	0	0	0	0	0	0	0	0	0	0	0	0	0	0	0	0	0	0	0	0	0	0	0	0	0	0	0	0	0	0	0	0	0	
1	1	1	878	26.34		300	0	0	-0.0439	-0.0439	0.068244	0	0	0	-2186.71	-2186.71	4.30341e-05	0	0	0	71.1802	64.9002	0	6.27998		300	0.999984	-0.0228223	-0.0228223	0.0456446	0	0	0	0.999984	0	-0.418	-118.594	0	24.0078	24.0078	6.21725e-15	6.27	0	0	0	0	0	0	0	0	0	0	0	0	0	0	0	0	0	0	0	0	0	0	0	0	0	0	0	0	0	0	0	0	0	
1	1	1	879	26.37		300	0	0	-0.04395	-0.04395	0.0682977	0	0	0	-2191.89	-2191.89	4.35149e-05	0	0	0	71.3991	65.1191	0	6.27999		300	0.999984	-0.0228223	-0.0228223	0.0456446	0	0	0	0.999984	0	-0.418	-118.594	0	24.0078	24.0078	6.21725e-15	6.27	0	0	0	0	0	0	0	0	0	0	0	0	0	0	0	0	0	0	0	0	0	0	0	0	0	0	0	0	0	0	0	0	0	
1	1	1	880	26.4		300	0	0	-0.044	-0.044	0.0683513	0	0	0	-2197.08	-2197.08	4.39904e-05	0	0	0	71.6186	65.3386	0	6.27999		300	0.999984	-0.0228223	-0.0228223	0.0456446	0	0	0	0.999984	0	-0.418	-118.594	0	24.0078	24.0078	6.21725e-15	6.27	0	0	0	0	0	0	0	0	0	0	0	0	0	0	0	0	0	0	0	0	0	0	0	0	0	0	0	0	0	0	0	0	0	
1	1	1	881	26.43		300	0	0	-0.04405	-0.04405	0.0684049	0	0	0	-2202.27	-2202.27	4.44608e-05	0	0	0	71.8385	65.5585	0	6.27999		300	0.999985	-0.0228223	-0.0228223	0.0456446	0	0	0	0.999985	0	-0.418	-118.594	0	24.0078	24.0078	6.21725e-15	6.27	0	0	0	0	0	0	0	0	0	0	0	0	0	0	0	0	0	0	0	0	0	0	0	0	0	0	0	0	0	0	0	0	0	
1	1	1	882	26.46		300	0	0	-0.0441	-0.0441	0.0684585	0	0	0	-2207.45	-2207.45	4.49261e-05	0	0	0	72.059	65.779	0	6.28		300	0.999985	-0.0228223	-0.0228223	0.0456446	0	0	0	0.999985	0	-0.418	-118.594	0	24.0078	24.0078	6.21725e-15	6.27	0	0	0	0	0	0	0	0	0	0	0	0	0	0	0	0	0	0	0	0	0	0	0	0	0	0	0	0	0	0	0	0	0	
1	1	1	883	26.49		300	0	0	-0.04415	-0.04415	0.0685121	0	0	0	-2212.64	-2212.64	4.53863e-05	0	0	0	72.28	66	0	6.28		300	0.999985	-0.0228223	-0.0228223	0.0456446	0	0	0	0.999985	0	-0.418	-118.594	0	24.0078	24.0078	6.21725e-15	6.27	0	0	0	0	0	0	0	0	0	0	0	0	0	0	0	0	0	0	0	0	0	0	0	0	0	0	0	0	0	0	0	0	0	
1	1	1	884	26.52		300	0	0	-0.0442	-0.0442	0.0685657	0	0	0	-2217.83	-2217.83	4.58416e-05	0	0	0	72.5016	66.2215	0	6.28001		300	0.999985	-0.0228223	-0.0228223	0.0456446	0	0	0	0.999985	0	-0.418	-118.594	0	24.0078	24.0078	6.21725e-15	6.27	0	0	0	0	0	0	0	0	0	0	0	0	0	0	0	0	0	0	0	0	0	0	0	0	0	0	0	0	0	0	0	0	0	
1	1	1	885	26.55		300	0	0	-0.04425	-0.04425	0.0686193	0	0	0	-2223.01	-2223.01	4.62921e-05	0	0	0	72.7236	66.4436	0	6.28001		300	0.999985	-0.0228223	-0.0228223	0.0456446	0	0	0	0.999985	0	-0.418	-118.594	0	24.0078	24.0078	6.21725e-15	6.27	0	0	0	0	0	0	0	0	0	0	0	0	0	0	0	0	0	0	0	0	0	0	0	0	0	0	0	0	0	0	0	0	0	
1	1	1	886	26.58		300	0	0	-0.0443	-0.0443	0.0686729	0	0	0	-2228.2	-2228.2	4.67377e-05	0	0	0	72.9462	66.6661	0	6.28001		300	0.999985	-0.0228223	-0.0228223	0.0456446	0	0	0	0.999985	0	-0.418	-118.594	0	24.0078	24.0078	6.21725e-15	6.27	0	0	0	0	0	0	0	0	0	0	0	0	0	0	0	0	0	0	0	0	0	0	0	0	0	0	0	0	0	0	0	0	0	
1	1	1	887	26.61		300	0	0	-0.04435	-0.04435	0.0687265	0	0	0	-2233.39	-2233.39	4.71786e-05	0	0	0	73.1692	66.8892	0	6.28002		300	0.999985	-0.0228223	-0.0228223	0.0456446	0	0	0	0.999985	0	-0.418	-118.594	0	24.0078	24.0078	6.21725e-15	6.27	0	0	0	0	0	0	0	0	0	0	0	0	0	0	0	0	0	0	0	0	0	0	0	0	0	0	0	0	0	0	0	0	0	
1	1	1	888	26.64		300	0	0	-0.0444	-0.0444	0.0687802	0	0	0	-2238.58	-2238.58	4.76148e-05	0	0	0	73.3928	67.1128	0	6.28002		300	0.999985	-0.0228223	-0.0228223	0.0456446	0	0	0	0.999985	0	-0.418	-118.594	0	24.0078	24.0078	6.21725e-15	6.27	0	0	0	0	0	0	0	0	0	0	0	0	0	0	0	0	0	0	0	0	0	0	0	0	0	0	0	0	0	0	0	0	0	
1	1	1	889	26.67		300	0	0	-0.04445	-0.04445	0.0688338	0	0	0	-2243.76	-2243.76	4.80464e-05	0	0	0	73.617	67.3369	0	6.28003		300	0.999985	-0.0228223	-0.0228223	0.0456446	0	0	0	0.999985	0	-0.418	-118.594	0	24.0078	24.0078	6.21725e-15	6.27	0	0	0	0	0	0	0	0	0	0	0	0	0	0	0	0	0	0	0	0	0	0	0	0	0	0	0	0	0	0	0	0	0	
1	1	1	890	26.7		300	0	0	-0.0445	-0.0445	0.0688874	0	0	0	-2248.95	-2248.95	4.84735e-05	0	0	0	73.8416	67.5616	0	6.28003		300	0.999985	-0.0228223	-0.0228223	0.0456447	0	0	0	0.999985	0	-0.418	-118.594	0	24.0078	24.0078	6.21725e-15	6.27	0	0	0	0	0	0	0	0	0	0	0	0	0	0	0	0	0	0	0	0	0	0	0	0	0	0	0	0	0	0	0	0	0	
1	1	1	891	26.73		300	0	0	-0.04455	-0.04455	0.068941	0	0	0	-2254.14	-2254.14	4.88961e-05	0	0	0	74.0667	67.7867	0	6.28003		300	0.999985	-0.0228223	-0.0228223	0.0456447	0	0	0	0.999985	0	-0.418	-118.594	0	24.0078	24.0078	6.21725e-15	6.27	0	0	0	0	0	0	0	0	0	0	0	0	0	0	0	0	0	0	0	0	0	0	0	0	0	0	0	0	0	0	0	0	0	
1	1	1	892	26.76		300	0	0	-0.0446	-0.0446	0.0689946	0	0	0	-2259.32	-2259.32	4.93143e-05	0	0	0	74.2924	68.0124	0	6.28004		300	0.999985	-0.0228223	-0.0228223	0.0456447	0	0	0	0.999985	0	-0.418	-118.594	0	24.0078	24.0078	6.21725e-15	6.27	0	0	0	0	0	0	0	0	0	0	0	0	0	0	0	0	0	0	0	0	0	0	0	0	0	0	0	0	0	0	0	0	0	
1	1	1	893	26.79		300	0	0	-0.04465	-0.04465	0.0690482	0	0	0	-2264.51	-2264.51	4.97281e-05	0	0	0	74.5186	68.2386	0	6.28004		300	0.999985	-0.0228223	-0.0228223	0.0456447	0	0	0	0.999985	0	-0.418	-118.594	0	24.0078	24.0078	6.21725e-15	6.27	0	0	0	0	0	0	0	0	0	0	0	0	0	0	0	0	0	0	0	0	0	0	0	0	0	0	0	0	0	0	0	0	0	
1	1	1	894	26.82		300	0	0	-0.0447	-0.0447	0.0691018	0	0	0	-2269.7	-2269.7	5.01376e-05	0	0	0	74.7453	68.4653	0	6.28004		300	0.999985	-0.0228223	-0.0228223	0.0456447	0	0	0	0.999985	0	-0.418	-118.594	0	24.0078	24.0078	6.21725e-15	6.27	0	0	0	0	0	0	0	0	0	0	0	0	0	0	0	0	0	0	0	0	0	0	0	0	0	0	0	0	0	0	0	0	0	
1	1	1	895	26.85		300	0	0	-0.04475	-0.04475	0.0691554	0	0	0	-2274.89	-2274.89	5.05429e-05	0	0	0	74.9725	68.6925	0	6.28005		300	0.999985	-0.0228223	-0.0228223	0.0456447	0	0	0	0.999985	0	-0.418	-118.594	0	24.0078	24.0078	6.21725e-15	6.27	0	0	0	0	0	0	0	0	0	0	0	0	0	0	0	0	0	0	0	0	0	0	0	0	0	0	0	0	0	0	0	0	0	
1	1	1	896	26.88		300	0	0	-0.0448	-0.0448	0.069209	0	0	0	-2280.07	-2280.07	5.0944e-05	0	0	0	75.2003	68.9202	0	6.28005		300	0.999985	-0.0228223	-0.0228223	0.0456447	0	0	0	0.999985	0	-0.418	-118.594	0	24.0078	24.0078	6.21725e-15	6.27	0	0	0	0	0	0	0	0	0	0	0	0	0	0	0	0	0	0	0	0	0	0	0	0	0	0	0	0	0	0	0	0	0	
1	1	1	897	26.91		300	0	0	-0.04485	-0.04485	0.0692627	0	0	0	-2285.26	-2285.26	5.1341e-05	0	0	0	75.4286	69.1485	0	6.28006		300	0.999985	-0.0228223	-0.0228223	0.0456447	0	0	0	0.999985	0	-0.418	-118.594	0	24.0078	24.0078	6.21725e-15	6.27	0	0	0	0	0	0	0	0	0	0	0	0	0	0	0	0	0	0	0	0	0	0	0	0	0	0	0	0	0	0	0	0	0	
1	1	1	898	26.94		300	0	0	-0.0449	-0.0449	0.0693163	0	0	0	-2290.45	-2290.45	5.17339e-05	0	0	0	75.6573	69.3773	0	6.28006		300	0.999985	-0.0228223	-0.0228223	0.0456447	0	0	0	0.999985	0	-0.418	-118.594	0	24.0078	24.0078	6.21725e-15	6.27	0	0	0	0	0	0	0	0	0	0	0	0	0	0	0	0	0	0	0	0	0	0	0	0	0	0	0	0	0	0	0	0	0	
1	1	1	899	26.97		300	0	0	-0.04495	-0.04495	0.0693699	0	0	0	-2295.63	-2295.63	5.21228e-05	0	0	0	75.8867	69.6066	0	6.28006		300	0.999986	-0.0228223	-0.0228223	0.0456447	0	0	0	0.999986	0	-0.418	-118.594	0	24.0078	24.0078	6.21725e-15	6.27	0	0	0	0	0	0	0	0	0	0	0	0	0	0	0	0	0	0	0	0	0	0	0	0	0	0	0	0	0	0	0	0	0	
1	1	1	900	27		300	0	0	-0.045	-0.045	0.0694235	0	0	0	-2300.82	-2300.82	5.25078e-05	0	0	0	76.1165	69.8364	0	6.28007		300	0.999986	-0.0228223	-0.0228223	0.0456447	0	0	0	0.999986	0	-0.418	-118.594	0	24.0078	24.0078	6.21725e-15	6.27	0	0	0	0	0	0	0	0	0	0	0	0	0	0	0	0	0	0	0	0	0	0	0	0	0	0	0	0	0	0	0	0	0	
1	1	1	901	27.03		300	0	0	-0.04505	-0.04505	0.0694771	0	0	0	-2306.01	-2306.01	5.28888e-05	0	0	0	76.3468	70.0667	0	6.28007		300	0.999986	-0.0228223	-0.0228223	0.0456447	0	0	0	0.999986	0	-0.418	-118.594	0	24.0078	24.0078	6.21725e-15	6.27	0	0	0	0	0	0	0	0	0	0	0	0	0	0	0	0	0	0	0	0	0	0	0	0	0	0	0	0	0	0	0	0	0	
1	1	1	902	27.06		300	0	0	-0.0451	-0.0451	0.0695307	0	0	0	-2311.2	-2311.2	5.3266e-05	0	0	0	76.5777	70.2976	0	6.28007		300	0.999986	-0.0228223	-0.0228223	0.0456447	0	0	0	0.999986	0	-0.418	-118.594	0	24.0078	24.0078	6.21725e-15	6.27	0	0	0	0	0	0	0	0	0	0	0	0	0	0	0	0	0	0	0	0	0	0	0	0	0	0	0	0	0	0	0	0	0	
1	1	1	903	27.09		300	0	0	-0.04515	-0.04515	0.0695843	0	0	0	-2316.38	-2316.38	5.36394e-05	0	0	0	76.8091	70.529	0	6.28008		300	0.999986	-0.0228223	-0.0228223	0.0456447	0	0	0	0.999986	0	-0.418	-118.594	0	24.0078	24.0078	6.21725e-15	6.27	0	0	0	0	0	0	0	0	0	0	0	0	0	0	0	0	0	0	0	0	0	0	0	0	0	0	0	0	0	0	0	0	0	
1	1	1	904	27.12		300	0	0	-0.0452	-0.0452	0.0696379	0	0	0	-2321.57	-2321.57	5.40091e-05	0	0	0	77.041	70.7609	0	6.28008		300	0.999986	-0.0228223	-0.0228223	0.0456447	0	0	0	0.999986	0	-0.418	-118.594	0	24.0078	24.0078	6.21725e-15	6.27	0	0	0	0	0	0	0	0	0	0	0	0	0	0	0	0	0	0	0	0	0	0	0	0	0	0	0	0	0	0	0	0	0	
1	1	1	905	27.15		300	0	0	-0.04525	-0.04525	0.0696915	0	0	0	-2326.76	-2326.76	5.43751e-05	0	0	0	77.2734	70.9933	0	6.28009		300	0.999986	-0.0228223	-0.0228223	0.0456447	0	0	0	0.999986	0	-0.418	-118.594	0	24.0078	24.0078	6.21725e-15	6.27	0	0	0	0	0	0	0	0	0	0	0	0	0	0	0	0	0	0	0	0	0	0	0	0	0	0	0	0	0	0	0	0	0	
1	1	1	906	27.18		300	0	0	-0.0453	-0.0453	0.0697452	0	0	0	-2331.94	-2331.94	5.47374e-05	0	0	0	77.5063	71.2262	0	6.28009		300	0.999986	-0.0228223	-0.0228223	0.0456447	0	0	0	0.999986	0	-0.418	-118.594	0	24.0078	24.0078	6.21725e-15	6.27	0	0	0	0	0	0	0	0	0	0	0	0	0	0	0	0	0	0	0	0	0	0	0	0	0	0	0	0	0	0	0	0	0	
1	1	1	907	27.21		300	0	0	-0.04535	-0.04535	0.0697988	0	0	0	-2337.13	-2337.13	5.50961e-05	0	0	0	77.7398	71.4597	0	6.28009		300	0.999986	-0.0228223	-0.0228223	0.0456447	0	0	0	0.999986	0	-0.418	-118.594	0	24.0078	24.0078	6.21725e-15	6.27	0	0	0	0	0	0	0	0	0	0	0	0	0	0	0	0	0	0	0	0	0	0	0	0	0	0	0	0	0	0	0	0	0	
1	1	1	908	27.24		300	0	0	-0.0454	-0.0454	0.0698524	0	0	0	-2342.32	-2342.32	5.54513e-05	0	0	0	77.9737	71.6936	0	6.2801		300	0.999986	-0.0228223	-0.0228223	0.0456447	0	0	0	0.999986	0	-0.418	-118.594	0	24.0078	24.0078	6.21725e-15	6.27	0	0	0	0	0	0	0	0	0	0	0	0	0	0	0	0	0	0	0	0	0	0	0	0	0	0	0	0	0	0	0	0	0	
1	1	1	909	27.27		300	0	0	-0.04545	-0.04545	0.069906	0	0	0	-2347.51	-2347.51	5.58029e-05	0	0	0	78.2082	71.9281	0	6.2801		300	0.999986	-0.0228223	-0.0228223	0.0456447	0	0	0	0.999986	0	-0.418	-118.594	0	24.0078	24.0078	6.21725e-15	6.27	0	0	0	0	0	0	0	0	0	0	0	0	0	0	0	0	0	0	0	0	0	0	0	0	0	0	0	0	0	0	0	0	0	
1	1	1	910	27.3		300	0	0	-0.0455	-0.0455	0.0699596	0	0	0	-2352.69	-2352.69	5.61511e-05	0	0	0	78.4432	72.1631	0	6.2801		300	0.999986	-0.0228223	-0.0228223	0.0456447	0	0	0	0.999986	0	-0.418	-118.594	0	24.0078	24.0078	6.21725e-15	6.27	0	0	0	0	0	0	0	0	0	0	0	0	0	0	0	0	0	0	0	0	0	0	0	0	0	0	0	0	0	0	0	0	0	
1	1	1	911	27.33		300	0	0	-0.04555	-0.04555	0.0700132	0	0	0	-2357.88	-2357.88	5.64959e-05	0	0	0	78.6788	72.3987	0	6.28011		300	0.999986	-0.0228223	-0.0228223	0.0456447	0	0	0	0.999986	0	-0.418	-118.594	0	24.0078	24.0078	6.21725e-15	6.27	0	0	0	0	0	0	0	0	0	0	0	0	0	0	0	0	0	0	0	0	0	0	0	0	0	0	0	0	0	0	0	0	0	
1	1	1	912	27.36		300	0	0	-0.0456	-0.0456	0.0700668	0	0	0	-2363.07	-2363.07	5.68373e-05	0	0	0	78.9148	72.6347	0	6.28011		300	0.999986	-0.0228224	-0.0228224	0.0456447	0	0	0	0.999986	0	-0.418	-118.594	0	24.0078	24.0078	6.21725e-15	6.27	0	0	0	0	0	0	0	0	0	0	0	0	0	0	0	0	0	0	0	0	0	0	0	0	0	0	0	0	0	0	0	0	0	
1	1	1	913	27.39		300	0	0	-0.04565	-0.04565	0.0701204	0	0	0	-2368.25	-2368.25	5.71754e-05	0	0	0	79.1514	72.8713	0	6.28011		300	0.999986	-0.0228224	-0.0228224	0.0456447	0	0	0	0.999986	0	-0.418	-118.594	0	24.0078	24.0078	6.21725e-15	6.27	0	0	0	0	0	0	0	0	0	0	0	0	0	0	0	0	0	0	0	0	0	0	0	0	0	0	0	0	0	0	0	0	0	
1	1	1	914	27.42		300	0	0	-0.0457	-0.0457	0.070174	0	0	0	-2373.44	-2373.44	5.75102e-05	0	0	0	79.3885	73.1083	0	6.28012		300	0.999986	-0.0228224	-0.0228224	0.0456447	0	0	0	0.999986	0	-0.418	-118.594	0	24.0078	24.0078	6.21725e-15	6.27	0	0	0	0	0	0	0	0	0	0	0	0	0	0	0	0	0	0	0	0	0	0	0	0	0	0	0	0	0	0	0	0	0	
1	1	1	915	27.45		300	0	0	-0.04575	-0.04575	0.0702277	0	0	0	-2378.63	-2378.63	5.78418e-05	0	0	0	79.6261	73.3459	0	6.28012		300	0.999986	-0.0228224	-0.0228224	0.0456447	0	0	0	0.999986	0	-0.418	-118.594	0	24.0078	24.0078	6.21725e-15	6.27	0	0	0	0	0	0	0	0	0	0	0	0	0	0	0	0	0	0	0	0	0	0	0	0	0	0	0	0	0	0	0	0	0	
1	1	1	916	27.48		300	0	0	-0.0458	-0.0458	0.0702813	0	0	0	-2383.82	-2383.82	5.81701e-05	0	0	0	79.8642	73.5841	0	6.28013		300	0.999986	-0.0228224	-0.0228224	0.0456447	0	0	0	0.999986	0	-0.418	-118.594	0	24.0078	24.0078	6.21725e-15	6.27	0	0	0	0	0	0	0	0	0	0	0	0	0	0	0	0	0	0	0	0	0	0	0	0	0	0	0	0	0	0	0	0	0	
1	1	1	917	27.51		300	0	0	-0.04585	-0.04585	0.0703349	0	0	0	-2389	-2389	5.84953e-05	0	0	0	80.1028	73.8227	0	6.28013		300	0.999986	-0.0228224	-0.0228224	0.0456447	0	0	0	0.999986	0	-0.418	-118.594	0	24.0078	24.0078	6.21725e-15	6.27	0	0	0	0	0	0	0	0	0	0	0	0	0	0	0	0	0	0	0	0	0	0	0	0	0	0	0	0	0	0	0	0	0	
1	1	1	918	27.54		300	0	0	-0.0459	-0.0459	0.0703885	0	0	0	-2394.19	-2394.19	5.88174e-05	0	0	0	80.342	74.0619	0	6.28013		300	0.999986	-0.0228224	-0.0228224	0.0456447	0	0	0	0.999986	0	-0.418	-118.594	0	24.0078	24.0078	6.21725e-15	6.27	0	0	0	0	0	0	0	0	0	0	0	0	0	0	0	0	0	0	0	0	0	0	0	0	0	0	0	0	0	0	0	0	0	
1	1	1	919	27.57		300	0	0	-0.04595	-0.04595	0.0704421	0	0	0	-2399.38	-2399.38	5.91364e-05	0	0	0	80.5817	74.3015	0	6.28014		300	0.999986	-0.0228224	-0.0228224	0.0456447	0	0	0	0.999986	0	-0.418	-118.594	0	24.0078	24.0078	6.21725e-15	6.27	0	0	0	0	0	0	0	0	0	0	0	0	0	0	0	0	0	0	0	0	0	0	0	0	0	0	0	0	0	0	0	0	0	
1	1	1	920	27.6		300	0	0	-0.046	-0.046	0.0704957	0	0	0	-2404.56	-2404.56	5.94524e-05	0	0	0	80.8219	74.5417	0	6.28014		300	0.999986	-0.0228224	-0.0228224	0.0456447	0	0	0	0.999986	0	-0.418	-118.594	0	24.0078	24.0078	6.21725e-15	6.27	0	0	0	0	0	0	0	0	0	0	0	0	0	0	0	0	0	0	0	0	0	0	0	0	0	0	0	0	0	0	0	0	0	
1	1	1	921	27.63		300	0	0	-0.04605	-0.04605	0.0705493	0	0	0	-2409.75	-2409.75	5.97654e-05	0	0	0	81.0626	74.7824	0	6.28014		300	0.999987	-0.0228224	-0.0228224	0.0456447	0	0	0	0.999987	0	-0.418	-118.594	0	24.0078	24.0078	6.21725e-15	6.27	0	0	0	0	0	0	0	0	0	0	0	0	0	0	0	0	0	0	0	0	0	0	0	0	0	0	0	0	0	0	0	0	0	
1	1	1	922	27.66		300	0	0	-0.0461	-0.0461	0.0706029	0	0	0	-2414.94	-2414.94	6.00754e-05	0	0	0	81.3038	75.0237	0	6.28015		300	0.999987	-0.0228224	-0.0228224	0.0456447	0	0	0	0.999987	0	-0.418	-118.594	0	24.0078	24.0078	6.21725e-15	6.27	0	0	0	0	0	0	0	0	0	0	0	0	0	0	0	0	0	0	0	0	0	0	0	0	0	0	0	0	0	0	0	0	0	
1	1	1	923	27.69		300	0	0	-0.04615	-0.04615	0.0706565	0	0	0	-2420.13	-2420.13	6.03825e-05	0	0	0	81.5456	75.2654	0	6.28015		300	0.999987	-0.0228224	-0.0228224	0.0456447	0	0	0	0.999987	0	-0.418	-118.594	0	24.0078	24.0078	6.21725e-15	6.27	0	0	0	0	0	0	0	0	0	0	0	0	0	0	0	0	0	0	0	0	0	0	0	0	0	0	0	0	0	0	0	0	0	
1	1	1	924	27.72		300	0	0	-0.0462	-0.0462	0.0707101	0	0	0	-2425.31	-2425.31	6.06866e-05	0	0	0	81.7878	75.5077	0	6.28015		300	0.999987	-0.0228224	-0.0228224	0.0456447	0	0	0	0.999987	0	-0.418	-118.594	0	24.0078	24.0078	6.21725e-15	6.27	0	0	0	0	0	0	0	0	0	0	0	0	0	0	0	0	0	0	0	0	0	0	0	0	0	0	0	0	0	0	0	0	0	
1	1	1	925	27.75		300	0	0	-0.04625	-0.04625	0.0707638	0	0	0	-2430.5	-2430.5	6.0988e-05	0	0	0	82.0306	75.7505	0	6.28016		300	0.999987	-0.0228224	-0.0228224	0.0456447	0	0	0	0.999987	0	-0.418	-118.594	0	24.0078	24.0078	6.21725e-15	6.27	0	0	0	0	0	0	0	0	0	0	0	0	0	0	0	0	0	0	0	0	0	0	0	0	0	0	0	0	0	0	0	0	0	
1	1	1	926	27.78		300	0	0	-0.0463	-0.0463	0.0708174	0	0	0	-2435.69	-2435.69	6.12865e-05	0	0	0	82.2739	75.9938	0	6.28016		300	0.999987	-0.0228224	-0.0228224	0.0456447	0	0	0	0.999987	0	-0.418	-118.594	0	24.0078	24.0078	6.21725e-15	6.27	0	0	0	0	0	0	0	0	0	0	0	0	0	0	0	0	0	0	0	0	0	0	0	0	0	0	0	0	0	0	0	0	0	
1	1	1	927	27.81		300	0	0	-0.04635	-0.04635	0.070871	0	0	0	-2440.87	-2440.87	6.15822e-05	0	0	0	82.5178	76.2376	0	6.28016		300	0.999987	-0.0228224	-0.0228224	0.0456447	0	0	0	0.999987	0	-0.418	-118.594	0	24.0078	24.0078	6.21725e-15	6.27	0	0	0	0	0	0	0	0	0	0	0	0	0	0	0	0	0	0	0	0	0	0	0	0	0	0	0	0	0	0	0	0	0	
1	1	1	928	27.84		300	0	0	-0.0464	-0.0464	0.0709246	0	0	0	-2446.06	-2446.06	6.18752e-05	0	0	0	82.7621	76.4819	0	6.28017		300	0.999987	-0.0228224	-0.0228224	0.0456447	0	0	0	0.999987	0	-0.418	-118.594	0	24.0078	24.0078	6.21725e-15	6.27	0	0	0	0	0	0	0	0	0	0	0	0	0	0	0	0	0	0	0	0	0	0	0	0	0	0	0	0	0	0	0	0	0	
1	1	1	929	27.87		300	0	0	-0.04645	-0.04645	0.0709782	0	0	0	-2451.25	-2451.25	6.21655e-05	0	0	0	83.007	76.7268	0	6.28017		300	0.999987	-0.0228224	-0.0228224	0.0456447	0	0	0	0.999987	0	-0.418	-118.594	0	24.0078	24.0078	6.21725e-15	6.27	0	0	0	0	0	0	0	0	0	0	0	0	0	0	0	0	0	0	0	0	0	0	0	0	0	0	0	0	0	0	0	0	0	
1	1	1	930	27.9		300	0	0	-0.0465	-0.0465	0.0710318	0	0	0	-2456.44	-2456.44	6.24531e-05	0	0	0	83.2524	76.9722	0	6.28017		300	0.999987	-0.0228224	-0.0228224	0.0456447	0	0	0	0.999987	0	-0.418	-118.594	0	24.0078	24.0078	6.21725e-15	6.27	0	0	0	0	0	0	0	0	0	0	0	0	0	0	0	0	0	0	0	0	0	0	0	0	0	0	0	0	0	0	0	0	0	
1	1	1	931	27.93		300	0	0	-0.04655	-0.04655	0.0710854	0	0	0	-2461.62	-2461.62	6.2738e-05	0	0	0	83.4983	77.2181	0	6.28018		300	0.999987	-0.0228224	-0.0228224	0.0456447	0	0	0	0.999987	0	-0.418	-118.594	0	24.0078	24.0078	6.21725e-15	6.27	0	0	0	0	0	0	0	0	0	0	0	0	0	0	0	0	0	0	0	0	0	0	0	0	0	0	0	0	0	0	0	0	0	
1	1	1	932	27.96		300	0	0	-0.0466	-0.0466	0.071139	0	0	0	-2466.81	-2466.81	6.30204e-05	0	0	0	83.7447	77.4645	0	6.28018		300	0.999987	-0.0228224	-0.0228224	0.0456447	0	0	0	0.999987	0	-0.418	-118.594	0	24.0078	24.0078	6.21725e-15	6.27	0	0	0	0	0	0	0	0	0	0	0	0	0	0	0	0	0	0	0	0	0	0	0	0	0	0	0	0	0	0	0	0	0	
1	1	1	933	27.99		300	0	0	-0.04665	-0.04665	0.0711926	0	0	0	-2472	-2472	6.33001e-05	0	0	0	83.9916	77.7114	0	6.28018		300	0.999987	-0.0228224	-0.0228224	0.0456447	0	0	0	0.999987	0	-0.418	-118.594	0	24.0078	24.0078	6.21725e-15	6.27	0	0	0	0	0	0	0	0	0	0	0	0	0	0	0	0	0	0	0	0	0	0	0	0	0	0	0	0	0	0	0	0	0	
1	1	1	934	28.02		300	0	0	-0.0467	-0.0467	0.0712463	0	0	0	-2477.18	-2477.18	6.35773e-05	0	0	0	84.2391	77.9589	0	6.28019		300	0.999987	-0.0228224	-0.0228224	0.0456447	0	0	0	0.999987	0	-0.418	-118.594	0	24.0078	24.0078	6.21725e-15	6.27	0	0	0	0	0	0	0	0	0	0	0	0	0	0	0	0	0	0	0	0	0	0	0	0	0	0	0	0	0	0	0	0	0	
1	1	1	935	28.05		300	0	0	-0.04675	-0.04675	0.0712999	0	0	0	-2482.37	-2482.37	6.3852e-05	0	0	0	84.4871	78.2069	0	6.28019		300	0.999987	-0.0228224	-0.0228224	0.0456447	0	0	0	0.999987	0	-0.418	-118.594	0	24.0078	24.0078	6.21725e-15	6.27	0	0	0	0	0	0	0	0	0	0	0	0	0	0	0	0	0	0	0	0	0	0	0	0	0	0	0	0	0	0	0	0	0	
1	1	1	936	28.08		300	0	0	-0.0468	-0.0468	0.0713535	0	0	0	-2487.56	-2487.56	6.41242e-05	0	0	0	84.7356	78.4554	0	6.28019		300	0.999987	-0.0228224	-0.0228224	0.0456447	0	0	0	0.999987	0	-0.418	-118.594	0	24.0078	24.0078	6.21725e-15	6.27	0	0	0	0	0	0	0	0	0	0	0	0	0	0	0	0	0	0	0	0	0	0	0	0	0	0	0	0	0	0	0	0	0	
1	1	1	937	28.11		300	0	0	-0.04685	-0.04685	0.0714071	0	0	0	-2492.75	-2492.75	6.43939e-05	0	0	0	84.9846	78.7044	0	6.2802		300	0.999987	-0.0228224	-0.0228224	0.0456447	0	0	0	0.999987	0	-0.418	-118.594	0	24.0078	24.0078	6.21725e-15	6.27	0	0	0	0	0	0	0	0	0	0	0	0	0	0	0	0	0	0	0	0	0	0	0	0	0	0	0	0	0	0	0	0	0	
1	1	1	938	28.14		300	0	0	-0.0469	-0.0469	0.0714607	0	0	0	-2497.93	-2497.93	6.46612e-05	0	0	0	85.2341	78.9539	0	6.2802		300	0.999987	-0.0228224	-0.0228224	0.0456448	0	0	0	0.999987	0	-0.418	-118.594	0	24.0078	24.0078	6.21725e-15	6.27	0	0	0	0	0	0	0	0	0	0	0	0	0	0	0	0	0	0	0	0	0	0	0	0	0	0	0	0	0	0	0	0	0	
1	1	1	939	28.17		300	0	0	-0.04695	-0.04695	0.0715143	0	0	0	-2503.12	-2503.12	6.49261e-05	0	0	0	85.4842	79.204	0	6.2802		300	0.999987	-0.0228224	-0.0228224	0.0456448	0	0	0	0.999987	0	-0.418	-118.594	0	24.0078	24.0078	6.21725e-15	6.27	0	0	0	0	0	0	0	0	0	0	0	0	0	0	0	0	0	0	0	0	0	0	0	0	0	0	0	0	0	0	0	0	0	
1	1	1	940	28.2		300	0	0	-0.047	-0.047	0.0715679	0	0	0	-2508.31	-2508.31	6.51886e-05	0	0	0	85.7347	79.4545	0	6.28021		300	0.999987	-0.0228224	-0.0228224	0.0456448	0	0	0	0.999987	0	-0.418	-118.594	0	24.0078	24.0078	6.21725e-15	6.27	0	0	0	0	0	0	0	0	0	0	0	0	0	0	0	0	0	0	0	0	0	0	0	0	0	0	0	0	0	0	0	0	0	
1	1	1	941	28.23		300	0	0	-0.04705	-0.04705	0.0716215	0	0	0	-2513.49	-2513.49	6.54488e-05	0	0	0	85.9858	79.7056	0	6.28021		300	0.999987	-0.0228224	-0.0228224	0.0456448	0	0	0	0.999987	0	-0.418	-118.594	0	24.0078	24.0078	6.21725e-15	6.27	0	0	0	0	0	0	0	0	0	0	0	0	0	0	0	0	0	0	0	0	0	0	0	0	0	0	0	0	0	0	0	0	0	
1	1	1	942	28.26		300	0	0	-0.0471	-0.0471	0.0716751	0	0	0	-2518.68	-2518.68	6.57066e-05	0	0	0	86.2374	79.9572	0	6.28021		300	0.999987	-0.0228224	-0.0228224	0.0456448	0	0	0	0.999987	0	-0.418	-118.594	0	24.0078	24.0078	6.21725e-15	6.27	0	0	0	0	0	0	0	0	0	0	0	0	0	0	0	0	0	0	0	0	0	0	0	0	0	0	0	0	0	0	0	0	0	
1	1	1	943	28.29		300	0	0	-0.04715	-0.04715	0.0717288	0	0	0	-2523.87	-2523.87	6.59622e-05	0	0	0	86.4896	80.2093	0	6.28022		300	0.999987	-0.0228224	-0.0228224	0.0456448	0	0	0	0.999987	0	-0.418	-118.594	0	24.0078	24.0078	6.21725e-15	6.27	0	0	0	0	0	0	0	0	0	0	0	0	0	0	0	0	0	0	0	0	0	0	0	0	0	0	0	0	0	0	0	0	0	
1	1	1	944	28.32		300	0	0	-0.0472	-0.0472	0.0717824	0	0	0	-2529.06	-2529.06	6.62155e-05	0	0	0	86.7422	80.462	0	6.28022		300	0.999987	-0.0228224	-0.0228224	0.0456448	0	0	0	0.999987	0	-0.418	-118.594	0	24.0078	24.0078	6.21725e-15	6.27	0	0	0	0	0	0	0	0	0	0	0	0	0	0	0	0	0	0	0	0	0	0	0	0	0	0	0	0	0	0	0	0	0	
1	1	1	945	28.35		300	0	0	-0.04725	-0.04725	0.071836	0	0	0	-2534.24	-2534.24	6.64665e-05	0	0	0	86.9954	80.7151	0	6.28022		300	0.999987	-0.0228224	-0.0228224	0.0456448	0	0	0	0.999987	0	-0.418	-118.594	0	24.0078	24.0078	6.21725e-15	6.27	0	0	0	0	0	0	0	0	0	0	0	0	0	0	0	0	0	0	0	0	0	0	0	0	0	0	0	0	0	0	0	0	0	
1	1	1	946	28.38		300	0	0	-0.0473	-0.0473	0.0718896	0	0	0	-2539.43	-2539.43	6.67154e-05	0	0	0	87.2491	80.9688	0	6.28023		300	0.999988	-0.0228224	-0.0228224	0.0456448	0	0	0	0.999988	0	-0.418	-118.594	0	24.0078	24.0078	6.21725e-15	6.27	0	0	0	0	0	0	0	0	0	0	0	0	0	0	0	0	0	0	0	0	0	0	0	0	0	0	0	0	0	0	0	0	0	
1	1	1	947	28.41		300	0	0	-0.04735	-0.04735	0.0719432	0	0	0	-2544.62	-2544.62	6.6962e-05	0	0	0	87.5033	81.223	0	6.28023		300	0.999988	-0.0228224	-0.0228224	0.0456448	0	0	0	0.999988	0	-0.418	-118.594	0	24.0078	24.0078	6.21725e-15	6.27	0	0	0	0	0	0	0	0	0	0	0	0	0	0	0	0	0	0	0	0	0	0	0	0	0	0	0	0	0	0	0	0	0	
1	1	1	948	28.44		300	0	0	-0.0474	-0.0474	0.0719968	0	0	0	-2549.8	-2549.8	6.72066e-05	0	0	0	87.758	81.4777	0	6.28023		300	0.999988	-0.0228224	-0.0228224	0.0456448	0	0	0	0.999988	0	-0.418	-118.594	0	24.0078	24.0078	6.21725e-15	6.27	0	0	0	0	0	0	0	0	0	0	0	0	0	0	0	0	0	0	0	0	0	0	0	0	0	0	0	0	0	0	0	0	0	
1	1	1	949	28.47		300	0	0	-0.04745	-0.04745	0.0720504	0	0	0	-2554.99	-2554.99	6.74489e-05	0	0	0	88.0132	81.733	0	6.28023		300	0.999988	-0.0228224	-0.0228224	0.0456448	0	0	0	0.999988	0	-0.418	-118.594	0	24.0078	24.0078	6.21725e-15	6.27	0	0	0	0	0	0	0	0	0	0	0	0	0	0	0	0	0	0	0	0	0	0	0	0	0	0	0	0	0	0	0	0	0	
1	1	1	950	28.5		300	0	0	-0.0475	-0.0475	0.072104	0	0	0	-2560.18	-2560.18	6.76892e-05	0	0	0	88.269	81.9887	0	6.28024		300	0.999988	-0.0228224	-0.0228224	0.0456448	0	0	0	0.999988	0	-0.418	-118.594	0	24.0078	24.0078	6.21725e-15	6.27	0	0	0	0	0	0	0	0	0	0	0	0	0	0	0	0	0	0	0	0	0	0	0	0	0	0	0	0	0	0	0	0	0	
1	1	1	951	28.53		300	0	0	-0.04755	-0.04755	0.0721576	0	0	0	-2565.37	-2565.37	6.79274e-05	0	0	0	88.5253	82.245	0	6.28024		300	0.999988	-0.0228224	-0.0228224	0.0456448	0	0	0	0.999988	0	-0.418	-118.594	0	24.0078	24.0078	6.21725e-15	6.27	0	0	0	0	0	0	0	0	0	0	0	0	0	0	0	0	0	0	0	0	0	0	0	0	0	0	0	0	0	0	0	0	0	
1	1	1	952	28.56		300	0	0	-0.0476	-0.0476	0.0722112	0	0	0	-2570.55	-2570.55	6.81635e-05	0	0	0	88.7821	82.5018	0	6.28024		300	0.999988	-0.0228224	-0.0228224	0.0456448	0	0	0	0.999988	0	-0.418	-118.594	0	24.0078	24.0078	6.21725e-15	6.27	0	0	0	0	0	0	0	0	0	0	0	0	0	0	0	0	0	0	0	0	0	0	0	0	0	0	0	0	0	0	0	0	0	
1	1	1	953	28.59		300	0	0	-0.04765	-0.04765	0.0722649	0	0	0	-2575.74	-2575.74	6.83976e-05	0	0	0	89.0394	82.7591	0	6.28025		300	0.999988	-0.0228224	-0.0228224	0.0456448	0	0	0	0.999988	0	-0.418	-118.594	0	24.0078	24.0078	6.21725e-15	6.27	0	0	0	0	0	0	0	0	0	0	0	0	0	0	0	0	0	0	0	0	0	0	0	0	0	0	0	0	0	0	0	0	0	
1	1	1	954	28.62		300	0	0	-0.0477	-0.0477	0.0723185	0	0	0	-2580.93	-2580.93	6.86296e-05	0	0	0	89.2972	83.0169	0	6.28025		300	0.999988	-0.0228224	-0.0228224	0.0456448	0	0	0	0.999988	0	-0.418	-118.594	0	24.0078	24.0078	6.21725e-15	6.27	0	0	0	0	0	0	0	0	0	0	0	0	0	0	0	0	0	0	0	0	0	0	0	0	0	0	0	0	0	0	0	0	0	
1	1	1	955	28.65		300	0	0	-0.04775	-0.04775	0.0723721	0	0	0	-2586.12	-2586.12	6.88597e-05	0	0	0	89.5556	83.2753	0	6.28025		300	0.999988	-0.0228224	-0.0228224	0.0456448	0	0	0	0.999988	0	-0.418	-118.594	0	24.0078	24.0078	6.21725e-15	6.27	0	0	0	0	0	0	0	0	0	0	0	0	0	0	0	0	0	0	0	0	0	0	0	0	0	0	0	0	0	0	0	0	0	
1	1	1	956	28.68		300	0	0	-0.0478	-0.0478	0.0724257	0	0	0	-2591.3	-2591.3	6.90878e-05	0	0	0	89.8144	83.5342	0	6.28026		300	0.999988	-0.0228224	-0.0228224	0.0456448	0	0	0	0.999988	0	-0.418	-118.594	0	24.0078	24.0078	6.21725e-15	6.27	0	0	0	0	0	0	0	0	0	0	0	0	0	0	0	0	0	0	0	0	0	0	0	0	0	0	0	0	0	0	0	0	0	
1	1	1	957	28.71		300	0	0	-0.04785	-0.04785	0.0724793	0	0	0	-2596.49	-2596.49	6.9314e-05	0	0	0	90.0738	83.7936	0	6.28026		300	0.999988	-0.0228224	-0.0228224	0.0456448	0	0	0	0.999988	0	-0.418	-118.594	0	24.0078	24.0078	6.21725e-15	6.27	0	0	0	0	0	0	0	0	0	0	0	0	0	0	0	0	0	0	0	0	0	0	0	0	0	0	0	0	0	0	0	0	0	
1	1	1	958	28.74		300	0	0	-0.0479	-0.0479	0.0725329	0	0	0	-2601.68	-2601.68	6.95382e-05	0	0	0	90.3337	84.0535	0	6.28026		300	0.999988	-0.0228224	-0.0228224	0.0456448	0	0	0	0.999988	0	-0.418	-118.594	0	24.0078	24.0078	6.21725e-15	6.27	0	0	0	0	0	0	0	0	0	0	0	0	0	0	0	0	0	0	0	0	0	0	0	0	0	0	0	0	0	0	0	0	0	
1	1	1	959	28.77		300	0	0	-0.04795	-0.04795	0.0725865	0	0	0	-2606.86	-2606.86	6.97606e-05	0	0	0	90.5941	84.3139	0	6.28027		300	0.999988	-0.0228224	-0.0228224	0.0456448	0	0	0	0.999988	0	-0.418	-118.594	0	24.0078	24.0078	6.21725e-15	6.27	0	0	0	0	0	0	0	0	0	0	0	0	0	0	0	0	0	0	0	0	0	0	0	0	0	0	0	0	0	0	0	0	0	
1	1	1	960	28.8		300	0	0	-0.048	-0.048	0.0726401	0	0	0	-2612.05	-2612.05	6.9981e-05	0	0	0	90.8551	84.5748	0	6.28027		300	0.999988	-0.0228224	-0.0228224	0.0456448	0	0	0	0.999988	0	-0.418	-118.594	0	24.0078	24.0078	6.21725e-15	6.27	0	0	0	0	0	0	0	0	0	0	0	0	0	0	0	0	0	0	0	0	0	0	0	0	0	0	0	0	0	0	0	0	0	
1	1	1	961	28.83		300	0	0	-0.04805	-0.04805	0.0726937	0	0	0	-2617.24	-2617.24	7.01996e-05	0	0	0	91.1166	84.8363	0	6.28027		300	0.999988	-0.0228224	-0.0228224	0.0456448	0	0	0	0.999988	0	-0.418	-118.594	0	24.0078	24.0078	6.21725e-15	6.27	0	0	0	0	0	0	0	0	0	0	0	0	0	0	0	0	0	0	0	0	0	0	0	0	0	0	0	0	0	0	0	0	0	
1	1	1	962	28.86		300	0	0	-0.0481	-0.0481	0.0727474	0	0	0	-2622.43	-2622.43	7.04164e-05	0	0	0	91.3785	85.0983	0	6.28027		300	0.999988	-0.0228224	-0.0228224	0.0456448	0	0	0	0.999988	0	-0.418	-118.594	0	24.0078	24.0078	6.21725e-15	6.27	0	0	0	0	0	0	0	0	0	0	0	0	0	0	0	0	0	0	0	0	0	0	0	0	0	0	0	0	0	0	0	0	0	
1	1	1	963	28.89		300	0	0	-0.04815	-0.04815	0.072801	0	0	0	-2627.61	-2627.61	7.06313e-05	0	0	0	91.641	85.3608	0	6.28028		300	0.999988	-0.0228224	-0.0228224	0.0456448	0	0	0	0.999988	0	-0.418	-118.594	0	24.0078	24.0078	6.21725e-15	6.27	0	0	0	0	0	0	0	0	0	0	0	0	0	0	0	0	0	0	0	0	0	0	0	0	0	0	0	0	0	0	0	0	0	
1	1	1	964	28.92		300	0	0	-0.0482	-0.0482	0.0728546	0	0	0	-2632.8	-2632.8	7.08445e-05	0	0	0	91.9041	85.6238	0	6.28028		300	0.999988	-0.0228224	-0.0228224	0.0456448	0	0	0	0.999988	0	-0.418	-118.594	0	24.0078	24.0078	6.21725e-15	6.27	0	0	0	0	0	0	0	0	0	0	0	0	0	0	0	0	0	0	0	0	0	0	0	0	0	0	0	0	0	0	0	0	0	
1	1	1	965	28.95		300	0	0	-0.04825	-0.04825	0.0729082	0	0	0	-2637.99	-2637.99	7.10558e-05	0	0	0	92.1676	85.8873	0	6.28028		300	0.999988	-0.0228224	-0.0228224	0.0456448	0	0	0	0.999988	0	-0.418	-118.594	0	24.0078	24.0078	6.21725e-15	6.27	0	0	0	0	0	0	0	0	0	0	0	0	0	0	0	0	0	0	0	0	0	0	0	0	0	0	0	0	0	0	0	0	0	
1	1	1	966	28.98		300	0	0	-0.0483	-0.0483	0.0729618	0	0	0	-2643.17	-2643.17	7.12654e-05	0	0	0	92.4317	86.1514	0	6.28029		300	0.999988	-0.0228224	-0.0228224	0.0456448	0	0	0	0.999988	0	-0.418	-118.594	0	24.0078	24.0078	6.21725e-15	6.27	0	0	0	0	0	0	0	0	0	0	0	0	0	0	0	0	0	0	0	0	0	0	0	0	0	0	0	0	0	0	0	0	0	
1	1	1	967	29.01		300	0	0	-0.04835	-0.04835	0.0730154	0	0	0	-2648.36	-2648.36	7.14733e-05	0	0	0	92.6962	86.4159	0	6.28029		300	0.999988	-0.0228224	-0.0228224	0.0456448	0	0	0	0.999988	0	-0.418	-118.594	0	24.0078	24.0078	6.21725e-15	6.27	0	0	0	0	0	0	0	0	0	0	0	0	0	0	0	0	0	0	0	0	0	0	0	0	0	0	0	0	0	0	0	0	0	
1	1	1	968	29.04		300	0	0	-0.0484	-0.0484	0.073069	0	0	0	-2653.55	-2653.55	7.16795e-05	0	0	0	92.9613	86.681	0	6.28029		300	0.999988	-0.0228224	-0.0228224	0.0456448	0	0	0	0.999988	0	-0.418	-118.594	0	24.0078	24.0078	6.21725e-15	6.27	0	0	0	0	0	0	0	0	0	0	0	0	0	0	0	0	0	0	0	0	0	0	0	0	0	0	0	0	0	0	0	0	0	
1	1	1	969	29.07		300	0	0	-0.04845	-0.04845	0.0731226	0	0	0	-2658.74	-2658.74	7.18839e-05	0	0	0	93.2269	86.9467	0	6.2803		300	0.999988	-0.0228224	-0.0228224	0.0456448	0	0	0	0.999988	0	-0.418	-118.594	0	24.0078	24.0078	6.21725e-15	6.27	0	0	0	0	0	0	0	0	0	0	0	0	0	0	0	0	0	0	0	0	0	0	0	0	0	0	0	0	0	0	0	0	0	
1	1	1	970	29.1		300	0	0	-0.0485	-0.0485	0.0731762	0	0	0	-2663.92	-2663.92	7.20867e-05	0	0	0	93.4931	87.2128	0	6.2803		300	0.999988	-0.0228224	-0.0228224	0.0456448	0	0	0	0.999988	0	-0.418	-118.594	0	24.0078	24.0078	6.21725e-15	6.27	0	0	0	0	0	0	0	0	0	0	0	0	0	0	0	0	0	0	0	0	0	0	0	0	0	0	0	0	0	0	0	0	0	
1	1	1	971	29.13		300	0	0	-0.04855	-0.04855	0.0732298	0	0	0	-2669.11	-2669.11	7.22878e-05	0	0	0	93.7597	87.4794	0	6.2803		300	0.999988	-0.0228224	-0.0228224	0.0456448	0	0	0	0.999988	0	-0.418	-118.594	0	24.0078	24.0078	6.21725e-15	6.27	0	0	0	0	0	0	0	0	0	0	0	0	0	0	0	0	0	0	0	0	0	0	0	0	0	0	0	0	0	0	0	0	0	
1	1	1	972	29.16		300	0	0	-0.0486	-0.0486	0.0732835	0	0	0	-2674.3	-2674.3	7.24872e-05	0	0	0	94.0269	87.7466	0	6.2803		300	0.999988	-0.0228224	-0.0228224	0.0456448	0	0	0	0.999988	0	-0.418	-118.594	0	24.0078	24.0078	6.21725e-15	6.27	0	0	0	0	0	0	0	0	0	0	0	0	0	0	0	0	0	0	0	0	0	0	0	0	0	0	0	0	0	0	0	0	0	
1	1	1	973	29.19		300	0	0	-0.04865	-0.04865	0.0733371	0	0	0	-2679.48	-2679.48	7.26851e-05	0	0	0	94.2946	88.0143	0	6.28031		300	0.999988	-0.0228224	-0.0228224	0.0456448	0	0	0	0.999988	0	-0.418	-118.594	0	24.0078	24.0078	6.21725e-15	6.27	0	0	0	0	0	0	0	0	0	0	0	0	0	0	0	0	0	0	0	0	0	0	0	0	0	0	0	0	0	0	0	0	0	
1	1	1	974	29.22		300	0	0	-0.0487	-0.0487	0.0733907	0	0	0	-2684.67	-2684.67	7.28813e-05	0	0	0	94.5628	88.2825	0	6.28031		300	0.999988	-0.0228224	-0.0228224	0.0456448	0	0	0	0.999988	0	-0.418	-118.594	0	24.0078	24.0078	6.21725e-15	6.27	0	0	0	0	0	0	0	0	0	0	0	0	0	0	0	0	0	0	0	0	0	0	0	0	0	0	0	0	0	0	0	0	0	
1	1	1	975	29.25		300	0	0	-0.04875	-0.04875	0.0734443	0	0	0	-2689.86	-2689.86	7.30759e-05	0	0	0	94.8315	88.5512	0	6.28031		300	0.999988	-0.0228224	-0.0228224	0.0456448	0	0	0	0.999988	0	-0.418	-118.594	0	24.0078	24.0078	6.21725e-15	6.27	0	0	0	0	0	0	0	0	0	0	0	0	0	0	0	0	0	0	0	0	0	0	0	0	0	0	0	0	0	0	0	0	0	
1	1	1	976	29.28		300	0	0	-0.0488	-0.0488	0.0734979	0	0	0	-2695.05	-2695.05	7.3269e-05	0	0	0	95.1008	88.8205	0	6.28032		300	0.999989	-0.0228224	-0.0228224	0.0456448	0	0	0	0.999989	0	-0.418	-118.594	0	24.0078	24.0078	6.21725e-15	6.27	0	0	0	0	0	0	0	0	0	0	0	0	0	0	0	0	0	0	0	0	0	0	0	0	0	0	0	0	0	0	0	0	0	
1	1	1	977	29.31		300	0	0	-0.04885	-0.04885	0.0735515	0	0	0	-2700.23	-2700.23	7.34605e-05	0	0	0	95.3705	89.0902	0	6.28032		300	0.999989	-0.0228224	-0.0228224	0.0456448	0	0	0	0.999989	0	-0.418	-118.594	0	24.0078	24.0078	6.21725e-15	6.27	0	0	0	0	0	0	0	0	0	0	0	0	0	0	0	0	0	0	0	0	0	0	0	0	0	0	0	0	0	0	0	0	0	
1	1	1	978	29.34		300	0	0	-0.0489	-0.0489	0.0736051	0	0	0	-2705.42	-2705.42	7.36504e-05	0	0	0	95.6408	89.3605	0	6.28032		300	0.999989	-0.0228224	-0.0228224	0.0456448	0	0	0	0.999989	0	-0.418	-118.594	0	24.0078	24.0078	6.21725e-15	6.27	0	0	0	0	0	0	0	0	0	0	0	0	0	0	0	0	0	0	0	0	0	0	0	0	0	0	0	0	0	0	0	0	0	
1	1	1	979	29.37		300	0	0	-0.04895	-0.04895	0.0736587	0	0	0	-2710.61	-2710.61	7.38389e-05	0	0	0	95.9116	89.6313	0	6.28033		300	0.999989	-0.0228224	-0.0228224	0.0456448	0	0	0	0.999989	0	-0.418	-118.594	0	24.0078	24.0078	6.21725e-15	6.27	0	0	0	0	0	0	0	0	0	0	0	0	0	0	0	0	0	0	0	0	0	0	0	0	0	0	0	0	0	0	0	0	0	
1	1	1	980	29.4		300	0	0	-0.049	-0.049	0.0737123	0	0	0	-2715.79	-2715.79	7.40258e-05	0	0	0	96.1829	89.9026	0	6.28033		300	0.999989	-0.0228224	-0.0228224	0.0456448	0	0	0	0.999989	0	-0.418	-118.594	0	24.0078	24.0078	6.21725e-15	6.27	0	0	0	0	0	0	0	0	0	0	0	0	0	0	0	0	0	0	0	0	0	0	0	0	0	0	0	0	0	0	0	0	0	
1	1	1	981	29.43		300	0	0	-0.04905	-0.04905	0.073766	0	0	0	-2720.98	-2720.98	7.42112e-05	0	0	0	96.4548	90.1744	0	6.28033		300	0.999989	-0.0228224	-0.0228224	0.0456448	0	0	0	0.999989	0	-0.418	-118.594	0	24.0078	24.0078	6.21725e-15	6.27	0	0	0	0	0	0	0	0	0	0	0	0	0	0	0	0	0	0	0	0	0	0	0	0	0	0	0	0	0	0	0	0	0	
1	1	1	982	29.46		300	0	0	-0.0491	-0.0491	0.0738196	0	0	0	-2726.17	-2726.17	7.43951e-05	0	0	0	96.7271	90.4468	0	6.28033		300	0.999989	-0.0228224	-0.0228224	0.0456448	0	0	0	0.999989	0	-0.418	-118.594	0	24.0078	24.0078	6.21725e-15	6.27	0	0	0	0	0	0	0	0	0	0	0	0	0	0	0	0	0	0	0	0	0	0	0	0	0	0	0	0	0	0	0	0	0	
1	1	1	983	29.49		300	0	0	-0.04915	-0.04915	0.0738732	0	0	0	-2731.36	-2731.36	7.45776e-05	0	0	0	97	90.7197	0	6.28034		300	0.999989	-0.0228224	-0.0228224	0.0456448	0	0	0	0.999989	0	-0.418	-118.594	0	24.0078	24.0078	6.21725e-15	6.27	0	0	0	0	0	0	0	0	0	0	0	0	0	0	0	0	0	0	0	0	0	0	0	0	0	0	0	0	0	0	0	0	0	
1	1	1	984	29.52		300	0	0	-0.0492	-0.0492	0.0739268	0	0	0	-2736.54	-2736.54	7.47587e-05	0	0	0	97.2734	90.9931	0	6.28034		300	0.999989	-0.0228224	-0.0228224	0.0456448	0	0	0	0.999989	0	-0.418	-118.594	0	24.0078	24.0078	6.21725e-15	6.27	0	0	0	0	0	0	0	0	0	0	0	0	0	0	0	0	0	0	0	0	0	0	0	0	0	0	0	0	0	0	0	0	0	
1	1	1	985	29.55		300	0	0	-0.04925	-0.04925	0.0739804	0	0	0	-2741.73	-2741.73	7.49383e-05	0	0	0	97.5473	91.267	0	6.28034		300	0.999989	-0.0228224	-0.0228224	0.0456448	0	0	0	0.999989	0	-0.418	-118.594	0	24.0078	24.0078	6.21725e-15	6.27	0	0	0	0	0	0	0	0	0	0	0	0	0	0	0	0	0	0	0	0	0	0	0	0	0	0	0	0	0	0	0	0	0	
1	1	1	986	29.58		300	0	0	-0.0493	-0.0493	0.074034	0	0	0	-2746.92	-2746.92	7.51165e-05	0	0	0	97.8218	91.5414	0	6.28035		300	0.999989	-0.0228224	-0.0228224	0.0456448	0	0	0	0.999989	0	-0.418	-118.594	0	24.0078	24.0078	6.21725e-15	6.27	0	0	0	0	0	0	0	0	0	0	0	0	0	0	0	0	0	0	0	0	0	0	0	0	0	0	0	0	0	0	0	0	0	
1	1	1	987	29.61		300	0	0	-0.04935	-0.04935	0.0740876	0	0	0	-2752.1	-2752.1	7.52933e-05	0	0	0	98.0967	91.8164	0	6.28035		300	0.999989	-0.0228224	-0.0228224	0.0456448	0	0	0	0.999989	0	-0.418	-118.594	0	24.0078	24.0078	6.21725e-15	6.27	0	0	0	0	0	0	0	0	0	0	0	0	0	0	0	0	0	0	0	0	0	0	0	0	0	0	0	0	0	0	0	0	0	
1	1	1	988	29.64		300	0	0	-0.0494	-0.0494	0.0741412	0	0	0	-2757.29	-2757.29	7.54687e-05	0	0	0	98.3722	92.0918	0	6.28035		300	0.999989	-0.0228224	-0.0228224	0.0456448	0	0	0	0.999989	0	-0.418	-118.594	0	24.0078	24.0078	6.21725e-15	6.27	0	0	0	0	0	0	0	0	0	0	0	0	0	0	0	0	0	0	0	0	0	0	0	0	0	0	0	0	0	0	0	0	0	
1	1	1	989	29.67		300	0	0	-0.04945	-0.04945	0.0741948	0	0	0	-2762.48	-2762.48	7.56427e-05	0	0	0	98.6482	92.3678	0	6.28035		300	0.999989	-0.0228224	-0.0228224	0.0456448	0	0	0	0.999989	0	-0.418	-118.594	0	24.0078	24.0078	6.21725e-15	6.27	0	0	0	0	0	0	0	0	0	0	0	0	0	0	0	0	0	0	0	0	0	0	0	0	0	0	0	0	0	0	0	0	0	
1	1	1	990	29.7		300	0	0	-0.0495	-0.0495	0.0742484	0	0	0	-2767.67	-2767.67	7.58154e-05	0	0	0	98.9247	92.6443	0	6.28036		300	0.999989	-0.0228224	-0.0228224	0.0456448	0	0	0	0.999989	0	-0.418	-118.594	0	24.0078	24.0078	6.21725e-15	6.27	0	0	0	0	0	0	0	0	0	0	0	0	0	0	0	0	0	0	0	0	0	0	0	0	0	0	0	0	0	0	0	0	0	
1	1	1	991	29.73		300	0	0	-0.04955	-0.04955	0.0743021	0	0	0	-2772.85	-2772.85	7.59867e-05	0	0	0	99.2017	92.9213	0	6.28036		300	0.999989	-0.0228224	-0.0228224	0.0456448	0	0	0	0.999989	0	-0.418	-118.594	0	24.0078	24.0078	6.21725e-15	6.27	0	0	0	0	0	0	0	0	0	0	0	0	0	0	0	0	0	0	0	0	0	0	0	0	0	0	0	0	0	0	0	0	0	
1	1	1	992	29.76		300	0	0	-0.0496	-0.0496	0.0743557	0	0	0	-2778.04	-2778.04	7.61567e-05	0	0	0	99.4792	93.1989	0	6.28036		300	0.999989	-0.0228224	-0.0228224	0.0456448	0	0	0	0.999989	0	-0.418	-118.594	0	24.0078	24.0078	6.21725e-15	6.27	0	0	0	0	0	0	0	0	0	0	0	0	0	0	0	0	0	0	0	0	0	0	0	0	0	0	0	0	0	0	0	0	0	
1	1	1	993	29.79		300	0	0	-0.04965	-0.04965	0.0744093	0	0	0	-2783.23	-2783.23	7.63254e-05	0	0	0	99.7573	93.4769	0	6.28036		300	0.999989	-0.0228224	-0.0228224	0.0456448	0	0	0	0.999989	0	-0.418	-118.594	0	24.0078	24.0078	6.21725e-15	6.27	0	0	0	0	0	0	0	0	0	0	0	0	0	0	0	0	0	0	0	0	0	0	0	0	0	0	0	0	0	0	0	0	0	
1	1	1	994	29.82		300	0	0	-0.0497	-0.0497	0.0744629	0	0	0	-2788.41	-2788.41	7.64928e-05	0	0	0	100.036	93.7555	0	6.28037		300	0.999989	-0.0228224	-0.0228224	0.0456448	0	0	0	0.999989	0	-0.418	-118.594	0	24.0078	24.0078	6.21725e-15	6.27	0	0	0	0	0	0	0	0	0	0	0	0	0	0	0	0	0	0	0	0	0	0	0	0	0	0	0	0	0	0	0	0	0	
1	1	1	995	29.85		300	0	0	-0.04975	-0.04975	0.0745165	0	0	0	-2793.6	-2793.6	7.66589e-05	0	0	0	100.315	94.0346	0	6.28037		300	0.999989	-0.0228224	-0.0228224	0.0456448	0	0	0	0.999989	0	-0.418	-118.594	0	24.0078	24.0078	6.21725e-15	6.27	0	0	0	0	0	0	0	0	0	0	0	0	0	0	0	0	0	0	0	0	0	0	0	0	0	0	0	0	0	0	0	0	0	
1	1	1	996	29.88		300	0	0	-0.0498	-0.0498	0.0745701	0	0	0	-2798.79	-2798.79	7.68237e-05	0	0	0	100.595	94.3142	0	6.28037		300	0.999989	-0.0228224	-0.0228224	0.0456448	0	0	0	0.999989	0	-0.418	-118.594	0	24.0078	24.0078	6.21725e-15	6.27	0	0	0	0	0	0	0	0	0	0	0	0	0	0	0	0	0	0	0	0	0	0	0	0	0	0	0	0	0	0	0	0	0	
1	1	1	997	29.91		300	0	0	-0.04985	-0.04985	0.0746237	0	0	0	-2803.98	-2803.98	7.69873e-05	0	0	0	100.875	94.5944	0	6.28038		300	0.999989	-0.0228224	-0.0228224	0.0456448	0	0	0	0.999989	0	-0.418	-118.594	0	24.0078	24.0078	6.21725e-15	6.27	0	0	0	0	0	0	0	0	0	0	0	0	0	0	0	0	0	0	0	0	0	0	0	0	0	0	0	0	0	0	0	0	0	
1	1	1	998	29.94		300	0	0	-0.0499	-0.0499	0.0746773	0	0	0	-2809.16	-2809.16	7.71496e-05	0	0	0	101.155	94.875	0	6.28038		300	0.999989	-0.0228224	-0.0228224	0.0456448	0	0	0	0.999989	0	-0.418	-118.594	0	24.0078	24.0078	6.21725e-15	6.27	0	0	0	0	0	0	0	0	0	0	0	0	0	0	0	0	0	0	0	0	0	0	0	0	0	0	0	0	0	0	0	0	0	
1	1	1	999	29.97		300	0	0	-0.04995	-0.04995	0.0747309	0	0	0	-2814.35	-2814.35	7.73107e-05	0	0	0	101.437	95.1562	0	6.28038		300	0.999989	-0.0228224	-0.0228224	0.0456448	0	0	0	0.999989	0	-0.418	-118.594	0	24.0078	24.0078	6.21725e-15	6.27	0	0	0	0	0	0	0	0	0	0	0	0	0	0	0	0	0	0	0	0	0	0	0	0	0	0	0	0	0	0	0	0	0	
1	1	1	1000	30		300	0	0	-0.05	-0.05	0.0747846	0	0	0	-2819.54	-2819.54	7.74705e-05	0	0	0	101.718	95.4379	0	6.28038		300	0.999989	-0.0228224	-0.0228224	0.0456448	0	0	0	0.999989	0	-0.418	-118.594	0	24.0078	24.0078	6.21725e-15	6.27	0	0	0	0	0	0	0	0	0	0	0	0	0	0	0	0	0	0	0	0	0	0	0	0	0	0	0	0	0	0	0	0	0	
