1	1	1	1	0.03		300	0	0	5e-05	5e-05	-5.36098e-05	0	0	0	0.868394	0.868394	-1.10646e-16	0	0	0	4.34197e-05	4.34197e-05	0	0		300	1e-09	0	0	0	0	0	0	1e-09	0	-0.355028	-111.796	0	20.391	20.391	-1.5099e-14	5.32541	0	0	0	0	0	0	0	0	0	0	0	0	0	0	0	0	0	0	0	0	0	0	0	0	0	0	0	0	0	0	0	0	0	
1	1	1	2	0.06		300	0	0	0.0001	0.0001	-0.00010722	0	0	0	1.73679	1.73679	-2.21292e-16	0	0	0	0.000173679	0.000173679	0	0		300	1e-09	0	0	0	0	0	0	1e-09	0	-0.355028	-111.796	0	20.391	20.391	-1.5099e-14	5.32541	0	0	0	0	0	0	0	0	0	0	0	0	0	0	0	0	0	0	0	0	0	0	0	0	0	0	0	0	0	0	0	0	0	
1	1	1	3	0.09		300	0	0	0.00015	0.00015	-0.000160829	0	0	0	2.60518	2.60518	-3.31938e-16	0	0	0	0.000390777	0.000390777	0	0		300	1e-09	0	0	0	0	0	0	1e-09	0	-0.355028	-111.796	0	20.391	20.391	-1.5099e-14	5.32541	0	0	0	0	0	0	0	0	0	0	0	0	0	0	0	0	0	0	0	0	0	0	0	0	0	0	0	0	0	0	0	0	0	
1	1	1	4	0.12		300	0	0	0.0002	0.0002	-0.000214439	0	0	0	3.47358	3.47358	-4.42584e-16	0	0	0	0.000694715	0.000694715	0	0		300	1e-09	0	0	0	0	0	0	1e-09	0	-0.355028	-111.796	0	20.391	20.391	-1.5099e-14	5.32541	0	0	0	0	0	0	0	0	0	0	0	0	0	0	0	0	0	0	0	0	0	0	0	0	0	0	0	0	0	0	0	0	0	
1	1	1	5	0.15		300	0	0	0.00025	0.00025	-0.000268049	0	0	0	4.34197	4.34197	-5.5323e-16	0	0	0	0.00108549	0.00108549	0	0		300	1e-09	0	0	0	0	0	0	1e-09	0	-0.355028	-111.796	0	20.391	20.391	-1.5099e-14	5.32541	0	0	0	0	0	0	0	0	0	0	0	0	0	0	0	0	0	0	0	0	0	0	0	0	0	0	0	0	0	0	0	0	0	
1	1	1	6	0.18		300	0	0	0.0003	0.0003	-0.000321659	0	0	0	5.21036	5.21036	3.11734e-07	0	0	0	0.00156311	0.0015631	0	4.6701e-09		300	1.87819e-09	1.85968e-11	1.85968e-11	-3.71936e-11	0	0	0	1.87819e-09	0	-0.355028	-111.796	0	20.391	20.391	-1.5099e-14	5.32541	0	0	0	0	0	0	0	0	0	0	0	0	0	0	0	0	0	0	0	0	0	0	0	0	0	0	0	0	0	0	0	0	0	
1	1	1	7	0.21		300	0	0	0.00035	0.00035	-0.000375269	0	0	0	6.07876	6.07876	6.02182e-07	0	0	0	0.00212756	0.00212755	0	1.9624e-08		300	4.68622e-09	7.80606e-11	7.80606e-11	-1.56121e-10	0	0	0	4.68622e-09	0	-0.355028	-111.796	0	20.391	20.391	-1.5099e-14	5.32541	0	0	0	0	0	0	0	0	0	0	0	0	0	0	0	0	0	0	0	0	0	0	0	0	0	0	0	0	0	0	0	0	0	
1	1	1	8	0.24		300	0	0	0.0004	0.0004	-0.000428879	0	0	0	6.94715	6.94715	1.06031e-06	0	0	0	0.00277886	0.00277881	0	4.87123e-08		300	1.01484e-08	1.93729e-10	1.93729e-10	-3.87458e-10	0	0	0	1.01484e-08	0	-0.355028	-111.796	0	20.391	20.391	-1.5099e-14	5.32541	0	0	0	0	0	0	0	0	0	0	0	0	0	0	0	0	0	0	0	0	0	0	0	0	0	0	0	0	0	0	0	0	0	
1	1	1	9	0.27		300	0	0	0.00045	0.00045	-0.000482489	0	0	0	7.81554	7.81554	1.7199e-06	0	0	0	0.00351699	0.00351689	0	1.00189e-07		300	1.98146e-08	3.98424e-10	3.98424e-10	-7.96849e-10	0	0	0	1.98146e-08	0	-0.355028	-111.796	0	20.391	20.391	-1.5099e-14	5.32541	0	0	0	0	0	0	0	0	0	0	0	0	0	0	0	0	0	0	0	0	0	0	0	0	0	0	0	0	0	0	0	0	0	
1	1	1	10	0.3		300	0	0	0.0005	0.0005	-0.000536099	0	0	0	8.68393	8.68393	2.60048e-06	0	0	0	0.00434197	0.00434178	0	1.85034e-07		300	3.57468e-08	7.35809e-10	7.35809e-10	-1.47162e-09	0	0	0	3.57468e-08	0	-0.355028	-111.796	0	20.391	20.391	-1.5099e-14	5.32541	0	0	0	0	0	0	0	0	0	0	0	0	0	0	0	0	0	0	0	0	0	0	0	0	0	0	0	0	0	0	0	0	0	
1	1	1	11	0.33		300	0	0	0.00055	0.00055	-0.000589709	0	0	0	9.55231	9.55231	2.60048e-06	0	0	0	0.00525378	0.00525346	0	3.17345e-07		300	6.05918e-08	1.26194e-09	1.26194e-09	-2.52387e-09	0	0	0	6.05918e-08	0	-0.355028	-111.796	0	20.391	20.391	-1.5099e-14	5.32541	0	0	0	0	0	0	0	0	0	0	0	0	0	0	0	0	0	0	0	0	0	0	0	0	0	0	0	0	0	0	0	0	0	
1	1	1	12	0.36		300	0	0	0.0006	0.0006	-0.00064332	0	0	0	10.4207	10.4207	2.60048e-06	0	0	0	0.00625243	0.00625191	0	5.14722e-07		300	9.76552e-08	2.0468e-09	2.0468e-09	-4.0936e-09	0	0	0	9.76552e-08	0	-0.355028	-111.796	0	20.391	20.391	-1.5099e-14	5.32541	0	0	0	0	0	0	0	0	0	0	0	0	0	0	0	0	0	0	0	0	0	0	0	0	0	0	0	0	0	0	0	0	0	
1	1	1	13	0.39		300	0	0	0.00065	0.00065	-0.000696931	0	0	0	11.2891	11.2891	2.60047e-06	0	0	0	0.00733792	0.00733712	0	7.98666e-07		300	1.50974e-07	3.17589e-09	3.17589e-09	-6.35179e-09	0	0	0	1.50974e-07	0	-0.355028	-111.796	0	20.391	20.391	-1.5099e-14	5.32541	0	0	0	0	0	0	0	0	0	0	0	0	0	0	0	0	0	0	0	0	0	0	0	0	0	0	0	0	0	0	0	0	0	
1	1	1	14	0.42		300	0	0	0.0007	0.0007	-0.000750542	0	0	0	12.1574	12.1574	2.60047e-06	0	0	0	0.00851024	0.00850905	0	1.19496e-06		300	2.25389e-07	4.75174e-09	4.75174e-09	-9.50348e-09	0	0	0	2.25389e-07	0	-0.355028	-111.796	0	20.391	20.391	-1.5099e-14	5.32541	0	0	0	0	0	0	0	0	0	0	0	0	0	0	0	0	0	0	0	0	0	0	0	0	0	0	0	0	0	0	0	0	0	
1	1	1	15	0.45		300	0	0	0.00075	0.00075	-0.000804154	0	0	0	13.0258	13.0258	2.60047e-06	0	0	0	0.0097694	0.00976767	0	1.73406e-06		300	3.26621e-07	6.89546e-09	6.89546e-09	-1.37909e-08	0	0	0	3.26621e-07	0	-0.355028	-111.796	0	20.391	20.391	-1.5099e-14	5.32541	0	0	0	0	0	0	0	0	0	0	0	0	0	0	0	0	0	0	0	0	0	0	0	0	0	0	0	0	0	0	0	0	0	
1	1	1	16	0.48		300	0	0	0.0008	0.0008	-0.000857766	0	0	0	13.8941	13.8941	3.16546e-06	0	0	0	0.0111154	0.0111129	0	2.45149e-06		300	4.61339e-07	9.74829e-09	9.74829e-09	-1.94966e-08	0	0	0	4.61339e-07	0	-0.355028	-111.796	0	20.391	20.391	-1.5099e-14	5.32541	0	0	0	0	0	0	0	0	0	0	0	0	0	0	0	0	0	0	0	0	0	0	0	0	0	0	0	0	0	0	0	0	0	
1	1	1	17	0.51		300	0	0	0.00085	0.00085	-0.000911379	0	0	0	14.7625	14.7625	2.8028e-06	0	0	0	0.0125482	0.0125448	0	3.38822e-06		300	6.37238e-07	1.34732e-08	1.34732e-08	-2.69464e-08	0	0	0	6.37238e-07	0	-0.355028	-111.796	0	20.391	20.391	-1.5099e-14	5.32541	0	0	0	0	0	0	0	0	0	0	0	0	0	0	0	0	0	0	0	0	0	0	0	0	0	0	0	0	0	0	0	0	0	
1	1	1	18	0.54		300	0	0	0.0009	0.0009	-0.000964994	0	0	0	15.6308	15.6308	2.80281e-06	0	0	0	0.0140679	0.0140633	0	4.59107e-06		300	8.63107e-07	1.82563e-08	1.82563e-08	-3.65125e-08	0	0	0	8.63107e-07	0	-0.355028	-111.796	0	20.391	20.391	-1.5099e-14	5.32541	0	0	0	0	0	0	0	0	0	0	0	0	0	0	0	0	0	0	0	0	0	0	0	0	0	0	0	0	0	0	0	0	0	
1	1	1	19	0.57		300	0	0	0.00095	0.00095	-0.00101861	0	0	0	16.4991	16.4991	2.80285e-06	0	0	0	0.0156744	0.0156683	0	6.11306e-06		300	1.1489e-06	2.43084e-08	2.43084e-08	-4.86168e-08	0	0	0	1.1489e-06	0	-0.355028	-111.796	0	20.391	20.391	-1.5099e-14	5.32541	0	0	0	0	0	0	0	0	0	0	0	0	0	0	0	0	0	0	0	0	0	0	0	0	0	0	0	0	0	0	0	0	0	
1	1	1	20	0.6		300	0	0	0.001	0.001	-0.00107223	0	0	0	17.3673	17.3673	2.80295e-06	0	0	0	0.0173677	0.0173597	0	8.01385e-06		300	1.50583e-06	3.18668e-08	3.18668e-08	-6.37336e-08	0	0	0	1.50583e-06	0	-0.355028	-111.796	0	20.391	20.391	-1.5099e-14	5.32541	0	0	0	0	0	0	0	0	0	0	0	0	0	0	0	0	0	0	0	0	0	0	0	0	0	0	0	0	0	0	0	0	0	
1	1	1	21	0.63		300	0	0	0.00105	0.00105	-0.00112584	0	0	0	18.2356	18.2356	2.80314e-06	0	0	0	0.0191478	0.0191375	0	1.03601e-05		300	1.9464e-06	4.11965e-08	4.11965e-08	-8.23929e-08	0	0	0	1.9464e-06	0	-0.355028	-111.796	0	20.391	20.391	-1.5099e-14	5.32541	0	0	0	0	0	0	0	0	0	0	0	0	0	0	0	0	0	0	0	0	0	0	0	0	0	0	0	0	0	0	0	0	0	
1	1	1	22	0.66		300	0	0	0.0011	0.0011	-0.00117946	0	0	0	19.1038	19.1038	2.8035e-06	0	0	0	0.0210148	0.0210016	0	1.32257e-05		300	2.48451e-06	5.25917e-08	5.25917e-08	-1.05183e-07	0	0	0	2.48451e-06	0	-0.355028	-111.796	0	20.391	20.391	-1.5099e-14	5.32541	0	0	0	0	0	0	0	0	0	0	0	0	0	0	0	0	0	0	0	0	0	0	0	0	0	0	0	0	0	0	0	0	0	
1	1	1	23	0.69		300	0	0	0.00115	0.00115	-0.00123309	0	0	0	19.9719	19.9719	2.80414e-06	0	0	0	0.0229686	0.0229519	0	1.66926e-05		300	3.13552e-06	6.63776e-08	6.63776e-08	-1.32755e-07	0	0	0	3.13552e-06	0	-0.355028	-111.796	0	20.391	20.391	-1.5099e-14	5.32541	0	0	0	0	0	0	0	0	0	0	0	0	0	0	0	0	0	0	0	0	0	0	0	0	0	0	0	0	0	0	0	0	0	
1	1	1	24	0.72		300	0	0	0.0012	0.0012	-0.00128671	0	0	0	20.84	20.84	2.80523e-06	0	0	0	0.0250092	0.0249883	0	2.08506e-05		300	3.9163e-06	8.29116e-08	8.29116e-08	-1.65823e-07	0	0	0	3.9163e-06	0	-0.355028	-111.796	0	20.391	20.391	-1.5099e-14	5.32541	0	0	0	0	0	0	0	0	0	0	0	0	0	0	0	0	0	0	0	0	0	0	0	0	0	0	0	0	0	0	0	0	0	
1	1	1	25	0.75		300	0	0	0.00125	0.00125	-0.00134034	0	0	0	21.7081	21.7081	2.80703e-06	0	0	0	0.0271366	0.0271108	0	2.57981e-05		300	4.84533e-06	1.02585e-07	1.02585e-07	-2.0517e-07	0	0	0	4.84533e-06	0	-0.355028	-111.796	0	20.391	20.391	-1.5099e-14	5.32541	0	0	0	0	0	0	0	0	0	0	0	0	0	0	0	0	0	0	0	0	0	0	0	0	0	0	0	0	0	0	0	0	0	
1	1	1	26	0.78		300	0	0	0.0013	0.0013	-0.00139397	0	0	0	22.5761	22.5761	2.80989e-06	0	0	0	0.0293508	0.0293192	0	3.16424e-05		300	5.94277e-06	1.25825e-07	1.25825e-07	-2.5165e-07	0	0	0	5.94277e-06	0	-0.355028	-111.796	0	20.391	20.391	-1.5099e-14	5.32541	0	0	0	0	0	0	0	0	0	0	0	0	0	0	0	0	0	0	0	0	0	0	0	0	0	0	0	0	0	0	0	0	0	
1	1	1	27	0.81		300	0	0	0.00135	0.00135	-0.00144761	0	0	0	23.4439	23.4439	2.80989e-06	0	0	0	0.0316518	0.0316118	0	3.99561e-05		300	7.50415e-06	1.58983e-07	1.58983e-07	-3.17966e-07	0	0	0	7.50415e-06	0	-0.355028	-111.796	0	20.391	20.391	-1.5099e-14	5.32541	0	0	0	0	0	0	0	0	0	0	0	0	0	0	0	0	0	0	0	0	0	0	0	0	0	0	0	0	0	0	0	0	0	
1	1	1	28	0.84		300	0	0	0.0014	0.0014	-0.00150126	0	0	0	24.3115	24.3115	2.80983e-06	0	0	0	0.0340396	0.033989	0	5.05563e-05		300	9.49503e-06	2.01597e-07	2.01597e-07	-4.03193e-07	0	0	0	9.49503e-06	0	-0.355028	-111.796	0	20.391	20.391	-1.5099e-14	5.32541	0	0	0	0	0	0	0	0	0	0	0	0	0	0	0	0	0	0	0	0	0	0	0	0	0	0	0	0	0	0	0	0	0	
1	1	1	29	0.87		300	0	0	0.00145	0.00145	-0.00155492	0	0	0	25.179	25.179	2.80976e-06	0	0	0	0.0365141	0.0364507	0	6.34408e-05		300	1.1915e-05	2.53857e-07	2.53857e-07	-5.07714e-07	0	0	0	1.1915e-05	0	-0.355028	-111.796	0	20.391	20.391	-1.5099e-14	5.32541	0	0	0	0	0	0	0	0	0	0	0	0	0	0	0	0	0	0	0	0	0	0	0	0	0	0	0	0	0	0	0	0	0	
1	1	1	30	0.9		300	0	0	0.0015	0.0015	-0.00160859	0	0	0	26.0463	26.0463	2.80965e-06	0	0	0	0.0390754	0.0389964	0	7.89949e-05		300	1.48363e-05	3.17494e-07	3.17494e-07	-6.34987e-07	0	0	0	1.48363e-05	0	-0.355028	-111.796	0	20.391	20.391	-1.5099e-14	5.32541	0	0	0	0	0	0	0	0	0	0	0	0	0	0	0	0	0	0	0	0	0	0	0	0	0	0	0	0	0	0	0	0	0	
1	1	1	31	0.93		300	0	0	0.00155	0.00155	-0.00166227	0	0	0	26.9134	26.9134	2.8095e-06	0	0	0	0.0417233	0.0416257	0	9.76512e-05		300	1.83403e-05	3.94469e-07	3.94469e-07	-7.88938e-07	0	0	0	1.83403e-05	0	-0.355028	-111.796	0	20.391	20.391	-1.5099e-14	5.32541	0	0	0	0	0	0	0	0	0	0	0	0	0	0	0	0	0	0	0	0	0	0	0	0	0	0	0	0	0	0	0	0	0	
1	1	1	32	0.96		300	0	0	0.0016	0.0016	-0.00171597	0	0	0	27.7801	27.7801	2.80929e-06	0	0	0	0.044458	0.0443381	0	0.000119893		300	2.25179e-05	4.86996e-07	4.86996e-07	-9.73992e-07	0	0	0	2.25179e-05	0	-0.355028	-111.796	0	20.391	20.391	-1.5099e-14	5.32541	0	0	0	0	0	0	0	0	0	0	0	0	0	0	0	0	0	0	0	0	0	0	0	0	0	0	0	0	0	0	0	0	0	
1	1	1	33	0.99		300	0	0	0.00165	0.00165	-0.00176968	0	0	0	28.6466	28.6466	2.80901e-06	0	0	0	0.0472794	0.0471331	0	0.00014626		300	2.747e-05	5.97559e-07	5.97559e-07	-1.19512e-06	0	0	0	2.747e-05	0	-0.355028	-111.796	0	20.391	20.391	-1.5099e-14	5.32541	0	0	0	0	0	0	0	0	0	0	0	0	0	0	0	0	0	0	0	0	0	0	0	0	0	0	0	0	0	0	0	0	0	
1	1	1	34	1.02		300	0	0	0.0017	0.0017	-0.00182341	0	0	0	29.5127	29.5127	2.80862e-06	0	0	0	0.0501873	0.05001	0	0.000177346		300	3.33088e-05	7.28936e-07	7.28936e-07	-1.45787e-06	0	0	0	3.33088e-05	0	-0.355028	-111.796	0	20.391	20.391	-1.5099e-14	5.32541	0	0	0	0	0	0	0	0	0	0	0	0	0	0	0	0	0	0	0	0	0	0	0	0	0	0	0	0	0	0	0	0	0	
1	1	1	35	1.05		300	0	0	0.00175	0.00175	-0.00187716	0	0	0	30.3784	30.3784	2.80812e-06	0	0	0	0.0531819	0.0529681	0	0.000213812		300	4.01579e-05	8.84217e-07	8.84217e-07	-1.76843e-06	0	0	0	4.01579e-05	0	-0.355028	-111.796	0	20.391	20.391	-1.5099e-14	5.32541	0	0	0	0	0	0	0	0	0	0	0	0	0	0	0	0	0	0	0	0	0	0	0	0	0	0	0	0	0	0	0	0	0	
1	1	1	36	1.08		300	0	0	0.0018	0.0018	-0.00193094	0	0	0	31.2437	31.2437	2.80745e-06	0	0	0	0.056263	0.0560066	0	0.000256379		300	4.8153e-05	1.06683e-06	1.06683e-06	-2.13365e-06	0	0	0	4.8153e-05	0	-0.355028	-111.796	0	20.391	20.391	-1.5099e-14	5.32541	0	0	0	0	0	0	0	0	0	0	0	0	0	0	0	0	0	0	0	0	0	0	0	0	0	0	0	0	0	0	0	0	0	
1	1	1	37	1.11		300	0	0	0.00185	0.00185	-0.00198475	0	0	0	32.1083	32.1083	2.80657e-06	0	0	0	0.0594306	0.0591247	0	0.000305841		300	5.74431e-05	1.28054e-06	1.28054e-06	-2.56109e-06	0	0	0	5.74431e-05	0	-0.355028	-111.796	0	20.391	20.391	-1.5099e-14	5.32541	0	0	0	0	0	0	0	0	0	0	0	0	0	0	0	0	0	0	0	0	0	0	0	0	0	0	0	0	0	0	0	0	0	
1	1	1	38	1.14		300	0	0	0.0019	0.0019	-0.00203859	0	0	0	32.9724	32.9724	2.80545e-06	0	0	0	0.0626846	0.0623216	0	0.000363059		300	6.81902e-05	1.52952e-06	1.52952e-06	-3.05904e-06	0	0	0	6.81902e-05	0	-0.355028	-111.796	0	20.391	20.391	-1.5099e-14	5.32541	0	0	0	0	0	0	0	0	0	0	0	0	0	0	0	0	0	0	0	0	0	0	0	0	0	0	0	0	0	0	0	0	0	
1	1	1	39	1.17		300	0	0	0.00195	0.00195	-0.00209247	0	0	0	33.8358	33.8358	2.804e-06	0	0	0	0.066025	0.0655961	0	0.000428975		300	8.05708e-05	1.8183e-06	1.8183e-06	-3.63661e-06	0	0	0	8.05708e-05	0	-0.355028	-111.796	0	20.391	20.391	-1.5099e-14	5.32541	0	0	0	0	0	0	0	0	0	0	0	0	0	0	0	0	0	0	0	0	0	0	0	0	0	0	0	0	0	0	0	0	0	
1	1	1	40	1.2		300	0	0	0.002	0.002	-0.00214639	0	0	0	34.6984	34.6984	2.80217e-06	0	0	0	0.0694517	0.0689471	0	0.000504602		300	9.47756e-05	2.15186e-06	2.15186e-06	-4.30371e-06	0	0	0	9.47756e-05	0	-0.355028	-111.796	0	20.391	20.391	-1.5099e-14	5.32541	0	0	0	0	0	0	0	0	0	0	0	0	0	0	0	0	0	0	0	0	0	0	0	0	0	0	0	0	0	0	0	0	0	
1	1	1	41	1.23		300	0	0	0.00205	0.00205	-0.00220036	0	0	0	35.5601	35.5601	2.79987e-06	0	0	0	0.0729647	0.0723736	0	0.000591038		300	0.000111011	2.53556e-06	2.53556e-06	-5.07113e-06	0	0	0	0.000111011	0	-0.355028	-111.796	0	20.391	20.391	-1.5099e-14	5.32541	0	0	0	0	0	0	0	0	0	0	0	0	0	0	0	0	0	0	0	0	0	0	0	0	0	0	0	0	0	0	0	0	0	
1	1	1	42	1.26		300	0	0	0.0021	0.0021	-0.00225437	0	0	0	36.4209	36.4209	2.79701e-06	0	0	0	0.0765637	0.0758742	0	0.00068946		300	0.000129497	2.97526e-06	2.97526e-06	-5.95052e-06	0	0	0	0.000129497	0	-0.355028	-111.796	0	20.391	20.391	-1.5099e-14	5.32541	0	0	0	0	0	0	0	0	0	0	0	0	0	0	0	0	0	0	0	0	0	0	0	0	0	0	0	0	0	0	0	0	0	
1	1	1	43	1.29		300	0	0	0.00215	0.00215	-0.00230845	0	0	0	37.2805	37.2805	2.79346e-06	0	0	0	0.0802488	0.0794476	0	0.000801132		300	0.000150472	3.47723e-06	3.47723e-06	-6.95446e-06	0	0	0	0.000150472	0	-0.355028	-111.796	0	20.391	20.391	-1.5099e-14	5.32541	0	0	0	0	0	0	0	0	0	0	0	0	0	0	0	0	0	0	0	0	0	0	0	0	0	0	0	0	0	0	0	0	0	
1	1	1	44	1.32		300	0	0	0.0022	0.0022	-0.00236259	0	0	0	38.139	38.139	2.78911e-06	0	0	0	0.0840198	0.0830924	0	0.000927399		300	0.000174189	4.04824e-06	4.04824e-06	-8.09648e-06	0	0	0	0.000174189	0	-0.355028	-111.796	0	20.391	20.391	-1.5099e-14	5.32541	0	0	0	0	0	0	0	0	0	0	0	0	0	0	0	0	0	0	0	0	0	0	0	0	0	0	0	0	0	0	0	0	0	
1	1	1	45	1.35		300	0	0	0.00225	0.00225	-0.0024168	0	0	0	38.9962	38.9962	2.78382e-06	0	0	0	0.0878765	0.0868068	0	0.0010697		300	0.000200916	4.69552e-06	4.69552e-06	-9.39104e-06	0	0	0	0.000200916	0	-0.355028	-111.796	0	20.391	20.391	-1.5099e-14	5.32541	0	0	0	0	0	0	0	0	0	0	0	0	0	0	0	0	0	0	0	0	0	0	0	0	0	0	0	0	0	0	0	0	0	
1	1	1	46	1.38		300	0	0	0.0023	0.0023	-0.00247109	0	0	0	39.8519	39.8519	2.77744e-06	0	0	0	0.0918189	0.0905894	0	0.00122954		300	0.000230939	5.4268e-06	5.4268e-06	-1.08536e-05	0	0	0	0.000230939	0	-0.355028	-111.796	0	20.391	20.391	-1.5099e-14	5.32541	0	0	0	0	0	0	0	0	0	0	0	0	0	0	0	0	0	0	0	0	0	0	0	0	0	0	0	0	0	0	0	0	0	
1	1	1	47	1.41		300	0	0	0.00235	0.00235	-0.00252546	0	0	0	40.706	40.706	2.76979e-06	0	0	0	0.0958468	0.0944383	0	0.00140854		300	0.00026456	6.25027e-06	6.25027e-06	-1.25005e-05	0	0	0	0.00026456	0	-0.355028	-111.796	0	20.391	20.391	-1.5099e-14	5.32541	0	0	0	0	0	0	0	0	0	0	0	0	0	0	0	0	0	0	0	0	0	0	0	0	0	0	0	0	0	0	0	0	0	
1	1	1	48	1.44		300	0	0	0.0024	0.0024	-0.00257993	0	0	0	41.5583	41.5583	2.7607e-06	0	0	0	0.09996	0.0983517	0	0.00160837		300	0.000302094	7.17463e-06	7.17463e-06	-1.43493e-05	0	0	0	0.000302094	0	-0.355028	-111.796	0	20.391	20.391	-1.5099e-14	5.32541	0	0	0	0	0	0	0	0	0	0	0	0	0	0	0	0	0	0	0	0	0	0	0	0	0	0	0	0	0	0	0	0	0	
1	1	1	49	1.47		300	0	0	0.00245	0.00245	-0.0026345	0	0	0	42.4087	42.4087	2.74998e-06	0	0	0	0.104158	0.102328	0	0.00183082		300	0.000343876	8.20905e-06	8.20905e-06	-1.64181e-05	0	0	0	0.000343876	0	-0.355028	-111.796	0	20.391	20.391	-1.5099e-14	5.32541	0	0	0	0	0	0	0	0	0	0	0	0	0	0	0	0	0	0	0	0	0	0	0	0	0	0	0	0	0	0	0	0	0	
1	1	1	50	1.5		300	0	0	0.0025	0.0025	-0.00268918	0	0	0	43.2571	43.2571	2.73741e-06	0	0	0	0.108442	0.106364	0	0.00207772		300	0.000390251	9.36315e-06	9.36315e-06	-1.87263e-05	0	0	0	0.000390251	0	-0.355028	-111.796	0	20.391	20.391	-1.5099e-14	5.32541	0	0	0	0	0	0	0	0	0	0	0	0	0	0	0	0	0	0	0	0	0	0	0	0	0	0	0	0	0	0	0	0	0	
1	1	1	51	1.53		300	0	0	0.00255	0.00255	-0.00274398	0	0	0	44.1032	44.1032	2.72281e-06	0	0	0	0.11281	0.110459	0	0.002351		300	0.000441581	1.0647e-05	1.0647e-05	-2.1294e-05	0	0	0	0.000441581	0	-0.355028	-111.796	0	20.391	20.391	-1.5099e-14	5.32541	0	0	0	0	0	0	0	0	0	0	0	0	0	0	0	0	0	0	0	0	0	0	0	0	0	0	0	0	0	0	0	0	0	
1	1	1	52	1.56		300	0	0	0.0026	0.0026	-0.00279891	0	0	0	44.9468	44.9468	2.70596e-06	0	0	0	0.117262	0.11461	0	0.00265267		300	0.000498242	1.20712e-05	1.20712e-05	-2.41424e-05	0	0	0	0.000498242	0	-0.355028	-111.796	0	20.391	20.391	-1.5099e-14	5.32541	0	0	0	0	0	0	0	0	0	0	0	0	0	0	0	0	0	0	0	0	0	0	0	0	0	0	0	0	0	0	0	0	0	
1	1	1	53	1.59		300	0	0	0.00265	0.00265	-0.00285398	0	0	0	45.7879	45.7879	2.68665e-06	0	0	0	0.121799	0.118814	0	0.00298477		300	0.00056062	1.36466e-05	1.36466e-05	-2.72932e-05	0	0	0	0.00056062	0	-0.355028	-111.796	0	20.391	20.391	-1.5099e-14	5.32541	0	0	0	0	0	0	0	0	0	0	0	0	0	0	0	0	0	0	0	0	0	0	0	0	0	0	0	0	0	0	0	0	0	
1	1	1	54	1.62		300	0	0	0.0027	0.0027	-0.0029092	0	0	0	46.6261	46.6261	2.6647e-06	0	0	0	0.12642	0.12307	0	0.00334943		300	0.000629113	1.53845e-05	1.53845e-05	-3.0769e-05	0	0	0	0.000629113	0	-0.355028	-111.796	0	20.391	20.391	-1.5099e-14	5.32541	0	0	0	0	0	0	0	0	0	0	0	0	0	0	0	0	0	0	0	0	0	0	0	0	0	0	0	0	0	0	0	0	0	
1	1	1	55	1.65		300	0	0	0.00275	0.00275	-0.00296459	0	0	0	47.4613	47.4613	2.63991e-06	0	0	0	0.131124	0.127375	0	0.00374882		300	0.000704129	1.72967e-05	1.72967e-05	-3.45933e-05	0	0	0	0.000704129	0	-0.355028	-111.796	0	20.391	20.391	-1.5099e-14	5.32541	0	0	0	0	0	0	0	0	0	0	0	0	0	0	0	0	0	0	0	0	0	0	0	0	0	0	0	0	0	0	0	0	0	
1	1	1	56	1.68		300	0	0	0.0028	0.0028	-0.00302015	0	0	0	48.2932	48.2932	2.61212e-06	0	0	0	0.135912	0.131727	0	0.00418515		300	0.000786084	1.9395e-05	1.9395e-05	-3.879e-05	0	0	0	0.000786084	0	-0.355028	-111.796	0	20.391	20.391	-1.5099e-14	5.32541	0	0	0	0	0	0	0	0	0	0	0	0	0	0	0	0	0	0	0	0	0	0	0	0	0	0	0	0	0	0	0	0	0	
1	1	1	57	1.71		300	0	0	0.00285	0.00285	-0.00307589	0	0	0	49.1217	49.1217	2.58121e-06	0	0	0	0.140782	0.136122	0	0.00466069		300	0.000875402	2.16917e-05	2.16917e-05	-4.33834e-05	0	0	0	0.000875402	0	-0.355028	-111.796	0	20.391	20.391	-1.5099e-14	5.32541	0	0	0	0	0	0	0	0	0	0	0	0	0	0	0	0	0	0	0	0	0	0	0	0	0	0	0	0	0	0	0	0	0	
1	1	1	58	1.74		300	0	0	0.0029	0.0029	-0.00313182	0	0	0	49.9466	49.9466	2.54707e-06	0	0	0	0.145736	0.140558	0	0.00517771		300	0.000972511	2.41993e-05	2.41993e-05	-4.83986e-05	0	0	0	0.000972511	0	-0.355028	-111.796	0	20.391	20.391	-1.5099e-14	5.32541	0	0	0	0	0	0	0	0	0	0	0	0	0	0	0	0	0	0	0	0	0	0	0	0	0	0	0	0	0	0	0	0	0	
1	1	1	59	1.77		300	0	0	0.00295	0.00295	-0.00318797	0	0	0	50.7675	50.7675	2.50963e-06	0	0	0	0.150772	0.145033	0	0.0057385		300	0.00107784	2.69304e-05	2.69304e-05	-5.38608e-05	0	0	0	0.00107784	0	-0.355028	-111.796	0	20.391	20.391	-1.5099e-14	5.32541	0	0	0	0	0	0	0	0	0	0	0	0	0	0	0	0	0	0	0	0	0	0	0	0	0	0	0	0	0	0	0	0	0	
1	1	1	60	1.8		300	0	0	0.003	0.003	-0.00324433	0	0	0	51.5844	51.5844	2.46888e-06	0	0	0	0.155889	0.149544	0	0.00634537		300	0.00119182	2.98977e-05	2.98977e-05	-5.97954e-05	0	0	0	0.00119182	0	-0.355028	-111.796	0	20.391	20.391	-1.5099e-14	5.32541	0	0	0	0	0	0	0	0	0	0	0	0	0	0	0	0	0	0	0	0	0	0	0	0	0	0	0	0	0	0	0	0	0	
1	1	1	61	1.83		300	0	0	0.00305	0.00305	-0.00330092	0	0	0	52.3969	52.3969	2.42486e-06	0	0	0	0.161088	0.154088	0	0.0070006		300	0.00131489	3.3114e-05	3.3114e-05	-6.62281e-05	0	0	0	0.00131489	0	-0.355028	-111.796	0	20.391	20.391	-1.5099e-14	5.32541	0	0	0	0	0	0	0	0	0	0	0	0	0	0	0	0	0	0	0	0	0	0	0	0	0	0	0	0	0	0	0	0	0	
1	1	1	62	1.86		300	0	0	0.0031	0.0031	-0.00335776	0	0	0	53.2049	53.2049	2.37765e-06	0	0	0	0.166368	0.158662	0	0.00770649		300	0.00144747	3.65922e-05	3.65922e-05	-7.31843e-05	0	0	0	0.00144747	0	-0.355028	-111.796	0	20.391	20.391	-1.5099e-14	5.32541	0	0	0	0	0	0	0	0	0	0	0	0	0	0	0	0	0	0	0	0	0	0	0	0	0	0	0	0	0	0	0	0	0	
1	1	1	63	1.89		300	0	0	0.00315	0.00315	-0.00341485	0	0	0	54.0081	54.0081	2.32741e-06	0	0	0	0.171729	0.163264	0	0.00846528		300	0.00158999	4.03448e-05	4.03448e-05	-8.06895e-05	0	0	0	0.00158999	0	-0.355028	-111.796	0	20.391	20.391	-1.5099e-14	5.32541	0	0	0	0	0	0	0	0	0	0	0	0	0	0	0	0	0	0	0	0	0	0	0	0	0	0	0	0	0	0	0	0	0	
1	1	1	64	1.92		300	0	0	0.0032	0.0032	-0.00347221	0	0	0	54.8063	54.8063	2.27434e-06	0	0	0	0.17717	0.167891	0	0.00927918		300	0.00174285	4.43844e-05	4.43844e-05	-8.87688e-05	0	0	0	0.00174285	0	-0.355028	-111.796	0	20.391	20.391	-1.5099e-14	5.32541	0	0	0	0	0	0	0	0	0	0	0	0	0	0	0	0	0	0	0	0	0	0	0	0	0	0	0	0	0	0	0	0	0	
1	1	1	65	1.95		300	0	0	0.00325	0.00325	-0.00352984	0	0	0	55.5994	55.5994	2.21871e-06	0	0	0	0.18269	0.17254	0	0.0101504		300	0.00190647	4.87235e-05	4.87235e-05	-9.74471e-05	0	0	0	0.00190647	0	-0.355028	-111.796	0	20.391	20.391	-1.5099e-14	5.32541	0	0	0	0	0	0	0	0	0	0	0	0	0	0	0	0	0	0	0	0	0	0	0	0	0	0	0	0	0	0	0	0	0	
1	1	1	66	1.98		300	0	0	0.0033	0.0033	-0.00358777	0	0	0	56.387	56.387	2.16085e-06	0	0	0	0.188289	0.177208	0	0.0110809		300	0.00208125	5.33742e-05	5.33742e-05	-0.000106748	0	0	0	0.00208125	0	-0.355028	-111.796	0	20.391	20.391	-1.5099e-14	5.32541	0	0	0	0	0	0	0	0	0	0	0	0	0	0	0	0	0	0	0	0	0	0	0	0	0	0	0	0	0	0	0	0	0	
1	1	1	67	2.01		300	0	0	0.00335	0.00335	-0.00364599	0	0	0	57.169	57.169	2.10114e-06	0	0	0	0.193967	0.181894	0	0.0120729		300	0.00226755	5.83482e-05	5.83482e-05	-0.000116696	0	0	0	0.00226755	0	-0.355028	-111.796	0	20.391	20.391	-1.5099e-14	5.32541	0	0	0	0	0	0	0	0	0	0	0	0	0	0	0	0	0	0	0	0	0	0	0	0	0	0	0	0	0	0	0	0	0	
1	1	1	68	2.04		300	0	0	0.0034	0.0034	-0.00370453	0	0	0	57.9452	57.9452	2.04001e-06	0	0	0	0.199723	0.186595	0	0.0131282		300	0.00246575	6.3657e-05	6.3657e-05	-0.000127314	0	0	0	0.00246575	0	-0.355028	-111.796	0	20.391	20.391	-1.5099e-14	5.32541	0	0	0	0	0	0	0	0	0	0	0	0	0	0	0	0	0	0	0	0	0	0	0	0	0	0	0	0	0	0	0	0	0	
1	1	1	69	2.07		300	0	0	0.00345	0.00345	-0.00376339	0	0	0	58.7154	58.7154	1.97794e-06	0	0	0	0.205556	0.191307	0	0.0142487		300	0.0026762	6.93116e-05	6.93116e-05	-0.000138623	0	0	0	0.0026762	0	-0.355028	-111.796	0	20.391	20.391	-1.5099e-14	5.32541	0	0	0	0	0	0	0	0	0	0	0	0	0	0	0	0	0	0	0	0	0	0	0	0	0	0	0	0	0	0	0	0	0	
1	1	1	70	2.1		300	0	0	0.0035	0.0035	-0.00382257	0	0	0	59.4794	59.4794	1.91544e-06	0	0	0	0.211466	0.196029	0	0.0154362		300	0.00289922	7.53224e-05	7.53224e-05	-0.000150645	0	0	0	0.00289922	0	-0.355028	-111.796	0	20.391	20.391	-1.5099e-14	5.32541	0	0	0	0	0	0	0	0	0	0	0	0	0	0	0	0	0	0	0	0	0	0	0	0	0	0	0	0	0	0	0	0	0	
1	1	1	71	2.13		300	0	0	0.00355	0.00355	-0.0038821	0	0	0	60.237	60.237	1.85306e-06	0	0	0	0.217451	0.200759	0	0.0166922		300	0.00313512	8.16994e-05	8.16994e-05	-0.000163399	0	0	0	0.00313512	0	-0.355028	-111.796	0	20.391	20.391	-1.5099e-14	5.32541	0	0	0	0	0	0	0	0	0	0	0	0	0	0	0	0	0	0	0	0	0	0	0	0	0	0	0	0	0	0	0	0	0	
1	1	1	72	2.16		300	0	0	0.0036	0.0036	-0.00394197	0	0	0	60.9881	60.9881	1.79136e-06	0	0	0	0.223513	0.205494	0	0.0180184		300	0.00338419	8.8452e-05	8.8452e-05	-0.000176904	0	0	0	0.00338419	0	-0.355028	-111.796	0	20.391	20.391	-1.5099e-14	5.32541	0	0	0	0	0	0	0	0	0	0	0	0	0	0	0	0	0	0	0	0	0	0	0	0	0	0	0	0	0	0	0	0	0	
1	1	1	73	2.19		300	0	0	0.00365	0.00365	-0.00400221	0	0	0	61.7326	61.7326	1.7309e-06	0	0	0	0.229649	0.210232	0	0.0194162		300	0.00364669	9.5589e-05	9.5589e-05	-0.000191178	0	0	0	0.00364669	0	-0.355028	-111.796	0	20.391	20.391	-1.5099e-14	5.32541	0	0	0	0	0	0	0	0	0	0	0	0	0	0	0	0	0	0	0	0	0	0	0	0	0	0	0	0	0	0	0	0	0	
1	1	1	74	2.22		300	0	0	0.0037	0.0037	-0.0040628	0	0	0	62.4702	62.4702	1.67225e-06	0	0	0	0.235859	0.214972	0	0.0208867		300	0.00392287	0.000103118	0.000103118	-0.000206237	0	0	0	0.00392287	0	-0.355028	-111.796	0	20.391	20.391	-1.5099e-14	5.32541	0	0	0	0	0	0	0	0	0	0	0	0	0	0	0	0	0	0	0	0	0	0	0	0	0	0	0	0	0	0	0	0	0	
1	1	1	75	2.25		300	0	0	0.00375	0.00375	-0.00412377	0	0	0	63.2009	63.2009	1.61597e-06	0	0	0	0.242142	0.219711	0	0.0224313		300	0.00421294	0.000111048	0.000111048	-0.000222095	0	0	0	0.00421294	0	-0.355028	-111.796	0	20.391	20.391	-1.5099e-14	5.32541	0	0	0	0	0	0	0	0	0	0	0	0	0	0	0	0	0	0	0	0	0	0	0	0	0	0	0	0	0	0	0	0	0	
1	1	1	76	2.28		300	0	0	0.0038	0.0038	-0.00418511	0	0	0	63.9245	63.9245	1.56259e-06	0	0	0	0.248499	0.224448	0	0.0240509		300	0.0045171	0.000119384	0.000119384	-0.000238767	0	0	0	0.0045171	0	-0.355028	-111.796	0	20.391	20.391	-1.5099e-14	5.32541	0	0	0	0	0	0	0	0	0	0	0	0	0	0	0	0	0	0	0	0	0	0	0	0	0	0	0	0	0	0	0	0	0	
1	1	1	77	2.31		300	0	0	0.00385	0.00385	-0.00424684	0	0	0	64.6409	64.6409	1.51263e-06	0	0	0	0.254927	0.229181	0	0.0257463		300	0.00483551	0.000128132	0.000128132	-0.000256265	0	0	0	0.00483551	0	-0.355028	-111.796	0	20.391	20.391	-1.5099e-14	5.32541	0	0	0	0	0	0	0	0	0	0	0	0	0	0	0	0	0	0	0	0	0	0	0	0	0	0	0	0	0	0	0	0	0	
1	1	1	78	2.34		300	0	0	0.0039	0.0039	-0.00430895	0	0	0	65.3501	65.3501	1.46654e-06	0	0	0	0.261426	0.233908	0	0.0275184		300	0.0051683	0.000137299	0.000137299	-0.000274598	0	0	0	0.0051683	0	-0.355028	-111.796	0	20.391	20.391	-1.5099e-14	5.32541	0	0	0	0	0	0	0	0	0	0	0	0	0	0	0	0	0	0	0	0	0	0	0	0	0	0	0	0	0	0	0	0	0	
1	1	1	79	2.37		300	0	0	0.00395	0.00395	-0.00437146	0	0	0	66.052	66.052	1.42476e-06	0	0	0	0.267997	0.238629	0	0.0293678		300	0.00551561	0.000146888	0.000146888	-0.000293777	0	0	0	0.00551561	0	-0.355028	-111.796	0	20.391	20.391	-1.5099e-14	5.32541	0	0	0	0	0	0	0	0	0	0	0	0	0	0	0	0	0	0	0	0	0	0	0	0	0	0	0	0	0	0	0	0	0	
1	1	1	80	2.4		300	0	0	0.004	0.004	-0.00443436	0	0	0	66.7464	66.7464	1.38766e-06	0	0	0	0.274636	0.243341	0	0.031295		300	0.00587752	0.000156904	0.000156904	-0.000313808	0	0	0	0.00587752	0	-0.355028	-111.796	0	20.391	20.391	-1.5099e-14	5.32541	0	0	0	0	0	0	0	0	0	0	0	0	0	0	0	0	0	0	0	0	0	0	0	0	0	0	0	0	0	0	0	0	0	
1	1	1	81	2.43		300	0	0	0.00405	0.00405	-0.00449766	0	0	0	67.4334	67.4334	1.35557e-06	0	0	0	0.281345	0.248045	0	0.0333003		300	0.0062541	0.00016735	0.00016735	-0.000334699	0	0	0	0.0062541	0	-0.355028	-111.796	0	20.391	20.391	-1.5099e-14	5.32541	0	0	0	0	0	0	0	0	0	0	0	0	0	0	0	0	0	0	0	0	0	0	0	0	0	0	0	0	0	0	0	0	0	
1	1	1	82	2.46		300	0	0	0.0041	0.0041	-0.00456137	0	0	0	68.1129	68.1129	1.32875e-06	0	0	0	0.288123	0.252739	0	0.035384		300	0.0066454	0.000178227	0.000178227	-0.000356454	0	0	0	0.0066454	0	-0.355028	-111.796	0	20.391	20.391	-1.5099e-14	5.32541	0	0	0	0	0	0	0	0	0	0	0	0	0	0	0	0	0	0	0	0	0	0	0	0	0	0	0	0	0	0	0	0	0	
1	1	1	83	2.49		300	0	0	0.00415	0.00415	-0.00462547	0	0	0	68.7848	68.7848	1.30742e-06	0	0	0	0.294968	0.257421	0	0.0375462		300	0.00705144	0.000189539	0.000189539	-0.000379078	0	0	0	0.00705144	0	-0.355028	-111.796	0	20.391	20.391	-1.5099e-14	5.32541	0	0	0	0	0	0	0	0	0	0	0	0	0	0	0	0	0	0	0	0	0	0	0	0	0	0	0	0	0	0	0	0	0	
1	1	1	84	2.52		300	0	0	0.0042	0.0042	-0.00468998	0	0	0	69.4492	69.4492	1.29173e-06	0	0	0	0.301879	0.262092	0	0.0397869		300	0.00747221	0.000201285	0.000201285	-0.000402571	0	0	0	0.00747221	0	-0.355028	-111.796	0	20.391	20.391	-1.5099e-14	5.32541	0	0	0	0	0	0	0	0	0	0	0	0	0	0	0	0	0	0	0	0	0	0	0	0	0	0	0	0	0	0	0	0	0	
1	1	1	85	2.55		300	0	0	0.00425	0.00425	-0.00475489	0	0	0	70.106	70.106	1.28178e-06	0	0	0	0.308857	0.266751	0	0.042106		300	0.0079077	0.000213468	0.000213468	-0.000426935	0	0	0	0.0079077	0	-0.355028	-111.796	0	20.391	20.391	-1.5099e-14	5.32541	0	0	0	0	0	0	0	0	0	0	0	0	0	0	0	0	0	0	0	0	0	0	0	0	0	0	0	0	0	0	0	0	0	
1	1	1	86	2.58		300	0	0	0.0043	0.0043	-0.00482021	0	0	0	70.7552	70.7552	1.27761e-06	0	0	0	0.3159	0.271397	0	0.0445033		300	0.00835787	0.000226085	0.000226085	-0.000452171	0	0	0	0.00835787	0	-0.355028	-111.796	0	20.391	20.391	-1.5099e-14	5.32541	0	0	0	0	0	0	0	0	0	0	0	0	0	0	0	0	0	0	0	0	0	0	0	0	0	0	0	0	0	0	0	0	0	
1	1	1	87	2.61		300	0	0	0.00435	0.00435	-0.00488593	0	0	0	71.3969	71.3969	1.27923e-06	0	0	0	0.323008	0.276029	0	0.0469784		300	0.00882265	0.000239138	0.000239138	-0.000478276	0	0	0	0.00882265	0	-0.355028	-111.796	0	20.391	20.391	-1.5099e-14	5.32541	0	0	0	0	0	0	0	0	0	0	0	0	0	0	0	0	0	0	0	0	0	0	0	0	0	0	0	0	0	0	0	0	0	
1	1	1	88	2.64		300	0	0	0.0044	0.0044	-0.00495205	0	0	0	72.0311	72.0311	1.28658e-06	0	0	0	0.330179	0.280648	0	0.049531		300	0.00930198	0.000252624	0.000252624	-0.000505248	0	0	0	0.00930198	0	-0.355028	-111.796	0	20.391	20.391	-1.5099e-14	5.32541	0	0	0	0	0	0	0	0	0	0	0	0	0	0	0	0	0	0	0	0	0	0	0	0	0	0	0	0	0	0	0	0	0	
1	1	1	89	2.67		300	0	0	0.00445	0.00445	-0.00501857	0	0	0	72.6578	72.6578	1.29956e-06	0	0	0	0.337414	0.285253	0	0.0521606		300	0.00979575	0.000266542	0.000266542	-0.000533084	0	0	0	0.00979575	0	-0.355028	-111.796	0	20.391	20.391	-1.5099e-14	5.32541	0	0	0	0	0	0	0	0	0	0	0	0	0	0	0	0	0	0	0	0	0	0	0	0	0	0	0	0	0	0	0	0	0	
1	1	1	90	2.7		300	0	0	0.0045	0.0045	-0.00508549	0	0	0	73.277	73.277	1.31804e-06	0	0	0	0.34471	0.289844	0	0.0548665		300	0.0103039	0.000280889	0.000280889	-0.000561779	0	0	0	0.0103039	0	-0.355028	-111.796	0	20.391	20.391	-1.5099e-14	5.32541	0	0	0	0	0	0	0	0	0	0	0	0	0	0	0	0	0	0	0	0	0	0	0	0	0	0	0	0	0	0	0	0	0	
1	1	1	91	2.73		300	0	0	0.00455	0.00455	-0.00515281	0	0	0	73.8888	73.8888	1.34184e-06	0	0	0	0.352069	0.294421	0	0.0576482		300	0.0108262	0.000295664	0.000295664	-0.000591327	0	0	0	0.0108262	0	-0.355028	-111.796	0	20.391	20.391	-1.5099e-14	5.32541	0	0	0	0	0	0	0	0	0	0	0	0	0	0	0	0	0	0	0	0	0	0	0	0	0	0	0	0	0	0	0	0	0	
1	1	1	92	2.76		300	0	0	0.0046	0.0046	-0.00522052	0	0	0	74.4932	74.4932	1.37077e-06	0	0	0	0.359488	0.298983	0	0.0605048		300	0.0113626	0.000310862	0.000310862	-0.000621724	0	0	0	0.0113626	0	-0.355028	-111.796	0	20.391	20.391	-1.5099e-14	5.32541	0	0	0	0	0	0	0	0	0	0	0	0	0	0	0	0	0	0	0	0	0	0	0	0	0	0	0	0	0	0	0	0	0	
1	1	1	93	2.79		300	0	0	0.00465	0.00465	-0.00528862	0	0	0	75.0904	75.0904	1.4046e-06	0	0	0	0.366967	0.303531	0	0.0634357		300	0.0119129	0.00032648	0.00032648	-0.00065296	0	0	0	0.0119129	0	-0.355028	-111.796	0	20.391	20.391	-1.5099e-14	5.32541	0	0	0	0	0	0	0	0	0	0	0	0	0	0	0	0	0	0	0	0	0	0	0	0	0	0	0	0	0	0	0	0	0	
1	1	1	94	2.82		300	0	0	0.0047	0.0047	-0.00535711	0	0	0	75.6803	75.6803	1.44309e-06	0	0	0	0.374505	0.308066	0	0.06644		300	0.012477	0.000342515	0.000342515	-0.00068503	0	0	0	0.012477	0	-0.355028	-111.796	0	20.391	20.391	-1.5099e-14	5.32541	0	0	0	0	0	0	0	0	0	0	0	0	0	0	0	0	0	0	0	0	0	0	0	0	0	0	0	0	0	0	0	0	0	
1	1	1	95	2.85		300	0	0	0.00475	0.00475	-0.00542598	0	0	0	76.263	76.263	1.48598e-06	0	0	0	0.382103	0.312586	0	0.0695167		300	0.0130548	0.000358962	0.000358962	-0.000717924	0	0	0	0.0130548	0	-0.355028	-111.796	0	20.391	20.391	-1.5099e-14	5.32541	0	0	0	0	0	0	0	0	0	0	0	0	0	0	0	0	0	0	0	0	0	0	0	0	0	0	0	0	0	0	0	0	0	
1	1	1	96	2.88		300	0	0	0.0048	0.0048	-0.00549523	0	0	0	76.8387	76.8387	1.53299e-06	0	0	0	0.389758	0.317093	0	0.072665		300	0.0136459	0.000375817	0.000375817	-0.000751634	0	0	0	0.0136459	0	-0.355028	-111.796	0	20.391	20.391	-1.5099e-14	5.32541	0	0	0	0	0	0	0	0	0	0	0	0	0	0	0	0	0	0	0	0	0	0	0	0	0	0	0	0	0	0	0	0	0	
1	1	1	97	2.91		300	0	0	0.00485	0.00485	-0.00556485	0	0	0	77.4073	77.4073	1.58384e-06	0	0	0	0.39747	0.321586	0	0.0758839		300	0.0142503	0.000393075	0.000393075	-0.000786151	0	0	0	0.0142503	0	-0.355028	-111.796	0	20.391	20.391	-1.5099e-14	5.32541	0	0	0	0	0	0	0	0	0	0	0	0	0	0	0	0	0	0	0	0	0	0	0	0	0	0	0	0	0	0	0	0	0	
1	1	1	98	2.94		300	0	0	0.0049	0.0049	-0.00563484	0	0	0	77.9691	77.9691	1.63824e-06	0	0	0	0.405239	0.326066	0	0.0791723		300	0.0148677	0.000410732	0.000410732	-0.000821463	0	0	0	0.0148677	0	-0.355028	-111.796	0	20.391	20.391	-1.5099e-14	5.32541	0	0	0	0	0	0	0	0	0	0	0	0	0	0	0	0	0	0	0	0	0	0	0	0	0	0	0	0	0	0	0	0	0	
1	1	1	99	2.97		300	0	0	0.00495	0.00495	-0.0057052	0	0	0	78.524	78.524	1.69591e-06	0	0	0	0.413064	0.330534	0	0.0825293		300	0.0154981	0.000428781	0.000428781	-0.000857562	0	0	0	0.0154981	0	-0.355028	-111.796	0	20.391	20.391	-1.5099e-14	5.32541	0	0	0	0	0	0	0	0	0	0	0	0	0	0	0	0	0	0	0	0	0	0	0	0	0	0	0	0	0	0	0	0	0	
1	1	1	100	3		300	0	0	0.005	0.005	-0.00577591	0	0	0	79.0722	79.0722	1.75656e-06	0	0	0	0.420943	0.33499	0	0.0859538		300	0.016141	0.000447218	0.000447218	-0.000894437	0	0	0	0.016141	0	-0.355028	-111.796	0	20.391	20.391	-1.5099e-14	5.32541	0	0	0	0	0	0	0	0	0	0	0	0	0	0	0	0	0	0	0	0	0	0	0	0	0	0	0	0	0	0	0	0	0	
1	1	1	101	3.03		300	0	0	0.00505	0.00505	-0.00584698	0	0	0	79.6137	79.6137	1.81991e-06	0	0	0	0.428878	0.339433	0	0.0894446		300	0.0167965	0.000466038	0.000466038	-0.000932076	0	0	0	0.0167965	0	-0.355028	-111.796	0	20.391	20.391	-1.5099e-14	5.32541	0	0	0	0	0	0	0	0	0	0	0	0	0	0	0	0	0	0	0	0	0	0	0	0	0	0	0	0	0	0	0	0	0	
1	1	1	102	3.06		300	0	0	0.0051	0.0051	-0.0059184	0	0	0	80.1487	80.1487	1.88568e-06	0	0	0	0.436866	0.343865	0	0.0930007		300	0.0174642	0.000485234	0.000485234	-0.000970468	0	0	0	0.0174642	0	-0.355028	-111.796	0	20.391	20.391	-1.5099e-14	5.32541	0	0	0	0	0	0	0	0	0	0	0	0	0	0	0	0	0	0	0	0	0	0	0	0	0	0	0	0	0	0	0	0	0	
1	1	1	103	3.09		300	0	0	0.00515	0.00515	-0.00599017	0	0	0	80.6772	80.6772	1.9536e-06	0	0	0	0.444907	0.348286	0	0.0966209		300	0.0181439	0.000504802	0.000504802	-0.0010096	0	0	0	0.0181439	0	-0.355028	-111.796	0	20.391	20.391	-1.5099e-14	5.32541	0	0	0	0	0	0	0	0	0	0	0	0	0	0	0	0	0	0	0	0	0	0	0	0	0	0	0	0	0	0	0	0	0	
1	1	1	104	3.12		300	0	0	0.0052	0.0052	-0.00606227	0	0	0	81.1994	81.1994	2.02341e-06	0	0	0	0.453001	0.352697	0	0.100304		300	0.0188355	0.000524734	0.000524734	-0.00104947	0	0	0	0.0188355	0	-0.355028	-111.796	0	20.391	20.391	-1.5099e-14	5.32541	0	0	0	0	0	0	0	0	0	0	0	0	0	0	0	0	0	0	0	0	0	0	0	0	0	0	0	0	0	0	0	0	0	
1	1	1	105	3.15		300	0	0	0.00525	0.00525	-0.00613471	0	0	0	81.7154	81.7154	2.09486e-06	0	0	0	0.461147	0.357097	0	0.10405		300	0.0195386	0.000545026	0.000545026	-0.00109005	0	0	0	0.0195386	0	-0.355028	-111.796	0	20.391	20.391	-1.5099e-14	5.32541	0	0	0	0	0	0	0	0	0	0	0	0	0	0	0	0	0	0	0	0	0	0	0	0	0	0	0	0	0	0	0	0	0	
1	1	1	106	3.18		300	0	0	0.0053	0.0053	-0.00620747	0	0	0	82.2252	82.2252	2.16771e-06	0	0	0	0.469344	0.361488	0	0.107856		300	0.0202532	0.000565672	0.000565672	-0.00113134	0	0	0	0.0202532	0	-0.355028	-111.796	0	20.391	20.391	-1.5099e-14	5.32541	0	0	0	0	0	0	0	0	0	0	0	0	0	0	0	0	0	0	0	0	0	0	0	0	0	0	0	0	0	0	0	0	0	
1	1	1	107	3.21		300	0	0	0.00535	0.00535	-0.00628056	0	0	0	82.729	82.729	2.24174e-06	0	0	0	0.477591	0.36587	0	0.111721		300	0.020979	0.000586665	0.000586665	-0.00117333	0	0	0	0.020979	0	-0.355028	-111.796	0	20.391	20.391	-1.5099e-14	5.32541	0	0	0	0	0	0	0	0	0	0	0	0	0	0	0	0	0	0	0	0	0	0	0	0	0	0	0	0	0	0	0	0	0	
1	1	1	108	3.24		300	0	0	0.0054	0.0054	-0.00635397	0	0	0	83.2269	83.2269	2.31673e-06	0	0	0	0.485889	0.370244	0	0.115646		300	0.0217158	0.000608	0.000608	-0.001216	0	0	0	0.0217158	0	-0.355028	-111.796	0	20.391	20.391	-1.5099e-14	5.32541	0	0	0	0	0	0	0	0	0	0	0	0	0	0	0	0	0	0	0	0	0	0	0	0	0	0	0	0	0	0	0	0	0	
1	1	1	109	3.27		300	0	0	0.00545	0.00545	-0.00642768	0	0	0	83.7189	83.7189	2.39248e-06	0	0	0	0.494236	0.374609	0	0.119627		300	0.0224634	0.000629671	0.000629671	-0.00125934	0	0	0	0.0224634	0	-0.355028	-111.796	0	20.391	20.391	-1.5099e-14	5.32541	0	0	0	0	0	0	0	0	0	0	0	0	0	0	0	0	0	0	0	0	0	0	0	0	0	0	0	0	0	0	0	0	0	
1	1	1	110	3.3		300	0	0	0.0055	0.0055	-0.00650171	0	0	0	84.2052	84.2052	2.46879e-06	0	0	0	0.502633	0.378967	0	0.123665		300	0.0232215	0.000651672	0.000651672	-0.00130334	0	0	0	0.0232215	0	-0.355028	-111.796	0	20.391	20.391	-1.5099e-14	5.32541	0	0	0	0	0	0	0	0	0	0	0	0	0	0	0	0	0	0	0	0	0	0	0	0	0	0	0	0	0	0	0	0	0	
1	1	1	111	3.33		300	0	0	0.00555	0.00555	-0.00657603	0	0	0	84.6858	84.6858	2.5455e-06	0	0	0	0.511077	0.383319	0	0.127758		300	0.02399	0.000673997	0.000673997	-0.00134799	0	0	0	0.02399	0	-0.355028	-111.796	0	20.391	20.391	-1.5099e-14	5.32541	0	0	0	0	0	0	0	0	0	0	0	0	0	0	0	0	0	0	0	0	0	0	0	0	0	0	0	0	0	0	0	0	0	
1	1	1	112	3.36		300	0	0	0.0056	0.0056	-0.00665065	0	0	0	85.1609	85.1609	2.62243e-06	0	0	0	0.519569	0.387664	0	0.131906		300	0.0247686	0.000696641	0.000696641	-0.00139328	0	0	0	0.0247686	0	-0.355028	-111.796	0	20.391	20.391	-1.5099e-14	5.32541	0	0	0	0	0	0	0	0	0	0	0	0	0	0	0	0	0	0	0	0	0	0	0	0	0	0	0	0	0	0	0	0	0	
1	1	1	113	3.39		300	0	0	0.00565	0.00565	-0.00672555	0	0	0	85.6306	85.6306	2.69944e-06	0	0	0	0.528109	0.392003	0	0.136106		300	0.0255572	0.000719596	0.000719596	-0.00143919	0	0	0	0.0255572	0	-0.355028	-111.796	0	20.391	20.391	-1.5099e-14	5.32541	0	0	0	0	0	0	0	0	0	0	0	0	0	0	0	0	0	0	0	0	0	0	0	0	0	0	0	0	0	0	0	0	0	
1	1	1	114	3.42		300	0	0	0.0057	0.0057	-0.00680075	0	0	0	86.095	86.095	2.77638e-06	0	0	0	0.536695	0.396337	0	0.140358		300	0.0263556	0.000742858	0.000742858	-0.00148572	0	0	0	0.0263556	0	-0.355028	-111.796	0	20.391	20.391	-1.5099e-14	5.32541	0	0	0	0	0	0	0	0	0	0	0	0	0	0	0	0	0	0	0	0	0	0	0	0	0	0	0	0	0	0	0	0	0	
1	1	1	115	3.45		300	0	0	0.00575	0.00575	-0.00687622	0	0	0	86.5542	86.5542	2.85312e-06	0	0	0	0.545328	0.400666	0	0.144662		300	0.0271635	0.000766422	0.000766422	-0.00153284	0	0	0	0.0271635	0	-0.355028	-111.796	0	20.391	20.391	-1.5099e-14	5.32541	0	0	0	0	0	0	0	0	0	0	0	0	0	0	0	0	0	0	0	0	0	0	0	0	0	0	0	0	0	0	0	0	0	
1	1	1	116	3.48		300	0	0	0.0058	0.0058	-0.00695196	0	0	0	87.0082	87.0082	2.92955e-06	0	0	0	0.554006	0.404991	0	0.149015		300	0.0279808	0.00079028	0.00079028	-0.00158056	0	0	0	0.0279808	0	-0.355028	-111.796	0	20.391	20.391	-1.5099e-14	5.32541	0	0	0	0	0	0	0	0	0	0	0	0	0	0	0	0	0	0	0	0	0	0	0	0	0	0	0	0	0	0	0	0	0	
1	1	1	117	3.51		300	0	0	0.00585	0.00585	-0.00702798	0	0	0	87.4572	87.4572	3.00556e-06	0	0	0	0.562729	0.409313	0	0.153417		300	0.0288072	0.000814428	0.000814428	-0.00162886	0	0	0	0.0288072	0	-0.355028	-111.796	0	20.391	20.391	-1.5099e-14	5.32541	0	0	0	0	0	0	0	0	0	0	0	0	0	0	0	0	0	0	0	0	0	0	0	0	0	0	0	0	0	0	0	0	0	
1	1	1	118	3.54		300	0	0	0.0059	0.0059	-0.00710426	0	0	0	87.9013	87.9013	3.08105e-06	0	0	0	0.571497	0.413631	0	0.157866		300	0.0296426	0.00083886	0.00083886	-0.00167772	0	0	0	0.0296426	0	-0.355028	-111.796	0	20.391	20.391	-1.5099e-14	5.32541	0	0	0	0	0	0	0	0	0	0	0	0	0	0	0	0	0	0	0	0	0	0	0	0	0	0	0	0	0	0	0	0	0	
1	1	1	119	3.57		300	0	0	0.00595	0.00595	-0.00718079	0	0	0	88.3405	88.3405	3.15593e-06	0	0	0	0.580309	0.417946	0	0.162363		300	0.0304868	0.000863571	0.000863571	-0.00172714	0	0	0	0.0304868	0	-0.355028	-111.796	0	20.391	20.391	-1.5099e-14	5.32541	0	0	0	0	0	0	0	0	0	0	0	0	0	0	0	0	0	0	0	0	0	0	0	0	0	0	0	0	0	0	0	0	0	
1	1	1	120	3.6		300	0	0	0.006	0.006	-0.00725758	0	0	0	88.7749	88.7749	3.23013e-06	0	0	0	0.589165	0.422259	0	0.166906		300	0.0313396	0.000888556	0.000888556	-0.00177711	0	0	0	0.0313396	0	-0.355028	-111.796	0	20.391	20.391	-1.5099e-14	5.32541	0	0	0	0	0	0	0	0	0	0	0	0	0	0	0	0	0	0	0	0	0	0	0	0	0	0	0	0	0	0	0	0	0	
1	1	1	121	3.63		300	0	0	0.00605	0.00605	-0.00733462	0	0	0	89.2047	89.2047	3.30357e-06	0	0	0	0.598064	0.426571	0	0.171493		300	0.0322008	0.000913809	0.000913809	-0.00182762	0	0	0	0.0322008	0	-0.355028	-111.796	0	20.391	20.391	-1.5099e-14	5.32541	0	0	0	0	0	0	0	0	0	0	0	0	0	0	0	0	0	0	0	0	0	0	0	0	0	0	0	0	0	0	0	0	0	
1	1	1	122	3.66		300	0	0	0.0061	0.0061	-0.00741191	0	0	0	89.63	89.63	3.3762e-06	0	0	0	0.607006	0.430881	0	0.176124		300	0.0330703	0.000939324	0.000939324	-0.00187865	0	0	0	0.0330703	0	-0.355028	-111.796	0	20.391	20.391	-1.5099e-14	5.32541	0	0	0	0	0	0	0	0	0	0	0	0	0	0	0	0	0	0	0	0	0	0	0	0	0	0	0	0	0	0	0	0	0	
1	1	1	123	3.69		300	0	0	0.00615	0.00615	-0.00748943	0	0	0	90.0507	90.0507	3.44795e-06	0	0	0	0.61599	0.435191	0	0.180799		300	0.0339478	0.000965098	0.000965098	-0.0019302	0	0	0	0.0339478	0	-0.355028	-111.796	0	20.391	20.391	-1.5099e-14	5.32541	0	0	0	0	0	0	0	0	0	0	0	0	0	0	0	0	0	0	0	0	0	0	0	0	0	0	0	0	0	0	0	0	0	
1	1	1	124	3.72		300	0	0	0.0062	0.0062	-0.00756719	0	0	0	90.4671	90.4671	3.51877e-06	0	0	0	0.625016	0.4395	0	0.185515		300	0.0348333	0.000991124	0.000991124	-0.00198225	0	0	0	0.0348333	0	-0.355028	-111.796	0	20.391	20.391	-1.5099e-14	5.32541	0	0	0	0	0	0	0	0	0	0	0	0	0	0	0	0	0	0	0	0	0	0	0	0	0	0	0	0	0	0	0	0	0	
1	1	1	125	3.75		300	0	0	0.00625	0.00625	-0.00764517	0	0	0	90.8792	90.8792	3.58864e-06	0	0	0	0.634083	0.44381	0	0.190273		300	0.0357265	0.0010174	0.0010174	-0.0020348	0	0	0	0.0357265	0	-0.355028	-111.796	0	20.391	20.391	-1.5099e-14	5.32541	0	0	0	0	0	0	0	0	0	0	0	0	0	0	0	0	0	0	0	0	0	0	0	0	0	0	0	0	0	0	0	0	0	
1	1	1	126	3.78		300	0	0	0.0063	0.0063	-0.00772339	0	0	0	91.287	91.287	3.6575e-06	0	0	0	0.643191	0.44812	0	0.195071		300	0.0366273	0.00104392	0.00104392	-0.00208783	0	0	0	0.0366273	0	-0.355028	-111.796	0	20.391	20.391	-1.5099e-14	5.32541	0	0	0	0	0	0	0	0	0	0	0	0	0	0	0	0	0	0	0	0	0	0	0	0	0	0	0	0	0	0	0	0	0	
1	1	1	127	3.81		300	0	0	0.00635	0.00635	-0.00780182	0	0	0	91.6907	91.6907	3.72534e-06	0	0	0	0.65234	0.452431	0	0.199909		300	0.0375355	0.00107067	0.00107067	-0.00214134	0	0	0	0.0375355	0	-0.355028	-111.796	0	20.391	20.391	-1.5099e-14	5.32541	0	0	0	0	0	0	0	0	0	0	0	0	0	0	0	0	0	0	0	0	0	0	0	0	0	0	0	0	0	0	0	0	0	
1	1	1	128	3.84		300	0	0	0.0064	0.0064	-0.00788047	0	0	0	92.0904	92.0904	3.79212e-06	0	0	0	0.661529	0.456744	0	0.204785		300	0.038451	0.00109766	0.00109766	-0.00219532	0	0	0	0.038451	0	-0.355028	-111.796	0	20.391	20.391	-1.5099e-14	5.32541	0	0	0	0	0	0	0	0	0	0	0	0	0	0	0	0	0	0	0	0	0	0	0	0	0	0	0	0	0	0	0	0	0	
1	1	1	129	3.87		300	0	0	0.00645	0.00645	-0.00795934	0	0	0	92.486	92.486	3.85782e-06	0	0	0	0.670758	0.461058	0	0.2097		300	0.0393736	0.00112488	0.00112488	-0.00224976	0	0	0	0.0393736	0	-0.355028	-111.796	0	20.391	20.391	-1.5099e-14	5.32541	0	0	0	0	0	0	0	0	0	0	0	0	0	0	0	0	0	0	0	0	0	0	0	0	0	0	0	0	0	0	0	0	0	
1	1	1	130	3.9		300	0	0	0.0065	0.0065	-0.00803841	0	0	0	92.8778	92.8778	3.92243e-06	0	0	0	0.680026	0.465375	0	0.214651		300	0.0403031	0.00115233	0.00115233	-0.00230465	0	0	0	0.0403031	0	-0.355028	-111.796	0	20.391	20.391	-1.5099e-14	5.32541	0	0	0	0	0	0	0	0	0	0	0	0	0	0	0	0	0	0	0	0	0	0	0	0	0	0	0	0	0	0	0	0	0	
1	1	1	131	3.93		300	0	0	0.00655	0.00655	-0.00811769	0	0	0	93.2657	93.2657	3.98594e-06	0	0	0	0.689333	0.469694	0	0.219639		300	0.0412395	0.00117999	0.00117999	-0.00235998	0	0	0	0.0412395	0	-0.355028	-111.796	0	20.391	20.391	-1.5099e-14	5.32541	0	0	0	0	0	0	0	0	0	0	0	0	0	0	0	0	0	0	0	0	0	0	0	0	0	0	0	0	0	0	0	0	0	
1	1	1	132	3.96		300	0	0	0.0066	0.0066	-0.00819716	0	0	0	93.6499	93.6499	4.04833e-06	0	0	0	0.698679	0.474017	0	0.224663		300	0.0421826	0.00120787	0.00120787	-0.00241574	0	0	0	0.0421826	0	-0.355028	-111.796	0	20.391	20.391	-1.5099e-14	5.32541	0	0	0	0	0	0	0	0	0	0	0	0	0	0	0	0	0	0	0	0	0	0	0	0	0	0	0	0	0	0	0	0	0	
1	1	1	133	3.99		300	0	0	0.00665	0.00665	-0.00827684	0	0	0	94.0303	94.0303	4.1096e-06	0	0	0	0.708063	0.478342	0	0.229721		300	0.0431322	0.00123596	0.00123596	-0.00247193	0	0	0	0.0431322	0	-0.355028	-111.796	0	20.391	20.391	-1.5099e-14	5.32541	0	0	0	0	0	0	0	0	0	0	0	0	0	0	0	0	0	0	0	0	0	0	0	0	0	0	0	0	0	0	0	0	0	
1	1	1	134	4.02		300	0	0	0.0067	0.0067	-0.0083567	0	0	0	94.4072	94.4072	4.16976e-06	0	0	0	0.717485	0.482672	0	0.234813		300	0.0440882	0.00126426	0.00126426	-0.00252853	0	0	0	0.0440882	0	-0.355028	-111.796	0	20.391	20.391	-1.5099e-14	5.32541	0	0	0	0	0	0	0	0	0	0	0	0	0	0	0	0	0	0	0	0	0	0	0	0	0	0	0	0	0	0	0	0	0	
1	1	1	135	4.05		300	0	0	0.00675	0.00675	-0.00843676	0	0	0	94.7805	94.7805	4.22878e-06	0	0	0	0.726944	0.487005	0	0.239939		300	0.0450504	0.00129277	0.00129277	-0.00258554	0	0	0	0.0450504	0	-0.355028	-111.796	0	20.391	20.391	-1.5099e-14	5.32541	0	0	0	0	0	0	0	0	0	0	0	0	0	0	0	0	0	0	0	0	0	0	0	0	0	0	0	0	0	0	0	0	0	
1	1	1	136	4.08		300	0	0	0.0068	0.0068	-0.008517	0	0	0	95.1504	95.1504	4.28669e-06	0	0	0	0.736441	0.491343	0	0.245098		300	0.0460188	0.00132147	0.00132147	-0.00264294	0	0	0	0.0460188	0	-0.355028	-111.796	0	20.391	20.391	-1.5099e-14	5.32541	0	0	0	0	0	0	0	0	0	0	0	0	0	0	0	0	0	0	0	0	0	0	0	0	0	0	0	0	0	0	0	0	0	
1	1	1	137	4.11		300	0	0	0.00685	0.00685	-0.00859743	0	0	0	95.5168	95.5168	4.34349e-06	0	0	0	0.745974	0.495686	0	0.250288		300	0.0469933	0.00135037	0.00135037	-0.00270075	0	0	0	0.0469933	0	-0.355028	-111.796	0	20.391	20.391	-1.5099e-14	5.32541	0	0	0	0	0	0	0	0	0	0	0	0	0	0	0	0	0	0	0	0	0	0	0	0	0	0	0	0	0	0	0	0	0	
1	1	1	138	4.14		300	0	0	0.0069	0.0069	-0.00867803	0	0	0	95.8799	95.8799	4.39917e-06	0	0	0	0.755544	0.500034	0	0.25551		300	0.0479736	0.00137947	0.00137947	-0.00275893	0	0	0	0.0479736	0	-0.355028	-111.796	0	20.391	20.391	-1.5099e-14	5.32541	0	0	0	0	0	0	0	0	0	0	0	0	0	0	0	0	0	0	0	0	0	0	0	0	0	0	0	0	0	0	0	0	0	
1	1	1	139	4.17		300	0	0	0.00695	0.00695	-0.00875881	0	0	0	96.2398	96.2398	4.45375e-06	0	0	0	0.76515	0.504387	0	0.260763		300	0.0489597	0.00140875	0.00140875	-0.0028175	0	0	0	0.0489597	0	-0.355028	-111.796	0	20.391	20.391	-1.5099e-14	5.32541	0	0	0	0	0	0	0	0	0	0	0	0	0	0	0	0	0	0	0	0	0	0	0	0	0	0	0	0	0	0	0	0	0	
1	1	1	140	4.2		300	0	0	0.007	0.007	-0.00883976	0	0	0	96.5964	96.5964	4.50724e-06	0	0	0	0.774792	0.508746	0	0.266046		300	0.0499514	0.00143822	0.00143822	-0.00287643	0	0	0	0.0499514	0	-0.355028	-111.796	0	20.391	20.391	-1.5099e-14	5.32541	0	0	0	0	0	0	0	0	0	0	0	0	0	0	0	0	0	0	0	0	0	0	0	0	0	0	0	0	0	0	0	0	0	
1	1	1	141	4.23		300	0	0	0.00705	0.00705	-0.00892088	0	0	0	96.9498	96.9498	4.55965e-06	0	0	0	0.784469	0.513111	0	0.271359		300	0.0509487	0.00146787	0.00146787	-0.00293573	0	0	0	0.0509487	0	-0.355028	-111.796	0	20.391	20.391	-1.5099e-14	5.32541	0	0	0	0	0	0	0	0	0	0	0	0	0	0	0	0	0	0	0	0	0	0	0	0	0	0	0	0	0	0	0	0	0	
1	1	1	142	4.26		300	0	0	0.0071	0.0071	-0.00900216	0	0	0	97.3002	97.3002	4.61099e-06	0	0	0	0.794182	0.517482	0	0.2767		300	0.0519515	0.00149769	0.00149769	-0.00299539	0	0	0	0.0519515	0	-0.355028	-111.796	0	20.391	20.391	-1.5099e-14	5.32541	0	0	0	0	0	0	0	0	0	0	0	0	0	0	0	0	0	0	0	0	0	0	0	0	0	0	0	0	0	0	0	0	0	
1	1	1	143	4.29		300	0	0	0.00715	0.00715	-0.00908361	0	0	0	97.6475	97.6475	4.66128e-06	0	0	0	0.803929	0.521859	0	0.28207		300	0.0529595	0.0015277	0.0015277	-0.00305539	0	0	0	0.0529595	0	-0.355028	-111.796	0	20.391	20.391	-1.5099e-14	5.32541	0	0	0	0	0	0	0	0	0	0	0	0	0	0	0	0	0	0	0	0	0	0	0	0	0	0	0	0	0	0	0	0	0	
1	1	1	144	4.32		300	0	0	0.0072	0.0072	-0.00916521	0	0	0	97.9918	97.9918	4.71052e-06	0	0	0	0.813711	0.526244	0	0.287467		300	0.0539728	0.00155787	0.00155787	-0.00311574	0	0	0	0.0539728	0	-0.355028	-111.796	0	20.391	20.391	-1.5099e-14	5.32541	0	0	0	0	0	0	0	0	0	0	0	0	0	0	0	0	0	0	0	0	0	0	0	0	0	0	0	0	0	0	0	0	0	
1	1	1	145	4.35		300	0	0	0.00725	0.00725	-0.00924697	0	0	0	98.3332	98.3332	4.75874e-06	0	0	0	0.823527	0.530635	0	0.292892		300	0.0549911	0.00158821	0.00158821	-0.00317642	0	0	0	0.0549911	0	-0.355028	-111.796	0	20.391	20.391	-1.5099e-14	5.32541	0	0	0	0	0	0	0	0	0	0	0	0	0	0	0	0	0	0	0	0	0	0	0	0	0	0	0	0	0	0	0	0	0	
1	1	1	146	4.38		300	0	0	0.0073	0.0073	-0.00932889	0	0	0	98.6718	98.6718	4.80595e-06	0	0	0	0.833378	0.535034	0	0.298344		300	0.0560145	0.00161872	0.00161872	-0.00323744	0	0	0	0.0560145	0	-0.355028	-111.796	0	20.391	20.391	-1.5099e-14	5.32541	0	0	0	0	0	0	0	0	0	0	0	0	0	0	0	0	0	0	0	0	0	0	0	0	0	0	0	0	0	0	0	0	0	
1	1	1	147	4.41		300	0	0	0.00735	0.00735	-0.00941096	0	0	0	99.0075	99.0075	4.85216e-06	0	0	0	0.843262	0.53944	0	0.303821		300	0.0570428	0.00164939	0.00164939	-0.00329878	0	0	0	0.0570428	0	-0.355028	-111.796	0	20.391	20.391	-1.5099e-14	5.32541	0	0	0	0	0	0	0	0	0	0	0	0	0	0	0	0	0	0	0	0	0	0	0	0	0	0	0	0	0	0	0	0	0	
1	1	1	148	4.44		300	0	0	0.0074	0.0074	-0.00949317	0	0	0	99.3404	99.3404	4.89739e-06	0	0	0	0.853179	0.543855	0	0.309324		300	0.0580759	0.00168022	0.00168022	-0.00336044	0	0	0	0.0580759	0	-0.355028	-111.796	0	20.391	20.391	-1.5099e-14	5.32541	0	0	0	0	0	0	0	0	0	0	0	0	0	0	0	0	0	0	0	0	0	0	0	0	0	0	0	0	0	0	0	0	0	
1	1	1	149	4.47		300	0	0	0.00745	0.00745	-0.00957553	0	0	0	99.6707	99.6707	4.94166e-06	0	0	0	0.86313	0.548277	0	0.314853		300	0.0591137	0.00171121	0.00171121	-0.00342241	0	0	0	0.0591137	0	-0.355028	-111.796	0	20.391	20.391	-1.5099e-14	5.32541	0	0	0	0	0	0	0	0	0	0	0	0	0	0	0	0	0	0	0	0	0	0	0	0	0	0	0	0	0	0	0	0	0	
1	1	1	150	4.5		300	0	0	0.0075	0.0075	-0.00965803	0	0	0	99.9982	99.9982	4.98498e-06	0	0	0	0.873113	0.552707	0	0.320406		300	0.0601561	0.00174235	0.00174235	-0.00348469	0	0	0	0.0601561	0	-0.355028	-111.796	0	20.391	20.391	-1.5099e-14	5.32541	0	0	0	0	0	0	0	0	0	0	0	0	0	0	0	0	0	0	0	0	0	0	0	0	0	0	0	0	0	0	0	0	0	
1	1	1	151	4.53		300	0	0	0.00755	0.00755	-0.00974067	0	0	0	100.323	100.323	5.02738e-06	0	0	0	0.883129	0.557146	0	0.325983		300	0.0612031	0.00177364	0.00177364	-0.00354728	0	0	0	0.0612031	0	-0.355028	-111.796	0	20.391	20.391	-1.5099e-14	5.32541	0	0	0	0	0	0	0	0	0	0	0	0	0	0	0	0	0	0	0	0	0	0	0	0	0	0	0	0	0	0	0	0	0	
1	1	1	152	4.56		300	0	0	0.0076	0.0076	-0.00982345	0	0	0	100.646	100.646	5.06886e-06	0	0	0	0.893177	0.561593	0	0.331584		300	0.0622545	0.00180508	0.00180508	-0.00361015	0	0	0	0.0622545	0	-0.355028	-111.796	0	20.391	20.391	-1.5099e-14	5.32541	0	0	0	0	0	0	0	0	0	0	0	0	0	0	0	0	0	0	0	0	0	0	0	0	0	0	0	0	0	0	0	0	0	
1	1	1	153	4.59		300	0	0	0.00765	0.00765	-0.00990637	0	0	0	100.965	100.965	5.10945e-06	0	0	0	0.903258	0.56605	0	0.337208		300	0.0633103	0.00183666	0.00183666	-0.00367332	0	0	0	0.0633103	0	-0.355028	-111.796	0	20.391	20.391	-1.5099e-14	5.32541	0	0	0	0	0	0	0	0	0	0	0	0	0	0	0	0	0	0	0	0	0	0	0	0	0	0	0	0	0	0	0	0	0	
1	1	1	154	4.62		300	0	0	0.0077	0.0077	-0.00998941	0	0	0	101.283	101.283	5.14917e-06	0	0	0	0.91337	0.570515	0	0.342855		300	0.0643703	0.00186839	0.00186839	-0.00373678	0	0	0	0.0643703	0	-0.355028	-111.796	0	20.391	20.391	-1.5099e-14	5.32541	0	0	0	0	0	0	0	0	0	0	0	0	0	0	0	0	0	0	0	0	0	0	0	0	0	0	0	0	0	0	0	0	0	
1	1	1	155	4.65		300	0	0	0.00775	0.00775	-0.0100726	0	0	0	101.598	101.598	5.18803e-06	0	0	0	0.923514	0.57499	0	0.348525		300	0.0654346	0.00190026	0.00190026	-0.00380052	0	0	0	0.0654346	0	-0.355028	-111.796	0	20.391	20.391	-1.5099e-14	5.32541	0	0	0	0	0	0	0	0	0	0	0	0	0	0	0	0	0	0	0	0	0	0	0	0	0	0	0	0	0	0	0	0	0	
1	1	1	156	4.68		300	0	0	0.0078	0.0078	-0.0101559	0	0	0	101.91	101.91	5.22605e-06	0	0	0	0.93369	0.579474	0	0.354216		300	0.066503	0.00193226	0.00193226	-0.00386453	0	0	0	0.066503	0	-0.355028	-111.796	0	20.391	20.391	-1.5099e-14	5.32541	0	0	0	0	0	0	0	0	0	0	0	0	0	0	0	0	0	0	0	0	0	0	0	0	0	0	0	0	0	0	0	0	0	
1	1	1	157	4.71		300	0	0	0.00785	0.00785	-0.0102393	0	0	0	102.22	102.22	5.26325e-06	0	0	0	0.943896	0.583968	0	0.359929		300	0.0675754	0.0019644	0.0019644	-0.00392881	0	0	0	0.0675754	0	-0.355028	-111.796	0	20.391	20.391	-1.5099e-14	5.32541	0	0	0	0	0	0	0	0	0	0	0	0	0	0	0	0	0	0	0	0	0	0	0	0	0	0	0	0	0	0	0	0	0	
1	1	1	158	4.74		300	0	0	0.0079	0.0079	-0.0103229	0	0	0	102.528	102.528	5.29964e-06	0	0	0	0.954134	0.588471	0	0.365663		300	0.0686518	0.00199668	0.00199668	-0.00399336	0	0	0	0.0686518	0	-0.355028	-111.796	0	20.391	20.391	-1.5099e-14	5.32541	0	0	0	0	0	0	0	0	0	0	0	0	0	0	0	0	0	0	0	0	0	0	0	0	0	0	0	0	0	0	0	0	0	
1	1	1	159	4.77		300	0	0	0.00795	0.00795	-0.0104066	0	0	0	102.834	102.834	5.33524e-06	0	0	0	0.964402	0.592984	0	0.371417		300	0.0697321	0.00202908	0.00202908	-0.00405817	0	0	0	0.0697321	0	-0.355028	-111.796	0	20.391	20.391	-1.5099e-14	5.32541	0	0	0	0	0	0	0	0	0	0	0	0	0	0	0	0	0	0	0	0	0	0	0	0	0	0	0	0	0	0	0	0	0	
1	1	1	160	4.8		300	0	0	0.008	0.008	-0.0104903	0	0	0	103.137	103.137	5.37008e-06	0	0	0	0.9747	0.597508	0	0.377192		300	0.0708162	0.00206162	0.00206162	-0.00412324	0	0	0	0.0708162	0	-0.355028	-111.796	0	20.391	20.391	-1.5099e-14	5.32541	0	0	0	0	0	0	0	0	0	0	0	0	0	0	0	0	0	0	0	0	0	0	0	0	0	0	0	0	0	0	0	0	0	
1	1	1	161	4.83		300	0	0	0.00805	0.00805	-0.0105743	0	0	0	103.438	103.438	5.40415e-06	0	0	0	0.985029	0.602042	0	0.382988		300	0.071904	0.00209428	0.00209428	-0.00418856	0	0	0	0.071904	0	-0.355028	-111.796	0	20.391	20.391	-1.5099e-14	5.32541	0	0	0	0	0	0	0	0	0	0	0	0	0	0	0	0	0	0	0	0	0	0	0	0	0	0	0	0	0	0	0	0	0	
1	1	1	162	4.86		300	0	0	0.0081	0.0081	-0.0106583	0	0	0	103.737	103.737	5.4375e-06	0	0	0	0.995388	0.606586	0	0.388802		300	0.0729955	0.00212706	0.00212706	-0.00425413	0	0	0	0.0729955	0	-0.355028	-111.796	0	20.391	20.391	-1.5099e-14	5.32541	0	0	0	0	0	0	0	0	0	0	0	0	0	0	0	0	0	0	0	0	0	0	0	0	0	0	0	0	0	0	0	0	0	
1	1	1	163	4.89		300	0	0	0.00815	0.00815	-0.0107424	0	0	0	104.034	104.034	5.47012e-06	0	0	0	1.00578	0.61114	0	0.394636		300	0.0740907	0.00215997	0.00215997	-0.00431994	0	0	0	0.0740907	0	-0.355028	-111.796	0	20.391	20.391	-1.5099e-14	5.32541	0	0	0	0	0	0	0	0	0	0	0	0	0	0	0	0	0	0	0	0	0	0	0	0	0	0	0	0	0	0	0	0	0	
1	1	1	164	4.92		300	0	0	0.0082	0.0082	-0.0108267	0	0	0	104.329	104.329	5.50203e-06	0	0	0	1.01619	0.615706	0	0.400489		300	0.0751894	0.002193	0.002193	-0.00438599	0	0	0	0.0751894	0	-0.355028	-111.796	0	20.391	20.391	-1.5099e-14	5.32541	0	0	0	0	0	0	0	0	0	0	0	0	0	0	0	0	0	0	0	0	0	0	0	0	0	0	0	0	0	0	0	0	0	
1	1	1	165	4.95		300	0	0	0.00825	0.00825	-0.010911	0	0	0	104.622	104.622	5.53326e-06	0	0	0	1.02664	0.620282	0	0.40636		300	0.0762915	0.00222614	0.00222614	-0.00445228	0	0	0	0.0762915	0	-0.355028	-111.796	0	20.391	20.391	-1.5099e-14	5.32541	0	0	0	0	0	0	0	0	0	0	0	0	0	0	0	0	0	0	0	0	0	0	0	0	0	0	0	0	0	0	0	0	0	
1	1	1	166	4.98		300	0	0	0.0083	0.0083	-0.0109955	0	0	0	104.912	104.912	5.56382e-06	0	0	0	1.03712	0.624869	0	0.41225		300	0.0773971	0.0022594	0.0022594	-0.0045188	0	0	0	0.0773971	0	-0.355028	-111.796	0	20.391	20.391	-1.5099e-14	5.32541	0	0	0	0	0	0	0	0	0	0	0	0	0	0	0	0	0	0	0	0	0	0	0	0	0	0	0	0	0	0	0	0	0	
1	1	1	167	5.01		300	0	0	0.00835	0.00835	-0.0110801	0	0	0	105.201	105.201	5.59371e-06	0	0	0	1.04762	0.629467	0	0.418157		300	0.0785061	0.00229278	0.00229278	-0.00458555	0	0	0	0.0785061	0	-0.355028	-111.796	0	20.391	20.391	-1.5099e-14	5.32541	0	0	0	0	0	0	0	0	0	0	0	0	0	0	0	0	0	0	0	0	0	0	0	0	0	0	0	0	0	0	0	0	0	
1	1	1	168	5.04		300	0	0	0.0084	0.0084	-0.0111648	0	0	0	105.488	105.488	5.62297e-06	0	0	0	1.05816	0.634076	0	0.424083		300	0.0796183	0.00232626	0.00232626	-0.00465253	0	0	0	0.0796183	0	-0.355028	-111.796	0	20.391	20.391	-1.5099e-14	5.32541	0	0	0	0	0	0	0	0	0	0	0	0	0	0	0	0	0	0	0	0	0	0	0	0	0	0	0	0	0	0	0	0	0	
1	1	1	169	5.07		300	0	0	0.00845	0.00845	-0.0112495	0	0	0	105.773	105.773	5.6516e-06	0	0	0	1.06872	0.638697	0	0.430025		300	0.0807338	0.00235986	0.00235986	-0.00471972	0	0	0	0.0807338	0	-0.355028	-111.796	0	20.391	20.391	-1.5099e-14	5.32541	0	0	0	0	0	0	0	0	0	0	0	0	0	0	0	0	0	0	0	0	0	0	0	0	0	0	0	0	0	0	0	0	0	
1	1	1	170	5.1		300	0	0	0.0085	0.0085	-0.0113344	0	0	0	106.056	106.056	5.67961e-06	0	0	0	1.07931	0.643329	0	0.435984		300	0.0818525	0.00239357	0.00239357	-0.00478713	0	0	0	0.0818525	0	-0.355028	-111.796	0	20.391	20.391	-1.5099e-14	5.32541	0	0	0	0	0	0	0	0	0	0	0	0	0	0	0	0	0	0	0	0	0	0	0	0	0	0	0	0	0	0	0	0	0	
1	1	1	171	5.13		300	0	0	0.00855	0.00855	-0.0114194	0	0	0	106.337	106.337	5.70703e-06	0	0	0	1.08993	0.647973	0	0.44196		300	0.0829743	0.00242738	0.00242738	-0.00485476	0	0	0	0.0829743	0	-0.355028	-111.796	0	20.391	20.391	-1.5099e-14	5.32541	0	0	0	0	0	0	0	0	0	0	0	0	0	0	0	0	0	0	0	0	0	0	0	0	0	0	0	0	0	0	0	0	0	
1	1	1	172	5.16		300	0	0	0.0086	0.0086	-0.0115045	0	0	0	106.616	106.616	5.73386e-06	0	0	0	1.10058	0.652628	0	0.447953		300	0.0840992	0.0024613	0.0024613	-0.00492259	0	0	0	0.0840992	0	-0.355028	-111.796	0	20.391	20.391	-1.5099e-14	5.32541	0	0	0	0	0	0	0	0	0	0	0	0	0	0	0	0	0	0	0	0	0	0	0	0	0	0	0	0	0	0	0	0	0	
1	1	1	173	5.19		300	0	0	0.00865	0.00865	-0.0115897	0	0	0	106.894	106.894	5.76012e-06	0	0	0	1.11126	0.657295	0	0.453961		300	0.0852271	0.00249532	0.00249532	-0.00499064	0	0	0	0.0852271	0	-0.355028	-111.796	0	20.391	20.391	-1.5099e-14	5.32541	0	0	0	0	0	0	0	0	0	0	0	0	0	0	0	0	0	0	0	0	0	0	0	0	0	0	0	0	0	0	0	0	0	
1	1	1	174	5.22		300	0	0	0.0087	0.0087	-0.0116749	0	0	0	107.17	107.17	5.78583e-06	0	0	0	1.12196	0.661974	0	0.459986		300	0.086358	0.00252944	0.00252944	-0.00505888	0	0	0	0.086358	0	-0.355028	-111.796	0	20.391	20.391	-1.5099e-14	5.32541	0	0	0	0	0	0	0	0	0	0	0	0	0	0	0	0	0	0	0	0	0	0	0	0	0	0	0	0	0	0	0	0	0	
1	1	1	175	5.25		300	0	0	0.00875	0.00875	-0.0117603	0	0	0	107.444	107.444	5.81099e-06	0	0	0	1.13269	0.666665	0	0.466025		300	0.0874918	0.00256366	0.00256366	-0.00512733	0	0	0	0.0874918	0	-0.355028	-111.796	0	20.391	20.391	-1.5099e-14	5.32541	0	0	0	0	0	0	0	0	0	0	0	0	0	0	0	0	0	0	0	0	0	0	0	0	0	0	0	0	0	0	0	0	0	
1	1	1	176	5.28		300	0	0	0.0088	0.0088	-0.0118457	0	0	0	107.716	107.716	5.83562e-06	0	0	0	1.14345	0.671368	0	0.472081		300	0.0886284	0.00259798	0.00259798	-0.00519597	0	0	0	0.0886284	0	-0.355028	-111.796	0	20.391	20.391	-1.5099e-14	5.32541	0	0	0	0	0	0	0	0	0	0	0	0	0	0	0	0	0	0	0	0	0	0	0	0	0	0	0	0	0	0	0	0	0	
1	1	1	177	5.31		300	0	0	0.00885	0.00885	-0.0119313	0	0	0	107.986	107.986	5.85973e-06	0	0	0	1.15423	0.676082	0	0.478151		300	0.0897679	0.0026324	0.0026324	-0.00526481	0	0	0	0.0897679	0	-0.355028	-111.796	0	20.391	20.391	-1.5099e-14	5.32541	0	0	0	0	0	0	0	0	0	0	0	0	0	0	0	0	0	0	0	0	0	0	0	0	0	0	0	0	0	0	0	0	0	
1	1	1	178	5.34		300	0	0	0.0089	0.0089	-0.0120169	0	0	0	108.255	108.255	5.88334e-06	0	0	0	1.16505	0.68081	0	0.484236		300	0.0909101	0.00266692	0.00266692	-0.00533383	0	0	0	0.0909101	0	-0.355028	-111.796	0	20.391	20.391	-1.5099e-14	5.32541	0	0	0	0	0	0	0	0	0	0	0	0	0	0	0	0	0	0	0	0	0	0	0	0	0	0	0	0	0	0	0	0	0	
1	1	1	179	5.37		300	0	0	0.00895	0.00895	-0.0121026	0	0	0	108.523	108.523	5.90645e-06	0	0	0	1.17588	0.685549	0	0.490335		300	0.0920551	0.00270152	0.00270152	-0.00540305	0	0	0	0.0920551	0	-0.355028	-111.796	0	20.391	20.391	-1.5099e-14	5.32541	0	0	0	0	0	0	0	0	0	0	0	0	0	0	0	0	0	0	0	0	0	0	0	0	0	0	0	0	0	0	0	0	0	
1	1	1	180	5.4		300	0	0	0.009	0.009	-0.0121884	0	0	0	108.788	108.788	5.92908e-06	0	0	0	1.18675	0.690301	0	0.496449		300	0.0932028	0.00273622	0.00273622	-0.00547245	0	0	0	0.0932028	0	-0.355028	-111.796	0	20.391	20.391	-1.5099e-14	5.32541	0	0	0	0	0	0	0	0	0	0	0	0	0	0	0	0	0	0	0	0	0	0	0	0	0	0	0	0	0	0	0	0	0	
1	1	1	181	5.43		300	0	0	0.00905	0.00905	-0.0122743	0	0	0	109.053	109.053	5.95124e-06	0	0	0	1.19764	0.695065	0	0.502577		300	0.0943531	0.00277102	0.00277102	-0.00554203	0	0	0	0.0943531	0	-0.355028	-111.796	0	20.391	20.391	-1.5099e-14	5.32541	0	0	0	0	0	0	0	0	0	0	0	0	0	0	0	0	0	0	0	0	0	0	0	0	0	0	0	0	0	0	0	0	0	
1	1	1	182	5.46		300	0	0	0.0091	0.0091	-0.0123603	0	0	0	109.315	109.315	5.97294e-06	0	0	0	1.20856	0.699842	0	0.508718		300	0.0955059	0.0028059	0.0028059	-0.00561179	0	0	0	0.0955059	0	-0.355028	-111.796	0	20.391	20.391	-1.5099e-14	5.32541	0	0	0	0	0	0	0	0	0	0	0	0	0	0	0	0	0	0	0	0	0	0	0	0	0	0	0	0	0	0	0	0	0	
1	1	1	183	5.49		300	0	0	0.00915	0.00915	-0.0124464	0	0	0	109.576	109.576	5.99418e-06	0	0	0	1.2195	0.704631	0	0.514873		300	0.0966614	0.00284087	0.00284087	-0.00568173	0	0	0	0.0966614	0	-0.355028	-111.796	0	20.391	20.391	-1.5099e-14	5.32541	0	0	0	0	0	0	0	0	0	0	0	0	0	0	0	0	0	0	0	0	0	0	0	0	0	0	0	0	0	0	0	0	0	
1	1	1	184	5.52		300	0	0	0.0092	0.0092	-0.0125325	0	0	0	109.836	109.836	6.015e-06	0	0	0	1.23048	0.709433	0	0.521042		300	0.0978193	0.00287592	0.00287592	-0.00575184	0	0	0	0.0978193	0	-0.355028	-111.796	0	20.391	20.391	-1.5099e-14	5.32541	0	0	0	0	0	0	0	0	0	0	0	0	0	0	0	0	0	0	0	0	0	0	0	0	0	0	0	0	0	0	0	0	0	
1	1	1	185	5.55		300	0	0	0.00925	0.00925	-0.0126187	0	0	0	110.094	110.094	6.03538e-06	0	0	0	1.24147	0.714248	0	0.527224		300	0.0989797	0.00291106	0.00291106	-0.00582213	0	0	0	0.0989797	0	-0.355028	-111.796	0	20.391	20.391	-1.5099e-14	5.32541	0	0	0	0	0	0	0	0	0	0	0	0	0	0	0	0	0	0	0	0	0	0	0	0	0	0	0	0	0	0	0	0	0	
1	1	1	186	5.58		300	0	0	0.0093	0.0093	-0.012705	0	0	0	110.35	110.35	6.05535e-06	0	0	0	1.25249	0.719076	0	0.533418		300	0.100143	0.00294629	0.00294629	-0.00589258	0	0	0	0.100143	0	-0.355028	-111.796	0	20.391	20.391	-1.5099e-14	5.32541	0	0	0	0	0	0	0	0	0	0	0	0	0	0	0	0	0	0	0	0	0	0	0	0	0	0	0	0	0	0	0	0	0	
1	1	1	187	5.61		300	0	0	0.00935	0.00935	-0.0127914	0	0	0	110.606	110.606	6.07491e-06	0	0	0	1.26354	0.723916	0	0.539626		300	0.101308	0.0029816	0.0029816	-0.0059632	0	0	0	0.101308	0	-0.355028	-111.796	0	20.391	20.391	-1.5099e-14	5.32541	0	0	0	0	0	0	0	0	0	0	0	0	0	0	0	0	0	0	0	0	0	0	0	0	0	0	0	0	0	0	0	0	0	
1	1	1	188	5.64		300	0	0	0.0094	0.0094	-0.0128778	0	0	0	110.859	110.859	6.09407e-06	0	0	0	1.27462	0.72877	0	0.545846		300	0.102475	0.00301699	0.00301699	-0.00603398	0	0	0	0.102475	0	-0.355028	-111.796	0	20.391	20.391	-1.5099e-14	5.32541	0	0	0	0	0	0	0	0	0	0	0	0	0	0	0	0	0	0	0	0	0	0	0	0	0	0	0	0	0	0	0	0	0	
1	1	1	189	5.67		300	0	0	0.00945	0.00945	-0.0129643	0	0	0	111.112	111.112	6.11284e-06	0	0	0	1.28571	0.733636	0	0.552078		300	0.103645	0.00305246	0.00305246	-0.00610492	0	0	0	0.103645	0	-0.355028	-111.796	0	20.391	20.391	-1.5099e-14	5.32541	0	0	0	0	0	0	0	0	0	0	0	0	0	0	0	0	0	0	0	0	0	0	0	0	0	0	0	0	0	0	0	0	0	
1	1	1	190	5.7		300	0	0	0.0095	0.0095	-0.0130509	0	0	0	111.363	111.363	6.13123e-06	0	0	0	1.29684	0.738515	0	0.558322		300	0.104817	0.00308801	0.00308801	-0.00617603	0	0	0	0.104817	0	-0.355028	-111.796	0	20.391	20.391	-1.5099e-14	5.32541	0	0	0	0	0	0	0	0	0	0	0	0	0	0	0	0	0	0	0	0	0	0	0	0	0	0	0	0	0	0	0	0	0	
1	1	1	191	5.73		300	0	0	0.00955	0.00955	-0.0131376	0	0	0	111.612	111.612	6.14925e-06	0	0	0	1.30799	0.743408	0	0.564578		300	0.105992	0.00312364	0.00312364	-0.00624729	0	0	0	0.105992	0	-0.355028	-111.796	0	20.391	20.391	-1.5099e-14	5.32541	0	0	0	0	0	0	0	0	0	0	0	0	0	0	0	0	0	0	0	0	0	0	0	0	0	0	0	0	0	0	0	0	0	
1	1	1	192	5.76		300	0	0	0.0096	0.0096	-0.0132243	0	0	0	111.86	111.86	6.16691e-06	0	0	0	1.31916	0.748314	0	0.570846		300	0.107168	0.00315935	0.00315935	-0.0063187	0	0	0	0.107168	0	-0.355028	-111.796	0	20.391	20.391	-1.5099e-14	5.32541	0	0	0	0	0	0	0	0	0	0	0	0	0	0	0	0	0	0	0	0	0	0	0	0	0	0	0	0	0	0	0	0	0	
1	1	1	193	5.79		300	0	0	0.00965	0.00965	-0.0133112	0	0	0	112.107	112.107	6.18422e-06	0	0	0	1.33036	0.753232	0	0.577126		300	0.108347	0.00319513	0.00319513	-0.00639026	0	0	0	0.108347	0	-0.355028	-111.796	0	20.391	20.391	-1.5099e-14	5.32541	0	0	0	0	0	0	0	0	0	0	0	0	0	0	0	0	0	0	0	0	0	0	0	0	0	0	0	0	0	0	0	0	0	
1	1	1	194	5.82		300	0	0	0.0097	0.0097	-0.013398	0	0	0	112.353	112.353	6.20118e-06	0	0	0	1.34158	0.758164	0	0.583417		300	0.109528	0.00323099	0.00323099	-0.00646198	0	0	0	0.109528	0	-0.355028	-111.796	0	20.391	20.391	-1.5099e-14	5.32541	0	0	0	0	0	0	0	0	0	0	0	0	0	0	0	0	0	0	0	0	0	0	0	0	0	0	0	0	0	0	0	0	0	
1	1	1	195	5.85		300	0	0	0.00975	0.00975	-0.013485	0	0	0	112.597	112.597	6.21781e-06	0	0	0	1.35283	0.76311	0	0.589719		300	0.110711	0.00326692	0.00326692	-0.00653384	0	0	0	0.110711	0	-0.355028	-111.796	0	20.391	20.391	-1.5099e-14	5.32541	0	0	0	0	0	0	0	0	0	0	0	0	0	0	0	0	0	0	0	0	0	0	0	0	0	0	0	0	0	0	0	0	0	
1	1	1	196	5.88		300	0	0	0.0098	0.0098	-0.013572	0	0	0	112.84	112.84	6.23411e-06	0	0	0	1.3641	0.768069	0	0.596032		300	0.111896	0.00330293	0.00330293	-0.00660585	0	0	0	0.111896	0	-0.355028	-111.796	0	20.391	20.391	-1.5099e-14	5.32541	0	0	0	0	0	0	0	0	0	0	0	0	0	0	0	0	0	0	0	0	0	0	0	0	0	0	0	0	0	0	0	0	0	
1	1	1	197	5.91		300	0	0	0.00985	0.00985	-0.0136591	0	0	0	113.082	113.082	6.25008e-06	0	0	0	1.3754	0.773041	0	0.602356		300	0.113083	0.003339	0.003339	-0.006678	0	0	0	0.113083	0	-0.355028	-111.796	0	20.391	20.391	-1.5099e-14	5.32541	0	0	0	0	0	0	0	0	0	0	0	0	0	0	0	0	0	0	0	0	0	0	0	0	0	0	0	0	0	0	0	0	0	
1	1	1	198	5.94		300	0	0	0.0099	0.0099	-0.0137462	0	0	0	113.323	113.323	6.26574e-06	0	0	0	1.38672	0.778026	0	0.608691		300	0.114272	0.00337515	0.00337515	-0.0067503	0	0	0	0.114272	0	-0.355028	-111.796	0	20.391	20.391	-1.5099e-14	5.32541	0	0	0	0	0	0	0	0	0	0	0	0	0	0	0	0	0	0	0	0	0	0	0	0	0	0	0	0	0	0	0	0	0	
1	1	1	199	5.97		300	0	0	0.00995	0.00995	-0.0138334	0	0	0	113.562	113.562	6.2811e-06	0	0	0	1.39806	0.783025	0	0.615036		300	0.115463	0.00341137	0.00341137	-0.00682273	0	0	0	0.115463	0	-0.355028	-111.796	0	20.391	20.391	-1.5099e-14	5.32541	0	0	0	0	0	0	0	0	0	0	0	0	0	0	0	0	0	0	0	0	0	0	0	0	0	0	0	0	0	0	0	0	0	
1	1	1	200	6		300	0	0	0.01	0.01	-0.0139207	0	0	0	113.8	113.8	6.29616e-06	0	0	0	1.40943	0.788038	0	0.621391		300	0.116656	0.00344765	0.00344765	-0.0068953	0	0	0	0.116656	0	-0.355028	-111.796	0	20.391	20.391	-1.5099e-14	5.32541	0	0	0	0	0	0	0	0	0	0	0	0	0	0	0	0	0	0	0	0	0	0	0	0	0	0	0	0	0	0	0	0	0	
1	1	1	201	6.03		300	0	0	0.01005	0.01005	-0.014008	0	0	0	114.037	114.037	6.31092e-06	0	0	0	1.42082	0.793064	0	0.627757		300	0.117851	0.003484	0.003484	-0.00696801	0	0	0	0.117851	0	-0.355028	-111.796	0	20.391	20.391	-1.5099e-14	5.32541	0	0	0	0	0	0	0	0	0	0	0	0	0	0	0	0	0	0	0	0	0	0	0	0	0	0	0	0	0	0	0	0	0	
1	1	1	202	6.06		300	0	0	0.0101	0.0101	-0.0140954	0	0	0	114.273	114.273	6.3254e-06	0	0	0	1.43224	0.798104	0	0.634133		300	0.119048	0.00352042	0.00352042	-0.00704085	0	0	0	0.119048	0	-0.355028	-111.796	0	20.391	20.391	-1.5099e-14	5.32541	0	0	0	0	0	0	0	0	0	0	0	0	0	0	0	0	0	0	0	0	0	0	0	0	0	0	0	0	0	0	0	0	0	
1	1	1	203	6.09		300	0	0	0.01015	0.01015	-0.0141829	0	0	0	114.508	114.508	6.33959e-06	0	0	0	1.44368	0.803157	0	0.640519		300	0.120247	0.00355691	0.00355691	-0.00711382	0	0	0	0.120247	0	-0.355028	-111.796	0	20.391	20.391	-1.5099e-14	5.32541	0	0	0	0	0	0	0	0	0	0	0	0	0	0	0	0	0	0	0	0	0	0	0	0	0	0	0	0	0	0	0	0	0	
1	1	1	204	6.12		300	0	0	0.0102	0.0102	-0.0142704	0	0	0	114.742	114.742	6.35352e-06	0	0	0	1.45514	0.808224	0	0.646914		300	0.121447	0.00359346	0.00359346	-0.00718692	0	0	0	0.121447	0	-0.355028	-111.796	0	20.391	20.391	-1.5099e-14	5.32541	0	0	0	0	0	0	0	0	0	0	0	0	0	0	0	0	0	0	0	0	0	0	0	0	0	0	0	0	0	0	0	0	0	
1	1	1	205	6.15		300	0	0	0.01025	0.01025	-0.014358	0	0	0	114.974	114.974	6.36718e-06	0	0	0	1.46662	0.813305	0	0.65332		300	0.12265	0.00363008	0.00363008	-0.00726015	0	0	0	0.12265	0	-0.355028	-111.796	0	20.391	20.391	-1.5099e-14	5.32541	0	0	0	0	0	0	0	0	0	0	0	0	0	0	0	0	0	0	0	0	0	0	0	0	0	0	0	0	0	0	0	0	0	
1	1	1	206	6.18		300	0	0	0.0103	0.0103	-0.0144457	0	0	0	115.205	115.205	6.38058e-06	0	0	0	1.47813	0.818399	0	0.659734		300	0.123854	0.00366676	0.00366676	-0.00733351	0	0	0	0.123854	0	-0.355028	-111.796	0	20.391	20.391	-1.5099e-14	5.32541	0	0	0	0	0	0	0	0	0	0	0	0	0	0	0	0	0	0	0	0	0	0	0	0	0	0	0	0	0	0	0	0	0	
1	1	1	207	6.21		300	0	0	0.01035	0.01035	-0.0145334	0	0	0	115.436	115.436	6.39372e-06	0	0	0	1.48967	0.823507	0	0.666158		300	0.12506	0.0037035	0.0037035	-0.00740699	0	0	0	0.12506	0	-0.355028	-111.796	0	20.391	20.391	-1.5099e-14	5.32541	0	0	0	0	0	0	0	0	0	0	0	0	0	0	0	0	0	0	0	0	0	0	0	0	0	0	0	0	0	0	0	0	0	
1	1	1	208	6.24		300	0	0	0.0104	0.0104	-0.0146211	0	0	0	115.665	115.665	6.40662e-06	0	0	0	1.50122	0.828629	0	0.672591		300	0.126267	0.0037403	0.0037403	-0.0074806	0	0	0	0.126267	0	-0.355028	-111.796	0	20.391	20.391	-1.5099e-14	5.32541	0	0	0	0	0	0	0	0	0	0	0	0	0	0	0	0	0	0	0	0	0	0	0	0	0	0	0	0	0	0	0	0	0	
1	1	1	209	6.27		300	0	0	0.01045	0.01045	-0.0147089	0	0	0	115.893	115.893	6.41927e-06	0	0	0	1.5128	0.833764	0	0.679034		300	0.127477	0.00377716	0.00377716	-0.00755433	0	0	0	0.127477	0	-0.355028	-111.796	0	20.391	20.391	-1.5099e-14	5.32541	0	0	0	0	0	0	0	0	0	0	0	0	0	0	0	0	0	0	0	0	0	0	0	0	0	0	0	0	0	0	0	0	0	
1	1	1	210	6.3		300	0	0	0.0105	0.0105	-0.0147968	0	0	0	116.12	116.12	6.43168e-06	0	0	0	1.5244	0.838914	0	0.685485		300	0.128688	0.00381409	0.00381409	-0.00762817	0	0	0	0.128688	0	-0.355028	-111.796	0	20.391	20.391	-1.5099e-14	5.32541	0	0	0	0	0	0	0	0	0	0	0	0	0	0	0	0	0	0	0	0	0	0	0	0	0	0	0	0	0	0	0	0	0	
1	1	1	211	6.33		300	0	0	0.01055	0.01055	-0.0148847	0	0	0	116.346	116.346	6.44387e-06	0	0	0	1.53602	0.844077	0	0.691945		300	0.1299	0.00385107	0.00385107	-0.00770214	0	0	0	0.1299	0	-0.355028	-111.796	0	20.391	20.391	-1.5099e-14	5.32541	0	0	0	0	0	0	0	0	0	0	0	0	0	0	0	0	0	0	0	0	0	0	0	0	0	0	0	0	0	0	0	0	0	
1	1	1	212	6.36		300	0	0	0.0106	0.0106	-0.0149727	0	0	0	116.571	116.571	6.45582e-06	0	0	0	1.54767	0.849254	0	0.698413		300	0.131115	0.00388811	0.00388811	-0.00777622	0	0	0	0.131115	0	-0.355028	-111.796	0	20.391	20.391	-1.5099e-14	5.32541	0	0	0	0	0	0	0	0	0	0	0	0	0	0	0	0	0	0	0	0	0	0	0	0	0	0	0	0	0	0	0	0	0	
1	1	1	213	6.39		300	0	0	0.01065	0.01065	-0.0150607	0	0	0	116.795	116.795	6.46756e-06	0	0	0	1.55934	0.854446	0	0.704891		300	0.13233	0.00392521	0.00392521	-0.00785042	0	0	0	0.13233	0	-0.355028	-111.796	0	20.391	20.391	-1.5099e-14	5.32541	0	0	0	0	0	0	0	0	0	0	0	0	0	0	0	0	0	0	0	0	0	0	0	0	0	0	0	0	0	0	0	0	0	
1	1	1	214	6.42		300	0	0	0.0107	0.0107	-0.0151488	0	0	0	117.018	117.018	6.47907e-06	0	0	0	1.57103	0.859651	0	0.711376		300	0.133548	0.00396237	0.00396237	-0.00792473	0	0	0	0.133548	0	-0.355028	-111.796	0	20.391	20.391	-1.5099e-14	5.32541	0	0	0	0	0	0	0	0	0	0	0	0	0	0	0	0	0	0	0	0	0	0	0	0	0	0	0	0	0	0	0	0	0	
1	1	1	215	6.45		300	0	0	0.01075	0.01075	-0.0152369	0	0	0	117.241	117.241	6.49038e-06	0	0	0	1.58274	0.86487	0	0.71787		300	0.134767	0.00399958	0.00399958	-0.00799916	0	0	0	0.134767	0	-0.355028	-111.796	0	20.391	20.391	-1.5099e-14	5.32541	0	0	0	0	0	0	0	0	0	0	0	0	0	0	0	0	0	0	0	0	0	0	0	0	0	0	0	0	0	0	0	0	0	
1	1	1	216	6.48		300	0	0	0.0108	0.0108	-0.0153251	0	0	0	117.462	117.462	6.50147e-06	0	0	0	1.59447	0.870102	0	0.724372		300	0.135987	0.00403684	0.00403684	-0.00807369	0	0	0	0.135987	0	-0.355028	-111.796	0	20.391	20.391	-1.5099e-14	5.32541	0	0	0	0	0	0	0	0	0	0	0	0	0	0	0	0	0	0	0	0	0	0	0	0	0	0	0	0	0	0	0	0	0	
1	1	1	217	6.51		300	0	0	0.01085	0.01085	-0.0154134	0	0	0	117.682	117.682	6.51236e-06	0	0	0	1.60623	0.875349	0	0.730883		300	0.13721	0.00407417	0.00407417	-0.00814833	0	0	0	0.13721	0	-0.355028	-111.796	0	20.391	20.391	-1.5099e-14	5.32541	0	0	0	0	0	0	0	0	0	0	0	0	0	0	0	0	0	0	0	0	0	0	0	0	0	0	0	0	0	0	0	0	0	
1	1	1	218	6.54		300	0	0	0.0109	0.0109	-0.0155016	0	0	0	117.901	117.901	6.52306e-06	0	0	0	1.61801	0.88061	0	0.737401		300	0.138433	0.00411154	0.00411154	-0.00822309	0	0	0	0.138433	0	-0.355028	-111.796	0	20.391	20.391	-1.5099e-14	5.32541	0	0	0	0	0	0	0	0	0	0	0	0	0	0	0	0	0	0	0	0	0	0	0	0	0	0	0	0	0	0	0	0	0	
1	1	1	219	6.57		300	0	0	0.01095	0.01095	-0.01559	0	0	0	118.119	118.119	6.53356e-06	0	0	0	1.62981	0.885885	0	0.743927		300	0.139658	0.00414897	0.00414897	-0.00829794	0	0	0	0.139658	0	-0.355028	-111.796	0	20.391	20.391	-1.5099e-14	5.32541	0	0	0	0	0	0	0	0	0	0	0	0	0	0	0	0	0	0	0	0	0	0	0	0	0	0	0	0	0	0	0	0	0	
1	1	1	220	6.6		300	0	0	0.011	0.011	-0.0156784	0	0	0	118.337	118.337	6.54387e-06	0	0	0	1.64164	0.891174	0	0.750461		300	0.140885	0.00418645	0.00418645	-0.00837291	0	0	0	0.140885	0	-0.355028	-111.796	0	20.391	20.391	-1.5099e-14	5.32541	0	0	0	0	0	0	0	0	0	0	0	0	0	0	0	0	0	0	0	0	0	0	0	0	0	0	0	0	0	0	0	0	0	
1	1	1	221	6.63		300	0	0	0.01105	0.01105	-0.0157668	0	0	0	118.553	118.553	6.55399e-06	0	0	0	1.65348	0.896477	0	0.757002		300	0.142113	0.00422399	0.00422399	-0.00844798	0	0	0	0.142113	0	-0.355028	-111.796	0	20.391	20.391	-1.5099e-14	5.32541	0	0	0	0	0	0	0	0	0	0	0	0	0	0	0	0	0	0	0	0	0	0	0	0	0	0	0	0	0	0	0	0	0	
1	1	1	222	6.66		300	0	0	0.0111	0.0111	-0.0158553	0	0	0	118.769	118.769	6.56394e-06	0	0	0	1.66535	0.901794	0	0.763551		300	0.143342	0.00426157	0.00426157	-0.00852315	0	0	0	0.143342	0	-0.355028	-111.796	0	20.391	20.391	-1.5099e-14	5.32541	0	0	0	0	0	0	0	0	0	0	0	0	0	0	0	0	0	0	0	0	0	0	0	0	0	0	0	0	0	0	0	0	0	
1	1	1	223	6.69		300	0	0	0.01115	0.01115	-0.0159438	0	0	0	118.984	118.984	6.5737e-06	0	0	0	1.67723	0.907126	0	0.770108		300	0.144573	0.00429921	0.00429921	-0.00859842	0	0	0	0.144573	0	-0.355028	-111.796	0	20.391	20.391	-1.5099e-14	5.32541	0	0	0	0	0	0	0	0	0	0	0	0	0	0	0	0	0	0	0	0	0	0	0	0	0	0	0	0	0	0	0	0	0	
1	1	1	224	6.72		300	0	0	0.0112	0.0112	-0.0160324	0	0	0	119.198	119.198	6.58329e-06	0	0	0	1.68914	0.912471	0	0.776672		300	0.145805	0.00433689	0.00433689	-0.00867379	0	0	0	0.145805	0	-0.355028	-111.796	0	20.391	20.391	-1.5099e-14	5.32541	0	0	0	0	0	0	0	0	0	0	0	0	0	0	0	0	0	0	0	0	0	0	0	0	0	0	0	0	0	0	0	0	0	
1	1	1	225	6.75		300	0	0	0.01125	0.01125	-0.016121	0	0	0	119.411	119.411	6.59271e-06	0	0	0	1.70107	0.91783	0	0.783243		300	0.147038	0.00437463	0.00437463	-0.00874926	0	0	0	0.147038	0	-0.355028	-111.796	0	20.391	20.391	-1.5099e-14	5.32541	0	0	0	0	0	0	0	0	0	0	0	0	0	0	0	0	0	0	0	0	0	0	0	0	0	0	0	0	0	0	0	0	0	
1	1	1	226	6.78		300	0	0	0.0113	0.0113	-0.0162097	0	0	0	119.623	119.623	6.60197e-06	0	0	0	1.71302	0.923204	0	0.789821		300	0.148273	0.00441241	0.00441241	-0.00882483	0	0	0	0.148273	0	-0.355028	-111.796	0	20.391	20.391	-1.5099e-14	5.32541	0	0	0	0	0	0	0	0	0	0	0	0	0	0	0	0	0	0	0	0	0	0	0	0	0	0	0	0	0	0	0	0	0	
1	1	1	227	6.81		300	0	0	0.01135	0.01135	-0.0162984	0	0	0	119.834	119.834	6.61106e-06	0	0	0	1.725	0.928591	0	0.796406		300	0.149509	0.00445025	0.00445025	-0.00890049	0	0	0	0.149509	0	-0.355028	-111.796	0	20.391	20.391	-1.5099e-14	5.32541	0	0	0	0	0	0	0	0	0	0	0	0	0	0	0	0	0	0	0	0	0	0	0	0	0	0	0	0	0	0	0	0	0	
1	1	1	228	6.84		300	0	0	0.0114	0.0114	-0.0163871	0	0	0	120.045	120.045	6.61999e-06	0	0	0	1.73699	0.933993	0	0.802998		300	0.150747	0.00448813	0.00448813	-0.00897625	0	0	0	0.150747	0	-0.355028	-111.796	0	20.391	20.391	-1.5099e-14	5.32541	0	0	0	0	0	0	0	0	0	0	0	0	0	0	0	0	0	0	0	0	0	0	0	0	0	0	0	0	0	0	0	0	0	
1	1	1	229	6.87		300	0	0	0.01145	0.01145	-0.0164759	0	0	0	120.254	120.254	6.62876e-06	0	0	0	1.74901	0.939409	0	0.809597		300	0.151985	0.00452605	0.00452605	-0.0090521	0	0	0	0.151985	0	-0.355028	-111.796	0	20.391	20.391	-1.5099e-14	5.32541	0	0	0	0	0	0	0	0	0	0	0	0	0	0	0	0	0	0	0	0	0	0	0	0	0	0	0	0	0	0	0	0	0	
1	1	1	230	6.9		300	0	0	0.0115	0.0115	-0.0165648	0	0	0	120.463	120.463	6.63738e-06	0	0	0	1.76104	0.944839	0	0.816203		300	0.153225	0.00456403	0.00456403	-0.00912805	0	0	0	0.153225	0	-0.355028	-111.796	0	20.391	20.391	-1.5099e-14	5.32541	0	0	0	0	0	0	0	0	0	0	0	0	0	0	0	0	0	0	0	0	0	0	0	0	0	0	0	0	0	0	0	0	0	
1	1	1	231	6.93		300	0	0	0.01155	0.01155	-0.0166537	0	0	0	120.671	120.671	6.64585e-06	0	0	0	1.7731	0.950284	0	0.822815		300	0.154466	0.00460204	0.00460204	-0.00920409	0	0	0	0.154466	0	-0.355028	-111.796	0	20.391	20.391	-1.5099e-14	5.32541	0	0	0	0	0	0	0	0	0	0	0	0	0	0	0	0	0	0	0	0	0	0	0	0	0	0	0	0	0	0	0	0	0	
1	1	1	232	6.96		300	0	0	0.0116	0.0116	-0.0167426	0	0	0	120.879	120.879	6.65418e-06	0	0	0	1.78518	0.955742	0	0.829434		300	0.155709	0.00464011	0.00464011	-0.00928022	0	0	0	0.155709	0	-0.355028	-111.796	0	20.391	20.391	-1.5099e-14	5.32541	0	0	0	0	0	0	0	0	0	0	0	0	0	0	0	0	0	0	0	0	0	0	0	0	0	0	0	0	0	0	0	0	0	
1	1	1	233	6.99		300	0	0	0.01165	0.01165	-0.0168316	0	0	0	121.085	121.085	6.66236e-06	0	0	0	1.79727	0.961215	0	0.836059		300	0.156953	0.00467822	0.00467822	-0.00935644	0	0	0	0.156953	0	-0.355028	-111.796	0	20.391	20.391	-1.5099e-14	5.32541	0	0	0	0	0	0	0	0	0	0	0	0	0	0	0	0	0	0	0	0	0	0	0	0	0	0	0	0	0	0	0	0	0	
1	1	1	234	7.02		300	0	0	0.0117	0.0117	-0.0169206	0	0	0	121.291	121.291	6.6704e-06	0	0	0	1.80939	0.966702	0	0.842691		300	0.158198	0.00471637	0.00471637	-0.00943274	0	0	0	0.158198	0	-0.355028	-111.796	0	20.391	20.391	-1.5099e-14	5.32541	0	0	0	0	0	0	0	0	0	0	0	0	0	0	0	0	0	0	0	0	0	0	0	0	0	0	0	0	0	0	0	0	0	
1	1	1	235	7.05		300	0	0	0.01175	0.01175	-0.0170096	0	0	0	121.496	121.496	6.6783e-06	0	0	0	1.82153	0.972203	0	0.849329		300	0.159444	0.00475457	0.00475457	-0.00950914	0	0	0	0.159444	0	-0.355028	-111.796	0	20.391	20.391	-1.5099e-14	5.32541	0	0	0	0	0	0	0	0	0	0	0	0	0	0	0	0	0	0	0	0	0	0	0	0	0	0	0	0	0	0	0	0	0	
1	1	1	236	7.08		300	0	0	0.0118	0.0118	-0.0170987	0	0	0	121.7	121.7	6.68607e-06	0	0	0	1.83369	0.977718	0	0.855974		300	0.160691	0.00479281	0.00479281	-0.00958562	0	0	0	0.160691	0	-0.355028	-111.796	0	20.391	20.391	-1.5099e-14	5.32541	0	0	0	0	0	0	0	0	0	0	0	0	0	0	0	0	0	0	0	0	0	0	0	0	0	0	0	0	0	0	0	0	0	
1	1	1	237	7.11		300	0	0	0.01185	0.01185	-0.0171878	0	0	0	121.904	121.904	6.69371e-06	0	0	0	1.84587	0.983248	0	0.862624		300	0.161939	0.00483109	0.00483109	-0.00966218	0	0	0	0.161939	0	-0.355028	-111.796	0	20.391	20.391	-1.5099e-14	5.32541	0	0	0	0	0	0	0	0	0	0	0	0	0	0	0	0	0	0	0	0	0	0	0	0	0	0	0	0	0	0	0	0	0	
1	1	1	238	7.14		300	0	0	0.0119	0.0119	-0.017277	0	0	0	122.106	122.106	6.70121e-06	0	0	0	1.85807	0.988792	0	0.869281		300	0.163189	0.00486942	0.00486942	-0.00973883	0	0	0	0.163189	0	-0.355028	-111.796	0	20.391	20.391	-1.5099e-14	5.32541	0	0	0	0	0	0	0	0	0	0	0	0	0	0	0	0	0	0	0	0	0	0	0	0	0	0	0	0	0	0	0	0	0	
1	1	1	239	7.17		300	0	0	0.01195	0.01195	-0.0173662	0	0	0	122.308	122.308	6.70859e-06	0	0	0	1.87029	0.99435	0	0.875944		300	0.164439	0.00490778	0.00490778	-0.00981557	0	0	0	0.164439	0	-0.355028	-111.796	0	20.391	20.391	-1.5099e-14	5.32541	0	0	0	0	0	0	0	0	0	0	0	0	0	0	0	0	0	0	0	0	0	0	0	0	0	0	0	0	0	0	0	0	0	
1	1	1	240	7.2		300	0	0	0.012	0.012	-0.0174555	0	0	0	122.51	122.51	6.71585e-06	0	0	0	1.88253	0.999922	0	0.882612		300	0.165691	0.00494619	0.00494619	-0.00989238	0	0	0	0.165691	0	-0.355028	-111.796	0	20.391	20.391	-1.5099e-14	5.32541	0	0	0	0	0	0	0	0	0	0	0	0	0	0	0	0	0	0	0	0	0	0	0	0	0	0	0	0	0	0	0	0	0	
1	1	1	241	7.23		300	0	0	0.01205	0.01205	-0.0175447	0	0	0	122.71	122.71	6.72298e-06	0	0	0	1.8948	1.00551	0	0.889287		300	0.166944	0.00498464	0.00498464	-0.00996928	0	0	0	0.166944	0	-0.355028	-111.796	0	20.391	20.391	-1.5099e-14	5.32541	0	0	0	0	0	0	0	0	0	0	0	0	0	0	0	0	0	0	0	0	0	0	0	0	0	0	0	0	0	0	0	0	0	
1	1	1	242	7.26		300	0	0	0.0121	0.0121	-0.0176341	0	0	0	122.91	122.91	6.72999e-06	0	0	0	1.90708	1.01111	0	0.895967		300	0.168198	0.00502313	0.00502313	-0.0100463	0	0	0	0.168198	0	-0.355028	-111.796	0	20.391	20.391	-1.5099e-14	5.32541	0	0	0	0	0	0	0	0	0	0	0	0	0	0	0	0	0	0	0	0	0	0	0	0	0	0	0	0	0	0	0	0	0	
1	1	1	243	7.29		300	0	0	0.01215	0.01215	-0.0177234	0	0	0	123.109	123.109	6.73689e-06	0	0	0	1.91938	1.01673	0	0.902653		300	0.169453	0.00506166	0.00506166	-0.0101233	0	0	0	0.169453	0	-0.355028	-111.796	0	20.391	20.391	-1.5099e-14	5.32541	0	0	0	0	0	0	0	0	0	0	0	0	0	0	0	0	0	0	0	0	0	0	0	0	0	0	0	0	0	0	0	0	0	
1	1	1	244	7.32		300	0	0	0.0122	0.0122	-0.0178128	0	0	0	123.308	123.308	6.74367e-06	0	0	0	1.9317	1.02235	0	0.909344		300	0.170709	0.00510022	0.00510022	-0.0102004	0	0	0	0.170709	0	-0.355028	-111.796	0	20.391	20.391	-1.5099e-14	5.32541	0	0	0	0	0	0	0	0	0	0	0	0	0	0	0	0	0	0	0	0	0	0	0	0	0	0	0	0	0	0	0	0	0	
1	1	1	245	7.35		300	0	0	0.01225	0.01225	-0.0179022	0	0	0	123.506	123.506	6.75035e-06	0	0	0	1.94404	1.028	0	0.916041		300	0.171966	0.00513883	0.00513883	-0.0102777	0	0	0	0.171966	0	-0.355028	-111.796	0	20.391	20.391	-1.5099e-14	5.32541	0	0	0	0	0	0	0	0	0	0	0	0	0	0	0	0	0	0	0	0	0	0	0	0	0	0	0	0	0	0	0	0	0	
1	1	1	246	7.38		300	0	0	0.0123	0.0123	-0.0179917	0	0	0	123.703	123.703	6.75691e-06	0	0	0	1.9564	1.03366	0	0.922744		300	0.173224	0.00517748	0.00517748	-0.010355	0	0	0	0.173224	0	-0.355028	-111.796	0	20.391	20.391	-1.5099e-14	5.32541	0	0	0	0	0	0	0	0	0	0	0	0	0	0	0	0	0	0	0	0	0	0	0	0	0	0	0	0	0	0	0	0	0	
1	1	1	247	7.41		300	0	0	0.01235	0.01235	-0.0180812	0	0	0	123.9	123.9	6.76336e-06	0	0	0	1.96878	1.03933	0	0.929451		300	0.174484	0.00521616	0.00521616	-0.0104323	0	0	0	0.174484	0	-0.355028	-111.796	0	20.391	20.391	-1.5099e-14	5.32541	0	0	0	0	0	0	0	0	0	0	0	0	0	0	0	0	0	0	0	0	0	0	0	0	0	0	0	0	0	0	0	0	0	
1	1	1	248	7.44		300	0	0	0.0124	0.0124	-0.0181707	0	0	0	124.096	124.096	6.7697e-06	0	0	0	1.98118	1.04501	0	0.936165		300	0.175744	0.00525488	0.00525488	-0.0105098	0	0	0	0.175744	0	-0.355028	-111.796	0	20.391	20.391	-1.5099e-14	5.32541	0	0	0	0	0	0	0	0	0	0	0	0	0	0	0	0	0	0	0	0	0	0	0	0	0	0	0	0	0	0	0	0	0	
1	1	1	249	7.47		300	0	0	0.01245	0.01245	-0.0182603	0	0	0	124.291	124.291	6.77595e-06	0	0	0	1.9936	1.05072	0	0.942883		300	0.177005	0.00529364	0.00529364	-0.0105873	0	0	0	0.177005	0	-0.355028	-111.796	0	20.391	20.391	-1.5099e-14	5.32541	0	0	0	0	0	0	0	0	0	0	0	0	0	0	0	0	0	0	0	0	0	0	0	0	0	0	0	0	0	0	0	0	0	
1	1	1	250	7.5		300	0	0	0.0125	0.0125	-0.0183499	0	0	0	124.485	124.485	6.78209e-06	0	0	0	2.00604	1.05643	0	0.949607		300	0.178267	0.00533243	0.00533243	-0.0106649	0	0	0	0.178267	0	-0.355028	-111.796	0	20.391	20.391	-1.5099e-14	5.32541	0	0	0	0	0	0	0	0	0	0	0	0	0	0	0	0	0	0	0	0	0	0	0	0	0	0	0	0	0	0	0	0	0	
1	1	1	251	7.53		300	0	0	0.01255	0.01255	-0.0184395	0	0	0	124.679	124.679	6.78813e-06	0	0	0	2.0185	1.06216	0	0.956336		300	0.17953	0.00537126	0.00537126	-0.0107425	0	0	0	0.17953	0	-0.355028	-111.796	0	20.391	20.391	-1.5099e-14	5.32541	0	0	0	0	0	0	0	0	0	0	0	0	0	0	0	0	0	0	0	0	0	0	0	0	0	0	0	0	0	0	0	0	0	
1	1	1	252	7.56		300	0	0	0.0126	0.0126	-0.0185292	0	0	0	124.873	124.873	6.79408e-06	0	0	0	2.03097	1.0679	0	0.96307		300	0.180794	0.00541013	0.00541013	-0.0108203	0	0	0	0.180794	0	-0.355028	-111.796	0	20.391	20.391	-1.5099e-14	5.32541	0	0	0	0	0	0	0	0	0	0	0	0	0	0	0	0	0	0	0	0	0	0	0	0	0	0	0	0	0	0	0	0	0	
1	1	1	253	7.59		300	0	0	0.01265	0.01265	-0.0186189	0	0	0	125.066	125.066	6.79992e-06	0	0	0	2.04347	1.07366	0	0.969809		300	0.182059	0.00544903	0.00544903	-0.0108981	0	0	0	0.182059	0	-0.355028	-111.796	0	20.391	20.391	-1.5099e-14	5.32541	0	0	0	0	0	0	0	0	0	0	0	0	0	0	0	0	0	0	0	0	0	0	0	0	0	0	0	0	0	0	0	0	0	
1	1	1	254	7.62		300	0	0	0.0127	0.0127	-0.0187086	0	0	0	125.258	125.258	6.80568e-06	0	0	0	2.05599	1.07943	0	0.976553		300	0.183325	0.00548796	0.00548796	-0.0109759	0	0	0	0.183325	0	-0.355028	-111.796	0	20.391	20.391	-1.5099e-14	5.32541	0	0	0	0	0	0	0	0	0	0	0	0	0	0	0	0	0	0	0	0	0	0	0	0	0	0	0	0	0	0	0	0	0	
1	1	1	255	7.65		300	0	0	0.01275	0.01275	-0.0187984	0	0	0	125.449	125.449	6.81134e-06	0	0	0	2.06852	1.08522	0	0.983301		300	0.184592	0.00552694	0.00552694	-0.0110539	0	0	0	0.184592	0	-0.355028	-111.796	0	20.391	20.391	-1.5099e-14	5.32541	0	0	0	0	0	0	0	0	0	0	0	0	0	0	0	0	0	0	0	0	0	0	0	0	0	0	0	0	0	0	0	0	0	
1	1	1	256	7.68		300	0	0	0.0128	0.0128	-0.0188882	0	0	0	125.64	125.64	6.81691e-06	0	0	0	2.08108	1.09102	0	0.990055		300	0.18586	0.00556594	0.00556594	-0.0111319	0	0	0	0.18586	0	-0.355028	-111.796	0	20.391	20.391	-1.5099e-14	5.32541	0	0	0	0	0	0	0	0	0	0	0	0	0	0	0	0	0	0	0	0	0	0	0	0	0	0	0	0	0	0	0	0	0	
1	1	1	257	7.71		300	0	0	0.01285	0.01285	-0.018978	0	0	0	125.831	125.831	6.82239e-06	0	0	0	2.09365	1.09684	0	0.996813		300	0.187128	0.00560498	0.00560498	-0.01121	0	0	0	0.187128	0	-0.355028	-111.796	0	20.391	20.391	-1.5099e-14	5.32541	0	0	0	0	0	0	0	0	0	0	0	0	0	0	0	0	0	0	0	0	0	0	0	0	0	0	0	0	0	0	0	0	0	
1	1	1	258	7.74		300	0	0	0.0129	0.0129	-0.0190679	0	0	0	126.02	126.02	6.82779e-06	0	0	0	2.10624	1.10267	0	1.00358		300	0.188398	0.00564405	0.00564405	-0.0112881	0	0	0	0.188398	0	-0.355028	-111.796	0	20.391	20.391	-1.5099e-14	5.32541	0	0	0	0	0	0	0	0	0	0	0	0	0	0	0	0	0	0	0	0	0	0	0	0	0	0	0	0	0	0	0	0	0	
1	1	1	259	7.77		300	0	0	0.01295	0.01295	-0.0191578	0	0	0	126.21	126.21	6.8331e-06	0	0	0	2.11885	1.10851	0	1.01034		300	0.189668	0.00568316	0.00568316	-0.0113663	0	0	0	0.189668	0	-0.355028	-111.796	0	20.391	20.391	-1.5099e-14	5.32541	0	0	0	0	0	0	0	0	0	0	0	0	0	0	0	0	0	0	0	0	0	0	0	0	0	0	0	0	0	0	0	0	0	
1	1	1	260	7.8		300	0	0	0.013	0.013	-0.0192477	0	0	0	126.398	126.398	6.83833e-06	0	0	0	2.13148	1.11437	0	1.01712		300	0.190939	0.0057223	0.0057223	-0.0114446	0	0	0	0.190939	0	-0.355028	-111.796	0	20.391	20.391	-1.5099e-14	5.32541	0	0	0	0	0	0	0	0	0	0	0	0	0	0	0	0	0	0	0	0	0	0	0	0	0	0	0	0	0	0	0	0	0	
1	1	1	261	7.83		300	0	0	0.01305	0.01305	-0.0193377	0	0	0	126.586	126.586	6.84347e-06	0	0	0	2.14413	1.12024	0	1.02389		300	0.192212	0.00576147	0.00576147	-0.0115229	0	0	0	0.192212	0	-0.355028	-111.796	0	20.391	20.391	-1.5099e-14	5.32541	0	0	0	0	0	0	0	0	0	0	0	0	0	0	0	0	0	0	0	0	0	0	0	0	0	0	0	0	0	0	0	0	0	
1	1	1	262	7.86		300	0	0	0.0131	0.0131	-0.0194277	0	0	0	126.774	126.774	6.84854e-06	0	0	0	2.1568	1.12613	0	1.03067		300	0.193485	0.00580067	0.00580067	-0.0116013	0	0	0	0.193485	0	-0.355028	-111.796	0	20.391	20.391	-1.5099e-14	5.32541	0	0	0	0	0	0	0	0	0	0	0	0	0	0	0	0	0	0	0	0	0	0	0	0	0	0	0	0	0	0	0	0	0	
1	1	1	263	7.89		300	0	0	0.01315	0.01315	-0.0195177	0	0	0	126.961	126.961	6.85352e-06	0	0	0	2.16949	1.13203	0	1.03746		300	0.194758	0.00583991	0.00583991	-0.0116798	0	0	0	0.194758	0	-0.355028	-111.796	0	20.391	20.391	-1.5099e-14	5.32541	0	0	0	0	0	0	0	0	0	0	0	0	0	0	0	0	0	0	0	0	0	0	0	0	0	0	0	0	0	0	0	0	0	
1	1	1	264	7.92		300	0	0	0.0132	0.0132	-0.0196077	0	0	0	127.147	127.147	6.85843e-06	0	0	0	2.18219	1.13794	0	1.04425		300	0.196033	0.00587917	0.00587917	-0.0117583	0	0	0	0.196033	0	-0.355028	-111.796	0	20.391	20.391	-1.5099e-14	5.32541	0	0	0	0	0	0	0	0	0	0	0	0	0	0	0	0	0	0	0	0	0	0	0	0	0	0	0	0	0	0	0	0	0	
1	1	1	265	7.95		300	0	0	0.01325	0.01325	-0.0196978	0	0	0	127.333	127.333	6.86326e-06	0	0	0	2.19492	1.14387	0	1.05104		300	0.197308	0.00591847	0.00591847	-0.0118369	0	0	0	0.197308	0	-0.355028	-111.796	0	20.391	20.391	-1.5099e-14	5.32541	0	0	0	0	0	0	0	0	0	0	0	0	0	0	0	0	0	0	0	0	0	0	0	0	0	0	0	0	0	0	0	0	0	
1	1	1	266	7.98		300	0	0	0.0133	0.0133	-0.0197879	0	0	0	127.518	127.518	6.86802e-06	0	0	0	2.20766	1.14982	0	1.05784		300	0.198585	0.0059578	0.0059578	-0.0119156	0	0	0	0.198585	0	-0.355028	-111.796	0	20.391	20.391	-1.5099e-14	5.32541	0	0	0	0	0	0	0	0	0	0	0	0	0	0	0	0	0	0	0	0	0	0	0	0	0	0	0	0	0	0	0	0	0	
1	1	1	267	8.01		300	0	0	0.01335	0.01335	-0.019878	0	0	0	127.703	127.703	6.8727e-06	0	0	0	2.22042	1.15577	0	1.06465		300	0.199862	0.00599715	0.00599715	-0.0119943	0	0	0	0.199862	0	-0.355028	-111.796	0	20.391	20.391	-1.5099e-14	5.32541	0	0	0	0	0	0	0	0	0	0	0	0	0	0	0	0	0	0	0	0	0	0	0	0	0	0	0	0	0	0	0	0	0	
1	1	1	268	8.04		300	0	0	0.0134	0.0134	-0.0199682	0	0	0	127.888	127.888	6.87731e-06	0	0	0	2.2332	1.16175	0	1.07145		300	0.201139	0.00603654	0.00603654	-0.0120731	0	0	0	0.201139	0	-0.355028	-111.796	0	20.391	20.391	-1.5099e-14	5.32541	0	0	0	0	0	0	0	0	0	0	0	0	0	0	0	0	0	0	0	0	0	0	0	0	0	0	0	0	0	0	0	0	0	
1	1	1	269	8.07		300	0	0	0.01345	0.01345	-0.0200583	0	0	0	128.071	128.071	6.88185e-06	0	0	0	2.246	1.16773	0	1.07827		300	0.202418	0.00607596	0.00607596	-0.0121519	0	0	0	0.202418	0	-0.355028	-111.796	0	20.391	20.391	-1.5099e-14	5.32541	0	0	0	0	0	0	0	0	0	0	0	0	0	0	0	0	0	0	0	0	0	0	0	0	0	0	0	0	0	0	0	0	0	
1	1	1	270	8.1		300	0	0	0.0135	0.0135	-0.0201485	0	0	0	128.255	128.255	6.88632e-06	0	0	0	2.25882	1.17374	0	1.08508		300	0.203697	0.00611541	0.00611541	-0.0122308	0	0	0	0.203697	0	-0.355028	-111.796	0	20.391	20.391	-1.5099e-14	5.32541	0	0	0	0	0	0	0	0	0	0	0	0	0	0	0	0	0	0	0	0	0	0	0	0	0	0	0	0	0	0	0	0	0	
1	1	1	271	8.13		300	0	0	0.01355	0.01355	-0.0202388	0	0	0	128.437	128.437	6.89072e-06	0	0	0	2.27165	1.17975	0	1.0919		300	0.204977	0.00615488	0.00615488	-0.0123098	0	0	0	0.204977	0	-0.355028	-111.796	0	20.391	20.391	-1.5099e-14	5.32541	0	0	0	0	0	0	0	0	0	0	0	0	0	0	0	0	0	0	0	0	0	0	0	0	0	0	0	0	0	0	0	0	0	
1	1	1	272	8.16		300	0	0	0.0136	0.0136	-0.020329	0	0	0	128.62	128.62	6.89506e-06	0	0	0	2.2845	1.18578	0	1.09872		300	0.206258	0.00619439	0.00619439	-0.0123888	0	0	0	0.206258	0	-0.355028	-111.796	0	20.391	20.391	-1.5099e-14	5.32541	0	0	0	0	0	0	0	0	0	0	0	0	0	0	0	0	0	0	0	0	0	0	0	0	0	0	0	0	0	0	0	0	0	
1	1	1	273	8.19		300	0	0	0.01365	0.01365	-0.0204193	0	0	0	128.802	128.802	6.89933e-06	0	0	0	2.29737	1.19182	0	1.10555		300	0.20754	0.00623392	0.00623392	-0.0124678	0	0	0	0.20754	0	-0.355028	-111.796	0	20.391	20.391	-1.5099e-14	5.32541	0	0	0	0	0	0	0	0	0	0	0	0	0	0	0	0	0	0	0	0	0	0	0	0	0	0	0	0	0	0	0	0	0	
1	1	1	274	8.22		300	0	0	0.0137	0.0137	-0.0205097	0	0	0	128.983	128.983	6.90353e-06	0	0	0	2.31026	1.19788	0	1.11238		300	0.208822	0.00627348	0.00627348	-0.012547	0	0	0	0.208822	0	-0.355028	-111.796	0	20.391	20.391	-1.5099e-14	5.32541	0	0	0	0	0	0	0	0	0	0	0	0	0	0	0	0	0	0	0	0	0	0	0	0	0	0	0	0	0	0	0	0	0	
1	1	1	275	8.25		300	0	0	0.01375	0.01375	-0.0206	0	0	0	129.164	129.164	6.90767e-06	0	0	0	2.32317	1.20395	0	1.11922		300	0.210105	0.00631307	0.00631307	-0.0126261	0	0	0	0.210105	0	-0.355028	-111.796	0	20.391	20.391	-1.5099e-14	5.32541	0	0	0	0	0	0	0	0	0	0	0	0	0	0	0	0	0	0	0	0	0	0	0	0	0	0	0	0	0	0	0	0	0	
1	1	1	276	8.28		300	0	0	0.0138	0.0138	-0.0206904	0	0	0	129.344	129.344	6.91175e-06	0	0	0	2.3361	1.21004	0	1.12605		300	0.211389	0.00635269	0.00635269	-0.0127054	0	0	0	0.211389	0	-0.355028	-111.796	0	20.391	20.391	-1.5099e-14	5.32541	0	0	0	0	0	0	0	0	0	0	0	0	0	0	0	0	0	0	0	0	0	0	0	0	0	0	0	0	0	0	0	0	0	
1	1	1	277	8.31		300	0	0	0.01385	0.01385	-0.0207808	0	0	0	129.524	129.524	6.91577e-06	0	0	0	2.34904	1.21614	0	1.1329		300	0.212673	0.00639233	0.00639233	-0.0127847	0	0	0	0.212673	0	-0.355028	-111.796	0	20.391	20.391	-1.5099e-14	5.32541	0	0	0	0	0	0	0	0	0	0	0	0	0	0	0	0	0	0	0	0	0	0	0	0	0	0	0	0	0	0	0	0	0	
1	1	1	278	8.34		300	0	0	0.0139	0.0139	-0.0208712	0	0	0	129.703	129.703	6.91972e-06	0	0	0	2.362	1.22226	0	1.13974		300	0.213958	0.006432	0.006432	-0.012864	0	0	0	0.213958	0	-0.355028	-111.796	0	20.391	20.391	-1.5099e-14	5.32541	0	0	0	0	0	0	0	0	0	0	0	0	0	0	0	0	0	0	0	0	0	0	0	0	0	0	0	0	0	0	0	0	0	
1	1	1	279	8.37		300	0	0	0.01395	0.01395	-0.0209616	0	0	0	129.882	129.882	6.92362e-06	0	0	0	2.37498	1.22839	0	1.14659		300	0.215244	0.0064717	0.0064717	-0.0129434	0	0	0	0.215244	0	-0.355028	-111.796	0	20.391	20.391	-1.5099e-14	5.32541	0	0	0	0	0	0	0	0	0	0	0	0	0	0	0	0	0	0	0	0	0	0	0	0	0	0	0	0	0	0	0	0	0	
1	1	1	280	8.4		300	0	0	0.014	0.014	-0.0210521	0	0	0	130.061	130.061	6.92746e-06	0	0	0	2.38798	1.23453	0	1.15345		300	0.21653	0.00651142	0.00651142	-0.0130228	0	0	0	0.21653	0	-0.355028	-111.796	0	20.391	20.391	-1.5099e-14	5.32541	0	0	0	0	0	0	0	0	0	0	0	0	0	0	0	0	0	0	0	0	0	0	0	0	0	0	0	0	0	0	0	0	0	
1	1	1	281	8.43		300	0	0	0.01405	0.01405	-0.0211426	0	0	0	130.239	130.239	6.93124e-06	0	0	0	2.40099	1.24069	0	1.1603		300	0.217818	0.00655117	0.00655117	-0.0131023	0	0	0	0.217818	0	-0.355028	-111.796	0	20.391	20.391	-1.5099e-14	5.32541	0	0	0	0	0	0	0	0	0	0	0	0	0	0	0	0	0	0	0	0	0	0	0	0	0	0	0	0	0	0	0	0	0	
1	1	1	282	8.46		300	0	0	0.0141	0.0141	-0.0212331	0	0	0	130.416	130.416	6.93497e-06	0	0	0	2.41402	1.24686	0	1.16716		300	0.219105	0.00659095	0.00659095	-0.0131819	0	0	0	0.219105	0	-0.355028	-111.796	0	20.391	20.391	-1.5099e-14	5.32541	0	0	0	0	0	0	0	0	0	0	0	0	0	0	0	0	0	0	0	0	0	0	0	0	0	0	0	0	0	0	0	0	0	
1	1	1	283	8.49		300	0	0	0.01415	0.01415	-0.0213236	0	0	0	130.593	130.593	6.93864e-06	0	0	0	2.42708	1.25305	0	1.17403		300	0.220394	0.00663075	0.00663075	-0.0132615	0	0	0	0.220394	0	-0.355028	-111.796	0	20.391	20.391	-1.5099e-14	5.32541	0	0	0	0	0	0	0	0	0	0	0	0	0	0	0	0	0	0	0	0	0	0	0	0	0	0	0	0	0	0	0	0	0	
1	1	1	284	8.52		300	0	0	0.0142	0.0142	-0.0214142	0	0	0	130.77	130.77	6.94226e-06	0	0	0	2.44014	1.25925	0	1.18089		300	0.221683	0.00667058	0.00667058	-0.0133412	0	0	0	0.221683	0	-0.355028	-111.796	0	20.391	20.391	-1.5099e-14	5.32541	0	0	0	0	0	0	0	0	0	0	0	0	0	0	0	0	0	0	0	0	0	0	0	0	0	0	0	0	0	0	0	0	0	
1	1	1	285	8.55		300	0	0	0.01425	0.01425	-0.0215048	0	0	0	130.946	130.946	6.94582e-06	0	0	0	2.45323	1.26546	0	1.18777		300	0.222973	0.00671043	0.00671043	-0.0134209	0	0	0	0.222973	0	-0.355028	-111.796	0	20.391	20.391	-1.5099e-14	5.32541	0	0	0	0	0	0	0	0	0	0	0	0	0	0	0	0	0	0	0	0	0	0	0	0	0	0	0	0	0	0	0	0	0	
1	1	1	286	8.58		300	0	0	0.0143	0.0143	-0.0215954	0	0	0	131.122	131.122	6.94933e-06	0	0	0	2.46633	1.27169	0	1.19464		300	0.224263	0.00675031	0.00675031	-0.0135006	0	0	0	0.224263	0	-0.355028	-111.796	0	20.391	20.391	-1.5099e-14	5.32541	0	0	0	0	0	0	0	0	0	0	0	0	0	0	0	0	0	0	0	0	0	0	0	0	0	0	0	0	0	0	0	0	0	
1	1	1	287	8.61		300	0	0	0.01435	0.01435	-0.021686	0	0	0	131.298	131.298	6.95279e-06	0	0	0	2.47945	1.27794	0	1.20152		300	0.225554	0.00679021	0.00679021	-0.0135804	0	0	0	0.225554	0	-0.355028	-111.796	0	20.391	20.391	-1.5099e-14	5.32541	0	0	0	0	0	0	0	0	0	0	0	0	0	0	0	0	0	0	0	0	0	0	0	0	0	0	0	0	0	0	0	0	0	
1	1	1	288	8.64		300	0	0	0.0144	0.0144	-0.0217767	0	0	0	131.473	131.473	6.9562e-06	0	0	0	2.49259	1.28419	0	1.2084		300	0.226846	0.00683013	0.00683013	-0.0136603	0	0	0	0.226846	0	-0.355028	-111.796	0	20.391	20.391	-1.5099e-14	5.32541	0	0	0	0	0	0	0	0	0	0	0	0	0	0	0	0	0	0	0	0	0	0	0	0	0	0	0	0	0	0	0	0	0	
1	1	1	289	8.67		300	0	0	0.01445	0.01445	-0.0218673	0	0	0	131.647	131.647	6.95956e-06	0	0	0	2.50575	1.29047	0	1.21528		300	0.228138	0.00687008	0.00687008	-0.0137402	0	0	0	0.228138	0	-0.355028	-111.796	0	20.391	20.391	-1.5099e-14	5.32541	0	0	0	0	0	0	0	0	0	0	0	0	0	0	0	0	0	0	0	0	0	0	0	0	0	0	0	0	0	0	0	0	0	
1	1	1	290	8.7		300	0	0	0.0145	0.0145	-0.021958	0	0	0	131.821	131.821	6.96287e-06	0	0	0	2.51892	1.29675	0	1.22217		300	0.229431	0.00691006	0.00691006	-0.0138201	0	0	0	0.229431	0	-0.355028	-111.796	0	20.391	20.391	-1.5099e-14	5.32541	0	0	0	0	0	0	0	0	0	0	0	0	0	0	0	0	0	0	0	0	0	0	0	0	0	0	0	0	0	0	0	0	0	
1	1	1	291	8.73		300	0	0	0.01455	0.01455	-0.0220487	0	0	0	131.995	131.995	6.96614e-06	0	0	0	2.53211	1.30305	0	1.22906		300	0.230724	0.00695005	0.00695005	-0.0139001	0	0	0	0.230724	0	-0.355028	-111.796	0	20.391	20.391	-1.5099e-14	5.32541	0	0	0	0	0	0	0	0	0	0	0	0	0	0	0	0	0	0	0	0	0	0	0	0	0	0	0	0	0	0	0	0	0	
1	1	1	292	8.76		300	0	0	0.0146	0.0146	-0.0221395	0	0	0	132.168	132.168	6.96935e-06	0	0	0	2.54532	1.30937	0	1.23595		300	0.232018	0.00699007	0.00699007	-0.0139801	0	0	0	0.232018	0	-0.355028	-111.796	0	20.391	20.391	-1.5099e-14	5.32541	0	0	0	0	0	0	0	0	0	0	0	0	0	0	0	0	0	0	0	0	0	0	0	0	0	0	0	0	0	0	0	0	0	
1	1	1	293	8.79		300	0	0	0.01465	0.01465	-0.0222302	0	0	0	132.341	132.341	6.97252e-06	0	0	0	2.55855	1.3157	0	1.24285		300	0.233313	0.00703012	0.00703012	-0.0140602	0	0	0	0.233313	0	-0.355028	-111.796	0	20.391	20.391	-1.5099e-14	5.32541	0	0	0	0	0	0	0	0	0	0	0	0	0	0	0	0	0	0	0	0	0	0	0	0	0	0	0	0	0	0	0	0	0	
1	1	1	294	8.82		300	0	0	0.0147	0.0147	-0.022321	0	0	0	132.514	132.514	6.97565e-06	0	0	0	2.57179	1.32204	0	1.24975		300	0.234608	0.00707018	0.00707018	-0.0141404	0	0	0	0.234608	0	-0.355028	-111.796	0	20.391	20.391	-1.5099e-14	5.32541	0	0	0	0	0	0	0	0	0	0	0	0	0	0	0	0	0	0	0	0	0	0	0	0	0	0	0	0	0	0	0	0	0	
1	1	1	295	8.85		300	0	0	0.01475	0.01475	-0.0224118	0	0	0	132.686	132.686	6.97872e-06	0	0	0	2.58505	1.3284	0	1.25665		300	0.235903	0.00711027	0.00711027	-0.0142205	0	0	0	0.235903	0	-0.355028	-111.796	0	20.391	20.391	-1.5099e-14	5.32541	0	0	0	0	0	0	0	0	0	0	0	0	0	0	0	0	0	0	0	0	0	0	0	0	0	0	0	0	0	0	0	0	0	
1	1	1	296	8.88		300	0	0	0.0148	0.0148	-0.0225027	0	0	0	132.858	132.858	6.98176e-06	0	0	0	2.59833	1.33477	0	1.26356		300	0.2372	0.00715038	0.00715038	-0.0143008	0	0	0	0.2372	0	-0.355028	-111.796	0	20.391	20.391	-1.5099e-14	5.32541	0	0	0	0	0	0	0	0	0	0	0	0	0	0	0	0	0	0	0	0	0	0	0	0	0	0	0	0	0	0	0	0	0	
1	1	1	297	8.91		300	0	0	0.01485	0.01485	-0.0225935	0	0	0	133.029	133.029	6.98475e-06	0	0	0	2.61162	1.34115	0	1.27047		300	0.238497	0.00719051	0.00719051	-0.014381	0	0	0	0.238497	0	-0.355028	-111.796	0	20.391	20.391	-1.5099e-14	5.32541	0	0	0	0	0	0	0	0	0	0	0	0	0	0	0	0	0	0	0	0	0	0	0	0	0	0	0	0	0	0	0	0	0	
1	1	1	298	8.94		300	0	0	0.0149	0.0149	-0.0226844	0	0	0	133.2	133.2	6.9877e-06	0	0	0	2.62493	1.34755	0	1.27738		300	0.239794	0.00723067	0.00723067	-0.0144613	0	0	0	0.239794	0	-0.355028	-111.796	0	20.391	20.391	-1.5099e-14	5.32541	0	0	0	0	0	0	0	0	0	0	0	0	0	0	0	0	0	0	0	0	0	0	0	0	0	0	0	0	0	0	0	0	0	
1	1	1	299	8.97		300	0	0	0.01495	0.01495	-0.0227753	0	0	0	133.371	133.371	6.9906e-06	0	0	0	2.63826	1.35397	0	1.28429		300	0.241092	0.00727084	0.00727084	-0.0145417	0	0	0	0.241092	0	-0.355028	-111.796	0	20.391	20.391	-1.5099e-14	5.32541	0	0	0	0	0	0	0	0	0	0	0	0	0	0	0	0	0	0	0	0	0	0	0	0	0	0	0	0	0	0	0	0	0	
1	1	1	300	9		300	0	0	0.015	0.015	-0.0228662	0	0	0	133.541	133.541	6.99347e-06	0	0	0	2.65161	1.3604	0	1.29121		300	0.24239	0.00731104	0.00731104	-0.0146221	0	0	0	0.24239	0	-0.355028	-111.796	0	20.391	20.391	-1.5099e-14	5.32541	0	0	0	0	0	0	0	0	0	0	0	0	0	0	0	0	0	0	0	0	0	0	0	0	0	0	0	0	0	0	0	0	0	
1	1	1	301	9.03		300	0	0	0.01505	0.01505	-0.0229571	0	0	0	133.711	133.711	6.99629e-06	0	0	0	2.66497	1.36684	0	1.29813		300	0.243689	0.00735126	0.00735126	-0.0147025	0	0	0	0.243689	0	-0.355028	-111.796	0	20.391	20.391	-1.5099e-14	5.32541	0	0	0	0	0	0	0	0	0	0	0	0	0	0	0	0	0	0	0	0	0	0	0	0	0	0	0	0	0	0	0	0	0	
1	1	1	302	9.06		300	0	0	0.0151	0.0151	-0.023048	0	0	0	133.88	133.88	6.99907e-06	0	0	0	2.67835	1.3733	0	1.30505		300	0.244989	0.0073915	0.0073915	-0.014783	0	0	0	0.244989	0	-0.355028	-111.796	0	20.391	20.391	-1.5099e-14	5.32541	0	0	0	0	0	0	0	0	0	0	0	0	0	0	0	0	0	0	0	0	0	0	0	0	0	0	0	0	0	0	0	0	0	
1	1	1	303	9.09		300	0	0	0.01515	0.01515	-0.023139	0	0	0	134.049	134.049	7.00182e-06	0	0	0	2.69174	1.37977	0	1.31198		300	0.246289	0.00743176	0.00743176	-0.0148635	0	0	0	0.246289	0	-0.355028	-111.796	0	20.391	20.391	-1.5099e-14	5.32541	0	0	0	0	0	0	0	0	0	0	0	0	0	0	0	0	0	0	0	0	0	0	0	0	0	0	0	0	0	0	0	0	0	
1	1	1	304	9.12		300	0	0	0.0152	0.0152	-0.02323	0	0	0	134.218	134.218	7.00452e-06	0	0	0	2.70516	1.38625	0	1.3189		300	0.247589	0.00747204	0.00747204	-0.0149441	0	0	0	0.247589	0	-0.355028	-111.796	0	20.391	20.391	-1.5099e-14	5.32541	0	0	0	0	0	0	0	0	0	0	0	0	0	0	0	0	0	0	0	0	0	0	0	0	0	0	0	0	0	0	0	0	0	
1	1	1	305	9.15		300	0	0	0.01525	0.01525	-0.023321	0	0	0	134.387	134.387	7.00719e-06	0	0	0	2.71859	1.39275	0	1.32584		300	0.24889	0.00751234	0.00751234	-0.0150247	0	0	0	0.24889	0	-0.355028	-111.796	0	20.391	20.391	-1.5099e-14	5.32541	0	0	0	0	0	0	0	0	0	0	0	0	0	0	0	0	0	0	0	0	0	0	0	0	0	0	0	0	0	0	0	0	0	
1	1	1	306	9.18		300	0	0	0.0153	0.0153	-0.023412	0	0	0	134.555	134.555	7.00982e-06	0	0	0	2.73203	1.39927	0	1.33277		300	0.250192	0.00755267	0.00755267	-0.0151053	0	0	0	0.250192	0	-0.355028	-111.796	0	20.391	20.391	-1.5099e-14	5.32541	0	0	0	0	0	0	0	0	0	0	0	0	0	0	0	0	0	0	0	0	0	0	0	0	0	0	0	0	0	0	0	0	0	
1	1	1	307	9.21		300	0	0	0.01535	0.01535	-0.023503	0	0	0	134.722	134.722	7.01241e-06	0	0	0	2.7455	1.40579	0	1.33971		300	0.251494	0.00759301	0.00759301	-0.015186	0	0	0	0.251494	0	-0.355028	-111.796	0	20.391	20.391	-1.5099e-14	5.32541	0	0	0	0	0	0	0	0	0	0	0	0	0	0	0	0	0	0	0	0	0	0	0	0	0	0	0	0	0	0	0	0	0	
1	1	1	308	9.24		300	0	0	0.0154	0.0154	-0.0235941	0	0	0	134.89	134.89	7.01497e-06	0	0	0	2.75898	1.41234	0	1.34664		300	0.252796	0.00763337	0.00763337	-0.0152667	0	0	0	0.252796	0	-0.355028	-111.796	0	20.391	20.391	-1.5099e-14	5.32541	0	0	0	0	0	0	0	0	0	0	0	0	0	0	0	0	0	0	0	0	0	0	0	0	0	0	0	0	0	0	0	0	0	
1	1	1	309	9.27		300	0	0	0.01545	0.01545	-0.0236852	0	0	0	135.057	135.057	7.01749e-06	0	0	0	2.77248	1.41889	0	1.35359		300	0.254099	0.00767375	0.00767375	-0.0153475	0	0	0	0.254099	0	-0.355028	-111.796	0	20.391	20.391	-1.5099e-14	5.32541	0	0	0	0	0	0	0	0	0	0	0	0	0	0	0	0	0	0	0	0	0	0	0	0	0	0	0	0	0	0	0	0	0	
1	1	1	310	9.3		300	0	0	0.0155	0.0155	-0.0237763	0	0	0	135.224	135.224	7.01998e-06	0	0	0	2.78599	1.42546	0	1.36053		300	0.255403	0.00771415	0.00771415	-0.0154283	0	0	0	0.255403	0	-0.355028	-111.796	0	20.391	20.391	-1.5099e-14	5.32541	0	0	0	0	0	0	0	0	0	0	0	0	0	0	0	0	0	0	0	0	0	0	0	0	0	0	0	0	0	0	0	0	0	
1	1	1	311	9.33		300	0	0	0.01555	0.01555	-0.0238674	0	0	0	135.39	135.39	7.02243e-06	0	0	0	2.79952	1.43205	0	1.36748		300	0.256707	0.00775457	0.00775457	-0.0155091	0	0	0	0.256707	0	-0.355028	-111.796	0	20.391	20.391	-1.5099e-14	5.32541	0	0	0	0	0	0	0	0	0	0	0	0	0	0	0	0	0	0	0	0	0	0	0	0	0	0	0	0	0	0	0	0	0	
1	1	1	312	9.36		300	0	0	0.0156	0.0156	-0.0239585	0	0	0	135.556	135.556	7.02484e-06	0	0	0	2.81307	1.43864	0	1.37442		300	0.258011	0.00779501	0.00779501	-0.01559	0	0	0	0.258011	0	-0.355028	-111.796	0	20.391	20.391	-1.5099e-14	5.32541	0	0	0	0	0	0	0	0	0	0	0	0	0	0	0	0	0	0	0	0	0	0	0	0	0	0	0	0	0	0	0	0	0	
1	1	1	313	9.39		300	0	0	0.01565	0.01565	-0.0240496	0	0	0	135.722	135.722	7.02723e-06	0	0	0	2.82663	1.44526	0	1.38138		300	0.259316	0.00783547	0.00783547	-0.0156709	0	0	0	0.259316	0	-0.355028	-111.796	0	20.391	20.391	-1.5099e-14	5.32541	0	0	0	0	0	0	0	0	0	0	0	0	0	0	0	0	0	0	0	0	0	0	0	0	0	0	0	0	0	0	0	0	0	
1	1	1	314	9.42		300	0	0	0.0157	0.0157	-0.0241408	0	0	0	135.887	135.887	7.02958e-06	0	0	0	2.84021	1.45188	0	1.38833		300	0.260621	0.00787594	0.00787594	-0.0157519	0	0	0	0.260621	0	-0.355028	-111.796	0	20.391	20.391	-1.5099e-14	5.32541	0	0	0	0	0	0	0	0	0	0	0	0	0	0	0	0	0	0	0	0	0	0	0	0	0	0	0	0	0	0	0	0	0	
1	1	1	315	9.45		300	0	0	0.01575	0.01575	-0.024232	0	0	0	136.052	136.052	7.03189e-06	0	0	0	2.85381	1.45853	0	1.39529		300	0.261927	0.00791644	0.00791644	-0.0158329	0	0	0	0.261927	0	-0.355028	-111.796	0	20.391	20.391	-1.5099e-14	5.32541	0	0	0	0	0	0	0	0	0	0	0	0	0	0	0	0	0	0	0	0	0	0	0	0	0	0	0	0	0	0	0	0	0	
1	1	1	316	9.48		300	0	0	0.0158	0.0158	-0.0243232	0	0	0	136.217	136.217	7.03418e-06	0	0	0	2.86742	1.46518	0	1.40224		300	0.263233	0.00795695	0.00795695	-0.0159139	0	0	0	0.263233	0	-0.355028	-111.796	0	20.391	20.391	-1.5099e-14	5.32541	0	0	0	0	0	0	0	0	0	0	0	0	0	0	0	0	0	0	0	0	0	0	0	0	0	0	0	0	0	0	0	0	0	
1	1	1	317	9.51		300	0	0	0.01585	0.01585	-0.0244144	0	0	0	136.382	136.382	7.03643e-06	0	0	0	2.88105	1.47185	0	1.4092		300	0.26454	0.00799748	0.00799748	-0.015995	0	0	0	0.26454	0	-0.355028	-111.796	0	20.391	20.391	-1.5099e-14	5.32541	0	0	0	0	0	0	0	0	0	0	0	0	0	0	0	0	0	0	0	0	0	0	0	0	0	0	0	0	0	0	0	0	0	
1	1	1	318	9.54		300	0	0	0.0159	0.0159	-0.0245056	0	0	0	136.546	136.546	7.03865e-06	0	0	0	2.8947	1.47853	0	1.41617		300	0.265847	0.00803803	0.00803803	-0.0160761	0	0	0	0.265847	0	-0.355028	-111.796	0	20.391	20.391	-1.5099e-14	5.32541	0	0	0	0	0	0	0	0	0	0	0	0	0	0	0	0	0	0	0	0	0	0	0	0	0	0	0	0	0	0	0	0	0	
1	1	1	319	9.57		300	0	0	0.01595	0.01595	-0.0245969	0	0	0	136.71	136.71	7.04084e-06	0	0	0	2.90836	1.48523	0	1.42313		300	0.267154	0.0080786	0.0080786	-0.0161572	0	0	0	0.267154	0	-0.355028	-111.796	0	20.391	20.391	-1.5099e-14	5.32541	0	0	0	0	0	0	0	0	0	0	0	0	0	0	0	0	0	0	0	0	0	0	0	0	0	0	0	0	0	0	0	0	0	
1	1	1	320	9.6		300	0	0	0.016	0.016	-0.0246881	0	0	0	136.873	136.873	7.04301e-06	0	0	0	2.92204	1.49194	0	1.4301		300	0.268462	0.00811918	0.00811918	-0.0162384	0	0	0	0.268462	0	-0.355028	-111.796	0	20.391	20.391	-1.5099e-14	5.32541	0	0	0	0	0	0	0	0	0	0	0	0	0	0	0	0	0	0	0	0	0	0	0	0	0	0	0	0	0	0	0	0	0	
1	1	1	321	9.63		300	0	0	0.01605	0.01605	-0.0247794	0	0	0	137.036	137.036	7.04514e-06	0	0	0	2.93574	1.49867	0	1.43707		300	0.26977	0.00815978	0.00815978	-0.0163196	0	0	0	0.26977	0	-0.355028	-111.796	0	20.391	20.391	-1.5099e-14	5.32541	0	0	0	0	0	0	0	0	0	0	0	0	0	0	0	0	0	0	0	0	0	0	0	0	0	0	0	0	0	0	0	0	0	
1	1	1	322	9.66		300	0	0	0.0161	0.0161	-0.0248707	0	0	0	137.199	137.199	7.04724e-06	0	0	0	2.94945	1.50541	0	1.44404		300	0.271079	0.0082004	0.0082004	-0.0164008	0	0	0	0.271079	0	-0.355028	-111.796	0	20.391	20.391	-1.5099e-14	5.32541	0	0	0	0	0	0	0	0	0	0	0	0	0	0	0	0	0	0	0	0	0	0	0	0	0	0	0	0	0	0	0	0	0	
1	1	1	323	9.69		300	0	0	0.01615	0.01615	-0.024962	0	0	0	137.362	137.362	7.04931e-06	0	0	0	2.96318	1.51216	0	1.45102		300	0.272388	0.00824103	0.00824103	-0.0164821	0	0	0	0.272388	0	-0.355028	-111.796	0	20.391	20.391	-1.5099e-14	5.32541	0	0	0	0	0	0	0	0	0	0	0	0	0	0	0	0	0	0	0	0	0	0	0	0	0	0	0	0	0	0	0	0	0	
1	1	1	324	9.72		300	0	0	0.0162	0.0162	-0.0250534	0	0	0	137.524	137.524	7.05136e-06	0	0	0	2.97692	1.51893	0	1.45799		300	0.273698	0.00828169	0.00828169	-0.0165634	0	0	0	0.273698	0	-0.355028	-111.796	0	20.391	20.391	-1.5099e-14	5.32541	0	0	0	0	0	0	0	0	0	0	0	0	0	0	0	0	0	0	0	0	0	0	0	0	0	0	0	0	0	0	0	0	0	
1	1	1	325	9.75		300	0	0	0.01625	0.01625	-0.0251447	0	0	0	137.686	137.686	7.05338e-06	0	0	0	2.99068	1.52571	0	1.46497		300	0.275008	0.00832236	0.00832236	-0.0166447	0	0	0	0.275008	0	-0.355028	-111.796	0	20.391	20.391	-1.5099e-14	5.32541	0	0	0	0	0	0	0	0	0	0	0	0	0	0	0	0	0	0	0	0	0	0	0	0	0	0	0	0	0	0	0	0	0	
1	1	1	326	9.78		300	0	0	0.0163	0.0163	-0.0252361	0	0	0	137.848	137.848	7.05537e-06	0	0	0	3.00446	1.53251	0	1.47195		300	0.276318	0.00836304	0.00836304	-0.0167261	0	0	0	0.276318	0	-0.355028	-111.796	0	20.391	20.391	-1.5099e-14	5.32541	0	0	0	0	0	0	0	0	0	0	0	0	0	0	0	0	0	0	0	0	0	0	0	0	0	0	0	0	0	0	0	0	0	
1	1	1	327	9.81		300	0	0	0.01635	0.01635	-0.0253274	0	0	0	138.01	138.01	7.05733e-06	0	0	0	3.01825	1.53932	0	1.47893		300	0.277629	0.00840374	0.00840374	-0.0168075	0	0	0	0.277629	0	-0.355028	-111.796	0	20.391	20.391	-1.5099e-14	5.32541	0	0	0	0	0	0	0	0	0	0	0	0	0	0	0	0	0	0	0	0	0	0	0	0	0	0	0	0	0	0	0	0	0	
1	1	1	328	9.84		300	0	0	0.0164	0.0164	-0.0254188	0	0	0	138.171	138.171	7.05926e-06	0	0	0	3.03206	1.54614	0	1.48592		300	0.27894	0.00844446	0.00844446	-0.0168889	0	0	0	0.27894	0	-0.355028	-111.796	0	20.391	20.391	-1.5099e-14	5.32541	0	0	0	0	0	0	0	0	0	0	0	0	0	0	0	0	0	0	0	0	0	0	0	0	0	0	0	0	0	0	0	0	0	
1	1	1	329	9.87		300	0	0	0.01645	0.01645	-0.0255102	0	0	0	138.332	138.332	7.06117e-06	0	0	0	3.04589	1.55298	0	1.4929		300	0.280251	0.00848519	0.00848519	-0.0169704	0	0	0	0.280251	0	-0.355028	-111.796	0	20.391	20.391	-1.5099e-14	5.32541	0	0	0	0	0	0	0	0	0	0	0	0	0	0	0	0	0	0	0	0	0	0	0	0	0	0	0	0	0	0	0	0	0	
1	1	1	330	9.9		300	0	0	0.0165	0.0165	-0.0256016	0	0	0	138.492	138.492	7.06306e-06	0	0	0	3.05973	1.55983	0	1.49989		300	0.281563	0.00852594	0.00852594	-0.0170519	0	0	0	0.281563	0	-0.355028	-111.796	0	20.391	20.391	-1.5099e-14	5.32541	0	0	0	0	0	0	0	0	0	0	0	0	0	0	0	0	0	0	0	0	0	0	0	0	0	0	0	0	0	0	0	0	0	
1	1	1	331	9.93		300	0	0	0.01655	0.01655	-0.0256931	0	0	0	138.653	138.653	7.06491e-06	0	0	0	3.07358	1.5667	0	1.50688		300	0.282875	0.00856671	0.00856671	-0.0171334	0	0	0	0.282875	0	-0.355028	-111.796	0	20.391	20.391	-1.5099e-14	5.32541	0	0	0	0	0	0	0	0	0	0	0	0	0	0	0	0	0	0	0	0	0	0	0	0	0	0	0	0	0	0	0	0	0	
1	1	1	332	9.96		300	0	0	0.0166	0.0166	-0.0257845	0	0	0	138.813	138.813	7.06675e-06	0	0	0	3.08746	1.57358	0	1.51388		300	0.284188	0.00860749	0.00860749	-0.017215	0	0	0	0.284188	0	-0.355028	-111.796	0	20.391	20.391	-1.5099e-14	5.32541	0	0	0	0	0	0	0	0	0	0	0	0	0	0	0	0	0	0	0	0	0	0	0	0	0	0	0	0	0	0	0	0	0	
1	1	1	333	9.99		300	0	0	0.01665	0.01665	-0.025876	0	0	0	138.973	138.973	7.06855e-06	0	0	0	3.10135	1.58048	0	1.52087		300	0.285501	0.00864828	0.00864828	-0.0172966	0	0	0	0.285501	0	-0.355028	-111.796	0	20.391	20.391	-1.5099e-14	5.32541	0	0	0	0	0	0	0	0	0	0	0	0	0	0	0	0	0	0	0	0	0	0	0	0	0	0	0	0	0	0	0	0	0	
1	1	1	334	10.02		300	0	0	0.0167	0.0167	-0.0259675	0	0	0	139.132	139.132	7.07034e-06	0	0	0	3.11525	1.58739	0	1.52787		300	0.286814	0.0086891	0.0086891	-0.0173782	0	0	0	0.286814	0	-0.355028	-111.796	0	20.391	20.391	-1.5099e-14	5.32541	0	0	0	0	0	0	0	0	0	0	0	0	0	0	0	0	0	0	0	0	0	0	0	0	0	0	0	0	0	0	0	0	0	
1	1	1	335	10.05		300	0	0	0.01675	0.01675	-0.0260589	0	0	0	139.292	139.292	7.07209e-06	0	0	0	3.12917	1.59431	0	1.53486		300	0.288128	0.00872992	0.00872992	-0.0174598	0	0	0	0.288128	0	-0.355028	-111.796	0	20.391	20.391	-1.5099e-14	5.32541	0	0	0	0	0	0	0	0	0	0	0	0	0	0	0	0	0	0	0	0	0	0	0	0	0	0	0	0	0	0	0	0	0	
1	1	1	336	10.08		300	0	0	0.0168	0.0168	-0.0261504	0	0	0	139.451	139.451	7.07383e-06	0	0	0	3.14311	1.60125	0	1.54186		300	0.289442	0.00877076	0.00877076	-0.0175415	0	0	0	0.289442	0	-0.355028	-111.796	0	20.391	20.391	-1.5099e-14	5.32541	0	0	0	0	0	0	0	0	0	0	0	0	0	0	0	0	0	0	0	0	0	0	0	0	0	0	0	0	0	0	0	0	0	
1	1	1	337	10.11		300	0	0	0.01685	0.01685	-0.026242	0	0	0	139.61	139.61	7.07554e-06	0	0	0	3.15706	1.6082	0	1.54887		300	0.290756	0.00881162	0.00881162	-0.0176232	0	0	0	0.290756	0	-0.355028	-111.796	0	20.391	20.391	-1.5099e-14	5.32541	0	0	0	0	0	0	0	0	0	0	0	0	0	0	0	0	0	0	0	0	0	0	0	0	0	0	0	0	0	0	0	0	0	
1	1	1	338	10.14		300	0	0	0.0169	0.0169	-0.0263335	0	0	0	139.768	139.768	7.07723e-06	0	0	0	3.17103	1.61516	0	1.55587		300	0.292071	0.00885249	0.00885249	-0.017705	0	0	0	0.292071	0	-0.355028	-111.796	0	20.391	20.391	-1.5099e-14	5.32541	0	0	0	0	0	0	0	0	0	0	0	0	0	0	0	0	0	0	0	0	0	0	0	0	0	0	0	0	0	0	0	0	0	
1	1	1	339	10.17		300	0	0	0.01695	0.01695	-0.026425	0	0	0	139.927	139.927	7.07889e-06	0	0	0	3.18502	1.62214	0	1.56287		300	0.293386	0.00889337	0.00889337	-0.0177867	0	0	0	0.293386	0	-0.355028	-111.796	0	20.391	20.391	-1.5099e-14	5.32541	0	0	0	0	0	0	0	0	0	0	0	0	0	0	0	0	0	0	0	0	0	0	0	0	0	0	0	0	0	0	0	0	0	
1	1	1	340	10.2		300	0	0	0.017	0.017	-0.0265166	0	0	0	140.085	140.085	7.08054e-06	0	0	0	3.19902	1.62914	0	1.56988		300	0.294701	0.00893427	0.00893427	-0.0178685	0	0	0	0.294701	0	-0.355028	-111.796	0	20.391	20.391	-1.5099e-14	5.32541	0	0	0	0	0	0	0	0	0	0	0	0	0	0	0	0	0	0	0	0	0	0	0	0	0	0	0	0	0	0	0	0	0	
1	1	1	341	10.23		300	0	0	0.01705	0.01705	-0.0266082	0	0	0	140.242	140.242	7.08216e-06	0	0	0	3.21303	1.63614	0	1.57689		300	0.296017	0.00897518	0.00897518	-0.0179504	0	0	0	0.296017	0	-0.355028	-111.796	0	20.391	20.391	-1.5099e-14	5.32541	0	0	0	0	0	0	0	0	0	0	0	0	0	0	0	0	0	0	0	0	0	0	0	0	0	0	0	0	0	0	0	0	0	
1	1	1	342	10.26		300	0	0	0.0171	0.0171	-0.0266997	0	0	0	140.4	140.4	7.08376e-06	0	0	0	3.22707	1.64316	0	1.5839		300	0.297333	0.00901611	0.00901611	-0.0180322	0	0	0	0.297333	0	-0.355028	-111.796	0	20.391	20.391	-1.5099e-14	5.32541	0	0	0	0	0	0	0	0	0	0	0	0	0	0	0	0	0	0	0	0	0	0	0	0	0	0	0	0	0	0	0	0	0	
1	1	1	343	10.29		300	0	0	0.01715	0.01715	-0.0267913	0	0	0	140.557	140.557	7.08533e-06	0	0	0	3.24111	1.6502	0	1.59091		300	0.298649	0.00905705	0.00905705	-0.0181141	0	0	0	0.298649	0	-0.355028	-111.796	0	20.391	20.391	-1.5099e-14	5.32541	0	0	0	0	0	0	0	0	0	0	0	0	0	0	0	0	0	0	0	0	0	0	0	0	0	0	0	0	0	0	0	0	0	
1	1	1	344	10.32		300	0	0	0.0172	0.0172	-0.0268829	0	0	0	140.714	140.714	7.08689e-06	0	0	0	3.25518	1.65725	0	1.59793		300	0.299966	0.00909801	0.00909801	-0.018196	0	0	0	0.299966	0	-0.355028	-111.796	0	20.391	20.391	-1.5099e-14	5.32541	0	0	0	0	0	0	0	0	0	0	0	0	0	0	0	0	0	0	0	0	0	0	0	0	0	0	0	0	0	0	0	0	0	
1	1	1	345	10.35		300	0	0	0.01725	0.01725	-0.0269746	0	0	0	140.871	140.871	7.08842e-06	0	0	0	3.26926	1.66431	0	1.60494		300	0.301282	0.00913898	0.00913898	-0.018278	0	0	0	0.301282	0	-0.355028	-111.796	0	20.391	20.391	-1.5099e-14	5.32541	0	0	0	0	0	0	0	0	0	0	0	0	0	0	0	0	0	0	0	0	0	0	0	0	0	0	0	0	0	0	0	0	0	
1	1	1	346	10.38		300	0	0	0.0173	0.0173	-0.0270662	0	0	0	141.028	141.028	7.08994e-06	0	0	0	3.28335	1.67139	0	1.61196		300	0.3026	0.00917996	0.00917996	-0.0183599	0	0	0	0.3026	0	-0.355028	-111.796	0	20.391	20.391	-1.5099e-14	5.32541	0	0	0	0	0	0	0	0	0	0	0	0	0	0	0	0	0	0	0	0	0	0	0	0	0	0	0	0	0	0	0	0	0	
1	1	1	347	10.41		300	0	0	0.01735	0.01735	-0.0271578	0	0	0	141.184	141.184	7.09143e-06	0	0	0	3.29746	1.67848	0	1.61898		300	0.303917	0.00922095	0.00922095	-0.0184419	0	0	0	0.303917	0	-0.355028	-111.796	0	20.391	20.391	-1.5099e-14	5.32541	0	0	0	0	0	0	0	0	0	0	0	0	0	0	0	0	0	0	0	0	0	0	0	0	0	0	0	0	0	0	0	0	0	
1	1	1	348	10.44		300	0	0	0.0174	0.0174	-0.0272495	0	0	0	141.34	141.34	7.09291e-06	0	0	0	3.31159	1.68559	0	1.626		300	0.305235	0.00926196	0.00926196	-0.0185239	0	0	0	0.305235	0	-0.355028	-111.796	0	20.391	20.391	-1.5099e-14	5.32541	0	0	0	0	0	0	0	0	0	0	0	0	0	0	0	0	0	0	0	0	0	0	0	0	0	0	0	0	0	0	0	0	0	
1	1	1	349	10.47		300	0	0	0.01745	0.01745	-0.0273412	0	0	0	141.496	141.496	7.09436e-06	0	0	0	3.32573	1.69271	0	1.63302		300	0.306553	0.00930298	0.00930298	-0.018606	0	0	0	0.306553	0	-0.355028	-111.796	0	20.391	20.391	-1.5099e-14	5.32541	0	0	0	0	0	0	0	0	0	0	0	0	0	0	0	0	0	0	0	0	0	0	0	0	0	0	0	0	0	0	0	0	0	
1	1	1	350	10.5		300	0	0	0.0175	0.0175	-0.0274329	0	0	0	141.652	141.652	7.09579e-06	0	0	0	3.33989	1.69984	0	1.64005		300	0.307872	0.00934402	0.00934402	-0.018688	0	0	0	0.307872	0	-0.355028	-111.796	0	20.391	20.391	-1.5099e-14	5.32541	0	0	0	0	0	0	0	0	0	0	0	0	0	0	0	0	0	0	0	0	0	0	0	0	0	0	0	0	0	0	0	0	0	
1	1	1	351	10.53		300	0	0	0.01755	0.01755	-0.0275245	0	0	0	141.808	141.808	7.09721e-06	0	0	0	3.35406	1.70699	0	1.64707		300	0.30919	0.00938506	0.00938506	-0.0187701	0	0	0	0.30919	0	-0.355028	-111.796	0	20.391	20.391	-1.5099e-14	5.32541	0	0	0	0	0	0	0	0	0	0	0	0	0	0	0	0	0	0	0	0	0	0	0	0	0	0	0	0	0	0	0	0	0	
1	1	1	352	10.56		300	0	0	0.0176	0.0176	-0.0276162	0	0	0	141.963	141.963	7.0986e-06	0	0	0	3.36825	1.71415	0	1.6541		300	0.310509	0.00942612	0.00942612	-0.0188522	0	0	0	0.310509	0	-0.355028	-111.796	0	20.391	20.391	-1.5099e-14	5.32541	0	0	0	0	0	0	0	0	0	0	0	0	0	0	0	0	0	0	0	0	0	0	0	0	0	0	0	0	0	0	0	0	0	
1	1	1	353	10.59		300	0	0	0.01765	0.01765	-0.027708	0	0	0	142.118	142.118	7.09998e-06	0	0	0	3.38245	1.72133	0	1.66112		300	0.311828	0.00946719	0.00946719	-0.0189344	0	0	0	0.311828	0	-0.355028	-111.796	0	20.391	20.391	-1.5099e-14	5.32541	0	0	0	0	0	0	0	0	0	0	0	0	0	0	0	0	0	0	0	0	0	0	0	0	0	0	0	0	0	0	0	0	0	
1	1	1	354	10.62		300	0	0	0.0177	0.0177	-0.0277997	0	0	0	142.273	142.273	7.10134e-06	0	0	0	3.39667	1.72852	0	1.66815		300	0.313148	0.00950828	0.00950828	-0.0190166	0	0	0	0.313148	0	-0.355028	-111.796	0	20.391	20.391	-1.5099e-14	5.32541	0	0	0	0	0	0	0	0	0	0	0	0	0	0	0	0	0	0	0	0	0	0	0	0	0	0	0	0	0	0	0	0	0	
1	1	1	355	10.65		300	0	0	0.01775	0.01775	-0.0278914	0	0	0	142.427	142.427	7.10268e-06	0	0	0	3.41091	1.73572	0	1.67519		300	0.314468	0.00954937	0.00954937	-0.0190987	0	0	0	0.314468	0	-0.355028	-111.796	0	20.391	20.391	-1.5099e-14	5.32541	0	0	0	0	0	0	0	0	0	0	0	0	0	0	0	0	0	0	0	0	0	0	0	0	0	0	0	0	0	0	0	0	0	
1	1	1	356	10.68		300	0	0	0.0178	0.0178	-0.0279832	0	0	0	142.582	142.582	7.104e-06	0	0	0	3.42516	1.74294	0	1.68222		300	0.315788	0.00959048	0.00959048	-0.019181	0	0	0	0.315788	0	-0.355028	-111.796	0	20.391	20.391	-1.5099e-14	5.32541	0	0	0	0	0	0	0	0	0	0	0	0	0	0	0	0	0	0	0	0	0	0	0	0	0	0	0	0	0	0	0	0	0	
1	1	1	357	10.71		300	0	0	0.01785	0.01785	-0.0280749	0	0	0	142.736	142.736	7.10531e-06	0	0	0	3.43942	1.75017	0	1.68925		300	0.317108	0.0096316	0.0096316	-0.0192632	0	0	0	0.317108	0	-0.355028	-111.796	0	20.391	20.391	-1.5099e-14	5.32541	0	0	0	0	0	0	0	0	0	0	0	0	0	0	0	0	0	0	0	0	0	0	0	0	0	0	0	0	0	0	0	0	0	
1	1	1	358	10.74		300	0	0	0.0179	0.0179	-0.0281667	0	0	0	142.89	142.89	7.10659e-06	0	0	0	3.45371	1.75742	0	1.69629		300	0.318429	0.00967274	0.00967274	-0.0193455	0	0	0	0.318429	0	-0.355028	-111.796	0	20.391	20.391	-1.5099e-14	5.32541	0	0	0	0	0	0	0	0	0	0	0	0	0	0	0	0	0	0	0	0	0	0	0	0	0	0	0	0	0	0	0	0	0	
1	1	1	359	10.77		300	0	0	0.01795	0.01795	-0.0282585	0	0	0	143.044	143.044	7.10786e-06	0	0	0	3.468	1.76468	0	1.70332		300	0.31975	0.00971388	0.00971388	-0.0194278	0	0	0	0.31975	0	-0.355028	-111.796	0	20.391	20.391	-1.5099e-14	5.32541	0	0	0	0	0	0	0	0	0	0	0	0	0	0	0	0	0	0	0	0	0	0	0	0	0	0	0	0	0	0	0	0	0	
1	1	1	360	10.8		300	0	0	0.018	0.018	-0.0283503	0	0	0	143.198	143.198	7.10911e-06	0	0	0	3.48231	1.77195	0	1.71036		300	0.321071	0.00975504	0.00975504	-0.0195101	0	0	0	0.321071	0	-0.355028	-111.796	0	20.391	20.391	-1.5099e-14	5.32541	0	0	0	0	0	0	0	0	0	0	0	0	0	0	0	0	0	0	0	0	0	0	0	0	0	0	0	0	0	0	0	0	0	
1	1	1	361	10.83		300	0	0	0.01805	0.01805	-0.0284421	0	0	0	143.351	143.351	7.11035e-06	0	0	0	3.49664	1.77924	0	1.7174		300	0.322392	0.0097962	0.0097962	-0.0195924	0	0	0	0.322392	0	-0.355028	-111.796	0	20.391	20.391	-1.5099e-14	5.32541	0	0	0	0	0	0	0	0	0	0	0	0	0	0	0	0	0	0	0	0	0	0	0	0	0	0	0	0	0	0	0	0	0	
1	1	1	362	10.86		300	0	0	0.0181	0.0181	-0.0285339	0	0	0	143.504	143.504	7.11157e-06	0	0	0	3.51098	1.78654	0	1.72444		300	0.323714	0.00983738	0.00983738	-0.0196748	0	0	0	0.323714	0	-0.355028	-111.796	0	20.391	20.391	-1.5099e-14	5.32541	0	0	0	0	0	0	0	0	0	0	0	0	0	0	0	0	0	0	0	0	0	0	0	0	0	0	0	0	0	0	0	0	0	
1	1	1	363	10.89		300	0	0	0.01815	0.01815	-0.0286257	0	0	0	143.657	143.657	7.11277e-06	0	0	0	3.52534	1.79386	0	1.73148		300	0.325036	0.00987857	0.00987857	-0.0197571	0	0	0	0.325036	0	-0.355028	-111.796	0	20.391	20.391	-1.5099e-14	5.32541	0	0	0	0	0	0	0	0	0	0	0	0	0	0	0	0	0	0	0	0	0	0	0	0	0	0	0	0	0	0	0	0	0	
1	1	1	364	10.92		300	0	0	0.0182	0.0182	-0.0287176	0	0	0	143.81	143.81	7.11396e-06	0	0	0	3.53972	1.80119	0	1.73853		300	0.326358	0.00991977	0.00991977	-0.0198395	0	0	0	0.326358	0	-0.355028	-111.796	0	20.391	20.391	-1.5099e-14	5.32541	0	0	0	0	0	0	0	0	0	0	0	0	0	0	0	0	0	0	0	0	0	0	0	0	0	0	0	0	0	0	0	0	0	
1	1	1	365	10.95		300	0	0	0.01825	0.01825	-0.0288094	0	0	0	143.963	143.963	7.11513e-06	0	0	0	3.5541	1.80853	0	1.74557		300	0.32768	0.00996098	0.00996098	-0.019922	0	0	0	0.32768	0	-0.355028	-111.796	0	20.391	20.391	-1.5099e-14	5.32541	0	0	0	0	0	0	0	0	0	0	0	0	0	0	0	0	0	0	0	0	0	0	0	0	0	0	0	0	0	0	0	0	0	
1	1	1	366	10.98		300	0	0	0.0183	0.0183	-0.0289013	0	0	0	144.115	144.115	7.11628e-06	0	0	0	3.56851	1.81589	0	1.75262		300	0.329003	0.0100022	0.0100022	-0.0200044	0	0	0	0.329003	0	-0.355028	-111.796	0	20.391	20.391	-1.5099e-14	5.32541	0	0	0	0	0	0	0	0	0	0	0	0	0	0	0	0	0	0	0	0	0	0	0	0	0	0	0	0	0	0	0	0	0	
1	1	1	367	11.01		300	0	0	0.01835	0.01835	-0.0289931	0	0	0	144.267	144.267	7.11742e-06	0	0	0	3.58293	1.82326	0	1.75966		300	0.330325	0.0100434	0.0100434	-0.0200869	0	0	0	0.330325	0	-0.355028	-111.796	0	20.391	20.391	-1.5099e-14	5.32541	0	0	0	0	0	0	0	0	0	0	0	0	0	0	0	0	0	0	0	0	0	0	0	0	0	0	0	0	0	0	0	0	0	
1	1	1	368	11.04		300	0	0	0.0184	0.0184	-0.029085	0	0	0	144.419	144.419	7.11854e-06	0	0	0	3.59736	1.83065	0	1.76671		300	0.331648	0.0100847	0.0100847	-0.0201694	0	0	0	0.331648	0	-0.355028	-111.796	0	20.391	20.391	-1.5099e-14	5.32541	0	0	0	0	0	0	0	0	0	0	0	0	0	0	0	0	0	0	0	0	0	0	0	0	0	0	0	0	0	0	0	0	0	
1	1	1	369	11.07		300	0	0	0.01845	0.01845	-0.0291769	0	0	0	144.571	144.571	7.11965e-06	0	0	0	3.61181	1.83805	0	1.77376		300	0.332972	0.0101259	0.0101259	-0.0202519	0	0	0	0.332972	0	-0.355028	-111.796	0	20.391	20.391	-1.5099e-14	5.32541	0	0	0	0	0	0	0	0	0	0	0	0	0	0	0	0	0	0	0	0	0	0	0	0	0	0	0	0	0	0	0	0	0	
1	1	1	370	11.1		300	0	0	0.0185	0.0185	-0.0292688	0	0	0	144.723	144.723	7.12074e-06	0	0	0	3.62628	1.84547	0	1.78081		300	0.334295	0.0101672	0.0101672	-0.0203344	0	0	0	0.334295	0	-0.355028	-111.796	0	20.391	20.391	-1.5099e-14	5.32541	0	0	0	0	0	0	0	0	0	0	0	0	0	0	0	0	0	0	0	0	0	0	0	0	0	0	0	0	0	0	0	0	0	
1	1	1	371	11.13		300	0	0	0.01855	0.01855	-0.0293607	0	0	0	144.874	144.874	7.12182e-06	0	0	0	3.64076	1.85289	0	1.78786		300	0.335619	0.0102085	0.0102085	-0.020417	0	0	0	0.335619	0	-0.355028	-111.796	0	20.391	20.391	-1.5099e-14	5.32541	0	0	0	0	0	0	0	0	0	0	0	0	0	0	0	0	0	0	0	0	0	0	0	0	0	0	0	0	0	0	0	0	0	
1	1	1	372	11.16		300	0	0	0.0186	0.0186	-0.0294526	0	0	0	145.026	145.026	7.12288e-06	0	0	0	3.65525	1.86034	0	1.79492		300	0.336943	0.0102498	0.0102498	-0.0204995	0	0	0	0.336943	0	-0.355028	-111.796	0	20.391	20.391	-1.5099e-14	5.32541	0	0	0	0	0	0	0	0	0	0	0	0	0	0	0	0	0	0	0	0	0	0	0	0	0	0	0	0	0	0	0	0	0	
1	1	1	373	11.19		300	0	0	0.01865	0.01865	-0.0295445	0	0	0	145.177	145.177	7.12393e-06	0	0	0	3.66976	1.86779	0	1.80197		300	0.338267	0.0102911	0.0102911	-0.0205821	0	0	0	0.338267	0	-0.355028	-111.796	0	20.391	20.391	-1.5099e-14	5.32541	0	0	0	0	0	0	0	0	0	0	0	0	0	0	0	0	0	0	0	0	0	0	0	0	0	0	0	0	0	0	0	0	0	
1	1	1	374	11.22		300	0	0	0.0187	0.0187	-0.0296365	0	0	0	145.328	145.328	7.12497e-06	0	0	0	3.68429	1.87526	0	1.80902		300	0.339591	0.0103324	0.0103324	-0.0206647	0	0	0	0.339591	0	-0.355028	-111.796	0	20.391	20.391	-1.5099e-14	5.32541	0	0	0	0	0	0	0	0	0	0	0	0	0	0	0	0	0	0	0	0	0	0	0	0	0	0	0	0	0	0	0	0	0	
1	1	1	375	11.25		300	0	0	0.01875	0.01875	-0.0297284	0	0	0	145.479	145.479	7.12599e-06	0	0	0	3.69883	1.88275	0	1.81608		300	0.340916	0.0103737	0.0103737	-0.0207474	0	0	0	0.340916	0	-0.355028	-111.796	0	20.391	20.391	-1.5099e-14	5.32541	0	0	0	0	0	0	0	0	0	0	0	0	0	0	0	0	0	0	0	0	0	0	0	0	0	0	0	0	0	0	0	0	0	
1	1	1	376	11.28		300	0	0	0.0188	0.0188	-0.0298204	0	0	0	145.63	145.63	7.12699e-06	0	0	0	3.71338	1.89024	0	1.82314		300	0.34224	0.010415	0.010415	-0.02083	0	0	0	0.34224	0	-0.355028	-111.796	0	20.391	20.391	-1.5099e-14	5.32541	0	0	0	0	0	0	0	0	0	0	0	0	0	0	0	0	0	0	0	0	0	0	0	0	0	0	0	0	0	0	0	0	0	
1	1	1	377	11.31		300	0	0	0.01885	0.01885	-0.0299123	0	0	0	145.78	145.78	7.12798e-06	0	0	0	3.72795	1.89776	0	1.8302		300	0.343565	0.0104563	0.0104563	-0.0209127	0	0	0	0.343565	0	-0.355028	-111.796	0	20.391	20.391	-1.5099e-14	5.32541	0	0	0	0	0	0	0	0	0	0	0	0	0	0	0	0	0	0	0	0	0	0	0	0	0	0	0	0	0	0	0	0	0	
1	1	1	378	11.34		300	0	0	0.0189	0.0189	-0.0300043	0	0	0	145.93	145.93	7.12896e-06	0	0	0	3.74254	1.90528	0	1.83726		300	0.34489	0.0104977	0.0104977	-0.0209954	0	0	0	0.34489	0	-0.355028	-111.796	0	20.391	20.391	-1.5099e-14	5.32541	0	0	0	0	0	0	0	0	0	0	0	0	0	0	0	0	0	0	0	0	0	0	0	0	0	0	0	0	0	0	0	0	0	
1	1	1	379	11.37		300	0	0	0.01895	0.01895	-0.0300963	0	0	0	146.081	146.081	7.12993e-06	0	0	0	3.75714	1.91282	0	1.84432		300	0.346216	0.010539	0.010539	-0.0210781	0	0	0	0.346216	0	-0.355028	-111.796	0	20.391	20.391	-1.5099e-14	5.32541	0	0	0	0	0	0	0	0	0	0	0	0	0	0	0	0	0	0	0	0	0	0	0	0	0	0	0	0	0	0	0	0	0	
1	1	1	380	11.4		300	0	0	0.019	0.019	-0.0301883	0	0	0	146.231	146.231	7.13088e-06	0	0	0	3.77175	1.92038	0	1.85138		300	0.347541	0.0105804	0.0105804	-0.0211608	0	0	0	0.347541	0	-0.355028	-111.796	0	20.391	20.391	-1.5099e-14	5.32541	0	0	0	0	0	0	0	0	0	0	0	0	0	0	0	0	0	0	0	0	0	0	0	0	0	0	0	0	0	0	0	0	0	
1	1	1	381	11.43		300	0	0	0.01905	0.01905	-0.0302803	0	0	0	146.38	146.38	7.13182e-06	0	0	0	3.78638	1.92795	0	1.85844		300	0.348867	0.0106218	0.0106218	-0.0212436	0	0	0	0.348867	0	-0.355028	-111.796	0	20.391	20.391	-1.5099e-14	5.32541	0	0	0	0	0	0	0	0	0	0	0	0	0	0	0	0	0	0	0	0	0	0	0	0	0	0	0	0	0	0	0	0	0	
1	1	1	382	11.46		300	0	0	0.0191	0.0191	-0.0303723	0	0	0	146.53	146.53	7.13274e-06	0	0	0	3.80103	1.93553	0	1.8655		300	0.350193	0.0106632	0.0106632	-0.0213263	0	0	0	0.350193	0	-0.355028	-111.796	0	20.391	20.391	-1.5099e-14	5.32541	0	0	0	0	0	0	0	0	0	0	0	0	0	0	0	0	0	0	0	0	0	0	0	0	0	0	0	0	0	0	0	0	0	
1	1	1	383	11.49		300	0	0	0.01915	0.01915	-0.0304643	0	0	0	146.68	146.68	7.13366e-06	0	0	0	3.81569	1.94312	0	1.87257		300	0.351519	0.0107045	0.0107045	-0.0214091	0	0	0	0.351519	0	-0.355028	-111.796	0	20.391	20.391	-1.5099e-14	5.32541	0	0	0	0	0	0	0	0	0	0	0	0	0	0	0	0	0	0	0	0	0	0	0	0	0	0	0	0	0	0	0	0	0	
1	1	1	384	11.52		300	0	0	0.0192	0.0192	-0.0305563	0	0	0	146.829	146.829	7.13456e-06	0	0	0	3.83037	1.95073	0	1.87963		300	0.352845	0.0107459	0.0107459	-0.0214919	0	0	0	0.352845	0	-0.355028	-111.796	0	20.391	20.391	-1.5099e-14	5.32541	0	0	0	0	0	0	0	0	0	0	0	0	0	0	0	0	0	0	0	0	0	0	0	0	0	0	0	0	0	0	0	0	0	
1	1	1	385	11.55		300	0	0	0.01925	0.01925	-0.0306483	0	0	0	146.978	146.978	7.13545e-06	0	0	0	3.84506	1.95836	0	1.8867		300	0.354172	0.0107874	0.0107874	-0.0215747	0	0	0	0.354172	0	-0.355028	-111.796	0	20.391	20.391	-1.5099e-14	5.32541	0	0	0	0	0	0	0	0	0	0	0	0	0	0	0	0	0	0	0	0	0	0	0	0	0	0	0	0	0	0	0	0	0	
1	1	1	386	11.58		300	0	0	0.0193	0.0193	-0.0307404	0	0	0	147.127	147.127	7.13632e-06	0	0	0	3.85976	1.966	0	1.89377		300	0.355498	0.0108288	0.0108288	-0.0216575	0	0	0	0.355498	0	-0.355028	-111.796	0	20.391	20.391	-1.5099e-14	5.32541	0	0	0	0	0	0	0	0	0	0	0	0	0	0	0	0	0	0	0	0	0	0	0	0	0	0	0	0	0	0	0	0	0	
1	1	1	387	11.61		300	0	0	0.01935	0.01935	-0.0308324	0	0	0	147.276	147.276	7.13719e-06	0	0	0	3.87448	1.97365	0	1.90083		300	0.356825	0.0108702	0.0108702	-0.0217404	0	0	0	0.356825	0	-0.355028	-111.796	0	20.391	20.391	-1.5099e-14	5.32541	0	0	0	0	0	0	0	0	0	0	0	0	0	0	0	0	0	0	0	0	0	0	0	0	0	0	0	0	0	0	0	0	0	
1	1	1	388	11.64		300	0	0	0.0194	0.0194	-0.0309245	0	0	0	147.425	147.425	7.13804e-06	0	0	0	3.88922	1.98131	0	1.9079		300	0.358152	0.0109116	0.0109116	-0.0218233	0	0	0	0.358152	0	-0.355028	-111.796	0	20.391	20.391	-1.5099e-14	5.32541	0	0	0	0	0	0	0	0	0	0	0	0	0	0	0	0	0	0	0	0	0	0	0	0	0	0	0	0	0	0	0	0	0	
1	1	1	389	11.67		300	0	0	0.01945	0.01945	-0.0310165	0	0	0	147.574	147.574	7.13888e-06	0	0	0	3.90397	1.989	0	1.91497		300	0.359479	0.0109531	0.0109531	-0.0219061	0	0	0	0.359479	0	-0.355028	-111.796	0	20.391	20.391	-1.5099e-14	5.32541	0	0	0	0	0	0	0	0	0	0	0	0	0	0	0	0	0	0	0	0	0	0	0	0	0	0	0	0	0	0	0	0	0	
1	1	1	390	11.7		300	0	0	0.0195	0.0195	-0.0311086	0	0	0	147.722	147.722	7.1397e-06	0	0	0	3.91873	1.99669	0	1.92204		300	0.360806	0.0109945	0.0109945	-0.021989	0	0	0	0.360806	0	-0.355028	-111.796	0	20.391	20.391	-1.5099e-14	5.32541	0	0	0	0	0	0	0	0	0	0	0	0	0	0	0	0	0	0	0	0	0	0	0	0	0	0	0	0	0	0	0	0	0	
1	1	1	391	11.73		300	0	0	0.01955	0.01955	-0.0312007	0	0	0	147.87	147.87	7.14052e-06	0	0	0	3.93351	2.0044	0	1.92911		300	0.362134	0.011036	0.011036	-0.022072	0	0	0	0.362134	0	-0.355028	-111.796	0	20.391	20.391	-1.5099e-14	5.32541	0	0	0	0	0	0	0	0	0	0	0	0	0	0	0	0	0	0	0	0	0	0	0	0	0	0	0	0	0	0	0	0	0	
1	1	1	392	11.76		300	0	0	0.0196	0.0196	-0.0312927	0	0	0	148.019	148.019	7.14132e-06	0	0	0	3.94831	2.01212	0	1.93619		300	0.363461	0.0110774	0.0110774	-0.0221549	0	0	0	0.363461	0	-0.355028	-111.796	0	20.391	20.391	-1.5099e-14	5.32541	0	0	0	0	0	0	0	0	0	0	0	0	0	0	0	0	0	0	0	0	0	0	0	0	0	0	0	0	0	0	0	0	0	
1	1	1	393	11.79		300	0	0	0.01965	0.01965	-0.0313848	0	0	0	148.167	148.167	7.14212e-06	0	0	0	3.96312	2.01986	0	1.94326		300	0.364789	0.0111189	0.0111189	-0.0222378	0	0	0	0.364789	0	-0.355028	-111.796	0	20.391	20.391	-1.5099e-14	5.32541	0	0	0	0	0	0	0	0	0	0	0	0	0	0	0	0	0	0	0	0	0	0	0	0	0	0	0	0	0	0	0	0	0	
1	1	1	394	11.82		300	0	0	0.0197	0.0197	-0.0314769	0	0	0	148.315	148.315	7.1429e-06	0	0	0	3.97794	2.02761	0	1.95033		300	0.366117	0.0111604	0.0111604	-0.0223208	0	0	0	0.366117	0	-0.355028	-111.796	0	20.391	20.391	-1.5099e-14	5.32541	0	0	0	0	0	0	0	0	0	0	0	0	0	0	0	0	0	0	0	0	0	0	0	0	0	0	0	0	0	0	0	0	0	
1	1	1	395	11.85		300	0	0	0.01975	0.01975	-0.031569	0	0	0	148.462	148.462	7.14367e-06	0	0	0	3.99278	2.03537	0	1.95741		300	0.367445	0.0112019	0.0112019	-0.0224038	0	0	0	0.367445	0	-0.355028	-111.796	0	20.391	20.391	-1.5099e-14	5.32541	0	0	0	0	0	0	0	0	0	0	0	0	0	0	0	0	0	0	0	0	0	0	0	0	0	0	0	0	0	0	0	0	0	
1	1	1	396	11.88		300	0	0	0.0198	0.0198	-0.0316612	0	0	0	148.61	148.61	7.14443e-06	0	0	0	4.00763	2.04315	0	1.96448		300	0.368773	0.0112434	0.0112434	-0.0224868	0	0	0	0.368773	0	-0.355028	-111.796	0	20.391	20.391	-1.5099e-14	5.32541	0	0	0	0	0	0	0	0	0	0	0	0	0	0	0	0	0	0	0	0	0	0	0	0	0	0	0	0	0	0	0	0	0	
1	1	1	397	11.91		300	0	0	0.01985	0.01985	-0.0317533	0	0	0	148.758	148.758	7.14518e-06	0	0	0	4.0225	2.05094	0	1.97156		300	0.370101	0.0112849	0.0112849	-0.0225698	0	0	0	0.370101	0	-0.355028	-111.796	0	20.391	20.391	-1.5099e-14	5.32541	0	0	0	0	0	0	0	0	0	0	0	0	0	0	0	0	0	0	0	0	0	0	0	0	0	0	0	0	0	0	0	0	0	
1	1	1	398	11.94		300	0	0	0.0199	0.0199	-0.0318454	0	0	0	148.905	148.905	7.14592e-06	0	0	0	4.03738	2.05875	0	1.97864		300	0.37143	0.0113264	0.0113264	-0.0226528	0	0	0	0.37143	0	-0.355028	-111.796	0	20.391	20.391	-1.5099e-14	5.32541	0	0	0	0	0	0	0	0	0	0	0	0	0	0	0	0	0	0	0	0	0	0	0	0	0	0	0	0	0	0	0	0	0	
1	1	1	399	11.97		300	0	0	0.01995	0.01995	-0.0319375	0	0	0	149.052	149.052	7.14664e-06	0	0	0	4.05228	2.06657	0	1.98571		300	0.372758	0.0113679	0.0113679	-0.0227359	0	0	0	0.372758	0	-0.355028	-111.796	0	20.391	20.391	-1.5099e-14	5.32541	0	0	0	0	0	0	0	0	0	0	0	0	0	0	0	0	0	0	0	0	0	0	0	0	0	0	0	0	0	0	0	0	0	
1	1	1	400	12		300	0	0	0.02	0.02	-0.0320297	0	0	0	149.199	149.199	7.14736e-06	0	0	0	4.06719	2.0744	0	1.99279		300	0.374087	0.0114095	0.0114095	-0.0228189	0	0	0	0.374087	0	-0.355028	-111.796	0	20.391	20.391	-1.5099e-14	5.32541	0	0	0	0	0	0	0	0	0	0	0	0	0	0	0	0	0	0	0	0	0	0	0	0	0	0	0	0	0	0	0	0	0	
1	1	1	401	12.03		300	0	0	0.02005	0.02005	-0.0321218	0	0	0	149.346	149.346	7.14807e-06	0	0	0	4.08212	2.08225	0	1.99987		300	0.375416	0.011451	0.011451	-0.022902	0	0	0	0.375416	0	-0.355028	-111.796	0	20.391	20.391	-1.5099e-14	5.32541	0	0	0	0	0	0	0	0	0	0	0	0	0	0	0	0	0	0	0	0	0	0	0	0	0	0	0	0	0	0	0	0	0	
1	1	1	402	12.06		300	0	0	0.0201	0.0201	-0.032214	0	0	0	149.493	149.493	7.14876e-06	0	0	0	4.09706	2.09011	0	2.00695		300	0.376745	0.0114925	0.0114925	-0.0229851	0	0	0	0.376745	0	-0.355028	-111.796	0	20.391	20.391	-1.5099e-14	5.32541	0	0	0	0	0	0	0	0	0	0	0	0	0	0	0	0	0	0	0	0	0	0	0	0	0	0	0	0	0	0	0	0	0	
1	1	1	403	12.09		300	0	0	0.02015	0.02015	-0.0323061	0	0	0	149.64	149.64	7.14945e-06	0	0	0	4.11202	2.09799	0	2.01403		300	0.378074	0.0115341	0.0115341	-0.0230682	0	0	0	0.378074	0	-0.355028	-111.796	0	20.391	20.391	-1.5099e-14	5.32541	0	0	0	0	0	0	0	0	0	0	0	0	0	0	0	0	0	0	0	0	0	0	0	0	0	0	0	0	0	0	0	0	0	
1	1	1	404	12.12		300	0	0	0.0202	0.0202	-0.0323983	0	0	0	149.787	149.787	7.15013e-06	0	0	0	4.12699	2.10588	0	2.02111		300	0.379403	0.0115756	0.0115756	-0.0231513	0	0	0	0.379403	0	-0.355028	-111.796	0	20.391	20.391	-1.5099e-14	5.32541	0	0	0	0	0	0	0	0	0	0	0	0	0	0	0	0	0	0	0	0	0	0	0	0	0	0	0	0	0	0	0	0	0	
1	1	1	405	12.15		300	0	0	0.02025	0.02025	-0.0324905	0	0	0	149.933	149.933	7.15079e-06	0	0	0	4.14198	2.11378	0	2.0282		300	0.380732	0.0116172	0.0116172	-0.0232344	0	0	0	0.380732	0	-0.355028	-111.796	0	20.391	20.391	-1.5099e-14	5.32541	0	0	0	0	0	0	0	0	0	0	0	0	0	0	0	0	0	0	0	0	0	0	0	0	0	0	0	0	0	0	0	0	0	
1	1	1	406	12.18		300	0	0	0.0203	0.0203	-0.0325826	0	0	0	150.08	150.08	7.15145e-06	0	0	0	4.15698	2.1217	0	2.03528		300	0.382062	0.0116588	0.0116588	-0.0233176	0	0	0	0.382062	0	-0.355028	-111.796	0	20.391	20.391	-1.5099e-14	5.32541	0	0	0	0	0	0	0	0	0	0	0	0	0	0	0	0	0	0	0	0	0	0	0	0	0	0	0	0	0	0	0	0	0	
1	1	1	407	12.21		300	0	0	0.02035	0.02035	-0.0326748	0	0	0	150.226	150.226	7.1521e-06	0	0	0	4.17199	2.12963	0	2.04236		300	0.383391	0.0117004	0.0117004	-0.0234007	0	0	0	0.383391	0	-0.355028	-111.796	0	20.391	20.391	-1.5099e-14	5.32541	0	0	0	0	0	0	0	0	0	0	0	0	0	0	0	0	0	0	0	0	0	0	0	0	0	0	0	0	0	0	0	0	0	
1	1	1	408	12.24		300	0	0	0.0204	0.0204	-0.032767	0	0	0	150.372	150.372	7.15273e-06	0	0	0	4.18702	2.13758	0	2.04944		300	0.384721	0.0117419	0.0117419	-0.0234839	0	0	0	0.384721	0	-0.355028	-111.796	0	20.391	20.391	-1.5099e-14	5.32541	0	0	0	0	0	0	0	0	0	0	0	0	0	0	0	0	0	0	0	0	0	0	0	0	0	0	0	0	0	0	0	0	0	
1	1	1	409	12.27		300	0	0	0.02045	0.02045	-0.0328592	0	0	0	150.518	150.518	7.15336e-06	0	0	0	4.20207	2.14554	0	2.05653		300	0.386051	0.0117835	0.0117835	-0.0235671	0	0	0	0.386051	0	-0.355028	-111.796	0	20.391	20.391	-1.5099e-14	5.32541	0	0	0	0	0	0	0	0	0	0	0	0	0	0	0	0	0	0	0	0	0	0	0	0	0	0	0	0	0	0	0	0	0	
1	1	1	410	12.3		300	0	0	0.0205	0.0205	-0.0329514	0	0	0	150.664	150.664	7.15398e-06	0	0	0	4.21713	2.15351	0	2.06361		300	0.387381	0.0118251	0.0118251	-0.0236502	0	0	0	0.387381	0	-0.355028	-111.796	0	20.391	20.391	-1.5099e-14	5.32541	0	0	0	0	0	0	0	0	0	0	0	0	0	0	0	0	0	0	0	0	0	0	0	0	0	0	0	0	0	0	0	0	0	
1	1	1	411	12.33		300	0	0	0.02055	0.02055	-0.0330436	0	0	0	150.81	150.81	7.15459e-06	0	0	0	4.2322	2.1615	0	2.0707		300	0.388711	0.0118667	0.0118667	-0.0237334	0	0	0	0.388711	0	-0.355028	-111.796	0	20.391	20.391	-1.5099e-14	5.32541	0	0	0	0	0	0	0	0	0	0	0	0	0	0	0	0	0	0	0	0	0	0	0	0	0	0	0	0	0	0	0	0	0	
1	1	1	412	12.36		300	0	0	0.0206	0.0206	-0.0331358	0	0	0	150.956	150.956	7.15519e-06	0	0	0	4.24729	2.1695	0	2.07779		300	0.390041	0.0119083	0.0119083	-0.0238167	0	0	0	0.390041	0	-0.355028	-111.796	0	20.391	20.391	-1.5099e-14	5.32541	0	0	0	0	0	0	0	0	0	0	0	0	0	0	0	0	0	0	0	0	0	0	0	0	0	0	0	0	0	0	0	0	0	
1	1	1	413	12.39		300	0	0	0.02065	0.02065	-0.0332281	0	0	0	151.101	151.101	7.15578e-06	0	0	0	4.26239	2.17752	0	2.08487		300	0.391371	0.0119499	0.0119499	-0.0238999	0	0	0	0.391371	0	-0.355028	-111.796	0	20.391	20.391	-1.5099e-14	5.32541	0	0	0	0	0	0	0	0	0	0	0	0	0	0	0	0	0	0	0	0	0	0	0	0	0	0	0	0	0	0	0	0	0	
1	1	1	414	12.42		300	0	0	0.0207	0.0207	-0.0333203	0	0	0	151.247	151.247	7.15636e-06	0	0	0	4.27751	2.18555	0	2.09196		300	0.392701	0.0119916	0.0119916	-0.0239831	0	0	0	0.392701	0	-0.355028	-111.796	0	20.391	20.391	-1.5099e-14	5.32541	0	0	0	0	0	0	0	0	0	0	0	0	0	0	0	0	0	0	0	0	0	0	0	0	0	0	0	0	0	0	0	0	0	
1	1	1	415	12.45		300	0	0	0.02075	0.02075	-0.0334125	0	0	0	151.392	151.392	7.15693e-06	0	0	0	4.29264	2.19359	0	2.09905		300	0.394032	0.0120332	0.0120332	-0.0240664	0	0	0	0.394032	0	-0.355028	-111.796	0	20.391	20.391	-1.5099e-14	5.32541	0	0	0	0	0	0	0	0	0	0	0	0	0	0	0	0	0	0	0	0	0	0	0	0	0	0	0	0	0	0	0	0	0	
1	1	1	416	12.48		300	0	0	0.0208	0.0208	-0.0335048	0	0	0	151.538	151.538	7.1575e-06	0	0	0	4.30779	2.20165	0	2.10613		300	0.395362	0.0120748	0.0120748	-0.0241497	0	0	0	0.395362	0	-0.355028	-111.796	0	20.391	20.391	-1.5099e-14	5.32541	0	0	0	0	0	0	0	0	0	0	0	0	0	0	0	0	0	0	0	0	0	0	0	0	0	0	0	0	0	0	0	0	0	
1	1	1	417	12.51		300	0	0	0.02085	0.02085	-0.033597	0	0	0	151.683	151.683	7.15805e-06	0	0	0	4.32295	2.20973	0	2.11322		300	0.396693	0.0121165	0.0121165	-0.0242329	0	0	0	0.396693	0	-0.355028	-111.796	0	20.391	20.391	-1.5099e-14	5.32541	0	0	0	0	0	0	0	0	0	0	0	0	0	0	0	0	0	0	0	0	0	0	0	0	0	0	0	0	0	0	0	0	0	
1	1	1	418	12.54		300	0	0	0.0209	0.0209	-0.0336892	0	0	0	151.828	151.828	7.1586e-06	0	0	0	4.33812	2.21781	0	2.12031		300	0.398024	0.0121581	0.0121581	-0.0243162	0	0	0	0.398024	0	-0.355028	-111.796	0	20.391	20.391	-1.5099e-14	5.32541	0	0	0	0	0	0	0	0	0	0	0	0	0	0	0	0	0	0	0	0	0	0	0	0	0	0	0	0	0	0	0	0	0	
1	1	1	419	12.57		300	0	0	0.02095	0.02095	-0.0337815	0	0	0	151.973	151.973	7.15914e-06	0	0	0	4.35331	2.22591	0	2.1274		300	0.399354	0.0121998	0.0121998	-0.0243995	0	0	0	0.399354	0	-0.355028	-111.796	0	20.391	20.391	-1.5099e-14	5.32541	0	0	0	0	0	0	0	0	0	0	0	0	0	0	0	0	0	0	0	0	0	0	0	0	0	0	0	0	0	0	0	0	0	
1	1	1	420	12.6		300	0	0	0.021	0.021	-0.0338738	0	0	0	152.118	152.118	7.15966e-06	0	0	0	4.36852	2.23403	0	2.13449		300	0.400685	0.0122414	0.0122414	-0.0244828	0	0	0	0.400685	0	-0.355028	-111.796	0	20.391	20.391	-1.5099e-14	5.32541	0	0	0	0	0	0	0	0	0	0	0	0	0	0	0	0	0	0	0	0	0	0	0	0	0	0	0	0	0	0	0	0	0	
1	1	1	421	12.63		300	0	0	0.02105	0.02105	-0.033966	0	0	0	152.263	152.263	7.16019e-06	0	0	0	4.38374	2.24216	0	2.14158		300	0.402016	0.0122831	0.0122831	-0.0245662	0	0	0	0.402016	0	-0.355028	-111.796	0	20.391	20.391	-1.5099e-14	5.32541	0	0	0	0	0	0	0	0	0	0	0	0	0	0	0	0	0	0	0	0	0	0	0	0	0	0	0	0	0	0	0	0	0	
1	1	1	422	12.66		300	0	0	0.0211	0.0211	-0.0340583	0	0	0	152.408	152.408	7.1607e-06	0	0	0	4.39897	2.2503	0	2.14867		300	0.403347	0.0123247	0.0123247	-0.0246495	0	0	0	0.403347	0	-0.355028	-111.796	0	20.391	20.391	-1.5099e-14	5.32541	0	0	0	0	0	0	0	0	0	0	0	0	0	0	0	0	0	0	0	0	0	0	0	0	0	0	0	0	0	0	0	0	0	
1	1	1	423	12.69		300	0	0	0.02115	0.02115	-0.0341506	0	0	0	152.552	152.552	7.1612e-06	0	0	0	4.41422	2.25846	0	2.15576		300	0.404678	0.0123664	0.0123664	-0.0247328	0	0	0	0.404678	0	-0.355028	-111.796	0	20.391	20.391	-1.5099e-14	5.32541	0	0	0	0	0	0	0	0	0	0	0	0	0	0	0	0	0	0	0	0	0	0	0	0	0	0	0	0	0	0	0	0	0	
1	1	1	424	12.72		300	0	0	0.0212	0.0212	-0.0342428	0	0	0	152.697	152.697	7.1617e-06	0	0	0	4.42948	2.26663	0	2.16285		300	0.406009	0.0124081	0.0124081	-0.0248162	0	0	0	0.406009	0	-0.355028	-111.796	0	20.391	20.391	-1.5099e-14	5.32541	0	0	0	0	0	0	0	0	0	0	0	0	0	0	0	0	0	0	0	0	0	0	0	0	0	0	0	0	0	0	0	0	0	
1	1	1	425	12.75		300	0	0	0.02125	0.02125	-0.0343351	0	0	0	152.841	152.841	7.16219e-06	0	0	0	4.44476	2.27481	0	2.16995		300	0.407341	0.0124498	0.0124498	-0.0248995	0	0	0	0.407341	0	-0.355028	-111.796	0	20.391	20.391	-1.5099e-14	5.32541	0	0	0	0	0	0	0	0	0	0	0	0	0	0	0	0	0	0	0	0	0	0	0	0	0	0	0	0	0	0	0	0	0	
1	1	1	426	12.78		300	0	0	0.0213	0.0213	-0.0344274	0	0	0	152.986	152.986	7.16267e-06	0	0	0	4.46005	2.28301	0	2.17704		300	0.408672	0.0124915	0.0124915	-0.0249829	0	0	0	0.408672	0	-0.355028	-111.796	0	20.391	20.391	-1.5099e-14	5.32541	0	0	0	0	0	0	0	0	0	0	0	0	0	0	0	0	0	0	0	0	0	0	0	0	0	0	0	0	0	0	0	0	0	
1	1	1	427	12.81		300	0	0	0.02135	0.02135	-0.0345197	0	0	0	153.13	153.13	7.16314e-06	0	0	0	4.47536	2.29122	0	2.18413		300	0.410003	0.0125331	0.0125331	-0.0250663	0	0	0	0.410003	0	-0.355028	-111.796	0	20.391	20.391	-1.5099e-14	5.32541	0	0	0	0	0	0	0	0	0	0	0	0	0	0	0	0	0	0	0	0	0	0	0	0	0	0	0	0	0	0	0	0	0	
1	1	1	428	12.84		300	0	0	0.0214	0.0214	-0.034612	0	0	0	153.274	153.274	7.16361e-06	0	0	0	4.49068	2.29945	0	2.19123		300	0.411335	0.0125748	0.0125748	-0.0251497	0	0	0	0.411335	0	-0.355028	-111.796	0	20.391	20.391	-1.5099e-14	5.32541	0	0	0	0	0	0	0	0	0	0	0	0	0	0	0	0	0	0	0	0	0	0	0	0	0	0	0	0	0	0	0	0	0	
1	1	1	429	12.87		300	0	0	0.02145	0.02145	-0.0347043	0	0	0	153.418	153.418	7.16406e-06	0	0	0	4.50601	2.30769	0	2.19832		300	0.412666	0.0126165	0.0126165	-0.0252331	0	0	0	0.412666	0	-0.355028	-111.796	0	20.391	20.391	-1.5099e-14	5.32541	0	0	0	0	0	0	0	0	0	0	0	0	0	0	0	0	0	0	0	0	0	0	0	0	0	0	0	0	0	0	0	0	0	
1	1	1	430	12.9		300	0	0	0.0215	0.0215	-0.0347966	0	0	0	153.562	153.562	7.16451e-06	0	0	0	4.52136	2.31595	0	2.20541		300	0.413998	0.0126583	0.0126583	-0.0253165	0	0	0	0.413998	0	-0.355028	-111.796	0	20.391	20.391	-1.5099e-14	5.32541	0	0	0	0	0	0	0	0	0	0	0	0	0	0	0	0	0	0	0	0	0	0	0	0	0	0	0	0	0	0	0	0	0	
1	1	1	431	12.93		300	0	0	0.02155	0.02155	-0.0348889	0	0	0	153.706	153.706	7.16496e-06	0	0	0	4.53672	2.32422	0	2.21251		300	0.41533	0.0127	0.0127	-0.0253999	0	0	0	0.41533	0	-0.355028	-111.796	0	20.391	20.391	-1.5099e-14	5.32541	0	0	0	0	0	0	0	0	0	0	0	0	0	0	0	0	0	0	0	0	0	0	0	0	0	0	0	0	0	0	0	0	0	
1	1	1	432	12.96		300	0	0	0.0216	0.0216	-0.0349812	0	0	0	153.85	153.85	7.16539e-06	0	0	0	4.5521	2.3325	0	2.2196		300	0.416661	0.0127417	0.0127417	-0.0254834	0	0	0	0.416661	0	-0.355028	-111.796	0	20.391	20.391	-1.5099e-14	5.32541	0	0	0	0	0	0	0	0	0	0	0	0	0	0	0	0	0	0	0	0	0	0	0	0	0	0	0	0	0	0	0	0	0	
1	1	1	433	12.99		300	0	0	0.02165	0.02165	-0.0350735	0	0	0	153.994	153.994	7.16582e-06	0	0	0	4.56749	2.3408	0	2.2267		300	0.417993	0.0127834	0.0127834	-0.0255668	0	0	0	0.417993	0	-0.355028	-111.796	0	20.391	20.391	-1.5099e-14	5.32541	0	0	0	0	0	0	0	0	0	0	0	0	0	0	0	0	0	0	0	0	0	0	0	0	0	0	0	0	0	0	0	0	0	
1	1	1	434	13.02		300	0	0	0.0217	0.0217	-0.0351659	0	0	0	154.138	154.138	7.16624e-06	0	0	0	4.5829	2.34911	0	2.23379		300	0.419325	0.0128251	0.0128251	-0.0256502	0	0	0	0.419325	0	-0.355028	-111.796	0	20.391	20.391	-1.5099e-14	5.32541	0	0	0	0	0	0	0	0	0	0	0	0	0	0	0	0	0	0	0	0	0	0	0	0	0	0	0	0	0	0	0	0	0	
1	1	1	435	13.05		300	0	0	0.02175	0.02175	-0.0352582	0	0	0	154.281	154.281	7.16665e-06	0	0	0	4.59832	2.35744	0	2.24089		300	0.420657	0.0128669	0.0128669	-0.0257337	0	0	0	0.420657	0	-0.355028	-111.796	0	20.391	20.391	-1.5099e-14	5.32541	0	0	0	0	0	0	0	0	0	0	0	0	0	0	0	0	0	0	0	0	0	0	0	0	0	0	0	0	0	0	0	0	0	
1	1	1	436	13.08		300	0	0	0.0218	0.0218	-0.0353505	0	0	0	154.425	154.425	7.16706e-06	0	0	0	4.61376	2.36577	0	2.24798		300	0.421988	0.0129086	0.0129086	-0.0258172	0	0	0	0.421988	0	-0.355028	-111.796	0	20.391	20.391	-1.5099e-14	5.32541	0	0	0	0	0	0	0	0	0	0	0	0	0	0	0	0	0	0	0	0	0	0	0	0	0	0	0	0	0	0	0	0	0	
1	1	1	437	13.11		300	0	0	0.02185	0.02185	-0.0354428	0	0	0	154.569	154.569	7.16745e-06	0	0	0	4.62921	2.37413	0	2.25508		300	0.42332	0.0129503	0.0129503	-0.0259006	0	0	0	0.42332	0	-0.355028	-111.796	0	20.391	20.391	-1.5099e-14	5.32541	0	0	0	0	0	0	0	0	0	0	0	0	0	0	0	0	0	0	0	0	0	0	0	0	0	0	0	0	0	0	0	0	0	
1	1	1	438	13.14		300	0	0	0.0219	0.0219	-0.0355352	0	0	0	154.712	154.712	7.16785e-06	0	0	0	4.64467	2.3825	0	2.26217		300	0.424652	0.0129921	0.0129921	-0.0259841	0	0	0	0.424652	0	-0.355028	-111.796	0	20.391	20.391	-1.5099e-14	5.32541	0	0	0	0	0	0	0	0	0	0	0	0	0	0	0	0	0	0	0	0	0	0	0	0	0	0	0	0	0	0	0	0	0	
1	1	1	439	13.17		300	0	0	0.02195	0.02195	-0.0356275	0	0	0	154.855	154.855	7.16823e-06	0	0	0	4.66015	2.39088	0	2.26927		300	0.425984	0.0130338	0.0130338	-0.0260676	0	0	0	0.425984	0	-0.355028	-111.796	0	20.391	20.391	-1.5099e-14	5.32541	0	0	0	0	0	0	0	0	0	0	0	0	0	0	0	0	0	0	0	0	0	0	0	0	0	0	0	0	0	0	0	0	0	
1	1	1	440	13.2		300	0	0	0.022	0.022	-0.0357199	0	0	0	154.999	154.999	7.16861e-06	0	0	0	4.67564	2.39928	0	2.27636		300	0.427316	0.0130756	0.0130756	-0.0261511	0	0	0	0.427316	0	-0.355028	-111.796	0	20.391	20.391	-1.5099e-14	5.32541	0	0	0	0	0	0	0	0	0	0	0	0	0	0	0	0	0	0	0	0	0	0	0	0	0	0	0	0	0	0	0	0	0	
1	1	1	441	13.23		300	0	0	0.02205	0.02205	-0.0358122	0	0	0	155.142	155.142	7.16898e-06	0	0	0	4.69115	2.40769	0	2.28346		300	0.428649	0.0131173	0.0131173	-0.0262346	0	0	0	0.428649	0	-0.355028	-111.796	0	20.391	20.391	-1.5099e-14	5.32541	0	0	0	0	0	0	0	0	0	0	0	0	0	0	0	0	0	0	0	0	0	0	0	0	0	0	0	0	0	0	0	0	0	
1	1	1	442	13.26		300	0	0	0.0221	0.0221	-0.0359046	0	0	0	155.285	155.285	7.16934e-06	0	0	0	4.70667	2.41611	0	2.29056		300	0.429981	0.0131591	0.0131591	-0.0263181	0	0	0	0.429981	0	-0.355028	-111.796	0	20.391	20.391	-1.5099e-14	5.32541	0	0	0	0	0	0	0	0	0	0	0	0	0	0	0	0	0	0	0	0	0	0	0	0	0	0	0	0	0	0	0	0	0	
1	1	1	443	13.29		300	0	0	0.02215	0.02215	-0.0359969	0	0	0	155.428	155.428	7.1697e-06	0	0	0	4.7222	2.42455	0	2.29766		300	0.431313	0.0132008	0.0132008	-0.0264016	0	0	0	0.431313	0	-0.355028	-111.796	0	20.391	20.391	-1.5099e-14	5.32541	0	0	0	0	0	0	0	0	0	0	0	0	0	0	0	0	0	0	0	0	0	0	0	0	0	0	0	0	0	0	0	0	0	
1	1	1	444	13.32		300	0	0	0.0222	0.0222	-0.0360893	0	0	0	155.571	155.571	7.17005e-06	0	0	0	4.73775	2.433	0	2.30475		300	0.432645	0.0132426	0.0132426	-0.0264852	0	0	0	0.432645	0	-0.355028	-111.796	0	20.391	20.391	-1.5099e-14	5.32541	0	0	0	0	0	0	0	0	0	0	0	0	0	0	0	0	0	0	0	0	0	0	0	0	0	0	0	0	0	0	0	0	0	
1	1	1	445	13.35		300	0	0	0.02225	0.02225	-0.0361816	0	0	0	155.714	155.714	7.17039e-06	0	0	0	4.75332	2.44147	0	2.31185		300	0.433977	0.0132844	0.0132844	-0.0265687	0	0	0	0.433977	0	-0.355028	-111.796	0	20.391	20.391	-1.5099e-14	5.32541	0	0	0	0	0	0	0	0	0	0	0	0	0	0	0	0	0	0	0	0	0	0	0	0	0	0	0	0	0	0	0	0	0	
1	1	1	446	13.38		300	0	0	0.0223	0.0223	-0.036274	0	0	0	155.857	155.857	7.17073e-06	0	0	0	4.7689	2.44995	0	2.31895		300	0.435309	0.0133261	0.0133261	-0.0266522	0	0	0	0.435309	0	-0.355028	-111.796	0	20.391	20.391	-1.5099e-14	5.32541	0	0	0	0	0	0	0	0	0	0	0	0	0	0	0	0	0	0	0	0	0	0	0	0	0	0	0	0	0	0	0	0	0	
1	1	1	447	13.41		300	0	0	0.02235	0.02235	-0.0363664	0	0	0	156	156	7.17106e-06	0	0	0	4.78449	2.45845	0	2.32604		300	0.436642	0.0133679	0.0133679	-0.0267358	0	0	0	0.436642	0	-0.355028	-111.796	0	20.391	20.391	-1.5099e-14	5.32541	0	0	0	0	0	0	0	0	0	0	0	0	0	0	0	0	0	0	0	0	0	0	0	0	0	0	0	0	0	0	0	0	0	
1	1	1	448	13.44		300	0	0	0.0224	0.0224	-0.0364587	0	0	0	156.143	156.143	7.17138e-06	0	0	0	4.8001	2.46696	0	2.33314		300	0.437974	0.0134097	0.0134097	-0.0268193	0	0	0	0.437974	0	-0.355028	-111.796	0	20.391	20.391	-1.5099e-14	5.32541	0	0	0	0	0	0	0	0	0	0	0	0	0	0	0	0	0	0	0	0	0	0	0	0	0	0	0	0	0	0	0	0	0	
1	1	1	449	13.47		300	0	0	0.02245	0.02245	-0.0365511	0	0	0	156.286	156.286	7.1717e-06	0	0	0	4.81572	2.47548	0	2.34024		300	0.439306	0.0134515	0.0134515	-0.0269029	0	0	0	0.439306	0	-0.355028	-111.796	0	20.391	20.391	-1.5099e-14	5.32541	0	0	0	0	0	0	0	0	0	0	0	0	0	0	0	0	0	0	0	0	0	0	0	0	0	0	0	0	0	0	0	0	0	
1	1	1	450	13.5		300	0	0	0.0225	0.0225	-0.0366435	0	0	0	156.428	156.428	7.17201e-06	0	0	0	4.83135	2.48402	0	2.34734		300	0.440639	0.0134932	0.0134932	-0.0269865	0	0	0	0.440639	0	-0.355028	-111.796	0	20.391	20.391	-1.5099e-14	5.32541	0	0	0	0	0	0	0	0	0	0	0	0	0	0	0	0	0	0	0	0	0	0	0	0	0	0	0	0	0	0	0	0	0	
1	1	1	451	13.53		300	0	0	0.02255	0.02255	-0.0367359	0	0	0	156.571	156.571	7.17232e-06	0	0	0	4.847	2.49257	0	2.35444		300	0.441971	0.013535	0.013535	-0.02707	0	0	0	0.441971	0	-0.355028	-111.796	0	20.391	20.391	-1.5099e-14	5.32541	0	0	0	0	0	0	0	0	0	0	0	0	0	0	0	0	0	0	0	0	0	0	0	0	0	0	0	0	0	0	0	0	0	
1	1	1	452	13.56		300	0	0	0.0226	0.0226	-0.0368283	0	0	0	156.714	156.714	7.17262e-06	0	0	0	4.86267	2.50114	0	2.36153		300	0.443303	0.0135768	0.0135768	-0.0271536	0	0	0	0.443303	0	-0.355028	-111.796	0	20.391	20.391	-1.5099e-14	5.32541	0	0	0	0	0	0	0	0	0	0	0	0	0	0	0	0	0	0	0	0	0	0	0	0	0	0	0	0	0	0	0	0	0	
1	1	1	453	13.59		300	0	0	0.02265	0.02265	-0.0369206	0	0	0	156.856	156.856	7.17291e-06	0	0	0	4.87835	2.50972	0	2.36863		300	0.444636	0.0136186	0.0136186	-0.0272372	0	0	0	0.444636	0	-0.355028	-111.796	0	20.391	20.391	-1.5099e-14	5.32541	0	0	0	0	0	0	0	0	0	0	0	0	0	0	0	0	0	0	0	0	0	0	0	0	0	0	0	0	0	0	0	0	0	
1	1	1	454	13.62		300	0	0	0.0227	0.0227	-0.037013	0	0	0	156.999	156.999	7.17319e-06	0	0	0	4.89404	2.51831	0	2.37573		300	0.445968	0.0136604	0.0136604	-0.0273208	0	0	0	0.445968	0	-0.355028	-111.796	0	20.391	20.391	-1.5099e-14	5.32541	0	0	0	0	0	0	0	0	0	0	0	0	0	0	0	0	0	0	0	0	0	0	0	0	0	0	0	0	0	0	0	0	0	
1	1	1	455	13.65		300	0	0	0.02275	0.02275	-0.0371054	0	0	0	157.141	157.141	7.17347e-06	0	0	0	4.90975	2.52692	0	2.38283		300	0.4473	0.0137022	0.0137022	-0.0274044	0	0	0	0.4473	0	-0.355028	-111.796	0	20.391	20.391	-1.5099e-14	5.32541	0	0	0	0	0	0	0	0	0	0	0	0	0	0	0	0	0	0	0	0	0	0	0	0	0	0	0	0	0	0	0	0	0	
1	1	1	456	13.68		300	0	0	0.0228	0.0228	-0.0371978	0	0	0	157.283	157.283	7.17375e-06	0	0	0	4.92547	2.53554	0	2.38993		300	0.448633	0.013744	0.013744	-0.027488	0	0	0	0.448633	0	-0.355028	-111.796	0	20.391	20.391	-1.5099e-14	5.32541	0	0	0	0	0	0	0	0	0	0	0	0	0	0	0	0	0	0	0	0	0	0	0	0	0	0	0	0	0	0	0	0	0	
1	1	1	457	13.71		300	0	0	0.02285	0.02285	-0.0372902	0	0	0	157.426	157.426	7.17402e-06	0	0	0	4.9412	2.54418	0	2.39702		300	0.449965	0.0137858	0.0137858	-0.0275716	0	0	0	0.449965	0	-0.355028	-111.796	0	20.391	20.391	-1.5099e-14	5.32541	0	0	0	0	0	0	0	0	0	0	0	0	0	0	0	0	0	0	0	0	0	0	0	0	0	0	0	0	0	0	0	0	0	
1	1	1	458	13.74		300	0	0	0.0229	0.0229	-0.0373826	0	0	0	157.568	157.568	7.17428e-06	0	0	0	4.95695	2.55283	0	2.40412		300	0.451298	0.0138276	0.0138276	-0.0276552	0	0	0	0.451298	0	-0.355028	-111.796	0	20.391	20.391	-1.5099e-14	5.32541	0	0	0	0	0	0	0	0	0	0	0	0	0	0	0	0	0	0	0	0	0	0	0	0	0	0	0	0	0	0	0	0	0	
1	1	1	459	13.77		300	0	0	0.02295	0.02295	-0.037475	0	0	0	157.71	157.71	7.17454e-06	0	0	0	4.97272	2.5615	0	2.41122		300	0.45263	0.0138694	0.0138694	-0.0277388	0	0	0	0.45263	0	-0.355028	-111.796	0	20.391	20.391	-1.5099e-14	5.32541	0	0	0	0	0	0	0	0	0	0	0	0	0	0	0	0	0	0	0	0	0	0	0	0	0	0	0	0	0	0	0	0	0	
1	1	1	460	13.8		300	0	0	0.023	0.023	-0.0375674	0	0	0	157.853	157.853	7.17479e-06	0	0	0	4.9885	2.57018	0	2.41832		300	0.453962	0.0139112	0.0139112	-0.0278225	0	0	0	0.453962	0	-0.355028	-111.796	0	20.391	20.391	-1.5099e-14	5.32541	0	0	0	0	0	0	0	0	0	0	0	0	0	0	0	0	0	0	0	0	0	0	0	0	0	0	0	0	0	0	0	0	0	
1	1	1	461	13.83		300	0	0	0.02305	0.02305	-0.0376598	0	0	0	157.995	157.995	7.17503e-06	0	0	0	5.00429	2.57887	0	2.42542		300	0.455295	0.013953	0.013953	-0.0279061	0	0	0	0.455295	0	-0.355028	-111.796	0	20.391	20.391	-1.5099e-14	5.32541	0	0	0	0	0	0	0	0	0	0	0	0	0	0	0	0	0	0	0	0	0	0	0	0	0	0	0	0	0	0	0	0	0	
1	1	1	462	13.86		300	0	0	0.0231	0.0231	-0.0377522	0	0	0	158.137	158.137	7.17527e-06	0	0	0	5.02009	2.58758	0	2.43251		300	0.456627	0.0139949	0.0139949	-0.0279897	0	0	0	0.456627	0	-0.355028	-111.796	0	20.391	20.391	-1.5099e-14	5.32541	0	0	0	0	0	0	0	0	0	0	0	0	0	0	0	0	0	0	0	0	0	0	0	0	0	0	0	0	0	0	0	0	0	
1	1	1	463	13.89		300	0	0	0.02315	0.02315	-0.0378446	0	0	0	158.279	158.279	7.17551e-06	0	0	0	5.03592	2.5963	0	2.43961		300	0.45796	0.0140367	0.0140367	-0.0280733	0	0	0	0.45796	0	-0.355028	-111.796	0	20.391	20.391	-1.5099e-14	5.32541	0	0	0	0	0	0	0	0	0	0	0	0	0	0	0	0	0	0	0	0	0	0	0	0	0	0	0	0	0	0	0	0	0	
1	1	1	464	13.92		300	0	0	0.0232	0.0232	-0.037937	0	0	0	158.421	158.421	7.17574e-06	0	0	0	5.05175	2.60504	0	2.44671		300	0.459292	0.0140785	0.0140785	-0.028157	0	0	0	0.459292	0	-0.355028	-111.796	0	20.391	20.391	-1.5099e-14	5.32541	0	0	0	0	0	0	0	0	0	0	0	0	0	0	0	0	0	0	0	0	0	0	0	0	0	0	0	0	0	0	0	0	0	
1	1	1	465	13.95		300	0	0	0.02325	0.02325	-0.0380294	0	0	0	158.563	158.563	7.17596e-06	0	0	0	5.0676	2.61379	0	2.45381		300	0.460624	0.0141203	0.0141203	-0.0282406	0	0	0	0.460624	0	-0.355028	-111.796	0	20.391	20.391	-1.5099e-14	5.32541	0	0	0	0	0	0	0	0	0	0	0	0	0	0	0	0	0	0	0	0	0	0	0	0	0	0	0	0	0	0	0	0	0	
1	1	1	466	13.98		300	0	0	0.0233	0.0233	-0.0381219	0	0	0	158.705	158.705	7.17618e-06	0	0	0	5.08346	2.62256	0	2.46091		300	0.461956	0.0141621	0.0141621	-0.0283243	0	0	0	0.461956	0	-0.355028	-111.796	0	20.391	20.391	-1.5099e-14	5.32541	0	0	0	0	0	0	0	0	0	0	0	0	0	0	0	0	0	0	0	0	0	0	0	0	0	0	0	0	0	0	0	0	0	
1	1	1	467	14.01		300	0	0	0.02335	0.02335	-0.0382143	0	0	0	158.847	158.847	7.17639e-06	0	0	0	5.09934	2.63134	0	2.468		300	0.463289	0.014204	0.014204	-0.0284079	0	0	0	0.463289	0	-0.355028	-111.796	0	20.391	20.391	-1.5099e-14	5.32541	0	0	0	0	0	0	0	0	0	0	0	0	0	0	0	0	0	0	0	0	0	0	0	0	0	0	0	0	0	0	0	0	0	
1	1	1	468	14.04		300	0	0	0.0234	0.0234	-0.0383067	0	0	0	158.989	158.989	7.17659e-06	0	0	0	5.11523	2.64013	0	2.4751		300	0.464621	0.0142458	0.0142458	-0.0284916	0	0	0	0.464621	0	-0.355028	-111.796	0	20.391	20.391	-1.5099e-14	5.32541	0	0	0	0	0	0	0	0	0	0	0	0	0	0	0	0	0	0	0	0	0	0	0	0	0	0	0	0	0	0	0	0	0	
1	1	1	469	14.07		300	0	0	0.02345	0.02345	-0.0383991	0	0	0	159.131	159.131	7.1768e-06	0	0	0	5.13114	2.64894	0	2.4822		300	0.465953	0.0142876	0.0142876	-0.0285752	0	0	0	0.465953	0	-0.355028	-111.796	0	20.391	20.391	-1.5099e-14	5.32541	0	0	0	0	0	0	0	0	0	0	0	0	0	0	0	0	0	0	0	0	0	0	0	0	0	0	0	0	0	0	0	0	0	
1	1	1	470	14.1		300	0	0	0.0235	0.0235	-0.0384915	0	0	0	159.273	159.273	7.17699e-06	0	0	0	5.14706	2.65776	0	2.4893		300	0.467286	0.0143295	0.0143295	-0.0286589	0	0	0	0.467286	0	-0.355028	-111.796	0	20.391	20.391	-1.5099e-14	5.32541	0	0	0	0	0	0	0	0	0	0	0	0	0	0	0	0	0	0	0	0	0	0	0	0	0	0	0	0	0	0	0	0	0	
1	1	1	471	14.13		300	0	0	0.02355	0.02355	-0.038584	0	0	0	159.415	159.415	7.17718e-06	0	0	0	5.16299	2.6666	0	2.49639		300	0.468618	0.0143713	0.0143713	-0.0287426	0	0	0	0.468618	0	-0.355028	-111.796	0	20.391	20.391	-1.5099e-14	5.32541	0	0	0	0	0	0	0	0	0	0	0	0	0	0	0	0	0	0	0	0	0	0	0	0	0	0	0	0	0	0	0	0	0	
1	1	1	472	14.16		300	0	0	0.0236	0.0236	-0.0386764	0	0	0	159.557	159.557	7.17737e-06	0	0	0	5.17894	2.67545	0	2.50349		300	0.46995	0.0144131	0.0144131	-0.0288262	0	0	0	0.46995	0	-0.355028	-111.796	0	20.391	20.391	-1.5099e-14	5.32541	0	0	0	0	0	0	0	0	0	0	0	0	0	0	0	0	0	0	0	0	0	0	0	0	0	0	0	0	0	0	0	0	0	
1	1	1	473	14.19		300	0	0	0.02365	0.02365	-0.0387688	0	0	0	159.698	159.698	7.17755e-06	0	0	0	5.1949	2.68432	0	2.51059		300	0.471282	0.014455	0.014455	-0.0289099	0	0	0	0.471282	0	-0.355028	-111.796	0	20.391	20.391	-1.5099e-14	5.32541	0	0	0	0	0	0	0	0	0	0	0	0	0	0	0	0	0	0	0	0	0	0	0	0	0	0	0	0	0	0	0	0	0	
1	1	1	474	14.22		300	0	0	0.0237	0.0237	-0.0388612	0	0	0	159.84	159.84	7.17772e-06	0	0	0	5.21088	2.6932	0	2.51768		300	0.472614	0.0144968	0.0144968	-0.0289936	0	0	0	0.472614	0	-0.355028	-111.796	0	20.391	20.391	-1.5099e-14	5.32541	0	0	0	0	0	0	0	0	0	0	0	0	0	0	0	0	0	0	0	0	0	0	0	0	0	0	0	0	0	0	0	0	0	
1	1	1	475	14.25		300	0	0	0.02375	0.02375	-0.0389537	0	0	0	159.982	159.982	7.17789e-06	0	0	0	5.22687	2.70209	0	2.52478		300	0.473946	0.0145386	0.0145386	-0.0290773	0	0	0	0.473946	0	-0.355028	-111.796	0	20.391	20.391	-1.5099e-14	5.32541	0	0	0	0	0	0	0	0	0	0	0	0	0	0	0	0	0	0	0	0	0	0	0	0	0	0	0	0	0	0	0	0	0	
1	1	1	476	14.28		300	0	0	0.0238	0.0238	-0.0390461	0	0	0	160.124	160.124	7.17805e-06	0	0	0	5.24288	2.711	0	2.53188		300	0.475278	0.0145805	0.0145805	-0.0291609	0	0	0	0.475278	0	-0.355028	-111.796	0	20.391	20.391	-1.5099e-14	5.32541	0	0	0	0	0	0	0	0	0	0	0	0	0	0	0	0	0	0	0	0	0	0	0	0	0	0	0	0	0	0	0	0	0	
1	1	1	477	14.31		300	0	0	0.02385	0.02385	-0.0391385	0	0	0	160.265	160.265	7.17821e-06	0	0	0	5.2589	2.71992	0	2.53897		300	0.47661	0.0146223	0.0146223	-0.0292446	0	0	0	0.47661	0	-0.355028	-111.796	0	20.391	20.391	-1.5099e-14	5.32541	0	0	0	0	0	0	0	0	0	0	0	0	0	0	0	0	0	0	0	0	0	0	0	0	0	0	0	0	0	0	0	0	0	
1	1	1	478	14.34		300	0	0	0.0239	0.0239	-0.0392309	0	0	0	160.407	160.407	7.17837e-06	0	0	0	5.27493	2.72886	0	2.54607		300	0.477942	0.0146642	0.0146642	-0.0293283	0	0	0	0.477942	0	-0.355028	-111.796	0	20.391	20.391	-1.5099e-14	5.32541	0	0	0	0	0	0	0	0	0	0	0	0	0	0	0	0	0	0	0	0	0	0	0	0	0	0	0	0	0	0	0	0	0	
1	1	1	479	14.37		300	0	0	0.02395	0.02395	-0.0393234	0	0	0	160.549	160.549	7.17852e-06	0	0	0	5.29098	2.73781	0	2.55316		300	0.479274	0.014706	0.014706	-0.029412	0	0	0	0.479274	0	-0.355028	-111.796	0	20.391	20.391	-1.5099e-14	5.32541	0	0	0	0	0	0	0	0	0	0	0	0	0	0	0	0	0	0	0	0	0	0	0	0	0	0	0	0	0	0	0	0	0	
1	1	1	480	14.4		300	0	0	0.024	0.024	-0.0394158	0	0	0	160.69	160.69	7.17866e-06	0	0	0	5.30704	2.74678	0	2.56026		300	0.480606	0.0147478	0.0147478	-0.0294957	0	0	0	0.480606	0	-0.355028	-111.796	0	20.391	20.391	-1.5099e-14	5.32541	0	0	0	0	0	0	0	0	0	0	0	0	0	0	0	0	0	0	0	0	0	0	0	0	0	0	0	0	0	0	0	0	0	
1	1	1	481	14.43		300	0	0	0.02405	0.02405	-0.0395082	0	0	0	160.832	160.832	7.1788e-06	0	0	0	5.32312	2.75576	0	2.56736		300	0.481938	0.0147897	0.0147897	-0.0295794	0	0	0	0.481938	0	-0.355028	-111.796	0	20.391	20.391	-1.5099e-14	5.32541	0	0	0	0	0	0	0	0	0	0	0	0	0	0	0	0	0	0	0	0	0	0	0	0	0	0	0	0	0	0	0	0	0	
1	1	1	482	14.46		300	0	0	0.0241	0.0241	-0.0396007	0	0	0	160.974	160.974	7.17894e-06	0	0	0	5.33921	2.76476	0	2.57445		300	0.48327	0.0148315	0.0148315	-0.0296631	0	0	0	0.48327	0	-0.355028	-111.796	0	20.391	20.391	-1.5099e-14	5.32541	0	0	0	0	0	0	0	0	0	0	0	0	0	0	0	0	0	0	0	0	0	0	0	0	0	0	0	0	0	0	0	0	0	
1	1	1	483	14.49		300	0	0	0.02415	0.02415	-0.0396931	0	0	0	161.115	161.115	7.17907e-06	0	0	0	5.35531	2.77377	0	2.58154		300	0.484601	0.0148734	0.0148734	-0.0297467	0	0	0	0.484601	0	-0.355028	-111.796	0	20.391	20.391	-1.5099e-14	5.32541	0	0	0	0	0	0	0	0	0	0	0	0	0	0	0	0	0	0	0	0	0	0	0	0	0	0	0	0	0	0	0	0	0	
1	1	1	484	14.52		300	0	0	0.0242	0.0242	-0.0397855	0	0	0	161.257	161.257	7.17919e-06	0	0	0	5.37143	2.78279	0	2.58864		300	0.485933	0.0149152	0.0149152	-0.0298304	0	0	0	0.485933	0	-0.355028	-111.796	0	20.391	20.391	-1.5099e-14	5.32541	0	0	0	0	0	0	0	0	0	0	0	0	0	0	0	0	0	0	0	0	0	0	0	0	0	0	0	0	0	0	0	0	0	
1	1	1	485	14.55		300	0	0	0.02425	0.02425	-0.039878	0	0	0	161.399	161.399	7.17931e-06	0	0	0	5.38756	2.79183	0	2.59573		300	0.487265	0.0149571	0.0149571	-0.0299141	0	0	0	0.487265	0	-0.355028	-111.796	0	20.391	20.391	-1.5099e-14	5.32541	0	0	0	0	0	0	0	0	0	0	0	0	0	0	0	0	0	0	0	0	0	0	0	0	0	0	0	0	0	0	0	0	0	
1	1	1	486	14.58		300	0	0	0.0243	0.0243	-0.0399704	0	0	0	161.54	161.54	7.17943e-06	0	0	0	5.40371	2.80088	0	2.60283		300	0.488596	0.0149989	0.0149989	-0.0299978	0	0	0	0.488596	0	-0.355028	-111.796	0	20.391	20.391	-1.5099e-14	5.32541	0	0	0	0	0	0	0	0	0	0	0	0	0	0	0	0	0	0	0	0	0	0	0	0	0	0	0	0	0	0	0	0	0	
1	1	1	487	14.61		300	0	0	0.02435	0.02435	-0.0400629	0	0	0	161.682	161.682	7.17954e-06	0	0	0	5.41987	2.80995	0	2.60992		300	0.489928	0.0150408	0.0150408	-0.0300815	0	0	0	0.489928	0	-0.355028	-111.796	0	20.391	20.391	-1.5099e-14	5.32541	0	0	0	0	0	0	0	0	0	0	0	0	0	0	0	0	0	0	0	0	0	0	0	0	0	0	0	0	0	0	0	0	0	
1	1	1	488	14.64		300	0	0	0.0244	0.0244	-0.0401553	0	0	0	161.823	161.823	7.17964e-06	0	0	0	5.43605	2.81903	0	2.61701		300	0.491259	0.0150826	0.0150826	-0.0301652	0	0	0	0.491259	0	-0.355028	-111.796	0	20.391	20.391	-1.5099e-14	5.32541	0	0	0	0	0	0	0	0	0	0	0	0	0	0	0	0	0	0	0	0	0	0	0	0	0	0	0	0	0	0	0	0	0	
1	1	1	489	14.67		300	0	0	0.02445	0.02445	-0.0402477	0	0	0	161.965	161.965	7.17974e-06	0	0	0	5.45224	2.82813	0	2.62411		300	0.492591	0.0151245	0.0151245	-0.0302489	0	0	0	0.492591	0	-0.355028	-111.796	0	20.391	20.391	-1.5099e-14	5.32541	0	0	0	0	0	0	0	0	0	0	0	0	0	0	0	0	0	0	0	0	0	0	0	0	0	0	0	0	0	0	0	0	0	
1	1	1	490	14.7		300	0	0	0.0245	0.0245	-0.0403402	0	0	0	162.106	162.106	7.17984e-06	0	0	0	5.46844	2.83724	0	2.6312		300	0.493922	0.0151663	0.0151663	-0.0303326	0	0	0	0.493922	0	-0.355028	-111.796	0	20.391	20.391	-1.5099e-14	5.32541	0	0	0	0	0	0	0	0	0	0	0	0	0	0	0	0	0	0	0	0	0	0	0	0	0	0	0	0	0	0	0	0	0	
1	1	1	491	14.73		300	0	0	0.02455	0.02455	-0.0404326	0	0	0	162.248	162.248	7.17993e-06	0	0	0	5.48466	2.84636	0	2.63829		300	0.495253	0.0152082	0.0152082	-0.0304163	0	0	0	0.495253	0	-0.355028	-111.796	0	20.391	20.391	-1.5099e-14	5.32541	0	0	0	0	0	0	0	0	0	0	0	0	0	0	0	0	0	0	0	0	0	0	0	0	0	0	0	0	0	0	0	0	0	
1	1	1	492	14.76		300	0	0	0.0246	0.0246	-0.040525	0	0	0	162.39	162.39	7.18002e-06	0	0	0	5.50089	2.85551	0	2.64538		300	0.496584	0.01525	0.01525	-0.0305	0	0	0	0.496584	0	-0.355028	-111.796	0	20.391	20.391	-1.5099e-14	5.32541	0	0	0	0	0	0	0	0	0	0	0	0	0	0	0	0	0	0	0	0	0	0	0	0	0	0	0	0	0	0	0	0	0	
1	1	1	493	14.79		300	0	0	0.02465	0.02465	-0.0406175	0	0	0	162.531	162.531	7.1801e-06	0	0	0	5.51713	2.86466	0	2.65247		300	0.497915	0.0152919	0.0152919	-0.0305837	0	0	0	0.497915	0	-0.355028	-111.796	0	20.391	20.391	-1.5099e-14	5.32541	0	0	0	0	0	0	0	0	0	0	0	0	0	0	0	0	0	0	0	0	0	0	0	0	0	0	0	0	0	0	0	0	0	
1	1	1	494	14.82		300	0	0	0.0247	0.0247	-0.0407099	0	0	0	162.673	162.673	7.18018e-06	0	0	0	5.53339	2.87383	0	2.65957		300	0.499246	0.0153337	0.0153337	-0.0306674	0	0	0	0.499246	0	-0.355028	-111.796	0	20.391	20.391	-1.5099e-14	5.32541	0	0	0	0	0	0	0	0	0	0	0	0	0	0	0	0	0	0	0	0	0	0	0	0	0	0	0	0	0	0	0	0	0	
1	1	1	495	14.85		300	0	0	0.02475	0.02475	-0.0408024	0	0	0	162.814	162.814	7.18026e-06	0	0	0	5.54967	2.88301	0	2.66666		300	0.500577	0.0153756	0.0153756	-0.0307511	0	0	0	0.500577	0	-0.355028	-111.796	0	20.391	20.391	-1.5099e-14	5.32541	0	0	0	0	0	0	0	0	0	0	0	0	0	0	0	0	0	0	0	0	0	0	0	0	0	0	0	0	0	0	0	0	0	
1	1	1	496	14.88		300	0	0	0.0248	0.0248	-0.0408948	0	0	0	162.956	162.956	7.18033e-06	0	0	0	5.56596	2.89221	0	2.67375		300	0.501908	0.0154174	0.0154174	-0.0308348	0	0	0	0.501908	0	-0.355028	-111.796	0	20.391	20.391	-1.5099e-14	5.32541	0	0	0	0	0	0	0	0	0	0	0	0	0	0	0	0	0	0	0	0	0	0	0	0	0	0	0	0	0	0	0	0	0	
1	1	1	497	14.91		300	0	0	0.02485	0.02485	-0.0409872	0	0	0	163.097	163.097	7.18039e-06	0	0	0	5.58226	2.90142	0	2.68084		300	0.503239	0.0154593	0.0154593	-0.0309185	0	0	0	0.503239	0	-0.355028	-111.796	0	20.391	20.391	-1.5099e-14	5.32541	0	0	0	0	0	0	0	0	0	0	0	0	0	0	0	0	0	0	0	0	0	0	0	0	0	0	0	0	0	0	0	0	0	
1	1	1	498	14.94		300	0	0	0.0249	0.0249	-0.0410797	0	0	0	163.239	163.239	7.18045e-06	0	0	0	5.59858	2.91065	0	2.68793		300	0.50457	0.0155011	0.0155011	-0.0310022	0	0	0	0.50457	0	-0.355028	-111.796	0	20.391	20.391	-1.5099e-14	5.32541	0	0	0	0	0	0	0	0	0	0	0	0	0	0	0	0	0	0	0	0	0	0	0	0	0	0	0	0	0	0	0	0	0	
1	1	1	499	14.97		300	0	0	0.02495	0.02495	-0.0411721	0	0	0	163.38	163.38	7.18051e-06	0	0	0	5.61491	2.91989	0	2.69501		300	0.5059	0.015543	0.015543	-0.0310859	0	0	0	0.5059	0	-0.355028	-111.796	0	20.391	20.391	-1.5099e-14	5.32541	0	0	0	0	0	0	0	0	0	0	0	0	0	0	0	0	0	0	0	0	0	0	0	0	0	0	0	0	0	0	0	0	0	
1	1	1	500	15		300	0	0	0.025	0.025	-0.0412645	0	0	0	163.522	163.522	7.18056e-06	0	0	0	5.63125	2.92915	0	2.7021		300	0.507231	0.0155848	0.0155848	-0.0311696	0	0	0	0.507231	0	-0.355028	-111.796	0	20.391	20.391	-1.5099e-14	5.32541	0	0	0	0	0	0	0	0	0	0	0	0	0	0	0	0	0	0	0	0	0	0	0	0	0	0	0	0	0	0	0	0	0	
1	1	1	501	15.03		300	0	0	0.02505	0.02505	-0.041357	0	0	0	163.664	163.664	7.18061e-06	0	0	0	5.64761	2.93842	0	2.70919		300	0.508561	0.0156266	0.0156266	-0.0312533	0	0	0	0.508561	0	-0.355028	-111.796	0	20.391	20.391	-1.5099e-14	5.32541	0	0	0	0	0	0	0	0	0	0	0	0	0	0	0	0	0	0	0	0	0	0	0	0	0	0	0	0	0	0	0	0	0	
1	1	1	502	15.06		300	0	0	0.0251	0.0251	-0.0414494	0	0	0	163.805	163.805	7.18065e-06	0	0	0	5.66399	2.94771	0	2.71628		300	0.509892	0.0156685	0.0156685	-0.031337	0	0	0	0.509892	0	-0.355028	-111.796	0	20.391	20.391	-1.5099e-14	5.32541	0	0	0	0	0	0	0	0	0	0	0	0	0	0	0	0	0	0	0	0	0	0	0	0	0	0	0	0	0	0	0	0	0	
1	1	1	503	15.09		300	0	0	0.02515	0.02515	-0.0415418	0	0	0	163.947	163.947	7.18069e-06	0	0	0	5.68037	2.95701	0	2.72337		300	0.511222	0.0157103	0.0157103	-0.0314207	0	0	0	0.511222	0	-0.355028	-111.796	0	20.391	20.391	-1.5099e-14	5.32541	0	0	0	0	0	0	0	0	0	0	0	0	0	0	0	0	0	0	0	0	0	0	0	0	0	0	0	0	0	0	0	0	0	
1	1	1	504	15.12		300	0	0	0.0252	0.0252	-0.0416343	0	0	0	164.089	164.089	7.18073e-06	0	0	0	5.69678	2.96632	0	2.73045		300	0.512552	0.0157522	0.0157522	-0.0315044	0	0	0	0.512552	0	-0.355028	-111.796	0	20.391	20.391	-1.5099e-14	5.32541	0	0	0	0	0	0	0	0	0	0	0	0	0	0	0	0	0	0	0	0	0	0	0	0	0	0	0	0	0	0	0	0	0	
1	1	1	505	15.15		300	0	0	0.02525	0.02525	-0.0417267	0	0	0	164.23	164.23	7.18076e-06	0	0	0	5.71319	2.97565	0	2.73754		300	0.513882	0.015794	0.015794	-0.0315881	0	0	0	0.513882	0	-0.355028	-111.796	0	20.391	20.391	-1.5099e-14	5.32541	0	0	0	0	0	0	0	0	0	0	0	0	0	0	0	0	0	0	0	0	0	0	0	0	0	0	0	0	0	0	0	0	0	
1	1	1	506	15.18		300	0	0	0.0253	0.0253	-0.0418191	0	0	0	164.372	164.372	7.18078e-06	0	0	0	5.72962	2.985	0	2.74462		300	0.515212	0.0158359	0.0158359	-0.0316717	0	0	0	0.515212	0	-0.355028	-111.796	0	20.391	20.391	-1.5099e-14	5.32541	0	0	0	0	0	0	0	0	0	0	0	0	0	0	0	0	0	0	0	0	0	0	0	0	0	0	0	0	0	0	0	0	0	
1	1	1	507	15.21		300	0	0	0.02535	0.02535	-0.0419116	0	0	0	164.514	164.514	7.18081e-06	0	0	0	5.74607	2.99436	0	2.75171		300	0.516542	0.0158777	0.0158777	-0.0317554	0	0	0	0.516542	0	-0.355028	-111.796	0	20.391	20.391	-1.5099e-14	5.32541	0	0	0	0	0	0	0	0	0	0	0	0	0	0	0	0	0	0	0	0	0	0	0	0	0	0	0	0	0	0	0	0	0	
1	1	1	508	15.24		300	0	0	0.0254	0.0254	-0.042004	0	0	0	164.655	164.655	7.18082e-06	0	0	0	5.76252	3.00373	0	2.75879		300	0.517872	0.0159196	0.0159196	-0.0318391	0	0	0	0.517872	0	-0.355028	-111.796	0	20.391	20.391	-1.5099e-14	5.32541	0	0	0	0	0	0	0	0	0	0	0	0	0	0	0	0	0	0	0	0	0	0	0	0	0	0	0	0	0	0	0	0	0	
1	1	1	509	15.27		300	0	0	0.02545	0.02545	-0.0420964	0	0	0	164.797	164.797	7.18084e-06	0	0	0	5.779	3.01312	0	2.76588		300	0.519202	0.0159614	0.0159614	-0.0319228	0	0	0	0.519202	0	-0.355028	-111.796	0	20.391	20.391	-1.5099e-14	5.32541	0	0	0	0	0	0	0	0	0	0	0	0	0	0	0	0	0	0	0	0	0	0	0	0	0	0	0	0	0	0	0	0	0	
1	1	1	510	15.3		300	0	0	0.0255	0.0255	-0.0421889	0	0	0	164.939	164.939	7.18085e-06	0	0	0	5.79548	3.02252	0	2.77296		300	0.520531	0.0160032	0.0160032	-0.0320065	0	0	0	0.520531	0	-0.355028	-111.796	0	20.391	20.391	-1.5099e-14	5.32541	0	0	0	0	0	0	0	0	0	0	0	0	0	0	0	0	0	0	0	0	0	0	0	0	0	0	0	0	0	0	0	0	0	
1	1	1	511	15.33		300	0	0	0.02555	0.02555	-0.0422813	0	0	0	165.08	165.08	7.86915e-06	0	0	0	5.81198	3.03194	0	2.78004		300	0.521861	0.0160451	0.0160451	-0.0320901	0	0	0	0.521861	0	-0.355028	-111.796	0	20.391	20.391	-1.5099e-14	5.32541	0	0	0	0	0	0	0	0	0	0	0	0	0	0	0	0	0	0	0	0	0	0	0	0	0	0	0	0	0	0	0	0	0	
1	1	1	512	15.36		300	0	0	0.0256	0.0256	-0.0423737	0	0	0	165.222	165.222	8.10106e-06	0	0	0	5.8285	3.04137	0	2.78713		300	0.52319	0.0160869	0.0160869	-0.0321738	0	0	0	0.52319	0	-0.355028	-111.796	0	20.391	20.391	-1.5099e-14	5.32541	0	0	0	0	0	0	0	0	0	0	0	0	0	0	0	0	0	0	0	0	0	0	0	0	0	0	0	0	0	0	0	0	0	
1	1	1	513	15.39		300	0	0	0.02565	0.02565	-0.0424661	0	0	0	165.364	165.364	7.87632e-06	0	0	0	5.84503	3.05082	0	2.79421		300	0.524519	0.0161287	0.0161287	-0.0322575	0	0	0	0.524519	0	-0.355028	-111.796	0	20.391	20.391	-1.5099e-14	5.32541	0	0	0	0	0	0	0	0	0	0	0	0	0	0	0	0	0	0	0	0	0	0	0	0	0	0	0	0	0	0	0	0	0	
1	1	1	514	15.42		300	0	0	0.0257	0.0257	-0.0425586	0	0	0	165.506	165.506	7.19465e-06	0	0	0	5.86157	3.06028	0	2.80129		300	0.525848	0.0161706	0.0161706	-0.0323412	0	0	0	0.525848	0	-0.355028	-111.796	0	20.391	20.391	-1.5099e-14	5.32541	0	0	0	0	0	0	0	0	0	0	0	0	0	0	0	0	0	0	0	0	0	0	0	0	0	0	0	0	0	0	0	0	0	
1	1	1	515	15.45		300	0	0	0.02575	0.02575	-0.042651	0	0	0	165.648	165.648	7.19464e-06	0	0	0	5.87813	3.06976	0	2.80837		300	0.527178	0.0162124	0.0162124	-0.0324248	0	0	0	0.527178	0	-0.355028	-111.796	0	20.391	20.391	-1.5099e-14	5.32541	0	0	0	0	0	0	0	0	0	0	0	0	0	0	0	0	0	0	0	0	0	0	0	0	0	0	0	0	0	0	0	0	0	
1	1	1	516	15.48		300	0	0	0.0258	0.0258	-0.0427434	0	0	0	165.79	165.79	7.19462e-06	0	0	0	5.8947	3.07925	0	2.81545		300	0.528506	0.0162542	0.0162542	-0.0325085	0	0	0	0.528506	0	-0.355028	-111.796	0	20.391	20.391	-1.5099e-14	5.32541	0	0	0	0	0	0	0	0	0	0	0	0	0	0	0	0	0	0	0	0	0	0	0	0	0	0	0	0	0	0	0	0	0	
1	1	1	517	15.51		300	0	0	0.02585	0.02585	-0.0428358	0	0	0	165.931	165.931	7.1946e-06	0	0	0	5.91129	3.08876	0	2.82253		300	0.529835	0.0162961	0.0162961	-0.0325921	0	0	0	0.529835	0	-0.355028	-111.796	0	20.391	20.391	-1.5099e-14	5.32541	0	0	0	0	0	0	0	0	0	0	0	0	0	0	0	0	0	0	0	0	0	0	0	0	0	0	0	0	0	0	0	0	0	
1	1	1	518	15.54		300	0	0	0.0259	0.0259	-0.0429283	0	0	0	166.073	166.073	7.19458e-06	0	0	0	5.92789	3.09828	0	2.82961		300	0.531164	0.0163379	0.0163379	-0.0326758	0	0	0	0.531164	0	-0.355028	-111.796	0	20.391	20.391	-1.5099e-14	5.32541	0	0	0	0	0	0	0	0	0	0	0	0	0	0	0	0	0	0	0	0	0	0	0	0	0	0	0	0	0	0	0	0	0	
1	1	1	519	15.57		300	0	0	0.02595	0.02595	-0.0430207	0	0	0	166.215	166.215	7.19456e-06	0	0	0	5.9445	3.10782	0	2.83669		300	0.532492	0.0163797	0.0163797	-0.0327594	0	0	0	0.532492	0	-0.355028	-111.796	0	20.391	20.391	-1.5099e-14	5.32541	0	0	0	0	0	0	0	0	0	0	0	0	0	0	0	0	0	0	0	0	0	0	0	0	0	0	0	0	0	0	0	0	0	
1	1	1	520	15.6		300	0	0	0.026	0.026	-0.0431131	0	0	0	166.357	166.357	7.19453e-06	0	0	0	5.96113	3.11737	0	2.84376		300	0.533821	0.0164215	0.0164215	-0.0328431	0	0	0	0.533821	0	-0.355028	-111.796	0	20.391	20.391	-1.5099e-14	5.32541	0	0	0	0	0	0	0	0	0	0	0	0	0	0	0	0	0	0	0	0	0	0	0	0	0	0	0	0	0	0	0	0	0	
1	1	1	521	15.63		300	0	0	0.02605	0.02605	-0.0432055	0	0	0	166.499	166.499	7.19449e-06	0	0	0	5.97777	3.12693	0	2.85084		300	0.535149	0.0164634	0.0164634	-0.0329267	0	0	0	0.535149	0	-0.355028	-111.796	0	20.391	20.391	-1.5099e-14	5.32541	0	0	0	0	0	0	0	0	0	0	0	0	0	0	0	0	0	0	0	0	0	0	0	0	0	0	0	0	0	0	0	0	0	
1	1	1	522	15.66		300	0	0	0.0261	0.0261	-0.0432979	0	0	0	166.641	166.641	7.19446e-06	0	0	0	5.99443	3.13652	0	2.85791		300	0.536477	0.0165052	0.0165052	-0.0330104	0	0	0	0.536477	0	-0.355028	-111.796	0	20.391	20.391	-1.5099e-14	5.32541	0	0	0	0	0	0	0	0	0	0	0	0	0	0	0	0	0	0	0	0	0	0	0	0	0	0	0	0	0	0	0	0	0	
1	1	1	523	15.69		300	0	0	0.02615	0.02615	-0.0433903	0	0	0	166.784	166.784	7.19441e-06	0	0	0	6.0111	3.14611	0	2.86499		300	0.537805	0.016547	0.016547	-0.033094	0	0	0	0.537805	0	-0.355028	-111.796	0	20.391	20.391	-1.5099e-14	5.32541	0	0	0	0	0	0	0	0	0	0	0	0	0	0	0	0	0	0	0	0	0	0	0	0	0	0	0	0	0	0	0	0	0	
1	1	1	524	15.72		300	0	0	0.0262	0.0262	-0.0434827	0	0	0	166.926	166.926	7.19437e-06	0	0	0	6.02779	3.15572	0	2.87206		300	0.539133	0.0165888	0.0165888	-0.0331776	0	0	0	0.539133	0	-0.355028	-111.796	0	20.391	20.391	-1.5099e-14	5.32541	0	0	0	0	0	0	0	0	0	0	0	0	0	0	0	0	0	0	0	0	0	0	0	0	0	0	0	0	0	0	0	0	0	
1	1	1	525	15.75		300	0	0	0.02625	0.02625	-0.0435751	0	0	0	167.068	167.068	7.19432e-06	0	0	0	6.04449	3.16535	0	2.87914		300	0.540461	0.0166306	0.0166306	-0.0332613	0	0	0	0.540461	0	-0.355028	-111.796	0	20.391	20.391	-1.5099e-14	5.32541	0	0	0	0	0	0	0	0	0	0	0	0	0	0	0	0	0	0	0	0	0	0	0	0	0	0	0	0	0	0	0	0	0	
1	1	1	526	15.78		300	0	0	0.0263	0.0263	-0.0436675	0	0	0	167.21	167.21	7.19427e-06	0	0	0	6.0612	3.17499	0	2.88621		300	0.541789	0.0166724	0.0166724	-0.0333449	0	0	0	0.541789	0	-0.355028	-111.796	0	20.391	20.391	-1.5099e-14	5.32541	0	0	0	0	0	0	0	0	0	0	0	0	0	0	0	0	0	0	0	0	0	0	0	0	0	0	0	0	0	0	0	0	0	
1	1	1	527	15.81		300	0	0	0.02635	0.02635	-0.0437599	0	0	0	167.352	167.352	7.19421e-06	0	0	0	6.07793	3.18465	0	2.89328		300	0.543116	0.0167143	0.0167143	-0.0334285	0	0	0	0.543116	0	-0.355028	-111.796	0	20.391	20.391	-1.5099e-14	5.32541	0	0	0	0	0	0	0	0	0	0	0	0	0	0	0	0	0	0	0	0	0	0	0	0	0	0	0	0	0	0	0	0	0	
1	1	1	528	15.84		300	0	0	0.0264	0.0264	-0.0438523	0	0	0	167.495	167.495	7.19415e-06	0	0	0	6.09467	3.19432	0	2.90035		300	0.544443	0.0167561	0.0167561	-0.0335121	0	0	0	0.544443	0	-0.355028	-111.796	0	20.391	20.391	-1.5099e-14	5.32541	0	0	0	0	0	0	0	0	0	0	0	0	0	0	0	0	0	0	0	0	0	0	0	0	0	0	0	0	0	0	0	0	0	
1	1	1	529	15.87		300	0	0	0.02645	0.02645	-0.0439447	0	0	0	167.637	167.637	7.19409e-06	0	0	0	6.11143	3.204	0	2.90743		300	0.545771	0.0167979	0.0167979	-0.0335957	0	0	0	0.545771	0	-0.355028	-111.796	0	20.391	20.391	-1.5099e-14	5.32541	0	0	0	0	0	0	0	0	0	0	0	0	0	0	0	0	0	0	0	0	0	0	0	0	0	0	0	0	0	0	0	0	0	
1	1	1	530	15.9		300	0	0	0.0265	0.0265	-0.0440371	0	0	0	167.779	167.779	7.19402e-06	0	0	0	6.1282	3.2137	0	2.9145		300	0.547098	0.0168397	0.0168397	-0.0336793	0	0	0	0.547098	0	-0.355028	-111.796	0	20.391	20.391	-1.5099e-14	5.32541	0	0	0	0	0	0	0	0	0	0	0	0	0	0	0	0	0	0	0	0	0	0	0	0	0	0	0	0	0	0	0	0	0	
1	1	1	531	15.93		300	0	0	0.02655	0.02655	-0.0441295	0	0	0	167.922	167.922	7.19395e-06	0	0	0	6.14498	3.22342	0	2.92156		300	0.548424	0.0168815	0.0168815	-0.0337629	0	0	0	0.548424	0	-0.355028	-111.796	0	20.391	20.391	-1.5099e-14	5.32541	0	0	0	0	0	0	0	0	0	0	0	0	0	0	0	0	0	0	0	0	0	0	0	0	0	0	0	0	0	0	0	0	0	
1	1	1	532	15.96		300	0	0	0.0266	0.0266	-0.0442219	0	0	0	168.064	168.064	7.19387e-06	0	0	0	6.16178	3.23315	0	2.92863		300	0.549751	0.0169233	0.0169233	-0.0338465	0	0	0	0.549751	0	-0.355028	-111.796	0	20.391	20.391	-1.5099e-14	5.32541	0	0	0	0	0	0	0	0	0	0	0	0	0	0	0	0	0	0	0	0	0	0	0	0	0	0	0	0	0	0	0	0	0	
1	1	1	533	15.99		300	0	0	0.02665	0.02665	-0.0443143	0	0	0	168.207	168.207	7.1938e-06	0	0	0	6.1786	3.2429	0	2.9357		300	0.551078	0.0169651	0.0169651	-0.0339301	0	0	0	0.551078	0	-0.355028	-111.796	0	20.391	20.391	-1.5099e-14	5.32541	0	0	0	0	0	0	0	0	0	0	0	0	0	0	0	0	0	0	0	0	0	0	0	0	0	0	0	0	0	0	0	0	0	
1	1	1	534	16.02		300	0	0	0.0267	0.0267	-0.0444067	0	0	0	168.35	168.35	7.19371e-06	0	0	0	6.19542	3.25266	0	2.94277		300	0.552404	0.0170068	0.0170068	-0.0340137	0	0	0	0.552404	0	-0.355028	-111.796	0	20.391	20.391	-1.5099e-14	5.32541	0	0	0	0	0	0	0	0	0	0	0	0	0	0	0	0	0	0	0	0	0	0	0	0	0	0	0	0	0	0	0	0	0	
1	1	1	535	16.05		300	0	0	0.02675	0.02675	-0.044499	0	0	0	168.492	168.492	7.19363e-06	0	0	0	6.21227	3.26243	0	2.94983		300	0.55373	0.0170486	0.0170486	-0.0340973	0	0	0	0.55373	0	-0.355028	-111.796	0	20.391	20.391	-1.5099e-14	5.32541	0	0	0	0	0	0	0	0	0	0	0	0	0	0	0	0	0	0	0	0	0	0	0	0	0	0	0	0	0	0	0	0	0	
1	1	1	536	16.08		300	0	0	0.0268	0.0268	-0.0445914	0	0	0	168.635	168.635	7.19354e-06	0	0	0	6.22912	3.27223	0	2.9569		300	0.555057	0.0170904	0.0170904	-0.0341808	0	0	0	0.555057	0	-0.355028	-111.796	0	20.391	20.391	-1.5099e-14	5.32541	0	0	0	0	0	0	0	0	0	0	0	0	0	0	0	0	0	0	0	0	0	0	0	0	0	0	0	0	0	0	0	0	0	
1	1	1	537	16.11		300	0	0	0.02685	0.02685	-0.0446838	0	0	0	168.778	168.778	7.19345e-06	0	0	0	6.24599	3.28203	0	2.96396		300	0.556383	0.0171322	0.0171322	-0.0342644	0	0	0	0.556383	0	-0.355028	-111.796	0	20.391	20.391	-1.5099e-14	5.32541	0	0	0	0	0	0	0	0	0	0	0	0	0	0	0	0	0	0	0	0	0	0	0	0	0	0	0	0	0	0	0	0	0	
1	1	1	538	16.14		300	0	0	0.0269	0.0269	-0.0447762	0	0	0	168.92	168.92	7.19335e-06	0	0	0	6.26288	3.29185	0	2.97103		300	0.557708	0.017174	0.017174	-0.0343479	0	0	0	0.557708	0	-0.355028	-111.796	0	20.391	20.391	-1.5099e-14	5.32541	0	0	0	0	0	0	0	0	0	0	0	0	0	0	0	0	0	0	0	0	0	0	0	0	0	0	0	0	0	0	0	0	0	
1	1	1	539	16.17		300	0	0	0.02695	0.02695	-0.0448685	0	0	0	169.063	169.063	7.19325e-06	0	0	0	6.27978	3.30169	0	2.97809		300	0.559034	0.0172157	0.0172157	-0.0344315	0	0	0	0.559034	0	-0.355028	-111.796	0	20.391	20.391	-1.5099e-14	5.32541	0	0	0	0	0	0	0	0	0	0	0	0	0	0	0	0	0	0	0	0	0	0	0	0	0	0	0	0	0	0	0	0	0	
1	1	1	540	16.2		300	0	0	0.027	0.027	-0.0449609	0	0	0	169.206	169.206	7.19314e-06	0	0	0	6.29669	3.31154	0	2.98515		300	0.560359	0.0172575	0.0172575	-0.034515	0	0	0	0.560359	0	-0.355028	-111.796	0	20.391	20.391	-1.5099e-14	5.32541	0	0	0	0	0	0	0	0	0	0	0	0	0	0	0	0	0	0	0	0	0	0	0	0	0	0	0	0	0	0	0	0	0	
1	1	1	541	16.23		300	0	0	0.02705	0.02705	-0.0450533	0	0	0	169.349	169.349	7.19304e-06	0	0	0	6.31362	3.32141	0	2.99221		300	0.561685	0.0172993	0.0172993	-0.0345986	0	0	0	0.561685	0	-0.355028	-111.796	0	20.391	20.391	-1.5099e-14	5.32541	0	0	0	0	0	0	0	0	0	0	0	0	0	0	0	0	0	0	0	0	0	0	0	0	0	0	0	0	0	0	0	0	0	
1	1	1	542	16.26		300	0	0	0.0271	0.0271	-0.0451456	0	0	0	169.492	169.492	7.19293e-06	0	0	0	6.33056	3.33129	0	2.99927		300	0.56301	0.0173411	0.0173411	-0.0346821	0	0	0	0.56301	0	-0.355028	-111.796	0	20.391	20.391	-1.5099e-14	5.32541	0	0	0	0	0	0	0	0	0	0	0	0	0	0	0	0	0	0	0	0	0	0	0	0	0	0	0	0	0	0	0	0	0	
1	1	1	543	16.29		300	0	0	0.02715	0.02715	-0.045238	0	0	0	169.635	169.635	7.19281e-06	0	0	0	6.34752	3.34119	0	3.00633		300	0.564335	0.0173828	0.0173828	-0.0347656	0	0	0	0.564335	0	-0.355028	-111.796	0	20.391	20.391	-1.5099e-14	5.32541	0	0	0	0	0	0	0	0	0	0	0	0	0	0	0	0	0	0	0	0	0	0	0	0	0	0	0	0	0	0	0	0	0	
1	1	1	544	16.32		300	0	0	0.0272	0.0272	-0.0453303	0	0	0	169.778	169.778	7.19269e-06	0	0	0	6.36449	3.3511	0	3.01339		300	0.565659	0.0174246	0.0174246	-0.0348491	0	0	0	0.565659	0	-0.355028	-111.796	0	20.391	20.391	-1.5099e-14	5.32541	0	0	0	0	0	0	0	0	0	0	0	0	0	0	0	0	0	0	0	0	0	0	0	0	0	0	0	0	0	0	0	0	0	
1	1	1	545	16.35		300	0	0	0.02725	0.02725	-0.0454227	0	0	0	169.922	169.922	7.19257e-06	0	0	0	6.38147	3.36103	0	3.02044		300	0.566984	0.0174663	0.0174663	-0.0349326	0	0	0	0.566984	0	-0.355028	-111.796	0	20.391	20.391	-1.5099e-14	5.32541	0	0	0	0	0	0	0	0	0	0	0	0	0	0	0	0	0	0	0	0	0	0	0	0	0	0	0	0	0	0	0	0	0	
1	1	1	546	16.38		300	0	0	0.0273	0.0273	-0.045515	0	0	0	170.065	170.065	7.19245e-06	0	0	0	6.39847	3.37097	0	3.0275		300	0.568308	0.0175081	0.0175081	-0.0350161	0	0	0	0.568308	0	-0.355028	-111.796	0	20.391	20.391	-1.5099e-14	5.32541	0	0	0	0	0	0	0	0	0	0	0	0	0	0	0	0	0	0	0	0	0	0	0	0	0	0	0	0	0	0	0	0	0	
1	1	1	547	16.41		300	0	0	0.02735	0.02735	-0.0456074	0	0	0	170.208	170.208	7.19232e-06	0	0	0	6.41549	3.38093	0	3.03455		300	0.569633	0.0175498	0.0175498	-0.0350996	0	0	0	0.569633	0	-0.355028	-111.796	0	20.391	20.391	-1.5099e-14	5.32541	0	0	0	0	0	0	0	0	0	0	0	0	0	0	0	0	0	0	0	0	0	0	0	0	0	0	0	0	0	0	0	0	0	
1	1	1	548	16.44		300	0	0	0.0274	0.0274	-0.0456997	0	0	0	170.352	170.352	7.19219e-06	0	0	0	6.43251	3.39091	0	3.04161		300	0.570957	0.0175916	0.0175916	-0.0351831	0	0	0	0.570957	0	-0.355028	-111.796	0	20.391	20.391	-1.5099e-14	5.32541	0	0	0	0	0	0	0	0	0	0	0	0	0	0	0	0	0	0	0	0	0	0	0	0	0	0	0	0	0	0	0	0	0	
1	1	1	549	16.47		300	0	0	0.02745	0.02745	-0.045792	0	0	0	170.495	170.495	7.19205e-06	0	0	0	6.44956	3.4009	0	3.04866		300	0.57228	0.0176333	0.0176333	-0.0352666	0	0	0	0.57228	0	-0.355028	-111.796	0	20.391	20.391	-1.5099e-14	5.32541	0	0	0	0	0	0	0	0	0	0	0	0	0	0	0	0	0	0	0	0	0	0	0	0	0	0	0	0	0	0	0	0	0	
1	1	1	550	16.5		300	0	0	0.0275	0.0275	-0.0458844	0	0	0	170.639	170.639	7.19191e-06	0	0	0	6.46661	3.4109	0	3.05571		300	0.573604	0.017675	0.017675	-0.0353501	0	0	0	0.573604	0	-0.355028	-111.796	0	20.391	20.391	-1.5099e-14	5.32541	0	0	0	0	0	0	0	0	0	0	0	0	0	0	0	0	0	0	0	0	0	0	0	0	0	0	0	0	0	0	0	0	0	
1	1	1	551	16.53		300	0	0	0.02755	0.02755	-0.0459767	0	0	0	170.782	170.782	7.19177e-06	0	0	0	6.48368	3.42092	0	3.06276		300	0.574928	0.0177168	0.0177168	-0.0354335	0	0	0	0.574928	0	-0.355028	-111.796	0	20.391	20.391	-1.5099e-14	5.32541	0	0	0	0	0	0	0	0	0	0	0	0	0	0	0	0	0	0	0	0	0	0	0	0	0	0	0	0	0	0	0	0	0	
1	1	1	552	16.56		300	0	0	0.0276	0.0276	-0.046069	0	0	0	170.926	170.926	7.19162e-06	0	0	0	6.50077	3.43096	0	3.06981		300	0.576251	0.0177585	0.0177585	-0.035517	0	0	0	0.576251	0	-0.355028	-111.796	0	20.391	20.391	-1.5099e-14	5.32541	0	0	0	0	0	0	0	0	0	0	0	0	0	0	0	0	0	0	0	0	0	0	0	0	0	0	0	0	0	0	0	0	0	
1	1	1	553	16.59		300	0	0	0.02765	0.02765	-0.0461613	0	0	0	171.07	171.07	7.19147e-06	0	0	0	6.51787	3.44101	0	3.07686		300	0.577574	0.0178002	0.0178002	-0.0356004	0	0	0	0.577574	0	-0.355028	-111.796	0	20.391	20.391	-1.5099e-14	5.32541	0	0	0	0	0	0	0	0	0	0	0	0	0	0	0	0	0	0	0	0	0	0	0	0	0	0	0	0	0	0	0	0	0	
1	1	1	554	16.62		300	0	0	0.0277	0.0277	-0.0462536	0	0	0	171.214	171.214	7.19132e-06	0	0	0	6.53498	3.45107	0	3.08391		300	0.578897	0.0178419	0.0178419	-0.0356838	0	0	0	0.578897	0	-0.355028	-111.796	0	20.391	20.391	-1.5099e-14	5.32541	0	0	0	0	0	0	0	0	0	0	0	0	0	0	0	0	0	0	0	0	0	0	0	0	0	0	0	0	0	0	0	0	0	
1	1	1	555	16.65		300	0	0	0.02775	0.02775	-0.046346	0	0	0	171.358	171.358	7.19116e-06	0	0	0	6.55211	3.46115	0	3.09096		300	0.580219	0.0178836	0.0178836	-0.0357673	0	0	0	0.580219	0	-0.355028	-111.796	0	20.391	20.391	-1.5099e-14	5.32541	0	0	0	0	0	0	0	0	0	0	0	0	0	0	0	0	0	0	0	0	0	0	0	0	0	0	0	0	0	0	0	0	0	
1	1	1	556	16.68		300	0	0	0.0278	0.0278	-0.0464383	0	0	0	171.502	171.502	7.191e-06	0	0	0	6.56926	3.47125	0	3.098		300	0.581542	0.0179253	0.0179253	-0.0358507	0	0	0	0.581542	0	-0.355028	-111.796	0	20.391	20.391	-1.5099e-14	5.32541	0	0	0	0	0	0	0	0	0	0	0	0	0	0	0	0	0	0	0	0	0	0	0	0	0	0	0	0	0	0	0	0	0	
1	1	1	557	16.71		300	0	0	0.02785	0.02785	-0.0465306	0	0	0	171.646	171.646	7.19084e-06	0	0	0	6.58641	3.48136	0	3.10505		300	0.582864	0.017967	0.017967	-0.0359341	0	0	0	0.582864	0	-0.355028	-111.796	0	20.391	20.391	-1.5099e-14	5.32541	0	0	0	0	0	0	0	0	0	0	0	0	0	0	0	0	0	0	0	0	0	0	0	0	0	0	0	0	0	0	0	0	0	
1	1	1	558	16.74		300	0	0	0.0279	0.0279	-0.0466229	0	0	0	171.79	171.79	7.19068e-06	0	0	0	6.60358	3.49149	0	3.11209		300	0.584186	0.0180087	0.0180087	-0.0360175	0	0	0	0.584186	0	-0.355028	-111.796	0	20.391	20.391	-1.5099e-14	5.32541	0	0	0	0	0	0	0	0	0	0	0	0	0	0	0	0	0	0	0	0	0	0	0	0	0	0	0	0	0	0	0	0	0	
1	1	1	559	16.77		300	0	0	0.02795	0.02795	-0.0467152	0	0	0	171.934	171.934	7.19051e-06	0	0	0	6.62077	3.50164	0	3.11913		300	0.585508	0.0180504	0.0180504	-0.0361009	0	0	0	0.585508	0	-0.355028	-111.796	0	20.391	20.391	-1.5099e-14	5.32541	0	0	0	0	0	0	0	0	0	0	0	0	0	0	0	0	0	0	0	0	0	0	0	0	0	0	0	0	0	0	0	0	0	
1	1	1	560	16.8		300	0	0	0.028	0.028	-0.0468074	0	0	0	172.079	172.079	7.19033e-06	0	0	0	6.63797	3.5118	0	3.12618		300	0.58683	0.0180921	0.0180921	-0.0361843	0	0	0	0.58683	0	-0.355028	-111.796	0	20.391	20.391	-1.5099e-14	5.32541	0	0	0	0	0	0	0	0	0	0	0	0	0	0	0	0	0	0	0	0	0	0	0	0	0	0	0	0	0	0	0	0	0	
1	1	1	561	16.83		300	0	0	0.02805	0.02805	-0.0468997	0	0	0	172.223	172.223	7.19016e-06	0	0	0	6.65519	3.52197	0	3.13322		300	0.588151	0.0181338	0.0181338	-0.0362676	0	0	0	0.588151	0	-0.355028	-111.796	0	20.391	20.391	-1.5099e-14	5.32541	0	0	0	0	0	0	0	0	0	0	0	0	0	0	0	0	0	0	0	0	0	0	0	0	0	0	0	0	0	0	0	0	0	
1	1	1	562	16.86		300	0	0	0.0281	0.0281	-0.046992	0	0	0	172.368	172.368	7.18998e-06	0	0	0	6.67242	3.53216	0	3.14025		300	0.589472	0.0181755	0.0181755	-0.036351	0	0	0	0.589472	0	-0.355028	-111.796	0	20.391	20.391	-1.5099e-14	5.32541	0	0	0	0	0	0	0	0	0	0	0	0	0	0	0	0	0	0	0	0	0	0	0	0	0	0	0	0	0	0	0	0	0	
1	1	1	563	16.89		300	0	0	0.02815	0.02815	-0.0470843	0	0	0	172.512	172.512	7.18979e-06	0	0	0	6.68966	3.54237	0	3.14729		300	0.590793	0.0182172	0.0182172	-0.0364343	0	0	0	0.590793	0	-0.355028	-111.796	0	20.391	20.391	-1.5099e-14	5.32541	0	0	0	0	0	0	0	0	0	0	0	0	0	0	0	0	0	0	0	0	0	0	0	0	0	0	0	0	0	0	0	0	0	
1	1	1	564	16.92		300	0	0	0.0282	0.0282	-0.0471765	0	0	0	172.657	172.657	7.1896e-06	0	0	0	6.70692	3.55259	0	3.15433		300	0.592114	0.0182588	0.0182588	-0.0365177	0	0	0	0.592114	0	-0.355028	-111.796	0	20.391	20.391	-1.5099e-14	5.32541	0	0	0	0	0	0	0	0	0	0	0	0	0	0	0	0	0	0	0	0	0	0	0	0	0	0	0	0	0	0	0	0	0	
1	1	1	565	16.95		300	0	0	0.02825	0.02825	-0.0472688	0	0	0	172.802	172.802	7.18941e-06	0	0	0	6.72419	3.56283	0	3.16136		300	0.593434	0.0183005	0.0183005	-0.036601	0	0	0	0.593434	0	-0.355028	-111.796	0	20.391	20.391	-1.5099e-14	5.32541	0	0	0	0	0	0	0	0	0	0	0	0	0	0	0	0	0	0	0	0	0	0	0	0	0	0	0	0	0	0	0	0	0	
1	1	1	566	16.98		300	0	0	0.0283	0.0283	-0.0473611	0	0	0	172.947	172.947	7.18922e-06	0	0	0	6.74148	3.57308	0	3.1684		300	0.594755	0.0183422	0.0183422	-0.0366843	0	0	0	0.594755	0	-0.355028	-111.796	0	20.391	20.391	-1.5099e-14	5.32541	0	0	0	0	0	0	0	0	0	0	0	0	0	0	0	0	0	0	0	0	0	0	0	0	0	0	0	0	0	0	0	0	0	
1	1	1	567	17.01		300	0	0	0.02835	0.02835	-0.0474533	0	0	0	173.092	173.092	7.18902e-06	0	0	0	6.75878	3.58335	0	3.17543		300	0.596075	0.0183838	0.0183838	-0.0367676	0	0	0	0.596075	0	-0.355028	-111.796	0	20.391	20.391	-1.5099e-14	5.32541	0	0	0	0	0	0	0	0	0	0	0	0	0	0	0	0	0	0	0	0	0	0	0	0	0	0	0	0	0	0	0	0	0	
1	1	1	568	17.04		300	0	0	0.0284	0.0284	-0.0475456	0	0	0	173.237	173.237	7.18882e-06	0	0	0	6.7761	3.59363	0	3.18246		300	0.597395	0.0184255	0.0184255	-0.0368509	0	0	0	0.597395	0	-0.355028	-111.796	0	20.391	20.391	-1.5099e-14	5.32541	0	0	0	0	0	0	0	0	0	0	0	0	0	0	0	0	0	0	0	0	0	0	0	0	0	0	0	0	0	0	0	0	0	
1	1	1	569	17.07		300	0	0	0.02845	0.02845	-0.0476378	0	0	0	173.382	173.382	7.18862e-06	0	0	0	6.79343	3.60393	0	3.18949		300	0.598714	0.0184671	0.0184671	-0.0369342	0	0	0	0.598714	0	-0.355028	-111.796	0	20.391	20.391	-1.5099e-14	5.32541	0	0	0	0	0	0	0	0	0	0	0	0	0	0	0	0	0	0	0	0	0	0	0	0	0	0	0	0	0	0	0	0	0	
1	1	1	570	17.1		300	0	0	0.0285	0.0285	-0.0477301	0	0	0	173.527	173.527	7.18841e-06	0	0	0	6.81077	3.61425	0	3.19652		300	0.600033	0.0185087	0.0185087	-0.0370175	0	0	0	0.600033	0	-0.355028	-111.796	0	20.391	20.391	-1.5099e-14	5.32541	0	0	0	0	0	0	0	0	0	0	0	0	0	0	0	0	0	0	0	0	0	0	0	0	0	0	0	0	0	0	0	0	0	
1	1	1	571	17.13		300	0	0	0.02855	0.02855	-0.0478223	0	0	0	173.673	173.673	7.1882e-06	0	0	0	6.82813	3.62458	0	3.20355		300	0.601353	0.0185504	0.0185504	-0.0371007	0	0	0	0.601353	0	-0.355028	-111.796	0	20.391	20.391	-1.5099e-14	5.32541	0	0	0	0	0	0	0	0	0	0	0	0	0	0	0	0	0	0	0	0	0	0	0	0	0	0	0	0	0	0	0	0	0	
1	1	1	572	17.16		300	0	0	0.0286	0.0286	-0.0479145	0	0	0	173.818	173.818	7.18799e-06	0	0	0	6.84551	3.63493	0	3.21058		300	0.602671	0.018592	0.018592	-0.037184	0	0	0	0.602671	0	-0.355028	-111.796	0	20.391	20.391	-1.5099e-14	5.32541	0	0	0	0	0	0	0	0	0	0	0	0	0	0	0	0	0	0	0	0	0	0	0	0	0	0	0	0	0	0	0	0	0	
1	1	1	573	17.19		300	0	0	0.02865	0.02865	-0.0480068	0	0	0	173.964	173.964	7.18777e-06	0	0	0	6.8629	3.64529	0	3.2176		300	0.60399	0.0186336	0.0186336	-0.0372672	0	0	0	0.60399	0	-0.355028	-111.796	0	20.391	20.391	-1.5099e-14	5.32541	0	0	0	0	0	0	0	0	0	0	0	0	0	0	0	0	0	0	0	0	0	0	0	0	0	0	0	0	0	0	0	0	0	
1	1	1	574	17.22		300	0	0	0.0287	0.0287	-0.048099	0	0	0	174.109	174.109	7.18755e-06	0	0	0	6.8803	3.65567	0	3.22463		300	0.605308	0.0186752	0.0186752	-0.0373504	0	0	0	0.605308	0	-0.355028	-111.796	0	20.391	20.391	-1.5099e-14	5.32541	0	0	0	0	0	0	0	0	0	0	0	0	0	0	0	0	0	0	0	0	0	0	0	0	0	0	0	0	0	0	0	0	0	
1	1	1	575	17.25		300	0	0	0.02875	0.02875	-0.0481912	0	0	0	174.255	174.255	7.18733e-06	0	0	0	6.89772	3.66607	0	3.23165		300	0.606627	0.0187168	0.0187168	-0.0374336	0	0	0	0.606627	0	-0.355028	-111.796	0	20.391	20.391	-1.5099e-14	5.32541	0	0	0	0	0	0	0	0	0	0	0	0	0	0	0	0	0	0	0	0	0	0	0	0	0	0	0	0	0	0	0	0	0	
1	1	1	576	17.28		300	0	0	0.0288	0.0288	-0.0482834	0	0	0	174.401	174.401	7.1871e-06	0	0	0	6.91515	3.67648	0	3.23867		300	0.607944	0.0187584	0.0187584	-0.0375168	0	0	0	0.607944	0	-0.355028	-111.796	0	20.391	20.391	-1.5099e-14	5.32541	0	0	0	0	0	0	0	0	0	0	0	0	0	0	0	0	0	0	0	0	0	0	0	0	0	0	0	0	0	0	0	0	0	
1	1	1	577	17.31		300	0	0	0.02885	0.02885	-0.0483756	0	0	0	174.547	174.547	7.18687e-06	0	0	0	6.9326	3.68691	0	3.24569		300	0.609262	0.0188	0.0188	-0.0376	0	0	0	0.609262	0	-0.355028	-111.796	0	20.391	20.391	-1.5099e-14	5.32541	0	0	0	0	0	0	0	0	0	0	0	0	0	0	0	0	0	0	0	0	0	0	0	0	0	0	0	0	0	0	0	0	0	
1	1	1	578	17.34		300	0	0	0.0289	0.0289	-0.0484678	0	0	0	174.693	174.693	7.18664e-06	0	0	0	6.95006	3.69735	0	3.25271		300	0.610579	0.0188416	0.0188416	-0.0376832	0	0	0	0.610579	0	-0.355028	-111.796	0	20.391	20.391	-1.5099e-14	5.32541	0	0	0	0	0	0	0	0	0	0	0	0	0	0	0	0	0	0	0	0	0	0	0	0	0	0	0	0	0	0	0	0	0	
1	1	1	579	17.37		300	0	0	0.02895	0.02895	-0.04856	0	0	0	174.839	174.839	7.1864e-06	0	0	0	6.96754	3.70781	0	3.25973		300	0.611896	0.0188832	0.0188832	-0.0377664	0	0	0	0.611896	0	-0.355028	-111.796	0	20.391	20.391	-1.5099e-14	5.32541	0	0	0	0	0	0	0	0	0	0	0	0	0	0	0	0	0	0	0	0	0	0	0	0	0	0	0	0	0	0	0	0	0	
1	1	1	580	17.4		300	0	0	0.029	0.029	-0.0486522	0	0	0	174.986	174.986	7.18616e-06	0	0	0	6.98503	3.71829	0	3.26674		300	0.613213	0.0189248	0.0189248	-0.0378495	0	0	0	0.613213	0	-0.355028	-111.796	0	20.391	20.391	-1.5099e-14	5.32541	0	0	0	0	0	0	0	0	0	0	0	0	0	0	0	0	0	0	0	0	0	0	0	0	0	0	0	0	0	0	0	0	0	
1	1	1	581	17.43		300	0	0	0.02905	0.02905	-0.0487443	0	0	0	175.132	175.132	7.18592e-06	0	0	0	7.00254	3.72878	0	3.27376		300	0.61453	0.0189663	0.0189663	-0.0379327	0	0	0	0.61453	0	-0.355028	-111.796	0	20.391	20.391	-1.5099e-14	5.32541	0	0	0	0	0	0	0	0	0	0	0	0	0	0	0	0	0	0	0	0	0	0	0	0	0	0	0	0	0	0	0	0	0	
1	1	1	582	17.46		300	0	0	0.0291	0.0291	-0.0488365	0	0	0	175.279	175.279	7.18567e-06	0	0	0	7.02006	3.73928	0	3.28077		300	0.615846	0.0190079	0.0190079	-0.0380158	0	0	0	0.615846	0	-0.355028	-111.796	0	20.391	20.391	-1.5099e-14	5.32541	0	0	0	0	0	0	0	0	0	0	0	0	0	0	0	0	0	0	0	0	0	0	0	0	0	0	0	0	0	0	0	0	0	
1	1	1	583	17.49		300	0	0	0.02915	0.02915	-0.0489287	0	0	0	175.425	175.425	7.18542e-06	0	0	0	7.03759	3.74981	0	3.28778		300	0.617162	0.0190494	0.0190494	-0.0380989	0	0	0	0.617162	0	-0.355028	-111.796	0	20.391	20.391	-1.5099e-14	5.32541	0	0	0	0	0	0	0	0	0	0	0	0	0	0	0	0	0	0	0	0	0	0	0	0	0	0	0	0	0	0	0	0	0	
1	1	1	584	17.52		300	0	0	0.0292	0.0292	-0.0490208	0	0	0	175.572	175.572	7.18517e-06	0	0	0	7.05514	3.76035	0	3.29479		300	0.618478	0.019091	0.019091	-0.038182	0	0	0	0.618478	0	-0.355028	-111.796	0	20.391	20.391	-1.5099e-14	5.32541	0	0	0	0	0	0	0	0	0	0	0	0	0	0	0	0	0	0	0	0	0	0	0	0	0	0	0	0	0	0	0	0	0	
1	1	1	585	17.55		300	0	0	0.02925	0.02925	-0.049113	0	0	0	175.719	175.719	7.18491e-06	0	0	0	7.07271	3.7709	0	3.3018		300	0.619793	0.0191325	0.0191325	-0.0382651	0	0	0	0.619793	0	-0.355028	-111.796	0	20.391	20.391	-1.5099e-14	5.32541	0	0	0	0	0	0	0	0	0	0	0	0	0	0	0	0	0	0	0	0	0	0	0	0	0	0	0	0	0	0	0	0	0	
1	1	1	586	17.58		300	0	0	0.0293	0.0293	-0.0492051	0	0	0	175.866	175.866	7.18465e-06	0	0	0	7.09028	3.78148	0	3.30881		300	0.621109	0.0191741	0.0191741	-0.0383481	0	0	0	0.621109	0	-0.355028	-111.796	0	20.391	20.391	-1.5099e-14	5.32541	0	0	0	0	0	0	0	0	0	0	0	0	0	0	0	0	0	0	0	0	0	0	0	0	0	0	0	0	0	0	0	0	0	
1	1	1	587	17.61		300	0	0	0.02935	0.02935	-0.0492973	0	0	0	176.013	176.013	7.18438e-06	0	0	0	7.10788	3.79206	0	3.31581		300	0.622424	0.0192156	0.0192156	-0.0384312	0	0	0	0.622424	0	-0.355028	-111.796	0	20.391	20.391	-1.5099e-14	5.32541	0	0	0	0	0	0	0	0	0	0	0	0	0	0	0	0	0	0	0	0	0	0	0	0	0	0	0	0	0	0	0	0	0	
1	1	1	588	17.64		300	0	0	0.0294	0.0294	-0.0493894	0	0	0	176.16	176.16	7.18412e-06	0	0	0	7.12549	3.80267	0	3.32282		300	0.623738	0.0192571	0.0192571	-0.0385142	0	0	0	0.623738	0	-0.355028	-111.796	0	20.391	20.391	-1.5099e-14	5.32541	0	0	0	0	0	0	0	0	0	0	0	0	0	0	0	0	0	0	0	0	0	0	0	0	0	0	0	0	0	0	0	0	0	
1	1	1	589	17.67		300	0	0	0.02945	0.02945	-0.0494815	0	0	0	176.308	176.308	7.18385e-06	0	0	0	7.14311	3.81329	0	3.32982		300	0.625053	0.0192986	0.0192986	-0.0385972	0	0	0	0.625053	0	-0.355028	-111.796	0	20.391	20.391	-1.5099e-14	5.32541	0	0	0	0	0	0	0	0	0	0	0	0	0	0	0	0	0	0	0	0	0	0	0	0	0	0	0	0	0	0	0	0	0	
1	1	1	590	17.7		300	0	0	0.0295	0.0295	-0.0495736	0	0	0	176.455	176.455	7.18357e-06	0	0	0	7.16075	3.82393	0	3.33682		300	0.626367	0.0193401	0.0193401	-0.0386803	0	0	0	0.626367	0	-0.355028	-111.796	0	20.391	20.391	-1.5099e-14	5.32541	0	0	0	0	0	0	0	0	0	0	0	0	0	0	0	0	0	0	0	0	0	0	0	0	0	0	0	0	0	0	0	0	0	
1	1	1	591	17.73		300	0	0	0.02955	0.02955	-0.0496657	0	0	0	176.603	176.603	7.1833e-06	0	0	0	7.1784	3.83458	0	3.34382		300	0.62768	0.0193816	0.0193816	-0.0387633	0	0	0	0.62768	0	-0.355028	-111.796	0	20.391	20.391	-1.5099e-14	5.32541	0	0	0	0	0	0	0	0	0	0	0	0	0	0	0	0	0	0	0	0	0	0	0	0	0	0	0	0	0	0	0	0	0	
1	1	1	592	17.76		300	0	0	0.0296	0.0296	-0.0497579	0	0	0	176.751	176.751	7.18302e-06	0	0	0	7.19607	3.84525	0	3.35082		300	0.628994	0.0194231	0.0194231	-0.0388462	0	0	0	0.628994	0	-0.355028	-111.796	0	20.391	20.391	-1.5099e-14	5.32541	0	0	0	0	0	0	0	0	0	0	0	0	0	0	0	0	0	0	0	0	0	0	0	0	0	0	0	0	0	0	0	0	0	
1	1	1	593	17.79		300	0	0	0.02965	0.02965	-0.0498499	0	0	0	176.899	176.899	7.18273e-06	0	0	0	7.21375	3.85593	0	3.35782		300	0.630307	0.0194646	0.0194646	-0.0389292	0	0	0	0.630307	0	-0.355028	-111.796	0	20.391	20.391	-1.5099e-14	5.32541	0	0	0	0	0	0	0	0	0	0	0	0	0	0	0	0	0	0	0	0	0	0	0	0	0	0	0	0	0	0	0	0	0	
1	1	1	594	17.82		300	0	0	0.0297	0.0297	-0.049942	0	0	0	177.047	177.047	7.18245e-06	0	0	0	7.23145	3.86664	0	3.36481		300	0.63162	0.0195061	0.0195061	-0.0390121	0	0	0	0.63162	0	-0.355028	-111.796	0	20.391	20.391	-1.5099e-14	5.32541	0	0	0	0	0	0	0	0	0	0	0	0	0	0	0	0	0	0	0	0	0	0	0	0	0	0	0	0	0	0	0	0	0	
1	1	1	595	17.85		300	0	0	0.02975	0.02975	-0.0500341	0	0	0	177.195	177.195	7.18216e-06	0	0	0	7.24916	3.87735	0	3.37181		300	0.632933	0.0195475	0.0195475	-0.0390951	0	0	0	0.632933	0	-0.355028	-111.796	0	20.391	20.391	-1.5099e-14	5.32541	0	0	0	0	0	0	0	0	0	0	0	0	0	0	0	0	0	0	0	0	0	0	0	0	0	0	0	0	0	0	0	0	0	
1	1	1	596	17.88		300	0	0	0.0298	0.0298	-0.0501262	0	0	0	177.343	177.343	7.18186e-06	0	0	0	7.26689	3.88809	0	3.3788		300	0.634245	0.019589	0.019589	-0.039178	0	0	0	0.634245	0	-0.355028	-111.796	0	20.391	20.391	-1.5099e-14	5.32541	0	0	0	0	0	0	0	0	0	0	0	0	0	0	0	0	0	0	0	0	0	0	0	0	0	0	0	0	0	0	0	0	0	
1	1	1	597	17.91		300	0	0	0.02985	0.02985	-0.0502183	0	0	0	177.492	177.492	7.18157e-06	0	0	0	7.28463	3.89884	0	3.38579		300	0.635557	0.0196304	0.0196304	-0.0392609	0	0	0	0.635557	0	-0.355028	-111.796	0	20.391	20.391	-1.5099e-14	5.32541	0	0	0	0	0	0	0	0	0	0	0	0	0	0	0	0	0	0	0	0	0	0	0	0	0	0	0	0	0	0	0	0	0	
1	1	1	598	17.94		300	0	0	0.0299	0.0299	-0.0503103	0	0	0	177.641	177.641	7.18127e-06	0	0	0	7.30239	3.90961	0	3.39278		300	0.636869	0.0196719	0.0196719	-0.0393438	0	0	0	0.636869	0	-0.355028	-111.796	0	20.391	20.391	-1.5099e-14	5.32541	0	0	0	0	0	0	0	0	0	0	0	0	0	0	0	0	0	0	0	0	0	0	0	0	0	0	0	0	0	0	0	0	0	
1	1	1	599	17.97		300	0	0	0.02995	0.02995	-0.0504024	0	0	0	177.789	177.789	7.18096e-06	0	0	0	7.32016	3.92039	0	3.39976		300	0.63818	0.0197133	0.0197133	-0.0394267	0	0	0	0.63818	0	-0.355028	-111.796	0	20.391	20.391	-1.5099e-14	5.32541	0	0	0	0	0	0	0	0	0	0	0	0	0	0	0	0	0	0	0	0	0	0	0	0	0	0	0	0	0	0	0	0	0	
1	1	1	600	18		300	0	0	0.03	0.03	-0.0504944	0	0	0	177.938	177.938	7.18066e-06	0	0	0	7.33794	3.9312	0	3.40675		300	0.639491	0.0197548	0.0197548	-0.0395095	0	0	0	0.639491	0	-0.355028	-111.796	0	20.391	20.391	-1.5099e-14	5.32541	0	0	0	0	0	0	0	0	0	0	0	0	0	0	0	0	0	0	0	0	0	0	0	0	0	0	0	0	0	0	0	0	0	
1	1	1	601	18.03		300	0	0	0.03005	0.03005	-0.0505865	0	0	0	178.087	178.087	7.18035e-06	0	0	0	7.35575	3.94201	0	3.41373		300	0.640802	0.0197962	0.0197962	-0.0395923	0	0	0	0.640802	0	-0.355028	-111.796	0	20.391	20.391	-1.5099e-14	5.32541	0	0	0	0	0	0	0	0	0	0	0	0	0	0	0	0	0	0	0	0	0	0	0	0	0	0	0	0	0	0	0	0	0	
1	1	1	602	18.06		300	0	0	0.0301	0.0301	-0.0506785	0	0	0	178.236	178.236	7.18003e-06	0	0	0	7.37356	3.95285	0	3.42071		300	0.642112	0.0198376	0.0198376	-0.0396752	0	0	0	0.642112	0	-0.355028	-111.796	0	20.391	20.391	-1.5099e-14	5.32541	0	0	0	0	0	0	0	0	0	0	0	0	0	0	0	0	0	0	0	0	0	0	0	0	0	0	0	0	0	0	0	0	0	
1	1	1	603	18.09		300	0	0	0.03015	0.03015	-0.0507705	0	0	0	178.386	178.386	7.17971e-06	0	0	0	7.39139	3.9637	0	3.42769		300	0.643422	0.019879	0.019879	-0.039758	0	0	0	0.643422	0	-0.355028	-111.796	0	20.391	20.391	-1.5099e-14	5.32541	0	0	0	0	0	0	0	0	0	0	0	0	0	0	0	0	0	0	0	0	0	0	0	0	0	0	0	0	0	0	0	0	0	
1	1	1	604	18.12		300	0	0	0.0302	0.0302	-0.0508625	0	0	0	178.535	178.535	7.17939e-06	0	0	0	7.40924	3.97457	0	3.43467		300	0.644732	0.0199204	0.0199204	-0.0398407	0	0	0	0.644732	0	-0.355028	-111.796	0	20.391	20.391	-1.5099e-14	5.32541	0	0	0	0	0	0	0	0	0	0	0	0	0	0	0	0	0	0	0	0	0	0	0	0	0	0	0	0	0	0	0	0	0	
1	1	1	605	18.15		300	0	0	0.03025	0.03025	-0.0509545	0	0	0	178.685	178.685	7.17907e-06	0	0	0	7.4271	3.98545	0	3.44165		300	0.646041	0.0199618	0.0199618	-0.0399235	0	0	0	0.646041	0	-0.355028	-111.796	0	20.391	20.391	-1.5099e-14	5.32541	0	0	0	0	0	0	0	0	0	0	0	0	0	0	0	0	0	0	0	0	0	0	0	0	0	0	0	0	0	0	0	0	0	
1	1	1	606	18.18		300	0	0	0.0303	0.0303	-0.0510465	0	0	0	178.835	178.835	7.17874e-06	0	0	0	7.44498	3.99635	0	3.44862		300	0.64735	0.0200031	0.0200031	-0.0400063	0	0	0	0.64735	0	-0.355028	-111.796	0	20.391	20.391	-1.5099e-14	5.32541	0	0	0	0	0	0	0	0	0	0	0	0	0	0	0	0	0	0	0	0	0	0	0	0	0	0	0	0	0	0	0	0	0	
1	1	1	607	18.21		300	0	0	0.03035	0.03035	-0.0511385	0	0	0	178.985	178.985	7.17841e-06	0	0	0	7.46287	4.00727	0	3.4556		300	0.648659	0.0200445	0.0200445	-0.040089	0	0	0	0.648659	0	-0.355028	-111.796	0	20.391	20.391	-1.5099e-14	5.32541	0	0	0	0	0	0	0	0	0	0	0	0	0	0	0	0	0	0	0	0	0	0	0	0	0	0	0	0	0	0	0	0	0	
1	1	1	608	18.24		300	0	0	0.0304	0.0304	-0.0512305	0	0	0	179.135	179.135	7.17808e-06	0	0	0	7.48077	4.0182	0	3.46257		300	0.649967	0.0200859	0.0200859	-0.0401717	0	0	0	0.649967	0	-0.355028	-111.796	0	20.391	20.391	-1.5099e-14	5.32541	0	0	0	0	0	0	0	0	0	0	0	0	0	0	0	0	0	0	0	0	0	0	0	0	0	0	0	0	0	0	0	0	0	
1	1	1	609	18.27		300	0	0	0.03045	0.03045	-0.0513225	0	0	0	179.285	179.285	7.17774e-06	0	0	0	7.49869	4.02916	0	3.46954		300	0.651275	0.0201272	0.0201272	-0.0402544	0	0	0	0.651275	0	-0.355028	-111.796	0	20.391	20.391	-1.5099e-14	5.32541	0	0	0	0	0	0	0	0	0	0	0	0	0	0	0	0	0	0	0	0	0	0	0	0	0	0	0	0	0	0	0	0	0	
1	1	1	610	18.3		300	0	0	0.0305	0.0305	-0.0514144	0	0	0	179.436	179.436	7.1774e-06	0	0	0	7.51663	4.04012	0	3.47651		300	0.652583	0.0201685	0.0201685	-0.0403371	0	0	0	0.652583	0	-0.355028	-111.796	0	20.391	20.391	-1.5099e-14	5.32541	0	0	0	0	0	0	0	0	0	0	0	0	0	0	0	0	0	0	0	0	0	0	0	0	0	0	0	0	0	0	0	0	0	
1	1	1	611	18.33		300	0	0	0.03055	0.03055	-0.0515064	0	0	0	179.586	179.586	7.17706e-06	0	0	0	7.53458	4.05111	0	3.48347		300	0.653891	0.0202099	0.0202099	-0.0404197	0	0	0	0.653891	0	-0.355028	-111.796	0	20.391	20.391	-1.5099e-14	5.32541	0	0	0	0	0	0	0	0	0	0	0	0	0	0	0	0	0	0	0	0	0	0	0	0	0	0	0	0	0	0	0	0	0	
1	1	1	612	18.36		300	0	0	0.0306	0.0306	-0.0515983	0	0	0	179.737	179.737	7.17671e-06	0	0	0	7.55255	4.06211	0	3.49044		300	0.655198	0.0202512	0.0202512	-0.0405024	0	0	0	0.655198	0	-0.355028	-111.796	0	20.391	20.391	-1.5099e-14	5.32541	0	0	0	0	0	0	0	0	0	0	0	0	0	0	0	0	0	0	0	0	0	0	0	0	0	0	0	0	0	0	0	0	0	
1	1	1	613	18.39		300	0	0	0.03065	0.03065	-0.0516903	0	0	0	179.888	179.888	7.17636e-06	0	0	0	7.57053	4.07313	0	3.4974		300	0.656504	0.0202925	0.0202925	-0.040585	0	0	0	0.656504	0	-0.355028	-111.796	0	20.391	20.391	-1.5099e-14	5.32541	0	0	0	0	0	0	0	0	0	0	0	0	0	0	0	0	0	0	0	0	0	0	0	0	0	0	0	0	0	0	0	0	0	
1	1	1	614	18.42		300	0	0	0.0307	0.0307	-0.0517822	0	0	0	180.039	180.039	7.176e-06	0	0	0	7.58852	4.08417	0	3.50436		300	0.657811	0.0203338	0.0203338	-0.0406676	0	0	0	0.657811	0	-0.355028	-111.796	0	20.391	20.391	-1.5099e-14	5.32541	0	0	0	0	0	0	0	0	0	0	0	0	0	0	0	0	0	0	0	0	0	0	0	0	0	0	0	0	0	0	0	0	0	
1	1	1	615	18.45		300	0	0	0.03075	0.03075	-0.0518741	0	0	0	180.19	180.19	7.17565e-06	0	0	0	7.60654	4.09522	0	3.51132		300	0.659116	0.0203751	0.0203751	-0.0407502	0	0	0	0.659116	0	-0.355028	-111.796	0	20.391	20.391	-1.5099e-14	5.32541	0	0	0	0	0	0	0	0	0	0	0	0	0	0	0	0	0	0	0	0	0	0	0	0	0	0	0	0	0	0	0	0	0	
1	1	1	616	18.48		300	0	0	0.0308	0.0308	-0.051966	0	0	0	180.342	180.342	7.17529e-06	0	0	0	7.62456	4.10629	0	3.51827		300	0.660422	0.0204164	0.0204164	-0.0408327	0	0	0	0.660422	0	-0.355028	-111.796	0	20.391	20.391	-1.5099e-14	5.32541	0	0	0	0	0	0	0	0	0	0	0	0	0	0	0	0	0	0	0	0	0	0	0	0	0	0	0	0	0	0	0	0	0	
1	1	1	617	18.51		300	0	0	0.03085	0.03085	-0.0520579	0	0	0	180.493	180.493	7.17492e-06	0	0	0	7.6426	4.11738	0	3.52523		300	0.661727	0.0204576	0.0204576	-0.0409153	0	0	0	0.661727	0	-0.355028	-111.796	0	20.391	20.391	-1.5099e-14	5.32541	0	0	0	0	0	0	0	0	0	0	0	0	0	0	0	0	0	0	0	0	0	0	0	0	0	0	0	0	0	0	0	0	0	
1	1	1	618	18.54		300	0	0	0.0309	0.0309	-0.0521498	0	0	0	180.645	180.645	7.17455e-06	0	0	0	7.66066	4.12848	0	3.53218		300	0.663032	0.0204989	0.0204989	-0.0409978	0	0	0	0.663032	0	-0.355028	-111.796	0	20.391	20.391	-1.5099e-14	5.32541	0	0	0	0	0	0	0	0	0	0	0	0	0	0	0	0	0	0	0	0	0	0	0	0	0	0	0	0	0	0	0	0	0	
1	1	1	619	18.57		300	0	0	0.03095	0.03095	-0.0522417	0	0	0	180.797	180.797	7.17418e-06	0	0	0	7.67873	4.1396	0	3.53913		300	0.664337	0.0205401	0.0205401	-0.0410803	0	0	0	0.664337	0	-0.355028	-111.796	0	20.391	20.391	-1.5099e-14	5.32541	0	0	0	0	0	0	0	0	0	0	0	0	0	0	0	0	0	0	0	0	0	0	0	0	0	0	0	0	0	0	0	0	0	
1	1	1	620	18.6		300	0	0	0.031	0.031	-0.0523336	0	0	0	180.949	180.949	7.17381e-06	0	0	0	7.69682	4.15074	0	3.54608		300	0.665641	0.0205814	0.0205814	-0.0411628	0	0	0	0.665641	0	-0.355028	-111.796	0	20.391	20.391	-1.5099e-14	5.32541	0	0	0	0	0	0	0	0	0	0	0	0	0	0	0	0	0	0	0	0	0	0	0	0	0	0	0	0	0	0	0	0	0	
1	1	1	621	18.63		300	0	0	0.03105	0.03105	-0.0524254	0	0	0	181.102	181.102	7.17343e-06	0	0	0	7.71492	4.1619	0	3.55302		300	0.666944	0.0206226	0.0206226	-0.0412452	0	0	0	0.666944	0	-0.355028	-111.796	0	20.391	20.391	-1.5099e-14	5.32541	0	0	0	0	0	0	0	0	0	0	0	0	0	0	0	0	0	0	0	0	0	0	0	0	0	0	0	0	0	0	0	0	0	
1	1	1	622	18.66		300	0	0	0.0311	0.0311	-0.0525173	0	0	0	181.254	181.254	7.17304e-06	0	0	0	7.73304	4.17307	0	3.55997		300	0.668248	0.0206638	0.0206638	-0.0413277	0	0	0	0.668248	0	-0.355028	-111.796	0	20.391	20.391	-1.5099e-14	5.32541	0	0	0	0	0	0	0	0	0	0	0	0	0	0	0	0	0	0	0	0	0	0	0	0	0	0	0	0	0	0	0	0	0	
1	1	1	623	18.69		300	0	0	0.03115	0.03115	-0.0526091	0	0	0	181.407	181.407	7.17266e-06	0	0	0	7.75117	4.18426	0	3.56691		300	0.669551	0.020705	0.020705	-0.0414101	0	0	0	0.669551	0	-0.355028	-111.796	0	20.391	20.391	-1.5099e-14	5.32541	0	0	0	0	0	0	0	0	0	0	0	0	0	0	0	0	0	0	0	0	0	0	0	0	0	0	0	0	0	0	0	0	0	
1	1	1	624	18.72		300	0	0	0.0312	0.0312	-0.052701	0	0	0	181.56	181.56	7.17227e-06	0	0	0	7.76932	4.19547	0	3.57385		300	0.670853	0.0207462	0.0207462	-0.0414925	0	0	0	0.670853	0	-0.355028	-111.796	0	20.391	20.391	-1.5099e-14	5.32541	0	0	0	0	0	0	0	0	0	0	0	0	0	0	0	0	0	0	0	0	0	0	0	0	0	0	0	0	0	0	0	0	0	
1	1	1	625	18.75		300	0	0	0.03125	0.03125	-0.0527928	0	0	0	181.713	181.713	7.17188e-06	0	0	0	7.78749	4.2067	0	3.58079		300	0.672155	0.0207874	0.0207874	-0.0415748	0	0	0	0.672155	0	-0.355028	-111.796	0	20.391	20.391	-1.5099e-14	5.32541	0	0	0	0	0	0	0	0	0	0	0	0	0	0	0	0	0	0	0	0	0	0	0	0	0	0	0	0	0	0	0	0	0	
1	1	1	626	18.78		300	0	0	0.0313	0.0313	-0.0528846	0	0	0	181.866	181.866	7.17148e-06	0	0	0	7.80567	4.21794	0	3.58772		300	0.673457	0.0208286	0.0208286	-0.0416572	0	0	0	0.673457	0	-0.355028	-111.796	0	20.391	20.391	-1.5099e-14	5.32541	0	0	0	0	0	0	0	0	0	0	0	0	0	0	0	0	0	0	0	0	0	0	0	0	0	0	0	0	0	0	0	0	0	
1	1	1	627	18.81		300	0	0	0.03135	0.03135	-0.0529764	0	0	0	182.019	182.019	7.17108e-06	0	0	0	7.82386	4.2292	0	3.59466		300	0.674758	0.0208698	0.0208698	-0.0417395	0	0	0	0.674758	0	-0.355028	-111.796	0	20.391	20.391	-1.5099e-14	5.32541	0	0	0	0	0	0	0	0	0	0	0	0	0	0	0	0	0	0	0	0	0	0	0	0	0	0	0	0	0	0	0	0	0	
1	1	1	628	18.84		300	0	0	0.0314	0.0314	-0.0530682	0	0	0	182.173	182.173	7.17068e-06	0	0	0	7.84207	4.24048	0	3.60159		300	0.676059	0.0209109	0.0209109	-0.0418218	0	0	0	0.676059	0	-0.355028	-111.796	0	20.391	20.391	-1.5099e-14	5.32541	0	0	0	0	0	0	0	0	0	0	0	0	0	0	0	0	0	0	0	0	0	0	0	0	0	0	0	0	0	0	0	0	0	
1	1	1	629	18.87		300	0	0	0.03145	0.03145	-0.05316	0	0	0	182.327	182.327	7.17027e-06	0	0	0	7.86029	4.25177	0	3.60852		300	0.67736	0.0209521	0.0209521	-0.0419041	0	0	0	0.67736	0	-0.355028	-111.796	0	20.391	20.391	-1.5099e-14	5.32541	0	0	0	0	0	0	0	0	0	0	0	0	0	0	0	0	0	0	0	0	0	0	0	0	0	0	0	0	0	0	0	0	0	
1	1	1	630	18.9		300	0	0	0.0315	0.0315	-0.0532517	0	0	0	182.481	182.481	7.16986e-06	0	0	0	7.87853	4.26309	0	3.61545		300	0.67866	0.0209932	0.0209932	-0.0419864	0	0	0	0.67866	0	-0.355028	-111.796	0	20.391	20.391	-1.5099e-14	5.32541	0	0	0	0	0	0	0	0	0	0	0	0	0	0	0	0	0	0	0	0	0	0	0	0	0	0	0	0	0	0	0	0	0	
1	1	1	631	18.93		300	0	0	0.03155	0.03155	-0.0533435	0	0	0	182.635	182.635	7.16945e-06	0	0	0	7.89679	4.27442	0	3.62237		300	0.67996	0.0210343	0.0210343	-0.0420686	0	0	0	0.67996	0	-0.355028	-111.796	0	20.391	20.391	-1.5099e-14	5.32541	0	0	0	0	0	0	0	0	0	0	0	0	0	0	0	0	0	0	0	0	0	0	0	0	0	0	0	0	0	0	0	0	0	
1	1	1	632	18.96		300	0	0	0.0316	0.0316	-0.0534353	0	0	0	182.79	182.79	7.16903e-06	0	0	0	7.91506	4.28577	0	3.6293		300	0.681259	0.0210754	0.0210754	-0.0421508	0	0	0	0.681259	0	-0.355028	-111.796	0	20.391	20.391	-1.5099e-14	5.32541	0	0	0	0	0	0	0	0	0	0	0	0	0	0	0	0	0	0	0	0	0	0	0	0	0	0	0	0	0	0	0	0	0	
1	1	1	633	18.99		300	0	0	0.03165	0.03165	-0.053527	0	0	0	182.944	182.944	7.16861e-06	0	0	0	7.93335	4.29713	0	3.63622		300	0.682558	0.0211165	0.0211165	-0.042233	0	0	0	0.682558	0	-0.355028	-111.796	0	20.391	20.391	-1.5099e-14	5.32541	0	0	0	0	0	0	0	0	0	0	0	0	0	0	0	0	0	0	0	0	0	0	0	0	0	0	0	0	0	0	0	0	0	
1	1	1	634	19.02		300	0	0	0.0317	0.0317	-0.0536187	0	0	0	183.099	183.099	7.16818e-06	0	0	0	7.95165	4.30852	0	3.64313		300	0.683856	0.0211576	0.0211576	-0.0423152	0	0	0	0.683856	0	-0.355028	-111.796	0	20.391	20.391	-1.5099e-14	5.32541	0	0	0	0	0	0	0	0	0	0	0	0	0	0	0	0	0	0	0	0	0	0	0	0	0	0	0	0	0	0	0	0	0	
1	1	1	635	19.05		300	0	0	0.03175	0.03175	-0.0537104	0	0	0	183.254	183.254	7.16775e-06	0	0	0	7.96997	4.31992	0	3.65005		300	0.685154	0.0211987	0.0211987	-0.0423973	0	0	0	0.685154	0	-0.355028	-111.796	0	20.391	20.391	-1.5099e-14	5.32541	0	0	0	0	0	0	0	0	0	0	0	0	0	0	0	0	0	0	0	0	0	0	0	0	0	0	0	0	0	0	0	0	0	
1	1	1	636	19.08		300	0	0	0.0318	0.0318	-0.0538021	0	0	0	183.41	183.41	7.16732e-06	0	0	0	7.9883	4.33134	0	3.65697		300	0.686452	0.0212397	0.0212397	-0.0424794	0	0	0	0.686452	0	-0.355028	-111.796	0	20.391	20.391	-1.5099e-14	5.32541	0	0	0	0	0	0	0	0	0	0	0	0	0	0	0	0	0	0	0	0	0	0	0	0	0	0	0	0	0	0	0	0	0	
1	1	1	637	19.11		300	0	0	0.03185	0.03185	-0.0538938	0	0	0	183.565	183.565	7.16688e-06	0	0	0	8.00665	4.34277	0	3.66388		300	0.687749	0.0212808	0.0212808	-0.0425615	0	0	0	0.687749	0	-0.355028	-111.796	0	20.391	20.391	-1.5099e-14	5.32541	0	0	0	0	0	0	0	0	0	0	0	0	0	0	0	0	0	0	0	0	0	0	0	0	0	0	0	0	0	0	0	0	0	
1	1	1	638	19.14		300	0	0	0.0319	0.0319	-0.0539855	0	0	0	183.721	183.721	7.16644e-06	0	0	0	8.02501	4.35423	0	3.67079		300	0.689046	0.0213218	0.0213218	-0.0426436	0	0	0	0.689046	0	-0.355028	-111.796	0	20.391	20.391	-1.5099e-14	5.32541	0	0	0	0	0	0	0	0	0	0	0	0	0	0	0	0	0	0	0	0	0	0	0	0	0	0	0	0	0	0	0	0	0	
1	1	1	639	19.17		300	0	0	0.03195	0.03195	-0.0540772	0	0	0	183.877	183.877	7.166e-06	0	0	0	8.04339	4.3657	0	3.67769		300	0.690342	0.0213628	0.0213628	-0.0427257	0	0	0	0.690342	0	-0.355028	-111.796	0	20.391	20.391	-1.5099e-14	5.32541	0	0	0	0	0	0	0	0	0	0	0	0	0	0	0	0	0	0	0	0	0	0	0	0	0	0	0	0	0	0	0	0	0	
1	1	1	640	19.2		300	0	0	0.032	0.032	-0.0541688	0	0	0	184.033	184.033	7.16555e-06	0	0	0	8.06179	4.37719	0	3.6846		300	0.691638	0.0214038	0.0214038	-0.0428077	0	0	0	0.691638	0	-0.355028	-111.796	0	20.391	20.391	-1.5099e-14	5.32541	0	0	0	0	0	0	0	0	0	0	0	0	0	0	0	0	0	0	0	0	0	0	0	0	0	0	0	0	0	0	0	0	0	
1	1	1	641	19.23		300	0	0	0.03205	0.03205	-0.0542605	0	0	0	184.189	184.189	7.1651e-06	0	0	0	8.0802	4.3887	0	3.6915		300	0.692933	0.0214448	0.0214448	-0.0428897	0	0	0	0.692933	0	-0.355028	-111.796	0	20.391	20.391	-1.5099e-14	5.32541	0	0	0	0	0	0	0	0	0	0	0	0	0	0	0	0	0	0	0	0	0	0	0	0	0	0	0	0	0	0	0	0	0	
1	1	1	642	19.26		300	0	0	0.0321	0.0321	-0.0543521	0	0	0	184.346	184.346	7.16465e-06	0	0	0	8.09863	4.40023	0	3.6984		300	0.694228	0.0214858	0.0214858	-0.0429716	0	0	0	0.694228	0	-0.355028	-111.796	0	20.391	20.391	-1.5099e-14	5.32541	0	0	0	0	0	0	0	0	0	0	0	0	0	0	0	0	0	0	0	0	0	0	0	0	0	0	0	0	0	0	0	0	0	
1	1	1	643	19.29		300	0	0	0.03215	0.03215	-0.0544437	0	0	0	184.503	184.503	7.16419e-06	0	0	0	8.11707	4.41177	0	3.7053		300	0.695522	0.0215268	0.0215268	-0.0430536	0	0	0	0.695522	0	-0.355028	-111.796	0	20.391	20.391	-1.5099e-14	5.32541	0	0	0	0	0	0	0	0	0	0	0	0	0	0	0	0	0	0	0	0	0	0	0	0	0	0	0	0	0	0	0	0	0	
1	1	1	644	19.32		300	0	0	0.0322	0.0322	-0.0545354	0	0	0	184.66	184.66	7.16373e-06	0	0	0	8.13553	4.42334	0	3.71219		300	0.696816	0.0215677	0.0215677	-0.0431355	0	0	0	0.696816	0	-0.355028	-111.796	0	20.391	20.391	-1.5099e-14	5.32541	0	0	0	0	0	0	0	0	0	0	0	0	0	0	0	0	0	0	0	0	0	0	0	0	0	0	0	0	0	0	0	0	0	
1	1	1	645	19.35		300	0	0	0.03225	0.03225	-0.054627	0	0	0	184.817	184.817	7.16326e-06	0	0	0	8.154	4.43492	0	3.71908		300	0.69811	0.0216087	0.0216087	-0.0432174	0	0	0	0.69811	0	-0.355028	-111.796	0	20.391	20.391	-1.5099e-14	5.32541	0	0	0	0	0	0	0	0	0	0	0	0	0	0	0	0	0	0	0	0	0	0	0	0	0	0	0	0	0	0	0	0	0	
1	1	1	646	19.38		300	0	0	0.0323	0.0323	-0.0547185	0	0	0	184.975	184.975	7.16279e-06	0	0	0	8.17249	4.44652	0	3.72597		300	0.699403	0.0216496	0.0216496	-0.0432992	0	0	0	0.699403	0	-0.355028	-111.796	0	20.391	20.391	-1.5099e-14	5.32541	0	0	0	0	0	0	0	0	0	0	0	0	0	0	0	0	0	0	0	0	0	0	0	0	0	0	0	0	0	0	0	0	0	
1	1	1	647	19.41		300	0	0	0.03235	0.03235	-0.0548101	0	0	0	185.132	185.132	7.16232e-06	0	0	0	8.191	4.45814	0	3.73286		300	0.700695	0.0216905	0.0216905	-0.0433811	0	0	0	0.700695	0	-0.355028	-111.796	0	20.391	20.391	-1.5099e-14	5.32541	0	0	0	0	0	0	0	0	0	0	0	0	0	0	0	0	0	0	0	0	0	0	0	0	0	0	0	0	0	0	0	0	0	
1	1	1	648	19.44		300	0	0	0.0324	0.0324	-0.0549017	0	0	0	185.29	185.29	7.16184e-06	0	0	0	8.20952	4.46977	0	3.73975		300	0.701987	0.0217314	0.0217314	-0.0434629	0	0	0	0.701987	0	-0.355028	-111.796	0	20.391	20.391	-1.5099e-14	5.32541	0	0	0	0	0	0	0	0	0	0	0	0	0	0	0	0	0	0	0	0	0	0	0	0	0	0	0	0	0	0	0	0	0	
1	1	1	649	19.47		300	0	0	0.03245	0.03245	-0.0549932	0	0	0	185.448	185.448	7.16136e-06	0	0	0	8.22806	4.48143	0	3.74663		300	0.703279	0.0217723	0.0217723	-0.0435447	0	0	0	0.703279	0	-0.355028	-111.796	0	20.391	20.391	-1.5099e-14	5.32541	0	0	0	0	0	0	0	0	0	0	0	0	0	0	0	0	0	0	0	0	0	0	0	0	0	0	0	0	0	0	0	0	0	
1	1	1	650	19.5		300	0	0	0.0325	0.0325	-0.0550848	0	0	0	185.607	185.607	7.16087e-06	0	0	0	8.24661	4.4931	0	3.75351		300	0.70457	0.0218132	0.0218132	-0.0436264	0	0	0	0.70457	0	-0.355028	-111.796	0	20.391	20.391	-1.5099e-14	5.32541	0	0	0	0	0	0	0	0	0	0	0	0	0	0	0	0	0	0	0	0	0	0	0	0	0	0	0	0	0	0	0	0	0	
1	1	1	651	19.53		300	0	0	0.03255	0.03255	-0.0551763	0	0	0	185.766	185.766	7.16038e-06	0	0	0	8.26518	4.50479	0	3.76039		300	0.705861	0.0218541	0.0218541	-0.0437081	0	0	0	0.705861	0	-0.355028	-111.796	0	20.391	20.391	-1.5099e-14	5.32541	0	0	0	0	0	0	0	0	0	0	0	0	0	0	0	0	0	0	0	0	0	0	0	0	0	0	0	0	0	0	0	0	0	
1	1	1	652	19.56		300	0	0	0.0326	0.0326	-0.0552678	0	0	0	185.925	185.925	7.15989e-06	0	0	0	8.28376	4.5165	0	3.76726		300	0.707151	0.0218949	0.0218949	-0.0437898	0	0	0	0.707151	0	-0.355028	-111.796	0	20.391	20.391	-1.5099e-14	5.32541	0	0	0	0	0	0	0	0	0	0	0	0	0	0	0	0	0	0	0	0	0	0	0	0	0	0	0	0	0	0	0	0	0	
1	1	1	653	19.59		300	0	0	0.03265	0.03265	-0.0553593	0	0	0	186.084	186.084	7.15939e-06	0	0	0	8.30236	4.52823	0	3.77413		300	0.70844	0.0219357	0.0219357	-0.0438715	0	0	0	0.70844	0	-0.355028	-111.796	0	20.391	20.391	-1.5099e-14	5.32541	0	0	0	0	0	0	0	0	0	0	0	0	0	0	0	0	0	0	0	0	0	0	0	0	0	0	0	0	0	0	0	0	0	
1	1	1	654	19.62		300	0	0	0.0327	0.0327	-0.0554508	0	0	0	186.243	186.243	7.15889e-06	0	0	0	8.32098	4.53998	0	3.781		300	0.70973	0.0219766	0.0219766	-0.0439531	0	0	0	0.70973	0	-0.355028	-111.796	0	20.391	20.391	-1.5099e-14	5.32541	0	0	0	0	0	0	0	0	0	0	0	0	0	0	0	0	0	0	0	0	0	0	0	0	0	0	0	0	0	0	0	0	0	
1	1	1	655	19.65		300	0	0	0.03275	0.03275	-0.0555422	0	0	0	186.403	186.403	7.15838e-06	0	0	0	8.33961	4.55174	0	3.78787		300	0.711018	0.0220174	0.0220174	-0.0440347	0	0	0	0.711018	0	-0.355028	-111.796	0	20.391	20.391	-1.5099e-14	5.32541	0	0	0	0	0	0	0	0	0	0	0	0	0	0	0	0	0	0	0	0	0	0	0	0	0	0	0	0	0	0	0	0	0	
1	1	1	656	19.68		300	0	0	0.0328	0.0328	-0.0556337	0	0	0	186.563	186.563	7.15787e-06	0	0	0	8.35826	4.56353	0	3.79473		300	0.712306	0.0220582	0.0220582	-0.0441163	0	0	0	0.712306	0	-0.355028	-111.796	0	20.391	20.391	-1.5099e-14	5.32541	0	0	0	0	0	0	0	0	0	0	0	0	0	0	0	0	0	0	0	0	0	0	0	0	0	0	0	0	0	0	0	0	0	
1	1	1	657	19.71		300	0	0	0.03285	0.03285	-0.0557251	0	0	0	186.723	186.723	7.15736e-06	0	0	0	8.37692	4.57533	0	3.80159		300	0.713594	0.0220989	0.0220989	-0.0441979	0	0	0	0.713594	0	-0.355028	-111.796	0	20.391	20.391	-1.5099e-14	5.32541	0	0	0	0	0	0	0	0	0	0	0	0	0	0	0	0	0	0	0	0	0	0	0	0	0	0	0	0	0	0	0	0	0	
1	1	1	658	19.74		300	0	0	0.0329	0.0329	-0.0558166	0	0	0	186.884	186.884	7.15684e-06	0	0	0	8.3956	4.58715	0	3.80845		300	0.714881	0.0221397	0.0221397	-0.0442794	0	0	0	0.714881	0	-0.355028	-111.796	0	20.391	20.391	-1.5099e-14	5.32541	0	0	0	0	0	0	0	0	0	0	0	0	0	0	0	0	0	0	0	0	0	0	0	0	0	0	0	0	0	0	0	0	0	
1	1	1	659	19.77		300	0	0	0.03295	0.03295	-0.055908	0	0	0	187.044	187.044	7.15632e-06	0	0	0	8.4143	4.59899	0	3.81531		300	0.716167	0.0221804	0.0221804	-0.0443609	0	0	0	0.716167	0	-0.355028	-111.796	0	20.391	20.391	-1.5099e-14	5.32541	0	0	0	0	0	0	0	0	0	0	0	0	0	0	0	0	0	0	0	0	0	0	0	0	0	0	0	0	0	0	0	0	0	
1	1	1	660	19.8		300	0	0	0.033	0.033	-0.0559994	0	0	0	187.205	187.205	7.15579e-06	0	0	0	8.43301	4.61085	0	3.82216		300	0.717453	0.0222212	0.0222212	-0.0444423	0	0	0	0.717453	0	-0.355028	-111.796	0	20.391	20.391	-1.5099e-14	5.32541	0	0	0	0	0	0	0	0	0	0	0	0	0	0	0	0	0	0	0	0	0	0	0	0	0	0	0	0	0	0	0	0	0	
1	1	1	661	19.83		300	0	0	0.03305	0.03305	-0.0560907	0	0	0	187.367	187.367	7.15526e-06	0	0	0	8.45174	4.62273	0	3.82901		300	0.718739	0.0222619	0.0222619	-0.0445238	0	0	0	0.718739	0	-0.355028	-111.796	0	20.391	20.391	-1.5099e-14	5.32541	0	0	0	0	0	0	0	0	0	0	0	0	0	0	0	0	0	0	0	0	0	0	0	0	0	0	0	0	0	0	0	0	0	
1	1	1	662	19.86		300	0	0	0.0331	0.0331	-0.0561821	0	0	0	187.528	187.528	7.15473e-06	0	0	0	8.47049	4.63463	0	3.83585		300	0.720024	0.0223026	0.0223026	-0.0446052	0	0	0	0.720024	0	-0.355028	-111.796	0	20.391	20.391	-1.5099e-14	5.32541	0	0	0	0	0	0	0	0	0	0	0	0	0	0	0	0	0	0	0	0	0	0	0	0	0	0	0	0	0	0	0	0	0	
1	1	1	663	19.89		300	0	0	0.03315	0.03315	-0.0562735	0	0	0	187.69	187.69	7.15419e-06	0	0	0	8.48925	4.64655	0	3.8427		300	0.721308	0.0223433	0.0223433	-0.0446865	0	0	0	0.721308	0	-0.355028	-111.796	0	20.391	20.391	-1.5099e-14	5.32541	0	0	0	0	0	0	0	0	0	0	0	0	0	0	0	0	0	0	0	0	0	0	0	0	0	0	0	0	0	0	0	0	0	
1	1	1	664	19.92		300	0	0	0.0332	0.0332	-0.0563648	0	0	0	187.852	187.852	7.15365e-06	0	0	0	8.50802	4.65848	0	3.84954		300	0.722592	0.0223839	0.0223839	-0.0447679	0	0	0	0.722592	0	-0.355028	-111.796	0	20.391	20.391	-1.5099e-14	5.32541	0	0	0	0	0	0	0	0	0	0	0	0	0	0	0	0	0	0	0	0	0	0	0	0	0	0	0	0	0	0	0	0	0	
1	1	1	665	19.95		300	0	0	0.03325	0.03325	-0.0564561	0	0	0	188.015	188.015	7.1531e-06	0	0	0	8.52682	4.67044	0	3.85638		300	0.723875	0.0224246	0.0224246	-0.0448492	0	0	0	0.723875	0	-0.355028	-111.796	0	20.391	20.391	-1.5099e-14	5.32541	0	0	0	0	0	0	0	0	0	0	0	0	0	0	0	0	0	0	0	0	0	0	0	0	0	0	0	0	0	0	0	0	0	
1	1	1	666	19.98		300	0	0	0.0333	0.0333	-0.0565474	0	0	0	188.177	188.177	7.15255e-06	0	0	0	8.54563	4.68241	0	3.86321		300	0.725158	0.0224652	0.0224652	-0.0449304	0	0	0	0.725158	0	-0.355028	-111.796	0	20.391	20.391	-1.5099e-14	5.32541	0	0	0	0	0	0	0	0	0	0	0	0	0	0	0	0	0	0	0	0	0	0	0	0	0	0	0	0	0	0	0	0	0	
1	1	1	667	20.01		300	0	0	0.03335	0.03335	-0.0566387	0	0	0	188.34	188.34	7.152e-06	0	0	0	8.56445	4.69441	0	3.87005		300	0.72644	0.0225058	0.0225058	-0.0450117	0	0	0	0.72644	0	-0.355028	-111.796	0	20.391	20.391	-1.5099e-14	5.32541	0	0	0	0	0	0	0	0	0	0	0	0	0	0	0	0	0	0	0	0	0	0	0	0	0	0	0	0	0	0	0	0	0	
1	1	1	668	20.04		300	0	0	0.0334	0.0334	-0.05673	0	0	0	188.503	188.503	7.15144e-06	0	0	0	8.58329	4.70642	0	3.87687		300	0.727722	0.0225464	0.0225464	-0.0450929	0	0	0	0.727722	0	-0.355028	-111.796	0	20.391	20.391	-1.5099e-14	5.32541	0	0	0	0	0	0	0	0	0	0	0	0	0	0	0	0	0	0	0	0	0	0	0	0	0	0	0	0	0	0	0	0	0	
1	1	1	669	20.07		300	0	0	0.03345	0.03345	-0.0568213	0	0	0	188.667	188.667	7.15087e-06	0	0	0	8.60215	4.71845	0	3.8837		300	0.729003	0.022587	0.022587	-0.045174	0	0	0	0.729003	0	-0.355028	-111.796	0	20.391	20.391	-1.5099e-14	5.32541	0	0	0	0	0	0	0	0	0	0	0	0	0	0	0	0	0	0	0	0	0	0	0	0	0	0	0	0	0	0	0	0	0	
1	1	1	670	20.1		300	0	0	0.0335	0.0335	-0.0569125	0	0	0	188.831	188.831	7.1503e-06	0	0	0	8.62103	4.7305	0	3.89052		300	0.730283	0.0226276	0.0226276	-0.0452552	0	0	0	0.730283	0	-0.355028	-111.796	0	20.391	20.391	-1.5099e-14	5.32541	0	0	0	0	0	0	0	0	0	0	0	0	0	0	0	0	0	0	0	0	0	0	0	0	0	0	0	0	0	0	0	0	0	
1	1	1	671	20.13		300	0	0	0.03355	0.03355	-0.0570038	0	0	0	188.995	188.995	7.14973e-06	0	0	0	8.63992	4.74258	0	3.89734		300	0.731563	0.0226681	0.0226681	-0.0453363	0	0	0	0.731563	0	-0.355028	-111.796	0	20.391	20.391	-1.5099e-14	5.32541	0	0	0	0	0	0	0	0	0	0	0	0	0	0	0	0	0	0	0	0	0	0	0	0	0	0	0	0	0	0	0	0	0	
1	1	1	672	20.16		300	0	0	0.0336	0.0336	-0.057095	0	0	0	189.159	189.159	7.14915e-06	0	0	0	8.65883	4.75467	0	3.90416		300	0.732842	0.0227087	0.0227087	-0.0454173	0	0	0	0.732842	0	-0.355028	-111.796	0	20.391	20.391	-1.5099e-14	5.32541	0	0	0	0	0	0	0	0	0	0	0	0	0	0	0	0	0	0	0	0	0	0	0	0	0	0	0	0	0	0	0	0	0	
1	1	1	673	20.19		300	0	0	0.03365	0.03365	-0.0571862	0	0	0	189.324	189.324	7.14857e-06	0	0	0	8.67775	4.76678	0	3.91097		300	0.734121	0.0227492	0.0227492	-0.0454984	0	0	0	0.734121	0	-0.355028	-111.796	0	20.391	20.391	-1.5099e-14	5.32541	0	0	0	0	0	0	0	0	0	0	0	0	0	0	0	0	0	0	0	0	0	0	0	0	0	0	0	0	0	0	0	0	0	
1	1	1	674	20.22		300	0	0	0.0337	0.0337	-0.0572774	0	0	0	189.489	189.489	7.14798e-06	0	0	0	8.69669	4.77891	0	3.91778		300	0.735399	0.0227897	0.0227897	-0.0455794	0	0	0	0.735399	0	-0.355028	-111.796	0	20.391	20.391	-1.5099e-14	5.32541	0	0	0	0	0	0	0	0	0	0	0	0	0	0	0	0	0	0	0	0	0	0	0	0	0	0	0	0	0	0	0	0	0	
1	1	1	675	20.25		300	0	0	0.03375	0.03375	-0.0573685	0	0	0	189.654	189.654	7.14739e-06	0	0	0	8.71565	4.79106	0	3.92459		300	0.736676	0.0228302	0.0228302	-0.0456603	0	0	0	0.736676	0	-0.355028	-111.796	0	20.391	20.391	-1.5099e-14	5.32541	0	0	0	0	0	0	0	0	0	0	0	0	0	0	0	0	0	0	0	0	0	0	0	0	0	0	0	0	0	0	0	0	0	
1	1	1	676	20.28		300	0	0	0.0338	0.0338	-0.0574597	0	0	0	189.82	189.82	7.1468e-06	0	0	0	8.73462	4.80323	0	3.9314		300	0.737953	0.0228706	0.0228706	-0.0457412	0	0	0	0.737953	0	-0.355028	-111.796	0	20.391	20.391	-1.5099e-14	5.32541	0	0	0	0	0	0	0	0	0	0	0	0	0	0	0	0	0	0	0	0	0	0	0	0	0	0	0	0	0	0	0	0	0	
1	1	1	677	20.31		300	0	0	0.03385	0.03385	-0.0575508	0	0	0	189.986	189.986	7.1462e-06	0	0	0	8.75361	4.81542	0	3.9382		300	0.739229	0.0229111	0.0229111	-0.0458221	0	0	0	0.739229	0	-0.355028	-111.796	0	20.391	20.391	-1.5099e-14	5.32541	0	0	0	0	0	0	0	0	0	0	0	0	0	0	0	0	0	0	0	0	0	0	0	0	0	0	0	0	0	0	0	0	0	
1	1	1	678	20.34		300	0	0	0.0339	0.0339	-0.0576419	0	0	0	190.152	190.152	7.14559e-06	0	0	0	8.77262	4.82762	0	3.94499		300	0.740505	0.0229515	0.0229515	-0.045903	0	0	0	0.740505	0	-0.355028	-111.796	0	20.391	20.391	-1.5099e-14	5.32541	0	0	0	0	0	0	0	0	0	0	0	0	0	0	0	0	0	0	0	0	0	0	0	0	0	0	0	0	0	0	0	0	0	
1	1	1	679	20.37		300	0	0	0.03395	0.03395	-0.057733	0	0	0	190.319	190.319	7.14498e-06	0	0	0	8.79164	4.83985	0	3.95179		300	0.74178	0.0229919	0.0229919	-0.0459838	0	0	0	0.74178	0	-0.355028	-111.796	0	20.391	20.391	-1.5099e-14	5.32541	0	0	0	0	0	0	0	0	0	0	0	0	0	0	0	0	0	0	0	0	0	0	0	0	0	0	0	0	0	0	0	0	0	
1	1	1	680	20.4		300	0	0	0.034	0.034	-0.0578241	0	0	0	190.486	190.486	7.14437e-06	0	0	0	8.81068	4.8521	0	3.95858		300	0.743054	0.0230323	0.0230323	-0.0460646	0	0	0	0.743054	0	-0.355028	-111.796	0	20.391	20.391	-1.5099e-14	5.32541	0	0	0	0	0	0	0	0	0	0	0	0	0	0	0	0	0	0	0	0	0	0	0	0	0	0	0	0	0	0	0	0	0	
1	1	1	681	20.43		300	0	0	0.03405	0.03405	-0.0579152	0	0	0	190.653	190.653	7.14375e-06	0	0	0	8.82974	4.86437	0	3.96537		300	0.744328	0.0230727	0.0230727	-0.0461453	0	0	0	0.744328	0	-0.355028	-111.796	0	20.391	20.391	-1.5099e-14	5.32541	0	0	0	0	0	0	0	0	0	0	0	0	0	0	0	0	0	0	0	0	0	0	0	0	0	0	0	0	0	0	0	0	0	
1	1	1	682	20.46		300	0	0	0.0341	0.0341	-0.0580062	0	0	0	190.821	190.821	7.14313e-06	0	0	0	8.84881	4.87666	0	3.97215		300	0.745601	0.023113	0.023113	-0.046226	0	0	0	0.745601	0	-0.355028	-111.796	0	20.391	20.391	-1.5099e-14	5.32541	0	0	0	0	0	0	0	0	0	0	0	0	0	0	0	0	0	0	0	0	0	0	0	0	0	0	0	0	0	0	0	0	0	
1	1	1	683	20.49		300	0	0	0.03415	0.03415	-0.0580973	0	0	0	190.989	190.989	7.1425e-06	0	0	0	8.8679	4.88897	0	3.97893		300	0.746873	0.0231533	0.0231533	-0.0463067	0	0	0	0.746873	0	-0.355028	-111.796	0	20.391	20.391	-1.5099e-14	5.32541	0	0	0	0	0	0	0	0	0	0	0	0	0	0	0	0	0	0	0	0	0	0	0	0	0	0	0	0	0	0	0	0	0	
1	1	1	684	20.52		300	0	0	0.0342	0.0342	-0.0581883	0	0	0	191.157	191.157	7.14187e-06	0	0	0	8.88701	4.9013	0	3.98571		300	0.748145	0.0231937	0.0231937	-0.0463873	0	0	0	0.748145	0	-0.355028	-111.796	0	20.391	20.391	-1.5099e-14	5.32541	0	0	0	0	0	0	0	0	0	0	0	0	0	0	0	0	0	0	0	0	0	0	0	0	0	0	0	0	0	0	0	0	0	
1	1	1	685	20.55		300	0	0	0.03425	0.03425	-0.0582793	0	0	0	191.325	191.325	7.14123e-06	0	0	0	8.90614	4.91365	0	3.99248		300	0.749416	0.023234	0.023234	-0.0464679	0	0	0	0.749416	0	-0.355028	-111.796	0	20.391	20.391	-1.5099e-14	5.32541	0	0	0	0	0	0	0	0	0	0	0	0	0	0	0	0	0	0	0	0	0	0	0	0	0	0	0	0	0	0	0	0	0	
1	1	1	686	20.58		300	0	0	0.0343	0.0343	-0.0583703	0	0	0	191.494	191.494	7.14059e-06	0	0	0	8.92528	4.92602	0	3.99925		300	0.750687	0.0232742	0.0232742	-0.0465485	0	0	0	0.750687	0	-0.355028	-111.796	0	20.391	20.391	-1.5099e-14	5.32541	0	0	0	0	0	0	0	0	0	0	0	0	0	0	0	0	0	0	0	0	0	0	0	0	0	0	0	0	0	0	0	0	0	
1	1	1	687	20.61		300	0	0	0.03435	0.03435	-0.0584612	0	0	0	191.664	191.664	7.13994e-06	0	0	0	8.94443	4.93841	0	4.00602		300	0.751957	0.0233145	0.0233145	-0.046629	0	0	0	0.751957	0	-0.355028	-111.796	0	20.391	20.391	-1.5099e-14	5.32541	0	0	0	0	0	0	0	0	0	0	0	0	0	0	0	0	0	0	0	0	0	0	0	0	0	0	0	0	0	0	0	0	0	
1	1	1	688	20.64		300	0	0	0.0344	0.0344	-0.0585521	0	0	0	191.833	191.833	7.13929e-06	0	0	0	8.96361	4.95083	0	4.01278		300	0.753226	0.0233547	0.0233547	-0.0467094	0	0	0	0.753226	0	-0.355028	-111.796	0	20.391	20.391	-1.5099e-14	5.32541	0	0	0	0	0	0	0	0	0	0	0	0	0	0	0	0	0	0	0	0	0	0	0	0	0	0	0	0	0	0	0	0	0	
1	1	1	689	20.67		300	0	0	0.03445	0.03445	-0.0586431	0	0	0	192.003	192.003	7.13863e-06	0	0	0	8.9828	4.96326	0	4.01954		300	0.754494	0.0233949	0.0233949	-0.0467899	0	0	0	0.754494	0	-0.355028	-111.796	0	20.391	20.391	-1.5099e-14	5.32541	0	0	0	0	0	0	0	0	0	0	0	0	0	0	0	0	0	0	0	0	0	0	0	0	0	0	0	0	0	0	0	0	0	
1	1	1	690	20.7		300	0	0	0.0345	0.0345	-0.058734	0	0	0	192.173	192.173	7.13797e-06	0	0	0	9.00201	4.97571	0	4.0263		300	0.755762	0.0234351	0.0234351	-0.0468702	0	0	0	0.755762	0	-0.355028	-111.796	0	20.391	20.391	-1.5099e-14	5.32541	0	0	0	0	0	0	0	0	0	0	0	0	0	0	0	0	0	0	0	0	0	0	0	0	0	0	0	0	0	0	0	0	0	
1	1	1	691	20.73		300	0	0	0.03455	0.03455	-0.0588249	0	0	0	192.344	192.344	7.1373e-06	0	0	0	9.02124	4.98818	0	4.03305		300	0.757029	0.0234753	0.0234753	-0.0469506	0	0	0	0.757029	0	-0.355028	-111.796	0	20.391	20.391	-1.5099e-14	5.32541	0	0	0	0	0	0	0	0	0	0	0	0	0	0	0	0	0	0	0	0	0	0	0	0	0	0	0	0	0	0	0	0	0	
1	1	1	692	20.76		300	0	0	0.0346	0.0346	-0.0589157	0	0	0	192.515	192.515	7.13663e-06	0	0	0	9.04048	5.00068	0	4.0398		300	0.758295	0.0235154	0.0235154	-0.0470309	0	0	0	0.758295	0	-0.355028	-111.796	0	20.391	20.391	-1.5099e-14	5.32541	0	0	0	0	0	0	0	0	0	0	0	0	0	0	0	0	0	0	0	0	0	0	0	0	0	0	0	0	0	0	0	0	0	
1	1	1	693	20.79		300	0	0	0.03465	0.03465	-0.0590066	0	0	0	192.687	192.687	7.13595e-06	0	0	0	9.05974	5.01319	0	4.04654		300	0.759561	0.0235556	0.0235556	-0.0471112	0	0	0	0.759561	0	-0.355028	-111.796	0	20.391	20.391	-1.5099e-14	5.32541	0	0	0	0	0	0	0	0	0	0	0	0	0	0	0	0	0	0	0	0	0	0	0	0	0	0	0	0	0	0	0	0	0	
1	1	1	694	20.82		300	0	0	0.0347	0.0347	-0.0590974	0	0	0	192.858	192.858	7.13527e-06	0	0	0	9.07902	5.02573	0	4.05329		300	0.760826	0.0235957	0.0235957	-0.0471914	0	0	0	0.760826	0	-0.355028	-111.796	0	20.391	20.391	-1.5099e-14	5.32541	0	0	0	0	0	0	0	0	0	0	0	0	0	0	0	0	0	0	0	0	0	0	0	0	0	0	0	0	0	0	0	0	0	
1	1	1	695	20.85		300	0	0	0.03475	0.03475	-0.0591882	0	0	0	193.03	193.03	7.13458e-06	0	0	0	9.09831	5.03829	0	4.06002		300	0.76209	0.0236358	0.0236358	-0.0472716	0	0	0	0.76209	0	-0.355028	-111.796	0	20.391	20.391	-1.5099e-14	5.32541	0	0	0	0	0	0	0	0	0	0	0	0	0	0	0	0	0	0	0	0	0	0	0	0	0	0	0	0	0	0	0	0	0	
1	1	1	696	20.88		300	0	0	0.0348	0.0348	-0.059279	0	0	0	193.203	193.203	7.13388e-06	0	0	0	9.11762	5.05087	0	4.06676		300	0.763353	0.0236758	0.0236758	-0.0473517	0	0	0	0.763353	0	-0.355028	-111.796	0	20.391	20.391	-1.5099e-14	5.32541	0	0	0	0	0	0	0	0	0	0	0	0	0	0	0	0	0	0	0	0	0	0	0	0	0	0	0	0	0	0	0	0	0	
1	1	1	697	20.91		300	0	0	0.03485	0.03485	-0.0593697	0	0	0	193.376	193.376	7.13319e-06	0	0	0	9.13695	5.06347	0	4.07349		300	0.764616	0.0237159	0.0237159	-0.0474318	0	0	0	0.764616	0	-0.355028	-111.796	0	20.391	20.391	-1.5099e-14	5.32541	0	0	0	0	0	0	0	0	0	0	0	0	0	0	0	0	0	0	0	0	0	0	0	0	0	0	0	0	0	0	0	0	0	
1	1	1	698	20.94		300	0	0	0.0349	0.0349	-0.0594605	0	0	0	193.549	193.549	7.13248e-06	0	0	0	9.1563	5.07609	0	4.08021		300	0.765878	0.0237559	0.0237559	-0.0475118	0	0	0	0.765878	0	-0.355028	-111.796	0	20.391	20.391	-1.5099e-14	5.32541	0	0	0	0	0	0	0	0	0	0	0	0	0	0	0	0	0	0	0	0	0	0	0	0	0	0	0	0	0	0	0	0	0	
1	1	1	699	20.97		300	0	0	0.03495	0.03495	-0.0595512	0	0	0	193.723	193.723	7.13177e-06	0	0	0	9.17566	5.08873	0	4.08693		300	0.767139	0.0237959	0.0237959	-0.0475918	0	0	0	0.767139	0	-0.355028	-111.796	0	20.391	20.391	-1.5099e-14	5.32541	0	0	0	0	0	0	0	0	0	0	0	0	0	0	0	0	0	0	0	0	0	0	0	0	0	0	0	0	0	0	0	0	0	
1	1	1	700	21		300	0	0	0.035	0.035	-0.0596419	0	0	0	193.897	193.897	7.13106e-06	0	0	0	9.19504	5.10139	0	4.09365		300	0.7684	0.0238359	0.0238359	-0.0476718	0	0	0	0.7684	0	-0.355028	-111.796	0	20.391	20.391	-1.5099e-14	5.32541	0	0	0	0	0	0	0	0	0	0	0	0	0	0	0	0	0	0	0	0	0	0	0	0	0	0	0	0	0	0	0	0	0	
1	1	1	701	21.03		300	0	0	0.03505	0.03505	-0.0597326	0	0	0	194.071	194.071	7.13034e-06	0	0	0	9.21444	5.11408	0	4.10036		300	0.769659	0.0238758	0.0238758	-0.0477517	0	0	0	0.769659	0	-0.355028	-111.796	0	20.391	20.391	-1.5099e-14	5.32541	0	0	0	0	0	0	0	0	0	0	0	0	0	0	0	0	0	0	0	0	0	0	0	0	0	0	0	0	0	0	0	0	0	
1	1	1	702	21.06		300	0	0	0.0351	0.0351	-0.0598232	0	0	0	194.246	194.246	7.12961e-06	0	0	0	9.23386	5.12678	0	4.10707		300	0.770918	0.0239158	0.0239158	-0.0478316	0	0	0	0.770918	0	-0.355028	-111.796	0	20.391	20.391	-1.5099e-14	5.32541	0	0	0	0	0	0	0	0	0	0	0	0	0	0	0	0	0	0	0	0	0	0	0	0	0	0	0	0	0	0	0	0	0	
1	1	1	703	21.09		300	0	0	0.03515	0.03515	-0.0599139	0	0	0	194.422	194.422	7.12888e-06	0	0	0	9.25329	5.13951	0	4.11378		300	0.772177	0.0239557	0.0239557	-0.0479114	0	0	0	0.772177	0	-0.355028	-111.796	0	20.391	20.391	-1.5099e-14	5.32541	0	0	0	0	0	0	0	0	0	0	0	0	0	0	0	0	0	0	0	0	0	0	0	0	0	0	0	0	0	0	0	0	0	
1	1	1	704	21.12		300	0	0	0.0352	0.0352	-0.0600045	0	0	0	194.597	194.597	7.12814e-06	0	0	0	9.27274	5.15226	0	4.12048		300	0.773434	0.0239956	0.0239956	-0.0479911	0	0	0	0.773434	0	-0.355028	-111.796	0	20.391	20.391	-1.5099e-14	5.32541	0	0	0	0	0	0	0	0	0	0	0	0	0	0	0	0	0	0	0	0	0	0	0	0	0	0	0	0	0	0	0	0	0	
1	1	1	705	21.15		300	0	0	0.03525	0.03525	-0.0600951	0	0	0	194.773	194.773	7.1274e-06	0	0	0	9.29221	5.16503	0	4.12718		300	0.774691	0.0240354	0.0240354	-0.0480709	0	0	0	0.774691	0	-0.355028	-111.796	0	20.391	20.391	-1.5099e-14	5.32541	0	0	0	0	0	0	0	0	0	0	0	0	0	0	0	0	0	0	0	0	0	0	0	0	0	0	0	0	0	0	0	0	0	
1	1	1	706	21.18		300	0	0	0.0353	0.0353	-0.0601857	0	0	0	194.95	194.95	7.12665e-06	0	0	0	9.3117	5.17783	0	4.13387		300	0.775946	0.0240753	0.0240753	-0.0481505	0	0	0	0.775946	0	-0.355028	-111.796	0	20.391	20.391	-1.5099e-14	5.32541	0	0	0	0	0	0	0	0	0	0	0	0	0	0	0	0	0	0	0	0	0	0	0	0	0	0	0	0	0	0	0	0	0	
1	1	1	707	21.21		300	0	0	0.03535	0.03535	-0.0602762	0	0	0	195.127	195.127	7.1259e-06	0	0	0	9.3312	5.19064	0	4.14056		300	0.777202	0.0241151	0.0241151	-0.0482302	0	0	0	0.777202	0	-0.355028	-111.796	0	20.391	20.391	-1.5099e-14	5.32541	0	0	0	0	0	0	0	0	0	0	0	0	0	0	0	0	0	0	0	0	0	0	0	0	0	0	0	0	0	0	0	0	0	
1	1	1	708	21.24		300	0	0	0.0354	0.0354	-0.0603667	0	0	0	195.304	195.304	7.12514e-06	0	0	0	9.35072	5.20348	0	4.14724		300	0.778456	0.0241549	0.0241549	-0.0483097	0	0	0	0.778456	0	-0.355028	-111.796	0	20.391	20.391	-1.5099e-14	5.32541	0	0	0	0	0	0	0	0	0	0	0	0	0	0	0	0	0	0	0	0	0	0	0	0	0	0	0	0	0	0	0	0	0	
1	1	1	709	21.27		300	0	0	0.03545	0.03545	-0.0604572	0	0	0	195.482	195.482	7.12437e-06	0	0	0	9.37026	5.21634	0	4.15392		300	0.779709	0.0241946	0.0241946	-0.0483893	0	0	0	0.779709	0	-0.355028	-111.796	0	20.391	20.391	-1.5099e-14	5.32541	0	0	0	0	0	0	0	0	0	0	0	0	0	0	0	0	0	0	0	0	0	0	0	0	0	0	0	0	0	0	0	0	0	
1	1	1	710	21.3		300	0	0	0.0355	0.0355	-0.0605477	0	0	0	195.66	195.66	7.1236e-06	0	0	0	9.38982	5.22922	0	4.1606		300	0.780962	0.0242344	0.0242344	-0.0484688	0	0	0	0.780962	0	-0.355028	-111.796	0	20.391	20.391	-1.5099e-14	5.32541	0	0	0	0	0	0	0	0	0	0	0	0	0	0	0	0	0	0	0	0	0	0	0	0	0	0	0	0	0	0	0	0	0	
1	1	1	711	21.33		300	0	0	0.03555	0.03555	-0.0606382	0	0	0	195.839	195.839	7.12282e-06	0	0	0	9.40939	5.24212	0	4.16727		300	0.782213	0.0242741	0.0242741	-0.0485482	0	0	0	0.782213	0	-0.355028	-111.796	0	20.391	20.391	-1.5099e-14	5.32541	0	0	0	0	0	0	0	0	0	0	0	0	0	0	0	0	0	0	0	0	0	0	0	0	0	0	0	0	0	0	0	0	0	
1	1	1	712	21.36		300	0	0	0.0356	0.0356	-0.0607286	0	0	0	196.018	196.018	7.12204e-06	0	0	0	9.42899	5.25505	0	4.17394		300	0.783464	0.0243138	0.0243138	-0.0486276	0	0	0	0.783464	0	-0.355028	-111.796	0	20.391	20.391	-1.5099e-14	5.32541	0	0	0	0	0	0	0	0	0	0	0	0	0	0	0	0	0	0	0	0	0	0	0	0	0	0	0	0	0	0	0	0	0	
1	1	1	713	21.39		300	0	0	0.03565	0.03565	-0.060819	0	0	0	196.197	196.197	7.12125e-06	0	0	0	9.4486	5.268	0	4.1806		300	0.784714	0.0243534	0.0243534	-0.0487069	0	0	0	0.784714	0	-0.355028	-111.796	0	20.391	20.391	-1.5099e-14	5.32541	0	0	0	0	0	0	0	0	0	0	0	0	0	0	0	0	0	0	0	0	0	0	0	0	0	0	0	0	0	0	0	0	0	
1	1	1	714	21.42		300	0	0	0.0357	0.0357	-0.0609094	0	0	0	196.377	196.377	7.12045e-06	0	0	0	9.46822	5.28097	0	4.18726		300	0.785964	0.0243931	0.0243931	-0.0487862	0	0	0	0.785964	0	-0.355028	-111.796	0	20.391	20.391	-1.5099e-14	5.32541	0	0	0	0	0	0	0	0	0	0	0	0	0	0	0	0	0	0	0	0	0	0	0	0	0	0	0	0	0	0	0	0	0	
1	1	1	715	21.45		300	0	0	0.03575	0.03575	-0.0609998	0	0	0	196.558	196.558	7.11965e-06	0	0	0	9.48787	5.29396	0	4.19391		300	0.787212	0.0244327	0.0244327	-0.0488654	0	0	0	0.787212	0	-0.355028	-111.796	0	20.391	20.391	-1.5099e-14	5.32541	0	0	0	0	0	0	0	0	0	0	0	0	0	0	0	0	0	0	0	0	0	0	0	0	0	0	0	0	0	0	0	0	0	
1	1	1	716	21.48		300	0	0	0.0358	0.0358	-0.0610901	0	0	0	196.738	196.738	7.11884e-06	0	0	0	9.50754	5.30698	0	4.20056		300	0.788459	0.0244723	0.0244723	-0.0489446	0	0	0	0.788459	0	-0.355028	-111.796	0	20.391	20.391	-1.5099e-14	5.32541	0	0	0	0	0	0	0	0	0	0	0	0	0	0	0	0	0	0	0	0	0	0	0	0	0	0	0	0	0	0	0	0	0	
1	1	1	717	21.51		300	0	0	0.03585	0.03585	-0.0611804	0	0	0	196.92	196.92	7.11803e-06	0	0	0	9.52722	5.32002	0	4.2072		300	0.789706	0.0245118	0.0245118	-0.0490237	0	0	0	0.789706	0	-0.355028	-111.796	0	20.391	20.391	-1.5099e-14	5.32541	0	0	0	0	0	0	0	0	0	0	0	0	0	0	0	0	0	0	0	0	0	0	0	0	0	0	0	0	0	0	0	0	0	
1	1	1	718	21.54		300	0	0	0.0359	0.0359	-0.0612707	0	0	0	197.102	197.102	7.11721e-06	0	0	0	9.54692	5.33308	0	4.21384		300	0.790952	0.0245514	0.0245514	-0.0491028	0	0	0	0.790952	0	-0.355028	-111.796	0	20.391	20.391	-1.5099e-14	5.32541	0	0	0	0	0	0	0	0	0	0	0	0	0	0	0	0	0	0	0	0	0	0	0	0	0	0	0	0	0	0	0	0	0	
1	1	1	719	21.57		300	0	0	0.03595	0.03595	-0.061361	0	0	0	197.284	197.284	7.11638e-06	0	0	0	9.56664	5.34616	0	4.22048		300	0.792196	0.0245909	0.0245909	-0.0491818	0	0	0	0.792196	0	-0.355028	-111.796	0	20.391	20.391	-1.5099e-14	5.32541	0	0	0	0	0	0	0	0	0	0	0	0	0	0	0	0	0	0	0	0	0	0	0	0	0	0	0	0	0	0	0	0	0	
1	1	1	720	21.6		300	0	0	0.036	0.036	-0.0614512	0	0	0	197.467	197.467	7.11555e-06	0	0	0	9.58638	5.35927	0	4.22711		300	0.79344	0.0246304	0.0246304	-0.0492607	0	0	0	0.79344	0	-0.355028	-111.796	0	20.391	20.391	-1.5099e-14	5.32541	0	0	0	0	0	0	0	0	0	0	0	0	0	0	0	0	0	0	0	0	0	0	0	0	0	0	0	0	0	0	0	0	0	
1	1	1	721	21.63		300	0	0	0.03605	0.03605	-0.0615414	0	0	0	197.65	197.65	7.11471e-06	0	0	0	9.60613	5.3724	0	4.23373		300	0.794683	0.0246698	0.0246698	-0.0493396	0	0	0	0.794683	0	-0.355028	-111.796	0	20.391	20.391	-1.5099e-14	5.32541	0	0	0	0	0	0	0	0	0	0	0	0	0	0	0	0	0	0	0	0	0	0	0	0	0	0	0	0	0	0	0	0	0	
1	1	1	722	21.66		300	0	0	0.0361	0.0361	-0.0616316	0	0	0	197.833	197.833	7.11386e-06	0	0	0	9.62591	5.38556	0	4.24035		300	0.795925	0.0247092	0.0247092	-0.0494185	0	0	0	0.795925	0	-0.355028	-111.796	0	20.391	20.391	-1.5099e-14	5.32541	0	0	0	0	0	0	0	0	0	0	0	0	0	0	0	0	0	0	0	0	0	0	0	0	0	0	0	0	0	0	0	0	0	
1	1	1	723	21.69		300	0	0	0.03615	0.03615	-0.0617218	0	0	0	198.018	198.018	7.11301e-06	0	0	0	9.6457	5.39873	0	4.24697		300	0.797166	0.0247486	0.0247486	-0.0494972	0	0	0	0.797166	0	-0.355028	-111.796	0	20.391	20.391	-1.5099e-14	5.32541	0	0	0	0	0	0	0	0	0	0	0	0	0	0	0	0	0	0	0	0	0	0	0	0	0	0	0	0	0	0	0	0	0	
1	1	1	724	21.72		300	0	0	0.0362	0.0362	-0.0618119	0	0	0	198.202	198.202	7.11215e-06	0	0	0	9.66551	5.41193	0	4.25358		300	0.798407	0.024788	0.024788	-0.049576	0	0	0	0.798407	0	-0.355028	-111.796	0	20.391	20.391	-1.5099e-14	5.32541	0	0	0	0	0	0	0	0	0	0	0	0	0	0	0	0	0	0	0	0	0	0	0	0	0	0	0	0	0	0	0	0	0	
1	1	1	725	21.75		300	0	0	0.03625	0.03625	-0.061902	0	0	0	198.388	198.388	7.11128e-06	0	0	0	9.68534	5.42516	0	4.26018		300	0.799646	0.0248273	0.0248273	-0.0496547	0	0	0	0.799646	0	-0.355028	-111.796	0	20.391	20.391	-1.5099e-14	5.32541	0	0	0	0	0	0	0	0	0	0	0	0	0	0	0	0	0	0	0	0	0	0	0	0	0	0	0	0	0	0	0	0	0	
1	1	1	726	21.78		300	0	0	0.0363	0.0363	-0.0619921	0	0	0	198.573	198.573	7.11041e-06	0	0	0	9.70519	5.43841	0	4.26678		300	0.800884	0.0248666	0.0248666	-0.0497333	0	0	0	0.800884	0	-0.355028	-111.796	0	20.391	20.391	-1.5099e-14	5.32541	0	0	0	0	0	0	0	0	0	0	0	0	0	0	0	0	0	0	0	0	0	0	0	0	0	0	0	0	0	0	0	0	0	
1	1	1	727	21.81		300	0	0	0.03635	0.03635	-0.0620821	0	0	0	198.76	198.76	7.10953e-06	0	0	0	9.72505	5.45168	0	4.27338		300	0.802121	0.0249059	0.0249059	-0.0498118	0	0	0	0.802121	0	-0.355028	-111.796	0	20.391	20.391	-1.5099e-14	5.32541	0	0	0	0	0	0	0	0	0	0	0	0	0	0	0	0	0	0	0	0	0	0	0	0	0	0	0	0	0	0	0	0	0	
1	1	1	728	21.84		300	0	0	0.0364	0.0364	-0.0621722	0	0	0	198.946	198.946	7.10864e-06	0	0	0	9.74494	5.46497	0	4.27997		300	0.803358	0.0249452	0.0249452	-0.0498903	0	0	0	0.803358	0	-0.355028	-111.796	0	20.391	20.391	-1.5099e-14	5.32541	0	0	0	0	0	0	0	0	0	0	0	0	0	0	0	0	0	0	0	0	0	0	0	0	0	0	0	0	0	0	0	0	0	
1	1	1	729	21.87		300	0	0	0.03645	0.03645	-0.0622622	0	0	0	199.134	199.134	7.10775e-06	0	0	0	9.76484	5.47829	0	4.28655		300	0.804593	0.0249844	0.0249844	-0.0499688	0	0	0	0.804593	0	-0.355028	-111.796	0	20.391	20.391	-1.5099e-14	5.32541	0	0	0	0	0	0	0	0	0	0	0	0	0	0	0	0	0	0	0	0	0	0	0	0	0	0	0	0	0	0	0	0	0	
1	1	1	730	21.9		300	0	0	0.0365	0.0365	-0.0623521	0	0	0	199.321	199.321	7.10685e-06	0	0	0	9.78477	5.49164	0	4.29313		300	0.805827	0.0250236	0.0250236	-0.0500471	0	0	0	0.805827	0	-0.355028	-111.796	0	20.391	20.391	-1.5099e-14	5.32541	0	0	0	0	0	0	0	0	0	0	0	0	0	0	0	0	0	0	0	0	0	0	0	0	0	0	0	0	0	0	0	0	0	
1	1	1	731	21.93		300	0	0	0.03655	0.03655	-0.0624421	0	0	0	199.51	199.51	7.10594e-06	0	0	0	9.80471	5.50501	0	4.2997		300	0.807061	0.0250627	0.0250627	-0.0501254	0	0	0	0.807061	0	-0.355028	-111.796	0	20.391	20.391	-1.5099e-14	5.32541	0	0	0	0	0	0	0	0	0	0	0	0	0	0	0	0	0	0	0	0	0	0	0	0	0	0	0	0	0	0	0	0	0	
1	1	1	732	21.96		300	0	0	0.0366	0.0366	-0.062532	0	0	0	199.698	199.698	7.10502e-06	0	0	0	9.82467	5.5184	0	4.30627		300	0.808293	0.0251018	0.0251018	-0.0502037	0	0	0	0.808293	0	-0.355028	-111.796	0	20.391	20.391	-1.5099e-14	5.32541	0	0	0	0	0	0	0	0	0	0	0	0	0	0	0	0	0	0	0	0	0	0	0	0	0	0	0	0	0	0	0	0	0	
1	1	1	733	21.99		300	0	0	0.03665	0.03665	-0.0626219	0	0	0	199.888	199.888	7.1041e-06	0	0	0	9.84465	5.53181	0	4.31283		300	0.809524	0.0251409	0.0251409	-0.0502819	0	0	0	0.809524	0	-0.355028	-111.796	0	20.391	20.391	-1.5099e-14	5.32541	0	0	0	0	0	0	0	0	0	0	0	0	0	0	0	0	0	0	0	0	0	0	0	0	0	0	0	0	0	0	0	0	0	
1	1	1	734	22.02		300	0	0	0.0367	0.0367	-0.0627117	0	0	0	200.078	200.078	7.10317e-06	0	0	0	9.86465	5.54525	0	4.31939		300	0.810755	0.02518	0.02518	-0.05036	0	0	0	0.810755	0	-0.355028	-111.796	0	20.391	20.391	-1.5099e-14	5.32541	0	0	0	0	0	0	0	0	0	0	0	0	0	0	0	0	0	0	0	0	0	0	0	0	0	0	0	0	0	0	0	0	0	
1	1	1	735	22.05		300	0	0	0.03675	0.03675	-0.0628015	0	0	0	200.268	200.268	7.10223e-06	0	0	0	9.88466	5.55872	0	4.32594		300	0.811984	0.025219	0.025219	-0.0504381	0	0	0	0.811984	0	-0.355028	-111.796	0	20.391	20.391	-1.5099e-14	5.32541	0	0	0	0	0	0	0	0	0	0	0	0	0	0	0	0	0	0	0	0	0	0	0	0	0	0	0	0	0	0	0	0	0	
1	1	1	736	22.08		300	0	0	0.0368	0.0368	-0.0628913	0	0	0	200.459	200.459	7.10129e-06	0	0	0	9.9047	5.57221	0	4.33249		300	0.813212	0.025258	0.025258	-0.0505161	0	0	0	0.813212	0	-0.355028	-111.796	0	20.391	20.391	-1.5099e-14	5.32541	0	0	0	0	0	0	0	0	0	0	0	0	0	0	0	0	0	0	0	0	0	0	0	0	0	0	0	0	0	0	0	0	0	
1	1	1	737	22.11		300	0	0	0.03685	0.03685	-0.0629811	0	0	0	200.651	200.651	7.10033e-06	0	0	0	9.92476	5.58572	0	4.33903		300	0.814439	0.025297	0.025297	-0.050594	0	0	0	0.814439	0	-0.355028	-111.796	0	20.391	20.391	-1.5099e-14	5.32541	0	0	0	0	0	0	0	0	0	0	0	0	0	0	0	0	0	0	0	0	0	0	0	0	0	0	0	0	0	0	0	0	0	
1	1	1	738	22.14		300	0	0	0.0369	0.0369	-0.0630708	0	0	0	200.843	200.843	7.09937e-06	0	0	0	9.94483	5.59926	0	4.34557		300	0.815665	0.0253359	0.0253359	-0.0506719	0	0	0	0.815665	0	-0.355028	-111.796	0	20.391	20.391	-1.5099e-14	5.32541	0	0	0	0	0	0	0	0	0	0	0	0	0	0	0	0	0	0	0	0	0	0	0	0	0	0	0	0	0	0	0	0	0	
1	1	1	739	22.17		300	0	0	0.03695	0.03695	-0.0631605	0	0	0	201.036	201.036	7.0984e-06	0	0	0	9.96492	5.61283	0	4.3521		300	0.81689	0.0253748	0.0253748	-0.0507497	0	0	0	0.81689	0	-0.355028	-111.796	0	20.391	20.391	-1.5099e-14	5.32541	0	0	0	0	0	0	0	0	0	0	0	0	0	0	0	0	0	0	0	0	0	0	0	0	0	0	0	0	0	0	0	0	0	
1	1	1	740	22.2		300	0	0	0.037	0.037	-0.0632502	0	0	0	201.229	201.229	7.09743e-06	0	0	0	9.98504	5.62642	0	4.35862		300	0.818114	0.0254137	0.0254137	-0.0508274	0	0	0	0.818114	0	-0.355028	-111.796	0	20.391	20.391	-1.5099e-14	5.32541	0	0	0	0	0	0	0	0	0	0	0	0	0	0	0	0	0	0	0	0	0	0	0	0	0	0	0	0	0	0	0	0	0	
1	1	1	741	22.23		300	0	0	0.03705	0.03705	-0.0633398	0	0	0	201.423	201.423	7.09644e-06	0	0	0	10.0052	5.64003	0	4.36514		300	0.819337	0.0254525	0.0254525	-0.0509051	0	0	0	0.819337	0	-0.355028	-111.796	0	20.391	20.391	-1.5099e-14	5.32541	0	0	0	0	0	0	0	0	0	0	0	0	0	0	0	0	0	0	0	0	0	0	0	0	0	0	0	0	0	0	0	0	0	
1	1	1	742	22.26		300	0	0	0.0371	0.0371	-0.0634294	0	0	0	201.618	201.618	7.09545e-06	0	0	0	10.0253	5.65367	0	4.37165		300	0.820558	0.0254913	0.0254913	-0.0509827	0	0	0	0.820558	0	-0.355028	-111.796	0	20.391	20.391	-1.5099e-14	5.32541	0	0	0	0	0	0	0	0	0	0	0	0	0	0	0	0	0	0	0	0	0	0	0	0	0	0	0	0	0	0	0	0	0	
1	1	1	743	22.29		300	0	0	0.03715	0.03715	-0.063519	0	0	0	201.813	201.813	7.09445e-06	0	0	0	10.0455	5.66734	0	4.37815		300	0.821779	0.0255301	0.0255301	-0.0510602	0	0	0	0.821779	0	-0.355028	-111.796	0	20.391	20.391	-1.5099e-14	5.32541	0	0	0	0	0	0	0	0	0	0	0	0	0	0	0	0	0	0	0	0	0	0	0	0	0	0	0	0	0	0	0	0	0	
1	1	1	744	22.32		300	0	0	0.0372	0.0372	-0.0636086	0	0	0	202.009	202.009	7.09344e-06	0	0	0	10.0657	5.68103	0	4.38465		300	0.822998	0.0255688	0.0255688	-0.0511377	0	0	0	0.822998	0	-0.355028	-111.796	0	20.391	20.391	-1.5099e-14	5.32541	0	0	0	0	0	0	0	0	0	0	0	0	0	0	0	0	0	0	0	0	0	0	0	0	0	0	0	0	0	0	0	0	0	
1	1	1	745	22.35		300	0	0	0.03725	0.03725	-0.0636981	0	0	0	202.205	202.205	7.09243e-06	0	0	0	10.0859	5.69475	0	4.39115		300	0.824216	0.0256075	0.0256075	-0.051215	0	0	0	0.824216	0	-0.355028	-111.796	0	20.391	20.391	-1.5099e-14	5.32541	0	0	0	0	0	0	0	0	0	0	0	0	0	0	0	0	0	0	0	0	0	0	0	0	0	0	0	0	0	0	0	0	0	
1	1	1	746	22.38		300	0	0	0.0373	0.0373	-0.0637875	0	0	0	202.402	202.402	7.0914e-06	0	0	0	10.1061	5.70849	0	4.39763		300	0.825433	0.0256462	0.0256462	-0.0512924	0	0	0	0.825433	0	-0.355028	-111.796	0	20.391	20.391	-1.5099e-14	5.32541	0	0	0	0	0	0	0	0	0	0	0	0	0	0	0	0	0	0	0	0	0	0	0	0	0	0	0	0	0	0	0	0	0	
1	1	1	747	22.41		300	0	0	0.03735	0.03735	-0.063877	0	0	0	202.6	202.6	7.09037e-06	0	0	0	10.1264	5.72226	0	4.40412		300	0.826649	0.0256848	0.0256848	-0.0513696	0	0	0	0.826649	0	-0.355028	-111.796	0	20.391	20.391	-1.5099e-14	5.32541	0	0	0	0	0	0	0	0	0	0	0	0	0	0	0	0	0	0	0	0	0	0	0	0	0	0	0	0	0	0	0	0	0	
1	1	1	748	22.44		300	0	0	0.0374	0.0374	-0.0639664	0	0	0	202.798	202.798	7.08933e-06	0	0	0	10.1466	5.73606	0	4.41059		300	0.827863	0.0257234	0.0257234	-0.0514468	0	0	0	0.827863	0	-0.355028	-111.796	0	20.391	20.391	-1.5099e-14	5.32541	0	0	0	0	0	0	0	0	0	0	0	0	0	0	0	0	0	0	0	0	0	0	0	0	0	0	0	0	0	0	0	0	0	
1	1	1	749	22.47		300	0	0	0.03745	0.03745	-0.0640558	0	0	0	202.997	202.997	7.08828e-06	0	0	0	10.1669	5.74988	0	4.41706		300	0.829077	0.0257619	0.0257619	-0.0515239	0	0	0	0.829077	0	-0.355028	-111.796	0	20.391	20.391	-1.5099e-14	5.32541	0	0	0	0	0	0	0	0	0	0	0	0	0	0	0	0	0	0	0	0	0	0	0	0	0	0	0	0	0	0	0	0	0	
1	1	1	750	22.5		300	0	0	0.0375	0.0375	-0.0641451	0	0	0	203.197	203.197	7.08722e-06	0	0	0	10.1872	5.76372	0	4.42352		300	0.830289	0.0258004	0.0258004	-0.0516009	0	0	0	0.830289	0	-0.355028	-111.796	0	20.391	20.391	-1.5099e-14	5.32541	0	0	0	0	0	0	0	0	0	0	0	0	0	0	0	0	0	0	0	0	0	0	0	0	0	0	0	0	0	0	0	0	0	
1	1	1	751	22.53		300	0	0	0.03755	0.03755	-0.0642344	0	0	0	203.397	203.397	7.08615e-06	0	0	0	10.2076	5.7776	0	4.42998		300	0.8315	0.0258389	0.0258389	-0.0516778	0	0	0	0.8315	0	-0.355028	-111.796	0	20.391	20.391	-1.5099e-14	5.32541	0	0	0	0	0	0	0	0	0	0	0	0	0	0	0	0	0	0	0	0	0	0	0	0	0	0	0	0	0	0	0	0	0	
1	1	1	752	22.56		300	0	0	0.0376	0.0376	-0.0643237	0	0	0	203.598	203.598	7.08508e-06	0	0	0	10.2279	5.7915	0	4.43642		300	0.83271	0.0258773	0.0258773	-0.0517547	0	0	0	0.83271	0	-0.355028	-111.796	0	20.391	20.391	-1.5099e-14	5.32541	0	0	0	0	0	0	0	0	0	0	0	0	0	0	0	0	0	0	0	0	0	0	0	0	0	0	0	0	0	0	0	0	0	
1	1	1	753	22.59		300	0	0	0.03765	0.03765	-0.0644129	0	0	0	203.799	203.799	7.08399e-06	0	0	0	10.2483	5.80543	0	4.44287		300	0.833918	0.0259157	0.0259157	-0.0518315	0	0	0	0.833918	0	-0.355028	-111.796	0	20.391	20.391	-1.5099e-14	5.32541	0	0	0	0	0	0	0	0	0	0	0	0	0	0	0	0	0	0	0	0	0	0	0	0	0	0	0	0	0	0	0	0	0	
1	1	1	754	22.62		300	0	0	0.0377	0.0377	-0.0645021	0	0	0	204.002	204.002	7.0829e-06	0	0	0	10.2687	5.81938	0	4.4493		300	0.835125	0.0259541	0.0259541	-0.0519082	0	0	0	0.835125	0	-0.355028	-111.796	0	20.391	20.391	-1.5099e-14	5.32541	0	0	0	0	0	0	0	0	0	0	0	0	0	0	0	0	0	0	0	0	0	0	0	0	0	0	0	0	0	0	0	0	0	
1	1	1	755	22.65		300	0	0	0.03775	0.03775	-0.0645913	0	0	0	204.204	204.204	7.08179e-06	0	0	0	10.2891	5.83336	0	4.45573		300	0.836331	0.0259924	0.0259924	-0.0519848	0	0	0	0.836331	0	-0.355028	-111.796	0	20.391	20.391	-1.5099e-14	5.32541	0	0	0	0	0	0	0	0	0	0	0	0	0	0	0	0	0	0	0	0	0	0	0	0	0	0	0	0	0	0	0	0	0	
1	1	1	756	22.68		300	0	0	0.0378	0.0378	-0.0646804	0	0	0	204.408	204.408	7.08068e-06	0	0	0	10.3095	5.84737	0	4.46215		300	0.837536	0.0260307	0.0260307	-0.0520614	0	0	0	0.837536	0	-0.355028	-111.796	0	20.391	20.391	-1.5099e-14	5.32541	0	0	0	0	0	0	0	0	0	0	0	0	0	0	0	0	0	0	0	0	0	0	0	0	0	0	0	0	0	0	0	0	0	
1	1	1	757	22.71		300	0	0	0.03785	0.03785	-0.0647695	0	0	0	204.612	204.612	7.07956e-06	0	0	0	10.33	5.86141	0	4.46857		300	0.838739	0.0260689	0.0260689	-0.0521378	0	0	0	0.838739	0	-0.355028	-111.796	0	20.391	20.391	-1.5099e-14	5.32541	0	0	0	0	0	0	0	0	0	0	0	0	0	0	0	0	0	0	0	0	0	0	0	0	0	0	0	0	0	0	0	0	0	
1	1	1	758	22.74		300	0	0	0.0379	0.0379	-0.0648585	0	0	0	204.817	204.817	7.07843e-06	0	0	0	10.3504	5.87547	0	4.47497		300	0.839941	0.0261071	0.0261071	-0.0522142	0	0	0	0.839941	0	-0.355028	-111.796	0	20.391	20.391	-1.5099e-14	5.32541	0	0	0	0	0	0	0	0	0	0	0	0	0	0	0	0	0	0	0	0	0	0	0	0	0	0	0	0	0	0	0	0	0	
1	1	1	759	22.77		300	0	0	0.03795	0.03795	-0.0649475	0	0	0	205.023	205.023	7.07729e-06	0	0	0	10.3709	5.88956	0	4.48138		300	0.841142	0.0261453	0.0261453	-0.0522905	0	0	0	0.841142	0	-0.355028	-111.796	0	20.391	20.391	-1.5099e-14	5.32541	0	0	0	0	0	0	0	0	0	0	0	0	0	0	0	0	0	0	0	0	0	0	0	0	0	0	0	0	0	0	0	0	0	
1	1	1	760	22.8		300	0	0	0.038	0.038	-0.0650365	0	0	0	205.23	205.23	7.07614e-06	0	0	0	10.3915	5.90368	0	4.48777		300	0.842341	0.0261834	0.0261834	-0.0523668	0	0	0	0.842341	0	-0.355028	-111.796	0	20.391	20.391	-1.5099e-14	5.32541	0	0	0	0	0	0	0	0	0	0	0	0	0	0	0	0	0	0	0	0	0	0	0	0	0	0	0	0	0	0	0	0	0	
1	1	1	761	22.83		300	0	0	0.03805	0.03805	-0.0651254	0	0	0	205.437	205.437	7.07498e-06	0	0	0	10.412	5.91783	0	4.49416		300	0.843539	0.0262214	0.0262214	-0.0524429	0	0	0	0.843539	0	-0.355028	-111.796	0	20.391	20.391	-1.5099e-14	5.32541	0	0	0	0	0	0	0	0	0	0	0	0	0	0	0	0	0	0	0	0	0	0	0	0	0	0	0	0	0	0	0	0	0	
1	1	1	762	22.86		300	0	0	0.0381	0.0381	-0.0652143	0	0	0	205.645	205.645	7.07381e-06	0	0	0	10.4325	5.93201	0	4.50053		300	0.844735	0.0262595	0.0262595	-0.0525189	0	0	0	0.844735	0	-0.355028	-111.796	0	20.391	20.391	-1.5099e-14	5.32541	0	0	0	0	0	0	0	0	0	0	0	0	0	0	0	0	0	0	0	0	0	0	0	0	0	0	0	0	0	0	0	0	0	
1	1	1	763	22.89		300	0	0	0.03815	0.03815	-0.0653032	0	0	0	205.854	205.854	7.07263e-06	0	0	0	10.4531	5.94621	0	4.50691		300	0.84593	0.0262975	0.0262975	-0.0525949	0	0	0	0.84593	0	-0.355028	-111.796	0	20.391	20.391	-1.5099e-14	5.32541	0	0	0	0	0	0	0	0	0	0	0	0	0	0	0	0	0	0	0	0	0	0	0	0	0	0	0	0	0	0	0	0	0	
1	1	1	764	22.92		300	0	0	0.0382	0.0382	-0.065392	0	0	0	206.063	206.063	7.07144e-06	0	0	0	10.4737	5.96044	0	4.51327		300	0.847124	0.0263354	0.0263354	-0.0526708	0	0	0	0.847124	0	-0.355028	-111.796	0	20.391	20.391	-1.5099e-14	5.32541	0	0	0	0	0	0	0	0	0	0	0	0	0	0	0	0	0	0	0	0	0	0	0	0	0	0	0	0	0	0	0	0	0	
1	1	1	765	22.95		300	0	0	0.03825	0.03825	-0.0654807	0	0	0	206.273	206.273	7.07024e-06	0	0	0	10.4943	5.9747	0	4.51963		300	0.848316	0.0263733	0.0263733	-0.0527466	0	0	0	0.848316	0	-0.355028	-111.796	0	20.391	20.391	-1.5099e-14	5.32541	0	0	0	0	0	0	0	0	0	0	0	0	0	0	0	0	0	0	0	0	0	0	0	0	0	0	0	0	0	0	0	0	0	
1	1	1	766	22.98		300	0	0	0.0383	0.0383	-0.0655695	0	0	0	206.484	206.484	7.06903e-06	0	0	0	10.515	5.98899	0	4.52598		300	0.849507	0.0264111	0.0264111	-0.0528223	0	0	0	0.849507	0	-0.355028	-111.796	0	20.391	20.391	-1.5099e-14	5.32541	0	0	0	0	0	0	0	0	0	0	0	0	0	0	0	0	0	0	0	0	0	0	0	0	0	0	0	0	0	0	0	0	0	
1	1	1	767	23.01		300	0	0	0.03835	0.03835	-0.0656582	0	0	0	206.696	206.696	7.06781e-06	0	0	0	10.5356	6.00331	0	4.53232		300	0.850697	0.0264489	0.0264489	-0.0528979	0	0	0	0.850697	0	-0.355028	-111.796	0	20.391	20.391	-1.5099e-14	5.32541	0	0	0	0	0	0	0	0	0	0	0	0	0	0	0	0	0	0	0	0	0	0	0	0	0	0	0	0	0	0	0	0	0	
1	1	1	768	23.04		300	0	0	0.0384	0.0384	-0.0657468	0	0	0	206.909	206.909	7.06658e-06	0	0	0	10.5563	6.01765	0	4.53865		300	0.851884	0.0264867	0.0264867	-0.0529734	0	0	0	0.851884	0	-0.355028	-111.796	0	20.391	20.391	-1.5099e-14	5.32541	0	0	0	0	0	0	0	0	0	0	0	0	0	0	0	0	0	0	0	0	0	0	0	0	0	0	0	0	0	0	0	0	0	
1	1	1	769	23.07		300	0	0	0.03845	0.03845	-0.0658354	0	0	0	207.122	207.122	7.06533e-06	0	0	0	10.577	6.03203	0	4.54498		300	0.853071	0.0265244	0.0265244	-0.0530488	0	0	0	0.853071	0	-0.355028	-111.796	0	20.391	20.391	-1.5099e-14	5.32541	0	0	0	0	0	0	0	0	0	0	0	0	0	0	0	0	0	0	0	0	0	0	0	0	0	0	0	0	0	0	0	0	0	
1	1	1	770	23.1		300	0	0	0.0385	0.0385	-0.065924	0	0	0	207.336	207.336	7.06408e-06	0	0	0	10.5977	6.04644	0	4.55129		300	0.854256	0.0265621	0.0265621	-0.0531242	0	0	0	0.854256	0	-0.355028	-111.796	0	20.391	20.391	-1.5099e-14	5.32541	0	0	0	0	0	0	0	0	0	0	0	0	0	0	0	0	0	0	0	0	0	0	0	0	0	0	0	0	0	0	0	0	0	
1	1	1	771	23.13		300	0	0	0.03855	0.03855	-0.0660125	0	0	0	207.551	207.551	7.06282e-06	0	0	0	10.6185	6.06087	0	4.5576		300	0.855439	0.0265997	0.0265997	-0.0531994	0	0	0	0.855439	0	-0.355028	-111.796	0	20.391	20.391	-1.5099e-14	5.32541	0	0	0	0	0	0	0	0	0	0	0	0	0	0	0	0	0	0	0	0	0	0	0	0	0	0	0	0	0	0	0	0	0	
1	1	1	772	23.16		300	0	0	0.0386	0.0386	-0.0661009	0	0	0	207.767	207.767	7.06154e-06	0	0	0	10.6392	6.07534	0	4.5639		300	0.856621	0.0266373	0.0266373	-0.0532745	0	0	0	0.856621	0	-0.355028	-111.796	0	20.391	20.391	-1.5099e-14	5.32541	0	0	0	0	0	0	0	0	0	0	0	0	0	0	0	0	0	0	0	0	0	0	0	0	0	0	0	0	0	0	0	0	0	
1	1	1	773	23.19		300	0	0	0.03865	0.03865	-0.0661894	0	0	0	207.984	207.984	7.06026e-06	0	0	0	10.66	6.08983	0	4.5702		300	0.857801	0.0266748	0.0266748	-0.0533496	0	0	0	0.857801	0	-0.355028	-111.796	0	20.391	20.391	-1.5099e-14	5.32541	0	0	0	0	0	0	0	0	0	0	0	0	0	0	0	0	0	0	0	0	0	0	0	0	0	0	0	0	0	0	0	0	0	
1	1	1	774	23.22		300	0	0	0.0387	0.0387	-0.0662777	0	0	0	208.202	208.202	7.05896e-06	0	0	0	10.6808	6.10436	0	4.57648		300	0.85898	0.0267123	0.0267123	-0.0534245	0	0	0	0.85898	0	-0.355028	-111.796	0	20.391	20.391	-1.5099e-14	5.32541	0	0	0	0	0	0	0	0	0	0	0	0	0	0	0	0	0	0	0	0	0	0	0	0	0	0	0	0	0	0	0	0	0	
1	1	1	775	23.25		300	0	0	0.03875	0.03875	-0.0663661	0	0	0	208.42	208.42	7.05765e-06	0	0	0	10.7017	6.11891	0	4.58276		300	0.860157	0.0267497	0.0267497	-0.0534994	0	0	0	0.860157	0	-0.355028	-111.796	0	20.391	20.391	-1.5099e-14	5.32541	0	0	0	0	0	0	0	0	0	0	0	0	0	0	0	0	0	0	0	0	0	0	0	0	0	0	0	0	0	0	0	0	0	
1	1	1	776	23.28		300	0	0	0.0388	0.0388	-0.0664544	0	0	0	208.639	208.639	7.05633e-06	0	0	0	10.7225	6.1335	0	4.58902		300	0.861332	0.0267871	0.0267871	-0.0535741	0	0	0	0.861332	0	-0.355028	-111.796	0	20.391	20.391	-1.5099e-14	5.32541	0	0	0	0	0	0	0	0	0	0	0	0	0	0	0	0	0	0	0	0	0	0	0	0	0	0	0	0	0	0	0	0	0	
1	1	1	777	23.31		300	0	0	0.03885	0.03885	-0.0665426	0	0	0	208.859	208.859	7.055e-06	0	0	0	10.7434	6.14811	0	4.59528		300	0.862506	0.0268244	0.0268244	-0.0536488	0	0	0	0.862506	0	-0.355028	-111.796	0	20.391	20.391	-1.5099e-14	5.32541	0	0	0	0	0	0	0	0	0	0	0	0	0	0	0	0	0	0	0	0	0	0	0	0	0	0	0	0	0	0	0	0	0	
1	1	1	778	23.34		300	0	0	0.0389	0.0389	-0.0666308	0	0	0	209.081	209.081	7.05366e-06	0	0	0	10.7643	6.16276	0	4.60153		300	0.863678	0.0268617	0.0268617	-0.0537233	0	0	0	0.863678	0	-0.355028	-111.796	0	20.391	20.391	-1.5099e-14	5.32541	0	0	0	0	0	0	0	0	0	0	0	0	0	0	0	0	0	0	0	0	0	0	0	0	0	0	0	0	0	0	0	0	0	
1	1	1	779	23.37		300	0	0	0.03895	0.03895	-0.0667189	0	0	0	209.303	209.303	7.0523e-06	0	0	0	10.7852	6.17744	0	4.60777		300	0.864849	0.0268989	0.0268989	-0.0537977	0	0	0	0.864849	0	-0.355028	-111.796	0	20.391	20.391	-1.5099e-14	5.32541	0	0	0	0	0	0	0	0	0	0	0	0	0	0	0	0	0	0	0	0	0	0	0	0	0	0	0	0	0	0	0	0	0	
1	1	1	780	23.4		300	0	0	0.039	0.039	-0.066807	0	0	0	209.525	209.525	7.05093e-06	0	0	0	10.8062	6.19215	0	4.61401		300	0.866017	0.026936	0.026936	-0.0538721	0	0	0	0.866017	0	-0.355028	-111.796	0	20.391	20.391	-1.5099e-14	5.32541	0	0	0	0	0	0	0	0	0	0	0	0	0	0	0	0	0	0	0	0	0	0	0	0	0	0	0	0	0	0	0	0	0	
1	1	1	781	23.43		300	0	0	0.03905	0.03905	-0.0668951	0	0	0	209.749	209.749	7.04956e-06	0	0	0	10.8271	6.20689	0	4.62023		300	0.867184	0.0269731	0.0269731	-0.0539463	0	0	0	0.867184	0	-0.355028	-111.796	0	20.391	20.391	-1.5099e-14	5.32541	0	0	0	0	0	0	0	0	0	0	0	0	0	0	0	0	0	0	0	0	0	0	0	0	0	0	0	0	0	0	0	0	0	
1	1	1	782	23.46		300	0	0	0.0391	0.0391	-0.066983	0	0	0	209.974	209.974	7.04816e-06	0	0	0	10.8481	6.22166	0	4.62644		300	0.86835	0.0270102	0.0270102	-0.0540204	0	0	0	0.86835	0	-0.355028	-111.796	0	20.391	20.391	-1.5099e-14	5.32541	0	0	0	0	0	0	0	0	0	0	0	0	0	0	0	0	0	0	0	0	0	0	0	0	0	0	0	0	0	0	0	0	0	
1	1	1	783	23.49		300	0	0	0.03915	0.03915	-0.067071	0	0	0	210.2	210.2	7.04676e-06	0	0	0	10.8691	6.23646	0	4.63265		300	0.869513	0.0270472	0.0270472	-0.0540944	0	0	0	0.869513	0	-0.355028	-111.796	0	20.391	20.391	-1.5099e-14	5.32541	0	0	0	0	0	0	0	0	0	0	0	0	0	0	0	0	0	0	0	0	0	0	0	0	0	0	0	0	0	0	0	0	0	
1	1	1	784	23.52		300	0	0	0.0392	0.0392	-0.0671589	0	0	0	210.426	210.426	7.04534e-06	0	0	0	10.8901	6.2513	0	4.63884		300	0.870675	0.0270842	0.0270842	-0.0541683	0	0	0	0.870675	0	-0.355028	-111.796	0	20.391	20.391	-1.5099e-14	5.32541	0	0	0	0	0	0	0	0	0	0	0	0	0	0	0	0	0	0	0	0	0	0	0	0	0	0	0	0	0	0	0	0	0	
1	1	1	785	23.55		300	0	0	0.03925	0.03925	-0.0672467	0	0	0	210.654	210.654	7.04391e-06	0	0	0	10.9112	6.26617	0	4.64503		300	0.871835	0.027121	0.027121	-0.0542421	0	0	0	0.871835	0	-0.355028	-111.796	0	20.391	20.391	-1.5099e-14	5.32541	0	0	0	0	0	0	0	0	0	0	0	0	0	0	0	0	0	0	0	0	0	0	0	0	0	0	0	0	0	0	0	0	0	
1	1	1	786	23.58		300	0	0	0.0393	0.0393	-0.0673345	0	0	0	210.883	210.883	7.04247e-06	0	0	0	10.9323	6.28107	0	4.6512		300	0.872993	0.0271579	0.0271579	-0.0543158	0	0	0	0.872993	0	-0.355028	-111.796	0	20.391	20.391	-1.5099e-14	5.32541	0	0	0	0	0	0	0	0	0	0	0	0	0	0	0	0	0	0	0	0	0	0	0	0	0	0	0	0	0	0	0	0	0	
1	1	1	787	23.61		300	0	0	0.03935	0.03935	-0.0674222	0	0	0	211.112	211.112	7.04102e-06	0	0	0	10.9534	6.296	0	4.65737		300	0.874149	0.0271947	0.0271947	-0.0543893	0	0	0	0.874149	0	-0.355028	-111.796	0	20.391	20.391	-1.5099e-14	5.32541	0	0	0	0	0	0	0	0	0	0	0	0	0	0	0	0	0	0	0	0	0	0	0	0	0	0	0	0	0	0	0	0	0	
1	1	1	788	23.64		300	0	0	0.0394	0.0394	-0.0675099	0	0	0	211.343	211.343	7.03955e-06	0	0	0	10.9745	6.31097	0	4.66353		300	0.875304	0.0272314	0.0272314	-0.0544628	0	0	0	0.875304	0	-0.355028	-111.796	0	20.391	20.391	-1.5099e-14	5.32541	0	0	0	0	0	0	0	0	0	0	0	0	0	0	0	0	0	0	0	0	0	0	0	0	0	0	0	0	0	0	0	0	0	
1	1	1	789	23.67		300	0	0	0.03945	0.03945	-0.0675975	0	0	0	211.575	211.575	7.03806e-06	0	0	0	10.9956	6.32597	0	4.66967		300	0.876456	0.027268	0.027268	-0.0545361	0	0	0	0.876456	0	-0.355028	-111.796	0	20.391	20.391	-1.5099e-14	5.32541	0	0	0	0	0	0	0	0	0	0	0	0	0	0	0	0	0	0	0	0	0	0	0	0	0	0	0	0	0	0	0	0	0	
1	1	1	790	23.7		300	0	0	0.0395	0.0395	-0.0676851	0	0	0	211.808	211.808	7.03657e-06	0	0	0	11.0168	6.341	0	4.67581		300	0.877607	0.0273046	0.0273046	-0.0546093	0	0	0	0.877607	0	-0.355028	-111.796	0	20.391	20.391	-1.5099e-14	5.32541	0	0	0	0	0	0	0	0	0	0	0	0	0	0	0	0	0	0	0	0	0	0	0	0	0	0	0	0	0	0	0	0	0	
1	1	1	791	23.73		300	0	0	0.03955	0.03955	-0.0677726	0	0	0	212.041	212.041	7.03506e-06	0	0	0	11.038	6.35607	0	4.68194		300	0.878756	0.0273412	0.0273412	-0.0546824	0	0	0	0.878756	0	-0.355028	-111.796	0	20.391	20.391	-1.5099e-14	5.32541	0	0	0	0	0	0	0	0	0	0	0	0	0	0	0	0	0	0	0	0	0	0	0	0	0	0	0	0	0	0	0	0	0	
1	1	1	792	23.76		300	0	0	0.0396	0.0396	-0.0678601	0	0	0	212.276	212.276	7.03354e-06	0	0	0	11.0592	6.37117	0	4.68805		300	0.879903	0.0273777	0.0273777	-0.0547553	0	0	0	0.879903	0	-0.355028	-111.796	0	20.391	20.391	-1.5099e-14	5.32541	0	0	0	0	0	0	0	0	0	0	0	0	0	0	0	0	0	0	0	0	0	0	0	0	0	0	0	0	0	0	0	0	0	
1	1	1	793	23.79		300	0	0	0.03965	0.03965	-0.0679475	0	0	0	212.512	212.512	7.032e-06	0	0	0	11.0805	6.3863	0	4.69416		300	0.881047	0.0274141	0.0274141	-0.0548281	0	0	0	0.881047	0	-0.355028	-111.796	0	20.391	20.391	-1.5099e-14	5.32541	0	0	0	0	0	0	0	0	0	0	0	0	0	0	0	0	0	0	0	0	0	0	0	0	0	0	0	0	0	0	0	0	0	
1	1	1	794	23.82		300	0	0	0.0397	0.0397	-0.0680348	0	0	0	212.749	212.749	7.03045e-06	0	0	0	11.1017	6.40147	0	4.70025		300	0.88219	0.0274504	0.0274504	-0.0549009	0	0	0	0.88219	0	-0.355028	-111.796	0	20.391	20.391	-1.5099e-14	5.32541	0	0	0	0	0	0	0	0	0	0	0	0	0	0	0	0	0	0	0	0	0	0	0	0	0	0	0	0	0	0	0	0	0	
1	1	1	795	23.85		300	0	0	0.03975	0.03975	-0.0681221	0	0	0	212.987	212.987	7.02888e-06	0	0	0	11.123	6.41667	0	4.70633		300	0.883331	0.0274867	0.0274867	-0.0549734	0	0	0	0.883331	0	-0.355028	-111.796	0	20.391	20.391	-1.5099e-14	5.32541	0	0	0	0	0	0	0	0	0	0	0	0	0	0	0	0	0	0	0	0	0	0	0	0	0	0	0	0	0	0	0	0	0	
1	1	1	796	23.88		300	0	0	0.0398	0.0398	-0.0682093	0	0	0	213.226	213.226	7.0273e-06	0	0	0	11.1443	6.43191	0	4.71241		300	0.884469	0.0275229	0.0275229	-0.0550459	0	0	0	0.884469	0	-0.355028	-111.796	0	20.391	20.391	-1.5099e-14	5.32541	0	0	0	0	0	0	0	0	0	0	0	0	0	0	0	0	0	0	0	0	0	0	0	0	0	0	0	0	0	0	0	0	0	
1	1	1	797	23.91		300	0	0	0.03985	0.03985	-0.0682965	0	0	0	213.467	213.467	7.02571e-06	0	0	0	11.1657	6.44718	0	4.71847		300	0.885606	0.0275591	0.0275591	-0.0551182	0	0	0	0.885606	0	-0.355028	-111.796	0	20.391	20.391	-1.5099e-14	5.32541	0	0	0	0	0	0	0	0	0	0	0	0	0	0	0	0	0	0	0	0	0	0	0	0	0	0	0	0	0	0	0	0	0	
1	1	1	798	23.94		300	0	0	0.0399	0.0399	-0.0683836	0	0	0	213.708	213.708	7.0241e-06	0	0	0	11.187	6.46249	0	4.72452		300	0.88674	0.0275952	0.0275952	-0.0551904	0	0	0	0.88674	0	-0.355028	-111.796	0	20.391	20.391	-1.5099e-14	5.32541	0	0	0	0	0	0	0	0	0	0	0	0	0	0	0	0	0	0	0	0	0	0	0	0	0	0	0	0	0	0	0	0	0	
1	1	1	799	23.97		300	0	0	0.03995	0.03995	-0.0684706	0	0	0	213.951	213.951	7.02247e-06	0	0	0	11.2084	6.47784	0	4.73056		300	0.887873	0.0276312	0.0276312	-0.0552625	0	0	0	0.887873	0	-0.355028	-111.796	0	20.391	20.391	-1.5099e-14	5.32541	0	0	0	0	0	0	0	0	0	0	0	0	0	0	0	0	0	0	0	0	0	0	0	0	0	0	0	0	0	0	0	0	0	
1	1	1	800	24		300	0	0	0.04	0.04	-0.0685576	0	0	0	214.195	214.195	7.02083e-06	0	0	0	11.2298	6.49322	0	4.73659		300	0.889003	0.0276672	0.0276672	-0.0553344	0	0	0	0.889003	0	-0.355028	-111.796	0	20.391	20.391	-1.5099e-14	5.32541	0	0	0	0	0	0	0	0	0	0	0	0	0	0	0	0	0	0	0	0	0	0	0	0	0	0	0	0	0	0	0	0	0	
1	1	1	801	24.03		300	0	0	0.04005	0.04005	-0.0686445	0	0	0	214.44	214.44	7.01918e-06	0	0	0	11.2512	6.50863	0	4.7426		300	0.890131	0.0277031	0.0277031	-0.0554062	0	0	0	0.890131	0	-0.355028	-111.796	0	20.391	20.391	-1.5099e-14	5.32541	0	0	0	0	0	0	0	0	0	0	0	0	0	0	0	0	0	0	0	0	0	0	0	0	0	0	0	0	0	0	0	0	0	
1	1	1	802	24.06		300	0	0	0.0401	0.0401	-0.0687313	0	0	0	214.686	214.686	7.01751e-06	0	0	0	11.2727	6.52408	0	4.74861		300	0.891256	0.0277389	0.0277389	-0.0554778	0	0	0	0.891256	0	-0.355028	-111.796	0	20.391	20.391	-1.5099e-14	5.32541	0	0	0	0	0	0	0	0	0	0	0	0	0	0	0	0	0	0	0	0	0	0	0	0	0	0	0	0	0	0	0	0	0	
1	1	1	803	24.09		300	0	0	0.04015	0.04015	-0.0688181	0	0	0	214.934	214.934	7.01582e-06	0	0	0	11.2942	6.53957	0	4.7546		300	0.89238	0.0277746	0.0277746	-0.0555493	0	0	0	0.89238	0	-0.355028	-111.796	0	20.391	20.391	-1.5099e-14	5.32541	0	0	0	0	0	0	0	0	0	0	0	0	0	0	0	0	0	0	0	0	0	0	0	0	0	0	0	0	0	0	0	0	0	
1	1	1	804	24.12		300	0	0	0.0402	0.0402	-0.0689048	0	0	0	215.182	215.182	7.01412e-06	0	0	0	11.3157	6.5551	0	4.76058		300	0.893501	0.0278103	0.0278103	-0.0556207	0	0	0	0.893501	0	-0.355028	-111.796	0	20.391	20.391	-1.5099e-14	5.32541	0	0	0	0	0	0	0	0	0	0	0	0	0	0	0	0	0	0	0	0	0	0	0	0	0	0	0	0	0	0	0	0	0	
1	1	1	805	24.15		300	0	0	0.04025	0.04025	-0.0689915	0	0	0	215.432	215.432	7.0124e-06	0	0	0	11.3372	6.57066	0	4.76655		300	0.89462	0.0278459	0.0278459	-0.0556919	0	0	0	0.89462	0	-0.355028	-111.796	0	20.391	20.391	-1.5099e-14	5.32541	0	0	0	0	0	0	0	0	0	0	0	0	0	0	0	0	0	0	0	0	0	0	0	0	0	0	0	0	0	0	0	0	0	
1	1	1	806	24.18		300	0	0	0.0403	0.0403	-0.069078	0	0	0	215.684	215.684	7.01066e-06	0	0	0	11.3588	6.58626	0	4.7725		300	0.895736	0.0278815	0.0278815	-0.0557629	0	0	0	0.895736	0	-0.355028	-111.796	0	20.391	20.391	-1.5099e-14	5.32541	0	0	0	0	0	0	0	0	0	0	0	0	0	0	0	0	0	0	0	0	0	0	0	0	0	0	0	0	0	0	0	0	0	
1	1	1	807	24.21		300	0	0	0.04035	0.04035	-0.0691645	0	0	0	215.936	215.936	7.00891e-06	0	0	0	11.3803	6.6019	0	4.77845		300	0.896851	0.0279169	0.0279169	-0.0558338	0	0	0	0.896851	0	-0.355028	-111.796	0	20.391	20.391	-1.5099e-14	5.32541	0	0	0	0	0	0	0	0	0	0	0	0	0	0	0	0	0	0	0	0	0	0	0	0	0	0	0	0	0	0	0	0	0	
1	1	1	808	24.24		300	0	0	0.0404	0.0404	-0.069251	0	0	0	216.19	216.19	7.00715e-06	0	0	0	11.402	6.61757	0	4.78438		300	0.897962	0.0279523	0.0279523	-0.0559046	0	0	0	0.897962	0	-0.355028	-111.796	0	20.391	20.391	-1.5099e-14	5.32541	0	0	0	0	0	0	0	0	0	0	0	0	0	0	0	0	0	0	0	0	0	0	0	0	0	0	0	0	0	0	0	0	0	
1	1	1	809	24.27		300	0	0	0.04045	0.04045	-0.0693374	0	0	0	216.445	216.445	7.00536e-06	0	0	0	11.4236	6.63329	0	4.7903		300	0.899072	0.0279876	0.0279876	-0.0559752	0	0	0	0.899072	0	-0.355028	-111.796	0	20.391	20.391	-1.5099e-14	5.32541	0	0	0	0	0	0	0	0	0	0	0	0	0	0	0	0	0	0	0	0	0	0	0	0	0	0	0	0	0	0	0	0	0	
1	1	1	810	24.3		300	0	0	0.0405	0.0405	-0.0694236	0	0	0	216.702	216.702	7.00356e-06	0	0	0	11.4452	6.64904	0	4.7962		300	0.900178	0.0280228	0.0280228	-0.0560457	0	0	0	0.900178	0	-0.355028	-111.796	0	20.391	20.391	-1.5099e-14	5.32541	0	0	0	0	0	0	0	0	0	0	0	0	0	0	0	0	0	0	0	0	0	0	0	0	0	0	0	0	0	0	0	0	0	
1	1	1	811	24.33		300	0	0	0.04055	0.04055	-0.0695099	0	0	0	216.96	216.96	7.00174e-06	0	0	0	11.4669	6.66483	0	4.80209		300	0.901283	0.028058	0.028058	-0.056116	0	0	0	0.901283	0	-0.355028	-111.796	0	20.391	20.391	-1.5099e-14	5.32541	0	0	0	0	0	0	0	0	0	0	0	0	0	0	0	0	0	0	0	0	0	0	0	0	0	0	0	0	0	0	0	0	0	
1	1	1	812	24.36		300	0	0	0.0406	0.0406	-0.069596	0	0	0	217.219	217.219	6.9999e-06	0	0	0	11.4886	6.68066	0	4.80797		300	0.902384	0.0280931	0.0280931	-0.0561861	0	0	0	0.902384	0	-0.355028	-111.796	0	20.391	20.391	-1.5099e-14	5.32541	0	0	0	0	0	0	0	0	0	0	0	0	0	0	0	0	0	0	0	0	0	0	0	0	0	0	0	0	0	0	0	0	0	
1	1	1	813	24.39		300	0	0	0.04065	0.04065	-0.0696821	0	0	0	217.48	217.48	6.99805e-06	0	0	0	11.5104	6.69653	0	4.81383		300	0.903484	0.028128	0.028128	-0.0562561	0	0	0	0.903484	0	-0.355028	-111.796	0	20.391	20.391	-1.5099e-14	5.32541	0	0	0	0	0	0	0	0	0	0	0	0	0	0	0	0	0	0	0	0	0	0	0	0	0	0	0	0	0	0	0	0	0	
1	1	1	814	24.42		300	0	0	0.0407	0.0407	-0.0697681	0	0	0	217.742	217.742	6.99617e-06	0	0	0	11.5321	6.71244	0	4.81968		300	0.90458	0.028163	0.028163	-0.0563259	0	0	0	0.90458	0	-0.355028	-111.796	0	20.391	20.391	-1.5099e-14	5.32541	0	0	0	0	0	0	0	0	0	0	0	0	0	0	0	0	0	0	0	0	0	0	0	0	0	0	0	0	0	0	0	0	0	
1	1	1	815	24.45		300	0	0	0.04075	0.04075	-0.069854	0	0	0	218.006	218.006	6.99428e-06	0	0	0	11.5539	6.7284	0	4.82552		300	0.905674	0.0281978	0.0281978	-0.0563955	0	0	0	0.905674	0	-0.355028	-111.796	0	20.391	20.391	-1.5099e-14	5.32541	0	0	0	0	0	0	0	0	0	0	0	0	0	0	0	0	0	0	0	0	0	0	0	0	0	0	0	0	0	0	0	0	0	
1	1	1	816	24.48		300	0	0	0.0408	0.0408	-0.0699398	0	0	0	218.271	218.271	6.99238e-06	0	0	0	11.5757	6.74439	0	4.83134		300	0.906765	0.0282325	0.0282325	-0.056465	0	0	0	0.906765	0	-0.355028	-111.796	0	20.391	20.391	-1.5099e-14	5.32541	0	0	0	0	0	0	0	0	0	0	0	0	0	0	0	0	0	0	0	0	0	0	0	0	0	0	0	0	0	0	0	0	0	
1	1	1	817	24.51		300	0	0	0.04085	0.04085	-0.0700256	0	0	0	218.537	218.537	6.99045e-06	0	0	0	11.5976	6.76042	0	4.83715		300	0.907854	0.0282672	0.0282672	-0.0565343	0	0	0	0.907854	0	-0.355028	-111.796	0	20.391	20.391	-1.5099e-14	5.32541	0	0	0	0	0	0	0	0	0	0	0	0	0	0	0	0	0	0	0	0	0	0	0	0	0	0	0	0	0	0	0	0	0	
1	1	1	818	24.54		300	0	0	0.0409	0.0409	-0.0701113	0	0	0	218.805	218.805	6.9885e-06	0	0	0	11.6194	6.77649	0	4.84294		300	0.908939	0.0283017	0.0283017	-0.0566035	0	0	0	0.908939	0	-0.355028	-111.796	0	20.391	20.391	-1.5099e-14	5.32541	0	0	0	0	0	0	0	0	0	0	0	0	0	0	0	0	0	0	0	0	0	0	0	0	0	0	0	0	0	0	0	0	0	
1	1	1	819	24.57		300	0	0	0.04095	0.04095	-0.0701969	0	0	0	219.075	219.075	6.98654e-06	0	0	0	11.6413	6.79261	0	4.84872		300	0.910022	0.0283362	0.0283362	-0.0566724	0	0	0	0.910022	0	-0.355028	-111.796	0	20.391	20.391	-1.5099e-14	5.32541	0	0	0	0	0	0	0	0	0	0	0	0	0	0	0	0	0	0	0	0	0	0	0	0	0	0	0	0	0	0	0	0	0	
1	1	1	820	24.6		300	0	0	0.041	0.041	-0.0702824	0	0	0	219.346	219.346	6.98455e-06	0	0	0	11.6633	6.80877	0	4.85448		300	0.911102	0.0283706	0.0283706	-0.0567412	0	0	0	0.911102	0	-0.355028	-111.796	0	20.391	20.391	-1.5099e-14	5.32541	0	0	0	0	0	0	0	0	0	0	0	0	0	0	0	0	0	0	0	0	0	0	0	0	0	0	0	0	0	0	0	0	0	
1	1	1	821	24.63		300	0	0	0.04105	0.04105	-0.0703678	0	0	0	219.619	219.619	6.98255e-06	0	0	0	11.6852	6.82497	0	4.86023		300	0.91218	0.0284049	0.0284049	-0.0568098	0	0	0	0.91218	0	-0.355028	-111.796	0	20.391	20.391	-1.5099e-14	5.32541	0	0	0	0	0	0	0	0	0	0	0	0	0	0	0	0	0	0	0	0	0	0	0	0	0	0	0	0	0	0	0	0	0	
1	1	1	822	24.66		300	0	0	0.0411	0.0411	-0.0704532	0	0	0	219.893	219.893	6.98053e-06	0	0	0	11.7072	6.84121	0	4.86596		300	0.913254	0.0284391	0.0284391	-0.0568782	0	0	0	0.913254	0	-0.355028	-111.796	0	20.391	20.391	-1.5099e-14	5.32541	0	0	0	0	0	0	0	0	0	0	0	0	0	0	0	0	0	0	0	0	0	0	0	0	0	0	0	0	0	0	0	0	0	
1	1	1	823	24.69		300	0	0	0.04115	0.04115	-0.0705384	0	0	0	220.169	220.169	6.97848e-06	0	0	0	11.7292	6.8575	0	4.87168		300	0.914325	0.0284732	0.0284732	-0.0569464	0	0	0	0.914325	0	-0.355028	-111.796	0	20.391	20.391	-1.5099e-14	5.32541	0	0	0	0	0	0	0	0	0	0	0	0	0	0	0	0	0	0	0	0	0	0	0	0	0	0	0	0	0	0	0	0	0	
1	1	1	824	24.72		300	0	0	0.0412	0.0412	-0.0706236	0	0	0	220.447	220.447	6.97642e-06	0	0	0	11.7512	6.87383	0	4.87738		300	0.915393	0.0285072	0.0285072	-0.0570145	0	0	0	0.915393	0	-0.355028	-111.796	0	20.391	20.391	-1.5099e-14	5.32541	0	0	0	0	0	0	0	0	0	0	0	0	0	0	0	0	0	0	0	0	0	0	0	0	0	0	0	0	0	0	0	0	0	
1	1	1	825	24.75		300	0	0	0.04125	0.04125	-0.0707087	0	0	0	220.726	220.726	6.97434e-06	0	0	0	11.7733	6.8902	0	4.88307		300	0.916459	0.0285411	0.0285411	-0.0570823	0	0	0	0.916459	0	-0.355028	-111.796	0	20.391	20.391	-1.5099e-14	5.32541	0	0	0	0	0	0	0	0	0	0	0	0	0	0	0	0	0	0	0	0	0	0	0	0	0	0	0	0	0	0	0	0	0	
1	1	1	826	24.78		300	0	0	0.0413	0.0413	-0.0707937	0	0	0	221.007	221.007	6.97223e-06	0	0	0	11.7954	6.90662	0	4.88873		300	0.917521	0.028575	0.028575	-0.0571499	0	0	0	0.917521	0	-0.355028	-111.796	0	20.391	20.391	-1.5099e-14	5.32541	0	0	0	0	0	0	0	0	0	0	0	0	0	0	0	0	0	0	0	0	0	0	0	0	0	0	0	0	0	0	0	0	0	
1	1	1	827	24.81		300	0	0	0.04135	0.04135	-0.0708786	0	0	0	221.289	221.289	6.97011e-06	0	0	0	11.8175	6.92308	0	4.89439		300	0.91858	0.0286087	0.0286087	-0.0572174	0	0	0	0.91858	0	-0.355028	-111.796	0	20.391	20.391	-1.5099e-14	5.32541	0	0	0	0	0	0	0	0	0	0	0	0	0	0	0	0	0	0	0	0	0	0	0	0	0	0	0	0	0	0	0	0	0	
1	1	1	828	24.84		300	0	0	0.0414	0.0414	-0.0709634	0	0	0	221.574	221.574	6.96796e-06	0	0	0	11.8396	6.93959	0	4.90002		300	0.919635	0.0286423	0.0286423	-0.0572846	0	0	0	0.919635	0	-0.355028	-111.796	0	20.391	20.391	-1.5099e-14	5.32541	0	0	0	0	0	0	0	0	0	0	0	0	0	0	0	0	0	0	0	0	0	0	0	0	0	0	0	0	0	0	0	0	0	
1	1	1	829	24.87		300	0	0	0.04145	0.04145	-0.0710481	0	0	0	221.86	221.86	6.96579e-06	0	0	0	11.8618	6.95615	0	4.90564		300	0.920688	0.0286758	0.0286758	-0.0573517	0	0	0	0.920688	0	-0.355028	-111.796	0	20.391	20.391	-1.5099e-14	5.32541	0	0	0	0	0	0	0	0	0	0	0	0	0	0	0	0	0	0	0	0	0	0	0	0	0	0	0	0	0	0	0	0	0	
1	1	1	830	24.9		300	0	0	0.0415	0.0415	-0.0711327	0	0	0	222.148	222.148	6.96361e-06	0	0	0	11.884	6.97275	0	4.91124		300	0.921737	0.0287092	0.0287092	-0.0574185	0	0	0	0.921737	0	-0.355028	-111.796	0	20.391	20.391	-1.5099e-14	5.32541	0	0	0	0	0	0	0	0	0	0	0	0	0	0	0	0	0	0	0	0	0	0	0	0	0	0	0	0	0	0	0	0	0	
1	1	1	831	24.93		300	0	0	0.04155	0.04155	-0.0712172	0	0	0	222.438	222.438	6.9614e-06	0	0	0	11.9062	6.98939	0	4.91682		300	0.922783	0.0287426	0.0287426	-0.0574851	0	0	0	0.922783	0	-0.355028	-111.796	0	20.391	20.391	-1.5099e-14	5.32541	0	0	0	0	0	0	0	0	0	0	0	0	0	0	0	0	0	0	0	0	0	0	0	0	0	0	0	0	0	0	0	0	0	
1	1	1	832	24.96		300	0	0	0.0416	0.0416	-0.0713016	0	0	0	222.73	222.73	6.95916e-06	0	0	0	11.9285	7.00609	0	4.92239		300	0.923825	0.0287758	0.0287758	-0.0575515	0	0	0	0.923825	0	-0.355028	-111.796	0	20.391	20.391	-1.5099e-14	5.32541	0	0	0	0	0	0	0	0	0	0	0	0	0	0	0	0	0	0	0	0	0	0	0	0	0	0	0	0	0	0	0	0	0	
1	1	1	833	24.99		300	0	0	0.04165	0.04165	-0.0713859	0	0	0	223.023	223.023	6.95691e-06	0	0	0	11.9508	7.02283	0	4.92793		300	0.924864	0.0288089	0.0288089	-0.0576177	0	0	0	0.924864	0	-0.355028	-111.796	0	20.391	20.391	-1.5099e-14	5.32541	0	0	0	0	0	0	0	0	0	0	0	0	0	0	0	0	0	0	0	0	0	0	0	0	0	0	0	0	0	0	0	0	0	
1	1	1	834	25.02		300	0	0	0.0417	0.0417	-0.0714702	0	0	0	223.319	223.319	6.95463e-06	0	0	0	11.9731	7.03962	0	4.93346		300	0.9259	0.0288418	0.0288418	-0.0576837	0	0	0	0.9259	0	-0.355028	-111.796	0	20.391	20.391	-1.5099e-14	5.32541	0	0	0	0	0	0	0	0	0	0	0	0	0	0	0	0	0	0	0	0	0	0	0	0	0	0	0	0	0	0	0	0	0	
1	1	1	835	25.05		300	0	0	0.04175	0.04175	-0.0715543	0	0	0	223.616	223.616	6.95233e-06	0	0	0	11.9954	7.05646	0	4.93897		300	0.926932	0.0288747	0.0288747	-0.0577494	0	0	0	0.926932	0	-0.355028	-111.796	0	20.391	20.391	-1.5099e-14	5.32541	0	0	0	0	0	0	0	0	0	0	0	0	0	0	0	0	0	0	0	0	0	0	0	0	0	0	0	0	0	0	0	0	0	
1	1	1	836	25.08		300	0	0	0.0418	0.0418	-0.0716383	0	0	0	223.916	223.916	6.95001e-06	0	0	0	12.0178	7.07334	0	4.94446		300	0.92796	0.0289075	0.0289075	-0.0578149	0	0	0	0.92796	0	-0.355028	-111.796	0	20.391	20.391	-1.5099e-14	5.32541	0	0	0	0	0	0	0	0	0	0	0	0	0	0	0	0	0	0	0	0	0	0	0	0	0	0	0	0	0	0	0	0	0	
1	1	1	837	25.11		300	0	0	0.04185	0.04185	-0.0717222	0	0	0	224.217	224.217	6.94767e-06	0	0	0	12.0402	7.09028	0	4.94993		300	0.928985	0.0289401	0.0289401	-0.0578802	0	0	0	0.928985	0	-0.355028	-111.796	0	20.391	20.391	-1.5099e-14	5.32541	0	0	0	0	0	0	0	0	0	0	0	0	0	0	0	0	0	0	0	0	0	0	0	0	0	0	0	0	0	0	0	0	0	
1	1	1	838	25.14		300	0	0	0.0419	0.0419	-0.071806	0	0	0	224.521	224.521	6.9453e-06	0	0	0	12.0626	7.10726	0	4.95538		300	0.930006	0.0289726	0.0289726	-0.0579453	0	0	0	0.930006	0	-0.355028	-111.796	0	20.391	20.391	-1.5099e-14	5.32541	0	0	0	0	0	0	0	0	0	0	0	0	0	0	0	0	0	0	0	0	0	0	0	0	0	0	0	0	0	0	0	0	0	
1	1	1	839	25.17		300	0	0	0.04195	0.04195	-0.0718896	0	0	0	224.826	224.826	6.94291e-06	0	0	0	12.0851	7.1243	0	4.96081		300	0.931023	0.029005	0.029005	-0.0580101	0	0	0	0.931023	0	-0.355028	-111.796	0	20.391	20.391	-1.5099e-14	5.32541	0	0	0	0	0	0	0	0	0	0	0	0	0	0	0	0	0	0	0	0	0	0	0	0	0	0	0	0	0	0	0	0	0	
1	1	1	840	25.2		300	0	0	0.042	0.042	-0.0719732	0	0	0	225.134	225.134	6.94049e-06	0	0	0	12.1076	7.14139	0	4.96622		300	0.932037	0.0290373	0.0290373	-0.0580747	0	0	0	0.932037	0	-0.355028	-111.796	0	20.391	20.391	-1.5099e-14	5.32541	0	0	0	0	0	0	0	0	0	0	0	0	0	0	0	0	0	0	0	0	0	0	0	0	0	0	0	0	0	0	0	0	0	
1	1	1	841	25.23		300	0	0	0.04205	0.04205	-0.0720566	0	0	0	225.444	225.444	6.93805e-06	0	0	0	12.1301	7.15853	0	4.97161		300	0.933046	0.0290695	0.0290695	-0.058139	0	0	0	0.933046	0	-0.355028	-111.796	0	20.391	20.391	-1.5099e-14	5.32541	0	0	0	0	0	0	0	0	0	0	0	0	0	0	0	0	0	0	0	0	0	0	0	0	0	0	0	0	0	0	0	0	0	
1	1	1	842	25.26		300	0	0	0.0421	0.0421	-0.07214	0	0	0	225.756	225.756	6.93558e-06	0	0	0	12.1527	7.17572	0	4.97698		300	0.934052	0.0291015	0.0291015	-0.0582031	0	0	0	0.934052	0	-0.355028	-111.796	0	20.391	20.391	-1.5099e-14	5.32541	0	0	0	0	0	0	0	0	0	0	0	0	0	0	0	0	0	0	0	0	0	0	0	0	0	0	0	0	0	0	0	0	0	
1	1	1	843	25.29		300	0	0	0.04215	0.04215	-0.0722232	0	0	0	226.07	226.07	6.93309e-06	0	0	0	12.1753	7.19296	0	4.98233		300	0.935053	0.0291334	0.0291334	-0.0582669	0	0	0	0.935053	0	-0.355028	-111.796	0	20.391	20.391	-1.5099e-14	5.32541	0	0	0	0	0	0	0	0	0	0	0	0	0	0	0	0	0	0	0	0	0	0	0	0	0	0	0	0	0	0	0	0	0	
1	1	1	844	25.32		300	0	0	0.0422	0.0422	-0.0723063	0	0	0	226.387	226.387	6.93058e-06	0	0	0	12.1979	7.21026	0	4.98765		300	0.93605	0.0291652	0.0291652	-0.0583304	0	0	0	0.93605	0	-0.355028	-111.796	0	20.391	20.391	-1.5099e-14	5.32541	0	0	0	0	0	0	0	0	0	0	0	0	0	0	0	0	0	0	0	0	0	0	0	0	0	0	0	0	0	0	0	0	0	
1	1	1	845	25.35		300	0	0	0.04225	0.04225	-0.0723893	0	0	0	226.705	226.705	6.92804e-06	0	0	0	12.2206	7.22761	0	4.99296		300	0.937044	0.0291969	0.0291969	-0.0583937	0	0	0	0.937044	0	-0.355028	-111.796	0	20.391	20.391	-1.5099e-14	5.32541	0	0	0	0	0	0	0	0	0	0	0	0	0	0	0	0	0	0	0	0	0	0	0	0	0	0	0	0	0	0	0	0	0	
1	1	1	846	25.38		300	0	0	0.0423	0.0423	-0.0724721	0	0	0	227.026	227.026	6.92547e-06	0	0	0	12.2433	7.24501	0	4.99824		300	0.938033	0.0292284	0.0292284	-0.0584567	0	0	0	0.938033	0	-0.355028	-111.796	0	20.391	20.391	-1.5099e-14	5.32541	0	0	0	0	0	0	0	0	0	0	0	0	0	0	0	0	0	0	0	0	0	0	0	0	0	0	0	0	0	0	0	0	0	
1	1	1	847	25.41		300	0	0	0.04235	0.04235	-0.0725548	0	0	0	227.35	227.35	6.92288e-06	0	0	0	12.266	7.26247	0	5.0035		300	0.939017	0.0292597	0.0292597	-0.0585195	0	0	0	0.939017	0	-0.355028	-111.796	0	20.391	20.391	-1.5099e-14	5.32541	0	0	0	0	0	0	0	0	0	0	0	0	0	0	0	0	0	0	0	0	0	0	0	0	0	0	0	0	0	0	0	0	0	
1	1	1	848	25.44		300	0	0	0.0424	0.0424	-0.0726374	0	0	0	227.676	227.676	6.92026e-06	0	0	0	12.2887	7.27999	0	5.00873		300	0.939998	0.029291	0.029291	-0.058582	0	0	0	0.939998	0	-0.355028	-111.796	0	20.391	20.391	-1.5099e-14	5.32541	0	0	0	0	0	0	0	0	0	0	0	0	0	0	0	0	0	0	0	0	0	0	0	0	0	0	0	0	0	0	0	0	0	
1	1	1	849	25.47		300	0	0	0.04245	0.04245	-0.0727199	0	0	0	228.004	228.004	6.91762e-06	0	0	0	12.3115	7.29756	0	5.01395		300	0.940973	0.0293221	0.0293221	-0.0586442	0	0	0	0.940973	0	-0.355028	-111.796	0	20.391	20.391	-1.5099e-14	5.32541	0	0	0	0	0	0	0	0	0	0	0	0	0	0	0	0	0	0	0	0	0	0	0	0	0	0	0	0	0	0	0	0	0	
1	1	1	850	25.5		300	0	0	0.0425	0.0425	-0.0728022	0	0	0	228.335	228.335	6.91495e-06	0	0	0	12.3343	7.31519	0	5.01914		300	0.941945	0.029353	0.029353	-0.0587061	0	0	0	0.941945	0	-0.355028	-111.796	0	20.391	20.391	-1.5099e-14	5.32541	0	0	0	0	0	0	0	0	0	0	0	0	0	0	0	0	0	0	0	0	0	0	0	0	0	0	0	0	0	0	0	0	0	
1	1	1	851	25.53		300	0	0	0.04255	0.04255	-0.0728844	0	0	0	228.668	228.668	6.91225e-06	0	0	0	12.3572	7.33288	0	5.0243		300	0.942911	0.0293839	0.0293839	-0.0587677	0	0	0	0.942911	0	-0.355028	-111.796	0	20.391	20.391	-1.5099e-14	5.32541	0	0	0	0	0	0	0	0	0	0	0	0	0	0	0	0	0	0	0	0	0	0	0	0	0	0	0	0	0	0	0	0	0	
1	1	1	852	25.56		300	0	0	0.0426	0.0426	-0.0729665	0	0	0	229.004	229.004	6.90952e-06	0	0	0	12.3801	7.35062	0	5.02944		300	0.943874	0.0294145	0.0294145	-0.058829	0	0	0	0.943874	0	-0.355028	-111.796	0	20.391	20.391	-1.5099e-14	5.32541	0	0	0	0	0	0	0	0	0	0	0	0	0	0	0	0	0	0	0	0	0	0	0	0	0	0	0	0	0	0	0	0	0	
1	1	1	853	25.59		300	0	0	0.04265	0.04265	-0.0730484	0	0	0	229.342	229.342	6.90677e-06	0	0	0	12.403	7.36842	0	5.03455		300	0.944831	0.029445	0.029445	-0.05889	0	0	0	0.944831	0	-0.355028	-111.796	0	20.391	20.391	-1.5099e-14	5.32541	0	0	0	0	0	0	0	0	0	0	0	0	0	0	0	0	0	0	0	0	0	0	0	0	0	0	0	0	0	0	0	0	0	
1	1	1	854	25.62		300	0	0	0.0427	0.0427	-0.0731302	0	0	0	229.684	229.684	6.90398e-06	0	0	0	12.4259	7.38628	0	5.03964		300	0.945783	0.0294754	0.0294754	-0.0589508	0	0	0	0.945783	0	-0.355028	-111.796	0	20.391	20.391	-1.5099e-14	5.32541	0	0	0	0	0	0	0	0	0	0	0	0	0	0	0	0	0	0	0	0	0	0	0	0	0	0	0	0	0	0	0	0	0	
1	1	1	855	25.65		300	0	0	0.04275	0.04275	-0.0732118	0	0	0	230.027	230.027	6.90117e-06	0	0	0	12.4489	7.40421	0	5.04471		300	0.946731	0.0295056	0.0295056	-0.0590112	0	0	0	0.946731	0	-0.355028	-111.796	0	20.391	20.391	-1.5099e-14	5.32541	0	0	0	0	0	0	0	0	0	0	0	0	0	0	0	0	0	0	0	0	0	0	0	0	0	0	0	0	0	0	0	0	0	
1	1	1	856	25.68		300	0	0	0.0428	0.0428	-0.0732933	0	0	0	230.374	230.374	6.89833e-06	0	0	0	12.4719	7.42219	0	5.04974		300	0.947673	0.0295356	0.0295356	-0.0590713	0	0	0	0.947673	0	-0.355028	-111.796	0	20.391	20.391	-1.5099e-14	5.32541	0	0	0	0	0	0	0	0	0	0	0	0	0	0	0	0	0	0	0	0	0	0	0	0	0	0	0	0	0	0	0	0	0	
1	1	1	857	25.71		300	0	0	0.04285	0.04285	-0.0733746	0	0	0	230.723	230.723	6.89546e-06	0	0	0	12.495	7.44023	0	5.05475		300	0.948611	0.0295655	0.0295655	-0.059131	0	0	0	0.948611	0	-0.355028	-111.796	0	20.391	20.391	-1.5099e-14	5.32541	0	0	0	0	0	0	0	0	0	0	0	0	0	0	0	0	0	0	0	0	0	0	0	0	0	0	0	0	0	0	0	0	0	
1	1	1	858	25.74		300	0	0	0.0429	0.0429	-0.0734558	0	0	0	231.076	231.076	6.89256e-06	0	0	0	12.5181	7.45834	0	5.05974		300	0.949543	0.0295952	0.0295952	-0.0591905	0	0	0	0.949543	0	-0.355028	-111.796	0	20.391	20.391	-1.5099e-14	5.32541	0	0	0	0	0	0	0	0	0	0	0	0	0	0	0	0	0	0	0	0	0	0	0	0	0	0	0	0	0	0	0	0	0	
1	1	1	859	25.77		300	0	0	0.04295	0.04295	-0.0735368	0	0	0	231.431	231.431	6.88963e-06	0	0	0	12.5412	7.47651	0	5.06469		300	0.95047	0.0296248	0.0296248	-0.0592496	0	0	0	0.95047	0	-0.355028	-111.796	0	20.391	20.391	-1.5099e-14	5.32541	0	0	0	0	0	0	0	0	0	0	0	0	0	0	0	0	0	0	0	0	0	0	0	0	0	0	0	0	0	0	0	0	0	
1	1	1	860	25.8		300	0	0	0.043	0.043	-0.0736177	0	0	0	231.789	231.789	6.88667e-06	0	0	0	12.5644	7.49475	0	5.06962		300	0.951392	0.0296542	0.0296542	-0.0593083	0	0	0	0.951392	0	-0.355028	-111.796	0	20.391	20.391	-1.5099e-14	5.32541	0	0	0	0	0	0	0	0	0	0	0	0	0	0	0	0	0	0	0	0	0	0	0	0	0	0	0	0	0	0	0	0	0	
1	1	1	861	25.83		300	0	0	0.04305	0.04305	-0.0736984	0	0	0	232.15	232.15	6.88368e-06	0	0	0	12.5876	7.51305	0	5.07452		300	0.952308	0.0296834	0.0296834	-0.0593668	0	0	0	0.952308	0	-0.355028	-111.796	0	20.391	20.391	-1.5099e-14	5.32541	0	0	0	0	0	0	0	0	0	0	0	0	0	0	0	0	0	0	0	0	0	0	0	0	0	0	0	0	0	0	0	0	0	
1	1	1	862	25.86		300	0	0	0.0431	0.0431	-0.0737789	0	0	0	232.514	232.514	6.88066e-06	0	0	0	12.6108	7.53141	0	5.07938		300	0.953219	0.0297124	0.0297124	-0.0594248	0	0	0	0.953219	0	-0.355028	-111.796	0	20.391	20.391	-1.5099e-14	5.32541	0	0	0	0	0	0	0	0	0	0	0	0	0	0	0	0	0	0	0	0	0	0	0	0	0	0	0	0	0	0	0	0	0	
1	1	1	863	25.89		300	0	0	0.04315	0.04315	-0.0738593	0	0	0	232.881	232.881	6.8776e-06	0	0	0	12.6341	7.54984	0	5.08422		300	0.954124	0.0297413	0.0297413	-0.0594825	0	0	0	0.954124	0	-0.355028	-111.796	0	20.391	20.391	-1.5099e-14	5.32541	0	0	0	0	0	0	0	0	0	0	0	0	0	0	0	0	0	0	0	0	0	0	0	0	0	0	0	0	0	0	0	0	0	
1	1	1	864	25.92		300	0	0	0.0432	0.0432	-0.0739395	0	0	0	233.252	233.252	6.87451e-06	0	0	0	12.6574	7.56834	0	5.08903		300	0.955023	0.0297699	0.0297699	-0.0595399	0	0	0	0.955023	0	-0.355028	-111.796	0	20.391	20.391	-1.5099e-14	5.32541	0	0	0	0	0	0	0	0	0	0	0	0	0	0	0	0	0	0	0	0	0	0	0	0	0	0	0	0	0	0	0	0	0	
1	1	1	865	25.95		300	0	0	0.04325	0.04325	-0.0740196	0	0	0	233.625	233.625	6.87139e-06	0	0	0	12.6807	7.58691	0	5.09381		300	0.955917	0.0297984	0.0297984	-0.0595969	0	0	0	0.955917	0	-0.355028	-111.796	0	20.391	20.391	-1.5099e-14	5.32541	0	0	0	0	0	0	0	0	0	0	0	0	0	0	0	0	0	0	0	0	0	0	0	0	0	0	0	0	0	0	0	0	0	
1	1	1	866	25.98		300	0	0	0.0433	0.0433	-0.0740995	0	0	0	234.002	234.002	6.86823e-06	0	0	0	12.7041	7.60554	0	5.09855		300	0.956805	0.0298267	0.0298267	-0.0596535	0	0	0	0.956805	0	-0.355028	-111.796	0	20.391	20.391	-1.5099e-14	5.32541	0	0	0	0	0	0	0	0	0	0	0	0	0	0	0	0	0	0	0	0	0	0	0	0	0	0	0	0	0	0	0	0	0	
1	1	1	867	26.01		300	0	0	0.04335	0.04335	-0.0741791	0	0	0	234.382	234.382	6.86504e-06	0	0	0	12.7275	7.62425	0	5.10327		300	0.957686	0.0298548	0.0298548	-0.0597097	0	0	0	0.957686	0	-0.355028	-111.796	0	20.391	20.391	-1.5099e-14	5.32541	0	0	0	0	0	0	0	0	0	0	0	0	0	0	0	0	0	0	0	0	0	0	0	0	0	0	0	0	0	0	0	0	0	
1	1	1	868	26.04		300	0	0	0.0434	0.0434	-0.0742586	0	0	0	234.766	234.766	6.86181e-06	0	0	0	12.751	7.64302	0	5.10795		300	0.958561	0.0298827	0.0298827	-0.0597655	0	0	0	0.958561	0	-0.355028	-111.796	0	20.391	20.391	-1.5099e-14	5.32541	0	0	0	0	0	0	0	0	0	0	0	0	0	0	0	0	0	0	0	0	0	0	0	0	0	0	0	0	0	0	0	0	0	
1	1	1	869	26.07		300	0	0	0.04345	0.04345	-0.074338	0	0	0	235.153	235.153	6.85855e-06	0	0	0	12.7745	7.66187	0	5.1126		300	0.959431	0.0299105	0.0299105	-0.0598209	0	0	0	0.959431	0	-0.355028	-111.796	0	20.391	20.391	-1.5099e-14	5.32541	0	0	0	0	0	0	0	0	0	0	0	0	0	0	0	0	0	0	0	0	0	0	0	0	0	0	0	0	0	0	0	0	0	
1	1	1	870	26.1		300	0	0	0.0435	0.0435	-0.0744171	0	0	0	235.544	235.544	6.85524e-06	0	0	0	12.798	7.68079	0	5.11721		300	0.960293	0.029938	0.029938	-0.0598759	0	0	0	0.960293	0	-0.355028	-111.796	0	20.391	20.391	-1.5099e-14	5.32541	0	0	0	0	0	0	0	0	0	0	0	0	0	0	0	0	0	0	0	0	0	0	0	0	0	0	0	0	0	0	0	0	0	
1	1	1	871	26.13		300	0	0	0.04355	0.04355	-0.074496	0	0	0	235.938	235.938	6.8519e-06	0	0	0	12.8216	7.69978	0	5.1218		300	0.961149	0.0299653	0.0299653	-0.0599305	0	0	0	0.961149	0	-0.355028	-111.796	0	20.391	20.391	-1.5099e-14	5.32541	0	0	0	0	0	0	0	0	0	0	0	0	0	0	0	0	0	0	0	0	0	0	0	0	0	0	0	0	0	0	0	0	0	
1	1	1	872	26.16		300	0	0	0.0436	0.0436	-0.0745748	0	0	0	236.336	236.336	6.84852e-06	0	0	0	12.8452	7.71885	0	5.12634		300	0.961999	0.0299924	0.0299924	-0.0599847	0	0	0	0.961999	0	-0.355028	-111.796	0	20.391	20.391	-1.5099e-14	5.32541	0	0	0	0	0	0	0	0	0	0	0	0	0	0	0	0	0	0	0	0	0	0	0	0	0	0	0	0	0	0	0	0	0	
1	1	1	873	26.19		300	0	0	0.04365	0.04365	-0.0746533	0	0	0	236.737	236.737	6.8451e-06	0	0	0	12.8688	7.73799	0	5.13085		300	0.962842	0.0300192	0.0300192	-0.0600385	0	0	0	0.962842	0	-0.355028	-111.796	0	20.391	20.391	-1.5099e-14	5.32541	0	0	0	0	0	0	0	0	0	0	0	0	0	0	0	0	0	0	0	0	0	0	0	0	0	0	0	0	0	0	0	0	0	
1	1	1	874	26.22		300	0	0	0.0437	0.0437	-0.0747317	0	0	0	237.143	237.143	6.84164e-06	0	0	0	12.8925	7.75721	0	5.13533		300	0.963678	0.0300459	0.0300459	-0.0600918	0	0	0	0.963678	0	-0.355028	-111.796	0	20.391	20.391	-1.5099e-14	5.32541	0	0	0	0	0	0	0	0	0	0	0	0	0	0	0	0	0	0	0	0	0	0	0	0	0	0	0	0	0	0	0	0	0	
1	1	1	875	26.25		300	0	0	0.04375	0.04375	-0.0748098	0	0	0	237.552	237.552	6.83814e-06	0	0	0	12.9163	7.77651	0	5.13976		300	0.964507	0.0300724	0.0300724	-0.0601447	0	0	0	0.964507	0	-0.355028	-111.796	0	20.391	20.391	-1.5099e-14	5.32541	0	0	0	0	0	0	0	0	0	0	0	0	0	0	0	0	0	0	0	0	0	0	0	0	0	0	0	0	0	0	0	0	0	
1	1	1	876	26.28		300	0	0	0.0438	0.0438	-0.0748878	0	0	0	237.965	237.965	6.83459e-06	0	0	0	12.94	7.79589	0	5.14416		300	0.965329	0.0300986	0.0300986	-0.0601971	0	0	0	0.965329	0	-0.355028	-111.796	0	20.391	20.391	-1.5099e-14	5.32541	0	0	0	0	0	0	0	0	0	0	0	0	0	0	0	0	0	0	0	0	0	0	0	0	0	0	0	0	0	0	0	0	0	
1	1	1	877	26.31		300	0	0	0.04385	0.04385	-0.0749655	0	0	0	238.382	238.382	6.83099e-06	0	0	0	12.9639	7.81534	0	5.14852		300	0.966144	0.0301246	0.0301246	-0.0602491	0	0	0	0.966144	0	-0.355028	-111.796	0	20.391	20.391	-1.5099e-14	5.32541	0	0	0	0	0	0	0	0	0	0	0	0	0	0	0	0	0	0	0	0	0	0	0	0	0	0	0	0	0	0	0	0	0	
1	1	1	878	26.34		300	0	0	0.0439	0.0439	-0.075043	0	0	0	238.803	238.803	6.82735e-06	0	0	0	12.9877	7.83488	0	5.15285		300	0.966951	0.0301503	0.0301503	-0.0603006	0	0	0	0.966951	0	-0.355028	-111.796	0	20.391	20.391	-1.5099e-14	5.32541	0	0	0	0	0	0	0	0	0	0	0	0	0	0	0	0	0	0	0	0	0	0	0	0	0	0	0	0	0	0	0	0	0	
1	1	1	879	26.37		300	0	0	0.04395	0.04395	-0.0751203	0	0	0	239.228	239.228	6.82366e-06	0	0	0	13.0116	7.8545	0	5.15713		300	0.967751	0.0301758	0.0301758	-0.0603516	0	0	0	0.967751	0	-0.355028	-111.796	0	20.391	20.391	-1.5099e-14	5.32541	0	0	0	0	0	0	0	0	0	0	0	0	0	0	0	0	0	0	0	0	0	0	0	0	0	0	0	0	0	0	0	0	0	
1	1	1	880	26.4		300	0	0	0.044	0.044	-0.0751973	0	0	0	239.658	239.658	6.81992e-06	0	0	0	13.0356	7.8742	0	5.16137		300	0.968543	0.0302011	0.0302011	-0.0604022	0	0	0	0.968543	0	-0.355028	-111.796	0	20.391	20.391	-1.5099e-14	5.32541	0	0	0	0	0	0	0	0	0	0	0	0	0	0	0	0	0	0	0	0	0	0	0	0	0	0	0	0	0	0	0	0	0	
1	1	1	881	26.43		300	0	0	0.04405	0.04405	-0.0752742	0	0	0	240.092	240.092	6.81613e-06	0	0	0	13.0596	7.89398	0	5.16558		300	0.969328	0.0302261	0.0302261	-0.0604522	0	0	0	0.969328	0	-0.355028	-111.796	0	20.391	20.391	-1.5099e-14	5.32541	0	0	0	0	0	0	0	0	0	0	0	0	0	0	0	0	0	0	0	0	0	0	0	0	0	0	0	0	0	0	0	0	0	
1	1	1	882	26.46		300	0	0	0.0441	0.0441	-0.0753507	0	0	0	240.53	240.53	6.81228e-06	0	0	0	13.0836	7.91385	0	5.16974		300	0.970104	0.0302509	0.0302509	-0.0605018	0	0	0	0.970104	0	-0.355028	-111.796	0	20.391	20.391	-1.5099e-14	5.32541	0	0	0	0	0	0	0	0	0	0	0	0	0	0	0	0	0	0	0	0	0	0	0	0	0	0	0	0	0	0	0	0	0	
1	1	1	883	26.49		300	0	0	0.04415	0.04415	-0.0754271	0	0	0	240.972	240.972	6.80837e-06	0	0	0	13.1077	7.93381	0	5.17386		300	0.970873	0.0302754	0.0302754	-0.0605508	0	0	0	0.970873	0	-0.355028	-111.796	0	20.391	20.391	-1.5099e-14	5.32541	0	0	0	0	0	0	0	0	0	0	0	0	0	0	0	0	0	0	0	0	0	0	0	0	0	0	0	0	0	0	0	0	0	
1	1	1	884	26.52		300	0	0	0.0442	0.0442	-0.0755032	0	0	0	241.419	241.419	6.8044e-06	0	0	0	13.1318	7.95386	0	5.17793		300	0.971633	0.0302997	0.0302997	-0.0605993	0	0	0	0.971633	0	-0.355028	-111.796	0	20.391	20.391	-1.5099e-14	5.32541	0	0	0	0	0	0	0	0	0	0	0	0	0	0	0	0	0	0	0	0	0	0	0	0	0	0	0	0	0	0	0	0	0	
1	1	1	885	26.55		300	0	0	0.04425	0.04425	-0.0755791	0	0	0	241.871	241.871	6.80038e-06	0	0	0	13.1559	7.97399	0	5.18196		300	0.972385	0.0303237	0.0303237	-0.0606473	0	0	0	0.972385	0	-0.355028	-111.796	0	20.391	20.391	-1.5099e-14	5.32541	0	0	0	0	0	0	0	0	0	0	0	0	0	0	0	0	0	0	0	0	0	0	0	0	0	0	0	0	0	0	0	0	0	
1	1	1	886	26.58		300	0	0	0.0443	0.0443	-0.0756547	0	0	0	242.327	242.327	6.79628e-06	0	0	0	13.1802	7.99421	0	5.18595		300	0.973128	0.0303474	0.0303474	-0.0606948	0	0	0	0.973128	0	-0.355028	-111.796	0	20.391	20.391	-1.5099e-14	5.32541	0	0	0	0	0	0	0	0	0	0	0	0	0	0	0	0	0	0	0	0	0	0	0	0	0	0	0	0	0	0	0	0	0	
1	1	1	887	26.61		300	0	0	0.04435	0.04435	-0.0757301	0	0	0	242.789	242.789	6.79212e-06	0	0	0	13.2044	8.01453	0	5.18989		300	0.973863	0.0303708	0.0303708	-0.0607416	0	0	0	0.973863	0	-0.355028	-111.796	0	20.391	20.391	-1.5099e-14	5.32541	0	0	0	0	0	0	0	0	0	0	0	0	0	0	0	0	0	0	0	0	0	0	0	0	0	0	0	0	0	0	0	0	0	
1	1	1	888	26.64		300	0	0	0.0444	0.0444	-0.0758052	0	0	0	243.255	243.255	6.78789e-06	0	0	0	13.2287	8.03494	0	5.19378		300	0.974589	0.030394	0.030394	-0.060788	0	0	0	0.974589	0	-0.355028	-111.796	0	20.391	20.391	-1.5099e-14	5.32541	0	0	0	0	0	0	0	0	0	0	0	0	0	0	0	0	0	0	0	0	0	0	0	0	0	0	0	0	0	0	0	0	0	
1	1	1	889	26.67		300	0	0	0.04445	0.04445	-0.07588	0	0	0	243.726	243.726	6.78359e-06	0	0	0	13.2531	8.05544	0	5.19763		300	0.975307	0.0304169	0.0304169	-0.0608337	0	0	0	0.975307	0	-0.355028	-111.796	0	20.391	20.391	-1.5099e-14	5.32541	0	0	0	0	0	0	0	0	0	0	0	0	0	0	0	0	0	0	0	0	0	0	0	0	0	0	0	0	0	0	0	0	0	
1	1	1	890	26.7		300	0	0	0.0445	0.0445	-0.0759546	0	0	0	244.202	244.202	6.77921e-06	0	0	0	13.2775	8.07603	0	5.20143		300	0.976015	0.0304395	0.0304395	-0.0608789	0	0	0	0.976015	0	-0.355028	-111.796	0	20.391	20.391	-1.5099e-14	5.32541	0	0	0	0	0	0	0	0	0	0	0	0	0	0	0	0	0	0	0	0	0	0	0	0	0	0	0	0	0	0	0	0	0	
1	1	1	891	26.73		300	0	0	0.04455	0.04455	-0.0760289	0	0	0	244.683	244.683	6.77474e-06	0	0	0	13.3019	8.09673	0	5.20518		300	0.976714	0.0304618	0.0304618	-0.0609235	0	0	0	0.976714	0	-0.355028	-111.796	0	20.391	20.391	-1.5099e-14	5.32541	0	0	0	0	0	0	0	0	0	0	0	0	0	0	0	0	0	0	0	0	0	0	0	0	0	0	0	0	0	0	0	0	0	
1	1	1	892	26.76		300	0	0	0.0446	0.0446	-0.0761029	0	0	0	245.169	245.169	6.7702e-06	0	0	0	13.3264	8.11752	0	5.20888		300	0.977403	0.0304838	0.0304838	-0.0609675	0	0	0	0.977403	0	-0.355028	-111.796	0	20.391	20.391	-1.5099e-14	5.32541	0	0	0	0	0	0	0	0	0	0	0	0	0	0	0	0	0	0	0	0	0	0	0	0	0	0	0	0	0	0	0	0	0	
1	1	1	893	26.79		300	0	0	0.04465	0.04465	-0.0761767	0	0	0	245.661	245.661	6.76556e-06	0	0	0	13.3509	8.13841	0	5.21253		300	0.978083	0.0305055	0.0305055	-0.0610109	0	0	0	0.978083	0	-0.355028	-111.796	0	20.391	20.391	-1.5099e-14	5.32541	0	0	0	0	0	0	0	0	0	0	0	0	0	0	0	0	0	0	0	0	0	0	0	0	0	0	0	0	0	0	0	0	0	
1	1	1	894	26.82		300	0	0	0.0447	0.0447	-0.0762501	0	0	0	246.158	246.158	6.76083e-06	0	0	0	13.3755	8.1594	0	5.21613		300	0.978753	0.0305269	0.0305269	-0.0610537	0	0	0	0.978753	0	-0.355028	-111.796	0	20.391	20.391	-1.5099e-14	5.32541	0	0	0	0	0	0	0	0	0	0	0	0	0	0	0	0	0	0	0	0	0	0	0	0	0	0	0	0	0	0	0	0	0	
1	1	1	895	26.85		300	0	0	0.04475	0.04475	-0.0763233	0	0	0	246.66	246.66	6.75601e-06	0	0	0	13.4002	8.1805	0	5.21968		300	0.979413	0.0305479	0.0305479	-0.0610958	0	0	0	0.979413	0	-0.355028	-111.796	0	20.391	20.391	-1.5099e-14	5.32541	0	0	0	0	0	0	0	0	0	0	0	0	0	0	0	0	0	0	0	0	0	0	0	0	0	0	0	0	0	0	0	0	0	
1	1	1	896	26.88		300	0	0	0.0448	0.0448	-0.0763961	0	0	0	247.168	247.168	6.75109e-06	0	0	0	13.4249	8.20169	0	5.22317		300	0.980064	0.0305687	0.0305687	-0.0611374	0	0	0	0.980064	0	-0.355028	-111.796	0	20.391	20.391	-1.5099e-14	5.32541	0	0	0	0	0	0	0	0	0	0	0	0	0	0	0	0	0	0	0	0	0	0	0	0	0	0	0	0	0	0	0	0	0	
1	1	1	897	26.91		300	0	0	0.04485	0.04485	-0.0764687	0	0	0	247.681	247.681	6.74606e-06	0	0	0	13.4496	8.22299	0	5.22661		300	0.980704	0.0305891	0.0305891	-0.0611782	0	0	0	0.980704	0	-0.355028	-111.796	0	20.391	20.391	-1.5099e-14	5.32541	0	0	0	0	0	0	0	0	0	0	0	0	0	0	0	0	0	0	0	0	0	0	0	0	0	0	0	0	0	0	0	0	0	
1	1	1	898	26.94		300	0	0	0.0449	0.0449	-0.076541	0	0	0	248.201	248.201	6.74092e-06	0	0	0	13.4744	8.2444	0	5.23		300	0.981333	0.0306092	0.0306092	-0.0612184	0	0	0	0.981333	0	-0.355028	-111.796	0	20.391	20.391	-1.5099e-14	5.32541	0	0	0	0	0	0	0	0	0	0	0	0	0	0	0	0	0	0	0	0	0	0	0	0	0	0	0	0	0	0	0	0	0	
1	1	1	899	26.97		300	0	0	0.04495	0.04495	-0.0766129	0	0	0	248.726	248.726	6.73567e-06	0	0	0	13.4992	8.26592	0	5.23333		300	0.981953	0.030629	0.030629	-0.0612579	0	0	0	0.981953	0	-0.355028	-111.796	0	20.391	20.391	-1.5099e-14	5.32541	0	0	0	0	0	0	0	0	0	0	0	0	0	0	0	0	0	0	0	0	0	0	0	0	0	0	0	0	0	0	0	0	0	
1	1	1	900	27		300	0	0	0.045	0.045	-0.0766845	0	0	0	249.257	249.257	6.7303e-06	0	0	0	13.5241	8.28754	0	5.2366		300	0.982561	0.0306484	0.0306484	-0.0612968	0	0	0	0.982561	0	-0.355028	-111.796	0	20.391	20.391	-1.5099e-14	5.32541	0	0	0	0	0	0	0	0	0	0	0	0	0	0	0	0	0	0	0	0	0	0	0	0	0	0	0	0	0	0	0	0	0	
1	1	1	901	27.03		300	0	0	0.04505	0.04505	-0.0767558	0	0	0	249.794	249.794	6.72482e-06	0	0	0	13.5491	8.30928	0	5.23982		300	0.983159	0.0306675	0.0306675	-0.0613349	0	0	0	0.983159	0	-0.355028	-111.796	0	20.391	20.391	-1.5099e-14	5.32541	0	0	0	0	0	0	0	0	0	0	0	0	0	0	0	0	0	0	0	0	0	0	0	0	0	0	0	0	0	0	0	0	0	
1	1	1	902	27.06		300	0	0	0.0451	0.0451	-0.0768268	0	0	0	250.337	250.337	6.71921e-06	0	0	0	13.5741	8.33112	0	5.24298		300	0.983746	0.0306862	0.0306862	-0.0613724	0	0	0	0.983746	0	-0.355028	-111.796	0	20.391	20.391	-1.5099e-14	5.32541	0	0	0	0	0	0	0	0	0	0	0	0	0	0	0	0	0	0	0	0	0	0	0	0	0	0	0	0	0	0	0	0	0	
1	1	1	903	27.09		300	0	0	0.04515	0.04515	-0.0768975	0	0	0	250.886	250.886	6.71347e-06	0	0	0	13.5992	8.35309	0	5.24608		300	0.984321	0.0307046	0.0307046	-0.0614092	0	0	0	0.984321	0	-0.355028	-111.796	0	20.391	20.391	-1.5099e-14	5.32541	0	0	0	0	0	0	0	0	0	0	0	0	0	0	0	0	0	0	0	0	0	0	0	0	0	0	0	0	0	0	0	0	0	
1	1	1	904	27.12		300	0	0	0.0452	0.0452	-0.0769678	0	0	0	251.442	251.442	6.70761e-06	0	0	0	13.6243	8.37516	0	5.24912		300	0.984886	0.0307226	0.0307226	-0.0614452	0	0	0	0.984886	0	-0.355028	-111.796	0	20.391	20.391	-1.5099e-14	5.32541	0	0	0	0	0	0	0	0	0	0	0	0	0	0	0	0	0	0	0	0	0	0	0	0	0	0	0	0	0	0	0	0	0	
1	1	1	905	27.15		300	0	0	0.04525	0.04525	-0.0770378	0	0	0	252.004	252.004	6.70161e-06	0	0	0	13.6495	8.39735	0	5.25211		300	0.985439	0.0307403	0.0307403	-0.0614805	0	0	0	0.985439	0	-0.355028	-111.796	0	20.391	20.391	-1.5099e-14	5.32541	0	0	0	0	0	0	0	0	0	0	0	0	0	0	0	0	0	0	0	0	0	0	0	0	0	0	0	0	0	0	0	0	0	
1	1	1	906	27.18		300	0	0	0.0453	0.0453	-0.0771075	0	0	0	252.572	252.572	6.69548e-06	0	0	0	13.6747	8.41966	0	5.25503		300	0.98598	0.0307575	0.0307575	-0.0615151	0	0	0	0.98598	0	-0.355028	-111.796	0	20.391	20.391	-1.5099e-14	5.32541	0	0	0	0	0	0	0	0	0	0	0	0	0	0	0	0	0	0	0	0	0	0	0	0	0	0	0	0	0	0	0	0	0	
1	1	1	907	27.21		300	0	0	0.04535	0.04535	-0.0771768	0	0	0	253.146	253.146	6.68922e-06	0	0	0	13.7	8.44208	0	5.25789		300	0.98651	0.0307745	0.0307745	-0.0615489	0	0	0	0.98651	0	-0.355028	-111.796	0	20.391	20.391	-1.5099e-14	5.32541	0	0	0	0	0	0	0	0	0	0	0	0	0	0	0	0	0	0	0	0	0	0	0	0	0	0	0	0	0	0	0	0	0	
1	1	1	908	27.24		300	0	0	0.0454	0.0454	-0.0772457	0	0	0	253.728	253.728	6.68283e-06	0	0	0	13.7253	8.46463	0	5.26068		300	0.987028	0.030791	0.030791	-0.061582	0	0	0	0.987028	0	-0.355028	-111.796	0	20.391	20.391	-1.5099e-14	5.32541	0	0	0	0	0	0	0	0	0	0	0	0	0	0	0	0	0	0	0	0	0	0	0	0	0	0	0	0	0	0	0	0	0	
1	1	1	909	27.27		300	0	0	0.04545	0.04545	-0.0773143	0	0	0	254.315	254.315	6.67631e-06	0	0	0	13.7507	8.4873	0	5.26342		300	0.987534	0.0308071	0.0308071	-0.0616143	0	0	0	0.987534	0	-0.355028	-111.796	0	20.391	20.391	-1.5099e-14	5.32541	0	0	0	0	0	0	0	0	0	0	0	0	0	0	0	0	0	0	0	0	0	0	0	0	0	0	0	0	0	0	0	0	0	
1	1	1	910	27.3		300	0	0	0.0455	0.0455	-0.0773826	0	0	0	254.91	254.91	6.66966e-06	0	0	0	13.7762	8.51009	0	5.26609		300	0.988028	0.0308229	0.0308229	-0.0616458	0	0	0	0.988028	0	-0.355028	-111.796	0	20.391	20.391	-1.5099e-14	5.32541	0	0	0	0	0	0	0	0	0	0	0	0	0	0	0	0	0	0	0	0	0	0	0	0	0	0	0	0	0	0	0	0	0	
1	1	1	911	27.33		300	0	0	0.04555	0.04555	-0.0774504	0	0	0	255.511	255.511	6.6629e-06	0	0	0	13.8017	8.533	0	5.26869		300	0.98851	0.0308383	0.0308383	-0.0616766	0	0	0	0.98851	0	-0.355028	-111.796	0	20.391	20.391	-1.5099e-14	5.32541	0	0	0	0	0	0	0	0	0	0	0	0	0	0	0	0	0	0	0	0	0	0	0	0	0	0	0	0	0	0	0	0	0	
1	1	1	912	27.36		300	0	0	0.0456	0.0456	-0.077518	0	0	0	256.119	256.119	6.65602e-06	0	0	0	13.8273	8.55604	0	5.27124		300	0.988979	0.0308533	0.0308533	-0.0617066	0	0	0	0.988979	0	-0.355028	-111.796	0	20.391	20.391	-1.5099e-14	5.32541	0	0	0	0	0	0	0	0	0	0	0	0	0	0	0	0	0	0	0	0	0	0	0	0	0	0	0	0	0	0	0	0	0	
1	1	1	913	27.39		300	0	0	0.04565	0.04565	-0.0775851	0	0	0	256.734	256.734	6.64904e-06	0	0	0	13.8529	8.57921	0	5.27371		300	0.989437	0.0308679	0.0308679	-0.0617358	0	0	0	0.989437	0	-0.355028	-111.796	0	20.391	20.391	-1.5099e-14	5.32541	0	0	0	0	0	0	0	0	0	0	0	0	0	0	0	0	0	0	0	0	0	0	0	0	0	0	0	0	0	0	0	0	0	
1	1	1	914	27.42		300	0	0	0.0457	0.0457	-0.0776519	0	0	0	257.355	257.355	6.64196e-06	0	0	0	13.8786	8.6025	0	5.27612		300	0.989881	0.0308821	0.0308821	-0.0617642	0	0	0	0.989881	0	-0.355028	-111.796	0	20.391	20.391	-1.5099e-14	5.32541	0	0	0	0	0	0	0	0	0	0	0	0	0	0	0	0	0	0	0	0	0	0	0	0	0	0	0	0	0	0	0	0	0	
1	1	1	915	27.45		300	0	0	0.04575	0.04575	-0.0777183	0	0	0	257.984	257.984	6.6348e-06	0	0	0	13.9044	8.62592	0	5.27847		300	0.990314	0.0308959	0.0308959	-0.0617918	0	0	0	0.990314	0	-0.355028	-111.796	0	20.391	20.391	-1.5099e-14	5.32541	0	0	0	0	0	0	0	0	0	0	0	0	0	0	0	0	0	0	0	0	0	0	0	0	0	0	0	0	0	0	0	0	0	
1	1	1	916	27.48		300	0	0	0.0458	0.0458	-0.0777844	0	0	0	258.619	258.619	6.62757e-06	0	0	0	13.9302	8.64947	0	5.28075		300	0.990734	0.0309093	0.0309093	-0.0618186	0	0	0	0.990734	0	-0.355028	-111.796	0	20.391	20.391	-1.5099e-14	5.32541	0	0	0	0	0	0	0	0	0	0	0	0	0	0	0	0	0	0	0	0	0	0	0	0	0	0	0	0	0	0	0	0	0	
1	1	1	917	27.51		300	0	0	0.04585	0.04585	-0.0778501	0	0	0	259.262	259.262	6.6203e-06	0	0	0	13.9561	8.67316	0	5.28296		300	0.991141	0.0309223	0.0309223	-0.0618447	0	0	0	0.991141	0	-0.355028	-111.796	0	20.391	20.391	-1.5099e-14	5.32541	0	0	0	0	0	0	0	0	0	0	0	0	0	0	0	0	0	0	0	0	0	0	0	0	0	0	0	0	0	0	0	0	0	
1	1	1	918	27.54		300	0	0	0.0459	0.0459	-0.0779154	0	0	0	259.911	259.911	6.613e-06	0	0	0	13.9821	8.69697	0	5.28511		300	0.991535	0.0309349	0.0309349	-0.0618699	0	0	0	0.991535	0	-0.355028	-111.796	0	20.391	20.391	-1.5099e-14	5.32541	0	0	0	0	0	0	0	0	0	0	0	0	0	0	0	0	0	0	0	0	0	0	0	0	0	0	0	0	0	0	0	0	0	
1	1	1	919	27.57		300	0	0	0.04595	0.04595	-0.0779803	0	0	0	260.568	260.568	6.60569e-06	0	0	0	14.0081	8.72091	0	5.28719		300	0.991918	0.0309471	0.0309471	-0.0618943	0	0	0	0.991918	0	-0.355028	-111.796	0	20.391	20.391	-1.5099e-14	5.32541	0	0	0	0	0	0	0	0	0	0	0	0	0	0	0	0	0	0	0	0	0	0	0	0	0	0	0	0	0	0	0	0	0	
1	1	1	920	27.6		300	0	0	0.046	0.046	-0.0780448	0	0	0	261.231	261.231	6.5984e-06	0	0	0	14.0342	8.74499	0	5.2892		300	0.992287	0.0309589	0.0309589	-0.0619179	0	0	0	0.992287	0	-0.355028	-111.796	0	20.391	20.391	-1.5099e-14	5.32541	0	0	0	0	0	0	0	0	0	0	0	0	0	0	0	0	0	0	0	0	0	0	0	0	0	0	0	0	0	0	0	0	0	
1	1	1	921	27.63		300	0	0	0.04605	0.04605	-0.078109	0	0	0	261.902	261.902	6.59115e-06	0	0	0	14.0603	8.7692	0	5.29115		300	0.992644	0.0309703	0.0309703	-0.0619407	0	0	0	0.992644	0	-0.355028	-111.796	0	20.391	20.391	-1.5099e-14	5.32541	0	0	0	0	0	0	0	0	0	0	0	0	0	0	0	0	0	0	0	0	0	0	0	0	0	0	0	0	0	0	0	0	0	
1	1	1	922	27.66		300	0	0	0.0461	0.0461	-0.0781728	0	0	0	262.579	262.579	6.58397e-06	0	0	0	14.0866	8.79354	0	5.29303		300	0.992988	0.0309813	0.0309813	-0.0619627	0	0	0	0.992988	0	-0.355028	-111.796	0	20.391	20.391	-1.5099e-14	5.32541	0	0	0	0	0	0	0	0	0	0	0	0	0	0	0	0	0	0	0	0	0	0	0	0	0	0	0	0	0	0	0	0	0	
1	1	1	923	27.69		300	0	0	0.04615	0.04615	-0.0782363	0	0	0	263.263	263.263	6.5769e-06	0	0	0	14.1129	8.81802	0	5.29485		300	0.99332	0.0309919	0.0309919	-0.0619839	0	0	0	0.99332	0	-0.355028	-111.796	0	20.391	20.391	-1.5099e-14	5.32541	0	0	0	0	0	0	0	0	0	0	0	0	0	0	0	0	0	0	0	0	0	0	0	0	0	0	0	0	0	0	0	0	0	
1	1	1	924	27.72		300	0	0	0.0462	0.0462	-0.0782994	0	0	0	263.955	263.955	6.56995e-06	0	0	0	14.1392	8.84263	0	5.2966		300	0.993639	0.0310021	0.0310021	-0.0620043	0	0	0	0.993639	0	-0.355028	-111.796	0	20.391	20.391	-1.5099e-14	5.32541	0	0	0	0	0	0	0	0	0	0	0	0	0	0	0	0	0	0	0	0	0	0	0	0	0	0	0	0	0	0	0	0	0	
1	1	1	925	27.75		300	0	0	0.04625	0.04625	-0.0783621	0	0	0	264.653	264.653	6.56317e-06	0	0	0	14.1657	8.86737	0	5.29828		300	0.993947	0.0310119	0.0310119	-0.0620239	0	0	0	0.993947	0	-0.355028	-111.796	0	20.391	20.391	-1.5099e-14	5.32541	0	0	0	0	0	0	0	0	0	0	0	0	0	0	0	0	0	0	0	0	0	0	0	0	0	0	0	0	0	0	0	0	0	
1	1	1	926	27.78		300	0	0	0.0463	0.0463	-0.0784244	0	0	0	265.357	265.357	6.55657e-06	0	0	0	14.1922	8.89225	0	5.2999		300	0.994241	0.0310214	0.0310214	-0.0620427	0	0	0	0.994241	0	-0.355028	-111.796	0	20.391	20.391	-1.5099e-14	5.32541	0	0	0	0	0	0	0	0	0	0	0	0	0	0	0	0	0	0	0	0	0	0	0	0	0	0	0	0	0	0	0	0	0	
1	1	1	927	27.81		300	0	0	0.04635	0.04635	-0.0784864	0	0	0	266.069	266.069	6.5502e-06	0	0	0	14.2187	8.91727	0	5.30146		300	0.994524	0.0310304	0.0310304	-0.0620608	0	0	0	0.994524	0	-0.355028	-111.796	0	20.391	20.391	-1.5099e-14	5.32541	0	0	0	0	0	0	0	0	0	0	0	0	0	0	0	0	0	0	0	0	0	0	0	0	0	0	0	0	0	0	0	0	0	
1	1	1	928	27.84		300	0	0	0.0464	0.0464	-0.0785481	0	0	0	266.787	266.787	6.54408e-06	0	0	0	14.2454	8.94242	0	5.30295		300	0.994795	0.0310391	0.0310391	-0.0620781	0	0	0	0.994795	0	-0.355028	-111.796	0	20.391	20.391	-1.5099e-14	5.32541	0	0	0	0	0	0	0	0	0	0	0	0	0	0	0	0	0	0	0	0	0	0	0	0	0	0	0	0	0	0	0	0	0	
1	1	1	929	27.87		300	0	0	0.04645	0.04645	-0.0786094	0	0	0	267.511	267.511	6.53823e-06	0	0	0	14.2721	8.9677	0	5.30438		300	0.995055	0.0310473	0.0310473	-0.0620947	0	0	0	0.995055	0	-0.355028	-111.796	0	20.391	20.391	-1.5099e-14	5.32541	0	0	0	0	0	0	0	0	0	0	0	0	0	0	0	0	0	0	0	0	0	0	0	0	0	0	0	0	0	0	0	0	0	
1	1	1	930	27.9		300	0	0	0.0465	0.0465	-0.0786703	0	0	0	268.242	268.242	6.53268e-06	0	0	0	14.2989	8.99312	0	5.30575		300	0.995302	0.0310553	0.0310553	-0.0621105	0	0	0	0.995302	0	-0.355028	-111.796	0	20.391	20.391	-1.5099e-14	5.32541	0	0	0	0	0	0	0	0	0	0	0	0	0	0	0	0	0	0	0	0	0	0	0	0	0	0	0	0	0	0	0	0	0	
1	1	1	931	27.93		300	0	0	0.04655	0.04655	-0.0787309	0	0	0	268.98	268.98	6.52745e-06	0	0	0	14.3257	9.01867	0	5.30707		300	0.995539	0.0310628	0.0310628	-0.0621256	0	0	0	0.995539	0	-0.355028	-111.796	0	20.391	20.391	-1.5099e-14	5.32541	0	0	0	0	0	0	0	0	0	0	0	0	0	0	0	0	0	0	0	0	0	0	0	0	0	0	0	0	0	0	0	0	0	
1	1	1	932	27.96		300	0	0	0.0466	0.0466	-0.0787912	0	0	0	269.723	269.723	6.52256e-06	0	0	0	14.3527	9.04435	0	5.30832		300	0.995764	0.03107	0.03107	-0.06214	0	0	0	0.995764	0	-0.355028	-111.796	0	20.391	20.391	-1.5099e-14	5.32541	0	0	0	0	0	0	0	0	0	0	0	0	0	0	0	0	0	0	0	0	0	0	0	0	0	0	0	0	0	0	0	0	0	
1	1	1	933	27.99		300	0	0	0.04665	0.04665	-0.0788512	0	0	0	270.472	270.472	6.518e-06	0	0	0	14.3797	9.07017	0	5.30951		300	0.995979	0.0310769	0.0310769	-0.0621537	0	0	0	0.995979	0	-0.355028	-111.796	0	20.391	20.391	-1.5099e-14	5.32541	0	0	0	0	0	0	0	0	0	0	0	0	0	0	0	0	0	0	0	0	0	0	0	0	0	0	0	0	0	0	0	0	0	
1	1	1	934	28.02		300	0	0	0.0467	0.0467	-0.0789109	0	0	0	271.227	271.227	6.5138e-06	0	0	0	14.4068	9.09611	0	5.31065		300	0.996183	0.0310834	0.0310834	-0.0621668	0	0	0	0.996183	0	-0.355028	-111.796	0	20.391	20.391	-1.5099e-14	5.32541	0	0	0	0	0	0	0	0	0	0	0	0	0	0	0	0	0	0	0	0	0	0	0	0	0	0	0	0	0	0	0	0	0	
1	1	1	935	28.05		300	0	0	0.04675	0.04675	-0.0789702	0	0	0	271.988	271.988	6.50996e-06	0	0	0	14.4339	9.12219	0	5.31173		300	0.996377	0.0310896	0.0310896	-0.0621792	0	0	0	0.996377	0	-0.355028	-111.796	0	20.391	20.391	-1.5099e-14	5.32541	0	0	0	0	0	0	0	0	0	0	0	0	0	0	0	0	0	0	0	0	0	0	0	0	0	0	0	0	0	0	0	0	0	
1	1	1	936	28.08		300	0	0	0.0468	0.0468	-0.0790293	0	0	0	272.754	272.754	6.50646e-06	0	0	0	14.4612	9.14839	0	5.31277		300	0.996561	0.0310955	0.0310955	-0.0621909	0	0	0	0.996561	0	-0.355028	-111.796	0	20.391	20.391	-1.5099e-14	5.32541	0	0	0	0	0	0	0	0	0	0	0	0	0	0	0	0	0	0	0	0	0	0	0	0	0	0	0	0	0	0	0	0	0	
1	1	1	937	28.11		300	0	0	0.04685	0.04685	-0.0790881	0	0	0	273.526	273.526	6.50331e-06	0	0	0	14.4885	9.17473	0	5.31375		300	0.996735	0.031101	0.031101	-0.0622021	0	0	0	0.996735	0	-0.355028	-111.796	0	20.391	20.391	-1.5099e-14	5.32541	0	0	0	0	0	0	0	0	0	0	0	0	0	0	0	0	0	0	0	0	0	0	0	0	0	0	0	0	0	0	0	0	0	
1	1	1	938	28.14		300	0	0	0.0469	0.0469	-0.0791466	0	0	0	274.303	274.303	6.5005e-06	0	0	0	14.5159	9.20119	0	5.31468		300	0.9969	0.0311063	0.0311063	-0.0622126	0	0	0	0.9969	0	-0.355028	-111.796	0	20.391	20.391	-1.5099e-14	5.32541	0	0	0	0	0	0	0	0	0	0	0	0	0	0	0	0	0	0	0	0	0	0	0	0	0	0	0	0	0	0	0	0	0	
1	1	1	939	28.17		300	0	0	0.04695	0.04695	-0.0792048	0	0	0	275.085	275.085	6.498e-06	0	0	0	14.5433	9.22777	0	5.31556		300	0.997056	0.0311113	0.0311113	-0.0622226	0	0	0	0.997056	0	-0.355028	-111.796	0	20.391	20.391	-1.5099e-14	5.32541	0	0	0	0	0	0	0	0	0	0	0	0	0	0	0	0	0	0	0	0	0	0	0	0	0	0	0	0	0	0	0	0	0	
1	1	1	940	28.2		300	0	0	0.047	0.047	-0.0792628	0	0	0	275.871	275.871	6.4958e-06	0	0	0	14.5709	9.25449	0	5.3164		300	0.997204	0.031116	0.031116	-0.062232	0	0	0	0.997204	0	-0.355028	-111.796	0	20.391	20.391	-1.5099e-14	5.32541	0	0	0	0	0	0	0	0	0	0	0	0	0	0	0	0	0	0	0	0	0	0	0	0	0	0	0	0	0	0	0	0	0	
1	1	1	941	28.23		300	0	0	0.04705	0.04705	-0.0793205	0	0	0	276.662	276.662	6.49388e-06	0	0	0	14.5985	9.28132	0	5.31719		300	0.997343	0.0311205	0.0311205	-0.062241	0	0	0	0.997343	0	-0.355028	-111.796	0	20.391	20.391	-1.5099e-14	5.32541	0	0	0	0	0	0	0	0	0	0	0	0	0	0	0	0	0	0	0	0	0	0	0	0	0	0	0	0	0	0	0	0	0	
1	1	1	942	28.26		300	0	0	0.0471	0.0471	-0.079378	0	0	0	277.457	277.457	6.49222e-06	0	0	0	14.6262	9.30827	0	5.31794		300	0.997475	0.0311247	0.0311247	-0.0622494	0	0	0	0.997475	0	-0.355028	-111.796	0	20.391	20.391	-1.5099e-14	5.32541	0	0	0	0	0	0	0	0	0	0	0	0	0	0	0	0	0	0	0	0	0	0	0	0	0	0	0	0	0	0	0	0	0	
1	1	1	943	28.29		300	0	0	0.04715	0.04715	-0.0794353	0	0	0	278.257	278.257	6.4908e-06	0	0	0	14.654	9.33535	0	5.31865		300	0.997599	0.0311286	0.0311286	-0.0622573	0	0	0	0.997599	0	-0.355028	-111.796	0	20.391	20.391	-1.5099e-14	5.32541	0	0	0	0	0	0	0	0	0	0	0	0	0	0	0	0	0	0	0	0	0	0	0	0	0	0	0	0	0	0	0	0	0	
1	1	1	944	28.32		300	0	0	0.0472	0.0472	-0.0794924	0	0	0	279.06	279.06	6.48958e-06	0	0	0	14.6819	9.36254	0	5.31932		300	0.997716	0.0311324	0.0311324	-0.0622648	0	0	0	0.997716	0	-0.355028	-111.796	0	20.391	20.391	-1.5099e-14	5.32541	0	0	0	0	0	0	0	0	0	0	0	0	0	0	0	0	0	0	0	0	0	0	0	0	0	0	0	0	0	0	0	0	0	
1	1	1	945	28.35		300	0	0	0.04725	0.04725	-0.0795493	0	0	0	279.868	279.868	6.48856e-06	0	0	0	14.7098	9.38985	0	5.31996		300	0.997826	0.0311359	0.0311359	-0.0622718	0	0	0	0.997826	0	-0.355028	-111.796	0	20.391	20.391	-1.5099e-14	5.32541	0	0	0	0	0	0	0	0	0	0	0	0	0	0	0	0	0	0	0	0	0	0	0	0	0	0	0	0	0	0	0	0	0	
1	1	1	946	28.38		300	0	0	0.0473	0.0473	-0.079606	0	0	0	280.679	280.679	6.4877e-06	0	0	0	14.7378	9.41728	0	5.32056		300	0.997929	0.0311392	0.0311392	-0.0622784	0	0	0	0.997929	0	-0.355028	-111.796	0	20.391	20.391	-1.5099e-14	5.32541	0	0	0	0	0	0	0	0	0	0	0	0	0	0	0	0	0	0	0	0	0	0	0	0	0	0	0	0	0	0	0	0	0	
1	1	1	947	28.41		300	0	0	0.04735	0.04735	-0.0796625	0	0	0	281.493	281.493	6.48699e-06	0	0	0	14.7659	9.44482	0	5.32113		300	0.998027	0.0311423	0.0311423	-0.0622847	0	0	0	0.998027	0	-0.355028	-111.796	0	20.391	20.391	-1.5099e-14	5.32541	0	0	0	0	0	0	0	0	0	0	0	0	0	0	0	0	0	0	0	0	0	0	0	0	0	0	0	0	0	0	0	0	0	
1	1	1	948	28.44		300	0	0	0.0474	0.0474	-0.0797188	0	0	0	282.31	282.31	6.4864e-06	0	0	0	14.7941	9.47248	0	5.32166		300	0.998119	0.0311453	0.0311453	-0.0622905	0	0	0	0.998119	0	-0.355028	-111.796	0	20.391	20.391	-1.5099e-14	5.32541	0	0	0	0	0	0	0	0	0	0	0	0	0	0	0	0	0	0	0	0	0	0	0	0	0	0	0	0	0	0	0	0	0	
1	1	1	949	28.47		300	0	0	0.04745	0.04745	-0.079775	0	0	0	283.131	283.131	6.48592e-06	0	0	0	14.8224	9.50024	0	5.32217		300	0.998205	0.031148	0.031148	-0.062296	0	0	0	0.998205	0	-0.355028	-111.796	0	20.391	20.391	-1.5099e-14	5.32541	0	0	0	0	0	0	0	0	0	0	0	0	0	0	0	0	0	0	0	0	0	0	0	0	0	0	0	0	0	0	0	0	0	
1	1	1	950	28.5		300	0	0	0.0475	0.0475	-0.079831	0	0	0	283.954	283.954	6.48553e-06	0	0	0	14.8508	9.52812	0	5.32265		300	0.998286	0.0311506	0.0311506	-0.0623012	0	0	0	0.998286	0	-0.355028	-111.796	0	20.391	20.391	-1.5099e-14	5.32541	0	0	0	0	0	0	0	0	0	0	0	0	0	0	0	0	0	0	0	0	0	0	0	0	0	0	0	0	0	0	0	0	0	
1	1	1	951	28.53		300	0	0	0.04755	0.04755	-0.0798869	0	0	0	284.78	284.78	6.48521e-06	0	0	0	14.8792	9.5561	0	5.3231		300	0.998362	0.0311531	0.0311531	-0.0623061	0	0	0	0.998362	0	-0.355028	-111.796	0	20.391	20.391	-1.5099e-14	5.32541	0	0	0	0	0	0	0	0	0	0	0	0	0	0	0	0	0	0	0	0	0	0	0	0	0	0	0	0	0	0	0	0	0	
1	1	1	952	28.56		300	0	0	0.0476	0.0476	-0.0799426	0	0	0	285.609	285.609	6.48496e-06	0	0	0	14.9077	9.58419	0	5.32353		300	0.998434	0.0311554	0.0311554	-0.0623107	0	0	0	0.998434	0	-0.355028	-111.796	0	20.391	20.391	-1.5099e-14	5.32541	0	0	0	0	0	0	0	0	0	0	0	0	0	0	0	0	0	0	0	0	0	0	0	0	0	0	0	0	0	0	0	0	0	
1	1	1	953	28.59		300	0	0	0.04765	0.04765	-0.0799982	0	0	0	286.439	286.439	6.48476e-06	0	0	0	14.9363	9.61239	0	5.32393		300	0.998502	0.0311575	0.0311575	-0.062315	0	0	0	0.998502	0	-0.355028	-111.796	0	20.391	20.391	-1.5099e-14	5.32541	0	0	0	0	0	0	0	0	0	0	0	0	0	0	0	0	0	0	0	0	0	0	0	0	0	0	0	0	0	0	0	0	0	
1	1	1	954	28.62		300	0	0	0.0477	0.0477	-0.0800537	0	0	0	287.273	287.273	6.4846e-06	0	0	0	14.965	9.6407	0	5.32432		300	0.998565	0.0311595	0.0311595	-0.0623191	0	0	0	0.998565	0	-0.355028	-111.796	0	20.391	20.391	-1.5099e-14	5.32541	0	0	0	0	0	0	0	0	0	0	0	0	0	0	0	0	0	0	0	0	0	0	0	0	0	0	0	0	0	0	0	0	0	
1	1	1	955	28.65		300	0	0	0.04775	0.04775	-0.0801091	0	0	0	288.108	288.108	6.48448e-06	0	0	0	14.9938	9.6691	0	5.32468		300	0.998625	0.0311615	0.0311615	-0.0623229	0	0	0	0.998625	0	-0.355028	-111.796	0	20.391	20.391	-1.5099e-14	5.32541	0	0	0	0	0	0	0	0	0	0	0	0	0	0	0	0	0	0	0	0	0	0	0	0	0	0	0	0	0	0	0	0	0	
1	1	1	956	28.68		300	0	0	0.0478	0.0478	-0.0801644	0	0	0	288.945	288.945	6.48439e-06	0	0	0	15.0226	9.69761	0	5.32502		300	0.998682	0.0311633	0.0311633	-0.0623265	0	0	0	0.998682	0	-0.355028	-111.796	0	20.391	20.391	-1.5099e-14	5.32541	0	0	0	0	0	0	0	0	0	0	0	0	0	0	0	0	0	0	0	0	0	0	0	0	0	0	0	0	0	0	0	0	0	
1	1	1	957	28.71		300	0	0	0.04785	0.04785	-0.0802196	0	0	0	289.784	289.784	6.48432e-06	0	0	0	15.0516	9.72623	0	5.32534		300	0.998735	0.031165	0.031165	-0.0623299	0	0	0	0.998735	0	-0.355028	-111.796	0	20.391	20.391	-1.5099e-14	5.32541	0	0	0	0	0	0	0	0	0	0	0	0	0	0	0	0	0	0	0	0	0	0	0	0	0	0	0	0	0	0	0	0	0	
1	1	1	958	28.74		300	0	0	0.0479	0.0479	-0.0802747	0	0	0	290.624	290.624	6.48427e-06	0	0	0	15.0806	9.75494	0	5.32565		300	0.998785	0.0311666	0.0311666	-0.0623331	0	0	0	0.998785	0	-0.355028	-111.796	0	20.391	20.391	-1.5099e-14	5.32541	0	0	0	0	0	0	0	0	0	0	0	0	0	0	0	0	0	0	0	0	0	0	0	0	0	0	0	0	0	0	0	0	0	
1	1	1	959	28.77		300	0	0	0.04795	0.04795	-0.0803297	0	0	0	291.467	291.467	6.48423e-06	0	0	0	15.1097	9.78375	0	5.32594		300	0.998832	0.0311681	0.0311681	-0.0623361	0	0	0	0.998832	0	-0.355028	-111.796	0	20.391	20.391	-1.5099e-14	5.32541	0	0	0	0	0	0	0	0	0	0	0	0	0	0	0	0	0	0	0	0	0	0	0	0	0	0	0	0	0	0	0	0	0	
1	1	1	960	28.8		300	0	0	0.048	0.048	-0.0803846	0	0	0	292.31	292.31	6.4842e-06	0	0	0	15.1389	9.81267	0	5.32621		300	0.998876	0.0311695	0.0311695	-0.062339	0	0	0	0.998876	0	-0.355028	-111.796	0	20.391	20.391	-1.5099e-14	5.32541	0	0	0	0	0	0	0	0	0	0	0	0	0	0	0	0	0	0	0	0	0	0	0	0	0	0	0	0	0	0	0	0	0	
1	1	1	961	28.83		300	0	0	0.04805	0.04805	-0.0804394	0	0	0	293.155	293.155	6.48418e-06	0	0	0	15.1682	9.84168	0	5.32648		300	0.998918	0.0311708	0.0311708	-0.0623416	0	0	0	0.998918	0	-0.355028	-111.796	0	20.391	20.391	-1.5099e-14	5.32541	0	0	0	0	0	0	0	0	0	0	0	0	0	0	0	0	0	0	0	0	0	0	0	0	0	0	0	0	0	0	0	0	0	
1	1	1	962	28.86		300	0	0	0.0481	0.0481	-0.0804942	0	0	0	294.002	294.002	6.48417e-06	0	0	0	15.1975	9.87079	0	5.32672		300	0.998958	0.0311721	0.0311721	-0.0623442	0	0	0	0.998958	0	-0.355028	-111.796	0	20.391	20.391	-1.5099e-14	5.32541	0	0	0	0	0	0	0	0	0	0	0	0	0	0	0	0	0	0	0	0	0	0	0	0	0	0	0	0	0	0	0	0	0	
1	1	1	963	28.89		300	0	0	0.04815	0.04815	-0.0805489	0	0	0	294.849	294.849	6.48416e-06	0	0	0	15.227	9.9	0	5.32696		300	0.998995	0.0311733	0.0311733	-0.0623466	0	0	0	0.998995	0	-0.355028	-111.796	0	20.391	20.391	-1.5099e-14	5.32541	0	0	0	0	0	0	0	0	0	0	0	0	0	0	0	0	0	0	0	0	0	0	0	0	0	0	0	0	0	0	0	0	0	
1	1	1	964	28.92		300	0	0	0.0482	0.0482	-0.0806036	0	0	0	295.698	295.698	6.48415e-06	0	0	0	15.2565	9.9293	0	5.32718		300	0.99903	0.0311744	0.0311744	-0.0623488	0	0	0	0.99903	0	-0.355028	-111.796	0	20.391	20.391	-1.5099e-14	5.32541	0	0	0	0	0	0	0	0	0	0	0	0	0	0	0	0	0	0	0	0	0	0	0	0	0	0	0	0	0	0	0	0	0	
1	1	1	965	28.95		300	0	0	0.04825	0.04825	-0.0806582	0	0	0	296.548	296.548	6.48415e-06	0	0	0	15.2861	9.9587	0	5.3274		300	0.999064	0.0311755	0.0311755	-0.062351	0	0	0	0.999064	0	-0.355028	-111.796	0	20.391	20.391	-1.5099e-14	5.32541	0	0	0	0	0	0	0	0	0	0	0	0	0	0	0	0	0	0	0	0	0	0	0	0	0	0	0	0	0	0	0	0	0	
1	1	1	966	28.98		300	0	0	0.0483	0.0483	-0.0807128	0	0	0	297.399	297.399	6.48415e-06	0	0	0	15.3158	9.98819	0	5.3276		300	0.999096	0.0311765	0.0311765	-0.062353	0	0	0	0.999096	0	-0.355028	-111.796	0	20.391	20.391	-1.5099e-14	5.32541	0	0	0	0	0	0	0	0	0	0	0	0	0	0	0	0	0	0	0	0	0	0	0	0	0	0	0	0	0	0	0	0	0	
1	1	1	967	29.01		300	0	0	0.04835	0.04835	-0.0807673	0	0	0	298.251	298.251	6.48416e-06	0	0	0	15.3456	10.0178	0	5.32779		300	0.999126	0.0311775	0.0311775	-0.0623549	0	0	0	0.999126	0	-0.355028	-111.796	0	20.391	20.391	-1.5099e-14	5.32541	0	0	0	0	0	0	0	0	0	0	0	0	0	0	0	0	0	0	0	0	0	0	0	0	0	0	0	0	0	0	0	0	0	
1	1	1	968	29.04		300	0	0	0.0484	0.0484	-0.0808217	0	0	0	299.103	299.103	6.48416e-06	0	0	0	15.3754	10.0475	0	5.32798		300	0.999154	0.0311784	0.0311784	-0.0623567	0	0	0	0.999154	0	-0.355028	-111.796	0	20.391	20.391	-1.5099e-14	5.32541	0	0	0	0	0	0	0	0	0	0	0	0	0	0	0	0	0	0	0	0	0	0	0	0	0	0	0	0	0	0	0	0	0	
1	1	1	969	29.07		300	0	0	0.04845	0.04845	-0.0808761	0	0	0	299.957	299.957	6.48416e-06	0	0	0	15.4054	10.0772	0	5.32815		300	0.999181	0.0311792	0.0311792	-0.0623585	0	0	0	0.999181	0	-0.355028	-111.796	0	20.391	20.391	-1.5099e-14	5.32541	0	0	0	0	0	0	0	0	0	0	0	0	0	0	0	0	0	0	0	0	0	0	0	0	0	0	0	0	0	0	0	0	0	
1	1	1	970	29.1		300	0	0	0.0485	0.0485	-0.0809305	0	0	0	300.811	300.811	6.48417e-06	0	0	0	15.4354	10.1071	0	5.32832		300	0.999206	0.03118	0.03118	-0.0623601	0	0	0	0.999206	0	-0.355028	-111.796	0	20.391	20.391	-1.5099e-14	5.32541	0	0	0	0	0	0	0	0	0	0	0	0	0	0	0	0	0	0	0	0	0	0	0	0	0	0	0	0	0	0	0	0	0	
1	1	1	971	29.13		300	0	0	0.04855	0.04855	-0.0809848	0	0	0	301.666	301.666	6.48417e-06	0	0	0	15.4656	10.1371	0	5.32848		300	0.999231	0.0311808	0.0311808	-0.0623616	0	0	0	0.999231	0	-0.355028	-111.796	0	20.391	20.391	-1.5099e-14	5.32541	0	0	0	0	0	0	0	0	0	0	0	0	0	0	0	0	0	0	0	0	0	0	0	0	0	0	0	0	0	0	0	0	0	
1	1	1	972	29.16		300	0	0	0.0486	0.0486	-0.0810391	0	0	0	302.521	302.521	6.48417e-06	0	0	0	15.4958	10.1671	0	5.32863		300	0.999254	0.0311816	0.0311816	-0.0623631	0	0	0	0.999254	0	-0.355028	-111.796	0	20.391	20.391	-1.5099e-14	5.32541	0	0	0	0	0	0	0	0	0	0	0	0	0	0	0	0	0	0	0	0	0	0	0	0	0	0	0	0	0	0	0	0	0	
1	1	1	973	29.19		300	0	0	0.04865	0.04865	-0.0810934	0	0	0	303.378	303.378	6.48418e-06	0	0	0	15.5261	10.1973	0	5.32878		300	0.999276	0.0311823	0.0311823	-0.0623645	0	0	0	0.999276	0	-0.355028	-111.796	0	20.391	20.391	-1.5099e-14	5.32541	0	0	0	0	0	0	0	0	0	0	0	0	0	0	0	0	0	0	0	0	0	0	0	0	0	0	0	0	0	0	0	0	0	
1	1	1	974	29.22		300	0	0	0.0487	0.0487	-0.0811476	0	0	0	304.234	304.234	6.48418e-06	0	0	0	15.5564	10.2275	0	5.32892		300	0.999297	0.0311829	0.0311829	-0.0623659	0	0	0	0.999297	0	-0.355028	-111.796	0	20.391	20.391	-1.5099e-14	5.32541	0	0	0	0	0	0	0	0	0	0	0	0	0	0	0	0	0	0	0	0	0	0	0	0	0	0	0	0	0	0	0	0	0	
1	1	1	975	29.25		300	0	0	0.04875	0.04875	-0.0812018	0	0	0	305.092	305.092	6.48419e-06	0	0	0	15.5869	10.2579	0	5.32906		300	0.999317	0.0311836	0.0311836	-0.0623671	0	0	0	0.999317	0	-0.355028	-111.796	0	20.391	20.391	-1.5099e-14	5.32541	0	0	0	0	0	0	0	0	0	0	0	0	0	0	0	0	0	0	0	0	0	0	0	0	0	0	0	0	0	0	0	0	0	
1	1	1	976	29.28		300	0	0	0.0488	0.0488	-0.081256	0	0	0	305.949	305.949	6.48419e-06	0	0	0	15.6175	10.2883	0	5.32919		300	0.999336	0.0311842	0.0311842	-0.0623684	0	0	0	0.999336	0	-0.355028	-111.796	0	20.391	20.391	-1.5099e-14	5.32541	0	0	0	0	0	0	0	0	0	0	0	0	0	0	0	0	0	0	0	0	0	0	0	0	0	0	0	0	0	0	0	0	0	
1	1	1	977	29.31		300	0	0	0.04885	0.04885	-0.0813101	0	0	0	306.808	306.808	6.48419e-06	0	0	0	15.6481	10.3188	0	5.32931		300	0.999354	0.0311848	0.0311848	-0.0623695	0	0	0	0.999354	0	-0.355028	-111.796	0	20.391	20.391	-1.5099e-14	5.32541	0	0	0	0	0	0	0	0	0	0	0	0	0	0	0	0	0	0	0	0	0	0	0	0	0	0	0	0	0	0	0	0	0	
1	1	1	978	29.34		300	0	0	0.0489	0.0489	-0.0813642	0	0	0	307.667	307.667	6.4842e-06	0	0	0	15.6788	10.3494	0	5.32943		300	0.999371	0.0311853	0.0311853	-0.0623706	0	0	0	0.999371	0	-0.355028	-111.796	0	20.391	20.391	-1.5099e-14	5.32541	0	0	0	0	0	0	0	0	0	0	0	0	0	0	0	0	0	0	0	0	0	0	0	0	0	0	0	0	0	0	0	0	0	
1	1	1	979	29.37		300	0	0	0.04895	0.04895	-0.0814183	0	0	0	308.526	308.526	6.4842e-06	0	0	0	15.7096	10.3801	0	5.32954		300	0.999388	0.0311858	0.0311858	-0.0623717	0	0	0	0.999388	0	-0.355028	-111.796	0	20.391	20.391	-1.5099e-14	5.32541	0	0	0	0	0	0	0	0	0	0	0	0	0	0	0	0	0	0	0	0	0	0	0	0	0	0	0	0	0	0	0	0	0	
1	1	1	980	29.4		300	0	0	0.049	0.049	-0.0814724	0	0	0	309.385	309.385	6.4842e-06	0	0	0	15.7405	10.4109	0	5.32965		300	0.999403	0.0311863	0.0311863	-0.0623727	0	0	0	0.999403	0	-0.355028	-111.796	0	20.391	20.391	-1.5099e-14	5.32541	0	0	0	0	0	0	0	0	0	0	0	0	0	0	0	0	0	0	0	0	0	0	0	0	0	0	0	0	0	0	0	0	0	
1	1	1	981	29.43		300	0	0	0.04905	0.04905	-0.0815265	0	0	0	310.245	310.245	6.4842e-06	0	0	0	15.7715	10.4417	0	5.32976		300	0.999418	0.0311868	0.0311868	-0.0623736	0	0	0	0.999418	0	-0.355028	-111.796	0	20.391	20.391	-1.5099e-14	5.32541	0	0	0	0	0	0	0	0	0	0	0	0	0	0	0	0	0	0	0	0	0	0	0	0	0	0	0	0	0	0	0	0	0	
1	1	1	982	29.46		300	0	0	0.0491	0.0491	-0.0815805	0	0	0	311.106	311.106	6.48421e-06	0	0	0	15.8026	10.4727	0	5.32986		300	0.999433	0.0311873	0.0311873	-0.0623746	0	0	0	0.999433	0	-0.355028	-111.796	0	20.391	20.391	-1.5099e-14	5.32541	0	0	0	0	0	0	0	0	0	0	0	0	0	0	0	0	0	0	0	0	0	0	0	0	0	0	0	0	0	0	0	0	0	
1	1	1	983	29.49		300	0	0	0.04915	0.04915	-0.0816345	0	0	0	311.967	311.967	6.48421e-06	0	0	0	15.8337	10.5038	0	5.32996		300	0.999447	0.0311877	0.0311877	-0.0623755	0	0	0	0.999447	0	-0.355028	-111.796	0	20.391	20.391	-1.5099e-14	5.32541	0	0	0	0	0	0	0	0	0	0	0	0	0	0	0	0	0	0	0	0	0	0	0	0	0	0	0	0	0	0	0	0	0	
1	1	1	984	29.52		300	0	0	0.0492	0.0492	-0.0816885	0	0	0	312.828	312.828	6.48421e-06	0	0	0	15.865	10.5349	0	5.33006		300	0.99946	0.0311882	0.0311882	-0.0623763	0	0	0	0.99946	0	-0.355028	-111.796	0	20.391	20.391	-1.5099e-14	5.32541	0	0	0	0	0	0	0	0	0	0	0	0	0	0	0	0	0	0	0	0	0	0	0	0	0	0	0	0	0	0	0	0	0	
1	1	1	985	29.55		300	0	0	0.04925	0.04925	-0.0817425	0	0	0	313.689	313.689	6.48421e-06	0	0	0	15.8963	10.5661	0	5.33015		300	0.999473	0.0311886	0.0311886	-0.0623771	0	0	0	0.999473	0	-0.355028	-111.796	0	20.391	20.391	-1.5099e-14	5.32541	0	0	0	0	0	0	0	0	0	0	0	0	0	0	0	0	0	0	0	0	0	0	0	0	0	0	0	0	0	0	0	0	0	
1	1	1	986	29.58		300	0	0	0.0493	0.0493	-0.0817965	0	0	0	314.551	314.551	6.48421e-06	0	0	0	15.9277	10.5975	0	5.33023		300	0.999485	0.0311889	0.0311889	-0.0623779	0	0	0	0.999485	0	-0.355028	-111.796	0	20.391	20.391	-1.5099e-14	5.32541	0	0	0	0	0	0	0	0	0	0	0	0	0	0	0	0	0	0	0	0	0	0	0	0	0	0	0	0	0	0	0	0	0	
1	1	1	987	29.61		300	0	0	0.04935	0.04935	-0.0818505	0	0	0	315.412	315.412	6.48421e-06	0	0	0	15.9592	10.6289	0	5.33032		300	0.999497	0.0311893	0.0311893	-0.0623786	0	0	0	0.999497	0	-0.355028	-111.796	0	20.391	20.391	-1.5099e-14	5.32541	0	0	0	0	0	0	0	0	0	0	0	0	0	0	0	0	0	0	0	0	0	0	0	0	0	0	0	0	0	0	0	0	0	
1	1	1	988	29.64		300	0	0	0.0494	0.0494	-0.0819044	0	0	0	316.275	316.275	6.48422e-06	0	0	0	15.9908	10.6604	0	5.3304		300	0.999508	0.0311897	0.0311897	-0.0623794	0	0	0	0.999508	0	-0.355028	-111.796	0	20.391	20.391	-1.5099e-14	5.32541	0	0	0	0	0	0	0	0	0	0	0	0	0	0	0	0	0	0	0	0	0	0	0	0	0	0	0	0	0	0	0	0	0	
1	1	1	989	29.67		300	0	0	0.04945	0.04945	-0.0819583	0	0	0	317.137	317.137	6.48422e-06	0	0	0	16.0225	10.692	0	5.33048		300	0.999519	0.03119	0.03119	-0.0623801	0	0	0	0.999519	0	-0.355028	-111.796	0	20.391	20.391	-1.5099e-14	5.32541	0	0	0	0	0	0	0	0	0	0	0	0	0	0	0	0	0	0	0	0	0	0	0	0	0	0	0	0	0	0	0	0	0	
1	1	1	990	29.7		300	0	0	0.0495	0.0495	-0.0820123	0	0	0	318	318	6.48422e-06	0	0	0	16.0542	10.7237	0	5.33056		300	0.999529	0.0311904	0.0311904	-0.0623807	0	0	0	0.999529	0	-0.355028	-111.796	0	20.391	20.391	-1.5099e-14	5.32541	0	0	0	0	0	0	0	0	0	0	0	0	0	0	0	0	0	0	0	0	0	0	0	0	0	0	0	0	0	0	0	0	0	
1	1	1	991	29.73		300	0	0	0.04955	0.04955	-0.0820662	0	0	0	318.862	318.862	6.48422e-06	0	0	0	16.0861	10.7554	0	5.33063		300	0.999539	0.0311907	0.0311907	-0.0623814	0	0	0	0.999539	0	-0.355028	-111.796	0	20.391	20.391	-1.5099e-14	5.32541	0	0	0	0	0	0	0	0	0	0	0	0	0	0	0	0	0	0	0	0	0	0	0	0	0	0	0	0	0	0	0	0	0	
1	1	1	992	29.76		300	0	0	0.0496	0.0496	-0.0821201	0	0	0	319.725	319.725	6.48422e-06	0	0	0	16.118	10.7873	0	5.33071		300	0.999549	0.031191	0.031191	-0.062382	0	0	0	0.999549	0	-0.355028	-111.796	0	20.391	20.391	-1.5099e-14	5.32541	0	0	0	0	0	0	0	0	0	0	0	0	0	0	0	0	0	0	0	0	0	0	0	0	0	0	0	0	0	0	0	0	0	
1	1	1	993	29.79		300	0	0	0.04965	0.04965	-0.0821739	0	0	0	320.589	320.589	6.48422e-06	0	0	0	16.15	10.8192	0	5.33078		300	0.999558	0.0311913	0.0311913	-0.0623826	0	0	0	0.999558	0	-0.355028	-111.796	0	20.391	20.391	-1.5099e-14	5.32541	0	0	0	0	0	0	0	0	0	0	0	0	0	0	0	0	0	0	0	0	0	0	0	0	0	0	0	0	0	0	0	0	0	
1	1	1	994	29.82		300	0	0	0.0497	0.0497	-0.0822278	0	0	0	321.452	321.452	6.48422e-06	0	0	0	16.1821	10.8513	0	5.33084		300	0.999567	0.0311916	0.0311916	-0.0623831	0	0	0	0.999567	0	-0.355028	-111.796	0	20.391	20.391	-1.5099e-14	5.32541	0	0	0	0	0	0	0	0	0	0	0	0	0	0	0	0	0	0	0	0	0	0	0	0	0	0	0	0	0	0	0	0	0	
1	1	1	995	29.85		300	0	0	0.04975	0.04975	-0.0822817	0	0	0	322.316	322.316	6.48422e-06	0	0	0	16.2143	10.8834	0	5.33091		300	0.999575	0.0311918	0.0311918	-0.0623837	0	0	0	0.999575	0	-0.355028	-111.796	0	20.391	20.391	-1.5099e-14	5.32541	0	0	0	0	0	0	0	0	0	0	0	0	0	0	0	0	0	0	0	0	0	0	0	0	0	0	0	0	0	0	0	0	0	
1	1	1	996	29.88		300	0	0	0.0498	0.0498	-0.0823355	0	0	0	323.18	323.18	6.48422e-06	0	0	0	16.2466	10.9156	0	5.33097		300	0.999584	0.0311921	0.0311921	-0.0623842	0	0	0	0.999584	0	-0.355028	-111.796	0	20.391	20.391	-1.5099e-14	5.32541	0	0	0	0	0	0	0	0	0	0	0	0	0	0	0	0	0	0	0	0	0	0	0	0	0	0	0	0	0	0	0	0	0	
1	1	1	997	29.91		300	0	0	0.04985	0.04985	-0.0823894	0	0	0	324.043	324.043	6.48422e-06	0	0	0	16.2789	10.9479	0	5.33104		300	0.999592	0.0311924	0.0311924	-0.0623847	0	0	0	0.999592	0	-0.355028	-111.796	0	20.391	20.391	-1.5099e-14	5.32541	0	0	0	0	0	0	0	0	0	0	0	0	0	0	0	0	0	0	0	0	0	0	0	0	0	0	0	0	0	0	0	0	0	
1	1	1	998	29.94		300	0	0	0.0499	0.0499	-0.0824432	0	0	0	324.908	324.908	6.48422e-06	0	0	0	16.3114	10.9803	0	5.3311		300	0.999599	0.0311926	0.0311926	-0.0623852	0	0	0	0.999599	0	-0.355028	-111.796	0	20.391	20.391	-1.5099e-14	5.32541	0	0	0	0	0	0	0	0	0	0	0	0	0	0	0	0	0	0	0	0	0	0	0	0	0	0	0	0	0	0	0	0	0	
1	1	1	999	29.97		300	0	0	0.04995	0.04995	-0.0824971	0	0	0	325.772	325.772	6.48422e-06	0	0	0	16.3439	11.0128	0	5.33116		300	0.999607	0.0311929	0.0311929	-0.0623857	0	0	0	0.999607	0	-0.355028	-111.796	0	20.391	20.391	-1.5099e-14	5.32541	0	0	0	0	0	0	0	0	0	0	0	0	0	0	0	0	0	0	0	0	0	0	0	0	0	0	0	0	0	0	0	0	0	
1	1	1	1000	30		300	0	0	0.05	0.05	-0.0825509	0	0	0	326.636	326.636	6.48422e-06	0	0	0	16.3765	11.0453	0	5.33121		300	0.999614	0.0311931	0.0311931	-0.0623862	0	0	0	0.999614	0	-0.355028	-111.796	0	20.391	20.391	-1.5099e-14	5.32541	0	0	0	0	0	0	0	0	0	0	0	0	0	0	0	0	0	0	0	0	0	0	0	0	0	0	0	0	0	0	0	0	0	
