1	1	1	1	0.03		300	0	0	5e-05	-1.745e-05	-1.745e-05	0	0	0	0.565324	1.05656e-16	1.13225e-16	0	0	0	1.41331e-05	1.41331e-05	0	0		300	1e-09	0	0	0	0	0	0	1e-09	0	-0.355028	-111.796	0	20.391	20.391	-1.5099e-14	5.32541	0	0	0	0	0	0	0	0	0	0	0	0	0	0	0	0	0	0	0	0	0	0	0	0	0	0	0	0	0	0	0	0	0	
1	1	1	2	0.06		300	0	0	0.0001	-3.49e-05	-3.49e-05	0	0	0	1.13065	2.11311e-16	2.26451e-16	0	0	0	5.65324e-05	5.65324e-05	0	0		300	1e-09	0	0	0	0	0	0	1e-09	0	-0.355028	-111.796	0	20.391	20.391	-1.5099e-14	5.32541	0	0	0	0	0	0	0	0	0	0	0	0	0	0	0	0	0	0	0	0	0	0	0	0	0	0	0	0	0	0	0	0	0	
1	1	1	3	0.09		300	0	0	0.00015	-5.235e-05	-5.235e-05	0	0	0	1.69597	3.16967e-16	3.39676e-16	0	0	0	0.000127198	0.000127198	0	0		300	1e-09	0	0	0	0	0	0	1e-09	0	-0.355028	-111.796	0	20.391	20.391	-1.5099e-14	5.32541	0	0	0	0	0	0	0	0	0	0	0	0	0	0	0	0	0	0	0	0	0	0	0	0	0	0	0	0	0	0	0	0	0	
1	1	1	4	0.12		300	0	0	0.0002	-6.98e-05	-6.98e-05	0	0	0	2.2613	4.22622e-16	4.52901e-16	0	0	0	0.00022613	0.00022613	0	0		300	1e-09	0	0	0	0	0	0	1e-09	0	-0.355028	-111.796	0	20.391	20.391	-1.5099e-14	5.32541	0	0	0	0	0	0	0	0	0	0	0	0	0	0	0	0	0	0	0	0	0	0	0	0	0	0	0	0	0	0	0	0	0	
1	1	1	5	0.15		300	0	0	0.00025	-8.725e-05	-8.725e-05	0	0	0	2.82662	7.04933e-16	7.99577e-16	0	0	0	0.000353328	0.000353328	0	0		300	1e-09	0	0	0	0	0	0	1e-09	0	-0.355028	-111.796	0	20.391	20.391	-1.5099e-14	5.32541	0	0	0	0	0	0	0	0	0	0	0	0	0	0	0	0	0	0	0	0	0	0	0	0	0	0	0	0	0	0	0	0	0	
1	1	1	6	0.18		300	0	0	0.0003	-0.0001047	-0.0001047	0	0	0	3.39195	9.87245e-16	9.24208e-16	0	0	0	0.000508792	0.000508792	0	0		300	1e-09	0	0	0	0	0	0	1e-09	0	-0.355028	-111.796	0	20.391	20.391	-1.5099e-14	5.32541	0	0	0	0	0	0	0	0	0	0	0	0	0	0	0	0	0	0	0	0	0	0	0	0	0	0	0	0	0	0	0	0	0	
1	1	1	7	0.21		300	0	0	0.00035	-0.00012215	-0.00012215	0	0	0	3.95727	1.38058e-15	1.27088e-15	0	0	0	0.000692522	0.000692522	0	0		300	1e-09	0	0	0	0	0	0	1e-09	0	-0.355028	-111.796	0	20.391	20.391	-1.5099e-14	5.32541	0	0	0	0	0	0	0	0	0	0	0	0	0	0	0	0	0	0	0	0	0	0	0	0	0	0	0	0	0	0	0	0	0	
1	1	1	8	0.24		300	0	0	0.0004	-0.0001396	-0.0001396	0	0	0	4.5226	1.99596e-15	1.8396e-15	0	0	0	0.000904519	0.000904519	0	0		300	1e-09	0	0	0	0	0	0	1e-09	0	-0.355028	-111.796	0	20.391	20.391	-1.5099e-14	5.32541	0	0	0	0	0	0	0	0	0	0	0	0	0	0	0	0	0	0	0	0	0	0	0	0	0	0	0	0	0	0	0	0	0	
1	1	1	9	0.27		300	0	0	0.00045	-0.00015705	-0.00015705	0	0	0	5.08792	6.62525e-08	6.62525e-08	0	0	0	0.00114478	0.00114478	0	2.03937e-09		300	1.3834e-09	1.58094e-11	-7.90472e-12	-7.90472e-12	0	0	0	1.3834e-09	0	-0.355028	-111.796	0	20.391	20.391	-1.5099e-14	5.32541	0	0	0	0	0	0	0	0	0	0	0	0	0	0	0	0	0	0	0	0	0	0	0	0	0	0	0	0	0	0	0	0	0	
1	1	1	10	0.3		300	0	0	0.0005	-0.0001745	-0.0001745	0	0	0	5.65324	1.07428e-07	1.07428e-07	0	0	0	0.00141331	0.0014133	0	8.56069e-09		300	2.60797e-09	6.63042e-11	-3.31521e-11	-3.31521e-11	0	0	0	2.60797e-09	0	-0.355028	-111.796	0	20.391	20.391	-1.5099e-14	5.32541	0	0	0	0	0	0	0	0	0	0	0	0	0	0	0	0	0	0	0	0	0	0	0	0	0	0	0	0	0	0	0	0	0	
1	1	1	11	0.33		300	0	0	0.00055	-0.00019195	-0.00019195	0	0	0	6.21857	1.63122e-07	1.63122e-07	0	0	0	0.00171011	0.00171009	0	1.90497e-08		300	4.57758e-09	1.47521e-10	-7.37604e-11	-7.37604e-11	0	0	0	4.57758e-09	0	-0.355028	-111.796	0	20.391	20.391	-1.5099e-14	5.32541	0	0	0	0	0	0	0	0	0	0	0	0	0	0	0	0	0	0	0	0	0	0	0	0	0	0	0	0	0	0	0	0	0	
1	1	1	12	0.36		300	0	0	0.0006	-0.0002094	-0.0002094	0	0	0	6.78389	2.34631e-07	2.34631e-07	0	0	0	0.00203517	0.00203513	0	3.50917e-08		300	7.58992e-09	2.71734e-10	-1.35867e-10	-1.35867e-10	0	0	0	7.58992e-09	0	-0.355028	-111.796	0	20.391	20.391	-1.5099e-14	5.32541	0	0	0	0	0	0	0	0	0	0	0	0	0	0	0	0	0	0	0	0	0	0	0	0	0	0	0	0	0	0	0	0	0	
1	1	1	13	0.39		300	0	0	0.00065	-0.00022685	-0.00022685	0	0	0	7.34921	3.22227e-07	3.22227e-07	0	0	0	0.0023885	0.00238844	0	5.86469e-08		300	1.20131e-08	4.54123e-10	-2.27062e-10	-2.27062e-10	0	0	0	1.20131e-08	0	-0.355028	-111.796	0	20.391	20.391	-1.5099e-14	5.32541	0	0	0	0	0	0	0	0	0	0	0	0	0	0	0	0	0	0	0	0	0	0	0	0	0	0	0	0	0	0	0	0	0	
1	1	1	14	0.42		300	0	0	0.0007	-0.0002443	-0.0002443	0	0	0	7.91453	4.24773e-07	4.24773e-07	0	0	0	0.00277009	0.00277	0	9.2091e-08		300	1.82932e-08	7.13082e-10	-3.56541e-10	-3.56541e-10	0	0	0	1.82932e-08	0	-0.355028	-111.796	0	20.391	20.391	-1.5099e-14	5.32541	0	0	0	0	0	0	0	0	0	0	0	0	0	0	0	0	0	0	0	0	0	0	0	0	0	0	0	0	0	0	0	0	0	
1	1	1	15	0.45		300	0	0	0.00075	-0.00026175	-0.00026175	0	0	0	8.47985	5.39299e-07	5.39299e-07	0	0	0	0.00317995	0.00317981	0	1.38255e-07		300	2.69617e-08	1.07053e-09	-5.35263e-10	-5.35263e-10	0	0	0	2.69617e-08	0	-0.355028	-111.796	0	20.391	20.391	-1.5099e-14	5.32541	0	0	0	0	0	0	0	0	0	0	0	0	0	0	0	0	0	0	0	0	0	0	0	0	0	0	0	0	0	0	0	0	0	
1	1	1	16	0.48		300	0	0	0.0008	-0.0002792	-0.0002792	0	0	0	9.04517	6.60543e-07	6.60543e-07	0	0	0	0.00361807	0.00361787	0	2.00463e-07		300	3.86431e-08	1.55221e-09	-7.76104e-10	-7.76104e-10	0	0	0	3.86431e-08	0	-0.355028	-111.796	0	20.391	20.391	-1.5099e-14	5.32541	0	0	0	0	0	0	0	0	0	0	0	0	0	0	0	0	0	0	0	0	0	0	0	0	0	0	0	0	0	0	0	0	0	
1	1	1	17	0.51		300	0	0	0.00085	-0.00029665	-0.00029665	0	0	0	9.61049	7.80452e-07	7.80452e-07	0	0	0	0.00408447	0.00408418	0	2.82576e-07		300	5.40623e-08	2.18801e-09	-1.09401e-09	-1.09401e-09	0	0	0	5.40623e-08	0	-0.355028	-111.796	0	20.391	20.391	-1.5099e-14	5.32541	0	0	0	0	0	0	0	0	0	0	0	0	0	0	0	0	0	0	0	0	0	0	0	0	0	0	0	0	0	0	0	0	0	
1	1	1	18	0.54		300	0	0	0.0009	-0.0003141	-0.0003141	0	0	0	10.1758	8.87637e-07	8.87637e-07	0	0	0	0.00457912	0.00457873	0	3.8903e-07		300	7.4052e-08	3.01229e-09	-1.50614e-09	-1.50614e-09	0	0	0	7.4052e-08	0	-0.355028	-111.796	0	20.391	20.391	-1.5099e-14	5.32541	0	0	0	0	0	0	0	0	0	0	0	0	0	0	0	0	0	0	0	0	0	0	0	0	0	0	0	0	0	0	0	0	0	
1	1	1	19	0.57		300	0	0	0.00095	-0.000331551	-0.000331551	0	0	0	10.7411	9.66799e-07	9.66799e-07	0	0	0	0.00510205	0.00510152	0	5.24873e-07		300	9.95604e-08	4.06412e-09	-2.03206e-09	-2.03206e-09	0	0	0	9.95604e-08	0	-0.355028	-111.796	0	20.391	20.391	-1.5099e-14	5.32541	0	0	0	0	0	0	0	0	0	0	0	0	0	0	0	0	0	0	0	0	0	0	0	0	0	0	0	0	0	0	0	0	0	
1	1	1	20	0.6		300	0	0	0.001	-0.000349001	-0.000349001	0	0	0	11.3064	9.98111e-07	9.98111e-07	0	0	0	0.00565323	0.00565254	0	6.95809e-07		300	1.31659e-07	5.38769e-09	-2.69384e-09	-2.69384e-09	0	0	0	1.31659e-07	0	-0.355028	-111.796	0	20.391	20.391	-1.5099e-14	5.32541	0	0	0	0	0	0	0	0	0	0	0	0	0	0	0	0	0	0	0	0	0	0	0	0	0	0	0	0	0	0	0	0	0	
1	1	1	21	0.63		300	0	0	0.00105	-0.000366451	-0.000366451	0	0	0	11.8717	9.56555e-07	9.56555e-07	0	0	0	0.00623269	0.00623178	0	9.08237e-07		300	1.71548e-07	7.03252e-09	-3.51626e-09	-3.51626e-09	0	0	0	1.71548e-07	0	-0.355028	-111.796	0	20.391	20.391	-1.5099e-14	5.32541	0	0	0	0	0	0	0	0	0	0	0	0	0	0	0	0	0	0	0	0	0	0	0	0	0	0	0	0	0	0	0	0	0	
1	1	1	22	0.66		300	0	0	0.0011	-0.000383901	-0.000383901	0	0	0	12.437	8.11234e-07	8.11234e-07	0	0	0	0.00684041	0.00683924	0	1.16929e-06		300	2.20568e-07	9.05384e-09	-4.52692e-09	-4.52692e-09	0	0	0	2.20568e-07	0	-0.355028	-111.796	0	20.391	20.391	-1.5099e-14	5.32541	0	0	0	0	0	0	0	0	0	0	0	0	0	0	0	0	0	0	0	0	0	0	0	0	0	0	0	0	0	0	0	0	0	
1	1	1	23	0.69		300	0	0	0.00115	-0.000401352	-0.000401352	0	0	0	13.0023	5.2463e-07	5.2463e-07	0	0	0	0.00747639	0.00747491	0	1.48687e-06		300	2.80203e-07	1.15129e-08	-5.75644e-09	-5.75644e-09	0	0	0	2.80203e-07	0	-0.355028	-111.796	0	20.391	20.391	-1.5099e-14	5.32541	0	0	0	0	0	0	0	0	0	0	0	0	0	0	0	0	0	0	0	0	0	0	0	0	0	0	0	0	0	0	0	0	0	
1	1	1	24	0.72		300	0	0	0.0012	-0.000418802	-0.000418802	0	0	0	13.5676	5.18305e-08	5.18305e-08	0	0	0	0.00814064	0.00813877	0	1.8697e-06		300	3.5209e-07	1.44771e-08	-7.23857e-09	-7.23857e-09	0	0	0	3.5209e-07	0	-0.355028	-111.796	0	20.391	20.391	-1.5099e-14	5.32541	0	0	0	0	0	0	0	0	0	0	0	0	0	0	0	0	0	0	0	0	0	0	0	0	0	0	0	0	0	0	0	0	0	
1	1	1	25	0.75		300	0	0	0.00125	-0.000436253	-0.000436253	0	0	0	14.1329	5.18314e-08	5.18314e-08	0	0	0	0.00883315	0.00883083	0	2.32735e-06		300	4.38027e-07	1.80207e-08	-9.01036e-09	-9.01036e-09	0	0	0	4.38027e-07	0	-0.355028	-111.796	0	20.391	20.391	-1.5099e-14	5.32541	0	0	0	0	0	0	0	0	0	0	0	0	0	0	0	0	0	0	0	0	0	0	0	0	0	0	0	0	0	0	0	0	0	
1	1	1	26	0.78		300	0	0	0.0013	-0.000453703	-0.000453703	0	0	0	14.6982	5.18331e-08	5.18331e-08	0	0	0	0.00955393	0.00955106	0	2.87028e-06		300	5.39979e-07	2.22247e-08	-1.11123e-08	-1.11123e-08	0	0	0	5.39979e-07	0	-0.355028	-111.796	0	20.391	20.391	-1.5099e-14	5.32541	0	0	0	0	0	0	0	0	0	0	0	0	0	0	0	0	0	0	0	0	0	0	0	0	0	0	0	0	0	0	0	0	0	
1	1	1	27	0.81		300	0	0	0.00135	-0.000471154	-0.000471154	0	0	0	15.2635	5.18358e-08	5.18358e-08	0	0	0	0.010303	0.0102995	0	3.5099e-06		300	6.60085e-07	2.71773e-08	-1.35886e-08	-1.35886e-08	0	0	0	6.60085e-07	0	-0.355028	-111.796	0	20.391	20.391	-1.5099e-14	5.32541	0	0	0	0	0	0	0	0	0	0	0	0	0	0	0	0	0	0	0	0	0	0	0	0	0	0	0	0	0	0	0	0	0	
1	1	1	28	0.84		300	0	0	0.0014	-0.000488605	-0.000488605	0	0	0	15.8287	5.18402e-08	5.18402e-08	0	0	0	0.0110803	0.011076	0	4.25857e-06		300	8.0067e-07	3.29742e-08	-1.64871e-08	-1.64871e-08	0	0	0	8.0067e-07	0	-0.355028	-111.796	0	20.391	20.391	-1.5099e-14	5.32541	0	0	0	0	0	0	0	0	0	0	0	0	0	0	0	0	0	0	0	0	0	0	0	0	0	0	0	0	0	0	0	0	0	
1	1	1	29	0.87		300	0	0	0.00145	-0.000506056	-0.000506056	0	0	0	16.394	5.1847e-08	5.1847e-08	0	0	0	0.0118858	0.0118807	0	5.12967e-06		300	9.64244e-07	3.97192e-08	-1.98596e-08	-1.98596e-08	0	0	0	9.64244e-07	0	-0.355028	-111.796	0	20.391	20.391	-1.5099e-14	5.32541	0	0	0	0	0	0	0	0	0	0	0	0	0	0	0	0	0	0	0	0	0	0	0	0	0	0	0	0	0	0	0	0	0	
1	1	1	30	0.9		300	0	0	0.0015	-0.000523507	-0.000523507	0	0	0	16.9592	5.18575e-08	5.18575e-08	0	0	0	0.0127197	0.0127135	0	6.13763e-06		300	1.15352e-06	4.75239e-08	-2.37619e-08	-2.37619e-08	0	0	0	1.15352e-06	0	-0.355028	-111.796	0	20.391	20.391	-1.5099e-14	5.32541	0	0	0	0	0	0	0	0	0	0	0	0	0	0	0	0	0	0	0	0	0	0	0	0	0	0	0	0	0	0	0	0	0	
1	1	1	31	0.93		300	0	0	0.00155	-0.000540959	-0.000540959	0	0	0	17.5244	5.1873e-08	5.1873e-08	0	0	0	0.0135818	0.0135745	0	7.29798e-06		300	1.37141e-06	5.65084e-08	-2.82542e-08	-2.82542e-08	0	0	0	1.37141e-06	0	-0.355028	-111.796	0	20.391	20.391	-1.5099e-14	5.32541	0	0	0	0	0	0	0	0	0	0	0	0	0	0	0	0	0	0	0	0	0	0	0	0	0	0	0	0	0	0	0	0	0	
1	1	1	32	0.96		300	0	0	0.0016	-0.00055841	-0.00055841	0	0	0	18.0896	5.18957e-08	5.18957e-08	0	0	0	0.0144721	0.0144635	0	8.62735e-06		300	1.62103e-06	6.68018e-08	-3.34009e-08	-3.34009e-08	0	0	0	1.62103e-06	0	-0.355028	-111.796	0	20.391	20.391	-1.5099e-14	5.32541	0	0	0	0	0	0	0	0	0	0	0	0	0	0	0	0	0	0	0	0	0	0	0	0	0	0	0	0	0	0	0	0	0	
1	1	1	33	0.99		300	0	0	0.00165	-0.000575862	-0.000575862	0	0	0	18.6548	5.19284e-08	5.19284e-08	0	0	0	0.0153907	0.0153806	0	1.01436e-05		300	1.90575e-06	7.85419e-08	-3.9271e-08	-3.9271e-08	0	0	0	1.90575e-06	0	-0.355028	-111.796	0	20.391	20.391	-1.5099e-14	5.32541	0	0	0	0	0	0	0	0	0	0	0	0	0	0	0	0	0	0	0	0	0	0	0	0	0	0	0	0	0	0	0	0	0	
1	1	1	34	1.02		300	0	0	0.0017	-0.000593314	-0.000593314	0	0	0	19.22	5.19747e-08	5.19747e-08	0	0	0	0.0163376	0.0163257	0	1.18657e-05		300	2.22912e-06	9.18761e-08	-4.5938e-08	-4.5938e-08	0	0	0	2.22912e-06	0	-0.355028	-111.796	0	20.391	20.391	-1.5099e-14	5.32541	0	0	0	0	0	0	0	0	0	0	0	0	0	0	0	0	0	0	0	0	0	0	0	0	0	0	0	0	0	0	0	0	0	
1	1	1	35	1.05		300	0	0	0.00175	-0.000610766	-0.000610766	0	0	0	19.7851	5.20394e-08	5.20394e-08	0	0	0	0.0173127	0.0172989	0	1.38139e-05		300	2.59495e-06	1.06961e-07	-5.34806e-08	-5.34806e-08	0	0	0	2.59495e-06	0	-0.355028	-111.796	0	20.391	20.391	-1.5099e-14	5.32541	0	0	0	0	0	0	0	0	0	0	0	0	0	0	0	0	0	0	0	0	0	0	0	0	0	0	0	0	0	0	0	0	0	
1	1	1	36	1.08		300	0	0	0.0018	-0.000628219	-0.000628219	0	0	0	20.3503	5.21287e-08	5.21287e-08	0	0	0	0.0183161	0.0183001	0	1.60098e-05		300	3.0073e-06	1.23964e-07	-6.19821e-08	-6.19821e-08	0	0	0	3.0073e-06	0	-0.355028	-111.796	0	20.391	20.391	-1.5099e-14	5.32541	0	0	0	0	0	0	0	0	0	0	0	0	0	0	0	0	0	0	0	0	0	0	0	0	0	0	0	0	0	0	0	0	0	
1	1	1	37	1.11		300	0	0	0.00185	-0.000645672	-0.000645672	0	0	0	20.9154	5.22505e-08	5.22505e-08	0	0	0	0.0193477	0.0193293	0	1.84762e-05		300	3.47045e-06	1.43062e-07	-7.1531e-08	-7.1531e-08	0	0	0	3.47045e-06	0	-0.355028	-111.796	0	20.391	20.391	-1.5099e-14	5.32541	0	0	0	0	0	0	0	0	0	0	0	0	0	0	0	0	0	0	0	0	0	0	0	0	0	0	0	0	0	0	0	0	0	
1	1	1	38	1.14		300	0	0	0.0019	-0.000663125	-0.000663125	0	0	0	21.4805	5.24151e-08	5.24151e-08	0	0	0	0.0204076	0.0203864	0	2.12375e-05		300	3.98895e-06	1.64442e-07	-8.22212e-08	-8.22212e-08	0	0	0	3.98895e-06	0	-0.355028	-111.796	0	20.391	20.391	-1.5099e-14	5.32541	0	0	0	0	0	0	0	0	0	0	0	0	0	0	0	0	0	0	0	0	0	0	0	0	0	0	0	0	0	0	0	0	0	
1	1	1	39	1.17		300	0	0	0.00195	-0.000680578	-0.000680578	0	0	0	22.0455	5.26352e-08	5.26352e-08	0	0	0	0.0214958	0.0214715	0	2.43192e-05		300	4.56763e-06	1.88304e-07	-9.4152e-08	-9.4152e-08	0	0	0	4.56763e-06	0	-0.355028	-111.796	0	20.391	20.391	-1.5099e-14	5.32541	0	0	0	0	0	0	0	0	0	0	0	0	0	0	0	0	0	0	0	0	0	0	0	0	0	0	0	0	0	0	0	0	0	
1	1	1	40	1.2		300	0	0	0.002	-0.000698032	-0.000698032	0	0	0	22.6105	5.29268e-08	5.29268e-08	0	0	0	0.0226122	0.0225844	0	2.77483e-05		300	5.21155e-06	2.14856e-07	-1.07428e-07	-1.07428e-07	0	0	0	5.21155e-06	0	-0.355028	-111.796	0	20.391	20.391	-1.5099e-14	5.32541	0	0	0	0	0	0	0	0	0	0	0	0	0	0	0	0	0	0	0	0	0	0	0	0	0	0	0	0	0	0	0	0	0	
1	1	1	41	1.23		300	0	0	0.00205	-0.000715488	-0.000715488	0	0	0	23.1755	5.29268e-08	5.29268e-08	0	0	0	0.0237568	0.0237246	0	3.227e-05		300	6.06071e-06	2.49927e-07	-1.24964e-07	-1.24964e-07	0	0	0	6.06071e-06	0	-0.355028	-111.796	0	20.391	20.391	-1.5099e-14	5.32541	0	0	0	0	0	0	0	0	0	0	0	0	0	0	0	0	0	0	0	0	0	0	0	0	0	0	0	0	0	0	0	0	0	
1	1	1	42	1.26		300	0	0	0.0021	-0.000732944	-0.000732944	0	0	0	23.7403	5.29251e-08	5.2925e-08	0	0	0	0.0249297	0.024892	0	3.77212e-05		300	7.08447e-06	2.9242e-07	-1.4621e-07	-1.4621e-07	0	0	0	7.08447e-06	0	-0.355028	-111.796	0	20.391	20.391	-1.5099e-14	5.32541	0	0	0	0	0	0	0	0	0	0	0	0	0	0	0	0	0	0	0	0	0	0	0	0	0	0	0	0	0	0	0	0	0	
1	1	1	43	1.29		300	0	0	0.00215	-0.000750402	-0.000750402	0	0	0	24.3051	5.29229e-08	5.29229e-08	0	0	0	0.0261309	0.0260869	0	4.3931e-05		300	8.25071e-06	3.41111e-07	-1.70556e-07	-1.70556e-07	0	0	0	8.25071e-06	0	-0.355028	-111.796	0	20.391	20.391	-1.5099e-14	5.32541	0	0	0	0	0	0	0	0	0	0	0	0	0	0	0	0	0	0	0	0	0	0	0	0	0	0	0	0	0	0	0	0	0	
1	1	1	44	1.32		300	0	0	0.0022	-0.00076786	-0.00076786	0	0	0	24.8698	5.29201e-08	5.29201e-08	0	0	0	0.0273602	0.0273093	0	5.09831e-05		300	9.57515e-06	3.96729e-07	-1.98365e-07	-1.98365e-07	0	0	0	9.57515e-06	0	-0.355028	-111.796	0	20.391	20.391	-1.5099e-14	5.32541	0	0	0	0	0	0	0	0	0	0	0	0	0	0	0	0	0	0	0	0	0	0	0	0	0	0	0	0	0	0	0	0	0	
1	1	1	45	1.35		300	0	0	0.00225	-0.000785319	-0.000785319	0	0	0	25.4344	5.29167e-08	5.29167e-08	0	0	0	0.0286179	0.0285589	0	5.89684e-05		300	1.10748e-05	4.60066e-07	-2.30033e-07	-2.30033e-07	0	0	0	1.10748e-05	0	-0.355028	-111.796	0	20.391	20.391	-1.5099e-14	5.32541	0	0	0	0	0	0	0	0	0	0	0	0	0	0	0	0	0	0	0	0	0	0	0	0	0	0	0	0	0	0	0	0	0	
1	1	1	46	1.38		300	0	0	0.0023	-0.00080278	-0.00080278	0	0	0	25.9989	5.29124e-08	5.29124e-08	0	0	0	0.0299037	0.0298357	0	6.79846e-05		300	1.27681e-05	5.31981e-07	-2.6599e-07	-2.6599e-07	0	0	0	1.27681e-05	0	-0.355028	-111.796	0	20.391	20.391	-1.5099e-14	5.32541	0	0	0	0	0	0	0	0	0	0	0	0	0	0	0	0	0	0	0	0	0	0	0	0	0	0	0	0	0	0	0	0	0	
1	1	1	47	1.41		300	0	0	0.00235	-0.000820243	-0.000820243	0	0	0	26.5633	5.29071e-08	5.29071e-08	0	0	0	0.0312177	0.0311396	0	7.81372e-05		300	1.46749e-05	6.13406e-07	-3.06703e-07	-3.06703e-07	0	0	0	1.46749e-05	0	-0.355028	-111.796	0	20.391	20.391	-1.5099e-14	5.32541	0	0	0	0	0	0	0	0	0	0	0	0	0	0	0	0	0	0	0	0	0	0	0	0	0	0	0	0	0	0	0	0	0	
1	1	1	48	1.44		300	0	0	0.0024	-0.000837707	-0.000837707	0	0	0	27.1276	5.29006e-08	5.29006e-08	0	0	0	0.03256	0.0324705	0	8.95397e-05		300	1.68164e-05	7.05351e-07	-3.52675e-07	-3.52675e-07	0	0	0	1.68164e-05	0	-0.355028	-111.796	0	20.391	20.391	-1.5099e-14	5.32541	0	0	0	0	0	0	0	0	0	0	0	0	0	0	0	0	0	0	0	0	0	0	0	0	0	0	0	0	0	0	0	0	0	
1	1	1	49	1.47		300	0	0	0.00245	-0.000855172	-0.000855172	0	0	0	27.6917	5.28926e-08	5.28926e-08	0	0	0	0.0339305	0.0338282	0	0.000102314		300	1.92154e-05	8.08903e-07	-4.04452e-07	-4.04452e-07	0	0	0	1.92154e-05	0	-0.355028	-111.796	0	20.391	20.391	-1.5099e-14	5.32541	0	0	0	0	0	0	0	0	0	0	0	0	0	0	0	0	0	0	0	0	0	0	0	0	0	0	0	0	0	0	0	0	0	
1	1	1	50	1.5		300	0	0	0.0025	-0.00087264	-0.00087264	0	0	0	28.2558	5.28828e-08	5.28828e-08	0	0	0	0.0353292	0.0352126	0	0.00011659		300	2.18966e-05	9.25237e-07	-4.62619e-07	-4.62619e-07	0	0	0	2.18966e-05	0	-0.355028	-111.796	0	20.391	20.391	-1.5099e-14	5.32541	0	0	0	0	0	0	0	0	0	0	0	0	0	0	0	0	0	0	0	0	0	0	0	0	0	0	0	0	0	0	0	0	0	
1	1	1	51	1.53		300	0	0	0.00255	-0.000890109	-0.000890109	0	0	0	28.8196	5.2871e-08	5.2871e-08	0	0	0	0.0367561	0.0366236	0	0.000132507		300	2.48861e-05	1.05561e-06	-5.27807e-07	-5.27807e-07	0	0	0	2.48861e-05	0	-0.355028	-111.796	0	20.391	20.391	-1.5099e-14	5.32541	0	0	0	0	0	0	0	0	0	0	0	0	0	0	0	0	0	0	0	0	0	0	0	0	0	0	0	0	0	0	0	0	0	
1	1	1	52	1.56		300	0	0	0.0026	-0.000907581	-0.000907581	0	0	0	29.3833	5.28566e-08	5.28566e-08	0	0	0	0.0382111	0.0380609	0	0.000150215		300	2.82118e-05	1.20139e-06	-6.00693e-07	-6.00693e-07	0	0	0	2.82118e-05	0	-0.355028	-111.796	0	20.391	20.391	-1.5099e-14	5.32541	0	0	0	0	0	0	0	0	0	0	0	0	0	0	0	0	0	0	0	0	0	0	0	0	0	0	0	0	0	0	0	0	0	
1	1	1	53	1.59		300	0	0	0.00265	-0.000925056	-0.000925056	0	0	0	29.9468	5.28394e-08	5.28394e-08	0	0	0	0.0396944	0.0395245	0	0.000169872		300	3.19035e-05	1.36401e-06	-6.82004e-07	-6.82004e-07	0	0	0	3.19035e-05	0	-0.355028	-111.796	0	20.391	20.391	-1.5099e-14	5.32541	0	0	0	0	0	0	0	0	0	0	0	0	0	0	0	0	0	0	0	0	0	0	0	0	0	0	0	0	0	0	0	0	0	
1	1	1	54	1.62		300	0	0	0.0027	-0.000942533	-0.000942533	0	0	0	30.51	5.28188e-08	5.28188e-08	0	0	0	0.0412058	0.0410142	0	0.000191646		300	3.5993e-05	1.54503e-06	-7.72513e-07	-7.72513e-07	0	0	0	3.5993e-05	0	-0.355028	-111.796	0	20.391	20.391	-1.5099e-14	5.32541	0	0	0	0	0	0	0	0	0	0	0	0	0	0	0	0	0	0	0	0	0	0	0	0	0	0	0	0	0	0	0	0	0	
1	1	1	55	1.65		300	0	0	0.00275	-0.000960014	-0.000960014	0	0	0	31.0731	5.27941e-08	5.27941e-08	0	0	0	0.0427454	0.0425297	0	0.000215717		300	4.05138e-05	1.7461e-06	-8.73049e-07	-8.73049e-07	0	0	0	4.05138e-05	0	-0.355028	-111.796	0	20.391	20.391	-1.5099e-14	5.32541	0	0	0	0	0	0	0	0	0	0	0	0	0	0	0	0	0	0	0	0	0	0	0	0	0	0	0	0	0	0	0	0	0	
1	1	1	56	1.68		300	0	0	0.0028	-0.000977497	-0.000977497	0	0	0	31.6359	5.27649e-08	5.27649e-08	0	0	0	0.0443131	0.0440708	0	0.000242275		300	4.55016e-05	1.96899e-06	-9.84493e-07	-9.84493e-07	0	0	0	4.55016e-05	0	-0.355028	-111.796	0	20.391	20.391	-1.5099e-14	5.32541	0	0	0	0	0	0	0	0	0	0	0	0	0	0	0	0	0	0	0	0	0	0	0	0	0	0	0	0	0	0	0	0	0	
1	1	1	57	1.71		300	0	0	0.00285	-0.000994985	-0.000994985	0	0	0	32.1984	5.27303e-08	5.27303e-08	0	0	0	0.045909	0.0456375	0	0.00027152		300	5.09941e-05	2.21557e-06	-1.10778e-06	-1.10778e-06	0	0	0	5.09941e-05	0	-0.355028	-111.796	0	20.391	20.391	-1.5099e-14	5.32541	0	0	0	0	0	0	0	0	0	0	0	0	0	0	0	0	0	0	0	0	0	0	0	0	0	0	0	0	0	0	0	0	0	
1	1	1	58	1.74		300	0	0	0.0029	-0.00101248	-0.00101248	0	0	0	32.7607	5.26895e-08	5.26895e-08	0	0	0	0.047533	0.0472293	0	0.000303665		300	5.70313e-05	2.48784e-06	-1.24392e-06	-1.24392e-06	0	0	0	5.70313e-05	0	-0.355028	-111.796	0	20.391	20.391	-1.5099e-14	5.32541	0	0	0	0	0	0	0	0	0	0	0	0	0	0	0	0	0	0	0	0	0	0	0	0	0	0	0	0	0	0	0	0	0	
1	1	1	59	1.77		300	0	0	0.00295	-0.00102997	-0.00102997	0	0	0	33.3226	5.26416e-08	5.26416e-08	0	0	0	0.049185	0.0488461	0	0.000338933		300	6.36551e-05	2.78791e-06	-1.39395e-06	-1.39395e-06	0	0	0	6.36551e-05	0	-0.355028	-111.796	0	20.391	20.391	-1.5099e-14	5.32541	0	0	0	0	0	0	0	0	0	0	0	0	0	0	0	0	0	0	0	0	0	0	0	0	0	0	0	0	0	0	0	0	0	
1	1	1	60	1.8		300	0	0	0.003	-0.00104747	-0.00104747	0	0	0	33.8842	5.25857e-08	5.25857e-08	0	0	0	0.0508652	0.0504876	0	0.000377562		300	7.091e-05	3.11801e-06	-1.55901e-06	-1.55901e-06	0	0	0	7.091e-05	0	-0.355028	-111.796	0	20.391	20.391	-1.5099e-14	5.32541	0	0	0	0	0	0	0	0	0	0	0	0	0	0	0	0	0	0	0	0	0	0	0	0	0	0	0	0	0	0	0	0	0	
1	1	1	61	1.83		300	0	0	0.00305	-0.00106498	-0.00106498	0	0	0	34.4454	5.25204e-08	5.25204e-08	0	0	0	0.0525734	0.0521537	0	0.000419798		300	7.88425e-05	3.48051e-06	-1.74026e-06	-1.74026e-06	0	0	0	7.88425e-05	0	-0.355028	-111.796	0	20.391	20.391	-1.5099e-14	5.32541	0	0	0	0	0	0	0	0	0	0	0	0	0	0	0	0	0	0	0	0	0	0	0	0	0	0	0	0	0	0	0	0	0	
1	1	1	62	1.86		300	0	0	0.0031	-0.00108249	-0.00108249	0	0	0	35.0063	5.24447e-08	5.24447e-08	0	0	0	0.0543097	0.0538438	0	0.000465903		300	8.75015e-05	3.8779e-06	-1.93895e-06	-1.93895e-06	0	0	0	8.75015e-05	0	-0.355028	-111.796	0	20.391	20.391	-1.5099e-14	5.32541	0	0	0	0	0	0	0	0	0	0	0	0	0	0	0	0	0	0	0	0	0	0	0	0	0	0	0	0	0	0	0	0	0	
1	1	1	63	1.89		300	0	0	0.00315	-0.0011	-0.0011	0	0	0	35.5667	5.23571e-08	5.2357e-08	0	0	0	0.0560741	0.0555579	0	0.000516149		300	9.69383e-05	4.3128e-06	-2.1564e-06	-2.1564e-06	0	0	0	9.69383e-05	0	-0.355028	-111.796	0	20.391	20.391	-1.5099e-14	5.32541	0	0	0	0	0	0	0	0	0	0	0	0	0	0	0	0	0	0	0	0	0	0	0	0	0	0	0	0	0	0	0	0	0	
1	1	1	64	1.92		300	0	0	0.0032	-0.00111752	-0.00111752	0	0	0	36.1266	5.2256e-08	5.2256e-08	0	0	0	0.0578664	0.0572956	0	0.000570822		300	0.000107207	4.78797e-06	-2.39399e-06	-2.39399e-06	0	0	0	0.000107207	0	-0.355028	-111.796	0	20.391	20.391	-1.5099e-14	5.32541	0	0	0	0	0	0	0	0	0	0	0	0	0	0	0	0	0	0	0	0	0	0	0	0	0	0	0	0	0	0	0	0	0	
1	1	1	65	1.95		300	0	0	0.00325	-0.00113505	-0.00113505	0	0	0	36.6861	5.21399e-08	5.21399e-08	0	0	0	0.0596867	0.0590565	0	0.000630222		300	0.000118363	5.30632e-06	-2.65316e-06	-2.65316e-06	0	0	0	0.000118363	0	-0.355028	-111.796	0	20.391	20.391	-1.5099e-14	5.32541	0	0	0	0	0	0	0	0	0	0	0	0	0	0	0	0	0	0	0	0	0	0	0	0	0	0	0	0	0	0	0	0	0	
1	1	1	66	1.98		300	0	0	0.0033	-0.00115259	-0.00115259	0	0	0	37.245	5.20069e-08	5.20068e-08	0	0	0	0.061535	0.0608403	0	0.000694659		300	0.000130465	5.87086e-06	-2.93543e-06	-2.93543e-06	0	0	0	0.000130465	0	-0.355028	-111.796	0	20.391	20.391	-1.5099e-14	5.32541	0	0	0	0	0	0	0	0	0	0	0	0	0	0	0	0	0	0	0	0	0	0	0	0	0	0	0	0	0	0	0	0	0	
1	1	1	67	2.01		300	0	0	0.00335	-0.00117013	-0.00117013	0	0	0	37.8034	5.1855e-08	5.1855e-08	0	0	0	0.0634112	0.0626467	0	0.000764459		300	0.000143574	6.48479e-06	-3.2424e-06	-3.2424e-06	0	0	0	0.000143574	0	-0.355028	-111.796	0	20.391	20.391	-1.5099e-14	5.32541	0	0	0	0	0	0	0	0	0	0	0	0	0	0	0	0	0	0	0	0	0	0	0	0	0	0	0	0	0	0	0	0	0	
1	1	1	68	2.04		300	0	0	0.0034	-0.00118768	-0.00118768	0	0	0	38.3612	5.16823e-08	5.16823e-08	0	0	0	0.0653153	0.0644754	0	0.00083996		300	0.000157754	7.15142e-06	-3.57571e-06	-3.57571e-06	0	0	0	0.000157754	0	-0.355028	-111.796	0	20.391	20.391	-1.5099e-14	5.32541	0	0	0	0	0	0	0	0	0	0	0	0	0	0	0	0	0	0	0	0	0	0	0	0	0	0	0	0	0	0	0	0	0	
1	1	1	69	2.07		300	0	0	0.00345	-0.00120524	-0.00120524	0	0	0	38.9184	5.14863e-08	5.14863e-08	0	0	0	0.0672473	0.0663258	0	0.000921512		300	0.000173071	7.87422e-06	-3.93711e-06	-3.93711e-06	0	0	0	0.000173071	0	-0.355028	-111.796	0	20.391	20.391	-1.5099e-14	5.32541	0	0	0	0	0	0	0	0	0	0	0	0	0	0	0	0	0	0	0	0	0	0	0	0	0	0	0	0	0	0	0	0	0	
1	1	1	70	2.1		300	0	0	0.0035	-0.00122281	-0.00122281	0	0	0	39.4748	5.12648e-08	5.12648e-08	0	0	0	0.0692071	0.0681977	0	0.00100948		300	0.000189592	8.65679e-06	-4.32839e-06	-4.32839e-06	0	0	0	0.000189592	0	-0.355028	-111.796	0	20.391	20.391	-1.5099e-14	5.32541	0	0	0	0	0	0	0	0	0	0	0	0	0	0	0	0	0	0	0	0	0	0	0	0	0	0	0	0	0	0	0	0	0	
1	1	1	71	2.13		300	0	0	0.00355	-0.00124038	-0.00124038	0	0	0	40.0306	5.10151e-08	5.10151e-08	0	0	0	0.0711948	0.0700905	0	0.00110424		300	0.00020739	9.50288e-06	-4.75144e-06	-4.75144e-06	0	0	0	0.00020739	0	-0.355028	-111.796	0	20.391	20.391	-1.5099e-14	5.32541	0	0	0	0	0	0	0	0	0	0	0	0	0	0	0	0	0	0	0	0	0	0	0	0	0	0	0	0	0	0	0	0	0	
1	1	1	72	2.16		300	0	0	0.0036	-0.00125797	-0.00125797	0	0	0	40.5856	5.07346e-08	5.07346e-08	0	0	0	0.0732102	0.072004	0	0.00120618		300	0.000226536	1.04164e-05	-5.20819e-06	-5.20819e-06	0	0	0	0.000226536	0	-0.355028	-111.796	0	20.391	20.391	-1.5099e-14	5.32541	0	0	0	0	0	0	0	0	0	0	0	0	0	0	0	0	0	0	0	0	0	0	0	0	0	0	0	0	0	0	0	0	0	
1	1	1	73	2.19		300	0	0	0.00365	-0.00127557	-0.00127557	0	0	0	41.1398	5.04204e-08	5.04204e-08	0	0	0	0.0752533	0.0739376	0	0.00131571		300	0.000247106	1.14013e-05	-5.70066e-06	-5.70066e-06	0	0	0	0.000247106	0	-0.355028	-111.796	0	20.391	20.391	-1.5099e-14	5.32541	0	0	0	0	0	0	0	0	0	0	0	0	0	0	0	0	0	0	0	0	0	0	0	0	0	0	0	0	0	0	0	0	0	
1	1	1	74	2.22		300	0	0	0.0037	-0.00129318	-0.00129318	0	0	0	41.6931	5.00695e-08	5.00695e-08	0	0	0	0.0773241	0.0758909	0	0.00143324		300	0.000269179	1.24619e-05	-6.23095e-06	-6.23095e-06	0	0	0	0.000269179	0	-0.355028	-111.796	0	20.391	20.391	-1.5099e-14	5.32541	0	0	0	0	0	0	0	0	0	0	0	0	0	0	0	0	0	0	0	0	0	0	0	0	0	0	0	0	0	0	0	0	0	
1	1	1	75	2.25		300	0	0	0.00375	-0.0013108	-0.0013108	0	0	0	42.2455	4.96789e-08	4.96788e-08	0	0	0	0.0794226	0.0778634	0	0.00155919		300	0.000292834	1.36024e-05	-6.8012e-06	-6.8012e-06	0	0	0	0.000292834	0	-0.355028	-111.796	0	20.391	20.391	-1.5099e-14	5.32541	0	0	0	0	0	0	0	0	0	0	0	0	0	0	0	0	0	0	0	0	0	0	0	0	0	0	0	0	0	0	0	0	0	
1	1	1	76	2.28		300	0	0	0.0038	-0.00132844	-0.00132844	0	0	0	42.797	4.92453e-08	4.92452e-08	0	0	0	0.0815487	0.0798547	0	0.001694		300	0.000318154	1.48273e-05	-7.41363e-06	-7.41363e-06	0	0	0	0.000318154	0	-0.355028	-111.796	0	20.391	20.391	-1.5099e-14	5.32541	0	0	0	0	0	0	0	0	0	0	0	0	0	0	0	0	0	0	0	0	0	0	0	0	0	0	0	0	0	0	0	0	0	
1	1	1	77	2.31		300	0	0	0.00385	-0.00134609	-0.00134609	0	0	0	43.3475	4.87654e-08	4.87654e-08	0	0	0	0.0837023	0.0818642	0	0.00183813		300	0.000345223	1.61411e-05	-8.07055e-06	-8.07055e-06	0	0	0	0.000345223	0	-0.355028	-111.796	0	20.391	20.391	-1.5099e-14	5.32541	0	0	0	0	0	0	0	0	0	0	0	0	0	0	0	0	0	0	0	0	0	0	0	0	0	0	0	0	0	0	0	0	0	
1	1	1	78	2.34		300	0	0	0.0039	-0.00136375	-0.00136375	0	0	0	43.8969	4.8236e-08	4.8236e-08	0	0	0	0.0858834	0.0838914	0	0.00199202		300	0.000374127	1.75486e-05	-8.7743e-06	-8.7743e-06	0	0	0	0.000374127	0	-0.355028	-111.796	0	20.391	20.391	-1.5099e-14	5.32541	0	0	0	0	0	0	0	0	0	0	0	0	0	0	0	0	0	0	0	0	0	0	0	0	0	0	0	0	0	0	0	0	0	
1	1	1	79	2.37		300	0	0	0.00395	-0.00138143	-0.00138143	0	0	0	44.4452	4.76536e-08	4.76536e-08	0	0	0	0.0880919	0.0859358	0	0.00215616		300	0.000404954	1.90546e-05	-9.52729e-06	-9.52729e-06	0	0	0	0.000404954	0	-0.355028	-111.796	0	20.391	20.391	-1.5099e-14	5.32541	0	0	0	0	0	0	0	0	0	0	0	0	0	0	0	0	0	0	0	0	0	0	0	0	0	0	0	0	0	0	0	0	0	
1	1	1	80	2.4		300	0	0	0.004	-0.00139912	-0.00139912	0	0	0	44.9923	4.70148e-08	4.70148e-08	0	0	0	0.0903279	0.0879969	0	0.00233102		300	0.000437795	2.0664e-05	-1.0332e-05	-1.0332e-05	0	0	0	0.000437795	0	-0.355028	-111.796	0	20.391	20.391	-1.5099e-14	5.32541	0	0	0	0	0	0	0	0	0	0	0	0	0	0	0	0	0	0	0	0	0	0	0	0	0	0	0	0	0	0	0	0	0	
1	1	1	81	2.43		300	0	0	0.00405	-0.00141683	-0.00141683	0	0	0	45.5382	4.63163e-08	4.63163e-08	0	0	0	0.0925911	0.090074	0	0.00251709		300	0.000472741	2.23819e-05	-1.11909e-05	-1.11909e-05	0	0	0	0.000472741	0	-0.355028	-111.796	0	20.391	20.391	-1.5099e-14	5.32541	0	0	0	0	0	0	0	0	0	0	0	0	0	0	0	0	0	0	0	0	0	0	0	0	0	0	0	0	0	0	0	0	0	
1	1	1	82	2.46		300	0	0	0.0041	-0.00143456	-0.00143456	0	0	0	46.0828	4.55546e-08	4.55546e-08	0	0	0	0.0948817	0.0921668	0	0.00271487		300	0.000509886	2.42134e-05	-1.21067e-05	-1.21067e-05	0	0	0	0.000509886	0	-0.355028	-111.796	0	20.391	20.391	-1.5099e-14	5.32541	0	0	0	0	0	0	0	0	0	0	0	0	0	0	0	0	0	0	0	0	0	0	0	0	0	0	0	0	0	0	0	0	0	
1	1	1	83	2.49		300	0	0	0.00415	-0.0014523	-0.0014523	0	0	0	46.6261	4.47264e-08	4.47264e-08	0	0	0	0.0971994	0.0942745	0	0.00292485		300	0.000549323	2.61639e-05	-1.30819e-05	-1.30819e-05	0	0	0	0.000549323	0	-0.355028	-111.796	0	20.391	20.391	-1.5099e-14	5.32541	0	0	0	0	0	0	0	0	0	0	0	0	0	0	0	0	0	0	0	0	0	0	0	0	0	0	0	0	0	0	0	0	0	
1	1	1	84	2.52		300	0	0	0.0042	-0.00147006	-0.00147006	0	0	0	47.168	4.38287e-08	4.38287e-08	0	0	0	0.0995442	0.0963967	0	0.00314756		300	0.000591149	2.82386e-05	-1.41193e-05	-1.41193e-05	0	0	0	0.000591149	0	-0.355028	-111.796	0	20.391	20.391	-1.5099e-14	5.32541	0	0	0	0	0	0	0	0	0	0	0	0	0	0	0	0	0	0	0	0	0	0	0	0	0	0	0	0	0	0	0	0	0	
1	1	1	85	2.55		300	0	0	0.00425	-0.00148785	-0.00148785	0	0	0	47.7084	4.28584e-08	4.28584e-08	0	0	0	0.101916	0.0985327	0	0.0033835		300	0.000635461	3.0443e-05	-1.52215e-05	-1.52215e-05	0	0	0	0.000635461	0	-0.355028	-111.796	0	20.391	20.391	-1.5099e-14	5.32541	0	0	0	0	0	0	0	0	0	0	0	0	0	0	0	0	0	0	0	0	0	0	0	0	0	0	0	0	0	0	0	0	0	
1	1	1	86	2.58		300	0	0	0.0043	-0.00150565	-0.00150565	0	0	0	48.2472	4.18127e-08	4.18126e-08	0	0	0	0.104315	0.100682	0	0.00363319		300	0.000682357	3.27825e-05	-1.63913e-05	-1.63913e-05	0	0	0	0.000682357	0	-0.355028	-111.796	0	20.391	20.391	-1.5099e-14	5.32541	0	0	0	0	0	0	0	0	0	0	0	0	0	0	0	0	0	0	0	0	0	0	0	0	0	0	0	0	0	0	0	0	0	
1	1	1	87	2.61		300	0	0	0.00435	-0.00152347	-0.00152347	0	0	0	48.7845	4.06889e-08	4.06889e-08	0	0	0	0.106741	0.102844	0	0.00389716		300	0.000731934	3.52628e-05	-1.76314e-05	-1.76314e-05	0	0	0	0.000731934	0	-0.355028	-111.796	0	20.391	20.391	-1.5099e-14	5.32541	0	0	0	0	0	0	0	0	0	0	0	0	0	0	0	0	0	0	0	0	0	0	0	0	0	0	0	0	0	0	0	0	0	
1	1	1	88	2.64		300	0	0	0.0044	-0.00154132	-0.00154132	0	0	0	49.3201	3.94848e-08	3.94848e-08	0	0	0	0.109193	0.105018	0	0.00417594		300	0.000784292	3.78894e-05	-1.89447e-05	-1.89447e-05	0	0	0	0.000784292	0	-0.355028	-111.796	0	20.391	20.391	-1.5099e-14	5.32541	0	0	0	0	0	0	0	0	0	0	0	0	0	0	0	0	0	0	0	0	0	0	0	0	0	0	0	0	0	0	0	0	0	
1	1	1	89	2.67		300	0	0	0.00445	-0.00155919	-0.00155919	0	0	0	49.8541	3.81983e-08	3.81983e-08	0	0	0	0.111673	0.107203	0	0.00447006		300	0.00083953	4.06681e-05	-2.0334e-05	-2.0334e-05	0	0	0	0.00083953	0	-0.355028	-111.796	0	20.391	20.391	-1.5099e-14	5.32541	0	0	0	0	0	0	0	0	0	0	0	0	0	0	0	0	0	0	0	0	0	0	0	0	0	0	0	0	0	0	0	0	0	
1	1	1	90	2.7		300	0	0	0.0045	-0.00157708	-0.00157708	0	0	0	50.3862	3.68279e-08	3.68279e-08	0	0	0	0.114179	0.109399	0	0.00478004		300	0.000897747	4.36044e-05	-2.18022e-05	-2.18022e-05	0	0	0	0.000897747	0	-0.355028	-111.796	0	20.391	20.391	-1.5099e-14	5.32541	0	0	0	0	0	0	0	0	0	0	0	0	0	0	0	0	0	0	0	0	0	0	0	0	0	0	0	0	0	0	0	0	0	
1	1	1	91	2.73		300	0	0	0.00455	-0.001595	-0.001595	0	0	0	50.9165	3.53721e-08	3.53721e-08	0	0	0	0.116711	0.111605	0	0.00510641		300	0.000959043	4.67041e-05	-2.3352e-05	-2.3352e-05	0	0	0	0.000959043	0	-0.355028	-111.796	0	20.391	20.391	-1.5099e-14	5.32541	0	0	0	0	0	0	0	0	0	0	0	0	0	0	0	0	0	0	0	0	0	0	0	0	0	0	0	0	0	0	0	0	0	
1	1	1	92	2.76		300	0	0	0.0046	-0.00161295	-0.00161295	0	0	0	51.4448	3.38303e-08	3.38303e-08	0	0	0	0.11927	0.113821	0	0.0054497		300	0.00102352	4.99728e-05	-2.49864e-05	-2.49864e-05	0	0	0	0.00102352	0	-0.355028	-111.796	0	20.391	20.391	-1.5099e-14	5.32541	0	0	0	0	0	0	0	0	0	0	0	0	0	0	0	0	0	0	0	0	0	0	0	0	0	0	0	0	0	0	0	0	0	
1	1	1	93	2.79		300	0	0	0.00465	-0.00163092	-0.00163092	0	0	0	51.9712	3.22019e-08	3.22019e-08	0	0	0	0.121856	0.116045	0	0.00581044		300	0.00109127	5.34164e-05	-2.67082e-05	-2.67082e-05	0	0	0	0.00109127	0	-0.355028	-111.796	0	20.391	20.391	-1.5099e-14	5.32541	0	0	0	0	0	0	0	0	0	0	0	0	0	0	0	0	0	0	0	0	0	0	0	0	0	0	0	0	0	0	0	0	0	
1	1	1	94	2.82		300	0	0	0.0047	-0.00164891	-0.00164891	0	0	0	52.4956	3.04872e-08	3.04872e-08	0	0	0	0.124467	0.118278	0	0.00618914		300	0.00116239	5.70404e-05	-2.85202e-05	-2.85202e-05	0	0	0	0.00116239	0	-0.355028	-111.796	0	20.391	20.391	-1.5099e-14	5.32541	0	0	0	0	0	0	0	0	0	0	0	0	0	0	0	0	0	0	0	0	0	0	0	0	0	0	0	0	0	0	0	0	0	
1	1	1	95	2.85		300	0	0	0.00475	-0.00166694	-0.00166694	0	0	0	53.0178	2.86867e-08	2.86867e-08	0	0	0	0.127105	0.120519	0	0.00658632		300	0.00123698	6.08505e-05	-3.04253e-05	-3.04253e-05	0	0	0	0.00123698	0	-0.355028	-111.796	0	20.391	20.391	-1.5099e-14	5.32541	0	0	0	0	0	0	0	0	0	0	0	0	0	0	0	0	0	0	0	0	0	0	0	0	0	0	0	0	0	0	0	0	0	
1	1	1	96	2.88		300	0	0	0.0048	-0.00168499	-0.00168499	0	0	0	53.5379	2.68016e-08	2.68016e-08	0	0	0	0.129769	0.122767	0	0.00700248		300	0.00131514	6.48524e-05	-3.24262e-05	-3.24262e-05	0	0	0	0.00131514	0	-0.355028	-111.796	0	20.391	20.391	-1.5099e-14	5.32541	0	0	0	0	0	0	0	0	0	0	0	0	0	0	0	0	0	0	0	0	0	0	0	0	0	0	0	0	0	0	0	0	0	
1	1	1	97	2.91		300	0	0	0.00485	-0.00170308	-0.00170308	0	0	0	54.0557	2.48337e-08	2.48337e-08	0	0	0	0.132459	0.125021	0	0.00743814		300	0.00139696	6.90516e-05	-3.45258e-05	-3.45258e-05	0	0	0	0.00139696	0	-0.355028	-111.796	0	20.391	20.391	-1.5099e-14	5.32541	0	0	0	0	0	0	0	0	0	0	0	0	0	0	0	0	0	0	0	0	0	0	0	0	0	0	0	0	0	0	0	0	0	
1	1	1	98	2.94		300	0	0	0.0049	-0.00172119	-0.00172119	0	0	0	54.5713	2.27851e-08	2.27851e-08	0	0	0	0.135175	0.127281	0	0.00789377		300	0.00148253	7.34535e-05	-3.67267e-05	-3.67267e-05	0	0	0	0.00148253	0	-0.355028	-111.796	0	20.391	20.391	-1.5099e-14	5.32541	0	0	0	0	0	0	0	0	0	0	0	0	0	0	0	0	0	0	0	0	0	0	0	0	0	0	0	0	0	0	0	0	0	
1	1	1	99	2.97		300	0	0	0.00495	-0.00173934	-0.00173934	0	0	0	55.0845	2.06587e-08	2.06588e-08	0	0	0	0.137916	0.129546	0	0.00836987		300	0.00157195	7.80636e-05	-3.90318e-05	-3.90318e-05	0	0	0	0.00157195	0	-0.355028	-111.796	0	20.391	20.391	-1.5099e-14	5.32541	0	0	0	0	0	0	0	0	0	0	0	0	0	0	0	0	0	0	0	0	0	0	0	0	0	0	0	0	0	0	0	0	0	
1	1	1	100	3		300	0	0	0.005	-0.00175752	-0.00175752	0	0	0	55.5953	1.8458e-08	1.8458e-08	0	0	0	0.140683	0.131816	0	0.00886691		300	0.00166529	8.28872e-05	-4.14436e-05	-4.14436e-05	0	0	0	0.00166529	0	-0.355028	-111.796	0	20.391	20.391	-1.5099e-14	5.32541	0	0	0	0	0	0	0	0	0	0	0	0	0	0	0	0	0	0	0	0	0	0	0	0	0	0	0	0	0	0	0	0	0	
1	1	1	101	3.03		300	0	0	0.00505	-0.00177573	-0.00177573	0	0	0	56.1036	1.61869e-08	1.61869e-08	0	0	0	0.143476	0.13409	0	0.00938534		300	0.00176266	8.79295e-05	-4.39647e-05	-4.39647e-05	0	0	0	0.00176266	0	-0.355028	-111.796	0	20.391	20.391	-1.5099e-14	5.32541	0	0	0	0	0	0	0	0	0	0	0	0	0	0	0	0	0	0	0	0	0	0	0	0	0	0	0	0	0	0	0	0	0	
1	1	1	102	3.06		300	0	0	0.0051	-0.00179397	-0.00179397	0	0	0	56.6094	1.38499e-08	1.38499e-08	0	0	0	0.146293	0.136368	0	0.00992562		300	0.00186412	9.31956e-05	-4.65978e-05	-4.65978e-05	0	0	0	0.00186412	0	-0.355028	-111.796	0	20.391	20.391	-1.5099e-14	5.32541	0	0	0	0	0	0	0	0	0	0	0	0	0	0	0	0	0	0	0	0	0	0	0	0	0	0	0	0	0	0	0	0	0	
1	1	1	103	3.09		300	0	0	0.00515	-0.00181225	-0.00181225	0	0	0	57.1126	1.1452e-08	1.1452e-08	0	0	0	0.149136	0.138648	0	0.0104882		300	0.00196977	9.86905e-05	-4.93452e-05	-4.93452e-05	0	0	0	0.00196977	0	-0.355028	-111.796	0	20.391	20.391	-1.5099e-14	5.32541	0	0	0	0	0	0	0	0	0	0	0	0	0	0	0	0	0	0	0	0	0	0	0	0	0	0	0	0	0	0	0	0	0	
1	1	1	104	3.12		300	0	0	0.0052	-0.00183057	-0.00183057	0	0	0	57.6131	8.9987e-09	8.99871e-09	0	0	0	0.152005	0.140931	0	0.0110734		300	0.00207968	0.000104419	-5.22095e-05	-5.22095e-05	0	0	0	0.00207968	0	-0.355028	-111.796	0	20.391	20.391	-1.5099e-14	5.32541	0	0	0	0	0	0	0	0	0	0	0	0	0	0	0	0	0	0	0	0	0	0	0	0	0	0	0	0	0	0	0	0	0	
1	1	1	105	3.15		300	0	0	0.00525	-0.00184892	-0.00184892	0	0	0	58.111	6.49604e-09	6.49604e-09	0	0	0	0.154898	0.143216	0	0.0116818		300	0.00219393	0.000110386	-5.51928e-05	-5.51928e-05	0	0	0	0.00219393	0	-0.355028	-111.796	0	20.391	20.391	-1.5099e-14	5.32541	0	0	0	0	0	0	0	0	0	0	0	0	0	0	0	0	0	0	0	0	0	0	0	0	0	0	0	0	0	0	0	0	0	
1	1	1	106	3.18		300	0	0	0.0053	-0.00186731	-0.00186731	0	0	0	58.6061	3.95041e-09	3.95041e-09	0	0	0	0.157816	0.145502	0	0.0123136		300	0.00231259	0.000116595	-5.82976e-05	-5.82976e-05	0	0	0	0.00231259	0	-0.355028	-111.796	0	20.391	20.391	-1.5099e-14	5.32541	0	0	0	0	0	0	0	0	0	0	0	0	0	0	0	0	0	0	0	0	0	0	0	0	0	0	0	0	0	0	0	0	0	
1	1	1	107	3.21		300	0	0	0.00535	-0.00188573	-0.00188573	0	0	0	59.0984	1.36856e-09	1.36856e-09	0	0	0	0.160758	0.147789	0	0.0129693		300	0.00243573	0.000123052	-6.1526e-05	-6.1526e-05	0	0	0	0.00243573	0	-0.355028	-111.796	0	20.391	20.391	-1.5099e-14	5.32541	0	0	0	0	0	0	0	0	0	0	0	0	0	0	0	0	0	0	0	0	0	0	0	0	0	0	0	0	0	0	0	0	0	
1	1	1	108	3.24		300	0	0	0.0054	-0.00190419	-0.00190419	0	0	0	59.5879	-1.24237e-09	-1.24237e-09	0	0	0	0.163725	0.150076	0	0.0136492		300	0.00256342	0.00012976	-6.48801e-05	-6.48801e-05	0	0	0	0.00256342	0	-0.355028	-111.796	0	20.391	20.391	-1.5099e-14	5.32541	0	0	0	0	0	0	0	0	0	0	0	0	0	0	0	0	0	0	0	0	0	0	0	0	0	0	0	0	0	0	0	0	0	
1	1	1	109	3.27		300	0	0	0.00545	-0.0019227	-0.0019227	0	0	0	60.0745	-3.875e-09	-3.87501e-09	0	0	0	0.166717	0.152363	0	0.0143536		300	0.00269572	0.000136724	-6.83618e-05	-6.83618e-05	0	0	0	0.00269572	0	-0.355028	-111.796	0	20.391	20.391	-1.5099e-14	5.32541	0	0	0	0	0	0	0	0	0	0	0	0	0	0	0	0	0	0	0	0	0	0	0	0	0	0	0	0	0	0	0	0	0	
1	1	1	110	3.3		300	0	0	0.0055	-0.00194124	-0.00194124	0	0	0	60.5582	-6.52172e-09	-6.52173e-09	0	0	0	0.169733	0.15465	0	0.0150829		300	0.00283268	0.000143946	-7.19732e-05	-7.19732e-05	0	0	0	0.00283268	0	-0.355028	-111.796	0	20.391	20.391	-1.5099e-14	5.32541	0	0	0	0	0	0	0	0	0	0	0	0	0	0	0	0	0	0	0	0	0	0	0	0	0	0	0	0	0	0	0	0	0	
1	1	1	111	3.33		300	0	0	0.00555	-0.00195982	-0.00195982	0	0	0	61.0388	-9.17472e-09	-9.17474e-09	0	0	0	0.172773	0.156935	0	0.0158374		300	0.00297437	0.000151432	-7.5716e-05	-7.5716e-05	0	0	0	0.00297437	0	-0.355028	-111.796	0	20.391	20.391	-1.5099e-14	5.32541	0	0	0	0	0	0	0	0	0	0	0	0	0	0	0	0	0	0	0	0	0	0	0	0	0	0	0	0	0	0	0	0	0	
1	1	1	112	3.36		300	0	0	0.0056	-0.00197844	-0.00197844	0	0	0	61.5165	-1.18261e-08	-1.18261e-08	0	0	0	0.175837	0.159219	0	0.0166173		300	0.00312083	0.000159184	-7.95919e-05	-7.95919e-05	0	0	0	0.00312083	0	-0.355028	-111.796	0	20.391	20.391	-1.5099e-14	5.32541	0	0	0	0	0	0	0	0	0	0	0	0	0	0	0	0	0	0	0	0	0	0	0	0	0	0	0	0	0	0	0	0	0	
1	1	1	113	3.39		300	0	0	0.00565	-0.0019971	-0.0019971	0	0	0	61.9912	-1.44679e-08	-1.44679e-08	0	0	0	0.178924	0.161501	0	0.0174229		300	0.00327211	0.000167205	-8.36025e-05	-8.36025e-05	0	0	0	0.00327211	0	-0.355028	-111.796	0	20.391	20.391	-1.5099e-14	5.32541	0	0	0	0	0	0	0	0	0	0	0	0	0	0	0	0	0	0	0	0	0	0	0	0	0	0	0	0	0	0	0	0	0	
1	1	1	114	3.42		300	0	0	0.0057	-0.0020158	-0.0020158	0	0	0	62.4627	-1.70921e-08	-1.70921e-08	0	0	0	0.182036	0.163781	0	0.0182544		300	0.00342827	0.000175499	-8.77494e-05	-8.77494e-05	0	0	0	0.00342827	0	-0.355028	-111.796	0	20.391	20.391	-1.5099e-14	5.32541	0	0	0	0	0	0	0	0	0	0	0	0	0	0	0	0	0	0	0	0	0	0	0	0	0	0	0	0	0	0	0	0	0	
1	1	1	115	3.45		300	0	0	0.00575	-0.00203454	-0.00203454	0	0	0	62.9311	-1.96909e-08	-1.96909e-08	0	0	0	0.18517	0.166058	0	0.019112		300	0.00358933	0.000184068	-9.2034e-05	-9.2034e-05	0	0	0	0.00358933	0	-0.355028	-111.796	0	20.391	20.391	-1.5099e-14	5.32541	0	0	0	0	0	0	0	0	0	0	0	0	0	0	0	0	0	0	0	0	0	0	0	0	0	0	0	0	0	0	0	0	0	
1	1	1	116	3.48		300	0	0	0.0058	-0.00205333	-0.00205333	0	0	0	63.3964	-2.22563e-08	-2.22563e-08	0	0	0	0.188329	0.168333	0	0.019996		300	0.00375533	0.000192915	-9.64575e-05	-9.64575e-05	0	0	0	0.00375533	0	-0.355028	-111.796	0	20.391	20.391	-1.5099e-14	5.32541	0	0	0	0	0	0	0	0	0	0	0	0	0	0	0	0	0	0	0	0	0	0	0	0	0	0	0	0	0	0	0	0	0	
1	1	1	117	3.51		300	0	0	0.00585	-0.00207216	-0.00207216	0	0	0	63.8586	-2.47809e-08	-2.47809e-08	0	0	0	0.19151	0.170604	0	0.0209064		300	0.00392632	0.000202042	-0.000101021	-0.000101021	0	0	0	0.00392632	0	-0.355028	-111.796	0	20.391	20.391	-1.5099e-14	5.32541	0	0	0	0	0	0	0	0	0	0	0	0	0	0	0	0	0	0	0	0	0	0	0	0	0	0	0	0	0	0	0	0	0	
1	1	1	118	3.54		300	0	0	0.0059	-0.00209103	-0.00209103	0	0	0	64.3175	-2.72571e-08	-2.72571e-08	0	0	0	0.194714	0.172871	0	0.0218436		300	0.00410231	0.000211452	-0.000105726	-0.000105726	0	0	0	0.00410231	0	-0.355028	-111.796	0	20.391	20.391	-1.5099e-14	5.32541	0	0	0	0	0	0	0	0	0	0	0	0	0	0	0	0	0	0	0	0	0	0	0	0	0	0	0	0	0	0	0	0	0	
1	1	1	119	3.57		300	0	0	0.00595	-0.00210994	-0.00210994	0	0	0	64.7732	-2.96778e-08	-2.96779e-08	0	0	0	0.197942	0.175134	0	0.0228075		300	0.00428333	0.000221146	-0.000110573	-0.000110573	0	0	0	0.00428333	0	-0.355028	-111.796	0	20.391	20.391	-1.5099e-14	5.32541	0	0	0	0	0	0	0	0	0	0	0	0	0	0	0	0	0	0	0	0	0	0	0	0	0	0	0	0	0	0	0	0	0	
1	1	1	120	3.6		300	0	0	0.006	-0.0021289	-0.0021289	0	0	0	65.2257	-3.20362e-08	-3.20362e-08	0	0	0	0.201192	0.177393	0	0.0237984		300	0.0044694	0.000231127	-0.000115563	-0.000115563	0	0	0	0.0044694	0	-0.355028	-111.796	0	20.391	20.391	-1.5099e-14	5.32541	0	0	0	0	0	0	0	0	0	0	0	0	0	0	0	0	0	0	0	0	0	0	0	0	0	0	0	0	0	0	0	0	0	
1	1	1	121	3.63		300	0	0	0.00605	-0.0021479	-0.0021479	0	0	0	65.6749	-3.43257e-08	-3.43257e-08	0	0	0	0.204464	0.179648	0	0.0248162		300	0.00466055	0.000241395	-0.000120697	-0.000120697	0	0	0	0.00466055	0	-0.355028	-111.796	0	20.391	20.391	-1.5099e-14	5.32541	0	0	0	0	0	0	0	0	0	0	0	0	0	0	0	0	0	0	0	0	0	0	0	0	0	0	0	0	0	0	0	0	0	
1	1	1	122	3.66		300	0	0	0.0061	-0.00216694	-0.00216694	0	0	0	66.1209	-3.65401e-08	-3.65401e-08	0	0	0	0.207759	0.181898	0	0.0258612		300	0.00485678	0.000251952	-0.000125976	-0.000125976	0	0	0	0.00485678	0	-0.355028	-111.796	0	20.391	20.391	-1.5099e-14	5.32541	0	0	0	0	0	0	0	0	0	0	0	0	0	0	0	0	0	0	0	0	0	0	0	0	0	0	0	0	0	0	0	0	0	
1	1	1	123	3.69		300	0	0	0.00615	-0.00218603	-0.00218603	0	0	0	66.5636	-3.86738e-08	-3.86738e-08	0	0	0	0.211076	0.184143	0	0.0269333		300	0.00505811	0.0002628	-0.0001314	-0.0001314	0	0	0	0.00505811	0	-0.355028	-111.796	0	20.391	20.391	-1.5099e-14	5.32541	0	0	0	0	0	0	0	0	0	0	0	0	0	0	0	0	0	0	0	0	0	0	0	0	0	0	0	0	0	0	0	0	0	
1	1	1	124	3.72		300	0	0	0.0062	-0.00220516	-0.00220516	0	0	0	67.0029	-4.07213e-08	-4.07213e-08	0	0	0	0.214415	0.186383	0	0.0280325		300	0.00526454	0.000273938	-0.000136969	-0.000136969	0	0	0	0.00526454	0	-0.355028	-111.796	0	20.391	20.391	-1.5099e-14	5.32541	0	0	0	0	0	0	0	0	0	0	0	0	0	0	0	0	0	0	0	0	0	0	0	0	0	0	0	0	0	0	0	0	0	
1	1	1	125	3.75		300	0	0	0.00625	-0.00222434	-0.00222434	0	0	0	67.439	-4.26779e-08	-4.26779e-08	0	0	0	0.217776	0.188617	0	0.029159		300	0.00547608	0.000285368	-0.000142684	-0.000142684	0	0	0	0.00547608	0	-0.355028	-111.796	0	20.391	20.391	-1.5099e-14	5.32541	0	0	0	0	0	0	0	0	0	0	0	0	0	0	0	0	0	0	0	0	0	0	0	0	0	0	0	0	0	0	0	0	0	
1	1	1	126	3.78		300	0	0	0.0063	-0.00224356	-0.00224356	0	0	0	67.8718	-4.4539e-08	-4.45391e-08	0	0	0	0.221159	0.190847	0	0.0303126		300	0.00569272	0.000297091	-0.000148545	-0.000148545	0	0	0	0.00569272	0	-0.355028	-111.796	0	20.391	20.391	-1.5099e-14	5.32541	0	0	0	0	0	0	0	0	0	0	0	0	0	0	0	0	0	0	0	0	0	0	0	0	0	0	0	0	0	0	0	0	0	
1	1	1	127	3.81		300	0	0	0.00635	-0.00226283	-0.00226283	0	0	0	68.3013	-4.63009e-08	-4.63009e-08	0	0	0	0.224564	0.19307	0	0.0314934		300	0.00591447	0.000309106	-0.000154553	-0.000154553	0	0	0	0.00591447	0	-0.355028	-111.796	0	20.391	20.391	-1.5099e-14	5.32541	0	0	0	0	0	0	0	0	0	0	0	0	0	0	0	0	0	0	0	0	0	0	0	0	0	0	0	0	0	0	0	0	0	
1	1	1	128	3.84		300	0	0	0.0064	-0.00228213	-0.00228213	0	0	0	68.7275	-4.79599e-08	-4.79599e-08	0	0	0	0.227989	0.195288	0	0.0327014		300	0.00614131	0.000321414	-0.000160707	-0.000160707	0	0	0	0.00614131	0	-0.355028	-111.796	0	20.391	20.391	-1.5099e-14	5.32541	0	0	0	0	0	0	0	0	0	0	0	0	0	0	0	0	0	0	0	0	0	0	0	0	0	0	0	0	0	0	0	0	0	
1	1	1	129	3.87		300	0	0	0.00645	-0.00230149	-0.00230149	0	0	0	69.1503	-4.9513e-08	-4.95131e-08	0	0	0	0.231436	0.1975	0	0.0339365		300	0.00637325	0.000334015	-0.000167007	-0.000167007	0	0	0	0.00637325	0	-0.355028	-111.796	0	20.391	20.391	-1.5099e-14	5.32541	0	0	0	0	0	0	0	0	0	0	0	0	0	0	0	0	0	0	0	0	0	0	0	0	0	0	0	0	0	0	0	0	0	
1	1	1	130	3.9		300	0	0	0.0065	-0.00232088	-0.00232088	0	0	0	69.5699	-5.09579e-08	-5.09579e-08	0	0	0	0.234904	0.199706	0	0.0351986		300	0.00661025	0.000346908	-0.000173454	-0.000173454	0	0	0	0.00661025	0	-0.355028	-111.796	0	20.391	20.391	-1.5099e-14	5.32541	0	0	0	0	0	0	0	0	0	0	0	0	0	0	0	0	0	0	0	0	0	0	0	0	0	0	0	0	0	0	0	0	0	
1	1	1	131	3.93		300	0	0	0.00655	-0.00234032	-0.00234032	0	0	0	69.9861	-5.22924e-08	-5.22924e-08	0	0	0	0.238393	0.201905	0	0.0364877		300	0.00685233	0.000360094	-0.000180047	-0.000180047	0	0	0	0.00685233	0	-0.355028	-111.796	0	20.391	20.391	-1.5099e-14	5.32541	0	0	0	0	0	0	0	0	0	0	0	0	0	0	0	0	0	0	0	0	0	0	0	0	0	0	0	0	0	0	0	0	0	
1	1	1	132	3.96		300	0	0	0.0066	-0.00235981	-0.00235981	0	0	0	70.399	-5.3515e-08	-5.3515e-08	0	0	0	0.241903	0.204099	0	0.0378036		300	0.00709944	0.000373571	-0.000186786	-0.000186786	0	0	0	0.00709944	0	-0.355028	-111.796	0	20.391	20.391	-1.5099e-14	5.32541	0	0	0	0	0	0	0	0	0	0	0	0	0	0	0	0	0	0	0	0	0	0	0	0	0	0	0	0	0	0	0	0	0	
1	1	1	133	3.99		300	0	0	0.00665	-0.00237934	-0.00237934	0	0	0	70.8087	-5.46245e-08	-5.46245e-08	0	0	0	0.245433	0.206287	0	0.0391463		300	0.00735158	0.000387339	-0.00019367	-0.00019367	0	0	0	0.00735158	0	-0.355028	-111.796	0	20.391	20.391	-1.5099e-14	5.32541	0	0	0	0	0	0	0	0	0	0	0	0	0	0	0	0	0	0	0	0	0	0	0	0	0	0	0	0	0	0	0	0	0	
1	1	1	134	4.02		300	0	0	0.0067	-0.00239891	-0.00239891	0	0	0	71.2151	-5.56201e-08	-5.56202e-08	0	0	0	0.248983	0.208468	0	0.0405157		300	0.00760872	0.000401398	-0.000200699	-0.000200699	0	0	0	0.00760872	0	-0.355028	-111.796	0	20.391	20.391	-1.5099e-14	5.32541	0	0	0	0	0	0	0	0	0	0	0	0	0	0	0	0	0	0	0	0	0	0	0	0	0	0	0	0	0	0	0	0	0	
1	1	1	135	4.05		300	0	0	0.00675	-0.00241853	-0.00241853	0	0	0	71.6182	-5.65017e-08	-5.65017e-08	0	0	0	0.252554	0.210643	0	0.0419115		300	0.00787084	0.000415745	-0.000207873	-0.000207873	0	0	0	0.00787084	0	-0.355028	-111.796	0	20.391	20.391	-1.5099e-14	5.32541	0	0	0	0	0	0	0	0	0	0	0	0	0	0	0	0	0	0	0	0	0	0	0	0	0	0	0	0	0	0	0	0	0	
1	1	1	136	4.08		300	0	0	0.0068	-0.00243819	-0.00243819	0	0	0	72.018	-5.72693e-08	-5.72693e-08	0	0	0	0.256145	0.212812	0	0.0433337		300	0.0081379	0.000430381	-0.00021519	-0.00021519	0	0	0	0.0081379	0	-0.355028	-111.796	0	20.391	20.391	-1.5099e-14	5.32541	0	0	0	0	0	0	0	0	0	0	0	0	0	0	0	0	0	0	0	0	0	0	0	0	0	0	0	0	0	0	0	0	0	
1	1	1	137	4.11		300	0	0	0.00685	-0.00245789	-0.00245789	0	0	0	72.4146	-5.79234e-08	-5.79234e-08	0	0	0	0.259756	0.214974	0	0.0447821		300	0.00840989	0.000445303	-0.000222651	-0.000222651	0	0	0	0.00840989	0	-0.355028	-111.796	0	20.391	20.391	-1.5099e-14	5.32541	0	0	0	0	0	0	0	0	0	0	0	0	0	0	0	0	0	0	0	0	0	0	0	0	0	0	0	0	0	0	0	0	0	
1	1	1	138	4.14		300	0	0	0.0069	-0.00247764	-0.00247764	0	0	0	72.808	-5.84648e-08	-5.84648e-08	0	0	0	0.263387	0.21713	0	0.0462566		300	0.00868676	0.00046051	-0.000230255	-0.000230255	0	0	0	0.00868676	0	-0.355028	-111.796	0	20.391	20.391	-1.5099e-14	5.32541	0	0	0	0	0	0	0	0	0	0	0	0	0	0	0	0	0	0	0	0	0	0	0	0	0	0	0	0	0	0	0	0	0	
1	1	1	139	4.17		300	0	0	0.00695	-0.00249743	-0.00249743	0	0	0	73.1982	-5.88946e-08	-5.88946e-08	0	0	0	0.267037	0.21928	0	0.0477569		300	0.00896849	0.000476002	-0.000238001	-0.000238001	0	0	0	0.00896849	0	-0.355028	-111.796	0	20.391	20.391	-1.5099e-14	5.32541	0	0	0	0	0	0	0	0	0	0	0	0	0	0	0	0	0	0	0	0	0	0	0	0	0	0	0	0	0	0	0	0	0	
1	1	1	140	4.2		300	0	0	0.007	-0.00251726	-0.00251726	0	0	0	73.5852	-5.92144e-08	-5.92144e-08	0	0	0	0.270706	0.221423	0	0.0492829		300	0.00925505	0.000491776	-0.000245888	-0.000245888	0	0	0	0.00925505	0	-0.355028	-111.796	0	20.391	20.391	-1.5099e-14	5.32541	0	0	0	0	0	0	0	0	0	0	0	0	0	0	0	0	0	0	0	0	0	0	0	0	0	0	0	0	0	0	0	0	0	
1	1	1	141	4.23		300	0	0	0.00705	-0.00253713	-0.00253713	0	0	0	73.969	-5.94259e-08	-5.94259e-08	0	0	0	0.274395	0.223561	0	0.0508344		300	0.00954639	0.00050783	-0.000253915	-0.000253915	0	0	0	0.00954639	0	-0.355028	-111.796	0	20.391	20.391	-1.5099e-14	5.32541	0	0	0	0	0	0	0	0	0	0	0	0	0	0	0	0	0	0	0	0	0	0	0	0	0	0	0	0	0	0	0	0	0	
1	1	1	142	4.26		300	0	0	0.0071	-0.00255705	-0.00255705	0	0	0	74.3496	-5.9531e-08	-5.9531e-08	0	0	0	0.278103	0.225692	0	0.0524112		300	0.00984247	0.000524163	-0.000262082	-0.000262082	0	0	0	0.00984247	0	-0.355028	-111.796	0	20.391	20.391	-1.5099e-14	5.32541	0	0	0	0	0	0	0	0	0	0	0	0	0	0	0	0	0	0	0	0	0	0	0	0	0	0	0	0	0	0	0	0	0	
1	1	1	143	4.29		300	0	0	0.00715	-0.00257701	-0.00257701	0	0	0	74.7271	-5.9532e-08	-5.9532e-08	0	0	0	0.28183	0.227817	0	0.054013		300	0.0101433	0.000540774	-0.000270387	-0.000270387	0	0	0	0.0101433	0	-0.355028	-111.796	0	20.391	20.391	-1.5099e-14	5.32541	0	0	0	0	0	0	0	0	0	0	0	0	0	0	0	0	0	0	0	0	0	0	0	0	0	0	0	0	0	0	0	0	0	
1	1	1	144	4.32		300	0	0	0.0072	-0.00259701	-0.00259701	0	0	0	75.1016	-5.94313e-08	-5.94313e-08	0	0	0	0.285576	0.229936	0	0.0556397		300	0.0104487	0.000557659	-0.000278829	-0.000278829	0	0	0	0.0104487	0	-0.355028	-111.796	0	20.391	20.391	-1.5099e-14	5.32541	0	0	0	0	0	0	0	0	0	0	0	0	0	0	0	0	0	0	0	0	0	0	0	0	0	0	0	0	0	0	0	0	0	
1	1	1	145	4.35		300	0	0	0.00725	-0.00261705	-0.00261705	0	0	0	75.4729	-5.92316e-08	-5.92316e-08	0	0	0	0.28934	0.232049	0	0.0572911		300	0.0107588	0.000574817	-0.000287408	-0.000287408	0	0	0	0.0107588	0	-0.355028	-111.796	0	20.391	20.391	-1.5099e-14	5.32541	0	0	0	0	0	0	0	0	0	0	0	0	0	0	0	0	0	0	0	0	0	0	0	0	0	0	0	0	0	0	0	0	0	
1	1	1	146	4.38		300	0	0	0.0073	-0.00263713	-0.00263713	0	0	0	75.8411	-5.89356e-08	-5.89356e-08	0	0	0	0.293123	0.234156	0	0.0589669		300	0.0110735	0.000592245	-0.000296123	-0.000296123	0	0	0	0.0110735	0	-0.355028	-111.796	0	20.391	20.391	-1.5099e-14	5.32541	0	0	0	0	0	0	0	0	0	0	0	0	0	0	0	0	0	0	0	0	0	0	0	0	0	0	0	0	0	0	0	0	0	
1	1	1	147	4.41		300	0	0	0.00735	-0.00265725	-0.00265725	0	0	0	76.2064	-5.85462e-08	-5.85462e-08	0	0	0	0.296924	0.236257	0	0.0606668		300	0.0113927	0.000609943	-0.000304971	-0.000304971	0	0	0	0.0113927	0	-0.355028	-111.796	0	20.391	20.391	-1.5099e-14	5.32541	0	0	0	0	0	0	0	0	0	0	0	0	0	0	0	0	0	0	0	0	0	0	0	0	0	0	0	0	0	0	0	0	0	
1	1	1	148	4.44		300	0	0	0.0074	-0.00267741	-0.00267741	0	0	0	76.5686	-5.80665e-08	-5.80665e-08	0	0	0	0.300744	0.238353	0	0.0623907		300	0.0117164	0.000627906	-0.000313953	-0.000313953	0	0	0	0.0117164	0	-0.355028	-111.796	0	20.391	20.391	-1.5099e-14	5.32541	0	0	0	0	0	0	0	0	0	0	0	0	0	0	0	0	0	0	0	0	0	0	0	0	0	0	0	0	0	0	0	0	0	
1	1	1	149	4.47		300	0	0	0.00745	-0.00269762	-0.00269762	0	0	0	76.9278	-5.74996e-08	-5.74996e-08	0	0	0	0.304581	0.240443	0	0.0641384		300	0.0120446	0.000646134	-0.000323067	-0.000323067	0	0	0	0.0120446	0	-0.355028	-111.796	0	20.391	20.391	-1.5099e-14	5.32541	0	0	0	0	0	0	0	0	0	0	0	0	0	0	0	0	0	0	0	0	0	0	0	0	0	0	0	0	0	0	0	0	0	
1	1	1	150	4.5		300	0	0	0.0075	-0.00271786	-0.00271786	0	0	0	77.2841	-5.68487e-08	-5.68487e-08	0	0	0	0.308436	0.242527	0	0.0659094		300	0.0123771	0.000664623	-0.000332311	-0.000332311	0	0	0	0.0123771	0	-0.355028	-111.796	0	20.391	20.391	-1.5099e-14	5.32541	0	0	0	0	0	0	0	0	0	0	0	0	0	0	0	0	0	0	0	0	0	0	0	0	0	0	0	0	0	0	0	0	0	
1	1	1	151	4.53		300	0	0	0.00755	-0.00273814	-0.00273814	0	0	0	77.6375	-5.61171e-08	-5.61171e-08	0	0	0	0.312309	0.244606	0	0.0677037		300	0.0127141	0.000683371	-0.000341686	-0.000341686	0	0	0	0.0127141	0	-0.355028	-111.796	0	20.391	20.391	-1.5099e-14	5.32541	0	0	0	0	0	0	0	0	0	0	0	0	0	0	0	0	0	0	0	0	0	0	0	0	0	0	0	0	0	0	0	0	0	
1	1	1	152	4.56		300	0	0	0.0076	-0.00275846	-0.00275846	0	0	0	77.9879	-5.53081e-08	-5.53081e-08	0	0	0	0.3162	0.246679	0	0.069521		300	0.0130553	0.000702376	-0.000351188	-0.000351188	0	0	0	0.0130553	0	-0.355028	-111.796	0	20.391	20.391	-1.5099e-14	5.32541	0	0	0	0	0	0	0	0	0	0	0	0	0	0	0	0	0	0	0	0	0	0	0	0	0	0	0	0	0	0	0	0	0	
1	1	1	153	4.59		300	0	0	0.00765	-0.00277882	-0.00277882	0	0	0	78.3355	-5.4425e-08	-5.4425e-08	0	0	0	0.320108	0.248747	0	0.071361		300	0.0134008	0.000721636	-0.000360818	-0.000360818	0	0	0	0.0134008	0	-0.355028	-111.796	0	20.391	20.391	-1.5099e-14	5.32541	0	0	0	0	0	0	0	0	0	0	0	0	0	0	0	0	0	0	0	0	0	0	0	0	0	0	0	0	0	0	0	0	0	
1	1	1	154	4.62		300	0	0	0.0077	-0.00279921	-0.00279921	0	0	0	78.6802	-5.34712e-08	-5.34712e-08	0	0	0	0.324033	0.25081	0	0.0732234		300	0.0137505	0.000741147	-0.000370574	-0.000370574	0	0	0	0.0137505	0	-0.355028	-111.796	0	20.391	20.391	-1.5099e-14	5.32541	0	0	0	0	0	0	0	0	0	0	0	0	0	0	0	0	0	0	0	0	0	0	0	0	0	0	0	0	0	0	0	0	0	
1	1	1	155	4.65		300	0	0	0.00775	-0.00281965	-0.00281965	0	0	0	79.0221	-5.24501e-08	-5.24501e-08	0	0	0	0.327976	0.252868	0	0.075108		300	0.0141044	0.000760908	-0.000380454	-0.000380454	0	0	0	0.0141044	0	-0.355028	-111.796	0	20.391	20.391	-1.5099e-14	5.32541	0	0	0	0	0	0	0	0	0	0	0	0	0	0	0	0	0	0	0	0	0	0	0	0	0	0	0	0	0	0	0	0	0	
1	1	1	156	4.68		300	0	0	0.0078	-0.00284012	-0.00284012	0	0	0	79.3612	-5.13649e-08	-5.13649e-08	0	0	0	0.331936	0.254921	0	0.0770146		300	0.0144624	0.000780915	-0.000390457	-0.000390457	0	0	0	0.0144624	0	-0.355028	-111.796	0	20.391	20.391	-1.5099e-14	5.32541	0	0	0	0	0	0	0	0	0	0	0	0	0	0	0	0	0	0	0	0	0	0	0	0	0	0	0	0	0	0	0	0	0	
1	1	1	157	4.71		300	0	0	0.00785	-0.00286063	-0.00286063	0	0	0	79.6976	-5.0219e-08	-5.0219e-08	0	0	0	0.335912	0.256969	0	0.0789428		300	0.0148245	0.000801166	-0.000400583	-0.000400583	0	0	0	0.0148245	0	-0.355028	-111.796	0	20.391	20.391	-1.5099e-14	5.32541	0	0	0	0	0	0	0	0	0	0	0	0	0	0	0	0	0	0	0	0	0	0	0	0	0	0	0	0	0	0	0	0	0	
1	1	1	158	4.74		300	0	0	0.0079	-0.00288117	-0.00288117	0	0	0	80.0312	-4.90157e-08	-4.90157e-08	0	0	0	0.339905	0.259013	0	0.0808925		300	0.0151905	0.000821658	-0.000410829	-0.000410829	0	0	0	0.0151905	0	-0.355028	-111.796	0	20.391	20.391	-1.5099e-14	5.32541	0	0	0	0	0	0	0	0	0	0	0	0	0	0	0	0	0	0	0	0	0	0	0	0	0	0	0	0	0	0	0	0	0	
1	1	1	159	4.77		300	0	0	0.00795	-0.00290175	-0.00290175	0	0	0	80.3621	-4.77581e-08	-4.77581e-08	0	0	0	0.343915	0.261052	0	0.0828634		300	0.0155606	0.00084239	-0.000421195	-0.000421195	0	0	0	0.0155606	0	-0.355028	-111.796	0	20.391	20.391	-1.5099e-14	5.32541	0	0	0	0	0	0	0	0	0	0	0	0	0	0	0	0	0	0	0	0	0	0	0	0	0	0	0	0	0	0	0	0	0	
1	1	1	160	4.8		300	0	0	0.008	-0.00292237	-0.00292237	0	0	0	80.6904	-4.64496e-08	-4.64496e-08	0	0	0	0.347941	0.263086	0	0.0848551		300	0.0159346	0.000863358	-0.000431679	-0.000431679	0	0	0	0.0159346	0	-0.355028	-111.796	0	20.391	20.391	-1.5099e-14	5.32541	0	0	0	0	0	0	0	0	0	0	0	0	0	0	0	0	0	0	0	0	0	0	0	0	0	0	0	0	0	0	0	0	0	
1	1	1	161	4.83		300	0	0	0.00805	-0.00294302	-0.00294302	0	0	0	81.016	-4.50932e-08	-4.50932e-08	0	0	0	0.351984	0.265117	0	0.0868675		300	0.0163125	0.000884559	-0.000442279	-0.000442279	0	0	0	0.0163125	0	-0.355028	-111.796	0	20.391	20.391	-1.5099e-14	5.32541	0	0	0	0	0	0	0	0	0	0	0	0	0	0	0	0	0	0	0	0	0	0	0	0	0	0	0	0	0	0	0	0	0	
1	1	1	162	4.86		300	0	0	0.0081	-0.0029637	-0.0029637	0	0	0	81.339	-4.36919e-08	-4.36919e-08	0	0	0	0.356043	0.267143	0	0.0889003		300	0.0166942	0.000905991	-0.000452996	-0.000452996	0	0	0	0.0166942	0	-0.355028	-111.796	0	20.391	20.391	-1.5099e-14	5.32541	0	0	0	0	0	0	0	0	0	0	0	0	0	0	0	0	0	0	0	0	0	0	0	0	0	0	0	0	0	0	0	0	0	
1	1	1	163	4.89		300	0	0	0.00815	-0.00298443	-0.00298443	0	0	0	81.6594	-4.22488e-08	-4.22488e-08	0	0	0	0.360118	0.269165	0	0.0909532		300	0.0170796	0.000927651	-0.000463826	-0.000463826	0	0	0	0.0170796	0	-0.355028	-111.796	0	20.391	20.391	-1.5099e-14	5.32541	0	0	0	0	0	0	0	0	0	0	0	0	0	0	0	0	0	0	0	0	0	0	0	0	0	0	0	0	0	0	0	0	0	
1	1	1	164	4.92		300	0	0	0.0082	-0.00300518	-0.00300518	0	0	0	81.9773	-4.07667e-08	-4.07667e-08	0	0	0	0.364209	0.271183	0	0.093026		300	0.0174688	0.000949538	-0.000474769	-0.000474769	0	0	0	0.0174688	0	-0.355028	-111.796	0	20.391	20.391	-1.5099e-14	5.32541	0	0	0	0	0	0	0	0	0	0	0	0	0	0	0	0	0	0	0	0	0	0	0	0	0	0	0	0	0	0	0	0	0	
1	1	1	165	4.95		300	0	0	0.00825	-0.00302597	-0.00302597	0	0	0	82.2926	-3.92485e-08	-3.92485e-08	0	0	0	0.368316	0.273197	0	0.0951184		300	0.0178617	0.000971647	-0.000485823	-0.000485823	0	0	0	0.0178617	0	-0.355028	-111.796	0	20.391	20.391	-1.5099e-14	5.32541	0	0	0	0	0	0	0	0	0	0	0	0	0	0	0	0	0	0	0	0	0	0	0	0	0	0	0	0	0	0	0	0	0	
1	1	1	166	4.98		300	0	0	0.0083	-0.00304679	-0.00304679	0	0	0	82.6055	-3.76969e-08	-3.76969e-08	0	0	0	0.372438	0.275208	0	0.0972301		300	0.0182582	0.000993976	-0.000496988	-0.000496988	0	0	0	0.0182582	0	-0.355028	-111.796	0	20.391	20.391	-1.5099e-14	5.32541	0	0	0	0	0	0	0	0	0	0	0	0	0	0	0	0	0	0	0	0	0	0	0	0	0	0	0	0	0	0	0	0	0	
1	1	1	167	5.01		300	0	0	0.00835	-0.00306765	-0.00306765	0	0	0	82.9159	-3.61147e-08	-3.61147e-08	0	0	0	0.376576	0.277215	0	0.099361		300	0.0186583	0.00101652	-0.000508262	-0.000508262	0	0	0	0.0186583	0	-0.355028	-111.796	0	20.391	20.391	-1.5099e-14	5.32541	0	0	0	0	0	0	0	0	0	0	0	0	0	0	0	0	0	0	0	0	0	0	0	0	0	0	0	0	0	0	0	0	0	
1	1	1	168	5.04		300	0	0	0.0084	-0.00308853	-0.00308853	0	0	0	83.2238	-3.45043e-08	-3.45043e-08	0	0	0	0.38073	0.279219	0	0.101511		300	0.019062	0.00103929	-0.000519643	-0.000519643	0	0	0	0.019062	0	-0.355028	-111.796	0	20.391	20.391	-1.5099e-14	5.32541	0	0	0	0	0	0	0	0	0	0	0	0	0	0	0	0	0	0	0	0	0	0	0	0	0	0	0	0	0	0	0	0	0	
1	1	1	169	5.07		300	0	0	0.00845	-0.00310945	-0.00310945	0	0	0	83.5294	-3.28682e-08	-3.28682e-08	0	0	0	0.384898	0.281219	0	0.103679		300	0.0194691	0.00106226	-0.00053113	-0.00053113	0	0	0	0.0194691	0	-0.355028	-111.796	0	20.391	20.391	-1.5099e-14	5.32541	0	0	0	0	0	0	0	0	0	0	0	0	0	0	0	0	0	0	0	0	0	0	0	0	0	0	0	0	0	0	0	0	0	
1	1	1	170	5.1		300	0	0	0.0085	-0.0031304	-0.0031304	0	0	0	83.8326	-3.1209e-08	-3.1209e-08	0	0	0	0.389082	0.283217	0	0.105866		300	0.0198797	0.00108545	-0.000542723	-0.000542723	0	0	0	0.0198797	0	-0.355028	-111.796	0	20.391	20.391	-1.5099e-14	5.32541	0	0	0	0	0	0	0	0	0	0	0	0	0	0	0	0	0	0	0	0	0	0	0	0	0	0	0	0	0	0	0	0	0	
1	1	1	171	5.13		300	0	0	0.00855	-0.00315138	-0.00315138	0	0	0	84.1334	-2.95288e-08	-2.95288e-08	0	0	0	0.393282	0.285211	0	0.10807		300	0.0202937	0.00110884	-0.000554419	-0.000554419	0	0	0	0.0202937	0	-0.355028	-111.796	0	20.391	20.391	-1.5099e-14	5.32541	0	0	0	0	0	0	0	0	0	0	0	0	0	0	0	0	0	0	0	0	0	0	0	0	0	0	0	0	0	0	0	0	0	
1	1	1	172	5.16		300	0	0	0.0086	-0.0031724	-0.0031724	0	0	0	84.4319	-2.78298e-08	-2.78298e-08	0	0	0	0.397496	0.287203	0	0.110293		300	0.020711	0.00113243	-0.000566217	-0.000566217	0	0	0	0.020711	0	-0.355028	-111.796	0	20.391	20.391	-1.5099e-14	5.32541	0	0	0	0	0	0	0	0	0	0	0	0	0	0	0	0	0	0	0	0	0	0	0	0	0	0	0	0	0	0	0	0	0	
1	1	1	173	5.19		300	0	0	0.00865	-0.00319344	-0.00319344	0	0	0	84.7282	-2.61143e-08	-2.61143e-08	0	0	0	0.401725	0.289191	0	0.112533		300	0.0211317	0.00115623	-0.000578117	-0.000578117	0	0	0	0.0211317	0	-0.355028	-111.796	0	20.391	20.391	-1.5099e-14	5.32541	0	0	0	0	0	0	0	0	0	0	0	0	0	0	0	0	0	0	0	0	0	0	0	0	0	0	0	0	0	0	0	0	0	
1	1	1	174	5.22		300	0	0	0.0087	-0.00321452	-0.00321452	0	0	0	85.0222	-2.43842e-08	-2.43842e-08	0	0	0	0.405968	0.291177	0	0.114791		300	0.0215556	0.00118023	-0.000590116	-0.000590116	0	0	0	0.0215556	0	-0.355028	-111.796	0	20.391	20.391	-1.5099e-14	5.32541	0	0	0	0	0	0	0	0	0	0	0	0	0	0	0	0	0	0	0	0	0	0	0	0	0	0	0	0	0	0	0	0	0	
1	1	1	175	5.25		300	0	0	0.00875	-0.00323562	-0.00323562	0	0	0	85.3139	-2.26415e-08	-2.26415e-08	0	0	0	0.410227	0.293161	0	0.117066		300	0.0219827	0.00120443	-0.000602214	-0.000602214	0	0	0	0.0219827	0	-0.355028	-111.796	0	20.391	20.391	-1.5099e-14	5.32541	0	0	0	0	0	0	0	0	0	0	0	0	0	0	0	0	0	0	0	0	0	0	0	0	0	0	0	0	0	0	0	0	0	
1	1	1	176	5.28		300	0	0	0.0088	-0.00325675	-0.00325675	0	0	0	85.6035	-2.0888e-08	-2.0888e-08	0	0	0	0.4145	0.295142	0	0.119357		300	0.022413	0.00122882	-0.00061441	-0.00061441	0	0	0	0.022413	0	-0.355028	-111.796	0	20.391	20.391	-1.5099e-14	5.32541	0	0	0	0	0	0	0	0	0	0	0	0	0	0	0	0	0	0	0	0	0	0	0	0	0	0	0	0	0	0	0	0	0	
1	1	1	177	5.31		300	0	0	0.00885	-0.00327791	-0.00327791	0	0	0	85.8908	-1.91256e-08	-1.91256e-08	0	0	0	0.418787	0.297121	0	0.121666		300	0.0228464	0.0012534	-0.000626701	-0.000626701	0	0	0	0.0228464	0	-0.355028	-111.796	0	20.391	20.391	-1.5099e-14	5.32541	0	0	0	0	0	0	0	0	0	0	0	0	0	0	0	0	0	0	0	0	0	0	0	0	0	0	0	0	0	0	0	0	0	
1	1	1	178	5.34		300	0	0	0.0089	-0.0032991	-0.0032991	0	0	0	86.1761	-1.73559e-08	-1.73559e-08	0	0	0	0.423089	0.299098	0	0.123991		300	0.0232829	0.00127818	-0.000639088	-0.000639088	0	0	0	0.0232829	0	-0.355028	-111.796	0	20.391	20.391	-1.5099e-14	5.32541	0	0	0	0	0	0	0	0	0	0	0	0	0	0	0	0	0	0	0	0	0	0	0	0	0	0	0	0	0	0	0	0	0	
1	1	1	179	5.37		300	0	0	0.00895	-0.00332032	-0.00332032	0	0	0	86.4592	-1.55805e-08	-1.55805e-08	0	0	0	0.427405	0.301073	0	0.126332		300	0.0237225	0.00130314	-0.000651568	-0.000651568	0	0	0	0.0237225	0	-0.355028	-111.796	0	20.391	20.391	-1.5099e-14	5.32541	0	0	0	0	0	0	0	0	0	0	0	0	0	0	0	0	0	0	0	0	0	0	0	0	0	0	0	0	0	0	0	0	0	
1	1	1	180	5.4		300	0	0	0.009	-0.00334157	-0.00334157	0	0	0	86.7402	-1.3801e-08	-1.3801e-08	0	0	0	0.431735	0.303046	0	0.128689		300	0.024165	0.00132828	-0.000664141	-0.000664141	0	0	0	0.024165	0	-0.355028	-111.796	0	20.391	20.391	-1.5099e-14	5.32541	0	0	0	0	0	0	0	0	0	0	0	0	0	0	0	0	0	0	0	0	0	0	0	0	0	0	0	0	0	0	0	0	0	
1	1	1	181	5.43		300	0	0	0.00905	-0.00336285	-0.00336285	0	0	0	87.0191	-1.20188e-08	-1.20188e-08	0	0	0	0.436079	0.305017	0	0.131061		300	0.0246106	0.00135361	-0.000676805	-0.000676805	0	0	0	0.0246106	0	-0.355028	-111.796	0	20.391	20.391	-1.5099e-14	5.32541	0	0	0	0	0	0	0	0	0	0	0	0	0	0	0	0	0	0	0	0	0	0	0	0	0	0	0	0	0	0	0	0	0	
1	1	1	182	5.46		300	0	0	0.0091	-0.00338415	-0.00338415	0	0	0	87.2961	-1.02354e-08	-1.02354e-08	0	0	0	0.440437	0.306987	0	0.13345		300	0.025059	0.00137912	-0.000689559	-0.000689559	0	0	0	0.025059	0	-0.355028	-111.796	0	20.391	20.391	-1.5099e-14	5.32541	0	0	0	0	0	0	0	0	0	0	0	0	0	0	0	0	0	0	0	0	0	0	0	0	0	0	0	0	0	0	0	0	0	
1	1	1	183	5.49		300	0	0	0.00915	-0.00340548	-0.00340548	0	0	0	87.571	-8.45187e-09	-8.45188e-09	0	0	0	0.444808	0.308955	0	0.135853		300	0.0255103	0.0014048	-0.000702402	-0.000702402	0	0	0	0.0255103	0	-0.355028	-111.796	0	20.391	20.391	-1.5099e-14	5.32541	0	0	0	0	0	0	0	0	0	0	0	0	0	0	0	0	0	0	0	0	0	0	0	0	0	0	0	0	0	0	0	0	0	
1	1	1	184	5.52		300	0	0	0.0092	-0.00342683	-0.00342683	0	0	0	87.8439	-6.66961e-09	-6.66961e-09	0	0	0	0.449194	0.310921	0	0.138272		300	0.0259645	0.00143067	-0.000715333	-0.000715333	0	0	0	0.0259645	0	-0.355028	-111.796	0	20.391	20.391	-1.5099e-14	5.32541	0	0	0	0	0	0	0	0	0	0	0	0	0	0	0	0	0	0	0	0	0	0	0	0	0	0	0	0	0	0	0	0	0	
1	1	1	185	5.55		300	0	0	0.00925	-0.00344821	-0.00344821	0	0	0	88.1148	-4.88979e-09	-4.88979e-09	0	0	0	0.453593	0.312887	0	0.140706		300	0.0264214	0.0014567	-0.000728351	-0.000728351	0	0	0	0.0264214	0	-0.355028	-111.796	0	20.391	20.391	-1.5099e-14	5.32541	0	0	0	0	0	0	0	0	0	0	0	0	0	0	0	0	0	0	0	0	0	0	0	0	0	0	0	0	0	0	0	0	0	
1	1	1	186	5.58		300	0	0	0.0093	-0.00346962	-0.00346962	0	0	0	88.3838	-3.11339e-09	-3.11339e-09	0	0	0	0.458005	0.314851	0	0.143154		300	0.0268811	0.00148291	-0.000741454	-0.000741454	0	0	0	0.0268811	0	-0.355028	-111.796	0	20.391	20.391	-1.5099e-14	5.32541	0	0	0	0	0	0	0	0	0	0	0	0	0	0	0	0	0	0	0	0	0	0	0	0	0	0	0	0	0	0	0	0	0	
1	1	1	187	5.61		300	0	0	0.00935	-0.00349105	-0.00349105	0	0	0	88.651	-1.34156e-09	-1.34156e-09	0	0	0	0.462431	0.316814	0	0.145617		300	0.0273436	0.00150928	-0.000754642	-0.000754642	0	0	0	0.0273436	0	-0.355028	-111.796	0	20.391	20.391	-1.5099e-14	5.32541	0	0	0	0	0	0	0	0	0	0	0	0	0	0	0	0	0	0	0	0	0	0	0	0	0	0	0	0	0	0	0	0	0	
1	1	1	188	5.64		300	0	0	0.0094	-0.00351251	-0.00351251	0	0	0	88.9162	4.24784e-10	4.24784e-10	0	0	0	0.46687	0.318776	0	0.148094		300	0.0278087	0.00153583	-0.000767914	-0.000767914	0	0	0	0.0278087	0	-0.355028	-111.796	0	20.391	20.391	-1.5099e-14	5.32541	0	0	0	0	0	0	0	0	0	0	0	0	0	0	0	0	0	0	0	0	0	0	0	0	0	0	0	0	0	0	0	0	0	
1	1	1	189	5.67		300	0	0	0.00945	-0.00353399	-0.00353399	0	0	0	89.1795	2.18471e-09	2.1847e-09	0	0	0	0.471322	0.320737	0	0.150586		300	0.0282765	0.00156253	-0.000781267	-0.000781267	0	0	0	0.0282765	0	-0.355028	-111.796	0	20.391	20.391	-1.5099e-14	5.32541	0	0	0	0	0	0	0	0	0	0	0	0	0	0	0	0	0	0	0	0	0	0	0	0	0	0	0	0	0	0	0	0	0	
1	1	1	190	5.7		300	0	0	0.0095	-0.0035555	-0.0035555	0	0	0	89.4411	3.93741e-09	3.93739e-09	0	0	0	0.475788	0.322697	0	0.153091		300	0.0287468	0.0015894	-0.000794702	-0.000794702	0	0	0	0.0287468	0	-0.355028	-111.796	0	20.391	20.391	-1.5099e-14	5.32541	0	0	0	0	0	0	0	0	0	0	0	0	0	0	0	0	0	0	0	0	0	0	0	0	0	0	0	0	0	0	0	0	0	
1	1	1	191	5.73		300	0	0	0.00955	-0.00357703	-0.00357703	0	0	0	89.7008	5.68205e-09	5.68204e-09	0	0	0	0.480267	0.324657	0	0.15561		300	0.0292198	0.00161643	-0.000808217	-0.000808217	0	0	0	0.0292198	0	-0.355028	-111.796	0	20.391	20.391	-1.5099e-14	5.32541	0	0	0	0	0	0	0	0	0	0	0	0	0	0	0	0	0	0	0	0	0	0	0	0	0	0	0	0	0	0	0	0	0	
1	1	1	192	5.76		300	0	0	0.0096	-0.00359859	-0.00359859	0	0	0	89.9587	7.4179e-09	7.41789e-09	0	0	0	0.484758	0.326616	0	0.158142		300	0.0296953	0.00164362	-0.000821812	-0.000821812	0	0	0	0.0296953	0	-0.355028	-111.796	0	20.391	20.391	-1.5099e-14	5.32541	0	0	0	0	0	0	0	0	0	0	0	0	0	0	0	0	0	0	0	0	0	0	0	0	0	0	0	0	0	0	0	0	0	
1	1	1	193	5.79		300	0	0	0.00965	-0.00362017	-0.00362017	0	0	0	90.2148	9.14428e-09	9.14427e-09	0	0	0	0.489262	0.328574	0	0.160688		300	0.0301732	0.00167097	-0.000835484	-0.000835484	0	0	0	0.0301732	0	-0.355028	-111.796	0	20.391	20.391	-1.5099e-14	5.32541	0	0	0	0	0	0	0	0	0	0	0	0	0	0	0	0	0	0	0	0	0	0	0	0	0	0	0	0	0	0	0	0	0	
1	1	1	194	5.82		300	0	0	0.0097	-0.00364177	-0.00364177	0	0	0	90.4692	1.08605e-08	1.08605e-08	0	0	0	0.493779	0.330533	0	0.163247		300	0.0306537	0.00169847	-0.000849234	-0.000849234	0	0	0	0.0306537	0	-0.355028	-111.796	0	20.391	20.391	-1.5099e-14	5.32541	0	0	0	0	0	0	0	0	0	0	0	0	0	0	0	0	0	0	0	0	0	0	0	0	0	0	0	0	0	0	0	0	0	
1	1	1	195	5.85		300	0	0	0.00975	-0.00366339	-0.00366339	0	0	0	90.7219	1.25661e-08	1.2566e-08	0	0	0	0.498309	0.332491	0	0.165819		300	0.0311366	0.00172612	-0.00086306	-0.00086306	0	0	0	0.0311366	0	-0.355028	-111.796	0	20.391	20.391	-1.5099e-14	5.32541	0	0	0	0	0	0	0	0	0	0	0	0	0	0	0	0	0	0	0	0	0	0	0	0	0	0	0	0	0	0	0	0	0	
1	1	1	196	5.88		300	0	0	0.0098	-0.00368504	-0.00368504	0	0	0	90.9729	1.42603e-08	1.42602e-08	0	0	0	0.502852	0.334448	0	0.168403		300	0.0316219	0.00175392	-0.000876961	-0.000876961	0	0	0	0.0316219	0	-0.355028	-111.796	0	20.391	20.391	-1.5099e-14	5.32541	0	0	0	0	0	0	0	0	0	0	0	0	0	0	0	0	0	0	0	0	0	0	0	0	0	0	0	0	0	0	0	0	0	
1	1	1	197	5.91		300	0	0	0.00985	-0.00370671	-0.00370671	0	0	0	91.2222	1.59427e-08	1.59427e-08	0	0	0	0.507406	0.336406	0	0.171001		300	0.0321095	0.00178187	-0.000890936	-0.000890936	0	0	0	0.0321095	0	-0.355028	-111.796	0	20.391	20.391	-1.5099e-14	5.32541	0	0	0	0	0	0	0	0	0	0	0	0	0	0	0	0	0	0	0	0	0	0	0	0	0	0	0	0	0	0	0	0	0	
1	1	1	198	5.94		300	0	0	0.0099	-0.00372841	-0.00372841	0	0	0	91.4698	1.76129e-08	1.76129e-08	0	0	0	0.511974	0.338364	0	0.17361		300	0.0325995	0.00180997	-0.000904985	-0.000904985	0	0	0	0.0325995	0	-0.355028	-111.796	0	20.391	20.391	-1.5099e-14	5.32541	0	0	0	0	0	0	0	0	0	0	0	0	0	0	0	0	0	0	0	0	0	0	0	0	0	0	0	0	0	0	0	0	0	
1	1	1	199	5.97		300	0	0	0.00995	-0.00375012	-0.00375012	0	0	0	91.7158	1.92704e-08	1.92704e-08	0	0	0	0.516553	0.340321	0	0.176232		300	0.0330918	0.00183821	-0.000919105	-0.000919105	0	0	0	0.0330918	0	-0.355028	-111.796	0	20.391	20.391	-1.5099e-14	5.32541	0	0	0	0	0	0	0	0	0	0	0	0	0	0	0	0	0	0	0	0	0	0	0	0	0	0	0	0	0	0	0	0	0	
1	1	1	200	6		300	0	0	0.01	-0.00377186	-0.00377186	0	0	0	91.9602	2.09148e-08	2.09148e-08	0	0	0	0.521145	0.342279	0	0.178866		300	0.0335863	0.00186659	-0.000933297	-0.000933297	0	0	0	0.0335863	0	-0.355028	-111.796	0	20.391	20.391	-1.5099e-14	5.32541	0	0	0	0	0	0	0	0	0	0	0	0	0	0	0	0	0	0	0	0	0	0	0	0	0	0	0	0	0	0	0	0	0	
1	1	1	201	6.03		300	0	0	0.01005	-0.00379361	-0.00379361	0	0	0	92.2031	2.25458e-08	2.25458e-08	0	0	0	0.525749	0.344238	0	0.181512		300	0.0340831	0.00189512	-0.00094756	-0.00094756	0	0	0	0.0340831	0	-0.355028	-111.796	0	20.391	20.391	-1.5099e-14	5.32541	0	0	0	0	0	0	0	0	0	0	0	0	0	0	0	0	0	0	0	0	0	0	0	0	0	0	0	0	0	0	0	0	0	
1	1	1	202	6.06		300	0	0	0.0101	-0.00381539	-0.00381539	0	0	0	92.4443	2.4163e-08	2.41629e-08	0	0	0	0.530366	0.346196	0	0.18417		300	0.0345821	0.00192378	-0.000961892	-0.000961892	0	0	0	0.0345821	0	-0.355028	-111.796	0	20.391	20.391	-1.5099e-14	5.32541	0	0	0	0	0	0	0	0	0	0	0	0	0	0	0	0	0	0	0	0	0	0	0	0	0	0	0	0	0	0	0	0	0	
1	1	1	203	6.09		300	0	0	0.01015	-0.00383719	-0.00383719	0	0	0	92.684	2.57661e-08	2.5766e-08	0	0	0	0.534994	0.348155	0	0.186839		300	0.0350832	0.00195259	-0.000976293	-0.000976293	0	0	0	0.0350832	0	-0.355028	-111.796	0	20.391	20.391	-1.5099e-14	5.32541	0	0	0	0	0	0	0	0	0	0	0	0	0	0	0	0	0	0	0	0	0	0	0	0	0	0	0	0	0	0	0	0	0	
1	1	1	204	6.12		300	0	0	0.0102	-0.00385901	-0.00385901	0	0	0	92.9221	2.73548e-08	2.73548e-08	0	0	0	0.539634	0.350115	0	0.189519		300	0.0355865	0.00198152	-0.000990762	-0.000990762	0	0	0	0.0355865	0	-0.355028	-111.796	0	20.391	20.391	-1.5099e-14	5.32541	0	0	0	0	0	0	0	0	0	0	0	0	0	0	0	0	0	0	0	0	0	0	0	0	0	0	0	0	0	0	0	0	0	
1	1	1	205	6.15		300	0	0	0.01025	-0.00388085	-0.00388085	0	0	0	93.1587	2.89291e-08	2.8929e-08	0	0	0	0.544286	0.352075	0	0.192211		300	0.036092	0.00201059	-0.0010053	-0.0010053	0	0	0	0.036092	0	-0.355028	-111.796	0	20.391	20.391	-1.5099e-14	5.32541	0	0	0	0	0	0	0	0	0	0	0	0	0	0	0	0	0	0	0	0	0	0	0	0	0	0	0	0	0	0	0	0	0	
1	1	1	206	6.18		300	0	0	0.0103	-0.00390271	-0.00390271	0	0	0	93.3939	3.04885e-08	3.04884e-08	0	0	0	0.54895	0.354035	0	0.194914		300	0.0365995	0.0020398	-0.0010199	-0.0010199	0	0	0	0.0365995	0	-0.355028	-111.796	0	20.391	20.391	-1.5099e-14	5.32541	0	0	0	0	0	0	0	0	0	0	0	0	0	0	0	0	0	0	0	0	0	0	0	0	0	0	0	0	0	0	0	0	0	
1	1	1	207	6.21		300	0	0	0.01035	-0.00392459	-0.00392459	0	0	0	93.6275	3.20329e-08	3.20329e-08	0	0	0	0.553625	0.355997	0	0.197628		300	0.037109	0.00206913	-0.00103457	-0.00103457	0	0	0	0.037109	0	-0.355028	-111.796	0	20.391	20.391	-1.5099e-14	5.32541	0	0	0	0	0	0	0	0	0	0	0	0	0	0	0	0	0	0	0	0	0	0	0	0	0	0	0	0	0	0	0	0	0	
1	1	1	208	6.24		300	0	0	0.0104	-0.00394649	-0.00394649	0	0	0	93.8597	3.35623e-08	3.35622e-08	0	0	0	0.558313	0.357959	0	0.200353		300	0.0376206	0.00209859	-0.0010493	-0.0010493	0	0	0	0.0376206	0	-0.355028	-111.796	0	20.391	20.391	-1.5099e-14	5.32541	0	0	0	0	0	0	0	0	0	0	0	0	0	0	0	0	0	0	0	0	0	0	0	0	0	0	0	0	0	0	0	0	0	
1	1	1	209	6.27		300	0	0	0.01045	-0.00396841	-0.00396841	0	0	0	94.0905	3.50763e-08	3.50763e-08	0	0	0	0.563011	0.359923	0	0.203089		300	0.0381343	0.00212818	-0.00106409	-0.00106409	0	0	0	0.0381343	0	-0.355028	-111.796	0	20.391	20.391	-1.5099e-14	5.32541	0	0	0	0	0	0	0	0	0	0	0	0	0	0	0	0	0	0	0	0	0	0	0	0	0	0	0	0	0	0	0	0	0	
1	1	1	210	6.3		300	0	0	0.0105	-0.00399034	-0.00399034	0	0	0	94.3198	3.6575e-08	3.65749e-08	0	0	0	0.567722	0.361887	0	0.205835		300	0.0386498	0.0021579	-0.00107895	-0.00107895	0	0	0	0.0386498	0	-0.355028	-111.796	0	20.391	20.391	-1.5099e-14	5.32541	0	0	0	0	0	0	0	0	0	0	0	0	0	0	0	0	0	0	0	0	0	0	0	0	0	0	0	0	0	0	0	0	0	
1	1	1	211	6.33		300	0	0	0.01055	-0.0040123	-0.0040123	0	0	0	94.5478	3.80582e-08	3.80581e-08	0	0	0	0.572443	0.363852	0	0.208591		300	0.0391674	0.00218774	-0.00109387	-0.00109387	0	0	0	0.0391674	0	-0.355028	-111.796	0	20.391	20.391	-1.5099e-14	5.32541	0	0	0	0	0	0	0	0	0	0	0	0	0	0	0	0	0	0	0	0	0	0	0	0	0	0	0	0	0	0	0	0	0	
1	1	1	212	6.36		300	0	0	0.0106	-0.00403427	-0.00403427	0	0	0	94.7743	3.95258e-08	3.95257e-08	0	0	0	0.577176	0.365818	0	0.211358		300	0.0396868	0.0022177	-0.00110885	-0.00110885	0	0	0	0.0396868	0	-0.355028	-111.796	0	20.391	20.391	-1.5099e-14	5.32541	0	0	0	0	0	0	0	0	0	0	0	0	0	0	0	0	0	0	0	0	0	0	0	0	0	0	0	0	0	0	0	0	0	
1	1	1	213	6.39		300	0	0	0.01065	-0.00405627	-0.00405627	0	0	0	94.9995	4.09777e-08	4.09777e-08	0	0	0	0.581921	0.367786	0	0.214135		300	0.0402082	0.00224779	-0.00112389	-0.00112389	0	0	0	0.0402082	0	-0.355028	-111.796	0	20.391	20.391	-1.5099e-14	5.32541	0	0	0	0	0	0	0	0	0	0	0	0	0	0	0	0	0	0	0	0	0	0	0	0	0	0	0	0	0	0	0	0	0	
1	1	1	214	6.42		300	0	0	0.0107	-0.00407828	-0.00407828	0	0	0	95.2234	4.2414e-08	4.2414e-08	0	0	0	0.586676	0.369755	0	0.216921		300	0.0407314	0.00227799	-0.00113899	-0.00113899	0	0	0	0.0407314	0	-0.355028	-111.796	0	20.391	20.391	-1.5099e-14	5.32541	0	0	0	0	0	0	0	0	0	0	0	0	0	0	0	0	0	0	0	0	0	0	0	0	0	0	0	0	0	0	0	0	0	
1	1	1	215	6.45		300	0	0	0.01075	-0.0041003	-0.0041003	0	0	0	95.4459	4.38346e-08	4.38345e-08	0	0	0	0.591443	0.371725	0	0.219718		300	0.0412565	0.00230831	-0.00115415	-0.00115415	0	0	0	0.0412565	0	-0.355028	-111.796	0	20.391	20.391	-1.5099e-14	5.32541	0	0	0	0	0	0	0	0	0	0	0	0	0	0	0	0	0	0	0	0	0	0	0	0	0	0	0	0	0	0	0	0	0	
1	1	1	216	6.48		300	0	0	0.0108	-0.00412235	-0.00412235	0	0	0	95.6671	4.52395e-08	4.52394e-08	0	0	0	0.596221	0.373697	0	0.222524		300	0.0417834	0.00233875	-0.00116937	-0.00116937	0	0	0	0.0417834	0	-0.355028	-111.796	0	20.391	20.391	-1.5099e-14	5.32541	0	0	0	0	0	0	0	0	0	0	0	0	0	0	0	0	0	0	0	0	0	0	0	0	0	0	0	0	0	0	0	0	0	
1	1	1	217	6.51		300	0	0	0.01085	-0.00414441	-0.00414441	0	0	0	95.887	4.66286e-08	4.66285e-08	0	0	0	0.60101	0.375669	0	0.22534		300	0.042312	0.0023693	-0.00118465	-0.00118465	0	0	0	0.042312	0	-0.355028	-111.796	0	20.391	20.391	-1.5099e-14	5.32541	0	0	0	0	0	0	0	0	0	0	0	0	0	0	0	0	0	0	0	0	0	0	0	0	0	0	0	0	0	0	0	0	0	
1	1	1	218	6.54		300	0	0	0.0109	-0.00416649	-0.00416649	0	0	0	96.1056	4.8002e-08	4.80019e-08	0	0	0	0.605809	0.377644	0	0.228165		300	0.0428425	0.00239996	-0.00119998	-0.00119998	0	0	0	0.0428425	0	-0.355028	-111.796	0	20.391	20.391	-1.5099e-14	5.32541	0	0	0	0	0	0	0	0	0	0	0	0	0	0	0	0	0	0	0	0	0	0	0	0	0	0	0	0	0	0	0	0	0	
1	1	1	219	6.57		300	0	0	0.01095	-0.00418859	-0.00418859	0	0	0	96.3229	4.93597e-08	4.93596e-08	0	0	0	0.61062	0.37962	0	0.231		300	0.0433747	0.00243074	-0.00121537	-0.00121537	0	0	0	0.0433747	0	-0.355028	-111.796	0	20.391	20.391	-1.5099e-14	5.32541	0	0	0	0	0	0	0	0	0	0	0	0	0	0	0	0	0	0	0	0	0	0	0	0	0	0	0	0	0	0	0	0	0	
1	1	1	220	6.6		300	0	0	0.011	-0.00421071	-0.00421071	0	0	0	96.539	5.07017e-08	5.07017e-08	0	0	0	0.615442	0.381598	0	0.233844		300	0.0439087	0.00246163	-0.00123082	-0.00123082	0	0	0	0.0439087	0	-0.355028	-111.796	0	20.391	20.391	-1.5099e-14	5.32541	0	0	0	0	0	0	0	0	0	0	0	0	0	0	0	0	0	0	0	0	0	0	0	0	0	0	0	0	0	0	0	0	0	
1	1	1	221	6.63		300	0	0	0.01105	-0.00423284	-0.00423284	0	0	0	96.7538	5.20281e-08	5.20281e-08	0	0	0	0.620274	0.383577	0	0.236697		300	0.0444443	0.00249263	-0.00124631	-0.00124631	0	0	0	0.0444443	0	-0.355028	-111.796	0	20.391	20.391	-1.5099e-14	5.32541	0	0	0	0	0	0	0	0	0	0	0	0	0	0	0	0	0	0	0	0	0	0	0	0	0	0	0	0	0	0	0	0	0	
1	1	1	222	6.66		300	0	0	0.0111	-0.00425498	-0.00425498	0	0	0	96.9674	5.3339e-08	5.3339e-08	0	0	0	0.625117	0.385558	0	0.239559		300	0.0449817	0.00252374	-0.00126187	-0.00126187	0	0	0	0.0449817	0	-0.355028	-111.796	0	20.391	20.391	-1.5099e-14	5.32541	0	0	0	0	0	0	0	0	0	0	0	0	0	0	0	0	0	0	0	0	0	0	0	0	0	0	0	0	0	0	0	0	0	
1	1	1	223	6.69		300	0	0	0.01115	-0.00427715	-0.00427715	0	0	0	97.1798	5.46344e-08	5.46344e-08	0	0	0	0.629971	0.387541	0	0.24243		300	0.0455207	0.00255495	-0.00127747	-0.00127747	0	0	0	0.0455207	0	-0.355028	-111.796	0	20.391	20.391	-1.5099e-14	5.32541	0	0	0	0	0	0	0	0	0	0	0	0	0	0	0	0	0	0	0	0	0	0	0	0	0	0	0	0	0	0	0	0	0	
1	1	1	224	6.72		300	0	0	0.0112	-0.00429933	-0.00429933	0	0	0	97.3911	5.59144e-08	5.59144e-08	0	0	0	0.634835	0.389526	0	0.245309		300	0.0460613	0.00258627	-0.00129313	-0.00129313	0	0	0	0.0460613	0	-0.355028	-111.796	0	20.391	20.391	-1.5099e-14	5.32541	0	0	0	0	0	0	0	0	0	0	0	0	0	0	0	0	0	0	0	0	0	0	0	0	0	0	0	0	0	0	0	0	0	
1	1	1	225	6.75		300	0	0	0.01125	-0.00432152	-0.00432152	0	0	0	97.6011	5.7179e-08	5.7179e-08	0	0	0	0.63971	0.391513	0	0.248197		300	0.0466035	0.00261769	-0.00130885	-0.00130885	0	0	0	0.0466035	0	-0.355028	-111.796	0	20.391	20.391	-1.5099e-14	5.32541	0	0	0	0	0	0	0	0	0	0	0	0	0	0	0	0	0	0	0	0	0	0	0	0	0	0	0	0	0	0	0	0	0	
1	1	1	226	6.78		300	0	0	0.0113	-0.00434373	-0.00434373	0	0	0	97.81	5.84284e-08	5.84284e-08	0	0	0	0.644595	0.393501	0	0.251094		300	0.0471474	0.00264922	-0.00132461	-0.00132461	0	0	0	0.0471474	0	-0.355028	-111.796	0	20.391	20.391	-1.5099e-14	5.32541	0	0	0	0	0	0	0	0	0	0	0	0	0	0	0	0	0	0	0	0	0	0	0	0	0	0	0	0	0	0	0	0	0	
1	1	1	227	6.81		300	0	0	0.01135	-0.00436596	-0.00436596	0	0	0	98.0177	5.96627e-08	5.96627e-08	0	0	0	0.649491	0.395492	0	0.253999		300	0.0476928	0.00268085	-0.00134042	-0.00134042	0	0	0	0.0476928	0	-0.355028	-111.796	0	20.391	20.391	-1.5099e-14	5.32541	0	0	0	0	0	0	0	0	0	0	0	0	0	0	0	0	0	0	0	0	0	0	0	0	0	0	0	0	0	0	0	0	0	
1	1	1	228	6.84		300	0	0	0.0114	-0.0043882	-0.0043882	0	0	0	98.2243	6.08818e-08	6.08818e-08	0	0	0	0.654397	0.397485	0	0.256912		300	0.0482398	0.00271258	-0.00135629	-0.00135629	0	0	0	0.0482398	0	-0.355028	-111.796	0	20.391	20.391	-1.5099e-14	5.32541	0	0	0	0	0	0	0	0	0	0	0	0	0	0	0	0	0	0	0	0	0	0	0	0	0	0	0	0	0	0	0	0	0	
1	1	1	229	6.87		300	0	0	0.01145	-0.00441046	-0.00441046	0	0	0	98.4297	6.2086e-08	6.2086e-08	0	0	0	0.659313	0.399479	0	0.259834		300	0.0487883	0.0027444	-0.0013722	-0.0013722	0	0	0	0.0487883	0	-0.355028	-111.796	0	20.391	20.391	-1.5099e-14	5.32541	0	0	0	0	0	0	0	0	0	0	0	0	0	0	0	0	0	0	0	0	0	0	0	0	0	0	0	0	0	0	0	0	0	
1	1	1	230	6.9		300	0	0	0.0115	-0.00443273	-0.00443273	0	0	0	98.6341	6.32754e-08	6.32754e-08	0	0	0	0.66424	0.401476	0	0.262763		300	0.0493384	0.00277633	-0.00138817	-0.00138817	0	0	0	0.0493384	0	-0.355028	-111.796	0	20.391	20.391	-1.5099e-14	5.32541	0	0	0	0	0	0	0	0	0	0	0	0	0	0	0	0	0	0	0	0	0	0	0	0	0	0	0	0	0	0	0	0	0	
1	1	1	231	6.93		300	0	0	0.01155	-0.00445501	-0.00445501	0	0	0	98.8373	6.44501e-08	6.44501e-08	0	0	0	0.669177	0.403476	0	0.265701		300	0.0498899	0.00280835	-0.00140418	-0.00140418	0	0	0	0.0498899	0	-0.355028	-111.796	0	20.391	20.391	-1.5099e-14	5.32541	0	0	0	0	0	0	0	0	0	0	0	0	0	0	0	0	0	0	0	0	0	0	0	0	0	0	0	0	0	0	0	0	0	
1	1	1	232	6.96		300	0	0	0.0116	-0.00447731	-0.00447731	0	0	0	99.0395	6.56101e-08	6.56101e-08	0	0	0	0.674123	0.405477	0	0.268646		300	0.0504429	0.00284047	-0.00142024	-0.00142024	0	0	0	0.0504429	0	-0.355028	-111.796	0	20.391	20.391	-1.5099e-14	5.32541	0	0	0	0	0	0	0	0	0	0	0	0	0	0	0	0	0	0	0	0	0	0	0	0	0	0	0	0	0	0	0	0	0	
1	1	1	233	6.99		300	0	0	0.01165	-0.00449963	-0.00449963	0	0	0	99.2406	6.67557e-08	6.67557e-08	0	0	0	0.67908	0.407481	0	0.2716		300	0.0509974	0.00287269	-0.00143634	-0.00143634	0	0	0	0.0509974	0	-0.355028	-111.796	0	20.391	20.391	-1.5099e-14	5.32541	0	0	0	0	0	0	0	0	0	0	0	0	0	0	0	0	0	0	0	0	0	0	0	0	0	0	0	0	0	0	0	0	0	
1	1	1	234	7.02		300	0	0	0.0117	-0.00452195	-0.00452195	0	0	0	99.4406	6.7887e-08	6.78869e-08	0	0	0	0.684047	0.409487	0	0.274561		300	0.0515533	0.002905	-0.0014525	-0.0014525	0	0	0	0.0515533	0	-0.355028	-111.796	0	20.391	20.391	-1.5099e-14	5.32541	0	0	0	0	0	0	0	0	0	0	0	0	0	0	0	0	0	0	0	0	0	0	0	0	0	0	0	0	0	0	0	0	0	
1	1	1	235	7.05		300	0	0	0.01175	-0.0045443	-0.0045443	0	0	0	99.6396	6.9004e-08	6.90039e-08	0	0	0	0.689024	0.411495	0	0.277529		300	0.0521106	0.0029374	-0.0014687	-0.0014687	0	0	0	0.0521106	0	-0.355028	-111.796	0	20.391	20.391	-1.5099e-14	5.32541	0	0	0	0	0	0	0	0	0	0	0	0	0	0	0	0	0	0	0	0	0	0	0	0	0	0	0	0	0	0	0	0	0	
1	1	1	236	7.08		300	0	0	0.0118	-0.00456665	-0.00456665	0	0	0	99.8375	7.01069e-08	7.01068e-08	0	0	0	0.694011	0.413506	0	0.280505		300	0.0526694	0.00296989	-0.00148494	-0.00148494	0	0	0	0.0526694	0	-0.355028	-111.796	0	20.391	20.391	-1.5099e-14	5.32541	0	0	0	0	0	0	0	0	0	0	0	0	0	0	0	0	0	0	0	0	0	0	0	0	0	0	0	0	0	0	0	0	0	
1	1	1	237	7.11		300	0	0	0.01185	-0.00458902	-0.00458902	0	0	0	100.034	7.11959e-08	7.11958e-08	0	0	0	0.699008	0.41552	0	0.283488		300	0.0532295	0.00300247	-0.00150124	-0.00150124	0	0	0	0.0532295	0	-0.355028	-111.796	0	20.391	20.391	-1.5099e-14	5.32541	0	0	0	0	0	0	0	0	0	0	0	0	0	0	0	0	0	0	0	0	0	0	0	0	0	0	0	0	0	0	0	0	0	
1	1	1	238	7.14		300	0	0	0.0119	-0.00461141	-0.00461141	0	0	0	100.23	7.22711e-08	7.2271e-08	0	0	0	0.704015	0.417536	0	0.286479		300	0.053791	0.00303514	-0.00151757	-0.00151757	0	0	0	0.053791	0	-0.355028	-111.796	0	20.391	20.391	-1.5099e-14	5.32541	0	0	0	0	0	0	0	0	0	0	0	0	0	0	0	0	0	0	0	0	0	0	0	0	0	0	0	0	0	0	0	0	0	
1	1	1	239	7.17		300	0	0	0.01195	-0.0046338	-0.0046338	0	0	0	100.425	7.33325e-08	7.33325e-08	0	0	0	0.709031	0.419554	0	0.289477		300	0.0543539	0.00306791	-0.00153395	-0.00153395	0	0	0	0.0543539	0	-0.355028	-111.796	0	20.391	20.391	-1.5099e-14	5.32541	0	0	0	0	0	0	0	0	0	0	0	0	0	0	0	0	0	0	0	0	0	0	0	0	0	0	0	0	0	0	0	0	0	
1	1	1	240	7.2		300	0	0	0.012	-0.00465621	-0.00465621	0	0	0	100.619	7.43805e-08	7.43805e-08	0	0	0	0.714057	0.421575	0	0.292482		300	0.0549181	0.00310075	-0.00155038	-0.00155038	0	0	0	0.0549181	0	-0.355028	-111.796	0	20.391	20.391	-1.5099e-14	5.32541	0	0	0	0	0	0	0	0	0	0	0	0	0	0	0	0	0	0	0	0	0	0	0	0	0	0	0	0	0	0	0	0	0	
1	1	1	241	7.23		300	0	0	0.01205	-0.00467864	-0.00467864	0	0	0	100.812	7.54151e-08	7.54151e-08	0	0	0	0.719093	0.423599	0	0.295494		300	0.0554836	0.00313369	-0.00156684	-0.00156684	0	0	0	0.0554836	0	-0.355028	-111.796	0	20.391	20.391	-1.5099e-14	5.32541	0	0	0	0	0	0	0	0	0	0	0	0	0	0	0	0	0	0	0	0	0	0	0	0	0	0	0	0	0	0	0	0	0	
1	1	1	242	7.26		300	0	0	0.0121	-0.00470107	-0.00470107	0	0	0	101.004	7.64365e-08	7.64365e-08	0	0	0	0.724139	0.425625	0	0.298513		300	0.0560504	0.00316671	-0.00158335	-0.00158335	0	0	0	0.0560504	0	-0.355028	-111.796	0	20.391	20.391	-1.5099e-14	5.32541	0	0	0	0	0	0	0	0	0	0	0	0	0	0	0	0	0	0	0	0	0	0	0	0	0	0	0	0	0	0	0	0	0	
1	1	1	243	7.29		300	0	0	0.01215	-0.00472352	-0.00472352	0	0	0	101.195	7.74448e-08	7.74448e-08	0	0	0	0.729194	0.427654	0	0.301539		300	0.0566185	0.00319981	-0.00159991	-0.00159991	0	0	0	0.0566185	0	-0.355028	-111.796	0	20.391	20.391	-1.5099e-14	5.32541	0	0	0	0	0	0	0	0	0	0	0	0	0	0	0	0	0	0	0	0	0	0	0	0	0	0	0	0	0	0	0	0	0	
1	1	1	244	7.32		300	0	0	0.0122	-0.00474598	-0.00474598	0	0	0	101.385	7.84401e-08	7.84401e-08	0	0	0	0.734258	0.429686	0	0.304572		300	0.0571879	0.003233	-0.0016165	-0.0016165	0	0	0	0.0571879	0	-0.355028	-111.796	0	20.391	20.391	-1.5099e-14	5.32541	0	0	0	0	0	0	0	0	0	0	0	0	0	0	0	0	0	0	0	0	0	0	0	0	0	0	0	0	0	0	0	0	0	
1	1	1	245	7.35		300	0	0	0.01225	-0.00476846	-0.00476846	0	0	0	101.574	7.94227e-08	7.94226e-08	0	0	0	0.739332	0.431721	0	0.307611		300	0.0577586	0.00326627	-0.00163313	-0.00163313	0	0	0	0.0577586	0	-0.355028	-111.796	0	20.391	20.391	-1.5099e-14	5.32541	0	0	0	0	0	0	0	0	0	0	0	0	0	0	0	0	0	0	0	0	0	0	0	0	0	0	0	0	0	0	0	0	0	
1	1	1	246	7.38		300	0	0	0.0123	-0.00479094	-0.00479094	0	0	0	101.763	8.03926e-08	8.03925e-08	0	0	0	0.744415	0.433758	0	0.310657		300	0.0583305	0.00329962	-0.00164981	-0.00164981	0	0	0	0.0583305	0	-0.355028	-111.796	0	20.391	20.391	-1.5099e-14	5.32541	0	0	0	0	0	0	0	0	0	0	0	0	0	0	0	0	0	0	0	0	0	0	0	0	0	0	0	0	0	0	0	0	0	
1	1	1	247	7.41		300	0	0	0.01235	-0.00481344	-0.00481344	0	0	0	101.95	8.13499e-08	8.13499e-08	0	0	0	0.749508	0.435798	0	0.31371		300	0.0589036	0.00333305	-0.00166653	-0.00166653	0	0	0	0.0589036	0	-0.355028	-111.796	0	20.391	20.391	-1.5099e-14	5.32541	0	0	0	0	0	0	0	0	0	0	0	0	0	0	0	0	0	0	0	0	0	0	0	0	0	0	0	0	0	0	0	0	0	
1	1	1	248	7.44		300	0	0	0.0124	-0.00483595	-0.00483595	0	0	0	102.136	8.2295e-08	8.22949e-08	0	0	0	0.75461	0.437842	0	0.316769		300	0.0594779	0.00336657	-0.00168328	-0.00168328	0	0	0	0.0594779	0	-0.355028	-111.796	0	20.391	20.391	-1.5099e-14	5.32541	0	0	0	0	0	0	0	0	0	0	0	0	0	0	0	0	0	0	0	0	0	0	0	0	0	0	0	0	0	0	0	0	0	
1	1	1	249	7.47		300	0	0	0.01245	-0.00485847	-0.00485847	0	0	0	102.322	8.32278e-08	8.32278e-08	0	0	0	0.759722	0.439888	0	0.319834		300	0.0600534	0.00340016	-0.00170008	-0.00170008	0	0	0	0.0600534	0	-0.355028	-111.796	0	20.391	20.391	-1.5099e-14	5.32541	0	0	0	0	0	0	0	0	0	0	0	0	0	0	0	0	0	0	0	0	0	0	0	0	0	0	0	0	0	0	0	0	0	
1	1	1	250	7.5		300	0	0	0.0125	-0.00488101	-0.00488101	0	0	0	102.507	8.41486e-08	8.41486e-08	0	0	0	0.764843	0.441937	0	0.322906		300	0.0606302	0.00343383	-0.00171691	-0.00171691	0	0	0	0.0606302	0	-0.355028	-111.796	0	20.391	20.391	-1.5099e-14	5.32541	0	0	0	0	0	0	0	0	0	0	0	0	0	0	0	0	0	0	0	0	0	0	0	0	0	0	0	0	0	0	0	0	0	
1	1	1	251	7.53		300	0	0	0.01255	-0.00490355	-0.00490355	0	0	0	102.69	8.50575e-08	8.50575e-08	0	0	0	0.769973	0.443989	0	0.325984		300	0.061208	0.00346757	-0.00173379	-0.00173379	0	0	0	0.061208	0	-0.355028	-111.796	0	20.391	20.391	-1.5099e-14	5.32541	0	0	0	0	0	0	0	0	0	0	0	0	0	0	0	0	0	0	0	0	0	0	0	0	0	0	0	0	0	0	0	0	0	
1	1	1	252	7.56		300	0	0	0.0126	-0.00492611	-0.00492611	0	0	0	102.873	8.59547e-08	8.59547e-08	0	0	0	0.775112	0.446044	0	0.329068		300	0.0617871	0.0035014	-0.0017507	-0.0017507	0	0	0	0.0617871	0	-0.355028	-111.796	0	20.391	20.391	-1.5099e-14	5.32541	0	0	0	0	0	0	0	0	0	0	0	0	0	0	0	0	0	0	0	0	0	0	0	0	0	0	0	0	0	0	0	0	0	
1	1	1	253	7.59		300	0	0	0.01265	-0.00494868	-0.00494868	0	0	0	103.055	8.68402e-08	8.68402e-08	0	0	0	0.78026	0.448101	0	0.332158		300	0.0623673	0.0035353	-0.00176765	-0.00176765	0	0	0	0.0623673	0	-0.355028	-111.796	0	20.391	20.391	-1.5099e-14	5.32541	0	0	0	0	0	0	0	0	0	0	0	0	0	0	0	0	0	0	0	0	0	0	0	0	0	0	0	0	0	0	0	0	0	
1	1	1	254	7.62		300	0	0	0.0127	-0.00497126	-0.00497126	0	0	0	103.236	8.77143e-08	8.77142e-08	0	0	0	0.785417	0.450163	0	0.335255		300	0.0629486	0.00356927	-0.00178463	-0.00178463	0	0	0	0.0629486	0	-0.355028	-111.796	0	20.391	20.391	-1.5099e-14	5.32541	0	0	0	0	0	0	0	0	0	0	0	0	0	0	0	0	0	0	0	0	0	0	0	0	0	0	0	0	0	0	0	0	0	
1	1	1	255	7.65		300	0	0	0.01275	-0.00499385	-0.00499385	0	0	0	103.417	8.85771e-08	8.85771e-08	0	0	0	0.790583	0.452227	0	0.338357		300	0.063531	0.00360332	-0.00180166	-0.00180166	0	0	0	0.063531	0	-0.355028	-111.796	0	20.391	20.391	-1.5099e-14	5.32541	0	0	0	0	0	0	0	0	0	0	0	0	0	0	0	0	0	0	0	0	0	0	0	0	0	0	0	0	0	0	0	0	0	
1	1	1	256	7.68		300	0	0	0.0128	-0.00501645	-0.00501645	0	0	0	103.596	8.94287e-08	8.94287e-08	0	0	0	0.795759	0.454294	0	0.341465		300	0.0641146	0.00363744	-0.00181872	-0.00181872	0	0	0	0.0641146	0	-0.355028	-111.796	0	20.391	20.391	-1.5099e-14	5.32541	0	0	0	0	0	0	0	0	0	0	0	0	0	0	0	0	0	0	0	0	0	0	0	0	0	0	0	0	0	0	0	0	0	
1	1	1	257	7.71		300	0	0	0.01285	-0.00503907	-0.00503907	0	0	0	103.775	9.02693e-08	9.02692e-08	0	0	0	0.800943	0.456364	0	0.344579		300	0.0646992	0.00367163	-0.00183581	-0.00183581	0	0	0	0.0646992	0	-0.355028	-111.796	0	20.391	20.391	-1.5099e-14	5.32541	0	0	0	0	0	0	0	0	0	0	0	0	0	0	0	0	0	0	0	0	0	0	0	0	0	0	0	0	0	0	0	0	0	
1	1	1	258	7.74		300	0	0	0.0129	-0.00506169	-0.00506169	0	0	0	103.953	9.1099e-08	9.1099e-08	0	0	0	0.806136	0.458438	0	0.347698		300	0.0652849	0.00370589	-0.00185295	-0.00185295	0	0	0	0.0652849	0	-0.355028	-111.796	0	20.391	20.391	-1.5099e-14	5.32541	0	0	0	0	0	0	0	0	0	0	0	0	0	0	0	0	0	0	0	0	0	0	0	0	0	0	0	0	0	0	0	0	0	
1	1	1	259	7.77		300	0	0	0.01295	-0.00508432	-0.00508432	0	0	0	104.13	9.1918e-08	9.1918e-08	0	0	0	0.811338	0.460515	0	0.350824		300	0.0658717	0.00374023	-0.00187011	-0.00187011	0	0	0	0.0658717	0	-0.355028	-111.796	0	20.391	20.391	-1.5099e-14	5.32541	0	0	0	0	0	0	0	0	0	0	0	0	0	0	0	0	0	0	0	0	0	0	0	0	0	0	0	0	0	0	0	0	0	
1	1	1	260	7.8		300	0	0	0.013	-0.00510697	-0.00510697	0	0	0	104.306	9.27265e-08	9.27264e-08	0	0	0	0.816549	0.462595	0	0.353955		300	0.0664595	0.00377463	-0.00188732	-0.00188732	0	0	0	0.0664595	0	-0.355028	-111.796	0	20.391	20.391	-1.5099e-14	5.32541	0	0	0	0	0	0	0	0	0	0	0	0	0	0	0	0	0	0	0	0	0	0	0	0	0	0	0	0	0	0	0	0	0	
1	1	1	261	7.83		300	0	0	0.01305	-0.00512963	-0.00512963	0	0	0	104.482	9.35244e-08	9.35244e-08	0	0	0	0.821769	0.464678	0	0.357091		300	0.0670484	0.00380911	-0.00190455	-0.00190455	0	0	0	0.0670484	0	-0.355028	-111.796	0	20.391	20.391	-1.5099e-14	5.32541	0	0	0	0	0	0	0	0	0	0	0	0	0	0	0	0	0	0	0	0	0	0	0	0	0	0	0	0	0	0	0	0	0	
1	1	1	262	7.86		300	0	0	0.0131	-0.00515229	-0.00515229	0	0	0	104.657	9.4312e-08	9.4312e-08	0	0	0	0.826997	0.466764	0	0.360233		300	0.0676383	0.00384365	-0.00192183	-0.00192183	0	0	0	0.0676383	0	-0.355028	-111.796	0	20.391	20.391	-1.5099e-14	5.32541	0	0	0	0	0	0	0	0	0	0	0	0	0	0	0	0	0	0	0	0	0	0	0	0	0	0	0	0	0	0	0	0	0	
1	1	1	263	7.89		300	0	0	0.01315	-0.00517497	-0.00517497	0	0	0	104.831	9.50895e-08	9.50895e-08	0	0	0	0.832235	0.468854	0	0.363381		300	0.0682292	0.00387826	-0.00193913	-0.00193913	0	0	0	0.0682292	0	-0.355028	-111.796	0	20.391	20.391	-1.5099e-14	5.32541	0	0	0	0	0	0	0	0	0	0	0	0	0	0	0	0	0	0	0	0	0	0	0	0	0	0	0	0	0	0	0	0	0	
1	1	1	264	7.92		300	0	0	0.0132	-0.00519765	-0.00519765	0	0	0	105.004	9.5857e-08	9.58569e-08	0	0	0	0.83748	0.470947	0	0.366533		300	0.0688212	0.00391294	-0.00195647	-0.00195647	0	0	0	0.0688212	0	-0.355028	-111.796	0	20.391	20.391	-1.5099e-14	5.32541	0	0	0	0	0	0	0	0	0	0	0	0	0	0	0	0	0	0	0	0	0	0	0	0	0	0	0	0	0	0	0	0	0	
1	1	1	265	7.95		300	0	0	0.01325	-0.00522035	-0.00522035	0	0	0	105.177	9.66145e-08	9.66145e-08	0	0	0	0.842735	0.473044	0	0.369691		300	0.0694141	0.00394768	-0.00197384	-0.00197384	0	0	0	0.0694141	0	-0.355028	-111.796	0	20.391	20.391	-1.5099e-14	5.32541	0	0	0	0	0	0	0	0	0	0	0	0	0	0	0	0	0	0	0	0	0	0	0	0	0	0	0	0	0	0	0	0	0	
1	1	1	266	7.98		300	0	0	0.0133	-0.00524306	-0.00524306	0	0	0	105.348	9.73623e-08	9.73623e-08	0	0	0	0.847998	0.475143	0	0.372855		300	0.070008	0.00398249	-0.00199125	-0.00199125	0	0	0	0.070008	0	-0.355028	-111.796	0	20.391	20.391	-1.5099e-14	5.32541	0	0	0	0	0	0	0	0	0	0	0	0	0	0	0	0	0	0	0	0	0	0	0	0	0	0	0	0	0	0	0	0	0	
1	1	1	267	8.01		300	0	0	0.01335	-0.00526577	-0.00526577	0	0	0	105.519	9.81005e-08	9.81005e-08	0	0	0	0.85327	0.477246	0	0.376023		300	0.0706029	0.00401737	-0.00200868	-0.00200868	0	0	0	0.0706029	0	-0.355028	-111.796	0	20.391	20.391	-1.5099e-14	5.32541	0	0	0	0	0	0	0	0	0	0	0	0	0	0	0	0	0	0	0	0	0	0	0	0	0	0	0	0	0	0	0	0	0	
1	1	1	268	8.04		300	0	0	0.0134	-0.0052885	-0.0052885	0	0	0	105.69	9.88292e-08	9.88292e-08	0	0	0	0.85855	0.479353	0	0.379197		300	0.0711987	0.00405231	-0.00202615	-0.00202615	0	0	0	0.0711987	0	-0.355028	-111.796	0	20.391	20.391	-1.5099e-14	5.32541	0	0	0	0	0	0	0	0	0	0	0	0	0	0	0	0	0	0	0	0	0	0	0	0	0	0	0	0	0	0	0	0	0	
1	1	1	269	8.07		300	0	0	0.01345	-0.00531123	-0.00531123	0	0	0	105.859	9.95486e-08	9.95485e-08	0	0	0	0.863839	0.481463	0	0.382376		300	0.0717955	0.00408731	-0.00204366	-0.00204366	0	0	0	0.0717955	0	-0.355028	-111.796	0	20.391	20.391	-1.5099e-14	5.32541	0	0	0	0	0	0	0	0	0	0	0	0	0	0	0	0	0	0	0	0	0	0	0	0	0	0	0	0	0	0	0	0	0	
1	1	1	270	8.1		300	0	0	0.0135	-0.00533398	-0.00533398	0	0	0	106.028	1.00259e-07	1.00259e-07	0	0	0	0.869136	0.483576	0	0.385559		300	0.0723933	0.00412238	-0.00206119	-0.00206119	0	0	0	0.0723933	0	-0.355028	-111.796	0	20.391	20.391	-1.5099e-14	5.32541	0	0	0	0	0	0	0	0	0	0	0	0	0	0	0	0	0	0	0	0	0	0	0	0	0	0	0	0	0	0	0	0	0	
1	1	1	271	8.13		300	0	0	0.01355	-0.00535673	-0.00535673	0	0	0	106.196	1.0096e-07	1.0096e-07	0	0	0	0.874442	0.485693	0	0.388748		300	0.0729919	0.00415751	-0.00207875	-0.00207875	0	0	0	0.0729919	0	-0.355028	-111.796	0	20.391	20.391	-1.5099e-14	5.32541	0	0	0	0	0	0	0	0	0	0	0	0	0	0	0	0	0	0	0	0	0	0	0	0	0	0	0	0	0	0	0	0	0	
1	1	1	272	8.16		300	0	0	0.0136	-0.0053795	-0.0053795	0	0	0	106.364	1.01652e-07	1.01652e-07	0	0	0	0.879756	0.487814	0	0.391942		300	0.0735915	0.0041927	-0.00209635	-0.00209635	0	0	0	0.0735915	0	-0.355028	-111.796	0	20.391	20.391	-1.5099e-14	5.32541	0	0	0	0	0	0	0	0	0	0	0	0	0	0	0	0	0	0	0	0	0	0	0	0	0	0	0	0	0	0	0	0	0	
1	1	1	273	8.19		300	0	0	0.01365	-0.00540227	-0.00540227	0	0	0	106.53	1.02335e-07	1.02335e-07	0	0	0	0.885078	0.489938	0	0.39514		300	0.074192	0.00422795	-0.00211397	-0.00211397	0	0	0	0.074192	0	-0.355028	-111.796	0	20.391	20.391	-1.5099e-14	5.32541	0	0	0	0	0	0	0	0	0	0	0	0	0	0	0	0	0	0	0	0	0	0	0	0	0	0	0	0	0	0	0	0	0	
1	1	1	274	8.22		300	0	0	0.0137	-0.00542505	-0.00542505	0	0	0	106.696	1.03009e-07	1.03009e-07	0	0	0	0.890409	0.492065	0	0.398344		300	0.0747934	0.00426326	-0.00213163	-0.00213163	0	0	0	0.0747934	0	-0.355028	-111.796	0	20.391	20.391	-1.5099e-14	5.32541	0	0	0	0	0	0	0	0	0	0	0	0	0	0	0	0	0	0	0	0	0	0	0	0	0	0	0	0	0	0	0	0	0	
1	1	1	275	8.25		300	0	0	0.01375	-0.00544784	-0.00544784	0	0	0	106.862	1.03675e-07	1.03675e-07	0	0	0	0.895747	0.494196	0	0.401552		300	0.0753957	0.00429863	-0.00214932	-0.00214932	0	0	0	0.0753957	0	-0.355028	-111.796	0	20.391	20.391	-1.5099e-14	5.32541	0	0	0	0	0	0	0	0	0	0	0	0	0	0	0	0	0	0	0	0	0	0	0	0	0	0	0	0	0	0	0	0	0	
1	1	1	276	8.28		300	0	0	0.0138	-0.00547064	-0.00547064	0	0	0	107.026	1.04333e-07	1.04333e-07	0	0	0	0.901095	0.49633	0	0.404764		300	0.0759989	0.00433406	-0.00216703	-0.00216703	0	0	0	0.0759989	0	-0.355028	-111.796	0	20.391	20.391	-1.5099e-14	5.32541	0	0	0	0	0	0	0	0	0	0	0	0	0	0	0	0	0	0	0	0	0	0	0	0	0	0	0	0	0	0	0	0	0	
1	1	1	277	8.31		300	0	0	0.01385	-0.00549345	-0.00549345	0	0	0	107.191	1.04982e-07	1.04982e-07	0	0	0	0.90645	0.498468	0	0.407982		300	0.076603	0.00436955	-0.00218478	-0.00218478	0	0	0	0.076603	0	-0.355028	-111.796	0	20.391	20.391	-1.5099e-14	5.32541	0	0	0	0	0	0	0	0	0	0	0	0	0	0	0	0	0	0	0	0	0	0	0	0	0	0	0	0	0	0	0	0	0	
1	1	1	278	8.34		300	0	0	0.0139	-0.00551627	-0.00551627	0	0	0	107.354	1.05623e-07	1.05623e-07	0	0	0	0.911814	0.50061	0	0.411204		300	0.0772079	0.0044051	-0.00220255	-0.00220255	0	0	0	0.0772079	0	-0.355028	-111.796	0	20.391	20.391	-1.5099e-14	5.32541	0	0	0	0	0	0	0	0	0	0	0	0	0	0	0	0	0	0	0	0	0	0	0	0	0	0	0	0	0	0	0	0	0	
1	1	1	279	8.37		300	0	0	0.01395	-0.0055391	-0.0055391	0	0	0	107.517	1.06255e-07	1.06255e-07	0	0	0	0.917186	0.502755	0	0.41443		300	0.0778137	0.00444071	-0.00222035	-0.00222035	0	0	0	0.0778137	0	-0.355028	-111.796	0	20.391	20.391	-1.5099e-14	5.32541	0	0	0	0	0	0	0	0	0	0	0	0	0	0	0	0	0	0	0	0	0	0	0	0	0	0	0	0	0	0	0	0	0	
1	1	1	280	8.4		300	0	0	0.014	-0.00556193	-0.00556193	0	0	0	107.679	1.0688e-07	1.0688e-07	0	0	0	0.922565	0.504904	0	0.417661		300	0.0784203	0.00447637	-0.00223819	-0.00223819	0	0	0	0.0784203	0	-0.355028	-111.796	0	20.391	20.391	-1.5099e-14	5.32541	0	0	0	0	0	0	0	0	0	0	0	0	0	0	0	0	0	0	0	0	0	0	0	0	0	0	0	0	0	0	0	0	0	
1	1	1	281	8.43		300	0	0	0.01405	-0.00558478	-0.00558478	0	0	0	107.84	1.07497e-07	1.07497e-07	0	0	0	0.927953	0.507057	0	0.420897		300	0.0790277	0.00451209	-0.00225605	-0.00225605	0	0	0	0.0790277	0	-0.355028	-111.796	0	20.391	20.391	-1.5099e-14	5.32541	0	0	0	0	0	0	0	0	0	0	0	0	0	0	0	0	0	0	0	0	0	0	0	0	0	0	0	0	0	0	0	0	0	
1	1	1	282	8.46		300	0	0	0.0141	-0.00560763	-0.00560763	0	0	0	108.001	1.08106e-07	1.08106e-07	0	0	0	0.933349	0.509213	0	0.424137		300	0.079636	0.00454787	-0.00227393	-0.00227393	0	0	0	0.079636	0	-0.355028	-111.796	0	20.391	20.391	-1.5099e-14	5.32541	0	0	0	0	0	0	0	0	0	0	0	0	0	0	0	0	0	0	0	0	0	0	0	0	0	0	0	0	0	0	0	0	0	
1	1	1	283	8.49		300	0	0	0.01415	-0.00563049	-0.00563049	0	0	0	108.161	1.08707e-07	1.08707e-07	0	0	0	0.938753	0.511373	0	0.427381		300	0.0802451	0.0045837	-0.00229185	-0.00229185	0	0	0	0.0802451	0	-0.355028	-111.796	0	20.391	20.391	-1.5099e-14	5.32541	0	0	0	0	0	0	0	0	0	0	0	0	0	0	0	0	0	0	0	0	0	0	0	0	0	0	0	0	0	0	0	0	0	
1	1	1	284	8.52		300	0	0	0.0142	-0.00565336	-0.00565336	0	0	0	108.321	1.09301e-07	1.09301e-07	0	0	0	0.944166	0.513536	0	0.430629		300	0.080855	0.00461958	-0.00230979	-0.00230979	0	0	0	0.080855	0	-0.355028	-111.796	0	20.391	20.391	-1.5099e-14	5.32541	0	0	0	0	0	0	0	0	0	0	0	0	0	0	0	0	0	0	0	0	0	0	0	0	0	0	0	0	0	0	0	0	0	
1	1	1	285	8.55		300	0	0	0.01425	-0.00567623	-0.00567623	0	0	0	108.48	1.09887e-07	1.09887e-07	0	0	0	0.949586	0.515703	0	0.433882		300	0.0814657	0.00465552	-0.00232776	-0.00232776	0	0	0	0.0814657	0	-0.355028	-111.796	0	20.391	20.391	-1.5099e-14	5.32541	0	0	0	0	0	0	0	0	0	0	0	0	0	0	0	0	0	0	0	0	0	0	0	0	0	0	0	0	0	0	0	0	0	
1	1	1	286	8.58		300	0	0	0.0143	-0.00569912	-0.00569912	0	0	0	108.638	1.10466e-07	1.10466e-07	0	0	0	0.955013	0.517874	0	0.437139		300	0.0820772	0.00469152	-0.00234576	-0.00234576	0	0	0	0.0820772	0	-0.355028	-111.796	0	20.391	20.391	-1.5099e-14	5.32541	0	0	0	0	0	0	0	0	0	0	0	0	0	0	0	0	0	0	0	0	0	0	0	0	0	0	0	0	0	0	0	0	0	
1	1	1	287	8.61		300	0	0	0.01435	-0.00572201	-0.00572201	0	0	0	108.796	1.11037e-07	1.11037e-07	0	0	0	0.960449	0.520049	0	0.440401		300	0.0826895	0.00472756	-0.00236378	-0.00236378	0	0	0	0.0826895	0	-0.355028	-111.796	0	20.391	20.391	-1.5099e-14	5.32541	0	0	0	0	0	0	0	0	0	0	0	0	0	0	0	0	0	0	0	0	0	0	0	0	0	0	0	0	0	0	0	0	0	
1	1	1	288	8.64		300	0	0	0.0144	-0.00574491	-0.00574491	0	0	0	108.953	1.11602e-07	1.11602e-07	0	0	0	0.965893	0.522227	0	0.443666		300	0.0833026	0.00476366	-0.00238183	-0.00238183	0	0	0	0.0833026	0	-0.355028	-111.796	0	20.391	20.391	-1.5099e-14	5.32541	0	0	0	0	0	0	0	0	0	0	0	0	0	0	0	0	0	0	0	0	0	0	0	0	0	0	0	0	0	0	0	0	0	
1	1	1	289	8.67		300	0	0	0.01445	-0.00576782	-0.00576782	0	0	0	109.11	1.12159e-07	1.12159e-07	0	0	0	0.971345	0.524409	0	0.446935		300	0.0839164	0.00479981	-0.00239991	-0.00239991	0	0	0	0.0839164	0	-0.355028	-111.796	0	20.391	20.391	-1.5099e-14	5.32541	0	0	0	0	0	0	0	0	0	0	0	0	0	0	0	0	0	0	0	0	0	0	0	0	0	0	0	0	0	0	0	0	0	
1	1	1	290	8.7		300	0	0	0.0145	-0.00579074	-0.00579074	0	0	0	109.266	1.1271e-07	1.1271e-07	0	0	0	0.976804	0.526595	0	0.450209		300	0.084531	0.00483602	-0.00241801	-0.00241801	0	0	0	0.084531	0	-0.355028	-111.796	0	20.391	20.391	-1.5099e-14	5.32541	0	0	0	0	0	0	0	0	0	0	0	0	0	0	0	0	0	0	0	0	0	0	0	0	0	0	0	0	0	0	0	0	0	
1	1	1	291	8.73		300	0	0	0.01455	-0.00581366	-0.00581366	0	0	0	109.421	1.13254e-07	1.13254e-07	0	0	0	0.982271	0.528785	0	0.453486		300	0.0851464	0.00487227	-0.00243614	-0.00243614	0	0	0	0.0851464	0	-0.355028	-111.796	0	20.391	20.391	-1.5099e-14	5.32541	0	0	0	0	0	0	0	0	0	0	0	0	0	0	0	0	0	0	0	0	0	0	0	0	0	0	0	0	0	0	0	0	0	
1	1	1	292	8.76		300	0	0	0.0146	-0.0058366	-0.0058366	0	0	0	109.576	1.13791e-07	1.13791e-07	0	0	0	0.987746	0.530978	0	0.456768		300	0.0857624	0.00490858	-0.00245429	-0.00245429	0	0	0	0.0857624	0	-0.355028	-111.796	0	20.391	20.391	-1.5099e-14	5.32541	0	0	0	0	0	0	0	0	0	0	0	0	0	0	0	0	0	0	0	0	0	0	0	0	0	0	0	0	0	0	0	0	0	
1	1	1	293	8.79		300	0	0	0.01465	-0.00585954	-0.00585954	0	0	0	109.73	1.14321e-07	1.14321e-07	0	0	0	0.993229	0.533175	0	0.460053		300	0.0863793	0.00494494	-0.00247247	-0.00247247	0	0	0	0.0863793	0	-0.355028	-111.796	0	20.391	20.391	-1.5099e-14	5.32541	0	0	0	0	0	0	0	0	0	0	0	0	0	0	0	0	0	0	0	0	0	0	0	0	0	0	0	0	0	0	0	0	0	
1	1	1	294	8.82		300	0	0	0.0147	-0.00588248	-0.00588248	0	0	0	109.884	1.14845e-07	1.14845e-07	0	0	0	0.998719	0.535376	0	0.463343		300	0.0869968	0.00498134	-0.00249067	-0.00249067	0	0	0	0.0869968	0	-0.355028	-111.796	0	20.391	20.391	-1.5099e-14	5.32541	0	0	0	0	0	0	0	0	0	0	0	0	0	0	0	0	0	0	0	0	0	0	0	0	0	0	0	0	0	0	0	0	0	
1	1	1	295	8.85		300	0	0	0.01475	-0.00590544	-0.00590544	0	0	0	110.037	1.15362e-07	1.15362e-07	0	0	0	1.00422	0.537581	0	0.466636		300	0.0876151	0.0050178	-0.0025089	-0.0025089	0	0	0	0.0876151	0	-0.355028	-111.796	0	20.391	20.391	-1.5099e-14	5.32541	0	0	0	0	0	0	0	0	0	0	0	0	0	0	0	0	0	0	0	0	0	0	0	0	0	0	0	0	0	0	0	0	0	
1	1	1	296	8.88		300	0	0	0.0148	-0.0059284	-0.0059284	0	0	0	110.19	1.15873e-07	1.15873e-07	0	0	0	1.00972	0.53979	0	0.469933		300	0.0882341	0.0050543	-0.00252715	-0.00252715	0	0	0	0.0882341	0	-0.355028	-111.796	0	20.391	20.391	-1.5099e-14	5.32541	0	0	0	0	0	0	0	0	0	0	0	0	0	0	0	0	0	0	0	0	0	0	0	0	0	0	0	0	0	0	0	0	0	
1	1	1	297	8.91		300	0	0	0.01485	-0.00595137	-0.00595137	0	0	0	110.342	1.16378e-07	1.16378e-07	0	0	0	1.01524	0.542002	0	0.473234		300	0.0888538	0.00509085	-0.00254543	-0.00254543	0	0	0	0.0888538	0	-0.355028	-111.796	0	20.391	20.391	-1.5099e-14	5.32541	0	0	0	0	0	0	0	0	0	0	0	0	0	0	0	0	0	0	0	0	0	0	0	0	0	0	0	0	0	0	0	0	0	
1	1	1	298	8.94		300	0	0	0.0149	-0.00597435	-0.00597435	0	0	0	110.493	1.16876e-07	1.16876e-07	0	0	0	1.02076	0.544219	0	0.476538		300	0.0894742	0.00512745	-0.00256373	-0.00256373	0	0	0	0.0894742	0	-0.355028	-111.796	0	20.391	20.391	-1.5099e-14	5.32541	0	0	0	0	0	0	0	0	0	0	0	0	0	0	0	0	0	0	0	0	0	0	0	0	0	0	0	0	0	0	0	0	0	
1	1	1	299	8.97		300	0	0	0.01495	-0.00599733	-0.00599733	0	0	0	110.644	1.17369e-07	1.17369e-07	0	0	0	1.02629	0.546439	0	0.479846		300	0.0900953	0.0051641	-0.00258205	-0.00258205	0	0	0	0.0900953	0	-0.355028	-111.796	0	20.391	20.391	-1.5099e-14	5.32541	0	0	0	0	0	0	0	0	0	0	0	0	0	0	0	0	0	0	0	0	0	0	0	0	0	0	0	0	0	0	0	0	0	
1	1	1	300	9		300	0	0	0.015	-0.00602032	-0.00602032	0	0	0	110.795	1.17855e-07	1.17855e-07	0	0	0	1.03182	0.548663	0	0.483158		300	0.0907171	0.0052008	-0.0026004	-0.0026004	0	0	0	0.0907171	0	-0.355028	-111.796	0	20.391	20.391	-1.5099e-14	5.32541	0	0	0	0	0	0	0	0	0	0	0	0	0	0	0	0	0	0	0	0	0	0	0	0	0	0	0	0	0	0	0	0	0	
1	1	1	301	9.03		300	0	0	0.01505	-0.00604332	-0.00604332	0	0	0	110.944	1.18335e-07	1.18335e-07	0	0	0	1.03736	0.550891	0	0.486474		300	0.0913396	0.00523754	-0.00261877	-0.00261877	0	0	0	0.0913396	0	-0.355028	-111.796	0	20.391	20.391	-1.5099e-14	5.32541	0	0	0	0	0	0	0	0	0	0	0	0	0	0	0	0	0	0	0	0	0	0	0	0	0	0	0	0	0	0	0	0	0	
1	1	1	302	9.06		300	0	0	0.0151	-0.00606632	-0.00606632	0	0	0	111.094	1.1881e-07	1.1881e-07	0	0	0	1.04292	0.553123	0	0.489793		300	0.0919628	0.00527433	-0.00263716	-0.00263716	0	0	0	0.0919628	0	-0.355028	-111.796	0	20.391	20.391	-1.5099e-14	5.32541	0	0	0	0	0	0	0	0	0	0	0	0	0	0	0	0	0	0	0	0	0	0	0	0	0	0	0	0	0	0	0	0	0	
1	1	1	303	9.09		300	0	0	0.01515	-0.00608934	-0.00608934	0	0	0	111.243	1.19279e-07	1.19279e-07	0	0	0	1.04847	0.555359	0	0.493115		300	0.0925866	0.00531116	-0.00265558	-0.00265558	0	0	0	0.0925866	0	-0.355028	-111.796	0	20.391	20.391	-1.5099e-14	5.32541	0	0	0	0	0	0	0	0	0	0	0	0	0	0	0	0	0	0	0	0	0	0	0	0	0	0	0	0	0	0	0	0	0	
1	1	1	304	9.12		300	0	0	0.0152	-0.00611235	-0.00611235	0	0	0	111.391	1.19742e-07	1.19742e-07	0	0	0	1.05404	0.557598	0	0.496442		300	0.093211	0.00534804	-0.00267402	-0.00267402	0	0	0	0.093211	0	-0.355028	-111.796	0	20.391	20.391	-1.5099e-14	5.32541	0	0	0	0	0	0	0	0	0	0	0	0	0	0	0	0	0	0	0	0	0	0	0	0	0	0	0	0	0	0	0	0	0	
1	1	1	305	9.15		300	0	0	0.01525	-0.00613538	-0.00613538	0	0	0	111.539	1.202e-07	1.202e-07	0	0	0	1.05961	0.559842	0	0.499771		300	0.0938362	0.00538497	-0.00269248	-0.00269248	0	0	0	0.0938362	0	-0.355028	-111.796	0	20.391	20.391	-1.5099e-14	5.32541	0	0	0	0	0	0	0	0	0	0	0	0	0	0	0	0	0	0	0	0	0	0	0	0	0	0	0	0	0	0	0	0	0	
1	1	1	306	9.18		300	0	0	0.0153	-0.00615841	-0.00615841	0	0	0	111.686	1.20652e-07	1.20652e-07	0	0	0	1.06519	0.56209	0	0.503104		300	0.0944619	0.00542193	-0.00271097	-0.00271097	0	0	0	0.0944619	0	-0.355028	-111.796	0	20.391	20.391	-1.5099e-14	5.32541	0	0	0	0	0	0	0	0	0	0	0	0	0	0	0	0	0	0	0	0	0	0	0	0	0	0	0	0	0	0	0	0	0	
1	1	1	307	9.21		300	0	0	0.01535	-0.00618145	-0.00618145	0	0	0	111.833	1.21099e-07	1.21099e-07	0	0	0	1.07078	0.564341	0	0.506441		300	0.0950884	0.00545895	-0.00272947	-0.00272947	0	0	0	0.0950884	0	-0.355028	-111.796	0	20.391	20.391	-1.5099e-14	5.32541	0	0	0	0	0	0	0	0	0	0	0	0	0	0	0	0	0	0	0	0	0	0	0	0	0	0	0	0	0	0	0	0	0	
1	1	1	308	9.24		300	0	0	0.0154	-0.0062045	-0.0062045	0	0	0	111.979	1.2154e-07	1.2154e-07	0	0	0	1.07638	0.566596	0	0.509781		300	0.0957154	0.00549601	-0.002748	-0.002748	0	0	0	0.0957154	0	-0.355028	-111.796	0	20.391	20.391	-1.5099e-14	5.32541	0	0	0	0	0	0	0	0	0	0	0	0	0	0	0	0	0	0	0	0	0	0	0	0	0	0	0	0	0	0	0	0	0	
1	1	1	309	9.27		300	0	0	0.01545	-0.00622755	-0.00622755	0	0	0	112.125	1.21976e-07	1.21976e-07	0	0	0	1.08198	0.568856	0	0.513124		300	0.0963431	0.00553311	-0.00276655	-0.00276655	0	0	0	0.0963431	0	-0.355028	-111.796	0	20.391	20.391	-1.5099e-14	5.32541	0	0	0	0	0	0	0	0	0	0	0	0	0	0	0	0	0	0	0	0	0	0	0	0	0	0	0	0	0	0	0	0	0	
1	1	1	310	9.3		300	0	0	0.0155	-0.00625061	-0.00625061	0	0	0	112.271	1.22407e-07	1.22407e-07	0	0	0	1.08759	0.571119	0	0.516471		300	0.0969714	0.00557025	-0.00278513	-0.00278513	0	0	0	0.0969714	0	-0.355028	-111.796	0	20.391	20.391	-1.5099e-14	5.32541	0	0	0	0	0	0	0	0	0	0	0	0	0	0	0	0	0	0	0	0	0	0	0	0	0	0	0	0	0	0	0	0	0	
1	1	1	311	9.33		300	0	0	0.01555	-0.00627367	-0.00627367	0	0	0	112.415	1.22832e-07	1.22832e-07	0	0	0	1.09321	0.573386	0	0.519821		300	0.0976003	0.00560744	-0.00280372	-0.00280372	0	0	0	0.0976003	0	-0.355028	-111.796	0	20.391	20.391	-1.5099e-14	5.32541	0	0	0	0	0	0	0	0	0	0	0	0	0	0	0	0	0	0	0	0	0	0	0	0	0	0	0	0	0	0	0	0	0	
1	1	1	312	9.36		300	0	0	0.0156	-0.00629674	-0.00629674	0	0	0	112.56	1.23253e-07	1.23253e-07	0	0	0	1.09883	0.575658	0	0.523174		300	0.0982299	0.00564467	-0.00282233	-0.00282233	0	0	0	0.0982299	0	-0.355028	-111.796	0	20.391	20.391	-1.5099e-14	5.32541	0	0	0	0	0	0	0	0	0	0	0	0	0	0	0	0	0	0	0	0	0	0	0	0	0	0	0	0	0	0	0	0	0	
1	1	1	313	9.39		300	0	0	0.01565	-0.00631982	-0.00631982	0	0	0	112.704	1.23669e-07	1.23669e-07	0	0	0	1.10446	0.577933	0	0.52653		300	0.09886	0.00568194	-0.00284097	-0.00284097	0	0	0	0.09886	0	-0.355028	-111.796	0	20.391	20.391	-1.5099e-14	5.32541	0	0	0	0	0	0	0	0	0	0	0	0	0	0	0	0	0	0	0	0	0	0	0	0	0	0	0	0	0	0	0	0	0	
1	1	1	314	9.42		300	0	0	0.0157	-0.00634291	-0.00634291	0	0	0	112.847	1.24079e-07	1.24079e-07	0	0	0	1.1101	0.580212	0	0.52989		300	0.0994908	0.00571925	-0.00285962	-0.00285962	0	0	0	0.0994908	0	-0.355028	-111.796	0	20.391	20.391	-1.5099e-14	5.32541	0	0	0	0	0	0	0	0	0	0	0	0	0	0	0	0	0	0	0	0	0	0	0	0	0	0	0	0	0	0	0	0	0	
1	1	1	315	9.45		300	0	0	0.01575	-0.006366	-0.006366	0	0	0	112.99	1.24485e-07	1.24485e-07	0	0	0	1.11575	0.582495	0	0.533252		300	0.100122	0.0057566	-0.0028783	-0.0028783	0	0	0	0.100122	0	-0.355028	-111.796	0	20.391	20.391	-1.5099e-14	5.32541	0	0	0	0	0	0	0	0	0	0	0	0	0	0	0	0	0	0	0	0	0	0	0	0	0	0	0	0	0	0	0	0	0	
1	1	1	316	9.48		300	0	0	0.0158	-0.00638909	-0.00638909	0	0	0	113.133	1.24886e-07	1.24886e-07	0	0	0	1.1214	0.584782	0	0.536618		300	0.100754	0.005794	-0.002897	-0.002897	0	0	0	0.100754	0	-0.355028	-111.796	0	20.391	20.391	-1.5099e-14	5.32541	0	0	0	0	0	0	0	0	0	0	0	0	0	0	0	0	0	0	0	0	0	0	0	0	0	0	0	0	0	0	0	0	0	
1	1	1	317	9.51		300	0	0	0.01585	-0.0064122	-0.0064122	0	0	0	113.275	1.25283e-07	1.25283e-07	0	0	0	1.12706	0.587074	0	0.539987		300	0.101387	0.00583143	-0.00291572	-0.00291572	0	0	0	0.101387	0	-0.355028	-111.796	0	20.391	20.391	-1.5099e-14	5.32541	0	0	0	0	0	0	0	0	0	0	0	0	0	0	0	0	0	0	0	0	0	0	0	0	0	0	0	0	0	0	0	0	0	
1	1	1	318	9.54		300	0	0	0.0159	-0.0064353	-0.0064353	0	0	0	113.416	1.25674e-07	1.25674e-07	0	0	0	1.13273	0.589369	0	0.543359		300	0.10202	0.00586891	-0.00293445	-0.00293445	0	0	0	0.10202	0	-0.355028	-111.796	0	20.391	20.391	-1.5099e-14	5.32541	0	0	0	0	0	0	0	0	0	0	0	0	0	0	0	0	0	0	0	0	0	0	0	0	0	0	0	0	0	0	0	0	0	
1	1	1	319	9.57		300	0	0	0.01595	-0.00645842	-0.00645842	0	0	0	113.558	1.26061e-07	1.26061e-07	0	0	0	1.1384	0.591668	0	0.546734		300	0.102653	0.00590642	-0.00295321	-0.00295321	0	0	0	0.102653	0	-0.355028	-111.796	0	20.391	20.391	-1.5099e-14	5.32541	0	0	0	0	0	0	0	0	0	0	0	0	0	0	0	0	0	0	0	0	0	0	0	0	0	0	0	0	0	0	0	0	0	
1	1	1	320	9.6		300	0	0	0.016	-0.00648154	-0.00648154	0	0	0	113.698	1.26444e-07	1.26444e-07	0	0	0	1.14408	0.593971	0	0.550113		300	0.103288	0.00594398	-0.00297199	-0.00297199	0	0	0	0.103288	0	-0.355028	-111.796	0	20.391	20.391	-1.5099e-14	5.32541	0	0	0	0	0	0	0	0	0	0	0	0	0	0	0	0	0	0	0	0	0	0	0	0	0	0	0	0	0	0	0	0	0	
1	1	1	321	9.63		300	0	0	0.01605	-0.00650467	-0.00650467	0	0	0	113.839	1.26822e-07	1.26822e-07	0	0	0	1.14977	0.596279	0	0.553494		300	0.103922	0.00598157	-0.00299078	-0.00299078	0	0	0	0.103922	0	-0.355028	-111.796	0	20.391	20.391	-1.5099e-14	5.32541	0	0	0	0	0	0	0	0	0	0	0	0	0	0	0	0	0	0	0	0	0	0	0	0	0	0	0	0	0	0	0	0	0	
1	1	1	322	9.66		300	0	0	0.0161	-0.0065278	-0.0065278	0	0	0	113.978	1.27196e-07	1.27196e-07	0	0	0	1.15547	0.59859	0	0.556878		300	0.104558	0.0060192	-0.0030096	-0.0030096	0	0	0	0.104558	0	-0.355028	-111.796	0	20.391	20.391	-1.5099e-14	5.32541	0	0	0	0	0	0	0	0	0	0	0	0	0	0	0	0	0	0	0	0	0	0	0	0	0	0	0	0	0	0	0	0	0	
1	1	1	323	9.69		300	0	0	0.01615	-0.00655094	-0.00655094	0	0	0	114.118	1.27565e-07	1.27565e-07	0	0	0	1.16117	0.600905	0	0.560265		300	0.105194	0.00605687	-0.00302844	-0.00302844	0	0	0	0.105194	0	-0.355028	-111.796	0	20.391	20.391	-1.5099e-14	5.32541	0	0	0	0	0	0	0	0	0	0	0	0	0	0	0	0	0	0	0	0	0	0	0	0	0	0	0	0	0	0	0	0	0	
1	1	1	324	9.72		300	0	0	0.0162	-0.00657408	-0.00657408	0	0	0	114.257	1.2793e-07	1.2793e-07	0	0	0	1.16688	0.603225	0	0.563655		300	0.10583	0.00609458	-0.00304729	-0.00304729	0	0	0	0.10583	0	-0.355028	-111.796	0	20.391	20.391	-1.5099e-14	5.32541	0	0	0	0	0	0	0	0	0	0	0	0	0	0	0	0	0	0	0	0	0	0	0	0	0	0	0	0	0	0	0	0	0	
1	1	1	325	9.75		300	0	0	0.01625	-0.00659723	-0.00659723	0	0	0	114.395	1.28291e-07	1.28291e-07	0	0	0	1.1726	0.605548	0	0.567048		300	0.106467	0.00613233	-0.00306616	-0.00306616	0	0	0	0.106467	0	-0.355028	-111.796	0	20.391	20.391	-1.5099e-14	5.32541	0	0	0	0	0	0	0	0	0	0	0	0	0	0	0	0	0	0	0	0	0	0	0	0	0	0	0	0	0	0	0	0	0	
1	1	1	326	9.78		300	0	0	0.0163	-0.00662039	-0.00662039	0	0	0	114.533	1.28648e-07	1.28648e-07	0	0	0	1.17832	0.607876	0	0.570443		300	0.107105	0.00617011	-0.00308506	-0.00308506	0	0	0	0.107105	0	-0.355028	-111.796	0	20.391	20.391	-1.5099e-14	5.32541	0	0	0	0	0	0	0	0	0	0	0	0	0	0	0	0	0	0	0	0	0	0	0	0	0	0	0	0	0	0	0	0	0	
1	1	1	327	9.81		300	0	0	0.01635	-0.00664355	-0.00664355	0	0	0	114.671	1.29001e-07	1.29001e-07	0	0	0	1.18405	0.610207	0	0.573842		300	0.107743	0.00620793	-0.00310397	-0.00310397	0	0	0	0.107743	0	-0.355028	-111.796	0	20.391	20.391	-1.5099e-14	5.32541	0	0	0	0	0	0	0	0	0	0	0	0	0	0	0	0	0	0	0	0	0	0	0	0	0	0	0	0	0	0	0	0	0	
1	1	1	328	9.84		300	0	0	0.0164	-0.00666671	-0.00666671	0	0	0	114.808	1.29349e-07	1.29349e-07	0	0	0	1.18979	0.612543	0	0.577243		300	0.108381	0.00624579	-0.0031229	-0.0031229	0	0	0	0.108381	0	-0.355028	-111.796	0	20.391	20.391	-1.5099e-14	5.32541	0	0	0	0	0	0	0	0	0	0	0	0	0	0	0	0	0	0	0	0	0	0	0	0	0	0	0	0	0	0	0	0	0	
1	1	1	329	9.87		300	0	0	0.01645	-0.00668989	-0.00668989	0	0	0	114.945	1.29694e-07	1.29694e-07	0	0	0	1.19553	0.614883	0	0.580647		300	0.10902	0.00628368	-0.00314184	-0.00314184	0	0	0	0.10902	0	-0.355028	-111.796	0	20.391	20.391	-1.5099e-14	5.32541	0	0	0	0	0	0	0	0	0	0	0	0	0	0	0	0	0	0	0	0	0	0	0	0	0	0	0	0	0	0	0	0	0	
1	1	1	330	9.9		300	0	0	0.0165	-0.00671306	-0.00671306	0	0	0	115.082	1.30035e-07	1.30035e-07	0	0	0	1.20128	0.617227	0	0.584054		300	0.10966	0.00632162	-0.00316081	-0.00316081	0	0	0	0.10966	0	-0.355028	-111.796	0	20.391	20.391	-1.5099e-14	5.32541	0	0	0	0	0	0	0	0	0	0	0	0	0	0	0	0	0	0	0	0	0	0	0	0	0	0	0	0	0	0	0	0	0	
1	1	1	331	9.93		300	0	0	0.01655	-0.00673625	-0.00673625	0	0	0	115.218	1.30371e-07	1.30371e-07	0	0	0	1.20704	0.619575	0	0.587464		300	0.1103	0.00635958	-0.00317979	-0.00317979	0	0	0	0.1103	0	-0.355028	-111.796	0	20.391	20.391	-1.5099e-14	5.32541	0	0	0	0	0	0	0	0	0	0	0	0	0	0	0	0	0	0	0	0	0	0	0	0	0	0	0	0	0	0	0	0	0	
1	1	1	332	9.96		300	0	0	0.0166	-0.00675944	-0.00675944	0	0	0	115.353	1.30704e-07	1.30704e-07	0	0	0	1.2128	0.621927	0	0.590876		300	0.110941	0.00639759	-0.00319879	-0.00319879	0	0	0	0.110941	0	-0.355028	-111.796	0	20.391	20.391	-1.5099e-14	5.32541	0	0	0	0	0	0	0	0	0	0	0	0	0	0	0	0	0	0	0	0	0	0	0	0	0	0	0	0	0	0	0	0	0	
1	1	1	333	9.99		300	0	0	0.01665	-0.00678263	-0.00678263	0	0	0	115.489	1.31033e-07	1.31033e-07	0	0	0	1.21857	0.624283	0	0.594291		300	0.111582	0.00643562	-0.00321781	-0.00321781	0	0	0	0.111582	0	-0.355028	-111.796	0	20.391	20.391	-1.5099e-14	5.32541	0	0	0	0	0	0	0	0	0	0	0	0	0	0	0	0	0	0	0	0	0	0	0	0	0	0	0	0	0	0	0	0	0	
1	1	1	334	10.02		300	0	0	0.0167	-0.00680583	-0.00680583	0	0	0	115.624	1.31359e-07	1.31359e-07	0	0	0	1.22435	0.626643	0	0.597709		300	0.112223	0.0064737	-0.00323685	-0.00323685	0	0	0	0.112223	0	-0.355028	-111.796	0	20.391	20.391	-1.5099e-14	5.32541	0	0	0	0	0	0	0	0	0	0	0	0	0	0	0	0	0	0	0	0	0	0	0	0	0	0	0	0	0	0	0	0	0	
1	1	1	335	10.05		300	0	0	0.01675	-0.00682903	-0.00682903	0	0	0	115.758	1.31681e-07	1.31681e-07	0	0	0	1.23014	0.629007	0	0.601129		300	0.112866	0.0065118	-0.0032559	-0.0032559	0	0	0	0.112866	0	-0.355028	-111.796	0	20.391	20.391	-1.5099e-14	5.32541	0	0	0	0	0	0	0	0	0	0	0	0	0	0	0	0	0	0	0	0	0	0	0	0	0	0	0	0	0	0	0	0	0	
1	1	1	336	10.08		300	0	0	0.0168	-0.00685224	-0.00685224	0	0	0	115.892	1.31999e-07	1.31999e-07	0	0	0	1.23593	0.631375	0	0.604552		300	0.113508	0.00654995	-0.00327497	-0.00327497	0	0	0	0.113508	0	-0.355028	-111.796	0	20.391	20.391	-1.5099e-14	5.32541	0	0	0	0	0	0	0	0	0	0	0	0	0	0	0	0	0	0	0	0	0	0	0	0	0	0	0	0	0	0	0	0	0	
1	1	1	337	10.11		300	0	0	0.01685	-0.00687546	-0.00687546	0	0	0	116.026	1.32314e-07	1.32314e-07	0	0	0	1.24173	0.633748	0	0.607977		300	0.114151	0.00658812	-0.00329406	-0.00329406	0	0	0	0.114151	0	-0.355028	-111.796	0	20.391	20.391	-1.5099e-14	5.32541	0	0	0	0	0	0	0	0	0	0	0	0	0	0	0	0	0	0	0	0	0	0	0	0	0	0	0	0	0	0	0	0	0	
1	1	1	338	10.14		300	0	0	0.0169	-0.00689868	-0.00689868	0	0	0	116.159	1.32625e-07	1.32625e-07	0	0	0	1.24753	0.636124	0	0.611405		300	0.114795	0.00662633	-0.00331317	-0.00331317	0	0	0	0.114795	0	-0.355028	-111.796	0	20.391	20.391	-1.5099e-14	5.32541	0	0	0	0	0	0	0	0	0	0	0	0	0	0	0	0	0	0	0	0	0	0	0	0	0	0	0	0	0	0	0	0	0	
1	1	1	339	10.17		300	0	0	0.01695	-0.0069219	-0.0069219	0	0	0	116.292	1.32932e-07	1.32932e-07	0	0	0	1.25334	0.638505	0	0.614836		300	0.115439	0.00666458	-0.00333229	-0.00333229	0	0	0	0.115439	0	-0.355028	-111.796	0	20.391	20.391	-1.5099e-14	5.32541	0	0	0	0	0	0	0	0	0	0	0	0	0	0	0	0	0	0	0	0	0	0	0	0	0	0	0	0	0	0	0	0	0	
1	1	1	340	10.2		300	0	0	0.017	-0.00694513	-0.00694513	0	0	0	116.425	1.33237e-07	1.33236e-07	0	0	0	1.25916	0.64089	0	0.618269		300	0.116084	0.00670286	-0.00335143	-0.00335143	0	0	0	0.116084	0	-0.355028	-111.796	0	20.391	20.391	-1.5099e-14	5.32541	0	0	0	0	0	0	0	0	0	0	0	0	0	0	0	0	0	0	0	0	0	0	0	0	0	0	0	0	0	0	0	0	0	
1	1	1	341	10.23		300	0	0	0.01705	-0.00696837	-0.00696837	0	0	0	116.557	1.33537e-07	1.33537e-07	0	0	0	1.26498	0.643279	0	0.621705		300	0.116729	0.00674117	-0.00337058	-0.00337058	0	0	0	0.116729	0	-0.355028	-111.796	0	20.391	20.391	-1.5099e-14	5.32541	0	0	0	0	0	0	0	0	0	0	0	0	0	0	0	0	0	0	0	0	0	0	0	0	0	0	0	0	0	0	0	0	0	
1	1	1	342	10.26		300	0	0	0.0171	-0.00699161	-0.00699161	0	0	0	116.688	1.33835e-07	1.33835e-07	0	0	0	1.27081	0.645672	0	0.625143		300	0.117374	0.00677951	-0.00338976	-0.00338976	0	0	0	0.117374	0	-0.355028	-111.796	0	20.391	20.391	-1.5099e-14	5.32541	0	0	0	0	0	0	0	0	0	0	0	0	0	0	0	0	0	0	0	0	0	0	0	0	0	0	0	0	0	0	0	0	0	
1	1	1	343	10.29		300	0	0	0.01715	-0.00701485	-0.00701485	0	0	0	116.82	1.34129e-07	1.34129e-07	0	0	0	1.27665	0.648069	0	0.628583		300	0.11802	0.00681789	-0.00340894	-0.00340894	0	0	0	0.11802	0	-0.355028	-111.796	0	20.391	20.391	-1.5099e-14	5.32541	0	0	0	0	0	0	0	0	0	0	0	0	0	0	0	0	0	0	0	0	0	0	0	0	0	0	0	0	0	0	0	0	0	
1	1	1	344	10.32		300	0	0	0.0172	-0.0070381	-0.0070381	0	0	0	116.951	1.3442e-07	1.3442e-07	0	0	0	1.2825	0.65047	0	0.632026		300	0.118666	0.0068563	-0.00342815	-0.00342815	0	0	0	0.118666	0	-0.355028	-111.796	0	20.391	20.391	-1.5099e-14	5.32541	0	0	0	0	0	0	0	0	0	0	0	0	0	0	0	0	0	0	0	0	0	0	0	0	0	0	0	0	0	0	0	0	0	
1	1	1	345	10.35		300	0	0	0.01725	-0.00706136	-0.00706136	0	0	0	117.082	1.34708e-07	1.34708e-07	0	0	0	1.28835	0.652876	0	0.635472		300	0.119313	0.00689474	-0.00344737	-0.00344737	0	0	0	0.119313	0	-0.355028	-111.796	0	20.391	20.391	-1.5099e-14	5.32541	0	0	0	0	0	0	0	0	0	0	0	0	0	0	0	0	0	0	0	0	0	0	0	0	0	0	0	0	0	0	0	0	0	
1	1	1	346	10.38		300	0	0	0.0173	-0.00708461	-0.00708461	0	0	0	117.212	1.34992e-07	1.34992e-07	0	0	0	1.2942	0.655285	0	0.638919		300	0.119961	0.00693321	-0.00346661	-0.00346661	0	0	0	0.119961	0	-0.355028	-111.796	0	20.391	20.391	-1.5099e-14	5.32541	0	0	0	0	0	0	0	0	0	0	0	0	0	0	0	0	0	0	0	0	0	0	0	0	0	0	0	0	0	0	0	0	0	
1	1	1	347	10.41		300	0	0	0.01735	-0.00710788	-0.00710788	0	0	0	117.342	1.35274e-07	1.35274e-07	0	0	0	1.30007	0.657699	0	0.64237		300	0.120608	0.00697172	-0.00348586	-0.00348586	0	0	0	0.120608	0	-0.355028	-111.796	0	20.391	20.391	-1.5099e-14	5.32541	0	0	0	0	0	0	0	0	0	0	0	0	0	0	0	0	0	0	0	0	0	0	0	0	0	0	0	0	0	0	0	0	0	
1	1	1	348	10.44		300	0	0	0.0174	-0.00713115	-0.00713115	0	0	0	117.472	1.35552e-07	1.35552e-07	0	0	0	1.30594	0.660117	0	0.645822		300	0.121257	0.00701025	-0.00350513	-0.00350513	0	0	0	0.121257	0	-0.355028	-111.796	0	20.391	20.391	-1.5099e-14	5.32541	0	0	0	0	0	0	0	0	0	0	0	0	0	0	0	0	0	0	0	0	0	0	0	0	0	0	0	0	0	0	0	0	0	
1	1	1	349	10.47		300	0	0	0.01745	-0.00715442	-0.00715442	0	0	0	117.601	1.35827e-07	1.35827e-07	0	0	0	1.31182	0.662539	0	0.649277		300	0.121905	0.00704882	-0.00352441	-0.00352441	0	0	0	0.121905	0	-0.355028	-111.796	0	20.391	20.391	-1.5099e-14	5.32541	0	0	0	0	0	0	0	0	0	0	0	0	0	0	0	0	0	0	0	0	0	0	0	0	0	0	0	0	0	0	0	0	0	
1	1	1	350	10.5		300	0	0	0.0175	-0.0071777	-0.0071777	0	0	0	117.73	1.361e-07	1.361e-07	0	0	0	1.3177	0.664965	0	0.652734		300	0.122554	0.00708742	-0.00354371	-0.00354371	0	0	0	0.122554	0	-0.355028	-111.796	0	20.391	20.391	-1.5099e-14	5.32541	0	0	0	0	0	0	0	0	0	0	0	0	0	0	0	0	0	0	0	0	0	0	0	0	0	0	0	0	0	0	0	0	0	
1	1	1	351	10.53		300	0	0	0.01755	-0.00720098	-0.00720098	0	0	0	117.858	1.36369e-07	1.36369e-07	0	0	0	1.32359	0.667395	0	0.656194		300	0.123204	0.00712604	-0.00356302	-0.00356302	0	0	0	0.123204	0	-0.355028	-111.796	0	20.391	20.391	-1.5099e-14	5.32541	0	0	0	0	0	0	0	0	0	0	0	0	0	0	0	0	0	0	0	0	0	0	0	0	0	0	0	0	0	0	0	0	0	
1	1	1	352	10.56		300	0	0	0.0176	-0.00722427	-0.00722427	0	0	0	117.987	1.36635e-07	1.36635e-07	0	0	0	1.32948	0.669829	0	0.659655		300	0.123854	0.0071647	-0.00358235	-0.00358235	0	0	0	0.123854	0	-0.355028	-111.796	0	20.391	20.391	-1.5099e-14	5.32541	0	0	0	0	0	0	0	0	0	0	0	0	0	0	0	0	0	0	0	0	0	0	0	0	0	0	0	0	0	0	0	0	0	
1	1	1	353	10.59		300	0	0	0.01765	-0.00724756	-0.00724756	0	0	0	118.114	1.36899e-07	1.36899e-07	0	0	0	1.33539	0.672268	0	0.663119		300	0.124504	0.00720339	-0.0036017	-0.0036017	0	0	0	0.124504	0	-0.355028	-111.796	0	20.391	20.391	-1.5099e-14	5.32541	0	0	0	0	0	0	0	0	0	0	0	0	0	0	0	0	0	0	0	0	0	0	0	0	0	0	0	0	0	0	0	0	0	
1	1	1	354	10.62		300	0	0	0.0177	-0.00727086	-0.00727086	0	0	0	118.242	1.3716e-07	1.3716e-07	0	0	0	1.3413	0.674711	0	0.666586		300	0.125155	0.00724211	-0.00362106	-0.00362106	0	0	0	0.125155	0	-0.355028	-111.796	0	20.391	20.391	-1.5099e-14	5.32541	0	0	0	0	0	0	0	0	0	0	0	0	0	0	0	0	0	0	0	0	0	0	0	0	0	0	0	0	0	0	0	0	0	
1	1	1	355	10.65		300	0	0	0.01775	-0.00729416	-0.00729416	0	0	0	118.369	1.37418e-07	1.37418e-07	0	0	0	1.34721	0.677157	0	0.670054		300	0.125806	0.00728086	-0.00364043	-0.00364043	0	0	0	0.125806	0	-0.355028	-111.796	0	20.391	20.391	-1.5099e-14	5.32541	0	0	0	0	0	0	0	0	0	0	0	0	0	0	0	0	0	0	0	0	0	0	0	0	0	0	0	0	0	0	0	0	0	
1	1	1	356	10.68		300	0	0	0.0178	-0.00731747	-0.00731747	0	0	0	118.496	1.37673e-07	1.37673e-07	0	0	0	1.35313	0.679608	0	0.673525		300	0.126458	0.00731964	-0.00365982	-0.00365982	0	0	0	0.126458	0	-0.355028	-111.796	0	20.391	20.391	-1.5099e-14	5.32541	0	0	0	0	0	0	0	0	0	0	0	0	0	0	0	0	0	0	0	0	0	0	0	0	0	0	0	0	0	0	0	0	0	
1	1	1	357	10.71		300	0	0	0.01785	-0.00734078	-0.00734078	0	0	0	118.623	1.37925e-07	1.37925e-07	0	0	0	1.35906	0.682063	0	0.676998		300	0.12711	0.00735845	-0.00367922	-0.00367922	0	0	0	0.12711	0	-0.355028	-111.796	0	20.391	20.391	-1.5099e-14	5.32541	0	0	0	0	0	0	0	0	0	0	0	0	0	0	0	0	0	0	0	0	0	0	0	0	0	0	0	0	0	0	0	0	0	
1	1	1	358	10.74		300	0	0	0.0179	-0.00736409	-0.00736409	0	0	0	118.749	1.38175e-07	1.38175e-07	0	0	0	1.365	0.684523	0	0.680473		300	0.127762	0.00739728	-0.00369864	-0.00369864	0	0	0	0.127762	0	-0.355028	-111.796	0	20.391	20.391	-1.5099e-14	5.32541	0	0	0	0	0	0	0	0	0	0	0	0	0	0	0	0	0	0	0	0	0	0	0	0	0	0	0	0	0	0	0	0	0	
1	1	1	359	10.77		300	0	0	0.01795	-0.00738741	-0.00738741	0	0	0	118.875	1.38422e-07	1.38422e-07	0	0	0	1.37094	0.686986	0	0.68395		300	0.128415	0.00743615	-0.00371807	-0.00371807	0	0	0	0.128415	0	-0.355028	-111.796	0	20.391	20.391	-1.5099e-14	5.32541	0	0	0	0	0	0	0	0	0	0	0	0	0	0	0	0	0	0	0	0	0	0	0	0	0	0	0	0	0	0	0	0	0	
1	1	1	360	10.8		300	0	0	0.018	-0.00741073	-0.00741073	0	0	0	119	1.38666e-07	1.38666e-07	0	0	0	1.37688	0.689454	0	0.687429		300	0.129068	0.00747504	-0.00373752	-0.00373752	0	0	0	0.129068	0	-0.355028	-111.796	0	20.391	20.391	-1.5099e-14	5.32541	0	0	0	0	0	0	0	0	0	0	0	0	0	0	0	0	0	0	0	0	0	0	0	0	0	0	0	0	0	0	0	0	0	
1	1	1	361	10.83		300	0	0	0.01805	-0.00743406	-0.00743406	0	0	0	119.126	1.38908e-07	1.38908e-07	0	0	0	1.38284	0.691926	0	0.69091		300	0.129722	0.00751396	-0.00375698	-0.00375698	0	0	0	0.129722	0	-0.355028	-111.796	0	20.391	20.391	-1.5099e-14	5.32541	0	0	0	0	0	0	0	0	0	0	0	0	0	0	0	0	0	0	0	0	0	0	0	0	0	0	0	0	0	0	0	0	0	
1	1	1	362	10.86		300	0	0	0.0181	-0.00745739	-0.00745739	0	0	0	119.25	1.39147e-07	1.39147e-07	0	0	0	1.3888	0.694402	0	0.694394		300	0.130376	0.00755291	-0.00377646	-0.00377646	0	0	0	0.130376	0	-0.355028	-111.796	0	20.391	20.391	-1.5099e-14	5.32541	0	0	0	0	0	0	0	0	0	0	0	0	0	0	0	0	0	0	0	0	0	0	0	0	0	0	0	0	0	0	0	0	0	
1	1	1	363	10.89		300	0	0	0.01815	-0.00748073	-0.00748073	0	0	0	119.375	1.39384e-07	1.39384e-07	0	0	0	1.39476	0.696882	0	0.697879		300	0.13103	0.00759189	-0.00379595	-0.00379595	0	0	0	0.13103	0	-0.355028	-111.796	0	20.391	20.391	-1.5099e-14	5.32541	0	0	0	0	0	0	0	0	0	0	0	0	0	0	0	0	0	0	0	0	0	0	0	0	0	0	0	0	0	0	0	0	0	
1	1	1	364	10.92		300	0	0	0.0182	-0.00750407	-0.00750407	0	0	0	119.499	1.39618e-07	1.39618e-07	0	0	0	1.40073	0.699366	0	0.701367		300	0.131685	0.0076309	-0.00381545	-0.00381545	0	0	0	0.131685	0	-0.355028	-111.796	0	20.391	20.391	-1.5099e-14	5.32541	0	0	0	0	0	0	0	0	0	0	0	0	0	0	0	0	0	0	0	0	0	0	0	0	0	0	0	0	0	0	0	0	0	
1	1	1	365	10.95		300	0	0	0.01825	-0.00752741	-0.00752741	0	0	0	119.623	1.3985e-07	1.3985e-07	0	0	0	1.40671	0.701854	0	0.704857		300	0.13234	0.00766993	-0.00383497	-0.00383497	0	0	0	0.13234	0	-0.355028	-111.796	0	20.391	20.391	-1.5099e-14	5.32541	0	0	0	0	0	0	0	0	0	0	0	0	0	0	0	0	0	0	0	0	0	0	0	0	0	0	0	0	0	0	0	0	0	
1	1	1	366	10.98		300	0	0	0.0183	-0.00755076	-0.00755076	0	0	0	119.747	1.4008e-07	1.4008e-07	0	0	0	1.4127	0.704347	0	0.708348		300	0.132995	0.00770899	-0.0038545	-0.0038545	0	0	0	0.132995	0	-0.355028	-111.796	0	20.391	20.391	-1.5099e-14	5.32541	0	0	0	0	0	0	0	0	0	0	0	0	0	0	0	0	0	0	0	0	0	0	0	0	0	0	0	0	0	0	0	0	0	
1	1	1	367	11.01		300	0	0	0.01835	-0.00757411	-0.00757411	0	0	0	119.87	1.40307e-07	1.40306e-07	0	0	0	1.41869	0.706844	0	0.711842		300	0.133651	0.00774808	-0.00387404	-0.00387404	0	0	0	0.133651	0	-0.355028	-111.796	0	20.391	20.391	-1.5099e-14	5.32541	0	0	0	0	0	0	0	0	0	0	0	0	0	0	0	0	0	0	0	0	0	0	0	0	0	0	0	0	0	0	0	0	0	
1	1	1	368	11.04		300	0	0	0.0184	-0.00759747	-0.00759747	0	0	0	119.994	1.40531e-07	1.40531e-07	0	0	0	1.42468	0.709345	0	0.715338		300	0.134308	0.0077872	-0.0038936	-0.0038936	0	0	0	0.134308	0	-0.355028	-111.796	0	20.391	20.391	-1.5099e-14	5.32541	0	0	0	0	0	0	0	0	0	0	0	0	0	0	0	0	0	0	0	0	0	0	0	0	0	0	0	0	0	0	0	0	0	
1	1	1	369	11.07		300	0	0	0.01845	-0.00762083	-0.00762083	0	0	0	120.116	1.40753e-07	1.40753e-07	0	0	0	1.43068	0.71185	0	0.718835		300	0.134964	0.00782634	-0.00391317	-0.00391317	0	0	0	0.134964	0	-0.355028	-111.796	0	20.391	20.391	-1.5099e-14	5.32541	0	0	0	0	0	0	0	0	0	0	0	0	0	0	0	0	0	0	0	0	0	0	0	0	0	0	0	0	0	0	0	0	0	
1	1	1	370	11.1		300	0	0	0.0185	-0.00764419	-0.00764419	0	0	0	120.239	1.40973e-07	1.40973e-07	0	0	0	1.43669	0.714359	0	0.722335		300	0.135621	0.00786551	-0.00393275	-0.00393275	0	0	0	0.135621	0	-0.355028	-111.796	0	20.391	20.391	-1.5099e-14	5.32541	0	0	0	0	0	0	0	0	0	0	0	0	0	0	0	0	0	0	0	0	0	0	0	0	0	0	0	0	0	0	0	0	0	
1	1	1	371	11.13		300	0	0	0.01855	-0.00766756	-0.00766756	0	0	0	120.361	1.41191e-07	1.41191e-07	0	0	0	1.44271	0.716872	0	0.725836		300	0.136279	0.0079047	-0.00395235	-0.00395235	0	0	0	0.136279	0	-0.355028	-111.796	0	20.391	20.391	-1.5099e-14	5.32541	0	0	0	0	0	0	0	0	0	0	0	0	0	0	0	0	0	0	0	0	0	0	0	0	0	0	0	0	0	0	0	0	0	
1	1	1	372	11.16		300	0	0	0.0186	-0.00769093	-0.00769093	0	0	0	120.483	1.41406e-07	1.41406e-07	0	0	0	1.44873	0.71939	0	0.72934		300	0.136936	0.00794392	-0.00397196	-0.00397196	0	0	0	0.136936	0	-0.355028	-111.796	0	20.391	20.391	-1.5099e-14	5.32541	0	0	0	0	0	0	0	0	0	0	0	0	0	0	0	0	0	0	0	0	0	0	0	0	0	0	0	0	0	0	0	0	0	
1	1	1	373	11.19		300	0	0	0.01865	-0.00771431	-0.00771431	0	0	0	120.604	1.4162e-07	1.4162e-07	0	0	0	1.45476	0.721912	0	0.732845		300	0.137595	0.00798317	-0.00399158	-0.00399158	0	0	0	0.137595	0	-0.355028	-111.796	0	20.391	20.391	-1.5099e-14	5.32541	0	0	0	0	0	0	0	0	0	0	0	0	0	0	0	0	0	0	0	0	0	0	0	0	0	0	0	0	0	0	0	0	0	
1	1	1	374	11.22		300	0	0	0.0187	-0.00773769	-0.00773769	0	0	0	120.726	1.41831e-07	1.41831e-07	0	0	0	1.46079	0.724438	0	0.736352		300	0.138253	0.00802244	-0.00401122	-0.00401122	0	0	0	0.138253	0	-0.355028	-111.796	0	20.391	20.391	-1.5099e-14	5.32541	0	0	0	0	0	0	0	0	0	0	0	0	0	0	0	0	0	0	0	0	0	0	0	0	0	0	0	0	0	0	0	0	0	
1	1	1	375	11.25		300	0	0	0.01875	-0.00776107	-0.00776107	0	0	0	120.847	1.42039e-07	1.42039e-07	0	0	0	1.46683	0.726968	0	0.739862		300	0.138912	0.00806174	-0.00403087	-0.00403087	0	0	0	0.138912	0	-0.355028	-111.796	0	20.391	20.391	-1.5099e-14	5.32541	0	0	0	0	0	0	0	0	0	0	0	0	0	0	0	0	0	0	0	0	0	0	0	0	0	0	0	0	0	0	0	0	0	
1	1	1	376	11.28		300	0	0	0.0188	-0.00778446	-0.00778446	0	0	0	120.967	1.42246e-07	1.42246e-07	0	0	0	1.47288	0.729502	0	0.743373		300	0.139571	0.00810106	-0.00405053	-0.00405053	0	0	0	0.139571	0	-0.355028	-111.796	0	20.391	20.391	-1.5099e-14	5.32541	0	0	0	0	0	0	0	0	0	0	0	0	0	0	0	0	0	0	0	0	0	0	0	0	0	0	0	0	0	0	0	0	0	
1	1	1	377	11.31		300	0	0	0.01885	-0.00780785	-0.00780785	0	0	0	121.088	1.42451e-07	1.42451e-07	0	0	0	1.47893	0.732041	0	0.746886		300	0.140231	0.00814041	-0.00407021	-0.00407021	0	0	0	0.140231	0	-0.355028	-111.796	0	20.391	20.391	-1.5099e-14	5.32541	0	0	0	0	0	0	0	0	0	0	0	0	0	0	0	0	0	0	0	0	0	0	0	0	0	0	0	0	0	0	0	0	0	
1	1	1	378	11.34		300	0	0	0.0189	-0.00783125	-0.00783125	0	0	0	121.208	1.42653e-07	1.42653e-07	0	0	0	1.48498	0.734584	0	0.7504		300	0.14089	0.00817979	-0.00408989	-0.00408989	0	0	0	0.14089	0	-0.355028	-111.796	0	20.391	20.391	-1.5099e-14	5.32541	0	0	0	0	0	0	0	0	0	0	0	0	0	0	0	0	0	0	0	0	0	0	0	0	0	0	0	0	0	0	0	0	0	
1	1	1	379	11.37		300	0	0	0.01895	-0.00785465	-0.00785465	0	0	0	121.328	1.42854e-07	1.42854e-07	0	0	0	1.49105	0.73713	0	0.753917		300	0.141551	0.00821919	-0.00410959	-0.00410959	0	0	0	0.141551	0	-0.355028	-111.796	0	20.391	20.391	-1.5099e-14	5.32541	0	0	0	0	0	0	0	0	0	0	0	0	0	0	0	0	0	0	0	0	0	0	0	0	0	0	0	0	0	0	0	0	0	
1	1	1	380	11.4		300	0	0	0.019	-0.00787805	-0.00787805	0	0	0	121.447	1.43052e-07	1.43052e-07	0	0	0	1.49712	0.739681	0	0.757435		300	0.142211	0.00825861	-0.0041293	-0.0041293	0	0	0	0.142211	0	-0.355028	-111.796	0	20.391	20.391	-1.5099e-14	5.32541	0	0	0	0	0	0	0	0	0	0	0	0	0	0	0	0	0	0	0	0	0	0	0	0	0	0	0	0	0	0	0	0	0	
1	1	1	381	11.43		300	0	0	0.01905	-0.00790146	-0.00790146	0	0	0	121.567	1.43248e-07	1.43248e-07	0	0	0	1.50319	0.742237	0	0.760955		300	0.142872	0.00829806	-0.00414903	-0.00414903	0	0	0	0.142872	0	-0.355028	-111.796	0	20.391	20.391	-1.5099e-14	5.32541	0	0	0	0	0	0	0	0	0	0	0	0	0	0	0	0	0	0	0	0	0	0	0	0	0	0	0	0	0	0	0	0	0	
1	1	1	382	11.46		300	0	0	0.0191	-0.00792487	-0.00792487	0	0	0	121.686	1.43443e-07	1.43443e-07	0	0	0	1.50927	0.744796	0	0.764477		300	0.143533	0.00833753	-0.00416876	-0.00416876	0	0	0	0.143533	0	-0.355028	-111.796	0	20.391	20.391	-1.5099e-14	5.32541	0	0	0	0	0	0	0	0	0	0	0	0	0	0	0	0	0	0	0	0	0	0	0	0	0	0	0	0	0	0	0	0	0	
1	1	1	383	11.49		300	0	0	0.01915	-0.00794828	-0.00794828	0	0	0	121.805	1.43635e-07	1.43635e-07	0	0	0	1.51536	0.74736	0	0.768001		300	0.144195	0.00837703	-0.00418851	-0.00418851	0	0	0	0.144195	0	-0.355028	-111.796	0	20.391	20.391	-1.5099e-14	5.32541	0	0	0	0	0	0	0	0	0	0	0	0	0	0	0	0	0	0	0	0	0	0	0	0	0	0	0	0	0	0	0	0	0	
1	1	1	384	11.52		300	0	0	0.0192	-0.0079717	-0.0079717	0	0	0	121.923	1.43826e-07	1.43826e-07	0	0	0	1.52145	0.749927	0	0.771526		300	0.144857	0.00841655	-0.00420827	-0.00420827	0	0	0	0.144857	0	-0.355028	-111.796	0	20.391	20.391	-1.5099e-14	5.32541	0	0	0	0	0	0	0	0	0	0	0	0	0	0	0	0	0	0	0	0	0	0	0	0	0	0	0	0	0	0	0	0	0	
1	1	1	385	11.55		300	0	0	0.01925	-0.00799512	-0.00799512	0	0	0	122.041	1.44014e-07	1.44014e-07	0	0	0	1.52755	0.752499	0	0.775054		300	0.145519	0.00845609	-0.00422804	-0.00422804	0	0	0	0.145519	0	-0.355028	-111.796	0	20.391	20.391	-1.5099e-14	5.32541	0	0	0	0	0	0	0	0	0	0	0	0	0	0	0	0	0	0	0	0	0	0	0	0	0	0	0	0	0	0	0	0	0	
1	1	1	386	11.58		300	0	0	0.0193	-0.00801854	-0.00801854	0	0	0	122.159	1.44201e-07	1.44201e-07	0	0	0	1.53366	0.755075	0	0.778582		300	0.146181	0.00849566	-0.00424783	-0.00424783	0	0	0	0.146181	0	-0.355028	-111.796	0	20.391	20.391	-1.5099e-14	5.32541	0	0	0	0	0	0	0	0	0	0	0	0	0	0	0	0	0	0	0	0	0	0	0	0	0	0	0	0	0	0	0	0	0	
1	1	1	387	11.61		300	0	0	0.01935	-0.00804197	-0.00804197	0	0	0	122.277	1.44386e-07	1.44386e-07	0	0	0	1.53977	0.757656	0	0.782113		300	0.146844	0.00853525	-0.00426762	-0.00426762	0	0	0	0.146844	0	-0.355028	-111.796	0	20.391	20.391	-1.5099e-14	5.32541	0	0	0	0	0	0	0	0	0	0	0	0	0	0	0	0	0	0	0	0	0	0	0	0	0	0	0	0	0	0	0	0	0	
1	1	1	388	11.64		300	0	0	0.0194	-0.0080654	-0.0080654	0	0	0	122.394	1.44569e-07	1.44569e-07	0	0	0	1.54589	0.76024	0	0.785645		300	0.147508	0.00857486	-0.00428743	-0.00428743	0	0	0	0.147508	0	-0.355028	-111.796	0	20.391	20.391	-1.5099e-14	5.32541	0	0	0	0	0	0	0	0	0	0	0	0	0	0	0	0	0	0	0	0	0	0	0	0	0	0	0	0	0	0	0	0	0	
1	1	1	389	11.67		300	0	0	0.01945	-0.00808884	-0.00808884	0	0	0	122.511	1.4475e-07	1.4475e-07	0	0	0	1.55201	0.762829	0	0.789179		300	0.148171	0.0086145	-0.00430725	-0.00430725	0	0	0	0.148171	0	-0.355028	-111.796	0	20.391	20.391	-1.5099e-14	5.32541	0	0	0	0	0	0	0	0	0	0	0	0	0	0	0	0	0	0	0	0	0	0	0	0	0	0	0	0	0	0	0	0	0	
1	1	1	390	11.7		300	0	0	0.0195	-0.00811228	-0.00811228	0	0	0	122.628	1.4493e-07	1.4493e-07	0	0	0	1.55814	0.765421	0	0.792715		300	0.148835	0.00865416	-0.00432708	-0.00432708	0	0	0	0.148835	0	-0.355028	-111.796	0	20.391	20.391	-1.5099e-14	5.32541	0	0	0	0	0	0	0	0	0	0	0	0	0	0	0	0	0	0	0	0	0	0	0	0	0	0	0	0	0	0	0	0	0	
1	1	1	391	11.73		300	0	0	0.01955	-0.00813572	-0.00813572	0	0	0	122.745	1.45107e-07	1.45107e-07	0	0	0	1.56427	0.768018	0	0.796252		300	0.149499	0.00869385	-0.00434692	-0.00434692	0	0	0	0.149499	0	-0.355028	-111.796	0	20.391	20.391	-1.5099e-14	5.32541	0	0	0	0	0	0	0	0	0	0	0	0	0	0	0	0	0	0	0	0	0	0	0	0	0	0	0	0	0	0	0	0	0	
1	1	1	392	11.76		300	0	0	0.0196	-0.00815917	-0.00815917	0	0	0	122.861	1.45283e-07	1.45283e-07	0	0	0	1.57041	0.77062	0	0.799791		300	0.150163	0.00873355	-0.00436678	-0.00436678	0	0	0	0.150163	0	-0.355028	-111.796	0	20.391	20.391	-1.5099e-14	5.32541	0	0	0	0	0	0	0	0	0	0	0	0	0	0	0	0	0	0	0	0	0	0	0	0	0	0	0	0	0	0	0	0	0	
1	1	1	393	11.79		300	0	0	0.01965	-0.00818262	-0.00818262	0	0	0	122.977	1.45457e-07	1.45457e-07	0	0	0	1.57656	0.773225	0	0.803332		300	0.150828	0.00877328	-0.00438664	-0.00438664	0	0	0	0.150828	0	-0.355028	-111.796	0	20.391	20.391	-1.5099e-14	5.32541	0	0	0	0	0	0	0	0	0	0	0	0	0	0	0	0	0	0	0	0	0	0	0	0	0	0	0	0	0	0	0	0	0	
1	1	1	394	11.82		300	0	0	0.0197	-0.00820607	-0.00820607	0	0	0	123.093	1.4563e-07	1.4563e-07	0	0	0	1.58271	0.775835	0	0.806874		300	0.151493	0.00881303	-0.00440652	-0.00440652	0	0	0	0.151493	0	-0.355028	-111.796	0	20.391	20.391	-1.5099e-14	5.32541	0	0	0	0	0	0	0	0	0	0	0	0	0	0	0	0	0	0	0	0	0	0	0	0	0	0	0	0	0	0	0	0	0	
1	1	1	395	11.85		300	0	0	0.01975	-0.00822952	-0.00822952	0	0	0	123.209	1.458e-07	1.458e-07	0	0	0	1.58887	0.778448	0	0.810418		300	0.152158	0.00885281	-0.0044264	-0.0044264	0	0	0	0.152158	0	-0.355028	-111.796	0	20.391	20.391	-1.5099e-14	5.32541	0	0	0	0	0	0	0	0	0	0	0	0	0	0	0	0	0	0	0	0	0	0	0	0	0	0	0	0	0	0	0	0	0	
1	1	1	396	11.88		300	0	0	0.0198	-0.00825298	-0.00825298	0	0	0	123.324	1.45969e-07	1.45969e-07	0	0	0	1.59503	0.781066	0	0.813964		300	0.152824	0.0088926	-0.0044463	-0.0044463	0	0	0	0.152824	0	-0.355028	-111.796	0	20.391	20.391	-1.5099e-14	5.32541	0	0	0	0	0	0	0	0	0	0	0	0	0	0	0	0	0	0	0	0	0	0	0	0	0	0	0	0	0	0	0	0	0	
1	1	1	397	11.91		300	0	0	0.01985	-0.00827645	-0.00827645	0	0	0	123.439	1.46137e-07	1.46137e-07	0	0	0	1.6012	0.783688	0	0.817511		300	0.15349	0.00893242	-0.00446621	-0.00446621	0	0	0	0.15349	0	-0.355028	-111.796	0	20.391	20.391	-1.5099e-14	5.32541	0	0	0	0	0	0	0	0	0	0	0	0	0	0	0	0	0	0	0	0	0	0	0	0	0	0	0	0	0	0	0	0	0	
1	1	1	398	11.94		300	0	0	0.0199	-0.00829991	-0.00829991	0	0	0	123.554	1.46302e-07	1.46302e-07	0	0	0	1.60737	0.786314	0	0.821059		300	0.154156	0.00897226	-0.00448613	-0.00448613	0	0	0	0.154156	0	-0.355028	-111.796	0	20.391	20.391	-1.5099e-14	5.32541	0	0	0	0	0	0	0	0	0	0	0	0	0	0	0	0	0	0	0	0	0	0	0	0	0	0	0	0	0	0	0	0	0	
1	1	1	399	11.97		300	0	0	0.01995	-0.00832338	-0.00832338	0	0	0	123.669	1.46466e-07	1.46466e-07	0	0	0	1.61355	0.788945	0	0.824609		300	0.154823	0.00901212	-0.00450606	-0.00450606	0	0	0	0.154823	0	-0.355028	-111.796	0	20.391	20.391	-1.5099e-14	5.32541	0	0	0	0	0	0	0	0	0	0	0	0	0	0	0	0	0	0	0	0	0	0	0	0	0	0	0	0	0	0	0	0	0	
1	1	1	400	12		300	0	0	0.02	-0.00834685	-0.00834685	0	0	0	123.783	1.46629e-07	1.46629e-07	0	0	0	1.61974	0.791579	0	0.828161		300	0.15549	0.009052	-0.004526	-0.004526	0	0	0	0.15549	0	-0.355028	-111.796	0	20.391	20.391	-1.5099e-14	5.32541	0	0	0	0	0	0	0	0	0	0	0	0	0	0	0	0	0	0	0	0	0	0	0	0	0	0	0	0	0	0	0	0	0	
1	1	1	401	12.03		300	0	0	0.02005	-0.00837033	-0.00837033	0	0	0	123.898	1.4679e-07	1.4679e-07	0	0	0	1.62593	0.794218	0	0.831714		300	0.156157	0.0090919	-0.00454595	-0.00454595	0	0	0	0.156157	0	-0.355028	-111.796	0	20.391	20.391	-1.5099e-14	5.32541	0	0	0	0	0	0	0	0	0	0	0	0	0	0	0	0	0	0	0	0	0	0	0	0	0	0	0	0	0	0	0	0	0	
1	1	1	402	12.06		300	0	0	0.0201	-0.00839381	-0.00839381	0	0	0	124.011	1.46949e-07	1.46949e-07	0	0	0	1.63213	0.796861	0	0.835269		300	0.156824	0.00913183	-0.00456591	-0.00456591	0	0	0	0.156824	0	-0.355028	-111.796	0	20.391	20.391	-1.5099e-14	5.32541	0	0	0	0	0	0	0	0	0	0	0	0	0	0	0	0	0	0	0	0	0	0	0	0	0	0	0	0	0	0	0	0	0	
1	1	1	403	12.09		300	0	0	0.02015	-0.00841729	-0.00841729	0	0	0	124.125	1.47107e-07	1.47107e-07	0	0	0	1.63833	0.799508	0	0.838826		300	0.157492	0.00917178	-0.00458589	-0.00458589	0	0	0	0.157492	0	-0.355028	-111.796	0	20.391	20.391	-1.5099e-14	5.32541	0	0	0	0	0	0	0	0	0	0	0	0	0	0	0	0	0	0	0	0	0	0	0	0	0	0	0	0	0	0	0	0	0	
1	1	1	404	12.12		300	0	0	0.0202	-0.00844077	-0.00844077	0	0	0	124.239	1.47263e-07	1.47263e-07	0	0	0	1.64454	0.802159	0	0.842383		300	0.15816	0.00921174	-0.00460587	-0.00460587	0	0	0	0.15816	0	-0.355028	-111.796	0	20.391	20.391	-1.5099e-14	5.32541	0	0	0	0	0	0	0	0	0	0	0	0	0	0	0	0	0	0	0	0	0	0	0	0	0	0	0	0	0	0	0	0	0	
1	1	1	405	12.15		300	0	0	0.02025	-0.00846426	-0.00846426	0	0	0	124.352	1.47418e-07	1.47418e-07	0	0	0	1.65076	0.804815	0	0.845943		300	0.158828	0.00925173	-0.00462586	-0.00462586	0	0	0	0.158828	0	-0.355028	-111.796	0	20.391	20.391	-1.5099e-14	5.32541	0	0	0	0	0	0	0	0	0	0	0	0	0	0	0	0	0	0	0	0	0	0	0	0	0	0	0	0	0	0	0	0	0	
1	1	1	406	12.18		300	0	0	0.0203	-0.00848775	-0.00848775	0	0	0	124.465	1.47572e-07	1.47572e-07	0	0	0	1.65698	0.807474	0	0.849504		300	0.159496	0.00929174	-0.00464587	-0.00464587	0	0	0	0.159496	0	-0.355028	-111.796	0	20.391	20.391	-1.5099e-14	5.32541	0	0	0	0	0	0	0	0	0	0	0	0	0	0	0	0	0	0	0	0	0	0	0	0	0	0	0	0	0	0	0	0	0	
1	1	1	407	12.21		300	0	0	0.02035	-0.00851125	-0.00851125	0	0	0	124.578	1.47723e-07	1.47723e-07	0	0	0	1.6632	0.810138	0	0.853066		300	0.160165	0.00933177	-0.00466588	-0.00466588	0	0	0	0.160165	0	-0.355028	-111.796	0	20.391	20.391	-1.5099e-14	5.32541	0	0	0	0	0	0	0	0	0	0	0	0	0	0	0	0	0	0	0	0	0	0	0	0	0	0	0	0	0	0	0	0	0	
1	1	1	408	12.24		300	0	0	0.0204	-0.00853474	-0.00853474	0	0	0	124.69	1.47874e-07	1.47874e-07	0	0	0	1.66944	0.812806	0	0.85663		300	0.160834	0.00937181	-0.00468591	-0.00468591	0	0	0	0.160834	0	-0.355028	-111.796	0	20.391	20.391	-1.5099e-14	5.32541	0	0	0	0	0	0	0	0	0	0	0	0	0	0	0	0	0	0	0	0	0	0	0	0	0	0	0	0	0	0	0	0	0	
1	1	1	409	12.27		300	0	0	0.02045	-0.00855824	-0.00855824	0	0	0	124.802	1.48023e-07	1.48023e-07	0	0	0	1.67567	0.815478	0	0.860195		300	0.161504	0.00941188	-0.00470594	-0.00470594	0	0	0	0.161504	0	-0.355028	-111.796	0	20.391	20.391	-1.5099e-14	5.32541	0	0	0	0	0	0	0	0	0	0	0	0	0	0	0	0	0	0	0	0	0	0	0	0	0	0	0	0	0	0	0	0	0	
1	1	1	410	12.3		300	0	0	0.0205	-0.00858175	-0.00858175	0	0	0	124.914	1.4817e-07	1.4817e-07	0	0	0	1.68192	0.818155	0	0.863761		300	0.162173	0.00945197	-0.00472599	-0.00472599	0	0	0	0.162173	0	-0.355028	-111.796	0	20.391	20.391	-1.5099e-14	5.32541	0	0	0	0	0	0	0	0	0	0	0	0	0	0	0	0	0	0	0	0	0	0	0	0	0	0	0	0	0	0	0	0	0	
1	1	1	411	12.33		300	0	0	0.02055	-0.00860525	-0.00860525	0	0	0	125.026	1.48317e-07	1.48317e-07	0	0	0	1.68816	0.820835	0	0.867329		300	0.162843	0.00949208	-0.00474604	-0.00474604	0	0	0	0.162843	0	-0.355028	-111.796	0	20.391	20.391	-1.5099e-14	5.32541	0	0	0	0	0	0	0	0	0	0	0	0	0	0	0	0	0	0	0	0	0	0	0	0	0	0	0	0	0	0	0	0	0	
1	1	1	412	12.36		300	0	0	0.0206	-0.00862876	-0.00862876	0	0	0	125.138	1.48461e-07	1.48461e-07	0	0	0	1.69442	0.82352	0	0.870899		300	0.163513	0.00953221	-0.00476611	-0.00476611	0	0	0	0.163513	0	-0.355028	-111.796	0	20.391	20.391	-1.5099e-14	5.32541	0	0	0	0	0	0	0	0	0	0	0	0	0	0	0	0	0	0	0	0	0	0	0	0	0	0	0	0	0	0	0	0	0	
1	1	1	413	12.39		300	0	0	0.02065	-0.00865228	-0.00865228	0	0	0	125.249	1.48605e-07	1.48605e-07	0	0	0	1.70068	0.826209	0	0.87447		300	0.164184	0.00957236	-0.00478618	-0.00478618	0	0	0	0.164184	0	-0.355028	-111.796	0	20.391	20.391	-1.5099e-14	5.32541	0	0	0	0	0	0	0	0	0	0	0	0	0	0	0	0	0	0	0	0	0	0	0	0	0	0	0	0	0	0	0	0	0	
1	1	1	414	12.42		300	0	0	0.0207	-0.00867579	-0.00867579	0	0	0	125.36	1.48747e-07	1.48747e-07	0	0	0	1.70694	0.828902	0	0.878042		300	0.164854	0.00961253	-0.00480626	-0.00480626	0	0	0	0.164854	0	-0.355028	-111.796	0	20.391	20.391	-1.5099e-14	5.32541	0	0	0	0	0	0	0	0	0	0	0	0	0	0	0	0	0	0	0	0	0	0	0	0	0	0	0	0	0	0	0	0	0	
1	1	1	415	12.45		300	0	0	0.02075	-0.00869931	-0.00869931	0	0	0	125.471	1.48888e-07	1.48888e-07	0	0	0	1.71321	0.831599	0	0.881616		300	0.165525	0.00965271	-0.00482636	-0.00482636	0	0	0	0.165525	0	-0.355028	-111.796	0	20.391	20.391	-1.5099e-14	5.32541	0	0	0	0	0	0	0	0	0	0	0	0	0	0	0	0	0	0	0	0	0	0	0	0	0	0	0	0	0	0	0	0	0	
1	1	1	416	12.48		300	0	0	0.0208	-0.00872283	-0.00872283	0	0	0	125.582	1.49027e-07	1.49027e-07	0	0	0	1.71949	0.8343	0	0.885191		300	0.166196	0.00969292	-0.00484646	-0.00484646	0	0	0	0.166196	0	-0.355028	-111.796	0	20.391	20.391	-1.5099e-14	5.32541	0	0	0	0	0	0	0	0	0	0	0	0	0	0	0	0	0	0	0	0	0	0	0	0	0	0	0	0	0	0	0	0	0	
1	1	1	417	12.51		300	0	0	0.02085	-0.00874636	-0.00874636	0	0	0	125.693	1.49165e-07	1.49165e-07	0	0	0	1.72577	0.837006	0	0.888767		300	0.166868	0.00973315	-0.00486657	-0.00486657	0	0	0	0.166868	0	-0.355028	-111.796	0	20.391	20.391	-1.5099e-14	5.32541	0	0	0	0	0	0	0	0	0	0	0	0	0	0	0	0	0	0	0	0	0	0	0	0	0	0	0	0	0	0	0	0	0	
1	1	1	418	12.54		300	0	0	0.0209	-0.00876988	-0.00876988	0	0	0	125.803	1.49302e-07	1.49302e-07	0	0	0	1.73206	0.839715	0	0.892345		300	0.16754	0.00977339	-0.0048867	-0.0048867	0	0	0	0.16754	0	-0.355028	-111.796	0	20.391	20.391	-1.5099e-14	5.32541	0	0	0	0	0	0	0	0	0	0	0	0	0	0	0	0	0	0	0	0	0	0	0	0	0	0	0	0	0	0	0	0	0	
1	1	1	419	12.57		300	0	0	0.02095	-0.00879341	-0.00879341	0	0	0	125.913	1.49437e-07	1.49437e-07	0	0	0	1.73835	0.842429	0	0.895924		300	0.168212	0.00981366	-0.00490683	-0.00490683	0	0	0	0.168212	0	-0.355028	-111.796	0	20.391	20.391	-1.5099e-14	5.32541	0	0	0	0	0	0	0	0	0	0	0	0	0	0	0	0	0	0	0	0	0	0	0	0	0	0	0	0	0	0	0	0	0	
1	1	1	420	12.6		300	0	0	0.021	-0.00881694	-0.00881694	0	0	0	126.023	1.49572e-07	1.49572e-07	0	0	0	1.74465	0.845147	0	0.899504		300	0.168884	0.00985394	-0.00492697	-0.00492697	0	0	0	0.168884	0	-0.355028	-111.796	0	20.391	20.391	-1.5099e-14	5.32541	0	0	0	0	0	0	0	0	0	0	0	0	0	0	0	0	0	0	0	0	0	0	0	0	0	0	0	0	0	0	0	0	0	
1	1	1	421	12.63		300	0	0	0.02105	-0.00884048	-0.00884048	0	0	0	126.132	1.49705e-07	1.49705e-07	0	0	0	1.75096	0.847869	0	0.903086		300	0.169556	0.00989424	-0.00494712	-0.00494712	0	0	0	0.169556	0	-0.355028	-111.796	0	20.391	20.391	-1.5099e-14	5.32541	0	0	0	0	0	0	0	0	0	0	0	0	0	0	0	0	0	0	0	0	0	0	0	0	0	0	0	0	0	0	0	0	0	
1	1	1	422	12.66		300	0	0	0.0211	-0.00886402	-0.00886402	0	0	0	126.242	1.49836e-07	1.49836e-07	0	0	0	1.75726	0.850595	0	0.906669		300	0.170229	0.00993456	-0.00496728	-0.00496728	0	0	0	0.170229	0	-0.355028	-111.796	0	20.391	20.391	-1.5099e-14	5.32541	0	0	0	0	0	0	0	0	0	0	0	0	0	0	0	0	0	0	0	0	0	0	0	0	0	0	0	0	0	0	0	0	0	
1	1	1	423	12.69		300	0	0	0.02115	-0.00888756	-0.00888756	0	0	0	126.351	1.49967e-07	1.49967e-07	0	0	0	1.76358	0.853326	0	0.910253		300	0.170902	0.0099749	-0.00498745	-0.00498745	0	0	0	0.170902	0	-0.355028	-111.796	0	20.391	20.391	-1.5099e-14	5.32541	0	0	0	0	0	0	0	0	0	0	0	0	0	0	0	0	0	0	0	0	0	0	0	0	0	0	0	0	0	0	0	0	0	
1	1	1	424	12.72		300	0	0	0.0212	-0.0089111	-0.0089111	0	0	0	126.46	1.50096e-07	1.50096e-07	0	0	0	1.7699	0.85606	0	0.913839		300	0.171575	0.0100153	-0.00500763	-0.00500763	0	0	0	0.171575	0	-0.355028	-111.796	0	20.391	20.391	-1.5099e-14	5.32541	0	0	0	0	0	0	0	0	0	0	0	0	0	0	0	0	0	0	0	0	0	0	0	0	0	0	0	0	0	0	0	0	0	
1	1	1	425	12.75		300	0	0	0.02125	-0.00893465	-0.00893465	0	0	0	126.569	1.50224e-07	1.50224e-07	0	0	0	1.77623	0.858799	0	0.917426		300	0.172248	0.0100556	-0.00502781	-0.00502781	0	0	0	0.172248	0	-0.355028	-111.796	0	20.391	20.391	-1.5099e-14	5.32541	0	0	0	0	0	0	0	0	0	0	0	0	0	0	0	0	0	0	0	0	0	0	0	0	0	0	0	0	0	0	0	0	0	
1	1	1	426	12.78		300	0	0	0.0213	-0.0089582	-0.0089582	0	0	0	126.678	1.50351e-07	1.50351e-07	0	0	0	1.78256	0.861542	0	0.921014		300	0.172922	0.010096	-0.00504801	-0.00504801	0	0	0	0.172922	0	-0.355028	-111.796	0	20.391	20.391	-1.5099e-14	5.32541	0	0	0	0	0	0	0	0	0	0	0	0	0	0	0	0	0	0	0	0	0	0	0	0	0	0	0	0	0	0	0	0	0	
1	1	1	427	12.81		300	0	0	0.02135	-0.00898175	-0.00898175	0	0	0	126.786	1.50477e-07	1.50477e-07	0	0	0	1.78889	0.864289	0	0.924604		300	0.173596	0.0101364	-0.00506822	-0.00506822	0	0	0	0.173596	0	-0.355028	-111.796	0	20.391	20.391	-1.5099e-14	5.32541	0	0	0	0	0	0	0	0	0	0	0	0	0	0	0	0	0	0	0	0	0	0	0	0	0	0	0	0	0	0	0	0	0	
1	1	1	428	12.84		300	0	0	0.0214	-0.00900531	-0.00900531	0	0	0	126.894	1.50602e-07	1.50602e-07	0	0	0	1.79524	0.86704	0	0.928195		300	0.17427	0.0101769	-0.00508843	-0.00508843	0	0	0	0.17427	0	-0.355028	-111.796	0	20.391	20.391	-1.5099e-14	5.32541	0	0	0	0	0	0	0	0	0	0	0	0	0	0	0	0	0	0	0	0	0	0	0	0	0	0	0	0	0	0	0	0	0	
1	1	1	429	12.87		300	0	0	0.02145	-0.00902886	-0.00902886	0	0	0	127.002	1.50725e-07	1.50725e-07	0	0	0	1.80158	0.869796	0	0.931787		300	0.174945	0.0102173	-0.00510865	-0.00510865	0	0	0	0.174945	0	-0.355028	-111.796	0	20.391	20.391	-1.5099e-14	5.32541	0	0	0	0	0	0	0	0	0	0	0	0	0	0	0	0	0	0	0	0	0	0	0	0	0	0	0	0	0	0	0	0	0	
1	1	1	430	12.9		300	0	0	0.0215	-0.00905242	-0.00905242	0	0	0	127.11	1.50848e-07	1.50848e-07	0	0	0	1.80794	0.872555	0	0.93538		300	0.175619	0.0102578	-0.00512889	-0.00512889	0	0	0	0.175619	0	-0.355028	-111.796	0	20.391	20.391	-1.5099e-14	5.32541	0	0	0	0	0	0	0	0	0	0	0	0	0	0	0	0	0	0	0	0	0	0	0	0	0	0	0	0	0	0	0	0	0	
1	1	1	431	12.93		300	0	0	0.02155	-0.00907599	-0.00907599	0	0	0	127.218	1.50969e-07	1.50969e-07	0	0	0	1.81429	0.875319	0	0.938975		300	0.176294	0.0102983	-0.00514913	-0.00514913	0	0	0	0.176294	0	-0.355028	-111.796	0	20.391	20.391	-1.5099e-14	5.32541	0	0	0	0	0	0	0	0	0	0	0	0	0	0	0	0	0	0	0	0	0	0	0	0	0	0	0	0	0	0	0	0	0	
1	1	1	432	12.96		300	0	0	0.0216	-0.00909955	-0.00909955	0	0	0	127.325	1.51089e-07	1.51089e-07	0	0	0	1.82066	0.878087	0	0.94257		300	0.176969	0.0103388	-0.00516938	-0.00516938	0	0	0	0.176969	0	-0.355028	-111.796	0	20.391	20.391	-1.5099e-14	5.32541	0	0	0	0	0	0	0	0	0	0	0	0	0	0	0	0	0	0	0	0	0	0	0	0	0	0	0	0	0	0	0	0	0	
1	1	1	433	12.99		300	0	0	0.02165	-0.00912312	-0.00912312	0	0	0	127.432	1.51208e-07	1.51208e-07	0	0	0	1.82703	0.880859	0	0.946167		300	0.177644	0.0103793	-0.00518963	-0.00518963	0	0	0	0.177644	0	-0.355028	-111.796	0	20.391	20.391	-1.5099e-14	5.32541	0	0	0	0	0	0	0	0	0	0	0	0	0	0	0	0	0	0	0	0	0	0	0	0	0	0	0	0	0	0	0	0	0	
1	1	1	434	13.02		300	0	0	0.0217	-0.00914669	-0.00914669	0	0	0	127.539	1.51326e-07	1.51326e-07	0	0	0	1.8334	0.883635	0	0.949765		300	0.17832	0.0104198	-0.0052099	-0.0052099	0	0	0	0.17832	0	-0.355028	-111.796	0	20.391	20.391	-1.5099e-14	5.32541	0	0	0	0	0	0	0	0	0	0	0	0	0	0	0	0	0	0	0	0	0	0	0	0	0	0	0	0	0	0	0	0	0	
1	1	1	435	13.05		300	0	0	0.02175	-0.00917026	-0.00917026	0	0	0	127.646	1.51443e-07	1.51443e-07	0	0	0	1.83978	0.886415	0	0.953365		300	0.178996	0.0104604	-0.00523018	-0.00523018	0	0	0	0.178996	0	-0.355028	-111.796	0	20.391	20.391	-1.5099e-14	5.32541	0	0	0	0	0	0	0	0	0	0	0	0	0	0	0	0	0	0	0	0	0	0	0	0	0	0	0	0	0	0	0	0	0	
1	1	1	436	13.08		300	0	0	0.0218	-0.00919384	-0.00919384	0	0	0	127.753	1.51559e-07	1.51559e-07	0	0	0	1.84616	0.8892	0	0.956965		300	0.179672	0.0105009	-0.00525046	-0.00525046	0	0	0	0.179672	0	-0.355028	-111.796	0	20.391	20.391	-1.5099e-14	5.32541	0	0	0	0	0	0	0	0	0	0	0	0	0	0	0	0	0	0	0	0	0	0	0	0	0	0	0	0	0	0	0	0	0	
1	1	1	437	13.11		300	0	0	0.02185	-0.00921742	-0.00921742	0	0	0	127.859	1.51674e-07	1.51674e-07	0	0	0	1.85256	0.891988	0	0.960567		300	0.180348	0.0105415	-0.00527075	-0.00527075	0	0	0	0.180348	0	-0.355028	-111.796	0	20.391	20.391	-1.5099e-14	5.32541	0	0	0	0	0	0	0	0	0	0	0	0	0	0	0	0	0	0	0	0	0	0	0	0	0	0	0	0	0	0	0	0	0	
1	1	1	438	13.14		300	0	0	0.0219	-0.009241	-0.009241	0	0	0	127.966	1.51788e-07	1.51788e-07	0	0	0	1.85895	0.894781	0	0.96417		300	0.181024	0.0105821	-0.00529105	-0.00529105	0	0	0	0.181024	0	-0.355028	-111.796	0	20.391	20.391	-1.5099e-14	5.32541	0	0	0	0	0	0	0	0	0	0	0	0	0	0	0	0	0	0	0	0	0	0	0	0	0	0	0	0	0	0	0	0	0	
1	1	1	439	13.17		300	0	0	0.02195	-0.00926458	-0.00926458	0	0	0	128.072	1.51901e-07	1.51901e-07	0	0	0	1.86535	0.897578	0	0.967774		300	0.181701	0.0106227	-0.00531136	-0.00531136	0	0	0	0.181701	0	-0.355028	-111.796	0	20.391	20.391	-1.5099e-14	5.32541	0	0	0	0	0	0	0	0	0	0	0	0	0	0	0	0	0	0	0	0	0	0	0	0	0	0	0	0	0	0	0	0	0	
1	1	1	440	13.2		300	0	0	0.022	-0.00928817	-0.00928817	0	0	0	128.178	1.52012e-07	1.52012e-07	0	0	0	1.87176	0.900379	0	0.971379		300	0.182378	0.0106634	-0.00533168	-0.00533168	0	0	0	0.182378	0	-0.355028	-111.796	0	20.391	20.391	-1.5099e-14	5.32541	0	0	0	0	0	0	0	0	0	0	0	0	0	0	0	0	0	0	0	0	0	0	0	0	0	0	0	0	0	0	0	0	0	
1	1	1	441	13.23		300	0	0	0.02205	-0.00931175	-0.00931175	0	0	0	128.283	1.52123e-07	1.52123e-07	0	0	0	1.87817	0.903184	0	0.974986		300	0.183055	0.010704	-0.005352	-0.005352	0	0	0	0.183055	0	-0.355028	-111.796	0	20.391	20.391	-1.5099e-14	5.32541	0	0	0	0	0	0	0	0	0	0	0	0	0	0	0	0	0	0	0	0	0	0	0	0	0	0	0	0	0	0	0	0	0	
1	1	1	442	13.26		300	0	0	0.0221	-0.00933535	-0.00933535	0	0	0	128.389	1.52233e-07	1.52233e-07	0	0	0	1.88459	0.905993	0	0.978593		300	0.183732	0.0107447	-0.00537234	-0.00537234	0	0	0	0.183732	0	-0.355028	-111.796	0	20.391	20.391	-1.5099e-14	5.32541	0	0	0	0	0	0	0	0	0	0	0	0	0	0	0	0	0	0	0	0	0	0	0	0	0	0	0	0	0	0	0	0	0	
1	1	1	443	13.29		300	0	0	0.02215	-0.00935894	-0.00935894	0	0	0	128.494	1.52342e-07	1.52342e-07	0	0	0	1.89101	0.908806	0	0.982202		300	0.18441	0.0107854	-0.00539268	-0.00539268	0	0	0	0.18441	0	-0.355028	-111.796	0	20.391	20.391	-1.5099e-14	5.32541	0	0	0	0	0	0	0	0	0	0	0	0	0	0	0	0	0	0	0	0	0	0	0	0	0	0	0	0	0	0	0	0	0	
1	1	1	444	13.32		300	0	0	0.0222	-0.00938253	-0.00938253	0	0	0	128.599	1.5245e-07	1.5245e-07	0	0	0	1.89744	0.911624	0	0.985812		300	0.185087	0.0108261	-0.00541303	-0.00541303	0	0	0	0.185087	0	-0.355028	-111.796	0	20.391	20.391	-1.5099e-14	5.32541	0	0	0	0	0	0	0	0	0	0	0	0	0	0	0	0	0	0	0	0	0	0	0	0	0	0	0	0	0	0	0	0	0	
1	1	1	445	13.35		300	0	0	0.02225	-0.00940613	-0.00940613	0	0	0	128.704	1.52556e-07	1.52556e-07	0	0	0	1.90387	0.914446	0	0.989423		300	0.185765	0.0108668	-0.00543338	-0.00543338	0	0	0	0.185765	0	-0.355028	-111.796	0	20.391	20.391	-1.5099e-14	5.32541	0	0	0	0	0	0	0	0	0	0	0	0	0	0	0	0	0	0	0	0	0	0	0	0	0	0	0	0	0	0	0	0	0	
1	1	1	446	13.38		300	0	0	0.0223	-0.00942973	-0.00942973	0	0	0	128.809	1.52662e-07	1.52662e-07	0	0	0	1.91031	0.917271	0	0.993035		300	0.186443	0.0109075	-0.00545375	-0.00545375	0	0	0	0.186443	0	-0.355028	-111.796	0	20.391	20.391	-1.5099e-14	5.32541	0	0	0	0	0	0	0	0	0	0	0	0	0	0	0	0	0	0	0	0	0	0	0	0	0	0	0	0	0	0	0	0	0	
1	1	1	447	13.41		300	0	0	0.02235	-0.00945334	-0.00945334	0	0	0	128.914	1.52767e-07	1.52767e-07	0	0	0	1.91675	0.920101	0	0.996648		300	0.187122	0.0109482	-0.00547412	-0.00547412	0	0	0	0.187122	0	-0.355028	-111.796	0	20.391	20.391	-1.5099e-14	5.32541	0	0	0	0	0	0	0	0	0	0	0	0	0	0	0	0	0	0	0	0	0	0	0	0	0	0	0	0	0	0	0	0	0	
1	1	1	448	13.44		300	0	0	0.0224	-0.00947694	-0.00947694	0	0	0	129.018	1.52872e-07	1.52871e-07	0	0	0	1.9232	0.922935	0	1.00026		300	0.1878	0.010989	-0.00549451	-0.00549451	0	0	0	0.1878	0	-0.355028	-111.796	0	20.391	20.391	-1.5099e-14	5.32541	0	0	0	0	0	0	0	0	0	0	0	0	0	0	0	0	0	0	0	0	0	0	0	0	0	0	0	0	0	0	0	0	0	
1	1	1	449	13.47		300	0	0	0.02245	-0.00950055	-0.00950055	0	0	0	129.122	1.52975e-07	1.52975e-07	0	0	0	1.92965	0.925774	0	1.00388		300	0.188479	0.0110298	-0.00551489	-0.00551489	0	0	0	0.188479	0	-0.355028	-111.796	0	20.391	20.391	-1.5099e-14	5.32541	0	0	0	0	0	0	0	0	0	0	0	0	0	0	0	0	0	0	0	0	0	0	0	0	0	0	0	0	0	0	0	0	0	
1	1	1	450	13.5		300	0	0	0.0225	-0.00952416	-0.00952416	0	0	0	129.227	1.53077e-07	1.53077e-07	0	0	0	1.93611	0.928616	0	1.00749		300	0.189158	0.0110706	-0.00553529	-0.00553529	0	0	0	0.189158	0	-0.355028	-111.796	0	20.391	20.391	-1.5099e-14	5.32541	0	0	0	0	0	0	0	0	0	0	0	0	0	0	0	0	0	0	0	0	0	0	0	0	0	0	0	0	0	0	0	0	0	
1	1	1	451	13.53		300	0	0	0.02255	-0.00954777	-0.00954777	0	0	0	129.33	1.53178e-07	1.53178e-07	0	0	0	1.94257	0.931462	0	1.01111		300	0.189837	0.0111114	-0.0055557	-0.0055557	0	0	0	0.189837	0	-0.355028	-111.796	0	20.391	20.391	-1.5099e-14	5.32541	0	0	0	0	0	0	0	0	0	0	0	0	0	0	0	0	0	0	0	0	0	0	0	0	0	0	0	0	0	0	0	0	0	
1	1	1	452	13.56		300	0	0	0.0226	-0.00957138	-0.00957138	0	0	0	129.434	1.53279e-07	1.53279e-07	0	0	0	1.94904	0.934313	0	1.01473		300	0.190517	0.0111522	-0.00557611	-0.00557611	0	0	0	0.190517	0	-0.355028	-111.796	0	20.391	20.391	-1.5099e-14	5.32541	0	0	0	0	0	0	0	0	0	0	0	0	0	0	0	0	0	0	0	0	0	0	0	0	0	0	0	0	0	0	0	0	0	
1	1	1	453	13.59		300	0	0	0.02265	-0.009595	-0.009595	0	0	0	129.538	1.53378e-07	1.53378e-07	0	0	0	1.95552	0.937168	0	1.01835		300	0.191196	0.0111931	-0.00559653	-0.00559653	0	0	0	0.191196	0	-0.355028	-111.796	0	20.391	20.391	-1.5099e-14	5.32541	0	0	0	0	0	0	0	0	0	0	0	0	0	0	0	0	0	0	0	0	0	0	0	0	0	0	0	0	0	0	0	0	0	
1	1	1	454	13.62		300	0	0	0.0227	-0.00961862	-0.00961862	0	0	0	129.641	1.53477e-07	1.53477e-07	0	0	0	1.962	0.940026	0	1.02197		300	0.191876	0.0112339	-0.00561696	-0.00561696	0	0	0	0.191876	0	-0.355028	-111.796	0	20.391	20.391	-1.5099e-14	5.32541	0	0	0	0	0	0	0	0	0	0	0	0	0	0	0	0	0	0	0	0	0	0	0	0	0	0	0	0	0	0	0	0	0	
1	1	1	455	13.65		300	0	0	0.02275	-0.00964224	-0.00964224	0	0	0	129.744	1.53575e-07	1.53575e-07	0	0	0	1.96848	0.942889	0	1.02559		300	0.192556	0.0112748	-0.00563739	-0.00563739	0	0	0	0.192556	0	-0.355028	-111.796	0	20.391	20.391	-1.5099e-14	5.32541	0	0	0	0	0	0	0	0	0	0	0	0	0	0	0	0	0	0	0	0	0	0	0	0	0	0	0	0	0	0	0	0	0	
1	1	1	456	13.68		300	0	0	0.0228	-0.00966587	-0.00966587	0	0	0	129.847	1.53672e-07	1.53672e-07	0	0	0	1.97497	0.945756	0	1.02921		300	0.193236	0.0113157	-0.00565783	-0.00565783	0	0	0	0.193236	0	-0.355028	-111.796	0	20.391	20.391	-1.5099e-14	5.32541	0	0	0	0	0	0	0	0	0	0	0	0	0	0	0	0	0	0	0	0	0	0	0	0	0	0	0	0	0	0	0	0	0	
1	1	1	457	13.71		300	0	0	0.02285	-0.00968949	-0.00968949	0	0	0	129.95	1.53768e-07	1.53768e-07	0	0	0	1.98147	0.948628	0	1.03284		300	0.193916	0.0113566	-0.00567828	-0.00567828	0	0	0	0.193916	0	-0.355028	-111.796	0	20.391	20.391	-1.5099e-14	5.32541	0	0	0	0	0	0	0	0	0	0	0	0	0	0	0	0	0	0	0	0	0	0	0	0	0	0	0	0	0	0	0	0	0	
1	1	1	458	13.74		300	0	0	0.0229	-0.00971312	-0.00971312	0	0	0	130.053	1.53863e-07	1.53863e-07	0	0	0	1.98797	0.951503	0	1.03646		300	0.194597	0.0113975	-0.00569874	-0.00569874	0	0	0	0.194597	0	-0.355028	-111.796	0	20.391	20.391	-1.5099e-14	5.32541	0	0	0	0	0	0	0	0	0	0	0	0	0	0	0	0	0	0	0	0	0	0	0	0	0	0	0	0	0	0	0	0	0	
1	1	1	459	13.77		300	0	0	0.02295	-0.00973675	-0.00973675	0	0	0	130.156	1.53958e-07	1.53958e-07	0	0	0	1.99447	0.954382	0	1.04009		300	0.195278	0.0114384	-0.00571921	-0.00571921	0	0	0	0.195278	0	-0.355028	-111.796	0	20.391	20.391	-1.5099e-14	5.32541	0	0	0	0	0	0	0	0	0	0	0	0	0	0	0	0	0	0	0	0	0	0	0	0	0	0	0	0	0	0	0	0	0	
1	1	1	460	13.8		300	0	0	0.023	-0.00976038	-0.00976038	0	0	0	130.258	1.54051e-07	1.54051e-07	0	0	0	2.00098	0.957266	0	1.04372		300	0.195958	0.0114794	-0.00573968	-0.00573968	0	0	0	0.195958	0	-0.355028	-111.796	0	20.391	20.391	-1.5099e-14	5.32541	0	0	0	0	0	0	0	0	0	0	0	0	0	0	0	0	0	0	0	0	0	0	0	0	0	0	0	0	0	0	0	0	0	
1	1	1	461	13.83		300	0	0	0.02305	-0.00978402	-0.00978402	0	0	0	130.36	1.54144e-07	1.54144e-07	0	0	0	2.0075	0.960154	0	1.04734		300	0.19664	0.0115203	-0.00576016	-0.00576016	0	0	0	0.19664	0	-0.355028	-111.796	0	20.391	20.391	-1.5099e-14	5.32541	0	0	0	0	0	0	0	0	0	0	0	0	0	0	0	0	0	0	0	0	0	0	0	0	0	0	0	0	0	0	0	0	0	
1	1	1	462	13.86		300	0	0	0.0231	-0.00980765	-0.00980765	0	0	0	130.462	1.54236e-07	1.54236e-07	0	0	0	2.01402	0.963045	0	1.05097		300	0.197321	0.0115613	-0.00578064	-0.00578064	0	0	0	0.197321	0	-0.355028	-111.796	0	20.391	20.391	-1.5099e-14	5.32541	0	0	0	0	0	0	0	0	0	0	0	0	0	0	0	0	0	0	0	0	0	0	0	0	0	0	0	0	0	0	0	0	0	
1	1	1	463	13.89		300	0	0	0.02315	-0.00983129	-0.00983129	0	0	0	130.564	1.54328e-07	1.54328e-07	0	0	0	2.02054	0.965941	0	1.0546		300	0.198002	0.0116023	-0.00580114	-0.00580114	0	0	0	0.198002	0	-0.355028	-111.796	0	20.391	20.391	-1.5099e-14	5.32541	0	0	0	0	0	0	0	0	0	0	0	0	0	0	0	0	0	0	0	0	0	0	0	0	0	0	0	0	0	0	0	0	0	
1	1	1	464	13.92		300	0	0	0.0232	-0.00985493	-0.00985493	0	0	0	130.666	1.54418e-07	1.54418e-07	0	0	0	2.02707	0.968841	0	1.05823		300	0.198684	0.0116433	-0.00582164	-0.00582164	0	0	0	0.198684	0	-0.355028	-111.796	0	20.391	20.391	-1.5099e-14	5.32541	0	0	0	0	0	0	0	0	0	0	0	0	0	0	0	0	0	0	0	0	0	0	0	0	0	0	0	0	0	0	0	0	0	
1	1	1	465	13.95		300	0	0	0.02325	-0.00987858	-0.00987858	0	0	0	130.768	1.54508e-07	1.54508e-07	0	0	0	2.03361	0.971745	0	1.06186		300	0.199366	0.0116843	-0.00584215	-0.00584215	0	0	0	0.199366	0	-0.355028	-111.796	0	20.391	20.391	-1.5099e-14	5.32541	0	0	0	0	0	0	0	0	0	0	0	0	0	0	0	0	0	0	0	0	0	0	0	0	0	0	0	0	0	0	0	0	0	
1	1	1	466	13.98		300	0	0	0.0233	-0.00990222	-0.00990222	0	0	0	130.869	1.54597e-07	1.54597e-07	0	0	0	2.04015	0.974653	0	1.0655		300	0.200048	0.0117253	-0.00586266	-0.00586266	0	0	0	0.200048	0	-0.355028	-111.796	0	20.391	20.391	-1.5099e-14	5.32541	0	0	0	0	0	0	0	0	0	0	0	0	0	0	0	0	0	0	0	0	0	0	0	0	0	0	0	0	0	0	0	0	0	
1	1	1	467	14.01		300	0	0	0.02335	-0.00992587	-0.00992587	0	0	0	130.97	1.54685e-07	1.54685e-07	0	0	0	2.0467	0.977566	0	1.06913		300	0.20073	0.0117664	-0.00588318	-0.00588318	0	0	0	0.20073	0	-0.355028	-111.796	0	20.391	20.391	-1.5099e-14	5.32541	0	0	0	0	0	0	0	0	0	0	0	0	0	0	0	0	0	0	0	0	0	0	0	0	0	0	0	0	0	0	0	0	0	
1	1	1	468	14.04		300	0	0	0.0234	-0.00994952	-0.00994952	0	0	0	131.071	1.54773e-07	1.54772e-07	0	0	0	2.05325	0.980482	0	1.07277		300	0.201412	0.0118074	-0.00590371	-0.00590371	0	0	0	0.201412	0	-0.355028	-111.796	0	20.391	20.391	-1.5099e-14	5.32541	0	0	0	0	0	0	0	0	0	0	0	0	0	0	0	0	0	0	0	0	0	0	0	0	0	0	0	0	0	0	0	0	0	
1	1	1	469	14.07		300	0	0	0.02345	-0.00997317	-0.00997317	0	0	0	131.172	1.54859e-07	1.54859e-07	0	0	0	2.0598	0.983403	0	1.0764		300	0.202095	0.0118485	-0.00592425	-0.00592425	0	0	0	0.202095	0	-0.355028	-111.796	0	20.391	20.391	-1.5099e-14	5.32541	0	0	0	0	0	0	0	0	0	0	0	0	0	0	0	0	0	0	0	0	0	0	0	0	0	0	0	0	0	0	0	0	0	
1	1	1	470	14.1		300	0	0	0.0235	-0.00999683	-0.00999683	0	0	0	131.273	1.54945e-07	1.54945e-07	0	0	0	2.06637	0.986327	0	1.08004		300	0.202778	0.0118896	-0.00594479	-0.00594479	0	0	0	0.202778	0	-0.355028	-111.796	0	20.391	20.391	-1.5099e-14	5.32541	0	0	0	0	0	0	0	0	0	0	0	0	0	0	0	0	0	0	0	0	0	0	0	0	0	0	0	0	0	0	0	0	0	
1	1	1	471	14.13		300	0	0	0.02355	-0.0100205	-0.0100205	0	0	0	131.374	1.5503e-07	1.5503e-07	0	0	0	2.07293	0.989256	0	1.08368		300	0.203461	0.0119307	-0.00596534	-0.00596534	0	0	0	0.203461	0	-0.355028	-111.796	0	20.391	20.391	-1.5099e-14	5.32541	0	0	0	0	0	0	0	0	0	0	0	0	0	0	0	0	0	0	0	0	0	0	0	0	0	0	0	0	0	0	0	0	0	
1	1	1	472	14.16		300	0	0	0.0236	-0.0100441	-0.0100441	0	0	0	131.474	1.55115e-07	1.55115e-07	0	0	0	2.0795	0.992189	0	1.08731		300	0.204144	0.0119718	-0.0059859	-0.0059859	0	0	0	0.204144	0	-0.355028	-111.796	0	20.391	20.391	-1.5099e-14	5.32541	0	0	0	0	0	0	0	0	0	0	0	0	0	0	0	0	0	0	0	0	0	0	0	0	0	0	0	0	0	0	0	0	0	
1	1	1	473	14.19		300	0	0	0.02365	-0.0100678	-0.0100678	0	0	0	131.575	1.55199e-07	1.55199e-07	0	0	0	2.08608	0.995126	0	1.09095		300	0.204827	0.0120129	-0.00600646	-0.00600646	0	0	0	0.204827	0	-0.355028	-111.796	0	20.391	20.391	-1.5099e-14	5.32541	0	0	0	0	0	0	0	0	0	0	0	0	0	0	0	0	0	0	0	0	0	0	0	0	0	0	0	0	0	0	0	0	0	
1	1	1	474	14.22		300	0	0	0.0237	-0.0100915	-0.0100915	0	0	0	131.675	1.55282e-07	1.55282e-07	0	0	0	2.09266	0.998067	0	1.09459		300	0.20551	0.0120541	-0.00602703	-0.00602703	0	0	0	0.20551	0	-0.355028	-111.796	0	20.391	20.391	-1.5099e-14	5.32541	0	0	0	0	0	0	0	0	0	0	0	0	0	0	0	0	0	0	0	0	0	0	0	0	0	0	0	0	0	0	0	0	0	
1	1	1	475	14.25		300	0	0	0.02375	-0.0101151	-0.0101151	0	0	0	131.775	1.55364e-07	1.55364e-07	0	0	0	2.09925	1.00101	0	1.09823		300	0.206194	0.0120952	-0.00604761	-0.00604761	0	0	0	0.206194	0	-0.355028	-111.796	0	20.391	20.391	-1.5099e-14	5.32541	0	0	0	0	0	0	0	0	0	0	0	0	0	0	0	0	0	0	0	0	0	0	0	0	0	0	0	0	0	0	0	0	0	
1	1	1	476	14.28		300	0	0	0.0238	-0.0101388	-0.0101388	0	0	0	131.875	1.55446e-07	1.55446e-07	0	0	0	2.10584	1.00396	0	1.10188		300	0.206878	0.0121364	-0.00606819	-0.00606819	0	0	0	0.206878	0	-0.355028	-111.796	0	20.391	20.391	-1.5099e-14	5.32541	0	0	0	0	0	0	0	0	0	0	0	0	0	0	0	0	0	0	0	0	0	0	0	0	0	0	0	0	0	0	0	0	0	
1	1	1	477	14.31		300	0	0	0.02385	-0.0101625	-0.0101625	0	0	0	131.974	1.55527e-07	1.55527e-07	0	0	0	2.11243	1.00691	0	1.10552		300	0.207562	0.0121776	-0.00608878	-0.00608878	0	0	0	0.207562	0	-0.355028	-111.796	0	20.391	20.391	-1.5099e-14	5.32541	0	0	0	0	0	0	0	0	0	0	0	0	0	0	0	0	0	0	0	0	0	0	0	0	0	0	0	0	0	0	0	0	0	
1	1	1	478	14.34		300	0	0	0.0239	-0.0101861	-0.0101861	0	0	0	132.074	1.55607e-07	1.55607e-07	0	0	0	2.11903	1.00987	0	1.10916		300	0.208246	0.0122188	-0.00610938	-0.00610938	0	0	0	0.208246	0	-0.355028	-111.796	0	20.391	20.391	-1.5099e-14	5.32541	0	0	0	0	0	0	0	0	0	0	0	0	0	0	0	0	0	0	0	0	0	0	0	0	0	0	0	0	0	0	0	0	0	
1	1	1	479	14.37		300	0	0	0.02395	-0.0102098	-0.0102098	0	0	0	132.173	1.55687e-07	1.55687e-07	0	0	0	2.12564	1.01283	0	1.11281		300	0.20893	0.01226	-0.00612998	-0.00612998	0	0	0	0.20893	0	-0.355028	-111.796	0	20.391	20.391	-1.5099e-14	5.32541	0	0	0	0	0	0	0	0	0	0	0	0	0	0	0	0	0	0	0	0	0	0	0	0	0	0	0	0	0	0	0	0	0	
1	1	1	480	14.4		300	0	0	0.024	-0.0102335	-0.0102335	0	0	0	132.273	1.55766e-07	1.55766e-07	0	0	0	2.13225	1.0158	0	1.11645		300	0.209614	0.0123012	-0.00615059	-0.00615059	0	0	0	0.209614	0	-0.355028	-111.796	0	20.391	20.391	-1.5099e-14	5.32541	0	0	0	0	0	0	0	0	0	0	0	0	0	0	0	0	0	0	0	0	0	0	0	0	0	0	0	0	0	0	0	0	0	
1	1	1	481	14.43		300	0	0	0.02405	-0.0102572	-0.0102572	0	0	0	132.372	1.55844e-07	1.55844e-07	0	0	0	2.13887	1.01877	0	1.1201		300	0.210299	0.0123424	-0.0061712	-0.0061712	0	0	0	0.210299	0	-0.355028	-111.796	0	20.391	20.391	-1.5099e-14	5.32541	0	0	0	0	0	0	0	0	0	0	0	0	0	0	0	0	0	0	0	0	0	0	0	0	0	0	0	0	0	0	0	0	0	
1	1	1	482	14.46		300	0	0	0.0241	-0.0102808	-0.0102808	0	0	0	132.471	1.55922e-07	1.55922e-07	0	0	0	2.14549	1.02174	0	1.12375		300	0.210984	0.0123837	-0.00619183	-0.00619183	0	0	0	0.210984	0	-0.355028	-111.796	0	20.391	20.391	-1.5099e-14	5.32541	0	0	0	0	0	0	0	0	0	0	0	0	0	0	0	0	0	0	0	0	0	0	0	0	0	0	0	0	0	0	0	0	0	
1	1	1	483	14.49		300	0	0	0.02415	-0.0103045	-0.0103045	0	0	0	132.57	1.55999e-07	1.55999e-07	0	0	0	2.15212	1.02472	0	1.1274		300	0.211669	0.0124249	-0.00621246	-0.00621246	0	0	0	0.211669	0	-0.355028	-111.796	0	20.391	20.391	-1.5099e-14	5.32541	0	0	0	0	0	0	0	0	0	0	0	0	0	0	0	0	0	0	0	0	0	0	0	0	0	0	0	0	0	0	0	0	0	
1	1	1	484	14.52		300	0	0	0.0242	-0.0103282	-0.0103282	0	0	0	132.668	1.56075e-07	1.56075e-07	0	0	0	2.15875	1.0277	0	1.13104		300	0.212354	0.0124662	-0.00623309	-0.00623309	0	0	0	0.212354	0	-0.355028	-111.796	0	20.391	20.391	-1.5099e-14	5.32541	0	0	0	0	0	0	0	0	0	0	0	0	0	0	0	0	0	0	0	0	0	0	0	0	0	0	0	0	0	0	0	0	0	
1	1	1	485	14.55		300	0	0	0.02425	-0.0103519	-0.0103519	0	0	0	132.767	1.56151e-07	1.56151e-07	0	0	0	2.16538	1.03069	0	1.13469		300	0.213039	0.0125075	-0.00625373	-0.00625373	0	0	0	0.213039	0	-0.355028	-111.796	0	20.391	20.391	-1.5099e-14	5.32541	0	0	0	0	0	0	0	0	0	0	0	0	0	0	0	0	0	0	0	0	0	0	0	0	0	0	0	0	0	0	0	0	0	
1	1	1	486	14.58		300	0	0	0.0243	-0.0103756	-0.0103756	0	0	0	132.865	1.56226e-07	1.56226e-07	0	0	0	2.17202	1.03368	0	1.13835		300	0.213724	0.0125488	-0.00627438	-0.00627438	0	0	0	0.213724	0	-0.355028	-111.796	0	20.391	20.391	-1.5099e-14	5.32541	0	0	0	0	0	0	0	0	0	0	0	0	0	0	0	0	0	0	0	0	0	0	0	0	0	0	0	0	0	0	0	0	0	
1	1	1	487	14.61		300	0	0	0.02435	-0.0103993	-0.0103993	0	0	0	132.964	1.56301e-07	1.56301e-07	0	0	0	2.17867	1.03667	0	1.142		300	0.21441	0.0125901	-0.00629503	-0.00629503	0	0	0	0.21441	0	-0.355028	-111.796	0	20.391	20.391	-1.5099e-14	5.32541	0	0	0	0	0	0	0	0	0	0	0	0	0	0	0	0	0	0	0	0	0	0	0	0	0	0	0	0	0	0	0	0	0	
1	1	1	488	14.64		300	0	0	0.0244	-0.0104229	-0.0104229	0	0	0	133.062	1.56375e-07	1.56375e-07	0	0	0	2.18532	1.03967	0	1.14565		300	0.215096	0.0126314	-0.00631569	-0.00631569	0	0	0	0.215096	0	-0.355028	-111.796	0	20.391	20.391	-1.5099e-14	5.32541	0	0	0	0	0	0	0	0	0	0	0	0	0	0	0	0	0	0	0	0	0	0	0	0	0	0	0	0	0	0	0	0	0	
1	1	1	489	14.67		300	0	0	0.02445	-0.0104466	-0.0104466	0	0	0	133.16	1.56448e-07	1.56448e-07	0	0	0	2.19197	1.04267	0	1.1493		300	0.215782	0.0126727	-0.00633636	-0.00633636	0	0	0	0.215782	0	-0.355028	-111.796	0	20.391	20.391	-1.5099e-14	5.32541	0	0	0	0	0	0	0	0	0	0	0	0	0	0	0	0	0	0	0	0	0	0	0	0	0	0	0	0	0	0	0	0	0	
1	1	1	490	14.7		300	0	0	0.0245	-0.0104703	-0.0104703	0	0	0	133.258	1.56521e-07	1.56521e-07	0	0	0	2.19864	1.04568	0	1.15296		300	0.216468	0.0127141	-0.00635703	-0.00635703	0	0	0	0.216468	0	-0.355028	-111.796	0	20.391	20.391	-1.5099e-14	5.32541	0	0	0	0	0	0	0	0	0	0	0	0	0	0	0	0	0	0	0	0	0	0	0	0	0	0	0	0	0	0	0	0	0	
1	1	1	491	14.73		300	0	0	0.02455	-0.010494	-0.010494	0	0	0	133.355	1.56593e-07	1.56593e-07	0	0	0	2.2053	1.04869	0	1.15661		300	0.217154	0.0127554	-0.00637771	-0.00637771	0	0	0	0.217154	0	-0.355028	-111.796	0	20.391	20.391	-1.5099e-14	5.32541	0	0	0	0	0	0	0	0	0	0	0	0	0	0	0	0	0	0	0	0	0	0	0	0	0	0	0	0	0	0	0	0	0	
1	1	1	492	14.76		300	0	0	0.0246	-0.0105177	-0.0105177	0	0	0	133.453	1.56664e-07	1.56664e-07	0	0	0	2.21197	1.0517	0	1.16027		300	0.21784	0.0127968	-0.00639839	-0.00639839	0	0	0	0.21784	0	-0.355028	-111.796	0	20.391	20.391	-1.5099e-14	5.32541	0	0	0	0	0	0	0	0	0	0	0	0	0	0	0	0	0	0	0	0	0	0	0	0	0	0	0	0	0	0	0	0	0	
1	1	1	493	14.79		300	0	0	0.02465	-0.0105414	-0.0105414	0	0	0	133.55	1.56735e-07	1.56735e-07	0	0	0	2.21865	1.05472	0	1.16392		300	0.218527	0.0128382	-0.00641909	-0.00641909	0	0	0	0.218527	0	-0.355028	-111.796	0	20.391	20.391	-1.5099e-14	5.32541	0	0	0	0	0	0	0	0	0	0	0	0	0	0	0	0	0	0	0	0	0	0	0	0	0	0	0	0	0	0	0	0	0	
1	1	1	494	14.82		300	0	0	0.0247	-0.0105651	-0.0105651	0	0	0	133.648	1.56805e-07	1.56805e-07	0	0	0	2.22533	1.05774	0	1.16758		300	0.219213	0.0128796	-0.00643978	-0.00643978	0	0	0	0.219213	0	-0.355028	-111.796	0	20.391	20.391	-1.5099e-14	5.32541	0	0	0	0	0	0	0	0	0	0	0	0	0	0	0	0	0	0	0	0	0	0	0	0	0	0	0	0	0	0	0	0	0	
1	1	1	495	14.85		300	0	0	0.02475	-0.0105888	-0.0105888	0	0	0	133.745	1.56875e-07	1.56875e-07	0	0	0	2.23201	1.06077	0	1.17124		300	0.2199	0.012921	-0.00646048	-0.00646048	0	0	0	0.2199	0	-0.355028	-111.796	0	20.391	20.391	-1.5099e-14	5.32541	0	0	0	0	0	0	0	0	0	0	0	0	0	0	0	0	0	0	0	0	0	0	0	0	0	0	0	0	0	0	0	0	0	
1	1	1	496	14.88		300	0	0	0.0248	-0.0106125	-0.0106125	0	0	0	133.842	1.56944e-07	1.56944e-07	0	0	0	2.2387	1.0638	0	1.1749		300	0.220587	0.0129624	-0.00648119	-0.00648119	0	0	0	0.220587	0	-0.355028	-111.796	0	20.391	20.391	-1.5099e-14	5.32541	0	0	0	0	0	0	0	0	0	0	0	0	0	0	0	0	0	0	0	0	0	0	0	0	0	0	0	0	0	0	0	0	0	
1	1	1	497	14.91		300	0	0	0.02485	-0.0106362	-0.0106362	0	0	0	133.939	1.57013e-07	1.57013e-07	0	0	0	2.24539	1.06684	0	1.17856		300	0.221274	0.0130038	-0.00650191	-0.00650191	0	0	0	0.221274	0	-0.355028	-111.796	0	20.391	20.391	-1.5099e-14	5.32541	0	0	0	0	0	0	0	0	0	0	0	0	0	0	0	0	0	0	0	0	0	0	0	0	0	0	0	0	0	0	0	0	0	
1	1	1	498	14.94		300	0	0	0.0249	-0.0106599	-0.0106599	0	0	0	134.036	1.57081e-07	1.57081e-07	0	0	0	2.25209	1.06988	0	1.18222		300	0.221961	0.0130453	-0.00652263	-0.00652263	0	0	0	0.221961	0	-0.355028	-111.796	0	20.391	20.391	-1.5099e-14	5.32541	0	0	0	0	0	0	0	0	0	0	0	0	0	0	0	0	0	0	0	0	0	0	0	0	0	0	0	0	0	0	0	0	0	
1	1	1	499	14.97		300	0	0	0.02495	-0.0106836	-0.0106836	0	0	0	134.132	1.57148e-07	1.57148e-07	0	0	0	2.2588	1.07292	0	1.18588		300	0.222649	0.0130867	-0.00654335	-0.00654335	0	0	0	0.222649	0	-0.355028	-111.796	0	20.391	20.391	-1.5099e-14	5.32541	0	0	0	0	0	0	0	0	0	0	0	0	0	0	0	0	0	0	0	0	0	0	0	0	0	0	0	0	0	0	0	0	0	
1	1	1	500	15		300	0	0	0.025	-0.0107074	-0.0107074	0	0	0	134.229	1.57215e-07	1.57215e-07	0	0	0	2.26551	1.07597	0	1.18954		300	0.223336	0.0131282	-0.00656408	-0.00656408	0	0	0	0.223336	0	-0.355028	-111.796	0	20.391	20.391	-1.5099e-14	5.32541	0	0	0	0	0	0	0	0	0	0	0	0	0	0	0	0	0	0	0	0	0	0	0	0	0	0	0	0	0	0	0	0	0	
1	1	1	501	15.03		300	0	0	0.02505	-0.0107311	-0.0107311	0	0	0	134.325	1.57282e-07	1.57282e-07	0	0	0	2.27222	1.07902	0	1.1932		300	0.224024	0.0131696	-0.00658482	-0.00658482	0	0	0	0.224024	0	-0.355028	-111.796	0	20.391	20.391	-1.5099e-14	5.32541	0	0	0	0	0	0	0	0	0	0	0	0	0	0	0	0	0	0	0	0	0	0	0	0	0	0	0	0	0	0	0	0	0	
1	1	1	502	15.06		300	0	0	0.0251	-0.0107548	-0.0107548	0	0	0	134.421	1.57348e-07	1.57348e-07	0	0	0	2.27894	1.08207	0	1.19687		300	0.224712	0.0132111	-0.00660556	-0.00660556	0	0	0	0.224712	0	-0.355028	-111.796	0	20.391	20.391	-1.5099e-14	5.32541	0	0	0	0	0	0	0	0	0	0	0	0	0	0	0	0	0	0	0	0	0	0	0	0	0	0	0	0	0	0	0	0	0	
1	1	1	503	15.09		300	0	0	0.02515	-0.0107785	-0.0107785	0	0	0	134.517	1.57413e-07	1.57413e-07	0	0	0	2.28566	1.08513	0	1.20053		300	0.2254	0.0132526	-0.00662631	-0.00662631	0	0	0	0.2254	0	-0.355028	-111.796	0	20.391	20.391	-1.5099e-14	5.32541	0	0	0	0	0	0	0	0	0	0	0	0	0	0	0	0	0	0	0	0	0	0	0	0	0	0	0	0	0	0	0	0	0	
1	1	1	504	15.12		300	0	0	0.0252	-0.0108022	-0.0108022	0	0	0	134.614	1.57478e-07	1.57478e-07	0	0	0	2.29239	1.08819	0	1.2042		300	0.226088	0.0132941	-0.00664707	-0.00664707	0	0	0	0.226088	0	-0.355028	-111.796	0	20.391	20.391	-1.5099e-14	5.32541	0	0	0	0	0	0	0	0	0	0	0	0	0	0	0	0	0	0	0	0	0	0	0	0	0	0	0	0	0	0	0	0	0	
1	1	1	505	15.15		300	0	0	0.02525	-0.0108259	-0.0108259	0	0	0	134.709	1.57542e-07	1.57542e-07	0	0	0	2.29912	1.09126	0	1.20786		300	0.226776	0.0133357	-0.00666783	-0.00666783	0	0	0	0.226776	0	-0.355028	-111.796	0	20.391	20.391	-1.5099e-14	5.32541	0	0	0	0	0	0	0	0	0	0	0	0	0	0	0	0	0	0	0	0	0	0	0	0	0	0	0	0	0	0	0	0	0	
1	1	1	506	15.18		300	0	0	0.0253	-0.0108497	-0.0108497	0	0	0	134.805	1.57606e-07	1.57606e-07	0	0	0	2.30586	1.09433	0	1.21153		300	0.227464	0.0133772	-0.00668859	-0.00668859	0	0	0	0.227464	0	-0.355028	-111.796	0	20.391	20.391	-1.5099e-14	5.32541	0	0	0	0	0	0	0	0	0	0	0	0	0	0	0	0	0	0	0	0	0	0	0	0	0	0	0	0	0	0	0	0	0	
1	1	1	507	15.21		300	0	0	0.02535	-0.0108734	-0.0108734	0	0	0	134.901	1.57669e-07	1.57669e-07	0	0	0	2.31261	1.09741	0	1.2152		300	0.228153	0.0134187	-0.00670937	-0.00670937	0	0	0	0.228153	0	-0.355028	-111.796	0	20.391	20.391	-1.5099e-14	5.32541	0	0	0	0	0	0	0	0	0	0	0	0	0	0	0	0	0	0	0	0	0	0	0	0	0	0	0	0	0	0	0	0	0	
1	1	1	508	15.24		300	0	0	0.0254	-0.0108971	-0.0108971	0	0	0	134.996	1.57732e-07	1.57732e-07	0	0	0	2.31935	1.10049	0	1.21887		300	0.228842	0.0134603	-0.00673014	-0.00673014	0	0	0	0.228842	0	-0.355028	-111.796	0	20.391	20.391	-1.5099e-14	5.32541	0	0	0	0	0	0	0	0	0	0	0	0	0	0	0	0	0	0	0	0	0	0	0	0	0	0	0	0	0	0	0	0	0	
1	1	1	509	15.27		300	0	0	0.02545	-0.0109208	-0.0109208	0	0	0	135.092	1.57794e-07	1.57794e-07	0	0	0	2.3261	1.10357	0	1.22253		300	0.22953	0.0135018	-0.00675092	-0.00675092	0	0	0	0.22953	0	-0.355028	-111.796	0	20.391	20.391	-1.5099e-14	5.32541	0	0	0	0	0	0	0	0	0	0	0	0	0	0	0	0	0	0	0	0	0	0	0	0	0	0	0	0	0	0	0	0	0	
1	1	1	510	15.3		300	0	0	0.0255	-0.0109446	-0.0109446	0	0	0	135.187	1.57856e-07	1.57856e-07	0	0	0	2.33286	1.10666	0	1.2262		300	0.230219	0.0135434	-0.00677171	-0.00677171	0	0	0	0.230219	0	-0.355028	-111.796	0	20.391	20.391	-1.5099e-14	5.32541	0	0	0	0	0	0	0	0	0	0	0	0	0	0	0	0	0	0	0	0	0	0	0	0	0	0	0	0	0	0	0	0	0	
1	1	1	511	15.33		300	0	0	0.02555	-0.0109683	-0.0109683	0	0	0	135.282	1.57917e-07	1.57917e-07	0	0	0	2.33962	1.10975	0	1.22987		300	0.230908	0.013585	-0.0067925	-0.0067925	0	0	0	0.230908	0	-0.355028	-111.796	0	20.391	20.391	-1.5099e-14	5.32541	0	0	0	0	0	0	0	0	0	0	0	0	0	0	0	0	0	0	0	0	0	0	0	0	0	0	0	0	0	0	0	0	0	
1	1	1	512	15.36		300	0	0	0.0256	-0.010992	-0.010992	0	0	0	135.377	1.57978e-07	1.57978e-07	0	0	0	2.34639	1.11284	0	1.23355		300	0.231597	0.0136266	-0.0068133	-0.0068133	0	0	0	0.231597	0	-0.355028	-111.796	0	20.391	20.391	-1.5099e-14	5.32541	0	0	0	0	0	0	0	0	0	0	0	0	0	0	0	0	0	0	0	0	0	0	0	0	0	0	0	0	0	0	0	0	0	
1	1	1	513	15.39		300	0	0	0.02565	-0.0110158	-0.0110158	0	0	0	135.472	1.58038e-07	1.58038e-07	0	0	0	2.35316	1.11594	0	1.23722		300	0.232287	0.0136682	-0.00683411	-0.00683411	0	0	0	0.232287	0	-0.355028	-111.796	0	20.391	20.391	-1.5099e-14	5.32541	0	0	0	0	0	0	0	0	0	0	0	0	0	0	0	0	0	0	0	0	0	0	0	0	0	0	0	0	0	0	0	0	0	
1	1	1	514	15.42		300	0	0	0.0257	-0.0110395	-0.0110395	0	0	0	135.567	1.58098e-07	1.58098e-07	0	0	0	2.35994	1.11905	0	1.24089		300	0.232976	0.0137098	-0.00685492	-0.00685492	0	0	0	0.232976	0	-0.355028	-111.796	0	20.391	20.391	-1.5099e-14	5.32541	0	0	0	0	0	0	0	0	0	0	0	0	0	0	0	0	0	0	0	0	0	0	0	0	0	0	0	0	0	0	0	0	0	
1	1	1	515	15.45		300	0	0	0.02575	-0.0110632	-0.0110632	0	0	0	135.661	1.58157e-07	1.58158e-07	0	0	0	2.36672	1.12216	0	1.24456		300	0.233666	0.0137515	-0.00687573	-0.00687573	0	0	0	0.233666	0	-0.355028	-111.796	0	20.391	20.391	-1.5099e-14	5.32541	0	0	0	0	0	0	0	0	0	0	0	0	0	0	0	0	0	0	0	0	0	0	0	0	0	0	0	0	0	0	0	0	0	
1	1	1	516	15.48		300	0	0	0.0258	-0.011087	-0.011087	0	0	0	135.756	1.58216e-07	1.58216e-07	0	0	0	2.3735	1.12527	0	1.24824		300	0.234356	0.0137931	-0.00689655	-0.00689655	0	0	0	0.234356	0	-0.355028	-111.796	0	20.391	20.391	-1.5099e-14	5.32541	0	0	0	0	0	0	0	0	0	0	0	0	0	0	0	0	0	0	0	0	0	0	0	0	0	0	0	0	0	0	0	0	0	
1	1	1	517	15.51		300	0	0	0.02585	-0.0111107	-0.0111107	0	0	0	135.85	1.58275e-07	1.58275e-07	0	0	0	2.38029	1.12838	0	1.25191		300	0.235045	0.0138348	-0.00691738	-0.00691738	0	0	0	0.235045	0	-0.355028	-111.796	0	20.391	20.391	-1.5099e-14	5.32541	0	0	0	0	0	0	0	0	0	0	0	0	0	0	0	0	0	0	0	0	0	0	0	0	0	0	0	0	0	0	0	0	0	
1	1	1	518	15.54		300	0	0	0.0259	-0.0111344	-0.0111344	0	0	0	135.945	1.58333e-07	1.58333e-07	0	0	0	2.38709	1.1315	0	1.25559		300	0.235735	0.0138764	-0.00693821	-0.00693821	0	0	0	0.235735	0	-0.355028	-111.796	0	20.391	20.391	-1.5099e-14	5.32541	0	0	0	0	0	0	0	0	0	0	0	0	0	0	0	0	0	0	0	0	0	0	0	0	0	0	0	0	0	0	0	0	0	
1	1	1	519	15.57		300	0	0	0.02595	-0.0111582	-0.0111582	0	0	0	136.039	1.5839e-07	1.5839e-07	0	0	0	2.39389	1.13463	0	1.25926		300	0.236425	0.0139181	-0.00695904	-0.00695904	0	0	0	0.236425	0	-0.355028	-111.796	0	20.391	20.391	-1.5099e-14	5.32541	0	0	0	0	0	0	0	0	0	0	0	0	0	0	0	0	0	0	0	0	0	0	0	0	0	0	0	0	0	0	0	0	0	
1	1	1	520	15.6		300	0	0	0.026	-0.0111819	-0.0111819	0	0	0	136.133	1.58447e-07	1.58447e-07	0	0	0	2.40069	1.13775	0	1.26294		300	0.237116	0.0139598	-0.00697988	-0.00697988	0	0	0	0.237116	0	-0.355028	-111.796	0	20.391	20.391	-1.5099e-14	5.32541	0	0	0	0	0	0	0	0	0	0	0	0	0	0	0	0	0	0	0	0	0	0	0	0	0	0	0	0	0	0	0	0	0	
1	1	1	521	15.63		300	0	0	0.02605	-0.0112057	-0.0112057	0	0	0	136.227	1.58504e-07	1.58504e-07	0	0	0	2.4075	1.14089	0	1.26661		300	0.237806	0.0140015	-0.00700073	-0.00700073	0	0	0	0.237806	0	-0.355028	-111.796	0	20.391	20.391	-1.5099e-14	5.32541	0	0	0	0	0	0	0	0	0	0	0	0	0	0	0	0	0	0	0	0	0	0	0	0	0	0	0	0	0	0	0	0	0	
1	1	1	522	15.66		300	0	0	0.0261	-0.0112294	-0.0112294	0	0	0	136.321	1.5856e-07	1.5856e-07	0	0	0	2.41431	1.14402	0	1.27029		300	0.238496	0.0140432	-0.00702158	-0.00702158	0	0	0	0.238496	0	-0.355028	-111.796	0	20.391	20.391	-1.5099e-14	5.32541	0	0	0	0	0	0	0	0	0	0	0	0	0	0	0	0	0	0	0	0	0	0	0	0	0	0	0	0	0	0	0	0	0	
1	1	1	523	15.69		300	0	0	0.02615	-0.0112532	-0.0112532	0	0	0	136.414	1.58616e-07	1.58616e-07	0	0	0	2.42113	1.14716	0	1.27397		300	0.239187	0.0140849	-0.00704243	-0.00704243	0	0	0	0.239187	0	-0.355028	-111.796	0	20.391	20.391	-1.5099e-14	5.32541	0	0	0	0	0	0	0	0	0	0	0	0	0	0	0	0	0	0	0	0	0	0	0	0	0	0	0	0	0	0	0	0	0	
1	1	1	524	15.72		300	0	0	0.0262	-0.0112769	-0.0112769	0	0	0	136.508	1.58671e-07	1.58671e-07	0	0	0	2.42796	1.15031	0	1.27765		300	0.239878	0.0141266	-0.0070633	-0.0070633	0	0	0	0.239878	0	-0.355028	-111.796	0	20.391	20.391	-1.5099e-14	5.32541	0	0	0	0	0	0	0	0	0	0	0	0	0	0	0	0	0	0	0	0	0	0	0	0	0	0	0	0	0	0	0	0	0	
1	1	1	525	15.75		300	0	0	0.02625	-0.0113007	-0.0113007	0	0	0	136.601	1.58726e-07	1.58726e-07	0	0	0	2.43478	1.15345	0	1.28133		300	0.240569	0.0141683	-0.00708416	-0.00708416	0	0	0	0.240569	0	-0.355028	-111.796	0	20.391	20.391	-1.5099e-14	5.32541	0	0	0	0	0	0	0	0	0	0	0	0	0	0	0	0	0	0	0	0	0	0	0	0	0	0	0	0	0	0	0	0	0	
1	1	1	526	15.78		300	0	0	0.0263	-0.0113244	-0.0113244	0	0	0	136.695	1.5878e-07	1.5878e-07	0	0	0	2.44162	1.15661	0	1.28501		300	0.24126	0.0142101	-0.00710503	-0.00710503	0	0	0	0.24126	0	-0.355028	-111.796	0	20.391	20.391	-1.5099e-14	5.32541	0	0	0	0	0	0	0	0	0	0	0	0	0	0	0	0	0	0	0	0	0	0	0	0	0	0	0	0	0	0	0	0	0	
1	1	1	527	15.81		300	0	0	0.02635	-0.0113482	-0.0113482	0	0	0	136.788	1.58834e-07	1.58834e-07	0	0	0	2.44845	1.15976	0	1.28869		300	0.241951	0.0142518	-0.00712591	-0.00712591	0	0	0	0.241951	0	-0.355028	-111.796	0	20.391	20.391	-1.5099e-14	5.32541	0	0	0	0	0	0	0	0	0	0	0	0	0	0	0	0	0	0	0	0	0	0	0	0	0	0	0	0	0	0	0	0	0	
1	1	1	528	15.84		300	0	0	0.0264	-0.0113719	-0.0113719	0	0	0	136.881	1.58888e-07	1.58888e-07	0	0	0	2.4553	1.16292	0	1.29237		300	0.242642	0.0142936	-0.00714679	-0.00714679	0	0	0	0.242642	0	-0.355028	-111.796	0	20.391	20.391	-1.5099e-14	5.32541	0	0	0	0	0	0	0	0	0	0	0	0	0	0	0	0	0	0	0	0	0	0	0	0	0	0	0	0	0	0	0	0	0	
1	1	1	529	15.87		300	0	0	0.02645	-0.0113957	-0.0113957	0	0	0	136.974	1.58941e-07	1.58941e-07	0	0	0	2.46214	1.16609	0	1.29606		300	0.243333	0.0143354	-0.00716768	-0.00716768	0	0	0	0.243333	0	-0.355028	-111.796	0	20.391	20.391	-1.5099e-14	5.32541	0	0	0	0	0	0	0	0	0	0	0	0	0	0	0	0	0	0	0	0	0	0	0	0	0	0	0	0	0	0	0	0	0	
1	1	1	530	15.9		300	0	0	0.0265	-0.0114194	-0.0114194	0	0	0	137.067	1.58993e-07	1.58993e-07	0	0	0	2.46899	1.16925	0	1.29974		300	0.244025	0.0143771	-0.00718857	-0.00718857	0	0	0	0.244025	0	-0.355028	-111.796	0	20.391	20.391	-1.5099e-14	5.32541	0	0	0	0	0	0	0	0	0	0	0	0	0	0	0	0	0	0	0	0	0	0	0	0	0	0	0	0	0	0	0	0	0	
1	1	1	531	15.93		300	0	0	0.02655	-0.0114432	-0.0114432	0	0	0	137.16	1.59046e-07	1.59046e-07	0	0	0	2.47585	1.17243	0	1.30342		300	0.244716	0.0144189	-0.00720946	-0.00720946	0	0	0	0.244716	0	-0.355028	-111.796	0	20.391	20.391	-1.5099e-14	5.32541	0	0	0	0	0	0	0	0	0	0	0	0	0	0	0	0	0	0	0	0	0	0	0	0	0	0	0	0	0	0	0	0	0	
1	1	1	532	15.96		300	0	0	0.0266	-0.011467	-0.011467	0	0	0	137.253	1.59097e-07	1.59097e-07	0	0	0	2.48271	1.1756	0	1.30711		300	0.245408	0.0144607	-0.00723036	-0.00723036	0	0	0	0.245408	0	-0.355028	-111.796	0	20.391	20.391	-1.5099e-14	5.32541	0	0	0	0	0	0	0	0	0	0	0	0	0	0	0	0	0	0	0	0	0	0	0	0	0	0	0	0	0	0	0	0	0	
1	1	1	533	15.99		300	0	0	0.02665	-0.0114907	-0.0114907	0	0	0	137.345	1.59149e-07	1.59149e-07	0	0	0	2.48957	1.17878	0	1.31079		300	0.2461	0.0145025	-0.00725127	-0.00725127	0	0	0	0.2461	0	-0.355028	-111.796	0	20.391	20.391	-1.5099e-14	5.32541	0	0	0	0	0	0	0	0	0	0	0	0	0	0	0	0	0	0	0	0	0	0	0	0	0	0	0	0	0	0	0	0	0	
1	1	1	534	16.02		300	0	0	0.0267	-0.0115145	-0.0115145	0	0	0	137.438	1.592e-07	1.592e-07	0	0	0	2.49644	1.18197	0	1.31448		300	0.246792	0.0145444	-0.00727218	-0.00727218	0	0	0	0.246792	0	-0.355028	-111.796	0	20.391	20.391	-1.5099e-14	5.32541	0	0	0	0	0	0	0	0	0	0	0	0	0	0	0	0	0	0	0	0	0	0	0	0	0	0	0	0	0	0	0	0	0	
1	1	1	535	16.05		300	0	0	0.02675	-0.0115383	-0.0115383	0	0	0	137.53	1.59251e-07	1.59251e-07	0	0	0	2.50332	1.18515	0	1.31816		300	0.247484	0.0145862	-0.00729309	-0.00729309	0	0	0	0.247484	0	-0.355028	-111.796	0	20.391	20.391	-1.5099e-14	5.32541	0	0	0	0	0	0	0	0	0	0	0	0	0	0	0	0	0	0	0	0	0	0	0	0	0	0	0	0	0	0	0	0	0	
1	1	1	536	16.08		300	0	0	0.0268	-0.011562	-0.011562	0	0	0	137.622	1.59301e-07	1.59301e-07	0	0	0	2.5102	1.18835	0	1.32185		300	0.248176	0.014628	-0.00731401	-0.00731401	0	0	0	0.248176	0	-0.355028	-111.796	0	20.391	20.391	-1.5099e-14	5.32541	0	0	0	0	0	0	0	0	0	0	0	0	0	0	0	0	0	0	0	0	0	0	0	0	0	0	0	0	0	0	0	0	0	
1	1	1	537	16.11		300	0	0	0.02685	-0.0115858	-0.0115858	0	0	0	137.714	1.59351e-07	1.59351e-07	0	0	0	2.51708	1.19154	0	1.32554		300	0.248868	0.0146699	-0.00733494	-0.00733494	0	0	0	0.248868	0	-0.355028	-111.796	0	20.391	20.391	-1.5099e-14	5.32541	0	0	0	0	0	0	0	0	0	0	0	0	0	0	0	0	0	0	0	0	0	0	0	0	0	0	0	0	0	0	0	0	0	
1	1	1	538	16.14		300	0	0	0.0269	-0.0116096	-0.0116096	0	0	0	137.807	1.594e-07	1.594e-07	0	0	0	2.52397	1.19474	0	1.32922		300	0.24956	0.0147117	-0.00735586	-0.00735586	0	0	0	0.24956	0	-0.355028	-111.796	0	20.391	20.391	-1.5099e-14	5.32541	0	0	0	0	0	0	0	0	0	0	0	0	0	0	0	0	0	0	0	0	0	0	0	0	0	0	0	0	0	0	0	0	0	
1	1	1	539	16.17		300	0	0	0.02695	-0.0116333	-0.0116333	0	0	0	137.899	1.59449e-07	1.59449e-07	0	0	0	2.53086	1.19795	0	1.33291		300	0.250253	0.0147536	-0.0073768	-0.0073768	0	0	0	0.250253	0	-0.355028	-111.796	0	20.391	20.391	-1.5099e-14	5.32541	0	0	0	0	0	0	0	0	0	0	0	0	0	0	0	0	0	0	0	0	0	0	0	0	0	0	0	0	0	0	0	0	0	
1	1	1	540	16.2		300	0	0	0.027	-0.0116571	-0.0116571	0	0	0	137.99	1.59498e-07	1.59498e-07	0	0	0	2.53776	1.20116	0	1.3366		300	0.250946	0.0147955	-0.00739774	-0.00739774	0	0	0	0.250946	0	-0.355028	-111.796	0	20.391	20.391	-1.5099e-14	5.32541	0	0	0	0	0	0	0	0	0	0	0	0	0	0	0	0	0	0	0	0	0	0	0	0	0	0	0	0	0	0	0	0	0	
1	1	1	541	16.23		300	0	0	0.02705	-0.0116809	-0.0116809	0	0	0	138.082	1.59547e-07	1.59547e-07	0	0	0	2.54466	1.20437	0	1.34029		300	0.251638	0.0148374	-0.00741868	-0.00741868	0	0	0	0.251638	0	-0.355028	-111.796	0	20.391	20.391	-1.5099e-14	5.32541	0	0	0	0	0	0	0	0	0	0	0	0	0	0	0	0	0	0	0	0	0	0	0	0	0	0	0	0	0	0	0	0	0	
1	1	1	542	16.26		300	0	0	0.0271	-0.0117047	-0.0117047	0	0	0	138.174	1.59595e-07	1.59595e-07	0	0	0	2.55157	1.20758	0	1.34398		300	0.252331	0.0148793	-0.00743963	-0.00743963	0	0	0	0.252331	0	-0.355028	-111.796	0	20.391	20.391	-1.5099e-14	5.32541	0	0	0	0	0	0	0	0	0	0	0	0	0	0	0	0	0	0	0	0	0	0	0	0	0	0	0	0	0	0	0	0	0	
1	1	1	543	16.29		300	0	0	0.02715	-0.0117284	-0.0117284	0	0	0	138.265	1.59642e-07	1.59642e-07	0	0	0	2.55848	1.2108	0	1.34767		300	0.253024	0.0149212	-0.00746058	-0.00746058	0	0	0	0.253024	0	-0.355028	-111.796	0	20.391	20.391	-1.5099e-14	5.32541	0	0	0	0	0	0	0	0	0	0	0	0	0	0	0	0	0	0	0	0	0	0	0	0	0	0	0	0	0	0	0	0	0	
1	1	1	544	16.32		300	0	0	0.0272	-0.0117522	-0.0117522	0	0	0	138.357	1.59689e-07	1.59689e-07	0	0	0	2.56539	1.21403	0	1.35136		300	0.253717	0.0149631	-0.00748153	-0.00748153	0	0	0	0.253717	0	-0.355028	-111.796	0	20.391	20.391	-1.5099e-14	5.32541	0	0	0	0	0	0	0	0	0	0	0	0	0	0	0	0	0	0	0	0	0	0	0	0	0	0	0	0	0	0	0	0	0	
1	1	1	545	16.35		300	0	0	0.02725	-0.011776	-0.011776	0	0	0	138.448	1.59736e-07	1.59736e-07	0	0	0	2.57231	1.21726	0	1.35506		300	0.25441	0.015005	-0.00750249	-0.00750249	0	0	0	0.25441	0	-0.355028	-111.796	0	20.391	20.391	-1.5099e-14	5.32541	0	0	0	0	0	0	0	0	0	0	0	0	0	0	0	0	0	0	0	0	0	0	0	0	0	0	0	0	0	0	0	0	0	
1	1	1	546	16.38		300	0	0	0.0273	-0.0117998	-0.0117998	0	0	0	138.539	1.59783e-07	1.59783e-07	0	0	0	2.57924	1.22049	0	1.35875		300	0.255103	0.0150469	-0.00752346	-0.00752346	0	0	0	0.255103	0	-0.355028	-111.796	0	20.391	20.391	-1.5099e-14	5.32541	0	0	0	0	0	0	0	0	0	0	0	0	0	0	0	0	0	0	0	0	0	0	0	0	0	0	0	0	0	0	0	0	0	
1	1	1	547	16.41		300	0	0	0.02735	-0.0118236	-0.0118236	0	0	0	138.63	1.59829e-07	1.59829e-07	0	0	0	2.58617	1.22372	0	1.36244		300	0.255797	0.0150889	-0.00754443	-0.00754443	0	0	0	0.255797	0	-0.355028	-111.796	0	20.391	20.391	-1.5099e-14	5.32541	0	0	0	0	0	0	0	0	0	0	0	0	0	0	0	0	0	0	0	0	0	0	0	0	0	0	0	0	0	0	0	0	0	
1	1	1	548	16.44		300	0	0	0.0274	-0.0118474	-0.0118474	0	0	0	138.721	1.59875e-07	1.59875e-07	0	0	0	2.5931	1.22696	0	1.36614		300	0.25649	0.0151308	-0.0075654	-0.0075654	0	0	0	0.25649	0	-0.355028	-111.796	0	20.391	20.391	-1.5099e-14	5.32541	0	0	0	0	0	0	0	0	0	0	0	0	0	0	0	0	0	0	0	0	0	0	0	0	0	0	0	0	0	0	0	0	0	
1	1	1	549	16.47		300	0	0	0.02745	-0.0118711	-0.0118711	0	0	0	138.812	1.5992e-07	1.5992e-07	0	0	0	2.60004	1.23021	0	1.36983		300	0.257184	0.0151728	-0.00758638	-0.00758638	0	0	0	0.257184	0	-0.355028	-111.796	0	20.391	20.391	-1.5099e-14	5.32541	0	0	0	0	0	0	0	0	0	0	0	0	0	0	0	0	0	0	0	0	0	0	0	0	0	0	0	0	0	0	0	0	0	
1	1	1	550	16.5		300	0	0	0.0275	-0.0118949	-0.0118949	0	0	0	138.903	1.59965e-07	1.59965e-07	0	0	0	2.60698	1.23346	0	1.37353		300	0.257877	0.0152147	-0.00760736	-0.00760736	0	0	0	0.257877	0	-0.355028	-111.796	0	20.391	20.391	-1.5099e-14	5.32541	0	0	0	0	0	0	0	0	0	0	0	0	0	0	0	0	0	0	0	0	0	0	0	0	0	0	0	0	0	0	0	0	0	
1	1	1	551	16.53		300	0	0	0.02755	-0.0119187	-0.0119187	0	0	0	138.994	1.6001e-07	1.6001e-07	0	0	0	2.61393	1.23671	0	1.37722		300	0.258571	0.0152567	-0.00762835	-0.00762835	0	0	0	0.258571	0	-0.355028	-111.796	0	20.391	20.391	-1.5099e-14	5.32541	0	0	0	0	0	0	0	0	0	0	0	0	0	0	0	0	0	0	0	0	0	0	0	0	0	0	0	0	0	0	0	0	0	
1	1	1	552	16.56		300	0	0	0.0276	-0.0119425	-0.0119425	0	0	0	139.085	1.60055e-07	1.60055e-07	0	0	0	2.62088	1.23996	0	1.38092		300	0.259265	0.0152987	-0.00764934	-0.00764934	0	0	0	0.259265	0	-0.355028	-111.796	0	20.391	20.391	-1.5099e-14	5.32541	0	0	0	0	0	0	0	0	0	0	0	0	0	0	0	0	0	0	0	0	0	0	0	0	0	0	0	0	0	0	0	0	0	
1	1	1	553	16.59		300	0	0	0.02765	-0.0119663	-0.0119663	0	0	0	139.175	1.60099e-07	1.60099e-07	0	0	0	2.62784	1.24322	0	1.38461		300	0.259959	0.0153407	-0.00767034	-0.00767034	0	0	0	0.259959	0	-0.355028	-111.796	0	20.391	20.391	-1.5099e-14	5.32541	0	0	0	0	0	0	0	0	0	0	0	0	0	0	0	0	0	0	0	0	0	0	0	0	0	0	0	0	0	0	0	0	0	
1	1	1	554	16.62		300	0	0	0.0277	-0.0119901	-0.0119901	0	0	0	139.266	1.60142e-07	1.60142e-07	0	0	0	2.6348	1.24649	0	1.38831		300	0.260653	0.0153827	-0.00769134	-0.00769134	0	0	0	0.260653	0	-0.355028	-111.796	0	20.391	20.391	-1.5099e-14	5.32541	0	0	0	0	0	0	0	0	0	0	0	0	0	0	0	0	0	0	0	0	0	0	0	0	0	0	0	0	0	0	0	0	0	
1	1	1	555	16.65		300	0	0	0.02775	-0.0120139	-0.0120139	0	0	0	139.356	1.60186e-07	1.60186e-07	0	0	0	2.64176	1.24976	0	1.39201		300	0.261347	0.0154247	-0.00771234	-0.00771234	0	0	0	0.261347	0	-0.355028	-111.796	0	20.391	20.391	-1.5099e-14	5.32541	0	0	0	0	0	0	0	0	0	0	0	0	0	0	0	0	0	0	0	0	0	0	0	0	0	0	0	0	0	0	0	0	0	
1	1	1	556	16.68		300	0	0	0.0278	-0.0120377	-0.0120377	0	0	0	139.446	1.60229e-07	1.60229e-07	0	0	0	2.64873	1.25303	0	1.39571		300	0.262042	0.0154667	-0.00773335	-0.00773335	0	0	0	0.262042	0	-0.355028	-111.796	0	20.391	20.391	-1.5099e-14	5.32541	0	0	0	0	0	0	0	0	0	0	0	0	0	0	0	0	0	0	0	0	0	0	0	0	0	0	0	0	0	0	0	0	0	
1	1	1	557	16.71		300	0	0	0.02785	-0.0120615	-0.0120615	0	0	0	139.536	1.60272e-07	1.60272e-07	0	0	0	2.65571	1.2563	0	1.3994		300	0.262736	0.0155087	-0.00775436	-0.00775436	0	0	0	0.262736	0	-0.355028	-111.796	0	20.391	20.391	-1.5099e-14	5.32541	0	0	0	0	0	0	0	0	0	0	0	0	0	0	0	0	0	0	0	0	0	0	0	0	0	0	0	0	0	0	0	0	0	
1	1	1	558	16.74		300	0	0	0.0279	-0.0120853	-0.0120853	0	0	0	139.626	1.60314e-07	1.60314e-07	0	0	0	2.66269	1.25958	0	1.4031		300	0.26343	0.0155508	-0.00777538	-0.00777538	0	0	0	0.26343	0	-0.355028	-111.796	0	20.391	20.391	-1.5099e-14	5.32541	0	0	0	0	0	0	0	0	0	0	0	0	0	0	0	0	0	0	0	0	0	0	0	0	0	0	0	0	0	0	0	0	0	
1	1	1	559	16.77		300	0	0	0.02795	-0.0121091	-0.0121091	0	0	0	139.716	1.60356e-07	1.60356e-07	0	0	0	2.66967	1.26287	0	1.4068		300	0.264125	0.0155928	-0.0077964	-0.0077964	0	0	0	0.264125	0	-0.355028	-111.796	0	20.391	20.391	-1.5099e-14	5.32541	0	0	0	0	0	0	0	0	0	0	0	0	0	0	0	0	0	0	0	0	0	0	0	0	0	0	0	0	0	0	0	0	0	
1	1	1	560	16.8		300	0	0	0.028	-0.0121329	-0.0121329	0	0	0	139.806	1.60398e-07	1.60398e-07	0	0	0	2.67666	1.26616	0	1.4105		300	0.26482	0.0156349	-0.00781743	-0.00781743	0	0	0	0.26482	0	-0.355028	-111.796	0	20.391	20.391	-1.5099e-14	5.32541	0	0	0	0	0	0	0	0	0	0	0	0	0	0	0	0	0	0	0	0	0	0	0	0	0	0	0	0	0	0	0	0	0	
1	1	1	561	16.83		300	0	0	0.02805	-0.0121567	-0.0121567	0	0	0	139.896	1.6044e-07	1.6044e-07	0	0	0	2.68365	1.26945	0	1.4142		300	0.265514	0.0156769	-0.00783846	-0.00783846	0	0	0	0.265514	0	-0.355028	-111.796	0	20.391	20.391	-1.5099e-14	5.32541	0	0	0	0	0	0	0	0	0	0	0	0	0	0	0	0	0	0	0	0	0	0	0	0	0	0	0	0	0	0	0	0	0	
1	1	1	562	16.86		300	0	0	0.0281	-0.0121805	-0.0121805	0	0	0	139.986	1.60481e-07	1.60481e-07	0	0	0	2.69065	1.27274	0	1.4179		300	0.266209	0.015719	-0.00785949	-0.00785949	0	0	0	0.266209	0	-0.355028	-111.796	0	20.391	20.391	-1.5099e-14	5.32541	0	0	0	0	0	0	0	0	0	0	0	0	0	0	0	0	0	0	0	0	0	0	0	0	0	0	0	0	0	0	0	0	0	
1	1	1	563	16.89		300	0	0	0.02815	-0.0122043	-0.0122043	0	0	0	140.075	1.60522e-07	1.60522e-07	0	0	0	2.69765	1.27604	0	1.42161		300	0.266904	0.0157611	-0.00788053	-0.00788053	0	0	0	0.266904	0	-0.355028	-111.796	0	20.391	20.391	-1.5099e-14	5.32541	0	0	0	0	0	0	0	0	0	0	0	0	0	0	0	0	0	0	0	0	0	0	0	0	0	0	0	0	0	0	0	0	0	
1	1	1	564	16.92		300	0	0	0.0282	-0.0122281	-0.0122281	0	0	0	140.165	1.60562e-07	1.60562e-07	0	0	0	2.70466	1.27935	0	1.42531		300	0.267599	0.0158031	-0.00790157	-0.00790157	0	0	0	0.267599	0	-0.355028	-111.796	0	20.391	20.391	-1.5099e-14	5.32541	0	0	0	0	0	0	0	0	0	0	0	0	0	0	0	0	0	0	0	0	0	0	0	0	0	0	0	0	0	0	0	0	0	
1	1	1	565	16.95		300	0	0	0.02825	-0.0122519	-0.0122519	0	0	0	140.254	1.60603e-07	1.60603e-07	0	0	0	2.71167	1.28266	0	1.42901		300	0.268295	0.0158452	-0.00792262	-0.00792262	0	0	0	0.268295	0	-0.355028	-111.796	0	20.391	20.391	-1.5099e-14	5.32541	0	0	0	0	0	0	0	0	0	0	0	0	0	0	0	0	0	0	0	0	0	0	0	0	0	0	0	0	0	0	0	0	0	
1	1	1	566	16.98		300	0	0	0.0283	-0.0122757	-0.0122757	0	0	0	140.344	1.60643e-07	1.60643e-07	0	0	0	2.71868	1.28597	0	1.43271		300	0.26899	0.0158873	-0.00794367	-0.00794367	0	0	0	0.26899	0	-0.355028	-111.796	0	20.391	20.391	-1.5099e-14	5.32541	0	0	0	0	0	0	0	0	0	0	0	0	0	0	0	0	0	0	0	0	0	0	0	0	0	0	0	0	0	0	0	0	0	
1	1	1	567	17.01		300	0	0	0.02835	-0.0122995	-0.0122995	0	0	0	140.433	1.60682e-07	1.60682e-07	0	0	0	2.7257	1.28928	0	1.43642		300	0.269685	0.0159294	-0.00796472	-0.00796472	0	0	0	0.269685	0	-0.355028	-111.796	0	20.391	20.391	-1.5099e-14	5.32541	0	0	0	0	0	0	0	0	0	0	0	0	0	0	0	0	0	0	0	0	0	0	0	0	0	0	0	0	0	0	0	0	0	
1	1	1	568	17.04		300	0	0	0.0284	-0.0123233	-0.0123233	0	0	0	140.522	1.60722e-07	1.60722e-07	0	0	0	2.73272	1.2926	0	1.44012		300	0.270381	0.0159716	-0.00798578	-0.00798578	0	0	0	0.270381	0	-0.355028	-111.796	0	20.391	20.391	-1.5099e-14	5.32541	0	0	0	0	0	0	0	0	0	0	0	0	0	0	0	0	0	0	0	0	0	0	0	0	0	0	0	0	0	0	0	0	0	
1	1	1	569	17.07		300	0	0	0.02845	-0.0123471	-0.0123471	0	0	0	140.611	1.60761e-07	1.60761e-07	0	0	0	2.73975	1.29593	0	1.44383		300	0.271076	0.0160137	-0.00800684	-0.00800684	0	0	0	0.271076	0	-0.355028	-111.796	0	20.391	20.391	-1.5099e-14	5.32541	0	0	0	0	0	0	0	0	0	0	0	0	0	0	0	0	0	0	0	0	0	0	0	0	0	0	0	0	0	0	0	0	0	
1	1	1	570	17.1		300	0	0	0.0285	-0.0123709	-0.0123709	0	0	0	140.7	1.608e-07	1.608e-07	0	0	0	2.74679	1.29925	0	1.44753		300	0.271772	0.0160558	-0.0080279	-0.0080279	0	0	0	0.271772	0	-0.355028	-111.796	0	20.391	20.391	-1.5099e-14	5.32541	0	0	0	0	0	0	0	0	0	0	0	0	0	0	0	0	0	0	0	0	0	0	0	0	0	0	0	0	0	0	0	0	0	
1	1	1	571	17.13		300	0	0	0.02855	-0.0123947	-0.0123947	0	0	0	140.789	1.60838e-07	1.60838e-07	0	0	0	2.75382	1.30258	0	1.45124		300	0.272467	0.0160979	-0.00804897	-0.00804897	0	0	0	0.272467	0	-0.355028	-111.796	0	20.391	20.391	-1.5099e-14	5.32541	0	0	0	0	0	0	0	0	0	0	0	0	0	0	0	0	0	0	0	0	0	0	0	0	0	0	0	0	0	0	0	0	0	
1	1	1	572	17.16		300	0	0	0.0286	-0.0124186	-0.0124186	0	0	0	140.878	1.60876e-07	1.60876e-07	0	0	0	2.76086	1.30592	0	1.45494		300	0.273163	0.0161401	-0.00807005	-0.00807005	0	0	0	0.273163	0	-0.355028	-111.796	0	20.391	20.391	-1.5099e-14	5.32541	0	0	0	0	0	0	0	0	0	0	0	0	0	0	0	0	0	0	0	0	0	0	0	0	0	0	0	0	0	0	0	0	0	
1	1	1	573	17.19		300	0	0	0.02865	-0.0124424	-0.0124424	0	0	0	140.967	1.60914e-07	1.60914e-07	0	0	0	2.76791	1.30926	0	1.45865		300	0.273859	0.0161822	-0.00809112	-0.00809112	0	0	0	0.273859	0	-0.355028	-111.796	0	20.391	20.391	-1.5099e-14	5.32541	0	0	0	0	0	0	0	0	0	0	0	0	0	0	0	0	0	0	0	0	0	0	0	0	0	0	0	0	0	0	0	0	0	
1	1	1	574	17.22		300	0	0	0.0287	-0.0124662	-0.0124662	0	0	0	141.055	1.60952e-07	1.60952e-07	0	0	0	2.77496	1.3126	0	1.46236		300	0.274555	0.0162244	-0.0081122	-0.0081122	0	0	0	0.274555	0	-0.355028	-111.796	0	20.391	20.391	-1.5099e-14	5.32541	0	0	0	0	0	0	0	0	0	0	0	0	0	0	0	0	0	0	0	0	0	0	0	0	0	0	0	0	0	0	0	0	0	
1	1	1	575	17.25		300	0	0	0.02875	-0.01249	-0.01249	0	0	0	141.144	1.60989e-07	1.60989e-07	0	0	0	2.78202	1.31595	0	1.46607		300	0.275251	0.0162666	-0.00813329	-0.00813329	0	0	0	0.275251	0	-0.355028	-111.796	0	20.391	20.391	-1.5099e-14	5.32541	0	0	0	0	0	0	0	0	0	0	0	0	0	0	0	0	0	0	0	0	0	0	0	0	0	0	0	0	0	0	0	0	0	
1	1	1	576	17.28		300	0	0	0.0288	-0.0125138	-0.0125138	0	0	0	141.232	1.61026e-07	1.61026e-07	0	0	0	2.78908	1.3193	0	1.46977		300	0.275947	0.0163088	-0.00815438	-0.00815438	0	0	0	0.275947	0	-0.355028	-111.796	0	20.391	20.391	-1.5099e-14	5.32541	0	0	0	0	0	0	0	0	0	0	0	0	0	0	0	0	0	0	0	0	0	0	0	0	0	0	0	0	0	0	0	0	0	
1	1	1	577	17.31		300	0	0	0.02885	-0.0125376	-0.0125376	0	0	0	141.321	1.61063e-07	1.61063e-07	0	0	0	2.79614	1.32266	0	1.47348		300	0.276643	0.0163509	-0.00817547	-0.00817547	0	0	0	0.276643	0	-0.355028	-111.796	0	20.391	20.391	-1.5099e-14	5.32541	0	0	0	0	0	0	0	0	0	0	0	0	0	0	0	0	0	0	0	0	0	0	0	0	0	0	0	0	0	0	0	0	0	
1	1	1	578	17.34		300	0	0	0.0289	-0.0125615	-0.0125615	0	0	0	141.409	1.61099e-07	1.61099e-07	0	0	0	2.80321	1.32602	0	1.47719		300	0.27734	0.0163931	-0.00819656	-0.00819656	0	0	0	0.27734	0	-0.355028	-111.796	0	20.391	20.391	-1.5099e-14	5.32541	0	0	0	0	0	0	0	0	0	0	0	0	0	0	0	0	0	0	0	0	0	0	0	0	0	0	0	0	0	0	0	0	0	
1	1	1	579	17.37		300	0	0	0.02895	-0.0125853	-0.0125853	0	0	0	141.497	1.61136e-07	1.61136e-07	0	0	0	2.81028	1.32938	0	1.4809		300	0.278036	0.0164353	-0.00821766	-0.00821766	0	0	0	0.278036	0	-0.355028	-111.796	0	20.391	20.391	-1.5099e-14	5.32541	0	0	0	0	0	0	0	0	0	0	0	0	0	0	0	0	0	0	0	0	0	0	0	0	0	0	0	0	0	0	0	0	0	
1	1	1	580	17.4		300	0	0	0.029	-0.0126091	-0.0126091	0	0	0	141.585	1.61171e-07	1.61171e-07	0	0	0	2.81736	1.33275	0	1.48461		300	0.278733	0.0164775	-0.00823877	-0.00823877	0	0	0	0.278733	0	-0.355028	-111.796	0	20.391	20.391	-1.5099e-14	5.32541	0	0	0	0	0	0	0	0	0	0	0	0	0	0	0	0	0	0	0	0	0	0	0	0	0	0	0	0	0	0	0	0	0	
1	1	1	581	17.43		300	0	0	0.02905	-0.0126329	-0.0126329	0	0	0	141.673	1.61207e-07	1.61207e-07	0	0	0	2.82444	1.33612	0	1.48832		300	0.279429	0.0165197	-0.00825987	-0.00825987	0	0	0	0.279429	0	-0.355028	-111.796	0	20.391	20.391	-1.5099e-14	5.32541	0	0	0	0	0	0	0	0	0	0	0	0	0	0	0	0	0	0	0	0	0	0	0	0	0	0	0	0	0	0	0	0	0	
1	1	1	582	17.46		300	0	0	0.0291	-0.0126568	-0.0126568	0	0	0	141.761	1.61243e-07	1.61243e-07	0	0	0	2.83152	1.33949	0	1.49203		300	0.280126	0.016562	-0.00828099	-0.00828099	0	0	0	0.280126	0	-0.355028	-111.796	0	20.391	20.391	-1.5099e-14	5.32541	0	0	0	0	0	0	0	0	0	0	0	0	0	0	0	0	0	0	0	0	0	0	0	0	0	0	0	0	0	0	0	0	0	
1	1	1	583	17.49		300	0	0	0.02915	-0.0126806	-0.0126806	0	0	0	141.849	1.61278e-07	1.61278e-07	0	0	0	2.83862	1.34287	0	1.49574		300	0.280823	0.0166042	-0.0083021	-0.0083021	0	0	0	0.280823	0	-0.355028	-111.796	0	20.391	20.391	-1.5099e-14	5.32541	0	0	0	0	0	0	0	0	0	0	0	0	0	0	0	0	0	0	0	0	0	0	0	0	0	0	0	0	0	0	0	0	0	
1	1	1	584	17.52		300	0	0	0.0292	-0.0127044	-0.0127044	0	0	0	141.937	1.61313e-07	1.61313e-07	0	0	0	2.84571	1.34626	0	1.49945		300	0.28152	0.0166464	-0.00832322	-0.00832322	0	0	0	0.28152	0	-0.355028	-111.796	0	20.391	20.391	-1.5099e-14	5.32541	0	0	0	0	0	0	0	0	0	0	0	0	0	0	0	0	0	0	0	0	0	0	0	0	0	0	0	0	0	0	0	0	0	
1	1	1	585	17.55		300	0	0	0.02925	-0.0127282	-0.0127282	0	0	0	142.024	1.61347e-07	1.61347e-07	0	0	0	2.85281	1.34964	0	1.50317		300	0.282216	0.0166887	-0.00834434	-0.00834434	0	0	0	0.282216	0	-0.355028	-111.796	0	20.391	20.391	-1.5099e-14	5.32541	0	0	0	0	0	0	0	0	0	0	0	0	0	0	0	0	0	0	0	0	0	0	0	0	0	0	0	0	0	0	0	0	0	
1	1	1	586	17.58		300	0	0	0.0293	-0.0127521	-0.0127521	0	0	0	142.112	1.61382e-07	1.61382e-07	0	0	0	2.85991	1.35303	0	1.50688		300	0.282913	0.0167309	-0.00836546	-0.00836546	0	0	0	0.282913	0	-0.355028	-111.796	0	20.391	20.391	-1.5099e-14	5.32541	0	0	0	0	0	0	0	0	0	0	0	0	0	0	0	0	0	0	0	0	0	0	0	0	0	0	0	0	0	0	0	0	0	
1	1	1	587	17.61		300	0	0	0.02935	-0.0127759	-0.0127759	0	0	0	142.2	1.61416e-07	1.61416e-07	0	0	0	2.86702	1.35643	0	1.51059		300	0.28361	0.0167732	-0.00838659	-0.00838659	0	0	0	0.28361	0	-0.355028	-111.796	0	20.391	20.391	-1.5099e-14	5.32541	0	0	0	0	0	0	0	0	0	0	0	0	0	0	0	0	0	0	0	0	0	0	0	0	0	0	0	0	0	0	0	0	0	
1	1	1	588	17.64		300	0	0	0.0294	-0.0127997	-0.0127997	0	0	0	142.287	1.6145e-07	1.6145e-07	0	0	0	2.87413	1.35983	0	1.51431		300	0.284308	0.0168155	-0.00840773	-0.00840773	0	0	0	0.284308	0	-0.355028	-111.796	0	20.391	20.391	-1.5099e-14	5.32541	0	0	0	0	0	0	0	0	0	0	0	0	0	0	0	0	0	0	0	0	0	0	0	0	0	0	0	0	0	0	0	0	0	
1	1	1	589	17.67		300	0	0	0.02945	-0.0128236	-0.0128236	0	0	0	142.374	1.61483e-07	1.61483e-07	0	0	0	2.88125	1.36323	0	1.51802		300	0.285005	0.0168577	-0.00842886	-0.00842886	0	0	0	0.285005	0	-0.355028	-111.796	0	20.391	20.391	-1.5099e-14	5.32541	0	0	0	0	0	0	0	0	0	0	0	0	0	0	0	0	0	0	0	0	0	0	0	0	0	0	0	0	0	0	0	0	0	
1	1	1	590	17.7		300	0	0	0.0295	-0.0128474	-0.0128474	0	0	0	142.462	1.61517e-07	1.61517e-07	0	0	0	2.88837	1.36664	0	1.52173		300	0.285702	0.0169	-0.00845	-0.00845	0	0	0	0.285702	0	-0.355028	-111.796	0	20.391	20.391	-1.5099e-14	5.32541	0	0	0	0	0	0	0	0	0	0	0	0	0	0	0	0	0	0	0	0	0	0	0	0	0	0	0	0	0	0	0	0	0	
1	1	1	591	17.73		300	0	0	0.02955	-0.0128712	-0.0128712	0	0	0	142.549	1.6155e-07	1.6155e-07	0	0	0	2.89549	1.37005	0	1.52545		300	0.2864	0.0169423	-0.00847114	-0.00847114	0	0	0	0.2864	0	-0.355028	-111.796	0	20.391	20.391	-1.5099e-14	5.32541	0	0	0	0	0	0	0	0	0	0	0	0	0	0	0	0	0	0	0	0	0	0	0	0	0	0	0	0	0	0	0	0	0	
1	1	1	592	17.76		300	0	0	0.0296	-0.0128951	-0.0128951	0	0	0	142.636	1.61582e-07	1.61582e-07	0	0	0	2.90262	1.37346	0	1.52916		300	0.287097	0.0169846	-0.00849229	-0.00849229	0	0	0	0.287097	0	-0.355028	-111.796	0	20.391	20.391	-1.5099e-14	5.32541	0	0	0	0	0	0	0	0	0	0	0	0	0	0	0	0	0	0	0	0	0	0	0	0	0	0	0	0	0	0	0	0	0	
1	1	1	593	17.79		300	0	0	0.02965	-0.0129189	-0.0129189	0	0	0	142.723	1.61615e-07	1.61615e-07	0	0	0	2.90976	1.37688	0	1.53288		300	0.287795	0.0170269	-0.00851344	-0.00851344	0	0	0	0.287795	0	-0.355028	-111.796	0	20.391	20.391	-1.5099e-14	5.32541	0	0	0	0	0	0	0	0	0	0	0	0	0	0	0	0	0	0	0	0	0	0	0	0	0	0	0	0	0	0	0	0	0	
1	1	1	594	17.82		300	0	0	0.0297	-0.0129427	-0.0129427	0	0	0	142.81	1.61648e-07	1.61648e-07	0	0	0	2.9169	1.3803	0	1.53659		300	0.288492	0.0170692	-0.00853459	-0.00853459	0	0	0	0.288492	0	-0.355028	-111.796	0	20.391	20.391	-1.5099e-14	5.32541	0	0	0	0	0	0	0	0	0	0	0	0	0	0	0	0	0	0	0	0	0	0	0	0	0	0	0	0	0	0	0	0	0	
1	1	1	595	17.85		300	0	0	0.02975	-0.0129666	-0.0129666	0	0	0	142.897	1.6168e-07	1.6168e-07	0	0	0	2.92404	1.38373	0	1.54031		300	0.28919	0.0171115	-0.00855575	-0.00855575	0	0	0	0.28919	0	-0.355028	-111.796	0	20.391	20.391	-1.5099e-14	5.32541	0	0	0	0	0	0	0	0	0	0	0	0	0	0	0	0	0	0	0	0	0	0	0	0	0	0	0	0	0	0	0	0	0	
1	1	1	596	17.88		300	0	0	0.0298	-0.0129904	-0.0129904	0	0	0	142.984	1.61712e-07	1.61712e-07	0	0	0	2.93119	1.38716	0	1.54403		300	0.289888	0.0171538	-0.00857691	-0.00857691	0	0	0	0.289888	0	-0.355028	-111.796	0	20.391	20.391	-1.5099e-14	5.32541	0	0	0	0	0	0	0	0	0	0	0	0	0	0	0	0	0	0	0	0	0	0	0	0	0	0	0	0	0	0	0	0	0	
1	1	1	597	17.91		300	0	0	0.02985	-0.0130143	-0.0130143	0	0	0	143.071	1.61743e-07	1.61743e-07	0	0	0	2.93834	1.39059	0	1.54775		300	0.290586	0.0171961	-0.00859807	-0.00859807	0	0	0	0.290586	0	-0.355028	-111.796	0	20.391	20.391	-1.5099e-14	5.32541	0	0	0	0	0	0	0	0	0	0	0	0	0	0	0	0	0	0	0	0	0	0	0	0	0	0	0	0	0	0	0	0	0	
1	1	1	598	17.94		300	0	0	0.0299	-0.0130381	-0.0130381	0	0	0	143.157	1.61775e-07	1.61775e-07	0	0	0	2.94549	1.39403	0	1.55146		300	0.291284	0.0172385	-0.00861924	-0.00861924	0	0	0	0.291284	0	-0.355028	-111.796	0	20.391	20.391	-1.5099e-14	5.32541	0	0	0	0	0	0	0	0	0	0	0	0	0	0	0	0	0	0	0	0	0	0	0	0	0	0	0	0	0	0	0	0	0	
1	1	1	599	17.97		300	0	0	0.02995	-0.013062	-0.013062	0	0	0	143.244	1.61806e-07	1.61806e-07	0	0	0	2.95265	1.39747	0	1.55518		300	0.291982	0.0172808	-0.00864041	-0.00864041	0	0	0	0.291982	0	-0.355028	-111.796	0	20.391	20.391	-1.5099e-14	5.32541	0	0	0	0	0	0	0	0	0	0	0	0	0	0	0	0	0	0	0	0	0	0	0	0	0	0	0	0	0	0	0	0	0	
1	1	1	600	18		300	0	0	0.03	-0.0130858	-0.0130858	0	0	0	143.33	1.61837e-07	1.61837e-07	0	0	0	2.95982	1.40092	0	1.5589		300	0.29268	0.0173232	-0.00866158	-0.00866158	0	0	0	0.29268	0	-0.355028	-111.796	0	20.391	20.391	-1.5099e-14	5.32541	0	0	0	0	0	0	0	0	0	0	0	0	0	0	0	0	0	0	0	0	0	0	0	0	0	0	0	0	0	0	0	0	0	
1	1	1	601	18.03		300	0	0	0.03005	-0.0131096	-0.0131096	0	0	0	143.417	1.61868e-07	1.61868e-07	0	0	0	2.96699	1.40437	0	1.56262		300	0.293378	0.0173655	-0.00868276	-0.00868276	0	0	0	0.293378	0	-0.355028	-111.796	0	20.391	20.391	-1.5099e-14	5.32541	0	0	0	0	0	0	0	0	0	0	0	0	0	0	0	0	0	0	0	0	0	0	0	0	0	0	0	0	0	0	0	0	0	
1	1	1	602	18.06		300	0	0	0.0301	-0.0131335	-0.0131335	0	0	0	143.503	1.61898e-07	1.61898e-07	0	0	0	2.97416	1.40782	0	1.56634		300	0.294076	0.0174079	-0.00870394	-0.00870394	0	0	0	0.294076	0	-0.355028	-111.796	0	20.391	20.391	-1.5099e-14	5.32541	0	0	0	0	0	0	0	0	0	0	0	0	0	0	0	0	0	0	0	0	0	0	0	0	0	0	0	0	0	0	0	0	0	
1	1	1	603	18.09		300	0	0	0.03015	-0.0131573	-0.0131573	0	0	0	143.59	1.61928e-07	1.61928e-07	0	0	0	2.98134	1.41128	0	1.57006		300	0.294774	0.0174502	-0.00872512	-0.00872512	0	0	0	0.294774	0	-0.355028	-111.796	0	20.391	20.391	-1.5099e-14	5.32541	0	0	0	0	0	0	0	0	0	0	0	0	0	0	0	0	0	0	0	0	0	0	0	0	0	0	0	0	0	0	0	0	0	
1	1	1	604	18.12		300	0	0	0.0302	-0.0131812	-0.0131812	0	0	0	143.676	1.61958e-07	1.61959e-07	0	0	0	2.98852	1.41474	0	1.57378		300	0.295473	0.0174926	-0.00874631	-0.00874631	0	0	0	0.295473	0	-0.355028	-111.796	0	20.391	20.391	-1.5099e-14	5.32541	0	0	0	0	0	0	0	0	0	0	0	0	0	0	0	0	0	0	0	0	0	0	0	0	0	0	0	0	0	0	0	0	0	
1	1	1	605	18.15		300	0	0	0.03025	-0.013205	-0.013205	0	0	0	143.762	1.61988e-07	1.61988e-07	0	0	0	2.9957	1.41821	0	1.5775		300	0.296171	0.017535	-0.0087675	-0.0087675	0	0	0	0.296171	0	-0.355028	-111.796	0	20.391	20.391	-1.5099e-14	5.32541	0	0	0	0	0	0	0	0	0	0	0	0	0	0	0	0	0	0	0	0	0	0	0	0	0	0	0	0	0	0	0	0	0	
1	1	1	606	18.18		300	0	0	0.0303	-0.0132289	-0.0132289	0	0	0	143.848	1.62018e-07	1.62018e-07	0	0	0	3.00289	1.42168	0	1.58122		300	0.29687	0.0175774	-0.00878869	-0.00878869	0	0	0	0.29687	0	-0.355028	-111.796	0	20.391	20.391	-1.5099e-14	5.32541	0	0	0	0	0	0	0	0	0	0	0	0	0	0	0	0	0	0	0	0	0	0	0	0	0	0	0	0	0	0	0	0	0	
1	1	1	607	18.21		300	0	0	0.03035	-0.0132527	-0.0132527	0	0	0	143.934	1.62047e-07	1.62047e-07	0	0	0	3.01009	1.42515	0	1.58494		300	0.297568	0.0176198	-0.00880989	-0.00880989	0	0	0	0.297568	0	-0.355028	-111.796	0	20.391	20.391	-1.5099e-14	5.32541	0	0	0	0	0	0	0	0	0	0	0	0	0	0	0	0	0	0	0	0	0	0	0	0	0	0	0	0	0	0	0	0	0	
1	1	1	608	18.24		300	0	0	0.0304	-0.0132766	-0.0132766	0	0	0	144.02	1.62076e-07	1.62077e-07	0	0	0	3.01729	1.42863	0	1.58866		300	0.298267	0.0176622	-0.00883109	-0.00883109	0	0	0	0.298267	0	-0.355028	-111.796	0	20.391	20.391	-1.5099e-14	5.32541	0	0	0	0	0	0	0	0	0	0	0	0	0	0	0	0	0	0	0	0	0	0	0	0	0	0	0	0	0	0	0	0	0	
1	1	1	609	18.27		300	0	0	0.03045	-0.0133004	-0.0133004	0	0	0	144.106	1.62105e-07	1.62106e-07	0	0	0	3.02449	1.43211	0	1.59238		300	0.298966	0.0177046	-0.00885229	-0.00885229	0	0	0	0.298966	0	-0.355028	-111.796	0	20.391	20.391	-1.5099e-14	5.32541	0	0	0	0	0	0	0	0	0	0	0	0	0	0	0	0	0	0	0	0	0	0	0	0	0	0	0	0	0	0	0	0	0	
1	1	1	610	18.3		300	0	0	0.0305	-0.0133243	-0.0133243	0	0	0	144.192	1.62134e-07	1.62134e-07	0	0	0	3.0317	1.4356	0	1.5961		300	0.299664	0.017747	-0.00887349	-0.00887349	0	0	0	0.299664	0	-0.355028	-111.796	0	20.391	20.391	-1.5099e-14	5.32541	0	0	0	0	0	0	0	0	0	0	0	0	0	0	0	0	0	0	0	0	0	0	0	0	0	0	0	0	0	0	0	0	0	
1	1	1	611	18.33		300	0	0	0.03055	-0.0133482	-0.0133482	0	0	0	144.277	1.62163e-07	1.62163e-07	0	0	0	3.03891	1.43908	0	1.59983		300	0.300363	0.0177894	-0.0088947	-0.0088947	0	0	0	0.300363	0	-0.355028	-111.796	0	20.391	20.391	-1.5099e-14	5.32541	0	0	0	0	0	0	0	0	0	0	0	0	0	0	0	0	0	0	0	0	0	0	0	0	0	0	0	0	0	0	0	0	0	
1	1	1	612	18.36		300	0	0	0.0306	-0.013372	-0.013372	0	0	0	144.363	1.62191e-07	1.62191e-07	0	0	0	3.04613	1.44258	0	1.60355		300	0.301062	0.0178318	-0.00891592	-0.00891592	0	0	0	0.301062	0	-0.355028	-111.796	0	20.391	20.391	-1.5099e-14	5.32541	0	0	0	0	0	0	0	0	0	0	0	0	0	0	0	0	0	0	0	0	0	0	0	0	0	0	0	0	0	0	0	0	0	
1	1	1	613	18.39		300	0	0	0.03065	-0.0133959	-0.0133959	0	0	0	144.449	1.62219e-07	1.62219e-07	0	0	0	3.05335	1.44607	0	1.60727		300	0.301761	0.0178743	-0.00893713	-0.00893713	0	0	0	0.301761	0	-0.355028	-111.796	0	20.391	20.391	-1.5099e-14	5.32541	0	0	0	0	0	0	0	0	0	0	0	0	0	0	0	0	0	0	0	0	0	0	0	0	0	0	0	0	0	0	0	0	0	
1	1	1	614	18.42		300	0	0	0.0307	-0.0134197	-0.0134197	0	0	0	144.534	1.62247e-07	1.62247e-07	0	0	0	3.06057	1.44958	0	1.611		300	0.30246	0.0179167	-0.00895835	-0.00895835	0	0	0	0.30246	0	-0.355028	-111.796	0	20.391	20.391	-1.5099e-14	5.32541	0	0	0	0	0	0	0	0	0	0	0	0	0	0	0	0	0	0	0	0	0	0	0	0	0	0	0	0	0	0	0	0	0	
1	1	1	615	18.45		300	0	0	0.03075	-0.0134436	-0.0134436	0	0	0	144.62	1.62275e-07	1.62275e-07	0	0	0	3.0678	1.45308	0	1.61472		300	0.303159	0.0179591	-0.00897957	-0.00897957	0	0	0	0.303159	0	-0.355028	-111.796	0	20.391	20.391	-1.5099e-14	5.32541	0	0	0	0	0	0	0	0	0	0	0	0	0	0	0	0	0	0	0	0	0	0	0	0	0	0	0	0	0	0	0	0	0	
1	1	1	616	18.48		300	0	0	0.0308	-0.0134674	-0.0134674	0	0	0	144.705	1.62302e-07	1.62302e-07	0	0	0	3.07503	1.45659	0	1.61844		300	0.303859	0.0180016	-0.00900079	-0.00900079	0	0	0	0.303859	0	-0.355028	-111.796	0	20.391	20.391	-1.5099e-14	5.32541	0	0	0	0	0	0	0	0	0	0	0	0	0	0	0	0	0	0	0	0	0	0	0	0	0	0	0	0	0	0	0	0	0	
1	1	1	617	18.51		300	0	0	0.03085	-0.0134913	-0.0134913	0	0	0	144.79	1.6233e-07	1.6233e-07	0	0	0	3.08227	1.4601	0	1.62217		300	0.304558	0.018044	-0.00902202	-0.00902202	0	0	0	0.304558	0	-0.355028	-111.796	0	20.391	20.391	-1.5099e-14	5.32541	0	0	0	0	0	0	0	0	0	0	0	0	0	0	0	0	0	0	0	0	0	0	0	0	0	0	0	0	0	0	0	0	0	
1	1	1	618	18.54		300	0	0	0.0309	-0.0135152	-0.0135152	0	0	0	144.876	1.62357e-07	1.62357e-07	0	0	0	3.08951	1.46362	0	1.62589		300	0.305257	0.0180865	-0.00904325	-0.00904325	0	0	0	0.305257	0	-0.355028	-111.796	0	20.391	20.391	-1.5099e-14	5.32541	0	0	0	0	0	0	0	0	0	0	0	0	0	0	0	0	0	0	0	0	0	0	0	0	0	0	0	0	0	0	0	0	0	
1	1	1	619	18.57		300	0	0	0.03095	-0.013539	-0.013539	0	0	0	144.961	1.62384e-07	1.62384e-07	0	0	0	3.09676	1.46714	0	1.62962		300	0.305957	0.018129	-0.00906448	-0.00906448	0	0	0	0.305957	0	-0.355028	-111.796	0	20.391	20.391	-1.5099e-14	5.32541	0	0	0	0	0	0	0	0	0	0	0	0	0	0	0	0	0	0	0	0	0	0	0	0	0	0	0	0	0	0	0	0	0	
1	1	1	620	18.6		300	0	0	0.031	-0.0135629	-0.0135629	0	0	0	145.046	1.6241e-07	1.6241e-07	0	0	0	3.10401	1.47066	0	1.63335		300	0.306656	0.0181714	-0.00908572	-0.00908572	0	0	0	0.306656	0	-0.355028	-111.796	0	20.391	20.391	-1.5099e-14	5.32541	0	0	0	0	0	0	0	0	0	0	0	0	0	0	0	0	0	0	0	0	0	0	0	0	0	0	0	0	0	0	0	0	0	
1	1	1	621	18.63		300	0	0	0.03105	-0.0135868	-0.0135868	0	0	0	145.131	1.62437e-07	1.62437e-07	0	0	0	3.11126	1.47419	0	1.63707		300	0.307356	0.0182139	-0.00910696	-0.00910696	0	0	0	0.307356	0	-0.355028	-111.796	0	20.391	20.391	-1.5099e-14	5.32541	0	0	0	0	0	0	0	0	0	0	0	0	0	0	0	0	0	0	0	0	0	0	0	0	0	0	0	0	0	0	0	0	0	
1	1	1	622	18.66		300	0	0	0.0311	-0.0136106	-0.0136106	0	0	0	145.216	1.62463e-07	1.62463e-07	0	0	0	3.11852	1.47772	0	1.6408		300	0.308055	0.0182564	-0.0091282	-0.0091282	0	0	0	0.308055	0	-0.355028	-111.796	0	20.391	20.391	-1.5099e-14	5.32541	0	0	0	0	0	0	0	0	0	0	0	0	0	0	0	0	0	0	0	0	0	0	0	0	0	0	0	0	0	0	0	0	0	
1	1	1	623	18.69		300	0	0	0.03115	-0.0136345	-0.0136345	0	0	0	145.301	1.62489e-07	1.62489e-07	0	0	0	3.12578	1.48126	0	1.64452		300	0.308755	0.0182989	-0.00914945	-0.00914945	0	0	0	0.308755	0	-0.355028	-111.796	0	20.391	20.391	-1.5099e-14	5.32541	0	0	0	0	0	0	0	0	0	0	0	0	0	0	0	0	0	0	0	0	0	0	0	0	0	0	0	0	0	0	0	0	0	
1	1	1	624	18.72		300	0	0	0.0312	-0.0136583	-0.0136583	0	0	0	145.386	1.62515e-07	1.62515e-07	0	0	0	3.13305	1.4848	0	1.64825		300	0.309455	0.0183414	-0.00917069	-0.00917069	0	0	0	0.309455	0	-0.355028	-111.796	0	20.391	20.391	-1.5099e-14	5.32541	0	0	0	0	0	0	0	0	0	0	0	0	0	0	0	0	0	0	0	0	0	0	0	0	0	0	0	0	0	0	0	0	0	
1	1	1	625	18.75		300	0	0	0.03125	-0.0136822	-0.0136822	0	0	0	145.471	1.62541e-07	1.62541e-07	0	0	0	3.14032	1.48834	0	1.65198		300	0.310154	0.0183839	-0.00919194	-0.00919194	0	0	0	0.310154	0	-0.355028	-111.796	0	20.391	20.391	-1.5099e-14	5.32541	0	0	0	0	0	0	0	0	0	0	0	0	0	0	0	0	0	0	0	0	0	0	0	0	0	0	0	0	0	0	0	0	0	
1	1	1	626	18.78		300	0	0	0.0313	-0.0137061	-0.0137061	0	0	0	145.555	1.62567e-07	1.62567e-07	0	0	0	3.1476	1.49189	0	1.65571		300	0.310854	0.0184264	-0.0092132	-0.0092132	0	0	0	0.310854	0	-0.355028	-111.796	0	20.391	20.391	-1.5099e-14	5.32541	0	0	0	0	0	0	0	0	0	0	0	0	0	0	0	0	0	0	0	0	0	0	0	0	0	0	0	0	0	0	0	0	0	
1	1	1	627	18.81		300	0	0	0.03135	-0.01373	-0.01373	0	0	0	145.64	1.62592e-07	1.62592e-07	0	0	0	3.15488	1.49544	0	1.65943		300	0.311554	0.0184689	-0.00923445	-0.00923445	0	0	0	0.311554	0	-0.355028	-111.796	0	20.391	20.391	-1.5099e-14	5.32541	0	0	0	0	0	0	0	0	0	0	0	0	0	0	0	0	0	0	0	0	0	0	0	0	0	0	0	0	0	0	0	0	0	
1	1	1	628	18.84		300	0	0	0.0314	-0.0137538	-0.0137538	0	0	0	145.725	1.62617e-07	1.62617e-07	0	0	0	3.16216	1.499	0	1.66316		300	0.312254	0.0185114	-0.00925571	-0.00925571	0	0	0	0.312254	0	-0.355028	-111.796	0	20.391	20.391	-1.5099e-14	5.32541	0	0	0	0	0	0	0	0	0	0	0	0	0	0	0	0	0	0	0	0	0	0	0	0	0	0	0	0	0	0	0	0	0	
1	1	1	629	18.87		300	0	0	0.03145	-0.0137777	-0.0137777	0	0	0	145.809	1.62642e-07	1.62642e-07	0	0	0	3.16945	1.50256	0	1.66689		300	0.312954	0.018554	-0.00927698	-0.00927698	0	0	0	0.312954	0	-0.355028	-111.796	0	20.391	20.391	-1.5099e-14	5.32541	0	0	0	0	0	0	0	0	0	0	0	0	0	0	0	0	0	0	0	0	0	0	0	0	0	0	0	0	0	0	0	0	0	
1	1	1	630	18.9		300	0	0	0.0315	-0.0138016	-0.0138016	0	0	0	145.893	1.62667e-07	1.62667e-07	0	0	0	3.17674	1.50612	0	1.67062		300	0.313654	0.0185965	-0.00929824	-0.00929824	0	0	0	0.313654	0	-0.355028	-111.796	0	20.391	20.391	-1.5099e-14	5.32541	0	0	0	0	0	0	0	0	0	0	0	0	0	0	0	0	0	0	0	0	0	0	0	0	0	0	0	0	0	0	0	0	0	
1	1	1	631	18.93		300	0	0	0.03155	-0.0138254	-0.0138254	0	0	0	145.978	1.62692e-07	1.62692e-07	0	0	0	3.18404	1.50969	0	1.67435		300	0.314354	0.018639	-0.00931951	-0.00931951	0	0	0	0.314354	0	-0.355028	-111.796	0	20.391	20.391	-1.5099e-14	5.32541	0	0	0	0	0	0	0	0	0	0	0	0	0	0	0	0	0	0	0	0	0	0	0	0	0	0	0	0	0	0	0	0	0	
1	1	1	632	18.96		300	0	0	0.0316	-0.0138493	-0.0138493	0	0	0	146.062	1.62716e-07	1.62716e-07	0	0	0	3.19134	1.51326	0	1.67808		300	0.315055	0.0186816	-0.00934078	-0.00934078	0	0	0	0.315055	0	-0.355028	-111.796	0	20.391	20.391	-1.5099e-14	5.32541	0	0	0	0	0	0	0	0	0	0	0	0	0	0	0	0	0	0	0	0	0	0	0	0	0	0	0	0	0	0	0	0	0	
1	1	1	633	18.99		300	0	0	0.03165	-0.0138732	-0.0138732	0	0	0	146.147	1.6274e-07	1.6274e-07	0	0	0	3.19865	1.51684	0	1.68181		300	0.315755	0.0187241	-0.00936205	-0.00936205	0	0	0	0.315755	0	-0.355028	-111.796	0	20.391	20.391	-1.5099e-14	5.32541	0	0	0	0	0	0	0	0	0	0	0	0	0	0	0	0	0	0	0	0	0	0	0	0	0	0	0	0	0	0	0	0	0	
1	1	1	634	19.02		300	0	0	0.0317	-0.0138971	-0.0138971	0	0	0	146.231	1.62764e-07	1.62764e-07	0	0	0	3.20596	1.52042	0	1.68554		300	0.316455	0.0187667	-0.00938333	-0.00938333	0	0	0	0.316455	0	-0.355028	-111.796	0	20.391	20.391	-1.5099e-14	5.32541	0	0	0	0	0	0	0	0	0	0	0	0	0	0	0	0	0	0	0	0	0	0	0	0	0	0	0	0	0	0	0	0	0	
1	1	1	635	19.05		300	0	0	0.03175	-0.0139209	-0.0139209	0	0	0	146.315	1.62788e-07	1.62788e-07	0	0	0	3.21327	1.524	0	1.68927		300	0.317156	0.0188092	-0.00940461	-0.00940461	0	0	0	0.317156	0	-0.355028	-111.796	0	20.391	20.391	-1.5099e-14	5.32541	0	0	0	0	0	0	0	0	0	0	0	0	0	0	0	0	0	0	0	0	0	0	0	0	0	0	0	0	0	0	0	0	0	
1	1	1	636	19.08		300	0	0	0.0318	-0.0139448	-0.0139448	0	0	0	146.399	1.62812e-07	1.62812e-07	0	0	0	3.22059	1.52759	0	1.693		300	0.317856	0.0188518	-0.00942589	-0.00942589	0	0	0	0.317856	0	-0.355028	-111.796	0	20.391	20.391	-1.5099e-14	5.32541	0	0	0	0	0	0	0	0	0	0	0	0	0	0	0	0	0	0	0	0	0	0	0	0	0	0	0	0	0	0	0	0	0	
1	1	1	637	19.11		300	0	0	0.03185	-0.0139687	-0.0139687	0	0	0	146.483	1.62836e-07	1.62836e-07	0	0	0	3.22791	1.53118	0	1.69673		300	0.318556	0.0188943	-0.00944717	-0.00944717	0	0	0	0.318556	0	-0.355028	-111.796	0	20.391	20.391	-1.5099e-14	5.32541	0	0	0	0	0	0	0	0	0	0	0	0	0	0	0	0	0	0	0	0	0	0	0	0	0	0	0	0	0	0	0	0	0	
1	1	1	638	19.14		300	0	0	0.0319	-0.0139926	-0.0139926	0	0	0	146.567	1.62859e-07	1.62859e-07	0	0	0	3.23524	1.53477	0	1.70046		300	0.319257	0.0189369	-0.00946846	-0.00946846	0	0	0	0.319257	0	-0.355028	-111.796	0	20.391	20.391	-1.5099e-14	5.32541	0	0	0	0	0	0	0	0	0	0	0	0	0	0	0	0	0	0	0	0	0	0	0	0	0	0	0	0	0	0	0	0	0	
1	1	1	639	19.17		300	0	0	0.03195	-0.0140165	-0.0140165	0	0	0	146.651	1.62882e-07	1.62882e-07	0	0	0	3.24257	1.53837	0	1.7042		300	0.319958	0.0189795	-0.00948975	-0.00948975	0	0	0	0.319958	0	-0.355028	-111.796	0	20.391	20.391	-1.5099e-14	5.32541	0	0	0	0	0	0	0	0	0	0	0	0	0	0	0	0	0	0	0	0	0	0	0	0	0	0	0	0	0	0	0	0	0	
1	1	1	640	19.2		300	0	0	0.032	-0.0140403	-0.0140403	0	0	0	146.735	1.62905e-07	1.62905e-07	0	0	0	3.2499	1.54197	0	1.70793		300	0.320658	0.0190221	-0.00951104	-0.00951104	0	0	0	0.320658	0	-0.355028	-111.796	0	20.391	20.391	-1.5099e-14	5.32541	0	0	0	0	0	0	0	0	0	0	0	0	0	0	0	0	0	0	0	0	0	0	0	0	0	0	0	0	0	0	0	0	0	
1	1	1	641	19.23		300	0	0	0.03205	-0.0140642	-0.0140642	0	0	0	146.818	1.62928e-07	1.62928e-07	0	0	0	3.25724	1.54558	0	1.71166		300	0.321359	0.0190647	-0.00953233	-0.00953233	0	0	0	0.321359	0	-0.355028	-111.796	0	20.391	20.391	-1.5099e-14	5.32541	0	0	0	0	0	0	0	0	0	0	0	0	0	0	0	0	0	0	0	0	0	0	0	0	0	0	0	0	0	0	0	0	0	
1	1	1	642	19.26		300	0	0	0.0321	-0.0140881	-0.0140881	0	0	0	146.902	1.62951e-07	1.62951e-07	0	0	0	3.26458	1.54919	0	1.71539		300	0.32206	0.0191073	-0.00955363	-0.00955363	0	0	0	0.32206	0	-0.355028	-111.796	0	20.391	20.391	-1.5099e-14	5.32541	0	0	0	0	0	0	0	0	0	0	0	0	0	0	0	0	0	0	0	0	0	0	0	0	0	0	0	0	0	0	0	0	0	
1	1	1	643	19.29		300	0	0	0.03215	-0.014112	-0.014112	0	0	0	146.986	1.62973e-07	1.62973e-07	0	0	0	3.27193	1.5528	0	1.71913		300	0.322761	0.0191499	-0.00957493	-0.00957493	0	0	0	0.322761	0	-0.355028	-111.796	0	20.391	20.391	-1.5099e-14	5.32541	0	0	0	0	0	0	0	0	0	0	0	0	0	0	0	0	0	0	0	0	0	0	0	0	0	0	0	0	0	0	0	0	0	
1	1	1	644	19.32		300	0	0	0.0322	-0.0141359	-0.0141359	0	0	0	147.069	1.62996e-07	1.62996e-07	0	0	0	3.27928	1.55642	0	1.72286		300	0.323461	0.0191925	-0.00959623	-0.00959623	0	0	0	0.323461	0	-0.355028	-111.796	0	20.391	20.391	-1.5099e-14	5.32541	0	0	0	0	0	0	0	0	0	0	0	0	0	0	0	0	0	0	0	0	0	0	0	0	0	0	0	0	0	0	0	0	0	
1	1	1	645	19.35		300	0	0	0.03225	-0.0141597	-0.0141597	0	0	0	147.153	1.63018e-07	1.63018e-07	0	0	0	3.28664	1.56004	0	1.72659		300	0.324162	0.0192351	-0.00961754	-0.00961754	0	0	0	0.324162	0	-0.355028	-111.796	0	20.391	20.391	-1.5099e-14	5.32541	0	0	0	0	0	0	0	0	0	0	0	0	0	0	0	0	0	0	0	0	0	0	0	0	0	0	0	0	0	0	0	0	0	
1	1	1	646	19.38		300	0	0	0.0323	-0.0141836	-0.0141836	0	0	0	147.237	1.6304e-07	1.6304e-07	0	0	0	3.294	1.56367	0	1.73033		300	0.324863	0.0192777	-0.00963885	-0.00963885	0	0	0	0.324863	0	-0.355028	-111.796	0	20.391	20.391	-1.5099e-14	5.32541	0	0	0	0	0	0	0	0	0	0	0	0	0	0	0	0	0	0	0	0	0	0	0	0	0	0	0	0	0	0	0	0	0	
1	1	1	647	19.41		300	0	0	0.03235	-0.0142075	-0.0142075	0	0	0	147.32	1.63062e-07	1.63062e-07	0	0	0	3.30136	1.5673	0	1.73406		300	0.325564	0.0193203	-0.00966016	-0.00966016	0	0	0	0.325564	0	-0.355028	-111.796	0	20.391	20.391	-1.5099e-14	5.32541	0	0	0	0	0	0	0	0	0	0	0	0	0	0	0	0	0	0	0	0	0	0	0	0	0	0	0	0	0	0	0	0	0	
1	1	1	648	19.44		300	0	0	0.0324	-0.0142314	-0.0142314	0	0	0	147.403	1.63084e-07	1.63084e-07	0	0	0	3.30873	1.57093	0	1.7378		300	0.326265	0.0193629	-0.00968147	-0.00968147	0	0	0	0.326265	0	-0.355028	-111.796	0	20.391	20.391	-1.5099e-14	5.32541	0	0	0	0	0	0	0	0	0	0	0	0	0	0	0	0	0	0	0	0	0	0	0	0	0	0	0	0	0	0	0	0	0	
1	1	1	649	19.47		300	0	0	0.03245	-0.0142553	-0.0142553	0	0	0	147.487	1.63105e-07	1.63105e-07	0	0	0	3.3161	1.57457	0	1.74153		300	0.326967	0.0194056	-0.00970279	-0.00970279	0	0	0	0.326967	0	-0.355028	-111.796	0	20.391	20.391	-1.5099e-14	5.32541	0	0	0	0	0	0	0	0	0	0	0	0	0	0	0	0	0	0	0	0	0	0	0	0	0	0	0	0	0	0	0	0	0	
1	1	1	650	19.5		300	0	0	0.0325	-0.0142792	-0.0142792	0	0	0	147.57	1.63126e-07	1.63126e-07	0	0	0	3.32348	1.57821	0	1.74527		300	0.327668	0.0194482	-0.0097241	-0.0097241	0	0	0	0.327668	0	-0.355028	-111.796	0	20.391	20.391	-1.5099e-14	5.32541	0	0	0	0	0	0	0	0	0	0	0	0	0	0	0	0	0	0	0	0	0	0	0	0	0	0	0	0	0	0	0	0	0	
1	1	1	651	19.53		300	0	0	0.03255	-0.0143031	-0.0143031	0	0	0	147.653	1.63148e-07	1.63148e-07	0	0	0	3.33086	1.58186	0	1.749		300	0.328369	0.0194908	-0.00974542	-0.00974542	0	0	0	0.328369	0	-0.355028	-111.796	0	20.391	20.391	-1.5099e-14	5.32541	0	0	0	0	0	0	0	0	0	0	0	0	0	0	0	0	0	0	0	0	0	0	0	0	0	0	0	0	0	0	0	0	0	
1	1	1	652	19.56		300	0	0	0.0326	-0.014327	-0.014327	0	0	0	147.736	1.63169e-07	1.63169e-07	0	0	0	3.33824	1.58551	0	1.75274		300	0.32907	0.0195335	-0.00976675	-0.00976675	0	0	0	0.32907	0	-0.355028	-111.796	0	20.391	20.391	-1.5099e-14	5.32541	0	0	0	0	0	0	0	0	0	0	0	0	0	0	0	0	0	0	0	0	0	0	0	0	0	0	0	0	0	0	0	0	0	
1	1	1	653	19.59		300	0	0	0.03265	-0.0143508	-0.0143508	0	0	0	147.819	1.6319e-07	1.6319e-07	0	0	0	3.34563	1.58916	0	1.75647		300	0.329772	0.0195761	-0.00978807	-0.00978807	0	0	0	0.329772	0	-0.355028	-111.796	0	20.391	20.391	-1.5099e-14	5.32541	0	0	0	0	0	0	0	0	0	0	0	0	0	0	0	0	0	0	0	0	0	0	0	0	0	0	0	0	0	0	0	0	0	
1	1	1	654	19.62		300	0	0	0.0327	-0.0143747	-0.0143747	0	0	0	147.902	1.6321e-07	1.6321e-07	0	0	0	3.35302	1.59282	0	1.76021		300	0.330473	0.0196188	-0.0098094	-0.0098094	0	0	0	0.330473	0	-0.355028	-111.796	0	20.391	20.391	-1.5099e-14	5.32541	0	0	0	0	0	0	0	0	0	0	0	0	0	0	0	0	0	0	0	0	0	0	0	0	0	0	0	0	0	0	0	0	0	
1	1	1	655	19.65		300	0	0	0.03275	-0.0143986	-0.0143986	0	0	0	147.985	1.63231e-07	1.63231e-07	0	0	0	3.36042	1.59648	0	1.76394		300	0.331175	0.0196615	-0.00983073	-0.00983073	0	0	0	0.331175	0	-0.355028	-111.796	0	20.391	20.391	-1.5099e-14	5.32541	0	0	0	0	0	0	0	0	0	0	0	0	0	0	0	0	0	0	0	0	0	0	0	0	0	0	0	0	0	0	0	0	0	
1	1	1	656	19.68		300	0	0	0.0328	-0.0144225	-0.0144225	0	0	0	148.068	1.63252e-07	1.63251e-07	0	0	0	3.36782	1.60014	0	1.76768		300	0.331876	0.0197041	-0.00985206	-0.00985206	0	0	0	0.331876	0	-0.355028	-111.796	0	20.391	20.391	-1.5099e-14	5.32541	0	0	0	0	0	0	0	0	0	0	0	0	0	0	0	0	0	0	0	0	0	0	0	0	0	0	0	0	0	0	0	0	0	
1	1	1	657	19.71		300	0	0	0.03285	-0.0144464	-0.0144464	0	0	0	148.151	1.63272e-07	1.63272e-07	0	0	0	3.37523	1.60381	0	1.77142		300	0.332578	0.0197468	-0.0098734	-0.0098734	0	0	0	0.332578	0	-0.355028	-111.796	0	20.391	20.391	-1.5099e-14	5.32541	0	0	0	0	0	0	0	0	0	0	0	0	0	0	0	0	0	0	0	0	0	0	0	0	0	0	0	0	0	0	0	0	0	
1	1	1	658	19.74		300	0	0	0.0329	-0.0144703	-0.0144703	0	0	0	148.234	1.63292e-07	1.63292e-07	0	0	0	3.38264	1.60748	0	1.77515		300	0.333279	0.0197895	-0.00989473	-0.00989473	0	0	0	0.333279	0	-0.355028	-111.796	0	20.391	20.391	-1.5099e-14	5.32541	0	0	0	0	0	0	0	0	0	0	0	0	0	0	0	0	0	0	0	0	0	0	0	0	0	0	0	0	0	0	0	0	0	
1	1	1	659	19.77		300	0	0	0.03295	-0.0144942	-0.0144942	0	0	0	148.317	1.63312e-07	1.63312e-07	0	0	0	3.39005	1.61116	0	1.77889		300	0.333981	0.0198321	-0.00991607	-0.00991607	0	0	0	0.333981	0	-0.355028	-111.796	0	20.391	20.391	-1.5099e-14	5.32541	0	0	0	0	0	0	0	0	0	0	0	0	0	0	0	0	0	0	0	0	0	0	0	0	0	0	0	0	0	0	0	0	0	
1	1	1	660	19.8		300	0	0	0.033	-0.0145181	-0.0145181	0	0	0	148.4	1.63332e-07	1.63332e-07	0	0	0	3.39747	1.61484	0	1.78263		300	0.334683	0.0198748	-0.00993742	-0.00993742	0	0	0	0.334683	0	-0.355028	-111.796	0	20.391	20.391	-1.5099e-14	5.32541	0	0	0	0	0	0	0	0	0	0	0	0	0	0	0	0	0	0	0	0	0	0	0	0	0	0	0	0	0	0	0	0	0	
1	1	1	661	19.83		300	0	0	0.03305	-0.014542	-0.014542	0	0	0	148.482	1.63352e-07	1.63352e-07	0	0	0	3.40489	1.61852	0	1.78637		300	0.335384	0.0199175	-0.00995876	-0.00995876	0	0	0	0.335384	0	-0.355028	-111.796	0	20.391	20.391	-1.5099e-14	5.32541	0	0	0	0	0	0	0	0	0	0	0	0	0	0	0	0	0	0	0	0	0	0	0	0	0	0	0	0	0	0	0	0	0	
1	1	1	662	19.86		300	0	0	0.0331	-0.0145659	-0.0145659	0	0	0	148.565	1.63371e-07	1.63371e-07	0	0	0	3.41232	1.62221	0	1.79011		300	0.336086	0.0199602	-0.00998011	-0.00998011	0	0	0	0.336086	0	-0.355028	-111.796	0	20.391	20.391	-1.5099e-14	5.32541	0	0	0	0	0	0	0	0	0	0	0	0	0	0	0	0	0	0	0	0	0	0	0	0	0	0	0	0	0	0	0	0	0	
1	1	1	663	19.89		300	0	0	0.03315	-0.0145898	-0.0145898	0	0	0	148.647	1.63391e-07	1.63391e-07	0	0	0	3.41975	1.6259	0	1.79384		300	0.336788	0.0200029	-0.0100015	-0.0100015	0	0	0	0.336788	0	-0.355028	-111.796	0	20.391	20.391	-1.5099e-14	5.32541	0	0	0	0	0	0	0	0	0	0	0	0	0	0	0	0	0	0	0	0	0	0	0	0	0	0	0	0	0	0	0	0	0	
1	1	1	664	19.92		300	0	0	0.0332	-0.0146137	-0.0146137	0	0	0	148.73	1.6341e-07	1.6341e-07	0	0	0	3.42718	1.6296	0	1.79758		300	0.33749	0.0200456	-0.0100228	-0.0100228	0	0	0	0.33749	0	-0.355028	-111.796	0	20.391	20.391	-1.5099e-14	5.32541	0	0	0	0	0	0	0	0	0	0	0	0	0	0	0	0	0	0	0	0	0	0	0	0	0	0	0	0	0	0	0	0	0	
1	1	1	665	19.95		300	0	0	0.03325	-0.0146376	-0.0146376	0	0	0	148.812	1.63429e-07	1.63429e-07	0	0	0	3.43462	1.6333	0	1.80132		300	0.338192	0.0200883	-0.0100442	-0.0100442	0	0	0	0.338192	0	-0.355028	-111.796	0	20.391	20.391	-1.5099e-14	5.32541	0	0	0	0	0	0	0	0	0	0	0	0	0	0	0	0	0	0	0	0	0	0	0	0	0	0	0	0	0	0	0	0	0	
1	1	1	666	19.98		300	0	0	0.0333	-0.0146615	-0.0146615	0	0	0	148.895	1.63448e-07	1.63448e-07	0	0	0	3.44206	1.637	0	1.80506		300	0.338894	0.020131	-0.0100655	-0.0100655	0	0	0	0.338894	0	-0.355028	-111.796	0	20.391	20.391	-1.5099e-14	5.32541	0	0	0	0	0	0	0	0	0	0	0	0	0	0	0	0	0	0	0	0	0	0	0	0	0	0	0	0	0	0	0	0	0	
1	1	1	667	20.01		300	0	0	0.03335	-0.0146854	-0.0146854	0	0	0	148.977	1.63467e-07	1.63467e-07	0	0	0	3.44951	1.64071	0	1.8088		300	0.339596	0.0201737	-0.0100869	-0.0100869	0	0	0	0.339596	0	-0.355028	-111.796	0	20.391	20.391	-1.5099e-14	5.32541	0	0	0	0	0	0	0	0	0	0	0	0	0	0	0	0	0	0	0	0	0	0	0	0	0	0	0	0	0	0	0	0	0	
1	1	1	668	20.04		300	0	0	0.0334	-0.0147093	-0.0147093	0	0	0	149.059	1.63486e-07	1.63486e-07	0	0	0	3.45696	1.64442	0	1.81254		300	0.340298	0.0202165	-0.0101082	-0.0101082	0	0	0	0.340298	0	-0.355028	-111.796	0	20.391	20.391	-1.5099e-14	5.32541	0	0	0	0	0	0	0	0	0	0	0	0	0	0	0	0	0	0	0	0	0	0	0	0	0	0	0	0	0	0	0	0	0	
1	1	1	669	20.07		300	0	0	0.03345	-0.0147332	-0.0147332	0	0	0	149.142	1.63504e-07	1.63504e-07	0	0	0	3.46442	1.64814	0	1.81628		300	0.341	0.0202592	-0.0101296	-0.0101296	0	0	0	0.341	0	-0.355028	-111.796	0	20.391	20.391	-1.5099e-14	5.32541	0	0	0	0	0	0	0	0	0	0	0	0	0	0	0	0	0	0	0	0	0	0	0	0	0	0	0	0	0	0	0	0	0	
1	1	1	670	20.1		300	0	0	0.0335	-0.0147571	-0.0147571	0	0	0	149.224	1.63522e-07	1.63523e-07	0	0	0	3.47188	1.65186	0	1.82002		300	0.341702	0.0203019	-0.010151	-0.010151	0	0	0	0.341702	0	-0.355028	-111.796	0	20.391	20.391	-1.5099e-14	5.32541	0	0	0	0	0	0	0	0	0	0	0	0	0	0	0	0	0	0	0	0	0	0	0	0	0	0	0	0	0	0	0	0	0	
1	1	1	671	20.13		300	0	0	0.03355	-0.014781	-0.014781	0	0	0	149.306	1.63541e-07	1.63541e-07	0	0	0	3.47934	1.65558	0	1.82376		300	0.342404	0.0203447	-0.0101723	-0.0101723	0	0	0	0.342404	0	-0.355028	-111.796	0	20.391	20.391	-1.5099e-14	5.32541	0	0	0	0	0	0	0	0	0	0	0	0	0	0	0	0	0	0	0	0	0	0	0	0	0	0	0	0	0	0	0	0	0	
1	1	1	672	20.16		300	0	0	0.0336	-0.0148049	-0.0148049	0	0	0	149.388	1.63559e-07	1.63559e-07	0	0	0	3.48681	1.65931	0	1.8275		300	0.343106	0.0203874	-0.0101937	-0.0101937	0	0	0	0.343106	0	-0.355028	-111.796	0	20.391	20.391	-1.5099e-14	5.32541	0	0	0	0	0	0	0	0	0	0	0	0	0	0	0	0	0	0	0	0	0	0	0	0	0	0	0	0	0	0	0	0	0	
1	1	1	673	20.19		300	0	0	0.03365	-0.0148288	-0.0148288	0	0	0	149.47	1.63577e-07	1.63577e-07	0	0	0	3.49428	1.66304	0	1.83124		300	0.343809	0.0204301	-0.0102151	-0.0102151	0	0	0	0.343809	0	-0.355028	-111.796	0	20.391	20.391	-1.5099e-14	5.32541	0	0	0	0	0	0	0	0	0	0	0	0	0	0	0	0	0	0	0	0	0	0	0	0	0	0	0	0	0	0	0	0	0	
1	1	1	674	20.22		300	0	0	0.0337	-0.0148527	-0.0148527	0	0	0	149.552	1.63595e-07	1.63595e-07	0	0	0	3.50175	1.66677	0	1.83498		300	0.344511	0.0204729	-0.0102364	-0.0102364	0	0	0	0.344511	0	-0.355028	-111.796	0	20.391	20.391	-1.5099e-14	5.32541	0	0	0	0	0	0	0	0	0	0	0	0	0	0	0	0	0	0	0	0	0	0	0	0	0	0	0	0	0	0	0	0	0	
1	1	1	675	20.25		300	0	0	0.03375	-0.0148766	-0.0148766	0	0	0	149.634	1.63613e-07	1.63613e-07	0	0	0	3.50923	1.67051	0	1.83872		300	0.345213	0.0205156	-0.0102578	-0.0102578	0	0	0	0.345213	0	-0.355028	-111.796	0	20.391	20.391	-1.5099e-14	5.32541	0	0	0	0	0	0	0	0	0	0	0	0	0	0	0	0	0	0	0	0	0	0	0	0	0	0	0	0	0	0	0	0	0	
1	1	1	676	20.28		300	0	0	0.0338	-0.0149005	-0.0149005	0	0	0	149.716	1.6363e-07	1.6363e-07	0	0	0	3.51672	1.67425	0	1.84246		300	0.345916	0.0205584	-0.0102792	-0.0102792	0	0	0	0.345916	0	-0.355028	-111.796	0	20.391	20.391	-1.5099e-14	5.32541	0	0	0	0	0	0	0	0	0	0	0	0	0	0	0	0	0	0	0	0	0	0	0	0	0	0	0	0	0	0	0	0	0	
1	1	1	677	20.31		300	0	0	0.03385	-0.0149244	-0.0149244	0	0	0	149.798	1.63648e-07	1.63648e-07	0	0	0	3.52421	1.678	0	1.84621		300	0.346618	0.0206012	-0.0103006	-0.0103006	0	0	0	0.346618	0	-0.355028	-111.796	0	20.391	20.391	-1.5099e-14	5.32541	0	0	0	0	0	0	0	0	0	0	0	0	0	0	0	0	0	0	0	0	0	0	0	0	0	0	0	0	0	0	0	0	0	
1	1	1	678	20.34		300	0	0	0.0339	-0.0149483	-0.0149483	0	0	0	149.88	1.63665e-07	1.63665e-07	0	0	0	3.5317	1.68175	0	1.84995		300	0.347321	0.0206439	-0.010322	-0.010322	0	0	0	0.347321	0	-0.355028	-111.796	0	20.391	20.391	-1.5099e-14	5.32541	0	0	0	0	0	0	0	0	0	0	0	0	0	0	0	0	0	0	0	0	0	0	0	0	0	0	0	0	0	0	0	0	0	
1	1	1	679	20.37		300	0	0	0.03395	-0.0149722	-0.0149722	0	0	0	149.961	1.63682e-07	1.63682e-07	0	0	0	3.53919	1.6855	0	1.85369		300	0.348023	0.0206867	-0.0103433	-0.0103433	0	0	0	0.348023	0	-0.355028	-111.796	0	20.391	20.391	-1.5099e-14	5.32541	0	0	0	0	0	0	0	0	0	0	0	0	0	0	0	0	0	0	0	0	0	0	0	0	0	0	0	0	0	0	0	0	0	
1	1	1	680	20.4		300	0	0	0.034	-0.0149961	-0.0149961	0	0	0	150.043	1.63699e-07	1.63699e-07	0	0	0	3.54669	1.68926	0	1.85743		300	0.348726	0.0207295	-0.0103647	-0.0103647	0	0	0	0.348726	0	-0.355028	-111.796	0	20.391	20.391	-1.5099e-14	5.32541	0	0	0	0	0	0	0	0	0	0	0	0	0	0	0	0	0	0	0	0	0	0	0	0	0	0	0	0	0	0	0	0	0	
1	1	1	681	20.43		300	0	0	0.03405	-0.0150201	-0.0150201	0	0	0	150.125	1.63716e-07	1.63716e-07	0	0	0	3.5542	1.69302	0	1.86117		300	0.349428	0.0207722	-0.0103861	-0.0103861	0	0	0	0.349428	0	-0.355028	-111.796	0	20.391	20.391	-1.5099e-14	5.32541	0	0	0	0	0	0	0	0	0	0	0	0	0	0	0	0	0	0	0	0	0	0	0	0	0	0	0	0	0	0	0	0	0	
1	1	1	682	20.46		300	0	0	0.0341	-0.015044	-0.015044	0	0	0	150.206	1.63733e-07	1.63733e-07	0	0	0	3.56171	1.69679	0	1.86492		300	0.350131	0.020815	-0.0104075	-0.0104075	0	0	0	0.350131	0	-0.355028	-111.796	0	20.391	20.391	-1.5099e-14	5.32541	0	0	0	0	0	0	0	0	0	0	0	0	0	0	0	0	0	0	0	0	0	0	0	0	0	0	0	0	0	0	0	0	0	
1	1	1	683	20.49		300	0	0	0.03415	-0.0150679	-0.0150679	0	0	0	150.288	1.6375e-07	1.6375e-07	0	0	0	3.56922	1.70056	0	1.86866		300	0.350834	0.0208578	-0.0104289	-0.0104289	0	0	0	0.350834	0	-0.355028	-111.796	0	20.391	20.391	-1.5099e-14	5.32541	0	0	0	0	0	0	0	0	0	0	0	0	0	0	0	0	0	0	0	0	0	0	0	0	0	0	0	0	0	0	0	0	0	
1	1	1	684	20.52		300	0	0	0.0342	-0.0150918	-0.0150918	0	0	0	150.37	1.63767e-07	1.63767e-07	0	0	0	3.57673	1.70433	0	1.8724		300	0.351536	0.0209006	-0.0104503	-0.0104503	0	0	0	0.351536	0	-0.355028	-111.796	0	20.391	20.391	-1.5099e-14	5.32541	0	0	0	0	0	0	0	0	0	0	0	0	0	0	0	0	0	0	0	0	0	0	0	0	0	0	0	0	0	0	0	0	0	
1	1	1	685	20.55		300	0	0	0.03425	-0.0151157	-0.0151157	0	0	0	150.451	1.63783e-07	1.63783e-07	0	0	0	3.58425	1.70811	0	1.87615		300	0.352239	0.0209434	-0.0104717	-0.0104717	0	0	0	0.352239	0	-0.355028	-111.796	0	20.391	20.391	-1.5099e-14	5.32541	0	0	0	0	0	0	0	0	0	0	0	0	0	0	0	0	0	0	0	0	0	0	0	0	0	0	0	0	0	0	0	0	0	
1	1	1	686	20.58		300	0	0	0.0343	-0.0151396	-0.0151396	0	0	0	150.532	1.63799e-07	1.63799e-07	0	0	0	3.59178	1.71189	0	1.87989		300	0.352942	0.0209862	-0.0104931	-0.0104931	0	0	0	0.352942	0	-0.355028	-111.796	0	20.391	20.391	-1.5099e-14	5.32541	0	0	0	0	0	0	0	0	0	0	0	0	0	0	0	0	0	0	0	0	0	0	0	0	0	0	0	0	0	0	0	0	0	
1	1	1	687	20.61		300	0	0	0.03435	-0.0151635	-0.0151635	0	0	0	150.614	1.63815e-07	1.63816e-07	0	0	0	3.59931	1.71568	0	1.88363		300	0.353645	0.021029	-0.0105145	-0.0105145	0	0	0	0.353645	0	-0.355028	-111.796	0	20.391	20.391	-1.5099e-14	5.32541	0	0	0	0	0	0	0	0	0	0	0	0	0	0	0	0	0	0	0	0	0	0	0	0	0	0	0	0	0	0	0	0	0	
1	1	1	688	20.64		300	0	0	0.0344	-0.0151874	-0.0151874	0	0	0	150.695	1.63832e-07	1.63832e-07	0	0	0	3.60684	1.71946	0	1.88738		300	0.354347	0.0210718	-0.0105359	-0.0105359	0	0	0	0.354347	0	-0.355028	-111.796	0	20.391	20.391	-1.5099e-14	5.32541	0	0	0	0	0	0	0	0	0	0	0	0	0	0	0	0	0	0	0	0	0	0	0	0	0	0	0	0	0	0	0	0	0	
1	1	1	689	20.67		300	0	0	0.03445	-0.0152114	-0.0152114	0	0	0	150.776	1.63848e-07	1.63848e-07	0	0	0	3.61438	1.72326	0	1.89112		300	0.35505	0.0211146	-0.0105573	-0.0105573	0	0	0	0.35505	0	-0.355028	-111.796	0	20.391	20.391	-1.5099e-14	5.32541	0	0	0	0	0	0	0	0	0	0	0	0	0	0	0	0	0	0	0	0	0	0	0	0	0	0	0	0	0	0	0	0	0	
1	1	1	690	20.7		300	0	0	0.0345	-0.0152353	-0.0152353	0	0	0	150.858	1.63863e-07	1.63863e-07	0	0	0	3.62192	1.72705	0	1.89486		300	0.355753	0.0211574	-0.0105787	-0.0105787	0	0	0	0.355753	0	-0.355028	-111.796	0	20.391	20.391	-1.5099e-14	5.32541	0	0	0	0	0	0	0	0	0	0	0	0	0	0	0	0	0	0	0	0	0	0	0	0	0	0	0	0	0	0	0	0	0	
1	1	1	691	20.73		300	0	0	0.03455	-0.0152592	-0.0152592	0	0	0	150.939	1.63879e-07	1.63879e-07	0	0	0	3.62946	1.73085	0	1.89861		300	0.356456	0.0212002	-0.0106001	-0.0106001	0	0	0	0.356456	0	-0.355028	-111.796	0	20.391	20.391	-1.5099e-14	5.32541	0	0	0	0	0	0	0	0	0	0	0	0	0	0	0	0	0	0	0	0	0	0	0	0	0	0	0	0	0	0	0	0	0	
1	1	1	692	20.76		300	0	0	0.0346	-0.0152831	-0.0152831	0	0	0	151.02	1.63895e-07	1.63895e-07	0	0	0	3.63701	1.73466	0	1.90235		300	0.357159	0.0212431	-0.0106215	-0.0106215	0	0	0	0.357159	0	-0.355028	-111.796	0	20.391	20.391	-1.5099e-14	5.32541	0	0	0	0	0	0	0	0	0	0	0	0	0	0	0	0	0	0	0	0	0	0	0	0	0	0	0	0	0	0	0	0	0	
1	1	1	693	20.79		300	0	0	0.03465	-0.015307	-0.015307	0	0	0	151.101	1.6391e-07	1.6391e-07	0	0	0	3.64457	1.73847	0	1.9061		300	0.357862	0.0212859	-0.0106429	-0.0106429	0	0	0	0.357862	0	-0.355028	-111.796	0	20.391	20.391	-1.5099e-14	5.32541	0	0	0	0	0	0	0	0	0	0	0	0	0	0	0	0	0	0	0	0	0	0	0	0	0	0	0	0	0	0	0	0	0	
1	1	1	694	20.82		300	0	0	0.0347	-0.0153309	-0.0153309	0	0	0	151.182	1.63926e-07	1.63926e-07	0	0	0	3.65212	1.74228	0	1.90984		300	0.358565	0.0213287	-0.0106644	-0.0106644	0	0	0	0.358565	0	-0.355028	-111.796	0	20.391	20.391	-1.5099e-14	5.32541	0	0	0	0	0	0	0	0	0	0	0	0	0	0	0	0	0	0	0	0	0	0	0	0	0	0	0	0	0	0	0	0	0	
1	1	1	695	20.85		300	0	0	0.03475	-0.0153549	-0.0153549	0	0	0	151.263	1.63941e-07	1.63941e-07	0	0	0	3.65968	1.74609	0	1.91359		300	0.359269	0.0213715	-0.0106858	-0.0106858	0	0	0	0.359269	0	-0.355028	-111.796	0	20.391	20.391	-1.5099e-14	5.32541	0	0	0	0	0	0	0	0	0	0	0	0	0	0	0	0	0	0	0	0	0	0	0	0	0	0	0	0	0	0	0	0	0	
1	1	1	696	20.88		300	0	0	0.0348	-0.0153788	-0.0153788	0	0	0	151.344	1.63956e-07	1.63956e-07	0	0	0	3.66725	1.74991	0	1.91733		300	0.359972	0.0214144	-0.0107072	-0.0107072	0	0	0	0.359972	0	-0.355028	-111.796	0	20.391	20.391	-1.5099e-14	5.32541	0	0	0	0	0	0	0	0	0	0	0	0	0	0	0	0	0	0	0	0	0	0	0	0	0	0	0	0	0	0	0	0	0	
1	1	1	697	20.91		300	0	0	0.03485	-0.0154027	-0.0154027	0	0	0	151.425	1.63971e-07	1.63971e-07	0	0	0	3.67482	1.75374	0	1.92108		300	0.360675	0.0214572	-0.0107286	-0.0107286	0	0	0	0.360675	0	-0.355028	-111.796	0	20.391	20.391	-1.5099e-14	5.32541	0	0	0	0	0	0	0	0	0	0	0	0	0	0	0	0	0	0	0	0	0	0	0	0	0	0	0	0	0	0	0	0	0	
1	1	1	698	20.94		300	0	0	0.0349	-0.0154266	-0.0154266	0	0	0	151.506	1.63986e-07	1.63986e-07	0	0	0	3.68239	1.75757	0	1.92483		300	0.361378	0.0215001	-0.01075	-0.01075	0	0	0	0.361378	0	-0.355028	-111.796	0	20.391	20.391	-1.5099e-14	5.32541	0	0	0	0	0	0	0	0	0	0	0	0	0	0	0	0	0	0	0	0	0	0	0	0	0	0	0	0	0	0	0	0	0	
1	1	1	699	20.97		300	0	0	0.03495	-0.0154505	-0.0154505	0	0	0	151.587	1.64001e-07	1.64001e-07	0	0	0	3.68997	1.7614	0	1.92857		300	0.362081	0.0215429	-0.0107715	-0.0107715	0	0	0	0.362081	0	-0.355028	-111.796	0	20.391	20.391	-1.5099e-14	5.32541	0	0	0	0	0	0	0	0	0	0	0	0	0	0	0	0	0	0	0	0	0	0	0	0	0	0	0	0	0	0	0	0	0	
1	1	1	700	21		300	0	0	0.035	-0.0154745	-0.0154745	0	0	0	151.668	1.64015e-07	1.64015e-07	0	0	0	3.69755	1.76523	0	1.93232		300	0.362785	0.0215858	-0.0107929	-0.0107929	0	0	0	0.362785	0	-0.355028	-111.796	0	20.391	20.391	-1.5099e-14	5.32541	0	0	0	0	0	0	0	0	0	0	0	0	0	0	0	0	0	0	0	0	0	0	0	0	0	0	0	0	0	0	0	0	0	
1	1	1	701	21.03		300	0	0	0.03505	-0.0154984	-0.0154984	0	0	0	151.749	1.6403e-07	1.6403e-07	0	0	0	3.70514	1.76907	0	1.93606		300	0.363488	0.0216286	-0.0108143	-0.0108143	0	0	0	0.363488	0	-0.355028	-111.796	0	20.391	20.391	-1.5099e-14	5.32541	0	0	0	0	0	0	0	0	0	0	0	0	0	0	0	0	0	0	0	0	0	0	0	0	0	0	0	0	0	0	0	0	0	
1	1	1	702	21.06		300	0	0	0.0351	-0.0155223	-0.0155223	0	0	0	151.829	1.64044e-07	1.64044e-07	0	0	0	3.71272	1.77291	0	1.93981		300	0.364191	0.0216715	-0.0108357	-0.0108357	0	0	0	0.364191	0	-0.355028	-111.796	0	20.391	20.391	-1.5099e-14	5.32541	0	0	0	0	0	0	0	0	0	0	0	0	0	0	0	0	0	0	0	0	0	0	0	0	0	0	0	0	0	0	0	0	0	
1	1	1	703	21.09		300	0	0	0.03515	-0.0155462	-0.0155462	0	0	0	151.91	1.64059e-07	1.64059e-07	0	0	0	3.72032	1.77676	0	1.94356		300	0.364895	0.0217143	-0.0108572	-0.0108572	0	0	0	0.364895	0	-0.355028	-111.796	0	20.391	20.391	-1.5099e-14	5.32541	0	0	0	0	0	0	0	0	0	0	0	0	0	0	0	0	0	0	0	0	0	0	0	0	0	0	0	0	0	0	0	0	0	
1	1	1	704	21.12		300	0	0	0.0352	-0.0155701	-0.0155701	0	0	0	151.991	1.64073e-07	1.64073e-07	0	0	0	3.72792	1.78061	0	1.9473		300	0.365598	0.0217572	-0.0108786	-0.0108786	0	0	0	0.365598	0	-0.355028	-111.796	0	20.391	20.391	-1.5099e-14	5.32541	0	0	0	0	0	0	0	0	0	0	0	0	0	0	0	0	0	0	0	0	0	0	0	0	0	0	0	0	0	0	0	0	0	
1	1	1	705	21.15		300	0	0	0.03525	-0.0155941	-0.0155941	0	0	0	152.071	1.64087e-07	1.64087e-07	0	0	0	3.73552	1.78447	0	1.95105		300	0.366301	0.0218001	-0.0109	-0.0109	0	0	0	0.366301	0	-0.355028	-111.796	0	20.391	20.391	-1.5099e-14	5.32541	0	0	0	0	0	0	0	0	0	0	0	0	0	0	0	0	0	0	0	0	0	0	0	0	0	0	0	0	0	0	0	0	0	
1	1	1	706	21.18		300	0	0	0.0353	-0.015618	-0.015618	0	0	0	152.152	1.64101e-07	1.64101e-07	0	0	0	3.74312	1.78833	0	1.9548		300	0.367005	0.0218429	-0.0109215	-0.0109215	0	0	0	0.367005	0	-0.355028	-111.796	0	20.391	20.391	-1.5099e-14	5.32541	0	0	0	0	0	0	0	0	0	0	0	0	0	0	0	0	0	0	0	0	0	0	0	0	0	0	0	0	0	0	0	0	0	
1	1	1	707	21.21		300	0	0	0.03535	-0.0156419	-0.0156419	0	0	0	152.233	1.64115e-07	1.64115e-07	0	0	0	3.75073	1.79219	0	1.95855		300	0.367708	0.0218858	-0.0109429	-0.0109429	0	0	0	0.367708	0	-0.355028	-111.796	0	20.391	20.391	-1.5099e-14	5.32541	0	0	0	0	0	0	0	0	0	0	0	0	0	0	0	0	0	0	0	0	0	0	0	0	0	0	0	0	0	0	0	0	0	
1	1	1	708	21.24		300	0	0	0.0354	-0.0156658	-0.0156658	0	0	0	152.313	1.64129e-07	1.64129e-07	0	0	0	3.75835	1.79605	0	1.96229		300	0.368412	0.0219287	-0.0109644	-0.0109644	0	0	0	0.368412	0	-0.355028	-111.796	0	20.391	20.391	-1.5099e-14	5.32541	0	0	0	0	0	0	0	0	0	0	0	0	0	0	0	0	0	0	0	0	0	0	0	0	0	0	0	0	0	0	0	0	0	
1	1	1	709	21.27		300	0	0	0.03545	-0.0156898	-0.0156898	0	0	0	152.394	1.64142e-07	1.64143e-07	0	0	0	3.76596	1.79992	0	1.96604		300	0.369116	0.0219716	-0.0109858	-0.0109858	0	0	0	0.369116	0	-0.355028	-111.796	0	20.391	20.391	-1.5099e-14	5.32541	0	0	0	0	0	0	0	0	0	0	0	0	0	0	0	0	0	0	0	0	0	0	0	0	0	0	0	0	0	0	0	0	0	
1	1	1	710	21.3		300	0	0	0.0355	-0.0157137	-0.0157137	0	0	0	152.474	1.64156e-07	1.64156e-07	0	0	0	3.77359	1.8038	0	1.96979		300	0.369819	0.0220145	-0.0110072	-0.0110072	0	0	0	0.369819	0	-0.355028	-111.796	0	20.391	20.391	-1.5099e-14	5.32541	0	0	0	0	0	0	0	0	0	0	0	0	0	0	0	0	0	0	0	0	0	0	0	0	0	0	0	0	0	0	0	0	0	
1	1	1	711	21.33		300	0	0	0.03555	-0.0157376	-0.0157376	0	0	0	152.554	1.6417e-07	1.6417e-07	0	0	0	3.78121	1.80768	0	1.97354		300	0.370523	0.0220574	-0.0110287	-0.0110287	0	0	0	0.370523	0	-0.355028	-111.796	0	20.391	20.391	-1.5099e-14	5.32541	0	0	0	0	0	0	0	0	0	0	0	0	0	0	0	0	0	0	0	0	0	0	0	0	0	0	0	0	0	0	0	0	0	
1	1	1	712	21.36		300	0	0	0.0356	-0.0157615	-0.0157615	0	0	0	152.635	1.64183e-07	1.64183e-07	0	0	0	3.78884	1.81156	0	1.97728		300	0.371226	0.0221003	-0.0110501	-0.0110501	0	0	0	0.371226	0	-0.355028	-111.796	0	20.391	20.391	-1.5099e-14	5.32541	0	0	0	0	0	0	0	0	0	0	0	0	0	0	0	0	0	0	0	0	0	0	0	0	0	0	0	0	0	0	0	0	0	
1	1	1	713	21.39		300	0	0	0.03565	-0.0157855	-0.0157855	0	0	0	152.715	1.64196e-07	1.64196e-07	0	0	0	3.79647	1.81544	0	1.98103		300	0.37193	0.0221432	-0.0110716	-0.0110716	0	0	0	0.37193	0	-0.355028	-111.796	0	20.391	20.391	-1.5099e-14	5.32541	0	0	0	0	0	0	0	0	0	0	0	0	0	0	0	0	0	0	0	0	0	0	0	0	0	0	0	0	0	0	0	0	0	
1	1	1	714	21.42		300	0	0	0.0357	-0.0158094	-0.0158094	0	0	0	152.795	1.64209e-07	1.64209e-07	0	0	0	3.80411	1.81933	0	1.98478		300	0.372634	0.0221861	-0.011093	-0.011093	0	0	0	0.372634	0	-0.355028	-111.796	0	20.391	20.391	-1.5099e-14	5.32541	0	0	0	0	0	0	0	0	0	0	0	0	0	0	0	0	0	0	0	0	0	0	0	0	0	0	0	0	0	0	0	0	0	
1	1	1	715	21.45		300	0	0	0.03575	-0.0158333	-0.0158333	0	0	0	152.875	1.64222e-07	1.64222e-07	0	0	0	3.81175	1.82323	0	1.98853		300	0.373338	0.022229	-0.0111145	-0.0111145	0	0	0	0.373338	0	-0.355028	-111.796	0	20.391	20.391	-1.5099e-14	5.32541	0	0	0	0	0	0	0	0	0	0	0	0	0	0	0	0	0	0	0	0	0	0	0	0	0	0	0	0	0	0	0	0	0	
1	1	1	716	21.48		300	0	0	0.0358	-0.0158573	-0.0158573	0	0	0	152.956	1.64235e-07	1.64235e-07	0	0	0	3.8194	1.82712	0	1.99228		300	0.374041	0.0222719	-0.0111359	-0.0111359	0	0	0	0.374041	0	-0.355028	-111.796	0	20.391	20.391	-1.5099e-14	5.32541	0	0	0	0	0	0	0	0	0	0	0	0	0	0	0	0	0	0	0	0	0	0	0	0	0	0	0	0	0	0	0	0	0	
1	1	1	717	21.51		300	0	0	0.03585	-0.0158812	-0.0158812	0	0	0	153.036	1.64248e-07	1.64248e-07	0	0	0	3.82705	1.83102	0	1.99603		300	0.374745	0.0223148	-0.0111574	-0.0111574	0	0	0	0.374745	0	-0.355028	-111.796	0	20.391	20.391	-1.5099e-14	5.32541	0	0	0	0	0	0	0	0	0	0	0	0	0	0	0	0	0	0	0	0	0	0	0	0	0	0	0	0	0	0	0	0	0	
1	1	1	718	21.54		300	0	0	0.0359	-0.0159051	-0.0159051	0	0	0	153.116	1.64261e-07	1.64261e-07	0	0	0	3.8347	1.83493	0	1.99978		300	0.375449	0.0223577	-0.0111788	-0.0111788	0	0	0	0.375449	0	-0.355028	-111.796	0	20.391	20.391	-1.5099e-14	5.32541	0	0	0	0	0	0	0	0	0	0	0	0	0	0	0	0	0	0	0	0	0	0	0	0	0	0	0	0	0	0	0	0	0	
1	1	1	719	21.57		300	0	0	0.03595	-0.015929	-0.015929	0	0	0	153.196	1.64274e-07	1.64274e-07	0	0	0	3.84236	1.83884	0	2.00352		300	0.376153	0.0224006	-0.0112003	-0.0112003	0	0	0	0.376153	0	-0.355028	-111.796	0	20.391	20.391	-1.5099e-14	5.32541	0	0	0	0	0	0	0	0	0	0	0	0	0	0	0	0	0	0	0	0	0	0	0	0	0	0	0	0	0	0	0	0	0	
1	1	1	720	21.6		300	0	0	0.036	-0.015953	-0.015953	0	0	0	153.276	1.64286e-07	1.64286e-07	0	0	0	3.85002	1.84275	0	2.00727		300	0.376857	0.0224435	-0.0112218	-0.0112218	0	0	0	0.376857	0	-0.355028	-111.796	0	20.391	20.391	-1.5099e-14	5.32541	0	0	0	0	0	0	0	0	0	0	0	0	0	0	0	0	0	0	0	0	0	0	0	0	0	0	0	0	0	0	0	0	0	
1	1	1	721	21.63		300	0	0	0.03605	-0.0159769	-0.0159769	0	0	0	153.356	1.64298e-07	1.64299e-07	0	0	0	3.85769	1.84667	0	2.01102		300	0.377561	0.0224865	-0.0112432	-0.0112432	0	0	0	0.377561	0	-0.355028	-111.796	0	20.391	20.391	-1.5099e-14	5.32541	0	0	0	0	0	0	0	0	0	0	0	0	0	0	0	0	0	0	0	0	0	0	0	0	0	0	0	0	0	0	0	0	0	
1	1	1	722	21.66		300	0	0	0.0361	-0.0160008	-0.0160008	0	0	0	153.436	1.64311e-07	1.64311e-07	0	0	0	3.86536	1.85059	0	2.01477		300	0.378264	0.0225294	-0.0112647	-0.0112647	0	0	0	0.378264	0	-0.355028	-111.796	0	20.391	20.391	-1.5099e-14	5.32541	0	0	0	0	0	0	0	0	0	0	0	0	0	0	0	0	0	0	0	0	0	0	0	0	0	0	0	0	0	0	0	0	0	
1	1	1	723	21.69		300	0	0	0.03615	-0.0160248	-0.0160248	0	0	0	153.516	1.64323e-07	1.64323e-07	0	0	0	3.87303	1.85451	0	2.01852		300	0.378968	0.0225723	-0.0112862	-0.0112862	0	0	0	0.378968	0	-0.355028	-111.796	0	20.391	20.391	-1.5099e-14	5.32541	0	0	0	0	0	0	0	0	0	0	0	0	0	0	0	0	0	0	0	0	0	0	0	0	0	0	0	0	0	0	0	0	0	
1	1	1	724	21.72		300	0	0	0.0362	-0.0160487	-0.0160487	0	0	0	153.596	1.64335e-07	1.64335e-07	0	0	0	3.88071	1.85844	0	2.02227		300	0.379672	0.0226152	-0.0113076	-0.0113076	0	0	0	0.379672	0	-0.355028	-111.796	0	20.391	20.391	-1.5099e-14	5.32541	0	0	0	0	0	0	0	0	0	0	0	0	0	0	0	0	0	0	0	0	0	0	0	0	0	0	0	0	0	0	0	0	0	
1	1	1	725	21.75		300	0	0	0.03625	-0.0160726	-0.0160726	0	0	0	153.676	1.64347e-07	1.64347e-07	0	0	0	3.88839	1.86237	0	2.02602		300	0.380376	0.0226582	-0.0113291	-0.0113291	0	0	0	0.380376	0	-0.355028	-111.796	0	20.391	20.391	-1.5099e-14	5.32541	0	0	0	0	0	0	0	0	0	0	0	0	0	0	0	0	0	0	0	0	0	0	0	0	0	0	0	0	0	0	0	0	0	
1	1	1	726	21.78		300	0	0	0.0363	-0.0160966	-0.0160966	0	0	0	153.756	1.64359e-07	1.64359e-07	0	0	0	3.89608	1.86631	0	2.02977		300	0.38108	0.0227011	-0.0113506	-0.0113506	0	0	0	0.38108	0	-0.355028	-111.796	0	20.391	20.391	-1.5099e-14	5.32541	0	0	0	0	0	0	0	0	0	0	0	0	0	0	0	0	0	0	0	0	0	0	0	0	0	0	0	0	0	0	0	0	0	
1	1	1	727	21.81		300	0	0	0.03635	-0.0161205	-0.0161205	0	0	0	153.835	1.64371e-07	1.64371e-07	0	0	0	3.90377	1.87025	0	2.03352		300	0.381784	0.0227441	-0.011372	-0.011372	0	0	0	0.381784	0	-0.355028	-111.796	0	20.391	20.391	-1.5099e-14	5.32541	0	0	0	0	0	0	0	0	0	0	0	0	0	0	0	0	0	0	0	0	0	0	0	0	0	0	0	0	0	0	0	0	0	
1	1	1	728	21.84		300	0	0	0.0364	-0.0161444	-0.0161444	0	0	0	153.915	1.64383e-07	1.64383e-07	0	0	0	3.91146	1.87419	0	2.03727		300	0.382489	0.022787	-0.0113935	-0.0113935	0	0	0	0.382489	0	-0.355028	-111.796	0	20.391	20.391	-1.5099e-14	5.32541	0	0	0	0	0	0	0	0	0	0	0	0	0	0	0	0	0	0	0	0	0	0	0	0	0	0	0	0	0	0	0	0	0	
1	1	1	729	21.87		300	0	0	0.03645	-0.0161684	-0.0161684	0	0	0	153.995	1.64394e-07	1.64395e-07	0	0	0	3.91916	1.87814	0	2.04102		300	0.383193	0.02283	-0.011415	-0.011415	0	0	0	0.383193	0	-0.355028	-111.796	0	20.391	20.391	-1.5099e-14	5.32541	0	0	0	0	0	0	0	0	0	0	0	0	0	0	0	0	0	0	0	0	0	0	0	0	0	0	0	0	0	0	0	0	0	
1	1	1	730	21.9		300	0	0	0.0365	-0.0161923	-0.0161923	0	0	0	154.075	1.64406e-07	1.64406e-07	0	0	0	3.92686	1.88209	0	2.04477		300	0.383897	0.0228729	-0.0114365	-0.0114365	0	0	0	0.383897	0	-0.355028	-111.796	0	20.391	20.391	-1.5099e-14	5.32541	0	0	0	0	0	0	0	0	0	0	0	0	0	0	0	0	0	0	0	0	0	0	0	0	0	0	0	0	0	0	0	0	0	
1	1	1	731	21.93		300	0	0	0.03655	-0.0162162	-0.0162162	0	0	0	154.154	1.64418e-07	1.64418e-07	0	0	0	3.93457	1.88604	0	2.04852		300	0.384601	0.0229159	-0.0114579	-0.0114579	0	0	0	0.384601	0	-0.355028	-111.796	0	20.391	20.391	-1.5099e-14	5.32541	0	0	0	0	0	0	0	0	0	0	0	0	0	0	0	0	0	0	0	0	0	0	0	0	0	0	0	0	0	0	0	0	0	
1	1	1	732	21.96		300	0	0	0.0366	-0.0162402	-0.0162402	0	0	0	154.234	1.64429e-07	1.64429e-07	0	0	0	3.94228	1.89	0	2.05228		300	0.385305	0.0229588	-0.0114794	-0.0114794	0	0	0	0.385305	0	-0.355028	-111.796	0	20.391	20.391	-1.5099e-14	5.32541	0	0	0	0	0	0	0	0	0	0	0	0	0	0	0	0	0	0	0	0	0	0	0	0	0	0	0	0	0	0	0	0	0	
1	1	1	733	21.99		300	0	0	0.03665	-0.0162641	-0.0162641	0	0	0	154.314	1.6444e-07	1.6444e-07	0	0	0	3.94999	1.89396	0	2.05603		300	0.386009	0.0230018	-0.0115009	-0.0115009	0	0	0	0.386009	0	-0.355028	-111.796	0	20.391	20.391	-1.5099e-14	5.32541	0	0	0	0	0	0	0	0	0	0	0	0	0	0	0	0	0	0	0	0	0	0	0	0	0	0	0	0	0	0	0	0	0	
1	1	1	734	22.02		300	0	0	0.0367	-0.0162881	-0.0162881	0	0	0	154.393	1.64451e-07	1.64452e-07	0	0	0	3.95771	1.89793	0	2.05978		300	0.386713	0.0230447	-0.0115224	-0.0115224	0	0	0	0.386713	0	-0.355028	-111.796	0	20.391	20.391	-1.5099e-14	5.32541	0	0	0	0	0	0	0	0	0	0	0	0	0	0	0	0	0	0	0	0	0	0	0	0	0	0	0	0	0	0	0	0	0	
1	1	1	735	22.05		300	0	0	0.03675	-0.016312	-0.016312	0	0	0	154.473	1.64463e-07	1.64463e-07	0	0	0	3.96543	1.9019	0	2.06353		300	0.387418	0.0230877	-0.0115439	-0.0115439	0	0	0	0.387418	0	-0.355028	-111.796	0	20.391	20.391	-1.5099e-14	5.32541	0	0	0	0	0	0	0	0	0	0	0	0	0	0	0	0	0	0	0	0	0	0	0	0	0	0	0	0	0	0	0	0	0	
1	1	1	736	22.08		300	0	0	0.0368	-0.0163359	-0.0163359	0	0	0	154.552	1.64474e-07	1.64474e-07	0	0	0	3.97316	1.90587	0	2.06728		300	0.388122	0.0231307	-0.0115653	-0.0115653	0	0	0	0.388122	0	-0.355028	-111.796	0	20.391	20.391	-1.5099e-14	5.32541	0	0	0	0	0	0	0	0	0	0	0	0	0	0	0	0	0	0	0	0	0	0	0	0	0	0	0	0	0	0	0	0	0	
1	1	1	737	22.11		300	0	0	0.03685	-0.0163599	-0.0163599	0	0	0	154.632	1.64485e-07	1.64485e-07	0	0	0	3.98088	1.90985	0	2.07103		300	0.388826	0.0231736	-0.0115868	-0.0115868	0	0	0	0.388826	0	-0.355028	-111.796	0	20.391	20.391	-1.5099e-14	5.32541	0	0	0	0	0	0	0	0	0	0	0	0	0	0	0	0	0	0	0	0	0	0	0	0	0	0	0	0	0	0	0	0	0	
1	1	1	738	22.14		300	0	0	0.0369	-0.0163838	-0.0163838	0	0	0	154.711	1.64495e-07	1.64495e-07	0	0	0	3.98862	1.91384	0	2.07478		300	0.38953	0.0232166	-0.0116083	-0.0116083	0	0	0	0.38953	0	-0.355028	-111.796	0	20.391	20.391	-1.5099e-14	5.32541	0	0	0	0	0	0	0	0	0	0	0	0	0	0	0	0	0	0	0	0	0	0	0	0	0	0	0	0	0	0	0	0	0	
1	1	1	739	22.17		300	0	0	0.03695	-0.0164077	-0.0164077	0	0	0	154.79	1.64506e-07	1.64506e-07	0	0	0	3.99636	1.91782	0	2.07853		300	0.390235	0.0232596	-0.0116298	-0.0116298	0	0	0	0.390235	0	-0.355028	-111.796	0	20.391	20.391	-1.5099e-14	5.32541	0	0	0	0	0	0	0	0	0	0	0	0	0	0	0	0	0	0	0	0	0	0	0	0	0	0	0	0	0	0	0	0	0	
1	1	1	740	22.2		300	0	0	0.037	-0.0164317	-0.0164317	0	0	0	154.87	1.64517e-07	1.64517e-07	0	0	0	4.0041	1.92181	0	2.08229		300	0.390939	0.0233026	-0.0116513	-0.0116513	0	0	0	0.390939	0	-0.355028	-111.796	0	20.391	20.391	-1.5099e-14	5.32541	0	0	0	0	0	0	0	0	0	0	0	0	0	0	0	0	0	0	0	0	0	0	0	0	0	0	0	0	0	0	0	0	0	
1	1	1	741	22.23		300	0	0	0.03705	-0.0164556	-0.0164556	0	0	0	154.949	1.64527e-07	1.64527e-07	0	0	0	4.01184	1.9258	0	2.08604		300	0.391644	0.0233456	-0.0116728	-0.0116728	0	0	0	0.391644	0	-0.355028	-111.796	0	20.391	20.391	-1.5099e-14	5.32541	0	0	0	0	0	0	0	0	0	0	0	0	0	0	0	0	0	0	0	0	0	0	0	0	0	0	0	0	0	0	0	0	0	
1	1	1	742	22.26		300	0	0	0.0371	-0.0164796	-0.0164796	0	0	0	155.028	1.64538e-07	1.64538e-07	0	0	0	4.01959	1.9298	0	2.08979		300	0.392348	0.0233885	-0.0116943	-0.0116943	0	0	0	0.392348	0	-0.355028	-111.796	0	20.391	20.391	-1.5099e-14	5.32541	0	0	0	0	0	0	0	0	0	0	0	0	0	0	0	0	0	0	0	0	0	0	0	0	0	0	0	0	0	0	0	0	0	
1	1	1	743	22.29		300	0	0	0.03715	-0.0165035	-0.0165035	0	0	0	155.108	1.64548e-07	1.64548e-07	0	0	0	4.02735	1.9338	0	2.09354		300	0.393052	0.0234315	-0.0117158	-0.0117158	0	0	0	0.393052	0	-0.355028	-111.796	0	20.391	20.391	-1.5099e-14	5.32541	0	0	0	0	0	0	0	0	0	0	0	0	0	0	0	0	0	0	0	0	0	0	0	0	0	0	0	0	0	0	0	0	0	
1	1	1	744	22.32		300	0	0	0.0372	-0.0165275	-0.0165275	0	0	0	155.187	1.64559e-07	1.64559e-07	0	0	0	4.0351	1.93781	0	2.09729		300	0.393757	0.0234745	-0.0117373	-0.0117373	0	0	0	0.393757	0	-0.355028	-111.796	0	20.391	20.391	-1.5099e-14	5.32541	0	0	0	0	0	0	0	0	0	0	0	0	0	0	0	0	0	0	0	0	0	0	0	0	0	0	0	0	0	0	0	0	0	
1	1	1	745	22.35		300	0	0	0.03725	-0.0165514	-0.0165514	0	0	0	155.266	1.64569e-07	1.64569e-07	0	0	0	4.04286	1.94182	0	2.10105		300	0.394461	0.0235175	-0.0117588	-0.0117588	0	0	0	0.394461	0	-0.355028	-111.796	0	20.391	20.391	-1.5099e-14	5.32541	0	0	0	0	0	0	0	0	0	0	0	0	0	0	0	0	0	0	0	0	0	0	0	0	0	0	0	0	0	0	0	0	0	
1	1	1	746	22.38		300	0	0	0.0373	-0.0165753	-0.0165753	0	0	0	155.345	1.64579e-07	1.64579e-07	0	0	0	4.05063	1.94583	0	2.1048		300	0.395166	0.0235605	-0.0117803	-0.0117803	0	0	0	0.395166	0	-0.355028	-111.796	0	20.391	20.391	-1.5099e-14	5.32541	0	0	0	0	0	0	0	0	0	0	0	0	0	0	0	0	0	0	0	0	0	0	0	0	0	0	0	0	0	0	0	0	0	
1	1	1	747	22.41		300	0	0	0.03735	-0.0165993	-0.0165993	0	0	0	155.424	1.64589e-07	1.64589e-07	0	0	0	4.0584	1.94985	0	2.10855		300	0.39587	0.0236035	-0.0118018	-0.0118018	0	0	0	0.39587	0	-0.355028	-111.796	0	20.391	20.391	-1.5099e-14	5.32541	0	0	0	0	0	0	0	0	0	0	0	0	0	0	0	0	0	0	0	0	0	0	0	0	0	0	0	0	0	0	0	0	0	
1	1	1	748	22.44		300	0	0	0.0374	-0.0166232	-0.0166232	0	0	0	155.504	1.64599e-07	1.64599e-07	0	0	0	4.06617	1.95387	0	2.1123		300	0.396575	0.0236465	-0.0118233	-0.0118233	0	0	0	0.396575	0	-0.355028	-111.796	0	20.391	20.391	-1.5099e-14	5.32541	0	0	0	0	0	0	0	0	0	0	0	0	0	0	0	0	0	0	0	0	0	0	0	0	0	0	0	0	0	0	0	0	0	
1	1	1	749	22.47		300	0	0	0.03745	-0.0166472	-0.0166472	0	0	0	155.583	1.64609e-07	1.64609e-07	0	0	0	4.07395	1.95789	0	2.11606		300	0.397279	0.0236895	-0.0118448	-0.0118448	0	0	0	0.397279	0	-0.355028	-111.796	0	20.391	20.391	-1.5099e-14	5.32541	0	0	0	0	0	0	0	0	0	0	0	0	0	0	0	0	0	0	0	0	0	0	0	0	0	0	0	0	0	0	0	0	0	
1	1	1	750	22.5		300	0	0	0.0375	-0.0166711	-0.0166711	0	0	0	155.662	1.64619e-07	1.64619e-07	0	0	0	4.08173	1.96192	0	2.11981		300	0.397984	0.0237325	-0.0118663	-0.0118663	0	0	0	0.397984	0	-0.355028	-111.796	0	20.391	20.391	-1.5099e-14	5.32541	0	0	0	0	0	0	0	0	0	0	0	0	0	0	0	0	0	0	0	0	0	0	0	0	0	0	0	0	0	0	0	0	0	
1	1	1	751	22.53		300	0	0	0.03755	-0.0166951	-0.0166951	0	0	0	155.741	1.64628e-07	1.64629e-07	0	0	0	4.08952	1.96595	0	2.12356		300	0.398688	0.0237755	-0.0118878	-0.0118878	0	0	0	0.398688	0	-0.355028	-111.796	0	20.391	20.391	-1.5099e-14	5.32541	0	0	0	0	0	0	0	0	0	0	0	0	0	0	0	0	0	0	0	0	0	0	0	0	0	0	0	0	0	0	0	0	0	
1	1	1	752	22.56		300	0	0	0.0376	-0.016719	-0.016719	0	0	0	155.82	1.64638e-07	1.64638e-07	0	0	0	4.0973	1.96999	0	2.12732		300	0.399393	0.0238185	-0.0119093	-0.0119093	0	0	0	0.399393	0	-0.355028	-111.796	0	20.391	20.391	-1.5099e-14	5.32541	0	0	0	0	0	0	0	0	0	0	0	0	0	0	0	0	0	0	0	0	0	0	0	0	0	0	0	0	0	0	0	0	0	
1	1	1	753	22.59		300	0	0	0.03765	-0.0167429	-0.0167429	0	0	0	155.899	1.64648e-07	1.64648e-07	0	0	0	4.1051	1.97403	0	2.13107		300	0.400097	0.0238616	-0.0119308	-0.0119308	0	0	0	0.400097	0	-0.355028	-111.796	0	20.391	20.391	-1.5099e-14	5.32541	0	0	0	0	0	0	0	0	0	0	0	0	0	0	0	0	0	0	0	0	0	0	0	0	0	0	0	0	0	0	0	0	0	
1	1	1	754	22.62		300	0	0	0.0377	-0.0167669	-0.0167669	0	0	0	155.978	1.64657e-07	1.64657e-07	0	0	0	4.11289	1.97807	0	2.13482		300	0.400802	0.0239046	-0.0119523	-0.0119523	0	0	0	0.400802	0	-0.355028	-111.796	0	20.391	20.391	-1.5099e-14	5.32541	0	0	0	0	0	0	0	0	0	0	0	0	0	0	0	0	0	0	0	0	0	0	0	0	0	0	0	0	0	0	0	0	0	
1	1	1	755	22.65		300	0	0	0.03775	-0.0167908	-0.0167908	0	0	0	156.057	1.64667e-07	1.64667e-07	0	0	0	4.1207	1.98212	0	2.13858		300	0.401506	0.0239476	-0.0119738	-0.0119738	0	0	0	0.401506	0	-0.355028	-111.796	0	20.391	20.391	-1.5099e-14	5.32541	0	0	0	0	0	0	0	0	0	0	0	0	0	0	0	0	0	0	0	0	0	0	0	0	0	0	0	0	0	0	0	0	0	
1	1	1	756	22.68		300	0	0	0.0378	-0.0168148	-0.0168148	0	0	0	156.136	1.64676e-07	1.64676e-07	0	0	0	4.1285	1.98617	0	2.14233		300	0.402211	0.0239906	-0.0119953	-0.0119953	0	0	0	0.402211	0	-0.355028	-111.796	0	20.391	20.391	-1.5099e-14	5.32541	0	0	0	0	0	0	0	0	0	0	0	0	0	0	0	0	0	0	0	0	0	0	0	0	0	0	0	0	0	0	0	0	0	
1	1	1	757	22.71		300	0	0	0.03785	-0.0168387	-0.0168387	0	0	0	156.214	1.64685e-07	1.64685e-07	0	0	0	4.13631	1.99023	0	2.14608		300	0.402916	0.0240336	-0.0120168	-0.0120168	0	0	0	0.402916	0	-0.355028	-111.796	0	20.391	20.391	-1.5099e-14	5.32541	0	0	0	0	0	0	0	0	0	0	0	0	0	0	0	0	0	0	0	0	0	0	0	0	0	0	0	0	0	0	0	0	0	
1	1	1	758	22.74		300	0	0	0.0379	-0.0168627	-0.0168627	0	0	0	156.293	1.64694e-07	1.64694e-07	0	0	0	4.14412	1.99429	0	2.14984		300	0.40362	0.0240767	-0.0120383	-0.0120383	0	0	0	0.40362	0	-0.355028	-111.796	0	20.391	20.391	-1.5099e-14	5.32541	0	0	0	0	0	0	0	0	0	0	0	0	0	0	0	0	0	0	0	0	0	0	0	0	0	0	0	0	0	0	0	0	0	
1	1	1	759	22.77		300	0	0	0.03795	-0.0168866	-0.0168866	0	0	0	156.372	1.64703e-07	1.64703e-07	0	0	0	4.15194	1.99835	0	2.15359		300	0.404325	0.0241197	-0.0120598	-0.0120598	0	0	0	0.404325	0	-0.355028	-111.796	0	20.391	20.391	-1.5099e-14	5.32541	0	0	0	0	0	0	0	0	0	0	0	0	0	0	0	0	0	0	0	0	0	0	0	0	0	0	0	0	0	0	0	0	0	
1	1	1	760	22.8		300	0	0	0.038	-0.0169106	-0.0169106	0	0	0	156.451	1.64712e-07	1.64712e-07	0	0	0	4.15976	2.00242	0	2.15734		300	0.40503	0.0241627	-0.0120814	-0.0120814	0	0	0	0.40503	0	-0.355028	-111.796	0	20.391	20.391	-1.5099e-14	5.32541	0	0	0	0	0	0	0	0	0	0	0	0	0	0	0	0	0	0	0	0	0	0	0	0	0	0	0	0	0	0	0	0	0	
1	1	1	761	22.83		300	0	0	0.03805	-0.0169345	-0.0169345	0	0	0	156.53	1.64721e-07	1.64721e-07	0	0	0	4.16758	2.00649	0	2.1611		300	0.405734	0.0242058	-0.0121029	-0.0121029	0	0	0	0.405734	0	-0.355028	-111.796	0	20.391	20.391	-1.5099e-14	5.32541	0	0	0	0	0	0	0	0	0	0	0	0	0	0	0	0	0	0	0	0	0	0	0	0	0	0	0	0	0	0	0	0	0	
1	1	1	762	22.86		300	0	0	0.0381	-0.0169585	-0.0169585	0	0	0	156.608	1.6473e-07	1.6473e-07	0	0	0	4.17541	2.01056	0	2.16485		300	0.406439	0.0242488	-0.0121244	-0.0121244	0	0	0	0.406439	0	-0.355028	-111.796	0	20.391	20.391	-1.5099e-14	5.32541	0	0	0	0	0	0	0	0	0	0	0	0	0	0	0	0	0	0	0	0	0	0	0	0	0	0	0	0	0	0	0	0	0	
1	1	1	763	22.89		300	0	0	0.03815	-0.0169824	-0.0169824	0	0	0	156.687	1.64739e-07	1.64739e-07	0	0	0	4.18324	2.01464	0	2.1686		300	0.407144	0.0242918	-0.0121459	-0.0121459	0	0	0	0.407144	0	-0.355028	-111.796	0	20.391	20.391	-1.5099e-14	5.32541	0	0	0	0	0	0	0	0	0	0	0	0	0	0	0	0	0	0	0	0	0	0	0	0	0	0	0	0	0	0	0	0	0	
1	1	1	764	22.92		300	0	0	0.0382	-0.0170064	-0.0170064	0	0	0	156.766	1.64748e-07	1.64748e-07	0	0	0	4.19108	2.01872	0	2.17236		300	0.407849	0.0243349	-0.0121674	-0.0121674	0	0	0	0.407849	0	-0.355028	-111.796	0	20.391	20.391	-1.5099e-14	5.32541	0	0	0	0	0	0	0	0	0	0	0	0	0	0	0	0	0	0	0	0	0	0	0	0	0	0	0	0	0	0	0	0	0	
1	1	1	765	22.95		300	0	0	0.03825	-0.0170303	-0.0170303	0	0	0	156.844	1.64756e-07	1.64756e-07	0	0	0	4.19892	2.02281	0	2.17611		300	0.408553	0.0243779	-0.012189	-0.012189	0	0	0	0.408553	0	-0.355028	-111.796	0	20.391	20.391	-1.5099e-14	5.32541	0	0	0	0	0	0	0	0	0	0	0	0	0	0	0	0	0	0	0	0	0	0	0	0	0	0	0	0	0	0	0	0	0	
1	1	1	766	22.98		300	0	0	0.0383	-0.0170543	-0.0170543	0	0	0	156.923	1.64765e-07	1.64765e-07	0	0	0	4.20676	2.0269	0	2.17987		300	0.409258	0.024421	-0.0122105	-0.0122105	0	0	0	0.409258	0	-0.355028	-111.796	0	20.391	20.391	-1.5099e-14	5.32541	0	0	0	0	0	0	0	0	0	0	0	0	0	0	0	0	0	0	0	0	0	0	0	0	0	0	0	0	0	0	0	0	0	
1	1	1	767	23.01		300	0	0	0.03835	-0.0170782	-0.0170782	0	0	0	157.002	1.64773e-07	1.64773e-07	0	0	0	4.21461	2.03099	0	2.18362		300	0.409963	0.024464	-0.012232	-0.012232	0	0	0	0.409963	0	-0.355028	-111.796	0	20.391	20.391	-1.5099e-14	5.32541	0	0	0	0	0	0	0	0	0	0	0	0	0	0	0	0	0	0	0	0	0	0	0	0	0	0	0	0	0	0	0	0	0	
1	1	1	768	23.04		300	0	0	0.0384	-0.0171022	-0.0171022	0	0	0	157.08	1.64781e-07	1.64781e-07	0	0	0	4.22247	2.03509	0	2.18737		300	0.410668	0.0245071	-0.0122535	-0.0122535	0	0	0	0.410668	0	-0.355028	-111.796	0	20.391	20.391	-1.5099e-14	5.32541	0	0	0	0	0	0	0	0	0	0	0	0	0	0	0	0	0	0	0	0	0	0	0	0	0	0	0	0	0	0	0	0	0	
1	1	1	769	23.07		300	0	0	0.03845	-0.0171261	-0.0171261	0	0	0	157.159	1.6479e-07	1.6479e-07	0	0	0	4.23032	2.03919	0	2.19113		300	0.411372	0.0245501	-0.0122751	-0.0122751	0	0	0	0.411372	0	-0.355028	-111.796	0	20.391	20.391	-1.5099e-14	5.32541	0	0	0	0	0	0	0	0	0	0	0	0	0	0	0	0	0	0	0	0	0	0	0	0	0	0	0	0	0	0	0	0	0	
1	1	1	770	23.1		300	0	0	0.0385	-0.0171501	-0.0171501	0	0	0	157.237	1.64798e-07	1.64798e-07	0	0	0	4.23818	2.0433	0	2.19488		300	0.412077	0.0245932	-0.0122966	-0.0122966	0	0	0	0.412077	0	-0.355028	-111.796	0	20.391	20.391	-1.5099e-14	5.32541	0	0	0	0	0	0	0	0	0	0	0	0	0	0	0	0	0	0	0	0	0	0	0	0	0	0	0	0	0	0	0	0	0	
1	1	1	771	23.13		300	0	0	0.03855	-0.017174	-0.017174	0	0	0	157.316	1.64806e-07	1.64806e-07	0	0	0	4.24604	2.04741	0	2.19864		300	0.412782	0.0246362	-0.0123181	-0.0123181	0	0	0	0.412782	0	-0.355028	-111.796	0	20.391	20.391	-1.5099e-14	5.32541	0	0	0	0	0	0	0	0	0	0	0	0	0	0	0	0	0	0	0	0	0	0	0	0	0	0	0	0	0	0	0	0	0	
1	1	1	772	23.16		300	0	0	0.0386	-0.017198	-0.017198	0	0	0	157.394	1.64814e-07	1.64814e-07	0	0	0	4.25391	2.05152	0	2.20239		300	0.413487	0.0246793	-0.0123396	-0.0123396	0	0	0	0.413487	0	-0.355028	-111.796	0	20.391	20.391	-1.5099e-14	5.32541	0	0	0	0	0	0	0	0	0	0	0	0	0	0	0	0	0	0	0	0	0	0	0	0	0	0	0	0	0	0	0	0	0	
1	1	1	773	23.19		300	0	0	0.03865	-0.0172219	-0.0172219	0	0	0	157.473	1.64822e-07	1.64822e-07	0	0	0	4.26178	2.05564	0	2.20615		300	0.414192	0.0247223	-0.0123612	-0.0123612	0	0	0	0.414192	0	-0.355028	-111.796	0	20.391	20.391	-1.5099e-14	5.32541	0	0	0	0	0	0	0	0	0	0	0	0	0	0	0	0	0	0	0	0	0	0	0	0	0	0	0	0	0	0	0	0	0	
1	1	1	774	23.22		300	0	0	0.0387	-0.0172459	-0.0172459	0	0	0	157.551	1.6483e-07	1.6483e-07	0	0	0	4.26966	2.05976	0	2.2099		300	0.414897	0.0247654	-0.0123827	-0.0123827	0	0	0	0.414897	0	-0.355028	-111.796	0	20.391	20.391	-1.5099e-14	5.32541	0	0	0	0	0	0	0	0	0	0	0	0	0	0	0	0	0	0	0	0	0	0	0	0	0	0	0	0	0	0	0	0	0	
1	1	1	775	23.25		300	0	0	0.03875	-0.0172698	-0.0172698	0	0	0	157.63	1.64838e-07	1.64838e-07	0	0	0	4.27754	2.06388	0	2.21366		300	0.415602	0.0248085	-0.0124042	-0.0124042	0	0	0	0.415602	0	-0.355028	-111.796	0	20.391	20.391	-1.5099e-14	5.32541	0	0	0	0	0	0	0	0	0	0	0	0	0	0	0	0	0	0	0	0	0	0	0	0	0	0	0	0	0	0	0	0	0	
1	1	1	776	23.28		300	0	0	0.0388	-0.0172938	-0.0172938	0	0	0	157.708	1.64846e-07	1.64846e-07	0	0	0	4.28542	2.06801	0	2.21741		300	0.416306	0.0248515	-0.0124258	-0.0124258	0	0	0	0.416306	0	-0.355028	-111.796	0	20.391	20.391	-1.5099e-14	5.32541	0	0	0	0	0	0	0	0	0	0	0	0	0	0	0	0	0	0	0	0	0	0	0	0	0	0	0	0	0	0	0	0	0	
1	1	1	777	23.31		300	0	0	0.03885	-0.0173177	-0.0173177	0	0	0	157.786	1.64853e-07	1.64853e-07	0	0	0	4.29331	2.07215	0	2.22116		300	0.417011	0.0248946	-0.0124473	-0.0124473	0	0	0	0.417011	0	-0.355028	-111.796	0	20.391	20.391	-1.5099e-14	5.32541	0	0	0	0	0	0	0	0	0	0	0	0	0	0	0	0	0	0	0	0	0	0	0	0	0	0	0	0	0	0	0	0	0	
1	1	1	778	23.34		300	0	0	0.0389	-0.0173417	-0.0173417	0	0	0	157.865	1.64861e-07	1.64861e-07	0	0	0	4.3012	2.07628	0	2.22492		300	0.417716	0.0249377	-0.0124688	-0.0124688	0	0	0	0.417716	0	-0.355028	-111.796	0	20.391	20.391	-1.5099e-14	5.32541	0	0	0	0	0	0	0	0	0	0	0	0	0	0	0	0	0	0	0	0	0	0	0	0	0	0	0	0	0	0	0	0	0	
1	1	1	779	23.37		300	0	0	0.03895	-0.0173656	-0.0173656	0	0	0	157.943	1.64868e-07	1.64869e-07	0	0	0	4.3091	2.08042	0	2.22867		300	0.418421	0.0249808	-0.0124904	-0.0124904	0	0	0	0.418421	0	-0.355028	-111.796	0	20.391	20.391	-1.5099e-14	5.32541	0	0	0	0	0	0	0	0	0	0	0	0	0	0	0	0	0	0	0	0	0	0	0	0	0	0	0	0	0	0	0	0	0	
1	1	1	780	23.4		300	0	0	0.039	-0.0173896	-0.0173896	0	0	0	158.021	1.64876e-07	1.64876e-07	0	0	0	4.317	2.08457	0	2.23243		300	0.419126	0.0250238	-0.0125119	-0.0125119	0	0	0	0.419126	0	-0.355028	-111.796	0	20.391	20.391	-1.5099e-14	5.32541	0	0	0	0	0	0	0	0	0	0	0	0	0	0	0	0	0	0	0	0	0	0	0	0	0	0	0	0	0	0	0	0	0	
1	1	1	781	23.43		300	0	0	0.03905	-0.0174136	-0.0174136	0	0	0	158.1	1.64883e-07	1.64883e-07	0	0	0	4.3249	2.08871	0	2.23618		300	0.419831	0.0250669	-0.0125335	-0.0125335	0	0	0	0.419831	0	-0.355028	-111.796	0	20.391	20.391	-1.5099e-14	5.32541	0	0	0	0	0	0	0	0	0	0	0	0	0	0	0	0	0	0	0	0	0	0	0	0	0	0	0	0	0	0	0	0	0	
1	1	1	782	23.46		300	0	0	0.0391	-0.0174375	-0.0174375	0	0	0	158.178	1.64891e-07	1.64891e-07	0	0	0	4.33281	2.09287	0	2.23994		300	0.420536	0.02511	-0.012555	-0.012555	0	0	0	0.420536	0	-0.355028	-111.796	0	20.391	20.391	-1.5099e-14	5.32541	0	0	0	0	0	0	0	0	0	0	0	0	0	0	0	0	0	0	0	0	0	0	0	0	0	0	0	0	0	0	0	0	0	
1	1	1	783	23.49		300	0	0	0.03915	-0.0174615	-0.0174615	0	0	0	158.256	1.64898e-07	1.64898e-07	0	0	0	4.34072	2.09702	0	2.24369		300	0.421241	0.0251531	-0.0125765	-0.0125765	0	0	0	0.421241	0	-0.355028	-111.796	0	20.391	20.391	-1.5099e-14	5.32541	0	0	0	0	0	0	0	0	0	0	0	0	0	0	0	0	0	0	0	0	0	0	0	0	0	0	0	0	0	0	0	0	0	
1	1	1	784	23.52		300	0	0	0.0392	-0.0174854	-0.0174854	0	0	0	158.334	1.64905e-07	1.64905e-07	0	0	0	4.34863	2.10118	0	2.24745		300	0.421946	0.0251961	-0.0125981	-0.0125981	0	0	0	0.421946	0	-0.355028	-111.796	0	20.391	20.391	-1.5099e-14	5.32541	0	0	0	0	0	0	0	0	0	0	0	0	0	0	0	0	0	0	0	0	0	0	0	0	0	0	0	0	0	0	0	0	0	
1	1	1	785	23.55		300	0	0	0.03925	-0.0175094	-0.0175094	0	0	0	158.413	1.64912e-07	1.64912e-07	0	0	0	4.35655	2.10535	0	2.2512		300	0.422651	0.0252392	-0.0126196	-0.0126196	0	0	0	0.422651	0	-0.355028	-111.796	0	20.391	20.391	-1.5099e-14	5.32541	0	0	0	0	0	0	0	0	0	0	0	0	0	0	0	0	0	0	0	0	0	0	0	0	0	0	0	0	0	0	0	0	0	
1	1	1	786	23.58		300	0	0	0.0393	-0.0175333	-0.0175333	0	0	0	158.491	1.64919e-07	1.64919e-07	0	0	0	4.36447	2.10951	0	2.25496		300	0.423356	0.0252823	-0.0126412	-0.0126412	0	0	0	0.423356	0	-0.355028	-111.796	0	20.391	20.391	-1.5099e-14	5.32541	0	0	0	0	0	0	0	0	0	0	0	0	0	0	0	0	0	0	0	0	0	0	0	0	0	0	0	0	0	0	0	0	0	
1	1	1	787	23.61		300	0	0	0.03935	-0.0175573	-0.0175573	0	0	0	158.569	1.64926e-07	1.64926e-07	0	0	0	4.3724	2.11368	0	2.25871		300	0.424061	0.0253254	-0.0126627	-0.0126627	0	0	0	0.424061	0	-0.355028	-111.796	0	20.391	20.391	-1.5099e-14	5.32541	0	0	0	0	0	0	0	0	0	0	0	0	0	0	0	0	0	0	0	0	0	0	0	0	0	0	0	0	0	0	0	0	0	
1	1	1	788	23.64		300	0	0	0.0394	-0.0175812	-0.0175812	0	0	0	158.647	1.64933e-07	1.64933e-07	0	0	0	4.38033	2.11786	0	2.26247		300	0.424766	0.0253685	-0.0126842	-0.0126842	0	0	0	0.424766	0	-0.355028	-111.796	0	20.391	20.391	-1.5099e-14	5.32541	0	0	0	0	0	0	0	0	0	0	0	0	0	0	0	0	0	0	0	0	0	0	0	0	0	0	0	0	0	0	0	0	0	
1	1	1	789	23.67		300	0	0	0.03945	-0.0176052	-0.0176052	0	0	0	158.725	1.6494e-07	1.6494e-07	0	0	0	4.38826	2.12204	0	2.26623		300	0.425471	0.0254116	-0.0127058	-0.0127058	0	0	0	0.425471	0	-0.355028	-111.796	0	20.391	20.391	-1.5099e-14	5.32541	0	0	0	0	0	0	0	0	0	0	0	0	0	0	0	0	0	0	0	0	0	0	0	0	0	0	0	0	0	0	0	0	0	
1	1	1	790	23.7		300	0	0	0.0395	-0.0176292	-0.0176292	0	0	0	158.803	1.64947e-07	1.64947e-07	0	0	0	4.3962	2.12622	0	2.26998		300	0.426176	0.0254547	-0.0127273	-0.0127273	0	0	0	0.426176	0	-0.355028	-111.796	0	20.391	20.391	-1.5099e-14	5.32541	0	0	0	0	0	0	0	0	0	0	0	0	0	0	0	0	0	0	0	0	0	0	0	0	0	0	0	0	0	0	0	0	0	
1	1	1	791	23.73		300	0	0	0.03955	-0.0176531	-0.0176531	0	0	0	158.881	1.64954e-07	1.64954e-07	0	0	0	4.40414	2.13041	0	2.27374		300	0.426881	0.0254978	-0.0127489	-0.0127489	0	0	0	0.426881	0	-0.355028	-111.796	0	20.391	20.391	-1.5099e-14	5.32541	0	0	0	0	0	0	0	0	0	0	0	0	0	0	0	0	0	0	0	0	0	0	0	0	0	0	0	0	0	0	0	0	0	
1	1	1	792	23.76		300	0	0	0.0396	-0.0176771	-0.0176771	0	0	0	158.959	1.6496e-07	1.6496e-07	0	0	0	4.41209	2.1346	0	2.27749		300	0.427586	0.0255409	-0.0127704	-0.0127704	0	0	0	0.427586	0	-0.355028	-111.796	0	20.391	20.391	-1.5099e-14	5.32541	0	0	0	0	0	0	0	0	0	0	0	0	0	0	0	0	0	0	0	0	0	0	0	0	0	0	0	0	0	0	0	0	0	
1	1	1	793	23.79		300	0	0	0.03965	-0.017701	-0.017701	0	0	0	159.037	1.64967e-07	1.64967e-07	0	0	0	4.42004	2.13879	0	2.28125		300	0.428291	0.025584	-0.012792	-0.012792	0	0	0	0.428291	0	-0.355028	-111.796	0	20.391	20.391	-1.5099e-14	5.32541	0	0	0	0	0	0	0	0	0	0	0	0	0	0	0	0	0	0	0	0	0	0	0	0	0	0	0	0	0	0	0	0	0	
1	1	1	794	23.82		300	0	0	0.0397	-0.017725	-0.017725	0	0	0	159.115	1.64973e-07	1.64973e-07	0	0	0	4.42799	2.14299	0	2.285		300	0.428996	0.0256271	-0.0128135	-0.0128135	0	0	0	0.428996	0	-0.355028	-111.796	0	20.391	20.391	-1.5099e-14	5.32541	0	0	0	0	0	0	0	0	0	0	0	0	0	0	0	0	0	0	0	0	0	0	0	0	0	0	0	0	0	0	0	0	0	
1	1	1	795	23.85		300	0	0	0.03975	-0.0177489	-0.0177489	0	0	0	159.193	1.6498e-07	1.6498e-07	0	0	0	4.43595	2.14719	0	2.28876		300	0.429701	0.0256702	-0.0128351	-0.0128351	0	0	0	0.429701	0	-0.355028	-111.796	0	20.391	20.391	-1.5099e-14	5.32541	0	0	0	0	0	0	0	0	0	0	0	0	0	0	0	0	0	0	0	0	0	0	0	0	0	0	0	0	0	0	0	0	0	
1	1	1	796	23.88		300	0	0	0.0398	-0.0177729	-0.0177729	0	0	0	159.271	1.64986e-07	1.64986e-07	0	0	0	4.44391	2.1514	0	2.29251		300	0.430406	0.0257133	-0.0128566	-0.0128566	0	0	0	0.430406	0	-0.355028	-111.796	0	20.391	20.391	-1.5099e-14	5.32541	0	0	0	0	0	0	0	0	0	0	0	0	0	0	0	0	0	0	0	0	0	0	0	0	0	0	0	0	0	0	0	0	0	
1	1	1	797	23.91		300	0	0	0.03985	-0.0177969	-0.0177969	0	0	0	159.349	1.64993e-07	1.64993e-07	0	0	0	4.45188	2.15561	0	2.29627		300	0.431111	0.0257564	-0.0128782	-0.0128782	0	0	0	0.431111	0	-0.355028	-111.796	0	20.391	20.391	-1.5099e-14	5.32541	0	0	0	0	0	0	0	0	0	0	0	0	0	0	0	0	0	0	0	0	0	0	0	0	0	0	0	0	0	0	0	0	0	
1	1	1	798	23.94		300	0	0	0.0399	-0.0178208	-0.0178208	0	0	0	159.427	1.64999e-07	1.64999e-07	0	0	0	4.45985	2.15982	0	2.30002		300	0.431816	0.0257995	-0.0128997	-0.0128997	0	0	0	0.431816	0	-0.355028	-111.796	0	20.391	20.391	-1.5099e-14	5.32541	0	0	0	0	0	0	0	0	0	0	0	0	0	0	0	0	0	0	0	0	0	0	0	0	0	0	0	0	0	0	0	0	0	
1	1	1	799	23.97		300	0	0	0.03995	-0.0178448	-0.0178448	0	0	0	159.505	1.65005e-07	1.65005e-07	0	0	0	4.46782	2.16404	0	2.30378		300	0.432521	0.0258426	-0.0129213	-0.0129213	0	0	0	0.432521	0	-0.355028	-111.796	0	20.391	20.391	-1.5099e-14	5.32541	0	0	0	0	0	0	0	0	0	0	0	0	0	0	0	0	0	0	0	0	0	0	0	0	0	0	0	0	0	0	0	0	0	
1	1	1	800	24		300	0	0	0.04	-0.0178687	-0.0178687	0	0	0	159.583	1.65011e-07	1.65011e-07	0	0	0	4.4758	2.16826	0	2.30754		300	0.433226	0.0258857	-0.0129429	-0.0129429	0	0	0	0.433226	0	-0.355028	-111.796	0	20.391	20.391	-1.5099e-14	5.32541	0	0	0	0	0	0	0	0	0	0	0	0	0	0	0	0	0	0	0	0	0	0	0	0	0	0	0	0	0	0	0	0	0	
1	1	1	801	24.03		300	0	0	0.04005	-0.0178927	-0.0178927	0	0	0	159.661	1.65017e-07	1.65017e-07	0	0	0	4.48378	2.17249	0	2.31129		300	0.433931	0.0259288	-0.0129644	-0.0129644	0	0	0	0.433931	0	-0.355028	-111.796	0	20.391	20.391	-1.5099e-14	5.32541	0	0	0	0	0	0	0	0	0	0	0	0	0	0	0	0	0	0	0	0	0	0	0	0	0	0	0	0	0	0	0	0	0	
1	1	1	802	24.06		300	0	0	0.0401	-0.0179167	-0.0179167	0	0	0	159.739	1.65023e-07	1.65023e-07	0	0	0	4.49176	2.17672	0	2.31505		300	0.434636	0.0259719	-0.012986	-0.012986	0	0	0	0.434636	0	-0.355028	-111.796	0	20.391	20.391	-1.5099e-14	5.32541	0	0	0	0	0	0	0	0	0	0	0	0	0	0	0	0	0	0	0	0	0	0	0	0	0	0	0	0	0	0	0	0	0	
1	1	1	803	24.09		300	0	0	0.04015	-0.0179406	-0.0179406	0	0	0	159.817	1.65029e-07	1.65029e-07	0	0	0	4.49975	2.18095	0	2.3188		300	0.435341	0.0260151	-0.0130075	-0.0130075	0	0	0	0.435341	0	-0.355028	-111.796	0	20.391	20.391	-1.5099e-14	5.32541	0	0	0	0	0	0	0	0	0	0	0	0	0	0	0	0	0	0	0	0	0	0	0	0	0	0	0	0	0	0	0	0	0	
1	1	1	804	24.12		300	0	0	0.0402	-0.0179646	-0.0179646	0	0	0	159.894	1.65035e-07	1.65035e-07	0	0	0	4.50775	2.18519	0	2.32256		300	0.436046	0.0260582	-0.0130291	-0.0130291	0	0	0	0.436046	0	-0.355028	-111.796	0	20.391	20.391	-1.5099e-14	5.32541	0	0	0	0	0	0	0	0	0	0	0	0	0	0	0	0	0	0	0	0	0	0	0	0	0	0	0	0	0	0	0	0	0	
1	1	1	805	24.15		300	0	0	0.04025	-0.0179885	-0.0179885	0	0	0	159.972	1.65041e-07	1.65041e-07	0	0	0	4.51574	2.18943	0	2.32631		300	0.436751	0.0261013	-0.0130506	-0.0130506	0	0	0	0.436751	0	-0.355028	-111.796	0	20.391	20.391	-1.5099e-14	5.32541	0	0	0	0	0	0	0	0	0	0	0	0	0	0	0	0	0	0	0	0	0	0	0	0	0	0	0	0	0	0	0	0	0	
1	1	1	806	24.18		300	0	0	0.0403	-0.0180125	-0.0180125	0	0	0	160.05	1.65047e-07	1.65047e-07	0	0	0	4.52374	2.19367	0	2.33007		300	0.437456	0.0261444	-0.0130722	-0.0130722	0	0	0	0.437456	0	-0.355028	-111.796	0	20.391	20.391	-1.5099e-14	5.32541	0	0	0	0	0	0	0	0	0	0	0	0	0	0	0	0	0	0	0	0	0	0	0	0	0	0	0	0	0	0	0	0	0	
1	1	1	807	24.21		300	0	0	0.04035	-0.0180365	-0.0180365	0	0	0	160.128	1.65052e-07	1.65052e-07	0	0	0	4.53175	2.19792	0	2.33382		300	0.438161	0.0261875	-0.0130938	-0.0130938	0	0	0	0.438161	0	-0.355028	-111.796	0	20.391	20.391	-1.5099e-14	5.32541	0	0	0	0	0	0	0	0	0	0	0	0	0	0	0	0	0	0	0	0	0	0	0	0	0	0	0	0	0	0	0	0	0	
1	1	1	808	24.24		300	0	0	0.0404	-0.0180604	-0.0180604	0	0	0	160.206	1.65058e-07	1.65058e-07	0	0	0	4.53976	2.20218	0	2.33758		300	0.438866	0.0262306	-0.0131153	-0.0131153	0	0	0	0.438866	0	-0.355028	-111.796	0	20.391	20.391	-1.5099e-14	5.32541	0	0	0	0	0	0	0	0	0	0	0	0	0	0	0	0	0	0	0	0	0	0	0	0	0	0	0	0	0	0	0	0	0	
1	1	1	809	24.27		300	0	0	0.04045	-0.0180844	-0.0180844	0	0	0	160.283	1.65063e-07	1.65064e-07	0	0	0	4.54777	2.20643	0	2.34134		300	0.439571	0.0262738	-0.0131369	-0.0131369	0	0	0	0.439571	0	-0.355028	-111.796	0	20.391	20.391	-1.5099e-14	5.32541	0	0	0	0	0	0	0	0	0	0	0	0	0	0	0	0	0	0	0	0	0	0	0	0	0	0	0	0	0	0	0	0	0	
1	1	1	810	24.3		300	0	0	0.0405	-0.0181084	-0.0181084	0	0	0	160.361	1.65069e-07	1.65069e-07	0	0	0	4.55578	2.21069	0	2.34509		300	0.440276	0.0263169	-0.0131584	-0.0131584	0	0	0	0.440276	0	-0.355028	-111.796	0	20.391	20.391	-1.5099e-14	5.32541	0	0	0	0	0	0	0	0	0	0	0	0	0	0	0	0	0	0	0	0	0	0	0	0	0	0	0	0	0	0	0	0	0	
1	1	1	811	24.33		300	0	0	0.04055	-0.0181323	-0.0181323	0	0	0	160.439	1.65074e-07	1.65074e-07	0	0	0	4.5638	2.21496	0	2.34885		300	0.440981	0.02636	-0.01318	-0.01318	0	0	0	0.440981	0	-0.355028	-111.796	0	20.391	20.391	-1.5099e-14	5.32541	0	0	0	0	0	0	0	0	0	0	0	0	0	0	0	0	0	0	0	0	0	0	0	0	0	0	0	0	0	0	0	0	0	
1	1	1	812	24.36		300	0	0	0.0406	-0.0181563	-0.0181563	0	0	0	160.516	1.6508e-07	1.6508e-07	0	0	0	4.57183	2.21923	0	2.3526		300	0.441686	0.0264032	-0.0132016	-0.0132016	0	0	0	0.441686	0	-0.355028	-111.796	0	20.391	20.391	-1.5099e-14	5.32541	0	0	0	0	0	0	0	0	0	0	0	0	0	0	0	0	0	0	0	0	0	0	0	0	0	0	0	0	0	0	0	0	0	
1	1	1	813	24.39		300	0	0	0.04065	-0.0181802	-0.0181802	0	0	0	160.594	1.65085e-07	1.65085e-07	0	0	0	4.57986	2.2235	0	2.35636		300	0.442392	0.0264463	-0.0132231	-0.0132231	0	0	0	0.442392	0	-0.355028	-111.796	0	20.391	20.391	-1.5099e-14	5.32541	0	0	0	0	0	0	0	0	0	0	0	0	0	0	0	0	0	0	0	0	0	0	0	0	0	0	0	0	0	0	0	0	0	
1	1	1	814	24.42		300	0	0	0.0407	-0.0182042	-0.0182042	0	0	0	160.672	1.6509e-07	1.6509e-07	0	0	0	4.58789	2.22777	0	2.36011		300	0.443097	0.0264894	-0.0132447	-0.0132447	0	0	0	0.443097	0	-0.355028	-111.796	0	20.391	20.391	-1.5099e-14	5.32541	0	0	0	0	0	0	0	0	0	0	0	0	0	0	0	0	0	0	0	0	0	0	0	0	0	0	0	0	0	0	0	0	0	
1	1	1	815	24.45		300	0	0	0.04075	-0.0182282	-0.0182282	0	0	0	160.749	1.65096e-07	1.65096e-07	0	0	0	4.59592	2.23205	0	2.36387		300	0.443802	0.0265325	-0.0132663	-0.0132663	0	0	0	0.443802	0	-0.355028	-111.796	0	20.391	20.391	-1.5099e-14	5.32541	0	0	0	0	0	0	0	0	0	0	0	0	0	0	0	0	0	0	0	0	0	0	0	0	0	0	0	0	0	0	0	0	0	
1	1	1	816	24.48		300	0	0	0.0408	-0.0182521	-0.0182521	0	0	0	160.827	1.65101e-07	1.65101e-07	0	0	0	4.60396	2.23634	0	2.36763		300	0.444507	0.0265757	-0.0132878	-0.0132878	0	0	0	0.444507	0	-0.355028	-111.796	0	20.391	20.391	-1.5099e-14	5.32541	0	0	0	0	0	0	0	0	0	0	0	0	0	0	0	0	0	0	0	0	0	0	0	0	0	0	0	0	0	0	0	0	0	
1	1	1	817	24.51		300	0	0	0.04085	-0.0182761	-0.0182761	0	0	0	160.905	1.65106e-07	1.65106e-07	0	0	0	4.61201	2.24062	0	2.37138		300	0.445212	0.0266188	-0.0133094	-0.0133094	0	0	0	0.445212	0	-0.355028	-111.796	0	20.391	20.391	-1.5099e-14	5.32541	0	0	0	0	0	0	0	0	0	0	0	0	0	0	0	0	0	0	0	0	0	0	0	0	0	0	0	0	0	0	0	0	0	
1	1	1	818	24.54		300	0	0	0.0409	-0.0183001	-0.0183001	0	0	0	160.982	1.65111e-07	1.65111e-07	0	0	0	4.62005	2.24492	0	2.37514		300	0.445917	0.0266619	-0.013331	-0.013331	0	0	0	0.445917	0	-0.355028	-111.796	0	20.391	20.391	-1.5099e-14	5.32541	0	0	0	0	0	0	0	0	0	0	0	0	0	0	0	0	0	0	0	0	0	0	0	0	0	0	0	0	0	0	0	0	0	
1	1	1	819	24.57		300	0	0	0.04095	-0.018324	-0.018324	0	0	0	161.06	1.65116e-07	1.65116e-07	0	0	0	4.6281	2.24921	0	2.37889		300	0.446622	0.0267051	-0.0133525	-0.0133525	0	0	0	0.446622	0	-0.355028	-111.796	0	20.391	20.391	-1.5099e-14	5.32541	0	0	0	0	0	0	0	0	0	0	0	0	0	0	0	0	0	0	0	0	0	0	0	0	0	0	0	0	0	0	0	0	0	
1	1	1	820	24.6		300	0	0	0.041	-0.018348	-0.018348	0	0	0	161.138	1.65121e-07	1.65121e-07	0	0	0	4.63616	2.25351	0	2.38265		300	0.447327	0.0267482	-0.0133741	-0.0133741	0	0	0	0.447327	0	-0.355028	-111.796	0	20.391	20.391	-1.5099e-14	5.32541	0	0	0	0	0	0	0	0	0	0	0	0	0	0	0	0	0	0	0	0	0	0	0	0	0	0	0	0	0	0	0	0	0	
1	1	1	821	24.63		300	0	0	0.04105	-0.0183719	-0.0183719	0	0	0	161.215	1.65125e-07	1.65126e-07	0	0	0	4.64422	2.25781	0	2.3864		300	0.448032	0.0267914	-0.0133957	-0.0133957	0	0	0	0.448032	0	-0.355028	-111.796	0	20.391	20.391	-1.5099e-14	5.32541	0	0	0	0	0	0	0	0	0	0	0	0	0	0	0	0	0	0	0	0	0	0	0	0	0	0	0	0	0	0	0	0	0	
1	1	1	822	24.66		300	0	0	0.0411	-0.0183959	-0.0183959	0	0	0	161.293	1.6513e-07	1.6513e-07	0	0	0	4.65228	2.26212	0	2.39016		300	0.448737	0.0268345	-0.0134173	-0.0134173	0	0	0	0.448737	0	-0.355028	-111.796	0	20.391	20.391	-1.5099e-14	5.32541	0	0	0	0	0	0	0	0	0	0	0	0	0	0	0	0	0	0	0	0	0	0	0	0	0	0	0	0	0	0	0	0	0	
1	1	1	823	24.69		300	0	0	0.04115	-0.0184199	-0.0184199	0	0	0	161.37	1.65135e-07	1.65135e-07	0	0	0	4.66035	2.26643	0	2.39392		300	0.449442	0.0268776	-0.0134388	-0.0134388	0	0	0	0.449442	0	-0.355028	-111.796	0	20.391	20.391	-1.5099e-14	5.32541	0	0	0	0	0	0	0	0	0	0	0	0	0	0	0	0	0	0	0	0	0	0	0	0	0	0	0	0	0	0	0	0	0	
1	1	1	824	24.72		300	0	0	0.0412	-0.0184438	-0.0184438	0	0	0	161.448	1.6514e-07	1.6514e-07	0	0	0	4.66842	2.27075	0	2.39767		300	0.450147	0.0269208	-0.0134604	-0.0134604	0	0	0	0.450147	0	-0.355028	-111.796	0	20.391	20.391	-1.5099e-14	5.32541	0	0	0	0	0	0	0	0	0	0	0	0	0	0	0	0	0	0	0	0	0	0	0	0	0	0	0	0	0	0	0	0	0	
1	1	1	825	24.75		300	0	0	0.04125	-0.0184678	-0.0184678	0	0	0	161.525	1.65144e-07	1.65144e-07	0	0	0	4.67649	2.27507	0	2.40143		300	0.450852	0.0269639	-0.013482	-0.013482	0	0	0	0.450852	0	-0.355028	-111.796	0	20.391	20.391	-1.5099e-14	5.32541	0	0	0	0	0	0	0	0	0	0	0	0	0	0	0	0	0	0	0	0	0	0	0	0	0	0	0	0	0	0	0	0	0	
1	1	1	826	24.78		300	0	0	0.0413	-0.0184918	-0.0184918	0	0	0	161.603	1.65149e-07	1.65149e-07	0	0	0	4.68457	2.27939	0	2.40518		300	0.451557	0.0270071	-0.0135035	-0.0135035	0	0	0	0.451557	0	-0.355028	-111.796	0	20.391	20.391	-1.5099e-14	5.32541	0	0	0	0	0	0	0	0	0	0	0	0	0	0	0	0	0	0	0	0	0	0	0	0	0	0	0	0	0	0	0	0	0	
1	1	1	827	24.81		300	0	0	0.04135	-0.0185157	-0.0185157	0	0	0	161.68	1.65153e-07	1.65154e-07	0	0	0	4.69265	2.28371	0	2.40894		300	0.452262	0.0270502	-0.0135251	-0.0135251	0	0	0	0.452262	0	-0.355028	-111.796	0	20.391	20.391	-1.5099e-14	5.32541	0	0	0	0	0	0	0	0	0	0	0	0	0	0	0	0	0	0	0	0	0	0	0	0	0	0	0	0	0	0	0	0	0	
1	1	1	828	24.84		300	0	0	0.0414	-0.0185397	-0.0185397	0	0	0	161.758	1.65158e-07	1.65158e-07	0	0	0	4.70074	2.28804	0	2.41269		300	0.452967	0.0270934	-0.0135467	-0.0135467	0	0	0	0.452967	0	-0.355028	-111.796	0	20.391	20.391	-1.5099e-14	5.32541	0	0	0	0	0	0	0	0	0	0	0	0	0	0	0	0	0	0	0	0	0	0	0	0	0	0	0	0	0	0	0	0	0	
1	1	1	829	24.87		300	0	0	0.04145	-0.0185637	-0.0185637	0	0	0	161.835	1.65162e-07	1.65162e-07	0	0	0	4.70883	2.29238	0	2.41645		300	0.453672	0.0271365	-0.0135683	-0.0135683	0	0	0	0.453672	0	-0.355028	-111.796	0	20.391	20.391	-1.5099e-14	5.32541	0	0	0	0	0	0	0	0	0	0	0	0	0	0	0	0	0	0	0	0	0	0	0	0	0	0	0	0	0	0	0	0	0	
1	1	1	830	24.9		300	0	0	0.0415	-0.0185876	-0.0185876	0	0	0	161.913	1.65167e-07	1.65167e-07	0	0	0	4.71692	2.29672	0	2.42021		300	0.454377	0.0271797	-0.0135898	-0.0135898	0	0	0	0.454377	0	-0.355028	-111.796	0	20.391	20.391	-1.5099e-14	5.32541	0	0	0	0	0	0	0	0	0	0	0	0	0	0	0	0	0	0	0	0	0	0	0	0	0	0	0	0	0	0	0	0	0	
1	1	1	831	24.93		300	0	0	0.04155	-0.0186116	-0.0186116	0	0	0	161.99	1.65171e-07	1.65171e-07	0	0	0	4.72502	2.30106	0	2.42396		300	0.455082	0.0272228	-0.0136114	-0.0136114	0	0	0	0.455082	0	-0.355028	-111.796	0	20.391	20.391	-1.5099e-14	5.32541	0	0	0	0	0	0	0	0	0	0	0	0	0	0	0	0	0	0	0	0	0	0	0	0	0	0	0	0	0	0	0	0	0	
1	1	1	832	24.96		300	0	0	0.0416	-0.0186356	-0.0186356	0	0	0	162.067	1.65175e-07	1.65175e-07	0	0	0	4.73312	2.3054	0	2.42772		300	0.455788	0.027266	-0.013633	-0.013633	0	0	0	0.455788	0	-0.355028	-111.796	0	20.391	20.391	-1.5099e-14	5.32541	0	0	0	0	0	0	0	0	0	0	0	0	0	0	0	0	0	0	0	0	0	0	0	0	0	0	0	0	0	0	0	0	0	
1	1	1	833	24.99		300	0	0	0.04165	-0.0186595	-0.0186595	0	0	0	162.145	1.65179e-07	1.65179e-07	0	0	0	4.74123	2.30975	0	2.43147		300	0.456493	0.0273091	-0.0136546	-0.0136546	0	0	0	0.456493	0	-0.355028	-111.796	0	20.391	20.391	-1.5099e-14	5.32541	0	0	0	0	0	0	0	0	0	0	0	0	0	0	0	0	0	0	0	0	0	0	0	0	0	0	0	0	0	0	0	0	0	
1	1	1	834	25.02		300	0	0	0.0417	-0.0186835	-0.0186835	0	0	0	162.222	1.65183e-07	1.65183e-07	0	0	0	4.74934	2.31411	0	2.43523		300	0.457198	0.0273523	-0.0136761	-0.0136761	0	0	0	0.457198	0	-0.355028	-111.796	0	20.391	20.391	-1.5099e-14	5.32541	0	0	0	0	0	0	0	0	0	0	0	0	0	0	0	0	0	0	0	0	0	0	0	0	0	0	0	0	0	0	0	0	0	
1	1	1	835	25.05		300	0	0	0.04175	-0.0187075	-0.0187075	0	0	0	162.3	1.65187e-07	1.65187e-07	0	0	0	4.75745	2.31847	0	2.43898		300	0.457903	0.0273954	-0.0136977	-0.0136977	0	0	0	0.457903	0	-0.355028	-111.796	0	20.391	20.391	-1.5099e-14	5.32541	0	0	0	0	0	0	0	0	0	0	0	0	0	0	0	0	0	0	0	0	0	0	0	0	0	0	0	0	0	0	0	0	0	
1	1	1	836	25.08		300	0	0	0.0418	-0.0187314	-0.0187314	0	0	0	162.377	1.65191e-07	1.65192e-07	0	0	0	4.76557	2.32283	0	2.44274		300	0.458608	0.0274386	-0.0137193	-0.0137193	0	0	0	0.458608	0	-0.355028	-111.796	0	20.391	20.391	-1.5099e-14	5.32541	0	0	0	0	0	0	0	0	0	0	0	0	0	0	0	0	0	0	0	0	0	0	0	0	0	0	0	0	0	0	0	0	0	
1	1	1	837	25.11		300	0	0	0.04185	-0.0187554	-0.0187554	0	0	0	162.454	1.65195e-07	1.65195e-07	0	0	0	4.77369	2.32719	0	2.44649		300	0.459313	0.0274818	-0.0137409	-0.0137409	0	0	0	0.459313	0	-0.355028	-111.796	0	20.391	20.391	-1.5099e-14	5.32541	0	0	0	0	0	0	0	0	0	0	0	0	0	0	0	0	0	0	0	0	0	0	0	0	0	0	0	0	0	0	0	0	0	
1	1	1	838	25.14		300	0	0	0.0419	-0.0187794	-0.0187794	0	0	0	162.532	1.65199e-07	1.65199e-07	0	0	0	4.78181	2.33156	0	2.45025		300	0.460018	0.0275249	-0.0137625	-0.0137625	0	0	0	0.460018	0	-0.355028	-111.796	0	20.391	20.391	-1.5099e-14	5.32541	0	0	0	0	0	0	0	0	0	0	0	0	0	0	0	0	0	0	0	0	0	0	0	0	0	0	0	0	0	0	0	0	0	
1	1	1	839	25.17		300	0	0	0.04195	-0.0188033	-0.0188033	0	0	0	162.609	1.65203e-07	1.65203e-07	0	0	0	4.78994	2.33594	0	2.454		300	0.460723	0.0275681	-0.013784	-0.013784	0	0	0	0.460723	0	-0.355028	-111.796	0	20.391	20.391	-1.5099e-14	5.32541	0	0	0	0	0	0	0	0	0	0	0	0	0	0	0	0	0	0	0	0	0	0	0	0	0	0	0	0	0	0	0	0	0	
1	1	1	840	25.2		300	0	0	0.042	-0.0188273	-0.0188273	0	0	0	162.686	1.65207e-07	1.65207e-07	0	0	0	4.79807	2.34031	0	2.45776		300	0.461428	0.0276112	-0.0138056	-0.0138056	0	0	0	0.461428	0	-0.355028	-111.796	0	20.391	20.391	-1.5099e-14	5.32541	0	0	0	0	0	0	0	0	0	0	0	0	0	0	0	0	0	0	0	0	0	0	0	0	0	0	0	0	0	0	0	0	0	
1	1	1	841	25.23		300	0	0	0.04205	-0.0188513	-0.0188513	0	0	0	162.764	1.65211e-07	1.65211e-07	0	0	0	4.80621	2.34469	0	2.46151		300	0.462132	0.0276544	-0.0138272	-0.0138272	0	0	0	0.462132	0	-0.355028	-111.796	0	20.391	20.391	-1.5099e-14	5.32541	0	0	0	0	0	0	0	0	0	0	0	0	0	0	0	0	0	0	0	0	0	0	0	0	0	0	0	0	0	0	0	0	0	
1	1	1	842	25.26		300	0	0	0.0421	-0.0188752	-0.0188752	0	0	0	162.841	1.65214e-07	1.65214e-07	0	0	0	4.81435	2.34908	0	2.46527		300	0.462837	0.0276976	-0.0138488	-0.0138488	0	0	0	0.462837	0	-0.355028	-111.796	0	20.391	20.391	-1.5099e-14	5.32541	0	0	0	0	0	0	0	0	0	0	0	0	0	0	0	0	0	0	0	0	0	0	0	0	0	0	0	0	0	0	0	0	0	
1	1	1	843	25.29		300	0	0	0.04215	-0.0188992	-0.0188992	0	0	0	162.918	1.65218e-07	1.65218e-07	0	0	0	4.82249	2.35347	0	2.46902		300	0.463542	0.0277407	-0.0138704	-0.0138704	0	0	0	0.463542	0	-0.355028	-111.796	0	20.391	20.391	-1.5099e-14	5.32541	0	0	0	0	0	0	0	0	0	0	0	0	0	0	0	0	0	0	0	0	0	0	0	0	0	0	0	0	0	0	0	0	0	
1	1	1	844	25.32		300	0	0	0.0422	-0.0189232	-0.0189232	0	0	0	162.996	1.65222e-07	1.65222e-07	0	0	0	4.83064	2.35786	0	2.47278		300	0.464247	0.0277839	-0.0138919	-0.0138919	0	0	0	0.464247	0	-0.355028	-111.796	0	20.391	20.391	-1.5099e-14	5.32541	0	0	0	0	0	0	0	0	0	0	0	0	0	0	0	0	0	0	0	0	0	0	0	0	0	0	0	0	0	0	0	0	0	
1	1	1	845	25.35		300	0	0	0.04225	-0.0189471	-0.0189471	0	0	0	163.073	1.65225e-07	1.65225e-07	0	0	0	4.83879	2.36226	0	2.47654		300	0.464952	0.027827	-0.0139135	-0.0139135	0	0	0	0.464952	0	-0.355028	-111.796	0	20.391	20.391	-1.5099e-14	5.32541	0	0	0	0	0	0	0	0	0	0	0	0	0	0	0	0	0	0	0	0	0	0	0	0	0	0	0	0	0	0	0	0	0	
1	1	1	846	25.38		300	0	0	0.0423	-0.0189711	-0.0189711	0	0	0	163.15	1.65229e-07	1.65229e-07	0	0	0	4.84695	2.36666	0	2.48029		300	0.465657	0.0278702	-0.0139351	-0.0139351	0	0	0	0.465657	0	-0.355028	-111.796	0	20.391	20.391	-1.5099e-14	5.32541	0	0	0	0	0	0	0	0	0	0	0	0	0	0	0	0	0	0	0	0	0	0	0	0	0	0	0	0	0	0	0	0	0	
1	1	1	847	25.41		300	0	0	0.04235	-0.0189951	-0.0189951	0	0	0	163.228	1.65232e-07	1.65232e-07	0	0	0	4.85511	2.37106	0	2.48405		300	0.466362	0.0279134	-0.0139567	-0.0139567	0	0	0	0.466362	0	-0.355028	-111.796	0	20.391	20.391	-1.5099e-14	5.32541	0	0	0	0	0	0	0	0	0	0	0	0	0	0	0	0	0	0	0	0	0	0	0	0	0	0	0	0	0	0	0	0	0	
1	1	1	848	25.44		300	0	0	0.0424	-0.019019	-0.019019	0	0	0	163.305	1.65235e-07	1.65236e-07	0	0	0	4.86327	2.37547	0	2.4878		300	0.467067	0.0279565	-0.0139783	-0.0139783	0	0	0	0.467067	0	-0.355028	-111.796	0	20.391	20.391	-1.5099e-14	5.32541	0	0	0	0	0	0	0	0	0	0	0	0	0	0	0	0	0	0	0	0	0	0	0	0	0	0	0	0	0	0	0	0	0	
1	1	1	849	25.47		300	0	0	0.04245	-0.019043	-0.019043	0	0	0	163.382	1.65239e-07	1.65239e-07	0	0	0	4.87144	2.37988	0	2.49156		300	0.467772	0.0279997	-0.0139999	-0.0139999	0	0	0	0.467772	0	-0.355028	-111.796	0	20.391	20.391	-1.5099e-14	5.32541	0	0	0	0	0	0	0	0	0	0	0	0	0	0	0	0	0	0	0	0	0	0	0	0	0	0	0	0	0	0	0	0	0	
1	1	1	850	25.5		300	0	0	0.0425	-0.019067	-0.019067	0	0	0	163.459	1.65242e-07	1.65242e-07	0	0	0	4.87961	2.3843	0	2.49531		300	0.468477	0.0280429	-0.0140214	-0.0140214	0	0	0	0.468477	0	-0.355028	-111.796	0	20.391	20.391	-1.5099e-14	5.32541	0	0	0	0	0	0	0	0	0	0	0	0	0	0	0	0	0	0	0	0	0	0	0	0	0	0	0	0	0	0	0	0	0	
1	1	1	851	25.53		300	0	0	0.04255	-0.0190909	-0.0190909	0	0	0	163.537	1.65245e-07	1.65245e-07	0	0	0	4.88778	2.38872	0	2.49906		300	0.469182	0.028086	-0.014043	-0.014043	0	0	0	0.469182	0	-0.355028	-111.796	0	20.391	20.391	-1.5099e-14	5.32541	0	0	0	0	0	0	0	0	0	0	0	0	0	0	0	0	0	0	0	0	0	0	0	0	0	0	0	0	0	0	0	0	0	
1	1	1	852	25.56		300	0	0	0.0426	-0.0191149	-0.0191149	0	0	0	163.614	1.65248e-07	1.65249e-07	0	0	0	4.89596	2.39314	0	2.50282		300	0.469887	0.0281292	-0.0140646	-0.0140646	0	0	0	0.469887	0	-0.355028	-111.796	0	20.391	20.391	-1.5099e-14	5.32541	0	0	0	0	0	0	0	0	0	0	0	0	0	0	0	0	0	0	0	0	0	0	0	0	0	0	0	0	0	0	0	0	0	
1	1	1	853	25.59		300	0	0	0.04265	-0.0191389	-0.0191389	0	0	0	163.691	1.65252e-07	1.65252e-07	0	0	0	4.90414	2.39757	0	2.50657		300	0.470592	0.0281724	-0.0140862	-0.0140862	0	0	0	0.470592	0	-0.355028	-111.796	0	20.391	20.391	-1.5099e-14	5.32541	0	0	0	0	0	0	0	0	0	0	0	0	0	0	0	0	0	0	0	0	0	0	0	0	0	0	0	0	0	0	0	0	0	
1	1	1	854	25.62		300	0	0	0.0427	-0.0191628	-0.0191628	0	0	0	163.768	1.65255e-07	1.65255e-07	0	0	0	4.91233	2.402	0	2.51033		300	0.471296	0.0282155	-0.0141078	-0.0141078	0	0	0	0.471296	0	-0.355028	-111.796	0	20.391	20.391	-1.5099e-14	5.32541	0	0	0	0	0	0	0	0	0	0	0	0	0	0	0	0	0	0	0	0	0	0	0	0	0	0	0	0	0	0	0	0	0	
1	1	1	855	25.65		300	0	0	0.04275	-0.0191868	-0.0191868	0	0	0	163.846	1.65258e-07	1.65258e-07	0	0	0	4.92052	2.40644	0	2.51408		300	0.472001	0.0282587	-0.0141294	-0.0141294	0	0	0	0.472001	0	-0.355028	-111.796	0	20.391	20.391	-1.5099e-14	5.32541	0	0	0	0	0	0	0	0	0	0	0	0	0	0	0	0	0	0	0	0	0	0	0	0	0	0	0	0	0	0	0	0	0	
1	1	1	856	25.68		300	0	0	0.0428	-0.0192108	-0.0192108	0	0	0	163.923	1.65261e-07	1.65261e-07	0	0	0	4.92872	2.41088	0	2.51784		300	0.472706	0.0283019	-0.0141509	-0.0141509	0	0	0	0.472706	0	-0.355028	-111.796	0	20.391	20.391	-1.5099e-14	5.32541	0	0	0	0	0	0	0	0	0	0	0	0	0	0	0	0	0	0	0	0	0	0	0	0	0	0	0	0	0	0	0	0	0	
1	1	1	857	25.71		300	0	0	0.04285	-0.0192348	-0.0192348	0	0	0	164	1.65264e-07	1.65264e-07	0	0	0	4.93691	2.41532	0	2.52159		300	0.473411	0.0283451	-0.0141725	-0.0141725	0	0	0	0.473411	0	-0.355028	-111.796	0	20.391	20.391	-1.5099e-14	5.32541	0	0	0	0	0	0	0	0	0	0	0	0	0	0	0	0	0	0	0	0	0	0	0	0	0	0	0	0	0	0	0	0	0	
1	1	1	858	25.74		300	0	0	0.0429	-0.0192587	-0.0192587	0	0	0	164.077	1.65267e-07	1.65267e-07	0	0	0	4.94512	2.41977	0	2.52535		300	0.474116	0.0283882	-0.0141941	-0.0141941	0	0	0	0.474116	0	-0.355028	-111.796	0	20.391	20.391	-1.5099e-14	5.32541	0	0	0	0	0	0	0	0	0	0	0	0	0	0	0	0	0	0	0	0	0	0	0	0	0	0	0	0	0	0	0	0	0	
1	1	1	859	25.77		300	0	0	0.04295	-0.0192827	-0.0192827	0	0	0	164.154	1.65269e-07	1.6527e-07	0	0	0	4.95332	2.42422	0	2.5291		300	0.474821	0.0284314	-0.0142157	-0.0142157	0	0	0	0.474821	0	-0.355028	-111.796	0	20.391	20.391	-1.5099e-14	5.32541	0	0	0	0	0	0	0	0	0	0	0	0	0	0	0	0	0	0	0	0	0	0	0	0	0	0	0	0	0	0	0	0	0	
1	1	1	860	25.8		300	0	0	0.043	-0.0193067	-0.0193067	0	0	0	164.232	1.65272e-07	1.65272e-07	0	0	0	4.96153	2.42867	0	2.53286		300	0.475525	0.0284746	-0.0142373	-0.0142373	0	0	0	0.475525	0	-0.355028	-111.796	0	20.391	20.391	-1.5099e-14	5.32541	0	0	0	0	0	0	0	0	0	0	0	0	0	0	0	0	0	0	0	0	0	0	0	0	0	0	0	0	0	0	0	0	0	
1	1	1	861	25.83		300	0	0	0.04305	-0.0193306	-0.0193306	0	0	0	164.309	1.65275e-07	1.65275e-07	0	0	0	4.96974	2.43313	0	2.53661		300	0.47623	0.0285178	-0.0142589	-0.0142589	0	0	0	0.47623	0	-0.355028	-111.796	0	20.391	20.391	-1.5099e-14	5.32541	0	0	0	0	0	0	0	0	0	0	0	0	0	0	0	0	0	0	0	0	0	0	0	0	0	0	0	0	0	0	0	0	0	
1	1	1	862	25.86		300	0	0	0.0431	-0.0193546	-0.0193546	0	0	0	164.386	1.65278e-07	1.65278e-07	0	0	0	4.97796	2.4376	0	2.54036		300	0.476935	0.0285609	-0.0142805	-0.0142805	0	0	0	0.476935	0	-0.355028	-111.796	0	20.391	20.391	-1.5099e-14	5.32541	0	0	0	0	0	0	0	0	0	0	0	0	0	0	0	0	0	0	0	0	0	0	0	0	0	0	0	0	0	0	0	0	0	
1	1	1	863	25.89		300	0	0	0.04315	-0.0193786	-0.0193786	0	0	0	164.463	1.6528e-07	1.6528e-07	0	0	0	4.98618	2.44206	0	2.54412		300	0.47764	0.0286041	-0.0143021	-0.0143021	0	0	0	0.47764	0	-0.355028	-111.796	0	20.391	20.391	-1.5099e-14	5.32541	0	0	0	0	0	0	0	0	0	0	0	0	0	0	0	0	0	0	0	0	0	0	0	0	0	0	0	0	0	0	0	0	0	
1	1	1	864	25.92		300	0	0	0.0432	-0.0194025	-0.0194025	0	0	0	164.54	1.65283e-07	1.65283e-07	0	0	0	4.99441	2.44654	0	2.54787		300	0.478344	0.0286473	-0.0143236	-0.0143236	0	0	0	0.478344	0	-0.355028	-111.796	0	20.391	20.391	-1.5099e-14	5.32541	0	0	0	0	0	0	0	0	0	0	0	0	0	0	0	0	0	0	0	0	0	0	0	0	0	0	0	0	0	0	0	0	0	
1	1	1	865	25.95		300	0	0	0.04325	-0.0194265	-0.0194265	0	0	0	164.617	1.65285e-07	1.65286e-07	0	0	0	5.00264	2.45101	0	2.55163		300	0.479049	0.0286905	-0.0143452	-0.0143452	0	0	0	0.479049	0	-0.355028	-111.796	0	20.391	20.391	-1.5099e-14	5.32541	0	0	0	0	0	0	0	0	0	0	0	0	0	0	0	0	0	0	0	0	0	0	0	0	0	0	0	0	0	0	0	0	0	
1	1	1	866	25.98		300	0	0	0.0433	-0.0194505	-0.0194505	0	0	0	164.694	1.65288e-07	1.65288e-07	0	0	0	5.01087	2.45549	0	2.55538		300	0.479754	0.0287336	-0.0143668	-0.0143668	0	0	0	0.479754	0	-0.355028	-111.796	0	20.391	20.391	-1.5099e-14	5.32541	0	0	0	0	0	0	0	0	0	0	0	0	0	0	0	0	0	0	0	0	0	0	0	0	0	0	0	0	0	0	0	0	0	
1	1	1	867	26.01		300	0	0	0.04335	-0.0194744	-0.0194744	0	0	0	164.772	1.6529e-07	1.65291e-07	0	0	0	5.01911	2.45997	0	2.55913		300	0.480459	0.0287768	-0.0143884	-0.0143884	0	0	0	0.480459	0	-0.355028	-111.796	0	20.391	20.391	-1.5099e-14	5.32541	0	0	0	0	0	0	0	0	0	0	0	0	0	0	0	0	0	0	0	0	0	0	0	0	0	0	0	0	0	0	0	0	0	
1	1	1	868	26.04		300	0	0	0.0434	-0.0194984	-0.0194984	0	0	0	164.849	1.65293e-07	1.65293e-07	0	0	0	5.02735	2.46446	0	2.56289		300	0.481163	0.02882	-0.01441	-0.01441	0	0	0	0.481163	0	-0.355028	-111.796	0	20.391	20.391	-1.5099e-14	5.32541	0	0	0	0	0	0	0	0	0	0	0	0	0	0	0	0	0	0	0	0	0	0	0	0	0	0	0	0	0	0	0	0	0	
1	1	1	869	26.07		300	0	0	0.04345	-0.0195224	-0.0195224	0	0	0	164.926	1.65295e-07	1.65295e-07	0	0	0	5.03559	2.46895	0	2.56664		300	0.481868	0.0288632	-0.0144316	-0.0144316	0	0	0	0.481868	0	-0.355028	-111.796	0	20.391	20.391	-1.5099e-14	5.32541	0	0	0	0	0	0	0	0	0	0	0	0	0	0	0	0	0	0	0	0	0	0	0	0	0	0	0	0	0	0	0	0	0	
1	1	1	870	26.1		300	0	0	0.0435	-0.0195464	-0.0195464	0	0	0	165.003	1.65297e-07	1.65298e-07	0	0	0	5.04384	2.47344	0	2.5704		300	0.482573	0.0289063	-0.0144532	-0.0144532	0	0	0	0.482573	0	-0.355028	-111.796	0	20.391	20.391	-1.5099e-14	5.32541	0	0	0	0	0	0	0	0	0	0	0	0	0	0	0	0	0	0	0	0	0	0	0	0	0	0	0	0	0	0	0	0	0	
1	1	1	871	26.13		300	0	0	0.04355	-0.0195703	-0.0195703	0	0	0	165.08	1.653e-07	1.653e-07	0	0	0	5.05209	2.47794	0	2.57415		300	0.483277	0.0289495	-0.0144748	-0.0144748	0	0	0	0.483277	0	-0.355028	-111.796	0	20.391	20.391	-1.5099e-14	5.32541	0	0	0	0	0	0	0	0	0	0	0	0	0	0	0	0	0	0	0	0	0	0	0	0	0	0	0	0	0	0	0	0	0	
1	1	1	872	26.16		300	0	0	0.0436	-0.0195943	-0.0195943	0	0	0	165.157	1.65302e-07	1.65302e-07	0	0	0	5.06035	2.48244	0	2.5779		300	0.483982	0.0289927	-0.0144963	-0.0144963	0	0	0	0.483982	0	-0.355028	-111.796	0	20.391	20.391	-1.5099e-14	5.32541	0	0	0	0	0	0	0	0	0	0	0	0	0	0	0	0	0	0	0	0	0	0	0	0	0	0	0	0	0	0	0	0	0	
1	1	1	873	26.19		300	0	0	0.04365	-0.0196183	-0.0196183	0	0	0	165.234	1.65304e-07	1.65304e-07	0	0	0	5.06861	2.48695	0	2.58166		300	0.484687	0.0290359	-0.0145179	-0.0145179	0	0	0	0.484687	0	-0.355028	-111.796	0	20.391	20.391	-1.5099e-14	5.32541	0	0	0	0	0	0	0	0	0	0	0	0	0	0	0	0	0	0	0	0	0	0	0	0	0	0	0	0	0	0	0	0	0	
1	1	1	874	26.22		300	0	0	0.0437	-0.0196422	-0.0196422	0	0	0	165.312	1.65306e-07	1.65307e-07	0	0	0	5.07687	2.49146	0	2.58541		300	0.485391	0.0290791	-0.0145395	-0.0145395	0	0	0	0.485391	0	-0.355028	-111.796	0	20.391	20.391	-1.5099e-14	5.32541	0	0	0	0	0	0	0	0	0	0	0	0	0	0	0	0	0	0	0	0	0	0	0	0	0	0	0	0	0	0	0	0	0	
1	1	1	875	26.25		300	0	0	0.04375	-0.0196662	-0.0196662	0	0	0	165.389	1.65309e-07	1.65309e-07	0	0	0	5.08514	2.49598	0	2.58916		300	0.486096	0.0291222	-0.0145611	-0.0145611	0	0	0	0.486096	0	-0.355028	-111.796	0	20.391	20.391	-1.5099e-14	5.32541	0	0	0	0	0	0	0	0	0	0	0	0	0	0	0	0	0	0	0	0	0	0	0	0	0	0	0	0	0	0	0	0	0	
1	1	1	876	26.28		300	0	0	0.0438	-0.0196902	-0.0196902	0	0	0	165.466	1.6531e-07	1.65311e-07	0	0	0	5.09341	2.50049	0	2.59292		300	0.4868	0.0291654	-0.0145827	-0.0145827	0	0	0	0.4868	0	-0.355028	-111.796	0	20.391	20.391	-1.5099e-14	5.32541	0	0	0	0	0	0	0	0	0	0	0	0	0	0	0	0	0	0	0	0	0	0	0	0	0	0	0	0	0	0	0	0	0	
1	1	1	877	26.31		300	0	0	0.04385	-0.0197141	-0.0197141	0	0	0	165.543	1.65312e-07	1.65313e-07	0	0	0	5.10169	2.50502	0	2.59667		300	0.487505	0.0292086	-0.0146043	-0.0146043	0	0	0	0.487505	0	-0.355028	-111.796	0	20.391	20.391	-1.5099e-14	5.32541	0	0	0	0	0	0	0	0	0	0	0	0	0	0	0	0	0	0	0	0	0	0	0	0	0	0	0	0	0	0	0	0	0	
1	1	1	878	26.34		300	0	0	0.0439	-0.0197381	-0.0197381	0	0	0	165.62	1.65314e-07	1.65315e-07	0	0	0	5.10996	2.50954	0	2.60042		300	0.488209	0.0292518	-0.0146259	-0.0146259	0	0	0	0.488209	0	-0.355028	-111.796	0	20.391	20.391	-1.5099e-14	5.32541	0	0	0	0	0	0	0	0	0	0	0	0	0	0	0	0	0	0	0	0	0	0	0	0	0	0	0	0	0	0	0	0	0	
1	1	1	879	26.37		300	0	0	0.04395	-0.0197621	-0.0197621	0	0	0	165.697	1.65316e-07	1.65316e-07	0	0	0	5.11825	2.51407	0	2.60418		300	0.488914	0.029295	-0.0146475	-0.0146475	0	0	0	0.488914	0	-0.355028	-111.796	0	20.391	20.391	-1.5099e-14	5.32541	0	0	0	0	0	0	0	0	0	0	0	0	0	0	0	0	0	0	0	0	0	0	0	0	0	0	0	0	0	0	0	0	0	
1	1	1	880	26.4		300	0	0	0.044	-0.0197861	-0.0197861	0	0	0	165.774	1.65318e-07	1.65318e-07	0	0	0	5.12653	2.51861	0	2.60793		300	0.489618	0.0293381	-0.0146691	-0.0146691	0	0	0	0.489618	0	-0.355028	-111.796	0	20.391	20.391	-1.5099e-14	5.32541	0	0	0	0	0	0	0	0	0	0	0	0	0	0	0	0	0	0	0	0	0	0	0	0	0	0	0	0	0	0	0	0	0	
1	1	1	881	26.43		300	0	0	0.04405	-0.01981	-0.01981	0	0	0	165.851	1.6532e-07	1.6532e-07	0	0	0	5.13482	2.52314	0	2.61168		300	0.490323	0.0293813	-0.0146907	-0.0146907	0	0	0	0.490323	0	-0.355028	-111.796	0	20.391	20.391	-1.5099e-14	5.32541	0	0	0	0	0	0	0	0	0	0	0	0	0	0	0	0	0	0	0	0	0	0	0	0	0	0	0	0	0	0	0	0	0	
1	1	1	882	26.46		300	0	0	0.0441	-0.019834	-0.019834	0	0	0	165.928	1.65322e-07	1.65322e-07	0	0	0	5.14312	2.52769	0	2.61543		300	0.491027	0.0294245	-0.0147122	-0.0147122	0	0	0	0.491027	0	-0.355028	-111.796	0	20.391	20.391	-1.5099e-14	5.32541	0	0	0	0	0	0	0	0	0	0	0	0	0	0	0	0	0	0	0	0	0	0	0	0	0	0	0	0	0	0	0	0	0	
1	1	1	883	26.49		300	0	0	0.04415	-0.019858	-0.019858	0	0	0	166.006	1.65323e-07	1.65324e-07	0	0	0	5.15142	2.53223	0	2.61919		300	0.491732	0.0294677	-0.0147338	-0.0147338	0	0	0	0.491732	0	-0.355028	-111.796	0	20.391	20.391	-1.5099e-14	5.32541	0	0	0	0	0	0	0	0	0	0	0	0	0	0	0	0	0	0	0	0	0	0	0	0	0	0	0	0	0	0	0	0	0	
1	1	1	884	26.52		300	0	0	0.0442	-0.0198819	-0.0198819	0	0	0	166.083	1.65325e-07	1.65325e-07	0	0	0	5.15972	2.53678	0	2.62294		300	0.492436	0.0295109	-0.0147554	-0.0147554	0	0	0	0.492436	0	-0.355028	-111.796	0	20.391	20.391	-1.5099e-14	5.32541	0	0	0	0	0	0	0	0	0	0	0	0	0	0	0	0	0	0	0	0	0	0	0	0	0	0	0	0	0	0	0	0	0	
1	1	1	885	26.55		300	0	0	0.04425	-0.0199059	-0.0199059	0	0	0	166.16	1.65327e-07	1.65327e-07	0	0	0	5.16803	2.54133	0	2.62669		300	0.493141	0.029554	-0.014777	-0.014777	0	0	0	0.493141	0	-0.355028	-111.796	0	20.391	20.391	-1.5099e-14	5.32541	0	0	0	0	0	0	0	0	0	0	0	0	0	0	0	0	0	0	0	0	0	0	0	0	0	0	0	0	0	0	0	0	0	
1	1	1	886	26.58		300	0	0	0.0443	-0.0199299	-0.0199299	0	0	0	166.237	1.65328e-07	1.65328e-07	0	0	0	5.17634	2.54589	0	2.63044		300	0.493845	0.0295972	-0.0147986	-0.0147986	0	0	0	0.493845	0	-0.355028	-111.796	0	20.391	20.391	-1.5099e-14	5.32541	0	0	0	0	0	0	0	0	0	0	0	0	0	0	0	0	0	0	0	0	0	0	0	0	0	0	0	0	0	0	0	0	0	
1	1	1	887	26.61		300	0	0	0.04435	-0.0199539	-0.0199539	0	0	0	166.314	1.6533e-07	1.6533e-07	0	0	0	5.18465	2.55045	0	2.6342		300	0.49455	0.0296404	-0.0148202	-0.0148202	0	0	0	0.49455	0	-0.355028	-111.796	0	20.391	20.391	-1.5099e-14	5.32541	0	0	0	0	0	0	0	0	0	0	0	0	0	0	0	0	0	0	0	0	0	0	0	0	0	0	0	0	0	0	0	0	0	
1	1	1	888	26.64		300	0	0	0.0444	-0.0199778	-0.0199778	0	0	0	166.391	1.65331e-07	1.65332e-07	0	0	0	5.19297	2.55502	0	2.63795		300	0.495254	0.0296836	-0.0148418	-0.0148418	0	0	0	0.495254	0	-0.355028	-111.796	0	20.391	20.391	-1.5099e-14	5.32541	0	0	0	0	0	0	0	0	0	0	0	0	0	0	0	0	0	0	0	0	0	0	0	0	0	0	0	0	0	0	0	0	0	
1	1	1	889	26.67		300	0	0	0.04445	-0.0200018	-0.0200018	0	0	0	166.468	1.65333e-07	1.65333e-07	0	0	0	5.20129	2.55959	0	2.6417		300	0.495958	0.0297268	-0.0148634	-0.0148634	0	0	0	0.495958	0	-0.355028	-111.796	0	20.391	20.391	-1.5099e-14	5.32541	0	0	0	0	0	0	0	0	0	0	0	0	0	0	0	0	0	0	0	0	0	0	0	0	0	0	0	0	0	0	0	0	0	
1	1	1	890	26.7		300	0	0	0.0445	-0.0200258	-0.0200258	0	0	0	166.545	1.65334e-07	1.65334e-07	0	0	0	5.20961	2.56416	0	2.64545		300	0.496663	0.0297699	-0.014885	-0.014885	0	0	0	0.496663	0	-0.355028	-111.796	0	20.391	20.391	-1.5099e-14	5.32541	0	0	0	0	0	0	0	0	0	0	0	0	0	0	0	0	0	0	0	0	0	0	0	0	0	0	0	0	0	0	0	0	0	
1	1	1	891	26.73		300	0	0	0.04455	-0.0200497	-0.0200497	0	0	0	166.622	1.65336e-07	1.65336e-07	0	0	0	5.21794	2.56874	0	2.6492		300	0.497367	0.0298131	-0.0149066	-0.0149066	0	0	0	0.497367	0	-0.355028	-111.796	0	20.391	20.391	-1.5099e-14	5.32541	0	0	0	0	0	0	0	0	0	0	0	0	0	0	0	0	0	0	0	0	0	0	0	0	0	0	0	0	0	0	0	0	0	
1	1	1	892	26.76		300	0	0	0.0446	-0.0200737	-0.0200737	0	0	0	166.699	1.65337e-07	1.65337e-07	0	0	0	5.22628	2.57332	0	2.65296		300	0.498071	0.0298563	-0.0149282	-0.0149282	0	0	0	0.498071	0	-0.355028	-111.796	0	20.391	20.391	-1.5099e-14	5.32541	0	0	0	0	0	0	0	0	0	0	0	0	0	0	0	0	0	0	0	0	0	0	0	0	0	0	0	0	0	0	0	0	0	
1	1	1	893	26.79		300	0	0	0.04465	-0.0200977	-0.0200977	0	0	0	166.776	1.65338e-07	1.65338e-07	0	0	0	5.23461	2.57791	0	2.65671		300	0.498776	0.0298995	-0.0149497	-0.0149497	0	0	0	0.498776	0	-0.355028	-111.796	0	20.391	20.391	-1.5099e-14	5.32541	0	0	0	0	0	0	0	0	0	0	0	0	0	0	0	0	0	0	0	0	0	0	0	0	0	0	0	0	0	0	0	0	0	
1	1	1	894	26.82		300	0	0	0.0447	-0.0201216	-0.0201216	0	0	0	166.854	1.65339e-07	1.6534e-07	0	0	0	5.24295	2.58249	0	2.66046		300	0.49948	0.0299427	-0.0149713	-0.0149713	0	0	0	0.49948	0	-0.355028	-111.796	0	20.391	20.391	-1.5099e-14	5.32541	0	0	0	0	0	0	0	0	0	0	0	0	0	0	0	0	0	0	0	0	0	0	0	0	0	0	0	0	0	0	0	0	0	
1	1	1	895	26.85		300	0	0	0.04475	-0.0201456	-0.0201456	0	0	0	166.931	1.65341e-07	1.65341e-07	0	0	0	5.2513	2.58709	0	2.66421		300	0.500184	0.0299859	-0.0149929	-0.0149929	0	0	0	0.500184	0	-0.355028	-111.796	0	20.391	20.391	-1.5099e-14	5.32541	0	0	0	0	0	0	0	0	0	0	0	0	0	0	0	0	0	0	0	0	0	0	0	0	0	0	0	0	0	0	0	0	0	
1	1	1	896	26.88		300	0	0	0.0448	-0.0201696	-0.0201696	0	0	0	167.008	1.65342e-07	1.65342e-07	0	0	0	5.25965	2.59168	0	2.66796		300	0.500888	0.030029	-0.0150145	-0.0150145	0	0	0	0.500888	0	-0.355028	-111.796	0	20.391	20.391	-1.5099e-14	5.32541	0	0	0	0	0	0	0	0	0	0	0	0	0	0	0	0	0	0	0	0	0	0	0	0	0	0	0	0	0	0	0	0	0	
1	1	1	897	26.91		300	0	0	0.04485	-0.0201936	-0.0201936	0	0	0	167.085	1.65343e-07	1.65343e-07	0	0	0	5.268	2.59629	0	2.67171		300	0.501593	0.0300722	-0.0150361	-0.0150361	0	0	0	0.501593	0	-0.355028	-111.796	0	20.391	20.391	-1.5099e-14	5.32541	0	0	0	0	0	0	0	0	0	0	0	0	0	0	0	0	0	0	0	0	0	0	0	0	0	0	0	0	0	0	0	0	0	
1	1	1	898	26.94		300	0	0	0.0449	-0.0202175	-0.0202175	0	0	0	167.162	1.65344e-07	1.65344e-07	0	0	0	5.27636	2.60089	0	2.67546		300	0.502297	0.0301154	-0.0150577	-0.0150577	0	0	0	0.502297	0	-0.355028	-111.796	0	20.391	20.391	-1.5099e-14	5.32541	0	0	0	0	0	0	0	0	0	0	0	0	0	0	0	0	0	0	0	0	0	0	0	0	0	0	0	0	0	0	0	0	0	
1	1	1	899	26.97		300	0	0	0.04495	-0.0202415	-0.0202415	0	0	0	167.239	1.65345e-07	1.65345e-07	0	0	0	5.28472	2.6055	0	2.67922		300	0.503001	0.0301586	-0.0150793	-0.0150793	0	0	0	0.503001	0	-0.355028	-111.796	0	20.391	20.391	-1.5099e-14	5.32541	0	0	0	0	0	0	0	0	0	0	0	0	0	0	0	0	0	0	0	0	0	0	0	0	0	0	0	0	0	0	0	0	0	
1	1	1	900	27		300	0	0	0.045	-0.0202655	-0.0202655	0	0	0	167.316	1.65346e-07	1.65346e-07	0	0	0	5.29308	2.61011	0	2.68297		300	0.503705	0.0302018	-0.0151009	-0.0151009	0	0	0	0.503705	0	-0.355028	-111.796	0	20.391	20.391	-1.5099e-14	5.32541	0	0	0	0	0	0	0	0	0	0	0	0	0	0	0	0	0	0	0	0	0	0	0	0	0	0	0	0	0	0	0	0	0	
1	1	1	901	27.03		300	0	0	0.04505	-0.0202894	-0.0202894	0	0	0	167.393	1.65347e-07	1.65347e-07	0	0	0	5.30145	2.61473	0	2.68672		300	0.504409	0.0302449	-0.0151225	-0.0151225	0	0	0	0.504409	0	-0.355028	-111.796	0	20.391	20.391	-1.5099e-14	5.32541	0	0	0	0	0	0	0	0	0	0	0	0	0	0	0	0	0	0	0	0	0	0	0	0	0	0	0	0	0	0	0	0	0	
1	1	1	902	27.06		300	0	0	0.0451	-0.0203134	-0.0203134	0	0	0	167.47	1.65348e-07	1.65348e-07	0	0	0	5.30982	2.61935	0	2.69047		300	0.505113	0.0302881	-0.0151441	-0.0151441	0	0	0	0.505113	0	-0.355028	-111.796	0	20.391	20.391	-1.5099e-14	5.32541	0	0	0	0	0	0	0	0	0	0	0	0	0	0	0	0	0	0	0	0	0	0	0	0	0	0	0	0	0	0	0	0	0	
1	1	1	903	27.09		300	0	0	0.04515	-0.0203374	-0.0203374	0	0	0	167.547	1.65349e-07	1.65349e-07	0	0	0	5.31819	2.62398	0	2.69422		300	0.505817	0.0303313	-0.0151657	-0.0151657	0	0	0	0.505817	0	-0.355028	-111.796	0	20.391	20.391	-1.5099e-14	5.32541	0	0	0	0	0	0	0	0	0	0	0	0	0	0	0	0	0	0	0	0	0	0	0	0	0	0	0	0	0	0	0	0	0	
1	1	1	904	27.12		300	0	0	0.0452	-0.0203613	-0.0203613	0	0	0	167.625	8.44344e-07	8.44345e-07	0	0	0	5.32657	2.6286	0	2.69797		300	0.506521	0.0303745	-0.0151872	-0.0151872	0	0	0	0.506521	0	-0.355028	-111.796	0	20.391	20.391	-1.5099e-14	5.32541	0	0	0	0	0	0	0	0	0	0	0	0	0	0	0	0	0	0	0	0	0	0	0	0	0	0	0	0	0	0	0	0	0	
1	1	1	905	27.15		300	0	0	0.04525	-0.0203853	-0.0203853	0	0	0	167.702	1.48906e-06	1.48906e-06	0	0	0	5.33496	2.63324	0	2.70172		300	0.507225	0.0304177	-0.0152088	-0.0152088	0	0	0	0.507225	0	-0.355028	-111.796	0	20.391	20.391	-1.5099e-14	5.32541	0	0	0	0	0	0	0	0	0	0	0	0	0	0	0	0	0	0	0	0	0	0	0	0	0	0	0	0	0	0	0	0	0	
1	1	1	906	27.18		300	0	0	0.0453	-0.0204093	-0.0204093	0	0	0	167.779	2.0995e-06	2.0995e-06	0	0	0	5.34334	2.63787	0	2.70547		300	0.507929	0.0304608	-0.0152304	-0.0152304	0	0	0	0.507929	0	-0.355028	-111.796	0	20.391	20.391	-1.5099e-14	5.32541	0	0	0	0	0	0	0	0	0	0	0	0	0	0	0	0	0	0	0	0	0	0	0	0	0	0	0	0	0	0	0	0	0	
1	1	1	907	27.21		300	0	0	0.04535	-0.0204333	-0.0204333	0	0	0	167.856	2.67567e-06	2.67567e-06	0	0	0	5.35173	2.64252	0	2.70922		300	0.508633	0.030504	-0.015252	-0.015252	0	0	0	0.508633	0	-0.355028	-111.796	0	20.391	20.391	-1.5099e-14	5.32541	0	0	0	0	0	0	0	0	0	0	0	0	0	0	0	0	0	0	0	0	0	0	0	0	0	0	0	0	0	0	0	0	0	
1	1	1	908	27.24		300	0	0	0.0454	-0.0204572	-0.0204572	0	0	0	167.933	3.21756e-06	3.21756e-06	0	0	0	5.36013	2.64716	0	2.71297		300	0.509337	0.0305472	-0.0152736	-0.0152736	0	0	0	0.509337	0	-0.355028	-111.796	0	20.391	20.391	-1.5099e-14	5.32541	0	0	0	0	0	0	0	0	0	0	0	0	0	0	0	0	0	0	0	0	0	0	0	0	0	0	0	0	0	0	0	0	0	
1	1	1	909	27.27		300	0	0	0.04545	-0.0204812	-0.0204812	0	0	0	168.01	3.72517e-06	3.72517e-06	0	0	0	5.36853	2.65181	0	2.71672		300	0.510041	0.0305904	-0.0152952	-0.0152952	0	0	0	0.510041	0	-0.355028	-111.796	0	20.391	20.391	-1.5099e-14	5.32541	0	0	0	0	0	0	0	0	0	0	0	0	0	0	0	0	0	0	0	0	0	0	0	0	0	0	0	0	0	0	0	0	0	
1	1	1	910	27.3		300	0	0	0.0455	-0.0205052	-0.0205052	0	0	0	168.087	4.1985e-06	4.1985e-06	0	0	0	5.37693	2.65646	0	2.72047		300	0.510745	0.0306336	-0.0153168	-0.0153168	0	0	0	0.510745	0	-0.355028	-111.796	0	20.391	20.391	-1.5099e-14	5.32541	0	0	0	0	0	0	0	0	0	0	0	0	0	0	0	0	0	0	0	0	0	0	0	0	0	0	0	0	0	0	0	0	0	
1	1	1	911	27.33		300	0	0	0.04555	-0.0205291	-0.0205291	0	0	0	168.164	4.63756e-06	4.63756e-06	0	0	0	5.38534	2.66112	0	2.72422		300	0.511449	0.0306767	-0.0153384	-0.0153384	0	0	0	0.511449	0	-0.355028	-111.796	0	20.391	20.391	-1.5099e-14	5.32541	0	0	0	0	0	0	0	0	0	0	0	0	0	0	0	0	0	0	0	0	0	0	0	0	0	0	0	0	0	0	0	0	0	
1	1	1	912	27.36		300	0	0	0.0456	-0.0205531	-0.0205531	0	0	0	168.242	5.04234e-06	5.04234e-06	0	0	0	5.39375	2.66578	0	2.72797		300	0.512153	0.0307199	-0.01536	-0.01536	0	0	0	0.512153	0	-0.355028	-111.796	0	20.391	20.391	-1.5099e-14	5.32541	0	0	0	0	0	0	0	0	0	0	0	0	0	0	0	0	0	0	0	0	0	0	0	0	0	0	0	0	0	0	0	0	0	
1	1	1	913	27.39		300	0	0	0.04565	-0.0205771	-0.0205771	0	0	0	168.319	5.41283e-06	5.41283e-06	0	0	0	5.40216	2.67044	0	2.73172		300	0.512857	0.0307631	-0.0153815	-0.0153815	0	0	0	0.512857	0	-0.355028	-111.796	0	20.391	20.391	-1.5099e-14	5.32541	0	0	0	0	0	0	0	0	0	0	0	0	0	0	0	0	0	0	0	0	0	0	0	0	0	0	0	0	0	0	0	0	0	
1	1	1	914	27.42		300	0	0	0.0457	-0.020601	-0.020601	0	0	0	168.396	5.74904e-06	5.74904e-06	0	0	0	5.41058	2.67511	0	2.73547		300	0.513561	0.0308063	-0.0154031	-0.0154031	0	0	0	0.513561	0	-0.355028	-111.796	0	20.391	20.391	-1.5099e-14	5.32541	0	0	0	0	0	0	0	0	0	0	0	0	0	0	0	0	0	0	0	0	0	0	0	0	0	0	0	0	0	0	0	0	0	
1	1	1	915	27.45		300	0	0	0.04575	-0.020625	-0.020625	0	0	0	168.473	6.05095e-06	6.05095e-06	0	0	0	5.419	2.67978	0	2.73922		300	0.514264	0.0308494	-0.0154247	-0.0154247	0	0	0	0.514264	0	-0.355028	-111.796	0	20.391	20.391	-1.5099e-14	5.32541	0	0	0	0	0	0	0	0	0	0	0	0	0	0	0	0	0	0	0	0	0	0	0	0	0	0	0	0	0	0	0	0	0	
1	1	1	916	27.48		300	0	0	0.0458	-0.020649	-0.020649	0	0	0	168.55	6.31858e-06	6.31858e-06	0	0	0	5.42743	2.68446	0	2.74296		300	0.514968	0.0308926	-0.0154463	-0.0154463	0	0	0	0.514968	0	-0.355028	-111.796	0	20.391	20.391	-1.5099e-14	5.32541	0	0	0	0	0	0	0	0	0	0	0	0	0	0	0	0	0	0	0	0	0	0	0	0	0	0	0	0	0	0	0	0	0	
1	1	1	917	27.51		300	0	0	0.04585	-0.020673	-0.020673	0	0	0	168.627	6.5519e-06	6.5519e-06	0	0	0	5.43586	2.68914	0	2.74671		300	0.515672	0.0309358	-0.0154679	-0.0154679	0	0	0	0.515672	0	-0.355028	-111.796	0	20.391	20.391	-1.5099e-14	5.32541	0	0	0	0	0	0	0	0	0	0	0	0	0	0	0	0	0	0	0	0	0	0	0	0	0	0	0	0	0	0	0	0	0	
1	1	1	918	27.54		300	0	0	0.0459	-0.0206969	-0.0206969	0	0	0	168.704	6.75092e-06	6.75092e-06	0	0	0	5.44429	2.69383	0	2.75046		300	0.516376	0.030979	-0.0154895	-0.0154895	0	0	0	0.516376	0	-0.355028	-111.796	0	20.391	20.391	-1.5099e-14	5.32541	0	0	0	0	0	0	0	0	0	0	0	0	0	0	0	0	0	0	0	0	0	0	0	0	0	0	0	0	0	0	0	0	0	
1	1	1	919	27.57		300	0	0	0.04595	-0.0207209	-0.0207209	0	0	0	168.782	6.91563e-06	6.91563e-06	0	0	0	5.45273	2.69852	0	2.75421		300	0.517079	0.0310221	-0.0155111	-0.0155111	0	0	0	0.517079	0	-0.355028	-111.796	0	20.391	20.391	-1.5099e-14	5.32541	0	0	0	0	0	0	0	0	0	0	0	0	0	0	0	0	0	0	0	0	0	0	0	0	0	0	0	0	0	0	0	0	0	
1	1	1	920	27.6		300	0	0	0.046	-0.0207449	-0.0207449	0	0	0	168.859	7.04601e-06	7.04601e-06	0	0	0	5.46117	2.70321	0	2.75796		300	0.517783	0.0310653	-0.0155327	-0.0155327	0	0	0	0.517783	0	-0.355028	-111.796	0	20.391	20.391	-1.5099e-14	5.32541	0	0	0	0	0	0	0	0	0	0	0	0	0	0	0	0	0	0	0	0	0	0	0	0	0	0	0	0	0	0	0	0	0	
1	1	1	921	27.63		300	0	0	0.04605	-0.0207688	-0.0207688	0	0	0	168.936	7.14208e-06	7.14208e-06	0	0	0	5.46961	2.7079	0	2.76171		300	0.518487	0.0311085	-0.0155542	-0.0155542	0	0	0	0.518487	0	-0.355028	-111.796	0	20.391	20.391	-1.5099e-14	5.32541	0	0	0	0	0	0	0	0	0	0	0	0	0	0	0	0	0	0	0	0	0	0	0	0	0	0	0	0	0	0	0	0	0	
1	1	1	922	27.66		300	0	0	0.0461	-0.0207928	-0.0207928	0	0	0	169.013	7.20381e-06	7.20381e-06	0	0	0	5.47806	2.71261	0	2.76546		300	0.51919	0.0311517	-0.0155758	-0.0155758	0	0	0	0.51919	0	-0.355028	-111.796	0	20.391	20.391	-1.5099e-14	5.32541	0	0	0	0	0	0	0	0	0	0	0	0	0	0	0	0	0	0	0	0	0	0	0	0	0	0	0	0	0	0	0	0	0	
1	1	1	923	27.69		300	0	0	0.04615	-0.0208168	-0.0208168	0	0	0	169.09	7.2312e-06	7.2312e-06	0	0	0	5.48651	2.71731	0	2.7692		300	0.519894	0.0311948	-0.0155974	-0.0155974	0	0	0	0.519894	0	-0.355028	-111.796	0	20.391	20.391	-1.5099e-14	5.32541	0	0	0	0	0	0	0	0	0	0	0	0	0	0	0	0	0	0	0	0	0	0	0	0	0	0	0	0	0	0	0	0	0	
1	1	1	924	27.72		300	0	0	0.0462	-0.0208407	-0.0208407	0	0	0	169.168	7.22423e-06	7.22423e-06	0	0	0	5.49497	2.72202	0	2.77295		300	0.520597	0.031238	-0.015619	-0.015619	0	0	0	0.520597	0	-0.355028	-111.796	0	20.391	20.391	-1.5099e-14	5.32541	0	0	0	0	0	0	0	0	0	0	0	0	0	0	0	0	0	0	0	0	0	0	0	0	0	0	0	0	0	0	0	0	0	
1	1	1	925	27.75		300	0	0	0.04625	-0.0208647	-0.0208647	0	0	0	169.245	7.18291e-06	7.18291e-06	0	0	0	5.50343	2.72673	0	2.7767		300	0.521301	0.0312812	-0.0156406	-0.0156406	0	0	0	0.521301	0	-0.355028	-111.796	0	20.391	20.391	-1.5099e-14	5.32541	0	0	0	0	0	0	0	0	0	0	0	0	0	0	0	0	0	0	0	0	0	0	0	0	0	0	0	0	0	0	0	0	0	
1	1	1	926	27.78		300	0	0	0.0463	-0.0208887	-0.0208887	0	0	0	169.322	7.10721e-06	7.10721e-06	0	0	0	5.51189	2.73145	0	2.78045		300	0.522004	0.0313244	-0.0156622	-0.0156622	0	0	0	0.522004	0	-0.355028	-111.796	0	20.391	20.391	-1.5099e-14	5.32541	0	0	0	0	0	0	0	0	0	0	0	0	0	0	0	0	0	0	0	0	0	0	0	0	0	0	0	0	0	0	0	0	0	
1	1	1	927	27.81		300	0	0	0.04635	-0.0209126	-0.0209126	0	0	0	169.399	6.99714e-06	6.99714e-06	0	0	0	5.52036	2.73617	0	2.78419		300	0.522708	0.0313675	-0.0156838	-0.0156838	0	0	0	0.522708	0	-0.355028	-111.796	0	20.391	20.391	-1.5099e-14	5.32541	0	0	0	0	0	0	0	0	0	0	0	0	0	0	0	0	0	0	0	0	0	0	0	0	0	0	0	0	0	0	0	0	0	
1	1	1	928	27.84		300	0	0	0.0464	-0.0209366	-0.0209366	0	0	0	169.476	6.85267e-06	6.85267e-06	0	0	0	5.52883	2.74089	0	2.78794		300	0.523411	0.0314107	-0.0157053	-0.0157053	0	0	0	0.523411	0	-0.355028	-111.796	0	20.391	20.391	-1.5099e-14	5.32541	0	0	0	0	0	0	0	0	0	0	0	0	0	0	0	0	0	0	0	0	0	0	0	0	0	0	0	0	0	0	0	0	0	
1	1	1	929	27.87		300	0	0	0.04645	-0.0209606	-0.0209606	0	0	0	169.554	6.67379e-06	6.67379e-06	0	0	0	5.53731	2.74562	0	2.79169		300	0.524115	0.0314539	-0.0157269	-0.0157269	0	0	0	0.524115	0	-0.355028	-111.796	0	20.391	20.391	-1.5099e-14	5.32541	0	0	0	0	0	0	0	0	0	0	0	0	0	0	0	0	0	0	0	0	0	0	0	0	0	0	0	0	0	0	0	0	0	
1	1	1	930	27.9		300	0	0	0.0465	-0.0209846	-0.0209846	0	0	0	169.631	6.4605e-06	6.4605e-06	0	0	0	5.54579	2.75035	0	2.79543		300	0.524818	0.031497	-0.0157485	-0.0157485	0	0	0	0.524818	0	-0.355028	-111.796	0	20.391	20.391	-1.5099e-14	5.32541	0	0	0	0	0	0	0	0	0	0	0	0	0	0	0	0	0	0	0	0	0	0	0	0	0	0	0	0	0	0	0	0	0	
1	1	1	931	27.93		300	0	0	0.04655	-0.0210085	-0.0210085	0	0	0	169.708	6.21277e-06	6.21277e-06	0	0	0	5.55427	2.75509	0	2.79918		300	0.525521	0.0315402	-0.0157701	-0.0157701	0	0	0	0.525521	0	-0.355028	-111.796	0	20.391	20.391	-1.5099e-14	5.32541	0	0	0	0	0	0	0	0	0	0	0	0	0	0	0	0	0	0	0	0	0	0	0	0	0	0	0	0	0	0	0	0	0	
1	1	1	932	27.96		300	0	0	0.0466	-0.0210325	-0.0210325	0	0	0	169.785	5.9306e-06	5.9306e-06	0	0	0	5.56276	2.75983	0	2.80293		300	0.526225	0.0315834	-0.0157917	-0.0157917	0	0	0	0.526225	0	-0.355028	-111.796	0	20.391	20.391	-1.5099e-14	5.32541	0	0	0	0	0	0	0	0	0	0	0	0	0	0	0	0	0	0	0	0	0	0	0	0	0	0	0	0	0	0	0	0	0	
1	1	1	933	27.99		300	0	0	0.04665	-0.0210565	-0.0210565	0	0	0	169.863	5.61397e-06	5.61397e-06	0	0	0	5.57125	2.76458	0	2.80667		300	0.526928	0.0316265	-0.0158133	-0.0158133	0	0	0	0.526928	0	-0.355028	-111.796	0	20.391	20.391	-1.5099e-14	5.32541	0	0	0	0	0	0	0	0	0	0	0	0	0	0	0	0	0	0	0	0	0	0	0	0	0	0	0	0	0	0	0	0	0	
1	1	1	934	28.02		300	0	0	0.0467	-0.0210804	-0.0210804	0	0	0	169.94	5.26286e-06	5.26286e-06	0	0	0	5.57975	2.76933	0	2.81042		300	0.527631	0.0316697	-0.0158348	-0.0158348	0	0	0	0.527631	0	-0.355028	-111.796	0	20.391	20.391	-1.5099e-14	5.32541	0	0	0	0	0	0	0	0	0	0	0	0	0	0	0	0	0	0	0	0	0	0	0	0	0	0	0	0	0	0	0	0	0	
1	1	1	935	28.05		300	0	0	0.04675	-0.0211044	-0.0211044	0	0	0	170.017	4.87726e-06	4.87726e-06	0	0	0	5.58824	2.77408	0	2.81417		300	0.528335	0.0317129	-0.0158564	-0.0158564	0	0	0	0.528335	0	-0.355028	-111.796	0	20.391	20.391	-1.5099e-14	5.32541	0	0	0	0	0	0	0	0	0	0	0	0	0	0	0	0	0	0	0	0	0	0	0	0	0	0	0	0	0	0	0	0	0	
1	1	1	936	28.08		300	0	0	0.0468	-0.0211284	-0.0211284	0	0	0	170.095	4.45716e-06	4.45716e-06	0	0	0	5.59675	2.77883	0	2.81791		300	0.529038	0.031756	-0.015878	-0.015878	0	0	0	0.529038	0	-0.355028	-111.796	0	20.391	20.391	-1.5099e-14	5.32541	0	0	0	0	0	0	0	0	0	0	0	0	0	0	0	0	0	0	0	0	0	0	0	0	0	0	0	0	0	0	0	0	0	
1	1	1	937	28.11		300	0	0	0.04685	-0.0211523	-0.0211523	0	0	0	170.172	4.00253e-06	4.00253e-06	0	0	0	5.60525	2.7836	0	2.82166		300	0.529741	0.0317992	-0.0158996	-0.0158996	0	0	0	0.529741	0	-0.355028	-111.796	0	20.391	20.391	-1.5099e-14	5.32541	0	0	0	0	0	0	0	0	0	0	0	0	0	0	0	0	0	0	0	0	0	0	0	0	0	0	0	0	0	0	0	0	0	
1	1	1	938	28.14		300	0	0	0.0469	-0.0211763	-0.0211763	0	0	0	170.249	3.51335e-06	3.51335e-06	0	0	0	5.61376	2.78836	0	2.8254		300	0.530444	0.0318424	-0.0159212	-0.0159212	0	0	0	0.530444	0	-0.355028	-111.796	0	20.391	20.391	-1.5099e-14	5.32541	0	0	0	0	0	0	0	0	0	0	0	0	0	0	0	0	0	0	0	0	0	0	0	0	0	0	0	0	0	0	0	0	0	
1	1	1	939	28.17		300	0	0	0.04695	-0.0212003	-0.0212003	0	0	0	170.326	2.98962e-06	2.98962e-06	0	0	0	5.62228	2.79313	0	2.82915		300	0.531147	0.0318855	-0.0159428	-0.0159428	0	0	0	0.531147	0	-0.355028	-111.796	0	20.391	20.391	-1.5099e-14	5.32541	0	0	0	0	0	0	0	0	0	0	0	0	0	0	0	0	0	0	0	0	0	0	0	0	0	0	0	0	0	0	0	0	0	
1	1	1	940	28.2		300	0	0	0.047	-0.0212242	-0.0212242	0	0	0	170.404	2.43131e-06	2.43131e-06	0	0	0	5.6308	2.7979	0	2.8329		300	0.53185	0.0319287	-0.0159643	-0.0159643	0	0	0	0.53185	0	-0.355028	-111.796	0	20.391	20.391	-1.5099e-14	5.32541	0	0	0	0	0	0	0	0	0	0	0	0	0	0	0	0	0	0	0	0	0	0	0	0	0	0	0	0	0	0	0	0	0	
1	1	1	941	28.23		300	0	0	0.04705	-0.0212482	-0.0212482	0	0	0	170.481	1.83841e-06	1.83841e-06	0	0	0	5.63932	2.80268	0	2.83664		300	0.532553	0.0319718	-0.0159859	-0.0159859	0	0	0	0.532553	0	-0.355028	-111.796	0	20.391	20.391	-1.5099e-14	5.32541	0	0	0	0	0	0	0	0	0	0	0	0	0	0	0	0	0	0	0	0	0	0	0	0	0	0	0	0	0	0	0	0	0	
1	1	1	942	28.26		300	0	0	0.0471	-0.0212722	-0.0212722	0	0	0	170.558	1.21088e-06	1.21088e-06	0	0	0	5.64785	2.80746	0	2.84039		300	0.533256	0.032015	-0.0160075	-0.0160075	0	0	0	0.533256	0	-0.355028	-111.796	0	20.391	20.391	-1.5099e-14	5.32541	0	0	0	0	0	0	0	0	0	0	0	0	0	0	0	0	0	0	0	0	0	0	0	0	0	0	0	0	0	0	0	0	0	
1	1	1	943	28.29		300	0	0	0.04715	-0.0212961	-0.0212961	0	0	0	170.636	5.48719e-07	5.48719e-07	0	0	0	5.65638	2.81225	0	2.84413		300	0.533959	0.0320582	-0.0160291	-0.0160291	0	0	0	0.533959	0	-0.355028	-111.796	0	20.391	20.391	-1.5099e-14	5.32541	0	0	0	0	0	0	0	0	0	0	0	0	0	0	0	0	0	0	0	0	0	0	0	0	0	0	0	0	0	0	0	0	0	
1	1	1	944	28.32		300	0	0	0.0472	-0.0213201	-0.0213201	0	0	0	170.713	-1.48104e-07	-1.48104e-07	0	0	0	5.66491	2.81703	0	2.84788		300	0.534662	0.0321013	-0.0160507	-0.0160507	0	0	0	0.534662	0	-0.355028	-111.796	0	20.391	20.391	-1.5099e-14	5.32541	0	0	0	0	0	0	0	0	0	0	0	0	0	0	0	0	0	0	0	0	0	0	0	0	0	0	0	0	0	0	0	0	0	
1	1	1	945	28.35		300	0	0	0.04725	-0.0213441	-0.0213441	0	0	0	170.791	-1.48105e-07	-1.48105e-07	0	0	0	5.67345	2.82183	0	2.85162		300	0.535365	0.0321445	-0.0160722	-0.0160722	0	0	0	0.535365	0	-0.355028	-111.796	0	20.391	20.391	-1.5099e-14	5.32541	0	0	0	0	0	0	0	0	0	0	0	0	0	0	0	0	0	0	0	0	0	0	0	0	0	0	0	0	0	0	0	0	0	
1	1	1	946	28.38		300	0	0	0.0473	-0.021368	-0.021368	0	0	0	170.868	-1.48106e-07	-1.48106e-07	0	0	0	5.68199	2.82662	0	2.85536		300	0.536068	0.0321876	-0.0160938	-0.0160938	0	0	0	0.536068	0	-0.355028	-111.796	0	20.391	20.391	-1.5099e-14	5.32541	0	0	0	0	0	0	0	0	0	0	0	0	0	0	0	0	0	0	0	0	0	0	0	0	0	0	0	0	0	0	0	0	0	
1	1	1	947	28.41		300	0	0	0.04735	-0.021392	-0.021392	0	0	0	170.945	-1.48107e-07	-1.48107e-07	0	0	0	5.69053	2.83143	0	2.85911		300	0.536771	0.0322308	-0.0161154	-0.0161154	0	0	0	0.536771	0	-0.355028	-111.796	0	20.391	20.391	-1.5099e-14	5.32541	0	0	0	0	0	0	0	0	0	0	0	0	0	0	0	0	0	0	0	0	0	0	0	0	0	0	0	0	0	0	0	0	0	
1	1	1	948	28.44		300	0	0	0.0474	-0.021416	-0.021416	0	0	0	171.023	-1.48108e-07	-1.48107e-07	0	0	0	5.69908	2.83623	0	2.86285		300	0.537474	0.0322739	-0.016137	-0.016137	0	0	0	0.537474	0	-0.355028	-111.796	0	20.391	20.391	-1.5099e-14	5.32541	0	0	0	0	0	0	0	0	0	0	0	0	0	0	0	0	0	0	0	0	0	0	0	0	0	0	0	0	0	0	0	0	0	
1	1	1	949	28.47		300	0	0	0.04745	-0.0214399	-0.0214399	0	0	0	171.1	-1.48109e-07	-1.48108e-07	0	0	0	5.70764	2.84104	0	2.8666		300	0.538177	0.0323171	-0.0161585	-0.0161585	0	0	0	0.538177	0	-0.355028	-111.796	0	20.391	20.391	-1.5099e-14	5.32541	0	0	0	0	0	0	0	0	0	0	0	0	0	0	0	0	0	0	0	0	0	0	0	0	0	0	0	0	0	0	0	0	0	
1	1	1	950	28.5		300	0	0	0.0475	-0.0214639	-0.0214639	0	0	0	171.178	-1.4811e-07	-1.48109e-07	0	0	0	5.71619	2.84585	0	2.87034		300	0.538879	0.0323602	-0.0161801	-0.0161801	0	0	0	0.538879	0	-0.355028	-111.796	0	20.391	20.391	-1.5099e-14	5.32541	0	0	0	0	0	0	0	0	0	0	0	0	0	0	0	0	0	0	0	0	0	0	0	0	0	0	0	0	0	0	0	0	0	
1	1	1	951	28.53		300	0	0	0.04755	-0.0214879	-0.0214879	0	0	0	171.255	-1.48111e-07	-1.4811e-07	0	0	0	5.72475	2.85067	0	2.87408		300	0.539582	0.0324034	-0.0162017	-0.0162017	0	0	0	0.539582	0	-0.355028	-111.796	0	20.391	20.391	-1.5099e-14	5.32541	0	0	0	0	0	0	0	0	0	0	0	0	0	0	0	0	0	0	0	0	0	0	0	0	0	0	0	0	0	0	0	0	0	
1	1	1	952	28.56		300	0	0	0.0476	-0.0215118	-0.0215118	0	0	0	171.332	-1.48112e-07	-1.48112e-07	0	0	0	5.73332	2.85549	0	2.87783		300	0.540285	0.0324465	-0.0162233	-0.0162233	0	0	0	0.540285	0	-0.355028	-111.796	0	20.391	20.391	-1.5099e-14	5.32541	0	0	0	0	0	0	0	0	0	0	0	0	0	0	0	0	0	0	0	0	0	0	0	0	0	0	0	0	0	0	0	0	0	
1	1	1	953	28.59		300	0	0	0.04765	-0.0215358	-0.0215358	0	0	0	171.41	-1.48113e-07	-1.48113e-07	0	0	0	5.74189	2.86032	0	2.88157		300	0.540987	0.0324897	-0.0162448	-0.0162448	0	0	0	0.540987	0	-0.355028	-111.796	0	20.391	20.391	-1.5099e-14	5.32541	0	0	0	0	0	0	0	0	0	0	0	0	0	0	0	0	0	0	0	0	0	0	0	0	0	0	0	0	0	0	0	0	0	
1	1	1	954	28.62		300	0	0	0.0477	-0.0215598	-0.0215598	0	0	0	171.487	-1.48114e-07	-1.48114e-07	0	0	0	5.75046	2.86515	0	2.88531		300	0.54169	0.0325328	-0.0162664	-0.0162664	0	0	0	0.54169	0	-0.355028	-111.796	0	20.391	20.391	-1.5099e-14	5.32541	0	0	0	0	0	0	0	0	0	0	0	0	0	0	0	0	0	0	0	0	0	0	0	0	0	0	0	0	0	0	0	0	0	
1	1	1	955	28.65		300	0	0	0.04775	-0.0215837	-0.0215837	0	0	0	171.565	-1.48115e-07	-1.48115e-07	0	0	0	5.75904	2.86998	0	2.88906		300	0.542393	0.032576	-0.016288	-0.016288	0	0	0	0.542393	0	-0.355028	-111.796	0	20.391	20.391	-1.5099e-14	5.32541	0	0	0	0	0	0	0	0	0	0	0	0	0	0	0	0	0	0	0	0	0	0	0	0	0	0	0	0	0	0	0	0	0	
1	1	1	956	28.68		300	0	0	0.0478	-0.0216077	-0.0216077	0	0	0	171.642	-1.48116e-07	-1.48116e-07	0	0	0	5.76762	2.87482	0	2.8928		300	0.543095	0.0326191	-0.0163096	-0.0163096	0	0	0	0.543095	0	-0.355028	-111.796	0	20.391	20.391	-1.5099e-14	5.32541	0	0	0	0	0	0	0	0	0	0	0	0	0	0	0	0	0	0	0	0	0	0	0	0	0	0	0	0	0	0	0	0	0	
1	1	1	957	28.71		300	0	0	0.04785	-0.0216317	-0.0216317	0	0	0	171.72	-1.48118e-07	-1.48117e-07	0	0	0	5.7762	2.87966	0	2.89654		300	0.543798	0.0326623	-0.0163311	-0.0163311	0	0	0	0.543798	0	-0.355028	-111.796	0	20.391	20.391	-1.5099e-14	5.32541	0	0	0	0	0	0	0	0	0	0	0	0	0	0	0	0	0	0	0	0	0	0	0	0	0	0	0	0	0	0	0	0	0	
1	1	1	958	28.74		300	0	0	0.0479	-0.0216556	-0.0216556	0	0	0	171.797	-1.48119e-07	-1.48119e-07	0	0	0	5.78479	2.88451	0	2.90028		300	0.5445	0.0327054	-0.0163527	-0.0163527	0	0	0	0.5445	0	-0.355028	-111.796	0	20.391	20.391	-1.5099e-14	5.32541	0	0	0	0	0	0	0	0	0	0	0	0	0	0	0	0	0	0	0	0	0	0	0	0	0	0	0	0	0	0	0	0	0	
1	1	1	959	28.77		300	0	0	0.04795	-0.0216796	-0.0216796	0	0	0	171.875	-1.4812e-07	-1.4812e-07	0	0	0	5.79338	2.88936	0	2.90402		300	0.545203	0.0327485	-0.0163743	-0.0163743	0	0	0	0.545203	0	-0.355028	-111.796	0	20.391	20.391	-1.5099e-14	5.32541	0	0	0	0	0	0	0	0	0	0	0	0	0	0	0	0	0	0	0	0	0	0	0	0	0	0	0	0	0	0	0	0	0	
1	1	1	960	28.8		300	0	0	0.048	-0.0217035	-0.0217035	0	0	0	171.953	-1.48122e-07	-1.48121e-07	0	0	0	5.80198	2.89421	0	2.90777		300	0.545905	0.0327917	-0.0163958	-0.0163958	0	0	0	0.545905	0	-0.355028	-111.796	0	20.391	20.391	-1.5099e-14	5.32541	0	0	0	0	0	0	0	0	0	0	0	0	0	0	0	0	0	0	0	0	0	0	0	0	0	0	0	0	0	0	0	0	0	
1	1	1	961	28.83		300	0	0	0.04805	-0.0217275	-0.0217275	0	0	0	172.03	-1.48123e-07	-1.48123e-07	0	0	0	5.81057	2.89907	0	2.91151		300	0.546607	0.0328348	-0.0164174	-0.0164174	0	0	0	0.546607	0	-0.355028	-111.796	0	20.391	20.391	-1.5099e-14	5.32541	0	0	0	0	0	0	0	0	0	0	0	0	0	0	0	0	0	0	0	0	0	0	0	0	0	0	0	0	0	0	0	0	0	
1	1	1	962	28.86		300	0	0	0.0481	-0.0217515	-0.0217515	0	0	0	172.108	-1.48124e-07	-1.48124e-07	0	0	0	5.81918	2.90393	0	2.91525		300	0.54731	0.032878	-0.016439	-0.016439	0	0	0	0.54731	0	-0.355028	-111.796	0	20.391	20.391	-1.5099e-14	5.32541	0	0	0	0	0	0	0	0	0	0	0	0	0	0	0	0	0	0	0	0	0	0	0	0	0	0	0	0	0	0	0	0	0	
1	1	1	963	28.89		300	0	0	0.04815	-0.0217754	-0.0217754	0	0	0	172.185	-1.48126e-07	-1.48125e-07	0	0	0	5.82779	2.9088	0	2.91899		300	0.548012	0.0329211	-0.0164606	-0.0164606	0	0	0	0.548012	0	-0.355028	-111.796	0	20.391	20.391	-1.5099e-14	5.32541	0	0	0	0	0	0	0	0	0	0	0	0	0	0	0	0	0	0	0	0	0	0	0	0	0	0	0	0	0	0	0	0	0	
1	1	1	964	28.92		300	0	0	0.0482	-0.0217994	-0.0217994	0	0	0	172.263	-1.48127e-07	-1.48127e-07	0	0	0	5.8364	2.91367	0	2.92273		300	0.548714	0.0329642	-0.0164821	-0.0164821	0	0	0	0.548714	0	-0.355028	-111.796	0	20.391	20.391	-1.5099e-14	5.32541	0	0	0	0	0	0	0	0	0	0	0	0	0	0	0	0	0	0	0	0	0	0	0	0	0	0	0	0	0	0	0	0	0	
1	1	1	965	28.95		300	0	0	0.04825	-0.0218234	-0.0218234	0	0	0	172.341	-1.48129e-07	-1.48128e-07	0	0	0	5.84501	2.91854	0	2.92647		300	0.549416	0.0330074	-0.0165037	-0.0165037	0	0	0	0.549416	0	-0.355028	-111.796	0	20.391	20.391	-1.5099e-14	5.32541	0	0	0	0	0	0	0	0	0	0	0	0	0	0	0	0	0	0	0	0	0	0	0	0	0	0	0	0	0	0	0	0	0	
1	1	1	966	28.98		300	0	0	0.0483	-0.0218473	-0.0218473	0	0	0	172.418	-1.4813e-07	-1.4813e-07	0	0	0	5.85363	2.92342	0	2.93021		300	0.550119	0.0330505	-0.0165253	-0.0165253	0	0	0	0.550119	0	-0.355028	-111.796	0	20.391	20.391	-1.5099e-14	5.32541	0	0	0	0	0	0	0	0	0	0	0	0	0	0	0	0	0	0	0	0	0	0	0	0	0	0	0	0	0	0	0	0	0	
1	1	1	967	29.01		300	0	0	0.04835	-0.0218713	-0.0218713	0	0	0	172.496	-1.48132e-07	-1.48132e-07	0	0	0	5.86225	2.9283	0	2.93395		300	0.550821	0.0330936	-0.0165468	-0.0165468	0	0	0	0.550821	0	-0.355028	-111.796	0	20.391	20.391	-1.5099e-14	5.32541	0	0	0	0	0	0	0	0	0	0	0	0	0	0	0	0	0	0	0	0	0	0	0	0	0	0	0	0	0	0	0	0	0	
1	1	1	968	29.04		300	0	0	0.0484	-0.0218953	-0.0218953	0	0	0	172.574	-1.48133e-07	-1.48133e-07	0	0	0	5.87088	2.93319	0	2.93769		300	0.551523	0.0331368	-0.0165684	-0.0165684	0	0	0	0.551523	0	-0.355028	-111.796	0	20.391	20.391	-1.5099e-14	5.32541	0	0	0	0	0	0	0	0	0	0	0	0	0	0	0	0	0	0	0	0	0	0	0	0	0	0	0	0	0	0	0	0	0	
1	1	1	969	29.07		300	0	0	0.04845	-0.0219192	-0.0219192	0	0	0	172.651	-1.48135e-07	-1.48135e-07	0	0	0	5.87951	2.93808	0	2.94143		300	0.552225	0.0331799	-0.0165899	-0.0165899	0	0	0	0.552225	0	-0.355028	-111.796	0	20.391	20.391	-1.5099e-14	5.32541	0	0	0	0	0	0	0	0	0	0	0	0	0	0	0	0	0	0	0	0	0	0	0	0	0	0	0	0	0	0	0	0	0	
1	1	1	970	29.1		300	0	0	0.0485	-0.0219432	-0.0219432	0	0	0	172.729	-1.48137e-07	-1.48137e-07	0	0	0	5.88815	2.94297	0	2.94517		300	0.552927	0.033223	-0.0166115	-0.0166115	0	0	0	0.552927	0	-0.355028	-111.796	0	20.391	20.391	-1.5099e-14	5.32541	0	0	0	0	0	0	0	0	0	0	0	0	0	0	0	0	0	0	0	0	0	0	0	0	0	0	0	0	0	0	0	0	0	
1	1	1	971	29.13		300	0	0	0.04855	-0.0219671	-0.0219671	0	0	0	172.807	-1.48138e-07	-1.48138e-07	0	0	0	5.89678	2.94787	0	2.94891		300	0.553629	0.0332662	-0.0166331	-0.0166331	0	0	0	0.553629	0	-0.355028	-111.796	0	20.391	20.391	-1.5099e-14	5.32541	0	0	0	0	0	0	0	0	0	0	0	0	0	0	0	0	0	0	0	0	0	0	0	0	0	0	0	0	0	0	0	0	0	
1	1	1	972	29.16		300	0	0	0.0486	-0.0219911	-0.0219911	0	0	0	172.884	-1.4814e-07	-1.4814e-07	0	0	0	5.90543	2.95277	0	2.95265		300	0.554331	0.0333093	-0.0166546	-0.0166546	0	0	0	0.554331	0	-0.355028	-111.796	0	20.391	20.391	-1.5099e-14	5.32541	0	0	0	0	0	0	0	0	0	0	0	0	0	0	0	0	0	0	0	0	0	0	0	0	0	0	0	0	0	0	0	0	0	
1	1	1	973	29.19		300	0	0	0.04865	-0.0220151	-0.0220151	0	0	0	172.962	-1.48142e-07	-1.48142e-07	0	0	0	5.91407	2.95768	0	2.95639		300	0.555033	0.0333524	-0.0166762	-0.0166762	0	0	0	0.555033	0	-0.355028	-111.796	0	20.391	20.391	-1.5099e-14	5.32541	0	0	0	0	0	0	0	0	0	0	0	0	0	0	0	0	0	0	0	0	0	0	0	0	0	0	0	0	0	0	0	0	0	
1	1	1	974	29.22		300	0	0	0.0487	-0.022039	-0.022039	0	0	0	173.04	-1.48144e-07	-1.48144e-07	0	0	0	5.92272	2.96259	0	2.96013		300	0.555735	0.0333955	-0.0166978	-0.0166978	0	0	0	0.555735	0	-0.355028	-111.796	0	20.391	20.391	-1.5099e-14	5.32541	0	0	0	0	0	0	0	0	0	0	0	0	0	0	0	0	0	0	0	0	0	0	0	0	0	0	0	0	0	0	0	0	0	
1	1	1	975	29.25		300	0	0	0.04875	-0.022063	-0.022063	0	0	0	173.118	-1.48146e-07	-1.48146e-07	0	0	0	5.93138	2.96751	0	2.96387		300	0.556437	0.0334386	-0.0167193	-0.0167193	0	0	0	0.556437	0	-0.355028	-111.796	0	20.391	20.391	-1.5099e-14	5.32541	0	0	0	0	0	0	0	0	0	0	0	0	0	0	0	0	0	0	0	0	0	0	0	0	0	0	0	0	0	0	0	0	0	
1	1	1	976	29.28		300	0	0	0.0488	-0.0220869	-0.0220869	0	0	0	173.195	-1.48148e-07	-1.48148e-07	0	0	0	5.94003	2.97243	0	2.96761		300	0.557138	0.0334818	-0.0167409	-0.0167409	0	0	0	0.557138	0	-0.355028	-111.796	0	20.391	20.391	-1.5099e-14	5.32541	0	0	0	0	0	0	0	0	0	0	0	0	0	0	0	0	0	0	0	0	0	0	0	0	0	0	0	0	0	0	0	0	0	
1	1	1	977	29.31		300	0	0	0.04885	-0.0221109	-0.0221109	0	0	0	173.273	-1.4815e-07	-1.4815e-07	0	0	0	5.9487	2.97735	0	2.97135		300	0.55784	0.0335249	-0.0167624	-0.0167624	0	0	0	0.55784	0	-0.355028	-111.796	0	20.391	20.391	-1.5099e-14	5.32541	0	0	0	0	0	0	0	0	0	0	0	0	0	0	0	0	0	0	0	0	0	0	0	0	0	0	0	0	0	0	0	0	0	
1	1	1	978	29.34		300	0	0	0.0489	-0.0221349	-0.0221349	0	0	0	173.351	-1.48152e-07	-1.48151e-07	0	0	0	5.95736	2.98228	0	2.97508		300	0.558542	0.033568	-0.016784	-0.016784	0	0	0	0.558542	0	-0.355028	-111.796	0	20.391	20.391	-1.5099e-14	5.32541	0	0	0	0	0	0	0	0	0	0	0	0	0	0	0	0	0	0	0	0	0	0	0	0	0	0	0	0	0	0	0	0	0	
1	1	1	979	29.37		300	0	0	0.04895	-0.0221588	-0.0221588	0	0	0	173.429	-1.48154e-07	-1.48154e-07	0	0	0	5.96603	2.98721	0	2.97882		300	0.559243	0.0336111	-0.0168056	-0.0168056	0	0	0	0.559243	0	-0.355028	-111.796	0	20.391	20.391	-1.5099e-14	5.32541	0	0	0	0	0	0	0	0	0	0	0	0	0	0	0	0	0	0	0	0	0	0	0	0	0	0	0	0	0	0	0	0	0	
1	1	1	980	29.4		300	0	0	0.049	-0.0221828	-0.0221828	0	0	0	173.507	-1.48156e-07	-1.48156e-07	0	0	0	5.9747	2.99215	0	2.98256		300	0.559945	0.0336542	-0.0168271	-0.0168271	0	0	0	0.559945	0	-0.355028	-111.796	0	20.391	20.391	-1.5099e-14	5.32541	0	0	0	0	0	0	0	0	0	0	0	0	0	0	0	0	0	0	0	0	0	0	0	0	0	0	0	0	0	0	0	0	0	
1	1	1	981	29.43		300	0	0	0.04905	-0.0222067	-0.0222067	0	0	0	173.585	-1.48158e-07	-1.48158e-07	0	0	0	5.98338	2.99709	0	2.9863		300	0.560647	0.0336973	-0.0168487	-0.0168487	0	0	0	0.560647	0	-0.355028	-111.796	0	20.391	20.391	-1.5099e-14	5.32541	0	0	0	0	0	0	0	0	0	0	0	0	0	0	0	0	0	0	0	0	0	0	0	0	0	0	0	0	0	0	0	0	0	
1	1	1	982	29.46		300	0	0	0.0491	-0.0222307	-0.0222307	0	0	0	173.663	-1.4816e-07	-1.4816e-07	0	0	0	5.99206	3.00203	0	2.99003		300	0.561348	0.0337404	-0.0168702	-0.0168702	0	0	0	0.561348	0	-0.355028	-111.796	0	20.391	20.391	-1.5099e-14	5.32541	0	0	0	0	0	0	0	0	0	0	0	0	0	0	0	0	0	0	0	0	0	0	0	0	0	0	0	0	0	0	0	0	0	
1	1	1	983	29.49		300	0	0	0.04915	-0.0222547	-0.0222547	0	0	0	173.74	-1.48162e-07	-1.48162e-07	0	0	0	6.00075	3.00698	0	2.99377		300	0.56205	0.0337836	-0.0168918	-0.0168918	0	0	0	0.56205	0	-0.355028	-111.796	0	20.391	20.391	-1.5099e-14	5.32541	0	0	0	0	0	0	0	0	0	0	0	0	0	0	0	0	0	0	0	0	0	0	0	0	0	0	0	0	0	0	0	0	0	
1	1	1	984	29.52		300	0	0	0.0492	-0.0222786	-0.0222786	0	0	0	173.818	-1.48164e-07	-1.48164e-07	0	0	0	6.00944	3.01193	0	2.99751		300	0.562751	0.0338267	-0.0169133	-0.0169133	0	0	0	0.562751	0	-0.355028	-111.796	0	20.391	20.391	-1.5099e-14	5.32541	0	0	0	0	0	0	0	0	0	0	0	0	0	0	0	0	0	0	0	0	0	0	0	0	0	0	0	0	0	0	0	0	0	
1	1	1	985	29.55		300	0	0	0.04925	-0.0223026	-0.0223026	0	0	0	173.896	-1.48167e-07	-1.48166e-07	0	0	0	6.01813	3.01689	0	3.00124		300	0.563453	0.0338698	-0.0169349	-0.0169349	0	0	0	0.563453	0	-0.355028	-111.796	0	20.391	20.391	-1.5099e-14	5.32541	0	0	0	0	0	0	0	0	0	0	0	0	0	0	0	0	0	0	0	0	0	0	0	0	0	0	0	0	0	0	0	0	0	
1	1	1	986	29.58		300	0	0	0.0493	-0.0223265	-0.0223265	0	0	0	173.974	-1.48169e-07	-1.48169e-07	0	0	0	6.02683	3.02185	0	3.00498		300	0.564154	0.0339129	-0.0169564	-0.0169564	0	0	0	0.564154	0	-0.355028	-111.796	0	20.391	20.391	-1.5099e-14	5.32541	0	0	0	0	0	0	0	0	0	0	0	0	0	0	0	0	0	0	0	0	0	0	0	0	0	0	0	0	0	0	0	0	0	
1	1	1	987	29.61		300	0	0	0.04935	-0.0223505	-0.0223505	0	0	0	174.052	-1.48171e-07	-1.48171e-07	0	0	0	6.03553	3.02681	0	3.00872		300	0.564855	0.033956	-0.016978	-0.016978	0	0	0	0.564855	0	-0.355028	-111.796	0	20.391	20.391	-1.5099e-14	5.32541	0	0	0	0	0	0	0	0	0	0	0	0	0	0	0	0	0	0	0	0	0	0	0	0	0	0	0	0	0	0	0	0	0	
1	1	1	988	29.64		300	0	0	0.0494	-0.0223745	-0.0223745	0	0	0	174.13	-1.48173e-07	-1.48173e-07	0	0	0	6.04423	3.03178	0	3.01245		300	0.565557	0.0339991	-0.0169995	-0.0169995	0	0	0	0.565557	0	-0.355028	-111.796	0	20.391	20.391	-1.5099e-14	5.32541	0	0	0	0	0	0	0	0	0	0	0	0	0	0	0	0	0	0	0	0	0	0	0	0	0	0	0	0	0	0	0	0	0	
1	1	1	989	29.67		300	0	0	0.04945	-0.0223984	-0.0223984	0	0	0	174.208	-1.48176e-07	-1.48176e-07	0	0	0	6.05294	3.03675	0	3.01619		300	0.566258	0.0340422	-0.0170211	-0.0170211	0	0	0	0.566258	0	-0.355028	-111.796	0	20.391	20.391	-1.5099e-14	5.32541	0	0	0	0	0	0	0	0	0	0	0	0	0	0	0	0	0	0	0	0	0	0	0	0	0	0	0	0	0	0	0	0	0	
1	1	1	990	29.7		300	0	0	0.0495	-0.0224224	-0.0224224	0	0	0	174.286	-1.48178e-07	-1.48178e-07	0	0	0	6.06165	3.04173	0	3.01992		300	0.566959	0.0340853	-0.0170426	-0.0170426	0	0	0	0.566959	0	-0.355028	-111.796	0	20.391	20.391	-1.5099e-14	5.32541	0	0	0	0	0	0	0	0	0	0	0	0	0	0	0	0	0	0	0	0	0	0	0	0	0	0	0	0	0	0	0	0	0	
1	1	1	991	29.73		300	0	0	0.04955	-0.0224463	-0.0224463	0	0	0	174.365	-1.48181e-07	-1.4818e-07	0	0	0	6.07037	3.04671	0	3.02366		300	0.56766	0.0341284	-0.0170642	-0.0170642	0	0	0	0.56766	0	-0.355028	-111.796	0	20.391	20.391	-1.5099e-14	5.32541	0	0	0	0	0	0	0	0	0	0	0	0	0	0	0	0	0	0	0	0	0	0	0	0	0	0	0	0	0	0	0	0	0	
1	1	1	992	29.76		300	0	0	0.0496	-0.0224703	-0.0224703	0	0	0	174.443	-1.48183e-07	-1.48183e-07	0	0	0	6.07909	3.0517	0	3.02739		300	0.568361	0.0341715	-0.0170857	-0.0170857	0	0	0	0.568361	0	-0.355028	-111.796	0	20.391	20.391	-1.5099e-14	5.32541	0	0	0	0	0	0	0	0	0	0	0	0	0	0	0	0	0	0	0	0	0	0	0	0	0	0	0	0	0	0	0	0	0	
1	1	1	993	29.79		300	0	0	0.04965	-0.0224942	-0.0224942	0	0	0	174.521	-1.48185e-07	-1.48185e-07	0	0	0	6.08781	3.05669	0	3.03113		300	0.569062	0.0342146	-0.0171073	-0.0171073	0	0	0	0.569062	0	-0.355028	-111.796	0	20.391	20.391	-1.5099e-14	5.32541	0	0	0	0	0	0	0	0	0	0	0	0	0	0	0	0	0	0	0	0	0	0	0	0	0	0	0	0	0	0	0	0	0	
1	1	1	994	29.82		300	0	0	0.0497	-0.0225182	-0.0225182	0	0	0	174.599	-1.48188e-07	-1.48188e-07	0	0	0	6.09654	3.06168	0	3.03486		300	0.569763	0.0342576	-0.0171288	-0.0171288	0	0	0	0.569763	0	-0.355028	-111.796	0	20.391	20.391	-1.5099e-14	5.32541	0	0	0	0	0	0	0	0	0	0	0	0	0	0	0	0	0	0	0	0	0	0	0	0	0	0	0	0	0	0	0	0	0	
1	1	1	995	29.85		300	0	0	0.04975	-0.0225422	-0.0225422	0	0	0	174.677	-1.48191e-07	-1.4819e-07	0	0	0	6.10527	3.06668	0	3.0386		300	0.570464	0.0343007	-0.0171504	-0.0171504	0	0	0	0.570464	0	-0.355028	-111.796	0	20.391	20.391	-1.5099e-14	5.32541	0	0	0	0	0	0	0	0	0	0	0	0	0	0	0	0	0	0	0	0	0	0	0	0	0	0	0	0	0	0	0	0	0	
1	1	1	996	29.88		300	0	0	0.0498	-0.0225661	-0.0225661	0	0	0	174.755	-1.48193e-07	-1.48193e-07	0	0	0	6.11401	3.07168	0	3.04233		300	0.571165	0.0343438	-0.0171719	-0.0171719	0	0	0	0.571165	0	-0.355028	-111.796	0	20.391	20.391	-1.5099e-14	5.32541	0	0	0	0	0	0	0	0	0	0	0	0	0	0	0	0	0	0	0	0	0	0	0	0	0	0	0	0	0	0	0	0	0	
1	1	1	997	29.91		300	0	0	0.04985	-0.0225901	-0.0225901	0	0	0	174.833	-1.48196e-07	-1.48196e-07	0	0	0	6.12275	3.07668	0	3.04606		300	0.571866	0.0343869	-0.0171935	-0.0171935	0	0	0	0.571866	0	-0.355028	-111.796	0	20.391	20.391	-1.5099e-14	5.32541	0	0	0	0	0	0	0	0	0	0	0	0	0	0	0	0	0	0	0	0	0	0	0	0	0	0	0	0	0	0	0	0	0	
1	1	1	998	29.94		300	0	0	0.0499	-0.022614	-0.022614	0	0	0	174.912	-1.48198e-07	-1.48198e-07	0	0	0	6.13149	3.08169	0	3.0498		300	0.572567	0.03443	-0.017215	-0.017215	0	0	0	0.572567	0	-0.355028	-111.796	0	20.391	20.391	-1.5099e-14	5.32541	0	0	0	0	0	0	0	0	0	0	0	0	0	0	0	0	0	0	0	0	0	0	0	0	0	0	0	0	0	0	0	0	0	
1	1	1	999	29.97		300	0	0	0.04995	-0.022638	-0.022638	0	0	0	174.99	-1.48201e-07	-1.48201e-07	0	0	0	6.14024	3.08671	0	3.05353		300	0.573268	0.0344731	-0.0172365	-0.0172365	0	0	0	0.573268	0	-0.355028	-111.796	0	20.391	20.391	-1.5099e-14	5.32541	0	0	0	0	0	0	0	0	0	0	0	0	0	0	0	0	0	0	0	0	0	0	0	0	0	0	0	0	0	0	0	0	0	
1	1	1	1000	30		300	0	0	0.05	-0.0226619	-0.0226619	0	0	0	175.068	-1.48204e-07	-1.48204e-07	0	0	0	6.14899	3.09173	0	3.05726		300	0.573968	0.0345161	-0.0172581	-0.0172581	0	0	0	0.573968	0	-0.355028	-111.796	0	20.391	20.391	-1.5099e-14	5.32541	0	0	0	0	0	0	0	0	0	0	0	0	0	0	0	0	0	0	0	0	0	0	0	0	0	0	0	0	0	0	0	0	0	
